food_group,REFUSE,food_number,food_name,food_name_en,WATER,PROT-,FAT-,FIB-,ASH,ENERC_KCAL,ME_KCAL_100G,CA,P,NA,K,MG,FE,ZN,CU,MN,ID,ID_estimated,SE,CR,MO,usda_selenium_ug,RETOL,VITD,TOCPHA,THIA,RIBF,NIA,VITB6A,VITB12,FOL,PANTAC,VITK,BIOT,usda_choline_mg,usda_vitamin_k_ug,usda_vitamin_c_mg,ILE,LEU,LYS,MET,CYS,AAS,PHE,TYR,AAA,THR,TRP,VAL,HIS,ARG,FACID,FAPU,FAPUN3,FAPUN6,F18D2N6,F18D3N3,F20D5N3,F22D6N3,F20D4N6,score,usda_fdc_id
01,0,01001,アマランサス　玄穀,"Amaranth grain, raw",13.5,12.7,6.0,7.4,2.9,343,296.7,160,540,1,600,270,9.4,5.8,0.92,6.14,1,,13,7,59,18.7,(0),(0),1.3,0.04,0.14,1.0,0.58,(0),130,1.69,(0),16.0,69.8,0,4.2,(550),(820),(700),(210),(180),(390),(510),(310),(820),(520),(170),(640),(360),(990),4.75,2.10,0.04,2.06,2000,36,0,0,0,8,170682
01,0,01002,あわ　精白粒,"Foxtail millet, polished",13.3,11.2,4.4,3.3,1.4,346,309,14,280,1,300,110,4.8,2.5,0.49,0.88,0,,2,1,22,2.7,(0),(0),0.6,0.56,0.07,2.9,0.18,(0),29,1.83,(0),14.0,,0.9,0,480,1500,220,380,220,600,630,360,990,470,210,600,270,360,3.94,2.75,0.12,2.63,2600,120,0,0,0,8,169702
01,0,01003,あわ　あわもち,Foxtail millet cake,48.0,5.1,1.3,1.5,0.3,210,182.2,5,39,0,62,12,0.7,1.1,0.20,0.46,0,,1,0,40,0.9,0,0,0.1,0.08,0.01,0.3,0.03,0,7,0.61,0,3.4,11.2,0.3,0,(210),(600),(130),(160),(110),(260),(280),(170),(460),(190),(88),(280),(130),(250),(1.14),(0.73),(0.03),(0.70),(700),(31),(0),(0),(0),5,168871
01,0,01004,えんばく　オートミール,Oatmeal,10.0,13.7,5.7,9.4,1.5,350,305.35,47,370,3,260,100,3.9,2.1,0.28,-,0,,18,0,110,28.9,(0),(0),0.6,0.20,0.08,1.1,0.11,(0),30,1.29,(0),22.0,40.4,2,0,590,1100,620,270,500,770,760,490,1300,500,200,800,350,910,(4.90),(2.09),(0.09),(2.00),(2000),(92),-,-,-,9,173904
01,0,01005,おおむぎ　七分つき押麦,"Barley, semi-pearled, rolled",14.0,10.9,2.1,10.3,0.9,343,272.3,23,180,2,220,46,1.3,1.4,0.32,0.85,-,,-,-,-,37.7,(0),(0),0.2,0.22,0.07,3.2,0.14,(0),17,0.43,(0),-,37.8,2.2,0,(410),(830),(390),(190),(300),(490),(610),(370),(980),(430),(160),(580),(260),(510),1.69,0.91,0.05,0.86,860,54,-,-,-,8,170284
01,0,01006,おおむぎ　押麦　乾,"Barley, rolled, dry",12.7,6.7,1.5,12.2,0.7,329,267.9,21,160,2,210,40,1.1,1.1,0.22,0.86,0,,1,0,11,37.7,(0),(0),0.1,0.11,0.03,3.4,0.13,(0),10,0.40,(0),2.7,37.8,2.2,0,250,500,240,120,180,300,370,230,600,260,97,350,160,310,1.18,0.62,0.03,0.59,590,33,0,0,0,9,170284
01,0,01170,おおむぎ　押麦　めし,"Barley, rolled, cooked",68.6,2.2,0.5,4.2,0.2,118,97,6,46,Tr,38,10,0.4,0.4,0.08,0.24,(0),,Tr,(0),3,8.6,(0),(0),Tr,0.02,Tr,0.8,0.03,(0),3,0.13,(0),0.8,13.4,0.8,0,86,170,81,40,55,95,130,80,210,89,33,120,55,110,0.38,0.20,0.01,0.19,190,10,0,0,0,8,170285
01,0,01007,おおむぎ　米粒麦,"Barley, pearled",14.0,7.0,2.1,8.7,0.7,333,278.6,17,140,2,170,25,1.2,1.2,0.37,-,Tr,,1,Tr,9,37.7,(0),(0),0.1,0.19,0.05,2.3,0.19,(0),10,0.64,(0),3.5,37.8,2.2,0,(270),(530),(250),(120),(190),(320),(390),(240),(630),(280),(100),(370),(170),(330),(1.69),(0.91),(0.05),(0.86),(860),(54),-,-,-,9,170284
01,0,01008,おおむぎ　大麦めん　乾,"Barley noodles, dry",14.0,12.9,1.7,6.3,3.4,343,275.55,27,200,1100,240,63,2.1,1.5,0.33,0.90,-,,-,-,-,,(0),(0),Tr,0.21,0.04,3.5,0.09,(0),19,0.64,(0),-,,,0,(480),(950),(360),(230),(340),(570),(690),(420),(1100),(440),(170),(620),(310),(560),(1.35),(0.78),(0.04),(0.74),(740),(41),(0),(0),(0),8,168906
01,0,01009,おおむぎ　大麦めん　ゆで,"Barley noodles, cooked",70.0,4.8,0.6,2.5,0.3,121,98.2,12,61,64,10,18,0.9,0.6,0.13,0.27,-,,-,-,-,8.6,(0),(0),Tr,0.04,0.01,1.0,0.01,(0),5,0.26,(0),-,13.4,0.8,0,(180),(350),(130),(84),(130),(210),(260),(160),(410),(170),(62),(230),(120),(210),(0.48),(0.27),(0.01),(0.26),(260),(14),(0),(0),(0),8,170285
01,0,01010,おおむぎ　麦こがし,"Barley flour, roasted",3.5,12.5,5.0,15.5,1.9,368,301.85,43,340,2,490,130,3.1,3.8,0.41,1.81,-,,-,-,-,37.7,(0),(0),0.5,0.09,0.10,7.6,0.09,(0),24,0.28,(0),-,,2.2,0.6,(480),(950),(450),(220),(340),(560),(700),(430),(1100),(490),(180),(660),(300),(580),(4.03),(2.17),(0.13),(2.04),(2000),(130),-,-,-,8,169740
01,0,01167,キヌア　玄穀,"Quinoa, raw",12.2,13.4,3.2,6.2,2.2,344,293.9,46,410,35,580,180,4.3,2.8,0.47,2.45,2,,3,3,23,8.5,0,(0),2.6,0.45,0.24,1.2,0.39,Tr,190,0.95,Tr,23.0,70.2,0,,480,810,720,260,210,470,510,380,880,500,170,590,380,1100,2.63,1.52,0.19,1.34,1300,190,0,0,0,8,168874
01,0,01011,きび　精白粒,"Proso millet, polished",13.8,11.3,3.3,1.6,0.7,353,310.15,9,160,2,200,84,2.1,2.7,0.38,-,0,,2,1,16,2.9,(0),(0),Tr,0.34,0.09,3.7,0.20,(0),13,0.95,(0),7.9,23.1,1.4,0,470,1400,160,360,200,560,640,430,1100,380,150,570,260,350,2.77,1.78,0.04,1.74,1700,39,0,0,0,8,167724
01,0,01012,こむぎ　［玄穀］　国産　普通,"Wheat, whole grain, domestic",12.5,10.8,3.1,14.0,1.6,329,267.15,26,350,2,440,82,3.2,2.6,0.38,3.90,1,,3,1,29,,(0),(0),1.2,0.41,0.09,6.3,0.35,(0),38,1.03,(0),7.5,,1.9,0,390,760,320,180,270,450,530,330,860,360,160,510,290,550,2.42,1.52,0.10,1.42,1400,100,0,0,0,8,169719
01,0,01013,こむぎ　［玄穀］　輸入　軟質,"Wheat, whole grain, imported, soft",10.0,10.1,3.3,11.2,1.4,344,287.4,36,290,2,390,110,2.9,1.7,0.32,3.79,0,,5,1,19,12.7,(0),(0),1.2,0.49,0.09,5.0,0.34,(0),40,1.07,(0),9.6,31.2,1.9,0,,,,,,,,,,,,,,,2.61,1.63,0.11,1.53,1500,110,0,0,0,7,168944
01,0,01014,こむぎ　［玄穀］　輸入　硬質,"Wheat, whole grain, imported, hard",13.0,13.0,3.0,11.4,1.6,332,274,26,320,2,340,140,3.2,3.1,0.43,4.09,0,,54,1,47,,(0),(0),1.2,0.35,0.09,5.8,0.34,(0),49,1.29,(0),11.0,,1.9,0,,,,,,,,,,,,,,,2.37,1.49,0.10,1.39,1400,98,0,0,0,8,169719
01,0,01015,こむぎ　［小麦粉］　薄力粉　1等,"Wheat flour, cake flour, first grade",14.0,8.3,1.5,2.5,0.4,349,298.35,20,60,Tr,110,12,0.5,0.3,0.08,0.43,Tr,,4,2,12,33.9,0,0,0.3,0.11,0.03,0.6,0.03,0,9,0.53,(0),1.2,10.4,0.3,0,320,610,190,150,240,390,450,270,710,260,110,380,200,320,1.23,0.75,0.04,0.72,720,38,0,0,0,8,169761
01,0,01016,こむぎ　［小麦粉］　薄力粉　2等,"Wheat flour, cake flour, second grade",14.0,9.3,1.9,2.6,0.5,345,299.65,23,77,Tr,130,30,0.9,0.7,0.18,0.77,0,,3,2,14,11.4,0,0,1.0,0.21,0.04,1.0,0.09,0,14,0.62,(0),2.5,10.4,0.3,0,340,650,220,160,240,400,480,280,760,280,110,410,220,370,(1.56),(0.96),(0.05),(0.91),(910),(49),(0),(0),(0),8,172017
01,0,01018,こむぎ　［小麦粉］　中力粉　1等,"Wheat flour, all-purpose flour, first grade",14.0,9.0,1.6,2.8,0.4,337,297.8,17,64,1,100,18,0.5,0.5,0.11,0.43,0,,7,Tr,9,33.9,0,0,0.3,0.10,0.03,0.6,0.05,0,8,0.47,(0),1.5,10.4,0.3,0,340,650,190,160,240,400,470,290,760,280,110,400,210,340,1.29,0.80,0.04,0.75,750,41,0,0,0,8,169761
01,0,01019,こむぎ　［小麦粉］　中力粉　2等,"Wheat flour, all-purpose flour, second grade",14.0,9.7,1.8,2.1,0.5,346,300.9,24,80,1,110,26,1.1,0.6,0.14,0.77,0,,7,2,10,33.9,0,0,0.8,0.22,0.04,1.2,0.07,0,12,0.66,(0),2.6,10.4,0.3,0,360,700,220,170,250,420,500,310,810,300,110,430,230,400,(1.48),(0.91),(0.05),(0.86),(860),(46),(0),(0),(0),8,169761
01,0,01020,こむぎ　［小麦粉］　強力粉　1等,"Wheat flour, bread flour, first grade",14.5,11.8,1.5,2.7,0.4,337,295.9,17,64,Tr,89,23,0.9,0.8,0.15,0.32,0,,39,1,26,39.7,0,0,0.3,0.09,0.04,0.8,0.06,0,16,0.77,(0),1.7,10.4,0.3,0,440,850,240,200,300,500,650,370,1000,350,140,520,280,430,1.26,0.77,0.04,0.73,730,39,0,0,0,7,168913
01,0,01021,こむぎ　［小麦粉］　強力粉　2等,"Wheat flour, bread flour, second grade",14.5,12.6,1.7,2.1,0.5,343,298.65,21,86,Tr,86,36,1.0,1.0,0.19,0.58,0,,49,1,30,39.7,0,0,0.5,0.13,0.04,1.1,0.08,0,18,0.93,(0),2.6,10.4,0.3,0,480,920,260,210,310,530,690,410,1100,390,150,560,300,480,(1.42),(0.87),(0.04),(0.83),(830),(44),(0),(0),(0),8,168913
01,0,01023,こむぎ　［小麦粉］　強力粉　全粒粉,"Wheat flour, whole wheat flour",14.5,12.8,2.9,11.2,1.6,320,268.95,26,310,2,330,140,3.1,3.0,0.42,4.02,0,,47,3,44,12.7,(0),(0),1.0,0.34,0.09,5.7,0.33,(0),48,1.27,(0),11.0,31.2,1.9,0,(430),(870),(350),(220),(270),(490),(660),(270),(930),(360),(170),(550),(350),(630),(2.29),(1.44),(0.09),(1.34),(1300),(94),(0),(0),(0),7,168944
01,0,01146,こむぎ　［小麦粉］　プレミックス粉　お好み焼き用,"Wheat flour, premix, okonomiyaki",9.8,10.1,1.9,2.8,3.9,335,301.75,64,320,1400,210,31,1.0,0.7,0.13,0.92,1400,,8,3,15,25.1,0,0.1,0.6,0.21,0.03,1.5,0.07,0.1,17,0.41,1,2.4,,,0,360,680,230,140,210,350,480,300,790,300,110,420,240,390,1.68,0.93,0.07,0.86,860,66,2,7,1,5,172775
01,0,01024,こむぎ　［小麦粉］　プレミックス粉　ホットケーキ用,"Wheat flour, premix, pancake",11.1,7.8,4.0,1.8,2.1,360,317.5,100,170,390,230,12,0.5,0.3,0.07,-,0,,3,5,11,13.5,9,0.1,0.5,0.10,0.08,0.5,0.04,0.1,10,0.48,1,1.5,19.2,,0.2,(320),(610),(260),(160),(200),(360),(410),(270),(690),(270),(100),(390),(190),(320),(3.47),(0.86),(0.04),(0.82),(800),(39),(0),(3),(14),6,175006
01,0,01147,こむぎ　［小麦粉］　プレミックス粉　から揚げ用,"Wheat flour, premix, karaage",8.3,10.2,1.2,2.6,10.3,311,281.8,110,130,3800,280,39,1.2,0.7,0.10,0.96,1,,6,6,23,,0,0,0.3,0.15,0.07,1.3,0.12,Tr,26,0.33,2,4.3,11.1,1.1,0,340,650,300,120,180,290,430,260,690,310,92,410,190,420,0.96,0.47,0.03,0.44,440,26,0,0,0,5,169724
01,0,01025,こむぎ　［小麦粉］　プレミックス粉　天ぷら用,"Wheat flour, premix, tempura",12.4,8.8,1.3,2.5,1.2,337,300.15,140,120,210,160,19,0.6,0.5,0.12,0.62,1,,3,2,10,,Tr,0,0.3,0.12,0.99,0.9,0.06,0,12,0.35,0,1.3,11.1,1.1,0,350,660,210,160,240,400,480,270,750,280,110,420,220,350,1.04,0.58,0.03,0.55,550,29,0,0,1,6,169724
01,0,01171,こむぎ　［小麦粉］　プレミックス粉　天ぷら用　バッター,"Wheat flour, premix, tempura batter",65.5,3.3,0.5,1.9,0.4,132,115.2,84,51,64,67,6,0.2,0.1,0.04,0.20,1,,1,1,3,,0,(0),0.1,0.04,0.16,0.4,0.02,(0),3,0.19,(0),0.5,11.1,1.1,0,(130),(240),(78),(57),(88),(140),(170),(98),(270),(95),(39),(150),(80),(130),(0.42),(0.24),(0.01),(0.22),(220),(12),(0),(0),(1),5,169724
01,0,01172,こむぎ　［小麦粉］　プレミックス粉　天ぷら用　バッター　揚げ,"Wheat flour, premix, tempura batter, fried",10.2,4.3,47.7,3.3,0.6,588,539.15,100,63,79,93,8,0.3,0.1,0.04,0.26,0,,1,2,4,2.4,0,-,7.6,0.05,0.14,0.5,0.03,(0),4,0.21,81,0.7,,,4.6,(170),(320),(100),(75),(120),(190),(230),(130),(360),(130),(51),(200),(110),(170),,,,,,,,,,5,170414
01,0,01026,こむぎ　［パン類］　角形食パン　食パン,"White bread, square loaf",39.2,8.9,4.1,4.2,1.4,248,213.7,22,67,470,86,18,0.5,0.5,0.09,0.25,1,,22,1,15,31,0,0,0.4,0.07,0.05,1.1,0.03,Tr,30,0.42,0,2.3,16,3.4,0,310,590,170,120,190,310,440,270,710,240,90,360,200,290,3.57,0.82,0.05,0.77,770,51,0,0,Tr,7,174925
01,0,01174,こむぎ　［パン類］　角形食パン　焼き,"White bread, square loaf, baked",33.6,9.7,4.5,4.6,1.6,269,233.2,26,77,520,93,20,0.5,0.6,0.10,0.28,1,,25,1,17,31,-,-,0.4,0.07,0.05,1.2,0.03,-,30,0.45,-,2.2,16,3.4,0,350,670,180,130,210,340,490,300,800,280,100,400,220,320,3.85,0.90,0.06,0.84,840,54,0,0,Tr,7,174925
01,45,01175,こむぎ　［パン類］　角形食パン　耳を除いたもの,"White bread, square loaf, without crust",44.2,8.2,3.7,3.8,1.3,226,195.95,20,61,440,78,16,0.4,0.4,0.08,0.23,1,,20,1,12,22.6,-,-,0.3,0.06,0.05,1.1,0.04,-,17,0.30,-,2.2,14.6,3.1,0,300,550,170,110,180,290,400,260,670,240,85,330,180,280,3.23,0.74,0.05,0.69,690,44,0,0,Tr,6,172818
01,55,01176,こむぎ　［パン類］　角形食パン　耳,"White bread, square loaf, crust",(33.5),(9.7),(4.5),(4.7),(1.5),273,350,(23),(73),(510),(92),(18),(0.5),(0.6),(0.10),(0.27),(1),,(22),(1),(14),31,-,-,(0.4),(0.06),(0.06),(1.1),(0.05),-,(27),(0.37),-,(2.2),16,3.4,0,,,,,,,,,,,,,,,,,,,,,,,,6,174925
01,0,01206,こむぎ　［パン類］　食パン　リーンタイプ,"White bread, lean type",(39.2),(8.0),(3.7),(2.0),(1.6),246,350,(12),(46),(520),(67),(16),(0.6),(0.6),(0.10),(0.21),0,,(25),(1),(17),,0,(0.3),(0.4),(0.10),(0.05),(0.6),(0.04),0,(28),(0.54),0,(2.5),,,0,,,,,,,,,,,,,,,,,,,,,,,,6,172816
01,0,01207,こむぎ　［パン類］　食パン　リッチタイプ,"White bread, rich type",(39.2),(7.8),(6.0),(1.7),(1.5),256,350,25,62,400,88,15,0.6,0.7,0.09,0.18,3,,23,1,15,27.1,54,0.3,0.3,0.09,0.09,0.8,0.05,0.1,42,0.58,2,4.1,14.6,0.2,0,,,,,,,,,,,,,,,,,,,,,,,,6,174915
01,0,01205,こむぎ　［パン類］　山形食パン　食パン,"White bread, mountain-shaped loaf",(39.2),(7.8),(3.5),(1.8),(1.6),246,350,(18),(51),(490),(76),(16),(0.6),(0.6),(0.10),(0.21),(1),,(24),(1),(16),23.1,0,(Tr),(0.4),(0.08),(0.06),(0.8),(0.05),(Tr),(34),(0.54),0,(2.4),,,0,,,,,,,,,,,,,,,,,,,,,,,,6,174926
01,0,01028,こむぎ　［パン類］　コッペパン,Koppepan (Japanese bread roll),30.6,9.2,3.8,3.9,1.7,273,242.3,22,74,410,91,22,0.5,0.7,0.11,0.35,2,,19,1,14,38.8,(0),(0),0.6,0.08,0.07,1.2,0.05,0.1,36,0.47,2,3.3,14.3,10.9,0.2,340,650,200,140,190,330,460,280,740,290,95,400,210,300,(3.39),(0.75),(0.04),(0.71),(710),(35),(0),(0),(0),6,174078
01,0,01213,こむぎ　［パン類］　バンズ,Buns,32.9,10.4,4.8,4.2,1.4,274,239.25,29,85,470,97,21,0.6,0.7,0.11,0.34,1,,30,2,18,31.3,-,-,0.7,0.11,0.06,1.6,0.05,-,27,0.43,-,3.2,9.7,1.8,0,370,700,190,140,220,360,520,310,830,300,110,430,230,340,4.22,0.88,0.05,0.83,830,52,0,0,0,6,171856
01,0,01030,こむぎ　［パン類］　乾パン,Hardtack,5.5,9.5,4.4,3.1,1.8,386,335.6,30,95,490,160,27,1.2,0.6,0.18,0.82,-,,-,-,-,31.3,(0),(0),1.1,0.14,0.06,0.9,0.06,(0),20,0.41,(Tr),-,9.7,1.8,0,(370),(700),(240),(170),(240),(410),(510),(310),(810),(300),(120),(440),(230),(360),(3.86),(1.15),(0.06),(1.09),(1100),(56),(0),(0),(0),7,171856
01,0,01031,こむぎ　［パン類］　フランスパン,French bread,30.0,9.4,1.3,2.7,1.8,289,235.75,16,72,620,110,22,0.9,0.8,0.14,0.39,Tr,,29,1,20,,(0),(0),0.1,0.08,0.05,1.1,0.04,(0),33,0.45,(0),1.9,,,0,360,680,180,140,230,370,500,310,810,290,110,410,220,340,(1.07),(0.63),(0.03),(0.60),(600),(32),(0),(0),(0),8,173261
01,0,01032,こむぎ　［パン類］　ライ麦パン,Rye bread,35.0,8.4,2.2,5.6,1.7,252,212.95,16,130,470,190,40,1.4,1.3,0.18,0.87,-,,-,-,-,30.9,(0),Tr,0.3,0.16,0.06,1.3,0.09,(0),34,0.46,(0),-,14.6,1.2,0.4,280,520,220,110,180,290,380,230,620,290,83,380,190,330,(1.91),(0.44),(0.03),(0.41),(410),(30),(0),(0),(0),6,172684
01,0,01208,こむぎ　［パン類］　全粒粉パン,Whole wheat bread,39.2,7.9,5.7,4.5,1.7,251,219.6,14,120,410,140,51,1.3,0.4,0.18,1.35,0,,27,1,22,30,0,Tr,0.8,0.17,0.07,2.4,0.13,0,49,0.67,0,5.4,14.9,1.1,0,,,,,,,,,,,,,,,,,,,,,,,,6,171850
01,0,01033,こむぎ　［パン類］　ぶどうパン,Raisin bread,35.7,8.2,3.5,2.2,1.5,263,229.6,32,86,400,210,23,0.9,0.6,0.15,0.32,-,,-,-,-,,Tr,Tr,0.4,0.11,0.05,1.2,0.07,(Tr),33,0.42,(Tr),-,,,0.1,(300),(580),(210),(140),(190),(320),(420),(250),(670),(250),(96),(360),(190),(290),(3.12),(0.58),(0.03),(0.56),(550),(26),(0),(0),(0),1,172817
01,0,01034,こむぎ　［パン類］　ロールパン,Roll bread,30.7,10.1,9.0,2.0,1.6,309,274.95,44,97,490,110,22,0.7,0.8,0.12,0.29,-,,-,-,-,11.9,(0),0.1,0.5,0.10,0.06,1.3,0.03,(Tr),38,0.61,(Tr),-,,,0.2,370,690,210,150,220,360,500,310,810,300,110,430,230,340,8.15,1.26,0.12,1.14,1100,120,0,0,7,6,175033
01,0,01209,こむぎ　［パン類］　クロワッサン　レギュラータイプ,"Croissant, regular type",(20.0),(6.5),(20.4),(1.9),(1.6),406,350,(27),(65),(530),(110),(14),(0.4),(0.5),(0.08),(0.26),(3),,(5),(Tr),(6),22.7,(34),(1.4),(2.6),(0.11),(0.09),(0.9),(0.05),(0.1),(46),(0.42),(7),(3.9),38.8,1.8,0.2,,,,,,,,,,,,,,,,,,,,,,,,5,174987
01,0,01035,こむぎ　［パン類］　クロワッサン　リッチタイプ,"Croissant, rich type",20.0,7.9,26.8,1.8,1.4,438,402.8,21,67,470,90,17,0.6,0.6,0.10,0.29,-,,-,-,-,22.7,(0),0.1,1.9,0.08,0.03,1.0,0.03,(Tr),33,0.44,(Tr),-,38.8,1.8,0.2,(300),(570),(190),(140),(190),(330),(430),(250),(680),(250),(93),(360),(190),(290),(24.26),(3.15),(0.22),(2.93),(2900),(220),(0),(0),(0),5,174987
01,0,01210,こむぎ　［パン類］　くるみパン,Walnut bread,(39.2),(8.2),(12.6),(2.4),(1.3),292,350,(35),(88),(310),(150),(33),(0.8),(0.9),(0.23),(0.61),(2),,(18),(1),(12),,(15),(0.1),(0.4),(0.11),(0.09),(0.8),(0.11),(Tr),(45),(0.55),(2),(2.9),,,0,,,,,,,,,,,,,,,,,,,,,,,,1,170593
01,0,01036,こむぎ　［パン類］　イングリッシュマフィン,English muffin,46.0,8.1,3.6,1.2,1.5,224,197.55,53,96,480,84,19,0.9,0.8,0.12,0.28,-,,-,-,-,17.3,(0),(0),0.3,0.15,0.08,1.2,0.05,(0),23,0.32,(Tr),-,6.5,2.3,0,(310),(580),(190),(140),(200),(340),(440),(260),(690),(250),(96),(360),(190),(300),(3.09),(1.19),(0.06),(1.13),(1100),(59),(0),(0),(0),6,174093
01,0,01037,こむぎ　［パン類］　ナン,Naan,37.2,10.3,3.4,2.0,1.5,257,224.55,11,77,530,97,22,0.8,0.7,0.11,0.30,-,,-,-,-,11.4,(0),(0),0.6,0.13,0.06,1.3,0.05,(0),36,0.55,(0),-,10.1,3.3,0,(390),(750),(260),(190),(270),(460),(530),(340),(870),(320),(130),(470),(240),(400),2.98,1.00,0.19,0.81,810,190,0,0,0,8,174077
01,0,01148,こむぎ　［パン類］　ベーグル,Bagel,32.3,9.6,2.0,2.5,1.4,270,233.3,24,81,460,97,24,1.3,0.7,0.11,0.45,-,,-,-,-,30.6,-,-,0.2,0.19,0.08,2.0,0.06,-,47,0.28,-,-,,,0.6,350,650,170,130,210,340,480,290,780,280,100,400,220,330,1.82,0.63,0.04,0.59,590,40,0,0,0,6,174901
01,0,01038,こむぎ　［うどん・そうめん類］　うどん　生,"Udon noodles, raw",33.5,6.1,0.6,3.6,3.0,249,212.65,18,49,1000,90,13,0.3,0.3,0.08,0.39,2,,6,2,7,8.3,(0),(0),0.2,0.09,0.03,0.6,0.03,(0),5,0.36,-,0.8,,,0,220,410,120,83,140,220,300,170,480,170,65,250,130,210,(0.50),(0.31),(0.02),(0.29),(290),(16),(0),(0),(0),6,168908
01,0,01039,こむぎ　［うどん・そうめん類］　うどん　ゆで,"Udon noodles, cooked",75.0,2.6,0.4,1.3,0.4,95,83.55,6,18,120,9,6,0.2,0.1,0.04,0.12,Tr,,2,1,2,4.5,(0),(0),0.1,0.02,0.01,0.2,0.01,(0),2,0.13,-,0.3,1.6,0,0,94,180,51,40,53,93,130,82,210,73,27,110,57,93,(0.33),(0.20),(0.01),(0.19),(190),(10),(0),(0),(0),8,168914
01,0,01186,こむぎ　［うどん・そうめん類］　うどん　半生うどん,"Udon noodles, semi-dried",23.8,(7.8),(3.4),4.1,(2.5),296,252.35,(22),(64),(1200),(98),(15),(0.6),(0.3),(0.09),(0.45),(2),,(6),(2),(8),8.3,0,(0),(0.2),(0.10),(0.03),(0.7),(0.03),(0),(6),(0.41),-,(0.9),,,0,(280),(530),(150),(110),(170),(280),(390),(220),(610),(220),(83),(320),(170),(270),(2.80),(1.71),(0.09),(1.63),(1600),(85),(0),(0),(0),7,168908
01,0,01041,こむぎ　［うどん・そうめん類］　干しうどん　乾,"Udon noodles, dried",13.5,8.5,1.1,2.4,5.0,333,282.35,17,70,1700,130,19,0.6,0.4,0.11,0.50,0,,10,1,12,8.3,(0),(0),0.3,0.08,0.02,0.9,0.04,(0),9,0.45,(0),1.3,,,0,320,630,180,130,210,340,460,280,730,270,99,380,200,320,(0.91),(0.56),(0.03),(0.53),(530),(29),(0),(0),(0),7,168908
01,0,01042,こむぎ　［うどん・そうめん類］　干しうどん　ゆで,"Udon noodles, dried, cooked",70.0,3.1,0.5,0.7,0.6,117,102.95,7,24,210,14,4,0.2,0.1,0.04,0.14,-,,-,-,-,,(0),(0),0.1,0.02,0.01,0.2,0.01,(0),2,0.14,(0),-,,,0,(120),(230),(66),(48),(75),(120),(170),(100),(270),(99),(36),(140),(74),(120),(0.41),(0.25),(0.01),(0.24),(240),(13),(0),(0),(0),7,168909
01,0,01043,こむぎ　［うどん・そうめん類］　そうめん・ひやむぎ　乾,"Somen or hiyamugi noodles, dried",12.5,9.5,1.1,2.5,4.2,333,288.3,17,70,1500,120,22,0.6,0.4,0.12,0.44,0,,16,1,14,8.3,(0),(0),0.3,0.08,0.02,0.9,0.03,(0),8,0.70,(0),1.3,,,0,370,700,190,150,230,370,510,320,830,290,110,430,230,360,(0.91),(0.56),(0.03),(0.53),(530),(29),(0),(0),(0),8,168908
01,0,01044,こむぎ　［うどん・そうめん類］　そうめん・ひやむぎ　ゆで,"Somen or hiyamugi noodles, cooked",70.0,3.5,0.4,0.9,0.3,114,102.8,6,24,85,5,5,0.2,0.2,0.05,0.12,0,,6,1,3,,(0),(0),0.1,0.02,0.01,0.2,Tr,(0),2,0.25,(0),0.4,,,0,140,270,72,60,73,130,190,130,320,110,41,160,87,140,(0.33),(0.20),(0.01),(0.19),(190),(10),(0),(0),(0),7,168909
01,0,01045,こむぎ　［うどん・そうめん類］　手延そうめん・手延ひやむぎ　乾,"Hand-stretched somen or hiyamugi noodles, dried",14.0,9.3,1.5,1.8,6.3,312,280.15,20,70,2300,110,23,0.6,0.4,0.14,0.43,1,,22,1,16,8.3,(0),(0),0.1,0.06,0.02,0.9,0.03,(0),10,0.52,(0),1.1,,,0,350,690,200,130,220,350,490,300,800,290,110,410,220,360,1.36,0.75,0.03,0.73,730,26,0,0,0,7,168908
01,0,01046,こむぎ　［うどん・そうめん類］　手延そうめん・手延ひやむぎ　ゆで,"Hand-stretched somen or hiyamugi noodles, cooked",70.0,3.5,0.6,1.0,0.4,119,103.1,6,23,130,5,4,0.2,0.1,0.05,0.12,-,,-,-,-,,(0),(0),Tr,0.03,0.01,0.2,0,(0),2,0.16,(0),-,,,0,(130),(260),(75),(50),(83),(130),(190),(110),(300),(110),(41),(150),(83),(140),(0.54),(0.30),(0.01),(0.29),(290),(10),(0),(0),(0),7,168909
01,0,01047,こむぎ　［中華めん類］　中華めん　生,"Chinese noodles, raw",33.0,8.6,1.2,5.4,1.5,249,216.35,21,66,410,350,13,0.5,0.4,0.09,0.35,Tr,,33,1,20,15.1,(0),(0),0.2,0.02,0.02,0.6,0.02,(0),8,0.55,-,1.0,5.5,0,0,350,670,200,140,190,340,500,330,830,280,100,420,220,350,(0.99),(0.61),(0.03),(0.58),(580),(31),(0),(0),(0),7,169742
01,0,01048,こむぎ　［中華めん類］　中華めん　ゆで,"Chinese noodles, cooked",65.0,4.9,0.6,2.8,0.3,133,114.65,20,29,70,60,7,0.3,0.2,0.05,0.18,0,,17,Tr,5,4.5,(0),(0),0.1,0.01,0.01,0.2,0,Tr,3,0.25,-,0.5,1.6,0,0,(200),(380),(110),(81),(110),(190),(290),(190),(470),(160),(58),(240),(120),(200),(0.50),(0.31),(0.02),(0.29),(290),(16),(0),(0),(0),6,168914
01,0,01187,こむぎ　［中華めん類］　半生中華めん　,"Chinese noodles, semi-dried",23.7,(9.9),(4.0),6.2,(1.3),305,245.35,(21),(72),(470),(430),(15),(0.7),(0.4),(0.10),(0.40),(1),,(35),(1),(23),15.1,0,(0),(Tr),(0.07),(0.03),(0.7),(0.02),(0),(9),(0.63),-,(1.3),5.5,0,0,(410),(770),(230),(160),(220),(390),(580),(380),(960),(320),(120),(480),(250),(400),(3.36),(2.07),(0.10),(1.97),(2000),(97),(0),(0),(0),6,169742
01,0,01049,こむぎ　［中華めん類］　蒸し中華めん　蒸し中華めん,Steamed Chinese noodles,57.4,4.9,1.7,3.1,0.5,162,145,10,40,110,80,9,0.4,0.2,0.06,0.23,Tr,,9,1,6,11.7,(0),(0),0.1,0,0.16,0.3,0.02,(0),4,0.19,-,0.7,8.9,12.7,1.7,200,380,110,97,130,230,270,160,430,150,65,230,130,190,(1.39),(0.85),(0.04),(0.81),(810),(40),(0),(0),(0),6,167677
01,0,01188,こむぎ　［中華めん類］　蒸し中華めん  ソテー,"Steamed Chinese noodles, sauteed",50.4,5.2,4.9,3.6,0.6,211,183.4,10,43,130,87,10,0.4,0.2,0.06,0.25,0,,10,1,7,11.7,(0),(0),0.1,0,0,0.3,0.02,Tr,4,0.21,-,0.8,8.9,12.7,1.7,(220),(400),(110),(100),(140),(250),(290),(170),(460),(170),(70),(250),(140),(200),(4.07),(1.52),(0.27),(1.25),(1300),(270),(0),(0),(0),6,167677
01,0,01050,こむぎ　［中華めん類］　干し中華めん　乾,"Chinese noodles, dried",14.7,11.7,1.6,6.0,1.9,337,278.9,21,82,410,300,23,1.1,0.5,0.15,0.44,0,,24,1,18,15.1,(0),(0),0.2,0.02,0.03,0.8,0.05,(0),11,0.76,-,1.4,5.5,0,0,(480),(910),(270),(190),(260),(460),(680),(450),(1100),(380),(140),(570),(290),(470),(1.33),(0.82),(0.04),(0.78),(780),(38),(0),(0),(0),7,169742
01,0,01051,こむぎ　［中華めん類］　干し中華めん　ゆで,"Chinese noodles, dried, cooked",66.8,4.9,0.5,2.6,0.3,131,108.55,13,29,66,42,10,0.4,0.2,0.05,0.18,0,,9,Tr,4,15.1,(0),(0),Tr,0,0,0.1,0.01,Tr,3,0.25,-,0.5,5.5,0,0,(200),(380),(110),(80),(110),(190),(280),(190),(470),(160),(57),(240),(120),(200),(0.43),(0.26),(0.01),(0.25),(250),(12),(0),(0),(0),7,169742
01,0,01052,こむぎ　［中華めん類］　沖縄そば　生,"Okinawa soba, raw",32.3,9.2,2.0,2.1,2.3,266,231.55,11,65,810,340,50,0.7,1.1,0.18,0.69,-,,-,-,-,,(0),(0),0.3,0.02,0.04,0.8,0.11,(0),15,0.63,(0),-,,,0,(380),(720),(210),(150),(210),(360),(540),(350),(890),(300),(110),(450),(230),(370),(1.66),(1.02),(0.05),(0.97),(970),(52),(0),(0),(0),6,168906
01,0,01053,こむぎ　［中華めん類］　沖縄そば　ゆで,"Okinawa soba, cooked",65.5,5.2,0.8,1.5,0.5,132,117.75,9,28,170,80,28,0.4,0.6,0.10,0.37,-,,-,-,-,,(0),(0),0.2,0.01,0.02,0.2,0.03,(0),6,0.23,(0),-,,,0,(210),(410),(120),(86),(120),(200),(300),(200),(500),(170),(61),(250),(130),(210),(0.66),(0.41),(0.02),(0.39),(390),(21),(0),(0),(0),6,168907
01,0,01054,こむぎ　［中華めん類］　干し沖縄そば　乾,"Okinawa soba, dried",13.7,12.0,1.7,2.1,4.8,317,286.4,23,100,1700,130,22,1.5,0.4,0.11,0.38,-,,-,-,-,8.3,(0),(0),0.1,0.12,0.05,1.1,0.05,(0),8,0.49,(0),-,,,0,(490),(930),(280),(200),(270),(470),(700),(460),(1200),(390),(140),(590),(300),(480),(1.41),(0.86),(0.04),(0.82),(820),(44),(0),(0),(0),6,168908
01,0,01055,こむぎ　［中華めん類］　干し沖縄そば　ゆで,"Okinawa soba, dried, cooked",65.0,5.2,0.6,1.5,0.6,132,118.15,11,36,200,10,8,0.5,0.1,0.05,0.16,-,,-,-,-,,(0),(0),Tr,0.02,0.02,0.2,0.01,(0),3,0.18,(0),-,,,0,(210),(410),(120),(86),(120),(200),(300),(200),(500),(170),(61),(250),(130),(210),(0.50),(0.31),(0.02),(0.29),(290),(16),(0),(0),(0),6,168907
01,0,01056,こむぎ　［即席めん類］　即席中華めん　油揚げ味付け,"Instant Chinese noodles, fried, seasoned",2.0,10.1,16.7,2.5,7.7,424,390.8,430,110,2500,260,29,1.0,0.5,0.13,0.82,-,,-,-,-,28.5,0,0,3.1,1.46,1.67,1.0,0.06,0,12,0.41,1,-,9,5.3,0,330,620,170,130,200,330,450,270,710,270,92,400,210,330,15.58,2.25,0.06,2.19,2200,58,0,0,0,3,168905
01,0,01057,こむぎ　［即席めん類］　即席中華めん　油揚げ　乾　（添付調味料等を含むもの）,"Instant Chinese noodles, fried, dried (with seasoning)",3.0,10.1,19.1,2.4,6.4,439,404.2,230,110,2200,150,25,0.9,0.5,0.16,0.53,2,,16,7,16,32.1,0,0,2.2,0.55,0.83,0.9,0.05,Tr,10,0.44,3,1.8,8.1,6.3,0,,,,,,,,,,,,,,,17.81,2.20,0.09,2.11,2100,78,0,6,Tr,3,169735
01,0,01198,こむぎ　［即席めん類］　即席中華めん　油揚げ　調理後全体　（添付調味料等を含むもの）,"Instant Chinese noodles, fried, prepared (with seasoning)",(78.5),(2.3),(4.4),(0.5),(1.3),100,350,(28),(20),(430),(33),(6),(0.2),(0.1),(0.03),(0.12),(Tr),,(4),(2),(4),32.1,0,0,(0.5),(0.02),(0.13),(0.2),(0.01),0,(2),(0.10),(1),(0.4),8.1,6.3,0,,,,,,,,,,,,,,,(4.17),(0.51),(0.01),(0.49),(490),(14),(0),(0),(0),3,169735
01,0,01189,こむぎ　［即席めん類］　即席中華めん　油揚げ　ゆで　（添付調味料等を含まないもの）,"Instant Chinese noodles, fried, cooked (without seasoning)",59.8,3.9,7.7,2.6,0.7,189,167.65,95,40,150,34,8,0.2,0.2,0.05,0.17,1,,9,2,6,8.3,0,0,0.8,0.05,0.06,0.3,0.01,Tr,3,0.11,0,0.7,5.5,2.8,3.8,140,280,76,0,83,83,200,130,330,110,44,170,90,150,6.77,0.82,0.03,0.80,790,28,0,0,2,5,167668
01,0,01144,こむぎ　［即席めん類］　即席中華めん　油揚げ　乾　（添付調味料等を含まないもの）,"Instant Chinese noodles, fried, dried (without seasoning)",3.7,8.9,19.6,5.5,2.3,453,407.75,220,97,580,150,20,0.6,0.4,0.09,0.42,1,,24,5,18,32.1,0,0,2.2,0.16,0.19,1.1,0.05,Tr,9,0.26,1,1.6,8.1,6.3,0,340,650,180,140,220,350,470,280,750,260,100,390,210,330,17.81,2.16,0.07,2.09,2100,73,0,0,5,5,169735
01,0,01058,こむぎ　［即席めん類］　即席中華めん　非油揚げ　乾　（添付調味料等を含むもの）,"Instant Chinese noodles, non-fried, dried (with seasoning)",10.0,10.3,5.2,2.3,7.4,336,307.05,110,110,2700,260,25,0.8,0.4,0.11,0.66,13,,8,3,16,24.7,Tr,0,1.3,0.21,0.04,1.0,0.05,Tr,14,0.37,3,2.2,5.6,,0,,,,,,,,,,,,,,,4.67,1.55,0.10,1.45,1400,98,0,0,2,3,171615
01,0,01199,こむぎ　［即席めん類］　即席中華めん　非油揚げ　調理後全体　（添付調味料等を含むもの）,"Instant Chinese noodles, non-fried, prepared (with seasoning)",(76.2),(3.0),(0.8),(0.6),(1.2),93,350,(6),(26),(430),(68),(6),(0.2),(0.1),(0.03),(0.17),(4),,(2),(1),(4),3,0,0,(0.2),(0.01),(0.01),(0.2),(0.01),0,(4),(0.10),(1),(0.6),7,0.8,0.2,,,,,,,,,,,,,,,(0.72),(0.25),(0.01),(0.23),(230),(13),(0),(0),(0),3,172906
01,0,01190,こむぎ　［即席めん類］　即席中華めん　非油揚げ　ゆで　（添付調味料等を含まないもの）,"Instant Chinese noodles, non-fried, cooked (without seasoning)",63.9,3.4,0.8,2.7,0.9,139,117.75,94,46,230,64,8,0.2,0.2,0.04,0.17,1,,5,2,4,23.9,0,0,0.7,Tr,Tr,0.4,0.01,0,3,0.12,0,0.6,25.7,0,0,140,260,71,57,68,130,190,120,310,110,42,160,90,130,0.61,0.24,0.01,0.23,230,12,0,0,0,7,169762
01,0,01145,こむぎ　［即席めん類］　即席中華めん　非油揚げ　乾　（添付調味料等を含まないもの）,"Instant Chinese noodles, non-fried, dried (without seasoning)",10.7,8.5,1.9,6.5,3.7,334,286.35,230,130,1200,310,21,0.6,0.4,0.08,0.50,3,,14,6,15,15.1,0,0,1.7,0.01,0.01,1.1,0.05,Tr,8,0.34,Tr,1.5,5.5,0,0,330,630,180,130,200,320,460,280,730,260,100,380,210,320,1.47,0.60,0.03,0.57,570,33,0,0,0,6,169742
01,0,01193,こむぎ　［即席めん類］　中華スタイル即席カップめん　油揚げ　塩味　乾　（添付調味料等を含むもの）,"Instant cup noodles, Chinese style, fried, salt flavor, dried (with seasoning)",5.3,10.9,18.5,5.8,6.7,422,380.2,190,110,2300,190,25,0.7,0.5,0.09,0.41,5,,22,9,15,24.7,2,0.2,3.1,0.90,0.61,1.2,0.07,0.1,16,0.30,17,2.3,5.6,,0,360,680,300,150,200,340,460,300,760,320,100,420,230,440,16.95,2.12,0.07,2.05,2000,71,0,0,7,3,171615
01,0,01201,こむぎ　［即席めん類］　中華スタイル即席カップめん　油揚げ　塩味　調理後全体　（添付調味料等を含むもの）,"Instant cup noodles, Chinese style, fried, salt flavor, prepared (with seasoning)",(79.8),(2.5),(4.2),(1.3),(1.5),92,350,(43),(24),(520),(43),(6),(0.2),(0.1),(0.02),(0.09),(1),,(5),(2),(3),23.9,(Tr),(Tr),(0.7),(0.20),(0.14),(0.3),(0.02),(Tr),(4),(0.07),(4),(0.5),25.7,0,0,(82),(150),(68),(33),(44),(77),(100),(67),(170),(71),(23),(95),(52),(99),(3.82),(0.48),(0.02),(0.46),(460),(16),(0),(0),(1),3,168919
01,0,01194,こむぎ　［即席めん類］　中華スタイル即席カップめん　油揚げ　塩味　調理後のめん　（スープを残したもの）,"Instant cup noodles, Chinese style, fried, salt flavor, cooked noodles (soup discarded)",62.0,3.8,7.7,2.2,1.3,175,159.25,76,34,440,37,7,0.3,0.2,0.04,0.14,1,,9,3,5,,0,0,1.2,0.19,0.14,0.3,0.02,Tr,4,0.10,1,0.6,,,,130,250,69,53,67,120,180,110,290,110,38,150,83,130,6.92,0.83,0.02,0.81,800,24,0,0,1,3,171585
01,0,01191,こむぎ　［即席めん類］　中華スタイル即席カップめん　油揚げ　しょうゆ味　乾　（添付調味料等を含むもの）,"Instant cup noodles, Chinese style, fried, soy sauce flavor, dried (with seasoning)",9.7,10.0,19.1,6.1,6.6,417,367.1,200,110,2500,180,26,0.8,0.5,0.07,0.40,12,,19,7,17,24.7,1,0,2.7,0.61,0.52,1.2,0.06,0.1,14,0.20,10,2.4,5.6,,0,320,600,240,130,170,310,420,260,680,270,93,370,200,370,17.78,2.30,0.08,2.21,2200,83,0,0,11,3,171615
01,0,01200,こむぎ　［即席めん類］　中華スタイル即席カップめん　油揚げ　しょうゆ味　調理後全体　（添付調味料等を含むもの）,"Instant cup noodles, Chinese style, fried, soy sauce flavor, prepared (with seasoning)",(80.8),(2.3),(4.5),(1.4),(1.6),90,350,(46),(27),(590),(43),(6),(0.2),(0.1),(0.02),(0.09),(3),,(4),(2),(4),3,0,0,(0.6),(0.14),(0.12),(0.3),(0.01),(Tr),(3),(0.05),(2),(0.6),7,0.8,0.2,(75),(140),(58),(31),(41),(72),(98),(62),(160),(64),(22),(88),(46),(87),(4.18),(0.54),(0.02),(0.52),(520),(20),(0),(0),(3),3,172906
01,0,01192,こむぎ　［即席めん類］　中華スタイル即席カップめん　油揚げ　しょうゆ味　調理後のめん　（スープを残したもの）,"Instant cup noodles, Chinese style, fried, soy sauce flavor, cooked noodles (soup discarded)",69.1,3.0,5.8,1.9,1.4,142,125.6,74,28,450,33,6,0.2,0.1,0.04,0.13,3,,7,2,4,,0,0,0.9,0.15,0.14,0.3,0.01,Tr,3,0.07,1,0.6,,,,100,190,56,41,50,91,140,91,230,81,31,120,64,110,5.35,0.66,0.02,0.64,630,20,0,0,1,3,171585
01,0,01060,こむぎ　［即席めん類］　中華スタイル即席カップめん　油揚げ　焼きそば　乾　（添付調味料等を含むもの）,"Instant cup noodles, Chinese style, fried, yakisoba, dried (with seasoning)",11.1,8.2,18.6,5.7,4.5,418,368.45,180,89,1500,180,27,1.0,0.4,0.12,0.56,6,,16,4,15,23.1,0,0,3.1,0.48,0.66,0.8,0.06,Tr,13,0.38,14,1.9,5.5,8.9,0.3,280,530,170,100,160,270,380,220,600,220,79,330,180,290,16.76,2.58,0.12,2.47,2400,120,0,0,5,3,171177
01,0,01202,こむぎ　［即席めん類］　中華スタイル即席カップめん　油揚げ　焼きそば　調理後全体　（添付調味料等を含むもの）,"Instant cup noodles, Chinese style, fried, yakisoba, prepared (with seasoning)",(53.6),(5.0),(11.3),(3.3),(2.5),222,350,(94),(54),(910),(100),(14),(0.4),(0.3),(0.06),(0.30),(3),,(9),(3),(9),23.1,0,0,(1.8),(0.28),(0.30),(0.6),(0.04),(Tr),(9),(0.15),(11),(1.1),5.5,8.9,0.3,(170),(320),(100),(63),(100),(160),(230),(130),(360),(140),(48),(200),(110),(180),(10.11),(1.56),(0.07),(1.49),(1500),(71),(0),(0),(3),4,171177
01,0,01061,こむぎ　［即席めん類］　中華スタイル即席カップめん　非油揚げ　乾　（添付調味料等を含むもの）,"Instant cup noodles, Chinese style, non-fried, dried (with seasoning)",15.2,9.2,5.8,6.4,7.2,314,278.2,48,100,2800,250,26,1.2,0.4,0.10,0.66,58,,14,7,18,24.7,Tr,0,1.1,0.16,0.13,0.8,0.07,Tr,21,0.35,9,2.9,5.6,,0,290,550,250,130,140,260,380,230,610,260,80,350,200,370,5.21,1.31,0.10,1.21,1200,100,0,0,7,3,171615
01,0,01203,こむぎ　［即席めん類］　中華スタイル即席カップめん　非油揚げ　調理後全体　（添付調味料等を含むもの）,"Instant cup noodles, Chinese style, non-fried, prepared (with seasoning)",(83.5),(2.5),(2.1),(1.5),(1.7),66,350,(44),(34),(560),(77),(7),(0.2),(0.1),(0.02),(0.12),(14),,(3),(2),(4),3,0,(Tr),(0.3),(0.10),(0.10),(0.4),(0.02),(Tr),(4),(0.08),(3),(0.7),7,0.8,0.2,(78),(150),(67),(34),(36),(70),(100),(61),(160),(69),(21),(94),(54),(99),(1.88),(0.47),(0.04),(0.44),(430),(37),(0),(0),(2),3,172906
01,0,01195,こむぎ　［即席めん類］　中華スタイル即席カップめん　非油揚げ　調理後のめん　（スープを残したもの）,"Instant cup noodles, Chinese style, non-fried, cooked noodles (soup discarded)",68.8,3.4,1.3,2.5,1.2,121,102.75,76,42,380,53,7,0.3,0.1,0.03,0.17,10,,5,2,3,3,0,0,0.3,0.05,0.06,0.3,0.01,0,3,0.07,1,0.6,7,0.8,0.2,110,220,70,47,51,98,160,100,260,94,34,130,76,120,1.04,0.32,0.02,0.30,300,16,0,0,1,5,172906
01,0,01062,こむぎ　［即席めん類］　和風スタイル即席カップめん　油揚げ　乾　（添付調味料等を含むもの）,"Instant cup noodles, Japanese style, fried, dried (with seasoning)",6.2,10.9,19.8,6.0,7.0,437,381.8,170,160,2600,150,26,1.3,0.5,0.11,0.54,430,,13,5,19,24.7,0,0,2.6,0.11,0.05,1.0,0.05,0.2,12,0.25,5,2.0,5.6,,0,400,730,340,140,190,330,500,320,820,330,110,450,270,460,18.01,2.36,0.10,2.25,2200,100,0,0,3,3,171615
01,0,01204,こむぎ　［即席めん類］　和風スタイル即席カップめん　油揚げ　調理後全体　（添付調味料等を含むもの）,"Instant cup noodles, Japanese style, fried, prepared (with seasoning)",(80.5),(2.2),(4.7),(1.4),(1.5),91,350,(41),(38),(550),(34),(6),(0.2),(0.1),(0.02),(0.10),(99),,(3),(1),(4),,0,0,(0.6),(0.19),(0.08),(0.3),(0.01),(Tr),(2),(0.06),(1),(0.5),,,0,(79),(140),(68),(27),(37),(64),(100),(64),(160),(66),(22),(89),(52),(91),(4.24),(0.55),(0.02),(0.53),(530),(24),(0),(0),(1),3,168909
01,0,01196,こむぎ　［即席めん類］　和風スタイル即席カップめん　油揚げ　調理後のめん　（スープを残したもの）,"Instant cup noodles, Japanese style, fried, cooked noodles (soup discarded)",64.4,2.7,7.2,2.4,1.2,163,148,78,48,420,26,6,0.2,0.1,0.02,0.13,77,,4,2,3,,0,0,1.0,0.15,0.06,0.3,0.01,Tr,3,0.07,1,0.4,,,0,94,180,55,40,49,89,130,84,220,77,28,110,66,97,6.65,0.76,0.02,0.74,740,21,0,0,0,3,168909
01,0,01063,こむぎ　［マカロニ・スパゲッティ類］　マカロニ・スパゲッティ　乾,"Macaroni or spaghetti, dried",11.3,12.9,1.8,5.4,0.8,347,297.75,18,130,1,200,55,1.4,1.5,0.28,0.82,0,,63,1,53,63.2,(0),(0),0.3,0.19,0.06,2.3,0.11,(0),13,0.65,(0),4.0,,0.1,0,510,1000,260,220,310,530,700,390,1100,410,150,620,360,520,1.46,0.87,0.05,0.82,820,49,0,0,0,8,168927
01,0,01064,こむぎ　［マカロニ・スパゲッティ類］　マカロニ・スパゲッティ　ゆで,"Macaroni or spaghetti, cooked",60.0,5.8,0.9,3.0,1.2,150,129.8,8,53,460,14,20,0.7,0.7,0.14,0.35,0,,32,1,13,26.4,(0),(0),0.1,0.06,0.03,0.6,0.02,(0),4,0.28,(0),1.6,,0,0,230,450,120,100,130,230,310,180,490,180,64,270,150,230,0.69,0.41,0.02,0.38,380,22,0,0,0,8,172014
01,0,01173,こむぎ　［マカロニ・スパゲッティ類］　マカロニ・スパゲッティ　ソテー,"Macaroni or spaghetti, sauteed",(57.0),(5.5),(5.8),(2.9),(1.2),186,350,(8),(50),(440),(13),(19),(0.7),(0.7),(0.13),(0.33),0,,(31),(1),(12),,0,0,(0.9),(0.06),(0.03),(0.6),(0.02),0,(4),(0.27),(6),(1.5),,,0,220,430,110,95,130,230,300,170,460,170,65,260,150,220,,,,,,,,,,6,168901
01,0,01149,こむぎ　［マカロニ・スパゲッティ類］　生パスタ　生,"Fresh pasta, raw",42.0,7.8,1.9,1.5,1.4,232,202.35,12,73,470,76,18,0.5,0.5,0.12,0.32,-,,-,-,-,,(0),-,0.1,0.05,0.04,1.1,0.05,(0),9,0.27,(0),-,,,0,310,620,200,130,170,300,440,270,710,260,93,380,200,320,1.61,0.76,0.04,0.72,720,40,0,0,6,7,168901
01,0,01065,こむぎ　［ふ類］　生ふ,Raw wheat gluten (namafu),60.0,12.7,0.8,0.5,0.3,161,141.2,13,60,7,30,18,1.3,1.8,0.25,1.04,-,,-,-,-,39.7,(0),(0),Tr,0.08,0.03,0.5,0.02,(0),7,0.12,(0),-,,0,0,(510),(960),(220),(230),(370),(600),(700),(410),(1100),(350),(150),(550),(300),(450),(0.66),(0.41),(0.02),(0.39),(390),(21),(0),(0),(0),6,168147
01,0,01066,こむぎ　［ふ類］　焼きふ　釜焼きふ,Baked wheat gluten (kama-yaki fu),11.3,28.5,2.7,3.7,0.6,357,308.9,33,130,6,120,43,3.3,2.2,0.32,-,-,,-,-,-,39.7,(0),(0),0.5,0.16,0.07,3.5,0.08,(0),16,0.58,(0),-,,0,0,1200,2200,500,510,840,1400,1600,970,2600,860,330,1300,690,1000,(2.23),(1.37),(0.07),(1.30),(1300),(70),(0),(0),(0),7,168147
01,0,01067,こむぎ　［ふ類］　焼きふ　板ふ,Baked wheat gluten (ita-fu),12.5,25.6,3.3,3.8,1.3,351,304.9,31,220,190,220,90,4.9,2.9,0.49,1.54,-,,-,-,-,39.7,(0),(0),0.6,0.20,0.08,3.6,0.16,(0),22,0.79,(0),-,,0,0,(1000),(1900),(450),(460),(750),(1200),(1400),(830),(2200),(710),(300),(1100),(610),(900),(2.73),(1.68),(0.09),(1.59),(1600),(86),(0),(0),(0),7,168147
01,0,01068,こむぎ　［ふ類］　焼きふ　車ふ,"Wheat gluten, grilled (kuruma-fu)",11.4,30.2,3.4,2.6,0.8,361,315.2,25,130,110,130,53,4.2,2.7,0.42,1.23,-,,-,-,-,39.7,(0),(0),0.4,0.12,0.07,2.9,0.07,(0),11,0.47,(0),-,,0,0,(1200),(2300),(530),(540),(880),(1400),(1700),(980),(2700),(840),(350),(1300),(720),(1100),(2.81),(1.73),(0.09),(1.64),(1600),(88),(0),(0),(0),7,168147
01,0,01177,こむぎ　［ふ類］　油ふ,"Wheat gluten, fried",7.1,22.7,35.3,-,0.4,547,500.25,19,95,22,71,28,1.7,1.4,0.21,0.94,Tr,,38,3,19,28.5,-,0,3.9,0.07,0.03,1.8,0.06,0.1,17,0.22,65,4.6,106.3,7.8,0,,,,,,,,,,,,,,,,,,,,,,,,6,172451
01,0,01070,こむぎ　［その他］　小麦はいが,Wheat germ,3.6,32.0,11.6,14.3,4.5,391,329.6,42,1100,3,1100,310,9.4,16.0,0.89,-,-,,-,-,-,79.2,(0),(0),28.0,1.82,0.71,4.2,1.24,(0),390,1.34,2,-,,,0,1100,2100,2200,590,470,1100,1300,850,2200,1400,350,1700,860,2800,9.98,6.50,0.75,5.75,5700,750,-,-,-,6,168892
01,0,01071,こむぎ　［その他］　小麦たんぱく　粉末状,"Wheat gluten, powdered",6.5,72.0,9.7,2.4,1.2,398,363.15,75,180,60,90,75,6.6,5.0,0.75,2.67,-,,-,-,-,39.7,(0),(0),1.1,0.03,0.12,3.5,0.10,(0),34,0.61,(0),-,,0,0,3100,5400,1400,1300,1600,2900,4100,2600,6700,2200,790,3400,1800,2800,(6.49),(4.25),(0.25),(4.00),(4000),(250),(0),(0),(0),7,168147
01,0,01072,こむぎ　［その他］　小麦たんぱく　粒状,"Wheat gluten, granulated",76.0,20.0,2.0,0.4,0.2,101,91.9,14,54,36,3,16,1.8,1.4,0.22,0.62,-,,-,-,-,39.7,(0),(0),0.5,0.02,0.01,1.2,0.01,(0),5,0,(0),-,,0,0,(820),(1500),(390),(350),(440),(790),(1100),(690),(1800),(560),(220),(910),(490),(750),(1.34),(0.88),(0.05),(0.82),(820),(52),(0),(0),(0),6,168147
01,0,01073,こむぎ　［その他］　小麦たんぱく　ペースト状,"Wheat gluten, paste",66.0,25.0,4.1,0.5,1.0,145,134.25,30,160,230,39,54,3.0,2.4,0.36,1.57,-,,-,-,-,39.7,(0),(0),1.7,0.20,0.03,2.7,0.04,(0),17,0.45,(0),-,,0,0,(1000),(1900),(480),(440),(550),(990),(1400),(860),(2300),(700),(270),(1100),(610),(940),(2.74),(1.80),(0.11),(1.69),(1700),(110),(0),(0),(0),6,168147
01,0,01178,こむぎ　［その他］　かやきせんべい,Kayaki rice cracker,9.8,10.6,1.9,-,2.7,359,315.75,19,110,970,150,27,0.8,0.6,0.15,0.76,1,,5,1,15,25.5,-,0,0.3,0.17,0.02,1.2,0.09,0,16,0.39,0,2.3,33.4,2.1,0,,,,,,,,,,,,,,,,,,,,,,,,6,173161
01,0,01074,こむぎ　［その他］　ぎょうざの皮　生,"Gyoza wrappers, raw",32.0,9.3,1.4,2.2,0.3,275,236.25,16,60,2,64,18,0.8,0.6,0.12,0.28,-,,-,-,-,28.2,(0),(0),0.2,0.08,0.04,0.7,0.06,(0),12,0.61,0,-,,,0,(340),(660),(190),(160),(240),(400),(490),(280),(780),(260),(110),(400),(220),(330),(1.16),(0.71),(0.04),(0.68),(680),(36),(0),(0),(0),8,172802
01,0,01075,こむぎ　［その他］　しゅうまいの皮　生,"Shumai wrappers, raw",31.1,8.3,1.4,2.2,0.3,275,239.4,16,60,2,72,17,0.6,0.5,0.10,0.28,-,,-,-,-,0.8,(0),(0),0.2,0.09,0.04,0.6,0.05,(0),9,0.50,(0),-,0,0,4,(300),(590),(170),(140),(210),(360),(440),(250),(690),(230),(98),(360),(200),(300),(1.16),(0.71),(0.04),(0.68),(680),(36),(0),(0),(0),6,169210
01,0,01179,こむぎ　［その他］　春巻きの皮　生,"Spring roll wrappers, raw",26.7,8.3,1.6,4.5,1.2,288,244.6,13,54,440,77,13,0.3,0.3,0.09,0.23,1,,18,1,12,15.1,-,0,Tr,0.03,0.01,0.7,0.03,Tr,9,0.18,1,0.9,5.5,0,0,,,,,,,,,,,,,,,,,,,,,,,,7,169742
01,0,01180,こむぎ　［その他］　春巻きの皮　揚げ,"Spring roll wrappers, fried",7.3,7.2,30.7,4.2,1.0,512,459.75,11,48,370,66,11,0.3,0.3,0.09,0.20,Tr,,16,1,11,0,-,0,4.9,0.02,0.01,0.6,0.02,Tr,8,0.18,47,0.8,17.9,58.9,0,,,,,,,,,,,,,,,,,,,,,,,,5,167667
01,0,01076,こむぎ　［その他］　ピザ生地,Pizza dough,35.3,9.1,3.0,2.3,1.5,265,228.15,13,77,510,91,22,0.8,0.6,0.09,0.50,-,,-,-,-,,(0),(0),0.3,0.15,0.11,1.0,0.05,(0),20,0.54,(0),-,,,0,,,,,,,,,,,,,,,2.57,1.37,0.13,1.24,1200,130,0,0,0,5,173261
01,0,01069,こむぎ　［その他］　ちくわぶ,Chikuwabu,60.4,7.1,1.2,1.5,0.2,160,138.65,8,31,1,3,6,0.5,0.2,0.07,0.08,-,,-,-,-,,(0),(0),Tr,0.01,0.02,0.3,0.01,(0),4,0.25,(0),-,,0,,(290),(530),(120),(130),(210),(330),(390),(230),(620),(200),(82),(310),(170),(250),(0.99),(0.61),(0.03),(0.58),(580),(31),(0),(0),(0),5,167630
01,0,01077,こむぎ　［その他］　パン粉　生,"Breadcrumbs, fresh",35.0,11.0,5.1,3.0,1.3,277,237.95,25,97,350,110,29,1.1,0.7,0.15,0.47,-,,-,-,-,,(0),(0),0.3,0.11,0.02,1.2,0.05,(0),40,0.41,(Tr),-,,,0.1,(380),(740),(210),(150),(230),(380),(540),(330),(880),(300),(110),(440),(250),(350),(4.39),(1.01),(0.06),(0.95),(940),(63),(0),(0),(1),7,175066
01,0,01078,こむぎ　［その他］　パン粉　半生,"Breadcrumbs, semi-dried",26.0,12.5,5.8,3.5,1.4,315,270.85,28,110,400,130,34,1.2,0.8,0.17,0.53,-,,-,-,-,31.3,(0),(0),0.4,0.13,0.03,1.4,0.06,(0),46,0.47,(Tr),-,9.7,1.8,0,(430),(840),(240),(170),(270),(440),(620),(380),(1000),(340),(130),(500),(280),(400),(5.00),(1.15),(0.07),(1.07),(1100),(71),(0),(0),(1),7,171856
01,0,01079,こむぎ　［その他］　パン粉　乾燥,"Breadcrumbs, dried",11.9,14.9,4.1,6.5,1.8,349,299.8,25,120,570,160,36,1.1,0.9,0.16,0.62,1,,46,1,25,25.2,(0),(0),0.4,0.16,0.05,2,0.1,Tr,24,0.46,1,4.1,14.6,6.6,0,(520),(990),(280),(210),(320),(530),(730),(470),(1200),(420),(150),(600),(330),(480),(3.50),(0.80),(0.05),(0.75),(750),(50),(0),(0),(Tr),6,174928
01,0,01150,こむぎ　［その他］　冷めん　生,"Reimen noodles, raw",36.4,3.9,0.7,1.1,1.4,249,217.35,11,57,530,59,12,0.3,0.2,0.05,0.21,-,,-,-,-,15.1,(0),-,0,0.04,Tr,0.4,0.02,(0),4,0.11,(0),-,5.5,0,0,140,270,87,53,85,140,200,120,320,110,45,170,88,160,0.53,0.25,0.01,0.24,240,14,0,0,0,7,169742
01,0,01080,こめ　［水稲穀粒］　玄米,"Rice, brown, raw",14.9,6.8,2.7,3.0,1.2,346,296.65,9,290,1,230,110,2.1,1.8,0.27,2.06,Tr,,3,0,65,,(0),(0),1.2,0.41,0.04,6.3,0.45,(0),27,1.37,(0),6.0,,,0,280,560,270,160,160,320,360,320,680,270,100,420,190,600,2.35,0.90,0.03,0.87,870,34,-,-,-,9,169706
01,0,01081,こめ　［水稲穀粒］　半つき米,"Rice, partially milled (half-polished), raw",14.9,6.5,1.8,1.4,0.8,345,299.15,7,210,1,150,64,1.5,1.6,0.24,1.40,Tr,,2,0,76,,(0),(0),0.8,0.30,0.03,3.5,0.28,(0),18,1.00,(0),3.5,,,0,(260),(530),(250),(150),(150),(310),(340),(270),(620),(230),(93),(380),(180),(550),(1.58),(0.61),(0.02),(0.59),(590),(22),(0),(0),(0),9,169760
01,0,01082,こめ　［水稲穀粒］　七分つき米,"Rice, 70% polished, raw",14.9,6.3,1.5,0.9,0.6,348,300.1,6,180,1,120,45,1.3,1.5,0.23,1.05,0,,2,Tr,73,,(0),(0),0.4,0.24,0.03,1.7,0.20,(0),15,0.84,(0),2.9,,,0,(250),(520),(230),(150),(150),(300),(330),(260),(590),(220),(89),(370),(170),(520),(1.33),(0.51),(0.02),(0.49),(490),(19),(0),(0),(0),9,169760
01,0,01083,こめ　［水稲穀粒］　精白米　うるち米,"Rice, white, japonica, raw",14.9,6.1,0.9,0.5,0.4,342,299.2,5,95,1,89,23,0.8,1.4,0.22,0.81,0,,2,0,69,,(0),(0),0.1,0.08,0.02,1.2,0.12,(0),12,0.66,0,1.4,,,0,250,500,220,150,140,290,330,240,570,230,85,360,170,510,0.81,0.31,0.01,0.30,300,11,0,0,0,9,168931
01,0,01151,こめ　［水稲穀粒］　精白米　もち米,"Rice, white, glutinous, raw",14.9,6.4,1.2,(0.5),0.4,343,302.45,5,100,Tr,97,33,0.2,1.5,0.22,1.30,0,,2,0,79,15.1,(0),(0),(0.2),0.12,0.02,1.6,(0.12),(0),(12),(0.67),(0),(1.4),,,0,270,550,230,160,150,320,350,330,680,250,92,400,170,570,0.94,0.37,0.01,0.36,360,10,0,0,0,9,168883
01,0,01152,こめ　［水稲穀粒］　精白米　インディカ米,"Rice, white, indica, raw",13.7,7.4,0.9,0.5,0.4,347,303.4,5,90,1,68,18,0.5,1.6,0.20,0.88,0,,7,2,62,,(0),(0),Tr,0.06,0.02,1.1,0.08,(0),16,0.61,(0),2.0,,,0,300,600,270,210,180,400,390,390,780,290,110,440,190,590,0.71,0.26,0.01,0.25,250,10,0,0,0,9,168931
01,0,01084,こめ　［水稲穀粒］　はいが精米,"Rice, germ-enriched, raw",14.9,6.5,2.0,1.3,0.7,343,300.85,7,150,1,150,51,0.9,1.6,0.22,1.54,0,,2,Tr,57,,(0),(0),0.9,0.23,0.03,3.1,0.22,(0),18,1.00,(0),3.3,,,0,,,,,,,,,,,,,,,1.77,0.70,0.02,0.67,670,24,-,-,-,9,169760
01,0,01153,こめ　［水稲穀粒］　発芽玄米,"Rice, germinated brown, raw",14.9,6.5,3.3,3.1,1.1,339,299.65,13,280,3,160,120,1.0,1.9,0.23,2.07,-,,-,-,-,,(0),(0),1.2,0.35,0.02,4.9,0.34,(0),18,0.75,0,-,,,0,260,510,250,160,160,320,330,290,620,250,94,380,180,550,2.66,0.95,0.03,0.92,920,32,0,0,0,9,169706
01,0,01181,こめ　［水稲穀粒］　赤米,"Rice, red, raw",14.6,8.5,3.3,6.5,1.4,344,287.75,12,350,2,290,130,1.2,2.4,0.27,2.50,Tr,,3,1,55,,-,0,1.5,0.38,0.05,5.5,0.50,-,30,1.17,-,5.6,,,0,,,,,,,,,,,,,,,,,,,,,,,,8,169706
01,0,01182,こめ　［水稲穀粒］　黒米,"Rice, black, raw",15.2,7.8,3.2,5.6,1.4,341,288.3,15,310,1,270,110,0.9,1.9,0.22,4.28,0,,3,3,72,,-,0,1.3,0.39,0.10,6.9,0.49,-,49,0.83,-,5.8,,,0,,,,,,,,,,,,,,,,,,,,,,,,8,169706
01,0,01085,こめ　［水稲めし］　玄米,"Rice, brown, cooked",60.0,2.8,1.0,1.4,0.6,152,138,7,130,1,95,49,0.6,0.8,0.12,1.04,0,,1,0,34,,(0),(0),0.5,0.16,0.02,2.9,0.21,(0),10,0.65,(0),2.5,,,0,110,230,110,67,59,130,140,130,270,110,42,170,78,240,(0.86),(0.33),(0.01),(0.32),(320),(12),-,-,-,8,168875
01,0,01086,こめ　［水稲めし］　半つき米,"Rice, partially milled (half-polished), cooked",60.0,2.7,0.6,0.8,0.3,154,139.15,4,53,1,43,22,0.2,0.7,0.11,0.60,0,,1,0,34,9.3,(0),(0),0.2,0.08,0.01,1.6,0.07,(0),6,0.35,(0),1.2,,0,0,(100),(210),(99),(65),(57),(120),(140),(110),(250),(94),(39),(150),(70),(220),(0.52),(0.20),(0.01),(0.19),(190),(7),(0),(0),(0),9,169759
01,0,01087,こめ　［水稲めし］　七分つき米,"Rice, 70% polished, cooked",60.0,2.6,0.5,0.5,0.2,160,140.05,4,44,1,35,13,0.2,0.7,0.11,0.46,0,,1,0,35,,(0),(0),0.1,0.06,0.01,0.8,0.03,(0),5,0.26,(0),0.9,,,0,(96),(200),(92),(63),(55),(120),(130),(100),(230),(90),(37),(140),(66),(210),(0.44),(0.17),(0.01),(0.16),(160),(6),(0),(0),(0),9,168930
01,0,01168,こめ　［水稲めし］　精白米　インディカ米,"Rice, white, indica, cooked",54.0,3.8,0.4,0.4,0.2,184,160.9,2,41,0,31,8,0.2,0.8,0.10,0.42,0,,3,1,32,,(0),(0),0,0.02,Tr,0.3,0.02,(0),6,0.24,(0),0.5,,,0,150,300,130,110,92,200,200,180,370,140,56,220,91,290,0.30,0.12,Tr,0.12,120,5,0,0,0,9,168932
01,0,01088,こめ　［水稲めし］　精白米　うるち米,"Rice, white, japonica, cooked",60.0,2.5,0.3,1.5,0.1,156,135.9,3,34,1,29,7,0.1,0.6,0.10,0.35,0,,1,0,30,,(0),(0),Tr,0.02,0.01,0.2,0.02,(0),3,0.25,(0),0.5,,,0,93,190,84,61,54,120,130,100,230,91,35,140,61,200,0.23,0.08,Tr,0.08,80,3,0,0,0,9,168932
01,0,01154,こめ　［水稲めし］　精白米　もち米,"Rice, white, glutinous, cooked",52.1,3.5,0.5,(0.4),0.1,188,169.8,2,19,0,28,5,0.1,0.8,0.11,0.50,0,,1,0,48,5.6,(0),(0),(Tr),0.03,0.01,0.2,(0.02),(0),(4),(0.30),(0),(0.5),2.1,0,0,150,300,120,92,76,170,190,170,360,130,53,220,93,300,0.39,0.15,Tr,0.15,150,4,0,0,0,9,169711
01,0,01089,こめ　［水稲めし］　はいが精米,"Rice, germ-enriched, cooked",60.0,2.7,0.6,0.8,0.3,159,139.15,5,68,1,51,24,0.2,0.7,0.10,0.68,0,,1,1,28,9.3,(0),(0),0.4,0.08,0.01,0.8,0.09,(0),6,0.44,(0),1.0,,0,0,,,,,,,,,,,,,,,(0.53),(0.21),(0.01),(0.20),(200),(7),-,-,-,9,169759
01,0,01155,こめ　［水稲めし］　発芽玄米,"Rice, germinated brown, cooked",60.0,3.0,1.4,1.8,0.5,161,138.95,6,130,1,68,53,0.4,0.9,0.11,0.93,-,,-,-,-,,(0),(0),0.3,0.13,0.01,2.0,0.13,(0),6,0.36,0,-,,,0,120,250,120,77,65,140,160,150,310,120,44,180,88,260,1.20,0.43,0.01,0.41,410,14,0,0,0,9,168875
01,0,01183,こめ　［水稲めし］　赤米,"Rice, red, cooked",61.3,3.8,1.3,3.4,0.6,150,127.95,5,150,1,120,55,0.5,1.0,0.12,1.00,-,,1,Tr,24,,-,-,0.6,0.15,0.02,2.8,0.19,-,9,0.47,-,2.8,,,0,,,,,,,,,,,,,,,,,,,,,,,,8,168875
01,0,01184,こめ　［水稲めし］　黒米,"Rice, black, cooked",62.0,3.6,1.4,3.3,0.6,150,126.35,7,150,Tr,130,55,0.4,0.9,0.11,1.95,-,,2,1,33,9.4,-,-,0.3,0.14,0.04,3.0,0.18,-,19,0.40,-,2.7,4.4,0.4,,,,,,,,,,,,,,,,,,,,,,,,,8,173263
01,0,01185,こめ　［水稲軟めし］　精白米,"Rice, white, soft-cooked",(71.5),(1.8),(0.3),(1.1),(0.1),113,350,(3),(24),(1),(20),(5),(0.1),(0.4),(0.08),(0.25),0,,(1),0,(21),,0,0,(Tr),(0.02),(0.01),(0.1),(0.01),0,(2),(0.18),0,(0.3),,,0,,,,,,,,,,,,,,,,,,,,,,,,9,168932
01,0,01090,こめ　［水稲全かゆ］　玄米,"Rice porridge, brown rice",(83.0),(1.2),(0.4),(0.6),(0.2),64,350,(3),(55),(1),(41),(21),(0.2),(0.3),(0.05),(0.44),-,,-,-,-,,(0),(0),0,(0.07),(0.01),(1.2),(0.09),(0),(4),(0.28),(0),-,,,0,(47),(95),(48),(28),(25),(53),(61),(52),(110),(43),(18),(70),(33),(100),(0.35),(0.13),(Tr),(0.13),(130),(5),-,-,-,9,168930
01,0,01091,こめ　［水稲全かゆ］　半つき米,"Rice porridge, partially milled (half-polished) rice",(83.0),(1.1),(0.3),(0.3),(0.1),65,350,(2),(23),(Tr),(18),(9),(0.1),(0.3),(0.05),(0.26),-,,-,-,-,5.6,(0),(0),0,(0.03),(Tr),(0.7),(0.03),(0),(2),(0.15),0,-,2.1,0,0,(41),(86),(40),(26),(23),(50),(55),(45),(100),(38),(16),(61),(29),(89),(0.26),(0.10),(Tr),(0.10),(97),(4),(0),(0),(0),9,169711
01,0,01092,こめ　［水稲全かゆ］　七分つき米,"Rice porridge, 70% polished rice",(83.0),(1.1),(0.2),(0.2),(0.1),68,350,(2),(19),(Tr),(15),(6),(0.1),(0.3),(0.04),(0.19),-,,-,-,-,5.6,(0),(0),(Tr),(0.03),(Tr),(0.3),(0.01),(0),(2),(0.11),0,-,2.1,0,0,(41),(86),(39),(26),(23),(50),(55),(44),(99),(38),(16),(60),(28),(88),(0.18),(0.07),(Tr),(0.07),(65),(2),(0),(0),(0),9,169711
01,0,01093,こめ　［水稲全かゆ］　精白米,"Rice porridge, white rice",(83.0),(1.1),(0.1),(0.1),(0.1),65,350,(1),(14),(Tr),(12),(3),(Tr),(0.3),(0.04),(0.15),0,,0,0,13,5.6,(0),(0),(Tr),(0.01),(Tr),(0.1),(0.01),(0),(1),(0.11),0,0.3,2.1,0,0,(40),(85),(37),(27),(23),(50),(55),(42),(97),(37),(15),(58),(27),(86),(0.09),(0.03),(Tr),(0.03),(33),(1),(0),(0),(0),9,169711
01,0,01094,こめ　［水稲五分かゆ］　玄米,"Rice, brown, thin porridge",(91.5),(0.6),(0.2),(0.3),(0.1),32,350,(1),(28),(Tr),(20),(10),(0.1),(0.2),(0.03),(0.22),-,,-,-,-,,(0),(0),0,(0.03),(Tr),(0.6),(0.05),(0),(2),(0.14),0,-,,,0,(23),(48),(24),(14),(12),(27),(31),(26),(56),(22),(8.9),(35),(17),(50),(0.17),(0.07),(Tr),(0.06),(64),(2),-,-,-,9,168932
01,0,01095,こめ　［水稲五分かゆ］　半つき米,"Rice, partially milled (half-polished), thin porridge",(91.5),(0.6),(0.1),(0.1),(0.1),32,350,(1),(11),(Tr),(9),(5),(Tr),(0.2),(0.02),(0.13),-,,-,-,-,5.6,(0),(0),(Tr),(0.02),(Tr),(0.3),(0.01),(0),(1),(0.07),0,-,2.1,0,0,(23),(47),(22),(14),(13),(27),(30),(25),(55),(21),(8.6),(33),(16),(49),(0.09),(0.03),(Tr),(0.03),(32),(1),(0),(0),(0),9,169711
01,0,01096,こめ　［水稲五分かゆ］　七分つき米,"Rice, 70% polished, thin porridge",(91.5),(0.6),(0.1),(0.1),(0.1),32,350,(1),(9),(Tr),(8),(3),(Tr),(0.1),(0.02),(0.10),-,,-,-,-,5.6,(0),(0),(Tr),(0.01),(Tr),(0.2),(0.01),(0),(1),(0.05),0,-,2.1,0,0,(22),(47),(21),(14),(13),(27),(30),(24),(54),(21),(8.5),(33),(15),(48),(0.09),(0.03),(Tr),(0.03),(33),(1),(0),(0),(0),9,169711
01,0,01097,こめ　［水稲五分かゆ］　精白米,"Rice, white, thin porridge",(91.5),(0.5),(0.1),(0.1),0,33,350,(1),(7),(Tr),(6),(1),(Tr),(0.1),(0.02),(0.08),0,,Tr,0,7,5.6,(0),(0),(Tr),(Tr),(Tr),(Tr),(Tr),(0),(1),(0.05),0,0.1,2.1,0,0,(18),(39),(17),(12),(11),(23),(25),(19),(44),(17),(6.9),(26),(12),(39),(0.09),(0.03),(Tr),(0.03),(33),(1),(0),(0),(0),9,169711
01,0,01098,こめ　［水稲おもゆ］　玄米,"Rice, brown, rice water",(95.0),(0.4),(0.1),(0.2),(0.1),19,350,(1),(16),(Tr),(12),(6),(0.1),(0.1),(0.01),(0.13),-,,-,-,-,5.6,(0),(0),0,(0.02),(Tr),(0.4),(0.03),(0),(1),(0.08),0,-,2.1,0,0,(16),(32),(16),(9.5),(8.3),(18),(20),(17),(38),(14),(5.9),(23),(11),(34),(0.09),(0.03),(Tr),(0.03),(32),(1),-,-,-,9,169711
01,0,01099,こめ　［水稲おもゆ］　半つき米,"Rice, partially milled (half-polished), rice water",(95.0),(0.3),(0.1),(0.1),0,19,350,(1),(7),(Tr),(5),(3),(Tr),(0.1),(0.01),(0.08),-,,-,-,-,5.6,(0),(0),(Tr),(0.01),(Tr),(0.2),(0.01),(0),(1),(0.04),0,-,2.1,0,0,(11),(24),(11),(7.2),(6.3),(14),(15),(12),(27),(10),(4.3),(17),(7.8),(24),(0.09),(0.03),(Tr),(0.03),(32),(1),(0),(0),(0),9,169711
01,0,01100,こめ　［水稲おもゆ］　七分つき米,"Rice, 70% polished, rice water",(95.0),(0.3),(0.1),(Tr),0,20,350,(1),(5),(Tr),(4),(2),(Tr),(0.1),(0.01),(0.06),-,,-,-,-,5.6,(0),(0),(Tr),(0.01),(Tr),(0.1),(Tr),(0),(1),(0.03),0,-,2.1,0,0,(11),(23),(11),(7.2),(6.3),(14),(15),(12),(27),(10),(4.3),(16),(7.6),(24),(0.09),(0.03),(Tr),(0.03),(33),(1),(0),(0),(0),9,169711
01,0,01101,こめ　［水稲おもゆ］　精白米,"Rice, white, rice water",(95.0),(0.3),0,(Tr),0,19,350,(Tr),(4),(Tr),(4),(1),(Tr),(0.1),(0.01),(0.04),0,,1,0,8,5.6,(0),(0),(Tr),(Tr),(Tr),(Tr),(Tr),(0),(Tr),(0.03),0,0.1,2.1,0,0,(11),(23),(10),(7.3),(6.4),(14),(15),(12),(26),(10),(4.2),(16),(7.3),(23),(0),(0),(0),(0),(0),(0),(0),(0),(0),9,169711
01,0,01102,こめ　［陸稲穀粒］　玄米,"Rice, upland, brown, raw",14.9,10.1,2.7,3.0,1.2,357,296.65,9,290,1,230,110,2.1,1.8,0.27,1.53,-,,-,-,-,17.1,(0),(0),1.2,0.41,0.04,6.3,0.45,(0),27,1.37,(0),-,21.5,0.6,0,(400),(820),(400),(240),(240),(470),(530),(450),(980),(370),(150),(600),(280),(870),(2.35),(0.90),(0.03),(0.87),(870),(34),-,-,-,8,169703
01,0,01103,こめ　［陸稲穀粒］　半つき米,"Rice, upland, semi-polished, raw",14.9,9.6,1.8,1.4,0.8,356,299.15,7,210,1,150,64,1.5,1.6,0.24,1.04,-,,-,-,-,,(0),(0),0.8,0.30,0.03,4.9,0.28,(0),18,1.00,(0),-,,,0,(380),(780),(360),(230),(220),(450),(500),(400),(900),(340),(140),(560),(260),(800),(1.58),(0.61),(0.02),(0.59),(590),(22),(0),(0),(0),8,169760
01,0,01104,こめ　［陸稲穀粒］　七分つき米,"Rice, upland, 70% polished, raw",14.9,9.5,1.5,0.9,0.7,359,299.75,6,180,1,120,45,1.3,1.5,0.23,0.78,-,,-,-,-,,(0),(0),0.4,0.24,0.03,3.4,0.20,(0),15,0.84,(0),-,,,0,(370),(770),(350),(220),(220),(440),(500),(380),(880),(340),(130),(550),(260),(780),(1.33),(0.51),(0.02),(0.49),(490),(19),(0),(0),(0),9,169760
01,0,01105,こめ　［陸稲穀粒］　精白米,"Rice, upland, white, raw",14.9,9.3,0.9,0.5,0.4,331,299.2,5,95,1,89,23,0.8,1.4,0.22,0.59,-,,-,-,-,,(0),(0),0.1,0.08,0.02,1.2,0.12,(0),12,0.66,(0),-,,,0,(360),(750),(330),(220),(210),(430),(490),(350),(840),(320),(130),(530),(250),(750),(0.81),(0.31),(0.01),(0.30),(300),(11),(0),(0),(0),9,168931
01,0,01106,こめ　［陸稲めし］　玄米,"Rice, upland, brown, cooked",60.0,4.1,1.0,1.4,0.6,156,138,7,130,1,95,49,0.6,0.8,0.12,0.77,-,,-,-,-,9.4,(0),(0),0.5,0.16,0.02,2.9,0.21,(0),10,0.65,(0),-,4.4,0.4,,(160),(330),(160),(97),(85),(180),(210),(180),(390),(150),(61),(240),(110),(350),(0.86),(0.33),(0.01),(0.32),(320),(12),-,-,-,9,173263
01,0,01107,こめ　［陸稲めし］　半つき米,"Rice, upland, semi-polished, cooked",60.0,3.8,0.6,0.8,0.3,157,139.15,4,53,1,43,22,0.2,0.7,0.11,0.45,-,,-,-,-,9.3,(0),(0),0.2,0.08,0.01,1.6,0.07,(0),6,0.35,(0),-,,0,0,(140),(300),(140),(91),(80),(170),(190),(160),(350),(130),(55),(210),(99),(310),(0.52),(0.20),(0.01),(0.19),(190),(7),(0),(0),(0),8,169759
01,0,01108,こめ　［陸稲めし］　七分つき米,"Rice, upland, 70% polished, cooked",60.0,3.6,0.5,0.5,0.2,155,140.05,4,44,1,35,13,0.2,0.7,0.11,0.34,-,,-,-,-,9.3,(0),(0),0.1,0.06,0.01,0.8,0.03,(0),5,0.26,(0),-,,0,0,(130),(280),(130),(87),(76),(160),(180),(140),(320),(120),(51),(200),(91),(290),(0.44),(0.17),(0.01),(0.16),(160),(6),(0),(0),(0),9,169759
01,0,01109,こめ　［陸稲めし］　精白米,"Rice, upland, white, cooked",60.0,3.5,0.3,0.3,0.1,157,140.1,3,34,1,29,7,0.1,0.6,0.10,0.26,-,,-,-,-,,(0),(0),Tr,0.02,0.01,0.2,0.02,(0),3,0.25,(0),-,,,0,(130),(270),(120),(85),(75),(160),(170),(130),(310),(120),(48),(180),(85),(270),(0.27),(0.10),(Tr),(0.10),(100),(4),(0),(0),(0),9,168930
01,0,01110,こめ　［うるち米製品］　アルファ化米　一般用,"Rice, precooked (alpha rice), regular",7.9,6.0,1.0,1.2,0.3,358,322.1,7,71,5,37,14,0.1,1.6,0.22,0.60,0,,2,1,69,7.5,(0),(0),0.1,0.04,Tr,0.5,0.04,(0),7,0.19,0,1.0,2.1,0,0,240,480,200,160,140,290,310,280,590,220,83,360,150,490,0.78,0.28,0.01,0.27,270,8,0,0,0,9,169757
01,0,01156,こめ　［うるち米製品］　アルファ化米　学校給食用強化品,"Rice, precooked (alpha rice), fortified, school lunch",7.9,6.0,1.0,1.2,0.3,358,322.1,7,71,5,37,14,0.1,1.6,0.22,0.60,0,,2,1,69,5.8,(0),(0),0.1,0.41,Tr,0.5,0.04,(0),7,0.19,0,1.0,9.2,0.2,0,(240),(480),(200),(160),(140),(290),(310),(280),(590),(220),(83),(360),(150),(490),,,,,,,,,,9,169704
01,0,01214,こめ　［うるち米製品］　水稲全かゆ　レトルト　玄米,"Rice porridge, brown, retort pouch",88,0.9,0.4,0.9,0.2,45,40.15,3,37,1,30,15,0.1,0.3,0.03,0.36,Tr,,Tr,0,10,,-,-,0.2,0.03,Tr,0.7,0.05,0,2,0.12,Tr,0.8,,,0,34,67,32,19,17,37,44,42,85,33,13,51,25,75,0.32,0.11,Tr,0.11,110,3,0,0,0,9,168930
01,0,01215,こめ　［うるち米製品］　水稲全かゆ　レトルト　精白米,"Rice porridge, white, retort pouch",90.7,0.6,0.1,0.5,Tr,37,31.3,2,7,1,6,2,0.1,0.1,0.01,0.06,0,,0,0,6,5.6,-,-,Tr,Tr,0,Tr,Tr,0,Tr,0.03,0,0.1,2.1,0,0,23,46,20,14,12,26,30,30,60,21,7.5,34,15,49,0.09,0.03,0,0.03,28,1,0,0,0,9,169711
01,0,01111,こめ　［うるち米製品］　おにぎり,Rice ball (onigiri),57.0,2.7,0.3,0.4,0.6,170,148.5,3,37,200,31,7,0.1,0.6,0.10,0.38,-,,-,-,-,,(0),(0),Tr,0.02,0.01,0.2,0.02,(0),3,0.27,0,-,,,0,110,230,100,65,56,120,150,140,280,100,40,170,73,240,(0.27),(0.10),(Tr),(0.10),(100),(4),(0),(0),(0),8,168930
01,0,01112,こめ　［うるち米製品］　焼きおにぎり,Grilled rice ball (yaki onigiri),56.0,3.1,0.3,0.4,1.1,166,150.25,5,46,380,56,11,0.2,0.7,0.10,0.37,25,,4,1,43,7.5,(0),(0),Tr,0.03,0.02,0.3,0.03,0,5,0.29,0,1.1,2.1,0,0,(130),(260),(110),(74),(64),(140),(170),(150),(320),(110),(45),(190),(83),(270),(0.27),(0.10),(Tr),(0.10),(100),(4),(0),(0),(0),6,168935
01,0,01113,こめ　［うるち米製品］　きりたんぽ,Kiritanpo (mashed rice stick),50.0,3.2,0.4,0.4,0.2,200,174.9,4,43,1,36,9,0.1,0.7,0.12,0.40,-,,-,-,-,2.6,(0),(0),Tr,0.03,0.01,0.3,0.02,(0),4,0.31,0,-,,,0.2,(130),(260),(120),(77),(66),(140),(170),(150),(330),(110),(47),(190),(86),(280),(0.36),(0.14),(Tr),(0.13),(130),(5),(0),(0),(0),7,169241
01,0,01114,こめ　［うるち米製品］　上新粉,Rice flour (joshinko),14.0,6.2,0.9,0.6,0.4,343,302,5,96,2,89,23,0.8,1.0,0.19,0.75,1,,4,1,77,15.1,(0),(0),0.2,0.09,0.02,1.3,0.12,(0),12,0.67,(0),1.1,5.8,0,0,260,520,220,160,150,310,330,270,600,230,85,390,160,520,(0.80),(0.31),(0.01),(0.30),(300),(11),(0),(0),(0),9,169714
01,0,01157,こめ　［うるち米製品］　玄米粉,Brown rice flour,4.6,7.1,2.9,3.5,1.3,370,331.6,12,290,3,230,110,1.4,2.4,0.30,2.49,1,,2,6,120,,(0),-,1.2,0,0.03,4.6,0.08,(0),9,0.12,(0),5.1,,,0,270,560,140,160,57,220,360,290,650,220,96,420,190,430,2.43,0.85,0.03,0.82,820,29,0,0,0,8,168898
01,0,01158,こめ　［うるち米製品］　米粉,Rice flour,11.1,6.0,0.7,0.6,0.3,356,311.5,6,62,1,45,11,0.1,1.5,0.23,0.60,-,,-,-,-,15.1,(0),-,0,0.03,0.01,0.3,0.04,(0),9,0.20,(0),-,5.8,0,0,240,490,200,140,140,280,320,280,600,220,85,360,150,520,0.57,0.20,0.01,0.20,200,5,0,0,0,9,169714
01,0,01211,こめ　［うるち米製品］　米粉パン　食パン,"Rice flour bread, loaf",(41.2),(10.7),(5.1),(0.7),(1.4),247,350,(22),(61),(420),(57),(14),(0.8),(1.3),(0.18),(0.54),(1),,(Tr),0,(Tr),11,-,-,(0.5),(0.05),(0.06),(0.8),(0.04),(Tr),(32),(0.22),-,(1.5),,,,,,,,,,,,,,,,,,,,,,,,,,,6,174101
01,0,01212,こめ　［うるち米製品］　米粉パン　ロールパン,"Rice flour bread, roll",(41.2),(8.8),(6.7),(0.6),(1.3),256,350,(26),(65),(370),(66),(12),(0.6),(1.2),(0.16),(0.43),(3),,(2),0,(1),,-,(0.5),(0.8),(0.05),(0.08),(0.7),(0.04),(0.1),(35),(0.27),-,(2.8),,,,,,,,,,,,,,,,,,,,,,,,,,,7,171861
01,0,01159,こめ　［うるち米製品］　米粉パン　小麦グルテン不使用のもの,"Rice flour bread, gluten-free",41.2,3.4,3.1,0.9,1.0,247,214.65,4,46,340,92,11,0.2,0.9,0.12,0.38,-,,-,-,-,11,-,-,0.5,0.05,0.03,0.7,0.04,-,30,0.23,-,-,,,,140,260,120,72,74,150,170,160,330,130,47,200,85,260,2.70,0.57,0.13,0.44,440,130,0,0,0,6,174101
01,0,01160,こめ　［うるち米製品］　米粉めん,Rice noodles,37.0,3.6,0.7,0.9,0.3,252,219.8,5,56,48,43,11,0.1,1.1,0.15,0.48,-,,-,-,-,15.1,(0),-,Tr,0.03,Tr,0.5,0.05,(0),4,0.31,(0),-,5.5,0,0,150,300,130,96,82,180,200,180,380,140,54,220,97,320,0.60,0.20,0.01,0.20,200,6,0,0,0,8,169742
01,0,01115,こめ　［うるち米製品］　ビーフン,Rice vermicelli (bifun),11.1,7.0,1.6,0.9,0.4,360,314.6,14,59,2,33,13,0.7,0.6,0.06,0.33,5,,3,4,25,15.1,(0),(0),0,0.06,0.02,0.6,0,(0),4,0.09,(0),0.6,5.5,0,0,280,550,250,190,170,370,360,310,670,270,110,410,170,520,(1.43),(0.55),(0.02),(0.53),(530),(20),(0),(0),(0),8,169742
01,0,01169,こめ　［うるち米製品］　ライスペーパー,Rice paper,13.2,0.5,0.3,0.8,1.7,339,296.55,21,12,670,22,21,1.2,0.1,0.03,0.14,6,,Tr,18,3,15.1,0,0,0,0.01,0,0.1,0.01,0.3,3,0.02,0,0.2,5.5,0,0,18,34,19,9.7,13,23,22,18,40,18,6.5,26,11,30,0.17,0.03,Tr,0.03,28,4,0,0,0,8,169742
01,0,01116,こめ　［うるち米製品］　米こうじ,Rice koji,33.0,5.8,1.7,1.4,0.3,260,237.05,5,83,3,61,16,0.3,0.9,0.16,0.74,0,,2,0,48,,(0),(0),0.2,0.11,0.13,1.5,0.11,(0),71,0.42,(0),4.2,,,0,220,430,200,140,110,250,270,260,530,230,81,320,130,410,1.32,0.50,0.01,0.49,490,11,0,0,0,8,168931
01,0,01117,こめ　［もち米製品］　もち,Mochi (rice cake),44.5,4.0,0.6,0.5,0.1,223,195.15,3,22,0,32,6,0.1,0.9,0.13,0.58,0,,2,0,56,,(0),(0),Tr,0.03,0.01,0.2,0.03,(0),4,0.34,0,0.6,,,,170,340,140,120,95,210,220,220,440,160,60,250,110,360,(0.45),(0.18),(Tr),(0.17),(170),(5),(0),(0),(0),5,169712
01,0,01118,こめ　［もち米製品］　赤飯,Sekihan (red rice with beans),53.0,4.3,0.6,1.6,0.2,186,161.2,6,34,0,71,11,0.4,0.9,0.13,0.45,0,,2,0,61,,(0),(0),Tr,0.05,0.01,0.2,0.03,(0),9,0.30,1,1.0,,,,(180),(350),(200),(94),(81),(180),(240),(170),(410),(150),(58),(240),(120),(330),(0.43),(0.18),(0.02),(0.16),(160),(15),(0),(0),(0),4,169712
01,0,01119,こめ　［もち米製品］　あくまき,Akumaki (lye-treated rice cake),69.5,2.3,1.8,0.2,0.7,131,112.6,6,10,16,300,6,0.1,0.7,0.05,0.39,-,,-,-,-,2.3,(0),(0),Tr,Tr,Tr,Tr,0.01,(0),1,0,(0),-,,,0,(96),(200),(80),(61),(50),(110),(130),(110),(230),(83),(35),(140),(61),(200),(1.41),(0.55),(0.01),(0.54),(540),(14),(0),(0),(0),6,173730
01,0,01120,こめ　［もち米製品］　白玉粉,Shiratamako (glutinous rice flour),12.5,6.3,1.0,0.5,0.2,347,308.8,5,45,2,3,6,1.1,1.2,0.17,0.55,3,,3,1,56,15.1,(0),(0),0,0.03,0.01,0.4,0.01,(0),14,0,(0),1.0,,,0,270,540,220,160,150,310,350,290,640,240,86,390,170,540,(0.81),(0.32),(0.01),(0.31),(310),(9),(0),(0),(0),8,168883
01,0,01121,こめ　［もち米製品］　道明寺粉,Domyoji-ko (coarse glutinous rice flour),11.6,7.1,0.7,0.7,0.2,349,309.75,6,41,4,45,9,0.4,1.5,0.22,0.90,-,,-,-,-,15.1,(0),(0),Tr,0.04,0.01,0.4,0.04,(0),6,0.22,(0),-,,,0,(290),(600),(240),(180),(170),(350),(390),(310),(700),(250),(96),(430),(180),(600),0.49,0.15,Tr,0.15,150,4,0,0,0,7,168883
01,0,01161,こめ　［その他］　米ぬか,Rice bran,10.3,13.4,19.6,20.5,7.9,374,312.55,35,2000,7,1500,850,7.6,5.9,0.48,15.00,3,,5,5,65,15.6,(0),-,10.0,3.12,0.21,35.0,3.27,(0),180,4.43,(0),38.0,32.2,1.9,0,470,920,700,250,330,580,590,400,990,550,180,740,420,1100,16.72,5.90,0.22,5.68,5700,220,0,0,0,6,169713
01,0,01122,そば　そば粉　全層粉,"Buckwheat flour, whole",13.5,12.0,3.1,4.3,1.8,339,296.9,17,400,2,410,190,2.8,2.4,0.54,1.09,1,,7,4,47,5.7,(0),(0),0.2,0.46,0.11,4.5,0.30,(0),51,1.56,0,17.0,54.2,7,0,450,800,710,230,310,540,560,310,860,500,190,630,320,1200,2.73,1.02,0.06,0.96,950,61,-,-,-,7,170687
01,0,01123,そば　そば粉　内層粉,"Buckwheat flour, inner layer",14.0,6.0,1.6,1.8,0.8,342,299.9,10,130,1,190,83,1.7,0.9,0.37,0.49,0,,7,2,12,5.7,(0),(0),0.1,0.16,0.07,2.2,0.20,(0),30,0.72,(0),4.7,54.2,7,0,(220),(400),(350),(120),(150),(270),(280),(150),(430),(250),(97),(310),(160),(580),(1.41),(0.53),(0.03),(0.50),(490),(32),-,-,-,8,170687
01,0,01124,そば　そば粉　中層粉,"Buckwheat flour, middle layer",13.5,10.2,2.7,4.4,2.0,334,293.85,19,390,2,470,220,3.0,2.2,0.58,1.17,0,,13,3,43,5.7,(0),(0),0.2,0.35,0.10,4.1,0.44,(0),44,1.54,(0),18.0,54.2,7,0,(380),(680),(600),(200),(260),(460),(470),(260),(730),(420),(160),(530),(270),(980),(2.38),(0.89),(0.05),(0.84),(830),(54),-,-,-,8,170687
01,0,01125,そば　そば粉　表層粉,"Buckwheat flour, outer layer",13.0,15.0,3.6,7.1,3.3,337,286.1,32,700,2,750,340,4.2,4.6,0.91,2.42,2,,16,6,77,5.7,(0),(0),0.4,0.50,0.14,7.1,0.76,(0),84,2.60,(0),38.0,54.2,7,0,(560),(1000),(890),(290),(380),(680),(690),(390),(1100),(620),(240),(780),(400),(1400),(3.18),(1.19),(0.07),(1.12),(1100),(71),-,-,-,7,170687
01,0,01126,そば　そば米,Buckwheat groats,12.8,9.6,2.5,3.7,1.4,347,299.85,12,260,1,390,150,1.6,1.4,0.38,0.76,-,,-,-,-,8.4,(0),(0),0.1,0.42,0.10,4.3,0.35,(0),23,1.53,(0),-,54.2,,0,(350),(630),(560),(190),(240),(430),(440),(240),(680),(370),(150),(490),(250),(900),(2.21),(0.82),(0.05),(0.77),(770),(50),-,-,-,8,170685
01,0,01127,そば　そば　生,"Buckwheat noodles, raw",33.0,9.8,1.9,6.0,0.8,271,220.2,18,170,1,160,65,1.4,1.0,0.21,0.86,4,,24,3,25,8.4,(0),(0),0.2,0.19,0.09,3.4,0.15,(0),19,1.09,-,5.5,54.2,,0,350,640,310,140,210,350,470,260,730,310,120,420,220,530,(1.62),(0.80),(0.04),(0.76),(760),(44),-,-,-,7,170685
01,0,01128,そば　そば　ゆで,"Buckwheat noodles, boiled",68.0,4.8,1.0,2.9,0.2,130,106.15,9,80,2,34,27,0.8,0.4,0.10,0.38,Tr,,12,2,11,2.2,(0),(0),0.1,0.05,0.02,0.5,0.04,(0),8,0.33,-,2.7,20.1,1.9,0,(160),(310),(150),(69),(100),(170),(230),(120),(350),(140),(60),(200),(110),(250),(0.85),(0.42),(0.02),(0.40),(400),(23),-,-,-,7,170686
01,0,01197,そば　そば　半生そば,"Buckwheat noodles, semi-dried",23.0,(10.5),(3.8),6.9,(0.9),325,245.35,(20),(180),(3),(190),(74),(1.3),(1.2),(0.24),(0.99),(4),,(27),(4),(28),8.4,0,(0),(0.2),(0.22),(0.10),(2.3),(0.16),(0),(22),(1.25),-,(6.3),54.2,,0,(370),(690),(330),(150),(220),(370),(500),(280),(780),(330),(130),(450),(240),(560),,,,,,,,,,6,170685
01,0,01129,そば　干しそば　乾,"Buckwheat noodles, dried, uncooked",14.0,14.0,2.3,3.7,3.0,344,289.05,24,230,850,260,100,2.6,1.5,0.34,1.11,-,,-,-,-,,(0),(0),0.3,0.37,0.08,3.2,0.24,(0),25,1.15,(0),-,,,0,490,920,400,190,310,510,670,400,1100,430,170,600,320,700,(1.96),(0.97),(0.05),(0.92),(920),(53),-,-,-,7,168906
01,0,01130,そば　干しそば　ゆで,"Buckwheat noodles, dried, boiled",72.0,4.8,0.7,1.5,0.4,113,94.85,12,72,50,13,33,0.9,0.4,0.10,0.33,-,,-,-,-,2.2,(0),(0),0.1,0.08,0.02,0.6,0.05,(0),5,0.22,(0),-,20.1,1.9,0,(160),(310),(130),(66),(110),(170),(230),(130),(360),(140),(59),(200),(110),(230),(0.60),(0.30),(0.02),(0.28),(280),(16),-,-,-,7,170686
01,0,01131,とうもろこし　玄穀　黄色種,"Corn, yellow, whole kernel, raw",14.5,8.6,5.0,9.0,1.3,341,288.2,5,270,3,290,75,1.9,1.7,0.18,-,0,,6,Tr,20,15.4,(0),(0),1.0,0.30,0.10,2.0,0.39,(0),28,0.57,(0),8.3,21.6,0.3,0,(310),(1100),(240),(180),(160),(340),(420),(350),(770),(320),(61),(440),(260),(430),(4.31),(2.24),(0.09),(2.15),(2200),(91),-,-,-,8,170290
01,0,01162,とうもろこし　玄穀　白色種,"Corn, white, whole kernel, raw",14.5,8.6,5.0,9.0,1.3,341,288.2,5,270,3,290,75,1.9,1.7,0.18,-,0,,6,Tr,20,15.4,(0),(0),1.0,0.30,0.10,2.0,0.39,(0),28,0.57,(0),8.3,21.6,0.3,0,(310),(1100),(240),(180),(160),(340),(420),(350),(770),(320),(61),(440),(260),(430),,,,,,,,,,8,169748
01,0,01132,とうもろこし　コーンミール　黄色種,"Cornmeal, yellow",14.0,8.3,4.0,8.0,1.3,375,288.45,5,130,2,220,99,1.5,1.4,0.16,0.38,-,,-,-,-,15.5,(0),(0),1.1,0.15,0.08,0.9,0.43,(0),28,0.57,(0),-,21.6,0.3,0,(280),(1200),(120),(190),(190),(370),(430),(220),(650),(200),(44),(390),(200),(280),(3.45),(1.79),(0.07),(1.72),(1700),(73),-,-,-,9,169697
01,0,01163,とうもろこし　コーンミール　白色種,"Cornmeal, white",14.0,8.3,4.0,8.0,1.3,375,288.45,5,130,2,220,99,1.5,1.4,0.16,0.38,-,,-,-,-,15.4,(0),(0),1.1,0.15,0.08,0.9,0.43,(0),28,0.57,(0),-,21.6,0.3,0,(280),(1200),(120),(190),(190),(370),(430),(220),(650),(200),(44),(390),(200),(280),,,,,,,,,,9,169748
01,0,01133,とうもろこし　コーングリッツ　黄色種,"Corn grits, yellow",14.0,8.2,1.0,2.4,0.4,352,296.2,2,50,1,160,21,0.3,0.4,0.07,-,Tr,,6,0,10,17,(0),(0),0.2,0.06,0.05,0.7,0.11,(0),8,0.32,(0),3.1,,0.3,0,330,1300,150,210,210,410,460,330,790,290,44,400,250,240,0.86,0.45,0.02,0.43,430,18,-,-,-,8,171670
01,0,01164,とうもろこし　コーングリッツ　白色種,"Corn grits, white",14.0,8.2,1.0,2.4,0.4,352,296.2,2,50,1,160,21,0.3,0.4,0.07,-,Tr,,6,0,10,17,(0),(0),0.2,0.06,0.05,0.7,0.11,(0),8,0.32,(0),3.1,,0.3,0,(330),(1300),(150),(210),(210),(410),(460),(330),(790),(290),(44),(400),(250),(240),,,,,,,,,,8,171670
01,0,01134,とうもろこし　コーンフラワー　黄色種,"Corn flour, yellow",14.0,6.6,2.8,1.7,0.5,347,307.3,3,90,1,200,31,0.6,0.6,0.08,0.13,-,,-,-,-,8,(0),(0),0.2,0.14,0.06,1.3,0.20,(0),9,0.37,(0),-,,0.3,0,(240),(810),(190),(140),(120),(260),(320),(270),(590),(250),(47),(330),(200),(330),(2.42),(1.26),(0.05),(1.20),(1200),(51),-,-,-,8,169695
01,0,01165,とうもろこし　コーンフラワー　白色種,"Corn flour, white",14.0,6.6,2.8,1.7,0.5,347,307.3,3,90,1,200,31,0.6,0.6,0.08,0.13,-,,-,-,-,15.4,(0),(0),0.2,0.14,0.06,1.3,0.20,(0),9,0.37,(0),-,21.6,0.3,0,(240),(810),(190),(140),(120),(260),(320),(270),(590),(250),(47),(330),(200),(330),,,,,,,,,,6,169748
01,0,01135,とうもろこし　ジャイアントコーン　フライ　味付け,"Giant corn, fried, seasoned",4.3,5.7,11.8,10.5,1.6,409,351.6,8,180,430,110,88,1.3,1.6,0.07,0.30,-,,-,-,-,,(0),(0),1.4,0.08,0.02,1.9,0.11,(0),12,0.12,1,-,,,0.4,(220),(880),(100),(140),(140),(290),(320),(220),(540),(180),(30),(270),(170),(160),10.16,3.05,0.06,2.99,3000,61,0,0,0,3,169672
01,0,01136,とうもろこし　ポップコーン,Popcorn,4.0,10.2,22.8,9.3,3.4,472,405.55,7,290,570,300,95,4.3,2.4,0.20,-,-,,-,-,-,7.3,(0),(0),3.0,0.13,0.08,2.0,0.27,(0),22,0.46,-,-,,,0.3,(370),(1300),(290),(210),(180),(400),(500),(410),(920),(380),(71),(520),(310),(510),(20.79),(7.73),(0.18),(7.55),(7600),(180),(0),(0),(0),7,170247
01,0,01137,とうもろこし　コーンフレーク,Corn flakes,4.5,7.8,1.7,2.4,2.4,380,325.95,1,45,830,95,14,0.9,0.2,0.07,-,Tr,,5,3,15,2.2,(0),(0),0.3,0.03,0.02,0.3,0.04,(0),6,0.22,(0),1.6,2.2,0,65,300,1200,68,150,150,300,420,300,720,260,41,370,220,130,(1.17),(0.55),(0.03),(0.52),(520),(32),(0),(0),(0),5,174648
01,0,01138,はとむぎ　精白粒,"Job's tears, polished grain",13.0,13.3,1.3,0.6,0.2,353,308.2,6,20,1,85,12,0.4,0.4,0.11,0.81,-,,-,-,-,8.6,(0),(0),0,0.02,0.05,0.5,0.07,(0),16,0.16,(0),-,13.4,0.8,0,550,1900,220,350,240,590,710,520,1200,400,70,750,300,510,,,,,,,,,,7,170285
01,0,01139,ひえ　精白粒,"Foxtail millet, polished grain",12.9,9.4,3.3,4.3,1.3,361,301.75,7,280,6,240,58,1.6,2.2,0.15,1.37,0,,4,2,10,2.9,(0),(0),0.1,0.25,0.02,0.4,0.17,(0),14,1.50,(0),3.6,23.1,1.4,0,460,1000,130,240,150,380,670,360,1000,340,110,550,210,280,2.87,1.65,0.04,1.61,1600,36,0,0,0,8,167724
01,0,01140,もろこし　玄穀,"Sorghum, whole grain",12.0,10.3,4.7,9.7,1.9,344,290.9,16,430,2,590,160,3.3,2.7,0.44,1.63,1,,1,1,34,12.2,(0),(0),0.5,0.35,0.10,6.0,0.31,(0),54,1.42,(0),15.0,,6.4,0.8,(420),(1400),(220),(160),(120),(290),(530),(310),(840),(340),(120),(540),(240),(340),(4.48),(2.12),(0.09),(2.03),(2000),(88),-,-,-,8,168943
01,0,01141,もろこし　精白粒,"Sorghum, polished grain",12.5,9.5,2.6,4.4,1.3,348,299.3,14,290,2,410,110,2.4,1.3,0.21,1.12,-,,-,-,-,12.2,(0),(0),0.2,0.10,0.03,3.0,0.24,(0),29,0.66,(0),-,,,0,(350),(1200),(200),(160),(190),(350),(500),(250),(750),(350),(120),(440),(190),(370),(2.24),(1.09),(0.05),(1.04),(1000),(47),(1),(0),(2),8,169716
01,0,01142,ライむぎ　全粒粉,"Rye, whole wheat flour",12.5,12.7,2.7,13.3,1.4,317,268.3,31,290,1,400,100,3.5,3.5,0.44,2.15,0,,2,1,65,14.4,(0),(0),1.0,0.47,0.20,1.7,0.22,(0),65,0.87,(0),9.5,20.6,5.9,0,440,830,500,220,320,540,600,340,950,480,150,640,320,680,(1.90),(1.19),(0.15),(1.04),(1000),(150),-,-,-,7,168886
01,0,01143,ライむぎ　ライ麦粉,Rye flour,13.5,8.5,1.6,12.9,0.6,324,263.5,25,140,1,140,30,1.5,0.7,0.11,-,-,,-,-,-,17.6,(0),(0),0.7,0.15,0.07,0.9,0.10,(0),34,0.63,(0),-,10.8,5.9,0,320,580,350,150,220,380,430,220,650,330,100,440,230,440,1.13,0.70,0.09,0.62,620,87,-,-,-,6,168887
02,20,02068,＜いも類＞　アメリカほどいも　塊根　生,"Sweet potato, American, root, raw",56.5,5.9,0.6,11.1,1.5,146,111.15,73,120,5,650,39,1.1,0.6,0.13,0.26,0,,Tr,0,54,0.9,-,-,0.8,0.12,0.03,1.4,0.16,-,47,0.69,3,3.1,,302.2,11,190,350,240,48,61,110,240,140,380,230,88,270,150,160,0.21,0.12,0.01,0.11,110,12,0,0,0,7,169303
02,15,02069,＜いも類＞　アメリカほどいも　塊根　ゆで,"Sweet potato, American, root, boiled",57.1,6.0,0.8,8.4,1.5,144,119.5,78,120,5,650,42,1.0,0.7,0.14,0.34,0,,1,0,46,0.2,-,-,0.9,0.15,0.03,1.6,0.15,-,49,0.75,-,3.2,10.8,2.1,12.8,210,360,250,48,66,110,250,150,390,240,92,280,160,170,0.31,0.19,0.02,0.17,170,24,0,0,0,7,168484
02,20,02001,＜いも類＞　きくいも　塊茎　生,"Jerusalem artichoke, tuber, raw",81.7,1.9,0.4,1.9,1.3,66,54.85,14,66,1,610,16,0.3,0.3,0.17,0.08,1,,Tr,Tr,2,0.7,(0),(0),0.2,0.08,0.04,1.6,0.09,(0),20,0.37,(0),3.7,30,0.1,4,,,,,,,,,,,,,,,,,,,,,,,,7,169236
02,0,02041,＜いも類＞　きくいも　塊茎　水煮,"Jerusalem artichoke, tuber, boiled",85.4,1.6,0.5,2.1,1.2,51,42.05,13,56,1,470,13,0.3,0.3,0.14,0.07,-,,-,-,-,0.7,(0),(0),0.2,0.06,0.03,1.2,0.06,(0),19,0.29,(0),-,30,0.1,4,,,,,,,,,,,,,,,,,,,,,,,,6,169236
02,0,02002,＜いも類＞　こんにゃく　精粉,Konjac flour,6.0,3.0,0.1,79.9,5.6,194,30.25,57,160,18,3000,70,2.1,2.2,0.27,0.41,4,,1,5,44,1.1,(0),(0),0.2,(0),(0),(0),1.20,(0),65,1.52,(0),4.5,39.5,0,3.8,,,,,,,,,,,,,,,,,,,,,,,,7,168446
02,0,02003,＜いも類＞　こんにゃく　板こんにゃく　精粉こんにゃく,"Konjac, block, from konjac flour",97.3,0.1,Tr,2.2,0.3,5,0.7,43,5,10,33,2,0.4,0.1,0.02,0.02,-,,-,-,-,,(0),(0),0,(0),(0),(0),0.02,(0),1,0,(0),-,,,0,,,,,,,,,,,,,,,,,,,,,,,,8,170684
02,0,02004,＜いも類＞　こんにゃく　板こんにゃく　生いもこんにゃく,"Konjac, block, from raw potato",96.2,0.1,0.1,3.0,0.3,8,2.25,68,7,2,44,5,0.6,0.2,0.04,0.05,93,,0,1,1,0.7,(0),(0),Tr,0,0,Tr,0.02,(0),2,0,(0),0.1,13.6,0.3,20.2,,,,,,,,,,,,,,,,,,,,,,,,6,170073
02,0,02042,＜いも類＞　こんにゃく　赤こんにゃく,Red konjac,97.1,0.1,Tr,2.3,0.3,6,1.05,46,5,11,48,3,78.0,0.1,0.03,0.02,-,,-,-,-,0.6,(0),(0),0,0,(0),(0),0.02,(0),1,0,(0),-,17.1,38.2,57,,,,,,,,,,,,,,,,,,,,,,,,7,169977
02,0,02043,＜いも類＞　こんにゃく　凍みこんにゃく　乾,"Frozen-dried konjac, dried",12.0,3.3,1.4,71.3,6.2,192,43.75,1600,150,52,950,110,12.0,4.4,0.86,1.22,-,,(0),-,-,7.4,(0),(0),0.4,0,0,0.3,0.48,(0),61,0,(0),-,63.3,24.4,0,,,,,,,,,,,,,,,,,,,,,,,,5,170090
02,0,02044,＜いも類＞　こんにゃく　凍みこんにゃく　ゆで,"Frozen-dried konjac, boiled",80.8,0.7,0.3,15.5,1.4,42,9.55,340,32,11,210,23,2.7,1.0,0.19,0.27,-,,(0),-,-,0.6,(0),(0),0.1,0,0,0.1,0.10,(0),13,0,(0),-,11.4,49.4,12.4,,,,,,,,,,,,,,,,,,,,,,,,7,169262
02,0,02005,＜いも類＞　こんにゃく　しらたき,Shirataki noodles,96.5,0.2,Tr,2.9,0.3,7,1.05,75,10,10,12,4,0.5,0.1,0.02,0.03,-,,-,-,-,7.9,(0),(0),0,(0),(0),(0),0.01,(0),0,0,(0),-,93.2,0,0,,,,,,,,,,,,,,,,,,,,,,,,7,174258
02,2,02045,＜いも類＞　（さつまいも類）　さつまいも　塊根　皮つき　生,"Sweet potato, root, skin on, raw",64.6,0.9,0.5,2.8,0.9,127,113.45,40,46,23,380,24,0.5,0.2,0.13,0.37,1,,0,0,5,0.2,(0),(0),1.0,0.10,0.02,0.6,0.20,(0),49,0.48,(0),4.8,10.8,2.1,12.8,38,58,46,14,14,28,55,31,86,57,14,55,18,37,0.11,0.05,0.01,0.04,41,7,0,0,0,9,168484
02,4,02046,＜いも類＞　（さつまいも類）　さつまいも　塊根　皮つき　蒸し,"Sweet potato, root, skin on, steamed",64.2,0.9,0.2,3.8,1.0,129,109.5,40,47,22,390,23,0.5,0.2,0.13,0.39,1,,Tr,0,4,0.2,(0),(0),1.4,0.10,0.02,0.7,0.20,(0),54,0.56,(0),4.9,10.8,2.1,12.8,34,52,41,15,15,30,51,27,79,52,12,49,18,34,0.08,0.05,0.01,0.04,39,6,0,0,0,9,168484
02,0,02047,＜いも類＞　（さつまいも類）　さつまいも　塊根　皮つき　天ぷら,"Sweet potato, root, skin on, tempura",52.4,1.4,6.8,3.1,1.0,205,186.25,51,57,36,380,25,0.5,0.2,0.14,0.63,1,,Tr,0,5,0.4,(0),(0),2.6,0.11,0.04,0.7,0.20,0,57,0.60,11,5.3,26,4.6,7.5,56,92,54,25,30,55,80,42,120,70,19,74,30,54,6.07,1.68,0.49,1.18,1200,490,0,0,0,5,167606
02,9,02006,＜いも類＞　（さつまいも類）　さつまいも　塊根　皮なし　生,"Sweet potato, root, skinless, raw",65.6,1.2,0.2,2.2,1.0,126,110.2,36,47,11,480,24,0.6,0.2,0.17,0.41,1,,0,1,4,0.2,(0),(0),1.5,0.11,0.04,0.8,0.26,(0),49,0.90,(0),4.1,10.8,2.1,12.8,52,77,61,20,19,38,75,41,120,79,17,74,25,50,0.05,0.02,Tr,0.02,21,3,0,0,0,9,168484
02,5,02007,＜いも類＞　（さつまいも類）　さつまいも　塊根　皮なし　蒸し,"Sweet potato, root, skinless, steamed",65.6,1.2,0.2,2.3,1.0,131,109.85,36,47,11,480,24,0.6,0.2,0.17,0.41,1,,Tr,Tr,4,0.2,(0),(0),1.5,0.11,0.04,0.8,0.27,(0),50,0.90,(0),5.0,10.8,2.1,12.8,48,75,60,20,21,41,73,39,110,75,16,68,25,49,(0.05),(0.02),(Tr),(0.02),(21),(3),(0),(0),(0),8,168484
02,10,02008,＜いも類＞　（さつまいも類）　さつまいも　塊根　皮なし　焼き,"Sweet potato, root, skinless, baked",58.1,1.4,0.2,4.5,1.3,151,127.35,23,78,18,500,21,0.9,0.2,0.21,0.29,1,,1,Tr,5,0.2,(0),(0),1.4,0.13,0.06,0.7,0.33,(0),52,1.4,(0),7.2,13.1,2.3,19.6,61,92,66,28,23,50,87,52,140,80,18,86,34,59,(0.05),(0.03),(Tr),(0.02),(22),(3),(0),(0),(0),9,168483
02,0,02009,＜いも類＞　（さつまいも類）　さつまいも　蒸し切干,"Sweet potato, steamed and dried",22.2,3.1,0.6,8.2,2.2,277,238.9,53,93,18,980,22,2.1,0.2,0.30,0.40,1,,1,Tr,6,0.7,(0),(0),1.3,0.19,0.08,1.6,0.41,(0),13,1.35,(0),10.4,13,2.2,26.4,130,200,140,53,49,100,190,95,290,180,48,190,72,130,0.19,0.12,0.01,0.10,100,11,0,0,0,9,168485
02,15,02048,＜いも類＞　（さつまいも類）　むらさきいも　塊根　皮なし　生,"Purple sweet potato, root, skinless, raw",66.0,1.2,0.3,2.5,0.8,123,108.95,24,56,30,370,26,0.6,0.2,0.21,0.50,1,,0,0,2,0.2,(0),(0),1.3,0.12,0.02,1.3,0.18,(0),22,0.54,(0),6.1,10.8,2.1,12.8,45,68,51,20,18,38,61,36,97,61,15,64,20,44,0.10,0.04,Tr,0.04,39,5,0,0,0,8,168484
02,6,02049,＜いも類＞　（さつまいも類）　むらさきいも　塊根　皮なし　蒸し,"Purple sweet potato, root, skinless, steamed",66.2,1.2,0.3,3.0,0.9,122,106.15,34,55,28,420,26,0.6,0.3,0.22,0.44,Tr,,0,0,2,0.2,(0),(0),1.9,0.13,0.03,1.5,0.16,(0),24,0.61,(0),6.0,10.8,2.1,12.8,49,74,58,23,21,44,67,43,110,67,17,69,25,48,0.14,0.08,0.01,0.07,70,9,0,0,0,9,168484
02,15,02010,＜いも類＞　（さといも類）　さといも　球茎　生,"Taro, corm, raw",84.1,1.5,0.1,2.3,1.2,53,43.9,10,55,Tr,640,19,0.5,0.3,0.15,0.19,Tr,,1,0,8,0.7,(0),(0),0.6,0.07,0.02,1.0,0.15,(0),30,0.48,(0),3.1,17.3,1,4.5,46,110,67,17,44,61,78,79,160,64,31,74,28,96,0.05,0.03,Tr,0.03,26,5,-,-,-,6,169308
02,0,02011,＜いも類＞　（さといも類）　さといも　球茎　水煮,"Taro, corm, boiled",84.0,1.5,0.1,2.4,1.0,52,44.6,14,47,1,560,17,0.4,0.3,0.13,0.17,0,,Tr,0,7,1,(0),(0),0.5,0.06,0.02,0.8,0.14,(0),28,0.42,(0),2.8,,,18.9,51,120,73,19,45,64,84,85,170,70,34,81,30,100,(0.05),(0.03),(Tr),(0.03),(26),(5),-,-,-,8,169309
02,0,02012,＜いも類＞　（さといも類）　さといも　球茎　冷凍,"Taro, corm, frozen",80.9,2.2,0.1,8.7,0.7,56,34.45,20,53,3,340,20,0.6,0.4,0.13,0.57,Tr,,Tr,1,6,0.7,(0),(0),0.7,0.07,0.01,0.7,0.14,(0),23,0.32,(0),4.7,17.3,1,4.5,67,160,99,25,64,89,120,120,240,98,50,110,40,160,0.07,0.03,Tr,0.03,30,3,0,0,0,6,169308
02,25,02050,＜いも類＞　（さといも類）　セレベス　球茎　生,"Cocoyam (Celery taro), corm, raw",76.4,2.2,0.3,2.3,1.3,80,71.5,18,97,0,660,29,0.6,0.7,0.15,0.32,1,,0,Tr,24,0.7,(0),(0),0.6,0.10,0.03,1.7,0.21,(0),28,0.48,(0),3.0,,,5.2,71,170,96,28,51,78,110,93,210,91,42,110,47,160,0.20,0.11,0.01,0.09,94,10,0,0,0,4,169401
02,0,02051,＜いも類＞　（さといも類）　セレベス　球茎　水煮,"Cocoyam (Celery taro), corm, boiled",77.5,2.1,0.3,2.2,1.0,77,69.05,17,82,0,510,24,0.6,0.8,0.12,0.31,Tr,,0,0,20,0.7,(0),(0),0.6,0.08,0.02,1.5,0.16,(0),23,0.38,(0),2.7,,,5.2,70,170,95,28,53,80,110,91,200,90,41,110,50,150,0.16,0.08,0.01,0.08,76,9,0,0,0,7,169401
02,10,02052,＜いも類＞　（さといも類）　たけのこいも　球茎　生,"Bamboo taro, corm, raw",73.4,1.7,0.4,2.8,1.0,97,81.8,39,70,1,520,32,0.5,1.5,0.11,0.55,Tr,,Tr,0,10,0.7,(0),(0),0.8,0.05,0.03,0.7,0.21,(0),41,0.31,(0),3.3,17.3,1,4.5,53,120,72,20,38,58,87,63,150,68,28,82,34,110,0.21,0.10,0.01,0.09,86,14,0,0,0,4,169308
02,0,02053,＜いも類＞　（さといも類）　たけのこいも　球茎　水煮,"Bamboo taro, corm, boiled",75.4,1.6,0.4,2.4,0.8,86,76.9,37,63,1,410,28,0.5,1.5,0.09,0.53,Tr,,Tr,0,10,0.7,(0),(0),0.7,0.05,0.02,0.6,0.14,(0),39,0.23,(0),2.8,17.3,1,4.5,49,110,69,21,36,57,80,59,140,64,25,76,35,110,0.24,0.12,0.02,0.10,100,17,0,0,0,8,169308
02,15,02013,＜いも類＞　（さといも類）　みずいも　球茎　生,"Water taro, corm, raw",70.5,0.7,0.4,2.2,0.8,111,94.75,46,35,6,290,23,1.0,0.2,0.05,0.56,9,,1,0,1,0.7,(0),(0),0.6,0.16,0.02,0.6,0.21,(0),27,0.20,(0),2.4,17.3,1,4.5,20,40,31,8.6,14,23,27,21,48,25,9.9,29,15,36,0.22,0.10,0.01,0.09,87,11,0,0,0,4,169308
02,0,02014,＜いも類＞　（さといも類）　みずいも　球茎　水煮,"Water taro, corm, boiled",72.0,0.7,0.4,2.5,0.8,101,88.45,79,35,5,270,23,1.0,0.2,0.05,0.47,6,,1,0,1,0.7,(0),(0),0.6,0.16,0.02,0.6,0.17,(0),27,0.14,(0),2.1,17.3,1,4.5,22,45,34,9.3,16,26,30,24,54,27,11,33,16,42,0.22,0.10,0.01,0.09,89,12,0,0,0,8,169308
02,20,02015,＜いも類＞　（さといも類）　やつがしら　球茎　生,"Yatsugashira taro, corm, raw",74.5,3.0,0.7,2.8,1.3,94,78.4,39,72,1,630,42,0.7,1.4,0.23,1.30,1,,0,1,1,0.7,(0),(0),1.0,0.13,0.06,0.7,0.22,(0),39,0.50,(0),3.1,17.3,1,4.5,110,240,140,39,68,110,150,120,270,140,54,160,65,220,0.29,0.15,0.02,0.13,130,21,0,0,0,4,169308
02,0,02016,＜いも類＞　（さといも類）　やつがしら　球茎　水煮,"Yatsugashira taro, corm, boiled",75.6,2.7,0.6,2.8,1.1,92,74.75,34,56,1,520,39,0.6,1.3,0.21,1.25,Tr,,0,0,1,0.7,(0),(0),1.1,0.11,0.04,0.5,0.17,(0),30,0.49,(0),2.6,17.3,1,4.5,96,220,130,35,66,100,130,120,250,130,51,150,59,210,0.31,0.19,0.03,0.16,160,28,0,0,0,7,169308
02,1,02063,＜いも類＞　じゃがいも　塊茎　皮つき　生,"Potato, tuber, skin on, raw",81.1,1.8,0.1,9.8,1.0,51,28.85,4,46,1,420,19,1.0,0.2,0.09,0.42,1,,0,1,3,0.4,(0),(0),Tr,0.08,0.03,1.6,0.20,(0),20,0.49,1,0.5,12.1,2,19.7,59,92,94,25,22,47,67,46,110,66,18,91,30,84,0.03,0.01,Tr,0.01,9,4,0,0,0,4,170026
02,0,02064,＜いも類＞　じゃがいも　塊茎　皮つき　電子レンジ調理,"Potato, tuber, skin on, microwaved",77.6,2.1,0.2,3.9,0.9,78,62.6,4,58,Tr,430,23,0.9,0.3,0.12,0.45,1,,Tr,1,3,0.4,(0),(0),0.1,0.07,0.02,1.7,0.19,(0),15,0.33,1,0.6,,,15.1,67,100,110,30,25,55,76,58,130,75,22,100,34,96,0.02,0.01,Tr,0.01,11,4,0,0,0,8,170522
02,0,02065,＜いも類＞　じゃがいも　塊茎　皮つき　フライドポテト　（生を揚げたもの）,"Potato, tuber, skin on, french fries (fresh fried)",65.2,2.7,5.6,4.3,1.1,153,130.9,6,78,1,580,29,1.6,0.4,0.14,0.55,2,,0,2,4,,(0),(0),1.1,0.09,0.03,2.3,0.22,(0),26,0.45,11,0.8,,2.2,17.3,85,140,130,35,35,69,96,82,180,97,26,130,46,120,5.11,1.50,0.48,1.03,1000,480,0,0,0,4,170523
02,10,02017,＜いも類＞　じゃがいも　塊茎　皮なし　生,"Potato, tuber, skinless, raw",79.8,1.8,0.1,8.9,1.0,59,36.55,4,47,1,410,19,0.4,0.2,0.09,0.37,1,,0,4,3,0.4,(0),(0),Tr,0.09,0.03,1.5,0.20,(0),20,0.50,1,0.4,12.1,2,19.7,56,87,91,25,22,48,64,45,110,64,18,88,30,85,0.04,0.02,0.01,0.02,16,6,0,0,0,5,170026
02,0,02019,＜いも類＞　じゃがいも　塊茎　皮なし　水煮,"Potato, tuber, skinless, boiled",80.6,1.7,0.1,3.1,0.7,71,55.1,4,32,1,340,16,0.6,0.2,0.10,0.10,0,,0,2,3,0.3,(0),(0),0.1,0.07,0.03,1.0,0.18,(0),18,0.41,(0),0.3,13.5,2.2,13,57,93,95,26,23,49,66,63,130,66,20,87,31,86,(0.04),(0.03),(0.01),(0.02),(18),(7),-,-,-,8,170438
02,5,02018,＜いも類＞　じゃがいも　塊茎　皮なし　蒸し,"Potato, tuber, skinless, steamed",78.8,1.9,0.3,3.5,0.9,76,60.3,5,38,1,420,24,0.6,0.3,0.08,0.12,Tr,,Tr,1,4,0.3,(0),(0),0.1,0.08,0.03,1.0,0.22,(0),21,0.50,(0),0.4,13.5,2.2,13,63,97,100,30,25,55,73,63,140,71,22,96,33,89,(0.10),(0.06),(0.02),(0.04),(45),(18),-,-,-,8,170438
02,6,02066,＜いも類＞　じゃがいも　塊茎　皮なし　電子レンジ調理,"Potato, tuber, skinless, microwaved",78.0,1.9,0.1,3.5,1.0,78,61.75,4,47,1,430,20,0.4,0.3,0.10,0.40,1,,0,Tr,3,0.4,(0),(0),Tr,0.09,0.03,1.4,0.20,(0),17,0.47,1,0.4,,,15.1,62,96,98,27,22,49,71,54,120,69,20,95,32,90,0.01,0.01,Tr,0.01,7,2,0,0,0,9,170441
02,0,02067,＜いも類＞　じゃがいも　塊茎　皮なし　フライドポテト　（生を揚げたもの）,"Potato, tuber, skinless, french fries (fresh fried)",64.2,2.7,5.9,3.9,1.0,159,137.65,5,78,1,570,29,0.5,0.4,0.14,0.48,1,,0,Tr,4,,(0),(0),1.2,0.10,0.02,2.2,0.24,(0),24,0.50,11,0.7,,2.2,17.3,84,130,130,35,34,69,95,81,180,95,25,130,46,130,5.28,1.55,0.49,1.06,1100,490,0,0,0,5,170523
02,0,02020,＜いも類＞　じゃがいも　塊茎　皮なし　フライドポテト　（市販冷凍食品を揚げたもの）,"Potato, tuber, skinless, french fries (frozen fried)",52.9,2.9,10.6,3.1,1.2,229,202.8,4,48,2,660,35,0.8,0.4,0.15,0.19,-,,-,-,-,,(0),(0),1.5,0.12,0.06,1.5,0.35,(0),35,0.71,18,-,,2.2,17.3,(97),(160),(160),(44),(39),(82),(110),(110),(220),(110),(33),(150),(52),(150),(9.85),(2.74),(0.79),(1.95),(2000),(790),(0),(0),(0),4,170523
02,0,02021,＜いも類＞　じゃがいも　乾燥マッシュポテト,"Potato, dehydrated, mashed",7.5,6.6,0.6,6.6,2.5,347,294.9,24,150,75,1200,71,3.1,0.9,0.35,0.51,-,,-,-,-,27.1,(0),(0),0.2,0.25,0.05,2.0,1.01,(0),100,0.47,(0),-,56.6,9,37,240,420,390,92,98,190,280,230,520,280,85,350,140,320,0.46,0.07,0.01,0.05,55,14,0,0,0,6,170039
02,15,02054,＜いも類＞　ヤーコン　塊根　生,"Yacon, root, raw",86.3,0.6,0.3,1.1,0.4,52,44.2,11,31,0,240,8,0.2,0.1,0.07,0.07,-,,-,-,-,0.7,(0),(0),0.2,0.04,0.01,1.0,0.08,(0),25,0.02,(0),-,16.5,2.3,17.1,,,,,,,,,,,,,,,,,,,,,,,,8,170071
02,0,02055,＜いも類＞　ヤーコン　塊根　水煮,"Yacon, tuber, boiled",88.8,0.6,0.3,1.2,0.4,42,35.1,11,26,0,190,7,0.2,0.1,0.06,0.07,-,,-,-,-,0.7,(0),(0),0.2,0.03,0.01,0.7,0.06,(0),28,0.01,(0),-,,,14.1,,,,,,,,,,,,,,,,,,,,,,,,8,169358
02,15,02022,＜いも類＞　（やまのいも類）　ながいも　いちょういも　塊根　生,"Yam, ichoimo, raw",71.1,4.5,0.5,1.4,1.3,108,94.2,12,65,5,590,19,0.6,0.4,0.20,0.05,1,,1,0,3,0.7,(0),(0),0.3,0.15,0.05,0.4,0.11,(0),13,0.85,(0),2.6,16.5,2.3,17.1,140,230,170,57,41,98,200,120,320,120,64,180,85,620,0.27,0.13,0.01,0.12,120,9,0,0,0,8,170071
02,10,02023,＜いも類＞　（やまのいも類）　ながいも　ながいも　塊根　生,"Yam, nagaimo, raw",82.6,2.2,0.3,1.0,1.0,64,55.4,17,27,3,430,17,0.4,0.3,0.10,0.03,1,,1,Tr,2,0.7,(0),(0),0.2,0.10,0.02,0.4,0.09,(0),8,0.61,(0),2.2,16.5,2.3,17.1,57,83,68,21,17,38,73,43,120,65,28,75,37,200,0.14,0.08,0.01,0.07,75,9,-,-,-,8,170071
02,0,02024,＜いも類＞　（やまのいも類）　ながいも　ながいも　塊根　水煮,"Yam, nagaimo, boiled",84.2,2.0,0.3,1.4,0.9,58,48.75,15,26,3,430,16,0.4,0.3,0.09,0.03,1,,0,0,1,0.7,(0),(0),0.2,0.08,0.02,0.3,0.08,(0),6,0.50,(0),1.6,16.5,2.3,17.1,57,85,69,21,19,40,75,45,120,61,27,74,36,180,(0.14),(0.08),(0.01),(0.07),(75),(9),-,-,-,8,170071
02,10,02025,＜いも類＞　（やまのいも類）　ながいも　やまといも　塊根　生,"Yam, yamaimo, raw",66.7,4.5,0.2,2.5,1.5,119,103.55,16,72,12,590,28,0.5,0.6,0.16,0.27,1,,1,0,4,0.7,(0),(0),0.2,0.13,0.02,0.5,0.14,(0),6,0.54,(0),4.0,16.5,2.3,17.1,130,230,170,56,40,96,180,120,310,120,62,170,84,590,0.12,0.07,0.01,0.06,58,9,0,0,0,7,170071
02,20,02026,＜いも類＞　（やまのいも類）　じねんじょ　塊根　生,"Yam, jinenjo, raw",68.8,2.8,0.7,2.0,1.0,118,102.2,10,31,6,550,21,0.8,0.7,0.21,0.12,Tr,,Tr,0,1,0.7,(0),(0),4.1,0.11,0.04,0.6,0.18,(0),29,0.67,(0),2.4,16.5,2.3,17.1,88,150,100,34,26,61,110,75,190,83,41,110,54,260,0.27,0.11,0.02,0.10,98,16,0,0,0,7,170071
02,15,02027,＜いも類＞　（やまのいも類）　だいじょ　塊根　生,"Yam, daijo, raw",71.2,2.6,0.1,2.2,1.1,102,89.75,14,57,20,490,18,0.7,0.3,0.24,0.03,Tr,,1,Tr,4,0.7,(0),(0),0.4,0.10,0.02,0.4,0.28,(0),24,0.45,(0),3.0,16.5,2.3,17.1,85,150,99,33,22,55,120,74,190,88,36,100,55,240,0.04,0.02,Tr,0.02,16,2,0,0,0,6,170071
02,0,02070,＜でん粉・でん粉製品＞　（でん粉類）　おおうばゆりでん粉,Lily bulb starch,16.2,0.1,0.1,0.8,Tr,327,291,5,6,1,1,1,0.1,Tr,0.01,0.02,0,,0,0,0,2.8,-,-,0,0,0,0,0,-,Tr,0.01,0,0,0.4,0,0,,,,,,,,,,,,,,,,,,,,,,,,7,169698
02,0,02028,＜でん粉・でん粉製品＞　（でん粉類）　キャッサバでん粉,Cassava starch,14.2,0.1,0.2,(0),0.2,354,300.6,28,6,1,48,5,0.3,Tr,0.03,0.09,-,,-,-,-,,0,(0),-,0,0,0,(0),(0),(0),(0),(0),-,,,0,,,,,,,,,,,,,,,,,,,,,,,,7,170684
02,0,02029,＜でん粉・でん粉製品＞　（でん粉類）　くずでん粉,Kudzu starch,13.9,0.2,0.2,(0),0.1,356,302,18,12,2,2,3,2.0,Tr,0.02,0.02,-,,-,-,-,2.8,(0),(0),-,(0),(0),(0),(0),(0),(0),(0),(0),-,0.4,0,0,,,,,,,,,,,,,,,,,,,,,,,,8,169698
02,0,02030,＜でん粉・でん粉製品＞　（でん粉類）　米でん粉,Rice starch,9.7,0.2,0.7,(0),0.1,375,319.2,29,20,11,2,8,1.5,0.1,0.06,-,-,,-,-,-,2.8,0,(0),-,0,0,0,(0),(0),(0),(0),(0),-,0.4,0,0,,,,,,,,,,,,,,,,,,,,,,,,8,169698
02,0,02031,＜でん粉・でん粉製品＞　（でん粉類）　小麦でん粉,Wheat starch,13.1,0.2,0.5,(0),0.2,360,305.95,14,33,3,8,5,0.6,0.1,0.02,0.06,-,,-,-,-,2.8,0,(0),-,0,0,0,(0),(0),(0),(0),(0),-,0.4,0,0,,,,,,,,,,,,,,,,,,,,,,,,8,169698
02,0,02032,＜でん粉・でん粉製品＞　（でん粉類）　サゴでん粉,Sago starch,13.4,0.1,0.2,(0),0.2,357,303.4,7,9,7,1,3,1.8,Tr,Tr,0.37,-,,-,-,-,2.8,(0),(0),-,(0),(0),(0),(0),(0),(0),(0),(0),-,0.4,0,0,,,,,,,,,,,,,,,,,,,,,,,,8,169698
02,0,02033,＜でん粉・でん粉製品＞　（でん粉類）　さつまいもでん粉,Sweet potato starch,17.5,0.1,0.2,(0),0.2,340,289.05,50,8,1,4,4,2.8,0.1,0.02,-,-,,-,-,-,,0,(0),-,0,0,0,(0),(0),(0),(0),(0),-,,,0,,,,,,,,,,,,,,,,,,,,,,,,7,170684
02,0,02034,＜でん粉・でん粉製品＞　（でん粉類）　じゃがいもでん粉,Potato starch,18.0,0.1,0.1,(0),0.2,338,286.8,10,40,2,34,6,0.6,Tr,0.03,-,0,,0,6,0,1.1,0,(0),-,0,0,0,(0),(0),(0),(0),(0),0,39.5,0,3.8,,,,,,,,,,,,,,,,,,,,,,,,9,168446
02,0,02035,＜でん粉・でん粉製品＞　（でん粉類）　とうもろこしでん粉,Corn starch,12.8,0.1,0.7,(0),0.1,363,308.35,3,13,1,5,4,0.3,0.1,0.04,-,1,,Tr,1,2,2.8,0,(0),-,0,0,0,(0),(0),(0),(0),(0),0.1,0.4,0,0,,,,,,,,,,,,,,,(0.70),(0.35),(0),(0.35),(350),(0),(0),(0),(0),8,169698
02,0,02036,＜でん粉・でん粉製品＞　（でん粉製品）　くずきり　乾,"Kuzukiri, dried",11.8,0.2,0.2,0.9,0.1,341,306.2,19,18,4,3,4,1.4,0.1,0.03,0.05,-,,-,-,-,7.9,(0),(0),-,(0),(0),(0),(0),(0),(0),(0),(0),-,93.2,0,0,,,,,,,,,,,,,,,,,,,,,,,,7,174258
02,0,02037,＜でん粉・でん粉製品＞　（でん粉製品）　くずきり　ゆで,"Kuzukiri, boiled",66.5,0.1,0.1,0.8,Tr,133,114.95,5,5,2,Tr,1,0.4,Tr,0.01,0.01,-,,-,-,-,,(0),(0),-,(0),(0),(0),(0),(0),(0),(0),(0),-,,,,,,,,,,,,,,,,,,,,,,,,,,,8,167632
02,0,02056,＜でん粉・でん粉製品＞　（でん粉製品）　ごま豆腐,Sesame tofu,84.8,1.5,4.3,1.0,0.2,75,70.5,6,69,Tr,32,27,0.6,0.4,0.12,0.10,-,,-,-,-,1.6,0,0,0,0.10,0.01,0.4,0.03,0,6,0.03,0,-,26.2,53.4,0,(66),(120),(47),(55),(36),(91),(80),(62),(140),(69),(28),(85),(48),(220),(3.36),(1.58),(0.01),(1.56),(1600),(12),(0),(0),(0),6,167695
02,0,02038,＜でん粉・でん粉製品＞　（でん粉製品）　タピオカパール　乾,"Tapioca pearls, dry",11.9,0,0.2,0.5,0.1,352,307.25,24,8,5,12,3,0.5,0.1,0.01,0.13,-,,-,-,-,0.8,(0),(0),(0),(0),(0),(0),(0),(0),(0),(0),(0),-,1.2,0,0,,,,,,,,,,,,,,,,,,,,,,,,7,169717
02,0,02057,＜でん粉・でん粉製品＞　（でん粉製品）　タピオカパール　ゆで,"Tapioca pearls, boiled",84.6,0,Tr,0.2,Tr,61,53.2,4,1,Tr,1,0,0.1,0,0,0.01,-,,-,-,-,0.8,(0),(0),(0),(0),(0),(0),(0),(0),(0),(0),(0),-,1.2,0,0,,,,,,,,,,,,,,,,,,,,,,,,7,169717
02,0,02058,＜でん粉・でん粉製品＞　（でん粉製品）　でん粉めん　生,"Starch noodles, raw",67.4,0.1,0.2,0.8,0.2,129,111.6,1,31,8,3,0,0.1,0,0,0,-,,-,-,-,4.5,(0),(0),(0),(0),(0),(0),(0),(0),(0),(0),(0),-,1.6,0,0,,,,,,,,,,,,,,,,,,,,,,,,6,168914
02,0,02059,＜でん粉・でん粉製品＞　（でん粉製品）　でん粉めん　乾,"Starch noodles, dry",12.6,0.2,0.3,1.8,0.2,347,300.4,6,48,32,38,5,0.2,Tr,0,0.02,-,,-,-,-,15.1,(0),(0),(0),(0),(0),(0),(0),(0),(0),(0),(0),-,5.5,0,0,,,,,,,,,,,,,,,,,,,,,,,,7,169742
02,0,02060,＜でん粉・でん粉製品＞　（でん粉製品）　でん粉めん　乾　ゆで,"Starch noodles, boiled",79.2,0,0.2,0.6,Tr,83,71.7,1,11,5,7,1,0.1,0,0,0,-,,-,-,-,4.5,(0),(0),(0),(0),(0),(0),(0),(0),(0),(0),(0),-,1.6,0,0,,,,,,,,,,,,,,,,,,,,,,,,6,168914
02,0,02039,＜でん粉・でん粉製品＞　（でん粉製品）　はるさめ　緑豆はるさめ　乾,"Glass noodles, mung bean, dry",11.8,0.2,0.4,4.1,0.1,344,296,20,10,14,13,3,0.5,0.1,0.01,0.02,2,,1,5,1,7.9,(0),(0),(0),(0),(0),(0),(0),(0),(0),(0),(0),-,93.2,0,0,,,,,,,,,,,,,,,,,,,,,,,,8,174258
02,0,02061,＜でん粉・でん粉製品＞　（でん粉製品）　はるさめ　緑豆はるさめ　ゆで,"Glass noodles, mung bean, boiled",79.3,Tr,0.1,1.5,Tr,78,67.7,3,3,0,0,Tr,0.1,Tr,0,0,0,,0,1,0,0,(0),(0),(0),(0),(0),(0),(0),(0),(0),(0),(0),-,0.3,0.7,0.4,,,,,,,,,,,,,,,,,,,,,,,,8,171583
02,0,02040,＜でん粉・でん粉製品＞　（でん粉製品）　はるさめ　普通はるさめ　乾,"Glass noodles, regular, dry",12.9,0,0.2,1.2,0.3,346,300.6,41,46,7,14,5,0.4,Tr,0.01,0.05,0,,0,4,0,7.9,(0),(0),(0),(0),(0),(0),(0),(0),(0),(0),(0),-,93.2,0,0,,,,,,,,,,,,,,,,,,,,,,,,8,174258
02,0,02062,＜でん粉・でん粉製品＞　（でん粉製品）　はるさめ　普通はるさめ　ゆで,"Glass noodles, regular, boiled",80.0,0,Tr,0.8,0.1,76,66.85,10,10,1,2,1,0.1,0,0,0.01,0,,0,1,0,4.5,(0),(0),(0),(0),(0),(0),(0),(0),(0),(0),(0),-,1.6,0,0,,,,,,,,,,,,,,,,,,,,,,,,7,168914
03,0,03001,（砂糖類）　黒砂糖,Brown sugar,4.4,1.7,Tr,(0),3.6,352,322,240,31,27,1100,31,4.7,0.5,0.24,0.93,15,,4,13,9,1.2,(0),(0),(0),0.05,0.07,0.8,0.72,(0),10,1.39,(0),34.0,2.3,0,0,14,21,6.6,4.0,12,16,13,9.2,22,21,4.6,28,4.3,6.2,,,,,,,,,,6,168833
03,0,03030,（砂糖類）　てんさい含蜜糖,"Beet sugar, unrefined",2.0,0.9,Tr,8.3,0.1,357,313.6,Tr,1,48,27,0,0.1,Tr,Tr,Tr,0,,0,0,0,,-,-,-,0,0,0.2,0.01,-,1,0,-,Tr,,,,,,,,,,,,,,,,,,,,,,,,,,,6,170674
03,0,03002,（砂糖類）　和三盆糖,Wasanbon sugar,0.3,0.2,Tr,(0),0.5,393,347.2,27,13,1,140,17,0.7,0.2,0.07,0.30,0,,0,2,Tr,2.3,(0),(0),(0),0.01,0.03,Tr,0.08,(0),2,0.37,(0),0.9,,,0,,,,,,,,,,,,,,,,,,,,,,,,5,173730
03,0,03003,（砂糖類）　車糖　上白糖,White sugar,0.7,(0),(0),(0),0,391,347.55,1,Tr,1,2,Tr,Tr,0,0.01,0,0,,0,0,0,0.6,(0),(0),(0),(0),(0),(0),(0),(0),(0),(0),(0),0.1,0,0,0,,,,,,,,,,,,,,,,,,,,,,,,4,169656
03,0,03004,（砂糖類）　車糖　三温糖,Light brown sugar,0.9,Tr,(0),(0),0.1,390,346.5,6,Tr,7,13,2,0.1,Tr,0.07,0.01,0,,0,Tr,0,1.2,(0),(0),(0),Tr,0.01,Tr,(0),(0),(0),(0),(0),0.3,2.3,0,0,,,,,,,,,,,,,,,,,,,,,,,,5,168833
03,0,03005,（砂糖類）　ざらめ糖　グラニュー糖,Granulated sugar,Tr,(0),(0),(0),0,394,350,Tr,(0),Tr,Tr,0,Tr,Tr,0,0,0,,0,0,0,,(0),(0),(0),(0),(0),(0),(0),(0),(0),(0),(0),0.1,,,,,,,,,,,,,,,,,,,,,,,,,,,5,
03,0,03006,（砂糖類）　ざらめ糖　白ざら糖,White rock sugar,Tr,(0),(0),(0),0,393,350,0,(0),Tr,Tr,0,Tr,0,0,-,-,,-,-,-,,(0),(0),(0),(0),(0),(0),(0),(0),(0),(0),(0),-,,,,,,,,,,,,,,,,,,,,,,,,,,,5,
03,0,03007,（砂糖類）　ざらめ糖　中ざら糖,Medium rock sugar,Tr,(0),(0),(0),Tr,393,350,Tr,Tr,2,1,Tr,0.1,Tr,0.02,-,-,,-,-,-,0.6,(0),(0),(0),(0),(0),(0),(0),(0),(0),(0),(0),-,0,0,0,,,,,,,,,,,,,,,,,,,,,,,,5,169656
03,0,03008,（砂糖類）　加工糖　角砂糖,Sugar cubes,Tr,(0),(0),(0),0,394,350,Tr,(0),Tr,Tr,0,0.1,0,0.01,-,-,,-,-,-,,(0),(0),(0),(0),(0),(0),(0),(0),(0),(0),(0),-,,,,,,,,,,,,,,,,,,,,,,,,,,,4,
03,0,03009,（砂糖類）　加工糖　氷砂糖,Rock sugar,Tr,(0),(0),(0),0,394,350,Tr,(0),Tr,Tr,Tr,0.1,Tr,0,-,-,,-,-,-,,(0),(0),(0),(0),(0),(0),(0),(0),(0),(0),(0),-,,,,,,,,,,,,,,,,,,,,,,,,,,,6,
03,0,03010,（砂糖類）　加工糖　コーヒーシュガー,Coffee sugar,0.1,0.1,(0),(0),Tr,394,349.65,1,Tr,2,Tr,Tr,0.2,1.2,0.01,-,-,,-,-,-,0.3,(0),(0),(0),(0),(0),(0),(0),(0),(0),(0),(0),-,,,0,,,,,,,,,,,,,,,,,,,,,,,,5,173665
03,0,03011,（砂糖類）　加工糖　粉糖,Powdered sugar,0.3,(0),(0),(0),0,393,348.95,Tr,0,1,1,Tr,0.2,0,0,-,-,,-,-,-,0.6,(0),(0),(0),(0),(0),(0),(0),(0),(0),(0),(0),-,0,0,0,,,,,,,,,,,,,,,,,,,,,,,,4,169656
03,0,03012,（砂糖類）　液糖　しょ糖型液糖,"Liquid sugar, sucrose type",32.1,(0),(0),(0),Tr,267,237.65,Tr,0,Tr,Tr,Tr,Tr,0,0.01,-,-,,-,-,-,,(0),(0),(0),(0),(0),(0),(0),(0),(0),(0),(0),-,,,,,,,,,,,,,,,,,,,,,,,,,,,5,
03,0,03013,（砂糖類）　液糖　転化型液糖,"Liquid sugar, invert type",23.4,(0),(0),(0),Tr,294,268.1,Tr,Tr,4,Tr,Tr,Tr,0,Tr,-,-,,-,-,-,,(0),(0),(0),(0),(0),(0),(0),(0),(0),(0),(0),-,,,,,,,,,,,,,,,,,,,,,,,,,,,5,
03,0,03014,（砂糖類）　氷糖みつ,Rock sugar syrup,31.5,0.2,(0),(0),0.1,274,239.4,Tr,Tr,10,Tr,Tr,0.7,0.1,0,-,-,,-,-,-,1.7,(0),(0),(0),0.01,0.02,0.1,(0),(0),(0),(0),(0),-,8,0,0,,,,,,,,,,,,,,,,,,,,,,,,5,169058
03,0,03031,（でん粉糖類）　還元麦芽糖,Maltitol,0,0,Tr,0.3,0,208,348.95,Tr,0,0,Tr,0,Tr,0,Tr,0,0,,0,0,0,,-,-,-,0,0,0,0,-,Tr,Tr,-,0,,,,,,,,,,,,,,,,,,,,,,,,,,,4,
03,0,03032,（でん粉糖類）　還元水あめ,Reduced starch syrup,30.1,0,Tr,14.0†,0,210,195.65,Tr,1,0,Tr,0,0,0,Tr,0,0,,0,0,0,,-,-,-,0,0,0,0,-,0,0,-,0,,,,,,,,,,,,,,,,,,,,,,,,,,,5,
03,0,03015,（でん粉糖類）　粉あめ,Maltodextrin,3.0,(0),(0),(0),0,397,339.5,Tr,1,Tr,Tr,0,0.1,0,Tr,0,-,,-,-,-,1.7,(0),(0),(0),(0),(0),(0),(0),(0),(0),(0),(0),-,13.3,22.5,17,,,,,,,,,,,,,,,,,,,,,,,,5,170277
03,0,03024,（でん粉糖類）　水あめ　酵素糖化,"Starch syrup, enzyme-converted",15.0,(0),(0),(0),Tr,342,297.5,Tr,1,Tr,0,0,0.1,0,Tr,0.01,0,,0,0,0,1.7,(0),(0),(0),(0),(0),(0),(0),(0),(0),(0),(0),0,13.3,22.5,17,,,,,,,,,,,,,,,,,,,,,,,,6,170277
03,0,03025,（でん粉糖類）　水あめ　酸糖化,"Starch syrup, acid-converted",15.0,(0),(0),(0),Tr,341,297.5,Tr,1,Tr,0,0,0.1,0,Tr,0.01,0,,0,0,0,1.7,(0),(0),(0),(0),(0),(0),(0),(0),(0),(0),(0),0,13.3,22.5,17,,,,,,,,,,,,,,,,,,,,,,,,5,170277
03,0,03017,（でん粉糖類）　ぶどう糖　全糖,"Glucose, anhydrous",9.0,(0),(0),(0),0,342,318.5,Tr,1,Tr,Tr,0,0.1,0,Tr,0,-,,-,-,-,1.7,(0),(0),(0),(0),(0),(0),(0),(0),(0),(0),(0),-,13.3,22.5,17,,,,,,,,,,,,,,,,,,,,,,,,5,170277
03,0,03018,（でん粉糖類）　ぶどう糖　含水結晶,"Glucose, hydrated",8.7,(0),(0),(0),0,342,319.55,Tr,Tr,Tr,Tr,0,0.1,Tr,0.01,0,-,,-,-,-,1.7,(0),(0),(0),(0),(0),(0),(0),(0),(0),(0),(0),-,13.3,22.5,17,,,,,,,,,,,,,,,,,,,,,,,,6,170277
03,0,03019,（でん粉糖類）　ぶどう糖　無水結晶,"Glucose, anhydrous",0.3,(0),(0),(0),0,374,348.95,Tr,Tr,Tr,Tr,0,0.1,0,Tr,0,-,,-,-,-,,(0),(0),(0),(0),(0),(0),(0),(0),(0),(0),(0),-,,,,,,,,,,,,,,,,,,,,,,,,,,,5,
03,0,03020,（でん粉糖類）　果糖,Fructose,0.1,(0),(0),(0),0,375,349.65,Tr,0,Tr,Tr,Tr,Tr,0,Tr,0,-,,-,-,-,,(0),(0),(0),(0),(0),(0),(0),(0),(0),(0),(0),-,,,,,,,,,,,,,,,,,,,,,,,,,,,5,
03,0,03026,（でん粉糖類）　異性化液糖　ぶどう糖果糖液糖,"High fructose corn syrup, glucose-fructose syrup",25.0,0,0,(0),Tr,283,262.5,Tr,1,Tr,Tr,0,0.1,0,Tr,0,0,,0,0,0,1.7,0,(0),(0),0,0,0,(0),(0),(0),(0),(0),0,13.3,22.5,17,,,,,,,,,,,,,,,,,,,,,,,,5,170277
03,0,03027,（でん粉糖類）　異性化液糖　果糖ぶどう糖液糖,"High fructose corn syrup, fructose-glucose syrup",25.0,0,0,(0),Tr,283,262.5,Tr,1,Tr,Tr,0,0.1,0,Tr,0,0,,0,0,0,1.7,0,(0),(0),0,0,0,(0),(0),(0),(0),(0),0,13.3,22.5,17,,,,,,,,,,,,,,,,,,,,,,,,5,170277
03,0,03028,（でん粉糖類）　異性化液糖　高果糖液糖,High fructose corn syrup,25.0,0,0,(0),Tr,282,262.5,Tr,1,Tr,Tr,0,0.1,0,Tr,0,0,,0,0,0,1.7,0,(0),(0),0,0,0,(0),(0),(0),(0),(0),0,13.3,22.5,17,,,,,,,,,,,,,,,,,,,,,,,,5,170277
03,0,03029,（その他）　黒蜜,Kuromitsu (Japanese black sugar syrup),46.5,1.0,0,0,2.0,199,180.25,140,17,15,620,17,2.6,0.3,0.14,-,8,,2,7,5,1.7,0,0,0,0.03,0.04,0.5,0.41,0,6,0.78,0,19.0,13.3,0,0,,,,,,,,,,,,,,,,,,,,,,,,5,169662
03,0,03022,（その他）　はちみつ,Honey,17.6,0.3,Tr,(0),0.1,329,288.05,4,5,2,65,2,0.2,0.1,0.04,0.21,Tr,,0,1,0,0.8,(0),(0),0,Tr,0.01,0.3,0.02,0,7,0.12,0,0.4,2.2,0,0.5,(7.4),(9.3),(7.4),(0.9),(2.8),(3.7),(10),(7.4),(18),(3.7),(3.7),(8.4),(0.9),(4.6),,,,,,,,,,7,169640
03,0,03033,（その他）　はちみつ　国産品　,"Honey, domestic",18.1,0.1,Tr,-,Tr,328,286.65,2,3,1,23,1,0.1,Tr,0.01,0.09,0,,0,0,0,0.8,-,-,-,Tr,Tr,0.1,0.03,-,Tr,0.04,-,0.2,2.2,0,0.5,,,,,,,,,,,,,,,,,,,,,,,,7,169640
03,0,03023,（その他）　メープルシロップ,Maple syrup,33.0,0.1,0,(0),0.6,266,232.4,75,1,1,230,18,0.4,1.5,0.01,2.01,4,,0,5,2,0.6,(0),(0),(0),Tr,0.02,Tr,Tr,(0),1,0.13,(0),0.1,1.6,0,0,,,,,,,,,,,,,,,,,,,,,,,,5,169661
04,0,04001,あずき　全粒　乾,"Adzuki beans, whole, dry",14.2,20.8,2.0,24.8,3.4,304,211.6,70,350,1,1300,130,5.5,2.4,0.68,1.09,0,,1,2,210,3.1,(0),(0),0.1,0.46,0.16,2.2,0.40,(0),130,1.02,8,9.6,,,0,920,1700,1600,310,280,600,1200,610,1800,830,240,1100,700,1400,0.80,0.50,0.15,0.35,350,150,-,-,-,6,173727
04,0,04002,あずき　全粒　ゆで,"Adzuki beans, whole, boiled",63.9,8.6,0.8,8.7,1.0,124,96.4,27,95,1,430,43,1.6,0.9,0.30,0.44,0,,Tr,1,90,1.2,(0),(0),0.1,0.15,0.04,0.5,0.11,(0),23,0.43,3,3.3,,,0,380,700,670,130,110,240,520,260,780,340,100,470,290,580,(0.33),(0.21),(0.06),(0.14),(140),(63),-,-,-,7,173728
04,0,04003,あずき　ゆで小豆缶詰,"Adzuki beans, canned, boiled",45.3,4.4,0.4,3.4,0.7,202,179.1,13,80,90,160,36,1.3,0.4,0.12,0.28,-,,-,-,-,1.2,(0),(0),0,0.02,0.04,0.3,0.05,(0),13,0.14,4,-,,,0,180,350,320,66,43,110,250,120,380,170,46,230,140,280,0.22,0.14,0.04,0.09,95,42,0,0,0,6,173789
04,0,04004,あずき　あん　こし生あん,"Adzuki bean paste, strained, raw",62.0,9.8,0.6,6.8,0.5,147,110.45,73,85,3,60,30,2.8,1.1,0.23,0.74,Tr,,1,1,59,1.2,(0),(0),0,0.02,0.05,0.1,0,(0),2,0.07,7,2.5,,,0,450,850,740,150,100,250,620,290,910,380,100,530,320,650,(0.24),(0.15),(0.05),(0.10),(100),(46),-,-,-,5,173728
04,0,04005,あずき　あん　さらしあん　（乾燥あん）,"Adzuki bean paste, dried",7.8,23.5,1.0,26.8,1.0,335,230.4,58,210,11,170,83,7.2,2.3,0.40,1.33,2,,1,13,150,3.2,(0),(0),0.1,0.01,0.03,0.8,0.03,(0),2,0.10,5,7.2,,,0,1200,2100,1700,350,370,720,1500,760,2200,960,260,1400,780,1400,(0.39),(0.24),(0.07),(0.17),(170),(75),-,-,-,5,173729
04,0,04101,あずき　あん　こし練りあん　（並あん）,"Adzuki bean paste, strained, kneaded (regular)",(35.0),(5.6),(0.3),(3.9),(0.3),255,350,(42),(49),(2),(35),(17),(1.6),(0.6),(0.14),(0.42),0,,0,(1),(34),2.3,(0),(0),0,(0.01),(0.03),(0.1),0,(0),(1),(0.04),(4),(1.4),,,0,(260),(490),(420),(86),(57),(140),(350),(170),(520),(220),(60),(300),(190),(370),,,,,,,,,,5,173730
04,0,04102,あずき　あん　こし練りあん　（中割りあん）,"Adzuki bean paste, strained, kneaded (medium)",(33.2),(5.1),(0.3),(3.5),(0.3),262,350,(38),(44),(2),(32),(16),(1.5),(0.6),(0.12),(0.38),0,,0,(1),(31),2.3,(0),(0),0,(0.01),(0.03),(0.1),0,(0),(1),(0.04),(4),(1.3),,,0,(230),(440),(390),(78),(52),(130),(320),(150),(470),(200),(55),(280),(170),(340),,,,,,,,,,5,173730
04,0,04103,あずき　あん　こし練りあん　（もなかあん）,"Adzuki bean paste, strained, kneaded (monaka)",(25.7),(5.1),(0.3),(3.5),(0.3),292,350,(38),(44),(2),(32),(16),(1.5),(0.6),(0.12),(0.38),0,,0,(1),(31),2.3,(0),(0),0,(0.01),(0.03),(0.1),0,(0),(1),(0.04),(4),(1.3),,,0,(230),(440),(380),(78),(52),(130),(320),(150),(470),(200),(54),(280),(170),(340),,,,,,,,,,5,173730
04,0,04111,あずき　あん　つぶし生あん,"Adzuki bean paste, mashed, raw",65.8,8.6,0.5,7.9,0.6,115,92.45,27,100,14,200,29,1.9,0.8,0.18,0.46,Tr,,Tr,2,60,1.2,-,-,0.1,0.04,0.02,0.3,0.04,0,15,0.18,9,2.7,,,0,380,720,660,140,94,230,520,260,790,330,91,460,290,570,0.29,0.17,0.05,0.12,120,49,0,0,0,5,173728
04,0,04006,あずき　あん　つぶし練りあん,"Adzuki bean paste, mashed, kneaded",39.3,5.6,0.6,5.7,0.5,239,193.75,19,73,56,160,23,1.5,0.7,0.20,0.40,0,,Tr,1,49,2.3,(0),(0),0.1,0.02,0.03,0.1,0.03,0,8,0.18,6,1.7,,,0,250,470,420,90,58,150,340,160,500,230,59,300,190,370,0.26,0.16,0.05,0.11,110,49,0,0,0,5,173730
04,0,04007,いんげんまめ　全粒　乾,"Kidney beans, whole, dry",15.3,22.1,2.5,19.6,3.7,280,227.4,140,370,Tr,1400,150,5.9,2.5,0.77,1.93,0,,1,3,110,3.2,(0),(0),0.1,0.64,0.16,2.0,0.37,(0),87,0.65,8,9.5,65.9,5.6,4.5,1000,1700,1400,280,290,570,1200,660,1900,950,250,1200,670,1400,1.41,0.91,0.59,0.32,320,590,-,-,-,6,173744
04,0,04008,いんげんまめ　全粒　ゆで,"Kidney beans, whole, boiled",63.6,9.3,1.2,13.6,1.4,127,80.9,62,140,Tr,410,46,2.0,1.0,0.32,0.84,0,,Tr,Tr,27,1.2,(0),(0),0,0.22,0.07,0.6,0.08,(0),32,0.15,3,3.7,30.5,8.4,1.2,(430),(730),(610),(120),(120),(240),(500),(270),(770),(370),(100),(490),(280),(560),(0.65),(0.42),(0.27),(0.15),(150),(270),-,-,-,8,175242
04,0,04009,いんげんまめ　うずら豆,Pinto beans,41.4,6.7,1.3,5.9,1.0,214,187.45,41,100,110,230,25,2.3,0.6,0.14,-,-,,-,-,-,,(0),(0),0,0.03,0.01,0.3,0.04,(0),23,0.14,3,-,,,0.1,340,610,500,80,59,140,440,190,640,350,82,410,230,400,0.57,0.40,0.25,0.15,150,250,0,0,0,7,174286
04,0,04010,いんげんまめ　こし生あん,"Kidney bean paste, strained, raw",62.3,9.4,0.9,8.5,0.4,135,105.3,60,75,9,55,45,2.7,0.8,0.09,0.73,0,,5,Tr,6,,(0),(0),0,0.01,0.02,0,0,(0),14,0.07,3,2.8,43.1,5.7,0.2,(430),(730),(610),(120),(120),(240),(510),(270),(780),(370),(100),(490),(280),(570),(0.50),(0.32),(0.21),(0.11),(110),(210),-,-,-,7,175243
04,0,04011,いんげんまめ　豆きんとん,Kidney bean kinton (sweet bean paste),37.8,4.9,0.5,4.8,0.6,238,201.3,28,83,100,120,23,1.0,0.5,0.09,0.50,-,,-,-,-,4.8,(0),(0),0,0.01,0.01,0.1,0.03,(0),15,0.07,1,-,22.3,0.4,0,(220),(380),(320),(62),(64),(130),(260),(140),(410),(190),(54),(260),(150),(300),(0.28),(0.18),(0.12),(0.06),(64),(120),-,-,-,7,173732
04,0,04012,えんどう　全粒　青えんどう　乾,"Green peas, whole, dry",13.4,21.7,2.3,17.4,2.2,310,246,65,360,1,870,120,5.0,4.1,0.49,-,1,,11,2,280,10.7,(0),(0),0.1,0.72,0.15,2.5,0.29,(0),24,1.74,16,16.0,156.9,15.9,1.8,880,1500,1600,210,340,550,1000,660,1700,890,200,1000,550,1800,1.39,0.68,0.09,0.60,600,86,-,-,-,8,172428
04,0,04013,えんどう　全粒　青えんどう　ゆで,"Green peas, whole, boiled",63.8,9.2,1.0,7.7,0.8,129,101.95,28,65,1,260,40,2.2,1.4,0.21,-,0,,5,1,63,0.6,(0),(0),0,0.27,0.06,0.8,Tr,(0),5,0.39,7,5.7,32.8,5,0.4,(360),(630),(660),(89),(140),(230),(420),(270),(690),(350),(84),(420),(230),(750),(0.60),(0.30),(0.04),(0.26),(260),(37),-,-,-,8,172429
04,0,04074,えんどう　全粒　赤えんどう　乾,"Red peas, whole, dry",13.4,21.7,2.3,17.4,2.2,310,246,65,360,1,870,120,5.0,4.1,0.49,-,1,,11,2,280,10.7,(0),(0),0.1,0.72,0.15,2.5,0.29,(0),24,1.74,16,16.0,156.9,15.9,1.8,(880),(1500),(1600),(210),(340),(550),(1000),(660),(1700),(890),(200),(1000),(550),(1800),,,,,,,,,,8,172428
04,0,04075,えんどう　全粒　赤えんどう　ゆで,"Red peas, whole, boiled",63.8,9.2,1.0,7.7,0.8,129,101.95,28,65,1,260,40,2.2,1.4,0.21,-,0,,5,1,63,0.6,(0),(0),0,0.27,0.06,0.8,Tr,(0),5,0.39,7,5.7,32.8,5,0.4,(360),(630),(660),(89),(140),(230),(420),(270),(690),(350),(84),(420),(230),(750),,,,,,,,,,8,172429
04,0,04014,えんどう　グリンピース（揚げ豆）,"Green peas, fried",5.6,20.8,11.6,19.6,3.2,375,308.6,88,450,350,850,110,5.4,3.5,0.62,0.90,-,,-,-,-,7.2,(0),(0),1.1,0.52,0.16,1.9,0.17,0,8,0.44,24,-,57.9,50.3,0,(810),(1400),(1500),(200),(320),(520),(960),(610),(1600),(790),(190),(950),(530),(1700),9.37,3.23,0.76,2.47,2500,760,0,0,0,7,173157
04,0,04015,えんどう　塩豆,"Green peas, salted",6.3,23.3,2.4,17.9,6.5,321,254.55,1300,360,610,970,120,5.6,3.6,0.57,1.03,-,,-,-,-,1.9,(0),(0),0.1,0.20,0.10,2.2,0.15,(0),17,1.25,16,-,29.7,25.9,14.2,(910),(1600),(1700),(230),(360),(590),(1100),(680),(1800),(890),(210),(1100),(590),(1900),1.63,0.78,0.10,0.68,680,100,0,1,0,6,170102
04,0,04016,えんどう　うぐいす豆,Uguisu-mame (sweetened green peas),39.7,5.6,0.7,5.3,1.1,228,192.15,18,130,150,100,26,2.5,0.8,0.15,-,-,,-,-,-,1.7,(0),(0),0,0.02,0.01,0.3,0.04,(0),4,0.24,8,-,30.2,36.8,4.2,(220),(380),(400),(54),(87),(140),(260),(160),(420),(210),(51),(260),(140),(450),0.32,0.15,0.02,0.13,130,23,0,0,0,8,170013
04,0,04112,えんどう　うぐいすあん,Uguisu-an (sweet green pea paste),38.5,5.4,0.8,8.2,0.5,221,188.8,20,90,54,110,24,1,0.8,0.15,0.22,0,,2,1,39,2.3,-,-,Tr,0.05,0.02,0.3,0.02,-,1,0.09,4,2.3,,,0,250,430,400,53,64,120,280,170,450,230,54,280,140,430,0.49,0.23,0.03,0.20,200,33,0,0,0,6,173730
04,0,04017,ささげ　全粒　乾,"Cowpeas, whole, dry",15.5,23.9,2.0,18.4,3.6,280,228.75,75,400,1,1400,170,5.6,4.9,0.71,-,0,,6,6,380,9,(0),(0),Tr,0.50,0.10,2.5,0.24,(0),300,1.30,14,11.0,94.7,5,1.5,1100,1800,1600,380,360,740,1300,740,2100,940,280,1200,780,1500,1.29,0.73,0.27,0.46,460,270,-,-,-,7,173758
04,0,04018,ささげ　全粒　ゆで,"Cowpeas, whole, boiled",63.9,10.2,0.9,10.7,1.2,130,89.2,32,150,Tr,400,55,2.6,1.5,0.23,-,0,,2,2,150,2.5,(0),(0),0,0.20,0.05,0.6,0.06,(0),48,0.27,6,4.8,,,0.4,(440),(770),(680),(160),(150),(310),(570),(300),(870),(370),(120),(520),(330),(640),(0.58),(0.33),(0.12),(0.21),(210),(120),-,-,-,8,175251
04,0,04019,そらまめ　全粒　乾,"Broad beans, whole, dry",13.3,26.0,2.0,9.3,2.8,323,271.1,100,440,1,1100,120,5.7,4.6,1.20,-,0,,3,1,260,8.2,(0),(0),0.7,0.50,0.20,2.5,0.41,(0),260,0.48,13,13.0,95.8,9,1.4,1000,1800,1600,180,310,500,1100,770,1800,990,220,1200,680,2400,1.22,0.65,0.04,0.61,610,39,-,-,-,7,175205
04,0,04020,そらまめ　フライビーンズ,"Broad beans, fried",4.0,24.7,20.8,14.9,4.1,436,373.5,90,440,690,710,87,7.5,2.6,0.77,-,-,,-,-,-,2.6,(0),(0),3.3,0.10,0.05,1.0,0.36,(0),120,0.26,38,-,30.6,2.9,0.3,(940),(1700),(1500),(170),(290),(470),(990),(700),(1700),(870),(210),(1100),(640),(2300),(18.73),(5.55),(1.46),(4.10),(4100),(1500),-,-,-,5,173798
04,0,04021,そらまめ　おたふく豆,Otafuku beans (sweetened broad beans),37.2,7.9,1.2,5.9,1.5,237,199.9,54,140,160,110,27,5.3,0.8,0.32,-,-,,-,-,-,2.3,(0),(0),0.2,0.01,0.01,0.2,0.06,(0),30,0.14,6,-,,,0,(300),(550),(490),(55),(94),(150),(320),(230),(540),(280),(67),(350),(200),(730),0.62,0.33,0.02,0.31,310,20,0,0,0,7,173730
04,0,04022,そらまめ　ふき豆,Fuki-mame (sweetened broad beans),34.5,9.6,1.6,4.5,1.8,251,215.2,39,150,320,110,20,2.7,0.9,0.38,-,-,,-,-,-,2.3,(0),(0),0.3,0.02,0.01,0.2,0.07,(0),36,0.20,3,-,,,0,(360),(670),(600),(67),(110),(180),(390),(270),(660),(340),(81),(420),(250),(890),1.07,0.56,0.03,0.53,530,34,0,0,0,6,173730
04,0,04076,そらまめ　しょうゆ豆,Shoyu-mame (soy sauce broad beans),50.2,9.8,0.9,10.1,2.0,173,136.45,39,130,460,280,38,1.9,1.1,0.33,0.43,-,,-,-,-,2.6,(0),(0),0.4,0.06,0.09,0.7,0.08,(0),45,0.11,9,-,30.6,2.9,0.3,,,,,,,,,,,,,,,(0.48),(0.26),(0.02),(0.24),(240),(16),(0),(0),(0),6,173798
04,0,04104,だいず　［全粒・全粒製品］　全粒　青大豆　国産　乾,"Soybeans, green, domestic, dry",12.5,33.5,19.3,20.1,4.6,354,316.3,160,600,3,1700,200,6.5,3.9,0.96,2.11,Tr,,9,1,450,17.8,0,0,2.3,0.74,0.24,2.4,0.55,0,260,0.83,36,24.0,115.9,47,6,1200,2800,2300,500,600,1100,1900,1300,3200,1600,500,1800,1000,2800,16.19,10.11,1.51,8.60,8600,1500,0,0,0,7,174270
04,0,04105,だいず　［全粒・全粒製品］　全粒　青大豆　国産　ゆで,"Soybeans, green, domestic, boiled",65.5,15.0,8.2,8.0,1.4,145,128.85,69,230,1,440,66,1.8,1.5,0.39,0.93,0,,3,0,85,1.4,-,-,1.5,0.13,0.05,0.4,0.12,-,36,0.08,18,9.9,,,17,560,1300,1000,220,230,440,830,590,1400,690,220,800,460,1200,7.17,4.42,0.66,3.76,3800,660,0,0,0,8,169283
04,0,04023,だいず　［全粒・全粒製品］　全粒　黄大豆　国産　乾,"Soybeans, yellow, domestic, dry",12.4,33.8,19.7,21.5,4.7,372,313.4,180,490,1,1900,220,6.8,3.1,1.07,2.27,0,,5,3,350,17.8,(0),(0),2.3,0.71,0.26,2.0,0.51,(0),260,1.36,18,28.0,115.9,47,6,1700,2900,2400,520,590,1100,2000,1300,3300,1600,500,1800,1000,2900,17.78,10.39,1.54,8.84,8800,1500,0,0,0,7,174270
04,0,04024,だいず　［全粒・全粒製品］　全粒　黄大豆　国産　ゆで,"Soybeans, yellow, domestic, boiled",65.4,14.8,9.8,8.5,1.6,163,135.1,79,190,1,530,100,2.2,1.9,0.23,1.01,0,,2,Tr,77,7.3,(0),(0),1.6,0.17,0.08,0.4,0.10,(0),41,0.26,7,9.8,47.5,19.2,1.7,760,1300,1000,210,220,430,860,590,1500,700,210,800,430,1200,(8.82),(5.15),(0.77),(4.39),(4400),(770),(0),(0),(0),8,174271
04,0,04025,だいず　［全粒・全粒製品］　全粒　黄大豆　米国産　乾,"Soybeans, yellow, US, dry",11.7,33.0,21.7,15.9,4.8,402,345.1,230,480,1,1800,230,8.6,4.5,0.97,-,2,,28,1,300,17.8,(0),(0),1.7,0.88,0.30,2.1,0.46,(0),220,1.49,34,34.0,115.9,47,6,1600,2700,2300,500,580,1100,1800,1300,3100,1500,490,1700,1000,2600,(19.03),(11.71),(1.66),(10.05),(10000),(1700),-,-,-,7,174270
04,0,04026,だいず　［全粒・全粒製品］　全粒　黄大豆　中国産　乾,"Soybeans, yellow, China, dry",12.5,32.8,19.5,15.6,4.4,391,333.75,170,460,1,1800,220,8.9,3.9,1.01,-,0,,2,1,41,17.8,(0),(0),2.1,0.84,0.30,2.2,0.59,(0),260,1.64,34,33.0,115.9,47,6,1600,2700,2300,490,570,1100,1800,1200,3000,1500,470,1700,1000,2700,(17.10),(11.09),(1.96),(9.12),(9100),(2000),-,-,-,7,174270
04,0,04027,だいず　［全粒・全粒製品］　全粒　黄大豆　ブラジル産　乾,"Soybeans, yellow, Brazil, dry",8.3,33.6,22.6,17.3,4.8,414,356.6,250,580,2,1800,250,9.0,3.5,1.11,2.54,0,,1,1,660,12.8,(0),(0),4.8,0.77,0.29,2.2,0.45,(0),220,1.68,36,33.0,,,0,(1600),(2700),(2300),(500),(590),(1100),(1800),(1200),(3100),(1500),(500),(1700),(1000),(2600),19.29,11.13,1.20,9.93,9900,1200,0,0,0,7,173751
04,0,04077,だいず　［全粒・全粒製品］　全粒　黒大豆　国産　乾,"Soybeans, black, domestic, dry",12.7,33.9,18.8,20.6,4.6,349,311.35,140,620,1,1800,200,6.8,3.7,0.96,2.24,0,,3,2,570,17.8,0,0,3.1,0.73,0.23,2.5,0.50,0,350,0.98,36,26.0,115.9,47,6,1200,2800,2400,490,590,1100,1900,1300,3200,1600,490,1700,1000,2900,15.81,9.62,1.59,8.03,8000,1600,0,0,2,7,174270
04,0,04106,だいず　［全粒・全粒製品］　全粒　黒大豆　国産　ゆで,"Soybeans, black, domestic, boiled",65.1,14.7,8.6,7.9,1.4,155,132.6,55,220,Tr,480,64,2.6,1.4,0.33,0.98,0,,1,0,170,7.3,-,-,1.8,0.14,0.05,0.4,0.12,-,43,0.17,15,9.3,,19.2,1.7,560,1200,1000,220,230,440,830,590,1400,690,210,770,440,1200,8.14,4.93,0.83,4.11,4100,830,0,0,0,7,174299
04,0,04080,だいず　［全粒・全粒製品］　いり大豆　青大豆,"Soybeans, roasted, green",2.7,37.7,20.7,18.4,5.0,425,362.15,160,650,4,2000,250,6.7,4.2,1.29,2.90,1,,5,2,800,19.1,(0),(0),1.3,0.15,0.27,2.2,0.45,(0),250,0.57,38,25.0,,,2.2,1900,3200,2300,560,670,1200,2100,1400,3500,1800,540,2100,1200,3100,18.25,11.39,1.81,9.58,9600,1800,0,0,0,8,174300
04,0,04078,だいず　［全粒・全粒製品］　いり大豆　黄大豆,"Soybeans, roasted, yellow",2.5,37.5,21.6,19.4,5.1,429,363.5,160,710,5,2000,240,7.6,4.2,1.31,3.24,1,,5,5,290,19.3,(0),(0),2.2,0.14,0.26,2.7,0.39,(0),260,0.71,38,27.0,,37,4.6,1900,3200,2300,550,630,1200,2100,1400,3500,1700,560,2000,1200,3000,19.33,11.37,1.65,9.72,9700,1600,0,0,0,7,172441
04,0,04079,だいず　［全粒・全粒製品］　いり大豆　黒大豆,"Black soybeans, roasted",2.4,36.4,22.0,19.2,5.0,431,366.9,120,640,4,2100,220,7.2,3.7,1.06,2.37,1,,3,12,240,19.3,(0),(0),3.1,0.12,0.27,2.5,0.41,(0),280,0.68,32,27.0,,37,4.6,1800,3000,2100,530,540,1100,2000,1400,3400,1700,530,1900,1100,2900,19.38,10.67,1.70,8.97,9000,1700,0,0,0,7,172441
04,0,04028,だいず　［全粒・全粒製品］　水煮缶詰　黄大豆,"Soybeans, yellow, canned, boiled",71.7,12.9,6.7,6.8,1.0,124,105.25,100,170,210,250,55,1.8,1.1,0.28,0.84,-,,-,-,-,1.3,(0),(0),0.5,0.01,0.02,0.1,0.01,(0),11,0,5,-,35.2,3.5,1.8,670,1100,880,190,210,410,750,550,1300,630,190,710,390,1000,(6.04),(3.53),(0.52),(3.00),(3000),(520),(0),(0),(0),7,175248
04,0,04081,だいず　［全粒・全粒製品］　蒸し大豆　黄大豆,"Soybeans, yellow, steamed",57.4,16.6,9.8,10.6,2.4,186,152.6,75,290,230,810,110,2.8,1.8,0.51,1.33,-,,-,-,-,0.6,0,0,0.8,0.15,0.10,0.9,0.18,0,96,0.34,11,-,,33,8.3,(850),(1400),(1100),(240),(250),(490),(970),(670),(1600),(790),(240),(900),(480),(1400),(8.82),(5.15),(0.77),(4.38),(4400),(770),(0),(0),(0),8,169369
04,0,04082,だいず　［全粒・全粒製品］　きな粉　青大豆　全粒大豆,"Soy flour, green, whole soybeans",5.9,37.0,22.8,16.9,5.0,424,366.7,160,690,1,2000,240,7.9,4.5,1.32,2.76,1,,3,5,450,7.5,(0),(0),2.4,0.29,0.29,2.2,0.51,(0),250,0.91,57,29.0,,71,0,1900,3100,2500,570,650,1200,2100,1400,3500,1700,530,2000,1100,3000,19.97,12.59,2.00,10.59,11000,2000,0,0,0,8,174274
04,0,04096,だいず　［全粒・全粒製品］　きな粉　青大豆　脱皮大豆,"Soy flour, green, dehulled soybeans",5.2,36.6,24.6,20.8,5.3,418,363.45,190,700,1,2100,220,6.7,4.1,1.19,2.63,Tr,,7,3,380,7.5,(0),(0),7.5,0.48,0.27,2.1,0.56,(0),210,0.93,81,31.0,,71,0,1900,3100,2500,590,650,1200,2100,1400,3500,1700,520,2000,1100,2900,22.03,13.32,1.88,11.44,11000,1900,0,0,0,7,174274
04,0,04029,だいず　［全粒・全粒製品］　きな粉　黄大豆　全粒大豆,"Soy flour, yellow, whole soybeans",4.0,36.7,25.7,18.1,5.1,451,383.3,190,660,1,2000,260,8.0,4.1,1.12,2.75,Tr,,5,12,380,7.5,(0),(0),1.7,0.07,0.24,2.2,0.52,(0),220,1.01,27,31.0,,71,0,1900,3100,2000,550,570,1100,2100,1400,3500,1700,520,2000,1200,2800,23.59,14.08,2.02,12.05,12000,2000,0,0,0,7,174274
04,0,04030,だいず　［全粒・全粒製品］　きな粉　黄大豆　脱皮大豆,"Soy flour, yellow, dehulled soybeans",2.6,37.5,25.1,15.3,5.4,456,393.95,180,680,2,2000,250,6.2,4.0,1.23,2.32,Tr,,5,7,370,7.5,(0),(0),1.9,0.07,0.22,2.1,0.30,(0),250,0.74,42,33.0,,71,0,1900,3200,2000,560,570,1100,2100,1400,3500,1800,550,2000,1200,2800,22.65,13.61,1.96,11.65,12000,2000,0,0,0,7,174274
04,0,04109,だいず　［全粒・全粒製品］　きな粉（砂糖入り）　青きな粉,"Soy flour, green, with sugar",(3.3),(18.5),(11.4),(8.4),(2.5),392,350,(80),(340),(1),(980),(120),(3.9),(2.3),(0.67),(1.38),0,,(2),(2),(230),7.5,0,0,(1.2),(0.14),(0.14),(1.1),(0.26),0,(130),(0.46),(28),(15.0),,71,0,,,,,,,,,,,,,,,,,,,,,,,,6,174274
04,0,04110,だいず　［全粒・全粒製品］　きな粉（砂糖入り）　きな粉,"Soy flour, with sugar",(2.3),(18.3),(12.9),(9.0),(2.6),406,350,(97),(330),(1),(1000),(130),(4.0),(2.0),(0.57),(1.38),0,,(2),(6),(190),58.9,0,0,(0.9),(0.04),(0.12),(1.1),(0.26),0,(110),(0.51),(13),(16.0),191.7,3.9,0,,,,,,,,,,,,,,,,,,,,,,,,6,172444
04,0,04083,だいず　［全粒・全粒製品］　大豆はいが,Soybean germ,3.9,37.8,14.7,18.8,4.1,404,329.7,100,720,0,1400,200,12.0,6.0,1.13,2.86,-,,-,-,-,79.2,(0),(0),19.0,0.03,0.73,3.4,0.56,(0),460,0.59,190,-,,,0,,,,,,,,,,,,,,,,,,,,,,,,7,168892
04,0,04031,だいず　［全粒・全粒製品］　ぶどう豆,"Soybeans, sweet simmered (budo-mame)",36.0,14.1,9.4,6.3,3.5,265,236.7,80,200,620,330,60,4.2,1.1,0.39,-,-,,-,-,-,7.3,(0),(0),2.4,0.09,0.05,0.4,0.07,(0),48,0.28,10,-,,19.2,1.7,740,1200,950,210,210,410,830,520,1400,690,200,790,430,1100,(8.47),(4.95),(0.74),(4.21),(4200),(740),(0),(0),(0),6,174299
04,0,04032,だいず　［豆腐・油揚げ類］　木綿豆腐,"Tofu, momen (firm)",85.9,7.0,4.9,1.1,0.7,73,67.55,93,88,9,110,57,1.5,0.6,0.16,0.41,6,,4,4,44,9.9,(0),(0),0.2,0.09,0.04,0.2,0.05,(0),12,0.02,6,4.1,28.1,2.4,0.2,350,600,480,98,100,200,400,310,710,320,100,360,200,600,4.32,2.60,0.31,2.29,2300,310,-,-,-,8,172448
04,0,04097,だいず　［豆腐・油揚げ類］　木綿豆腐　（凝固剤：塩化マグネシウム）,"Tofu, momen (firm), magnesium chloride coagulant",85.9,7.0,4.9,1.1,0.7,73,67.55,40,88,21,110,76,1.5,0.6,0.16,0.41,6,,4,4,44,8.9,(0),(0),0.2,0.09,0.04,0.2,0.05,(0),12,0.02,6,4.1,27.4,2,0.2,350,600,480,98,100,200,400,310,710,320,100,360,200,600,4.32,2.60,0.31,2.29,2300,310,-,-,-,8,172449
04,0,04098,だいず　［豆腐・油揚げ類］　木綿豆腐　（凝固剤：硫酸カルシウム）,"Tofu, momen (firm), calcium sulfate coagulant",85.9,7.0,4.9,1.1,0.7,73,67.55,150,88,3,110,34,1.5,0.6,0.16,0.41,6,,4,4,44,8.9,(0),(0),0.2,0.09,0.04,0.2,0.05,(0),12,0.02,6,4.1,27.4,2,0.2,350,600,480,98,100,200,400,310,710,320,100,360,200,600,4.32,2.60,0.31,2.29,2300,310,-,-,-,8,172449
04,0,04033,だいず　［豆腐・油揚げ類］　絹ごし豆腐,"Tofu, kinugoshi (silken)",88.5,5.3,3.5,0.9,0.7,56,52.15,75,68,11,150,50,1.2,0.5,0.16,0.34,1,,1,1,69,,(0),(0),0.1,0.11,0.04,0.2,0.06,(0),12,0.09,9,3.5,,,0,280,470,380,77,92,170,320,240,560,260,82,290,160,470,(3.08),(1.86),(0.22),(1.63),(1600),(220),-,-,-,8,174292
04,0,04099,だいず　［豆腐・油揚げ類］　絹ごし豆腐　（凝固剤：塩化マグネシウム）,"Tofu, kinugoshi (silken), magnesium chloride coagulant",88.5,5.3,3.5,0.9,0.7,56,52.15,30,68,19,150,63,1.2,0.5,0.16,0.34,1,,1,1,69,8.9,(0),(0),0.1,0.11,0.04,0.2,0.06,(0),12,0.09,9,3.5,27.4,2,0.2,280,470,380,77,92,170,320,240,560,260,82,290,160,470,,,,,,,,,,8,172449
04,0,04100,だいず　［豆腐・油揚げ類］　絹ごし豆腐　（凝固剤：硫酸カルシウム）,"Tofu, kinugoshi (silken), calcium sulfate coagulant",88.5,5.3,3.5,0.9,0.7,56,52.15,120,68,7,150,33,1.2,0.5,0.16,0.34,1,,1,1,69,8.9,(0),(0),0.1,0.11,0.04,0.2,0.06,(0),12,0.09,9,3.5,27.4,2,0.2,280,470,380,77,92,170,320,240,560,260,82,290,160,470,,,,,,,,,,8,172449
04,0,04034,だいず　［豆腐・油揚げ類］　ソフト豆腐,"Tofu, soft",88.9,5.1,3.3,0.4,0.7,56,51.5,91,82,7,150,32,0.7,0.5,0.16,0.33,-,,-,-,-,8.9,(0),(0),0.1,0.07,0.03,0.1,0.07,(0),10,0.10,10,-,27.4,2,0.2,260,440,360,75,90,160,300,230,530,240,79,280,160,440,(2.89),(1.74),(0.21),(1.53),(1500),(210),-,-,-,8,172449
04,0,04035,だいず　［豆腐・油揚げ類］　充てん豆腐,"Tofu, filled (juten tofu)",88.6,5.0,3.1,0.3,0.8,56,51.55,31,83,10,200,68,0.8,0.6,0.18,0.43,-,,-,-,-,8.9,(0),(0),0.3,0.15,0.05,0.3,0.09,(0),23,0.12,11,-,27.4,2,0.2,270,450,360,71,80,150,300,230,530,240,76,280,160,460,(2.71),(1.63),(0.20),(1.44),(1400),(200),-,-,-,8,172449
04,0,04036,だいず　［豆腐・油揚げ類］　沖縄豆腐,"Tofu, Okinawan",81.8,9.1,7.2,0.5,1.2,99,93.75,120,130,170,180,66,1.7,1.0,0.19,0.93,-,,-,-,-,28.5,(0),(0),0.4,0.10,0.04,0.2,0.06,(0),14,Tr,16,-,106.3,7.8,0,(460),(780),(630),(130),(130),(260),(530),(400),(930),(420),(140),(470),(260),(780),(6.30),(3.80),(0.45),(3.34),(3300),(450),-,-,-,8,172451
04,0,04037,だいず　［豆腐・油揚げ類］　ゆし豆腐,"Tofu, yushi (Okinawan soft tofu)",90.0,4.3,2.8,0.3,1.2,47,43.75,36,71,240,210,43,0.7,0.5,0.14,0.30,-,,-,-,-,17.3,(0),(0),0.1,0.10,0.04,0.2,0.07,0,13,0.20,9,-,,,0.2,(220),(370),(300),(61),(63),(120),(250),(190),(440),(200),(64),(220),(120),(370),(2.45),(1.48),(0.18),(1.30),(1300),(180),-,-,-,9,174280
04,0,04038,だいず　［豆腐・油揚げ類］　焼き豆腐,"Tofu, grilled",84.8,7.8,5.7,0.5,0.7,82,77.5,150,110,4,90,37,1.6,0.8,0.16,0.60,-,,-,-,-,28.5,(0),(0),0.2,0.07,0.03,0.1,0.05,(0),12,0.06,14,-,106.3,7.8,0,420,700,560,120,130,240,470,360,830,370,120,430,240,690,(4.98),(3.00),(0.36),(2.64),(2600),(360),-,-,-,8,172451
04,0,04039,だいず　［豆腐・油揚げ類］　生揚げ,Nama-age (deep-fried tofu),75.9,10.7,11.3,0.8,1.2,143,133.85,240,150,3,120,51,2.6,1.1,0.23,0.78,1,,2,2,87,28.5,(0),(0),0.8,0.07,0.03,0.1,0.08,(0),28,0.15,26,5.5,106.3,7.8,0,550,920,730,150,160,310,630,460,1100,500,160,580,310,910,(10.19),(5.51),(0.79),(4.72),(4700),(790),(0),(0),(0),6,172451
04,0,04113,だいず　［豆腐・油揚げ類］　絹生揚げ,Silken nama-age (deep-fried silken tofu),80.5,7.9,7.7,1.5,1.1,103,97.65,34,130,17,260,120,1.2,0.8,0.23,0.48,1,,4,2,69,8.9,-,-,0.7,0.12,0.04,0.5,0.09,-,16,0.13,11,6.2,27.4,2,0.2,400,670,550,100,110,220,460,340,790,360,110,410,240,660,6.85,3.50,0.52,2.98,3000,520,0,0,0,7,172449
04,0,04040,だいず　［豆腐・油揚げ類］　油揚げ　生,"Aburaage (fried tofu pouch), raw",39.9,23.4,34.4,1.3,1.9,377,374.3,310,350,4,86,150,3.2,2.5,0.22,1.55,1,,8,5,97,28.5,(0),(0),1.3,0.06,0.04,0.2,0.07,(0),18,0.07,67,7.1,106.3,7.8,0,1200,2100,1600,300,310,610,1400,1100,2500,1100,360,1300,690,2000,29.88,13.56,2.26,11.30,11000,2300,0,0,0,7,172451
04,0,04084,だいず　［豆腐・油揚げ類］　油揚げ　油抜き　生,"Aburaage (fried tofu pouch), oil-removed, raw",56.9,18.2,23.4,0.9,1.4,266,262.6,230,280,2,51,110,2.5,2.1,0.16,1.22,Tr,,6,4,68,28.5,(0),(0),0.9,0.04,0.02,0.1,0.04,(0),12,0.04,48,4.8,106.3,7.8,0,980,1600,1200,240,230,480,1100,830,1900,840,280,1000,530,1600,20.41,9.60,1.56,8.04,8000,1600,0,0,0,8,172451
04,0,04086,だいず　［豆腐・油揚げ類］　油揚げ　油抜き　ゆで,"Aburaage (fried tofu pouch), oil-removed, boiled",72.6,12.4,13.8,0.6,0.9,164,160.7,140,180,Tr,12,59,1.6,1.4,0.07,0.73,0,,4,3,22,,(0),(0),0.5,0.01,0.01,0,0.01,(0),3,0.02,26,3.3,,,,670,1100,830,170,160,330,760,580,1300,580,190,700,370,1100,12.00,5.98,0.94,5.05,5000,940,0,0,0,7,175235
04,0,04085,だいず　［豆腐・油揚げ類］　油揚げ　油抜き　焼き,"Aburaage (fried tofu pouch), oil-removed, grilled",40.2,24.9,32.2,1.2,2.0,361,360.85,320,380,4,74,150,3.4,2.7,0.22,1.65,Tr,,8,6,92,28.5,(0),(0),1.1,0.04,0.03,0.2,0.06,(0),14,0.04,65,6.8,106.3,7.8,0,1400,2300,1600,320,300,620,1500,1100,2700,1200,380,1400,740,2100,27.52,13.01,2.08,10.93,11000,2100,0,0,0,6,172451
04,0,04095,だいず　［豆腐・油揚げ類］　油揚げ　甘煮,"Aburaage (fried tofu pouch), sweet simmered",54.9,11.2,13.0,0.5,1.7,231,215.15,120,150,460,61,51,1.5,1.1,0.08,0.16,Tr,,3,3,25,28.5,0,(0),0.6,0.01,0.02,0.1,0.02,0,3,0.03,22,3.7,106.3,7.8,0,590,990,670,120,130,250,650,410,1100,500,150,620,330,830,11.27,5.56,0.75,4.82,4800,750,0,0,0,7,172451
04,0,04041,だいず　［豆腐・油揚げ類］　がんもどき,Ganmodoki (fried tofu fritter),63.5,15.3,17.8,1.4,1.8,223,205.55,270,200,190,80,98,3.6,1.6,0.22,1.30,32,,4,8,60,28.5,(0),(0),1.5,0.03,0.04,0.2,0.08,(0),21,0.20,43,7.6,106.3,7.8,0,820,1400,1000,200,200,410,940,670,1600,710,230,860,460,1300,(16.03),(8.52),(1.24),(7.28),(7300),(1200),(0),(0),(0),5,172451
04,0,04042,だいず　［豆腐・油揚げ類］　凍り豆腐　乾,"Kori tofu (freeze-dried tofu), dry",7.2,50.5,34.1,2.5,4.0,496,472.55,630,820,440,34,140,7.5,5.2,0.57,4.32,1,,19,5,67,54.3,(0),(0),1.9,0.02,0.02,Tr,0.02,0.1,6,0.10,60,21.0,,,0.7,2700,4500,3500,660,670,1300,3100,2300,5400,2400,750,2800,1500,4400,30.92,18.32,2.49,15.83,16000,2500,0,0,0,7,172450
04,0,04087,だいず　［豆腐・油揚げ類］　凍り豆腐　水煮,"Kori tofu (freeze-dried tofu), rehydrated",79.6,10.7,7.3,0.5,1.3,104,101.6,150,180,260,3,29,1.7,1.2,0.09,1.02,Tr,,5,1,3,54.3,(0),(0),0.3,0,0,0,0,(0),0,0.02,13,3.1,,,0.7,600,1000,740,150,130,270,690,510,1200,520,160,630,320,940,6.36,3.76,0.51,3.25,3200,510,0,0,0,8,172450
04,0,04043,だいず　［豆腐・油揚げ類］　豆腐よう,"Tofu yo (fermented tofu, Okinawan)",60.6,9.5,8.3,0.8,2.5,183,167.85,160,190,760,38,52,1.7,1.7,0.22,1.70,1,,4,3,45,17.3,(0),(0),0.6,0.02,0.07,0.5,0.05,Tr,7,0.40,18,4.2,,,0.2,(460),(810),(650),(130),(140),(270),(550),(400),(950),(400),(140),(480),(270),(810),7.15,4.39,0.55,3.84,3800,550,0,0,0,4,174280
04,0,04044,だいず　［豆腐・油揚げ類］　豆腐竹輪　蒸し,"Tofu chikuwa, steamed",71.6,14.9,4.4,0.8,2.4,121,110.2,70,150,740,140,65,2.0,1.0,0.13,0.58,63,,14,4,43,17.3,3,(0),0.4,0.12,0.08,0.5,0.04,0.6,11,0.17,12,4.2,,,0.2,(770),(1300),(1300),(370),(210),(580),(720),(590),(1300),(670),(190),(820),(450),(1100),3.52,2.17,0.35,1.83,1800,290,17,39,3,7,174280
04,0,04045,だいず　［豆腐・油揚げ類］　豆腐竹輪　焼き,"Tofu chikuwa, grilled",68.8,16.1,4.9,0.7,2.7,133,121.8,100,170,900,150,73,2.3,1.0,0.14,0.61,-,,-,-,-,28.5,(0),(0),0.4,0.13,0.08,0.5,0.04,0.8,17,0.21,10,-,106.3,7.8,0,(820),(1300),(1400),(390),(220),(610),(770),(630),(1400),(710),(200),(870),(470),(1200),3.91,2.39,0.38,2.01,2000,320,19,46,4,6,172451
04,0,04088,だいず　［豆腐・油揚げ類］　ろくじょう豆腐,Rokujou tofu,26.5,34.7,21.5,3.2,13.5,332,306.3,660,590,4300,430,110,6.1,4.6,0.73,3.83,-,,-,-,-,28.5,(0),(0),2.5,0.10,0.06,0.5,0.11,(0),23,0.14,41,-,106.3,7.8,0,(1700),(3000),(2400),(490),(510),(1000),(2000),(1500),(3500),(1600),(520),(1800),(1000),(3000),(18.79),(11.33),(1.36),(9.97),(10000),(1400),-,-,-,8,172451
04,0,04046,だいず　［納豆類］　糸引き納豆,"Natto, regular (sticky natto)",59.5,16.5,10.0,9.5,1.9,184,151.85,91,220,1,690,100,3.3,1.9,0.6,1.39,Tr,,16,1,290,8.8,(0),(0),0.5,0.13,0.3,0.6,0.24,Tr,130,3.63,870,18.2,57,23.1,13,790,1300,1100,260,320,580,880,710,1600,670,250,850,490,950,(9.30),(5.65),(0.67),(4.98),(5000),(670),(0),(0),(0),7,172443
04,0,04047,だいず　［納豆類］　挽きわり納豆,"Natto, hikiwari (crushed natto)",60.9,16.6,10.0,5.9,2.0,185,159.2,59,250,2,700,88,2.6,1.3,0.43,1.00,-,,-,-,-,8.8,(0),(0),0.8,0.14,0.36,0.9,0.29,0,110,4.28,930,-,57,23.1,13,810,1400,1100,250,280,530,970,670,1600,710,250,890,500,970,(9.30),(5.65),(0.67),(4.98),(5000),(670),(0),(0),(0),7,172443
04,0,04048,だいず　［納豆類］　五斗納豆,Goto natto,45.8,15.3,8.1,4.9,6.8,214,189.25,49,190,2300,430,61,2.2,1.1,0.31,0.75,1,,8,2,75,8.8,(0),(0),0.6,0.08,0.35,1.1,0.19,-,110,2.90,590,15.0,57,23.1,13,,,,,,,,,,,,,,,6.62,4.26,0.70,3.55,3600,700,0,0,0,8,172443
04,0,04114,だいず　［納豆類］　塩納豆,Shio natto (salted natto),64,8.3,4.4,6.0,3.2,137,115.8,48,150,860,410,61,1.3,1,0.25,0.72,1800,,1,1,73,17.3,-,-,0.5,0.06,0.11,0.5,0.13,Tr,36,1.3,220,8.7,,,0.2,420,710,550,110,130,240,480,350,830,370,120,450,250,560,3.42,2.07,0.29,1.78,1800,290,0,0,0,7,174280
04,0,04049,だいず　［納豆類］　寺納豆,"Tera natto (temple natto, fermented soybeans)",24.4,18.6,8.1,7.6,17.4,248,217.6,110,330,5600,1000,140,5.9,3.8,0.80,1.70,1,,14,2,110,8.8,(0),(0),0.9,0.04,0.35,4.1,0.17,-,39,0.81,190,19.0,57,23.1,13,,,,,,,,,,,,,,,5.81,3.70,0.60,3.10,3100,600,0,0,0,8,172443
04,0,04115,だいず　［納豆類］　干し納豆,Hoshi natto (dried natto),12,33,16.8,17.2,8.9,357,300.65,190,570,2000,1600,200,5.8,3.4,1.03,2.31,5,,5,2,300,8.8,-,-,2.6,0.11,0.22,1.5,0.32,Tr,150,2.64,300,31.2,57,23.1,13,1600,2700,2000,450,480,930,1800,1300,3100,1500,470,1700,1000,2400,14.60,8.91,1.30,7.61,7600,1300,0,0,0,7,172443
04,0,04051,だいず　［その他］　おから　生,"Okara (soy pulp), raw",75.5,6.1,3.6,11.5,1.0,88,60,81,99,5,350,40,1.3,0.6,0.14,0.40,1,,1,1,45,10.6,(0),(0),0.4,0.11,0.03,0.2,0.06,(0),14,0.31,8,4.1,,,0,280,490,410,97,110,200,330,210,540,290,83,330,190,410,(3.21),(2.03),(0.28),(1.75),(1700),(280),-,-,-,8,172452
04,0,04089,だいず　［その他］　おから　乾燥,"Okara (soy pulp), dried",7.1,23.1,13.6,43.6,3.8,333,227.25,310,380,19,1300,150,4.9,2.3,0.53,1.52,4,,4,4,170,10.6,(0),(0),1.5,0.42,0.11,0.8,0.23,(0),53,1.18,30,16.0,,,0,(1000),(1900),(1500),(360),(400),(760),(1200),(760),(2000),(1000),(310),(1200),(700),(1500),(12.18),(7.68),(1.07),(6.62),(6600),(1100),-,-,-,7,172452
04,0,04052,だいず　［その他］　豆乳　豆乳,"Soymilk, plain",90.8,3.6,2.8,0.9,0.5,43,41.3,15,49,2,190,25,1.2,0.3,0.12,0.23,Tr,,1,0,54,4.8,(0),(0),0.1,0.03,0.02,0.5,0.06,(0),28,0.28,4,3.8,23.6,3,0,170,290,250,53,60,110,200,160,350,160,53,180,100,310,2.47,1.55,0.20,1.34,1300,200,0,0,0,7,172446
04,0,04053,だいず　［その他］　豆乳　調製豆乳,"Soymilk, processed",87.9,3.2,3.6,1.1,0.5,61,54.75,31,44,50,170,19,1.2,0.4,0.12,0.23,Tr,,1,Tr,32,4.8,(0),(0),2.2,0.07,0.02,0.2,0.05,(0),31,0.24,6,3.6,23.6,3,0,160,270,230,43,53,96,180,140,320,150,47,170,95,280,3.24,1.99,0.20,1.79,1800,200,0,0,0,6,172446
04,0,04054,だいず　［その他］　豆乳　豆乳飲料・麦芽コーヒー,"Soymilk beverage, malt coffee flavor",87.4,2.2,2.2,1.0,0.4,57,50.2,20,36,42,110,13,0.3,0.2,0.07,0.13,0,,1,1,31,0,0,0,0.3,0.02,0.02,0.4,0.03,0,15,0.12,3,-,,,0,110,180,150,28,35,63,120,92,210,96,32,120,64,170,1.96,1.20,0.11,1.08,1100,110,0,0,0,1,173775
04,0,04055,だいず　［その他］　大豆たんぱく　粒状大豆たんぱく,"Textured soy protein, granules",7.8,46.3,3.0,17.8,6.2,318,253.7,270,730,3,2400,290,7.7,4.5,1.41,2.61,-,,-,-,-,3.3,(0),(0),0,0.67,0.30,2.2,0.64,(0),370,1.89,1,-,,,0,(2300),(4000),(3200),(650),(640),(1300),(2700),(1900),(4600),(2000),(680),(2300),(1400),(3900),1.83,1.16,0.14,1.01,1000,140,0,0,0,8,172445
04,0,04056,だいず　［その他］　大豆たんぱく　濃縮大豆たんぱく,Soy protein concentrate,6.8,58.2,1.7,20.9,5.4,313,242.65,280,750,550,1300,220,9.2,3.1,0.99,2.00,-,,-,-,-,0.8,(0),(0),0,0.37,0.11,0.6,0.16,(0),210,0.40,0,-,,0,0,(2900),(5100),(4000),(820),(800),(1600),(3300),(2400),(5800),(2500),(850),(2900),(1700),(4900),0.68,0.39,0.04,0.35,350,37,0,0,0,7,174301
04,0,04057,だいず　［その他］　大豆たんぱく　分離大豆たんぱく　塩分無調整タイプ,"Soy protein isolate, unsalted",5.9,79.1,3.0,4.2,4.5,335,313.9,57,840,1300,190,58,9.4,2.9,1.51,0.89,-,,-,-,-,0.8,(0),(0),0,0.11,0.14,0.4,0.06,(0),270,0.37,Tr,-,190.9,0,0,4000,7000,5500,1100,1100,2200,4600,3500,8000,3700,1200,4100,2400,6900,1.56,0.96,0.09,0.87,870,93,0,0,0,8,174276
04,0,04090,だいず　［その他］　大豆たんぱく　分離大豆たんぱく　塩分調整タイプ,"Soy protein isolate, sodium-adjusted",5.9,79.1,3.0,4.2,4.5,335,313.9,890,840,640,260,58,9.4,2.9,1.51,0.89,-,,-,-,-,0.8,(0),(0),0,0.11,0.14,0.4,0.06,(0),270,0.37,Tr,-,190.9,0,0,(4000),(7000),(5500),(1100),(1100),(2200),(4600),(3500),(8000),(3700),(1200),(4100),(2400),(6900),,,,,,,,,,7,174276
04,0,04058,だいず　［その他］　大豆たんぱく　繊維状大豆たんぱく,Textured soy protein,5.8,59.3,5.0,5.6,4.7,365,318.65,70,630,1400,270,55,8.2,2.4,1.13,1.02,-,,-,-,-,0.8,(0),(0),0.3,0.62,0.16,0.5,0.08,(0),170,0.34,2,-,190.9,0,0,(2900),(5200),(4100),(830),(820),(1700),(3400),(2500),(5900),(2500),(870),(3000),(1700),(5000),3.48,2.07,0.21,1.86,1900,210,0,0,0,7,174276
04,0,04059,だいず　［その他］　湯葉　生,"Yuba, raw",59.1,21.8,13.7,0.8,1.3,218,204.3,90,250,4,290,80,3.6,2.2,0.70,-,1,,3,1,100,0.7,(0),(0),0.9,0.17,0.09,0.3,0.13,(0),25,0.34,22,14.0,16.5,2.3,17.1,1200,1900,1500,320,320,640,1300,970,2300,1000,310,1200,640,1900,11.76,7.06,0.91,6.15,6100,910,0,0,0,7,170071
04,0,04060,だいず　［その他］　湯葉　干し　乾,"Yuba, dried",6.9,50.4,32.1,3.0,3.3,485,464.3,210,600,12,840,220,8.3,4.9,3.27,3.43,3,,7,4,270,17.2,(0),(0),2.4,0.35,0.12,1.4,0.32,(0),38,0.55,55,37.0,,,3.2,2700,4400,3500,720,800,1500,3100,2200,5300,2400,720,2800,1500,4300,28.74,16.26,2.18,14.08,14000,2200,0,0,0,7,170570
04,0,04091,だいず　［その他］　湯葉　干し　湯戻し,"Yuba, rehydrated",72.8,15.7,10.6,1.2,0.9,151,145.05,66,170,2,140,60,2.6,1.6,0.57,1.09,0,,2,1,14,13,(0),(0),0.7,0.05,0.01,0.1,0.03,(0),3,0.12,16,11.0,33,2.8,0,830,1400,1100,220,230,450,960,700,1700,740,210,850,450,1300,9.19,5.22,0.70,4.52,4500,700,0,0,0,7,174290
04,0,04061,だいず　［その他］　金山寺みそ,Kinzanji miso,34.3,6.9,3.2,3.2,5.6,247,215.15,33,130,2000,190,54,1.7,0.7,0.16,0.96,1,,1,1,34,7,(0),(0),0,0.12,0.18,2.3,0.10,(0),34,0.74,16,8.1,72.2,29.3,0,(320),(520),(330),(96),(72),(170),(340),(250),(590),(270),(52),(350),(190),(350),2.52,1.51,0.17,1.35,1300,170,1,0,0,6,172442
04,0,04062,だいず　［その他］　ひしおみそ,Hishio miso,46.3,6.5,2.7,2.8,5.7,198,171.7,56,120,1900,340,56,1.9,0.9,0.32,0.52,1,,2,4,37,7,(0),(0),0.6,0.11,0.27,2.6,0.08,(0),12,0.36,17,7.1,72.2,29.3,0,(310),(490),(310),(91),(68),(160),(320),(230),(550),(250),(49),(330),(180),(330),2.14,1.27,0.16,1.12,1100,160,0,0,0,5,172442
04,0,04063,だいず　［その他］　テンペ,Tempeh,57.8,15.8,9.0,10.2,2.0,180,150,70,250,2,730,95,2.4,1.7,0.52,0.80,1,,3,1,76,0,(0),(0),0.8,0.07,0.09,2.4,0.23,0,49,1.08,11,20.0,,,0,(690),(1100),(710),(140),(150),(290),(700),(520),(1200),(620),(150),(720),(360),(970),7.50,4.69,0.72,3.97,4000,720,0,0,0,7,174272
04,0,04064,つるあずき　全粒　乾,"Adzuki beans, whole, dry",12.0,20.8,1.6,22.0,3.9,297,225.35,280,320,1,1400,230,11.0,3.1,0.73,2.92,0,,3,4,220,3.1,(0),(0),0.1,0.50,0.13,2.0,0.28,(0),210,0.75,50,9.7,,,0,(920),(1700),(1600),(310),(280),(590),(1200),(610),(1800),(830),(240),(1100),(700),(1400),0.96,0.55,0.18,0.37,370,180,0,0,0,7,173727
04,0,04092,つるあずき　全粒　ゆで,"Adzuki beans, whole, boiled",60.5,9.7,1.0,13.4,1.3,132,91.8,130,120,0,370,77,3.3,1.2,0.30,0.57,-,,-,-,-,1.2,(0),(0),0.1,0.16,0.04,0.5,0.06,(0),48,0.14,24,-,,,0,(430),(790),(750),(150),(120),(270),(580),(300),(880),(390),(110),(530),(330),(650),(0.58),(0.33),(0.11),(0.22),(220),(110),(0),(0),(0),7,173789
04,0,04065,ひよこまめ　全粒　乾,"Chickpeas, dry",10.4,20.0,5.2,16.3,2.9,336,272.4,100,270,17,1200,140,2.6,3.2,0.84,-,1,,11,1,150,0,(0),(0),2.5,0.37,0.15,1.5,0.64,(0),350,1.77,9,21.0,99.3,9,4,(860),(1400),(1300),(260),(270),(540),(1100),(500),(1600),(750),(200),(850),(550),(1900),4.09,2.04,0.08,1.96,2000,84,0,0,0,7,173756
04,0,04066,ひよこまめ　全粒　ゆで,"Chickpeas, boiled",59.6,9.5,2.5,11.6,1.0,149,109.8,45,120,5,350,51,1.2,1.8,0.29,1.10,Tr,,5,1,56,3.7,(0),(0),1.7,0.16,0.07,0.4,0.18,(0),110,0.48,6,8.9,42.8,4,1.3,(410),(680),(640),(120),(130),(250),(510),(240),(750),(350),(91),(400),(260),(900),2.00,1.00,0.04,0.96,960,41,0,0,0,7,173757
04,0,04067,ひよこまめ　全粒　フライ　味付け,"Chickpeas, fried, seasoned",4.6,18.8,10.4,21.0,3.6,366,299.8,73,370,700,690,110,4.2,2.7,0.78,2.20,-,,-,-,-,3.7,(0),(0),1.9,0.21,0.10,0.7,0.50,(0),100,0.35,23,-,42.8,4,1.3,(810),(1300),(1300),(250),(260),(500),(1000),(470),(1500),(700),(180),(790),(520),(1800),7.71,3.28,0.25,3.03,3000,250,0,0,0,5,173799
04,0,04068,べにばないんげん　全粒　乾,"Kidney beans, dry",15.4,17.2,1.7,26.7,4.5,273,195.4,78,430,1,1700,190,5.4,3.4,0.74,1.50,0,,1,2,41,3.2,(0),(0),0.1,0.67,0.15,2.5,0.51,0,140,0.81,8,8.4,65.9,5.6,4.5,(810),(1400),(1100),(220),(230),(440),(930),(520),(1500),(740),(190),(930),(530),(1100),1.16,0.85,0.35,0.50,500,350,0,0,0,7,173744
04,0,04069,べにばないんげん　全粒　ゆで,"Kidney beans, boiled",69.7,6.2,0.6,7.6,1.2,103,78.25,28,140,1,440,50,1.6,0.8,0.17,0.58,0,,Tr,1,21,1.1,(0),(0),Tr,0.14,0.05,0.4,0.11,Tr,23,0.18,3,3.0,30.5,8.4,1.2,(290),(490),(410),(79),(81),(160),(340),(190),(520),(270),(69),(330),(190),(380),0.40,0.29,0.12,0.17,170,120,0,0,0,8,173740
04,0,04108,やぶまめ　乾,"Amphicarpaea, dry",13.1,23.4,10.1,-,3.9,383,341,55,230,5,1700,63,2.4,1.4,0.31,1.03,0,,1,0,460,0.6,-,-,-,-,-,-,-,-,-,-,-,-,,,15.3,,,,,,,,,,,,,,,,,,,,,,,,7,169284
04,0,04070,らいまめ　全粒　乾,"Lima beans, dry",11.7,21.9,1.8,19.6,3.8,306,236.15,78,250,Tr,1800,170,6.2,2.9,0.70,1.85,Tr,,17,3,380,7,(0),(0),0.1,0.47,0.16,1.9,0.40,(0),120,1.05,6,9.2,,5.9,0,(1100),(1800),(1400),(240),(240),(490),(1400),(800),(2200),(990),(230),(1200),(550),(1300),1.27,0.75,0.20,0.55,550,200,0,0,0,6,174255
04,0,04093,らいまめ　全粒　ゆで,"Lima beans, boiled",62.3,9.6,0.9,10.9,1.1,122,94.45,27,95,0,490,52,2.3,1.1,0.25,0.73,-,,-,-,-,4.5,(0),(0),Tr,0.10,0.04,0.5,0.08,(0),25,0.23,3,-,32.5,2,0,(480),(810),(620),(110),(110),(210),(620),(350),(970),(430),(100),(540),(240),(590),(0.64),(0.38),(0.10),(0.28),(280),(100),(0),(0),(0),8,173802
04,0,04071,りょくとう　全粒　乾,"Mung beans, dry",10.8,25.1,1.5,14.6,3.5,319,256.35,100,320,0,1300,150,5.9,4.0,0.91,-,0,,2,3,410,8.2,(0),(0),0.3,0.70,0.22,2.1,0.52,(0),460,1.66,36,11.0,97.9,9,4.8,1100,2000,1700,340,180,520,1500,690,2200,870,250,1300,730,1700,0.98,0.61,0.17,0.44,440,170,0,0,0,8,174256
04,0,04072,りょくとう　全粒　ゆで,"Mung beans, boiled",66.0,10.2,0.6,5.2,0.7,125,101.35,32,75,1,320,39,2.2,0.8,0.21,0.31,0,,1,1,140,2.5,(0),(0),0.2,0.19,0.06,0.4,0.05,(0),80,0.34,16,3.3,29.4,2.7,1,(420),(790),(690),(140),(72),(210),(610),(270),(880),(330),(100),(520),(290),(670),(0.39),(0.24),(0.07),(0.18),(180),(67),(0),(0),(0),8,174257
04,0,04073,レンズまめ　全粒　乾,"Lentils, dry",12.0,23.2,1.5,16.7,2.7,313,247.6,57,430,Tr,1000,100,9.0,4.8,0.95,1.57,0,,54,2,180,0,(0),(0),0.8,0.52,0.17,2.5,0.55,0,77,1.58,17,23.0,,,1.7,(1100),(1800),(1700),(210),(260),(460),(1200),(740),(2000),(1000),(170),(1300),(630),(2000),0.96,0.48,0.09,0.39,390,93,0,0,0,7,174284
04,0,04094,レンズまめ　全粒　ゆで,"Lentils, boiled",57.9,11.2,0.8,9.4,1.1,149,114.6,27,190,0,330,44,4.3,2.5,0.44,0.81,-,,-,-,-,2.8,(0),(0),0.4,0.20,0.06,0.7,0.16,(0),22,0.57,9,-,32.7,1.7,1.5,(540),(860),(810),(100),(120),(220),(590),(360),(950),(500),(81),(620),(300),(980),(0.50),(0.25),(0.05),(0.20),(200),(49),(0),(0),(0),8,175254
05,0,05001,アーモンド　乾,"Almonds, dry",4.7,19.6,51.8,10.1,3.0,609,546.7,250,460,1,760,290,3.6,3.6,1.17,2.45,-,,-,-,-,4.1,(0),(0),30.0,0.20,1.06,3.6,0.09,(0),65,0.49,0,-,52.1,0,0,870,1500,660,190,320,510,1000,630,1700,650,210,1000,560,2200,49.68,12.12,0.01,12.11,12000,9,-,-,-,4,170567
05,0,05002,アーモンド　フライ　味付け,"Almonds, fried, seasoned",1.8,21.3,55.7,10.1,3.2,626,575.65,240,490,100,760,270,3.5,3.1,0.87,2.24,0,,1,6,32,2,0,0,22.0,0.05,1.07,4.4,0.10,0,49,0.50,0,60.0,52.1,0,0,910,1600,590,180,310,480,1300,670,1900,740,210,1100,620,2500,50.86,11.72,0.03,11.69,12000,26,0,0,0,4,168596
05,0,05040,アーモンド　いり　無塩,"Almonds, roasted, unsalted",1.8,20.3,54.1,11.0,3.1,608,564.85,260,480,Tr,740,310,3.7,3.7,1.19,2.46,-,,-,-,-,2,(0),(0),29.0,0.03,1.04,3.9,0.08,(0),48,0.26,0,-,52.1,0,0,(870),(1500),(670),(190),(330),(520),(1100),(630),(1700),(630),(220),(1000),(580),(2300),(51.86),(12.65),(0.01),(12.64),(13000),(10),-,-,-,4,170158
05,0,05003,あさ　乾,"Hemp seeds, dry",4.6,29.9,28.3,23.0,5.5,450,375.65,130,1100,2,340,400,13.0,6.1,1.32,9.97,0,,4,9,45,,(0),(0),1.8,0.35,0.19,2.3,0.40,(0),82,0.57,51,28.0,,,0.5,1200,2100,1100,730,510,1200,1400,950,2400,1200,350,1600,880,3700,26.07,19.62,4.74,14.89,15000,4700,0,0,0,7,170148
05,0,05041,あまに　いり,"Flaxseed, roasted",0.8,21.8,43.3,23.8,3.7,540,467.45,210,710,70,760,410,9.0,6.1,1.26,2.97,0,,3,25,13,25.4,0,0,0.4,0.01,0.17,2.6,0.40,Tr,45,0.24,7,33.0,78.7,4.3,0.6,1100,1500,660,450,280,730,1200,590,1800,990,410,1300,580,2300,39.30,29.13,23.50,5.63,5600,24000,0,0,0,7,169414
05,0,05004,えごま　乾,"Perilla seeds, dry",5.6,17.7,43.4,20.8,3.9,523,460.95,390,550,2,590,230,16.0,3.8,1.93,3.09,Tr,,3,2,48,34.4,(0),(0),1.3,0.54,0.29,7.6,0.55,(0),59,1.65,1,35.0,25.6,0,0,730,1300,810,520,370,890,1000,700,1700,760,240,990,580,2300,38.79,28.83,23.70,5.12,5100,24000,0,0,0,7,170150
05,0,05005,カシューナッツ　フライ　味付け,"Cashew nuts, fried, seasoned",3.2,19.8,47.6,6.7,2.7,591,543.9,38,490,220,590,240,4.8,5.4,1.89,-,0,,27,1,30,20.3,(0),(0),0.6,0.54,0.18,0.9,0.36,(0),63,1.32,28,19.0,61,34.7,0.3,960,1700,1100,420,500,920,1000,710,1800,830,370,1300,540,2400,45.78,8.08,0.08,8.00,8000,76,-,-,-,4,169422
05,35,05006,かぼちゃ　いり　味付け,"Pumpkin seeds, roasted, seasoned",4.5,26.5,51.8,7.3,5.2,590,549.5,44,1100,47,840,530,6.5,7.7,1.26,4.39,Tr,,5,13,42,9.4,(0),(0),0.6,0.21,0.19,4.4,0.16,(0),79,0.65,2,13.0,63,4.5,1.8,(1100),(2100),(1100),(530),(290),(820),(1500),(960),(2500),(880),(510),(1400),(680),(4700),(46.63),(20.98),(0.12),(20.81),(21000),(120),(0),(0),(130),6,169415
05,0,05007,かや　いり,"Japanese torreya nuts, roasted",1.2,8.7,64.9,18.2,2.6,629,597.5,58,300,6,470,200,3.3,3.7,0.92,2.62,-,,-,-,-,,(0),(0),8.5,0.02,0.04,1.5,0.17,(0),55,0.62,3,-,,,28,,,,,,,,,,,,,,,53.76,28.25,0.26,27.99,27000,260,0,0,0,4,168590
05,25,05008,ぎんなん　生,"Ginkgo nuts, raw",57.4,4.7,1.6,1.6,1.5,168,146.25,5,120,Tr,710,48,1.0,0.4,0.25,0.26,2,,0,0,3,,(0),(0),2.5,0.28,0.08,1.2,0.07,(0),45,1.27,3,6.2,,,15,190,340,190,110,83,190,170,140,320,260,79,270,97,620,1.24,0.60,0.04,0.57,560,36,0,0,0,2,170584
05,0,05009,ぎんなん　ゆで,"Ginkgo nuts, boiled",56.9,4.6,1.5,2.4,1.2,169,145.75,5,96,1,580,45,1.2,0.4,0.23,0.25,Tr,,1,5,Tr,,(0),(0),1.6,0.26,0.07,1.0,0.02,(0),38,1.02,3,2.8,,,15,(180),(330),(180),(100),(81),(180),(170),(140),(300),(230),(77),(260),(94),(590),(1.17),(0.56),(0.03),(0.53),(530),(34),(0),(0),(0),2,170584
05,30,05010,（くり類）　日本ぐり　生,"Japanese chestnut, raw",58.8,2.8,0.5,4.2,1.0,147,128.5,23,70,1,420,40,0.8,0.5,0.32,3.27,0,,3,0,2,,(0),(0),0,0.21,0.07,1.0,0.27,(0),74,1.04,1,3.9,,,36,98,160,150,35,44,79,110,68,180,110,36,130,68,210,(0.39),(0.25),(0.05),(0.20),(200),(48),(0),(0),(0),7,170164
05,20,05011,（くり類）　日本ぐり　ゆで,"Japanese chestnut, boiled",58.4,3.5,0.6,6.6,0.8,152,122.7,23,72,1,460,45,0.7,0.6,0.37,1.07,-,,-,-,-,,(0),(0),0,0.17,0.08,1.0,0.26,(0),76,1.06,0,-,,,24.7,(120),(200),(180),(43),(55),(98),(140),(81),(220),(130),(45),(160),(84),(260),0.47,0.30,0.06,0.25,250,58,0,0,0,7,170166
05,0,05012,（くり類）　日本ぐり　甘露煮,"Japanese chestnut, candied",40.8,1.8,0.4,2.8,0.2,232,198.7,8,25,7,75,8,0.6,0.1,0.15,0.75,-,,-,-,-,,(0),(0),0,0.07,0.03,0.3,0.03,(0),8,0.18,Tr,-,,,9.5,(61),(100),(93),(22),(28),(50),(70),(42),(110),(65),(23),(81),(43),(140),(0.31),(0.20),(0.04),(0.16),(160),(39),(0),(0),(0),5,168589
05,20,05013,（くり類）　中国ぐり　甘ぐり,"Chinese chestnut, roasted (sweet chestnut)",44.4,4.9,0.9,8.5,1.3,207,164.8,30,110,2,560,71,2.0,0.9,0.51,1.59,0,,1,0,1,,(0),(0),0.1,0.20,0.18,1.3,0.37,(0),100,0.57,0,6.0,,,38.4,(180),(300),(270),(120),(130),(250),(220),(150),(370),(190),(57),(260),(140),(500),(0.83),(0.23),(0.02),(0.21),(210),(23),-,-,-,7,170573
05,0,05014,くるみ　いり,"Walnuts, roasted",3.1,14.6,68.8,7.5,1.8,713,650.6,85,280,4,540,150,2.6,2.6,1.21,3.44,-,,-,-,-,4.9,(0),(0),1.2,0.26,0.15,1.0,0.49,(0),91,0.67,7,-,39.2,2.7,1.3,640,1100,420,260,280,540,690,530,1200,550,210,780,380,2300,67.41,50.28,8.96,41.32,41000,9000,-,-,-,1,170187
05,0,05015,けし　乾,"Poppy seeds, dry",3.0,19.3,49.1,16.5,6.8,555,503.45,1700,820,4,700,350,23.0,5.1,1.48,6.88,0,,8,7,120,13.5,(0),(0),1.5,1.61,0.20,1.0,0.45,(0),180,0.81,Tr,47.0,8.8,0,1,(880),(1400),(1000),(540),(320),(860),(810),(780),(1600),(740),(200),(1200),(510),(2100),45.54,32.78,0.28,32.50,32000,280,0,0,0,4,171330
05,0,05016,ココナッツ　ココナッツパウダー,"Coconut, coconut powder",2.5,6.1,65.8,14.1,1.9,676,614.25,15,140,10,820,110,2.8,1.4,0.80,1.41,-,,-,-,-,,(0),(0),0,0.03,0.03,1.0,0.09,(0),10,0.25,0,-,,,1.5,(240),(430),(300),(120),(130),(250),(290),(170),(460),(280),(55),(370),(150),(980),(60.59),(1.01),(0),(1.01),(1000),(0),(0),(0),(0),6,168585
05,0,05017,ごま　乾,"Sesame seeds, dry",4.7,19.8,53.8,10.8,5.2,604,546.55,1200,540,2,400,370,9.6,5.5,1.66,2.24,Tr,,10,4,92,34.4,(0),(0),0.1,0.95,0.25,5.1,0.60,(0),93,0.56,7,12.0,25.6,0,0,850,1500,620,690,490,1200,1000,780,1800,890,360,1100,620,2900,50.69,23.26,0.15,23.11,23000,150,-,-,-,8,170150
05,0,05018,ごま　いり,"Sesame seeds, roasted",1.6,20.3,54.2,12.6,5.4,605,552.4,1200,560,2,410,360,9.9,5.9,1.68,2.52,Tr,,27,4,110,34.4,(0),(0),0.1,0.49,0.23,5.3,0.64,(0),150,0.51,12,15.0,,,0,880,1600,570,680,440,1100,1100,750,1800,890,350,1100,630,2900,49.33,22.64,0.19,22.44,22000,160,0,0,0,8,170151
05,0,05019,ごま　むき,"Sesame seeds, hulled",4.1,19.3,54.9,13.0,2.9,570,554.5,62,870,2,400,340,6.0,5.5,1.53,1.23,1,,43,1,120,,(0),(0),0.1,1.25,0.14,5.3,0.44,(0),83,0.39,1,11.0,,,0.5,840,1500,600,700,460,1200,1000,790,1800,870,350,1100,620,2900,42.86,20.11,0.15,19.96,20000,150,0,0,0,7,170148
05,0,05042,ごま　ねり,Sesame paste,0.5,19.0,61.0,11.2,3.8,646,600.75,590,670,6,480,340,5.8,5.3,1.50,1.80,Tr,,22,5,150,35.5,(0),(0),0.1,0.32,0.15,6.8,0.51,(0),99,0.24,0,13.0,,,0,(820),(1500),(530),(640),(420),(1100),(990),(700),(1700),(830),(320),(1100),(590),(2700),54.62,24.77,0.21,24.56,25000,170,0,0,0,6,170191
05,35,05020,しい　生,"Shii seeds, raw",37.3,3.2,0.8,3.3,1.1,244,208.05,62,76,1,390,82,0.9,0.1,0.36,2.72,-,,-,-,-,,(0),(0),0.1,0.28,0.09,1.3,0.19,(0),8,0.59,16,-,,,0,(150),(250),(200),(54),(57),(110),(140),(97),(240),(120),(39),(180),(88),(250),(0.76),(0.15),(0),(0.15),(150),-,-,-,-,4,168591
05,60,05021,すいか　いり　味付け,"Watermelon seeds, roasted, seasoned",5.9,29.6,46.4,7.1,4.7,528,520.05,70,620,580,640,410,5.3,3.9,1.49,1.43,24,,11,1,90,,(0),(0),0.6,0.10,0.16,0.8,0.71,(0),120,1.04,1,9.1,,,0,(1400),(2200),(930),(870),(460),(1300),(2100),(1100),(3200),(1200),(410),(1600),(810),(5100),35.26,25.01,0.08,24.91,25000,60,23,0,0,8,169407
05,0,05046,チアシード　乾,"Chia seeds, dry",6.5,19.4,33.9,36.9,4.7,446,356.05,570,820,0,760,360,7.6,5.9,1.79,4.80,0,,11,8,44,55.2,(0),(0),0.3,0.97,0.25,9.8,0.42,(0),84,0.53,1,24.0,,,1.6,790,1400,1000,640,470,1100,1100,710,1800,830,290,1000,620,2200,31.29,25.52,19.43,6.08,6100,19000,0,0,0,7,170554
05,0,05022,とち　蒸し,"Japanese horse chestnut, steamed",58.0,1.7,1.9,6.6,4.2,148,118.7,180,27,250,1900,17,0.4,0.5,0.44,1.46,-,,-,-,-,,(0),(0),0,Tr,0,0.1,Tr,(0),1,0,1,-,,,9.5,(67),(100),(100),(40),(54),(94),(71),(47),(120),(60),(19),(95),(47),(120),,,,,,,,,,7,168589
05,55,05023,はす　未熟　生,"Lotus seeds, immature, raw",77.5,5.9,0.5,2.6,1.2,81,67.95,53,190,2,410,57,0.6,0.8,0.22,1.33,-,,-,-,-,,(0),(0),0.6,0.18,0.09,1.4,0.16,(0),230,0.85,1,-,,,0,(290),(470),(380),(100),(77),(180),(290),(140),(440),(290),(84),(380),(160),(480),0.34,0.21,0.02,0.18,180,21,Tr,0,0,7,168591
05,0,05024,はす　成熟　乾,"Lotus seeds, mature, dry",11.2,18.3,2.3,10.3,3.9,327,272.6,110,690,6,1300,200,2.9,2.8,1.12,8.25,10,,8,Tr,14,,(0),(0),1.0,0.44,0.11,4.2,0.60,(0),200,2.58,0,27.0,,,0,(910),(1400),(1200),(320),(240),(560),(910),(450),(1400),(890),(260),(1200),(510),(1500),1.57,0.91,0.07,0.83,830,71,0,0,0,7,170149
05,0,05043,はす　成熟　ゆで,"Lotus root, mature, boiled",66.1,7.3,0.8,5.0,0.9,118,102,42,190,1,240,67,1.1,0.2,0.30,2.92,-,,-,-,-,0.7,(0),(0),0.4,0.08,0.02,0.7,0.12,(0),36,0.32,0,-,,,44,(360),(570),(470),(130),(95),(220),(360),(180),(540),(350),(100),(470),(200),(600),(0.52),(0.30),(0.02),(0.28),(280),(24),(0),(0),(0),8,169250
05,50,05025,（ひし類）　ひし　生,"Water caltrop, raw",51.8,5.8,0.5,2.9,1.3,183,156.5,45,150,5,430,84,1.1,1.3,0.06,0.60,Tr,,Tr,0,2,,(0),(0),1.6,0.42,0.08,1.2,0.32,(0),430,0.71,2,11.0,,,0,(220),(460),(300),(150),(120),(270),(280),(200),(480),(240),(110),(330),(190),(730),0.25,0.16,0.02,0.14,140,18,0,0,0,6,168591
05,50,05047,（ひし類）　とうびし　生,"Trapa bispinosa, raw",64.3,2.7,0.4,8.2,1.1,122,94.4,27,140,13,470,49,0.7,0.9,0.07,0.35,Tr,,1,0,2,1.2,-,-,1.4,0.25,0.03,2.2,0.18,-,110,0.36,1,8.7,,,33,100,220,140,71,54,120,130,91,220,110,52,150,90,340,0.15,0.05,0.01,0.05,46,8,0,0,0,6,170377
05,45,05048,（ひし類）　とうびし　ゆで,"Trapa bispinosa, boiled",65.5,2.7,0.3,5.1,1.0,120,100.9,25,130,12,410,45,0.5,0.8,0.05,0.27,Tr,,1,0,1,1,-,-,1.2,0.19,0.03,1.9,0.12,-,71,0.37,-,7.3,,,19.8,100,210,140,69,54,120,130,90,220,110,51,150,88,340,0.11,0.04,0.01,0.04,35,6,0,0,0,8,170378
05,45,05026,ピスタチオ　いり　味付け,"Pistachio nuts, roasted, salted",2.2,17.4,56.1,9.2,3.4,617,578.7,120,440,270,970,120,3.0,2.5,1.15,-,-,,-,-,-,10,(0),(0),1.4,0.43,0.24,1.0,1.22,(0),59,1.06,29,-,71.4,13.2,3,850,1400,980,280,350,630,940,530,1500,650,270,1200,470,1800,53.49,16.42,0.20,16.22,16000,200,-,-,-,4,169426
05,0,05027,ひまわり　フライ　味付け,"Sunflower seeds, roasted, salted",2.6,20.1,56.3,7.9,3.8,603,581.45,81,830,250,750,390,3.6,5.0,1.81,2.33,0,,95,1,28,78.2,(0),(0),12.0,1.72,0.25,6.7,1.18,(0),280,1.66,0,80.1,55.1,3.1,1.1,(990),(1400),(780),(540),(420),(950),(1100),(580),(1700),(790),(310),(1200),(600),(2000),46.86,28.31,0.09,28.22,28000,90,0,0,0,5,168593
05,0,05028,ブラジルナッツ　フライ　味付け,"Brazil nuts, roasted, salted",2.8,14.9,69.1,7.2,3.6,703,647.9,200,680,78,620,370,2.6,4.0,1.95,1.29,-,,-,-,-,20.3,(0),(0),4.1,0.88,0.26,1.5,0.25,(0),1,0.23,Tr,-,61,34.7,0.3,(540),(1200),(510),(1200),(320),(1500),(660),(430),(1100),(380),(140),(790),(430),(2200),65.87,29.02,0.06,28.96,29000,61,0,0,0,4,169422
05,0,05029,ヘーゼルナッツ　フライ　味付け,"Hazelnuts, roasted, salted",1.0,13.6,69.3,7.4,2.2,701,659.4,130,320,35,610,160,3.0,2.0,1.64,5.24,0,,1,1,6,4.1,(0),(0),18.0,0.26,0.28,1.0,0.39,(0),54,1.07,4,82.0,,,3.8,(490),(920),(350),(190),(250),(440),(580),(370),(950),(400),(190),(630),(340),(1700),66.26,5.31,0.07,5.24,5200,68,0,0,0,4,170583
05,0,05030,ペカン　フライ　味付け,"Pecans, roasted, salted",1.9,9.6,73.4,7.1,1.8,716,679.2,60,270,140,370,120,2.7,3.6,0.84,4.37,-,,-,-,-,4,(0),(0),1.7,0.19,0.19,0.8,0.19,(0),43,1.49,4,-,,,0.7,(350),(630),(300),(190),(160),(350),(450),(230),(670),(320),(97),(430),(270),(1200),68.79,24.06,0.99,23.07,23000,990,0,0,0,1,169424
05,0,05031,マカダミアナッツ　いり　味付け,"Macadamia nuts, roasted, salted",1.3,8.3,76.7,6.2,1.5,751,702,47,140,190,300,94,1.3,0.7,0.33,-,0,,13,2,5,11.7,(0),(0),Tr,0.21,0.09,2.1,0.21,(0),16,0.50,5,6.5,44.6,0,0.7,290,540,340,150,270,420,280,430,710,290,97,380,210,1200,73.25,1.56,0.09,1.47,1500,85,-,-,-,1,168598
05,0,05032,まつ　生,"Pine nuts, raw",2.5,15.8,68.2,4.1,2.9,681,657.75,14,680,2,730,290,5.6,6.9,1.44,9.78,-,,-,-,-,0.7,(0),(0),11.0,0.63,0.13,3.6,0.17,(0),79,0.59,1,-,55.8,53.9,0.8,(640),(1200),(610),(420),(410),(830),(600),(640),(1200),(500),(160),(800),(410),(2700),63.80,41.01,0.13,29.72,29000,120,0,0,0,4,170591
05,0,05033,まつ　いり,"Pine nuts, roasted",1.9,14.6,72.5,6.9,2.9,724,671.55,15,550,4,620,250,6.2,6.0,1.30,-,-,,-,-,-,0.7,(0),(0),12.0,0.61,0.21,3.6,0.10,(0),73,0.42,27,-,55.8,53.9,0.8,610,1100,570,390,380,770,560,620,1200,500,150,760,380,2500,67.53,41.48,0.18,31.36,31000,180,-,-,-,5,170591
05,30,05034,らっかせい　大粒種　乾,"Peanuts, large-seeded, dried",6.0,25.2,47.0,8.5,2.3,572,526.2,49,380,2,740,170,1.6,2.3,0.59,1.56,1,,20,4,88,9.3,0,0,11.0,0.41,0.10,20.0,0.49,(0),76,2.56,0,92.0,64.6,0,0,970,1800,1000,290,380,680,1500,1100,2600,850,280,1200,700,3300,44.41,13.59,0.09,13.50,13000,94,0,0,0,5,173806
05,30,05035,らっかせい　大粒種　いり,"Peanuts, large-seeded, roasted",1.7,25.0,49.6,11.4,2.4,613,543.75,50,390,2,760,200,1.7,3.0,0.69,2.15,1,,2,0,96,3.3,(0),(0),10.0,0.24,0.13,23.0,0.46,(0),58,2.20,Tr,110.0,55,0,0.8,950,1800,920,280,340,630,1500,1000,2500,850,270,1200,700,3200,48.36,14.83,0.10,14.73,15000,99,0,0,0,4,175258
05,30,05044,らっかせい　小粒種　乾,"Peanuts, small-seeded, dried",6.0,25.4,47.5,7.4,2.3,573,532.55,50,380,2,740,170,1.6,2.3,0.59,1.56,1,,20,4,88,9.3,(0),(0),10.0,0.85,0.10,17.0,0.46,(0),76,2.56,Tr,92.0,64.6,0,0,(970),(1800),(1000),(300),(380),(680),(1500),(1100),(2600),(850),(280),(1200),(700),(3300),44.83,15.66,0.09,15.57,16000,91,0,0,0,4,173806
05,30,05045,らっかせい　小粒種　いり,"Peanuts, small-seeded, roasted",2.1,26.5,49.4,7.2,2.4,607,556.05,50,390,2,770,200,1.7,3.0,0.69,-,-,,-,-,-,9.3,(0),(0),11.0,0.23,0.10,17.0,0.46,(0),57,2.19,Tr,-,64.6,0,0,(1000),(1900),(970),(300),(360),(660),(1600),(1100),(2700),(900),(280),(1300),(740),(3300),(48.15),(16.82),(0.10),(16.72),(17000),(97),(0),(0),(0),4,173806
05,0,05036,らっかせい　バターピーナッツ,"Peanuts, buttered (butter peanuts)",2.4,23.3,53.2,9.5,2.8,609,564.55,50,380,120,700,190,2.0,3.1,0.64,2.81,1,,5,1,68,3.3,(0),(0),1.9,0.20,0.10,17.0,0.48,(0),98,2.42,Tr,96.0,55.3,0,0.8,930,1800,910,290,360,650,1400,970,2400,800,250,1200,680,3000,49.54,15.72,0.05,15.67,16000,47,0,0,0,5,174261
05,0,05037,らっかせい　ピーナッツバター,Peanut butter,1.2,20.6,50.4,7.6,2.9,599,561.05,47,370,350,650,180,1.6,2.7,0.65,1.45,1,,5,3,92,7.5,(0),(0),4.8,0.10,0.09,16.0,0.36,(0),86,1.87,0,79.0,63.5,0.6,0,810,1500,740,230,290,530,1200,830,2100,690,210,1000,600,2700,45.78,14.62,0.05,14.56,15000,52,0,0,0,5,169869
06,75,06001,アーティチョーク　花らい　生,"Artichoke, flower bud, raw",85.1,2.3,0.2,8.7,1.1,39,18.85,52,61,21,430,50,0.8,0.2,0.05,0.19,-,,-,-,-,0.2,(0),(0),0.4,0.08,0.10,1.2,0.08,(0),81,0.51,2,-,34.4,14.8,11.7,(98),(180),(130),(36),(21),(57),(120),(77),(200),(100),(40),(130),(48),(120),(0.14),(0.09),(0.02),(0.06),(61),(23),(0),(0),(0),7,169205
06,80,06002,アーティチョーク　花らい　ゆで,"Artichoke, flower bud, boiled",85.9,2.1,0.1,8.6,1.1,35,15.9,47,55,12,380,46,0.7,0.2,0.05,0.15,-,,-,-,-,0.2,(0),(0),0.4,0.07,0.08,1.1,0.06,(0),76,0.51,2,-,34.4,14.8,7.4,(89),(160),(120),(33),(19),(52),(110),(70),(180),(91),(37),(120),(44),(110),(0.07),(0.04),(0.01),(0.03),(31),(11),(0),(0),(0),8,168386
06,0,06402,アイスプラント　生,"Ice plant, raw",96.2,0.5,0.3,0.8,1.4,5,7.1,18,24,380,260,11,0.2,0.2,0.03,0.83,4,,Tr,0,28,0.9,-,-,0.5,0.02,0.05,0.2,0.05,-,24,0.1,73,0.7,,,19.5,28,49,36,9.9,3.8,14,29,22,51,22,13,36,13,32,0.02,Tr,0,0,1,1,0,0,0,8,169990
06,0,06003,あさつき　葉　生,"Chive, leaves, raw",89.0,4.2,0.3,3.3,0.9,34,25.3,20,86,4,330,16,0.7,0.8,0.09,0.40,-,,-,-,-,0.9,(0),(0),0.9,0.15,0.16,0.8,0.36,(0),210,0.62,50,-,5.2,212.7,58.1,(150),(270),(240),(59),(49),(110),(170),(130),(310),(160),(62),(190),(80),(190),(0.13),(0.08),(0.04),(0.04),(39),(42),(0),-,(0),1,169994
06,0,06004,あさつき　葉　ゆで,"Chive, leaves, boiled",87.3,4.2,0.3,3.4,0.9,41,30.9,21,85,4,330,17,0.7,0.8,0.09,0.43,-,,-,-,-,0.9,(0),(0),0.9,0.17,0.15,0.7,0.27,(0),200,0.55,43,-,5.2,212.7,58.1,(150),(270),(240),(59),(49),(110),(170),(130),(310),(160),(62),(190),(80),(190),(0.13),(0.08),(0.04),(0.04),(39),(42),(0),-,(0),1,169994
06,2,06005,あしたば　茎葉　生,"Angelica keiskei (ashitaba), stems and leaves, raw",88.6,3.3,0.1,5.6,1.3,30,16.25,65,65,60,540,26,1.0,0.6,0.16,1.05,-,,-,-,-,0.3,(0),(0),2.6,0.10,0.24,1.4,0.16,(0),100,0.92,500,-,,,1.4,(130),(230),(200),(47),(16),(63),(160),(91),(250),(140),(50),(190),(68),(140),,,,,,,,,,7,168491
06,0,06006,あしたば　茎葉　ゆで,"Angelica keiskei (ashitaba), stems and leaves, boiled",89.5,2.9,0.1,5.3,0.9,28,15.55,58,51,43,390,20,0.5,0.3,0.13,0.92,-,,-,-,-,0.9,(0),(0),2.7,0.07,0.16,0.8,0.10,(0),75,0.45,380,-,,,35.5,(120),(200),(180),(41),(14),(55),(140),(80),(220),(120),(44),(170),(60),(120),,,,,,,,,,8,170544
06,20,06007,アスパラガス　若茎　生,"Asparagus, young shoots, raw",92.6,2.6,0.2,1.8,0.7,21,18.15,19,60,2,270,9,0.7,0.5,0.10,0.19,1,,0,0,2,2.3,(0),(0),1.5,0.14,0.15,1.0,0.12,(0),190,0.59,43,1.8,16,41.6,5.6,76,130,130,31,29,60,74,61,140,88,26,110,45,120,(0.15),(0.08),(0.02),(0.07),(67),(17),(0),(0),(0),8,168389
06,0,06008,アスパラガス　若茎　ゆで,"Asparagus, young shoots, boiled",92.0,2.6,0.1,2.1,0.7,25,18.7,19,61,2,260,12,0.6,0.6,0.13,0.23,-,,-,-,-,6.1,(0),(0),1.6,0.14,0.14,1.1,0.08,(0),180,0.54,46,-,26.1,50.6,7.7,(74),(130),(120),(31),(29),(60),(74),(59),(130),(82),(26),(110),(44),(120),(0.07),(0.05),(0.01),(0.03),(35),(13),(0),(0),(0),8,168390
06,0,06327,アスパラガス　若茎　油いため,"Asparagus, young shoots, stir-fried",88.3,2.9,3.9,2.1,0.8,54,50.3,21,66,3,310,10,0.7,0.5,0.11,0.22,-,,-,-,-,6.3,(0),(0),2.0,0.15,0.17,1.2,0.11,(0),220,0.58,48,-,59.4,0,0,(81),(140),(140),(34),(32),(66),(81),(65),(150),(90),(28),(120),(49),(130),(3.55),(1.06),(0.30),(0.75),(750),(300),(0),(0),(0),7,168435
06,0,06009,アスパラガス　水煮缶詰,"Asparagus, canned, water pack",91.9,2.4,0.1,1.7,1.3,24,18.35,21,41,350,170,7,0.9,0.3,0.07,0.05,-,,-,-,-,1.6,(0),(0),0.4,0.07,0.06,1.2,0.02,(0),15,0.12,4,-,,,16.5,(68),(120),(110),(29),(26),(55),(68),(54),(120),(75),(24),(97),(41),(110),(0.07),(0.04),(Tr),(0.04),(41),(2),(0),(0),(0),8,169206
06,30,06328,アロエ　葉　生,"Aloe, leaves, raw",99.0,0,0.1,0.4,0.3,3,1.55,56,2,8,43,4,0,0,Tr,0.02,-,,-,-,-,,(0),(0),0,0,0,0,0.01,(0),4,0.06,0,-,,,22.3,,,,,,,,,,,,,,,,,,,,,,,,3,168171
06,3,06010,いんげんまめ　さやいんげん　若ざや　生,"Green beans, immature pods, raw",92.2,1.8,0.1,2.4,0.8,23,16.6,50,41,1,260,23,0.7,0.3,0.06,0.33,Tr,,0,0,18,1.5,(0),(0),0.2,0.06,0.11,0.6,0.07,(0),50,0.17,60,4.5,19.1,18.1,12.9,55,89,80,23,15,38,65,43,110,76,18,79,41,64,(0.08),(0.05),(0.03),(0.02),(20),(31),(0),(0),(0),9,169234
06,0,06011,いんげんまめ　さやいんげん　若ざや　ゆで,"Green beans, immature pods, boiled",91.7,1.8,0.2,3.9,0.8,24,13.6,53,43,1,270,22,0.7,0.3,0.06,0.34,Tr,,0,0,20,0.2,(0),(0),0.2,0.06,0.10,0.5,0.07,(0),53,0.16,51,4.2,16.9,47.9,9.7,(54),(88),(79),(23),(15),(37),(65),(41),(110),(70),(18),(77),(41),(63),(0.16),(0.10),(0.06),(0.04),(40),(64),(0),(0),(0),8,169141
06,35,06012,（うど類）　うど　茎　生,"Udo, stems, raw",94.4,0.8,0.1,1.4,0.4,19,13.8,7,25,Tr,220,9,0.2,0.1,0.05,0.04,Tr,,0,0,0,0.2,(0),(0),0.2,0.02,0.01,0.5,0.04,(0),19,0.12,2,0.5,,,2.8,(33),(48),(43),(7.3),(6.6),(14),(30),(25),(55),(35),(11),(49),(20),(28),,,,,,,,,,7,170404
06,0,06013,（うど類）　うど　茎　水さらし,"Udo, stems, soaked in water",95.7,0.6,0,1.6,0.3,13,8.4,6,23,Tr,200,8,0.1,0.1,0.04,0.03,-,,-,-,-,0.7,(0),(0),0.1,0.01,0.02,0.5,0.03,(0),19,0.08,2,-,,,14.1,(25),(36),(32),(5.5),(5.0),(10),(23),(19),(41),(27),(8.6),(37),(15),(21),,,,,,,,,,8,169358
06,35,06014,（うど類）　やまうど　茎　生,"Mountain udo, stems, raw",93.9,1.1,0.1,1.8,0.6,19,13.45,11,31,1,270,13,0.3,0.2,0.06,0.09,-,,-,-,-,0.7,(0),(0),0.2,0.03,0.02,0.5,0.05,(0),20,0.13,3,-,,1.4,2.6,(45),(66),(59),(10),(9.1),(19),(41),(34),(76),(49),(16),(67),(27),(38),,,,,,,,,,7,168432
06,4,06363,うるい　葉　生,"Hosta (urui), leaves, raw",92.8,1.9,0.4,3.3,0.9,19,12.5,40,52,1,390,14,0.5,0.5,0.09,0.79,1,,1,0,4,0.9,(0),(0),1.3,0.09,0.12,0.5,0.10,(0),120,0.31,160,3.1,12.8,108.6,52,74,130,110,31,26,56,78,63,140,85,28,98,41,100,0.21,0.14,0.07,0.08,75,65,0,0,0,8,168487
06,45,06015,えだまめ　生,"Edamame, raw",71.7,11.7,6.2,5.0,1.6,125,106.95,58,170,1,590,62,2.7,1.4,0.41,0.71,0,,1,1,240,,(0),(0),0.8,0.31,0.15,1.6,0.15,(0),320,0.53,30,11.0,56,31.4,9.7,540,900,740,160,180,340,610,400,1000,490,160,570,340,860,5.49,2.77,0.52,2.25,2200,520,0,0,0,8,168410
06,50,06016,えだまめ　ゆで,"Edamame, boiled",72.1,11.5,6.1,4.6,1.4,118,107.15,76,170,2,490,72,2.5,1.3,0.36,0.74,-,,-,-,-,0.8,(0),(0),0.6,0.24,0.13,1.0,0.08,(0),260,0.45,33,-,56.3,26.7,6.1,(510),(870),(720),(160),(170),(330),(590),(380),(980),(450),(150),(540),(330),(830),5.58,2.82,0.54,2.28,2300,540,0,0,0,7,168411
06,50,06017,えだまめ　冷凍,"Edamame, frozen",67.1,13.0,7.6,7.3,1.7,143,121.65,76,190,5,650,76,2.5,1.4,0.42,1.12,2,,2,0,190,0.8,(0),(0),1.2,0.28,0.13,1.6,0.14,(0),310,0.51,28,9.2,56.3,26.7,6.1,(580),(990),(820),(180),(190),(370),(670),(430),(1100),(510),(170),(610),(370),(940),6.87,3.34,0.50,2.85,2800,500,0,0,0,7,168411
06,15,06018,エンダイブ　葉　生,"Endive, leaves, raw",94.6,1.2,0.2,2.2,0.9,14,9.05,51,30,35,270,19,0.6,0.4,0.05,1.10,-,,-,-,-,0.2,(0),(0),0.8,0.06,0.08,0.3,0.08,(0),90,0.16,120,-,16.8,231,6.5,(69),(94),(60),(13),(9.6),(23),(51),(38),(89),(48),(4.8),(60),(22),(60),(0.14),(0.09),(0.01),(0.08),(75),(13),(0),(0),(0),9,168412
06,0,06019,（えんどう類）　トウミョウ　茎葉　生,"Pea shoots, stems and leaves, raw",90.9,3.8,0.4,3.3,1.0,28,18.8,34,61,7,350,22,1.0,0.4,0.08,1.11,-,,-,-,-,0.7,(0),(0),3.3,0.24,0.27,1.1,0.19,(0),91,0.80,280,-,17.4,25,60,(100),(150),(160),(30),(26),(56),(95),(66),(160),(130),(31),(150),(52),(120),,,,,,,,,,8,170010
06,0,06329,（えんどう類）　トウミョウ　芽ばえ　生,"Pea sprouts, raw",92.2,3.8,0.4,2.2,0.4,27,20.2,7,47,1,130,13,0.8,0.5,0.10,0.23,-,,-,-,-,0.6,(0),(0),1.6,0.17,0.21,0.8,0.15,(0),120,0.39,210,-,,,10.4,(100),(150),(160),(30),(26),(56),(95),(66),(160),(130),(31),(150),(52),(120),,,,,,,,,,8,170422
06,0,06330,（えんどう類）　トウミョウ　芽ばえ　ゆで,"Pea sprouts, boiled",91.7,3.6,0.6,3.5,0.3,28,18.75,8,41,1,73,13,0.9,0.3,0.09,0.25,-,,-,-,-,0.6,(0),(0),3.2,0.10,0.08,0.3,0.07,(0),51,0.27,300,-,,,6.6,(99),(140),(150),(29),(25),(54),(91),(64),(150),(130),(30),(140),(50),(120),,,,,,,,,,8,170423
06,0,06331,（えんどう類）　トウミョウ　芽ばえ　油いため,"Pea sprouts, stir-fried",84.3,5.0,5.9,3.0,0.5,84,72.2,8,62,2,170,17,1.0,0.6,0.13,0.29,-,,-,-,-,0.6,(0),(0),3.7,0.21,0.26,1.1,0.18,(0),180,0.60,300,-,,,12,(140),(190),(210),(40),(33),(73),(120),(87),(210),(170),(41),(200),(69),(160),,,,,,,,,,8,168461
06,9,06020,（えんどう類）　さやえんどう　若ざや　生,"Snow peas, immature pods, raw",88.6,3.1,0.2,3.0,0.6,38,28.3,35,63,1,200,24,0.9,0.6,0.10,0.40,Tr,,0,0,24,0.7,(0),(0),0.7,0.15,0.11,0.8,0.08,(0),73,0.56,47,5.1,17.4,25,60,84,120,130,25,21,46,77,54,130,110,26,120,43,100,(0.15),(0.09),(0.01),(0.08),(75),(13),(0),(0),(0),9,170010
06,0,06021,（えんどう類）　さやえんどう　若ざや　ゆで,"Snow peas, immature pods, boiled",89.1,3.2,0.2,3.1,0.5,36,26.55,36,61,1,160,23,0.8,0.6,0.09,0.39,-,,-,-,-,0.7,(0),(0),0.7,0.14,0.10,0.6,0.06,(0),56,0.47,40,-,17.4,25,47.9,(85),(120),(130),(25),(21),(47),(79),(54),(130),(100),(26),(120),(44),(100),(0.15),(0.09),(0.01),(0.08),(75),(13),(0),(0),(0),8,170011
06,5,06022,（えんどう類）　スナップえんどう　若ざや　生,"Snap peas, immature pods, raw",86.6,2.9,0.1,2.5,0.5,47,36.9,32,62,1,160,21,0.6,0.4,0.08,0.22,-,,-,-,-,0.7,(0),(0),0.4,0.13,0.09,0.7,0.09,(0),53,0.22,33,-,17.4,25,60,(77),(110),(120),(23),(19),(42),(72),(49),(120),(93),(24),(110),(40),(93),(0.07),(0.04),(0.01),(0.04),(38),(7),(0),(0),(0),8,170010
06,0,06023,（えんどう類）　グリンピース　生,"Green peas, raw",76.5,6.9,0.4,7.7,0.9,76,54.15,23,120,1,340,37,1.7,1.2,0.19,0.48,0,,1,0,65,1.8,(0),(0),0.1,0.39,0.16,2.7,0.15,(0),76,0.63,27,6.3,28.4,24.8,40,260,460,450,57,71,130,320,180,500,270,57,300,140,660,0.16,0.08,0.01,0.07,69,12,0,-,0,8,170419
06,0,06024,（えんどう類）　グリンピース　ゆで,"Green peas, boiled",72.2,8.3,0.2,8.6,0.8,99,65.4,32,80,3,340,39,2.2,1.2,0.19,0.68,-,,-,-,-,1.9,(0),(0),0.1,0.29,0.14,2.2,0.09,(0),70,0.54,31,-,29.7,25.9,14.2,(300),(540),(530),(68),(85),(150),(380),(210),(590),(300),(68),(350),(170),(780),(0.08),(0.04),(0.01),(0.03),(35),(6),(0),-,(0),9,170420
06,0,06025,（えんどう類）　グリンピース　冷凍,"Green peas, frozen",75.7,5.8,0.7,9.3,0.8,80,53.2,27,110,9,240,31,1.6,1.0,0.17,0.38,0,,1,1,77,1.2,(0),(0),Tr,0.29,0.11,2.1,0.09,0,77,0.39,27,5.3,,,11.2,230,400,390,55,58,110,250,160,420,250,52,270,120,570,0.45,0.25,0.04,0.21,210,37,0,0,0,8,170425
06,0,06374,（えんどう類）　グリンピース　冷凍　ゆで,"Green peas, frozen, boiled",74.6,6.2,0.7,10.3,0.7,82,53.9,29,110,8,210,32,1.7,1.0,0.16,0.39,0,,1,1,60,1,(0),(0),Tr,0.27,0.09,2.0,0.08,0,68,0.36,29,5.2,27.5,24,9.9,260,430,420,61,62,120,280,180,460,260,57,300,140,600,0.47,0.26,0.04,0.22,220,41,0,0,0,8,170017
06,0,06375,（えんどう類）　グリンピース　冷凍　油いため,"Green peas, frozen, stir-fried",70.1,6.3,4.6,9.3,0.8,114,92.3,28,110,10,260,33,1.7,1.0,0.18,0.41,0,,1,1,74,0.8,(0),(0),0.8,0.31,0.12,2.1,0.09,0,81,0.48,34,5.8,56.3,26.7,6.1,250,430,420,61,65,130,270,180,450,270,55,300,130,610,3.85,1.19,0.33,0.87,860,330,0,0,0,8,168411
06,0,06026,（えんどう類）　グリンピース　水煮缶詰,"Green peas, canned, boiled",74.9,3.6,0.4,6.9,1.4,82,60.8,33,82,330,37,18,1.8,0.6,0.15,0.30,-,,-,-,-,,(0),(0),0,0.04,0.04,1.2,0.02,(0),10,0.69,19,-,,,9.3,(130),(240),(230),(29),(37),(66),(160),(90),(250),(130),(29),(150),(75),(340),(0.22),(0.13),(0.02),(0.11),(110),(20),(0),(0),(0),8,170015
06,6,06027,おおさかしろな　葉　生,"Osaka shirona, leaves, raw",94.9,1.4,0.2,1.8,1.0,12,9.05,150,52,22,400,21,1.2,0.5,0.06,0.29,-,,-,-,-,3,(0),(0),1.2,0.06,0.18,0.7,0.13,(0),150,0.24,190,-,,,93.2,(45),(76),(76),(17),(17),(34),(45),(37),(82),(53),(15),(64),(29),(69),(0.08),(0.05),(0.05),(0.01),(5),(48),(0),-,(0),8,169329
06,6,06028,おおさかしろな　葉　ゆで,"Osaka shirona, leaves, boiled",94.0,1.6,0.3,2.2,0.8,16,12,140,46,20,240,15,1.0,0.5,0.05,0.29,-,,-,-,-,0.9,(0),(0),1.9,0.03,0.09,0.3,0.07,(0),86,0.12,240,-,,,35.5,(51),(87),(87),(20),(19),(39),(52),(42),(94),(60),(17),(73),(33),(79),(0.12),(0.08),(0.07),(0.01),(8),(72),(0),-,(0),9,170544
06,9,06029,おおさかしろな　塩漬,"Osaka shirona, salted",91.0,1.3,0.3,3.1,2.6,19,13.05,130,52,620,380,21,0.7,0.6,0.06,0.26,-,,-,-,-,0.9,(0),(0),1.6,0.06,0.15,0.7,0.16,(0),88,0.23,340,-,21.5,115.6,0,(42),(70),(71),(16),(16),(32),(42),(34),(76),(49),(14),(59),(27),(64),(0.12),(0.08),(0.07),(0.01),(8),(72),(0),-,(0),5,169891
06,6,06030,おかひじき　茎葉　生,"Land seaweed (Okahijiki), stems and leaves, raw",92.5,1.4,0.2,2.5,2.0,16,11.5,150,40,56,680,51,1.3,0.6,0.10,0.66,-,,-,-,-,0.7,(0),(0),1.0,0.06,0.13,0.5,0.04,(0),93,0.22,310,-,12.8,66,3,,,,,,,,,,,,,,,,,,,,,,,,8,168457
06,0,06031,おかひじき　茎葉　ゆで,"Land seaweed (Okahijiki), stems and leaves, boiled",92.9,1.2,0.1,2.7,1.6,16,10.3,150,34,66,510,48,0.9,0.6,0.10,0.59,-,,-,-,-,0.9,(0),(0),1.0,0.04,0.10,0.4,0.03,(0),85,0.22,360,-,,,35.5,,,,,,,,,,,,,,,,,,,,,,,,8,170544
06,15,06032,オクラ　果実　生,"Okra, raw",90.2,2.1,0.2,5.0,0.9,26,14.65,92,58,4,280,51,0.5,0.6,0.13,0.48,Tr,,0,0,6,0.7,(0),(0),1.2,0.09,0.09,0.8,0.1,(0),110,0.42,66,6.6,12.3,31.3,23,61,99,90,27,20,47,69,49,120,70,26,80,40,130,(0.07),(0.03),(Tr),(0.03),(27),(1),(0),(0),(0),8,169260
06,15,06033,オクラ　果実　ゆで,"Okra, boiled",89.4,2.1,0.1,5.4,0.8,25,15.9,90,56,4,280,51,0.5,0.5,0.11,0.48,0,,0,0,8,0.4,(0),(0),1.2,0.09,0.09,0.8,0.08,(0),110,0.42,66,6.5,8.7,40,16.3,(59),(98),(89),(27),(20),(47),(68),(47),(120),(65),(26),(78),(40),(120),(0.06),(0.02),(0),(0.02),(21),(Tr),(0),(0),(0),9,169261
06,30,06034,かぶ　葉　生,"Turnip, leaves, raw",92.3,2.3,0.1,2.9,1.4,20,12.4,250,42,24,330,25,2.1,0.3,0.10,0.64,6,,3,2,16,1.2,(0),(0),3.1,0.08,0.16,0.9,0.16,(0),110,0.36,340,2.7,,251,60,(100),(180),(140),(29),(19),(48),(130),(80),(210),(110),(50),(140),(57),(150),(0.05),(0.04),(0.03),(Tr),(4),(28),(0),-,(0),8,170061
06,30,06035,かぶ　葉　ゆで,"Turnip, leaves, boiled",92.2,2.3,0.1,3.7,0.9,20,11.7,190,47,18,180,14,1.5,0.2,0.08,0.41,-,,-,-,-,0.9,(0),(0),3.3,0.02,0.05,0.2,0.14,(0),66,0.24,370,-,0.3,367.6,27.4,(100),(180),(140),(29),(19),(48),(130),(80),(210),(110),(50),(140),(57),(150),(0.05),(0.04),(0.03),(Tr),(4),(28),(0),-,(0),8,170466
06,9,06036,かぶ　根　皮つき　生,"Turnip, root, with skin, raw",93.9,0.7,0.1,1.5,0.6,18,14.5,24,28,5,280,8,0.3,0.1,0.03,0.06,-,,-,-,-,0.7,(0),(0),0,0.03,0.03,0.6,0.08,(0),48,0.25,0,-,11.1,0.1,21,27,45,50,9.4,11,20,28,23,51,35,9.5,40,18,30,(0.07),(0.05),(0.04),(0.01),(12),(40),(0),(0),(0),8,170465
06,0,06037,かぶ　根　皮つき　ゆで,"Turnip, root, with skin, boiled",93.8,0.7,0.1,1.8,0.6,18,13.8,28,32,6,310,10,0.3,0.1,0.03,0.07,-,,-,-,-,0.2,(0),(0),0,0.03,0.03,0.6,0.05,(0),49,0.22,0,-,8.7,0.1,11.6,(27),(45),(49),(9.3),(11),(20),(28),(22),(50),(32),(9.4),(39),(18),(30),(0.07),(0.05),(0.04),(0.01),(11),(40),(0),(0),(0),8,170058
06,15,06038,かぶ　根　皮なし　生,"Turnip, root, without skin, raw",93.9,0.6,0.1,1.4,0.5,19,15.2,24,25,5,250,8,0.2,0.1,0.03,0.05,0,,0,0,1,0.7,(0),(0),0,0.03,0.03,0.6,0.07,(0),49,0.23,0,1.0,11.1,0.1,21,24,40,43,8.7,9.4,18,24,20,45,31,7.7,36,16,27,(0.07),(0.05),(0.04),(0.01),(12),(40),(0),(0),(0),8,170465
06,0,06039,かぶ　根　皮なし　ゆで,"Turnip, root, without skin, boiled",93.7,0.6,0.1,1.7,0.5,20,14.85,28,26,4,250,9,0.2,0.1,0.02,-,-,,-,-,-,0.2,(0),(0),0,0.03,0.03,0.5,0.06,(0),56,0.21,0,-,8.7,0.1,11.6,(24),(39),(42),(8.6),(9.3),(18),(24),(20),(44),(29),(7.7),(35),(15),(26),(0.07),(0.05),(0.04),(0.01),(11),(40),(0),(0),(0),9,170058
06,20,06040,かぶ　漬物　塩漬　葉,"Turnip, pickled, salted, leaves",87.9,2.3,0.2,3.6,3.6,27,18.15,240,46,910,290,32,2.6,0.3,0.06,0.33,-,,-,-,-,0.9,(0),(0),2.9,0.07,0.19,1.0,1.10,(0),78,0.49,360,-,,367.6,27.4,(100),(180),(140),(29),(19),(48),(130),(80),(210),(110),(50),(140),(57),(150),(0.10),(0.08),(0.06),(0.01),(8),(56),(0),-,(0),5,170139
06,0,06041,かぶ　漬物　塩漬　根　皮つき,"Turnip, pickled, salted, root, with skin",90.5,1.0,0.2,1.9,3.4,21,15.7,48,36,1100,310,11,0.3,0.1,0.03,0.05,-,,-,-,-,0.6,(0),(0),0,0.02,0.03,0.7,0.08,(0),48,0.39,0,-,8.7,0.1,11.6,(39),(65),(70),(14),(15),(30),(40),(33),(73),(48),(13),(58),(26),(44),(0.14),(0.11),(0.08),(0.02),(24),(80),(0),(0),(0),5,170547
06,0,06042,かぶ　漬物　塩漬　根　皮なし,"Turnip, pickled, salted, root, without skin",89.4,0.8,0.1,2.0,4.8,19,13.8,33,38,1700,400,14,0.3,0.2,0.04,0.05,-,,-,-,-,0.6,(0),(0),0,0.04,0.03,0.1,0.10,(0),58,0.25,0,-,8.7,0.1,11.6,(32),(52),(56),(11),(12),(24),(32),(26),(58),(38),(10),(46),(21),(35),(0.07),(0.05),(0.04),(0.01),(12),(40),(0),(0),(0),3,170547
06,20,06043,かぶ　漬物　ぬかみそ漬　葉,"Turnip, pickled, nukazuke, leaves",83.5,3.3,0.1,4.0,6.0,35,23.25,280,81,1500,540,65,2.2,0.4,0.09,0.40,-,,-,-,-,1,(0),(0),4.0,0.31,0.24,4.8,0.36,(0),81,0.73,260,-,23.5,125.9,0.7,,,,,,,,,,,,,,,,,,,,,,,,5,169890
06,0,06044,かぶ　漬物　ぬかみそ漬　根　皮つき,"Turnip, pickled, nukazuke, root, with skin",89.5,1.5,0.1,2.0,3.0,27,19.75,57,44,860,500,29,0.3,0.2,0.04,0.09,-,,-,-,-,1,(0),(0),0,0.25,0.04,2.8,0.19,(0),74,0.46,Tr,-,23.5,125.9,0.7,,,,,,,,,,,,,,,,,,,,,,,,5,169890
06,0,06045,かぶ　漬物　ぬかみそ漬　根　皮なし,"Turnip, pickled, nukazuke, root, without skin",83.5,1.4,0.1,1.8,7.9,31,24.3,26,76,2700,740,68,0.3,0.2,0.04,-,-,,-,-,-,1,(0),(0),0,0.45,0.05,3.2,0.42,(0),70,1.11,0,-,23.5,125.9,0.7,,,,,,,,,,,,,,,,,,,,,,,,5,169890
06,9,06046,（かぼちゃ類）　日本かぼちゃ　果実　生,"Japanese pumpkin (Kabocha), raw",86.7,1.6,0.1,2.8,0.7,41,34.8,20,55,1,420,15,0.5,0.3,0.08,0.08,Tr,,0,0,1,0.3,0,(0),2.2,0.08,0.05,0.9,0.15,(0),80,0.5,26,1.9,8.2,1.1,9,54,84,81,22,19,42,58,47,110,48,21,71,32,57,0.04,0.03,0.02,0.01,7,19,0,-,0,9,168448
06,0,06047,（かぼちゃ類）　日本かぼちゃ　果実　ゆで,"Japanese pumpkin (Kabocha), boiled",84,1.9,0.1,3.0,0.7,55,43.55,18,45,1,350,15,0.5,0.2,0.07,0.08,0,,0,-,1,0.2,(0),(0),2.1,0.06,0.03,0.7,0.12,(0),75,0.50,27,1.7,6.2,0.8,4.7,(63),(99),(95),(26),(23),(49),(68),(54),(120),(53),(24),(82),(38),(67),(0.04),(0.03),(0.02),(0.01),(7),(19),(0),-,(0),9,168449
06,10,06048,（かぼちゃ類）　西洋かぼちゃ　果実　生,"Pumpkin, raw",76.2,1.9,0.3,3.5,1.0,78,69.05,22,48,1,430,25,0.4,0.3,0.07,0.07,Tr,,0,0,5,0.3,(0),(0),3.9,0.07,0.08,1.4,0.23,(0),42,0.62,37,1.9,8.2,1.1,9,55,96,92,24,24,49,81,43,120,56,22,69,37,120,0.16,0.06,0.02,0.04,37,23,0,-,0,8,168448
06,0,06049,（かぼちゃ類）　西洋かぼちゃ　果実　ゆで,"Pumpkin, boiled",75.7,1.6,0.3,4.1,1.1,80,68.35,22,37,1,340,24,0.3,0.3,0.07,0.07,Tr,,0,-,6,0.2,(0),(0),3.4,0.04,0.06,1.1,0.18,(0),38,0.62,31,1.5,6.2,0.8,4.7,(45),(80),(77),(20),(20),(41),(68),(35),(100),(44),(18),(57),(31),(96),(0.16),(0.06),(0.02),(0.04),(37),(23),(0),-,(0),9,168449
06,0,06332,（かぼちゃ類）　西洋かぼちゃ　果実　焼き,"Pumpkin, baked",68.2,2.5,0.4,5.3,1.2,105,90.55,19,55,0,570,31,0.6,0.4,0.08,0.17,-,,-,-,-,0.3,(0),(0),6.9,0.09,0.12,2.1,0.22,(0),58,0.77,0,-,8.2,1.1,9,(70),(120),(120),(32),(32),(64),(110),(54),(160),(69),(28),(89),(49),(150),(0.19),(0.07),(0.03),(0.05),(45),(28),(0),-,(0),9,168448
06,0,06050,（かぼちゃ類）　西洋かぼちゃ　果実　冷凍,"Pumpkin, frozen",78.1,2.2,0.3,4.2,0.9,75,60.3,25,46,3,430,26,0.5,0.6,0.05,0.14,-,,-,-,-,0.4,(0),(0),4.2,0.06,0.09,1.3,0.19,(0),48,0.44,17,-,9.8,16,4.2,(61),(110),(110),(28),(28),(56),(93),(48),(140),(60),(25),(78),(43),(130),(0.16),(0.06),(0.02),(0.04),(37),(23),(0),-,(0),9,168450
06,30,06051,（かぼちゃ類）　そうめんかぼちゃ　果実　生,"Spaghetti squash, raw",92.4,0.7,0.1,1.5,0.6,25,19.75,27,35,1,260,16,0.3,0.2,0.05,0.09,-,,-,-,-,0.5,(0),(0),0.2,0.05,0.01,0.5,0.10,(0),25,0.36,Tr,-,,,11,(26),(37),(24),(7.7),(5.5),(13),(26),(22),(48),(20),(9.8),(28),(12),(36),(0.07),(0.04),(0.03),(0.02),(16),(26),-,-,-,8,168472
06,0,06052,からしな　葉　生,"Mustard greens, leaves, raw",90.3,3.3,0.1,3.7,1.3,26,16.95,140,72,60,620,21,2.2,0.9,0.08,1.02,-,,-,-,-,0.9,0,(0),3.0,0.12,0.27,1.2,0.25,(0),310,0.32,260,-,0.5,257.5,70,130,240,210,57,38,95,160,110,270,170,60,190,77,210,,,,,,,,,,7,169256
06,0,06053,からしな　塩漬,"Mustard greens, salted",84.5,4.0,0.1,5.0,3.8,36,23.95,150,71,970,530,23,1.8,1.1,0.10,0.76,-,,-,-,-,0.9,(0),(0),3.1,0.08,0.28,0.6,0.27,(0),210,0.37,270,-,21.5,115.6,0,(160),(290),(260),(68),(46),(110),(190),(130),(320),(190),(72),(220),(93),(240),,,,,,,,,,7,169891
06,50,06054,カリフラワー　花序　生,"Cauliflower, raw",90.8,3.0,0.1,2.9,0.9,28,19.4,24,68,8,410,18,0.6,0.6,0.05,0.22,0,,0,0,4,0.6,(0),(0),0.2,0.06,0.11,0.7,0.23,(0),94,1.30,17,8.5,44.3,15.5,48.2,110,180,190,47,37,84,120,85,200,130,36,160,60,130,(0.07),(0.01),(0.01),(Tr),(5),(5),(0),(0),(0),8,169986
06,0,06055,カリフラワー　花序　ゆで,"Cauliflower, boiled",91.5,2.7,0.1,3.2,0.6,26,16.95,23,37,8,220,13,0.7,0.4,0.03,0.17,-,,-,-,-,0.6,(0),(0),0.2,0.05,0.05,0.2,0.13,(0),88,0.84,31,-,39.1,13.8,44.3,(98),(160),(170),(42),(33),(75),(100),(74),(180),(110),(32),(140),(53),(110),(0.07),(0.01),(0.01),(Tr),(5),(5),(0),(0),(0),8,170397
06,0,06056,かんぴょう　乾,"Dried gourd strips (Kanpyo), dried",19.8,6.3,0.2,30.1,5.0,239,158.85,250,140,3,1800,110,2.9,1.8,0.62,1.60,2,,2,5,13,2.6,(0),(0),0.4,0,0.04,2.7,0.04,(0),99,1.75,Tr,8.0,,,0.2,220,310,270,59,82,140,240,130,380,200,32,270,120,330,,,,,,,,,,8,169241
06,0,06057,かんぴょう　ゆで,"Dried gourd strips (Kanpyo), boiled",91.6,0.7,0,5.3,0.4,21,9.45,34,16,1,100,10,0.3,0.2,0.08,0.14,-,,-,-,-,2.6,(0),(0),0.1,0,0,0.3,0,(0),7,0,0,-,,,0.2,(25),(35),(30),(6.6),(9.2),(16),(28),(15),(42),(22),(3.6),(30),(14),(37),,,,,,,,,,8,169241
06,0,06364,かんぴょう　甘煮,"Dried gourd strips (Kanpyo), simmered in sweet sauce",57.6,2.3,0.2,5.5,3.4,146,118.25,44,34,1200,90,21,0.5,0.3,0.05,0.31,8,,2,2,8,2.6,(0),0,Tr,0.01,-,0.3,0.03,Tr,10,0.07,0,1.9,,,0.2,100,150,120,27,21,48,93,32,120,90,8.1,120,48,89,,,,,,,,,,6,169241
06,15,06058,きく　花びら　生,"Chrysanthemum petals, raw",91.5,1.4,0,3.4,0.6,25,15.75,22,28,2,280,12,0.7,0.3,0.04,0.36,-,,-,-,-,0.3,(0),(0),4.6,0.10,0.11,0.5,0.08,(0),73,0.20,11,-,,,1.4,(61),(110),(80),(22),(13),(35),(76),(48),(120),(68),(25),(81),(30),(73),,,,,,,,,,7,168491
06,0,06059,きく　花びら　ゆで,"Chrysanthemum petals, boiled",92.9,1.0,0,2.9,0.4,21,13.3,16,20,1,140,9,0.5,0.2,0.04,0.24,-,,-,-,-,0.3,(0),(0),4.1,0.06,0.07,0.2,0.04,(0),40,0.15,10,-,12.8,142.7,23.9,(44),(76),(57),(16),(9.0),(25),(54),(34),(88),(49),(18),(58),(21),(52),,,,,,,,,,7,170405
06,0,06060,きく　菊のり,Chrysanthemum seaweed (Kikunori),9.5,11.6,0.2,29.6,5.2,283,195.95,160,250,14,2500,140,11.0,2.2,0.62,1.34,-,,-,-,-,0.3,(0),(0),25.0,0.73,0.89,3.8,0.69,(0),370,1.50,62,-,,,1.4,(510),(890),(660),(180),(100),(290),(630),(400),(1000),(560),(200),(670),(240),(600),,,,,,,,,,7,168491
06,15,06061,（キャベツ類）　キャベツ　結球葉　生,"Cabbage, head, raw",92.9,1.2,0.1,1.8,0.5,23,17.3,42,26,5,190,14,0.3,0.1,0.02,0.13,0,,0,0,2,0.3,0,(0),0.1,0.04,0.03,0.2,0.1,(0),66,0.19,79,1.5,10.7,76,36.6,30,46,46,11,13,24,28,23,51,37,9.5,43,25,58,0.05,0.02,0.01,0.01,8,11,0,0,0,8,169975
06,0,06062,（キャベツ類）　キャベツ　結球葉　ゆで,"Cabbage, head, boiled",93.9,0.9,0.2,2.0,0.3,19,14.3,40,20,3,92,9,0.2,0.1,0.02,0.14,0,,Tr,0,3,0.6,(0),(0),0.1,0.02,0.01,0.1,0.05,(0),48,0.11,76,1.2,20.3,108.7,37.5,(23),(36),(36),(9.2),(9.7),(19),(22),(17),(40),(28),(7.6),(33),(20),(47),(0.05),(0.02),(0.01),(0.01),(13),(9),(0),-,(0),9,169976
06,0,06333,（キャベツ類）　キャベツ　結球葉　油いため,"Cabbage, head, stir-fried",85.7,1.6,6.0,2.2,0.6,78,70.25,53,33,6,250,17,0.4,0.2,0.03,0.19,-,,-,-,-,0.4,(0),(0),1.1,0.05,0.04,0.2,0.15,(0),130,0.30,120,-,,,3.2,(39),(62),(62),(16),(17),(33),(39),(30),(69),(49),(13),(57),(36),(82),(5.47),(1.54),(0.45),(1.09),(1100),(450),(0),(0),(0),8,168572
06,0,06403,（キャベツ類）　キャベツ　結球葉　カット　常法洗浄,"Cabbage, head, cut, washed",94.8,1.1,0.1,1.9,0.4,15,10.65,35,22,10,150,12,0.3,0.1,0.02,0.09,0,,0,0,3,0.3,0,-,0.1,0.04,0.03,0.2,0.08,-,52,0.2,67,1.2,10.7,76,36.6,28,44,44,11,11,22,26,21,48,35,8.3,40,25,58,0.04,0.02,0.01,0.01,7,9,0,0,0,9,169975
06,0,06404,（キャベツ類）　キャベツ　結球葉　カット　次亜塩素酸洗浄,"Cabbage, head, cut, hypochlorous acid washed",95.1,1,0.2,2.0,0.4,14,9.75,38,21,8,140,13,0.3,0.1,0.02,0.09,0,,0,0,2,0.3,0,-,0.1,0.04,0.03,0.2,0.08,-,58,0.18,62,1.1,10.7,76,36.6,27,42,41,11,11,22,26,20,46,33,8.3,38,22,55,0.06,0.02,0.01,0.01,10,13,0,0,0,9,169975
06,15,06063,（キャベツ類）　グリーンボール　結球葉　生,"Green ball cabbage, head, raw",93.4,1.4,0.1,1.6,0.7,20,15.55,58,41,4,270,17,0.4,0.2,0.03,0.18,-,,-,-,-,0.3,(0),(0),0.2,0.05,0.04,0.4,0.13,(0),53,0.31,79,-,10.7,76,36.6,(35),(55),(56),(14),(15),(29),(35),(27),(62),(44),(12),(51),(32),(73),(0.03),(0.01),(Tr),(0.01),(7),(4),(0),-,(0),9,169975
06,10,06064,（キャベツ類）　レッドキャベツ　結球葉　生,"Red cabbage, head, raw",90.4,2.0,0.1,2.8,0.8,30,21.5,40,43,4,310,13,0.5,0.3,0.04,0.20,-,,-,-,-,0.3,(0),(0),0.1,0.07,0.03,0.3,0.19,(0),58,0.35,29,-,10.7,76,36.6,(48),(64),(69),(20),(17),(36),(50),(31),(81),(55),(17),(67),(34),(120),0.02,0.01,0.01,0.01,6,7,0,-,0,8,169975
06,2,06065,きゅうり　果実　生,"Cucumber, raw",95.4,1.0,0.1,1.1,0.5,13,11,26,36,1,200,15,0.3,0.2,0.11,0.07,1,,1,1,4,0.3,(0),(0),0.3,0.03,0.03,0.2,0.05,(0),25,0.33,34,1.4,6,16.4,2.8,29,47,40,11,8.1,20,31,24,55,27,11,35,16,43,0.02,0.01,0.01,Tr,4,8,0,-,0,9,168409
06,2,06066,きゅうり　漬物　塩漬,"Cucumber, pickled, salted",92.1,1.0,0.1,1.3,3.1,17,12.75,26,38,1000,220,15,0.2,0.2,0.07,0.07,-,,-,-,-,1,(0),(0),0.3,0.02,0.03,0.2,0.06,(0),28,0.34,46,-,23.5,125.9,0.7,(28),(46),(39),(11),(8.0),(19),(30),(23),(54),(25),(11),(34),(16),(42),(0.02),(0.01),(0.01),(Tr),(4),(8),(0),-,(0),5,169890
06,0,06067,きゅうり　漬物　しょうゆ漬,"Cucumber, pickled, soy sauce",81.0,3.2,0.4,3.4,4.6,51,40.5,39,29,1600,79,21,1.3,0.2,0.08,0.16,-,,-,-,-,1,(0),(0),0.5,0.03,0.02,0.1,0.01,(0),5,0.12,83,-,23.5,125.9,0.7,,,,,,,,,,,,,,,(0.10),(0.05),(0.03),(0.02),(16),(33),(0),-,(0),4,169890
06,2,06068,きゅうり　漬物　ぬかみそ漬,"Cucumber, pickled, nukazuke",85.6,1.5,0.1,1.5,6.6,28,22.55,22,88,2100,610,48,0.3,0.2,0.11,0.14,1,,1,1,7,1,(0),(0),0.2,0.26,0.05,1.6,0.20,0,22,0.93,110,1.2,23.5,125.9,0.7,,,,,,,,,,,,,,,(0.02),(0.01),(0.01),(Tr),(4),(8),(0),-,(0),8,169890
06,0,06069,きゅうり　漬物　ピクルス　スイート型,"Cucumber pickles, sweet",80.0,0.3,0.1,1.7,1.3,70,60,25,16,440,18,6,0.3,0.1,0.04,0,-,,-,-,-,0,(0),(0),0.1,Tr,0.01,0.1,0.04,(0),2,0,32,-,3.1,47.1,0.7,(11),(13),(16),(5.2),(5.2),(10),(11),(5.2),(16),(11),(5.2),(11),(3.6),(16),(0.04),(0.03),(0.01),(0.01),(11),(15),(0),(0),(0),6,169378
06,0,06070,きゅうり　漬物　ピクルス　サワー型,"Cucumber pickles, sour",93.4,1.4,Tr,1.4,2.7,13,8.75,23,5,1000,11,24,1.2,0.1,0.04,0.20,-,,-,-,-,0,(0),(0),Tr,0.02,0.06,0.1,0,(0),1,0,15,-,3.6,47,1,(42),(59),(59),(13),(8.5),(21),(38),(25),(64),(38),(13),(47),(21),(89),,,,,,,,,,5,169379
06,10,06071,ぎょうじゃにんにく　葉　生,"Alpine leek leaves, raw",88.8,3.5,0.2,3.3,0.9,35,25.5,29,30,2,340,22,1.4,0.4,0.16,-,-,,-,-,-,1,(0),0,0.4,0.10,0.16,0.8,0.15,(0),85,0.39,320,-,9.5,47,12,(130),(220),(200),(49),(41),(90),(140),(110),(260),(130),(52),(160),(66),(160),(0.08),(0.05),(0.03),(0.03),(26),(28),(0),-,(0),1,169246
06,8,06075,キンサイ　茎葉　生,"Chinese celery leaves and stems, raw",93.5,1.1,0.4,2.5,1.2,16,11.8,140,56,27,360,26,0.5,0.5,0.02,0.52,-,,-,-,-,0.9,(0),(0),1.2,0.05,0.11,0.6,0.08,(0),47,0.35,180,-,,,19.5,(38),(56),(50),(8.5),(7.7),(16),(35),(28),(63),(39),(13),(56),(23),(32),(0.20),(0.13),(0.02),(0.11),(110),(19),(0),-,(0),7,169990
06,0,06076,キンサイ　茎葉　ゆで,"Chinese celery leaves and stems, boiled",93.6,1.1,0.4,2.9,1.0,15,10.75,140,56,27,320,24,0.5,0.5,0.02,0.42,-,,-,-,-,0.9,(0),(0),1.2,0.03,0.06,0.4,0.05,(0),31,0.34,210,-,,,19.5,(38),(56),(50),(8.5),(7.7),(16),(35),(28),(63),(39),(13),(56),(23),(32),(0.20),(0.13),(0.02),(0.11),(110),(19),(0),-,(0),8,169990
06,15,06077,クレソン　茎葉　生,"Watercress leaves and stems, raw",94.1,2.1,0.1,2.5,1.1,13,8.55,110,57,23,330,13,1.1,0.2,0.05,-,2,,2,1,20,0.9,(0),(0),1.6,0.10,0.20,0.5,0.13,(0),150,0.30,190,4.0,9,250,43,(85),(150),(120),(18),(6.4),(25),(100),(58),(160),(120),(27),(130),(37),(140),(0.07),(0.04),(0.02),(0.01),(12),(23),(0),(0),(0),8,170068
06,20,06078,くわい　塊茎　生,"Arrowhead tuber, raw",65.5,6.3,0.1,2.4,1.5,128,107.6,5,150,3,600,34,0.8,2.2,0.71,0.13,1,,1,Tr,4,0.7,(0),(0),3.0,0.12,0.07,1.9,0.34,(0),140,0.78,1,7.2,,,1.1,,,,,,,,,,,,,,,,,,,,,,,,7,169203
06,0,06079,くわい　塊茎　ゆで,"Arrowhead tuber, boiled",65.0,6.2,0.1,2.8,1.5,129,107.95,5,140,3,550,32,0.8,2.1,0.59,0.12,-,,-,-,-,0.6,(0),(0),3.1,0.10,0.06,1.6,0.30,(0),120,0.75,1,-,,,0.3,,,,,,,,,,,,,,,,,,,,,,,,7,169204
06,3,06080,ケール　葉　生,"Kale leaves, raw",90.2,2.1,0.4,3.7,1.5,26,18.1,220,45,9,420,44,0.8,0.3,0.05,0.55,1,,4,1,38,0.9,(0),(0),2.4,0.06,0.15,0.9,0.16,(0),120,0.31,210,4.0,0.5,389.6,93.4,(130),(150),(130),(21),(28),(48),(110),(74),(180),(94),(25),(110),(44),(120),0.10,0.07,0.04,0.02,20,45,0,0,0,8,168421
06,7,06081,コールラビ　球茎　生,"Kohlrabi bulb, raw",93.2,1.0,0,1.9,0.6,21,15.05,29,29,7,240,15,0.2,0.1,0.02,0.07,-,,-,-,-,0.7,(0),(0),0,0.04,0.05,0.2,0.09,(0),73,0.20,7,-,12.3,0.1,62,(16),(23),(23),(5.1),(7.8),(13),(13),(9.5),(22),(19),(8.9),(28),(8.9),(32),,,,,,,,,,8,168424
06,0,06082,コールラビ　球茎　ゆで,"Kohlrabi bulb, boiled",93.1,1.0,Tr,2.3,0.6,20,14,27,28,7,210,14,0.2,0.1,0.02,0.07,-,,-,-,-,0.8,(0),(0),0,0.03,0.05,0.2,0.06,(0),71,0.20,8,-,13.2,0.1,54,(16),(23),(23),(5.1),(7.8),(13),(13),(9.5),(22),(19),(8.9),(28),(8.9),(32),,,,,,,,,,9,168425
06,0,06083,こごみ　若芽　生,"Fiddlehead fern shoots, raw",90.7,3.0,0.2,5.2,0.8,25,12.55,26,69,1,350,31,0.6,0.7,0.26,0.33,-,,-,-,-,,(0),(0),1.7,0,0.12,2.9,0.03,(0),150,0.60,120,-,,,26.6,(100),(180),(140),(40),(26),(66),(170),(81),(250),(120),(38),(140),(57),(130),,,,,,,,,,6,169405
06,10,06084,（ごぼう類）　ごぼう　根　生,"Burdock root, raw",81.7,1.8,0.1,5.7,0.9,58,41.45,46,62,18,320,54,0.7,0.8,0.21,0.18,2,,1,1,1,0.7,(0),(0),0.6,0.05,0.04,0.4,0.10,(0),68,0.23,Tr,1.3,11.7,1.6,3,41,50,63,9.4,12,22,36,26,62,42,13,47,29,320,(0.08),(0.04),(Tr),(0.04),(37),(1),(0),(0),(0),8,169974
06,0,06085,（ごぼう類）　ごぼう　根　ゆで,"Burdock root, boiled",83.9,1.5,0.2,6.1,0.6,50,33.9,48,46,11,210,40,0.7,0.7,0.16,0.16,-,,-,-,-,0.7,(0),(0),0.6,0.03,0.02,0.2,0.09,(0),61,0.19,Tr,-,11.7,1.6,3,(33),(42),(52),(7.7),(10),(18),(30),(21),(51),(32),(10),(38),(24),(260),(0.16),(0.08),(Tr),(0.07),(74),(3),(0),(0),(0),8,169974
06,10,06405,（ごぼう類）　堀川ごぼう　根　生,"Horikawa burdock root, raw",75.7,3.2,0.2,18.3,1.4,55,17.1,70,130,6,540,62,2.2,0.9,0.22,0.55,2,,1,3,6,0.7,-,-,0.4,0.08,0.06,0.7,0.09,0.1,49,0.08,Tr,2.6,11.7,1.6,3,,,,,,,,,,,,,,,,,,,,,,,,8,169974
06,15,06086,こまつな　葉　生,"Komatsuna leaves, raw",94.1,1.5,0.2,1.9,1.3,13,10.45,170,45,15,500,12,2.8,0.2,0.06,0.13,2,,1,2,10,0.8,(0),(0),0.9,0.09,0.13,1.0,0.12,(0),110,0.32,210,2.9,,,130,67,120,94,19,12,31,85,55,140,77,33,96,38,100,0.10,0.08,0.06,0.01,8,56,0,-,0,9,168438
06,9,06087,こまつな　葉　ゆで,"Komatsuna leaves, boiled",94.0,1.6,0.1,2.4,1.0,14,9.6,150,46,14,140,14,2.1,0.3,0.07,0.17,-,,-,-,-,0.6,(0),(0),1.5,0.04,0.06,0.3,0.06,(0),86,0.23,320,-,,,65,(70),(120),(100),(20),(13),(33),(90),(56),(150),(76),(35),(100),(40),(110),(0.05),(0.04),(0.03),(Tr),(4),(28),(0),-,(0),8,168439
06,10,06385,コリアンダー　葉　生,"Coriander leaves, raw",92.4,1.4,0.4,4.2,1.2,18,9.7,84,59,4,590,16,1.4,0.4,0.09,0.39,2,,Tr,2,23,0.9,-,0,1.9,0.09,0.11,1.3,0.11,-,69,0.52,190,6.2,12.8,310,27,,,,,,,,,,,,,,,,,,,,,,,,8,169997
06,0,06088,ザーサイ　漬物,Zha cai pickles,77.6,2.5,0.1,4.6,15.0,20,10.3,140,67,5400,680,19,2.9,0.4,0.10,0.34,-,,-,-,-,1,(0),(0),0.2,0.04,0.07,0.4,0.09,(0),14,0.35,24,-,23.5,125.9,0.7,(98),(180),(160),(43),(29),(71),(120),(82),(200),(120),(45),(140),(58),(150),,,,,,,,,,3,169890
06,6,06089,さんとうさい　葉　生,"Tatsoi leaves, raw",94.7,1.0,0.2,2.2,1.1,12,8,140,27,9,360,14,0.7,0.3,0.04,0.16,-,,-,-,-,0.6,(0),(0),0.8,0.03,0.07,0.5,0.08,(0),130,0.17,100,-,7.6,42.9,27,(32),(54),(54),(12),(12),(24),(32),(26),(59),(38),(10),(45),(20),(49),(0.08),(0.05),(0.05),(0.01),(5),(48),(0),-,(0),8,169979
06,5,06090,さんとうさい　葉　ゆで,"Tatsoi leaves, boiled",94.3,1.4,0.3,2.5,0.9,14,9.55,130,30,9,240,13,0.6,0.4,0.04,0.20,-,,-,-,-,0.6,(0),(0),0.9,0.02,0.05,0.3,0.05,(0),74,0.12,140,-,,,65,(45),(76),(76),(17),(17),(34),(45),(37),(82),(53),(15),(64),(29),(69),(0.12),(0.08),(0.07),(0.01),(8),(72),(0),-,(0),8,168439
06,6,06091,さんとうさい　塩漬,"Tatsoi, salted",90.3,1.5,0.3,3.0,3.6,18,12.35,190,35,910,420,17,0.6,0.4,0.06,0.16,-,,-,-,-,0.9,(0),(0),1.0,0.04,0.12,0.6,0.10,(0),98,0.21,150,-,21.5,115.6,0,(48),(81),(82),(18),(18),(36),(49),(39),(88),(57),(16),(68),(31),(74),(0.12),(0.08),(0.07),(0.01),(8),(72),(0),-,(0),6,169891
06,5,06092,しかくまめ　若ざや　生,"Winged bean pods, raw",92.8,2.4,0.1,3.2,0.8,19,11.7,80,48,1,270,38,0.7,0.3,0.09,0.54,-,,-,-,-,1.5,(0),(0),0.4,0.09,0.09,0.8,0.10,(0),29,0.36,63,-,,,18.3,(120),(200),(170),(29),(44),(73),(120),(120),(230),(95),(62),(120),(64),(150),,,,,,,,,,8,170476
06,10,06093,（ししとう類）　ししとう　果実　生,"Shishito pepper, raw",91.4,1.9,0.3,3.6,0.7,24,16.55,11,34,1,340,21,0.5,0.3,0.10,0.18,0,,4,1,4,0.4,(0),(0),1.3,0.07,0.07,1.4,0.39,(0),33,0.35,51,4.2,7.5,18.5,118.6,60,93,100,21,33,54,66,57,120,69,22,83,37,80,(0.11),(0.07),(0.02),(0.05),(51),(16),(1),-,(0),7,168576
06,0,06094,（ししとう類）　ししとう　果実　油いため,"Shishito pepper, stir-fried",88.3,1.9,3.2,3.6,0.8,51,41.55,15,39,Tr,380,21,0.6,0.3,0.10,0.18,0,,4,1,4,6.3,(0),(0),1.3,0.07,0.07,1.5,0.40,(0),34,0.36,52,3.7,59.4,0,0,(59),(92),(100),(21),(32),(53),(66),(55),(120),(64),(22),(80),(37),(78),(2.81),(0.82),(0.23),(0.59),(590),(230),(1),(0),(0),7,168435
06,6,06406,（ししとう類）　万願寺とうがらし　果実　生,"Manganji pepper, raw",91.6,1.3,0.3,3.2,0.5,26,17.95,11,31,Tr,220,13,0.3,0.2,0.04,0.08,0,,0,Tr,3,0.4,-,-,0.9,0.04,0.03,1,0.2,Tr,16,0.12,18,2.4,7.5,18.5,118.6,,,,,,,,,,,,,,,,,,,,,,,,8,168576
06,0,06095,しそ　葉　生,"Perilla leaves, raw",86.7,3.9,0.1,7.3,1.7,32,15.55,230,70,1,500,70,1.7,1.3,0.20,2.01,6,,1,2,30,0.9,(0),(0),3.9,0.13,0.34,1.0,0.19,(0),110,1.00,690,5.1,,302.2,11,170,340,220,69,45,110,220,140,360,190,84,230,92,210,0.03,0.01,0.01,0.01,5,10,0,0,0,8,169303
06,0,06096,しそ　実　生,"Perilla seeds, raw",85.7,3.4,0.1,8.9,1.9,32,12.75,100,85,1,300,71,1.2,1.0,0.52,1.35,-,,-,-,-,2.3,(0),(0),3.8,0.09,0.16,1.8,0.12,(0),72,0.80,190,-,,,2.5,(150),(300),(190),(60),(39),(99),(190),(130),(320),(170),(73),(200),(80),(180),0.07,0.05,0.03,0.01,11,34,0,0,0,8,169220
06,3,06097,じゅうろくささげ　若ざや　生,"Yardlong bean pods, raw",91.9,2.5,0.1,4.2,0.7,22,11.7,31,54,1,200,36,0.5,0.7,0.12,0.66,1,,1,Tr,74,1.5,(0),(0),0.5,0.08,0.09,1,0.11,(0),150,0.43,120,9.7,,,18.8,(77),(120),(110),(32),(20),(52),(91),(60),(150),(110),(26),(110),(57),(89),,,,,,,,,,8,169222
06,0,06098,じゅうろくささげ　若ざや　ゆで,"Yardlong bean pods, boiled",90.2,2.8,0.1,4.5,0.7,28,16.6,33,56,1,180,32,0.5,0.6,0.11,0.63,Tr,,1,0,67,1.5,(0),(0),0.3,0.09,0.09,0.9,0.07,(0),150,0.39,130,9,,,16.2,(86),(140),(120),(36),(23),(59),(100),(67),(170),(120),(29),(120),(64),(100),,,,,,,,,,8,169223
06,1,06099,しゅんぎく　葉　生,"Garland chrysanthemum leaves, raw",91.8,2.3,0.3,3.2,1.4,20,14.1,120,44,73,460,26,1.7,0.2,0.10,0.40,5,,2,2,12,0.3,(0),(0),1.7,0.10,0.16,0.8,0.13,(0),190,0.23,250,3.5,,,1.4,100,180,130,36,21,57,120,79,200,110,40,130,49,120,0.13,0.10,0.07,0.03,27,75,0,-,0,8,168491
06,0,06100,しゅんぎく　葉　ゆで,"Garland chrysanthemum leaves, boiled",91.1,2.7,0.5,3.7,1.0,25,17.2,120,44,42,270,24,1.2,0.2,0.12,0.49,-,,-,-,-,,(0),(0),2.0,0.05,0.08,0.4,0.06,(0),100,0.13,460,-,,350,1.4,(110),(200),(150),(42),(24),(66),(140),(89),(230),(120),(47),(150),(56),(140),(0.22),(0.17),(0.12),(0.05),(46),(120),(0),-,(0),8,169995
06,0,06101,じゅんさい　若葉　水煮びん詰,"Water shield young leaves, canned",98.6,0.4,0,1.0,Tr,4,1.4,4,5,2,2,2,0,0.2,0.02,0.02,-,,-,-,-,0.9,(0),(0),0.1,0,0.02,0,0,(0),3,0,16,-,,,11.9,,,,,,,,,,,,,,,,,,,,,,,,7,170387
06,40,06102,（しょうが類）　葉しょうが　根茎　生,"Young ginger rhizome, raw",96.3,0.5,0.2,1.6,0.7,9,5.9,15,21,5,310,21,0.4,0.4,0.05,4.73,-,,-,-,-,0.7,(0),(0),0.1,0.02,0.03,0.3,0.08,(0),14,0.07,Tr,-,28.8,0.1,5,(16),(24),(12),(5.4),(5.9),(11),(16),(15),(31),(23),(7.2),(22),(9.8),(31),(0.14),(0.04),(0.01),(0.03),(32),(9),(0),(0),(0),8,169231
06,20,06103,（しょうが類）　しょうが　根茎　皮なし　生,"Ginger rhizome, peeled, raw",91.4,0.9,0.3,2.1,0.7,28,21.8,12,25,6,270,27,0.5,0.1,0.06,5.01,0,,1,1,6,0.7,(0),(0),0.1,0.03,0.02,0.6,0.13,(0),8,0.21,0,0.7,28.8,0.1,5,29,43,22,9.9,11,21,28,29,57,44,13,41,18,56,(0.20),(0.06),(0.01),(0.05),(48),(14),(0),(0),(0),7,169231
06,0,06365,（しょうが類）　しょうが　根茎　皮なし　生　おろし,"Ginger rhizome, peeled, grated, raw",81.6,0.7,0.8,7.4,0.9,58,39.35,39,24,4,380,27,0.8,0.2,0.05,5.12,(0),,Tr,1,12,0.7,(0),(0),0.3,0.02,0.02,0.5,0.12,(0),5,0.07,(0),0.5,28.8,0.1,5,(21),(31),(16),(7.1),(7.7),(15),(21),(21),(41),(32),(9.5),(29),(13),(40),,,,,,,,,,7,169231
06,0,06366,（しょうが類）　しょうが　根茎　皮なし　生　おろし汁,"Ginger rhizome, peeled, grated juice, raw",95.1,0.4,0.3,0.3,0.7,17,15.15,2,24,3,300,19,0.2,0.2,0.04,3.16,(0),,0,Tr,6,0.7,(0),(0),0.1,0.02,0.01,0.5,0.12,(0),6,0.04,(0),0.6,28.8,0.1,5,(14),(20),(10),(4.7),(5.1),(9.8),(14),(14),(27),(21),(6.3),(19),(8.5),(27),,,,,,,,,,8,169231
06,0,06104,（しょうが類）　しょうが　漬物　酢漬,"Ginger pickles, vinegar",89.2,0.3,0.2,2.2,5.9,15,10.45,22,5,2200,25,6,0.2,Tr,0.02,0.41,0,,0,2,0,0.4,(0),(0),0.1,0,0.01,0.1,0,0,1,0,0,0.2,10.5,2.2,0,(10),(15),(7.7),(3.5),(3.8),(7.3),(10),(9.9),(20),(15),(4.7),(14),(6.3),(20),(0.14),(0.04),(0.01),(0.03),(33),(9),(0),(0),(0),6,169765
06,0,06105,（しょうが類）　しょうが　漬物　甘酢漬,"Ginger pickles, sweet vinegar",86.0,0.2,0.4,1.8,2.1,44,37.35,39,3,800,13,4,0.3,Tr,0.01,0.37,1,,3,2,0,0.4,(0),(0),0.1,0.63,0,0,0,0,1,0,0,0.2,10.5,2.2,0,(6.0),(8.9),(4.5),(2.1),(2.2),(4.3),(5.9),(5.8),(12),(8.7),(2.8),(8.3),(3.7),(12),(0.26),(0.08),(0.02),(0.06),(60),(17),(0),(0),(0),6,169765
06,10,06386,（しょうが類）　新しょうが　根茎　生,"New ginger rhizome, raw",96.0,0.3,0.3,1.9,0.8,10,6.05,11,23,3,350,15,0.5,0.4,0.04,7.65,Tr,,0,1,3,0.7,-,-,0.1,0.01,0.01,0.2,0.05,-,10,0.05,Tr,0.5,28.8,0.1,5,(8.1),(12),(6.0),(2.7),(3.0),(5.7),(7.9),(7.9),(16),(12),(3.7),(11),(4.9),(16),,,,,,,,,,7,169231
06,25,06106,しろうり　果実　生,"White gourd, raw",95.3,0.9,0.1,1.2,0.4,15,11.35,35,20,1,220,12,0.2,0.2,0.03,0.05,5,,0,0,2,0.2,(0),(0),0.2,0.03,0.03,0.2,0.04,(0),39,0.30,29,1.3,,,10.1,(26),(42),(35),(10),(7.2),(17),(27),(21),(48),(23),(9.8),(31),(14),(38),(0.02),(0.01),(0.01),(Tr),(4),(8),(0),-,(0),8,169232
06,1,06107,しろうり　漬物　塩漬,"White gourd pickles, salted",92.8,1.0,0.1,2.2,2.4,15,9.6,26,24,790,220,13,0.2,0.2,0.04,0.05,-,,-,-,-,0.9,(0),(0),0.2,0.03,0.03,Tr,0.07,(0),43,0.30,44,-,21.5,115.6,0,(28),(46),(39),(11),(8.0),(19),(30),(23),(54),(25),(11),(34),(16),(42),(0.02),(0.01),(0.01),(Tr),(4),(8),(0),-,(0),5,169891
06,0,06108,しろうり　漬物　奈良漬,"White gourd pickles, Nara-style",44.0,4.6,0.2,2.6,5.3,216,169.35,25,79,1900,97,12,0.4,0.8,0.07,0.51,1,,1,1,81,1,(0),(0),0.1,0.03,0.11,0.7,0.39,0.1,52,0.57,6,1.0,23.5,125.9,0.7,,,,,,,,,,,,,,,,,,,,,,,,4,169890
06,30,06109,ずいき　生ずいき　生,"Taro stem, raw",94.5,0.5,0,1.6,0.9,15,10.5,80,13,1,390,6,0.1,1.0,0.03,2.24,-,,-,-,-,0.7,(0),(0),0.4,0.01,0.02,0.2,0.03,(0),14,0.28,9,-,17.3,1,4.5,(26),(39),(25),(7.9),(6.4),(14),(20),(18),(37),(17),(4.8),(26),(11),(22),,,,,,,,,,4,169308
06,0,06110,ずいき　生ずいき　ゆで,"Taro stem, boiled",96.1,0.4,0,2.1,0.4,10,4.9,95,9,1,76,7,0.1,0.9,0.02,1.69,-,,-,-,-,1,(0),(0),0.3,0,0,0,0.01,(0),10,0.10,14,-,,,18.9,(21),(31),(20),(6.3),(5.1),(11),(16),(14),(30),(13),(3.9),(21),(9.2),(18),,,,,,,,,,8,169309
06,0,06111,ずいき　干しずいき　乾,Dried taro stem,9.9,6.6,0.4,25.8,18.2,232,163.35,1200,210,6,10000,120,9.0,5.4,0.55,25.00,-,,-,-,-,0.9,(0),(0),0.4,0.15,0.30,2.5,0.07,(0),30,2.00,19,-,12.8,108.6,52,(340),(520),(330),(100),(85),(190),(260),(240),(490),(220),(64),(340),(150),(290),(0.28),(0.17),(0.05),(0.12),(120),(50),(0),(0),(0),6,168487
06,0,06112,ずいき　干しずいき　ゆで,"Dried taro stem, boiled",95.5,0.5,0,3.1,0.6,9,2.8,130,5,2,160,8,0.7,0.3,0.05,2.35,-,,-,-,-,1,(0),(0),0.1,0,0.01,0,0,(0),1,0.06,3,-,,,18.9,(26),(39),(25),(7.9),(6.4),(14),(20),(18),(37),(17),(4.8),(26),(11),(22),,,,,,,,,,7,169309
06,35,06387,すいぜんじな　葉　生,"Okinawan spinach leaves, raw",93.1,0.6,0.6,4.0,1.4,16,8.25,140,42,1,530,42,0.5,0.5,0.07,2.11,3,,Tr,1,8,0.9,-,-,3.8,0.06,0.12,0.5,0.08,-,66,0.03,270,4.7,,302.2,11,,,,,,,,,,,,,,,,,,,,,,,,8,169303
06,25,06113,すぐきな　葉　生,"Sugukina leaves, raw",90.5,1.9,0.2,4.0,1.8,23,13.95,150,58,32,680,18,2.6,0.3,0.06,0.30,-,,-,-,-,0.3,(0),(0),3.8,0.08,0.13,1.1,0.05,(0),200,0.35,280,-,,,1.4,(99),(170),(120),(43),(22),(65),(120),(73),(190),(100),(33),(130),(46),(120),(0.14),(0.08),(0.06),(0.02),(24),(56),(0),(0),(0),8,168491
06,8,06114,すぐきな　根　生,"Sugukina root, raw",93.7,0.6,0.1,1.7,0.7,19,14.15,26,35,26,310,8,0.1,0.1,0.03,0.05,-,,-,-,-,0.7,(0),(0),0,0.03,0.03,0.7,0.01,(0),50,0.26,0,-,11.7,1.6,3,(23),(39),(42),(8.0),(9.4),(17),(24),(19),(43),(28),(8.1),(34),(15),(26),(0.07),(0.05),(0.04),(0.01),(12),(40),(0),(0),(0),8,169974
06,0,06115,すぐきな　すぐき漬,Suguki pickles,87.4,2.6,0.7,5.2,3.2,30,18.2,130,76,870,390,25,0.9,0.4,0.08,0.09,-,,-,-,-,1,(0),(0),2.2,0.12,0.11,1.3,0.13,(0),110,0.24,270,-,23.5,125.9,0.7,(99),(170),(180),(35),(41),(75),(100),(82),(190),(120),(35),(150),(67),(110),(0.49),(0.37),(0.28),(0.08),(84),(280),(0),(0),(0),3,169890
06,4,06116,ズッキーニ　果実　生,"Zucchini, raw",94.9,1.3,0.1,1.3,0.8,16,11,24,37,1,320,25,0.5,0.4,0.07,0.15,Tr,,Tr,1,6,0.2,(0),(0),0.4,0.05,0.05,0.4,0.09,(0),36,0.22,35,2.7,9.5,4.3,17.9,(42),(62),(59),(16),(13),(29),(38),(29),(66),(40),(14),(53),(23),(58),(0.06),(0.03),(0.02),(0.01),(9),(19),(0),(0),(0),9,169291
06,30,06117,せり　茎葉　生,"Japanese parsley (seri), raw",93.4,2.0,0.1,2.5,1.2,17,10.65,34,51,19,410,24,1.6,0.3,0.15,1.24,-,,-,-,-,0.9,(0),(0),0.7,0.04,0.13,1.2,0.11,(0),110,0.42,160,-,12.8,310,27,(80),(120),(110),(18),(16),(34),(74),(60),(130),(82),(28),(120),(49),(68),(0.05),(0.03),(Tr),(0.03),(28),(5),(0),-,(0),8,169997
06,15,06118,せり　茎葉　ゆで,"Japanese parsley (seri), boiled",93.6,2.1,0.1,2.8,0.8,17,10.3,38,40,8,190,19,1.3,0.2,0.10,1.30,-,,-,-,-,0.7,(0),(0),0.6,0.02,0.06,0.6,0.07,(0),61,0.32,160,-,13.4,0,5,(84),(130),(110),(19),(17),(36),(78),(63),(140),(86),(30),(130),(51),(71),(0.05),(0.03),(Tr),(0.03),(28),(5),(0),-,(0),8,169271
06,35,06119,セロリ　葉柄　生,"Celery, stalk, raw",94.7,0.4,0.1,1.5,1.0,12,10.3,39,39,28,410,9,0.2,0.2,0.03,0.11,1,,0,0,2,0.4,(0),(0),0.2,0.03,0.03,Tr,0.08,(0),29,0.26,10,1.2,6.1,29.3,3.1,16,23,21,3.5,3.2,6.7,14,12,26,17,5.5,24,9.4,13,0.05,0.03,Tr,0.03,28,5,0,-,0,7,169988
06,15,06120,ぜんまい　生ぜんまい　若芽　生,"Osmunda fern (zenmai), young shoots, raw",90.9,1.7,0.1,3.8,0.7,27,16.6,10,37,2,340,17,0.6,0.5,0.15,0.40,-,,-,-,-,,(0),(0),0.6,0.02,0.09,1.4,0.05,(0),210,0.64,34,-,,,26.6,(56),(100),(79),(22),(15),(37),(94),(46),(140),(67),(22),(80),(32),(75),,,,,,,,,,4,169405
06,0,06121,ぜんまい　生ぜんまい　若芽　ゆで,"Osmunda fern (zenmai), young shoots, boiled",94.2,1.1,0.4,3.5,0.2,17,9.35,19,20,2,38,9,0.3,0.4,0.10,0.22,-,,-,-,-,0.4,(0),(0),0.5,0.01,0.05,0.7,0,(0),59,0.12,34,-,,,0,(37),(66),(51),(15),(9.7),(24),(61),(30),(90),(43),(14),(51),(21),(49),,,,,,,,,,6,169211
06,0,06122,ぜんまい　干しぜんまい　干し若芽　乾,"Osmunda fern (zenmai), dried young shoots",8.5,14.6,0.6,34.8,5.5,277,182.2,150,200,25,2200,140,7.7,4.6,1.20,3.34,-,,-,-,-,43.4,(0),(0),1.4,0.10,0.41,8.0,0.02,(0),99,3.10,120,-,,,0,(480),(870),(680),(190),(130),(320),(800),(390),(1200),(570),(180),(680),(280),(650),,,,,,,,,,6,168581
06,0,06123,ぜんまい　干しぜんまい　干し若芽　ゆで,"Osmunda fern (zenmai), dried young shoots, boiled",91.2,1.7,0.1,5.2,0.2,25,12.4,20,16,2,19,9,0.4,0.3,0.14,0.20,-,,-,-,-,0.9,(0),(0),0.2,0,0.01,0,0,(0),1,0,20,-,,,30,(56),(100),(79),(22),(15),(37),(94),(46),(140),(67),(22),(80),(32),(75),,,,,,,,,,6,170464
06,25,06124,そらまめ　未熟豆　生,"Fava beans, immature, raw",72.3,10.9,0.2,2.6,1.1,102,85,22,220,1,440,36,2.3,1.4,0.39,0.21,0,,Tr,0,150,0.8,(0),(0),Tr,0.30,0.20,1.5,0.17,(0),120,0.46,18,6.9,,40.9,3.7,400,720,660,74,120,190,490,300,790,370,83,460,270,1000,0.09,0.05,Tr,0.05,48,4,0,-,0,4,168574
06,25,06125,そらまめ　未熟豆　ゆで,"Fava beans, immature, boiled",71.3,10.5,0.2,4.0,1.1,103,83.6,22,230,4,390,38,2.1,1.9,0.33,0.38,-,,-,-,-,2.6,(0),(0),Tr,0.22,0.18,1.2,0.13,(0),120,0.39,19,-,30.6,2.9,0.3,(370),(690),(630),(71),(110),(180),(470),(280),(750),(330),(79),(430),(260),(990),(0.09),(0.05),(Tr),(0.05),(48),(4),(0),-,(0),8,173753
06,6,06126,タアサイ　葉　生,"Tatsoi, leaves, raw",94.3,1.3,0.2,1.9,1.3,12,9.75,120,46,29,430,23,0.7,0.5,0.05,0.38,-,,-,-,-,3,(0),(0),1.5,0.05,0.09,0.9,0.12,(0),65,0.19,220,-,,,93.2,(57),(99),(81),(16),(11),(27),(73),(45),(120),(62),(28),(81),(32),(87),(0.10),(0.08),(0.06),(0.01),(8),(56),(0),-,(0),8,169329
06,6,06127,タアサイ　葉　ゆで,"Tatsoi, leaves, boiled",95.0,1.1,0.2,2.1,0.9,11,8,110,43,23,320,18,0.6,0.4,0.04,0.32,-,,-,-,-,0.4,(0),(0),1.7,0.02,0.03,0.4,0.05,(0),42,0.09,230,-,12.1,34,26,(48),(84),(68),(14),(9.0),(23),(62),(38),(100),(52),(24),(69),(27),(73),(0.10),(0.08),(0.06),(0.01),(8),(56),(0),-,(0),9,170391
06,0,06128,（だいこん類）　かいわれだいこん　芽ばえ　生,"Radish sprouts (kaiware), raw",93.4,2.1,0.5,1.9,0.6,21,16.85,54,61,5,99,33,0.5,0.3,0.03,0.35,12,,0,0,6,0.6,(0),(0),2.1,0.08,0.13,1.3,0.23,(0),96,0.29,200,5.6,,,28.9,(94),(170),(140),(35),(25),(59),(120),(81),(200),(110),(44),(130),(53),(120),(0.21),(0.15),(0.11),(0.02),(16),(110),(0),-,(1),8,170095
06,20,06129,（だいこん類）　葉だいこん　葉　生,"Radish leaves, raw",92.6,2.0,0.2,2.6,1.5,17,12.55,170,43,41,340,25,1.4,0.4,0.05,0.23,-,,-,-,-,3,(0),(0),1.5,0.07,0.15,0.5,0.22,(0),130,0.39,220,-,,,93.2,(89),(160),(130),(33),(23),(57),(120),(77),(190),(100),(42),(120),(51),(110),(0.09),(0.06),(0.04),(0.01),(6),(44),(0),-,(Tr),8,169329
06,10,06130,（だいこん類）　だいこん　葉　生,"Daikon radish, leaves, raw",90.6,2.2,0.1,4.0,1.6,23,13.8,260,52,48,400,22,3.1,0.3,0.04,0.27,-,,-,-,-,3,(0),(0),3.8,0.09,0.16,0.5,0.18,(0),140,0.26,270,-,,,93.2,100,180,140,37,26,63,130,88,220,120,47,140,56,130,0.04,0.03,0.02,Tr,3,22,0,-,Tr,8,169329
06,0,06131,（だいこん類）　だいこん　葉　ゆで,"Daikon radish, leaves, boiled",91.3,2.2,0.1,3.6,0.9,24,15.2,220,62,28,180,22,2.2,0.2,0.03,0.25,-,,-,-,-,3,(0),(0),4.9,0.01,0.06,0.1,0.10,(0),54,0.11,340,-,,,93.2,(98),(180),(140),(36),(26),(62),(130),(85),(210),(110),(47),(140),(56),(130),(0.04),(0.03),(0.02),(Tr),(3),(22),(0),-,(Tr),8,169329
06,10,06132,（だいこん類）　だいこん　根　皮つき　生,"Daikon radish, root, with skin, raw",94.6,0.5,0.1,1.4,0.6,15,12.4,24,18,19,230,10,0.2,0.2,0.02,0.04,3,,1,0,3,0.6,(0),(0),0,0.02,0.01,0.3,0.04,(0),34,0.12,Tr,0.3,6.5,1.3,14.8,18,23,24,5.4,6.3,12,16,12,28,21,4.9,27,11,22,0.04,0.02,0.02,0.01,6,18,0,-,0,8,169276
06,0,06133,（だいこん類）　だいこん　根　皮つき　ゆで,"Daikon radish, root, with skin, boiled",94.4,0.4,Tr,1.6,0.5,15,12.25,24,18,14,210,9,0.2,0.2,0.02,0.05,-,,-,-,-,0.7,(0),(0),0,0.02,0.01,0.2,0.03,(0),38,0.10,0,-,6.8,0.3,15.1,(14),(18),(19),(4.3),(5.0),(9.3),(12),(9.4),(22),(15),(3.9),(21),(8.7),(17),,,,,,,,,,9,168452
06,15,06134,（だいこん類）　だいこん　根　皮なし　生,"Daikon radish, root, without skin, raw",94.6,0.4,0.1,1.3,0.6,15,12.75,23,17,17,230,10,0.2,0.1,0.02,0.04,3,,1,0,2,0.6,(0),(0),0,0.02,0.01,0.2,0.05,(0),33,0.11,Tr,0.3,6.5,1.3,14.8,13,17,18,4.2,5.2,9.4,11,8.7,20,15,3.8,20,8.0,16,(0.04),(0.02),(0.02),(0.01),(6),(18),(0),-,(0),8,169276
06,0,06367,（だいこん類）　だいこん　根　皮なし　生　おろし,"Daikon radish, root, grated, raw",90.5,0.6,0.2,5.1,0.6,25,14.3,63,19,30,190,23,0.3,0.3,0.02,0.06,1,,Tr,(0),2,0.6,(0),(0),(0),0.02,0.01,0.2,0.04,(0),23,0.07,0,0.4,6.5,1.3,14.8,(21),(26),(27),(6.5),(8.1),(15),(18),(14),(31),(24),(5.9),(31),(12),(25),,,,,,,,,,8,169276
06,0,06368,（だいこん類）　だいこん　根　皮なし　生　おろし汁,"Daikon radish, root, grated juice, raw",96.5,0.3,Tr,0.1,0.4,12,10.5,14,13,21,140,9,0.1,0.1,0.01,0.01,3,,0,(0),1,0.7,(0),(0),(0),0.02,0.01,0.1,0.03,(0),21,0.07,0,0.2,7.3,0.3,22,(10),(13),(14),(3.2),(4.1),(7.3),(8.8),(6.8),(16),(12),(3.0),(16),(6.2),(13),,,,,,,,,,9,168451
06,0,06369,（だいこん類）　だいこん　根　皮なし　生　おろし水洗い,"Daikon radish, root, grated, washed, raw",91.4,0.6,0.1,4.7,0.6,23,12.05,57,16,25,170,21,0.2,0.2,0.01,0.06,1,,Tr,(0),2,0.7,(0),(0),(0),0.02,0.01,0.1,0.03,(0),19,0.05,0,0.4,7.3,0.3,22,(19),(23),(25),(5.8),(7.3),(13),(16),(12),(28),(22),(5.3),(28),(11),(23),,,,,,,,,,9,168451
06,0,06135,（だいこん類）　だいこん　根　皮なし　ゆで,"Daikon radish, root, without skin, boiled",94.8,0.5,0.1,1.7,0.5,15,11,25,14,12,210,10,0.2,0.1,0.01,0.05,3,,1,0,2,0.7,(0),(0),0,0.02,0.01,0.2,0.04,(0),33,0.08,0,0.3,6.8,0.3,15.1,(16),(21),(22),(5.2),(6.5),(12),(14),(10),(24),(18),(4.7),(25),(9.9),(20),(0.04),(0.02),(0.02),(0.01),(6),(18),(0),-,(0),9,168452
06,0,06136,（だいこん類）　切干しだいこん　乾,Dried daikon radish (kiriboshi daikon),8.4,9.7,0.8,21.3,8.5,280,220.3,500,220,210,3500,160,3.1,2.1,0.13,0.74,20,,2,3,29,0.7,(0),(0),0,0.35,0.20,4.6,0.29,(0),210,1.24,Tr,5.9,109.7,4.5,0,(310),(400),(430),(100),(130),(230),(270),(200),(480),(350),(92),(480),(190),(390),(0.32),(0.19),(0.14),(0.04),(44),(140),(0),-,(0),8,168453
06,0,06334,（だいこん類）　切干しだいこん　ゆで,"Dried daikon radish (kiriboshi daikon), boiled",94.6,0.9,0.1,3.7,0.3,13,5.4,60,10,4,62,14,0.4,0.2,0.02,0.08,-,,-,-,-,0.7,(0),(0),0,0.01,Tr,0.1,0.01,(0),7,0.04,0,-,,,14.1,(28),(37),(39),(9.1),(11),(21),(25),(19),(43),(32),(8.3),(44),(18),(35),(0.05),(0.03),(0.02),(0.01),(6),(21),(0),-,(0),8,170074
06,0,06335,（だいこん類）　切干しだいこん　油いため,"Dried daikon radish (kiriboshi daikon), stir-fried",84.5,1.5,6.0,5.6,0.4,78,63.25,91,18,8,110,22,0.7,0.3,0.03,0.14,-,,-,-,-,6.3,(0),(0),0.9,0.02,0.02,0.2,0.02,(0),12,0.07,7,-,59.4,0,0,(49),(63),(66),(16),(20),(35),(42),(32),(74),(54),(14),(75),(30),(60),(5.48),(1.56),(0.48),(1.09),(1100),(480),(0),(0),(0),6,168435
06,0,06388,（だいこん類）　漬物　いぶりがっこ,Smoked daikon pickles (iburigakko),73.8,1.1,0.3,7.1,3.9,76,54.7,42,77,1400,350,31,0.4,0.3,0.03,0.47,2,,1,0,6,1,-,-,Tr,0.08,0.02,0.8,0.12,-,10,0.22,0,0.5,23.5,125.9,0.7,(35),(44),(47),(11),(14),(25),(30),(23),(53),(41),(10),(54),(21),(43),,,,,,,,,,4,169890
06,0,06137,（だいこん類）　漬物　ぬかみそ漬,"Daikon pickles, nukazuke (rice bran pickles)",87.1,1.3,0.1,1.8,4.8,29,22.55,44,44,1500,480,40,0.3,0.1,0.02,0.13,-,,-,-,-,1,(0),(0),0,0.33,0.04,2.7,0.22,0,98,0.43,1,-,23.5,125.9,0.7,(43),(54),(58),(14),(17),(31),(37),(28),(65),(50),(12),(66),(26),(53),,,,,,,,,,5,169890
06,0,06138,（だいこん類）　漬物　たくあん漬　塩押しだいこん漬,"Takuan pickles, salted daikon",85.0,0.6,0.3,2.3,3.3,43,34.4,16,12,1300,56,5,0.2,0.1,0.03,0.06,2,,0,1,3,0.7,(0),(0),Tr,0.01,0.01,0.1,0.01,0,10,0.03,0,0.2,11.6,0.5,0,(21),(26),(27),(6.5),(8.1),(15),(18),(14),(31),(24),(5.9),(31),(12),(25),,,,,,,,,,4,169889
06,0,06139,（だいこん類）　漬物　たくあん漬　干しだいこん漬,"Takuan pickles, dried daikon",88.8,1.9,0.1,3.7,3.7,23,13.8,76,150,970,500,80,1.0,0.8,0.05,0.89,-,,-,-,-,1,(0),(0),0,0.21,0.03,1.6,0.22,(0),47,0.66,0,-,23.5,125.9,0.7,(63),(79),(84),(20),(25),(45),(54),(41),(95),(73),(18),(96),(38),(77),,,,,,,,,,4,169890
06,0,06140,（だいこん類）　漬物　守口漬,Moriguchi pickles,46.2,5.3,0.2,3.3,4.0,194,163.75,26,72,1400,100,9,0.7,0.8,0.12,0.69,-,,-,-,-,1,(0),(0),0,0.05,0.17,0.7,0.32,(0),45,0.19,0,-,23.5,125.9,0.7,,,,,,,,,,,,,,,,,,,,,,,,5,169890
06,0,06141,（だいこん類）　漬物　べったら漬,Bettarazuke (sweet daikon pickles),83.1,0.4,0.2,1.6,3.1,53,43.7,15,24,1100,190,6,0.2,0.1,0.02,0.03,1,,0,Tr,3,0.7,(0),(0),Tr,Tr,0.11,Tr,0,12.0,0,0.07,0,-,11.6,0.5,0,(12),(15),(16),(3.9),(4.8),(8.7),(10),(8.1),(19),(14),(3.5),(19),(7.4),(15),,,,,,,,,,4,169889
06,0,06142,（だいこん類）　漬物　みそ漬,"Daikon pickles, miso pickled",79.0,2.1,0.3,2.1,7.3,52,42.1,18,42,2800,80,12,0.3,0.2,0.03,0.13,1,,1,6,7,1,0,0,Tr,3.70,0.01,0.1,0.01,Tr,9,0.04,0,0.8,23.5,125.9,0.7,,,,,,,,,,,,,,,,,,,,,,,,5,169890
06,0,06143,（だいこん類）　漬物　福神漬,Fukujinzuke (mixed vegetable pickles),58.6,2.7,0.1,3.9,5.3,137,113.2,36,29,2000,100,13,1.3,0.1,0.05,0.15,5,,3,2,12,1,(0),(0),0.1,0.02,0.10,0,0,(0),3,0,7,1.1,23.5,125.9,0.7,,,,,,,,,,,,,,,,,,,,,,,,6,169890
06,0,06144,（たいさい類）　つまみな　葉　生,"Tsumamina, leaves, raw",92.3,1.9,0.3,2.3,1.6,19,14.8,210,55,22,450,30,3.3,0.4,0.07,0.22,-,,-,-,-,0.9,(0),(0),1.4,0.06,0.14,1.0,0.10,(0),65,0.33,270,-,12.8,108.6,52,(85),(150),(120),(24),(16),(40),(110),(69),(180),(97),(42),(120),(48),(130),0.12,0.08,0.06,0.01,12,56,0,0,0,8,168487
06,0,06145,（たいさい類）　たいさい　葉　生,"Choy sum, leaves, raw",93.7,0.9,0.1,1.6,1.2,15,12.75,79,49,38,340,22,1.1,0.7,0.03,0.76,-,,-,-,-,0.5,(0),(0),0.9,0.07,0.07,0.5,0.08,(0),120,0.14,110,-,6.4,45.5,45,(40),(69),(57),(11),(7.4),(19),(51),(33),(84),(46),(20),(58),(23),(61),(0.04),(0.03),(0.02),(Tr),(4),(19),(0),(0),(0),8,170390
06,0,06146,（たいさい類）　たいさい　塩漬,"Choy sum, salted",90.9,1.6,0.1,2.5,3.1,19,12.75,78,45,700,330,22,1.3,1.0,0.05,0.73,-,,-,-,-,0.9,(0),(0),1.1,0.03,0.07,0.5,0.10,(0),120,0.19,140,-,21.5,115.6,0,(72),(120),(100),(20),(13),(33),(91),(58),(150),(82),(35),(100),(40),(110),(0.04),(0.03),(0.02),(Tr),(4),(19),(0),(0),(0),5,169891
06,8,06147,たかな　葉　生,"Takana (mustard greens), leaves, raw",92.7,1.8,0.2,2.5,0.9,21,14.65,87,35,43,300,16,1.7,0.3,0.04,0.24,2,,Tr,4,4,0.8,(0),(0),0.8,0.06,0.10,0.4,0.16,(0),180,0.27,120,2.1,,,130,(71),(130),(120),(31),(21),(51),(87),(59),(150),(87),(32),(100),(42),(110),,,,,,,,,,8,168438
06,0,06148,たかな　たかな漬,Takana pickles,87.2,1.9,0.6,4.0,4.0,30,19.8,51,24,1600,110,13,1.5,0.2,0.06,0.09,1,,Tr,2,16,2,(0),(0),1.6,0.01,0.03,0.2,0.03,0.1,23,0.08,300,0.6,4,61.6,6,(73),(140),(120),(32),(22),(53),(90),(61),(150),(91),(34),(100),(43),(110),,,,,,,,,,6,169397
06,50,06149,たけのこ　若茎　生,"Bamboo shoots, young, raw",90.8,3.6,0.2,2.8,1.1,27,19.55,16,62,Tr,520,13,0.4,1.3,0.13,0.68,4,,1,0,2,0.8,(0),(0),0.7,0.05,0.11,0.7,0.13,(0),63,0.63,2,0.8,0,0,4,89,160,150,40,42,82,100,180,280,110,31,140,63,130,(0.14),(0.09),(0.01),(0.08),(76),(13),(0),(0),(0),7,169210
06,0,06150,たけのこ　若茎　ゆで,"Bamboo shoots, young, boiled",89.9,3.5,0.2,3.3,0.9,31,21.65,17,60,1,470,11,0.4,1.2,0.13,0.55,-,,-,-,-,0.8,(0),0,1.0,0.04,0.09,0.6,0.06,(0),63,0.63,2,-,0,0,4,(84),(150),(150),(38),(41),(79),(97),(170),(270),(100),(30),(130),(61),(120),(0.14),(0.09),(0.01),(0.08),(75),(14),-,-,-,8,169210
06,0,06151,たけのこ　水煮缶詰,"Bamboo shoots, canned, water pack",92.8,2.7,0.2,2.3,0.3,22,17.1,19,38,3,77,4,0.3,0.4,0.04,0.68,0,,0,1,0,0.5,(0),(0),1.0,0.01,0.04,0.1,0.02,(0),36,0.10,1,0.8,0,0,1.1,(64),(120),(110),(30),(31),(61),(75),(130),(210),(79),(23),(99),(47),(94),(0.14),(0.09),(0.01),(0.08),(76),(14),(0),(0),(0),8,169212
06,0,06152,たけのこ　めんま　塩蔵　塩抜き,"Menma (fermented bamboo shoots), desalinated",93.9,1.0,0.5,3.5,1.0,15,8.1,18,11,360,6,3,0.2,Tr,0.02,0.03,-,,-,-,-,0.4,(0),(0),Tr,0,0,0,0,(0),1,0,Tr,-,,,0,(24),(43),(43),(11),(12),(23),(28),(49),(77),(29),(8.5),(37),(17),(35),(0.35),(0.22),(0.03),(0.19),(190),(33),(0),(0),(0),5,168497
06,6,06153,（たまねぎ類）　たまねぎ　りん茎　生,"Onion, bulb, raw",90.1,1.0,0.1,1.5,0.4,33,28.5,17,31,2,150,9,0.3,0.2,0.05,0.15,1,,1,0,1,0.5,0,0,Tr,0.04,0.01,0.1,0.14,0,15,0.17,0,0.6,6.1,0.4,7.4,14,25,43,7.8,9.2,17,24,22,46,19,11,17,16,130,0.04,0.02,Tr,0.02,23,1,0,-,0,1,170000
06,0,06154,（たまねぎ類）　たまねぎ　りん茎　水さらし,"Onion, bulb, soaked in water",93.0,0.6,0.1,1.5,0.2,24,19.05,18,20,4,88,7,0.2,0.1,0.04,0.10,-,,-,-,-,0.5,(0),(0),Tr,0.03,0.01,0.1,0.09,(0),11,0.14,Tr,-,5.5,0.3,4.8,(8.4),(15),(26),(4.7),(5.6),(10),(15),(13),(28),(11),(6.7),(11),(9.5),(80),(0.04),(0.03),(Tr),(0.02),(24),(1),(0),-,(0),1,170008
06,0,06155,（たまねぎ類）　たまねぎ　りん茎　ゆで,"Onion, bulb, boiled",91.5,0.8,0.1,1.7,0.3,30,23.25,18,25,3,110,7,0.2,0.1,0.05,0.12,0,,0,1,1,0.6,(0),(0),0,0.03,0.01,0.1,0.11,(0),11,0.15,Tr,0.5,6.8,0.5,5.2,(11),(20),(35),(6.3),(7.4),(14),(19),(18),(37),(15),(8.9),(14),(13),(110),(0.04),(0.03),(Tr),(0.02),(24),(1),(0),-,(0),1,170001
06,0,06336,（たまねぎ類）　たまねぎ　りん茎　油いため,"Onion, bulb, stir-fried",80.1,1.4,5.9,2.7,0.6,100,87.6,24,47,3,210,11,0.2,0.3,0.08,0.18,-,,-,-,-,,(0),(0),0.9,0.04,0.02,0.1,0.22,(0),21,0.29,7,-,6.5,21.6,1.8,(19),(34),(59),(11),(13),(23),(33),(30),(63),(26),(15),(24),(22),(180),(5.46),(1.55),(0.44),(1.11),(1100),(440),(0),(0),(0),1,170004
06,0,06389,（たまねぎ類）　たまねぎ　りん茎　油いため　（あめ色たまねぎ）,"Onion, bulb, stir-fried (caramelized)",54.7,3.2,6.8,-,1.3,208,188,47,98,7,490,28,0.9,0.5,0.13,0.44,4,,Tr,Tr,4,,-,-,4.5,0.12,0.03,0.4,0.45,-,33,0.62,0,2.0,6.5,21.6,1.8,(44),(80),(140),(25),(30),(55),(78),(70),(150),(61),(35),(56),(51),(430),,,,,,,,,,1,170004
06,8,06156,（たまねぎ類）　赤たまねぎ　りん茎　生,"Red onion, bulb, raw",89.6,0.9,0.1,1.7,0.4,34,29.55,19,34,2,150,9,0.3,0.2,0.04,0.14,-,,-,-,-,0.5,(0),(0),0.1,0.03,0.02,0.1,0.13,(0),23,0.15,Tr,-,6.1,0.4,7.4,(13),(23),(39),(7.1),(8.4),(15),(22),(20),(42),(17),(10),(16),(14),(120),(0.04),(0.03),(Tr),(0.02),(24),(1),(0),-,(0),1,170000
06,1,06337,（たまねぎ類）　葉たまねぎ　りん茎及び葉　生,"Green onion, leaves and stem, raw",89.5,1.8,0.4,3.0,0.7,33,25.8,67,45,3,290,14,0.6,0.3,0.03,0.35,-,,-,-,-,0.6,0,(0),1.1,0.06,0.11,0.6,0.16,(0),120,0.13,92,-,5.7,207,18.8,(24),(44),(76),(14),(16),(30),(43),(38),(81),(33),(19),(31),(28),(230),,,,,,,,,,1,170005
06,30,06157,たらのめ　若芽　生,"Japanese angelica tree shoots, raw",90.2,4.2,0.2,4.2,1.1,27,16.75,16,120,1,460,33,0.9,0.8,0.35,0.47,0,,1,0,1,,(0),(0),2.4,0.15,0.20,2.5,0.22,(0),160,0.53,99,6.7,,,26.6,,,,,,,,,,,,,,,,,,,,,,,,7,169405
06,0,06158,たらのめ　若芽　ゆで,"Japanese angelica tree shoots, boiled",90.8,4.0,0.2,3.6,0.9,27,17.45,19,92,1,260,28,0.9,0.7,0.30,0.44,-,,-,-,-,,(0),(0),2.0,0.07,0.11,1.3,0.11,(0),83,0.23,97,-,,,26.6,,,,,,,,,,,,,,,,,,,,,,,,7,169405
06,15,06159,チコリ　若芽　生,"Chicory, shoots, raw",94.7,1.0,Tr,1.1,0.4,17,13.3,24,25,3,170,9,0.2,0.2,0.05,0.07,1,,0,1,1,0.2,(0),(0),0.2,0.06,0.02,0.2,0.03,(0),41,0.14,8,1.1,,,2.8,(39),(62),(53),(13),(8.6),(22),(38),(30),(67),(46),(12),(48),(19),(48),,,,,,,,,,8,170404
06,15,06376,ちぢみゆきな　葉　生,"Chijimi yukina, leaves, raw",88.1,3.6,0.6,3.9,1.7,35,25.05,180,88,18,570,30,3.0,0.9,0.09,0.41,-,,-,-,-,0.3,(0),(0),-,0.09,0.21,1.6,-,(0),180,0.29,390,-,,,1.4,(160),(280),(230),(45),(30),(75),(200),(130),(330),(180),(79),(230),(91),(240),,,,,,,,,,8,168491
06,15,06377,ちぢみゆきな　葉　ゆで,"Chijimi yukina, leaves, boiled",89.1,3.8,0.7,4.3,1.0,34,23.1,130,82,15,320,21,1.4,0.7,0.09,0.32,-,,-,-,-,0.3,(0),(0),-,0.06,0.12,0.7,-,(0),120,0.27,500,-,,,1.4,(170),(290),(240),(47),(31),(78),(210),(140),(350),(190),(83),(240),(95),(260),,,,,,,,,,8,168491
06,15,06160,チンゲンサイ　葉　生,"Bok choy, leaves, raw",96.0,0.6,0.1,1.2,0.8,9,7.5,100,27,32,260,16,1.1,0.3,0.07,0.12,Tr,,1,1,7,0.5,(0),(0),0.7,0.03,0.07,0.3,0.08,(0),66,0.17,84,1.3,6.4,45.5,45,34,56,47,7.0,4.7,12,39,26,65,40,16,46,19,48,(0.07),(0.05),(0.03),(0.02),(21),(28),(0),(0),(0),8,170390
06,20,06161,チンゲンサイ　葉　ゆで,"Bok choy, leaves, boiled",95.3,0.9,0.1,1.5,0.8,11,8.9,120,27,28,250,17,0.7,0.2,0.06,0.17,-,,-,-,-,0.4,(0),(0),0.9,0.03,0.05,0.3,0.04,(0),53,0.12,120,-,12.1,34,26,(49),(83),(70),(10),(6.9),(17),(58),(38),(95),(55),(24),(67),(28),(70),(0.07),(0.05),(0.03),(0.02),(21),(28),(0),(0),(0),9,170391
06,0,06338,チンゲンサイ　葉　油いため,"Bok choy, leaves, stir-fried",92.6,0.8,3.2,1.4,0.7,36,34.55,92,27,31,230,16,0.9,0.3,0.07,0.12,-,,-,-,-,1.3,(0),(0),1.4,0.03,0.06,0.3,0.05,(0),62,0.12,110,-,25.3,84.8,28.2,(41),(69),(58),(8.6),(5.8),(14),(48),(31),(80),(46),(20),(56),(23),(59),(2.98),(0.87),(0.27),(0.60),(600),(270),(0),(0),(0),8,169392
06,15,06162,つくし　胞子茎　生,"Field horsetail, fertile stem, raw",86.9,3.5,0.1,8.1,1.4,31,13.1,50,94,6,640,33,2.1,1.1,0.22,0.22,-,,-,-,-,,(0),(0),4.9,0.07,0.14,2.2,0.35,(0),110,0.90,19,-,,,26.6,,,,,,,,,,,,,,,,,,,,,,,,5,169405
06,0,06163,つくし　胞子茎　ゆで,"Field horsetail, fertile stem, boiled",88.9,3.4,0.1,6.7,0.9,28,12.75,58,82,4,340,26,1.1,1.0,0.16,0.18,-,,-,-,-,0.9,(0),(0),3.6,Tr,0.10,1.1,0.21,(0),74,0.48,17,-,14.3,2,2.6,,,,,,,,,,,,,,,,,,,,,,,,7,170384
06,0,06164,つるな　茎葉　生,"New Zealand spinach, stems and leaves, raw",93.8,1.8,0.1,2.3,1.3,15,9.6,48,75,5,300,35,3.0,0.5,0.06,0.81,-,,-,-,-,0.7,(0),(0),1.3,0.08,0.30,1.0,0.13,(0),90,0.46,310,-,,337,30,,,,,,,,,,,,,,,,,,,,,,,,8,168440
06,0,06390,つるにんじん　根　生,"Balloon flower root, raw",77.7,1.0,0.7,17.1,0.8,55,18.9,61,75,2,190,33,5.9,0.5,0.11,0.40,2,,1,16,7,0.7,0,0,3.6,0.06,0.05,0.5,0.41,-,16,0.28,0,1.5,11.7,1.6,3,,,,,,,,,,,,,,,,,,,,,,,,8,169974
06,0,06165,つるむらさき　茎葉　生,"Malabar spinach, stems and leaves, raw",95.1,0.7,0.2,2.2,1.1,11,6.6,150,28,9,210,67,0.5,0.4,0.05,0.29,-,,-,-,-,0.8,(0),(0),1.1,0.03,0.07,0.3,0.09,(0),78,0.21,350,-,,,102,(27),(45),(35),(11),(9.2),(20),(33),(26),(58),(29),(13),(35),(16),(43),,,,,,,,,,8,170474
06,0,06166,つるむらさき　茎葉　ゆで,"Malabar spinach, stems and leaves, boiled",94.5,0.9,0.2,3.1,0.9,12,6.25,180,24,7,150,41,0.4,0.4,0.07,0.32,-,,-,-,-,0.9,(0),(0),1.3,0.02,0.05,0.2,0.04,(0),51,0.15,350,-,,,5.9,(34),(58),(45),(14),(12),(26),(42),(33),(75),(38),(17),(45),(21),(56),,,,,,,,,,9,169400
06,0,06167,つわぶき　葉柄　生,"Japanese butterbur, leaf stalk, raw",93.3,0.4,0,2.5,0.7,19,12.25,38,11,100,410,15,0.2,0.1,0.02,0.23,-,,-,-,-,0.9,(0),(0),0.4,0.01,0.04,0.4,0.02,(0),16,0.10,8,-,,,31.5,,,,,,,,,,,,,,,,,,,,,,,,4,170385
06,0,06168,つわぶき　葉柄　ゆで,"Japanese butterbur, leaf stalk, boiled",95.0,0.3,0,2.3,0.3,14,8.4,31,33,42,160,8,0.1,0.1,0.02,0.23,-,,-,-,-,0.9,(0),(0),0.4,0.01,0.03,0.2,0.01,(0),7,0,8,-,,,31.5,,,,,,,,,,,,,,,,,,,,,,,,6,170385
06,60,06169,とうがらし　葉･果実　生,"Chili pepper, leaves and fruit, raw",86.7,3.4,0.1,5.7,2.2,32,19.4,490,65,3,650,79,2.2,0.4,0.12,0.43,-,,-,-,-,0.5,(0),(0),7.7,0.08,0.28,1.3,0.25,(0),87,0.41,230,-,11.1,14.3,242.5,(110),(190),(190),(43),(66),(110),(120),(100),(220),(140),(41),(160),(67),(140),(0.04),(0.02),(0.01),(0.02),(17),(5),(Tr),-,(0),3,170497
06,0,06170,とうがらし　葉･果実　油いため,"Chili pepper, leaves and fruit, stir-fried",79.5,4.0,4.9,6.3,2.6,81,65.1,550,76,2,690,87,2.8,0.4,0.13,0.47,-,,-,-,-,0.5,(0),(0),8.5,0.12,0.28,1.4,0.28,(0),96,0.45,250,-,10.9,14,143.7,(130),(230),(230),(51),(77),(130),(140),(120),(260),(160),(48),(180),(79),(160),(4.51),(1.28),(0.37),(0.91),(910),(370),(Tr),(0),(0),3,170106
06,9,06171,とうがらし　果実　生,"Chili pepper, fruit, raw",75.0,3.9,3.4,10.3,1.4,72,63.55,20,71,6,760,42,2.0,0.5,0.23,0.27,-,,-,-,-,0.5,(0),(0),8.9,0.14,0.36,3.7,1.00,(0),41,0.95,27,-,10.9,14,143.7,(130),(220),(220),(50),(75),(120),(140),(120),(260),(160),(47),(180),(77),(160),(1.20),(0.77),(0.19),(0.58),(580),(180),(14),-,(0),3,170106
06,0,06172,とうがらし　果実　乾,"Chili pepper, fruit, dried",8.8,14.7,12.0,46.4,6.1,270,195.45,74,260,17,2800,190,6.8,1.5,0.85,1.08,-,,-,-,-,3.2,(0),(0),30.0,0.50,1.40,14.0,3.81,(0),30,3.61,58,-,,,6.4,(490),(830),(840),(190),(280),(470),(530),(440),(970),(610),(180),(670),(290),(600),(4.22),(2.72),(0.68),(2.04),(2000),(630),(50),-,(0),3,168579
06,30,06173,とうがん　果実　生,"Winter melon, fruit, raw",95.2,0.5,0.1,1.3,0.4,15,11.35,19,18,1,200,7,0.2,0.1,0.02,0.02,7,,0,0,4,0.4,(0),(0),0.1,0.01,0.01,0.4,0.03,(0),26,0.21,1,0.2,4.1,0.1,8.1,(14),(23),(20),(5.7),(4.0),(9.7),(15),(12),(27),(13),(5.4),(17),(7.8),(21),(0.07),(0.04),(0),(0.04),(44),-,-,-,-,8,167765
06,0,06174,とうがん　果実　ゆで,"Winter melon, fruit, boiled",95.3,0.6,0.1,1.5,0.3,15,10.65,22,19,1,200,7,0.3,0.1,0.01,0.02,-,,-,-,-,0.4,(0),(0),0.1,0.01,0.01,0.4,0.03,(0),25,0.20,Tr,-,4.1,0.1,8.1,(17),(28),(23),(6.8),(4.8),(12),(18),(14),(32),(15),(6.5),(21),(9.4),(25),(0.07),(0.04),(0),(0.04),(44),(0),(0),(0),(0),8,167765
06,50,06175,（とうもろこし類）　スイートコーン　未熟種子　生,"Sweet corn, immature kernels, raw",77.1,3.6,1.7,3.0,0.8,89,75.35,3,100,Tr,290,37,0.8,1.0,0.10,0.32,0,,Tr,1,6,0.6,0,(0),0.3,0.15,0.10,2.3,0.14,(0),95,0.58,1,5.4,23,0.3,6.8,110,320,160,78,64,140,140,120,260,140,31,170,83,150,1.29,0.54,0.02,0.53,530,16,0,-,0,8,169998
06,30,06176,（とうもろこし類）　スイートコーン　未熟種子　ゆで,"Sweet corn, immature kernels, boiled",75.4,3.5,1.7,3.1,0.8,95,80.95,5,100,Tr,290,38,0.8,1.0,0.10,0.31,-,,-,-,-,0.2,0,(0),0.3,0.12,0.10,2.2,0.12,(0),86,0.51,0,-,29.1,0.4,5.5,(110),(310),(150),(75),(61),(140),(140),(110),(250),(130),(30),(160),(80),(140),(1.29),(0.54),(0.02),(0.53),(530),(16),(0),-,(0),8,168525
06,30,06339,（とうもろこし類）　スイートコーン　未熟種子　電子レンジ調理,"Sweet corn, immature kernels, microwaved",73.5,4.2,2.2,3.4,1.0,104,88.35,3,120,0,330,42,0.9,1.1,0.10,0.32,-,,-,-,-,,(0),(0),0.3,0.16,0.11,2.4,0.14,(0),97,0.67,0,-,30.3,0.4,,(130),(370),(180),(90),(74),(160),(170),(130),(300),(150),(36),(190),(96),(170),(1.65),(0.69),(0.02),(0.67),(670),(20),(0),-,(0),8,169217
06,40,06177,（とうもろこし類）　スイートコーン　未熟種子　穂軸つき　冷凍,"Sweet corn, immature kernels on cob, frozen",75.6,3.5,1.5,2.8,0.7,96,80.65,4,90,1,230,33,0.6,1.0,0.08,0.22,-,,-,-,-,0.8,(0),(0),0.1,0.12,0.09,2.2,0.10,(0),77,0.49,Tr,-,,0.4,7.2,(140),(380),(150),(73),(29),(100),(160),(130),(300),(140),(25),(200),(96),(140),1.30,0.57,0.02,0.55,550,21,0,0,0,8,168400
06,0,06178,（とうもろこし類）　スイートコーン　未熟種子　カーネル　冷凍,"Sweet corn, immature kernels, frozen",75.5,2.9,1.3,4.8,0.6,91,73.35,3,79,1,230,23,0.3,0.5,0.04,0.10,0,,1,Tr,5,0.7,(0),(0),0.1,0.10,0.07,1.8,0.09,0,57,0.41,0,3.1,,0.3,6.3,99,320,98,66,57,120,130,110,240,110,24,150,80,110,1.03,0.48,0.02,0.46,460,20,0,0,0,8,168544
06,0,06378,（とうもろこし類）　スイートコーン　未熟種子　カーネル　冷凍　ゆで,"Sweet corn, immature kernels, frozen, boiled",76.5,2.8,1.5,6.2,0.5,92,66.3,3,72,1,200,22,0.2,0.4,0.03,0.10,0,,1,0,4,0.7,(0),(0),0.1,0.08,0.06,1.6,0.08,0,48,0.33,0,2.9,22,0.3,3.5,100,320,100,66,57,120,130,120,250,110,23,150,81,110,1.16,0.54,0.02,0.52,520,21,0,0,0,8,168399
06,0,06379,（とうもろこし類）　スイートコーン　未熟種子　カーネル　冷凍　油いため,"Sweet corn, immature kernels, frozen, stir-fried",71.8,2.9,5.8,4.7,0.6,125,109.15,3,78,1,230,23,0.3,0.5,0.04,0.10,0,,1,Tr,5,,(0),(0),0.8,0.10,0.07,1.9,0.09,0,56,0.37,6,3.3,30.3,0.4,,100,320,100,66,55,120,130,110,240,110,24,150,78,110,4.80,1.62,0.33,1.29,1300,330,0,0,0,8,169217
06,0,06179,（とうもろこし類）　スイートコーン　缶詰　クリームスタイル,"Sweet corn, canned, cream style",78.2,1.7,0.5,1.8,1.0,82,69,2,46,260,150,18,0.4,0.4,0.04,0.07,-,,-,-,-,0.4,(0),(0),0.1,0.02,0.05,0.8,0.03,(0),19,0.34,0,-,20.3,0,4.6,(68),(180),(72),(35),(14),(49),(79),(64),(140),(68),(12),(98),(47),(69),(0.46),(0.24),(0.01),(0.23),(230),(7),(0),(0),(0),6,169215
06,0,06180,（とうもろこし類）　スイートコーン　缶詰　ホールカーネルスタイル,"Sweet corn, canned, whole kernel",78.4,2.3,0.5,3.3,1.0,78,63.05,2,40,210,130,13,0.4,0.6,0.04,0.06,-,,-,-,-,0.6,(0),(0),0.1,0.03,0.05,0.8,0.05,(0),18,0.19,Tr,-,17.8,0,1.8,(72),(290),(220),(53),(35),(88),(110),(88),(190),(69),(21),(110),(62),(95),(0.47),(0.21),(0.01),(0.20),(200),(7),(0),(0),(0),7,169214
06,0,06181,（とうもろこし類）　ヤングコーン　幼雌穂　生,"Baby corn, raw",90.9,2.3,0.2,2.7,0.6,29,21.3,19,63,0,230,25,0.4,0.8,0.09,0.60,-,,-,-,-,0.6,(0),(0),0.4,0.09,0.11,0.9,0.16,(0),110,0.40,1,-,57.1,20.2,88.1,(70),(200),(99),(49),(40),(90),(90),(72),(160),(82),(20),(100),(52),(91),(0.15),(0.06),(Tr),(0.06),(62),(2),(0),-,(0),8,169389
06,3,06182,（トマト類）　赤色トマト　果実　生,"Tomato, red, raw",94.0,0.7,0.1,1.0,0.5,20,16.25,7,26,3,210,9,0.2,0.1,0.04,0.08,Tr,,1,Tr,2,0.4,(0),(0),0.9,0.05,0.02,0.7,0.08,(0),22,0.17,4,2.3,,,16,16,25,26,6.4,9.0,15,18,15,33,19,5.1,18,12,20,0.05,0.03,Tr,0.02,24,3,0,-,0,8,170502
06,2,06183,（トマト類）　赤色ミニトマト　果実　生,"Tomato, red, cherry, raw",91.0,1.1,0.1,1.4,0.6,30,25,12,29,4,290,13,0.4,0.2,0.06,0.10,4,,Tr,0,4,0.5,(0),(0),0.9,0.07,0.05,0.8,0.11,(0),35,0.17,7,3.6,6.9,2.8,22.8,(24),(39),(40),(9.9),(14),(24),(28),(22),(51),(27),(7.9),(27),(19),(30),(0.05),(0.03),(Tr),(0.02),(24),(3),(0),-,(0),8,170050
06,0,06391,（トマト類）　黄色トマト　果実　生,"Tomato, yellow, raw",94.7,1.1,0.4,1.3,0.7,18,13.55,6,35,2,310,10,0.3,0.2,0.04,0.10,2,,0,0,7,0.4,-,-,1.2,0.08,0.03,1.0,0.07,-,29,0.14,7,3.1,,,9,(24),(39),(40),(9.9),(14),(24),(28),(23),(51),(29),(7.9),(27),(19),(31),,,,,,,,,,8,170096
06,0,06370,（トマト類）　ドライトマト,"Tomato, dried",9.5,14.2,2.1,21.7,6.9,291,227.15,110,300,120,3200,180,4.2,1.9,0.82,1.22,4,,16,11,29,5.5,(0),(0),18.0,0.68,0.30,13.0,0.95,(0),120,1.08,31,43.0,104.6,43,39.2,250,390,300,90,150,240,350,200,550,320,76,280,180,320,1.04,0.60,0.06,0.53,530,59,0,0,0,7,168567
06,0,06184,（トマト類）　加工品　ホール　食塩無添加,"Tomato, canned, whole, no salt added",93.3,0.9,0.2,1.3,1.2,21,15.7,9,26,4,240,13,0.4,0.1,0.08,0.09,-,,-,-,-,0.5,(0),(0),1.2,0.06,0.03,0.6,0.10,(0),21,0.22,5,-,6.8,2.3,70.1,(25),(31),(32),(9.1),(9.1),(18),(31),(21),(51),(48),(9.1),(18),(17),(26),(0.11),(0.06),(0.01),(0.05),(48),(7),(0),-,(0),8,170545
06,0,06185,（トマト類）　加工品　トマトジュース　食塩添加,"Tomato juice, with salt",94.1,0.7,0.1,0.7,1.1,15,14.85,6,18,120,260,9,0.3,0.1,0.06,0.05,4,,Tr,1,4,0.5,(0),(0),0.7,0.04,0.04,0.7,0.09,(0),17,0.18,2,4.2,6.8,2.3,70.1,(19),(24),(25),(7.1),(7.1),(14),(24),(16),(40),(37),(7.1),(14),(13),(20),(0.05),(0.03),(Tr),(0.02),(24),(3),(0),-,(0),7,170458
06,0,06340,（トマト類）　加工品　トマトジュース　食塩無添加,"Tomato juice, no salt added",94.1,0.7,0.1,0.7,1.1,18,14.85,6,18,8,260,9,0.3,0.1,0.06,0.05,4,,Tr,1,4,0.5,(0),(0),0.7,0.04,0.04,0.7,0.09,(0),17,0.18,2,4.2,6.8,2.3,70.1,(19),(24),(25),(7.1),(7.1),(14),(24),(16),(40),(37),(7.1),(14),(13),(20),,,,,,,,,,7,170545
06,0,06186,（トマト類）　加工品　ミックスジュース　食塩添加,"Tomato mixed juice, with salt",94.2,0.6,0,0.7,0.9,18,14.7,11,11,82,200,13,0.3,0.1,0.08,0.07,-,,-,-,-,0.5,(0),(0),0.8,0.03,0.03,0.4,0.06,(0),10,0.20,6,-,6.8,2.3,70.1,(12),(17),(19),(3.9),(6.5),(10),(18),(9.0),(27),(19),(4.5),(12),(9.7),(14),,,,,,,,,,6,170458
06,0,06341,（トマト類）　加工品　ミックスジュース　食塩無添加,"Tomato mixed juice, no salt added",94.2,0.6,0,0.7,0.9,18,14.7,11,11,12,200,13,0.3,0.1,0.08,0.07,-,,-,-,-,0.5,(0),(0),0.8,0.03,0.03,0.4,0.06,(0),10,0.20,6,-,6.8,2.3,70.1,(12),(17),(19),(3.9),(6.5),(10),(18),(9.0),(27),(19),(4.5),(12),(9.7),(14),,,,,,,,,,7,170545
06,20,06187,トレビス　葉　生,"Radicchio, leaves, raw",94.1,1.1,0.2,2.0,0.7,17,12.2,21,34,11,290,11,0.3,0.2,0.06,0.15,-,,-,-,-,0.9,(0),(0),0.1,0.04,0.04,0.2,0.03,(0),41,0.24,13,-,10.9,255.2,8,(43),(68),(59),(15),(9.4),(24),(42),(32),(74),(50),(13),(52),(21),(53),0.07,0.05,0.02,0.03,32,18,0,0,0,8,168564
06,0,06188,とんぶり　ゆで,"Tonburi, boiled",76.7,6.1,3.5,7.1,0.8,89,71.4,15,170,5,190,74,2.8,1.4,0.25,0.78,-,,-,-,-,0,(0),(0),4.6,0.11,0.17,0.3,0.16,(0),100,0.48,120,-,,,,,,,,,,,,,,,,,,2.51,1.65,0.15,1.50,1500,150,0,0,0,7,172467
06,3,06189,ながさきはくさい　葉　生,"Nagasaki Chinese cabbage, leaves, raw",93.9,1.3,0.1,2.2,1.8,12,7.85,140,37,21,300,27,2.3,0.3,0.05,0.21,-,,-,-,-,0.5,(0),(0),1.3,0.05,0.13,0.7,0.14,(0),150,0.28,130,-,6.4,45.5,45,(42),(70),(71),(16),(16),(32),(42),(34),(76),(49),(14),(59),(27),(64),(0.04),(0.03),(0.02),(Tr),(3),(24),(0),-,(0),9,170390
06,5,06190,ながさきはくさい　葉　ゆで,"Nagasaki Chinese cabbage, leaves, boiled",93.2,2.2,0.1,2.4,0.8,18,13.1,120,48,12,120,24,1.6,0.2,0.04,0.20,-,,-,-,-,0.4,(0),(0),1.3,0.02,0.07,0.3,0.06,(0),69,0.11,150,-,12.1,34,26,(70),(120),(120),(27),(26),(53),(71),(57),(130),(83),(23),(100),(45),(110),(0.04),(0.03),(0.02),(Tr),(3),(24),(0),-,(0),9,170391
06,10,06191,（なす類）　なす　果実　生,"Eggplant, raw",93.2,1.1,0.1,2.2,0.5,18,14.85,18,30,Tr,220,17,0.3,0.2,0.06,0.16,0,,0,0,10,0.3,(0),(0),0.3,0.05,0.05,0.5,0.05,(0),32,0.33,10,2.3,6.9,3.5,2.2,34,53,56,11,11,22,38,26,65,37,11,46,24,59,0.03,Tr,0,Tr,4,1,0,-,0,8,169228
06,0,06192,（なす類）　なす　果実　ゆで,"Eggplant, boiled",94.0,1.0,0.1,2.1,0.4,17,12.75,20,27,1,180,16,0.3,0.2,0.05,0.15,-,,-,-,-,0.1,(0),(0),0.3,0.04,0.04,0.4,0.03,(0),22,0.29,10,-,9.4,2.9,1.3,(30),(47),(50),(10),(10),(20),(34),(23),(57),(31),(10),(40),(22),(52),(0.03),(Tr),(0),(Tr),(4),(1),(0),-,(0),8,169229
06,0,06342,（なす類）　なす　果実　油いため,"Eggplant, stir-fried",85.8,1.5,5.8,2.6,0.6,73,67.5,22,40,Tr,290,21,0.4,0.2,0.07,0.20,-,,-,-,-,0.6,(0),(0),1.4,0.06,0.07,0.7,0.06,(0),36,0.40,11,-,11.9,3.7,0,(44),(71),(75),(15),(15),(30),(51),(35),(86),(46),(15),(60),(32),(78),(5.30),(1.48),(0.42),(1.05),(1100),(420),(0),(0),(0),7,169892
06,0,06343,（なす類）　なす　果実　天ぷら,"Eggplant, tempura",71.9,1.6,14.0,1.9,0.5,165,159.95,31,41,21,200,14,0.2,0.2,0.07,0.16,-,,-,-,7,0.6,-,-,2.6,0.05,0.07,0.6,0.04,0,28,0.16,22,2.3,11.9,3.7,0,(48),(77),(82),(16),(16),(33),(56),(38),(93),(50),(17),(65),(35),(85),12.49,3.39,1.03,2.36,2400,1000,0,0,0,4,169892
06,30,06193,（なす類）　べいなす　果実　生,"Eggplant (American), raw",93.0,1.1,0.1,2.4,0.5,20,14.85,10,26,1,220,14,0.4,0.2,0.08,0.13,-,,-,-,-,0.3,(0),(0),0.3,0.04,0.04,0.6,0.06,(0),19,0.30,9,-,6.9,3.5,2.2,(51),(72),(53),(12),(6.7),(19),(48),(30),(79),(42),(10),(59),(26),(64),(0.03),(Tr),(0),(Tr),(4),(1),(0),-,(0),7,169228
06,35,06194,（なす類）　べいなす　果実　素揚げ,"Eggplant (American), deep-fried",74.8,1.0,17.0,1.8,0.5,177,165.15,10,26,1,220,14,0.4,0.2,0.09,0.13,-,,-,-,-,,(0),(0),2.5,0.05,0.04,0.6,0.05,(0),12,0.30,31,-,,,3.4,(46),(65),(48),(11),(6.1),(17),(44),(28),(71),(38),(9.2),(54),(23),(58),(15.79),(4.42),(1.27),(3.14),(3100),(1300),(0),(0),(0),7,168199
06,0,06195,（なす類）　漬物　塩漬,"Eggplant, pickled in salt",90.4,1.4,0.1,2.7,2.9,22,14.5,18,33,880,260,18,0.6,0.2,0.09,0.18,-,,-,-,-,0.6,(0),(0),0.3,0.03,0.04,0.4,0.07,(0),32,0.41,10,-,11.9,3.7,0,(42),(66),(71),(14),(14),(28),(48),(32),(80),(43),(14),(56),(30),(73),(0.03),(Tr),(0),(Tr),(4),(1),(0),-,(0),5,169892
06,0,06196,（なす類）　漬物　ぬかみそ漬,"Eggplant, pickled in rice bran",88.7,1.7,0.1,2.7,3.4,27,18.7,21,44,990,430,33,0.5,0.2,0.09,0.19,-,,-,-,-,0.6,(0),(0),0.3,0.10,0.04,1.0,0.15,Tr,43,0.67,12,-,11.9,3.7,0,,,,,,,,,,,,,,,,,,,,,,,,3,169892
06,0,06197,（なす類）　漬物　こうじ漬,"Eggplant, pickled in koji",69.1,5.5,0.1,4.2,7.1,87,69.1,65,65,2600,210,22,1.4,0.4,0.17,0.40,-,,-,-,-,0.6,(0),(0),0.5,0.03,0.05,0.3,0.03,(0),9,0.13,27,-,11.9,3.7,0,,,,,,,,,,,,,,,,,,,,,,,,4,169892
06,0,06198,（なす類）　漬物　からし漬,"Eggplant, pickled in mustard",61.2,2.6,0.2,4.2,5.3,127,103.55,71,55,1900,72,36,1.5,0.4,0.13,0.32,-,,-,-,-,0.6,(0),(0),0.2,0.06,0.04,0.6,0.09,(0),18,0.08,24,-,11.9,3.7,0,,,,,,,,,,,,,,,,,,,,,,,,4,169892
06,0,06199,（なす類）　漬物　しば漬,"Eggplant, pickled (shibazuke)",86.4,1.4,0.2,4.4,4.9,27,16.05,30,27,1600,50,16,1.7,0.2,0.12,0.29,-,,-,-,-,0.6,(0),(0),0.7,0,0.02,0.1,0.03,(0),9,0.13,72,-,11.9,3.7,0,,,,,,,,,,,,,,,,,,,,,,,,4,169892
06,5,06200,なずな　葉　生,"Shepherd's purse, leaves, raw",86.8,4.3,0.1,5.4,1.7,35,21.85,290,92,3,440,34,2.4,0.7,0.16,1.00,-,,-,-,-,3,(0),(0),2.5,0.15,0.27,0.5,0.32,(0),180,1.10,330,-,,,93.2,,,,,,,,,,,,,,,,,,,,,,,,7,169329
06,0,06201,（なばな類）　和種なばな　花らい・茎　生,"Field mustard (Japanese), flower and stem, raw",88.4,4.4,0.2,4.2,1.2,34,22.7,160,86,16,390,29,2.9,0.7,0.09,0.32,1,,1,1,6,0.9,(0),(0),2.9,0.16,0.28,1.3,0.26,(0),340,0.73,250,12.0,0.5,257.5,70,(180),(320),(280),(77),(51),(130),(210),(140),(350),(210),(77),(250),(99),(270),(0.10),(0.08),(0.06),(0.01),(8),(56),(0),-,(0),8,169256
06,0,06202,（なばな類）　和種なばな　花らい・茎　ゆで,"Field mustard (Japanese), flower and stem, boiled",90.2,4.7,0.1,4.3,0.7,28,17.3,140,86,7,170,19,1.7,0.4,0.07,0.25,-,,-,-,-,0.8,(0),(0),2.8,0.07,0.14,0.5,0.11,(0),190,0.30,250,-,,,130,(190),(340),(300),(83),(54),(140),(230),(150),(380),(230),(83),(260),(110),(290),(0.05),(0.04),(0.03),(Tr),(4),(28),(0),-,(0),8,168438
06,0,06203,（なばな類）　洋種なばな　茎葉　生,"Rapini, stem and leaves, raw",88.3,4.1,0.4,3.7,1.1,36,26.15,97,78,12,410,28,0.9,0.6,0.09,0.67,-,,-,-,-,3,(0),(0),1.7,0.11,0.24,1.3,0.22,(0),240,0.80,260,-,,,93.2,(160),(300),(260),(72),(47),(120),(200),(130),(330),(200),(72),(230),(92),(250),(0.20),(0.15),(0.11),(0.02),(16),(110),(0),-,(0),7,169329
06,0,06204,（なばな類）　洋種なばな　茎葉　ゆで,"Rapini, stem and leaves, boiled",90.0,3.6,0.4,4.1,0.7,30,20.2,95,71,10,210,19,0.7,0.4,0.07,0.61,-,,-,-,-,1.3,(0),(0),1.6,0.06,0.13,0.6,0.11,(0),240,0.47,270,-,33.6,256,37,(140),(260),(230),(63),(41),(100),(170),(120),(290),(170),(63),(200),(81),(220),(0.20),(0.15),(0.11),(0.02),(16),(110),(0),-,(0),8,170382
06,15,06205,にがうり　果実　生,"Bitter melon, raw",94.4,1.0,0.1,2.6,0.6,15,8.9,14,31,1,260,14,0.4,0.2,0.05,0.10,1,,0,1,7,0.2,(0),(0),0.8,0.05,0.07,0.3,0.06,(0),72,0.37,41,0.5,,,84,34,55,61,12,10,22,39,39,77,38,14,45,26,84,(0.07),(0.04),(0),(0.04),(43),(0),(0),(0),(0),6,168393
06,0,06206,にがうり　果実　油いため,"Bitter melon, stir-fried",90.3,1.2,3.3,2.8,0.6,47,38.55,14,33,1,260,15,0.5,0.2,0.05,0.11,1,,Tr,1,8,0.2,0,(0),0.9,0.05,0.08,0.3,0.07,(0),79,0.41,45,0.5,,,84,(39),(65),(72),(14),(12),(26),(46),(45),(90),(43),(16),(53),(31),(99),(3.05),(0.88),(0.24),(0.64),(640),(240),(0),(0),(0),7,168393
06,5,06207,（にら類）　にら　葉　生,"Garlic chives, leaves, raw",92.6,1.7,0.3,2.7,1.1,18,14.1,48,31,1,510,18,0.7,0.3,0.07,0.39,1,,1,1,15,0.9,(0),(0),2.5,0.06,0.13,0.6,0.16,(0),100,0.50,180,2.1,5.2,212.7,58.1,64,110,93,25,17,42,77,56,130,78,31,82,31,77,(0.13),(0.08),(0.04),(0.04),(39),(42),(0),-,(0),1,169994
06,0,06208,（にら類）　にら　葉　ゆで,"Garlic chives, leaves, boiled",89.8,2.6,0.5,4.3,1.1,27,19.3,51,26,1,400,20,0.7,0.3,0.09,0.49,-,,-,-,-,0.9,(0),(0),3.1,0.04,0.12,0.3,0.13,(0),77,0.39,330,-,5.2,212.7,58.1,(95),(170),(140),(38),(26),(64),(120),(82),(200),(110),(48),(120),(47),(120),(0.21),(0.14),(0.07),(0.07),(65),(71),(0),-,(0),1,169994
06,0,06344,（にら類）　にら　葉　油いため,"Garlic chives, leaves, stir-fried",85.8,1.9,5.7,3.5,1.3,69,61.4,48,38,Tr,600,22,0.8,0.4,0.08,0.46,-,,-,-,-,0.9,(0),(0),4.1,0.06,0.16,0.8,0.20,(0),140,0.59,220,-,5.2,212.7,58.1,(68),(120),(100),(28),(19),(46),(84),(59),(140),(80),(34),(88),(34),(84),(5.17),(1.50),(0.46),(1.05),(1000),(460),(0),(0),(0),1,169994
06,5,06209,（にら類）　花にら　花茎・花らい　生,"Garlic chives flower stalk, raw",91.4,1.9,0.2,2.8,0.6,27,19.2,22,41,1,250,15,0.5,0.3,0.08,0.20,-,,-,-,-,0.9,(0),(0),1.0,0.07,0.08,0.6,0.17,(0),120,0.42,100,-,5.2,212.7,58.1,(69),(120),(100),(28),(19),(47),(85),(60),(150),(81),(35),(90),(34),(85),(0.08),(0.05),(0.03),(0.03),(26),(28),(0),-,(0),1,169994
06,0,06210,（にら類）　黄にら　葉　生,"Yellow garlic chives, leaves, raw",94.0,2.1,0.1,2.0,0.5,18,12.75,15,35,Tr,180,11,0.7,0.2,0.07,0.18,-,,-,-,-,0.9,(0),(0),0.3,0.05,0.08,0.7,0.12,(0),76,0.38,29,-,5.2,212.7,58.1,(77),(130),(110),(31),(21),(52),(94),(66),(160),(90),(38),(99),(38),(94),(0.04),(0.03),(0.01),(0.01),(13),(14),(0),-,(0),1,169994
06,15,06211,（にんじん類）　葉にんじん　葉　生,"Carrot leaves, raw",93.5,1.1,0.2,2.7,1.1,16,10.45,92,52,31,510,27,0.9,0.3,0.04,0.26,-,,-,-,-,3,(0),(0),1.1,0.06,0.12,1.1,0.15,(0),73,0.43,160,-,,,93.2,,,,,,,,,,,,,,,,,,,,,,,,7,169329
06,3,06212,（にんじん類）　にんじん　根　皮つき　生,"Carrot, root, with skin, raw",89.1,0.7,0.2,2.8,0.8,35,26.55,28,26,28,300,10,0.2,0.2,0.05,0.12,-,,-,-,-,0.1,(0),(0),0.4,0.07,0.06,0.8,0.10,(0),21,0.37,17,-,8.8,13.2,5.9,24,36,36,9.4,7.6,17,24,17,41,29,8.6,34,13,34,0.08,0.06,0.01,0.05,51,6,0,-,0,9,170393
06,0,06213,（にんじん類）　にんじん　根　皮つき　ゆで,"Carrot, root, with skin, boiled",90.2,0.6,0.2,3.0,0.6,29,22.7,32,29,23,270,12,0.3,0.3,0.05,0.16,-,,-,-,-,0.7,(0),(0),0.4,0.06,0.05,0.7,0.09,(0),17,0.42,15,-,8.8,13.7,3.6,(20),(29),(29),(7.6),(6.2),(14),(20),(13),(33),(22),(7.0),(27),(11),(27),(0.11),(0.08),(0.01),(0.07),(73),(9),(0),-,(0),9,170394
06,10,06214,（にんじん類）　にんじん　根　皮なし　生,"Carrot, root, without skin, raw",89.6,0.7,0.2,2.8,0.7,32,25.15,24,28,24,300,9,0.2,0.2,0.04,0.11,Tr,,Tr,0,Tr,0.1,0,(0),0.5,0.04,0.03,0.7,0.09,(0),23,0.27,4,2.5,8.8,13.2,5.9,25,37,34,8.7,9.1,18,25,18,42,27,8.2,34,13,31,0.09,0.06,Tr,0.06,55,4,0,0,0,10,170393
06,0,06215,（にんじん類）　にんじん　根　皮なし　ゆで,"Carrot, root, without skin, boiled",90.0,0.7,0.1,2.8,0.7,28,23.25,29,26,27,240,9,0.2,0.2,0.05,0.17,0,,1,0,1,0.7,(0),(0),0.4,0.06,0.05,0.6,0.10,(0),19,0.25,18,2.5,8.8,13.7,3.6,(24),(36),(34),(9.1),(8.6),(18),(24),(17),(41),(27),(8.4),(33),(13),(35),(0.05),(0.04),(Tr),(0.04),(35),(4),(0),-,(0),9,170394
06,0,06345,（にんじん類）　にんじん　根　皮なし　油いため,"Carrot, root, without skin, stir-fried",79.1,1.1,6.4,3.1,1.1,103,90.45,35,37,48,400,13,0.3,0.3,0.08,0.14,-,,-,-,-,0.6,(0),(0),1.7,0.11,0.08,1.1,0.14,(0),31,0.45,22,-,8.6,13.6,2.3,(35),(53),(51),(13),(13),(26),(36),(24),(60),(40),(12),(49),(19),(52),(5.88),(1.68),(0.47),(1.21),(1200),(470),(0),(0),(0),8,169984
06,0,06346,（にんじん類）　にんじん　根　皮なし　素揚げ,"Carrot, root, without skin, deep-fried",80.6,1.0,3.5,1.1,1.0,87,78.05,36,35,39,380,13,0.3,0.3,0.05,0.14,1,,0,0,1,0.6,(0),(0),1.6,0.10,0.07,0.9,0.15,(0),28,0.50,34,3.7,8.6,13.6,2.3,(32),(47),(46),(12),(12),(24),(32),(22),(54),(36),(11),(44),(17),(47),3.12,0.89,0.26,0.63,620,260,0,0,0,8,169984
06,0,06407,（にんじん類）　にんじん　根　皮なし　カット　常法洗浄,"Carrot, root, without skin, cut, washed (standard)",91.5,0.5,0.2,2.7,0.5,27,19.55,26,21,18,210,11,0.2,0.1,0.03,0.1,Tr,,0,0,Tr,0.7,0,-,0.4,0.04,0.03,0.4,0.08,-,22,0.22,3,2.2,8.8,13.7,3.6,20,30,28,7.5,6.4,14,19,14,33,22,6.7,26,10,25,0.07,0.04,Tr,0.03,33,3,0,0,0,9,170394
06,0,06408,（にんじん類）　にんじん　根　皮なし　カット　次亜塩素酸洗浄,"Carrot, root, without skin, cut, washed (hypochlorous acid)",91.5,0.6,0.2,2.6,0.5,27,19.9,27,21,19,200,11,0.2,0.1,0.03,0.1,Tr,,0,0,Tr,0.1,0,-,0.4,0.04,0.03,0.4,0.07,-,20,0.22,3,1.6,8.8,13.2,5.9,22,34,31,8.5,7.5,16,21,15,36,25,6.7,30,11,29,0.07,0.04,Tr,0.04,35,3,0,0,0,9,170393
06,0,06347,（にんじん類）　にんじん　根　皮　生,"Carrot, root, skin, raw",90.4,0.7,0.2,3.8,1.5,26,16.05,45,43,16,630,20,0.3,0.2,0.08,0.13,1,,0,1,1,0.1,(0),(0),0.5,0.05,0.05,1.1,0.12,(0),46,0.31,12,6.4,8.8,13.2,5.9,(23),(34),(34),(8.9),(7.2),(16),(23),(16),(39),(27),(8.1),(33),(13),(32),,,,,,,,,,9,170393
06,0,06216,（にんじん類）　にんじん　根　冷凍,"Carrot, root, frozen",90.2,0.8,0.2,4.1,0.6,30,18.85,30,31,57,200,9,0.3,0.2,0.05,0.14,Tr,,0,1,1,0.1,0,(0),0.8,0.04,0.02,0.5,0.09,Tr,21,0.25,6,2.1,8.8,13.2,5.9,26,38,36,9.6,9.0,19,24,19,43,29,9.1,36,15,50,0.11,0.08,0.01,0.08,75,5,0,0,0,8,170393
06,0,06380,（にんじん類）　にんじん　根　冷凍　ゆで,"Carrot, root, frozen, boiled",91.7,0.7,0.2,3.5,0.4,24,16.4,31,26,40,130,8,0.3,0.2,0.04,0.14,0,,0,Tr,1,0.6,(0),(0),0.9,0.03,0.02,0.3,0.06,0,18,0.20,6,1.6,8.6,13.6,2.3,28,42,39,10,9.1,19,25,20,46,29,8.7,37,15,47,0.13,0.09,0.01,0.09,88,6,0,0,0,9,169984
06,0,06381,（にんじん類）　にんじん　根　冷凍　油いため,"Carrot, root, frozen, stir-fried",85.2,0.9,4.0,4.2,0.6,65,55,33,33,60,210,9,0.3,0.2,0.06,0.17,1,,0,1,1,0.6,(0),(0),1.5,0.04,0.03,0.5,0.09,0,24,0.30,11,2.3,8.6,13.6,2.3,30,45,42,11,10,21,28,22,50,33,9.4,41,17,55,3.61,1.12,0.32,0.81,800,320,0,0,0,7,169984
06,0,06348,（にんじん類）　にんじん　グラッセ,"Carrot, glazed (glacé)",83.8,0.7,1.4,2.6,1.4,53,49.7,26,27,390,240,10,0.2,0.1,0.03,0.16,1,,0,0,1,0.6,25,0,0.7,0.03,0.03,0.4,0.09,0,17,0.14,7,2.6,8.6,13.6,2.3,(21),(32),(31),(8.2),(7.7),(16),(22),(15),(37),(24),(7.6),(30),(12),(31),1.08,0.10,0.01,0.09,90,9,0,0,2,7,168519
06,0,06217,（にんじん類）　にんじん　ジュース　缶詰,"Carrot juice, canned",92.0,0.6,0.1,0.2,0.6,29,25.7,10,20,19,280,7,0.2,0.1,0.04,0.07,-,,-,-,-,0.6,(0),(0),0.2,0.03,0.04,0.6,0.08,(0),13,0.27,2,-,9.9,15.5,8.5,(20),(29),(28),(7.5),(7.1),(15),(20),(14),(34),(22),(7.0),(28),(11),(29),(0.04),(0.03),(Tr),(0.03),(29),(4),(0),-,(0),8,170491
06,15,06218,（にんじん類）　きんとき　根　皮つき　生,"Kintoki carrot, root, with skin, raw",87.3,1.8,0.2,3.9,1.1,39,27.95,37,64,11,540,11,0.4,0.9,0.09,0.15,-,,-,-,-,1.8,(0),(0),0.5,0.07,0.05,1.0,0.12,(0),110,0.32,2,-,,22.5,17,(60),(90),(88),(23),(19),(42),(60),(41),(100),(67),(21),(84),(33),(83),0.05,0.04,Tr,0.03,34,5,0,0,0,9,170417
06,0,06219,（にんじん類）　きんとき　根　皮つき　ゆで,"Kintoki carrot, root, with skin, boiled",87.7,1.9,0.2,4.3,1.0,37,25.5,39,66,10,470,10,0.5,1.0,0.08,0.13,-,,-,-,-,0.9,(0),(0),0.5,0.07,0.05,0.9,0.12,(0),98,0.33,2,-,14.3,2,2.6,(63),(95),(93),(25),(20),(44),(63),(43),(110),(71),(22),(88),(35),(88),0.07,0.05,0.01,0.05,45,6,0,0,0,9,170384
06,20,06220,（にんじん類）　きんとき　根　皮なし　生,"Kintoki carrot, root, without skin, raw",87.1,1.8,0.3,3.6,1.1,40,30.2,34,67,12,520,10,0.4,0.9,0.08,0.16,-,,-,-,-,0.1,(0),(0),0.5,0.07,0.05,1.0,0.13,(0),100,0.33,2,-,8.8,13.2,5.9,(59),(88),(85),(23),(21),(44),(60),(41),(100),(67),(21),(83),(32),(87),0.08,0.06,0.01,0.05,53,7,0,0,0,9,170393
06,0,06221,（にんじん類）　きんとき　根　皮なし　ゆで,"Kintoki carrot, root, without skin, boiled",87.1,1.9,0.4,4.1,1.0,40,29.3,38,72,9,480,9,0.4,1.0,0.08,0.12,-,,-,-,-,0.9,(0),(0),0.5,0.06,0.06,0.8,0.14,(0),100,0.28,2,-,14.3,2,2.6,(62),(93),(90),(24),(23),(46),(63),(43),(110),(70),(22),(87),(34),(92),0.11,0.08,0.01,0.07,69,9,0,0,0,9,170384
06,20,06409,（にんじん類）　島にんじん　根　皮なし　生,"Island carrot, root, without skin, raw",88.9,1.1,0.4,3.9,0.9,35,24.05,34,44,22,420,7,0.5,0.3,0.07,0.09,Tr,,1,1,3,0.1,-,-,1.2,0.07,0.05,0.8,0.09,0,29,0.16,15,3.6,8.8,13.2,5.9,,,,,,,,,,,,,,,,,,,,,,,,8,170393
06,1,06222,（にんじん類）　ミニキャロット　根　生,"Baby carrot, raw",90.9,0.7,0.2,2.7,0.7,26,20.95,30,22,15,340,8,0.3,0.2,0.05,0.12,-,,-,-,-,0.1,(0),(0),0.6,0.04,0.03,0.6,0.10,(0),32,0.41,13,-,8.8,13.2,5.9,(23),(35),(34),(9.1),(7.3),(16),(23),(16),(39),(26),(8.3),(32),(13),(32),(0.09),(0.07),(0.01),(0.06),(58),(7),(0),-,(0),9,170393
06,9,06223,（にんにく類）　にんにく　りん茎　生,"Garlic, bulb, raw",63.9,6.4,0.9,6.2,1.4,129,104.25,14,160,8,510,24,0.8,0.8,0.16,0.28,0,,1,0,16,14.2,(0),(0),0.5,0.19,0.07,0.7,1.53,(0),93,0.55,0,2.0,23.2,1.7,31.2,120,220,240,63,70,130,160,130,290,150,69,190,87,1100,0.44,0.29,0.03,0.26,260,30,0,-,0,1,169230
06,0,06349,（にんにく類）　にんにく　りん茎　油いため,"Garlic, bulb, stir-fried",53.7,8.2,5.9,6.8,1.6,191,162.15,18,200,16,610,29,1.2,1.0,0.21,0.36,-,,-,-,-,6.3,(0),(0),1.5,0.23,0.09,0.8,1.80,(0),120,0.68,3,-,59.4,0,0,(140),(280),(310),(80),(89),(170),(210),(160),(370),(180),(88),(240),(110),(1300),(5.01),(1.60),(0.40),(1.20),(1200),(400),(0),(0),(0),1,168435
06,0,06224,（にんにく類）　茎にんにく　花茎　生,"Garlic scape, raw",86.7,1.9,0.3,3.8,0.5,44,33,45,33,9,160,15,0.5,0.3,0.06,0.35,-,,-,-,-,0.9,(0),(0),0.8,0.11,0.10,0.3,0.31,(0),120,0.29,54,-,5.2,212.7,58.1,(69),(120),(100),(28),(19),(47),(85),(60),(150),(81),(35),(90),(34),(85),(0.13),(0.08),(0.04),(0.04),(39),(42),(0),-,(0),1,169994
06,0,06225,（にんにく類）　茎にんにく　花茎　ゆで,"Garlic scape, boiled",86.9,1.7,0.2,3.8,0.5,43,31.8,40,33,6,160,15,0.5,0.3,0.06,0.32,-,,-,-,-,0.6,(0),(0),0.8,0.10,0.07,0.3,0.28,(0),120,0.31,51,-,25.9,0.3,4.6,(62),(110),(92),(25),(17),(42),(76),(54),(130),(73),(31),(80),(30),(76),(0.08),(0.05),(0.03),(0.03),(26),(28),(0),-,(0),1,169278
06,40,06226,（ねぎ類）　根深ねぎ　葉　軟白　生,"Leek (Japanese long onion), white part, raw",89.6,1.4,0.1,2.5,0.5,35,26.4,36,27,Tr,200,13,0.3,0.3,0.04,0.12,0,,Tr,0,2,1,(0),(0),0.2,0.05,0.04,0.4,0.12,(0),72,0.17,8,1.0,9.5,47,12,37,63,65,16,17,33,40,39,79,44,13,50,21,52,0.03,0.02,Tr,0.01,14,1,0,0,0,1,169246
06,0,06350,（ねぎ類）　根深ねぎ　葉　軟白　ゆで,"Leek (Japanese long onion), white part, boiled",91.4,1.3,0.1,2.5,0.4,28,20.45,28,22,0,150,10,0.3,0.3,0.05,0.09,-,,-,-,-,0.5,(0),(0),0.1,0.04,0.03,0.3,0.09,(0),53,0.17,8,-,,25.4,4.2,(32),(56),(58),(14),(15),(29),(35),(34),(69),(37),(12),(44),(19),(45),(0.02),(0.01),(0),(0.01),(9),(1),(0),(0),(0),1,168535
06,0,06351,（ねぎ類）　根深ねぎ　葉　軟白　油いため,"Leek (Japanese long onion), white part, stir-fried",83.9,1.6,4.4,2.7,0.5,77,67.15,35,28,0,220,14,0.3,0.3,0.06,0.11,-,,-,-,-,1,(0),(0),0.9,0.06,0.05,0.4,0.14,(0),72,0.17,8,-,9.5,47,12,(40),(70),(72),(18),(18),(36),(44),(42),(86),(46),(15),(55),(24),(57),(3.91),(1.10),(0.31),(0.79),(790),(310),(0),(0),(0),1,169246
06,7,06227,（ねぎ類）　葉ねぎ　葉　生,"Green onion, leaves, raw",90.5,1.9,0.3,3.2,0.7,29,21.1,80,40,1,260,19,1.0,0.3,0.05,0.18,1,,1,2,1,0.9,(0),(0),0.9,0.06,0.11,0.5,0.13,(0),100,0.23,110,1.7,5.2,212.7,58.1,71,120,110,27,22,49,78,62,140,78,28,86,36,86,0.11,0.07,0.04,0.04,35,38,0,-,0,1,169994
06,0,06352,（ねぎ類）　葉ねぎ　葉　油いため,"Green onion, leaves, stir-fried",83.9,2.1,5.2,3.9,0.9,77,65.55,95,49,2,310,22,1.2,0.4,0.06,0.21,-,,-,-,-,6.3,(0),(0),2.1,0.07,0.12,0.5,0.16,(0),120,0.29,150,-,59.4,0,0,(77),(130),(120),(30),(25),(54),(87),(67),(150),(81),(31),(94),(40),(94),(4.70),(1.37),(0.41),(0.95),(950),(410),(0),(0),(0),1,168435
06,8,06410,（ねぎ類）　九条ねぎ　葉　生,"Kujo green onion, leaves, raw",90,1.7,0.3,3.3,0.7,32,22.5,69,40,Tr,240,13,0.5,0.4,0.03,0.63,1,,Tr,Tr,6,0.6,-,-,0.6,0.06,0.1,0.6,0.11,Tr,130,0.14,100,1.5,5.7,207,18.8,,,,,,,,,,,,,,,,,,,,,,,,1,170005
06,10,06228,（ねぎ類）　こねぎ　葉　生,"Welsh onion, leaves, raw",91.3,2.0,0.3,2.5,0.9,26,20.05,100,36,1,320,17,1.0,0.3,0.03,0.18,-,,-,-,-,0.6,(0),(0),1.3,0.08,0.14,0.6,0.13,(0),120,0.20,120,-,5.3,193.4,27,(73),(130),(120),(28),(23),(52),(82),(63),(150),(77),(30),(89),(38),(89),(0.13),(0.08),(0.04),(0.04),(39),(42),(0),-,(0),1,170007
06,0,06411,（ねぎ類）　めねぎ　葉　生,"Young green onion, leaves, raw",94.9,1.5,0.3,1.8,0.7,15,10.6,67,45,13,240,37,1.2,0.3,0.05,1.39,2,,Tr,1,6,0.6,-,-,0.8,0.08,0.1,0.6,0.1,0.1,72,0.17,180,1.6,5.7,207,18.8,,,,,,,,,,,,,,,,,,,,,,,,1,170005
06,3,06229,のざわな　葉　生,"Nozawana, leaves, raw",94.0,0.9,0.1,2.0,1.1,14,10.65,130,40,24,390,19,0.6,0.3,0.05,0.23,1,,1,2,10,0.3,(0),(0),0.5,0.06,0.10,0.7,0.11,(0),110,0.17,100,1.4,,,1.4,(39),(69),(56),(11),(7.4),(19),(51),(31),(82),(43),(20),(56),(22),(60),(0.05),(0.04),(0.03),(Tr),(4),(28),(0),-,(0),8,168491
06,5,06230,のざわな　漬物　塩漬,"Nozawana, pickled, salted",91.8,1.2,0.1,2.5,2.4,17,12.05,130,39,610,300,21,0.4,0.3,0.05,0.13,-,,-,-,-,1,(0),(0),0.7,0.05,0.11,0.5,0.06,(0),64,0.13,110,-,23.5,125.9,0.7,(52),(92),(75),(15),(9.8),(25),(67),(42),(110),(57),(26),(75),(30),(80),(0.05),(0.04),(0.03),(Tr),(4),(28),(0),-,(0),4,169890
06,3,06231,のざわな　漬物　調味漬,"Nozawana, pickled, seasoned",89.5,1.7,0,3.1,3.2,22,14.7,94,36,960,360,21,0.7,0.3,0.08,0.15,-,,-,-,-,1,(0),(0),1.3,0.03,0.11,0.5,0.08,(0),35,0.17,200,-,23.5,125.9,0.7,,,,,,,,,,,,,,,,,,,,,,,,3,169890
06,20,06232,のびる　りん茎葉　生,"Wild rocambole, stem and leaves, raw",80.2,3.2,0.2,6.9,0.9,63,43,100,96,2,590,21,2.6,1.0,0.06,0.41,-,,-,-,-,1,(0),(0),1.3,0.08,0.22,1.1,0.16,(0),110,0.29,160,-,18.3,224,20.2,,,,,,,,,,,,,,,(0.14),(0.08),(Tr),(0.07),(74),(4),(0),(0),(0),1,170381
06,6,06233,はくさい　結球葉　生,"Chinese cabbage, head, raw",95.2,0.8,0.1,1.3,0.6,13,10.65,43,33,6,220,10,0.3,0.2,0.03,0.11,1,,Tr,0,6,0.3,(0),(0),0.2,0.03,0.03,0.6,0.09,(0),61,0.25,59,1.4,10.7,76,36.6,26,44,44,9.9,9.7,20,26,22,48,33,8.4,37,17,40,0.04,0.03,0.02,Tr,3,24,0,-,0,9,169975
06,10,06234,はくさい　結球葉　ゆで,"Chinese cabbage, head, boiled",95.4,0.9,0.1,1.4,0.5,13,9.95,43,33,5,160,9,0.3,0.2,0.03,0.12,-,,-,-,-,0.4,(0),(0),0.1,0.01,0.01,0.3,0.04,(0),42,0.25,87,-,,,3.2,(29),(49),(49),(11),(11),(22),(29),(24),(53),(34),(9.3),(41),(18),(45),(0.04),(0.03),(0.02),(Tr),(3),(24),(0),-,(0),8,168572
06,4,06235,はくさい　漬物　塩漬,"Chinese cabbage, pickled, salted",92.1,1.5,0.1,1.8,2.8,17,12.05,39,41,820,240,12,0.4,0.2,0.04,0.06,4,,0,Tr,8,0.9,(0),(0),0.2,0.04,0.03,0.4,0.08,Tr,59,0.11,61,0.5,21.5,115.6,0,(48),(81),(81),(18),(18),(36),(48),(39),(87),(56),(15),(68),(30),(74),(0.04),(0.03),(0.02),(Tr),(2),(23),(0),-,(0),3,169891
06,0,06236,はくさい　漬物　キムチ,"Chinese cabbage, kimchi",88.4,2.3,0.1,2.2,3.6,27,20.8,50,48,1100,290,11,0.5,0.2,0.04,0.10,14,,1,1,6,0.5,(0),(0),0.5,0.04,0.06,0.6,0.13,Tr,22,0.24,42,0.8,15.5,43.6,0,,,,,,,,,,,,,,,,,,,,,,,,1,170392
06,10,06237,パクチョイ　葉　生,"Bok choy, leaves, raw",94.0,1.6,0.2,1.8,1.1,15,11.85,100,39,12,450,27,0.8,0.3,0.04,0.25,1,,1,1,6,3,(0),(0),0.9,0.07,0.12,0.8,0.11,(0),140,0.34,190,2.6,,,93.2,,,,,,,,,,,,,,,(0.14),(0.10),(0.06),(0.04),(42),(55),(0),(0),(0),8,169329
06,20,06238,バジル　葉　生,"Basil, leaves, raw",91.5,2.0,0.6,4.0,1.5,21,13.5,240,41,1,420,69,1.5,0.6,0.20,1.91,-,,-,-,-,0.3,(0),(0),3.5,0.08,0.19,0.6,0.11,(0),69,0.29,440,-,11.4,414.8,18,(66),(120),(70),(23),(18),(41),(83),(49),(130),(66),(25),(81),(32),(74),(0.49),(0.36),(0.30),(0.07),(68),(300),(0),(0),(0),7,172232
06,10,06239,パセリ　葉　生,"Parsley, leaves, raw",84.7,4.0,0.7,6.8,2.7,34,23.8,290,61,9,1000,42,7.5,1.0,0.16,1.05,7,,3,4,39,0.9,(0),(0),3.3,0.12,0.24,1.2,0.27,(0),220,0.48,850,4.1,12.8,310,27,180,330,240,72,54,130,230,150,380,200,88,230,95,200,(0.49),(0.11),(0.01),(0.10),(100),(7),(0),(0),(0),7,169997
06,25,06240,はつかだいこん　根　生,"Radish, root, raw",95.3,0.8,0.1,1.2,0.7,13,10.3,21,46,8,220,11,0.3,0.1,0.02,0.05,-,,-,-,-,0.6,(0),(0),0,0.02,0.02,0.1,0.07,(0),53,0.18,1,-,6.5,1.3,14.8,30,42,45,7.8,10,18,29,24,53,37,11,52,20,46,(0.10),(0.05),(0.03),(0.02),(17),(31),(0),(0),(0),8,169276
06,0,06392,はなっこりー　生,"Hanakkori, raw",89.5,3.6,0.5,3.1,1.0,34,24.9,51,79,5,380,22,0.5,0.5,0.06,0.28,Tr,,1,0,3,0.7,-,-,1.3,0.09,0.15,1.0,0.23,-,220,0.50,140,8.5,16.5,2.3,17.1,,,,,,,,,,,,,,,,,,,,,,,,9,170071
06,2,06241,はやとうり　果実　白色種　生,"Chayote, fruit, white variety, raw",94.0,0.6,0.1,1.2,0.4,20,15.9,12,21,Tr,170,10,0.3,0.1,0.03,0.15,-,,-,-,-,0.2,(0),(0),0.2,0.02,0.03,0.3,0.04,(0),44,0.46,9,-,9.2,4.1,7.7,(23),(36),(28),(6.0),(7.2),(13),(26),(22),(48),(16),(4.8),(25),(11),(31),(0.07),(0.04),(0.03),(0.02),(16),(28),(0),(0),(0),8,170402
06,0,06242,はやとうり　果実　白色種　塩漬,"Chayote, fruit, white variety, salted",91.0,0.6,Tr,1.6,4.0,17,11.9,8,14,1400,110,10,0.2,0.1,0.04,0.17,-,,-,-,-,0.3,(0),(0),0.1,0.02,0.04,0.3,0.04,(0),25,0.47,11,-,10.5,4.7,8,(23),(36),(28),(6.0),(7.2),(13),(26),(22),(48),(16),(4.8),(25),(11),(31),,,,,,,,,,6,169344
06,2,06353,はやとうり　果実　緑色種　生,"Chayote, fruit, green variety, raw",94.0,0.6,0.1,1.2,0.4,21,15.9,12,21,Tr,170,10,0.3,0.1,0.03,0.15,-,,-,-,-,0.2,(0),(0),0.2,0.02,0.03,0.3,0.04,(0),44,0.46,9,-,9.2,4.1,7.7,,,,,,,,,,,,,,,,,,,,,,,,8,170402
06,10,06243,ビーツ　根　生,"Beet, root, raw",87.6,1.6,0.1,2.7,1.1,38,30.6,12,23,30,460,18,0.4,0.3,0.09,0.15,-,,-,-,-,0.7,(0),(0),0.1,0.05,0.05,0.3,0.07,(0),110,0.31,0,-,6,0.2,4.9,(48),(68),(58),(18),(19),(37),(46),(38),(83),(47),(19),(56),(21),(42),(0.07),(0.04),(Tr),(0.03),(32),(3),(0),(0),(0),8,169145
06,3,06244,ビーツ　根　ゆで,"Beet, root, boiled",86.9,1.5,0.1,2.9,1.0,42,32.7,15,29,38,420,22,0.4,0.3,0.09,0.17,-,,-,-,-,0.7,(0),(0),0.1,0.04,0.04,0.2,0.05,(0),110,0.31,0,-,6.3,0.2,3.6,(45),(63),(54),(17),(18),(34),(43),(35),(78),(44),(18),(52),(20),(39),(0.07),(0.04),(Tr),(0.03),(32),(3),(0),(0),(0),8,169146
06,15,06245,（ピーマン類）　青ピーマン　果実　生,"Green bell pepper, fruit, raw",93.4,0.9,0.2,2.3,0.4,20,14.65,11,22,1,190,11,0.4,0.2,0.06,0.10,Tr,,0,1,3,0,(0),(0),0.8,0.03,0.03,0.6,0.19,(0),26,0.30,20,1.6,5.5,7.4,80.4,31,51,52,12,18,29,33,28,61,40,11,42,18,37,0.07,0.05,0.01,0.03,34,10,1,-,0,8,170427
06,0,06246,（ピーマン類）　青ピーマン　果実　油いため,"Green bell pepper, fruit, stir-fried",89.0,0.9,4.3,2.4,0.4,54,50.2,11,24,1,200,11,0.7,0.2,0.06,0.10,Tr,,0,0,4,0.6,(0),(0),0.9,0.03,0.03,0.6,0.20,(0),27,0.31,21,1.9,4.8,21.3,177,(30),(51),(51),(11),(17),(29),(32),(27),(59),(37),(11),(41),(18),(36),(3.89),(1.12),(0.32),(0.80),(800),(320),(1),(0),(0),8,170024
06,10,06247,（ピーマン類）　赤ピーマン　果実　生,"Red bell pepper, fruit, raw",91.1,1.0,0.2,1.6,0.5,28,24.8,7,22,Tr,210,10,0.4,0.2,0.03,0.13,-,,-,-,-,0.1,(0),(0),4.3,0.06,0.14,1.2,0.37,(0),68,0.28,7,-,5.6,4.9,127.7,(21),(36),(36),(6.1),(19),(25),(51),(9.1),(60),(40),(12),(31),(17),(36),(0.15),(0.10),(0.04),(0.07),(67),(37),(0),(0),(0),9,170108
06,0,06248,（ピーマン類）　赤ピーマン　果実　油いため,"Red bell pepper, fruit, stir-fried",86.6,1.0,4.3,1.6,0.5,69,61.05,7,24,Tr,220,10,0.7,0.2,0.03,0.14,-,,-,-,-,,(0),(0),4.4,0.06,0.16,1.2,0.39,(0),71,0.29,7,-,6.1,16.4,162.8,(21),(36),(36),(6.1),(19),(25),(51),(9.1),(60),(40),(12),(31),(17),(36),(3.89),(1.12),(0.32),(0.79),(790),(320),(0),(0),(0),8,168550
06,9,06393,（ピーマン類）　オレンジピーマン　果実　生,"Orange bell pepper, fruit, raw",94.2,0.9,0.3,1.8,0.4,19,14.1,5,26,0,230,10,0.3,0.2,0.04,0.10,Tr,,0,0,6,0.1,-,-,3.1,0.04,0.03,1.3,0.32,-,53,0.21,4,2.3,5.6,4.9,127.7,37,37,39,7.6,17,24,25,19,44,44,7.7,34,16,32,0.13,0.08,0.03,0.05,48,33,0,0,0,8,170108
06,0,06394,（ピーマン類）　オレンジピーマン　果実　油いため,"Orange bell pepper, fruit, stir-fried",85.8,1.1,5.1,-,0.4,81,73.8,5,30,Tr,270,11,0.4,0.2,0.05,0.11,0,,0,0,7,,-,-,5.2,0.05,0.04,1.4,0.34,-,57,0.26,11,2.6,6.1,16.4,162.8,(43),(42),(45),(8.7),(19),(28),(29),(22),(50),(50),(8.8),(38),(18),(36),,,,,,,,,,8,168550
06,10,06249,（ピーマン類）　黄ピーマン　果実　生,"Yellow bell pepper, fruit, raw",92.0,0.8,0.2,1.3,0.4,28,23.05,8,21,Tr,200,10,0.3,0.2,0.04,0.15,-,,-,-,-,0.3,(0),(0),2.4,0.04,0.03,1.0,0.26,(0),54,0.25,3,-,,,183.5,(26),(42),(35),(9.6),(15),(25),(25),(17),(42),(30),(10),(34),(16),(38),(0.07),(0.05),(0.01),(0.03),(34),(10),(1),-,(0),9,169383
06,0,06250,（ピーマン類）　黄ピーマン　果実　油いため,"Yellow bell pepper, fruit, stir-fried",87.6,0.8,4.3,1.3,0.4,61,58.95,8,23,Tr,210,10,0.5,0.2,0.04,0.16,-,,-,-,-,,(0),(0),2.5,0.04,0.03,1.0,0.27,(0),56,0.26,3,-,6.1,16.4,162.8,(26),(42),(35),(9.6),(15),(25),(25),(17),(42),(30),(10),(34),(16),(38),(3.89),(1.12),(0.32),(0.80),(800),(320),(1),(0),(0),9,168550
06,15,06251,（ピーマン類）　トマピー　果実　生,"Tomapi, fruit, raw",90.9,1.0,0.2,1.6,0.4,33,25.85,8,29,Tr,210,8,0.4,0.3,0.07,0.12,-,,-,-,-,0.3,(0),(0),4.3,0.05,0.09,1.2,0.56,(0),45,0.33,4,-,7.4,9.5,82.7,(21),(36),(36),(6.1),(19),(25),(51),(9.1),(60),(40),(12),(31),(17),(36),,,,,,,,,,9,169394
06,4,06252,ひのな　根・茎葉　生,"Hinona turnip, root and leaves, raw",92.5,1.0,Tr,3.0,1.3,17,11.2,130,51,10,480,21,0.8,0.2,0.04,0.17,-,,-,-,-,1.2,(0),(0),0.7,0.05,0.13,0.7,0.14,(0),92,0.18,93,-,,251,60,(38),(64),(70),(13),(16),(29),(40),(32),(71),(46),(13),(56),(26),(43),,,,,,,,,,8,170061
06,0,06253,ひのな　根・茎葉　甘酢漬,"Hinona turnip, root and leaves, sweet vinegar pickled",76.4,1.4,0.5,4.7,3.9,70,55,130,40,1100,550,22,0.9,0.3,0.08,0.12,-,,-,-,-,0.7,(0),(0),1.4,0.04,0.08,0.7,0.12,(0),69,0.20,120,-,11.6,0.5,0,(53),(90),(98),(19),(22),(41),(56),(44),(100),(65),(19),(78),(36),(60),,,,,,,,,,6,169889
06,4,06254,ひろしまな　葉　生,"Hiroshimana, leaves, raw",92.7,1.5,0.2,2.4,1.1,19,14.3,200,55,28,550,32,0.8,0.3,0.04,0.54,1,,1,3,15,0.3,(0),(0),1.3,0.06,0.15,0.7,0.10,(0),120,0.47,160,2.2,,,1.4,(48),(81),(82),(18),(18),(36),(49),(39),(88),(57),(16),(68),(31),(74),(0.08),(0.05),(0.05),(0.01),(5),(48),(0),-,(0),8,168491
06,5,06255,ひろしまな　塩漬,"Hiroshimana, salted",92.7,1.2,0.2,2.4,2.5,15,9.4,74,17,840,120,13,0.8,0.3,0.06,0.12,-,,-,-,-,1,(0),(0),0.6,0.02,0.07,0.2,0.04,(0),15,0.07,210,-,,,18.9,(38),(65),(65),(15),(14),(29),(39),(31),(70),(45),(12),(55),(25),(59),(0.18),(0.08),(0.01),(0.07),(65),(13),(0),(0),(0),7,170135
06,40,06256,（ふき類）　ふき　葉柄　生,"Butterbur, leaf stalk, raw",95.8,0.3,0,1.3,0.7,11,7.7,40,18,35,330,6,0.1,0.2,0.05,0.36,Tr,,0,0,2,0.9,0,(0),0.2,Tr,0.02,0.1,0.01,(0),12,0.07,6,0.2,,,31.5,,,,,,,,,,,,,,,,,,,,,,,,7,170385
06,10,06257,（ふき類）　ふき　葉柄　ゆで,"Butterbur, leaf stalk, boiled",97.4,0.3,0,1.1,0.4,7,3.85,34,15,22,230,5,0.1,0.2,0.05,0.37,-,,-,-,-,0.9,(0),(0),0.2,Tr,0.01,0.1,0.08,(0),9,0,5,-,,,18.9,,,,,,,,,,,,,,,,,,,,,,,,7,169334
06,2,06258,（ふき類）　ふきのとう　花序　生,"Butterbur scape, flower bud, raw",85.5,2.5,0.1,6.4,1.9,38,22.2,61,89,4,740,49,1.3,0.8,0.36,0.23,-,,-,-,-,0.9,(0),(0),3.2,0.10,0.17,0.9,0.18,(0),160,0.45,92,-,,,31.5,,,,,,,,,,,,,,,,,,,,,,,,7,170385
06,0,06259,（ふき類）　ふきのとう　花序　ゆで,"Butterbur scape, flower bud, boiled",89.2,2.5,0.1,4.2,1.2,31,19.4,46,54,3,440,33,0.7,0.5,0.20,0.17,-,,-,-,-,0.9,(0),(0),2.4,0.06,0.08,0.5,0.07,(0),83,0.24,69,-,,,31.5,,,,,,,,,,,,,,,,,,,,,,,,7,170385
06,6,06260,ふじまめ　若ざや　生,"Hyacinth bean, young pod, raw",89.2,2.5,0.1,4.4,0.8,32,20.1,43,63,Tr,300,33,0.8,0.4,0.07,0.33,-,,-,-,-,1.5,(0),(0),0.1,0.08,0.10,0.9,0.08,(0),120,0.35,29,-,19.1,18.1,12.9,,,,,,,,,,,,,,,(0.10),(Tr),(Tr),(0),(1),(4),(0),(0),(0),8,169234
06,0,06261,ふだんそう　葉　生,"Swiss chard, leaves, raw",92.2,2.0,0.1,3.3,1.9,17,9.6,75,33,71,1200,74,3.6,0.3,0.06,3.60,-,,-,-,-,0.9,(0),(0),1.7,0.07,0.23,0.4,0.25,(0),120,0.53,180,-,0.4,400,30,,,,,,,,,,,,,,,(0.07),(0.04),(Tr),(0.03),(32),(4),(0),(0),(0),8,170375
06,0,06262,ふだんそう　葉　ゆで,"Swiss chard, leaves, boiled",90.4,2.8,0.1,3.8,1.2,26,16.6,130,34,61,760,79,2.1,0.4,0.06,4.85,-,,-,-,-,0.9,(0),(0),1.7,0.03,0.11,0.1,0.14,(0),92,0.44,220,-,28.7,327.3,18,,,,,,,,,,,,,,,(0.07),(0.04),(Tr),(0.03),(31),(4),(0),(0),(0),8,169343
06,35,06263,ブロッコリー　花序　生,"Broccoli, florets, raw",86.2,5.4,0.6,5.1,1.2,37,29.25,50,110,7,460,29,1.3,0.8,0.10,0.28,0,,2,0,11,2.5,0,0,3.0,0.17,0.23,1.0,0.30,0,220,1.42,210,13.0,18.7,101.6,89.2,170,270,280,76,57,130,180,120,300,190,59,240,130,330,0.24,0.11,0.08,0.03,34,76,0,0,0,8,170379
06,0,06264,ブロッコリー　花序　ゆで,"Broccoli, florets, boiled",89.9,3.9,0.4,4.3,0.6,30,20.2,41,74,5,210,17,0.9,0.4,0.06,0.20,-,,1,0,4,1.6,0,0,2.7,0.06,0.09,0.4,0.14,0,120,0.74,190,7.1,40.1,141.1,64.9,(120),(190),(200),(54),(41),(94),(130),(85),(210),(130),(42),(170),(90),(230),(0.19),(0.08),(0.06),(0.03),(26),(59),(0),(0),(0),9,169967
06,0,06395,ブロッコリー　花序　電子レンジ調理,"Broccoli, florets, microwaved",85.3,5.7,0.7,-,1.3,56,50.4,54,120,8,500,32,1.4,0.9,0.11,0.30,-,,2,Tr,13,3,-,-,3.4,0.18,0.25,1.2,0.41,-,160,1.31,220,14.0,,,93.2,(180),(280),(300),(80),(61),(140),(190),(130),(320),(200),(62),(260),(130),(350),,,,,,,,,,8,169330
06,0,06396,ブロッコリー　花序　焼き,"Broccoli, florets, grilled",78.5,9.9,1.2,-,2.1,83,73.9,90,200,13,820,53,2.3,1.5,0.17,0.50,-,,4,Tr,21,1.3,-,-,6.0,0.27,0.40,1.7,0.67,-,450,1.99,380,23.0,33.6,256,37,(300),(490),(510),(140),(100),(240),(330),(220),(560),(350),(110),(440),(230),(600),,,,,,,,,,8,170382
06,0,06397,ブロッコリー　花序　油いため,"Broccoli, florets, stir-fried",79.2,6.9,6.3,-,1.5,109,99.05,64,140,9,590,37,1.7,1.1,0.11,0.35,0,,3,Tr,15,1.3,-,-,5.8,0.20,0.28,1.3,0.52,-,340,1.47,270,17.0,25.3,84.8,28.2,(210),(340),(360),(97),(73),(170),(230),(160),(390),(250),(75),(310),(160),(420),,,,,,,,,,8,169392
06,0,06354,ブロッコリー　芽ばえ　生,"Broccoli sprouts, raw",94.3,1.9,0.6,1.8,0.5,18,14.9,57,60,4,100,32,0.7,0.4,0.03,0.37,-,,-,-,-,2.5,(0),(0),1.9,0.08,0.11,1.3,0.20,(0),74,0.52,150,-,18.7,101.6,89.2,(58),(92),(97),(26),(20),(46),(63),(42),(110),(67),(20),(84),(44),(110),(0.26),(0.12),(0.08),(0.04),(36),(82),(0),(0),(0),8,170379
06,20,06265,へちま　果実　生,"Sponge gourd, fruit, raw",94.9,0.8,0.1,1.0,0.4,17,13.45,12,25,1,150,12,0.3,0.2,0.06,0.07,-,,-,-,-,0.2,(0),(0),0.3,0.03,0.04,0.2,0.07,(0),92,0.30,12,-,9.2,4.1,7.7,(27),(39),(33),(7.3),(10),(18),(30),(16),(47),(24),(4.0),(33),(16),(41),(0.07),(0.04),(0),(0.04),(44),-,-,-,-,8,170402
06,0,06266,へちま　果実　ゆで,"Sponge gourd, fruit, boiled",94.2,1.6,0.1,1.5,0.4,19,14.15,24,34,1,140,13,0.7,0.2,0.07,0.09,-,,-,-,-,0.2,(0),(0),0.4,0.03,0.06,0.2,0.05,(0),91,0.39,11,-,,1.7,5.7,(54),(77),(67),(15),(20),(35),(61),(32),(93),(48),(7.9),(65),(31),(81),(0.07),(0.04),(0),(0.04),(44),-,-,-,-,8,168415
06,10,06267,ほうれんそう　葉　通年平均　生,"Spinach, leaves, annual average, raw",92.4,2.2,0.4,2.8,1.7,18,12.85,49,47,16,690,69,2.0,0.7,0.11,0.32,3,,3,2,5,1,(0),(0),2.1,0.11,0.20,0.6,0.14,(0),210,0.20,270,2.9,19.3,482.9,28.1,83,140,110,35,29,64,100,80,180,93,41,110,51,140,0.22,0.17,0.12,0.04,34,120,0,-,0,7,168462
06,5,06268,ほうれんそう　葉　通年平均　ゆで,"Spinach, leaves, annual average, boiled",91.5,2.6,0.5,3.6,1.2,23,15.45,69,43,10,490,40,0.9,0.7,0.11,0.33,1,,3,1,4,1.5,(0),(0),2.6,0.05,0.11,0.3,0.08,(0),110,0.13,320,3.2,19.7,493.6,9.8,100,190,150,48,37,85,130,110,240,120,52,140,62,160,(0.28),(0.21),(0.15),(0.04),(43),(150),(0),-,(0),6,168463
06,0,06359,ほうれんそう　葉　通年平均　油いため,"Spinach, leaves, stir-fried",82.0,3.8,8.1,4.6,1.5,91,82.15,88,54,13,530,52,1.2,0.8,0.15,0.20,-,,-,-,-,0.9,(0),(0),4.8,0.08,0.16,0.5,0.09,(0),140,0.20,510,-,,,5.9,(150),(280),(210),(70),(54),(120),(190),(160),(340),(160),(76),(200),(90),(230),(7.25),(2.21),(0.75),(1.43),(1400),(750),(0),(0),(0),8,169400
06,10,06355,ほうれんそう　葉　夏採り　生,"Spinach, leaves, summer harvest, raw",92.4,2.2,0.4,2.8,1.7,18,12.85,49,47,16,690,69,2.0,0.7,0.11,0.32,3,,3,2,5,1,(0),(0),2.1,0.11,0.20,0.6,0.14,(0),210,0.20,270,2.9,19.3,482.9,28.1,(83),(140),(110),(35),(29),(64),(100),(80),(180),(93),(41),(110),(51),(140),,,,,,,,,,7,168462
06,5,06357,ほうれんそう　葉　夏採り　ゆで,"Spinach, leaves, summer harvest, boiled",91.5,2.6,0.5,3.6,1.2,23,15.45,69,43,10,490,40,0.9,0.7,0.11,0.33,1,,3,1,4,1.5,(0),(0),2.6,0.05,0.11,0.3,0.08,(0),110,0.13,320,3.2,19.7,493.6,9.8,(100),(190),(150),(48),(37),(85),(130),(110),(240),(120),(52),(140),(62),(160),,,,,,,,,,7,168463
06,10,06356,ほうれんそう　葉　冬採り　生,"Spinach, leaves, winter harvest, raw",92.4,2.2,0.4,2.8,1.7,18,12.85,49,47,16,690,69,2.0,0.7,0.11,0.32,3,,3,2,5,1,(0),(0),2.1,0.11,0.20,0.6,0.14,(0),210,0.20,270,2.9,19.3,482.9,28.1,(83),(140),(110),(35),(29),(64),(100),(80),(180),(93),(41),(110),(51),(140),,,,,,,,,,7,168462
06,5,06358,ほうれんそう　葉　冬採り　ゆで,"Spinach, leaves, winter harvest, boiled",91.5,2.6,0.5,3.6,1.2,23,15.45,69,43,10,490,40,0.9,0.7,0.11,0.33,1,,3,1,4,5.5,(0),(0),2.6,0.05,0.11,0.3,0.08,(0),110,0.13,320,3.2,24.8,540.7,2.2,(100),(190),(150),(48),(37),(85),(130),(110),(240),(120),(52),(140),(62),(160),,,,,,,,,,7,169288
06,0,06269,ほうれんそう　葉　冷凍,"Spinach, leaves, frozen",92.2,2.9,0.3,3.3,1.0,22,13.75,87,46,120,210,51,1.2,0.5,0.10,0.80,1,,Tr,7,15,6,(0),(0),2,0.06,0.13,0.4,0.10,0,120,0.15,300,2.7,22.1,372,5.5,120,230,180,56,43,99,150,130,280,140,56,160,73,170,0.17,0.12,0.09,0.02,22,90,0,0,0,7,169287
06,0,06372,ほうれんそう　葉　冷凍　ゆで,"Spinach, leaves, frozen, boiled",90.6,3.7,0.5,4.5,0.8,26,17.2,130,42,47,90,55,1.3,0.5,0.14,0.95,1,,Tr,6,4,5.5,(0),(0),3.1,-,0.06,0.2,0.05,0,57,0.03,480,3.2,24.8,540.7,2.2,150,290,220,72,50,120,180,150,330,180,73,200,87,200,0.34,0.25,0.18,0.05,46,180,0,0,2,7,169288
06,0,06373,ほうれんそう　葉　冷凍　油いため,"Spinach, leaves, frozen, stir-fried",84.6,4.0,4.5,4.1,1.4,67,57.15,130,57,160,240,61,1.5,0.6,0.12,0.90,2,,1,7,13,5.5,(0),(0),4.6,-,0.18,0.6,0.12,0,150,0.19,370,3.4,24.8,540.7,2.2,150,300,230,76,56,130,190,160,350,180,74,200,91,220,3.90,1.23,0.48,0.73,730,480,0,0,0,6,170124
06,25,06270,ホースラディシュ　根茎　生,"Horseradish, root, raw",77.3,3.1,0.3,8.2,1.6,69,46.65,110,58,1,510,65,1.0,2.3,0.19,0.40,0,,0,Tr,1,,(0),(0),0,0.10,0.10,0.5,0.23,(0),99,0.32,0,5.5,,,41.9,(110),(140),(150),(34),(39),(73),(97),(76),(170),(130),(30),(170),(68),(140),(0.24),(0.15),(0.02),(0.12),(120),(23),(0),(0),(0),3,168583
06,15,06271,まこも　茎　生,"Manchurian wild rice, stem, raw",93.5,1.3,0.2,2.3,0.6,19,13.6,2,42,3,240,8,0.2,0.2,0.02,0.25,-,,-,-,-,0.8,(0),(0),Tr,0.04,0.03,0.5,0.08,(0),43,0.25,2,-,10.2,0.5,0,(32),(56),(56),(14),(15),(30),(36),(67),(100),(41),(11),(49),(23),(46),0.10,0.04,Tr,0.03,31,5,0,0,0,7,168897
06,0,06272,みずかけな　葉　生,"Mizukakena, leaves, raw",91.1,2.9,0.1,2.8,1.1,25,18,110,64,7,400,23,1.0,0.3,0.07,0.17,-,,-,-,-,0.9,(0),(0),0.9,0.11,0.23,1.1,0.17,(0),240,0.55,200,-,12.8,108.6,52,(130),(220),(180),(36),(24),(60),(160),(100),(260),(140),(63),(180),(72),(190),(0.05),(0.04),(0.03),(Tr),(4),(28),(0),-,(0),8,168487
06,0,06273,みずかけな　塩漬,"Mizukakena, salted",85.6,4.9,Tr,4.0,3.6,34,23.8,110,67,1000,440,26,1.0,0.5,0.08,0.29,-,,-,-,-,73.4,(0),(0),1.3,0.12,0.34,1.5,0.24,(0),180,0.54,200,-,101.6,7.8,0,(210),(370),(300),(61),(40),(100),(280),(170),(450),(230),(110),(310),(120),(330),,,,,,,,,,4,168149
06,15,06072,みずな　葉　生,"Mizuna, leaves, raw",91.4,2.2,0.1,3.0,1.3,23,15.55,210,64,36,480,31,2.1,0.5,0.07,0.41,7,,2,3,20,0.9,(0),(0),1.8,0.08,0.15,0.7,0.18,(0),140,0.50,120,3.1,0.5,257.5,70,(96),(170),(140),(27),(18),(45),(120),(77),(200),(100),(48),(140),(55),(150),,,,,,,,,,8,169256
06,0,06073,みずな　葉　ゆで,"Mizuna, leaves, boiled",91.8,2.0,0.1,3.6,1.1,21,12.75,200,64,28,370,25,2.0,0.2,0.05,0.31,-,,-,-,-,3,(0),(0),1.3,0.04,0.08,0.4,0.10,(0),90,0.29,120,-,,,93.2,(87),(150),(120),(25),(16),(41),(110),(70),(180),(95),(44),(120),(50),(130),,,,,,,,,,9,169329
06,10,06074,みずな　塩漬,"Mizuna, salted",88.2,2.0,0.1,3.5,3.4,26,17.65,200,60,900,450,30,1.3,0.3,0.06,0.25,-,,-,-,-,0.9,(0),(0),1.1,0.07,0.15,0.5,0.19,(0),130,0.39,130,-,21.5,115.6,0,(87),(150),(120),(25),(16),(41),(110),(70),(180),(95),(44),(120),(50),(130),,,,,,,,,,6,169891
06,0,06274,（みつば類）　切りみつば　葉　生,"Mitsuba, cut, leaves, raw",93.8,1.0,0.1,2.5,1.1,16,9.6,25,50,8,640,17,0.3,0.1,0.07,0.14,3,,1,Tr,3,0.7,(0),(0),0.7,0.03,0.09,0.4,0.04,(0),44,0.29,63,1.9,7.3,0.3,22,(40),(60),(53),(9.0),(8.2),(17),(37),(30),(67),(41),(14),(60),(24),(34),,,,,,,,,,8,168451
06,0,06275,（みつば類）　切りみつば　葉　ゆで,"Mitsuba, cut, leaves, boiled",95.2,0.9,0.1,2.7,0.5,12,6.1,24,31,4,290,13,0.2,0.1,0.05,0.15,-,,-,-,-,0.9,(0),(0),0.9,0.02,0.04,0.2,0.01,(0),14,0.15,77,-,,,31.5,(36),(54),(48),(8.1),(7.4),(15),(33),(27),(60),(37),(13),(54),(22),(30),,,,,,,,,,8,170385
06,35,06276,（みつば類）　根みつば　葉　生,"Mitsuba, root, leaves, raw",92.7,1.9,0.1,2.9,1.2,19,11.7,52,64,5,500,21,1.8,0.2,0.07,0.42,-,,-,-,-,0.7,(0),(0),1.1,0.05,0.13,1.0,0.06,(0),66,0.33,120,-,11.7,1.6,3,(76),(110),(100),(17),(16),(33),(71),(57),(130),(78),(27),(110),(46),(64),,,,,,,,,,8,169974
06,0,06277,（みつば類）　根みつば　葉　ゆで,"Mitsuba, root, leaves, boiled",92.9,2.3,0.1,3.3,0.8,19,11,64,54,4,270,18,1.2,0.2,0.07,0.35,-,,-,-,-,0.7,(0),(0),1.4,0.03,0.05,0.4,0.04,(0),43,0.27,150,-,11.7,1.6,3,(92),(140),(120),(21),(19),(40),(86),(69),(150),(94),(33),(140),(56),(78),,,,,,,,,,8,169974
06,8,06278,（みつば類）　糸みつば　葉　生,"Mitsuba, ito, leaves, raw",94.6,0.9,0.1,2.3,1.2,12,7.15,47,47,3,500,21,0.9,0.1,0.02,0.42,-,,-,-,-,0.7,(0),(0),0.9,0.04,0.14,0.7,0.06,(0),64,0.30,220,-,,,28,(36),(54),(48),(8.1),(7.4),(15),(33),(27),(60),(37),(13),(54),(22),(30),,,,,,,,,,8,169270
06,0,06279,（みつば類）　糸みつば　葉　ゆで,"Mitsuba, ito, leaves, boiled",93.7,1.1,0,3.0,0.9,14,8.4,56,39,3,360,18,0.6,0.1,0.02,0.48,-,,-,-,-,0.9,(0),(0),1.3,0.02,0.08,0.4,0.03,(0),23,0.22,250,-,,,35.5,(44),(66),(59),(9.9),(9.0),(19),(41),(33),(74),(45),(16),(65),(27),(37),,,,,,,,,,8,170544
06,10,06360,みぶな　葉　生,"Mibuna, leaves, raw",93.9,1.1,0.3,1.8,1.3,14,12,110,34,32,490,30,0.5,0.2,0.03,0.22,-,,-,-,-,3,(0),(0),0.9,0.04,0.07,0.7,0.11,(0),110,0.12,160,-,,,93.2,(46),(81),(66),(13),(8.7),(22),(60),(37),(97),(50),(23),(66),(26),(71),(0.13),(0.10),(0.08),(0.01),(11),(77),(0),-,(0),8,169329
06,3,06280,（みょうが類）　みょうが　花穂　生,"Myoga, flower bud, raw",95.6,0.9,0.1,2.1,0.8,11,5.75,25,12,1,210,30,0.5,0.4,0.05,1.17,1,,1,0,8,0.7,(0),(0),0.1,0.05,0.05,0.4,0.07,(0),25,0.20,20,1.1,,,28,(28),(42),(22),(9.8),(11),(20),(28),(28),(56),(41),(13),(40),(18),(55),,,,,,,,,,7,169270
06,0,06281,（みょうが類）　みょうがたけ　茎葉　生,"Myoga shoot, stem and leaves, raw",97.1,0.4,0.1,1.1,0.8,6,4,11,18,Tr,350,7,0.3,0.3,0.03,1.44,-,,-,-,-,0.8,(0),(0),0.1,0.02,0.02,0.1,0.02,(0),13,0.07,8,-,0,0,4,(13),(19),(9.6),(4.3),(4.7),(9.0),(13),(12),(25),(18),(5.8),(18),(7.8),(24),,,,,,,,,,7,169210
06,25,06282,むかご　肉芽　生,"Yam bulbils, raw",75.1,2.9,0.2,4.2,1.2,87,69.25,5,64,3,570,19,0.6,0.4,0.15,0.05,-,,-,-,-,0.7,(0),(0),0.4,0.11,0.02,0.3,0.07,(0),20,0.60,(0),-,16.5,2.3,17.1,(71),(110),(86),(30),(28),(58),(88),(46),(130),(78),(30),(100),(50),(250),0.11,0.06,0.01,0.05,50,13,0,0,0,7,170071
06,0,06283,めキャベツ　結球葉　生,"Brussels sprouts, raw",83.2,5.7,0.1,5.5,1.1,52,36.2,37,73,5,610,25,1.0,0.6,0.07,0.29,-,,-,-,-,1.6,(0),(0),0.6,0.19,0.23,0.9,0.27,(0),240,0.76,150,-,19.1,177,85,(140),(220),(200),(42),(53),(95),(120),(86),(200),(150),(54),(210),(83),(380),(0.08),(0.05),(0.03),(0.02),(15),(33),(0),(0),(Tr),8,170383
06,0,06284,めキャベツ　結球葉　ゆで,"Brussels sprouts, boiled",83.8,5.3,0.1,5.2,1.0,51,35.5,36,75,5,480,22,1.0,0.5,0.07,0.25,-,,-,-,-,1.5,(0),(0),0.5,0.13,0.16,0.6,0.22,(0),220,0.65,160,-,40.6,140.3,62,(130),(200),(180),(38),(48),(86),(110),(78),(180),(140),(49),(200),(77),(350),(0.08),(0.05),(0.03),(0.02),(15),(33),(0),(0),(Tr),8,169971
06,0,06285,めたで　芽ばえ　生,"Redshank, sprouts, raw",87.0,3.0,0.5,6.3,0.7,39,23.5,49,110,9,140,70,2.3,0.9,0.09,7.66,-,,-,-,-,0.6,(0),(0),4.8,0.15,0.21,1.1,0.27,(0),77,0.29,360,-,,,28.9,,,,,,,,,,,,,,,,,,,,,,,,7,170095
06,0,06286,（もやし類）　アルファルファもやし　生,"Alfalfa sprouts, raw",96.0,1.6,0.1,1.4,0.3,11,8.55,14,37,7,43,13,0.5,0.4,0.09,0.10,1,,1,0,16,0.6,(0),(0),1.9,0.07,0.09,0.2,0.10,(0),56,0.46,47,4.4,14.4,30.5,8.2,,,,,,,,,,,,,,,(0.08),(0.06),(0.03),(0.03),(34),(25),(0),(0),(0),7,168384
06,7,06287,（もやし類）　だいずもやし　生,"Soybean sprouts, raw",92.0,3.6,1.4,2.3,0.5,29,25.2,25,54,3,160,23,0.5,0.3,0.11,0.28,1,,5,0,57,0.6,(0),(0),0.3,0.08,0.06,0.4,0.08,Tr,44,0.24,71,4.9,,,15.3,150,210,150,37,42,79,180,97,270,140,47,180,100,200,1.13,0.76,0.13,0.63,630,130,0,-,0,8,169284
06,0,06288,（もやし類）　だいずもやし　ゆで,"Soybean sprouts, boiled",93.0,2.9,1.6,2.2,0.3,27,23.75,24,43,1,50,19,0.4,0.3,0.08,0.35,-,,-,-,-,0.6,(0),(0),0.6,0.04,0.04,0.1,0.04,(0),39,0.19,49,-,41.2,70.6,8.3,(110),(170),(120),(29),(33),(63),(140),(75),(220),(100),(38),(140),(80),(160),(1.25),(0.83),(0.14),(0.68),(680),(140),(0),-,(0),8,168460
06,1,06412,（もやし類）　だいずもやし　油いため,"Soybean sprouts, stir-fried",86.9,3.8,4.5,-,0.5,62,66.6,25,55,4,170,23,0.4,0.3,0.12,0.28,1,,4,-,56,0.6,-,-,0.5,0.09,0.07,0.5,0.08,Tr,37,0.22,79,5,,,12,(150),(220),(160),(39),(45),(84),(190),(100),(290),(150),(50),(190),(110),(210),(2.24),(1.58),(0.36),(1.22),(1200),(360),(0),-,(0),7,168461
06,0,06289,（もやし類）　ブラックマッペもやし　生,"Black gram sprouts, raw",94.7,2.2,Tr,1.5,0.3,17,12.25,16,32,8,65,12,0.4,0.3,0.07,0.09,1,,1,Tr,37,0.6,0,0,Tr,0.04,0.06,0.5,0.06,0,42,0.43,7,2.7,14.4,33,13.2,83,94,63,19,10,30,100,49,150,64,23,110,60,92,,,,,,,,,,8,169957
06,0,06290,（もやし類）　ブラックマッペもやし　ゆで,"Black gram sprouts, boiled",95.8,1.3,Tr,1.6,0.2,13,8.4,24,17,2,12,10,0.4,0.3,0.05,0.09,-,,-,-,-,0.6,(0),(0),0.1,0.02,0.02,0.1,0.03,(0),36,0.20,6,-,9.9,22.7,11.4,(47),(54),(37),(11),(6.0),(17),(60),(28),(88),(35),(13),(64),(35),(53),,,,,,,,,,8,169137
06,0,06398,（もやし類）　ブラックマッペもやし　油いため,"Black gram sprouts, stir-fried",90.6,2.3,0.9,-,0.3,41,36.35,18,34,9,71,13,0.4,0.3,0.07,0.10,2,,1,0,38,0.6,-,-,1.1,0.04,0.06,0.5,0.05,-,53,0.50,14,2.6,,,16,(87),(98),(66),(20),(11),(31),(110),(52),(160),(67),(24),(120),(63),(97),,,,,,,,,,7,169138
06,2,06291,（もやし類）　りょくとうもやし　生,"Mung bean sprouts, raw",95.4,1.8,0.1,1.3,0.2,15,11.35,9,27,3,79,8,0.2,0.2,0.08,0.06,2,,Tr,Tr,44,0.6,(0),(0),0.1,0.04,0.05,0.3,0.05,Tr,36,0.2,2,1.7,14.4,33,13.2,70,77,86,13,7.1,21,92,41,130,49,18,94,55,130,(0.09),(0.04),(0.01),(0.03),(29),(11),(0),(0),(0),8,169957
06,0,06292,（もやし類）　りょくとうもやし　ゆで,"Mung bean sprouts, boiled",95.9,1.6,0,1.5,0.2,12,8.4,11,24,2,24,7,0.3,0.2,0.06,0.06,-,,-,-,-,0.6,(0),(0),0.1,0.03,0.04,0.2,0.02,(0),33,0.14,3,-,9.9,22.7,11.4,(60),(67),(75),(12),(6.2),(18),(80),(34),(110),(40),(16),(80),(47),(110),,,,,,,,,,8,169137
06,1,06413,（もやし類）　りょくとうもやし　油いため,"Mung bean sprouts, stir-fried",91,2,2.8,-,0.3,40,44.45,10,29,3,89,9,0.2,0.2,0.08,0.07,-,,Tr,-,47,0.6,-,-,1,0.05,0.05,0.3,0.04,Tr,57,0.17,8,1.8,,,16,(77),(85),(95),(15),(7.8),(23),(100),(45),(150),(54),(20),(100),(60),(140),(0.98),(0.73),(0.21),(0.52),(520),(210),(0),(0),(0),7,169138
06,0,06293,モロヘイヤ　茎葉　生,"Molokhia, leaves and stems, raw",86.1,4.8,0.5,5.9,2.1,36,23.15,260,110,1,530,46,1.0,0.6,0.33,1.32,4,,1,2,15,0.9,(0),(0),6.5,0.18,0.42,1.1,0.35,(0),250,1.83,640,14.0,,302.2,11,(230),(400),(230),(67),(41),(110),(220),(150),(370),(170),(31),(260),(110),(260),(0.35),(0.24),(Tr),(0.23),(230),(4),-,-,-,9,169303
06,0,06294,モロヘイヤ　茎葉　ゆで,"Molokhia, leaves and stems, boiled",91.3,3.0,0.4,3.5,1.2,24,16,170,53,Tr,160,26,0.6,0.4,0.20,1.02,-,,-,-,-,0.9,(0),(0),3.4,0.06,0.13,0.4,0.08,(0),67,0.70,450,-,,,5.9,(140),(250),(140),(42),(26),(68),(140),(95),(230),(110),(19),(160),(71),(160),(0.28),(0.19),(Tr),(0.19),(190),(4),(0),(0),(0),8,169400
06,0,06401,やぶまめ　生,"Wild soybean, raw",45.8,15.5,6.5,9.8,2.8,219,178.1,44,240,3,1100,110,4.6,0.9,0.19,0.60,0,,0,0,280,0.6,-,-,-,-,-,-,-,-,-,-,-,-,,,15.3,,,,,,,,,,,,,,,,,,,,,,,,6,169284
06,0,06295,やまごぼう　みそ漬,"Japanese knotweed, miso pickled",72.8,4.1,0.1,7.0,7.4,66,45.3,23,49,2800,200,24,1.3,0.3,0.13,0.28,-,,-,-,-,1,(0),(0),0.6,0.02,0.10,0.4,0.03,(0),14,0.02,1,-,23.5,125.9,0.7,,,,,,,,,,,,,,,,,,,,,,,,5,169890
06,10,06296,ゆりね　りん茎　生,"Lily bulb, raw",66.5,3.8,0.1,5.4,1.3,119,94.3,10,71,1,740,25,1.0,0.7,0.16,0.96,1,,1,2,1,0.7,(0),(0),0.5,0.08,0.07,0.7,0.12,(0),77,0,0,1.6,,,44,(69),(130),(140),(38),(42),(79),(97),(77),(170),(88),(41),(110),(52),(630),,,,,,,,,,5,169250
06,0,06297,ゆりね　りん茎　ゆで,"Lily bulb, boiled",66.5,3.4,0.1,6.0,1.3,117,92.2,10,65,1,690,24,0.9,0.7,0.14,0.75,-,,-,-,-,0.9,(0),(0),0.5,0.07,0.07,0.6,0.12,(0),92,0,Tr,-,14.3,2,2.6,(62),(120),(130),(34),(37),(71),(87),(69),(160),(79),(37),(100),(47),(560),,,,,,,,,,7,170384
06,0,06298,ようさい　茎葉　生,"Water spinach, leaves and stems, raw",93.0,2.2,0.1,3.1,1.4,17,9.25,74,44,26,380,28,1.5,0.5,0.20,1.07,-,,-,-,-,0.8,(0),(0),2.2,0.10,0.20,1.0,0.11,(0),120,0.40,250,-,,,102,(72),(120),(120),(27),(27),(54),(72),(60),(130),(90),(23),(100),(46),(110),,,,,,,,,,8,170474
06,0,06299,ようさい　茎葉　ゆで,"Water spinach, leaves and stems, boiled",92.4,2.2,0.1,3.4,1.0,18,11.7,90,40,16,270,20,1.0,0.3,0.15,0.77,-,,-,-,-,0.9,(0),(0),0.6,0.06,0.10,0.6,0.05,(0),55,0.30,260,-,,,5.9,(72),(120),(120),(27),(27),(54),(72),(60),(130),(90),(23),(100),(46),(110),,,,,,,,,,8,169400
06,0,06300,よめな　葉　生,"Aster, leaves, raw",84.6,3.4,0.2,7.8,1.8,40,21.3,110,89,2,800,42,3.7,0.7,0.24,0.78,-,,-,-,-,0.9,(0),(0),4.1,0.23,0.32,3.2,0.10,(0),170,0.50,440,-,12.8,108.6,52,(140),(260),(190),(53),(30),(83),(180),(110),(290),(150),(59),(190),(71),(170),,,,,,,,,,8,168487
06,0,06301,よもぎ　葉　生,"Mugwort, leaves, raw",83.6,5.2,0.3,7.8,2.2,43,23.9,180,100,10,890,29,4.3,0.6,0.29,0.84,-,,-,-,-,0.9,(0),(0),3.2,0.19,0.34,2.4,0.08,(0),190,0.55,340,-,,,2.2,(220),(390),(290),(81),(46),(130),(280),(170),(450),(230),(91),(290),(110),(270),,,,,,,,,,6,169399
06,0,06302,よもぎ　葉　ゆで,"Mugwort, leaves, boiled",85.9,4.8,0.1,7.8,1.0,37,19.05,140,88,3,250,24,3.0,0.4,0.28,0.75,-,,-,-,-,0.9,(0),(0),3.4,0.08,0.09,0.5,0.04,(0),51,0.13,380,-,14.3,2,2.6,(200),(360),(270),(75),(43),(120),(260),(160),(420),(220),(84),(270),(100),(250),,,,,,,,,,8,170384
06,35,06303,らっかせい　未熟豆　生,"Peanut, immature seeds, raw",50.1,12.0,24.2,4.0,1.3,306,277.1,15,200,1,450,100,0.9,1.2,0.50,0.75,0,,1,0,58,1.5,(0),(0),7.2,0.54,0.09,10.0,0.21,(0),150,1.40,0,44.0,45.8,24,39,(450),(860),(470),(140),(180),(320),(710),(510),(1200),(370),(130),(560),(330),(1500),(22.84),(7.00),(0.04),(6.96),(7000),(43),(0),(0),(0),4,170025
06,40,06304,らっかせい　未熟豆　ゆで,"Peanut, immature seeds, boiled",51.3,11.9,23.5,4.2,1.0,298,269.75,24,170,2,290,86,0.9,1.1,0.36,0.50,-,,-,-,-,1.5,(0),(0),6.8,0.30,0.13,8.2,0.19,(0),150,0.91,0,-,45.8,24,39,(440),(860),(470),(140),(180),(320),(700),(500),(1200),(370),(130),(560),(330),(1500),(22.18),(6.80),(0.04),(6.76),(6800),(42),(0),(0),(0),4,170025
06,15,06305,（らっきょう類）　らっきょう　りん茎　生,"Rakkyo (Japanese scallion), bulb, raw",68.3,1.4,0.2,20.7,0.8,83,36.7,14,35,2,230,14,0.5,0.5,0.06,0.45,1,,1,0,14,1.2,(0),(0),0.8,0.07,0.05,2.1,0.12,(0),29,0.56,1,0.9,11.3,0.8,8,29,47,74,13,12,25,43,27,70,30,16,37,26,150,(0.14),(0.08),(Tr),(0.07),(74),(4),(0),(0),(0),1,170499
06,0,06306,（らっきょう類）　らっきょう　甘酢漬,"Rakkyo (Japanese scallion), sweet vinegar pickled",67.5,0.4,0.3,2.9,1.9,117,98.45,11,7,750,9,1,1.8,0.1,0.06,0.08,4,,Tr,3,3,1,(0),-,0.2,Tr,Tr,0.1,0.02,0,Tr,0.03,1,0.4,23.5,125.9,0.7,(8.7),(14),(23),(4.0),(3.7),(7.7),(13),(8.1),(21),(8.7),(5.0),(11),(7.9),(46),(0.21),(0.12),(0.01),(0.11),(110),(6),(0),(0),(0),1,169890
06,40,06307,（らっきょう類）　エシャレット　りん茎　生,"Eshalot (young rakkyo), bulb, raw",79.1,2.3,0.2,11.4,0.6,59,32.15,20,47,2,290,14,0.8,0.5,0.06,0.37,-,,-,-,-,1.2,(0),(0),0.4,0.03,0.05,0.8,0.11,(0),55,0.33,6,-,11.3,0.8,8,(47),(76),(120),(21),(20),(41),(70),(43),(110),(46),(27),(59),(42),(240),(0.14),(0.08),(Tr),(0.07),(74),(4),(0),(0),(0),1,170499
06,35,06308,リーキ　りん茎葉　生,"Leek, raw",90.8,1.6,0.1,2.5,0.6,30,21.85,31,27,2,230,11,0.7,0.3,0.03,0.25,-,,-,-,-,1,(0),(0),0.3,0.06,0.08,0.4,0.24,(0),76,0.17,9,-,9.5,47,12,(56),(94),(88),(19),(24),(43),(53),(38),(91),(61),(13),(74),(23),(70),(0.07),(0.06),(0.03),(0.02),(22),(33),(0),(0),(0),1,169246
06,0,06309,リーキ　りん茎葉　ゆで,"Leek, boiled",91.3,1.3,0.1,2.6,0.5,28,20.1,26,26,2,180,9,0.6,0.3,0.04,0.20,-,,-,-,-,0.5,(0),(0),0.3,0.05,0.07,0.3,0.20,(0),68,0.14,8,-,,25.4,4.2,(46),(77),(72),(15),(20),(35),(43),(31),(74),(50),(11),(60),(19),(57),(0.07),(0.06),(0.03),(0.02),(23),(33),-,-,-,1,168426
06,2,06319,ルッコラ　葉　生,"Arugula, raw",92.7,1.9,0.4,2.6,1.5,17,13.2,170,40,14,480,46,1.6,0.8,0.07,0.69,-,,-,-,-,0.3,(0),(0),1.4,0.06,0.17,0.5,0.11,(0),170,0.55,210,-,15.3,108.6,15,,,,,,,,,,,,,,,0.13,0.07,0.05,0.01,15,54,0,0,0,8,169387
06,10,06310,ルバーブ　葉柄　生,"Rhubarb, stalk, raw",92.1,0.7,0.1,2.5,0.9,23,16.25,74,37,1,400,19,0.2,0.1,0.02,0.05,-,,-,-,-,1.1,(0),(0),0.2,0.04,0.05,0.2,0.02,(0),31,0.10,7,-,6.1,29.3,8,,,,,,,,,,,,,,,(0.10),(0.05),(0),(0.05),(50),(0),(0),(0),(0),1,167758
06,0,06311,ルバーブ　葉柄　ゆで,"Rhubarb, stalk, boiled",94.1,0.5,0.1,2.9,0.6,14,8.9,64,20,1,200,14,0.2,0.1,0.02,0.05,-,,-,-,-,1.1,(0),(0),0.2,0.01,0.03,0.1,0.01,(0),22,0.10,9,-,6.1,29.3,8,,,,,,,,,,,,,,,(0.10),(0.05),(0),(0.05),(50),(0),(0),(0),(0),4,167758
06,2,06312,（レタス類）　レタス　土耕栽培　結球葉　生,"Lettuce, head, soil-grown, raw",95.9,0.6,0.1,1.1,0.5,11,9.25,19,22,2,200,8,0.3,0.2,0.04,0.13,1,,0,0,Tr,0.1,(0),(0),0.3,0.05,0.03,0.2,0.05,(0),73,0.20,29,1.2,6.7,24.1,2.8,24,37,32,8.0,5.2,13,23,18,41,30,7.4,29,12,30,0.04,0.03,0.01,0.01,12,14,0,-,0,9,169248
06,2,06361,（レタス類）　レタス　水耕栽培　結球葉　生,"Lettuce, head, hydroponic, raw",95.3,0.8,0.2,1.1,0.6,13,11.5,34,30,2,260,10,0.3,0.1,0.01,0.38,-,,-,-,-,0.1,(0),(0),0.3,0.03,0.03,0.3,0.05,(0),44,0.06,58,-,6.7,24.1,2.8,(30),(48),(42),(10),(6.7),(17),(30),(23),(53),(36),(9.6),(37),(15),(38),(0.07),(0.05),(0.03),(0.02),(23),(26),(0),-,(0),8,169248
06,10,06313,（レタス類）　サラダな　葉　生,"Salad greens, raw",94.9,1.0,0.2,1.8,1.0,10,9.05,56,49,6,410,14,2.4,0.2,0.04,-,-,,-,-,-,0.4,(0),(0),1.4,0.06,0.13,0.3,0.06,(0),71,0.25,110,-,9.9,102.5,4,44,74,56,17,9.7,26,47,32,80,50,17,53,21,55,0.08,0.06,0.05,0.02,16,48,0,-,Tr,9,169247
06,6,06314,（レタス類）　リーフレタス　葉　生,"Leaf lettuce, raw",94.0,1.4,0.1,1.9,1.0,16,11.35,58,41,6,490,15,1.0,0.5,0.06,0.34,7,,Tr,3,5,0.6,(0),(0),1.3,0.10,0.10,0.4,0.10,(0),110,0.24,160,2.9,13.6,126.3,9.2,(86),(81),(86),(16),(16),(33),(57),(33),(90),(61),(9.3),(72),(23),(73),(0.07),(0.05),(0.04),(0.02),(16),(39),(0),(0),(0),9,169249
06,6,06315,（レタス類）　サニーレタス　葉　生,"Red leaf lettuce, raw",94.1,1.2,0.2,2.0,1.1,15,10.8,66,31,4,410,15,1.8,0.4,0.05,0.43,-,,-,-,-,1.5,(0),(0),1.2,0.10,0.10,0.3,0.08,(0),120,0.14,160,-,11.8,140.3,3.7,(34),(63),(41),(14),(8.1),(23),(60),(26),(87),(43),(20),(43),(17),(37),(0.14),(0.10),(0.07),(0.03),(31),(74),(0),(0),(0),9,168431
06,0,06362,（レタス類）　サンチュ　葉　生,"Sanchu (Korean lettuce), raw",94.5,1.2,0.4,2.0,1.0,14,10.75,62,39,3,470,19,0.5,0.2,0.01,0.69,-,,-,-,-,0.9,(0),(0),0.7,0.06,0.10,0.4,0.08,(0),91,0.08,220,-,,,19.5,(53),(92),(69),(20),(12),(32),(59),(39),(97),(57),(21),(65),(26),(67),(0.17),(0.13),(0.10),(0.03),(33),(100),(0),-,(Tr),8,169990
06,9,06316,（レタス類）　コスレタス　葉　生,"Romaine lettuce, raw",94.5,1.2,0.2,1.9,0.6,16,11.5,29,39,16,250,12,0.5,0.3,0.03,0.23,-,,-,-,-,0.4,(0),(0),0.7,0.06,0.06,0.3,0.05,(0),120,0.23,54,-,9.9,102.5,4,(44),(74),(62),(15),(5.9),(20),(63),(24),(88),(42),(9.8),(54),(20),(53),0.05,0.03,0.02,0.01,14,21,0,0,0,9,169247
06,20,06317,れんこん　根茎　生,"Lotus root, raw",81.5,1.9,0.1,2.0,1.0,66,54.75,20,74,24,440,16,0.5,0.3,0.09,0.78,9,,1,0,1,0.7,(0),(0),0.6,0.10,0.01,0.4,0.09,0,14,0.89,0,2.9,,,44,33,51,50,18,24,42,48,34,82,50,17,45,32,120,0.04,0.02,Tr,0.02,18,3,0,-,0,8,169250
06,0,06318,れんこん　根茎　ゆで,"Lotus root, boiled",81.9,1.3,0.1,2.3,0.6,66,53.7,20,78,15,240,13,0.4,0.3,0.05,0.80,-,,-,-,-,0.6,(0),(0),0.6,0.06,0,0.2,0.07,0,8,0.49,0,-,25.4,0.1,27.4,(22),(34),(34),(12),(16),(28),(33),(22),(55),(32),(11),(30),(21),(80),(0.04),(0.02),(Tr),(0.02),(18),(3),(0),-,(0),8,168430
06,0,06371,れんこん　甘酢れんこん,"Lotus root, sweet vinegar pickled",80.8,0.6,0.2,2.3,1.5,66,54.9,6,26,550,14,1,0.1,Tr,0.07,Tr,*,,0,1,1,0.6,(0),(0),0.8,0,0,0,0,0,1,0,0,0.1,25.4,,27.4,23,42,39,12,19,31,39,24,63,31,13,31,21,26,,,,,,,,,,6,168536
06,4,06320,わけぎ　葉　生,"Welsh onion (wakegi), raw",90.3,1.6,0,2.8,0.7,30,21.7,59,25,1,230,23,0.4,0.2,0.04,0.23,-,,-,-,-,0.6,(0),(0),1.4,0.06,0.10,0.3,0.18,(0),120,0.21,170,-,5.3,193.4,27,(59),(100),(92),(23),(19),(41),(66),(51),(120),(61),(24),(71),(30),(71),,,,,,,,,,1,170007
06,0,06321,わけぎ　葉　ゆで,"Welsh onion (wakegi), boiled",90.4,1.9,0,3.1,0.8,29,19.95,51,25,1,190,23,0.4,0.2,0.04,0.28,-,,-,-,-,0.6,(0),(0),1.5,0.05,0.08,0.3,0.13,(0),110,0.20,120,-,5.3,193.4,27,(70),(120),(110),(27),(22),(49),(78),(60),(140),(73),(28),(85),(36),(85),,,,,,,,,,2,170007
06,30,06322,わさび　根茎　生,"Wasabi, root, raw",74.2,5.6,0.2,4.4,1.5,89,70.65,100,79,24,500,46,0.8,0.7,0.03,0.14,1,,9,1,2,,(0),(0),1.4,0.06,0.15,0.6,0.32,(0),50,0.20,49,3.5,,,41.9,,,,,,,,,,,,,,,,,,,,,,,,3,168583
06,0,06323,わさび　わさび漬,"Wasabi, sake lees pickled",61.4,7.1,0.5,2.7,3.0,140,117.65,40,72,1000,140,16,0.9,1.1,0.15,0.38,-,,-,-,-,,(0),(0),0.1,0.08,0.17,0.6,0.38,(0),45,0.25,9,-,,,41.9,,,,,,,,,,,,,,,,,,,,,,,,3,168583
06,6,06324,わらび　生わらび　生,"Bracken fern, raw",92.7,2.4,0.1,3.6,0.8,19,10.65,12,47,Tr,370,25,0.7,0.6,0.13,0.14,-,,-,-,-,,(0),(0),1.6,0.02,1.09,0.8,0.05,(0),130,0.45,17,-,,,26.6,80,140,110,32,21,53,130,65,200,94,30,110,46,110,,,,,,,,,,3,169405
06,0,06325,わらび　生わらび　ゆで,"Bracken fern, boiled",95.2,1.5,0.1,3.0,0.2,13,6.1,11,24,Tr,10,10,0.6,0.5,0.06,0.08,-,,-,-,-,0.9,(0),(0),1.3,Tr,0.05,0.4,0,(0),33,0,15,-,,,30,(48),(89),(69),(20),(13),(33),(82),(39),(120),(55),(19),(68),(28),(65),,,,,,,,,,3,168553
06,0,06326,わらび　干しわらび　乾,"Bracken fern, dried",10.4,20.0,0.7,58.0,7.5,216,87.85,200,480,6,3200,330,11.0,6.2,1.20,1.63,-,,-,-,-,43.4,(0),(0),4.6,0.12,0.46,5.1,0.06,(0),140,2.70,180,-,,,0,(640),(1200),(920),(260),(170),(430),(1100),(520),(1600),(730),(250),(910),(380),(870),,,,,,,,,,4,168581
06,0,06382,（その他）　ミックスベジタブル　冷凍,"Mixed vegetables, frozen",80.5,3.0,0.7,5.9,0.6,67,49,19,71,22,220,21,0.7,0.5,0.08,0.20,0,,1,1,24,0.4,0,0,0.3,0.14,0.07,1.5,0.09,Tr,50,0.35,10,3.4,,,10.4,,,,,,,,,,,,,,,,,,,,,,,,8,170471
06,0,06383,（その他）　ミックスベジタブル　冷凍　ゆで,"Mixed vegetables, frozen, boiled",80.9,3.1,0.8,6.5,0.5,65,46.35,19,67,16,180,20,0.7,0.5,0.07,0.20,0,,1,Tr,19,0.4,0,0,0.3,0.12,0.05,1.3,0.07,0,44,0.30,10,3.1,,,10.4,,,,,,,,,,,,,,,,,,,,,,,,8,170471
06,0,06384,（その他）　ミックスベジタブル　冷凍　油いため,"Mixed vegetables, frozen, stir-fried",75.5,3.3,4.9,5.9,0.7,108,87.15,20,74,22,230,22,0.7,0.6,0.08,0.21,0,,1,1,24,0.4,0,0,1.0,0.14,0.07,1.5,0.09,0,53,0.38,16,3.7,,,10.4,,,,,,,,,,,,,,,,,,,,,,,,8,170471
06,0,06399,（その他）　野菜ミックスジュース　通常タイプ,"Vegetable juice, regular",93.9,0.8,0.1,0.9,0.5,21,16.95,10,19,17,230,9,0.2,0.1,0.05,0.07,0,,0,1,3,0.2,-,-,1.0,0.03,0.02,0.8,0.07,-,11,0.14,3,3.1,8.1,6.1,54.3,,,,,,,,,,,,,,,,,,,,,,,,6,170063
06,0,06400,（その他）　野菜ミックスジュース　濃縮タイプ,"Vegetable juice, concentrated",90.0,1.0,0.3,1.0,0.8,36,30.2,43,30,39,310,18,0.3,0.1,0.05,0.12,3,,0,1,2,0.2,-,-,1.2,0.05,0.04,1.2,0.12,-,26,0.30,4,3.9,8.1,6.1,54.3,,,,,,,,,,,,,,,,,,,,,,,,6,170063
07,0,07001,あけび　果肉　生,"Akebi, pulp, raw",77.1,0.5,0.1,1.1,0.3,89,75.75,11,22,Tr,95,14,0.3,0.1,0.09,0.15,-,,-,-,-,0.6,(0),(0),0.2,0.07,0.03,0.3,0.08,0,30,0.29,-,-,7.6,2.6,7.5,,,,,,,,,,,,,,,,,,,,,,,,7,169941
07,0,07002,あけび　果皮　生,"Akebi, rind, raw",90.4,0.3,0.3,3.1,0.4,32,22.85,18,13,2,240,9,0.1,0.1,0.05,0.17,-,,-,-,-,0.6,(0),(0),0.6,0.03,0.06,0.1,0.09,0,16,0.47,-,-,7.6,2.6,7.5,,,,,,,,,,,,,,,,,,,,,,,,6,169941
07,0,07181,アサイー　冷凍　無糖,"Acai, frozen, unsweetened",87.7,0.9,5.3,4.7,0.4,62,51.7,45,19,11,150,20,0.5,0.3,0.19,5.91,1,,6,60,3,,-,-,3.7,0.03,0.06,0.6,0.11,Tr,13,0.10,91,14.0,,,17.6,,,,,,,,,,,,,,,,,,,,,,,,7,168209
07,25,07003,アセロラ　酸味種　生,"Acerola, sour type, raw",89.9,0.7,0.1,1.9,0.3,36,28.15,11,18,7,130,10,0.5,0.5,0.31,-,-,,-,-,-,0.6,0,(0),0.7,0.03,0.04,0.3,0,0,45,0.25,-,-,,,1677.6,,,,,,,,,,,,,,,0.02,0.01,Tr,0.01,12,2,0,0,0,8,171686
07,25,07159,アセロラ　甘味種　生,"Acerola, sweet type, raw",89.9,0.7,0.1,1.9,0.3,36,28.15,11,18,7,130,10,0.5,0.5,0.31,-,-,,-,-,-,0.6,0,(0),0.7,0.03,0.04,0.3,0,0,45,0.25,-,-,,,1677.6,,,,,,,,,,,,,,,,,,,,,,,,7,171686
07,0,07004,アセロラ　果実飲料　10%果汁入り飲料,"Acerola beverage, 10% juice",89.4,0.1,0,0.2,Tr,42,36.4,1,2,1,13,1,0.1,0.1,0.04,-,-,,-,-,-,0,0,(0),0.1,Tr,Tr,Tr,0,0,5,0.03,0,-,,0,15,,,,,,,,,,,,,,,,,,,,,,,,5,169044
07,35,07005,アテモヤ　生,"Atemoya, raw",77.7,1.8,0.4,3.3,0.7,81,66.05,26,24,4,340,29,0.3,0.2,0.09,0.20,-,,-,-,-,,(0),(0),0.2,0.08,0.12,0.9,0.28,0,23,0.23,-,-,,,12.6,(48),(72),(48),(24),(11),(36),(48),(36),(84),(60),(36),(72),(24),(36),(0.28),(0.11),(0.09),(0.02),(16),(94),(0),(0),(0),7,173953
07,30,07006,アボカド　生,"Avocado, raw",71.3,2.1,17.5,5.6,1.2,176,164.15,8,52,7,590,34,0.6,0.7,0.24,0.19,0,,1,0,2,0.4,(0),(0),3.3,0.09,0.20,1.8,0.29,(0),83,1.55,21,5.3,14.2,21,8.8,83,140,120,38,38,76,85,63,150,91,29,110,52,91,14.84,1.85,0.12,1.72,1700,120,-,-,0,4,171706
07,5,07007,あんず　生,"Apricot, raw",89.8,1.0,0.3,1.6,0.4,37,30.2,9,15,2,200,8,0.3,0.1,0.04,0.21,0,,0,0,1,0.1,(0),(0),1.7,0.02,0.02,Tr,0.05,(0),2,0.30,-,0.5,2.8,3.3,10,(29),(55),(69),(4.3),(2.1),(6.4),(37),(21),(58),(34),(11),(34),(19),(32),(0.21),(0.06),(0),(0.06),(59),(0),(0),(0),(0),8,171697
07,0,07008,あんず　乾,"Apricot, dried",16.8,9.2,0.4,9.8,3.2,296,247.7,70,120,15,1300,45,2.3,0.9,0.43,0.32,-,,-,-,-,2.2,(0),(0),1.4,0,0.03,3.5,0.18,(0),10,0.53,(4),-,13.9,3.1,1,(210),(320),(280),(83),(75),(160),(190),(150),(340),(230),(88),(260),(140),(200),(0.13),(0.06),(0),(0.06),(58),(0),(0),(0),(0),7,173941
07,0,07009,あんず　缶詰,"Apricot, canned",79.8,0.5,0.4,0.8,0.4,79,68.5,18,14,4,190,7,0.2,0.1,0.03,0.03,-,,-,-,-,0.1,(0),(0),0.9,0.01,0.01,0.1,0.04,(0),2,0,(3),-,2.8,3.3,3.1,(15),(29),(35),(2.8),(1.9),(4.7),(21),(11),(32),(18),(8.5),(18),(8.5),(20),(0.27),(0.08),(0),(0.08),(76),(0),(0),(0),(0),7,167768
07,0,07010,あんず　ジャム　高糖度,"Apricot jam, high sugar",34.5,0.3,0.1,0.7,0.2,252,226.6,8,6,10,75,4,0.2,0.1,0.02,0.02,-,,-,-,-,2,(0),(0),0.4,0.01,Tr,0.2,0.02,(0),1,0,(6),-,0.4,0,8.8,(9.1),(18),(21),(1.7),(1.1),(2.8),(12),(6.8),(19),(11),(5.1),(11),(5.1),(12),(0.07),(0.02),(0),(0.02),(19),(0),(0),(0),(0),5,170645
07,0,07011,あんず　ジャム　低糖度,"Apricot jam, low sugar",48.8,0.4,0.1,1.2,0.2,202,174.8,11,7,18,80,4,0.3,0.1,0.03,0.03,-,,-,-,-,0.4,(0),(0),0.5,0.01,0.01,0.2,0.02,(0),2,0,(5),-,4.2,1.6,15,(12),(23),(28),(2.3),(1.5),(3.8),(17),(9.1),(26),(14),(6.8),(14),(6.8),(16),(0.07),(0.02),(0),(0.02),(19),(0),(0),(0),(0),6,167706
07,2,07012,いちご　生,"Strawberry, raw",90.0,0.9,0.1,1.4,0.5,31,28.85,17,31,Tr,170,13,0.3,0.2,0.05,0.20,1,,Tr,0,9,0.4,(0),(0),0.4,0.03,0.02,0.4,0.04,(0),90,0.33,(2),0.8,5.7,2.2,58.8,25,42,34,12,16,27,24,14,38,29,8.3,32,15,34,0.07,0.05,0.02,0.03,29,22,-,-,0,8,167762
07,0,07013,いちご　ジャム　高糖度,"Strawberry jam, high sugar",36.0,0.4,0.1,1.3,0.2,250,219.25,9,13,6,67,7,0.2,0.1,0.03,0.14,0,,0,1,2,0.4,(0),(0),0.1,0.01,0.01,0.2,0.02,(0),23,0.08,(4),0.4,4.2,1.6,15,(11),(19),(15),(5.1),(6.9),(12),(11),(5.8),(17),(12),(3.7),(14),(6.7),(15),(0.07),(0.05),(0.02),(0.03),(29),(22),-,-,(0),6,167706
07,0,07014,いちご　ジャム　低糖度,"Strawberry jam, low sugar",50.7,0.5,0.1,1.1,0.3,194,168.15,12,14,12,79,8,0.4,0.1,0.03,0.22,-,,-,-,-,0.4,(0),(0),0.2,0.01,0.01,0.2,0.03,(0),27,0.06,(3),-,4.2,1.6,15,(14),(23),(18),(6.4),(8.6),(15),(13),(7.3),(21),(15),(4.6),(17),(8.4),(19),(0.07),(0.05),(0.02),(0.03),(29),(22),-,-,(0),5,167706
07,0,07160,いちご　乾,"Strawberry, dried",15.4,0.5,0.2,3.0,1.0,329,283.1,140,9,260,15,5,0.4,0.1,0.07,0.22,(5),,(3),(0),(76),0.7,(0),(0),0.7,0,0,0.1,0.01,(0),4,0.02,(21),(7.0),4.6,1.7,41.4,(14),(23),(18),(6.4),(8.6),(15),(13),(7.3),(21),(15),(4.6),(17),(8.4),(19),(0.17),(0.12),(0.05),(0.07),(70),(53),-,-,(0),7,168174
07,15,07015,いちじく　生,"Fig, raw",84.6,0.6,0.1,1.9,0.4,57,46.35,26,16,2,170,14,0.3,0.2,0.06,0.08,0,,0,Tr,4,0.2,(0),(0),0.4,0.03,0.03,0.2,0.07,(0),22,0.23,(3),0.4,4.7,4.7,2,17,26,23,5.1,9.1,14,14,7.3,21,19,5.4,23,8.8,14,(0.09),(0.05),(0),(0.05),(48),(0),(0),(0),(0),1,173021
07,0,07016,いちじく　乾,"Fig, dried",18.0,3.0,1.1,10.7,2.5,272,246.3,190,75,93,840,67,1.7,0.6,0.31,0.48,-,,-,-,-,0.6,(0),(0),0.6,0.10,0.06,0.7,0.23,(0),10,0.36,(18),-,15.8,15.6,1.2,(84),(130),(120),(25),(45),(71),(69),(35),(100),(87),(27),(110),(44),(69),(0.76),(0.41),(0),(0.41),(410),(0),(0),(0),(0),1,174665
07,0,07017,いちじく　缶詰,"Fig, canned",79.7,0.5,0.1,1.2,0.3,78,66.3,30,13,8,110,8,0.1,0.1,0.03,0.07,-,,-,-,-,0.1,0,(0),0.2,0.02,0.02,0.1,0.05,(0),10,0,(5),-,3.3,3.3,1,(14),(21),(19),(4.2),(7.5),(12),(11),(5.8),(17),(14),(4.4),(19),(7.2),(11),(0.09),(0.05),(0),(0.05),(48),(0),(0),(0),(0),1,173022
07,15,07019,うめ　生,"Japanese plum (ume), raw",90.4,0.7,0.5,2.5,0.5,33,25.6,12,14,2,240,8,0.6,0.1,0.05,0.07,0,,0,Tr,1,0,(0),(0),3.3,0.03,0.05,0.4,0.06,(0),8,0.35,(3),0.5,1.9,6.4,9.5,14,21,21,4.1,4.2,8.3,12,9.6,22,15,4.4,18,11,11,(0.35),(0.08),(0),(0.08),(79),(0),(0),(0),(0),4,169949
07,15,07020,うめ　梅漬　塩漬,"Japanese plum (ume), pickled, salted",72.3,0.7,0.4,2.7,19.9,27,19.85,47,15,7600,150,32,2.9,0.1,0.11,0.21,-,,-,-,-,0.6,0,(0),1.4,0.02,0.04,0.3,0.06,(0),1,0.20,(9),-,11.9,3.7,0,(14),(21),(20),(4.1),(4.2),(8.2),(12),(9.2),(21),(14),(4.3),(18),(11),(11),(0.28),(0.06),(0),(0.06),(63),(0),(0),(0),(0),5,169892
07,20,07021,うめ　梅漬　調味漬,"Japanese plum (ume), pickled, seasoned",80.2,1.5,0.5,3.4,7.3,45,34.35,87,17,2700,100,26,1.2,0.1,0.07,0.07,-,,-,-,-,0.4,(0),(0),0.2,0.03,0.03,0.1,0.02,(0),2,0.07,(6),-,,,0.5,,,,,,,,,,,,,,,(0.35),(0.08),(0),(0.08),(79),(0),(0),(0),(0),4,172879
07,25,07022,うめ　梅干し　塩漬,"Umeboshi, salted",72.2,0.9,0.7,3.3,17.6,29,27.65,33,21,7200,220,17,1.1,0.1,0.07,0.11,1,,0,37,2,0.6,0,0,0.2,0.02,0.01,0.4,0.04,0,Tr,0.03,9,0.8,11.9,3.7,0,(17),(26),(25),(5.1),(5.2),(10),(15),(11),(27),(17),(5.4),(22),(14),(14),(0.49),(0.11),(0),(0.11),(110),(0),(0),(0),(0),4,169892
07,25,07023,うめ　梅干し　調味漬,"Umeboshi, seasoned",68.7,1.5,0.6,2.5,8.1,90,75.45,25,15,3000,130,15,2.4,0.1,0.05,0.10,-,,-,-,-,0.6,(0),(0),0.2,0.01,0.01,0.1,0.03,(0),0,0.04,(10),-,11.9,3.7,0,,,,,,,,,,,,,,,(0.42),(0.09),(0),(0.09),(94),(0),(0),(0),(0),4,169892
07,0,07024,うめ　梅びしお,Umeboshi paste,42.4,0.7,0.5,1.3,8.3,196,170.5,27,19,3100,190,11,7.0,Tr,0.05,0.10,-,,-,-,-,0.4,(0),(0),0.1,0.03,0.03,0.2,0.02,(0),0,0,(18),-,,,0.5,,,,,,,,,,,,,,,(0.35),(0.08),(0),(0.08),(79),(0),(0),(0),(0),4,172879
07,0,07025,うめ　果実飲料　20%果汁入り飲料,"Ume juice drink, 20% juice",87.6,Tr,Tr,0.1,0.1,49,42.7,1,2,35,30,2,0.2,Tr,0.01,0.01,-,,-,-,-,0,0,(0),0.1,0,0,0,0.01,(0),0,0,-,-,0,0,0,,,,,,,,,,,,,,,,,,,,,,,,5,174179
07,25,07037,オリーブ　塩漬　グリーンオリーブ,"Olives, green, pickled",75.6,1.0,15.0,3.3,3.9,148,135.2,79,8,1400,47,13,0.3,0.2,0.17,0.04,-,,-,-,-,0.9,(0),(0),5.5,0.01,0.02,Tr,0.03,(0),3,0,(2),-,14.2,1.4,0,(37),(60),(38),(14),(0),(14),(35),(27),(62),(31),(0),(45),(27),(80),(13.97),(0.82),(0.12),(0.69),(690),(120),-,-,(0),7,169096
07,25,07038,オリーブ　塩漬　ブラックオリーブ,"Olives, black, pickled",81.6,0.8,12.3,2.5,1.9,121,110.5,68,5,640,10,11,0.8,0.2,0.17,0.08,-,,-,-,-,0.9,0,(0),4.6,0.05,0.06,0.3,0.02,(0),2,0,(1),-,14.2,1.4,0,(30),(48),(30),(11),(0),(11),(28),(22),(50),(25),(0),(36),(22),(64),11.46,0.67,0.10,0.57,570,100,-,-,0,6,169096
07,0,07039,オリーブ　塩漬　スタッフドオリーブ,"Olives, stuffed, pickled",75.4,0.8,14.3,3.7,5.3,141,126.1,83,5,2000,28,13,0.3,0.1,0.14,0.03,-,,-,-,-,0.9,(0),(0),5.3,0.01,0.01,Tr,0.02,(0),1,0,(2),-,14.2,1.4,0,(30),(48),(30),(11),(0),(11),(28),(22),(50),(25),(0),(36),(22),(64),,,,,,,,,,6,169096
07,9,07049,かき　甘がき　生,"Persimmon, sweet, raw",83.1,0.4,0.2,1.6,0.4,63,53.15,9,14,1,170,6,0.2,0.1,0.03,0.50,0,,0,1,1,0.6,(0),(0),0.1,0.03,0.02,0.3,0.06,(0),18,0.28,(2),2.0,7.6,2.6,7.5,17,26,23,5.8,9.9,16,17,7.6,24,20,6.8,19,8.4,17,0.09,0.03,0.02,Tr,4,22,-,-,0,7,169941
07,15,07050,かき　渋抜きがき　生,"Persimmon, astringency removed, raw",82.2,0.5,0.1,2.8,0.3,59,51.95,7,16,1,200,6,0.1,Tr,0.02,0.60,0,,0,0,Tr,0.6,(0),(0),0.2,0.02,0.02,0.3,0.05,(0),20,0.27,(2),1.1,7.6,2.6,7.5,(21),(32),(28),(7.2),(12),(19),(21),(9.1),(30),(23),(8.4),(23),(10),(20),(0.04),(0.01),(0.01),(Tr),(2),(11),-,-,(0),7,169941
07,8,07051,かき　干しがき,"Persimmon, dried",24.0,1.5,1.7,14.0,1.5,274,220.25,27,62,4,670,26,0.6,0.2,0.08,1.48,-,,-,-,-,,(0),(0),0.4,0.02,0,0.6,0.13,(0),35,0.85,(10),-,,,0,(62),(95),(85),(22),(37),(58),(62),(27),(89),(69),(25),(70),(31),(61),(0.74),(0.22),(0.19),(0.04),(38),(190),-,-,(0),7,169942
07,30,07053,かりん　生,"Quince, raw",80.7,0.4,0.1,8.9,0.5,58,35.15,12,17,2,270,12,0.3,0.2,0.09,0.05,-,,-,-,-,0.6,(0),(0),0.6,0.01,0.03,0.3,0.04,(0),12,0.31,-,-,,,15,,,,,,,,,,,,,,,,,,,,,,,,7,168163
07,40,07018,（かんきつ類）　いよかん　砂じょう　生,"Iyo orange, segments, raw",86.7,0.9,0.1,1.1,0.5,50,41.45,17,18,2,190,14,0.2,0.1,0.04,0.07,-,,-,-,-,0.5,(0),(0),0.1,0.06,0.03,0.3,0.07,(0),19,0.36,(0),-,8.4,0,53.2,(16),(28),(31),(5.5),(10),(16),(16),(9.9),(26),(17),(4.8),(22),(11),(59),,,,,,,,,,7,169097
07,20,07026,（かんきつ類）　うんしゅうみかん　じょうのう　早生　生,"Satsuma mandarin, early, segments, raw",87.2,0.5,0.1,0.7,0.3,49,41.8,17,12,1,130,11,0.1,0.1,0.05,0.08,0,,0,0,0,0.1,(0),(0),0.4,0.07,0.04,0.2,0.07,(0),24,0.21,(0),0.3,10.2,0,26.7,(10),(18),(19),(4.2),(6.5),(11),(10),(6.0),(16),(11),(2.9),(14),(7.1),(37),(0.04),(0.01),(Tr),(0.01),(8),(5),-,-,(0),8,169105
07,20,07027,（かんきつ類）　うんしゅうみかん　じょうのう　普通　生,"Satsuma mandarin, regular, segments, raw",86.9,0.7,0.1,1.0,0.3,49,41.8,21,15,1,150,11,0.2,0.1,0.03,0.07,0,,0,0,Tr,0.1,(0),(0),0.4,0.10,0.03,0.3,0.06,(0),22,0.23,(0),0.5,10.2,0,26.7,15,25,27,5.9,9.2,15,15,8.8,24,17,4.1,20,10,52,0.04,0.01,Tr,0.01,8,5,-,-,0,8,169105
07,25,07028,（かんきつ類）　うんしゅうみかん　砂じょう　早生　生,"Satsuma mandarin, early, pulp, raw",87.8,0.5,0.1,0.4,0.3,47,40.75,11,12,1,130,10,0.1,0.1,0.04,0.06,-,,-,-,-,0.1,(0),(0),0.4,0.07,0.03,0.2,0.07,(0),24,0.15,(0),-,10.2,0,26.7,(10),(18),(19),(4.2),(6.5),(11),(10),(6.0),(16),(11),(2.9),(14),(7.1),(37),(0.04),(0.01),(Tr),(0.01),(8),(5),-,-,(0),8,169105
07,25,07029,（かんきつ類）　うんしゅうみかん　砂じょう　普通　生,"Satsuma mandarin, regular, pulp, raw",87.4,0.7,0.1,0.4,0.3,49,42.15,15,15,1,150,10,0.1,0.1,0.03,0.05,Tr,,0,0,Tr,0.1,(0),(0),0.4,0.09,0.03,0.3,0.05,(0),22,0.23,(0),0.4,10.2,0,26.7,(14),(25),(27),(5.9),(9.1),(15),(15),(8.5),(23),(15),(4.0),(19),(9.9),(51),(0.04),(0.01),(Tr),(0.01),(8),(5),-,-,(0),8,169105
07,0,07030,（かんきつ類）　うんしゅうみかん　果実飲料　ストレートジュース,"Satsuma mandarin juice, not from concentrate",88.5,0.5,0.1,0,0.3,45,39.7,8,11,1,130,8,0.2,Tr,0.02,0.03,1,,Tr,1,Tr,0.1,(0),(0),0.2,0.06,0.01,0.2,0.03,(0),15,0.14,(0),0.3,6.2,0,31,6.0,10,11,2.9,4.8,7.8,7.1,6.0,13,8.0,1.9,8.5,4.2,42,(0.04),(0.01),(Tr),(0.01),(8),(5),-,-,(0),5,169925
07,0,07031,（かんきつ類）　うんしゅうみかん　果実飲料　濃縮還元ジュース,"Satsuma mandarin juice, from concentrate",89.3,0.5,0.1,0,0.2,42,37.25,6,9,1,110,9,0.1,Tr,0.02,0.03,-,,-,-,-,0.1,(0),(0),0.2,0.06,0.04,0.2,0.04,(0),20,0.26,-,-,6.2,0,33.6,6.4,11,12,3.4,4.5,7.9,7.6,6.4,14,8.5,2.2,9.0,4.5,44,(0.04),(0.01),(Tr),(0.01),(8),(5),-,-,(0),7,169100
07,0,07032,（かんきつ類）　うんしゅうみかん　果実飲料　果粒入りジュース,"Satsuma mandarin juice, with pulp",86.7,0.2,Tr,Tr,0.1,53,46.2,5,4,4,33,3,0.1,Tr,0.01,0.03,-,,-,-,-,0.1,(0),(0),0.1,0.02,0.01,0.1,0.01,(0),0,0.08,-,-,6.2,0,31,(2.3),(4.3),(4.7),(1.3),(1.8),(3.1),(3.0),(2.4),(5.5),(3.1),(0.9),(3.5),(1.8),(17),(Tr),(Tr),(0),(0),(1),(Tr),-,-,(0),7,169925
07,0,07033,（かんきつ類）　うんしゅうみかん　果実飲料　50%果汁入り飲料,"Satsuma mandarin drink, 50% juice",84.9,0.2,Tr,0.1,0.2,59,51.8,4,5,1,63,4,0.1,Tr,0.01,0.01,-,,-,-,-,0.1,(0),(0),0.1,0.03,0.01,0.1,0.02,(0),8,0.10,-,-,0.5,0.1,20,(2.3),(4.3),(4.7),(1.3),(1.8),(3.1),(3.0),(2.4),(5.5),(3.1),(0.9),(3.5),(1.8),(17),(0.01),(Tr),(Tr),(Tr),(2),(1),-,-,(0),6,173223
07,0,07034,（かんきつ類）　うんしゅうみかん　果実飲料　20%果汁入り飲料,"Satsuma mandarin drink, 20% juice",87.4,0.1,Tr,0,0.1,50,43.75,2,2,1,21,2,0.1,Tr,0.01,Tr,-,,-,-,-,0,(0),(0),0.1,0.01,0.01,Tr,0.01,(0),2,0,-,-,0.7,0.5,39.5,(1.2),(2.2),(2.4),(0.7),(0.9),(1.6),(1.5),(1.2),(2.7),(1.6),(0.4),(1.7),(0.9),(8.6),(0.01),(Tr),(Tr),(Tr),(2),(1),-,-,(0),6,174140
07,0,07035,（かんきつ類）　うんしゅうみかん　缶詰　果肉,"Satsuma mandarin, canned, fruit",83.8,0.5,0.1,0.5,0.3,63,54.4,8,8,4,75,7,0.4,0.1,0.02,0.03,-,,-,-,-,0.4,(0),(0),0.5,0.05,0.02,0.2,0.03,(0),12,0.09,(0),-,6.9,0,19.8,,,,,,,,,,,,,,,(0.04),(0.01),(Tr),(0.01),(8),(5),-,-,(0),7,169924
07,0,07036,（かんきつ類）　うんしゅうみかん　缶詰　液汁,"Satsuma mandarin, canned, syrup",84.1,0.3,0.1,0,0.2,63,55.45,5,7,4,75,6,0.3,0.1,0.01,0.02,-,,-,-,-,0.4,0,(0),0,0.04,0.02,0.2,0.03,(0),12,0.05,(0),-,6.9,0,19.8,,,,,,,,,,,,,,,(0.04),(0.01),(Tr),(0.01),(8),(5),-,-,(0),6,169924
07,35,07040,（かんきつ類）　オレンジ　ネーブル　砂じょう　生,"Orange, navel, segments, raw",86.8,0.9,0.1,1.0,0.4,48,41.8,24,22,1,180,9,0.2,0.1,0.06,0.06,0,,0,0,0,0.5,(0),(0),0.3,0.07,0.04,0.3,0.06,(0),34,0.28,(0),0.6,8.4,0,53.2,17,28,32,5.5,11,16,17,10,27,19,4.8,23,11,60,(0.05),(0.02),(0.01),(0.02),(15),(6),-,-,-,7,169097
07,40,07041,（かんきつ類）　オレンジ　バレンシア　米国産　砂じょう　生,"Orange, Valencia, US, segments, raw",88.7,1.0,0.1,0.8,0.4,42,35.85,21,24,1,140,11,0.3,0.2,0.06,0.05,0,,0,0,1,,(0),(0),0.3,0.10,0.03,0.4,0.07,(0),32,0.36,(0),0.9,,,48.5,(27),(25),(51),(21),(11),(32),(33),(17),(50),(16),(9.6),(42),(19),(70),(0.05),(0.02),(0.01),(0.01),(15),(5),-,-,-,7,169916
07,0,07042,（かんきつ類）　オレンジ　バレンシア　果実飲料　ストレートジュース,"Orange juice, Valencia, not from concentrate",87.8,0.8,Tr,0.3,0.4,45,40.25,9,20,1,180,10,0.1,Tr,0.04,0.02,0,,0,3,1,0.1,(0),(0),0.2,0.07,0.01,0.2,0.06,(0),25,0.14,-,0.7,6.2,0,33.6,10,17,21,3.9,5.4,9.3,14,8.9,23,13,3.2,15,8.2,130,,,,,,,,,,6,169100
07,0,07043,（かんきつ類）　オレンジ　バレンシア　果実飲料　濃縮還元ジュース,"Orange juice, Valencia, from concentrate",88.1,0.7,0.1,0.2,0.4,46,40.05,9,18,1,190,10,0.1,0.1,0.03,0.03,1,,0,Tr,Tr,0.1,(0),(0),0.3,0.07,0.02,0.3,0.06,(0),27,0.23,-,0.3,6.2,0,33.6,(8.0),(13),(9.0),(3.0),(5.0),(8.0),(9.0),(4.0),(13),(8.0),(2.0),(11),(3.0),(47),(0.07),(0.03),(0.01),(0.02),(20),(7),(0),(0),(0),6,169100
07,0,07044,（かんきつ類）　オレンジ　バレンシア　果実飲料　50%果汁入り飲料,"Orange drink, Valencia, 50% juice",88.4,0.4,0.2,0.1,0.2,46,40.55,5,10,2,99,6,0.1,Tr,0.02,0.02,-,,-,-,-,0.1,(0),(0),0.1,0.04,0.01,0.1,0.03,0,12,0.01,(0),-,0.5,0.1,20,(4.6),(7.4),(5.1),(1.7),(2.9),(4.6),(5.1),(2.3),(7.4),(4.6),(1.1),(6.3),(1.7),(27),(0.10),(0.04),(0.01),(0.03),(29),(11),(0),(0),(0),6,173223
07,0,07045,（かんきつ類）　オレンジ　バレンシア　果実飲料　30%果汁入り飲料,"Orange drink, Valencia, 30% juice",89.7,0.2,Tr,Tr,0.1,41,35.7,3,6,6,57,3,Tr,Tr,0.01,0.01,-,,-,-,-,0.1,(0),(0),0.1,0.02,0.01,0.1,0.02,(0),8,0.04,(0),-,0.5,0.1,20,(2.3),(3.7),(2.6),(0.9),(1.4),(2.3),(2.6),(1.1),(3.7),(2.3),(0.6),(3.1),(0.9),(13),,,,,,,,,,4,173223
07,0,07046,（かんきつ類）　オレンジ　バレンシア　マーマレード　高糖度,"Orange marmalade, high sugar",36.4,0.2,0.1,0.7,0.1,233,220.3,16,4,11,27,3,0.1,Tr,0.01,0.02,-,,-,-,-,0.6,(0),(0),0.3,0.01,0,0.1,0.02,(0),2,0,(0),-,3,0,4.8,(5.3),(4.7),(10),(4.0),(2.0),(6.0),(6.7),(3.3),(10),(3.3),(2.0),(8.7),(4.0),(14),,,,,,,,,,4,168819
07,0,07047,（かんきつ類）　オレンジ　バレンシア　マーマレード　低糖度,"Orange marmalade, low sugar",51.7,0.3,0.1,1.3,0.2,190,164.3,19,5,9,49,5,0.2,Tr,0.01,0.03,-,,-,-,-,0.4,(0),(0),0.4,0.01,0,0.1,0.02,(0),3,0,(0),-,4.2,1.6,15,(8.0),(7.0),(15),(6.0),(3.0),(9.0),(10),(5.0),(15),(5.0),(3.0),(13),(6.0),(21),,,,,,,,,,4,167706
07,50,07161,（かんきつ類）　オレンジ　福原オレンジ　砂じょう　生,"Orange, Fukuhara, segments, raw",88.7,1.0,0.1,0.8,0.4,43,35.85,21,24,1,140,11,0.3,0.2,0.06,0.05,0,,0,0,1,0.5,(0),(0),0.3,0.10,0.03,0.4,0.07,(0),32,0.36,-,0.9,8.4,0,53.2,,,,,,,,,,,,,,,,,,,,,,,,8,169097
07,45,07048,（かんきつ類）　オロブランコ　砂じょう　生,"Oroblanco, segments, raw",88.7,0.8,0.1,0.9,0.3,43,35.85,12,19,1,150,9,0.2,0.1,0.05,0.02,-,,-,-,-,,(0),(0),0.3,0.09,0.02,0.3,0.04,0,34,0.47,-,-,,,33.3,(10),(17),(21),(4.0),(8.5),(13),(11),(6.7),(17),(14),(3.7),(14),(9.1),(83),,,,,,,,,,6,174677
07,0,07052,（かんきつ類）　かぼす　果汁　生,"Kabosu juice, raw",90.7,0.4,0.1,0.1,0.3,36,31.65,7,8,1,140,8,0.1,Tr,0.03,0.04,-,,-,-,-,0.1,(0),(0),0.1,0.02,0.02,0.1,0.03,(0),13,0.15,-,-,5.1,0,38.7,,,,,,,,,,,,,,,,,,,,,,,,5,167747
07,55,07162,（かんきつ類）　かわちばんかん　砂じょう　生,"Kawachi bankan, segments, raw",90.0,0.7,0.2,0.6,0.3,38,32.85,10,21,1,160,10,0.1,0.1,0.03,0.02,-,,-,-,-,0.6,(0),(0),0.2,0.06,0.02,0.3,0.05,(0),13,0.13,(0),-,7.6,2.6,7.5,(8.7),(15),(18),(3.4),(7.2),(11),(9.2),(5.7),(15),(12),(3.1),(12),(7.8),(70),,,,,,,,,,8,169941
07,40,07163,（かんきつ類）　きよみ　砂じょう　生,"Kiyomi orange, segments, raw",88.4,0.8,0.2,0.6,0.3,45,38.45,11,21,1,170,11,0.1,0.1,0.04,0.05,(0),,(0),(1),(0),0.1,(0),(0),0.3,0.10,0.02,0.3,0.08,(0),24,0.27,(0),(0.3),14,0,48.8,(14),(24),(27),(4.8),(9.0),(14),(14),(8.6),(23),(15),(4.1),(19),(9.7),(51),,,,,,,,,,8,168195
07,6,07056,（かんきつ類）　きんかん　全果　生,"Kumquat, whole, raw",80.8,0.5,0.7,4.6,0.5,67,52.85,80,12,2,180,19,0.3,0.1,0.03,0.11,-,,-,-,-,0,(0),(0),2.6,0.10,0.06,0.6,0.06,(0),20,0.29,(0),-,8.4,0,43.9,,,,,,,,,,,,,,,0.32,0.18,0.07,0.10,100,72,-,-,0,3,168154
07,30,07062,（かんきつ類）　グレープフルーツ　白肉種　砂じょう　生,"Grapefruit, white, segments, raw",89.0,0.9,0.1,0.6,0.4,40,35.5,15,17,1,140,9,Tr,0.1,0.04,0.01,0,,0,0,1,,(0),(0),0.3,0.07,0.03,0.3,0.04,(0),15,0.39,(0),0.5,,,33.3,12,19,24,4.6,9.7,14,12,7.8,20,17,4.2,17,10,95,(0.05),(0.02),(0.01),(0.02),(19),(5),(0),(0),(0),4,174677
07,30,07164,（かんきつ類）　グレープフルーツ　紅肉種　砂じょう　生,"Grapefruit, pink, segments, raw",89.0,0.9,0.1,0.6,0.4,40,35.5,15,17,1,140,9,Tr,0.1,0.04,0.01,0,,0,0,1,,(0),(0),0.3,0.07,0.03,0.3,0.04,(0),15,0.39,(0),0.5,,,38,(9.4),(18),(22),(8.2),(9.4),(18),(15),(9.4),(25),(15),(9.4),(18),(9.4),(100),,,,,,,,,,5,167774
07,0,07063,（かんきつ類）　グレープフルーツ　果実飲料　ストレートジュース,"Grapefruit juice, not from concentrate",88.7,0.6,0.1,0.1,0.3,44,38.65,9,12,1,180,9,0.1,Tr,0.03,0.01,-,,-,-,-,0.1,(0),(0),0.2,0.04,0.01,0.2,0.03,(0),11,0.23,Tr,-,7.7,0,33.7,,,,,,,,,,,,,,,(0.05),(0.03),(0.01),(0.02),(21),(6),(0),(0),(0),5,174681
07,0,07064,（かんきつ類）　グレープフルーツ　果実飲料　濃縮還元ジュース,"Grapefruit juice, from concentrate",90.1,0.7,0.1,0.2,0.3,38,33.4,9,12,1,160,9,0.1,Tr,0.04,0.01,-,,-,-,-,0.1,(0),(0),0.2,0.06,0.02,0.3,0.03,(0),10,0.25,(0),-,7.7,0,33.7,,,,,,,,,,,,,,,(0.05),(0.03),(0.01),(0.02),(21),(6),(0),(0),(0),5,174681
07,0,07065,（かんきつ類）　グレープフルーツ　果実飲料　50%果汁入り飲料,"Grapefruit drink, 50% juice",88.4,0.3,Tr,0.1,0.2,45,39.55,7,6,4,90,6,0.1,Tr,0.02,0.01,-,,-,-,-,,(0),(0),0.1,0.02,Tr,0.1,0.02,(0),5,0,(0),-,,,49.2,,,,,,,,,,,,,,,,,,,,,,,,4,167805
07,0,07066,（かんきつ類）　グレープフルーツ　果実飲料　20%果汁入り飲料,"Grapefruit drink, 20% juice",90.1,0.1,Tr,0,0.1,39,34.3,3,3,2,34,2,0.1,Tr,0.01,Tr,-,,-,-,-,0,(0),(0),0.2,0,0,Tr,0.01,(0),2,0,(0),-,0.7,0.5,39.5,,,,,,,,,,,,,,,,,,,,,,,,4,174140
07,0,07067,（かんきつ類）　グレープフルーツ　缶詰,"Grapefruit, canned",82.1,0.5,Tr,0.6,0.3,60,59.5,13,10,2,110,6,0.1,0.1,0.03,0.01,-,,-,-,-,0.1,0,(0),0.1,0.03,Tr,0.2,0.03,(0),9,0.16,-,-,,0,26.9,,,,,,,,,,,,,,,,,,,,,,,,5,174679
07,55,07074,（かんきつ類）　さんぼうかん　砂じょう　生,"Sanbokan, segments, raw",87.6,0.7,0.3,0.9,0.5,47,40,23,19,2,280,11,0.2,0.1,0.06,0.05,-,,-,-,-,0.2,(0),(0),0.2,0.07,0.03,0.4,0.06,(0),16,0.35,(0),-,7.3,3.3,18,(13),(21),(24),(4.3),(8.1),(12),(13),(7.7),(20),(14),(3.7),(17),(8.7),(46),,,,,,,,,,6,169289
07,0,07075,（かんきつ類）　シークヮーサー　果汁　生,"Shikuwasa juice, raw",90.9,0.8,0.1,0.3,0.3,35,30.25,17,8,2,180,15,0.1,0.1,0.06,0.06,-,,-,-,-,0.1,(0),(0),0.5,0.08,0.03,0.3,0.03,(0),7,0.10,-,-,5.1,0.6,30,,,,,,,,,,,,,,,,,,,,,,,,3,168156
07,0,07076,（かんきつ類）　シークヮーサー　果実飲料　10%果汁入り飲料,"Shikuwasa juice drink, 10% juice",88.1,0.1,Tr,0,Tr,48,41.65,5,1,2,13,1,0.1,Tr,0.01,0.01,-,,-,-,-,0.2,(0),(0),0.1,0,0,0,0,(0),0,0,-,-,0.5,0,0,,,,,,,,,,,,,,,,,,,,,,,,6,174176
07,30,07165,（かんきつ類）　しらぬひ　砂じょう　生,"Shiranui, segments, raw",85.8,0.8,0.2,0.6,0.3,56,47.55,9,18,Tr,170,9,0.1,0.1,0.03,0.07,(0),,(0),(1),(0),0.6,(0),(0),0.3,0.09,0.03,0.3,0.04,(0),17,0.25,(0),(0.4),7.6,2.6,7.5,(15),(25),(28),(4.9),(9.4),(14),(15),(8.9),(24),(16),(4.3),(20),(10),(53),,,,,,,,,,7,169941
07,0,07078,（かんきつ類）　すだち　果皮　生,"Sudachi, peel, raw",80.7,1.8,0.3,10.1,0.8,55,30.9,150,17,1,290,26,0.4,0.4,0.09,0.18,-,,-,-,-,1,(0),(0),5.2,0.04,0.09,0.5,0.16,(0),35,0.23,-,-,,,136,,,,,,,,,,,,,,,,,,,,,,,,3,169103
07,0,07079,（かんきつ類）　すだち　果汁　生,"Sudachi, juice, raw",92.5,0.5,0.1,0.1,0.3,29,25.35,16,11,1,140,15,0.2,0.2,0.03,0.05,-,,-,-,-,0.1,0,(0),0.3,0.03,0.02,0.2,0.08,(0),13,0.13,-,-,5.1,0.6,30,,,,,,,,,,,,,,,,,,,,,,,,4,168156
07,20,07166,（かんきつ類）　せとか　砂じょう　生,"Setoka, segments, raw",86.9,0.8,0.2,0.7,0.3,50,43.35,11,17,1,170,10,0.1,0.1,0.03,0.09,-,,-,-,-,0.2,(0),(0),0.4,0.08,0.03,0.3,0.05,(0),29,0.13,(0),-,7.3,3.3,18,(15),(25),(28),(4.9),(9.4),(14),(15),(8.9),(24),(16),(4.3),(20),(10),(53),,,,,,,,,,8,169289
07,40,07085,（かんきつ類）　セミノール　砂じょう　生,"Seminole, segments, raw",86.0,1.1,0.1,0.8,0.4,53,45.3,24,18,2,200,16,0.2,0.1,0.04,0.10,-,,-,-,-,0.5,(0),(0),0.3,0.01,0.04,0.3,0.09,(0),27,0.45,(0),-,8.4,0,45,,,,,,,,,,,,,,,,,,,,,,,,7,169918
07,0,07083,（かんきつ類）　だいだい　果汁　生,"Daidai, juice, raw",91.2,0.3,0.2,0,0.3,35,30.75,10,8,1,190,10,0.1,Tr,0.02,0.02,-,,-,-,-,0.1,(0),(0),0.1,0.03,0.02,0.4,0.02,(0),13,0.12,-,-,6.2,0,31,,,,,,,,,,,,,,,,,,,,,,,,5,169925
07,45,07093,（かんきつ類）　なつみかん　砂じょう　生,"Natsumikan, segments, raw",88.6,0.9,0.1,1.2,0.4,42,34.8,16,21,1,190,10,0.2,0.1,0.05,0.04,-,,-,-,-,0.1,(0),(0),0.3,0.08,0.03,0.4,0.05,(0),25,0.29,(0),-,14,0,48.8,16,28,30,4.4,9.9,14,16,10,26,18,4.6,22,11,50,,,,,,,,,,8,168195
07,0,07094,（かんきつ類）　なつみかん　缶詰,"Natsumikan, canned",79.7,0.5,0.1,0.5,0.3,80,68.75,11,12,4,92,8,0.1,0.1,0.03,0.03,-,,-,-,-,0.4,(0),(0),0.2,0.04,Tr,0.2,0.03,(0),12,0.07,(0),-,6.9,0,19.8,,,,,,,,,,,,,,,,,,,,,,,,7,169924
07,35,07105,（かんきつ類）　はっさく　砂じょう　生,"Hassaku, segments, raw",87.2,0.8,0.1,1.5,0.4,47,38.65,13,17,1,180,10,0.1,0.1,0.04,0.03,-,,-,-,-,0.6,(0),(0),0.3,0.06,0.03,0.2,0.07,(0),16,0.30,(0),-,7.6,2.6,7.5,(10),(17),(21),(4.0),(8.5),(13),(11),(6.7),(17),(14),(3.7),(14),(9.1),(83),,,,,,,,,,7,169941
07,30,07167,（かんきつ類）　はるみ　砂じょう　生,"Harumi, segments, raw",86.5,0.9,0.2,0.8,0.3,52,44.4,9,16,0,170,10,0.1,0.1,0.03,0.05,-,,-,-,-,0.6,(0),(0),0.3,0.11,0.02,0.2,0.05,(0),19,0.21,(0),-,7.6,2.6,7.5,(16),(27),(30),(5.3),(10),(15),(16),(9.5),(25),(17),(4.6),(22),(11),(57),,,,,,,,,,8,169941
07,30,07112,（かんきつ類）　ひゅうがなつ　じょうのう及びアルベド　生,"Hyuganatsu, segments and albedo, raw",87.2,0.6,0.1,2.1,0.4,46,36.55,23,11,1,130,8,0.2,0.1,0.03,0.08,-,,-,-,-,0.7,(0),(0),0.3,0.05,0.03,0.3,0.06,(0),16,0.23,(0),-,13.6,0.3,20.2,(11),(19),(20),(2.9),(6.5),(9.5),(10),(6.5),(17),(11),(3.0),(14),(7.4),(33),,,,,,,,,,4,170073
07,55,07113,（かんきつ類）　ひゅうがなつ　砂じょう　生,"Hyuganatsu, segments, raw",90.7,0.6,0.1,0.7,0.3,35,29.55,5,9,1,110,6,0.1,Tr,0.02,0.04,-,,-,-,-,0.6,(0),(0),0.1,0.06,0.03,0.2,0.05,(0),13,0.27,(0),-,7.6,2.6,7.5,(11),(19),(20),(2.9),(6.5),(9.5),(10),(6.5),(17),(11),(3.0),(14),(7.4),(33),,,,,,,,,,7,169941
07,50,07126,（かんきつ類）　ぶんたん　砂じょう　生,"Buntan (Pomelo), segments, raw",89.0,0.7,0.1,0.9,0.4,41,34.45,13,19,1,180,7,0.1,0.1,0.04,0.02,-,,-,-,-,,(0),(0),0.5,0.03,0.04,0.3,0,(0),16,0.32,(0),-,,,61,(8.9),(15),(19),(3.5),(7.4),(11),(9.4),(5.9),(15),(12),(3.2),(12),(8.0),(72),,,,,,,,,,7,167754
07,0,07127,（かんきつ類）　ぶんたん　ざぼん漬,"Buntan (Pomelo), candied peel",14.0,0.2,0.1,2.7,0.2,338,291.35,22,3,13,8,6,0.3,Tr,0.01,0.01,-,,-,-,-,0.6,(0),(0),0.1,0,0.02,Tr,0,(0),2,0,(0),-,2.2,0.3,0,(2.6),(4.3),(5.4),(1.0),(2.1),(3.1),(2.7),(1.7),(4.4),(3.4),(0.9),(3.6),(2.3),(21),,,,,,,,,,7,167781
07,35,07129,（かんきつ類）　ぽんかん　砂じょう　生,"Ponkan, segments, raw",88.8,0.9,0.1,1.0,0.3,42,35.15,16,16,1,160,9,0.1,Tr,0.02,0.09,-,,-,-,-,0.1,(0),(0),0.2,0.08,0.04,0.2,0.05,(0),13,0.24,(0),-,14,0,48.8,(18),(32),(35),(7.5),(12),(19),(19),(11),(30),(20),(5.2),(25),(13),(66),,,,,,,,,,7,168195
07,0,07142,（かんきつ類）　ゆず　果皮　生,"Yuzu, peel, raw",83.7,1.2,0.5,6.9,0.4,50,34,41,9,5,140,15,0.3,0.1,0.02,0.12,0,,0,0,1,0.7,(0),(0),3.4,0.07,0.10,0.5,0.09,(0),21,0.89,-,3.6,8.5,0,129,37,60,61,13,16,30,42,35,78,41,11,48,27,48,0.07,0.04,0.01,0.02,24,12,0,0,0,4,167749
07,0,07143,（かんきつ類）　ゆず　果汁　生,"Yuzu, juice, raw",92.0,0.5,0.1,0.4,0.4,30,25.7,20,11,1,210,11,0.1,0.1,0.02,0.10,-,,-,-,-,0.1,(0),(0),0.2,0.05,0.02,0.2,0.02,(0),11,0.29,-,-,5.1,0.6,30,(7.2),(11),(12),(3.2),(5.0),(8.2),(8.8),(5.6),(14),(8.6),(2.5),(11),(4.5),(11),,,,,,,,,,4,168156
07,0,07145,（かんきつ類）　ライム　果汁　生,"Lime, juice, raw",89.8,0.4,0.1,0.2,0.4,39,34.1,16,16,1,160,9,0.2,0.1,0.03,0.01,-,,-,-,-,0.1,(0),(0),0.2,0.03,0.02,0.1,0.05,(0),17,0.16,(1),-,5.1,0.6,30,(5.8),(9.0),(9.6),(2.5),(4.0),(6.5),(7.0),(4.5),(12),(6.8),(2.0),(8.5),(3.6),(8.5),,,,,,,,,,5,168156
07,3,07155,（かんきつ類）　レモン　全果　生,"Lemon, whole, raw",85.3,0.9,0.7,4.9,0.6,43,35.7,67,15,4,130,11,0.2,0.1,0.08,0.05,0,,1,0,1,0.4,(0),(0),1.6,0.07,0.07,0.2,0.08,(0),31,0.39,(0),1.2,5.1,0,53,,,,,,,,,,,,,,,0.18,0.11,0.04,0.07,69,39,-,-,0,3,167746
07,0,07156,（かんきつ類）　レモン　果汁　生,"Lemon, juice, raw",90.5,0.4,0.2,Tr,0.3,24,33.2,7,9,2,100,8,0.1,0.1,0.02,0.03,0,,0,0,1,0.1,(0),(0),0.1,0.04,0.02,0.1,0.05,(0),19,0.18,(0),0.3,5.1,0,38.7,5.8,9.0,9.6,2.5,4.0,6.5,7.0,4.5,12,6.8,2.0,8.5,3.6,8.5,(0.05),(0.03),(0.01),(0.02),(20),(11),-,-,(0),3,167747
07,15,07054,キウイフルーツ　緑肉種　生,"Kiwifruit, green, raw",84.7,1.0,0.2,2.6,0.7,51,43,26,30,1,300,14,0.3,0.1,0.10,0.09,0,,1,0,Tr,0.2,(0),(0),1.3,0.01,0.02,0.3,0.11,(0),37,0.31,6,1.4,7.8,40.3,92.7,46,56,51,19,30,49,36,20,57,46,14,51,23,61,0.17,0.12,0.10,0.03,25,97,-,-,-,7,168153
07,20,07168,キウイフルーツ　黄肉種　生,"Kiwifruit, gold, raw",83.2,1.1,0.2,1.4,0.5,63,53.15,17,25,2,300,12,0.2,0.1,0.07,0.04,-,,-,-,-,0.4,(0),(0),2.5,0.02,0.02,0.3,0.14,(0),32,0.26,(6),-,1.9,6.1,161.3,,,,,,,,,,,,,,,(0.17),(0.09),(0.04),(0.05),(49),(36),(0),(0),(0),7,168211
07,0,07183,きはだ　実　乾,"Goji berry, dried",13.1,7.3,9.8,-,4.7,378,336.7,230,240,17,2100,88,1.7,0.6,0.36,0.69,6,,1,3,110,,-,-,1.3,0.17,0.18,1.4,0.53,-,12,1.83,87,23.0,,,48.4,,,,,,,,,,,,,,,,,,,,,,,,7,173032
07,40,07055,キワノ　生,"Kiwano, raw",89.2,1.5,0.9,2.6,0.4,41,31.8,10,42,2,170,34,0.4,0.4,0.09,0.13,-,,-,-,-,,(0),(0),0.7,0.03,0.01,0.2,0.04,0,2,0.14,-,-,,,5.3,,,,,,,,,,,,,,,,,,,,,,,,7,167791
07,30,07057,グァバ　赤肉種　生,"Guava, red, raw",88.9,0.6,0.1,5.1,0.5,33,19.75,8,16,3,240,8,0.1,0.1,0.06,0.09,-,,-,-,-,,(0),(0),0.3,0.03,0.04,0.8,0.06,(0),41,0.32,(2),-,,,37,(22),(40),(17),(3.8),(0),(3.8),(1.4),(7.3),(8.7),(23),(5.2),(20),(5.2),(15),,,,,,,,,,7,173045
07,30,07169,グァバ　白肉種　生,"Guava, white, raw",88.9,0.6,0.1,5.1,0.5,33,19.75,8,16,3,240,8,0.1,0.1,0.06,0.09,-,,-,-,-,0.6,(0),(0),0.3,0.03,0.04,0.8,0.06,(0),41,0.32,(2),-,7.6,2.6,228.3,(22),(40),(17),(3.8),(0),(3.8),(1.4),(7.3),(8.7),(23),(5.2),(20),(5.2),(15),,,,,,,,,,7,173044
07,0,07058,グァバ　果実飲料　20%果汁入り飲料　（ネクター）,"Guava nectar, 20% juice",87.4,0.1,0.1,0.8,0.1,49,41.45,3,3,4,49,2,0.2,Tr,0.01,0.03,-,,-,-,-,,(0),(0),0.1,0,0.01,0.1,0.01,(0),9,0,-,-,1.1,1,21.1,,,,,,,,,,,,,,,,,,,,,,,,5,167784
07,0,07059,グァバ　果実飲料　10%果汁入り飲料,"Guava juice drink, 10% juice",87.4,0.1,0.1,0.2,0.1,50,43.55,3,2,7,28,20,0.1,Tr,0.01,0.02,-,,-,-,-,0,(0),(0),Tr,0,0,0.1,0.01,(0),3,0,-,-,0,0,24.7,,,,,,,,,,,,,,,,,,,,,,,,5,174111
07,0,07185,くこ　実　乾,"Goji berry, dried",4.8,12.3,4.1,-,3.5,387,341.45,47,180,510,1400,77,4.0,1.2,0.69,0.71,2,,3,6,13,,-,0,5.7,0.28,0.40,4.6,0.32,Tr,99,0.71,10,24.0,,,48.4,(230),(390),(200),(75),(120),(200),(230),(190),(430),(310),(0),(270),(140),(620),,,,,,,,,,6,173032
07,10,07061,ぐみ　生,"Elaeagnus fruit, raw",81.0,1.3,0.2,2.0,0.3,72,59.45,10,24,2,130,4,0.2,0.1,0.10,0.15,-,,-,-,-,0.6,(0),(0),2.2,0.01,0.04,0.3,0.02,(0),15,0.45,-,-,,,1,,,,,,,,,,,,,,,,,,,,,,,,7,169908
07,0,07157,ココナッツ　ココナッツウォーター,Coconut water,94.3,0.2,0.1,0,0.4,22,19.05,11,11,11,230,6,0.1,0.1,Tr,0.16,-,,-,-,-,1,0,(0),0,0.01,0.01,0.1,0,(0),1,0,-,-,1.1,0,2.4,(7.8),(15),(8.9),(3.6),(3.9),(7.5),(10),(6.1),(16),(7.2),(2.2),(12),(4.7),(33),,,,,,,,,,7,170174
07,0,07158,ココナッツ　ココナッツミルク,Coconut milk,78.8,1.9,16.0,0.2,0.5,157,151.75,5,49,12,230,28,0.8,0.3,0.22,0.59,-,,-,-,-,,0,(0),Tr,0.01,0,0.4,0.02,0,4,0,-,-,,,1.1,(74),(140),(84),(36),(38),(73),(96),(59),(150),(69),(22),(120),(43),(310),14.08,0.13,0,0.13,130,0,0,0,0,6,169409
07,0,07170,ココナッツ　ナタデココ,Nata de coco,79.7,0,Tr,0.5,Tr,80,69.3,1,Tr,2,0,1,0,0,0,0,-,,-,-,-,1.7,(0),(0),0,0,0,0,0,(0),0,0,-,-,13.3,22.5,17,,,,,,,,,,,,,,,,,,,,,,,,6,170277
07,10,07070,さくらんぼ　国産　生,"Cherry, Japanese, raw",83.1,1.0,0.2,1.2,0.5,64,54.2,13,17,1,210,6,0.3,0.1,0.05,-,0,,0,Tr,1,0,(0),(0),0.5,0.03,0.03,0.2,0.02,(0),38,0.24,(2),0.7,6.1,2.1,7,(19),(28),(30),(9.4),(9.4),(19),(23),(13),(36),(21),(8.5),(23),(14),(17),(0.14),(0.05),(0.03),(0.03),(27),(26),(0),(0),(0),7,171719
07,9,07071,さくらんぼ　米国産　生,"Cherry, US, raw",81.1,1.2,0.1,1.4,0.5,64,60,15,23,1,260,12,0.3,0.1,0.08,0.11,-,,-,-,-,0,(0),(0),0.5,0.03,0.03,0.2,0.02,(0),42,0.29,(2),-,6.1,2.1,7,(23),(34),(36),(11),(11),(23),(27),(16),(43),(25),(10),(27),(17),(20),(0.07),(0.03),(0.01),(0.01),(14),(13),(0),(0),(0),7,171719
07,15,07072,さくらんぼ　米国産　缶詰,"Cherry, US, canned",81.5,0.6,0.1,1.0,0.2,70,61.05,10,12,3,100,5,0.4,0.5,0.06,0.08,-,,-,-,-,0,(0),(0),0.5,0.01,0.01,0.1,0.01,(0),12,0,(1),-,2.7,0.9,3.6,,,,,,,,,,,,,,,(0.07),(0.03),(0.01),(0.01),(13),(12),(0),(0),(0),8,167770
07,55,07073,ざくろ　生,"Pomegranate, raw",83.9,0.2,Tr,0,0.4,63,54.95,8,15,1,250,6,0.1,0.2,0.06,0.05,-,,-,-,-,0.5,(0),(0),0.1,0.01,0.01,0.2,0.04,(0),6,0.32,(12),-,7.6,16.4,10.2,,,,,,,,,,,,,,,,,,,,,,,,2,169134
07,40,07077,すいか　赤肉種　生,"Watermelon, red, raw",89.6,0.6,0.1,0.3,0.2,41,35.15,4,8,1,120,11,0.2,0.1,0.03,0.03,0,,0,0,1,0.4,(0),(0),0.1,0.03,0.02,0.2,0.07,(0),3,0.22,0,0.9,4.1,0.1,8.1,14,15,14,4.8,6.8,12,15,5.3,20,9.9,5.3,14,9.5,51,(0.07),(0.03),(0),(0.03),(33),(0),(0),(0),(0),8,167765
07,40,07171,すいか　黄肉種　生,"Watermelon, yellow, raw",89.6,0.6,0.1,0.3,0.2,41,35.15,4,8,1,120,11,0.2,0.1,0.03,0.03,0,,0,0,1,0.4,(0),(0),0.1,0.03,0.02,0.2,0.07,(0),3,0.22,0,0.9,4.1,0.1,8.1,(14),(15),(14),(4.8),(6.8),(12),(15),(5.3),(20),(9.9),(5.3),(14),(9.5),(51),,,,,,,,,,8,167765
07,20,07186,（すぐり類）　赤すぐり　冷凍,"Red currant, frozen",86,0.8,0.3,2.8,0.4,43,39.3,21,17,1,200,6,0.4,0.1,0.08,0.11,2,,0,5,1,0.6,-,-,1,0.03,0.01,0.4,-,-,-,-,13,4.3,,,27.7,16,23,20,6.0,9.5,16,14,15,29,21,5.5,18,17,24,0.05,0.02,0.01,0.01,12,10,0,0,0,7,173030
07,0,07182,（すぐり類）　カシス　冷凍,"Black currant, frozen",79.4,1.6,1.6,6.4,0.7,62,55.25,40,54,Tr,270,19,0.5,0.2,0.08,0.26,0,,0,1,4,0.4,-,-,2.1,0.03,0.03,0.3,-,-,-,-,30,5.7,8.5,19.8,3.1,63,82,68,25,30,55,54,37,91,55,17,54,33,84,1.08,0.77,0.17,0.60,460,150,0,0,0,7,171710
07,1,07060,（すぐり類）　グーズベリー　生,"Gooseberry, raw",85.2,1.0,0.1,2.5,0.5,51,41.8,14,24,1,200,10,1.3,0.1,0.05,0.15,-,,-,-,-,0.6,(0),(0),1.0,0.02,0.02,0.2,0.02,0,47,0.40,-,-,,,27.7,,,,,,,,,,,,,,,,,,,,,,,,7,173030
07,4,07069,スターフルーツ　生,"Starfruit, raw",91.4,0.7,0.1,1.8,0.3,30,23.25,5,10,1,140,9,0.2,0.2,0.02,0.10,-,,-,-,-,0.6,(0),(0),0.2,0.03,0.02,0.3,0.02,0,11,0.38,(0),-,7.6,0,34.4,(30),(52),(52),(14),(0),(14),(25),(30),(55),(30),(5.4),(34),(5.4),(14),(0.07),(0.06),(0.01),(0.05),(48),(8),(0),(0),(0),1,171715
07,7,07080,（すもも類）　にほんすもも　生,"Japanese plum, raw",88.6,0.6,1.0,1.6,0.4,46,37.9,5,14,1,150,5,0.2,0.1,0.03,0.07,0,,0,1,1,0,(0),(0),0.6,0.02,0.02,0.3,0.04,(0),37,0.14,-,0.2,1.9,6.4,9.5,13,17,17,3.1,3.7,6.9,9.8,5.9,16,14,2.2,15,8.4,8.7,,,,,,,,,,1,169949
07,5,07081,（すもも類）　プルーン　生,"Prune, raw",86.2,0.7,0.1,1.9,0.4,49,40.75,6,14,1,220,7,0.2,0.1,0.06,0.09,-,,-,-,-,0,(0),(0),1.3,0.03,0.03,0.5,0.06,0,35,0.22,(20),-,1.9,6.4,9.5,(14),(15),(16),(8.0),(2.0),(10),(14),(8.0),(22),(10),(9.0),(16),(9.0),(9.0),(0.07),(0.02),(0),(0.02),(16),(0),(0),(0),(0),1,169949
07,0,07082,（すもも類）　プルーン　乾,"Prune, dried",33.3,2.4,0.2,7.1,1.8,211,203.3,57,69,1,730,40,1.1,0.4,0.27,0.36,-,,-,-,-,0.3,(0),(0),1.3,0.07,0.07,2.1,0.34,(0),3,0.32,92,0,10.1,59.5,0.6,(45),(73),(55),(18),(12),(30),(58),(23),(81),(54),(28),(62),(30),(41),(0.09),(0.03),(0.01),(0.02),(19),(7),(0),(0),(0),1,168162
07,20,07086,チェリモヤ　生,"Cherimoya, raw",78.1,1.3,0.3,2.2,0.5,82,68.7,9,20,8,230,12,0.2,0.1,0.08,0.07,-,,-,-,-,,(0),(0),0.2,0.09,0.09,0.7,0.23,0,90,0.36,-,-,,,12.6,(35),(52),(35),(17),(8.3),(26),(35),(26),(60),(43),(26),(52),(17),(26),(0.21),(0.08),(0.07),(0.01),(12),(70),(0),(0),(0),7,173953
07,35,07111,ドラゴンフルーツ　生,"Dragon fruit, raw",85.7,1.4,0.3,1.9,0.8,52,42.1,6,29,Tr,350,41,0.3,0.3,0.03,0.09,-,,-,-,-,0.6,(0),(0),0.4,0.08,0.06,0.4,0.05,0,44,0.53,-,-,7.6,0.4,20.6,,,,,,,,,,,,,,,,,,,,,,,,7,167761
07,15,07087,ドリアン　生,"Durian, raw",66.4,2.3,3.3,2.1,0.9,140,123.6,5,36,Tr,510,27,0.3,0.3,0.19,0.31,0,,1,0,10,,(0),(0),2.3,0.33,0.20,1.4,0.25,0,150,0.22,-,5.9,,,19.7,,,,,,,,,,,,,,,2.64,0.28,0.12,0.16,160,120,0,0,0,7,168192
07,15,07088,（なし類）　日本なし　生,"Japanese pear, raw",88.0,0.3,0.1,0.9,0.3,38,38.3,2,11,Tr,140,5,0,0.1,0.06,0.04,0,,0,0,Tr,0.1,(0),(0),0.1,0.02,Tr,0.2,0.02,(0),6,0.14,(5),0.5,5.1,4.4,4.3,6.8,8.9,6.4,3.4,3.2,6.6,4.7,2.3,7.0,8.3,1.4,12,3.1,3.5,(0.05),(0.02),(0),(0.02),(23),(Tr),(0),(0),(0),8,169118
07,0,07089,（なし類）　日本なし　缶詰,"Japanese pear, canned",80.5,0.1,0.1,0.7,0.2,76,65.6,3,6,4,75,4,0.2,0.1,0.04,0.02,-,,-,-,-,0,0,(0),0.1,Tr,0,0.1,0.02,(0),3,0,(7),-,1.9,0.3,1.1,(3.0),(5.0),(3.5),(1.0),(1.0),(2.0),(2.5),(1.0),(3.5),(2.5),(0),(3.5),(1.0),(1.5),(0.05),(0.02),(0),(0.02),(23),(0),(0),(0),(0),6,169939
07,15,07090,（なし類）　中国なし　生,"Chinese pear, raw",86.8,0.2,0.1,1.4,0.2,49,41.1,2,8,1,140,5,0.1,Tr,0.05,0.03,-,,-,-,-,0.1,0,(0),0.2,0.02,0.01,0.2,0.02,(0),6,0.14,-,-,5.1,4.5,3.8,(4.4),(5.9),(4.2),(2.2),(2.1),(4.4),(3.1),(1.5),(4.6),(5.2),(0.9),(7.6),(2.1),(2.3),(0.05),(0.02),(0),(0.02),(23),(Tr),(0),(0),(0),8,168177
07,15,07091,（なし類）　西洋なし　生,"European pear, raw",84.9,0.3,0.1,1.9,0.3,48,45.65,5,13,Tr,140,4,0.1,0.1,0.12,0.04,0,,0,0,1,0.1,(0),(0),0.3,0.02,0.01,0.2,0.02,(0),4,0.09,(4),0.3,5.1,4.4,4.3,(9.2),(16),(14),(1.7),(1.7),(3.3),(9.2),(1.7),(11),(9.2),(1.7),(14),(1.7),(8.3),(0.14),(0.07),(0),(0.07),(66),(1),(0),(0),(0),8,169118
07,0,07092,（なし類）　西洋なし　缶詰,"European pear, canned",78.8,0.2,0.1,1.0,0.2,79,70.5,4,5,1,55,4,0.1,0.1,0.05,0.03,-,,-,-,-,0,0,(0),0.2,0.01,0.02,0.3,0.01,(0),4,0,(Tr),-,1.9,0.3,1.1,(6.0),(10),(7.0),(2.0),(2.0),(4.0),(5.0),(2.0),(7.0),(5.0),(0),(7.0),(2.0),(3.0),(0.05),(0.02),(0),(0.02),(23),(0),(0),(0),(0),6,169939
07,15,07095,なつめ　乾,"Jujube, dried",21.0,3.9,2.0,12.5,1.7,294,236.8,65,80,3,810,39,1.5,0.8,0.24,0.46,-,,-,-,-,0,(0),(0),0.1,0.10,0.21,1.6,0.14,0,140,0.86,-,-,,,217.6,,,,,,,,,,,,,,,,,,,,,,,,7,168152
07,5,07096,なつめやし　乾,"Date, dried",24.8,2.2,0.2,7.0,1.5,281,234.45,71,58,Tr,550,60,0.8,0.4,0.40,0.38,-,,-,-,-,,(0),(0),1.4,0.07,0.04,1.8,0.16,(0),19,0.94,(3),-,9.9,2.7,0,(44),(75),(59),(20),(60),(80),(45),(13),(58),(39),(11),(64),(29),(120),(0.04),(0.01),(Tr),(0.01),(8),(2),(0),(0),(0),7,168191
07,45,07097,パインアップル　生,"Pineapple, raw",85.2,0.6,0.1,1.2,0.4,54,46.7,11,9,Tr,150,14,0.2,0.1,0.11,1.33,0,,0,0,Tr,0.1,(0),(0),Tr,0.09,0.02,0.2,0.10,(0),12,0.23,1,0.2,5.5,0.7,47.8,18,24,24,11,19,30,14,14,28,18,7.0,22,11,15,(0.07),(0.05),(0.02),(0.03),(27),(20),(0),(0),(0),7,169124
07,0,07177,パインアップル　焼き,"Pineapple, grilled",78.2,0.9,0.2,1.7,0.5,74,69.6,16,13,Tr,190,18,0.3,0.1,0.14,1.67,0,,0,Tr,1,0,(0),(0),0.1,0.11,0.02,0.3,0.12,(0),14,0.64,2,0.3,5.6,0.7,16.9,(29),(39),(38),(18),(31),(49),(23),(22),(45),(28),(11),(36),(18),(25),,,,,,,,,,8,168193
07,0,07098,パインアップル　果実飲料　ストレートジュース,"Pineapple juice, 100% juice, not from concentrate",88.2,0.3,0.1,0,0.4,46,40.4,22,13,1,210,10,0.4,0.1,0.03,0.87,-,,-,-,-,,(0),(0),Tr,0.04,0.01,0.2,0.07,(0),9,0.19,0,-,,,31.3,,,,,,,,,,,,,,,(0.05),(0.04),(0.02),(0.02),(20),(15),(0),(0),(0),6,168205
07,0,07099,パインアップル　果実飲料　濃縮還元ジュース,"Pineapple juice, 100% juice, from concentrate",88.3,0.1,0.1,0,0.4,45,40.05,9,12,1,190,10,0.3,0.1,0.03,1.16,-,,-,-,-,,(0),(0),Tr,0.05,0.02,0.2,0.05,(0),7,0.17,0,-,,,31.3,,,,,,,,,,,,,,,(0.05),(0.04),(0.02),(0.02),(20),(15),(0),(0),(0),7,168205
07,0,07100,パインアップル　果実飲料　50%果汁入り飲料,"Pineapple drink, 50% juice",87.3,0.3,0.1,0,0.2,50,44.25,6,5,1,95,4,0.1,Tr,0.02,0.33,-,,-,-,-,0.1,(0),(0),Tr,0.03,0.01,0.1,0.04,(0),0,0.07,0,-,0.5,0.1,22.5,,,,,,,,,,,,,,,(0.05),(0.04),(0.02),(0.02),(20),(15),(0),(0),(0),5,173225
07,0,07101,パインアップル　果実飲料　10%果汁入り飲料,"Pineapple drink, 10% juice",87.6,Tr,Tr,0,Tr,50,43.4,2,1,1,18,2,0.2,Tr,Tr,0.18,-,,-,-,-,0.1,0,(0),Tr,0,0,Tr,0.01,(0),1,0,(0),-,0.5,0.1,22.5,,,,,,,,,,,,,,,,,,,,,,,,5,173225
07,0,07102,パインアップル　缶詰,"Pineapple, canned",78.9,0.4,0.1,0.5,0.3,76,71.55,7,7,1,120,9,0.3,0.1,0.07,1.58,-,,-,-,-,0.4,0,(0),0,0.07,0.01,0.2,0.06,(0),7,0.06,(Tr),-,5.5,0.7,9.4,(11),(15),(19),(11),(1.2),(12),(11),(9.4),(20),(11),(5.9),(13),(8.2),(14),(0.05),(0.03),(0.01),(0.02),(20),(15),-,-,-,6,167767
07,0,07103,パインアップル　砂糖漬,"Pineapple, in syrup",12.0,0.5,0.2,1.3,0.5,349,302.7,31,5,58,23,5,2.5,0.1,0.06,0.45,-,,-,-,-,0.4,0,(0),0.1,0,0.02,0.1,0.01,(0),2,0,(6),-,3.8,0.3,7.4,(15),(21),(21),(9.5),(17),(26),(13),(12),(24),(14),(6.2),(19),(10),(13),(0.10),(0.07),(0.03),(0.04),(38),(28),(0),(0),(0),5,169944
07,0,07104,ハスカップ　生,"Haskap berry, raw",85.5,0.7,0.6,2.1,0.4,55,45,38,25,Tr,190,11,0.6,0.1,0.06,-,-,,-,-,-,0.6,0,(0),1.1,0.02,0.03,0.5,0.04,0,7,0.29,-,-,,,27.7,,,,,,,,,,,,,,,,,,,,,,,,7,173030
07,0,07106,パッションフルーツ　果汁　生,"Passion fruit juice, raw",82.0,0.8,0.4,0,0.6,67,62.9,4,21,5,280,15,0.6,0.4,0.08,0.10,-,,-,-,-,0.1,(0),(0),0.2,0.01,0.09,1.9,0.18,(0),86,0.63,(1),-,4,0.4,18.2,,,,,,,,,,,,,,,,,,,,,,,,6,169110
07,40,07107,バナナ　生,"Banana, raw",75.4,1.1,0.2,1.1,0.8,93,80.45,6,27,Tr,360,32,0.3,0.2,0.09,0.26,0,,1,0,7,1,(0),(0),0.5,0.05,0.04,0.7,0.38,(0),26,0.44,(Tr),1.4,9.8,0.5,8.7,35,70,51,14,15,29,36,9.2,45,35,10,49,82,45,(0.13),(0.04),(0.02),(0.03),(28),(16),(0),(0),(0),8,173944
07,0,07108,バナナ　乾,"Banana, dried",14.3,3.8,0.4,7.0,3.0,314,266.95,26,84,1,1300,92,1.1,0.6,0.25,1.31,-,,-,-,-,3.9,(0),(0),1.4,0.07,0.12,1.4,1.04,(0),34,1.13,(2),-,19.6,2,7,(120),(240),(180),(48),(53),(100),(120),(31),(150),(110),(35),(170),(280),(150),(0.26),(0.07),(0.03),(0.05),(47),(28),(0),(0),(0),7,173945
07,35,07109,パパイア　完熟　生,"Papaya, ripe, raw",89.2,0.5,0.2,2.2,0.6,33,29,20,11,6,210,26,0.2,0.1,0.05,0.04,0,,Tr,0,1,0.6,(0),(0),0.3,0.02,0.04,0.3,0.01,(0),44,0.42,(2),0.2,6.1,2.6,60.9,(8.5),(17),(27),(2.1),(0),(2.1),(9.6),(5.3),(15),(12),(8.5),(11),(5.3),(11),(0.16),(0.04),(0.04),(0.01),(8),(36),(0),(0),(0),8,169926
07,25,07110,パパイア　未熟　生,"Papaya, unripe, raw",88.7,1.3,0.1,2.2,0.5,35,30.6,36,17,5,190,19,0.3,0.1,0.03,0.02,-,,-,-,-,0.6,(0),(0),0.1,0.03,0.04,0.3,0.01,(0),38,0.55,(2),-,6.1,2.6,60.9,(22),(44),(69),(5.5),(0),(5.5),(25),(14),(39),(30),(22),(28),(14),(28),(0.08),(0.02),(0.02),(Tr),(4),(18),(0),(0),(0),5,169926
07,30,07114,びわ　生,"Loquat, raw",88.6,0.3,0.1,1.6,0.4,41,33.4,13,9,1,160,14,0.1,0.2,0.04,0.27,0,,0,0,0,0.6,(0),(0),0.1,0.02,0.03,0.2,0.06,(0),9,0.22,-,0.1,,,1,(10),(18),(16),(2.8),(4.2),(7.0),(9.8),(9.1),(19),(10),(3.5),(15),(4.9),(9.8),(0.07),(0.05),(0.01),(0.04),(39),(7),(0),(0),(0),8,169908
07,0,07115,びわ　缶詰,"Loquat, canned",79.6,0.3,0.1,0.6,0.2,80,69.1,22,3,2,60,5,0.1,0.1,0.17,0.10,-,,-,-,-,0.6,(0),(0),0.2,0.01,0.01,0.2,0.02,(0),9,0,-,-,,,1,(10),(18),(16),(2.8),(4.2),(7.0),(9.8),(9.1),(19),(10),(3.5),(15),(4.9),(9.8),(0.07),(0.05),(0.01),(0.04),(39),(7),(0),(0),(0),7,169908
07,15,07116,ぶどう　皮なし　生,"Grape, skinless, raw",83.5,0.4,0.1,0.5,0.3,58,55.45,6,15,1,130,6,0.1,0.1,0.05,0.12,0,,0,0,Tr,0.1,(0),(0),0.1,0.04,0.01,0.1,0.04,(0),4,0.10,-,0.7,5.6,14.6,3.2,6.4,11,11,3.2,4.6,7.8,6.8,3.0,9.7,11,2.2,9.3,7.8,38,0.03,0.01,Tr,0.01,10,3,-,-,0,1,174683
07,0,07178,ぶどう　皮つき　生,"Grape, with skin, raw",81.7,0.6,0.2,0.9,0.5,69,60.15,8,23,0,220,7,0.2,Tr,0.07,0.03,0,,0,0,1,0.1,(0),(0),0.4,0.05,0.01,0.2,0.05,(0),19,0.04,22,1.0,5.6,14.6,3.2,9.8,17,18,3.9,5.6,9.6,13,9.4,22,16,4.3,15,13,100,0.04,0.02,Tr,0.02,17,4,0,0,0,1,174683
07,0,07187,ぶどう　皮つき　シャインマスカット　生,"Grape, Shine Muscat, with skin, raw",82.5,0.7,0.2,0.9,0.4,61,57.7,7,23,0,210,6,0.2,Tr,0.06,0.05,1,,0,0,1,0.1,-,-,0.5,0.05,0.01,0.1,0.06,-,19,0.04,31,0.8,5.6,14.6,3.2,11,18,19,4.2,6.5,11,13,11,23,14,6.4,14,14,170,0.03,0.02,Tr,0.01,14,3,0,0,0,1,174683
07,0,07117,ぶどう　干しぶどう,Raisins,14.5,2.7,0.2,4.1,1.9,324,279.25,65,90,12,740,31,2.3,0.3,0.39,0.20,3,,Tr,9,12,0.6,(0),(0),0.5,0.12,0.03,0.6,0.23,(0),9,0.17,-,4.3,,,5.4,(61),(93),(82),(24),(22),(46),(55),(44),(99),(67),(26),(76),(40),(58),(0.06),(0.03),(0.01),(0.02),(21),(7),-,-,(0),1,168166
07,0,07118,ぶどう　果実飲料　ストレートジュース,"Grape juice, 100% juice, not from concentrate",84.8,0.3,0.2,0.1,0.2,54,53.15,3,7,1,30,14,0.1,0.1,0.02,0.13,0,,0,9,3,0,(0),(0),0,0.02,0.01,0.1,0.05,(0),1,0.06,-,1.9,3.2,0.4,0.1,(5.7),(9.7),(8.1),(0.8),(0),(0.8),(9.7),(2.4),(12),(13),(0),(8.1),(5.7),(38),(0.06),(0.03),(0.01),(0.02),(21),(7),-,-,(0),1,173042
07,0,07119,ぶどう　果実飲料　濃縮還元ジュース,"Grape juice, 100% juice, from concentrate",87.2,0.3,0.3,0.1,0.1,46,45.6,5,7,2,24,9,0.3,Tr,0.02,0.07,Tr,,0,1,1,0,(0),(0),0,0.02,Tr,0.2,0.06,(0),1,0.04,-,1.7,3.2,0.4,0.1,(5.7),(9.7),(8.1),(0.8),(0),(0.8),(9.7),(2.4),(12),(13),(0),(8.1),(5.7),(38),(0.10),(0.04),(0.01),(0.03),(31),(10),-,-,(0),1,173042
07,0,07120,ぶどう　果実飲料　70%果汁入り飲料,"Grape drink, 70% juice",86.8,0.2,Tr,0.1,0.1,52,45.5,4,5,15,17,6,0.1,Tr,0.01,0.11,-,,-,-,-,0.1,(0),(0),0,Tr,0,Tr,0.05,(0),Tr,0,(0),-,0.3,0.2,26.5,(3.8),(6.5),(5.4),(0.5),(0),(0.5),(6.5),(1.6),(8.1),(8.6),(0),(5.4),(3.8),(25),(0.01),(0.01),(Tr),(Tr),(4),(2),-,-,(0),1,173213
07,0,07121,ぶどう　果実飲料　10%果汁入り飲料,"Grape drink, 10% juice",86.9,Tr,Tr,Tr,Tr,52,45.85,3,1,6,3,1,0.1,Tr,0.01,0.08,-,,-,-,-,0,(0),(0),0,0,0,0,0.01,(0),Tr,0,(0),-,,,0,,,,,,,,,,,,,,,(0.01),(0.01),(Tr),(Tr),(4),(1),-,-,(0),1,173203
07,0,07122,ぶどう　缶詰,"Grape, canned",78.9,0.4,0.1,0.2,0.2,83,72.95,10,10,3,88,4,0.9,0.2,0.09,0.02,-,,-,-,-,0.1,0,(0),0.2,0.02,0.01,0.1,0.03,(0),2,0,-,-,3.8,9.8,1,(3.3),(8.3),(9.2),(13),(6.7),(20),(8.3),(6.7),(15),(11),(1.7),(11),(15),(29),(0.03),(0.01),(Tr),(0.01),(10),(3),-,-,(0),1,174685
07,0,07123,ぶどう　ジャム,Grape jam,51.4,0.5,0.1,1.5,0.5,189,163.6,16,23,18,130,10,3.3,0.1,0.11,0.10,-,,-,-,-,2,(0),(0),0.2,0.02,0.01,0.1,0.04,(0),2,0.11,-,-,10.2,0,8.8,(7.8),(13),(13),(4.0),(5.7),(9.7),(8.4),(3.6),(12),(12),(2.8),(11),(9.7),(46),(0.03),(0.01),(Tr),(0.01),(10),(3),-,-,(0),1,169641
07,0,07124,ブルーベリー　生,"Blueberry, raw",86.4,0.5,0.1,3.3,0.1,48,36.2,8,9,1,70,5,0.2,0.1,0.04,0.26,0,,0,Tr,1,0.1,(0),(0),1.7,0.03,0.03,0.2,0.05,0,12,0.12,(15),1.1,6,19.3,9.7,(16),(30),(8.8),(8.1),(5.4),(14),(18),(6.1),(24),(14),(2.0),(21),(7.4),(25),(0.07),(0.04),(0.02),(0.03),(27),(18),(0),(0),(0),9,171711
07,0,07125,ブルーベリー　ジャム,Blueberry jam,55.1,0.7,0.3,4.3,0.1,174,143.25,8,12,1,75,5,0.3,0.1,0.06,0.62,-,,-,-,-,0.1,(0),(0),1.9,0.03,0.02,0.4,0.04,0,3,0.11,(23),-,6,19.3,9.7,(22),(42),(12),(11),(7.6),(19),(25),(8.5),(33),(19),(2.8),(29),(10),(35),(0.20),(0.13),(0.05),(0.08),(80),(53),(0),(0),(0),6,171711
07,0,07172,ブルーベリー　乾,"Blueberry, dried",21.9,2.7,1.9,17.6,1.0,280,217.75,43,63,4,400,28,1.2,0.4,0.23,1.94,(0),,(0),(2),(4),0.6,(0),(0),5.1,0.12,0.10,1.5,0.20,(0),13,0.26,89,-,18.5,59.4,23.8,(83),(160),(47),(43),(29),(72),(94),(33),(130),(72),(11),(110),(40),(130),(1.43),(0.98),(0.12),(0.86),(860),(120),(0),(0),(0),7,168158
07,35,07128,ホワイトサポテ　生,"White sapote, raw",79.0,1.5,0.1,3.1,0.5,73,61.4,13,28,Tr,220,17,0.2,0.2,0.09,0.09,-,,-,-,-,0.6,(0),(0),0.4,0.05,0.05,0.6,0.06,0,36,0.22,-,-,,,14.7,(63),(76),(76),(25),(12),(37),(63),(51),(110),(88),(51),(76),(51),(51),,,,,,,,,,7,167759
07,40,07130,まくわうり　黄肉種　生,"Oriental melon, yellow flesh, raw",90.8,0.8,0.1,1.0,0.5,34,27.45,6,8,1,280,12,0.2,0.1,0.02,0.05,-,,-,-,-,0.7,(0),(0),0.1,0.03,0.03,0.8,0.06,(0),50,0.16,-,-,7.6,2.9,18,(20),(28),(29),(11),(1.9),(13),(22),(13),(35),(16),(1.9),(31),(14),(28),,,,,,,,,,8,169911
07,40,07173,まくわうり　白肉種　生,"Oriental melon, white flesh, raw",90.8,0.8,0.1,1.0,0.5,34,27.45,6,8,1,280,12,0.2,0.1,0.02,0.05,-,,-,-,-,0.7,(0),(0),0.1,0.03,0.03,0.8,0.06,(0),50,0.16,-,-,7.6,2.9,18,(20),(28),(29),(11),(1.9),(13),(22),(13),(35),(16),(1.9),(31),(14),(28),,,,,,,,,,8,169911
07,25,07131,マルメロ　生,"Quince, raw",84.2,0.3,0.1,5.1,0.3,48,36.9,11,14,1,160,7,0.1,0.2,0.05,0.02,-,,-,-,-,0.6,(0),(0),1.0,0.02,0.02,0.2,0.05,0,12,0.25,-,-,,,15,,,,,,,,,,,,,,,(0.10),(0.05),(0),(0.05),(49),(0),(0),(0),(0),7,168163
07,35,07132,マンゴー　生,"Mango, raw",82.0,0.6,0.1,1.3,0.4,68,57.55,15,12,1,170,12,0.2,0.1,0.08,0.10,0,,0,0,0,0.6,(0),(0),1.8,0.04,0.06,0.7,0.13,(0),84,0.22,(3),0.8,7.6,4.2,36.4,(26),(41),(38),(11),(12),(23),(24),(15),(39),(24),(9.0),(30),(14),(33),(0.08),(0.02),(0.01),(0.01),(5),(13),(0),(0),(0),8,169910
07,0,07179,マンゴー　ドライマンゴー,"Mango, dried",9.3,3.1,0.7,6.4,2.1,339,291.2,37,81,1,1100,57,0.5,0.6,0.20,0.53,2,,2,1,2,2.1,(0),(0),6.8,0.27,0.21,3.4,0.43,(0),260,0.46,16,5.3,23.7,13.2,42.3,120,210,170,48,50,98,140,83,220,130,32,160,87,180,0.32,0.07,0.03,0.03,32,33,0,0,0,7,169091
07,70,07133,マンゴスチン　生,"Mangosteen, raw",81.5,0.6,0.2,1.4,0.2,71,60.15,6,12,1,100,18,0.1,0.2,0.07,0.35,0,,1,0,0,0.6,(0),(0),0.6,0.11,0.03,0.5,0.04,0,20,0.33,-,0.6,7.6,4.2,36.4,,,,,,,,,,,,,,,,,,,,,,,,7,169910
07,50,07134,メロン　温室メロン　生,"Melon, greenhouse, raw",87.8,1.1,0.1,0.5,0.7,40,39,8,21,7,340,13,0.3,0.2,0.05,0.04,0,,2,1,4,0.7,(0),(0),0.2,0.06,0.02,0.5,0.10,(0),32,0.19,(3),0.9,7.6,2.9,18,(17),(25),(23),(6.7),(13),(19),(20),(9.4),(30),(23),(8.2),(29),(16),(20),(0.07),(0.04),(0.02),(0.02),(19),(24),(0),(0),(0),8,169911
07,45,07135,メロン　露地メロン　緑肉種　生,"Melon, field-grown, green flesh, raw",87.9,1.0,0.1,0.5,0.6,45,39,6,13,6,350,12,0.2,0.2,0.04,0.02,0,,1,0,2,0.7,(0),(0),0.2,0.05,0.02,0.8,0.11,(0),24,0.16,(3),0.9,7.6,2.9,18,16,23,22,6.1,12,18,19,8.9,27,23,7.5,28,14,19,(0.07),(0.04),(0.02),(0.02),(19),(24),(0),(0),(0),8,169911
07,45,07174,メロン　露地メロン　赤肉種　生,"Melon, field-grown, red flesh, raw",87.9,1.0,0.1,0.5,0.6,45,39,6,13,6,350,12,0.2,0.2,0.04,0.02,0,,1,0,2,0.7,(0),(0),0.2,0.05,0.02,0.8,0.11,(0),24,0.16,(3),0.9,7.6,2.9,18,(16),(23),(22),(6.1),(12),(18),(19),(8.9),(27),(23),(7.5),(28),(14),(19),,,,,,,,,,8,169911
07,15,07136,（もも類）　もも　白肉種　生,"Peach, white flesh, raw",88.7,0.6,0.1,1.3,0.4,38,34.1,4,18,1,180,7,0.1,0.1,0.05,0.04,0,,0,0,1,0.1,(0),(0),0.7,0.01,0.01,0.6,0.02,(0),5,0.13,(1),0.3,6.1,2.6,6.6,10,16,17,3.5,5.1,8.7,9.0,5.7,15,15,2.4,14,7.8,8.4,(0.07),(0.03),(0),(0.03),(34),(1),(0),(0),(0),8,169928
07,15,07184,（もも類）　もも　黄肉種　生,"Peach, yellow flesh, raw",85.4,0.5,0.2,1.9,0.4,48,44.05,3,21,0,210,6,0.1,0.1,0.06,0.03,0,,0,0,2,0.1,-,-,1.3,0.02,0.02,0.7,0.01,0,8,0.15,1,0.2,6.1,2.6,6.6,16,18,18,3.5,5.9,9.3,10,8.6,19,14,3.2,14,8.4,11,0.05,0.02,0.01,0.02,17,6,0,0,0,8,169928
07,0,07137,（もも類）　もも　果実飲料　30%果汁入り飲料　（ネクター）,"Peach nectar, 30% juice",88.0,0.2,0.1,0.4,0.1,46,40.75,2,4,3,35,2,0.2,Tr,0.01,0.02,-,,-,-,-,,0,(0),0.4,Tr,0.01,0.2,Tr,(0),2,0.10,(1),-,,,30.2,,,,,,,,,,,,,,,(0.01),(Tr),(0),(0),(1),(1),(0),(0),(0),6,168185
07,0,07138,（もも類）　もも　缶詰　白肉種　果肉,"Peach, canned, white flesh, pulp",78.5,0.5,0.1,1.4,0.3,82,69.8,3,9,4,80,4,0.2,0.2,0.04,0.03,-,,-,-,-,0.3,(0),(0),1.2,0.01,0.02,0.3,0.01,(0),4,0.07,(3),-,4.1,1.7,2.9,(8.5),(14),(14),(3.0),(4.3),(7.2),(7.5),(4.8),(12),(12),(2.0),(12),(6.5),(7.0),(0.07),(0.04),(0),(0.04),(37),(0),(0),(0),(0),7,169929
07,0,07175,（もも類）　もも　缶詰　黄肉種　果肉,"Peach, canned, yellow flesh, solids",78.5,0.5,0.1,1.4,0.3,83,69.8,3,9,4,80,4,0.2,0.2,0.04,0.03,-,,-,-,-,0.3,(0),(0),1.2,0.01,0.02,0.3,0.01,(0),4,0.07,(3),-,4.1,1.7,2.9,(16),(18),(18),(3.5),(5.9),(9.3),(10),(8.6),(19),(14),(3.2),(14),(8.4),(11),,,,,,,,,,6,169929
07,0,07139,（もも類）　もも　缶詰　液汁,"Peach, canned, juice",79.5,0.3,0.1,0.3,0.3,81,70.15,2,7,4,80,4,0.2,0.1,0.04,0.03,-,,-,-,-,0.3,0,(0),0,0.01,0.01,0.3,0.01,(0),3,0,-,-,4.1,1.7,2.9,,,,,,,,,,,,,,,,,,,,,,,,7,169929
07,15,07140,（もも類）　ネクタリン　生,"Nectarine, raw",87.8,0.7,0.3,1.7,0.5,39,36.5,5,16,1,210,10,0.2,0.1,0.08,0.06,-,,-,-,-,0,(0),(0),1.4,0.02,0.03,0.7,0.01,(0),12,0.20,(2),-,6.2,2.2,5.4,(5.9),(9.2),(11),(4.0),(3.3),(7.3),(14),(4.6),(18),(5.9),(3.3),(8.6),(5.3),(5.9),(0.21),(0.11),(Tr),(0.10),(100),(2),(0),(0),(0),8,169914
07,10,07141,やまもも　生,"Bayberry, raw",87.8,0.5,0.2,1.1,0.2,47,39.15,4,5,4,120,7,0.4,0.1,0.03,0.22,-,,-,-,-,,(0),(0),0.3,0.04,0.03,0.3,0.05,0,26,0.21,-,-,,,6,,,,,,,,,,,,,,,,,,,,,,,,7,169915
07,30,07144,ライチー　生,"Lychee, raw",82.1,1.0,0.1,0.9,0.4,61,58.6,2,22,Tr,170,13,0.2,0.2,0.14,0.17,-,,-,-,-,0.6,(0),(0),0.1,0.02,0.06,1.0,0.09,0,100,0,(Tr),-,7.1,0.4,71.5,(20),(41),(35),(9.9),(0),(9.9),(23),(19),(42),(26),(0),(44),(9.2),(27),(0.08),(0.03),(0.01),(0.02),(15),(15),(0),(0),(0),6,169086
07,0,07146,ラズベリー　生,"Raspberry, raw",88.2,1.1,0.1,4.7,0.4,36,23.95,22,29,1,150,21,0.7,0.4,0.12,0.50,-,,-,-,-,0.2,(0),(0),0.8,0.02,0.04,0.6,0.07,0,38,0.43,(6),-,12.3,7.8,26.2,,,,,,,,,,,,,,,,,,,,,,,,8,167755
07,60,07147,りゅうがん　乾,"Longan, dried",19.4,5.1,0.4,2.8,2.2,310,266.6,30,94,2,1000,43,1.7,0.7,0.68,0.20,-,,-,-,-,,0,(0),0.1,0.03,0.74,2.5,0.20,(0),20,0,-,-,,,28,(100),(210),(180),(51),(0),(51),(120),(97),(210),(130),(0),(230),(47),(140),(0.32),(0.12),(0.06),(0.06),(61),(59),(0),(0),(0),7,169907
07,15,07148,りんご　皮なし　生,"Apple, without skin, raw",84.1,0.1,0.2,1.4,0.2,53,51.05,3,12,Tr,120,3,0.1,Tr,0.05,0.02,0,,0,1,0,0,(0),(0),0.1,0.02,Tr,0.1,0.04,(0),2,0.03,Tr,0.5,3.4,0.6,4,3.8,5.7,5.0,1.7,2.3,4.0,3.1,1.3,4.4,3.8,0.9,4.3,2.1,2.7,0.05,0.03,Tr,0.03,29,2,-,-,0,9,171689
07,8,07176,りんご　皮つき　生,"Apple, with skin, raw",83.1,0.2,0.3,1.9,0.2,56,53.3,4,12,Tr,120,5,0.1,0.1,0.05,0.04,0,,0,0,1,0,(0),(0),0.4,0.02,0.01,0.1,0.04,(0),3,0.05,2,0.7,3.4,0.6,4,(3.5),(7.5),(6.9),(0.6),(0.6),(1.2),(3.5),(0.6),(4.0),(3.5),(0.6),(6.9),(2.9),(3.5),(0.13),(0.08),(0.01),(0.06),(63),(13),(0),(0),(0),9,171689
07,0,07180,りんご　皮つき　焼き,"Apple, with skin, baked",77.2,0.2,0.4,2.5,0.3,86,72,5,17,1,170,7,0.1,0.1,0.07,0.05,1,,0,Tr,1,0.3,(0),(0),0.7,0.03,0.01,0.1,0.06,(0),4,0.05,3,0.9,3.4,0.7,0.3,(5.4),(12),(11),(0.9),(0.9),(1.8),(5.4),(0.9),(6.3),(5.4),(0.9),(11),(4.5),(5.4),,,,,,,,,,8,173929
07,0,07149,りんご　果実飲料　ストレートジュース,"Apple juice, not from concentrate",87.7,0.2,0.1,Tr,0.2,43,42.85,2,6,3,77,3,0.4,Tr,0.03,0.03,0,,0,1,Tr,0.1,(0),(0),0.1,0.01,0.01,0.1,0.03,(0),3,0.21,-,0.5,1.8,0,0.9,,,,,,,,,,,,,,,(0.03),(0.02),(Tr),(0.02),(19),(1),-,-,(0),8,173933
07,0,07150,りんご　果実飲料　濃縮還元ジュース,"Apple juice, from concentrate",88.1,0.1,0.2,Tr,0.2,47,41.95,3,9,6,110,4,0.1,Tr,0.02,0.04,-,,-,-,-,0.1,(0),(0),0.1,Tr,Tr,0.1,0.02,(0),2,0.11,-,-,1.8,0,38.5,,,,,,,,,,,,,,,(0.06),(0.04),(Tr),(0.04),(39),(3),-,-,(0),5,167771
07,0,07151,りんご　果実飲料　50%果汁入り飲料,"Apple drink, 50% juice",88.3,0.1,Tr,0,0.1,46,40.6,2,4,2,55,2,0.1,Tr,0.01,0.01,-,,-,-,-,0.1,0,(0),Tr,0,0,0,0.01,(0),1,0,-,-,1.8,0,24,,,,,,,,,,,,,,,(0.01),(0.01),(0),(0.01),(8),(1),-,-,(0),6,174112
07,0,07152,りんご　果実飲料　30%果汁入り飲料,"Apple drink, 30% juice",88.5,Tr,Tr,0,0.1,46,39.9,2,3,8,24,1,Tr,Tr,0.01,0.01,-,,-,-,-,,0,(0),0,0,0,0,0.01,(0),0,0,-,-,,,24,,,,,,,,,,,,,,,(0.01),(Tr),(0),(Tr),(4),(Tr),-,-,(0),6,174857
07,0,07153,りんご　缶詰,"Apple, canned",79.4,0.3,0.1,0.4,0.1,81,70.85,4,4,2,30,2,0.2,0.1,0.02,0.01,-,,-,-,-,0.3,0,(0),0.1,0.01,0.01,0.1,0.01,(0),3,0,-,-,2.8,0.5,1.7,(12),(18),(18),(3.3),(3.3),(6.7),(8.3),(5.0),(13),(12),(3.3),(13),(5.0),(10),(0.03),(0.02),(Tr),(0.02),(19),(1),-,-,(0),8,168822
07,0,07154,りんご　ジャム,Apple jam,46.9,0.2,0.1,0.8,0.1,203,183.2,6,4,7,33,2,0,Tr,0.02,0.01,1,,0,2,Tr,0.1,(0),(0),0.1,0.01,0,0,0.03,(0),1,0,-,0.3,1.8,0,57.9,(6.1),(9.4),(8.3),(2.8),(3.7),(6.5),(5.1),(2.0),(7.1),(5.9),(1.5),(7.0),(3.5),(4.4),(0.03),(0.02),(Tr),(0.02),(19),(1),-,-,(0),6,170959
08,15,08001,えのきたけ　生,"Enoki mushroom, raw",88.6,2.7,0.2,3.9,0.9,34,24.1,Tr,110,2,340,15,1.1,0.6,0.10,0.07,0,,1,0,Tr,2.2,0,0.9,0,0.24,0.17,6.8,0.12,(0),75,1.40,0,11.0,47.7,0,0,80,130,120,24,26,50,110,86,200,100,34,100,69,89,0.10,0.08,0.02,0.05,51,24,0,0,0,8,169382
08,0,08002,えのきたけ　ゆで,"Enoki mushroom, boiled",88.6,2.8,0.1,4.5,0.7,34,22.2,Tr,110,2,270,11,1.0,0.6,0.06,0.05,(0),,2,(0),Tr,2.2,0,0.8,(0),0.19,0.13,3.7,0.09,(0),30,0.96,0,11.0,47.7,0,0,(81),(130),(120),(25),(27),(51),(110),(86),(200),(100),(35),(100),(71),(91),(0.05),(0.04),(0.01),(0.03),(26),(12),(0),(0),(0),8,169382
08,0,08037,えのきたけ　油いため,"Enoki mushroom, stir-fried",83.3,3.0,3.9,4.6,1.0,71,58.35,Tr,120,3,380,16,1.2,0.6,0.11,0.08,-,,-,-,-,6.3,(0),0.8,(0.6),0.26,0.18,7.2,0.10,(0),47,1.47,(4),-,59.4,0,0,(86),(140),(130),(26),(28),(55),(120),(91),(210),(110),(37),(110),(75),(97),(3.52),(1.04),(0.30),(0.74),(740),(300),(0),(0),(0),8,168435
08,0,08003,えのきたけ　味付け瓶詰,"Enoki mushroom, seasoned, bottled",74.1,3.6,0.3,4.1,5.1,76,59.95,10,150,1700,320,26,0.8,0.6,0.08,0.24,-,,3,-,6,2.2,0,0.1,(0),0.26,0.17,4.4,0.09,(0),39,1.04,0,6.9,47.7,0,0,130,190,150,30,25,55,130,73,210,130,27,150,75,120,(0.15),(0.11),(0.04),(0.08),(77),(36),(0),(0),(0),5,169382
08,4,08054,（きくらげ類）　あらげきくらげ　生,"Wood ear mushroom, raw",93.6,0.7,0.1,5.6,0.2,14,3.3,10,16,7,59,9,0.1,0.1,0.01,0.02,Tr,,1,1,1,5.7,(0),0.1,(0),-,0.05,0.4,0.01,Tr,5,0.10,(0),1.9,,,,26,47,29,6.2,8.5,15,28,19,46,40,11,39,16,40,0.05,0.02,0,0.02,23,1,0,0,0,8,169242
08,0,08004,（きくらげ類）　あらげきくらげ　乾,"Wood ear mushroom, dried",13.1,6.9,0.7,79.5,2.2,184,30.1,82,110,46,630,110,10.0,0.8,0.18,1.15,25,,10,4,10,43.4,(0),130.0,(0),0.01,0.44,1.7,0.08,(0),15,0.61,0,21.0,,,0,220,440,230,62,87,150,310,160,470,370,130,340,130,300,0.38,0.19,0.01,0.18,180,12,0,0,0,8,168581
08,0,08005,（きくらげ類）　あらげきくらげ　ゆで,"Wood ear mushroom, boiled",82.3,1.2,0.1,16.3,0.3,38,5.05,35,11,10,75,24,1.7,0.1,0.04,0.20,1,,2,1,1,11.1,(0),25.0,(0),0,0.07,0.1,0.01,(0),1,0,0,1.2,,,0.6,(37),(75),(40),(11),(15),(26),(53),(26),(79),(60),(23),(56),(23),(51),(0.06),(0.03),(Tr),(0.03),(26),(2),(0),(0),(0),8,169237
08,0,08038,（きくらげ類）　あらげきくらげ　油いため,"Wood ear mushroom, stir-fried",64.2,2.3,5.2,28.6,0.6,110,52.25,29,18,11,130,37,4.3,0.3,0.06,0.33,-,,-,-,-,6.3,(0),38.0,(0.8),0,0.11,0.1,0.02,(0),4,0.06,(6),-,59.4,0,0,(70),(140),(76),(20),(28),(49),(100),(50),(150),(110),(43),(110),(44),(97),(4.75),(1.36),(0.38),(0.98),(980),(380),(0),(0),(0),7,168435
08,0,08006,（きくらげ類）　きくらげ　乾,"Cloud ear mushroom, dried",14.9,7.9,2.1,57.4,4.0,216,93.45,310,230,59,1000,210,35.0,2.1,0.31,6.18,7,,9,27,6,43.4,(0),85.0,0,0.19,0.87,3.2,0.10,(0),87,1.14,0,27.0,,,0,260,500,340,90,92,180,310,220,530,430,140,370,200,370,1.24,0.62,0.01,0.60,600,14,0,0,0,8,168581
08,0,08007,（きくらげ類）　きくらげ　ゆで,"Cloud ear mushroom, boiled",93.8,0.6,0.2,5.2,0.2,14,3.8,25,10,9,37,27,0.7,0.2,0.03,0.53,0,,Tr,2,Tr,43.4,(0),8.8,(0),0.01,0.06,Tr,0.01,(0),2,0,0,1.3,,,0,(19),(38),(26),(6.7),(6.9),(14),(23),(16),(39),(30),(10),(27),(15),(27),(0.12),(0.06),(Tr),(0.06),(58),(1),(0),(0),(0),8,168581
08,0,08008,（きくらげ類）　しろきくらげ　乾,"White fungus, dried",14.6,4.9,0.7,68.7,5.3,170,43.4,240,260,28,1400,67,4.4,3.6,0.10,0.18,0,,1,7,1,43.4,0,15.0,(0),0.12,0.70,2.2,0.10,(0),76,1.37,0,87.0,,,0,160,270,210,57,110,170,170,180,360,250,89,220,90,350,0.48,0.15,Tr,0.15,150,1,0,0,0,8,168581
08,0,08009,（きくらげ類）　しろきくらげ　ゆで,"White fungus, boiled",92.6,0.4,Tr,6.4,0.3,15,2.45,27,11,2,79,8,0.2,0.3,0.01,0.01,0,,0,0,0,0.2,0,1.2,(0),0,0.05,Tr,0.01,(0),1,0,0,4.4,,,8.5,(13),(22),(17),(4.6),(8.9),(14),(14),(14),(29),(19),(7.2),(18),(7.3),(28),,,,,,,,,,8,169233
08,10,08010,くろあわびたけ　生,"Black abalone mushroom, raw",90.2,3.7,0.4,4.1,0.8,28,19.15,2,100,3,300,18,0.5,0.7,0.15,0.07,0,,3,Tr,1,2.2,0,0.3,0,0.21,0.22,2.9,0.09,(0),65,1.32,0,10,47.7,0,0,(120),(190),(160),(28),(31),(59),(130),(110),(240),(140),(42),(150),(73),(180),(0.15),(0.11),(0),(0.11),(110),(Tr),(0),(0),(0),8,169382
08,20,08039,しいたけ　生しいたけ　菌床栽培　生,"Shiitake mushroom, cultivated, raw",89.6,3.1,0.3,4.9,0.6,25,18.65,1,87,1,290,14,0.4,0.9,0.10,0.21,0,,5,1,4,5.7,0,0.3,0,0.13,0.21,3.4,0.21,0,49,1.21,0,7.6,,,,110,160,150,28,21,48,100,77,180,130,39,130,59,140,0.19,0.15,0,0.15,150,Tr,0,0,0,8,169242
08,0,08040,しいたけ　生しいたけ　菌床栽培　ゆで,"Shiitake mushroom, cultivated, boiled",91.5,2.5,0.4,4.4,0.5,22,14.6,1,65,1,200,11,0.3,0.8,0.06,0.16,-,,-,-,-,5.7,(0),0.5,(0),0.08,0.11,2.0,0.12,(0),14,0.71,(0),-,,,,(83),(130),(120),(22),(17),(39),(82),(60),(140),(100),(32),(100),(47),(110),(0.25),(0.19),(0),(0.19),(190),(Tr),(0),(0),(0),8,169242
08,0,08041,しいたけ　生しいたけ　菌床栽培　油いため,"Shiitake mushroom, cultivated, stir-fried",84.7,3.3,4.1,4.7,0.7,65,55.15,2,92,1,300,16,0.4,1.0,0.09,0.24,-,,-,-,-,6.3,(0),0.5,(0.6),0.16,0.18,3.3,0.18,(0),20,1.28,(4),-,59.4,0,0,(110),(170),(160),(28),(21),(50),(110),(77),(180),(130),(41),(130),(61),(140),(3.66),(1.13),(0.28),(0.85),(850),(280),(0),(0),(0),7,168435
08,0,08057,しいたけ　生しいたけ　菌床栽培　天ぷら,"Shiitake mushroom, cultivated, tempura",64.1,3.4,14.0,4.4,0.6,201,178.15,40,84,32,230,13,0.3,0.7,0.08,0.25,0,,4,1,5,6.3,-,0.3,2.4,0.11,0.18,2.4,0.13,0,12,0.94,17,5.2,59.4,0,0,,,,,,,,,,,,,,,13.08,3.79,1.18,2.60,2600,1200,0,0,0,4,168435
08,20,08042,しいたけ　生しいたけ　原木栽培　生,"Shiitake mushroom, log-grown, raw",88.3,3.1,0.4,5.5,0.7,34,21.25,2,61,1,270,16,0.4,0.7,0.06,0.27,0,,1,Tr,1,5.7,(0),0.4,(0),0.13,0.22,3.4,0.19,(0),75,0.95,(0),7.7,,,,99,160,140,28,34,62,96,75,170,130,37,120,53,140,0.21,0.16,0,0.16,160,Tr,0,0,Tr,8,169242
08,0,08043,しいたけ　生しいたけ　原木栽培　ゆで,"Shiitake mushroom, log-grown, boiled",90.8,2.4,0.4,4.8,0.4,27,16,1,45,Tr,170,10,0.2,0.5,0.05,0.19,-,,-,-,-,24.8,(0),0.4,(0),0.06,0.12,2.0,0.10,(0),25,0.56,(0),-,80,0,0.3,(76),(120),(110),(22),(26),(48),(75),(57),(130),(93),(29),(95),(42),(110),(0.25),(0.19),(0),(0.19),(190),(Tr),(0),(0),(Tr),9,170097
08,0,08044,しいたけ　生しいたけ　原木栽培　油いため,"Shiitake mushroom, log-grown, stir-fried",81.3,3.8,5.4,6.4,0.7,84,67.6,2,75,1,330,18,0.4,0.7,0.08,0.32,-,,-,-,-,6.3,(0),0.5,(0.8),0.14,0.26,4.4,0.18,(0),51,1.15,(6),-,59.4,0,0,(120),(190),(170),(34),(40),(74),(120),(87),(200),(140),(44),(150),(64),(160),(4.91),(1.49),(0.38),(1.12),(1100),(380),(0),(0),(Tr),8,168435
08,20,08013,しいたけ　乾しいたけ　乾,"Shiitake mushroom, dried",9.1,21.2,2.8,46.7,4.4,258,153.3,12,290,14,2200,100,3.2,2.7,0.60,0.96,4,,5,5,3,46.1,0,17.0,0,0.48,1.74,19.0,0.49,-,270,8.77,0,41.0,201.7,0,3.5,680,1100,1000,240,260,510,700,440,1100,900,260,840,400,860,(1.60),(1.22),(Tr),(1.22),(1200),(1),(0),(0),(1),8,168436
08,0,08014,しいたけ　乾しいたけ　ゆで,"Shiitake mushroom, dried, boiled",86.2,3.1,0.3,6.7,0.5,40,24.6,4,38,3,200,9,0.5,0.3,0.07,0.12,0,,1,2,1,5.7,0,1.4,-,0.05,0.26,2.0,0.07,-,35,0.86,-,7.0,,,,(96),(160),(150),(35),(38),(74),(100),(62),(160),(120),(38),(120),(58),(120),(0.17),(0.13),(0),(0.13),(130),(Tr),(0),(0),(Tr),8,169242
08,0,08053,しいたけ　乾しいたけ　甘煮,"Shiitake mushroom, dried, sweet simmered",64.7,3.3,0.4,6.7,2.7,116,92.65,13,44,1000,90,14,0.7,0.9,0.09,0.25,2,,3,4,10,24.8,0,0.2,0,0.01,0.06,0.6,0.04,Tr,11,0.10,0,5.5,80,0,0.3,130,200,140,34,23,57,120,63,190,130,31,140,60,120,,,,,,,,,,7,170097
08,15,08015,（しめじ類）　はたけしめじ　生,"Hatake shimeji mushroom, raw",92.0,2.6,0.3,2.7,0.7,25,17.6,1,64,4,260,8,0.6,0.4,0.13,0.14,-,,-,-,-,2.2,(0),0.9,0,0.12,0.44,5.3,0.11,(0),20,2.08,(0),-,47.7,0,0,,,,,,,,,,,,,,,,,,,,,,,,8,169382
08,0,08045,（しめじ類）　はたけしめじ　ゆで,"Hatake shimeji mushroom, boiled",91.3,2.6,0.3,4.6,0.6,25,13.75,1,61,3,200,8,0.5,0.4,0.13,0.13,-,,-,-,-,6.3,(0),1.1,(0),0.08,0.28,3.6,0.07,(0),6,1.53,(0),-,59.4,0,0,,,,,,,,,,,,,,,,,,,,,,,,8,168435
08,10,08016,（しめじ類）　ぶなしめじ　生,"Buna shimeji mushroom, raw",91.1,2.7,0.5,3.0,0.9,26,20,1,96,2,370,11,0.5,0.5,0.06,0.16,1,,2,0,6,2.2,0,0.5,0,0.15,0.17,6.1,0.09,0.1,29,0.81,0,8.7,47.7,0,0,80,130,120,17,25,41,80,61,140,100,19,100,50,150,0.22,0.15,0,0.15,150,1,0,0,0,8,169382
08,0,08017,（しめじ類）　ぶなしめじ　ゆで,"Buna shimeji mushroom, boiled",91.1,2.7,0.2,4.2,0.7,22,15,2,90,2,280,9,0.4,0.6,0.05,0.16,0,,2,0,3,6.3,0,0.9,(0),0.12,0.10,4.2,0.06,(0),24,1.07,0,7.3,59.4,0,0,(80),(130),(120),(16),(26),(42),(80),(59),(140),(97),(19),(100),(48),(150),(0.10),(0.07),(0),(0.07),(71),(Tr),(0),(0),(0),8,168435
08,0,08046,（しめじ類）　ぶなしめじ　油いため,"Buna shimeji mushroom, stir-fried",85.9,3.0,5.5,3.7,0.8,65,61.1,1,110,2,420,12,0.6,0.6,0.06,0.18,-,,-,-,-,6.3,(0),0.5,(0.6),0.17,0.19,6.5,0.09,(0),28,0.73,(5),-,59.4,0,0,(88),(140),(130),(18),(29),(46),(88),(64),(150),(110),(21),(110),(53),(160),(4.68),(1.45),(0.35),(1.10),(1100),(350),(0),(0),(0),8,168435
08,0,08055,（しめじ類）　ぶなしめじ　素揚げ,"Buna shimeji mushroom, deep-fried",70.5,3.9,14.3,6.2,1.2,168,148.85,1,130,2,570,15,1.1,0.8,0.07,0.24,0,,3,Tr,9,6.3,(0),0.4,2.8,0.20,0.26,7.0,0.11,Tr,30,1.19,28,11.0,59.4,0,0,120,200,170,31,35,67,120,90,210,160,47,150,74,230,13.30,4.02,1.18,2.82,2800,1200,0,0,0,7,168435
08,0,08056,（しめじ類）　ぶなしめじ　天ぷら,"Buna shimeji mushroom, tempura",55.5,3.4,17.1,4.8,0.8,248,221.65,58,78,46,230,10,0.5,0.3,0.05,0.21,1,,1,Tr,5,6.3,0,0.2,3.0,0.09,0.18,3.0,0.06,0,13,0.42,27,4.2,59.4,0,0,110,210,99,45,58,100,140,96,240,110,39,140,68,150,15.83,4.71,1.41,3.29,3300,1400,0,0,0,3,168435
08,20,08018,（しめじ類）　ほんしめじ　生,"Hon shimeji mushroom, raw",93.6,2.5,0.4,1.9,0.6,21,15.65,2,76,1,310,8,0.6,0.7,0.32,0.18,-,,-,-,-,2.2,(0),0.6,(0),0.07,0.28,5.1,0.19,(0),24,1.59,(0),-,47.7,0,0,,,,,,,,,,,,,,,,,,,,,,,,7,169382
08,0,08047,（しめじ類）　ほんしめじ　ゆで,"Hon shimeji mushroom, boiled",92.1,2.8,0.6,3.3,0.5,26,17.35,2,67,1,210,8,0.6,0.9,0.29,0.17,-,,-,-,-,6.3,(0),1.2,(0),0.06,0.17,3.7,0.11,(0),11,1.11,(0),-,59.4,0,0,,,,,,,,,,,,,,,,,,,,,,,,8,168435
08,15,08019,たもぎたけ　生,"Tamogi mushroom, raw",91.7,3.6,0.3,3.3,0.7,23,16.55,2,85,1,190,11,0.8,0.6,0.32,0.06,1,,4,0,Tr,2.2,0,0.8,0,0.17,0.33,12.0,0.12,(0),80,1.32,0,23.0,47.7,0,0,(110),(180),(150),(27),(30),(57),(120),(110),(230),(140),(41),(150),(71),(170),(0.11),(0.08),(0),(0.08),(80),(Tr),(0),(0),(0),8,169382
08,20,08020,なめこ　株採り　生,"Nameko mushroom, cluster, raw",92.1,1.8,0.2,3.4,0.5,21,15,4,68,3,240,10,0.7,0.5,0.11,0.06,Tr,,2,Tr,1,2.2,(0),0,0,0.07,0.12,5.3,0.05,Tr,60,1.29,(0),7.4,47.7,0,0,62,98,66,18,15,33,38,20,58,79,11,77,36,79,0.11,0.07,0,0.07,71,0,0,0,0,8,169382
08,0,08021,なめこ　株採り　ゆで,"Nameko mushroom, whole, boiled",92.7,1.6,0.1,2.8,0.5,22,14.5,4,56,3,210,10,0.6,0.5,0.12,0.06,-,,-,-,-,2.2,(0),0,(0),0.06,0.10,4.7,0.04,(0),67,1.33,(0),-,47.7,0,0,(55),(88),(59),(16),(13),(30),(34),(17),(51),(67),(10),(68),(32),(70),(0.06),(0.04),(0),(0.04),(39),(0),(0),(0),(0),8,169382
08,0,08058,なめこ　カットなめこ　生,"Nameko mushroom, sliced, raw",94.9,1.1,0.1,1.9,0.3,14,10.65,2,36,3,130,6,0.5,0.4,0.04,0.04,0,,1,Tr,1,2.2,0,0,0,0.03,0.08,3.5,0.04,0.1,57,0.48,0,4.3,47.7,0,0,36,69,51,8.5,9.4,18,40,26,66,52,12,51,24,55,0.06,0.04,0,0.04,42,0,0,0,0,8,169382
08,0,08022,なめこ　水煮缶詰,"Nameko mushroom, canned, boiled",95.5,1.0,0.1,2.5,0.2,13,6.8,3,39,8,100,5,0.8,0.5,0.04,0.08,0,,2,1,1,4.1,0,0.1,(0),0.03,0.07,2.1,0.02,(0),13,0.52,0,3.3,20.4,0,0,(34),(55),(37),(10),(8.3),(19),(21),(11),(32),(42),(6.4),(42),(20),(44),(0.05),(0.03),(0),(0.03),(34),(0),(0),(0),(0),8,169254
08,8,08023,ぬめりすぎたけ　生,"Slippery jack mushroom, raw",92.6,2.3,0.4,2.5,0.6,23,17.05,1,65,1,260,9,0.6,0.4,0.19,0.05,1,,2,0,1,2.2,0,0.4,0,0.16,0.34,5.9,0.08,(0),19,1.77,0,9.9,47.7,0,0,(79),(130),(85),(24),(19),(43),(49),(25),(74),(96),(15),(97),(47),(100),(0.21),(0.14),(0),(0.14),(140),(Tr),(0),(0),(0),8,169382
08,8,08024,（ひらたけ類）　うすひらたけ　生,"Oyster mushroom, thin, raw",88.0,6.1,0.2,3.8,0.9,37,26.55,2,110,1,220,15,0.6,0.9,0.15,0.11,1,,7,1,2,2.6,0,2.4,0,0.30,0.41,6.9,0.23,(0),100,2.44,0,26.0,48.7,0,0,(190),(310),(260),(46),(51),(96),(210),(180),(390),(230),(70),(250),(120),(290),(0.08),(0.05),(0),(0.05),(54),(Tr),(0),(0),(0),7,168580
08,6,08025,（ひらたけ類）　エリンギ　生,"King oyster mushroom, raw",90.2,2.8,0.4,3.4,0.7,31,21.95,Tr,89,2,340,12,0.3,0.6,0.10,0.06,1,,2,0,2,2.2,(0),1.2,0,0.11,0.22,6.1,0.14,(0),65,1.16,(0),6.9,47.7,0,0,97,150,140,30,26,56,95,77,170,120,38,120,49,130,0.20,0.12,0,0.12,120,Tr,0,0,0,8,169382
08,0,08048,（ひらたけ類）　エリンギ　ゆで,"King oyster mushroom, boiled",89.3,3.2,0.5,4.8,0.5,32,21.4,Tr,88,2,260,10,0.3,0.7,0.09,0.06,-,,-,-,-,6.3,(0),2.6,(0),0.08,0.16,4.2,0.10,(0),20,1.02,(0),-,59.4,0,0,(110),(180),(160),(34),(30),(64),(110),(86),(190),(130),(44),(140),(56),(150),(0.25),(0.15),(0),(0.15),(150),(Tr),(0),(0),(0),8,168435
08,0,08049,（ひらたけ類）　エリンギ　焼き,"King oyster mushroom, grilled",85.3,4.2,0.5,5.4,1.0,41,31.55,Tr,130,3,500,17,0.4,0.9,0.15,0.11,-,,-,-,-,21.9,(0),3.1,(0),0.18,0.31,9.1,0.17,(0),53,1.66,(0),-,32.8,0,0,(140),(230),(220),(45),(39),(84),(140),(110),(260),(170),(57),(180),(74),(200),(0.28),(0.17),(0),(0.17),(170),(Tr),(0),(0),(0),8,169243
08,0,08050,（ひらたけ類）　エリンギ　油いため,"King oyster mushroom, stir-fried",84.2,3.2,3.7,4.2,0.8,69,56.3,Tr,100,3,380,13,0.3,0.7,0.11,0.07,-,,-,-,-,6.3,(0),1.4,(0.5),0.13,0.24,6.8,0.13,(0),36,1.31,(4),-,59.4,0,0,(110),(170),(160),(34),(29),(63),(110),(85),(190),(130),(43),(140),(56),(150),(3.31),(1.00),(0.25),(0.75),(750),(250),(0),(0),(0),8,168435
08,8,08026,（ひらたけ類）　ひらたけ　生,"Oyster mushroom, raw",89.4,3.3,0.3,2.6,0.8,34,26.7,1,100,2,340,15,0.7,1.0,0.15,0.16,0,,6,1,1,2.6,0,0.3,(0),0.40,0.40,11.0,0.10,(0),92,2.40,0,12.0,48.7,0,0,110,170,140,25,28,53,110,100,220,130,38,140,65,160,0.11,0.08,0,0.08,80,Tr,0,0,0,8,168580
08,0,08027,（ひらたけ類）　ひらたけ　ゆで,"Oyster mushroom, boiled",89.1,3.4,0.2,3.7,0.7,33,23.75,1,86,2,260,10,0.7,1.4,0.11,0.15,(0),,-,0,1,2.6,0,0.5,(0),0.30,0.27,7.0,0.06,(0),71,2.36,0,13.0,48.7,0,0,(110),(170),(150),(26),(28),(54),(120),(100),(220),(130),(39),(140),(67),(160),(0.08),(0.05),(0),(0.05),(54),(Tr),(0),(0),(0),8,168580
08,10,08028,まいたけ　生,"Maitake mushroom, raw",92.7,2.0,0.5,3.5,0.6,22,13.7,Tr,54,0,230,10,0.2,0.7,0.22,0.04,0,,2,1,1,2.2,(0),4.9,(0),0.09,0.19,5.0,0.06,(0),53,0.56,(0),24.0,51.1,0,0,58,67,85,13,20,33,60,59,120,87,26,86,42,87,0.27,0.14,Tr,0.14,140,1,0,0,0,8,169403
08,0,08029,まいたけ　ゆで,"Maitake mushroom, boiled",91.1,1.6,0.5,4.3,0.3,27,17.55,Tr,36,0,110,8,0.2,0.6,0.14,0.03,(0),,3,0,Tr,2.2,(0),5.9,(0),0.04,0.07,1.8,0.03,(0),24,0.63,(0),22.0,51.1,0,0,(46),(54),(69),(11),(16),(27),(49),(47),(96),(66),(21),(69),(34),(70),(0.31),(0.16),(Tr),(0.15),(150),(2),(0),(0),(0),8,169403
08,0,08051,まいたけ　油いため,"Maitake mushroom, stir-fried",85.5,2.6,4.4,4.7,0.7,67,53.85,Tr,72,0,300,13,0.2,0.8,0.27,0.06,-,,-,-,-,6.3,(0),7.7,(0.6),0.11,0.21,6.1,0.07,(0),57,0.80,(5),-,59.4,0,0,90,140,120,29,29,57,93,77,170,120,37,120,56,120,3.97,1.16,0.32,0.84,840,320,0,0,0,8,168435
08,0,08030,まいたけ　乾,"Maitake mushroom, dried",9.3,21.9,3.9,40.9,5.0,273,176.3,2,700,3,2500,100,2.6,6.9,1.78,0.47,1,,14,2,9,46.1,(0),20.0,(0),1.24,1.92,64.0,0.28,(0),220,3.67,0,240.0,201.7,0,3.5,(630),(740),(940),(150),(220),(370),(660),(630),(1300),(900),(290),(930),(460),(950),(2.33),(1.18),(0.01),(1.17),(1200),(12),(0),(0),(0),8,168436
08,5,08031,マッシュルーム　生,"Mushroom, white, raw",93.9,2.9,0.3,2.0,0.8,15,13.05,3,100,6,350,10,0.3,0.4,0.32,0.04,1,,14,0,2,9.3,0,0.3,0,0.06,0.29,3.0,0.11,(0),28,1.54,0,11.0,17.3,0,2.1,98,150,120,28,18,46,88,43,130,110,36,120,50,85,0.14,0.10,0,0.10,100,Tr,0,0,0,8,169251
08,0,08032,マッシュルーム　ゆで,"Mushroom, white, boiled",91.5,3.8,0.2,3.3,0.8,20,16.4,4,99,6,310,11,0.3,0.6,0.36,0.05,0,,11,(0),2,9.3,0,0.5,(0),0.05,0.28,2.7,0.08,(0),19,1.43,0,12.0,17.3,0,2.1,(120),(190),(150),(36),(23),(59),(110),(54),(170),(140),(46),(150),(65),(110),(0.09),(0.07),(0),(0.07),(67),(0),(0),(0),(0),8,169251
08,0,08052,マッシュルーム　油いため,"Mushroom, white, stir-fried",86.4,3.6,4.5,3.4,1.0,57,54.7,4,120,8,450,12,0.4,0.5,0.40,0.05,-,,-,-,-,13.9,(0),0.8,(0.6),0.08,0.38,3.8,0.12,(0),23,1.67,(5),-,21.9,0,0,(120),(180),(140),(34),(22),(56),(110),(51),(160),(130),(44),(140),(62),(100),(4.04),(1.21),(0.31),(0.90),(900),(310),(0),(0),(0),8,169253
08,15,08059,マッシュルーム　ブラウン種　生,"Mushroom, brown, raw",92.7,3.2,0.4,2.5,0.9,18,15.65,4,100,6,390,10,0.2,0.5,0.33,0.05,0,,16,Tr,2,9.3,-,0,-,0.12,0.47,4.2,0.15,-,38,1.17,-,12,17.3,0,2.1,100,160,120,31,19,50,94,57,150,120,39,120,54,99,0.23,0.17,0,0.17,170,Tr,0,0,0,8,169251
08,0,08033,マッシュルーム　水煮缶詰,"Mushroom, canned, boiled",92.0,3.4,0.2,3.2,1.1,18,13.95,8,55,350,85,5,0.8,1.0,0.19,0.04,1,,5,(0),2,4.1,0,0.4,(0),0.03,0.24,1.0,0.01,(0),2,0.11,0,10.0,20.4,0,0,(110),(170),(130),(32),(20),(53),(100),(48),(150),(120),(41),(130),(58),(97),(0.09),(0.07),(0),(0.07),(67),(0),(0),(0),(0),8,169254
08,3,08034,まつたけ　生,"Matsutake mushroom, raw",88.3,2.0,0.6,4.7,0.9,32,24.35,6,40,2,410,8,1.3,0.8,0.24,0.12,3,,82,14,1,5.7,0,0.6,(0),0.10,0.10,8.0,0.15,(0),63,1.91,0,18.0,,,,56,96,78,15,22,37,60,47,110,80,17,70,38,72,0.22,0.06,0,0.06,57,Tr,0,0,0,8,169242
08,10,08036,やなぎまつたけ　生,"Velvet shank mushroom, raw",92.8,2.4,0.1,3.0,0.7,20,12.75,Tr,110,1,360,13,0.5,0.6,0.20,0.08,1,,2,0,2,2.2,0,0.4,0,0.27,0.34,6.1,0.11,(0),33,2.61,0,11.0,47.7,0,0,,,,,,,,,,,,,,,(0.04),(0.01),(0),(0.01),(9),(0),(0),(0),(0),8,169382
09,0,09001,あおさ　素干し,"Aosa seaweed, dried",16.9,22.1,0.6,29.1,18.7,201,126.55,490,160,3900,3200,3200,5.3,1.2,0.80,17.00,2200,,8,160,23,7.4,(0),(0),1.1,0.07,0.48,10.0,0.09,37.2,180,0.44,5,31.0,63.3,24.4,0,810,1400,960,380,360,740,1100,670,1800,1100,340,1300,410,1200,0.34,0.17,0.10,0.03,20,46,1,0,3,7,170090
09,0,09002,あおのり　素干し,"Green laver, dried",6.5,29.4,5.2,35.2,17.8,249,167.75,750,390,3200,2500,1400,77.0,1.6,0.58,13.00,2700,,7,39,18,7.2,(0),(0),2.5,0.92,1.66,6.3,0.50,41.6,270,0.57,3,71.0,66,25.5,10.1,980,1800,1200,580,450,1000,1300,740,2000,1400,430,1500,470,1400,3.13,1.65,1.46,0.19,130,780,30,0,20,7,170495
09,0,09003,あまのり　ほしのり,"Nori, dried",8.4,39.4,3.7,31.2,9.8,276,195.6,140,690,610,3100,340,11.0,3.7,0.62,2.51,1400,,7,5,93,7.2,(0),(0),4.3,1.21,2.68,12.0,0.61,39.6,1200,0.93,2600,41.0,66,25.5,10.1,1600,2800,1900,860,660,1500,1500,1300,2700,2000,490,2500,550,2200,2.14,1.39,1.19,0.20,39,4,1200,-,98,8,170495
09,0,09004,あまのり　焼きのり,"Nori, roasted",2.3,41.4,3.7,36.0,8.3,297,205.4,280,700,530,2400,300,11.0,3.6,0.55,3.72,2100,,9,6,220,7.2,(0),(0),4.6,0.69,2.33,12.0,0.59,56.7,1900,1.18,390,47.0,57.9,50.3,0,1500,2800,2000,840,620,1500,1500,1300,2800,2100,520,2400,620,2300,2.14,1.39,1.19,0.20,39,4,1200,-,98,8,173157
09,0,09005,あまのり　味付けのり,"Nori, seasoned",3.4,40.0,3.5,25.2,11.3,303,227.85,170,710,1700,2700,290,8.2,3.7,0.59,2.35,2000,true,-,-,-,7.2,(0),(0),3.7,0.61,2.31,12.0,0.51,67.9,1600,1.28,650,-,66,25.5,10.1,1400,2600,1800,700,540,1200,1400,1100,2500,2000,440,2200,600,2000,2.42,1.54,1.30,0.25,43,5,1300,0,110,7,170495
09,0,09006,あらめ　蒸し干し,"Arame, steamed and dried",16.7,12.4,0.7,48.0,14.0,184,78.05,790,250,2300,3200,530,3.5,1.1,0.17,0.23,40000,true,-,-,-,7.4,0,(0),0.6,0.10,0.26,2.3,0.02,0.1,110,0.28,260,-,63.3,24.4,0,(430),(780),(550),(210),(270),(480),(480),(240),(720),(530),(140),(590),(210),(400),0.50,0.20,0.07,0.13,38,18,21,2,80,7,170090
09,0,09007,いわのり　素干し,"Rock seaweed, dried",8.4,34.8,0.7,36.4,17.0,228,137.2,86,530,2100,4500,340,48.0,2.3,0.39,1.58,2000,true,-,-,-,7.2,(0),(0),4.2,0.57,2.07,5.4,0.38,69.4,1500,0.71,1700,-,66,25.5,10.1,(1400),(2500),(1700),(760),(580),(1300),(1300),(1100),(2400),(1800),(430),(2200),(490),(1900),0.53,0.34,0.27,0.06,11,1,270,Tr,29,7,170495
09,0,09012,うみぶどう　生,"Sea grapes, raw",97.0,0.5,0.1,0.8,1.2,6,4,34,10,330,39,51,0.8,Tr,0.01,0.08,80,,0,Tr,Tr,0.6,(0),(0),0.2,Tr,0.01,Tr,0,0,4,0,35,0.1,7.6,0.4,20.6,,,,,,,,,,,,,,,0.04,0.02,0.01,0.01,4,7,1,Tr,1,7,167761
09,0,09008,えごのり　素干し,"Egono-ri seaweed, dried",15.2,9.0,0.1,53.3,13.5,179,63.5,210,110,2400,2300,570,6.8,2.0,0.31,5.73,800,true,-,-,-,7.4,(0),(0),0.4,0.04,0.29,0.7,0.03,6.2,44,0.38,230,-,63.3,24.4,0,,,,,,,,,,,,,,,,,,,,,,,,7,170090
09,0,09009,えごのり　おきうと,"Egono-ri seaweed, okuito",96.9,0.3,0.1,2.5,0.2,7,1.9,19,3,20,22,16,0.6,0.1,0.01,0.34,30,true,-,-,-,0.7,(0),(0),Tr,0,0.01,0,0,1.3,7,0,1,-,13.9,5.3,3,,,,,,,,,,,,,,,,,,,,,,,,7,170496
09,0,09010,おごのり　塩蔵　塩抜き,"Ogono-ri seaweed, salted, desalted",89.0,1.3,0.1,7.5,0.8,26,9.95,54,14,130,1,110,4.2,0.2,0.03,1.63,150,true,-,-,-,,(0),(0),0.1,0.02,0.18,0.1,0,0,3,0,160,-,,,3.5,,,,,,,,,,,,,,,,,,,,,,,,8,167603
09,0,09011,かわのり　素干し,"River seaweed, dried",13.7,38.1,1.6,41.7,4.9,247,146.95,450,730,85,500,250,61.0,5.5,0.60,2.07,50,true,-,-,-,7.2,(0),(0),3.2,0.38,2.10,3.0,0.36,4.2,1200,1.20,4,-,66,25.5,10.1,(1600),(2700),(1900),(830),(630),(1500),(1400),(1200),(2600),(1900),(470),(2400),(540),(2100),(0.93),(0.60),(0.51),(0.09),(17),(2),(500),-,(43),7,170495
09,0,09013,（こんぶ類）　えながおにこんぶ　素干し,"Enagao onikombu kelp, dried",10.4,11.0,1.0,24.9,21.9,224,154.8,650,340,2400,7300,490,2.5,1.0,0.07,0.20,200000,true,-,-,-,7.4,0,(0),0.7,0.10,0.25,1.5,0.03,0.1,190,0.27,110,-,63.3,24.4,0,(380),(690),(490),(180),(240),(430),(420),(210),(640),(470),(130),(530),(190),(360),0.64,0.35,0.17,0.18,54,31,70,0,100,7,170090
09,0,09014,（こんぶ類）　がごめこんぶ　素干し,"Gagome kelp, dried",8.3,7.9,0.5,34.2,21.2,216,129.55,750,320,3000,5700,660,3.3,0.8,0.03,0.22,200000,true,-,-,-,7.4,(0),(0),0.6,0.21,0.32,1.5,0.03,0,42,0.13,170,-,63.3,24.4,0,(270),(500),(350),(130),(170),(310),(300),(150),(460),(340),(91),(380),(140),(260),(0.37),(0.12),(0.04),(0.08),(29),(8),(19),(0),(40),8,170090
09,0,09015,（こんぶ類）　ながこんぶ　素干し,"Naga kelp, dried",10.0,8.3,1.5,36.8,21.7,205,117.75,430,320,3000,5200,700,3.0,0.9,0.19,0.41,210000,,2,5,15,7.4,(0),(0),0.3,0.19,0.41,2.1,0.02,0.1,38,0.20,240,16.0,63.3,24.4,0,(290),(520),(370),(140),(180),(320),(320),(160),(480),(360),(95),(400),(140),(270),(1.10),(0.36),(0.13),(0.23),(88),(24),(58),(0),(120),7,170090
09,0,09016,（こんぶ類）　ほそめこんぶ　素干し,"Hosome kelp, dried",11.3,6.9,1.7,32.9,17.2,227,143.6,900,140,2400,4000,590,9.6,1.1,0.06,0.61,200000,true,-,-,-,7.4,(0),(0),1.5,0.06,0.28,1.6,0.03,0,310,0.24,96,-,63.3,24.4,0,(240),(430),(300),(110),(150),(270),(270),(130),(400),(300),(79),(330),(120),(230),(1.24),(0.41),(0.15),(0.27),(100),(27),(65),(0),(140),7,170090
09,0,09017,（こんぶ類）　まこんぶ　素干し　乾,"Ma kelp, dried",9.5,5.8,1.3,32.1,19.1,170,144.05,780,180,2600,6100,530,3.2,0.9,0.11,0.21,200000,,2,14,11,7.4,(0),(0),2.6,0.26,0.31,1.3,0.03,(0),240,0.35,110,9.7,63.3,24.4,0,190,340,240,90,120,210,210,120,330,260,63,270,94,190,0.96,0.32,0.11,0.21,77,21,51,0,110,7,170090
09,0,09056,（こんぶ類）　まこんぶ　素干し　水煮,"Ma kelp, dried, boiled",83.9,1.1,0.3,8.7,3.1,28,16.55,200,24,370,890,120,0.7,0.3,0.03,0.05,19000,,Tr,2,1,1,(0),(0),0.6,0.03,0.03,0.2,Tr,0,16,0.04,32,1.8,,,1.7,51,93,57,31,20,51,56,28,84,59,17,69,24,50,0.22,0.07,0.02,0.05,19,5,11,0,24,7,169338
09,0,09018,（こんぶ類）　みついしこんぶ　素干し,"Mitsuishi kelp, dried",9.2,7.7,1.9,34.8,16.5,235,147.75,560,230,3000,3200,670,5.1,1.3,0.07,0.21,200000,true,-,-,-,,(0),(0),1.3,0.40,0.60,2.5,0.03,0,310,0.28,270,-,,,29,(270),(490),(340),(130),(170),(300),(300),(150),(440),(330),(88),(370),(130),(250),(1.39),(0.46),(0.16),(0.30),(110),(30),(73),(0),(150),7,167602
09,0,09019,（こんぶ類）　りしりこんぶ　素干し,"Rishiri kelp, dried",13.2,8.0,2.0,31.4,20.3,211,132.85,760,240,2700,5300,540,2.4,1.0,0.05,0.22,200000,true,-,-,-,7.4,(0),(0),1.0,0.80,0.35,2.0,0.02,0,170,0.24,110,-,63.3,24.4,0,(280),(500),(350),(130),(180),(310),(310),(150),(460),(340),(92),(380),(140),(260),(1.46),(0.48),(0.17),(0.31),(120),(32),(77),(0),(160),8,170090
09,0,09020,（こんぶ類）　刻み昆布,"Kombu, shredded",15.5,5.4,0.5,39.1,28.4,119,62,940,300,4300,8200,720,8.6,1.1,0.07,0.34,230000,,2,33,14,0.7,(0),(0),0.3,0.15,0.33,1.2,0.01,0,17,0.09,91,12.0,13.9,5.3,3,(190),(340),(240),(90),(120),(210),(210),(100),(310),(230),(62),(260),(93),(180),0.24,0.05,0.01,0.04,18,3,5,-,8,8,170496
09,0,09021,（こんぶ類）　削り昆布,"Kombu, shaved",24.4,6.5,0.9,28.2,18.0,177,107.4,650,190,2100,4800,520,3.6,1.1,0.08,0.19,200000,true,-,-,-,0.7,(0),(0),0.8,0.33,0.28,1.0,0.02,0,32,0.14,150,-,13.9,5.3,3,(230),(410),(290),(110),(140),(250),(250),(120),(380),(280),(75),(310),(110),(210),0.59,0.08,0.01,0.06,33,2,7,-,19,7,170496
09,0,09022,（こんぶ類）　塩昆布,"Kombu, salted",24.1,16.9,0.4,13.1,21.6,193,146.2,280,170,7100,1800,190,4.2,0.7,0.04,0.56,100000,true,-,-,-,0.7,(0),(0),0.4,0.04,0.23,0.8,0.07,0,19,0.33,74,-,13.9,5.3,3,,,,,,,,,,,,,,,,,,,,,,,,6,170496
09,0,09023,（こんぶ類）　つくだ煮,"Kombu, tsukudani",49.6,6.0,1.0,6.8,9.5,150,124.35,150,120,2900,770,98,1.3,0.5,0.06,0.46,11000,,3,6,19,0.7,0,0,0.1,0.05,0.05,0.6,0.05,0,15,0.12,310,4.7,13.9,5.3,3,220,340,230,78,56,130,230,82,310,210,30,270,100,250,0.81,0.33,0.02,0.31,290,5,7,Tr,16,3,170496
09,0,09024,すいぜんじのり　素干し　水戻し,"Suizenji seaweed, dried, rehydrated",96.1,1.5,Tr,2.1,0.3,10,5.25,63,7,5,12,18,2.5,0.1,0.02,1.57,5,true,-,-,-,,(0),(0),0.1,0.02,0.01,Tr,0.01,0.4,2,0.07,320,-,,,3.5,,,,,,,,,,,,,,,,,,,,,,,,8,167603
09,0,09025,てんぐさ　素干し,"Tengusa, dried",15.2,16.1,1.0,47.3,13.9,194,87.6,230,180,1900,3100,1100,6.0,3.0,0.24,0.63,10000,true,-,-,-,,(0),(0),0.2,0.08,0.83,2.2,0.08,0.5,93,0.29,730,-,,,48.4,,,,,,,,,,,,,,,,,,,,,,,,8,173032
09,0,09026,てんぐさ　ところてん,"Tengusa, tokoroten",99.1,0.2,0,0.6,0.1,2,0.7,4,1,3,2,4,0.1,Tr,0.01,0.01,240,,Tr,Tr,1,0.1,(0),(0),0,0,0,0,0,0,0,0,0,Tr,,,0,(8.5),(15),(3.6),(2.8),(0),(2.8),(9.6),(0.9),(11),(3.4),(0.4),(10),(0.6),(2.1),,,,,,,,,,8,170243
09,0,09027,てんぐさ　角寒天,"Tengusa, kanten",20.5,2.4,0.2,74.1,2.8,159,10.1,660,34,130,52,100,4.5,1.5,0.02,3.19,77,true,-,-,-,,(0),(0),0,0.01,0,0.1,Tr,0,0,0.46,0,-,,350,1.4,(100),(170),(43),(33),(0),(33),(120),(11),(130),(41),(5.0),(120),(6.8),(25),(0.13),(0.07),(0.06),(0.01),(3),(1),(58),(0),(7),8,169995
09,0,09028,てんぐさ　寒天,"Agar, kanten",98.5,Tr,Tr,1.5,Tr,3,0,10,1,2,1,2,0.2,Tr,Tr,0.04,21,,0,1,0,0.7,(0),(0),0,Tr,0,0,0,0,0,0,0,0,6,2.3,0,,,,,,,,,,,,,,,,,,,,,,,,9,169280
09,0,09049,てんぐさ　粉寒天,Agar powder,16.7,0.2,0.3,79.0,1.2,160,12.35,120,39,170,30,39,7.3,0.3,0.04,1.01,81,,0,39,5,7.4,(0),(0),0,0,Tr,0.1,0,0.2,1,0,Tr,0.1,63.3,24.4,0,7.9,13,3.3,2.5,0,2.5,8.7,0.9,9.6,3.3,0.4,9.4,0.5,1.9,(0.17),(0.09),(0.08),(0.01),(4),(1),(77),(0),(9),9,170090
09,0,09029,とさかのり　赤とさか　塩蔵　塩抜き,"Red tosaka seaweed, salted, desalted",92.1,1.5,0.1,4.0,1.2,19,9.95,70,11,270,37,31,1.2,0.2,0.02,0.10,630,,0,Tr,1,,(0),(0),0,0,0.04,0,Tr,0.1,0,0.08,17,0.6,,,3.5,,,,,,,,,,,,,,,,,,,,,,,,8,167603
09,0,09030,とさかのり　青とさか　塩蔵　塩抜き,"Green tosaka seaweed, salted, desalted",92.2,0.9,0.2,4.1,1.8,17,7.65,160,12,320,40,220,0.8,0.6,0.02,1.47,630,true,-,-,-,,(0),(0),0,0,0.02,0,Tr,0,7,0.05,26,-,,,3.5,,,,,,,,,,,,,,,,,,,,,,,,7,167603
09,0,09050,ひじき　ほしひじき　ステンレス釜　乾,"Hijiki, dried (stainless steel pot)",6.5,9.2,3.2,51.8,22.7,180,82.5,1000,93,1800,6400,640,6.2,1.0,0.14,0.82,45000,,7,26,17,,(0),(0),5.0,0.09,0.42,1.8,0,0,93,0.30,580,17.0,,,29,440,750,310,230,120,350,490,250,740,500,160,550,160,430,1.59,0.63,0.33,0.31,82,130,110,-,220,6,167602
09,0,09051,ひじき　ほしひじき　ステンレス釜　ゆで,"Hijiki, boiled (stainless steel pot)",94.5,0.7,0.3,3.7,0.8,11,5,96,2,52,160,37,0.3,0.1,0.01,0.06,960,,Tr,1,1,0.7,(0),(0),0.4,Tr,0,0,0,0,1,0,40,0.7,,,14.1,31,55,23,17,7.9,25,35,23,58,35,11,39,12,36,(0.16),(0.06),(0.03),(0.03),(8),(13),(12),-,(22),5,169358
09,0,09052,ひじき　ほしひじき　ステンレス釜　油いため,"Hijiki, stir-fried (stainless steel pot)",89.0,0.8,4.7,4.5,1.0,51,42.75,110,3,64,200,44,0.3,0.1,0.01,0.08,1300,,0,2,1,6.3,(0),(0),1.3,0.01,Tr,0,0,0,2,0,43,0.9,59.4,0,0,36,64,27,21,9.6,30,41,27,68,41,13,46,14,42,(4.18),(1.19),(0.36),(0.83),(810),(340),(13),(0),(25),5,168435
09,0,09053,ひじき　ほしひじき　鉄釜　乾,"Hijiki, dried (iron pot)",6.5,9.2,3.2,51.8,25.2,186,73.75,1000,93,1800,6400,640,58.0,1.0,0.14,0.82,45000,,7,26,17,,(0),(0),5.0,0.09,0.42,1.8,0,0,93,0.30,580,17.0,,,29,,,,,,,,,,,,,,,,,,,,,,,,6,167602
09,0,09054,ひじき　ほしひじき　鉄釜　ゆで,"Hijiki, boiled (iron pot)",94.5,0.7,0.3,3.7,0.8,13,5,96,2,52,160,37,2.7,0.1,0.01,0.06,960,,Tr,1,1,0.7,(0),(0),0.4,Tr,0,0,0,0,1,0,40,0.7,,,14.1,,,,,,,,,,,,,,,,,,,,,,,,4,169358
09,0,09055,ひじき　ほしひじき　鉄釜　油いため,"Hijiki, stir-fried (iron pot)",89.0,0.8,4.7,4.5,1.0,54,42.75,110,3,64,200,44,2.9,0.1,0.01,0.08,1300,,0,2,1,6.3,(0),(0),1.3,0.01,Tr,0,0,0,2,0,43,0.9,59.4,0,0,,,,,,,,,,,,,,,,,,,,,,,,6,168435
09,0,09032,ひとえぐさ　素干し,"Monostroma, dried",16.0,16.6,1.0,44.2,20.1,172,73.95,920,280,4500,810,880,3.4,0.6,0.86,1.32,2200,true,-,-,-,7.4,(0),(0),2.5,0.30,0.92,2.4,0.03,0.3,280,0.88,14,-,63.3,24.4,0,,,,,,,,,,,,,,,,,,,,,,,,8,170090
09,0,09033,ひとえぐさ　つくだ煮,"Monostroma, tsukudani",56.5,14.4,1.3,4.1,6.7,148,120.95,28,63,2300,160,94,3.6,0.9,0.15,-,600,true,-,-,-,,(0),(0),0.1,0.06,0.26,0.4,0.03,0,23,0.19,12,-,,,3.5,560,880,610,160,120,280,530,160,690,520,53,670,270,450,0.45,0.20,0.17,0.02,18,100,13,14,2,8,167603
09,0,09034,ふのり　素干し,"Funori, dried",14.7,13.8,1.0,43.1,12.7,207,108.25,330,130,2700,600,730,4.8,1.8,0.38,0.65,800,true,-,-,-,7.4,(0),(0),0.7,0.16,0.61,1.7,0.13,0,68,0.94,430,-,63.3,24.4,0,(560),(980),(680),(300),(230),(530),(510),(450),(960),(700),(170),(870),(190),(760),(0.58),(0.38),(0.32),(0.05),(11),(1),(310),-,(27),7,170090
09,0,09035,まつも　素干し,"Matsumo, dried",12.6,27.9,4.9,28.5,13.8,252,182.35,920,530,1300,3800,700,11.0,5.2,0.26,1.25,15000,true,-,-,-,0.7,(0),(0),13.0,0.48,1.61,5.0,0.06,0,720,1.24,1100,-,109.7,4.5,0,(1200),(2300),(1500),(850),(400),(1200),(1500),(1100),(2600),(1500),(540),(1700),(540),(1600),(2.81),(1.10),(0.57),(0.53),(230),(190),(220),(4),(290),7,168453
09,0,09036,むかでのり　塩蔵　塩抜き,"Codium seaweed, salted, desalted",93.7,0.6,0.1,4.2,1.4,12,2.95,85,9,220,6,120,0.8,0.1,0.01,0.41,150,true,-,-,-,0.9,(0),(0),0,0,Tr,16.0,0,0,0,0,16,-,21.5,115.6,0,,,,,,,,,,,,,,,0.07,0.05,0.04,0.01,1,Tr,39,0,13,7,169891
09,0,09037,（もずく類）　おきなわもずく　塩蔵　塩抜き,"Okinawa mozuku, salted, desalted",96.7,0.3,0.2,2.0,0.8,7,2.75,22,2,240,7,21,0.2,Tr,0.01,0.01,140,,1,0,0,,(0),(0),0.1,Tr,0.09,0,0,0,2,0,18,0.4,,,3.5,13,24,14,9.1,4.8,14,16,12,27,16,5.3,17,5.5,16,0.11,0.04,0.02,0.02,9,8,9,Tr,12,8,167603
09,0,09038,（もずく類）　もずく　塩蔵　塩抜き,"Mozuku, salted, desalted",97.7,0.2,0.1,1.4,0.6,4,1.55,22,2,90,2,12,0.7,0.3,0.01,0.03,140,true,-,-,-,,(0),(0),0.1,Tr,0.01,Tr,Tr,0.1,2,0,14,-,,,3.5,8.9,17,11,6.1,2.9,8.9,10,8.2,19,11,3.8,12,3.8,11,(0.06),(0.02),(0.01),(0.01),(5),(4),(4),(0),(6),7,167603
09,35,09039,わかめ　原藻　生,"Wakame, raw",89.0,1.9,0.2,3.6,3.3,24,15.35,100,36,610,730,110,0.7,0.3,0.02,0.05,1600,,1,1,3,0.7,(0),(0),0.1,0.07,0.18,0.9,0.03,0.3,29,0.19,140,4.2,13.9,5.3,3,(84),(160),(110),(48),(19),(67),(94),(48),(140),(88),(33),(110),(38),(91),(0.08),(0.06),(0.04),(0.02),(6),(9),(12),(0),(12),7,170496
09,0,09040,わかめ　乾燥わかめ　素干し,"Wakame, dried",11.3,14.4,2.6,29.8,32.2,172,106.45,830,350,6400,6000,1000,5.8,1,0.06,0.38,10000,,6,5,20,0.7,(0),(0),1.2,0.36,1.01,9.1,0.11,0.2,320,0.47,890,23.3,13.9,5.3,3,(650),(1200),(820),(370),(150),(510),(720),(380),(1100),(720),(250),(840),(290),(700),(1.06),(0.84),(0.58),(0.26),(74),(120),(150),(0),(160),8,170496
09,0,09041,わかめ　乾燥わかめ　素干し　水戻し,"Wakame, dried, rehydrated",91.7,1.6,0.3,4.3,1.4,20,10.6,100,35,260,440,96,0.4,0.1,0.04,0.05,1300,,1,Tr,2,,(0),(0),0.2,0.05,0.07,0.4,0.01,Tr,33,0.02,110,2.9,,,3.5,(74),(130),(92),(41),(16),(58),(81),(43),(120),(81),(29),(95),(33),(79),(0.12),(0.10),(0.07),(0.03),(9),(14),(17),(0),(18),7,167603
09,0,09060,わかめ　乾燥わかめ　素干し　水戻し　水煮,"Wakame, dried, rehydrated, boiled",95.3,1,0.3,2.9,0.8,10,6.05,69,21,150,240,66,0.2,0.1,0.05,0.03,730,,Tr,-,1,0.7,-,-,0.1,0.02,0.03,0.2,0.01,0.1,9,0.02,73,1.8,13.9,5.3,3,(47),(85),(58),(26),(10),(37),(51),(27),(79),(52),(18),(60),(21),(50),(0.11),(0.08),(0.06),(0.03),(7),(12),(15),(0),(16),7,170496
09,0,09042,わかめ　乾燥わかめ　板わかめ,"Wakame, dried sheet",7.2,16.7,1.2,31.7,27.5,200,123.6,960,330,3900,7400,620,6.4,5.2,0.13,1.59,10000,true,-,-,-,,(0),(0),2.6,0.62,1.50,9.5,0.23,0.2,510,0.48,1800,-,,,29,(760),(1400),(950),(430),(170),(590),(830),(440),(1300),(840),(290),(970),(340),(820),(0.49),(0.39),(0.27),(0.12),(34),(57),(70),(0),(73),8,167602
09,0,09043,わかめ　乾燥わかめ　灰干し　水戻し,"Wakame, ash-dried, rehydrated",96.0,1.1,0.1,2.2,0.6,9,4.7,140,16,48,60,55,0.7,0.3,0.08,-,600,true,-,-,-,,0,(0),0,0,0.03,0,0,0.2,1,0.05,70,-,,,3.5,(50),(91),(62),(28),(11),(39),(55),(29),(84),(55),(19),(64),(23),(54),(0.04),(0.03),(0.02),(0.01),(3),(5),(6),(0),(6),7,167603
09,0,09044,わかめ　カットわかめ　乾,"Wakame, cut, dried",9.2,17.9,4.0,39.2,26.8,186,106.8,870,300,9300,430,460,6.5,2.8,0.13,0.46,10000,,9,19,10,0.7,0,0,0.5,0.07,0.08,0.3,0.01,2.0,18,0.06,1600,25.0,13.9,5.3,3,810,1500,1000,460,180,640,890,470,1400,900,320,1000,370,870,1.64,1.29,0.90,0.40,110,190,230,0,240,7,170496
09,0,09058,わかめ　カットわかめ　水煮　（沸騰水で短時間加熱したもの）,"Wakame, cut, boiled (briefly boiled in hot water)",93.6,1.3,0.8,3.2,1.0,17,11.7,76,22,310,15,37,0.6,0.3,0.01,0.04,720,,1,1,0,0.7,-,-,Tr,Tr,0,0,0,0.1,1,0,-,2.6,13.9,5.3,3,(57),(100),(71),(32),(13),(45),(63),(33),(96),(63),(22),(73),(26),(61),(0.34),(0.27),(0.19),(0.08),(24),(39),(48),(0),(51),8,170496
09,0,09059,わかめ　カットわかめ　水煮の汁,"Wakame, cut, boiled liquid",99.8,-,-,0,0.1,0,0.35,1,Tr,68,3,1,0,0,0,0,36,,0,0,0,0.7,-,-,0,Tr,0,0,0,0,0,0,-,0,13.9,5.3,3,,,,,,,,,,,,,,,,,,,,,,,,7,170496
09,0,09045,わかめ　湯通し塩蔵わかめ　塩抜き　生,"Wakame, blanched, salted, desalted, raw",93.3,1.5,0.3,2.9,1.4,16,9.9,50,30,530,10,16,0.5,0.2,0.04,0.03,810,,Tr,1,Tr,0.7,(0),(0),0.1,0.01,0.01,0,Tr,0,6,0.07,110,1.9,13.9,5.3,3,73,130,91,46,17,63,81,60,140,79,30,93,32,94,0.21,0.15,0.10,0.05,14,23,29,0,35,7,170496
09,0,09057,わかめ　湯通し塩蔵わかめ　塩抜き　ゆで,"Wakame, blanched, salted, desalted, boiled",97.5,0.6,0.1,1.1,0.3,7,4.35,19,10,130,2,5,0.3,0.1,0.02,0.01,200,,0,1,0,0.7,(0),(0),Tr,0.01,0,0,0,(0),0,0,50,0.6,13.9,5.3,3,29,52,35,19,7.0,26,32,25,57,32,12,37,13,38,0.10,0.07,0.05,0.02,6,11,14,0,15,7,170496
09,0,09046,わかめ　くきわかめ　湯通し塩蔵　塩抜き,"Wakame stem, blanched, salted, desalted",84.9,1.1,0.3,5.1,8.2,18,7.8,86,34,3100,88,70,0.4,0.1,0.02,0.04,900,true,-,-,-,0.7,(0),(0),0,0.02,0.02,0.1,Tr,0,2,0.07,33,-,13.9,5.3,3,(50),(50),(50),(50),(50),(100),(50),(50),(100),(50),(50),(50),(50),(50),(0.12),(0.10),(0.07),(0.03),(9),(14),(17),(0),(18),7,170496
09,0,09047,わかめ　めかぶわかめ　生,"Wakame mekabu, raw",94.2,0.9,0.6,3.4,0.9,14,8.25,77,26,170,88,61,0.3,0.2,0.02,0.03,390,,Tr,1,2,0.7,(0),(0),0.1,0.02,0.03,0.2,0.01,0,36,0.05,40,2.2,13.9,5.3,3,31,58,47,21,12,32,35,24,59,41,12,47,17,46,0.48,0.11,0.02,0.08,33,4,15,0,40,7,170496
10,50,10001,＜魚類＞　あいなめ　生,"Greenling, raw",76.0,19.1,3.4,(0),1.4,105,96.1,55,220,150,370,39,0.4,0.5,0.06,-,-,,-,-,-,36.5,6,9,1.7,0.24,0.26,2.6,0.18,2.2,8,0.98,(0),-,,,0,(880),(1500),(1800),(590),(220),(810),(750),(640),(1400),(840),(210),(970),(520),(1200),2.80,0.99,0.85,0.11,22,12,350,380,64,9,173670
10,0,10002,＜魚類＞　あこうだい　生,"Splendid alfonsino, raw",79.8,16.8,2.3,(0),1.0,86,78.7,15,170,75,310,24,0.3,0.4,0.02,Tr,-,,-,-,-,36.5,26,1,3.4,0.11,0.04,1.1,0.05,0.7,3,0.35,(0),-,60.8,0.1,0,830,1400,1700,550,180,740,710,600,1300,830,180,870,400,1000,1.70,0.27,0.23,0.04,14,2,41,160,25,9,175142
10,55,10003,＜魚類＞　（あじ類）　まあじ　皮つき　生,"Horse mackerel, skin-on, raw",75.1,19.7,4.5,(0),1.3,112,107.2,66,230,130,360,34,0.6,1.1,0.07,0.01,20,,46,1,0,36.5,7,8.9,0.6,0.13,0.13,5.5,0.30,7.1,5,0.41,Tr,3.3,50.5,0.1,1.6,870,1500,1800,580,210,790,790,690,1500,960,230,990,790,1200,3.37,1.22,1.05,0.13,31,18,300,570,61,8,173673
10,0,10389,＜魚類＞　（あじ類）　まあじ　皮なし　生,"Horse mackerel, skinless, raw",75.6,19.7,4.1,(0),1.2,108,103.8,12,220,110,360,31,0.9,0.6,0.09,0.01,20,,42,0,(0),36.5,7,7.9,0.9,0.14,0.20,6.4,0.41,9.8,9,0.53,(Tr),4.7,50.5,0.1,1.6,900,1500,1800,600,210,810,790,710,1500,950,230,1000,810,1200,2.88,1.01,0.89,0.10,28,16,260,480,38,9,173673
10,40,10004,＜魚類＞　（あじ類）　まあじ　皮つき　水煮,"Horse mackerel, skin-on, boiled",70.3,22.4,5.9,(0),1.3,136,128.9,80,250,130,350,36,0.7,1.3,0.07,0.01,14,,64,Tr,0,40.6,8,11.0,0.3,0.13,0.12,5.3,0.25,5.9,5,0.38,Tr,5.2,,,1.6,(990),(1700),(2000),(660),(240),(900),(890),(790),(1700),(1100),(260),(1100),(890),(1400),4.43,1.56,1.33,0.17,41,24,390,710,78,9,173674
10,35,10005,＜魚類＞　（あじ類）　まあじ　皮つき　焼き,"Horse mackerel, skin-on, grilled",65.3,25.9,6.4,(0),1.8,157,147.15,100,320,180,470,44,0.8,1.5,0.08,0.01,27,,78,2,0,40.6,8,12.0,0.7,0.15,0.15,6.8,0.27,7.1,5,0.47,Tr,5.3,,,1.6,(1100),(2000),(2300),(770),(270),(1000),(1000),(910),(1900),(1300),(300),(1300),(1000),(1600),4.84,1.76,1.51,0.20,47,27,430,820,88,9,173674
10,0,10390,＜魚類＞　（あじ類）　まあじ　皮つき　フライ,"Horse mackerel, skin-on, fried",52.3,20.1,18.2,-,1.4,270,253.05,100,250,160,330,35,0.8,1.2,0.08,0.11,-,,-,-,-,38.8,16,7,3.4,0.12,0.15,4.6,0.15,7.5,10,0.53,23,-,,,0,880,1500,1600,570,230,800,800,650,1400,920,220,980,640,1200,16.23,4.75,2.05,2.68,2600,1100,240,560,67,4,171957
10,35,10006,＜魚類＞　（あじ類）　まあじ　開き干し　生,"Horse mackerel, dried split, raw",68.4,20.2,8.8,(0),2.5,150,145.85,36,220,670,310,27,0.8,0.7,0.09,0.01,24,,50,0,0,36.5,Tr,3,0.7,0.10,0.15,3.7,0.31,6.3,6,0.81,(0),4.5,50.5,0.1,1.6,(890),(1600),(1800),(600),(210),(810),(800),(710),(1500),(980),(230),(1000),(800),(1300),6.37,1.78,1.59,0.19,67,34,400,950,98,9,173673
10,30,10007,＜魚類＞　（あじ類）　まあじ　開き干し　焼き,"Horse mackerel, dried split, grilled",60.0,24.6,12.3,(0),3.0,194,191,57,270,770,350,38,0.9,0.9,0.10,0.01,-,,-,-,-,73.4,Tr,2.6,1.0,0.12,0.14,4.7,0.32,8.5,6,0.75,(0),-,101.6,7.8,0,(1100),(1900),(2200),(730),(260),(990),(980),(870),(1800),(1200),(280),(1200),(980),(1500),8.79,2.47,2.21,0.26,87,47,560,1300,130,9,168149
10,10,10391,＜魚類＞　（あじ類）　まあじ　小型　骨付き　生,"Horse mackerel, small, bone-in, raw",73.4,17.8,5.0,(0),2.9,114,107.95,780,570,120,330,43,1.1,1.2,0.07,0.05,41,,52,2,(0),36.5,33,5.1,0.9,0.19,0.17,4.6,0.26,5.6,11,0.47,-,4.4,50.5,0.1,1.6,780,1300,1500,520,180,710,720,600,1300,840,200,890,610,1100,3.56,1.35,1.18,0.12,39,22,370,610,48,9,173673
10,0,10392,＜魚類＞　（あじ類）　まあじ　小型　骨付き　から揚げ,"Horse mackerel, small, bone-in, deep-fried",50.3,24.0,18.6,-,3.6,268,254.35,900,700,140,420,54,0.9,1.5,0.09,0.08,30,,53,1,(0),52.7,39,4.8,4.0,0.19,0.21,5.5,0.16,6.7,12,0.55,-,6.3,75,2.6,0,1000,1700,2000,680,250,930,930,770,1700,1100,260,1100,790,1400,16.05,4.90,2.58,2.26,2100,1100,480,830,64,4,175139
10,50,10393,＜魚類＞　（あじ類）　まるあじ　生,"Round scad, raw",71.2,22.1,5.6,(0),1.3,133,124.95,53,260,59,410,33,1.2,1.3,0.09,0.01,-,,-,-,-,36.5,11,19.0,1.2,0.10,0.19,7.4,0.47,9.9,8,0.59,1,-,65,0.1,0,940,1600,1900,680,240,910,840,750,1600,1000,260,1100,1000,1300,4.41,1.56,1.33,0.20,44,26,350,770,89,8,175141
10,25,10394,＜魚類＞　（あじ類）　まるあじ　焼き,"Round scad, grilled",62.4,28.7,7.7,(0),1.7,175,165.9,94,330,93,540,41,1.5,1.5,0.09,0.02,-,,-,-,-,46.8,15,15.0,1.3,0.09,0.18,8.2,0.24,9.4,8,0.53,1,-,,,0,1200,2100,2500,860,300,1200,1100,1000,2100,1400,340,1400,1300,1700,5.94,2.02,1.64,0.34,160,47,390,970,94,8,174241
10,0,10008,＜魚類＞　（あじ類）　にしまあじ　生,"Japanese horse mackerel (Nishimaaji), raw",69.9,19.6,9.1,(0),1.3,156,146.3,26,230,160,360,37,1.0,0.9,0.08,0.01,41,,47,0,0,36.5,16,8,0.3,0.10,0.21,6.1,0.29,8.1,11,0.59,(0),4.0,66.9,0.1,2,940,1600,1900,610,200,810,840,720,1600,1000,220,1000,620,1300,7.73,2.20,1.99,0.17,54,40,520,1100,56,8,173672
10,40,10009,＜魚類＞　（あじ類）　にしまあじ　水煮,"Japanese horse mackerel (Nishimaaji), boiled",68.0,21.7,8.8,(0),1.4,160,151.1,30,230,180,350,40,1.1,0.9,0.08,0.01,41,,55,0,0,36.5,12,9.6,0.3,0.11,0.18,4.8,0.24,7.0,11,0.50,(0),4.1,66.9,0.1,2,990,1700,2000,690,240,920,900,780,1700,1100,250,1100,630,1400,7.26,2.06,1.86,0.17,47,36,490,1100,56,9,173672
10,35,10010,＜魚類＞　（あじ類）　にしまあじ　焼き,"Japanese horse mackerel (Nishimaaji), grilled",63.0,24.7,10.4,(0),1.8,186,175.2,58,300,220,440,44,1.2,1.2,0.10,0.02,49,,65,0,Tr,46.8,13,7.2,0.4,0.12,0.21,6.2,0.34,6.3,13,0.59,(0),4.8,83.6,0.1,2.1,1100,2000,2300,810,270,1100,1000,900,1900,1200,290,1300,740,1600,8.75,2.44,2.22,0.20,53,40,550,1300,73,9,171994
10,35,10457,＜魚類＞　（あじ類）　にしまあじ　開き干し　生,"Japanese horse mackerel (Nishimaaji), dried split, raw",68,20,10.2,-,2.3,163,156.7,68,210,560,360,40,0.7,0.7,0.06,0.01,33,,47,Tr,0,36.5,8,49.8,1.1,0.08,0.13,5.4,0.21,5,7,0.37,1,3,66.9,0.1,2,950,1600,1900,650,210,860,860,740,1600,1000,230,1000,710,1300,8.47,2.05,1.83,0.18,49,44,490,1000,64,8,173672
10,30,10458,＜魚類＞　（あじ類）　にしまあじ　開き干し　焼き,"Japanese horse mackerel (Nishimaaji), dried split, grilled",60.1,25.2,12.3,-,3.1,203,192.75,75,250,760,450,47,0.9,0.8,0.08,0.01,47,,62,Tr,Tr,73.4,15,51.6,0.9,0.11,0.18,6.5,0.16,7.1,7,0.45,1,4.3,101.6,7.8,0,1200,2100,2500,820,270,1100,1100,940,2000,1300,300,1300,890,1600,10.62,3.03,2.73,0.23,88,65,720,1600,74,8,168149
10,45,10011,＜魚類＞　（あじ類）　むろあじ　生,"Muroaji, raw",67.7,23.6,6.9,(0),1.4,147,142.65,19,280,56,420,35,1.6,1.0,0.13,0.02,-,,-,-,-,9.1,4,6,0.6,0.18,0.32,15.0,0.57,13.0,5,0.74,(0),-,,,5,(1100),(1800),(2200),(730),(260),(990),(950),(790),(1700),(1100),(270),(1200),(1100),(1400),4.56,1.66,1.45,0.21,52,40,350,900,82,8,172518
10,25,10012,＜魚類＞　（あじ類）　むろあじ　焼き,"Muroaji, grilled",61.9,29.7,6.2,(0),1.6,167,158.75,28,330,74,480,40,1.8,1.2,0.15,0.03,-,,-,-,-,46.8,5,7,0.8,0.28,0.30,16.0,0.52,13.0,6,0.76,(0),-,83.6,0.1,2.1,(1400),(2300),(2700),(910),(330),(1200),(1200),(1000),(2200),(1300),(340),(1600),(1400),(1700),3.97,1.42,1.23,0.19,46,34,300,770,73,9,171994
10,35,10013,＜魚類＞　（あじ類）　むろあじ　開き干し,"Muroaji (brownstriped mackerel scad), dried and opened",67.9,22.9,6.2,(0),2.9,140,133.2,43,260,830,320,35,1.4,0.8,0.14,0.02,-,,-,-,-,36.5,Tr,7,0.4,0.17,0.30,14.0,0.59,9.4,5,0.62,(0),-,66.9,0.1,2,(1000),(1800),(2100),(700),(250),(960),(920),(770),(1700),(1000),(260),(1200),(1100),(1300),4.49,1.53,1.31,0.20,59,40,310,800,64,7,173672
10,30,10014,＜魚類＞　（あじ類）　むろあじ　くさや,"Muroaji (brownstriped mackerel scad), kusaya",38.6,49.9,3.0,(0),8.2,223,201.2,300,810,1600,850,65,3.2,3.2,0.26,-,-,,-,-,-,73.4,Tr,2,1.2,0.24,0.40,16.0,0.64,12.0,26,1.09,(0),-,101.6,7.8,0,(2300),(3900),(4600),(1500),(550),(2100),(2000),(1700),(3700),(2200),(570),(2600),(2400),(2900),1.94,0.77,0.64,0.13,27,15,100,460,43,4,168149
10,35,10015,＜魚類＞　あなご　生,"Conger eel, raw",72.2,17.3,9.3,(0),1.2,146,139.6,75,210,150,370,23,0.8,0.7,0.04,0.20,15,,39,0,0,6.5,500,0.4,2.3,0.05,0.14,3.2,0.10,2.3,9,0.86,Tr,3.3,65,0,1.8,830,1400,1600,520,210,730,680,570,1200,780,180,880,520,1100,7.61,1.65,1.42,0.21,52,18,560,550,81,8,174193
10,0,10016,＜魚類＞　あなご　蒸し,"Conger eel, steamed",68.5,17.6,12.7,(0),1.2,173,169.55,64,180,120,280,26,0.9,0.8,0.04,0.22,-,,-,-,-,8.3,890,0.8,2.9,0.04,0.11,2.7,0.10,2.5,15,0.79,Tr,-,,,1.8,(850),(1400),(1600),(530),(210),(740),(690),(580),(1300),(790),(180),(890),(530),(1100),9.92,1.93,1.69,0.24,63,25,760,510,99,9,174194
10,50,10017,＜魚類＞　あまご　養殖　生,"Amago (red-spotted masu trout), farmed, raw",76.8,18.3,3.6,(0),1.2,102,95,27,250,49,380,27,0.4,0.8,0.04,0.01,-,,-,-,-,23.6,7,9,1.5,0.15,0.16,3.9,0.24,5.5,6,0.51,(0),-,65,0.1,2.9,(720),(1300),(1500),(560),(180),(740),(690),(570),(1300),(840),(190),(850),(620),(1100),2.65,0.94,0.52,0.42,350,32,76,360,27,9,173717
10,50,10018,＜魚類＞　あまだい　生,"Tilefish, raw",76.5,18.8,3.6,(0),1.1,102,96.4,58,190,73,360,29,0.3,0.3,0.02,Tr,41,,75,1,0,36.5,27,1,1.3,0.04,0.06,1.5,0.08,2.1,6,0.43,(0),1.7,,,0,940,1500,1800,600,240,850,770,650,1400,890,200,1000,410,1200,2.44,0.83,0.68,0.13,18,7,180,330,74,9,173705
10,0,10019,＜魚類＞　あまだい　水煮,"Tilefish, boiled",74.2,20.7,4.0,(0),1.1,113,106.45,34,160,91,350,30,0.4,0.4,0.03,Tr,-,,-,-,-,51.5,11,0.3,1.1,0.04,0.06,1.3,0.08,2.1,5,0.39,(0),-,,,0,(1000),(1700),(2000),(670),(270),(930),(850),(710),(1600),(980),(230),(1100),(460),(1300),2.66,0.94,0.78,0.15,19,8,200,390,88,9,175152
10,0,10020,＜魚類＞　あまだい　焼き,"Tilefish, grilled",73.6,22.5,2.6,(0),1.3,110,100.85,54,220,110,410,33,0.5,0.5,0.04,Tr,-,,-,-,-,51.5,26,1,1.1,0.04,0.06,1.7,0.08,3.5,5,0.46,(0),-,,,0,(1100),(1800),(2200),(720),(290),(1000),(930),(770),(1700),(1100),(250),(1200),(500),(1400),1.77,0.69,0.57,0.11,14,5,150,270,68,9,175152
10,45,10021,＜魚類＞　あゆ　天然　生,"Ayu (sweetfish), wild, raw",77.7,18.3,2.4,(0),1.5,93,84.8,270,310,70,370,24,0.9,0.8,0.06,0.16,13,,14,1,0,12.6,35,1,1.2,0.13,0.15,3.1,0.17,10.0,27,0.67,(0),5.6,,,2.4,740,1300,1600,560,180,740,690,620,1300,830,200,860,540,1100,1.80,0.54,0.46,0.08,62,240,89,58,15,9,175154
10,55,10022,＜魚類＞　あゆ　天然　焼き,"Ayu (sweetfish), wild, grilled",64.0,26.6,6.8,(0),2.5,149,151.25,480,460,110,510,35,5.5,1.2,0.06,0.41,-,,-,-,-,12.6,120,1.5,1.7,0.23,0.24,3.9,0.16,12.0,33,1.34,(0),-,,,2.4,(1100),(2000),(2300),(810),(270),(1100),(1000),(900),(1900),(1200),(290),(1300),(790),(1600),2.86,0.86,0.74,0.13,92,390,130,85,27,9,175154
10,0,10023,＜魚類＞　あゆ　天然　内臓　生,"Ayu (sweetfish), wild, viscera, raw",68.6,9.5,17.5,(0),4.1,180,183.05,43,180,90,210,44,24.0,2.0,0.34,3.03,-,,-,-,-,9.1,1700,5,1.9,0.12,0.55,3.8,0.16,60.0,220,1.56,40,-,,,5,,,,,,,,,,,,,,,13.52,3.37,2.54,0.41,270,1500,460,230,64,7,172518
10,0,10024,＜魚類＞　あゆ　天然　内臓　焼き,"Ayu (sweetfish), wild, viscera, grilled",58.6,23.0,10.1,(0),7.9,161,167.75,140,470,170,520,76,63.0,2.7,0.44,6.19,-,,-,-,-,,2000,4,3.2,0.28,1.00,8.6,0.17,50.0,250,1.67,80,-,,,,,,,,,,,,,,,,,,7.13,1.37,0.96,0.19,130,560,170,66,25,6,167626
10,50,10025,＜魚類＞　あゆ　養殖　生,"Ayu (sweetfish), farmed, raw",72.0,17.8,7.9,(0),1.7,138,131.55,250,320,55,360,24,0.8,0.9,0.05,Tr,-,,-,-,-,,55,8,5.0,0.15,0.14,3.5,0.28,2.6,28,1.22,(0),-,,,,740,1300,1600,540,180,720,690,620,1300,820,200,860,490,1100,6.32,1.40,0.82,0.58,530,58,180,440,28,9,168033
10,55,10026,＜魚類＞　あゆ　養殖　焼き,"Ayu (sweetfish), farmed, grilled",59.3,22.6,15.1,(0),2.2,202,210.25,450,430,79,430,31,2.0,1.3,0.07,Tr,-,,-,-,-,28.1,480,17.0,8.2,0.20,0.18,4.0,0.24,6.0,38,1.67,(0),-,77.6,0.1,2.9,(940),(1700),(2000),(690),(230),(920),(870),(780),(1700),(1000),(250),(1100),(620),(1400),9.20,1.98,1.16,0.82,750,82,250,620,40,9,173718
10,0,10027,＜魚類＞　あゆ　養殖　内臓　生,"Ayu (sweetfish), farmed, viscera, raw",36.6,7.4,55.0,(0),0.7,485,494.45,55,120,75,160,11,8.0,1.3,0.14,0.13,-,,-,-,-,36.5,4400,8,7.4,0.16,0.44,2.6,0.11,9.6,260,1.46,11,-,,,0,,,,,,,,,,,,,,,44.73,9.95,5.19,4.41,4000,430,1600,2000,180,7,171951
10,0,10028,＜魚類＞　あゆ　養殖　内臓　焼き,"Ayu (sweetfish), farmed, viscera, grilled",31.5,15.2,52.3,(0),0.6,500,499.15,130,190,100,270,9,19.0,1.8,0.15,0.31,-,,-,-,-,12.6,6000,8.6,24.0,0.34,0.68,4.1,0.15,7.8,280,1.33,16,-,65,0.1,0.5,,,,,,,,,,,,,,,43.63,10.53,5.80,4.39,3900,440,1800,2300,190,7,175153
10,0,10029,＜魚類＞　あゆ　うるか,"Ayu (sweetfish), uruka (salted viscera)",59.6,11.4,13.1,(0),14.1,157,157.55,16,210,5100,190,15,4.0,1.4,0.10,Tr,-,,-,-,-,,2000,15.0,6.7,0.06,0.38,2.0,0.11,10.0,100,1.31,6,-,,,,,,,,,,,,,,,,,,9.88,2.22,0.89,1.29,1200,100,160,450,60,4,168021
10,0,10030,＜魚類＞　アラスカめぬけ　生,"Rougheye rockfish, raw",78.4,17.2,3.4,(0),0.9,96,89.45,22,170,81,290,26,0.2,0.4,0.02,0.01,-,,-,-,-,63,20,3,1.0,0.04,0.05,1.1,0.07,1.6,2,0.24,(0),-,65,0,0,(790),(1400),(1600),(530),(200),(730),(680),(580),(1300),(750),(190),(870),(470),(1000),2.53,0.59,0.52,0.07,28,10,200,250,23,9,173684
10,0,10031,＜魚類＞　あんこう　生,"Monkfish, raw",85.4,13.0,0.2,(0),1.1,54,48.25,8,140,130,210,19,0.2,0.6,0.04,Tr,-,,-,-,-,36.5,13,1,0.7,0.04,0.16,1.7,0.11,1.2,5,0.21,(0),-,,,1,(600),(1000),(1200),(400),(150),(550),(510),(440),(950),(570),(140),(660),(350),(790),0.08,0.04,0.03,0.01,1,Tr,6,23,5,9,173676
10,0,10032,＜魚類＞　あんこう　きも　生,"Monkfish liver, raw",45.1,10.0,41.9,(0),0.8,401,398.85,6,140,110,220,9,1.2,2.2,1.00,-,96,,200,Tr,5,36.5,8300,110.0,14.0,0.14,0.35,1.5,0.11,39.0,88,0.89,(0),13.0,,,1,450,760,720,240,160,400,460,370,840,500,140,570,250,560,35.31,11.88,10.00,1.63,430,210,3000,5100,660,6,173676
10,0,10033,＜魚類＞　いかなご　生,"Sand lance, raw",74.2,17.2,5.5,(0),3.0,111,107.3,500,530,190,390,39,2.5,3.9,0.08,0.49,-,,-,-,-,36.5,200,21.0,0.8,0.19,0.81,4.6,0.15,11.0,29,0.77,(0),-,,,0,790,1300,1500,540,200,740,670,590,1300,850,200,910,450,930,3.76,1.61,1.41,0.11,32,32,570,650,50,9,173670
10,0,10034,＜魚類＞　いかなご　煮干し,"Sand lance, dried (niboshi)",38.0,43.1,6.1,(0),11.3,218,207.95,740,1200,2800,810,130,6.6,5.9,0.13,0.37,-,,-,-,-,194,10,54.0,0.8,0.27,0.18,3.3,0.06,4.6,50,1.15,(0),-,,0,,(2000),(3400),(3700),(1400),(500),(1900),(1700),(1500),(3200),(2100),(500),(2300),(1100),(2300),2.96,1.53,1.39,0.07,29,21,480,770,21,9,167654
10,0,10035,＜魚類＞　いかなご　つくだ煮,"Sand lance, tsukudani",26.9,29.4,4.6,(0),8.4,271,249.45,470,820,2200,670,80,2.3,3.6,0.09,0.45,-,,-,-,-,40.6,Tr,23.0,0.8,0.02,0.27,10.0,0.09,7.8,85,0.76,(0),-,76,0.4,1,(1400),(2300),(2500),(920),(340),(1300),(1200),(1000),(2200),(1400),(340),(1600),(760),(1600),2.33,1.19,1.09,0.06,22,24,450,500,16,7,175140
10,0,10036,＜魚類＞　いかなご　あめ煮,"Sand lance, ame-ni (sweet simmered)",28.1,25.6,3.7,(0),6.8,268,246.35,550,730,1700,430,92,3.4,3.4,0.11,0.51,-,,-,-,-,,Tr,21.0,0.4,0.02,0.28,11.0,0.07,7.2,75,0.67,(0),-,,,,(1200),(2000),(2200),(800),(300),(1100),(1000),(880),(1900),(1300),(300),(1400),(670),(1400),1.51,0.70,0.63,0.03,14,12,240,310,8,4,168034
10,45,10037,＜魚類＞　いさき　生,"Grunt (Isaki), raw",75.8,17.2,5.7,(0),1.2,116,109,22,220,160,300,32,0.4,0.6,0.04,0.01,-,,-,-,-,36.5,41,15.0,0.9,0.06,0.12,4.0,0.31,5.8,12,0.77,(0),-,,,0,(790),(1400),(1600),(530),(200),(730),(680),(580),(1300),(750),(190),(870),(470),(1000),4.57,1.65,1.47,0.18,44,39,350,810,77,9,171951
10,55,10038,＜魚類＞　いしだい　生,"Striped beakfish, raw",71.6,19.5,7.8,(0),1.1,138,134.55,20,240,54,390,26,0.3,0.6,0.03,0.01,-,,-,-,-,36.5,39,3,2.1,0.15,0.15,4.9,0.34,1.3,2,0.31,(0),-,,,0,(900),(1500),(1800),(600),(230),(830),(770),(660),(1400),(860),(210),(990),(530),(1200),5.45,1.41,1.13,0.28,36,17,500,300,180,8,171948
10,0,10039,＜魚類＞　いとよりだい　生,"Golden threadfin bream, raw",78.8,18.1,1.7,(0),1.3,85,78.15,46,200,85,390,26,0.5,0.4,0.05,0.02,84,,33,Tr,0,36.5,28,11.0,0.6,0.04,0.08,2.3,0.27,3.0,5,0.50,Tr,3.7,,,0,840,1500,1700,530,180,710,720,670,1400,910,210,940,450,1200,1.00,0.49,0.38,0.11,8,2,48,270,53,9,173705
10,0,10040,＜魚類＞　いとよりだい　すり身,"Golden threadfin bream, surimi (fish paste)",76.9,16.7,0.4,(0),0.9,90,79.7,26,110,290,17,12,0.1,0.3,0.01,0.01,-,,-,-,-,28.1,2,3,0.2,Tr,0.02,0.1,0.01,0.3,1,0.31,(0),-,,0.1,0,(770),(1400),(1600),(490),(170),(660),(670),(620),(1300),(840),(190),(860),(420),(1100),0.27,0.10,0.08,0.02,3,1,12,56,12,8,173702
10,45,10041,＜魚類＞　いぼだい　生,"Butterfish, raw",74.0,16.4,8.5,(0),1.1,132,129.65,41,160,190,280,30,0.5,0.8,0.03,0.01,-,,-,-,-,36.5,95,2,0.7,0.04,0.19,4.7,0.29,2.7,7,0.57,(0),-,,,0,(750),(1300),(1500),(510),(190),(700),(650),(550),(1200),(720),(180),(830),(440),(990),6.14,1.22,0.96,0.26,44,20,220,590,120,9,171951
10,35,10042,＜魚類＞　（いわし類）　うるめいわし　生,"Round herring, raw",71.7,21.3,4.8,(0),1.9,124,116.4,85,290,95,440,37,2.3,1.3,0.16,-,-,,-,-,-,36.5,130,9,1.6,0.08,0.36,8.0,0.55,14.0,16,1.25,(0),-,65,0.1,0.7,1000,1700,2000,640,210,860,890,770,1700,1000,260,1200,1100,1200,3.47,1.14,1.04,0.10,36,16,290,660,58,9,175116
10,15,10043,＜魚類＞　（いわし類）　うるめいわし　丸干し,"Round herring, whole dried",40.1,45.0,5.1,(0),9.5,219,201.9,570,910,2300,820,110,4.5,2.7,0.23,0.12,-,,-,-,-,147.8,0,8,0.1,0.25,0.43,16.0,0.69,25.0,44,0.92,Tr,-,291.3,0.4,3.5,(2200),(3600),(4300),(1400),(450),(1800),(1900),(1600),(3500),(2200),(550),(2500),(2400),(2600),3.42,1.27,1.09,0.13,39,28,340,620,57,7,174190
10,45,10044,＜魚類＞　（いわし類）　かたくちいわし　生,"Japanese anchovy, raw",68.2,18.2,12.1,(0),1.2,171,167.6,60,240,85,300,32,0.9,1.0,0.17,0.13,38,,40,0,0,36.5,11,4,0.4,0.03,0.16,9.7,0.58,14.0,19,1.07,(0),18.0,,0.1,0,830,1400,1600,550,190,740,750,610,1400,880,200,960,920,1000,9.22,2.78,2.24,0.30,78,45,1100,770,140,9,174182
10,0,10045,＜魚類＞　（いわし類）　かたくちいわし　煮干し,"Japanese anchovy, dried (niboshi)",15.7,64.5,6.2,(0),13.3,298,279.5,2200,1500,1700,1200,230,18.0,7.2,0.39,-,-,,-,-,-,113,Tr,18.0,0.9,0.10,0.10,17.0,0.28,41.0,74,1.81,(0),-,205.6,1.3,0,(2900),(4900),(5800),(2000),(680),(2600),(2600),(2200),(4800),(3100),(710),(3400),(3300),(3700),2.71,0.83,0.66,0.10,29,19,260,320,46,9,168052
10,0,10046,＜魚類＞　（いわし類）　かたくちいわし　田作り,"Japanese anchovy, tazukuri (candied)",14.9,66.6,5.7,(0),12.5,304,282.6,2500,2300,710,1600,190,3.0,7.9,0.39,0.79,-,,-,-,-,194,Tr,30.0,0.8,0.10,0.11,17.0,0.37,65.0,230,3.74,(0),-,,0,,(3000),(5100),(6000),(2000),(700),(2700),(2700),(2200),(5000),(3200),(730),(3500),(3400),(3800),2.65,1.01,0.90,0.10,28,13,220,620,43,8,167654
10,60,10047,＜魚類＞　（いわし類）　まいわし　生,"Japanese sardine, raw",68.9,19.2,9.2,(0),1.2,156,150.65,74,230,81,270,30,2.1,1.6,0.20,0.04,24,,48,Tr,Tr,36.5,8,32.0,2.5,0.03,0.39,7.2,0.49,16.0,10,1.14,1,15.0,,,0,910,1500,1800,570,190,760,800,670,1500,950,220,1000,1000,1100,6.94,2.53,2.10,0.28,92,59,780,870,100,9,173669
10,20,10048,＜魚類＞　（いわし類）　まいわし　水煮,"Japanese sardine, boiled",61.7,22.4,8.7,(0),1.3,182,173,82,250,80,280,32,2.3,1.7,0.23,0.06,-,,-,-,-,40.6,5,13.0,1.3,0.05,0.29,6.3,0.35,18.0,7,0.87,Tr,-,76,0.4,1,(1100),(1800),(2000),(670),(220),(880),(940),(780),(1700),(1100),(250),(1200),(1200),(1300),6.54,2.42,2.02,0.27,88,55,700,910,100,9,175140
10,35,10049,＜魚類＞　（いわし類）　まいわし　焼き,"Japanese sardine, grilled",57.8,25.3,9.4,(0),1.6,199,189.1,98,300,100,350,36,2.5,2.3,0.23,0.08,-,,-,-,-,40.6,8,14.0,1.9,0.12,0.43,9.1,0.39,22.0,12,1.33,Tr,-,76,0.4,1,(1200),(2000),(2300),(750),(240),(990),(1100),(880),(1900),(1200),(290),(1400),(1300),(1500),7.02,2.66,2.23,0.29,92,59,790,980,110,9,175140
10,0,10395,＜魚類＞　（いわし類）　まいわし　フライ,"Japanese sardine, fried",37.8,20.0,30.3,-,1.3,384,364.65,78,240,150,290,33,2.2,1.7,0.21,0.16,-,,-,-,-,40.6,15,21.0,5.7,0.04,0.39,6.3,0.28,14.0,14,1.15,37,-,76,0.4,1,830,1500,1500,540,220,760,810,640,1400,870,240,990,740,1100,26.78,8.22,3.93,4.16,3900,1700,830,950,130,4,175140
10,45,10050,＜魚類＞　（いわし類）　まいわし　塩いわし,"Japanese sardine, salted",66.3,16.8,9.6,(0),6.9,143,141.8,70,210,2400,300,43,1.7,1.4,0.20,0.05,-,,-,-,-,73.4,Tr,10.0,0.3,0.03,0.35,8.0,0.54,17.0,22,1.46,(0),-,101.6,7.8,0,(790),(1300),(1500),(500),(160),(660),(700),(590),(1300),(830),(190),(920),(870),(970),6.88,2.80,2.39,0.22,84,41,830,1100,76,7,168149
10,40,10051,＜魚類＞　（いわし類）　まいわし　生干し,"Japanese sardine, semi-dried",59.6,20.6,16.0,(0),2.7,217,211.95,65,270,690,340,34,1.6,0.9,0.12,0.13,-,,-,-,-,40.6,0,11.0,0.2,Tr,0.22,12.0,0.48,16.0,11,1.21,Tr,-,76,0.4,1,(970),(1600),(1900),(610),(200),(810),(860),(720),(1600),(1000),(230),(1100),(1100),(1200),12.59,3.93,3.12,0.36,110,66,1400,1100,140,9,175140
10,15,10052,＜魚類＞　（いわし類）　まいわし　丸干し,"Japanese sardine, whole dried",54.6,32.8,5.5,(0),6.4,177,164,440,570,1500,470,100,4.4,1.8,0.21,0.10,-,,-,-,-,40.6,40,50.0,0.7,0.01,0.41,16.0,0.68,29.0,31,1.00,1,-,76,0.4,1,(1600),(2600),(3000),(970),(320),(1300),(1400),(1100),(2500),(1600),(370),(1800),(1700),(1900),4.10,1.50,1.36,0.14,81,53,540,510,40,7,175140
10,15,10053,＜魚類＞　（いわし類）　めざし　生,"Mezashi (dried sardine skewer), raw",59.0,18.2,18.9,(0),3.4,206,226.1,180,190,1100,170,31,2.6,1.2,0.10,1.04,-,,-,-,-,73.4,77,11.0,0.3,0.01,0.21,10.0,0.37,15.0,34,1.27,(0),-,101.6,7.8,0,(830),(1400),(1700),(560),(200),(760),(730),(610),(1300),(810),(210),(950),(870),(1100),10.56,3.17,2.85,0.32,190,88,930,1400,110,7,168149
10,15,10054,＜魚類＞　（いわし類）　めざし　焼き,"Mezashi (dried sardine skewer), grilled",56.2,23.7,15.0,(0),4.4,200,212.9,320,290,1400,220,50,4.2,1.5,0.13,1.26,-,,-,-,-,73.4,95,11.0,0.4,0.01,0.26,12.0,0.38,13.0,36,1.71,(0),-,101.6,7.8,0,(1100),(1800),(2200),(730),(260),(990),(950),(800),(1800),(1100),(270),(1200),(1100),(1400),8.04,2.26,2.02,0.24,150,65,650,940,76,8,168149
10,0,10396,＜魚類＞　（いわし類）　しらす　生,"Whitebait, raw",81.8,15.0,1.3,(0),2.4,67,63.55,210,340,380,340,67,0.4,1.1,0.02,0.07,-,,-,-,-,32.1,110,6.7,0.9,0.02,0.07,3.7,0.17,4.2,56,0.51,Tr,-,65,0.1,0,620,1100,1200,390,150,540,560,520,1100,680,160,750,400,870,0.79,0.43,0.38,0.04,10,11,90,250,15,8,173713
10,0,10445,＜魚類＞　（いわし類）　しらす　釜揚げしらす,Boiled whitebait (kama-age shirasu),77.4,17.6,1.7,0,2.9,84,77.45,190,320,840,120,48,0.3,1.1,0.03,0.09,13,,39,3,1,41.1,140,4.2,0.8,0.07,0.04,2.1,0.05,1.5,26,0.30,-,9.9,83.3,0.1,0,(720),(1300),(1400),(460),(180),(640),(660),(600),(1300),(800),(190),(870),(470),(1000),(1.01),(0.54),(0.49),(0.05),(13),(14),(120),(320),(19),9,175161
10,0,10055,＜魚類＞　（いわし類）　しらす干し　微乾燥品,"Dried whitebait, lightly dried",67.5,24.5,2.1,0,5.6,113,104.65,280,480,1700,170,80,0.6,1.7,0.06,0.10,27,,61,3,1,41.1,190,12.0,1.1,0.11,0.03,2.6,0.05,3.2,27,0.50,0,12.0,83.3,0.1,0,1000,1900,2100,660,260,920,970,900,1900,1200,290,1200,600,1500,1.08,0.60,0.56,0.04,15,12,150,340,16,8,175161
10,0,10056,＜魚類＞　（いわし類）　しらす干し　半乾燥品,"Dried whitebait, semi-dried",46.0,40.5,3.5,(0),9.5,187,173.25,520,860,2600,490,130,0.8,3.0,0.07,0.17,-,,-,-,-,147.8,240,61.0,1.5,0.22,0.06,7.4,0.04,6.3,58,0.72,(0),-,291.3,0.4,3.5,1700,3100,3500,1100,460,1600,1600,1500,3100,2000,470,2100,1100,2500,1.69,0.95,0.88,0.07,29,28,200,570,21,8,174190
10,0,10057,＜魚類＞　（いわし類）　たたみいわし,Tatami iwashi (sheet-dried baby sardines),10.7,75.1,5.6,(0),7.9,348,312.9,970,1400,850,790,190,2.6,6.6,0.13,-,-,,-,-,-,113,410,50.0,2.7,0.15,0.33,8.2,0.27,16.0,300,2.95,(0),-,205.6,1.3,0,(3200),(5800),(6500),(2100),(850),(2900),(3000),(2800),(5800),(3700),(880),(3900),(2000),(4600),4.29,1.35,1.14,0.20,24,11,380,420,130,8,168052
10,0,10058,＜魚類＞　（いわし類）　みりん干し　かたくちいわし,"Japanese anchovy, mirin-boshi (mirin-dried)",18.5,44.3,7.0,(0),5.2,330,302.05,800,660,1100,420,73,3.7,3.5,0.32,0.36,-,,-,-,-,113,13,25.0,1.1,0.02,0.24,8.2,0.38,15.0,23,1.77,(0),-,205.6,1.3,0,(2000),(3400),(4000),(1300),(470),(1800),(1800),(1500),(3300),(2100),(490),(2300),(2200),(2500),4.77,2.03,1.07,0.94,860,28,360,580,47,2,168052
10,0,10059,＜魚類＞　（いわし類）　みりん干し　まいわし,"Japanese sardine, mirin-boshi (mirin-dried)",33.5,31.4,15.7,(0),3.1,314,300.4,240,360,670,290,54,4.3,2.3,0.27,0.11,-,,-,-,-,40.6,16,53.0,0.9,Tr,0.50,8.9,0.37,14.0,19,1.41,(0),-,76,0.4,1,(1500),(2500),(2900),(930),(300),(1200),(1300),(1100),(2400),(1600),(350),(1700),(1600),(1800),11.56,4.70,3.34,1.20,1000,68,1400,1300,110,2,175140
10,0,10060,＜魚類＞　（いわし類）　缶詰　水煮,"Sardine, canned, in water",66.3,20.7,10.6,(0),2.3,168,162.9,320,360,330,250,44,2.6,1.4,0.19,0.13,-,,-,-,-,52.7,9,6,2.6,0.03,0.30,8.5,0.16,16.0,7,0.63,(0),-,75,2.6,0,(950),(1600),(1900),(640),(230),(870),(830),(700),(1500),(920),(240),(1100),(990),(1200),8.10,3.17,2.92,0.24,110,76,1200,1200,100,10,175139
10,0,10061,＜魚類＞　（いわし類）　缶詰　味付け,"Sardine, canned, seasoned",59.1,20.4,11.9,(0),2.9,203,192.5,370,380,560,240,38,2.3,1.9,0.19,0.25,-,,-,-,-,52.7,9,20.0,2.1,0.03,0.30,8.0,0.27,13.0,6,0.61,(0),-,75,2.6,0,(930),(1600),(1900),(630),(230),(850),(820),(690),(1500),(910),(230),(1100),(970),(1200),9.81,3.70,3.17,0.45,100,67,1400,1100,200,5,175139
10,0,10062,＜魚類＞　（いわし類）　缶詰　トマト漬,"Sardine, canned, in tomato sauce",68.1,17.5,10.8,(0),2.3,167,157.6,360,320,280,310,35,1.9,1.7,0.19,0.18,-,,-,-,-,40.6,12,20.0,2.4,0.01,0.25,6.3,0.27,10.0,14,0.68,(0),-,76,0.4,1,(800),(1400),(1600),(540),(190),(730),(700),(590),(1300),(780),(200),(910),(830),(1000),9.23,3.40,2.89,0.43,140,76,1300,1100,160,8,175140
10,0,10063,＜魚類＞　（いわし類）　缶詰　油漬,"Sardine, canned, in oil",46.2,20.3,30.7,(0),2.5,351,333.05,350,370,320,280,36,1.4,2.1,0.20,0.22,-,,-,-,-,52.7,25,7,8.2,0.08,0.32,7.8,0.34,18.0,10,0.81,(0),-,75,2.6,0,(930),(1600),(1900),(620),(230),(850),(820),(680),(1500),(900),(230),(1100),(970),(1200),27.84,13.96,2.45,11.45,11000,350,850,810,64,6,175139
10,0,10064,＜魚類＞　（いわし類）　缶詰　かば焼,"Sardine, canned, kabayaki",56.1,16.2,15.6,(0),2.8,234,221.85,220,290,610,270,31,2.0,1.2,0.13,0.17,-,,-,-,-,40.6,32,17.0,1.8,0.01,0.24,6.2,0.24,12.0,15,0.74,(0),-,76,0.4,1,(740),(1300),(1500),(500),(180),(680),(650),(550),(1200),(720),(190),(850),(770),(950),13.36,4.87,4.23,0.54,160,130,1800,1400,210,6,175140
10,0,10397,＜魚類＞　（いわし類）　缶詰　アンチョビ,"Anchovy, canned",54.3,24.2,6.8,(0),14.0,157,144.95,150,180,5200,140,39,2.6,3.7,0.24,0.09,62,,52,1,-,68.1,4,1.7,1.9,0,0.31,4.1,0.21,14.0,23,0.48,-,22.0,85,12.1,0,1300,2100,2100,810,290,1100,1200,960,2200,1300,400,1500,850,1400,5.78,1.85,0.80,1.03,1000,32,140,580,17,6,174183
10,50,10065,＜魚類＞　いわな　養殖　生,"Char, farmed, raw",76.1,19.0,3.6,(0),1.2,101,97.45,39,260,49,380,29,0.3,0.8,0.04,0.02,-,,-,-,-,23.6,5,5,1.6,0.09,0.12,3.4,0.21,4.2,5,0.68,(0),-,65,0.1,2.9,,,,,,,,,,,,,,,2.65,0.91,0.56,0.35,290,29,110,350,31,9,173717
10,50,10066,＜魚類＞　うぐい　生,"Dace, raw",77.0,20.1,1.5,(0),1.2,93,83.8,69,240,83,340,27,0.7,3.4,0.05,0.04,-,,-,-,-,12.6,41,19.0,0.8,0.03,0.11,3.5,0.16,8.5,8,1.11,(0),-,65,0.1,1.6,(920),(1600),(1800),(620),(230),(860),(790),(680),(1500),(880),(220),(1000),(540),(1200),1.12,0.43,0.25,0.17,120,12,48,170,21,8,171952
10,25,10067,＜魚類＞　うなぎ　養殖　生,"Eel, farmed, raw",62.1,17.1,19.3,(0),1.2,228,224.95,130,260,74,230,20,0.5,1.4,0.04,0.04,17,,50,0,5,6.5,2400,18.0,7.4,0.37,0.48,3.0,0.13,3.5,14,2.17,(0),6.1,65,0,1.8,630,1100,1300,480,140,610,610,490,1100,730,140,730,600,1100,15.45,2.89,2.42,0.39,220,59,580,1100,71,9,174193
10,0,10068,＜魚類＞　うなぎ　きも　生,"Eel, liver, raw",77.2,13.0,5.3,(0),1.0,102,102.8,19,160,140,200,15,4.6,2.7,1.08,0.08,-,,-,-,-,,4400,3,3.9,0.30,0.75,4.0,0.25,2.7,380,2.95,17,-,,,,,,,,,,,,,,,,,,3.93,0.93,0.79,0.13,50,10,150,470,53,6,168980
10,0,10069,＜魚類＞　うなぎ　白焼き,"Eel, grilled (shirayaki)",52.1,20.7,25.8,(0),1.3,300,292.1,140,280,100,300,18,1.0,1.9,0.04,0.04,-,,-,-,-,8.3,1500,17.0,5.3,0.55,0.45,3.5,0.09,2.7,16,1.16,(0),-,,,1.8,(760),(1300),(1600),(580),(170),(740),(730),(590),(1300),(880),(160),(880),(730),(1400),21.64,3.10,2.27,0.75,530,90,510,1100,95,9,174194
10,0,10070,＜魚類＞　うなぎ　かば焼,"Eel, kabayaki (grilled with sauce)",50.5,23.0,21.0,(0),2.4,285,269.85,150,300,510,300,15,0.8,2.7,0.07,-,77,,42,2,2,8.3,1500,19.0,4.9,0.75,0.74,4.1,0.09,2.2,13,1.29,(0),10.0,,,1.8,(850),(1500),(1700),(640),(190),(830),(810),(660),(1500),(980),(180),(980),(810),(1500),18.56,3.39,2.87,0.53,440,84,750,1300,62,7,174194
10,65,10071,＜魚類＞　うまづらはぎ　生,"Filefish, raw",80.2,18.2,0.3,(0),1.3,75,66.25,50,160,210,320,87,0.4,0.5,0.05,0.02,-,,-,-,-,36.5,0,8,1.1,0.01,0.13,3.7,0.40,1.4,4,0.50,(0),-,,,0,900,1500,1600,530,230,760,700,640,1300,820,220,1000,440,1100,0.19,0.11,0.08,0.02,1,Tr,21,55,16,9,173670
10,9,10072,＜魚類＞　うまづらはぎ　味付け開き干し,"Filefish, seasoned dried",21.5,58.9,1.6,(0),7.6,289,256.15,190,370,2400,310,84,1.5,2.4,0.10,0.10,-,,-,-,-,147.8,Tr,69.0,0.7,0.02,0.05,8.2,0.34,4.0,16,0.74,(0),-,291.3,0.4,3.5,(2900),(4700),(5200),(1700),(760),(2500),(2300),(2100),(4300),(2700),(700),(3300),(1400),(3700),1.08,0.57,0.48,0.09,9,3,120,340,55,6,174190
10,0,10073,＜魚類＞　えい　生,"Ray, raw",79.3,19.1,0.3,(0),1.2,79,69.75,4,170,270,110,18,0.9,0.5,0.04,0.01,-,,-,-,-,,2,3,0.7,0.05,0.12,2.5,0.25,3.7,3,0.55,(0),-,,,25.8,(590),(910),(1000),(340),(130),(470),(450),(400),(850),(550),(140),(570),(280),(740),0.14,0.06,0.04,0.02,1,Tr,7,30,15,9,167783
10,0,10074,＜魚類＞　えそ　生,"Lizardfish, raw",77.6,20.1,0.8,(0),1.4,87,77.5,80,260,120,380,36,0.3,0.4,0.02,0.17,17,,27,0,0,36.5,0,1,0.1,0.07,0.10,3.3,0.24,1.7,13,0.51,(0),1.7,,,0,950,1700,2000,630,210,840,810,760,1600,1000,240,1100,670,1300,0.55,0.25,0.22,0.03,5,2,37,160,16,8,173670
10,55,10075,＜魚類＞　おいかわ　生,"Freshwater minnow (Oikawa), raw",73.8,19.2,5.8,(0),1.1,124,116.85,45,210,48,240,23,0.6,2.5,0.06,0.04,-,,-,-,-,12.6,10,10.0,0.9,0.01,0.16,4.0,0.21,11.0,21,1.02,(0),-,,,0,(880),(1500),(1800),(590),(220),(820),(760),(650),(1400),(840),(210),(980),(520),(1200),4.50,1.41,0.96,0.19,120,230,360,170,40,8,173675
10,0,10076,＜魚類＞　おおさが　生,"Bigeye (Osaga), raw",74.7,16.3,8.0,(0),0.9,131,125.4,16,160,71,310,22,0.2,0.4,0.02,0.01,-,,-,-,-,36.5,85,3,4.9,0.01,0.03,1.0,0.05,3.3,1,0.21,(0),-,,0.1,2.8,(750),(1300),(1500),(500),(190),(690),(640),(550),(1200),(720),(180),(830),(440),(990),6.35,0.79,0.68,0.12,47,17,210,330,39,8,175163
10,60,10077,＜魚類＞　おこぜ　生,"Scorpionfish, raw",78.8,19.6,0.2,(0),1.2,81,71,31,200,85,360,26,0.4,0.7,0.03,0.21,-,,-,-,-,36.5,2,1,0.4,0.01,0.12,2.4,0.08,0.6,3,0.51,(0),-,65,0.1,0,(900),(1500),(1800),(610),(230),(830),(770),(660),(1400),(860),(210),(1000),(530),(1200),0.10,0.05,0.04,0.01,1,Tr,9,25,8,8,175141
10,0,10078,＜魚類＞　おひょう　生,"Halibut, raw",77.0,19.9,1.7,(0),1.3,93,84.45,7,260,72,400,28,0.1,0.5,0.02,0.01,-,,-,-,-,45.6,13,3,0.8,0.09,0.07,7.1,0.41,2.1,12,0.47,(0),-,61.8,0,0,(910),(1600),(1800),(610),(230),(850),(790),(670),(1500),(870),(220),(1000),(540),(1200),1.19,0.39,0.35,0.04,9,3,140,170,21,8,174200
10,0,10079,＜魚類＞　かさご　生,"Rockfish, raw",79.1,19.3,1.1,(0),1.2,83,76.9,57,180,120,310,27,0.3,0.5,0.01,0.01,48,,50,1,0,63,3,2,0.3,0.03,0.06,1.8,0.06,1.2,3,0.47,(0),0.8,65,0,0,830,1500,1800,610,200,800,790,670,1500,970,200,910,440,1300,0.89,0.35,0.28,0.06,7,4,54,190,33,9,173684
10,0,10080,＜魚類＞　かじか　生,"Sculpin, raw",76.4,15.0,5.0,(0),3.4,98,95.7,520,400,110,260,31,2.8,1.7,0.15,0.31,-,,-,-,-,36.5,180,3,1.3,0.07,0.38,1.5,0.08,28.0,15,0.54,1,-,65,0.1,0,(690),(1200),(1400),(460),(180),(640),(590),(510),(1100),(660),(160),(760),(410),(910),3.27,1.17,0.74,0.40,170,120,240,220,150,9,175141
10,0,10081,＜魚類＞　かじか　水煮,"Sculpin, boiled",73.5,15.8,5.8,(0),4.7,108,105.3,630,440,90,210,40,2.6,2.3,0.24,0.37,-,,-,-,-,36.5,290,4.9,2.5,0.06,0.30,1.1,0.07,28.0,21,0.42,1,-,65,0.1,0,(730),(1200),(1400),(490),(180),(670),(620),(530),(1200),(690),(170),(800),(430),(960),3.89,1.36,0.86,0.47,190,130,270,270,180,9,175141
10,0,10082,＜魚類＞　かじか　つくだ煮,"Sculpin, tsukudani",23.8,29.4,5.5,(0),7.5,293,267.95,880,670,1700,460,59,5.8,3.0,0.15,1.64,-,,-,-,-,36.5,370,2,3.4,0.07,0.48,2.4,0.05,16.0,53,0.80,(0),-,65,0.1,0,(1300),(2300),(2700),(910),(340),(1300),(1200),(990),(2200),(1300),(320),(1500),(800),(1800),3.47,1.63,1.10,0.51,140,120,450,270,240,3,175141
10,0,10083,＜魚類＞　（かじき類）　くろかじき　生,"Blue marlin, raw",75.6,22.9,0.2,(0),1.2,93,82.2,5,260,70,390,34,0.5,0.7,0.03,0.01,-,,-,-,-,36.5,2,38.0,0.9,0.05,0.06,14.0,0.44,1.5,6,0.29,(0),-,,,0,1100,1700,1900,650,280,920,820,730,1500,980,260,1200,1800,1300,0.12,0.05,0.04,0.01,1,Tr,4,36,6,9,171959
10,0,10084,＜魚類＞　（かじき類）　まかじき　生,"Striped marlin, raw",73.8,23.1,1.8,(0),1.2,107,96.5,5,270,65,380,35,0.6,0.6,0.04,0.01,11,,55,0,0,36.5,8,12.0,1.2,0.09,0.07,10.0,0.44,4.3,5,1.25,(0),13.0,,,0,(1000),(1700),(2000),(650),(240),(900),(860),(760),(1600),(1000),(270),(1200),(1700),(1300),1.34,0.52,0.44,0.09,16,6,61,310,39,9,171948
10,0,10085,＜魚類＞　（かじき類）　めかじき　生,"Swordfish, raw",72.2,19.2,7.6,(0),1.3,139,131.8,3,260,71,440,29,0.5,0.7,0.04,0,16,,59,Tr,0,57.4,61,8.8,4.4,0.06,0.09,7.6,0.37,1.9,8,0.39,1,2.7,65,0.1,0,830,1400,1600,530,200,730,680,660,1300,880,220,910,1000,1100,6.29,1.11,0.92,0.19,41,20,110,600,60,6,173703
10,0,10398,＜魚類＞　（かじき類）　めかじき　焼き,"Swordfish, grilled",59.9,27.5,11.1,(0),1.9,202,190.6,5,370,110,630,41,0.6,0.9,0.05,0,-,,-,-,-,68.5,85,10.0,6.1,0.07,0.11,10.0,0.35,2.4,8,0.46,1,-,77.5,0.1,0,1200,2100,2300,790,280,1100,1000,980,2000,1300,320,1400,1500,1600,9.38,1.65,1.37,0.28,62,23,170,890,87,9,173704
10,0,10086,＜魚類＞　（かつお類）　かつお　春獲り　生,"Skipjack tuna, spring catch, raw",72.2,25.8,0.5,(0),1.4,108,94.9,11,280,43,430,42,1.9,0.8,0.11,0.01,11,,43,0,0,36.5,5,4,0.3,0.13,0.17,19.0,0.76,8.4,6,0.70,(0),2.6,,,1,1000,1800,2100,700,270,970,920,830,1700,1200,320,1200,2500,1400,0.38,0.19,0.17,0.02,5,3,39,120,7,9,175156
10,35,10087,＜魚類＞　（かつお類）　かつお　秋獲り　生,"Skipjack tuna, autumn catch, raw",67.3,25.0,6.2,(0),1.3,150,140.9,8,260,38,380,38,1.9,0.9,0.10,0.01,25,,100,Tr,Tr,36.5,20,9,0.1,0.10,0.16,18.0,0.76,8.6,4,0.61,(0),5.7,65,0,0,1100,1800,2100,700,270,970,930,830,1800,1100,310,1200,2400,1400,4.67,1.84,1.57,0.24,85,41,400,970,84,9,173706
10,40,10088,＜魚類＞　（かつお類）　そうだがつお　生,"Frigate tuna, raw",69.9,25.7,2.8,(0),1.3,126,114.8,23,230,81,350,33,2.6,1.2,0.15,0.02,-,,-,-,-,36.5,9,22.0,1.2,0.17,0.29,16.0,0.54,12.0,14,1.29,(0),-,,,1,(1100),(1900),(2200),(730),(270),(1000),(950),(840),(1800),(1100),(300),(1300),(2100),(1400),2.06,0.84,0.74,0.10,28,16,180,470,39,9,175156
10,0,10089,＜魚類＞　（かつお類）　加工品　なまり,"Skipjack tuna, namari (lightly boiled)",66.9,29.8,0.7,(0),2.2,126,111.65,11,300,110,300,32,3.7,0.9,0.17,0.02,-,,-,-,-,36.5,Tr,4,0.2,0.19,0.18,16.0,0.46,21.0,16,0.58,(0),-,,,1,(1300),(2200),(2500),(850),(320),(1200),(1100),(970),(2100),(1300),(350),(1500),(2400),(1700),0.42,0.17,0.14,0.03,6,2,19,110,12,7,175156
10,0,10090,＜魚類＞　（かつお類）　加工品　なまり節,"Skipjack tuna, namari-bushi (semi-dried)",58.8,38.0,1.1,(0),1.6,162,144.1,20,570,95,630,40,5.0,1.2,0.20,0.03,-,,-,-,-,36.5,Tr,21.0,0.4,0.40,0.25,35.0,0.36,11.0,10,0.70,(0),-,,,1,(1700),(2800),(3200),(1100),(400),(1500),(1400),(1200),(2600),(1600),(440),(1900),(3100),(2100),0.66,0.22,0.17,0.06,8,2,22,130,24,6,175156
10,0,10446,＜魚類＞　（かつお類）　加工品　裸節,"Skipjack tuna, naked-bushi (dried block)",22.6,71.6,3.3,0,2.8,309,278.65,15,570,310,780,76,6.5,1.9,0.29,0.03,60,,240,3,2,36.5,10,6.7,1.5,0.01,0.35,45.0,0.65,16.0,14,0.86,1,15.0,,,1,(3300),(5500),(6200),(2100),(700),(2800),(2800),(2500),(5300),(3500),(900),(3800),(5300),(4100),(1.98),(0.91),(0.79),(0.12),(25),(7),(110),(630),(45),9,175156
10,0,10091,＜魚類＞　（かつお類）　加工品　かつお節,"Skipjack tuna, katsuobushi (dried bonito)",15.2,77.1,2.9,(0),4.0,332,297.3,28,790,130,940,70,5.5,2.8,0.27,-,45,,320,1,1,36.5,Tr,6,1.2,0.55,0.35,45.0,0.53,15.0,11,0.82,(0),15.0,,,1,3600,5900,6700,2200,760,3000,3000,2700,5700,3800,960,4100,5700,4400,1.76,0.81,0.70,0.10,22,6,99,560,40,8,175156
10,0,10092,＜魚類＞　（かつお類）　加工品　削り節,"Skipjack tuna, dried bonito flakes",17.2,75.7,3.2,(0),3.5,327,293.55,46,680,480,810,91,9.0,2.5,0.43,0.05,-,,-,-,-,36.5,24,4,1.1,0.38,0.57,37.0,0.53,22.0,15,0.97,(0),-,,,1,3500,6000,6600,2200,810,3000,3100,2800,5900,3800,1000,4100,4800,4400,1.86,0.79,0.63,0.16,25,7,86,500,63,9,175156
10,0,10093,＜魚類＞　（かつお類）　加工品　削り節つくだ煮,"Skipjack tuna, dried bonito flakes, tsukudani",36.1,19.5,3.3,(0),8.8,233,209.35,54,290,3100,410,69,8.0,1.3,0.18,0.35,-,,-,-,-,37.7,Tr,6,0.4,0.13,0.10,12.0,0.19,5.3,27,0.57,(0),-,85,0.1,0.9,(900),(1500),(1700),(560),(210),(770),(800),(710),(1500),(990),(260),(1100),(1200),(1100),2.49,1.09,0.31,0.77,710,9,38,250,29,3,175121
10,0,10094,＜魚類＞　（かつお類）　加工品　角煮,"Skipjack tuna, kakuni (simmered cubes)",41.4,31.0,1.6,(0),4.6,221,197,10,220,1500,290,40,6.0,0.7,0.09,0.26,-,,-,-,-,36.5,Tr,5,0.5,0.15,0.12,17.0,0.21,4.0,15,0.42,(0),-,,,1,(1400),(2300),(2700),(880),(330),(1200),(1200),(1000),(2200),(1300),(360),(1600),(2300),(1700),1.02,0.39,0.31,0.09,38,15,42,230,23,6,175156
10,0,10095,＜魚類＞　（かつお類）　加工品　塩辛,"Skipjack tuna, shiokara (salted viscera)",72.9,12.0,1.5,(0),13.6,58,54.75,180,150,5000,130,37,5.0,12.0,0.07,0.07,-,,-,-,-,,90,120.0,0.7,0.10,0.25,1.7,0.05,4.5,48,0.43,2,-,,,,(520),(890),(1000),(340),(130),(470),(450),(400),(840),(520),(140),(600),(880),(670),0.71,0.24,0.18,0.06,16,3,28,140,27,3,169798
10,0,10096,＜魚類＞　（かつお類）　缶詰　味付け　フレーク,"Skipjack tuna, canned, seasoned, flaked",65.8,18.4,2.7,(0),2.4,139,124.8,29,190,650,280,30,2.6,0.7,0.15,0.11,-,,-,-,-,37.7,Tr,9,1.0,0.14,0.13,15.0,0.29,8.3,9,0.37,(0),-,85,0.1,0.9,(800),(1400),(1600),(520),(190),(710),(680),(610),(1300),(800),(220),(920),(1400),(1000),2.30,0.94,0.83,0.11,40,22,180,540,35,6,175121
10,0,10097,＜魚類＞　（かつお類）　缶詰　油漬　フレーク,"Skipjack tuna, canned, in oil, flaked",55.5,18.8,24.2,(0),1.4,289,271.85,5,160,350,230,23,0.9,0.5,0.07,0.02,-,,-,-,-,60.1,Tr,4,2.6,0.12,0.11,15.0,0.40,2.8,7,0.24,(0),-,,6.9,0,(820),(1400),(1600),(530),(200),(730),(700),(620),(1300),(820),(220),(940),(1400),(1100),22.36,13.44,1.99,11.44,11000,1600,60,290,14,8,175157
10,40,10098,＜魚類＞　かます　生,"Barracuda, raw",72.7,18.9,7.2,(0),1.1,137,127.7,41,140,120,320,34,0.3,0.5,0.04,0.01,-,,-,-,-,12.6,12,11.0,0.9,0.03,0.14,4.5,0.31,2.3,8,0.47,(0),-,,,0,890,1500,1800,600,280,880,750,680,1400,850,210,990,530,1100,6.12,1.80,1.50,0.26,56,32,340,940,130,7,173675
10,40,10099,＜魚類＞　かます　焼き,"Barracuda, grilled",70.3,23.3,4.9,(0),1.4,134,123.55,59,190,150,360,42,0.5,0.6,0.05,0.01,-,,-,-,-,12.6,13,10.0,0.9,0.03,0.14,4.2,0.31,3.3,13,0.52,(0),-,,,0,(1100),(1900),(2200),(740),(340),(1100),(930),(830),(1800),(1000),(260),(1200),(660),(1400),3.90,1.23,1.03,0.17,35,19,190,710,83,8,173675
10,0,10100,＜魚類＞　（かれい類）　まがれい　生,"Marbled flounder, raw",77.8,19.6,1.3,(0),1.2,89,80,43,200,110,330,28,0.2,0.8,0.03,0.01,21,,110,0,0,26.6,5,13.0,1.5,0.03,0.35,2.5,0.15,3.1,4,0.66,(0),22.0,65,0.1,0,970,1700,2000,640,230,870,820,750,1600,1000,230,1100,510,1300,0.95,0.43,0.35,0.06,7,3,180,96,27,9,174196
10,35,10101,＜魚類＞　（かれい類）　まがれい　水煮,"Marbled flounder, boiled",75.6,21.4,1.1,(0),1.2,97,86.7,56,200,100,320,29,0.3,0.9,0.03,0.02,15,,77,0,0,26.6,5,17.0,2.0,0.03,0.27,2.6,0.14,3.3,4,0.73,(0),15.0,65,0.1,0,(1100),(1800),(2100),(700),(250),(950),(900),(820),(1700),(1100),(250),(1200),(550),(1400),0.83,0.38,0.31,0.05,6,3,160,83,22,9,174196
10,35,10102,＜魚類＞　（かれい類）　まがれい　焼き,"Marbled flounder, grilled",73.9,23.4,1.3,(0),1.4,104,92.95,70,240,130,370,32,0.3,1.0,0.04,0.02,22,,97,Tr,0,26.6,7,18.0,2.5,0.03,0.41,3.1,0.13,4.1,6,0.75,(0),27.0,65,0.1,0,(1200),(2000),(2300),(770),(270),(1000),(980),(900),(1900),(1200),(270),(1300),(610),(1500),0.96,0.44,0.36,0.06,6,2,180,91,29,9,174196
10,55,10103,＜魚類＞　（かれい類）　まこがれい　生,"Marbled sole, raw",79.0,18.0,1.8,(0),1.2,86,78.3,46,190,120,320,24,0.4,0.8,0.02,0.03,-,,-,-,-,36.5,5,6.7,1.5,0.12,0.32,3.1,0.21,1.8,8,0.67,0,-,,,0,750,1300,1500,540,180,720,690,590,1300,830,180,860,400,1200,1.23,0.56,0.43,0.11,11,7,200,110,52,7,173705
10,0,10399,＜魚類＞　（かれい類）　まこがれい　焼き,"Marbled sole, grilled",66.2,28.5,2.8,(0),1.8,138,126,75,300,180,490,39,0.8,1.2,0.03,0.06,-,,-,-,-,51.5,6,9.2,2.1,0.17,0.44,5.0,0.15,3.0,14,1.25,1,-,,,0,1100,2000,2300,830,280,1100,1100,920,2000,1300,280,1300,610,1900,1.95,0.89,0.68,0.18,18,10,310,180,88,9,175152
10,40,10104,＜魚類＞　（かれい類）　子持ちがれい　生,"Roe-bearing flounder, raw",72.7,19.9,6.2,(0),1.1,123,122.7,20,200,77,290,27,0.2,0.8,0.03,0.04,-,,-,-,-,40.3,12,4,2.9,0.19,0.20,2.4,0.15,4.3,20,2.41,Tr,-,335.4,0.2,16,,,,,,,,,,,,,,,4.56,1.70,1.51,0.13,34,16,800,380,68,8,175132
10,15,10105,＜魚類＞　（かれい類）　子持ちがれい　水煮,"Roe-bearing flounder, boiled",69.3,22.3,7.2,(0),1.1,137,139.6,40,210,83,270,28,0.3,1.0,0.04,0.04,-,,-,-,-,40.3,11,4.7,4.2,0.25,0.22,2.7,0.15,4.9,23,2.58,Tr,-,335.4,0.2,16,,,,,,,,,,,,,,,5.04,1.74,1.52,0.15,35,18,760,420,81,9,175132
10,40,10106,＜魚類＞　（かれい類）　干しかれい,"Flatfish, dried",74.6,20.2,3.4,(0),1.8,104,99.6,40,170,430,280,29,0.1,0.4,0.01,0.02,-,,-,-,-,32.6,2,1,2.3,0.25,0.10,5.1,0.11,1.6,11,0.71,(0),-,79.9,0.1,0,,,,,,,,,,,,,,,2.43,0.85,0.73,0.09,17,8,310,280,48,8,174197
10,0,10107,＜魚類＞　かわはぎ　生,"Filefish, raw",79.9,18.8,0.4,(0),1.2,77,69.2,13,240,110,380,28,0.2,0.4,0.03,0.02,33,,35,0,0,36.5,2,43.0,0.6,0.02,0.07,3.0,0.45,1.3,6,0.17,(0),0.9,,,0,850,1500,1700,570,200,780,740,680,1400,940,220,970,450,1200,0.26,0.14,0.10,0.04,2,Tr,32,53,30,9,171958
10,0,10108,＜魚類＞　かんぱち　三枚おろし　生,"Greater amberjack, fillet, raw",73.3,21.0,4.2,(0),1.4,119,109.55,15,270,65,490,34,0.6,0.7,0.05,0.01,11,,29,0,0,36.5,4,4,0.9,0.15,0.16,8.0,0.32,5.3,10,0.52,(0),2.4,,,0,(950),(1600),(1900),(640),(230),(870),(840),(710),(1500),(930),(240),(1100),(970),(1200),3.39,1.24,1.07,0.15,33,18,190,730,68,9,171951
10,0,10424,＜魚類＞　かんぱち　背側　生,"Greater amberjack, dorsal, raw",76.1,22.2,1.2,(0),1.3,95,87.9,6,250,54,470,29,0.4,0.4,0.04,Tr,53,,63,0,0,90.6,4,1.4,1.1,0.15,0.08,10,0.56,1.0,4,0.28,0,1.6,65,0.1,0,1100,1800,2100,680,240,920,870,810,1700,1100,260,1200,920,1400,0.86,0.31,0.26,0.05,6,2,26,210,22,9,175159
10,55,10109,＜魚類＞　きす　生,"Japanese whiting, raw",80.8,18.5,0.2,(0),1.2,73,66.45,27,180,100,340,29,0.1,0.4,0.02,0.01,21,,37,1,-,32.1,1,0.7,0.4,0.09,0.03,2.7,0.22,2.2,11,0.18,-,2.3,65,0.1,0,860,1500,1800,590,200,780,750,670,1400,910,210,950,460,1200,0.12,0.06,0.05,0.01,1,Tr,17,31,5,9,173713
10,2,10400,＜魚類＞　きす　天ぷら,"Japanese whiting, tempura",57.5,18.4,15.2,0.7,1.2,234,218.1,90,210,110,330,31,0.2,0.5,0.03,0.08,22,,33,0,-,32.1,2,0.6,3.2,0.09,0.06,2.4,0.15,2.0,9,0.30,18,2.2,65,0.1,0,860,1500,1700,570,210,780,760,620,1400,900,210,950,460,1200,13.43,3.77,1.28,2.48,2400,1100,68,120,20,4,173713
10,0,10110,＜魚類＞　きちじ　生,"Splendid alfonsino, raw",63.9,13.6,21.7,(0),0.8,238,232.05,32,130,75,250,32,0.3,0.4,0.11,-,84,,58,0,0,36.5,65,4,2.4,0.03,0.07,0.8,0.04,1.0,2,0.20,(0),0.8,50.5,0.1,1.6,620,1100,1300,450,150,600,610,490,1100,700,140,680,300,930,18.61,3.97,3.42,0.48,140,66,1300,1500,190,9,173673
10,35,10111,＜魚類＞　きびなご　生,"Silver-stripe round herring, raw",78.2,18.8,1.4,(0),1.5,85,78.05,100,240,150,330,34,1.1,1.9,0.10,0.03,-,,-,-,-,36.5,0,10.0,0.3,0.02,0.25,6.2,0.44,8.3,8,0.87,Tr,-,65,0.1,0.7,(860),(1500),(1700),(580),(220),(800),(740),(630),(1400),(830),(200),(960),(510),(1100),0.75,0.24,0.21,0.03,9,5,59,130,10,8,175116
10,0,10112,＜魚類＞　きびなご　調味干し,"Silver-stripe round herring, seasoned dried",32.2,47.9,7.4,(0),12.0,241,232.3,1400,1200,2600,660,170,5.9,0.7,0.19,0.41,-,,-,-,-,,0,24.0,0.4,0.02,0.64,13.0,0.26,24.0,36,1.36,(0),-,,,,(2200),(3800),(4400),(1500),(560),(2000),(1900),(1600),(3500),(2100),(520),(2400),(1300),(2900),3.47,0.95,0.78,0.12,42,34,250,400,40,5,169807
10,0,10113,＜魚類＞　キャビア　塩蔵品,"Caviar, salted",51.0,26.2,17.1,(0),4.6,242,240.9,8,450,1600,200,30,2.4,2.5,0.07,0.12,-,,-,-,-,73.4,59,1,9.3,0.01,1.31,0.6,0.24,19.0,49,2.38,(0),-,101.6,7.8,0,(1100),(2300),(2000),(690),(480),(1200),(1100),(1000),(2200),(1300),(340),(1300),(690),(1700),12.41,2.91,2.36,0.54,110,59,470,1600,320,6,168149
10,0,10114,＜魚類＞　キングクリップ　生,"Kingklip, raw",80.5,18.2,0.1,(0),1.2,73,64.55,47,170,140,340,28,0.3,0.5,0.02,0.01,-,,-,-,-,36.5,5,Tr,0.2,0.03,0.07,1.5,0.09,1.3,4,0.42,(0),-,,,0,(840),(1400),(1700),(560),(210),(770),(720),(610),(1300),(800),(200),(930),(490),(1100),0.06,0.03,0.02,Tr,Tr,0,4,19,3,9,173671
10,0,10115,＜魚類＞　ぎんだら　生,"Sablefish, raw",67.4,13.6,18.6,(0),0.9,210,205.7,15,180,74,340,26,0.3,0.3,0.02,0,-,,-,-,-,36.5,1500,3.5,4.6,0.05,0.10,1.7,0.09,2.8,1,0.21,1,-,,,0,620,1100,1300,450,140,590,540,500,1000,690,140,680,330,950,15.96,1.59,1.13,0.29,160,69,480,290,75,9,175134
10,0,10401,＜魚類＞　ぎんだら　水煮,"Sablefish, boiled",61.2,14.9,23.8,(0),0.8,253,254.45,15,150,63,280,25,0.3,0.3,0.03,0,-,,-,-,-,36.5,1800,4.2,5.4,0.04,0.08,1.6,0.09,2.6,1,0.13,1,-,,,0,770,1300,1500,560,180,740,660,620,1300,850,180,840,390,1100,20.67,2.08,1.47,0.38,210,88,630,370,97,9,175134
10,60,10116,＜魚類＞　きんめだい　生,"Splendid alfonsino, raw",72.1,17.8,9.0,(0),1.0,147,139.15,31,490,59,330,73,0.3,0.3,0.02,0.01,-,,-,-,-,36.5,63,2,1.7,0.03,0.05,2.7,0.28,1.1,9,0.23,(0),-,,,4,740,1300,1600,530,180,720,710,600,1300,810,180,860,540,1100,7.54,1.60,1.37,0.22,78,48,270,870,110,9,173688
10,60,10117,＜魚類＞　ぐち　生,"White croaker, raw",80.1,18.0,0.8,(0),1.1,78,69.8,37,140,95,260,28,0.4,0.6,0.03,0.01,-,,-,-,-,36.5,5,2.9,0.5,0.04,0.28,2.8,0.18,2.5,6,0.46,(0),-,67,0.1,0,930,1500,1700,590,220,810,760,640,1400,850,210,1000,410,1100,0.55,0.20,0.17,0.03,5,2,42,110,16,8,174192
10,45,10118,＜魚類＞　ぐち　焼き,"White croaker, grilled",74.3,23.4,0.8,(0),1.5,100,88.7,51,180,140,330,34,0.6,0.8,0.03,0.01,-,,-,-,-,36.5,7,3.3,0.7,0.05,0.25,3.0,0.11,2.8,9,0.45,(0),-,67,0.1,0,(1200),(1900),(2200),(770),(290),(1100),(990),(840),(1800),(1100),(270),(1300),(530),(1500),0.54,0.20,0.17,0.03,4,1,40,110,17,9,174192
10,50,10119,＜魚類＞　こい　養殖　生,"Carp, farmed, raw",71.0,17.7,10.2,(0),0.9,157,149.35,9,180,49,340,22,0.5,1.2,0.05,0.01,-,,-,-,-,12.6,4,14.0,2.0,0.46,0.18,3.3,0.13,10.0,10,1.48,(0),-,65,0.1,1.6,730,1300,1500,510,160,680,720,570,1300,820,180,840,590,1100,8.55,1.85,1.06,0.74,640,78,270,510,41,8,171952
10,15,10120,＜魚類＞　こい　養殖　水煮,"Carp, farmed, boiled",66.3,19.2,13.4,(0),0.9,190,181.8,13,180,47,330,22,0.6,1.8,0.06,0.01,-,,-,-,-,12.6,3,12.0,2.0,0.37,0.17,3.1,0.11,7.5,9,1.51,(0),-,65,0.1,1.6,(800),(1400),(1700),(560),(180),(730),(780),(620),(1400),(890),(200),(910),(640),(1200),11.24,2.49,1.03,1.42,1300,96,200,570,63,9,171952
10,0,10121,＜魚類＞　こい　養殖　内臓　生,"Carp, farmed, viscera, raw",62.6,9.0,25.9,(0),1.2,258,256.2,9,130,95,240,19,3.1,7.0,0.31,0.10,-,,-,-,-,12.6,500,9,3.8,0.07,0.54,5.3,0.05,16.0,110,2.53,1,-,65,0.1,1.6,,,,,,,,,,,,,,,21.58,6.31,2.37,3.94,3700,720,560,770,100,7,171952
10,55,10122,＜魚類＞　（こち類）　まごち　生,"Bartail flathead, raw",75.4,22.5,0.5,(0),1.4,94,83.7,51,260,110,450,33,0.2,0.6,0.02,0.01,-,,-,-,-,32.1,1,1,0.1,0.07,0.17,4.5,0.34,1.7,4,0.38,(0),-,65,0.1,0,(1000),(1800),(2100),(700),(260),(960),(890),(760),(1600),(990),(250),(1100),(610),(1400),0.31,0.14,0.12,0.02,3,1,28,74,15,8,173713
10,0,10123,＜魚類＞　（こち類）　めごち　生,"Small flathead, raw",81.1,17.1,0.6,(0),1.2,73,64.95,40,160,160,280,30,0.2,0.6,0.01,0.04,26,,44,Tr,0,26.6,2,11.0,0,0.02,0.08,2.4,0.14,3.0,6,0.16,(0),1.1,65,0.1,0,860,1500,1800,590,200,780,810,680,1500,990,200,980,460,1300,0.35,0.18,0.14,0.03,3,1,20,110,20,9,174196
10,50,10124,＜魚類＞　このしろ　生,"Gizzard shad, raw",70.6,19.0,8.3,(0),1.7,146,138.45,190,230,160,370,27,1.3,0.7,0.16,-,35,,31,1,0,36.5,Tr,9,2.5,Tr,0.17,2.1,0.33,10.0,8,1.13,(0),7.4,74,0.1,0,920,1500,1700,590,240,840,760,650,1400,850,210,1000,700,1100,6.75,1.95,1.50,0.08,24,49,730,410,49,9,173696
10,0,10125,＜魚類＞　このしろ　甘酢漬,"Gizzard shad, sweet vinegar pickled",61.5,19.1,10.1,(0),2.9,184,175.1,160,170,890,120,16,1.8,0.9,0.06,0.09,-,,-,-,-,58.5,Tr,7,0.5,Tr,0.17,2.1,0.15,8.1,1,0.41,(0),-,104.1,0.2,0,(920),(1500),(1700),(600),(240),(840),(760),(650),(1400),(850),(210),(1000),(700),(1100),7.87,2.11,1.53,0.23,65,29,780,430,100,4,175118
10,0,10126,＜魚類＞　（さけ・ます類）　からふとます　生,"Pink salmon, raw",70.1,21.7,6.6,(0),1.5,139,132.4,13,260,64,400,29,0.4,0.6,0.07,0.01,-,,-,-,-,31.4,13,22.0,0.7,0.25,0.18,8.0,0.49,4.6,16,1.30,(0),-,94.6,0.4,0,(1000),(1700),(2000),(670),(250),(920),(860),(730),(1600),(950),(240),(1100),(590),(1300),4.93,1.58,1.42,0.15,81,52,400,690,31,9,175138
10,0,10127,＜魚類＞　（さけ・ます類）　からふとます　焼き,"Pink salmon, grilled",62.1,28.1,7.7,(0),2.0,175,164.15,20,370,85,520,41,0.6,0.7,0.09,0.01,-,,-,-,-,37.6,15,31.0,0.9,0.24,0.27,10.0,0.36,7.9,19,1.60,(0),-,113.4,0.5,0,(1300),(2200),(2600),(870),(330),(1200),(1100),(950),(2100),(1200),(310),(1400),(760),(1700),5.95,1.89,1.70,0.18,98,62,460,840,37,9,172001
10,30,10128,＜魚類＞　（さけ・ます類）　からふとます　塩ます,"Pink salmon, salted",64.6,20.9,7.4,(0),6.5,146,138.15,27,250,2300,310,34,0.4,0.5,0.06,0.01,-,,-,-,-,31.4,19,20.0,0.4,0.21,0.17,6.8,0.48,2.1,10,1.07,(0),-,94.6,0.4,0,(960),(1600),(1900),(650),(240),(890),(820),(700),(1500),(920),(230),(1100),(570),(1300),5.87,1.76,1.52,0.14,78,50,660,490,25,9,175138
10,0,10129,＜魚類＞　（さけ・ます類）　からふとます　水煮缶詰,"Pink salmon, canned, boiled",69.7,20.7,7.2,(0),2.3,145,134,110,320,360,300,36,1.5,0.9,0.10,0.08,-,,-,-,-,39.5,Tr,7,0.7,0.15,0.13,6.0,0.25,3.4,15,0.66,(0),-,87.8,0.1,0,(950),(1600),(1900),(640),(240),(880),(820),(700),(1500),(910),(230),(1100),(560),(1300),6.27,1.80,1.61,0.16,83,59,630,530,30,9,175175
10,0,10130,＜魚類＞　（さけ・ます類）　ぎんざけ　養殖　生,"Coho salmon, farmed, raw",66.0,19.6,12.8,(0),1.3,188,178.45,12,290,48,350,25,0.3,0.6,0.05,0.01,9,,29,1,0,12.6,36,15.0,1.8,0.15,0.14,5.3,0.32,5.2,9,1.37,(0),4.5,,,1.1,860,1500,1700,590,200,790,790,680,1500,960,220,1000,890,1200,10.90,3.74,2.03,1.65,1500,480,310,890,60,9,173715
10,0,10131,＜魚類＞　（さけ・ます類）　ぎんざけ　養殖　焼き,"Coho salmon, farmed, grilled",56.7,25.2,15.8,(0),1.9,236,223.9,16,320,61,460,34,0.4,0.8,0.07,0.01,10,,37,Tr,0,14.1,37,21.0,2.7,0.13,0.19,7.4,0.31,7.5,10,1.65,(0),6.1,,,1.5,1100,1900,2200,750,250,1000,1000,860,1900,1200,280,1300,1100,1500,13.54,4.62,2.47,2.07,1800,590,380,1100,73,9,173716
10,0,10132,＜魚類＞　（さけ・ます類）　さくらます　生,"Cherry salmon, raw",69.8,20.9,7.7,(0),1.5,146,138.95,15,260,53,390,28,0.4,0.5,0.06,0.01,-,,-,-,-,36.5,63,10.0,2.3,0.11,0.14,8.8,0.52,7.6,21,0.97,(0),-,,,0,(960),(1600),(1900),(650),(240),(890),(820),(700),(1500),(920),(230),(1100),(570),(1300),5.91,1.89,1.72,0.17,80,64,390,960,49,9,173689
10,0,10133,＜魚類＞　（さけ・ます類）　さくらます　焼き,"Cherry salmon, grilled",57.4,28.4,12.0,(0),2.1,208,201.75,26,370,71,520,38,0.5,0.7,0.08,0.01,-,,-,-,-,46.8,55,15.0,3.3,0.12,0.23,10.0,0.32,9.2,26,1.28,(0),-,,,4.1,(1300),(2200),(2600),(880),(330),(1200),(1100),(960),(2100),(1200),(310),(1400),(770),(1700),8.72,2.73,2.48,0.25,120,92,570,1400,71,9,171999
10,0,10134,＜魚類＞　（さけ・ます類）　しろさけ　生,"Chum salmon, raw",72.3,22.3,4.1,(0),1.2,124,113.25,14,240,66,350,28,0.5,0.5,0.07,0.01,5,,31,1,0,36.5,11,32.0,1.2,0.15,0.21,6.7,0.64,5.9,20,1.27,(0),9.0,,,0,1000,1700,2000,690,240,930,890,780,1700,1100,250,1200,1000,1300,3.51,1.01,0.92,0.07,38,27,240,460,12,8,173689
10,0,10135,＜魚類＞　（さけ・ます類）　しろさけ　水煮,"Chum salmon, boiled",68.5,25.5,4.7,(0),1.2,142,129.55,19,250,63,340,29,0.6,0.6,0.08,0.01,6,,34,2,0,46.8,13,34.0,1.1,0.15,0.23,6.6,0.51,5.3,21,1.21,(0),10.0,,,0,1200,1900,2200,760,260,1000,1000,890,1900,1300,300,1400,1100,1500,3.93,1.09,0.98,0.08,43,30,260,480,13,9,172000
10,0,10136,＜魚類＞　（さけ・ます類）　しろさけ　焼き,"Chum salmon, grilled",64.2,29.1,5.1,(0),1.5,160,145.55,19,310,82,440,35,0.6,0.7,0.08,0.01,5,,41,3,0,46.8,14,39.0,1.4,0.17,0.26,8.7,0.57,6.0,24,1.67,(0),12.0,,,0,1300,2200,2500,840,280,1100,1100,990,2100,1400,330,1500,1200,1700,4.42,1.24,1.12,0.09,48,34,300,550,15,9,172000
10,0,10137,＜魚類＞　（さけ・ます類）　しろさけ　新巻き　生,"Chum salmon, aramaki, raw",67.0,22.8,6.1,(0),4.0,138,132,28,230,1200,380,29,1.0,0.4,0.07,0.02,-,,-,-,-,36.5,Tr,21.0,0.7,0.18,0.20,6.2,0.56,6.0,24,1.45,(0),-,,,0,(1000),(1700),(2000),(710),(240),(950),(910),(800),(1700),(1200),(260),(1200),(1000),(1400),4.24,1.43,1.35,0.08,44,21,360,730,29,9,173689
10,0,10138,＜魚類＞　（さけ・ます類）　しろさけ　新巻き　焼き,"Chum salmon, aramaki, grilled",59.5,29.3,7.9,(0),3.2,177,170.05,44,300,830,480,36,1.7,0.6,0.08,0.03,-,,-,-,-,50.2,Tr,25.0,1.0,0.22,0.24,7.7,0.52,6.3,40,1.80,(0),-,,,0,(1300),(2200),(2600),(910),(310),(1200),(1200),(1000),(2200),(1500),(330),(1600),(1300),(1800),5.28,1.74,1.64,0.10,52,26,440,890,37,9,173685
10,0,10139,＜魚類＞　（さけ・ます類）　しろさけ　塩ざけ,"Chum salmon, salted",63.6,22.4,11.1,(0),2.8,183,173.1,16,270,720,320,30,0.3,0.4,0.05,0.01,18,,43,0,0,36.5,24,23.0,0.4,0.14,0.15,7.1,0.58,6.9,11,0.95,(0),11.0,,,0,1000,1700,2000,690,230,920,910,790,1700,1100,270,1200,590,1500,9.33,2.81,2.56,0.19,100,63,600,1400,33,9,173689
10,0,10140,＜魚類＞　（さけ・ます類）　しろさけ　イクラ,"Chum salmon, roe (ikura)",48.4,32.6,15.6,(0),3.2,252,247.4,94,530,910,210,95,2.0,2.1,0.76,0.06,-,,-,-,-,40.3,330,44.0,9.1,0.42,0.55,0.1,0.06,47.0,100,2.36,(0),-,335.4,0.2,16,(2100),(3200),(2600),(900),(540),(1400),(1700),(1400),(3000),(1600),(360),(2400),(890),(2000),11.21,4.97,4.70,0.27,110,83,1600,2000,110,6,175132
10,0,10141,＜魚類＞　（さけ・ます類）　しろさけ　すじこ,"Chum salmon, roe (sujiko)",45.7,30.5,17.4,(0),5.5,263,257.8,62,490,1900,180,80,2.7,2.2,0.73,0.07,-,,-,-,-,103.8,670,47.0,11.0,0.42,0.61,0.4,0.23,54.0,160,2.40,Tr,-,231.2,0,0,2000,3000,2400,840,500,1300,1600,1300,2800,1500,340,2300,830,1800,12.92,6.17,5.83,0.35,140,110,2100,2400,180,6,168054
10,0,10142,＜魚類＞　（さけ・ます類）　しろさけ　めふん,"Chum salmon, kidney (mefun)",65.4,16.9,0.9,(0),16.4,74,68.2,35,220,5800,300,28,6.8,1.5,0.13,0.03,-,,-,-,-,,250,20.0,0.4,Tr,6.38,2.7,0.07,330.0,60,0.91,1,-,,,,,,,,,,,,,,,,,,0.48,0.18,0.16,0.02,4,2,53,85,12,4,167616
10,0,10143,＜魚類＞　（さけ・ます類）　しろさけ　水煮缶詰,"Chum salmon, canned, boiled",68.2,21.2,8.5,(0),2.0,156,146.8,190,310,230,290,34,0.4,0.8,0.07,0.03,-,,-,-,-,43.3,Tr,8,0.6,0.15,0.12,7.0,0.10,6.0,10,0.41,(0),-,85,0.1,0,(970),(1600),(1900),(660),(220),(880),(850),(750),(1600),(1100),(240),(1100),(950),(1300),7.13,1.59,1.37,0.19,99,71,500,510,23,9,175135
10,0,10447,＜魚類＞　（さけ・ます類）　しろさけ　サケ節　削り節,"Chum salmon, dried flakes (katsuobushi style)",14.3,77.4,3.4,0,2.9,346,306.8,51,620,300,840,81,2.0,1.8,0.24,0.05,31,,120,1,1,103.8,3,33.0,2.0,0.04,0.52,12.0,0.46,22.0,27,1.95,0,33.0,231.2,0,0,(3500),(5900),(6900),(2400),(820),(3200),(3100),(2700),(5800),(3900),(880),(4200),(3500),(4600),(2.90),(0.84),(0.76),(0.06),(32),(22),(200),(380),(10),8,168054
10,0,10144,＜魚類＞　（さけ・ます類）　たいせいようさけ　養殖　皮つき　生,"Atlantic salmon, farmed, with skin, raw",62.1,20.1,16.5,(0),1.4,218,210.6,9,240,43,370,27,0.3,0.5,0.05,0.01,5,,19,0,0,24,14,8.3,3.8,0.23,0.10,7.4,0.45,7.2,27,1.31,6,6.3,78.5,0.5,3.9,900,1500,1800,590,210,810,810,710,1500,1000,230,1100,540,1300,13.76,4.43,1.94,2.44,2200,720,330,510,50,7,175167
10,0,10433,＜魚類＞　（さけ・ます類）　たいせいようさけ　養殖　皮つき　水煮,"Atlantic salmon, farmed, with skin, boiled",58.6,22.5,18.4,(0),1.4,236,235.15,12,230,40,330,27,0.3,0.4,0.05,0.01,5,,20,0,Tr,24,15,7.5,4.9,0.26,0.10,6.2,0.50,7.3,17,1.16,8,5.7,78.5,0.5,3.9,1100,1800,2100,720,250,970,950,840,1800,1200,290,1300,620,1500,16.61,5.25,2.33,2.87,2500,820,420,600,62,10,175167
10,0,10434,＜魚類＞　（さけ・ます類）　たいせいようさけ　養殖　皮つき　蒸し,"Atlantic salmon, farmed, with skin, steamed",60.2,23.8,15.8,(0),1.4,230,217.6,10,250,49,360,28,0.3,0.3,0.06,0.01,8,,24,0,Tr,24,16,7.5,3.4,0.25,0.11,7.0,0.52,8.4,18,1.11,6,7.1,78.5,0.5,3.9,1100,1800,2100,700,250,950,960,850,1800,1200,280,1300,640,1500,14.64,4.66,2.18,2.43,2100,660,400,620,50,9,175167
10,0,10435,＜魚類＞　（さけ・ます類）　たいせいようさけ　養殖　皮つき　電子レンジ調理,"Atlantic salmon, farmed, with skin, microwaved",61.2,22.9,15.4,(0),1.5,223,211.05,8,260,47,380,29,0.3,0.3,0.06,0.01,7,,23,Tr,Tr,24,18,6.1,2.9,0.29,0.11,7.5,0.61,8.9,17,1.24,6,6.5,78.5,0.5,3.9,1100,1700,2000,680,240,920,910,800,1700,1100,270,1200,620,1400,14.17,4.53,2.09,2.40,2100,640,400,570,49,9,175167
10,0,10145,＜魚類＞　（さけ・ます類）　たいせいようさけ　養殖　皮つき　焼き,"Atlantic salmon, farmed, with skin, grilled",54.6,24.5,19.7,(0),1.7,270,253.2,17,310,55,460,34,0.3,0.5,0.05,0.01,8,,26,0,Tr,41.4,17,11.0,4.4,0.24,0.13,8.2,0.43,5.6,28,1.69,8,8.8,90.5,0.1,3.7,1100,1800,2100,730,250,980,940,830,1800,1100,280,1300,640,1500,18.25,5.78,2.66,3.05,2700,840,470,740,60,9,175168
10,0,10436,＜魚類＞　（さけ・ます類）　たいせいようさけ　養殖　皮つき　ソテー,"Atlantic salmon, farmed, with skin, sauteed",54.6,25.2,20.4,(0),1.7,266,261.6,10,300,55,450,33,0.3,0.3,0.06,0.01,8,,23,0,Tr,24,22,6.9,5.8,0.31,0.13,8.8,0.51,7.9,23,1.61,9,7.6,78.5,0.5,3.9,1200,2000,2400,800,280,1100,1100,950,2000,1300,310,1400,720,1600,18.74,5.98,2.57,3.36,3000,1000,400,650,64,9,175167
10,0,10437,＜魚類＞　（さけ・ます類）　たいせいようさけ　養殖　皮つき　天ぷら,"Atlantic salmon, farmed, with skin, tempura",52.6,21.0,20.1,-,1.2,282,262.2,27,240,66,410,26,0.4,0.5,0.05,0.05,5,,18,0,1,41.4,5,5.6,5.7,0.27,0.14,7.5,0.45,4.2,23,1.26,19,6.1,90.5,0.1,3.7,980,1600,1900,650,240,890,870,720,1600,1100,250,1100,570,1300,18.66,5.79,2.30,3.44,3200,1200,280,470,40,5,175168
10,0,10438,＜魚類＞　（さけ・ます類）　たいせいようさけ　養殖　皮なし　生,"Atlantic salmon, farmed, skinless, raw",62.5,19.6,17.0,(0),1.4,223,213.1,5,250,43,380,28,0.3,0.4,0.05,0.01,6,,17,0,0,24,14,7.3,3.6,0.24,0.08,7.7,0.49,8.0,25,1.30,6,6.1,78.5,0.5,3.9,900,1600,1800,600,220,820,820,740,1600,1000,250,1100,540,1200,15.06,4.82,2.11,2.64,2400,790,360,540,54,7,175167
10,10,10439,＜魚類＞　（さけ・ます類）　たいせいようさけ　養殖　皮なし　水煮,"Atlantic salmon, farmed, skinless, boiled",58.7,22.7,17.9,(0),1.4,244,231.6,5,240,39,350,28,0.3,0.3,0.05,0.01,5,,21,0,0,24,16,7,4.7,0.27,0.10,6.5,0.55,7.5,17,1.25,8,5.9,78.5,0.5,3.9,1100,1800,2100,700,250,950,940,850,1800,1200,290,1300,620,1400,16.11,5.10,2.26,2.79,2500,800,400,590,59,9,175167
10,8,10440,＜魚類＞　（さけ・ます類）　たいせいようさけ　養殖　皮なし　蒸し,"Atlantic salmon, farmed, skinless, steamed",60.3,23.2,15.8,(0),1.4,228,215.5,13,250,49,360,29,0.3,0.3,0.06,0.01,7,,24,0,Tr,24,17,7.3,3.4,0.25,0.10,6.9,0.57,9.3,18,1.09,6,7.7,78.5,0.5,3.9,1100,1800,2100,690,250,950,960,860,1800,1200,290,1300,640,1400,14.41,4.58,2.13,2.40,2100,670,380,590,46,10,175167
10,8,10441,＜魚類＞　（さけ・ます類）　たいせいようさけ　養殖　皮なし　電子レンジ調理,"Atlantic salmon, farmed, skinless, microwaved",60.2,22.7,16.5,(0),1.6,231,219.7,6,270,47,400,30,0.3,0.3,0.07,0.01,7,,24,0,Tr,24,22,6.4,3.1,0.29,0.11,7.2,0.58,9.7,21,1.12,7,6.8,78.5,0.5,3.9,1000,1700,2000,680,240,920,910,820,1700,1100,270,1200,610,1300,15.05,4.81,2.21,2.54,2200,660,430,610,54,10,175167
10,10,10442,＜魚類＞　（さけ・ます類）　たいせいようさけ　養殖　皮なし　焼き,"Atlantic salmon, farmed, skinless, grilled",59.8,23.9,15.7,(0),1.7,229,217.1,5,280,52,440,31,0.3,0.3,0.07,0.01,7,,24,0,Tr,24,21,7.7,3.7,0.25,0.11,8.3,0.52,9.4,17,1.22,7,8.7,78.5,0.5,3.9,1100,1800,2100,710,260,970,940,850,1800,1100,290,1300,630,1400,14.33,4.53,2.10,2.38,2100,670,370,590,46,10,175167
10,10,10443,＜魚類＞　（さけ・ます類）　たいせいようさけ　養殖　皮なし　ソテー,"Atlantic salmon, farmed, skinless, sauteed",53.2,25.8,21.0,(0),1.7,269,268.8,7,300,54,450,34,0.3,0.3,0.06,0.01,7,,23,0,Tr,24,22,6.6,6.0,0.31,0.13,9.1,0.50,7.9,24,1.56,10,7.8,78.5,0.5,3.9,1300,2100,2400,820,300,1100,1100,990,2100,1300,330,1500,730,1600,19.10,6.10,2.61,3.44,3100,1100,400,660,63,9,175167
10,10,10444,＜魚類＞　（さけ・ます類）　たいせいようさけ　養殖　皮なし　天ぷら,"Atlantic salmon, farmed, skinless, tempura",54.8,20.0,18.6,-,1.1,266,247.35,27,230,62,390,25,0.3,0.4,0.05,0.05,5,,17,0,1,24,4,5.3,5.4,0.27,0.13,7.5,0.51,3.7,18,1.15,19,5.7,78.5,0.5,3.9,950,1600,1900,620,230,850,850,710,1600,1000,250,1100,550,1200,17.12,5.34,2.11,3.19,3000,1100,250,440,38,6,175167
10,0,10146,＜魚類＞　（さけ・ます類）　にじます　海面養殖　皮つき　生,"Rainbow trout, marine farmed, skin-on, raw",63.0,21.4,14.2,(0),1.3,201,195.95,13,250,64,390,28,0.3,0.5,0.04,0.01,4,,22,0,(0),23.6,57,11.0,5.5,0.17,0.10,6.8,0.45,5.2,12,1.78,-,5.4,65,0.1,2.9,940,1600,1900,670,220,890,870,730,1600,1100,250,1100,870,1400,11.21,3.07,2.56,0.51,360,79,600,1300,72,9,173717
10,0,10402,＜魚類＞　（さけ・ます類）　にじます　海面養殖　皮なし　生,"Rainbow trout, marine farmed, skinless, raw",67.5,20.5,10.8,(0),1.2,176,163.55,8,250,50,420,29,0.3,0.4,0.04,0.01,3,,21,0,(0),23.6,27,7,3.8,0.21,0.12,6.7,0.59,3.8,9,1.74,-,5.5,65,0.1,2.9,970,1600,1900,650,230,880,870,760,1600,1100,250,1200,900,1300,9.64,3.31,1.70,1.57,1400,570,250,610,35,9,173717
10,0,10147,＜魚類＞　（さけ・ます類）　にじます　海面養殖　皮つき　焼き,"Rainbow trout, marine farmed, skin-on, grilled",55.3,27.2,15.8,(0),1.8,238,229.5,22,350,68,490,55,0.3,0.6,0.05,0.01,-,,-,-,(0),28.1,74,12.0,5.9,0.20,0.15,7.0,0.30,2.8,15,2.68,-,-,77.6,0.1,2.9,(1200),(2000),(2400),(850),(280),(1100),(1100),(930),(2000),(1400),(320),(1400),(1100),(1800),12.71,3.38,2.81,0.57,400,89,670,1500,80,9,173718
10,45,10148,＜魚類＞　（さけ・ます類）　にじます　淡水養殖　皮つき　生,"Rainbow trout, freshwater farmed, skin-on, raw",74.5,19.7,4.6,(0),1.1,116,108.4,24,240,50,370,28,0.2,0.6,0.04,0.01,-,,-,-,-,23.6,17,12.0,1.2,0.21,0.10,4.0,0.36,6.0,13,1.63,(0),-,65,0.1,2.9,780,1400,1600,600,200,800,750,610,1400,900,200,910,670,1200,3.56,1.26,0.85,0.41,360,38,140,550,26,8,173717
10,0,10149,＜魚類＞　（さけ・ます類）　べにざけ　生,"Sockeye salmon, raw",71.4,22.5,4.5,(0),1.5,127,117.35,10,260,57,380,31,0.4,0.5,0.07,0.01,-,,-,-,-,29.8,27,33.0,1.3,0.26,0.15,6.0,0.41,9.4,13,1.23,(0),-,94.6,0.1,0,(1000),(1800),(2100),(700),(260),(960),(890),(760),(1600),(990),(250),(1100),(610),(1400),3.59,1.03,0.92,0.11,56,26,270,480,20,10,173691
10,0,10150,＜魚類＞　（さけ・ます類）　べにざけ　焼き,"Sockeye salmon, grilled",63.4,28.5,6.0,(0),2.0,163,151.1,16,340,72,490,39,0.5,0.7,0.08,0.01,-,,-,-,-,35.5,35,38.0,1.8,0.27,0.22,7.2,0.39,3.8,15,1.49,(0),-,112.6,0.1,0,(1300),(2200),(2600),(880),(330),(1200),(1100),(960),(2100),(1300),(310),(1400),(770),(1700),4.65,1.30,1.16,0.14,73,33,350,600,25,9,173692
10,0,10151,＜魚類＞　（さけ・ます類）　べにざけ　くん製,"Sockeye salmon, smoked",64.0,25.7,5.5,(0),4.7,143,137.05,19,240,1500,250,20,0.8,0.5,0.07,0.01,-,,-,-,-,32.4,43,28.0,1.2,0.23,0.23,8.5,0.52,8.0,10,1.50,(0),-,89,0.1,0,,,,,,,,,,,,,,,4.23,1.23,1.09,0.12,67,43,290,540,21,6,173687
10,0,10152,＜魚類＞　（さけ・ます類）　ますのすけ　生,"Chinook salmon, raw",66.5,19.5,12.5,(0),1.5,176,174.5,18,250,38,380,28,0.3,0.4,0.06,0.01,-,,-,-,-,36.5,160,16.0,3.3,0.13,0.12,7.7,0.43,3.4,12,1.38,(0),-,,,4,(900),(1500),(1800),(600),(230),(830),(770),(660),(1400),(860),(210),(990),(530),(1200),9.25,1.97,1.59,0.37,280,95,400,740,45,9,173688
10,0,10153,＜魚類＞　（さけ・ます類）　ますのすけ　焼き,"Chinook salmon, grilled",54.9,26.4,16.7,(0),2.0,238,234.35,30,330,48,520,33,0.4,0.6,0.05,0.01,-,,-,-,-,36.5,200,17.0,3.8,0.14,0.20,8.1,0.36,4.1,15,1.77,(0),-,,,4,(1200),(2100),(2400),(820),(310),(1100),(1000),(890),(1900),(1200),(290),(1300),(720),(1600),12.57,2.56,2.06,0.50,380,130,520,930,60,9,173688
10,50,10154,＜魚類＞　（さば類）　まさば　生,"Mackerel, raw",62.1,20.6,16.8,(0),1.1,211,214.9,6,220,110,330,30,1.2,1.1,0.12,0.01,21,,70,2,0,44.1,37,5.1,1.3,0.21,0.31,12.0,0.59,13.0,11,0.66,2,4.9,65,5,0.4,960,1600,1800,690,220,910,840,710,1600,1000,230,1100,1300,1200,12.27,2.66,2.12,0.43,140,76,690,970,180,8,175119
10,0,10155,＜魚類＞　（さば類）　まさば　水煮,"Mackerel, boiled",57.4,22.6,22.6,(0),1.0,253,271.2,7,210,94,280,29,1.3,1.1,0.14,0.01,23,,66,6,0,51.6,31,4.3,2.0,0.25,0.30,11.0,0.48,19.0,13,0.75,-,8.5,,,0.4,(1100),(1700),(2000),(760),(240),(1000),(930),(780),(1700),(1100),(250),(1200),(1400),(1300),16.53,3.79,3.04,0.60,200,120,930,1400,220,9,175120
10,0,10156,＜魚類＞　（さば類）　まさば　焼き,"Mackerel, grilled",54.1,25.2,22.4,(0),1.3,264,278.6,10,280,120,370,34,1.6,1.4,0.16,0.01,24,,21,6,1,51.6,34,4.9,2.1,0.30,0.37,13.0,0.54,22.0,13,0.79,4,8.2,,,0.4,(1200),(1900),(2300),(840),(270),(1100),(1000),(870),(1900),(1300),(280),(1400),(1600),(1500),16.38,3.84,3.10,0.61,200,130,900,1500,230,9,175120
10,0,10403,＜魚類＞　（さば類）　まさば　フライ,"Mackerel, fried",47.2,20.0,25.1,-,1.1,316,306.45,14,210,130,310,30,1.3,1.1,0.13,0.08,-,,-,-,-,51.6,42,3.5,3.2,0.20,0.30,9.9,0.33,11.0,16,0.70,19,-,,,0.4,880,1500,1600,560,220,780,810,660,1500,930,230,1000,1100,1100,20.96,6.17,3.95,2.13,1800,790,910,1600,200,7,175120
10,50,10404,＜魚類＞　（さば類）　ごまさば　生,"Chub mackerel, raw",70.7,23.0,5.1,(0),1.3,131,123.85,12,260,66,420,33,1.6,1.1,0.13,0.01,-,,-,-,-,44.1,8,4.3,1.2,0.17,0.28,15.0,0.65,13.0,10,0.72,4,-,65,5,0.4,1000,1800,2000,680,240,920,920,840,1800,1100,300,1200,1600,1400,3.54,1.48,1.21,0.26,44,22,230,830,110,8,175119
10,0,10405,＜魚類＞　（さば類）　ごまさば　水煮,"Chub mackerel, boiled",68.8,24.8,5.2,(0),1.2,139,131,13,240,56,350,31,1.8,1.2,0.15,0.01,-,,-,-,-,40.6,8,4.9,1.1,0.15,0.28,13.0,0.51,14.0,12,0.76,4,-,,,1.6,1100,1900,2200,730,250,990,980,880,1900,1200,310,1300,1500,1500,3.60,1.48,1.20,0.27,44,22,230,820,110,9,173674
10,0,10406,＜魚類＞　（さば類）　ごまさば　焼き,"Chub mackerel, grilled",60.8,31.1,6.6,(0),1.6,174,164.95,19,350,88,540,46,2.2,1.4,0.14,0.01,-,,-,-,-,51.6,11,5.7,1.7,0.21,0.36,19.0,0.55,17.0,18,1.01,5,-,,,0.4,1400,2300,2600,890,300,1200,1200,1000,2200,1500,360,1600,2000,1800,4.53,1.87,1.52,0.34,57,28,290,1000,140,9,175120
10,0,10157,＜魚類＞　（さば類）　ごまさば　さば節,"Chub mackerel, dried flakes",14.6,73.9,5.1,(0),6.4,330,302,860,1200,370,1100,140,7.2,8.4,0.43,0.05,-,,-,-,-,103.8,Tr,12.0,0.9,0.25,0.85,15.0,0.68,6.0,30,1.55,(0),-,231.2,0,0,(3400),(5700),(6600),(2500),(790),(3300),(3000),(2600),(5600),(3700),(820),(4100),(4700),(4300),2.69,0.90,0.73,0.16,41,18,160,480,67,8,168054
10,0,10158,＜魚類＞　（さば類）　たいせいようさば　生,"Atlantic mackerel, raw",54.5,17.2,26.8,(0),1.1,295,289.4,7,210,99,320,28,0.9,0.9,0.06,0.01,69,,45,0,0,44.1,44,10.0,0.7,0.14,0.35,6.5,0.35,8.1,12,0.72,(0),6.6,65,5,0.4,830,1400,1600,520,180,700,720,660,1400,890,210,990,860,1100,22.45,7.46,6.56,0.64,380,350,1800,2600,98,9,175119
10,0,10159,＜魚類＞　（さば類）　たいせいようさば　水煮,"Atlantic mackerel, boiled",51.4,18.6,28.5,(0),1.1,310,308.75,9,210,96,280,27,1.0,1.0,0.07,0.01,67,,45,0,0,51.6,42,6.6,0.6,0.19,0.34,5.3,0.28,12.0,13,0.72,(0),8.2,,,0.4,880,1500,1700,580,190,770,770,710,1500,960,230,1000,760,1200,22.95,7.05,6.13,0.66,400,370,1600,2300,98,9,175120
10,0,10160,＜魚類＞　（さば類）　たいせいようさば　焼き,"Atlantic mackerel, grilled",47.0,21.8,29.3,(0),1.4,326,327.1,12,260,120,390,33,1.2,1.1,0.09,0.01,89,,59,0,0,51.6,63,11.0,0.8,0.22,0.38,7.6,0.33,8.8,16,0.93,(0),10,,,0.4,990,1700,1900,630,200,840,860,790,1600,1100,240,1200,980,1300,22.84,6.55,5.66,0.64,390,340,1500,2100,93,9,175120
10,0,10161,＜魚類＞　（さば類）　加工品　塩さば,Salted mackerel,52.1,26.2,19.1,(0),2.5,263,254.4,27,200,720,300,35,2.0,0.6,0.07,0.02,110,,78,1,0,73.4,9,11.0,0.5,0.16,0.59,12.0,0.41,7.1,10,0.59,(0),5.9,101.6,7.8,0,1200,2000,2300,740,270,1000,1100,940,2000,1300,320,1400,1600,1600,15.66,5.24,4.62,0.49,260,190,1300,2000,110,7,168149
10,25,10162,＜魚類＞　（さば類）　加工品　開き干し,"Mackerel, split and dried",50.1,18.7,28.5,(0),2.5,303,308.4,25,200,680,300,25,2.0,1.0,0.09,-,110,,110,0,0,73.4,9,12.0,2.4,0.13,0.59,8.5,0.42,11.0,11,0.63,(0),8.9,101.6,7.8,0,870,1500,1700,520,180,700,770,670,1400,930,220,1000,1100,1200,21.74,6.58,5.58,0.84,290,190,1500,2700,260,8,168149
10,0,10163,＜魚類＞　（さば類）　加工品　しめさば,Vinegared mackerel,50.6,18.6,26.9,(0),2.2,292,299.7,9,160,640,200,24,1.1,0.4,0.18,0.01,430,,73,1,Tr,73.4,14,8,0.5,0.13,0.28,7.7,0.36,11.0,4,0.71,(0),7.6,101.6,7.8,0,1000,1600,1900,550,190,740,850,710,1600,1000,260,1100,820,1200,19.75,5.69,4.87,0.68,300,190,1300,2300,170,4,168149
10,0,10164,＜魚類＞　（さば類）　缶詰　水煮,"Mackerel, canned, boiled",66.0,20.9,10.7,(0),2.2,174,164.8,260,190,340,260,31,1.6,1.7,0.14,0.02,-,,-,-,-,37.7,Tr,11.0,3.2,0.15,0.40,8.0,0.36,12.0,12,0.55,(0),-,85,0.1,0.9,(950),(1600),(1900),(640),(230),(880),(840),(700),(1500),(930),(240),(1100),(1000),(1200),8.93,3.03,2.73,0.30,150,72,930,1300,120,9,175121
10,0,10165,＜魚類＞　（さば類）　缶詰　みそ煮,"Mackerel, canned, miso simmered",61.0,16.3,13.9,(0),2.2,210,198.3,210,250,430,250,29,2.0,1.2,0.14,0.09,-,,-,-,-,37.7,42,5,1.9,0.04,0.37,5.9,0.30,9.6,21,0.50,(0),-,85,0.1,0.9,(740),(1300),(1500),(500),(180),(680),(660),(550),(1200),(730),(190),(850),(780),(950),12.00,3.88,3.33,0.52,230,130,1100,1500,170,6,175121
10,0,10166,＜魚類＞　（さば類）　缶詰　味付け,"Mackerel, canned, seasoned",59.6,21.4,12.6,(0),2.4,208,196,180,300,530,260,35,2.0,1.3,0.16,0.09,-,,-,-,-,37.7,31,5,2.4,0.03,0.27,7.4,0.33,11.0,24,0.52,(0),-,85,0.1,0.9,(980),(1700),(2000),(660),(240),(900),(860),(720),(1600),(950),(240),(1100),(1000),(1300),10.75,3.53,3.08,0.42,140,98,1100,1500,180,4,175121
10,0,10167,＜魚類＞　（さめ類）　あぶらつのざめ　生,"Spiny dogfish, raw",72.4,16.8,9.4,(0),1.4,138,138.7,6,200,100,450,19,1.0,0.3,0.04,0.01,-,,-,-,-,36.5,210,1,2.2,0.04,0.08,1.0,0.33,1.7,2,0.73,(0),-,,,0,(520),(800),(910),(300),(110),(410),(400),(350),(750),(490),(120),(500),(250),(650),6.36,1.76,1.43,0.30,71,28,430,690,160,9,171949
10,0,10168,＜魚類＞　（さめ類）　よしきりざめ　生,"Blue shark, raw",79.2,18.9,0.6,(0),1.3,79,71.25,5,150,210,290,19,0.4,0.5,0.06,-,-,,-,-,-,36.5,9,0,0.9,0.11,0.11,0.9,0.24,0.3,4,0.49,(0),-,65,0.1,0,580,900,1000,340,130,460,450,390,840,550,140,570,280,740,0.22,0.10,0.07,0.02,2,0,8,51,17,7,173697
10,0,10169,＜魚類＞　（さめ類）　ふかひれ,Shark fin,13.0,83.9,1.6,(0),1.5,344,307.25,65,36,180,3,94,1.2,3.1,0.06,0.09,-,,-,-,-,,(0),1,0.4,Tr,Tr,0.5,0.02,0.9,23,0.24,(0),-,,,0.1,(2600),(4000),(4500),(1500),(560),(2100),(2000),(1700),(3700),(2400),(610),(2500),(1200),(3300),0.46,0.16,0.11,0.05,4,0,35,54,38,7,174532
10,40,10170,＜魚類＞　さより　生,"Halfbeak, raw",77.9,19.6,1.3,(0),1.2,88,79.65,41,190,190,290,37,0.3,1.9,0.03,0.02,-,,-,-,-,12.6,Tr,3,0.9,Tr,0.12,5.2,0.33,5.5,10,0.44,(0),-,,,0,(900),(1500),(1800),(610),(230),(830),(770),(660),(1400),(860),(210),(1000),(530),(1200),0.90,0.42,0.37,0.05,12,5,53,240,22,8,173675
10,0,10171,＜魚類＞　さわら　生,"Spanish mackerel, raw",68.6,20.1,9.7,(0),1.5,161,153.15,13,220,65,490,32,0.8,1.0,0.03,0.01,-,,-,-,-,36.5,12,7,0.3,0.09,0.35,9.5,0.40,5.3,8,1.16,(0),-,50.5,0.1,1.6,1000,1600,2000,650,220,880,840,720,1600,1000,230,1100,730,1300,8.01,2.05,1.70,0.31,88,46,340,1100,95,9,173673
10,0,10172,＜魚類＞　さわら　焼き,"Spanish mackerel, grilled",63.8,23.6,10.8,(0),1.7,184,174.75,22,310,90,610,36,0.9,1.1,0.05,0.01,-,,-,-,-,40.6,16,12.0,1.1,0.09,0.34,12.0,0.29,5.3,8,1.12,(0),-,,,1.6,(1200),(1900),(2400),(770),(260),(1000),(990),(850),(1800),(1200),(270),(1300),(850),(1500),8.82,2.22,1.84,0.34,95,49,360,1200,100,9,173674
10,0,10173,＜魚類＞　さんま　皮つき　生,"Pacific saury, skin-on, raw",55.6,18.1,25.6,(0),1.0,287,280.95,28,180,140,200,28,1.4,0.8,0.12,0.02,22,,32,2,1,36.5,16,16.0,1.7,0.01,0.28,7.4,0.54,16.0,15,0.74,1,7.4,,,0,860,1500,1600,570,200,770,760,660,1400,920,220,990,1200,1200,21.77,6.35,5.59,0.55,300,280,1500,2200,98,9,173669
10,0,10407,＜魚類＞　さんま　皮なし　生,"Pacific saury, skinless, raw",57.0,17.8,25.0,(0),0.8,277,274.8,15,160,120,200,25,1.3,0.6,0.13,0.01,30,,25,Tr,-,36.5,26,11.0,2.6,0,0.32,7.9,0.58,15.0,12,0.57,-,8.4,66.9,0.1,2,860,1400,1600,560,200,760,740,660,1400,910,210,960,1200,1100,20.83,6.09,5.38,0.52,290,270,1400,2100,81,9,173672
10,35,10174,＜魚類＞　さんま　皮つき　焼き,"Pacific saury, skin-on, grilled",53.2,23.3,22.8,(0),1.2,281,275.35,37,220,130,260,30,1.7,0.9,0.15,0.03,25,,45,1,1,46.8,11,13.0,1.0,Tr,0.30,9.8,0.42,16.0,17,0.93,Tr,9.4,83.6,0.1,2.1,1100,1800,2000,700,260,960,910,800,1700,1100,280,1200,1500,1300,18.95,5.61,4.95,0.48,270,240,1300,2000,75,9,171994
10,30,10175,＜魚類＞　さんま　開き干し,"Pacific saury, split and dried",59.7,19.3,19.0,(0),1.9,232,229.4,60,140,500,260,28,1.1,0.7,0.12,0.02,-,,-,-,-,36.5,25,14.0,1.5,Tr,0.30,4.0,0.54,10.0,10,0.84,(0),-,66.9,0.1,2,(920),(1600),(1700),(610),(220),(830),(810),(700),(1500),(980),(240),(1100),(1300),(1300),15.10,3.94,3.54,0.41,240,170,900,1500,92,6,173672
10,15,10176,＜魚類＞　さんま　みりん干し,"Pacific saury, mirin dried",25.1,23.9,25.8,(0),4.8,382,374.35,120,250,1400,370,50,2.2,1.3,0.22,0.07,-,,-,-,-,73.4,31,20.0,0.5,Tr,0.30,3.0,0.35,11.0,14,1.34,(0),-,101.6,7.8,0,(1100),(1900),(2100),(750),(270),(1000),(1000),(870),(1900),(1200),(290),(1300),(1600),(1600),19.50,4.65,3.90,0.63,390,200,1000,1600,87,1,168149
10,0,10177,＜魚類＞　さんま　缶詰　味付け,"Pacific saury, canned, seasoned",53.9,18.9,18.9,(0),2.7,259,246.4,280,350,540,160,37,1.9,1.1,0.16,0.08,-,,-,-,-,40.6,25,13.0,2.8,Tr,0.20,3.5,0.30,12.0,29,0.55,(0),-,76,0.4,1,(900),(1500),(1700),(600),(210),(810),(800),(690),(1500),(960),(230),(1000),(1200),(1200),16.46,4.70,4.16,0.49,240,220,1000,1700,81,5,175140
10,0,10178,＜魚類＞　さんま　缶詰　かば焼,"Pacific saury, canned, kabayaki",57.0,17.4,13.0,(0),2.9,219,205.35,250,260,600,250,37,2.9,0.1,0.14,0.09,-,,-,-,-,37.7,28,12.0,2.4,Tr,0.27,6.2,0.28,12.0,12,0.55,(0),-,85,0.1,0.9,(830),(1400),(1600),(550),(190),(740),(730),(630),(1400),(890),(210),(950),(1200),(1100),11.24,3.04,2.67,0.34,170,140,700,1200,55,4,175121
10,0,10179,＜魚類＞　しいら　生,"Mahi-mahi, raw",75.5,21.3,1.9,(0),1.3,100,90.7,13,250,50,480,31,0.7,0.5,0.05,0.01,-,,-,-,-,36.5,8,5,0.5,0.20,0.15,9.0,0.46,2.6,3,0.36,(0),-,,,0,(980),(1700),(2000),(660),(250),(910),(840),(720),(1600),(930),(230),(1100),(580),(1300),1.39,0.55,0.47,0.07,16,8,97,320,33,9,171959
10,10,10180,＜魚類＞　（ししゃも類）　ししゃも　生干し　生,"Shishamo smelt, semi-dried, raw",67.6,21.0,8.1,(0),3.1,152,143.05,330,430,490,380,48,1.6,1.8,0.10,0.11,74,,35,1,1,36.5,100,0.6,0.8,0.02,0.25,1.7,0.07,7.5,37,1.95,1,18.0,65,0.1,0,(960),(1700),(1900),(650),(250),(890),(830),(710),(1500),(920),(230),(1100),(570),(1300),6.75,1.73,1.47,0.15,51,23,670,550,68,6,175146
10,10,10181,＜魚類＞　（ししゃも類）　ししゃも　生干し　焼き,"Shishamo smelt, semi-dried, grilled",64.1,24.3,7.8,(0),3.6,162,152.05,360,540,640,400,57,1.7,2.1,0.11,0.18,-,,-,-,-,46.8,75,0.6,1.1,0.04,0.29,0.9,0.07,8.7,36,1.93,1,-,,,0,(1100),(1900),(2200),(750),(280),(1000),(960),(820),(1800),(1100),(260),(1200),(660),(1500),6.27,1.63,1.41,0.14,47,20,650,530,66,8,175147
10,0,10182,＜魚類＞　（ししゃも類）　からふとししゃも　生干し　生,"Capelin, semi-dried, raw",69.3,15.6,11.6,(0),3.0,160,154.95,350,360,590,200,55,1.4,2.0,0.06,0.04,27,,41,1,1,73.4,120,0.4,1.6,Tr,0.31,1.5,0.08,8.7,21,1.20,Tr,17.0,101.6,7.8,0,740,1200,1200,410,230,650,620,530,1100,730,200,900,380,920,9.50,2.03,1.73,0.19,120,39,740,650,30,7,168149
10,0,10183,＜魚類＞　（ししゃも類）　からふとししゃも　生干し　焼き,"Capelin, semi-dried, grilled",66.4,18.2,11.3,(0),3.5,170,161.85,380,450,770,210,65,1.6,2.4,0.07,0.06,-,,-,-,-,73.4,90,0.5,2.1,0.01,0.37,0.8,0.08,10.0,20,1.19,Tr,-,101.6,7.8,0,(860),(1400),(1400),(480),(270),(760),(720),(620),(1300),(850),(230),(1100),(450),(1100),9.52,2.06,1.76,0.20,120,42,750,670,32,9,168149
10,45,10184,＜魚類＞　したびらめ　生,"Sole, raw",78.0,19.2,1.6,(0),1.2,89,80.8,36,160,140,310,31,0.3,0.5,0.02,0.02,-,,-,-,-,26.6,30,2,0.6,0.06,0.14,3.3,0.20,2.6,12,0.26,(0),-,65,0.1,0,(880),(1500),(1800),(590),(220),(820),(760),(650),(1400),(840),(210),(980),(520),(1200),1.11,0.45,0.38,0.06,12,6,110,170,38,9,174196
10,55,10185,＜魚類＞　しまあじ　養殖　生,"Striped jack, farmed, raw",68.9,21.9,8.0,(0),1.1,153,145,16,250,53,390,29,0.7,1.1,0.04,0.01,-,,-,-,-,23.6,10,18.0,1.6,0.25,0.15,8.3,0.52,3.2,2,0.88,(0),-,65,0.1,2.9,(1000),(1700),(2000),(670),(240),(920),(880),(740),(1600),(970),(250),(1100),(1000),(1300),6.29,2.04,1.63,0.41,280,50,400,900,78,8,173717
10,0,10186,＜魚類＞　しらうお　生,"Icefish, raw",82.6,13.6,2.0,(0),1.7,70,64.95,150,270,170,250,39,0.4,1.2,0.03,0.09,-,,-,-,-,12.6,50,1,1.8,0.08,0.10,1.8,0.12,3.3,58,0.94,(0),-,65,0.1,3.8,(620),(1100),(1200),(420),(160),(580),(540),(460),(990),(600),(150),(690),(370),(830),1.33,0.69,0.62,0.05,21,13,180,360,12,9,173680
10,0,10187,＜魚類＞　シルバー　生,"Silver pomfret, raw",72.4,18.6,7.9,(0),1.1,138,132.25,11,220,85,440,31,0.6,0.5,0.06,0.01,-,,-,-,-,36.5,100,3,3.1,0.08,0.18,7.6,0.50,1.8,4,0.48,(0),-,,,0,(850),(1500),(1700),(570),(220),(790),(730),(630),(1400),(820),(200),(950),(500),(1100),6.19,1.49,1.36,0.13,38,36,420,620,76,9,171951
10,0,10188,＜魚類＞　すずき　生,"Japanese sea bass, raw",74.8,19.8,4.2,(0),1.2,113,105,12,210,81,370,29,0.2,0.5,0.02,0.01,-,,-,-,-,36.5,180,10.0,1.2,0.02,0.20,3.9,0.27,2.0,8,0.93,(0),-,60.8,0.1,0,(910),(1600),(1800),(610),(230),(840),(780),(670),(1400),(870),(220),(1000),(540),(1200),3.32,1.08,0.87,0.13,45,25,300,400,58,9,175142
10,60,10189,＜魚類＞　（たい類）　きだい　生,"Yellowback sea bream, raw",76.9,18.6,3.1,(0),1.2,100,92.15,23,210,73,390,30,0.2,0.4,0.02,0.01,-,,-,-,-,36.5,50,4,1.5,0.03,0.04,2.8,0.20,3.2,8,0.38,(0),-,,,0,(850),(1500),(1700),(570),(220),(790),(730),(630),(1400),(820),(200),(950),(500),(1100),2.38,0.68,0.57,0.10,18,7,120,330,54,8,175144
10,55,10190,＜魚類＞　（たい類）　くろだい　生,"Black sea bream, raw",71.4,20.4,6.7,(0),1.2,137,129.4,13,250,59,400,36,0.3,0.8,0.03,0.01,-,,-,-,-,36.5,12,4,1.4,0.12,0.30,5.5,0.42,3.7,14,0.62,(0),-,,,0,(940),(1600),(1900),(630),(240),(870),(810),(690),(1500),(900),(220),(1000),(550),(1200),5.18,1.07,0.89,0.15,30,18,260,410,74,9,171951
10,0,10191,＜魚類＞　（たい類）　ちだい　生,"Crimson sea bream, raw",76.8,19.4,2.4,(0),1.3,97,88.65,33,230,75,390,32,0.6,0.4,0.03,0.01,24,,43,Tr,0,36.5,21,2,1.3,0.03,0.10,4.7,0.33,3.0,3,0.49,(0),4.3,65,0.1,0,900,1500,1800,610,210,820,780,700,1500,950,230,1000,480,1300,1.85,0.59,0.49,0.08,13,8,140,250,35,9,175141
10,50,10192,＜魚類＞　（たい類）　まだい　天然　生,"Red sea bream, wild, raw",72.2,20.6,5.8,(0),1.3,129,121.75,11,220,55,440,31,0.2,0.4,0.02,0.01,-,,-,-,-,36.5,8,5,1.0,0.09,0.05,6.0,0.31,1.2,5,0.64,(0),-,60.8,0.1,0,1000,1700,2000,640,230,880,850,730,1600,1000,230,1100,550,1300,4.44,1.38,1.16,0.17,47,22,300,610,83,9,175142
10,55,10193,＜魚類＞　（たい類）　まだい　養殖　皮つき　生,"Red sea bream, farmed, with skin, raw",68.5,20.9,9.4,(0),1.3,160,153.05,12,240,52,450,32,0.2,0.5,0.02,0,6,,36,1,0,24,11,7,2.4,0.32,0.08,5.6,0.40,1.5,4,1.34,-,7.7,78.5,0.5,3.9,970,1700,2000,630,220,850,860,750,1600,1000,240,1100,580,1400,7.42,2.44,1.78,0.54,420,72,520,780,61,9,175167
10,20,10194,＜魚類＞　（たい類）　まだい　養殖　皮つき　水煮,"Red sea bream, farmed, with skin, boiled",65.0,22.2,11.9,(0),1.2,182,178.85,20,220,50,440,29,0.2,0.5,0.03,0,11,,44,Tr,1,23.6,10,4.7,3.4,0.16,0.07,5.7,0.35,2.6,3,1.23,-,8.2,65,0.1,2.9,(1000),(1800),(2100),(670),(240),(900),(910),(800),(1700),(1100),(260),(1200),(620),(1400),8.90,2.86,2.23,0.48,320,65,670,990,77,9,173717
10,35,10195,＜魚類＞　（たい類）　まだい　養殖　皮つき　焼き,"Red sea bream, farmed, with skin, grilled",63.8,22.7,12.0,(0),1.4,186,181.8,24,260,55,500,32,0.2,0.5,0.02,0.01,8,,46,Tr,Tr,28.1,17,5.6,4.6,0.14,0.09,6.3,0.32,2.6,3,1.25,-,9.4,77.6,0.1,2.9,(1100),(1800),(2100),(680),(240),(930),(930),(820),(1800),(1100),(260),(1200),(630),(1500),9.01,2.95,2.24,0.56,400,74,670,990,78,9,173718
10,0,10408,＜魚類＞　（たい類）　まだい　養殖　皮なし　生,"Red sea bream, farmed, skinless, raw",71.9,21.2,5.9,(0),1.3,131,124.35,7,260,43,490,33,0.2,0.4,0.02,0,9,,32,Tr,-,24,10,4.5,2.6,0.31,0.08,7.2,0.56,1.8,4,1.40,-,9.0,78.5,0.5,3.9,1000,1700,2100,670,240,920,890,790,1700,1100,270,1200,620,1300,4.58,1.52,0.99,0.49,410,48,240,500,32,9,175167
10,40,10196,＜魚類＞　たかさご　生,"Threadfin bream, raw",76.7,20.2,1.5,(0),1.5,93,83.8,51,290,48,510,36,0.5,0.7,0.04,0.01,-,,-,-,-,36.5,7,2,0.1,0.03,0.07,4.3,0.20,4.4,3,0.46,(0),-,,,0,(930),(1600),(1900),(620),(240),(860),(800),(680),(1500),(890),(220),(1000),(550),(1200),1.03,0.36,0.31,0.05,12,9,43,220,16,8,175144
10,40,10197,＜魚類＞　たかべ　生,"Yellowstriped butterfish, raw",71.0,18.7,9.0,(0),1.3,148,141.95,41,210,120,380,34,0.6,1.3,0.04,0.01,-,,-,-,-,36.5,16,4,1.4,0.06,0.18,3.7,0.23,2.0,3,0.48,(0),-,,,0,(860),(1500),(1700),(580),(220),(800),(740),(630),(1400),(820),(200),(950),(510),(1100),7.05,2.16,1.74,0.35,150,49,480,920,110,9,171951
10,35,10198,＜魚類＞　たちうお　生,"Largehead hairtail, raw",61.6,16.5,20.9,(0),1.0,238,235.4,12,180,88,290,29,0.2,0.5,0.02,0.02,-,,-,-,-,12.6,52,14.0,1.2,0.01,0.07,3.9,0.20,0.9,2,0.56,(0),-,,,0,810,1300,1600,590,190,780,660,630,1300,850,180,900,440,1000,16.96,3.87,3.15,0.42,160,89,970,1400,120,7,173675
10,0,10199,＜魚類＞　（たら類）　すけとうだら　生,"Alaska pollock, raw",81.6,17.4,1.0,(0),1.1,72,69.4,13,180,100,350,24,0.2,0.5,0.03,0,160,,25,0,0,,10,0.5,0.9,0.05,0.11,1.4,0.09,2.9,12,0.20,0,2.5,,,,680,1200,1500,550,190,740,630,580,1200,780,180,780,420,1100,0.47,0.27,0.25,0.02,4,1,71,170,15,9,173725
10,0,10409,＜魚類＞　（たら類）　すけとうだら　フライ,"Alaska pollock, fried",61.9,19.2,11.9,-,1.2,195,188.65,34,190,140,340,27,0.4,0.7,0.05,0.08,-,,-,-,-,,18,0.4,3.2,0.05,0.13,1.5,0.08,2.5,19,0.31,18,-,,,,820,1500,1600,570,220,790,780,660,1400,880,210,950,490,1200,10.79,3.17,1.13,2.03,2000,870,85,170,20,5,173726
10,0,10200,＜魚類＞　（たら類）　すけとうだら　すり身,"Alaska pollock, surimi",75.1,17.5,0.2,(0),0.6,98,86.05,7,130,120,130,21,0.1,0.3,0.03,0.01,-,,-,-,-,28.1,5,1,0.6,0.03,0.05,0.4,0.01,0.6,4,0.19,(0),-,,0.1,0,(690),(1300),(1500),(550),(190),(740),(630),(590),(1200),(780),(180),(780),(430),(1100),0.13,0.08,0.07,Tr,1,Tr,25,44,2,9,173702
10,0,10201,＜魚類＞　（たら類）　すけとうだら　すきみだら,"Alaska pollock, minced",38.2,40.5,0.3,(0),20.9,165,144.65,130,340,7400,540,54,1.9,0.1,0.09,0.02,-,,-,-,-,44.1,Tr,1,1.1,0.13,0.18,2.2,0.10,2.5,7,0.43,(0),-,91.6,0.1,0,(1600),(2900),(3500),(1300),(440),(1700),(1500),(1400),(2800),(1800),(420),(1800),(990),(2600),0.22,0.12,0.11,0.01,1,1,37,67,5,9,173681
10,0,10202,＜魚類＞　（たら類）　すけとうだら　たらこ　生,"Alaska pollock roe, raw",65.2,24.0,4.7,(0),5.7,131,125.35,24,390,1800,300,13,0.6,3.1,0.08,0.04,130,,130,1,Tr,,24,1.7,7.1,0.71,0.43,50.0,0.25,18.0,52,3.68,Tr,18.0,,,,1300,2200,1800,510,310,820,960,1100,2100,1200,280,1500,530,1200,2.80,1.28,1.19,0.07,17,6,510,600,40,9,173725
10,0,10203,＜魚類＞　（たら類）　すけとうだら　たらこ　焼き,"Alaska pollock roe, grilled",58.6,28.3,6.1,(0),6.5,158,152.65,27,470,2100,340,15,0.7,3.8,0.10,0.05,-,,-,-,-,40.3,34,1.6,8.1,0.77,0.53,57.0,0.27,23.0,50,3.68,Tr,-,335.4,0.2,16,(1600),(2600),(2200),(600),(370),(970),(1100),(1300),(2500),(1400),(330),(1700),(620),(1400),3.59,1.64,1.54,0.09,22,8,650,780,51,6,175132
10,0,10204,＜魚類＞　（たら類）　すけとうだら　からしめんたいこ,"Alaska pollock roe, spicy (mentaiko)",66.6,21.0,3.3,(0),6.1,121,112.05,23,290,2200,180,11,0.7,2.7,0.08,0.04,-,,-,-,-,,37,1,6.5,0.34,0.33,20.0,0.17,11.0,43,2.16,1,-,,,,(1200),(1900),(1600),(450),(270),(720),(840),(980),(1800),(1100),(250),(1300),(460),(1100),2.22,1.09,1.01,0.07,39,6,420,530,23,4,168980
10,0,10205,＜魚類＞　（たら類）　まだら　生,"Pacific cod, raw",80.9,17.6,0.2,(0),1.2,72,63.65,32,230,110,350,24,0.2,0.5,0.04,0.01,350,,31,0,0,,10,1,0.8,0.10,0.10,1.4,0.07,1.3,5,0.44,(0),2.5,,,,710,1300,1500,530,190,720,650,610,1300,790,180,800,440,1100,0.14,0.07,0.07,0.01,1,Tr,24,42,4,9,175178
10,0,10206,＜魚類＞　（たら類）　まだら　焼き,"Pacific cod, grilled",72.8,25.2,0.2,(0),1.6,103,90.6,48,280,140,480,33,0.4,0.9,0.05,0.02,-,,-,-,-,,9,0.7,1.3,0.09,0.12,1.4,0.09,3.9,7,0.53,(0),-,,,,(1000),(1800),(2200),(760),(270),(1000),(930),(870),(1800),(1100),(250),(1100),(630),(1600),0.20,0.11,0.10,0.01,1,1,33,61,6,9,175178
10,0,10207,＜魚類＞　（たら類）　まだら　しらこ　生,"Pacific cod milt, raw",83.8,13.4,0.8,(0),1.8,60,54.4,6,430,110,390,23,0.2,0.7,0.03,0.01,-,,-,-,-,,8,2,1.8,0.24,0.13,1.5,0.01,3.1,11,0.68,(0),-,,,,(350),(720),(1000),(240),(110),(350),(300),(280),(580),(450),(42),(530),(180),(840),0.41,0.20,0.19,0.02,2,1,64,110,13,7,173725
10,0,10208,＜魚類＞　（たら類）　まだら　塩だら,"Pacific cod, salted",82.1,15.2,0.1,(0),2.6,61,54.05,23,170,790,290,22,0.3,0.4,0.02,0.01,-,,-,-,-,,Tr,3,0.7,0.13,0.20,2.0,0.11,1.4,6,0.26,(0),-,,,,(610),(1100),(1300),(460),(160),(620),(560),(520),(1100),(690),(150),(690),(380),(940),0.04,0.02,0.02,Tr,Tr,0,8,12,1,6,175178
10,45,10209,＜魚類＞　（たら類）　まだら　干しだら,"Pacific cod, dried",18.5,73.2,0.8,(0),7.4,299,263.35,80,840,1500,1600,89,0.1,1.8,0.16,0.03,-,,-,-,-,147.8,Tr,6,0.3,0.20,0.30,4.0,0.34,8.6,22,1.37,(0),-,291.3,0.4,3.5,(2900),(5300),(6400),(2200),(780),(3000),(2700),(2500),(5200),(3300),(740),(3300),(1800),(4500),0.54,0.24,0.22,0.02,3,1,73,130,14,8,174190
10,0,10210,＜魚類＞　（たら類）　加工品　でんぶ,Fish floss (denbu),26.9,25.5,1.1,(0),5.0,276,243.85,260,220,1600,120,31,1.3,1.0,0.44,0.19,-,,-,-,-,17.3,Tr,0.5,0.8,0.04,0.08,1.9,0.04,0.4,16,0.15,(0),-,,,0.2,(1000),(1900),(2200),(770),(270),(1000),(940),(880),(1800),(1100),(260),(1200),(640),(1600),0.62,0.31,0.28,0.02,5,1,110,160,11,5,174280
10,0,10448,＜魚類＞　（たら類）　加工品　桜でんぶ,Sakura denbu (pink fish floss),5.6,10.6,0.5,0,3.1,351,322.05,300,180,930,43,17,0.4,0.6,0.03,0.03,58,,14,4,Tr,28.1,2,0,0.1,0.01,0.01,0.2,Tr,0.6,3,0.06,-,0.9,,0.1,0,410,960,1000,320,130,450,460,380,840,570,120,610,260,710,0.09,0.03,0.02,Tr,4,1,9,12,1,6,173702
10,45,10211,＜魚類＞　ちか　生,"Japanese smelt, raw",78.3,19.5,0.6,(0),1.6,82,73.35,35,240,250,340,41,0.3,1.3,0.08,0.03,-,,-,-,-,36.5,4,1,0.9,0,0.14,2.7,0.19,5.4,7,0.71,(0),-,,,0,(900),(1500),(1800),(600),(230),(830),(770),(660),(1400),(860),(210),(990),(530),(1200),0.37,0.20,0.19,0.01,4,4,47,130,6,9,173670
10,0,10213,＜魚類＞　どじょう　生,"Loach, raw",79.1,16.1,1.2,(0),3.6,72,66.55,1100,690,96,290,42,5.6,2.9,0.08,0.38,-,,-,-,-,,13,4,0.6,0.09,1.09,4.0,0.10,8.5,16,0.66,1,-,,,,750,1200,1400,450,170,620,660,500,1200,740,160,840,370,1000,0.55,0.22,0.09,0.13,35,11,23,34,70,9,169809
10,0,10214,＜魚類＞　どじょう　水煮,"Loach, boiled",77.9,17.1,1.2,(0),3.8,76,70.05,1200,750,100,330,47,6.4,3.1,0.06,0.43,-,,-,-,-,0.9,13,5.5,0.4,0.08,1.00,4.2,0.08,6.3,11,0.43,1,-,,,26.3,(790),(1300),(1400),(480),(180),(660),(700),(530),(1200),(780),(170),(890),(390),(1100),0.50,0.21,0.09,0.12,28,9,22,35,68,9,169371
10,40,10215,＜魚類＞　とびうお　生,"Flying fish, raw",76.9,21.0,0.7,(0),1.3,89,79.8,13,340,64,320,37,0.5,0.8,0.06,0.01,-,,-,-,-,36.5,3,2,2.3,0.01,0.10,7.1,0.47,3.3,8,0.42,(0),-,,,0,1100,1700,2000,680,270,940,840,750,1600,980,250,1200,1100,1300,0.44,0.22,0.20,0.02,6,4,25,150,7,9,171959
10,0,10421,＜魚類＞　とびうお　煮干し,"Flying fish, niboshi (dried)",12.5,80.0,2.2,(0),7.5,325,298.7,1200,1300,610,1200,170,2.2,3.3,0.20,0.10,42,,120,1,2,113,9,3.9,4.0,0,0.32,17.0,0.24,13.0,22,0.62,1,14.0,205.6,1.3,0,3800,6400,7400,2300,850,3100,3300,2900,6200,4000,930,4200,3000,5000,1.03,0.53,0.46,0.07,11,4,56,370,34,8,168052
10,0,10422,＜魚類＞　とびうお　焼き干し,"Flying fish, roasted and dried",11.8,73.4,3.3,(0),12.7,309,284.95,3200,2300,690,1100,200,2.7,5.4,0.23,0.26,62,,140,4,4,113,17,3.3,2.4,Tr,0.32,16.0,0.21,15.0,40,0.82,1,14.0,205.6,1.3,0,3200,5600,6300,2100,720,2800,2800,2500,5300,3500,780,3600,2600,4600,1.41,0.58,0.49,0.08,18,7,69,370,34,8,168052
10,0,10212,＜魚類＞　ナイルティラピア　生,"Nile tilapia, raw",73.5,19.8,5.3,(0),1.2,124,115.05,29,180,60,370,24,0.5,0.4,0.02,0.01,-,,-,-,-,41.8,3,11.0,1.9,0.04,0.20,3.1,0.67,2.3,5,1.08,(0),-,42.5,1.4,0,990,1600,1900,610,250,860,810,690,1500,940,220,1000,490,1200,4.36,1.06,0.46,0.61,520,35,31,270,46,9,175176
10,55,10216,＜魚類＞　なまず　生,"Catfish, raw",72.0,18.4,8.6,(0),1.0,145,137.5,18,170,46,320,23,0.4,0.6,0.03,0.02,-,,-,-,-,12.6,70,4,6.3,0.33,0.10,1.8,0.16,2.3,10,0.81,(0),-,,,0.7,(680),(1200),(1400),(510),(150),(660),(650),(530),(1200),(790),(150),(780),(650),(1200),6.99,1.75,0.96,0.75,530,120,210,440,120,9,174186
10,45,10217,＜魚類＞　にぎす　生,"Silver whiting, raw",78.5,18.7,1.2,(0),1.5,84,76,70,220,190,320,27,0.4,0.4,0.03,0.01,-,,-,-,-,32.1,75,Tr,0.5,0.12,0.26,3.5,0.15,3.4,8,0.77,(0),-,65,0.1,0,(860),(1500),(1700),(580),(220),(800),(740),(630),(1400),(820),(200),(950),(510),(1100),0.84,0.35,0.32,0.04,9,5,81,200,18,9,173713
10,45,10218,＜魚類＞　にしん　生,"Pacific herring, raw",66.1,17.4,15.1,(0),1.3,196,189.6,27,240,110,350,33,1.0,1.1,0.09,0.02,-,,-,-,-,36.5,18,22.0,3.1,0.01,0.23,4.0,0.42,17.0,13,1.06,(0),-,,,0,870,1400,1700,560,220,780,720,610,1300,820,200,1000,460,1100,12.54,2.39,2.13,0.26,160,100,880,770,84,8,173669
10,9,10219,＜魚類＞　にしん　身欠きにしん,"Pacific herring, dried fillet",60.6,20.9,16.7,(0),1.6,224,215.8,66,290,170,430,38,1.5,1.3,0.10,0.04,-,,-,-,-,36.5,Tr,50.0,2.7,0.01,0.03,4.7,0.21,13.0,12,1.24,(0),-,,,0,(1000),(1700),(2000),(670),(270),(940),(870),(730),(1600),(980),(240),(1200),(550),(1300),13.97,2.18,1.70,0.48,410,160,760,590,46,6,173669
10,25,10220,＜魚類＞　にしん　開き干し,"Pacific herring, split and dried",59.8,18.5,19.7,(0),1.8,239,232.9,25,260,360,350,33,1.9,1.0,0.11,0.02,-,,-,-,-,,Tr,36.0,2.1,0.01,0.03,4.7,0.25,9.0,7,1.28,(0),-,,,,(930),(1500),(1800),(590),(240),(830),(770),(650),(1400),(870),(210),(1100),(480),(1100),16.42,3.35,2.77,0.26,140,63,1400,880,53,8,169807
10,45,10221,＜魚類＞　にしん　くん製,"Pacific herring, smoked",43.9,23.1,22.1,(0),10.9,280,268.7,150,400,3900,280,36,3.5,1.1,0.16,0.03,-,,-,-,-,,Tr,48.0,0.5,0.01,0.35,5.0,0.10,15.0,16,1.74,(0),-,,,,(1200),(1900),(2200),(740),(300),(1000),(960),(810),(1800),(1100),(260),(1300),(600),(1400),19.08,3.13,2.52,0.39,200,64,1100,870,57,7,169807
10,0,10222,＜魚類＞　にしん　かずのこ　生,"Herring roe, raw",66.1,25.2,6.7,(0),1.8,139,145.85,50,140,320,210,34,1.2,2.3,0.07,0.06,-,,-,-,-,36.5,15,13.0,5.1,0.15,0.22,1.4,0.26,11.0,120,1.37,Tr,-,65,0.1,0.7,(1500),(2800),(2100),(760),(610),(1400),(1400),(1400),(2800),(1900),(520),(2100),(710),(1800),3.23,1.45,1.37,0.08,29,25,410,870,54,8,175116
10,0,10223,＜魚類＞　にしん　かずのこ　乾,"Herring roe, dried",16.5,65.2,13.6,(0),4.2,358,345.55,65,500,1400,46,150,1.9,5.4,0.08,0.07,-,,-,-,-,,7,32.0,6.4,Tr,0.07,0.4,0.28,4.8,23,1.13,0,-,,,,(3800),(7300),(5400),(2000),(1600),(3600),(3700),(3700),(7400),(5000),(1300),(5400),(1800),(4600),8.03,3.57,3.39,0.13,66,31,1300,1700,44,6,168990
10,0,10224,＜魚類＞　にしん　かずのこ　塩蔵　水戻し,"Herring roe, salted and rehydrated",80.0,15.0,3.0,(0),1.4,80,80.1,8,94,480,2,4,0.4,1.3,0.06,0.02,-,,-,-,-,,2,17.0,0.9,Tr,0.01,Tr,0.04,4.5,0,0,0,-,,,,(860),(1700),(1200),(450),(360),(810),(850),(850),(1700),(1100),(310),(1200),(420),(1100),1.49,0.52,0.48,0.03,13,7,180,270,15,6,168990
10,60,10225,＜魚類＞　はぜ　生,"Gobies, raw",79.4,19.1,0.2,(0),1.2,78,68.9,42,190,93,350,27,0.2,0.6,0.02,0.10,-,,-,-,-,36.5,6,3,1.0,0.04,0.04,1.4,0.07,2.7,8,0.42,(0),-,,,0,940,1600,1700,590,250,840,830,680,1500,880,200,990,460,1100,0.09,0.04,0.03,0.01,1,Tr,16,12,8,8,171962
10,0,10226,＜魚類＞　はぜ　つくだ煮,"Gobies, tsukudani",23.2,24.3,3.0,(0),9.6,277,250.2,1200,820,2200,480,73,12.0,3.2,0.08,1.20,-,,-,-,-,89.6,150,5,2.4,0.11,0.41,2.4,0.06,6.8,230,0.79,(0),-,,,8.5,(1200),(2000),(2200),(750),(320),(1100),(1100),(860),(1900),(1100),(260),(1300),(590),(1400),1.53,0.68,0.46,0.19,72,65,170,150,76,3,172010
10,0,10227,＜魚類＞　はぜ　甘露煮,"Gobies, kanroni (sweet simmered)",29.5,21.1,2.2,(0),6.9,260,233.6,980,650,1500,200,58,4.2,2.7,0.05,1.27,-,,-,-,-,2.6,21,6,0.6,0.05,0.11,0.9,0.03,5.8,15,0.23,(0),-,,,0.2,(1000),(1700),(1900),(650),(280),(930),(910),(750),(1700),(970),(230),(1100),(510),(1200),1.02,0.38,0.28,0.10,36,28,99,96,42,4,169241
10,0,10228,＜魚類＞　はたはた　生,"Sailfin sandfish, raw",78.8,14.1,5.7,(0),1.4,101,97.8,60,120,180,250,18,0.5,0.6,0.06,-,32,,37,Tr,0,12.6,20,2,2.2,0.02,0.14,3.0,0.08,1.7,7,0.50,(0),3.3,,,0,670,1200,1300,460,160,610,570,500,1100,710,160,730,330,980,4.22,1.35,1.09,0.24,65,28,420,520,130,9,173675
10,50,10229,＜魚類＞　はたはた　生干し,"Sailfin sandfish, semi-dried",71.1,16.7,10.3,(0),1.9,154,146,17,180,510,240,23,0.3,0.8,0.04,0.01,37,,37,1,0,12.6,22,1,2.8,0.05,0.05,0.9,0.08,3.5,11,0.50,(0),3.6,,,0,720,1300,1500,500,160,670,660,580,1200,850,170,820,390,1200,8.83,3.04,2.61,0.37,120,84,970,1200,160,8,173675
10,55,10230,＜魚類＞　はまふえふき　生,"Blue lined sea bream, raw",77.7,20.5,0.3,(0),1.4,85,74.65,43,250,80,450,29,0.3,0.5,0.03,0,-,,-,-,-,36.5,8,11.0,0.6,0.15,0.07,6.4,0.30,3.7,3,0.40,(0),-,60.8,0.1,0,(940),(1600),(1900),(630),(240),(870),(810),(690),(1500),(900),(220),(1000),(560),(1200),0.18,0.07,0.04,0.03,2,1,5,26,20,9,175142
10,0,10231,＜魚類＞　はも　生,"Pike conger, raw",71.0,22.3,5.3,(0),1.4,132,123.1,79,280,66,450,29,0.2,0.6,0.03,0.07,-,,-,-,-,12.6,59,5,1.1,0.04,0.18,3.8,0.23,1.9,21,0.46,(0),-,65,0.1,3.8,1100,1800,2300,670,270,940,840,780,1600,980,240,1200,620,1400,4.10,1.45,1.25,0.20,64,79,220,640,120,8,173680
10,0,10233,＜魚類＞　ひらまさ　生,"Yellowtail amberjack, raw",71.1,22.6,4.9,(0),1.3,128,121.1,12,300,47,450,36,0.4,0.7,0.04,0.01,-,,-,-,-,36.5,19,5,1.4,0.20,0.14,7.6,0.52,2.1,8,0.26,(0),-,,0.1,2.8,(1000),(1800),(2100),(700),(250),(950),(910),(760),(1700),(1000),(260),(1200),(1100),(1300),3.42,1.18,1.04,0.14,38,21,220,670,63,9,175163
10,40,10234,＜魚類＞　ひらめ　天然　生,"Olive flounder, wild, raw",76.8,20.0,2.0,(0),1.2,96,87,22,240,46,440,26,0.1,0.4,0.03,0.01,-,,-,-,-,36.5,12,3,0.6,0.04,0.11,5.0,0.33,1.0,16,0.82,(0),-,,,0,(940),(1600),(1900),(620),(210),(830),(830),(720),(1600),(1000),(220),(1100),(540),(1300),1.52,0.61,0.51,0.08,15,7,120,290,45,8,173705
10,40,10235,＜魚類＞　ひらめ　養殖　皮つき　生,"Olive flounder, farmed, with skin, raw",73.7,21.6,3.7,(0),1.3,115,107.05,30,240,43,440,30,0.1,0.5,0.02,0.03,8,,47,Tr,0,36.5,19,1.9,1.6,0.12,0.34,6.2,0.44,1.5,13,0.89,-,10.0,,,0,1000,1700,2000,670,220,890,890,780,1700,1100,230,1200,580,1400,2.92,1.17,0.89,0.25,170,33,170,520,40,9,173705
10,0,10410,＜魚類＞　ひらめ　養殖　皮なし　生,"Olive flounder, farmed, skinless, raw",76.0,21.2,2.5,(0),1.2,100,95.45,8,230,41,470,31,0.1,0.3,0.02,0.01,11,,41,0,(0),45.6,9,2.3,1.6,0.22,0.07,6.7,0.48,1.1,12,0.86,-,8.4,61.8,0,0,970,1700,2000,630,230,870,850,770,1600,1100,240,1100,570,1300,1.78,0.72,0.55,0.16,110,20,100,330,25,9,174200
10,0,10236,＜魚類＞　（ふぐ類）　とらふぐ　養殖　生,"Tiger puffer, farmed, raw",78.9,19.3,0.3,(0),1.3,80,70.8,6,250,100,430,25,0.2,0.9,0.02,0.01,-,,-,-,-,90.6,3,4,0.8,0.06,0.21,5.9,0.45,1.9,3,0.36,(0),-,65,0.1,0,(950),(1500),(1800),(560),(240),(800),(700),(660),(1400),(870),(220),(1000),(460),(1200),0.20,0.10,0.08,0.02,3,1,19,55,9,3,175159
10,0,10237,＜魚類＞　（ふぐ類）　まふぐ　生,"Japanese puffer, raw",79.3,18.9,0.4,(0),1.4,78,69.55,5,260,83,470,24,0.2,1.5,0.02,0,-,,-,-,-,90.6,7,6,0.6,0.04,0.17,7.0,0.50,3.0,3,0.23,(0),-,65,0.1,0,930,1500,1700,540,240,780,680,650,1300,860,220,1000,450,1200,0.25,0.13,0.11,0.02,3,Tr,14,84,15,5,175159
10,50,10238,＜魚類＞　ふな　生,"Crucian carp, raw",78.0,18.2,2.5,(0),1.2,93,85.3,100,160,30,340,23,1.5,1.9,0.04,0.02,-,,-,-,-,12.6,12,4,1.5,0.55,0.14,2.3,0.11,5.5,14,0.69,(0),-,65,0.1,1.6,890,1500,1700,550,200,750,780,630,1400,820,180,970,520,1100,1.93,0.69,0.50,0.12,48,74,190,110,40,8,171952
10,35,10239,＜魚類＞　ふな　水煮,"Crucian carp, boiled",75.6,20.3,2.8,(0),1.2,104,95.2,140,230,46,310,24,1.5,2.1,0.04,0.02,-,,-,-,-,12.6,15,3.8,1.5,0.49,0.12,1.6,0.10,4.4,8,0.71,(0),-,65,0.1,1.6,(990),(1700),(1900),(610),(220),(840),(870),(700),(1600),(920),(200),(1100),(590),(1200),2.16,0.73,0.52,0.14,58,81,190,120,46,8,171952
10,0,10240,＜魚類＞　ふな　甘露煮,"Crucian carp, kanroni (sweet simmered)",28.7,15.5,3.6,(0),7.8,266,240.25,1200,710,1300,240,58,6.5,5.2,0.11,0.62,-,,-,-,-,16.2,60,2,0.5,0.16,0.16,1.3,0.03,6.7,13,0.24,(0),-,,,1.6,(760),(1300),(1500),(470),(170),(640),(670),(540),(1200),(700),(150),(820),(450),(920),2.29,1.05,0.33,0.71,600,140,56,72,60,4,174185
10,20,10449,＜魚類＞　ふな　ふなずし,"Crucian carp, funazushi",57.0,21.3,7.9,0,4.7,181,173.55,350,240,1500,64,20,0.9,2.9,0.23,0.34,24,,48,1,36,12.6,43,3.6,4.6,Tr,0.07,0.3,0.03,7.4,15,0.14,4,28.0,65,0.1,1.6,820,1700,1400,570,250,820,860,730,1600,1000,230,1200,460,1300,5.35,1.95,1.18,0.74,270,140,330,460,280,3,171952
10,0,10241,＜魚類＞　ぶり　成魚　生,"Japanese amberjack, adult, raw",59.6,21.4,17.6,(0),1.1,222,225.55,5,130,32,380,26,1.3,0.7,0.08,0.01,24,,57,Tr,0,36.5,50,8,2.0,0.23,0.36,9.5,0.42,3.8,7,1.01,(0),7.7,66.9,0.1,2,1000,1700,2000,680,230,910,870,740,1600,1000,250,1200,1700,1200,12.49,3.72,3.35,0.37,190,97,940,1700,160,9,173672
10,0,10242,＜魚類＞　ぶり　成魚　焼き,"Japanese amberjack, adult, grilled",51.8,26.2,20.4,(0),1.3,260,266.15,6,170,40,440,28,2.3,0.9,0.10,0.01,-,,-,-,-,46.8,42,5.4,2.1,0.24,0.39,10.0,0.38,3.8,6,1.38,(0),-,83.6,0.1,2.1,(1300),(2000),(2400),(830),(290),(1100),(1100),(900),(2000),(1300),(310),(1400),(2100),(1500),13.85,4.15,3.73,0.41,210,110,1000,1900,180,9,171994
10,0,10243,＜魚類＞　ぶり　はまち　養殖　皮つき　生,"Japanese amberjack (Hamachi), farmed, with skin, raw",61.5,20.7,17.2,(0),1.1,217,218.65,19,210,38,340,29,1.0,0.8,0.09,0.01,14,,32,Tr,0,36.5,32,4,4.6,0.16,0.21,9.0,0.45,4.6,9,0.99,-,6.4,,0.1,2.8,920,1500,1800,590,200,790,800,680,1500,990,230,1000,1300,1300,12.84,3.05,1.88,1.08,880,120,450,910,85,9,175163
10,0,10411,＜魚類＞　ぶり　はまち　養殖　皮なし　生,"Japanese amberjack (Hamachi), farmed, skinless, raw",66.4,21.0,12.0,(0),1.1,180,175.5,5,220,36,390,29,1.1,0.5,0.10,0.01,14,,35,0,(0),36.5,41,4.4,5.5,0.17,0.23,7.9,0.53,6.6,9,0.99,-,6.4,65,0,0,990,1600,1900,600,220,820,820,720,1500,990,250,1100,1500,1200,9.49,2.57,1.66,0.84,680,99,390,830,70,9,173706
10,50,10244,＜魚類＞　ほうぼう　生,"Red gurnard, raw",74.9,19.6,4.2,(0),1.3,110,104.3,42,200,110,380,34,0.4,0.5,0.04,0.05,-,,-,-,-,36.5,9,3,0.5,0.09,0.15,5.0,0.44,2.2,5,0.82,(0),-,65,0.1,0,(900),(1500),(1800),(610),(230),(830),(770),(660),(1400),(860),(210),(1000),(530),(1200),2.85,0.85,0.73,0.12,16,6,190,420,77,9,175141
10,0,10245,＜魚類＞　ホキ　生,"Hoki, raw",80.4,17.0,1.3,(0),1.3,78,70.55,20,160,160,330,24,0.3,0.4,0.02,0.01,-,,-,-,-,,43,1,0.9,0.03,0.16,1.3,0.07,0.7,13,0.42,(0),-,,,,(780),(1300),(1600),(530),(200),(720),(670),(570),(1200),(750),(190),(860),(460),(1000),0.95,0.29,0.26,0.03,14,6,58,170,14,9,173725
10,50,10246,＜魚類＞　ほっけ　生,"Arabesque greenling, raw",77.1,17.3,4.4,(0),1.1,103,98.3,22,220,81,360,33,0.4,1.1,0.10,0.01,-,,-,-,-,36.5,25,3,1.7,0.09,0.17,2.5,0.17,11.0,9,1.16,(0),-,,,0,880,1500,1800,530,190,720,720,660,1400,890,180,980,530,1100,3.10,1.19,1.09,0.10,37,17,450,530,57,9,171951
10,40,10247,＜魚類＞　ほっけ　塩ほっけ,"Arabesque greenling, salted",72.4,18.1,4.9,(0),4.5,113,105.35,20,220,1400,350,30,0.5,0.4,0.04,0.01,-,,-,-,-,36.5,20,3,0.7,0.10,0.27,2.9,0.18,7.3,2,0.79,(0),-,,,1.7,(920),(1500),(1900),(560),(200),(750),(760),(690),(1400),(930),(190),(1000),(550),(1200),3.92,1.14,0.97,0.11,51,32,470,350,37,6,173710
10,35,10248,＜魚類＞　ほっけ　開き干し　生,"Arabesque greenling, split and dried, raw",67.0,20.6,9.4,(0),3.0,161,152,170,330,690,390,37,0.5,0.9,0.05,0.03,15,,31,1,0,16.8,30,4.6,1.3,0.10,0.24,3.5,0.21,5.3,7,0.65,-,3.7,65,0.1,0,950,1700,1900,630,220,860,840,750,1600,1100,220,1100,550,1400,7.92,2.45,2.14,0.20,100,81,960,740,65,8,167745
10,25,10412,＜魚類＞　ほっけ　開き干し　焼き,"Arabesque greenling, split and dried, grilled",63.7,23.1,10.9,(0),3.3,179,173.5,180,360,770,410,41,0.6,1.0,0.06,0.03,17,,34,1,(0),46.8,39,3.5,1.6,0.14,0.26,3.7,0.17,5.3,11,0.65,-,4.5,,,0,1000,1800,2100,680,240,920,920,820,1700,1100,240,1200,590,1500,9.00,2.76,2.40,0.23,120,88,1100,860,80,8,174234
10,50,10249,＜魚類＞　ぼら　生,"Mullet, raw",74.7,19.2,5.0,(0),1.0,119,110.05,17,170,87,330,24,0.7,0.5,0.06,0.01,-,,-,-,-,36.5,8,10.0,1.6,0.16,0.26,4.5,0.43,4.7,4,0.66,(0),-,70.2,0.1,1.2,910,1500,1700,540,240,780,710,610,1300,850,210,1000,600,1100,4.13,1.56,1.37,0.19,130,42,370,590,48,9,175123
10,0,10250,＜魚類＞　ぼら　からすみ,Mullet roe (Karasumi),25.9,40.4,28.9,(0),4.5,353,388.1,9,530,1400,170,23,1.5,9.3,0.19,0.04,-,,-,-,-,,350,33.0,9.7,0.01,0.93,2.7,0.26,28.0,62,5.17,7,-,,,,,,,,,,,,,,,,,,14.23,5.83,4.47,1.10,320,150,1100,1900,470,6,169807
10,0,10251,＜魚類＞　ほんもろこ　生,"Japanese dace, raw",75.1,17.5,4.1,(0),3.2,103,96.45,850,640,86,320,39,1.3,3.4,0.07,0.21,-,,-,-,-,12.6,250,5,2.9,0.03,0.20,2.5,0.13,9.0,37,0.73,(0),-,65,0.1,1.6,(860),(1400),(1700),(530),(190),(720),(750),(610),(1400),(790),(170),(930),(500),(1000),3.10,1.06,0.69,0.36,140,140,200,170,160,8,171952
10,0,10252,＜魚類＞　（まぐろ類）　きはだ　生,"Yellowfin tuna, raw",74.0,24.3,1.0,(0),1.3,102,93.55,5,290,43,450,37,2.0,0.5,0.06,0.01,14,,74,1,0,90.6,2,6,0.4,0.15,0.09,18.0,0.64,5.8,5,0.36,(0),1.4,65,0.1,0,1100,1800,2100,720,240,960,910,830,1700,1200,270,1200,2100,1400,0.59,0.25,0.21,0.04,6,3,32,150,18,9,175159
10,0,10253,＜魚類＞　（まぐろ類）　くろまぐろ　天然　赤身　生,"Pacific bluefin tuna, wild, lean, raw",70.4,26.4,1.4,(0),1.7,115,104.65,5,270,49,380,45,1.1,0.4,0.04,0.01,14,,110,0,0,90.6,83,5,0.8,0.10,0.05,14.0,0.85,1.3,8,0.41,Tr,1.9,65,0.1,0,1200,2000,2300,760,260,1000,980,890,1900,1200,300,1400,2500,1500,0.73,0.19,0.17,0.03,8,3,27,120,16,9,175159
10,0,10254,＜魚類＞　（まぐろ類）　くろまぐろ　天然　脂身　生,"Pacific bluefin tuna, wild, fatty, raw",51.4,20.1,27.5,(0),0.9,308,304.45,7,180,71,230,35,1.6,0.5,0.04,Tr,-,,-,-,-,36.5,270,18.0,1.5,0.04,0.07,9.8,0.82,1.0,8,0.47,(0),-,65,0,0,910,1500,1800,570,210,780,750,680,1400,920,230,1100,1700,1100,22.52,6.41,5.81,0.60,340,210,1400,3200,170,9,173706
10,0,10450,＜魚類＞　（まぐろ類）　くろまぐろ　養殖　赤身　生,"Pacific bluefin tuna, farmed, lean, raw",68.8,24.8,7.6,0,1.3,153,151.4,3,270,28,430,38,0.8,0.5,0.02,Tr,31,,79,0,0,36.5,840,4,1.5,0.16,0.05,15.0,0.51,2.5,10,0.27,-,1.1,65,0,0,1000,1800,2200,690,250,940,900,850,1700,1100,290,1300,2300,1400,6.41,2.15,1.87,0.27,93,64,420,1000,85,9,173706
10,0,10451,＜魚類＞　（まぐろ類）　くろまぐろ　養殖　赤身　水煮,"Pacific bluefin tuna, farmed, lean, boiled",64.1,27.2,8.3,0,1.2,173,165.75,3,270,25,400,38,1.0,0.6,0.02,Tr,34,,88,0,0,36.5,900,4.1,1.8,0.16,0.04,14.0,0.40,3.2,12,0.28,-,1.3,65,0,0,950,2100,2500,780,270,1100,1000,950,2000,1300,320,1400,2300,1500,6.53,1.90,1.62,0.26,95,64,370,880,84,9,173706
10,0,10452,＜魚類＞　（まぐろ類）　くろまぐろ　養殖　赤身　蒸し,"Pacific bluefin tuna, farmed, lean, steamed",62.0,28.0,9.9,0,1.2,187,182.15,3,270,26,410,39,0.9,0.6,0.02,0.01,38,,91,0,0,36.5,990,4.3,1.9,0.17,0.04,15.0,0.31,3.4,11,0.27,-,1.3,65,0,0,1200,2100,2500,800,280,1100,1000,950,2000,1300,340,1400,2300,1600,7.72,2.13,1.81,0.30,110,76,410,970,92,9,173706
10,0,10453,＜魚類＞　（まぐろ類）　くろまぐろ　養殖　赤身　電子レンジ調理,"Pacific bluefin tuna, farmed, lean, microwaved",60.0,30.4,8.7,0,1.4,191,180.35,4,310,33,490,44,1.1,0.6,0.02,0.01,39,,94,0,0,46.8,970,4.3,1.8,0.19,0.05,18.0,0.29,3.4,9,0.25,-,1.4,,,0,1200,2200,2700,850,300,1100,1100,1000,2100,1400,360,1600,2600,1700,6.93,2.12,1.82,0.28,100,67,420,990,89,10,173707
10,0,10454,＜魚類＞　（まぐろ類）　くろまぐろ　養殖　赤身　焼き,"Pacific bluefin tuna, farmed, lean, grilled",59.6,29.0,10.6,0,1.4,202,191.6,3,290,33,500,42,0.9,0.6,0.02,0.01,42,,94,Tr,0,36.5,1100,5,2.0,0.19,0.04,19.0,0.33,3.3,11,0.33,-,1.5,65,0,0,1200,2100,2600,830,300,1100,1100,1000,2100,1400,340,1500,2600,1600,8.80,2.74,2.36,0.36,130,88,540,1300,120,9,173706
10,0,10455,＜魚類＞　（まぐろ類）　くろまぐろ　養殖　赤身　ソテー,"Pacific bluefin tuna, farmed, lean, sauteed",61.6,28.0,10.2,0,1.4,194,184.7,3,300,29,470,43,0.9,0.6,0.02,0.01,36,,90,Tr,0,36.5,910,4.4,1.9,0.18,0.05,17.0,0.42,3.2,10,0.25,-,1.4,65,0,0,1100,2100,2500,780,270,1100,1000,960,2000,1300,330,1400,2500,1600,8.78,2.87,2.30,0.54,320,180,500,1200,110,9,173706
10,0,10456,＜魚類＞　（まぐろ類）　くろまぐろ　養殖　赤身　天ぷら,"Pacific bluefin tuna, farmed, lean, tempura",57.8,25.1,12.6,0,1.3,222,206.15,13,280,38,440,40,1.0,0.5,0.04,0.04,33,,88,0,1,36.5,820,4.1,2.5,0.17,0.06,15.0,0.25,3.1,6,0.30,-,1.5,65,0,0,920,1900,2200,700,250,960,930,830,1800,1200,290,1300,2300,1400,11.08,3.41,2.24,1.16,980,490,410,1000,89,4,173706
10,0,10459,＜魚類＞　（まぐろ類）　くろまぐろ　養殖　脂身　生,"Pacific bluefin tuna, farmed, fatty, raw",52.6,18.6,28.9,-,0.9,321,310.75,4,190,41,330,26,0.6,0.6,0.01,0.01,73,,73,0,0,36.5,580,20.8,7.2,0.14,0.05,11.4,0.43,1.9,9,0.47,5,1,65,0,0,800,1400,1600,550,190,190,690,630,1300,880,210,920,1600,1100,25.88,9.53,8.14,1.19,400,210,2100,4500,400,8,173706
10,0,10460,＜魚類＞　（まぐろ類）　くろまぐろ　養殖　脂身　水煮,"Pacific bluefin tuna, farmed, fatty, boiled",47.8,21.4,27.1,-,0.9,330,315.05,3,190,33,290,26,0.7,0.6,0.02,0.01,93,,78,Tr,-,36.5,15,51.6,0.9,0.11,0.18,6.5,0.16,7.1,7,0.45,1,4.3,65,0,0,960,1600,1900,620,210,820,810,740,1600,1000,250,1100,1600,1300,23.83,8.47,7.22,1.07,380,190,1900,3900,350,9,173706
10,0,10461,＜魚類＞　（まぐろ類）　くろまぐろ　養殖　脂身　蒸し,"Pacific bluefin tuna, farmed, fatty, steamed",50.2,21.8,27.3,-,3.1,313,308.35,75,250,760,450,47,0.9,0.8,0.08,0.01,47,,62,Tr,Tr,36.5,15,18.9,7.1,0.16,0.05,11.6,0.27,2.1,5,0.46,4,1.4,65,0,0,920,1500,1800,590,200,790,770,700,1500,970,230,1100,1600,1200,24.19,8.80,7.50,1.10,390,190,2000,4000,370,9,173706
10,0,10462,＜魚類＞　（まぐろ類）　くろまぐろ　養殖　脂身　電子レンジ調理,"Pacific bluefin tuna, farmed, fatty, microwaved",48.1,23.1,22.7,-,1.1,307,291.3,4,220,40,350,31,0.8,0.6,0.02,0.01,87,,89,Tr,-,46.8,750,21.2,5.6,0.15,0.05,12.9,0.3,2,4,0.62,4,1.3,,,0,1000,1700,2100,680,230,920,870,800,1700,1100,260,1200,1900,1300,19.80,7.09,6.04,0.90,320,160,1600,3200,300,9,173707
10,0,10463,＜魚類＞　（まぐろ類）　くろまぐろ　養殖　脂身　焼き,"Pacific bluefin tuna, farmed, fatty, grilled",46.4,23,28.4,-,1.1,342,325.75,4,230,39,360,31,0.7,0.7,0.02,0.01,100,,83,-,-,36.5,800,20.7,7,0.16,0.05,12.9,0.32,2.2,5,0.48,6,1.5,65,0,0,990,1600,2000,630,210,840,830,760,1600,1000,250,1100,1900,1300,25.38,9.23,7.86,1.16,400,200,2100,4300,390,9,173706
10,0,10464,＜魚類＞　（まぐろ類）　くろまぐろ　養殖　脂身　ソテー,"Pacific bluefin tuna, farmed, fatty, sauteed",45.7,24.3,27.8,-,1.2,339,324.85,4,240,43,380,33,0.7,0.8,0.02,0.01,89,,89,-,-,36.5,710,20.4,6.6,0.15,0.05,13,0.31,2.2,6,0.45,6,1.3,65,0,0,1100,1800,2100,700,240,930,900,820,1700,1100,270,1200,2000,1400,24.31,8.60,7.18,1.24,540,250,1800,3900,360,9,173706
10,0,10465,＜魚類＞　（まぐろ類）　くろまぐろ　養殖　脂身　天ぷら,"Pacific bluefin tuna, farmed, fatty, tempura",42,22,25.4,-,1.1,345,326.15,17,220,53,350,30,0.7,0.6,0.02,0.04,76,,70,Tr,1,36.5,670,19.5,7,0.14,0.06,11.4,0.25,2,6,0.58,15,1.3,65,0,0,930,1600,1800,600,200,800,790,700,1500,980,230,1100,1800,1200,22.51,7.76,5.85,1.77,1300,560,1500,2900,260,4,173706
10,0,10255,＜魚類＞　（まぐろ類）　びんなが　生,"Albacore, raw",71.8,26.0,0.7,(0),1.3,111,97.65,9,310,38,440,41,0.9,0.5,0.05,0.01,12,,71,1,0,90.6,4,7,0.7,0.13,0.10,21.0,0.94,2.8,4,0.31,(0),1.2,65,0.1,0,1200,2000,2300,750,290,1000,1000,910,1900,1300,320,1400,1600,1500,0.58,0.23,0.21,0.03,7,3,43,140,9,9,175159
10,0,10256,＜魚類＞　（まぐろ類）　みなみまぐろ　赤身　生,"Southern bluefin tuna, lean, raw",77.0,21.6,0.4,(0),1.2,88,79,5,240,43,400,27,1.8,0.4,0.04,0.01,5,,73,0,0,90.6,6,4,1.0,0.03,0.05,11.0,1.08,2.2,5,0.30,(0),2.2,65,0.1,0,950,1600,1800,580,220,800,780,740,1500,980,260,1100,1200,1200,0.20,0.09,0.08,0.01,2,Tr,10,64,6,9,175159
10,0,10257,＜魚類＞　（まぐろ類）　みなみまぐろ　脂身　生,"Southern bluefin tuna, fatty, raw",50.3,20.3,28.3,(0),1.0,322,311.95,9,210,44,280,29,0.6,0.4,0.05,0.01,38,,120,1,0,36.5,34,5,1.5,0.10,0.06,11.0,1.00,1.5,4,0.29,(0),4.4,65,0,0,930,1500,1800,560,210,780,770,710,1500,970,240,1100,1200,1200,24.36,7.68,6.77,0.84,280,100,1600,4000,250,9,173706
10,0,10258,＜魚類＞　（まぐろ類）　めじまぐろ　生,"Young bluefin tuna, raw",68.7,25.2,4.8,(0),1.2,139,129.35,9,290,42,410,40,1.8,0.5,0.09,0.01,-,,-,-,-,36.5,61,12.0,1.2,0.19,0.19,19.0,0.73,6.9,6,0.59,(0),-,65,0,0,(1100),(1900),(2200),(710),(260),(980),(940),(830),(1800),(1100),(300),(1300),(1900),(1400),3.63,1.55,1.36,0.17,51,34,310,850,61,9,173706
10,0,10425,＜魚類＞　（まぐろ類） めばち　赤身　生,"Bigeye tuna, lean, raw",72.2,25.4,2.3,(0),1.3,115,108.45,3,270,39,440,35,0.9,0.4,0.03,Tr,18,,75,Tr,0,90.6,17,3.6,0.9,0.09,0.05,15.0,0.76,1.4,5,0.15,Tr,1.5,65,0.1,0,1200,2000,2300,760,270,1000,1000,930,1900,1300,320,1400,1700,1500,1.61,0.57,0.49,0.07,13,5,80,370,34,8,175159
10,0,10426,＜魚類＞　（まぐろ類） めばち　脂身　生,"Bigeye tuna, fatty, raw",67.8,23.9,7.5,(0),1.2,158,147.4,4,240,100,400,31,0.7,0.4,0.03,Tr,42,,74,Tr,0,36.5,37,8.1,2.0,0.07,0.05,13.0,0.80,1.0,5,0.17,1,1.5,65,0,0,1000,1800,2100,680,250,920,910,830,1700,1200,280,1200,1500,1400,6.48,2.07,1.79,0.27,48,17,320,1300,120,9,173706
10,0,10260,＜魚類＞　（まぐろ類）　缶詰　水煮　フレーク　ライト,"Canned tuna, water-packed, flaked, light",82.0,16.0,0.7,(0),1.1,70,62.65,5,160,210,230,26,0.6,0.7,0.05,0.01,-,,-,-,-,80.4,10,3,0.4,0.01,0.04,9.5,0.26,1.1,4,0.13,(0),-,,,0,(700),(1200),(1400),(450),(170),(620),(600),(530),(1100),(700),(190),(800),(1200),(900),0.48,0.18,0.15,0.03,5,2,20,120,13,9,171986
10,0,10261,＜魚類＞　（まぐろ類）　缶詰　水煮　フレーク　ホワイト,"Tuna, canned, water-packed, flaked, white",77.6,18.3,2.5,(0),1.2,96,86.7,6,200,260,280,34,1.0,0.7,0.04,0.02,-,,-,-,-,65.7,Tr,2,0.4,0.07,0.03,11.0,0.15,1.4,7,0.13,(0),-,29.3,2.5,0,(800),(1400),(1600),(520),(190),(710),(680),(600),(1300),(800),(210),(920),(1300),(1000),2.08,0.73,0.62,0.11,41,12,110,440,29,9,175158
10,0,10262,＜魚類＞　（まぐろ類）　缶詰　味付け　フレーク,"Tuna, canned, seasoned, flaked",65.7,19.0,2.3,(0),3.1,134,120.7,24,350,760,280,31,4.0,1.0,0.12,0.13,-,,-,-,-,76,Tr,5,0.7,0.07,0.03,8.0,0.16,3.7,13,0.23,(0),-,29.3,44,0,(830),(1400),(1600),(540),(200),(740),(710),(630),(1300),(830),(220),(950),(1400),(1100),1.75,0.68,0.57,0.11,44,14,100,400,33,5,173708
10,0,10263,＜魚類＞　（まぐろ類）　缶詰　油漬　フレーク　ライト,"Tuna, canned, oil-packed, flaked, light",59.1,17.7,21.7,(0),1.4,265,246.75,4,160,340,230,25,0.5,0.3,0.04,0.01,-,,-,-,-,76,8,2,2.8,0.01,0.03,8.8,0.26,1.1,3,0.09,44,-,29.3,44,0,(770),(1300),(1500),(500),(190),(690),(660),(580),(1200),(770),(210),(890),(1300),(990),20.40,12.16,1.40,10.76,11000,1300,14,65,11,8,173708
10,0,10264,＜魚類＞　（まぐろ類）　缶詰　油漬　フレーク　ホワイト,"Tuna, canned, oil-packed, flaked, white",56.0,18.8,23.6,(0),1.5,279,266.75,2,270,370,190,27,1.8,0.4,0.03,0.02,-,,-,-,-,60.1,Tr,4,8.3,0.05,0.13,12.0,0.15,2.0,2,0.12,-,-,,6.9,0,(820),(1400),(1600),(530),(200),(730),(700),(620),(1300),(820),(220),(940),(1400),(1100),20.81,11.73,0.55,11.18,11000,79,77,370,0,7,175157
10,0,10265,＜魚類＞　マジェランあいなめ　生,"Magellanic blenny, raw",62.8,13.3,22.9,(0),0.9,243,241.55,10,210,65,300,18,0.1,0.3,0.01,0.01,-,,-,-,-,36.5,1800,17.0,2.2,0.02,0.08,0.9,0.04,0.6,5,0.29,(0),-,,,0,(610),(1000),(1200),(410),(160),(570),(520),(450),(970),(580),(140),(680),(360),(810),18.79,1.31,1.00,0.31,190,59,340,360,63,9,171951
10,40,10266,＜魚類＞　まながつお　生,"Butterfish, raw",70.8,17.1,10.9,(0),1.2,161,152.5,21,190,160,370,25,0.3,0.5,0.02,0.01,-,,-,-,-,36.5,90,5,1.4,0.22,0.13,3.6,0.30,1.4,7,1.37,(0),-,,,0,(750),(1300),(1500),(480),(180),(660),(640),(560),(1200),(740),(200),(860),(1300),(960),9.30,1.52,1.23,0.28,39,28,240,650,140,9,171951
10,0,10232,＜魚類＞　みなみくろたち　生,"Patagonian toothfish, raw",73.8,21.7,3.0,(0),1.4,112,101.8,22,240,120,460,34,0.6,0.5,0.05,0.03,-,,-,-,-,36.5,55,2,1.9,0.06,0.20,7.5,0.50,6.5,4,0.85,(0),-,,,0,(1000),(1700),(2000),(670),(250),(920),(860),(730),(1600),(950),(240),(1100),(590),(1300),2.47,1.03,0.95,0.09,58,31,310,410,23,7,173689
10,0,10267,＜魚類＞　みなみだら　生,"Southern blue whiting, raw",81.9,16.4,0.3,(0),1.4,68,59.95,23,160,220,320,41,0.3,0.3,0.04,0.02,-,,-,-,-,32.1,6,7,0.8,0.03,0.27,1.7,0.09,1.6,11,0.44,(0),-,65,0.1,0,(750),(1300),(1500),(510),(190),(700),(650),(550),(1200),(720),(180),(830),(440),(990),0.20,0.11,0.10,0.01,3,1,26,69,5,9,173713
10,0,10268,＜魚類＞　むつ　生,"Bluefish, raw",69.7,16.7,12.6,(0),1.0,175,165.55,25,180,85,390,20,0.5,0.4,0.03,0.01,-,,-,-,-,36.5,8,4,0.9,0.03,0.16,2.4,0.10,1.9,6,0.31,(0),-,,,0,770,1400,1600,540,180,720,700,610,1300,850,180,840,510,1000,11.09,0.81,0.63,0.16,69,26,140,320,49,8,171949
10,0,10269,＜魚類＞　むつ　水煮,"Bluefish, boiled",68.3,22.2,8.4,(0),1.1,161,149.1,49,230,80,410,23,0.6,0.4,0.03,0.01,-,,-,-,-,36.5,11,3.6,0.6,0.04,0.16,2.8,0.13,2.5,4,0.25,(0),-,,,0,(1000),(1800),(2200),(710),(240),(950),(930),(810),(1700),(1100),(240),(1100),(680),(1400),7.35,0.56,0.43,0.11,46,17,91,230,36,9,171949
10,0,10270,＜魚類＞　めじな　生,"Opaleye, raw",74.7,19.4,4.5,(0),1.3,113,106.5,27,240,91,380,30,0.3,0.9,0.03,0.01,-,,-,-,-,36.5,55,1,0.8,0.05,0.38,2.7,0.16,1.8,2,0.44,(0),-,,,0,(890),(1500),(1800),(600),(230),(830),(770),(650),(1400),(850),(210),(990),(530),(1200),3.27,1.01,0.84,0.17,23,16,200,450,84,8,173700
10,55,10271,＜魚類＞　めばる　生,"Rockfish, raw",77.2,18.1,3.5,(0),1.2,100,93.1,80,200,75,350,27,0.4,0.4,0.05,-,-,,-,-,-,63,11,1,1.5,0.07,0.17,1.6,0.11,1.5,5,0.37,(0),-,65,0,0,910,1500,1800,590,230,820,770,640,1400,850,200,970,420,1100,2.66,0.95,0.87,0.08,26,9,370,390,42,9,173684
10,5,10272,＜魚類＞　メルルーサ　生,"Hake, raw",81.1,17.0,0.6,(0),1.3,73,64.6,12,150,140,320,38,0.2,0.4,0.02,0.01,-,,-,-,-,,5,1,1.3,0.09,0.04,1.0,0.07,0.8,5,0.32,(0),-,,,,850,1400,1700,570,210,780,690,620,1300,790,190,930,370,1100,0.45,0.19,0.17,0.01,6,3,47,110,7,9,173725
10,55,10273,＜魚類＞　やつめうなぎ　生,"Lamprey, raw",61.5,15.8,21.8,(0),0.7,245,241.3,7,180,49,150,15,2.0,1.6,0.15,0.03,-,,-,-,-,15,8200,3,3.8,0.25,0.85,3.0,0.20,4.9,19,1.18,(0),-,,,6,,,,,,,,,,,,,,,17.98,4.65,3.80,0.74,300,170,1500,1500,320,8,174366
10,20,10274,＜魚類＞　やつめうなぎ　干しやつめ,"Lamprey, dried",14.3,50.3,31.2,(0),3.7,449,443,16,240,130,650,49,32.0,5.9,1.80,0.10,-,,-,-,-,,1900,12.0,2.4,0.33,1.69,7.0,0.14,55.0,100,5.76,(0),-,,,,,,,,,,,,,,,,,,23.22,7.50,6.66,0.84,570,240,2200,2800,240,9,168990
10,45,10275,＜魚類＞　やまめ　養殖　生,"Yamame trout, farmed, raw",75.6,18.4,4.3,(0),1.4,110,102,85,280,50,420,28,0.5,0.8,0.04,0.01,-,,-,-,-,23.6,15,8,2.2,0.15,0.16,3.8,0.22,6.6,13,1.48,(0),-,65,0.1,2.9,(720),(1300),(1500),(560),(180),(740),(700),(570),(1300),(840),(190),(850),(630),(1100),3.50,1.20,0.73,0.45,370,35,130,470,27,9,173717
10,0,10276,＜魚類＞　わかさぎ　生,"Pond smelt, raw",81.8,14.4,1.7,(0),2.0,71,65.2,450,350,200,120,25,0.9,2.0,0.19,0.13,29,,22,1,1,36.5,99,2,0.7,0.01,0.14,1.6,0.17,7.9,21,0.51,Tr,4.0,65,0.1,0,640,1100,1200,460,180,640,570,490,1100,630,150,760,360,840,1.16,0.56,0.45,0.09,30,24,130,240,41,8,175146
10,0,10277,＜魚類＞　わかさぎ　つくだ煮,"Pond smelt, simmered in soy sauce (tsukudani)",19.3,28.7,5.5,(0),8.3,308,280.9,970,780,1900,480,69,2.6,4.4,0.11,1.74,-,,-,-,-,194,460,8,4.2,0.24,0.32,3.4,0.06,9.4,59,0.77,(0),-,,0,,(1300),(2200),(2400),(910),(360),(1300),(1100),(970),(2100),(1200),(290),(1500),(710),(1700),3.43,1.58,1.08,0.47,170,140,310,460,180,4,167654
10,0,10278,＜魚類＞　わかさぎ　あめ煮,"Pond smelt, candied (amé-ni)",21.0,26.3,5.1,(0),7.2,301,276.8,960,740,1600,410,66,2.1,5.2,0.08,2.29,-,,-,-,-,194,420,9,3.6,0.28,0.35,3.6,0.06,11.0,52,0,(0),-,,0,,(1200),(2000),(2200),(840),(330),(1200),(1000),(890),(1900),(1100),(270),(1400),(650),(1500),2.67,1.30,0.90,0.38,140,93,260,420,120,8,167654
10,75,10279,＜貝類＞　あかがい　生,"Ark shell, raw",80.4,13.5,0.3,(0),2.3,70,62.05,40,140,300,290,55,5.0,1.5,0.06,-,-,,-,-,-,0.7,30,(0),0.9,0.20,0.20,2.5,0.10,59.0,20,1.02,1,-,,,1.1,530,890,880,330,200,520,430,440,870,600,130,560,270,990,0.09,0.04,0.03,0.01,1,Tr,14,16,4,7,169203
10,35,10280,＜貝類＞　あげまき　生,"Razor clam, raw",87.1,8.1,0.6,(0),2.2,44,40.45,66,120,600,120,49,4.1,1.5,0.40,0.20,-,,-,-,-,30.6,20,1,0.8,0.30,0.14,1.3,0.04,59.0,11,0.37,(0),-,65,0.2,0,(290),(500),(490),(180),(100),(280),(250),(230),(470),(300),(69),(300),(180),(530),0.32,0.14,0.13,0.02,4,4,71,34,8,7,174214
10,70,10281,＜貝類＞　あさり　生,"Manila clam, raw",90.3,5.7,0.7,(0),2.7,29,28,66,82,800,140,92,2.2,0.9,0.05,0.07,56,,35,3,8,30.6,2,0.1,0.4,0.01,0.16,1.3,0.03,44.8,11,0.37,1,21.6,65,0.2,0,210,360,370,130,77,200,190,190,380,260,55,240,110,370,0.22,0.09,0.06,0.03,2,2,17,33,10,7,174214
10,60,10466,＜貝類＞　あさり　蒸し,"Manila clam, steamed",89.5,4.9,0.8,-,2.8,32,30.95,64,79,790,130,94,2.1,0.9,0.05,0.1,59,,35,3,8,30.6,3,0.1,0.4,0.01,0.15,1.2,0.02,45.2,8,0.21,1,20.9,65,0.2,0,(180),(310),(320),(110),(66),(170),(170),(160),(330),(220),(47),(200),(94),(320),0.27,0.13,0.10,0.03,2,2,31,52,13,8,174214
10,0,10282,＜貝類＞　あさり　つくだ煮,"Manila clam, simmered in soy sauce (tsukudani)",38.0,20.8,2.4,(0),8.7,218,198.55,260,300,2900,270,79,19.0,2.8,0.18,0.94,-,,-,-,-,64,26,(0),1.4,0.02,0.18,1.1,0.09,15.0,42,0.40,4,-,,,22.1,(770),(1300),(1400),(450),(280),(730),(700),(670),(1400),(930),(200),(860),(400),(1300),1.00,0.47,0.38,0.07,11,8,170,130,29,4,171975
10,0,10283,＜貝類＞　あさり　缶詰　水煮,"Manila clam, canned, water-packed",73.2,20.3,2.2,(0),2.4,102,96.4,110,260,390,9,46,30.0,3.4,0.29,1.24,-,,-,-,-,50.5,3,(0),2.7,Tr,0.09,0.8,0.01,64.0,10,0,3,-,107.4,0.3,0,(760),(1300),(1300),(440),(270),(710),(690),(660),(1300),(910),(190),(840),(390),(1300),0.86,0.31,0.23,0.08,9,6,79,85,37,8,171976
10,0,10284,＜貝類＞　あさり　缶詰　味付け,"Manila clam, canned, seasoned",67.2,16.6,1.9,(0),2.8,124,114.5,87,180,640,35,44,28.0,3.2,0.24,1.23,-,,-,-,-,50.5,3,(0),2.3,Tr,0.06,1.2,0.01,36.0,1,0,4,-,107.4,0.3,0,(620),(1000),(1100),(360),(220),(580),(560),(540),(1100),(740),(160),(690),(320),(1100),0.84,0.38,0.29,0.06,14,9,140,92,14,6,171976
10,55,10427,＜貝類＞　あわび　くろあわび　生,"Abalone, blacklip, raw",79.5,14.3,0.8,(0),1.7,76,69.8,25,82,430,160,69,2.2,-,-,0.01,200,,8,6,15,44.8,0,(0),0.3,0.15,0.09,0.8,0.02,0.4,20,2.44,-,1.2,65,23,2,430,800,670,280,130,410,380,390,770,580,110,490,180,1400,0.26,0.11,0.05,0.06,3,4,17,Tr,41,8,174212
10,55,10428,＜貝類＞　あわび　まだかあわび　生,"Abalone, disk, raw",80.0,14.6,0.4,(0),1.5,74,66.75,21,130,330,250,58,1.8,-,-,0.01,190,,8,5,14,44.8,0,(0),1.1,0.02,0.10,1.5,0.02,0.4,22,2.05,-,1.1,65,23,2,(440),(820),(680),(280),(130),(420),(390),(400),(780),(590),(110),(500),(190),(1400),0.13,0.05,0.03,0.02,1,2,12,Tr,17,8,174212
10,55,10429,＜貝類＞　あわび　めがいあわび　生,"Abalone, giant, raw",80.1,12.2,0.3,(0),1.4,74,66.25,19,110,320,230,50,0.7,-,-,0.01,190,,8,5,14,44.8,0,(0),0.3,0.16,0.09,1.1,0.02,0.4,29,1.71,-,1.1,65,23,2,360,640,500,200,130,330,290,280,570,400,84,400,1000,120,0.12,0.05,0.02,0.02,2,2,9,1,21,8,174212
10,0,10286,＜貝類＞　あわび　干し,"Abalone, dried",27.9,38.0,1.6,(0),8.7,257,229.9,39,300,2900,490,110,2.0,1.6,0.74,0.05,-,,-,-,-,44.8,0,(0),1.2,0.36,0.11,3.3,0.05,2.4,87,0.71,3,-,65,23,2,(1100),(2100),(1800),(730),(340),(1100),(1000),(1000),(2000),(1500),(300),(1300),(480),(3700),0.59,0.23,0.13,0.10,13,9,51,1,82,7,174212
10,0,10287,＜貝類＞　あわび　塩辛,"Abalone, salted (shiokara)",72.5,14.8,3.9,(0),7.4,93,89.85,55,160,2600,180,88,34.0,2.2,0.25,0.11,-,,-,-,-,51.8,Tr,(0),2.5,0.20,0.70,1.5,0.10,12.0,130,1.13,92,-,,,1.8,(450),(830),(690),(290),(130),(420),(390),(400),(790),(600),(120),(510),(190),(1400),2.47,0.67,0.35,0.32,75,49,170,5,210,5,174213
10,0,10288,＜貝類＞　あわび　水煮缶詰,"Abalone, canned, water-packed",77.2,19.4,0.4,(0),2.0,85,74.8,20,230,570,130,58,1.8,0.6,0.42,0.02,-,,-,-,-,44.8,Tr,(0),1.5,0.04,0.04,1.0,0.02,0.7,3,0.23,0,-,65,23,2,(590),(1100),(910),(370),(180),(550),(510),(530),(1000),(790),(150),(670),(250),(1900),0.26,0.13,0.06,0.03,2,3,18,4,26,8,174212
10,60,10289,＜貝類＞　いがい　生,"Mussel, raw",82.9,10.3,1.6,(0),2.2,63,60.15,43,160,540,230,73,3.5,1.0,0.05,0.86,65,,37,5,9,44.8,34,(0),1.1,0.01,0.37,1.4,0.02,10.0,42,0.63,Tr,6.4,65,0.1,8,350,540,680,190,180,370,360,400,760,490,140,400,210,620,0.75,0.39,0.32,0.07,19,13,130,150,29,7,174216
10,65,10290,＜貝類＞　いたやがい　養殖　生,"Scallop, farmed, raw",84.9,10.8,0.8,(0),2.0,55,49.85,48,170,450,260,74,2.0,6.1,0.10,4.90,-,,-,-,-,12.8,5,(0),0.4,0,0.20,1.4,0.07,13.0,14,0.24,(0),-,65,0,0,(380),(670),(650),(240),(130),(370),(330),(300),(630),(400),(92),(400),(240),(710),0.42,0.21,0.18,0.03,8,8,73,76,11,8,174220
10,0,10291,＜貝類＞　エスカルゴ　水煮缶詰,"Escargot, canned, water-packed",79.9,16.5,1.0,(0),1.8,75,69.05,400,130,260,5,37,3.9,1.5,3.07,0.38,-,,-,-,-,27.4,0,0,0.6,0,0.09,0,0,0.6,1,0,5,-,65,0.1,0,(590),(1000),(990),(360),(200),(570),(500),(460),(960),(620),(140),(620),(370),(1100),0.34,0.21,0.03,0.17,63,13,13,0,57,8,167744
10,75,10292,＜貝類＞　かき　養殖　生,"Pacific oyster, farmed, raw",85.0,6.9,2.2,(0),2.1,58,56.15,84,100,460,190,65,2.1,14.0,1.04,0.39,67,,46,3,4,63.7,24,0.1,1.3,0.07,0.14,1.5,0.07,23.0,39,0.54,0,4.8,,,4.7,240,380,410,140,83,220,220,200,430,290,63,270,140,370,1.22,0.60,0.52,0.07,22,26,230,180,28,6,175172
10,0,10293,＜貝類＞　かき　養殖　水煮,"Pacific oyster, farmed, boiled",78.7,9.9,3.6,(0),1.7,90,86.6,59,140,350,180,42,2.9,18.0,1.44,0.37,71,,62,4,5,77.5,42,0.1,2.9,0.07,0.15,1.6,0.07,24.0,31,0.41,Tr,7.4,,,6,360,590,630,230,120,350,340,330,670,430,100,410,200,560,2.12,1.13,0.99,0.12,38,45,440,350,53,8,175173
10,0,10430,＜貝類＞　かき　養殖　フライ,"Pacific oyster, farmed, fried",46.6,7.6,11.1,-,1.8,256,236.1,67,110,380,180,53,1.8,12.0,0.87,0.37,50,,44,3,6,66.5,18,0.1,3.1,0.07,0.16,1.4,0.07,30.0,33,0.39,21,4.4,,,3.8,260,440,380,150,110,250,280,220,500,290,71,300,150,360,9.56,3.09,1.35,1.73,1700,800,260,200,31,5,171979
10,0,10294,＜貝類＞　かき　くん製油漬缶詰,"Pacific oyster, smoked, oil-packed, canned",51.2,12.5,22.6,(0),2.5,294,275.05,35,260,300,140,42,4.5,25.0,2.81,1.03,-,,-,-,-,154,Tr,(0),9.5,0.05,0.09,1.6,0.02,32.0,25,0.56,0,-,,0.1,12.8,(430),(690),(750),(250),(150),(410),(410),(370),(780),(520),(110),(490),(250),(660),20.77,10.66,1.09,9.51,9500,240,540,190,39,6,174250
10,85,10295,＜貝類＞　さざえ　生,"Turban shell, raw",78.0,19.4,0.4,(0),1.4,83,74.1,22,140,240,250,54,0.8,2.2,0.39,0.02,97,,19,6,5,16.8,Tr,(0),2.3,0.04,0.09,1.7,0.05,1.3,16,0.24,3,1.9,65,0.1,0,640,1200,980,400,250,650,520,500,1000,720,140,690,250,1600,0.14,0.06,0.03,0.03,7,2,6,1,24,7,167745
10,85,10296,＜貝類＞　さざえ　焼き,"Turban shell, grilled",75.6,21.3,0.4,(0),1.8,91,81.1,29,120,280,220,67,0.9,2.5,0.73,0.03,-,,-,-,-,40.3,Tr,(0),2.8,0.04,0.10,1.5,0.06,1.1,22,0.30,2,-,81,0.2,0,(700),(1300),(1100),(430),(280),(710),(570),(550),(1100),(790),(160),(760),(270),(1800),0.13,0.06,0.02,0.03,6,2,5,Tr,23,8,173720
10,0,10318,＜貝類＞　さるぼう　味付け缶詰,"Red clam, canned, seasoned",66.1,15.9,2.2,(0),2.9,131,119.5,60,140,870,55,41,11.0,4.1,0.13,1.39,-,,-,-,-,50.5,Tr,(0),2.5,0.01,0.07,1.6,0.04,25.0,11,0.19,(0),-,107.4,0.3,0,(590),(1000),(1000),(350),(210),(560),(540),(510),(1100),(710),(150),(660),(300),(1000),1.28,0.58,0.48,0.06,26,25,250,110,24,5,171976
10,75,10297,＜貝類＞　しじみ　生,"Basket clam, raw",86.0,7.5,1.4,(0),1.2,54,51.8,240,120,180,83,10,8.3,2.3,0.41,2.78,-,,-,-,-,30.6,25,0.2,1.7,0.02,0.44,1.5,0.10,68.0,26,0.53,2,-,65,0.2,0,300,470,530,170,100,280,280,290,560,440,98,370,170,480,0.58,0.19,0.14,0.04,11,15,41,53,11,7,174214
10,80,10413,＜貝類＞　しじみ　水煮,"Basket clam, boiled",76.0,15.4,2.7,(0),1.8,95,91.2,250,200,100,66,11,15.0,4.0,0.61,7.30,-,,-,-,-,64,57,0.6,3.9,0.02,0.57,1.5,0.04,82.0,37,0.35,5,-,,,22.1,620,1000,1200,410,200,610,610,620,1200,950,210,780,340,1000,1.18,0.46,0.35,0.08,23,33,110,140,25,8,171975
10,0,10298,＜貝類＞　たいらがい　貝柱　生,"Pen shell, adductor muscle, raw",75.2,21.8,0.2,(0),1.3,94,83.25,16,150,260,260,36,0.6,4.3,0.01,0.03,-,,-,-,-,12.8,Tr,(0),0.8,0.01,0.09,1.5,0.06,-,25,0.51,(0),-,65,0,0,(770),(1300),(1300),(480),(270),(750),(660),(610),(1300),(810),(190),(810),(490),(1400),0.07,0.04,0.03,0.01,1,Tr,12,17,3,8,174220
10,30,10299,＜貝類＞　たにし　生,"River snail, raw",78.8,13.0,1.1,(0),3.5,73,67.45,1300,140,23,70,77,19.0,6.2,1.90,2.10,-,,-,-,-,27.4,15,(0),0.5,0.11,0.32,2.0,0.05,18.0,28,0.52,1,-,65,0.1,0,(460),(800),(780),(290),(160),(450),(390),(360),(760),(490),(110),(490),(290),(850),0.33,0.14,0.05,0.10,29,24,12,5,43,7,167744
10,0,10300,＜貝類＞　つぶ　生,"Whelk, raw",78.2,17.8,0.2,(0),1.5,82,72.05,60,120,380,160,92,1.3,1.2,0.06,0.04,-,,-,-,-,44.8,0,(0),1.8,Tr,0.12,0.9,0.11,6.5,15,0.59,(0),-,65,0.1,4,620,1200,1000,450,210,660,540,510,1000,720,150,750,340,1500,0.08,0.05,0.04,0.01,2,1,21,7,3,7,171983
10,60,10301,＜貝類＞　とこぶし　生,"Abalone (small abalone), raw",78.9,16.0,0.4,(0),1.7,78,69.9,24,160,260,250,55,1.8,1.4,0.30,0.06,-,,-,-,-,44.8,0,(0),1.3,0.15,0.14,1.7,0.07,3.2,24,1.57,(0),-,65,23,2,(570),(990),(960),(350),(200),(550),(490),(450),(930),(600),(140),(600),(360),(1000),0.12,0.05,0.02,0.02,1,1,7,Tr,16,7,174212
10,0,10303,＜貝類＞　とりがい　斧足　生,"Japanese egg cockle, foot, raw",78.6,12.9,0.3,(0),1.3,81,71.85,19,120,100,150,43,2.9,1.6,0.05,0.11,-,,-,-,-,,Tr,(0),1.2,0.16,0.06,1.7,0.04,10.0,18,1.10,(0),-,,,,560,900,930,340,190,530,420,410,830,560,120,580,230,930,0.08,0.02,0.01,Tr,Tr,Tr,7,4,1,7,169803
10,55,10304,＜貝類＞　ばい　生,"Babylon shell, raw",78.5,16.3,0.6,(0),1.5,81,73,44,160,220,320,84,0.7,1.3,0.09,0.04,-,,-,-,-,16.8,0,(0),2.2,0.03,0.14,1.3,0.11,4.3,14,1.02,0,-,65,0.1,0,(580),(1000),(980),(360),(200),(560),(490),(460),(950),(610),(140),(610),(360),(1100),0.25,0.15,0.12,0.03,5,1,73,22,17,7,167745
10,65,10305,＜貝類＞　ばかがい　生,"Surf clam, raw",84.6,10.9,0.5,(0),1.6,56,50.8,42,150,300,220,51,1.1,1.8,0.05,0.07,-,,-,-,-,30.6,4,(0),0.8,0.14,0.06,2.1,0.08,7.9,18,0.79,(0),-,65,0.2,0,450,710,740,230,160,390,340,350,690,450,100,430,180,760,0.18,0.08,0.06,0.02,1,Tr,18,32,7,6,174214
10,60,10306,＜貝類＞　（はまぐり類）　はまぐり　生,"Hard clam, raw",88.8,6.1,0.6,(0),2.8,35,32.4,130,96,780,160,81,2.1,1.7,0.10,0.14,-,,-,-,-,30.6,7,(0),0.6,0.08,0.16,1.1,0.08,28.0,20,0.37,Tr,-,65,0.2,0,230,380,390,130,96,220,180,190,380,230,61,250,130,400,0.28,0.13,0.10,0.03,3,5,32,45,12,7,174214
10,75,10307,＜貝類＞　（はまぐり類）　はまぐり　水煮,"Hard clam, boiled",78.6,14.9,1.5,(0),2.3,79,74.35,130,190,490,180,69,3.9,2.5,0.23,0.30,-,,-,-,-,64,12,(0),2.8,0.15,0.27,1.6,0.05,20.0,23,0.45,1,-,,,22.1,(560),(920),(960),(310),(240),(550),(440),(470),(920),(570),(150),(610),(320),(980),0.59,0.29,0.23,0.06,6,8,72,100,27,8,171975
10,70,10308,＜貝類＞　（はまぐり類）　はまぐり　焼き,"Hard clam, grilled",79.8,13.3,1.0,(0),3.1,70,64.85,140,140,770,230,87,3.3,2.4,0.20,0.30,-,,-,-,-,64,12,(0),2.3,0.13,0.29,1.9,0.12,33.0,27,0.57,Tr,-,,,22.1,(500),(820),(860),(280),(210),(490),(400),(420),(820),(510),(130),(540),(290),(870),0.40,0.19,0.15,0.04,4,5,48,66,18,8,171975
10,0,10309,＜貝類＞　（はまぐり類）　はまぐり　つくだ煮,"Hard clam, tsukudani",40.1,27.0,2.8,(0),8.7,211,193.2,120,340,2800,320,95,7.2,4.2,0.20,1.03,-,,-,-,-,64,Tr,(0),1.9,0.02,0.10,1.6,0.11,45.0,49,0.34,2,-,,,22.1,(1000),(1700),(1700),(560),(430),(990),(800),(860),(1700),(1000),(270),(1100),(580),(1800),1.20,0.51,0.41,0.09,12,13,180,150,39,5,171975
10,60,10310,＜貝類＞　（はまぐり類）　ちょうせんはまぐり　生,"Oriental hard clam, raw",88.1,6.5,1.0,(0),2.3,41,38.6,160,94,510,170,69,5.1,1.2,0.11,0.22,27,,21,4,6,30.6,3,(0),0.5,0.13,0.12,1.2,0.07,19.0,21,0.57,0,13.0,65,0.2,0,230,380,400,120,69,190,190,200,400,260,63,240,140,450,0.51,0.23,0.19,0.04,4,4,80,72,18,6,174214
10,50,10311,＜貝類＞　ほたてがい　生,"Scallop, raw",82.3,13.5,0.9,(0),1.8,66,60.15,22,210,320,310,59,2.2,2.7,0.13,0.12,-,,-,-,-,12.8,10,(0),0.9,0.05,0.29,1.7,0.07,11.0,87,0.66,1,-,65,0,0,460,790,810,290,180,470,400,350,750,550,100,480,250,920,0.42,0.15,0.12,0.01,2,3,82,21,4,9,174220
10,60,10312,＜貝類＞　ほたてがい　水煮,"Scallop, boiled",76.8,17.6,1.9,(0),1.8,89,84.4,24,250,250,330,57,2.8,3.1,0.17,0.12,-,,-,-,-,21.7,15,(0),1.7,0.04,0.29,1.9,0.06,18.0,83,0.64,2,-,110.7,0,0,(600),(1000),(1100),(380),(230),(620),(530),(450),(980),(710),(130),(630),(330),(1200),0.73,0.30,0.26,0.02,4,2,170,45,8,9,167742
10,0,10313,＜貝類＞　ほたてがい　貝柱　生,"Scallop adductor muscle, raw",78.4,16.9,0.3,(0),1.3,82,72.55,7,230,120,380,41,0.2,1.5,0.03,0.02,2,,18,3,1,12.8,1,0,0.8,0.01,0.06,1.9,0.11,1.7,61,0.28,0,1.7,65,0,0,580,1100,1100,390,250,640,510,440,950,630,130,570,280,930,0.10,0.06,0.05,0.01,1,Tr,24,23,4,9,174220
10,0,10414,＜貝類＞　ほたてがい　貝柱　焼き,"Scallop adductor muscle, grilled",67.8,23.8,0.3,(0),1.7,123,108.25,13,320,150,480,56,0.3,2.2,0.04,0.03,-,,-,-,-,21.7,1,0,1.1,0.01,0.08,2.7,0.14,2.1,41,0.34,Tr,-,110.7,0,0,840,1500,1600,570,340,910,740,630,1400,910,200,830,400,1900,0.09,0.05,0.05,0.01,Tr,Tr,21,21,4,9,167742
10,0,10314,＜貝類＞　ほたてがい　貝柱　煮干し,"Scallop adductor muscle, dried",17.1,65.7,1.4,(0),8.2,301,268.45,34,610,2500,810,120,1.2,6.1,0.08,0.10,-,,-,-,-,21.7,Tr,(0),2.5,0.12,0.30,4.6,0.12,5.2,22,0.75,(0),-,110.7,0,0,(2300),(4300),(4500),(1600),(940),(2500),(2100),(1700),(3800),(2500),(540),(2300),(1100),(5300),0.45,0.26,0.23,0.03,4,1,110,100,17,9,167742
10,0,10315,＜貝類＞　ほたてがい　貝柱　水煮缶詰,"Scallop adductor muscle, canned, water pack",76.4,19.5,0.6,(0),2.0,87,78.6,50,170,390,250,37,0.7,2.7,0.03,0.07,-,,-,-,-,21.7,Tr,(0),1.1,Tr,0.05,1.0,0.09,2.6,7,0,(0),-,110.7,0,0,(690),(1300),(1300),(470),(280),(740),(610),(510),(1100),(750),(160),(680),(330),(1600),0.19,0.10,0.09,0.01,2,1,43,37,7,8,167742
10,65,10316,＜貝類＞　ほっきがい　生,"Surf clam (spisula sachalinensis), raw",82.1,11.1,1.1,(0),1.9,66,61.5,62,160,250,260,75,4.4,1.8,0.15,0.11,-,,-,-,-,30.6,6,(0),1.4,0.01,0.16,1.9,0.12,48.0,45,0.20,(0),-,65,0.2,0,(390),(690),(670),(250),(140),(380),(340),(310),(650),(410),(95),(410),(250),(730),0.30,0.10,0.08,0.02,Tr,1,38,24,12,8,174214
10,80,10317,＜貝類＞　みるがい　水管　生,"Geoduck siphon, raw",78.9,18.3,0.4,(0),2.1,77,68.5,55,160,330,420,75,3.3,1.0,0.04,0.16,-,,-,-,-,,Tr,(0),0.6,Tr,0.14,2.0,0.05,9.1,13,0.64,(0),-,,,,(650),(1100),(1100),(400),(230),(630),(560),(510),(1100),(680),(160),(680),(410),(1200),0.12,0.05,0.04,0.01,1,Tr,8,22,5,7,169803
10,65,10319,＜えび・かに類＞　（えび類）　あまえび　生,"Sweet shrimp, raw",78.2,19.8,1.5,(0),1.6,85,82.05,50,240,300,310,42,0.1,1.0,0.44,0.02,18,,33,Tr,1,,3,(0),3.4,0.02,0.03,1.1,0.04,2.4,25,0.21,(0),2.1,,,,800,1300,1400,460,200,660,700,630,1300,680,200,790,370,1500,0.71,0.34,0.30,0.04,8,4,150,130,24,8,175179
10,60,10467,＜えび・かに類＞　（えび類）　アルゼンチンあかえび　生,"Argentine red shrimp, raw",80.1,19.1,0.7,-,2,73,72.8,41,300,330,390,47,0.3,1.3,0.37,0.03,26,,66,1,2,,0,-,1.4,0.04,0.04,2,0.05,3.3,61,0.76,-,3.4,,,,640,1100,1300,440,180,620,640,560,1200,650,160,660,350,1900,0.34,0.16,0.14,0.02,4,3,58,73,13,8,175179
10,60,10468,＜えび・かに類＞　（えび類）　アルゼンチンあかえび　ゆで,"Argentine red shrimp, boiled",75.4,22.5,1.8,-,1.9,95,94.05,56,300,310,350,55,0.7,1.8,0.58,0.05,44,,79,1,4,49.5,0,-,2.1,0.04,0.06,1.8,0.05,5.4,39,0.55,-,4.7,135.4,0.4,0,850,1500,1700,590,240,830,840,730,1600,840,210,860,450,2100,0.84,0.40,0.34,0.05,9,7,140,180,28,8,171971
10,60,10469,＜えび・かに類＞　（えび類）　アルゼンチンあかえび　焼き,"Argentine red shrimp, grilled",78.3,21,1.4,-,2.1,82,85.4,47,300,360,400,49,0.7,1.5,0.63,0.03,49,,79,1,4,,0,-,1.6,0.03,0.06,2,0.06,5,35,0.62,-,3.9,,,,760,1300,1500,510,200,700,750,640,1400,750,190,780,400,2100,0.60,0.29,0.25,0.04,7,5,99,130,20,9,175179
10,70,10320,＜えび・かに類＞　（えび類）　いせえび　生,"Japanese spiny lobster, raw",76.6,20.9,0.4,(0),2.1,86,76.55,37,330,350,400,39,0.1,1.8,0.65,0.02,-,,-,-,-,46.2,0,(0),3.8,0.01,0.03,2.1,0.14,0.3,15,0.41,(0),-,,,2,860,1500,1600,540,210,740,810,720,1500,780,180,890,430,2200,0.13,0.07,0.05,0.02,2,Tr,27,17,15,9,174211
10,55,10321,＜えび・かに類＞　（えび類）　くるまえび　養殖　生,"Kuruma prawn (farmed), raw",76.1,21.6,0.6,(0),1.7,90,80.7,41,310,170,430,46,0.7,1.4,0.42,0.02,4,,35,0,1,,0,(0),1.6,0.11,0.06,3.8,0.12,1.9,23,1.11,(0),2.6,,,,790,1400,1600,530,220,750,770,680,1500,780,190,830,400,2100,0.25,0.12,0.08,0.04,27,2,35,44,9,9,175179
10,55,10322,＜えび・かに類＞　（えび類）　くるまえび　養殖　ゆで,"Kuruma prawn (farmed), boiled",69.3,28.2,0.5,(0),2.0,116,102.95,61,390,200,500,57,1.0,1.8,0.62,0.03,-,,-,-,-,,0,(0),2.3,0.09,0.05,4.5,0.08,2.0,17,1.07,(0),-,,,,(1000),(1900),(2100),(690),(290),(980),(1000),(880),(1900),(1000),(250),(1100),(530),(2700),0.21,0.11,0.07,0.03,23,2,29,39,8,9,175180
10,55,10323,＜えび・かに類＞　（えび類）　くるまえび　養殖　焼き,"Kuruma prawn (farmed), grilled",74.4,23.5,0.4,(0),1.7,97,85.65,55,330,180,400,49,1.4,1.6,0.58,0.02,-,,-,-,-,,0,(0),2.7,0.11,0.05,3.6,0.08,2.3,15,1.06,(0),-,,,,(860),(1600),(1700),(580),(240),(820),(840),(740),(1600),(840),(210),(900),(440),(2200),0.19,0.09,0.06,0.03,19,2,25,32,7,8,175180
10,0,10431,＜えび・かに類＞　（えび類）　さくらえび　生,"Sakura shrimp, raw",78.9,16.6,2.0,-,3.1,78,75.1,630,330,270,310,69,0.3,1.3,0.90,0.05,110,,64,1,3,,1,0.1,2.3,0.10,0.08,2.3,0.10,4.5,94,0.29,0,5.2,,,,640,1100,1100,390,170,550,650,580,1200,680,170,710,330,840,1.11,0.45,0.37,0.07,19,13,140,190,37,8,175179
10,0,10324,＜えび・かに類＞　（えび類）　さくらえび　ゆで,"Sakura shrimp, boiled",75.6,18.2,1.5,-,4.7,82,76.45,690,360,830,250,92,0.5,1.4,2.05,0.09,-,,-,-,-,49.5,6,(0),2.8,0.10,0.08,1.1,0.09,4.3,41,0.37,0,-,135.4,0.4,0,(700),(1200),(1200),(420),(180),(610),(710),(630),(1300),(750),(190),(770),(360),(920),0.66,0.25,0.21,0.04,11,6,89,100,22,8,171971
10,0,10325,＜えび・かに類＞　（えび類）　さくらえび　素干し,"Sakura shrimp, sun-dried",19.4,64.9,4.0,-,11.6,286,261.5,2000,1200,1200,1200,310,3.2,4.9,3.34,0.23,-,,-,-,-,5.5,Tr,(0),(7.2),0.17,0.15,5.5,0.21,11.0,230,1.16,(0),-,104.6,43,39.2,(2500),(4200),(4300),(1500),(660),(2200),(2500),(2300),(4800),(2700),(660),(2800),(1300),(3300),1.97,0.75,0.60,0.14,32,22,240,310,74,6,168567
10,0,10326,＜えび・かに類＞　（えび類）　さくらえび　煮干し,"Sakura shrimp, dried (niboshi)",23.2,59.1,2.5,-,15.1,252,228.45,1500,860,3400,680,260,3.0,4.1,2.61,0.20,-,,-,-,-,,Tr,(0),(3.4),0.16,0.11,3.5,0.05,3.5,82,0.51,(0),-,,,0,(2300),(3800),(3900),(1400),(600),(2000),(2300),(2100),(4400),(2400),(600),(2500),(1200),(3000),1.06,0.38,0.31,0.06,19,15,130,150,29,8,168906
10,55,10327,＜えび・かに類＞　（えび類）　大正えび　生,"Chinese white shrimp, raw",76.3,21.7,0.3,(0),1.6,89,78.85,34,300,200,360,45,0.1,1.4,0.61,0.02,-,,-,-,-,,6,(0),1.8,0.03,0.04,2.4,0.07,2.1,45,0.61,(0),-,,,,(860),(1500),(1700),(570),(240),(810),(830),(700),(1500),(760),(200),(890),(420),(2100),0.14,0.06,0.04,0.01,2,1,21,18,10,7,175179
10,50,10328,＜えび・かに類＞　（えび類）　しばえび　生,"Shiba shrimp, raw",79.3,18.7,0.4,(0),1.5,78,69.2,56,270,250,260,30,1.0,1.0,0.35,0.11,-,,-,-,-,,3,(0),1.7,0.02,0.06,2.2,0.10,1.1,57,0.38,(0),-,,,,840,1400,1500,550,260,800,750,640,1400,730,200,840,360,1800,0.19,0.08,0.07,0.01,2,2,32,30,9,7,175179
10,20,10415,＜えび・かに類＞　（えび類）　バナメイえび　養殖　生,"Whiteleg shrimp (farmed), raw",78.6,19.6,0.6,(0),1.3,82,73.7,68,220,140,270,37,1.4,1.2,0.33,0.10,10,,27,2,-,,0,0,1.7,0.03,0.04,3.6,0.14,1.2,38,0.23,(0),1.9,,,,790,1400,1600,520,230,750,770,680,1500,770,190,830,400,1800,0.30,0.15,0.08,0.07,47,3,36,40,13,9,175179
10,10,10416,＜えび・かに類＞　（えび類）　バナメイえび　養殖　天ぷら,"Whiteleg shrimp (farmed), tempura",62.0,20.0,10.3,0.9,1.2,194,177.15,96,200,140,250,36,0.5,1.3,0.29,0.11,9,,28,1,-,41.7,0,0,3.6,0.04,0.06,3.3,0.10,1.1,34,0.23,13,1.8,91.2,1,1.5,840,1500,1600,550,240,790,820,670,1500,790,210,870,420,1800,9.18,2.52,0.80,1.72,1700,670,63,70,23,4,171970
10,15,10329,＜えび・かに類＞　（えび類）　ブラックタイガー　養殖　生,"Black tiger shrimp (farmed), raw",79.9,18.4,0.3,(0),1.1,77,68,67,210,150,230,36,0.2,1.4,0.39,0.02,4,,26,2,1,,1,(0),1.4,0.07,0.03,2.6,0.07,0.9,15,0.59,(0),1.9,,,,(730),(1300),(1400),(480),(210),(690),(700),(600),(1300),(640),(170),(750),(360),(1700),0.13,0.06,0.04,0.02,17,1,17,21,5,9,175179
10,0,10330,＜えび・かに類＞　（えび類）　加工品　干しえび,Dried shrimp,24.2,48.6,2.8,-,24.1,213,194.95,7100,990,1500,740,520,15.0,3.9,5.17,3.93,-,,-,-,-,7.2,14,(0),2.5,0.10,0.19,4.3,0.19,11.0,46,0.72,(0),-,66,25.5,10.1,(1900),(3400),(3700),(1300),(550),(1800),(1900),(1600),(3400),(1700),(460),(2000),(950),(4600),1.17,0.40,0.29,0.11,12,5,120,140,70,7,170495
10,0,10331,＜えび・かに類＞　（えび類）　加工品　つくだ煮,"Shrimp, tsukudani",31.8,25.9,2.2,-,10.0,239,214.7,1800,440,1900,350,110,3.9,3.1,1.56,1.24,-,,-,-,-,49.5,Tr,(0),6.3,0.14,0.11,5.0,0.08,6.3,35,0.65,(0),-,135.4,0.4,0,(1000),(1800),(2000),(680),(290),(970),(990),(840),(1800),(910),(240),(1100),(510),(2400),1.20,0.49,0.28,0.20,140,21,150,86,47,5,171971
10,65,10332,＜えび・かに類＞　（かに類）　がざみ　生,"Blue crab, raw",83.1,14.4,0.3,(0),1.9,61,54,110,200,360,300,60,0.3,3.7,1.10,0.06,-,,-,-,-,37.1,0,(0),1.8,0.02,0.15,4.2,0.18,4.7,22,0.78,(0),-,,,3.5,(540),(900),(950),(330),(140),(470),(500),(440),(940),(540),(130),(570),(300),(1300),0.13,0.05,0.04,0.01,2,1,19,14,8,8,171968
10,70,10333,＜えび・かに類＞　（かに類）　毛がに　生,"Horsehair crab, raw",81.9,15.8,0.5,(0),1.6,67,60.25,61,260,220,340,38,0.5,3.3,0.47,0.03,-,,-,-,-,37.1,Tr,(0),2.2,0.07,0.23,2.3,0.16,1.9,13,0.41,(0),-,,,3.5,600,1000,1000,370,160,530,540,500,1000,640,130,630,320,1600,0.26,0.15,0.14,0.01,2,1,100,31,8,8,171968
10,60,10334,＜えび・かに類＞　（かに類）　毛がに　ゆで,"Horsehair crab, boiled",79.2,18.4,0.5,(0),1.7,78,69.35,66,200,240,280,39,0.6,3.8,0.46,0.02,-,,-,-,-,37.1,Tr,(0),3.7,0.07,0.23,2.4,0.13,2.5,10,0.40,(0),-,,,3.5,(690),(1200),(1200),(420),(180),(590),(640),(560),(1200),(690),(160),(730),(380),(1700),0.25,0.14,0.13,0.01,2,1,98,31,6,8,171968
10,70,10335,＜えび・かに類＞　（かに類）　ずわいがに　生,"Snow crab, raw",84.0,13.9,0.4,(0),1.6,59,52.4,90,170,310,310,42,0.5,2.6,0.35,0.02,58,,97,1,2,37.1,Tr,(0),2.1,0.24,0.60,8.0,0.13,4.3,15,0.48,(0),3.0,,,3.5,550,880,940,310,130,440,500,440,950,550,130,580,300,1100,0.22,0.13,0.11,0.02,2,Tr,68,33,14,8,171968
10,55,10336,＜えび・かに類＞　（かに類）　ずわいがに　ゆで,"Snow crab, boiled",82.5,15.0,0.6,(0),1.8,65,57.95,120,150,240,240,55,0.7,3.1,0.56,0.02,-,,-,-,-,47.6,Tr,(0),2.6,0.21,0.57,6.1,0.11,7.2,9,0.54,(0),-,,,3.6,(560),(940),(990),(340),(140),(480),(520),(460),(980),(560),(130),(590),(310),(1300),0.33,0.19,0.16,0.03,3,1,100,50,22,8,172007
10,0,10337,＜えび・かに類＞　（かに類）　ずわいがに　水煮缶詰,"Snow crab, canned, water pack",81.1,16.3,0.4,(0),2.0,69,61.15,68,120,670,21,29,0.5,4.7,0.35,0.10,-,,-,-,-,42.9,0,(0),2.0,0,0.03,0.1,Tr,0.2,1,0,(0),-,80.9,0.3,3.3,(610),(1000),(1100),(370),(160),(530),(570),(500),(1100),(610),(140),(650),(340),(1500),0.18,0.09,0.08,0.02,1,1,43,30,10,8,171966
10,70,10338,＜えび・かに類＞　（かに類）　たらばがに　生,"Red king crab, raw",84.7,13.0,0.9,(0),1.8,56,53.15,51,220,340,280,41,0.3,3.2,0.43,0.03,43,,25,1,1,36.4,0,(0),1.9,0.05,0.07,2.1,0.14,5.8,21,0.65,(0),4.9,,,7,480,810,830,290,160,440,450,450,890,510,130,510,270,1400,0.46,0.25,0.22,0.04,3,Tr,140,66,28,9,175164
10,60,10339,＜えび・かに類＞　（かに類）　たらばがに　ゆで,"Red king crab, boiled",80.0,17.5,1.5,(0),1.7,77,74,48,190,310,230,51,0.2,4.2,0.41,0.04,62,,35,1,2,36.4,0,(0),3.0,0.07,0.06,1.8,0.13,9.9,15,0.48,(0),5.4,,,7,710,1200,1200,420,230,650,660,640,1300,780,200,770,400,1700,0.79,0.42,0.37,0.05,5,Tr,240,100,32,8,175164
10,0,10340,＜えび・かに類＞　（かに類）　たらばがに　水煮缶詰,"Red king crab, canned, water pack",77.0,20.6,0.3,(0),2.0,85,75,52,220,580,90,34,0.2,6.3,0.58,0.06,-,,-,-,-,36.4,Tr,(0),2.9,0.02,0.10,0.2,0.04,6.1,4,0.26,(0),-,,,7,(770),(1300),(1400),(470),(200),(670),(720),(630),(1300),(770),(180),(820),(430),(1800),0.13,0.07,0.06,0.01,2,Tr,38,16,5,8,175164
10,0,10341,＜えび・かに類＞　（かに類）　加工品　がん漬,"Crab, salted (gan-zuke)",54.7,8.4,0.4,-,31.1,58,51.7,4000,200,7500,250,530,1.7,2.4,1.36,4.43,-,,-,-,-,37.1,Tr,(0),1.8,0.10,0.50,2.0,0.07,2.2,7,0.26,1,-,,,3.5,(320),(530),(550),(190),(81),(270),(290),(260),(550),(310),(75),(330),(170),(750),0.21,0.09,0.04,0.05,39,4,22,11,9,6,171968
10,25,10342,＜いか・たこ類＞　（いか類）　あかいか　生,"Diamondback squid, raw",79.3,17.9,1.5,(0),1.4,81,75.4,12,280,200,330,46,0.1,1.2,0.21,0.02,5,,28,1,1,44.8,4,(0),2.2,0.01,0.02,2.1,0.10,2.3,2,0.31,(0),4.0,65,0,4.7,670,1200,1300,460,170,640,600,520,1100,720,160,660,430,1400,0.73,0.45,0.43,0.01,1,Tr,97,330,7,7,174223
10,20,10343,＜いか・たこ類＞　（いか類）　けんさきいか　生,"Swordtip squid, raw",80.0,17.5,1.0,(0),1.4,77,70.1,12,260,210,330,46,0.1,1.3,0.16,0.02,-,,-,-,-,57.4,7,(0),1.6,0.01,0.02,2.5,0.11,2.5,4,0.28,(0),-,65,0.1,0,(620),(1100),(1100),(390),(220),(600),(530),(490),(1000),(650),(150),(650),(390),(1100),0.42,0.22,0.19,0.03,1,Tr,52,140,18,8,173703
10,35,10344,＜いか・たこ類＞　（いか類）　こういか　生,"Cuttlefish, raw",83.4,14.9,1.3,(0),1.3,64,63.2,17,170,280,220,48,0.1,1.5,0.45,0.02,4,,23,0,0,44.8,5,(0),2.2,0.03,0.05,1.3,0.06,1.4,3,0.52,(0),1.6,,,5.3,550,1000,1000,350,140,490,470,420,890,590,120,510,270,990,0.57,0.33,0.28,0.05,2,Tr,78,190,34,7,174215
10,30,10345,＜いか・たこ類＞　（いか類）　するめいか　生,"Japanese flying squid, raw",80.2,17.9,0.8,(0),1.3,76,69.45,11,250,210,300,46,0.1,1.5,0.29,Tr,7,,41,Tr,1,44.8,13,0.3,2.1,0.07,0.05,4.0,0.21,4.9,5,0.34,-,4.9,65,0,4.7,(710),(1200),(1200),(450),(190),(640),(590),(510),(1100),(730),(150),(680),(400),(1200),0.33,0.19,0.18,0.01,1,Tr,43,130,8,8,174223
10,0,10346,＜いか・たこ類＞　（いか類）　するめいか　水煮,"Japanese flying squid, boiled",74.6,21.9,0.9,(0),1.4,98,88.5,14,280,230,310,52,0.1,1.8,0.40,0.01,10,,42,0,0,44.8,16,0,2.5,0.05,0.06,4.9,0.23,5.3,5,0.42,-,5.4,65,0,4.7,(870),(1500),(1500),(550),(240),(780),(730),(630),(1400),(890),(180),(830),(500),(1500),0.36,0.21,0.20,0.01,1,Tr,46,150,9,9,174223
10,0,10347,＜いか・たこ類＞　（いか類）　するめいか　焼き,"Japanese flying squid, grilled",71.8,23.6,1.0,(0),1.6,108,98.1,14,300,330,360,57,0.2,1.9,0.41,Tr,10,,46,0,Tr,44.8,22,0,2.5,0.09,0.07,5.8,0.26,5.4,7,0.44,-,6.3,65,0,4.7,(940),(1600),(1600),(590),(260),(850),(780),(680),(1500),(970),(200),(900),(530),(1600),0.38,0.22,0.21,0.01,1,Tr,49,150,9,9,174223
10,0,10417,＜いか・たこ類＞　（いか類）　するめいか　胴　皮つき　生,"Japanese flying squid mantle, skin-on, raw",79.8,18.6,0.7,(0),1.4,78,71.05,10,280,200,330,48,0.1,1.4,0.27,0.01,6,,40,Tr,-,44.8,12,0.3,1.9,0.06,0.04,5.1,0.27,4.4,6,0.36,-,5.3,65,0,4.7,730,1200,1300,460,190,650,620,530,1100,740,160,710,460,1200,0.41,0.26,0.25,0.01,Tr,Tr,58,190,9,8,174223
10,0,10418,＜いか・たこ類＞　（いか類）　するめいか　胴　皮なし　生,"Japanese flying squid, mantle, skinless, raw",79.1,18.6,0.6,(0),1.4,80,71.25,10,270,200,340,48,0.1,1.5,0.27,0.01,6,,38,1,-,44.8,11,0.2,1.5,0.06,0.04,4.7,0.29,4.3,2,0.31,-,5.3,65,0,4.7,740,1300,1300,470,200,670,630,540,1200,760,160,710,470,1200,0.30,0.19,0.18,0.01,Tr,Tr,40,140,6,8,174223
10,0,10419,＜いか・たこ類＞　（いか類）　するめいか　胴　皮なし　天ぷら,"Japanese flying squid, mantle, skinless, tempura",64.9,16.7,10.8,0.8,1.2,175,169.85,26,230,180,280,40,0.1,1.3,0.16,0.06,5,,31,Tr,-,51.8,10,0.2,3.0,0.07,0.07,4.1,0.24,3.8,3,0.31,6,4.4,,,4.2,720,1200,1200,450,200,650,610,490,1100,700,150,690,440,1100,9.34,2.69,1.06,1.63,1600,650,89,310,13,4,171982
10,0,10470,＜いか・たこ類＞　（いか類）　するめいか　胴　皮なし　フライ,"Japanese flying squid, mantle, skinless, fried",37.5,24.8,23.4,-,2.1,352,328.4,22,350,350,480,62,0.4,1.9,0.3,0.11,5,,46,1,4,51.8,7,0.1,5.8,0.07,0.06,5.9,0.24,4,6,0.39,24,7.1,,,4.2,,,,,,,,,,,,,,,21.03,6.16,2.17,3.97,3900,1700,100,350,19,5,171982
10,0,10420,＜いか・たこ類＞　（いか類）　するめいか　耳・足　生,"Japanese flying squid, arms and fins, raw",80.8,16.9,0.9,(0),1.3,75,67.15,13,210,230,270,45,0.1,1.6,0.31,0,8,,42,Tr,-,44.8,15,0.4,2.4,0.09,0.06,2.6,0.14,5.6,4,0.32,-,4.4,65,0,4.7,680,1200,1100,430,200,630,560,500,1100,710,140,640,330,1300,0.54,0.35,0.33,0.02,1,Tr,76,250,12,8,174223
10,0,10348,＜いか・たこ類＞　（いか類）　ほたるいか　生,"Firefly squid, raw",83.0,11.8,3.5,(0),1.5,74,71.75,14,170,270,290,39,0.8,1.3,3.42,0.05,-,,-,-,-,44.8,1500,(0),4.3,0.19,0.27,2.6,0.15,14.0,34,1.09,Tr,-,65,0,4.7,480,710,700,330,210,540,410,380,800,430,120,500,240,610,2.21,0.94,0.83,0.10,22,14,310,450,58,7,174223
10,0,10349,＜いか・たこ類＞　（いか類）　ほたるいか　ゆで,"Firefly squid, boiled",78.1,17.7,2.9,(0),0.9,91,88,22,200,240,240,32,1.1,1.9,2.97,0.08,-,,-,-,-,51.8,1900,(0),4.5,0.20,0.30,2.3,0.09,14.0,29,0.64,1,-,,,4.2,(720),(1100),(1100),(500),(310),(810),(620),(570),(1200),(650),(180),(750),(360),(920),1.41,0.74,0.67,0.07,9,5,240,400,45,8,171982
10,0,10350,＜いか・たこ類＞　（いか類）　ほたるいか　くん製,"Firefly squid, smoked",23.0,43.1,7.5,(0),5.1,305,289.15,55,650,1500,240,56,10.0,5.2,12.00,0.34,-,,-,-,-,50.2,150,(0),2.3,0.40,0.50,4.5,0.04,27.0,25,1.28,1,-,,,0,(1700),(2600),(2600),(1200),(760),(2000),(1500),(1400),(2900),(1600),(440),(1800),(870),(2200),3.27,0.83,0.68,0.13,39,19,290,320,63,7,173685
10,0,10351,＜いか・たこ類＞　（いか類）　ほたるいか　つくだ煮,"Firefly squid, simmered in soy sauce (tsukudani)",39.8,27.0,6.7,(0),3.6,245,231.6,26,270,1200,96,31,2.7,3.3,6.22,0.19,-,,-,-,-,51.8,690,(0),1.9,0.09,0.21,1.3,0.03,17.0,10,0.64,1,-,,,4.2,(1100),(1600),(1600),(760),(480),(1200),(940),(880),(1800),(990),(280),(1200),(540),(1400),3.60,1.29,1.13,0.15,48,25,440,590,70,3,171982
10,25,10352,＜いか・たこ類＞　（いか類）　やりいか　生,"Spear squid, raw",79.7,17.6,1.0,(0),1.3,79,71.5,10,280,170,300,42,0.1,1.2,0.25,0.02,-,,-,-,-,44.8,8,(0),1.4,0.04,0.03,3.5,0.10,1.1,5,0.27,(0),-,65,0,4.7,640,1100,1200,420,180,600,570,500,1100,700,140,630,320,1300,0.49,0.26,0.25,0.01,2,1,75,170,9,9,174223
10,0,10353,＜いか・たこ類＞　（いか類）　加工品　するめ,Dried squid (surume),20.2,69.2,4.3,(0),5.9,304,280.15,43,1100,890,1100,170,0.8,5.4,0.99,0.06,-,,-,-,-,,22,(0),4.4,0.10,0.10,14.0,0.34,12.0,11,1.57,(0),-,,,,(2500),(4300),(4200),(1500),(850),(2400),(2100),(1900),(4000),(2600),(590),(2600),(1500),(4500),1.61,0.89,0.80,0.09,3,2,160,620,88,7,168990
10,0,10354,＜いか・たこ類＞　（いか類）　加工品　さきいか,Shredded dried squid,26.4,45.5,3.1,(0),7.7,268,246.15,23,430,2700,230,82,1.6,2.8,0.27,0.07,-,,-,-,-,,3,(0),1.7,0.06,0.09,8.9,0.32,6.9,1,0.47,(0),-,,,,(1800),(3000),(3000),(1100),(490),(1600),(1500),(1300),(2800),(1900),(380),(1700),(1000),(3100),0.75,0.43,0.41,0.02,9,4,91,310,8,4,168990
10,0,10355,＜いか・たこ類＞　（いか類）　加工品　くん製,Smoked squid,43.5,35.2,1.5,(0),7.0,202,180.75,9,330,2400,240,34,0.7,2.1,0.26,0.02,-,,-,-,-,51.8,Tr,(0),1.8,0.10,0.15,9.0,0.10,5.3,2,0.17,(0),-,,,4.2,(1400),(2400),(2400),(880),(380),(1300),(1200),(1000),(2200),(1400),(300),(1300),(800),(2400),0.70,0.40,0.39,0.01,1,1,93,290,5,4,171982
10,0,10356,＜いか・たこ類＞　（いか類）　加工品　切りいかあめ煮,"Squid, simmered in sweet soy sauce",22.8,22.7,4.7,(0),3.7,310,280.75,65,300,1100,210,81,0.8,2.2,0.50,0.12,-,,-,-,-,51.8,Tr,(0),1.9,0.06,0.10,7.0,0.10,10.0,12,0.17,(0),-,,,4.2,(810),(1400),(1400),(500),(280),(780),(690),(640),(1300),(850),(190),(850),(510),(1500),2.97,1.48,0.69,0.79,770,7,160,510,19,4,171982
10,0,10357,＜いか・たこ類＞　（いか類）　加工品　いかあられ,Squid crackers (ika arare),26.7,20.0,1.8,(0),2.4,289,257.15,18,260,700,230,41,0.4,1.3,0.02,0.12,-,,-,-,-,25.5,Tr,(0),1.1,0.07,0.10,7.0,0.14,3.3,6,0.31,(0),-,33.4,2.1,0,(710),(1200),(1200),(440),(250),(690),(610),(560),(1200),(750),(170),(750),(450),(1300),0.97,0.57,0.40,0.17,160,9,98,280,9,4,173161
10,0,10358,＜いか・たこ類＞　（いか類）　加工品　塩辛,Salted squid (shiokara),67.3,15.2,3.4,(0),7.6,114,104.85,16,210,2700,170,48,1.1,1.7,1.91,0.03,-,,-,-,-,,200,(0),3.3,Tr,0.10,3.3,0.31,17.0,13,0.61,Tr,-,,,,(540),(940),(920),(340),(190),(520),(460),(430),(890),(570),(130),(570),(340),(1000),2.55,1.24,1.15,0.08,35,28,330,690,38,3,168980
10,0,10359,＜いか・たこ類＞　（いか類）　加工品　味付け缶詰,"Seasoned squid, canned",66.9,21.4,1.8,(0),2.2,127,117.15,16,220,700,110,38,0.6,2.5,1.12,0.05,-,,-,-,-,51.8,7,(0),2.8,0.02,0.07,2.2,0.11,3.8,4,0.20,(0),-,,,4.2,(760),(1300),(1300),(470),(260),(740),(650),(600),(1200),(800),(180),(800),(480),(1400),0.68,0.37,0.35,0.02,2,1,94,240,9,5,171982
10,0,10360,＜いか・たこ類＞　（たこ類）　いいだこ　生,"Webfoot octopus, raw",83.2,14.6,0.8,(0),1.3,64,58.25,20,190,250,200,43,2.2,3.1,2.96,0.06,-,,-,-,-,44.8,35,(0),2.7,0.01,0.08,3.2,0.11,2.0,37,0.70,(0),-,65,0.1,5,(520),(900),(880),(320),(180),(500),(440),(410),(850),(550),(120),(540),(330),(960),0.37,0.20,0.17,0.03,2,1,77,82,22,7,174218
10,15,10361,＜いか・たこ類＞　（たこ類）　まだこ　皮つき　生,"Common octopus, skin-on, raw",81.1,16.1,0.9,(0),1.7,70,64.7,15,160,390,300,55,0.6,1.6,0.38,0.03,6,,22,0,1,44.8,1,0,0.8,0.03,0.08,2.1,0.08,1.3,3,0.23,0,8.8,65,0.1,5,610,1000,970,300,140,440,470,450,920,680,120,590,310,1200,0.26,0.11,0.07,0.03,2,2,20,39,11,7,174218
10,40,10471,＜いか・たこ類＞　（たこ類）　まだこ　皮なし　生,"Common octopus, skinless, raw",76.1,19,1,-,2.5,88,79.9,15,210,700,340,54,0.1,1.8,0.17,0.02,6,,24,0,Tr,44.8,1,0,0.9,0.04,0.04,2.9,0.12,1.4,4,0.15,Tr,6.1,65,0.1,5,,,,,,,,,,,,,,,0.42,0.26,0.21,0.05,1,1,78,120,36,9,174218
10,0,10362,＜いか・たこ類＞　（たこ類）　まだこ　ゆで,"Common octopus, boiled",76.2,21.7,0.7,(0),1.3,91,82.25,19,120,230,240,52,0.2,1.8,0.43,0.04,8,,28,1,1,44.8,5,(0),1.9,0.03,0.05,1.9,0.07,1.2,2,0.17,(0),5.6,65,0.1,5,(820),(1400),(1300),(400),(190),(590),(640),(610),(1200),(910),(160),(800),(410),(1600),0.20,0.12,0.10,0.02,Tr,Tr,35,63,15,9,174218
10,20,10472,＜いか・たこ類＞　（たこ類）　まだこ　蒸しだこ,"Common octopus, steamed",80.3,16.8,1.2,-,1.6,75,69.35,15,160,460,160,42,0.1,1.8,0.28,0.03,8,,26,1,1,44.8,2,0,1.2,0.03,0.04,1.5,0.07,1.5,2,0.11,1,6.9,65,0.1,5,,,,,,,,,,,,,,,0.46,0.29,0.23,0.05,2,1,86,130,39,9,174218
10,0,10473,＜いか・たこ類＞　（たこ類）　まだこ　蒸しだこ　油いため,"Common octopus, steamed, stir-fried",72.7,22.4,3,-,1.8,112,104.25,18,180,480,170,47,0.1,2.6,0.4,0.04,10,,32,1,1,44.8,4,-,2.1,0.03,0.04,1.6,0.08,1.8,1,0.12,2,7.7,65,0.1,5,,,,,,,,,,,,,,,1.85,0.75,0.45,0.30,230,100,130,190,59,8,174218
10,0,10474,＜いか・たこ類＞　（たこ類）　まだこ　蒸しだこ　素揚げ,"Common octopus, steamed, deep-fried",68.6,26,4,-,2.1,131,125,22,210,560,200,58,0.1,2.9,0.41,0.04,10,,35,1,1,44.8,4,-,2.5,0.04,0.05,1.9,0.08,1.9,1,0.16,4,9.1,65,0.1,5,,,,,,,,,,,,,,,2.59,0.94,0.48,0.45,390,170,110,180,54,8,174218
10,20,10432,＜いか・たこ類＞　（たこ類）　みずだこ　生,"Giant Pacific octopus, raw",83.5,13.4,0.9,(0),1.8,61,55.95,19,150,430,270,60,0.1,1.6,0.64,0.04,8,,46,0,1,44.8,4,0.1,1.1,0.04,0.05,1.9,0.05,0.8,6,0.43,0,2.4,65,0.1,5,490,830,790,280,130,410,400,390,780,550,110,480,250,860,0.36,0.23,0.19,0.04,2,Tr,69,110,30,9,174218
10,0,10363,＜その他＞　あみ　つくだ煮,"Tiny shrimp (ami), simmered in soy sauce (tsukudani)",35.0,19.1,1.8,-,9.0,230,205,490,410,2700,350,100,7.1,1.7,0.97,0.63,-,,-,-,-,0.5,170,(0),4.7,0.13,0.21,1.8,0.08,7.0,35,0.78,7,-,18.3,0,0,(790),(1200),(1300),(410),(210),(620),(690),(530),(1200),(740),(180),(860),(370),(870),1.09,0.55,0.46,0.06,22,17,250,150,23,3,174277
10,0,10364,＜その他＞　あみ　塩辛,"Tiny shrimp (ami), salted (shiokara)",63.7,12.9,1.1,-,21.5,62,57.3,460,270,7800,280,82,0.5,0.8,0.70,0.13,-,,-,-,-,49.5,65,(0),2.4,0.07,0.07,1.8,0.09,2.7,22,0.61,0,-,135.4,0.4,0,(540),(810),(870),(280),(150),(420),(470),(360),(820),(500),(120),(580),(250),(580),0.58,0.25,0.21,0.04,10,5,100,91,19,3,171971
10,0,10365,＜その他＞　うに　生うに,"Sea urchin, raw",73.8,16.0,4.8,(0),2.1,109,108.35,12,390,220,340,27,0.9,2.0,0.05,0.05,-,,-,-,-,40.3,0,(0),3.6,0.10,0.44,1.1,0.15,1.3,360,0.72,27,-,335.4,0.2,16,620,930,960,360,260,620,540,580,1100,680,200,770,310,980,2.43,1.02,0.73,0.29,56,38,400,25,180,6,175132
10,0,10366,＜その他＞　うに　粒うに,"Sea urchin, salted roe",51.8,17.2,5.8,(0),9.6,172,164.1,46,310,3300,280,63,1.1,1.9,0.10,0.05,-,,-,-,-,40.3,Tr,(0),3.6,0.14,0.65,1.4,0.07,5.4,98,1.32,22,-,335.4,0.2,16,(670),(1000),(1000),(390),(280),(670),(580),(620),(1200),(730),(210),(820),(330),(1100),3.33,0.89,0.49,0.39,150,51,260,25,180,6,175132
10,0,10367,＜その他＞　うに　練りうに,"Sea urchin, paste",53.1,13.5,2.9,(0),8.1,166,150.3,38,220,2800,230,41,1.8,1.3,0.06,0.05,-,,-,-,-,40.3,Tr,(0),4.4,Tr,0.30,0.7,0.06,4.8,87,1.22,15,-,335.4,0.2,16,(530),(780),(810),(310),(220),(530),(450),(490),(940),(570),(170),(650),(260),(830),2.00,0.39,0.17,0.21,110,21,85,10,71,7,175132
10,0,10368,＜その他＞　おきあみ　生,"Krill, raw",78.5,15.0,3.2,-,3.1,84,80.4,360,310,420,320,85,0.8,1.0,2.30,0.15,-,,-,-,-,,180,(0),2.5,0.15,0.26,1.9,0.09,6.2,49,0.50,(0),-,,,,620,940,1000,320,170,490,540,410,950,580,140,680,290,680,2.05,0.70,0.65,0.05,38,16,350,200,8,6,175179
10,0,10369,＜その他＞　おきあみ　ゆで,"Krill, boiled",79.8,13.8,3.0,-,3.4,78,73.8,350,310,620,200,110,0.6,0.9,1.83,0.11,-,,-,-,-,44.4,150,(0),2.2,0.21,0.25,1.4,0.07,4.0,36,0.30,(0),-,,,7.2,(570),(860),(930),(300),(160),(450),(500),(380),(880),(540),(130),(620),(270),(630),1.99,0.80,0.70,0.06,40,40,320,200,8,8,172008
10,0,10370,＜その他＞　くらげ　塩蔵　塩抜き,"Salted jellyfish, desalinated",94.2,5.2,0.1,(0),0.5,21,19.05,2,26,110,1,4,0.3,Tr,0.06,Tr,-,,-,-,-,42.2,0,(0),0,Tr,0.01,0,0,0.2,3,0,(0),-,95,0.1,0,,,,,,,,,,,,,,,0.04,0,0,0,Tr,0,0,0,0,7,168129
10,0,10371,＜その他＞　しゃこ　ゆで,"Mantis shrimp, boiled",77.2,19.2,1.7,(0),1.7,89,82.35,88,250,310,230,40,0.8,3.3,3.46,0.13,-,,-,-,-,37.4,180,(0),2.8,0.26,0.13,1.2,0.06,13.0,15,0.30,(0),-,,,3,870,1400,1600,470,220,690,730,680,1400,800,220,950,470,1500,0.80,0.32,0.26,0.06,10,2,110,120,34,8,174204
10,20,10372,＜その他＞　なまこ　生,"Sea cucumber, raw",92.2,4.6,0.3,(0),2.4,22,20.4,72,25,680,54,160,0.1,0.2,0.04,0.03,78,,37,2,3,0.7,0,(0),0.4,0.05,0.02,0.1,0.04,2.3,4,0.71,(0),2.6,12.8,66,3,150,200,150,61,51,110,120,110,230,230,35,180,48,330,0.13,0.05,0.03,0.02,2,1,16,6,14,8,168457
10,0,10373,＜その他＞　なまこ　このわた,"Sea cucumber, entrails (konowata)",80.2,11.4,1.8,(0),6.1,54,56.95,41,170,1800,330,95,4.0,1.4,0.10,0.44,-,,-,-,-,,60,(0),0.4,0.20,0.50,4.6,0.13,11.0,78,2.13,23,-,,,,,,,,,,,,,,,,,,0.65,0.35,0.23,0.10,5,1,160,44,70,4,167618
10,80,10374,＜その他＞　ほや　生,"Sea squirt, raw",88.8,5.0,0.8,(0),4.6,27,27.1,32,55,1300,570,41,5.7,5.3,0.19,-,-,,-,-,-,,Tr,(0),1.2,0.01,0.13,0.5,0.02,3.8,32,0.33,(0),-,,,0,,,,,,,,,,,,,,,0.47,0.23,0.21,0.01,7,4,130,55,5,6,168978
10,0,10375,＜その他＞　ほや　塩辛,"Sea squirt, salted (shiokara)",79.7,11.6,1.1,(0),3.8,69,63.25,14,75,1400,79,25,3.0,2.5,0.10,0.08,-,,-,-,-,,Tr,(0),1.3,0.01,0.18,0.6,0.03,5.6,13,0.07,(0),-,,,0,,,,,,,,,,,,,,,0.61,0.29,0.25,0.03,15,4,140,67,13,5,168978
10,0,10376,＜水産練り製品＞　かに風味かまぼこ,Imitation crab (surimi),75.6,12.1,0.5,(0),2.6,89,78.8,120,77,850,76,19,0.2,0.2,0.04,0.02,-,,-,-,-,22.3,21,1,0.9,0.01,0.04,0.2,0.01,0.7,3,0.08,0,-,13,0.4,0,(650),(1100),(1200),(370),(180),(550),(470),(450),(920),(590),(140),(690),(270),(800),0.36,0.16,0.11,0.05,36,6,33,63,6,6,174203
10,0,10423,＜水産練り製品＞　黒はんぺん,Black hanpen,70.4,11.2,2.9,0.9,1.9,119,108.3,110,150,560,110,17,1.0,0.6,0.07,0.05,13,,30,2,2,20,4,4.8,0.1,Tr,0.10,2.4,0.10,4.8,3,0.25,Tr,4.2,69.4,0,0,510,880,990,320,110,420,440,350,790,540,140,580,400,650,1.89,0.52,0.41,0.08,45,22,150,160,18,6,173865
10,0,10377,＜水産練り製品＞　昆布巻きかまぼこ,Kombu-maki fish cake,76.4,8.9,0.5,-,3.2,83,73.9,70,55,950,430,39,0.3,0.2,0.03,0.03,-,,-,-,-,28.1,Tr,Tr,0.3,0.03,0.08,0.4,0.01,0,7,0.05,(0),-,,0.1,0,,,,,,,,,,,,,,,0.30,0.06,0.05,0.01,7,1,16,23,6,6,173702
10,0,10378,＜水産練り製品＞　す巻きかまぼこ,Su-maki fish cake,75.8,12.0,0.8,(0),2.7,89,79.25,25,60,870,85,13,0.2,0.2,0.03,0.03,-,,-,-,-,28.1,Tr,1,0.3,Tr,0.01,0.5,0.01,0.5,2,0.06,(0),-,,0.1,0,(650),(1100),(1200),(370),(180),(550),(470),(440),(910),(590),(140),(680),(260),(790),0.62,0.25,0.11,0.14,130,14,31,61,5,7,173702
10,0,10379,＜水産練り製品＞　蒸しかまぼこ,Steamed fish cake (kamaboko),74.4,12.0,0.9,(0),3.0,93,83.6,25,60,1000,110,14,0.3,0.2,0.03,0.03,-,,-,-,-,28.1,Tr,2,0.2,Tr,0.01,0.5,0.01,0.3,5,0,(0),-,,0.1,0,650,1100,1200,370,180,550,470,440,910,590,140,680,260,790,0.45,0.23,0.21,0.01,7,1,75,130,5,6,173702
10,0,10380,＜水産練り製品＞　焼き抜きかまぼこ,Grilled fish cake (kamaboko),72.8,16.2,1.0,(0),2.6,102,91.1,25,60,930,100,16,0.2,0.2,0.02,0.05,-,,-,-,-,28.1,Tr,2,0.3,0.05,0.08,0.7,0.02,0.1,2,0.04,(0),-,,0.1,0,(870),(1400),(1600),(490),(240),(740),(630),(600),(1200),(800),(190),(920),(360),(1100),0.76,0.20,0.16,0.03,9,2,39,110,17,7,173702
10,0,10381,＜水産練り製品＞　焼き竹輪,Grilled chikuwa,70.2,13.2,0.4,(0),2.7,107,96.85,48,100,990,57,17,0.2,0.3,0.02,0.02,11,,30,3,1,28.1,11,1,0.3,0.01,0.05,0.3,0.01,0.8,2,0.04,Tr,1.6,,0.1,0,660,1200,1300,430,140,140,530,500,1000,690,160,710,340,880,0.37,0.17,0.12,0.05,47,7,39,65,4,6,173702
10,0,10382,＜水産練り製品＞　だて巻,Datemaki (sweet rolled omelet with fish paste),58.8,14.6,7.5,(0),1.5,190,176.45,25,120,350,110,11,0.5,0.6,0.04,0.03,-,,-,-,-,6,60,1,1.8,0.04,0.20,0.2,0.03,0.3,16,0.52,(0),-,,,1.7,,,,,,,,,,,,,,,6.00,1.26,0.23,1.03,920,120,18,84,70,4,167636
10,0,10383,＜水産練り製品＞　つみれ,Fish ball (tsumire),75.4,12.0,4.3,(0),1.8,104,101.3,60,120,570,180,17,1.0,0.6,0.06,0.06,-,,-,-,-,41.2,Tr,5,0.2,0.02,0.20,4.5,0.09,2.2,3,0.15,(0),-,,,2.2,,,,,,,,,,,,,,,2.52,0.89,0.71,0.13,80,25,250,330,29,6,175160
10,0,10384,＜水産練り製品＞　なると,Naruto (fish cake with swirl),77.8,7.6,0.4,(0),2.6,80,70.6,15,110,800,160,11,0.5,0.2,0.01,0.02,-,,-,-,-,28.1,Tr,Tr,0.1,Tr,0.01,0.7,Tr,0.4,1,0.04,(0),-,,0.1,0,,,,,,,,,,,,,,,0.26,0.08,0.07,0.01,7,1,23,38,3,6,173702
10,0,10385,＜水産練り製品＞　はんぺん,Hanpen (fish cake),75.7,9.9,1.0,(0),2.0,93,83.05,15,110,590,160,13,0.5,0.1,0.02,0.01,-,,-,-,-,28.1,Tr,Tr,0.4,Tr,0.01,0.7,0.07,0.4,7,0.10,(0),-,,0.1,0,,,,,,,,,,,,,,,0.82,0.44,0.08,0.36,360,42,10,24,3,6,173702
10,0,10386,＜水産練り製品＞　さつま揚げ,Satsuma-age (fried fish cake),70,11.3,2.4,(0),2.4,116,108.6,20,110,800,79,16,0.1,0.2,0.03,0.03,18,,15,3,Tr,28.1,6,0.9,0.4,0.01,0.03,0.8,0.02,0.9,3,0.05,2,1,,0.1,0,540,940,1100,320,110,110,430,410,830,560,130,590,280,710,2.07,1.23,0.24,0.99,980,120,37,68,6,6,173702
10,0,10387,＜水産練り製品＞　魚肉ハム,Fish ham,66.0,13.4,6.7,(0),2.8,155,142.7,45,50,900,110,15,1.0,0.7,0.06,0.11,-,,-,-,-,42.9,Tr,1.6,0.6,0.20,0.60,5.0,0.05,0.4,5,0.21,(0),-,92.3,0.1,0,(660),(1100),(1100),(350),(200),(550),(530),(420),(960),(570),(140),(710),(300),(850),5.85,1.00,0.21,0.79,730,27,46,89,21,5,174199
10,0,10388,＜水産練り製品＞　魚肉ソーセージ,Fish sausage,66.1,11.5,7.2,(0),2.6,158,145.55,100,200,810,70,11,1.0,0.4,0.06,0.11,-,,-,-,-,15.5,Tr,0.9,0.2,0.20,0.60,5.0,0.02,0.3,4,0.06,(0),-,72.8,0,0,560,930,950,300,170,470,460,360,820,490,120,610,250,730,6.23,0.91,0.10,0.81,780,24,18,50,7,5,171618
11,0,11001,＜畜肉類＞　いのしし　肉　脂身つき　生,"Wild boar, meat with fat, raw",60.1,18.8,19.8,(0),0.8,249,235.85,4,170,45,270,20,2.5,3.2,0.12,0.01,0,,11,Tr,1,9.8,4,0.4,0.5,0.24,0.29,5.2,0.35,1.7,1,1.02,1,5.0,,,0,(880),(1500),(1700),(520),(220),(740),(760),(680),(1400),(930),(230),(970),(800),(1300),17.74,2.55,0.05,2.50,2300,47,0,0,60,9,175297
11,0,11002,＜畜肉類＞　いのぶた　肉　脂身つき　生,"Boar-pig hybrid, meat with fat, raw",56.7,18.1,24.1,(0),0.8,275,269.25,4,150,50,280,19,0.8,1.8,0.06,0.01,-,,-,-,-,29.4,11,1.1,0.4,0.62,0.16,6.2,0.48,0.7,Tr,1.23,3,-,,,0.7,(850),(1500),(1600),(510),(210),(710),(730),(660),(1400),(900),(220),(930),(770),(1300),22.20,2.81,0.29,2.51,2300,140,14,75,53,9,168222
11,0,11003,＜畜肉類＞　うさぎ　肉　赤肉　生,"Rabbit, lean meat, raw",72.2,20.5,6.3,(0),1.0,131,125.3,5,300,35,400,27,1.3,1.0,0.05,0.01,-,,-,-,-,23.7,3,0,0.5,0.10,0.19,8.5,0.53,5.6,7,0.74,1,-,,,0,1000,1700,2000,590,230,820,840,770,1600,1000,240,1100,1000,1300,4.49,1.29,0.13,1.16,1000,130,0,0,140,9,172521
11,0,11004,＜畜肉類＞　うし　［和牛肉］　かた　脂身つき　生,"Beef, Wagyu, chuck, meat with fat, raw",58.8,17.7,22.3,(0),0.9,258,252.55,4,150,47,280,19,0.9,4.9,0.07,0,-,,-,-,-,,Tr,0,0.4,0.08,0.21,4.3,0.32,1.5,6,1.00,7,-,,,0,,,,,,,,,,,,,,,19.71,0.66,0.03,0.64,560,26,0,0,35,9,173978
11,0,11005,＜畜肉類＞　うし　［和牛肉］　かた　皮下脂肪なし　生,"Beef, Wagyu, chuck, no subcutaneous fat, raw",60.7,18.3,19.8,(0),0.9,239,233.4,4,160,48,290,19,0.8,5.1,0.08,0,-,,-,-,-,,Tr,0,0.4,0.08,0.22,4.5,0.33,1.6,6,1.04,6,-,,,0,,,,,,,,,,,,,,,17.48,0.61,0.02,0.59,510,23,0,0,37,9,173978
11,0,11006,＜畜肉類＞　うし　［和牛肉］　かた　赤肉　生,"Beef, Wagyu, chuck, lean, raw",66.3,20.2,12.2,(0),1.0,183,175.45,4,170,52,320,21,2.7,5.7,0.09,0,-,,-,-,-,,0,0,0.3,0.09,0.24,4.9,0.37,1.7,7,1.14,4,-,,,0,,,,,,,,,,,,,,,10.68,0.44,0.01,0.43,350,13,0,0,41,9,173966
11,0,11007,＜畜肉類＞　うし　［和牛肉］　かた　脂身　生,"Beef, Wagyu, chuck, fat, raw",17.8,4.0,78.0,(0),0.2,692,677,2,35,19,81,4,0.6,0.4,0.02,0,-,,-,-,-,,3,0,0.9,0.02,0.03,1.0,0.06,0.5,1,0.24,23,-,,,0,,,,,,,,,,,,,,,69.55,1.89,0.10,1.80,1700,97,0,0,0,6,173968
11,0,11008,＜畜肉類＞　うし　［和牛肉］　かたロース　脂身つき　生,"Beef, Wagyu, chuck roll, meat with fat, raw",47.9,13.8,37.4,(0),0.7,380,366.9,3,120,42,210,14,0.7,4.6,0.06,0.01,-,,-,-,-,,3,0,0.5,0.06,0.17,3.2,0.18,1.1,6,0.90,8,-,,,0,(630),(1100),(1200),(360),(160),(520),(570),(480),(1100),(620),(160),(700),(500),(900),(33.41),(1.06),(0.04),(1.01),(920),(45),(0),(0),(23),10,171729
11,0,11009,＜畜肉類＞　うし　［和牛肉］　かたロース　皮下脂肪なし　生,"Beef, Wagyu, chuck roll, no subcutaneous fat, raw",48.6,14.0,36.5,(0),0.7,373,359.95,3,120,42,210,14,0.7,4.6,0.06,0.01,-,,-,-,-,,3,0,0.5,0.06,0.17,3.3,0.18,1.1,6,0.91,8,-,,,0,(640),(1200),(1300),(360),(160),(520),(580),(490),(1100),(630),(170),(700),(510),(910),(32.60),(1.04),(0.04),(0.99),(900),(44),(0),(0),(23),8,171729
11,0,11010,＜畜肉類＞　うし　［和牛肉］　かたロース　赤肉　生,"Beef, Wagyu, chuck roll, lean, raw",56.4,16.5,26.1,(0),0.8,293,280.3,3,140,49,240,16,2.4,5.6,0.07,0.01,-,,-,-,-,,3,0,0.4,0.07,0.21,3.8,0.21,1.2,7,1.07,7,-,,,0,(760),(1400),(1500),(430),(190),(620),(680),(580),(1300),(750),(200),(820),(600),(1100),23.29,0.83,0.03,0.80,700,32,0,0,28,9,173978
11,0,11011,＜畜肉類＞　うし　［和牛肉］　リブロース　脂身つき　生,"Beef, Wagyu, rib roast, meat with fat, raw",34.5,9.7,56.5,(0),0.4,514,514.2,2,84,39,150,10,1.2,2.6,0.03,0,1,,8,0,1,,10,0,0.6,0.04,0.09,2.4,0.15,1.1,3,0.35,8,1.1,,,0,430,760,820,230,110,340,390,330,720,440,100,490,340,640,51.00,1.39,0.07,1.32,1200,68,0,0,31,9,171730
11,0,11249,＜畜肉類＞　うし　［和牛肉］　リブロース　脂身つき　ゆで,"Beef, Wagyu, rib roast, meat with fat, boiled",29.2,12.6,58.2,(0),0.3,539,538.8,2,62,20,75,8,1.4,3.2,0.03,0,1,,9,0,Tr,,8,0,0.7,0.03,0.08,1.6,0.13,1.2,3,0.20,8,1.2,,,0,570,1000,1100,340,150,480,530,450,980,610,140,650,400,880,52.39,1.40,0.07,1.33,1200,65,0,0,27,9,171729
11,0,11248,＜畜肉類＞　うし　［和牛肉］　リブロース　脂身つき　焼き,"Beef, Wagyu, rib roast, meat with fat, grilled",27.7,14.6,56.8,(0),0.6,541,534.95,3,110,50,200,13,1.6,3.6,0.04,0,1,,11,Tr,1,,7,0,0.7,0.05,0.12,3.2,0.19,1.7,5,0.49,9,1.5,,,0,640,1200,1200,340,150,500,590,500,1100,680,150,720,510,1000,51.90,1.33,0.06,1.27,1200,64,0,0,26,9,171741
11,0,11012,＜畜肉類＞　うし　［和牛肉］　リブロース　皮下脂肪なし　生,"Beef, Wagyu, rib roast, no subcutaneous fat, raw",36.1,10.3,54.4,(0),0.5,502,498.45,3,88,41,160,10,1.3,2.8,0.03,0,1,,8,0,1,,10,0,0.6,0.04,0.09,2.6,0.16,1.2,4,0.37,8,1.1,,,0,490,870,940,270,120,390,440,380,820,510,120,560,380,720,49.22,1.33,0.06,1.27,1200,65,0,0,30,10,171729
11,0,11013,＜畜肉類＞　うし　［和牛肉］　リブロース　赤肉　生,"Beef, Wagyu, rib roast, lean, raw",47.2,14.0,40.0,(0),0.6,395,389,3,120,53,210,14,1.7,3.9,0.04,0,1,,11,0,1,,6,0,0.4,0.05,0.13,3.5,0.23,1.5,5,0.50,7,1.4,,,0,660,1200,1300,370,160,530,580,510,1100,690,170,720,510,920,36.76,0.97,0.04,0.93,850,44,0,0,28,9,171741
11,0,11014,＜畜肉類＞　うし　［和牛肉］　リブロース　脂身　生,"Beef, Wagyu, rib roast, fat, raw",17.7,4.2,78.0,(0),0.2,674,677.7,2,39,20,69,4,0.6,0.9,0.01,0,Tr,,4,1,Tr,,15,0,0.9,0.02,0.03,1.0,0.05,0.7,2,0.15,10,0.7,,,0,170,330,320,91,51,140,190,130,310,180,31,260,140,350,69.65,1.93,0.10,1.83,1700,99,0,0,34,8,173968
11,0,11015,＜畜肉類＞　うし　［和牛肉］　サーロイン　脂身つき　生,"Beef, Wagyu, sirloin, meat with fat, raw",40.0,11.7,47.5,(0),0.5,460,445.75,3,100,32,180,12,0.9,2.8,0.05,0,-,,-,-,-,,3,0,0.6,0.05,0.12,3.6,0.23,1.1,5,0.66,10,-,,,0,(530),(960),(1000),(300),(140),(430),(490),(400),(890),(530),(130),(600),(420),(780),(42.46),(1.12),(0.05),(1.07),(1000),(54),(0),(0),(16),8,171729
11,0,11016,＜畜肉類＞　うし　［和牛肉］　サーロイン　皮下脂肪なし　生,"Beef, Wagyu, sirloin, no subcutaneous fat, raw",43.7,12.9,42.5,(0),0.6,422,407.45,3,110,34,200,13,0.8,3.1,0.05,0,-,,-,-,-,,3,0,0.5,0.05,0.13,4.0,0.26,1.1,6,0.72,9,-,,,0,630,1100,1200,380,160,540,550,460,1000,680,150,670,530,840,(37.99),(1.00),(0.05),(0.96),(910),(47),(0),(0),(18),10,171729
11,0,11017,＜畜肉類＞　うし　［和牛肉］　サーロイン　赤肉　生,"Beef, Wagyu, sirloin, lean, raw",55.9,17.1,25.8,(0),0.8,294,280.55,4,150,42,260,18,2.0,4.2,0.07,0,-,,-,-,-,,2,0,0.4,0.07,0.17,5.3,0.35,1.4,8,0.93,7,-,,,0,(790),(1400),(1500),(440),(200),(640),(710),(600),(1300),(780),(200),(850),(620),(1100),23.05,0.62,0.03,0.59,540,27,0,0,25,9,173978
11,0,11018,＜畜肉類＞　うし　［和牛肉］　ばら　脂身つき　生,"Beef, Wagyu, short plate, meat with fat, raw",38.4,11.0,50.0,(0),0.5,472,463.85,4,87,44,160,10,1.4,3.0,0.09,0,-,,-,-,-,,3,0,0.6,0.04,0.11,3.1,0.16,1.2,2,0.74,16,-,,,0,(490),(890),(960),(270),(120),(400),(450),(370),(820),(490),(120),(550),(410),(750),43.55,1.12,0.05,1.07,1000,52,0,0,18,8,171729
11,0,11019,＜畜肉類＞　うし　［和牛肉］　もも　脂身つき　生,"Beef, Wagyu, round, meat with fat, raw",61.2,19.2,18.7,(0),1.0,235,226.15,4,160,45,320,22,2.5,4.0,0.07,0.01,-,,-,-,-,,Tr,0,0.3,0.09,0.20,5.6,0.34,1.2,8,1.09,6,-,,,0,(880),(1600),(1700),(520),(220),(730),(790),(670),(1500),(870),(240),(950),(790),(1200),16.06,0.54,0.02,0.51,460,22,0,0,28,10,171742
11,0,11020,＜畜肉類＞　うし　［和牛肉］　もも　皮下脂肪なし　生,"Beef, Wagyu, round, no subcutaneous fat, raw",63.4,20.2,15.5,(0),1.0,212,202.45,4,170,47,330,23,2.7,4.3,0.08,0.01,1,,14,Tr,Tr,,0,0,0.2,0.09,0.21,5.9,0.36,1.2,9,1.14,5,2.1,,,0,960,1700,1800,550,230,780,840,740,1600,1000,250,1000,840,1300,13.23,0.40,0.01,0.39,350,14,0,0,19,10,171732
11,0,11251,＜畜肉類＞　うし　［和牛肉］　もも　皮下脂肪なし　ゆで,"Beef, Wagyu, round, no subcutaneous fat, boiled",50.1,25.7,23.3,(0),0.6,302,289.05,4,120,23,120,15,3.4,6.4,0.10,0,Tr,,19,1,1,,0,0,0.4,0.05,0.19,3.3,0.23,1.3,6,0.89,11,2.5,,,0,1300,2200,2500,730,300,1000,1100,990,2100,1300,340,1300,860,1800,19.92,0.69,0.03,0.66,570,26,0,0,50,10,171742
11,0,11250,＜畜肉類＞　うし　［和牛肉］　もも　皮下脂肪なし　焼き,"Beef, Wagyu, round, no subcutaneous fat, grilled",49.5,27.7,22.7,(0),1.1,300,289.9,5,190,50,350,25,3.8,6.3,0.10,0,Tr,,19,1,1,32,0,0,0.4,0.09,0.24,6.6,0.35,1.9,7,1.18,10,2.9,,1.6,0,1300,2300,2500,730,310,1000,1200,1000,2200,1400,340,1400,1000,1800,19.59,0.67,0.03,0.64,540,24,0,0,49,9,173055
11,0,11021,＜畜肉類＞　うし　［和牛肉］　もも　赤肉　生,"Beef, Wagyu, round, lean, raw",67.0,21.3,10.7,(0),1.0,176,165.5,4,180,48,350,24,2.8,4.5,0.08,0.01,-,,-,-,-,,0,0,0.2,0.10,0.22,6.2,0.38,1.3,9,1.19,4,-,,,0,(990),(1800),(1900),(580),(240),(820),(880),(750),(1600),(980),(270),(1100),(880),(1400),9.23,0.39,0.01,0.38,330,13,0,0,31,9,173966
11,0,11022,＜畜肉類＞　うし　［和牛肉］　もも　脂身　生,"Beef, Wagyu, round, fat, raw",20.3,4.4,75.4,(0),0.3,664,656.3,2,44,24,99,5,0.8,0.6,0.02,0,-,,-,-,-,,3,0,0.7,0.02,0.02,1.3,0.07,0.4,1,0.35,24,-,,,0,(120),(260),(260),(68),(42),(110),(150),(97),(250),(140),(25),(190),(130),(340),66.12,1.58,0.09,1.50,1400,87,0,0,0,7,173968
11,0,11023,＜畜肉類＞　うし　［和牛肉］　そともも　脂身つき　生,"Beef, Wagyu, outside round, meat with fat, raw",60.8,17.8,20.0,(0),0.9,244,234.05,3,170,46,310,20,1.1,3.7,0.07,0,-,,-,-,-,,1,0,0.3,0.08,0.18,5.7,0.39,1.1,5,0.89,8,-,,,0,(790),(1400),(1600),(460),(200),(660),(740),(620),(1400),(810),(220),(880),(680),(1200),(17.39),(0.51),(0.02),(0.49),(430),(21),(0),(0),(31),9,173978
11,0,11024,＜畜肉類＞　うし　［和牛肉］　そともも　皮下脂肪なし　生,"Beef, Wagyu, outside round, no subcutaneous fat, raw",63.3,18.7,16.6,(0),0.9,219,208.3,3,180,47,320,21,1.0,3.9,0.08,0,-,,-,-,-,,Tr,0,0.2,0.08,0.19,6.0,0.41,1.1,5,0.92,7,-,,,0,(840),(1500),(1700),(490),(210),(700),(780),(650),(1400),(860),(230),(930),(710),(1200),(14.39),(0.44),(0.02),(0.43),(370),(17),(0),(0),(33),10,173974
11,0,11025,＜畜肉類＞　うし　［和牛肉］　そともも　赤肉　生,"Beef, Wagyu, outside round, lean, raw",69.0,20.7,8.7,(0),1.0,159,148.5,3,200,50,360,23,2.4,4.3,0.09,0,-,,-,-,-,,0,0,0.2,0.09,0.22,6.6,0.46,1.2,6,1.00,5,-,,,0,(940),(1700),(1900),(550),(240),(780),(860),(730),(1600),(960),(260),(1000),(800),(1400),7.44,0.29,0.01,0.28,220,8,0,0,37,9,173966
11,0,11026,＜畜肉類＞　うし　［和牛肉］　ランプ　脂身つき　生,"Beef, Wagyu, rump, meat with fat, raw",53.8,15.1,29.9,(0),0.8,319,308.4,3,150,40,260,17,1.4,3.8,0.08,0,-,,-,-,-,,2,0,0.5,0.08,0.19,4.3,0.33,1.2,7,1.22,10,-,,,0,(660),(1200),(1300),(380),(170),(550),(620),(510),(1100),(680),(180),(740),(570),(1000),(26.25),(0.76),(0.03),(0.73),(670),(33),(0),(0),(28),10,171740
11,0,11027,＜畜肉類＞　うし　［和牛肉］　ランプ　皮下脂肪なし　生,"Beef, Wagyu, rump, no subcutaneous fat, raw",56.3,16.0,26.4,(0),0.9,293,281.8,3,150,42,270,18,1.3,4.0,0.08,0,-,,-,-,-,,2,0,0.4,0.09,0.20,4.5,0.35,1.3,8,1.29,9,-,,,0,(700),(1300),(1400),(410),(180),(590),(660),(550),(1200),(720),(190),(790),(600),(1100),(23.18),(0.70),(0.03),(0.67),(610),(29),(0),(0),(30),9,171740
11,0,11028,＜畜肉類＞　うし　［和牛肉］　ランプ　赤肉　生,"Beef, Wagyu, rump, lean, raw",65.7,19.2,13.6,(0),1.0,196,184.55,3,180,47,320,22,2.9,4.9,0.10,0,-,,-,-,-,,1,0,0.4,0.10,0.25,5.4,0.42,1.6,9,1.54,5,-,,,0,(870),(1600),(1700),(510),(220),(730),(800),(680),(1500),(890),(240),(960),(740),(1300),11.97,0.47,0.01,0.46,390,14,0,0,38,9,171732
11,0,11029,＜畜肉類＞　うし　［和牛肉］　ヒレ　赤肉　生,"Beef, Wagyu, tenderloin, lean, raw",64.6,19.1,15.0,(0),1.0,207,195.4,3,180,40,340,22,2.5,4.2,0.09,0.01,-,,-,-,-,,1,0,0.4,0.09,0.24,4.3,0.37,1.6,8,1.28,4,-,,,0,(910),(1700),(1800),(530),(220),(750),(820),(690),(1500),(910),(250),(980),(700),(1300),13.18,0.49,0.02,0.47,410,18,0,0,36,9,171732
11,0,11030,＜畜肉類＞　うし　［乳用肥育牛肉］　かた　脂身つき　生,"Beef, dairy beef, chuck, meat with fat, raw",62.0,17.1,19.8,0,0.9,231,228.85,4,160,59,290,18,2.1,4.5,0.07,0.01,Tr,,14,0,1,16.3,5,0,0.4,0.08,0.20,3.9,0.33,2.8,6,1.00,9,1.7,72.6,,0,,,,,,,,,,,,,,,17.17,0.83,0.03,0.80,710,33,0,0,43,8,168672
11,0,11309,＜畜肉類＞　うし　［乳用肥育牛肉］　かた　脂身つき　ゆで,"Beef, dairy beef, chuck, meat with fat, boiled",54.9,20.8,23.8,0,0.4,298,275.45,3,89,22,88,12,2.3,5.5,0.08,0,0,,15,0,0,16.2,Tr,0,0.5,0.05,0.16,1.7,0.22,3.1,3,0.56,12,2.1,70.9,,0,,,,,,,,,,,,,,,,,,,,,,,,9,169495
11,0,11310,＜畜肉類＞　うし　［乳用肥育牛肉］　かた　脂身つき　焼き,"Beef, dairy beef, chuck, meat with fat, grilled",50.3,23.0,25.5,0,1.0,322,297.95,4,170,67,290,20,2.8,5.8,0.10,0,1,,15,0,0,40.1,0,0,0.5,Tr,0.01,6.1,0.05,4.0,50,0.40,13,2.6,94,0.4,0,,,,,,,,,,,,,,,,,,,,,,,,9,173358
11,0,11031,＜畜肉類＞　うし　［乳用肥育牛肉］　かた　皮下脂肪なし　生,"Beef, dairy beef, chuck, no subcutaneous fat, raw",65.9,17.9,14.9,(0),0.9,193,190.7,4,170,59,310,20,0.9,4.5,0.09,Tr,-,,-,-,-,30.8,4,0,0.4,0.09,0.21,4.3,0.34,2.3,7,1.15,6,-,75.1,0.2,0,,,,,,,,,,,,,,,12.84,0.67,0.02,0.64,560,24,0,0,44,10,172122
11,0,11032,＜畜肉類＞　うし　［乳用肥育牛肉］　かた　赤肉　生,"Beef, dairy beef, chuck, lean, raw",71.7,20.4,6.7,0,1.0,138,129.05,4,190,69,340,22,2.5,5.5,0.08,0.01,1,,17,0,1,31.8,3,0,0.3,0.10,0.24,4.6,0.40,3.4,8,1.16,5,2.2,85.2,0.2,0,810,1700,1900,540,240,780,850,740,1600,990,260,1000,710,1300,5.49,0.39,0.02,0.37,300,11,1,Tr,41,9,173356
11,0,11301,＜畜肉類＞　うし　［乳用肥育牛肉］　かた　赤肉　ゆで,"Beef, dairy beef, chuck, lean, boiled",63.2,27.9,7.1,0,0.7,174,161.85,4,160,43,220,19,3.4,7.2,0.12,0.01,1,,25,0,Tr,38.9,1,0.1,0.5,0.08,0.26,4.2,0.34,2.9,9,0.82,8,2.9,102.8,0.2,0,1200,2400,2600,770,330,1100,1200,1100,2300,1400,380,1500,920,1900,5.72,0.38,0.02,0.36,290,13,0,0,39,9,173355
11,0,11302,＜畜肉類＞　うし　［乳用肥育牛肉］　かた　赤肉　焼き,"Beef, dairy beef, chuck, lean, grilled",63.4,26.9,7.7,0,1.1,175,162.75,4,220,71,380,25,3.1,6.3,0.10,0.01,1,,23,0,1,38.9,1,0.1,0.5,0.12,0.30,6.2,0.48,3.3,11,1.27,8,2.8,102.8,0.2,0,1100,2300,2500,730,320,1000,1200,1000,2200,1400,360,1400,970,1800,6.38,0.45,0.02,0.43,330,13,1,0,55,10,173355
11,0,11033,＜畜肉類＞　うし　［乳用肥育牛肉］　かた　脂身　生,"Beef, dairy beef, chuck, fat, raw",21.9,4.5,73.3,(0),0.3,650,638.8,2,44,21,84,5,0.7,0.5,0.02,0.01,-,,-,-,-,,17,0,0.8,0.02,0.03,1.3,0.08,0.5,1,0.42,23,-,,,0,,,,,,,,,,,,,,,64.67,2.59,0.12,2.47,2400,120,0,0,32,9,171729
11,0,11034,＜畜肉類＞　うし　［乳用肥育牛肉］　かたロース　脂身つき　生,"Beef, dairy beef, chuck roll, meat with fat, raw",56.4,16.2,26.4,(0),0.8,295,281.8,4,140,50,260,16,0.9,4.7,0.06,0.01,-,,-,-,-,16.2,7,0.1,0.5,0.06,0.17,3.6,0.21,1.7,7,0.84,8,-,70.9,,0,(730),(1300),(1400),(410),(190),(600),(650),(550),(1200),(730),(190),(780),(640),(1000),(23.60),(1.00),(0.08),(0.93),(850),(59),(4),(0),(33),9,169495
11,0,11035,＜畜肉類＞　うし　［乳用肥育牛肉］　かたロース　皮下脂肪なし　生,"Beef, dairy beef, chuck roll, no subcutaneous fat, raw",57.3,16.5,25.2,(0),0.8,285,272.65,4,140,51,270,17,0.9,4.8,0.07,0.01,-,,-,-,-,16.2,7,0.1,0.5,0.06,0.17,3.7,0.22,1.7,7,0.85,8,-,70.9,,0,(740),(1300),(1500),(420),(190),(620),(670),(560),(1200),(740),(190),(800),(660),(1100),(22.49),(0.96),(0.08),(0.89),(810),(57),(4),(0),(33),10,169495
11,0,11036,＜畜肉類＞　うし　［乳用肥育牛肉］　かたロース　赤肉　生,"Beef, dairy beef, chuck roll, lean, raw",65.9,19.1,13.9,(0),0.9,196,185.7,4,160,57,310,19,2.4,5.7,0.08,0.01,-,,-,-,-,28.9,5,0.1,0.5,0.07,0.20,4.1,0.25,2.0,8,0.97,6,-,83.2,0.6,0,(870),(1500),(1700),(500),(230),(730),(780),(660),(1400),(870),(230),(930),(770),(1200),12.11,0.59,0.06,0.53,460,42,5,0,34,9,172125
11,0,11037,＜畜肉類＞　うし　［乳用肥育牛肉］　リブロース　脂身つき　生,"Beef, dairy beef, rib roast, meat with fat, raw",47.9,14.1,37.1,(0),0.7,380,365.4,4,120,40,230,14,1.0,3.7,0.05,0.01,Tr,,10,2,Tr,14.2,12,0.1,0.5,0.05,0.12,4.0,0.22,1.0,6,0.64,10,1.1,,,0,630,1100,1200,350,160,510,580,490,1100,670,160,720,500,960,33.41,1.32,0.07,1.25,1200,65,0,0,32,9,169439
11,0,11039,＜畜肉類＞　うし　［乳用肥育牛肉］　リブロース　脂身つき　ゆで,"Beef, dairy beef, rib roast, meat with fat, boiled",39.1,17.2,43.0,(0),0.4,428,426.75,5,96,26,130,12,1.2,4.9,0.04,0,Tr,,13,2,Tr,14.2,13,0.1,0.4,0.04,0.11,3.2,0.17,1.0,7,0.38,12,1.3,,,0,870,1600,1700,460,210,670,790,670,1500,920,220,990,560,1300,38.21,1.52,0.08,1.44,1300,76,0,0,40,9,169439
11,0,11038,＜畜肉類＞　うし　［乳用肥育牛肉］　リブロース　脂身つき　焼き,"Beef, dairy beef, rib roast, meat with fat, grilled",33.4,20.4,45.0,(0),0.9,457,454.95,4,160,53,290,18,1.4,5.3,0.06,0.01,1,,15,4,Tr,21.2,13,0.1,0.6,0.07,0.17,5.1,0.25,1.4,10,0.58,12,1.7,,,0,940,1700,1900,540,250,780,870,740,1600,1000,250,1100,750,1400,40.39,1.68,0.08,1.60,1500,78,0,0,44,10,170619
11,0,11040,＜畜肉類＞　うし　［乳用肥育牛肉］　リブロース　皮下脂肪なし　生,"Beef, dairy beef, rib roast, no subcutaneous fat, raw",50.7,15.0,33.4,(0),0.7,351,337.1,4,130,42,240,15,0.9,4.0,0.05,0.01,Tr,,11,2,0,,12,0.1,0.4,0.05,0.13,4.2,0.23,1.1,6,0.67,9,1.1,,,0,(690),(1200),(1300),(380),(180),(560),(610),(530),(1100),(720),(170),(750),(600),(980),30.01,1.20,0.06,1.14,1100,60,0,0,32,9,171728
11,0,11041,＜畜肉類＞　うし　［乳用肥育牛肉］　リブロース　赤肉　生,"Beef, dairy beef, rib roast, lean, raw",62.2,18.8,17.8,(0),0.9,230,218.15,4,160,51,300,19,2.1,5.2,0.06,0.01,Tr,,14,2,Tr,,10,0.2,0.3,0.06,0.17,5.2,0.29,1.3,8,0.81,7,1.1,,,0,880,1500,1700,500,230,720,770,680,1500,920,230,940,760,1200,15.67,0.67,0.04,0.63,550,36,0,0,34,9,173975
11,0,11042,＜畜肉類＞　うし　［乳用肥育牛肉］　リブロース　脂身　生,"Beef, dairy breed, rib roast, fat, raw",15.6,3.7,80.5,(0),0.2,703,697.2,3,37,18,72,4,0.6,0.5,0.02,0.01,0,,2,1,0,,17,0,0.8,0.02,0.02,1.3,0.05,0.4,1,0.26,17,0.9,,,0,100,210,200,51,27,78,120,77,200,120,18,150,110,260,73.30,2.78,0.13,2.65,2600,130,0,0,27,8,173968
11,0,11043,＜畜肉類＞　うし　［乳用肥育牛肉］　サーロイン　脂身つき　生,"Beef, dairy breed, sirloin, with fat, raw",54.4,16.5,27.9,(0),0.8,313,296.3,4,150,48,270,16,1.0,2.9,0.06,Tr,-,,-,-,-,,8,0,0.4,0.06,0.10,5.3,0.38,0.8,6,0.66,7,-,,,0,(720),(1300),(1400),(460),(190),(650),(660),(550),(1200),(730),(190),(800),(650),(1100),(25.47),(1.01),(0.05),(0.97),(920),(45),(0),(0),(24),9,171728
11,0,11044,＜畜肉類＞　うし　［乳用肥育牛肉］　サーロイン　皮下脂肪なし　生,"Beef, dairy breed, sirloin, no subcutaneous fat, raw",60.0,18.4,20.2,(0),0.9,253,237.85,4,170,53,300,17,0.8,3.3,0.06,Tr,-,,-,-,-,17.3,7,0,0.4,0.06,0.11,5.9,0.43,0.8,7,0.72,6,-,79.4,,0,840,1500,1600,530,220,740,740,640,1400,890,210,920,740,1200,(18.47),(0.75),(0.03),(0.72),(680),(33),(0),(0),(23),9,168721
11,0,11045,＜畜肉類＞　うし　［乳用肥育牛肉］　サーロイン　赤肉　生,"Beef, dairy breed, sirloin, lean, raw",68.2,21.1,9.1,(0),1.0,167,153.3,4,190,60,340,20,2.1,3.8,0.07,0,-,,-,-,-,,5,0,0.3,0.07,0.12,6.7,0.50,0.9,8,0.80,4,-,,,0,(940),(1700),(1900),(610),(250),(860),(850),(720),(1600),(950),(250),(1000),(850),(1400),8.38,0.38,0.01,0.37,330,14,0,0,23,10,173969
11,0,11046,＜畜肉類＞　うし　［乳用肥育牛肉］　ばら　脂身つき　生,"Beef, dairy breed, short plate, with fat, raw",47.4,12.8,39.4,(0),0.6,381,379.7,3,110,56,190,12,1.4,2.8,0.04,0,Tr,,10,1,Tr,,13,0,0.6,0.05,0.12,3.2,0.21,1.9,3,0.60,11,1.5,,,0,540,970,1100,330,150,480,500,430,930,580,130,610,460,870,35.65,0.99,0.03,0.95,850,33,0,0,36,9,171729
11,0,11252,＜畜肉類＞　うし　［乳用肥育牛肉］　ばら　脂身つき　焼き,"Beef, dairy breed, short plate, with fat, grilled",38.7,15.9,44.2,(0),0.7,451,433.1,3,120,60,220,14,1.8,3.6,0.05,0,1,,13,1,1,14.2,12,0,0.8,0.06,0.14,4.0,0.26,2.1,5,0.60,13,1.9,,,0,690,1200,1300,390,170,560,630,540,1200,730,180,770,570,1100,39.89,1.17,0.04,1.13,1000,42,0,0,32,9,169439
11,0,11047,＜畜肉類＞　うし　［乳用肥育牛肉］　もも　脂身つき　生,"Beef, dairy breed, round, with fat, raw",65.8,19.5,13.3,(0),1.0,196,182.7,4,180,49,330,22,1.4,4.5,0.08,0.01,-,,-,-,-,,3,0,0.6,0.08,0.20,4.9,0.32,1.2,9,1.02,5,-,,,0,(850),(1500),(1700),(490),(210),(700),(780),(660),(1400),(860),(240),(930),(770),(1200),12.07,0.56,0.02,0.54,480,22,0,0,31,9,173975
11,0,11048,＜畜肉類＞　うし　［乳用肥育牛肉］　もも　皮下脂肪なし　生,"Beef, dairy breed, round, no subcutaneous fat, raw",68.2,20.5,9.9,(0),1.0,169,157.3,4,190,50,340,23,1.3,4.7,0.08,0.01,Tr,,20,1,Tr,19.7,2,0,0.5,0.08,0.21,5.1,0.33,1.2,9,1.06,4,2.1,85.9,,0,930,1600,1800,520,230,750,830,730,1600,980,260,1000,820,1300,8.80,0.45,0.02,0.43,370,16,0,0,33,10,169517
11,0,11050,＜畜肉類＞　うし　［乳用肥育牛肉］　もも　皮下脂肪なし　ゆで,"Beef, dairy breed, round, no subcutaneous fat, boiled",56.4,28.4,13.8,(0),0.8,235,218.8,5,160,35,220,20,1.7,6.6,0.11,0.01,Tr,,25,0,0,34.4,0,0,0.1,0.07,0.23,4.1,0.40,1.5,11,0.78,7,2.5,125.1,1.7,0,1400,2400,2700,800,350,1100,1200,1100,2300,1400,360,1400,910,1900,12.22,0.56,0.02,0.54,480,20,0,0,29,9,168698
11,0,11049,＜畜肉類＞　うし　［乳用肥育牛肉］　もも　皮下脂肪なし　焼き,"Beef, dairy breed, round, no subcutaneous fat, grilled",56.9,28.0,13.2,(0),1.3,227,212.3,5,230,65,430,28,1.7,6.4,0.11,0.02,1,,24,Tr,1,33.3,0,0,0.2,0.10,0.27,7.6,0.39,1.9,12,1.08,6,2.5,,1.6,0,1200,2200,2400,730,320,1100,1100,980,2100,1300,350,1300,980,1800,11.47,0.47,0.02,0.45,410,16,0,0,25,9,174702
11,0,11051,＜畜肉類＞　うし　［乳用肥育牛肉］　もも　赤肉　生,"Beef, dairy breed, round, lean, raw",71.7,21.9,4.9,(0),1.1,130,119.7,4,200,52,360,24,2.7,5.1,0.09,0.01,-,,-,-,-,,1,0,0.4,0.09,0.22,5.4,0.35,1.3,10,1.12,2,-,,,0,(970),(1800),(1900),(560),(240),(800),(880),(750),(1600),(980),(280),(1000),(880),(1400),3.98,0.29,0.01,0.27,220,7,0,0,36,9,173977
11,0,11052,＜畜肉類＞　うし　［乳用肥育牛肉］　もも　脂身　生,"Beef, dairy breed, round, fat, raw",30.2,5.1,64.1,(0),0.4,594,563.4,2,56,30,140,7,1.1,0.7,0.02,0.01,-,,-,-,-,,17,0,1.9,0.03,0.03,1.9,0.11,0.4,2,0.43,23,-,,,0,(140),(300),(300),(79),(49),(130),(180),(110),(290),(170),(29),(220),(150),(400),60.95,2.25,0.11,2.14,2100,110,0,0,0,10,171731
11,0,11053,＜畜肉類＞　うし　［乳用肥育牛肉］　そともも　脂身つき　生,"Beef, dairy breed, outside round, with fat, raw",64.0,18.2,16.3,(0),0.9,220,204.35,4,150,55,310,20,1.4,3.2,0.06,Tr,-,,-,-,-,19.6,5,0,0.5,0.08,0.17,4.4,0.34,1.6,6,0.91,8,-,85.9,1.5,0,(790),(1400),(1600),(460),(200),(650),(730),(620),(1300),(800),(220),(870),(720),(1100),(15.22),(0.66),(0.03),(0.64),(580),(28),(0),(0),(26),8,168694
11,0,11054,＜畜肉類＞　うし　［乳用肥育牛肉］　そともも　皮下脂肪なし　生,"Beef, dairy breed, outside round, no subcutaneous fat, raw",67.8,19.6,11.1,(0),0.9,179,165.05,4,160,57,330,21,1.3,3.5,0.07,Tr,-,,-,-,-,,4,0,0.4,0.09,0.19,4.6,0.37,1.7,6,0.96,6,-,,,0,(860),(1600),(1700),(500),(210),(710),(790),(670),(1500),(870),(240),(940),(780),(1200),(10.24),(0.49),(0.02),(0.47),(420),(18),(0),(0),(29),9,171733
11,0,11055,＜畜肉類＞　うし　［乳用肥育牛肉］　そともも　赤肉　生,"Beef, dairy breed, outside round, lean, raw",72.0,21.3,5.0,(0),1.0,131,119.5,4,170,61,360,23,2.4,3.8,0.07,0,-,,-,-,-,,2,0,0.2,0.09,0.21,5.0,0.40,1.9,7,1.02,5,-,,,0,(940),(1700),(1900),(540),(230),(780),(860),(730),(1600),(950),(270),(1000),(850),(1300),4.40,0.29,0.01,0.28,220,8,0,0,33,10,173971
11,0,11056,＜畜肉類＞　うし　［乳用肥育牛肉］　ランプ　脂身つき　生,"Beef, dairy breed, rump, with fat, raw",62.1,18.6,17.8,(0),0.9,234,218.5,4,150,54,300,20,1.4,3.7,0.08,Tr,-,,-,-,-,,6,0,0.7,0.08,0.19,3.7,0.30,1.6,6,0.93,8,-,,,0,(810),(1500),(1600),(460),(200),(670),(750),(630),(1400),(820),(230),(890),(730),(1200),(16.35),(0.75),(0.03),(0.72),(650),(31),(0),(0),(31),9,173975
11,0,11057,＜畜肉類＞　うし　［乳用肥育牛肉］　ランプ　皮下脂肪なし　生,"Beef, dairy breed, rump, no subcutaneous fat, raw",64.9,19.7,13.9,(0),0.9,203,189.2,4,160,56,310,21,1.3,3.9,0.09,Tr,-,,-,-,-,,5,0,0.6,0.09,0.20,3.9,0.31,1.7,6,0.98,6,-,,,0,(860),(1600),(1700),(500),(220),(710),(790),(670),(1500),(870),(240),(940),(780),(1200),(12.59),(0.62),(0.02),(0.60),(530),(24),(0),(0),(34),9,171733
11,0,11058,＜畜肉類＞　うし　［乳用肥育牛肉］　ランプ　赤肉　生,"Beef, dairy breed, rump, lean, raw",70.2,22.0,6.1,(0),1.0,142,131.3,4,180,60,340,23,2.7,4.4,0.10,0,-,,-,-,-,,3,0,0.4,0.10,0.23,4.2,0.34,1.9,7,1.06,4,-,,,0,(970),(1800),(1900),(560),(240),(800),(890),(760),(1600),(980),(280),(1100),(880),(1400),5.08,0.37,0.01,0.36,290,10,0,0,39,10,173965
11,0,11059,＜畜肉類＞　うし　［乳用肥育牛肉］　ヒレ　赤肉　生,"Beef, dairy breed, tenderloin, lean, raw",67.3,20.8,11.2,(0),1.0,177,168,4,200,56,380,23,2.4,3.4,0.08,0.01,1,,15,0,1,,4,0,0.5,0.12,0.26,4.7,0.43,3.0,11,0.90,4,2.1,,,0,980,1700,1900,560,230,800,860,760,1600,1000,270,1100,760,1300,9.65,0.50,0.02,0.48,380,13,0,0,53,10,173966
11,0,11253,＜畜肉類＞　うし　［乳用肥育牛肉］　ヒレ　赤肉　焼き,"Beef, dairy breed, tenderloin, lean, grilled",56.3,27.2,15.2,(0),1.3,238,224.4,5,230,74,440,28,3.5,6.0,0.12,0.01,1,,19,1,1,33.4,3,0,0.3,0.16,0.35,6.2,0.45,4.9,10,1.16,6,3.9,,1.6,0,1300,2400,2600,760,310,1100,1200,1000,2200,1400,350,1400,1000,1900,12.98,0.54,0.02,0.52,450,16,0,0,32,10,173065
11,0,11254,＜畜肉類＞　うし　［交雑牛肉］　リブロース　脂身つき　生,"Beef, crossbred, rib roast, with fat, raw",36.2,12.0,51.8,(0),0.6,489,482.3,3,99,42,190,11,1.2,3.0,0.03,0,1,,10,1,1,,3,0,0.6,0.05,0.10,3.2,0.21,1.1,6,0.45,7,1.4,,,0,530,940,1000,290,140,430,480,410,900,560,130,610,430,790,47.40,1.55,0.07,1.47,1300,72,0,0,39,9,171729
11,0,11256,＜畜肉類＞　うし　［交雑牛肉］　リブロース　脂身つき　ゆで,"Beef, crossbred, rib roast, with fat, boiled",29.1,13.2,56.5,(0),0.2,540,529.95,2,56,16,58,7,1.3,3.7,0.03,0,Tr,,11,1,Tr,,0,0,0.7,0.03,0.08,1.4,0.14,1.3,3,0.25,9,1.6,,,0,640,1200,1200,350,160,520,590,500,1100,670,160,810,420,940,52.07,1.58,0.08,1.50,1400,75,0,0,33,9,171729
11,0,11255,＜畜肉類＞　うし　［交雑牛肉］　リブロース　脂身つき　焼き,"Beef, crossbred, rib roast, with fat, grilled",26.4,14.5,60.1,(0),0.6,575,561.6,3,100,47,190,12,1.5,3.8,0.04,0,1,,11,1,1,28.4,0,0,0.7,0.06,0.11,3.3,0.20,1.8,14,0.50,10,1.8,,,0,640,1200,1200,340,160,510,590,500,1100,680,150,760,500,960,55.61,1.71,0.09,1.61,1500,78,0,0,38,9,168679
11,0,11257,＜畜肉類＞　うし　［交雑牛肉］　リブロース　皮下脂肪なし　生,"Beef, crossbred, rib roast, no subcutaneous fat, raw",41.0,13.6,45.2,(0),0.6,438,431.8,3,110,48,220,13,1.3,3.5,0.04,0,1,,11,1,1,,3,0,0.5,0.05,0.11,3.6,0.24,1.2,6,0.50,6,1.5,,,0,610,1100,1200,340,160,490,550,480,1000,640,150,690,500,900,41.39,1.35,0.06,1.29,1200,62,0,0,39,9,171741
11,0,11258,＜畜肉類＞　うし　［交雑牛肉］　リブロース　赤肉　生,"Beef, crossbred, rib roast, lean, raw",50.5,16.7,32.3,(0),0.8,338,333,3,140,59,270,16,1.7,4.5,0.04,0,1,,14,1,2,15.8,2,0,0.4,0.07,0.14,4.6,0.31,1.4,7,0.61,4,1.6,70,,0,770,1400,1500,430,190,620,680,600,1300,810,200,850,630,1100,29.62,0.98,0.04,0.94,840,43,0,0,38,10,168678
11,0,11259,＜畜肉類＞　うし　［交雑牛肉］　リブロース　脂身　生,"Beef, crossbred, rib roast, fat, raw",10.6,3.6,86.7,(0),0.2,759,749.55,2,25,13,39,2,0.3,0.3,0.01,0,1,,2,1,Tr,,4,0,0.9,0.01,0.02,0.6,0.02,0.7,5,0.16,11,0.9,,,0,97,210,170,53,37,90,120,76,200,110,19,190,86,220,79.29,2.56,0.12,2.43,2200,120,0,0,42,8,171729
11,0,11260,＜畜肉類＞　うし　［交雑牛肉］　ばら　脂身つき　生,"Beef, crossbred, short plate, with fat, raw",41.4,12.2,44.4,(0),0.5,445,425.35,3,110,59,200,12,1.4,3.0,0.03,0,1,,10,1,Tr,,3,0,0.5,0.05,0.10,3.2,0.23,1.7,6,0.40,10,1.6,,,0,560,990,1100,310,140,440,500,430,930,590,140,630,460,840,40.73,1.28,0.08,1.20,1100,64,0,0,35,9,171729
11,0,11261,＜畜肉類＞　うし　［交雑牛肉］　もも　脂身つき　生,"Beef, crossbred, round, with fat, raw",53.9,16.4,28.9,(0),0.8,312,303.05,3,140,63,270,17,2.1,3.9,0.06,0,1,,14,1,1,15.9,2,0,0.3,0.08,0.16,3.9,0.31,2.1,12,0.62,8,2.0,,,0,750,1300,1500,430,190,620,690,590,1300,810,200,840,630,1100,26.77,0.95,0.04,0.92,800,39,0,0,46,9,169431
11,0,11262,＜畜肉類＞　うし　［交雑牛肉］　もも　皮下脂肪なし　生,"Beef, crossbred, round, no subcutaneous fat, raw",59.5,18.3,21.6,(0),0.9,250,247.65,3,160,68,300,19,2.3,4.5,0.07,0,1,,16,1,1,19.6,1,0,0.2,0.09,0.18,4.3,0.35,2.3,14,0.69,6,2.2,85.9,1.5,0,850,1500,1700,480,210,690,770,670,1400,910,230,930,710,1200,19.49,0.75,0.03,0.73,620,26,0,0,54,9,168694
11,0,11264,＜畜肉類＞　うし　［交雑牛肉］　もも　皮下脂肪なし　ゆで,"Beef, crossbred, round, no subcutaneous fat, boiled",49.8,25.7,28.2,(0),0.4,331,329.65,3,120,29,130,15,2.8,5.8,0.08,0,1,,27,1,Tr,27.4,0,0,0.6,0.05,0.15,3.3,0.32,1.6,12,0.38,7,2.6,99.2,1.5,0,1300,2200,2400,720,300,1000,1100,950,2100,1300,330,1400,870,1800,25.41,0.74,0.03,0.71,640,29,0,0,30,9,168699
11,0,11263,＜畜肉類＞　うし　［交雑牛肉］　もも　皮下脂肪なし　焼き,"Beef, crossbred, round, no subcutaneous fat, grilled",49.7,25.0,27.6,(0),1.0,313,322.1,4,190,63,320,21,2.9,5.6,0.08,0,1,,23,1,1,27.3,1,0,0.5,0.09,0.18,5.1,0.40,2.1,15,0.77,6,2.7,104.9,1.6,0,1200,2100,2300,660,280,940,1000,890,1900,1200,310,1300,960,1600,23.92,0.68,0.03,0.65,590,25,0,0,28,9,168695
11,0,11265,＜畜肉類＞　うし　［交雑牛肉］　もも　赤肉　生,"Beef, crossbred, round, lean, raw",62.7,19.3,17.5,(0),0.9,222,216.3,4,170,71,320,20,2.4,4.8,0.07,0,1,,17,1,1,19.6,1,0,0.2,0.10,0.19,4.5,0.38,2.4,15,0.73,5,2.3,85.9,1.5,0,900,1600,1800,510,220,740,810,710,1500,960,250,990,750,1300,16.12,0.64,0.02,0.62,530,22,0,0,46,9,168694
11,0,11266,＜畜肉類＞　うし　［交雑牛肉］　もも　脂身　生,"Beef, crossbred, round, fat, raw",17.6,4.8,75.8,(0),0.2,682,666.7,2,37,29,81,4,0.5,0.4,0.01,0,1,,3,2,1,,4,0,0.8,0.02,0.02,1.1,0.04,0.8,3,0.17,19,1.1,,,0,140,280,280,75,46,120,170,110,280,170,28,210,140,390,70.43,2.25,0.11,2.14,1900,110,0,0,45,9,173968
11,0,11267,＜畜肉類＞　うし　［交雑牛肉］　ヒレ　赤肉　生,"Beef, crossbred, tenderloin, lean, raw",62.3,19.0,18.0,(0),0.9,229,219.5,4,180,56,330,21,2.7,3.8,0.07,0,Tr,,15,0,1,,2,0,0.1,0.11,0.23,4.4,0.39,2.0,9,0.85,2,1.8,,,0,930,1700,1800,530,220,750,820,710,1500,970,250,1000,700,1300,15.68,0.63,0.02,0.61,530,23,0,0,35,10,173973
11,0,11060,＜畜肉類＞　うし　［輸入牛肉］　かた　脂身つき　生,"Beef, imported, chuck, with fat, raw",69.4,19.0,10.6,(0),0.9,160,156.95,4,170,54,320,20,1.1,5.0,0.08,Tr,-,,-,-,-,1.4,7,0.3,0.6,0.08,0.22,3.0,0.26,2.2,5,0.89,3,-,,,0,,,,,,,,,,,,,,,8.85,0.30,0.12,0.18,140,69,11,2,22,9,173100
11,0,11061,＜畜肉類＞　うし　［輸入牛肉］　かた　皮下脂肪なし　生,"Beef, imported, chuck, no subcutaneous fat, raw",71.5,19.6,7.8,(0),1.0,138,135.25,4,180,56,330,21,1.0,5.3,0.09,Tr,-,,-,-,-,1.4,5,0.3,0.6,0.08,0.23,3.1,0.27,2.3,6,0.92,2,-,,,0,,,,,,,,,,,,,,,6.32,0.25,0.10,0.15,120,53,11,2,22,9,173100
11,0,11062,＜畜肉類＞　うし　［輸入牛肉］　かた　赤肉　生,"Beef, imported, chuck, lean, raw",73.9,20.4,4.6,(0),1.0,114,110.85,4,180,58,340,22,2.4,5.5,0.09,0,-,,-,-,-,,4,0.2,0.6,0.09,0.25,3.2,0.27,2.4,6,0.95,1,-,,,0,,,,,,,,,,,,,,,3.43,0.20,0.08,0.12,87,35,12,2,23,9,171739
11,0,11063,＜畜肉類＞　うし　［輸入牛肉］　かた　脂身　生,"Beef, imported, chuck, fat, raw",32.0,7.1,60.5,(0),0.4,537,539.1,6,65,24,140,7,0.9,1.1,0.03,0.01,-,,-,-,-,,30,1.2,1.2,0.03,0.04,1.6,0.14,0.5,3,0.36,15,-,,,0,,,,,,,,,,,,,,,53.95,1.10,0.45,0.65,600,350,0,0,17,10,171728
11,0,11064,＜畜肉類＞　うし　［輸入牛肉］　かたロース　脂身つき　生,"Beef, imported, chuck roll, with fat, raw",63.8,17.9,17.4,(0),0.8,221,210.9,4,150,49,300,18,1.2,5.8,0.07,0.01,-,,-,-,-,1.4,10,0.4,0.7,0.07,0.20,3.5,0.25,1.8,7,1.00,5,-,,,0,(790),(1400),(1600),(460),(200),(660),(720),(610),(1300),(790),(220),(850),(690),(1200),(15.11),(0.48),(0.11),(0.37),(320),(72),(5),(0),(23),9,173100
11,0,11065,＜畜肉類＞　うし　［輸入牛肉］　かたロース　皮下脂肪なし　生,"Beef, imported, chuck roll, no subcutaneous fat, raw",64.0,18.0,17.1,(0),0.8,219,208.7,4,150,49,300,18,1.2,5.8,0.07,0.01,-,,-,-,-,1.4,10,0.4,0.7,0.07,0.20,3.5,0.25,1.8,8,1.00,5,-,,,0,(790),(1400),(1600),(460),(200),(660),(720),(610),(1300),(790),(220),(850),(690),(1200),(14.85),(0.47),(0.11),(0.37),(320),(71),(5),(0),(23),10,173100
11,0,11066,＜畜肉類＞　うし　［輸入牛肉］　かたロース　赤肉　生,"Beef, imported, chuck roll, lean, raw",69.8,19.7,9.5,(0),0.9,160,150.05,4,170,54,320,20,2.4,6.4,0.08,0.01,-,,-,-,-,1.4,7,0.2,0.5,0.07,0.23,3.8,0.27,2.1,8,1.11,3,-,,,0,(880),(1600),(1700),(510),(220),(730),(790),(680),(1500),(880),(240),(940),(760),(1300),8.22,0.38,0.06,0.32,270,35,6,0,27,10,173100
11,0,11067,＜畜肉類＞　うし　［輸入牛肉］　リブロース　脂身つき　生,"Beef, imported, rib roast, with fat, raw",63.8,20.1,15.4,(0),0.9,212,201.25,4,170,44,330,20,2.2,4.7,0.07,0.01,1,,20,0,1,,9,0.4,0.7,0.08,0.16,5.0,0.37,1.3,7,0.85,4,1.4,,,0,910,1600,1800,520,230,740,810,710,1500,960,250,980,780,1300,13.54,0.39,0.07,0.32,280,45,5,0,24,9,173975
11,0,11269,＜畜肉類＞　うし　［輸入牛肉］　リブロース　脂身つき　ゆで,"Beef, imported, rib roast, with fat, boiled",50.2,25.8,23.9,(0),0.5,307,293.45,2,110,18,130,14,2.7,6.5,0.08,0,1,,24,Tr,1,30.1,14,0.5,1.0,0.04,0.14,2.7,0.26,1.3,6,0.50,5,1.7,48.6,1.6,0,1300,2200,2500,710,310,1000,1100,990,2100,1300,330,1300,860,1800,20.92,0.57,0.09,0.48,420,63,6,0,28,9,172153
11,0,11268,＜畜肉類＞　うし　［輸入牛肉］　リブロース　脂身つき　焼き,"Beef, imported, rib roast, with fat, grilled",49.8,25.0,23.9,(0),1.0,306,291.7,3,180,41,320,21,2.9,6.3,0.08,Tr,1,,23,Tr,1,,12,0.5,1.1,0.08,0.18,5.0,0.40,1.6,7,1.07,5,1.9,,,0,1200,2100,2300,670,300,980,1000,910,1900,1200,310,1200,920,1700,20.91,0.55,0.10,0.46,410,72,0,0,28,9,173975
11,0,11068,＜畜肉類＞　うし　［輸入牛肉］　リブロース　皮下脂肪なし　生,"Beef, imported, rib roast, no subcutaneous fat, raw",64.5,20.3,14.4,(0),0.9,203,193.45,4,170,45,330,20,2.2,4.8,0.07,0.01,1,,21,0,1,,9,0.4,0.7,0.08,0.16,5.1,0.38,1.4,7,0.87,4,1.4,,,0,(900),(1600),(1800),(520),(230),(750),(820),(690),(1500),(900),(250),(970),(780),(1300),12.48,0.38,0.09,0.29,260,57,2,0,17,10,173975
11,0,11069,＜畜肉類＞　うし　［輸入牛肉］　リブロース　赤肉　生,"Beef, imported, rib roast, lean, raw",68.6,21.7,9.1,(0),1.0,163,153.3,4,180,47,350,21,2.3,5.2,0.07,0.01,1,,22,0,1,,7,0.2,0.6,0.09,0.17,5.4,0.40,1.5,7,0.93,3,1.5,,,0,(970),(1700),(1900),(560),(240),(810),(870),(750),(1600),(970),(270),(1000),(840),(1400),7.82,0.32,0.05,0.27,230,32,3,0,20,10,171735
11,0,11070,＜畜肉類＞　うし　［輸入牛肉］　リブロース　脂身　生,"Beef, imported, rib roast, fat, raw",19.9,5.7,73.1,(0),0.3,653,644.8,1,53,17,130,6,1.1,1.1,0.02,0,Tr,,4,Tr,0,,28,2.2,1.6,0.01,0.02,1.6,0.11,0.3,2,0.21,16,0.5,,,0,(150),(320),(300),(78),(41),(120),(180),(110),(290),(170),(27),(230),(170),(390),63.72,1.18,0.47,0.72,690,330,0,0,0,8,173968
11,0,11071,＜畜肉類＞　うし　［輸入牛肉］　サーロイン　脂身つき　生,"Beef, imported, sirloin, with fat, raw",57.7,17.4,23.7,(0),0.8,273,263.75,3,150,39,290,18,1.4,3.1,0.06,0,-,,-,-,-,,10,0.6,0.7,0.05,0.12,4.9,0.42,0.6,5,0.52,5,-,,,0,(760),(1400),(1500),(440),(190),(630),(690),(580),(1300),(760),(210),(820),(660),(1100),(20.52),(0.43),(0.17),(0.26),(240),(110),(6),(1),(9),10,173978
11,0,11072,＜畜肉類＞　うし　［輸入牛肉］　サーロイン　皮下脂肪なし　生,"Beef, imported, sirloin, no subcutaneous fat, raw",63.1,19.1,16.5,(0),0.9,218,208.5,4,170,42,320,20,1.3,3.4,0.07,0,-,,-,-,-,,8,0.4,0.6,0.06,0.13,5.4,0.46,0.7,5,0.57,4,-,,,0,(840),(1500),(1700),(490),(210),(700),(760),(650),(1400),(840),(230),(910),(730),(1200),(14.23),(0.32),(0.12),(0.19),(170),(79),(7),(2),(11),9,171733
11,0,11073,＜畜肉類＞　うし　［輸入牛肉］　サーロイン　赤肉　生,"Beef, imported, sirloin, lean, raw",72.1,22.0,4.4,(0),1.0,127,116.15,4,190,48,360,23,2.2,3.9,0.08,0,-,,-,-,-,,4,0,0.4,0.06,0.16,6.2,0.54,0.8,6,0.65,1,-,,,0,(980),(1800),(1900),(570),(250),(820),(890),(760),(1600),(980),(270),(1000),(850),(1400),3.65,0.14,0.05,0.08,62,25,8,2,13,9,171739
11,0,11074,＜畜肉類＞　うし　［輸入牛肉］　ばら　脂身つき　生,"Beef, imported, brisket, with fat, raw",51.8,14.4,32.9,(0),0.7,338,330.75,4,130,52,230,14,1.5,3.0,0.05,0,-,,-,-,-,2.5,24,0.4,1.1,0.05,0.12,3.9,0.28,1.3,5,0.50,13,-,,,0,,,,,,,,,,,,,,,29.63,0.54,0.20,0.34,310,150,0,0,13,8,174740
11,0,11075,＜畜肉類＞　うし　［輸入牛肉］　もも　脂身つき　生,"Beef, imported, round, with fat, raw",71.4,19.6,8.6,(0),1.0,148,141.7,3,170,41,310,21,2.4,3.8,0.08,0.01,-,,-,-,-,,5,0.2,0.5,0.08,0.19,5.0,0.44,1.5,8,0.78,4,-,,,0,(860),(1600),(1700),(500),(210),(710),(780),(670),(1500),(870),(240),(970),(770),(1300),7.17,0.25,0.05,0.20,170,34,4,1,22,9,173976
11,0,11076,＜畜肉類＞　うし　［輸入牛肉］　もも　皮下脂肪なし　生,"Beef, imported, round, lean, raw",73.0,20.0,6.7,(0),1.0,133,126.95,3,170,42,320,22,2.5,3.9,0.08,0.01,1,,12,0,1,,4,0.1,0.4,0.09,0.20,5.1,0.45,1.5,8,0.78,4,1.9,,,0,910,1600,1800,520,220,740,810,720,1500,970,250,1000,800,1300,5.46,0.35,0.10,0.25,180,39,20,4,45,10,173971
11,0,11271,＜畜肉類＞　うし　［輸入牛肉］　もも　皮下脂肪なし　ゆで,"Beef, imported, round, lean, boiled",60.0,30.0,11.0,(0),0.6,204,198.5,3,130,19,130,16,3.5,7.5,0.10,0.01,1,,19,1,Tr,32.5,8,0,0.7,0.05,0.18,3.2,0.35,1.2,7,0.62,5,2.5,131.8,,0,1500,2600,2800,850,350,1200,1300,1100,2400,1600,390,1600,970,2100,8.79,0.55,0.14,0.42,320,57,27,0,64,10,168713
11,0,11270,＜畜肉類＞　うし　［輸入牛肉］　もも　皮下脂肪なし　焼き,"Beef, imported, round, lean, grilled",60.4,28.0,14.1,(0),1.1,205,217.85,4,190,41,320,23,3.3,6.6,0.09,0.02,1,,17,1,1,44.8,8,0,0.6,0.08,0.22,5.6,0.53,1.7,10,0.88,8,2.6,94.2,0,0,1300,2300,2500,740,320,1100,1100,1000,2200,1400,350,1400,1000,1900,11.41,0.63,0.16,0.47,360,70,32,0,71,10,172129
11,0,11077,＜畜肉類＞　うし　［輸入牛肉］　もも　赤肉　生,"Beef, imported, round, red meat, raw",74.2,21.2,4.3,(0),1.0,117,110.75,4,180,44,340,23,2.6,4.1,0.08,0.01,-,,-,-,-,,3,0.1,0.4,0.09,0.21,5.4,0.48,1.6,8,0.82,3,-,,,0,(940),(1700),(1900),(540),(230),(770),(850),(730),(1600),(950),(260),(1000),(840),(1400),3.40,0.19,0.03,0.16,120,15,4,1,24,10,173977
11,0,11078,＜畜肉類＞　うし　［輸入牛肉］　もも　脂身　生,"Beef, imported, round, fat, raw",28.1,6.3,64.4,(0),0.4,580,572.25,2,61,19,120,7,0.9,0.8,0.02,0.01,-,,-,-,-,,35,0.9,1.2,0.02,0.03,1.6,0.13,0.4,2,0.46,19,-,,,0,(180),(370),(370),(98),(60),(160),(220),(140),(360),(210),(37),(280),(180),(500),56.08,1.10,0.37,0.73,730,280,0,0,0,9,171729
11,0,11079,＜畜肉類＞　うし　［輸入牛肉］　そともも　脂身つき　生,"Beef, imported, outside round, with fat, raw",65.8,18.7,14.3,(0),0.9,197,188.05,4,170,48,320,20,1.1,2.9,0.08,Tr,-,,-,-,-,,9,0.3,0.7,0.06,0.16,4.3,0.37,1.3,6,0.80,6,-,,,0,(820),(1500),(1600),(470),(200),(670),(750),(640),(1400),(830),(230),(920),(730),(1200),(12.12),(0.29),(0.10),(0.19),(170),(70),(5),(0),(9),9,171733
11,0,11080,＜畜肉類＞　うし　［輸入牛肉］　そともも　皮下脂肪なし　生,"Beef, imported, outside round, lean, raw",67.6,19.3,11.9,(0),0.9,178,169.75,4,180,49,330,20,1.0,3.0,0.08,Tr,-,,-,-,-,,7,0.3,0.7,0.06,0.17,4.4,0.38,1.4,6,0.82,5,-,,,0,(850),(1500),(1700),(490),(210),(700),(770),(660),(1400),(860),(230),(950),(760),(1300),(10.02),(0.25),(0.09),(0.16),(150),(60),(5),(0),(9),9,171733
11,0,11081,＜畜肉類＞　うし　［輸入牛肉］　そともも　赤肉　生,"Beef, imported, outside round, red meat, raw",73.6,21.2,3.9,(0),1.0,117,108.4,4,190,53,360,22,1.9,3.3,0.09,0,-,,-,-,-,,3,0.2,0.7,0.07,0.19,4.9,0.42,1.5,7,0.87,3,-,,,0,(940),(1700),(1900),(540),(230),(780),(850),(730),(1600),(950),(260),(1000),(840),(1400),3.00,0.12,0.05,0.07,57,26,6,0,10,9,173977
11,0,11082,＜畜肉類＞　うし　［輸入牛肉］　ランプ　脂身つき　生,"Beef, imported, rump, with fat, raw",63.8,18.4,16.4,(0),1.0,214,205.2,3,170,45,310,20,1.3,3.4,0.10,Tr,-,,-,-,-,,10,0.4,0.8,0.09,0.24,4.0,0.44,1.9,7,0.91,5,-,,,0,(800),(1500),(1600),(460),(200),(660),(730),(620),(1400),(810),(220),(900),(720),(1200),(14.05),(0.37),(0.13),(0.24),(220),(86),(9),(0),(14),9,173975
11,0,11083,＜畜肉類＞　うし　［輸入牛肉］　ランプ　皮下脂肪なし　生,"Beef, imported, rump, lean, raw",67.7,19.7,11.1,(0),1.0,174,165.05,4,190,47,330,21,1.1,3.7,0.11,Tr,-,,-,-,-,,8,0.3,0.8,0.10,0.26,4.2,0.47,2.0,7,0.96,4,-,,,0,(870),(1600),(1700),(500),(210),(710),(790),(670),(1500),(880),(240),(970),(770),(1300),(9.40),(0.29),(0.10),(0.18),(160),(64),(10),(0),(16),10,171733
11,0,11084,＜畜肉類＞　うし　［輸入牛肉］　ランプ　赤肉　生,"Beef, imported, rump, red meat, raw",73.8,21.6,3.0,(0),1.1,112,102.85,4,210,52,360,23,2.6,4.1,0.12,0,-,,-,-,-,,4,0.2,0.7,0.11,0.29,4.6,0.52,2.3,8,1.03,1,-,,,0,(960),(1700),(1900),(550),(240),(790),(870),(750),(1600),(970),(270),(1100),(850),(1400),2.31,0.17,0.06,0.10,74,31,11,0,18,10,171734
11,0,11085,＜畜肉類＞　うし　［輸入牛肉］　ヒレ　赤肉　生,"Beef, imported, tenderloin, red meat, raw",73.3,20.5,4.8,(0),1.1,123,113.6,4,180,45,370,24,2.8,2.8,0.11,0.02,-,,-,-,-,,4,0.4,0.7,0.10,0.25,4.7,0.39,2.0,5,1.26,2,-,,,0,(1000),(1800),(2000),(570),(210),(780),(850),(800),(1700),(1000),(240),(1100),(780),(1400),3.99,0.22,0.08,0.14,110,42,12,2,21,9,173965
11,0,11086,＜畜肉類＞　うし　［子牛肉］　リブロース　皮下脂肪なし　生,"Veal, rib roast, lean, raw",76.0,21.7,0.9,(0),1.1,94,84.65,5,190,67,360,23,1.6,2.8,0.07,0,-,,-,-,-,9.1,0,0,0.1,0.09,0.17,8.9,0.48,1.2,6,0.72,Tr,-,,,0,(1100),(1700),(1800),(510),(250),(750),(880),(690),(1600),(950),(220),(1200),(790),(1300),0.49,0.13,0.01,0.13,84,1,1,0,32,9,175269
11,0,11087,＜畜肉類＞　うし　［子牛肉］　ばら　皮下脂肪なし　生,"Veal, brisket, lean, raw",74.5,20.9,3.6,(0),1.0,113,103.75,6,160,100,320,19,1.7,3.6,0.07,0,-,,-,-,-,,3,0,0.2,0.10,0.18,6.2,0.26,1.6,3,0.84,3,-,,,0,(1000),(1700),(1700),(490),(240),(720),(840),(670),(1500),(910),(210),(1200),(760),(1200),2.80,0.25,0.01,0.24,190,6,0,0,34,9,172478
11,0,11088,＜畜肉類＞　うし　［子牛肉］　もも　皮下脂肪なし　生,"Veal, round, lean, raw",74.8,21.2,2.7,(0),1.1,107,97.85,5,200,54,390,23,1.3,2.3,0.06,0,-,,-,-,-,9,3,0,0.1,0.08,0.16,9.3,0.44,0.8,5,0.72,1,-,89.5,3.9,0,(1000),(1700),(1700),(500),(240),(730),(860),(680),(1500),(930),(210),(1200),(770),(1200),2.00,0.21,0.01,0.20,150,7,0,0,30,10,175268
11,0,11089,＜畜肉類＞　うし　［ひき肉］　生,"Beef, ground, raw",61.4,17.1,21.1,(0),0.8,251,239.2,6,100,64,260,17,2.4,5.2,0.06,Tr,1,,11,2,1,14.2,12,0.1,0.5,0.08,0.19,4.2,0.25,1.6,5,0.72,9,1.8,67.4,1.1,0,720,1300,1400,410,180,590,670,560,1200,770,190,790,610,1100,18.95,0.63,0.24,0.39,330,80,32,87,19,9,168608
11,0,11272,＜畜肉類＞　うし　［ひき肉］　焼き,"Beef, ground, grilled",52.2,25.9,21.3,(0),1.2,280,271.7,8,150,92,390,26,3.4,7.6,0.09,0.01,1,,15,3,2,14.2,5,0.1,0.7,0.11,0.26,6.3,0.34,1.7,7,1.02,9,2.9,67.4,1.1,0,1100,2100,2300,640,290,930,1100,890,2000,1200,300,1300,950,1800,17.97,0.52,0.09,0.43,380,63,0,0,31,10,168608
11,0,11090,＜畜肉類＞　うし　［副生物］　舌　生,"Beef, tongue, raw",54.0,13.3,31.8,(0),0.7,318,317.55,3,130,60,230,15,2.0,2.8,0.09,0.01,1,,10,0,2,9.4,3,0,0.9,0.10,0.23,3.8,0.14,3.8,14,0.68,9,1.9,,,3.1,630,1200,1200,350,160,510,590,500,1100,680,160,720,420,960,28.42,1.25,0.06,1.18,1000,48,0,0,70,9,170196
11,0,11273,＜畜肉類＞　うし　［副生物］　舌　焼き,"Beef, tongue, grilled",41.4,20.2,37.1,(0),1.0,401,387.1,4,180,78,320,22,2.9,4.6,0.12,0.01,1,,16,0,2,9.4,3,0,1.2,0.11,0.36,5.2,0.16,5.4,14,0.99,11,3.1,,,3.1,900,1700,1800,510,250,750,850,720,1600,990,230,1000,590,1400,32.60,1.39,0.07,1.32,1200,53,0,0,81,9,170196
11,0,11091,＜畜肉類＞　うし　［副生物］　心臓　生,"Beef, heart, raw",74.8,16.5,7.6,(0),1.0,128,122.7,5,170,70,260,23,3.3,2.1,0.42,-,-,,-,-,-,21.8,9,0,0.6,0.42,0.90,5.8,0.29,12.0,16,2.16,5,-,,0,2,750,1400,1300,410,220,630,710,550,1300,750,210,880,440,1100,5.92,0.33,Tr,0.32,290,2,0,0,20,9,168625
11,0,11092,＜畜肉類＞　うし　［副生物］　肝臓　生,"Beef, liver, raw",71.5,19.6,3.7,(0),1.5,119,113,5,330,55,300,17,4.0,3.8,5.30,-,4,,50,Tr,94,39.7,1100,0,0.3,0.22,3.00,14.0,0.89,53.0,1000,6.40,1,76.0,333.3,3.1,1.3,920,1900,1600,480,340,820,1100,710,1800,960,290,1200,610,1200,2.05,0.64,0.07,0.57,200,6,10,9,170,9,169451
11,0,11093,＜畜肉類＞　うし　［副生物］　じん臓　生,"Beef, kidney, raw",75.7,16.7,6.4,(0),1.0,118,113.55,6,200,80,280,12,4.5,1.5,0.28,-,6,,210,0,43,141,4,0,0.3,0.46,0.85,5.5,0.45,22.0,250,4.08,6,90.0,,0,9.4,720,1500,1200,370,300,670,770,580,1400,750,260,980,440,1000,4.82,0.45,0.03,0.42,230,11,2,0,150,8,169449
11,0,11094,＜畜肉類＞　うし　［副生物］　第一胃　ゆで,"Beef, tripe (rumen), boiled",66.6,24.5,8.4,(0),0.5,166,157.15,11,82,51,130,14,0.7,4.2,0.08,0.03,-,,-,-,-,12.5,1,Tr,0.4,0.04,0.14,1.7,0.01,2.0,3,0.49,6,-,194.8,0,0,(880),(1700),(1600),(490),(370),(860),(830),(710),(1500),(960),(240),(1200),(470),(1700),6.59,0.51,0.08,0.39,240,26,0,0,120,9,170599
11,0,11095,＜畜肉類＞　うし　［副生物］　第二胃　ゆで,"Beef, tripe (reticulum), boiled",71.6,12.4,15.7,(0),0.3,186,176.85,7,55,39,64,6,0.6,1.5,0.04,0.07,-,,-,-,-,12.5,3,0.1,0.3,0.02,0.10,1.0,0.01,2.0,12,0.44,16,-,194.8,0,0,(450),(860),(810),(250),(190),(430),(420),(360),(780),(480),(120),(580),(240),(860),14.05,0.53,0.05,0.40,310,34,0,0,67,9,170599
11,0,11096,＜畜肉類＞　うし　［副生物］　第三胃　生,"Beef, tripe (omasum), raw",86.6,11.7,1.3,(0),0.4,57,52,16,80,50,83,10,6.8,2.6,0.08,0.07,-,,-,-,-,12.5,4,0,0.1,0.04,0.32,1.7,0.02,4.6,33,0.64,4,-,194.8,0,0,(420),(810),(760),(230),(180),(410),(400),(340),(740),(460),(110),(550),(220),(810),0.89,0.10,Tr,0.09,55,2,0,0,25,9,170599
11,0,11097,＜畜肉類＞　うし　［副生物］　第四胃　ゆで,"Beef, tripe (abomasum), boiled",58.5,11.1,30.0,(0),0.4,308,293.85,8,86,38,51,8,1.8,1.4,0.11,0.07,-,,-,-,-,12.5,5,0.2,0.5,0.05,0.14,0.6,0.01,3.6,10,0.34,35,-,194.8,0,0,(400),(770),(720),(220),(170),(390),(380),(320),(700),(430),(110),(520),(210),(770),27.40,0.89,0.08,0.67,580,65,0,0,74,8,170599
11,0,11098,＜畜肉類＞　うし　［副生物］　小腸　生,"Beef, small intestine, raw",63.3,9.9,26.1,(0),0.7,268,256.5,7,140,77,180,10,1.2,1.2,0.07,0.10,-,,-,-,-,24.7,2,0,0.3,0.07,0.23,3.1,0.05,21.0,15,1.21,9,-,,,13.7,(360),(680),(640),(200),(150),(350),(340),(290),(620),(390),(95),(470),(190),(680),23.62,0.58,0.08,0.30,210,72,0,0,55,7,169452
11,0,11099,＜畜肉類＞　うし　［副生物］　大腸　生,"Beef, large intestine, raw",77.2,9.3,13.0,(0),0.5,150,143.05,9,77,61,120,8,0.8,1.3,0.05,0.05,-,,-,-,-,12.5,2,0,0.2,0.04,0.14,2.1,0.01,1.3,8,0.66,15,-,194.8,0,0,(330),(640),(600),(190),(140),(330),(320),(270),(590),(360),(89),(440),(180),(640),11.71,0.47,0.05,0.35,290,42,0,0,44,8,170599
11,0,11100,＜畜肉類＞　うし　［副生物］　直腸　生,"Beef, rectum, raw",80.7,11.6,7.0,(0),0.7,106,100.1,9,100,87,190,10,0.6,1.7,0.05,0.04,-,,-,-,-,12.5,2,0,0.2,0.05,0.15,2.3,0.01,1.7,24,0.85,12,-,194.8,0,0,(420),(800),(750),(230),(170),(410),(390),(340),(730),(450),(110),(550),(220),(800),6.09,0.25,0.01,0.20,150,7,0,0,40,9,170599
11,0,11101,＜畜肉類＞　うし　［副生物］　腱　ゆで,"Beef, tendon, boiled",65.4,31,5.1,(0),0.3,157,151.85,14,23,86,18,4,0.4,1,0.02,0.01,1,,9,1,1,3.6,1,0,0.1,Tr,0.04,0.2,Tr,0.5,2,0.1,9,0.4,13.3,0.2,0,590,1200,1100,290,80,80,780,360,1100,760,36,940,310,2700,4.45,0.10,0.01,0.08,56,6,0,0,14,8,171119
11,0,11102,＜畜肉類＞　うし　［副生物］　子宮　ゆで,"Beef, uterus, boiled",78.2,18.4,3.0,(0),0.4,95,89.9,8,63,79,74,7,1.2,1.7,0.06,0.02,-,,-,-,-,50.3,0,0,0.2,0.01,0.10,0.5,0.01,1.7,10,0.35,5,-,,,32.7,,,,,,,,,,,,,,,2.31,0.16,0.01,0.13,77,7,0,0,45,7,168629
11,40,11103,＜畜肉類＞　うし　［副生物］　尾　生,"Beef, oxtail, raw",40.7,11.6,47.1,(0),0.6,440,440.95,7,85,50,110,13,2.0,4.3,0.08,-,-,,-,-,-,,20,0,0.3,0.06,0.17,2.6,0.26,1.8,3,1.95,Tr,-,,,0,,,,,,,,,,,,,,,41.75,1.30,0,1.30,1200,0,0,0,35,8,171728
11,0,11274,＜畜肉類＞　うし　［副生物］　横隔膜　生,"Beef, diaphragm, raw",57.0,14.8,27.3,(0),0.7,288,284.55,2,140,48,250,16,3.2,3.7,0.13,0.01,1,,14,0,1,9.4,4,0,0.7,0.14,0.35,4.0,0.18,3.8,6,1.06,5,2.9,,,3.1,670,1300,1300,390,170,560,650,540,1200,720,180,750,510,1000,24.79,0.97,0.06,0.91,790,48,0,0,64,9,170196
11,0,11296,＜畜肉類＞　うし　［副生物］　横隔膜　ゆで,"Beef, diaphragm, boiled",39.6,21.3,36.7,(0),0.5,414,393.15,3,130,25,120,14,4.2,5.6,0.19,0.01,2,,20,(0),1,3.9,5,(0),1.0,0.08,0.35,2.7,0.13,3.9,7,0.71,7,-,,,0,1000,2000,2100,630,260,880,1000,850,1800,1100,290,1200,700,1600,33.42,1.27,0.07,1.20,1000,65,0,0,72,9,174737
11,0,11297,＜畜肉類＞　うし　［副生物］　横隔膜　焼き,"Beef, diaphragm, grilled",39.4,21.1,37.2,(0),0.8,401,395.3,3,170,49,270,19,4.1,5.3,0.19,0.01,2,,19,(0),1,32,4,(0),1.1,0.15,0.46,5.0,0.21,6.3,9,1.29,7,-,,1.6,0,1000,2000,2000,610,260,880,980,830,1800,1100,280,1100,730,1600,33.93,1.34,0.08,1.26,1100,69,0,0,82,9,173055
11,0,11104,＜畜肉類＞　うし　［加工品］　ローストビーフ,"Beef, roast beef",64.0,21.7,11.7,(0),1.7,190,178.55,6,200,310,260,24,2.3,4.1,0.10,0.01,1,,15,1,1,29.4,Tr,0.1,0.3,0.08,0.25,6.3,0.47,1.6,9,0.98,4,2.1,104,,0,1000,1800,2000,540,230,780,900,800,1700,1100,270,1100,870,1400,10.19,0.40,0.06,0.34,310,38,6,0,21,9,171784
11,0,11105,＜畜肉類＞　うし　［加工品］　コンビーフ缶詰,"Beef, corned beef, canned",63.4,19.8,13.0,(0),2.1,191,185.75,15,120,690,110,13,3.5,4.1,0.11,0.04,9,,10,4,1,42.9,Tr,0,0.8,0.02,0.14,7.6,0.04,1.3,5,0.20,5,1.6,89.2,1.6,0,960,1600,1700,510,160,660,850,740,1600,970,240,1100,660,1300,12.06,0.32,0.07,0.25,210,42,10,0,15,6,170602
11,0,11106,＜畜肉類＞　うし　［加工品］　味付け缶詰,"Beef, seasoned, canned",64.3,19.2,4.4,(0),2.2,156,139.25,8,110,720,180,16,3.4,4.0,0.09,0.09,2,,11,2,3,4.7,Tr,0,0.7,0.33,0.19,2.4,0.06,1.4,8,0.22,3,1.5,15.6,6.2,0.7,910,1600,1700,420,180,600,820,640,1500,980,220,990,610,1300,3.94,0.16,0.05,0.11,84,26,5,2,14,5,173330
11,0,11107,＜畜肉類＞　うし　［加工品］　ビーフジャーキー,Beef jerky,24.4,54.8,7.8,(0),6.6,304,280.5,13,420,1900,760,54,6.4,8.8,0.25,0.13,5,,38,11,3,10.7,5,0.3,2.2,0.13,0.45,12.0,0.85,3.5,12,1.25,8,4.5,109.1,2.3,0,2600,4500,4700,1400,580,2000,2200,1900,4100,2700,690,2800,2200,3500,5.51,0.69,0.16,0.50,390,80,24,0,78,5,167536
11,0,11108,＜畜肉類＞　うし　［加工品］　スモークタン,"Beef, smoked tongue",55.9,18.1,23.0,(0),2.1,273,262,6,150,630,190,16,2.6,4.2,0.12,0.02,3,,18,2,3,,18,0.3,0.6,0.08,0.27,3.4,0.13,4.7,4,1.12,16,4.5,,,,800,1500,1500,420,200,620,740,630,1400,880,210,880,480,1200,20.09,0.94,0.14,0.69,600,110,0,0,66,9,168985
11,0,11109,＜畜肉類＞　うま　肉　赤肉　生,"Horse, red meat, raw",76.1,20.1,2.5,(0),1.0,102,92.65,11,170,50,300,18,4.3,2.8,0.11,-,0,,17,0,1,10.1,9,-,0.9,0.10,0.24,5.8,0.02,7.1,4,1.01,2,1.1,,,1,1000,1700,1900,550,220,780,850,710,1600,1000,240,1100,1000,1300,2.08,0.29,0.09,0.20,180,91,0,0,12,9,175086
11,0,11110,＜畜肉類＞　くじら　肉　赤肉　生,"Whale, red meat, raw",74.3,24.1,0.4,(0),1.0,100,88.45,3,210,62,260,29,2.5,1.1,0.06,0.01,2,,32,Tr,0,9.6,7,0.1,0.6,0.06,0.23,12.0,0.46,2.0,4,0.31,Tr,1.6,,,4,1100,2000,2500,630,210,840,950,790,1700,1100,290,1100,890,1500,0.25,0.06,0.04,0.02,7,1,25,12,8,9,174344
11,0,11111,＜畜肉類＞　くじら　うねす　生,"Whale, belly, raw",49.0,18.8,31.4,(0),0.6,328,333.4,8,98,150,70,10,0.4,3.3,0.03,Tr,-,,-,-,-,,130,0.8,3.1,0.11,0.20,2.4,0.06,0.7,3,0.29,2,-,,,0,,,,,,,,,,,,,,,26.82,7.21,5.80,1.21,760,170,2200,1800,210,9,168979
11,0,11112,＜畜肉類＞　くじら　本皮　生,"Whale, outer skin, raw",21.0,9.7,68.8,(0),0.3,577,619.45,6,33,59,44,3,0.2,0.2,0.02,Tr,-,,-,-,-,,130,0.3,4.8,0.11,0.05,0.5,0.01,0.4,1,0.11,3,-,,,,,,,,,,,,,,,,,,50.11,13.74,11.20,2.18,1400,310,4300,3400,360,7,167624
11,0,11113,＜畜肉類＞　くじら　さらしくじら,"Whale, sarashi (boiled and shredded blubber)",93.7,5.3,0.9,(0),0.1,28,26.2,1,13,1,Tr,Tr,0,Tr,0.01,0,-,,-,-,-,,8,0,0.1,0,0,0,0,0,0,0,Tr,-,,,,,,,,,,,,,,,,,,0.77,0.14,0.11,0.03,20,5,38,35,4,8,167624
11,0,11114,＜畜肉類＞　しか　あかしか　赤肉　生,"Deer, red deer, red meat, raw",74.6,22.3,1.5,(0),1.1,102,92.55,4,200,58,350,26,3.1,3.1,0.18,0.02,-,,-,-,-,9.8,3,Tr,0.5,0.21,0.35,8.0,0.54,0.6,1,0.81,4,-,,,0,(880),(1900),(1900),(550),(250),(800),(910),(790),(1700),(1000),(0),(1000),(1100),(1600),0.90,0.20,0.09,0.11,80,41,20,5,22,9,175301
11,0,11275,＜畜肉類＞　しか　にほんじか　赤肉　生,"Deer, sika deer, red meat, raw",71.4,23.9,4.0,(0),1.2,119,117.65,4,230,55,390,27,3.9,2.9,0.15,0.02,1,,7,0,0,9.7,4,0,0.8,0.20,0.35,6.9,0.60,1.3,4,0.76,1,2.2,,1.1,0,1100,1900,2300,780,260,1000,1000,900,1900,1300,300,1400,1200,1600,2.89,0.42,0.12,0.30,220,54,21,5,68,9,173855
11,0,11294,＜畜肉類＞　しか　にほんじか　えぞしか　赤肉　生,"Deer, sika deer, Yezo deer, red meat, raw",71.4,22.6,5.2,(0),1.1,126,123.3,4,210,52,350,26,3.4,2.8,0.14,0.01,1,,6,0,0,9.7,5,0,0.6,0.21,0.32,7.9,0.55,1.3,4,0.75,0,2.1,,1.1,0,1100,1800,2100,740,250,990,980,850,1800,1200,280,1300,1100,1500,4.26,0.34,0.12,0.22,180,67,14,3,34,9,173855
11,0,11295,＜畜肉類＞　しか　にほんじか　きゅうしゅうじか　赤肉　生,"Venison (Japanese sika, Kyushu), lean, raw",74.4,22.6,2.5,(0),1.1,107,100.35,3,220,51,380,26,3.9,2.7,0.15,0.02,Tr,,6,Tr,0,9.7,3,0,0.8,0.18,0.34,5.2,0.58,1.1,3,0.70,2,2.0,,1.1,0,1000,1800,2000,600,240,840,910,800,1700,1100,290,1100,1000,1400,1.75,0.36,0.09,0.27,190,36,20,5,69,9,173855
11,0,11311,＜畜肉類＞　しか　にほんじか　ほんしゅうじか　赤肉　生,"Venison (Japanese sika, Honshu), lean, raw",77.1,21.4,1,-,1.1,90,83.4,4,210,60,370,25,3.3,2.3,0.17,0.01,1,,4,0,Tr,9.7,2,0,0.8,0.17,0.3,5.5,0.48,1.7,3,0.58,1,1.5,,1.1,0,950,1700,1900,590,230,230,850,750,1600,1000,280,1000,960,1300,0.58,0.19,0.05,0.14,98,24,9,1,34,9,173855
11,0,11115,＜畜肉類＞　ぶた　［大型種肉］　かた　脂身つき　生,"Pork, shoulder, large breed, with fat, raw",65.7,18.5,14.6,(0),1.0,201,189.55,4,180,53,320,21,0.5,2.7,0.09,0.01,-,,-,-,-,21.9,5,0.2,0.3,0.66,0.23,4.9,0.32,0.4,2,1.16,1,-,64.2,0,0,,,,,,,,,,,,,,,13.40,1.65,0.10,1.55,1400,64,0,13,59,9,168255
11,0,11116,＜畜肉類＞　ぶた　［大型種肉］　かた　皮下脂肪なし　生,"Pork, shoulder, large breed, trimmed, raw",69.8,19.7,9.3,(0),1.0,158,148.7,4,190,55,340,22,0.4,2.9,0.09,0.01,-,,-,-,-,25.8,4,0.2,0.3,0.71,0.25,5.3,0.34,0.4,2,1.23,1,-,88.9,0,0,,,,,,,,,,,,,,,8.38,1.04,0.06,0.98,860,38,0,9,53,9,169187
11,0,11117,＜畜肉類＞　ぶた　［大型種肉］　かた　赤肉　生,"Pork, shoulder, large breed, lean, raw",74.0,20.9,3.8,(0),1.1,114,106.15,4,200,58,360,24,1.1,3.1,0.10,0.01,-,,-,-,-,21.5,3,0.1,0.3,0.75,0.27,5.6,0.37,0.4,2,1.29,1,-,84.6,0,0,,,,,,,,,,,,,,,3.17,0.40,0.02,0.38,300,10,0,5,46,8,168369
11,0,11118,＜畜肉類＞　ぶた　［大型種肉］　かた　脂身　生,"Pork, shoulder, large breed, fat, raw",22.0,5.3,72.4,(0),0.3,663,633.95,2,54,23,98,5,0.4,0.4,0.03,0.01,-,,-,-,-,8,16,0.7,0.5,0.20,0.05,1.4,0.06,0.5,2,0.48,4,-,15.4,0,0.1,,,,,,,,,,,,,,,68.13,8.31,0.49,7.82,7200,350,0,61,130,6,167811
11,0,11119,＜畜肉類＞　ぶた　［大型種肉］　かたロース　脂身つき　生,"Pork, shoulder loin, large breed, with fat, raw",62.6,17.1,19.2,(0),1.0,237,223.4,4,160,54,300,18,0.6,2.7,0.09,0.01,-,,-,-,-,25.5,6,0.3,0.4,0.63,0.23,3.6,0.28,0.5,2,1.18,2,-,60.6,0,0.7,(760),(1400),(1500),(460),(200),(650),(680),(600),(1300),(790),(200),(830),(770),(1100),17.54,2.10,0.12,1.99,1800,83,0,11,63,7,167843
11,0,11120,＜畜肉類＞　ぶた　［大型種肉］　かたロース　皮下脂肪なし　生,"Pork, shoulder loin, large breed, trimmed, raw",65.1,17.8,16.0,(0),1.0,212,198.65,4,170,56,310,19,0.5,2.9,0.09,0.01,-,,-,-,-,31.6,6,0.3,0.4,0.66,0.25,3.7,0.30,0.4,2,1.23,2,-,50.7,0,0.1,(790),(1400),(1600),(480),(200),(680),(710),(630),(1300),(830),(210),(870),(800),(1200),14.53,1.70,0.09,1.61,1500,66,0,8,59,9,168316
11,0,11121,＜畜肉類＞　ぶた　［大型種肉］　かたロース　赤肉　生,"Pork, shoulder loin, large breed, lean, raw",71.3,19.7,7.8,(0),1.1,146,135.6,4,190,61,340,21,1.1,3.2,0.10,0.01,-,,-,-,-,21.5,4,0.2,0.3,0.72,0.28,4.0,0.33,0.4,2,1.34,1,-,84.6,0,0,(890),(1600),(1700),(540),(230),(760),(790),(700),(1500),(930),(240),(960),(890),(1300),6.80,0.67,0.03,0.63,540,22,0,0,48,9,168369
11,0,11122,＜畜肉類＞　ぶた　［大型種肉］　かたロース　脂身　生,"Pork, shoulder loin, large breed, fat, raw",23.6,5.4,70.7,(0),0.3,644,619.85,2,56,21,110,5,0.4,0.6,0.03,0,-,,-,-,-,8,16,0.7,0.8,0.23,0.05,1.5,0.07,0.5,2,0.48,4,-,15.4,0,0.1,(170),(360),(360),(97),(54),(150),(210),(140),(350),(200),(33),(270),(220),(450),66.06,8.60,0.50,8.09,7500,360,0,63,130,9,167811
11,0,11123,＜畜肉類＞　ぶた　［大型種肉］　ロース　脂身つき　生,"Pork, loin, large breed, with fat, raw",60.4,19.3,19.2,(0),0.9,248,231.45,4,180,42,310,22,0.3,1.6,0.05,0.01,1,,21,3,Tr,41.3,6,0.1,0.3,0.69,0.15,7.3,0.32,0.3,1,0.98,3,3.7,58.4,0,0,900,1600,1700,540,220,760,780,700,1500,960,230,1000,820,1300,17.73,2.21,0.11,2.10,1900,83,0,10,56,9,168286
11,0,11125,＜畜肉類＞　ぶた　［大型種肉］　ロース　脂身つき　ゆで,"Pork, loin, large breed, with fat, boiled",51.0,23.9,24.1,(0),0.7,299,289.55,5,140,25,180,19,0.4,2.2,0.06,0.01,Tr,,26,3,Tr,33.4,3,0.1,Tr,0.54,0.16,4.9,0.32,0.6,1,0.67,3,4.3,,,0.3,1200,2000,2200,690,270,960,1000,920,1900,1200,310,1300,870,1700,22.41,2.78,0.14,2.64,2400,100,0,12,70,9,167890
11,0,11124,＜畜肉類＞　ぶた　［大型種肉］　ロース　脂身つき　焼き,"Pork, loin, large breed, with fat, grilled",49.1,26.7,22.7,(0),1.2,310,287.45,6,250,52,400,29,0.4,2.2,0.07,0.01,2,,29,2,1,43.6,2,0.1,0.1,0.90,0.21,9.2,0.33,0.5,1,1.19,3,5.2,76,0,0,1300,2100,2400,730,300,1000,1100,960,2000,1300,330,1400,1100,1800,21.16,2.54,0.12,2.42,2200,94,0,9,62,9,167841
11,0,11276,＜畜肉類＞　ぶた　［大型種肉］　ロース　脂身つき　とんかつ,"Pork, loin, large breed, with fat, breaded fried (tonkatsu)",31.2,22.0,35.9,0.7,1.1,429,414,14,200,110,340,27,0.6,1.9,0.07,0.12,Tr,,23,Tr,4,47.8,11,0.7,3.5,0.75,0.15,7.0,0.31,0.5,6,0.79,16,5.0,73,0,0,1000,1800,1800,570,260,830,910,690,1600,1000,260,1100,890,1400,33.53,6.03,1.40,4.63,4400,1400,14,17,57,3,168298
11,0,11126,＜畜肉類＞　ぶた　［大型種肉］　ロース　皮下脂肪なし　生,"Pork, loin, large breed, trimmed, raw",65.7,21.1,11.9,(0),1.0,190,176.05,5,200,45,340,24,0.3,1.8,0.06,0.01,1,,23,3,Tr,41.3,5,0.1,0.3,0.75,0.16,8.0,0.35,0.3,1,1.05,2,3.3,58.4,0,0,(980),(1700),(1900),(580),(240),(820),(850),(780),(1600),(1100),(260),(1100),(960),(1400),10.84,1.28,0.06,1.22,1100,46,0,6,47,9,168286
11,0,11127,＜畜肉類＞　ぶた　［大型種肉］　ロース　赤肉　生,"Pork, loin, large breed, lean, raw",70.3,22.7,5.6,(0),1.1,140,128.1,5,210,48,360,26,0.7,1.9,0.06,0.01,1,,25,3,1,30.3,4,0.1,0.3,0.80,0.18,8.6,0.38,0.3,1,1.11,2,3.0,79.7,0,0,1100,1800,2000,620,260,890,920,840,1800,1200,280,1100,1000,1500,4.90,0.48,0.02,0.45,380,14,0,3,40,9,168312
11,0,11128,＜畜肉類＞　ぶた　［大型種肉］　ロース　脂身　生,"Pork, loin, large breed, fat, raw",18.3,5.1,76.3,(0),0.3,695,666.4,1,54,15,110,5,0.2,0.3,0.03,0,0,,4,1,0,8,15,0.2,0.4,0.22,0.05,1.8,0.07,0.6,1,0.44,4,6.9,15.4,0,0.1,170,340,340,92,52,140,200,140,340,200,31,260,210,440,71.58,9.48,0.48,9.00,8400,370,0,41,120,8,167811
11,0,11129,＜畜肉類＞　ぶた　［大型種肉］　ばら　脂身つき　生,"Pork, belly, large breed, with fat, raw",49.4,14.4,35.4,(0),0.7,366,351.65,3,130,50,240,15,0.6,1.8,0.04,0.01,0,,13,0,Tr,8,11,0.5,0.5,0.51,0.13,4.7,0.22,0.5,2,0.64,6,3.7,,0,0.3,630,1100,1200,340,160,490,580,510,1100,680,160,730,520,1000,33.36,3.50,0.18,3.32,3000,160,0,0,75,8,167812
11,0,11277,＜畜肉類＞　ぶた　［大型種肉］　ばら　脂身つき　焼き,"Pork, belly, large breed, with fat, grilled",37.1,19.6,43.9,(0),0.8,444,441.75,4,140,56,270,17,0.7,2.2,0.05,0,Tr,,18,1,1,8,11,0.6,0.6,0.57,0.14,6.5,0.27,0.7,1,0.68,8,4.7,,0,0.3,850,1500,1600,480,210,690,770,680,1400,900,220,970,670,1300,40.03,3.87,0.19,3.68,3400,170,0,0,65,8,167812
11,0,11130,＜畜肉類＞　ぶた　［大型種肉］　もも　脂身つき　生,"Pork, ham, large breed, with fat, raw",68.1,20.5,10.2,(0),1.0,171,159.15,4,200,47,350,24,0.7,2.0,0.08,0.01,-,,-,-,-,29.4,4,0.1,0.3,0.90,0.21,6.2,0.31,0.3,2,0.84,2,-,,,0.7,(900),(1600),(1700),(560),(240),(800),(810),(700),(1500),(910),(260),(1000),(860),(1300),9.07,1.24,0.06,1.18,1100,45,1,3,57,9,168222
11,0,11131,＜畜肉類＞　ぶた　［大型種肉］　もも　皮下脂肪なし　生,"Pork, ham, large breed, trimmed, raw",71.2,21.5,6.0,(0),1.1,138,126.95,4,210,49,360,25,0.7,2.1,0.08,0.01,0,,23,0,1,35.4,3,0.1,0.3,0.94,0.22,6.5,0.32,0.3,2,0.87,2,2.7,72.3,0,0.9,980,1700,1900,600,260,850,850,770,1600,1000,270,1100,910,1400,5.18,0.69,0.03,0.65,560,22,1,4,52,9,168224
11,0,11133,＜畜肉類＞　ぶた　［大型種肉］　もも　皮下脂肪なし　ゆで,"Pork, ham, large breed, trimmed, boiled",61.8,28.9,8.1,(0),0.9,185,171.05,5,190,27,200,24,0.9,3.0,0.12,0.01,0,,34,Tr,1,35.4,1,0.1,Tr,0.82,0.23,5.8,0.38,0.4,2,0.74,3,3.4,72.3,0,0.9,1400,2400,2700,810,350,1200,1200,1100,2300,1500,400,1500,970,2000,6.82,0.86,0.04,0.82,730,28,1,5,47,9,168224
11,0,11132,＜畜肉類＞　ぶた　［大型種肉］　もも　皮下脂肪なし　焼き,"Pork, ham, large breed, trimmed, grilled",60.4,30.2,7.6,(0),1.5,186,171.35,5,270,58,450,33,1.0,3.1,0.11,0.02,Tr,,31,1,1,27,1,0.1,Tr,1.19,0.28,9.4,0.43,0.5,1,1.07,3,3.8,111.9,0,0,1500,2600,2800,840,370,1200,1300,1200,2400,1600,400,1600,1200,2100,6.39,0.78,0.04,0.74,660,25,1,5,44,10,169189
11,0,11134,＜畜肉類＞　ぶた　［大型種肉］　もも　赤肉　生,"Pork, ham, large breed, lean, raw",73.0,22.1,3.6,(0),1.1,119,108.65,4,220,50,370,26,0.9,2.2,0.08,0.01,-,,-,-,-,30.8,3,0.1,0.3,0.96,0.23,6.6,0.33,0.3,2,0.88,2,-,80.8,0,0,(980),(1700),(1900),(610),(260),(870),(870),(760),(1600),(980),(280),(1100),(920),(1400),2.97,0.37,0.02,0.35,270,9,1,4,49,9,168249
11,0,11135,＜畜肉類＞　ぶた　［大型種肉］　もも　脂身　生,"Pork, ham, large breed, fat, raw",25.5,6.5,67.6,(0),0.4,611,597.35,1,73,22,140,8,0.7,0.5,0.04,0.01,-,,-,-,-,8,13,0.5,0.7,0.34,0.05,2.5,0.13,0.5,1,0.49,6,-,,0,0.3,(210),(430),(430),(120),(65),(180),(250),(170),(420),(240),(39),(320),(260),(550),62.16,8.84,0.41,8.43,7900,360,0,0,130,9,167812
11,0,11136,＜畜肉類＞　ぶた　［大型種肉］　そともも　脂身つき　生,"Pork, outside round, large breed, with fat, raw",63.5,18.8,16.5,(0),1.0,221,206.75,4,190,51,320,22,0.5,1.9,0.07,0.01,-,,-,-,-,29.4,5,0.2,0.4,0.79,0.18,5.1,0.36,0.3,1,0.97,2,-,,,0.7,(820),(1500),(1600),(510),(220),(730),(740),(640),(1400),(830),(230),(920),(780),(1200),15.20,2.00,0.10,1.90,1700,76,0,3,58,9,168222
11,0,11137,＜畜肉類＞　ぶた　［大型種肉］　そともも　皮下脂肪なし　生,"Pork, outside round, large breed, trimmed, raw",67.9,20.2,10.7,(0),1.0,175,162.35,4,200,54,340,23,0.5,2.1,0.07,0.01,-,,-,-,-,26.5,4,0.2,0.4,0.85,0.20,5.4,0.39,0.3,1,1.04,2,-,57.3,0,0,(890),(1600),(1700),(550),(240),(790),(790),(690),(1500),(890),(250),(980),(840),(1300),9.69,1.20,0.06,1.15,1000,43,0,4,50,9,168314
11,0,11138,＜畜肉類＞　ぶた　［大型種肉］　そともも　赤肉　生,"Pork, outside round, large breed, lean, raw",71.8,21.4,5.5,(0),1.1,133,122.35,4,210,57,360,25,0.9,2.3,0.08,0.01,-,,-,-,-,30.3,3,0.2,0.4,0.90,0.21,5.7,0.41,0.3,1,1.10,2,-,79.7,0,0,(950),(1700),(1800),(590),(250),(840),(840),(740),(1600),(950),(270),(1000),(890),(1300),4.75,0.49,0.02,0.47,390,14,0,4,42,9,168312
11,0,11139,＜畜肉類＞　ぶた　［大型種肉］　そともも　脂身　生,"Pork, outside round, large breed, fat, raw",24.9,6.6,68.1,(0),0.4,631,601.95,1,64,22,130,7,0.5,0.4,0.03,0,-,,-,-,-,8,16,0.4,0.5,0.27,0.05,2.2,0.11,0.4,2,0.38,5,-,15.4,0,0.1,(210),(440),(440),(120),(66),(180),(260),(170),(430),(250),(40),(330),(270),(550),64.22,9.04,0.43,8.61,8100,370,0,0,140,8,167811
11,0,11140,＜畜肉類＞　ぶた　［大型種肉］　ヒレ　赤肉　生,"Pork, tenderloin, large breed, lean, raw",73.4,22.2,3.7,(0),1.2,118,109.15,3,230,56,430,27,0.9,2.2,0.07,0.01,1,,21,1,1,30.3,3,0.3,0.3,1.32,0.25,6.9,0.54,0.5,1,0.93,3,3.0,79.7,0,0,1000,1800,2000,590,260,850,880,810,1700,1100,290,1100,880,1400,3.13,0.45,0.03,0.43,350,13,2,5,41,8,168312
11,0,11278,＜畜肉類＞　ぶた　［大型種肉］　ヒレ　赤肉　焼き,"Pork, tenderloin, large breed, lean, grilled",53.8,39.3,5.9,(0),2.0,202,187.7,6,380,92,690,45,1.6,3.6,0.12,0.01,1,,40,0,1,51.6,2,0.3,0.3,2.09,0.44,13.0,0.76,0.9,1,1.55,6,6.4,,,1,1900,3200,3500,1100,450,1500,1600,1500,3000,1900,500,2000,1600,2500,4.71,0.53,0.03,0.50,430,15,2,3,36,9,168313
11,0,11279,＜畜肉類＞　ぶた　［大型種肉］　ヒレ　赤肉　とんかつ,"Pork, tenderloin, large breed, lean, breaded fried (tonkatsu)",33.3,25.1,25.3,0.9,1.4,379,351.9,17,260,140,440,33,1.3,2.7,0.12,0.15,Tr,,30,Tr,6,47.8,3,0.3,4.1,1.09,0.32,7.1,0.33,0.6,6,1.16,32,4.6,73,0,0,1200,2100,2100,640,310,950,1100,830,1900,1200,320,1300,970,1600,23.00,5.82,1.62,4.19,4100,1600,0,0,47,3,168298
11,0,11141,＜畜肉類＞　ぶた　［中型種肉］　かた　脂身つき　生,"Pork, shoulder, medium breed, with fat, raw",63.6,18.3,17.2,(0),0.9,224,210.25,4,180,53,320,20,0.5,3.0,0.08,0.02,-,,-,-,-,21.9,5,Tr,0.3,0.70,0.22,4.8,0.30,0.3,1,0.92,Tr,-,64.2,0,0,,,,,,,,,,,,,,,16.04,1.75,0.11,1.64,1500,70,1,15,72,9,168255
11,0,11142,＜畜肉類＞　ぶた　［中型種肉］　かた　皮下脂肪なし　生,"Pork, shoulder, medium breed, trimmed, raw",68.5,19.7,10.8,(0),1.0,172,160.75,5,190,57,350,22,0.5,3.3,0.08,0.02,-,,-,-,-,21.9,3,Tr,0.3,0.75,0.24,5.2,0.33,0.3,1,0.99,Tr,-,64.2,0,0,,,,,,,,,,,,,,,9.91,1.11,0.07,1.05,910,42,2,10,64,9,168255
11,0,11143,＜畜肉類＞　ぶた　［中型種肉］　かた　赤肉　生,"Pork, shoulder, medium breed, lean, raw",74.0,21.4,3.5,(0),1.1,113,104.65,5,210,61,380,24,1.2,3.6,0.09,0.02,-,,-,-,-,25.8,2,0,0.3,0.82,0.27,5.6,0.36,0.3,1,1.07,0,-,88.9,0,0,,,,,,,,,,,,,,,2.92,0.39,0.02,0.36,280,9,2,4,55,9,169187
11,0,11144,＜畜肉類＞　ぶた　［中型種肉］　かた　脂身　生,"Pork, shoulder, medium breed, fat, raw",19.1,4.9,75.7,(0),0.3,698,660.6,2,50,20,91,5,0.4,0.4,0.04,0,-,,-,-,-,8,15,0.2,0.4,0.19,0.04,1.4,0.07,0.3,1,0.28,1,-,15.4,0,0.1,,,,,,,,,,,,,,,72.02,7.57,0.47,7.10,6500,330,0,67,150,7,167811
11,0,11145,＜畜肉類＞　ぶた　［中型種肉］　かたロース　脂身つき　生,"Pork, shoulder loin, medium breed, with fat, raw",62.0,17.7,19.3,(0),1.0,241,226,4,180,55,310,20,0.7,3.2,0.09,0.01,-,,-,-,-,25.5,4,Tr,0.3,0.70,0.24,4.8,0.33,0.4,1,0.98,Tr,-,60.6,0,0.7,(790),(1400),(1500),(470),(200),(670),(710),(620),(1300),(820),(210),(860),(790),(1200),17.80,2.00,0.12,1.89,1700,80,0,13,77,9,167843
11,0,11146,＜畜肉類＞　ぶた　［中型種肉］　かたロース　皮下脂肪なし　生,"Pork, shoulder loin, medium breed, trimmed, raw",64.8,18.5,15.7,(0),1.0,212,198.2,4,180,57,330,21,0.6,3.4,0.09,0.01,-,,-,-,-,31.6,4,Tr,0.3,0.74,0.25,5.0,0.35,0.4,1,1.01,Tr,-,50.7,0,0.1,(830),(1500),(1600),(500),(210),(710),(740),(650),(1400),(860),(220),(900),(830),(1200),14.35,1.60,0.09,1.51,1300,62,0,11,72,9,168316
11,0,11147,＜畜肉類＞　ぶた　［中型種肉］　かたロース　赤肉　生,"Pork, shoulder loin, medium breed, lean, raw",71.5,20.6,6.8,(0),1.1,140,129.9,4,200,63,360,23,1.3,3.8,0.10,0.01,-,,-,-,-,21.5,3,0,0.3,0.82,0.29,5.4,0.39,0.4,1,1.10,Tr,-,84.6,0,0,(920),(1600),(1800),(560),(240),(800),(820),(730),(1500),(960),(250),(990),(920),(1300),5.84,0.62,0.03,0.58,480,19,0,4,60,9,168369
11,0,11148,＜畜肉類＞　ぶた　［中型種肉］　かたロース　脂身　生,"Pork, shoulder loin, medium breed, fat, raw",22.3,5.4,71.9,(0),0.4,663,630.05,2,59,22,110,6,0.5,0.7,0.03,0,-,,-,-,-,8,11,0.2,0.6,0.21,0.04,2.2,0.09,0.3,1,0.47,1,-,,0,0.3,(170),(360),(360),(97),(54),(150),(210),(140),(350),(200),(33),(270),(220),(450),68.14,7.84,0.47,7.37,6800,340,0,51,150,8,167812
11,0,11149,＜畜肉類＞　ぶた　［中型種肉］　ロース　脂身つき　生,"Pork, loin, medium breed, with fat, raw",58.0,18.3,22.6,(0),0.9,275,256.85,3,170,39,310,20,0.3,1.6,0.05,0.01,Tr,,22,0,1,41.3,6,0.1,0.3,0.77,0.13,7.1,0.35,0.3,1,0.66,2,4.4,58.4,0,0,(870),(1500),(1600),(520),(210),(730),(730),(610),(1300),(830),(220),(960),(910),(1100),21.08,2.25,0.13,2.12,1900,97,0,12,68,8,168286
11,0,11150,＜畜肉類＞　ぶた　［中型種肉］　ロース　皮下脂肪なし　生,"Pork, loin, medium breed, trimmed, raw",64.6,20.6,13.6,(0),1.0,203,188.4,4,190,43,340,23,0.2,1.8,0.05,0.01,Tr,,24,0,1,41.3,5,0.1,0.3,0.86,0.14,7.9,0.39,0.3,1,0.71,3,4.0,58.4,0,0,1000,1700,1800,600,240,830,830,720,1500,1000,250,1100,1000,1300,12.50,1.32,0.08,1.24,1100,54,0,7,55,8,168286
11,0,11151,＜畜肉類＞　ぶた　［中型種肉］　ロース　赤肉　生,"Pork, loin, medium breed, lean, raw",71.2,22.9,4.6,(0),1.1,131,119.95,4,210,47,380,26,0.6,2.0,0.05,0.01,Tr,,27,0,1,30.3,4,0.1,0.3,0.96,0.15,8.8,0.43,0.3,1,0.77,3,3.6,79.7,0,0,(1100),(1800),(2000),(660),(260),(930),(910),(770),(1700),(1100),(280),(1200),(1200),(1400),3.91,0.39,0.02,0.37,300,12,0,2,42,9,168312
11,0,11152,＜畜肉類＞　ぶた　［中型種肉］　ロース　脂身　生,"Pork, loin, medium breed, fat, raw",17.3,4.1,78.3,(0),0.3,716,679.9,1,45,15,82,5,0.2,0.3,0.02,0,0,,7,0,1,8,14,0.1,0.4,0.19,0.04,2.0,0.08,0.4,1,0.31,1,7.1,15.4,0,0.1,(130),(270),(270),(73),(41),(110),(160),(110),(270),(150),(25),(200),(170),(340),74.23,8.02,0.48,7.54,7000,360,0,40,150,9,167811
11,0,11153,＜畜肉類＞　ぶた　［中型種肉］　ばら　脂身つき　生,"Pork, belly, medium breed, with fat, raw",45.8,13.4,40.1,(0),0.7,398,387.75,3,120,43,220,14,0.6,1.6,0.04,0.01,-,,-,-,-,8,9,0.1,0.4,0.45,0.11,4.2,0.23,0.3,2,0.62,1,-,,0,0.3,(570),(1000),(1100),(310),(140),(460),(530),(460),(990),(580),(140),(660),(480),(920),37.32,3.51,0.19,3.31,3100,160,0,0,83,8,167812
11,0,11154,＜畜肉類＞　ぶた　［中型種肉］　もも　脂身つき　生,"Pork, ham, medium breed, with fat, raw",64.2,19.5,15.1,(0),1.0,211,197.3,4,190,48,330,22,0.5,2.0,0.07,0.01,-,,-,-,-,29.4,5,0.1,0.3,0.90,0.19,7.2,0.37,0.3,1,0.92,3,-,,,0.7,(850),(1500),(1700),(530),(230),(760),(770),(660),(1400),(860),(240),(950),(810),(1200),13.70,1.52,0.09,1.43,1300,58,2,12,75,9,168222
11,0,11155,＜畜肉類＞　ぶた　［中型種肉］　もも　皮下脂肪なし　生,"Pork, ham, medium breed, trimmed, raw",69.6,21.3,7.8,(0),1.1,153,141.55,4,200,51,360,24,0.5,2.2,0.07,0.01,-,,-,-,-,19.7,4,0.1,0.3,0.98,0.20,7.8,0.40,0.3,1,0.99,4,-,69.6,0,0,(940),(1700),(1800),(590),(250),(840),(840),(730),(1600),(950),(270),(1000),(890),(1300),6.81,0.75,0.04,0.70,590,23,2,7,65,9,167814
11,0,11156,＜畜肉類＞　ぶた　［中型種肉］　もも　赤肉　生,"Pork, ham, medium breed, lean, raw",71.5,21.9,5.3,(0),1.1,133,122.4,4,210,53,370,25,0.9,2.3,0.07,0.01,-,,-,-,-,30.3,4,0.1,0.3,1.01,0.21,8.1,0.42,0.3,1,1.02,4,-,79.7,0,0,(970),(1700),(1900),(600),(260),(860),(860),(750),(1600),(970),(280),(1100),(920),(1400),4.45,0.48,0.03,0.46,360,11,2,5,62,9,168312
11,0,11157,＜畜肉類＞　ぶた　［中型種肉］　もも　脂身　生,"Pork, ham, medium breed, fat, raw",20.7,5.2,73.8,(0),0.3,672,645.5,1,58,18,110,6,0.5,0.4,0.03,0.01,-,,-,-,-,8,13,0.1,0.3,0.23,0.04,2.0,0.08,0.3,1,0.30,1,-,,0,0.3,(160),(340),(340),(93),(52),(150),(200),(140),(340),(190),(31),(260),(210),(440),69.11,7.73,0.47,7.26,6700,340,0,49,150,7,167812
11,0,11158,＜畜肉類＞　ぶた　［中型種肉］　そともも　脂身つき　生,"Pork, outside round, medium breed, with fat, raw",60.6,18.0,20.3,(0),0.9,252,236.25,4,170,49,320,21,0.6,2.2,0.08,0.02,-,,-,-,-,29.4,4,Tr,0.3,0.70,0.18,5.7,0.34,0.3,1,0.76,Tr,-,,,0.7,(780),(1400),(1500),(490),(210),(700),(710),(610),(1300),(790),(220),(880),(750),(1200),18.73,1.95,0.12,1.83,1600,79,0,15,79,9,168222
11,0,11159,＜畜肉類＞　ぶた　［中型種肉］　そともも　皮下脂肪なし　生,"Pork, outside round, separable lean only, raw",69.2,21.0,8.5,(0),1.1,159,146.45,4,190,55,360,25,0.5,2.6,0.09,0.02,-,,-,-,-,27.7,3,Tr,0.3,0.81,0.21,6.5,0.41,0.3,1,0.86,Tr,-,59.5,0,0,(920),(1600),(1800),(570),(250),(820),(830),(720),(1500),(930),(260),(1000),(880),(1300),7.61,0.79,0.05,0.75,630,27,0,6,64,9,168315
11,0,11160,＜畜肉類＞　ぶた　［中型種肉］　そともも　赤肉　生,"Pork, outside round, red meat, raw",72.0,21.9,4.8,(0),1.1,129,118.15,4,200,57,380,26,1.1,2.7,0.09,0.02,-,,-,-,-,30.3,3,0,0.3,0.84,0.22,6.7,0.43,0.3,1,0.89,0,-,79.7,0,0,(970),(1700),(1900),(610),(260),(860),(860),(750),(1600),(970),(280),(1100),(920),(1400),4.12,0.43,0.02,0.41,320,11,0,4,59,9,168312
11,0,11161,＜畜肉類＞　ぶた　［中型種肉］　そともも　脂身　生,"Pork, outside round, fat, raw",22.2,4.9,72.5,(0),0.4,660,633.4,1,63,21,120,6,0.5,0.5,0.03,0,-,,-,-,-,8,10,0.1,0.3,0.24,0.05,2.5,0.01,0.3,1,0.31,1,-,15.4,0,0.1,(160),(320),(320),(88),(49),(140),(190),(130),(320),(180),(30),(240),(200),(410),67.94,7.05,0.44,6.61,6100,310,0,50,140,7,167811
11,0,11162,＜畜肉類＞　ぶた　［中型種肉］　ヒレ　赤肉　生,"Pork, tenderloin, lean only, raw",74.2,22.7,1.7,(0),1.3,105,94.25,4,220,48,400,28,1.2,2.3,0.09,0.02,-,,-,-,-,30.8,2,0,0.3,1.22,0.25,5.4,0.48,0.2,1,0.90,0,-,80.8,0,0,(1000),(1800),(2000),(600),(260),(860),(890),(800),(1700),(1000),(290),(1100),(890),(1400),1.27,0.24,0.01,0.22,170,4,1,2,40,10,168249
11,0,11163,＜畜肉類＞　ぶた　［ひき肉］　生,"Pork, ground, raw",64.8,17.7,17.2,(0),0.9,209,208.15,6,120,57,290,20,1.0,2.8,0.07,0.01,1,,19,2,1,24.6,9,0.4,0.5,0.69,0.22,5.5,0.36,0.6,2,1.22,5,3.3,,,0.7,780,1400,1500,460,200,660,720,630,1300,860,210,880,690,1300,15.40,1.62,0.10,1.52,1400,74,0,9,55,8,167902
11,0,11280,＜畜肉類＞　ぶた　［ひき肉］　焼き,"Pork, ground, cooked",51.5,25.7,21.5,(0),1.3,289,272.7,7,170,80,440,29,1.6,3.7,0.09,0.03,1,,28,2,1,35.4,10,0.4,0.5,0.94,0.30,8.1,0.42,0.9,1,1.61,5,5.0,88.3,0,0.7,1200,2000,2200,670,290,960,1000,910,2000,1200,300,1300,1000,1700,19.06,1.82,0.08,1.74,1600,74,0,0,43,9,167903
11,0,11312,＜畜肉類＞　ぶた　［副生物］　頭部　ジョウルミート　生,"Pork, jowl, raw",59.8,17.4,22.3,-,0.9,256,250.45,3,150,64,290,17,0.5,1.8,0.04,Tr,0,,23,2,1,1.5,12,0.5,0.3,0.64,0.13,6.6,0.32,0.3,2,0.72,5,4,,,0,770,1400,1500,450,200,200,690,610,1300,820,190,850,660,1200,20.51,1.58,0.09,1.49,1300,63,2,10,47,8,168269
11,0,11313,＜畜肉類＞　ぶた　［副生物］　頭部　ジョウルミート　焼き,"Pork, jowl, cooked",45.1,25,28.6,-,1.2,351,330.95,5,210,85,410,25,0.7,2.6,0.06,Tr,-,,33,1,1,33.4,8,0.5,0.4,0.8,0.18,8.9,0.39,0.5,2,0.89,9,5.9,,,0.3,1100,2000,2200,660,280,930,990,890,1900,1200,270,1300,930,1700,26.12,1.86,0.10,1.76,1600,73,2,11,53,9,167890
11,0,11164,＜畜肉類＞　ぶた　［副生物］　舌　生,"Pork, tongue, raw",66.7,15.9,16.3,(0),1.0,205,194.55,8,160,80,220,15,2.3,2.0,0.20,-,-,,-,-,-,10.4,7,2,0.3,0.37,0.43,4.5,0.21,2.2,4,1.49,Tr,-,,,4.4,700,1200,1200,390,210,600,600,500,1100,670,200,770,450,960,14.51,1.38,0.04,1.33,1200,45,0,0,80,8,168275
11,0,11165,＜畜肉類＞　ぶた　［副生物］　心臓　生,"Pork, heart, raw",75.7,16.2,7.0,(0),1.0,118,116.55,5,170,80,270,17,3.5,1.7,0.35,-,-,,-,-,-,10.4,9,0.7,0.4,0.38,0.95,6.0,0.32,2.5,5,2.70,1,-,,,5.3,740,1400,1300,410,260,680,690,550,1200,730,210,860,420,1100,4.82,0.98,0.03,0.95,750,29,0,0,160,9,168267
11,0,11166,＜畜肉類＞　ぶた　［副生物］　肝臓　生,"Pork, liver, raw",72.0,20.4,3.4,(0),1.7,114,109.05,5,340,55,290,20,13.0,6.9,0.99,-,1,,67,0,120,52.7,13000,1.3,0.4,0.34,3.60,14.0,0.57,25.0,810,7.19,Tr,80.0,,,25.3,930,1800,1500,500,360,860,1100,750,1800,990,300,1200,580,1100,1.78,0.76,0.15,0.60,270,5,13,82,300,8,167862
11,0,11167,＜畜肉類＞　ぶた　［副生物］　じん臓　生,"Pork, kidney, raw",79.0,14.1,5.8,(0),1.1,96,98.65,7,220,160,200,11,3.7,2.4,0.41,-,2,,240,0,72,190,75,1.7,0.2,0.33,1.75,6.0,0.43,15.0,130,4.36,8,100.0,,,13.3,610,1200,950,310,250,550,650,530,1200,620,220,800,380,870,3.16,1.00,0.11,0.88,460,14,26,51,370,8,168270
11,0,11168,＜畜肉類＞　ぶた　［副生物］　胃　ゆで,"Pork, stomach, boiled",76.8,17.4,5.1,(0),0.7,111,104.25,9,140,100,150,15,1.5,2.4,0.19,0.05,-,,-,-,-,40.3,4,0.5,0.4,0.10,0.23,2.9,0.04,0.9,31,0.59,14,-,,0,0,(700),(1300),(1300),(370),(260),(630),(700),(560),(1300),(710),(210),(890),(420),(1300),3.93,0.43,0.04,0.39,290,17,3,10,72,8,168323
11,0,11169,＜畜肉類＞　ぶた　［副生物］　小腸　ゆで,"Pork, small intestine, boiled",73.7,14.0,11.9,(0),0.4,159,150.15,21,130,13,14,13,1.4,2.0,0.08,0.04,-,,-,-,-,27,15,0.3,0.3,0.01,0.03,0.1,0,0.4,17,0.24,5,-,471,0,0,(560),(1100),(1000),(290),(210),(500),(560),(450),(1000),(570),(170),(710),(340),(1000),10.65,0.85,0.08,0.76,670,43,3,15,76,7,167856
11,0,11170,＜畜肉類＞　ぶた　［副生物］　大腸　ゆで,"Pork, large intestine, boiled",74.1,11.7,13.8,(0),0.4,166,158.25,15,93,21,27,10,1.6,1.8,0.12,0.03,-,,-,-,-,15.1,8,0.5,0.5,0.03,0.07,0.1,0,1.0,25,0.27,26,-,,0,1.1,(470),(890),(850),(250),(180),(420),(470),(370),(840),(480),(140),(600),(280),(840),12.32,1.22,0.12,1.10,950,69,0,29,77,7,168266
11,0,11171,＜畜肉類＞　ぶた　［副生物］　子宮　生,"Pork, uterus, raw",83.8,14.6,0.9,(0),0.7,64,58.75,7,100,130,150,8,1.9,1.3,0.11,0.01,-,,-,-,-,31.1,8,0.2,0.2,0.06,0.14,2.2,0.01,3.8,8,0.38,5,-,194.8,0,0,(580),(1100),(1100),(310),(220),(530),(580),(470),(1100),(600),(180),(740),(350),(1100),0.43,0.11,0.01,0.09,38,1,0,5,48,7,167867
11,40,11172,＜畜肉類＞　ぶた　［副生物］　豚足　ゆで,"Pork, feet, boiled",62.7,20.1,16.8,(0),0.4,227,213.15,12,32,110,50,5,1.4,1.0,0.07,-,-,,-,-,-,23,6,1,0.4,0.05,0.12,0.7,0.02,0.4,1,0.16,1,-,75.4,0,0,,,,,,,,,,,,,,,15.55,1.35,0.14,1.21,1100,80,0,24,52,7,168290
11,0,11173,＜畜肉類＞　ぶた　［副生物］　軟骨　ゆで,"Pork, cartilage, boiled",63.5,17.8,17.9,(0),0.8,229,214.45,100,120,120,110,13,1.6,1.5,0.11,0.02,-,,-,-,-,26.3,7,0.5,0.1,0.08,0.15,1.7,0.05,0.6,2,0.47,13,-,,0,0,(390),(930),(830),(110),(160),(260),(570),(320),(890),(500),(34),(660),(210),(1500),16.51,2.09,0.17,1.91,1700,110,0,39,84,8,169157
11,10,11174,＜畜肉類＞　ぶた　［ハム類］　骨付きハム,"Pork, bone-in ham",62.9,16.7,16.6,(0),3.0,208,202.35,6,210,970,200,19,0.7,1.6,0.05,0.01,1,,24,6,1,26.4,4,0.5,0.2,0.24,0.24,3.5,0.25,1.1,Tr,0.66,4,3.9,57.8,0,0,780,1300,1400,420,180,600,680,590,1300,820,210,850,590,1100,13.73,1.70,0.13,1.57,1400,70,5,21,48,3,168348
11,0,11175,＜畜肉類＞　ぶた　［ハム類］　ボンレスハム,"Pork, boneless ham",72.0,18.7,4.0,(0),3.5,115,105.75,8,340,1100,260,20,0.7,1.6,0.07,0.01,1,,19,4,1,16.3,Tr,0.6,0.2,0.90,0.28,6.5,0.24,1.3,1,0.70,2,2.1,69.9,0,0,890,1500,1600,450,190,640,750,670,1400,910,230,960,760,1200,3.23,0.56,0.06,0.50,420,20,8,15,52,6,168295
11,0,11176,＜畜肉類＞　ぶた　［ハム類］　ロースハム　ロースハム,"Pork, loin ham",61.1,18.6,14.5,0,3.0,211,198.15,4,280,910,290,20,0.5,1.6,0.04,0.01,0,,21,12,1,15.3,3,0.2,0.1,0.70,0.12,7.3,0.28,0.5,1,0.71,6,3.8,,0,34.9,760,1500,1600,500,200,700,750,660,1400,910,230,960,740,1200,12.90,1.61,0.10,1.50,1400,82,2,6,55,5,167875
11,0,11303,＜畜肉類＞　ぶた　［ハム類］　ロースハム　ゆで,"Pork, loin ham, boiled",58.9,19.7,16.6,0,2.3,233,218.8,4,250,730,220,21,0.5,1.8,0.04,0.01,0,,24,11,1,35.7,3,0.3,0.1,0.64,0.12,6.1,0.28,0.6,1,0.72,5,4.0,68.6,0,0,680,1700,1800,560,210,770,830,730,1600,1000,260,1000,780,1400,14.91,1.51,0.09,1.42,1300,69,3,5,58,6,168347
11,0,11304,＜畜肉類＞　ぶた　［ハム類］　ロースハム　焼き,"Pork, loin ham, grilled",54.6,23.6,15.1,0,3.6,240,221.8,5,340,1100,370,24,0.6,1.8,0.05,0.01,0,,30,11,1,46.2,3,0.2,0.1,0.86,0.16,9.5,0.32,0.6,1,1.03,4,4.2,98.6,0,0,810,2000,2100,640,250,900,970,860,1800,1200,300,1200,980,1600,13.89,1.55,0.09,1.45,1300,74,3,6,63,5,169170
11,0,11305,＜畜肉類＞　ぶた　［ハム類］　ロースハム　フライ,"Pork, loin ham, fried",27.8,17.3,32.3,0,2.5,432,405.45,24,240,820,260,22,0.6,1.3,0.07,0.19,0,,20,8,6,15.8,1,0.1,0.7,0.52,0.13,5.4,0.20,0.3,9,0.59,2,3.8,,,0,680,1400,1400,420,220,640,760,550,1300,810,220,920,670,1100,29.32,7.53,2.22,5.31,5200,2200,0,0,24,5,167873
11,0,11177,＜畜肉類＞　ぶた　［ハム類］　ショルダーハム,"Pork, shoulder ham",62.7,16.1,18.2,(0),2.4,221,213.15,7,270,640,290,19,1.0,2.0,0.09,0.02,1,,17,1,1,22,4,0.2,0.3,0.70,0.35,5.7,0.27,1.9,2,0.92,2,3.9,,,0.3,760,1300,1400,390,180,560,650,580,1200,790,200,820,530,1100,15.52,2.21,0.17,2.04,1800,92,9,26,110,6,168288
11,0,11181,＜畜肉類＞　ぶた　［ハム類］　生ハム　促成,"Pork, prosciutto, short-cured",55.0,24.0,16.6,(0),3.9,243,226.85,6,200,2300,470,27,0.7,2.2,0.08,0.02,180,,19,1,1,22.6,5,0.3,0.3,0.92,0.18,9.9,0.43,0.4,3,1.36,7,3.3,,,0,1100,1900,2000,590,270,850,950,820,1800,1100,280,1200,900,1500,15.30,1.92,0.12,1.79,1600,98,0,11,60,5,168283
11,0,11182,＜畜肉類＞　ぶた　［ハム類］　生ハム　長期熟成,"Pork, prosciutto, long-cured",49.5,25.7,18.4,(0),6.4,253,246.35,11,200,2200,480,25,1.2,3.0,0.11,0.03,1,,28,1,1,25.4,5,0.8,0.3,0.90,0.27,7.6,0.52,0.6,2,1.81,12,5.6,,,0,1200,2100,2300,690,260,950,1000,910,1900,1300,300,1300,1100,1600,17.18,1.75,0.11,1.64,1400,79,0,13,94,6,174603
11,0,11178,＜畜肉類＞　ぶた　［プレスハム類］　プレスハム,"Pork, pressed ham",73.3,15.4,4.5,(0),2.9,113,105.8,8,260,930,150,13,1.2,1.5,0.09,0.03,41,,21,5,3,28.8,Tr,0.3,0.3,0.55,0.18,3.8,0.14,1.8,3,0.50,3,2.0,63.8,0,0,710,1200,1300,380,160,540,610,510,1100,740,190,760,600,930,3.52,0.44,0.08,0.36,310,49,12,6,32,3,167916
11,0,11180,＜畜肉類＞　ぶた　［プレスハム類］　チョップドハム,"Pork, chopped ham",68.0,11.7,4.2,(0),3.4,132,121.1,15,260,1000,290,17,0.8,1.5,0.06,0.03,100,,14,16,6,18.6,Tr,0.3,0.2,0.17,0.20,1.8,0.16,0.8,2,0.50,6,3.5,64.4,0,2,530,910,900,260,130,390,500,400,890,530,140,590,390,720,3.48,0.78,0.07,0.71,670,57,2,3,21,3,171626
11,0,11183,＜畜肉類＞　ぶた　［ベーコン類］　ばらベーコン　ばらベーコン　,"Pork, belly bacon",58.8,15.4,19.4,(0),3.2,244,230,4,210,1000,230,15,0.4,1.4,0.04,Tr,25,,11,1,1,20.1,Tr,Tr,0.6,0.54,0.11,5.7,0.2,0.3,1,0.58,10,4.9,47.8,0,0,700,1200,1300,390,160,550,610,530,1100,730,180,790,570,1000,17.12,1.93,0.17,1.75,1600,120,3,8,59,5,168277
11,0,11314,＜畜肉類＞　ぶた　［ベーコン類］　ばらベーコン　ゆで,"Pork, belly bacon, boiled",57.9,21.6,15.7,-,0.8,232,223.05,4,120,280,45,17,0.6,2.2,0.05,0.01,5,,15,1,1,20.1,1,0.1,0.6,0.25,0.07,2.1,0.13,0.3,Tr,0.27,11,5.9,47.8,0,0,1100,1900,2000,610,250,860,950,840,1800,1100,280,1200,660,1600,13.96,1.63,0.15,1.48,1300,100,2,6,68,4,168277
11,0,11315,＜畜肉類＞　ぶた　［ベーコン類］　ばらベーコン　焼き,"Pork, belly bacon, grilled",45.9,24.3,24.9,-,4.5,288,298.1,6,300,1500,340,22,0.6,2.1,0.06,0.01,32,,16,2,1,50.7,Tr,0.1,0.7,0.79,0.16,8.4,0.29,0.5,1,0.76,13,6.9,89.5,0,0,1100,1900,2000,590,260,860,960,810,1800,1100,280,1200,850,1600,16.14,2.62,0.24,2.38,2100,180,3,9,110,3,168322
11,0,11316,＜畜肉類＞　ぶた　［ベーコン類］　ばらベーコン　油いため,"Pork, belly bacon, stir-fried",52.3,21.6,18.9,-,4,271,247.45,5,270,1300,320,18,0.5,2.1,0.05,0.01,33,,17,1,1,50.7,1,0.1,0.6,0.74,0.15,7.6,0.25,0.4,1,0.75,15,6.4,89.5,0,0,1000,1700,1800,520,230,750,860,740,1600,1000,250,1100,780,1400,17.27,1.97,0.17,1.80,1600,130,3,7,68,4,168322
11,0,11184,＜畜肉類＞　ぶた　［ベーコン類］　ロースベーコン,"Pork, loin bacon",62.5,16.8,14.6,(0),2.9,202,194.1,6,270,870,260,19,0.5,1.2,0.04,0.01,2,,23,1,1,20.1,4,0.6,0.3,0.59,0.19,5.6,0.22,0.9,1,0.62,6,2.9,47.8,0,0,790,1300,1500,400,170,570,680,600,1300,820,210,870,680,1100,12.22,2.20,0.19,2.01,1900,91,12,38,49,5,168277
11,0,11185,＜畜肉類＞　ぶた　［ベーコン類］　ショルダーベーコン,"Pork, shoulder bacon",65.4,17.2,11.9,(0),3.0,178,170.1,12,290,940,240,17,0.8,1.6,0.07,0.02,130,,28,2,4,22,4,0.4,0.2,0.58,0.34,4.0,0.18,1.0,4,0.74,2,3.4,,,0.3,850,1500,1600,440,210,660,770,670,1400,900,230,940,640,1200,9.93,1.21,0.10,1.11,1000,59,5,15,37,5,168288
11,0,11186,＜畜肉類＞　ぶた　［ソーセージ類］　ウインナーソーセージ　ウインナーソーセージ,"Pork, wiener sausage",52.3,11.5,30.6,0,2.3,319,311.9,6,200,740,180,12,0.5,1.3,0.05,0.03,3,,17,2,2,17.7,2,0.4,0.4,0.35,0.12,3.6,0.14,0.6,1,0.60,9,4.0,,,1,470,900,940,290,110,400,470,370,840,540,130,580,420,800,27.99,3.59,0.24,3.35,3100,200,4,12,76,5,174577
11,0,11306,＜畜肉類＞　ぶた　［ソーセージ類］　ウインナーソーセージ　ゆで,"Pork, wiener sausage, boiled",52.3,12.1,32.0,0,2.2,328,319.25,5,200,700,170,12,0.6,1.4,0.05,0.03,3,,16,2,2,17.7,2,0.3,0.4,0.36,0.12,3.3,0.14,0.6,1,0.48,8,4.2,,,1,450,970,1000,300,120,420,490,400,890,580,140,620,440,840,29.39,3.73,0.25,3.47,3200,210,4,13,81,5,174577
11,0,11307,＜畜肉類＞　ぶた　［ソーセージ類］　ウインナーソーセージ　焼き,"Pork, wiener sausage, grilled",50.2,13.0,31.8,0,2.5,345,324.55,6,220,810,200,13,0.6,1.5,0.06,0.03,3,,18,2,2,17.7,2,0.4,0.5,0.38,0.13,4.0,0.15,0.6,1,0.71,9,4.6,,,1,530,1000,1100,320,130,450,530,440,970,630,150,660,470,910,29.78,3.85,0.26,3.59,3300,210,4,13,88,4,174577
11,0,11308,＜畜肉類＞　ぶた　［ソーセージ類］　ウインナーソーセージ　フライ,"Pork, wiener sausage, fried",45.8,12.8,34.9,-,2.3,376,356.15,9,210,730,180,13,0.6,1.4,0.05,0.05,2,,17,2,3,17.7,2,0.3,1.1,0.35,0.13,3.3,0.12,0.6,3,0.49,10,4.5,,,1,620,980,990,300,130,430,510,400,910,590,140,620,440,840,32.31,5.00,0.67,4.32,4000,630,3,13,80,3,174577
11,0,11187,＜畜肉類＞　ぶた　［ソーセージ類］　セミドライソーセージ,"Pork, semi-dry sausage",46.8,16.9,29.7,(0),3.7,335,321.75,34,210,1200,240,17,2.2,2.7,0.12,0.08,1,,17,2,2,17.7,8,0.7,0.8,0.26,0.23,11.0,0.20,1.3,4,0.61,12,4.3,,,1,760,1300,1400,370,170,530,680,540,1200,790,200,840,620,1100,27.63,3.54,0.43,3.06,2800,320,16,44,73,4,174577
11,0,11188,＜畜肉類＞　ぶた　［ソーセージ類］　ドライソーセージ,"Pork, dry sausage",23.5,26.7,42.0,(0),5.3,467,459.2,27,250,1700,430,22,2.6,3.9,0.12,0.10,2,,25,2,3,25.4,3,0.5,1.1,0.64,0.39,6.7,0.24,1.6,4,0.85,11,6.2,,,0,1200,2100,2200,650,290,930,1100,860,1900,1300,300,1300,990,1700,38.06,4.47,0.57,3.83,3500,440,13,48,99,5,172938
11,0,11189,＜畜肉類＞　ぶた　［ソーセージ類］　フランクフルトソーセージ,"Pork, frankfurter sausage",54.0,12.7,24.7,(0),2.4,295,276.1,12,170,740,200,13,0.9,1.8,0.08,0.05,36,,15,4,4,17.7,5,0.4,0.4,0.21,0.13,2.1,0.15,0.4,2,0.61,6,4.3,,,1,560,990,1000,280,130,410,510,430,940,590,150,620,440,830,23.11,3.07,0.24,2.82,2600,180,3,27,79,4,174577
11,0,11190,＜畜肉類＞　ぶた　［ソーセージ類］　ボロニアソーセージ,"Pork, bologna sausage",60.9,12.5,21.0,(0),2.7,242,232.4,9,210,830,180,13,1.0,1.5,0.10,0.05,3,,13,2,3,12.7,5,0.3,0.4,0.20,0.13,2.4,0.15,0.4,4,0.88,5,3.8,54.4,0.3,0,570,990,1000,280,120,410,520,420,940,580,150,640,450,800,19.61,2.39,0.22,2.16,2000,150,2,32,63,5,173856
11,0,11191,＜畜肉類＞　ぶた　［ソーセージ類］　リオナソーセージ,"Pork, lyoner sausage",65.2,14.9,13.1,(0),3.1,188,176.45,13,240,910,200,16,1.0,1.7,0.11,0.06,9,,13,1,2,14.1,4,0.4,0.4,0.33,0.14,3.1,0.20,0.4,5,0.68,4,3.1,,1.6,0,680,1200,1200,330,140,470,640,540,1200,690,170,790,510,980,11.81,1.83,0.19,1.64,1500,110,9,36,49,5,171617
11,0,11192,＜畜肉類＞　ぶた　［ソーセージ類］　レバーソーセージ,"Pork, liver sausage",47.7,14.7,33.5,(0),2.2,324,342.85,16,200,650,150,14,3.2,2.2,0.14,0.16,6,,36,13,60,58,2800,0.5,0.4,0.23,1.42,6.5,0.16,4.7,15,1.36,4,34.0,,,0,690,1300,1200,320,180,510,680,550,1200,730,200,820,430,940,23.64,3.31,0.23,3.08,2800,140,10,37,130,5,173870
11,0,11193,＜畜肉類＞　ぶた　［ソーセージ類］　混合ソーセージ,"Pork, mixed sausage",58.2,11.8,22.7,(0),2.6,231,250.7,17,190,850,110,13,1.3,1.4,0.10,0.12,2,,17,2,4,,3,1.2,0.3,0.12,0.10,1.8,0.08,1.0,9,0.42,6,2.5,,,14.8,490,860,920,270,110,370,440,320,760,530,130,540,480,780,15.87,1.89,0.34,1.55,1400,200,45,37,71,4,174607
11,0,11194,＜畜肉類＞　ぶた　［ソーセージ類］　生ソーセージ,"Pork, fresh sausage",58.6,14.0,24.4,(0),2.2,269,259.2,8,140,680,200,14,0.9,1.7,0.08,0.06,1,,18,5,1,14.4,12,0.7,0.4,0.51,0.14,3.3,0.25,0.4,1,0.74,4,3.8,58.8,1.6,0,620,1100,1200,320,150,470,550,470,1000,660,150,700,510,940,22.94,2.86,0.23,2.61,2400,160,0,37,68,6,174579
11,0,11317,＜畜肉類＞　ぶた　［ソーセージ類］　ランチョンミート,"Pork, luncheon meat",55.5,14,23.8,-,2.7,279,265.3,16,200,920,200,15,0.7,1.3,0.05,0.02,2,,19,1,2,28,11,0.3,0.5,0.06,0.11,4.1,0.11,0.4,4,0.56,13,4.1,61.8,0,1,600,1100,1100,330,120,450,560,440,1000,620,150,690,500,880,21.57,3.03,0.21,2.82,2600,160,3,11,66,5,174571
11,0,11195,＜畜肉類＞　ぶた　［その他］　焼き豚,"Pork, roast pork",64.3,19.4,8.2,(0),3.0,166,155.45,9,260,930,290,20,0.7,1.3,0.06,0.04,6,,17,2,5,41.3,Tr,0.6,0.3,0.85,0.20,14.0,0.20,1.2,3,0.64,6,3.3,101.4,0,0,890,1500,1600,440,210,650,790,630,1400,910,230,980,670,1200,6.84,1.02,0.08,0.94,860,48,6,14,24,5,167880
11,0,11196,＜畜肉類＞　ぶた　［その他］　レバーペースト,"Pork, liver paste",45.8,12.9,34.7,(0),3.0,370,352.7,27,260,880,160,15,7.7,2.9,0.33,0.26,3,,28,3,48,58,4300,0.3,0.4,0.18,1.45,6.8,0.23,7.8,140,2.35,6,29.0,,,0,570,1100,990,270,160,440,590,470,1100,600,160,700,360,770,31.65,4.42,0.43,3.97,3600,250,19,98,200,6,173870
11,0,11197,＜畜肉類＞　ぶた　［その他］　スモークレバー,"Pork, smoked liver",57.6,29.6,7.7,(0),2.5,182,178.15,8,380,690,280,24,20.0,8.7,0.92,0.30,4,,81,1,190,36.5,17000,0.9,0.6,0.29,5.17,18.0,0.66,24.0,310,7.28,1,130.0,,,3,1400,2700,2200,640,440,1100,1500,1100,2700,1400,490,1800,810,1700,4.31,1.65,0.26,1.39,660,20,27,130,670,9,173869
11,0,11198,＜畜肉類＞　ぶた　［その他］　ゼラチン,"Pork, gelatin",11.3,87.6,0.3,(0),0.8,347,309.15,16,7,260,8,3,0.7,0.1,0.01,0.03,2,,7,6,2,39.5,(0),0,0,(0),(0),(0),0,0.2,2,0.08,0,0.4,38.5,0,0,1200,2900,3600,830,17,850,2000,280,2300,2000,7.7,2700,670,8100,,,,,,,,,,7,169599
11,0,11199,＜畜肉類＞　めんよう　［マトン］　ロース　脂身つき　生,"Mutton, loin, with fat, raw",68.2,19.3,15.0,(0),0.8,192,195.05,3,180,62,330,17,2.7,2.5,0.08,0.01,1,,8,1,1,9.8,12,0.7,0.7,0.16,0.21,5.9,0.32,1.3,1,0.51,19,1.4,,,0,920,1600,1800,500,210,710,830,730,1600,1000,240,1000,840,1400,12.81,0.50,0.16,0.34,300,120,15,0,27,8,172659
11,0,11281,＜畜肉類＞　めんよう　［マトン］　ロース　脂身つき　焼き,"Mutton, loin, with fat, grilled",52.3,25.8,24.9,(0),0.9,305,301.95,4,220,69,370,20,3.6,3.9,0.11,0,1,,7,1,1,12.9,14,0.7,1.0,0.16,0.26,6.2,0.37,1.5,Tr,0.66,22,1.9,,,0,1200,2200,2400,710,310,1000,1100,970,2100,1300,330,1400,1000,1900,22.28,1.01,0.29,0.72,650,220,22,11,55,9,174415
11,0,11245,＜畜肉類＞　めんよう　［マトン］　ロース　皮下脂肪なし　生,"Mutton, loin, lean only, raw",72.3,22.2,7.4,0,0.9,139,140.6,3,190,61,350,23,2.8,3.1,0.10,0.01,1,,10,0,1,6.9,8,0.2,0.5,0.14,0.24,7.2,0.33,1.5,2,0.75,14,1.5,,,0,870,1700,1900,580,250,830,830,770,1600,1100,260,1000,760,1400,6.05,0.32,0.13,0.19,150,88,17,6,27,9,174896
11,0,11200,＜畜肉類＞　めんよう　［マトン］　もも　脂身つき　生,"Mutton, leg, with fat, raw",65.0,18.8,15.3,(0),0.8,205,196.2,4,140,37,230,21,2.5,3.4,0.13,0.01,-,,-,-,-,6.9,7,0.4,1.3,0.14,0.33,4.6,0.30,1.6,1,1.12,18,-,,,0,900,1600,1800,490,200,690,810,710,1500,980,230,980,820,1300,12.98,0.57,0.19,0.38,330,150,14,0,43,8,174896
11,0,11201,＜畜肉類＞　めんよう　［ラム］　かた　脂身つき　生,"Lamb, shoulder, with fat, raw",64.8,17.1,17.1,(0),0.9,214,205.55,4,120,70,310,23,2.2,5.0,0.13,-,-,,-,-,-,19.8,8,0.9,0.5,0.13,0.26,4.2,0.12,2.0,2,0.94,23,-,,,0,750,1400,1500,440,200,630,690,600,1300,830,200,860,640,1200,14.59,0.61,0.19,0.41,360,130,15,0,45,10,174380
11,0,11202,＜畜肉類＞　めんよう　［ラム］　ロース　脂身つき　生,"Lamb, loin, with fat, raw",56.5,15.6,25.9,(0),0.8,287,278.95,10,140,72,250,17,1.2,2.6,0.08,0.01,1,,8,1,Tr,,30,0,0.6,0.12,0.16,4.2,0.23,1.4,1,0.64,22,2.0,,,,680,1200,1300,400,180,580,630,550,1200,760,180,790,580,1100,22.12,0.87,0.32,0.55,510,250,17,13,24,9,172608
11,0,11282,＜畜肉類＞　めんよう　［ラム］　ロース　脂身つき　焼き,"Lamb, loin, with fat, grilled",43.5,21.8,31.4,(0),1.0,358,351.25,11,160,80,290,21,1.7,3.3,0.11,0,1,,5,1,1,12.9,37,0,0.6,0.13,0.21,5.4,0.27,2.1,1,0.69,29,2.7,,,0,970,1800,1900,560,240,800,890,780,1700,1100,260,1100,770,1500,25.96,1.18,0.45,0.73,700,380,22,0,33,9,174415
11,0,11246,＜畜肉類＞　めんよう　［ラム］　ロース　皮下脂肪なし　生,"Lamb, loin, lean only, raw",72.3,22.3,5.2,0,1.0,128,122.25,7,190,77,330,23,1.9,2.7,0.12,0.01,1,,11,0,Tr,9,7,0,0.1,0.15,0.25,8.1,0.36,1.6,1,0.77,11,1.8,,,,840,1700,1900,600,250,850,860,770,1600,1100,270,1100,960,1400,4.15,0.29,0.10,0.19,150,58,14,5,35,10,172588
11,0,11203,＜畜肉類＞　めんよう　［ラム］　もも　脂身つき　生,"Lamb, leg, with fat, raw",69.7,20.0,12.0,(0),1.0,164,172,3,200,59,340,22,2.0,3.1,0.10,0.01,1,,9,Tr,1,9.8,9,0.1,0.4,0.18,0.27,6.9,0.29,1.8,1,0.80,15,2.0,,,0,930,1700,1800,540,240,780,830,740,1600,1000,260,1000,810,1400,9.82,0.52,0.18,0.34,280,130,19,0,36,9,172659
11,0,11283,＜畜肉類＞　めんよう　［ラム］　もも　脂身つき　焼き,"Lamb, leg, with fat, grilled",53.5,28.6,20.3,(0),1.0,267,272.65,4,220,64,370,24,2.5,4.5,0.15,0,1,,13,1,1,8.4,14,0,0.5,0.19,0.32,7.4,0.29,2.1,4,0.84,23,2.5,,,0,1400,2400,2600,800,350,1100,1200,1100,2300,1400,370,1500,980,2000,17.59,0.95,0.36,0.59,530,270,31,15,50,9,174895
11,0,11179,＜畜肉類＞　めんよう　混合プレスハム,"Lamb and mutton, mixed pressed ham",75.8,14.4,4.1,(0),2.7,100,95.75,11,210,880,140,12,1.1,1.7,0.06,0.04,-,,-,-,-,28.8,Tr,0.4,0.4,0.10,0.18,1.8,0.09,2.1,5,0.29,6,-,63.8,0,0,,,,,,,,,,,,,,,3.28,0.58,0.13,0.45,420,74,13,30,16,6,167916
11,0,11204,＜畜肉類＞　やぎ　肉　赤肉　生,"Goat, meat, lean, raw",75.4,21.9,1.5,(0),1.0,99,90.1,7,170,45,310,25,3.8,4.7,0.11,0.02,-,,-,-,-,8.8,3,0,1.0,0.07,0.28,6.7,0.26,2.8,2,0.45,2,-,,,0,1100,1800,2000,620,270,890,900,800,1700,1100,250,1100,930,1400,0.91,0.18,0.05,0.14,94,17,11,2,35,9,175303
11,0,11207,＜鳥肉類＞　うずら　肉　皮つき　生,"Quail, meat, with skin, raw",65.4,20.5,12.9,(0),1.1,194,181.75,15,100,35,280,27,2.9,0.8,0.11,0.02,-,,-,-,-,16.6,45,0.1,0.8,0.12,0.50,5.8,0.53,0.7,11,1.85,53,-,,,6.1,(1100),(1700),(1700),(620),(360),(970),(860),(890),(1700),(990),(300),(1100),(730),(1300),11.38,4.60,0.24,4.36,4200,190,0,31,130,9,172418
11,0,11239,＜鳥肉類＞　がちょう　フォアグラ　ゆで,"Goose, foie gras, boiled",39.7,8.3,49.9,(0),0.6,470,458.45,3,150,44,130,10,2.7,1.0,1.85,0.05,-,,-,-,-,68.1,1000,0.9,0.3,0.27,0.81,2.4,0.30,7.6,220,4.38,6,-,,,4.5,(440),(750),(630),(200),(110),(310),(410),(290),(700),(370),(120),(520),(220),(510),46.36,0.61,0,0.61,400,0,0,0,210,6,172415
11,0,11208,＜鳥肉類＞　かも　まがも　肉　皮なし　生,"Duck, mallard, meat, skinless, raw",72.1,23.6,3.0,(0),1.2,118,108.45,5,260,72,400,27,4.3,1.4,0.36,0.03,-,,-,-,-,29,15,3.1,Tr,0.40,0.69,9.3,0.61,3.5,3,2.17,14,-,,,3.2,(1100),(1900),(2100),(630),(280),(910),(970),(850),(1800),(1100),(300),(1200),(810),(1600),2.10,0.55,0.03,0.52,310,8,2,9,170,9,171511
11,0,11205,＜鳥肉類＞　かも　あいがも　肉　皮つき　生,"Duck, crossbred, meat, with skin, raw",56.0,14.2,29.0,(0),0.7,304,296.55,5,130,62,220,16,1.9,1.4,0.26,0.02,-,,-,-,-,12.4,46,1,0.2,0.24,0.35,3.8,0.32,1.1,2,1.67,21,-,31,5.5,2.8,(630),(1100),(1200),(360),(170),(520),(570),(480),(1100),(630),(160),(690),(460),(1000),27.00,5.66,0.32,5.35,5200,300,0,0,130,8,172408
11,0,11206,＜鳥肉類＞　かも　あひる　肉　皮つき　生,"Duck, domestic, meat, with skin, raw",62.7,14.9,19.8,(0),0.8,237,226.75,5,160,67,250,17,1.6,1.6,0.20,0.01,7,,16,Tr,2,12.4,62,0.8,0.5,0.30,0.26,5.3,0.34,2.1,10,1.20,41,4.0,31,5.5,2.8,(680),(1200),(1300),(380),(180),(560),(610),(530),(1100),(710),(170),(750),(480),(1100),17.42,4.67,0.30,4.37,4100,280,1,2,120,8,172408
11,0,11247,＜鳥肉類＞　かも　あひる　肉　皮なし　生,"Duck, domestic, meat, skinless, raw",77.2,20.1,2.2,(0),1.1,94,89.05,5,230,84,360,26,2.4,2.3,0.31,0.02,11,,21,0,2,13.9,9,0.4,0.4,0.46,0.41,7.9,0.54,3.0,14,1.83,22,5.6,53.6,2.8,5.8,970,1700,1800,540,240,780,830,750,1600,1000,260,1000,690,1400,1.41,0.44,0.03,0.42,300,15,2,3,74,9,172410
11,0,11284,＜鳥肉類＞　かも　あひる　皮　生,"Duck, domestic, skin, raw",41.3,7.3,45.8,(0),0.3,448,433.4,5,59,42,84,5,0.4,0.7,0.03,0,2,,10,1,1,12.4,140,1.4,0.8,0.07,0.05,1.4,0.05,0.8,5,0.27,70,1.5,31,5.5,2.8,260,490,490,150,84,230,280,200,480,300,43,340,170,660,41.03,10.90,0.71,10.20,9700,670,0,0,190,7,172408
11,0,11209,＜鳥肉類＞　きじ　肉　皮なし　生,"Pheasant, meat, skinless, raw",75.0,23.0,1.1,(0),0.8,101,90.2,8,190,38,220,27,1.0,1.0,0.10,0.03,-,,-,-,-,16.2,7,0.5,0.3,0.08,0.24,8.4,0.65,1.7,12,1.07,19,-,,,6,(1300),(1900),(2100),(670),(300),(970),(900),(750),(1700),(1200),(320),(1300),(920),(1400),0.75,0.22,0.03,0.19,130,4,1,18,50,9,174473
11,0,11210,＜鳥肉類＞　しちめんちょう　肉　皮なし　生,"Turkey, meat, skinless, raw",74.6,23.5,0.7,(0),1.1,99,88.55,8,140,37,190,29,1.1,0.8,0.05,0.02,-,,-,-,-,22.7,Tr,0.1,Tr,0.07,0.24,7.0,0.72,0.6,10,1.51,18,-,53,0,0,1200,1900,2100,660,260,920,930,800,1700,1100,280,1200,1200,1500,0.42,0.15,0.04,0.11,85,5,5,18,19,9,171490
11,0,11211,＜鳥肉類＞　すずめ　肉　骨・皮つき　生,"Sparrow, meat, with bone and skin, raw",72.2,18.1,5.9,(0),3.7,114,113.85,1100,660,80,160,42,8.0,2.7,0.41,0.12,-,,-,-,-,16.6,15,0.2,0.2,0.28,0.80,2.8,0.59,5.0,16,4.56,4,-,,,6.1,,,,,,,,,,,,,,,4.38,1.01,0.20,0.81,670,28,0,160,110,7,172418
11,40,11212,＜鳥肉類＞　にわとり　［親・主品目］　手羽　皮つき　生,"Chicken, mature, wing, with skin, raw",66.0,23.0,10.4,(0),0.6,182,168.9,16,100,44,120,14,1.2,1.7,0.05,0.01,-,,-,-,-,17.6,60,0.1,0.1,0.04,0.11,3.3,0.20,0.7,10,1.33,70,-,82,0,0,(980),(1700),(1900),(600),(250),(850),(900),(750),(1600),(1000),(240),(1100),(910),(1700),9.20,2.34,0.09,2.25,2100,71,0,17,68,9,172390
11,0,11213,＜鳥肉類＞　にわとり　［親・主品目］　むね　皮つき　生,"Chicken, mature, breast, with skin, raw",62.6,19.5,17.2,(0),0.7,229,214.45,4,120,31,190,20,0.3,0.7,0.05,0.01,-,,-,-,-,16.6,72,0.1,0.2,0.05,0.08,7.9,0.35,0.3,5,0.97,50,-,67.1,0,0,(830),(1400),(1600),(500),(210),(710),(720),(630),(1300),(820),(230),(900),(970),(1200),15.76,2.37,0.11,2.26,2100,99,0,6,67,9,171474
11,0,11214,＜鳥肉類＞　にわとり　［親・主品目］　むね　皮なし　生,"Chicken, mature, breast, skinless, raw",72.8,24.4,1.9,(0),0.9,113,101.55,5,150,34,210,26,0.4,0.7,0.05,0.01,-,,-,-,-,22.8,50,0,0.1,0.06,0.10,8.4,0.47,0.2,5,1.13,20,-,82.1,0,0,(1100),(1900),(2100),(650),(270),(920),(920),(800),(1700),(1100),(300),(1200),(1200),(1500),1.44,0.42,0.02,0.40,340,10,0,9,49,10,171077
11,0,11215,＜鳥肉類＞　にわとり　［親・主品目］　もも　皮つき　生,"Chicken, mature, thigh, with skin, raw",62.9,17.3,19.1,(0),0.7,234,222.9,8,110,42,160,16,0.9,1.7,0.07,0.01,-,,-,-,-,12.7,47,0.1,0.1,0.07,0.23,3.8,0.17,0.5,6,1.57,62,-,,2.4,0,(890),(1500),(1700),(540),(230),(760),(790),(670),(1500),(880),(230),(950),(710),(1400),17.45,2.78,0.12,2.66,2500,110,0,6,81,9,171463
11,0,11216,＜鳥肉類＞　にわとり　［親・主品目］　もも　皮なし　生,"Chicken, mature, thigh, skinless, raw",72.3,22.0,4.8,(0),0.9,128,117.8,9,150,50,220,21,2.1,2.3,0.09,0.01,-,,-,-,-,22.9,17,0,0.1,0.10,0.31,4.1,0.22,0.6,7,2.15,38,-,53.6,2.9,0,(1000),(1700),(1900),(600),(250),(850),(870),(750),(1600),(990),(280),(1100),(800),(1500),3.97,1.13,0.04,1.09,1000,29,0,8,68,10,173627
11,5,11217,＜鳥肉類＞　にわとり　［親・副品目］　ささみ　生,"Chicken, mature, tenderloin, raw",73.2,24.6,1.1,(0),1.1,107,95.45,8,200,40,280,21,0.6,2.4,0.09,-,-,,-,-,-,17.8,9,0,0.1,0.09,0.12,11.0,0.66,0.1,7,1.68,18,-,,2.4,0,(1200),(2000),(2200),(690),(280),(960),(970),(860),(1800),(1200),(300),(1200),(790),(1600),0.72,0.22,0.01,0.21,160,4,0,8,39,9,172398
11,35,11218,＜鳥肉類＞　にわとり　［若どり・主品目］　手羽　皮つき　生,"Chicken, young, wing, with skin, raw",68.1,17.8,14.3,(0),0.8,189,183.85,14,150,79,220,17,0.5,1.2,0.02,0,2,,14,1,4,17.6,47,0.4,0.6,0.07,0.10,6.2,0.38,0.4,10,0.87,42,3.1,82,0,0,(780),(1400),(1500),(470),(200),(670),(710),(600),(1300),(840),(190),(890),(710),(1300),13.11,1.99,0.16,1.84,1700,120,6,11,69,9,172390
11,40,11285,＜鳥肉類＞　にわとり　［若どり・主品目］　手羽さき　皮つき　生,"Chicken, young, wing tip, with skin, raw",67.1,17.4,16.2,(0),0.8,207,198.6,20,140,78,210,16,0.6,1.5,0.02,0,1,,14,2,4,17.6,51,0.6,0.6,0.07,0.09,5.4,0.30,0.5,8,0.84,45,3.0,82,0,0,720,1300,1400,430,180,610,670,550,1200,790,170,830,630,1400,15.05,2.33,0.18,2.14,2000,150,7,10,81,9,172390
11,30,11286,＜鳥肉類＞　にわとり　［若どり・主品目］　手羽もと　皮つき　生,"Chicken, young, wing drumette, with skin, raw",68.9,18.2,12.8,(0),0.8,175,172.5,10,150,80,230,19,0.5,1.0,0.02,0,2,,14,1,4,17.6,44,0.3,0.5,0.08,0.10,6.9,0.45,0.3,12,0.89,39,3.1,82,0,0,840,1400,1600,500,210,710,730,640,1400,880,210,930,770,1300,11.55,1.73,0.14,1.59,1500,100,6,11,60,9,172390
11,0,11219,＜鳥肉類＞　にわとり　［若どり・主品目］　むね　皮つき　生,"Chicken, young, breast, with skin, raw",72.6,21.3,5.9,(0),1.0,133,124.7,4,200,42,340,27,0.3,0.6,0.03,0.01,0,,17,1,2,22.8,18,0.1,0.3,0.09,0.10,11.0,0.57,0.2,12,1.74,23,2.9,82.1,0,0,930,1600,1800,550,230,780,790,710,1500,970,250,1000,1100,1300,5.23,1.03,0.11,0.92,850,76,5,16,35,9,171077
11,0,11287,＜鳥肉類＞　にわとり　［若どり・主品目］　むね　皮つき　焼き,"Chicken, young, breast, with skin, grilled",55.1,34.7,9.1,(0),1.6,215,198.8,6,300,65,510,40,0.4,1.0,0.05,0.01,0,,28,1,3,28.4,27,0.1,0.5,0.12,0.17,17.0,0.60,0.4,17,2.51,44,5.4,111.4,0,0,1600,2700,3000,940,390,1300,1300,1200,2500,1600,420,1700,1700,2300,7.98,1.69,0.18,1.50,1400,120,10,30,69,10,171534
11,0,11220,＜鳥肉類＞　にわとり　［若どり・主品目］　むね　皮なし　生,"Chicken, young, breast, skinless, raw",74.6,23.3,1.9,(0),1.1,105,97.7,4,220,45,370,29,0.3,0.7,0.02,0.02,0,,17,Tr,2,22.8,9,0.1,0.3,0.10,0.11,12.0,0.64,0.2,13,1.92,16,3.2,82.1,0,0,1100,1800,2000,630,260,890,890,800,1700,1100,290,1100,1200,1500,1.55,0.37,0.05,0.32,270,24,3,12,27,10,171077
11,0,11288,＜鳥肉類＞　にわとり　［若どり・主品目］　むね　皮なし　焼き,"Chicken, young, breast, skinless, grilled",57.6,38.8,3.3,(0),1.7,177,163.85,7,340,73,570,47,0.5,1.1,0.04,0.01,0,,29,1,4,28.4,14,0.1,0.5,0.14,0.18,18.0,0.66,0.3,18,2.58,29,5.3,111.4,0,0,1800,3100,3500,1100,450,1500,1600,1400,2900,1900,490,1900,1900,2600,2.65,0.65,0.08,0.56,460,39,6,23,58,10,171534
11,0,11221,＜鳥肉類＞　にわとり　［若どり・主品目］　もも　皮つき　生,"Chicken, young, thigh, with skin, raw",68.5,16.6,14.2,(0),0.9,190,178.8,5,170,62,290,21,0.6,1.6,0.04,0.01,Tr,,17,0,2,18.9,40,0.4,0.7,0.10,0.15,4.8,0.25,0.3,13,0.81,29,3.5,45.7,2.1,0,880,1500,1700,520,220,740,770,660,1400,920,220,940,690,1400,12.93,1.85,0.09,1.76,1600,73,1,7,79,9,172385
11,1,11223,＜鳥肉類＞　にわとり　［若どり・主品目］　もも　皮つき　ゆで,"Chicken, young, thigh, with skin, boiled",62.9,22.0,15.2,(0),0.8,216,206.2,9,160,47,210,23,1.0,2.0,0.07,0.02,0,,3,0,0,17.9,47,0.2,0.2,0.07,0.21,4.6,0.22,0.3,7,1.06,47,0.2,54.1,3.9,0,(1100),(2000),(2200),(680),(290),(970),(1000),(850),(1900),(1100),(290),(1200),(910),(1800),13.57,1.90,0.09,1.81,1700,75,2,6,73,9,173626
11,1,11222,＜鳥肉類＞　にわとり　［若どり・主品目］　もも　皮つき　焼き,"Chicken, young, thigh, with skin, grilled",58.4,26.3,13.9,(0),1.2,220,210.9,6,230,92,390,29,0.9,2.5,0.05,0.01,Tr,,29,0,3,25.3,25,0.4,0.2,0.14,0.24,6.8,0.28,0.5,8,1.20,34,5.6,67.6,3.3,0,(1300),(2400),(2600),(820),(350),(1200),(1200),(1000),(2200),(1300),(350),(1500),(1100),(2100),12.16,1.73,0.08,1.65,1500,67,2,6,75,9,173625
11,0,11289,＜鳥肉類＞　にわとり　［若どり・主品目］　もも　皮つき　から揚げ,"Chicken, young, thigh, with skin, deep-fried",41.2,24.2,18.1,0.8,3.2,307,282.3,11,240,990,430,32,1.0,2.1,0.07,0.17,Tr,,25,1,6,23.2,28,0.2,2.5,0.12,0.23,6.0,0.21,0.3,23,1.19,45,4.8,,,0,1100,1800,1900,540,270,810,940,690,1600,1100,270,1100,810,1500,16.47,3.67,0.70,2.97,2800,680,0,10,87,4,172386
11,0,11224,＜鳥肉類＞　にわとり　［若どり・主品目］　もも　皮なし　生,"Chicken, young, thigh, skinless, raw",76.1,19.0,5.0,(0),1.0,113,109,5,190,69,320,24,0.6,1.8,0.04,0.01,0,,19,0,2,22.9,16,0.2,0.6,0.12,0.19,5.5,0.31,0.3,10,1.06,23,3.6,53.6,2.9,0,900,1500,1700,520,220,740,760,670,1400,920,240,950,700,1300,4.14,0.71,0.04,0.67,520,18,2,11,89,10,173627
11,0,11226,＜鳥肉類＞　にわとり　［若どり・主品目］　もも　皮なし　ゆで,"Chicken, young, thigh, skinless, boiled",69.1,25.1,5.2,(0),0.9,141,132.05,10,190,56,260,25,0.8,2.2,0.05,0.01,-,,-,-,-,29.2,14,0,0.3,0.12,0.18,5.3,0.36,0.3,8,0.99,25,-,68.3,0.3,0,(1200),(2000),(2200),(690),(290),(970),(1000),(850),(1800),(1100),(310),(1200),(910),(1700),4.03,0.69,0.04,0.65,520,18,2,10,78,10,172853
11,0,11225,＜鳥肉類＞　にわとり　［若どり・主品目］　もも　皮なし　焼き,"Chicken, young, thigh, skinless, grilled",68.1,25.5,5.7,(0),1.2,145,137.7,7,220,81,380,29,0.9,2.6,0.06,0.01,-,,-,-,-,27.1,13,0,0.3,0.14,0.23,6.7,0.37,0.4,10,1.33,29,-,71.8,3.9,0,(1200),(2000),(2200),(700),(290),(990),(1000),(870),(1900),(1100),(320),(1200),(930),(1700),4.30,0.75,0.04,0.71,570,19,2,11,86,10,172388
11,0,11290,＜鳥肉類＞　にわとり　［若どり・主品目］　もも　皮なし　から揚げ,"Chicken, young, thigh, skinless, deep-fried",47.1,25.4,11.4,0.9,3.4,249,227.1,12,250,1100,440,34,1.0,2.3,0.07,0.18,Tr,,25,1,6,30.2,16,0.2,2.2,0.15,0.25,6.8,0.23,0.4,22,1.11,33,5.6,117.3,0,0,1100,1900,2000,570,280,850,980,740,1700,1100,300,1200,870,1500,10.08,2.58,0.59,1.99,1800,560,3,10,79,4,170358
11,5,11227,＜鳥肉類＞　にわとり　［若どり・副品目］　ささみ　生,"Chicken, young, tenderloin, raw",75.0,23.9,0.8,(0),1.2,98,90.45,4,240,40,410,32,0.3,0.6,0.03,0.01,0,,22,0,4,22.8,5,0,0.7,0.09,0.11,12.0,0.62,0.2,15,2.07,12,2.8,82.1,0,0,1200,1900,2200,670,270,930,940,840,1800,1100,290,1200,770,1600,0.52,0.13,0.02,0.11,75,4,2,6,21,10,171077
11,0,11229,＜鳥肉類＞　にわとり　［若どり・副品目］　ささみ　ゆで,"Chicken, young, tenderloin, boiled",69.2,29.6,1.0,(0),1.2,121,112.1,5,240,38,360,34,0.3,0.8,0.03,0.01,-,,-,-,-,22.8,4,0,0.1,0.09,0.13,11.0,0.63,0.2,11,1.72,8,-,82.1,0,0,1500,2500,2800,890,350,1200,1200,1100,2300,1500,380,1500,920,2000,0.57,0.12,0.01,0.10,75,4,1,4,17,10,171077
11,0,11228,＜鳥肉類＞　にわとり　［若どり・副品目］　ささみ　焼き,"Chicken, young, tenderloin, grilled",66.4,31.7,1.4,(0),1.4,132,122.85,5,310,53,520,41,0.4,0.8,0.04,0.02,-,,-,-,-,28.4,4,0,0.1,0.11,0.16,18.0,0.59,0.2,13,2.37,11,-,111.4,0,0,1600,2600,2900,900,360,1300,1300,1100,2400,1600,410,1700,1000,2100,0.80,0.18,0.02,0.16,110,5,2,7,27,10,171534
11,0,11298,＜鳥肉類＞　にわとり　［若どり・副品目］　ささみ　ソテー,"Chicken, young, tenderloin, sauteed",57.3,36.1,5.4,(0),1.8,186,172.25,5,340,61,630,44,0.4,1.0,0.03,0.01,(0),,33,(0),6,31.9,8,(0),1.8,0.10,0.18,18.0,0.65,0.2,19,2.95,26,5.5,117,4.3,0,1800,3000,3300,1000,410,1400,1500,1300,2800,1800,450,1900,1200,2400,4.41,1.22,0.30,0.91,830,270,4,15,49,10,171140
11,0,11300,＜鳥肉類＞　にわとり　［若どり・副品目］　ささみ　フライ,"Chicken, young, tenderloin, fried",52.4,26.8,12.8,-,1.3,246,226.05,14,260,95,440,36,0.4,0.8,0.04,0.08,2,,26,Tr,5,29.1,4,-,3.2,0.09,0.15,12.0,0.39,0.1,15,1.84,35,3.9,81.3,2.4,0,1300,2200,2400,740,310,1000,1100,880,2000,1300,330,1300,830,1700,11.66,3.31,0.99,2.32,2300,970,3,11,31,4,171460
11,0,11299,＜鳥肉類＞　にわとり　［若どり・副品目］　ささみ　天ぷら,"Chicken tenderloin, tempura",59.3,25.7,7.4,-,1.3,192,174.9,24,250,65,430,34,0.4,0.8,0.03,0.06,1,,22,1,4,17.5,4,-,2.3,0.09,0.16,11.0,0.51,0.1,16,1.79,25,3.8,43.7,8,1.1,1300,2200,2400,740,310,1100,1100,850,1900,1300,340,1300,850,1700,6.59,1.87,0.55,1.32,1300,530,3,9,29,4,173321
11,0,11230,＜鳥肉類＞　にわとり　［二次品目］　ひき肉　生,"Chicken, ground, raw",70.2,17.5,12.0,(0),0.8,171,163.25,8,110,55,250,24,0.8,1.1,0.04,0.01,2,,17,1,2,10.2,37,0.1,0.9,0.09,0.17,5.9,0.52,0.3,10,1.40,26,3.3,58.8,0.8,0,760,1300,1500,450,200,640,670,590,1300,800,200,830,710,1200,10.48,1.90,0.13,1.77,1600,100,0,10,81,9,171116
11,0,11291,＜鳥肉類＞　にわとり　［二次品目］　ひき肉　焼き,"Chicken, ground, cooked",57.1,27.5,14.8,(0),1.3,235,222.05,19,170,85,400,37,1.4,1.8,0.05,0.02,5,,27,2,4,14.3,47,0.2,1.3,0.14,0.26,9.3,0.61,0.4,13,2.00,41,5.5,59,2.1,0,1200,2100,2300,710,300,1000,1100,940,2000,1300,320,1300,1100,1800,13.09,2.29,0.16,2.13,1900,120,5,11,97,10,171117
11,0,11231,＜鳥肉類＞　にわとり　［副品目］　心臓　生,"Chicken heart, raw",69.0,14.5,15.5,(0),1.0,186,182.5,5,170,85,240,15,5.1,2.3,0.32,-,-,,-,-,-,4.3,700,0.4,1.0,0.22,1.10,6.0,0.21,1.7,43,4.41,51,-,,,3.2,680,1200,1200,370,250,610,620,530,1200,670,200,820,380,970,12.58,2.27,0.19,2.07,1900,82,39,31,150,9,171458
11,0,11232,＜鳥肉類＞　にわとり　［副品目］　肝臓　生,"Chicken liver, raw",75.7,18.9,3.1,(0),1.7,100,94.6,5,300,85,330,19,9.0,3.3,0.32,0.33,1,,60,1,82,54.6,14000,0.2,0.4,0.38,1.80,4.5,0.65,44.0,1300,10.00,14,230.0,194.4,0,17.9,880,1700,1400,470,300,770,920,740,1700,950,270,1100,540,1200,1.79,0.63,0.25,0.38,240,4,38,180,120,9,171060
11,0,11233,＜鳥肉類＞　にわとり　［副品目］　すなぎも　生,"Chicken gizzard, raw",79.0,18.3,1.8,(0),0.9,86,79.35,7,140,55,230,14,2.5,2.8,0.10,-,-,,-,-,-,25.5,4,0,0.3,0.06,0.26,3.9,0.04,1.7,36,1.30,28,-,,0,3.7,790,1400,1200,480,240,720,680,600,1300,800,170,870,400,1400,1.13,0.24,0.04,0.20,160,5,5,18,29,9,171456
11,0,11234,＜鳥肉類＞　にわとり　［副品目］　皮　むね　生,"Chicken skin, breast, raw",41.5,9.4,48.1,(0),0.4,466,443.85,3,63,23,140,8,0.3,0.5,0.05,0.01,-,,-,-,-,10.1,120,0.3,0.4,0.02,0.05,6.7,0.11,0.4,3,0.64,110,-,28.3,0.4,0,270,480,510,170,99,270,270,180,440,280,58,370,340,600,44.66,6.31,0.28,6.03,5800,280,0,0,100,6,172855
11,0,11235,＜鳥肉類＞　にわとり　［副品目］　皮　もも　生,"Chicken skin, thigh, raw",41.6,6.6,51.6,(0),0.2,474,461.7,6,34,23,33,6,0.3,0.4,0.02,0.01,1,,9,3,1,10.1,120,0.3,0.2,0.01,0.05,3.0,0.04,0.3,2,0.25,120,2.9,28.3,0.4,0,170,320,330,100,50,150,190,130,320,210,30,230,170,450,48.07,6.54,0.29,6.25,6000,290,0,0,110,7,172855
11,0,11236,＜鳥肉類＞　にわとり　［副品目］　なんこつ（胸肉）　生,"Chicken cartilage, breast, raw",85.0,12.5,0.4,(0),1.7,54,48.55,47,78,390,170,15,0.3,0.3,0.03,0.02,-,,-,-,-,25.5,1,0,Tr,0.03,0.03,3.6,0.03,0.1,5,0.64,5,-,,0,3.7,,,,,,,,,,,,,,,0.24,0.03,Tr,0.03,21,1,0,Tr,3,8,171456
11,0,11237,＜鳥肉類＞　にわとり　［その他］　焼き鳥缶詰,"Yakitori, canned",62.8,18.4,7.8,(0),2.8,173,159.4,12,75,850,200,21,2.9,1.6,0.08,0.07,1,,15,3,4,18.4,60,0,0.3,0.01,0.18,3.1,0.08,0.4,7,0.65,21,3.3,73.8,2.3,0,860,1400,1500,430,160,590,720,570,1300,830,210,920,760,1200,7.24,1.70,0.10,1.60,1500,68,7,12,40,6,171110
11,0,11292,＜鳥肉類＞　にわとり　［その他］　チキンナゲット,Chicken nuggets,53.7,15.5,13.7,1.2,2.3,235,218.3,48,220,630,260,24,0.6,0.6,0.04,0.13,4,,13,3,7,17,16,0.2,2.9,0.08,0.09,6.6,0.28,0.1,13,0.87,27,2.8,45.5,10,0.4,710,1200,1200,370,180,540,620,470,1100,700,190,760,720,940,11.73,2.26,0.36,1.90,1800,360,0,0,32,3,172111
11,0,11293,＜鳥肉類＞　にわとり　［その他］　つくね,Chicken meatball (tsukune),57.9,15.2,15.2,(1.9),2.4,235,214.95,33,170,720,260,25,1.1,1.4,0.07,0.21,38,,16,4,12,15.3,38,0.4,1.0,0.11,0.18,3.8,0.16,0.3,18,0.74,47,5.5,45.2,8.2,0,710,1200,1200,340,170,510,640,460,1100,710,170,780,550,990,14.11,3.00,0.29,2.71,2600,260,4,15,66,7,171638
11,0,11238,＜鳥肉類＞　はと　肉　皮なし　生,"Pigeon, meat, skinless, raw",71.5,21.8,5.1,(0),1.3,131,120.7,3,260,88,380,28,4.4,0.6,0.17,0.04,-,,-,-,-,13.3,16,0.2,0.3,0.32,1.89,9.9,0.53,2.0,2,4.48,5,-,,,5.2,(1200),(1900),(1900),(690),(380),(1100),(950),(1000),(2000),(1100),(340),(1200),(830),(1400),4.23,1.09,0.05,1.04,800,10,4,11,180,9,174475
11,0,11240,＜鳥肉類＞　ほろほろちょう　肉　皮なし　生,"Guinea fowl, meat, skinless, raw",75.2,22.5,1.0,(0),1.1,98,87.95,6,230,67,350,27,1.1,1.2,0.10,0.02,-,,-,-,-,17.5,9,0.4,0.1,0.16,0.20,8.2,0.57,0.5,2,1.13,32,-,,,1.7,1200,1900,2100,630,250,880,920,780,1700,1100,290,1200,1200,1500,0.66,0.26,0.02,0.24,170,5,1,11,50,9,174471
11,0,11241,＜その他＞　いなご　つくだ煮,"Locust, tsukudani",33.7,26.3,1.4,(0),6.3,243,217,28,180,1900,260,32,4.7,3.2,0.77,1.21,-,,-,-,-,,Tr,0.3,2.8,0.06,1.00,1.7,0.12,0.1,54,0.43,7,-,,,0,,,,,,,,,,,,,,,0.55,0.32,0.24,0.08,77,240,0,0,0,3,168906
11,0,11242,＜その他＞　かえる　肉　生,"Frog, meat, raw",76.3,22.3,0.4,(0),0.7,92,82.5,9,140,33,230,23,0.4,1.2,0.05,0.01,-,,-,-,-,14.1,0,0.9,0.1,0.04,0.13,4.1,0.22,0.9,4,0.18,1,-,65,0.1,0,,,,,,,,,,,,,,,0.22,0.09,0.06,0.03,21,1,17,37,6,8,168148
11,0,11243,＜その他＞　すっぽん　肉　生,"Soft-shelled turtle, meat, raw",69.1,16.4,13.4,(0),0.6,175,173.05,18,88,69,150,10,0.9,1.6,0.04,0.02,-,,-,-,-,9.1,94,3.6,1.0,0.91,0.41,3.0,0.11,1.2,16,0.20,5,-,,,5,,,,,,,,,,,,,,,11.44,3.36,2.32,1.02,910,550,630,860,89,9,172518
11,0,11244,＜その他＞　はち　はちの子缶詰,"Bee larvae, canned",44.3,16.2,7.2,(0),2.1,239,223.6,11,110,680,110,24,3.0,1.7,0.36,0.76,-,,-,-,-,46.1,0,0,1.0,0.17,1.22,3.8,0.04,0.1,28,0.52,4,-,228.8,0,10,,,,,,,,,,,,,,,6.45,1.39,0.51,0.88,870,500,12,0,9,8,172928
12,45,12020,あひる卵　ピータン,"Duck egg, preserved (century egg)",66.7,13.7,16.5,(0),3.1,188,188.2,90,230,780,65,6,3.0,1.3,0.11,0.03,34,,29,Tr,5,36.4,220,6.2,1.9,Tr,0.27,0.1,0.01,1.1,63,0.94,26,16.0,263.4,0.4,0,,,,,,,,,,,,,,,12.89,1.64,0.24,1.40,970,87,8,81,250,3,172189
12,15,12001,うこっけい卵　全卵　生,"Silkie chicken egg, whole, raw",73.7,12.0,13.0,(0),0.9,154,153.9,53,220,140,150,11,2.2,1.6,0.08,0.04,-,,-,-,-,30.7,160,1,1.3,0.10,0.32,0.1,0.10,1.1,6,1.78,4,-,293.8,0.3,0,(570),(1000),(830),(500),(390),(890),(640),(480),(1100),(590),(160),(730),(300),(800),10.05,1.92,0.21,1.71,1400,33,0,160,210,5,171287
12,15,12002,うずら卵　全卵　生,"Quail egg, whole, raw",72.9,12.6,13.1,(0),1.1,157,156.5,60,220,130,150,11,3.1,1.8,0.11,0.03,140,,46,0,8,32,350,2.5,0.9,0.14,0.72,0.1,0.13,4.7,91,0.98,15,19.0,263.4,0.3,0,690,1200,970,460,350,810,670,540,1200,760,190,870,380,760,10.20,1.61,0.33,1.27,1100,31,34,240,130,9,172191
12,0,12003,うずら卵　水煮缶詰,"Quail egg, canned, boiled",73.3,11.0,14.1,(0),1.0,162,160.45,47,160,210,28,8,2.8,1.8,0.13,0.02,73,,42,0,9,32,480,2.6,1.6,0.03,0.33,0,0.05,3.3,47,0.53,21,8.4,263.4,0.3,0,(580),(1000),(840),(400),(300),(700),(580),(460),(1000),(620),(160),(740),(330),(650),11.39,1.79,0.35,1.45,1200,35,28,260,160,8,172191
12,14,12004,鶏卵　全卵　生,"Chicken egg, whole, raw",75.0,12.2,10.2,0,1.0,142,135,46,170,140,130,10,1.5,1.1,0.05,0.02,33,,24,0,4,30.7,210,3.8,1.3,0.06,0.37,0.1,0.09,1.1,49,1.16,12,24.0,293.8,0.3,0,660,1100,940,410,300,710,660,590,1300,640,190,820,340,840,8.87,1.43,0.11,1.32,1100,29,1,72,170,9,171287
12,11,12005,鶏卵　全卵　ゆで,"Chicken egg, whole, boiled",76.7,12.5,10.4,0,1.0,134,132.15,47,170,140,130,11,1.5,1.1,0.05,0.03,20,,25,0,2,30.8,160,2.5,1.2,0.06,0.32,0.1,0.09,1.0,48,1.18,11,25.0,293.8,0.3,0,670,1100,920,430,280,710,670,580,1300,640,190,840,350,820,8.58,1.40,0.10,1.29,1000,29,1,68,160,9,173424
12,0,12006,鶏卵　全卵　ポーチドエッグ,"Chicken egg, whole, poached",74.9,12.3,11.7,(0),0.9,145,143.2,55,200,110,100,11,2.2,1.5,0.09,0.03,-,,-,-,-,30.6,160,0.9,1.0,0.06,0.40,0.1,0.08,1.1,46,1.45,13,-,234.1,0.3,0,(610),(1000),(890),(390),(300),(690),(630),(550),(1200),(580),(180),(760),(310),(780),9.24,1.86,0.18,1.68,1500,49,0,130,170,9,172186
12,0,12021,鶏卵　全卵　目玉焼き,"Chicken egg, whole, fried",67.0,14.8,17.6,0,1.0,205,201.4,60,230,180,150,14,2.1,1.4,0.06,0.04,25,,35,0,6,33.1,200,3.9,2.1,0.07,0.41,0.1,0.11,1.2,58,1.29,19,27.0,317.1,5.6,0,520,1300,1000,470,320,790,770,660,1400,740,220,970,390,940,14.78,3.08,0.58,2.50,2200,490,1,76,190,9,173423
12,0,12022,鶏卵　全卵　いり,"Chicken egg, whole, scrambled",70.0,13.3,16.7,0,0.9,190,188.5,58,200,160,140,13,1.8,1.4,0.05,0.03,22,,31,0,5,23.5,180,4.7,2.4,0.07,0.42,0.1,0.11,1.1,48,1.16,21,26.0,221,4,0,520,1200,1000,450,320,760,730,630,1400,710,210,930,360,900,13.95,2.95,0.57,2.38,2100,480,0,84,180,9,172187
12,0,12023,鶏卵　全卵　素揚げ,"Chicken egg, whole, deep-fried",54.8,14.3,31.9,0,0.9,321,321.2,58,220,180,160,13,2.0,1.4,0.06,0.04,23,,38,0,5,33.1,200,4.5,5.7,0.08,0.43,0.1,0.08,1.2,54,1.09,35,27.0,317.1,5.6,0,500,1300,990,470,320,790,800,670,1500,750,210,990,410,910,28.56,6.89,1.78,5.12,4800,1700,0,77,200,8,173423
12,0,12007,鶏卵　全卵　水煮缶詰,"Chicken egg, whole, canned, boiled",77.5,10.8,10.6,(0),1.1,131,127.9,40,150,310,25,8,1.7,1.2,0.09,0.01,-,,-,-,-,30.8,85,0.7,1.1,0.02,0.31,Tr,0.03,0.9,23,0.30,16,-,293.8,0.3,0,(530),(900),(780),(340),(260),(610),(560),(480),(1000),(510),(150),(670),(270),(680),8.70,1.68,0.18,1.50,1300,34,5,130,180,9,173424
12,0,12008,鶏卵　全卵　加糖全卵,"Chicken egg, whole, sweetened",58.2,9.8,10.6,(0),0.7,199,196.85,44,160,100,95,10,1.5,1.0,0.04,0.02,44,,18,0,7,30.7,130,0.6,0.9,0.06,0.38,0.1,0.06,0.6,61,1.33,8,19.0,293.8,0.3,0,(480),(820),(710),(310),(240),(550),(500),(440),(940),(460),(140),(610),(240),(620),8.53,1.40,0.09,1.30,1100,24,Tr,61,170,9,171287
12,0,12009,鶏卵　全卵　乾燥全卵,"Chicken egg, whole, dried",4.5,49.1,42.0,(0),4.2,542,529.55,210,700,490,560,35,3.0,2.0,0.15,0.08,-,,-,-,-,164.7,420,3.3,6.6,0.29,1.24,0.2,0.21,2.7,180,0.13,56,-,1266.7,1.2,0,(2400),(4100),(3500),(1600),(1200),(2800),(2500),(2200),(4700),(2300),(700),(3000),(1200),(3100),(33.73),(6.12),(0.29),(5.84),(4800),(90),(0),(160),(700),9,172188
12,0,12010,鶏卵　卵黄　生,"Chicken egg yolk, raw",49.6,16.5,34.3,0,1.7,336,349.3,140,540,53,100,11,4.8,3.6,0.13,0.08,110,,47,0,12,56,690,12.0,4.5,0.21,0.45,0,0.31,3.5,150,3.60,39,65.0,820.2,0.7,0,830,1400,1200,390,300,690,680,760,1400,850,230,950,430,1200,26.93,4.54,0.35,4.19,3400,97,3,230,520,8,172184
12,0,12011,鶏卵　卵黄　ゆで,"Chicken egg yolk, boiled",50.3,16.1,34.1,0,1.7,330,346.2,140,530,58,87,12,4.7,3.3,0.14,0.07,200,,36,0,13,56.4,520,7.1,3.6,0.16,0.43,0,0.29,3.1,140,2.70,37,54.0,639.3,0.7,0,810,1400,1200,380,290,670,660,730,1400,820,220,930,430,1100,26.40,4.45,0.33,4.13,3300,91,3,210,510,9,173421
12,0,12012,鶏卵　卵黄　加糖卵黄,"Chicken egg yolk, sweetened",42.0,12.1,23.9,(0),1.3,327,317.95,110,400,38,80,12,2.0,1.2,0.05,0.05,50,,34,1,19,53.5,390,2,3.3,0.42,0.82,Tr,0.15,1.6,99,1.85,16,36.0,669.3,0.7,0,(580),(1000),(910),(290),(210),(500),(480),(540),(1000),(580),(160),(660),(310),(850),19.16,3.63,0.28,3.36,2800,63,3,190,390,8,173422
12,0,12013,鶏卵　卵黄　乾燥卵黄,"Chicken egg yolk, dried",3.2,30.3,62.9,(0),3.4,638,641.4,280,1000,80,190,29,4.4,2.9,0.16,0.12,-,,-,-,-,139.3,630,4.9,9.9,0.42,0.82,Tr,0.31,3.8,250,0.18,83,-,2403.3,1.5,0,(1500),(2500),(2300),(730),(530),(1300),(1200),(1400),(2600),(1500),(390),(1600),(780),(2100),50.53,9.17,0.43,8.74,7100,130,0,240,1100,9,173428
12,0,12014,鶏卵　卵白　生,"Chicken egg white, raw",88.3,10.1,Tr,0,0.7,44,38.5,5,11,180,140,10,Tr,0,0.02,0,2,,15,0,2,20,0,0,0,0,0.35,0.1,0,Tr,0,0.13,1,6.7,1.1,0,0,560,910,730,420,260,680,630,470,1100,510,170,740,290,610,0.01,Tr,0,Tr,1,0,0,Tr,Tr,6,172183
12,0,12015,鶏卵　卵白　ゆで,"Chicken egg white, boiled",87.9,10.5,0.1,0,0.7,46,40.4,6,12,170,140,11,Tr,0,0.02,0,4,,15,0,2,20,0,0,0,0.02,0.26,0.1,0,0.1,0,0.33,1,11.0,1.1,0,0,590,940,760,430,270,700,660,490,1200,530,170,770,300,640,0.04,0.01,0,0.01,5,0,0,Tr,Tr,9,172183
12,0,12016,鶏卵　卵白　乾燥卵白,"Chicken egg white, dried",7.1,86.5,0.4,(0),5.8,350,306.85,60,110,1300,1300,48,0.1,0.2,0.14,0.01,-,,-,-,-,125.1,(0),0,0.1,0.03,2.09,0.7,0.02,0.3,43,0.04,2,-,8.4,0,0,(4400),(7300),(6100),(3200),(2500),(5700),(5100),(3900),(9000),(4000),(1300),(5800),(2100),(5000),0.30,0.05,Tr,0.05,39,1,Tr,3,7,9,172204
12,0,12017,鶏卵　たまご豆腐,Egg tofu,(85.2),(6.5),(5.3),0,(1.4),76,350,(26),(95),(390),(99),(8),(0.8),(0.6),(0.03),(0.02),(770),,(15),0,(1),13,(83),(0.6),(0.6),(0.04),(0.17),(0.5),(0.05),(0.7),(25),(0.62),-,(13.0),48.4,3.5,2.5,,,,,,,,,,,,,,,(4.34),(0.71),(0.05),(0.65),(530),(15),(Tr),(34),(82),9,167722
12,0,12018,鶏卵　たまご焼　厚焼きたまご,"Japanese omelet, thick (atsuyaki tamago)",(71.9),(10.5),(9.2),0,(1.8),146,350,(41),(150),(450),(130),(11),(1.3),(0.9),(0.05),(0.03),(540),,(22),0,(2),25.8,(140),(2.1),(1.1),(0.06),(0.27),(0.4),(0.08),(1.0),(40),(0.99),(11),(21.0),247.6,4.5,0,,,,,,,,,,,,,,,(7.71),(1.42),(0.13),(1.29),(1100),(67),(1),(56),(130),8,172185
12,0,12019,鶏卵　たまご焼　だし巻きたまご,"Japanese omelet, rolled (dashimaki tamago)",(77.5),(11.0),(9.2),0,(1.8),123,350,(42),(160),(470),(130),(11),(1.3),(1.0),(0.05),(0.03),(450),,(23),0,(3),25.8,(140),(2.2),(1.1),(0.06),(0.28),(0.3),(0.09),(1.0),(42),(1.03),(10),(22.0),247.6,4.5,0,,,,,,,,,,,,,,,(7.63),(1.30),(0.11),(1.20),(980),(41),(1),(59),(140),9,172185
13,0,13001,＜牛乳及び乳製品＞　（液状乳類）　生乳　ジャージー種,"Milk, raw, Jersey",85.5,3.9,5.2,(0),0.7,77,74.3,140,110,58,140,13,0.1,0.4,0.01,0,22,,4,0,5,2,51,0.1,0.1,0.02,0.21,0.1,0.03,0.4,3,0.25,1,2.1,,,1.5,200,370,310,95,31,130,180,200,390,180,53,240,110,140,4.76,0.18,0.02,0.16,160,21,0,0,0,6,171266
13,0,13002,＜牛乳及び乳製品＞　（液状乳類）　生乳　ホルスタイン種,"Milk, raw, Holstein",87.7,3.2,3.7,(0),0.7,63,59.1,110,91,40,140,10,Tr,0.4,Tr,Tr,14,,3,0,4,3.7,37,Tr,0.1,0.04,0.15,0.1,0.03,0.3,5,0.53,1,2.4,14.3,0.3,0,170,310,260,84,29,110,150,120,270,140,42,210,89,100,3.57,0.15,0.02,0.13,110,15,1,0,7,5,172217
13,0,13003,＜牛乳及び乳製品＞　（液状乳類）　普通牛乳,"Milk, whole",87.4,3.3,3.8,(0),0.7,61,60.65,110,93,41,150,10,0.02,0.4,0.01,Tr,16,,3,0,4,3.7,38,0.3,0.1,0.04,0.15,0.1,0.03,0.3,5,0.55,2,1.8,14.3,0.3,0,170,320,270,80,26,110,160,160,320,150,46,210,93,110,3.32,0.12,0.02,0.10,88,13,1,Tr,6,7,172217
13,0,13006,＜牛乳及び乳製品＞　（液状乳類）　脱脂乳,"Milk, skim",91.0,3.4,0.1,(0),0.8,31,29.2,100,97,51,150,10,0.1,0.4,0.01,0,25,,3,0,3,3.1,Tr,Tr,Tr,0.04,0.15,0.1,0.04,0.6,0,0.60,0,3.1,15.6,0,0,180,340,280,82,27,110,170,180,340,160,47,220,97,120,0.07,Tr,0,Tr,2,Tr,0,0,Tr,6,173432
13,0,13004,＜牛乳及び乳製品＞　（液状乳類）　加工乳　濃厚,"Milk, processed, concentrated",86.3,3.4,4.2,(0),0.8,70,66.15,110,100,55,170,13,0.1,0.4,Tr,0,24,,3,0,4,2,34,Tr,0.1,0.03,0.17,0.1,0.05,0.4,0,0.52,1,3.5,,,1.5,180,330,270,81,29,110,160,170,330,160,47,210,95,110,4.02,0.14,0.02,0.12,100,17,0,0,8,6,171266
13,0,13005,＜牛乳及び乳製品＞　（液状乳類）　加工乳　低脂肪,"Milk, processed, low-fat",88.8,3.8,1.0,(0),0.9,42,41.05,130,90,60,190,14,0.1,0.4,0.01,0.01,19,,3,0,4,1.9,13,Tr,Tr,0.04,0.18,0.1,0.04,0.4,Tr,0.52,Tr,2.0,15.2,0.1,0,190,370,310,92,31,120,180,190,370,170,52,240,110,130,0.93,0.03,Tr,0.03,24,4,Tr,0,2,6,170910
13,0,13059,＜牛乳及び乳製品＞　（液状乳類）　乳児用液体ミルク,"Infant formula, liquid",87.6,1.5,3.6,0,0.3,66,60.35,45,29,-,81,5,0.6,0.4,0.04,-,-,,2,-,-,1.3,-,1.1,1.9,0.08,0.11,0.6,0.05,0.2,21,0.68,4,2.5,8,5.3,5.9,,,,,,,,,,,,,,,,,,,,,,,,6,171386
13,0,13007,＜牛乳及び乳製品＞　（液状乳類）　乳飲料　コーヒー,"Milk beverage, coffee",88.1,2.2,2.0,(0),0.5,56,49.9,80,55,30,85,10,0.1,0.2,Tr,0.01,8,,1,0,2,0,5,Tr,0.1,0.02,0.09,0.1,Tr,0.1,Tr,0.27,1,1.7,0,0.1,0,110,200,160,48,17,66,99,100,200,95,28,130,58,69,1.91,0.06,0.02,0.05,37,12,1,0,2,1,171880
13,0,13008,＜牛乳及び乳製品＞　（液状乳類）　乳飲料　フルーツ,"Milk beverage, fruit",88.3,1.2,0.2,(0),0.4,46,40.55,40,36,20,65,6,Tr,0.1,Tr,0.01,-,,-,-,-,0.7,(0),Tr,Tr,0.01,0.06,0.1,Tr,0.1,Tr,0.15,Tr,-,3.3,0.1,2,,,,,,,,,,,,,,,0.18,0.01,0,0.01,5,1,0,0,Tr,6,167711
13,0,13009,＜牛乳及び乳製品＞　（粉乳類）　全粉乳,Whole milk powder,3.0,25.5,26.2,(0),6.0,490,449.5,890,730,430,1800,92,0.4,2.5,0.04,0.02,-,,-,-,-,16.3,170,0.2,0.6,0.25,1.10,0.8,0.13,1.6,2,3.59,8,-,117.4,2.2,8.6,(1300),(2500),(2100),(620),(200),(820),(1200),(1200),(2500),(1200),(350),(1600),(720),(870),24.17,0.72,0.06,0.66,600,60,-,-,35,8,173454
13,0,13010,＜牛乳及び乳製品＞　（粉乳類）　脱脂粉乳,Nonfat dry milk,3.8,34.0,1.0,(0),7.9,354,314.05,1100,1000,570,1800,110,0.5,3.9,0.10,-,120,,27,1,35,27.3,6,Tr,Tr,0.30,1.60,1.1,0.27,1.8,1,4.17,Tr,19.0,167.8,0,5.6,1800,3300,2700,840,270,1100,1700,1600,3300,1600,470,2200,1000,1100,0.65,0.03,Tr,0.03,24,4,-,-,2,6,172196
13,0,13011,＜牛乳及び乳製品＞　（粉乳類）　乳児用調製粉乳,"Infant formula, powder",2.6,12.4,26.8,(0),2.3,510,466.85,370,220,140,500,40,6.5,2.8,0.34,0.05,41,,8,4,16,11,560,9.3,5.5,0.41,0.72,5.4,0.35,1.6,82,2.20,24,4.4,81.7,43,43.3,730,1200,980,300,220,510,510,400,910,690,160,790,300,350,24.78,5.07,0.38,4.69,4700,380,-,-,0,7,173554
13,0,13012,＜牛乳及び乳製品＞　（練乳類）　無糖練乳,"Evaporated milk, unsweetened",72.5,6.8,7.9,(0),1.6,135,130.15,270,210,140,330,21,0.2,1.0,0.02,-,-,,-,-,-,14.8,48,Tr,0.2,0.06,0.35,0.2,0.01,0.1,1,1.10,3,-,89.1,0.6,2.6,(360),(670),(550),(160),(51),(210),(330),(270),(610),(320),(87),(440),(200),(230),7.11,0.13,0.02,0.10,98,25,-,-,4,6,171275
13,0,13013,＜牛乳及び乳製品＞　（練乳類）　加糖練乳,Sweetened condensed milk,26.1,7.7,8.5,(0),1.6,314,295.55,260,220,96,400,25,0.1,0.8,0.02,0.01,35,,6,0,9,14.8,120,0.1,0.2,0.08,0.37,0.3,0.02,0.7,1,1.29,0,3.2,89.1,0.6,2.6,400,770,630,180,58,240,380,310,690,360,99,500,230,260,8.01,0.26,0.04,0.22,180,36,4,0,13,5,171275
13,0,13014,＜牛乳及び乳製品＞　（クリーム類）　クリーム　乳脂肪,"Cream, dairy",48.2,1.9,43.0,0,0.4,404,394.9,49,84,43,76,5,0.1,0.2,0.02,-,8,,2,1,14,3.7,150,0.3,0.4,0.02,0.13,Tr,Tr,0.2,0,0.13,14,1.2,19.2,1.5,0.9,89,170,140,44,21,65,86,85,170,91,22,110,51,70,37.53,1.37,0.21,1.15,1000,170,12,0,62,6,171257
13,0,13015,＜牛乳及び乳製品＞　（クリーム類）　クリーム　乳脂肪・植物性脂肪,"Cream, dairy and vegetable fat",49.8,4.4,42.1,(0),0.8,388,383.4,47,130,140,76,4,0.2,0.3,0.02,0.01,8,,2,2,8,4,190,0.3,0.4,0.01,0.07,Tr,Tr,0.1,2,0.09,8,1.0,12.1,1.1,0,(220),(420),(360),(110),(42),(150),(210),(200),(410),(200),(50),(270),(120),(150),(38.23),(1.17),(0.21),(0.96),(890),(180),(8),(1),(34),5,169079
13,0,13016,＜牛乳及び乳製品＞　（クリーム類）　クリーム　植物性脂肪,"Cream, vegetable fat",55.5,1.3,39.5,0,0.4,353,351.85,50,79,40,67,6,0,0.2,0.03,0,7,,1,2,2,0.5,1,0.1,4.0,0.01,0.07,0.1,0.01,0.1,0,0.17,5,0.7,16.8,2.7,0.6,54,120,100,30,11,42,59,61,120,61,14,81,36,42,35.72,1.73,0.10,1.63,1600,100,0,0,0,5,170858
13,0,13017,＜牛乳及び乳製品＞　（クリーム類）　ホイップクリーム　乳脂肪,"Whipped cream, dairy",44.3,1.8,40.7,(0),0.4,409,397.05,54,45,24,72,4,0.1,0.2,0.02,-,7,,2,1,13,3,340,0.5,0.7,0.02,0.08,Tr,Tr,0.2,Tr,0.12,13,1.1,16.8,3.2,0.6,(86),(170),(140),(43),(20),(63),(83),(82),(170),(88),(22),(100),(49),(68),(35.57),(1.25),(0.19),(1.06),(950),(140),(15),(2),(61),5,170859
13,0,13018,＜牛乳及び乳製品＞　（クリーム類）　ホイップクリーム　乳脂肪・植物性脂肪,"Whipped cream, dairy and vegetable fat",44.0,4.0,38.4,(0),0.7,394,385.55,42,120,130,69,3,0.1,0.3,0.02,-,7,,1,1,7,1.4,170,0.2,0.4,0.01,0.06,(Tr),(Tr),0.1,3,0.08,7,0.9,16.8,1.9,0,(200),(390),(330),(97),(38),(140),(190),(180),(370),(180),(46),(250),(110),(140),(34.89),(1.07),(0.20),(0.87),(810),(170),(7),(1),(31),5,170860
13,0,13019,＜牛乳及び乳製品＞　（クリーム類）　ホイップクリーム　植物性脂肪,"Whipped cream, vegetable fat",43.7,6.3,36.1,(0),1.0,399,374.05,30,190,230,65,3,0.2,0.4,0.02,-,6,,1,2,2,2.4,1,0,0,0,0.05,0,0,0,3,0.05,2,0.7,0,3.2,0,(260),(610),(510),(150),(56),(210),(290),(300),(590),(300),(69),(400),(180),(210),(34.20),(0.88),(0.20),(0.68),(680),(200),(0),(0),(0),5,167687
13,0,13020,＜牛乳及び乳製品＞　（クリーム類）　コーヒーホワイトナー　液状　乳脂肪,"Coffee whitener, liquid, dairy",70.3,5.2,18.3,(0),0.7,205,193,30,150,150,55,3,0.1,0.4,0.01,0.01,-,,-,-,-,4.6,150,0.2,0.3,0.01,0.05,0.1,0.01,0.1,2,0.07,5,-,17.4,1.7,0.8,270,490,420,140,29,170,260,270,540,240,64,340,150,190,16.88,0.58,0.08,0.50,500,76,0,0,0,6,170857
13,0,13021,＜牛乳及び乳製品＞　（クリーム類）　コーヒーホワイトナー　液状　乳脂肪・植物性脂肪,"Coffee whitener, liquid, dairy and vegetable fat",69.2,4.8,21.6,(0),0.7,227,213.35,26,140,160,50,3,0.1,0.3,0.01,0.01,-,,-,-,-,2,75,0.1,0.1,0.01,0.04,0.1,0.01,0.1,2,0.05,3,-,,,0.9,(240),(460),(390),(120),(45),(160),(230),(220),(440),(220),(54),(300),(140),(160),(20.23),(0.59),(0.11),(0.49),(490),(110),(0),(0),(0),5,170861
13,0,13022,＜牛乳及び乳製品＞　（クリーム類）　コーヒーホワイトナー　液状　植物性脂肪,"Coffee whitener, liquid, vegetable fat",68.4,4.3,24.8,(0),0.7,244,232.15,21,130,160,45,2,0.1,0.3,0.01,0.01,2,,2,1,1,1.1,1,0,0,0,0.03,0,0,0,2,0.03,1,0.3,0,2.5,0,(180),(420),(350),(100),(38),(140),(200),(210),(410),(200),(47),(270),(120),(140),23.49,0.61,0.14,0.47,470,140,0,0,0,5,171261
13,0,13023,＜牛乳及び乳製品＞　（クリーム類）　コーヒーホワイトナー　粉末状　乳脂肪,"Coffee whitener, powdered, dairy",2.8,7.6,27.3,0,1.8,504,470.4,87,240,360,360,9,0,0.4,0.02,0.01,15,,3,Tr,10,0,310,0.2,0.8,0.02,0.65,0.1,0.03,0.2,10,0.25,5,7.9,2.3,1.7,0,(360),(700),(580),(180),(85),(270),(350),(350),(700),(370),(91),(440),(210),(290),23.13,0.62,0.12,0.51,470,120,0,0,22,5,171263
13,0,13024,＜牛乳及び乳製品＞　（クリーム類）　コーヒーホワイトナー　粉末状　植物性脂肪,"Coffee whitener, powdered, vegetable fat",2.7,2.1,36.2,0,2.6,542,512.45,120,600,720,220,1,0.1,0.2,0.02,0.01,Tr,,1,1,1,0.9,0,0,1.0,0,0.01,0,0,0,2,0,0,Tr,0.7,3.8,0,(87),(200),(170),(49),(18),(68),(96),(99),(200),(99),(23),(130),(59),(69),31.00,0,0,0,0,0,0,0,0,5,168122
13,0,13025,＜牛乳及び乳製品＞　（発酵乳・乳酸菌飲料）　ヨーグルト　全脂無糖,"Yogurt, whole milk, plain",87.7,3.6,3.0,(0),0.8,56,55.25,120,100,48,170,12,Tr,0.4,0.01,Tr,17,,3,0,4,2.2,33,0,0.1,0.04,0.14,0.1,0.04,0.1,11,0.49,1,2.5,15.2,0.2,0.5,200,350,300,90,36,130,170,170,340,160,48,240,100,120,2.64,0.10,0.01,0.08,75,10,1,Tr,5,8,171284
13,0,13053,＜牛乳及び乳製品＞　（発酵乳・乳酸菌飲料）　ヨーグルト　低脂肪無糖,"Yogurt, lowfat, plain",89.2,3.7,1.0,(0),0.8,40,40,130,100,48,180,13,Tr,0.5,0.01,0,14,,2,0,4,3.3,12,0,0,0.04,0.19,0.1,0.04,0.1,15,0.41,0,1.6,15.2,0.2,0.8,190,360,300,90,30,120,180,190,370,180,52,240,110,130,0.83,0.03,Tr,0.02,18,4,1,0,1,9,170886
13,0,13054,＜牛乳及び乳製品＞　（発酵乳・乳酸菌飲料）　ヨーグルト　無脂肪無糖,"Yogurt, nonfat, plain",89.1,4.0,0.3,(0),0.8,37,36.85,140,110,54,180,13,Tr,0.4,0,0,16,,3,0,4,4.9,3,0,0,0.04,0.17,0.1,0.04,0.2,16,0.35,0,2.1,15.6,0,0,230,420,350,96,40,140,200,200,390,210,60,270,120,140,0.23,0.01,0,0.01,6,1,0,0,Tr,8,170906
13,0,13026,＜牛乳及び乳製品＞　（発酵乳・乳酸菌飲料）　ヨーグルト　脱脂加糖,"Yogurt, nonfat, sweetened",82.6,4.3,0.2,(0),1.0,65,58.4,120,100,60,150,22,0.1,0.4,0.01,0.01,14,,3,0,4,4.9,(0),Tr,Tr,0.03,0.15,0.1,0.02,0.3,3,0.44,Tr,2.0,15.6,0,0,220,410,350,99,35,130,210,190,400,200,54,270,120,160,0.19,0.01,0,0.01,6,Tr,0,0,1,8,170906
13,0,13027,＜牛乳及び乳製品＞　（発酵乳・乳酸菌飲料）　ヨーグルト　ドリンクタイプ　加糖,"Yogurt drink, sweetened",83.8,2.9,0.5,(0),0.6,64,57.1,110,80,50,130,11,0.1,Tr,Tr,0.01,10,,2,0,3,3.1,5,Tr,Tr,0.01,0.12,0.1,0.03,0.2,1,0.30,Tr,1.2,15.2,0,1.1,150,280,240,69,25,93,140,140,280,140,39,190,84,98,0.45,0.02,Tr,0.01,13,2,0,0,0,6,172220
13,0,13028,＜牛乳及び乳製品＞　（発酵乳・乳酸菌飲料）　乳酸菌飲料　乳製品,"Lactic acid bacteria drink, dairy",82.1,1.1,0.1,(0),0.3,64,62.1,43,30,18,48,5,Tr,0.4,Tr,-,6,,1,0,1,1.8,0,0,Tr,0.01,0.05,Tr,Tr,Tr,Tr,0.11,Tr,0.6,16,0,0.1,57,100,77,26,12,38,50,40,90,46,12,69,29,32,0.04,Tr,0,Tr,1,Tr,-,-,0,6,170885
13,0,13029,＜牛乳及び乳製品＞　（発酵乳・乳酸菌飲料）　乳酸菌飲料　殺菌乳製品,"Lactic acid bacteria drink, pasteurized dairy",45.5,1.5,0.1,(0),0.3,217,190.2,55,40,19,60,7,0.1,0.2,0.01,0.01,10,,1,0,2,2,(0),Tr,Tr,0.02,0.08,0.1,Tr,Tr,Tr,0.09,Tr,0.6,17.7,0.1,1,74,140,120,34,14,47,68,60,130,68,16,92,42,46,0.09,0.01,Tr,Tr,4,1,0,0,Tr,7,170874
13,0,13030,＜牛乳及び乳製品＞　（発酵乳・乳酸菌飲料）　乳酸菌飲料　非乳製品,"Lactic acid bacteria drink, non-dairy",89.3,0.4,0.1,0.2,0.1,39,36.9,16,13,10,44,3,Tr,Tr,0.01,0.02,2,,0,1,1,0.2,1,0.1,Tr,0.01,0.01,Tr,0.01,Tr,Tr,0.05,0,0.4,5,0,0,19,33,27,7.9,4.7,13,18,17,34,17,4.3,22,10,15,0.10,0.03,Tr,0.03,28,4,0,0,0,6,174157
13,0,13031,＜牛乳及び乳製品＞　（チーズ類）　ナチュラルチーズ　エダム,"Cheese, Edam",41.0,28.9,25.0,(0),3.7,321,318.55,660,470,780,65,40,0.3,4.6,0.03,0.01,-,,-,-,-,14.5,240,0.2,0.8,0.04,0.42,0.1,0.06,2.8,39,0.17,14,-,15.4,2.3,0,(1500),(3000),(3100),(830),(290),(1100),(1700),(1700),(3300),(1100),(410),(2100),(1200),(1100),21.43,0.53,0.16,0.37,330,110,17,0,23,6,173419
13,0,13032,＜牛乳及び乳製品＞　（チーズ類）　ナチュラルチーズ　エメンタール,"Cheese, Emmental",33.5,27.3,33.6,(0),4.0,398,386.75,1200,720,500,110,32,0.3,4.3,0.76,0.01,-,,-,-,-,14.5,200,0.1,1.3,0.02,0.48,0.1,0.07,1.0,10,0.72,8,-,15.4,2.7,0,(1600),(3000),(2600),(790),(290),(1100),(1700),(1700),(3400),(1100),(410),(2200),(1100),(940),27.98,0.87,0.35,0.52,470,260,26,5,28,8,171242
13,0,13033,＜牛乳及び乳製品＞　（チーズ類）　ナチュラルチーズ　カテージ,"Cheese, cottage",79.0,13.3,4.5,(0),1.3,99,91.45,55,130,400,50,4,0.1,0.5,0.03,-,9,,14,0,4,4.5,35,0,0.1,0.02,0.15,0.1,0.03,1.0,21,0.48,2,2.2,17.5,11,4,730,1400,1200,370,70,440,730,790,1500,640,190,930,430,530,3.85,0.13,0.02,0.10,93,16,2,0,6,7,169078
13,0,13034,＜牛乳及び乳製品＞　（チーズ類）　ナチュラルチーズ　カマンベール,"Cheese, Camembert",51.8,19.1,24.7,(0),3.5,291,279.95,460,330,800,120,20,0.2,2.8,0.02,0.01,17,,14,1,8,14.5,230,0.2,0.9,0.03,0.48,0.7,0.08,1.3,47,0.49,1,6.3,15.4,2,0,970,1800,1500,510,76,590,980,1100,2100,810,240,1300,600,690,21.28,0.70,0.16,0.54,480,120,12,0,32,7,172178
13,0,13035,＜牛乳及び乳製品＞　（チーズ類）　ナチュラルチーズ　クリーム,"Cheese, cream",55.5,8.2,33.0,(0),1.0,313,317.25,70,85,260,70,8,0.1,0.7,0.01,0.01,14,,7,0,10,8.6,240,0.2,1.2,0.03,0.22,0.1,0.03,0.1,11,0.42,12,2.2,26.8,2.1,0,430,820,680,210,62,270,420,430,840,390,120,530,250,300,28.55,0.89,0.25,0.63,570,180,20,6,38,6,173418
13,0,13036,＜牛乳及び乳製品＞　（チーズ類）　ナチュラルチーズ　ゴーダ,"Cheese, Gouda",40.0,25.8,29.0,(0),3.8,356,341.7,680,490,800,75,31,0.3,3.6,0.02,0.01,-,,-,-,-,14.5,260,0,0.8,0.03,0.33,0.1,0.05,1.9,29,0.32,12,-,15.4,2.3,0,(1400),(2700),(2700),(740),(260),(1000),(1500),(1500),(3000),(960),(360),(1900),(1100),(1000),24.81,0.67,0.19,0.48,430,130,19,4,28,7,171241
13,0,13037,＜牛乳及び乳製品＞　（チーズ類）　ナチュラルチーズ　チェダー,"Cheese, Cheddar",35.3,25.7,33.8,(0),3.8,390,382.15,740,500,800,85,24,0.3,4.0,0.07,-,20,,12,0,7,14.5,310,0,1.6,0.04,0.45,0.1,0.07,1.9,32,0.43,12,2.7,,,0,1400,2500,2100,700,210,910,1400,1500,2900,980,320,1800,800,880,30.42,0.81,0.26,0.54,540,260,-,-,0,7,173415
13,0,13038,＜牛乳及び乳製品＞　（チーズ類）　ナチュラルチーズ　パルメザン,"Cheese, Parmesan",15.4,44.0,30.8,(0),7.9,445,422.45,1300,850,1500,120,55,0.4,7.3,0.15,-,-,,-,-,-,34.4,230,0.2,0.8,0.05,0.68,0.1,0.05,2.5,10,0.50,15,-,14.1,1.7,0,(2300),(4300),(3400),(1200),(140),(1300),(2400),(2700),(5000),(1700),(590),(2900),(1200),(1800),26.20,0.94,0.28,0.67,600,210,20,0,37,7,171247
13,0,13039,＜牛乳及び乳製品＞　（チーズ類）　ナチュラルチーズ　ブルー,"Cheese, blue",45.6,18.8,29.0,(0),5.6,326,315.8,590,440,1500,120,19,0.3,2.5,0.02,0.01,-,,-,-,-,14.5,270,0.3,0.6,0.03,0.42,0.8,0.15,1.1,57,1.22,11,-,15.4,2.4,0,(990),(1700),(1600),(510),(94),(610),(950),(1100),(2100),(690),(270),(1400),(670),(620),24.74,0.80,0.13,0.67,600,91,10,2,38,6,172175
13,0,13055,＜牛乳及び乳製品＞　（チーズ類）　ナチュラルチーズ　マスカルポーネ,"Cheese, mascarpone",62.4,4.4,28.2,(0),0.8,273,269.8,150,99,35,140,10,0.1,0.5,0.01,0,16,,3,1,8,8.6,390,0.2,0.6,0.03,0.17,0.1,0.03,0.2,2,0.31,10,2.0,26.8,2.1,0,230,440,370,120,35,150,220,230,450,210,59,290,130,160,23.99,0.81,0.13,0.68,590,100,9,0,36,6,173418
13,0,13056,＜牛乳及び乳製品＞　（チーズ類）　ナチュラルチーズ　モッツァレラ,"Cheese, mozzarella",56.3,18.4,19.9,(0),1.3,269,247.9,330,260,70,20,11,0.1,2.8,0.02,0.01,-,,-,-,-,17,280,0.2,0.6,0.01,0.19,Tr,0.02,1.6,9,0.06,6,-,15.4,2.3,0,,,,,,,,,,,,,,,,,,,,,,,,8,170845
13,0,13057,＜牛乳及び乳製品＞　（チーズ類）　ナチュラルチーズ　やぎ,"Cheese, goat",52.9,20.6,21.7,(0),2.2,280,265.65,130,270,480,260,20,0.1,0.5,0.07,0.03,-,,-,-,-,2.8,290,0.3,0.4,0.09,0.88,1.4,0.23,0.3,100,1.16,10,-,15.4,1.8,0,1000,2000,1700,470,180,650,1000,950,2000,1100,290,1400,560,600,18.99,0.74,0.14,0.60,560,130,8,0,29,7,173435
13,0,13058,＜牛乳及び乳製品＞　（チーズ類）　ナチュラルチーズ　リコッタ,"Cheese, ricotta",72.9,7.1,11.5,(0),1.7,159,146.4,340,200,160,210,20,0.1,0.3,0.02,Tr,-,,-,-,-,5.9,160,0,0.2,0.04,0.21,0.1,0.06,0.2,4,0.52,3,-,17.5,1.1,0,,,,,,,,,,,,,,,,,,,,,,,,8,170851
13,0,13040,＜牛乳及び乳製品＞　（チーズ類）　プロセスチーズ,Processed cheese,45.0,22.7,26.0,(0),5.0,313,305,630,730,1100,60,19,0.3,3.2,0.08,0.02,18,,13,2,9,,240,Tr,1.1,0.03,0.38,0.1,0.01,3.2,27,0.14,2,2,,,0.2,1300,2300,1900,590,120,720,1200,1400,2600,890,300,1600,720,830,23.39,0.56,0.17,0.39,390,170,-,-,0,7,173448
13,0,13041,＜牛乳及び乳製品＞　（チーズ類）　チーズスプレッド,Cheese spread,53.8,15.9,25.7,(0),4.0,284,276.2,460,620,1000,50,14,0.2,1.6,0.05,0.01,-,,-,-,-,11.3,180,0.3,1.1,0.02,0.35,Tr,0.03,0.5,16,0.16,6,-,36.2,1.8,0,,,,,,,,,,,,,,,21.90,0.63,0.18,0.45,390,130,16,2,27,7,171254
13,0,13042,＜牛乳及び乳製品＞　（アイスクリーム類）　アイスクリーム　高脂肪,"Ice cream, high fat",61.3,3.5,12.0,0.1,0.8,205,192.3,130,110,80,160,14,0.1,0.5,0.01,-,13,,4,0,7,2.9,100,0.1,0.2,0.06,0.18,0.1,0.03,0.4,Tr,0.72,5,2.6,23.8,0,0,180,340,280,90,34,120,170,150,320,170,45,220,100,130,10.25,0.34,0.06,0.28,260,47,0,0,15,5,170659
13,0,13043,＜牛乳及び乳製品＞　（アイスクリーム類）　アイスクリーム　普通脂肪,"Ice cream, regular",63.9,3.9,8.0,0.1,1.0,178,162.5,140,120,110,190,13,0.1,0.4,0.01,0.01,17,,4,Tr,6,1.8,55,0.1,0.2,0.06,0.20,0.1,0.02,0.2,Tr,0.50,3,2.7,26,0.3,0.6,210,380,320,100,37,140,190,180,370,190,51,250,110,140,7.31,0.36,0.05,0.30,240,51,4,0,20,5,167575
13,0,13044,＜牛乳及び乳製品＞　（アイスクリーム類）　アイスミルク,Ice milk,65.6,3.4,6.4,(0),0.7,167,149.95,110,100,75,140,14,0.1,0.3,Tr,0.01,-,,-,-,-,1.9,21,0.1,0.1,0.03,0.14,0.1,0.02,0.3,Tr,0.43,1,-,23,2.8,0.9,(180),(330),(270),(87),(33),(120),(160),(140),(310),(160),(44),(220),(99),(120),6.15,0.16,0.02,0.13,110,20,1,0,9,5,169631
13,0,13045,＜牛乳及び乳製品＞　（アイスクリーム類）　ラクトアイス　普通脂肪,"Lacto ice, regular fat",60.4,3.1,13.6,0.1,0.7,217,203.8,95,93,61,150,12,0.1,0.4,0.01,0.01,19,,3,0,3,2.1,10,Tr,0.6,0.03,0.15,0.4,0.01,0.2,1,0.51,1,1.7,19.2,0.6,0.9,180,310,250,77,34,110,150,99,250,150,35,210,87,97,13.40,0.62,0.01,0.60,600,15,0,0,1,5,171256
13,0,13046,＜牛乳及び乳製品＞　（アイスクリーム類）　ラクトアイス　低脂肪,"Lacto ice, low fat",75.2,1.8,2.0,(0),0.4,108,95.4,60,45,45,80,9,0.1,0.1,0.01,0.04,-,,-,-,-,,0,Tr,0.2,0.02,0.12,Tr,0.01,0.1,1,0.15,1,-,,,0.8,(100),(180),(150),(45),(20),(64),(86),(57),(140),(84),(20),(120),(51),(56),1.93,0.05,0.01,0.05,45,5,Tr,0,1,6,170661
13,0,13047,＜牛乳及び乳製品＞　（アイスクリーム類）　ソフトクリーム,Soft serve ice cream,69.6,3.8,5.6,(0),0.9,146,131.25,130,110,65,190,14,0.1,0.4,Tr,0.01,-,,-,-,-,3.6,17,0.1,0.2,0.05,0.22,0.1,0.01,0.2,Tr,0.58,2,-,20.3,0.4,0.9,(200),(370),(310),(98),(36),(130),(180),(160),(350),(180),(49),(240),(110),(140),5.36,0.19,0.03,0.16,150,25,3,0,6,5,167576
13,0,13048,＜牛乳及び乳製品＞　（その他）　カゼイン,Casein,10.6,86.2,1.5,(0),1.7,358,314.45,26,120,10,2,3,0.8,2.6,0.09,0.02,7,,40,1,14,16.7,Tr,Tr,Tr,Tr,Tr,Tr,0.01,2.3,6,0.17,Tr,2.4,16.3,0.7,0,5000,8500,7200,2700,440,3100,4600,5200,9700,4000,1100,6200,2700,3400,1.36,0.05,0.01,0.03,25,12,1,0,2,9,171248
13,0,13049,＜牛乳及び乳製品＞　（その他）　シャーベット,Sherbet,69.1,0.9,1.0,(0),0.3,128,112.1,22,22,13,95,3,0.1,0.1,0.01,0.09,-,,-,-,-,1.5,(0),Tr,Tr,0.04,0.05,0.2,Tr,Tr,Tr,0.04,1,-,7.7,0,2.3,,,,,,,,,,,,,,,0.99,0.04,Tr,0.04,35,4,0,0,0,5,167577
13,0,13050,＜牛乳及び乳製品＞　（その他）　チーズホエーパウダー,Cheese whey powder,2.2,12.5,1.2,(0),7.1,339,323.45,620,690,690,1800,130,0.4,0.3,0.03,0.03,80,,7,1,47,27.2,11,Tr,0,0.22,2.35,1.4,0.25,3.4,6,5.95,Tr,23.0,225,0.1,1.5,730,1200,1000,220,290,510,370,310,680,870,210,690,210,290,1.11,0.04,0.01,0.04,37,7,0,0,0,7,171283
13,0,13051,＜その他＞　人乳,Human milk,88.0,1.1,3.5,(0),0.2,61,58.8,27,14,15,48,3,0.04,0.3,0.03,Tr,*,,2,0,0,1.8,45,0.3,0.4,0.01,0.03,0.2,Tr,Tr,Tr,0.50,1,0.5,16,0.3,5,53,100,67,15,24,39,43,41,84,46,15,58,26,32,3.46,0.61,0.09,0.52,490,47,8,30,13,5,171279
13,0,13052,＜その他＞　やぎ乳,Goat milk,88.0,3.1,3.6,(0),0.8,57,57.2,120,90,35,220,12,0.1,0.3,Tr,Tr,-,,-,-,-,1.4,36,0,0.1,0.04,0.14,0.3,0.04,0,1,0.39,2,-,16,0.3,1.3,(180),(270),(250),(70),(40),(110),(130),(160),(290),(140),(38),(210),(78),(100),3.05,0.09,0.03,0.07,61,19,2,1,4,7,171278
14,0,14023,（植物油脂類）　あまに油,Flaxseed oil,Tr,0,100,0,0,897,850,Tr,0,0,0,0,0,0,0,0,-,,-,-,-,,0,(0),0.5,0,0,0,-,-,-,-,11,-,,,,,,,,,,,,,,,,,,95.13,71.13,56.63,14.50,14000,57000,0,0,0,9,
14,0,14024,（植物油脂類）　えごま油,Perilla oil,Tr,0,100,0,0,897,850,1,1,Tr,Tr,Tr,0.1,0,0,0.01,-,,-,-,-,0,0,(0),2.4,0,0,0,-,-,-,-,5,-,0.2,9.3,0,,,,,,,,,,,,,,,95.17,70.60,58.31,12.29,12000,58000,0,0,0,9,167702
14,0,14001,（植物油脂類）　オリーブ油,Olive oil,0,0,100,0,0,894,850,Tr,0,Tr,0,0,0,0,0,0,0,,0,Tr,0,,0,(0),7.4,0,0,0,(0),(0),(0),(0),42,0,,,,,,,,,,,,,,,,,,94.58,7.24,0.60,6.64,6600,600,0,0,0,9,
14,0,14002,（植物油脂類）　ごま油,Sesame oil,0,0,100,0,0,890,850,1,1,Tr,Tr,Tr,0.1,Tr,0.01,0,0,,1,1,0,0,0,(0),0.4,0,0,0.1,(0),(0),(0),(0),5,0,0.2,9.3,0,,,,,,,,,,,,,,,93.83,41.19,0.31,40.88,41000,310,0,0,0,7,167702
14,0,14003,（植物油脂類）　米ぬか油,Rice bran oil,0,0,100,0,0,880,850,Tr,Tr,0,Tr,0,0,0,0,0,0,,0,1,0,,0,(0),26.0,0,0,0,(0),(0),(0),(0),36,0,,,,,,,,,,,,,,,,,,91.86,33.26,1.15,32.11,32000,1200,0,0,0,9,
14,0,14004,（植物油脂類）　サフラワー油　ハイオレイック,"Safflower oil, high oleic",0,0,100,0,0,892,850,0,Tr,0,0,0,0,0,0,0,-,,-,-,-,,0,(0),27.0,0,0,0,(0),(0),(0),(0),10,-,,,,,,,,,,,,,,,,,,94.21,13.62,0.21,13.41,13000,210,0,0,0,9,
14,0,14025,（植物油脂類）　サフラワー油　ハイリノール,"Safflower oil, high linoleic",0,0,100,0,0,883,850,0,Tr,0,0,0,0,0,0,0,-,,-,-,-,,0,(0),27.0,0,0,0,(0),(0),(0),(0),10,-,,,,,,,,,,,,,,,,,,92.40,70.19,0.22,69.97,70000,220,0,0,0,9,
14,0,14005,（植物油脂類）　大豆油,Soybean oil,0,0,100,0,0,885,850,0,0,0,Tr,0,0,0,0,0,0,,0,0,0,,0,(0),10.0,0,0,0,(0),(0),(0),(0),210,0,,,,,,,,,,,,,,,,,,92.76,55.78,6.10,49.67,50000,6100,0,0,0,7,
14,0,14006,（植物油脂類）　調合油,Blended vegetable oil,0,0,100,0,0,886,850,Tr,Tr,0,Tr,0,0,Tr,0,0,0,,0,0,0,,0,(0),13.0,0,0,0,(0),(0),(0),(0),170,0,,,,,,,,,,,,,,,,,,93.01,40.94,6.81,34.13,34000,6800,0,0,0,9,
14,0,14007,（植物油脂類）　とうもろこし油,Corn oil,0,0,100,0,0,884,850,Tr,0,0,0,0,0,0,0,0,0,,0,Tr,0,,0,(0),17.0,0,0,0,(0),(0),(0),(0),5,0,,,,,,,,,,,,,,,,,,92.58,51.58,0.76,50.82,51000,760,0,0,0,8,
14,0,14008,（植物油脂類）　なたね油,Canola oil,0,0,100,0,0,887,850,Tr,Tr,0,Tr,0,0,Tr,0,0,0,,0,0,0,,0,(0),15.0,0,0,0,(0),(0),(0),(0),120,0,,,,,,,,,,,,,,,,,,93.26,26.10,7.52,18.59,19000,7500,0,0,0,8,
14,0,14009,（植物油脂類）　パーム油,Palm oil,0,0,100,0,0,887,850,Tr,0,0,0,0,0,0,0,0,-,,-,-,-,,0,(0),8.6,0,0,0,(0),(0),(0),(0),4,-,,,,,,,,,,,,,,,,,,92.94,9.16,0.19,8.97,9000,190,0,0,0,7,
14,0,14010,（植物油脂類）　パーム核油,Palm kernel oil,0,0,100,0,0,893,850,Tr,Tr,0,Tr,0,0,0,0,0,-,,-,-,-,,0,(0),0.4,0,0,0,(0),(0),(0),(0),Tr,-,,,,,,,,,,,,,,,,,,93.13,2.43,0,2.43,2400,0,0,0,0,6,
14,0,14011,（植物油脂類）　ひまわり油　ハイリノール,"Sunflower oil, high linoleic",0,0,100,0,0,899,850,0,0,0,0,0,0,0,0,0,-,,-,-,-,,0,(0),39.0,0,0,0,(0),(0),(0),(0),11,-,,,,,,,,,,,,,,,,,,95.53,57.94,0.43,57.51,58000,430,-,-,0,9,
14,0,14026,（植物油脂類）　ひまわり油　ミッドオレイック,"Sunflower oil, mid oleic",0,0,100,0,0,892,850,0,0,0,0,0,0,0,0,0,-,,-,-,-,,0,(0),39.0,0,0,0,(0),(0),(0),(0),11,-,,,,,,,,,,,,,,,,,,94.17,28.09,0.22,27.88,28000,220,0,0,0,9,
14,0,14027,（植物油脂類）　ひまわり油　ハイオレイック,"Sunflower oil, high oleic",0,0,100,0,0,899,850,0,0,0,0,0,0,0,0,0,-,,-,-,-,,0,(0),39.0,0,0,0,(0),(0),(0),(0),11,-,,,,,,,,,,,,,,,,,,95.44,6.79,0.23,6.57,6600,230,0,0,0,9,
14,0,14028,（植物油脂類）　ぶどう油,Grape seed oil,0,0,100,0,0,882,850,0,0,0,0,0,0,0,0.02,0,-,,-,-,-,,-,0,28.0,0,0,0,(0),(0),(0),(0),190,(0),,,,,,,,,,,,,,,,,,92.28,63.55,0.45,63.10,63000,450,0,0,0,8,
14,0,14012,（植物油脂類）　綿実油,Cottonseed oil,0,0,100,0,0,883,850,0,0,0,0,0,0,0,0,0,-,,-,-,-,,0,(0),28.0,0,0,0,(0),(0),(0),(0),29,-,,,,,,,,,,,,,,,,,,92.35,53.85,0.34,53.51,54000,340,0,0,0,8,
14,0,14013,（植物油脂類）　やし油,Coconut oil,0,0,100,0,0,889,850,Tr,0,0,0,0,0,Tr,0,0,-,,-,-,-,,0,(0),0.3,0,0,0,(0),(0),(0),(0),Tr,-,,,,,,,,,,,,,,,,,,92.08,1.53,0,1.53,1500,0,0,0,0,8,
14,0,14014,（植物油脂類）　落花生油,Peanut oil,0,0,100,0,0,882,850,Tr,Tr,0,0,0,0,0,0,0,-,,-,-,-,,0,(0),6.0,0,0,0,(0),(0),(0),(0),4,-,,,,,,,,,,,,,,,,,,92.26,29.00,0.21,28.80,29000,210,0,0,0,5,
14,0,14015,（動物油脂類）　牛脂,Beef tallow,Tr,0.2,99.8,0,0,869,849,Tr,1,1,1,0,0.1,Tr,Tr,-,-,,-,-,-,0,85,0,0.6,0,0,0,-,-,-,-,26,-,22.3,8.6,0,,,,,,,,,,,,,,,89.67,3.61,0.17,3.44,3300,170,0,0,0,8,173412
14,0,14032,（動物油脂類）　たらのあぶら,Cod liver oil,0.1,0.1,99.8,-,0,853,848.65,Tr,2,1,1,0,Tr,0,Tr,0,450,,9,Tr,0,0,37000,8.7,14.0,0,Tr,0.1,0,-,1,0,5,Tr,0.2,9.3,0,2.4,1.1,0.8,0,0.3,0.3,0.5,0.3,0.7,0.8,0,0.9,0.5,0.7,86.84,25.54,22.64,2.30,670,470,13000,6200,280,9,167702
14,0,14016,（動物油脂類）　ラード,Lard,0,0,100,0,0,885,850,0,0,0,0,0,0,Tr,Tr,0,0,,0,0,0,,0,0.2,0.3,0,0,0,0,0,0,0,7,0,,,,,,,,,,,,,,,,,,92.66,9.81,0.46,9.35,8900,460,0,0,100,7,
14,0,14017,（バター類）　無発酵バター　有塩バター,"Butter, salted",16.2,0.6,81.0,(0),2.0,700,691.3,15,15,750,28,2,0.1,0.1,Tr,0,2,,Tr,1,3,1,500,0.6,1.5,0.01,0.03,0,Tr,0.1,Tr,0.06,17,0.4,18.8,7,0,28,55,44,15,5.0,20,27,24,51,28,6.3,36,17,21,70.56,2.14,0.28,1.86,1700,280,0,0,110,6,173410
14,0,14018,（バター類）　無発酵バター　食塩不使用バター,"Butter, unsalted",15.8,0.5,83.0,(0),0.5,720,707.95,14,18,11,22,2,0.4,0.1,0.01,0.01,3,,Tr,0,3,1,780,0.7,1.4,0,0.03,Tr,Tr,0.1,1,0.08,24,0.3,18.8,7,0,(23),(46),(36),(12),(4.2),(17),(23),(20),(43),(23),(5.3),(30),(14),(18),73.00,2.05,0.33,1.72,1500,330,0,0,100,6,173430
14,0,14019,（バター類）　発酵バター　有塩バター,"Butter, cultured, salted",13.6,0.6,80.0,(0),1.4,713,697.5,12,16,510,25,2,0.4,0.1,0.01,0.01,-,,-,-,-,1,760,0.7,1.3,0,0.02,0,0,0.1,1,0,30,-,18.8,7,0,(28),(55),(44),(15),(5.0),(20),(27),(24),(51),(28),(6.3),(36),(17),(21),70.71,2.15,0.29,1.87,1700,290,0,0,110,6,173410
14,0,14020,（マーガリン類）　マーガリン　家庭用　有塩,"Margarine, household, salted",14.7,0.4,83.1,(0),1.3,715,709.5,14,17,500,27,2,Tr,0.1,Tr,Tr,2,,1,0,2,1,0,11.0,15.0,0.01,0.03,Tr,0,0,Tr,Tr,53,0.2,18.8,7,0,22,41,34,11,3.2,14,21,21,41,20,3.7,27,12,15,75.33,12.98,1.17,11.81,12000,1200,0,0,0,5,173410
14,0,14033,（マーガリン類）　マーガリン　家庭用　無塩,"Margarine, household, unsalted",14.7,0.4,83.1,(0),1.3,715,709.5,14,17,(Tr),27,2,Tr,0.1,Tr,Tr,2,,1,0,2,,0,11.0,15.0,0.01,0.03,Tr,0,0,Tr,Tr,53,0.2,,,,,,,,,,,,,,,,,,,,,,,,,,,6,171432
14,0,14029,（マーガリン類）　マーガリン　業務用　有塩,"Margarine, commercial, salted",14.8,0.3,84.3,(0),0.5,740,717.95,14,17,490,27,2,Tr,0.1,Tr,Tr,2,,1,0,2,0,0,11.0,15.0,0.01,0.03,Tr,0,0,Tr,Tr,53,0.2,10.2,101.3,0.1,(13),(24),(19),(6.2),(1.9),(8.0),(12),(12),(24),(12),(2.2),(15),(7.2),(8.9),76.64,8.78,0.64,8.13,8100,640,0,0,0,5,173582
14,0,14034,（マーガリン類）　マーガリン　業務用　無塩,"Margarine, commercial, unsalted",14.8,0.3,84.3,(0),0.5,740,717.95,14,17,(Tr),27,2,Tr,0.1,Tr,Tr,2,,1,0,2,0,0,11.0,15.0,0.01,0.03,Tr,0,0,Tr,Tr,53,0.2,10.2,101.3,0.1,,,,,,,,,,,,,,,,,,,,,,,,5,173582
14,0,14021,（マーガリン類）　ファットスプレッド,Fat spread,30.2,0.2,69.1,(0),1.2,579,588.05,8,10,420,17,2,Tr,Tr,Tr,Tr,1,,0,Tr,1,0,0,1.1,16.0,0.02,0.02,Tr,0,0,Tr,Tr,71,0.1,42.2,0,0,8.5,15,12,2.6,1.8,4.4,6.3,6.4,13,9.3,1.6,9.3,4.2,4.8,61.14,20.02,1.71,18.31,18000,1700,0,0,0,5,172345
14,0,14022,（その他）　ショートニング　家庭用,"Shortening, household",0.1,0,99.9,(0),0,889,849.15,0,0,0,0,0,0,0,0,0,0,,0,Tr,0,2.3,0,0.1,9.5,0,0,0,0,0,0,0,6,0,34.2,163,0,,,,,,,,,,,,,,,93.33,11.56,0.99,10.57,11000,990,0,0,0,5,171009
14,0,14030,（その他）　ショートニング　業務用　製菓,"Shortening, commercial, baking",Tr,0,99.9,(0),0,881,849.5,0,0,0,0,0,0,0,0,0,0,,0,Tr,0,,0,0.1,9.5,0,0,0,0,0,0,0,6,0,,,,,,,,,,,,,,,,,,91.85,8.13,0.30,7.84,7800,300,0,0,0,5,
14,0,14031,（その他）　ショートニング　業務用　フライ,"Shortening, commercial, frying",0.1,0,99.9,(0),0,886,849.15,0,0,0,0,0,0,0,0,0,0,,0,Tr,0,8.4,0,0.1,9.5,0,0,0,0,0,0,0,6,0,6.5,1.7,0,,,,,,,,,,,,,,,92.95,13.19,0.78,12.42,12000,780,0,0,0,6,174950
15,0,15001,＜和生菓子・和半生菓子類＞　甘納豆　あずき,"Sweetened adzuki beans (Amanatto, adzuki)",26.2,3.4,0.3,4.8,0.5,283,241.25,11,38,45,170,17,0.7,0.4,0.12,0.18,0,,1,5,38,2.3,0,0,-,0.06,0.02,0.2,0.04,0,9,0.17,1,1.5,,,0,(150),(280),(260),(51),(42),(93),(200),(100),(300),(130),(39),(180),(120),(230),(0.13),(0.08),(0.03),(0.06),(57),(25),-,-,-,5,173730
15,0,15002,＜和生菓子・和半生菓子類＞　甘納豆　いんげんまめ,"Sweetened kidney beans (Amanatto, kidney bean)",25.2,3.8,0.5,5.5,0.7,288,242.6,26,55,45,170,19,0.8,0.4,0.13,0.34,0,,0,0,11,1.1,0,0,-,0.09,0.03,0.2,0.03,0,13,0.06,1,1.5,30.5,4.1,0.8,(190),(340),(280),(44),(33),(77),(250),(100),(350),(180),(45),(220),(130),(220),(0.21),(0.15),(0.09),(0.05),(53),(93),(0),(0),(0),5,175245
15,0,15003,＜和生菓子・和半生菓子類＞　甘納豆　えんどう,"Sweetened peas (Amanatto, pea)",23.1,3.8,0.4,3.2,0.4,293,258.55,12,27,47,110,17,0.9,0.6,0.09,-,0,,2,1,26,3.6,0,0,-,0.11,0.02,0.3,0,0,2,0.16,3,2.4,13.2,0.2,0.6,(150),(260),(270),(37),(59),(96),(180),(110),(290),(150),(35),(170),(96),(310),(0.25),(0.12),(0.02),(0.11),(110),(16),-,-,-,5,171592
15,0,15005,＜和生菓子・和半生菓子類＞　今川焼　こしあん入り,"Imagawayaki, with smooth red bean paste",(45.5),(4.5),(1.1),(1.4),(0.5),217,350,29,55,57,64,8,0.6,0.3,0.06,0.22,2,,3,1,12,2.3,14,0.3,0.2,0.04,0.04,0.2,0.01,0.1,6,0.23,2,2.3,,,0,(200),(370),(240),(87),(91),(180),(260),(150),(410),(170),(55),(240),(130),(250),(0.85),(0.29),(0.02),(0.26),(250),(20),(0),(4),(10),5,173730
15,0,15145,＜和生菓子・和半生菓子類＞　今川焼　つぶしあん入り,"Imagawayaki, with mashed red bean paste",(45.5),(4.5),(1.4),(1.7),(0.5),220,350,23,62,71,95,10,0.6,0.3,0.08,0.22,2,,3,1,16,2.3,15,0.3,0.2,0.04,0.04,0.2,0.02,0.1,8,0.27,2,2.4,,,0,,,,,,,,,,,,,,,,,,,,,,,,5,173730
15,0,15146,＜和生菓子・和半生菓子類＞　今川焼　カスタードクリーム入り,"Imagawayaki, with custard cream",(45.5),(4.7),(2.6),(0.9),(0.5),224,350,46,88,52,95,7,0.5,0.4,0.04,0.15,10,,6,1,5,7.1,51,0.8,0.4,0.06,0.08,0.2,0.04,0.3,14,0.5,3,5.2,38,3.2,0.6,,,,,,,,,,,,,,,,,,,,,,,,3,172783
15,0,15006,＜和生菓子・和半生菓子類＞　ういろう　白,"Uirou, white",(54.5),(1.0),(0.2),(0.1),(0.1),181,350,(2),(18),(1),(17),(4),(0.2),(0.2),(0.04),(0.13),0,,(1),(1),(13),,0,0,-,(0.02),(Tr),(0.2),(0.02),0,(2),(0.11),0,(0.2),,,,(42),(86),(36),(26),(25),(51),(55),(44),(99),(36),(14),(63),(27),(85),(0.14),(0.05),(Tr),(0.05),(52),(2),(0),(0),(0),5,169712
15,0,15147,＜和生菓子・和半生菓子類＞　ういろう　黒,"Uirou, brown sugar",(54.5),(1.5),(0.2),(0.1),(1.1),174,350,3,44,1,41,10,0.4,0.4,0.08,0.31,(Tr),,2,1,32,,0,0,0.1,0.04,0.01,0.5,0.05,0,5,0.28,0,0.5,,,0,,,,,,,,,,,,,,,,,,,,,,,,5,168932
15,0,15007,＜和生菓子・和半生菓子類＞　うぐいすもち　こしあん入り,"Uguisu mochi, with smooth red bean paste",(40.0),(3.5),(0.4),(1.8),(0.3),236,350,(19),(30),(35),(21),(9),(0.9),(0.5),(0.09),(0.28),(1),,(1),(Tr),(25),2.3,0,0,0,(0.01),(0.01),(0.1),(Tr),0,(3),(0.02),(2),(0.9),,,0,(160),(300),(220),(64),(51),(120),(210),(120),(340),(140),(41),(200),(110),(260),(0.25),(0.12),(0.02),(0.10),(100),(18),(0),(0),(0),3,173730
15,0,15148,＜和生菓子・和半生菓子類＞　うぐいすもち　つぶしあん入り,"Uguisu mochi, with mashed red bean paste",(40.0),(2.7),(0.4),(1.2),(0.2),237,350,8,35,46,59,9,0.7,0.5,0.11,0.25,1,,1,1,29,2.3,0,0,(Tr),0.01,0.01,0.1,0.01,0,6,0.06,2,0.8,,,0,,,,,,,,,,,,,,,,,,,,,,,,4,173730
15,0,15008,＜和生菓子・和半生菓子類＞　かしわもち　こしあん入り,"Kashiwa mochi, with smooth red bean paste",(48.5),(4.0),(0.4),(1.7),(0.4),203,350,(18),(47),(55),(40),(13),(0.9),(0.5),(0.11),-,(Tr),,(1),(1),(36),2.3,0,0,-,(0.03),(0.02),(0.4),(0.04),0,(4),(0.21),(2),(0.9),,,0,(180),(340),(230),(80),(66),(150),(240),(140),(380),(150),(48),(230),(120),(300),(0.29),(0.12),(0.01),(0.11),(110),(14),(0),(0),(0),6,173730
15,0,15149,＜和生菓子・和半生菓子類＞　かしわもち　つぶしあん入り,"Kashiwa mochi, with mashed red bean paste",(48.5),(3.9),(0.5),(1.7),(0.4),204,350,(7),(58),(67),(78),(15),(0.7),(0.6),(0.13),-,(Tr),,(2),(1),(44),2.3,0,0,-,(0.04),(0.02),(0.5),(0.06),0,(7),(0.31),(2),(0.9),,,0,,,,,,,,,,,,,,,,,,,,,,,,3,173730
15,0,15009,＜和生菓子・和半生菓子類＞　カステラ,Castella,(25.6),(7.1),(5.0),(0.5),(0.5),313,350,(27),(85),(71),(86),(7),(0.7),(0.6),(0.03),(0.10),(8),,(15),(Tr),(4),8.7,(90),(2.3),(2.3),(0.05),(0.18),(0.2),(0.05),(0.4),(22),(0.54),(6),(11.0),,0.2,0,(350),(610),(460),(210),(180),(390),(380),(310),(700),(330),(100),(440),(190),(430),4.16,0.91,0.08,0.83,730,27,0,45,66,5,167574
15,0,15010,＜和生菓子・和半生菓子類＞　かのこ,Kanoko,(34.0),(4.8),(0.4),(3.8),(0.3),260,350,23,37,22,93,15,0.9,0.4,0.11,0.25,0,,(Tr),3,31,10.6,0,0,0,0.03,0.02,0.1,0.02,0,5,0.1,2,1.3,,,0,(210),(410),(370),(73),(53),(130),(300),(140),(440),(180),(53),(260),(160),(320),(0.17),(0.10),(0.03),(0.07),(72),(32),(Tr),(0),(0),5,172452
15,0,15011,＜和生菓子・和半生菓子類＞　かるかん,Karakaan,(42.5),(2.1),(0.3),(0.4),(0.3),226,350,(3),(32),(2),(120),(8),(0.3),(0.3),(0.08),(0.17),(Tr),,(1),0,(17),,0,0,(0.1),(0.05),(0.01),(0.3),(0.04),0,(5),(0.29),0,(0.7),,,5.3,(80),(150),(76),(44),(39),(83),(110),(79),(180),(72),(29),(110),(50),(220),(0.22),(0.09),(Tr),(0.09),(85),(4),(0),(0),(0),5,167791
15,0,15012,＜和生菓子・和半生菓子類＞　きび団子,Kibi dango,(24.4),(1.6),(0.2),(0.1),(0.1),298,350,(2),(11),(1),(2),(1),(0.3),(0.3),(0.05),(0.14),(1),,(1),(Tr),(14),1.7,0,0,0,(0.01),(Tr),(0.1),(Tr),0,(3),0,0,(0.3),0.1,0,0,(67),(130),(55),(40),(38),(78),(87),(72),(160),(60),(21),(98),(41),(130),(0.20),(0.08),(Tr),(0.08),(77),(2),(0),(0),(0),5,167995
15,0,15013,＜和生菓子・和半生菓子類＞　ぎゅうひ,Gyūhi,(36.0),(1.3),(0.2),(0.1),(Tr),253,350,(1),(10),(1),(1),(1),(0.2),(0.3),(0.04),(0.12),(1),,(1),0,(12),0.6,0,0,0,(0.01),(Tr),(0.1),(Tr),0,(3),0,0,(0.2),0,0,0,(57),(110),(46),(34),(32),(66),(73),(61),(130),(51),(18),(83),(35),(110),(0.17),(0.07),(Tr),(0.07),(65),(2),(0),(0),(0),4,168771
15,0,15014,＜和生菓子・和半生菓子類＞　きりざんしょ,Kirizan-sho,(38.0),(2.1),(0.3),(0.2),(0.3),245,350,(2),(32),(66),(31),(8),(0.3),(0.3),(0.07),(0.25),(Tr),,(1),(Tr),(26),2.3,0,0,(0.1),(0.03),(0.01),(0.4),(0.04),0,(4),(0.22),0,(0.4),,,0,(87),(170),(72),(53),(50),(100),(110),(91),(200),(78),(28),(130),(54),(170),(0.27),(0.10),(Tr),(0.10),(100),(4),(0),(0),(0),5,173730
15,0,15015,＜和生菓子・和半生菓子類＞　きんぎょく糖,Kingyoku-to (agar jelly candy),(28.0),(Tr),0,(0.8),(Tr),282,350,(7),(Tr),(2),(2),(1),(0.1),(Tr),(0.01),(0.03),0,,0,0,0,0.8,0,0,0,0,0,0,0,0,0,(Tr),0,(Tr),0,0,0,,,,,,,,,,,,,,,,,,,,,,,,5,167989
15,0,15016,＜和生菓子・和半生菓子類＞　きんつば,Kintsuba,(34.0),(6.0),(0.7),(5.5),(0.7),260,350,(20),(73),(120),(160),(22),(1.4),(0.7),(0.19),(0.41),0,,(1),(1),(47),2.3,0,0,(0.1),(0.03),(0.03),(0.2),(0.03),0,(8),(0.22),(6),(1.7),,,0,(260),(500),(400),(99),(80),(180),(360),(180),(530),(230),(65),(320),(200),(370),(0.38),(0.23),(0.05),(0.19),(190),(48),(0),(0),(0),5,173730
15,0,15017,＜和生菓子・和半生菓子類＞　草もち　こしあん入り,Kusa mochi with smooth red bean paste,(43.0),(4.2),(0.4),(1.9),(0.3),224,350,(22),(50),(17),(46),(14),(1.0),(0.6),(0.12),(0.40),(Tr),,(1),(1),(36),2.3,0,0,(0.1),(0.03),(0.02),(0.4),(0.04),0,(5),(0.21),(11),(0.9),,,0,(180),(350),(240),(82),(67),(150),(240),(150),(390),(160),(51),(240),(120),(300),(0.29),(0.12),(0.01),(0.11),(110),(14),(0),(0),(0),3,173730
15,0,15150,＜和生菓子・和半生菓子類＞　草もち　つぶしあん入り,Kusa mochi with mashed red bean paste,(43.0),(4.8),(0.7),(2.7),(0.3),227,350,13,60,30,90,16,0.9,0.6,0.14,0.42,(Tr),,2,1,43,2.3,0,0,0.2,0.04,0.02,0.5,0.05,0,9,0.3,15,0.9,,,0,,,,,,,,,,,,,,,,,,,,,,,,6,173730
15,0,15018,＜和生菓子・和半生菓子類＞　くし団子　あん　こしあん入り,Kushi dango with smooth red bean paste,(50.0),(3.8),(0.4),(1.2),(0.3),198,350,(13),(50),(22),(43),(13),(0.7),(0.5),(0.11),(0.40),(Tr),,(2),(1),(39),2.3,0,0,(0.1),(0.04),(0.02),(0.5),(0.05),0,(5),(0.27),(1),(0.8),,,0,(170),(320),(190),(84),(73),(160),(220),(150),(370),(150),(48),(230),(110),(300),(0.35),(0.14),(0.01),(0.13),(130),(11),(0),(0),(0),6,173730
15,0,15151,＜和生菓子・和半生菓子類＞　くし団子　あん　つぶしあん入り,Kushi dango with mashed red bean paste,(50.0),(3.8),(0.5),(1.3),(0.3),199,350,(6),(57),(24),(68),(15),(0.6),(0.6),(0.12),(0.41),(1),,(2),(1),(44),2.3,0,0,(0.1),(0.04),(0.01),(0.6),(0.06),0,(7),(0.34),(1),(0.8),,,0,,,,,,,,,,,,,,,,,,,,,,,,5,173730
15,0,15019,＜和生菓子・和半生菓子類＞　くし団子　みたらし,Kushi dango with mitarashi sauce,(50.5),(3.2),(0.4),(0.3),(0.9),194,350,(4),(52),(250),(59),(13),(0.4),(0.5),(0.09),(0.39),(1),,(2),(1),(37),1.6,0,0,(0.1),(0.04),(0.02),(0.7),(0.06),0,(7),(0.33),0,(1.1),,1,5,(140),(260),(120),(76),(72),(150),(170),(130),(300),(120),(40),(200),(82),(250),(0.37),(0.14),(0.01),(0.14),(140),(5),(0),(0),(0),5,174543
15,0,15121,＜和生菓子・和半生菓子類＞　くずもち　関西風　くずでん粉製品,Kuzumochi Kansai style (kudzu starch),(77.4),(0.1),(0.1),0,(Tr),93,350,(5),(3),(1),(1),(1),(0.5),0,(0.01),(0.01),-,,-,-,-,,0,0,-,0,0,0,0,0,0,0,0,-,,,,,,,,,,,,,,,,,,,,,,,,,,,6,167632
15,0,15122,＜和生菓子・和半生菓子類＞　くずもち　関東風　小麦でん粉製品,Kuzumochi Kanto style (wheat starch),(77.4),(0.1),(0.1),0,(0.1),94,350,(4),(9),(1),(2),(1),(0.2),(Tr),(0.01),(0.02),-,,-,-,-,2.8,0,0,-,0,0,0,0,0,0,0,0,-,0.4,0,0,,,,,,,,,,,,,,,,,,,,,,,,5,169698
15,0,15020,＜和生菓子・和半生菓子類＞　げっぺい,Mooncake,(20.9),(4.7),(8.5),(2.1),(0.4),348,350,(41),(64),(2),(64),(24),(1.1),(0.7),(0.18),(0.53),(Tr),,(1),(1),(36),2,0,0,(0.6),(0.05),(0.03),(0.5),(0.06),0,(8),(0.23),(2),(1.1),8.9,1.5,0.5,(200),(370),(210),(85),(97),(180),(270),(150),(420),(170),(59),(240),(130),(310),(7.90),(2.64),(0.33),(2.30),(2300),(330),(0),(0),(0),2,174939
15,0,15123,＜和生菓子・和半生菓子類＞　五平もち,Gohei mochi,(54.7),(3.0),(0.5),(1.3),(0.8),178,350,(10),(41),(240),(58),(9),(0.4),(0.6),(0.10),(0.29),0,,(1),0,(25),2.3,0,0,(Tr),(0.02),(0.02),(0.3),(0.02),0,(5),(0.21),(1),(0.4),,,0,(120),(240),(120),(64),(57),(120),(160),(120),(270),(110),(40),(160),(79),(230),(0.50),(0.27),(0.03),(0.23),(230),(32),(0),(0),(0),3,173730
15,2,15022,＜和生菓子・和半生菓子類＞　桜もち　関西風　こしあん入り,Sakura mochi Kansai style with smooth red bean paste,(50.0),(3.5),(0.3),(1.7),(0.2),196,350,(18),(27),(33),(22),(8),(0.7),(0.5),(0.09),(0.32),0,,0,0,(14),2.3,0,0,0,(0.01),(0.01),(0.1),(0.01),0,(1),(0.05),(2),(0.6),,,0,(150),(300),(210),(65),(52),(120),(210),(120),(330),(130),(41),(200),(110),(250),(0.14),(0.06),(0.01),(0.05),(49),(11),(0),(0),(0),5,173730
15,2,15153,＜和生菓子・和半生菓子類＞　桜もち　関西風　つぶしあん入り,Sakura mochi Kansai style with mashed red bean paste,(50.0),(3.0),(0.3),(1.3),(0.2),197,350,(5),(25),(26),(43),(7),(0.4),(0.6),(0.10),(0.33),0,,0,0,(9),2.3,0,0,(Tr),(0.01),(0.01),(0.1),(0.02),0,(3),(0.10),(1),(0.3),,,0,,,,,,,,,,,,,,,,,,,,,,,,5,173730
15,2,15021,＜和生菓子・和半生菓子類＞　桜もち　関東風　こしあん入り,Sakura mochi Kanto style with smooth red bean paste,(40.5),(4.5),(0.4),(2.6),(0.3),235,350,(26),(37),(45),(37),(11),(1.0),(0.4),(0.09),(0.31),0,,(1),(1),(22),2.3,0,0,(Tr),(0.02),(0.02),(0.1),(Tr),0,(2),(0.10),(2),(1.0),,,0,(200),(370),(270),(74),(71),(140),(270),(140),(410),(160),(51),(230),(140),(270),(0.28),(0.17),(0.02),(0.15),(150),(21),(0),(0),(0),3,173730
15,2,15152,＜和生菓子・和半生菓子類＞　桜もち　関東風　つぶしあん入り,Sakura mochi Kanto style with mashed red bean paste,(40.5),(4.2),(0.6),(2.5),(0.3),237,350,(12),(41),(44),(82),(11),(0.7),(0.3),(0.09),(0.26),0,,(1),(1),(21),2.3,0,0,(0.1),(0.04),(0.02),(0.2),(0.02),0,(5),(0.20),(2),(0.9),,,0,,,,,,,,,,,,,,,,,,,,,,,,3,173730
15,0,15124,＜和生菓子・和半生菓子類＞　笹だんご　こしあん入り,Sasa dango with smooth red bean paste,(40.5),(4.0),(0.5),(1.9),(0.4),227,350,(15),(50),(18),(88),(15),(0.5),(0.7),(0.14),(0.51),0,,(1),0,(28),2.3,0,-,(0.3),(0.06),(0.02),(0.5),(0.05),0,(10),(0.25),(26),(0.7),,,0,,,,,,,,,,,,,,,(0.39),(0.17),(0.01),(0.16),(160),(15),(0),(0),(0),6,173730
15,0,15154,＜和生菓子・和半生菓子類＞　笹だんご　つぶしあん入り,Sasa dango with mashed red bean paste,(40.5),(4.7),(0.6),(2.3),(0.4),228,350,(17),(61),(32),(91),(17),(0.7),(0.8),(0.16),(0.57),0,,(1),(1),(33),2.3,0,-,(0.3),(0.05),(0.02),(0.5),(0.04),0,(10),(0.26),(27),(0.8),,,0,,,,,,,,,,,,,,,,,,,,,,,,4,173730
15,0,15143,＜和生菓子・和半生菓子類＞　ずんだあん,Zunda paste,(52.7),(6.3),(3.4),(2.5),(1.0),190,350,(42),(94),(87),(270),(40),(1.4),(0.7),(0.20),(0.41),0,,0,0,0,5.7,0,0,(0.3),(0.13),(0.07),(0.6),(0.04),0,(140),(0.25),(18),0,,,1.1,,,,,,,,,,,,,,,,,,,,,,,,6,173731
15,0,15144,＜和生菓子・和半生菓子類＞　ずんだもち,Zunda mochi,(47.8),(4.9),(1.7),(1.3),(0.5),212,350,(19),(51),(35),(130),(19),(0.6),(0.8),(0.16),(0.51),0,,(1),0,(34),2.3,0,0,(0.2),(0.07),(0.03),(0.3),(0.03),0,(60),(0.31),(7),(0.4),,,0,,,,,,,,,,,,,,,,,,,,,,,,5,173730
15,0,15023,＜和生菓子・和半生菓子類＞　大福もち　こしあん入り,Daifuku mochi with smooth red bean paste,(41.5),(4.6),(0.5),(1.8),(0.3),223,350,(18),(32),(33),(33),(10),(0.7),(0.8),(0.13),(0.51),0,,(1),0,(46),2.3,0,0,(Tr),(0.02),(0.01),(0.1),(0.02),0,(3),(0.22),(2),(0.9),,,0,(200),(400),(250),(100),(79),(180),(270),(190),(470),(180),(59),(270),(140),(360),(0.32),(0.14),(0.01),(0.12),(120),(13),(0),(0),(0),5,173730
15,0,15155,＜和生菓子・和半生菓子類＞　大福もち　つぶしあん入り,Daifuku mochi with mashed red bean paste,(41.5),(4.7),(0.6),(2.7),(0.4),223,350,(10),(44),(56),(86),(13),(0.7),(0.8),(0.16),(0.51),0,,(1),(1),(54),2.3,0,0,(0.1),(0.03),(0.02),(0.2),(0.03),0,(6),(0.28),(3),(1.1),,,0,,,,,,,,,,,,,,,,,,,,,,,,4,173730
15,0,15024,＜和生菓子・和半生菓子類＞　タルト　（和菓子）,Japanese tart,(30.0),(5.9),(3.0),(1.5),(0.4),288,350,27,66,38,64,9,0.9,0.5,0.07,0.19,9,,7,(Tr),13,7.1,54,1,0.4,0.04,0.11,0.1,0.03,0.3,14,0.39,4,6.7,38,3.2,0.6,(290),(510),(400),(150),(120),(270),(340),(230),(570),(260),(80),(350),(170),(370),(2.52),(0.50),(0.04),(0.46),(390),(21),(Tr),(19),(44),5,172783
15,0,15025,＜和生菓子・和半生菓子類＞　ちまき,Chimaki,(62.0),(1.3),(0.2),(0.1),(0.1),150,350,(1),(18),(1),(17),(4),(0.2),(0.2),(0.04),(0.15),0,,(1),0,(15),2.3,0,0,(Tr),(0.02),(Tr),(0.2),(0.02),0,(3),(0.12),0,(0.2),,,0,(54),(110),(45),(33),(31),(63),(69),(56),(120),(48),(18),(79),(33),(110),(0.16),(0.06),(Tr),(0.06),(62),(2),(0),(0),(0),5,173730
15,0,15026,＜和生菓子・和半生菓子類＞　ちゃつう,Chatsu,(22.5),(6.2),(4.3),(3.8),(0.6),320,350,(120),(79),(5),(63),(41),(1.9),(0.9),(0.23),(0.50),0,,(1),(1),(33),10.6,0,0,(Tr),(0.08),(0.05),(0.4),(0.05),0,(8),(0.10),(4),(2.1),,,0,(280),(520),(380),(130),(93),(220),(370),(200),(570),(250),(79),(340),(200),(520),(3.90),(1.82),(0.03),(1.78),(1800),(33),(0),(0),(0),5,172452
15,0,15156,＜和生菓子・和半生菓子類＞　どら焼　こしあん入り,Dorayaki with smooth red bean paste,(31.5),(6.6),(3.1),(1.5),(0.7),282,350,31,65,120,61,12,1.1,0.5,0.09,0.27,6,,5,1,18,2.3,39,0.7,0.3,0.04,0.09,0.1,0.02,0.2,11,0.33,4,5.4,,,0,,,,,,,,,,,,,,,,,,,,,,,,4,173730
15,0,15027,＜和生菓子・和半生菓子類＞　どら焼　つぶしあん入り,Dorayaki with mashed red bean paste,(31.5),(6.6),(3.2),(1.9),(0.8),292,350,22,78,140,120,15,1.1,0.6,0.12,0.27,7,,6,1,26,2.3,40,0.7,0.4,0.04,0.09,0.2,0.04,0.2,15,0.41,5,5.6,,,0,(310),(550),(400),(160),(150),(300),(370),(250),(620),(280),(88),(380),(190),(390),(2.69),(0.62),(0.06),(0.57),(500),(35),(Tr),(18),(44),5,173730
15,0,15157,＜和生菓子・和半生菓子類＞　生八つ橋　あん入り　こしあん入り,Nama yatsuhashi with smooth red bean paste,(30.5),(3.6),(0.3),(1.6),(0.2),274,350,(17),(42),(2),(35),(12),(0.8),(0.5),(0.10),(0.34),(Tr),,(1),(Tr),(32),2.3,0,0,(Tr),(0.03),(0.02),(0.3),(0.03),0,(3),(0.18),(1),(0.8),,,0,,,,,,,,,,,,,,,,,,,,,,,,5,173730
15,0,15004,＜和生菓子・和半生菓子類＞　生八つ橋　あん入り　こしあん・つぶしあん混合,Nama yatsuhashi with mixed smooth and mashed red bean paste,(30.5),(3.5),(0.3),(2.1),(0.2),274,350,18,52,17,71,15,1,0.6,0.13,0.37,(Tr),,1,1,38,2.3,0,0,0.1,0.03,0.02,0.3,0.03,0,5,0.19,3,1.1,,,0,(150),(290),(220),(63),(49),(110),(210),(110),(320),(120),(40),(190),(110),(240),(0.23),(0.11),(0.02),(0.09),(92),(22),(0),(0),(0),5,173730
15,0,15158,＜和生菓子・和半生菓子類＞　生八つ橋　あん入り　つぶしあん入り,Nama yatsuhashi with mashed red bean paste,(30.5),(3.7),(0.5),(2.3),(0.3),275,350,12,60,32,110,17,1,0.6,0.15,0.37,(Tr),,1,1,43,2.3,0,0,0.1,0.03,0.02,0.3,0.04,0,7,0.23,3,1.2,,,0,,,,,,,,,,,,,,,,,,,,,,,,6,173730
15,0,15028,＜和生菓子・和半生菓子類＞　ねりきり,Nerikiri,(34.0),(5.3),(0.3),(3.6),(0.3),259,350,(39),(46),(2),(33),(16),(1.5),(0.6),(0.13),(0.39),0,,(Tr),(1),(33),2.3,0,0,0,(0.01),(0.03),(0.1),0,0,(1),(0.04),(4),(1.3),,,0,(240),(460),(400),(82),(56),(140),(330),(160),(490),(200),(57),(290),(170),(360),(0.14),(0.09),(0.02),(0.06),(61),(25),(0),(0),(0),4,173730
15,0,15029,＜和生菓子・和半生菓子類＞　まんじゅう　カステラまんじゅう　こしあん入り,Castella manju with smooth red bean paste,(27.9),(6.7),(2.1),(2.4),(0.6),292,350,45,77,47,77,14,1.3,0.6,0.11,0.35,4,,4,1,24,,23,0.4,0.2,0.04,0.07,0.2,0.02,0.1,8,0.27,4,3.7,,,0.9,(300),(560),(420),(130),(120),(250),(390),(230),(620),(260),(81),(360),(200),(400),(1.69),(0.48),(0.05),(0.44),(400),(38),(Tr),(10),(24),5,173787
15,0,15159,＜和生菓子・和半生菓子類＞　まんじゅう　カステラまんじゅう　つぶしあん入り,Castella manju with mashed red bean paste,(27.9),(6.9),(2.3),(3.2),(0.7),292,350,33,96,83,160,18,1.2,0.6,0.15,0.35,4,,4,1,35,5.8,24,0.4,0.3,0.05,0.07,0.2,0.04,0.1,13,0.36,5,4,21.2,2.1,6,,,,,,,,,,,,,,,,,,,,,,,,4,172438
15,0,15160,＜和生菓子・和半生菓子類＞　まんじゅう　かるかんまんじゅう　こしあん入り,Karakaan manju with smooth red bean paste,(42.5),(3.0),(0.3),(1.4),(0.3),226,350,24,39,45,65,13,1,0.5,0.1,0.3,(Tr),,1,(Tr),25,2.3,0,0,(Tr),0.02,0.02,0.2,0.02,0,2,0.13,2,1.1,,,0,,,,,,,,,,,,,,,,,,,,,,,,5,173730
15,0,15161,＜和生菓子・和半生菓子類＞　まんじゅう　かるかんまんじゅう　つぶしあん入り,Karakaan manju with mashed red bean paste,(42.5),(3.1),(0.4),(1.9),(0.4),226,350,12,54,78,140,16,1,0.5,0.15,0.3,0,,1,1,35,2.3,0,0,0.1,0.03,0.02,0.2,0.03,0,6,0.22,3,1.2,,,0,,,,,,,,,,,,,,,,,,,,,,,,4,173730
15,0,15030,＜和生菓子・和半生菓子類＞　まんじゅう　くずまんじゅう　こしあん入り,Kuzu manju with smooth red bean paste,(45.0),(3.1),(0.2),(2.2),(0.3),216,350,(24),(30),(48),(22),(10),(0.9),(0.3),(0.08),(0.23),0,,0,(1),(19),2.3,0,0,0,(0.01),(0.02),(Tr),0,0,(1),(0.02),(2),(0.8),,,0,(140),(270),(240),(48),(32),(79),(200),(93),(290),(120),(33),(170),(100),(210),(0.08),(0.05),(0.01),(0.03),(33),(15),(0),(0),(0),4,173730
15,0,15162,＜和生菓子・和半生菓子類＞　まんじゅう　くずまんじゅう　つぶしあん入り,Kuzu manju with mashed red bean paste,(45.0),(1.3),(0.1),(1.3),(0.2),218,350,10,37,60,75,11,0.7,0.3,0.09,0.18,0,,0,1,22,2.3,0,0,(Tr),0.01,0.01,(Tr),0.01,0,4,0.08,3,0.8,,,0,,,,,,,,,,,,,,,,,,,,,,,,4,173730
15,0,15031,＜和生菓子・和半生菓子類＞　まんじゅう　くりまんじゅう　こしあん入り,Chestnut manju with smooth red bean paste,(24.0),(6.5),(1.4),(3.3),(0.4),296,350,38,62,25,62,14,1.2,0.5,0.11,0.37,3,,3,1,24,,17,0.3,0.2,0.03,0.05,0.2,0.01,0.1,6,0.22,4,3,,,9.5,(290),(550),(410),(120),(110),(230),(390),(220),(600),(250),(78),(350),(190),(390),(1.06),(0.32),(0.03),(0.29),(270),(28),(0),(6),(14),5,168589
15,0,15163,＜和生菓子・和半生菓子類＞　まんじゅう　くりまんじゅう　つぶしあん入り,Chestnut manju with mashed red bean paste,(24.0),(6.7),(1.6),(4.7),(0.6),295,350,(26),(87),(66),(160),(20),(1.3),(0.7),(0.17),(0.40),(3),,(3),(1),(39),,(18),(0.3),(0.2),(0.04),(0.06),(0.2),(0.04),(0.1),(12),(0.34),(5),(3.5),,,24.7,,,,,,,,,,,,,,,,,,,,,,,,5,170166
15,0,15032,＜和生菓子・和半生菓子類＞　まんじゅう　とうまんじゅう　こしあん入り,To manju with smooth red bean paste,(28.0),(6.8),(3.1),(1.7),(0.4),299,350,33,62,25,57,13,1.2,0.6,0.1,0.3,6,,5,1,21,,34,0.6,0.3,0.03,0.08,0.1,0.02,0.2,10,0.29,4,4.8,,,0.9,(320),(580),(450),(150),(130),(270),(400),(250),(640),(280),(86),(390),(200),(420),(2.56),(0.59),(0.06),(0.53),(470),(37),(Tr),(18),(42),4,173787
15,0,15164,＜和生菓子・和半生菓子類＞　まんじゅう　とうまんじゅう　つぶしあん入り,To manju with mashed red bean paste,(28.0),(6.9),(3.3),(2.3),(0.5),294,350,23,84,60,140,18,1.3,0.7,0.15,0.32,6,,5,1,33,2.3,35,0.6,0.3,0.04,0.09,0.2,0.04,0.2,15,0.39,6,5.3,,,0,,,,,,,,,,,,,,,,,,,,,,,,4,173730
15,0,15033,＜和生菓子・和半生菓子類＞　まんじゅう　蒸しまんじゅう　こしあん入り,Steamed manju with smooth red bean paste,(35.0),(4.6),(0.5),(2.4),(0.4),254,350,33,46,60,48,12,1,0.4,0.1,0.33,0,,1,1,22,2.3,0,0,(Tr),0.03,0.02,0.1,0.01,0,2,0.12,2,1.1,,,0,(200),(380),(280),(74),(69),(140),(280),(140),(420),(170),(52),(240),(140),(270),(0.32),(0.20),(0.03),(0.17),(170),(26),(0),(0),(0),5,173730
15,0,15165,＜和生菓子・和半生菓子類＞　まんじゅう　蒸しまんじゅう　つぶしあん入り,Steamed manju with mashed red bean paste,(35.0),(4.7),(0.7),(3.4),(0.5),257,350,20,63,95,130,16,1,0.5,0.14,0.33,0,,1,1,32,,0,0,0.1,0.03,0.02,0.2,0.02,0,7,0.21,4,1.3,,,0,,,,,,,,,,,,,,,,,,,,,,,,7,171181
15,0,15034,＜和生菓子・和半生菓子類＞　まんじゅう　中華まんじゅう　あんまん　こしあん入り,Chinese steamed bun (anman) with smooth red bean paste,(36.6),(6.1),(5.6),(2.6),(0.4),273,350,(58),(57),(11),(65),(23),(1.1),(0.6),(0.14),(0.36),0,,(7),(1),(20),10.2,0,0,(0.1),(0.08),(0.03),(0.5),(0.04),0,(9),(0.27),(2),(1.4),,1.7,0,(250),(470),(220),(110),(140),(250),(340),(200),(540),(210),(76),(290),(160),(330),(5.05),(1.41),(0.05),(1.37),(1400),(46),(0),(0),(3),7,168042
15,0,15166,＜和生菓子・和半生菓子類＞　まんじゅう　中華まんじゅう　あんまん　つぶしあん入り,Chinese steamed bun (anman) with mashed red bean paste,(36.6),(6.2),(6.0),(3.3),(0.5),279,350,(55),(67),(29),(110),(26),(1.1),(0.6),(0.17),(0.36),0,,(6),(1),(26),5,0,0,(0.1),(0.08),(0.03),(0.5),(0.05),0,(12),(0.32),(3),(1.6),,0.7,0,,,,,,,,,,,,,,,,,,,,,,,,5,167637
15,0,15035,＜和生菓子・和半生菓子類＞　まんじゅう　中華まんじゅう　肉まん,Chinese steamed bun (nikuman),(39.5),(10.0),(5.1),(3.2),(1.9),242,350,(28),(87),(460),(310),(20),(0.8),(1.2),(0.12),(0.45),(Tr),,(12),(1),(9),17.7,(2),(0.1),-,(0.23),(0.10),(2.0),(0.16),(0.1),(38),(0.80),(9),(1.9),52.4,55,8.3,(390),(720),(550),(210),(170),(380),(440),(340),(780),(390),(120),(460),(310),(540),(4.45),(0.88),(0.04),(0.85),(820),(34),(0),(0),(8),3,169773
15,0,15036,＜和生菓子・和半生菓子類＞　もなか　こしあん入り,Monaka with smooth red bean paste,(29.0),(4.9),(0.3),(3.1),(0.2),277,350,(33),(41),(2),(32),(14),(1.2),(0.6),(0.12),(0.41),0,,(Tr),(Tr),(34),2.3,0,0,0,(0.01),(0.02),(0.1),(Tr),0,(1),(0.08),(3),(1.2),,,0,(220),(420),(350),(82),(58),(140),(300),(160),(460),(190),(55),(270),(160),(340),(0.17),(0.09),(0.02),(0.07),(71),(21),(0),(0),(0),5,173730
15,0,15167,＜和生菓子・和半生菓子類＞　もなか　つぶしあん入り,Monaka with mashed red bean paste,(29.0),(6.4),(0.7),(6.1),(0.5),278,350,(21),(80),(59),(170),(25),(1.6),(0.8),(0.23),(0.49),0,,(1),(1),(59),2.3,0,0,(0.1),(0.02),(0.03),(0.1),(0.03),0,(9),(0.23),(6),(1.9),,,0,,,,,,,,,,,,,,,,,,,,,,,,5,173730
15,0,15037,＜和生菓子・和半生菓子類＞　ゆべし,Yubeshi,(22.0),(2.4),(3.5),(0.5),(0.8),321,350,(6),(41),(230),(62),(15),(0.4),(0.4),(0.11),(0.38),0,,(1),(Tr),(18),2.2,0,0,(0.1),(0.03),(0.02),(0.4),(0.06),0,(8),(0.19),(Tr),(0.7),2.3,3.5,0,(110),(190),(87),(52),(51),(100),(120),(91),(210),(92),(30),(140),(62),(240),(3.45),(2.51),(0.44),(2.07),(2100),(440),(0),(0),(0),1,171831
15,0,15038,＜和生菓子・和半生菓子類＞　ようかん　練りようかん,"Yokan, neri yokan",(26.0),(3.6),(0.2),(3.1),(0.2),289,350,(33),(32),(3),(24),(12),(1.1),(0.4),(0.09),(0.30),0,,0,(Tr),(22),2.3,0,0,0,(0.01),(0.02),(Tr),0,0,(1),(0.03),(3),(0.9),,,0,(170),(320),(270),(56),(37),(92),(230),(110),(340),(140),(39),(200),(120),(240),(0.09),(0.06),(0.02),(0.04),(39),(17),(Tr),(0),(0),5,173730
15,0,15039,＜和生菓子・和半生菓子類＞　ようかん　水ようかん,"Yokan, mizu yokan",(57.0),(2.6),(0.2),(2.2),(0.3),168,350,(23),(23),(57),(17),(8),(0.8),(0.3),(0.06),(0.21),0,,0,0,(16),2.3,0,0,0,(0.01),(0.01),(Tr),0,0,(1),(0.02),(2),(0.7),,,0,(120),(230),(200),(40),(27),(66),(170),(78),(240),(100),(28),(140),(86),(170),(0.07),(0.04),(0.01),(0.03),(28),(12),(Tr),(0),(0),4,173730
15,0,15040,＜和生菓子・和半生菓子類＞　ようかん　蒸しようかん,"Yokan, steamed",(39.5),(4.4),(0.3),(2.8),(0.4),237,350,(30),(37),(83),(32),(13),(1.1),(0.4),(0.10),(0.32),0,,(Tr),(1),(24),2.3,0,0,(Tr),(0.02),(0.02),(0.1),(Tr),0,(1),(0.06),(3),(1.1),,,0,(200),(370),(300),(68),(54),(120),(270),(130),(400),(160),(48),(230),(140),(280),(0.17),(0.11),(0.02),(0.09),(87),(21),(0),(0),(0),5,173730
15,0,15041,＜和干菓子類＞　あめ玉,Hard candy,(2.5),0,0,0,0,385,350,(1),(Tr),(1),(2),0,(Tr),0,(0.01),(Tr),0,,0,0,0,0.6,0,0,0,0,0,0,0,0,0,0,0,(0.1),0,0,0,,,,,,,,,,,,,,,,,,,,,,,,5,168771
15,0,15042,＜和干菓子類＞　芋かりんとう,Sweet potato karinto,(5.5),(1.4),(20.6),(2.6),(1.2),465,350,(41),(54),(13),(550),(28),(0.7),(0.2),(0.20),(0.47),(1),,(1),(Tr),(5),2.1,0,0,(4.3),(0.13),(0.05),(0.9),(0.30),0,(57),(1.03),(35),(5.7),36.6,24.5,0,(55),(85),(68),(23),(24),(47),(83),(44),(130),(85),(18),(78),(29),(56),(18.98),(8.36),(1.39),(6.97),(7000),(1400),(0),(0),(0),5,174783
15,0,15043,＜和干菓子類＞　おこし,Okoshi (puffed rice snack),(5.0),(3.8),(0.7),(0.4),(0.3),376,350,(4),(22),(95),(25),(5),(0.2),(0.8),(0.12),(0.48),0,,0,0,0,25.5,0,0,(Tr),(0.02),(0.01),(0.2),(0.02),0,(3),(0.12),(1),0,33.4,2.1,0,(160),(320),(130),(95),(90),(180),(210),(170),(370),(130),(51),(230),(98),(320),(0.59),(0.23),(0.03),(0.20),(200),(26),(0),(0),(0),5,173161
15,0,15044,＜和干菓子類＞　おのろけ豆,Onoroke beans (candied beans),(3.0),(11.3),(13.6),(2.3),(1.9),438,350,(17),(180),(390),(270),(70),(1.1),(1.6),(0.33),(1.14),(1),,(4),(1),(85),2.6,0,0,(2.9),(0.13),(0.05),(7.0),(0.21),0,(24),(1.09),0,(28.0),13.5,0.4,0,(450),(870),(410),(200),(200),(400),(640),(480),(1100),(400),(140),(610),(310),(1200),(13.17),(4.09),(0.03),(4.05),(4100),(34),(0),(0),(0),4,169586
15,0,15045,＜和干菓子類＞　かりんとう　黒,"Karinto, brown sugar",(3.5),(7.5),(11.6),(1.2),(1.1),420,350,(66),(57),(7),(300),(27),(1.6),(0.7),(0.16),(0.53),(3),,(28),(4),(19),5.6,0,(Tr),(1.6),(0.10),(0.05),(1.0),(0.21),0,(25),(0.84),(18),(9.7),8.4,5.5,0,(280),(530),(160),(120),(180),(300),(390),(230),(620),(230),(86),(330),(170),(270),(10.64),(4.85),(0.74),(4.11),(4100),(740),(0),(0),(0),4,172724
15,0,15046,＜和干菓子類＞　かりんとう　白,"Karinto, white sugar",(2.5),(9.7),(11.2),(1.7),(0.4),423,350,(17),(68),(1),(71),(27),(0.8),(0.8),(0.15),(0.44),0,,(37),(1),(23),1.7,0,(Tr),(1.6),(0.12),(0.05),(1.1),(0.07),0,(31),(0.72),(17),(2.9),26,0,0,(360),(700),(210),(160),(240),(400),(520),(300),(830),(280),(110),(420),(230),(360),(10.22),(4.72),(0.69),(4.02),(4000),(690),(0),(0),(0),5,170656
15,0,15047,＜和干菓子類＞　ごかぼう,Gokabo (sweet rice stick),(10.0),(10.6),(6.4),(4.5),(1.3),367,350,(48),(170),(1),(500),(64),(2.0),(1.4),(0.33),(0.89),-,,-,-,-,2.6,0,0,(0.4),(0.03),(0.06),(0.6),(0.13),0,(55),(0.30),(6),(7.4),,,0.2,(530),(900),(550),(180),(180),(360),(600),(420),(1000),(480),(150),(590),(320),(840),(5.78),(3.41),(0.49),(2.93),(2900),(490),(0),(0),(0),5,169241
15,0,15048,＜和干菓子類＞　小麦粉せんべい　磯部せんべい,"Senbei, isobe (seaweed)",(4.2),(4.3),(0.8),(1.3),(1.5),377,350,(11),(31),(500),(59),(6),(0.3),(0.1),(0.05),(0.22),0,,(2),(1),(6),0.7,0,0,(0.1),(0.06),(0.02),(0.3),(0.02),0,(4),(0.27),0,(0.6),13.9,5.3,3,(160),(310),(96),(77),(120),(200),(230),(140),(360),(130),(54),(190),(100),(160),(0.63),(0.39),(0.02),(0.37),(370),(20),(0),(0),(0),5,170496
15,0,15049,＜和干菓子類＞　小麦粉せんべい　かわらせんべい,"Senbei, kawara (tile-shaped)",(4.3),(7.0),(3.2),(1.2),(0.6),390,350,(10),(70),(57),(54),(6),(0.6),(0.4),(0.05),(0.21),(8),,(8),(1),(7),31.3,(51),(0.3),(0.4),(0.07),(0.11),(0.3),(0.04),(0.3),(16),(0.54),(3),(6.4),9.7,1.8,0,(310),(560),(320),(170),(190),(360),(380),(270),(650),(280),(97),(380),(180),(360),(2.74),(0.71),(0.04),(0.67),(600),(26),(Tr),(17),(41),5,171856
15,0,15050,＜和干菓子類＞　小麦粉せんべい　巻きせんべい,"Senbei, maki (rolled)",(3.5),(4.3),(1.4),(1.0),(0.4),386,350,(22),(53),(39),(71),(5),(0.3),(0.2),(0.04),(0.17),(3),,(4),(1),(5),,(17),(0.3),(0.2),(0.05),(0.04),(0.2),(0.02),(0.1),(7),(0.31),(1),(2.4),,,0,(180),(330),(150),(93),(120),(210),(230),(150),(390),(160),(57),(220),(110),(200),(1.21),(0.42),(0.02),(0.39),(370),(18),(0),(6),(14),5,168909
15,0,15051,＜和干菓子類＞　小麦粉せんべい　南部せんべい　ごま入り,"Nanbu senbei, sesame",(3.3),(11.2),(11.1),(4.2),(2.4),423,350,(240),(150),(430),(170),(78),(2.2),(1.3),(0.38),(0.80),(Tr),,(6),(2),(28),17.1,0,0,(0.3),(0.27),(0.08),(1.5),(0.14),0,(25),(0.59),(1),(3.2),17,8,0,(440),(840),(290),(260),(300),(570),(590),(390),(980),(400),(160),(550),(300),(820),(10.34),(4.92),(0.06),(4.86),(4900),(63),(0),(0),(0),5,168856
15,0,15052,＜和干菓子類＞　小麦粉せんべい　南部せんべい　落花生入り,"Nanbu senbei, peanut",(3.3),(11.7),(9.5),(3.5),(1.6),421,350,(26),(120),(340),(230),(40),(0.7),(0.7),(0.18),(0.65),(1),,(7),(2),(26),33.1,0,0,(2.2),(0.17),(0.05),(3.9),(0.11),0,(21),(0.91),0,(17.0),17.6,12.8,0,(450),(860),(340),(180),(270),(460),(650),(430),(1100),(380),(140),(540),(300),(850),(8.83),(3.03),(0.05),(2.98),(3000),(50),(0),(0),(0),4,173160
15,0,15053,＜和干菓子類＞　しおがま,Shiogama (pressed sugar sweet),(10.0),(2.6),(0.2),(0.6),(1.6),348,350,(14),(17),(580),(42),(7),(0.2),(0.6),(0.09),(0.40),0,,0,0,0,2.3,0,-,(0.2),(0.02),(0.02),(0.2),(0.02),0,(7),(1.33),(33),(Tr),,,0,(110),(220),(93),(65),(60),(120),(140),(110),(260),(94),(35),(160),(67),(210),(0.17),(0.05),(Tr),(0.05),(51),(1),(0),(0),(0),4,173730
15,0,15056,＜和干菓子類＞　ひなあられ　関西風,"Hina arare, Kansai style",(2.6),(8.0),(1.4),(1.3),(2.1),385,350,8,56,680,100,17,0.3,1.6,0.22,1.09,0,,4,(Tr),100,8.3,0,0,0.1,0.06,0.03,0.5,0.06,(Tr),11,0.64,0,2.5,,,0,(340),(670),(300),(210),(180),(390),(440),(380),(820),(300),(110),(480),(210),(660),(1.28),(0.49),(0.02),(0.47),(470),(18),(0),(0),(0),5,168908
15,0,15055,＜和干菓子類＞　ひなあられ　関東風,"Hina arare, Kanto style",(4.7),(9.6),(2.8),(2.5),(2.2),380,350,18,94,590,220,31,0.8,1.7,0.28,1.16,0,,4,1,110,8.3,0,0,0.2,0.06,0.04,0.6,0.08,0,26,0.61,2,4,,,0,,,,,,,,,,,,,,,(2.48),(1.26),(0.13),(1.13),(1100),(130),(0),(0),(0),5,168908
15,0,15057,＜和干菓子類＞　米菓　揚げせんべい,"Rice cracker, fried",(4.0),(5.6),(17.4),(0.5),(1.6),458,350,(5),(87),(490),(82),(21),(0.7),(0.9),(0.17),(0.68),(1),,(4),(1),(70),25.5,0,0,(2.3),(0.08),(0.02),(1.2),(0.11),0,(11),(0.61),(28),(1.0),33.4,2.1,0,(240),(470),(200),(140),(140),(280),(300),(250),(550),(210),(78),(350),(150),(470),(16.19),(7.09),(1.14),(5.95),(5900),(1100),(0),(0),(0),5,173161
15,0,15058,＜和干菓子類＞　米菓　甘辛せんべい,"Rice cracker, sweet and salty",(4.5),(6.7),(0.9),(0.6),(1.6),374,350,(7),(110),(460),(120),(28),(0.9),(1.0),(0.19),(0.81),(1),,(5),(1),(79),24.6,0,0,(0.2),(0.09),(0.03),(1.4),(0.13),0,(14),(0.69),0,(2.1),32.1,1.9,0,(290),(550),(250),(160),(150),(310),(350),(270),(630),(250),(85),(410),(170),(520),(0.79),(0.30),(0.01),(0.29),(290),(11),(0),(0),(0),5,167966
15,0,15059,＜和干菓子類＞　米菓　あられ,Arare (bite-size rice cracker),(4.4),(7.5),(1.0),(0.8),(2.0),378,350,(8),(55),(660),(99),(17),(0.3),(1.6),(0.21),(1.07),0,,(4),(Tr),(98),25.5,0,0,(0.1),(0.06),(0.03),(0.5),(0.06),(Tr),(11),(0.63),0,(2.5),33.4,2.1,0,(330),(630),(290),(200),(170),(370),(410),(370),(780),(300),(100),(470),(190),(630),(0.75),(0.29),(0.01),(0.29),(290),(8),(0),(0),(0),5,173161
15,0,15060,＜和干菓子類＞　米菓　しょうゆせんべい,"Rice cracker, soy sauce",(5.9),(7.3),(1.0),(0.6),(1.8),368,350,(8),(120),(500),(130),(30),(1.0),(1.1),(0.20),(0.88),(1),,(5),(1),(86),24.6,0,0,(0.2),(0.10),(0.04),(1.5),(0.14),0,(16),(0.75),0,(2.3),32.1,1.9,0,(310),(600),(270),(170),(170),(340),(380),(290),(680),(280),(91),(450),(190),(570),(0.85),(0.33),(0.01),(0.32),(320),(12),(0),(0),(0),5,167966
15,0,15061,＜和干菓子類＞　ボーロ　小粒,"Bolo, small",(4.5),(2.5),(2.1),0,(0.3),391,350,(15),(54),(30),(44),(5),(0.6),(0.2),(0.03),(Tr),(7),,(5),(3),(1),5.7,(42),(0.8),(0.3),(0.01),(0.07),(Tr),(0.02),(0.2),(10),(0.23),(2),(4.8),12.1,4.6,1.4,(130),(220),(190),(82),(61),(140),(130),(120),(250),(130),(38),(160),(67),(170),(1.78),(0.29),(0.02),(0.26),(210),(6),(Tr),(14),(34),5,173516
15,0,15062,＜和干菓子類＞　ボーロ　そばボーロ,Soba bolo (buckwheat cookie),(2.0),(7.7),(3.4),(1.5),(0.8),398,350,(21),(110),(130),(130),(30),(0.9),(0.7),(0.12),(0.32),(8),,(8),(1),(11),5.9,(49),(0.9),(0.4),(0.12),(0.11),(0.8),(0.07),(0.3),(21),(0.68),(3),(8.1),,,,(340),(600),(380),(190),(200),(390),(400),(280),(690),(310),(110),(420),(200),(460),(2.91),(0.77),(0.05),(0.72),(660),(30),(Tr),(17),(40),5,174963
15,0,15063,＜和干菓子類＞　松風,Matsukaze (sweet wheat cake),(5.3),(4.0),(0.7),(1.2),(0.2),378,350,(10),(29),(27),(54),(6),(0.3),(0.1),(0.05),(0.21),0,,(2),(1),(6),2.3,0,0,(0.1),(0.05),(0.02),(0.3),(0.01),0,(4),(0.26),0,(0.6),,,0,(150),(300),(92),(73),(110),(190),(220),(130),(350),(130),(51),(180),(98),(150),(0.59),(0.37),(0.02),(0.35),(350),(19),(0),(0),(0),4,173730
15,0,15064,＜和干菓子類＞　みしま豆,Mishima beans (candied beans),(1.6),(12.3),(8.6),(6.0),(1.7),402,350,(65),(220),(1),(680),(86),(2.7),(1.4),(0.38),(0.92),0,,(2),(4),(130),2.8,0,0,(0.6),(0.02),(0.08),(0.7),(0.17),0,(75),(0.34),(9),(10.0),,5.9,0,(630),(1000),(680),(180),(190),(380),(690),(470),(1200),(580),(170),(660),(390),(950),(7.88),(4.70),(0.68),(4.02),(4000),(680),(0),(0),(0),5,169634
15,0,15065,＜和干菓子類＞　八つ橋,Yatsuhashi (cinnamon rice cracker),(1.8),(3.3),(0.5),(0.3),(0.2),390,350,(3),(51),(1),(49),(13),(0.4),(0.8),(0.13),(0.44),0,,(1),0,(38),25.5,0,0,(0.1),(0.04),(0.01),(0.7),(0.07),0,(7),(0.36),0,(0.8),33.4,2.1,0,(130),(270),(120),(80),(76),(160),(180),(130),(310),(130),(46),(200),(90),(270),(0.44),(0.17),(0.01),(0.16),(160),(6),(0),(0),(0),4,173161
15,0,15066,＜和干菓子類＞　らくがん　らくがん,Rakugan,(3.0),(2.4),(0.2),(0.2),(0.1),384,350,(3),(17),(2),(19),(3),(0.2),(0.5),(0.08),(0.30),0,,0,(1),0,5.6,0,0,0,(0.01),(Tr),(0.1),(0.01),0,(2),(0.07),0,(Tr),2.1,0,0,(98),(200),(81),(60),(56),(120),(130),(100),(230),(83),(32),(140),(61),(200),(0.16),(0.05),(Tr),(0.05),(49),(1),(0),(0),(0),5,169711
15,0,15067,＜和干菓子類＞　らくがん　麦らくがん,"Rakugan, wheat",(2.4),(4.8),(1.8),(5.4),(0.7),396,350,(16),(120),(2),(170),(46),(1.1),(1.4),(0.16),(0.68),0,,0,0,0,4,0,0,(0.2),(0.03),(0.04),(2.7),(0.03),0,(9),(0.11),0,(Tr),,,0,(180),(360),(170),(87),(130),(220),(260),(170),(430),(190),(69),(260),(110),(240),(1.43),(0.76),(0.04),(0.72),(720),(45),(0),(0),(0),5,169746
15,0,15068,＜和干菓子類＞　らくがん　もろこしらくがん,"Rakugan, corn",(2.5),(6.6),(0.3),(6.9),(0.6),374,350,(16),(58),(130),(51),(22),(1.8),(0.7),(0.13),(0.43),(Tr),,(1),(4),(46),2.3,0,0,(Tr),(0.01),(0.01),(0.2),(0.01),0,(1),(0.08),(1),(2.0),,,0,(350),(590),(460),(100),(110),(210),(420),(220),(640),(270),(75),(390),(220),(410),(0.16),(0.09),(0.02),(0.07),(67),(22),(0),(0),(0),5,173730
15,0,15125,＜菓子パン類＞　揚げパン,Fried bread,27.7,8.7,18.7,1.8,1.4,369,335.35,42,86,450,110,19,0.6,0.7,0.09,0.29,22,,13,1,11,5.6,1,0,4.3,0.18,0.13,1.2,0.05,0.1,33,0.32,(0),4.0,10.7,34.1,1.6,330,610,200,120,190,310,440,270,710,270,92,390,200,300,16.99,4.61,0.85,3.76,3800,850,0,0,0,4,170415
15,0,15069,＜菓子パン類＞　あんパン　こしあん入り,"Anpan, smooth red bean paste",(35.5),(6.8),(3.6),(2.5),(0.6),267,350,30,55,110,64,15,1,0.6,0.1,0.26,2,,13,1,21,2.3,10,0.2,0.4,0.06,0.07,0.5,0.03,0.1,27,0.35,2,3.3,,,0,(270),(500),(250),(100),(130),(230),(370),(210),(570),(220),(72),(310),(170),(290),(3.20),(0.51),(0.05),(0.46),(450),(54),(0),(0),(3),5,173730
15,0,15168,＜菓子パン類＞　あんパン　つぶしあん入り,"Anpan, chunky red bean paste",(35.5),(7.0),(3.8),(3.3),(0.7),266,350,23,68,130,120,18,1,0.7,0.14,0.27,2,,14,1,29,14.4,10,0.2,0.4,0.06,0.07,0.6,0.04,0.1,32,0.43,3,3.6,,,0.1,,,,,,,,,,,,,,,,,,,,,,,,4,174936
15,0,15126,＜菓子パン類＞　あんパン　薄皮タイプ　こしあん入り,"Anpan, thin skin, smooth red bean paste",(37.4),(6.6),(3.5),(2.4),0.4,256,348.6,36,50,42,45,16,1.3,0.6,0.12,0.35,1,,5,1,28,2.3,4,0.1,0.1,0.03,0.04,0.2,0.01,(Tr),11,0.16,3,2.1,,,0,(280),(520),(380),(100),(94),(200),(380),(190),(570),(240),(69),(330),(200),(370),(2.84),(0.58),(0.09),(0.48),(480),(92),(0),(0),(2),5,173730
15,0,15169,＜菓子パン類＞　あんパン　薄皮タイプ　つぶしあん入り,"Anpan, thin skin, chunky red bean paste",(37.4),(6.8),(3.7),(3.2),0.7,258,347.55,21,72,86,150,21,1.3,0.7,0.18,0.35,1,,5,1,42,2.3,4,0.1,0.2,0.04,0.05,0.3,0.04,(Tr),17,0.28,5,2.4,,,0,,,,,,,,,,,,,,,,,,,,,,,,4,173730
15,0,15127,＜菓子パン類＞　カレーパン　皮及び具,"Curry bread, bread and filling",(41.3),(6.6),(18.3),(1.6),(1.5),302,350,(24),(91),(490),(130),(17),(0.7),(0.6),(0.07),(0.28),(4),,(14),(3),(11),12.3,(7),0,(2.1),(0.11),(0.15),(1.1),(0.05),(0.1),(17),(0.26),(8),(3.3),2.7,9.5,0,(250),(460),(190),(97),(110),(210),(310),(210),(510),(220),(69),(290),(160),(270),(16.56),(2.41),(0.22),(2.19),(2200),(220),(0),(0),(1),4,171849
15,0,15128,＜菓子パン類＞　カレーパン　皮のみ,"Curry bread, bread only",30.8,7.2,22.4,1.3,1.2,363,345.45,23,100,390,100,16,0.7,0.6,0.08,0.28,3,,18,2,13,12.3,9,0,2.7,0.11,0.18,1.1,0.04,0.1,21,0.26,9,3.7,2.7,9.5,0,280,500,150,100,140,240,360,230,590,220,76,320,170,260,20.29,3.13,0.30,2.83,2800,300,0,0,0,4,171849
15,0,15129,＜菓子パン類＞　カレーパン　具のみ,"Curry bread, filling only",64.5,5.3,9.3,2.4,2.1,168,155,28,69,710,200,19,0.7,0.7,0.07,0.28,4,,6,5,8,7.1,2,0,0.7,0.11,0.07,1.1,0.07,0.1,9,0.24,5,2.3,6.3,3.4,0,200,350,290,86,54,140,200,150,350,200,55,240,140,290,8.27,0.79,0.04,0.75,730,38,0,0,5,3,174076
15,0,15070,＜菓子パン類＞　クリームパン,Cream bread,(35.5),(7.9),(7.4),(1.3),(0.9),286,350,57,110,150,120,15,0.8,0.9,0.08,0.15,14,,20,1,13,9.5,66,1.1,0.8,0.1,0.14,0.7,0.07,0.4,46,0.82,4,8.1,32.8,6.7,0.5,(290),(540),(160),(110),(170),(280),(390),(240),(640),(230),(82),(330),(180),(270),(6.50),(0.95),(0.09),(0.87),(820),(74),(Tr),(11),(30),4,172789
15,0,15130,＜菓子パン類＞　クリームパン　薄皮タイプ,"Cream bread, thin skin",(52.2),(6.0),(7.1),(0.6),(0.8),218,350,72,120,83,110,11,0.7,0.8,0.05,0.08,19,,14,0,8,,92,1.5,0.7,0.07,0.15,0.3,0.06,0.5,34,0.82,5,9,,,0,(260),(480),(290),(120),(110),(230),(290),(230),(520),(230),(74),(310),(150),(260),(5.99),(0.83),(0.07),(0.76),(680),(48),(1),(20),(51),5,175231
15,0,15071,＜菓子パン類＞　ジャムパン,Jam bread,(32.0),(5.3),(3.9),(1.6),(0.6),285,350,20,47,120,84,12,0.5,0.5,0.07,0.17,3,,15,1,10,12.1,11,0.2,0.5,0.07,0.07,0.6,0.04,0.1,40,0.42,2,3.3,,,1.7,(190),(360),(120),(76),(110),(190),(260),(160),(420),(160),(56),(220),(120),(180),(3.53),(0.57),(0.06),(0.50),(500),(61),(0),(0),(3),5,174906
15,0,15072,＜菓子パン類＞　チョココロネ,Choco cornet,(33.5),(5.8),(15.3),(1.1),(0.9),320,350,78,92,160,160,18,0.6,0.6,0.09,0.12,6,,12,2,9,2.6,26,0.4,2.1,0.08,0.14,0.6,0.04,0.2,25,0.6,9,3.2,23.8,1.1,0,(230),(430),(190),(95),(110),(200),(280),(190),(480),(190),(64),(270),(140),(200),(13.96),(1.97),(0.18),(1.79),(1800),(180),(Tr),(0),(6),1,172228
15,0,15131,＜菓子パン類＞　チョコパン　薄皮タイプ,"Chocolate bread, thin skin",(35.0),(4.7),(19.4),(0.8),(0.9),340,350,100,100,150,190,19,0.5,0.6,0.08,0.1,6,,7,2,6,,30,0.4,2.7,0.07,0.16,0.4,0.03,0.2,14,0.6,12,2.3,,,3.9,(200),(370),(210),(86),(74),(160),(230),(170),(400),(170),(54),(240),(120),(160),(17.67),(2.43),(0.22),(2.22),(2200),(220),(Tr),(0),(5),1,172827
15,0,15132,＜菓子パン類＞　メロンパン,Melon bread,20.9,8.0,10.5,1.7,0.8,349,320.6,26,84,210,110,16,0.6,0.6,0.09,0.28,4,,15,1,12,26.2,37,0.2,1.2,0.09,0.10,1.0,0.05,0.1,29,0.38,3,3.2,29.1,1.6,1.2,300,550,200,130,180,310,390,250,640,250,85,350,180,290,9.69,1.31,0.13,1.18,1200,130,0,0,18,5,167935
15,0,15181,＜菓子パン類＞　菓子パン　あんなし,"Sweet bread, no filling",(30.7),(8.2),(6.1),(1.7),(0.9),294,350,26,67,190,92,16,0.6,0.7,0.09,0.18,4,,24,1,15,,17,0.4,0.7,0.1,0.11,0.9,0.05,0.1,49,0.61,1,5,,,0.1,,,,,,,,,,,,,,,,,,,,,,,,5,172817
15,0,15073,＜ケーキ・ペストリー類＞　シュークリーム,Cream puff,(56.3),(6.0),(11.4),(0.3),0.9,211,346.85,91,150,78,120,9,0.8,0.8,0.04,0.06,26,,10,0,6,15.5,150,2.1,0.8,0.07,0.18,0.1,0.07,0.7,28,0.96,8,11.7,44.2,6.7,0,(290),(510),(370),(170),(150),(320),(320),(260),(580),(270),(87),(360),(160),(350),(9.89),(0.66),(0.06),(0.60),(520),(42),(Tr),(16),(50),4,167534
15,0,15074,＜ケーキ・ペストリー類＞　スポンジケーキ,Sponge cake,(32.0),(7.9),(7.5),(0.7),(0.6),283,350,27,94,65,92,8,0.8,0.6,0.05,0.14,15,,12,1,6,18.5,120,1.7,0.7,0.06,0.18,0.2,0.05,0.5,24,0.68,6,11,,,0,(390),(670),(480),(230),(210),(430),(430),(340),(770),(360),(110),(480),(210),(470),5.75,1.18,0.09,1.09,950,31,1,52,95,5,172707
15,0,15075,＜ケーキ・ペストリー類＞　ショートケーキ　果実なし,"Shortcake, no fruit",(35.0),(6.9),(15.2),(0.6),0.6,318,347.9,31,100,80,86,7,0.6,0.5,0.04,0.1,13,,9,1,6,5.2,130,1.4,0.6,0.05,0.15,0.2,0.04,0.4,19,0.53,6,8.5,45.9,4.4,0.4,(340),(600),(440),(190),(160),(350),(370),(300),(670),(320),(97),(420),(190),(380),(13.16),(1.03),(0.11),(0.92),(810),(66),(3),(33),(67),5,172711
15,0,15170,＜ケーキ・ペストリー類＞　ショートケーキ　いちご,"Shortcake, strawberry",(35.0),(6.9),(14.7),(0.9),0.7,314,347.55,34,100,77,120,10,0.7,0.5,0.05,0.15,13,,9,1,8,1.9,130,1.3,0.7,0.05,0.15,0.2,0.05,0.4,40,0.59,7,8.4,,,7.7,,,,,,,,,,,,,,,,,,,,,,,,4,168810
15,0,15133,＜ケーキ・ペストリー類＞　タルト　（洋菓子）,Tart (Western-style),(50.3),(4.7),(13.5),(1.4),(1.0),247,350,82,77,79,120,11,0.6,0.4,0.05,0.19,9,,5,1,7,7.1,120,0.7,0.7,0.05,0.11,0.4,0.04,0.2,42,0.5,6,4.6,38,3.2,0.6,(210),(370),(220),(100),(98),(200),(230),(170),(390),(180),(58),(250),(120),(220),(11.69),(0.74),(0.08),(0.66),(600),(66),(1),(13),(36),5,172783
15,0,15134,＜ケーキ・ペストリー類＞　チーズケーキ　ベイクドチーズケーキ,"Cheesecake, baked",(46.1),(8.5),(21.2),(0.2),(0.9),299,350,53,98,180,86,8,0.5,0.7,0.03,0.04,17,,11,0,7,5.2,190,1.2,1.1,0.04,0.23,0.1,0.05,0.4,21,0.6,10,8,45.9,4.4,0.4,(440),(800),(650),(240),(140),(370),(450),(420),(860),(410),(130),(550),(240),(420),(18.36),(0.94),(0.17),(0.77),(660),(110),(11),(23),(68),5,172711
15,0,15135,＜ケーキ・ペストリー類＞　チーズケーキ　レアチーズケーキ,"Cheesecake, no-bake",(43.1),(5.8),(27.5),(0.3),(1.0),349,350,(98),(75),(210),(93),(9),(0.2),(0.4),(0.03),(0.08),(10),,(4),(1),(8),5.2,(150),(0.2),(0.7),(0.04),(0.16),(0.2),(0.03),(0.1),(8),(0.34),(8),(1.9),45.9,4.4,0.4,(260),(480),(370),(120),(60),(180),(270),(220),(490),(230),(65),(330),(140),(260),(23.84),(0.90),(0.16),(0.74),(670),(130),(9),(2),(34),5,172711
15,0,15182,＜ケーキ・ペストリー類＞　デニッシュペストリー　アメリカンタイプ　プレーン,"Danish pastry, American style, plain",(31.3),(6.2),(26.3),(2.1),(1.1),382,350,27,68,300,92,13,0.6,0.7,0.07,0.11,4,,14,(Tr),9,,53,1.6,3.1,0.11,0.12,1,0.05,0.1,63,0.5,9,5.4,,,0.2,,,,,,,,,,,,,,,,,,,,,,,,5,172824
15,0,15076,＜ケーキ・ペストリー類＞　デニッシュペストリー　デンマークタイプ　プレーン　,"Danish pastry, Danish style, plain",(25.5),(6.5),(34.0),(2.7),(0.8),440,350,17,70,220,80,13,0.7,0.7,0.07,0.1,5,,14,(Tr),8,,78,2.1,3.9,0.11,0.12,0.9,0.06,0.1,62,0.51,11,6,,,0.2,(260),(480),(210),(120),(150),(270),(340),(210),(560),(200),(79),(300),(160),(250),(30.83),(3.12),(0.20),(2.91),(2900),(190),(Tr),(9),(28),5,172824
15,0,15183,＜ケーキ・ペストリー類＞　デニッシュペストリー　アメリカンタイプ　あん入り　こしあん,"Danish pastry, American style, with sweet red bean paste (koshi-an)",(32.8),(6.0),(15.6),(2.9),(0.7),330,350,(33),(60),(180),(68),(15),(1.0),(0.6),(0.10),(0.24),(3),,(9),(Tr),(19),,(31),(0.9),(1.8),(0.07),(0.08),(0.6),(0.03),(0.1),(38),(0.31),(7),(3.7),,,3.9,,,,,,,,,,,,,,,,,,,,,,,,5,175061
15,0,15184,＜ケーキ・ペストリー類＞　デニッシュペストリー　アメリカンタイプ　あん入り　つぶしあん,"Danish pastry, American style, with sweet red bean paste (tsubu-an)",(34.6),(6.0),(15.7),(3.6),(0.8),323,350,(23),(70),(200),(120),(17),(1.0),(0.7),(0.12),(0.23),(3),,(9),(1),(26),,(31),(0.9),(1.9),(0.07),(0.08),(0.6),(0.04),(0.1),(41),(0.37),(8),(3.9),,,3.9,,,,,,,,,,,,,,,,,,,,,,,,4,175061
15,0,15171,＜ケーキ・ペストリー類＞　デニッシュペストリー　デンマークタイプ　あん入り　こしあん,"Danish pastry, Danish style, with sweet red bean paste (koshi-an)",(25.5),(6.5),(21.3),(3.3),(0.6),384,350,(29),(64),(130),(65),(16),(1.1),(0.7),(0.10),(0.25),(3),,(9),(Tr),(20),,(48),(1.3),(2.4),(0.07),(0.09),(0.6),(0.03),(0.1),(39),(0.33),(9),(4.4),,,3.9,,,,,,,,,,,,,,,,,,,,,,,,5,175061
15,0,15172,＜ケーキ・ペストリー類＞　デニッシュペストリー　デンマークタイプ　あん入り　つぶしあん,"Danish pastry, Danish style, with sweet red bean paste (tsubu-an)",(25.5),(6.6),(22.0),(4.2),(0.7),387,350,(19),(77),(160),(120),(19),(1.1),(0.7),(0.14),(0.24),(3),,(9),(1),(27),,(50),(1.3),(2.5),(0.08),(0.09),(0.6),(0.05),(0.1),(43),(0.41),(10),(4.6),,,3.9,,,,,,,,,,,,,,,,,,,,,,,,5,175061
15,0,15185,＜ケーキ・ペストリー類＞　デニッシュペストリー　アメリカンタイプ　あん入り　カスタードクリーム,"Danish pastry, American style, with custard cream",(42.8),(5.8),(19.3),(1.4),(0.9),304,350,51,97,200,100,11,0.6,0.7,0.06,0.08,12,,12,(Tr),8,,80,1.7,2.2,0.09,0.14,0.6,0.06,0.3,50,0.65,8,7.4,,,3.9,,,,,,,,,,,,,,,,,,,,,,,,3,175061
15,0,15173,＜ケーキ・ペストリー類＞　デニッシュペストリー　デンマークタイプ　あん入り　カスタードクリーム,"Danish pastry, Danish style, with custard cream",(25.5),(7.3),(29.6),(2.1),(0.9),417,350,56,120,180,120,14,0.9,0.9,0.07,0.1,15,,15,(Tr),9,18.9,120,2.5,3.3,0.11,0.17,0.8,0.07,0.4,60,0.81,12,9.5,20.1,6.9,0.1,,,,,,,,,,,,,,,,,,,,,,,,5,172754
15,0,15077,＜ケーキ・ペストリー類＞　ドーナッツ　イーストドーナッツ　プレーン,"Yeast doughnut, plain",(27.5),(7.2),(20.2),(1.5),(1.2),379,350,43,(73),(310),110,14,(0.5),(0.6),(0.07),(0.17),(5),,(17),(1),(12),9.6,(10),(0.2),(2.5),(0.09),(0.11),(0.7),(0.05),(0.1),(37),(0.56),(25),(3.9),,,0.1,(290),(550),(250),(140),(160),(300),(380),(240),(620),(230),(88),(340),(180),(270),(18.55),(6.73),(1.03),(5.70),(5700),(1000),(0),(6),(7),5,174992
15,0,15174,＜ケーキ・ペストリー類＞　ドーナッツ　イーストドーナッツ　あん入り　こしあん,"Yeast doughnut, with sweet red bean paste (koshi-an)",(27.5),(6.8),(12.6),(2.6),(0.9),341,350,45,66,190,85,16,1,0.6,0.1,0.29,3,,10,1,22,10.8,6,0.1,1.5,0.06,0.08,0.5,0.03,0.1,23,0.36,17,3,29.1,8.6,0,,,,,,,,,,,,,,,,,,,,,,,,5,172757
15,0,15175,＜ケーキ・ペストリー類＞　ドーナッツ　イーストドーナッツ　あん入り　つぶしあん,"Yeast doughnut, with sweet red bean paste (tsubu-an)",(27.5),(7.0),(13.0),(3.4),(1.0),341,350,36,78,220,140,19,1,0.7,0.14,0.29,3,,11,1,29,10.8,7,0.1,1.6,0.06,0.08,0.5,0.04,0.1,27,0.43,18,3.2,29.1,8.6,0,,,,,,,,,,,,,,,,,,,,,,,,3,172757
15,0,15176,＜ケーキ・ペストリー類＞　ドーナッツ　イーストドーナッツ　あん入り　カスタードクリーム,"Yeast doughnut, with custard cream",(27.5),(7.7),(18.9),(1.2),(1.3),371,350,75,120,250,140,15,0.7,0.8,0.07,0.15,16,,17,1,11,10.8,65,1.1,2.2,0.1,0.16,0.6,0.07,0.4,40,0.84,22,7.9,29.1,8.6,0,,,,,,,,,,,,,,,,,,,,,,,,4,172757
15,0,15078,＜ケーキ・ペストリー類＞　ドーナッツ　ケーキドーナッツ　プレーン,"Cake doughnut, plain",(20.0),(7.2),(11.7),(1.2),(0.9),367,350,42,95,160,120,9,0.6,0.4,0.06,0.21,10,,8,1,7,9.6,53,0.9,1.3,0.07,0.12,0.3,0.04,0.3,16,0.58,9,6.4,,,0.1,(320),(580),(340),(180),(190),(360),(380),(280),(670),(290),(99),(400),(180),(360),(10.66),(2.68),(0.33),(2.35),(2300),(310),(Tr),(17),(41),4,174992
15,0,15177,＜ケーキ・ペストリー類＞　ドーナッツ　ケーキドーナッツ　あん入り　こしあん,"Cake doughnut, with sweet red bean paste (koshi-an)",(20.0),(8.3),(5.4),(2.4),(0.6),353,350,46,83,110,90,13,1.1,0.6,0.1,0.32,6,,5,1,20,10.8,34,0.6,0.9,0.05,0.09,0.2,0.03,0.2,11,0.39,8,4.7,29.1,8.6,0,,,,,,,,,,,,,,,,,,,,,,,,3,172757
15,0,15178,＜ケーキ・ペストリー類＞　ドーナッツ　ケーキドーナッツ　あん入り　つぶしあん,"Cake doughnut, with sweet red bean paste (tsubu-an)",(20.0),(8.6),(5.7),(3.4),(0.7),355,350,36,96,130,150,16,1.1,0.6,0.13,0.32,6,,5,1,27,10.8,35,0.6,0.9,0.06,0.09,0.2,0.04,0.2,14,0.46,9,5,29.1,8.6,0,,,,,,,,,,,,,,,,,,,,,,,,5,172757
15,0,15179,＜ケーキ・ペストリー類＞　ドーナッツ　ケーキドーナッツ　あん入り　カスタードクリーム,"Cake doughnut, with custard cream",(20.0),(9.6),(10.5),(0.7),(0.9),375,350,76,140,140,150,11,0.8,0.7,0.06,0.18,20,,10,1,8,10.8,100,1.6,1.4,0.09,0.17,0.3,0.06,0.5,25,0.88,11,10,29.1,8.6,0,,,,,,,,,,,,,,,,,,,,,,,,5,172757
15,0,15079,＜ケーキ・ペストリー類＞　パイ　パイ皮,Pie crust,(32.0),(5.0),(25.4),(1.3),(1.2),373,350,(9),(31),(390),(50),(9),(0.3),(0.3),(0.06),(0.19),0,,(11),(1),(9),4,0,(Tr),(2.5),(0.05),(0.02),(0.3),(0.02),0,(6),(0.32),(2),(0.7),,0,,(190),(360),(110),(87),(130),(220),(270),(160),(430),(150),(60),(220),(120),(180),22.29,7.06,0.61,6.46,6500,580,0,0,0,5,167932
15,0,15080,＜ケーキ・ペストリー類＞　パイ　アップルパイ,Apple pie,(45.0),(4.0),(17.5),(1.2),(0.8),294,350,5,17,180,54,5,0.2,0.1,0.04,0.09,0,,5,1,4,7.8,0,(Tr),1.2,0.03,0.01,0.2,0.02,0,3,0.15,1,0.5,,,1.7,(150),(290),(86),(70),(110),(180),(220),(130),(340),(120),(48),(180),(96),(150),(15.30),(4.85),(0.42),(4.43),(4400),(400),(0),(0),(0),4,175012
15,0,15081,＜ケーキ・ペストリー類＞　パイ　ミートパイ,Meat pie,(36.2),(9.7),(29.9),(1.8),(2.0),381,350,11,46,440,110,11,0.5,0.6,0.07,0.17,0,,12,1,8,6.6,1,0.1,2.2,0.14,0.05,1.1,0.07,0.1,7,0.45,3,1.2,7.2,5.4,5.9,(390),(720),(490),(200),(190),(390),(460),(320),(780),(370),(120),(450),(300),(520),(26.24),(7.72),(0.66),(7.06),(7000),(620),(0),(2),(10),4,175019
15,0,15082,＜ケーキ・ペストリー類＞　バターケーキ,Butter cake,(20.0),(5.8),(25.3),(0.7),(0.9),422,350,(22),(67),(240),(74),(7),(0.6),(0.4),(0.04),(0.12),(10),,(8),(1),(5),,(190),(1.2),(0.8),(0.05),(0.12),(0.2),(0.03),(0.3),(16),(0.48),(8),(7.0),,,0.1,(270),(480),(320),(160),(150),(310),(310),(240),(550),(250),(82),(340),(150),(320),(22.03),(1.18),(0.12),(1.07),(940),(94),(Tr),(20),(78),6,175053
15,0,15083,＜ケーキ・ペストリー類＞　ホットケーキ,Pancake,(40.0),(7.7),(5.4),(1.1),(1.6),253,350,(110),(160),(260),(210),(13),(0.5),(0.5),(0.05),(Tr),(12),,(6),(3),(9),14.9,(51),(0.7),(0.5),(0.08),(0.16),(0.3),(0.05),(0.3),(15),(0.68),(3),(5.1),,,0.3,(350),(650),(400),(190),(170),(360),(400),(310),(710),(310),(100),(430),(200),(360),(4.70),(0.76),(0.05),(0.71),(660),(32),(1),(12),(35),4,175009
15,0,15084,＜ケーキ・ペストリー類＞　ワッフル　カスタードクリーム入り,"Waffle, with custard cream",(45.9),(7.3),(7.9),(0.8),(0.9),241,350,99,150,63,160,12,0.8,0.8,0.05,0.13,24,,10,(Tr),7,7.1,110,1.7,0.8,0.08,0.19,0.2,0.07,0.6,25,0.96,6,10.2,38,3.2,0.6,(340),(620),(430),(180),(150),(320),(370),(310),(670),(310),(100),(420),(190),(360),(6.70),(0.97),(0.08),(0.90),(800),(43),(1),(26),(64),5,172783
15,0,15085,＜ケーキ・ペストリー類＞　ワッフル　ジャム入り,"Waffle, with jam",(33.0),(4.9),(4.2),(1.3),(0.6),279,350,44,68,43,120,10,0.4,0.3,0.04,0.18,7,,4,1,5,46.2,31,0.5,0.4,0.05,0.09,0.3,0.04,0.2,22,0.41,4,3.5,,,0.4,(220),(400),(260),(120),(110),(230),(250),(200),(450),(200),(67),(270),(130),(230),(3.68),(0.60),(0.05),(0.55),(510),(42),(1),(10),(24),5,175039
15,0,15086,＜デザート菓子類＞　カスタードプリン,Custard pudding,(74.1),(5.7),(5.5),0,(0.7),116,350,(81),(110),(69),(130),(9),(0.5),(0.6),(0.02),(0.01),(20),,(9),0,(4),8.8,(87),(1.4),(0.5),(0.04),(0.20),(0.1),(0.05),(0.5),(18),(0.69),(5),(8.4),,0.2,0,(310),(530),(450),(170),(110),(280),(300),(280),(580),(290),(85),(380),(160),(320),4.26,0.57,0.05,0.51,440,22,0,27,48,4,169595
15,0,15136,＜デザート菓子類＞　牛乳寒天,Milk kanten jelly,(85.2),(1.1),(1.3),(0.5),(0.2),61,350,(38),(32),(15),(51),(4),(0.1),(0.1),(Tr),(0.01),(6),,(1),0,(1),2.4,(13),(0.1),(Tr),(0.01),(0.05),(Tr),(0.01),(0.1),(2),(0.19),(1),(0.6),29.9,0,0.4,(58),(110),(91),(27),(8.9),(36),(53),(54),(110),(51),(16),(71),(31),(38),(1.12),(0.04),(0.01),(0.03),(30),(4),(1),(0),(2),5,171380
15,0,15142,＜デザート菓子類＞　こんにゃくゼリー,Konjac jelly,(83.2),0,(0.1),(0.8),(0.4),65,350,(15),(37),(58),(110),(1),(Tr),(Tr),(Tr),(0.01),0,,0,(1),0,39.5,0,0,0,(Tr),0,(Tr),(Tr),0,0,0,0,(Tr),38.5,0,0,,,,,,,,,,,,,,,,,,,,,,,,4,169599
15,0,15087,＜デザート菓子類＞　ゼリー　オレンジ,Orange jelly,(77.6),(2.1),(0.1),(0.2),(0.4),80,350,(9),(17),(5),(180),(10),(0.1),(0.1),(0.03),(0.03),(1),,0,(1),(1),0.1,0,0,(0.3),(0.07),(0.02),(0.3),(0.06),0,(26),(0.22),0,(0.3),6.2,0.1,62.5,(28),(66),(81),(19),(1.7),(20),(45),(7.1),(52),(45),(0.7),(61),(15),(190),(0.06),(0.02),(0.01),(0.02),(16),(5),(0),(0),(0),5,171354
15,0,15088,＜デザート菓子類＞　ゼリー　コーヒー,Coffee jelly,(87.8),(1.6),0,0,(0.1),43,350,(2),(5),(5),(47),(5),(Tr),0,(Tr),(0.02),0,,0,0,0,1.4,0,0,0,0,(Tr),(0.6),0,0,0,(Tr),0,(1.1),6.9,0.2,0,(21),(54),(59),(14),(3.4),(17),(35),(6.9),(42),(32),(0.6),(46),(13),(130),,,,,,,,,,2,168145
15,0,15089,＜デザート菓子類＞　ゼリー　ミルク,Milk jelly,(76.8),(4.3),(3.7),0,(0.7),103,350,(110),(91),(43),(150),(10),(Tr),(0.4),(0.01),0,(16),,(3),0,(4),2,(37),(0.3),(0.1),(0.04),(0.15),(0.1),(0.03),(0.3),(5),(0.54),(2),(1.8),15,0.8,0.9,(160),(300),(280),(78),(21),(99),(160),(130),(290),(160),(35),(220),(85),(250),(3.23),(0.11),(0.02),(0.10),(86),(12),(1),(Tr),(6),6,170862
15,0,15090,＜デザート菓子類＞　ゼリー　ワイン,Wine jelly,(84.1),(1.7),0,0,(Tr),65,350,(1),(1),(5),(11),(1),(0.1),0,(Tr),(0.02),0,,0,(Tr),0,1.4,0,0,0,0,0,0,(Tr),0,0,(0.01),0,(0.2),6.9,0.2,0,(23),(57),(71),(16),(0.3),(17),(39),(5.5),(44),(39),(0.2),(52),(13),(160),,,,,,,,,,1,168145
15,0,15091,＜デザート菓子類＞　ババロア,Bavarian cream,(60.9),(5.6),(12.9),0,(0.6),204,350,(72),(130),(52),(90),(6),(0.6),(0.6),(0.02),(0.01),(21),,(7),(Tr),(5),9.5,(130),(1.6),(0.6),(0.04),(0.13),(Tr),(0.05),(0.6),(20),(0.67),(7),(8.4),32.8,6.7,0.5,(230),(420),(380),(110),(53),(170),(220),(200),(410),(230),(55),(290),(120),(350),(11.17),(0.78),(0.09),(0.69),(580),(49),(2),(27),(69),5,172789
15,0,15092,＜ビスケット類＞　ウエハース,Wafer,2.1,7.6,13.6,1.2,1.4,439,401.55,21,63,480,76,9,0.6,0.4,0.14,0.23,-,,-,-,-,4.8,16,0,1.1,0.03,0.08,0.5,0.02,Tr,6,0.24,4,-,9.4,1.8,0,(310),(600),(260),(150),(190),(340),(400),(270),(670),(260),(99),(380),(190),(300),11.43,0.89,0.05,0.84,840,53,0,0,0,5,175000
15,0,15141,＜ビスケット類＞　ウエハース　クリーム入り,"Wafer, with cream",(2.7),(7.5),(21.8),(2.1),2.1,492,342.65,16,48,370,58,7,0.5,0.3,0.11,0.18,0,,0,0,0,,12,(Tr),1.9,0.02,0.06,0.4,0.02,0,5,0.18,4,0,,,,(310),(590),(260),(150),(190),(340),(400),(270),(670),(260),(98),(380),(190),(300),(19.75),(1.71),(0.07),(1.64),(1600),(69),(0),(0),(0),5,171860
15,0,15093,＜ビスケット類＞　クラッカー　オイルスプレークラッカー,"Cracker, oil spray",2.7,8.5,22.5,2.1,2.4,481,437.3,180,190,610,110,18,0.8,0.5,0.12,0.49,0,,3,2,10,31.3,(0),-,12.0,0.08,0.04,0.8,0.04,-,12,0.45,4,1.7,9.7,1.8,0,(310),(600),(200),(150),(220),(370),(440),(260),(700),(260),(100),(380),(200),(340),20.12,2.76,0.18,2.57,2600,180,0,0,0,5,171856
15,0,15094,＜ビスケット類＞　クラッカー　ソーダクラッカー,"Cracker, soda",3.1,10.4,9.8,2.1,2.3,421,372.75,55,85,730,140,21,0.7,0.4,0.14,0.55,-,,-,-,-,31.3,(0),-,1.5,0.05,0.04,0.8,0.04,-,22,0.54,1,-,9.7,1.8,0,(390),(750),(230),(180),(280),(460),(540),(340),(880),(320),(130),(470),(250),(390),8.88,0.95,0.06,0.89,890,62,0,0,0,6,171856
15,0,15095,＜ビスケット類＞　サブレ,Sablé cookie,(3.1),(6.1),(16.6),(1.3),(0.7),459,350,(36),(84),(73),(110),(8),(0.5),(0.3),(0.06),(0.23),(5),,(6),(1),(7),,(30),(0.6),(1.7),(0.07),(0.07),(0.3),(0.03),(0.2),(12),(0.45),(3),(4.1),,,,(260),(480),(240),(140),(170),(310),(330),(230),(560),(230),(83),(320),(160),(290),(15.33),(2.27),(0.18),(2.09),(2100),(170),(Tr),(10),(24),5,171860
15,0,15054,＜ビスケット類＞　中華風クッキー,Chinese-style cookie,(3.0),(5.1),(29.5),(1.1),(0.6),513,350,(25),(63),(97),(81),(6),(0.4),(0.3),(0.05),(0.19),(4),,(5),(1),(6),,(27),(0.5),(0.4),(0.06),(0.06),(0.3),(0.02),(0.1),(10),(0.37),(4),(3.6),,,,(210),(390),(190),(110),(140),(250),(270),(180),(450),(180),(67),(250),(120),(230),(26.40),(3.21),(0.13),(3.09),(3000),(130),(0),(0),(28),5,171860
15,0,15097,＜ビスケット類＞　ビスケット　ハードビスケット,"Biscuit, hard",2.6,7.6,10.0,2.3,2.0,422,375.85,330,96,320,140,22,0.9,0.5,0.12,0.58,4,,4,2,9,31.3,18,Tr,0.9,0.13,0.22,1.0,0.06,-,16,0.63,2,2.2,9.7,1.8,0,310,560,120,120,170,290,380,190,570,220,82,360,170,250,8.53,1.12,0.07,1.05,1100,69,0,0,0,6,171856
15,0,15098,＜ビスケット類＞　ビスケット　ソフトビスケット,"Biscuit, soft",3.2,5.7,27.6,1.4,0.9,512,468.75,20,66,220,110,12,0.5,0.4,0.08,0.33,3,,4,1,9,4.4,130,Tr,2.2,0.06,0.05,0.6,0.04,-,7,0.45,6,2.3,,,0,(220),(430),(160),(110),(150),(260),(300),(190),(490),(190),(73),(270),(140),(220),22.79,1.56,0.18,1.38,1400,180,0,0,16,5,172728
15,0,15099,＜ビスケット類＞　プレッツェル,Pretzel,1.0,9.9,18.6,2.6,2.3,465,422.35,36,140,750,160,22,0.9,0.5,0.12,0.43,-,,-,-,-,17.2,(0),-,2.6,0.13,0.11,1.1,0.06,-,27,0.51,7,-,17.7,2.7,0,(380),(690),(240),(180),(210),(390),(490),(290),(780),(280),(120),(430),(220),(380),16.01,1.35,0.06,1.28,1300,64,0,0,0,5,169064
15,0,15096,＜ビスケット類＞　リーフパイ,Leaf pie,2.5,5.8,35.5,1.7,0.4,558,511.4,14,42,54,77,8,0.4,0.2,0.06,0.30,Tr,,3,1,8,1.3,0,Tr,3.5,0.08,0.02,0.4,0.02,0,6,0.37,2,0.8,7.2,3.3,0.9,(210),(420),(130),(100),(160),(260),(300),(180),(480),(170),(72),(260),(140),(220),(33.09),(4.52),(0.37),(4.15),(4100),(370),(0),(0),(0),5,175020
15,0,15100,＜ビスケット類＞　ロシアケーキ,Russian tea cake,(4.0),(5.8),(23.4),(1.8),(1.0),486,350,(41),(75),(200),(140),(32),(0.5),(0.4),(0.14),(0.37),(Tr),,(3),(1),(4),,(1),(Tr),(4.5),(0.06),(0.14),(0.6),(0.02),(Tr),(9),(0.27),(1),(1.0),,,2,(250),(450),(210),(110),(140),(250),(320),(200),(520),(200),(74),(300),(150),(370),(21.88),(3.44),(0.19),(3.24),(3200),(190),(0),(0),(Tr),5,173257
15,0,15101,＜スナック類＞　小麦粉あられ,Wheat flour arare (rice cracker),(2.0),(7.6),(19.5),(2.3),(2.2),472,350,(18),(55),(710),(100),(11),(0.5),(0.3),(0.08),(0.39),(Tr),,(4),(2),(11),,0,(Tr),(2.0),(0.10),(0.03),(0.5),(0.03),0,(8),(0.48),(1),(1.1),,,,,,,,,,,,,,,,,,(17.57),(2.56),(0.22),(2.34),(2300),(220),(0),(0),(0),5,174103
15,0,15102,＜スナック類＞　コーンスナック,Corn snack,0.9,5.2,27.1,1.0,1.5,516,473.6,50,70,470,89,13,0.4,0.3,0.05,0.08,-,,-,-,-,7.6,(0),-,3.7,0.02,0.05,0.7,0.06,-,8,0.30,-,-,12.1,6.3,0,(200),(680),(160),(120),(100),(220),(270),(220),(500),(210),(39),(280),(170),(270),24.29,4.65,0.12,4.53,4500,120,0,0,0,4,167537
15,0,15103,＜スナック類＞　ポテトチップス　ポテトチップス,Potato chips,2.0,4.7,35.2,4.2,3.4,541,492.4,17,100,400,1200,70,1.7,0.5,0.21,0.40,260,,0,3,10,2.5,(0),-,6.2,0.26,0.06,4.3,-,-,70,0.94,-,1.6,12.1,22.1,21.6,(210),(310),(310),(81),(65),(150),(230),(190),(420),(190),(79),(290),(110),(240),(32.74),(14.41),(2.40),(12.01),(12000),(2400),(0),(0),(0),4,169677
15,0,15104,＜スナック類＞　ポテトチップス　成形ポテトチップス,"Potato chips, formed",2.2,5.8,32.0,4.8,2.7,515,476.05,49,140,360,900,53,1.2,0.7,0.20,0.30,-,,-,-,-,2.5,0,-,2.6,0.25,0.05,4.2,0.54,-,36,1.08,4,-,12.1,22.1,21.6,(330),(490),(470),(87),(95),(180),(340),(290),(630),(320),(58),(430),(170),(360),27.50,2.25,0.06,2.19,2200,64,0,0,0,4,169677
15,0,15109,＜キャンデー類＞　かわり玉,Hard candy (variety),(0.5),0,0,0,0,392,350,(1),0,(1),(2),0,0,0,(0.01),0,0,,0,0,0,0.6,0,0,0,0,0,0,0,0,0,0,0,(0.1),0,0,0,,,,,,,,,,,,,,,,,,,,,,,,3,167990
15,0,15105,＜キャンデー類＞　キャラメル,Caramel,5.4,4,11.7,0,1,426,386.1,190,100,110,180,13,0.3,0.4,0.03,0.06,14,,3,1,6,1.8,110,3,0.5,0.09,0.18,1.1,0.02,-,5,0.58,3,2.7,8,1.8,0.4,(220),(360),(290),(93),(34),(130),(180),(180),(360),(170),(52),(250),(100),(130),9.86,0.35,0.04,0.31,310,38,0,0,0,5,167974
15,0,15107,＜キャンデー類＞　ゼリーキャンデー,Jelly candy,(16.0),(Tr),0,(0.9),(0.1),334,350,(8),(1),(2),(1),(1),(0.1),(Tr),(0.01),(0.04),0,,0,0,0,0.8,0,0,0,0,0,0,0,0,0,(0.01),0,0,0,0,0,,,,,,,,,,,,,,,,,,,,,,,,5,167989
15,0,15108,＜キャンデー類＞　ゼリービーンズ,Jelly beans,(9.5),(Tr),(Tr),(0.9),(0.1),358,350,(10),(6),(2),(6),(2),(0.2),(Tr),(0.01),(0.04),0,,0,(1),0,1.1,0,0,0,0,0,0,0,0,0,(0.01),0,(Tr),0,0,0,,,,,,,,,,,,,,,,,,,,,,,,3,167991
15,0,15110,＜キャンデー類＞　ドロップ,Hard candy,(2.0),0,0,0,(Tr),389,350,(1),(Tr),(1),(1),0,(Tr),0,(0.01),(Tr),0,,0,0,0,0.6,0,0,0,0,0,0,0,0,0,0,0,(Tr),0,0,0,,,,,,,,,,,,,,,,,,,,,,,,4,167990
15,0,15111,＜キャンデー類＞　バタースコッチ,Butterscotch,(2.0),(Tr),(6.5),0,(0.4),414,350,(2),(2),(150),(4),(Tr),(Tr),0,(0.01),(Tr),0,,0,0,(Tr),0.6,(61),(0.1),(0.1),0,(Tr),0,0,0,0,(0.01),(2),(0.1),0.8,0.3,0,,,,,,,,,,,,,,,(5.71),(0.16),(0.03),(0.13),(120),(26),(0),(0),(8),4,167972
15,0,15112,＜キャンデー類＞　ブリットル,Brittle,(1.5),(12.6),(26.5),(3.6),(1.4),506,350,(26),(200),(72),(380),(100),(0.9),(1.5),(0.35),(1.08),(Tr),,(1),0,(48),2.6,0,0,(5.4),(0.12),(0.07),(12.0),(0.23),0,(29),(1.10),0,(53.0),13.5,0.4,0,(480),(910),(460),(140),(170),(310),(740),(520),(1300),(430),(130),(600),(350),(1600),(25.81),(7.63),(0.07),(7.56),(7600),(66),(0),(0),(0),5,169586
15,0,15113,＜キャンデー類＞　マシュマロ,Marshmallow,(18.5),(2.1),0,0,(Tr),324,350,(1),(1),(7),(1),0,(0.1),0,(0.01),(Tr),0,,0,0,0,1.7,0,0,0,0,0,0,0,0,0,(Tr),0,(Tr),0.1,0,0,(29),(72),(89),(20),(0.4),(21),(48),(6.9),(55),(48),(0.2),(66),(17),(200),,,,,,,,,,3,167995
15,0,15106,＜キャンデー類＞　ラムネ,Ramune candy,7.0,0,0.5,(0),0.3,373,326.95,110,5,67,5,2,0.1,0,0.05,0,1,,0,1,Tr,1.1,(0),(0),(0),0,0,0,0,0,Tr,0,(0),0,0.3,0,136.4,,,,,,,,,,,,,,,,,,,,,,,,5,170279
15,0,15137,＜チョコレート類＞　アーモンドチョコレート,Almond chocolate,(2.0),(11.4),(40.4),(6.1),(2.2),562,350,(240),(320),(41),(550),(150),(2.8),(2.3),(0.77),(1.14),(12),,(4),(15),(7),4,(41),(0.6),(11.0),(0.19),(0.64),(2.1),(0.10),0,(35),(1.18),(4),(4.9),46.8,5.1,0.2,(540),(920),(520),(180),(160),(340),(580),(410),(990),(440),(140),(640),(310),(970),(37.90),(5.02),(0.06),(4.96),(5000),(62),(0),(0),(0),1,168754
15,0,15114,＜チョコレート類＞　カバーリングチョコレート,Coating chocolate,(2.0),(7.1),(24.3),(3.2),(1.9),488,350,160,180,140,320,50,1.6,1.1,0.36,0.38,12,,5,15,10,14.5,40,0.6,0.9,0.15,0.27,0.9,0.08,(Tr),14,1.14,4,5,39.7,11.1,0.5,(330),(590),(310),(150),(110),(260),(340),(250),(590),(290),(89),(410),(180),(250),(22.07),(1.09),(0.08),(1.01),(1000),(82),(0),(0),(0),1,167556
15,0,15186,＜チョコレート類＞　スイートチョコレート,Sweet chocolate,0.6,5.8,37.7,7.7,1.5,530,504.2,60,210,9,430,130,4,1.8,0.91,0.94,2,,4,45,9,4.2,6,1.5,0.8,0.12,0.11,0.8,0.05,0.1,10,0.2,6,6.6,22,5.6,0,200,350,260,85,120,200,260,190,450,210,72,290,120,310,33.06,1.17,0.07,1.07,1100,70,0,0,0,1,167976
15,0,15187,＜チョコレート類＞　スイートチョコレート　カカオ増量,"Sweet chocolate, high cacao",0.9,8.9,41.3,13.1,2.6,539,498.4,71,320,3,900,220,9.3,3.2,1.74,1.85,1,,7,94,18,6.8,1,1.7,0.5,0.15,0.11,1.3,0.06,0.1,17,0.19,7,10.7,,7.3,,280,490,360,120,180,300,390,280,680,320,110,440,180,510,36.70,1.25,0.07,1.14,1100,72,0,0,0,1,170273
15,0,15115,＜チョコレート類＞　ホワイトチョコレート,White chocolate,0.8,7.2,39.5,0.6,1.6,588,537,250,210,92,340,24,0.1,0.8,0.02,0.02,20,,5,1,8,4.5,47,Tr,0.8,0.08,0.39,0.2,0.05,-,8,1.05,9,4.4,29.5,9.1,0.5,,,,,,,,,,,,,,,36.11,1.32,0.13,1.19,1200,96,0,0,0,1,167571
15,0,15116,＜チョコレート類＞　ミルクチョコレート,Milk chocolate,0.5,6.9,34.1,3.9,1.8,550,498.8,240,240,64,440,74,2.4,1.6,0.55,0.41,19,,6,24,11,4.5,63,1,0.7,0.19,0.41,1.2,0.11,-,18,1.56,6,7.6,46.1,5.7,0,(350),(620),(440),(170),(72),(240),(320),(290),(610),(330),(94),(440),(180),(260),31.34,1.08,0.09,0.99,990,91,0,0,0,1,167587
15,0,15117,＜果実菓子類＞　マロングラッセ,Candied chestnut (Marron glacé),21.0,1.1,0.3,-,0.2,303,277.3,8,20,28,60,-,0.6,-,-,-,-,,-,-,-,,0,(0),-,-,0.03,0.1,-,-,-,-,-,-,,,9.5,(37),(64),(57),(14),(17),(31),(43),(26),(68),(40),(14),(49),(26),(83),(0.23),(0.15),(0.03),(0.12),(120),(29),(0),(0),(0),5,168589
15,20,15118,＜チューインガム類＞　板ガム,Stick gum,(3.1),0,0,0,(Tr),388,350,(3),(Tr),(3),(3),-,(0.1),-,-,-,-,,-,-,-,0.6,0,(0),-,0,0,0,-,-,-,-,-,-,0,0,0,,,,,,,,,,,,,,,,,,,,,,,,3,168771
15,20,15119,＜チューインガム類＞　糖衣ガム,Candy-coated gum,(2.4),0,0,0,(Tr),390,350,(1),(Tr),(2),(4),-,(0.1),-,-,-,-,,-,-,-,0.6,0,(0),-,0,0,0,-,-,-,-,-,-,0,0,0,,,,,,,,,,,,,,,,,,,,,,,,2,168771
15,25,15120,＜チューインガム類＞　風船ガム,Bubble gum,(3.3),0,0,0,(Tr),387,350,(3),(Tr),(3),(4),-,(0.1),-,-,-,-,,-,-,-,0.6,0,(0),-,0,0,0,-,-,-,-,-,-,0,0,0,,,,,,,,,,,,,,,,,,,,,,,,3,168771
15,0,15138,＜その他＞　カスタードクリーム,Custard cream,(61.8),(5.1),(7.6),(0.2),(0.7),174,350,(93),(140),(34),(120),(9),(0.7),(0.9),(0.02),(0.04),(18),,(10),0,(5),14.7,(120),(1.9),(2.5),(0.07),(0.16),(0.1),(0.07),(0.6),(26),(0.83),(7),(11.0),4.4,1.7,0,(250),(450),(370),(120),(76),(200),(230),(230),(460),(240),(70),(300),(140),(270),(6.18),(0.79),(0.07),(0.73),(600),(25),(1),(34),(81),4,171866
15,0,15139,＜その他＞　しるこ　こしあん,"Sweet red bean soup, smooth",(46.1),(4.7),(0.3),(3.2),(0.2),211,350,(35),(40),(2),(29),(14),(1.3),(0.5),(0.11),(0.35),0,,0,(Tr),(28),2.3,0,0,0,(0.01),(0.02),(Tr),0,0,(1),(0.03),(3),(1.2),,,0,(210),(400),(350),(71),(47),(120),(290),(140),(430),(180),(50),(250),(150),(310),(0.12),(0.07),(0.02),(0.05),(50),(22),(0),(0),(0),5,173730
15,0,15140,＜その他＞　しるこ　つぶしあん,"Sweet red bean soup, mashed",(54.5),(4.2),(0.4),(4.3),(0.4),179,350,(14),(55),(42),(120),(17),(1.1),(0.5),(0.15),(0.30),0,,0,(1),(37),,0,0,(0.1),(0.01),(0.02),(0.1),(0.02),0,(6),(0.13),(4),(1.3),,,0,(190),(350),(320),(67),(43),(110),(260),(120),(380),(170),(44),(230),(140),(280),(0.20),(0.12),(0.04),(0.09),(86),(37),(0),(0),(0),5,171181
15,0,15180,＜その他＞　チョコレートクリーム,Chocolate cream,(14.6),(4.6),(32.0),(0.6),(1.2),481,350,(160),(150),(200),(310),(26),(0.6),(0.6),(0.10),(0.07),(10),,(2),(6),(4),2.1,(45),(3.2),(4.3),(0.07),(0.23),(0.3),(0.03),(0.3),(3),(0.77),(16),(1.8),34.7,1.5,0.5,,,,,,,,,,,,,,,,,,,,,,,,1,168136
16,0,16001,＜アルコール飲料類＞　（醸造酒類）　清酒　普通酒,"Sake, regular",82.4,0.4,Tr,0,Tr,107,61.6,3,7,2,5,1,Tr,0.1,Tr,0.16,1,,0,0,1,1.4,0,0,0,Tr,0,0,0.07,0,0,0,0,0,0,0,0,11,18,10,1.6,5.6,7.2,11,13,25,12,1.1,17,8.9,33,0,0,0,0,0,0,0,0,0,1,167723
16,0,16002,＜アルコール飲料類＞　（醸造酒類）　清酒　純米酒,"Sake, junmai",83.7,0.4,Tr,0,Tr,102,57.05,3,9,4,5,1,0.1,0.1,Tr,0.18,-,,-,-,-,1.4,0,0,0,Tr,0,0,0.12,0,0,0.02,0,-,0,0,0,(11),(18),(10),(1.6),(5.6),(7.2),(11),(13),(25),(12),(1.1),(17),(8.9),(33),0,0,0,0,0,0,0,0,0,1,167723
16,0,16003,＜アルコール飲料類＞　（醸造酒類）　清酒　本醸造酒,"Sake, honjozo",82.8,0.4,0,0,Tr,106,60.2,3,8,2,5,1,Tr,0.1,Tr,0.19,-,,-,-,-,1.4,0,0,0,Tr,0,0,0.09,0,0,0,0,-,0,0,0,(11),(18),(10),(1.6),(5.6),(7.2),(11),(13),(25),(12),(1.1),(17),(8.9),(33),0,0,0,0,0,0,0,0,0,1,167723
16,0,16004,＜アルコール飲料類＞　（醸造酒類）　清酒　吟醸酒,"Sake, ginjo",83.6,0.3,0,0,Tr,103,57.4,2,7,2,7,1,Tr,0.1,0.01,0.16,-,,-,-,-,1.4,0,0,0,0,0,0,0.12,0,0,0.06,0,-,0,0,0,(8.4),(14),(7.7),(1.2),(4.2),(5.4),(8.6),(10),(19),(8.8),(0.8),(13),(6.7),(24),0,0,0,0,0,0,0,0,0,1,167723
16,0,16005,＜アルコール飲料類＞　（醸造酒類）　清酒　純米吟醸酒,"Sake, junmai ginjo",83.5,0.4,0,0,Tr,102,57.75,2,8,3,5,1,Tr,0.1,0.01,0.20,-,,-,-,-,1.4,0,0,0,0,0,0,0.14,0,0,0.06,0,-,0,0,0,(11),(18),(10),(1.6),(5.6),(7.2),(11),(13),(25),(12),(1.1),(17),(8.9),(33),0,0,0,0,0,0,0,0,0,1,167723
16,0,16006,＜アルコール飲料類＞　（醸造酒類）　ビール　淡色,"Beer, pale",92.8,0.3,0,0,0.1,39,24.85,3,15,3,34,7,Tr,Tr,Tr,0.01,1,,Tr,0,0,,0,0,0,0,0.02,0.8,0.05,0.1,7,0.08,0,0.9,,,,6.1,8.6,7.8,1.9,6.5,8.4,7.7,9.5,17,7.8,3.4,11,7.4,11,0,0,0,0,0,0,0,0,0,1,169572
16,0,16007,＜アルコール飲料類＞　（醸造酒類）　ビール　黒,"Beer, dark",91.6,0.4,Tr,0.2,0.2,45,28,3,33,3,55,10,0.1,Tr,Tr,0.02,-,,-,-,-,0.4,0,0,0,0,0.04,1.0,0.07,Tr,9,0.04,0,-,8.8,0,0,(8.1),(11),(10),(2.5),(8.7),(11),(10),(13),(23),(10),(4.5),(14),(9.8),(14),0,0,0,0,0,0,0,0,0,1,168749
16,0,16008,＜アルコール飲料類＞　（醸造酒類）　ビール　スタウト,"Beer, stout",88.4,0.5,Tr,0.3,0.3,62,38.5,3,43,4,65,14,0.1,Tr,Tr,0.06,-,,-,-,-,0.6,0,0,0,0,0.05,1.0,0.06,Tr,10,0.12,0,-,10.1,0,0,(10),(14),(13),(3.2),(11),(14),(13),(16),(29),(13),(5.6),(18),(12),(18),0,0,0,0,0,0,0,0,0,1,171906
16,0,16009,＜アルコール飲料類＞　（醸造酒類）　発泡酒,Happoshu (low-malt beer),92.0,0.1,0,0,0.1,44,27.65,4,8,1,13,4,0,Tr,Tr,0.01,-,,-,-,-,0,0,0,0,0,0.01,0.3,0.01,0,4,0.10,0,-,0,0,0,(2.0),(2.9),(2.6),(0.6),(2.2),(2.8),(2.6),(3.2),(5.7),(2.6),(1.1),(3.6),(2.5),(3.5),0,0,0,0,0,0,0,0,0,1,169575
16,0,16010,＜アルコール飲料類＞　（醸造酒類）　ぶどう酒　白,"Wine, white",88.6,0.1,Tr,-,0.2,75,39.2,8,12,3,60,7,0.3,Tr,0.01,0.09,-,,-,-,-,0.1,(0),(0),-,0,0,0.1,0.02,0,0,0.07,(0),-,4.3,0.4,0,,,,,,,,,,,,,,,,,,,,,,,,1,174837
16,0,16011,＜アルコール飲料類＞　（醸造酒類）　ぶどう酒　赤,"Wine, red",88.7,0.2,Tr,-,0.3,68,38.5,7,13,2,110,9,0.4,Tr,0.02,0.15,Tr,,0,2,1,0.2,(0),(0),-,0,0.01,0.1,0.03,0,0,0.07,(0),1.9,5.7,0.4,0,,,,,,,,,,,,,,,,,,,,,,,,1,173190
16,0,16012,＜アルコール飲料類＞　（醸造酒類）　ぶどう酒　ロゼ,"Wine, rosé",87.4,0.1,Tr,0,Tr,71,44.1,10,10,4,60,7,0.4,Tr,0.02,0.10,-,,-,-,-,0.2,0,0,0,0,0,0.1,0.02,0,0,0,0,-,0,0,0,,,,,,,,,,,,,,,0,0,0,0,0,0,0,0,0,1,171908
16,0,16013,＜アルコール飲料類＞　（醸造酒類）　紹興酒,Shaoxing wine,78.8,1.7,Tr,Tr,0.3,126,73.15,25,37,15,55,19,0.3,0.4,0.02,0.49,-,,-,-,-,0.2,(0),(0),-,Tr,0.03,0.6,0.03,Tr,1,0.19,(0),-,5,0,0,,,,,,,,,,,,,,,,,,,,,,,,1,169070
16,0,16014,＜アルコール飲料類＞　（蒸留酒類）　しょうちゅう　連続式蒸留しょうちゅう,"Shochu, continuous distillation",71.0,0,0,(0),0,203,101.5,-,-,-,-,-,-,-,-,-,-,,-,-,-,,(0),(0),-,(0),(0),(0),(0),(0),(0),(0),(0),-,,,,,,,,,,,,,,,,,,,,,,,,,,,1,
16,0,16015,＜アルコール飲料類＞　（蒸留酒類）　しょうちゅう　単式蒸留しょうちゅう,"Shochu, pot still",79.5,0,0,(0),0,144,71.75,-,-,-,-,-,-,-,-,-,-,,-,-,-,,(0),(0),-,(0),(0),(0),(0),(0),(0),(0),(0),-,,,,,,,,,,,,,,,,,,,,,,,,,,,1,
16,0,16060,＜アルコール飲料類＞　（蒸留酒類）　しょうちゅう　泡盛,Awamori,70.6,Tr,Tr,-,0,206,102.9,Tr,0,1,1,0,Tr,0,Tr,Tr,-,,-,-,-,0,-,-,-,-,-,-,-,-,-,-,-,-,,,0,,,,,,,,,,,,,,,,,,,,,,,,1,174818
16,0,16016,＜アルコール飲料類＞　（蒸留酒類）　ウイスキー,Whiskey,66.6,0,0,(0),0,234,116.9,0,Tr,2,1,0,Tr,Tr,0.01,0,-,,-,-,-,0,(0),(0),-,(0),(0),(0),(0),(0),(0),(0),(0),-,,,0,,,,,,,,,,,,,,,,,,,,,,,,1,174819
16,0,16017,＜アルコール飲料類＞　（蒸留酒類）　ブランデー,Brandy,66.6,0,0,(0),0,234,116.9,0,Tr,4,1,0,0,Tr,0.03,0,-,,-,-,-,0,(0),(0),-,(0),(0),(0),(0),(0),(0),(0),(0),-,,,0,,,,,,,,,,,,,,,,,,,,,,,,1,174819
16,0,16018,＜アルコール飲料類＞　（蒸留酒類）　ウオッカ,Vodka,66.2,0,0,(0),0,237,118.3,(0),(0),Tr,Tr,-,(0),-,-,-,-,,-,-,-,,(0),(0),-,(0),(0),(0),(0),(0),(0),(0),(0),-,,,,,,,,,,,,,,,,,,,,,,,,,,,1,
16,0,16019,＜アルコール飲料類＞　（蒸留酒類）　ジン,Gin,59.9,0,Tr,(0),0,280,140.35,(0),(0),Tr,Tr,-,(0),-,-,-,-,,-,-,-,,(0),(0),-,(0),(0),(0),(0),(0),(0),(0),(0),-,,,,,,,,,,,,,,,,,,,,,,,,,,,1,
16,0,16020,＜アルコール飲料類＞　（蒸留酒類）　ラム,Rum,66.1,0,Tr,(0),0,237,118.65,0,Tr,3,Tr,0,0,Tr,Tr,0,-,,-,-,-,,(0),(0),-,(0),(0),(0),(0),(0),(0),(0),(0),-,,,,,,,,,,,,,,,,,,,,,,,,,,,1,
16,0,16021,＜アルコール飲料類＞　（蒸留酒類）　マオタイ酒,Moutai (Maotai),54.7,0,0,(0),0,317,158.55,2,Tr,Tr,Tr,0,0.3,Tr,0.02,0.01,-,,-,-,-,1.4,(0),(0),-,(0),(0),(0),(0),(0),(0),(0),(0),-,0,0,0,,,,,,,,,,,,,,,,,,,,,,,,1,167723
16,0,16022,＜アルコール飲料類＞　（混成酒類）　梅酒,Plum wine,68.9,0.1,Tr,-,0.1,155,108.5,1,3,4,39,2,Tr,Tr,0.01,0.01,0,,0,1,Tr,,(0),-,-,0,0.01,Tr,0.01,0,0,0,-,0.1,,,,,,,,,,,,,,,,,,,,,,,,,,,1,174841
16,0,16023,＜アルコール飲料類＞　（混成酒類）　合成清酒,Synthetic sake,82.2,0.1,0,-,0.1,108,61.95,2,5,11,3,Tr,0,Tr,Tr,0,-,,-,-,-,1.4,(0),-,-,0,0,0,0.01,0,0,0,-,-,0,0,0,,,,,,,,,,,,,,,,,,,,,,,,1,167723
16,0,16024,＜アルコール飲料類＞　（混成酒類）　白酒,Shirozake (white sake),44.7,1.9,Tr,-,Tr,236,193.55,3,14,5,14,4,0.1,0.3,0.08,0.27,-,,-,-,-,1.4,(0),-,-,0.02,0.01,0.1,0.02,0,1,0.10,-,-,0,0,0,,,,,,,,,,,,,,,,,,,,,,,,1,167723
16,0,16025,＜アルコール飲料類＞　（混成酒類）　みりん　本みりん,"Mirin, hon mirin",47.0,0.3,Tr,-,Tr,241,185.5,2,7,3,7,2,0,0,0.05,0.04,-,,-,-,-,0.8,(0),-,-,Tr,0,Tr,0.01,0,0,0,-,-,2.2,0,0.5,11,19,8.8,2.7,0,2.7,12,11,23,10,1.4,16,6.6,17,,,,,,,,,,1,169640
16,0,16026,＜アルコール飲料類＞　（混成酒類）　みりん　本直し,"Mirin, hon naoshi",68.2,0.1,Tr,-,Tr,179,111.3,2,3,3,2,2,0,Tr,Tr,0.06,-,,-,-,-,0.8,(0),-,-,0,0,0,0,0,0,0,-,-,2.2,0,0.5,(3.5),(6.4),(2.9),(0.9),(0),(0.9),(4.0),(3.8),(7.8),(3.4),(0.5),(5.3),(2.2),(5.7),,,,,,,,,,1,169640
16,0,16027,＜アルコール飲料類＞　（混成酒類）　薬味酒,Herbal liqueur,62.6,Tr,Tr,-,Tr,181,130.9,1,2,1,14,1,Tr,Tr,Tr,0.08,-,,-,-,-,0,(0),-,-,0,0,0.1,0.01,0,0,0,-,-,0.4,0,0,,,,,,,,,,,,,,,,,,,,,,,,1,173232
16,0,16028,＜アルコール飲料類＞　（混成酒類）　キュラソー,Curacao,43.1,Tr,Tr,-,Tr,319,199.15,Tr,0,1,Tr,0,0,Tr,0.01,0,-,,-,-,-,,(0),-,-,0,0,0,0,0,0,0,-,-,,,5.3,,,,,,,,,,,,,,,,,,,,,,,,1,167791
16,0,16029,＜アルコール飲料類＞　（混成酒類）　スイートワイン,Sweet wine,75.2,0.1,0,-,0.2,125,86.1,5,7,5,70,5,0.3,Tr,Tr,0.01,-,,-,-,-,,(0),-,-,0,Tr,Tr,0.01,0,0,0,-,-,,,,,,,,,,,,,,,,,,,,,,,,,,,1,173202
16,0,16030,＜アルコール飲料類＞　（混成酒類）　ペパーミント,Peppermint liqueur,41.0,0,0,-,Tr,300,206.5,Tr,0,4,1,0,0,Tr,Tr,0,-,,-,-,-,0.1,(0),-,-,0,0,0,0,0,0,0,-,-,,,0,,,,,,,,,,,,,,,,,,,,,,,,1,173209
16,0,16031,＜アルコール飲料類＞　（混成酒類）　ベルモット　甘口タイプ,"Vermouth, sweet",71.3,0.1,0,-,0.1,151,100.1,6,7,4,29,5,0.3,Tr,0.01,0.01,-,,-,-,-,0.5,-,-,-,0,0,0.1,Tr,0,0,0.06,-,-,5,0,0,,,,,,,,,,,,,,,,,,,,,,,,1,173176
16,0,16032,＜アルコール飲料類＞　（混成酒類）　ベルモット　辛口タイプ,"Vermouth, dry",81.7,0.1,0,-,0.1,113,63.7,8,8,4,26,6,0.3,Tr,0.01,0.01,-,,-,-,-,0.5,-,-,-,0,0,0.1,Tr,0,0,0,-,-,,0,0,,,,,,,,,,,,,,,,,,,,,,,,1,175112
16,0,16059,＜アルコール飲料類＞　（混成酒類）　缶チューハイ　レモン風味,"Chu-hi, lemon, canned",91.4,0,Tr,0.1,Tr,51,29.75,1,Tr,10,13,Tr,0,0,Tr,0,0,,0,0,0,0,(0),(0),0,0,0,0,0,(0),0,0,(0),0,0,0,24.7,,,,,,,,,,,,,,,,,,,,,,,,1,174111
16,0,16033,＜茶類＞　（緑茶類）　玉露　茶,"Gyokuro tea, leaves",3.1,29.1,4.1,43.9,6.3,241,183.95,390,410,11,2800,210,10.0,4.3,0.84,71.00,-,,-,-,-,5.3,(0),(0),16.0,0.30,1.16,6.0,0.69,(0),1000,4.10,4000,-,118.3,0,0,(1100),(2100),(1700),(540),(370),(910),(1300),(920),(2200),(1200),(480),(1400),(690),(1900),,,,,,,,,,1,173230
16,0,16034,＜茶類＞　（緑茶類）　玉露　浸出液,"Gyokuro tea, brewed",97.8,1.3,(0),-,0.5,5,5.95,4,30,2,340,15,0.2,0.3,0.02,4.60,-,,-,-,-,0,(0),(0),-,0.02,0.11,0.6,0.07,(0),150,0.24,Tr,-,0,0,0,(50),(93),(77),(24),(17),(41),(59),(41),(100),(53),(21),(63),(31),(84),,,,,,,,,,1,174144
16,0,16035,＜茶類＞　（緑茶類）　抹茶　茶,"Matcha, powder",5.0,29.6,5.3,38.5,7.4,237,198.35,420,350,6,2700,230,17.0,6.3,0.60,-,-,,-,-,-,5.3,(0),(0),28.0,0.60,1.35,4.0,0.96,(0),1200,3.70,2900,-,118.3,0,0,1100,2100,1700,550,380,930,1300,930,2300,1200,480,1400,700,1900,3.19,2.16,1.34,0.81,810,1300,-,-,0,1,173230
16,0,16036,＜茶類＞　（緑茶類）　せん茶　茶,"Sencha tea, leaves",2.8,24.5,4.7,46.5,5.0,229,183.45,450,290,3,2200,200,20.0,3.2,1.30,55.00,4,,3,8,1,5.3,(0),(0),65.0,0.36,1.43,4.1,0.46,(0),1300,3.10,1400,52.0,118.3,0,0,(940),(1700),(1400),(460),(310),(770),(1100),(770),(1900),(990),(400),(1200),(580),(1600),2.81,1.94,1.35,0.59,590,1400,-,-,0,1,173230
16,0,16037,＜茶類＞　（緑茶類）　せん茶　浸出液,"Sencha tea, brewed",99.4,0.2,(0),-,0.1,2,1.75,3,2,3,27,2,0.2,Tr,0.01,0.31,0,,0,0,0,0,(0),(0),-,0,0.05,0.2,0.01,(0),16,0.04,Tr,0.8,0,0,0,(7.7),(14),(12),(3.7),(2.6),(6.3),(9.0),(6.3),(15),(8.1),(3.3),(9.7),(4.8),(13),,,,,,,,,,1,174120
16,0,16038,＜茶類＞　（緑茶類）　かまいり茶　浸出液,"Kamairicha tea, brewed",99.7,0.1,(0),-,0.1,1,0.7,4,1,1,29,1,Tr,Tr,Tr,0.37,-,,-,-,-,0,(0),(0),-,0,0.04,0.1,0.01,(0),18,0,0,-,0,0,0,(3.8),(7.1),(5.9),(1.9),(1.3),(3.1),(4.5),(3.2),(7.7),(4.0),(1.6),(4.9),(2.4),(6.5),,,,,,,,,,1,174120
16,0,16062,＜茶類＞　（緑茶類）　番茶　茶,"Bancha tea, leaves",2.8,21.8,5.3,38.5,4.9,266,214.8,510,310,6,1500,190,12.5,2.2,1.09,90.12,14,,2,13,2,5.3,-,-,40.8,0.36,1.21,7.9,1.07,-,670,1.08,2200,48.8,118.3,0,0,,,,,,,,,,,,,,,,,,,,,,,,1,174872
16,0,16039,＜茶類＞　（緑茶類）　番茶　浸出液,"Bancha tea, brewed",99.8,Tr,(0),-,0.1,0,0.35,5,2,2,32,1,0.2,Tr,0.01,0.19,-,,-,-,-,0,(0),(0),-,0,0.03,0.2,0.01,(0),7,0,Tr,-,0,0,0,,,,,,,,,,,,,,,,,,,,,,,,2,174120
16,0,16063,＜茶類＞　（緑茶類）　ほうじ茶　茶,"Hojicha tea, leaves",1.8,18.4,5,49.3,4.7,257,179.7,500,280,3,1500,180,8.7,2,1.31,78.79,10,,3,8,3,5.3,-,-,32.2,0.1,0.86,4.2,0.3,-,370,0.48,2000,50.5,118.3,0,0,,,,,,,,,,,,,,,,,,,,,,,,1,173230
16,0,16040,＜茶類＞　（緑茶類）　ほうじ茶　浸出液,"Hojicha tea, brewed",99.8,Tr,(0),-,0.1,0,0.35,2,1,1,24,Tr,Tr,Tr,0.01,0.26,-,,-,-,-,0,(0),(0),-,0,0.02,0.1,Tr,(0),13,0,0,-,0,0,0,,,,,,,,,,,,,,,,,,,,,,,,1,174120
16,0,16041,＜茶類＞　（緑茶類）　玄米茶　浸出液,"Genmaicha tea, brewed",99.9,0,(0),0,0.1,0,0,2,1,2,7,1,Tr,Tr,0.01,0.15,-,,-,-,-,0,(0),(0),(0),0,0.01,0.1,0.01,(0),3,0,0,-,0,0,0,,,,,,,,,,,,,,,,,,,,,,,,1,174120
16,0,16042,＜茶類＞　（発酵茶類）　ウーロン茶　浸出液,"Oolong tea, brewed",99.8,Tr,(0),-,0.1,0,0.35,2,1,1,13,1,Tr,Tr,Tr,0.24,0,,0,0,0,0,(0),(0),-,0,0.03,0.1,Tr,(0),2,0,0,0.2,0,0,0,,,,,,,,,,,,,,,,,,,,,,,,1,174120
16,0,16043,＜茶類＞　（発酵茶類）　紅茶　茶,"Black tea, leaves",6.2,20.3,2.5,38.1,5.4,234,188.55,470,320,3,2000,220,17.0,4.0,2.10,21.00,6,,8,18,2,0,(0),(0),9.8,0.10,0.80,10.0,0.28,(0),210,2.00,1500,32.0,0,0,0,,,,,,,,,,,,,,,,,,,,,,,,1,174144
16,0,16044,＜茶類＞　（発酵茶類）　紅茶　浸出液,"Black tea, brewed",99.7,0.1,(0),-,Tr,1,1.05,1,2,1,8,1,0,Tr,0.01,0.22,0,,0,0,0,0,(0),(0),-,0,0.01,0.1,0.01,(0),3,0,6,0.2,0,0,0,,,,,,,,,,,,,,,,,,,,,,,,1,174120
16,0,16045,＜コーヒー・ココア類＞　コーヒー　浸出液,"Coffee, brewed",98.6,0.2,Tr,-,0.2,4,4.2,2,7,1,65,6,Tr,Tr,0,0.03,0,,0,0,0,0,0,0,0,0,0.01,0.8,0,0,0,0,0,1.7,0,0,0,(3.3),(8.3),(1.7),(0),(3.3),(3.3),(5.0),(3.3),(8.3),(1.7),(0),(5.0),(3.3),(1.7),(0.02),(0.01),(0),(0.01),(9),(Tr),-,-,(0),1,171881
16,0,16046,＜コーヒー・ココア類＞　コーヒー　インスタントコーヒー,"Coffee, instant",3.8,14.7,0.3,-,8.7,287,307.75,140,350,32,3600,410,3.0,0.4,0.03,1.90,8,,5,2,7,12.6,(0),(0),0.1,0.02,0.14,47.0,0.01,0.1,8,0,Tr,88.0,101.9,1.9,0,(210),(580),(120),(28),(240),(270),(320),(200),(510),(170),(36),(330),(200),(64),0.21,0.10,Tr,0.09,94,3,-,-,0,1,171893
16,0,16064,＜コーヒー・ココア類＞　コーヒー　缶コーヒー　無糖,"Coffee, canned, unsweetened",99,0.1,Tr,-,0.2,3,2.8,1,4,21,68,5,Tr,0,Tr,0.02,Tr,,0,0,0,0.2,-,-,0,0,0,0.8,0,0,0,0,0,1.2,,0,0,,,,,,,,,,,,,,,,,,,,,,,,1,171894
16,0,16047,＜コーヒー・ココア類＞　コーヒー　コーヒー飲料　乳成分入り　加糖,"Coffee drink, with milk, sweetened",90.5,0.7,0.3,-,0.3,38,33.7,22,19,30,60,6,0.1,0.1,0.01,0.02,2,,Tr,0,Tr,0,0,-,0,0.01,0.04,0.3,Tr,-,0,0.11,0,2.5,0,0.1,0,,,,,,,,,,,,,,,0.23,0.01,Tr,0.01,6,1,0,0,Tr,1,171880
16,0,16048,＜コーヒー・ココア類＞　ココア　ピュアココア,"Cocoa powder, unsweetened",4.0,18.5,21.6,23.9,7.5,386,334.1,140,660,16,2800,440,14.0,7.0,3.80,-,-,,-,-,-,14.3,0,(0),0.3,0.16,0.22,2.3,0.08,0,31,0.85,2,-,12,2.5,0,610,1000,620,240,360,600,820,630,1400,740,260,960,340,1100,19.98,0.70,0.04,0.66,660,37,-,-,0,1,169593
16,0,16049,＜コーヒー・ココア類＞　ココア　ミルクココア,Milk cocoa,1.6,7.4,6.8,5.5,2.6,400,350.05,180,240,270,730,130,2.9,2.1,0.93,0.74,-,,-,-,-,5,8,-,0.4,0.07,0.42,0.3,0.07,-,12,0.90,0,-,33.1,0.9,0.2,,,,,,,,,,,,,,,6.27,0.24,0.02,0.22,220,16,0,0,1,1,174122
16,0,16056,＜その他＞　青汁　ケール,"Aojiru, kale",2.3,13.8,4.4,28.0,8.6,312,235.85,1200,270,230,2300,210,2.9,1.8,0.17,2.75,5,,9,12,130,0.9,0,0,9.4,0.31,0.80,6.0,0.75,0,820,1.31,1500,20.0,0.5,389.6,93.4,550,1000,700,240,180,420,660,430,1100,660,240,760,350,660,2.72,2.08,1.29,0.52,520,1300,0,0,0,6,168421
16,0,16050,＜その他＞　甘酒,Amazake,79.7,1.7,0.1,0.4,0.2,76,69.45,3,21,60,14,5,0.1,0.3,0.05,0.17,-,,-,-,-,2.3,(0),(0),Tr,0.01,0.03,0.2,0.02,-,8,0,0,-,,,0,(65),(130),(59),(40),(33),(73),(79),(76),(160),(68),(24),(93),(38),(120),,,,,,,,,,5,173730
16,0,16051,＜その他＞　昆布茶,Kombu tea,1.4,5.2,0.2,2.8,51.3,173,156.75,88,14,20000,580,51,0.5,0.3,Tr,0.03,26000,,2,13,1,,0,0,Tr,0.01,0.02,0.1,Tr,0,11,0.01,13,0.5,,,3.5,9.8,16,11,3.9,7.8,12,11,6.8,18,13,2.9,14,3.6,10,,,,,,,,,,8,167603
16,0,16057,＜その他＞　スポーツドリンク,Sports drink,94.7,0,Tr,Tr,0.1,21,18.2,8,0,31,26,3,Tr,0,0,0,-,,-,-,-,0,0,0,0,0,0,0.8,0.12,0,0,Tr,0,-,0,0.2,0,,,,,,,,,,,,,,,,,,,,,,,,5,174178
16,0,16052,＜その他＞　（炭酸飲料類）　果実色飲料,Fruit-flavored carbonated drink,87.2,Tr,Tr,-,Tr,51,44.8,3,Tr,2,1,0,Tr,0,Tr,0,1,,0,0,0,0.1,(0),(0),-,0,0,0,-,-,-,-,-,0,0.3,0,0,,,,,,,,,,,,,,,,,,,,,,,,4,175093
16,0,16053,＜その他＞　（炭酸飲料類）　コーラ,Cola,88.5,0.1,Tr,-,Tr,46,40.25,2,11,2,Tr,1,Tr,Tr,Tr,0,-,,-,-,-,0.1,(0),(0),-,0,0,0,-,-,-,-,-,-,0.3,0,0,,,,,,,,,,,,,,,,,,,,,,,,1,174851
16,0,16054,＜その他＞　（炭酸飲料類）　サイダー,Cider (Japanese-style soda),89.8,Tr,Tr,-,0,41,35.7,1,0,4,Tr,Tr,Tr,0.1,0.02,0,-,,-,-,-,0,(0),(0),-,0,0,0,-,-,-,-,-,-,1.7,1.1,2.3,,,,,,,,,,,,,,,,,,,,,,,,5,174146
16,0,16058,＜その他＞　（炭酸飲料類）　ビール風味炭酸飲料,"Non-alcoholic beer, carbonated drink",98.6,0.1,Tr,-,Tr,5,4.9,2,8,3,9,1,0,0,Tr,0,-,,-,-,-,0,(0),(0),(0),0,0,0.1,Tr,0,1,0.02,(0),-,0,0,0,2.4,3.4,3.1,0.8,2.6,3.4,3.1,3.8,6.9,3.1,1.3,4.3,3.0,4.3,,,,,,,,,,4,169575
16,0,16061,＜その他＞　なぎなたこうじゅ　浸出液,"Naginata kouju, brewed",99.9,0,Tr,-,0,0,0.35,1,1,Tr,7,Tr,Tr,0,Tr,Tr,0,,0,0,0,0,-,-,-,0,0,Tr,0,-,1,0,-,Tr,0,0,0,,,,,,,,,,,,,,,,,,,,,,,,4,174120
16,0,16055,＜その他＞　麦茶　浸出液,"Barley tea, brewed",99.7,Tr,(0),-,Tr,1,1.05,2,1,1,6,Tr,Tr,0.1,Tr,Tr,0,,0,0,0,0,(0),(0),0,0,0,0,0,-,0,0,0,0.1,0.4,0,0,,,,,,,,,,,,,,,,,,,,,,,,7,173232
17,0,17001,＜調味料類＞　（ウスターソース類）　ウスターソース,Worcestershire sauce,61.3,1.0,0.1,0.5,9.0,117,102.7,59,11,3300,190,24,1.6,0.1,0.10,-,3,,1,9,4,0.5,(0),(0),0.2,0.01,0.02,0.3,0.03,Tr,1,0.15,1,6.5,2.7,1,13,19,25,29,2.5,4.2,6.8,22,7.7,30,21,0.3,27,12,29,0.01,Tr,0,Tr,2,Tr,0,0,0,3,171610
17,0,17002,＜調味料類＞　（ウスターソース類）　中濃ソース,Semi-thick sauce,60.9,0.8,0.1,1.0,6.3,129,111.8,61,16,2300,210,23,1.7,0.1,0.18,0.23,3,,1,7,3,0.8,(0),(0),0.5,0.02,0.04,0.4,0.04,Tr,1,0.18,2,5.8,11.5,2.2,6.8,17,24,23,3.5,5.7,9.2,20,10,30,20,1.6,24,13,23,0.02,0.01,Tr,0.01,5,1,0,0,0,3,171825
17,0,17003,＜調味料類＞　（ウスターソース類）　濃厚ソース,Thick sauce,60.7,0.9,0.1,1.0,6.2,130,112.85,61,17,2200,210,26,1.5,0.1,0.23,0.23,-,,-,-,-,0.8,(0),(0),0.5,0.03,0.04,0.6,0.06,Tr,1,0.21,2,-,11.5,2.2,6.8,,,,,,,,,,,,,,,,,,,,,,,,3,171825
17,0,17085,＜調味料類＞　（ウスターソース類）　お好み焼きソース,Okonomiyaki sauce,58.1,1.6,0.1,0.9,5.5,144,124.75,31,28,1900,240,20,0.9,0.2,0.10,0.13,2,,2,5,6,0.8,-,0,0.8,0.03,0.03,0.8,0.06,0.1,6,0.19,1,4.5,11.5,2.2,6.8,35,46,54,6.8,6.9,14,41,14,55,41,1.8,49,25,48,0.03,0.01,Tr,0.01,6,1,Tr,1,Tr,5,171825
17,0,17004,＜調味料類＞　（辛味調味料類）　トウバンジャン,Doubanjiang (chili bean paste),69.7,2.0,2.3,4.3,18.1,49,39.15,32,49,7000,200,42,2.3,0.3,0.13,0.28,-,,-,-,-,0.4,(0),(0),3.0,0.04,0.17,1.0,0.20,0,8,0.24,12,-,,10.9,26.9,,,,,,,,,,,,,,,1.75,1.12,0.10,1.02,1000,100,0,0,0,3,171186
17,0,17005,＜調味料類＞　（辛味調味料類）　チリペッパーソース,Chili pepper sauce,84.1,0.7,0.5,-,1.9,58,51.5,15,24,630,130,13,1.5,0.1,0.08,0.10,-,,-,-,-,0.5,(0),(0),-,0.03,0.08,0.3,-,-,-,-,-,-,0,0.2,4.5,(23),(37),(32),(8.2),(14),(22),(22),(15),(37),(26),(9.6),(30),(14),(34),(0.37),(0.26),(Tr),(0.26),(260),(2),(0),(0),(0),3,174528
17,0,17006,＜調味料類＞　（辛味調味料類）　ラー油,Chili oil,0.1,0.1,99.8,-,Tr,887,848.65,Tr,Tr,Tr,Tr,Tr,0.1,Tr,0.01,-,-,,-,-,-,0,(0),(0),3.7,0,0,0.1,-,-,-,-,5,-,0.2,9.3,0,,,,,,,,,,,,,,,(93.24),(43.15),(0.40),(42.75),(43000),(400),(0),(0),(0),3,167702
17,0,17007,＜調味料類＞　（しょうゆ類）　こいくちしょうゆ,"Soy sauce, dark",67.1,7.7,0,(Tr),15.1,76,62.3,29,160,5700,390,65,1.7,0.9,0.01,1.00,1,,11,3,48,0.5,0,(0),0,0.05,0.17,1.3,0.17,0.1,33,0.48,0,12.0,30.8,0,0,380,560,420,71,86,160,340,89,430,320,18,410,170,240,,,,,,,,,,6,172473
17,0,17086,＜調味料類＞　（しょうゆ類）　こいくちしょうゆ　減塩,"Soy sauce, dark, reduced sodium",74.4,8.1,Tr,(0),8.5,68,59.85,31,170,3300,260,74,2.1,0.9,Tr,1.17,1,,10,3,84,0.5,0,(0),-,0.07,0.17,1.5,0.17,0,57,0.46,(0),11.0,30.8,0,0,(400),(590),(450),(74),(90),(160),(360),(94),(450),(340),(19),(430),(180),(250),,,,,,,,,,3,172473
17,0,17008,＜調味料類＞　（しょうゆ類）　うすくちしょうゆ,"Soy sauce, light",69.7,5.7,0,(Tr),16.8,60,47.25,24,130,6300,320,50,1.1,0.6,0.01,0.66,1,,6,2,40,0.5,0,(0),0,0.05,0.11,1.0,0.13,0.1,31,0.37,0,8.4,30.8,0,0,300,430,320,85,64,150,260,60,330,250,13,320,140,260,,,,,,,,,,5,172473
17,0,17139,＜調味料類＞　（しょうゆ類）　うすくちしょうゆ　低塩,"Soy sauce, light, reduced sodium",70.9,6.4,Tr,Tr,12.1,77,59.5,19,130,5000,330,54,1.0,0.5,0,0.70,Tr,,4,4,26,0.5,(0),-,0,0.25,0.08,0.8,0.11,Tr,36,0.34,0,6.0,30.8,0,0,290,420,380,78,63,140,240,51,290,280,16,350,140,300,,,,,,,,,,7,172473
17,0,17009,＜調味料類＞　（しょうゆ類）　たまりしょうゆ,Tamari soy sauce,57.3,11.8,0,(0),15.0,111,96.95,40,260,5100,810,100,2.7,1.0,0.02,-,-,,-,-,-,0.8,0,(0),-,0.07,0.17,1.6,0.22,0.1,37,0.59,0,-,38.4,0,0,460,600,660,83,120,210,440,110,540,490,23,570,250,410,,,,,,,,,,5,174278
17,0,17010,＜調味料類＞　（しょうゆ類）　さいしこみしょうゆ,Saishikomi soy sauce,60.7,9.6,0,(0),13.8,101,89.25,23,220,4900,530,89,2.1,1.1,0.01,-,-,,-,-,-,0.5,0,(0),-,0.17,0.15,1.3,0.18,0.2,29,0.57,0,-,30.8,0,0,(470),(690),(530),(88),(110),(200),(420),(110),(540),(400),(22),(510),(210),(300),,,,,,,,,,5,172473
17,0,17011,＜調味料類＞　（しょうゆ類）　しろしょうゆ,White soy sauce,63.0,2.5,0,(0),15.3,86,75.95,13,76,5600,95,34,0.7,0.3,0.01,-,-,,-,-,-,0.8,0,(0),-,0.14,0.06,0.9,0.08,0.2,14,0.28,0,-,27.5,0,0,(120),(180),(140),(23),(28),(51),(110),(29),(140),(100),(5.7),(130),(54),(77),,,,,,,,,,6,174279
17,0,17087,＜調味料類＞　（しょうゆ類）　だししょうゆ,Dashi soy sauce,(83.2),(4.0),0,(Tr),(7.7),39,350,(16),(89),(2800),(230),(35),(0.9),(0.4),(Tr),(0.50),(750),,(8),(1),(24),0.8,0,0,0,(0.03),(0.09),(1.1),(0.09),(0.2),(17),(0.26),0,(6.2),38.4,0,0,(190),(280),(220),(36),(44),(80),(170),(46),(220),(160),(9.1),(210),(110),(120),,,,,,,,,,3,174278
17,0,17088,＜調味料類＞　（しょうゆ類）　照りしょうゆ,Teriyaki soy sauce,(55.0),(2.4),0,(Tr),(4.2),172,350,(10),(51),(1600),(110),(20),(0.5),(0.2),(0.04),(0.31),(Tr),,(3),(1),(13),1.1,0,0,0,(0.01),(0.05),(0.4),(0.06),(Tr),(9),(0.13),0,(3.4),19.5,0,0,(110),(170),(120),(22),(24),(45),(100),(33),(140),(97),(5.9),(130),(51),(79),,,,,,,,,,2,171167
17,0,17012,＜調味料類＞　（食塩類）　食塩,Salt,0.1,0,0,(0),99.9,0,0,22,(0),39000,100,18,Tr,Tr,0.01,Tr,1,,1,0,0,0.1,(0),(0),-,(0),(0),(0),(0),(0),(0),(0),(0),0,0,0,0,,,,,,,,,,,,,,,,,,,,,,,,3,173468
17,0,17013,＜調味料類＞　（食塩類）　並塩,Table salt,1.8,0,0,(0),98.2,0,0,55,(0),38000,160,73,Tr,Tr,0.02,Tr,-,,-,-,-,0.1,(0),(0),-,(0),(0),(0),(0),(0),(0),(0),(0),-,0,0,0,,,,,,,,,,,,,,,,,,,,,,,,5,173468
17,0,17146,＜調味料類＞　（食塩類）　減塩タイプ食塩　調味料含む,"Reduced sodium salt, with seasoning",Tr,(0),(0),0,(83.2),50,350,2,(0),19000,19000,240,0.1,Tr,0,0.02,-,,-,0,-,0.9,(0),(0),-,(0),(0),(0),(0),(0),(0),(0),(0),-,31.6,0,0,,,,,,,,,,,,,,,,,,,,,,,,5,172474
17,0,17147,＜調味料類＞　（食塩類）　減塩タイプ食塩　調味料不使用,"Reduced sodium salt, without seasoning",2.0,(0),(0),0,(98.0),0,343,390,(0),18000,25000,530,0.1,Tr,0,0.02,-,,-,0,-,27.6,(0),(0),-,(0),(0),(0),(0),(0),(0),(0),(0),-,114.5,66.9,1.1,,,,,,,,,,,,,,,,,,,,,,,,5,171613
17,0,17014,＜調味料類＞　（食塩類）　精製塩　家庭用,"Refined salt, household",Tr,0,0,(0),100,0,0,0,(0),39000,2,87,0,0,Tr,0,-,,-,-,-,0.1,(0),(0),-,(0),(0),(0),(0),(0),(0),(0),(0),-,0,0,0,,,,,,,,,,,,,,,,,,,,,,,,6,173468
17,0,17089,＜調味料類＞　（食塩類）　精製塩　業務用,"Refined salt, commercial",Tr,0,0,(0),100,0,0,0,(0),39000,2,0,0,0,Tr,0,-,,-,-,-,0.1,(0),(0),-,(0),(0),(0),(0),(0),(0),(0),(0),-,0,0,0,,,,,,,,,,,,,,,,,,,,,,,,5,173468
17,0,17090,＜調味料類＞　（食酢類）　黒酢,Black vinegar,85.7,1.0,0,(0),0.2,54,49.35,5,52,10,47,21,0.2,0.3,0.01,0.55,0,,0,2,9,,(0),(0),(0),0.02,0.01,0.6,0.06,0.1,1,0.07,(0),1.0,,,0,,,,,,,,,,,,,,,,,,,,,,,,6,172241
17,0,17015,＜調味料類＞　（食酢類）　穀物酢,Grain vinegar,93.3,0.1,0,(0),Tr,25,23.45,2,2,6,4,1,Tr,0.1,Tr,-,0,,0,1,1,0.5,0,(0),-,0.01,0.01,0.1,0.01,0.1,0,0,(0),0.1,0,0,0,,,,,,,,,,,,,,,,,,,,,,,,6,172237
17,0,17016,＜調味料類＞　（食酢類）　米酢,Rice vinegar,87.9,0.2,0,(0),0.1,46,42,2,15,12,16,6,0.1,0.2,Tr,-,0,,Tr,1,4,,0,(0),-,0.01,0.01,0.3,0.02,0.1,0,0.08,(0),0.4,,,0,,,,,,,,,,,,,,,,,,,,,,,,8,172241
17,0,17091,＜調味料類＞　（食酢類）　果実酢　バルサミコ酢,"Fruit vinegar, balsamic vinegar",74.2,0.5,0,(0),0.4,99,88.9,17,22,29,140,11,0.7,0.1,0.01,0.13,2,,0,5,2,,(0),(0),(0),0.01,0.01,0.2,0.05,Tr,Tr,0.03,(0),1.4,,,0,,,,,,,,,,,,,,,,,,,,,,,,6,172241
17,0,17017,＜調味料類＞　（食酢類）　果実酢　ぶどう酢,"Fruit vinegar, grape vinegar",93.7,0.1,Tr,0,0.2,22,21.35,3,8,4,22,2,0.2,Tr,0.01,0.03,Tr,,0,1,1,,(0),Tr,Tr,Tr,Tr,Tr,Tr,0.1,Tr,0.08,(Tr),0.1,,,0.5,,,,,,,,,,,,,,,,,,,,,,,,2,172240
17,0,17018,＜調味料類＞　（食酢類）　果実酢　りんご酢,"Fruit vinegar, apple cider vinegar",92.6,0.1,0,(0),0.2,26,25.2,4,6,18,59,4,0.2,0.1,Tr,-,-,,-,-,-,0.1,0,(Tr),-,0,0.01,0.1,0.01,0.3,0,0.06,Tr,-,0,0,0,,,,,,,,,,,,,,,,,,,,,,,,6,173469
17,0,17130,＜調味料類＞　（だし類）　あごだし,Flying fish broth,99.8,0.1,0,Tr,0.1,0,0.35,Tr,8,10,19,1,Tr,0,0,0,1,,Tr,0,0,0.7,0,0,0,0,0,0.2,Tr,0.1,Tr,0,0,0,9.2,0.2,0,0.8,1.6,2.7,0.3,0.2,0.5,1.2,0.5,1.8,1.2,0,1.1,10,1.6,,,,,,,,,,4,171606
17,0,17019,＜調味料類＞　（だし類）　かつおだし　荒節,"Bonito broth, arabushi",99.4,0.4,Tr,0,0.1,2,1.75,2,18,21,29,3,Tr,Tr,Tr,0,1,,4,0,0,0.7,0,0,0,Tr,0.01,1.4,0.02,0.4,0,0.04,0,0.1,9.2,0.2,0,4.4,9.0,15,2.9,1.0,4.0,4.2,3.4,7.7,5.6,0.8,6.3,95,9.0,,,,,,,,,,7,171606
17,0,17131,＜調味料類＞　（だし類）　かつおだし　本枯れ節,"Bonito broth, honkarebushi",99.4,0.5,0,0,0.1,2,1.75,Tr,18,21,32,3,Tr,Tr,0.01,0,1,,3,0,0,0.7,0,0,0,0,0.01,1.4,0.01,0.2,0,Tr,0,0,9.2,0.2,0,4.1,8.8,14,2.5,0.8,3.3,3.9,3.2,7.1,5.3,0.8,6.0,93,8.6,,,,,,,,,,7,171606
17,0,17020,＜調味料類＞　（だし類）　昆布だし　水出し,"Kombu broth, cold brewed",98.5,0.1,Tr,-,0.5,4,3.5,3,6,61,140,4,Tr,Tr,Tr,0.01,5300,,0,0,0,,(0),-,0,Tr,Tr,Tr,0,0,2,0,0,0.1,,,,(0.4),(0.6),(0.5),(0.2),(1.4),(1.6),(0.5),(0.5),(1.0),(1.3),(0),(0.8),(0.2),(0.4),,,,,,,,,,8,169828
17,0,17132,＜調味料類＞　（だし類）　昆布だし　煮出し,"Kombu broth, simmered",98.1,0.1,0,0.1,0.5,5,4.55,5,4,73,160,8,Tr,0,0.01,0,11000,,0,0,0,0,0,0,0,Tr,0.01,Tr,Tr,0,1,0.01,0,0.1,0.3,0.7,0.4,0.5,0.8,0.6,0.3,1.7,1.9,0.6,0.6,1.2,1.5,0,1.0,0.3,0.5,,,,,,,,,,8,171583
17,0,17021,＜調味料類＞　（だし類）　かつお・昆布だし　荒節・昆布だし,"Bonito and kombu broth, arabushi and kombu",99.2,0.3,Tr,-,0.2,2,2.1,3,13,34,63,4,Tr,Tr,Tr,Tr,1500,,4,0,0,0.7,(Tr),-,0,0.01,0.01,0.9,0.01,0.3,1,0.04,0,0.1,9.2,0.2,0,(2.8),(5.6),(9.0),(1.8),(1.1),(2.9),(2.7),(2.2),(4.9),(3.8),(0.5),(4.0),(57),(5.5),,,,,,,,,,7,171606
17,0,17148,＜調味料類＞　（だし類）　かつお・昆布だし　本枯れ節・昆布だし,"Bonito and kombu broth, honkarebushi and kombu",99.2,0.3,0,Tr,0.2,2,2.1,1,11,30,58,3,Tr,Tr,Tr,0,2900,,2,0,0,0.7,0,0,0,0,Tr,0.7,0.01,0.1,Tr,Tr,0,0,9.2,0.2,0,,,,,,,,,,,,,,,,,,,,,,,,7,171606
17,0,17022,＜調味料類＞　（だし類）　しいたけだし,Shiitake mushroom broth,98.8,0.1,0,-,0.2,4,3.5,1,8,3,29,3,0.1,Tr,0.01,-,-,,-,-,-,24.8,0,0,0,Tr,0.02,0.6,0.02,0,2,0.57,0,-,80,0,0.3,,,,,,,,,,,,,,,,,,,,,,,,8,170097
17,0,17023,＜調味料類＞　（だし類）　煮干しだし,Niboshi (dried sardine) broth,99.7,0.1,0.1,(0),0.1,1,1.2,3,7,38,25,2,Tr,Tr,Tr,Tr,-,,-,-,-,0.7,-,-,0,0.01,Tr,0.3,Tr,0.2,1,0,0,-,9.2,0.2,0,,,,,,,,,,,,,,,,,,,,,,,,9,171606
17,0,17024,＜調味料類＞　（だし類）　鶏がらだし,Chicken bone broth,98.6,0.9,0.4,(0),0.2,7,6.55,1,15,40,60,1,0.1,Tr,0.01,0,Tr,,1,0,1,0.7,1,0,Tr,0.01,0.04,1.1,0.02,0.1,2,0.31,2,0.5,9.2,0.2,0,15,32,41,10,5.5,16,15,11,26,20,2.0,20,14,40,0.36,0.07,0.01,0.06,58,5,Tr,Tr,1,8,171606
17,0,17025,＜調味料類＞　（だし類）　中華だし,Chinese soup stock,99.0,0.8,0,-,0.2,3,2.8,3,40,20,90,5,Tr,Tr,Tr,0.01,-,,-,-,-,1,-,-,0,0.15,0.03,1.3,0.05,0,1,0.26,0,-,7,0,0.1,(7.4),(18),(17),(4.6),(1.1),(5.7),(11),(4.6),(16),(9.8),(0.7),(13),(6.0),(33),,,,,,,,,,1,172885
17,0,17026,＜調味料類＞　（だし類）　洋風だし,Western soup stock,97.8,1.3,0,-,0.6,6,5.6,5,37,180,110,6,0.1,0.1,0.01,0.01,-,,-,-,-,2.2,-,-,0,0.02,0.05,1.1,0.06,0.2,3,0.25,0,-,9.2,0.2,0.2,(16),(31),(35),(7.8),(5.0),(13),(16),(7.8),(24),(18),(2.1),(2.1),(67),(39),,,,,,,,,,1,172884
17,0,17027,＜調味料類＞　（だし類）　固形ブイヨン,Bouillon cube,0.8,7.0,4.3,0.3,45.8,233,207.35,26,76,17000,200,19,0.4,0.1,0.10,0.10,1,,2,2,2,27.9,0,Tr,0.7,0.03,0.08,1.1,0.40,0.1,16,0.28,2,0.5,,0,1,(19),(28),(19),(0),(0),(0),(19),(9.5),(29),(19),(0),(19),(19),(19),3.89,0.03,Tr,0.03,27,3,0,0,0,3,171563
17,0,17092,＜調味料類＞　（だし類）　顆粒おでん用,"Oden soup stock, granulated",(0.9),(9.6),(0.1),(Tr),(57.6),166,350,(30),(130),(22000),(210),(33),(0.8),(0.4),(0.05),(0.33),(2),,(26),(3),(15),27.6,0,(0.2),(Tr),(0.02),(0.11),(2.0),(0.07),(0.4),(14),(0.20),0,(4.9),113.4,3.2,0,(200),(320),(290),(73),(53),(130),(180),(87),(270),(190),(30),(240),(190),(83),(0.06),(0.03),(0.02),(Tr),(1),(Tr),(3),(17),(1),3,171560
17,0,17093,＜調味料類＞　（だし類）　顆粒中華だし,"Chinese soup stock, granulated",1.2,12.6,1.6,(0),48.1,210,185.45,84,240,19000,910,33,0.6,0.5,0.05,0.16,31,,8,8,6,27.6,2,0,0.9,0.06,0.56,8.0,0.29,0.3,170,1.48,-,5.1,113.4,3.2,0,170,320,350,79,60,140,190,100,300,220,26,260,230,440,1.39,0.17,0.01,0.15,140,10,Tr,1,3,3,171560
17,0,17028,＜調味料類＞　（だし類）　顆粒和風だし,"Japanese soup stock, granulated",1.6,24.2,0.3,0,42.8,223,196.1,42,260,16000,180,20,1.0,0.5,0.12,0.09,5,,74,8,1,27.6,0,0.8,0.1,0.03,0.20,5.5,0.06,1.4,14,0.18,0,3.8,113.4,3.2,0,(300),(510),(550),(170),(90),(260),(260),(200),(460),(300),(81),(380),(470),(36),0.20,0.08,0.07,0.01,2,1,9,56,4,5,171560
17,0,17140,＜調味料類＞　（だし類）　なべつゆ　ストレート　しょうゆ味,"Hot pot soup base, soy sauce flavor, straight",(93.0),(1.0),0,0,(1.9),20,350,(4),(23),(700),(53),(8),(0.2),(0.1),(Tr),(0.12),0,,(2),(Tr),(6),,0,0,0,(0.01),(0.02),(0.3),(0.02),(Tr),(4),(0.06),0,(1.5),,,0.4,,,,,,,,,,,,,,,,,,,,,,,,3,174557
17,0,17029,＜調味料類＞　（だし類）　めんつゆ　ストレート,"Mentsuyu, straight",85.4,2.2,0,-,3.7,44,38.15,8,48,1300,100,15,0.4,0.2,0.01,-,-,,-,-,-,,0,(0),-,0.01,0.04,1.2,0.04,0.3,17,0.18,0,-,,,0,(64),(93),(73),(15),(21),(36),(59),(0),(59),(59),(0),(73),(35),(59),,,,,,,,,,5,168907
17,0,17141,＜調味料類＞　（だし類）　めんつゆ　二倍濃縮,"Mentsuyu, double strength",75.2,3.4,0,-,7.2,71,61.6,12,67,2600,160,25,0.6,0.3,0.01,-,-,,-,-,-,1.1,0,(0),-,0.03,0.06,1.3,0.06,0.3,13,0.19,0,-,19.5,0,0,,,,,,,,,,,,,,,,,,,,,,,,4,171167
17,0,17030,＜調味料類＞　（だし類）　めんつゆ　三倍濃縮,"Mentsuyu, triple strength",64.9,4.5,0,-,10.6,98,85.75,16,85,3900,220,35,0.8,0.4,0.01,-,-,,-,-,-,1.1,0,(0),-,0.04,0.07,1.4,0.07,0.2,9,0.19,0,-,19.5,0,0,(130),(190),(150),(30),(42),(72),(120),(0),(120),(120),(0),(150),(71),(120),,,,,,,,,,4,171167
17,0,17142,＜調味料類＞　（だし類）　ラーメンスープ　濃縮　しょうゆ味　ストレートしょうゆ味,"Ramen soup, concentrated, soy sauce flavor; ramen soup, straight, soy sauce flavor",(57.5),(3.3),(11.7),(Tr),(17.5),157,350,(22),(69),(6700),(200),(31),(0.6),(0.3),(0.03),(0.33),(2),,(4),(1),(14),24.7,0,(Tr),(0.1),(0.03),(0.08),(0.9),(0.10),(Tr),(20),(0.24),(1),(3.7),5.6,,0,,,,,,,,,,,,,,,,,,,,,,,,3,171615
17,0,17143,＜調味料類＞　（だし類）　ラーメンスープ　濃縮　みそ味　ストレートみそ味,"Ramen soup, concentrated, miso flavor; ramen soup, straight, miso flavor",(48.4),(6.4),(11.0),(1.6),(17.4),187,350,(61),(100),(6500),(270),(43),(1.8),(0.6),(0.14),(0.09),(2),,(4),(1),(31),23.1,0,(Tr),(0.3),(0.02),(0.08),(1.1),(0.08),(Tr),(27),(0.20),(5),(6.5),5.5,8.9,0.3,,,,,,,,,,,,,,,,,,,,,,,,3,171177
17,0,17094,＜調味料類＞　（調味ソース類）　甘酢,Sweet vinegar,(67.2),(0.1),0,0,(1.2),116,350,(2),(1),(470),(5),(1),0,(0.1),(Tr),0,0,,0,(1),(1),,0,0,0,(0.01),(0.01),(0.1),(0.01),(0.1),0,0,0,(0.1),,,0.5,,,,,,,,,,,,,,,,,,,,,,,,5,172240
17,0,17095,＜調味料類＞　（調味ソース類）　エビチリの素,Chili shrimp sauce mix,(85.8),(1.2),(1.4),(0.6),(2.0),54,350,(8),(45),(680),(150),(10),(0.3),(0.1),(0.03),(0.22),0,,(1),(1),(2),0.8,-,0,(0.6),(0.14),(0.04),(1.3),(0.10),0,(5),(0.28),(3),(0.7),7.9,13.6,12.3,,,,,,,,,,,,,,,(1.28),(0.59),(0.09),(0.49),(490),(93),(0),(0),(0),3,171824
17,0,17031,＜調味料類＞　（調味ソース類）　オイスターソース,Oyster sauce,61.6,7.7,0.3,0.2,12.1,105,92.85,25,120,4500,260,63,1.2,1.6,0.17,0.40,-,,-,-,-,1.8,-,-,0.1,0.01,0.07,0.8,0.04,2.0,9,0.14,1,-,8,0.5,0.4,(95),(150),(160),(35),(60),(95),(87),(0),(87),(110),(0),(130),(87),(100),0.11,0.06,0.03,0.03,14,3,21,0,2,3,172886
17,0,17096,＜調味料類＞　（調味ソース類）　黄身酢,Egg yolk vinegar sauce,(52.6),(6.3),(13.1),0,(6.4),219,350,(57),(210),(2300),(47),(6),(1.8),(1.4),(0.05),(0.03),(41),,(18),(Tr),(5),56.9,(260),(4.6),(1.7),(0.08),(0.18),(Tr),(0.12),(1.4),(59),(1.38),(15),(25.0),705,0.7,0,-,(320),(530),(470),(150),(620),(260),(260),(520),(550),(320),(88),(360),(160),(10.71),(2.69),(0.32),(2.37),(2100),(250),(1),(64),(150),5,173436
17,0,17133,＜調味料類＞　（調味ソース類）　魚醤油　いかなごしょうゆ,"Fish sauce, sand lance",63.0,13.9,0,Tr,20.8,64,56.7,3,180,8300,480,14,0.4,1.0,0.01,0,150,,43,1,Tr,73.4,0,0,0,0,0.31,4.6,0.09,1.0,51,0.65,0,17.0,101.6,7.8,0,450,570,1100,310,100,410,360,160,520,620,86,730,300,500,0,0,0,0,0,0,0,0,0,3,168149
17,0,17134,＜調味料類＞　（調味ソース類）　魚醤油　いしる　（いしり）,"Fish sauce, ishiru (ishiri)",61.2,12.8,0,0.3,21.8,67,58.45,25,180,8600,260,53,1.5,4.5,1.45,0.05,61,,140,19,3,17.3,0,0,0,0,0.25,2.4,0.16,3.9,66,0.98,0,32.0,,,0.2,390,450,970,220,100,320,420,74,490,650,39,620,260,320,0,0,0,0,0,0,0,0,0,4,174280
17,0,17135,＜調味料類＞　（調味ソース類）　魚醤油　しょっつる,"Fish sauce, shottsuru",69.4,6.1,0,0.1,23.3,29,25.2,6,70,9600,190,14,0.2,0.2,0.01,0,29,,11,11,1,0.8,0,0,0,0.03,0.06,1.0,0.03,1.9,5,0.31,0,3.0,27.5,0,0,200,300,480,140,35,180,180,46,220,260,12,290,96,270,0,0,0,0,0,0,0,0,0,4,174279
17,0,17107,＜調味料類＞　（調味ソース類）　魚醤油　ナンプラー,"Fish sauce, nam pla",65.5,9.1,0.1,(0),22.7,47,41.8,20,57,9000,230,90,1.2,0.7,0.03,0.03,27,,46,5,1,9.1,0,0,0,0.01,0.10,3.3,0.10,1.6,26,0.56,-,7.9,13.2,0,0.5,280,370,780,190,54,240,270,63,330,440,58,470,280,170,0.01,0,0,0,Tr,0,0,0,0,5,174531
17,0,17097,＜調味料類＞　（調味ソース類）　ごま酢,Sesame vinegar,(53.2),(4.0),(8.0),(1.9),(2.6),212,350,(180),(100),(670),(110),(61),(1.7),(1.0),(0.26),(0.49),0,,(5),(1),(23),1.6,0,0,(Tr),(0.08),(0.06),(1.0),(0.12),(0.1),(26),(0.13),(2),(3.7),4,56,0,(170),(300),(130),(110),(76),(190),(200),(120),(320),(170),(53),(220),(110),(460),(7.29),(3.34),(0.03),(3.32),(3300),(24),(0),(0),(0),6,171006
17,0,17098,＜調味料類＞　（調味ソース類）　ごまだれ,Sesame sauce,(40.7),(7.2),(15.1),(3.0),(5.7),282,350,(220),(200),(1700),(210),(100),(2.3),(1.6),(0.42),(0.75),(Tr),,(10),(2),(46),3.4,0,(Tr),(Tr),(0.11),(0.09),(2.0),(0.19),(0.1),(38),(0.20),(1),(6.1),28.9,1,0,(300),(520),(240),(190),(130),(320),(340),(210),(550),(300),(91),(370),(200),(780),(13.57),(6.18),(0.05),(6.13),(6100),(44),(Tr),(1),(0),5,174070
17,0,17099,＜調味料類＞　（調味ソース類）　三杯酢,Sanbaizu (three-ingredient vinegar),(76.2),(0.9),0,0,(2.1),85,350,(5),(27),(780),(56),(11),(0.2),(0.2),(Tr),(0.08),(150),,(1),(1),(8),1.6,0,0,0,(0.01),(0.02),(0.4),(0.03),(0.1),(4),(0.10),0,(1.3),16.4,69.1,8.8,,,,,,,,,,,,,,,,,,,,,,,,6,167704
17,0,17100,＜調味料類＞　（調味ソース類）　二杯酢,Nibaizu (two-ingredient vinegar),(78.7),(3.5),0,(Tr),(6.8),59,350,(14),(81),(2500),(180),(32),(0.8),(0.5),(Tr),(0.44),(1),,(5),(2),(24),0.5,0,0,0,(0.03),(0.08),(0.7),(0.09),(0.1),(15),(0.26),0,(5.7),18.3,0,0,,,,,,,,,,,,,,,,,,,,,,,,6,174277
17,0,17101,＜調味料類＞　（調味ソース類）　すし酢　ちらし・稲荷用,"Sushi vinegar, for chirashi/inari",(55.5),(0.1),0,0,(6.6),150,350,(3),(10),(2500),(18),(5),(0.1),(0.1),(Tr),0,0,,0,(1),(3),1.6,0,0,0,(0.01),(0.01),(0.2),(0.01),(0.1),0,(0.05),0,(0.3),0.1,39.6,8.1,,,,,,,,,,,,,,,,,,,,,,,,5,169875
17,0,17102,＜調味料類＞　（調味ソース類）　すし酢　にぎり用,"Sushi vinegar, for nigiri",(72.0),(0.2),0,0,(10.0),70,350,(4),(12),(3900),(23),(7),(0.1),(0.2),(Tr),0,0,,0,(1),(3),,0,0,0,(0.01),(0.01),(0.2),(0.02),(0.1),0,(0.07),0,(0.3),,,0,,,,,,,,,,,,,,,,,,,,,,,,7,172241
17,0,17103,＜調味料類＞　（調味ソース類）　すし酢　巻き寿司・箱寿司用,"Sushi vinegar, for maki/box sushi",(64.1),(0.1),0,0,(8.7),107,350,(4),(11),(3400),(21),(6),(0.1),(0.1),(Tr),0,0,,0,(1),(3),0.4,0,0,0,(0.01),(0.01),(0.2),(0.01),(0.1),0,(0.06),0,(0.3),2.4,0.2,8.7,,,,,,,,,,,,,,,,,,,,,,,,6,174066
17,0,17104,＜調味料類＞　（調味ソース類）　中華風合わせ酢,Chinese-style vinegar sauce,(60.5),(3.0),(3.4),(Tr),(5.8),153,350,(12),(69),(2200),(160),(28),(0.7),(0.4),(0.01),(0.47),(Tr),,(4),(1),(20),1.8,0,0,(Tr),(0.02),(0.07),(0.6),(0.08),(0.1),(13),(0.22),0,(4.9),8,0.5,0.4,,,,,,,,,,,,,,,(3.18),(1.39),(0.01),(1.38),(1400),(11),(0),(0),(0),6,172886
17,0,17105,＜調味料類＞　（調味ソース類）　デミグラスソース,Demi-glace sauce,81.5,2.9,3.0,-,1.6,82,74.15,11,53,520,180,11,0.3,0.3,0.03,0.09,2,,1,7,3,4.7,-,-,-,0.04,0.07,1.7,0.05,0.2,25,0.18,-,1.8,,0.2,0,,,,,,,,,,,,,,,,,,,,,,,,3,174542
17,0,17106,＜調味料類＞　（調味ソース類）　テンメンジャン,Tianmian sauce,37.5,8.5,7.7,3.1,8.2,249,217.7,45,140,2900,350,61,1.6,1.0,0.27,0.54,1,,5,7,58,3.4,(0),(0),0.8,0.04,0.11,1.0,0.11,0,20,0.07,14,7.7,28.9,1,0,,,,,,,,,,,,,,,,,,,,,,,,4,174070
17,0,17108,＜調味料類＞　（調味ソース類）　冷やし中華のたれ,Chilled Chinese noodle sauce,67.1,2.1,1.2,0,5.6,114,101.55,7,29,2300,89,13,0.3,0.2,Tr,0.18,1,,3,1,11,1.6,0,0,Tr,0.22,0.03,0.3,0.03,Tr,6,0.07,0,1.7,,1,5,74,110,80,18,16,34,68,16,85,63,0.7,83,39,67,1.08,0.47,Tr,0.46,460,3,0,0,0,3,174543
17,0,17109,＜調味料類＞　（調味ソース類）　ホワイトソース,White sauce,81.7,1.8,6.2,0.4,1.1,99,89.8,34,42,380,62,5,0.1,0.2,0.01,0.03,5,,1,1,2,4.7,-,-,0.6,0.01,0.05,0.2,0.02,0,3,0.17,2,0.9,,0.2,0,(78),(130),(100),(32),(12),(44),(63),(63),(130),(59),(18),(87),(35),(47),(5.87),(1.46),(0.09),(1.37),(1400),(87),(0),(0),(0),5,174542
17,0,17110,＜調味料類＞　（調味ソース類）　ぽん酢しょうゆ,Ponzu soy sauce,(82.1),(3.4),(0.1),(0.2),(6.3),49,350,(24),(72),(2300),(280),(33),(0.7),(0.4),(0.02),(0.46),(1),,(4),(1),(19),0.8,0,0,(0.1),(0.05),(0.08),(0.6),(0.08),(Tr),(20),(0.37),0,(4.9),38.4,0,0,,,,,,,,,,,,,,,,,,,,,,,,3,174278
17,0,17137,＜調味料類＞　（調味ソース類）　ぽん酢しょうゆ　市販品,"Ponzu soy sauce, commercial",77.0,3.7,0,(0.3),7.6,59,53.9,16,60,3100,180,25,0.7,0.3,0.01,0.36,*,,3,2,18,1.1,0,0,Tr,0.02,0.05,0.7,0.06,Tr,17,0.17,0,3.1,19.5,0,0,140,200,150,34,27,61,120,31,150,120,3.2,150,73,140,,,,,,,,,,3,171167
17,0,17032,＜調味料類＞　（調味ソース類）　マーボー豆腐の素,Mapo tofu sauce,75.0,4.2,6.3,-,4.1,115,104.65,12,35,1400,55,-,0.8,-,-,-,-,,-,-,-,17.3,4,-,-,0.05,0.03,1.0,-,-,-,-,-,-,,,0.2,,,,,,,,,,,,,,,,,,,,,,,,3,174280
17,0,17111,＜調味料類＞　（調味ソース類）　マリネ液,Marinade,(83.9),(0.1),0,0,(1.1),66,350,(4),(6),(370),(26),(3),(0.2),0,(0.01),(0.04),0,,0,0,(Tr),1.6,0,0,0,0,0,(Tr),(0.01),(Tr),0,(0.04),0,(Tr),0.1,39.6,8.1,,,,,,,,,,,,,,,,,,,,,,,,5,169875
17,0,17033,＜調味料類＞　（調味ソース類）　ミートソース,Meat sauce,78.8,3.8,5.0,-,2.3,96,91.15,17,47,610,250,-,0.8,-,-,-,-,,-,-,-,13.1,5,-,-,0.14,0.05,1.4,-,-,-,-,-,-,15.6,4.2,0.7,,,,,,,,,,,,,,,,,,,,,,,,3,167680
17,0,17144,＜調味料類＞　（調味ソース類）　焼きそば粉末ソース,Yakisoba seasoning powder,0.1,5.6,0.7,3.3,30.1,248,236.25,110,18,12000,82,10,0.6,0.1,0.02,0.47,4,,2,7,3,,0,0,0.4,0.01,0.01,0.3,0.03,0,4,0.08,7,0.8,,,0,33,59,49,13,15,28,39,19,59,40,4.8,53,22,64,0.54,0.16,0.03,0.13,130,30,0,0,Tr,3,172242
17,0,17112,＜調味料類＞　（調味ソース類）　焼き鳥のたれ,Yakitori sauce,(61.4),(3.3),0,(Tr),(6.1),131,350,(13),(71),(2300),(160),(27),(0.7),(0.4),(0.02),(0.46),(1),,(5),(1),(20),1.1,0,0,0,(0.02),(0.07),(0.5),(0.10),(Tr),(13),(0.20),0,(5.0),19.5,0,0,(160),(230),(180),(30),(36),(66),(140),(43),(190),(140),(7.8),(180),(72),(110),,,,,,,,,,3,171167
17,0,17113,＜調味料類＞　（調味ソース類）　焼き肉のたれ,Yakiniku sauce,(52.4),(4.3),(2.2),(0.4),(8.8),164,350,(23),(90),(3300),(230),(35),(0.9),(0.5),(0.03),(0.51),(1),,(7),(2),(24),1.8,0,(Tr),(Tr),(0.03),(0.09),(0.8),(0.10),(0.1),(18),(0.25),0,(6.2),8,0.5,0.4,(200),(290),(220),(42),(46),(88),(180),(52),(230),(170),(12),(210),(94),(130),(2.02),(0.89),(0.01),(0.89),(880),(7),(Tr),(1),(0),3,172886
17,0,17114,＜調味料類＞　（調味ソース類）　みたらしのたれ,Mitarashi sauce,(66.3),(0.9),0,0,(1.9),127,350,(6),(24),(650),(120),(10),(0.2),(0.1),(0.01),(0.13),(2700),,(1),(1),(5),0.9,0,0,0,(0.01),(0.02),(0.1),(0.03),0,(5),(0.05),0,(1.4),8,50.4,2.3,(43),(63),(48),(8.0),(11),(19),(39),(12),(50),(37),(2.0),(48),(19),(30),,,,,,,,,,4,171826
17,0,17115,＜調味料類＞　（調味ソース類）　ゆずこしょう,Yuzu pepper paste,64.5,1.3,0.8,6.2,24.1,37,22.2,61,24,9900,280,44,0.6,0.1,0.06,0.10,24,,2,5,4,2.2,(0),(0),2.0,0.04,0.05,0.9,0.17,-,13,0.22,(0),3.6,2.3,3.5,0,,,,,,,,,,,,,,,,,,,,,,,,3,171831
17,0,17034,＜調味料類＞　（トマト加工品類）　トマトピューレー,Tomato puree,86.9,1.9,0.1,1.8,1.2,44,35.85,19,37,19,490,27,0.8,0.3,0.19,0.19,0,,1,2,9,0.7,0,(0),2.7,0.09,0.07,1.5,0.20,-,29,0.47,10,8.9,17.6,3.4,10.6,(36),(53),(55),(10),(12),(22),(39),(24),(63),(43),(13),(38),(29),(37),(0.05),(0.03),(Tr),(0.02),(24),(3),-,(0),-,8,170460
17,0,17035,＜調味料類＞　（トマト加工品類）　トマトペースト,Tomato paste,71.3,3.8,0.1,4.7,2.8,94,74.7,46,93,55,1100,64,1.6,0.6,0.31,0.38,-,,-,-,-,5.3,0,(0),6.2,0.21,0.14,3.7,0.38,-,42,0.95,18,-,,48.8,116.7,(78),(110),(120),(24),(40),(64),(110),(58),(170),(120),(27),(77),(62),(90),(0.05),(0.03),(Tr),(0.02),(24),(3),-,(0),-,8,170461
17,0,17036,＜調味料類＞　（トマト加工品類）　トマトケチャップ,Tomato ketchup,66.0,1.6,0.2,1.7,3.9,104,100.4,16,35,1200,380,18,0.5,0.2,0.09,0.11,1,,4,4,9,1.1,0,0,2.0,0.06,0.04,1.5,0.11,Tr,13,0.30,0,5.2,13.7,5.2,16,26,40,38,6.9,13,20,40,22,62,38,7.3,29,23,31,0.09,0.05,0.01,0.04,40,13,-,0,-,5,171595
17,0,17037,＜調味料類＞　（トマト加工品類）　トマトソース,Tomato sauce,87.1,2.0,0.2,1.1,2.2,41,34.6,18,42,240,340,20,0.9,0.2,0.16,-,-,,-,-,-,0.6,(0),(0),2.1,0.09,0.08,1.3,0.12,Tr,3,0.24,8,-,9.9,2.8,7,(45),(63),(68),(13),(23),(37),(67),(33),(100),(68),(17),(45),(37),(52),(0.11),(0.06),(0.01),(0.05),(48),(7),-,(0),-,6,170054
17,0,17038,＜調味料類＞　（トマト加工品類）　チリソース,Chili sauce,67.3,1.8,0.1,1.9,3.9,112,94.65,27,32,1200,500,23,0.9,0.2,0.15,0.15,-,,-,-,-,1.1,(0),(0),2.1,0.07,0.07,1.5,0.15,0,5,0.32,5,-,13.7,5.2,16,(41),(57),(62),(12),(21),(33),(60),(30),(90),(62),(15),(41),(33),(47),(0.05),(0.03),(Tr),(0.02),(24),(3),-,(0),-,3,171595
17,0,17042,＜調味料類＞　（ドレッシング類）　半固形状ドレッシング　マヨネーズ　全卵型,"Mayonnaise, whole egg type",16.6,1.4,76.0,(0),1.9,668,665.25,8,29,730,13,2,0.3,0.2,0.01,0.01,3,,3,1,1,2.3,24,0.3,13.0,0.01,0.03,Tr,0.02,0.1,1,0.16,120,3.1,34.2,163,0,61,100,85,31,25,56,56,50,110,61,12,74,32,77,69.40,23.51,5.49,18.02,18000,5500,0,0,0,5,171009
17,0,17043,＜調味料類＞　（ドレッシング類）　半固形状ドレッシング　マヨネーズ　卵黄型,"Mayonnaise, egg yolk type",19.7,2.5,74.7,(0),2.0,668,647.55,20,72,770,21,3,0.6,0.5,0.02,0.02,9,,8,1,2,2.3,53,0.6,11.0,0.03,0.07,Tr,0.05,0.4,3,0.43,140,7.2,34.2,163,0,120,190,170,57,43,100,100,100,200,120,27,140,61,160,69.60,31.54,4.92,26.62,27000,4900,0,25,44,4,171009
17,0,17118,＜調味料類＞　（ドレッシング類）　半固形状ドレッシング　マヨネーズタイプ調味料　低カロリータイプ,"Mayonnaise-type dressing, low calorie",60.9,2.9,28.3,0.8,3.9,262,261.9,10,35,1500,36,3,0.3,0.2,0.01,0.01,4,,5,Tr,2,1.6,20,0.3,4.8,0.02,0.05,Tr,0.02,0.1,3,0.19,53,3.1,8.5,24.7,0,82,130,110,44,32,76,77,68,150,80,21,100,40,100,25.30,9.77,1.77,8.00,8000,1800,0,0,23,5,168112
17,0,17040,＜調味料類＞　（ドレッシング類）　分離液状ドレッシング　フレンチドレッシング　分離液状,"French dressing, separated",(47.8),(Tr),(31.5),0,(6.3),325,350,(1),(1),(2500),(2),(Tr),(Tr),(Tr),0,0,0,,0,(Tr),(Tr),1.6,0,0,(4.0),(Tr),(Tr),(Tr),(Tr),(Tr),0,0,(54),(Tr),4.6,4.8,0,,,,,,,,,,,,,,,(29.31),(12.90),(2.15),(10.75),(11000),(2100),(0),(0),(0),5,167693
17,0,17116,＜調味料類＞　（ドレッシング類）　分離液状ドレッシング　和風ドレッシング　分離液状,"Japanese-style dressing, separated",(69.4),(1.9),(14.5),(0.2),(3.6),179,350,(7),(43),(1400),(75),(16),(0.4),(0.2),(0.03),(0.19),0,,(3),(1),(10),1.6,0,-,(1.5),(0.03),(0.03),(0.4),(0.04),(Tr),(7),(0.09),-,(2.2),4,56,0,(79),(120),(86),(24),(22),(45),(74),(29),(100),(70),(9.0),(89),(43),(81),(13.37),(5.90),(0.80),(5.10),(5100),(800),(Tr),(1),(0),6,171006
17,0,17039,＜調味料類＞　（ドレッシング類）　分離液状ドレッシング　和風ドレッシングタイプ調味料　ノンオイルタイプ,"Japanese-style dressing, non-oil type",71.8,3.1,0.1,0.2,7.6,83,71.9,10,54,2900,130,34,0.3,0.2,0.01,-,-,,-,-,-,2,(0),(0),0,0.02,0.03,0.3,0.04,0,6,0.11,1,-,4,1.6,0.4,,,,,,,,,,,,,,,,,,,,,,,,6,173590
17,0,17117,＜調味料類＞　（ドレッシング類）　乳化液状ドレッシング　ごまドレッシング,"Sesame dressing, emulsified",(38.1),(2.7),(38.3),(0.8),(4.9),399,350,(86),(66),(1800),(91),(34),(1.0),(0.6),(0.12),(0.32),(1),,(4),(1),(15),1.6,(4),(0.1),(4.4),(0.04),(0.05),(0.6),(0.07),(Tr),(16),(0.14),(60),(3.3),4,56,0,(120),(200),(110),(59),(45),(100),(130),(68),(200),(110),(27),(140),(71),(240),(35.51),(15.65),(2.36),(13.29),(13000),(2400),(0),(1),(3),4,171006
17,0,17041,＜調味料類＞　（ドレッシング類）　乳化液状ドレッシング　サウザンアイランドドレッシング,"Thousand Island dressing, emulsified",(44.1),(0.3),(39.2),(0.4),(3.1),392,350,(7),(9),(1200),(32),(3),(0.1),(0.1),(0.02),(0.01),(1),,(1),(Tr),(1),1.5,(4),(0.1),(5.2),(Tr),(0.01),(0.1),(0.02),(Tr),(3),(0.05),(72),(0.8),4.6,69.1,0,(8.8),(14),(13),(3.7),(3.5),(7.2),(8.8),(7.8),(17),(9.9),(2.4),(10),(5.3),(12),(36.43),(15.99),(2.66),(13.33),(13000),(2700),(0),(1),(3),3,171402
17,0,17149,＜調味料類＞　（ドレッシング類）　乳化液状ドレッシング　フレンチドレッシング　乳化液状,"French dressing, emulsified",(44.1),(0.1),(38.8),0,(6.5),376,350,(1),(3),(2500),(3),(Tr),(Tr),(Tr),(Tr),0,(1),,0,0,(Tr),1.6,(3),(0.1),(5.0),(Tr),(0.01),(Tr),(0.01),(Tr),(1),(0.02),(66),(0.3),,,0.6,,,,,,,,,,,,,,,,,,,,,,,,4,171416
17,0,17044,＜調味料類＞　（みそ類）　米みそ　甘みそ,"Rice miso, sweet",42.6,9.7,3.0,5.6,6.8,206,172.5,80,130,2400,340,32,3.4,0.9,0.22,-,Tr,,2,2,33,7,(0),(0),0.3,0.05,0.10,1.5,0.04,0.1,21,Tr,8,5.4,72.2,29.3,0,480,830,510,140,130,270,540,400,940,430,120,540,290,730,2.85,1.84,0.30,1.55,1500,300,-,0,-,8,172442
17,0,17045,＜調味料類＞　（みそ類）　米みそ　淡色辛みそ,"Rice miso, light salty",45.4,12.5,6.0,4.9,14.2,182,154.25,100,170,4900,380,75,4.0,1.1,0.39,-,1,,9,2,57,7,(0),(0),0.6,0.03,0.10,1.5,0.11,0.1,68,Tr,11,12.0,72.2,29.3,0,640,1000,750,130,200,330,680,490,1200,540,140,710,360,930,5.68,3.61,0.58,3.02,3000,580,-,0,-,5,172442
17,0,17046,＜調味料類＞　（みそ類）　米みそ　赤色辛みそ,"Rice miso, red salty",45.7,13.1,5.5,4.1,14.6,178,152.1,130,200,5100,440,80,4.3,1.2,0.35,-,1,,8,1,72,7,(0),(0),0.5,0.03,0.10,1.5,0.12,Tr,42,0.23,11,14.0,72.2,29.3,0,680,1100,710,170,220,390,700,520,1200,570,120,750,350,820,5.15,3.21,0.54,2.66,2700,540,-,0,-,5,172442
17,0,17120,＜調味料類＞　（みそ類）　米みそ　だし入りみそ,Rice miso with dashi,49.9,11.0,5.6,4.1,12.9,167,143.85,67,160,4700,420,61,1.4,1.0,0.26,0.65,26,,8,2,51,7,0,0.1,0.7,0.10,0.35,0.9,0.13,0.1,37,0.24,11,9.9,72.2,29.3,0,(520),(840),(610),(110),(160),(270),(550),(390),(940),(440),(120),(570),(310),(730),(4.99),(3.13),(0.54),(2.59),(2600),(500),(5),(31),(3),5,172442
17,0,17145,＜調味料類＞　（みそ類）　米みそ　だし入りみそ　減塩,"Rice miso with dashi, reduced salt",52.5,10.3,5.1,4.9,9.8,164,140.3,63,150,3800,410,55,1.4,1.0,0.32,0.64,29,,8,2,60,7,0,0,0.6,0.10,0.09,0.9,0.13,0.1,40,0.27,14,8.9,72.2,29.3,0,490,800,580,110,130,240,520,400,920,430,100,530,280,650,4.53,2.59,0.30,2.29,2300,290,1,8,1,6,172442
17,0,17047,＜調味料類＞　（みそ類）　麦みそ,Barley miso,44.0,9.7,4.3,6.3,12.0,184,153.45,80,120,4200,340,55,3.0,0.9,0.31,-,16,,2,2,15,7,(0),(0),0.4,0.04,0.10,1.5,0.10,Tr,35,0.26,9,8.4,72.2,29.3,0,450,730,410,100,200,300,470,340,810,390,83,500,230,520,3.98,2.51,0.38,2.13,2100,380,-,0,-,5,172442
17,0,17048,＜調味料類＞　（みそ類）　豆みそ,Soybean miso,44.9,17.2,10.5,6.5,12.9,207,177.45,150,250,4300,930,130,6.8,2.0,0.66,-,31,,19,9,64,7,(0),(0),1.1,0.04,0.12,1.2,0.13,Tr,54,0.36,19,17.0,72.2,29.3,0,830,1300,830,240,180,420,850,640,1500,720,130,900,490,880,9.79,6.29,0.99,5.30,5300,990,-,0,-,5,172442
17,0,17119,＜調味料類＞　（みそ類）　減塩みそ,Reduced salt miso,46.0,11.0,5.9,4.3,11.4,190,163.55,62,170,4200,480,71,1.7,1.4,0.29,0.73,1,,5,5,150,7,0,0,0.6,0.10,0.11,1.1,0.16,0.1,75,0.27,-,11.0,72.2,29.3,0,510,820,610,160,140,300,540,410,950,460,100,580,280,710,(5.53),(3.38),(0.46),(2.92),(2900),(450),(0),(6),(0),7,172442
17,0,17049,＜調味料類＞　（みそ類）　即席みそ　粉末タイプ,"Instant miso, powder type",2.4,21.9,9.3,6.6,23.5,321,282.75,85,300,8100,600,140,2.8,1.8,0.44,1.19,-,,-,-,-,7,(0),(0),0.7,0.11,2.58,0.8,0.12,-,65,0.75,15,-,72.2,29.3,0,(1100),(1800),(1300),(230),(350),(580),(1200),(860),(2100),(950),(250),(1200),(640),(1600),7.12,4.52,0.73,3.79,3800,730,0,0,0,5,172442
17,0,17050,＜調味料類＞　（みそ類）　即席みそ　ペーストタイプ,"Instant miso, paste type",61.5,8.9,3.7,2.8,10.4,122,107.05,47,130,3800,310,54,1.2,0.9,0.25,0.47,-,,-,-,-,7,(0),(0),0.5,0.04,0.27,0.4,0.07,-,29,0.42,6,-,72.2,29.3,0,(460),(740),(530),(95),(140),(240),(490),(350),(830),(390),(100),(500),(260),(660),2.92,1.74,0.22,1.53,1500,220,0,0,0,5,172442
17,0,17121,＜調味料類＞　（みそ類）　辛子酢みそ,Mustard vinegar miso,(43.6),(5.0),(2.1),(2.7),(3.6),216,350,(42),(69),(1300),(170),(20),(1.7),(0.5),(0.12),(0.02),0,,(1),(1),(16),7,0,0,(0.1),(0.04),(0.05),(0.8),(0.02),(0.1),(10),0,(4),(2.6),72.2,29.3,0,(230),(400),(240),(69),(61),(130),(260),(190),(450),(210),(58),(260),(140),(350),(2.03),(1.08),(0.22),(0.86),(860),(220),(0),(0),(0),3,172442
17,0,17122,＜調味料類＞　（みそ類）　ごまみそ,Sesame miso,(42.7),(9.4),(9.9),(5.5),(5.2),245,350,(230),(170),(1600),(280),(74),(3.7),(1.5),(0.39),(0.40),0,,(5),(2),(38),7,0,0,(0.2),(0.10),(0.10),(1.8),(0.14),(0.1),(36),(0.08),(7),(5.7),72.2,29.3,0,(440),(770),(420),(190),(150),(340),(510),(370),(880),(410),(130),(520),(280),(910),(9.08),(4.51),(0.22),(4.29),(4300),(220),(0),(0),(0),6,172442
17,0,17123,＜調味料類＞　（みそ類）　酢みそ,Vinegar miso,(44.2),(4.9),(1.5),(2.8),(3.4),211,350,(41),(66),(1200),(170),(16),(1.7),(0.5),(0.11),0,0,,(1),(1),(17),7,0,0,(0.2),(0.03),(0.05),(0.8),(0.02),(0.1),(11),0,(4),(2.8),72.2,29.3,0,(240),(420),(260),(72),(64),(140),(280),(200),(480),(220),(61),(270),(150),(370),(1.44),(0.93),(0.15),(0.78),(780),(150),(0),(0),(0),5,172442
17,0,17124,＜調味料類＞　（みそ類）　練りみそ,Miso paste,(29.9),(5.5),(1.7),(3.2),(3.8),267,350,(46),(74),(1400),(190),(18),(1.9),(0.5),(0.13),(0.02),0,,(1),(1),(19),7,0,0,(0.2),(0.03),(0.06),(0.8),(0.03),(0.1),(12),(Tr),(5),(3.1),72.2,29.3,0,(260),(460),(280),(80),(72),(150),(310),(220),(520),(220),(67),(300),(160),(410),(1.61),(1.04),(0.17),(0.87),(870),(170),(0),(0),(0),5,172442
17,0,17051,＜調味料類＞　（ルウ類）　カレールウ,Curry roux,3.0,6.5,34.1,6.4,11.7,474,446.65,90,110,4200,320,31,3.5,0.5,0.13,0.58,0,,10,7,14,40.3,(0),(0),2.0,0.09,0.06,0.1,0.07,Tr,9,0.38,0,4.1,64.2,99.8,0.7,190,350,130,60,91,150,240,130,370,170,54,230,120,220,31.35,1.65,0.10,1.55,1600,100,-,0,-,3,170924
17,0,17052,＜調味料類＞　（ルウ類）　ハヤシルウ,Hashed beef roux,2.2,5.8,33.2,2.5,11.3,501,460,30,55,4200,150,21,1.0,0.3,0.12,0.32,-,,-,-,-,7.5,(0),(0),2.5,0.14,0.06,1.0,0.08,0,9,0.29,0,-,15.6,1.8,0.9,,,,,,,,,,,,,,,30.50,0.88,0.06,0.82,820,61,0,0,0,5,173332
17,0,17125,＜調味料類＞　（その他）　お茶漬けの素　さけ,"Ochazuke seasoning, salmon",(2.9),(20.2),(3.7),(3.5),(35.6),251,350,(72),(230),(13000),(560),(55),(2.1),(0.9),(0.14),(0.27),(3700),,(27),(2),(12),10.6,(10),(8.3),(1.5),(0.16),(0.29),(5.7),(0.25),(5.4),(140),(0.93),(100),(4.7),8.5,0.6,0,(770),(1300),(1400),(490),(220),(710),(710),(600),(1300),(850),(210),(950),(780),(960),(2.59),(0.88),(0.66),(0.23),(180),(52),(200),(310),(30),3,168956
17,0,17136,＜調味料類＞　（その他）　キムチの素,Kimchi seasoning,58.2,5.3,1.0,3.6,9.4,125,105.8,29,52,3600,350,31,1.3,0.3,0.12,0.16,1900,,11,18,6,0.5,17,0,2.9,0.04,0.11,1.6,0.31,0.2,8,0.20,8,3.7,15.5,43.6,0,76,120,120,33,32,64,82,55,140,93,19,100,63,170,0.73,0.42,0.08,0.34,330,33,19,23,2,2,170392
17,0,17053,＜調味料類＞　（その他）　酒かす,Sake lees,51.1,14.9,1.5,5.2,0.5,215,158.7,8,8,5,28,9,0.8,2.3,0.39,-,-,,-,-,-,1.4,(0),(0),0,0.03,0.26,2.0,0.94,0,170,0.48,0,-,0,0,0,(660),(1400),(690),(640),(510),(1200),(800),(810),(1600),(680),(200),(940),(420),(1100),,,,,,,,,,2,167723
17,0,17126,＜調味料類＞　（その他）　即席すまし汁,Instant clear soup,(2.8),(18.3),(0.8),(3.3),(47.6),194,350,(76),(220),(18000),(490),(61),(2.3),(1.0),(0.13),(0.60),(140),,(39),(3),(29),12.3,0,(0.5),(0.8),(0.13),(0.31),(5.1),(0.17),(4.7),(170),(0.41),(57),(8.3),56.3,13.9,16,(590),(1000),(780),(280),(210),(490),(580),(400),(980),(580),(140),(710),(550),(550),(0.52),(0.30),(0.14),(0.16),(140),(19),(80),(40),(9),4,171608
17,0,17127,＜調味料類＞　（その他）　ふりかけ　たまご,"Furikake, egg",(2.5),(23.4),(21.9),(5.1),(12.3),428,350,(390),(490),(3600),(490),(120),(4.5),(2.9),(0.47),(0.71),(86),,(15),(2),(29),30.1,(100),(2.2),(2.5),(0.29),(0.48),(4.1),(0.31),(6.2),(170),(0.47),(220),(6.0),84.3,0.9,0,(960),(1600),(1400),(610),(340),(950),(910),(780),(1700),(1000),(280),(1200),(870),(1600),(18.80),(6.33),(0.28),(6.04),(5800),(77),(88),(98),(190),5,172673
17,0,17054,＜調味料類＞　（その他）　みりん風調味料,Mirin-style seasoning,43.6,0.1,0,(0),0.2,225,196.7,Tr,15,68,3,1,0.1,Tr,Tr,0,-,,-,-,-,,(0),(0),-,Tr,0.02,0,0,0,0,0,(0),-,,,0.7,,,,,,,,,,,,,,,,,,,,,,,,1,171036
17,0,17138,＜調味料類＞　（その他）　料理酒,Cooking sake,82.4,0.2,Tr,0,2.1,88,54.25,2,4,870,6,2,Tr,Tr,Tr,0.04,Tr,,0,2,2,1.4,0,0,0,Tr,0,Tr,0.01,0,0,0,0,Tr,0,0,0,5.4,10,6.3,1.3,2.8,4.0,5.7,3.9,9.6,7.0,0.5,9.1,4.5,9.7,,,,,,,,,,1,167723
17,0,17055,＜香辛料類＞　オールスパイス　粉,"Allspice, ground",9.2,5.6,5.6,-,4.4,364,330.4,710,110,53,1300,130,4.7,1.2,0.53,0.72,-,,-,-,-,2.7,0,(0),-,0,0.05,2.9,-,(0),(0),-,-,-,,,39.2,,,,,,,,,,,,,,,(3.59),(1.52),(0.05),(1.48),(1500),(45),(0),(0),(0),3,171315
17,0,17056,＜香辛料類＞　オニオンパウダー,Onion powder,5.0,8.8,1.1,-,5.3,363,319.45,140,290,52,1300,160,3.1,3.2,0.55,1.90,-,,-,-,-,14.3,(0),(0),-,0.30,0.10,0.6,-,(0),-,-,-,-,39,4.1,23.4,(120),(190),(410),(76),(68),(140),(240),(110),(350),(120),(51),(140),(140),(1600),(0.77),(0.33),(0.02),(0.31),(270),(16),(0),(0),(44),1,171327
17,0,17057,＜香辛料類＞　からし　粉,Mustard powder,4.9,33.0,14.3,-,4.1,435,390,250,1000,34,890,380,11.0,6.6,0.60,1.76,0,,290,3,79,208.1,(0),(0),-,0.73,0.26,8.5,-,(0),(0),-,-,160.0,122.7,5.4,7.1,,,,,,,,,,,,,,,(13.65),(3.98),(1.50),(2.44),(2300),(1500),(0),(0),(0),3,170929
17,0,17058,＜香辛料類＞　からし　練り,"Mustard, prepared",31.7,5.9,14.5,-,7.8,314,284.25,60,120,2900,190,83,2.1,1.0,0.15,0.36,-,,-,-,-,33.5,(0),(0),-,0.22,0.07,1.5,-,(0),(0),-,-,-,22.4,1.4,0.3,,,,,,,,,,,,,,,(13.84),(4.04),(1.52),(2.47),(2400),(1500),(0),(0),(0),3,172234
17,0,17059,＜香辛料類＞　からし　練りマスタード,Prepared mustard,65.7,4.8,10.6,-,3.8,175,159.75,71,140,1200,170,60,1.8,0.8,0.10,0.41,0,,70,4,15,33.5,0,(Tr),1.2,0.14,0.04,1.1,0.10,0,14,0.27,6,25.0,22.4,1.4,0.3,(190),(370),(340),(98),(92),(190),(210),(170),(380),(210),(12),(240),(150),(320),(10.12),(2.95),(1.11),(1.80),(1700),(1100),(0),(0),(0),3,172234
17,0,17060,＜香辛料類＞　からし　粒入りマスタード,Mustard with seeds,57.2,7.6,16.0,-,5.3,229,211.25,130,260,1600,190,110,2.4,1.4,0.16,0.62,1,,87,3,17,33.5,(0),(Tr),1.0,0.32,0.05,1.8,0.14,0.1,16,0.28,5,23.0,22.4,1.4,0.3,(340),(610),(540),(140),(200),(340),(340),(240),(580),(240),(75),(440),(260),(560),(15.27),(4.45),(1.67),(2.72),(2600),(1700),(0),(0),(0),3,172234
17,0,17061,＜香辛料類＞　カレー粉,Curry powder,5.7,13.0,12.2,36.9,5.8,338,241.6,540,400,40,1700,220,29.0,2.9,0.80,4.84,5,,18,21,42,40.3,0,(0),4.4,0.41,0.25,7.0,0.59,0.1,60,2.06,86,28.0,64.2,99.8,0.7,(570),(810),(640),(170),(180),(350),(530),(360),(890),(320),(100),(680),(260),(810),11.12,3.40,0.24,3.16,3200,240,0,0,0,3,170924
17,0,17062,＜香辛料類＞　クローブ　粉,"Cloves, ground",7.5,7.2,13.6,-,5.3,398,373.2,640,95,280,1400,250,9.9,1.1,0.39,93.00,-,,-,-,-,7.2,(0),(0),-,0.04,0.27,0.9,-,(0),(0),-,-,-,37.4,141.8,0.2,(290),(480),(450),(96),(84),(180),(280),(230),(510),(220),(36),(410),(160),(390),(9.36),(3.77),(0.81),(2.87),(2700),(610),(8),(0),(110),3,171321
17,0,17063,＜香辛料類＞　こしょう　黒　粉,"Black pepper, ground",12.7,11.0,6.0,-,3.7,362,322.6,410,160,65,1300,150,20.0,1.1,1.20,6.34,5,,5,30,14,4.9,(0),(0),-,0.10,0.24,1.2,-,(0),(0),-,-,20.0,11.3,163.7,0,(390),(1100),(260),(100),(150),(250),(470),(510),(980),(260),(61),(580),(170),(330),(5.76),(1.84),(0.28),(1.56),(1300),(280),(0),(0),(0),3,170931
17,0,17064,＜香辛料類＞　こしょう　白　粉,"White pepper, ground",12.3,10.1,6.4,-,1.1,376,335.1,240,140,4,60,80,7.3,0.9,1.00,4.45,2,,2,5,24,3.1,(0),(0),-,0.02,0.12,0.2,-,(0),(0),-,-,4.7,,,21,(330),(1000),(200),(81),(150),(230),(470),(400),(870),(290),(60),(450),(140),(230),(6.14),(1.96),(0.30),(1.66),(1400),(300),(0),(0),(0),3,170933
17,0,17065,＜香辛料類＞　こしょう　混合　粉,"Mixed pepper, ground",12.5,10.6,6.2,-,2.4,369,328.85,330,150,35,680,120,14.0,1.0,1.10,-,3,,2,12,17,4.9,(0),(0),-,0.06,0.18,0.7,-,0,0,-,-,15.0,11.3,163.7,0,(350),(1100),(200),(86),(160),(250),(490),(420),(910),(300),(63),(470),(140),(240),(5.95),(1.90),(0.29),(1.61),(1300),(290),(0),(0),(0),3,170931
17,0,17066,＜香辛料類＞　さんしょう　粉,"Japanese pepper, ground",8.3,10.3,6.2,-,5.6,375,332.35,750,210,10,1700,100,10.0,0.9,0.33,-,32,,6,21,19,2.7,(0),(0),-,0.10,0.45,2.8,-,-,-,-,-,27.0,,,39.2,,,,,,,,,,,,,,,,,,,,,,,,3,171315
17,0,17067,＜香辛料類＞　シナモン　粉,"Cinnamon, ground",9.4,3.6,3.5,-,3.9,356,320.95,1200,50,23,550,87,7.1,0.9,0.49,41.00,6,,3,14,3,3.1,(0),(0),-,0.08,0.14,1.3,-,(0),(0),-,-,1.4,11,31.2,3.8,(130),(230),(220),(70),(52),(120),(130),(120),(250),(120),(44),(200),(110),(150),(1.86),(0.19),(0.03),(0.12),(120),(31),(0),(0),(0),4,171320
17,0,17068,＜香辛料類＞　しょうが　粉,"Ginger, ground",10.6,7.8,4.9,-,4.2,365,322.7,110,150,31,1400,300,14.0,1.7,0.57,28.00,1,,3,6,11,55.8,(0),(0),-,0.04,0.17,4.2,1.03,(0),(0),1.29,-,9.6,41.2,0.8,0.7,(300),(450),(210),(77),(86),(160),(270),(210),(480),(250),(130),(360),(170),(610),,,,,,,,,,4,170926
17,0,17069,＜香辛料類＞　しょうが　おろし,"Ginger, grated",88.2,0.7,0.6,-,1.9,41,37.65,16,14,580,140,17,0.3,0.1,0.04,3.58,0,,1,1,1,0.7,(0),(0),-,0.02,0.03,0.8,-,-,-,-,-,0.3,28.8,0.1,5,(20),(28),(22),(5.0),(3.1),(8.1),(17),(7.7),(25),(14),(4.6),(28),(12),(17),(0.41),(0.12),(0.03),(0.10),(96),(27),(0),(0),(0),4,169231
17,0,17070,＜香辛料類＞　セージ　粉,"Sage, ground",9.2,6.4,10.1,-,7.4,377,342.4,1500,100,120,1600,270,50.0,3.3,0.53,2.85,-,,-,-,-,3.7,(0),(0),-,0.09,0.55,2.7,-,(0),-,-,-,-,43.6,1714.5,32.4,,,,,,,,,,,,,,,(8.44),(1.39),(0.97),(0.42),(420),(970),(0),(0),(0),3,170935
17,0,17071,＜香辛料類＞　タイム　粉,"Thyme, ground",9.8,6.5,5.2,-,8.7,342,311.25,1700,85,13,980,300,110.0,2.0,0.57,6.67,-,,-,-,-,4.6,(0),(0),-,0.09,0.69,3.4,-,0,0,-,-,-,43.6,1714.5,50,,,,,,,,,,,,,,,(3.07),(0.83),(0.48),(0.35),(350),(480),(0),(0),(0),8,170938
17,0,17072,＜香辛料類＞　チリパウダー,Chili powder,3.8,15.0,8.2,-,12.9,374,332.55,280,260,2500,3000,210,29.0,2.2,1.00,1.62,-,,-,-,-,20.4,(0),(0),-,0.25,0.84,7.2,-,(0),(0),-,-,-,66.5,105.7,0.7,(430),(700),(400),(140),(200),(350),(410),(210),(620),(300),(78),(600),(200),(550),(7.85),(4.60),(0.30),(4.30),(4300),(300),(0),(0),(0),3,171319
17,0,17073,＜香辛料類＞　とうがらし　粉,"Red pepper, ground",1.7,16.2,9.7,-,5.6,412,372.95,110,340,4,2700,170,12.0,2.0,1.20,-,3,,5,17,41,8.8,(0),(0),-,0.43,1.15,11.0,-,-,-,-,-,49.0,51.5,80.3,76.4,(470),(760),(430),(160),(220),(370),(450),(230),(670),(320),(84),(650),(220),(590),(8.08),(4.70),(0.37),(4.33),(4300),(370),(0),(0),(0),3,170932
17,0,17074,＜香辛料類＞　ナツメグ　粉,"Nutmeg, ground",6.3,5.7,38.5,-,2.0,520,513.45,160,210,15,430,180,2.5,1.3,1.20,2.68,-,,-,-,-,1.6,(0),(0),-,0.05,0.10,0.5,-,(0),(0),-,-,-,8.8,0,3,,,,,,,,,,,,,,,(29.81),(5.22),(0.10),(5.12),(5100),(95),(0),(0),(0),1,171326
17,0,17075,＜香辛料類＞　にんにく　ガーリックパウダー　食塩無添加,"Garlic powder, no salt added",3.5,19.9,0.8,-,2.0,380,334.75,100,300,18,390,90,6.6,2.5,0.57,1.17,1,,10,2,7,23.9,(0),(0),0.4,0.54,0.15,1.0,2.32,0,30,1.33,1,3.5,67.5,0.4,1.2,(500),(880),(920),(130),(300),(440),(630),(540),(1200),(450),(150),(800),(320),(4000),0.37,0.22,0.02,0.20,200,21,Tr,0,0,1,171325
17,0,17128,＜香辛料類＞　にんにく　ガーリックパウダー　食塩添加,"Garlic powder, with salt",3.5,19.9,0.8,-,2.0,382,334.75,100,300,3300,390,90,6.6,2.5,0.57,1.17,1,,10,2,7,23.9,(0),(0),0.4,0.54,0.15,1.0,2.32,0,30,1.33,1,3.5,67.5,0.4,1.2,(500),(880),(920),(130),(300),(440),(630),(540),(1200),(450),(150),(800),(320),(4000),,,,,,,,,,1,171325
17,0,17076,＜香辛料類＞　にんにく　おろし,"Garlic, grated",52.1,4.7,0.5,-,5.7,170,150.2,22,100,1800,440,22,0.7,0.5,0.09,0.16,3,,4,1,6,14.2,(0),(0),-,0.11,0.04,0.2,-,-,-,-,-,1.0,23.2,1.7,31.2,(84),(160),(180),(46),(52),(99),(120),(93),(210),(100),(49),(140),(64),(750),(0.24),(0.16),(0.02),(0.14),(140),(17),(0),-,(0),1,169230
17,0,17077,＜香辛料類＞　バジル　粉,"Basil, ground",10.9,21.1,2.2,-,15.2,307,269.65,2800,330,59,3100,760,120.0,3.9,1.99,10.00,42,,18,47,200,3,(0),(0),4.7,0.26,1.09,7.9,1.75,0,290,2.39,820,62.0,54.9,1714.5,0.8,(970),(1700),(1100),(290),(170),(470),(1100),(690),(1800),(700),(240),(1300),(410),(1100),(2.10),(0.27),(0.16),(0.11),(110),(160),(0),(0),(0),8,171317
17,0,17078,＜香辛料類＞　パセリ　乾,"Parsley, dried",5.0,28.7,2.2,-,12.5,341,299.75,1300,460,880,3600,380,18.0,3.6,0.97,6.63,22,,7,38,110,14.1,(0),(0),7.2,0.89,2.02,12.0,1.47,0,1400,1.68,1300,24.0,97.1,1359.5,125,(1700),(3000),(2300),(640),(320),(960),(1800),(1200),(3100),(1300),(510),(2200),(770),(1900),(2.11),(1.25),(0.75),(0.51),(500),(750),(0),(0),(0),8,170930
17,0,17079,＜香辛料類＞　パプリカ　粉,"Paprika, ground",10.0,15.5,11.6,-,7.3,385,347.45,170,320,60,2700,220,21.0,10.0,1.08,1.00,17,,10,33,13,6.3,(0),(0),-,0.52,1.78,13.0,-,(0),(0),-,(0),39.0,51.5,80.3,0.9,(620),(1000),(760),(220),(250),(470),(670),(420),(1100),(540),(77),(820),(270),(980),(10.44),(6.99),(0.41),(6.58),(6600),(410),(0),(0),(0),6,171329
17,0,17080,＜香辛料類＞　わさび　粉　からし粉入り,Wasabi powder with mustard,4.9,16.5,4.4,-,4.5,384,339.1,320,340,30,1200,210,9.3,4.4,0.45,1.11,3,,4,8,4,2.2,(0),(0),-,0.55,0.30,2.5,-,-,-,-,-,24.0,2.3,3.5,0,(420),(700),(790),(92),(150),(240),(500),(370),(870),(530),(150),(550),(220),(1400),,,,,,,,,,3,171831
17,0,17081,＜香辛料類＞　わさび　練り,"Wasabi, prepared",39.8,3.3,10.3,-,6.8,265,238.4,62,85,2400,280,39,2.0,0.8,0.11,0.23,-,,-,-,-,2.2,(0),(0),-,0.11,0.07,0.7,-,-,-,-,-,-,2.3,3.5,0,(84),(140),(160),(18),(29),(47),(99),(73),(170),(110),(29),(110),(44),(280),,,,,,,,,,3,171831
17,0,17082,＜その他＞　酵母　パン酵母　圧搾,"Yeast, baker's yeast, compressed",68.1,16.5,1.5,10.3,1.8,105,76.8,16,360,39,620,37,2.2,7.8,0.36,0.19,Tr,,2,1,Tr,8.1,0,1.6,Tr,2.21,1.78,23.0,0.59,0,1900,2.29,0,99.0,32,0,0.1,790,1200,1300,250,230,480,700,600,1300,860,220,940,370,840,1.05,0.01,Tr,0.01,12,2,0,0,0,5,175042
17,0,17083,＜その他＞　酵母　パン酵母　乾燥,"Yeast, baker's yeast, dry",8.7,37.1,6.8,32.6,4.3,307,224.4,19,840,120,1600,91,13.0,3.4,0.20,0.40,1,,2,2,1,7.9,0,2.8,Tr,8.81,3.72,22.0,1.28,0,3800,5.73,0,310.0,32,0.4,0.3,(1700),(2700),(3000),(540),(460),(1000),(1600),(1000),(2600),(1800),(500),(2100),(830),(1900),4.53,0.04,0.01,0.03,33,7,0,0,0,8,175043
17,0,17084,＜その他＞　ベーキングパウダー,Baking powder,4.5,Tr,1.2,-,41.8,150,193.95,2400,3700,6800,3900,1,0.1,Tr,0.01,-,-,,-,-,-,0.2,0,0,-,0,0,0,(0),(0),(0),(0),0,-,0,0,0,,,,,,,,,,,,,,,(0.60),(0.36),(0.09),(0.27),(270),(87),(0),(0),(0),6,175040
18,0,18024,和風料理　和え物類　青菜の白和え,Japanese spinach with tofu dressing,(79.7),(4.2),(3.4),(2.4),(2.0),81,350,(95),(69),(500),(180),(42),(1.2),(0.6),(0.15),(0.35),(2),,(4),(2),(21),11.1,0,(Tr),(0.6),(0.06),(0.05),(0.5),(0.07),(Tr),(32),(0.11),(70),(2.9),61,126.5,7.3,,,,,,,,,,,,,,,,,,,,,,,,4,170494
18,0,18025,和風料理　和え物類　いんげんのごま和え,Green beans with sesame dressing,(81.4),(3.7),(3.4),(2.8),(2.2),77,350,(120),(88),(480),(270),(44),(1.3),(0.7),(0.15),(0.48),(1),,(4),(1),(10),5.7,(3),(0.2),(0.2),(0.08),(0.10),(0.9),(0.11),(0.1),(52),(0.20),(39),(2.0),,,1.1,,,,,,,,,,,,,,,,,,,,,,,,4,173731
18,0,18026,和風料理　和え物類　わかめとねぎの酢みそ和え,Wakame and green onion with miso vinegar dressing,(76.3),(3.8),(0.9),(2.5),(2.3),85,350,(40),(56),(730),(140),(20),(0.9),(0.4),(0.10),(0.06),(120),,(4),(1),(8),0.7,(1),0,(0.3),(0.03),(0.04),(0.6),(0.06),(0.3),(31),(0.10),(24),(2.5),13.9,5.3,3,,,,,,,,,,,,,,,,,,,,,,,,1,170496
18,0,18028,和風料理　汁物類　とん汁,Pork miso soup (tonjiru),(94.4),(1.5),(1.5),(0.5),(0.7),26,350,(10),(18),(220),(63),(6),(0.2),(0.2),(0.03),(0.02),0,,(1),0,(3),,0,(Tr),(0.1),(0.03),(0.01),(0.3),(0.03),(0.1),(7),(0.05),(2),(0.8),,,0,,,,,,,,,,,,,,,,,,,,,,,,3,171184
18,0,18027,和風料理　酢の物類　紅白なます,Daikon and carrot namasu (vinegared salad),(90.3),(0.6),(0.6),(0.9),(0.9),34,350,(22),(16),(230),(130),(9),(0.2),(0.1),(0.02),(0.05),(2),,(1),0,(3),0.7,0,0,(Tr),(0.02),(0.01),(0.2),(0.03),0,(19),(0.08),(2),(0.5),11.6,0.5,0,,,,,,,,,,,,,,,,,,,,,,,,4,169889
18,0,18029,和風料理　煮物類　卯の花いり,Okara (soy pulp) sautéed,(79.1),(4.4),(4.1),(5.1),(1.7),84,350,(47),(68),(450),(190),(24),(0.8),(0.4),(0.07),(0.25),(1),,(3),(1),(20),10.6,(3),(0.1),(0.5),(0.06),(0.04),(0.5),(0.05),(0.1),(13),(0.22),(10),(2.9),,,0,,,,,,,,,,,,,,,,,,,,,,,,3,172452
18,0,18030,和風料理　煮物類　親子丼の具,Oyakodon filling,(79.4),(8.4),(5.2),(0.4),(1.4),101,350,(21),(88),(380),(120),(12),(0.7),(0.7),(0.04),(0.08),(7),,(8),(Tr),(3),6.1,(51),(0.7),(0.4),(0.04),(0.13),(1.0),(0.09),(0.4),(20),(0.53),(14),(7.3),55.5,0.5,3.7,,,,,,,,,,,,,,,,,,,,,,,,4,170492
18,0,18031,和風料理　煮物類　牛飯の具,Gyumeshi (beef rice bowl) filling,(78.8),(4.1),(9.4),(1.0),(1.3),122,350,(18),(45),(400),(110),(10),(0.6),(0.9),(0.03),(0.10),0,,(4),(1),(3),6.7,(2),0,(0.2),(0.02),(0.04),(1.1),(0.10),(0.5),(9),(0.20),(5),(1.3),34.5,51.3,11.6,,,,,,,,,,,,,,,,,,,,,,,,3,168072
18,0,18032,和風料理　煮物類　切り干し大根の煮物,Simmered dried daikon,(88.2),(2.3),(2.5),(2.0),(1.2),48,350,(46),(39),(370),(76),(18),(0.5),(0.3),(0.02),(0.18),0,,(2),(Tr),(5),0.7,0,0,(0.2),(0.01),(0.02),(0.5),(0.02),(0.1),(7),(0.08),(6),(1.2),11.6,0.5,0,,,,,,,,,,,,,,,,,,,,,,,,4,169889
18,0,18033,和風料理　煮物類　きんぴらごぼう,Kinpira burdock,(81.6),(1.4),(4.5),(3.2),(1.3),84,350,(36),(37),(350),(150),(25),(0.5),(0.4),(0.09),(0.16),0,,(1),0,(3),0.9,0,0,(0.7),(0.03),(0.03),(0.3),(0.07),(Tr),(32),(0.14),(7),(1.0),,2,2.6,,,,,,,,,,,,,,,,,,,,,,,,3,169333
18,0,18034,和風料理　煮物類　ぜんまいのいため煮,Simmered bracken fern,(82.3),(3.4),(4.2),(2.2),(1.4),80,350,(47),(50),(420),(67),(19),(0.7),(0.4),(0.08),(0.29),0,,(2),(Tr),(6),0.9,0,0,(0.4),(0.01),(0.02),(0.2),(0.03),(Tr),(7),(0.07),(17),(1.3),,,30,,,,,,,,,,,,,,,,,,,,,,,,5,168553
18,0,18035,和風料理　煮物類　筑前煮,Chikuzen-ni (simmered chicken and vegetables),(80.4),(4.4),(3.5),(1.8),(1.5),85,350,(22),(55),(430),(160),(15),(0.5),(0.5),(0.05),(0.21),0,,(1),0,(2),8.1,(6),(0.1),(0.4),(0.04),(0.05),(1.0),(0.08),(0.1),(16),(0.31),(12),(0.9),41.8,54.7,8.1,,,,,,,,,,,,,,,,,,,,,,,,4,167678
18,0,18036,和風料理　煮物類　肉じゃが,Nikujaga (simmered meat and potatoes),(79.6),(4.3),(1.3),(1.3),(1.7),78,350,(13),(44),(480),(210),(14),(0.8),(0.9),(0.07),(0.14),0,,(3),(1),(5),2.2,(1),0,(0.2),(0.05),(0.05),(0.9),(0.14),(0.1),(14),(0.30),(3),(1.4),9,0.4,0.5,,,,,,,,,,,,,,,,,,,,,,,,3,174073
18,0,18037,和風料理　煮物類　ひじきのいため煮,Simmered hijiki seaweed,(80.8),(3.1),(4.0),(3.4),(2.2),75,350,(100),(45),(560),(180),(43),(0.6),(0.3),(0.03),(0.23),(750),,(3),(2),(7),0.7,0,(Tr),(0.7),(0.02),(0.02),(0.4),(0.03),(0.1),(6),(0.08),(40),(2.2),13.9,5.3,3,,,,,,,,,,,,,,,,,,,,,,,,3,170496
18,0,18038,和風料理　その他　アジの南蛮漬け,Horse mackerel nanbanzuke,(78.0),(8.1),(6.1),(0.9),(1.3),109,350,(37),(110),(290),(190),(19),(0.4),(0.5),(0.04),(0.10),(8),,(23),(1),(2),36.5,(2),(3.9),(0.8),(0.06),(0.06),(2.2),(0.12),(2.1),(7),(0.22),(9),(2.3),50.5,0.1,1.6,,,,,,,,,,,,,,,,,,,,,,,,3,173673
18,0,18053,和風料理　その他　お好み焼き,Okonomiyaki,71.8,5.2,6.5,2.6,1.3,136,117.55,39,68,310,190,13,0.5,0.4,0.04,0.2,6,,6,2,6,6.1,23,0.3,0.7,0.06,0.08,0.7,0.09,0.2,23,0.41,33,4.9,55.5,0.5,3.7,,,,,,,,,,,,,,,,,,,,,,,,3,170492
18,0,18054,和風料理　その他　とりから揚げ,Chicken karaage,55.8,15.6,10.1,1.7,2.4,204,190.85,12,180,700,250,21,0.7,1.2,0.06,0.16,2,,11,2,6,17.2,21,0.3,1.3,0.1,0.14,4.2,0.16,0.3,10,0.93,49,3.9,40.7,7,0.6,660,1100,1200,350,160,510,590,430,1000,680,180,700,510,940,9.04,3.34,0.33,3.01,2900,310,3,5,43,4,170718
18,0,18023,和風料理　その他　松前漬け　しょうゆ漬,"Matsumae pickles, soy sauce pickled",51.2,17.0,1.4,1.6,5.7,166,152.25,41,170,2000,310,59,0.6,1.3,0.18,0.15,10000,,33,3,3,1,2,1,1.7,0.06,0.04,1.8,0.08,4.5,15,0.16,7,5.1,23.5,125.9,0.7,740,1200,1200,350,160,510,590,420,1000,750,160,730,360,980,0.85,0.46,0.43,0.03,7,2,120,300,15,4,169890
18,0,18040,洋風料理　カレー類　チキンカレー,Chicken curry,(75.2),(5.6),(8.8),(1.2),(1.9),131,350,(20),(58),(540),(170),(13),(0.7),(0.5),(0.06),(0.15),(1),,(2),(1),(2),8.1,(12),(Tr),(0.6),(0.04),(0.07),(1.2),(0.11),(0.1),(10),(0.34),(15),(1.7),41.8,54.7,8.1,,,,,,,,,,,,,,,,,,,,,,,,3,167678
18,0,18001,洋風料理　カレー類　ビーフカレー,Beef curry,(78.5),(2.4),(9.0),(0.9),(2.0),119,350,(20),(32),(680),(93),(8),(0.7),(0.4),(0.04),(0.12),(1),,(2),(1),(2),4.7,(1),0,(0.4),(0.02),(0.03),(0.4),(0.05),(0.2),(4),(0.14),(3),(0.9),15.6,6.2,0.7,,,,,,,,,,,,,,,,,,,,,,,,2,173330
18,0,18041,洋風料理　カレー類　ポークカレー,Pork curry,(79.2),(2.8),(8.6),(0.9),(1.7),116,350,(14),(32),(550),(100),(7),(0.5),(0.3),(0.04),(0.10),0,,(3),(1),(2),26.3,(1),(0.1),(0.4),(0.07),(0.03),(0.7),(0.06),(0.1),(5),(0.16),(3),(1.3),,0,0,,,,,,,,,,,,,,,,,,,,,,,,3,169157
18,0,18043,洋風料理　コロッケ類　カニクリームコロッケ,Crab cream croquette,(54.6),(5.1),(17.1),(1.0),(1.2),255,350,(30),(51),(320),(94),(14),(0.4),(0.4),(0.08),(0.15),(1),,(Tr),0,(1),14.4,(8),(0.1),(2.2),(0.05),(0.07),(0.7),(0.03),(0.3),(12),(0.23),(23),(0.2),,,0.1,,,,,,,,,,,,,,,,,,,,,,,,3,174936
18,0,18044,洋風料理　コロッケ類　コーンクリームコロッケ,Corn cream croquette,(54.1),(5.1),(16.0),(1.4),(1.3),245,350,(47),(76),(330),(150),(18),(0.4),(0.5),(0.06),(0.18),(1),,(Tr),0,(1),6.1,(15),(0.1),(1.8),(0.06),(0.08),(0.7),(0.04),(0.1),(27),(0.34),(21),(0.2),55.5,0.5,3.7,,,,,,,,,,,,,,,,,,,,,,,,4,170492
18,0,18018,洋風料理　コロッケ類　ポテトコロッケ,Potato croquette,(55.5),(5.3),(12.6),(2.0),(1.3),226,350,(15),(60),(280),(250),(19),(0.8),(0.5),(0.11),(0.20),(1),,(2),(1),(2),8.9,(5),(0.1),(1.5),(0.11),(0.05),(1.1),(0.14),(0.1),(23),(0.46),(18),(1.4),74.2,2.7,27.6,,,,,,,,,,,,,,,,,,,,,,,,3,170092
18,0,18045,洋風料理　シチュー類　チキンシチュー,Chicken stew,(76.7),(6.2),(8.0),(1.2),(1.2),124,350,(38),(77),(280),(160),(13),(0.4),(0.6),(0.04),(0.07),(4),,(1),(1),(2),5,(17),(0.1),(0.7),(0.04),(0.10),(1.2),(0.10),(0.1),(15),(0.50),(26),(1.1),,0.7,0,,,,,,,,,,,,,,,,,,,,,,,,3,167637
18,0,18011,洋風料理　シチュー類　ビーフシチュー,Beef stew,(74.9),(4.1),(12.6),(0.7),(1.3),153,350,(11),(45),(380),(150),(9),(0.5),(0.8),(0.04),(0.06),(1),,(3),(1),(1),4.7,(6),(0.1),(0.7),(0.03),(0.06),(1.2),(0.10),(0.4),(13),(0.26),(17),(1.3),15.6,6.2,0.7,,,,,,,,,,,,,,,,,,,,,,,,4,173330
18,0,18015,洋風料理　素揚げ類　ミートボール,"Meatballs, fried",(62.1),(10.2),(12.5),(1.3),(1.8),199,350,(22),(86),(460),(240),(26),(0.8),(0.8),(0.10),(0.21),(160),,(7),(1),(2),0.8,(6),(0.1),(1.2),(0.15),(0.12),(2.2),(0.16),(0.2),(24),(0.58),(19),(3.4),88.4,0,0,,,,,,,,,,,,,,,10.90,2.35,0.29,2.05,2000,290,-,-,27,3,169067
18,0,18042,洋風料理　スープ類　かぼちゃのクリームスープ,Pumpkin cream soup,(83.3),(1.5),(3.9),(1.3),(1.2),73,350,(32),(38),(300),(160),(10),(0.2),(0.2),(0.03),(0.06),(4),,(1),0,(1),,(19),(0.2),(1.4),(0.03),(0.06),(0.4),(0.07),(0.1),(12),(0.31),(7),(0.5),,,1,,,,,,,,,,,,,,,,,,,,,,,,5,174541
18,0,18005,洋風料理　スープ類　コーンクリームスープ　コーンクリームスープ,Corn cream soup,(86.0),(1.7),(2.6),(0.6),(1.2),62,350,(36),(42),(340),(88),(7),(0.2),(0.2),(0.02),(0.03),(5),,(1),0,(2),,(14),(0.2),(0.2),(0.02),(0.06),(0.3),(0.02),(0.1),(6),(0.22),(2),(0.9),,,1,,,,,,,,,,,,,,,,,,,,,,,,5,174541
18,0,18004,洋風料理　スープ類　コーンクリームスープ　粉末タイプ,"Corn cream soup, dry mix",2.1,8.1,13.7,-,8.7,425,380.7,120,190,2800,470,-,1.2,-,-,-,4,,13,3,13,,0,-,-,0.15,0.41,3.5,-,-,-,-,-,7.5,,,0.9,,,,,,,,,,,,,,,,,,,,,,,,5,171584
18,0,18050,洋風料理　ハンバーグステーキ類　合いびきハンバーグ,"Hamburger steak, mixed ground meat",(62.8),(13.4),(12.2),(1.1),(1.6),197,350,(29),(110),(340),(280),(23),(1.3),(2.4),(0.09),(0.14),(1),,(9),(1),(1),7.5,(11),(0.2),(0.6),(0.23),(0.15),(3.0),(0.20),(0.5),(17),(0.71),(7),(2.5),15,1.7,0,,,,,,,,,,,,,,,,,,,,,,,,3,168965
18,0,18051,洋風料理　ハンバーグステーキ類　チキンハンバーグ,Chicken hamburger steak,(67.0),(12.6),(10.2),(1.0),(1.8),171,350,(22),(110),(460),(240),(23),(0.7),(0.8),(0.07),(0.13),(2),,(10),(1),(2),7.5,(19),(0.1),(0.8),(0.09),(0.11),(4.1),(0.26),(0.2),(18),(0.89),(18),(2.9),15,1.7,0,,,,,,,,,,,,,,,,,,,,,,,,9,168965
18,0,18052,洋風料理　ハンバーグステーキ類　豆腐ハンバーグ,Tofu hamburger steak,(71.2),(9.9),(9.2),(1.3),(1.4),142,350,(68),(120),(250),(200),(42),(1.3),(0.9),(0.13),(0.31),(5),,(5),(2),(24),7.5,(15),(0.2),(0.8),(0.11),(0.09),(1.9),(0.14),(0.2),(21),(0.46),(13),(4.7),15,1.7,0,,,,,,,,,,,,,,,,,,,,,,,,6,168965
18,0,18019,洋風料理　フライ類　いかフライ,"Squid, fried",(54.9),(13.3),(11.3),(0.9),(0.8),227,350,(16),(150),(200),(140),(22),(0.4),(0.9),(0.11),(0.15),(5),,(24),(1),(2),51.8,(8),(0.1),(2.1),(0.04),(0.03),(1.0),(0.04),(0.8),(13),(0.25),(15),(4.2),,,4.2,,,,,,,,,,,,,,,,,,,,,,,,4,171982
18,0,18020,洋風料理　フライ類　えびフライ,"Shrimp, fried",(50.5),(15.9),(11.6),(1.0),(1.5),236,350,(69),(200),(340),(200),(36),(0.6),(1.3),(0.38),(0.18),(4),,(18),(1),(2),41.7,(13),(0.2),(2.2),(0.08),(0.05),(2.0),(0.05),(0.6),(22),(0.57),(16),(3.2),91.2,1,1.5,,,,,,,,,,,,,,,,,,,,,,,,4,171970
18,0,18055,洋風料理　フライ類　かきフライ,"Oyster, fried",46.3,8.9,18,2.3,1.3,289,265.35,18,120,340,170,27,1.6,7.3,0.73,0.47,46,,38,3,10,66.5,33,0,3.7,0.11,0.16,1.9,0.06,17.6,24,0.41,28,5.8,,,3.8,300,520,370,140,120,260,330,240,580,320,85,340,180,390,16.02,4.95,1.88,3.05,3000,1400,230,130,15,5,171979
18,0,18021,洋風料理　フライ類　白身フライ,"White fish, fried",50.7,9.7,21.8,-,1.9,299,274.9,47,100,340,240,-,0.5,-,-,-,-,,-,-,-,17.5,57,-,-,0.10,0.10,1.2,-,-,-,-,-,-,53.7,0.1,0,,,,,,,,,,,,,,,,,,,,,,,,4,169846
18,0,18022,洋風料理　フライ類　メンチカツ,"Menchi katsu (ground meat cutlet), fried",(50.3),(10.7),(18.7),(1.7),(1.5),273,350,(24),(96),(350),(240),(27),(1.2),(1.6),(0.12),(0.25),(1),,(5),(1),(1),20.7,(5),(0.1),(1.4),(0.14),(0.09),(1.9),(0.14),(0.3),(28),(0.50),(19),(1.6),,,0,,,,,,,,,,,,,,,,,,,,,,,,3,171103
18,0,18008,洋風料理　フライ用冷凍食品　いかフライ　冷凍,"Squid, fried, frozen",64.5,10.6,2.0,-,1.5,146,129,16,110,300,180,-,0.4,-,-,-,4,,25,3,6,51.8,3,-,-,0.10,0,1.9,-,-,-,-,-,2.7,,,4.2,,,,,,,,,,,,,,,,,,,,,,,,4,171982
18,0,18009,洋風料理　フライ用冷凍食品　えびフライ　冷凍,"Shrimp, fried, frozen",66.3,10.2,1.9,-,1.3,139,122.9,42,90,340,95,-,1.5,-,-,-,8,,27,1,8,41.7,Tr,-,-,0.04,0.07,0.7,-,-,-,-,-,3.1,91.2,1,1.5,,,,,,,,,,,,,,,,,,,,,,,,4,171970
18,0,18006,洋風料理　フライ用冷凍食品　コロッケ　クリームコロッケ　冷凍,"Cream croquette, frozen",67.0,4.7,6.3,-,1.1,159,143.15,43,63,270,160,-,0.5,-,-,-,-,,-,-,-,,240,-,-,0.06,0.10,0.6,-,-,-,-,-,-,,,0,,,,,,,,,,,,,,,,,,,,,,,,3,167922
18,0,18007,洋風料理　フライ用冷凍食品　コロッケ　ポテトコロッケ　冷凍,"Potato croquette, frozen",63.5,4.6,4.9,-,1.7,157,146.3,20,62,290,300,-,0.7,-,-,-,-,,-,-,-,0.4,69,-,0.2,0.09,0.06,1.1,-,-,-,-,-,-,25.4,3.7,4,180,300,220,69,85,150,200,120,310,150,49,230,91,190,3.36,1.19,0.17,1.02,1000,170,-,-,-,3,170048
18,0,18010,洋風料理　フライ用冷凍食品　白身フライ　冷凍,"White fish, fried, frozen",64.5,11.6,2.7,-,1.9,148,131.1,47,100,340,240,-,0.5,-,-,-,-,,-,-,-,15.7,57,-,-,0.10,0.10,1.2,-,-,-,-,-,-,42.8,4.7,0,,,,,,,,,,,,,,,,,,,,,,,,3,174195
18,0,18016,洋風料理　フライ用冷凍食品　メンチカツ　冷凍,"Menchi katsu (ground meat cutlet), fried, frozen",58.3,9.9,7.2,-,1.6,196,176.35,31,95,420,220,-,1.6,-,-,-,-,,-,-,-,8.1,36,-,-,0.13,0.14,1.5,-,-,-,-,-,-,,,,,,,,,,,,,,,,,,,,,,,,,,,3,169782
18,0,18003,洋風料理　その他　えびグラタン,Shrimp gratin,(74.1),(5.5),(6.9),(0.9),(1.5),128,350,(97),(110),(380),(140),(17),(0.3),(0.6),(0.09),(0.14),(6),,(9),(1),(6),2.7,(32),(0.2),(0.6),(0.04),(0.11),(0.5),(0.04),(0.3),(13),(0.38),(23),(1.6),,,9.9,,,,,,,,,,,,,,,,,,,,,,,,3,170442
18,0,18014,洋風料理　その他　えびピラフ,Shrimp pilaf,(62.9),(3.3),(2.3),(1.2),(1.6),146,350,(11),(45),(560),(63),(9),(0.2),(0.6),(0.12),(0.29),0,,(3),0,(23),10.3,(1),(0.1),(0.4),(0.02),(0.02),(0.4),(0.04),(0.1),(5),(0.26),(4),(0.9),,,,,,,,,,,,,,,,,,,,,,,,,,,3,168952
18,0,18002,中国料理　点心類　ぎょうざ,Gyoza (dumplings),(57.8),(6.9),(11.3),(1.5),(1.6),209,350,(22),(62),(460),(170),(16),(0.6),(0.6),(0.07),(0.20),(1),,(5),(1),(4),13.4,(3),(0.1),(0.6),(0.14),(0.07),(1.4),(0.11),(0.1),(22),(0.44),(28),(1.8),9.6,7.9,5.3,270,450,330,100,120,220,290,160,460,230,69,310,160,350,9.52,2.00,0.09,1.91,1900,92,-,-,20,3,169779
18,0,18012,中国料理　点心類　しゅうまい,Shumai (steamed dumplings),(60.2),(9.1),(9.2),(1.7),(2.0),191,350,(26),(92),(520),(260),(28),(0.9),(0.8),(0.12),(0.35),(1),,(6),(1),(3),0,(6),(0.1),(0.2),(0.16),(0.10),(1.8),(0.15),(0.2),(26),(0.55),(4),(2.5),17.9,58.9,0,380,630,560,170,130,300,360,240,600,330,92,420,250,550,8.30,1.39,0.09,1.30,1200,88,-,-,26,3,167667
18,0,18046,中国料理　点心類　中華ちまき,Chinese sticky rice dumpling (chimaki),(59.5),(5.9),(5.5),(0.5),(1.3),174,350,(6),(45),(420),(100),(11),(0.3),(0.7),(0.07),(0.33),(8),,(5),(Tr),(28),6,(6),(0.1),(0.4),(0.04),(0.05),(1.5),(0.10),(0.1),(6),(0.48),(8),(1.6),,,1.7,,,,,,,,,,,,,,,,,,,,,,,,3,167636
18,0,18056,中国料理　点心類　春巻き,Spring roll,42.8,6,19.3,3.5,1.6,221,278.85,57,73,450,170,26,0.7,0.4,0.08,0.31,6,,4,3,21,0,1,0.1,2.3,0.07,0.03,0.7,0.07,Tr,18,0.3,22,3.6,17.9,58.9,0,,,,,,,,,,,,,,,,,,,,,,,,4,167667
18,0,18047,中国料理　菜類　酢豚,Sweet and sour pork,(83.4),(4.6),(3.3),(0.8),(0.9),77,350,(9),(52),(210),(130),(10),(0.3),(0.5),(0.04),(0.15),0,,(5),(1),(2),9.7,(2),(0.1),(0.5),(0.17),(0.05),(1.4),(0.10),(0.1),(9),(0.25),(6),(1.6),32.5,27.9,2.3,,,,,,,,,,,,,,,,,,,,,,,,3,168082
18,0,18057,中国料理　菜類　チャーハン,Fried rice,55.1,5,5.2,1.9,1.4,206,171.6,10,56,510,69,8,0.3,0.7,0.09,0.3,9,,4,1,26,8.3,8,0.2,0.8,0.04,0.04,0.4,0.04,0.1,8,0.27,8,2.8,5.5,2.8,3.8,,,,,,,,,,,,,,,,,,,,,,,,3,167668
18,0,18048,中国料理　菜類　八宝菜,Eight treasure vegetables (Chop suey),(86.0),(5.8),(3.2),(0.9),(1.2),64,350,(26),(77),(320),(150),(14),(0.4),(0.6),(0.08),(0.16),(3),,(7),(1),(1),5.6,(13),(0.3),(0.6),(0.13),(0.06),(1.4),(0.08),(0.3),(20),(0.28),(25),(1.3),42.1,52,11.3,,,,,,,,,,,,,,,,,,,,,,,,3,168080
18,0,18049,中国料理　菜類　麻婆豆腐,Mapo tofu,(80.0),(7.8),(6.8),(0.7),(1.6),104,350,(64),(86),(380),(150),(43),(1.3),(0.9),(0.12),(0.32),(4),,(6),(3),(31),17.3,(1),(0.1),(0.3),(0.16),(0.07),(1.1),(0.10),(0.1),(13),(0.21),(6),(3.7),,,0.2,,,,,,,,,,,,,,,,,,,,,,,,3,174280
18,0,18039,韓国料理　和え物類　もやしのナムル,Bean sprout namul,(84.4),(3.1),(4.5),(2.7),(2.0),70,350,(91),(62),(510),(160),(29),(1.2),(0.5),(0.11),(0.38),0,,(1),(Tr),(5),0.6,0,0,(1.1),(0.05),(0.07),(0.4),(0.08),0,(64),(0.24),(160),(1.3),,33,8.3,,,,,,,,,,,,,,,,,,,,,,,,3,169369
12,0,12024,鶏卵　殻,Chicken egg shell,1.0,3.0,0,0,96.0,12,0,38000,155,160,45,385,1.5,0.3,,0.1,,,,,,,,,,,,,,,,,,,,,,,,,,,,,,,,,,,,,,,,,,,,,8,