food_group,food_number,food_name,WATER,PROT-,FAT-,FIB-,ASH,ENERC_KCAL,CA,P,NA,K,MG,FE,ZN,CU,MN,ID,SE,RETOL,VITD,TOCPHA,THIA,RIBF,NIA,VITB6A,VITB12,FOL,PANTAC,structured_food_name,reason,score,has_amino_acid_data,has_fatty_acid_data,ILE,LEU,LYS,MET,CYS,AAS,PHE,TYR,AAA,THR,TRP,VAL,HIS,ARG,FACID,FAPU,FAPUN3,FAPUN6,F18D2N6,F18D3N3,F20D5N3,F22D6N3,F20D4N6,ME_KCAL_100G,usda_fdc_id,usda_choline_mg,food_name_en
01,01001,アマランサス　玄穀,13.5,12.7,6.0,7.4,2.9,343,160,540,1,600,270,9.4,5.8,0.92,6.14,1,13,(0),(0),1.3,0.04,0.14,1.0,0.58,(0),130,1.69,"{""baseName"":""アマランサス"",""variety"":""玄穀""}",栄養価の高い雑穀でレシピ素材として適している,8,1,1,(550),(820),(700),(210),(180),(390),(510),(310),(820),(520),(170),(640),(360),(990),4.75,2.10,0.04,2.06,2000,36,0,0,0,296.7,170682,69.8,"Amaranth grain, raw"
01,01002,あわ　精白粒,13.3,11.2,4.4,3.3,1.4,346,14,280,1,300,110,4.8,2.5,0.49,0.88,0,2,(0),(0),0.6,0.56,0.07,2.9,0.18,(0),29,1.83,"{""baseName"":""あわ"",""variety"":""精白粒""}",あわ（精白粒）は穀類の穀物で犬の食材として利用しやすい。,8,1,1,480,1500,220,380,220,600,630,360,990,470,210,600,270,360,3.94,2.75,0.12,2.63,2600,120,0,0,0,309,169702,,"Foxtail millet, polished"
01,01003,あわ　あわもち,48.0,5.1,1.3,1.5,0.3,210,5,39,0,62,12,0.7,1.1,0.20,0.46,0,1,0,0,0.1,0.08,0.01,0.3,0.03,0,7,0.61,"{""baseName"":""あわ"",""variety"":""あわもち""}",餅状の加工穀物は粘性が高く誤嚥や消化の観点で注意が必要なため素材としては慎重を要する。,5,1,1,(210),(600),(130),(160),(110),(260),(280),(170),(460),(190),(88),(280),(130),(250),(1.14),(0.73),(0.03),(0.70),(700),(31),(0),(0),(0),182.2,168871,11.2,Foxtail millet cake
01,01004,えんばく　オートミール,10.0,13.7,5.7,9.4,1.5,350,47,370,3,260,100,3.9,2.1,0.28,-,0,18,(0),(0),0.6,0.20,0.08,1.1,0.11,(0),30,1.29,"{""baseName"":""えんばく"",""variety"":""オートミール""}",オートミールは良質な炭水化物と食物繊維源で犬の素材として適切,9,1,1,590,1100,620,270,500,770,760,490,1300,500,200,800,350,910,(4.90),(2.09),(0.09),(2.00),(2000),(92),-,-,-,305.35,173904,40.4,Oatmeal
01,01005,おおむぎ　七分つき押麦,14.0,10.9,2.1,10.3,0.9,343,23,180,2,220,46,1.3,1.4,0.32,0.85,-,-,(0),(0),0.2,0.22,0.07,3.2,0.14,(0),17,0.43,"{""baseName"":""おおむぎ"",""variety"":""七分つき押麦""}",大麦は良質な炭水化物と食物繊維源で犬の素材として適している,8,1,1,(410),(830),(390),(190),(300),(490),(610),(370),(980),(430),(160),(580),(260),(510),1.69,0.91,0.05,0.86,860,54,-,-,-,272.3,170284,37.8,"Barley, semi-pearled, rolled"
01,01006,おおむぎ　押麦　乾,12.7,6.7,1.5,12.2,0.7,329,21,160,2,210,40,1.1,1.1,0.22,0.86,0,1,(0),(0),0.1,0.11,0.03,3.4,0.13,(0),10,0.40,"{""baseName"":""おおむぎ"",""variety"":""押麦"",""state"":""乾""}",大麦の押麦は消化性の良い炭水化物と食物繊維が豊富で犬のレシピ素材に適する,9,1,1,250,500,240,120,180,300,370,230,600,260,97,350,160,310,1.18,0.62,0.03,0.59,590,33,0,0,0,267.9,170284,37.8,"Barley, rolled, dry"
01,01170,おおむぎ　押麦　めし,68.6,2.2,0.5,4.2,0.2,118,6,46,Tr,38,10,0.4,0.4,0.08,0.24,(0),Tr,(0),(0),Tr,0.02,Tr,0.8,0.03,(0),3,0.13,"{""baseName"":""おおむぎ"",""variety"":""押麦 めし""}",押し麦めしは良質な炭水化物と食物繊維源で犬のレシピ素材として適している,8,1,1,86,170,81,40,55,95,130,80,210,89,33,120,55,110,0.38,0.20,0.01,0.19,190,10,0,0,0,97,170285,13.4,"Barley, rolled, cooked"
01,01007,おおむぎ　米粒麦,14.0,7.0,2.1,8.7,0.7,333,17,140,2,170,25,1.2,1.2,0.37,-,Tr,1,(0),(0),0.1,0.19,0.05,2.3,0.19,(0),10,0.64,"{""baseName"":""おおむぎ"",""variety"":""米粒麦""}",おおむぎ（米粒麦）は穀類で犬のレシピ素材として利用しやすく安全,9,1,1,(270),(530),(250),(120),(190),(320),(390),(240),(630),(280),(100),(370),(170),(330),(1.69),(0.91),(0.05),(0.86),(860),(54),-,-,-,278.6,170284,37.8,"Barley, pearled"
01,01008,おおむぎ　大麦めん　乾,14.0,12.9,1.7,6.3,3.4,343,27,200,1100,240,63,2.1,1.5,0.33,0.90,-,-,(0),(0),Tr,0.21,0.04,3.5,0.09,(0),19,0.64,"{""baseName"":""おおむぎ"",""variety"":""大麦めん"",""state"":""乾""}",大麦めんは消化しやすい穀類の炭水化物で犬のレシピ素材として適している,8,1,1,(480),(950),(360),(230),(340),(570),(690),(420),(1100),(440),(170),(620),(310),(560),(1.35),(0.78),(0.04),(0.74),(740),(41),(0),(0),(0),275.55,168906,,"Barley noodles, dry"
01,01009,おおむぎ　大麦めん　ゆで,70.0,4.8,0.6,2.5,0.3,121,12,61,64,10,18,0.9,0.6,0.13,0.27,-,-,(0),(0),Tr,0.04,0.01,1.0,0.01,(0),5,0.26,"{""baseName"":""おおむぎ"",""variety"":""大麦めん"",""state"":""ゆで""}",大麦めんのゆでは炭水化物源として使いやすく犬のレシピ素材に適する,8,1,1,(180),(350),(130),(84),(130),(210),(260),(160),(410),(170),(62),(230),(120),(210),(0.48),(0.27),(0.01),(0.26),(260),(14),(0),(0),(0),98.2,170285,13.4,"Barley noodles, cooked"
01,01010,おおむぎ　麦こがし,3.5,12.5,5.0,15.5,1.9,368,43,340,2,490,130,3.1,3.8,0.41,1.81,-,-,(0),(0),0.5,0.09,0.10,7.6,0.09,(0),24,0.28,"{""baseName"":""おおむぎ"",""variety"":""麦こがし""}",麦こがしは穀物として安全で利用可能（消化を考慮）,8,1,1,(480),(950),(450),(220),(340),(560),(700),(430),(1100),(490),(180),(660),(300),(580),(4.03),(2.17),(0.13),(2.04),(2000),(130),-,-,-,301.85,169740,,"Barley flour, roasted"
01,01167,キヌア　玄穀,12.2,13.4,3.2,6.2,2.2,344,46,410,35,580,180,4.3,2.8,0.47,2.45,2,3,0,(0),2.6,0.45,0.24,1.2,0.39,Tr,190,0.95,"{""baseName"":""キヌア"",""variety"":""玄穀""}",キヌア玄穀は良質の穀類で栄養価が高く素材として使用可能,8,1,1,480,810,720,260,210,470,510,380,880,500,170,590,380,1100,2.63,1.52,0.19,1.34,1300,190,0,0,0,293.9,168874,70.2,"Quinoa, raw"
01,01011,きび　精白粒,13.8,11.3,3.3,1.6,0.7,353,9,160,2,200,84,2.1,2.7,0.38,-,0,2,(0),(0),Tr,0.34,0.09,3.7,0.20,(0),13,0.95,"{""baseName"":""きび"",""variety"":""精白粒""}",きび（精白粒）は穀類の炭水化物源として利用でき、犬のレシピ素材として適切。,8,1,1,470,1400,160,360,200,560,640,430,1100,380,150,570,260,350,2.77,1.78,0.04,1.74,1700,39,0,0,0,310.15,167724,23.1,"Proso millet, polished"
01,01012,こむぎ　［玄穀］　国産　普通,12.5,10.8,3.1,14.0,1.6,329,26,350,2,440,82,3.2,2.6,0.38,3.90,1,3,(0),(0),1.2,0.41,0.09,6.3,0.35,(0),38,1.03,"{""baseName"":""こむぎ"",""variety"":""普通"",""origin"":""国産"",""notes"":[""玄穀""]}",こむぎ（玄穀）。全粒の穀類は食物繊維や栄養があり穀物源として利用可能。,8,1,1,390,760,320,180,270,450,530,330,860,360,160,510,290,550,2.42,1.52,0.10,1.42,1400,100,0,0,0,267.15,169719,,"Wheat, whole grain, domestic"
01,01013,こむぎ　［玄穀］　輸入　軟質,10.0,10.1,3.3,11.2,1.4,344,36,290,2,390,110,2.9,1.7,0.32,3.79,0,5,(0),(0),1.2,0.49,0.09,5.0,0.34,(0),40,1.07,"{""baseName"":""こむぎ"",""variety"":""軟質"",""origin"":""輸入"",""notes"":[""玄穀""]}",全粒の炭水化物源で栄養価が高いが、消化性に配慮が必要。,7,0,1,,,,,,,,,,,,,,,2.61,1.63,0.11,1.53,1500,110,0,0,0,287.4,168944,31.2,"Wheat, whole grain, imported, soft"
01,01014,こむぎ　［玄穀］　輸入　硬質,13.0,13.0,3.0,11.4,1.6,332,26,320,2,340,140,3.2,3.1,0.43,4.09,0,54,(0),(0),1.2,0.35,0.09,5.8,0.34,(0),49,1.29,"{""baseName"":""こむぎ"",""variety"":""硬質"",""origin"":""輸入"",""notes"":[""玄穀""]}",硬質小麦の玄穀で炭水化物源。加熱調理してから使用する前提で適している。,8,0,1,,,,,,,,,,,,,,,2.37,1.49,0.10,1.39,1400,98,0,0,0,274,169719,,"Wheat, whole grain, imported, hard"
01,01015,こむぎ　［小麦粉］　薄力粉　1等,14.0,8.3,1.5,2.5,0.4,349,20,60,Tr,110,12,0.5,0.3,0.08,0.43,Tr,4,0,0,0.3,0.11,0.03,0.6,0.03,0,9,0.53,"{""baseName"":""こむぎ"",""variety"":""薄力粉"",""grade"":""1等"",""notes"":[""小麦粉""]}",薄力粉は調理素材として幅広く使え、つなぎや加熱加工で安全に利用できる,8,1,1,320,610,190,150,240,390,450,270,710,260,110,380,200,320,1.23,0.75,0.04,0.72,720,38,0,0,0,298.35,169761,10.4,"Wheat flour, cake flour, first grade"
01,01016,こむぎ　［小麦粉］　薄力粉　2等,14.0,9.3,1.9,2.6,0.5,345,23,77,Tr,130,30,0.9,0.7,0.18,0.77,0,3,0,0,1.0,0.21,0.04,1.0,0.09,0,14,0.62,"{""baseName"":""こむぎ"",""variety"":""薄力粉"",""grade"":""2等"",""notes"":[""小麦粉""]}",薄力粉は炭水化物源として使いやすく一般的に素材として問題ない,8,1,1,340,650,220,160,240,400,480,280,760,280,110,410,220,370,(1.56),(0.96),(0.05),(0.91),(910),(49),(0),(0),(0),299.65,172017,10.4,"Wheat flour, cake flour, second grade"
01,01018,こむぎ　［小麦粉］　中力粉　1等,14.0,9.0,1.6,2.8,0.4,337,17,64,1,100,18,0.5,0.5,0.11,0.43,0,7,0,0,0.3,0.10,0.03,0.6,0.05,0,8,0.47,"{""baseName"":""こむぎ"",""variety"":""中力粉"",""grade"":""1等"",""notes"":[""小麦粉""]}",中力粉は炭水化物源として幅広く使える一般的な素材。,8,1,1,340,650,190,160,240,400,470,290,760,280,110,400,210,340,1.29,0.80,0.04,0.75,750,41,0,0,0,297.8,169761,10.4,"Wheat flour, all-purpose flour, first grade"
01,01019,こむぎ　［小麦粉］　中力粉　2等,14.0,9.7,1.8,2.1,0.5,346,24,80,1,110,26,1.1,0.6,0.14,0.77,0,7,0,0,0.8,0.22,0.04,1.2,0.07,0,12,0.66,"{""baseName"":""こむぎ"",""variety"":""中力粉"",""grade"":""2等"",""notes"":[""小麦粉""]}",中力粉は調理の基材として広く使えるが、グルテン感受性には留意。,8,1,1,360,700,220,170,250,420,500,310,810,300,110,430,230,400,(1.48),(0.91),(0.05),(0.86),(860),(46),(0),(0),(0),300.9,169761,10.4,"Wheat flour, all-purpose flour, second grade"
01,01020,こむぎ　［小麦粉］　強力粉　1等,14.5,11.8,1.5,2.7,0.4,337,17,64,Tr,89,23,0.9,0.8,0.15,0.32,0,39,0,0,0.3,0.09,0.04,0.8,0.06,0,16,0.77,"{""baseName"":""こむぎ"",""variety"":""強力粉"",""grade"":""1等"",""notes"":[""小麦粉""]}",強力粉は焼いて利用することで炭水化物源として使える。生粉の取り扱いには衛生面の注意が必要。,7,1,1,440,850,240,200,300,500,650,370,1000,350,140,520,280,430,1.26,0.77,0.04,0.73,730,39,0,0,0,295.9,168913,10.4,"Wheat flour, bread flour, first grade"
01,01021,こむぎ　［小麦粉］　強力粉　2等,14.5,12.6,1.7,2.1,0.5,343,21,86,Tr,86,36,1.0,1.0,0.19,0.58,0,49,0,0,0.5,0.13,0.04,1.1,0.08,0,18,0.93,"{""baseName"":""こむぎ"",""variety"":""強力粉"",""grade"":""2等"",""notes"":[""小麦粉""]}",強力粉は一般的な素材でおやつや調理素材として使用可能,8,1,1,480,920,260,210,310,530,690,410,1100,390,150,560,300,480,(1.42),(0.87),(0.04),(0.83),(830),(44),(0),(0),(0),298.65,168913,10.4,"Wheat flour, bread flour, second grade"
01,01023,こむぎ　［小麦粉］　強力粉　全粒粉,14.5,12.8,2.9,11.2,1.6,320,26,310,2,330,140,3.1,3.0,0.42,4.02,0,47,(0),(0),1.0,0.34,0.09,5.7,0.33,(0),48,1.27,"{""baseName"":""こむぎ"",""variety"":""強力粉 全粒粉"",""notes"":[""小麦粉""]}",全粒粉の強力粉は炭水化物と食物繊維の供給源として素材使用に適している,7,1,1,(430),(870),(350),(220),(270),(490),(660),(270),(930),(360),(170),(550),(350),(630),(2.29),(1.44),(0.09),(1.34),(1300),(94),(0),(0),(0),268.95,168944,31.2,"Wheat flour, whole wheat flour"
01,01146,こむぎ　［小麦粉］　プレミックス粉　お好み焼き用,9.8,10.1,1.9,2.8,3.9,335,64,320,1400,210,31,1.0,0.7,0.13,0.92,1400,8,0,0.1,0.6,0.21,0.03,1.5,0.07,0.1,17,0.41,"{""baseName"":""こむぎ"",""variety"":""プレミックス粉 お好み焼き用"",""notes"":[""小麦粉""]}",お好み焼き用プレミックス粉は加工された粉類で利用は可能だが添加物や調理形態に注意,5,1,1,360,680,230,140,210,350,480,300,790,300,110,420,240,390,1.68,0.93,0.07,0.86,860,66,2,7,1,301.75,172775,,"Wheat flour, premix, okonomiyaki"
01,01024,こむぎ　［小麦粉］　プレミックス粉　ホットケーキ用,11.1,7.8,4.0,1.8,2.1,360,100,170,390,230,12,0.5,0.3,0.07,-,0,3,9,0.1,0.5,0.10,0.08,0.5,0.04,0.1,10,0.48,"{""baseName"":""こむぎ"",""variety"":""プレミックス粉 ホットケーキ用"",""notes"":[""小麦粉""]}",ホットケーキ用プレミックスは便利な加工粉だが糖脂等を含む点に留意,6,1,1,(320),(610),(260),(160),(200),(360),(410),(270),(690),(270),(100),(390),(190),(320),(3.47),(0.86),(0.04),(0.82),(800),(39),(0),(3),(14),317.5,175006,19.2,"Wheat flour, premix, pancake"
01,01147,こむぎ　［小麦粉］　プレミックス粉　から揚げ用,8.3,10.2,1.2,2.6,10.3,311,110,130,3800,280,39,1.2,0.7,0.10,0.96,1,6,0,0,0.3,0.15,0.07,1.3,0.12,Tr,26,0.33,"{""baseName"":""こむぎ"",""variety"":""プレミックス粉 から揚げ用"",""notes"":[""小麦粉""]}",から揚げ用プレミックス粉は加工度が高く添加成分が含まれるため用途はあるが注意が必要,5,1,1,340,650,300,120,180,290,430,260,690,310,92,410,190,420,0.96,0.47,0.03,0.44,440,26,0,0,0,281.8,169724,11.1,"Wheat flour, premix, karaage"
01,01025,こむぎ　［小麦粉］　プレミックス粉　天ぷら用,12.4,8.8,1.3,2.5,1.2,337,140,120,210,160,19,0.6,0.5,0.12,0.62,1,3,Tr,0,0.3,0.12,0.99,0.9,0.06,0,12,0.35,"{""baseName"":""こむぎ"",""variety"":""プレミックス粉 天ぷら用"",""notes"":[""小麦粉""]}",天ぷら用プレミックスは小麦粉ベースの調理用ミックスで素材として使用可能だが加工品である。,6,1,1,350,660,210,160,240,400,480,270,750,280,110,420,220,350,1.04,0.58,0.03,0.55,550,29,0,0,1,300.15,169724,11.1,"Wheat flour, premix, tempura"
01,01171,こむぎ　［小麦粉］　プレミックス粉　天ぷら用　バッター,65.5,3.3,0.5,1.9,0.4,132,84,51,64,67,6,0.2,0.1,0.04,0.20,1,1,0,(0),0.1,0.04,0.16,0.4,0.02,(0),3,0.19,"{""baseName"":""こむぎ"",""variety"":""プレミックス粉 天ぷら用 バッター"",""notes"":[""小麦粉""]}",天ぷら用プレミックス粉は加工度が高く素材としては限定的に使うのが適切,5,1,1,(130),(240),(78),(57),(88),(140),(170),(98),(270),(95),(39),(150),(80),(130),(0.42),(0.24),(0.01),(0.22),(220),(12),(0),(0),(1),115.2,169724,11.1,"Wheat flour, premix, tempura batter"
01,01172,こむぎ　［小麦粉］　プレミックス粉　天ぷら用　バッター　揚げ,10.2,4.3,47.7,3.3,0.6,588,100,63,79,93,8,0.3,0.1,0.04,0.26,0,1,0,-,7.6,0.05,0.14,0.5,0.03,(0),4,0.21,"{""baseName"":""こむぎ"",""variety"":""プレミックス粉 天ぷら用 バッター 揚げ"",""notes"":[""小麦粉""]}",天ぷら用プレミックスは加工度が高く揚げ物の素としての使用に限定される。,5,1,0,(170),(320),(100),(75),(120),(190),(230),(130),(360),(130),(51),(200),(110),(170),,,,,,,,,,539.15,170414,,"Wheat flour, premix, tempura batter, fried"
01,01026,こむぎ　［パン類］　角形食パン　食パン,39.2,8.9,4.1,4.2,1.4,248,22,67,470,86,18,0.5,0.5,0.09,0.25,1,22,0,0,0.4,0.07,0.05,1.1,0.03,Tr,30,0.42,"{""baseName"":""こむぎ"",""variety"":""角形食パン 食パン"",""notes"":[""パン類""]}",食パンは炭水化物源として利用可能だが、量や添加物に注意が必要。,7,1,1,310,590,170,120,190,310,440,270,710,240,90,360,200,290,3.57,0.82,0.05,0.77,770,51,0,0,Tr,213.7,174925,16,"White bread, square loaf"
01,01174,こむぎ　［パン類］　角形食パン　焼き,33.6,9.7,4.5,4.6,1.6,269,26,77,520,93,20,0.5,0.6,0.10,0.28,1,25,-,-,0.4,0.07,0.05,1.2,0.03,-,30,0.45,"{""baseName"":""こむぎ"",""variety"":""角形食パン"",""state"":""焼き"",""notes"":[""パン類""]}",小麦由来の食パンは少量であれば与えやすい炭水化物源だが塩分や添加物に注意。,7,1,1,350,670,180,130,210,340,490,300,800,280,100,400,220,320,3.85,0.90,0.06,0.84,840,54,0,0,Tr,233.2,174925,16,"White bread, square loaf, baked"
01,01175,こむぎ　［パン類］　角形食パン　耳を除いたもの,44.2,8.2,3.7,3.8,1.3,226,20,61,440,78,16,0.4,0.4,0.08,0.23,1,20,-,-,0.3,0.06,0.05,1.1,0.04,-,17,0.30,"{""baseName"":""こむぎ"",""variety"":""角形食パン 耳を除いたもの"",""notes"":[""パン類""]}",食パン（耳を除いたもの）は炭水化物源として使えるが加工度が高い素材であるため,6,1,1,300,550,170,110,180,290,400,260,670,240,85,330,180,280,3.23,0.74,0.05,0.69,690,44,0,0,Tr,195.95,172818,14.6,"White bread, square loaf, without crust"
01,01176,こむぎ　［パン類］　角形食パン　耳,(33.5),(9.7),(4.5),(4.7),(1.5),273,(23),(73),(510),(92),(18),(0.5),(0.6),(0.10),(0.27),(1),(22),-,-,(0.4),(0.06),(0.06),(1.1),(0.05),-,(27),(0.37),"{""baseName"":""こむぎ"",""variety"":""角形食パン 耳"",""notes"":[""パン類""]}",食パンの耳は炭水化物源として使えるが加工度が高い加工食品である,6,0,0,,,,,,,,,,,,,,,,,,,,,,,,350,174925,16,"White bread, square loaf, crust"
01,01206,こむぎ　［パン類］　食パン　リーンタイプ,(39.2),(8.0),(3.7),(2.0),(1.6),246,(12),(46),(520),(67),(16),(0.6),(0.6),(0.10),(0.21),0,(25),0,(0.3),(0.4),(0.10),(0.05),(0.6),(0.04),0,(28),(0.54),"{""baseName"":""こむぎ"",""variety"":""食パン リーンタイプ"",""notes"":[""パン類""]}",食パン（リーンタイプ）は穏やかな炭水化物源として使えるが加工食品である点を考慮。,6,0,0,,,,,,,,,,,,,,,,,,,,,,,,350,172816,,"White bread, lean type"
01,01207,こむぎ　［パン類］　食パン　リッチタイプ,(39.2),(7.8),(6.0),(1.7),(1.5),256,25,62,400,88,15,0.6,0.7,0.09,0.18,3,23,54,0.3,0.3,0.09,0.09,0.8,0.05,0.1,42,0.58,"{""baseName"":""こむぎ"",""variety"":""食パン リッチタイプ"",""notes"":[""パン類""]}",リッチタイプの食パンは加工度が高く脂質や糖分を含むため汎用素材としてやや劣る。,6,0,0,,,,,,,,,,,,,,,,,,,,,,,,350,174915,14.6,"White bread, rich type"
01,01205,こむぎ　［パン類］　山形食パン　食パン,(39.2),(7.8),(3.5),(1.8),(1.6),246,(18),(51),(490),(76),(16),(0.6),(0.6),(0.10),(0.21),(1),(24),0,(Tr),(0.4),(0.08),(0.06),(0.8),(0.05),(Tr),(34),(0.54),"{""baseName"":""こむぎ"",""variety"":""山形食パン 食パン"",""notes"":[""パン類""]}",食パンは消化しやすい炭水化物源で少量なら利用可だが、砂糖や塩の添加に留意。,6,0,0,,,,,,,,,,,,,,,,,,,,,,,,350,174926,,"White bread, mountain-shaped loaf"
01,01028,こむぎ　［パン類］　コッペパン,30.6,9.2,3.8,3.9,1.7,273,22,74,410,91,22,0.5,0.7,0.11,0.35,2,19,(0),(0),0.6,0.08,0.07,1.2,0.05,0.1,36,0.47,"{""baseName"":""こむぎ"",""variety"":""コッペパン"",""notes"":[""パン類""]}",コッペパンは小麦製品で少量なら問題ないが加工食品である,6,1,1,340,650,200,140,190,330,460,280,740,290,95,400,210,300,(3.39),(0.75),(0.04),(0.71),(710),(35),(0),(0),(0),242.3,174078,14.3,Koppepan (Japanese bread roll)
01,01213,こむぎ　［パン類］　バンズ,32.9,10.4,4.8,4.2,1.4,274,29,85,470,97,21,0.6,0.7,0.11,0.34,1,30,-,-,0.7,0.11,0.06,1.6,0.05,-,27,0.43,"{""baseName"":""こむぎ"",""variety"":""バンズ"",""notes"":[""パン類""]}",小麦のバンズはエネルギー源として使えるが加工食品である点に留意。,6,1,1,370,700,190,140,220,360,520,310,830,300,110,430,230,340,4.22,0.88,0.05,0.83,830,52,0,0,0,239.25,171856,9.7,Buns
01,01030,こむぎ　［パン類］　乾パン,5.5,9.5,4.4,3.1,1.8,386,30,95,490,160,27,1.2,0.6,0.18,0.82,-,-,(0),(0),1.1,0.14,0.06,0.9,0.06,(0),20,0.41,"{""baseName"":""こむぎ"",""variety"":""乾パン"",""notes"":[""パン類""]}",小麦由来の炭水化物で消化可能だが栄養密度は低く補助的な素材としての適性。,7,1,1,(370),(700),(240),(170),(240),(410),(510),(310),(810),(300),(120),(440),(230),(360),(3.86),(1.15),(0.06),(1.09),(1100),(56),(0),(0),(0),335.6,171856,9.7,Hardtack
01,01031,こむぎ　［パン類］　フランスパン,30.0,9.4,1.3,2.7,1.8,289,16,72,620,110,22,0.9,0.8,0.14,0.39,Tr,29,(0),(0),0.1,0.08,0.05,1.1,0.04,(0),33,0.45,"{""baseName"":""こむぎ"",""variety"":""フランスパン"",""notes"":[""パン類""]}",焼きパンは一般に消化可能な炭水化物源だが高塩分・高脂質の添加に注意,8,1,1,360,680,180,140,230,370,500,310,810,290,110,410,220,340,(1.07),(0.63),(0.03),(0.60),(600),(32),(0),(0),(0),235.75,173261,,French bread
01,01032,こむぎ　［パン類］　ライ麦パン,35.0,8.4,2.2,5.6,1.7,252,16,130,470,190,40,1.4,1.3,0.18,0.87,-,-,(0),Tr,0.3,0.16,0.06,1.3,0.09,(0),34,0.46,"{""baseName"":""こむぎ"",""variety"":""ライ麦パン"",""notes"":[""パン類""]}",ライ麦パン。パン類は加工食品で糖分や脂質が含まれるため素材評価は中程度。,6,1,1,280,520,220,110,180,290,380,230,620,290,83,380,190,330,(1.91),(0.44),(0.03),(0.41),(410),(30),(0),(0),(0),212.95,172684,14.6,Rye bread
01,01208,こむぎ　［パン類］　全粒粉パン,39.2,7.9,5.7,4.5,1.7,251,14,120,410,140,51,1.3,0.4,0.18,1.35,0,27,0,Tr,0.8,0.17,0.07,2.4,0.13,0,49,0.67,"{""baseName"":""こむぎ"",""variety"":""全粒粉パン"",""notes"":[""パン類""]}",全粒粉パンは穀類として利用可能だが加工食品であり用途が限られる,6,0,0,,,,,,,,,,,,,,,,,,,,,,,,219.6,171850,14.9,Whole wheat bread
01,01033,こむぎ　［パン類］　ぶどうパン,35.7,8.2,3.5,2.2,1.5,263,32,86,400,210,23,0.9,0.6,0.15,0.32,-,-,Tr,Tr,0.4,0.11,0.05,1.2,0.07,(Tr),33,0.42,"{""baseName"":""こむぎ"",""variety"":""ぶどうパン"",""notes"":[""パン類""]}",ぶどう類（レーズン含む）は犬に急性腎障害を引き起こす可能性があり危険。,1,1,1,(300),(580),(210),(140),(190),(320),(420),(250),(670),(250),(96),(360),(190),(290),(3.12),(0.58),(0.03),(0.56),(550),(26),(0),(0),(0),229.6,172817,,Raisin bread
01,01034,こむぎ　［パン類］　ロールパン,30.7,10.1,9.0,2.0,1.6,309,44,97,490,110,22,0.7,0.8,0.12,0.29,-,-,(0),0.1,0.5,0.10,0.06,1.3,0.03,(Tr),38,0.61,"{""baseName"":""こむぎ"",""variety"":""ロールパン"",""notes"":[""パン類""]}",ロールパンは可食だが栄養密度は低く炭水化物主体の加工食品である。,6,1,1,370,690,210,150,220,360,500,310,810,300,110,430,230,340,8.15,1.26,0.12,1.14,1100,120,0,0,7,274.95,175033,,Roll bread
01,01209,こむぎ　［パン類］　クロワッサン　レギュラータイプ,(20.0),(6.5),(20.4),(1.9),(1.6),406,(27),(65),(530),(110),(14),(0.4),(0.5),(0.08),(0.26),(3),(5),(34),(1.4),(2.6),(0.11),(0.09),(0.9),(0.05),(0.1),(46),(0.42),"{""baseName"":""こむぎ"",""variety"":""クロワッサン レギュラータイプ"",""notes"":[""パン類""]}",クロワッサンは高脂肪・加工度の高いパン類で頻繁な使用は適さないが少量なら可。,5,0,0,,,,,,,,,,,,,,,,,,,,,,,,350,174987,38.8,"Croissant, regular type"
01,01035,こむぎ　［パン類］　クロワッサン　リッチタイプ,20.0,7.9,26.8,1.8,1.4,438,21,67,470,90,17,0.6,0.6,0.10,0.29,-,-,(0),0.1,1.9,0.08,0.03,1.0,0.03,(Tr),33,0.44,"{""baseName"":""こむぎ"",""variety"":""クロワッサン リッチタイプ"",""notes"":[""パン類""]}",クロワッサンは小麦・バターを含む高脂質の焼き菓子で、頻繁には不向きだが少量であれば素材として使える。,5,1,1,(300),(570),(190),(140),(190),(330),(430),(250),(680),(250),(93),(360),(190),(290),(24.26),(3.15),(0.22),(2.93),(2900),(220),(0),(0),(0),402.8,174987,38.8,"Croissant, rich type"
01,01210,こむぎ　［パン類］　くるみパン,(39.2),(8.2),(12.6),(2.4),(1.3),292,(35),(88),(310),(150),(33),(0.8),(0.9),(0.23),(0.61),(2),(18),(15),(0.1),(0.4),(0.11),(0.09),(0.8),(0.11),(Tr),(45),(0.55),"{""baseName"":""こむぎ"",""variety"":""くるみパン"",""notes"":[""パン類""]}",くるみが含まれており、くるみは犬に有害となるリスクがあるため使用不可。,1,0,0,,,,,,,,,,,,,,,,,,,,,,,,350,170593,,Walnut bread
01,01036,こむぎ　［パン類］　イングリッシュマフィン,46.0,8.1,3.6,1.2,1.5,224,53,96,480,84,19,0.9,0.8,0.12,0.28,-,-,(0),(0),0.3,0.15,0.08,1.2,0.05,(0),23,0.32,"{""baseName"":""こむぎ"",""variety"":""イングリッシュマフィン"",""notes"":[""パン類""]}",小麦製品のパンで可消化の炭水化物源だが加工品のため使用量に注意が必要,6,1,1,(310),(580),(190),(140),(200),(340),(440),(260),(690),(250),(96),(360),(190),(300),(3.09),(1.19),(0.06),(1.13),(1100),(59),(0),(0),(0),197.55,174093,6.5,English muffin
01,01037,こむぎ　［パン類］　ナン,37.2,10.3,3.4,2.0,1.5,257,11,77,530,97,22,0.8,0.7,0.11,0.30,-,-,(0),(0),0.6,0.13,0.06,1.3,0.05,(0),36,0.55,"{""baseName"":""こむぎ"",""variety"":""ナン"",""notes"":[""パン類""]}",ナン（小麦製）は消化しやすい炭水化物源として利用可能な素材。,8,1,1,(390),(750),(260),(190),(270),(460),(530),(340),(870),(320),(130),(470),(240),(400),2.98,1.00,0.19,0.81,810,190,0,0,0,224.55,174077,10.1,Naan
01,01148,こむぎ　［パン類］　ベーグル,32.3,9.6,2.0,2.5,1.4,270,24,81,460,97,24,1.3,0.7,0.11,0.45,-,-,-,-,0.2,0.19,0.08,2.0,0.06,-,47,0.28,"{""baseName"":""こむぎ"",""variety"":""ベーグル"",""notes"":[""パン類""]}",ベーグル等のパン類は加工食品で炭水化物源として使えるが主要たんぱく源としては劣る,6,1,1,350,650,170,130,210,340,480,290,780,280,100,400,220,330,1.82,0.63,0.04,0.59,590,40,0,0,0,233.3,174901,,Bagel
01,01038,こむぎ　［うどん・そうめん類］　うどん　生,33.5,6.1,0.6,3.6,3.0,249,18,49,1000,90,13,0.3,0.3,0.08,0.39,2,6,(0),(0),0.2,0.09,0.03,0.6,0.03,(0),5,0.36,"{""baseName"":""こむぎ"",""variety"":""うどん"",""state"":""生"",""notes"":[""うどん・そうめん類""]}",うどん（生）は小麦由来の炭水化物で素材にはなり得るが加工食品である点は留意。,6,1,1,220,410,120,83,140,220,300,170,480,170,65,250,130,210,(0.50),(0.31),(0.02),(0.29),(290),(16),(0),(0),(0),212.65,168908,,"Udon noodles, raw"
01,01039,こむぎ　［うどん・そうめん類］　うどん　ゆで,75.0,2.6,0.4,1.3,0.4,95,6,18,120,9,6,0.2,0.1,0.04,0.12,Tr,2,(0),(0),0.1,0.02,0.01,0.2,0.01,(0),2,0.13,"{""baseName"":""こむぎ"",""variety"":""うどん"",""state"":""ゆで"",""notes"":[""うどん・そうめん類""]}",茹でうどんは消化しやすい炭水化物源で犬のレシピ素材として利用しやすい,8,1,1,94,180,51,40,53,93,130,82,210,73,27,110,57,93,(0.33),(0.20),(0.01),(0.19),(190),(10),(0),(0),(0),83.55,168914,1.6,"Udon noodles, cooked"
01,01186,こむぎ　［うどん・そうめん類］　うどん　半生うどん,23.8,(7.8),(3.4),4.1,(2.5),296,(22),(64),(1200),(98),(15),(0.6),(0.3),(0.09),(0.45),(2),(6),0,(0),(0.2),(0.10),(0.03),(0.7),(0.03),(0),(6),(0.41),"{""baseName"":""こむぎ"",""variety"":""うどん 半生うどん"",""notes"":[""うどん・そうめん類""]}",半生うどんは炭水化物源として使えるが加工品であり塩分・調味に注意が必要,7,1,1,(280),(530),(150),(110),(170),(280),(390),(220),(610),(220),(83),(320),(170),(270),(2.80),(1.71),(0.09),(1.63),(1600),(85),(0),(0),(0),252.35,168908,,"Udon noodles, semi-dried"
01,01041,こむぎ　［うどん・そうめん類］　干しうどん　乾,13.5,8.5,1.1,2.4,5.0,333,17,70,1700,130,19,0.6,0.4,0.11,0.50,0,10,(0),(0),0.3,0.08,0.02,0.9,0.04,(0),9,0.45,"{""baseName"":""こむぎ"",""variety"":""干しうどん"",""state"":""乾"",""notes"":[""うどん・そうめん類""]}",干しうどんは消化しやすい炭水化物源として使用可能,7,1,1,320,630,180,130,210,340,460,280,730,270,99,380,200,320,(0.91),(0.56),(0.03),(0.53),(530),(29),(0),(0),(0),282.35,168908,,"Udon noodles, dried"
01,01042,こむぎ　［うどん・そうめん類］　干しうどん　ゆで,70.0,3.1,0.5,0.7,0.6,117,7,24,210,14,4,0.2,0.1,0.04,0.14,-,-,(0),(0),0.1,0.02,0.01,0.2,0.01,(0),2,0.14,"{""baseName"":""こむぎ"",""variety"":""干しうどん"",""state"":""ゆで"",""notes"":[""うどん・そうめん類""]}",ゆでうどんは調理済みの炭水化物源で犬のレシピに使いやすい。,7,1,1,(120),(230),(66),(48),(75),(120),(170),(100),(270),(99),(36),(140),(74),(120),(0.41),(0.25),(0.01),(0.24),(240),(13),(0),(0),(0),102.95,168909,,"Udon noodles, dried, cooked"
01,01043,こむぎ　［うどん・そうめん類］　そうめん・ひやむぎ　乾,12.5,9.5,1.1,2.5,4.2,333,17,70,1500,120,22,0.6,0.4,0.12,0.44,0,16,(0),(0),0.3,0.08,0.02,0.9,0.03,(0),8,0.70,"{""baseName"":""こむぎ"",""variety"":""そうめん・ひやむぎ"",""state"":""乾"",""notes"":[""うどん・そうめん類""]}",乾麺のそうめん・ひやむぎは小麦由来の炭水化物源として利用可能,8,1,1,370,700,190,150,230,370,510,320,830,290,110,430,230,360,(0.91),(0.56),(0.03),(0.53),(530),(29),(0),(0),(0),288.3,168908,,"Somen or hiyamugi noodles, dried"
01,01044,こむぎ　［うどん・そうめん類］　そうめん・ひやむぎ　ゆで,70.0,3.5,0.4,0.9,0.3,114,6,24,85,5,5,0.2,0.2,0.05,0.12,0,6,(0),(0),0.1,0.02,0.01,0.2,Tr,(0),2,0.25,"{""baseName"":""こむぎ"",""variety"":""そうめん・ひやむぎ"",""state"":""ゆで"",""notes"":[""うどん・そうめん類""]}",ゆでた小麦麺は消化しやすい炭水化物源だが、たんぱく質等は少ないため補助的素材として適する。,7,1,1,140,270,72,60,73,130,190,130,320,110,41,160,87,140,(0.33),(0.20),(0.01),(0.19),(190),(10),(0),(0),(0),102.8,168909,,"Somen or hiyamugi noodles, cooked"
01,01045,こむぎ　［うどん・そうめん類］　手延そうめん・手延ひやむぎ　乾,14.0,9.3,1.5,1.8,6.3,312,20,70,2300,110,23,0.6,0.4,0.14,0.43,1,22,(0),(0),0.1,0.06,0.02,0.9,0.03,(0),10,0.52,"{""baseName"":""こむぎ"",""variety"":""手延そうめん・手延ひやむぎ"",""state"":""乾"",""notes"":[""うどん・そうめん類""]}",炭水化物源として利用可能だが、小麦アレルギーの犬もいるため留意が必要。,7,1,1,350,690,200,130,220,350,490,300,800,290,110,410,220,360,1.36,0.75,0.03,0.73,730,26,0,0,0,280.15,168908,,"Hand-stretched somen or hiyamugi noodles, dried"
01,01046,こむぎ　［うどん・そうめん類］　手延そうめん・手延ひやむぎ　ゆで,70.0,3.5,0.6,1.0,0.4,119,6,23,130,5,4,0.2,0.1,0.05,0.12,-,-,(0),(0),Tr,0.03,0.01,0.2,0,(0),2,0.16,"{""baseName"":""こむぎ"",""variety"":""手延そうめん・手延ひやむぎ"",""state"":""ゆで"",""notes"":[""うどん・そうめん類""]}",ゆでた小麦麺で炭水化物源として使用可能,7,1,1,(130),(260),(75),(50),(83),(130),(190),(110),(300),(110),(41),(150),(83),(140),(0.54),(0.30),(0.01),(0.29),(290),(10),(0),(0),(0),103.1,168909,,"Hand-stretched somen or hiyamugi noodles, cooked"
01,01047,こむぎ　［中華めん類］　中華めん　生,33.0,8.6,1.2,5.4,1.5,249,21,66,410,350,13,0.5,0.4,0.09,0.35,Tr,33,(0),(0),0.2,0.02,0.02,0.6,0.02,(0),8,0.55,"{""baseName"":""こむぎ"",""variety"":""中華めん"",""state"":""生"",""notes"":[""中華めん類""]}",小麦を主成分とする麺類で炭水化物源として使用可。調理して与えるのが一般的,7,1,1,350,670,200,140,190,340,500,330,830,280,100,420,220,350,(0.99),(0.61),(0.03),(0.58),(580),(31),(0),(0),(0),216.35,169742,5.5,"Chinese noodles, raw"
01,01048,こむぎ　［中華めん類］　中華めん　ゆで,65.0,4.9,0.6,2.8,0.3,133,20,29,70,60,7,0.3,0.2,0.05,0.18,0,17,(0),(0),0.1,0.01,0.01,0.2,0,Tr,3,0.25,"{""baseName"":""こむぎ"",""variety"":""中華めん"",""state"":""ゆで"",""notes"":[""中華めん類""]}",中華めんは炭水化物源として使えるが加工食品である,6,1,1,(200),(380),(110),(81),(110),(190),(290),(190),(470),(160),(58),(240),(120),(200),(0.50),(0.31),(0.02),(0.29),(290),(16),(0),(0),(0),114.65,168914,1.6,"Chinese noodles, cooked"
01,01187,こむぎ　［中華めん類］　半生中華めん　,23.7,(9.9),(4.0),6.2,(1.3),305,(21),(72),(470),(430),(15),(0.7),(0.4),(0.10),(0.40),(1),(35),0,(0),(Tr),(0.07),(0.03),(0.7),(0.02),(0),(9),(0.63),"{""baseName"":""こむぎ"",""variety"":""半生中華めん"",""notes"":[""中華めん類""]}",半生中華めんは炭水化物源として使えるが精製度が高く単体での栄養価は限定的,6,1,1,(410),(770),(230),(160),(220),(390),(580),(380),(960),(320),(120),(480),(250),(400),(3.36),(2.07),(0.10),(1.97),(2000),(97),(0),(0),(0),245.35,169742,5.5,"Chinese noodles, semi-dried"
01,01049,こむぎ　［中華めん類］　蒸し中華めん　蒸し中華めん,57.4,4.9,1.7,3.1,0.5,162,10,40,110,80,9,0.4,0.2,0.06,0.23,Tr,9,(0),(0),0.1,0,0.16,0.3,0.02,(0),4,0.19,"{""baseName"":""こむぎ"",""variety"":""蒸し中華めん 蒸し中華めん"",""notes"":[""中華めん類""]}",蒸し中華めんは炭水化物源として使えるが加工度が高めの素材である,6,1,1,200,380,110,97,130,230,270,160,430,150,65,230,130,190,(1.39),(0.85),(0.04),(0.81),(810),(40),(0),(0),(0),145,167677,8.9,Steamed Chinese noodles
01,01188,こむぎ　［中華めん類］　蒸し中華めん  ソテー,50.4,5.2,4.9,3.6,0.6,211,10,43,130,87,10,0.4,0.2,0.06,0.25,0,10,(0),(0),0.1,0,0,0.3,0.02,Tr,4,0.21,"{""baseName"":""こむぎ"",""variety"":""蒸し中華めん  ソテー"",""notes"":[""中華めん類""]}",蒸し中華めんは炭水化物源として使えるが加工度が高い加工食品である。,6,1,1,(220),(400),(110),(100),(140),(250),(290),(170),(460),(170),(70),(250),(140),(200),(4.07),(1.52),(0.27),(1.25),(1300),(270),(0),(0),(0),183.4,167677,8.9,"Steamed Chinese noodles, sauteed"
01,01050,こむぎ　［中華めん類］　干し中華めん　乾,14.7,11.7,1.6,6.0,1.9,337,21,82,410,300,23,1.1,0.5,0.15,0.44,0,24,(0),(0),0.2,0.02,0.03,0.8,0.05,(0),11,0.76,"{""baseName"":""こむぎ"",""variety"":""干し中華めん"",""state"":""乾"",""notes"":[""中華めん類""]}",干し中華めんは炭水化物源として利用可能な加工穀類,7,1,1,(480),(910),(270),(190),(260),(460),(680),(450),(1100),(380),(140),(570),(290),(470),(1.33),(0.82),(0.04),(0.78),(780),(38),(0),(0),(0),278.9,169742,5.5,"Chinese noodles, dried"
01,01051,こむぎ　［中華めん類］　干し中華めん　ゆで,66.8,4.9,0.5,2.6,0.3,131,13,29,66,42,10,0.4,0.2,0.05,0.18,0,9,(0),(0),Tr,0,0,0.1,0.01,Tr,3,0.25,"{""baseName"":""こむぎ"",""variety"":""干し中華めん"",""state"":""ゆで"",""notes"":[""中華めん類""]}",ゆで麺は原材料が小麦主体の安全な炭水化物源で、料理素材として利用可能。,7,1,1,(200),(380),(110),(80),(110),(190),(280),(190),(470),(160),(57),(240),(120),(200),(0.43),(0.26),(0.01),(0.25),(250),(12),(0),(0),(0),108.55,169742,5.5,"Chinese noodles, dried, cooked"
01,01052,こむぎ　［中華めん類］　沖縄そば　生,32.3,9.2,2.0,2.1,2.3,266,11,65,810,340,50,0.7,1.1,0.18,0.69,-,-,(0),(0),0.3,0.02,0.04,0.8,0.11,(0),15,0.63,"{""baseName"":""こむぎ"",""variety"":""沖縄そば"",""state"":""生"",""notes"":[""中華めん類""]}",沖縄そば（生麺）は小麦由来の炭水化物源として使えるが加工食品である。,6,1,1,(380),(720),(210),(150),(210),(360),(540),(350),(890),(300),(110),(450),(230),(370),(1.66),(1.02),(0.05),(0.97),(970),(52),(0),(0),(0),231.55,168906,,"Okinawa soba, raw"
01,01053,こむぎ　［中華めん類］　沖縄そば　ゆで,65.5,5.2,0.8,1.5,0.5,132,9,28,170,80,28,0.4,0.6,0.10,0.37,-,-,(0),(0),0.2,0.01,0.02,0.2,0.03,(0),6,0.23,"{""baseName"":""こむぎ"",""variety"":""沖縄そば"",""state"":""ゆで"",""notes"":[""中華めん類""]}",沖縄そば（小麦麺）は炭水化物源として利用可能だが加工食品のため主成分としては控えめに。,6,1,1,(210),(410),(120),(86),(120),(200),(300),(200),(500),(170),(61),(250),(130),(210),(0.66),(0.41),(0.02),(0.39),(390),(21),(0),(0),(0),117.75,168907,,"Okinawa soba, cooked"
01,01054,こむぎ　［中華めん類］　干し沖縄そば　乾,13.7,12.0,1.7,2.1,4.8,317,23,100,1700,130,22,1.5,0.4,0.11,0.38,-,-,(0),(0),0.1,0.12,0.05,1.1,0.05,(0),8,0.49,"{""baseName"":""こむぎ"",""variety"":""干し沖縄そば"",""state"":""乾"",""notes"":[""中華めん類""]}",乾燥沖縄そば（小麦）は精製炭水化物の加工品であり、主素材としては限りがあるが使用は可能。,6,1,1,(490),(930),(280),(200),(270),(470),(700),(460),(1200),(390),(140),(590),(300),(480),(1.41),(0.86),(0.04),(0.82),(820),(44),(0),(0),(0),286.4,168908,,"Okinawa soba, dried"
01,01055,こむぎ　［中華めん類］　干し沖縄そば　ゆで,65.0,5.2,0.6,1.5,0.6,132,11,36,200,10,8,0.5,0.1,0.05,0.16,-,-,(0),(0),Tr,0.02,0.02,0.2,0.01,(0),3,0.18,"{""baseName"":""こむぎ"",""variety"":""干し沖縄そば"",""state"":""ゆで"",""notes"":[""中華めん類""]}",茹でた沖縄そばは炭水化物源として利用できるが、スープや添付調味料の有無に注意。,6,1,1,(210),(410),(120),(86),(120),(200),(300),(200),(500),(170),(61),(250),(130),(210),(0.50),(0.31),(0.02),(0.29),(290),(16),(0),(0),(0),118.15,168907,,"Okinawa soba, dried, cooked"
01,01056,こむぎ　［即席めん類］　即席中華めん　油揚げ味付け,2.0,10.1,16.7,2.5,7.7,424,430,110,2500,260,29,1.0,0.5,0.13,0.82,-,-,0,0,3.1,1.46,1.67,1.0,0.06,0,12,0.41,"{""baseName"":""こむぎ"",""variety"":""即席中華めん 油揚げ味付け"",""notes"":[""即席めん類""]}",インスタントめんは調味料や油が含まれる複合加工食品で犬の素材としては不向き。,3,1,1,330,620,170,130,200,330,450,270,710,270,92,400,210,330,15.58,2.25,0.06,2.19,2200,58,0,0,0,390.8,168905,9,"Instant Chinese noodles, fried, seasoned"
01,01057,こむぎ　［即席めん類］　即席中華めん　油揚げ　乾　（添付調味料等を含むもの）,3.0,10.1,19.1,2.4,6.4,439,230,110,2200,150,25,0.9,0.5,0.16,0.53,2,16,0,0,2.2,0.55,0.83,0.9,0.05,Tr,10,0.44,"{""baseName"":""こむぎ"",""variety"":""即席中華めん 油揚げ"",""state"":""乾"",""notes"":[""即席めん類"",""添付調味料等を含むもの""]}",即席中華めんは調味料に塩分・油分やネギ類が含まれる場合があり、複合加工品として注意が必要,3,0,1,,,,,,,,,,,,,,,17.81,2.20,0.09,2.11,2100,78,0,6,Tr,404.2,169735,8.1,"Instant Chinese noodles, fried, dried (with seasoning)"
01,01198,こむぎ　［即席めん類］　即席中華めん　油揚げ　調理後全体　（添付調味料等を含むもの）,(78.5),(2.3),(4.4),(0.5),(1.3),100,(28),(20),(430),(33),(6),(0.2),(0.1),(0.03),(0.12),(Tr),(4),0,0,(0.5),(0.02),(0.13),(0.2),(0.01),0,(2),(0.10),"{""baseName"":""こむぎ"",""variety"":""即席中華めん 油揚げ 調理後全体"",""notes"":[""即席めん類"",""添付調味料等を含むもの""]}",即席中華めん（添付調味料含む）は多くの調味料・添加物や塩分・香辛料を含むため犬用素材としては不向き,3,0,1,,,,,,,,,,,,,,,(4.17),(0.51),(0.01),(0.49),(490),(14),(0),(0),(0),350,169735,8.1,"Instant Chinese noodles, fried, prepared (with seasoning)"
01,01189,こむぎ　［即席めん類］　即席中華めん　油揚げ　ゆで　（添付調味料等を含まないもの）,59.8,3.9,7.7,2.6,0.7,189,95,40,150,34,8,0.2,0.2,0.05,0.17,1,9,0,0,0.8,0.05,0.06,0.3,0.01,Tr,3,0.11,"{""baseName"":""こむぎ"",""variety"":""即席中華めん 油揚げ"",""state"":""ゆで"",""notes"":[""即席めん類"",""添付調味料等を含まないもの""]}",油揚げ即席麺は加工度が高く脂質や添加成分があるため限定的な使用が望ましい。,5,1,1,140,280,76,0,83,83,200,130,330,110,44,170,90,150,6.77,0.82,0.03,0.80,790,28,0,0,2,167.65,167668,5.5,"Instant Chinese noodles, fried, cooked (without seasoning)"
01,01144,こむぎ　［即席めん類］　即席中華めん　油揚げ　乾　（添付調味料等を含まないもの）,3.7,8.9,19.6,5.5,2.3,453,220,97,580,150,20,0.6,0.4,0.09,0.42,1,24,0,0,2.2,0.16,0.19,1.1,0.05,Tr,9,0.26,"{""baseName"":""こむぎ"",""variety"":""即席中華めん 油揚げ"",""state"":""乾"",""notes"":[""即席めん類"",""添付調味料等を含まないもの""]}",小麦製の油揚げ麺は炭水化物源として使えるが加工度と脂質に注意。,5,1,1,340,650,180,140,220,350,470,280,750,260,100,390,210,330,17.81,2.16,0.07,2.09,2100,73,0,0,5,407.75,169735,8.1,"Instant Chinese noodles, fried, dried (without seasoning)"
01,01058,こむぎ　［即席めん類］　即席中華めん　非油揚げ　乾　（添付調味料等を含むもの）,10.0,10.3,5.2,2.3,7.4,336,110,110,2700,260,25,0.8,0.4,0.11,0.66,13,8,Tr,0,1.3,0.21,0.04,1.0,0.05,Tr,14,0.37,"{""baseName"":""こむぎ"",""variety"":""即席中華めん 非油揚げ"",""state"":""乾"",""notes"":[""即席めん類"",""添付調味料等を含むもの""]}",即席めんは高塩分・添加物・調味料を含むため素材としては不適切。,3,0,1,,,,,,,,,,,,,,,4.67,1.55,0.10,1.45,1400,98,0,0,2,307.05,171615,5.6,"Instant Chinese noodles, non-fried, dried (with seasoning)"
01,01199,こむぎ　［即席めん類］　即席中華めん　非油揚げ　調理後全体　（添付調味料等を含むもの）,(76.2),(3.0),(0.8),(0.6),(1.2),93,(6),(26),(430),(68),(6),(0.2),(0.1),(0.03),(0.17),(4),(2),0,0,(0.2),(0.01),(0.01),(0.2),(0.01),0,(4),(0.10),"{""baseName"":""こむぎ"",""variety"":""即席中華めん 非油揚げ 調理後全体"",""notes"":[""即席めん類"",""添付調味料等を含むもの""]}",即席めんは調味料や添加物・塩分を含む複合調理済み食品のため素材としては注意が必要,3,0,1,,,,,,,,,,,,,,,(0.72),(0.25),(0.01),(0.23),(230),(13),(0),(0),(0),350,172906,7,"Instant Chinese noodles, non-fried, prepared (with seasoning)"
01,01190,こむぎ　［即席めん類］　即席中華めん　非油揚げ　ゆで　（添付調味料等を含まないもの）,63.9,3.4,0.8,2.7,0.9,139,94,46,230,64,8,0.2,0.2,0.04,0.17,1,5,0,0,0.7,Tr,Tr,0.4,0.01,0,3,0.12,"{""baseName"":""こむぎ"",""variety"":""即席中華めん 非油揚げ"",""state"":""ゆで"",""notes"":[""即席めん類"",""添付調味料等を含まないもの""]}",ゆでた即席中華めんは炭水化物源として利用可能,7,1,1,140,260,71,57,68,130,190,120,310,110,42,160,90,130,0.61,0.24,0.01,0.23,230,12,0,0,0,117.75,169762,25.7,"Instant Chinese noodles, non-fried, cooked (without seasoning)"
01,01145,こむぎ　［即席めん類］　即席中華めん　非油揚げ　乾　（添付調味料等を含まないもの）,10.7,8.5,1.9,6.5,3.7,334,230,130,1200,310,21,0.6,0.4,0.08,0.50,3,14,0,0,1.7,0.01,0.01,1.1,0.05,Tr,8,0.34,"{""baseName"":""こむぎ"",""variety"":""即席中華めん 非油揚げ"",""state"":""乾"",""notes"":[""即席めん類"",""添付調味料等を含まないもの""]}",乾麺は炭水化物源として利用可能だが加工食品であり単体の栄養価は限定的。,6,1,1,330,630,180,130,200,320,460,280,730,260,100,380,210,320,1.47,0.60,0.03,0.57,570,33,0,0,0,286.35,169742,5.5,"Instant Chinese noodles, non-fried, dried (without seasoning)"
01,01193,こむぎ　［即席めん類］　中華スタイル即席カップめん　油揚げ　塩味　乾　（添付調味料等を含むもの）,5.3,10.9,18.5,5.8,6.7,422,190,110,2300,190,25,0.7,0.5,0.09,0.41,5,22,2,0.2,3.1,0.90,0.61,1.2,0.07,0.1,16,0.30,"{""baseName"":""こむぎ"",""variety"":""中華スタイル即席カップめん 油揚げ 塩味"",""state"":""乾"",""notes"":[""即席めん類"",""添付調味料等を含むもの""]}",即席カップめんは添付調味料を含む加工食品で塩分や添加物が多く素材としては不向きな点がある。,3,1,1,360,680,300,150,200,340,460,300,760,320,100,420,230,440,16.95,2.12,0.07,2.05,2000,71,0,0,7,380.2,171615,5.6,"Instant cup noodles, Chinese style, fried, salt flavor, dried (with seasoning)"
01,01201,こむぎ　［即席めん類］　中華スタイル即席カップめん　油揚げ　塩味　調理後全体　（添付調味料等を含むもの）,(79.8),(2.5),(4.2),(1.3),(1.5),92,(43),(24),(520),(43),(6),(0.2),(0.1),(0.02),(0.09),(1),(5),(Tr),(Tr),(0.7),(0.20),(0.14),(0.3),(0.02),(Tr),(4),(0.07),"{""baseName"":""こむぎ"",""variety"":""中華スタイル即席カップめん 油揚げ 塩味 調理後全体"",""notes"":[""即席めん類"",""添付調味料等を含むもの""]}",添付調味料を含む即席カップ麺は塩分・脂質・香辛料が高く、素材としては不適切。,3,1,1,(82),(150),(68),(33),(44),(77),(100),(67),(170),(71),(23),(95),(52),(99),(3.82),(0.48),(0.02),(0.46),(460),(16),(0),(0),(1),350,168919,25.7,"Instant cup noodles, Chinese style, fried, salt flavor, prepared (with seasoning)"
01,01194,こむぎ　［即席めん類］　中華スタイル即席カップめん　油揚げ　塩味　調理後のめん　（スープを残したもの）,62.0,3.8,7.7,2.2,1.3,175,76,34,440,37,7,0.3,0.2,0.04,0.14,1,9,0,0,1.2,0.19,0.14,0.3,0.02,Tr,4,0.10,"{""baseName"":""こむぎ"",""variety"":""中華スタイル即席カップめん 油揚げ 塩味 調理後のめん"",""notes"":[""即席めん類"",""スープを残したもの""]}",即席カップめんのめんは加工度が高く添加物や香辛料を含むため素材としては不向き,3,1,1,130,250,69,53,67,120,180,110,290,110,38,150,83,130,6.92,0.83,0.02,0.81,800,24,0,0,1,159.25,171585,,"Instant cup noodles, Chinese style, fried, salt flavor, cooked noodles (soup discarded)"
01,01191,こむぎ　［即席めん類］　中華スタイル即席カップめん　油揚げ　しょうゆ味　乾　（添付調味料等を含むもの）,9.7,10.0,19.1,6.1,6.6,417,200,110,2500,180,26,0.8,0.5,0.07,0.40,12,19,1,0,2.7,0.61,0.52,1.2,0.06,0.1,14,0.20,"{""baseName"":""こむぎ"",""variety"":""中華スタイル即席カップめん 油揚げ しょうゆ味"",""state"":""乾"",""notes"":[""即席めん類"",""添付調味料等を含むもの""]}",即席カップめんは加工度が高く調味料・添加物・油分が多いため素材として不適。,3,1,1,320,600,240,130,170,310,420,260,680,270,93,370,200,370,17.78,2.30,0.08,2.21,2200,83,0,0,11,367.1,171615,5.6,"Instant cup noodles, Chinese style, fried, soy sauce flavor, dried (with seasoning)"
01,01200,こむぎ　［即席めん類］　中華スタイル即席カップめん　油揚げ　しょうゆ味　調理後全体　（添付調味料等を含むもの）,(80.8),(2.3),(4.5),(1.4),(1.6),90,(46),(27),(590),(43),(6),(0.2),(0.1),(0.02),(0.09),(3),(4),0,0,(0.6),(0.14),(0.12),(0.3),(0.01),(Tr),(3),(0.05),"{""baseName"":""こむぎ"",""variety"":""中華スタイル即席カップめん 油揚げ しょうゆ味 調理後全体"",""notes"":[""即席めん類"",""添付調味料等を含むもの""]}",即席カップめんは加工品で塩分や添加物が多く犬の素材としては不向き,3,1,1,(75),(140),(58),(31),(41),(72),(98),(62),(160),(64),(22),(88),(46),(87),(4.18),(0.54),(0.02),(0.52),(520),(20),(0),(0),(3),350,172906,7,"Instant cup noodles, Chinese style, fried, soy sauce flavor, prepared (with seasoning)"
01,01192,こむぎ　［即席めん類］　中華スタイル即席カップめん　油揚げ　しょうゆ味　調理後のめん　（スープを残したもの）,69.1,3.0,5.8,1.9,1.4,142,74,28,450,33,6,0.2,0.1,0.04,0.13,3,7,0,0,0.9,0.15,0.14,0.3,0.01,Tr,3,0.07,"{""baseName"":""こむぎ"",""variety"":""中華スタイル即席カップめん 油揚げ しょうゆ味 調理後のめん"",""notes"":[""即席めん類"",""スープを残したもの""]}",即席めんは油分・塩分や添加物が多い加工食品で、素材としては不向き。,3,1,1,100,190,56,41,50,91,140,91,230,81,31,120,64,110,5.35,0.66,0.02,0.64,630,20,0,0,1,125.6,171585,,"Instant cup noodles, Chinese style, fried, soy sauce flavor, cooked noodles (soup discarded)"
01,01060,こむぎ　［即席めん類］　中華スタイル即席カップめん　油揚げ　焼きそば　乾　（添付調味料等を含むもの）,11.1,8.2,18.6,5.7,4.5,418,180,89,1500,180,27,1.0,0.4,0.12,0.56,6,16,0,0,3.1,0.48,0.66,0.8,0.06,Tr,13,0.38,"{""baseName"":""こむぎ"",""variety"":""中華スタイル即席カップめん 油揚げ 焼きそば"",""state"":""乾"",""notes"":[""即席めん類"",""添付調味料等を含むもの""]}",即席カップめん（焼きそば、添付調味料含む）は複合加工食品で塩分・添加物が多く素材としては不向き,3,1,1,280,530,170,100,160,270,380,220,600,220,79,330,180,290,16.76,2.58,0.12,2.47,2400,120,0,0,5,368.45,171177,5.5,"Instant cup noodles, Chinese style, fried, yakisoba, dried (with seasoning)"
01,01202,こむぎ　［即席めん類］　中華スタイル即席カップめん　油揚げ　焼きそば　調理後全体　（添付調味料等を含むもの）,(53.6),(5.0),(11.3),(3.3),(2.5),222,(94),(54),(910),(100),(14),(0.4),(0.3),(0.06),(0.30),(3),(9),0,0,(1.8),(0.28),(0.30),(0.6),(0.04),(Tr),(9),(0.15),"{""baseName"":""こむぎ"",""variety"":""中華スタイル即席カップめん 油揚げ 焼きそば 調理後全体"",""notes"":[""即席めん類"",""添付調味料等を含むもの""]}",即席カップめんは調味料を含む複合加工食品で塩分・香辛料などが多く素材向きではない。,4,1,1,(170),(320),(100),(63),(100),(160),(230),(130),(360),(140),(48),(200),(110),(180),(10.11),(1.56),(0.07),(1.49),(1500),(71),(0),(0),(3),350,171177,5.5,"Instant cup noodles, Chinese style, fried, yakisoba, prepared (with seasoning)"
01,01061,こむぎ　［即席めん類］　中華スタイル即席カップめん　非油揚げ　乾　（添付調味料等を含むもの）,15.2,9.2,5.8,6.4,7.2,314,48,100,2800,250,26,1.2,0.4,0.10,0.66,58,14,Tr,0,1.1,0.16,0.13,0.8,0.07,Tr,21,0.35,"{""baseName"":""こむぎ"",""variety"":""中華スタイル即席カップめん 非油揚げ"",""state"":""乾"",""notes"":[""即席めん類"",""添付調味料等を含むもの""]}",加工度が高く調味料・塩分が多い即席めんは素材としては不向き。,3,1,1,290,550,250,130,140,260,380,230,610,260,80,350,200,370,5.21,1.31,0.10,1.21,1200,100,0,0,7,278.2,171615,5.6,"Instant cup noodles, Chinese style, non-fried, dried (with seasoning)"
01,01203,こむぎ　［即席めん類］　中華スタイル即席カップめん　非油揚げ　調理後全体　（添付調味料等を含むもの）,(83.5),(2.5),(2.1),(1.5),(1.7),66,(44),(34),(560),(77),(7),(0.2),(0.1),(0.02),(0.12),(14),(3),0,(Tr),(0.3),(0.10),(0.10),(0.4),(0.02),(Tr),(4),(0.08),"{""baseName"":""こむぎ"",""variety"":""中華スタイル即席カップめん 非油揚げ 調理後全体"",""notes"":[""即席めん類"",""添付調味料等を含むもの""]}",即席カップめん（調味料含む）は香辛料や塩分・添加物が多く含まれるため、犬の素材としては注意が必要。,3,1,1,(78),(150),(67),(34),(36),(70),(100),(61),(160),(69),(21),(94),(54),(99),(1.88),(0.47),(0.04),(0.44),(430),(37),(0),(0),(2),350,172906,7,"Instant cup noodles, Chinese style, non-fried, prepared (with seasoning)"
01,01195,こむぎ　［即席めん類］　中華スタイル即席カップめん　非油揚げ　調理後のめん　（スープを残したもの）,68.8,3.4,1.3,2.5,1.2,121,76,42,380,53,7,0.3,0.1,0.03,0.17,10,5,0,0,0.3,0.05,0.06,0.3,0.01,0,3,0.07,"{""baseName"":""こむぎ"",""variety"":""中華スタイル即席カップめん 非油揚げ 調理後のめん"",""notes"":[""即席めん類"",""スープを残したもの""]}",即席めんのめん（スープを残したもの）は炭水化物源として使えるが加工度が高く塩分・添加物に注意が必要。,5,1,1,110,220,70,47,51,98,160,100,260,94,34,130,76,120,1.04,0.32,0.02,0.30,300,16,0,0,1,102.75,172906,7,"Instant cup noodles, Chinese style, non-fried, cooked noodles (soup discarded)"
01,01062,こむぎ　［即席めん類］　和風スタイル即席カップめん　油揚げ　乾　（添付調味料等を含むもの）,6.2,10.9,19.8,6.0,7.0,437,170,160,2600,150,26,1.3,0.5,0.11,0.54,430,13,0,0,2.6,0.11,0.05,1.0,0.05,0.2,12,0.25,"{""baseName"":""こむぎ"",""variety"":""和風スタイル即席カップめん 油揚げ"",""state"":""乾"",""notes"":[""即席めん類"",""添付調味料等を含むもの""]}",即席めんは多くの調味料・添加物・塩分を含む加工食品で素材としては不適切。,3,1,1,400,730,340,140,190,330,500,320,820,330,110,450,270,460,18.01,2.36,0.10,2.25,2200,100,0,0,3,381.8,171615,5.6,"Instant cup noodles, Japanese style, fried, dried (with seasoning)"
01,01204,こむぎ　［即席めん類］　和風スタイル即席カップめん　油揚げ　調理後全体　（添付調味料等を含むもの）,(80.5),(2.2),(4.7),(1.4),(1.5),91,(41),(38),(550),(34),(6),(0.2),(0.1),(0.02),(0.10),(99),(3),0,0,(0.6),(0.19),(0.08),(0.3),(0.01),(Tr),(2),(0.06),"{""baseName"":""こむぎ"",""variety"":""和風スタイル即席カップめん 油揚げ 調理後全体"",""notes"":[""即席めん類"",""添付調味料等を含むもの""]}",即席カップめんは調味料や添加物、塩分が多く加工食品で素材としては不向き,3,1,1,(79),(140),(68),(27),(37),(64),(100),(64),(160),(66),(22),(89),(52),(91),(4.24),(0.55),(0.02),(0.53),(530),(24),(0),(0),(1),350,168909,,"Instant cup noodles, Japanese style, fried, prepared (with seasoning)"
01,01196,こむぎ　［即席めん類］　和風スタイル即席カップめん　油揚げ　調理後のめん　（スープを残したもの）,64.4,2.7,7.2,2.4,1.2,163,78,48,420,26,6,0.2,0.1,0.02,0.13,77,4,0,0,1.0,0.15,0.06,0.3,0.01,Tr,3,0.07,"{""baseName"":""こむぎ"",""variety"":""和風スタイル即席カップめん 油揚げ 調理後のめん"",""notes"":[""即席めん類"",""スープを残したもの""]}",即席カップめんは調味料や香辛料、塩分を含む加工度の高い食品で、素材としては不向きな点がある。,3,1,1,94,180,55,40,49,89,130,84,220,77,28,110,66,97,6.65,0.76,0.02,0.74,740,21,0,0,0,148,168909,,"Instant cup noodles, Japanese style, fried, cooked noodles (soup discarded)"
01,01063,こむぎ　［マカロニ・スパゲッティ類］　マカロニ・スパゲッティ　乾,11.3,12.9,1.8,5.4,0.8,347,18,130,1,200,55,1.4,1.5,0.28,0.82,0,63,(0),(0),0.3,0.19,0.06,2.3,0.11,(0),13,0.65,"{""baseName"":""こむぎ"",""variety"":""マカロニ・スパゲッティ"",""state"":""乾"",""notes"":[""マカロニ・スパゲッティ類""]}",乾燥マカロニは炭水化物源として利用可能な素材,8,1,1,510,1000,260,220,310,530,700,390,1100,410,150,620,360,520,1.46,0.87,0.05,0.82,820,49,0,0,0,297.75,168927,,"Macaroni or spaghetti, dried"
01,01064,こむぎ　［マカロニ・スパゲッティ類］　マカロニ・スパゲッティ　ゆで,60.0,5.8,0.9,3.0,1.2,150,8,53,460,14,20,0.7,0.7,0.14,0.35,0,32,(0),(0),0.1,0.06,0.03,0.6,0.02,(0),4,0.28,"{""baseName"":""こむぎ"",""variety"":""マカロニ・スパゲッティ"",""state"":""ゆで"",""notes"":[""マカロニ・スパゲッティ類""]}",ゆでたマカロニ・スパゲッティは消化しやすい炭水化物源で犬のレシピ素材として適切。,8,1,1,230,450,120,100,130,230,310,180,490,180,64,270,150,230,0.69,0.41,0.02,0.38,380,22,0,0,0,129.8,172014,,"Macaroni or spaghetti, cooked"
01,01173,こむぎ　［マカロニ・スパゲッティ類］　マカロニ・スパゲッティ　ソテー,(57.0),(5.5),(5.8),(2.9),(1.2),186,(8),(50),(440),(13),(19),(0.7),(0.7),(0.13),(0.33),0,(31),0,0,(0.9),(0.06),(0.03),(0.6),(0.02),0,(4),(0.27),"{""baseName"":""こむぎ"",""variety"":""マカロニ・スパゲッティ"",""state"":""ソテー"",""notes"":[""マカロニ・スパゲッティ類""]}",茹でたマカロニ類は炭水化物源として使えるが加工品のため主素材としてはやや劣る,6,1,0,220,430,110,95,130,230,300,170,460,170,65,260,150,220,,,,,,,,,,350,168901,,"Macaroni or spaghetti, sauteed"
01,01149,こむぎ　［マカロニ・スパゲッティ類］　生パスタ　生,42.0,7.8,1.9,1.5,1.4,232,12,73,470,76,18,0.5,0.5,0.12,0.32,-,-,(0),-,0.1,0.05,0.04,1.1,0.05,(0),9,0.27,"{""baseName"":""こむぎ"",""variety"":""生パスタ"",""state"":""生"",""notes"":[""マカロニ・スパゲッティ類""]}",生パスタ（小麦）は消化性のある炭水化物源として使用可能だが加工食品である,7,1,1,310,620,200,130,170,300,440,270,710,260,93,380,200,320,1.61,0.76,0.04,0.72,720,40,0,0,6,202.35,168901,,"Fresh pasta, raw"
01,01065,こむぎ　［ふ類］　生ふ,60.0,12.7,0.8,0.5,0.3,161,13,60,7,30,18,1.3,1.8,0.25,1.04,-,-,(0),(0),Tr,0.08,0.03,0.5,0.02,(0),7,0.12,"{""baseName"":""こむぎ"",""variety"":""生ふ"",""notes"":[""ふ類""]}",生ふ（小麦製）は一般的に与えられる炭水化物源だが、グルテン感受性の個体には注意が必要。,6,1,1,(510),(960),(220),(230),(370),(600),(700),(410),(1100),(350),(150),(550),(300),(450),(0.66),(0.41),(0.02),(0.39),(390),(21),(0),(0),(0),141.2,168147,,Raw wheat gluten (namafu)
01,01066,こむぎ　［ふ類］　焼きふ　釜焼きふ,11.3,28.5,2.7,3.7,0.6,357,33,130,6,120,43,3.3,2.2,0.32,-,-,-,(0),(0),0.5,0.16,0.07,3.5,0.08,(0),16,0.58,"{""baseName"":""こむぎ"",""variety"":""焼きふ 釜焼きふ"",""notes"":[""ふ類""]}",焼きふ（小麦由来のふ類）は穀物由来の素材として利用可能,7,1,1,1200,2200,500,510,840,1400,1600,970,2600,860,330,1300,690,1000,(2.23),(1.37),(0.07),(1.30),(1300),(70),(0),(0),(0),308.9,168147,,Baked wheat gluten (kama-yaki fu)
01,01067,こむぎ　［ふ類］　焼きふ　板ふ,12.5,25.6,3.3,3.8,1.3,351,31,220,190,220,90,4.9,2.9,0.49,1.54,-,-,(0),(0),0.6,0.20,0.08,3.6,0.16,(0),22,0.79,"{""baseName"":""こむぎ"",""variety"":""焼きふ 板ふ"",""notes"":[""ふ類""]}",焼きふ（板ふ）は小麦由来の加工品でアレルギーや消化を考慮する必要があるが、素材として使える。,7,1,1,(1000),(1900),(450),(460),(750),(1200),(1400),(830),(2200),(710),(300),(1100),(610),(900),(2.73),(1.68),(0.09),(1.59),(1600),(86),(0),(0),(0),304.9,168147,,Baked wheat gluten (ita-fu)
01,01068,こむぎ　［ふ類］　焼きふ　車ふ,11.4,30.2,3.4,2.6,0.8,361,25,130,110,130,53,4.2,2.7,0.42,1.23,-,-,(0),(0),0.4,0.12,0.07,2.9,0.07,(0),11,0.47,"{""baseName"":""こむぎ"",""variety"":""焼きふ 車ふ"",""notes"":[""ふ類""]}",小麦製の伝統食材（ふ類）で消化性やアレルギーに配慮すれば素材として使える。,7,1,1,(1200),(2300),(530),(540),(880),(1400),(1700),(980),(2700),(840),(350),(1300),(720),(1100),(2.81),(1.73),(0.09),(1.64),(1600),(88),(0),(0),(0),315.2,168147,,"Wheat gluten, grilled (kuruma-fu)"
01,01177,こむぎ　［ふ類］　油ふ,7.1,22.7,35.3,-,0.4,547,19,95,22,71,28,1.7,1.4,0.21,0.94,Tr,38,-,0,3.9,0.07,0.03,1.8,0.06,0.1,17,0.22,"{""baseName"":""こむぎ"",""variety"":""油ふ"",""notes"":[""ふ類""]}",油ふ（小麦由来の加工食品）は使用可能だが加工度が高くアレルギーに注意,6,0,0,,,,,,,,,,,,,,,,,,,,,,,,500.25,172451,106.3,"Wheat gluten, fried"
01,01070,こむぎ　［その他］　小麦はいが,3.6,32.0,11.6,14.3,4.5,391,42,1100,3,1100,310,9.4,16.0,0.89,-,-,-,(0),(0),28.0,1.82,0.71,4.2,1.24,(0),390,1.34,"{""baseName"":""こむぎ"",""variety"":""小麦はいが"",""notes"":[""その他""]}",焙焼した小麦副産物は食物繊維源になり得るが加工品である,6,1,1,1100,2100,2200,590,470,1100,1300,850,2200,1400,350,1700,860,2800,9.98,6.50,0.75,5.75,5700,750,-,-,-,329.6,168892,,Wheat germ
01,01071,こむぎ　［その他］　小麦たんぱく　粉末状,6.5,72.0,9.7,2.4,1.2,398,75,180,60,90,75,6.6,5.0,0.75,2.67,-,-,(0),(0),1.1,0.03,0.12,3.5,0.10,(0),34,0.61,"{""baseName"":""こむぎ"",""variety"":""小麦たんぱく 粉末状"",""notes"":[""その他""]}",小麦たんぱくはタンパク源として利用できるが一部で消化性に注意,7,1,1,3100,5400,1400,1300,1600,2900,4100,2600,6700,2200,790,3400,1800,2800,(6.49),(4.25),(0.25),(4.00),(4000),(250),(0),(0),(0),363.15,168147,,"Wheat gluten, powdered"
01,01072,こむぎ　［その他］　小麦たんぱく　粒状,76.0,20.0,2.0,0.4,0.2,101,14,54,36,3,16,1.8,1.4,0.22,0.62,-,-,(0),(0),0.5,0.02,0.01,1.2,0.01,(0),5,0,"{""baseName"":""こむぎ"",""variety"":""小麦たんぱく 粒状"",""notes"":[""その他""]}",小麦たんぱく（粒状）はたんぱく源として使えるがアレルギーに注意,6,1,1,(820),(1500),(390),(350),(440),(790),(1100),(690),(1800),(560),(220),(910),(490),(750),(1.34),(0.88),(0.05),(0.82),(820),(52),(0),(0),(0),91.9,168147,,"Wheat gluten, granulated"
01,01073,こむぎ　［その他］　小麦たんぱく　ペースト状,66.0,25.0,4.1,0.5,1.0,145,30,160,230,39,54,3.0,2.4,0.36,1.57,-,-,(0),(0),1.7,0.20,0.03,2.7,0.04,(0),17,0.45,"{""baseName"":""こむぎ"",""variety"":""小麦たんぱく ペースト状"",""notes"":[""その他""]}",小麦たんぱくペーストはタンパク源として利用可能だがアレルギーや加工性に注意,6,1,1,(1000),(1900),(480),(440),(550),(990),(1400),(860),(2300),(700),(270),(1100),(610),(940),(2.74),(1.80),(0.11),(1.69),(1700),(110),(0),(0),(0),134.25,168147,,"Wheat gluten, paste"
01,01178,こむぎ　［その他］　かやきせんべい,9.8,10.6,1.9,-,2.7,359,19,110,970,150,27,0.8,0.6,0.15,0.76,1,5,-,0,0.3,0.17,0.02,1.2,0.09,0,16,0.39,"{""baseName"":""こむぎ"",""variety"":""かやきせんべい"",""notes"":[""その他""]}",かやきせんべいは加工された小麦製品で調味料や塩分が含まれるため注意が必要。,6,0,0,,,,,,,,,,,,,,,,,,,,,,,,315.75,173161,33.4,Kayaki rice cracker
01,01074,こむぎ　［その他］　ぎょうざの皮　生,32.0,9.3,1.4,2.2,0.3,275,16,60,2,64,18,0.8,0.6,0.12,0.28,-,-,(0),(0),0.2,0.08,0.04,0.7,0.06,(0),12,0.61,"{""baseName"":""こむぎ"",""variety"":""ぎょうざの皮"",""state"":""生"",""notes"":[""その他""]}",小麦のぎょうざの皮は炭水化物源として利用可能で犬のレシピ素材として適切,8,1,1,(340),(660),(190),(160),(240),(400),(490),(280),(780),(260),(110),(400),(220),(330),(1.16),(0.71),(0.04),(0.68),(680),(36),(0),(0),(0),236.25,172802,,"Gyoza wrappers, raw"
01,01075,こむぎ　［その他］　しゅうまいの皮　生,31.1,8.3,1.4,2.2,0.3,275,16,60,2,72,17,0.6,0.5,0.10,0.28,-,-,(0),(0),0.2,0.09,0.04,0.6,0.05,(0),9,0.50,"{""baseName"":""こむぎ"",""variety"":""しゅうまいの皮"",""state"":""生"",""notes"":[""その他""]}",小麦製のしゅうまいの皮は主にでん粉・小麦で犬でも消化可能な炭水化物源として使えるため適している,6,1,1,(300),(590),(170),(140),(210),(360),(440),(250),(690),(230),(98),(360),(200),(300),(1.16),(0.71),(0.04),(0.68),(680),(36),(0),(0),(0),239.4,169210,0,"Shumai wrappers, raw"
01,01179,こむぎ　［その他］　春巻きの皮　生,26.7,8.3,1.6,4.5,1.2,288,13,54,440,77,13,0.3,0.3,0.09,0.23,1,18,-,0,Tr,0.03,0.01,0.7,0.03,Tr,9,0.18,"{""baseName"":""こむぎ"",""variety"":""春巻きの皮"",""state"":""生"",""notes"":[""その他""]}",春巻きの皮（小麦由来の生地）は炭水化物源として利用できるが加工度があるため一般的な素材評価とする。,7,0,0,,,,,,,,,,,,,,,,,,,,,,,,244.6,169742,5.5,"Spring roll wrappers, raw"
01,01180,こむぎ　［その他］　春巻きの皮　揚げ,7.3,7.2,30.7,4.2,1.0,512,11,48,370,66,11,0.3,0.3,0.09,0.20,Tr,16,-,0,4.9,0.02,0.01,0.6,0.02,Tr,8,0.18,"{""baseName"":""こむぎ"",""variety"":""春巻きの皮 揚げ"",""notes"":[""その他""]}",春巻きの皮（揚げ）は加工油脂を含むため素材としては加工度が高い,5,0,0,,,,,,,,,,,,,,,,,,,,,,,,459.75,167667,17.9,"Spring roll wrappers, fried"
01,01076,こむぎ　［その他］　ピザ生地,35.3,9.1,3.0,2.3,1.5,265,13,77,510,91,22,0.8,0.6,0.09,0.50,-,-,(0),(0),0.3,0.15,0.11,1.0,0.05,(0),20,0.54,"{""baseName"":""こむぎ"",""variety"":""ピザ生地"",""notes"":[""その他""]}",ピザ生地は焼いて使用すれば炭水化物源になるが、生地のままでは発酵等のリスクがある。,5,0,1,,,,,,,,,,,,,,,2.57,1.37,0.13,1.24,1200,130,0,0,0,228.15,173261,,Pizza dough
01,01069,こむぎ　［その他］　ちくわぶ,60.4,7.1,1.2,1.5,0.2,160,8,31,1,3,6,0.5,0.2,0.07,0.08,-,-,(0),(0),Tr,0.01,0.02,0.3,0.01,(0),4,0.25,"{""baseName"":""こむぎ"",""variety"":""ちくわぶ"",""notes"":[""その他""]}",ちくわぶは小麦由来の加工食品で、栄養源としては限定的なため副素材扱いが望ましい。,5,1,1,(290),(530),(120),(130),(210),(330),(390),(230),(620),(200),(82),(310),(170),(250),(0.99),(0.61),(0.03),(0.58),(580),(31),(0),(0),(0),138.65,167630,,Chikuwabu
01,01077,こむぎ　［その他］　パン粉　生,35.0,11.0,5.1,3.0,1.3,277,25,97,350,110,29,1.1,0.7,0.15,0.47,-,-,(0),(0),0.3,0.11,0.02,1.2,0.05,(0),40,0.41,"{""baseName"":""こむぎ"",""variety"":""パン粉"",""state"":""生"",""notes"":[""その他""]}",パン粉は小麦由来の炭水化物素材として利用できるが加工品である点に留意。,7,1,1,(380),(740),(210),(150),(230),(380),(540),(330),(880),(300),(110),(440),(250),(350),(4.39),(1.01),(0.06),(0.95),(940),(63),(0),(0),(1),237.95,175066,,"Breadcrumbs, fresh"
01,01078,こむぎ　［その他］　パン粉　半生,26.0,12.5,5.8,3.5,1.4,315,28,110,400,130,34,1.2,0.8,0.17,0.53,-,-,(0),(0),0.4,0.13,0.03,1.4,0.06,(0),46,0.47,"{""baseName"":""こむぎ"",""variety"":""パン粉 半生"",""notes"":[""その他""]}",パン粉は衣付けなどに使える加工小麦製品で素材として利用可能だが加工度が高い,7,1,1,(430),(840),(240),(170),(270),(440),(620),(380),(1000),(340),(130),(500),(280),(400),(5.00),(1.15),(0.07),(1.07),(1100),(71),(0),(0),(1),270.85,171856,9.7,"Breadcrumbs, semi-dried"
01,01079,こむぎ　［その他］　パン粉　乾燥,11.9,14.9,4.1,6.5,1.8,349,25,120,570,160,36,1.1,0.9,0.16,0.62,1,46,(0),(0),0.4,0.16,0.05,2,0.1,Tr,24,0.46,"{""baseName"":""こむぎ"",""variety"":""パン粉"",""state"":""乾燥"",""notes"":[""その他""]}",パン粉は加工穀類でつなぎや衣に使えるが加工度は高い。,6,1,1,(520),(990),(280),(210),(320),(530),(730),(470),(1200),(420),(150),(600),(330),(480),(3.50),(0.80),(0.05),(0.75),(750),(50),(0),(0),(Tr),299.8,174928,14.6,"Breadcrumbs, dried"
01,01150,こむぎ　［その他］　冷めん　生,36.4,3.9,0.7,1.1,1.4,249,11,57,530,59,12,0.3,0.2,0.05,0.21,-,-,(0),-,0,0.04,Tr,0.4,0.02,(0),4,0.11,"{""baseName"":""こむぎ"",""variety"":""冷めん"",""state"":""生"",""notes"":[""その他""]}",冷めん（小麦）は炭水化物源として使えるが加工穀類である,7,1,1,140,270,87,53,85,140,200,120,320,110,45,170,88,160,0.53,0.25,0.01,0.24,240,14,0,0,0,217.35,169742,5.5,"Reimen noodles, raw"
01,01080,こめ　［水稲穀粒］　玄米,14.9,6.8,2.7,3.0,1.2,346,9,290,1,230,110,2.1,1.8,0.27,2.06,Tr,3,(0),(0),1.2,0.41,0.04,6.3,0.45,(0),27,1.37,"{""baseName"":""こめ"",""variety"":""玄米"",""notes"":[""水稲穀粒""]}",玄米は穀類として栄養源になり得る（炭水化物・食物繊維）ため犬の素材として適切,9,1,1,280,560,270,160,160,320,360,320,680,270,100,420,190,600,2.35,0.90,0.03,0.87,870,34,-,-,-,296.65,169706,,"Rice, brown, raw"
01,01081,こめ　［水稲穀粒］　半つき米,14.9,6.5,1.8,1.4,0.8,345,7,210,1,150,64,1.5,1.6,0.24,1.40,Tr,2,(0),(0),0.8,0.30,0.03,3.5,0.28,(0),18,1.00,"{""baseName"":""こめ"",""variety"":""半つき米"",""notes"":[""水稲穀粒""]}",半つき米は精白度の低い米で炭水化物や食物繊維の供給源として適している,9,1,1,(260),(530),(250),(150),(150),(310),(340),(270),(620),(230),(93),(380),(180),(550),(1.58),(0.61),(0.02),(0.59),(590),(22),(0),(0),(0),299.15,169760,,"Rice, partially milled (half-polished), raw"
01,01082,こめ　［水稲穀粒］　七分つき米,14.9,6.3,1.5,0.9,0.6,348,6,180,1,120,45,1.3,1.5,0.23,1.05,0,2,(0),(0),0.4,0.24,0.03,1.7,0.20,(0),15,0.84,"{""baseName"":""こめ"",""variety"":""七分つき米"",""notes"":[""水稲穀粒""]}",七分つき米は利用しやすい穀類で犬のレシピ素材として適している,9,1,1,(250),(520),(230),(150),(150),(300),(330),(260),(590),(220),(89),(370),(170),(520),(1.33),(0.51),(0.02),(0.49),(490),(19),(0),(0),(0),300.1,169760,,"Rice, 70% polished, raw"
01,01083,こめ　［水稲穀粒］　精白米　うるち米,14.9,6.1,0.9,0.5,0.4,342,5,95,1,89,23,0.8,1.4,0.22,0.81,0,2,(0),(0),0.1,0.08,0.02,1.2,0.12,(0),12,0.66,"{""baseName"":""こめ"",""variety"":""精白米 うるち米"",""notes"":[""水稲穀粒""]}",精白米（うるち米）は消化しやすい炭水化物で犬のレシピ素材として適している。,9,1,1,250,500,220,150,140,290,330,240,570,230,85,360,170,510,0.81,0.31,0.01,0.30,300,11,0,0,0,299.2,168931,,"Rice, white, japonica, raw"
01,01151,こめ　［水稲穀粒］　精白米　もち米,14.9,6.4,1.2,(0.5),0.4,343,5,100,Tr,97,33,0.2,1.5,0.22,1.30,0,2,(0),(0),(0.2),0.12,0.02,1.6,(0.12),(0),(12),(0.67),"{""baseName"":""こめ"",""variety"":""精白米 もち米"",""notes"":[""水稲穀粒""]}",精白もち米は消化しやすい炭水化物源でレシピ素材として適する,9,1,1,270,550,230,160,150,320,350,330,680,250,92,400,170,570,0.94,0.37,0.01,0.36,360,10,0,0,0,302.45,168883,,"Rice, white, glutinous, raw"
01,01152,こめ　［水稲穀粒］　精白米　インディカ米,13.7,7.4,0.9,0.5,0.4,347,5,90,1,68,18,0.5,1.6,0.20,0.88,0,7,(0),(0),Tr,0.06,0.02,1.1,0.08,(0),16,0.61,"{""baseName"":""こめ"",""variety"":""精白米 インディカ米"",""notes"":[""水稲穀粒""]}",精白米は消化の良い炭水化物で犬のレシピ素材として適している,9,1,1,300,600,270,210,180,400,390,390,780,290,110,440,190,590,0.71,0.26,0.01,0.25,250,10,0,0,0,303.4,168931,,"Rice, white, indica, raw"
01,01084,こめ　［水稲穀粒］　はいが精米,14.9,6.5,2.0,1.3,0.7,343,7,150,1,150,51,0.9,1.6,0.22,1.54,0,2,(0),(0),0.9,0.23,0.03,3.1,0.22,(0),18,1.00,"{""baseName"":""こめ"",""variety"":""はいが精米"",""notes"":[""水稲穀粒""]}",消化しやすい主食の炭水化物源で、犬のレシピ素材として適している,9,0,1,,,,,,,,,,,,,,,1.77,0.70,0.02,0.67,670,24,-,-,-,300.85,169760,,"Rice, germ-enriched, raw"
01,01153,こめ　［水稲穀粒］　発芽玄米,14.9,6.5,3.3,3.1,1.1,339,13,280,3,160,120,1.0,1.9,0.23,2.07,-,-,(0),(0),1.2,0.35,0.02,4.9,0.34,(0),18,0.75,"{""baseName"":""こめ"",""variety"":""発芽玄米"",""notes"":[""水稲穀粒""]}",発芽玄米は消化しやすい穀類で犬のレシピ素材として適している,9,1,1,260,510,250,160,160,320,330,290,620,250,94,380,180,550,2.66,0.95,0.03,0.92,920,32,0,0,0,299.65,169706,,"Rice, germinated brown, raw"
01,01181,こめ　［水稲穀粒］　赤米,14.6,8.5,3.3,6.5,1.4,344,12,350,2,290,130,1.2,2.4,0.27,2.50,Tr,3,-,0,1.5,0.38,0.05,5.5,0.50,-,30,1.17,"{""baseName"":""こめ"",""variety"":""赤米"",""notes"":[""水稲穀粒""]}",赤米は栄養価のある穀類で犬の素材として利用可能。,8,0,0,,,,,,,,,,,,,,,,,,,,,,,,287.75,169706,,"Rice, red, raw"
01,01182,こめ　［水稲穀粒］　黒米,15.2,7.8,3.2,5.6,1.4,341,15,310,1,270,110,0.9,1.9,0.22,4.28,0,3,-,0,1.3,0.39,0.10,6.9,0.49,-,49,0.83,"{""baseName"":""こめ"",""variety"":""黒米"",""notes"":[""水稲穀粒""]}",黒米は穀類として栄養源となり得る良い素材（食物繊維やポリフェノールを含む）,8,0,0,,,,,,,,,,,,,,,,,,,,,,,,288.3,169706,,"Rice, black, raw"
01,01085,こめ　［水稲めし］　玄米,60.0,2.8,1.0,1.4,0.6,152,7,130,1,95,49,0.6,0.8,0.12,1.04,0,1,(0),(0),0.5,0.16,0.02,2.9,0.21,(0),10,0.65,"{""baseName"":""こめ"",""variety"":""玄米"",""notes"":[""水稲めし""]}",玄米は繊維や炭水化物源として良好で、炊いてから与える前提で適している。,8,1,1,110,230,110,67,59,130,140,130,270,110,42,170,78,240,(0.86),(0.33),(0.01),(0.32),(320),(12),-,-,-,138,168875,,"Rice, brown, cooked"
01,01086,こめ　［水稲めし］　半つき米,60.0,2.7,0.6,0.8,0.3,154,4,53,1,43,22,0.2,0.7,0.11,0.60,0,1,(0),(0),0.2,0.08,0.01,1.6,0.07,(0),6,0.35,"{""baseName"":""こめ"",""variety"":""半つき米"",""notes"":[""水稲めし""]}",半つき米は消化に良い炭水化物源で犬のレシピ素材として適切。,9,1,1,(100),(210),(99),(65),(57),(120),(140),(110),(250),(94),(39),(150),(70),(220),(0.52),(0.20),(0.01),(0.19),(190),(7),(0),(0),(0),139.15,169759,,"Rice, partially milled (half-polished), cooked"
01,01087,こめ　［水稲めし］　七分つき米,60.0,2.6,0.5,0.5,0.2,160,4,44,1,35,13,0.2,0.7,0.11,0.46,0,1,(0),(0),0.1,0.06,0.01,0.8,0.03,(0),5,0.26,"{""baseName"":""こめ"",""variety"":""七分つき米"",""notes"":[""水稲めし""]}",七分つき米は良質な炭水化物源で犬のレシピ素材として適しているため,9,1,1,(96),(200),(92),(63),(55),(120),(130),(100),(230),(90),(37),(140),(66),(210),(0.44),(0.17),(0.01),(0.16),(160),(6),(0),(0),(0),140.05,168930,,"Rice, 70% polished, cooked"
01,01168,こめ　［水稲めし］　精白米　インディカ米,54.0,3.8,0.4,0.4,0.2,184,2,41,0,31,8,0.2,0.8,0.10,0.42,0,3,(0),(0),0,0.02,Tr,0.3,0.02,(0),6,0.24,"{""baseName"":""こめ"",""variety"":""精白米 インディカ米"",""notes"":[""水稲めし""]}",精白米（炊飯）は消化が良く犬のエネルギー源として適した素材。,9,1,1,150,300,130,110,92,200,200,180,370,140,56,220,91,290,0.30,0.12,Tr,0.12,120,5,0,0,0,160.9,168932,,"Rice, white, indica, cooked"
01,01088,こめ　［水稲めし］　精白米　うるち米,60.0,2.5,0.3,1.5,0.1,156,3,34,1,29,7,0.1,0.6,0.10,0.35,0,1,(0),(0),Tr,0.02,0.01,0.2,0.02,(0),3,0.25,"{""baseName"":""こめ"",""variety"":""精白米 うるち米"",""notes"":[""水稲めし""]}",精白米は消化しやすい炭水化物で犬のレシピ素材として適している,9,1,1,93,190,84,61,54,120,130,100,230,91,35,140,61,200,0.23,0.08,Tr,0.08,80,3,0,0,0,135.9,168932,,"Rice, white, japonica, cooked"
01,01154,こめ　［水稲めし］　精白米　もち米,52.1,3.5,0.5,(0.4),0.1,188,2,19,0,28,5,0.1,0.8,0.11,0.50,0,1,(0),(0),(Tr),0.03,0.01,0.2,(0.02),(0),(4),(0.30),"{""baseName"":""こめ"",""variety"":""精白米 もち米"",""notes"":[""水稲めし""]}",精白もち米は消化しやすい炭水化物源でレシピ素材として適切,9,1,1,150,300,120,92,76,170,190,170,360,130,53,220,93,300,0.39,0.15,Tr,0.15,150,4,0,0,0,169.8,169711,2.1,"Rice, white, glutinous, cooked"
01,01089,こめ　［水稲めし］　はいが精米,60.0,2.7,0.6,0.8,0.3,159,5,68,1,51,24,0.2,0.7,0.10,0.68,0,1,(0),(0),0.4,0.08,0.01,0.8,0.09,(0),6,0.44,"{""baseName"":""こめ"",""variety"":""はいが精米"",""notes"":[""水稲めし""]}",米（はいが精米）。消化性の良い炭水化物源で犬のレシピ素材として適している。,9,0,1,,,,,,,,,,,,,,,(0.53),(0.21),(0.01),(0.20),(200),(7),-,-,-,139.15,169759,,"Rice, germ-enriched, cooked"
01,01155,こめ　［水稲めし］　発芽玄米,60.0,3.0,1.4,1.8,0.5,161,6,130,1,68,53,0.4,0.9,0.11,0.93,-,-,(0),(0),0.3,0.13,0.01,2.0,0.13,(0),6,0.36,"{""baseName"":""こめ"",""variety"":""発芽玄米"",""notes"":[""水稲めし""]}",発芽玄米は栄養価の高い炭水化物源で犬のレシピ素材として適している,9,1,1,120,250,120,77,65,140,160,150,310,120,44,180,88,260,1.20,0.43,0.01,0.41,410,14,0,0,0,138.95,168875,,"Rice, germinated brown, cooked"
01,01183,こめ　［水稲めし］　赤米,61.3,3.8,1.3,3.4,0.6,150,5,150,1,120,55,0.5,1.0,0.12,1.00,-,1,-,-,0.6,0.15,0.02,2.8,0.19,-,9,0.47,"{""baseName"":""こめ"",""variety"":""赤米"",""notes"":[""水稲めし""]}",赤米は全粒に近い米で炭水化物と食物繊維の供給源として適している,8,0,0,,,,,,,,,,,,,,,,,,,,,,,,127.95,168875,,"Rice, red, cooked"
01,01184,こめ　［水稲めし］　黒米,62.0,3.6,1.4,3.3,0.6,150,7,150,Tr,130,55,0.4,0.9,0.11,1.95,-,2,-,-,0.3,0.14,0.04,3.0,0.18,-,19,0.40,"{""baseName"":""こめ"",""variety"":""黒米"",""notes"":[""水稲めし""]}",黒米は消化しやすい炭水化物源で、穀類として犬のレシピ素材に適している,8,0,0,,,,,,,,,,,,,,,,,,,,,,,,126.35,173263,4.4,"Rice, black, cooked"
01,01185,こめ　［水稲軟めし］　精白米,(71.5),(1.8),(0.3),(1.1),(0.1),113,(3),(24),(1),(20),(5),(0.1),(0.4),(0.08),(0.25),0,(1),0,0,(Tr),(0.02),(0.01),(0.1),(0.01),0,(2),(0.18),"{""baseName"":""こめ"",""variety"":""精白米"",""notes"":[""水稲軟めし""]}",軟らかく炊いた白米は消化の良い炭水化物源で犬に適した素材。,9,0,0,,,,,,,,,,,,,,,,,,,,,,,,350,168932,,"Rice, white, soft-cooked"
01,01090,こめ　［水稲全かゆ］　玄米,(83.0),(1.2),(0.4),(0.6),(0.2),64,(3),(55),(1),(41),(21),(0.2),(0.3),(0.05),(0.44),-,-,(0),(0),0,(0.07),(0.01),(1.2),(0.09),(0),(4),(0.28),"{""baseName"":""こめ"",""variety"":""玄米"",""notes"":[""水稲全かゆ""]}",玄米かゆは消化しやすい炭水化物源で穏やかなエネルギー供給になる。,9,1,1,(47),(95),(48),(28),(25),(53),(61),(52),(110),(43),(18),(70),(33),(100),(0.35),(0.13),(Tr),(0.13),(130),(5),-,-,-,350,168930,,"Rice porridge, brown rice"
01,01091,こめ　［水稲全かゆ］　半つき米,(83.0),(1.1),(0.3),(0.3),(0.1),65,(2),(23),(Tr),(18),(9),(0.1),(0.3),(0.05),(0.26),-,-,(0),(0),0,(0.03),(Tr),(0.7),(0.03),(0),(2),(0.15),"{""baseName"":""こめ"",""variety"":""半つき米"",""notes"":[""水稲全かゆ""]}",おかゆの米は消化に良い炭水化物で犬の素材として適している,9,1,1,(41),(86),(40),(26),(23),(50),(55),(45),(100),(38),(16),(61),(29),(89),(0.26),(0.10),(Tr),(0.10),(97),(4),(0),(0),(0),350,169711,2.1,"Rice porridge, partially milled (half-polished) rice"
01,01092,こめ　［水稲全かゆ］　七分つき米,(83.0),(1.1),(0.2),(0.2),(0.1),68,(2),(19),(Tr),(15),(6),(0.1),(0.3),(0.04),(0.19),-,-,(0),(0),(Tr),(0.03),(Tr),(0.3),(0.01),(0),(2),(0.11),"{""baseName"":""こめ"",""variety"":""七分つき米"",""notes"":[""水稲全かゆ""]}",ごはんのおかゆは消化に良い炭水化物源で犬に適している,9,1,1,(41),(86),(39),(26),(23),(50),(55),(44),(99),(38),(16),(60),(28),(88),(0.18),(0.07),(Tr),(0.07),(65),(2),(0),(0),(0),350,169711,2.1,"Rice porridge, 70% polished rice"
01,01093,こめ　［水稲全かゆ］　精白米,(83.0),(1.1),(0.1),(0.1),(0.1),65,(1),(14),(Tr),(12),(3),(Tr),(0.3),(0.04),(0.15),0,0,(0),(0),(Tr),(0.01),(Tr),(0.1),(0.01),(0),(1),(0.11),"{""baseName"":""こめ"",""variety"":""精白米"",""notes"":[""水稲全かゆ""]}",精白米のかゆは消化しやすい炭水化物源で、犬のレシピ素材として適しているため,9,1,1,(40),(85),(37),(27),(23),(50),(55),(42),(97),(37),(15),(58),(27),(86),(0.09),(0.03),(Tr),(0.03),(33),(1),(0),(0),(0),350,169711,2.1,"Rice porridge, white rice"
01,01094,こめ　［水稲五分かゆ］　玄米,(91.5),(0.6),(0.2),(0.3),(0.1),32,(1),(28),(Tr),(20),(10),(0.1),(0.2),(0.03),(0.22),-,-,(0),(0),0,(0.03),(Tr),(0.6),(0.05),(0),(2),(0.14),"{""baseName"":""こめ"",""variety"":""玄米"",""notes"":[""水稲五分かゆ""]}",玄米の五分がゆは消化性の良い炭水化物で犬の素材として適切（低刺激でエネルギー源になる）。,9,1,1,(23),(48),(24),(14),(12),(27),(31),(26),(56),(22),(8.9),(35),(17),(50),(0.17),(0.07),(Tr),(0.06),(64),(2),-,-,-,350,168932,,"Rice, brown, thin porridge"
01,01095,こめ　［水稲五分かゆ］　半つき米,(91.5),(0.6),(0.1),(0.1),(0.1),32,(1),(11),(Tr),(9),(5),(Tr),(0.2),(0.02),(0.13),-,-,(0),(0),(Tr),(0.02),(Tr),(0.3),(0.01),(0),(1),(0.07),"{""baseName"":""こめ"",""variety"":""半つき米"",""notes"":[""水稲五分かゆ""]}",半つき米のかゆは消化に良い炭水化物源で犬の素材として適している,9,1,1,(23),(47),(22),(14),(13),(27),(30),(25),(55),(21),(8.6),(33),(16),(49),(0.09),(0.03),(Tr),(0.03),(32),(1),(0),(0),(0),350,169711,2.1,"Rice, partially milled (half-polished), thin porridge"
01,01096,こめ　［水稲五分かゆ］　七分つき米,(91.5),(0.6),(0.1),(0.1),(0.1),32,(1),(9),(Tr),(8),(3),(Tr),(0.1),(0.02),(0.10),-,-,(0),(0),(Tr),(0.01),(Tr),(0.2),(0.01),(0),(1),(0.05),"{""baseName"":""こめ"",""variety"":""七分つき米"",""notes"":[""水稲五分かゆ""]}",七分つき米のかゆは消化の良い炭水化物源で犬のレシピ素材として適している。,9,1,1,(22),(47),(21),(14),(13),(27),(30),(24),(54),(21),(8.5),(33),(15),(48),(0.09),(0.03),(Tr),(0.03),(33),(1),(0),(0),(0),350,169711,2.1,"Rice, 70% polished, thin porridge"
01,01097,こめ　［水稲五分かゆ］　精白米,(91.5),(0.5),(0.1),(0.1),0,33,(1),(7),(Tr),(6),(1),(Tr),(0.1),(0.02),(0.08),0,Tr,(0),(0),(Tr),(Tr),(Tr),(Tr),(Tr),(0),(1),(0.05),"{""baseName"":""こめ"",""variety"":""精白米"",""notes"":[""水稲五分かゆ""]}",消化しやすい炭水化物で、特におかゆ形態は犬にとって使いやすい素材。,9,1,1,(18),(39),(17),(12),(11),(23),(25),(19),(44),(17),(6.9),(26),(12),(39),(0.09),(0.03),(Tr),(0.03),(33),(1),(0),(0),(0),350,169711,2.1,"Rice, white, thin porridge"
01,01098,こめ　［水稲おもゆ］　玄米,(95.0),(0.4),(0.1),(0.2),(0.1),19,(1),(16),(Tr),(12),(6),(0.1),(0.1),(0.01),(0.13),-,-,(0),(0),0,(0.02),(Tr),(0.4),(0.03),(0),(1),(0.08),"{""baseName"":""こめ"",""variety"":""玄米"",""notes"":[""水稲おもゆ""]}",玄米のおもゆは消化しやすい炭水化物源で犬のレシピ素材として適している,9,1,1,(16),(32),(16),(9.5),(8.3),(18),(20),(17),(38),(14),(5.9),(23),(11),(34),(0.09),(0.03),(Tr),(0.03),(32),(1),-,-,-,350,169711,2.1,"Rice, brown, rice water"
01,01099,こめ　［水稲おもゆ］　半つき米,(95.0),(0.3),(0.1),(0.1),0,19,(1),(7),(Tr),(5),(3),(Tr),(0.1),(0.01),(0.08),-,-,(0),(0),(Tr),(0.01),(Tr),(0.2),(0.01),(0),(1),(0.04),"{""baseName"":""こめ"",""variety"":""半つき米"",""notes"":[""水稲おもゆ""]}",おもゆ（米）は消化しやすく良い炭水化物源で犬に適している,9,1,1,(11),(24),(11),(7.2),(6.3),(14),(15),(12),(27),(10),(4.3),(17),(7.8),(24),(0.09),(0.03),(Tr),(0.03),(32),(1),(0),(0),(0),350,169711,2.1,"Rice, partially milled (half-polished), rice water"
01,01100,こめ　［水稲おもゆ］　七分つき米,(95.0),(0.3),(0.1),(Tr),0,20,(1),(5),(Tr),(4),(2),(Tr),(0.1),(0.01),(0.06),-,-,(0),(0),(Tr),(0.01),(Tr),(0.1),(Tr),(0),(1),(0.03),"{""baseName"":""こめ"",""variety"":""七分つき米"",""notes"":[""水稲おもゆ""]}",おかゆは消化に良い炭水化物源で犬の素材として適切,9,1,1,(11),(23),(11),(7.2),(6.3),(14),(15),(12),(27),(10),(4.3),(16),(7.6),(24),(0.09),(0.03),(Tr),(0.03),(33),(1),(0),(0),(0),350,169711,2.1,"Rice, 70% polished, rice water"
01,01101,こめ　［水稲おもゆ］　精白米,(95.0),(0.3),0,(Tr),0,19,(Tr),(4),(Tr),(4),(1),(Tr),(0.1),(0.01),(0.04),0,1,(0),(0),(Tr),(Tr),(Tr),(Tr),(Tr),(0),(Tr),(0.03),"{""baseName"":""こめ"",""variety"":""精白米"",""notes"":[""水稲おもゆ""]}",精白米のおもゆは消化が良い炭水化物源で犬のレシピに適している。,9,1,1,(11),(23),(10),(7.3),(6.4),(14),(15),(12),(26),(10),(4.2),(16),(7.3),(23),(0),(0),(0),(0),(0),(0),(0),(0),(0),350,169711,2.1,"Rice, white, rice water"
01,01102,こめ　［陸稲穀粒］　玄米,14.9,10.1,2.7,3.0,1.2,357,9,290,1,230,110,2.1,1.8,0.27,1.53,-,-,(0),(0),1.2,0.41,0.04,6.3,0.45,(0),27,1.37,"{""baseName"":""こめ"",""variety"":""玄米"",""notes"":[""陸稲穀粒""]}",玄米は良質な炭水化物・食物繊維源で犬のレシピ素材として適している,8,1,1,(400),(820),(400),(240),(240),(470),(530),(450),(980),(370),(150),(600),(280),(870),(2.35),(0.90),(0.03),(0.87),(870),(34),-,-,-,296.65,169703,21.5,"Rice, upland, brown, raw"
01,01103,こめ　［陸稲穀粒］　半つき米,14.9,9.6,1.8,1.4,0.8,356,7,210,1,150,64,1.5,1.6,0.24,1.04,-,-,(0),(0),0.8,0.30,0.03,4.9,0.28,(0),18,1.00,"{""baseName"":""こめ"",""variety"":""半つき米"",""notes"":[""陸稲穀粒""]}",半つき米は炭水化物源として問題なく利用できる,8,1,1,(380),(780),(360),(230),(220),(450),(500),(400),(900),(340),(140),(560),(260),(800),(1.58),(0.61),(0.02),(0.59),(590),(22),(0),(0),(0),299.15,169760,,"Rice, upland, semi-polished, raw"
01,01104,こめ　［陸稲穀粒］　七分つき米,14.9,9.5,1.5,0.9,0.7,359,6,180,1,120,45,1.3,1.5,0.23,0.78,-,-,(0),(0),0.4,0.24,0.03,3.4,0.20,(0),15,0.84,"{""baseName"":""こめ"",""variety"":""七分つき米"",""notes"":[""陸稲穀粒""]}",七分つき米は消化に良い炭水化物源で、犬のレシピ素材として適している,9,1,1,(370),(770),(350),(220),(220),(440),(500),(380),(880),(340),(130),(550),(260),(780),(1.33),(0.51),(0.02),(0.49),(490),(19),(0),(0),(0),299.75,169760,,"Rice, upland, 70% polished, raw"
01,01105,こめ　［陸稲穀粒］　精白米,14.9,9.3,0.9,0.5,0.4,331,5,95,1,89,23,0.8,1.4,0.22,0.59,-,-,(0),(0),0.1,0.08,0.02,1.2,0.12,(0),12,0.66,"{""baseName"":""こめ"",""variety"":""精白米"",""notes"":[""陸稲穀粒""]}",精白米は消化しやすい炭水化物源で犬のレシピ素材として適している,9,1,1,(360),(750),(330),(220),(210),(430),(490),(350),(840),(320),(130),(530),(250),(750),(0.81),(0.31),(0.01),(0.30),(300),(11),(0),(0),(0),299.2,168931,,"Rice, upland, white, raw"
01,01106,こめ　［陸稲めし］　玄米,60.0,4.1,1.0,1.4,0.6,156,7,130,1,95,49,0.6,0.8,0.12,0.77,-,-,(0),(0),0.5,0.16,0.02,2.9,0.21,(0),10,0.65,"{""baseName"":""こめ"",""variety"":""玄米"",""notes"":[""陸稲めし""]}",玄米はエネルギー源として使用可能で犬のレシピ素材として適している,9,1,1,(160),(330),(160),(97),(85),(180),(210),(180),(390),(150),(61),(240),(110),(350),(0.86),(0.33),(0.01),(0.32),(320),(12),-,-,-,138,173263,4.4,"Rice, upland, brown, cooked"
01,01107,こめ　［陸稲めし］　半つき米,60.0,3.8,0.6,0.8,0.3,157,4,53,1,43,22,0.2,0.7,0.11,0.45,-,-,(0),(0),0.2,0.08,0.01,1.6,0.07,(0),6,0.35,"{""baseName"":""こめ"",""variety"":""半つき米"",""notes"":[""陸稲めし""]}",半つき米（玄米に近い米）は炭水化物源として利用可能で犬のレシピ素材として適しています。,8,1,1,(140),(300),(140),(91),(80),(170),(190),(160),(350),(130),(55),(210),(99),(310),(0.52),(0.20),(0.01),(0.19),(190),(7),(0),(0),(0),139.15,169759,,"Rice, upland, semi-polished, cooked"
01,01108,こめ　［陸稲めし］　七分つき米,60.0,3.6,0.5,0.5,0.2,155,4,44,1,35,13,0.2,0.7,0.11,0.34,-,-,(0),(0),0.1,0.06,0.01,0.8,0.03,(0),5,0.26,"{""baseName"":""こめ"",""variety"":""七分つき米"",""notes"":[""陸稲めし""]}",七分つき米は消化に良い炭水化物源で犬のレシピ素材として適している。,9,1,1,(130),(280),(130),(87),(76),(160),(180),(140),(320),(120),(51),(200),(91),(290),(0.44),(0.17),(0.01),(0.16),(160),(6),(0),(0),(0),140.05,169759,,"Rice, upland, 70% polished, cooked"
01,01109,こめ　［陸稲めし］　精白米,60.0,3.5,0.3,0.3,0.1,157,3,34,1,29,7,0.1,0.6,0.10,0.26,-,-,(0),(0),Tr,0.02,0.01,0.2,0.02,(0),3,0.25,"{""baseName"":""こめ"",""variety"":""精白米"",""notes"":[""陸稲めし""]}",消化しやすい炭水化物源で犬の料理に適した素材。,9,1,1,(130),(270),(120),(85),(75),(160),(170),(130),(310),(120),(48),(180),(85),(270),(0.27),(0.10),(Tr),(0.10),(100),(4),(0),(0),(0),140.1,168930,,"Rice, upland, white, cooked"
01,01110,こめ　［うるち米製品］　アルファ化米　一般用,7.9,6.0,1.0,1.2,0.3,358,7,71,5,37,14,0.1,1.6,0.22,0.60,0,2,(0),(0),0.1,0.04,Tr,0.5,0.04,(0),7,0.19,"{""baseName"":""こめ"",""variety"":""アルファ化米 一般用"",""notes"":[""うるち米製品""]}",調理済みの米製品で消化しやすく犬のレシピに適した炭水化物源,9,1,1,240,480,200,160,140,290,310,280,590,220,83,360,150,490,0.78,0.28,0.01,0.27,270,8,0,0,0,322.1,169757,2.1,"Rice, precooked (alpha rice), regular"
01,01156,こめ　［うるち米製品］　アルファ化米　学校給食用強化品,7.9,6.0,1.0,1.2,0.3,358,7,71,5,37,14,0.1,1.6,0.22,0.60,0,2,(0),(0),0.1,0.41,Tr,0.5,0.04,(0),7,0.19,"{""baseName"":""こめ"",""variety"":""アルファ化米 学校給食用強化品"",""notes"":[""うるち米製品""]}",アルファ化米は消化しやすい炭水化物源で犬のレシピ素材として適している。,9,1,0,(240),(480),(200),(160),(140),(290),(310),(280),(590),(220),(83),(360),(150),(490),,,,,,,,,,322.1,169704,9.2,"Rice, precooked (alpha rice), fortified, school lunch"
01,01214,こめ　［うるち米製品］　水稲全かゆ　レトルト　玄米,88,0.9,0.4,0.9,0.2,45,3,37,1,30,15,0.1,0.3,0.03,0.36,Tr,Tr,-,-,0.2,0.03,Tr,0.7,0.05,0,2,0.12,"{""baseName"":""こめ"",""variety"":""水稲全かゆ レトルト 玄米"",""notes"":[""うるち米製品""]}",胃腸にやさしい粥状の穀物で消化性が高く素材として適している。,9,1,1,34,67,32,19,17,37,44,42,85,33,13,51,25,75,0.32,0.11,Tr,0.11,110,3,0,0,0,40.15,168930,,"Rice porridge, brown, retort pouch"
01,01215,こめ　［うるち米製品］　水稲全かゆ　レトルト　精白米,90.7,0.6,0.1,0.5,Tr,37,2,7,1,6,2,0.1,0.1,0.01,0.06,0,0,-,-,Tr,Tr,0,Tr,Tr,0,Tr,0.03,"{""baseName"":""こめ"",""variety"":""水稲全かゆ レトルト 精白米"",""notes"":[""うるち米製品""]}",精白米の粥は消化に良い炭水化物源で犬のレシピ素材として適している。,9,1,1,23,46,20,14,12,26,30,30,60,21,7.5,34,15,49,0.09,0.03,0,0.03,28,1,0,0,0,31.3,169711,2.1,"Rice porridge, white, retort pouch"
01,01111,こめ　［うるち米製品］　おにぎり,57.0,2.7,0.3,0.4,0.6,170,3,37,200,31,7,0.1,0.6,0.10,0.38,-,-,(0),(0),Tr,0.02,0.01,0.2,0.02,(0),3,0.27,"{""baseName"":""こめ"",""variety"":""おにぎり"",""notes"":[""うるち米製品""]}",塩むすびは主成分が米で安全だが塩分を含むため量に注意が必要。,8,1,1,110,230,100,65,56,120,150,140,280,100,40,170,73,240,(0.27),(0.10),(Tr),(0.10),(100),(4),(0),(0),(0),148.5,168930,,Rice ball (onigiri)
01,01112,こめ　［うるち米製品］　焼きおにぎり,56.0,3.1,0.3,0.4,1.1,166,5,46,380,56,11,0.2,0.7,0.10,0.37,25,4,(0),(0),Tr,0.03,0.02,0.3,0.03,0,5,0.29,"{""baseName"":""こめ"",""variety"":""焼きおにぎり"",""notes"":[""うるち米製品""]}",焼きおにぎりは主に米の炭水化物源で利用可能だが、付加された醤油等の塩分に注意が必要,6,1,1,(130),(260),(110),(74),(64),(140),(170),(150),(320),(110),(45),(190),(83),(270),(0.27),(0.10),(Tr),(0.10),(100),(4),(0),(0),(0),150.25,168935,2.1,Grilled rice ball (yaki onigiri)
01,01113,こめ　［うるち米製品］　きりたんぽ,50.0,3.2,0.4,0.4,0.2,200,4,43,1,36,9,0.1,0.7,0.12,0.40,-,-,(0),(0),Tr,0.03,0.01,0.3,0.02,(0),4,0.31,"{""baseName"":""こめ"",""variety"":""きりたんぽ"",""notes"":[""うるち米製品""]}",きりたんぽは炭水化物源として利用可能だが加工食品である点は留意,7,1,1,(130),(260),(120),(77),(66),(140),(170),(150),(330),(110),(47),(190),(86),(280),(0.36),(0.14),(Tr),(0.13),(130),(5),(0),(0),(0),174.9,169241,,Kiritanpo (mashed rice stick)
01,01114,こめ　［うるち米製品］　上新粉,14.0,6.2,0.9,0.6,0.4,343,5,96,2,89,23,0.8,1.0,0.19,0.75,1,4,(0),(0),0.2,0.09,0.02,1.3,0.12,(0),12,0.67,"{""baseName"":""こめ"",""variety"":""上新粉"",""notes"":[""うるち米製品""]}",上新粉（米粉）は犬のレシピで使いやすい炭水化物原料である。,9,1,1,260,520,220,160,150,310,330,270,600,230,85,390,160,520,(0.80),(0.31),(0.01),(0.30),(300),(11),(0),(0),(0),302,169714,5.8,Rice flour (joshinko)
01,01157,こめ　［うるち米製品］　玄米粉,4.6,7.1,2.9,3.5,1.3,370,12,290,3,230,110,1.4,2.4,0.30,2.49,1,2,(0),-,1.2,0,0.03,4.6,0.08,(0),9,0.12,"{""baseName"":""こめ"",""variety"":""玄米粉"",""notes"":[""うるち米製品""]}",玄米粉は穀類として利用しやすくレシピ素材に適する。,8,1,1,270,560,140,160,57,220,360,290,650,220,96,420,190,430,2.43,0.85,0.03,0.82,820,29,0,0,0,331.6,168898,,Brown rice flour
01,01158,こめ　［うるち米製品］　米粉,11.1,6.0,0.7,0.6,0.3,356,6,62,1,45,11,0.1,1.5,0.23,0.60,-,-,(0),-,0,0.03,0.01,0.3,0.04,(0),9,0.20,"{""baseName"":""こめ"",""variety"":""米粉"",""notes"":[""うるち米製品""]}",米粉は消化性の良い炭水化物原料で犬のレシピ素材として適している。,9,1,1,240,490,200,140,140,280,320,280,600,220,85,360,150,520,0.57,0.20,0.01,0.20,200,5,0,0,0,311.5,169714,5.8,Rice flour
01,01211,こめ　［うるち米製品］　米粉パン　食パン,(41.2),(10.7),(5.1),(0.7),(1.4),247,(22),(61),(420),(57),(14),(0.8),(1.3),(0.18),(0.54),(1),(Tr),-,-,(0.5),(0.05),(0.06),(0.8),(0.04),(Tr),(32),(0.22),"{""baseName"":""こめ"",""variety"":""米粉パン 食パン"",""notes"":[""うるち米製品""]}",米粉パンは炭水化物源として使えるが加工度が高い焼き菓子類である,6,0,0,,,,,,,,,,,,,,,,,,,,,,,,350,174101,,"Rice flour bread, loaf"
01,01212,こめ　［うるち米製品］　米粉パン　ロールパン,(41.2),(8.8),(6.7),(0.6),(1.3),256,(26),(65),(370),(66),(12),(0.6),(1.2),(0.16),(0.43),(3),(2),-,(0.5),(0.8),(0.05),(0.08),(0.7),(0.04),(0.1),(35),(0.27),"{""baseName"":""こめ"",""variety"":""米粉パン ロールパン"",""notes"":[""うるち米製品""]}",米粉を主原料としたパンで炭水化物源として使えるが加工度がある。,7,0,0,,,,,,,,,,,,,,,,,,,,,,,,350,171861,,"Rice flour bread, roll"
01,01159,こめ　［うるち米製品］　米粉パン　小麦グルテン不使用のもの,41.2,3.4,3.1,0.9,1.0,247,4,46,340,92,11,0.2,0.9,0.12,0.38,-,-,-,-,0.5,0.05,0.03,0.7,0.04,-,30,0.23,"{""baseName"":""こめ"",""variety"":""米粉パン 小麦グルテン不使用のもの"",""notes"":[""うるち米製品""]}",米粉パンは小麦不使用でアレルギー対応に有用だが加工品で塩分・油分を含む点に注意。,6,1,1,140,260,120,72,74,150,170,160,330,130,47,200,85,260,2.70,0.57,0.13,0.44,440,130,0,0,0,214.65,174101,,"Rice flour bread, gluten-free"
01,01160,こめ　［うるち米製品］　米粉めん,37.0,3.6,0.7,0.9,0.3,252,5,56,48,43,11,0.1,1.1,0.15,0.48,-,-,(0),-,Tr,0.03,Tr,0.5,0.05,(0),4,0.31,"{""baseName"":""こめ"",""variety"":""米粉めん"",""notes"":[""うるち米製品""]}",米粉由来の麺はグルテンフリーの炭水化物源として利用しやすい,8,1,1,150,300,130,96,82,180,200,180,380,140,54,220,97,320,0.60,0.20,0.01,0.20,200,6,0,0,0,219.8,169742,5.5,Rice noodles
01,01115,こめ　［うるち米製品］　ビーフン,11.1,7.0,1.6,0.9,0.4,360,14,59,2,33,13,0.7,0.6,0.06,0.33,5,3,(0),(0),0,0.06,0.02,0.6,0,(0),4,0.09,"{""baseName"":""こめ"",""variety"":""ビーフン"",""notes"":[""うるち米製品""]}",米製品のビーフンは消化しやすい炭水化物源として使用可能。,8,1,1,280,550,250,190,170,370,360,310,670,270,110,410,170,520,(1.43),(0.55),(0.02),(0.53),(530),(20),(0),(0),(0),314.6,169742,5.5,Rice vermicelli (bifun)
01,01169,こめ　［うるち米製品］　ライスペーパー,13.2,0.5,0.3,0.8,1.7,339,21,12,670,22,21,1.2,0.1,0.03,0.14,6,Tr,0,0,0,0.01,0,0.1,0.01,0.3,3,0.02,"{""baseName"":""こめ"",""variety"":""ライスペーパー"",""notes"":[""うるち米製品""]}",ライスペーパーは消化しやすい炭水化物源として犬のレシピ素材に適している。,8,1,1,18,34,19,9.7,13,23,22,18,40,18,6.5,26,11,30,0.17,0.03,Tr,0.03,28,4,0,0,0,296.55,169742,5.5,Rice paper
01,01116,こめ　［うるち米製品］　米こうじ,33.0,5.8,1.7,1.4,0.3,260,5,83,3,61,16,0.3,0.9,0.16,0.74,0,2,(0),(0),0.2,0.11,0.13,1.5,0.11,(0),71,0.42,"{""baseName"":""こめ"",""variety"":""米こうじ"",""notes"":[""うるち米製品""]}",米こうじは米由来の発酵素材として風味付けや栄養的補助に利用できる,8,1,1,220,430,200,140,110,250,270,260,530,230,81,320,130,410,1.32,0.50,0.01,0.49,490,11,0,0,0,237.05,168931,,Rice koji
01,01117,こめ　［もち米製品］　もち,44.5,4.0,0.6,0.5,0.1,223,3,22,0,32,6,0.1,0.9,0.13,0.58,0,2,(0),(0),Tr,0.03,0.01,0.2,0.03,(0),4,0.34,"{""baseName"":""こめ"",""variety"":""もち"",""notes"":[""もち米製品""]}",粘着性が強く喉に詰まりやすい点や加工食品である点から注意が必要。,5,1,1,170,340,140,120,95,210,220,220,440,160,60,250,110,360,(0.45),(0.18),(Tr),(0.17),(170),(5),(0),(0),(0),195.15,169712,,Mochi (rice cake)
01,01118,こめ　［もち米製品］　赤飯,53.0,4.3,0.6,1.6,0.2,186,6,34,0,71,11,0.4,0.9,0.13,0.45,0,2,(0),(0),Tr,0.05,0.01,0.2,0.03,(0),9,0.30,"{""baseName"":""こめ"",""variety"":""赤飯"",""notes"":[""もち米製品""]}",赤飯は炊き上げた複合食品（もち米＋ささげ）で調理済みのため素材としては限定的。,4,1,1,(180),(350),(200),(94),(81),(180),(240),(170),(410),(150),(58),(240),(120),(330),(0.43),(0.18),(0.02),(0.16),(160),(15),(0),(0),(0),161.2,169712,,Sekihan (red rice with beans)
01,01119,こめ　［もち米製品］　あくまき,69.5,2.3,1.8,0.2,0.7,131,6,10,16,300,6,0.1,0.7,0.05,0.39,-,-,(0),(0),Tr,Tr,Tr,Tr,0.01,(0),1,0,"{""baseName"":""こめ"",""variety"":""あくまき"",""notes"":[""もち米製品""]}",もち米由来の加工食品で炭水化物源として使えるが加工品である点に留意,6,1,1,(96),(200),(80),(61),(50),(110),(130),(110),(230),(83),(35),(140),(61),(200),(1.41),(0.55),(0.01),(0.54),(540),(14),(0),(0),(0),112.6,173730,,Akumaki (lye-treated rice cake)
01,01120,こめ　［もち米製品］　白玉粉,12.5,6.3,1.0,0.5,0.2,347,5,45,2,3,6,1.1,1.2,0.17,0.55,3,3,(0),(0),0,0.03,0.01,0.4,0.01,(0),14,0,"{""baseName"":""こめ"",""variety"":""白玉粉"",""notes"":[""もち米製品""]}",白玉粉はもち米由来の粉で炭水化物源として素材に使いやすい,8,1,1,270,540,220,160,150,310,350,290,640,240,86,390,170,540,(0.81),(0.32),(0.01),(0.31),(310),(9),(0),(0),(0),308.8,168883,,Shiratamako (glutinous rice flour)
01,01121,こめ　［もち米製品］　道明寺粉,11.6,7.1,0.7,0.7,0.2,349,6,41,4,45,9,0.4,1.5,0.22,0.90,-,-,(0),(0),Tr,0.04,0.01,0.4,0.04,(0),6,0.22,"{""baseName"":""こめ"",""variety"":""道明寺粉"",""notes"":[""もち米製品""]}",道明寺粉は消化しやすい炭水化物源として利用可能な米加工品。,7,1,1,(290),(600),(240),(180),(170),(350),(390),(310),(700),(250),(96),(430),(180),(600),0.49,0.15,Tr,0.15,150,4,0,0,0,309.75,168883,,Domyoji-ko (coarse glutinous rice flour)
01,01161,こめ　［その他］　米ぬか,10.3,13.4,19.6,20.5,7.9,374,35,2000,7,1500,850,7.6,5.9,0.48,15.00,3,5,(0),-,10.0,3.12,0.21,35.0,3.27,(0),180,4.43,"{""baseName"":""こめ"",""variety"":""米ぬか"",""notes"":[""その他""]}",食物繊維や栄養を含むが脂質や量によっては消化負担になることがある。,6,1,1,470,920,700,250,330,580,590,400,990,550,180,740,420,1100,16.72,5.90,0.22,5.68,5700,220,0,0,0,312.55,169713,32.2,Rice bran
01,01122,そば　そば粉　全層粉,13.5,12.0,3.1,4.3,1.8,339,17,400,2,410,190,2.8,2.4,0.54,1.09,1,7,(0),(0),0.2,0.46,0.11,4.5,0.30,(0),51,1.56,"{""baseName"":""そば"",""variety"":""そば粉 全層粉""}",そば粉（全層粉）は炭水化物源として利用可能で、犬のレシピ素材として使用できる,7,1,1,450,800,710,230,310,540,560,310,860,500,190,630,320,1200,2.73,1.02,0.06,0.96,950,61,-,-,-,296.9,170687,54.2,"Buckwheat flour, whole"
01,01123,そば　そば粉　内層粉,14.0,6.0,1.6,1.8,0.8,342,10,130,1,190,83,1.7,0.9,0.37,0.49,0,7,(0),(0),0.1,0.16,0.07,2.2,0.20,(0),30,0.72,"{""baseName"":""そば"",""variety"":""そば粉 内層粉""}",そば粉は消化可能な炭水化物源で一般に安全。ただしまれにアレルギーに注意。,8,1,1,(220),(400),(350),(120),(150),(270),(280),(150),(430),(250),(97),(310),(160),(580),(1.41),(0.53),(0.03),(0.50),(490),(32),-,-,-,299.9,170687,54.2,"Buckwheat flour, inner layer"
01,01124,そば　そば粉　中層粉,13.5,10.2,2.7,4.4,2.0,334,19,390,2,470,220,3.0,2.2,0.58,1.17,0,13,(0),(0),0.2,0.35,0.10,4.1,0.44,(0),44,1.54,"{""baseName"":""そば"",""variety"":""そば粉 中層粉""}",そば粉は良質な炭水化物源で犬のレシピ素材として使用可能（アレルギーに注意）,8,1,1,(380),(680),(600),(200),(260),(460),(470),(260),(730),(420),(160),(530),(270),(980),(2.38),(0.89),(0.05),(0.84),(830),(54),-,-,-,293.85,170687,54.2,"Buckwheat flour, middle layer"
01,01125,そば　そば粉　表層粉,13.0,15.0,3.6,7.1,3.3,337,32,700,2,750,340,4.2,4.6,0.91,2.42,2,16,(0),(0),0.4,0.50,0.14,7.1,0.76,(0),84,2.60,"{""baseName"":""そば"",""variety"":""そば粉 表層粉""}",そば粉は穀類の一種で消化性が良く素材として使える,7,1,1,(560),(1000),(890),(290),(380),(680),(690),(390),(1100),(620),(240),(780),(400),(1400),(3.18),(1.19),(0.07),(1.12),(1100),(71),-,-,-,286.1,170687,54.2,"Buckwheat flour, outer layer"
01,01126,そば　そば米,12.8,9.6,2.5,3.7,1.4,347,12,260,1,390,150,1.6,1.4,0.38,0.76,-,-,(0),(0),0.1,0.42,0.10,4.3,0.35,(0),23,1.53,"{""baseName"":""そば"",""variety"":""そば米""}",そば米（そばごめ）は穀類として利用可能で、犬のレシピ素材として適している。,8,1,1,(350),(630),(560),(190),(240),(430),(440),(240),(680),(370),(150),(490),(250),(900),(2.21),(0.82),(0.05),(0.77),(770),(50),-,-,-,299.85,170685,54.2,Buckwheat groats
01,01127,そば　そば　生,33.0,9.8,1.9,6.0,0.8,271,18,170,1,160,65,1.4,1.0,0.21,0.86,4,24,(0),(0),0.2,0.19,0.09,3.4,0.15,(0),19,1.09,"{""baseName"":""そば"",""variety"":""そば"",""state"":""生""}",生そば（そば粉含有）は犬に与えられる炭水化物源として利用可能だが小麦等の混合成分に留意。,7,1,1,350,640,310,140,210,350,470,260,730,310,120,420,220,530,(1.62),(0.80),(0.04),(0.76),(760),(44),-,-,-,220.2,170685,54.2,"Buckwheat noodles, raw"
01,01128,そば　そば　ゆで,68.0,4.8,1.0,2.9,0.2,130,9,80,2,34,27,0.8,0.4,0.10,0.38,Tr,12,(0),(0),0.1,0.05,0.02,0.5,0.04,(0),8,0.33,"{""baseName"":""そば"",""variety"":""そば"",""state"":""ゆで""}",ゆでそばは炭水化物源として利用できる加工済み食材,7,1,1,(160),(310),(150),(69),(100),(170),(230),(120),(350),(140),(60),(200),(110),(250),(0.85),(0.42),(0.02),(0.40),(400),(23),-,-,-,106.15,170686,20.1,"Buckwheat noodles, boiled"
01,01197,そば　そば　半生そば,23.0,(10.5),(3.8),6.9,(0.9),325,(20),(180),(3),(190),(74),(1.3),(1.2),(0.24),(0.99),(4),(27),0,(0),(0.2),(0.22),(0.10),(2.3),(0.16),(0),(22),(1.25),"{""baseName"":""そば"",""variety"":""そば 半生そば""}",そば（半生）は穀類として利用可能だが加工麺であるため使用はやや限定的。,6,1,0,(370),(690),(330),(150),(220),(370),(500),(280),(780),(330),(130),(450),(240),(560),,,,,,,,,,245.35,170685,54.2,"Buckwheat noodles, semi-dried"
01,01129,そば　干しそば　乾,14.0,14.0,2.3,3.7,3.0,344,24,230,850,260,100,2.6,1.5,0.34,1.11,-,-,(0),(0),0.3,0.37,0.08,3.2,0.24,(0),25,1.15,"{""baseName"":""そば"",""variety"":""干しそば"",""state"":""乾""}",干しそばは加熱して与えれば利用可能な穀類系素材（小麦含有に注意）。,7,1,1,490,920,400,190,310,510,670,400,1100,430,170,600,320,700,(1.96),(0.97),(0.05),(0.92),(920),(53),-,-,-,289.05,168906,,"Buckwheat noodles, dried, uncooked"
01,01130,そば　干しそば　ゆで,72.0,4.8,0.7,1.5,0.4,113,12,72,50,13,33,0.9,0.4,0.10,0.33,-,-,(0),(0),0.1,0.08,0.02,0.6,0.05,(0),5,0.22,"{""baseName"":""そば"",""variety"":""干しそば"",""state"":""ゆで""}",ゆでそばはそば粉由来の炭水化物源で適量であれば犬のレシピに使用できるが主食に偏らないよう注意。,7,1,1,(160),(310),(130),(66),(110),(170),(230),(130),(360),(140),(59),(200),(110),(230),(0.60),(0.30),(0.02),(0.28),(280),(16),-,-,-,94.85,170686,20.1,"Buckwheat noodles, dried, boiled"
01,01131,とうもろこし　玄穀　黄色種,14.5,8.6,5.0,9.0,1.3,341,5,270,3,290,75,1.9,1.7,0.18,-,0,6,(0),(0),1.0,0.30,0.10,2.0,0.39,(0),28,0.57,"{""baseName"":""とうもろこし"",""variety"":""玄穀 黄色種""}",とうもろこしは消化性の良い炭水化物源として犬のレシピ素材に適している。,8,1,1,(310),(1100),(240),(180),(160),(340),(420),(350),(770),(320),(61),(440),(260),(430),(4.31),(2.24),(0.09),(2.15),(2200),(91),-,-,-,288.2,170290,21.6,"Corn, yellow, whole kernel, raw"
01,01162,とうもろこし　玄穀　白色種,14.5,8.6,5.0,9.0,1.3,341,5,270,3,290,75,1.9,1.7,0.18,-,0,6,(0),(0),1.0,0.30,0.10,2.0,0.39,(0),28,0.57,"{""baseName"":""とうもろこし"",""variety"":""玄穀 白色種""}",炭水化物源として利用しやすい穀類で犬向け素材として適切,8,1,0,(310),(1100),(240),(180),(160),(340),(420),(350),(770),(320),(61),(440),(260),(430),,,,,,,,,,288.2,169748,21.6,"Corn, white, whole kernel, raw"
01,01132,とうもろこし　コーンミール　黄色種,14.0,8.3,4.0,8.0,1.3,375,5,130,2,220,99,1.5,1.4,0.16,0.38,-,-,(0),(0),1.1,0.15,0.08,0.9,0.43,(0),28,0.57,"{""baseName"":""とうもろこし"",""variety"":""コーンミール 黄色種""}",コーンミールは穀類の炭水化物源として犬のレシピ素材に適している,9,1,1,(280),(1200),(120),(190),(190),(370),(430),(220),(650),(200),(44),(390),(200),(280),(3.45),(1.79),(0.07),(1.72),(1700),(73),-,-,-,288.45,169697,21.6,"Cornmeal, yellow"
01,01163,とうもろこし　コーンミール　白色種,14.0,8.3,4.0,8.0,1.3,375,5,130,2,220,99,1.5,1.4,0.16,0.38,-,-,(0),(0),1.1,0.15,0.08,0.9,0.43,(0),28,0.57,"{""baseName"":""とうもろこし"",""variety"":""コーンミール 白色種""}",白色種のコーンミールは穀類として利用でき、犬のレシピ素材として適している,9,1,0,(280),(1200),(120),(190),(190),(370),(430),(220),(650),(200),(44),(390),(200),(280),,,,,,,,,,288.45,169748,21.6,"Cornmeal, white"
01,01133,とうもろこし　コーングリッツ　黄色種,14.0,8.2,1.0,2.4,0.4,352,2,50,1,160,21,0.3,0.4,0.07,-,Tr,6,(0),(0),0.2,0.06,0.05,0.7,0.11,(0),8,0.32,"{""baseName"":""とうもろこし"",""variety"":""コーングリッツ 黄色種""}",コーングリッツは穀類の炭水化物源としてレシピに利用しやすい。,8,1,1,330,1300,150,210,210,410,460,330,790,290,44,400,250,240,0.86,0.45,0.02,0.43,430,18,-,-,-,296.2,171670,,"Corn grits, yellow"
01,01164,とうもろこし　コーングリッツ　白色種,14.0,8.2,1.0,2.4,0.4,352,2,50,1,160,21,0.3,0.4,0.07,-,Tr,6,(0),(0),0.2,0.06,0.05,0.7,0.11,(0),8,0.32,"{""baseName"":""とうもろこし"",""variety"":""コーングリッツ 白色種""}",コーングリッツは加熱して消化しやすい炭水化物源として使える。,8,1,0,(330),(1300),(150),(210),(210),(410),(460),(330),(790),(290),(44),(400),(250),(240),,,,,,,,,,296.2,171670,,"Corn grits, white"
01,01134,とうもろこし　コーンフラワー　黄色種,14.0,6.6,2.8,1.7,0.5,347,3,90,1,200,31,0.6,0.6,0.08,0.13,-,-,(0),(0),0.2,0.14,0.06,1.3,0.20,(0),9,0.37,"{""baseName"":""とうもろこし"",""variety"":""コーンフラワー 黄色種""}",消化しやすい炭水化物源で、犬のレシピに使いやすい素材。,8,1,1,(240),(810),(190),(140),(120),(260),(320),(270),(590),(250),(47),(330),(200),(330),(2.42),(1.26),(0.05),(1.20),(1200),(51),-,-,-,307.3,169695,,"Corn flour, yellow"
01,01165,とうもろこし　コーンフラワー　白色種,14.0,6.6,2.8,1.7,0.5,347,3,90,1,200,31,0.6,0.6,0.08,0.13,-,-,(0),(0),0.2,0.14,0.06,1.3,0.20,(0),9,0.37,"{""baseName"":""とうもろこし"",""variety"":""コーンフラワー 白色種""}",コーンフラワーは加工されたデンプン源で炭水化物として使用可能だが主成分はでん粉である,6,1,0,(240),(810),(190),(140),(120),(260),(320),(270),(590),(250),(47),(330),(200),(330),,,,,,,,,,307.3,169748,21.6,"Corn flour, white"
01,01135,とうもろこし　ジャイアントコーン　フライ　味付け,4.3,5.7,11.8,10.5,1.6,409,8,180,430,110,88,1.3,1.6,0.07,0.30,-,-,(0),(0),1.4,0.08,0.02,1.9,0.11,(0),12,0.12,"{""baseName"":""とうもろこし"",""variety"":""ジャイアントコーン 味付け"",""state"":""フライ""}",油で揚げて味付けされたスナックで、塩分・香辛料や加工度が高い点が懸念。,3,1,1,(220),(880),(100),(140),(140),(290),(320),(220),(540),(180),(30),(270),(170),(160),10.16,3.05,0.06,2.99,3000,61,0,0,0,351.6,169672,,"Giant corn, fried, seasoned"
01,01136,とうもろこし　ポップコーン,4.0,10.2,22.8,9.3,3.4,472,7,290,570,300,95,4.3,2.4,0.20,-,-,-,(0),(0),3.0,0.13,0.08,2.0,0.27,(0),22,0.46,"{""baseName"":""とうもろこし"",""variety"":""ポップコーン""}",ポップコーン用とうもろこしは原料として問題ないが、形状や調理法に注意。,7,1,1,(370),(1300),(290),(210),(180),(400),(500),(410),(920),(380),(71),(520),(310),(510),(20.79),(7.73),(0.18),(7.55),(7600),(180),(0),(0),(0),405.55,170247,,Popcorn
01,01137,とうもろこし　コーンフレーク,4.5,7.8,1.7,2.4,2.4,380,1,45,830,95,14,0.9,0.2,0.07,-,Tr,5,(0),(0),0.3,0.03,0.02,0.3,0.04,(0),6,0.22,"{""baseName"":""とうもろこし"",""variety"":""コーンフレーク""}",加工穀物で糖分・加工度が高いが補助的な素材として使える可能性がある。,5,1,1,300,1200,68,150,150,300,420,300,720,260,41,370,220,130,(1.17),(0.55),(0.03),(0.52),(520),(32),(0),(0),(0),325.95,174648,2.2,Corn flakes
01,01138,はとむぎ　精白粒,13.0,13.3,1.3,0.6,0.2,353,6,20,1,85,12,0.4,0.4,0.11,0.81,-,-,(0),(0),0,0.02,0.05,0.5,0.07,(0),16,0.16,"{""baseName"":""はとむぎ"",""variety"":""精白粒""}",はとむぎの精白粒は穀類として利用可能で犬のレシピ素材として使用できる,7,1,0,550,1900,220,350,240,590,710,520,1200,400,70,750,300,510,,,,,,,,,,308.2,170285,13.4,"Job's tears, polished grain"
01,01139,ひえ　精白粒,12.9,9.4,3.3,4.3,1.3,361,7,280,6,240,58,1.6,2.2,0.15,1.37,0,4,(0),(0),0.1,0.25,0.02,0.4,0.17,(0),14,1.50,"{""baseName"":""ひえ"",""variety"":""精白粒""}",精白したひえは穀類として使いやすく犬のレシピ素材に適している,8,1,1,460,1000,130,240,150,380,670,360,1000,340,110,550,210,280,2.87,1.65,0.04,1.61,1600,36,0,0,0,301.75,167724,23.1,"Foxtail millet, polished grain"
01,01140,もろこし　玄穀,12.0,10.3,4.7,9.7,1.9,344,16,430,2,590,160,3.3,2.7,0.44,1.63,1,1,(0),(0),0.5,0.35,0.10,6.0,0.31,(0),54,1.42,"{""baseName"":""もろこし"",""variety"":""玄穀""}",玄穀のもろこしは穀物として問題なく利用できる,8,1,1,(420),(1400),(220),(160),(120),(290),(530),(310),(840),(340),(120),(540),(240),(340),(4.48),(2.12),(0.09),(2.03),(2000),(88),-,-,-,290.9,168943,,"Sorghum, whole grain"
01,01141,もろこし　精白粒,12.5,9.5,2.6,4.4,1.3,348,14,290,2,410,110,2.4,1.3,0.21,1.12,-,-,(0),(0),0.2,0.10,0.03,3.0,0.24,(0),29,0.66,"{""baseName"":""もろこし"",""variety"":""精白粒""}",もろこし（精白粒）は消化しやすい炭水化物源で犬に適する。,8,1,1,(350),(1200),(200),(160),(190),(350),(500),(250),(750),(350),(120),(440),(190),(370),(2.24),(1.09),(0.05),(1.04),(1000),(47),(1),(0),(2),299.3,169716,,"Sorghum, polished grain"
01,01142,ライむぎ　全粒粉,12.5,12.7,2.7,13.3,1.4,317,31,290,1,400,100,3.5,3.5,0.44,2.15,0,2,(0),(0),1.0,0.47,0.20,1.7,0.22,(0),65,0.87,"{""baseName"":""ライむぎ"",""variety"":""全粒粉""}",ライ麦全粒粉は穀物として使用可能だが主素材よりは補助的,7,1,1,440,830,500,220,320,540,600,340,950,480,150,640,320,680,(1.90),(1.19),(0.15),(1.04),(1000),(150),-,-,-,268.3,168886,20.6,"Rye, whole wheat flour"
01,01143,ライむぎ　ライ麦粉,13.5,8.5,1.6,12.9,0.6,324,25,140,1,140,30,1.5,0.7,0.11,-,-,-,(0),(0),0.7,0.15,0.07,0.9,0.10,(0),34,0.63,"{""baseName"":""ライむぎ"",""variety"":""ライ麦粉""}",ライ麦粉は穀類の粉として利用可能だが加工粉として扱いに注意が必要,6,1,1,320,580,350,150,220,380,430,220,650,330,100,440,230,440,1.13,0.70,0.09,0.62,620,87,-,-,-,263.5,168887,10.8,Rye flour
02,02068,＜いも類＞　アメリカほどいも　塊根　生,56.5,5.9,0.6,11.1,1.5,146,73,120,5,650,39,1.1,0.6,0.13,0.26,0,Tr,-,-,0.8,0.12,0.03,1.4,0.16,-,47,0.69,"{""baseName"":""アメリカほどいも"",""part"":""塊根"",""state"":""生"",""notes"":[""いも類""]}",アメリカほどいも（塊根）は食用の根菜でエネルギー源として利用可能,7,1,1,190,350,240,48,61,110,240,140,380,230,88,270,150,160,0.21,0.12,0.01,0.11,110,12,0,0,0,111.15,169303,,"Sweet potato, American, root, raw"
02,02069,＜いも類＞　アメリカほどいも　塊根　ゆで,57.1,6.0,0.8,8.4,1.5,144,78,120,5,650,42,1.0,0.7,0.14,0.34,0,1,-,-,0.9,0.15,0.03,1.6,0.15,-,49,0.75,"{""baseName"":""アメリカほどいも"",""part"":""塊根"",""state"":""ゆで"",""notes"":[""いも類""]}",イモ類の茹で品はエネルギー源として利用可能（加熱済みで消化しやすい）,7,1,1,210,360,250,48,66,110,250,150,390,240,92,280,160,170,0.31,0.19,0.02,0.17,170,24,0,0,0,119.5,168484,10.8,"Sweet potato, American, root, boiled"
02,02001,＜いも類＞　きくいも　塊茎　生,81.7,1.9,0.4,1.9,1.3,66,14,66,1,610,16,0.3,0.3,0.17,0.08,1,Tr,(0),(0),0.2,0.08,0.04,1.6,0.09,(0),20,0.37,"{""baseName"":""きくいも"",""part"":""塊茎"",""state"":""生"",""notes"":[""いも類""]}",きくいもは食物繊維やイヌリンを含むが消化でガスを生じることがある,7,0,0,,,,,,,,,,,,,,,,,,,,,,,,54.85,169236,30,"Jerusalem artichoke, tuber, raw"
02,02041,＜いも類＞　きくいも　塊茎　水煮,85.4,1.6,0.5,2.1,1.2,51,13,56,1,470,13,0.3,0.3,0.14,0.07,-,-,(0),(0),0.2,0.06,0.03,1.2,0.06,(0),19,0.29,"{""baseName"":""きくいも"",""part"":""塊茎"",""state"":""水煮"",""notes"":[""いも類""]}",加熱済みの塊茎で可食だが、イヌによっては消化でガスを起こしやすい,6,0,0,,,,,,,,,,,,,,,,,,,,,,,,42.05,169236,30,"Jerusalem artichoke, tuber, boiled"
02,02002,＜いも類＞　こんにゃく　精粉,6.0,3.0,0.1,79.9,5.6,194,57,160,18,3000,70,2.1,2.2,0.27,0.41,4,1,(0),(0),0.2,(0),(0),(0),1.20,(0),65,1.52,"{""baseName"":""こんにゃく"",""variety"":""精粉"",""notes"":[""いも類""]}",こんにゃくは低カロリーで食物繊維源として利用可能だが、飲み込みやすさに注意。,7,0,0,,,,,,,,,,,,,,,,,,,,,,,,30.25,168446,39.5,Konjac flour
02,02003,＜いも類＞　こんにゃく　板こんにゃく　精粉こんにゃく,97.3,0.1,Tr,2.2,0.3,5,43,5,10,33,2,0.4,0.1,0.02,0.02,-,-,(0),(0),0,(0),(0),(0),0.02,(0),1,0,"{""baseName"":""こんにゃく"",""variety"":""板こんにゃく 精粉こんにゃく"",""notes"":[""いも類""]}",こんにゃくは低カロリーで食物繊維が豊富だが形状による窒息リスクに注意が必要,8,0,0,,,,,,,,,,,,,,,,,,,,,,,,0.7,170684,,"Konjac, block, from konjac flour"
02,02004,＜いも類＞　こんにゃく　板こんにゃく　生いもこんにゃく,96.2,0.1,0.1,3.0,0.3,8,68,7,2,44,5,0.6,0.2,0.04,0.05,93,0,(0),(0),Tr,0,0,Tr,0.02,(0),2,0,"{""baseName"":""こんにゃく"",""variety"":""板こんにゃく 生いもこんにゃく"",""notes"":[""いも類""]}",こんにゃくは低カロリーの食物繊維源だが形状による誤嚥・閉塞に注意,6,0,0,,,,,,,,,,,,,,,,,,,,,,,,2.25,170073,13.6,"Konjac, block, from raw potato"
02,02042,＜いも類＞　こんにゃく　赤こんにゃく,97.1,0.1,Tr,2.3,0.3,6,46,5,11,48,3,78.0,0.1,0.03,0.02,-,-,(0),(0),0,0,(0),(0),0.02,(0),1,0,"{""baseName"":""こんにゃく"",""variety"":""赤こんにゃく"",""notes"":[""いも類""]}",赤こんにゃくは着色以外はこんにゃくと同様で、食物繊維源として利用可能。,7,0,0,,,,,,,,,,,,,,,,,,,,,,,,1.05,169977,17.1,Red konjac
02,02043,＜いも類＞　こんにゃく　凍みこんにゃく　乾,12.0,3.3,1.4,71.3,6.2,192,1600,150,52,950,110,12.0,4.4,0.86,1.22,-,(0),(0),(0),0.4,0,0,0.3,0.48,(0),61,0,"{""baseName"":""こんにゃく"",""variety"":""凍みこんにゃく"",""state"":""乾"",""notes"":[""いも類""]}",こんにゃくは食物繊維が多く消化や窒息のリスクに注意が必要,5,0,0,,,,,,,,,,,,,,,,,,,,,,,,43.75,170090,63.3,"Frozen-dried konjac, dried"
02,02044,＜いも類＞　こんにゃく　凍みこんにゃく　ゆで,80.8,0.7,0.3,15.5,1.4,42,340,32,11,210,23,2.7,1.0,0.19,0.27,-,(0),(0),(0),0.1,0,0,0.1,0.10,(0),13,0,"{""baseName"":""こんにゃく"",""variety"":""凍みこんにゃく"",""state"":""ゆで"",""notes"":[""いも類""]}",こんにゃくは低カロリーで食物繊維が豊富な食品で、調理して適切に扱えば利用可能,7,0,0,,,,,,,,,,,,,,,,,,,,,,,,9.55,169262,11.4,"Frozen-dried konjac, boiled"
02,02005,＜いも類＞　こんにゃく　しらたき,96.5,0.2,Tr,2.9,0.3,7,75,10,10,12,4,0.5,0.1,0.02,0.03,-,-,(0),(0),0,(0),(0),(0),0.01,(0),0,0,"{""baseName"":""こんにゃく"",""variety"":""しらたき"",""notes"":[""いも類""]}",しらたき（こんにゃく）は低カロリーで消化に使える素材だが栄養価は低め,7,0,0,,,,,,,,,,,,,,,,,,,,,,,,1.05,174258,93.2,Shirataki noodles
02,02045,＜いも類＞　（さつまいも類）　さつまいも　塊根　皮つき　生,64.6,0.9,0.5,2.8,0.9,127,40,46,23,380,24,0.5,0.2,0.13,0.37,1,0,(0),(0),1.0,0.10,0.02,0.6,0.20,(0),49,0.48,"{""baseName"":""さつまいも"",""part"":""塊根"",""formModifiers"":[""皮つき""],""state"":""生"",""notes"":[""いも類"",""さつまいも類""]}",消化に良いでんぷん質と食物繊維を含む安全な素材（加熱調理で与える）,9,1,1,38,58,46,14,14,28,55,31,86,57,14,55,18,37,0.11,0.05,0.01,0.04,41,7,0,0,0,113.45,168484,10.8,"Sweet potato, root, skin on, raw"
02,02046,＜いも類＞　（さつまいも類）　さつまいも　塊根　皮つき　蒸し,64.2,0.9,0.2,3.8,1.0,129,40,47,22,390,23,0.5,0.2,0.13,0.39,1,Tr,(0),(0),1.4,0.10,0.02,0.7,0.20,(0),54,0.56,"{""baseName"":""さつまいも"",""part"":""塊根"",""formModifiers"":[""皮つき""],""state"":""蒸し"",""notes"":[""いも類"",""さつまいも類""]}",蒸しさつまいもは消化のよい炭水化物と食物繊維の供給源で犬に適する。,9,1,1,34,52,41,15,15,30,51,27,79,52,12,49,18,34,0.08,0.05,0.01,0.04,39,6,0,0,0,109.5,168484,10.8,"Sweet potato, root, skin on, steamed"
02,02047,＜いも類＞　（さつまいも類）　さつまいも　塊根　皮つき　天ぷら,52.4,1.4,6.8,3.1,1.0,205,51,57,36,380,25,0.5,0.2,0.14,0.63,1,Tr,(0),(0),2.6,0.11,0.04,0.7,0.20,0,57,0.60,"{""baseName"":""さつまいも"",""part"":""塊根"",""formModifiers"":[""皮つき""],""state"":""天ぷら"",""notes"":[""いも類"",""さつまいも類""]}",さつまいもの天ぷらは揚げ物で脂質が高めのため、使用量に注意が必要。,5,1,1,56,92,54,25,30,55,80,42,120,70,19,74,30,54,6.07,1.68,0.49,1.18,1200,490,0,0,0,186.25,167606,26,"Sweet potato, root, skin on, tempura"
02,02006,＜いも類＞　（さつまいも類）　さつまいも　塊根　皮なし　生,65.6,1.2,0.2,2.2,1.0,126,36,47,11,480,24,0.6,0.2,0.17,0.41,1,0,(0),(0),1.5,0.11,0.04,0.8,0.26,(0),49,0.90,"{""baseName"":""さつまいも"",""part"":""塊根"",""formModifiers"":[""皮なし""],""state"":""生"",""notes"":[""いも類"",""さつまいも類""]}",皮なしのさつまいもは犬に適した消化の良い炭水化物源で素材として適切。,9,1,1,52,77,61,20,19,38,75,41,120,79,17,74,25,50,0.05,0.02,Tr,0.02,21,3,0,0,0,110.2,168484,10.8,"Sweet potato, root, skinless, raw"
02,02007,＜いも類＞　（さつまいも類）　さつまいも　塊根　皮なし　蒸し,65.6,1.2,0.2,2.3,1.0,131,36,47,11,480,24,0.6,0.2,0.17,0.41,1,Tr,(0),(0),1.5,0.11,0.04,0.8,0.27,(0),50,0.90,"{""baseName"":""さつまいも"",""part"":""塊根"",""formModifiers"":[""皮なし""],""state"":""蒸し"",""notes"":[""いも類"",""さつまいも類""]}",蒸しさつまいもは消化性の良い炭水化物で犬に適している,8,1,1,48,75,60,20,21,41,73,39,110,75,16,68,25,49,(0.05),(0.02),(Tr),(0.02),(21),(3),(0),(0),(0),109.85,168484,10.8,"Sweet potato, root, skinless, steamed"
02,02008,＜いも類＞　（さつまいも類）　さつまいも　塊根　皮なし　焼き,58.1,1.4,0.2,4.5,1.3,151,23,78,18,500,21,0.9,0.2,0.21,0.29,1,1,(0),(0),1.4,0.13,0.06,0.7,0.33,(0),52,1.4,"{""baseName"":""さつまいも"",""part"":""塊根"",""formModifiers"":[""皮なし""],""state"":""焼き"",""notes"":[""いも類"",""さつまいも類""]}",焼きさつまいも（皮なし）は消化しやすい炭水化物と食物繊維を含み、犬に適した素材である。,9,1,1,61,92,66,28,23,50,87,52,140,80,18,86,34,59,(0.05),(0.03),(Tr),(0.02),(22),(3),(0),(0),(0),127.35,168483,13.1,"Sweet potato, root, skinless, baked"
02,02009,＜いも類＞　（さつまいも類）　さつまいも　蒸し切干,22.2,3.1,0.6,8.2,2.2,277,53,93,18,980,22,2.1,0.2,0.30,0.40,1,1,(0),(0),1.3,0.19,0.08,1.6,0.41,(0),13,1.35,"{""baseName"":""さつまいも"",""variety"":""蒸し切干"",""notes"":[""いも類"",""さつまいも類""]}",蒸し切干しさつまいもは食物繊維と炭水化物の供給源として適しており犬にも使いやすい。,9,1,1,130,200,140,53,49,100,190,95,290,180,48,190,72,130,0.19,0.12,0.01,0.10,100,11,0,0,0,238.9,168485,13,"Sweet potato, steamed and dried"
02,02048,＜いも類＞　（さつまいも類）　むらさきいも　塊根　皮なし　生,66.0,1.2,0.3,2.5,0.8,123,24,56,30,370,26,0.6,0.2,0.21,0.50,1,0,(0),(0),1.3,0.12,0.02,1.3,0.18,(0),22,0.54,"{""baseName"":""むらさきいも"",""part"":""塊根"",""formModifiers"":[""皮なし""],""state"":""生"",""notes"":[""いも類"",""さつまいも類""]}",紫芋は根菜類として栄養価が高く、犬のレシピ素材として利用可能。,8,1,1,45,68,51,20,18,38,61,36,97,61,15,64,20,44,0.10,0.04,Tr,0.04,39,5,0,0,0,108.95,168484,10.8,"Purple sweet potato, root, skinless, raw"
02,02049,＜いも類＞　（さつまいも類）　むらさきいも　塊根　皮なし　蒸し,66.2,1.2,0.3,3.0,0.9,122,34,55,28,420,26,0.6,0.3,0.22,0.44,Tr,0,(0),(0),1.9,0.13,0.03,1.5,0.16,(0),24,0.61,"{""baseName"":""むらさきいも"",""part"":""塊根"",""formModifiers"":[""皮なし""],""state"":""蒸し"",""notes"":[""いも類"",""さつまいも類""]}",蒸しむらさきいも（皮なし）は消化の良い良質な炭水化物で犬に適した素材。,9,1,1,49,74,58,23,21,44,67,43,110,67,17,69,25,48,0.14,0.08,0.01,0.07,70,9,0,0,0,106.15,168484,10.8,"Purple sweet potato, root, skinless, steamed"
02,02010,＜いも類＞　（さといも類）　さといも　球茎　生,84.1,1.5,0.1,2.3,1.2,53,10,55,Tr,640,19,0.5,0.3,0.15,0.19,Tr,1,(0),(0),0.6,0.07,0.02,1.0,0.15,(0),30,0.48,"{""baseName"":""さといも"",""part"":""球茎"",""state"":""生"",""notes"":[""いも類"",""さといも類""]}",里芋は生に刺激成分を含むため、加熱してから使用する必要がある,6,1,1,46,110,67,17,44,61,78,79,160,64,31,74,28,96,0.05,0.03,Tr,0.03,26,5,-,-,-,43.9,169308,17.3,"Taro, corm, raw"
02,02011,＜いも類＞　（さといも類）　さといも　球茎　水煮,84.0,1.5,0.1,2.4,1.0,52,14,47,1,560,17,0.4,0.3,0.13,0.17,0,Tr,(0),(0),0.5,0.06,0.02,0.8,0.14,(0),28,0.42,"{""baseName"":""さといも"",""part"":""球茎"",""state"":""水煮"",""notes"":[""いも類"",""さといも類""]}",ゆで里芋は消化しやすいでんぷん源で犬のレシピ素材に適している,8,1,1,51,120,73,19,45,64,84,85,170,70,34,81,30,100,(0.05),(0.03),(Tr),(0.03),(26),(5),-,-,-,44.6,169309,,"Taro, corm, boiled"
02,02012,＜いも類＞　（さといも類）　さといも　球茎　冷凍,80.9,2.2,0.1,8.7,0.7,56,20,53,3,340,20,0.6,0.4,0.13,0.57,Tr,Tr,(0),(0),0.7,0.07,0.01,0.7,0.14,(0),23,0.32,"{""baseName"":""さといも"",""part"":""球茎"",""state"":""冷凍"",""notes"":[""いも類"",""さといも類""]}",さといもは加熱して用いることで利用できるが、生のままでは刺激成分に注意。,6,1,1,67,160,99,25,64,89,120,120,240,98,50,110,40,160,0.07,0.03,Tr,0.03,30,3,0,0,0,34.45,169308,17.3,"Taro, corm, frozen"
02,02050,＜いも類＞　（さといも類）　セレベス　球茎　生,76.4,2.2,0.3,2.3,1.3,80,18,97,0,660,29,0.6,0.7,0.15,0.32,1,0,(0),(0),0.6,0.10,0.03,1.7,0.21,(0),28,0.48,"{""baseName"":""セレベス"",""part"":""球茎"",""state"":""生"",""notes"":[""いも類"",""さといも類""]}",セレベス（里芋類）は加熱すると良い炭水化物源だが生は刺激成分が残るため注意,4,1,1,71,170,96,28,51,78,110,93,210,91,42,110,47,160,0.20,0.11,0.01,0.09,94,10,0,0,0,71.5,169401,,"Cocoyam (Celery taro), corm, raw"
02,02051,＜いも類＞　（さといも類）　セレベス　球茎　水煮,77.5,2.1,0.3,2.2,1.0,77,17,82,0,510,24,0.6,0.8,0.12,0.31,Tr,0,(0),(0),0.6,0.08,0.02,1.5,0.16,(0),23,0.38,"{""baseName"":""セレベス"",""part"":""球茎"",""state"":""水煮"",""notes"":[""いも類"",""さといも類""]}",水煮されたセレベス（里芋類）は加熱済みででん粉質の供給源として使いやすいが生は刺激がある,7,1,1,70,170,95,28,53,80,110,91,200,90,41,110,50,150,0.16,0.08,0.01,0.08,76,9,0,0,0,69.05,169401,,"Cocoyam (Celery taro), corm, boiled"
02,02052,＜いも類＞　（さといも類）　たけのこいも　球茎　生,73.4,1.7,0.4,2.8,1.0,97,39,70,1,520,32,0.5,1.5,0.11,0.55,Tr,Tr,(0),(0),0.8,0.05,0.03,0.7,0.21,(0),41,0.31,"{""baseName"":""たけのこいも"",""part"":""球茎"",""state"":""生"",""notes"":[""いも類"",""さといも類""]}",生の里芋類は刺激成分を含み、生のままでは消化器刺激を起こす可能性がある,4,1,1,53,120,72,20,38,58,87,63,150,68,28,82,34,110,0.21,0.10,0.01,0.09,86,14,0,0,0,81.8,169308,17.3,"Bamboo taro, corm, raw"
02,02053,＜いも類＞　（さといも類）　たけのこいも　球茎　水煮,75.4,1.6,0.4,2.4,0.8,86,37,63,1,410,28,0.5,1.5,0.09,0.53,Tr,Tr,(0),(0),0.7,0.05,0.02,0.6,0.14,(0),39,0.23,"{""baseName"":""たけのこいも"",""part"":""球茎"",""state"":""水煮"",""notes"":[""いも類"",""さといも類""]}",加熱済みの里芋類で消化しやすく安全。炭水化物・食物繊維源として使える。,8,1,1,49,110,69,21,36,57,80,59,140,64,25,76,35,110,0.24,0.12,0.02,0.10,100,17,0,0,0,76.9,169308,17.3,"Bamboo taro, corm, boiled"
02,02013,＜いも類＞　（さといも類）　みずいも　球茎　生,70.5,0.7,0.4,2.2,0.8,111,46,35,6,290,23,1.0,0.2,0.05,0.56,9,1,(0),(0),0.6,0.16,0.02,0.6,0.21,(0),27,0.20,"{""baseName"":""みずいも"",""part"":""球茎"",""state"":""生"",""notes"":[""いも類"",""さといも類""]}",みずいも（里芋類）の生はシュウ酸カルシウム等により口腔や消化器を刺激するため、生では注意が必要（加熱が望ましい）。,4,1,1,20,40,31,8.6,14,23,27,21,48,25,9.9,29,15,36,0.22,0.10,0.01,0.09,87,11,0,0,0,94.75,169308,17.3,"Water taro, corm, raw"
02,02014,＜いも類＞　（さといも類）　みずいも　球茎　水煮,72.0,0.7,0.4,2.5,0.8,101,79,35,5,270,23,1.0,0.2,0.05,0.47,6,1,(0),(0),0.6,0.16,0.02,0.6,0.17,(0),27,0.14,"{""baseName"":""みずいも"",""part"":""球茎"",""state"":""水煮"",""notes"":[""いも類"",""さといも類""]}",加熱済みの里芋類で消化しやすく一般に安全。,8,1,1,22,45,34,9.3,16,26,30,24,54,27,11,33,16,42,0.22,0.10,0.01,0.09,89,12,0,0,0,88.45,169308,17.3,"Water taro, corm, boiled"
02,02015,＜いも類＞　（さといも類）　やつがしら　球茎　生,74.5,3.0,0.7,2.8,1.3,94,39,72,1,630,42,0.7,1.4,0.23,1.30,1,0,(0),(0),1.0,0.13,0.06,0.7,0.22,(0),39,0.50,"{""baseName"":""やつがしら"",""part"":""球茎"",""state"":""生"",""notes"":[""いも類"",""さといも類""]}",生のやつがしら（里芋類）は生では刺激成分を含むことがあり、適切な加熱処理が必要,4,1,1,110,240,140,39,68,110,150,120,270,140,54,160,65,220,0.29,0.15,0.02,0.13,130,21,0,0,0,78.4,169308,17.3,"Yatsugashira taro, corm, raw"
02,02016,＜いも類＞　（さといも類）　やつがしら　球茎　水煮,75.6,2.7,0.6,2.8,1.1,92,34,56,1,520,39,0.6,1.3,0.21,1.25,Tr,0,(0),(0),1.1,0.11,0.04,0.5,0.17,(0),30,0.49,"{""baseName"":""やつがしら"",""part"":""球茎"",""state"":""水煮"",""notes"":[""いも類"",""さといも類""]}",水煮したやつがしら（里芋類）は加熱済みのでん粉源として利用できる。,7,1,1,96,220,130,35,66,100,130,120,250,130,51,150,59,210,0.31,0.19,0.03,0.16,160,28,0,0,0,74.75,169308,17.3,"Yatsugashira taro, corm, boiled"
02,02063,＜いも類＞　じゃがいも　塊茎　皮つき　生,81.1,1.8,0.1,9.8,1.0,51,4,46,1,420,19,1.0,0.2,0.09,0.42,1,0,(0),(0),Tr,0.08,0.03,1.6,0.20,(0),20,0.49,"{""baseName"":""じゃがいも"",""part"":""塊茎"",""formModifiers"":[""皮つき""],""state"":""生"",""notes"":[""いも類""]}",生のじゃがいもはソラニンなどの成分が懸念されるため、加熱が望ましい,4,1,1,59,92,94,25,22,47,67,46,110,66,18,91,30,84,0.03,0.01,Tr,0.01,9,4,0,0,0,28.85,170026,12.1,"Potato, tuber, skin on, raw"
02,02064,＜いも類＞　じゃがいも　塊茎　皮つき　電子レンジ調理,77.6,2.1,0.2,3.9,0.9,78,4,58,Tr,430,23,0.9,0.3,0.12,0.45,1,Tr,(0),(0),0.1,0.07,0.02,1.7,0.19,(0),15,0.33,"{""baseName"":""じゃがいも"",""part"":""塊茎"",""formModifiers"":[""皮つき""],""state"":""電子レンジ調理"",""notes"":[""いも類""]}",加熱したじゃがいもは消化しやすく犬に適した素材。ただし緑化部や芽は除く。,8,1,1,67,100,110,30,25,55,76,58,130,75,22,100,34,96,0.02,0.01,Tr,0.01,11,4,0,0,0,62.6,170522,,"Potato, tuber, skin on, microwaved"
02,02065,＜いも類＞　じゃがいも　塊茎　皮つき　フライドポテト　（生を揚げたもの）,65.2,2.7,5.6,4.3,1.1,153,6,78,1,580,29,1.6,0.4,0.14,0.55,2,0,(0),(0),1.1,0.09,0.03,2.3,0.22,(0),26,0.45,"{""baseName"":""じゃがいも"",""variety"":""フライドポテト"",""part"":""塊茎"",""formModifiers"":[""皮つき""],""notes"":[""いも類"",""生を揚げたもの""]}",皮つきフライドポテトは揚げ物で脂質や塩分が高く、素材としては不向き,4,1,1,85,140,130,35,35,69,96,82,180,97,26,130,46,120,5.11,1.50,0.48,1.03,1000,480,0,0,0,130.9,170523,,"Potato, tuber, skin on, french fries (fresh fried)"
02,02017,＜いも類＞　じゃがいも　塊茎　皮なし　生,79.8,1.8,0.1,8.9,1.0,59,4,47,1,410,19,0.4,0.2,0.09,0.37,1,0,(0),(0),Tr,0.09,0.03,1.5,0.20,(0),20,0.50,"{""baseName"":""じゃがいも"",""part"":""塊茎"",""formModifiers"":[""皮なし""],""state"":""生"",""notes"":[""いも類""]}",生の芋はソラニン等や消化性の観点から加熱が望ましく、生のままでは注意が必要。,5,1,1,56,87,91,25,22,48,64,45,110,64,18,88,30,85,0.04,0.02,0.01,0.02,16,6,0,0,0,36.55,170026,12.1,"Potato, tuber, skinless, raw"
02,02019,＜いも類＞　じゃがいも　塊茎　皮なし　水煮,80.6,1.7,0.1,3.1,0.7,71,4,32,1,340,16,0.6,0.2,0.10,0.10,0,0,(0),(0),0.1,0.07,0.03,1.0,0.18,(0),18,0.41,"{""baseName"":""じゃがいも"",""part"":""塊茎"",""formModifiers"":[""皮なし""],""state"":""水煮"",""notes"":[""いも類""]}",皮なしの水煮じゃがいもは加熱され消化性が良い炭水化物源で使用可能。,8,1,1,57,93,95,26,23,49,66,63,130,66,20,87,31,86,(0.04),(0.03),(0.01),(0.02),(18),(7),-,-,-,55.1,170438,13.5,"Potato, tuber, skinless, boiled"
02,02018,＜いも類＞　じゃがいも　塊茎　皮なし　蒸し,78.8,1.9,0.3,3.5,0.9,76,5,38,1,420,24,0.6,0.3,0.08,0.12,Tr,Tr,(0),(0),0.1,0.08,0.03,1.0,0.22,(0),21,0.50,"{""baseName"":""じゃがいも"",""part"":""塊茎"",""formModifiers"":[""皮なし""],""state"":""蒸し"",""notes"":[""いも類""]}",皮なしに蒸したじゃがいもは加熱済みで消化しやすく犬にとって安全な炭水化物源である,8,1,1,63,97,100,30,25,55,73,63,140,71,22,96,33,89,(0.10),(0.06),(0.02),(0.04),(45),(18),-,-,-,60.3,170438,13.5,"Potato, tuber, skinless, steamed"
02,02066,＜いも類＞　じゃがいも　塊茎　皮なし　電子レンジ調理,78.0,1.9,0.1,3.5,1.0,78,4,47,1,430,20,0.4,0.3,0.10,0.40,1,0,(0),(0),Tr,0.09,0.03,1.4,0.20,(0),17,0.47,"{""baseName"":""じゃがいも"",""part"":""塊茎"",""formModifiers"":[""皮なし""],""state"":""電子レンジ調理"",""notes"":[""いも類""]}",皮なしで電子レンジ調理されたじゃがいもは消化性が良く、安全に使える。,9,1,1,62,96,98,27,22,49,71,54,120,69,20,95,32,90,0.01,0.01,Tr,0.01,7,2,0,0,0,61.75,170441,,"Potato, tuber, skinless, microwaved"
02,02067,＜いも類＞　じゃがいも　塊茎　皮なし　フライドポテト　（生を揚げたもの）,64.2,2.7,5.9,3.9,1.0,159,5,78,1,570,29,0.5,0.4,0.14,0.48,1,0,(0),(0),1.2,0.10,0.02,2.2,0.24,(0),24,0.50,"{""baseName"":""じゃがいも"",""variety"":""フライドポテト"",""part"":""塊茎"",""formModifiers"":[""皮なし""],""notes"":[""いも類"",""生を揚げたもの""]}",フライドポテトは高脂質の加工食品で使用量を制限すべき,5,1,1,84,130,130,35,34,69,95,81,180,95,25,130,46,130,5.28,1.55,0.49,1.06,1100,490,0,0,0,137.65,170523,,"Potato, tuber, skinless, french fries (fresh fried)"
02,02020,＜いも類＞　じゃがいも　塊茎　皮なし　フライドポテト　（市販冷凍食品を揚げたもの）,52.9,2.9,10.6,3.1,1.2,229,4,48,2,660,35,0.8,0.4,0.15,0.19,-,-,(0),(0),1.5,0.12,0.06,1.5,0.35,(0),35,0.71,"{""baseName"":""じゃがいも"",""variety"":""フライドポテト"",""part"":""塊茎"",""formModifiers"":[""皮なし""],""notes"":[""いも類"",""市販冷凍食品を揚げたもの""]}",揚げ物のフライドポテトは脂質・塩分が高く加工品として使用は控えめが望ましい,4,1,1,(97),(160),(160),(44),(39),(82),(110),(110),(220),(110),(33),(150),(52),(150),(9.85),(2.74),(0.79),(1.95),(2000),(790),(0),(0),(0),202.8,170523,,"Potato, tuber, skinless, french fries (frozen fried)"
02,02021,＜いも類＞　じゃがいも　乾燥マッシュポテト,7.5,6.6,0.6,6.6,2.5,347,24,150,75,1200,71,3.1,0.9,0.35,0.51,-,-,(0),(0),0.2,0.25,0.05,2.0,1.01,(0),100,0.47,"{""baseName"":""じゃがいも"",""variety"":""乾燥マッシュポテト"",""notes"":[""いも類""]}",乾燥マッシュポテトは加工具で利用可能だが調味料の有無を確認。,6,1,1,240,420,390,92,98,190,280,230,520,280,85,350,140,320,0.46,0.07,0.01,0.05,55,14,0,0,0,294.9,170039,56.6,"Potato, dehydrated, mashed"
02,02054,＜いも類＞　ヤーコン　塊根　生,86.3,0.6,0.3,1.1,0.4,52,11,31,0,240,8,0.2,0.1,0.07,0.07,-,-,(0),(0),0.2,0.04,0.01,1.0,0.08,(0),25,0.02,"{""baseName"":""ヤーコン"",""part"":""塊根"",""state"":""生"",""notes"":[""いも類""]}",ヤーコンは生の根菜で食物繊維や糖アルコールを含むが果菜として問題は少ない,8,0,0,,,,,,,,,,,,,,,,,,,,,,,,44.2,170071,16.5,"Yacon, root, raw"
02,02055,＜いも類＞　ヤーコン　塊根　水煮,88.8,0.6,0.3,1.2,0.4,42,11,26,0,190,7,0.2,0.1,0.06,0.07,-,-,(0),(0),0.2,0.03,0.01,0.7,0.06,(0),28,0.01,"{""baseName"":""ヤーコン"",""part"":""塊根"",""state"":""水煮"",""notes"":[""いも類""]}",水煮のヤーコンは食物繊維（フラクトオリゴ糖）を含み、犬にとって利用しやすい根菜。,8,0,0,,,,,,,,,,,,,,,,,,,,,,,,35.1,169358,,"Yacon, tuber, boiled"
02,02022,＜いも類＞　（やまのいも類）　ながいも　いちょういも　塊根　生,71.1,4.5,0.5,1.4,1.3,108,12,65,5,590,19,0.6,0.4,0.20,0.05,1,1,(0),(0),0.3,0.15,0.05,0.4,0.11,(0),13,0.85,"{""baseName"":""ながいも"",""variety"":""いちょういも"",""part"":""塊根"",""state"":""生"",""notes"":[""いも類"",""やまのいも類""]}",消化に良い炭水化物源で犬に与えやすい根菜類（加熱や下処理で扱いやすい）,8,1,1,140,230,170,57,41,98,200,120,320,120,64,180,85,620,0.27,0.13,0.01,0.12,120,9,0,0,0,94.2,170071,16.5,"Yam, ichoimo, raw"
02,02023,＜いも類＞　（やまのいも類）　ながいも　ながいも　塊根　生,82.6,2.2,0.3,1.0,1.0,64,17,27,3,430,17,0.4,0.3,0.10,0.03,1,1,(0),(0),0.2,0.10,0.02,0.4,0.09,(0),8,0.61,"{""baseName"":""ながいも"",""variety"":""ながいも"",""part"":""塊根"",""state"":""生"",""notes"":[""いも類"",""やまのいも類""]}",長芋はでん粉や栄養を含む根菜で犬にも適した素材。ただし生の粘性で刺激が出る場合がある。,8,1,1,57,83,68,21,17,38,73,43,120,65,28,75,37,200,0.14,0.08,0.01,0.07,75,9,-,-,-,55.4,170071,16.5,"Yam, nagaimo, raw"
02,02024,＜いも類＞　（やまのいも類）　ながいも　ながいも　塊根　水煮,84.2,2.0,0.3,1.4,0.9,58,15,26,3,430,16,0.4,0.3,0.09,0.03,1,0,(0),(0),0.2,0.08,0.02,0.3,0.08,(0),6,0.50,"{""baseName"":""ながいも"",""variety"":""ながいも"",""part"":""塊根"",""state"":""水煮"",""notes"":[""いも類"",""やまのいも類""]}",ゆでたながいもは消化しやすく食物繊維や栄養が得られる安全な素材。,8,1,1,57,85,69,21,19,40,75,45,120,61,27,74,36,180,(0.14),(0.08),(0.01),(0.07),(75),(9),-,-,-,48.75,170071,16.5,"Yam, nagaimo, boiled"
02,02025,＜いも類＞　（やまのいも類）　ながいも　やまといも　塊根　生,66.7,4.5,0.2,2.5,1.5,119,16,72,12,590,28,0.5,0.6,0.16,0.27,1,1,(0),(0),0.2,0.13,0.02,0.5,0.14,(0),6,0.54,"{""baseName"":""ながいも"",""variety"":""やまといも"",""part"":""塊根"",""state"":""生"",""notes"":[""いも類"",""やまのいも類""]}",ながいも（生）は栄養源として利用されるが生食で粘性や消化性に注意が必要,7,1,1,130,230,170,56,40,96,180,120,310,120,62,170,84,590,0.12,0.07,0.01,0.06,58,9,0,0,0,103.55,170071,16.5,"Yam, yamaimo, raw"
02,02026,＜いも類＞　（やまのいも類）　じねんじょ　塊根　生,68.8,2.8,0.7,2.0,1.0,118,10,31,6,550,21,0.8,0.7,0.21,0.12,Tr,Tr,(0),(0),4.1,0.11,0.04,0.6,0.18,(0),29,0.67,"{""baseName"":""じねんじょ"",""part"":""塊根"",""state"":""生"",""notes"":[""いも類"",""やまのいも類""]}",じねんじょはでんぷん質の供給源で、加熱して与えるのが適切。,7,1,1,88,150,100,34,26,61,110,75,190,83,41,110,54,260,0.27,0.11,0.02,0.10,98,16,0,0,0,102.2,170071,16.5,"Yam, jinenjo, raw"
02,02027,＜いも類＞　（やまのいも類）　だいじょ　塊根　生,71.2,2.6,0.1,2.2,1.1,102,14,57,20,490,18,0.7,0.3,0.24,0.03,Tr,1,(0),(0),0.4,0.10,0.02,0.4,0.28,(0),24,0.45,"{""baseName"":""だいじょ"",""part"":""塊根"",""state"":""生"",""notes"":[""いも類"",""やまのいも類""]}",山芋類は一般に利用可能だが生の状態では刺激や消化不良を起こすことがあるため注意が必要。,6,1,1,85,150,99,33,22,55,120,74,190,88,36,100,55,240,0.04,0.02,Tr,0.02,16,2,0,0,0,89.75,170071,16.5,"Yam, daijo, raw"
02,02070,＜でん粉・でん粉製品＞　（でん粉類）　おおうばゆりでん粉,16.2,0.1,0.1,0.8,Tr,327,5,6,1,1,1,0.1,Tr,0.01,0.02,0,0,-,-,0,0,0,0,0,-,Tr,0.01,"{""baseName"":""おおうばゆりでん粉"",""notes"":[""でん粉・でん粉製品"",""でん粉類""]}",おおうばゆりでん粉はでん粉類の炭水化物源として利用可能な素材,7,0,0,,,,,,,,,,,,,,,,,,,,,,,,291,169698,0.4,Lily bulb starch
02,02028,＜でん粉・でん粉製品＞　（でん粉類）　キャッサバでん粉,14.2,0.1,0.2,(0),0.2,354,28,6,1,48,5,0.3,Tr,0.03,0.09,-,-,0,(0),-,0,0,0,(0),(0),(0),(0),"{""baseName"":""キャッサバでん粉"",""notes"":[""でん粉・でん粉製品"",""でん粉類""]}",精製されたキャッサバでん粉（タピオカ）は炭水化物源として利用可能で、素材として使いやすい。,7,0,0,,,,,,,,,,,,,,,,,,,,,,,,300.6,170684,,Cassava starch
02,02029,＜でん粉・でん粉製品＞　（でん粉類）　くずでん粉,13.9,0.2,0.2,(0),0.1,356,18,12,2,2,3,2.0,Tr,0.02,0.02,-,-,(0),(0),-,(0),(0),(0),(0),(0),(0),(0),"{""baseName"":""くずでん粉"",""notes"":[""でん粉・でん粉製品"",""でん粉類""]}",くずでん粉は消化しやすい炭水化物源で素材として問題ない,8,0,0,,,,,,,,,,,,,,,,,,,,,,,,302,169698,0.4,Kudzu starch
02,02030,＜でん粉・でん粉製品＞　（でん粉類）　米でん粉,9.7,0.2,0.7,(0),0.1,375,29,20,11,2,8,1.5,0.1,0.06,-,-,-,0,(0),-,0,0,0,(0),(0),(0),(0),"{""baseName"":""米でん粉"",""notes"":[""でん粉・でん粉製品"",""でん粉類""]}",米でん粉は炭水化物源として使いやすく犬のレシピ素材に適している,8,0,0,,,,,,,,,,,,,,,,,,,,,,,,319.2,169698,0.4,Rice starch
02,02031,＜でん粉・でん粉製品＞　（でん粉類）　小麦でん粉,13.1,0.2,0.5,(0),0.2,360,14,33,3,8,5,0.6,0.1,0.02,0.06,-,-,0,(0),-,0,0,0,(0),(0),(0),(0),"{""baseName"":""小麦でん粉"",""notes"":[""でん粉・でん粉製品"",""でん粉類""]}",消化しやすい炭水化物源でレシピ素材として利用可能,8,0,0,,,,,,,,,,,,,,,,,,,,,,,,305.95,169698,0.4,Wheat starch
02,02032,＜でん粉・でん粉製品＞　（でん粉類）　サゴでん粉,13.4,0.1,0.2,(0),0.2,357,7,9,7,1,3,1.8,Tr,Tr,0.37,-,-,(0),(0),-,(0),(0),(0),(0),(0),(0),(0),"{""baseName"":""サゴでん粉"",""notes"":[""でん粉・でん粉製品"",""でん粉類""]}",サゴでん粉は消化しやすいでん粉類でエネルギー源として素材使用に適している,8,0,0,,,,,,,,,,,,,,,,,,,,,,,,303.4,169698,0.4,Sago starch
02,02033,＜でん粉・でん粉製品＞　（でん粉類）　さつまいもでん粉,17.5,0.1,0.2,(0),0.2,340,50,8,1,4,4,2.8,0.1,0.02,-,-,-,0,(0),-,0,0,0,(0),(0),(0),(0),"{""baseName"":""さつまいもでん粉"",""notes"":[""でん粉・でん粉製品"",""でん粉類""]}",さつまいもでん粉は炭水化物源として利用可能でレシピ素材に適する,7,0,0,,,,,,,,,,,,,,,,,,,,,,,,289.05,170684,,Sweet potato starch
02,02034,＜でん粉・でん粉製品＞　（でん粉類）　じゃがいもでん粉,18.0,0.1,0.1,(0),0.2,338,10,40,2,34,6,0.6,Tr,0.03,-,0,0,0,(0),-,0,0,0,(0),(0),(0),(0),"{""baseName"":""じゃがいもでん粉"",""notes"":[""でん粉・でん粉製品"",""でん粉類""]}",じゃがいもでん粉は安全な炭水化物源・増粘剤として利用しやすい。,9,0,0,,,,,,,,,,,,,,,,,,,,,,,,286.8,168446,39.5,Potato starch
02,02035,＜でん粉・でん粉製品＞　（でん粉類）　とうもろこしでん粉,12.8,0.1,0.7,(0),0.1,363,3,13,1,5,4,0.3,0.1,0.04,-,1,Tr,0,(0),-,0,0,0,(0),(0),(0),(0),"{""baseName"":""とうもろこしでん粉"",""notes"":[""でん粉・でん粉製品"",""でん粉類""]}",とうもろこしでん粉は安定したでん粉原料でつなぎやとろみ付けなどに利用しやすい,8,0,1,,,,,,,,,,,,,,,(0.70),(0.35),(0),(0.35),(350),(0),(0),(0),(0),308.35,169698,0.4,Corn starch
02,02036,＜でん粉・でん粉製品＞　（でん粉製品）　くずきり　乾,11.8,0.2,0.2,0.9,0.1,341,19,18,4,3,4,1.4,0.1,0.03,0.05,-,-,(0),(0),-,(0),(0),(0),(0),(0),(0),(0),"{""baseName"":""くずきり"",""state"":""乾"",""notes"":[""でん粉・でん粉製品"",""でん粉製品""]}",でん粉由来の乾燥麺で消化しやすい炭水化物源として利用可能,7,0,0,,,,,,,,,,,,,,,,,,,,,,,,306.2,174258,93.2,"Kuzukiri, dried"
02,02037,＜でん粉・でん粉製品＞　（でん粉製品）　くずきり　ゆで,66.5,0.1,0.1,0.8,Tr,133,5,5,2,Tr,1,0.4,Tr,0.01,0.01,-,-,(0),(0),-,(0),(0),(0),(0),(0),(0),(0),"{""baseName"":""くずきり"",""state"":""ゆで"",""notes"":[""でん粉・でん粉製品"",""でん粉製品""]}",くずきりはでん粉由来の炭水化物で消化しやすく素材として使いやすい。,8,0,0,,,,,,,,,,,,,,,,,,,,,,,,114.95,167632,,"Kuzukiri, boiled"
02,02056,＜でん粉・でん粉製品＞　（でん粉製品）　ごま豆腐,84.8,1.5,4.3,1.0,0.2,75,6,69,Tr,32,27,0.6,0.4,0.12,0.10,-,-,0,0,0,0.10,0.01,0.4,0.03,0,6,0.03,"{""baseName"":""ごま豆腐"",""notes"":[""でん粉・でん粉製品"",""でん粉製品""]}",ごま豆腐はごま由来の風味とでん粉の組み合わせで消化しやすく使いやすい素材。,6,1,1,(66),(120),(47),(55),(36),(91),(80),(62),(140),(69),(28),(85),(48),(220),(3.36),(1.58),(0.01),(1.56),(1600),(12),(0),(0),(0),70.5,167695,26.2,Sesame tofu
02,02038,＜でん粉・でん粉製品＞　（でん粉製品）　タピオカパール　乾,11.9,0,0.2,0.5,0.1,352,24,8,5,12,3,0.5,0.1,0.01,0.13,-,-,(0),(0),(0),(0),(0),(0),(0),(0),(0),(0),"{""baseName"":""タピオカパール"",""state"":""乾"",""notes"":[""でん粉・でん粉製品"",""でん粉製品""]}",タピオカパール（乾）はでん粉製品として使用可能だが調理が必要で栄養価は限定的。,7,0,0,,,,,,,,,,,,,,,,,,,,,,,,307.25,169717,1.2,"Tapioca pearls, dry"
02,02057,＜でん粉・でん粉製品＞　（でん粉製品）　タピオカパール　ゆで,84.6,0,Tr,0.2,Tr,61,4,1,Tr,1,0,0.1,0,0,0.01,-,-,(0),(0),(0),(0),(0),(0),(0),(0),(0),(0),"{""baseName"":""タピオカパール"",""state"":""ゆで"",""notes"":[""でん粉・でん粉製品"",""でん粉製品""]}",ゆでタピオカは消化しやすいでん粉源として利用できるが栄養は限定的,7,0,0,,,,,,,,,,,,,,,,,,,,,,,,53.2,169717,1.2,"Tapioca pearls, boiled"
02,02058,＜でん粉・でん粉製品＞　（でん粉製品）　でん粉めん　生,67.4,0.1,0.2,0.8,0.2,129,1,31,8,3,0,0.1,0,0,0,-,-,(0),(0),(0),(0),(0),(0),(0),(0),(0),(0),"{""baseName"":""でん粉めん"",""state"":""生"",""notes"":[""でん粉・でん粉製品"",""でん粉製品""]}",でん粉めんは炭水化物源として使用可能だが加工品である点を考慮。,6,0,0,,,,,,,,,,,,,,,,,,,,,,,,111.6,168914,1.6,"Starch noodles, raw"
02,02059,＜でん粉・でん粉製品＞　（でん粉製品）　でん粉めん　乾,12.6,0.2,0.3,1.8,0.2,347,6,48,32,38,5,0.2,Tr,0,0.02,-,-,(0),(0),(0),(0),(0),(0),(0),(0),(0),(0),"{""baseName"":""でん粉めん"",""state"":""乾"",""notes"":[""でん粉・でん粉製品"",""でん粉製品""]}",乾燥のでん粉めんは穀類・でん粉源として使える安定した素材,7,0,0,,,,,,,,,,,,,,,,,,,,,,,,300.4,169742,5.5,"Starch noodles, dry"
02,02060,＜でん粉・でん粉製品＞　（でん粉製品）　でん粉めん　乾　ゆで,79.2,0,0.2,0.6,Tr,83,1,11,5,7,1,0.1,0,0,0,-,-,(0),(0),(0),(0),(0),(0),(0),(0),(0),(0),"{""baseName"":""でん粉めん"",""state"":""ゆで"",""notes"":[""でん粉・でん粉製品"",""でん粉製品""]}",でん粉めん（ゆで）は炭水化物源として使えるが加工食品である,6,0,0,,,,,,,,,,,,,,,,,,,,,,,,71.7,168914,1.6,"Starch noodles, boiled"
02,02039,＜でん粉・でん粉製品＞　（でん粉製品）　はるさめ　緑豆はるさめ　乾,11.8,0.2,0.4,4.1,0.1,344,20,10,14,13,3,0.5,0.1,0.01,0.02,2,1,(0),(0),(0),(0),(0),(0),(0),(0),(0),(0),"{""baseName"":""はるさめ"",""variety"":""緑豆はるさめ"",""state"":""乾"",""notes"":[""でん粉・でん粉製品"",""でん粉製品""]}",緑豆でん粉由来のはるさめは消化しやすい炭水化物源として安全,8,0,0,,,,,,,,,,,,,,,,,,,,,,,,296,174258,93.2,"Glass noodles, mung bean, dry"
02,02061,＜でん粉・でん粉製品＞　（でん粉製品）　はるさめ　緑豆はるさめ　ゆで,79.3,Tr,0.1,1.5,Tr,78,3,3,0,0,Tr,0.1,Tr,0,0,0,0,(0),(0),(0),(0),(0),(0),(0),(0),(0),(0),"{""baseName"":""はるさめ"",""variety"":""緑豆はるさめ"",""state"":""ゆで"",""notes"":[""でん粉・でん粉製品"",""でん粉製品""]}",緑豆はるさめは加熱済みの消化しやすいでん粉源で犬のレシピ素材として適する,8,0,0,,,,,,,,,,,,,,,,,,,,,,,,67.7,171583,0.3,"Glass noodles, mung bean, boiled"
02,02040,＜でん粉・でん粉製品＞　（でん粉製品）　はるさめ　普通はるさめ　乾,12.9,0,0.2,1.2,0.3,346,41,46,7,14,5,0.4,Tr,0.01,0.05,0,0,(0),(0),(0),(0),(0),(0),(0),(0),(0),(0),"{""baseName"":""はるさめ"",""variety"":""普通はるさめ"",""state"":""乾"",""notes"":[""でん粉・でん粉製品"",""でん粉製品""]}",春雨（でん粉製品）は消化可能な炭水化物源として利用できる,8,0,0,,,,,,,,,,,,,,,,,,,,,,,,300.6,174258,93.2,"Glass noodles, regular, dry"
02,02062,＜でん粉・でん粉製品＞　（でん粉製品）　はるさめ　普通はるさめ　ゆで,80.0,0,Tr,0.8,0.1,76,10,10,1,2,1,0.1,0,0,0.01,0,0,(0),(0),(0),(0),(0),(0),(0),(0),(0),(0),"{""baseName"":""はるさめ"",""variety"":""普通はるさめ"",""state"":""ゆで"",""notes"":[""でん粉・でん粉製品"",""でん粉製品""]}",はるさめ（でん粉製品）は消化可能な炭水化物源でレシピ素材として使いやすい,7,0,0,,,,,,,,,,,,,,,,,,,,,,,,66.85,168914,1.6,"Glass noodles, regular, boiled"
03,03001,（砂糖類）　黒砂糖,4.4,1.7,Tr,(0),3.6,352,240,31,27,1100,31,4.7,0.5,0.24,0.93,15,4,(0),(0),(0),0.05,0.07,0.8,0.72,(0),10,1.39,"{""baseName"":""黒砂糖"",""notes"":[""砂糖類""]}",黒砂糖は糖類でエネルギー源として使えるが糖分が高い点に注意,6,1,0,14,21,6.6,4.0,12,16,13,9.2,22,21,4.6,28,4.3,6.2,,,,,,,,,,322,168833,2.3,Brown sugar
03,03030,（砂糖類）　てんさい含蜜糖,2.0,0.9,Tr,8.3,0.1,357,Tr,1,48,27,0,0.1,Tr,Tr,Tr,0,0,-,-,-,0,0,0.2,0.01,-,1,0,"{""baseName"":""てんさい含蜜糖"",""notes"":[""砂糖類""]}",てんさい含蜜糖は糖分が主成分のためエネルギー源としては使えるが多量は避けるべき。,6,0,0,,,,,,,,,,,,,,,,,,,,,,,,313.6,170674,,"Beet sugar, unrefined"
03,03002,（砂糖類）　和三盆糖,0.3,0.2,Tr,(0),0.5,393,27,13,1,140,17,0.7,0.2,0.07,0.30,0,0,(0),(0),(0),0.01,0.03,Tr,0.08,(0),2,0.37,"{""baseName"":""和三盆糖"",""notes"":[""砂糖類""]}",和三盆糖は純粋な糖類で主要素材には向かない,5,0,0,,,,,,,,,,,,,,,,,,,,,,,,347.2,173730,,Wasanbon sugar
03,03003,（砂糖類）　車糖　上白糖,0.7,(0),(0),(0),0,391,1,Tr,1,2,Tr,Tr,0,0.01,0,0,0,(0),(0),(0),(0),(0),(0),(0),(0),(0),(0),"{""baseName"":""車糖"",""variety"":""上白糖"",""notes"":[""砂糖類""]}",上白糖は加工糖類で栄養価が低いため素材としては慎重に使うべき,4,0,0,,,,,,,,,,,,,,,,,,,,,,,,347.55,169656,0,White sugar
03,03004,（砂糖類）　車糖　三温糖,0.9,Tr,(0),(0),0.1,390,6,Tr,7,13,2,0.1,Tr,0.07,0.01,0,0,(0),(0),(0),Tr,0.01,Tr,(0),(0),(0),(0),"{""baseName"":""車糖"",""variety"":""三温糖"",""notes"":[""砂糖類""]}",三温糖は高糖分で栄養価は限定的なため主素材としては適さないが、少量での使用は可能。,5,0,0,,,,,,,,,,,,,,,,,,,,,,,,346.5,168833,2.3,Light brown sugar
03,03005,（砂糖類）　ざらめ糖　グラニュー糖,Tr,(0),(0),(0),0,394,Tr,(0),Tr,Tr,0,Tr,Tr,0,0,0,0,(0),(0),(0),(0),(0),(0),(0),(0),(0),(0),"{""baseName"":""ざらめ糖"",""variety"":""グラニュー糖"",""notes"":[""砂糖類""]}",ざらめ・グラニュー糖は調味や嗜好性付与の素材として利用可能だが栄養源としては限定的,5,0,0,,,,,,,,,,,,,,,,,,,,,,,,350,,,Granulated sugar
03,03006,（砂糖類）　ざらめ糖　白ざら糖,Tr,(0),(0),(0),0,393,0,(0),Tr,Tr,0,Tr,0,0,-,-,-,(0),(0),(0),(0),(0),(0),(0),(0),(0),(0),"{""baseName"":""ざらめ糖"",""variety"":""白ざら糖"",""notes"":[""砂糖類""]}",純粋な砂糖で栄養価は低く、頻繁な使用は推奨されない,5,0,0,,,,,,,,,,,,,,,,,,,,,,,,350,,,White rock sugar
03,03007,（砂糖類）　ざらめ糖　中ざら糖,Tr,(0),(0),(0),Tr,393,Tr,Tr,2,1,Tr,0.1,Tr,0.02,-,-,-,(0),(0),(0),(0),(0),(0),(0),(0),(0),(0),"{""baseName"":""ざらめ糖"",""variety"":""中ざら糖"",""notes"":[""砂糖類""]}",ざらめ糖は甘味付けには使えるが主要素材としての栄養価は低い,5,0,0,,,,,,,,,,,,,,,,,,,,,,,,350,169656,0,Medium rock sugar
03,03008,（砂糖類）　加工糖　角砂糖,Tr,(0),(0),(0),0,394,Tr,(0),Tr,Tr,0,0.1,0,0.01,-,-,-,(0),(0),(0),(0),(0),(0),(0),(0),(0),(0),"{""baseName"":""加工糖"",""variety"":""角砂糖"",""notes"":[""砂糖類""]}",純粋な砂糖は栄養価が低く甘味付けとしてのみの利用にとどめるべき素材,4,0,0,,,,,,,,,,,,,,,,,,,,,,,,350,,,Sugar cubes
03,03009,（砂糖類）　加工糖　氷砂糖,Tr,(0),(0),(0),0,394,Tr,(0),Tr,Tr,Tr,0.1,Tr,0,-,-,-,(0),(0),(0),(0),(0),(0),(0),(0),(0),(0),"{""baseName"":""加工糖"",""variety"":""氷砂糖"",""notes"":[""砂糖類""]}",氷砂糖は糖類であるため糖分の点で多量は避けるべきだが素材としては使える,6,0,0,,,,,,,,,,,,,,,,,,,,,,,,350,,,Rock sugar
03,03010,（砂糖類）　加工糖　コーヒーシュガー,0.1,0.1,(0),(0),Tr,394,1,Tr,2,Tr,Tr,0.2,1.2,0.01,-,-,-,(0),(0),(0),(0),(0),(0),(0),(0),(0),(0),"{""baseName"":""加工糖"",""variety"":""コーヒーシュガー"",""notes"":[""砂糖類""]}",主成分が砂糖の甘味料で有害ではないが栄養価は低く過剰は避けるべき。,5,0,0,,,,,,,,,,,,,,,,,,,,,,,,349.65,173665,,Coffee sugar
03,03011,（砂糖類）　加工糖　粉糖,0.3,(0),(0),(0),0,393,Tr,0,1,1,Tr,0.2,0,0,-,-,-,(0),(0),(0),(0),(0),(0),(0),(0),(0),(0),"{""baseName"":""加工糖"",""variety"":""粉糖"",""notes"":[""砂糖類""]}",粉糖は精製された糖分が主体で栄養価が低く、犬の主素材としては不適切。,4,0,0,,,,,,,,,,,,,,,,,,,,,,,,348.95,169656,0,Powdered sugar
03,03012,（砂糖類）　液糖　しょ糖型液糖,32.1,(0),(0),(0),Tr,267,Tr,0,Tr,Tr,Tr,Tr,0,0.01,-,-,-,(0),(0),(0),(0),(0),(0),(0),(0),(0),(0),"{""baseName"":""液糖"",""variety"":""しょ糖型液糖"",""notes"":[""砂糖類""]}",しょ糖型液糖は高糖分の甘味料で単体では栄養素材としては不適だが風味付けには用いられる,5,0,0,,,,,,,,,,,,,,,,,,,,,,,,237.65,,,"Liquid sugar, sucrose type"
03,03013,（砂糖類）　液糖　転化型液糖,23.4,(0),(0),(0),Tr,294,Tr,Tr,4,Tr,Tr,Tr,0,Tr,-,-,-,(0),(0),(0),(0),(0),(0),(0),(0),(0),(0),"{""baseName"":""液糖"",""variety"":""転化型液糖"",""notes"":[""砂糖類""]}",転化糖は高濃度の糖類であり、甘味付け以外の用途では適さないことが多い,5,0,0,,,,,,,,,,,,,,,,,,,,,,,,268.1,,,"Liquid sugar, invert type"
03,03014,（砂糖類）　氷糖みつ,31.5,0.2,(0),(0),0.1,274,Tr,Tr,10,Tr,Tr,0.7,0.1,0,-,-,-,(0),(0),(0),0.01,0.02,0.1,(0),(0),(0),(0),"{""baseName"":""氷糖みつ"",""notes"":[""砂糖類""]}",糖類のシロップは栄養的に偏りがあり加工度が高いため素材利用は限定的。,5,0,0,,,,,,,,,,,,,,,,,,,,,,,,239.4,169058,8,Rock sugar syrup
03,03031,（でん粉糖類）　還元麦芽糖,0,0,Tr,0.3,0,208,Tr,0,0,Tr,0,Tr,0,Tr,0,0,0,-,-,-,0,0,0,0,-,Tr,Tr,"{""baseName"":""還元麦芽糖"",""notes"":[""でん粉糖類""]}",還元麦芽糖（マルチトール）は糖アルコールで消化器症状を起こすことがあるため慎重に。,4,0,0,,,,,,,,,,,,,,,,,,,,,,,,348.95,,,Maltitol
03,03032,（でん粉糖類）　還元水あめ,30.1,0,Tr,14.0†,0,210,Tr,1,0,Tr,0,0,0,Tr,0,0,0,-,-,-,0,0,0,0,-,0,0,"{""baseName"":""還元水あめ"",""notes"":[""でん粉糖類""]}",還元水あめは単純糖質であり少量なら問題ないが、素材としては加工度が高い,5,0,0,,,,,,,,,,,,,,,,,,,,,,,,195.65,,,Reduced starch syrup
03,03015,（でん粉糖類）　粉あめ,3.0,(0),(0),(0),0,397,Tr,1,Tr,Tr,0,0.1,0,Tr,0,-,-,(0),(0),(0),(0),(0),(0),(0),(0),(0),(0),"{""baseName"":""粉あめ"",""notes"":[""でん粉糖類""]}",甘味料（でん粉糖類）で有害成分はないが栄養的利点は少なく控えめに使うのがよい。,5,0,0,,,,,,,,,,,,,,,,,,,,,,,,339.5,170277,13.3,Maltodextrin
03,03024,（でん粉糖類）　水あめ　酵素糖化,15.0,(0),(0),(0),Tr,342,Tr,1,Tr,0,0,0.1,0,Tr,0.01,0,0,(0),(0),(0),(0),(0),(0),(0),(0),(0),(0),"{""baseName"":""水あめ"",""variety"":""酵素糖化"",""notes"":[""でん粉糖類""]}",水あめ（でん粉糖）は高甘味の糖類だが少量の使用なら風味付けに使えるため限定的に素材として扱える,6,0,0,,,,,,,,,,,,,,,,,,,,,,,,297.5,170277,13.3,"Starch syrup, enzyme-converted"
03,03025,（でん粉糖類）　水あめ　酸糖化,15.0,(0),(0),(0),Tr,341,Tr,1,Tr,0,0,0.1,0,Tr,0.01,0,0,(0),(0),(0),(0),(0),(0),(0),(0),(0),(0),"{""baseName"":""水あめ"",""variety"":""酸糖化"",""notes"":[""でん粉糖類""]}",水あめは糖類の加工品で少量なら使えるが加工度が高い,5,0,0,,,,,,,,,,,,,,,,,,,,,,,,297.5,170277,13.3,"Starch syrup, acid-converted"
03,03017,（でん粉糖類）　ぶどう糖　全糖,9.0,(0),(0),(0),0,342,Tr,1,Tr,Tr,0,0.1,0,Tr,0,-,-,(0),(0),(0),(0),(0),(0),(0),(0),(0),(0),"{""baseName"":""ぶどう糖"",""variety"":""全糖"",""notes"":[""でん粉糖類""]}",単純な糖類でエネルギー源にはなるが素材としては限定的,5,0,0,,,,,,,,,,,,,,,,,,,,,,,,318.5,170277,13.3,"Glucose, anhydrous"
03,03018,（でん粉糖類）　ぶどう糖　含水結晶,8.7,(0),(0),(0),0,342,Tr,Tr,Tr,Tr,0,0.1,Tr,0.01,0,-,-,(0),(0),(0),(0),(0),(0),(0),(0),(0),(0),"{""baseName"":""ぶどう糖"",""variety"":""含水結晶"",""notes"":[""でん粉糖類""]}",ぶどう糖（含水結晶）は単糖類で小量なら問題は少ないが、主成分が糖であるため用途を限定して使うべきです。,6,0,0,,,,,,,,,,,,,,,,,,,,,,,,319.55,170277,13.3,"Glucose, hydrated"
03,03019,（でん粉糖類）　ぶどう糖　無水結晶,0.3,(0),(0),(0),0,374,Tr,Tr,Tr,Tr,0,0.1,0,Tr,0,-,-,(0),(0),(0),(0),(0),(0),(0),(0),(0),(0),"{""baseName"":""ぶどう糖"",""variety"":""無水結晶"",""notes"":[""でん粉糖類""]}",無水結晶のぶどう糖は純粋な糖類で栄養的には偏りがあるため補助的な素材向け,5,0,0,,,,,,,,,,,,,,,,,,,,,,,,348.95,,,"Glucose, anhydrous"
03,03020,（でん粉糖類）　果糖,0.1,(0),(0),(0),0,375,Tr,0,Tr,Tr,Tr,Tr,0,Tr,0,-,-,(0),(0),(0),(0),(0),(0),(0),(0),(0),(0),"{""baseName"":""果糖"",""notes"":[""でん粉糖類""]}",果糖はエネルギー源にすぎず栄養的価値が低いため、素材としては適さないことが多い。,5,0,0,,,,,,,,,,,,,,,,,,,,,,,,349.65,,,Fructose
03,03026,（でん粉糖類）　異性化液糖　ぶどう糖果糖液糖,25.0,0,0,(0),Tr,283,Tr,1,Tr,Tr,0,0.1,0,Tr,0,0,0,0,(0),(0),0,0,0,(0),(0),(0),(0),"{""baseName"":""異性化液糖"",""variety"":""ぶどう糖果糖液糖"",""notes"":[""でん粉糖類""]}",異性化液糖は高糖分の甘味料で栄養価が低く多用は避けるべき素材。,5,0,0,,,,,,,,,,,,,,,,,,,,,,,,262.5,170277,13.3,"High fructose corn syrup, glucose-fructose syrup"
03,03027,（でん粉糖類）　異性化液糖　果糖ぶどう糖液糖,25.0,0,0,(0),Tr,283,Tr,1,Tr,Tr,0,0.1,0,Tr,0,0,0,0,(0),(0),0,0,0,(0),(0),(0),(0),"{""baseName"":""異性化液糖"",""variety"":""果糖ぶどう糖液糖"",""notes"":[""でん粉糖類""]}",果糖ぶどう糖液糖は高濃度の糖類で常用には向かないが少量の甘味付けには使える,5,0,0,,,,,,,,,,,,,,,,,,,,,,,,262.5,170277,13.3,"High fructose corn syrup, fructose-glucose syrup"
03,03028,（でん粉糖類）　異性化液糖　高果糖液糖,25.0,0,0,(0),Tr,282,Tr,1,Tr,Tr,0,0.1,0,Tr,0,0,0,0,(0),(0),0,0,0,(0),(0),(0),(0),"{""baseName"":""異性化液糖"",""variety"":""高果糖液糖"",""notes"":[""でん粉糖類""]}",高果糖液糖は精製された糖類で高糖質の加工原料のため、使用は限定的に注意が必要,5,0,0,,,,,,,,,,,,,,,,,,,,,,,,262.5,170277,13.3,High fructose corn syrup
03,03029,（その他）　黒蜜,46.5,1.0,0,0,2.0,199,140,17,15,620,17,2.6,0.3,0.14,-,8,2,0,0,0,0.03,0.04,0.5,0.41,0,6,0.78,"{""baseName"":""黒蜜"",""notes"":[""その他""]}",黒蜜は糖分が主体の甘味料で主要素材としては向かない,5,0,0,,,,,,,,,,,,,,,,,,,,,,,,180.25,169662,13.3,Kuromitsu (Japanese black sugar syrup)
03,03022,（その他）　はちみつ,17.6,0.3,Tr,(0),0.1,329,4,5,2,65,2,0.2,0.1,0.04,0.21,Tr,0,(0),(0),0,Tr,0.01,0.3,0.02,0,7,0.12,"{""baseName"":""はちみつ"",""notes"":[""その他""]}",はちみつは天然の甘味で少量なら安全だが多量の摂取は避けるべき,7,1,0,(7.4),(9.3),(7.4),(0.9),(2.8),(3.7),(10),(7.4),(18),(3.7),(3.7),(8.4),(0.9),(4.6),,,,,,,,,,288.05,169640,2.2,Honey
03,03033,（その他）　はちみつ　国産品　,18.1,0.1,Tr,-,Tr,328,2,3,1,23,1,0.1,Tr,0.01,0.09,0,0,-,-,-,Tr,Tr,0.1,0.03,-,Tr,0.04,"{""baseName"":""はちみつ"",""variety"":""国産品"",""notes"":[""その他""]}",はちみつは甘味料として使用できるが糖分が高い点に注意が必要。,7,0,0,,,,,,,,,,,,,,,,,,,,,,,,286.65,169640,2.2,"Honey, domestic"
03,03023,（その他）　メープルシロップ,33.0,0.1,0,(0),0.6,266,75,1,1,230,18,0.4,1.5,0.01,2.01,4,0,(0),(0),(0),Tr,0.02,Tr,Tr,(0),1,0.13,"{""baseName"":""メープルシロップ"",""notes"":[""その他""]}",メープルシロップは犬に直接有毒ではないが糖分が高く主素材としては適していない,5,0,0,,,,,,,,,,,,,,,,,,,,,,,,232.4,169661,1.6,Maple syrup
04,04001,あずき　全粒　乾,14.2,20.8,2.0,24.8,3.4,304,70,350,1,1300,130,5.5,2.4,0.68,1.09,0,1,(0),(0),0.1,0.46,0.16,2.2,0.40,(0),130,1.02,"{""baseName"":""あずき"",""formModifiers"":[""全粒""],""state"":""乾""}",あずきは加熱調理すれば利用可能だが、生乾燥のままでは消化性に注意。,6,1,1,920,1700,1600,310,280,600,1200,610,1800,830,240,1100,700,1400,0.80,0.50,0.15,0.35,350,150,-,-,-,211.6,173727,,"Adzuki beans, whole, dry"
04,04002,あずき　全粒　ゆで,63.9,8.6,0.8,8.7,1.0,124,27,95,1,430,43,1.6,0.9,0.30,0.44,0,Tr,(0),(0),0.1,0.15,0.04,0.5,0.11,(0),23,0.43,"{""baseName"":""あずき"",""formModifiers"":[""全粒""],""state"":""ゆで""}",ゆであずきは加熱済みの豆類で食物繊維が豊富、適量で利用可能。,7,1,1,380,700,670,130,110,240,520,260,780,340,100,470,290,580,(0.33),(0.21),(0.06),(0.14),(140),(63),-,-,-,96.4,173728,,"Adzuki beans, whole, boiled"
04,04003,あずき　ゆで小豆缶詰,45.3,4.4,0.4,3.4,0.7,202,13,80,90,160,36,1.3,0.4,0.12,0.28,-,-,(0),(0),0,0.02,0.04,0.3,0.05,(0),13,0.14,"{""baseName"":""あずき"",""variety"":""ゆで小豆缶詰""}",加熱済みの小豆は可だが、缶詰は糖分やシロップが多い点に注意が必要。,6,1,1,180,350,320,66,43,110,250,120,380,170,46,230,140,280,0.22,0.14,0.04,0.09,95,42,0,0,0,179.1,173789,,"Adzuki beans, canned, boiled"
04,04004,あずき　あん　こし生あん,62.0,9.8,0.6,6.8,0.5,147,73,85,3,60,30,2.8,1.1,0.23,0.74,Tr,1,(0),(0),0,0.02,0.05,0.1,0,(0),2,0.07,"{""baseName"":""あずき"",""variety"":""あん こし生あん""}",あずきのこしあんはあずき自体は害は少ないが加糖・加工されているため過剰摂取に注意が必要。,5,1,1,450,850,740,150,100,250,620,290,910,380,100,530,320,650,(0.24),(0.15),(0.05),(0.10),(100),(46),-,-,-,110.45,173728,,"Adzuki bean paste, strained, raw"
04,04005,あずき　あん　さらしあん　（乾燥あん）,7.8,23.5,1.0,26.8,1.0,335,58,210,11,170,83,7.2,2.3,0.40,1.33,2,1,(0),(0),0.1,0.01,0.03,0.8,0.03,(0),2,0.10,"{""baseName"":""あずき"",""variety"":""あん さらしあん"",""notes"":[""乾燥あん""]}",あずきのさらしあんは加工度が高く糖分が多い場合があるため慎重に使う必要があります。,5,1,1,1200,2100,1700,350,370,720,1500,760,2200,960,260,1400,780,1400,(0.39),(0.24),(0.07),(0.17),(170),(75),-,-,-,230.4,173729,,"Adzuki bean paste, dried"
04,04101,あずき　あん　こし練りあん　（並あん）,(35.0),(5.6),(0.3),(3.9),(0.3),255,(42),(49),(2),(35),(17),(1.6),(0.6),(0.14),(0.42),0,0,(0),(0),0,(0.01),(0.03),(0.1),0,(0),(1),(0.04),"{""baseName"":""あずき"",""variety"":""あん こし練りあん"",""notes"":[""並あん""]}",こしあん（加糖）は砂糖が多く加工度が高いため、素材としては制限がある。,5,1,0,(260),(490),(420),(86),(57),(140),(350),(170),(520),(220),(60),(300),(190),(370),,,,,,,,,,350,173730,,"Adzuki bean paste, strained, kneaded (regular)"
04,04102,あずき　あん　こし練りあん　（中割りあん）,(33.2),(5.1),(0.3),(3.5),(0.3),262,(38),(44),(2),(32),(16),(1.5),(0.6),(0.12),(0.38),0,0,(0),(0),0,(0.01),(0.03),(0.1),0,(0),(1),(0.04),"{""baseName"":""あずき"",""variety"":""あん こし練りあん"",""notes"":[""中割りあん""]}",こしあん（加糖）は小豆由来で毒性はないが糖分を含む加工品である,5,1,0,(230),(440),(390),(78),(52),(130),(320),(150),(470),(200),(55),(280),(170),(340),,,,,,,,,,350,173730,,"Adzuki bean paste, strained, kneaded (medium)"
04,04103,あずき　あん　こし練りあん　（もなかあん）,(25.7),(5.1),(0.3),(3.5),(0.3),292,(38),(44),(2),(32),(16),(1.5),(0.6),(0.12),(0.38),0,0,(0),(0),0,(0.01),(0.03),(0.1),0,(0),(1),(0.04),"{""baseName"":""あずき"",""variety"":""あん こし練りあん"",""notes"":[""もなかあん""]}",こしあんは豆由来の甘味素材だが加糖のため使用量に注意が必要（少量なら可）。,5,1,0,(230),(440),(380),(78),(52),(130),(320),(150),(470),(200),(54),(280),(170),(340),,,,,,,,,,350,173730,,"Adzuki bean paste, strained, kneaded (monaka)"
04,04111,あずき　あん　つぶし生あん,65.8,8.6,0.5,7.9,0.6,115,27,100,14,200,29,1.9,0.8,0.18,0.46,Tr,Tr,-,-,0.1,0.04,0.02,0.3,0.04,0,15,0.18,"{""baseName"":""あずき"",""variety"":""あん つぶし生あん""}",小豆のあんは小豆自体は問題ないが甘味のある加工品で加工度が高い点に注意が必要です。,5,1,1,380,720,660,140,94,230,520,260,790,330,91,460,290,570,0.29,0.17,0.05,0.12,120,49,0,0,0,92.45,173728,,"Adzuki bean paste, mashed, raw"
04,04006,あずき　あん　つぶし練りあん,39.3,5.6,0.6,5.7,0.5,239,19,73,56,160,23,1.5,0.7,0.20,0.40,0,Tr,(0),(0),0.1,0.02,0.03,0.1,0.03,0,8,0.18,"{""baseName"":""あずき"",""variety"":""あん つぶし練りあん""}",加糖された練りあんは加工度が高く糖分が中心のため、素材としては限定的。,5,1,1,250,470,420,90,58,150,340,160,500,230,59,300,190,370,0.26,0.16,0.05,0.11,110,49,0,0,0,193.75,173730,,"Adzuki bean paste, mashed, kneaded"
04,04007,いんげんまめ　全粒　乾,15.3,22.1,2.5,19.6,3.7,280,140,370,Tr,1400,150,5.9,2.5,0.77,1.93,0,1,(0),(0),0.1,0.64,0.16,2.0,0.37,(0),87,0.65,"{""baseName"":""いんげんまめ"",""formModifiers"":[""全粒""],""state"":""乾""}",乾燥のいんげん豆は生のままだと消化障害を起こす可能性があるため、十分に加熱してから使用する素材,6,1,1,1000,1700,1400,280,290,570,1200,660,1900,950,250,1200,670,1400,1.41,0.91,0.59,0.32,320,590,-,-,-,227.4,173744,65.9,"Kidney beans, whole, dry"
04,04008,いんげんまめ　全粒　ゆで,63.6,9.3,1.2,13.6,1.4,127,62,140,Tr,410,46,2.0,1.0,0.32,0.84,0,Tr,(0),(0),0,0.22,0.07,0.6,0.08,(0),32,0.15,"{""baseName"":""いんげんまめ"",""formModifiers"":[""全粒""],""state"":""ゆで""}",ゆでたいんげんまめは食物繊維とビタミンの供給源として安全に使える野菜素材,8,1,1,(430),(730),(610),(120),(120),(240),(500),(270),(770),(370),(100),(490),(280),(560),(0.65),(0.42),(0.27),(0.15),(150),(270),-,-,-,80.9,175242,30.5,"Kidney beans, whole, boiled"
04,04009,いんげんまめ　うずら豆,41.4,6.7,1.3,5.9,1.0,214,41,100,110,230,25,2.3,0.6,0.14,-,-,-,(0),(0),0,0.03,0.01,0.3,0.04,(0),23,0.14,"{""baseName"":""いんげんまめ"",""variety"":""うずら豆""}",加熱済みの豆類はタンパク質・食物繊維源だが、消化やガスに注意が必要。,7,1,1,340,610,500,80,59,140,440,190,640,350,82,410,230,400,0.57,0.40,0.25,0.15,150,250,0,0,0,187.45,174286,,Pinto beans
04,04010,いんげんまめ　こし生あん,62.3,9.4,0.9,8.5,0.4,135,60,75,9,55,45,2.7,0.8,0.09,0.73,0,5,(0),(0),0,0.01,0.02,0,0,(0),14,0.07,"{""baseName"":""いんげんまめ"",""variety"":""こし生あん""}",豆を原料とした滑らかなあんで栄養源として使えるが、豆製品は消化でガスが出ることがある,7,1,1,(430),(730),(610),(120),(120),(240),(510),(270),(780),(370),(100),(490),(280),(570),(0.50),(0.32),(0.21),(0.11),(110),(210),-,-,-,105.3,175243,43.1,"Kidney bean paste, strained, raw"
04,04011,いんげんまめ　豆きんとん,37.8,4.9,0.5,4.8,0.6,238,28,83,100,120,23,1.0,0.5,0.09,0.50,-,-,(0),(0),0,0.01,0.01,0.1,0.03,(0),15,0.07,"{""baseName"":""いんげんまめ"",""variety"":""豆きんとん""}",いんげんまめは食物繊維と植物性タンパクを含み使用可能だが加工品である点に注意,7,1,1,(220),(380),(320),(62),(64),(130),(260),(140),(410),(190),(54),(260),(150),(300),(0.28),(0.18),(0.12),(0.06),(64),(120),-,-,-,201.3,173732,22.3,Kidney bean kinton (sweet bean paste)
04,04012,えんどう　全粒　青えんどう　乾,13.4,21.7,2.3,17.4,2.2,310,65,360,1,870,120,5.0,4.1,0.49,-,1,11,(0),(0),0.1,0.72,0.15,2.5,0.29,(0),24,1.74,"{""baseName"":""えんどう"",""variety"":""青えんどう"",""formModifiers"":[""全粒""],""state"":""乾""}",乾燥した青えんどうは良い植物性タンパク・繊維源で素材として利用可能。,8,1,1,880,1500,1600,210,340,550,1000,660,1700,890,200,1000,550,1800,1.39,0.68,0.09,0.60,600,86,-,-,-,246,172428,156.9,"Green peas, whole, dry"
04,04013,えんどう　全粒　青えんどう　ゆで,63.8,9.2,1.0,7.7,0.8,129,28,65,1,260,40,2.2,1.4,0.21,-,0,5,(0),(0),0,0.27,0.06,0.8,Tr,(0),5,0.39,"{""baseName"":""えんどう"",""variety"":""青えんどう"",""formModifiers"":[""全粒""],""state"":""ゆで""}",ゆでた青えんどうは消化に良い野菜で、タンパク質補助や食物繊維源として使いやすい,8,1,1,(360),(630),(660),(89),(140),(230),(420),(270),(690),(350),(84),(420),(230),(750),(0.60),(0.30),(0.04),(0.26),(260),(37),-,-,-,101.95,172429,32.8,"Green peas, whole, boiled"
04,04074,えんどう　全粒　赤えんどう　乾,13.4,21.7,2.3,17.4,2.2,310,65,360,1,870,120,5.0,4.1,0.49,-,1,11,(0),(0),0.1,0.72,0.15,2.5,0.29,(0),24,1.74,"{""baseName"":""えんどう"",""variety"":""赤えんどう"",""formModifiers"":[""全粒""],""state"":""乾""}",乾燥の赤えんどうは良い植物性たんぱく・食物繊維源で素材として適する。,8,1,0,(880),(1500),(1600),(210),(340),(550),(1000),(660),(1700),(890),(200),(1000),(550),(1800),,,,,,,,,,246,172428,156.9,"Red peas, whole, dry"
04,04075,えんどう　全粒　赤えんどう　ゆで,63.8,9.2,1.0,7.7,0.8,129,28,65,1,260,40,2.2,1.4,0.21,-,0,5,(0),(0),0,0.27,0.06,0.8,Tr,(0),5,0.39,"{""baseName"":""えんどう"",""variety"":""赤えんどう"",""formModifiers"":[""全粒""],""state"":""ゆで""}",ゆでた赤えんどうは良質な炭水化物・植物性タンパク源で犬の素材として適切,8,1,0,(360),(630),(660),(89),(140),(230),(420),(270),(690),(350),(84),(420),(230),(750),,,,,,,,,,101.95,172429,32.8,"Red peas, whole, boiled"
04,04014,えんどう　グリンピース（揚げ豆）,5.6,20.8,11.6,19.6,3.2,375,88,450,350,850,110,5.4,3.5,0.62,0.90,-,-,(0),(0),1.1,0.52,0.16,1.9,0.17,0,8,0.44,"{""baseName"":""えんどう"",""variety"":""グリンピース（揚げ豆）""}",グリンピースは栄養価があるが揚げ加工されているため脂質や塩分に注意が必要。,7,1,1,(810),(1400),(1500),(200),(320),(520),(960),(610),(1600),(790),(190),(950),(530),(1700),9.37,3.23,0.76,2.47,2500,760,0,0,0,308.6,173157,57.9,"Green peas, fried"
04,04015,えんどう　塩豆,6.3,23.3,2.4,17.9,6.5,321,1300,360,610,970,120,5.6,3.6,0.57,1.03,-,-,(0),(0),0.1,0.20,0.10,2.2,0.15,(0),17,1.25,"{""baseName"":""えんどう"",""variety"":""塩豆""}",塩豆（えんどう）はたんぱく質源になり得るが塩分が付いている点に注意,6,1,1,(910),(1600),(1700),(230),(360),(590),(1100),(680),(1800),(890),(210),(1100),(590),(1900),1.63,0.78,0.10,0.68,680,100,0,1,0,254.55,170102,29.7,"Green peas, salted"
04,04016,えんどう　うぐいす豆,39.7,5.6,0.7,5.3,1.1,228,18,130,150,100,26,2.5,0.8,0.15,-,-,-,(0),(0),0,0.02,0.01,0.3,0.04,(0),4,0.24,"{""baseName"":""えんどう"",""variety"":""うぐいす豆""}",うぐいす豆（煮豆）は豆類の安全な素材で、調理済みのため使いやすい,8,1,1,(220),(380),(400),(54),(87),(140),(260),(160),(420),(210),(51),(260),(140),(450),0.32,0.15,0.02,0.13,130,23,0,0,0,192.15,170013,30.2,Uguisu-mame (sweetened green peas)
04,04112,えんどう　うぐいすあん,38.5,5.4,0.8,8.2,0.5,221,20,90,54,110,24,1,0.8,0.15,0.22,0,2,-,-,Tr,0.05,0.02,0.3,0.02,-,1,0.09,"{""baseName"":""えんどう"",""variety"":""うぐいすあん""}",うぐいすあんは加糖の豆あんで甘味が強いが成分自体は問題ない。,6,1,1,250,430,400,53,64,120,280,170,450,230,54,280,140,430,0.49,0.23,0.03,0.20,200,33,0,0,0,188.8,173730,,Uguisu-an (sweet green pea paste)
04,04017,ささげ　全粒　乾,15.5,23.9,2.0,18.4,3.6,280,75,400,1,1400,170,5.6,4.9,0.71,-,0,6,(0),(0),Tr,0.50,0.10,2.5,0.24,(0),300,1.30,"{""baseName"":""ささげ"",""formModifiers"":[""全粒""],""state"":""乾""}",ささげ（全粒・乾）は植物性たんぱくや食物繊維源だが調理が必要で消化性に配慮が必要,7,1,1,1100,1800,1600,380,360,740,1300,740,2100,940,280,1200,780,1500,1.29,0.73,0.27,0.46,460,270,-,-,-,228.75,173758,94.7,"Cowpeas, whole, dry"
04,04018,ささげ　全粒　ゆで,63.9,10.2,0.9,10.7,1.2,130,32,150,Tr,400,55,2.6,1.5,0.23,-,0,2,(0),(0),0,0.20,0.05,0.6,0.06,(0),48,0.27,"{""baseName"":""ささげ"",""formModifiers"":[""全粒""],""state"":""ゆで""}",加熱済みの豆類は消化しやすく栄養源として利用できる。,8,1,1,(440),(770),(680),(160),(150),(310),(570),(300),(870),(370),(120),(520),(330),(640),(0.58),(0.33),(0.12),(0.21),(210),(120),-,-,-,89.2,175251,,"Cowpeas, whole, boiled"
04,04019,そらまめ　全粒　乾,13.3,26.0,2.0,9.3,2.8,323,100,440,1,1100,120,5.7,4.6,1.20,-,0,3,(0),(0),0.7,0.50,0.20,2.5,0.41,(0),260,0.48,"{""baseName"":""そらまめ"",""formModifiers"":[""全粒""],""state"":""乾""}",そらまめは豆類として植物性たんぱく源になり得るが消化に個体差がある。,7,1,1,1000,1800,1600,180,310,500,1100,770,1800,990,220,1200,680,2400,1.22,0.65,0.04,0.61,610,39,-,-,-,271.1,175205,95.8,"Broad beans, whole, dry"
04,04020,そらまめ　フライビーンズ,4.0,24.7,20.8,14.9,4.1,436,90,440,690,710,87,7.5,2.6,0.77,-,-,-,(0),(0),3.3,0.10,0.05,1.0,0.36,(0),120,0.26,"{""baseName"":""そらまめ"",""variety"":""フライビーンズ""}",そらまめの揚げ物は加工度が高く脂質や塩分があるため常用には不向き,5,1,1,(940),(1700),(1500),(170),(290),(470),(990),(700),(1700),(870),(210),(1100),(640),(2300),(18.73),(5.55),(1.46),(4.10),(4100),(1500),-,-,-,373.5,173798,30.6,"Broad beans, fried"
04,04021,そらまめ　おたふく豆,37.2,7.9,1.2,5.9,1.5,237,54,140,160,110,27,5.3,0.8,0.32,-,-,-,(0),(0),0.2,0.01,0.01,0.2,0.06,(0),30,0.14,"{""baseName"":""そらまめ"",""variety"":""おたふく豆""}",豆類はたんぱく・繊維源として使えるが消化性に注意が必要な素材。,7,1,1,(300),(550),(490),(55),(94),(150),(320),(230),(540),(280),(67),(350),(200),(730),0.62,0.33,0.02,0.31,310,20,0,0,0,199.9,173730,,Otafuku beans (sweetened broad beans)
04,04022,そらまめ　ふき豆,34.5,9.6,1.6,4.5,1.8,251,39,150,320,110,20,2.7,0.9,0.38,-,-,-,(0),(0),0.3,0.02,0.01,0.2,0.07,(0),36,0.20,"{""baseName"":""そらまめ"",""variety"":""ふき豆""}",そらまめの煮豆は豆類として利用可能だが消化性や量に配慮が必要な加工食品,6,1,1,(360),(670),(600),(67),(110),(180),(390),(270),(660),(340),(81),(420),(250),(890),1.07,0.56,0.03,0.53,530,34,0,0,0,215.2,173730,,Fuki-mame (sweetened broad beans)
04,04076,そらまめ　しょうゆ豆,50.2,9.8,0.9,10.1,2.0,173,39,130,460,280,38,1.9,1.1,0.33,0.43,-,-,(0),(0),0.4,0.06,0.09,0.7,0.08,(0),45,0.11,"{""baseName"":""そらまめ"",""variety"":""しょうゆ豆""}",しょうゆ豆は豆類を加工したものでたんぱく源になり得るが、加工調味（鹹味等）に注意,6,0,1,,,,,,,,,,,,,,,(0.48),(0.26),(0.02),(0.24),(240),(16),(0),(0),(0),136.45,173798,30.6,Shoyu-mame (soy sauce broad beans)
04,04104,だいず　［全粒・全粒製品］　全粒　青大豆　国産　乾,12.5,33.5,19.3,20.1,4.6,354,160,600,3,1700,200,6.5,3.9,0.96,2.11,Tr,9,0,0,2.3,0.74,0.24,2.4,0.55,0,260,0.83,"{""baseName"":""だいず"",""variety"":""青大豆"",""formModifiers"":[""全粒""],""origin"":""国産"",""state"":""乾"",""notes"":[""全粒・全粒製品""]}",青大豆（乾）は大豆由来のたんぱく源で加熱処理により利用しやすい。,7,1,1,1200,2800,2300,500,600,1100,1900,1300,3200,1600,500,1800,1000,2800,16.19,10.11,1.51,8.60,8600,1500,0,0,0,316.3,174270,115.9,"Soybeans, green, domestic, dry"
04,04105,だいず　［全粒・全粒製品］　全粒　青大豆　国産　ゆで,65.5,15.0,8.2,8.0,1.4,145,69,230,1,440,66,1.8,1.5,0.39,0.93,0,3,-,-,1.5,0.13,0.05,0.4,0.12,-,36,0.08,"{""baseName"":""だいず"",""variety"":""青大豆"",""formModifiers"":[""全粒""],""origin"":""国産"",""state"":""ゆで"",""notes"":[""全粒・全粒製品""]}",ゆでた大豆は良質な植物性たんぱく・食物繊維を含み、調理済みで消化しやすいため素材として適している,8,1,1,560,1300,1000,220,230,440,830,590,1400,690,220,800,460,1200,7.17,4.42,0.66,3.76,3800,660,0,0,0,128.85,169283,,"Soybeans, green, domestic, boiled"
04,04023,だいず　［全粒・全粒製品］　全粒　黄大豆　国産　乾,12.4,33.8,19.7,21.5,4.7,372,180,490,1,1900,220,6.8,3.1,1.07,2.27,0,5,(0),(0),2.3,0.71,0.26,2.0,0.51,(0),260,1.36,"{""baseName"":""だいず"",""variety"":""黄大豆"",""formModifiers"":[""全粒""],""origin"":""国産"",""state"":""乾"",""notes"":[""全粒・全粒製品""]}",乾燥黄大豆は良質な植物性タンパク源で調理して使用すれば素材として適切。,7,1,1,1700,2900,2400,520,590,1100,2000,1300,3300,1600,500,1800,1000,2900,17.78,10.39,1.54,8.84,8800,1500,0,0,0,313.4,174270,115.9,"Soybeans, yellow, domestic, dry"
04,04024,だいず　［全粒・全粒製品］　全粒　黄大豆　国産　ゆで,65.4,14.8,9.8,8.5,1.6,163,79,190,1,530,100,2.2,1.9,0.23,1.01,0,2,(0),(0),1.6,0.17,0.08,0.4,0.10,(0),41,0.26,"{""baseName"":""だいず"",""variety"":""黄大豆"",""formModifiers"":[""全粒""],""origin"":""国産"",""state"":""ゆで"",""notes"":[""全粒・全粒製品""]}",加熱済みの大豆は良質な植物性たんぱく・食物繊維源として利用できるが消化に注意,8,1,1,760,1300,1000,210,220,430,860,590,1500,700,210,800,430,1200,(8.82),(5.15),(0.77),(4.39),(4400),(770),(0),(0),(0),135.1,174271,47.5,"Soybeans, yellow, domestic, boiled"
04,04025,だいず　［全粒・全粒製品］　全粒　黄大豆　米国産　乾,11.7,33.0,21.7,15.9,4.8,402,230,480,1,1800,230,8.6,4.5,0.97,-,2,28,(0),(0),1.7,0.88,0.30,2.1,0.46,(0),220,1.49,"{""baseName"":""だいず"",""variety"":""黄大豆"",""formModifiers"":[""全粒""],""origin"":""米国産"",""state"":""乾"",""notes"":[""全粒・全粒製品""]}",乾燥の全粒黄大豆も同様に良い植物性たんぱく源で、調理して利用する素材として適している,7,1,1,1600,2700,2300,500,580,1100,1800,1300,3100,1500,490,1700,1000,2600,(19.03),(11.71),(1.66),(10.05),(10000),(1700),-,-,-,345.1,174270,115.9,"Soybeans, yellow, US, dry"
04,04026,だいず　［全粒・全粒製品］　全粒　黄大豆　中国産　乾,12.5,32.8,19.5,15.6,4.4,391,170,460,1,1800,220,8.9,3.9,1.01,-,0,2,(0),(0),2.1,0.84,0.30,2.2,0.59,(0),260,1.64,"{""baseName"":""だいず"",""variety"":""黄大豆"",""formModifiers"":[""全粒""],""origin"":""中国産"",""state"":""乾"",""notes"":[""全粒・全粒製品""]}",乾燥黄大豆は植物性タンパク源として利用可能だが、調理が必要でやや扱いに注意が必要。,7,1,1,1600,2700,2300,490,570,1100,1800,1200,3000,1500,470,1700,1000,2700,(17.10),(11.09),(1.96),(9.12),(9100),(2000),-,-,-,333.75,174270,115.9,"Soybeans, yellow, China, dry"
04,04027,だいず　［全粒・全粒製品］　全粒　黄大豆　ブラジル産　乾,8.3,33.6,22.6,17.3,4.8,414,250,580,2,1800,250,9.0,3.5,1.11,2.54,0,1,(0),(0),4.8,0.77,0.29,2.2,0.45,(0),220,1.68,"{""baseName"":""だいず"",""variety"":""黄大豆"",""formModifiers"":[""全粒""],""origin"":""ブラジル産"",""state"":""乾"",""notes"":[""全粒・全粒製品""]}",大豆は良い植物性たんぱく源だが乾燥状態は調理して与える方が適切,7,1,1,(1600),(2700),(2300),(500),(590),(1100),(1800),(1200),(3100),(1500),(500),(1700),(1000),(2600),19.29,11.13,1.20,9.93,9900,1200,0,0,0,356.6,173751,,"Soybeans, yellow, Brazil, dry"
04,04077,だいず　［全粒・全粒製品］　全粒　黒大豆　国産　乾,12.7,33.9,18.8,20.6,4.6,349,140,620,1,1800,200,6.8,3.7,0.96,2.24,0,3,0,0,3.1,0.73,0.23,2.5,0.50,0,350,0.98,"{""baseName"":""だいず"",""variety"":""黒大豆"",""formModifiers"":[""全粒""],""origin"":""国産"",""state"":""乾"",""notes"":[""全粒・全粒製品""]}",乾燥の全粒黒大豆は植物性たんぱく源として利用可能だが、生のままでは調理が必要,7,1,1,1200,2800,2400,490,590,1100,1900,1300,3200,1600,490,1700,1000,2900,15.81,9.62,1.59,8.03,8000,1600,0,0,2,311.35,174270,115.9,"Soybeans, black, domestic, dry"
04,04106,だいず　［全粒・全粒製品］　全粒　黒大豆　国産　ゆで,65.1,14.7,8.6,7.9,1.4,155,55,220,Tr,480,64,2.6,1.4,0.33,0.98,0,1,-,-,1.8,0.14,0.05,0.4,0.12,-,43,0.17,"{""baseName"":""だいず"",""variety"":""黒大豆"",""formModifiers"":[""全粒""],""origin"":""国産"",""state"":""ゆで"",""notes"":[""全粒・全粒製品""]}",ゆで大豆は植物性たんぱく・食物繊維源として利用可能（消化量に注意）,7,1,1,560,1200,1000,220,230,440,830,590,1400,690,210,770,440,1200,8.14,4.93,0.83,4.11,4100,830,0,0,0,132.6,174299,,"Soybeans, black, domestic, boiled"
04,04080,だいず　［全粒・全粒製品］　いり大豆　青大豆,2.7,37.7,20.7,18.4,5.0,425,160,650,4,2000,250,6.7,4.2,1.29,2.90,1,5,(0),(0),1.3,0.15,0.27,2.2,0.45,(0),250,0.57,"{""baseName"":""だいず"",""variety"":""いり大豆 青大豆"",""notes"":[""全粒・全粒製品""]}",良質な植物性たんぱく源で犬のレシピ素材として適している,8,1,1,1900,3200,2300,560,670,1200,2100,1400,3500,1800,540,2100,1200,3100,18.25,11.39,1.81,9.58,9600,1800,0,0,0,362.15,174300,,"Soybeans, roasted, green"
04,04078,だいず　［全粒・全粒製品］　いり大豆　黄大豆,2.5,37.5,21.6,19.4,5.1,429,160,710,5,2000,240,7.6,4.2,1.31,3.24,1,5,(0),(0),2.2,0.14,0.26,2.7,0.39,(0),260,0.71,"{""baseName"":""だいず"",""variety"":""いり大豆 黄大豆"",""notes"":[""全粒・全粒製品""]}",だいず（いり大豆）は植物性たんぱく源として利用可能だが固さにより消化に注意,7,1,1,1900,3200,2300,550,630,1200,2100,1400,3500,1700,560,2000,1200,3000,19.33,11.37,1.65,9.72,9700,1600,0,0,0,363.5,172441,,"Soybeans, roasted, yellow"
04,04079,だいず　［全粒・全粒製品］　いり大豆　黒大豆,2.4,36.4,22.0,19.2,5.0,431,120,640,4,2100,220,7.2,3.7,1.06,2.37,1,3,(0),(0),3.1,0.12,0.27,2.5,0.41,(0),280,0.68,"{""baseName"":""だいず"",""variety"":""いり大豆 黒大豆"",""notes"":[""全粒・全粒製品""]}",いり大豆（黒大豆）は植物性たんぱく・繊維源として利用できるが消化性やアレルギーに留意。,7,1,1,1800,3000,2100,530,540,1100,2000,1400,3400,1700,530,1900,1100,2900,19.38,10.67,1.70,8.97,9000,1700,0,0,0,366.9,172441,,"Black soybeans, roasted"
04,04028,だいず　［全粒・全粒製品］　水煮缶詰　黄大豆,71.7,12.9,6.7,6.8,1.0,124,100,170,210,250,55,1.8,1.1,0.28,0.84,-,-,(0),(0),0.5,0.01,0.02,0.1,0.01,(0),11,0,"{""baseName"":""だいず"",""variety"":""黄大豆"",""state"":""水煮缶詰"",""notes"":[""全粒・全粒製品""]}",水煮大豆は植物性タンパク源として使用可能。消化性に配慮して調理する。,7,1,1,670,1100,880,190,210,410,750,550,1300,630,190,710,390,1000,(6.04),(3.53),(0.52),(3.00),(3000),(520),(0),(0),(0),105.25,175248,35.2,"Soybeans, yellow, canned, boiled"
04,04081,だいず　［全粒・全粒製品］　蒸し大豆　黄大豆,57.4,16.6,9.8,10.6,2.4,186,75,290,230,810,110,2.8,1.8,0.51,1.33,-,-,0,0,0.8,0.15,0.10,0.9,0.18,0,96,0.34,"{""baseName"":""だいず"",""variety"":""蒸し大豆 黄大豆"",""notes"":[""全粒・全粒製品""]}",蒸し大豆は加熱済みでタンパク質・食物繊維源として利用できるが、量や調理形態に注意が必要。,8,1,1,(850),(1400),(1100),(240),(250),(490),(970),(670),(1600),(790),(240),(900),(480),(1400),(8.82),(5.15),(0.77),(4.38),(4400),(770),(0),(0),(0),152.6,169369,,"Soybeans, yellow, steamed"
04,04082,だいず　［全粒・全粒製品］　きな粉　青大豆　全粒大豆,5.9,37.0,22.8,16.9,5.0,424,160,690,1,2000,240,7.9,4.5,1.32,2.76,1,3,(0),(0),2.4,0.29,0.29,2.2,0.51,(0),250,0.91,"{""baseName"":""だいず"",""variety"":""きな粉 青大豆 全粒大豆"",""notes"":[""全粒・全粒製品""]}",きな粉（大豆）は植物性タンパクと食物繊維を含み、犬のレシピ素材として利用しやすい。,8,1,1,1900,3100,2500,570,650,1200,2100,1400,3500,1700,530,2000,1100,3000,19.97,12.59,2.00,10.59,11000,2000,0,0,0,366.7,174274,,"Soy flour, green, whole soybeans"
04,04096,だいず　［全粒・全粒製品］　きな粉　青大豆　脱皮大豆,5.2,36.6,24.6,20.8,5.3,418,190,700,1,2100,220,6.7,4.1,1.19,2.63,Tr,7,(0),(0),7.5,0.48,0.27,2.1,0.56,(0),210,0.93,"{""baseName"":""だいず"",""variety"":""きな粉 青大豆 脱皮大豆"",""notes"":[""全粒・全粒製品""]}",植物性タンパクと食物繊維が豊富で利用しやすい加工大豆製品。,7,1,1,1900,3100,2500,590,650,1200,2100,1400,3500,1700,520,2000,1100,2900,22.03,13.32,1.88,11.44,11000,1900,0,0,0,363.45,174274,,"Soy flour, green, dehulled soybeans"
04,04029,だいず　［全粒・全粒製品］　きな粉　黄大豆　全粒大豆,4.0,36.7,25.7,18.1,5.1,451,190,660,1,2000,260,8.0,4.1,1.12,2.75,Tr,5,(0),(0),1.7,0.07,0.24,2.2,0.52,(0),220,1.01,"{""baseName"":""だいず"",""variety"":""きな粉 黄大豆 全粒大豆"",""notes"":[""全粒・全粒製品""]}",大豆（きな粉）は植物性タンパク源として使えるが加工品のため汎用性はやや低め,7,1,1,1900,3100,2000,550,570,1100,2100,1400,3500,1700,520,2000,1200,2800,23.59,14.08,2.02,12.05,12000,2000,0,0,0,383.3,174274,,"Soy flour, yellow, whole soybeans"
04,04030,だいず　［全粒・全粒製品］　きな粉　黄大豆　脱皮大豆,2.6,37.5,25.1,15.3,5.4,456,180,680,2,2000,250,6.2,4.0,1.23,2.32,Tr,5,(0),(0),1.9,0.07,0.22,2.1,0.30,(0),250,0.74,"{""baseName"":""だいず"",""variety"":""きな粉 黄大豆 脱皮大豆"",""notes"":[""全粒・全粒製品""]}",きな粉は大豆由来の良質な植物性たんぱくで、風味付けや栄養補助に適する。,7,1,1,1900,3200,2000,560,570,1100,2100,1400,3500,1800,550,2000,1200,2800,22.65,13.61,1.96,11.65,12000,2000,0,0,0,393.95,174274,,"Soy flour, yellow, dehulled soybeans"
04,04109,だいず　［全粒・全粒製品］　きな粉（砂糖入り）　青きな粉,(3.3),(18.5),(11.4),(8.4),(2.5),392,(80),(340),(1),(980),(120),(3.9),(2.3),(0.67),(1.38),0,(2),0,0,(1.2),(0.14),(0.14),(1.1),(0.26),0,(130),(0.46),"{""baseName"":""だいず"",""variety"":""きな粉（砂糖入り） 青きな粉"",""notes"":[""全粒・全粒製品""]}",きな粉は大豆由来のタンパク源で砂糖が加わっているため用途に応じた注意が必要。,6,0,0,,,,,,,,,,,,,,,,,,,,,,,,350,174274,,"Soy flour, green, with sugar"
04,04110,だいず　［全粒・全粒製品］　きな粉（砂糖入り）　きな粉,(2.3),(18.3),(12.9),(9.0),(2.6),406,(97),(330),(1),(1000),(130),(4.0),(2.0),(0.57),(1.38),0,(2),0,0,(0.9),(0.04),(0.12),(1.1),(0.26),0,(110),(0.51),"{""baseName"":""だいず"",""variety"":""きな粉（砂糖入り） きな粉"",""notes"":[""全粒・全粒製品""]}",砂糖入りきな粉は大豆由来でタンパク源になるが加糖で加工度が高い点に注意が必要です。,6,0,0,,,,,,,,,,,,,,,,,,,,,,,,350,172444,191.7,"Soy flour, with sugar"
04,04083,だいず　［全粒・全粒製品］　大豆はいが,3.9,37.8,14.7,18.8,4.1,404,100,720,0,1400,200,12.0,6.0,1.13,2.86,-,-,(0),(0),19.0,0.03,0.73,3.4,0.56,(0),460,0.59,"{""baseName"":""だいず"",""variety"":""大豆はいが"",""notes"":[""全粒・全粒製品""]}",大豆（全粒）は植物性タンパク源として利用できるが消化性に差がある。,7,0,0,,,,,,,,,,,,,,,,,,,,,,,,329.7,168892,,Soybean germ
04,04031,だいず　［全粒・全粒製品］　ぶどう豆,36.0,14.1,9.4,6.3,3.5,265,80,200,620,330,60,4.2,1.1,0.39,-,-,-,(0),(0),2.4,0.09,0.05,0.4,0.07,(0),48,0.28,"{""baseName"":""だいず"",""variety"":""ぶどう豆"",""notes"":[""全粒・全粒製品""]}",大豆は良質なたんぱく源だが煮豆などの加工品は糖分・調味に注意が必要,6,1,1,740,1200,950,210,210,410,830,520,1400,690,200,790,430,1100,(8.47),(4.95),(0.74),(4.21),(4200),(740),(0),(0),(0),236.7,174299,,"Soybeans, sweet simmered (budo-mame)"
04,04032,だいず　［豆腐・油揚げ類］　木綿豆腐,85.9,7.0,4.9,1.1,0.7,73,93,88,9,110,57,1.5,0.6,0.16,0.41,6,4,(0),(0),0.2,0.09,0.04,0.2,0.05,(0),12,0.02,"{""baseName"":""だいず"",""variety"":""木綿豆腐"",""notes"":[""豆腐・油揚げ類""]}",木綿豆腐はたんぱく源として利用可能で、調理して与えやすい。,8,1,1,350,600,480,98,100,200,400,310,710,320,100,360,200,600,4.32,2.60,0.31,2.29,2300,310,-,-,-,67.55,172448,28.1,"Tofu, momen (firm)"
04,04097,だいず　［豆腐・油揚げ類］　木綿豆腐　（凝固剤：塩化マグネシウム）,85.9,7.0,4.9,1.1,0.7,73,40,88,21,110,76,1.5,0.6,0.16,0.41,6,4,(0),(0),0.2,0.09,0.04,0.2,0.05,(0),12,0.02,"{""baseName"":""だいず"",""variety"":""木綿豆腐"",""notes"":[""豆腐・油揚げ類"",""凝固剤：塩化マグネシウム""]}",木綿豆腐は植物性の良質なタンパク源で消化しやすく素材として適している,8,1,1,350,600,480,98,100,200,400,310,710,320,100,360,200,600,4.32,2.60,0.31,2.29,2300,310,-,-,-,67.55,172449,27.4,"Tofu, momen (firm), magnesium chloride coagulant"
04,04098,だいず　［豆腐・油揚げ類］　木綿豆腐　（凝固剤：硫酸カルシウム）,85.9,7.0,4.9,1.1,0.7,73,150,88,3,110,34,1.5,0.6,0.16,0.41,6,4,(0),(0),0.2,0.09,0.04,0.2,0.05,(0),12,0.02,"{""baseName"":""だいず"",""variety"":""木綿豆腐"",""notes"":[""豆腐・油揚げ類"",""凝固剤：硫酸カルシウム""]}",木綿豆腐は消化性が良く植物性タンパク源として利用できる,8,1,1,350,600,480,98,100,200,400,310,710,320,100,360,200,600,4.32,2.60,0.31,2.29,2300,310,-,-,-,67.55,172449,27.4,"Tofu, momen (firm), calcium sulfate coagulant"
04,04033,だいず　［豆腐・油揚げ類］　絹ごし豆腐,88.5,5.3,3.5,0.9,0.7,56,75,68,11,150,50,1.2,0.5,0.16,0.34,1,1,(0),(0),0.1,0.11,0.04,0.2,0.06,(0),12,0.09,"{""baseName"":""だいず"",""variety"":""絹ごし豆腐"",""notes"":[""豆腐・油揚げ類""]}",絹ごし豆腐は消化の良い植物性たんぱくで犬の食材として適している。,8,1,1,280,470,380,77,92,170,320,240,560,260,82,290,160,470,(3.08),(1.86),(0.22),(1.63),(1600),(220),-,-,-,52.15,174292,,"Tofu, kinugoshi (silken)"
04,04099,だいず　［豆腐・油揚げ類］　絹ごし豆腐　（凝固剤：塩化マグネシウム）,88.5,5.3,3.5,0.9,0.7,56,30,68,19,150,63,1.2,0.5,0.16,0.34,1,1,(0),(0),0.1,0.11,0.04,0.2,0.06,(0),12,0.09,"{""baseName"":""だいず"",""variety"":""絹ごし豆腐"",""notes"":[""豆腐・油揚げ類"",""凝固剤：塩化マグネシウム""]}",絹ごし豆腐は消化しやすい植物性たんぱく源として利用可能。,8,1,0,280,470,380,77,92,170,320,240,560,260,82,290,160,470,,,,,,,,,,52.15,172449,27.4,"Tofu, kinugoshi (silken), magnesium chloride coagulant"
04,04100,だいず　［豆腐・油揚げ類］　絹ごし豆腐　（凝固剤：硫酸カルシウム）,88.5,5.3,3.5,0.9,0.7,56,120,68,7,150,33,1.2,0.5,0.16,0.34,1,1,(0),(0),0.1,0.11,0.04,0.2,0.06,(0),12,0.09,"{""baseName"":""だいず"",""variety"":""絹ごし豆腐"",""notes"":[""豆腐・油揚げ類"",""凝固剤：硫酸カルシウム""]}",絹ごし豆腐は良質な植物性タンパク源で消化性も良く、犬のレシピ素材として適している。,8,1,0,280,470,380,77,92,170,320,240,560,260,82,290,160,470,,,,,,,,,,52.15,172449,27.4,"Tofu, kinugoshi (silken), calcium sulfate coagulant"
04,04034,だいず　［豆腐・油揚げ類］　ソフト豆腐,88.9,5.1,3.3,0.4,0.7,56,91,82,7,150,32,0.7,0.5,0.16,0.33,-,-,(0),(0),0.1,0.07,0.03,0.1,0.07,(0),10,0.10,"{""baseName"":""だいず"",""variety"":""ソフト豆腐"",""notes"":[""豆腐・油揚げ類""]}",ソフト豆腐は消化しやすい植物性たんぱくで多くの犬に適した素材,8,1,1,260,440,360,75,90,160,300,230,530,240,79,280,160,440,(2.89),(1.74),(0.21),(1.53),(1500),(210),-,-,-,51.5,172449,27.4,"Tofu, soft"
04,04035,だいず　［豆腐・油揚げ類］　充てん豆腐,88.6,5.0,3.1,0.3,0.8,56,31,83,10,200,68,0.8,0.6,0.18,0.43,-,-,(0),(0),0.3,0.15,0.05,0.3,0.09,(0),23,0.12,"{""baseName"":""だいず"",""variety"":""充てん豆腐"",""notes"":[""豆腐・油揚げ類""]}",充てん豆腐は消化しやすい植物性たんぱく源で犬の素材として適している,8,1,1,270,450,360,71,80,150,300,230,530,240,76,280,160,460,(2.71),(1.63),(0.20),(1.44),(1400),(200),-,-,-,51.55,172449,27.4,"Tofu, filled (juten tofu)"
04,04036,だいず　［豆腐・油揚げ類］　沖縄豆腐,81.8,9.1,7.2,0.5,1.2,99,120,130,170,180,66,1.7,1.0,0.19,0.93,-,-,(0),(0),0.4,0.10,0.04,0.2,0.06,(0),14,Tr,"{""baseName"":""だいず"",""variety"":""沖縄豆腐"",""notes"":[""豆腐・油揚げ類""]}",沖縄豆腐は豆製品としてタンパク源になり、犬のレシピ素材として使える。,8,1,1,(460),(780),(630),(130),(130),(260),(530),(400),(930),(420),(140),(470),(260),(780),(6.30),(3.80),(0.45),(3.34),(3300),(450),-,-,-,93.75,172451,106.3,"Tofu, Okinawan"
04,04037,だいず　［豆腐・油揚げ類］　ゆし豆腐,90.0,4.3,2.8,0.3,1.2,47,36,71,240,210,43,0.7,0.5,0.14,0.30,-,-,(0),(0),0.1,0.10,0.04,0.2,0.07,0,13,0.20,"{""baseName"":""だいず"",""variety"":""ゆし豆腐"",""notes"":[""豆腐・油揚げ類""]}",ゆし豆腐は良質な植物性タンパク源で犬のレシピ素材として適している。,9,1,1,(220),(370),(300),(61),(63),(120),(250),(190),(440),(200),(64),(220),(120),(370),(2.45),(1.48),(0.18),(1.30),(1300),(180),-,-,-,43.75,174280,,"Tofu, yushi (Okinawan soft tofu)"
04,04038,だいず　［豆腐・油揚げ類］　焼き豆腐,84.8,7.8,5.7,0.5,0.7,82,150,110,4,90,37,1.6,0.8,0.16,0.60,-,-,(0),(0),0.2,0.07,0.03,0.1,0.05,(0),12,0.06,"{""baseName"":""だいず"",""variety"":""焼き豆腐"",""notes"":[""豆腐・油揚げ類""]}",焼き豆腐は良質なたんぱく源で犬に与えて問題のない素材。,8,1,1,420,700,560,120,130,240,470,360,830,370,120,430,240,690,(4.98),(3.00),(0.36),(2.64),(2600),(360),-,-,-,77.5,172451,106.3,"Tofu, grilled"
04,04039,だいず　［豆腐・油揚げ類］　生揚げ,75.9,10.7,11.3,0.8,1.2,143,240,150,3,120,51,2.6,1.1,0.23,0.78,1,2,(0),(0),0.8,0.07,0.03,0.1,0.08,(0),28,0.15,"{""baseName"":""だいず"",""variety"":""生揚げ"",""notes"":[""豆腐・油揚げ類""]}",生揚げ（厚揚げ）は大豆由来のたんぱく源として利用できるが油分が多めの加工食品である,6,1,1,550,920,730,150,160,310,630,460,1100,500,160,580,310,910,(10.19),(5.51),(0.79),(4.72),(4700),(790),(0),(0),(0),133.85,172451,106.3,Nama-age (deep-fried tofu)
04,04113,だいず　［豆腐・油揚げ類］　絹生揚げ,80.5,7.9,7.7,1.5,1.1,103,34,130,17,260,120,1.2,0.8,0.23,0.48,1,4,-,-,0.7,0.12,0.04,0.5,0.09,-,16,0.13,"{""baseName"":""だいず"",""variety"":""絹生揚げ"",""notes"":[""豆腐・油揚げ類""]}",大豆由来の良質なタンパク源。油での加工形態は脂質に注意が必要。,7,1,1,400,670,550,100,110,220,460,340,790,360,110,410,240,660,6.85,3.50,0.52,2.98,3000,520,0,0,0,97.65,172449,27.4,Silken nama-age (deep-fried silken tofu)
04,04040,だいず　［豆腐・油揚げ類］　油揚げ　生,39.9,23.4,34.4,1.3,1.9,377,310,350,4,86,150,3.2,2.5,0.22,1.55,1,8,(0),(0),1.3,0.06,0.04,0.2,0.07,(0),18,0.07,"{""baseName"":""だいず"",""variety"":""油揚げ"",""state"":""生"",""notes"":[""豆腐・油揚げ類""]}",油揚げ（大豆由来）はタンパク源として使えるが油加工品のため脂質に注意。,7,1,1,1200,2100,1600,300,310,610,1400,1100,2500,1100,360,1300,690,2000,29.88,13.56,2.26,11.30,11000,2300,0,0,0,374.3,172451,106.3,"Aburaage (fried tofu pouch), raw"
04,04084,だいず　［豆腐・油揚げ類］　油揚げ　油抜き　生,56.9,18.2,23.4,0.9,1.4,266,230,280,2,51,110,2.5,2.1,0.16,1.22,Tr,6,(0),(0),0.9,0.04,0.02,0.1,0.04,(0),12,0.04,"{""baseName"":""だいず"",""variety"":""油揚げ 油抜き"",""state"":""生"",""notes"":[""豆腐・油揚げ類""]}",油揚げは大豆由来の良質なタンパク源。油抜きで脂質控えめ。,8,1,1,980,1600,1200,240,230,480,1100,830,1900,840,280,1000,530,1600,20.41,9.60,1.56,8.04,8000,1600,0,0,0,262.6,172451,106.3,"Aburaage (fried tofu pouch), oil-removed, raw"
04,04086,だいず　［豆腐・油揚げ類］　油揚げ　油抜き　ゆで,72.6,12.4,13.8,0.6,0.9,164,140,180,Tr,12,59,1.6,1.4,0.07,0.73,0,4,(0),(0),0.5,0.01,0.01,0,0.01,(0),3,0.02,"{""baseName"":""だいず"",""variety"":""油揚げ 油抜き"",""state"":""ゆで"",""notes"":[""豆腐・油揚げ類""]}",油揚げ（油抜き・ゆで）は大豆由来のタンパク源として使えるが脂分・塩分に注意が必要な加工食品である。,7,1,1,670,1100,830,170,160,330,760,580,1300,580,190,700,370,1100,12.00,5.98,0.94,5.05,5000,940,0,0,0,160.7,175235,,"Aburaage (fried tofu pouch), oil-removed, boiled"
04,04085,だいず　［豆腐・油揚げ類］　油揚げ　油抜き　焼き,40.2,24.9,32.2,1.2,2.0,361,320,380,4,74,150,3.4,2.7,0.22,1.65,Tr,8,(0),(0),1.1,0.04,0.03,0.2,0.06,(0),14,0.04,"{""baseName"":""だいず"",""variety"":""油揚げ 油抜き"",""state"":""焼き"",""notes"":[""豆腐・油揚げ類""]}",油揚げ（大豆由来）は植物性タンパク源となるが加工品で脂質・塩分に注意が必要,6,1,1,1400,2300,1600,320,300,620,1500,1100,2700,1200,380,1400,740,2100,27.52,13.01,2.08,10.93,11000,2100,0,0,0,360.85,172451,106.3,"Aburaage (fried tofu pouch), oil-removed, grilled"
04,04095,だいず　［豆腐・油揚げ類］　油揚げ　甘煮,54.9,11.2,13.0,0.5,1.7,231,120,150,460,61,51,1.5,1.1,0.08,0.16,Tr,3,0,(0),0.6,0.01,0.02,0.1,0.02,0,3,0.03,"{""baseName"":""だいず"",""variety"":""油揚げ 甘煮"",""notes"":[""豆腐・油揚げ類""]}",油揚げ（大豆由来）は植物性たんぱく源として利用可能だが、甘煮は糖分や調味料が含まれる点に留意。,7,1,1,590,990,670,120,130,250,650,410,1100,500,150,620,330,830,11.27,5.56,0.75,4.82,4800,750,0,0,0,215.15,172451,106.3,"Aburaage (fried tofu pouch), sweet simmered"
04,04041,だいず　［豆腐・油揚げ類］　がんもどき,63.5,15.3,17.8,1.4,1.8,223,270,200,190,80,98,3.6,1.6,0.22,1.30,32,4,(0),(0),1.5,0.03,0.04,0.2,0.08,(0),21,0.20,"{""baseName"":""だいず"",""variety"":""がんもどき"",""notes"":[""豆腐・油揚げ類""]}",がんもどきは大豆製品の加工品でタンパク源になり得るが加工度が高い,5,1,1,820,1400,1000,200,200,410,940,670,1600,710,230,860,460,1300,(16.03),(8.52),(1.24),(7.28),(7300),(1200),(0),(0),(0),205.55,172451,106.3,Ganmodoki (fried tofu fritter)
04,04042,だいず　［豆腐・油揚げ類］　凍り豆腐　乾,7.2,50.5,34.1,2.5,4.0,496,630,820,440,34,140,7.5,5.2,0.57,4.32,1,19,(0),(0),1.9,0.02,0.02,Tr,0.02,0.1,6,0.10,"{""baseName"":""だいず"",""variety"":""凍り豆腐"",""state"":""乾"",""notes"":[""豆腐・油揚げ類""]}",凍り豆腐は豆製品の良いタンパク源で、再調理して犬の素材として利用できる。,7,1,1,2700,4500,3500,660,670,1300,3100,2300,5400,2400,750,2800,1500,4400,30.92,18.32,2.49,15.83,16000,2500,0,0,0,472.55,172450,,"Kori tofu (freeze-dried tofu), dry"
04,04087,だいず　［豆腐・油揚げ類］　凍り豆腐　水煮,79.6,10.7,7.3,0.5,1.3,104,150,180,260,3,29,1.7,1.2,0.09,1.02,Tr,5,(0),(0),0.3,0,0,0,0,(0),0,0.02,"{""baseName"":""だいず"",""variety"":""凍り豆腐"",""state"":""水煮"",""notes"":[""豆腐・油揚げ類""]}",凍り豆腐は大豆由来のたんぱく質が豊富で犬に利用しやすい加工品,8,1,1,600,1000,740,150,130,270,690,510,1200,520,160,630,320,940,6.36,3.76,0.51,3.25,3200,510,0,0,0,101.6,172450,,"Kori tofu (freeze-dried tofu), rehydrated"
04,04043,だいず　［豆腐・油揚げ類］　豆腐よう,60.6,9.5,8.3,0.8,2.5,183,160,190,760,38,52,1.7,1.7,0.22,1.70,1,4,(0),(0),0.6,0.02,0.07,0.5,0.05,Tr,7,0.40,"{""baseName"":""だいず"",""variety"":""豆腐よう"",""notes"":[""豆腐・油揚げ類""]}",発酵・塩分の高い豆腐ようは風味が強く塩分や添加成分に注意が必要,4,1,1,(460),(810),(650),(130),(140),(270),(550),(400),(950),(400),(140),(480),(270),(810),7.15,4.39,0.55,3.84,3800,550,0,0,0,167.85,174280,,"Tofu yo (fermented tofu, Okinawan)"
04,04044,だいず　［豆腐・油揚げ類］　豆腐竹輪　蒸し,71.6,14.9,4.4,0.8,2.4,121,70,150,740,140,65,2.0,1.0,0.13,0.58,63,14,3,(0),0.4,0.12,0.08,0.5,0.04,0.6,11,0.17,"{""baseName"":""だいず"",""variety"":""豆腐竹輪"",""state"":""蒸し"",""notes"":[""豆腐・油揚げ類""]}",豆腐竹輪（蒸し）は大豆由来のタンパクと魚すり身を含む加工品で、穏やかな素材として使える,7,1,1,(770),(1300),(1300),(370),(210),(580),(720),(590),(1300),(670),(190),(820),(450),(1100),3.52,2.17,0.35,1.83,1800,290,17,39,3,110.2,174280,,"Tofu chikuwa, steamed"
04,04045,だいず　［豆腐・油揚げ類］　豆腐竹輪　焼き,68.8,16.1,4.9,0.7,2.7,133,100,170,900,150,73,2.3,1.0,0.14,0.61,-,-,(0),(0),0.4,0.13,0.08,0.5,0.04,0.8,17,0.21,"{""baseName"":""だいず"",""variety"":""豆腐竹輪"",""state"":""焼き"",""notes"":[""豆腐・油揚げ類""]}",豆腐とすり身の加工品でタンパク源になるが加工品としての添加物や調味に注意。,6,1,1,(820),(1300),(1400),(390),(220),(610),(770),(630),(1400),(710),(200),(870),(470),(1200),3.91,2.39,0.38,2.01,2000,320,19,46,4,121.8,172451,106.3,"Tofu chikuwa, grilled"
04,04088,だいず　［豆腐・油揚げ類］　ろくじょう豆腐,26.5,34.7,21.5,3.2,13.5,332,660,590,4300,430,110,6.1,4.6,0.73,3.83,-,-,(0),(0),2.5,0.10,0.06,0.5,0.11,(0),23,0.14,"{""baseName"":""だいず"",""variety"":""ろくじょう豆腐"",""notes"":[""豆腐・油揚げ類""]}",大豆由来の豆腐は良質な植物性タンパク源で犬のレシピ素材として適する。味付けや過剰な塩分に注意。,8,1,1,(1700),(3000),(2400),(490),(510),(1000),(2000),(1500),(3500),(1600),(520),(1800),(1000),(3000),(18.79),(11.33),(1.36),(9.97),(10000),(1400),-,-,-,306.3,172451,106.3,Rokujou tofu
04,04046,だいず　［納豆類］　糸引き納豆,59.5,16.5,10.0,9.5,1.9,184,91,220,1,690,100,3.3,1.9,0.6,1.39,Tr,16,(0),(0),0.5,0.13,0.3,0.6,0.24,Tr,130,3.63,"{""baseName"":""だいず"",""variety"":""糸引き納豆"",""notes"":[""納豆類""]}",納豆は発酵大豆食品で植物性たんぱくやプロバイオティクスを含む素材,7,1,1,790,1300,1100,260,320,580,880,710,1600,670,250,850,490,950,(9.30),(5.65),(0.67),(4.98),(5000),(670),(0),(0),(0),151.85,172443,57,"Natto, regular (sticky natto)"
04,04047,だいず　［納豆類］　挽きわり納豆,60.9,16.6,10.0,5.9,2.0,185,59,250,2,700,88,2.6,1.3,0.43,1.00,-,-,(0),(0),0.8,0.14,0.36,0.9,0.29,0,110,4.28,"{""baseName"":""だいず"",""variety"":""挽きわり納豆"",""notes"":[""納豆類""]}",大豆の発酵食品でタンパク・食物繊維源として利用可能,7,1,1,810,1400,1100,250,280,530,970,670,1600,710,250,890,500,970,(9.30),(5.65),(0.67),(4.98),(5000),(670),(0),(0),(0),159.2,172443,57,"Natto, hikiwari (crushed natto)"
04,04048,だいず　［納豆類］　五斗納豆,45.8,15.3,8.1,4.9,6.8,214,49,190,2300,430,61,2.2,1.1,0.31,0.75,1,8,(0),(0),0.6,0.08,0.35,1.1,0.19,-,110,2.90,"{""baseName"":""だいず"",""variety"":""五斗納豆"",""notes"":[""納豆類""]}",納豆は発酵大豆でタンパク質と微生物由来成分を含み利用可能だが匂いや粘性に留意,8,0,1,,,,,,,,,,,,,,,6.62,4.26,0.70,3.55,3600,700,0,0,0,189.25,172443,57,Goto natto
04,04114,だいず　［納豆類］　塩納豆,64,8.3,4.4,6.0,3.2,137,48,150,860,410,61,1.3,1,0.25,0.72,1800,1,-,-,0.5,0.06,0.11,0.5,0.13,Tr,36,1.3,"{""baseName"":""だいず"",""variety"":""塩納豆"",""notes"":[""納豆類""]}",発酵大豆でたんぱく質や有益菌を含むが塩分に注意して用いる,7,1,1,420,710,550,110,130,240,480,350,830,370,120,450,250,560,3.42,2.07,0.29,1.78,1800,290,0,0,0,115.8,174280,,Shio natto (salted natto)
04,04049,だいず　［納豆類］　寺納豆,24.4,18.6,8.1,7.6,17.4,248,110,330,5600,1000,140,5.9,3.8,0.80,1.70,1,14,(0),(0),0.9,0.04,0.35,4.1,0.17,-,39,0.81,"{""baseName"":""だいず"",""variety"":""寺納豆"",""notes"":[""納豆類""]}",納豆（大豆の発酵食品）は良質なタンパク源で消化に比較的適し、犬の素材として問題が少ない。,8,0,1,,,,,,,,,,,,,,,5.81,3.70,0.60,3.10,3100,600,0,0,0,217.6,172443,57,"Tera natto (temple natto, fermented soybeans)"
04,04115,だいず　［納豆類］　干し納豆,12,33,16.8,17.2,8.9,357,190,570,2000,1600,200,5.8,3.4,1.03,2.31,5,5,-,-,2.6,0.11,0.22,1.5,0.32,Tr,150,2.64,"{""baseName"":""だいず"",""variety"":""干し納豆"",""notes"":[""納豆類""]}",大豆由来の発酵食品でタンパク質・食物繊維の供給源として利用可能,7,1,1,1600,2700,2000,450,480,930,1800,1300,3100,1500,470,1700,1000,2400,14.60,8.91,1.30,7.61,7600,1300,0,0,0,300.65,172443,57,Hoshi natto (dried natto)
04,04051,だいず　［その他］　おから　生,75.5,6.1,3.6,11.5,1.0,88,81,99,5,350,40,1.3,0.6,0.14,0.40,1,1,(0),(0),0.4,0.11,0.03,0.2,0.06,(0),14,0.31,"{""baseName"":""だいず"",""variety"":""おから"",""state"":""生"",""notes"":[""その他""]}",おからは良質な食物繊維と植物性たんぱくを含み、犬のレシピ素材として適している。,8,1,1,280,490,410,97,110,200,330,210,540,290,83,330,190,410,(3.21),(2.03),(0.28),(1.75),(1700),(280),-,-,-,60,172452,,"Okara (soy pulp), raw"
04,04089,だいず　［その他］　おから　乾燥,7.1,23.1,13.6,43.6,3.8,333,310,380,19,1300,150,4.9,2.3,0.53,1.52,4,4,(0),(0),1.5,0.42,0.11,0.8,0.23,(0),53,1.18,"{""baseName"":""だいず"",""variety"":""おから"",""state"":""乾燥"",""notes"":[""その他""]}",おからは植物性たんぱくと食物繊維が豊富で犬のレシピ素材として利用しやすい,7,1,1,(1000),(1900),(1500),(360),(400),(760),(1200),(760),(2000),(1000),(310),(1200),(700),(1500),(12.18),(7.68),(1.07),(6.62),(6600),(1100),-,-,-,227.25,172452,,"Okara (soy pulp), dried"
04,04052,だいず　［その他］　豆乳　豆乳,90.8,3.6,2.8,0.9,0.5,43,15,49,2,190,25,1.2,0.3,0.12,0.23,Tr,1,(0),(0),0.1,0.03,0.02,0.5,0.06,(0),28,0.28,"{""baseName"":""だいず"",""variety"":""豆乳 豆乳"",""notes"":[""その他""]}",豆乳は植物性タンパク源として利用可能だが、個体差で消化性やアレルギーに注意,7,1,1,170,290,250,53,60,110,200,160,350,160,53,180,100,310,2.47,1.55,0.20,1.34,1300,200,0,0,0,41.3,172446,23.6,"Soymilk, plain"
04,04053,だいず　［その他］　豆乳　調製豆乳,87.9,3.2,3.6,1.1,0.5,61,31,44,50,170,19,1.2,0.4,0.12,0.23,Tr,1,(0),(0),2.2,0.07,0.02,0.2,0.05,(0),31,0.24,"{""baseName"":""だいず"",""variety"":""豆乳 調製豆乳"",""notes"":[""その他""]}",調製豆乳は植物性タンパクを含むが甘味や消化性に注意が必要,6,1,1,160,270,230,43,53,96,180,140,320,150,47,170,95,280,3.24,1.99,0.20,1.79,1800,200,0,0,0,54.75,172446,23.6,"Soymilk, processed"
04,04054,だいず　［その他］　豆乳　豆乳飲料・麦芽コーヒー,87.4,2.2,2.2,1.0,0.4,57,20,36,42,110,13,0.3,0.2,0.07,0.13,0,1,0,0,0.3,0.02,0.02,0.4,0.03,0,15,0.12,"{""baseName"":""だいず"",""variety"":""豆乳 豆乳飲料・麦芽コーヒー"",""notes"":[""その他""]}",麦芽コーヒーを含む豆乳飲料はコーヒー由来のカフェインが含まれる可能性があり犬に有害。,1,1,1,110,180,150,28,35,63,120,92,210,96,32,120,64,170,1.96,1.20,0.11,1.08,1100,110,0,0,0,50.2,173775,,"Soymilk beverage, malt coffee flavor"
04,04055,だいず　［その他］　大豆たんぱく　粒状大豆たんぱく,7.8,46.3,3.0,17.8,6.2,318,270,730,3,2400,290,7.7,4.5,1.41,2.61,-,-,(0),(0),0,0.67,0.30,2.2,0.64,(0),370,1.89,"{""baseName"":""だいず"",""variety"":""大豆たんぱく 粒状大豆たんぱく"",""notes"":[""その他""]}",粒状大豆たんぱくは植物性タンパク源として利用できるがアレルギーに注意,8,1,1,(2300),(4000),(3200),(650),(640),(1300),(2700),(1900),(4600),(2000),(680),(2300),(1400),(3900),1.83,1.16,0.14,1.01,1000,140,0,0,0,253.7,172445,,"Textured soy protein, granules"
04,04056,だいず　［その他］　大豆たんぱく　濃縮大豆たんぱく,6.8,58.2,1.7,20.9,5.4,313,280,750,550,1300,220,9.2,3.1,0.99,2.00,-,-,(0),(0),0,0.37,0.11,0.6,0.16,(0),210,0.40,"{""baseName"":""だいず"",""variety"":""大豆たんぱく 濃縮大豆たんぱく"",""notes"":[""その他""]}",濃縮大豆たんぱくは植物性たんぱく源として利用できるが加工品である点に留意。,7,1,1,(2900),(5100),(4000),(820),(800),(1600),(3300),(2400),(5800),(2500),(850),(2900),(1700),(4900),0.68,0.39,0.04,0.35,350,37,0,0,0,242.65,174301,,Soy protein concentrate
04,04057,だいず　［その他］　大豆たんぱく　分離大豆たんぱく　塩分無調整タイプ,5.9,79.1,3.0,4.2,4.5,335,57,840,1300,190,58,9.4,2.9,1.51,0.89,-,-,(0),(0),0,0.11,0.14,0.4,0.06,(0),270,0.37,"{""baseName"":""だいず"",""variety"":""大豆たんぱく 分離大豆たんぱく 塩分無調整タイプ"",""notes"":[""その他""]}",分離大豆たんぱくは高たんぱくな植物性素材として利用できる,8,1,1,4000,7000,5500,1100,1100,2200,4600,3500,8000,3700,1200,4100,2400,6900,1.56,0.96,0.09,0.87,870,93,0,0,0,313.9,174276,190.9,"Soy protein isolate, unsalted"
04,04090,だいず　［その他］　大豆たんぱく　分離大豆たんぱく　塩分調整タイプ,5.9,79.1,3.0,4.2,4.5,335,890,840,640,260,58,9.4,2.9,1.51,0.89,-,-,(0),(0),0,0.11,0.14,0.4,0.06,(0),270,0.37,"{""baseName"":""だいず"",""variety"":""大豆たんぱく 分離大豆たんぱく 塩分調整タイプ"",""notes"":[""その他""]}",分離大豆たんぱくは良質なたんぱく源で素材として利用しやすい,7,1,0,(4000),(7000),(5500),(1100),(1100),(2200),(4600),(3500),(8000),(3700),(1200),(4100),(2400),(6900),,,,,,,,,,313.9,174276,190.9,"Soy protein isolate, sodium-adjusted"
04,04058,だいず　［その他］　大豆たんぱく　繊維状大豆たんぱく,5.8,59.3,5.0,5.6,4.7,365,70,630,1400,270,55,8.2,2.4,1.13,1.02,-,-,(0),(0),0.3,0.62,0.16,0.5,0.08,(0),170,0.34,"{""baseName"":""だいず"",""variety"":""大豆たんぱく 繊維状大豆たんぱく"",""notes"":[""その他""]}",繊維状大豆たんぱくは植物性たんぱく源として利用可能だが個体差に注意,7,1,1,(2900),(5200),(4100),(830),(820),(1700),(3400),(2500),(5900),(2500),(870),(3000),(1700),(5000),3.48,2.07,0.21,1.86,1900,210,0,0,0,318.65,174276,190.9,Textured soy protein
04,04059,だいず　［その他］　湯葉　生,59.1,21.8,13.7,0.8,1.3,218,90,250,4,290,80,3.6,2.2,0.70,-,1,3,(0),(0),0.9,0.17,0.09,0.3,0.13,(0),25,0.34,"{""baseName"":""だいず"",""variety"":""湯葉"",""state"":""生"",""notes"":[""その他""]}",湯葉は大豆由来の良質な植物性タンパク源として使用可能である,7,1,1,1200,1900,1500,320,320,640,1300,970,2300,1000,310,1200,640,1900,11.76,7.06,0.91,6.15,6100,910,0,0,0,204.3,170071,16.5,"Yuba, raw"
04,04060,だいず　［その他］　湯葉　干し　乾,6.9,50.4,32.1,3.0,3.3,485,210,600,12,840,220,8.3,4.9,3.27,3.43,3,7,(0),(0),2.4,0.35,0.12,1.4,0.32,(0),38,0.55,"{""baseName"":""だいず"",""variety"":""湯葉 干し"",""state"":""乾"",""notes"":[""その他""]}",湯葉は大豆由来のタンパク源として利用可能だが大豆アレルギーに注意,7,1,1,2700,4400,3500,720,800,1500,3100,2200,5300,2400,720,2800,1500,4300,28.74,16.26,2.18,14.08,14000,2200,0,0,0,464.3,170570,,"Yuba, dried"
04,04091,だいず　［その他］　湯葉　干し　湯戻し,72.8,15.7,10.6,1.2,0.9,151,66,170,2,140,60,2.6,1.6,0.57,1.09,0,2,(0),(0),0.7,0.05,0.01,0.1,0.03,(0),3,0.12,"{""baseName"":""だいず"",""variety"":""湯葉 干し 湯戻し"",""notes"":[""その他""]}",大豆由来の良質な植物性タンパクで利用できるが、大豆アレルギーに注意,7,1,1,830,1400,1100,220,230,450,960,700,1700,740,210,850,450,1300,9.19,5.22,0.70,4.52,4500,700,0,0,0,145.05,174290,33,"Yuba, rehydrated"
04,04061,だいず　［その他］　金山寺みそ,34.3,6.9,3.2,3.2,5.6,247,33,130,2000,190,54,1.7,0.7,0.16,0.96,1,1,(0),(0),0,0.12,0.18,2.3,0.10,(0),34,0.74,"{""baseName"":""だいず"",""variety"":""金山寺みそ"",""notes"":[""その他""]}",金山寺みそは発酵大豆由来で旨味があるが塩分や加工度が高いため使用量に注意が必要,6,1,1,(320),(520),(330),(96),(72),(170),(340),(250),(590),(270),(52),(350),(190),(350),2.52,1.51,0.17,1.35,1300,170,1,0,0,215.15,172442,72.2,Kinzanji miso
04,04062,だいず　［その他］　ひしおみそ,46.3,6.5,2.7,2.8,5.7,198,56,120,1900,340,56,1.9,0.9,0.32,0.52,1,2,(0),(0),0.6,0.11,0.27,2.6,0.08,(0),12,0.36,"{""baseName"":""だいず"",""variety"":""ひしおみそ"",""notes"":[""その他""]}",発酵大豆製品で旨味があるが塩分が高めなため量に注意が必要,5,1,1,(310),(490),(310),(91),(68),(160),(320),(230),(550),(250),(49),(330),(180),(330),2.14,1.27,0.16,1.12,1100,160,0,0,0,171.7,172442,72.2,Hishio miso
04,04063,だいず　［その他］　テンペ,57.8,15.8,9.0,10.2,2.0,180,70,250,2,730,95,2.4,1.7,0.52,0.80,1,3,(0),(0),0.8,0.07,0.09,2.4,0.23,0,49,1.08,"{""baseName"":""だいず"",""variety"":""テンペ"",""notes"":[""その他""]}",発酵大豆製品で消化性が良く植物性タンパク源として使いやすい。,7,1,1,(690),(1100),(710),(140),(150),(290),(700),(520),(1200),(620),(150),(720),(360),(970),7.50,4.69,0.72,3.97,4000,720,0,0,0,150,174272,,Tempeh
04,04064,つるあずき　全粒　乾,12.0,20.8,1.6,22.0,3.9,297,280,320,1,1400,230,11.0,3.1,0.73,2.92,0,3,(0),(0),0.1,0.50,0.13,2.0,0.28,(0),210,0.75,"{""baseName"":""つるあずき"",""formModifiers"":[""全粒""],""state"":""乾""}",つるあずき（乾）は豆類として栄養源になり得るが調理が前提となる,7,1,1,(920),(1700),(1600),(310),(280),(590),(1200),(610),(1800),(830),(240),(1100),(700),(1400),0.96,0.55,0.18,0.37,370,180,0,0,0,225.35,173727,,"Adzuki beans, whole, dry"
04,04092,つるあずき　全粒　ゆで,60.5,9.7,1.0,13.4,1.3,132,130,120,0,370,77,3.3,1.2,0.30,0.57,-,-,(0),(0),0.1,0.16,0.04,0.5,0.06,(0),48,0.14,"{""baseName"":""つるあずき"",""formModifiers"":[""全粒""],""state"":""ゆで""}",つるあずきのゆで物は加熱済みの豆類で炭水化物・たんぱく源として利用可能だが消化性に留意,7,1,1,(430),(790),(750),(150),(120),(270),(580),(300),(880),(390),(110),(530),(330),(650),(0.58),(0.33),(0.11),(0.22),(220),(110),(0),(0),(0),91.8,173789,,"Adzuki beans, whole, boiled"
04,04065,ひよこまめ　全粒　乾,10.4,20.0,5.2,16.3,2.9,336,100,270,17,1200,140,2.6,3.2,0.84,-,1,11,(0),(0),2.5,0.37,0.15,1.5,0.64,(0),350,1.77,"{""baseName"":""ひよこまめ"",""formModifiers"":[""全粒""],""state"":""乾""}",ひよこまめは良好な植物性タンパク・食物繊維源で、調理して与えると適する。,7,1,1,(860),(1400),(1300),(260),(270),(540),(1100),(500),(1600),(750),(200),(850),(550),(1900),4.09,2.04,0.08,1.96,2000,84,0,0,0,272.4,173756,99.3,"Chickpeas, dry"
04,04066,ひよこまめ　全粒　ゆで,59.6,9.5,2.5,11.6,1.0,149,45,120,5,350,51,1.2,1.8,0.29,1.10,Tr,5,(0),(0),1.7,0.16,0.07,0.4,0.18,(0),110,0.48,"{""baseName"":""ひよこまめ"",""formModifiers"":[""全粒""],""state"":""ゆで""}",ひよこまめ（ゆで）は植物性タンパクと食物繊維の供給源として使用可能だが消化に注意,7,1,1,(410),(680),(640),(120),(130),(250),(510),(240),(750),(350),(91),(400),(260),(900),2.00,1.00,0.04,0.96,960,41,0,0,0,109.8,173757,42.8,"Chickpeas, boiled"
04,04067,ひよこまめ　全粒　フライ　味付け,4.6,18.8,10.4,21.0,3.6,366,73,370,700,690,110,4.2,2.7,0.78,2.20,-,-,(0),(0),1.9,0.21,0.10,0.7,0.50,(0),100,0.35,"{""baseName"":""ひよこまめ"",""variety"":""味付け"",""formModifiers"":[""全粒""],""state"":""フライ""}",ひよこまめ自体は栄養価があるが、フライ・味付けの加工があるため素材としては加工度が高い,5,1,1,(810),(1300),(1300),(250),(260),(500),(1000),(470),(1500),(700),(180),(790),(520),(1800),7.71,3.28,0.25,3.03,3000,250,0,0,0,299.8,173799,42.8,"Chickpeas, fried, seasoned"
04,04068,べにばないんげん　全粒　乾,15.4,17.2,1.7,26.7,4.5,273,78,430,1,1700,190,5.4,3.4,0.74,1.50,0,1,(0),(0),0.1,0.67,0.15,2.5,0.51,0,140,0.81,"{""baseName"":""べにばないんげん"",""formModifiers"":[""全粒""],""state"":""乾""}",良質な植物性たんぱくと食物繊維を含む。乾燥しているため加熱調理が必要。,7,1,1,(810),(1400),(1100),(220),(230),(440),(930),(520),(1500),(740),(190),(930),(530),(1100),1.16,0.85,0.35,0.50,500,350,0,0,0,195.4,173744,65.9,"Kidney beans, dry"
04,04069,べにばないんげん　全粒　ゆで,69.7,6.2,0.6,7.6,1.2,103,28,140,1,440,50,1.6,0.8,0.17,0.58,0,Tr,(0),(0),Tr,0.14,0.05,0.4,0.11,Tr,23,0.18,"{""baseName"":""べにばないんげん"",""formModifiers"":[""全粒""],""state"":""ゆで""}",加熱済みの豆類は植物性たんぱくと食物繊維を含み利用可能（十分に加熱されていることが前提）,8,1,1,(290),(490),(410),(79),(81),(160),(340),(190),(520),(270),(69),(330),(190),(380),0.40,0.29,0.12,0.17,170,120,0,0,0,78.25,173740,30.5,"Kidney beans, boiled"
04,04108,やぶまめ　乾,13.1,23.4,10.1,-,3.9,383,55,230,5,1700,63,2.4,1.4,0.31,1.03,0,1,-,-,-,-,-,-,-,-,-,-,"{""baseName"":""やぶまめ"",""state"":""乾""}",やぶまめは豆類でタンパク質や食物繊維の供給源になるが、乾燥品は調理処理が前提,7,0,0,,,,,,,,,,,,,,,,,,,,,,,,341,169284,,"Amphicarpaea, dry"
04,04070,らいまめ　全粒　乾,11.7,21.9,1.8,19.6,3.8,306,78,250,Tr,1800,170,6.2,2.9,0.70,1.85,Tr,17,(0),(0),0.1,0.47,0.16,1.9,0.40,(0),120,1.05,"{""baseName"":""らいまめ"",""formModifiers"":[""全粒""],""state"":""乾""}",らいまめ（ライマビーン）は豆類として加熱調理すれば利用可能だが生のままは注意が必要,6,1,1,(1100),(1800),(1400),(240),(240),(490),(1400),(800),(2200),(990),(230),(1200),(550),(1300),1.27,0.75,0.20,0.55,550,200,0,0,0,236.15,174255,,"Lima beans, dry"
04,04093,らいまめ　全粒　ゆで,62.3,9.6,0.9,10.9,1.1,122,27,95,0,490,52,2.3,1.1,0.25,0.73,-,-,(0),(0),Tr,0.10,0.04,0.5,0.08,(0),25,0.23,"{""baseName"":""らいまめ"",""formModifiers"":[""全粒""],""state"":""ゆで""}",ゆでライマ豆は調理済みの植物性たんぱく源で消化性を考慮すれば使用可能,8,1,1,(480),(810),(620),(110),(110),(210),(620),(350),(970),(430),(100),(540),(240),(590),(0.64),(0.38),(0.10),(0.28),(280),(100),(0),(0),(0),94.45,173802,32.5,"Lima beans, boiled"
04,04071,りょくとう　全粒　乾,10.8,25.1,1.5,14.6,3.5,319,100,320,0,1300,150,5.9,4.0,0.91,-,0,2,(0),(0),0.3,0.70,0.22,2.1,0.52,(0),460,1.66,"{""baseName"":""りょくとう"",""formModifiers"":[""全粒""],""state"":""乾""}",りょくとう（乾）は豆類の全粒で栄養源として利用可能だが調理で柔らかくする必要がある,8,1,1,1100,2000,1700,340,180,520,1500,690,2200,870,250,1300,730,1700,0.98,0.61,0.17,0.44,440,170,0,0,0,256.35,174256,97.9,"Mung beans, dry"
04,04072,りょくとう　全粒　ゆで,66.0,10.2,0.6,5.2,0.7,125,32,75,1,320,39,2.2,0.8,0.21,0.31,0,1,(0),(0),0.2,0.19,0.06,0.4,0.05,(0),80,0.34,"{""baseName"":""りょくとう"",""formModifiers"":[""全粒""],""state"":""ゆで""}",ゆでたりょくとう（豆類）は加熱済みで消化しやすく素材として利用可能,8,1,1,(420),(790),(690),(140),(72),(210),(610),(270),(880),(330),(100),(520),(290),(670),(0.39),(0.24),(0.07),(0.18),(180),(67),(0),(0),(0),101.35,174257,29.4,"Mung beans, boiled"
04,04073,レンズまめ　全粒　乾,12.0,23.2,1.5,16.7,2.7,313,57,430,Tr,1000,100,9.0,4.8,0.95,1.57,0,54,(0),(0),0.8,0.52,0.17,2.5,0.55,0,77,1.58,"{""baseName"":""レンズまめ"",""formModifiers"":[""全粒""],""state"":""乾""}",乾燥レンズ豆は加熱して与えれば良好な植物性タンパク・繊維源となる,7,1,1,(1100),(1800),(1700),(210),(260),(460),(1200),(740),(2000),(1000),(170),(1300),(630),(2000),0.96,0.48,0.09,0.39,390,93,0,0,0,247.6,174284,,"Lentils, dry"
04,04094,レンズまめ　全粒　ゆで,57.9,11.2,0.8,9.4,1.1,149,27,190,0,330,44,4.3,2.5,0.44,0.81,-,-,(0),(0),0.4,0.20,0.06,0.7,0.16,(0),22,0.57,"{""baseName"":""レンズまめ"",""formModifiers"":[""全粒""],""state"":""ゆで""}",ゆでレンズまめは植物性タンパク・食物繊維源として利用可能だが、消化性に留意。,8,1,1,(540),(860),(810),(100),(120),(220),(590),(360),(950),(500),(81),(620),(300),(980),(0.50),(0.25),(0.05),(0.20),(200),(49),(0),(0),(0),114.6,175254,32.7,"Lentils, boiled"
05,05001,アーモンド　乾,4.7,19.6,51.8,10.1,3.0,609,250,460,1,760,290,3.6,3.6,1.17,2.45,-,-,(0),(0),30.0,0.20,1.06,3.6,0.09,(0),65,0.49,"{""baseName"":""アーモンド"",""state"":""乾""}",アーモンドはナッツ類で消化不良や膵炎リスクがあるため注意が必要です。,4,1,1,870,1500,660,190,320,510,1000,630,1700,650,210,1000,560,2200,49.68,12.12,0.01,12.11,12000,9,-,-,-,546.7,170567,52.1,"Almonds, dry"
05,05002,アーモンド　フライ　味付け,1.8,21.3,55.7,10.1,3.2,626,240,490,100,760,270,3.5,3.1,0.87,2.24,0,1,0,0,22.0,0.05,1.07,4.4,0.10,0,49,0.50,"{""baseName"":""アーモンド"",""variety"":""味付け"",""state"":""フライ""}",味付けしたフライのアーモンドはナッツ類で消化負担や脂肪負荷があり加工もされているため注意が必要。,4,1,1,910,1600,590,180,310,480,1300,670,1900,740,210,1100,620,2500,50.86,11.72,0.03,11.69,12000,26,0,0,0,575.65,168596,52.1,"Almonds, fried, seasoned"
05,05040,アーモンド　いり　無塩,1.8,20.3,54.1,11.0,3.1,608,260,480,Tr,740,310,3.7,3.7,1.19,2.46,-,-,(0),(0),29.0,0.03,1.04,3.9,0.08,(0),48,0.26,"{""baseName"":""アーモンド"",""variety"":""無塩"",""state"":""いり""}",アーモンドは消化が悪くナッツ類として膵炎リスクなどがあり注意が必要,4,1,1,(870),(1500),(670),(190),(330),(520),(1100),(630),(1700),(630),(220),(1000),(580),(2300),(51.86),(12.65),(0.01),(12.64),(13000),(10),-,-,-,564.85,170158,52.1,"Almonds, roasted, unsalted"
05,05003,あさ　乾,4.6,29.9,28.3,23.0,5.5,450,130,1100,2,340,400,13.0,6.1,1.32,9.97,0,4,(0),(0),1.8,0.35,0.19,2.3,0.40,(0),82,0.57,"{""baseName"":""あさ"",""state"":""乾""}",あさ（乾）は種子類で栄養価が高く素材として利用可能,7,1,1,1200,2100,1100,730,510,1200,1400,950,2400,1200,350,1600,880,3700,26.07,19.62,4.74,14.89,15000,4700,0,0,0,375.65,170148,,"Hemp seeds, dry"
05,05041,あまに　いり,0.8,21.8,43.3,23.8,3.7,540,210,710,70,760,410,9.0,6.1,1.26,2.97,0,3,0,0,0.4,0.01,0.17,2.6,0.40,Tr,45,0.24,"{""baseName"":""あまに"",""state"":""いり""}",炒りあまには（亜麻仁）はオメガ3や食物繊維を含み適量なら有益だが、種子なので量の管理が必要。,7,1,1,1100,1500,660,450,280,730,1200,590,1800,990,410,1300,580,2300,39.30,29.13,23.50,5.63,5600,24000,0,0,0,467.45,169414,78.7,"Flaxseed, roasted"
05,05004,えごま　乾,5.6,17.7,43.4,20.8,3.9,523,390,550,2,590,230,16.0,3.8,1.93,3.09,Tr,3,(0),(0),1.3,0.54,0.29,7.6,0.55,(0),59,1.65,"{""baseName"":""えごま"",""state"":""乾""}",えごま（乾）はオメガ3などの脂肪酸供給源として有用だが油分が比較的高い,7,1,1,730,1300,810,520,370,890,1000,700,1700,760,240,990,580,2300,38.79,28.83,23.70,5.12,5100,24000,0,0,0,460.95,170150,25.6,"Perilla seeds, dry"
05,05005,カシューナッツ　フライ　味付け,3.2,19.8,47.6,6.7,2.7,591,38,490,220,590,240,4.8,5.4,1.89,-,0,27,(0),(0),0.6,0.54,0.18,0.9,0.36,(0),63,1.32,"{""baseName"":""カシューナッツ"",""variety"":""味付け"",""state"":""フライ""}",味付けフライのカシューナッツはナッツ類特有の消化不良や膵炎リスクがあり加工でさらに注意が必要,4,1,1,960,1700,1100,420,500,920,1000,710,1800,830,370,1300,540,2400,45.78,8.08,0.08,8.00,8000,76,-,-,-,543.9,169422,61,"Cashew nuts, fried, seasoned"
05,05006,かぼちゃ　いり　味付け,4.5,26.5,51.8,7.3,5.2,590,44,1100,47,840,530,6.5,7.7,1.26,4.39,Tr,5,(0),(0),0.6,0.21,0.19,4.4,0.16,(0),79,0.65,"{""baseName"":""かぼちゃ"",""variety"":""味付け"",""state"":""いり""}",味付けされた炒りかぼちゃはかぼちゃ自体は安全だが調味が施されている加工食品であるため注意が必要。,6,1,1,(1100),(2100),(1100),(530),(290),(820),(1500),(960),(2500),(880),(510),(1400),(680),(4700),(46.63),(20.98),(0.12),(20.81),(21000),(120),(0),(0),(130),549.5,169415,63,"Pumpkin seeds, roasted, seasoned"
05,05007,かや　いり,1.2,8.7,64.9,18.2,2.6,629,58,300,6,470,200,3.3,3.7,0.92,2.62,-,-,(0),(0),8.5,0.02,0.04,1.5,0.17,(0),55,0.62,"{""baseName"":""かや"",""state"":""いり""}",殻つきの種子類と思われ、殻による誤嚥や消化不良、脂肪量や成分の不明点があり注意が必要,4,0,1,,,,,,,,,,,,,,,53.76,28.25,0.26,27.99,27000,260,0,0,0,597.5,168590,,"Japanese torreya nuts, roasted"
05,05008,ぎんなん　生,57.4,4.7,1.6,1.6,1.5,168,5,120,Tr,710,48,1.0,0.4,0.25,0.26,2,0,(0),(0),2.5,0.28,0.08,1.2,0.07,(0),45,1.27,"{""baseName"":""ぎんなん"",""state"":""生""}",ぎんなん（生）は中毒性を示す成分を含むため犬には与えない方が良い。,2,1,1,190,340,190,110,83,190,170,140,320,260,79,270,97,620,1.24,0.60,0.04,0.57,560,36,0,0,0,146.25,170584,,"Ginkgo nuts, raw"
05,05009,ぎんなん　ゆで,56.9,4.6,1.5,2.4,1.2,169,5,96,1,580,45,1.2,0.4,0.23,0.25,Tr,1,(0),(0),1.6,0.26,0.07,1.0,0.02,(0),38,1.02,"{""baseName"":""ぎんなん"",""state"":""ゆで""}",銀杏の種はギンコトキシン等の中毒性成分を含み、嘔吐や神経症状を引き起こすことがあるため犬の素材として不適切。,2,1,1,(180),(330),(180),(100),(81),(180),(170),(140),(300),(230),(77),(260),(94),(590),(1.17),(0.56),(0.03),(0.53),(530),(34),(0),(0),(0),145.75,170584,,"Ginkgo nuts, boiled"
05,05010,（くり類）　日本ぐり　生,58.8,2.8,0.5,4.2,1.0,147,23,70,1,420,40,0.8,0.5,0.32,3.27,0,3,(0),(0),0,0.21,0.07,1.0,0.27,(0),74,1.04,"{""baseName"":""日本ぐり"",""state"":""生"",""notes"":[""くり類""]}",日本ぐり（生）は果実／種実類で毒性はなく、適切に調理すれば素材として使用可能,7,1,1,98,160,150,35,44,79,110,68,180,110,36,130,68,210,(0.39),(0.25),(0.05),(0.20),(200),(48),(0),(0),(0),128.5,170164,,"Japanese chestnut, raw"
05,05011,（くり類）　日本ぐり　ゆで,58.4,3.5,0.6,6.6,0.8,152,23,72,1,460,45,0.7,0.6,0.37,1.07,-,-,(0),(0),0,0.17,0.08,1.0,0.26,(0),76,1.06,"{""baseName"":""日本ぐり"",""state"":""ゆで"",""notes"":[""くり類""]}",茹で栗は炭水化物と風味の供給源として使いやすいが量に注意,7,1,1,(120),(200),(180),(43),(55),(98),(140),(81),(220),(130),(45),(160),(84),(260),0.47,0.30,0.06,0.25,250,58,0,0,0,122.7,170166,,"Japanese chestnut, boiled"
05,05012,（くり類）　日本ぐり　甘露煮,40.8,1.8,0.4,2.8,0.2,232,8,25,7,75,8,0.6,0.1,0.15,0.75,-,-,(0),(0),0,0.07,0.03,0.3,0.03,(0),8,0.18,"{""baseName"":""日本ぐり"",""variety"":""甘露煮"",""notes"":[""くり類""]}",甘露煮は糖分を含む加工品であるため加工度が高いが、栗自体は利用可能な素材。,5,1,1,(61),(100),(93),(22),(28),(50),(70),(42),(110),(65),(23),(81),(43),(140),(0.31),(0.20),(0.04),(0.16),(160),(39),(0),(0),(0),198.7,168589,,"Japanese chestnut, candied"
05,05013,（くり類）　中国ぐり　甘ぐり,44.4,4.9,0.9,8.5,1.3,207,30,110,2,560,71,2.0,0.9,0.51,1.59,0,1,(0),(0),0.1,0.20,0.18,1.3,0.37,(0),100,0.57,"{""baseName"":""中国ぐり"",""variety"":""甘ぐり"",""notes"":[""くり類""]}",中国ぐり（栗）は調理して殻を除けば消化しやすいでん粉質の食品で素材として使用可能,7,1,1,(180),(300),(270),(120),(130),(250),(220),(150),(370),(190),(57),(260),(140),(500),(0.83),(0.23),(0.02),(0.21),(210),(23),-,-,-,164.8,170573,,"Chinese chestnut, roasted (sweet chestnut)"
05,05014,くるみ　いり,3.1,14.6,68.8,7.5,1.8,713,85,280,4,540,150,2.6,2.6,1.21,3.44,-,-,(0),(0),1.2,0.26,0.15,1.0,0.49,(0),91,0.67,"{""baseName"":""くるみ"",""state"":""いり""}",くるみは犬に対して毒性や神経症状を引き起こす可能性があるため使用不可である。,1,1,1,640,1100,420,260,280,540,690,530,1200,550,210,780,380,2300,67.41,50.28,8.96,41.32,41000,9000,-,-,-,650.6,170187,39.2,"Walnuts, roasted"
05,05015,けし　乾,3.0,19.3,49.1,16.5,6.8,555,1700,820,4,700,350,23.0,5.1,1.48,6.88,0,8,(0),(0),1.5,1.61,0.20,1.0,0.45,(0),180,0.81,"{""baseName"":""けし"",""state"":""乾""}",けしの実はアルカロイド含有の可能性があり注意が必要な素材である。,4,1,1,(880),(1400),(1000),(540),(320),(860),(810),(780),(1600),(740),(200),(1200),(510),(2100),45.54,32.78,0.28,32.50,32000,280,0,0,0,503.45,171330,8.8,"Poppy seeds, dry"
05,05016,ココナッツ　ココナッツパウダー,2.5,6.1,65.8,14.1,1.9,676,15,140,10,820,110,2.8,1.4,0.80,1.41,-,-,(0),(0),0,0.03,0.03,1.0,0.09,(0),10,0.25,"{""baseName"":""ココナッツ"",""variety"":""ココナッツパウダー""}",ココナッツは脂質が多くエネルギー源になるが高脂肪のため使用量に注意が必要,6,1,1,(240),(430),(300),(120),(130),(250),(290),(170),(460),(280),(55),(370),(150),(980),(60.59),(1.01),(0),(1.01),(1000),(0),(0),(0),(0),614.25,168585,,"Coconut, coconut powder"
05,05017,ごま　乾,4.7,19.8,53.8,10.8,5.2,604,1200,540,2,400,370,9.6,5.5,1.66,2.24,Tr,10,(0),(0),0.1,0.95,0.25,5.1,0.60,(0),93,0.56,"{""baseName"":""ごま"",""state"":""乾""}",ごまは少量であれば良質な脂肪や微量栄養を補える安全な素材である。,8,1,1,850,1500,620,690,490,1200,1000,780,1800,890,360,1100,620,2900,50.69,23.26,0.15,23.11,23000,150,-,-,-,546.55,170150,25.6,"Sesame seeds, dry"
05,05018,ごま　いり,1.6,20.3,54.2,12.6,5.4,605,1200,560,2,410,360,9.9,5.9,1.68,2.52,Tr,27,(0),(0),0.1,0.49,0.23,5.3,0.64,(0),150,0.51,"{""baseName"":""ごま"",""state"":""いり""}",ごまは安全で風味付けや栄養源として利用可能（与え過ぎに注意）,8,1,1,880,1600,570,680,440,1100,1100,750,1800,890,350,1100,630,2900,49.33,22.64,0.19,22.44,22000,160,0,0,0,552.4,170151,,"Sesame seeds, roasted"
05,05019,ごま　むき,4.1,19.3,54.9,13.0,2.9,570,62,870,2,400,340,6.0,5.5,1.53,1.23,1,43,(0),(0),0.1,1.25,0.14,5.3,0.44,(0),83,0.39,"{""baseName"":""ごま"",""variety"":""むき""}",ごまは適度な脂質と風味を提供し、小量であれば犬の素材として使用可能,7,1,1,840,1500,600,700,460,1200,1000,790,1800,870,350,1100,620,2900,42.86,20.11,0.15,19.96,20000,150,0,0,0,554.5,170148,,"Sesame seeds, hulled"
05,05042,ごま　ねり,0.5,19.0,61.0,11.2,3.8,646,590,670,6,480,340,5.8,5.3,1.50,1.80,Tr,22,(0),(0),0.1,0.32,0.15,6.8,0.51,(0),99,0.24,"{""baseName"":""ごま"",""variety"":""ねり""}",ごまねりは良質な脂質と風味源になるが脂肪分が高い点に注意,6,1,1,(820),(1500),(530),(640),(420),(1100),(990),(700),(1700),(830),(320),(1100),(590),(2700),54.62,24.77,0.21,24.56,25000,170,0,0,0,600.75,170191,,Sesame paste
05,05020,しい　生,37.3,3.2,0.8,3.3,1.1,244,62,76,1,390,82,0.9,0.1,0.36,2.72,-,-,(0),(0),0.1,0.28,0.09,1.3,0.19,(0),8,0.59,"{""baseName"":""しい"",""state"":""生""}",殻および渋皮を除く必要がある種実で、タンニン等による消化器症状のリスクがあるため注意が必要,4,1,1,(150),(250),(200),(54),(57),(110),(140),(97),(240),(120),(39),(180),(88),(250),(0.76),(0.15),(0),(0.15),(150),-,-,-,-,208.05,168591,,"Shii seeds, raw"
05,05021,すいか　いり　味付け,5.9,29.6,46.4,7.1,4.7,528,70,620,580,640,410,5.3,3.9,1.49,1.43,24,11,(0),(0),0.6,0.10,0.16,0.8,0.71,(0),120,1.04,"{""baseName"":""すいか"",""variety"":""味付け"",""state"":""いり""}",すいかの果肉は水分・ビタミンが豊富で安全だが、味付けがある場合は塩分や糖分に注意。,8,1,1,(1400),(2200),(930),(870),(460),(1300),(2100),(1100),(3200),(1200),(410),(1600),(810),(5100),35.26,25.01,0.08,24.91,25000,60,23,0,0,520.05,169407,,"Watermelon seeds, roasted, seasoned"
05,05046,チアシード　乾,6.5,19.4,33.9,36.9,4.7,446,570,820,0,760,360,7.6,5.9,1.79,4.80,0,11,(0),(0),0.3,0.97,0.25,9.8,0.42,(0),84,0.53,"{""baseName"":""チアシード"",""state"":""乾""}",チアシードは食物繊維や不飽和脂肪酸を含む栄養価の高い素材だが使用法（吸水など）に注意,7,1,1,790,1400,1000,640,470,1100,1100,710,1800,830,290,1000,620,2200,31.29,25.52,19.43,6.08,6100,19000,0,0,0,356.05,170554,,"Chia seeds, dry"
05,05022,とち　蒸し,58.0,1.7,1.9,6.6,4.2,148,180,27,250,1900,17,0.4,0.5,0.44,1.46,-,-,(0),(0),0,Tr,0,0.1,Tr,(0),1,0,"{""baseName"":""とち"",""state"":""蒸し""}",あく抜き済みの蒸しとちは炭水化物源として利用可能で犬に与えやすい,7,1,0,(67),(100),(100),(40),(54),(94),(71),(47),(120),(60),(19),(95),(47),(120),,,,,,,,,,118.7,168589,,"Japanese horse chestnut, steamed"
05,05023,はす　未熟　生,77.5,5.9,0.5,2.6,1.2,81,53,190,2,410,57,0.6,0.8,0.22,1.33,-,-,(0),(0),0.6,0.18,0.09,1.4,0.16,(0),230,0.85,"{""baseName"":""はす"",""variety"":""未熟"",""state"":""生""}",未熟なはす（蓮）は一部で渋味や消化への影響があり、扱いに注意が必要な植物性素材。,7,1,1,(290),(470),(380),(100),(77),(180),(290),(140),(440),(290),(84),(380),(160),(480),0.34,0.21,0.02,0.18,180,21,Tr,0,0,67.95,168591,,"Lotus seeds, immature, raw"
05,05024,はす　成熟　乾,11.2,18.3,2.3,10.3,3.9,327,110,690,6,1300,200,2.9,2.8,1.12,8.25,10,8,(0),(0),1.0,0.44,0.11,4.2,0.60,(0),200,2.58,"{""baseName"":""はす"",""variety"":""成熟"",""state"":""乾""}",蓮（はす）の乾燥物はでんぷん質があり適量であれば利用可能な素材,7,1,1,(910),(1400),(1200),(320),(240),(560),(910),(450),(1400),(890),(260),(1200),(510),(1500),1.57,0.91,0.07,0.83,830,71,0,0,0,272.6,170149,,"Lotus seeds, mature, dry"
05,05043,はす　成熟　ゆで,66.1,7.3,0.8,5.0,0.9,118,42,190,1,240,67,1.1,0.2,0.30,2.92,-,-,(0),(0),0.4,0.08,0.02,0.7,0.12,(0),36,0.32,"{""baseName"":""はす"",""variety"":""成熟"",""state"":""ゆで""}",ゆでたはす（蓮の実・蓮根等の可食部）は消化しやすく犬の素材として問題ない。,8,1,1,(360),(570),(470),(130),(95),(220),(360),(180),(540),(350),(100),(470),(200),(600),(0.52),(0.30),(0.02),(0.28),(280),(24),(0),(0),(0),102,169250,,"Lotus root, mature, boiled"
05,05025,（ひし類）　ひし　生,51.8,5.8,0.5,2.9,1.3,183,45,150,5,430,84,1.1,1.3,0.06,0.60,Tr,Tr,(0),(0),1.6,0.42,0.08,1.2,0.32,(0),430,0.71,"{""baseName"":""ひし"",""state"":""生"",""notes"":[""ひし類""]}",果皮を除いた可食部であれば利用可能だが、硬い殻や不溶性部分に注意が必要,6,1,1,(220),(460),(300),(150),(120),(270),(280),(200),(480),(240),(110),(330),(190),(730),0.25,0.16,0.02,0.14,140,18,0,0,0,156.5,168591,,"Water caltrop, raw"
05,05047,（ひし類）　とうびし　生,64.3,2.7,0.4,8.2,1.1,122,27,140,13,470,49,0.7,0.9,0.07,0.35,Tr,1,-,-,1.4,0.25,0.03,2.2,0.18,-,110,0.36,"{""baseName"":""とうびし"",""state"":""生"",""notes"":[""ひし類""]}",とうびしは種実類で栄養源になりうるが形状や調理法に注意して使うべき,6,1,1,100,220,140,71,54,120,130,91,220,110,52,150,90,340,0.15,0.05,0.01,0.05,46,8,0,0,0,94.4,170377,,"Trapa bispinosa, raw"
05,05048,（ひし類）　とうびし　ゆで,65.5,2.7,0.3,5.1,1.0,120,25,130,12,410,45,0.5,0.8,0.05,0.27,Tr,1,-,-,1.2,0.19,0.03,1.9,0.12,-,71,0.37,"{""baseName"":""とうびし"",""state"":""ゆで"",""notes"":[""ひし類""]}",とうびしの茹では根菜類として安全で繊維も取れるため素材として適切,8,1,1,100,210,140,69,54,120,130,90,220,110,51,150,88,340,0.11,0.04,0.01,0.04,35,6,0,0,0,100.9,170378,,"Trapa bispinosa, boiled"
05,05026,ピスタチオ　いり　味付け,2.2,17.4,56.1,9.2,3.4,617,120,440,270,970,120,3.0,2.5,1.15,-,-,-,(0),(0),1.4,0.43,0.24,1.0,1.22,(0),59,1.06,"{""baseName"":""ピスタチオ"",""variety"":""味付け"",""state"":""いり""}",味付けしたピスタチオはナッツ類で脂肪分や塩分が高く、消化不良や高脂血症のリスクがあるため注意が必要。,4,1,1,850,1400,980,280,350,630,940,530,1500,650,270,1200,470,1800,53.49,16.42,0.20,16.22,16000,200,-,-,-,578.7,169426,71.4,"Pistachio nuts, roasted, salted"
05,05027,ひまわり　フライ　味付け,2.6,20.1,56.3,7.9,3.8,603,81,830,250,750,390,3.6,5.0,1.81,2.33,0,95,(0),(0),12.0,1.72,0.25,6.7,1.18,(0),280,1.66,"{""baseName"":""ひまわり"",""variety"":""味付け"",""state"":""フライ""}",味付けフライのひまわりは加工・味付けがされており脂質や塩分に注意が必要,5,1,1,(990),(1400),(780),(540),(420),(950),(1100),(580),(1700),(790),(310),(1200),(600),(2000),46.86,28.31,0.09,28.22,28000,90,0,0,0,581.45,168593,55.1,"Sunflower seeds, roasted, salted"
05,05028,ブラジルナッツ　フライ　味付け,2.8,14.9,69.1,7.2,3.6,703,200,680,78,620,370,2.6,4.0,1.95,1.29,-,-,(0),(0),4.1,0.88,0.26,1.5,0.25,(0),1,0.23,"{""baseName"":""ブラジルナッツ"",""variety"":""味付け"",""state"":""フライ""}",ナッツ類は高脂肪で消化負担や特定ミネラル過剰の懸念があり注意が必要。,4,1,1,(540),(1200),(510),(1200),(320),(1500),(660),(430),(1100),(380),(140),(790),(430),(2200),65.87,29.02,0.06,28.96,29000,61,0,0,0,647.9,169422,61,"Brazil nuts, roasted, salted"
05,05029,ヘーゼルナッツ　フライ　味付け,1.0,13.6,69.3,7.4,2.2,701,130,320,35,610,160,3.0,2.0,1.64,5.24,0,1,(0),(0),18.0,0.26,0.28,1.0,0.39,(0),54,1.07,"{""baseName"":""ヘーゼルナッツ"",""variety"":""味付け"",""state"":""フライ""}",ヘーゼルナッツは脂質が高く消化不良や膵炎リスクがあるため注意が必要,4,1,1,(490),(920),(350),(190),(250),(440),(580),(370),(950),(400),(190),(630),(340),(1700),66.26,5.31,0.07,5.24,5200,68,0,0,0,659.4,170583,,"Hazelnuts, roasted, salted"
05,05030,ペカン　フライ　味付け,1.9,9.6,73.4,7.1,1.8,716,60,270,140,370,120,2.7,3.6,0.84,4.37,-,-,(0),(0),1.7,0.19,0.19,0.8,0.19,(0),43,1.49,"{""baseName"":""ペカン"",""variety"":""味付け"",""state"":""フライ""}",ペカン（ペカンナッツ）は神経毒性の懸念があるナッツ類のため禁忌です。,1,1,1,(350),(630),(300),(190),(160),(350),(450),(230),(670),(320),(97),(430),(270),(1200),68.79,24.06,0.99,23.07,23000,990,0,0,0,679.2,169424,,"Pecans, roasted, salted"
05,05031,マカダミアナッツ　いり　味付け,1.3,8.3,76.7,6.2,1.5,751,47,140,190,300,94,1.3,0.7,0.33,-,0,13,(0),(0),Tr,0.21,0.09,2.1,0.21,(0),16,0.50,"{""baseName"":""マカダミアナッツ"",""variety"":""味付け"",""state"":""いり""}",マカダミアナッツは犬に神経毒性を示すため禁忌,1,1,1,290,540,340,150,270,420,280,430,710,290,97,380,210,1200,73.25,1.56,0.09,1.47,1500,85,-,-,-,702,168598,44.6,"Macadamia nuts, roasted, salted"
05,05032,まつ　生,2.5,15.8,68.2,4.1,2.9,681,14,680,2,730,290,5.6,6.9,1.44,9.78,-,-,(0),(0),11.0,0.63,0.13,3.6,0.17,(0),79,0.59,"{""baseName"":""まつ"",""state"":""生""}",食品としての情報が限定的で一般的な犬用食材ではなく、可食・安全性に不確定要素があるため適性は低め,4,1,1,(640),(1200),(610),(420),(410),(830),(600),(640),(1200),(500),(160),(800),(410),(2700),63.80,41.01,0.13,29.72,29000,120,0,0,0,657.75,170591,55.8,"Pine nuts, raw"
05,05033,まつ　いり,1.9,14.6,72.5,6.9,2.9,724,15,550,4,620,250,6.2,6.0,1.30,-,-,-,(0),(0),12.0,0.61,0.21,3.6,0.10,(0),73,0.42,"{""baseName"":""まつ"",""state"":""いり""}",松の実は脂質が高く高エネルギーのナッツ類にあたるため、少量であれば使えるが過剰は避ける。,5,1,1,610,1100,570,390,380,770,560,620,1200,500,150,760,380,2500,67.53,41.48,0.18,31.36,31000,180,-,-,-,671.55,170591,55.8,"Pine nuts, roasted"
05,05034,らっかせい　大粒種　乾,6.0,25.2,47.0,8.5,2.3,572,49,380,2,740,170,1.6,2.3,0.59,1.56,1,20,0,0,11.0,0.41,0.10,20.0,0.49,(0),76,2.56,"{""baseName"":""らっかせい"",""variety"":""大粒種"",""state"":""乾""}",ピーナッツは脂質が高く消化不良や膵炎リスクがあるため少量推奨。,5,1,1,970,1800,1000,290,380,680,1500,1100,2600,850,280,1200,700,3300,44.41,13.59,0.09,13.50,13000,94,0,0,0,526.2,173806,64.6,"Peanuts, large-seeded, dried"
05,05035,らっかせい　大粒種　いり,1.7,25.0,49.6,11.4,2.4,613,50,390,2,760,200,1.7,3.0,0.69,2.15,1,2,(0),(0),10.0,0.24,0.13,23.0,0.46,(0),58,2.20,"{""baseName"":""らっかせい"",""variety"":""大粒種"",""state"":""いり""}",落花生（ピーナッツ）は消化不良や脂肪過多・アレルギーを引き起こす可能性があるため慎重な扱いが必要。,4,1,1,950,1800,920,280,340,630,1500,1000,2500,850,270,1200,700,3200,48.36,14.83,0.10,14.73,15000,99,0,0,0,543.75,175258,55,"Peanuts, large-seeded, roasted"
05,05044,らっかせい　小粒種　乾,6.0,25.4,47.5,7.4,2.3,573,50,380,2,740,170,1.6,2.3,0.59,1.56,1,20,(0),(0),10.0,0.85,0.10,17.0,0.46,(0),76,2.56,"{""baseName"":""らっかせい"",""variety"":""小粒種"",""state"":""乾""}",高脂肪で消化に負担をかけやすく、膵炎リスクやアレルギーに注意が必要。,4,1,1,(970),(1800),(1000),(300),(380),(680),(1500),(1100),(2600),(850),(280),(1200),(700),(3300),44.83,15.66,0.09,15.57,16000,91,0,0,0,532.55,173806,64.6,"Peanuts, small-seeded, dried"
05,05045,らっかせい　小粒種　いり,2.1,26.5,49.4,7.2,2.4,607,50,390,2,770,200,1.7,3.0,0.69,-,-,-,(0),(0),11.0,0.23,0.10,17.0,0.46,(0),57,2.19,"{""baseName"":""らっかせい"",""variety"":""小粒種"",""state"":""いり""}",落花生（ピーナッツ）は脂質が高く消化負担や膵炎リスクがあるため注意が必要,4,1,1,(1000),(1900),(970),(300),(360),(660),(1600),(1100),(2700),(900),(280),(1300),(740),(3300),(48.15),(16.82),(0.10),(16.72),(17000),(97),(0),(0),(0),556.05,173806,64.6,"Peanuts, small-seeded, roasted"
05,05036,らっかせい　バターピーナッツ,2.4,23.3,53.2,9.5,2.8,609,50,380,120,700,190,2.0,3.1,0.64,2.81,1,5,(0),(0),1.9,0.20,0.10,17.0,0.48,(0),98,2.42,"{""baseName"":""らっかせい"",""variety"":""バターピーナッツ""}",ピーナッツは高脂肪で消化不良や膵炎のリスクがあり、ナッツ類として注意が必要,5,1,1,930,1800,910,290,360,650,1400,970,2400,800,250,1200,680,3000,49.54,15.72,0.05,15.67,16000,47,0,0,0,564.55,174261,55.3,"Peanuts, buttered (butter peanuts)"
05,05037,らっかせい　ピーナッツバター,1.2,20.6,50.4,7.6,2.9,599,47,370,350,650,180,1.6,2.7,0.65,1.45,1,5,(0),(0),4.8,0.10,0.09,16.0,0.36,(0),86,1.87,"{""baseName"":""らっかせい"",""variety"":""ピーナッツバター""}",ピーナッツバターは多くの犬に問題なく与えられるが高脂肪でアレルギーや脂質過多に注意。,5,1,1,810,1500,740,230,290,530,1200,830,2100,690,210,1000,600,2700,45.78,14.62,0.05,14.56,15000,52,0,0,0,561.05,169869,63.5,Peanut butter
06,06001,アーティチョーク　花らい　生,85.1,2.3,0.2,8.7,1.1,39,52,61,21,430,50,0.8,0.2,0.05,0.19,-,-,(0),(0),0.4,0.08,0.10,1.2,0.08,(0),81,0.51,"{""baseName"":""アーティチョーク"",""part"":""花らい"",""state"":""生""}",野菜性の素材で食物繊維や栄養素があり使用可能,7,1,1,(98),(180),(130),(36),(21),(57),(120),(77),(200),(100),(40),(130),(48),(120),(0.14),(0.09),(0.02),(0.06),(61),(23),(0),(0),(0),18.85,169205,34.4,"Artichoke, flower bud, raw"
06,06002,アーティチョーク　花らい　ゆで,85.9,2.1,0.1,8.6,1.1,35,47,55,12,380,46,0.7,0.2,0.05,0.15,-,-,(0),(0),0.4,0.07,0.08,1.1,0.06,(0),76,0.51,"{""baseName"":""アーティチョーク"",""part"":""花らい"",""state"":""ゆで""}",茹でたアーティチョークは食物繊維豊富で安全な野菜素材です。,8,1,1,(89),(160),(120),(33),(19),(52),(110),(70),(180),(91),(37),(120),(44),(110),(0.07),(0.04),(0.01),(0.03),(31),(11),(0),(0),(0),15.9,168386,34.4,"Artichoke, flower bud, boiled"
06,06402,アイスプラント　生,96.2,0.5,0.3,0.8,1.4,5,18,24,380,260,11,0.2,0.2,0.03,0.83,4,Tr,-,-,0.5,0.02,0.05,0.2,0.05,-,24,0.1,"{""baseName"":""アイスプラント"",""state"":""生""}",葉物として安全でビタミンや食物繊維の供給源。,8,1,1,28,49,36,9.9,3.8,14,29,22,51,22,13,36,13,32,0.02,Tr,0,0,1,1,0,0,0,7.1,169990,,"Ice plant, raw"
06,06003,あさつき　葉　生,89.0,4.2,0.3,3.3,0.9,34,20,86,4,330,16,0.7,0.8,0.09,0.40,-,-,(0),(0),0.9,0.15,0.16,0.8,0.36,(0),210,0.62,"{""baseName"":""あさつき"",""part"":""葉"",""state"":""生""}",あさつきはネギ属に該当し、溶血性貧血などの危険があるため犬には禁忌,1,1,1,(150),(270),(240),(59),(49),(110),(170),(130),(310),(160),(62),(190),(80),(190),(0.13),(0.08),(0.04),(0.04),(39),(42),(0),-,(0),25.3,169994,5.2,"Chive, leaves, raw"
06,06004,あさつき　葉　ゆで,87.3,4.2,0.3,3.4,0.9,41,21,85,4,330,17,0.7,0.8,0.09,0.43,-,-,(0),(0),0.9,0.17,0.15,0.7,0.27,(0),200,0.55,"{""baseName"":""あさつき"",""part"":""葉"",""state"":""ゆで""}",あさつきはネギ属に該当し、溶血性貧血のリスクがあるため不適,1,1,1,(150),(270),(240),(59),(49),(110),(170),(130),(310),(160),(62),(190),(80),(190),(0.13),(0.08),(0.04),(0.04),(39),(42),(0),-,(0),30.9,169994,5.2,"Chive, leaves, boiled"
06,06005,あしたば　茎葉　生,88.6,3.3,0.1,5.6,1.3,30,65,65,60,540,26,1.0,0.6,0.16,1.05,-,-,(0),(0),2.6,0.10,0.24,1.4,0.16,(0),100,0.92,"{""baseName"":""あしたば"",""part"":""茎葉"",""state"":""生""}",食用の葉茎類で有害情報は少なく野菜素材として利用可能である,7,1,0,(130),(230),(200),(47),(16),(63),(160),(91),(250),(140),(50),(190),(68),(140),,,,,,,,,,16.25,168491,,"Angelica keiskei (ashitaba), stems and leaves, raw"
06,06006,あしたば　茎葉　ゆで,89.5,2.9,0.1,5.3,0.9,28,58,51,43,390,20,0.5,0.3,0.13,0.92,-,-,(0),(0),2.7,0.07,0.16,0.8,0.10,(0),75,0.45,"{""baseName"":""あしたば"",""part"":""茎葉"",""state"":""ゆで""}",あしたばのゆでた茎葉は加熱済みの緑葉野菜で与えやすい素材。,8,1,0,(120),(200),(180),(41),(14),(55),(140),(80),(220),(120),(44),(170),(60),(120),,,,,,,,,,15.55,170544,,"Angelica keiskei (ashitaba), stems and leaves, boiled"
06,06007,アスパラガス　若茎　生,92.6,2.6,0.2,1.8,0.7,21,19,60,2,270,9,0.7,0.5,0.10,0.19,1,0,(0),(0),1.5,0.14,0.15,1.0,0.12,(0),190,0.59,"{""baseName"":""アスパラガス"",""part"":""若茎"",""state"":""生""}",アスパラガスの若茎は低カロリーでビタミン類を含む安全な野菜素材である,8,1,1,76,130,130,31,29,60,74,61,140,88,26,110,45,120,(0.15),(0.08),(0.02),(0.07),(67),(17),(0),(0),(0),18.15,168389,16,"Asparagus, young shoots, raw"
06,06008,アスパラガス　若茎　ゆで,92.0,2.6,0.1,2.1,0.7,25,19,61,2,260,12,0.6,0.6,0.13,0.23,-,-,(0),(0),1.6,0.14,0.14,1.1,0.08,(0),180,0.54,"{""baseName"":""アスパラガス"",""part"":""若茎"",""state"":""ゆで""}",ゆでたアスパラガスは消化しやすくビタミン・食物繊維の供給源として利用しやすい,8,1,1,(74),(130),(120),(31),(29),(60),(74),(59),(130),(82),(26),(110),(44),(120),(0.07),(0.05),(0.01),(0.03),(35),(13),(0),(0),(0),18.7,168390,26.1,"Asparagus, young shoots, boiled"
06,06327,アスパラガス　若茎　油いため,88.3,2.9,3.9,2.1,0.8,54,21,66,3,310,10,0.7,0.5,0.11,0.22,-,-,(0),(0),2.0,0.15,0.17,1.2,0.11,(0),220,0.58,"{""baseName"":""アスパラガス"",""part"":""若茎"",""state"":""油いため""}",アスパラガスはビタミン・食物繊維の供給源。油炒めは脂質に配慮が必要。,7,1,1,(81),(140),(140),(34),(32),(66),(81),(65),(150),(90),(28),(120),(49),(130),(3.55),(1.06),(0.30),(0.75),(750),(300),(0),(0),(0),50.3,168435,59.4,"Asparagus, young shoots, stir-fried"
06,06009,アスパラガス　水煮缶詰,91.9,2.4,0.1,1.7,1.3,24,21,41,350,170,7,0.9,0.3,0.07,0.05,-,-,(0),(0),0.4,0.07,0.06,1.2,0.02,(0),15,0.12,"{""baseName"":""アスパラガス"",""state"":""水煮缶詰""}",湯煮されたアスパラガスの缶詰は加熱済みで消化しやすく、犬の素材として適している。,8,1,1,(68),(120),(110),(29),(26),(55),(68),(54),(120),(75),(24),(97),(41),(110),(0.07),(0.04),(Tr),(0.04),(41),(2),(0),(0),(0),18.35,169206,,"Asparagus, canned, water pack"
06,06328,アロエ　葉　生,99.0,0,0.1,0.4,0.3,3,56,2,8,43,4,0,0,Tr,0.02,-,-,(0),(0),0,0,0,0,0.01,(0),4,0.06,"{""baseName"":""アロエ"",""part"":""葉"",""state"":""生""}",アロエの葉はアロイン等の成分で嘔吐や下痢を引き起こすことがあり原料としては注意が必要,3,0,0,,,,,,,,,,,,,,,,,,,,,,,,1.55,168171,,"Aloe, leaves, raw"
06,06010,いんげんまめ　さやいんげん　若ざや　生,92.2,1.8,0.1,2.4,0.8,23,50,41,1,260,23,0.7,0.3,0.06,0.33,Tr,0,(0),(0),0.2,0.06,0.11,0.6,0.07,(0),50,0.17,"{""baseName"":""いんげんまめ"",""variety"":""さやいんげん"",""part"":""若ざや"",""state"":""生""}",さやいんげんは低カロリーで食物繊維・ビタミンを含み、犬の素材として適している。,9,1,1,55,89,80,23,15,38,65,43,110,76,18,79,41,64,(0.08),(0.05),(0.03),(0.02),(20),(31),(0),(0),(0),16.6,169234,19.1,"Green beans, immature pods, raw"
06,06011,いんげんまめ　さやいんげん　若ざや　ゆで,91.7,1.8,0.2,3.9,0.8,24,53,43,1,270,22,0.7,0.3,0.06,0.34,Tr,0,(0),(0),0.2,0.06,0.10,0.5,0.07,(0),53,0.16,"{""baseName"":""いんげんまめ"",""variety"":""さやいんげん"",""part"":""若ざや"",""state"":""ゆで""}",ゆでたいんげんは低アレルギーで繊維質もあり犬に適した野菜素材。,8,1,1,(54),(88),(79),(23),(15),(37),(65),(41),(110),(70),(18),(77),(41),(63),(0.16),(0.10),(0.06),(0.04),(40),(64),(0),(0),(0),13.6,169141,16.9,"Green beans, immature pods, boiled"
06,06012,（うど類）　うど　茎　生,94.4,0.8,0.1,1.4,0.4,19,7,25,Tr,220,9,0.2,0.1,0.05,0.04,Tr,0,(0),(0),0.2,0.02,0.01,0.5,0.04,(0),19,0.12,"{""baseName"":""うど"",""part"":""茎"",""state"":""生"",""notes"":[""うど類""]}",茎菜類で食物繊維が豊富。適量であれば犬の素材として使いやすい。,7,1,0,(33),(48),(43),(7.3),(6.6),(14),(30),(25),(55),(35),(11),(49),(20),(28),,,,,,,,,,13.8,170404,,"Udo, stems, raw"
06,06013,（うど類）　うど　茎　水さらし,95.7,0.6,0,1.6,0.3,13,6,23,Tr,200,8,0.1,0.1,0.04,0.03,-,-,(0),(0),0.1,0.01,0.02,0.5,0.03,(0),19,0.08,"{""baseName"":""うど"",""variety"":""水さらし"",""part"":""茎"",""notes"":[""うど類""]}",茎の可食部で食物繊維が豊富、犬のレシピ素材として問題ない野菜素材。,8,1,0,(25),(36),(32),(5.5),(5.0),(10),(23),(19),(41),(27),(8.6),(37),(15),(21),,,,,,,,,,8.4,169358,,"Udo, stems, soaked in water"
06,06014,（うど類）　やまうど　茎　生,93.9,1.1,0.1,1.8,0.6,19,11,31,1,270,13,0.3,0.2,0.06,0.09,-,-,(0),(0),0.2,0.03,0.02,0.5,0.05,(0),20,0.13,"{""baseName"":""やまうど"",""part"":""茎"",""state"":""生"",""notes"":[""うど類""]}",やまうどの茎は山菜として風味付けに使えるが独特の成分に注意,7,1,0,(45),(66),(59),(10),(9.1),(19),(41),(34),(76),(49),(16),(67),(27),(38),,,,,,,,,,13.45,168432,,"Mountain udo, stems, raw"
06,06363,うるい　葉　生,92.8,1.9,0.4,3.3,0.9,19,40,52,1,390,14,0.5,0.5,0.09,0.79,1,1,(0),(0),1.3,0.09,0.12,0.5,0.10,(0),120,0.31,"{""baseName"":""うるい"",""part"":""葉"",""state"":""生""}",うるいの葉は一般的な食用山菜で、葉物野菜として犬に与えやすい,8,1,1,74,130,110,31,26,56,78,63,140,85,28,98,41,100,0.21,0.14,0.07,0.08,75,65,0,0,0,12.5,168487,12.8,"Hosta (urui), leaves, raw"
06,06015,えだまめ　生,71.7,11.7,6.2,5.0,1.6,125,58,170,1,590,62,2.7,1.4,0.41,0.71,0,1,(0),(0),0.8,0.31,0.15,1.6,0.15,(0),320,0.53,"{""baseName"":""えだまめ"",""state"":""生""}",枝豆は植物性タンパク源として問題ないが、生のままでは消化しにくい場合がある（さやは廃棄）。,8,1,1,540,900,740,160,180,340,610,400,1000,490,160,570,340,860,5.49,2.77,0.52,2.25,2200,520,0,0,0,106.95,168410,56,"Edamame, raw"
06,06016,えだまめ　ゆで,72.1,11.5,6.1,4.6,1.4,118,76,170,2,490,72,2.5,1.3,0.36,0.74,-,-,(0),(0),0.6,0.24,0.13,1.0,0.08,(0),260,0.45,"{""baseName"":""えだまめ"",""state"":""ゆで""}",えだまめ（ゆで）は大豆由来のたんぱく質源で加熱済みのため与えやすい,7,1,1,(510),(870),(720),(160),(170),(330),(590),(380),(980),(450),(150),(540),(330),(830),5.58,2.82,0.54,2.28,2300,540,0,0,0,107.15,168411,56.3,"Edamame, boiled"
06,06017,えだまめ　冷凍,67.1,13.0,7.6,7.3,1.7,143,76,190,5,650,76,2.5,1.4,0.42,1.12,2,2,(0),(0),1.2,0.28,0.13,1.6,0.14,(0),310,0.51,"{""baseName"":""えだまめ"",""state"":""冷凍""}",冷凍えだまめは加熱して与えれば豆類として利用可能だが、さやは除去すること,7,1,1,(580),(990),(820),(180),(190),(370),(670),(430),(1100),(510),(170),(610),(370),(940),6.87,3.34,0.50,2.85,2800,500,0,0,0,121.65,168411,56.3,"Edamame, frozen"
06,06018,エンダイブ　葉　生,94.6,1.2,0.2,2.2,0.9,14,51,30,35,270,19,0.6,0.4,0.05,1.10,-,-,(0),(0),0.8,0.06,0.08,0.3,0.08,(0),90,0.16,"{""baseName"":""エンダイブ"",""part"":""葉"",""state"":""生""}",エンダイブは葉野菜でビタミン・繊維があり犬のレシピ素材として適している。,9,1,1,(69),(94),(60),(13),(9.6),(23),(51),(38),(89),(48),(4.8),(60),(22),(60),(0.14),(0.09),(0.01),(0.08),(75),(13),(0),(0),(0),9.05,168412,16.8,"Endive, leaves, raw"
06,06019,（えんどう類）　トウミョウ　茎葉　生,90.9,3.8,0.4,3.3,1.0,28,34,61,7,350,22,1.0,0.4,0.08,1.11,-,-,(0),(0),3.3,0.24,0.27,1.1,0.19,(0),91,0.80,"{""baseName"":""トウミョウ"",""part"":""茎葉"",""state"":""生"",""notes"":[""えんどう類""]}",トウミョウ（豆苗）は葉茎類の野菜でビタミン・食物繊維源として犬に適している。,8,1,0,(100),(150),(160),(30),(26),(56),(95),(66),(160),(130),(31),(150),(52),(120),,,,,,,,,,18.8,170010,17.4,"Pea shoots, stems and leaves, raw"
06,06329,（えんどう類）　トウミョウ　芽ばえ　生,92.2,3.8,0.4,2.2,0.4,27,7,47,1,130,13,0.8,0.5,0.10,0.23,-,-,(0),(0),1.6,0.17,0.21,0.8,0.15,(0),120,0.39,"{""baseName"":""トウミョウ"",""part"":""芽ばえ"",""state"":""生"",""notes"":[""えんどう類""]}",トウミョウ（芽苗）は若菜でビタミンや食物繊維があり犬にとって安全な素材である,8,1,0,(100),(150),(160),(30),(26),(56),(95),(66),(160),(130),(31),(150),(52),(120),,,,,,,,,,20.2,170422,,"Pea sprouts, raw"
06,06330,（えんどう類）　トウミョウ　芽ばえ　ゆで,91.7,3.6,0.6,3.5,0.3,28,8,41,1,73,13,0.9,0.3,0.09,0.25,-,-,(0),(0),3.2,0.10,0.08,0.3,0.07,(0),51,0.27,"{""baseName"":""トウミョウ"",""part"":""芽ばえ"",""state"":""ゆで"",""notes"":[""えんどう類""]}",トウミョウ（ゆで）は軟らかい野菜素材で消化性が良く使用しやすい。,8,1,0,(99),(140),(150),(29),(25),(54),(91),(64),(150),(130),(30),(140),(50),(120),,,,,,,,,,18.75,170423,,"Pea sprouts, boiled"
06,06331,（えんどう類）　トウミョウ　芽ばえ　油いため,84.3,5.0,5.9,3.0,0.5,84,8,62,2,170,17,1.0,0.6,0.13,0.29,-,-,(0),(0),3.7,0.21,0.26,1.1,0.18,(0),180,0.60,"{""baseName"":""トウミョウ"",""part"":""芽ばえ"",""state"":""油いため"",""notes"":[""えんどう類""]}",芽菜の加熱調理品で消化しやすく犬の素材として利用可能。,8,1,0,(140),(190),(210),(40),(33),(73),(120),(87),(210),(170),(41),(200),(69),(160),,,,,,,,,,72.2,168461,,"Pea sprouts, stir-fried"
06,06020,（えんどう類）　さやえんどう　若ざや　生,88.6,3.1,0.2,3.0,0.6,38,35,63,1,200,24,0.9,0.6,0.10,0.40,Tr,0,(0),(0),0.7,0.15,0.11,0.8,0.08,(0),73,0.56,"{""baseName"":""さやえんどう"",""part"":""若ざや"",""state"":""生"",""notes"":[""えんどう類""]}",さやえんどうはビタミンや食物繊維が豊富で犬のレシピ素材に適する,9,1,1,84,120,130,25,21,46,77,54,130,110,26,120,43,100,(0.15),(0.09),(0.01),(0.08),(75),(13),(0),(0),(0),28.3,170010,17.4,"Snow peas, immature pods, raw"
06,06021,（えんどう類）　さやえんどう　若ざや　ゆで,89.1,3.2,0.2,3.1,0.5,36,36,61,1,160,23,0.8,0.6,0.09,0.39,-,-,(0),(0),0.7,0.14,0.10,0.6,0.06,(0),56,0.47,"{""baseName"":""さやえんどう"",""part"":""若ざや"",""state"":""ゆで"",""notes"":[""えんどう類""]}",ゆでたさやえんどうは低脂肪で食物繊維があり犬のレシピ素材として適している,8,1,1,(85),(120),(130),(25),(21),(47),(79),(54),(130),(100),(26),(120),(44),(100),(0.15),(0.09),(0.01),(0.08),(75),(13),(0),(0),(0),26.55,170011,17.4,"Snow peas, immature pods, boiled"
06,06022,（えんどう類）　スナップえんどう　若ざや　生,86.6,2.9,0.1,2.5,0.5,47,32,62,1,160,21,0.6,0.4,0.08,0.22,-,-,(0),(0),0.4,0.13,0.09,0.7,0.09,(0),53,0.22,"{""baseName"":""スナップえんどう"",""part"":""若ざや"",""state"":""生"",""notes"":[""えんどう類""]}",スナップえんどうはビタミンや食物繊維があり与えやすい野菜類,8,1,1,(77),(110),(120),(23),(19),(42),(72),(49),(120),(93),(24),(110),(40),(93),(0.07),(0.04),(0.01),(0.04),(38),(7),(0),(0),(0),36.9,170010,17.4,"Snap peas, immature pods, raw"
06,06023,（えんどう類）　グリンピース　生,76.5,6.9,0.4,7.7,0.9,76,23,120,1,340,37,1.7,1.2,0.19,0.48,0,1,(0),(0),0.1,0.39,0.16,2.7,0.15,(0),76,0.63,"{""baseName"":""グリンピース"",""state"":""生"",""notes"":[""えんどう類""]}",ビタミンや食物繊維が豊富で犬に与えやすい野菜素材。,8,1,1,260,460,450,57,71,130,320,180,500,270,57,300,140,660,0.16,0.08,0.01,0.07,69,12,0,-,0,54.15,170419,28.4,"Green peas, raw"
06,06024,（えんどう類）　グリンピース　ゆで,72.2,8.3,0.2,8.6,0.8,99,32,80,3,340,39,2.2,1.2,0.19,0.68,-,-,(0),(0),0.1,0.29,0.14,2.2,0.09,(0),70,0.54,"{""baseName"":""グリンピース"",""state"":""ゆで"",""notes"":[""えんどう類""]}",加熱済みのグリンピースは消化しやすくビタミン・食物繊維を含む安全な素材,9,1,1,(300),(540),(530),(68),(85),(150),(380),(210),(590),(300),(68),(350),(170),(780),(0.08),(0.04),(0.01),(0.03),(35),(6),(0),-,(0),65.4,170420,29.7,"Green peas, boiled"
06,06025,（えんどう類）　グリンピース　冷凍,75.7,5.8,0.7,9.3,0.8,80,27,110,9,240,31,1.6,1.0,0.17,0.38,0,1,(0),(0),Tr,0.29,0.11,2.1,0.09,0,77,0.39,"{""baseName"":""グリンピース"",""state"":""冷凍"",""notes"":[""えんどう類""]}",グリンピースは安全な野菜で犬のレシピ素材として適する,8,1,1,230,400,390,55,58,110,250,160,420,250,52,270,120,570,0.45,0.25,0.04,0.21,210,37,0,0,0,53.2,170425,,"Green peas, frozen"
06,06374,（えんどう類）　グリンピース　冷凍　ゆで,74.6,6.2,0.7,10.3,0.7,82,29,110,8,210,32,1.7,1.0,0.16,0.39,0,1,(0),(0),Tr,0.27,0.09,2.0,0.08,0,68,0.36,"{""baseName"":""グリンピース"",""state"":""ゆで"",""notes"":[""えんどう類""]}",グリンピース（加熱済）は安全な野菜性素材でビタミン・食物繊維供給源として使える,8,1,1,260,430,420,61,62,120,280,180,460,260,57,300,140,600,0.47,0.26,0.04,0.22,220,41,0,0,0,53.9,170017,27.5,"Green peas, frozen, boiled"
06,06375,（えんどう類）　グリンピース　冷凍　油いため,70.1,6.3,4.6,9.3,0.8,114,28,110,10,260,33,1.7,1.0,0.18,0.41,0,1,(0),(0),0.8,0.31,0.12,2.1,0.09,0,81,0.48,"{""baseName"":""グリンピース"",""state"":""油いため"",""notes"":[""えんどう類""]}",グリンピースは良質な植物性タンパク・食物繊維源で、油いための調理済みでも素材として使える,8,1,1,250,430,420,61,65,130,270,180,450,270,55,300,130,610,3.85,1.19,0.33,0.87,860,330,0,0,0,92.3,168411,56.3,"Green peas, frozen, stir-fried"
06,06026,（えんどう類）　グリンピース　水煮缶詰,74.9,3.6,0.4,6.9,1.4,82,33,82,330,37,18,1.8,0.6,0.15,0.30,-,-,(0),(0),0,0.04,0.04,1.2,0.02,(0),10,0.69,"{""baseName"":""グリンピース"",""state"":""水煮缶詰"",""notes"":[""えんどう類""]}",水煮缶詰のグリンピースは加熱済みで繊維・炭水化物源として使用可能,8,1,1,(130),(240),(230),(29),(37),(66),(160),(90),(250),(130),(29),(150),(75),(340),(0.22),(0.13),(0.02),(0.11),(110),(20),(0),(0),(0),60.8,170015,,"Green peas, canned, boiled"
06,06027,おおさかしろな　葉　生,94.9,1.4,0.2,1.8,1.0,12,150,52,22,400,21,1.2,0.5,0.06,0.29,-,-,(0),(0),1.2,0.06,0.18,0.7,0.13,(0),150,0.24,"{""baseName"":""おおさかしろな"",""part"":""葉"",""state"":""生""}",葉物野菜でビタミン・ミネラル源として適している。,8,1,1,(45),(76),(76),(17),(17),(34),(45),(37),(82),(53),(15),(64),(29),(69),(0.08),(0.05),(0.05),(0.01),(5),(48),(0),-,(0),9.05,169329,,"Osaka shirona, leaves, raw"
06,06028,おおさかしろな　葉　ゆで,94.0,1.6,0.3,2.2,0.8,16,140,46,20,240,15,1.0,0.5,0.05,0.29,-,-,(0),(0),1.9,0.03,0.09,0.3,0.07,(0),86,0.12,"{""baseName"":""おおさかしろな"",""part"":""葉"",""state"":""ゆで""}",ゆでた葉物（おおさかしろな）は調理済みの野菜で犬のレシピ素材として適する。,9,1,1,(51),(87),(87),(20),(19),(39),(52),(42),(94),(60),(17),(73),(33),(79),(0.12),(0.08),(0.07),(0.01),(8),(72),(0),-,(0),12,170544,,"Osaka shirona, leaves, boiled"
06,06029,おおさかしろな　塩漬,91.0,1.3,0.3,3.1,2.6,19,130,52,620,380,21,0.7,0.6,0.06,0.26,-,-,(0),(0),1.6,0.06,0.15,0.7,0.16,(0),88,0.23,"{""baseName"":""おおさかしろな"",""state"":""塩漬""}",塩漬けの葉野菜で野菜自体は安全だが塩分が付与されている点に注意が必要。,5,1,1,(42),(70),(71),(16),(16),(32),(42),(34),(76),(49),(14),(59),(27),(64),(0.12),(0.08),(0.07),(0.01),(8),(72),(0),-,(0),13.05,169891,21.5,"Osaka shirona, salted"
06,06030,おかひじき　茎葉　生,92.5,1.4,0.2,2.5,2.0,16,150,40,56,680,51,1.3,0.6,0.10,0.66,-,-,(0),(0),1.0,0.06,0.13,0.5,0.04,(0),93,0.22,"{""baseName"":""おかひじき"",""part"":""茎葉"",""state"":""生""}",緑葉の野菜に相当しビタミン・ミネラルが豊富で素材として適する,8,0,0,,,,,,,,,,,,,,,,,,,,,,,,11.5,168457,12.8,"Land seaweed (Okahijiki), stems and leaves, raw"
06,06031,おかひじき　茎葉　ゆで,92.9,1.2,0.1,2.7,1.6,16,150,34,66,510,48,0.9,0.6,0.10,0.59,-,-,(0),(0),1.0,0.04,0.10,0.4,0.03,(0),85,0.22,"{""baseName"":""おかひじき"",""part"":""茎葉"",""state"":""ゆで""}",ゆでたおかひじきは海藻様の野菜で調理済みのため扱いやすく利用可能。,8,0,0,,,,,,,,,,,,,,,,,,,,,,,,10.3,170544,,"Land seaweed (Okahijiki), stems and leaves, boiled"
06,06032,オクラ　果実　生,90.2,2.1,0.2,5.0,0.9,26,92,58,4,280,51,0.5,0.6,0.13,0.48,Tr,0,(0),(0),1.2,0.09,0.09,0.8,0.1,(0),110,0.42,"{""baseName"":""オクラ"",""part"":""果実"",""state"":""生""}",オクラの果実は犬に与えて問題ない野菜でレシピ素材として適する。,8,1,1,61,99,90,27,20,47,69,49,120,70,26,80,40,130,(0.07),(0.03),(Tr),(0.03),(27),(1),(0),(0),(0),14.65,169260,12.3,"Okra, raw"
06,06033,オクラ　果実　ゆで,89.4,2.1,0.1,5.4,0.8,25,90,56,4,280,51,0.5,0.5,0.11,0.48,0,0,(0),(0),1.2,0.09,0.09,0.8,0.08,(0),110,0.42,"{""baseName"":""オクラ"",""part"":""果実"",""state"":""ゆで""}",ゆでオクラは消化に良い野菜で、食物繊維やビタミン源として使いやすい。,9,1,1,(59),(98),(89),(27),(20),(47),(68),(47),(120),(65),(26),(78),(40),(120),(0.06),(0.02),(0),(0.02),(21),(Tr),(0),(0),(0),15.9,169261,8.7,"Okra, boiled"
06,06034,かぶ　葉　生,92.3,2.3,0.1,2.9,1.4,20,250,42,24,330,25,2.1,0.3,0.10,0.64,6,3,(0),(0),3.1,0.08,0.16,0.9,0.16,(0),110,0.36,"{""baseName"":""かぶ"",""part"":""葉"",""state"":""生""}",かぶの葉は野菜の葉部でビタミンや食物繊維を含み、犬に与えて問題のない素材である。,8,1,1,(100),(180),(140),(29),(19),(48),(130),(80),(210),(110),(50),(140),(57),(150),(0.05),(0.04),(0.03),(Tr),(4),(28),(0),-,(0),12.4,170061,,"Turnip, leaves, raw"
06,06035,かぶ　葉　ゆで,92.2,2.3,0.1,3.7,0.9,20,190,47,18,180,14,1.5,0.2,0.08,0.41,-,-,(0),(0),3.3,0.02,0.05,0.2,0.14,(0),66,0.24,"{""baseName"":""かぶ"",""part"":""葉"",""state"":""ゆで""}",かぶの葉は葉物野菜として利用でき、茹でて消化が良くなっている,8,1,1,(100),(180),(140),(29),(19),(48),(130),(80),(210),(110),(50),(140),(57),(150),(0.05),(0.04),(0.03),(Tr),(4),(28),(0),-,(0),11.7,170466,0.3,"Turnip, leaves, boiled"
06,06036,かぶ　根　皮つき　生,93.9,0.7,0.1,1.5,0.6,18,24,28,5,280,8,0.3,0.1,0.03,0.06,-,-,(0),(0),0,0.03,0.03,0.6,0.08,(0),48,0.25,"{""baseName"":""かぶ"",""part"":""根"",""formModifiers"":[""皮つき""],""state"":""生""}",かぶの根は根菜で消化に優れ犬のレシピ素材として適している,8,1,1,27,45,50,9.4,11,20,28,23,51,35,9.5,40,18,30,(0.07),(0.05),(0.04),(0.01),(12),(40),(0),(0),(0),14.5,170465,11.1,"Turnip, root, with skin, raw"
06,06037,かぶ　根　皮つき　ゆで,93.8,0.7,0.1,1.8,0.6,18,28,32,6,310,10,0.3,0.1,0.03,0.07,-,-,(0),(0),0,0.03,0.03,0.6,0.05,(0),49,0.22,"{""baseName"":""かぶ"",""part"":""根"",""formModifiers"":[""皮つき""],""state"":""ゆで""}",ゆでたかぶは消化に良い根菜で犬のレシピ素材として適している,8,1,1,(27),(45),(49),(9.3),(11),(20),(28),(22),(50),(32),(9.4),(39),(18),(30),(0.07),(0.05),(0.04),(0.01),(11),(40),(0),(0),(0),13.8,170058,8.7,"Turnip, root, with skin, boiled"
06,06038,かぶ　根　皮なし　生,93.9,0.6,0.1,1.4,0.5,19,24,25,5,250,8,0.2,0.1,0.03,0.05,0,0,(0),(0),0,0.03,0.03,0.6,0.07,(0),49,0.23,"{""baseName"":""かぶ"",""part"":""根"",""formModifiers"":[""皮なし""],""state"":""生""}",かぶ（根）は犬に与えて問題のない野菜で素材として適切。,8,1,1,24,40,43,8.7,9.4,18,24,20,45,31,7.7,36,16,27,(0.07),(0.05),(0.04),(0.01),(12),(40),(0),(0),(0),15.2,170465,11.1,"Turnip, root, without skin, raw"
06,06039,かぶ　根　皮なし　ゆで,93.7,0.6,0.1,1.7,0.5,20,28,26,4,250,9,0.2,0.1,0.02,-,-,-,(0),(0),0,0.03,0.03,0.5,0.06,(0),56,0.21,"{""baseName"":""かぶ"",""part"":""根"",""formModifiers"":[""皮なし""],""state"":""ゆで""}",ゆでたかぶの根は消化しやすい野菜で犬のレシピ素材に適する。,9,1,1,(24),(39),(42),(8.6),(9.3),(18),(24),(20),(44),(29),(7.7),(35),(15),(26),(0.07),(0.05),(0.04),(0.01),(11),(40),(0),(0),(0),14.85,170058,8.7,"Turnip, root, without skin, boiled"
06,06040,かぶ　漬物　塩漬　葉,87.9,2.3,0.2,3.6,3.6,27,240,46,910,290,32,2.6,0.3,0.06,0.33,-,-,(0),(0),2.9,0.07,0.19,1.0,1.10,(0),78,0.49,"{""baseName"":""かぶ"",""variety"":""漬物"",""part"":""葉"",""state"":""塩漬""}",かぶの塩漬け葉は漬物の加工食品で塩分等があり加工素材として注意が必要である,5,1,1,(100),(180),(140),(29),(19),(48),(130),(80),(210),(110),(50),(140),(57),(150),(0.10),(0.08),(0.06),(0.01),(8),(56),(0),-,(0),18.15,170139,,"Turnip, pickled, salted, leaves"
06,06041,かぶ　漬物　塩漬　根　皮つき,90.5,1.0,0.2,1.9,3.4,21,48,36,1100,310,11,0.3,0.1,0.03,0.05,-,-,(0),(0),0,0.02,0.03,0.7,0.08,(0),48,0.39,"{""baseName"":""かぶ"",""variety"":""漬物"",""part"":""根"",""formModifiers"":[""皮つき""],""state"":""塩漬""}",塩漬のかぶ（根）は原材料自体は問題ないが塩分の点に留意して使う必要がある,5,1,1,(39),(65),(70),(14),(15),(30),(40),(33),(73),(48),(13),(58),(26),(44),(0.14),(0.11),(0.08),(0.02),(24),(80),(0),(0),(0),15.7,170547,8.7,"Turnip, pickled, salted, root, with skin"
06,06042,かぶ　漬物　塩漬　根　皮なし,89.4,0.8,0.1,2.0,4.8,19,33,38,1700,400,14,0.3,0.2,0.04,0.05,-,-,(0),(0),0,0.04,0.03,0.1,0.10,(0),58,0.25,"{""baseName"":""かぶ"",""variety"":""漬物"",""part"":""根"",""formModifiers"":[""皮なし""],""state"":""塩漬""}",かぶの塩漬けは漬物で塩分が高く加工品として注意が必要,3,1,1,(32),(52),(56),(11),(12),(24),(32),(26),(58),(38),(10),(46),(21),(35),(0.07),(0.05),(0.04),(0.01),(12),(40),(0),(0),(0),13.8,170547,8.7,"Turnip, pickled, salted, root, without skin"
06,06043,かぶ　漬物　ぬかみそ漬　葉,83.5,3.3,0.1,4.0,6.0,35,280,81,1500,540,65,2.2,0.4,0.09,0.40,-,-,(0),(0),4.0,0.31,0.24,4.8,0.36,(0),81,0.73,"{""baseName"":""かぶ"",""variety"":""漬物"",""part"":""葉"",""state"":""ぬかみそ漬""}",ぬかみそ漬けの漬物は加工品で塩分や発酵風味があるため素材利用は限定的。,5,0,0,,,,,,,,,,,,,,,,,,,,,,,,23.25,169890,23.5,"Turnip, pickled, nukazuke, leaves"
06,06044,かぶ　漬物　ぬかみそ漬　根　皮つき,89.5,1.5,0.1,2.0,3.0,27,57,44,860,500,29,0.3,0.2,0.04,0.09,-,-,(0),(0),0,0.25,0.04,2.8,0.19,(0),74,0.46,"{""baseName"":""かぶ"",""variety"":""漬物"",""part"":""根"",""formModifiers"":[""皮つき""],""state"":""ぬかみそ漬""}",かぶのぬかみそ漬は漬物で塩分や発酵による風味が強く、使用量に注意が必要。,5,0,0,,,,,,,,,,,,,,,,,,,,,,,,19.75,169890,23.5,"Turnip, pickled, nukazuke, root, with skin"
06,06045,かぶ　漬物　ぬかみそ漬　根　皮なし,83.5,1.4,0.1,1.8,7.9,31,26,76,2700,740,68,0.3,0.2,0.04,-,-,-,(0),(0),0,0.45,0.05,3.2,0.42,(0),70,1.11,"{""baseName"":""かぶ"",""variety"":""漬物"",""part"":""根"",""formModifiers"":[""皮なし""],""state"":""ぬかみそ漬""}",ぬかみそ漬のかぶは発酵・塩分を含む加工食品だが根菜として少量使用は可能,5,0,0,,,,,,,,,,,,,,,,,,,,,,,,24.3,169890,23.5,"Turnip, pickled, nukazuke, root, without skin"
06,06046,（かぼちゃ類）　日本かぼちゃ　果実　生,86.7,1.6,0.1,2.8,0.7,41,20,55,1,420,15,0.5,0.3,0.08,0.08,Tr,0,0,(0),2.2,0.08,0.05,0.9,0.15,(0),80,0.5,"{""baseName"":""日本かぼちゃ"",""part"":""果実"",""state"":""生"",""notes"":[""かぼちゃ類""]}",かぼちゃの果肉は消化に良く、犬に適した野菜素材である。,9,1,1,54,84,81,22,19,42,58,47,110,48,21,71,32,57,0.04,0.03,0.02,0.01,7,19,0,-,0,34.8,168448,8.2,"Japanese pumpkin (Kabocha), raw"
06,06047,（かぼちゃ類）　日本かぼちゃ　果実　ゆで,84,1.9,0.1,3.0,0.7,55,18,45,1,350,15,0.5,0.2,0.07,0.08,0,0,(0),(0),2.1,0.06,0.03,0.7,0.12,(0),75,0.50,"{""baseName"":""日本かぼちゃ"",""part"":""果実"",""state"":""ゆで"",""notes"":[""かぼちゃ類""]}",日本かぼちゃは消化に良い食物繊維やビタミンがあり犬に適した素材である,9,1,1,(63),(99),(95),(26),(23),(49),(68),(54),(120),(53),(24),(82),(38),(67),(0.04),(0.03),(0.02),(0.01),(7),(19),(0),-,(0),43.55,168449,6.2,"Japanese pumpkin (Kabocha), boiled"
06,06048,（かぼちゃ類）　西洋かぼちゃ　果実　生,76.2,1.9,0.3,3.5,1.0,78,22,48,1,430,25,0.4,0.3,0.07,0.07,Tr,0,(0),(0),3.9,0.07,0.08,1.4,0.23,(0),42,0.62,"{""baseName"":""西洋かぼちゃ"",""part"":""果実"",""state"":""生"",""notes"":[""かぼちゃ類""]}",西洋かぼちゃの果実は消化しやすくビタミンや食物繊維が豊富で犬に適した素材である,8,1,1,55,96,92,24,24,49,81,43,120,56,22,69,37,120,0.16,0.06,0.02,0.04,37,23,0,-,0,69.05,168448,8.2,"Pumpkin, raw"
06,06049,（かぼちゃ類）　西洋かぼちゃ　果実　ゆで,75.7,1.6,0.3,4.1,1.1,80,22,37,1,340,24,0.3,0.3,0.07,0.07,Tr,0,(0),(0),3.4,0.04,0.06,1.1,0.18,(0),38,0.62,"{""baseName"":""西洋かぼちゃ"",""part"":""果実"",""state"":""ゆで"",""notes"":[""かぼちゃ類""]}",ゆでた西洋かぼちゃは消化が良く、ビタミンや食物繊維が豊富で犬に適した素材。,9,1,1,(45),(80),(77),(20),(20),(41),(68),(35),(100),(44),(18),(57),(31),(96),(0.16),(0.06),(0.02),(0.04),(37),(23),(0),-,(0),68.35,168449,6.2,"Pumpkin, boiled"
06,06332,（かぼちゃ類）　西洋かぼちゃ　果実　焼き,68.2,2.5,0.4,5.3,1.2,105,19,55,0,570,31,0.6,0.4,0.08,0.17,-,-,(0),(0),6.9,0.09,0.12,2.1,0.22,(0),58,0.77,"{""baseName"":""西洋かぼちゃ"",""part"":""果実"",""state"":""焼き"",""notes"":[""かぼちゃ類""]}",焼き西洋かぼちゃは消化に良くビタミン・食物繊維が豊富で犬に適した素材,9,1,1,(70),(120),(120),(32),(32),(64),(110),(54),(160),(69),(28),(89),(49),(150),(0.19),(0.07),(0.03),(0.05),(45),(28),(0),-,(0),90.55,168448,8.2,"Pumpkin, baked"
06,06050,（かぼちゃ類）　西洋かぼちゃ　果実　冷凍,78.1,2.2,0.3,4.2,0.9,75,25,46,3,430,26,0.5,0.6,0.05,0.14,-,-,(0),(0),4.2,0.06,0.09,1.3,0.19,(0),48,0.44,"{""baseName"":""西洋かぼちゃ"",""part"":""果実"",""state"":""冷凍"",""notes"":[""かぼちゃ類""]}",冷凍の西洋かぼちゃ果実は犬に安全な野菜でビタミン・食物繊維源として適する。,9,1,1,(61),(110),(110),(28),(28),(56),(93),(48),(140),(60),(25),(78),(43),(130),(0.16),(0.06),(0.02),(0.04),(37),(23),(0),-,(0),60.3,168450,9.8,"Pumpkin, frozen"
06,06051,（かぼちゃ類）　そうめんかぼちゃ　果実　生,92.4,0.7,0.1,1.5,0.6,25,27,35,1,260,16,0.3,0.2,0.05,0.09,-,-,(0),(0),0.2,0.05,0.01,0.5,0.10,(0),25,0.36,"{""baseName"":""そうめんかぼちゃ"",""part"":""果実"",""state"":""生"",""notes"":[""かぼちゃ類""]}",そうめんかぼちゃ（果実）は野菜として利用しやすく犬のレシピ素材として適している。,8,1,1,(26),(37),(24),(7.7),(5.5),(13),(26),(22),(48),(20),(9.8),(28),(12),(36),(0.07),(0.04),(0.03),(0.02),(16),(26),-,-,-,19.75,168472,,"Spaghetti squash, raw"
06,06052,からしな　葉　生,90.3,3.3,0.1,3.7,1.3,26,140,72,60,620,21,2.2,0.9,0.08,1.02,-,-,0,(0),3.0,0.12,0.27,1.2,0.25,(0),310,0.32,"{""baseName"":""からしな"",""part"":""葉"",""state"":""生""}",からしなは葉物野菜として使えるが辛みや独特の風味に注意,7,1,0,130,240,210,57,38,95,160,110,270,170,60,190,77,210,,,,,,,,,,16.95,169256,0.5,"Mustard greens, leaves, raw"
06,06053,からしな　塩漬,84.5,4.0,0.1,5.0,3.8,36,150,71,970,530,23,1.8,1.1,0.10,0.76,-,-,(0),(0),3.1,0.08,0.28,0.6,0.27,(0),210,0.37,"{""baseName"":""からしな"",""state"":""塩漬""}",からしな（塩漬）は塩分が高くなりがちで、過剰摂取に注意が必要。,7,1,0,(160),(290),(260),(68),(46),(110),(190),(130),(320),(190),(72),(220),(93),(240),,,,,,,,,,23.95,169891,21.5,"Mustard greens, salted"
06,06054,カリフラワー　花序　生,90.8,3.0,0.1,2.9,0.9,28,24,68,8,410,18,0.6,0.6,0.05,0.22,0,0,(0),(0),0.2,0.06,0.11,0.7,0.23,(0),94,1.30,"{""baseName"":""カリフラワー"",""part"":""花序"",""state"":""生""}",カリフラワーは消化しやすい野菜で食物繊維やビタミンを含み犬の素材として適する,8,1,1,110,180,190,47,37,84,120,85,200,130,36,160,60,130,(0.07),(0.01),(0.01),(Tr),(5),(5),(0),(0),(0),19.4,169986,44.3,"Cauliflower, raw"
06,06055,カリフラワー　花序　ゆで,91.5,2.7,0.1,3.2,0.6,26,23,37,8,220,13,0.7,0.4,0.03,0.17,-,-,(0),(0),0.2,0.05,0.05,0.2,0.13,(0),88,0.84,"{""baseName"":""カリフラワー"",""part"":""花序"",""state"":""ゆで""}",ゆでたカリフラワーは加熱済みの野菜で犬に与えて問題ない素材である。,8,1,1,(98),(160),(170),(42),(33),(75),(100),(74),(180),(110),(32),(140),(53),(110),(0.07),(0.01),(0.01),(Tr),(5),(5),(0),(0),(0),16.95,170397,39.1,"Cauliflower, boiled"
06,06056,かんぴょう　乾,19.8,6.3,0.2,30.1,5.0,239,250,140,3,1800,110,2.9,1.8,0.62,1.60,2,2,(0),(0),0.4,0,0.04,2.7,0.04,(0),99,1.75,"{""baseName"":""かんぴょう"",""state"":""乾""}",乾燥かんぴょうは低脂肪で食物繊維源となり犬のレシピ素材として利用可能,8,1,0,220,310,270,59,82,140,240,130,380,200,32,270,120,330,,,,,,,,,,158.85,169241,,"Dried gourd strips (Kanpyo), dried"
06,06057,かんぴょう　ゆで,91.6,0.7,0,5.3,0.4,21,34,16,1,100,10,0.3,0.2,0.08,0.14,-,-,(0),(0),0.1,0,0,0.3,0,(0),7,0,"{""baseName"":""かんぴょう"",""state"":""ゆで""}",かんぴょうは植物性の素材で加熱済みの根菜的な利用が可能。,8,1,0,(25),(35),(30),(6.6),(9.2),(16),(28),(15),(42),(22),(3.6),(30),(14),(37),,,,,,,,,,9.45,169241,,"Dried gourd strips (Kanpyo), boiled"
06,06364,かんぴょう　甘煮,57.6,2.3,0.2,5.5,3.4,146,44,34,1200,90,21,0.5,0.3,0.05,0.31,8,2,(0),0,Tr,0.01,-,0.3,0.03,Tr,10,0.07,"{""baseName"":""かんぴょう"",""variety"":""甘煮""}",甘煮されたかんぴょうは加工された甘味を含む食品で、使用量や用途に配慮が必要。,6,1,0,100,150,120,27,21,48,93,32,120,90,8.1,120,48,89,,,,,,,,,,118.25,169241,,"Dried gourd strips (Kanpyo), simmered in sweet sauce"
06,06058,きく　花びら　生,91.5,1.4,0,3.4,0.6,25,22,28,2,280,12,0.7,0.3,0.04,0.36,-,-,(0),(0),4.6,0.10,0.11,0.5,0.08,(0),73,0.20,"{""baseName"":""きく"",""variety"":""花びら"",""state"":""生""}",食用の菊の花びらは一般に食用であり、少量の利用なら問題になりにくい,7,1,0,(61),(110),(80),(22),(13),(35),(76),(48),(120),(68),(25),(81),(30),(73),,,,,,,,,,15.75,168491,,"Chrysanthemum petals, raw"
06,06059,きく　花びら　ゆで,92.9,1.0,0,2.9,0.4,21,16,20,1,140,9,0.5,0.2,0.04,0.24,-,-,(0),(0),4.1,0.06,0.07,0.2,0.04,(0),40,0.15,"{""baseName"":""きく"",""variety"":""花びら"",""state"":""ゆで""}",食用の菊の花は調理済みであればトッピング等に使える素材,7,1,0,(44),(76),(57),(16),(9.0),(25),(54),(34),(88),(49),(18),(58),(21),(52),,,,,,,,,,13.3,170405,12.8,"Chrysanthemum petals, boiled"
06,06060,きく　菊のり,9.5,11.6,0.2,29.6,5.2,283,160,250,14,2500,140,11.0,2.2,0.62,1.34,-,-,(0),(0),25.0,0.73,0.89,3.8,0.69,(0),370,1.50,"{""baseName"":""きく"",""variety"":""菊のり""}",食用の菊（乾燥）は犬に対して特に有害性は低く、素材として使用可能です。,7,1,0,(510),(890),(660),(180),(100),(290),(630),(400),(1000),(560),(200),(670),(240),(600),,,,,,,,,,195.95,168491,,Chrysanthemum seaweed (Kikunori)
06,06061,（キャベツ類）　キャベツ　結球葉　生,92.9,1.2,0.1,1.8,0.5,23,42,26,5,190,14,0.3,0.1,0.02,0.13,0,0,0,(0),0.1,0.04,0.03,0.2,0.1,(0),66,0.19,"{""baseName"":""キャベツ"",""part"":""結球葉"",""state"":""生"",""notes"":[""キャベツ類""]}",生のキャベツはビタミン・食物繊維が豊富で犬のレシピ素材として適している,8,1,1,30,46,46,11,13,24,28,23,51,37,9.5,43,25,58,0.05,0.02,0.01,0.01,8,11,0,0,0,17.3,169975,10.7,"Cabbage, head, raw"
06,06062,（キャベツ類）　キャベツ　結球葉　ゆで,93.9,0.9,0.2,2.0,0.3,19,40,20,3,92,9,0.2,0.1,0.02,0.14,0,Tr,(0),(0),0.1,0.02,0.01,0.1,0.05,(0),48,0.11,"{""baseName"":""キャベツ"",""part"":""結球葉"",""state"":""ゆで"",""notes"":[""キャベツ類""]}",ゆでキャベツは消化しやすくビタミンや食物繊維があり良い素材,9,1,1,(23),(36),(36),(9.2),(9.7),(19),(22),(17),(40),(28),(7.6),(33),(20),(47),(0.05),(0.02),(0.01),(0.01),(13),(9),(0),-,(0),14.3,169976,20.3,"Cabbage, head, boiled"
06,06333,（キャベツ類）　キャベツ　結球葉　油いため,85.7,1.6,6.0,2.2,0.6,78,53,33,6,250,17,0.4,0.2,0.03,0.19,-,-,(0),(0),1.1,0.05,0.04,0.2,0.15,(0),130,0.30,"{""baseName"":""キャベツ"",""part"":""結球葉"",""state"":""油いため"",""notes"":[""キャベツ類""]}",油でいためたキャベツは加熱により消化しやすく野菜として適切（過度の脂は注意）,8,1,1,(39),(62),(62),(16),(17),(33),(39),(30),(69),(49),(13),(57),(36),(82),(5.47),(1.54),(0.45),(1.09),(1100),(450),(0),(0),(0),70.25,168572,,"Cabbage, head, stir-fried"
06,06403,（キャベツ類）　キャベツ　結球葉　カット　常法洗浄,94.8,1.1,0.1,1.9,0.4,15,35,22,10,150,12,0.3,0.1,0.02,0.09,0,0,0,-,0.1,0.04,0.03,0.2,0.08,-,52,0.2,"{""baseName"":""キャベツ"",""variety"":""カット 常法洗浄"",""part"":""結球葉"",""notes"":[""キャベツ類""]}",キャベツは低カロリーで食物繊維が豊富な野菜で、犬のレシピ素材として適している。,9,1,1,28,44,44,11,11,22,26,21,48,35,8.3,40,25,58,0.04,0.02,0.01,0.01,7,9,0,0,0,10.65,169975,10.7,"Cabbage, head, cut, washed"
06,06404,（キャベツ類）　キャベツ　結球葉　カット　次亜塩素酸洗浄,95.1,1,0.2,2.0,0.4,14,38,21,8,140,13,0.3,0.1,0.02,0.09,0,0,0,-,0.1,0.04,0.03,0.2,0.08,-,58,0.18,"{""baseName"":""キャベツ"",""variety"":""カット 次亜塩素酸洗浄"",""part"":""結球葉"",""notes"":[""キャベツ類""]}",一般に安全でビタミン・食物繊維が豊富な野菜。犬のレシピ素材として適する,9,1,1,27,42,41,11,11,22,26,20,46,33,8.3,38,22,55,0.06,0.02,0.01,0.01,10,13,0,0,0,9.75,169975,10.7,"Cabbage, head, cut, hypochlorous acid washed"
06,06063,（キャベツ類）　グリーンボール　結球葉　生,93.4,1.4,0.1,1.6,0.7,20,58,41,4,270,17,0.4,0.2,0.03,0.18,-,-,(0),(0),0.2,0.05,0.04,0.4,0.13,(0),53,0.31,"{""baseName"":""グリーンボール"",""part"":""結球葉"",""state"":""生"",""notes"":[""キャベツ類""]}",グリーンボール（キャベツ）は消化しやすい野菜で犬のレシピ素材として適切。,9,1,1,(35),(55),(56),(14),(15),(29),(35),(27),(62),(44),(12),(51),(32),(73),(0.03),(0.01),(Tr),(0.01),(7),(4),(0),-,(0),15.55,169975,10.7,"Green ball cabbage, head, raw"
06,06064,（キャベツ類）　レッドキャベツ　結球葉　生,90.4,2.0,0.1,2.8,0.8,30,40,43,4,310,13,0.5,0.3,0.04,0.20,-,-,(0),(0),0.1,0.07,0.03,0.3,0.19,(0),58,0.35,"{""baseName"":""レッドキャベツ"",""part"":""結球葉"",""state"":""生"",""notes"":[""キャベツ類""]}",レッドキャベツは栄養価が高く野菜素材として利用可能であるため,8,1,1,(48),(64),(69),(20),(17),(36),(50),(31),(81),(55),(17),(67),(34),(120),0.02,0.01,0.01,0.01,6,7,0,-,0,21.5,169975,10.7,"Red cabbage, head, raw"
06,06065,きゅうり　果実　生,95.4,1.0,0.1,1.1,0.5,13,26,36,1,200,15,0.3,0.2,0.11,0.07,1,1,(0),(0),0.3,0.03,0.03,0.2,0.05,(0),25,0.33,"{""baseName"":""きゅうり"",""part"":""果実"",""state"":""生""}",きゅうりは水分豊富で低カロリー、犬にとって安全で使いやすい野菜。,9,1,1,29,47,40,11,8.1,20,31,24,55,27,11,35,16,43,0.02,0.01,0.01,Tr,4,8,0,-,0,11,168409,6,"Cucumber, raw"
06,06066,きゅうり　漬物　塩漬,92.1,1.0,0.1,1.3,3.1,17,26,38,1000,220,15,0.2,0.2,0.07,0.07,-,-,(0),(0),0.3,0.02,0.03,0.2,0.06,(0),28,0.34,"{""baseName"":""きゅうり"",""variety"":""漬物"",""state"":""塩漬""}",きゅうりの塩漬けは漬物で加工品となるため素材としては限定的,5,1,1,(28),(46),(39),(11),(8.0),(19),(30),(23),(54),(25),(11),(34),(16),(42),(0.02),(0.01),(0.01),(Tr),(4),(8),(0),-,(0),12.75,169890,23.5,"Cucumber, pickled, salted"
06,06067,きゅうり　漬物　しょうゆ漬,81.0,3.2,0.4,3.4,4.6,51,39,29,1600,79,21,1.3,0.2,0.08,0.16,-,-,(0),(0),0.5,0.03,0.02,0.1,0.01,(0),5,0.12,"{""baseName"":""きゅうり"",""variety"":""漬物"",""state"":""しょうゆ漬""}",漬物は塩分や調味料が高いので使用は制限すべき（少量向け）,4,0,1,,,,,,,,,,,,,,,(0.10),(0.05),(0.03),(0.02),(16),(33),(0),-,(0),40.5,169890,23.5,"Cucumber, pickled, soy sauce"
06,06068,きゅうり　漬物　ぬかみそ漬,85.6,1.5,0.1,1.5,6.6,28,22,88,2100,610,48,0.3,0.2,0.11,0.14,1,1,(0),(0),0.2,0.26,0.05,1.6,0.20,0,22,0.93,"{""baseName"":""きゅうり"",""variety"":""漬物"",""state"":""ぬかみそ漬""}",きゅうりは犬に安全な野菜。ぬか漬は加工品だが素材として使用可能,8,0,1,,,,,,,,,,,,,,,(0.02),(0.01),(0.01),(Tr),(4),(8),(0),-,(0),22.55,169890,23.5,"Cucumber, pickled, nukazuke"
06,06069,きゅうり　漬物　ピクルス　スイート型,80.0,0.3,0.1,1.7,1.3,70,25,16,440,18,6,0.3,0.1,0.04,0,-,-,(0),(0),0.1,Tr,0.01,0.1,0.04,(0),2,0,"{""baseName"":""きゅうり"",""variety"":""漬物 ピクルス スイート型""}",きゅうり自体は安全だが酢漬け・砂糖等で加工された製品のため加工度を考慮。,6,1,1,(11),(13),(16),(5.2),(5.2),(10),(11),(5.2),(16),(11),(5.2),(11),(3.6),(16),(0.04),(0.03),(0.01),(0.01),(11),(15),(0),(0),(0),60,169378,3.1,"Cucumber pickles, sweet"
06,06070,きゅうり　漬物　ピクルス　サワー型,93.4,1.4,Tr,1.4,2.7,13,23,5,1000,11,24,1.2,0.1,0.04,0.20,-,-,(0),(0),Tr,0.02,0.06,0.1,0,(0),1,0,"{""baseName"":""きゅうり"",""variety"":""漬物 ピクルス サワー型""}",漬物（ピクルス）は塩分や発酵による風味があるため少量利用が適切。,5,1,0,(42),(59),(59),(13),(8.5),(21),(38),(25),(64),(38),(13),(47),(21),(89),,,,,,,,,,8.75,169379,3.6,"Cucumber pickles, sour"
06,06071,ぎょうじゃにんにく　葉　生,88.8,3.5,0.2,3.3,0.9,35,29,30,2,340,22,1.4,0.4,0.16,-,-,-,(0),0,0.4,0.10,0.16,0.8,0.15,(0),85,0.39,"{""baseName"":""ぎょうじゃにんにく"",""part"":""葉"",""state"":""生""}",ぎょうじゃにんにく（アイヌねぎ）はネギ属に該当し溶血性貧血の原因となるため禁忌扱い,1,1,1,(130),(220),(200),(49),(41),(90),(140),(110),(260),(130),(52),(160),(66),(160),(0.08),(0.05),(0.03),(0.03),(26),(28),(0),-,(0),25.5,169246,9.5,"Alpine leek leaves, raw"
06,06075,キンサイ　茎葉　生,93.5,1.1,0.4,2.5,1.2,16,140,56,27,360,26,0.5,0.5,0.02,0.52,-,-,(0),(0),1.2,0.05,0.11,0.6,0.08,(0),47,0.35,"{""baseName"":""キンサイ"",""part"":""茎葉"",""state"":""生""}",キンサイ（中国セロリ）は野菜として安全に使える素材です。,7,1,1,(38),(56),(50),(8.5),(7.7),(16),(35),(28),(63),(39),(13),(56),(23),(32),(0.20),(0.13),(0.02),(0.11),(110),(19),(0),-,(0),11.8,169990,,"Chinese celery leaves and stems, raw"
06,06076,キンサイ　茎葉　ゆで,93.6,1.1,0.4,2.9,1.0,15,140,56,27,320,24,0.5,0.5,0.02,0.42,-,-,(0),(0),1.2,0.03,0.06,0.4,0.05,(0),31,0.34,"{""baseName"":""キンサイ"",""part"":""茎葉"",""state"":""ゆで""}",キンサイ（中国セロリ）は茎葉の野菜で、加熱済みなら消化しやすく利用しやすい。,8,1,1,(38),(56),(50),(8.5),(7.7),(16),(35),(28),(63),(39),(13),(56),(23),(32),(0.20),(0.13),(0.02),(0.11),(110),(19),(0),-,(0),10.75,169990,,"Chinese celery leaves and stems, boiled"
06,06077,クレソン　茎葉　生,94.1,2.1,0.1,2.5,1.1,13,110,57,23,330,13,1.1,0.2,0.05,-,2,2,(0),(0),1.6,0.10,0.20,0.5,0.13,(0),150,0.30,"{""baseName"":""クレソン"",""part"":""茎葉"",""state"":""生""}",クレソンは葉茎野菜でビタミン・ミネラル源として利用可能だが苦味や硝酸塩に注意して少量が望ましい。,8,1,1,(85),(150),(120),(18),(6.4),(25),(100),(58),(160),(120),(27),(130),(37),(140),(0.07),(0.04),(0.02),(0.01),(12),(23),(0),(0),(0),8.55,170068,9,"Watercress leaves and stems, raw"
06,06078,くわい　塊茎　生,65.5,6.3,0.1,2.4,1.5,128,5,150,3,600,34,0.8,2.2,0.71,0.13,1,1,(0),(0),3.0,0.12,0.07,1.9,0.34,(0),140,0.78,"{""baseName"":""くわい"",""part"":""塊茎"",""state"":""生""}",くわいはデンプン質の野菜で加熱調理すれば犬の素材として使える,7,0,0,,,,,,,,,,,,,,,,,,,,,,,,107.6,169203,,"Arrowhead tuber, raw"
06,06079,くわい　塊茎　ゆで,65.0,6.2,0.1,2.8,1.5,129,5,140,3,550,32,0.8,2.1,0.59,0.12,-,-,(0),(0),3.1,0.10,0.06,1.6,0.30,(0),120,0.75,"{""baseName"":""くわい"",""part"":""塊茎"",""state"":""ゆで""}",くわい（ゆで）はでんぷん質を含む野菜で加熱済みのため利用しやすい,7,0,0,,,,,,,,,,,,,,,,,,,,,,,,107.95,169204,,"Arrowhead tuber, boiled"
06,06080,ケール　葉　生,90.2,2.1,0.4,3.7,1.5,26,220,45,9,420,44,0.8,0.3,0.05,0.55,1,4,(0),(0),2.4,0.06,0.15,0.9,0.16,(0),120,0.31,"{""baseName"":""ケール"",""part"":""葉"",""state"":""生""}",ケールは栄養価の高い葉物で犬の素材として使用可能だが与え過ぎに注意。,8,1,1,(130),(150),(130),(21),(28),(48),(110),(74),(180),(94),(25),(110),(44),(120),0.10,0.07,0.04,0.02,20,45,0,0,0,18.1,168421,0.5,"Kale leaves, raw"
06,06081,コールラビ　球茎　生,93.2,1.0,0,1.9,0.6,21,29,29,7,240,15,0.2,0.1,0.02,0.07,-,-,(0),(0),0,0.04,0.05,0.2,0.09,(0),73,0.20,"{""baseName"":""コールラビ"",""part"":""球茎"",""state"":""生""}",コールラビは安全な野菜で犬のレシピ素材として適している,8,1,0,(16),(23),(23),(5.1),(7.8),(13),(13),(9.5),(22),(19),(8.9),(28),(8.9),(32),,,,,,,,,,15.05,168424,12.3,"Kohlrabi bulb, raw"
06,06082,コールラビ　球茎　ゆで,93.1,1.0,Tr,2.3,0.6,20,27,28,7,210,14,0.2,0.1,0.02,0.07,-,-,(0),(0),0,0.03,0.05,0.2,0.06,(0),71,0.20,"{""baseName"":""コールラビ"",""part"":""球茎"",""state"":""ゆで""}",ゆでたコールラビは根菜の一種で消化に良く犬の素材として適している。,9,1,0,(16),(23),(23),(5.1),(7.8),(13),(13),(9.5),(22),(19),(8.9),(28),(8.9),(32),,,,,,,,,,14,168425,13.2,"Kohlrabi bulb, boiled"
06,06083,こごみ　若芽　生,90.7,3.0,0.2,5.2,0.8,25,26,69,1,350,31,0.6,0.7,0.26,0.33,-,-,(0),(0),1.7,0,0.12,2.9,0.03,(0),150,0.60,"{""baseName"":""こごみ"",""part"":""若芽"",""state"":""生""}",こごみの若芽は食用になる山菜だが、生のままだと消化不良を起こすことがあるため加熱が望ましい。,6,1,0,(100),(180),(140),(40),(26),(66),(170),(81),(250),(120),(38),(140),(57),(130),,,,,,,,,,12.55,169405,,"Fiddlehead fern shoots, raw"
06,06084,（ごぼう類）　ごぼう　根　生,81.7,1.8,0.1,5.7,0.9,58,46,62,18,320,54,0.7,0.8,0.21,0.18,2,1,(0),(0),0.6,0.05,0.04,0.4,0.10,(0),68,0.23,"{""baseName"":""ごぼう"",""part"":""根"",""state"":""生"",""notes"":[""ごぼう類""]}",食物繊維が豊富な根菜で、犬のレシピ素材として利用しやすい,8,1,1,41,50,63,9.4,12,22,36,26,62,42,13,47,29,320,(0.08),(0.04),(Tr),(0.04),(37),(1),(0),(0),(0),41.45,169974,11.7,"Burdock root, raw"
06,06085,（ごぼう類）　ごぼう　根　ゆで,83.9,1.5,0.2,6.1,0.6,50,48,46,11,210,40,0.7,0.7,0.16,0.16,-,-,(0),(0),0.6,0.03,0.02,0.2,0.09,(0),61,0.19,"{""baseName"":""ごぼう"",""part"":""根"",""state"":""ゆで"",""notes"":[""ごぼう類""]}",茹で済みの根菜で食物繊維やミネラルが豊富。犬のレシピ素材として適している。,8,1,1,(33),(42),(52),(7.7),(10),(18),(30),(21),(51),(32),(10),(38),(24),(260),(0.16),(0.08),(Tr),(0.07),(74),(3),(0),(0),(0),33.9,169974,11.7,"Burdock root, boiled"
06,06405,（ごぼう類）　堀川ごぼう　根　生,75.7,3.2,0.2,18.3,1.4,55,70,130,6,540,62,2.2,0.9,0.22,0.55,2,1,-,-,0.4,0.08,0.06,0.7,0.09,0.1,49,0.08,"{""baseName"":""堀川ごぼう"",""part"":""根"",""state"":""生"",""notes"":[""ごぼう類""]}",ごぼうは食物繊維が豊富で犬の素材として問題ない,8,0,0,,,,,,,,,,,,,,,,,,,,,,,,17.1,169974,11.7,"Horikawa burdock root, raw"
06,06086,こまつな　葉　生,94.1,1.5,0.2,1.9,1.3,13,170,45,15,500,12,2.8,0.2,0.06,0.13,2,1,(0),(0),0.9,0.09,0.13,1.0,0.12,(0),110,0.32,"{""baseName"":""こまつな"",""part"":""葉"",""state"":""生""}",小松菜は葉物野菜でミネラルや食物繊維があり犬の素材として適切,9,1,1,67,120,94,19,12,31,85,55,140,77,33,96,38,100,0.10,0.08,0.06,0.01,8,56,0,-,0,10.45,168438,,"Komatsuna leaves, raw"
06,06087,こまつな　葉　ゆで,94.0,1.6,0.1,2.4,1.0,14,150,46,14,140,14,2.1,0.3,0.07,0.17,-,-,(0),(0),1.5,0.04,0.06,0.3,0.06,(0),86,0.23,"{""baseName"":""こまつな"",""part"":""葉"",""state"":""ゆで""}",ゆでた小松菜の葉は消化に優れ、ビタミン・ミネラル源として適する。,8,1,1,(70),(120),(100),(20),(13),(33),(90),(56),(150),(76),(35),(100),(40),(110),(0.05),(0.04),(0.03),(Tr),(4),(28),(0),-,(0),9.6,168439,,"Komatsuna leaves, boiled"
06,06385,コリアンダー　葉　生,92.4,1.4,0.4,4.2,1.2,18,84,59,4,590,16,1.4,0.4,0.09,0.39,2,Tr,-,0,1.9,0.09,0.11,1.3,0.11,-,69,0.52,"{""baseName"":""コリアンダー"",""part"":""葉"",""state"":""生""}",コリアンダー（パクチー）は香味野菜として少量であれば安全に使える,8,0,0,,,,,,,,,,,,,,,,,,,,,,,,9.7,169997,12.8,"Coriander leaves, raw"
06,06088,ザーサイ　漬物,77.6,2.5,0.1,4.6,15.0,20,140,67,5400,680,19,2.9,0.4,0.10,0.34,-,-,(0),(0),0.2,0.04,0.07,0.4,0.09,(0),14,0.35,"{""baseName"":""ザーサイ"",""variety"":""漬物""}",ザーサイは塩分や漬け調味料が強い加工漬物のため、素材としては注意が必要,3,1,0,(98),(180),(160),(43),(29),(71),(120),(82),(200),(120),(45),(140),(58),(150),,,,,,,,,,10.3,169890,23.5,Zha cai pickles
06,06089,さんとうさい　葉　生,94.7,1.0,0.2,2.2,1.1,12,140,27,9,360,14,0.7,0.3,0.04,0.16,-,-,(0),(0),0.8,0.03,0.07,0.5,0.08,(0),130,0.17,"{""baseName"":""さんとうさい"",""part"":""葉"",""state"":""生""}",葉物野菜で消化に良く犬のレシピ素材として適している,8,1,1,(32),(54),(54),(12),(12),(24),(32),(26),(59),(38),(10),(45),(20),(49),(0.08),(0.05),(0.05),(0.01),(5),(48),(0),-,(0),8,169979,7.6,"Tatsoi leaves, raw"
06,06090,さんとうさい　葉　ゆで,94.3,1.4,0.3,2.5,0.9,14,130,30,9,240,13,0.6,0.4,0.04,0.20,-,-,(0),(0),0.9,0.02,0.05,0.3,0.05,(0),74,0.12,"{""baseName"":""さんとうさい"",""part"":""葉"",""state"":""ゆで""}",ゆでた葉物野菜で消化に良く栄養価があり犬に適した素材。,8,1,1,(45),(76),(76),(17),(17),(34),(45),(37),(82),(53),(15),(64),(29),(69),(0.12),(0.08),(0.07),(0.01),(8),(72),(0),-,(0),9.55,168439,,"Tatsoi leaves, boiled"
06,06091,さんとうさい　塩漬,90.3,1.5,0.3,3.0,3.6,18,190,35,910,420,17,0.6,0.4,0.06,0.16,-,-,(0),(0),1.0,0.04,0.12,0.6,0.10,(0),98,0.21,"{""baseName"":""さんとうさい"",""state"":""塩漬""}",塩漬けのさんとうさいは野菜として利用できるが塩分に留意する必要がある。,6,1,1,(48),(81),(82),(18),(18),(36),(49),(39),(88),(57),(16),(68),(31),(74),(0.12),(0.08),(0.07),(0.01),(8),(72),(0),-,(0),12.35,169891,21.5,"Tatsoi, salted"
06,06092,しかくまめ　若ざや　生,92.8,2.4,0.1,3.2,0.8,19,80,48,1,270,38,0.7,0.3,0.09,0.54,-,-,(0),(0),0.4,0.09,0.09,0.8,0.10,(0),29,0.36,"{""baseName"":""しかくまめ"",""part"":""若ざや"",""state"":""生""}",若ざやの豆類は野菜として利用できるが消化や加熱を考慮して使用,8,1,0,(120),(200),(170),(29),(44),(73),(120),(120),(230),(95),(62),(120),(64),(150),,,,,,,,,,11.7,170476,,"Winged bean pods, raw"
06,06093,（ししとう類）　ししとう　果実　生,91.4,1.9,0.3,3.6,0.7,24,11,34,1,340,21,0.5,0.3,0.10,0.18,0,4,(0),(0),1.3,0.07,0.07,1.4,0.39,(0),33,0.35,"{""baseName"":""ししとう"",""part"":""果実"",""state"":""生"",""notes"":[""ししとう類""]}",ししとうは辛味が強くない場合は与えやすいが、辛い個体は消化器刺激の可能性あり。,7,1,1,60,93,100,21,33,54,66,57,120,69,22,83,37,80,(0.11),(0.07),(0.02),(0.05),(51),(16),(1),-,(0),16.55,168576,7.5,"Shishito pepper, raw"
06,06094,（ししとう類）　ししとう　果実　油いため,88.3,1.9,3.2,3.6,0.8,51,15,39,Tr,380,21,0.6,0.3,0.10,0.18,0,4,(0),(0),1.3,0.07,0.07,1.5,0.40,(0),34,0.36,"{""baseName"":""ししとう"",""part"":""果実"",""state"":""油いため"",""notes"":[""ししとう類""]}",ししとうの油いためは軽い香辛性があるが果実自体は使用可能（辛味に注意）,7,1,1,(59),(92),(100),(21),(32),(53),(66),(55),(120),(64),(22),(80),(37),(78),(2.81),(0.82),(0.23),(0.59),(590),(230),(1),(0),(0),41.55,168435,59.4,"Shishito pepper, stir-fried"
06,06406,（ししとう類）　万願寺とうがらし　果実　生,91.6,1.3,0.3,3.2,0.5,26,11,31,Tr,220,13,0.3,0.2,0.04,0.08,0,0,-,-,0.9,0.04,0.03,1,0.2,Tr,16,0.12,"{""baseName"":""万願寺とうがらし"",""part"":""果実"",""state"":""生"",""notes"":[""ししとう類""]}",辛みの少ない唐辛子系の果実でビタミンや食物繊維が豊富,8,0,0,,,,,,,,,,,,,,,,,,,,,,,,17.95,168576,7.5,"Manganji pepper, raw"
06,06095,しそ　葉　生,86.7,3.9,0.1,7.3,1.7,32,230,70,1,500,70,1.7,1.3,0.20,2.01,6,1,(0),(0),3.9,0.13,0.34,1.0,0.19,(0),110,1.00,"{""baseName"":""しそ"",""part"":""葉"",""state"":""生""}",しそ（青じそ）は香味野菜として安全で、少量なら犬の食材に適する。,8,1,1,170,340,220,69,45,110,220,140,360,190,84,230,92,210,0.03,0.01,0.01,0.01,5,10,0,0,0,15.55,169303,,"Perilla leaves, raw"
06,06096,しそ　実　生,85.7,3.4,0.1,8.9,1.9,32,100,85,1,300,71,1.2,1.0,0.52,1.35,-,-,(0),(0),3.8,0.09,0.16,1.8,0.12,(0),72,0.80,"{""baseName"":""しそ"",""variety"":""実"",""state"":""生""}",しそ（実）はハーブ素材として風味付けに安全に使える。,8,1,1,(150),(300),(190),(60),(39),(99),(190),(130),(320),(170),(73),(200),(80),(180),0.07,0.05,0.03,0.01,11,34,0,0,0,12.75,169220,,"Perilla seeds, raw"
06,06097,じゅうろくささげ　若ざや　生,91.9,2.5,0.1,4.2,0.7,22,31,54,1,200,36,0.5,0.7,0.12,0.66,1,1,(0),(0),0.5,0.08,0.09,1,0.11,(0),150,0.43,"{""baseName"":""じゅうろくささげ"",""part"":""若ざや"",""state"":""生""}",若ざやのささげ類は野菜として安全で犬のレシピ素材として適している,8,1,0,(77),(120),(110),(32),(20),(52),(91),(60),(150),(110),(26),(110),(57),(89),,,,,,,,,,11.7,169222,,"Yardlong bean pods, raw"
06,06098,じゅうろくささげ　若ざや　ゆで,90.2,2.8,0.1,4.5,0.7,28,33,56,1,180,32,0.5,0.6,0.11,0.63,Tr,1,(0),(0),0.3,0.09,0.09,0.9,0.07,(0),150,0.39,"{""baseName"":""じゅうろくささげ"",""part"":""若ざや"",""state"":""ゆで""}",ゆでた若ざや（ささげ）は加熱済みの野菜として安全で、レシピ素材として適切。,8,1,0,(86),(140),(120),(36),(23),(59),(100),(67),(170),(120),(29),(120),(64),(100),,,,,,,,,,16.6,169223,,"Yardlong bean pods, boiled"
06,06099,しゅんぎく　葉　生,91.8,2.3,0.3,3.2,1.4,20,120,44,73,460,26,1.7,0.2,0.10,0.40,5,2,(0),(0),1.7,0.10,0.16,0.8,0.13,(0),190,0.23,"{""baseName"":""しゅんぎく"",""part"":""葉"",""state"":""生""}",春菊の葉は栄養価があり犬に与えて問題ない安全な野菜素材である。,8,1,1,100,180,130,36,21,57,120,79,200,110,40,130,49,120,0.13,0.10,0.07,0.03,27,75,0,-,0,14.1,168491,,"Garland chrysanthemum leaves, raw"
06,06100,しゅんぎく　葉　ゆで,91.1,2.7,0.5,3.7,1.0,25,120,44,42,270,24,1.2,0.2,0.12,0.49,-,-,(0),(0),2.0,0.05,0.08,0.4,0.06,(0),100,0.13,"{""baseName"":""しゅんぎく"",""part"":""葉"",""state"":""ゆで""}",ゆでた春菊は葉物野菜として栄養があり犬に適した素材。,8,1,1,(110),(200),(150),(42),(24),(66),(140),(89),(230),(120),(47),(150),(56),(140),(0.22),(0.17),(0.12),(0.05),(46),(120),(0),-,(0),17.2,169995,,"Garland chrysanthemum leaves, boiled"
06,06101,じゅんさい　若葉　水煮びん詰,98.6,0.4,0,1.0,Tr,4,4,5,2,2,2,0,0.2,0.02,0.02,-,-,(0),(0),0.1,0,0.02,0,0,(0),3,0,"{""baseName"":""じゅんさい"",""variety"":""若葉 水煮びん詰""}",じゅんさいは水生植物で低脂肪・食物繊維の供給源として犬の素材に適している,7,0,0,,,,,,,,,,,,,,,,,,,,,,,,1.4,170387,,"Water shield young leaves, canned"
06,06102,（しょうが類）　葉しょうが　根茎　生,96.3,0.5,0.2,1.6,0.7,9,15,21,5,310,21,0.4,0.4,0.05,4.73,-,-,(0),(0),0.1,0.02,0.03,0.3,0.08,(0),14,0.07,"{""baseName"":""葉しょうが"",""part"":""根茎"",""state"":""生"",""notes"":[""しょうが類""]}",葉しょうが（根茎）は風味付けや消化促進に用いられ、少量であれば安全,8,1,1,(16),(24),(12),(5.4),(5.9),(11),(16),(15),(31),(23),(7.2),(22),(9.8),(31),(0.14),(0.04),(0.01),(0.03),(32),(9),(0),(0),(0),5.9,169231,28.8,"Young ginger rhizome, raw"
06,06103,（しょうが類）　しょうが　根茎　皮なし　生,91.4,0.9,0.3,2.1,0.7,28,12,25,6,270,27,0.5,0.1,0.06,5.01,0,1,(0),(0),0.1,0.03,0.02,0.6,0.13,(0),8,0.21,"{""baseName"":""しょうが"",""part"":""根茎"",""formModifiers"":[""皮なし""],""state"":""生"",""notes"":[""しょうが類""]}",生姜は消化促進や風味付けに使える安全な根茎類,7,1,1,29,43,22,9.9,11,21,28,29,57,44,13,41,18,56,(0.20),(0.06),(0.01),(0.05),(48),(14),(0),(0),(0),21.8,169231,28.8,"Ginger rhizome, peeled, raw"
06,06365,（しょうが類）　しょうが　根茎　皮なし　生　おろし,81.6,0.7,0.8,7.4,0.9,58,39,24,4,380,27,0.8,0.2,0.05,5.12,(0),Tr,(0),(0),0.3,0.02,0.02,0.5,0.12,(0),5,0.07,"{""baseName"":""しょうが"",""variety"":""おろし"",""part"":""根茎"",""formModifiers"":[""皮なし""],""state"":""生"",""notes"":[""しょうが類""]}",生のしょうがは刺激性があり犬の胃腸に負担をかけることがあるため使用に配慮が必要,7,1,0,(21),(31),(16),(7.1),(7.7),(15),(21),(21),(41),(32),(9.5),(29),(13),(40),,,,,,,,,,39.35,169231,28.8,"Ginger rhizome, peeled, grated, raw"
06,06366,（しょうが類）　しょうが　根茎　皮なし　生　おろし汁,95.1,0.4,0.3,0.3,0.7,17,2,24,3,300,19,0.2,0.2,0.04,3.16,(0),0,(0),(0),0.1,0.02,0.01,0.5,0.12,(0),6,0.04,"{""baseName"":""しょうが"",""variety"":""おろし汁"",""part"":""根茎"",""formModifiers"":[""皮なし""],""state"":""生"",""notes"":[""しょうが類""]}",生のしょうが（おろし汁）は適量であれば消化を助ける成分を含み、犬のレシピ素材として使える。,8,1,0,(14),(20),(10),(4.7),(5.1),(9.8),(14),(14),(27),(21),(6.3),(19),(8.5),(27),,,,,,,,,,15.15,169231,28.8,"Ginger rhizome, peeled, grated juice, raw"
06,06104,（しょうが類）　しょうが　漬物　酢漬,89.2,0.3,0.2,2.2,5.9,15,22,5,2200,25,6,0.2,Tr,0.02,0.41,0,0,(0),(0),0.1,0,0.01,0.1,0,0,1,0,"{""baseName"":""しょうが"",""variety"":""漬物 酢漬"",""notes"":[""しょうが類""]}",しょうがの酢漬けは風味が強く塩分や酸味があるため慎重な使用が望ましい,6,1,1,(10),(15),(7.7),(3.5),(3.8),(7.3),(10),(9.9),(20),(15),(4.7),(14),(6.3),(20),(0.14),(0.04),(0.01),(0.03),(33),(9),(0),(0),(0),10.45,169765,10.5,"Ginger pickles, vinegar"
06,06105,（しょうが類）　しょうが　漬物　甘酢漬,86.0,0.2,0.4,1.8,2.1,44,39,3,800,13,4,0.3,Tr,0.01,0.37,1,3,(0),(0),0.1,0.63,0,0,0,0,1,0,"{""baseName"":""しょうが"",""variety"":""漬物"",""state"":""甘酢漬"",""notes"":[""しょうが類""]}",甘酢漬けのしょうが。しょうが自体は比較的安全だが漬け液の塩分や糖分に注意が必要。,6,1,1,(6.0),(8.9),(4.5),(2.1),(2.2),(4.3),(5.9),(5.8),(12),(8.7),(2.8),(8.3),(3.7),(12),(0.26),(0.08),(0.02),(0.06),(60),(17),(0),(0),(0),37.35,169765,10.5,"Ginger pickles, sweet vinegar"
06,06386,（しょうが類）　新しょうが　根茎　生,96.0,0.3,0.3,1.9,0.8,10,11,23,3,350,15,0.5,0.4,0.04,7.65,Tr,0,-,-,0.1,0.01,0.01,0.2,0.05,-,10,0.05,"{""baseName"":""新しょうが"",""part"":""根茎"",""state"":""生"",""notes"":[""しょうが類""]}",少量であれば消化促進などの利点があるが風味が強いため控えめに。,7,1,0,(8.1),(12),(6.0),(2.7),(3.0),(5.7),(7.9),(7.9),(16),(12),(3.7),(11),(4.9),(16),,,,,,,,,,6.05,169231,28.8,"New ginger rhizome, raw"
06,06106,しろうり　果実　生,95.3,0.9,0.1,1.2,0.4,15,35,20,1,220,12,0.2,0.2,0.03,0.05,5,0,(0),(0),0.2,0.03,0.03,0.2,0.04,(0),39,0.30,"{""baseName"":""しろうり"",""part"":""果実"",""state"":""生""}",しろうりは水分が多く消化しやすい野菜で素材として適している,8,1,1,(26),(42),(35),(10),(7.2),(17),(27),(21),(48),(23),(9.8),(31),(14),(38),(0.02),(0.01),(0.01),(Tr),(4),(8),(0),-,(0),11.35,169232,,"White gourd, raw"
06,06107,しろうり　漬物　塩漬,92.8,1.0,0.1,2.2,2.4,15,26,24,790,220,13,0.2,0.2,0.04,0.05,-,-,(0),(0),0.2,0.03,0.03,Tr,0.07,(0),43,0.30,"{""baseName"":""しろうり"",""variety"":""漬物"",""state"":""塩漬""}",しろうりの塩漬けは塩分や漬け調味が強く、素材としては適さない,5,1,1,(28),(46),(39),(11),(8.0),(19),(30),(23),(54),(25),(11),(34),(16),(42),(0.02),(0.01),(0.01),(Tr),(4),(8),(0),-,(0),9.6,169891,21.5,"White gourd pickles, salted"
06,06108,しろうり　漬物　奈良漬,44.0,4.6,0.2,2.6,5.3,216,25,79,1900,97,12,0.4,0.8,0.07,0.51,1,1,(0),(0),0.1,0.03,0.11,0.7,0.39,0.1,52,0.57,"{""baseName"":""しろうり"",""variety"":""漬物 奈良漬""}",奈良漬は塩分や酒粕の風味が強い加工品で使用に注意が必要,4,0,0,,,,,,,,,,,,,,,,,,,,,,,,169.35,169890,23.5,"White gourd pickles, Nara-style"
06,06109,ずいき　生ずいき　生,94.5,0.5,0,1.6,0.9,15,80,13,1,390,6,0.1,1.0,0.03,2.24,-,-,(0),(0),0.4,0.01,0.02,0.2,0.03,(0),14,0.28,"{""baseName"":""ずいき"",""variety"":""生ずいき"",""state"":""生""}",生のずいきはシュウ酸・刺激性成分を含むことがあり、加熱処理がないと消化器刺激を起こす可能性がある,4,1,0,(26),(39),(25),(7.9),(6.4),(14),(20),(18),(37),(17),(4.8),(26),(11),(22),,,,,,,,,,10.5,169308,17.3,"Taro stem, raw"
06,06110,ずいき　生ずいき　ゆで,96.1,0.4,0,2.1,0.4,10,95,9,1,76,7,0.1,0.9,0.02,1.69,-,-,(0),(0),0.3,0,0,0,0.01,(0),10,0.10,"{""baseName"":""ずいき"",""variety"":""生ずいき"",""state"":""ゆで""}",ずいき（ゆで）は加熱済みの野菜素材で犬に対して安全に使えます。,8,1,0,(21),(31),(20),(6.3),(5.1),(11),(16),(14),(30),(13),(3.9),(21),(9.2),(18),,,,,,,,,,4.9,169309,,"Taro stem, boiled"
06,06111,ずいき　干しずいき　乾,9.9,6.6,0.4,25.8,18.2,232,1200,210,6,10000,120,9.0,5.4,0.55,25.00,-,-,(0),(0),0.4,0.15,0.30,2.5,0.07,(0),30,2.00,"{""baseName"":""ずいき"",""variety"":""干しずいき"",""state"":""乾""}",干しずいきはでんぷん質の茎であるが、生や乾燥のままだと刺激成分が残る場合があり、適切な処理が必要。,6,1,1,(340),(520),(330),(100),(85),(190),(260),(240),(490),(220),(64),(340),(150),(290),(0.28),(0.17),(0.05),(0.12),(120),(50),(0),(0),(0),163.35,168487,12.8,Dried taro stem
06,06112,ずいき　干しずいき　ゆで,95.5,0.5,0,3.1,0.6,9,130,5,2,160,8,0.7,0.3,0.05,2.35,-,-,(0),(0),0.1,0,0.01,0,0,(0),1,0.06,"{""baseName"":""ずいき"",""variety"":""干しずいき"",""state"":""ゆで""}",ゆでた干しずいきは加熱済みの野菜性素材で食物繊維が豊富、調理済みで使用しやすい,7,1,0,(26),(39),(25),(7.9),(6.4),(14),(20),(18),(37),(17),(4.8),(26),(11),(22),,,,,,,,,,2.8,169309,,"Dried taro stem, boiled"
06,06387,すいぜんじな　葉　生,93.1,0.6,0.6,4.0,1.4,16,140,42,1,530,42,0.5,0.5,0.07,2.11,3,Tr,-,-,3.8,0.06,0.12,0.5,0.08,-,66,0.03,"{""baseName"":""すいぜんじな"",""part"":""葉"",""state"":""生""}",葉物野菜で犬に与えて問題ない食材。,8,0,0,,,,,,,,,,,,,,,,,,,,,,,,8.25,169303,,"Okinawan spinach leaves, raw"
06,06113,すぐきな　葉　生,90.5,1.9,0.2,4.0,1.8,23,150,58,32,680,18,2.6,0.3,0.06,0.30,-,-,(0),(0),3.8,0.08,0.13,1.1,0.05,(0),200,0.35,"{""baseName"":""すぐきな"",""part"":""葉"",""state"":""生""}",葉野菜で犬に与えやすい食材。ビタミンや食物繊維の供給源として適する。,8,1,1,(99),(170),(120),(43),(22),(65),(120),(73),(190),(100),(33),(130),(46),(120),(0.14),(0.08),(0.06),(0.02),(24),(56),(0),(0),(0),13.95,168491,,"Sugukina leaves, raw"
06,06114,すぐきな　根　生,93.7,0.6,0.1,1.7,0.7,19,26,35,26,310,8,0.1,0.1,0.03,0.05,-,-,(0),(0),0,0.03,0.03,0.7,0.01,(0),50,0.26,"{""baseName"":""すぐきな"",""part"":""根"",""state"":""生""}",すぐきな根（生）は野菜根部で犬に与えても問題ない一般的な素材,8,1,1,(23),(39),(42),(8.0),(9.4),(17),(24),(19),(43),(28),(8.1),(34),(15),(26),(0.07),(0.05),(0.04),(0.01),(12),(40),(0),(0),(0),14.15,169974,11.7,"Sugukina root, raw"
06,06115,すぐきな　すぐき漬,87.4,2.6,0.7,5.2,3.2,30,130,76,870,390,25,0.9,0.4,0.08,0.09,-,-,(0),(0),2.2,0.12,0.11,1.3,0.13,(0),110,0.24,"{""baseName"":""すぐきな"",""variety"":""すぐき漬""}",すぐき漬は漬物で塩分や発酵による風味が強いため、素材としては注意が必要,3,1,1,(99),(170),(180),(35),(41),(75),(100),(82),(190),(120),(35),(150),(67),(110),(0.49),(0.37),(0.28),(0.08),(84),(280),(0),(0),(0),18.2,169890,23.5,Suguki pickles
06,06116,ズッキーニ　果実　生,94.9,1.3,0.1,1.3,0.8,16,24,37,1,320,25,0.5,0.4,0.07,0.15,Tr,Tr,(0),(0),0.4,0.05,0.05,0.4,0.09,(0),36,0.22,"{""baseName"":""ズッキーニ"",""part"":""果実"",""state"":""生""}",ズッキーニは低カロリーで消化に良い野菜で、犬のレシピ素材として適している。,9,1,1,(42),(62),(59),(16),(13),(29),(38),(29),(66),(40),(14),(53),(23),(58),(0.06),(0.03),(0.02),(0.01),(9),(19),(0),(0),(0),11,169291,9.5,"Zucchini, raw"
06,06117,せり　茎葉　生,93.4,2.0,0.1,2.5,1.2,17,34,51,19,410,24,1.6,0.3,0.15,1.24,-,-,(0),(0),0.7,0.04,0.13,1.2,0.11,(0),110,0.42,"{""baseName"":""せり"",""part"":""茎葉"",""state"":""生""}",せりは葉茎類の野菜で風味があり、犬のレシピ素材として使用可能。,8,1,1,(80),(120),(110),(18),(16),(34),(74),(60),(130),(82),(28),(120),(49),(68),(0.05),(0.03),(Tr),(0.03),(28),(5),(0),-,(0),10.65,169997,12.8,"Japanese parsley (seri), raw"
06,06118,せり　茎葉　ゆで,93.6,2.1,0.1,2.8,0.8,17,38,40,8,190,19,1.3,0.2,0.10,1.30,-,-,(0),(0),0.6,0.02,0.06,0.6,0.07,(0),61,0.32,"{""baseName"":""せり"",""part"":""茎葉"",""state"":""ゆで""}",茹でたせりは葉茎の緑葉野菜で食物繊維やビタミンがあり犬のレシピ素材として適している,8,1,1,(84),(130),(110),(19),(17),(36),(78),(63),(140),(86),(30),(130),(51),(71),(0.05),(0.03),(Tr),(0.03),(28),(5),(0),-,(0),10.3,169271,13.4,"Japanese parsley (seri), boiled"
06,06119,セロリ　葉柄　生,94.7,0.4,0.1,1.5,1.0,12,39,39,28,410,9,0.2,0.2,0.03,0.11,1,0,(0),(0),0.2,0.03,0.03,Tr,0.08,(0),29,0.26,"{""baseName"":""セロリ"",""part"":""葉柄"",""state"":""生""}",セロリの葉柄は低カロリーで食物繊維が豊富な野菜として犬のレシピ素材に適している,7,1,1,16,23,21,3.5,3.2,6.7,14,12,26,17,5.5,24,9.4,13,0.05,0.03,Tr,0.03,28,5,0,-,0,10.3,169988,6.1,"Celery, stalk, raw"
06,06120,ぜんまい　生ぜんまい　若芽　生,90.9,1.7,0.1,3.8,0.7,27,10,37,2,340,17,0.6,0.5,0.15,0.40,-,-,(0),(0),0.6,0.02,0.09,1.4,0.05,(0),210,0.64,"{""baseName"":""ぜんまい"",""variety"":""生ぜんまい"",""part"":""若芽"",""state"":""生""}",生ぜんまいは下処理が不十分だと有害成分が残ることがあるため、生のままでは注意が必要。,4,1,0,(56),(100),(79),(22),(15),(37),(94),(46),(140),(67),(22),(80),(32),(75),,,,,,,,,,16.6,169405,,"Osmunda fern (zenmai), young shoots, raw"
06,06121,ぜんまい　生ぜんまい　若芽　ゆで,94.2,1.1,0.4,3.5,0.2,17,19,20,2,38,9,0.3,0.4,0.10,0.22,-,-,(0),(0),0.5,0.01,0.05,0.7,0,(0),59,0.12,"{""baseName"":""ぜんまい"",""variety"":""生ぜんまい"",""part"":""若芽"",""state"":""ゆで""}",ゆでぜんまいは伝統的に加熱して食べられる山菜で、加熱済みなら少量の使用は可能だが特有の成分に注意が必要。,6,1,0,(37),(66),(51),(15),(9.7),(24),(61),(30),(90),(43),(14),(51),(21),(49),,,,,,,,,,9.35,169211,,"Osmunda fern (zenmai), young shoots, boiled"
06,06122,ぜんまい　干しぜんまい　干し若芽　乾,8.5,14.6,0.6,34.8,5.5,277,150,200,25,2200,140,7.7,4.6,1.20,3.34,-,-,(0),(0),1.4,0.10,0.41,8.0,0.02,(0),99,3.10,"{""baseName"":""ぜんまい"",""variety"":""干しぜんまい 干し若芽"",""state"":""乾""}",ぜんまいは山菜で下処理が必要だが、適切な処理で素材として使える,6,1,0,(480),(870),(680),(190),(130),(320),(800),(390),(1200),(570),(180),(680),(280),(650),,,,,,,,,,182.2,168581,,"Osmunda fern (zenmai), dried young shoots"
06,06123,ぜんまい　干しぜんまい　干し若芽　ゆで,91.2,1.7,0.1,5.2,0.2,25,20,16,2,19,9,0.4,0.3,0.14,0.20,-,-,(0),(0),0.2,0,0.01,0,0,(0),1,0,"{""baseName"":""ぜんまい"",""variety"":""干しぜんまい 干し若芽"",""state"":""ゆで""}",干しぜんまいは山菜として利用されるが、加工・下処理により安全性確認が必要,6,1,0,(56),(100),(79),(22),(15),(37),(94),(46),(140),(67),(22),(80),(32),(75),,,,,,,,,,12.4,170464,,"Osmunda fern (zenmai), dried young shoots, boiled"
06,06124,そらまめ　未熟豆　生,72.3,10.9,0.2,2.6,1.1,102,22,220,1,440,36,2.3,1.4,0.39,0.21,0,Tr,(0),(0),Tr,0.30,0.20,1.5,0.17,(0),120,0.46,"{""baseName"":""そらまめ"",""variety"":""未熟豆"",""state"":""生""}",未熟そらまめは消化不良を起こす可能性があるため注意が必要。,4,1,1,400,720,660,74,120,190,490,300,790,370,83,460,270,1000,0.09,0.05,Tr,0.05,48,4,0,-,0,85,168574,,"Fava beans, immature, raw"
06,06125,そらまめ　未熟豆　ゆで,71.3,10.5,0.2,4.0,1.1,103,22,230,4,390,38,2.1,1.9,0.33,0.38,-,-,(0),(0),Tr,0.22,0.18,1.2,0.13,(0),120,0.39,"{""baseName"":""そらまめ"",""variety"":""未熟豆"",""state"":""ゆで""}",ゆでたそらまめは加熱済みの豆類で繊維や蛋白源として利用可能だが、さやや不溶性部位は除く必要がある。,8,1,1,(370),(690),(630),(71),(110),(180),(470),(280),(750),(330),(79),(430),(260),(990),(0.09),(0.05),(Tr),(0.05),(48),(4),(0),-,(0),83.6,173753,30.6,"Fava beans, immature, boiled"
06,06126,タアサイ　葉　生,94.3,1.3,0.2,1.9,1.3,12,120,46,29,430,23,0.7,0.5,0.05,0.38,-,-,(0),(0),1.5,0.05,0.09,0.9,0.12,(0),65,0.19,"{""baseName"":""タアサイ"",""part"":""葉"",""state"":""生""}",タアサイは葉物野菜でビタミン・食物繊維の供給源として犬のレシピに使用できる。,8,1,1,(57),(99),(81),(16),(11),(27),(73),(45),(120),(62),(28),(81),(32),(87),(0.10),(0.08),(0.06),(0.01),(8),(56),(0),-,(0),9.75,169329,,"Tatsoi, leaves, raw"
06,06127,タアサイ　葉　ゆで,95.0,1.1,0.2,2.1,0.9,11,110,43,23,320,18,0.6,0.4,0.04,0.32,-,-,(0),(0),1.7,0.02,0.03,0.4,0.05,(0),42,0.09,"{""baseName"":""タアサイ"",""part"":""葉"",""state"":""ゆで""}",タアサイの葉（ゆで）は安全な葉物野菜で、犬のレシピ素材として適している,9,1,1,(48),(84),(68),(14),(9.0),(23),(62),(38),(100),(52),(24),(69),(27),(73),(0.10),(0.08),(0.06),(0.01),(8),(56),(0),-,(0),8,170391,12.1,"Tatsoi, leaves, boiled"
06,06128,（だいこん類）　かいわれだいこん　芽ばえ　生,93.4,2.1,0.5,1.9,0.6,21,54,61,5,99,33,0.5,0.3,0.03,0.35,12,0,(0),(0),2.1,0.08,0.13,1.3,0.23,(0),96,0.29,"{""baseName"":""かいわれだいこん"",""part"":""芽ばえ"",""state"":""生"",""notes"":[""だいこん類""]}",かいわれ大根は野菜でビタミンや食物繊維があり犬に与えやすい素材。,8,1,1,(94),(170),(140),(35),(25),(59),(120),(81),(200),(110),(44),(130),(53),(120),(0.21),(0.15),(0.11),(0.02),(16),(110),(0),-,(1),16.85,170095,,"Radish sprouts (kaiware), raw"
06,06129,（だいこん類）　葉だいこん　葉　生,92.6,2.0,0.2,2.6,1.5,17,170,43,41,340,25,1.4,0.4,0.05,0.23,-,-,(0),(0),1.5,0.07,0.15,0.5,0.22,(0),130,0.39,"{""baseName"":""葉だいこん"",""part"":""葉"",""state"":""生"",""notes"":[""だいこん類""]}",大根の葉はビタミン・ミネラル源として利用可能な葉物野菜で犬に適している,8,1,1,(89),(160),(130),(33),(23),(57),(120),(77),(190),(100),(42),(120),(51),(110),(0.09),(0.06),(0.04),(0.01),(6),(44),(0),-,(Tr),12.55,169329,,"Radish leaves, raw"
06,06130,（だいこん類）　だいこん　葉　生,90.6,2.2,0.1,4.0,1.6,23,260,52,48,400,22,3.1,0.3,0.04,0.27,-,-,(0),(0),3.8,0.09,0.16,0.5,0.18,(0),140,0.26,"{""baseName"":""だいこん"",""part"":""葉"",""state"":""生"",""notes"":[""だいこん類""]}",生の大根葉は葉物野菜としてビタミンや繊維が豊富で犬のレシピ素材として適している。,8,1,1,100,180,140,37,26,63,130,88,220,120,47,140,56,130,0.04,0.03,0.02,Tr,3,22,0,-,Tr,13.8,169329,,"Daikon radish, leaves, raw"
06,06131,（だいこん類）　だいこん　葉　ゆで,91.3,2.2,0.1,3.6,0.9,24,220,62,28,180,22,2.2,0.2,0.03,0.25,-,-,(0),(0),4.9,0.01,0.06,0.1,0.10,(0),54,0.11,"{""baseName"":""だいこん"",""part"":""葉"",""state"":""ゆで"",""notes"":[""だいこん類""]}",大根の葉（ゆで）はビタミンや食物繊維の供給源で加熱済みのため安全に使える。,8,1,1,(98),(180),(140),(36),(26),(62),(130),(85),(210),(110),(47),(140),(56),(130),(0.04),(0.03),(0.02),(Tr),(3),(22),(0),-,(Tr),15.2,169329,,"Daikon radish, leaves, boiled"
06,06132,（だいこん類）　だいこん　根　皮つき　生,94.6,0.5,0.1,1.4,0.6,15,24,18,19,230,10,0.2,0.2,0.02,0.04,3,1,(0),(0),0,0.02,0.01,0.3,0.04,(0),34,0.12,"{""baseName"":""だいこん"",""part"":""根"",""formModifiers"":[""皮つき""],""state"":""生"",""notes"":[""だいこん類""]}",生の大根は低カロリーで消化しやすく犬に安全な野菜素材。,8,1,1,18,23,24,5.4,6.3,12,16,12,28,21,4.9,27,11,22,0.04,0.02,0.02,0.01,6,18,0,-,0,12.4,169276,6.5,"Daikon radish, root, with skin, raw"
06,06133,（だいこん類）　だいこん　根　皮つき　ゆで,94.4,0.4,Tr,1.6,0.5,15,24,18,14,210,9,0.2,0.2,0.02,0.05,-,-,(0),(0),0,0.02,0.01,0.2,0.03,(0),38,0.10,"{""baseName"":""だいこん"",""part"":""根"",""formModifiers"":[""皮つき""],""state"":""ゆで"",""notes"":[""だいこん類""]}",ゆでた大根は消化に良い根菜で犬用素材として適する。,9,1,0,(14),(18),(19),(4.3),(5.0),(9.3),(12),(9.4),(22),(15),(3.9),(21),(8.7),(17),,,,,,,,,,12.25,168452,6.8,"Daikon radish, root, with skin, boiled"
06,06134,（だいこん類）　だいこん　根　皮なし　生,94.6,0.4,0.1,1.3,0.6,15,23,17,17,230,10,0.2,0.1,0.02,0.04,3,1,(0),(0),0,0.02,0.01,0.2,0.05,(0),33,0.11,"{""baseName"":""だいこん"",""part"":""根"",""formModifiers"":[""皮なし""],""state"":""生"",""notes"":[""だいこん類""]}",生の大根は消化しやすい野菜で犬の素材として適している。,8,1,1,13,17,18,4.2,5.2,9.4,11,8.7,20,15,3.8,20,8.0,16,(0.04),(0.02),(0.02),(0.01),(6),(18),(0),-,(0),12.75,169276,6.5,"Daikon radish, root, without skin, raw"
06,06367,（だいこん類）　だいこん　根　皮なし　生　おろし,90.5,0.6,0.2,5.1,0.6,25,63,19,30,190,23,0.3,0.3,0.02,0.06,1,Tr,(0),(0),(0),0.02,0.01,0.2,0.04,(0),23,0.07,"{""baseName"":""だいこん"",""variety"":""おろし"",""part"":""根"",""formModifiers"":[""皮なし""],""state"":""生"",""notes"":[""だいこん類""]}",大根おろしは消化を助ける野菜で犬のレシピ素材として適している,8,1,0,(21),(26),(27),(6.5),(8.1),(15),(18),(14),(31),(24),(5.9),(31),(12),(25),,,,,,,,,,14.3,169276,6.5,"Daikon radish, root, grated, raw"
06,06368,（だいこん類）　だいこん　根　皮なし　生　おろし汁,96.5,0.3,Tr,0.1,0.4,12,14,13,21,140,9,0.1,0.1,0.01,0.01,3,0,(0),(0),(0),0.02,0.01,0.1,0.03,(0),21,0.07,"{""baseName"":""だいこん"",""variety"":""おろし汁"",""part"":""根"",""formModifiers"":[""皮なし""],""state"":""生"",""notes"":[""だいこん類""]}",大根（おろし汁）は消化に良い野菜原料で犬の素材として適切,9,1,0,(10),(13),(14),(3.2),(4.1),(7.3),(8.8),(6.8),(16),(12),(3.0),(16),(6.2),(13),,,,,,,,,,10.5,168451,7.3,"Daikon radish, root, grated juice, raw"
06,06369,（だいこん類）　だいこん　根　皮なし　生　おろし水洗い,91.4,0.6,0.1,4.7,0.6,23,57,16,25,170,21,0.2,0.2,0.01,0.06,1,Tr,(0),(0),(0),0.02,0.01,0.1,0.03,(0),19,0.05,"{""baseName"":""だいこん"",""variety"":""おろし水洗い"",""part"":""根"",""formModifiers"":[""皮なし""],""state"":""生"",""notes"":[""だいこん類""]}",大根は消化しやすい野菜でレシピ素材として適切,9,1,0,(19),(23),(25),(5.8),(7.3),(13),(16),(12),(28),(22),(5.3),(28),(11),(23),,,,,,,,,,12.05,168451,7.3,"Daikon radish, root, grated, washed, raw"
06,06135,（だいこん類）　だいこん　根　皮なし　ゆで,94.8,0.5,0.1,1.7,0.5,15,25,14,12,210,10,0.2,0.1,0.01,0.05,3,1,(0),(0),0,0.02,0.01,0.2,0.04,(0),33,0.08,"{""baseName"":""だいこん"",""part"":""根"",""formModifiers"":[""皮なし""],""state"":""ゆで"",""notes"":[""だいこん類""]}",ゆで大根は消化しやすい野菜でレシピに使いやすい,9,1,1,(16),(21),(22),(5.2),(6.5),(12),(14),(10),(24),(18),(4.7),(25),(9.9),(20),(0.04),(0.02),(0.02),(0.01),(6),(18),(0),-,(0),11,168452,6.8,"Daikon radish, root, without skin, boiled"
06,06136,（だいこん類）　切干しだいこん　乾,8.4,9.7,0.8,21.3,8.5,280,500,220,210,3500,160,3.1,2.1,0.13,0.74,20,2,(0),(0),0,0.35,0.20,4.6,0.29,(0),210,1.24,"{""baseName"":""切干しだいこん"",""state"":""乾"",""notes"":[""だいこん類""]}",切干しだいこんは乾燥野菜で食物繊維が豊富、犬の素材として適切。,8,1,1,(310),(400),(430),(100),(130),(230),(270),(200),(480),(350),(92),(480),(190),(390),(0.32),(0.19),(0.14),(0.04),(44),(140),(0),-,(0),220.3,168453,109.7,Dried daikon radish (kiriboshi daikon)
06,06334,（だいこん類）　切干しだいこん　ゆで,94.6,0.9,0.1,3.7,0.3,13,60,10,4,62,14,0.4,0.2,0.02,0.08,-,-,(0),(0),0,0.01,Tr,0.1,0.01,(0),7,0.04,"{""baseName"":""切干しだいこん"",""state"":""ゆで"",""notes"":[""だいこん類""]}",切干しだいこん（ゆで）は食物繊維が豊富で消化に適した野菜素材として利用可能。,8,1,1,(28),(37),(39),(9.1),(11),(21),(25),(19),(43),(32),(8.3),(44),(18),(35),(0.05),(0.03),(0.02),(0.01),(6),(21),(0),-,(0),5.4,170074,,"Dried daikon radish (kiriboshi daikon), boiled"
06,06335,（だいこん類）　切干しだいこん　油いため,84.5,1.5,6.0,5.6,0.4,78,91,18,8,110,22,0.7,0.3,0.03,0.14,-,-,(0),(0),0.9,0.02,0.02,0.2,0.02,(0),12,0.07,"{""baseName"":""切干しだいこん"",""state"":""油いため"",""notes"":[""だいこん類""]}",切干し大根の油いためは調理済みで利用可能だが油や調味に注意。,6,1,1,(49),(63),(66),(16),(20),(35),(42),(32),(74),(54),(14),(75),(30),(60),(5.48),(1.56),(0.48),(1.09),(1100),(480),(0),(0),(0),63.25,168435,59.4,"Dried daikon radish (kiriboshi daikon), stir-fried"
06,06388,（だいこん類）　漬物　いぶりがっこ,73.8,1.1,0.3,7.1,3.9,76,42,77,1400,350,31,0.4,0.3,0.03,0.47,2,1,-,-,Tr,0.08,0.02,0.8,0.12,-,10,0.22,"{""baseName"":""漬物"",""variety"":""いぶりがっこ"",""notes"":[""だいこん類""]}",いぶりがっこは漬物・加工食品で塩分・調味が強めのため、素材評価は低めにとどめるべき,4,1,0,(35),(44),(47),(11),(14),(25),(30),(23),(53),(41),(10),(54),(21),(43),,,,,,,,,,54.7,169890,23.5,Smoked daikon pickles (iburigakko)
06,06137,（だいこん類）　漬物　ぬかみそ漬,87.1,1.3,0.1,1.8,4.8,29,44,44,1500,480,40,0.3,0.1,0.02,0.13,-,-,(0),(0),0,0.33,0.04,2.7,0.22,0,98,0.43,"{""baseName"":""漬物"",""state"":""ぬかみそ漬"",""notes"":[""だいこん類""]}",ぬかみそ漬けの大根。漬物は塩分が高めなので使用時は塩分量に注意が必要。,5,1,0,(43),(54),(58),(14),(17),(31),(37),(28),(65),(50),(12),(66),(26),(53),,,,,,,,,,22.55,169890,23.5,"Daikon pickles, nukazuke (rice bran pickles)"
06,06138,（だいこん類）　漬物　たくあん漬　塩押しだいこん漬,85.0,0.6,0.3,2.3,3.3,43,16,12,1300,56,5,0.2,0.1,0.03,0.06,2,0,(0),(0),Tr,0.01,0.01,0.1,0.01,0,10,0.03,"{""baseName"":""漬物"",""variety"":""たくあん漬 塩押しだいこん漬"",""notes"":[""だいこん類""]}",漬物は塩分や発酵調味料が高く、素材としての利用は注意が必要。,4,1,0,(21),(26),(27),(6.5),(8.1),(15),(18),(14),(31),(24),(5.9),(31),(12),(25),,,,,,,,,,34.4,169889,11.6,"Takuan pickles, salted daikon"
06,06139,（だいこん類）　漬物　たくあん漬　干しだいこん漬,88.8,1.9,0.1,3.7,3.7,23,76,150,970,500,80,1.0,0.8,0.05,0.89,-,-,(0),(0),0,0.21,0.03,1.6,0.22,(0),47,0.66,"{""baseName"":""漬物"",""variety"":""たくあん漬 干しだいこん漬"",""notes"":[""だいこん類""]}",たくあん漬は塩分や漬け調味料が多く含まれる加工食品のため、素材としては注意が必要,4,1,0,(63),(79),(84),(20),(25),(45),(54),(41),(95),(73),(18),(96),(38),(77),,,,,,,,,,13.8,169890,23.5,"Takuan pickles, dried daikon"
06,06140,（だいこん類）　漬物　守口漬,46.2,5.3,0.2,3.3,4.0,194,26,72,1400,100,9,0.7,0.8,0.12,0.69,-,-,(0),(0),0,0.05,0.17,0.7,0.32,(0),45,0.19,"{""baseName"":""漬物"",""variety"":""守口漬"",""notes"":[""だいこん類""]}",守口漬は塩漬けの加工食品で味付けや塩分があるため、素材としては加工品扱い（慎重な使用が望ましい）です。,5,0,0,,,,,,,,,,,,,,,,,,,,,,,,163.75,169890,23.5,Moriguchi pickles
06,06141,（だいこん類）　漬物　べったら漬,83.1,0.4,0.2,1.6,3.1,53,15,24,1100,190,6,0.2,0.1,0.02,0.03,1,0,(0),(0),Tr,Tr,0.11,Tr,0,12.0,0,0.07,"{""baseName"":""漬物"",""variety"":""べったら漬"",""notes"":[""だいこん類""]}",べったら漬は塩分や加工の影響があるため素材としては加減が必要な加工食品である。,4,1,0,(12),(15),(16),(3.9),(4.8),(8.7),(10),(8.1),(19),(14),(3.5),(19),(7.4),(15),,,,,,,,,,43.7,169889,11.6,Bettarazuke (sweet daikon pickles)
06,06142,（だいこん類）　漬物　みそ漬,79.0,2.1,0.3,2.1,7.3,52,18,42,2800,80,12,0.3,0.2,0.03,0.13,1,1,0,0,Tr,3.70,0.01,0.1,0.01,Tr,9,0.04,"{""baseName"":""漬物"",""state"":""みそ漬"",""notes"":[""だいこん類""]}",大根のみそ漬は加工済みの漬物で塩分や漬け調味に注意が必要だが少量なら使用可能。,5,0,0,,,,,,,,,,,,,,,,,,,,,,,,42.1,169890,23.5,"Daikon pickles, miso pickled"
06,06143,（だいこん類）　漬物　福神漬,58.6,2.7,0.1,3.9,5.3,137,36,29,2000,100,13,1.3,0.1,0.05,0.15,5,3,(0),(0),0.1,0.02,0.10,0,0,(0),3,0,"{""baseName"":""漬物"",""variety"":""福神漬"",""notes"":[""だいこん類""]}",大根や茄子などの野菜を原料とする漬物で素材自体は問題ないが、漬け液による塩分や調味料が多めのため控えめに使用。,6,0,0,,,,,,,,,,,,,,,,,,,,,,,,113.2,169890,23.5,Fukujinzuke (mixed vegetable pickles)
06,06144,（たいさい類）　つまみな　葉　生,92.3,1.9,0.3,2.3,1.6,19,210,55,22,450,30,3.3,0.4,0.07,0.22,-,-,(0),(0),1.4,0.06,0.14,1.0,0.10,(0),65,0.33,"{""baseName"":""つまみな"",""part"":""葉"",""state"":""生"",""notes"":[""たいさい類""]}",つまみな（葉）は葉物野菜として消化に良く犬のレシピ素材として適切,8,1,1,(85),(150),(120),(24),(16),(40),(110),(69),(180),(97),(42),(120),(48),(130),0.12,0.08,0.06,0.01,12,56,0,0,0,14.8,168487,12.8,"Tsumamina, leaves, raw"
06,06145,（たいさい類）　たいさい　葉　生,93.7,0.9,0.1,1.6,1.2,15,79,49,38,340,22,1.1,0.7,0.03,0.76,-,-,(0),(0),0.9,0.07,0.07,0.5,0.08,(0),120,0.14,"{""baseName"":""たいさい"",""part"":""葉"",""state"":""生"",""notes"":[""たいさい類""]}",大白菜の葉はビタミンや食物繊維が豊富で犬のレシピ素材として適している。,8,1,1,(40),(69),(57),(11),(7.4),(19),(51),(33),(84),(46),(20),(58),(23),(61),(0.04),(0.03),(0.02),(Tr),(4),(19),(0),(0),(0),12.75,170390,6.4,"Choy sum, leaves, raw"
06,06146,（たいさい類）　たいさい　塩漬,90.9,1.6,0.1,2.5,3.1,19,78,45,700,330,22,1.3,1.0,0.05,0.73,-,-,(0),(0),1.1,0.03,0.07,0.5,0.10,(0),120,0.19,"{""baseName"":""たいさい"",""state"":""塩漬"",""notes"":[""たいさい類""]}",塩漬の菜類は塩分が高い可能性のある加工食品であるため使用量に注意が必要。,5,1,1,(72),(120),(100),(20),(13),(33),(91),(58),(150),(82),(35),(100),(40),(110),(0.04),(0.03),(0.02),(Tr),(4),(19),(0),(0),(0),12.75,169891,21.5,"Choy sum, salted"
06,06147,たかな　葉　生,92.7,1.8,0.2,2.5,0.9,21,87,35,43,300,16,1.7,0.3,0.04,0.24,2,Tr,(0),(0),0.8,0.06,0.10,0.4,0.16,(0),180,0.27,"{""baseName"":""たかな"",""part"":""葉"",""state"":""生""}",たかなの葉は葉野菜としてビタミンや食物繊維があり素材に適する,8,1,0,(71),(130),(120),(31),(21),(51),(87),(59),(150),(87),(32),(100),(42),(110),,,,,,,,,,14.65,168438,,"Takana (mustard greens), leaves, raw"
06,06148,たかな　たかな漬,87.2,1.9,0.6,4.0,4.0,30,51,24,1600,110,13,1.5,0.2,0.06,0.09,1,Tr,(0),(0),1.6,0.01,0.03,0.2,0.03,0.1,23,0.08,"{""baseName"":""たかな"",""variety"":""たかな漬""}",たかな漬は葉物野菜が原料で素材自体は問題ないが、漬物であるため塩分に注意して使用。,6,1,0,(73),(140),(120),(32),(22),(53),(90),(61),(150),(91),(34),(100),(43),(110),,,,,,,,,,19.8,169397,4,Takana pickles
06,06149,たけのこ　若茎　生,90.8,3.6,0.2,2.8,1.1,27,16,62,Tr,520,13,0.4,1.3,0.13,0.68,4,1,(0),(0),0.7,0.05,0.11,0.7,0.13,(0),63,0.63,"{""baseName"":""たけのこ"",""part"":""若茎"",""state"":""生""}",たけのこは野菜として利用できるが調理して与えるのが一般的で素材として使用可能,7,1,1,89,160,150,40,42,82,100,180,280,110,31,140,63,130,(0.14),(0.09),(0.01),(0.08),(76),(13),(0),(0),(0),19.55,169210,0,"Bamboo shoots, young, raw"
06,06150,たけのこ　若茎　ゆで,89.9,3.5,0.2,3.3,0.9,31,17,60,1,470,11,0.4,1.2,0.13,0.55,-,-,(0),0,1.0,0.04,0.09,0.6,0.06,(0),63,0.63,"{""baseName"":""たけのこ"",""part"":""若茎"",""state"":""ゆで""}",ゆでたたけのこは加熱済みで与えやすく、野菜素材として利用可能,8,1,1,(84),(150),(150),(38),(41),(79),(97),(170),(270),(100),(30),(130),(61),(120),(0.14),(0.09),(0.01),(0.08),(75),(14),-,-,-,21.65,169210,0,"Bamboo shoots, young, boiled"
06,06151,たけのこ　水煮缶詰,92.8,2.7,0.2,2.3,0.3,22,19,38,3,77,4,0.3,0.4,0.04,0.68,0,0,(0),(0),1.0,0.01,0.04,0.1,0.02,(0),36,0.10,"{""baseName"":""たけのこ"",""state"":""水煮缶詰""}",たけのこ水煮は加熱済みで消化しやすく、犬の素材として問題なく使える,8,1,1,(64),(120),(110),(30),(31),(61),(75),(130),(210),(79),(23),(99),(47),(94),(0.14),(0.09),(0.01),(0.08),(76),(14),(0),(0),(0),17.1,169212,0,"Bamboo shoots, canned, water pack"
06,06152,たけのこ　めんま　塩蔵　塩抜き,93.9,1.0,0.5,3.5,1.0,15,18,11,360,6,3,0.2,Tr,0.02,0.03,-,-,(0),(0),Tr,0,0,0,0,(0),1,0,"{""baseName"":""たけのこ"",""variety"":""めんま 塩蔵"",""state"":""塩抜き""}",たけのこ自体は可食だが、めんまは調味済みで塩分や添加物があり素材としては限定的。,5,1,1,(24),(43),(43),(11),(12),(23),(28),(49),(77),(29),(8.5),(37),(17),(35),(0.35),(0.22),(0.03),(0.19),(190),(33),(0),(0),(0),8.1,168497,,"Menma (fermented bamboo shoots), desalinated"
06,06153,（たまねぎ類）　たまねぎ　りん茎　生,90.1,1.0,0.1,1.5,0.4,33,17,31,2,150,9,0.3,0.2,0.05,0.15,1,1,0,0,Tr,0.04,0.01,0.1,0.14,0,15,0.17,"{""baseName"":""たまねぎ"",""part"":""りん茎"",""state"":""生"",""notes"":[""たまねぎ類""]}",玉ねぎはネギ属で溶血性貧血を引き起こすため犬には禁忌,1,1,1,14,25,43,7.8,9.2,17,24,22,46,19,11,17,16,130,0.04,0.02,Tr,0.02,23,1,0,-,0,28.5,170000,6.1,"Onion, bulb, raw"
06,06154,（たまねぎ類）　たまねぎ　りん茎　水さらし,93.0,0.6,0.1,1.5,0.2,24,18,20,4,88,7,0.2,0.1,0.04,0.10,-,-,(0),(0),Tr,0.03,0.01,0.1,0.09,(0),11,0.14,"{""baseName"":""たまねぎ"",""variety"":""水さらし"",""part"":""りん茎"",""notes"":[""たまねぎ類""]}",タマネギは溶血性貧血を引き起こす成分を含むため犬には禁忌である,1,1,1,(8.4),(15),(26),(4.7),(5.6),(10),(15),(13),(28),(11),(6.7),(11),(9.5),(80),(0.04),(0.03),(Tr),(0.02),(24),(1),(0),-,(0),19.05,170008,5.5,"Onion, bulb, soaked in water"
06,06155,（たまねぎ類）　たまねぎ　りん茎　ゆで,91.5,0.8,0.1,1.7,0.3,30,18,25,3,110,7,0.2,0.1,0.05,0.12,0,0,(0),(0),0,0.03,0.01,0.1,0.11,(0),11,0.15,"{""baseName"":""たまねぎ"",""part"":""りん茎"",""state"":""ゆで"",""notes"":[""たまねぎ類""]}",たまねぎはネギ類に該当し、加熱しても有害で赤血球破壊を引き起こすため絶対禁忌。,1,1,1,(11),(20),(35),(6.3),(7.4),(14),(19),(18),(37),(15),(8.9),(14),(13),(110),(0.04),(0.03),(Tr),(0.02),(24),(1),(0),-,(0),23.25,170001,6.8,"Onion, bulb, boiled"
06,06336,（たまねぎ類）　たまねぎ　りん茎　油いため,80.1,1.4,5.9,2.7,0.6,100,24,47,3,210,11,0.2,0.3,0.08,0.18,-,-,(0),(0),0.9,0.04,0.02,0.1,0.22,(0),21,0.29,"{""baseName"":""たまねぎ"",""part"":""りん茎"",""state"":""油いため"",""notes"":[""たまねぎ類""]}",玉ねぎは犬に溶血性貧血を引き起こす成分を含むため使用不可,1,1,1,(19),(34),(59),(11),(13),(23),(33),(30),(63),(26),(15),(24),(22),(180),(5.46),(1.55),(0.44),(1.11),(1100),(440),(0),(0),(0),87.6,170004,6.5,"Onion, bulb, stir-fried"
06,06389,（たまねぎ類）　たまねぎ　りん茎　油いため　（あめ色たまねぎ）,54.7,3.2,6.8,-,1.3,208,47,98,7,490,28,0.9,0.5,0.13,0.44,4,Tr,-,-,4.5,0.12,0.03,0.4,0.45,-,33,0.62,"{""baseName"":""たまねぎ"",""part"":""りん茎"",""state"":""油いため"",""notes"":[""たまねぎ類"",""あめ色たまねぎ""]}",玉ねぎは赤血球を破壊する成分を含み、犬にとって有害であるため使用不可。,1,1,0,(44),(80),(140),(25),(30),(55),(78),(70),(150),(61),(35),(56),(51),(430),,,,,,,,,,188,170004,6.5,"Onion, bulb, stir-fried (caramelized)"
06,06156,（たまねぎ類）　赤たまねぎ　りん茎　生,89.6,0.9,0.1,1.7,0.4,34,19,34,2,150,9,0.3,0.2,0.04,0.14,-,-,(0),(0),0.1,0.03,0.02,0.1,0.13,(0),23,0.15,"{""baseName"":""赤たまねぎ"",""part"":""りん茎"",""state"":""生"",""notes"":[""たまねぎ類""]}",赤たまねぎはタマネギ類に含まれる成分により犬に溶血性貧血を起こす危険があるため不可,1,1,1,(13),(23),(39),(7.1),(8.4),(15),(22),(20),(42),(17),(10),(16),(14),(120),(0.04),(0.03),(Tr),(0.02),(24),(1),(0),-,(0),29.55,170000,6.1,"Red onion, bulb, raw"
06,06337,（たまねぎ類）　葉たまねぎ　りん茎及び葉　生,89.5,1.8,0.4,3.0,0.7,33,67,45,3,290,14,0.6,0.3,0.03,0.35,-,-,0,(0),1.1,0.06,0.11,0.6,0.16,(0),120,0.13,"{""baseName"":""葉たまねぎ"",""variety"":""りん茎及び葉"",""state"":""生"",""notes"":[""たまねぎ類""]}",葉たまねぎはネギ属に該当し、溶血性貧血を引き起こすため禁忌です。,1,1,0,(24),(44),(76),(14),(16),(30),(43),(38),(81),(33),(19),(31),(28),(230),,,,,,,,,,25.8,170005,5.7,"Green onion, leaves and stem, raw"
06,06157,たらのめ　若芽　生,90.2,4.2,0.2,4.2,1.1,27,16,120,1,460,33,0.9,0.8,0.35,0.47,0,1,(0),(0),2.4,0.15,0.20,2.5,0.22,(0),160,0.53,"{""baseName"":""たらのめ"",""part"":""若芽"",""state"":""生""}",たらのめは山菜として風味があり利用できるが生のままは消化性に配慮が必要,7,0,0,,,,,,,,,,,,,,,,,,,,,,,,16.75,169405,,"Japanese angelica tree shoots, raw"
06,06158,たらのめ　若芽　ゆで,90.8,4.0,0.2,3.6,0.9,27,19,92,1,260,28,0.9,0.7,0.30,0.44,-,-,(0),(0),2.0,0.07,0.11,1.3,0.11,(0),83,0.23,"{""baseName"":""たらのめ"",""part"":""若芽"",""state"":""ゆで""}",たらのめ（ゆで）は山菜の調理済み素材で風味付けや食感の要素として利用可能,7,0,0,,,,,,,,,,,,,,,,,,,,,,,,17.45,169405,,"Japanese angelica tree shoots, boiled"
06,06159,チコリ　若芽　生,94.7,1.0,Tr,1.1,0.4,17,24,25,3,170,9,0.2,0.2,0.05,0.07,1,0,(0),(0),0.2,0.06,0.02,0.2,0.03,(0),41,0.14,"{""baseName"":""チコリ"",""part"":""若芽"",""state"":""生""}",チコリの若芽は食物繊維を含む安全な葉菜で適量であれば利用可能。,8,1,0,(39),(62),(53),(13),(8.6),(22),(38),(30),(67),(46),(12),(48),(19),(48),,,,,,,,,,13.3,170404,,"Chicory, shoots, raw"
06,06376,ちぢみゆきな　葉　生,88.1,3.6,0.6,3.9,1.7,35,180,88,18,570,30,3.0,0.9,0.09,0.41,-,-,(0),(0),-,0.09,0.21,1.6,-,(0),180,0.29,"{""baseName"":""ちぢみゆきな"",""part"":""葉"",""state"":""生""}",葉物野菜で繊維やビタミン源。レシピ素材として適切,8,1,0,(160),(280),(230),(45),(30),(75),(200),(130),(330),(180),(79),(230),(91),(240),,,,,,,,,,25.05,168491,,"Chijimi yukina, leaves, raw"
06,06377,ちぢみゆきな　葉　ゆで,89.1,3.8,0.7,4.3,1.0,34,130,82,15,320,21,1.4,0.7,0.09,0.32,-,-,(0),(0),-,0.06,0.12,0.7,-,(0),120,0.27,"{""baseName"":""ちぢみゆきな"",""part"":""葉"",""state"":""ゆで""}",ゆでた葉物野菜で消化に良く素材として適している,8,1,0,(170),(290),(240),(47),(31),(78),(210),(140),(350),(190),(83),(240),(95),(260),,,,,,,,,,23.1,168491,,"Chijimi yukina, leaves, boiled"
06,06160,チンゲンサイ　葉　生,96.0,0.6,0.1,1.2,0.8,9,100,27,32,260,16,1.1,0.3,0.07,0.12,Tr,1,(0),(0),0.7,0.03,0.07,0.3,0.08,(0),66,0.17,"{""baseName"":""チンゲンサイ"",""part"":""葉"",""state"":""生""}",チンゲンサイの葉は野菜として適し、加熱やみじん切りで与えやすい。,8,1,1,34,56,47,7.0,4.7,12,39,26,65,40,16,46,19,48,(0.07),(0.05),(0.03),(0.02),(21),(28),(0),(0),(0),7.5,170390,6.4,"Bok choy, leaves, raw"
06,06161,チンゲンサイ　葉　ゆで,95.3,0.9,0.1,1.5,0.8,11,120,27,28,250,17,0.7,0.2,0.06,0.17,-,-,(0),(0),0.9,0.03,0.05,0.3,0.04,(0),53,0.12,"{""baseName"":""チンゲンサイ"",""part"":""葉"",""state"":""ゆで""}",ゆでた青菜でビタミン・葉野菜として適切（茎や硬い部分は除去前提）,9,1,1,(49),(83),(70),(10),(6.9),(17),(58),(38),(95),(55),(24),(67),(28),(70),(0.07),(0.05),(0.03),(0.02),(21),(28),(0),(0),(0),8.9,170391,12.1,"Bok choy, leaves, boiled"
06,06338,チンゲンサイ　葉　油いため,92.6,0.8,3.2,1.4,0.7,36,92,27,31,230,16,0.9,0.3,0.07,0.12,-,-,(0),(0),1.4,0.03,0.06,0.3,0.05,(0),62,0.12,"{""baseName"":""チンゲンサイ"",""part"":""葉"",""state"":""油いため""}",チンゲンサイの葉の油炒めは葉物野菜として使いやすく問題ないが油分に留意。,8,1,1,(41),(69),(58),(8.6),(5.8),(14),(48),(31),(80),(46),(20),(56),(23),(59),(2.98),(0.87),(0.27),(0.60),(600),(270),(0),(0),(0),34.55,169392,25.3,"Bok choy, leaves, stir-fried"
06,06162,つくし　胞子茎　生,86.9,3.5,0.1,8.1,1.4,31,50,94,6,640,33,2.1,1.1,0.22,0.22,-,-,(0),(0),4.9,0.07,0.14,2.2,0.35,(0),110,0.90,"{""baseName"":""つくし"",""part"":""胞子茎"",""state"":""生""}",つくしは山菜で生では下処理や加熱が必要、処理すれば利用可能,5,0,0,,,,,,,,,,,,,,,,,,,,,,,,13.1,169405,,"Field horsetail, fertile stem, raw"
06,06163,つくし　胞子茎　ゆで,88.9,3.4,0.1,6.7,0.9,28,58,82,4,340,26,1.1,1.0,0.16,0.18,-,-,(0),(0),3.6,Tr,0.10,1.1,0.21,(0),74,0.48,"{""baseName"":""つくし"",""part"":""胞子茎"",""state"":""ゆで""}",茹でて調理済みの山菜系素材で消化にやさしく使用可能,7,0,0,,,,,,,,,,,,,,,,,,,,,,,,12.75,170384,14.3,"Field horsetail, fertile stem, boiled"
06,06164,つるな　茎葉　生,93.8,1.8,0.1,2.3,1.3,15,48,75,5,300,35,3.0,0.5,0.06,0.81,-,-,(0),(0),1.3,0.08,0.30,1.0,0.13,(0),90,0.46,"{""baseName"":""つるな"",""part"":""茎葉"",""state"":""生""}",つるな（茎葉）は野菜として安全に利用できる栄養源である,8,0,0,,,,,,,,,,,,,,,,,,,,,,,,9.6,168440,,"New Zealand spinach, stems and leaves, raw"
06,06390,つるにんじん　根　生,77.7,1.0,0.7,17.1,0.8,55,61,75,2,190,33,5.9,0.5,0.11,0.40,2,1,0,0,3.6,0.06,0.05,0.5,0.41,-,16,0.28,"{""baseName"":""つるにんじん"",""part"":""根"",""state"":""生""}",つるにんじんの根は野菜の根菜として安全で繊維や栄養が期待できる素材,8,0,0,,,,,,,,,,,,,,,,,,,,,,,,18.9,169974,11.7,"Balloon flower root, raw"
06,06165,つるむらさき　茎葉　生,95.1,0.7,0.2,2.2,1.1,11,150,28,9,210,67,0.5,0.4,0.05,0.29,-,-,(0),(0),1.1,0.03,0.07,0.3,0.09,(0),78,0.21,"{""baseName"":""つるむらさき"",""part"":""茎葉"",""state"":""生""}",つるむらさきは葉茎の緑黄色野菜でビタミンやミネラルの供給源として適する。,8,1,0,(27),(45),(35),(11),(9.2),(20),(33),(26),(58),(29),(13),(35),(16),(43),,,,,,,,,,6.6,170474,,"Malabar spinach, stems and leaves, raw"
06,06166,つるむらさき　茎葉　ゆで,94.5,0.9,0.2,3.1,0.9,12,180,24,7,150,41,0.4,0.4,0.07,0.32,-,-,(0),(0),1.3,0.02,0.05,0.2,0.04,(0),51,0.15,"{""baseName"":""つるむらさき"",""part"":""茎葉"",""state"":""ゆで""}",茹でたつるむらさきは消化に良く栄養価もある安全な葉茎野菜です。,9,1,0,(34),(58),(45),(14),(12),(26),(42),(33),(75),(38),(17),(45),(21),(56),,,,,,,,,,6.25,169400,,"Malabar spinach, stems and leaves, boiled"
06,06167,つわぶき　葉柄　生,93.3,0.4,0,2.5,0.7,19,38,11,100,410,15,0.2,0.1,0.02,0.23,-,-,(0),(0),0.4,0.01,0.04,0.4,0.02,(0),16,0.10,"{""baseName"":""つわぶき"",""part"":""葉柄"",""state"":""生""}",つわぶきは野生植物で下処理や摂取量に注意が必要なため慎重に扱うべき,4,0,0,,,,,,,,,,,,,,,,,,,,,,,,12.25,170385,,"Japanese butterbur, leaf stalk, raw"
06,06168,つわぶき　葉柄　ゆで,95.0,0.3,0,2.3,0.3,14,31,33,42,160,8,0.1,0.1,0.02,0.23,-,-,(0),(0),0.4,0.01,0.03,0.2,0.01,(0),7,0,"{""baseName"":""つわぶき"",""part"":""葉柄"",""state"":""ゆで""}",茹でた野菜性素材で利用可能だが風味や個体差に注意,6,0,0,,,,,,,,,,,,,,,,,,,,,,,,8.4,170385,,"Japanese butterbur, leaf stalk, boiled"
06,06169,とうがらし　葉･果実　生,86.7,3.4,0.1,5.7,2.2,32,490,65,3,650,79,2.2,0.4,0.12,0.43,-,-,(0),(0),7.7,0.08,0.28,1.3,0.25,(0),87,0.41,"{""baseName"":""とうがらし"",""variety"":""葉･果実"",""state"":""生""}",とうがらしは辛味成分で消化器を刺激しやすく、犬には不向きなことがある,3,1,1,(110),(190),(190),(43),(66),(110),(120),(100),(220),(140),(41),(160),(67),(140),(0.04),(0.02),(0.01),(0.02),(17),(5),(Tr),-,(0),19.4,170497,11.1,"Chili pepper, leaves and fruit, raw"
06,06170,とうがらし　葉･果実　油いため,79.5,4.0,4.9,6.3,2.6,81,550,76,2,690,87,2.8,0.4,0.13,0.47,-,-,(0),(0),8.5,0.12,0.28,1.4,0.28,(0),96,0.45,"{""baseName"":""とうがらし"",""variety"":""葉･果実"",""state"":""油いため""}",とうがらしの油いためは辛味成分を含み刺激が強いため、犬の素材としては不向き。,3,1,1,(130),(230),(230),(51),(77),(130),(140),(120),(260),(160),(48),(180),(79),(160),(4.51),(1.28),(0.37),(0.91),(910),(370),(Tr),(0),(0),65.1,170106,10.9,"Chili pepper, leaves and fruit, stir-fried"
06,06171,とうがらし　果実　生,75.0,3.9,3.4,10.3,1.4,72,20,71,6,760,42,2.0,0.5,0.23,0.27,-,-,(0),(0),8.9,0.14,0.36,3.7,1.00,(0),41,0.95,"{""baseName"":""とうがらし"",""part"":""果実"",""state"":""生""}",とうがらしは辛味成分で消化器や口腔を刺激しやすく、香辛料として注意が必要,3,1,1,(130),(220),(220),(50),(75),(120),(140),(120),(260),(160),(47),(180),(77),(160),(1.20),(0.77),(0.19),(0.58),(580),(180),(14),-,(0),63.55,170106,10.9,"Chili pepper, fruit, raw"
06,06172,とうがらし　果実　乾,8.8,14.7,12.0,46.4,6.1,270,74,260,17,2800,190,6.8,1.5,0.85,1.08,-,-,(0),(0),30.0,0.50,1.40,14.0,3.81,(0),30,3.61,"{""baseName"":""とうがらし"",""part"":""果実"",""state"":""乾""}",辛味成分が強く消化器に刺激を与える可能性があるため注意が必要,3,1,1,(490),(830),(840),(190),(280),(470),(530),(440),(970),(610),(180),(670),(290),(600),(4.22),(2.72),(0.68),(2.04),(2000),(630),(50),-,(0),195.45,168579,,"Chili pepper, fruit, dried"
06,06173,とうがん　果実　生,95.2,0.5,0.1,1.3,0.4,15,19,18,1,200,7,0.2,0.1,0.02,0.02,7,0,(0),(0),0.1,0.01,0.01,0.4,0.03,(0),26,0.21,"{""baseName"":""とうがん"",""part"":""果実"",""state"":""生""}",冬瓜は低カロリーで消化性の良い野菜で、犬のレシピ素材として適している。,8,1,1,(14),(23),(20),(5.7),(4.0),(9.7),(15),(12),(27),(13),(5.4),(17),(7.8),(21),(0.07),(0.04),(0),(0.04),(44),-,-,-,-,11.35,167765,4.1,"Winter melon, fruit, raw"
06,06174,とうがん　果実　ゆで,95.3,0.6,0.1,1.5,0.3,15,22,19,1,200,7,0.3,0.1,0.01,0.02,-,-,(0),(0),0.1,0.01,0.01,0.4,0.03,(0),25,0.20,"{""baseName"":""とうがん"",""part"":""果実"",""state"":""ゆで""}",とうがん（ゆで）は水分が多く低カロリーで消化しやすい野菜素材であるため,8,1,1,(17),(28),(23),(6.8),(4.8),(12),(18),(14),(32),(15),(6.5),(21),(9.4),(25),(0.07),(0.04),(0),(0.04),(44),(0),(0),(0),(0),10.65,167765,4.1,"Winter melon, fruit, boiled"
06,06175,（とうもろこし類）　スイートコーン　未熟種子　生,77.1,3.6,1.7,3.0,0.8,89,3,100,Tr,290,37,0.8,1.0,0.10,0.32,0,Tr,0,(0),0.3,0.15,0.10,2.3,0.14,(0),95,0.58,"{""baseName"":""スイートコーン"",""variety"":""未熟種子"",""state"":""生"",""notes"":[""とうもろこし類""]}",生のスイートコーンは食物繊維と炭水化物の供給源として使えるが粒のままだと消化に配慮する必要がある。,8,1,1,110,320,160,78,64,140,140,120,260,140,31,170,83,150,1.29,0.54,0.02,0.53,530,16,0,-,0,75.35,169998,23,"Sweet corn, immature kernels, raw"
06,06176,（とうもろこし類）　スイートコーン　未熟種子　ゆで,75.4,3.5,1.7,3.1,0.8,95,5,100,Tr,290,38,0.8,1.0,0.10,0.31,-,-,0,(0),0.3,0.12,0.10,2.2,0.12,(0),86,0.51,"{""baseName"":""スイートコーン"",""variety"":""未熟種子"",""state"":""ゆで"",""notes"":[""とうもろこし類""]}",茹でたスイートコーンの未熟種子は消化可能な炭水化物源として犬に利用できる。,8,1,1,(110),(310),(150),(75),(61),(140),(140),(110),(250),(130),(30),(160),(80),(140),(1.29),(0.54),(0.02),(0.53),(530),(16),(0),-,(0),80.95,168525,29.1,"Sweet corn, immature kernels, boiled"
06,06339,（とうもろこし類）　スイートコーン　未熟種子　電子レンジ調理,73.5,4.2,2.2,3.4,1.0,104,3,120,0,330,42,0.9,1.1,0.10,0.32,-,-,(0),(0),0.3,0.16,0.11,2.4,0.14,(0),97,0.67,"{""baseName"":""スイートコーン"",""variety"":""未熟種子"",""state"":""電子レンジ調理"",""notes"":[""とうもろこし類""]}",加熱したスイートコーンは消化可能な炭水化物で犬に使える,8,1,1,(130),(370),(180),(90),(74),(160),(170),(130),(300),(150),(36),(190),(96),(170),(1.65),(0.69),(0.02),(0.67),(670),(20),(0),-,(0),88.35,169217,30.3,"Sweet corn, immature kernels, microwaved"
06,06177,（とうもろこし類）　スイートコーン　未熟種子　穂軸つき　冷凍,75.6,3.5,1.5,2.8,0.7,96,4,90,1,230,33,0.6,1.0,0.08,0.22,-,-,(0),(0),0.1,0.12,0.09,2.2,0.10,(0),77,0.49,"{""baseName"":""スイートコーン"",""variety"":""未熟種子 穂軸つき"",""state"":""冷凍"",""notes"":[""とうもろこし類""]}",スイートコーン（未熟種子）は一般に犬に安全で使いやすい穀物性素材である。,8,1,1,(140),(380),(150),(73),(29),(100),(160),(130),(300),(140),(25),(200),(96),(140),1.30,0.57,0.02,0.55,550,21,0,0,0,80.65,168400,,"Sweet corn, immature kernels on cob, frozen"
06,06178,（とうもろこし類）　スイートコーン　未熟種子　カーネル　冷凍,75.5,2.9,1.3,4.8,0.6,91,3,79,1,230,23,0.3,0.5,0.04,0.10,0,1,(0),(0),0.1,0.10,0.07,1.8,0.09,0,57,0.41,"{""baseName"":""スイートコーン"",""variety"":""未熟種子 カーネル"",""state"":""冷凍"",""notes"":[""とうもろこし類""]}",冷凍カーネルのスイートコーンも同様に犬のレシピ素材として利用可能である。,8,1,1,99,320,98,66,57,120,130,110,240,110,24,150,80,110,1.03,0.48,0.02,0.46,460,20,0,0,0,73.35,168544,,"Sweet corn, immature kernels, frozen"
06,06378,（とうもろこし類）　スイートコーン　未熟種子　カーネル　冷凍　ゆで,76.5,2.8,1.5,6.2,0.5,92,3,72,1,200,22,0.2,0.4,0.03,0.10,0,1,(0),(0),0.1,0.08,0.06,1.6,0.08,0,48,0.33,"{""baseName"":""スイートコーン"",""variety"":""未熟種子 カーネル"",""state"":""ゆで"",""notes"":[""とうもろこし類""]}",ゆでたスイートコーンの実は安全な野菜性の炭水化物・食物繊維源で使用可能,8,1,1,100,320,100,66,57,120,130,120,250,110,23,150,81,110,1.16,0.54,0.02,0.52,520,21,0,0,0,66.3,168399,22,"Sweet corn, immature kernels, frozen, boiled"
06,06379,（とうもろこし類）　スイートコーン　未熟種子　カーネル　冷凍　油いため,71.8,2.9,5.8,4.7,0.6,125,3,78,1,230,23,0.3,0.5,0.04,0.10,0,1,(0),(0),0.8,0.10,0.07,1.9,0.09,0,56,0.37,"{""baseName"":""スイートコーン"",""variety"":""未熟種子 カーネル"",""state"":""油いため"",""notes"":[""とうもろこし類""]}",スイートコーンは犬に与えて問題の少ないでんぷん源で、加熱済みで消化しやすい。,8,1,1,100,320,100,66,55,120,130,110,240,110,24,150,78,110,4.80,1.62,0.33,1.29,1300,330,0,0,0,109.15,169217,30.3,"Sweet corn, immature kernels, frozen, stir-fried"
06,06179,（とうもろこし類）　スイートコーン　缶詰　クリームスタイル,78.2,1.7,0.5,1.8,1.0,82,2,46,260,150,18,0.4,0.4,0.04,0.07,-,-,(0),(0),0.1,0.02,0.05,0.8,0.03,(0),19,0.34,"{""baseName"":""スイートコーン"",""variety"":""クリームスタイル"",""state"":""缶詰"",""notes"":[""とうもろこし類""]}",クリームスタイルの缶詰コーンは安全だが加工・乳成分等があるため使用はやや注意,6,1,1,(68),(180),(72),(35),(14),(49),(79),(64),(140),(68),(12),(98),(47),(69),(0.46),(0.24),(0.01),(0.23),(230),(7),(0),(0),(0),69,169215,20.3,"Sweet corn, canned, cream style"
06,06180,（とうもろこし類）　スイートコーン　缶詰　ホールカーネルスタイル,78.4,2.3,0.5,3.3,1.0,78,2,40,210,130,13,0.4,0.6,0.04,0.06,-,-,(0),(0),0.1,0.03,0.05,0.8,0.05,(0),18,0.19,"{""baseName"":""スイートコーン"",""variety"":""ホールカーネルスタイル"",""state"":""缶詰"",""notes"":[""とうもろこし類""]}",ホールカーネルのスイートコーン（缶詰）は炭水化物源として利用可能,7,1,1,(72),(290),(220),(53),(35),(88),(110),(88),(190),(69),(21),(110),(62),(95),(0.47),(0.21),(0.01),(0.20),(200),(7),(0),(0),(0),63.05,169214,17.8,"Sweet corn, canned, whole kernel"
06,06181,（とうもろこし類）　ヤングコーン　幼雌穂　生,90.9,2.3,0.2,2.7,0.6,29,19,63,0,230,25,0.4,0.8,0.09,0.60,-,-,(0),(0),0.4,0.09,0.11,0.9,0.16,(0),110,0.40,"{""baseName"":""ヤングコーン"",""variety"":""幼雌穂"",""state"":""生"",""notes"":[""とうもろこし類""]}",ヤングコーンは安全な野菜素材で犬のレシピに利用可能,8,1,1,(70),(200),(99),(49),(40),(90),(90),(72),(160),(82),(20),(100),(52),(91),(0.15),(0.06),(Tr),(0.06),(62),(2),(0),-,(0),21.3,169389,57.1,"Baby corn, raw"
06,06182,（トマト類）　赤色トマト　果実　生,94.0,0.7,0.1,1.0,0.5,20,7,26,3,210,9,0.2,0.1,0.04,0.08,Tr,1,(0),(0),0.9,0.05,0.02,0.7,0.08,(0),22,0.17,"{""baseName"":""赤色トマト"",""part"":""果実"",""state"":""生"",""notes"":[""トマト類""]}",完熟のトマト果実は一般に犬に与えて問題ない果物・野菜素材。,8,1,1,16,25,26,6.4,9.0,15,18,15,33,19,5.1,18,12,20,0.05,0.03,Tr,0.02,24,3,0,-,0,16.25,170502,,"Tomato, red, raw"
06,06183,（トマト類）　赤色ミニトマト　果実　生,91.0,1.1,0.1,1.4,0.6,30,12,29,4,290,13,0.4,0.2,0.06,0.10,4,Tr,(0),(0),0.9,0.07,0.05,0.8,0.11,(0),35,0.17,"{""baseName"":""赤色ミニトマト"",""part"":""果実"",""state"":""生"",""notes"":[""トマト類""]}",赤色ミニトマトの果実は適量で安全な野菜果実だが、へた等は除去する。,8,1,1,(24),(39),(40),(9.9),(14),(24),(28),(22),(51),(27),(7.9),(27),(19),(30),(0.05),(0.03),(Tr),(0.02),(24),(3),(0),-,(0),25,170050,6.9,"Tomato, red, cherry, raw"
06,06391,（トマト類）　黄色トマト　果実　生,94.7,1.1,0.4,1.3,0.7,18,6,35,2,310,10,0.3,0.2,0.04,0.10,2,0,-,-,1.2,0.08,0.03,1.0,0.07,-,29,0.14,"{""baseName"":""黄色トマト"",""part"":""果実"",""state"":""生"",""notes"":[""トマト類""]}",トマト果実（黄色）は通常安全で犬のレシピ素材として適している（へた・茎は除去）。,8,1,0,(24),(39),(40),(9.9),(14),(24),(28),(23),(51),(29),(7.9),(27),(19),(31),,,,,,,,,,13.55,170096,,"Tomato, yellow, raw"
06,06370,（トマト類）　ドライトマト,9.5,14.2,2.1,21.7,6.9,291,110,300,120,3200,180,4.2,1.9,0.82,1.22,4,16,(0),(0),18.0,0.68,0.30,13.0,0.95,(0),120,1.08,"{""baseName"":""ドライトマト"",""notes"":[""トマト類""]}",トマトの果実は犬に問題ないが、ドライは風味や酸味が濃縮されるため少量からが望ましい,7,1,1,250,390,300,90,150,240,350,200,550,320,76,280,180,320,1.04,0.60,0.06,0.53,530,59,0,0,0,227.15,168567,104.6,"Tomato, dried"
06,06184,（トマト類）　加工品　ホール　食塩無添加,93.3,0.9,0.2,1.3,1.2,21,9,26,4,240,13,0.4,0.1,0.08,0.09,-,-,(0),(0),1.2,0.06,0.03,0.6,0.10,(0),21,0.22,"{""baseName"":""加工品"",""variety"":""ホール 食塩無添加"",""notes"":[""トマト類""]}",加熱済みトマトの果肉は犬に与えやすいが未熟な葉・茎は除去が必要,8,1,1,(25),(31),(32),(9.1),(9.1),(18),(31),(21),(51),(48),(9.1),(18),(17),(26),(0.11),(0.06),(0.01),(0.05),(48),(7),(0),-,(0),15.7,170545,6.8,"Tomato, canned, whole, no salt added"
06,06185,（トマト類）　加工品　トマトジュース　食塩添加,94.1,0.7,0.1,0.7,1.1,15,6,18,120,260,9,0.3,0.1,0.06,0.05,4,Tr,(0),(0),0.7,0.04,0.04,0.7,0.09,(0),17,0.18,"{""baseName"":""加工品"",""variety"":""トマトジュース 食塩添加"",""notes"":[""トマト類""]}",トマトジュースはトマト由来で問題なく、食塩は少量前提で使用可能,7,1,1,(19),(24),(25),(7.1),(7.1),(14),(24),(16),(40),(37),(7.1),(14),(13),(20),(0.05),(0.03),(Tr),(0.02),(24),(3),(0),-,(0),14.85,170458,6.8,"Tomato juice, with salt"
06,06340,（トマト類）　加工品　トマトジュース　食塩無添加,94.1,0.7,0.1,0.7,1.1,18,6,18,8,260,9,0.3,0.1,0.06,0.05,4,Tr,(0),(0),0.7,0.04,0.04,0.7,0.09,(0),17,0.18,"{""baseName"":""加工品"",""variety"":""トマトジュース 食塩無添加"",""notes"":[""トマト類""]}",無塩のトマトジュースはトマト果汁由来で通常安全。酸味等への配慮は必要。,7,1,0,(19),(24),(25),(7.1),(7.1),(14),(24),(16),(40),(37),(7.1),(14),(13),(20),,,,,,,,,,14.85,170545,6.8,"Tomato juice, no salt added"
06,06186,（トマト類）　加工品　ミックスジュース　食塩添加,94.2,0.6,0,0.7,0.9,18,11,11,82,200,13,0.3,0.1,0.08,0.07,-,-,(0),(0),0.8,0.03,0.03,0.4,0.06,(0),10,0.20,"{""baseName"":""加工品"",""variety"":""ミックスジュース 食塩添加"",""notes"":[""トマト類""]}",食塩添加のミックスジュース。トマトや野菜果物は犬に適するが食塩添加がある点に留意。,6,1,0,(12),(17),(19),(3.9),(6.5),(10),(18),(9.0),(27),(19),(4.5),(12),(9.7),(14),,,,,,,,,,14.7,170458,6.8,"Tomato mixed juice, with salt"
06,06341,（トマト類）　加工品　ミックスジュース　食塩無添加,94.2,0.6,0,0.7,0.9,18,11,11,12,200,13,0.3,0.1,0.08,0.07,-,-,(0),(0),0.8,0.03,0.03,0.4,0.06,(0),10,0.20,"{""baseName"":""加工品"",""variety"":""ミックスジュース 食塩無添加"",""notes"":[""トマト類""]}",トマト・にんじん等の無塩ミックスジュースは野菜由来で使用可能だが濃度や酸味に配慮が必要。,7,1,0,(12),(17),(19),(3.9),(6.5),(10),(18),(9.0),(27),(19),(4.5),(12),(9.7),(14),,,,,,,,,,14.7,170545,6.8,"Tomato mixed juice, no salt added"
06,06187,トレビス　葉　生,94.1,1.1,0.2,2.0,0.7,17,21,34,11,290,11,0.3,0.2,0.06,0.15,-,-,(0),(0),0.1,0.04,0.04,0.2,0.03,(0),41,0.24,"{""baseName"":""トレビス"",""part"":""葉"",""state"":""生""}",トレビスの葉は葉物野菜としてビタミン・繊維源になり得る。,8,1,1,(43),(68),(59),(15),(9.4),(24),(42),(32),(74),(50),(13),(52),(21),(53),0.07,0.05,0.02,0.03,32,18,0,0,0,12.2,168564,10.9,"Radicchio, leaves, raw"
06,06188,とんぶり　ゆで,76.7,6.1,3.5,7.1,0.8,89,15,170,5,190,74,2.8,1.4,0.25,0.78,-,-,(0),(0),4.6,0.11,0.17,0.3,0.16,(0),100,0.48,"{""baseName"":""とんぶり"",""state"":""ゆで""}",とんぶりは種子由来の食材で調理済みなら犬にも利用できる素材。,7,0,1,,,,,,,,,,,,,,,2.51,1.65,0.15,1.50,1500,150,0,0,0,71.4,172467,,"Tonburi, boiled"
06,06189,ながさきはくさい　葉　生,93.9,1.3,0.1,2.2,1.8,12,140,37,21,300,27,2.3,0.3,0.05,0.21,-,-,(0),(0),1.3,0.05,0.13,0.7,0.14,(0),150,0.28,"{""baseName"":""ながさきはくさい"",""part"":""葉"",""state"":""生""}",白菜の葉は水分と食物繊維が多く安全な野菜素材。,9,1,1,(42),(70),(71),(16),(16),(32),(42),(34),(76),(49),(14),(59),(27),(64),(0.04),(0.03),(0.02),(Tr),(3),(24),(0),-,(0),7.85,170390,6.4,"Nagasaki Chinese cabbage, leaves, raw"
06,06190,ながさきはくさい　葉　ゆで,93.2,2.2,0.1,2.4,0.8,18,120,48,12,120,24,1.6,0.2,0.04,0.20,-,-,(0),(0),1.3,0.02,0.07,0.3,0.06,(0),69,0.11,"{""baseName"":""ながさきはくさい"",""part"":""葉"",""state"":""ゆで""}",ゆでた白菜の葉は消化しやすくビタミン・繊維源として利用可能,9,1,1,(70),(120),(120),(27),(26),(53),(71),(57),(130),(83),(23),(100),(45),(110),(0.04),(0.03),(0.02),(Tr),(3),(24),(0),-,(0),13.1,170391,12.1,"Nagasaki Chinese cabbage, leaves, boiled"
06,06191,（なす類）　なす　果実　生,93.2,1.1,0.1,2.2,0.5,18,18,30,Tr,220,17,0.3,0.2,0.06,0.16,0,0,(0),(0),0.3,0.05,0.05,0.5,0.05,(0),32,0.33,"{""baseName"":""なす"",""part"":""果実"",""state"":""生"",""notes"":[""なす類""]}",なすは低カロリーで調理すれば消化しやすい野菜で素材向き,8,1,1,34,53,56,11,11,22,38,26,65,37,11,46,24,59,0.03,Tr,0,Tr,4,1,0,-,0,14.85,169228,6.9,"Eggplant, raw"
06,06192,（なす類）　なす　果実　ゆで,94.0,1.0,0.1,2.1,0.4,17,20,27,1,180,16,0.3,0.2,0.05,0.15,-,-,(0),(0),0.3,0.04,0.04,0.4,0.03,(0),22,0.29,"{""baseName"":""なす"",""part"":""果実"",""state"":""ゆで"",""notes"":[""なす類""]}",ゆでなすの果実部は犬に与えられる野菜で調理済みの素材として適切,8,1,1,(30),(47),(50),(10),(10),(20),(34),(23),(57),(31),(10),(40),(22),(52),(0.03),(Tr),(0),(Tr),(4),(1),(0),-,(0),12.75,169229,9.4,"Eggplant, boiled"
06,06342,（なす類）　なす　果実　油いため,85.8,1.5,5.8,2.6,0.6,73,22,40,Tr,290,21,0.4,0.2,0.07,0.20,-,-,(0),(0),1.4,0.06,0.07,0.7,0.06,(0),36,0.40,"{""baseName"":""なす"",""part"":""果実"",""state"":""油いため"",""notes"":[""なす類""]}",油炒めの茄子は野菜素材として利用可能だが油分の点で配慮が必要。,7,1,1,(44),(71),(75),(15),(15),(30),(51),(35),(86),(46),(15),(60),(32),(78),(5.30),(1.48),(0.42),(1.05),(1100),(420),(0),(0),(0),67.5,169892,11.9,"Eggplant, stir-fried"
06,06343,（なす類）　なす　果実　天ぷら,71.9,1.6,14.0,1.9,0.5,165,31,41,21,200,14,0.2,0.2,0.07,0.16,-,-,-,-,2.6,0.05,0.07,0.6,0.04,0,28,0.16,"{""baseName"":""なす"",""part"":""果実"",""state"":""天ぷら"",""notes"":[""なす類""]}",なすの天ぷらは油で揚げた加工食品で脂質や衣の成分が多いため素材としては注意が必要,4,1,1,(48),(77),(82),(16),(16),(33),(56),(38),(93),(50),(17),(65),(35),(85),12.49,3.39,1.03,2.36,2400,1000,0,0,0,159.95,169892,11.9,"Eggplant, tempura"
06,06193,（なす類）　べいなす　果実　生,93.0,1.1,0.1,2.4,0.5,20,10,26,1,220,14,0.4,0.2,0.08,0.13,-,-,(0),(0),0.3,0.04,0.04,0.6,0.06,(0),19,0.30,"{""baseName"":""べいなす"",""part"":""果実"",""state"":""生"",""notes"":[""なす類""]}",べいなす（果実）は果肉が安全で、調理して与えるのが望ましい。,7,1,1,(51),(72),(53),(12),(6.7),(19),(48),(30),(79),(42),(10),(59),(26),(64),(0.03),(Tr),(0),(Tr),(4),(1),(0),-,(0),14.85,169228,6.9,"Eggplant (American), raw"
06,06194,（なす類）　べいなす　果実　素揚げ,74.8,1.0,17.0,1.8,0.5,177,10,26,1,220,14,0.4,0.2,0.09,0.13,-,-,(0),(0),2.5,0.05,0.04,0.6,0.05,(0),12,0.30,"{""baseName"":""べいなす"",""part"":""果実"",""state"":""素揚げ"",""notes"":[""なす類""]}",素揚げしたなすは野菜として利用可能だが揚げ油の影響に注意が必要,7,1,1,(46),(65),(48),(11),(6.1),(17),(44),(28),(71),(38),(9.2),(54),(23),(58),(15.79),(4.42),(1.27),(3.14),(3100),(1300),(0),(0),(0),165.15,168199,,"Eggplant (American), deep-fried"
06,06195,（なす類）　漬物　塩漬,90.4,1.4,0.1,2.7,2.9,22,18,33,880,260,18,0.6,0.2,0.09,0.18,-,-,(0),(0),0.3,0.03,0.04,0.4,0.07,(0),32,0.41,"{""baseName"":""漬物"",""state"":""塩漬"",""notes"":[""なす類""]}",茄子類の塩漬けは加工調味済みの食品であり、素材として使う場合は成分混合に注意が必要。,5,1,1,(42),(66),(71),(14),(14),(28),(48),(32),(80),(43),(14),(56),(30),(73),(0.03),(Tr),(0),(Tr),(4),(1),(0),-,(0),14.5,169892,11.9,"Eggplant, pickled in salt"
06,06196,（なす類）　漬物　ぬかみそ漬,88.7,1.7,0.1,2.7,3.4,27,21,44,990,430,33,0.5,0.2,0.09,0.19,-,-,(0),(0),0.3,0.10,0.04,1.0,0.15,Tr,43,0.67,"{""baseName"":""漬物"",""state"":""ぬかみそ漬"",""notes"":[""なす類""]}",ぬかみそ漬けは塩分や発酵成分が含まれ加工度が高く犬の素材として向かない,3,0,0,,,,,,,,,,,,,,,,,,,,,,,,18.7,169892,11.9,"Eggplant, pickled in rice bran"
06,06197,（なす類）　漬物　こうじ漬,69.1,5.5,0.1,4.2,7.1,87,65,65,2600,210,22,1.4,0.4,0.17,0.40,-,-,(0),(0),0.5,0.03,0.05,0.3,0.03,(0),9,0.13,"{""baseName"":""漬物"",""variety"":""こうじ漬"",""notes"":[""なす類""]}",漬物は塩分や発酵調味が強く、素材として使う際は塩分管理が必要。,4,0,0,,,,,,,,,,,,,,,,,,,,,,,,69.1,169892,11.9,"Eggplant, pickled in koji"
06,06198,（なす類）　漬物　からし漬,61.2,2.6,0.2,4.2,5.3,127,71,55,1900,72,36,1.5,0.4,0.13,0.32,-,-,(0),(0),0.2,0.06,0.04,0.6,0.09,(0),18,0.08,"{""baseName"":""漬物"",""variety"":""からし漬"",""notes"":[""なす類""]}",なすのからし漬は漬物かつ辛味成分を含むため刺激に注意が必要な加工品,4,0,0,,,,,,,,,,,,,,,,,,,,,,,,103.55,169892,11.9,"Eggplant, pickled in mustard"
06,06199,（なす類）　漬物　しば漬,86.4,1.4,0.2,4.4,4.9,27,30,27,1600,50,16,1.7,0.2,0.12,0.29,-,-,(0),(0),0.7,0,0.02,0.1,0.03,(0),9,0.13,"{""baseName"":""漬物"",""variety"":""しば漬"",""notes"":[""なす類""]}",しば漬は漬物で塩分や酢が強い加工食品のため、犬の素材としては不向き。,4,0,0,,,,,,,,,,,,,,,,,,,,,,,,16.05,169892,11.9,"Eggplant, pickled (shibazuke)"
06,06200,なずな　葉　生,86.8,4.3,0.1,5.4,1.7,35,290,92,3,440,34,2.4,0.7,0.16,1.00,-,-,(0),(0),2.5,0.15,0.27,0.5,0.32,(0),180,1.10,"{""baseName"":""なずな"",""part"":""葉"",""state"":""生""}",野草の葉で一般に毒性は少なく、葉物として利用可能な素材。,7,0,0,,,,,,,,,,,,,,,,,,,,,,,,21.85,169329,,"Shepherd's purse, leaves, raw"
06,06201,（なばな類）　和種なばな　花らい・茎　生,88.4,4.4,0.2,4.2,1.2,34,160,86,16,390,29,2.9,0.7,0.09,0.32,1,1,(0),(0),2.9,0.16,0.28,1.3,0.26,(0),340,0.73,"{""baseName"":""和種なばな"",""variety"":""花らい・茎"",""state"":""生"",""notes"":[""なばな類""]}",和種なばなは葉茎類の野菜で犬のレシピ素材として使用可能,8,1,1,(180),(320),(280),(77),(51),(130),(210),(140),(350),(210),(77),(250),(99),(270),(0.10),(0.08),(0.06),(0.01),(8),(56),(0),-,(0),22.7,169256,0.5,"Field mustard (Japanese), flower and stem, raw"
06,06202,（なばな類）　和種なばな　花らい・茎　ゆで,90.2,4.7,0.1,4.3,0.7,28,140,86,7,170,19,1.7,0.4,0.07,0.25,-,-,(0),(0),2.8,0.07,0.14,0.5,0.11,(0),190,0.30,"{""baseName"":""和種なばな"",""variety"":""花らい・茎"",""state"":""ゆで"",""notes"":[""なばな類""]}",ゆでた菜花の茎葉で消化しやすく野菜素材として適している,8,1,1,(190),(340),(300),(83),(54),(140),(230),(150),(380),(230),(83),(260),(110),(290),(0.05),(0.04),(0.03),(Tr),(4),(28),(0),-,(0),17.3,168438,,"Field mustard (Japanese), flower and stem, boiled"
06,06203,（なばな類）　洋種なばな　茎葉　生,88.3,4.1,0.4,3.7,1.1,36,97,78,12,410,28,0.9,0.6,0.09,0.67,-,-,(0),(0),1.7,0.11,0.24,1.3,0.22,(0),240,0.80,"{""baseName"":""洋種なばな"",""part"":""茎葉"",""state"":""生"",""notes"":[""なばな類""]}",葉茎野菜でビタミンが摂れるが消化にやや重い場合があり量に注意。,7,1,1,(160),(300),(260),(72),(47),(120),(200),(130),(330),(200),(72),(230),(92),(250),(0.20),(0.15),(0.11),(0.02),(16),(110),(0),-,(0),26.15,169329,,"Rapini, stem and leaves, raw"
06,06204,（なばな類）　洋種なばな　茎葉　ゆで,90.0,3.6,0.4,4.1,0.7,30,95,71,10,210,19,0.7,0.4,0.07,0.61,-,-,(0),(0),1.6,0.06,0.13,0.6,0.11,(0),240,0.47,"{""baseName"":""洋種なばな"",""part"":""茎葉"",""state"":""ゆで"",""notes"":[""なばな類""]}",茹でた洋種なばなは火を通した葉茎野菜で犬のレシピ素材として適しています。,8,1,1,(140),(260),(230),(63),(41),(100),(170),(120),(290),(170),(63),(200),(81),(220),(0.20),(0.15),(0.11),(0.02),(16),(110),(0),-,(0),20.2,170382,33.6,"Rapini, stem and leaves, boiled"
06,06205,にがうり　果実　生,94.4,1.0,0.1,2.6,0.6,15,14,31,1,260,14,0.4,0.2,0.05,0.10,1,0,(0),(0),0.8,0.05,0.07,0.3,0.06,(0),72,0.37,"{""baseName"":""にがうり"",""part"":""果実"",""state"":""生""}",にがうり（ゴーヤ）は苦味が強く嗜好性の差があるため注意は必要,6,1,1,34,55,61,12,10,22,39,39,77,38,14,45,26,84,(0.07),(0.04),(0),(0.04),(43),(0),(0),(0),(0),8.9,168393,,"Bitter melon, raw"
06,06206,にがうり　果実　油いため,90.3,1.2,3.3,2.8,0.6,47,14,33,1,260,15,0.5,0.2,0.05,0.11,1,Tr,0,(0),0.9,0.05,0.08,0.3,0.07,(0),79,0.41,"{""baseName"":""にがうり"",""part"":""果実"",""state"":""油いため""}",にがうり（ゴーヤ）は苦味成分があり消化器に刺激を与えることがあるが素材として使える,7,1,1,(39),(65),(72),(14),(12),(26),(46),(45),(90),(43),(16),(53),(31),(99),(3.05),(0.88),(0.24),(0.64),(640),(240),(0),(0),(0),38.55,168393,,"Bitter melon, stir-fried"
06,06207,（にら類）　にら　葉　生,92.6,1.7,0.3,2.7,1.1,18,48,31,1,510,18,0.7,0.3,0.07,0.39,1,1,(0),(0),2.5,0.06,0.13,0.6,0.16,(0),100,0.50,"{""baseName"":""にら"",""part"":""葉"",""state"":""生"",""notes"":[""にら類""]}",にらはネギ属に含まれ、溶血性貧血を引き起こす成分があるため犬には危険,1,1,1,64,110,93,25,17,42,77,56,130,78,31,82,31,77,(0.13),(0.08),(0.04),(0.04),(39),(42),(0),-,(0),14.1,169994,5.2,"Garlic chives, leaves, raw"
06,06208,（にら類）　にら　葉　ゆで,89.8,2.6,0.5,4.3,1.1,27,51,26,1,400,20,0.7,0.3,0.09,0.49,-,-,(0),(0),3.1,0.04,0.12,0.3,0.13,(0),77,0.39,"{""baseName"":""にら"",""part"":""葉"",""state"":""ゆで"",""notes"":[""にら類""]}",にらはネギ属に含まれる成分があり、犬に溶血性貧血などを起こすため禁忌です。,1,1,1,(95),(170),(140),(38),(26),(64),(120),(82),(200),(110),(48),(120),(47),(120),(0.21),(0.14),(0.07),(0.07),(65),(71),(0),-,(0),19.3,169994,5.2,"Garlic chives, leaves, boiled"
06,06344,（にら類）　にら　葉　油いため,85.8,1.9,5.7,3.5,1.3,69,48,38,Tr,600,22,0.8,0.4,0.08,0.46,-,-,(0),(0),4.1,0.06,0.16,0.8,0.20,(0),140,0.59,"{""baseName"":""にら"",""part"":""葉"",""state"":""油いため"",""notes"":[""にら類""]}",にらはネギ属で犬に有害な硫化アリル等を含むため禁忌である,1,1,1,(68),(120),(100),(28),(19),(46),(84),(59),(140),(80),(34),(88),(34),(84),(5.17),(1.50),(0.46),(1.05),(1000),(460),(0),(0),(0),61.4,169994,5.2,"Garlic chives, leaves, stir-fried"
06,06209,（にら類）　花にら　花茎・花らい　生,91.4,1.9,0.2,2.8,0.6,27,22,41,1,250,15,0.5,0.3,0.08,0.20,-,-,(0),(0),1.0,0.07,0.08,0.6,0.17,(0),120,0.42,"{""baseName"":""花にら"",""variety"":""花茎・花らい"",""state"":""生"",""notes"":[""にら類""]}",花にら（にら類）はネギ属で溶血性貧血を引き起こす成分を含むため禁忌,1,1,1,(69),(120),(100),(28),(19),(47),(85),(60),(150),(81),(35),(90),(34),(85),(0.08),(0.05),(0.03),(0.03),(26),(28),(0),-,(0),19.2,169994,5.2,"Garlic chives flower stalk, raw"
06,06210,（にら類）　黄にら　葉　生,94.0,2.1,0.1,2.0,0.5,18,15,35,Tr,180,11,0.7,0.2,0.07,0.18,-,-,(0),(0),0.3,0.05,0.08,0.7,0.12,(0),76,0.38,"{""baseName"":""黄にら"",""part"":""葉"",""state"":""生"",""notes"":[""にら類""]}",ニラは犬に溶血性貧血を引き起こす成分を含むため与えてはいけない,1,1,1,(77),(130),(110),(31),(21),(52),(94),(66),(160),(90),(38),(99),(38),(94),(0.04),(0.03),(0.01),(0.01),(13),(14),(0),-,(0),12.75,169994,5.2,"Yellow garlic chives, leaves, raw"
06,06211,（にんじん類）　葉にんじん　葉　生,93.5,1.1,0.2,2.7,1.1,16,92,52,31,510,27,0.9,0.3,0.04,0.26,-,-,(0),(0),1.1,0.06,0.12,1.1,0.15,(0),73,0.43,"{""baseName"":""葉にんじん"",""part"":""葉"",""state"":""生"",""notes"":[""にんじん類""]}",ビタミン・食物繊維が豊富な葉野菜。適量であれば利用しやすい。,7,0,0,,,,,,,,,,,,,,,,,,,,,,,,10.45,169329,,"Carrot leaves, raw"
06,06212,（にんじん類）　にんじん　根　皮つき　生,89.1,0.7,0.2,2.8,0.8,35,28,26,28,300,10,0.2,0.2,0.05,0.12,-,-,(0),(0),0.4,0.07,0.06,0.8,0.10,(0),21,0.37,"{""baseName"":""にんじん"",""part"":""根"",""formModifiers"":[""皮つき""],""state"":""生"",""notes"":[""にんじん類""]}",にんじんはビタミンと食物繊維が豊富で犬に適した素材です。,9,1,1,24,36,36,9.4,7.6,17,24,17,41,29,8.6,34,13,34,0.08,0.06,0.01,0.05,51,6,0,-,0,26.55,170393,8.8,"Carrot, root, with skin, raw"
06,06213,（にんじん類）　にんじん　根　皮つき　ゆで,90.2,0.6,0.2,3.0,0.6,29,32,29,23,270,12,0.3,0.3,0.05,0.16,-,-,(0),(0),0.4,0.06,0.05,0.7,0.09,(0),17,0.42,"{""baseName"":""にんじん"",""part"":""根"",""formModifiers"":[""皮つき""],""state"":""ゆで"",""notes"":[""にんじん類""]}",加熱済みのにんじんは消化性が良くビタミンや食物繊維が豊富で犬に適する,9,1,1,(20),(29),(29),(7.6),(6.2),(14),(20),(13),(33),(22),(7.0),(27),(11),(27),(0.11),(0.08),(0.01),(0.07),(73),(9),(0),-,(0),22.7,170394,8.8,"Carrot, root, with skin, boiled"
06,06214,（にんじん類）　にんじん　根　皮なし　生,89.6,0.7,0.2,2.8,0.7,32,24,28,24,300,9,0.2,0.2,0.04,0.11,Tr,Tr,0,(0),0.5,0.04,0.03,0.7,0.09,(0),23,0.27,"{""baseName"":""にんじん"",""part"":""根"",""formModifiers"":[""皮なし""],""state"":""生"",""notes"":[""にんじん類""]}",にんじんは消化に良くビタミン・食物繊維が豊富で素材として適する。,10,1,1,25,37,34,8.7,9.1,18,25,18,42,27,8.2,34,13,31,0.09,0.06,Tr,0.06,55,4,0,0,0,25.15,170393,8.8,"Carrot, root, without skin, raw"
06,06215,（にんじん類）　にんじん　根　皮なし　ゆで,90.0,0.7,0.1,2.8,0.7,28,29,26,27,240,9,0.2,0.2,0.05,0.17,0,1,(0),(0),0.4,0.06,0.05,0.6,0.10,(0),19,0.25,"{""baseName"":""にんじん"",""part"":""根"",""formModifiers"":[""皮なし""],""state"":""ゆで"",""notes"":[""にんじん類""]}",茹でたにんじんは消化が良くビタミンや食物繊維の供給源として適している。,9,1,1,(24),(36),(34),(9.1),(8.6),(18),(24),(17),(41),(27),(8.4),(33),(13),(35),(0.05),(0.04),(Tr),(0.04),(35),(4),(0),-,(0),23.25,170394,8.8,"Carrot, root, without skin, boiled"
06,06345,（にんじん類）　にんじん　根　皮なし　油いため,79.1,1.1,6.4,3.1,1.1,103,35,37,48,400,13,0.3,0.3,0.08,0.14,-,-,(0),(0),1.7,0.11,0.08,1.1,0.14,(0),31,0.45,"{""baseName"":""にんじん"",""part"":""根"",""formModifiers"":[""皮なし""],""state"":""油いため"",""notes"":[""にんじん類""]}",にんじんの油いためは栄養価の高い根菜で調理済みのため利用しやすい,8,1,1,(35),(53),(51),(13),(13),(26),(36),(24),(60),(40),(12),(49),(19),(52),(5.88),(1.68),(0.47),(1.21),(1200),(470),(0),(0),(0),90.45,169984,8.6,"Carrot, root, without skin, stir-fried"
06,06346,（にんじん類）　にんじん　根　皮なし　素揚げ,80.6,1.0,3.5,1.1,1.0,87,36,35,39,380,13,0.3,0.3,0.05,0.14,1,0,(0),(0),1.6,0.10,0.07,0.9,0.15,(0),28,0.50,"{""baseName"":""にんじん"",""part"":""根"",""formModifiers"":[""皮なし""],""state"":""素揚げ"",""notes"":[""にんじん類""]}",にんじんは栄養豊富で安全だが素揚げは脂質が増えるため量に注意,8,1,1,(32),(47),(46),(12),(12),(24),(32),(22),(54),(36),(11),(44),(17),(47),3.12,0.89,0.26,0.63,620,260,0,0,0,78.05,169984,8.6,"Carrot, root, without skin, deep-fried"
06,06407,（にんじん類）　にんじん　根　皮なし　カット　常法洗浄,91.5,0.5,0.2,2.7,0.5,27,26,21,18,210,11,0.2,0.1,0.03,0.1,Tr,0,0,-,0.4,0.04,0.03,0.4,0.08,-,22,0.22,"{""baseName"":""にんじん"",""variety"":""カット 常法洗浄"",""part"":""根"",""formModifiers"":[""皮なし""],""notes"":[""にんじん類""]}",にんじん（皮なしカット）はビタミン・食物繊維が豊富で犬のレシピ素材として適切,9,1,1,20,30,28,7.5,6.4,14,19,14,33,22,6.7,26,10,25,0.07,0.04,Tr,0.03,33,3,0,0,0,19.55,170394,8.8,"Carrot, root, without skin, cut, washed (standard)"
06,06408,（にんじん類）　にんじん　根　皮なし　カット　次亜塩素酸洗浄,91.5,0.6,0.2,2.6,0.5,27,27,21,19,200,11,0.2,0.1,0.03,0.1,Tr,0,0,-,0.4,0.04,0.03,0.4,0.07,-,20,0.22,"{""baseName"":""にんじん"",""variety"":""カット 次亜塩素酸洗浄"",""part"":""根"",""formModifiers"":[""皮なし""],""notes"":[""にんじん類""]}",にんじんはビタミン・食物繊維が豊富で犬のレシピ素材として適している,9,1,1,22,34,31,8.5,7.5,16,21,15,36,25,6.7,30,11,29,0.07,0.04,Tr,0.04,35,3,0,0,0,19.9,170393,8.8,"Carrot, root, without skin, cut, washed (hypochlorous acid)"
06,06347,（にんじん類）　にんじん　根　皮　生,90.4,0.7,0.2,3.8,1.5,26,45,43,16,630,20,0.3,0.2,0.08,0.13,1,0,(0),(0),0.5,0.05,0.05,1.1,0.12,(0),46,0.31,"{""baseName"":""にんじん"",""variety"":""皮"",""part"":""根"",""state"":""生"",""notes"":[""にんじん類""]}",生のにんじんは栄養価が高く噛みごたえもあり犬の素直な素材として適する。,9,1,0,(23),(34),(34),(8.9),(7.2),(16),(23),(16),(39),(27),(8.1),(33),(13),(32),,,,,,,,,,16.05,170393,8.8,"Carrot, root, skin, raw"
06,06216,（にんじん類）　にんじん　根　冷凍,90.2,0.8,0.2,4.1,0.6,30,30,31,57,200,9,0.3,0.2,0.05,0.14,Tr,0,0,(0),0.8,0.04,0.02,0.5,0.09,Tr,21,0.25,"{""baseName"":""にんじん"",""part"":""根"",""state"":""冷凍"",""notes"":[""にんじん類""]}",冷凍にんじんは栄養的に安全で食物繊維やβ-カロテンがあり犬のレシピ素材に向く,8,1,1,26,38,36,9.6,9.0,19,24,19,43,29,9.1,36,15,50,0.11,0.08,0.01,0.08,75,5,0,0,0,18.85,170393,8.8,"Carrot, root, frozen"
06,06380,（にんじん類）　にんじん　根　冷凍　ゆで,91.7,0.7,0.2,3.5,0.4,24,31,26,40,130,8,0.3,0.2,0.04,0.14,0,0,(0),(0),0.9,0.03,0.02,0.3,0.06,0,18,0.20,"{""baseName"":""にんじん"",""part"":""根"",""state"":""ゆで"",""notes"":[""にんじん類""]}",にんじん（ゆで）はビタミン・食物繊維が豊富で犬に適した安全な素材である。,9,1,1,28,42,39,10,9.1,19,25,20,46,29,8.7,37,15,47,0.13,0.09,0.01,0.09,88,6,0,0,0,16.4,169984,8.6,"Carrot, root, frozen, boiled"
06,06381,（にんじん類）　にんじん　根　冷凍　油いため,85.2,0.9,4.0,4.2,0.6,65,33,33,60,210,9,0.3,0.2,0.06,0.17,1,0,(0),(0),1.5,0.04,0.03,0.5,0.09,0,24,0.30,"{""baseName"":""にんじん"",""part"":""根"",""state"":""油いため"",""notes"":[""にんじん類""]}",調理済みのにんじんで使いやすいが、油で炒めてあるため脂質に留意。,7,1,1,30,45,42,11,10,21,28,22,50,33,9.4,41,17,55,3.61,1.12,0.32,0.81,800,320,0,0,0,55,169984,8.6,"Carrot, root, frozen, stir-fried"
06,06348,（にんじん類）　にんじん　グラッセ,83.8,0.7,1.4,2.6,1.4,53,26,27,390,240,10,0.2,0.1,0.03,0.16,1,0,25,0,0.7,0.03,0.03,0.4,0.09,0,17,0.14,"{""baseName"":""にんじん"",""variety"":""グラッセ"",""notes"":[""にんじん類""]}",にんじん自体は安全だが、グラッセは糖や脂質が加わっている点に注意。,7,1,1,(21),(32),(31),(8.2),(7.7),(16),(22),(15),(37),(24),(7.6),(30),(12),(31),1.08,0.10,0.01,0.09,90,9,0,0,2,49.7,168519,8.6,"Carrot, glazed (glacé)"
06,06217,（にんじん類）　にんじん　ジュース　缶詰,92.0,0.6,0.1,0.2,0.6,29,10,20,19,280,7,0.2,0.1,0.04,0.07,-,-,(0),(0),0.2,0.03,0.04,0.6,0.08,(0),13,0.27,"{""baseName"":""にんじん"",""variety"":""ジュース"",""state"":""缶詰"",""notes"":[""にんじん類""]}",にんじんジュースはにんじん由来で犬に安全な野菜素材だが加工品であるためやや評価を下げる,8,1,1,(20),(29),(28),(7.5),(7.1),(15),(20),(14),(34),(22),(7.0),(28),(11),(29),(0.04),(0.03),(Tr),(0.03),(29),(4),(0),-,(0),25.7,170491,9.9,"Carrot juice, canned"
06,06218,（にんじん類）　きんとき　根　皮つき　生,87.3,1.8,0.2,3.9,1.1,39,37,64,11,540,11,0.4,0.9,0.09,0.15,-,-,(0),(0),0.5,0.07,0.05,1.0,0.12,(0),110,0.32,"{""baseName"":""きんとき"",""part"":""根"",""formModifiers"":[""皮つき""],""state"":""生"",""notes"":[""にんじん類""]}",きんとき（にんじん類・生）はビタミンや食物繊維が豊富で犬のレシピ素材として適している,9,1,1,(60),(90),(88),(23),(19),(42),(60),(41),(100),(67),(21),(84),(33),(83),0.05,0.04,Tr,0.03,34,5,0,0,0,27.95,170417,,"Kintoki carrot, root, with skin, raw"
06,06219,（にんじん類）　きんとき　根　皮つき　ゆで,87.7,1.9,0.2,4.3,1.0,37,39,66,10,470,10,0.5,1.0,0.08,0.13,-,-,(0),(0),0.5,0.07,0.05,0.9,0.12,(0),98,0.33,"{""baseName"":""きんとき"",""part"":""根"",""formModifiers"":[""皮つき""],""state"":""ゆで"",""notes"":[""にんじん類""]}",ゆでたきんとき（にんじん）はビタミンと食物繊維の良い供給源で犬の素材として適している,9,1,1,(63),(95),(93),(25),(20),(44),(63),(43),(110),(71),(22),(88),(35),(88),0.07,0.05,0.01,0.05,45,6,0,0,0,25.5,170384,14.3,"Kintoki carrot, root, with skin, boiled"
06,06220,（にんじん類）　きんとき　根　皮なし　生,87.1,1.8,0.3,3.6,1.1,40,34,67,12,520,10,0.4,0.9,0.08,0.16,-,-,(0),(0),0.5,0.07,0.05,1.0,0.13,(0),100,0.33,"{""baseName"":""きんとき"",""part"":""根"",""formModifiers"":[""皮なし""],""state"":""生"",""notes"":[""にんじん類""]}",きんとき（にんじん類）は生でも加熱でも安全で、犬に適した野菜素材。,9,1,1,(59),(88),(85),(23),(21),(44),(60),(41),(100),(67),(21),(83),(32),(87),0.08,0.06,0.01,0.05,53,7,0,0,0,30.2,170393,8.8,"Kintoki carrot, root, without skin, raw"
06,06221,（にんじん類）　きんとき　根　皮なし　ゆで,87.1,1.9,0.4,4.1,1.0,40,38,72,9,480,9,0.4,1.0,0.08,0.12,-,-,(0),(0),0.5,0.06,0.06,0.8,0.14,(0),100,0.28,"{""baseName"":""きんとき"",""part"":""根"",""formModifiers"":[""皮なし""],""state"":""ゆで"",""notes"":[""にんじん類""]}",ゆでにんじんは消化しやすくビタミンや食物繊維が豊富で犬に適した素材,9,1,1,(62),(93),(90),(24),(23),(46),(63),(43),(110),(70),(22),(87),(34),(92),0.11,0.08,0.01,0.07,69,9,0,0,0,29.3,170384,14.3,"Kintoki carrot, root, without skin, boiled"
06,06409,（にんじん類）　島にんじん　根　皮なし　生,88.9,1.1,0.4,3.9,0.9,35,34,44,22,420,7,0.5,0.3,0.07,0.09,Tr,1,-,-,1.2,0.07,0.05,0.8,0.09,0,29,0.16,"{""baseName"":""島にんじん"",""part"":""根"",""formModifiers"":[""皮なし""],""state"":""生"",""notes"":[""にんじん類""]}",生の島にんじんは繊維質で安全な野菜素材だが、消化性を考慮して調理が望ましい場合もある,8,0,0,,,,,,,,,,,,,,,,,,,,,,,,24.05,170393,8.8,"Island carrot, root, without skin, raw"
06,06222,（にんじん類）　ミニキャロット　根　生,90.9,0.7,0.2,2.7,0.7,26,30,22,15,340,8,0.3,0.2,0.05,0.12,-,-,(0),(0),0.6,0.04,0.03,0.6,0.10,(0),32,0.41,"{""baseName"":""ミニキャロット"",""part"":""根"",""state"":""生"",""notes"":[""にんじん類""]}",ミニキャロットはビタミンや食物繊維を含む安全な野菜素材である,9,1,1,(23),(35),(34),(9.1),(7.3),(16),(23),(16),(39),(26),(8.3),(32),(13),(32),(0.09),(0.07),(0.01),(0.06),(58),(7),(0),-,(0),20.95,170393,8.8,"Baby carrot, raw"
06,06223,（にんにく類）　にんにく　りん茎　生,63.9,6.4,0.9,6.2,1.4,129,14,160,8,510,24,0.8,0.8,0.16,0.28,0,1,(0),(0),0.5,0.19,0.07,0.7,1.53,(0),93,0.55,"{""baseName"":""にんにく"",""part"":""りん茎"",""state"":""生"",""notes"":[""にんにく類""]}",にんにくはネギ属（アリル化合物）を含み、溶血性貧血などの危険があるため不適,1,1,1,120,220,240,63,70,130,160,130,290,150,69,190,87,1100,0.44,0.29,0.03,0.26,260,30,0,-,0,104.25,169230,23.2,"Garlic, bulb, raw"
06,06349,（にんにく類）　にんにく　りん茎　油いため,53.7,8.2,5.9,6.8,1.6,191,18,200,16,610,29,1.2,1.0,0.21,0.36,-,-,(0),(0),1.5,0.23,0.09,0.8,1.80,(0),120,0.68,"{""baseName"":""にんにく"",""part"":""りん茎"",""state"":""油いため"",""notes"":[""にんにく類""]}",にんにくは犬に有害な成分を含むため、与えてはいけない,1,1,1,(140),(280),(310),(80),(89),(170),(210),(160),(370),(180),(88),(240),(110),(1300),(5.01),(1.60),(0.40),(1.20),(1200),(400),(0),(0),(0),162.15,168435,59.4,"Garlic, bulb, stir-fried"
06,06224,（にんにく類）　茎にんにく　花茎　生,86.7,1.9,0.3,3.8,0.5,44,45,33,9,160,15,0.5,0.3,0.06,0.35,-,-,(0),(0),0.8,0.11,0.10,0.3,0.31,(0),120,0.29,"{""baseName"":""茎にんにく"",""variety"":""花茎"",""state"":""生"",""notes"":[""にんにく類""]}",ネギ属に該当し、溶血性貧血を引き起こす有害成分を含むため危険,1,1,1,(69),(120),(100),(28),(19),(47),(85),(60),(150),(81),(35),(90),(34),(85),(0.13),(0.08),(0.04),(0.04),(39),(42),(0),-,(0),33,169994,5.2,"Garlic scape, raw"
06,06225,（にんにく類）　茎にんにく　花茎　ゆで,86.9,1.7,0.2,3.8,0.5,43,40,33,6,160,15,0.5,0.3,0.06,0.32,-,-,(0),(0),0.8,0.10,0.07,0.3,0.28,(0),120,0.31,"{""baseName"":""茎にんにく"",""variety"":""花茎"",""state"":""ゆで"",""notes"":[""にんにく類""]}",茎にんにく（にんにく類）は溶血性貧血を引き起こす成分を含むため与えてはいけない。,1,1,1,(62),(110),(92),(25),(17),(42),(76),(54),(130),(73),(31),(80),(30),(76),(0.08),(0.05),(0.03),(0.03),(26),(28),(0),-,(0),31.8,169278,25.9,"Garlic scape, boiled"
06,06226,（ねぎ類）　根深ねぎ　葉　軟白　生,89.6,1.4,0.1,2.5,0.5,35,36,27,Tr,200,13,0.3,0.3,0.04,0.12,0,Tr,(0),(0),0.2,0.05,0.04,0.4,0.12,(0),72,0.17,"{""baseName"":""根深ねぎ"",""variety"":""軟白"",""part"":""葉"",""state"":""生"",""notes"":[""ねぎ類""]}",長ねぎ（根深ねぎ）は犬に有害な成分を含み、少量でも危険,1,1,1,37,63,65,16,17,33,40,39,79,44,13,50,21,52,0.03,0.02,Tr,0.01,14,1,0,0,0,26.4,169246,9.5,"Leek (Japanese long onion), white part, raw"
06,06350,（ねぎ類）　根深ねぎ　葉　軟白　ゆで,91.4,1.3,0.1,2.5,0.4,28,28,22,0,150,10,0.3,0.3,0.05,0.09,-,-,(0),(0),0.1,0.04,0.03,0.3,0.09,(0),53,0.17,"{""baseName"":""根深ねぎ"",""variety"":""軟白"",""part"":""葉"",""state"":""ゆで"",""notes"":[""ねぎ類""]}",ネギ類は溶血性貧血を引き起こす成分を含むため犬には禁忌である,1,1,1,(32),(56),(58),(14),(15),(29),(35),(34),(69),(37),(12),(44),(19),(45),(0.02),(0.01),(0),(0.01),(9),(1),(0),(0),(0),20.45,168535,,"Leek (Japanese long onion), white part, boiled"
06,06351,（ねぎ類）　根深ねぎ　葉　軟白　油いため,83.9,1.6,4.4,2.7,0.5,77,35,28,0,220,14,0.3,0.3,0.06,0.11,-,-,(0),(0),0.9,0.06,0.05,0.4,0.14,(0),72,0.17,"{""baseName"":""根深ねぎ"",""variety"":""軟白"",""part"":""葉"",""state"":""油いため"",""notes"":[""ねぎ類""]}",根深ねぎなどねぎ類は赤血球を破壊する成分を含み犬にとって有害,1,1,1,(40),(70),(72),(18),(18),(36),(44),(42),(86),(46),(15),(55),(24),(57),(3.91),(1.10),(0.31),(0.79),(790),(310),(0),(0),(0),67.15,169246,9.5,"Leek (Japanese long onion), white part, stir-fried"
06,06227,（ねぎ類）　葉ねぎ　葉　生,90.5,1.9,0.3,3.2,0.7,29,80,40,1,260,19,1.0,0.3,0.05,0.18,1,1,(0),(0),0.9,0.06,0.11,0.5,0.13,(0),100,0.23,"{""baseName"":""葉ねぎ"",""part"":""葉"",""state"":""生"",""notes"":[""ねぎ類""]}",葉ねぎはネギ類に該当し、赤血球を破壊する有害成分を含むため禁忌。,1,1,1,71,120,110,27,22,49,78,62,140,78,28,86,36,86,0.11,0.07,0.04,0.04,35,38,0,-,0,21.1,169994,5.2,"Green onion, leaves, raw"
06,06352,（ねぎ類）　葉ねぎ　葉　油いため,83.9,2.1,5.2,3.9,0.9,77,95,49,2,310,22,1.2,0.4,0.06,0.21,-,-,(0),(0),2.1,0.07,0.12,0.5,0.16,(0),120,0.29,"{""baseName"":""葉ねぎ"",""part"":""葉"",""state"":""油いため"",""notes"":[""ねぎ類""]}",葉ねぎはネギ類に該当し、溶血性貧血を引き起こす成分を含むため犬には禁忌。,1,1,1,(77),(130),(120),(30),(25),(54),(87),(67),(150),(81),(31),(94),(40),(94),(4.70),(1.37),(0.41),(0.95),(950),(410),(0),(0),(0),65.55,168435,59.4,"Green onion, leaves, stir-fried"
06,06410,（ねぎ類）　九条ねぎ　葉　生,90,1.7,0.3,3.3,0.7,32,69,40,Tr,240,13,0.5,0.4,0.03,0.63,1,Tr,-,-,0.6,0.06,0.1,0.6,0.11,Tr,130,0.14,"{""baseName"":""九条ねぎ"",""part"":""葉"",""state"":""生"",""notes"":[""ねぎ類""]}",ねぎ類は赤血球を破壊する有害成分を含むため犬には与えてはいけない,1,0,0,,,,,,,,,,,,,,,,,,,,,,,,22.5,170005,5.7,"Kujo green onion, leaves, raw"
06,06228,（ねぎ類）　こねぎ　葉　生,91.3,2.0,0.3,2.5,0.9,26,100,36,1,320,17,1.0,0.3,0.03,0.18,-,-,(0),(0),1.3,0.08,0.14,0.6,0.13,(0),120,0.20,"{""baseName"":""こねぎ"",""part"":""葉"",""state"":""生"",""notes"":[""ねぎ類""]}",小ねぎはネギ類で、溶血性貧血を引き起こす成分を含むため危険です。,1,1,1,(73),(130),(120),(28),(23),(52),(82),(63),(150),(77),(30),(89),(38),(89),(0.13),(0.08),(0.04),(0.04),(39),(42),(0),-,(0),20.05,170007,5.3,"Welsh onion, leaves, raw"
06,06411,（ねぎ類）　めねぎ　葉　生,94.9,1.5,0.3,1.8,0.7,15,67,45,13,240,37,1.2,0.3,0.05,1.39,2,Tr,-,-,0.8,0.08,0.1,0.6,0.1,0.1,72,0.17,"{""baseName"":""めねぎ"",""part"":""葉"",""state"":""生"",""notes"":[""ねぎ類""]}",ねぎ類は犬に溶血性貧血を引き起こす有害成分を含むため禁忌。,1,0,0,,,,,,,,,,,,,,,,,,,,,,,,10.6,170005,5.7,"Young green onion, leaves, raw"
06,06229,のざわな　葉　生,94.0,0.9,0.1,2.0,1.1,14,130,40,24,390,19,0.6,0.3,0.05,0.23,1,1,(0),(0),0.5,0.06,0.10,0.7,0.11,(0),110,0.17,"{""baseName"":""のざわな"",""part"":""葉"",""state"":""生""}",のざわな葉は葉物野菜として栄養源になり得る安全な素材,8,1,1,(39),(69),(56),(11),(7.4),(19),(51),(31),(82),(43),(20),(56),(22),(60),(0.05),(0.04),(0.03),(Tr),(4),(28),(0),-,(0),10.65,168491,,"Nozawana, leaves, raw"
06,06230,のざわな　漬物　塩漬,91.8,1.2,0.1,2.5,2.4,17,130,39,610,300,21,0.4,0.3,0.05,0.13,-,-,(0),(0),0.7,0.05,0.11,0.5,0.06,(0),64,0.13,"{""baseName"":""のざわな"",""variety"":""漬物"",""state"":""塩漬""}",のざわな漬物は塩漬けの加工品で塩分が高く、使用には注意が必要,4,1,1,(52),(92),(75),(15),(9.8),(25),(67),(42),(110),(57),(26),(75),(30),(80),(0.05),(0.04),(0.03),(Tr),(4),(28),(0),-,(0),12.05,169890,23.5,"Nozawana, pickled, salted"
06,06231,のざわな　漬物　調味漬,89.5,1.7,0,3.1,3.2,22,94,36,960,360,21,0.7,0.3,0.08,0.15,-,-,(0),(0),1.3,0.03,0.11,0.5,0.08,(0),35,0.17,"{""baseName"":""のざわな"",""variety"":""漬物 調味漬""}",のざわな漬物は塩分や調味料が強い加工食品で犬には不向きな場合が多い,3,0,0,,,,,,,,,,,,,,,,,,,,,,,,14.7,169890,23.5,"Nozawana, pickled, seasoned"
06,06232,のびる　りん茎葉　生,80.2,3.2,0.2,6.9,0.9,63,100,96,2,590,21,2.6,1.0,0.06,0.41,-,-,(0),(0),1.3,0.08,0.22,1.1,0.16,(0),110,0.29,"{""baseName"":""のびる"",""variety"":""りん茎葉"",""state"":""生""}",のびるはネギ属の植物で有害成分を含むため犬には禁忌,1,0,1,,,,,,,,,,,,,,,(0.14),(0.08),(Tr),(0.07),(74),(4),(0),(0),(0),43,170381,18.3,"Wild rocambole, stem and leaves, raw"
06,06233,はくさい　結球葉　生,95.2,0.8,0.1,1.3,0.6,13,43,33,6,220,10,0.3,0.2,0.03,0.11,1,Tr,(0),(0),0.2,0.03,0.03,0.6,0.09,(0),61,0.25,"{""baseName"":""はくさい"",""part"":""結球葉"",""state"":""生""}",はくさいはビタミンや食物繊維が豊富で犬のレシピ素材として適する,9,1,1,26,44,44,9.9,9.7,20,26,22,48,33,8.4,37,17,40,0.04,0.03,0.02,Tr,3,24,0,-,0,10.65,169975,10.7,"Chinese cabbage, head, raw"
06,06234,はくさい　結球葉　ゆで,95.4,0.9,0.1,1.4,0.5,13,43,33,5,160,9,0.3,0.2,0.03,0.12,-,-,(0),(0),0.1,0.01,0.01,0.3,0.04,(0),42,0.25,"{""baseName"":""はくさい"",""part"":""結球葉"",""state"":""ゆで""}",ゆでた葉物野菜で消化されやすく素材として適している,8,1,1,(29),(49),(49),(11),(11),(22),(29),(24),(53),(34),(9.3),(41),(18),(45),(0.04),(0.03),(0.02),(Tr),(3),(24),(0),-,(0),9.95,168572,,"Chinese cabbage, head, boiled"
06,06235,はくさい　漬物　塩漬,92.1,1.5,0.1,1.8,2.8,17,39,41,820,240,12,0.4,0.2,0.04,0.06,4,0,(0),(0),0.2,0.04,0.03,0.4,0.08,Tr,59,0.11,"{""baseName"":""はくさい"",""variety"":""漬物"",""state"":""塩漬""}",白菜の塩漬け（漬物）は塩分や発酵調味が強く素材としては不向き,3,1,1,(48),(81),(81),(18),(18),(36),(48),(39),(87),(56),(15),(68),(30),(74),(0.04),(0.03),(0.02),(Tr),(2),(23),(0),-,(0),12.05,169891,21.5,"Chinese cabbage, pickled, salted"
06,06236,はくさい　漬物　キムチ,88.4,2.3,0.1,2.2,3.6,27,50,48,1100,290,11,0.5,0.2,0.04,0.10,14,1,(0),(0),0.5,0.04,0.06,0.6,0.13,Tr,22,0.24,"{""baseName"":""はくさい"",""variety"":""漬物 キムチ""}",キムチはにんにくや刺激性の香辛料、塩分を含むため犬には不適切（禁忌成分を含む）,1,0,0,,,,,,,,,,,,,,,,,,,,,,,,20.8,170392,15.5,"Chinese cabbage, kimchi"
06,06237,パクチョイ　葉　生,94.0,1.6,0.2,1.8,1.1,15,100,39,12,450,27,0.8,0.3,0.04,0.25,1,1,(0),(0),0.9,0.07,0.12,0.8,0.11,(0),140,0.34,"{""baseName"":""パクチョイ"",""part"":""葉"",""state"":""生""}",パクチョイの葉はビタミンや食物繊維を含む安全な葉物野菜で素材として適している,8,0,1,,,,,,,,,,,,,,,(0.14),(0.10),(0.06),(0.04),(42),(55),(0),(0),(0),11.85,169329,,"Bok choy, leaves, raw"
06,06238,バジル　葉　生,91.5,2.0,0.6,4.0,1.5,21,240,41,1,420,69,1.5,0.6,0.20,1.91,-,-,(0),(0),3.5,0.08,0.19,0.6,0.11,(0),69,0.29,"{""baseName"":""バジル"",""part"":""葉"",""state"":""生""}",バジルは風味付けとして少量なら使用可能だが大量使用は避けるべきであるため,7,1,1,(66),(120),(70),(23),(18),(41),(83),(49),(130),(66),(25),(81),(32),(74),(0.49),(0.36),(0.30),(0.07),(68),(300),(0),(0),(0),13.5,172232,11.4,"Basil, leaves, raw"
06,06239,パセリ　葉　生,84.7,4.0,0.7,6.8,2.7,34,290,61,9,1000,42,7.5,1.0,0.16,1.05,7,3,(0),(0),3.3,0.12,0.24,1.2,0.27,(0),220,0.48,"{""baseName"":""パセリ"",""part"":""葉"",""state"":""生""}",ハーブで香り付けや微量の栄養供給に使いやすく、少量であれば安全。,7,1,1,180,330,240,72,54,130,230,150,380,200,88,230,95,200,(0.49),(0.11),(0.01),(0.10),(100),(7),(0),(0),(0),23.8,169997,12.8,"Parsley, leaves, raw"
06,06240,はつかだいこん　根　生,95.3,0.8,0.1,1.2,0.7,13,21,46,8,220,11,0.3,0.1,0.02,0.05,-,-,(0),(0),0,0.02,0.02,0.1,0.07,(0),53,0.18,"{""baseName"":""はつかだいこん"",""part"":""根"",""state"":""生""}",生のはつかだいこん（ラディッシュ）は低カロリーで消化に良い野菜であり、適した素材。,8,1,1,30,42,45,7.8,10,18,29,24,53,37,11,52,20,46,(0.10),(0.05),(0.03),(0.02),(17),(31),(0),(0),(0),10.3,169276,6.5,"Radish, root, raw"
06,06392,はなっこりー　生,89.5,3.6,0.5,3.1,1.0,34,51,79,5,380,22,0.5,0.5,0.06,0.28,Tr,1,-,-,1.3,0.09,0.15,1.0,0.23,-,220,0.50,"{""baseName"":""はなっこりー"",""state"":""生""}",はなっこりーは安全な野菜で、生でも加熱でも与えやすい。,9,0,0,,,,,,,,,,,,,,,,,,,,,,,,24.9,170071,16.5,"Hanakkori, raw"
06,06241,はやとうり　果実　白色種　生,94.0,0.6,0.1,1.2,0.4,20,12,21,Tr,170,10,0.3,0.1,0.03,0.15,-,-,(0),(0),0.2,0.02,0.03,0.3,0.04,(0),44,0.46,"{""baseName"":""はやとうり"",""variety"":""白色種"",""part"":""果実"",""state"":""生""}",瓜類の果実で消化に良く利用しやすい（種子は除く）,8,1,1,(23),(36),(28),(6.0),(7.2),(13),(26),(22),(48),(16),(4.8),(25),(11),(31),(0.07),(0.04),(0.03),(0.02),(16),(28),(0),(0),(0),15.9,170402,9.2,"Chayote, fruit, white variety, raw"
06,06242,はやとうり　果実　白色種　塩漬,91.0,0.6,Tr,1.6,4.0,17,8,14,1400,110,10,0.2,0.1,0.04,0.17,-,-,(0),(0),0.1,0.02,0.04,0.3,0.04,(0),25,0.47,"{""baseName"":""はやとうり"",""variety"":""白色種"",""part"":""果実"",""state"":""塩漬""}",はやとうり自体は問題ないが塩漬けのため加工度が高い点に注意が必要。,6,1,0,(23),(36),(28),(6.0),(7.2),(13),(26),(22),(48),(16),(4.8),(25),(11),(31),,,,,,,,,,11.9,169344,10.5,"Chayote, fruit, white variety, salted"
06,06353,はやとうり　果実　緑色種　生,94.0,0.6,0.1,1.2,0.4,21,12,21,Tr,170,10,0.3,0.1,0.03,0.15,-,-,(0),(0),0.2,0.02,0.03,0.3,0.04,(0),44,0.46,"{""baseName"":""はやとうり"",""variety"":""緑色種"",""part"":""果実"",""state"":""生""}",ウリ科の果実で果肉は安全だが、種子は除去する必要がある。,8,0,0,,,,,,,,,,,,,,,,,,,,,,,,15.9,170402,9.2,"Chayote, fruit, green variety, raw"
06,06243,ビーツ　根　生,87.6,1.6,0.1,2.7,1.1,38,12,23,30,460,18,0.4,0.3,0.09,0.15,-,-,(0),(0),0.1,0.05,0.05,0.3,0.07,(0),110,0.31,"{""baseName"":""ビーツ"",""part"":""根"",""state"":""生""}",根菜で栄養価があり犬のレシピ素材として適している,8,1,1,(48),(68),(58),(18),(19),(37),(46),(38),(83),(47),(19),(56),(21),(42),(0.07),(0.04),(Tr),(0.03),(32),(3),(0),(0),(0),30.6,169145,6,"Beet, root, raw"
06,06244,ビーツ　根　ゆで,86.9,1.5,0.1,2.9,1.0,42,15,29,38,420,22,0.4,0.3,0.09,0.17,-,-,(0),(0),0.1,0.04,0.04,0.2,0.05,(0),110,0.31,"{""baseName"":""ビーツ"",""part"":""根"",""state"":""ゆで""}",ビーツ（ゆで）は栄養価の高い根菜で犬のレシピ素材として適している,8,1,1,(45),(63),(54),(17),(18),(34),(43),(35),(78),(44),(18),(52),(20),(39),(0.07),(0.04),(Tr),(0.03),(32),(3),(0),(0),(0),32.7,169146,6.3,"Beet, root, boiled"
06,06245,（ピーマン類）　青ピーマン　果実　生,93.4,0.9,0.2,2.3,0.4,20,11,22,1,190,11,0.4,0.2,0.06,0.10,Tr,0,(0),(0),0.8,0.03,0.03,0.6,0.19,(0),26,0.30,"{""baseName"":""青ピーマン"",""part"":""果実"",""state"":""生"",""notes"":[""ピーマン類""]}",青ピーマンの果実は犬に与えて問題ない野菜で、レシピ素材として適している,8,1,1,31,51,52,12,18,29,33,28,61,40,11,42,18,37,0.07,0.05,0.01,0.03,34,10,1,-,0,14.65,170427,5.5,"Green bell pepper, fruit, raw"
06,06246,（ピーマン類）　青ピーマン　果実　油いため,89.0,0.9,4.3,2.4,0.4,54,11,24,1,200,11,0.7,0.2,0.06,0.10,Tr,0,(0),(0),0.9,0.03,0.03,0.6,0.20,(0),27,0.31,"{""baseName"":""青ピーマン"",""part"":""果実"",""state"":""油いため"",""notes"":[""ピーマン類""]}",青ピーマンは果実部は犬に安全で風味付けに使える（種やへたは除去）,8,1,1,(30),(51),(51),(11),(17),(29),(32),(27),(59),(37),(11),(41),(18),(36),(3.89),(1.12),(0.32),(0.80),(800),(320),(1),(0),(0),50.2,170024,4.8,"Green bell pepper, fruit, stir-fried"
06,06247,（ピーマン類）　赤ピーマン　果実　生,91.1,1.0,0.2,1.6,0.5,28,7,22,Tr,210,10,0.4,0.2,0.03,0.13,-,-,(0),(0),4.3,0.06,0.14,1.2,0.37,(0),68,0.28,"{""baseName"":""赤ピーマン"",""part"":""果実"",""state"":""生"",""notes"":[""ピーマン類""]}",赤ピーマンはビタミン類が豊富で犬に安全に使える野菜である。,9,1,1,(21),(36),(36),(6.1),(19),(25),(51),(9.1),(60),(40),(12),(31),(17),(36),(0.15),(0.10),(0.04),(0.07),(67),(37),(0),(0),(0),24.8,170108,5.6,"Red bell pepper, fruit, raw"
06,06248,（ピーマン類）　赤ピーマン　果実　油いため,86.6,1.0,4.3,1.6,0.5,69,7,24,Tr,220,10,0.7,0.2,0.03,0.14,-,-,(0),(0),4.4,0.06,0.16,1.2,0.39,(0),71,0.29,"{""baseName"":""赤ピーマン"",""part"":""果実"",""state"":""油いため"",""notes"":[""ピーマン類""]}",加熱した赤ピーマンはビタミンを含む安全な野菜で、調理油の影響のみ注意が必要,8,1,1,(21),(36),(36),(6.1),(19),(25),(51),(9.1),(60),(40),(12),(31),(17),(36),(3.89),(1.12),(0.32),(0.79),(790),(320),(0),(0),(0),61.05,168550,6.1,"Red bell pepper, fruit, stir-fried"
06,06393,（ピーマン類）　オレンジピーマン　果実　生,94.2,0.9,0.3,1.8,0.4,19,5,26,0,230,10,0.3,0.2,0.04,0.10,Tr,0,-,-,3.1,0.04,0.03,1.3,0.32,-,53,0.21,"{""baseName"":""オレンジピーマン"",""part"":""果実"",""state"":""生"",""notes"":[""ピーマン類""]}",オレンジピーマン（パプリカ）はビタミンが豊富で犬に与えやすい野菜素材,8,1,1,37,37,39,7.6,17,24,25,19,44,44,7.7,34,16,32,0.13,0.08,0.03,0.05,48,33,0,0,0,14.1,170108,5.6,"Orange bell pepper, fruit, raw"
06,06394,（ピーマン類）　オレンジピーマン　果実　油いため,85.8,1.1,5.1,-,0.4,81,5,30,Tr,270,11,0.4,0.2,0.05,0.11,0,0,-,-,5.2,0.05,0.04,1.4,0.34,-,57,0.26,"{""baseName"":""オレンジピーマン"",""part"":""果実"",""state"":""油いため"",""notes"":[""ピーマン類""]}",オレンジピーマンはビタミンが豊富で犬に適する。油調理の点は留意,8,1,0,(43),(42),(45),(8.7),(19),(28),(29),(22),(50),(50),(8.8),(38),(18),(36),,,,,,,,,,73.8,168550,6.1,"Orange bell pepper, fruit, stir-fried"
06,06249,（ピーマン類）　黄ピーマン　果実　生,92.0,0.8,0.2,1.3,0.4,28,8,21,Tr,200,10,0.3,0.2,0.04,0.15,-,-,(0),(0),2.4,0.04,0.03,1.0,0.26,(0),54,0.25,"{""baseName"":""黄ピーマン"",""part"":""果実"",""state"":""生"",""notes"":[""ピーマン類""]}",黄ピーマンは生の果実でビタミン・食物繊維があり犬のレシピ素材として適切。,9,1,1,(26),(42),(35),(9.6),(15),(25),(25),(17),(42),(30),(10),(34),(16),(38),(0.07),(0.05),(0.01),(0.03),(34),(10),(1),-,(0),23.05,169383,,"Yellow bell pepper, fruit, raw"
06,06250,（ピーマン類）　黄ピーマン　果実　油いため,87.6,0.8,4.3,1.3,0.4,61,8,23,Tr,210,10,0.5,0.2,0.04,0.16,-,-,(0),(0),2.5,0.04,0.03,1.0,0.27,(0),56,0.26,"{""baseName"":""黄ピーマン"",""part"":""果実"",""state"":""油いため"",""notes"":[""ピーマン類""]}",ピーマンは犬に安全な野菜で、加熱された果実は消化しやすく使いやすい素材。,9,1,1,(26),(42),(35),(9.6),(15),(25),(25),(17),(42),(30),(10),(34),(16),(38),(3.89),(1.12),(0.32),(0.80),(800),(320),(1),(0),(0),58.95,168550,6.1,"Yellow bell pepper, fruit, stir-fried"
06,06251,（ピーマン類）　トマピー　果実　生,90.9,1.0,0.2,1.6,0.4,33,8,29,Tr,210,8,0.4,0.3,0.07,0.12,-,-,(0),(0),4.3,0.05,0.09,1.2,0.56,(0),45,0.33,"{""baseName"":""トマピー"",""part"":""果実"",""state"":""生"",""notes"":[""ピーマン類""]}",ミニパプリカ（果実）はビタミンや食物繊維があり犬のレシピ素材として適する。,9,1,0,(21),(36),(36),(6.1),(19),(25),(51),(9.1),(60),(40),(12),(31),(17),(36),,,,,,,,,,25.85,169394,7.4,"Tomapi, fruit, raw"
06,06252,ひのな　根・茎葉　生,92.5,1.0,Tr,3.0,1.3,17,130,51,10,480,21,0.8,0.2,0.04,0.17,-,-,(0),(0),0.7,0.05,0.13,0.7,0.14,(0),92,0.18,"{""baseName"":""ひのな"",""variety"":""根・茎葉"",""state"":""生""}",葉茎類の野菜でビタミンや食物繊維が豊富。犬のレシピ素材として適する。,8,1,0,(38),(64),(70),(13),(16),(29),(40),(32),(71),(46),(13),(56),(26),(43),,,,,,,,,,11.2,170061,,"Hinona turnip, root and leaves, raw"
06,06253,ひのな　根・茎葉　甘酢漬,76.4,1.4,0.5,4.7,3.9,70,130,40,1100,550,22,0.9,0.3,0.08,0.12,-,-,(0),(0),1.4,0.04,0.08,0.7,0.12,(0),69,0.20,"{""baseName"":""ひのな"",""variety"":""根・茎葉"",""state"":""甘酢漬""}",甘酢漬けの野菜は風味付けに使えるが、調味による塩分・糖分・酸味に注意が必要。,6,1,0,(53),(90),(98),(19),(22),(41),(56),(44),(100),(65),(19),(78),(36),(60),,,,,,,,,,55,169889,11.6,"Hinona turnip, root and leaves, sweet vinegar pickled"
06,06254,ひろしまな　葉　生,92.7,1.5,0.2,2.4,1.1,19,200,55,28,550,32,0.8,0.3,0.04,0.54,1,1,(0),(0),1.3,0.06,0.15,0.7,0.10,(0),120,0.47,"{""baseName"":""ひろしまな"",""part"":""葉"",""state"":""生""}",葉物野菜でビタミンや食物繊維が豊富で犬の素材として適している。,8,1,1,(48),(81),(82),(18),(18),(36),(49),(39),(88),(57),(16),(68),(31),(74),(0.08),(0.05),(0.05),(0.01),(5),(48),(0),-,(0),14.3,168491,,"Hiroshimana, leaves, raw"
06,06255,ひろしまな　塩漬,92.7,1.2,0.2,2.4,2.5,15,74,17,840,120,13,0.8,0.3,0.06,0.12,-,-,(0),(0),0.6,0.02,0.07,0.2,0.04,(0),15,0.07,"{""baseName"":""ひろしまな"",""state"":""塩漬""}",葉野菜の塩漬品で栄養源として利用可能。ただし塩分含有に注意が必要。,7,1,1,(38),(65),(65),(15),(14),(29),(39),(31),(70),(45),(12),(55),(25),(59),(0.18),(0.08),(0.01),(0.07),(65),(13),(0),(0),(0),9.4,170135,,"Hiroshimana, salted"
06,06256,（ふき類）　ふき　葉柄　生,95.8,0.3,0,1.3,0.7,11,40,18,35,330,6,0.1,0.2,0.05,0.36,Tr,0,0,(0),0.2,Tr,0.02,0.1,0.01,(0),12,0.07,"{""baseName"":""ふき"",""part"":""葉柄"",""state"":""生"",""notes"":[""ふき類""]}",ふきの葉柄は食用になる部位で繊維を供給するが、下ごしらえや加熱が必要な場合がある。,7,0,0,,,,,,,,,,,,,,,,,,,,,,,,7.7,170385,,"Butterbur, leaf stalk, raw"
06,06257,（ふき類）　ふき　葉柄　ゆで,97.4,0.3,0,1.1,0.4,7,34,15,22,230,5,0.1,0.2,0.05,0.37,-,-,(0),(0),0.2,Tr,0.01,0.1,0.08,(0),9,0,"{""baseName"":""ふき"",""part"":""葉柄"",""state"":""ゆで"",""notes"":[""ふき類""]}",ゆでたふき葉柄は加熱済みの野菜素材として利用可能,7,0,0,,,,,,,,,,,,,,,,,,,,,,,,3.85,169334,,"Butterbur, leaf stalk, boiled"
06,06258,（ふき類）　ふきのとう　花序　生,85.5,2.5,0.1,6.4,1.9,38,61,89,4,740,49,1.3,0.8,0.36,0.23,-,-,(0),(0),3.2,0.10,0.17,0.9,0.18,(0),160,0.45,"{""baseName"":""ふきのとう"",""part"":""花序"",""state"":""生"",""notes"":[""ふき類""]}",ふきのとうは野菜素材として使用可能だが苦味があるため量に注意が必要です。,7,0,0,,,,,,,,,,,,,,,,,,,,,,,,22.2,170385,,"Butterbur scape, flower bud, raw"
06,06259,（ふき類）　ふきのとう　花序　ゆで,89.2,2.5,0.1,4.2,1.2,31,46,54,3,440,33,0.7,0.5,0.20,0.17,-,-,(0),(0),2.4,0.06,0.08,0.5,0.07,(0),83,0.24,"{""baseName"":""ふきのとう"",""part"":""花序"",""state"":""ゆで"",""notes"":[""ふき類""]}",ふきのとう（ゆで）は野菜類として利用可能だが、香りや苦味で消化に敏感な個体は注意,7,0,0,,,,,,,,,,,,,,,,,,,,,,,,19.4,170385,,"Butterbur scape, flower bud, boiled"
06,06260,ふじまめ　若ざや　生,89.2,2.5,0.1,4.4,0.8,32,43,63,Tr,300,33,0.8,0.4,0.07,0.33,-,-,(0),(0),0.1,0.08,0.10,0.9,0.08,(0),120,0.35,"{""baseName"":""ふじまめ"",""part"":""若ざや"",""state"":""生""}",いんげん類（若ざや）は野菜として栄養源になり得る,8,0,1,,,,,,,,,,,,,,,(0.10),(Tr),(Tr),(0),(1),(4),(0),(0),(0),20.1,169234,19.1,"Hyacinth bean, young pod, raw"
06,06261,ふだんそう　葉　生,92.2,2.0,0.1,3.3,1.9,17,75,33,71,1200,74,3.6,0.3,0.06,3.60,-,-,(0),(0),1.7,0.07,0.23,0.4,0.25,(0),120,0.53,"{""baseName"":""ふだんそう"",""part"":""葉"",""state"":""生""}",葉野菜でビタミン・食物繊維の供給源として有用。生でも少量から様子を見ながら使える。,8,0,1,,,,,,,,,,,,,,,(0.07),(0.04),(Tr),(0.03),(32),(4),(0),(0),(0),9.6,170375,0.4,"Swiss chard, leaves, raw"
06,06262,ふだんそう　葉　ゆで,90.4,2.8,0.1,3.8,1.2,26,130,34,61,760,79,2.1,0.4,0.06,4.85,-,-,(0),(0),1.7,0.03,0.11,0.1,0.14,(0),92,0.44,"{""baseName"":""ふだんそう"",""part"":""葉"",""state"":""ゆで""}",ゆでたふだんそうは加熱済みの葉物で消化しやすく素材として適切,8,0,1,,,,,,,,,,,,,,,(0.07),(0.04),(Tr),(0.03),(31),(4),(0),(0),(0),16.6,169343,28.7,"Swiss chard, leaves, boiled"
06,06263,ブロッコリー　花序　生,86.2,5.4,0.6,5.1,1.2,37,50,110,7,460,29,1.3,0.8,0.10,0.28,0,2,0,0,3.0,0.17,0.23,1.0,0.30,0,220,1.42,"{""baseName"":""ブロッコリー"",""part"":""花序"",""state"":""生""}",ブロッコリーの花序は野菜として安全で適切な素材,8,1,1,170,270,280,76,57,130,180,120,300,190,59,240,130,330,0.24,0.11,0.08,0.03,34,76,0,0,0,29.25,170379,18.7,"Broccoli, florets, raw"
06,06264,ブロッコリー　花序　ゆで,89.9,3.9,0.4,4.3,0.6,30,41,74,5,210,17,0.9,0.4,0.06,0.20,-,1,0,0,2.7,0.06,0.09,0.4,0.14,0,120,0.74,"{""baseName"":""ブロッコリー"",""part"":""花序"",""state"":""ゆで""}",ゆでたブロッコリーは消化しやすく栄養価が高い緑黄色野菜で適している。,9,1,1,(120),(190),(200),(54),(41),(94),(130),(85),(210),(130),(42),(170),(90),(230),(0.19),(0.08),(0.06),(0.03),(26),(59),(0),(0),(0),20.2,169967,40.1,"Broccoli, florets, boiled"
06,06395,ブロッコリー　花序　電子レンジ調理,85.3,5.7,0.7,-,1.3,56,54,120,8,500,32,1.4,0.9,0.11,0.30,-,2,-,-,3.4,0.18,0.25,1.2,0.41,-,160,1.31,"{""baseName"":""ブロッコリー"",""part"":""花序"",""state"":""電子レンジ調理""}",調理済みのブロッコリーは消化しやすくビタミンや食物繊維が豊富で適している。,8,1,0,(180),(280),(300),(80),(61),(140),(190),(130),(320),(200),(62),(260),(130),(350),,,,,,,,,,50.4,169330,,"Broccoli, florets, microwaved"
06,06396,ブロッコリー　花序　焼き,78.5,9.9,1.2,-,2.1,83,90,200,13,820,53,2.3,1.5,0.17,0.50,-,4,-,-,6.0,0.27,0.40,1.7,0.67,-,450,1.99,"{""baseName"":""ブロッコリー"",""part"":""花序"",""state"":""焼き""}",加熱したブロッコリーは栄養価があり犬のレシピ素材として適している,8,1,0,(300),(490),(510),(140),(100),(240),(330),(220),(560),(350),(110),(440),(230),(600),,,,,,,,,,73.9,170382,33.6,"Broccoli, florets, grilled"
06,06397,ブロッコリー　花序　油いため,79.2,6.9,6.3,-,1.5,109,64,140,9,590,37,1.7,1.1,0.11,0.35,0,3,-,-,5.8,0.20,0.28,1.3,0.52,-,340,1.47,"{""baseName"":""ブロッコリー"",""part"":""花序"",""state"":""油いため""}",ブロッコリーはビタミン・食物繊維が豊富で犬のレシピ素材として適している,8,1,0,(210),(340),(360),(97),(73),(170),(230),(160),(390),(250),(75),(310),(160),(420),,,,,,,,,,99.05,169392,25.3,"Broccoli, florets, stir-fried"
06,06354,ブロッコリー　芽ばえ　生,94.3,1.9,0.6,1.8,0.5,18,57,60,4,100,32,0.7,0.4,0.03,0.37,-,-,(0),(0),1.9,0.08,0.11,1.3,0.20,(0),74,0.52,"{""baseName"":""ブロッコリー"",""part"":""芽ばえ"",""state"":""生""}",ブロッコリースプラウトは栄養豊富な野菜で適した素材。,8,1,1,(58),(92),(97),(26),(20),(46),(63),(42),(110),(67),(20),(84),(44),(110),(0.26),(0.12),(0.08),(0.04),(36),(82),(0),(0),(0),14.9,170379,18.7,"Broccoli sprouts, raw"
06,06265,へちま　果実　生,94.9,0.8,0.1,1.0,0.4,17,12,25,1,150,12,0.3,0.2,0.06,0.07,-,-,(0),(0),0.3,0.03,0.04,0.2,0.07,(0),92,0.30,"{""baseName"":""へちま"",""part"":""果実"",""state"":""生""}",へちまの果実は水分の多い野菜で消化しやすく、犬のレシピ素材として使いやすい。,8,1,1,(27),(39),(33),(7.3),(10),(18),(30),(16),(47),(24),(4.0),(33),(16),(41),(0.07),(0.04),(0),(0.04),(44),-,-,-,-,13.45,170402,9.2,"Sponge gourd, fruit, raw"
06,06266,へちま　果実　ゆで,94.2,1.6,0.1,1.5,0.4,19,24,34,1,140,13,0.7,0.2,0.07,0.09,-,-,(0),(0),0.4,0.03,0.06,0.2,0.05,(0),91,0.39,"{""baseName"":""へちま"",""part"":""果実"",""state"":""ゆで""}",へちま（ゆで）は消化性が良く安全な野菜で、犬の素材として適している。,8,1,1,(54),(77),(67),(15),(20),(35),(61),(32),(93),(48),(7.9),(65),(31),(81),(0.07),(0.04),(0),(0.04),(44),-,-,-,-,14.15,168415,,"Sponge gourd, fruit, boiled"
06,06267,ほうれんそう　葉　通年平均　生,92.4,2.2,0.4,2.8,1.7,18,49,47,16,690,69,2.0,0.7,0.11,0.32,3,3,(0),(0),2.1,0.11,0.20,0.6,0.14,(0),210,0.20,"{""baseName"":""ほうれんそう"",""variety"":""通年平均"",""part"":""葉"",""state"":""生""}",ビタミンやミネラルを含む葉物だがシュウ酸や硝酸イオンを含むため適量での使用が望ましい。,7,1,1,83,140,110,35,29,64,100,80,180,93,41,110,51,140,0.22,0.17,0.12,0.04,34,120,0,-,0,12.85,168462,19.3,"Spinach, leaves, annual average, raw"
06,06268,ほうれんそう　葉　通年平均　ゆで,91.5,2.6,0.5,3.6,1.2,23,69,43,10,490,40,0.9,0.7,0.11,0.33,1,3,(0),(0),2.6,0.05,0.11,0.3,0.08,(0),110,0.13,"{""baseName"":""ほうれんそう"",""variety"":""通年平均"",""part"":""葉"",""state"":""ゆで""}",ゆでほうれんそうはビタミンやミネラルが豊富だが、シュウ酸を含むため量や頻度に注意が必要。,6,1,1,100,190,150,48,37,85,130,110,240,120,52,140,62,160,(0.28),(0.21),(0.15),(0.04),(43),(150),(0),-,(0),15.45,168463,19.7,"Spinach, leaves, annual average, boiled"
06,06359,ほうれんそう　葉　通年平均　油いため,82.0,3.8,8.1,4.6,1.5,91,88,54,13,530,52,1.2,0.8,0.15,0.20,-,-,(0),(0),4.8,0.08,0.16,0.5,0.09,(0),140,0.20,"{""baseName"":""ほうれんそう"",""variety"":""通年平均"",""part"":""葉"",""state"":""油いため""}",油いためのほうれんそうは葉物野菜として栄養価があり利用できるが、鉄分やシュウ酸を考慮する必要がある,8,1,1,(150),(280),(210),(70),(54),(120),(190),(160),(340),(160),(76),(200),(90),(230),(7.25),(2.21),(0.75),(1.43),(1400),(750),(0),(0),(0),82.15,169400,,"Spinach, leaves, stir-fried"
06,06355,ほうれんそう　葉　夏採り　生,92.4,2.2,0.4,2.8,1.7,18,49,47,16,690,69,2.0,0.7,0.11,0.32,3,3,(0),(0),2.1,0.11,0.20,0.6,0.14,(0),210,0.20,"{""baseName"":""ほうれんそう"",""variety"":""夏採り"",""part"":""葉"",""state"":""生""}",ほうれんそうはビタミン・鉄分が豊富だがシュウ酸を含むため長期大量の利用は注意が必要。,7,1,0,(83),(140),(110),(35),(29),(64),(100),(80),(180),(93),(41),(110),(51),(140),,,,,,,,,,12.85,168462,19.3,"Spinach, leaves, summer harvest, raw"
06,06357,ほうれんそう　葉　夏採り　ゆで,91.5,2.6,0.5,3.6,1.2,23,69,43,10,490,40,0.9,0.7,0.11,0.33,1,3,(0),(0),2.6,0.05,0.11,0.3,0.08,(0),110,0.13,"{""baseName"":""ほうれんそう"",""variety"":""夏採り"",""part"":""葉"",""state"":""ゆで""}",ゆでほうれんそうはビタミン・ミネラル源として利用できるがシュウ酸含有に配慮が必要,7,1,0,(100),(190),(150),(48),(37),(85),(130),(110),(240),(120),(52),(140),(62),(160),,,,,,,,,,15.45,168463,19.7,"Spinach, leaves, summer harvest, boiled"
06,06356,ほうれんそう　葉　冬採り　生,92.4,2.2,0.4,2.8,1.7,18,49,47,16,690,69,2.0,0.7,0.11,0.32,3,3,(0),(0),2.1,0.11,0.20,0.6,0.14,(0),210,0.20,"{""baseName"":""ほうれんそう"",""variety"":""冬採り"",""part"":""葉"",""state"":""生""}",ビタミンやミネラルが豊富だがシュウ酸を含み大量摂取は注意が必要,7,1,0,(83),(140),(110),(35),(29),(64),(100),(80),(180),(93),(41),(110),(51),(140),,,,,,,,,,12.85,168462,19.3,"Spinach, leaves, winter harvest, raw"
06,06358,ほうれんそう　葉　冬採り　ゆで,91.5,2.6,0.5,3.6,1.2,23,69,43,10,490,40,0.9,0.7,0.11,0.33,1,3,(0),(0),2.6,0.05,0.11,0.3,0.08,(0),110,0.13,"{""baseName"":""ほうれんそう"",""variety"":""冬採り"",""part"":""葉"",""state"":""ゆで""}",ゆでほうれんそうは加熱済みで与えやすく、適度な量であれば素材として使える（シュウ酸を考慮）,7,1,0,(100),(190),(150),(48),(37),(85),(130),(110),(240),(120),(52),(140),(62),(160),,,,,,,,,,15.45,169288,24.8,"Spinach, leaves, winter harvest, boiled"
06,06269,ほうれんそう　葉　冷凍,92.2,2.9,0.3,3.3,1.0,22,87,46,120,210,51,1.2,0.5,0.10,0.80,1,Tr,(0),(0),2,0.06,0.13,0.4,0.10,0,120,0.15,"{""baseName"":""ほうれんそう"",""part"":""葉"",""state"":""冷凍""}",冷凍ほうれんそうは鉄やビタミンが含まれるがシュウ酸に注意して適量で使える。,7,1,1,120,230,180,56,43,99,150,130,280,140,56,160,73,170,0.17,0.12,0.09,0.02,22,90,0,0,0,13.75,169287,22.1,"Spinach, leaves, frozen"
06,06372,ほうれんそう　葉　冷凍　ゆで,90.6,3.7,0.5,4.5,0.8,26,130,42,47,90,55,1.3,0.5,0.14,0.95,1,Tr,(0),(0),3.1,-,0.06,0.2,0.05,0,57,0.03,"{""baseName"":""ほうれんそう"",""part"":""葉"",""state"":""ゆで""}",栄養はあるがシュウ酸を含むため使用量に注意が必要,7,1,1,150,290,220,72,50,120,180,150,330,180,73,200,87,200,0.34,0.25,0.18,0.05,46,180,0,0,2,17.2,169288,24.8,"Spinach, leaves, frozen, boiled"
06,06373,ほうれんそう　葉　冷凍　油いため,84.6,4.0,4.5,4.1,1.4,67,130,57,160,240,61,1.5,0.6,0.12,0.90,2,1,(0),(0),4.6,-,0.18,0.6,0.12,0,150,0.19,"{""baseName"":""ほうれんそう"",""part"":""葉"",""state"":""油いため""}",鉄分やビタミンを含む葉物だが油で調理された加工品である,6,1,1,150,300,230,76,56,130,190,160,350,180,74,200,91,220,3.90,1.23,0.48,0.73,730,480,0,0,0,57.15,170124,24.8,"Spinach, leaves, frozen, stir-fried"
06,06270,ホースラディシュ　根茎　生,77.3,3.1,0.3,8.2,1.6,69,110,58,1,510,65,1.0,2.3,0.19,0.40,0,0,(0),(0),0,0.10,0.10,0.5,0.23,(0),99,0.32,"{""baseName"":""ホースラディシュ"",""part"":""根茎"",""state"":""生""}",ホースラディシュ（わさび大根）は辛味が強く消化器を刺激しやすいため注意が必要である,3,1,1,(110),(140),(150),(34),(39),(73),(97),(76),(170),(130),(30),(170),(68),(140),(0.24),(0.15),(0.02),(0.12),(120),(23),(0),(0),(0),46.65,168583,,"Horseradish, root, raw"
06,06271,まこも　茎　生,93.5,1.3,0.2,2.3,0.6,19,2,42,3,240,8,0.2,0.2,0.02,0.25,-,-,(0),(0),Tr,0.04,0.03,0.5,0.08,(0),43,0.25,"{""baseName"":""まこも"",""part"":""茎"",""state"":""生""}",まこも（茎）は食物繊維を含む野菜的素材で、調理して与えれば犬のレシピ素材として適している。,7,1,1,(32),(56),(56),(14),(15),(30),(36),(67),(100),(41),(11),(49),(23),(46),0.10,0.04,Tr,0.03,31,5,0,0,0,13.6,168897,10.2,"Manchurian wild rice, stem, raw"
06,06272,みずかけな　葉　生,91.1,2.9,0.1,2.8,1.1,25,110,64,7,400,23,1.0,0.3,0.07,0.17,-,-,(0),(0),0.9,0.11,0.23,1.1,0.17,(0),240,0.55,"{""baseName"":""みずかけな"",""part"":""葉"",""state"":""生""}",みずかけなの葉は葉物野菜で犬のレシピ素材として適している,8,1,1,(130),(220),(180),(36),(24),(60),(160),(100),(260),(140),(63),(180),(72),(190),(0.05),(0.04),(0.03),(Tr),(4),(28),(0),-,(0),18,168487,12.8,"Mizukakena, leaves, raw"
06,06273,みずかけな　塩漬,85.6,4.9,Tr,4.0,3.6,34,110,67,1000,440,26,1.0,0.5,0.08,0.29,-,-,(0),(0),1.3,0.12,0.34,1.5,0.24,(0),180,0.54,"{""baseName"":""みずかけな"",""state"":""塩漬""}",みずかけなの塩漬は塩漬加工品で味付けがあるため、加工食品扱いで注意が必要です。,4,1,0,(210),(370),(300),(61),(40),(100),(280),(170),(450),(230),(110),(310),(120),(330),,,,,,,,,,23.8,168149,101.6,"Mizukakena, salted"
06,06072,みずな　葉　生,91.4,2.2,0.1,3.0,1.3,23,210,64,36,480,31,2.1,0.5,0.07,0.41,7,2,(0),(0),1.8,0.08,0.15,0.7,0.18,(0),140,0.50,"{""baseName"":""みずな"",""part"":""葉"",""state"":""生""}",水菜は低カロリーでビタミン・食物繊維が豊富な安全な葉物野菜で犬の素材として適している,8,1,0,(96),(170),(140),(27),(18),(45),(120),(77),(200),(100),(48),(140),(55),(150),,,,,,,,,,15.55,169256,0.5,"Mizuna, leaves, raw"
06,06073,みずな　葉　ゆで,91.8,2.0,0.1,3.6,1.1,21,200,64,28,370,25,2.0,0.2,0.05,0.31,-,-,(0),(0),1.3,0.04,0.08,0.4,0.10,(0),90,0.29,"{""baseName"":""みずな"",""part"":""葉"",""state"":""ゆで""}",茹でたみずなは葉物野菜として安全で犬のレシピ素材として適切,9,1,0,(87),(150),(120),(25),(16),(41),(110),(70),(180),(95),(44),(120),(50),(130),,,,,,,,,,12.75,169329,,"Mizuna, leaves, boiled"
06,06074,みずな　塩漬,88.2,2.0,0.1,3.5,3.4,26,200,60,900,450,30,1.3,0.3,0.06,0.25,-,-,(0),(0),1.1,0.07,0.15,0.5,0.19,(0),130,0.39,"{""baseName"":""みずな"",""state"":""塩漬""}",塩漬けの葉物で塩分が高めになり得るため、洗浄や塩分管理が必要。,6,1,0,(87),(150),(120),(25),(16),(41),(110),(70),(180),(95),(44),(120),(50),(130),,,,,,,,,,17.65,169891,21.5,"Mizuna, salted"
06,06274,（みつば類）　切りみつば　葉　生,93.8,1.0,0.1,2.5,1.1,16,25,50,8,640,17,0.3,0.1,0.07,0.14,3,1,(0),(0),0.7,0.03,0.09,0.4,0.04,(0),44,0.29,"{""baseName"":""切りみつば"",""part"":""葉"",""state"":""生"",""notes"":[""みつば類""]}",みつばは安全な香草で少量の風味付けに適している,8,1,0,(40),(60),(53),(9.0),(8.2),(17),(37),(30),(67),(41),(14),(60),(24),(34),,,,,,,,,,9.6,168451,7.3,"Mitsuba, cut, leaves, raw"
06,06275,（みつば類）　切りみつば　葉　ゆで,95.2,0.9,0.1,2.7,0.5,12,24,31,4,290,13,0.2,0.1,0.05,0.15,-,-,(0),(0),0.9,0.02,0.04,0.2,0.01,(0),14,0.15,"{""baseName"":""切りみつば"",""part"":""葉"",""state"":""ゆで"",""notes"":[""みつば類""]}",香り野菜で少量なら安全に使える。過剰摂取は避ける。,8,1,0,(36),(54),(48),(8.1),(7.4),(15),(33),(27),(60),(37),(13),(54),(22),(30),,,,,,,,,,6.1,170385,,"Mitsuba, cut, leaves, boiled"
06,06276,（みつば類）　根みつば　葉　生,92.7,1.9,0.1,2.9,1.2,19,52,64,5,500,21,1.8,0.2,0.07,0.42,-,-,(0),(0),1.1,0.05,0.13,1.0,0.06,(0),66,0.33,"{""baseName"":""根みつば"",""part"":""葉"",""state"":""生"",""notes"":[""みつば類""]}",根みつば（葉）は香味野菜で少量で風味付けに使いやすく犬に対して安全な素材である,8,1,0,(76),(110),(100),(17),(16),(33),(71),(57),(130),(78),(27),(110),(46),(64),,,,,,,,,,11.7,169974,11.7,"Mitsuba, root, leaves, raw"
06,06277,（みつば類）　根みつば　葉　ゆで,92.9,2.3,0.1,3.3,0.8,19,64,54,4,270,18,1.2,0.2,0.07,0.35,-,-,(0),(0),1.4,0.03,0.05,0.4,0.04,(0),43,0.27,"{""baseName"":""根みつば"",""part"":""葉"",""state"":""ゆで"",""notes"":[""みつば類""]}",根みつば（ゆで）は香味野菜として安全で、少量の風味付けに適する,8,1,0,(92),(140),(120),(21),(19),(40),(86),(69),(150),(94),(33),(140),(56),(78),,,,,,,,,,11,169974,11.7,"Mitsuba, root, leaves, boiled"
06,06278,（みつば類）　糸みつば　葉　生,94.6,0.9,0.1,2.3,1.2,12,47,47,3,500,21,0.9,0.1,0.02,0.42,-,-,(0),(0),0.9,0.04,0.14,0.7,0.06,(0),64,0.30,"{""baseName"":""糸みつば"",""part"":""葉"",""state"":""生"",""notes"":[""みつば類""]}",糸みつばの葉は香味野菜として利用できる安全な素材。,8,1,0,(36),(54),(48),(8.1),(7.4),(15),(33),(27),(60),(37),(13),(54),(22),(30),,,,,,,,,,7.15,169270,,"Mitsuba, ito, leaves, raw"
06,06279,（みつば類）　糸みつば　葉　ゆで,93.7,1.1,0,3.0,0.9,14,56,39,3,360,18,0.6,0.1,0.02,0.48,-,-,(0),(0),1.3,0.02,0.08,0.4,0.03,(0),23,0.22,"{""baseName"":""糸みつば"",""part"":""葉"",""state"":""ゆで"",""notes"":[""みつば類""]}",糸みつば（ゆで）は香味野菜として利用でき、加熱済みで与えやすい安全な素材,8,1,0,(44),(66),(59),(9.9),(9.0),(19),(41),(33),(74),(45),(16),(65),(27),(37),,,,,,,,,,8.4,170544,,"Mitsuba, ito, leaves, boiled"
06,06360,みぶな　葉　生,93.9,1.1,0.3,1.8,1.3,14,110,34,32,490,30,0.5,0.2,0.03,0.22,-,-,(0),(0),0.9,0.04,0.07,0.7,0.11,(0),110,0.12,"{""baseName"":""みぶな"",""part"":""葉"",""state"":""生""}",みぶなは葉物野菜でビタミン・食物繊維が豊富で犬のレシピ素材に適している,8,1,1,(46),(81),(66),(13),(8.7),(22),(60),(37),(97),(50),(23),(66),(26),(71),(0.13),(0.10),(0.08),(0.01),(11),(77),(0),-,(0),12,169329,,"Mibuna, leaves, raw"
06,06280,（みょうが類）　みょうが　花穂　生,95.6,0.9,0.1,2.1,0.8,11,25,12,1,210,30,0.5,0.4,0.05,1.17,1,1,(0),(0),0.1,0.05,0.05,0.4,0.07,(0),25,0.20,"{""baseName"":""みょうが"",""variety"":""花穂"",""state"":""生"",""notes"":[""みょうが類""]}",みょうがは香味野菜で通常は問題ないが風味が強いため少量向け,7,1,0,(28),(42),(22),(9.8),(11),(20),(28),(28),(56),(41),(13),(40),(18),(55),,,,,,,,,,5.75,169270,,"Myoga, flower bud, raw"
06,06281,（みょうが類）　みょうがたけ　茎葉　生,97.1,0.4,0.1,1.1,0.8,6,11,18,Tr,350,7,0.3,0.3,0.03,1.44,-,-,(0),(0),0.1,0.02,0.02,0.1,0.02,(0),13,0.07,"{""baseName"":""みょうがたけ"",""part"":""茎葉"",""state"":""生"",""notes"":[""みょうが類""]}",みょうがたけ（茎葉）は香味野菜で有害成分はなく犬のレシピ素材として使用可能,7,1,0,(13),(19),(9.6),(4.3),(4.7),(9.0),(13),(12),(25),(18),(5.8),(18),(7.8),(24),,,,,,,,,,4,169210,0,"Myoga shoot, stem and leaves, raw"
06,06282,むかご　肉芽　生,75.1,2.9,0.2,4.2,1.2,87,5,64,3,570,19,0.6,0.4,0.15,0.05,-,-,(0),(0),0.4,0.11,0.02,0.3,0.07,(0),20,0.60,"{""baseName"":""むかご"",""variety"":""肉芽"",""state"":""生""}",山芋類の球芽で可食部は炭水化物源として利用可能で問題は少ない,7,1,1,(71),(110),(86),(30),(28),(58),(88),(46),(130),(78),(30),(100),(50),(250),0.11,0.06,0.01,0.05,50,13,0,0,0,69.25,170071,16.5,"Yam bulbils, raw"
06,06283,めキャベツ　結球葉　生,83.2,5.7,0.1,5.5,1.1,52,37,73,5,610,25,1.0,0.6,0.07,0.29,-,-,(0),(0),0.6,0.19,0.23,0.9,0.27,(0),240,0.76,"{""baseName"":""めキャベツ"",""part"":""結球葉"",""state"":""生""}",めキャベツは野菜として安全に使える。調理法で消化性が向上する。,8,1,1,(140),(220),(200),(42),(53),(95),(120),(86),(200),(150),(54),(210),(83),(380),(0.08),(0.05),(0.03),(0.02),(15),(33),(0),(0),(Tr),36.2,170383,19.1,"Brussels sprouts, raw"
06,06284,めキャベツ　結球葉　ゆで,83.8,5.3,0.1,5.2,1.0,51,36,75,5,480,22,1.0,0.5,0.07,0.25,-,-,(0),(0),0.5,0.13,0.16,0.6,0.22,(0),220,0.65,"{""baseName"":""めキャベツ"",""part"":""結球葉"",""state"":""ゆで""}",めキャベツのゆでは加熱により消化しやすく、犬の食材として適している。,8,1,1,(130),(200),(180),(38),(48),(86),(110),(78),(180),(140),(49),(200),(77),(350),(0.08),(0.05),(0.03),(0.02),(15),(33),(0),(0),(Tr),35.5,169971,40.6,"Brussels sprouts, boiled"
06,06285,めたで　芽ばえ　生,87.0,3.0,0.5,6.3,0.7,39,49,110,9,140,70,2.3,0.9,0.09,7.66,-,-,(0),(0),4.8,0.15,0.21,1.1,0.27,(0),77,0.29,"{""baseName"":""めたで"",""part"":""芽ばえ"",""state"":""生""}",紅たでの芽は食用の葉茎で風味付けや少量の野菜素材として利用可能。,7,0,0,,,,,,,,,,,,,,,,,,,,,,,,23.5,170095,,"Redshank, sprouts, raw"
06,06286,（もやし類）　アルファルファもやし　生,96.0,1.6,0.1,1.4,0.3,11,14,37,7,43,13,0.5,0.4,0.09,0.10,1,1,(0),(0),1.9,0.07,0.09,0.2,0.10,(0),56,0.46,"{""baseName"":""アルファルファもやし"",""state"":""生"",""notes"":[""もやし類""]}",栄養価のあるもやし類で少量なら利用できるが生食の衛生に注意,7,0,1,,,,,,,,,,,,,,,(0.08),(0.06),(0.03),(0.03),(34),(25),(0),(0),(0),8.55,168384,14.4,"Alfalfa sprouts, raw"
06,06287,（もやし類）　だいずもやし　生,92.0,3.6,1.4,2.3,0.5,29,25,54,3,160,23,0.5,0.3,0.11,0.28,1,5,(0),(0),0.3,0.08,0.06,0.4,0.08,Tr,44,0.24,"{""baseName"":""だいずもやし"",""state"":""生"",""notes"":[""もやし類""]}",大豆もやしは消化しやすく野菜・たんぱく補助として利用できる,8,1,1,150,210,150,37,42,79,180,97,270,140,47,180,100,200,1.13,0.76,0.13,0.63,630,130,0,-,0,25.2,169284,,"Soybean sprouts, raw"
06,06288,（もやし類）　だいずもやし　ゆで,93.0,2.9,1.6,2.2,0.3,27,24,43,1,50,19,0.4,0.3,0.08,0.35,-,-,(0),(0),0.6,0.04,0.04,0.1,0.04,(0),39,0.19,"{""baseName"":""だいずもやし"",""state"":""ゆで"",""notes"":[""もやし類""]}",だいずもやし（ゆで）は加熱済みの豆もやしで消化しやすく利用しやすい,8,1,1,(110),(170),(120),(29),(33),(63),(140),(75),(220),(100),(38),(140),(80),(160),(1.25),(0.83),(0.14),(0.68),(680),(140),(0),-,(0),23.75,168460,41.2,"Soybean sprouts, boiled"
06,06412,（もやし類）　だいずもやし　油いため,86.9,3.8,4.5,-,0.5,62,25,55,4,170,23,0.4,0.3,0.12,0.28,1,4,-,-,0.5,0.09,0.07,0.5,0.08,Tr,37,0.22,"{""baseName"":""だいずもやし"",""state"":""油いため"",""notes"":[""もやし類""]}",だいずもやしの油いためは野菜性素材だが調理油が加わっているため脂質量に配慮が必要。,7,1,1,(150),(220),(160),(39),(45),(84),(190),(100),(290),(150),(50),(190),(110),(210),(2.24),(1.58),(0.36),(1.22),(1200),(360),(0),-,(0),66.6,168461,,"Soybean sprouts, stir-fried"
06,06289,（もやし類）　ブラックマッペもやし　生,94.7,2.2,Tr,1.5,0.3,17,16,32,8,65,12,0.4,0.3,0.07,0.09,1,1,0,0,Tr,0.04,0.06,0.5,0.06,0,42,0.43,"{""baseName"":""ブラックマッペもやし"",""state"":""生"",""notes"":[""もやし類""]}",もやしは低カロリーでビタミン・食物繊維があり素材として適している,8,1,0,83,94,63,19,10,30,100,49,150,64,23,110,60,92,,,,,,,,,,12.25,169957,14.4,"Black gram sprouts, raw"
06,06290,（もやし類）　ブラックマッペもやし　ゆで,95.8,1.3,Tr,1.6,0.2,13,24,17,2,12,10,0.4,0.3,0.05,0.09,-,-,(0),(0),0.1,0.02,0.02,0.1,0.03,(0),36,0.20,"{""baseName"":""ブラックマッペもやし"",""state"":""ゆで"",""notes"":[""もやし類""]}",ゆでたもやしは消化しやすい野菜で犬の素材として適している。,8,1,0,(47),(54),(37),(11),(6.0),(17),(60),(28),(88),(35),(13),(64),(35),(53),,,,,,,,,,8.4,169137,9.9,"Black gram sprouts, boiled"
06,06398,（もやし類）　ブラックマッペもやし　油いため,90.6,2.3,0.9,-,0.3,41,18,34,9,71,13,0.4,0.3,0.07,0.10,2,1,-,-,1.1,0.04,0.06,0.5,0.05,-,53,0.50,"{""baseName"":""ブラックマッペもやし"",""state"":""油いため"",""notes"":[""もやし類""]}",加熱済みのもやしで使いやすいが、使用する油分に注意が必要。,7,1,0,(87),(98),(66),(20),(11),(31),(110),(52),(160),(67),(24),(120),(63),(97),,,,,,,,,,36.35,169138,,"Black gram sprouts, stir-fried"
06,06291,（もやし類）　りょくとうもやし　生,95.4,1.8,0.1,1.3,0.2,15,9,27,3,79,8,0.2,0.2,0.08,0.06,2,Tr,(0),(0),0.1,0.04,0.05,0.3,0.05,Tr,36,0.2,"{""baseName"":""りょくとうもやし"",""state"":""生"",""notes"":[""もやし類""]}",りょくとうもやしは低カロリーで使いやすい野菜素材,8,1,1,70,77,86,13,7.1,21,92,41,130,49,18,94,55,130,(0.09),(0.04),(0.01),(0.03),(29),(11),(0),(0),(0),11.35,169957,14.4,"Mung bean sprouts, raw"
06,06292,（もやし類）　りょくとうもやし　ゆで,95.9,1.6,0,1.5,0.2,12,11,24,2,24,7,0.3,0.2,0.06,0.06,-,-,(0),(0),0.1,0.03,0.04,0.2,0.02,(0),33,0.14,"{""baseName"":""りょくとうもやし"",""state"":""ゆで"",""notes"":[""もやし類""]}",ゆでた緑豆もやしは消化しやすい野菜類で素材として利用しやすい,8,1,0,(60),(67),(75),(12),(6.2),(18),(80),(34),(110),(40),(16),(80),(47),(110),,,,,,,,,,8.4,169137,9.9,"Mung bean sprouts, boiled"
06,06413,（もやし類）　りょくとうもやし　油いため,91,2,2.8,-,0.3,40,10,29,3,89,9,0.2,0.2,0.08,0.07,-,Tr,-,-,1,0.05,0.05,0.3,0.04,Tr,57,0.17,"{""baseName"":""りょくとうもやし"",""state"":""油いため"",""notes"":[""もやし類""]}",油いためのもやしは調理油が含まれるが野菜として利用可能な素材。,7,1,1,(77),(85),(95),(15),(7.8),(23),(100),(45),(150),(54),(20),(100),(60),(140),(0.98),(0.73),(0.21),(0.52),(520),(210),(0),(0),(0),44.45,169138,,"Mung bean sprouts, stir-fried"
06,06293,モロヘイヤ　茎葉　生,86.1,4.8,0.5,5.9,2.1,36,260,110,1,530,46,1.0,0.6,0.33,1.32,4,1,(0),(0),6.5,0.18,0.42,1.1,0.35,(0),250,1.83,"{""baseName"":""モロヘイヤ"",""part"":""茎葉"",""state"":""生""}",モロヘイヤは葉野菜として良質な緑黄色野菜で犬のレシピ素材として適切。,9,1,1,(230),(400),(230),(67),(41),(110),(220),(150),(370),(170),(31),(260),(110),(260),(0.35),(0.24),(Tr),(0.23),(230),(4),-,-,-,23.15,169303,,"Molokhia, leaves and stems, raw"
06,06294,モロヘイヤ　茎葉　ゆで,91.3,3.0,0.4,3.5,1.2,24,170,53,Tr,160,26,0.6,0.4,0.20,1.02,-,-,(0),(0),3.4,0.06,0.13,0.4,0.08,(0),67,0.70,"{""baseName"":""モロヘイヤ"",""part"":""茎葉"",""state"":""ゆで""}",ゆでたモロヘイヤの茎葉は加熱済みの葉物野菜で消化しやすく栄養価もあり適している。,8,1,1,(140),(250),(140),(42),(26),(68),(140),(95),(230),(110),(19),(160),(71),(160),(0.28),(0.19),(Tr),(0.19),(190),(4),(0),(0),(0),16,169400,,"Molokhia, leaves and stems, boiled"
06,06401,やぶまめ　生,45.8,15.5,6.5,9.8,2.8,219,44,240,3,1100,110,4.6,0.9,0.19,0.60,0,0,-,-,-,-,-,-,-,-,-,-,"{""baseName"":""やぶまめ"",""state"":""生""}",豆類の一種で栄養価はあるが生のままでは消化しにくい場合がある,6,0,0,,,,,,,,,,,,,,,,,,,,,,,,178.1,169284,,"Wild soybean, raw"
06,06295,やまごぼう　みそ漬,72.8,4.1,0.1,7.0,7.4,66,23,49,2800,200,24,1.3,0.3,0.13,0.28,-,-,(0),(0),0.6,0.02,0.10,0.4,0.03,(0),14,0.02,"{""baseName"":""やまごぼう"",""state"":""みそ漬""}",みそ漬の山ごぼうは発酵・塩分を含む加工野菜だが、少量の使用なら素材として使える,5,0,0,,,,,,,,,,,,,,,,,,,,,,,,45.3,169890,23.5,"Japanese knotweed, miso pickled"
06,06296,ゆりね　りん茎　生,66.5,3.8,0.1,5.4,1.3,119,10,71,1,740,25,1.0,0.7,0.16,0.96,1,1,(0),(0),0.5,0.08,0.07,0.7,0.12,(0),77,0,"{""baseName"":""ゆりね"",""part"":""りん茎"",""state"":""生""}",ゆりね（りん茎）は人の食用例はあるが犬に関する情報が限られるため注意が必要である。,5,1,0,(69),(130),(140),(38),(42),(79),(97),(77),(170),(88),(41),(110),(52),(630),,,,,,,,,,94.3,169250,,"Lily bulb, raw"
06,06297,ゆりね　りん茎　ゆで,66.5,3.4,0.1,6.0,1.3,117,10,65,1,690,24,0.9,0.7,0.14,0.75,-,-,(0),(0),0.5,0.07,0.07,0.6,0.12,(0),92,0,"{""baseName"":""ゆりね"",""part"":""りん茎"",""state"":""ゆで""}",ゆりね（ユリ根）は食用の根茎で一般に犬に与えられるが、慣れない食材は少量で様子を見る必要がある。,7,1,0,(62),(120),(130),(34),(37),(71),(87),(69),(160),(79),(37),(100),(47),(560),,,,,,,,,,92.2,170384,14.3,"Lily bulb, boiled"
06,06298,ようさい　茎葉　生,93.0,2.2,0.1,3.1,1.4,17,74,44,26,380,28,1.5,0.5,0.20,1.07,-,-,(0),(0),2.2,0.10,0.20,1.0,0.11,(0),120,0.40,"{""baseName"":""ようさい"",""part"":""茎葉"",""state"":""生""}",ようさい（茎葉）は葉菜類でビタミンや食物繊維があり素材として適する,8,1,0,(72),(120),(120),(27),(27),(54),(72),(60),(130),(90),(23),(100),(46),(110),,,,,,,,,,9.25,170474,,"Water spinach, leaves and stems, raw"
06,06299,ようさい　茎葉　ゆで,92.4,2.2,0.1,3.4,1.0,18,90,40,16,270,20,1.0,0.3,0.15,0.77,-,-,(0),(0),0.6,0.06,0.10,0.6,0.05,(0),55,0.30,"{""baseName"":""ようさい"",""part"":""茎葉"",""state"":""ゆで""}",ようさい（茎葉・ゆで）は一般に犬に安全な緑黄色野菜類で、調理済みの葉茎として利用しやすい,8,1,0,(72),(120),(120),(27),(27),(54),(72),(60),(130),(90),(23),(100),(46),(110),,,,,,,,,,11.7,169400,,"Water spinach, leaves and stems, boiled"
06,06300,よめな　葉　生,84.6,3.4,0.2,7.8,1.8,40,110,89,2,800,42,3.7,0.7,0.24,0.78,-,-,(0),(0),4.1,0.23,0.32,3.2,0.10,(0),170,0.50,"{""baseName"":""よめな"",""part"":""葉"",""state"":""生""}",よめなの葉は緑葉野菜でビタミン・食物繊維源として犬の素材に適している,8,1,0,(140),(260),(190),(53),(30),(83),(180),(110),(290),(150),(59),(190),(71),(170),,,,,,,,,,21.3,168487,12.8,"Aster, leaves, raw"
06,06301,よもぎ　葉　生,83.6,5.2,0.3,7.8,2.2,43,180,100,10,890,29,4.3,0.6,0.29,0.84,-,-,(0),(0),3.2,0.19,0.34,2.4,0.08,(0),190,0.55,"{""baseName"":""よもぎ"",""part"":""葉"",""state"":""生""}",よもぎは伝統的に食用される葉物だが一部の犬で消化器症状を起こすことがある,6,1,0,(220),(390),(290),(81),(46),(130),(280),(170),(450),(230),(91),(290),(110),(270),,,,,,,,,,23.9,169399,,"Mugwort, leaves, raw"
06,06302,よもぎ　葉　ゆで,85.9,4.8,0.1,7.8,1.0,37,140,88,3,250,24,3.0,0.4,0.28,0.75,-,-,(0),(0),3.4,0.08,0.09,0.5,0.04,(0),51,0.13,"{""baseName"":""よもぎ"",""part"":""葉"",""state"":""ゆで""}",よもぎは食用の葉物で風味付けや野菜素材として利用可能,8,1,0,(200),(360),(270),(75),(43),(120),(260),(160),(420),(220),(84),(270),(100),(250),,,,,,,,,,19.05,170384,14.3,"Mugwort, leaves, boiled"
06,06303,らっかせい　未熟豆　生,50.1,12.0,24.2,4.0,1.3,306,15,200,1,450,100,0.9,1.2,0.50,0.75,0,1,(0),(0),7.2,0.54,0.09,10.0,0.21,(0),150,1.40,"{""baseName"":""らっかせい"",""variety"":""未熟豆"",""state"":""生""}",油脂分が高く消化不良や膵炎のリスク、アレルギーの可能性があるため注意が必要,4,1,1,(450),(860),(470),(140),(180),(320),(710),(510),(1200),(370),(130),(560),(330),(1500),(22.84),(7.00),(0.04),(6.96),(7000),(43),(0),(0),(0),277.1,170025,45.8,"Peanut, immature seeds, raw"
06,06304,らっかせい　未熟豆　ゆで,51.3,11.9,23.5,4.2,1.0,298,24,170,2,290,86,0.9,1.1,0.36,0.50,-,-,(0),(0),6.8,0.30,0.13,8.2,0.19,(0),150,0.91,"{""baseName"":""らっかせい"",""variety"":""未熟豆"",""state"":""ゆで""}",落花生（ピーナッツ）はナッツ類で消化不良や膵炎リスクがあるため注意が必要,4,1,1,(440),(860),(470),(140),(180),(320),(700),(500),(1200),(370),(130),(560),(330),(1500),(22.18),(6.80),(0.04),(6.76),(6800),(42),(0),(0),(0),269.75,170025,45.8,"Peanut, immature seeds, boiled"
06,06305,（らっきょう類）　らっきょう　りん茎　生,68.3,1.4,0.2,20.7,0.8,83,14,35,2,230,14,0.5,0.5,0.06,0.45,1,1,(0),(0),0.8,0.07,0.05,2.1,0.12,(0),29,0.56,"{""baseName"":""らっきょう"",""part"":""りん茎"",""state"":""生"",""notes"":[""らっきょう類""]}",らっきょうはネギ属に該当し、溶血性貧血を引き起こすため禁忌,1,1,1,29,47,74,13,12,25,43,27,70,30,16,37,26,150,(0.14),(0.08),(Tr),(0.07),(74),(4),(0),(0),(0),36.7,170499,11.3,"Rakkyo (Japanese scallion), bulb, raw"
06,06306,（らっきょう類）　らっきょう　甘酢漬,67.5,0.4,0.3,2.9,1.9,117,11,7,750,9,1,1.8,0.1,0.06,0.08,4,Tr,(0),-,0.2,Tr,Tr,0.1,0.02,0,Tr,0.03,"{""baseName"":""らっきょう"",""state"":""甘酢漬"",""notes"":[""らっきょう類""]}",らっきょうはネギ属で、溶血性貧血を引き起こす成分を含むため犬に有害,1,1,1,(8.7),(14),(23),(4.0),(3.7),(7.7),(13),(8.1),(21),(8.7),(5.0),(11),(7.9),(46),(0.21),(0.12),(0.01),(0.11),(110),(6),(0),(0),(0),98.45,169890,23.5,"Rakkyo (Japanese scallion), sweet vinegar pickled"
06,06307,（らっきょう類）　エシャレット　りん茎　生,79.1,2.3,0.2,11.4,0.6,59,20,47,2,290,14,0.8,0.5,0.06,0.37,-,-,(0),(0),0.4,0.03,0.05,0.8,0.11,(0),55,0.33,"{""baseName"":""エシャレット"",""part"":""りん茎"",""state"":""生"",""notes"":[""らっきょう類""]}",エシャレットはネギ類に該当し、溶血性貧血を引き起こす成分を含むため与えてはいけない。,1,1,1,(47),(76),(120),(21),(20),(41),(70),(43),(110),(46),(27),(59),(42),(240),(0.14),(0.08),(Tr),(0.07),(74),(4),(0),(0),(0),32.15,170499,11.3,"Eshalot (young rakkyo), bulb, raw"
06,06308,リーキ　りん茎葉　生,90.8,1.6,0.1,2.5,0.6,30,31,27,2,230,11,0.7,0.3,0.03,0.25,-,-,(0),(0),0.3,0.06,0.08,0.4,0.24,(0),76,0.17,"{""baseName"":""リーキ"",""variety"":""りん茎葉"",""state"":""生""}",リーキはネギ属であり溶血性貧血を引き起こす危険があるため禁忌である。,1,1,1,(56),(94),(88),(19),(24),(43),(53),(38),(91),(61),(13),(74),(23),(70),(0.07),(0.06),(0.03),(0.02),(22),(33),(0),(0),(0),21.85,169246,9.5,"Leek, raw"
06,06309,リーキ　りん茎葉　ゆで,91.3,1.3,0.1,2.6,0.5,28,26,26,2,180,9,0.6,0.3,0.04,0.20,-,-,(0),(0),0.3,0.05,0.07,0.3,0.20,(0),68,0.14,"{""baseName"":""リーキ"",""variety"":""りん茎葉"",""state"":""ゆで""}",リーキはネギ属に含まれ、赤血球を破壊する成分があり犬に有害であるため不可,1,1,1,(46),(77),(72),(15),(20),(35),(43),(31),(74),(50),(11),(60),(19),(57),(0.07),(0.06),(0.03),(0.02),(23),(33),-,-,-,20.1,168426,,"Leek, boiled"
06,06319,ルッコラ　葉　生,92.7,1.9,0.4,2.6,1.5,17,170,40,14,480,46,1.6,0.8,0.07,0.69,-,-,(0),(0),1.4,0.06,0.17,0.5,0.11,(0),170,0.55,"{""baseName"":""ルッコラ"",""part"":""葉"",""state"":""生""}",ルッコラは葉物野菜として利用できるが刺激のある風味に注意,8,0,1,,,,,,,,,,,,,,,0.13,0.07,0.05,0.01,15,54,0,0,0,13.2,169387,15.3,"Arugula, raw"
06,06310,ルバーブ　葉柄　生,92.1,0.7,0.1,2.5,0.9,23,74,37,1,400,19,0.2,0.1,0.02,0.05,-,-,(0),(0),0.2,0.04,0.05,0.2,0.02,(0),31,0.10,"{""baseName"":""ルバーブ"",""part"":""葉柄"",""state"":""生""}",ルバーブの葉はシュウ酸を多く含み犬に有害となるため与えてはいけない。,1,0,1,,,,,,,,,,,,,,,(0.10),(0.05),(0),(0.05),(50),(0),(0),(0),(0),16.25,167758,6.1,"Rhubarb, stalk, raw"
06,06311,ルバーブ　葉柄　ゆで,94.1,0.5,0.1,2.9,0.6,14,64,20,1,200,14,0.2,0.1,0.02,0.05,-,-,(0),(0),0.2,0.01,0.03,0.1,0.01,(0),22,0.10,"{""baseName"":""ルバーブ"",""part"":""葉柄"",""state"":""ゆで""}",ルバーブは葉に有害成分（シュウ酸等）を含む可能性があり、利用は慎重を要する。,4,0,1,,,,,,,,,,,,,,,(0.10),(0.05),(0),(0.05),(50),(0),(0),(0),(0),8.9,167758,6.1,"Rhubarb, stalk, boiled"
06,06312,（レタス類）　レタス　土耕栽培　結球葉　生,95.9,0.6,0.1,1.1,0.5,11,19,22,2,200,8,0.3,0.2,0.04,0.13,1,0,(0),(0),0.3,0.05,0.03,0.2,0.05,(0),73,0.20,"{""baseName"":""レタス"",""variety"":""土耕栽培"",""part"":""結球葉"",""state"":""生"",""notes"":[""レタス類""]}",水分が多く消化しやすい葉物野菜で犬のレシピ素材として適している。,9,1,1,24,37,32,8.0,5.2,13,23,18,41,30,7.4,29,12,30,0.04,0.03,0.01,0.01,12,14,0,-,0,9.25,169248,6.7,"Lettuce, head, soil-grown, raw"
06,06361,（レタス類）　レタス　水耕栽培　結球葉　生,95.3,0.8,0.2,1.1,0.6,13,34,30,2,260,10,0.3,0.1,0.01,0.38,-,-,(0),(0),0.3,0.03,0.03,0.3,0.05,(0),44,0.06,"{""baseName"":""レタス"",""variety"":""水耕栽培"",""part"":""結球葉"",""state"":""生"",""notes"":[""レタス類""]}",レタスは消化にやさしい葉物で素材として問題ない（芯は除去）,8,1,1,(30),(48),(42),(10),(6.7),(17),(30),(23),(53),(36),(9.6),(37),(15),(38),(0.07),(0.05),(0.03),(0.02),(23),(26),(0),-,(0),11.5,169248,6.7,"Lettuce, head, hydroponic, raw"
06,06313,（レタス類）　サラダな　葉　生,94.9,1.0,0.2,1.8,1.0,10,56,49,6,410,14,2.4,0.2,0.04,-,-,-,(0),(0),1.4,0.06,0.13,0.3,0.06,(0),71,0.25,"{""baseName"":""サラダな"",""part"":""葉"",""state"":""生"",""notes"":[""レタス類""]}",レタス類の葉は水分・食物繊維が豊富で犬のレシピ素材として問題ない,9,1,1,44,74,56,17,9.7,26,47,32,80,50,17,53,21,55,0.08,0.06,0.05,0.02,16,48,0,-,Tr,9.05,169247,9.9,"Salad greens, raw"
06,06314,（レタス類）　リーフレタス　葉　生,94.0,1.4,0.1,1.9,1.0,16,58,41,6,490,15,1.0,0.5,0.06,0.34,7,Tr,(0),(0),1.3,0.10,0.10,0.4,0.10,(0),110,0.24,"{""baseName"":""リーフレタス"",""part"":""葉"",""state"":""生"",""notes"":[""レタス類""]}",リーフレタスは水分と食物繊維が多く消化に優れた葉物野菜で素材として適している,9,1,1,(86),(81),(86),(16),(16),(33),(57),(33),(90),(61),(9.3),(72),(23),(73),(0.07),(0.05),(0.04),(0.02),(16),(39),(0),(0),(0),11.35,169249,13.6,"Leaf lettuce, raw"
06,06315,（レタス類）　サニーレタス　葉　生,94.1,1.2,0.2,2.0,1.1,15,66,31,4,410,15,1.8,0.4,0.05,0.43,-,-,(0),(0),1.2,0.10,0.10,0.3,0.08,(0),120,0.14,"{""baseName"":""サニーレタス"",""part"":""葉"",""state"":""生"",""notes"":[""レタス類""]}",サニーレタスは葉野菜で水分と食物繊維があり犬のレシピ素材として適している。,9,1,1,(34),(63),(41),(14),(8.1),(23),(60),(26),(87),(43),(20),(43),(17),(37),(0.14),(0.10),(0.07),(0.03),(31),(74),(0),(0),(0),10.8,168431,11.8,"Red leaf lettuce, raw"
06,06362,（レタス類）　サンチュ　葉　生,94.5,1.2,0.4,2.0,1.0,14,62,39,3,470,19,0.5,0.2,0.01,0.69,-,-,(0),(0),0.7,0.06,0.10,0.4,0.08,(0),91,0.08,"{""baseName"":""サンチュ"",""part"":""葉"",""state"":""生"",""notes"":[""レタス類""]}",サンチュは低カロリーの葉物野菜で犬のレシピ素材として適している。,8,1,1,(53),(92),(69),(20),(12),(32),(59),(39),(97),(57),(21),(65),(26),(67),(0.17),(0.13),(0.10),(0.03),(33),(100),(0),-,(Tr),10.75,169990,,"Sanchu (Korean lettuce), raw"
06,06316,（レタス類）　コスレタス　葉　生,94.5,1.2,0.2,1.9,0.6,16,29,39,16,250,12,0.5,0.3,0.03,0.23,-,-,(0),(0),0.7,0.06,0.06,0.3,0.05,(0),120,0.23,"{""baseName"":""コスレタス"",""part"":""葉"",""state"":""生"",""notes"":[""レタス類""]}",コスレタスは葉野菜で水分・食物繊維が豊富、犬のレシピ素材として適している。,9,1,1,(44),(74),(62),(15),(5.9),(20),(63),(24),(88),(42),(9.8),(54),(20),(53),0.05,0.03,0.02,0.01,14,21,0,0,0,11.5,169247,9.9,"Romaine lettuce, raw"
06,06317,れんこん　根茎　生,81.5,1.9,0.1,2.0,1.0,66,20,74,24,440,16,0.5,0.3,0.09,0.78,9,1,(0),(0),0.6,0.10,0.01,0.4,0.09,0,14,0.89,"{""baseName"":""れんこん"",""part"":""根茎"",""state"":""生""}",食物繊維が豊富な野菜で犬に与えて問題ない（調理して消化しやすくすると良い）,8,1,1,33,51,50,18,24,42,48,34,82,50,17,45,32,120,0.04,0.02,Tr,0.02,18,3,0,-,0,54.75,169250,,"Lotus root, raw"
06,06318,れんこん　根茎　ゆで,81.9,1.3,0.1,2.3,0.6,66,20,78,15,240,13,0.4,0.3,0.05,0.80,-,-,(0),(0),0.6,0.06,0,0.2,0.07,0,8,0.49,"{""baseName"":""れんこん"",""part"":""根茎"",""state"":""ゆで""}",れんこんは水分とでん粉を含む消化しやすい野菜で素材として適する,8,1,1,(22),(34),(34),(12),(16),(28),(33),(22),(55),(32),(11),(30),(21),(80),(0.04),(0.02),(Tr),(0.02),(18),(3),(0),-,(0),53.7,168430,25.4,"Lotus root, boiled"
06,06371,れんこん　甘酢れんこん,80.8,0.6,0.2,2.3,1.5,66,6,26,550,14,1,0.1,Tr,0.07,Tr,*,0,(0),(0),0.8,0,0,0,0,0,1,0,"{""baseName"":""れんこん"",""variety"":""甘酢れんこん""}",甘酢れんこんは加工品だが素材として利用可能、味付けに注意,6,1,0,23,42,39,12,19,31,39,24,63,31,13,31,21,26,,,,,,,,,,54.9,168536,25.4,"Lotus root, sweet vinegar pickled"
06,06320,わけぎ　葉　生,90.3,1.6,0,2.8,0.7,30,59,25,1,230,23,0.4,0.2,0.04,0.23,-,-,(0),(0),1.4,0.06,0.10,0.3,0.18,(0),120,0.21,"{""baseName"":""わけぎ"",""part"":""葉"",""state"":""生""}",わけぎはネギ属で、溶血性貧血を引き起こす成分を含むため危険です。,1,1,0,(59),(100),(92),(23),(19),(41),(66),(51),(120),(61),(24),(71),(30),(71),,,,,,,,,,21.7,170007,5.3,"Welsh onion (wakegi), raw"
06,06321,わけぎ　葉　ゆで,90.4,1.9,0,3.1,0.8,29,51,25,1,190,23,0.4,0.2,0.04,0.28,-,-,(0),(0),1.5,0.05,0.08,0.3,0.13,(0),110,0.20,"{""baseName"":""わけぎ"",""part"":""葉"",""state"":""ゆで""}",わけぎはネギ属に該当し、溶血性貧血を引き起こす危険があるため与えてはいけない,2,1,0,(70),(120),(110),(27),(22),(49),(78),(60),(140),(73),(28),(85),(36),(85),,,,,,,,,,19.95,170007,5.3,"Welsh onion (wakegi), boiled"
06,06322,わさび　根茎　生,74.2,5.6,0.2,4.4,1.5,89,100,79,24,500,46,0.8,0.7,0.03,0.14,1,9,(0),(0),1.4,0.06,0.15,0.6,0.32,(0),50,0.20,"{""baseName"":""わさび"",""part"":""根茎"",""state"":""生""}",生わさびは刺激成分が強く消化器を刺激しやすいため、犬の素材としては不向き。,3,0,0,,,,,,,,,,,,,,,,,,,,,,,,70.65,168583,,"Wasabi, root, raw"
06,06323,わさび　わさび漬,61.4,7.1,0.5,2.7,3.0,140,40,72,1000,140,16,0.9,1.1,0.15,0.38,-,-,(0),(0),0.1,0.08,0.17,0.6,0.38,(0),45,0.25,"{""baseName"":""わさび"",""variety"":""わさび漬""}",わさびは刺激性が強く消化器を刺激するため注意が必要。,3,0,0,,,,,,,,,,,,,,,,,,,,,,,,117.65,168583,,"Wasabi, sake lees pickled"
06,06324,わらび　生わらび　生,92.7,2.4,0.1,3.6,0.8,19,12,47,Tr,370,25,0.7,0.6,0.13,0.14,-,-,(0),(0),1.6,0.02,1.09,0.8,0.05,(0),130,0.45,"{""baseName"":""わらび"",""variety"":""生わらび"",""state"":""生""}",生のわらびは毒性成分を含む場合があり、生のままの利用は避けるべき,3,1,0,80,140,110,32,21,53,130,65,200,94,30,110,46,110,,,,,,,,,,10.65,169405,,"Bracken fern, raw"
06,06325,わらび　生わらび　ゆで,95.2,1.5,0.1,3.0,0.2,13,11,24,Tr,10,10,0.6,0.5,0.06,0.08,-,-,(0),(0),1.3,Tr,0.05,0.4,0,(0),33,0,"{""baseName"":""わらび"",""variety"":""生わらび"",""state"":""ゆで""}",わらびは特定の有害成分を含む可能性があり、安全性の観点から慎重に扱う必要がある。,3,1,0,(48),(89),(69),(20),(13),(33),(82),(39),(120),(55),(19),(68),(28),(65),,,,,,,,,,6.1,168553,,"Bracken fern, boiled"
06,06326,わらび　干しわらび　乾,10.4,20.0,0.7,58.0,7.5,216,200,480,6,3200,330,11.0,6.2,1.20,1.63,-,-,(0),(0),4.6,0.12,0.46,5.1,0.06,(0),140,2.70,"{""baseName"":""わらび"",""variety"":""干しわらび"",""state"":""乾""}",干しわらびは山菜で下処理が不十分だと消化器症状や毒性リスクがあるため注意が必要。,4,1,0,(640),(1200),(920),(260),(170),(430),(1100),(520),(1600),(730),(250),(910),(380),(870),,,,,,,,,,87.85,168581,,"Bracken fern, dried"
06,06382,（その他）　ミックスベジタブル　冷凍,80.5,3.0,0.7,5.9,0.6,67,19,71,22,220,21,0.7,0.5,0.08,0.20,0,1,0,0,0.3,0.14,0.07,1.5,0.09,Tr,50,0.35,"{""baseName"":""ミックスベジタブル"",""state"":""冷凍"",""notes"":[""その他""]}",グリンピース・コーン・にんじんのミックスで栄養補助として使いやすい野菜素材。,8,0,0,,,,,,,,,,,,,,,,,,,,,,,,49,170471,,"Mixed vegetables, frozen"
06,06383,（その他）　ミックスベジタブル　冷凍　ゆで,80.9,3.1,0.8,6.5,0.5,65,19,67,16,180,20,0.7,0.5,0.07,0.20,0,1,0,0,0.3,0.12,0.05,1.3,0.07,0,44,0.30,"{""baseName"":""ミックスベジタブル"",""state"":""ゆで"",""notes"":[""その他""]}",グリンピース・コーン・にんじんの加熱済みミックスで、犬に与えやすい野菜素材であるため,8,0,0,,,,,,,,,,,,,,,,,,,,,,,,46.35,170471,,"Mixed vegetables, frozen, boiled"
06,06384,（その他）　ミックスベジタブル　冷凍　油いため,75.5,3.3,4.9,5.9,0.7,108,20,74,22,230,22,0.7,0.6,0.08,0.21,0,1,0,0,1.0,0.14,0.07,1.5,0.09,0,53,0.38,"{""baseName"":""ミックスベジタブル"",""state"":""油いため"",""notes"":[""その他""]}",グリンピース・コーン・にんじんなどの野菜中心で犬のレシピ素材として問題なく使える,8,0,0,,,,,,,,,,,,,,,,,,,,,,,,87.15,170471,,"Mixed vegetables, frozen, stir-fried"
06,06399,（その他）　野菜ミックスジュース　通常タイプ,93.9,0.8,0.1,0.9,0.5,21,10,19,17,230,9,0.2,0.1,0.05,0.07,0,0,-,-,1.0,0.03,0.02,0.8,0.07,-,11,0.14,"{""baseName"":""野菜ミックスジュース"",""variety"":""通常タイプ"",""notes"":[""その他""]}",野菜ミックスジュースは加工飲料で繊維が少ない点を考慮する必要があるが、素材として利用可能,6,0,0,,,,,,,,,,,,,,,,,,,,,,,,16.95,170063,8.1,"Vegetable juice, regular"
06,06400,（その他）　野菜ミックスジュース　濃縮タイプ,90.0,1.0,0.3,1.0,0.8,36,43,30,39,310,18,0.3,0.1,0.05,0.12,3,0,-,-,1.2,0.05,0.04,1.2,0.12,-,26,0.30,"{""baseName"":""野菜ミックスジュース"",""variety"":""濃縮タイプ"",""notes"":[""その他""]}",濃縮タイプの野菜ジュースは栄養濃縮や加工度を考慮する必要があるが、少量なら利用可能。,6,0,0,,,,,,,,,,,,,,,,,,,,,,,,30.2,170063,8.1,"Vegetable juice, concentrated"
07,07001,あけび　果肉　生,77.1,0.5,0.1,1.1,0.3,89,11,22,Tr,95,14,0.3,0.1,0.09,0.15,-,-,(0),(0),0.2,0.07,0.03,0.3,0.08,0,30,0.29,"{""baseName"":""あけび"",""variety"":""果肉"",""state"":""生""}",あけびの果肉は一般に食べられる部位で素材として使用可能（種は除去）,7,0,0,,,,,,,,,,,,,,,,,,,,,,,,75.75,169941,7.6,"Akebi, pulp, raw"
07,07002,あけび　果皮　生,90.4,0.3,0.3,3.1,0.4,32,18,13,2,240,9,0.1,0.1,0.05,0.17,-,-,(0),(0),0.6,0.03,0.06,0.1,0.09,0,16,0.47,"{""baseName"":""あけび"",""part"":""果皮"",""state"":""生""}",あけびの果皮は一般に有害成分の指定がなく少量であれば素材として利用可能だが特徴的な風味がある。,6,0,0,,,,,,,,,,,,,,,,,,,,,,,,22.85,169941,7.6,"Akebi, rind, raw"
07,07181,アサイー　冷凍　無糖,87.7,0.9,5.3,4.7,0.4,62,45,19,11,150,20,0.5,0.3,0.19,5.91,1,6,-,-,3.7,0.03,0.06,0.6,0.11,Tr,13,0.10,"{""baseName"":""アサイー"",""variety"":""無糖"",""state"":""冷凍""}",アサイーは抗酸化成分を含む果実で、補助的な素材として使用可能,7,0,0,,,,,,,,,,,,,,,,,,,,,,,,51.7,168209,,"Acai, frozen, unsweetened"
07,07003,アセロラ　酸味種　生,89.9,0.7,0.1,1.9,0.3,36,11,18,7,130,10,0.5,0.5,0.31,-,-,-,0,(0),0.7,0.03,0.04,0.3,0,0,45,0.25,"{""baseName"":""アセロラ"",""variety"":""酸味種"",""state"":""生""}",アセロラは果実で安全に使え、風味や栄養がある,8,0,1,,,,,,,,,,,,,,,0.02,0.01,Tr,0.01,12,2,0,0,0,28.15,171686,,"Acerola, sour type, raw"
07,07159,アセロラ　甘味種　生,89.9,0.7,0.1,1.9,0.3,36,11,18,7,130,10,0.5,0.5,0.31,-,-,-,0,(0),0.7,0.03,0.04,0.3,0,0,45,0.25,"{""baseName"":""アセロラ"",""variety"":""甘味種"",""state"":""生""}",果実でビタミン類を含み少量であれば犬に与えて問題ない,7,0,0,,,,,,,,,,,,,,,,,,,,,,,,28.15,171686,,"Acerola, sweet type, raw"
07,07004,アセロラ　果実飲料　10%果汁入り飲料,89.4,0.1,0,0.2,Tr,42,1,2,1,13,1,0.1,0.1,0.04,-,-,-,0,(0),0.1,Tr,Tr,Tr,0,0,5,0.03,"{""baseName"":""アセロラ"",""variety"":""果実飲料 10%果汁入り飲料""}",果汁含有の飲料で糖分があるためそのまま多量に与えるのは不適だが風味付け等の少量利用なら可。,5,0,0,,,,,,,,,,,,,,,,,,,,,,,,36.4,169044,,"Acerola beverage, 10% juice"
07,07005,アテモヤ　生,77.7,1.8,0.4,3.3,0.7,81,26,24,4,340,29,0.3,0.2,0.09,0.20,-,-,(0),(0),0.2,0.08,0.12,0.9,0.28,0,23,0.23,"{""baseName"":""アテモヤ"",""state"":""生""}",アテモヤは果肉が食べられる熱帯果実で、種子を除けば素材として利用可能,7,1,1,(48),(72),(48),(24),(11),(36),(48),(36),(84),(60),(36),(72),(24),(36),(0.28),(0.11),(0.09),(0.02),(16),(94),(0),(0),(0),66.05,173953,,"Atemoya, raw"
07,07006,アボカド　生,71.3,2.1,17.5,5.6,1.2,176,8,52,7,590,34,0.6,0.7,0.24,0.19,0,1,(0),(0),3.3,0.09,0.20,1.8,0.29,(0),83,1.55,"{""baseName"":""アボカド"",""state"":""生""}",アボカドはペルシンなどの懸念や脂肪が高めのため注意が必要で、使用は慎重に。,4,1,1,83,140,120,38,38,76,85,63,150,91,29,110,52,91,14.84,1.85,0.12,1.72,1700,120,-,-,0,164.15,171706,14.2,"Avocado, raw"
07,07007,あんず　生,89.8,1.0,0.3,1.6,0.4,37,9,15,2,200,8,0.3,0.1,0.04,0.21,0,0,(0),(0),1.7,0.02,0.02,Tr,0.05,(0),2,0.30,"{""baseName"":""あんず"",""state"":""生""}",果肉は犬に与えてよい栄養価のある果物（核は除去）,8,1,1,(29),(55),(69),(4.3),(2.1),(6.4),(37),(21),(58),(34),(11),(34),(19),(32),(0.21),(0.06),(0),(0.06),(59),(0),(0),(0),(0),30.2,171697,2.8,"Apricot, raw"
07,07008,あんず　乾,16.8,9.2,0.4,9.8,3.2,296,70,120,15,1300,45,2.3,0.9,0.43,0.32,-,-,(0),(0),1.4,0,0.03,3.5,0.18,(0),10,0.53,"{""baseName"":""あんず"",""state"":""乾""}",あんず（果皮・核除去済）は果肉自体は犬に与えやすい果物で素材として使える,7,1,1,(210),(320),(280),(83),(75),(160),(190),(150),(340),(230),(88),(260),(140),(200),(0.13),(0.06),(0),(0.06),(58),(0),(0),(0),(0),247.7,173941,13.9,"Apricot, dried"
07,07009,あんず　缶詰,79.8,0.5,0.4,0.8,0.4,79,18,14,4,190,7,0.2,0.1,0.03,0.03,-,-,(0),(0),0.9,0.01,0.01,0.1,0.04,(0),2,0,"{""baseName"":""あんず"",""state"":""缶詰""}",果肉は与えられるが缶詰のシロップ等により糖分が多く含まれる場合があるため量に注意,7,1,1,(15),(29),(35),(2.8),(1.9),(4.7),(21),(11),(32),(18),(8.5),(18),(8.5),(20),(0.27),(0.08),(0),(0.08),(76),(0),(0),(0),(0),68.5,167768,2.8,"Apricot, canned"
07,07010,あんず　ジャム　高糖度,34.5,0.3,0.1,0.7,0.2,252,8,6,10,75,4,0.2,0.1,0.02,0.02,-,-,(0),(0),0.4,0.01,Tr,0.2,0.02,(0),1,0,"{""baseName"":""あんず"",""variety"":""ジャム 高糖度""}",あんずジャムは果実自体は問題ないが砂糖などで強く加工されており使用は限定的。,5,1,1,(9.1),(18),(21),(1.7),(1.1),(2.8),(12),(6.8),(19),(11),(5.1),(11),(5.1),(12),(0.07),(0.02),(0),(0.02),(19),(0),(0),(0),(0),226.6,170645,0.4,"Apricot jam, high sugar"
07,07011,あんず　ジャム　低糖度,48.8,0.4,0.1,1.2,0.2,202,11,7,18,80,4,0.3,0.1,0.03,0.03,-,-,(0),(0),0.5,0.01,0.01,0.2,0.02,(0),2,0,"{""baseName"":""あんず"",""variety"":""ジャム 低糖度""}",あんずの果肉は与えやすいが、ジャムは加工度と糖分が高い,6,1,1,(12),(23),(28),(2.3),(1.5),(3.8),(17),(9.1),(26),(14),(6.8),(14),(6.8),(16),(0.07),(0.02),(0),(0.02),(19),(0),(0),(0),(0),174.8,167706,4.2,"Apricot jam, low sugar"
07,07012,いちご　生,90.0,0.9,0.1,1.4,0.5,31,17,31,Tr,170,13,0.3,0.2,0.05,0.20,1,Tr,(0),(0),0.4,0.03,0.02,0.4,0.04,(0),90,0.33,"{""baseName"":""いちご"",""state"":""生""}",いちごは果肉が安全でビタミンや水分の供給源として適する。,8,1,1,25,42,34,12,16,27,24,14,38,29,8.3,32,15,34,0.07,0.05,0.02,0.03,29,22,-,-,0,28.85,167762,5.7,"Strawberry, raw"
07,07013,いちご　ジャム　高糖度,36.0,0.4,0.1,1.3,0.2,250,9,13,6,67,7,0.2,0.1,0.03,0.14,0,0,(0),(0),0.1,0.01,0.01,0.2,0.02,(0),23,0.08,"{""baseName"":""いちご"",""variety"":""ジャム 高糖度""}",いちご由来で果実として問題ないが、ジャムは糖分が高く甘味が強いため少量での利用が望ましい,6,1,1,(11),(19),(15),(5.1),(6.9),(12),(11),(5.8),(17),(12),(3.7),(14),(6.7),(15),(0.07),(0.05),(0.02),(0.03),(29),(22),-,-,(0),219.25,167706,4.2,"Strawberry jam, high sugar"
07,07014,いちご　ジャム　低糖度,50.7,0.5,0.1,1.1,0.3,194,12,14,12,79,8,0.4,0.1,0.03,0.22,-,-,(0),(0),0.2,0.01,0.01,0.2,0.03,(0),27,0.06,"{""baseName"":""いちご"",""variety"":""ジャム 低糖度""}",低糖ジャムは果実風味を付けられるが加工度と糖類のため素材としては限定的。,5,1,1,(14),(23),(18),(6.4),(8.6),(15),(13),(7.3),(21),(15),(4.6),(17),(8.4),(19),(0.07),(0.05),(0.02),(0.03),(29),(22),-,-,(0),168.15,167706,4.2,"Strawberry jam, low sugar"
07,07160,いちご　乾,15.4,0.5,0.2,3.0,1.0,329,140,9,260,15,5,0.4,0.1,0.07,0.22,(5),(3),(0),(0),0.7,0,0,0.1,0.01,(0),4,0.02,"{""baseName"":""いちご"",""state"":""乾""}",乾燥いちごの果実そのものは安全だが糖分が濃縮されているため素材としては注意が必要,7,1,1,(14),(23),(18),(6.4),(8.6),(15),(13),(7.3),(21),(15),(4.6),(17),(8.4),(19),(0.17),(0.12),(0.05),(0.07),(70),(53),-,-,(0),283.1,168174,4.6,"Strawberry, dried"
07,07015,いちじく　生,84.6,0.6,0.1,1.9,0.4,57,26,16,2,170,14,0.3,0.2,0.06,0.08,0,0,(0),(0),0.4,0.03,0.03,0.2,0.07,(0),22,0.23,"{""baseName"":""いちじく"",""state"":""生""}",いちじくは消化器刺激や光線過敏などのリスクがあり与えてはいけない,1,1,1,17,26,23,5.1,9.1,14,14,7.3,21,19,5.4,23,8.8,14,(0.09),(0.05),(0),(0.05),(48),(0),(0),(0),(0),46.35,173021,4.7,"Fig, raw"
07,07016,いちじく　乾,18.0,3.0,1.1,10.7,2.5,272,190,75,93,840,67,1.7,0.6,0.31,0.48,-,-,(0),(0),0.6,0.10,0.06,0.7,0.23,(0),10,0.36,"{""baseName"":""いちじく"",""state"":""乾""}",乾燥いちじくはいちじくに含まれる成分により消化器刺激やその他の有害作用が報告されている,1,1,1,(84),(130),(120),(25),(45),(71),(69),(35),(100),(87),(27),(110),(44),(69),(0.76),(0.41),(0),(0.41),(410),(0),(0),(0),(0),246.3,174665,15.8,"Fig, dried"
07,07017,いちじく　缶詰,79.7,0.5,0.1,1.2,0.3,78,30,13,8,110,8,0.1,0.1,0.03,0.07,-,-,0,(0),0.2,0.02,0.02,0.1,0.05,(0),10,0,"{""baseName"":""いちじく"",""state"":""缶詰""}",いちじくは犬に消化器刺激や有害作用を起こす可能性があるため禁忌扱い,1,1,1,(14),(21),(19),(4.2),(7.5),(12),(11),(5.8),(17),(14),(4.4),(19),(7.2),(11),(0.09),(0.05),(0),(0.05),(48),(0),(0),(0),(0),66.3,173022,3.3,"Fig, canned"
07,07019,うめ　生,90.4,0.7,0.5,2.5,0.5,33,12,14,2,240,8,0.6,0.1,0.05,0.07,0,0,(0),(0),3.3,0.03,0.05,0.4,0.06,(0),8,0.35,"{""baseName"":""うめ"",""state"":""生""}",未熟な梅は強い酸味があり消化器を刺激することがある。種は除去が必要で注意が必要。,4,1,1,14,21,21,4.1,4.2,8.3,12,9.6,22,15,4.4,18,11,11,(0.35),(0.08),(0),(0.08),(79),(0),(0),(0),(0),25.6,169949,1.9,"Japanese plum (ume), raw"
07,07020,うめ　梅漬　塩漬,72.3,0.7,0.4,2.7,19.9,27,47,15,7600,150,32,2.9,0.1,0.11,0.21,-,-,0,(0),1.4,0.02,0.04,0.3,0.06,(0),1,0.20,"{""baseName"":""うめ"",""variety"":""梅漬"",""state"":""塩漬""}",塩漬けの梅で塩分が高く加工食品として使用は注意が必要,5,1,1,(14),(21),(20),(4.1),(4.2),(8.2),(12),(9.2),(21),(14),(4.3),(18),(11),(11),(0.28),(0.06),(0),(0.06),(63),(0),(0),(0),(0),19.85,169892,11.9,"Japanese plum (ume), pickled, salted"
07,07021,うめ　梅漬　調味漬,80.2,1.5,0.5,3.4,7.3,45,87,17,2700,100,26,1.2,0.1,0.07,0.07,-,-,(0),(0),0.2,0.03,0.03,0.1,0.02,(0),2,0.07,"{""baseName"":""うめ"",""variety"":""梅漬 調味漬""}",梅漬は高塩分・強い酸味の加工品であり使用に注意（核は除去済み）,4,0,1,,,,,,,,,,,,,,,(0.35),(0.08),(0),(0.08),(79),(0),(0),(0),(0),34.35,172879,,"Japanese plum (ume), pickled, seasoned"
07,07022,うめ　梅干し　塩漬,72.2,0.9,0.7,3.3,17.6,29,33,21,7200,220,17,1.1,0.1,0.07,0.11,1,0,0,0,0.2,0.02,0.01,0.4,0.04,0,Tr,0.03,"{""baseName"":""うめ"",""variety"":""梅干し"",""state"":""塩漬""}",梅干しは果実由来だが高塩分・強い酸味があるため犬の素材としては注意が必要,4,1,1,(17),(26),(25),(5.1),(5.2),(10),(15),(11),(27),(17),(5.4),(22),(14),(14),(0.49),(0.11),(0),(0.11),(110),(0),(0),(0),(0),27.65,169892,11.9,"Umeboshi, salted"
07,07023,うめ　梅干し　調味漬,68.7,1.5,0.6,2.5,8.1,90,25,15,3000,130,15,2.4,0.1,0.05,0.10,-,-,(0),(0),0.2,0.01,0.01,0.1,0.03,(0),0,0.04,"{""baseName"":""うめ"",""variety"":""梅干し 調味漬""}",梅干しは強い酸味と高い塩分を含む加工食品で、犬には刺激や負担になるため注意が必要。,4,0,1,,,,,,,,,,,,,,,(0.42),(0.09),(0),(0.09),(94),(0),(0),(0),(0),75.45,169892,11.9,"Umeboshi, seasoned"
07,07024,うめ　梅びしお,42.4,0.7,0.5,1.3,8.3,196,27,19,3100,190,11,7.0,Tr,0.05,0.10,-,-,(0),(0),0.1,0.03,0.03,0.2,0.02,(0),0,0,"{""baseName"":""うめ"",""variety"":""梅びしお""}",梅びしおは塩分や酸味が強く、味付け系の素材としては注意が必要（加工調味料）,4,0,1,,,,,,,,,,,,,,,(0.35),(0.08),(0),(0.08),(79),(0),(0),(0),(0),170.5,172879,,Umeboshi paste
07,07025,うめ　果実飲料　20%果汁入り飲料,87.6,Tr,Tr,0.1,0.1,49,1,2,35,30,2,0.2,Tr,0.01,0.01,-,-,0,(0),0.1,0,0,0,0.01,(0),0,0,"{""baseName"":""うめ"",""variety"":""果実飲料 20%果汁入り飲料""}",うめ果実飲料は加工された果実飲料で酸味や糖分があり加工素材として扱うべきである,5,0,0,,,,,,,,,,,,,,,,,,,,,,,,42.7,174179,0,"Ume juice drink, 20% juice"
07,07037,オリーブ　塩漬　グリーンオリーブ,75.6,1.0,15.0,3.3,3.9,148,79,8,1400,47,13,0.3,0.2,0.17,0.04,-,-,(0),(0),5.5,0.01,0.02,Tr,0.03,(0),3,0,"{""baseName"":""オリーブ"",""variety"":""グリーンオリーブ"",""state"":""塩漬""}",塩漬けオリーブは風味付けに使えるが種子は除去が必要で塩分の点に留意が必要,7,1,1,(37),(60),(38),(14),(0),(14),(35),(27),(62),(31),(0),(45),(27),(80),(13.97),(0.82),(0.12),(0.69),(690),(120),-,-,(0),135.2,169096,14.2,"Olives, green, pickled"
07,07038,オリーブ　塩漬　ブラックオリーブ,81.6,0.8,12.3,2.5,1.9,121,68,5,640,10,11,0.8,0.2,0.17,0.08,-,-,0,(0),4.6,0.05,0.06,0.3,0.02,(0),2,0,"{""baseName"":""オリーブ"",""variety"":""ブラックオリーブ"",""state"":""塩漬""}",塩漬けオリーブは果実自体は可だが塩分と種子に注意が必要,6,1,1,(30),(48),(30),(11),(0),(11),(28),(22),(50),(25),(0),(36),(22),(64),11.46,0.67,0.10,0.57,570,100,-,-,0,110.5,169096,14.2,"Olives, black, pickled"
07,07039,オリーブ　塩漬　スタッフドオリーブ,75.4,0.8,14.3,3.7,5.3,141,83,5,2000,28,13,0.3,0.1,0.14,0.03,-,-,(0),(0),5.3,0.01,0.01,Tr,0.02,(0),1,0,"{""baseName"":""オリーブ"",""variety"":""スタッフドオリーブ"",""state"":""塩漬""}",塩漬のスタッフドオリーブは果実自体は問題ないが塩分が高く加工品である点に注意。,6,1,0,(30),(48),(30),(11),(0),(11),(28),(22),(50),(25),(0),(36),(22),(64),,,,,,,,,,126.1,169096,14.2,"Olives, stuffed, pickled"
07,07049,かき　甘がき　生,83.1,0.4,0.2,1.6,0.4,63,9,14,1,170,6,0.2,0.1,0.03,0.50,0,0,(0),(0),0.1,0.03,0.02,0.3,0.06,(0),18,0.28,"{""baseName"":""かき"",""variety"":""甘がき"",""state"":""生""}",甘がき（かき）は果肉は与えられることが多く、種やヘタを除けば素材として使用可能,7,1,1,17,26,23,5.8,9.9,16,17,7.6,24,20,6.8,19,8.4,17,0.09,0.03,0.02,Tr,4,22,-,-,0,53.15,169941,7.6,"Persimmon, sweet, raw"
07,07050,かき　渋抜きがき　生,82.2,0.5,0.1,2.8,0.3,59,7,16,1,200,6,0.1,Tr,0.02,0.60,0,0,(0),(0),0.2,0.02,0.02,0.3,0.05,(0),20,0.27,"{""baseName"":""かき"",""variety"":""渋抜きがき"",""state"":""生""}",渋抜きかきは果実として与えやすく、糖分に注意すれば素材として利用可能,7,1,1,(21),(32),(28),(7.2),(12),(19),(21),(9.1),(30),(23),(8.4),(23),(10),(20),(0.04),(0.01),(0.01),(Tr),(2),(11),-,-,(0),51.95,169941,7.6,"Persimmon, astringency removed, raw"
07,07051,かき　干しがき,24.0,1.5,1.7,14.0,1.5,274,27,62,4,670,26,0.6,0.2,0.08,1.48,-,-,(0),(0),0.4,0.02,0,0.6,0.13,(0),35,0.85,"{""baseName"":""かき"",""variety"":""干しがき""}",干しがき（干し柿）は果実として可食で甘味のある素材だが糖分が高めである点に注意。,7,1,1,(62),(95),(85),(22),(37),(58),(62),(27),(89),(69),(25),(70),(31),(61),(0.74),(0.22),(0.19),(0.04),(38),(190),-,-,(0),220.25,169942,,"Persimmon, dried"
07,07053,かりん　生,80.7,0.4,0.1,8.9,0.5,58,12,17,2,270,12,0.3,0.2,0.09,0.05,-,-,(0),(0),0.6,0.01,0.03,0.3,0.04,(0),12,0.31,"{""baseName"":""かりん"",""state"":""生""}",かりんは有毒性は報告されておらず素材として使用可能だが渋味が強い,7,0,0,,,,,,,,,,,,,,,,,,,,,,,,35.15,168163,,"Quince, raw"
07,07018,（かんきつ類）　いよかん　砂じょう　生,86.7,0.9,0.1,1.1,0.5,50,17,18,2,190,14,0.2,0.1,0.04,0.07,-,-,(0),(0),0.1,0.06,0.03,0.3,0.07,(0),19,0.36,"{""baseName"":""いよかん"",""part"":""砂じょう"",""state"":""生"",""notes"":[""かんきつ類""]}",いよかんの果肉相当部は柑橘類の果実で酸味があり、種や皮は除く必要がある。,7,1,0,(16),(28),(31),(5.5),(10),(16),(16),(9.9),(26),(17),(4.8),(22),(11),(59),,,,,,,,,,41.45,169097,8.4,"Iyo orange, segments, raw"
07,07026,（かんきつ類）　うんしゅうみかん　じょうのう　早生　生,87.2,0.5,0.1,0.7,0.3,49,17,12,1,130,11,0.1,0.1,0.05,0.08,0,0,(0),(0),0.4,0.07,0.04,0.2,0.07,(0),24,0.21,"{""baseName"":""うんしゅうみかん"",""variety"":""早生"",""part"":""じょうのう"",""state"":""生"",""notes"":[""かんきつ類""]}",みかんの果肉は水分・ビタミン源として与えやすく素材向き（果皮は除去）,8,1,1,(10),(18),(19),(4.2),(6.5),(11),(10),(6.0),(16),(11),(2.9),(14),(7.1),(37),(0.04),(0.01),(Tr),(0.01),(8),(5),-,-,(0),41.8,169105,10.2,"Satsuma mandarin, early, segments, raw"
07,07027,（かんきつ類）　うんしゅうみかん　じょうのう　普通　生,86.9,0.7,0.1,1.0,0.3,49,21,15,1,150,11,0.2,0.1,0.03,0.07,0,0,(0),(0),0.4,0.10,0.03,0.3,0.06,(0),22,0.23,"{""baseName"":""うんしゅうみかん"",""variety"":""普通"",""part"":""じょうのう"",""state"":""生"",""notes"":[""かんきつ類""]}",温州みかんの果肉はビタミン源として使えるが酸味や量に注意が必要,8,1,1,15,25,27,5.9,9.2,15,15,8.8,24,17,4.1,20,10,52,0.04,0.01,Tr,0.01,8,5,-,-,0,41.8,169105,10.2,"Satsuma mandarin, regular, segments, raw"
07,07028,（かんきつ類）　うんしゅうみかん　砂じょう　早生　生,87.8,0.5,0.1,0.4,0.3,47,11,12,1,130,10,0.1,0.1,0.04,0.06,-,-,(0),(0),0.4,0.07,0.03,0.2,0.07,(0),24,0.15,"{""baseName"":""うんしゅうみかん"",""variety"":""早生"",""part"":""砂じょう"",""state"":""生"",""notes"":[""かんきつ類""]}",うんしゅうみかん（果肉部分）。みかん果肉は犬にも与えやすくビタミン源になる（皮は除去）。,8,1,1,(10),(18),(19),(4.2),(6.5),(11),(10),(6.0),(16),(11),(2.9),(14),(7.1),(37),(0.04),(0.01),(Tr),(0.01),(8),(5),-,-,(0),40.75,169105,10.2,"Satsuma mandarin, early, pulp, raw"
07,07029,（かんきつ類）　うんしゅうみかん　砂じょう　普通　生,87.4,0.7,0.1,0.4,0.3,49,15,15,1,150,10,0.1,0.1,0.03,0.05,Tr,0,(0),(0),0.4,0.09,0.03,0.3,0.05,(0),22,0.23,"{""baseName"":""うんしゅうみかん"",""variety"":""普通"",""part"":""砂じょう"",""state"":""生"",""notes"":[""かんきつ類""]}",うんしゅうみかんの果肉は適量であれば安全でビタミン源になる,8,1,1,(14),(25),(27),(5.9),(9.1),(15),(15),(8.5),(23),(15),(4.0),(19),(9.9),(51),(0.04),(0.01),(Tr),(0.01),(8),(5),-,-,(0),42.15,169105,10.2,"Satsuma mandarin, regular, pulp, raw"
07,07030,（かんきつ類）　うんしゅうみかん　果実飲料　ストレートジュース,88.5,0.5,0.1,0,0.3,45,8,11,1,130,8,0.2,Tr,0.02,0.03,1,Tr,(0),(0),0.2,0.06,0.01,0.2,0.03,(0),15,0.14,"{""baseName"":""うんしゅうみかん"",""variety"":""果実飲料 ストレートジュース"",""notes"":[""かんきつ類""]}",果汁は酸味が強く消化器への刺激や濃度による影響があるため、多用は避けるべき,5,1,1,6.0,10,11,2.9,4.8,7.8,7.1,6.0,13,8.0,1.9,8.5,4.2,42,(0.04),(0.01),(Tr),(0.01),(8),(5),-,-,(0),39.7,169925,6.2,"Satsuma mandarin juice, not from concentrate"
07,07031,（かんきつ類）　うんしゅうみかん　果実飲料　濃縮還元ジュース,89.3,0.5,0.1,0,0.2,42,6,9,1,110,9,0.1,Tr,0.02,0.03,-,-,(0),(0),0.2,0.06,0.04,0.2,0.04,(0),20,0.26,"{""baseName"":""うんしゅうみかん"",""variety"":""果実飲料 濃縮還元ジュース"",""notes"":[""かんきつ類""]}",うんしゅうみかんの果汁は果肉由来の成分で一般に与えられるが、酸味や糖分が強いので多量は避けるべき。,7,1,1,6.4,11,12,3.4,4.5,7.9,7.6,6.4,14,8.5,2.2,9.0,4.5,44,(0.04),(0.01),(Tr),(0.01),(8),(5),-,-,(0),37.25,169100,6.2,"Satsuma mandarin juice, from concentrate"
07,07032,（かんきつ類）　うんしゅうみかん　果実飲料　果粒入りジュース,86.7,0.2,Tr,Tr,0.1,53,5,4,4,33,3,0.1,Tr,0.01,0.03,-,-,(0),(0),0.1,0.02,0.01,0.1,0.01,(0),0,0.08,"{""baseName"":""うんしゅうみかん"",""variety"":""果実飲料 果粒入りジュース"",""notes"":[""かんきつ類""]}",みかん果肉は犬に与えられる果実だが、果汁飲料は加工品で糖分や酸があるため注意が必要。,7,1,1,(2.3),(4.3),(4.7),(1.3),(1.8),(3.1),(3.0),(2.4),(5.5),(3.1),(0.9),(3.5),(1.8),(17),(Tr),(Tr),(0),(0),(1),(Tr),-,-,(0),46.2,169925,6.2,"Satsuma mandarin juice, with pulp"
07,07033,（かんきつ類）　うんしゅうみかん　果実飲料　50%果汁入り飲料,84.9,0.2,Tr,0.1,0.2,59,4,5,1,63,4,0.1,Tr,0.01,0.01,-,-,(0),(0),0.1,0.03,0.01,0.1,0.02,(0),8,0.10,"{""baseName"":""うんしゅうみかん"",""variety"":""果実飲料 50%果汁入り飲料"",""notes"":[""かんきつ類""]}",みかん果汁は果肉成分に由来する栄養があるが飲料は加工度と糖分が高い点に注意。,6,1,1,(2.3),(4.3),(4.7),(1.3),(1.8),(3.1),(3.0),(2.4),(5.5),(3.1),(0.9),(3.5),(1.8),(17),(0.01),(Tr),(Tr),(Tr),(2),(1),-,-,(0),51.8,173223,0.5,"Satsuma mandarin drink, 50% juice"
07,07034,（かんきつ類）　うんしゅうみかん　果実飲料　20%果汁入り飲料,87.4,0.1,Tr,0,0.1,50,2,2,1,21,2,0.1,Tr,0.01,Tr,-,-,(0),(0),0.1,0.01,0.01,Tr,0.01,(0),2,0,"{""baseName"":""うんしゅうみかん"",""variety"":""果実飲料 20%果汁入り飲料"",""notes"":[""かんきつ類""]}",うんしゅうみかん果汁は柑橘由来の風味付け素材だが加工飲料である点に留意,6,1,1,(1.2),(2.2),(2.4),(0.7),(0.9),(1.6),(1.5),(1.2),(2.7),(1.6),(0.4),(1.7),(0.9),(8.6),(0.01),(Tr),(Tr),(Tr),(2),(1),-,-,(0),43.75,174140,0.7,"Satsuma mandarin drink, 20% juice"
07,07035,（かんきつ類）　うんしゅうみかん　缶詰　果肉,83.8,0.5,0.1,0.5,0.3,63,8,8,4,75,7,0.4,0.1,0.02,0.03,-,-,(0),(0),0.5,0.05,0.02,0.2,0.03,(0),12,0.09,"{""baseName"":""うんしゅうみかん"",""variety"":""果肉"",""state"":""缶詰"",""notes"":[""かんきつ類""]}",みかんの果肉は通常安全だが、缶詰のシロップ加工により糖分や酸が高くなるため多用は避けるべき。,7,0,1,,,,,,,,,,,,,,,(0.04),(0.01),(Tr),(0.01),(8),(5),-,-,(0),54.4,169924,6.9,"Satsuma mandarin, canned, fruit"
07,07036,（かんきつ類）　うんしゅうみかん　缶詰　液汁,84.1,0.3,0.1,0,0.2,63,5,7,4,75,6,0.3,0.1,0.01,0.02,-,-,0,(0),0,0.04,0.02,0.2,0.03,(0),12,0.05,"{""baseName"":""うんしゅうみかん"",""variety"":""液汁"",""state"":""缶詰"",""notes"":[""かんきつ類""]}",缶詰のみかんは果実自体は安全だがシロップ等の加工があるため素材適性は中程度,6,0,1,,,,,,,,,,,,,,,(0.04),(0.01),(Tr),(0.01),(8),(5),-,-,(0),55.45,169924,6.9,"Satsuma mandarin, canned, syrup"
07,07040,（かんきつ類）　オレンジ　ネーブル　砂じょう　生,86.8,0.9,0.1,1.0,0.4,48,24,22,1,180,9,0.2,0.1,0.06,0.06,0,0,(0),(0),0.3,0.07,0.04,0.3,0.06,(0),34,0.28,"{""baseName"":""オレンジ"",""variety"":""ネーブル"",""part"":""砂じょう"",""state"":""生"",""notes"":[""かんきつ類""]}",オレンジの果肉は犬に与えられるが、皮や種は除去する必要がある,7,1,1,17,28,32,5.5,11,16,17,10,27,19,4.8,23,11,60,(0.05),(0.02),(0.01),(0.02),(15),(6),-,-,-,41.8,169097,8.4,"Orange, navel, segments, raw"
07,07041,（かんきつ類）　オレンジ　バレンシア　米国産　砂じょう　生,88.7,1.0,0.1,0.8,0.4,42,21,24,1,140,11,0.3,0.2,0.06,0.05,0,0,(0),(0),0.3,0.10,0.03,0.4,0.07,(0),32,0.36,"{""baseName"":""オレンジ"",""variety"":""バレンシア"",""part"":""砂じょう"",""origin"":""米国産"",""state"":""生"",""notes"":[""かんきつ類""]}",オレンジの果肉は少量で与えやすいが酸味が強く、皮や種は除去して扱う,7,1,1,(27),(25),(51),(21),(11),(32),(33),(17),(50),(16),(9.6),(42),(19),(70),(0.05),(0.02),(0.01),(0.01),(15),(5),-,-,-,35.85,169916,,"Orange, Valencia, US, segments, raw"
07,07042,（かんきつ類）　オレンジ　バレンシア　果実飲料　ストレートジュース,87.8,0.8,Tr,0.3,0.4,45,9,20,1,180,10,0.1,Tr,0.04,0.02,0,0,(0),(0),0.2,0.07,0.01,0.2,0.06,(0),25,0.14,"{""baseName"":""オレンジ"",""variety"":""バレンシア 果実飲料 ストレートジュース"",""notes"":[""かんきつ類""]}",オレンジ果汁は酸味と糖分が強く胃に負担がかかることがあるため慎重に扱うべきです。,6,1,0,10,17,21,3.9,5.4,9.3,14,8.9,23,13,3.2,15,8.2,130,,,,,,,,,,40.25,169100,6.2,"Orange juice, Valencia, not from concentrate"
07,07043,（かんきつ類）　オレンジ　バレンシア　果実飲料　濃縮還元ジュース,88.1,0.7,0.1,0.2,0.4,46,9,18,1,190,10,0.1,0.1,0.03,0.03,1,0,(0),(0),0.3,0.07,0.02,0.3,0.06,(0),27,0.23,"{""baseName"":""オレンジ"",""variety"":""バレンシア 果実飲料 濃縮還元ジュース"",""notes"":[""かんきつ類""]}",濃縮還元のオレンジ果汁は酸味と糖が強く、使用量に注意が必要。,6,1,1,(8.0),(13),(9.0),(3.0),(5.0),(8.0),(9.0),(4.0),(13),(8.0),(2.0),(11),(3.0),(47),(0.07),(0.03),(0.01),(0.02),(20),(7),(0),(0),(0),40.05,169100,6.2,"Orange juice, Valencia, from concentrate"
07,07044,（かんきつ類）　オレンジ　バレンシア　果実飲料　50%果汁入り飲料,88.4,0.4,0.2,0.1,0.2,46,5,10,2,99,6,0.1,Tr,0.02,0.02,-,-,(0),(0),0.1,0.04,0.01,0.1,0.03,0,12,0.01,"{""baseName"":""オレンジ"",""variety"":""バレンシア 果実飲料 50%果汁入り飲料"",""notes"":[""かんきつ類""]}",柑橘系の果汁飲料は酸味や添加物が含まれることがあり使用は控えめが望ましい,6,1,1,(4.6),(7.4),(5.1),(1.7),(2.9),(4.6),(5.1),(2.3),(7.4),(4.6),(1.1),(6.3),(1.7),(27),(0.10),(0.04),(0.01),(0.03),(29),(11),(0),(0),(0),40.55,173223,0.5,"Orange drink, Valencia, 50% juice"
07,07045,（かんきつ類）　オレンジ　バレンシア　果実飲料　30%果汁入り飲料,89.7,0.2,Tr,Tr,0.1,41,3,6,6,57,3,Tr,Tr,0.01,0.01,-,-,(0),(0),0.1,0.02,0.01,0.1,0.02,(0),8,0.04,"{""baseName"":""オレンジ"",""variety"":""バレンシア 果実飲料 30%果汁入り飲料"",""notes"":[""かんきつ類""]}",オレンジ果実飲料は果汁を含むが加工飲料で糖分や添加物があり、素材としては制約がある,4,1,0,(2.3),(3.7),(2.6),(0.9),(1.4),(2.3),(2.6),(1.1),(3.7),(2.3),(0.6),(3.1),(0.9),(13),,,,,,,,,,35.7,173223,0.5,"Orange drink, Valencia, 30% juice"
07,07046,（かんきつ類）　オレンジ　バレンシア　マーマレード　高糖度,36.4,0.2,0.1,0.7,0.1,233,16,4,11,27,3,0.1,Tr,0.01,0.02,-,-,(0),(0),0.3,0.01,0,0.1,0.02,(0),2,0,"{""baseName"":""オレンジ"",""variety"":""バレンシア マーマレード 高糖度"",""notes"":[""かんきつ類""]}",マーマレードは果肉に加え皮を含む加工品で、柑橘の皮由来成分や高糖度に注意が必要。,4,1,0,(5.3),(4.7),(10),(4.0),(2.0),(6.0),(6.7),(3.3),(10),(3.3),(2.0),(8.7),(4.0),(14),,,,,,,,,,220.3,168819,3,"Orange marmalade, high sugar"
07,07047,（かんきつ類）　オレンジ　バレンシア　マーマレード　低糖度,51.7,0.3,0.1,1.3,0.2,190,19,5,9,49,5,0.2,Tr,0.01,0.03,-,-,(0),(0),0.4,0.01,0,0.1,0.02,(0),3,0,"{""baseName"":""オレンジ"",""variety"":""バレンシア マーマレード 低糖度"",""notes"":[""かんきつ類""]}",マーマレードはオレンジの皮を含む加工品で苦味成分や香気成分、糖分が多い点が懸念される。,4,1,0,(8.0),(7.0),(15),(6.0),(3.0),(9.0),(10),(5.0),(15),(5.0),(3.0),(13),(6.0),(21),,,,,,,,,,164.3,167706,4.2,"Orange marmalade, low sugar"
07,07161,（かんきつ類）　オレンジ　福原オレンジ　砂じょう　生,88.7,1.0,0.1,0.8,0.4,43,21,24,1,140,11,0.3,0.2,0.06,0.05,0,0,(0),(0),0.3,0.10,0.03,0.4,0.07,(0),32,0.36,"{""baseName"":""オレンジ"",""variety"":""福原オレンジ"",""part"":""砂じょう"",""state"":""生"",""notes"":[""かんきつ類""]}",果肉はビタミンが豊富で犬に与えやすいが皮や種は必ず除く必要がある。,8,0,0,,,,,,,,,,,,,,,,,,,,,,,,35.85,169097,8.4,"Orange, Fukuhara, segments, raw"
07,07048,（かんきつ類）　オロブランコ　砂じょう　生,88.7,0.8,0.1,0.9,0.3,43,12,19,1,150,9,0.2,0.1,0.05,0.02,-,-,(0),(0),0.3,0.09,0.02,0.3,0.04,0,34,0.47,"{""baseName"":""オロブランコ"",""part"":""砂じょう"",""state"":""生"",""notes"":[""かんきつ類""]}",オロブランコは柑橘類の果肉で酸味や成分に注意が必要だが果肉は使用可能,6,1,0,(10),(17),(21),(4.0),(8.5),(13),(11),(6.7),(17),(14),(3.7),(14),(9.1),(83),,,,,,,,,,35.85,174677,,"Oroblanco, segments, raw"
07,07052,（かんきつ類）　かぼす　果汁　生,90.7,0.4,0.1,0.1,0.3,36,7,8,1,140,8,0.1,Tr,0.03,0.04,-,-,(0),(0),0.1,0.02,0.02,0.1,0.03,(0),13,0.15,"{""baseName"":""かぼす"",""part"":""果汁"",""state"":""生"",""notes"":[""かんきつ類""]}",かぼす果汁は酸が強く消化器に刺激を与えることがあるため使用に注意が必要,5,0,0,,,,,,,,,,,,,,,,,,,,,,,,31.65,167747,5.1,"Kabosu juice, raw"
07,07162,（かんきつ類）　かわちばんかん　砂じょう　生,90.0,0.7,0.2,0.6,0.3,38,10,21,1,160,10,0.1,0.1,0.03,0.02,-,-,(0),(0),0.2,0.06,0.02,0.3,0.05,(0),13,0.13,"{""baseName"":""かわちばんかん"",""part"":""砂じょう"",""state"":""生"",""notes"":[""かんきつ類""]}",柑橘類の果肉は適度に与えられる安全な果実部位であるため使用可能。,8,1,0,(8.7),(15),(18),(3.4),(7.2),(11),(9.2),(5.7),(15),(12),(3.1),(12),(7.8),(70),,,,,,,,,,32.85,169941,7.6,"Kawachi bankan, segments, raw"
07,07163,（かんきつ類）　きよみ　砂じょう　生,88.4,0.8,0.2,0.6,0.3,45,11,21,1,170,11,0.1,0.1,0.04,0.05,(0),(0),(0),(0),0.3,0.10,0.02,0.3,0.08,(0),24,0.27,"{""baseName"":""きよみ"",""part"":""砂じょう"",""state"":""生"",""notes"":[""かんきつ類""]}",清見（かんきつ類）の果肉部分で、犬に与えて問題のない果物の一種。果皮や種は除去が前提。,8,1,0,(14),(24),(27),(4.8),(9.0),(14),(14),(8.6),(23),(15),(4.1),(19),(9.7),(51),,,,,,,,,,38.45,168195,14,"Kiyomi orange, segments, raw"
07,07056,（かんきつ類）　きんかん　全果　生,80.8,0.5,0.7,4.6,0.5,67,80,12,2,180,19,0.3,0.1,0.03,0.11,-,-,(0),(0),2.6,0.10,0.06,0.6,0.06,(0),20,0.29,"{""baseName"":""きんかん"",""variety"":""全果"",""state"":""生"",""notes"":[""かんきつ類""]}",金柑の全果は皮や種に刺激性成分が含まれるため慎重に扱う必要がある,3,0,1,,,,,,,,,,,,,,,0.32,0.18,0.07,0.10,100,72,-,-,0,52.85,168154,8.4,"Kumquat, whole, raw"
07,07062,（かんきつ類）　グレープフルーツ　白肉種　砂じょう　生,89.0,0.9,0.1,0.6,0.4,40,15,17,1,140,9,Tr,0.1,0.04,0.01,0,0,(0),(0),0.3,0.07,0.03,0.3,0.04,(0),15,0.39,"{""baseName"":""グレープフルーツ"",""variety"":""白肉種"",""part"":""砂じょう"",""state"":""生"",""notes"":[""かんきつ類""]}",グレープフルーツなどの柑橘類は消化器刺激や苦味成分があり注意が必要,4,1,1,12,19,24,4.6,9.7,14,12,7.8,20,17,4.2,17,10,95,(0.05),(0.02),(0.01),(0.02),(19),(5),(0),(0),(0),35.5,174677,,"Grapefruit, white, segments, raw"
07,07164,（かんきつ類）　グレープフルーツ　紅肉種　砂じょう　生,89.0,0.9,0.1,0.6,0.4,40,15,17,1,140,9,Tr,0.1,0.04,0.01,0,0,(0),(0),0.3,0.07,0.03,0.3,0.04,(0),15,0.39,"{""baseName"":""グレープフルーツ"",""variety"":""紅肉種"",""part"":""砂じょう"",""state"":""生"",""notes"":[""かんきつ類""]}",グレープフルーツ果肉は酸味が強く消化器刺激の可能性があるため使用は控えめに。,5,1,0,(9.4),(18),(22),(8.2),(9.4),(18),(15),(9.4),(25),(15),(9.4),(18),(9.4),(100),,,,,,,,,,35.5,167774,,"Grapefruit, pink, segments, raw"
07,07063,（かんきつ類）　グレープフルーツ　果実飲料　ストレートジュース,88.7,0.6,0.1,0.1,0.3,44,9,12,1,180,9,0.1,Tr,0.03,0.01,-,-,(0),(0),0.2,0.04,0.01,0.2,0.03,(0),11,0.23,"{""baseName"":""グレープフルーツ"",""variety"":""果実飲料 ストレートジュース"",""notes"":[""かんきつ類""]}",グレープフルーツ（果実飲料）は酸や成分に注意が必要で使用は控えめが適切,5,0,1,,,,,,,,,,,,,,,(0.05),(0.03),(0.01),(0.02),(21),(6),(0),(0),(0),38.65,174681,7.7,"Grapefruit juice, not from concentrate"
07,07064,（かんきつ類）　グレープフルーツ　果実飲料　濃縮還元ジュース,90.1,0.7,0.1,0.2,0.3,38,9,12,1,160,9,0.1,Tr,0.04,0.01,-,-,(0),(0),0.2,0.06,0.02,0.3,0.03,(0),10,0.25,"{""baseName"":""グレープフルーツ"",""variety"":""果実飲料 濃縮還元ジュース"",""notes"":[""かんきつ類""]}",グレープフルーツ濃縮還元ジュースは柑橘由来の加工飲料で、酸味や成分に注意が必要なため慎重な使用が望まれます。,5,0,1,,,,,,,,,,,,,,,(0.05),(0.03),(0.01),(0.02),(21),(6),(0),(0),(0),33.4,174681,7.7,"Grapefruit juice, from concentrate"
07,07065,（かんきつ類）　グレープフルーツ　果実飲料　50%果汁入り飲料,88.4,0.3,Tr,0.1,0.2,45,7,6,4,90,6,0.1,Tr,0.02,0.01,-,-,(0),(0),0.1,0.02,Tr,0.1,0.02,(0),5,0,"{""baseName"":""グレープフルーツ"",""variety"":""果実飲料 50%果汁入り飲料"",""notes"":[""かんきつ類""]}",グレープフルーツ飲料は柑橘由来の成分で消化器を刺激する可能性があるため注意が必要,4,0,0,,,,,,,,,,,,,,,,,,,,,,,,39.55,167805,,"Grapefruit drink, 50% juice"
07,07066,（かんきつ類）　グレープフルーツ　果実飲料　20%果汁入り飲料,90.1,0.1,Tr,0,0.1,39,3,3,2,34,2,0.1,Tr,0.01,Tr,-,-,(0),(0),0.2,0,0,Tr,0.01,(0),2,0,"{""baseName"":""グレープフルーツ"",""variety"":""果実飲料 20%果汁入り飲料"",""notes"":[""かんきつ類""]}",グレープフルーツは苦味や酸味の成分が消化器や薬剤相互作用に注意を要するため控えめ推奨,4,0,0,,,,,,,,,,,,,,,,,,,,,,,,34.3,174140,0.7,"Grapefruit drink, 20% juice"
07,07067,（かんきつ類）　グレープフルーツ　缶詰,82.1,0.5,Tr,0.6,0.3,60,13,10,2,110,6,0.1,0.1,0.03,0.01,-,-,0,(0),0.1,0.03,Tr,0.2,0.03,(0),9,0.16,"{""baseName"":""グレープフルーツ"",""state"":""缶詰"",""notes"":[""かんきつ類""]}",グレープフルーツは特定成分に注意が必要で、缶詰のシロップ等で加工度も高い点に注意が必要です。,5,0,0,,,,,,,,,,,,,,,,,,,,,,,,59.5,174679,,"Grapefruit, canned"
07,07074,（かんきつ類）　さんぼうかん　砂じょう　生,87.6,0.7,0.3,0.9,0.5,47,23,19,2,280,11,0.2,0.1,0.06,0.05,-,-,(0),(0),0.2,0.07,0.03,0.4,0.06,(0),16,0.35,"{""baseName"":""さんぼうかん"",""part"":""砂じょう"",""state"":""生"",""notes"":[""かんきつ類""]}",柑橘類の果肉は酸味が強く消化器に刺激を与えることがあるため少量で使用するのが望ましい。,6,1,0,(13),(21),(24),(4.3),(8.1),(12),(13),(7.7),(20),(14),(3.7),(17),(8.7),(46),,,,,,,,,,40,169289,7.3,"Sanbokan, segments, raw"
07,07075,（かんきつ類）　シークヮーサー　果汁　生,90.9,0.8,0.1,0.3,0.3,35,17,8,2,180,15,0.1,0.1,0.06,0.06,-,-,(0),(0),0.5,0.08,0.03,0.3,0.03,(0),7,0.10,"{""baseName"":""シークヮーサー"",""part"":""果汁"",""state"":""生"",""notes"":[""かんきつ類""]}",シークヮーサー果汁は強い酸性で胃腸刺激を起こすことがあり注意が必要。,3,0,0,,,,,,,,,,,,,,,,,,,,,,,,30.25,168156,5.1,"Shikuwasa juice, raw"
07,07076,（かんきつ類）　シークヮーサー　果実飲料　10%果汁入り飲料,88.1,0.1,Tr,0,Tr,48,5,1,2,13,1,0.1,Tr,0.01,0.01,-,-,(0),(0),0.1,0,0,0,0,(0),0,0,"{""baseName"":""シークヮーサー"",""variety"":""果実飲料 10%果汁入り飲料"",""notes"":[""かんきつ類""]}",シークヮーサー果実飲料は柑橘由来の酸味と風味があり、柑橘成分として利用に注意が必要,6,0,0,,,,,,,,,,,,,,,,,,,,,,,,41.65,174176,0.5,"Shikuwasa juice drink, 10% juice"
07,07165,（かんきつ類）　しらぬひ　砂じょう　生,85.8,0.8,0.2,0.6,0.3,56,9,18,Tr,170,9,0.1,0.1,0.03,0.07,(0),(0),(0),(0),0.3,0.09,0.03,0.3,0.04,(0),17,0.25,"{""baseName"":""しらぬひ"",""part"":""砂じょう"",""state"":""生"",""notes"":[""かんきつ類""]}",柑橘類の果肉は少量なら与えられることが多いが、皮や種は除去する必要があります。,7,1,0,(15),(25),(28),(4.9),(9.4),(14),(15),(8.9),(24),(16),(4.3),(20),(10),(53),,,,,,,,,,47.55,169941,7.6,"Shiranui, segments, raw"
07,07078,（かんきつ類）　すだち　果皮　生,80.7,1.8,0.3,10.1,0.8,55,150,17,1,290,26,0.4,0.4,0.09,0.18,-,-,(0),(0),5.2,0.04,0.09,0.5,0.16,(0),35,0.23,"{""baseName"":""すだち"",""part"":""果皮"",""state"":""生"",""notes"":[""かんきつ類""]}",すだちの果皮は精油成分を多く含み消化器を刺激する恐れがあるため使用は避けた方がよい,3,0,0,,,,,,,,,,,,,,,,,,,,,,,,30.9,169103,,"Sudachi, peel, raw"
07,07079,（かんきつ類）　すだち　果汁　生,92.5,0.5,0.1,0.1,0.3,29,16,11,1,140,15,0.2,0.2,0.03,0.05,-,-,0,(0),0.3,0.03,0.02,0.2,0.08,(0),13,0.13,"{""baseName"":""すだち"",""part"":""果汁"",""state"":""生"",""notes"":[""かんきつ類""]}",果汁は酸が強く風味が濃いため刺激になり得る点に注意が必要である,4,0,0,,,,,,,,,,,,,,,,,,,,,,,,25.35,168156,5.1,"Sudachi, juice, raw"
07,07166,（かんきつ類）　せとか　砂じょう　生,86.9,0.8,0.2,0.7,0.3,50,11,17,1,170,10,0.1,0.1,0.03,0.09,-,-,(0),(0),0.4,0.08,0.03,0.3,0.05,(0),29,0.13,"{""baseName"":""せとか"",""part"":""砂じょう"",""state"":""生"",""notes"":[""かんきつ類""]}",果肉部分は柑橘類で風味が強いが栄養源として利用可能（皮・種は除去）。,8,1,0,(15),(25),(28),(4.9),(9.4),(14),(15),(8.9),(24),(16),(4.3),(20),(10),(53),,,,,,,,,,43.35,169289,7.3,"Setoka, segments, raw"
07,07085,（かんきつ類）　セミノール　砂じょう　生,86.0,1.1,0.1,0.8,0.4,53,24,18,2,200,16,0.2,0.1,0.04,0.10,-,-,(0),(0),0.3,0.01,0.04,0.3,0.09,(0),27,0.45,"{""baseName"":""セミノール"",""part"":""砂じょう"",""state"":""生"",""notes"":[""かんきつ類""]}",セミノール（柑橘）の果肉部は食べられるが皮・種は除去して使う。,7,0,0,,,,,,,,,,,,,,,,,,,,,,,,45.3,169918,8.4,"Seminole, segments, raw"
07,07083,（かんきつ類）　だいだい　果汁　生,91.2,0.3,0.2,0,0.3,35,10,8,1,190,10,0.1,Tr,0.02,0.02,-,-,(0),(0),0.1,0.03,0.02,0.4,0.02,(0),13,0.12,"{""baseName"":""だいだい"",""part"":""果汁"",""state"":""生"",""notes"":[""かんきつ類""]}",酸味や精油成分を含み、濃縮した果汁は消化器に刺激を与えることがあるため注意が必要,5,0,0,,,,,,,,,,,,,,,,,,,,,,,,30.75,169925,6.2,"Daidai, juice, raw"
07,07093,（かんきつ類）　なつみかん　砂じょう　生,88.6,0.9,0.1,1.2,0.4,42,16,21,1,190,10,0.2,0.1,0.05,0.04,-,-,(0),(0),0.3,0.08,0.03,0.4,0.05,(0),25,0.29,"{""baseName"":""なつみかん"",""part"":""砂じょう"",""state"":""生"",""notes"":[""かんきつ類""]}",なつみかんの果肉（砂じょう）は柑橘類の果肉として与えやすく、種・皮を除けば使用可能。,8,1,0,16,28,30,4.4,9.9,14,16,10,26,18,4.6,22,11,50,,,,,,,,,,34.8,168195,14,"Natsumikan, segments, raw"
07,07094,（かんきつ類）　なつみかん　缶詰,79.7,0.5,0.1,0.5,0.3,80,11,12,4,92,8,0.1,0.1,0.03,0.03,-,-,(0),(0),0.2,0.04,Tr,0.2,0.03,(0),12,0.07,"{""baseName"":""なつみかん"",""state"":""缶詰"",""notes"":[""かんきつ類""]}",缶詰のなつみかん（ヘビーシロップ）は果肉自体は可食だが糖分の高いシロップ漬けである点に注意が必要,7,0,0,,,,,,,,,,,,,,,,,,,,,,,,68.75,169924,6.9,"Natsumikan, canned"
07,07105,（かんきつ類）　はっさく　砂じょう　生,87.2,0.8,0.1,1.5,0.4,47,13,17,1,180,10,0.1,0.1,0.04,0.03,-,-,(0),(0),0.3,0.06,0.03,0.2,0.07,(0),16,0.30,"{""baseName"":""はっさく"",""part"":""砂じょう"",""state"":""生"",""notes"":[""かんきつ類""]}",はっさくの果肉は柑橘類として利用できる（皮・種は除去）。,7,1,0,(10),(17),(21),(4.0),(8.5),(13),(11),(6.7),(17),(14),(3.7),(14),(9.1),(83),,,,,,,,,,38.65,169941,7.6,"Hassaku, segments, raw"
07,07167,（かんきつ類）　はるみ　砂じょう　生,86.5,0.9,0.2,0.8,0.3,52,9,16,0,170,10,0.1,0.1,0.03,0.05,-,-,(0),(0),0.3,0.11,0.02,0.2,0.05,(0),19,0.21,"{""baseName"":""はるみ"",""part"":""砂じょう"",""state"":""生"",""notes"":[""かんきつ類""]}",かんきつ類の果肉（じょうのう膜を除いた砂じょう）は一般的に犬に与えて問題ない栄養源,8,1,0,(16),(27),(30),(5.3),(10),(15),(16),(9.5),(25),(17),(4.6),(22),(11),(57),,,,,,,,,,44.4,169941,7.6,"Harumi, segments, raw"
07,07112,（かんきつ類）　ひゅうがなつ　じょうのう及びアルベド　生,87.2,0.6,0.1,2.1,0.4,46,23,11,1,130,8,0.2,0.1,0.03,0.08,-,-,(0),(0),0.3,0.05,0.03,0.3,0.06,(0),16,0.23,"{""baseName"":""ひゅうがなつ"",""variety"":""じょうのう及びアルベド"",""state"":""生"",""notes"":[""かんきつ類""]}",果肉以外（アルベド＝白皮部）を含むため、精油成分などで刺激を与える可能性がある,4,1,0,(11),(19),(20),(2.9),(6.5),(9.5),(10),(6.5),(17),(11),(3.0),(14),(7.4),(33),,,,,,,,,,36.55,170073,13.6,"Hyuganatsu, segments and albedo, raw"
07,07113,（かんきつ類）　ひゅうがなつ　砂じょう　生,90.7,0.6,0.1,0.7,0.3,35,5,9,1,110,6,0.1,Tr,0.02,0.04,-,-,(0),(0),0.1,0.06,0.03,0.2,0.05,(0),13,0.27,"{""baseName"":""ひゅうがなつ"",""part"":""砂じょう"",""state"":""生"",""notes"":[""かんきつ類""]}",ひゅうがなつの果肉部分は柑橘類の果実として与えて問題ないが、皮や種は除去する必要がある。,7,1,0,(11),(19),(20),(2.9),(6.5),(9.5),(10),(6.5),(17),(11),(3.0),(14),(7.4),(33),,,,,,,,,,29.55,169941,7.6,"Hyuganatsu, segments, raw"
07,07126,（かんきつ類）　ぶんたん　砂じょう　生,89.0,0.7,0.1,0.9,0.4,41,13,19,1,180,7,0.1,0.1,0.04,0.02,-,-,(0),(0),0.5,0.03,0.04,0.3,0,(0),16,0.32,"{""baseName"":""ぶんたん"",""part"":""砂じょう"",""state"":""生"",""notes"":[""かんきつ類""]}",ぶんたんの果肉部分は柑橘類の果実で与えやすいが皮や種は除去する必要がある。,7,1,0,(8.9),(15),(19),(3.5),(7.4),(11),(9.4),(5.9),(15),(12),(3.2),(12),(8.0),(72),,,,,,,,,,34.45,167754,,"Buntan (Pomelo), segments, raw"
07,07127,（かんきつ類）　ぶんたん　ざぼん漬,14.0,0.2,0.1,2.7,0.2,338,22,3,13,8,6,0.3,Tr,0.01,0.01,-,-,(0),(0),0.1,0,0.02,Tr,0,(0),2,0,"{""baseName"":""ぶんたん"",""variety"":""ざぼん漬"",""notes"":[""かんきつ類""]}",ぶんたん（ザボン）の果肉は柑橘類で風味付けや少量のトッピングとして使えるが加工品のため塩分・糖分に注意。,7,1,0,(2.6),(4.3),(5.4),(1.0),(2.1),(3.1),(2.7),(1.7),(4.4),(3.4),(0.9),(3.6),(2.3),(21),,,,,,,,,,291.35,167781,2.2,"Buntan (Pomelo), candied peel"
07,07129,（かんきつ類）　ぽんかん　砂じょう　生,88.8,0.9,0.1,1.0,0.3,42,16,16,1,160,9,0.1,Tr,0.02,0.09,-,-,(0),(0),0.2,0.08,0.04,0.2,0.05,(0),13,0.24,"{""baseName"":""ぽんかん"",""part"":""砂じょう"",""state"":""生"",""notes"":[""かんきつ類""]}",ぽんかんの果肉は柑橘類で与えられるが、皮や種は除く必要がある,7,1,0,(18),(32),(35),(7.5),(12),(19),(19),(11),(30),(20),(5.2),(25),(13),(66),,,,,,,,,,35.15,168195,14,"Ponkan, segments, raw"
07,07142,（かんきつ類）　ゆず　果皮　生,83.7,1.2,0.5,6.9,0.4,50,41,9,5,140,15,0.3,0.1,0.02,0.12,0,0,(0),(0),3.4,0.07,0.10,0.5,0.09,(0),21,0.89,"{""baseName"":""ゆず"",""part"":""果皮"",""state"":""生"",""notes"":[""かんきつ類""]}",柑橘の果皮は精油成分を多く含み消化器や皮膚への刺激を起こしやすいため注意が必要,4,1,1,37,60,61,13,16,30,42,35,78,41,11,48,27,48,0.07,0.04,0.01,0.02,24,12,0,0,0,34,167749,8.5,"Yuzu, peel, raw"
07,07143,（かんきつ類）　ゆず　果汁　生,92.0,0.5,0.1,0.4,0.4,30,20,11,1,210,11,0.1,0.1,0.02,0.10,-,-,(0),(0),0.2,0.05,0.02,0.2,0.02,(0),11,0.29,"{""baseName"":""ゆず"",""part"":""果汁"",""state"":""生"",""notes"":[""かんきつ類""]}",ゆずの果汁は柑橘の香気成分や酸で刺激があり使用に注意が必要である,4,1,0,(7.2),(11),(12),(3.2),(5.0),(8.2),(8.8),(5.6),(14),(8.6),(2.5),(11),(4.5),(11),,,,,,,,,,25.7,168156,5.1,"Yuzu, juice, raw"
07,07145,（かんきつ類）　ライム　果汁　生,89.8,0.4,0.1,0.2,0.4,39,16,16,1,160,9,0.2,0.1,0.03,0.01,-,-,(0),(0),0.2,0.03,0.02,0.1,0.05,(0),17,0.16,"{""baseName"":""ライム"",""part"":""果汁"",""state"":""生"",""notes"":[""かんきつ類""]}",ライム果汁は酸性が強く刺激になり得るため、少量の使用に留めるべき,5,1,0,(5.8),(9.0),(9.6),(2.5),(4.0),(6.5),(7.0),(4.5),(12),(6.8),(2.0),(8.5),(3.6),(8.5),,,,,,,,,,34.1,168156,5.1,"Lime, juice, raw"
07,07155,（かんきつ類）　レモン　全果　生,85.3,0.9,0.7,4.9,0.6,43,67,15,4,130,11,0.2,0.1,0.08,0.05,0,1,(0),(0),1.6,0.07,0.07,0.2,0.08,(0),31,0.39,"{""baseName"":""レモン"",""variety"":""全果"",""state"":""生"",""notes"":[""かんきつ類""]}",レモンは皮に刺激成分が多く酸性が強いため、皮つきの全果は注意が必要,3,0,1,,,,,,,,,,,,,,,0.18,0.11,0.04,0.07,69,39,-,-,0,35.7,167746,5.1,"Lemon, whole, raw"
07,07156,（かんきつ類）　レモン　果汁　生,90.5,0.4,0.2,Tr,0.3,24,7,9,2,100,8,0.1,0.1,0.02,0.03,0,0,(0),(0),0.1,0.04,0.02,0.1,0.05,(0),19,0.18,"{""baseName"":""レモン"",""part"":""果汁"",""state"":""生"",""notes"":[""かんきつ類""]}",レモン果汁は酸味が強く消化器刺激になるため多用は不向き。,3,1,1,5.8,9.0,9.6,2.5,4.0,6.5,7.0,4.5,12,6.8,2.0,8.5,3.6,8.5,(0.05),(0.03),(0.01),(0.02),(20),(11),-,-,(0),33.2,167747,5.1,"Lemon, juice, raw"
07,07054,キウイフルーツ　緑肉種　生,84.7,1.0,0.2,2.6,0.7,51,26,30,1,300,14,0.3,0.1,0.10,0.09,0,1,(0),(0),1.3,0.01,0.02,0.3,0.11,(0),37,0.31,"{""baseName"":""キウイフルーツ"",""variety"":""緑肉種"",""state"":""生""}",キウイの果肉は与えられるが皮は消化しにくく酸味が強いので少量推奨。,7,1,1,46,56,51,19,30,49,36,20,57,46,14,51,23,61,0.17,0.12,0.10,0.03,25,97,-,-,-,43,168153,7.8,"Kiwifruit, green, raw"
07,07168,キウイフルーツ　黄肉種　生,83.2,1.1,0.2,1.4,0.5,63,17,25,2,300,12,0.2,0.1,0.07,0.04,-,-,(0),(0),2.5,0.02,0.02,0.3,0.14,(0),32,0.26,"{""baseName"":""キウイフルーツ"",""variety"":""黄肉種"",""state"":""生""}",キウイフルーツ（黄肉種）は果肉部分は与えやすい果物だが、酸味や酵素で口腔に刺激を与える場合がある。,7,0,1,,,,,,,,,,,,,,,(0.17),(0.09),(0.04),(0.05),(49),(36),(0),(0),(0),53.15,168211,1.9,"Kiwifruit, gold, raw"
07,07183,きはだ　実　乾,13.1,7.3,9.8,-,4.7,378,230,240,17,2100,88,1.7,0.6,0.36,0.69,6,1,-,-,1.3,0.17,0.18,1.4,0.53,-,12,1.83,"{""baseName"":""きはだ"",""variety"":""実"",""state"":""乾""}",乾燥した果実類と推定され、果実部は少量であれば素材として使用可能（品目により取扱注意）。,7,0,0,,,,,,,,,,,,,,,,,,,,,,,,336.7,173032,,"Goji berry, dried"
07,07055,キワノ　生,89.2,1.5,0.9,2.6,0.4,41,10,42,2,170,34,0.4,0.4,0.09,0.13,-,-,(0),(0),0.7,0.03,0.01,0.2,0.04,0,2,0.14,"{""baseName"":""キワノ"",""state"":""生""}",キワノの果肉は食用で果皮は除去すれば使用可能だが流通が少ない,7,0,0,,,,,,,,,,,,,,,,,,,,,,,,31.8,167791,,"Kiwano, raw"
07,07057,グァバ　赤肉種　生,88.9,0.6,0.1,5.1,0.5,33,8,16,3,240,8,0.1,0.1,0.06,0.09,-,-,(0),(0),0.3,0.03,0.04,0.8,0.06,(0),41,0.32,"{""baseName"":""グァバ"",""variety"":""赤肉種"",""state"":""生""}",果実として与えやすくビタミンや水分が豊富、種と皮は除去して与える,7,1,0,(22),(40),(17),(3.8),(0),(3.8),(1.4),(7.3),(8.7),(23),(5.2),(20),(5.2),(15),,,,,,,,,,19.75,173045,,"Guava, red, raw"
07,07169,グァバ　白肉種　生,88.9,0.6,0.1,5.1,0.5,33,8,16,3,240,8,0.1,0.1,0.06,0.09,-,-,(0),(0),0.3,0.03,0.04,0.8,0.06,(0),41,0.32,"{""baseName"":""グァバ"",""variety"":""白肉種"",""state"":""生""}",グァバの果肉は犬が食べられる果物で、種や皮の除去が前提であれば安全。,7,1,0,(22),(40),(17),(3.8),(0),(3.8),(1.4),(7.3),(8.7),(23),(5.2),(20),(5.2),(15),,,,,,,,,,19.75,173044,7.6,"Guava, white, raw"
07,07058,グァバ　果実飲料　20%果汁入り飲料　（ネクター）,87.4,0.1,0.1,0.8,0.1,49,3,3,4,49,2,0.2,Tr,0.01,0.03,-,-,(0),(0),0.1,0,0.01,0.1,0.01,(0),9,0,"{""baseName"":""グァバ"",""variety"":""果実飲料 20%果汁入り飲料"",""notes"":[""ネクター""]}",果汁分が少ない加工飲料で糖分や添加物が含まれやすく犬の素材としてはやや不向き,5,0,0,,,,,,,,,,,,,,,,,,,,,,,,41.45,167784,1.1,"Guava nectar, 20% juice"
07,07059,グァバ　果実飲料　10%果汁入り飲料,87.4,0.1,0.1,0.2,0.1,50,3,2,7,28,20,0.1,Tr,0.01,0.02,-,-,(0),(0),Tr,0,0,0.1,0.01,(0),3,0,"{""baseName"":""グァバ"",""variety"":""果実飲料 10%果汁入り飲料""}",果汁入りの飲料は果実由来の風味があるが加工飲料のため素材としてはやや制限がある。,5,0,0,,,,,,,,,,,,,,,,,,,,,,,,43.55,174111,0,"Guava juice drink, 10% juice"
07,07185,くこ　実　乾,4.8,12.3,4.1,-,3.5,387,47,180,510,1400,77,4.0,1.2,0.69,0.71,2,3,-,0,5.7,0.28,0.40,4.6,0.32,Tr,99,0.71,"{""baseName"":""くこ"",""variety"":""実"",""state"":""乾""}",乾燥したクコの実（ゴジベリー）。栄養価は高いが乾燥で糖分が凝縮しているため量に注意。,6,1,0,(230),(390),(200),(75),(120),(200),(230),(190),(430),(310),(0),(270),(140),(620),,,,,,,,,,341.45,173032,,"Goji berry, dried"
07,07061,ぐみ　生,81.0,1.3,0.2,2.0,0.3,72,10,24,2,130,4,0.2,0.1,0.10,0.15,-,-,(0),(0),2.2,0.01,0.04,0.3,0.02,(0),15,0.45,"{""baseName"":""ぐみ"",""state"":""生""}",ぐみの果肉は一般に問題なく与えられる（種は除去）,7,0,0,,,,,,,,,,,,,,,,,,,,,,,,59.45,169908,,"Elaeagnus fruit, raw"
07,07157,ココナッツ　ココナッツウォーター,94.3,0.2,0.1,0,0.4,22,11,11,11,230,6,0.1,0.1,Tr,0.16,-,-,0,(0),0,0.01,0.01,0.1,0,(0),1,0,"{""baseName"":""ココナッツ"",""variety"":""ココナッツウォーター""}",水分と電解質を含む飲料で一般に安全。糖分やカリウムを含むため量に注意。,7,1,0,(7.8),(15),(8.9),(3.6),(3.9),(7.5),(10),(6.1),(16),(7.2),(2.2),(12),(4.7),(33),,,,,,,,,,19.05,170174,1.1,Coconut water
07,07158,ココナッツ　ココナッツミルク,78.8,1.9,16.0,0.2,0.5,157,5,49,12,230,28,0.8,0.3,0.22,0.59,-,-,0,(0),Tr,0.01,0,0.4,0.02,0,4,0,"{""baseName"":""ココナッツ"",""variety"":""ココナッツミルク""}",ココナッツミルクは高脂質の乳状製品で少量なら使用可能だが加工品である点に注意,6,1,1,(74),(140),(84),(36),(38),(73),(96),(59),(150),(69),(22),(120),(43),(310),14.08,0.13,0,0.13,130,0,0,0,0,151.75,169409,,Coconut milk
07,07170,ココナッツ　ナタデココ,79.7,0,Tr,0.5,Tr,80,1,Tr,2,0,1,0,0,0,0,-,-,(0),(0),0,0,0,0,0,(0),0,0,"{""baseName"":""ココナッツ"",""variety"":""ナタデココ""}",ナタデココはシロップ漬けで糖分が高いため少量での使用が望ましい,6,0,0,,,,,,,,,,,,,,,,,,,,,,,,69.3,170277,13.3,Nata de coco
07,07070,さくらんぼ　国産　生,83.1,1.0,0.2,1.2,0.5,64,13,17,1,210,6,0.3,0.1,0.05,-,0,0,(0),(0),0.5,0.03,0.03,0.2,0.02,(0),38,0.24,"{""baseName"":""さくらんぼ"",""origin"":""国産"",""state"":""生""}",さくらんぼの果肉は与えられるが、核（種）は除去する必要がある。,7,1,1,(19),(28),(30),(9.4),(9.4),(19),(23),(13),(36),(21),(8.5),(23),(14),(17),(0.14),(0.05),(0.03),(0.03),(27),(26),(0),(0),(0),54.2,171719,6.1,"Cherry, Japanese, raw"
07,07071,さくらんぼ　米国産　生,81.1,1.2,0.1,1.4,0.5,64,15,23,1,260,12,0.3,0.1,0.08,0.11,-,-,(0),(0),0.5,0.03,0.03,0.2,0.02,(0),42,0.29,"{""baseName"":""さくらんぼ"",""origin"":""米国産"",""state"":""生""}",さくらんぼの果肉は利用可能だが核（種）は有害なので除去が必要,7,1,1,(23),(34),(36),(11),(11),(23),(27),(16),(43),(25),(10),(27),(17),(20),(0.07),(0.03),(0.01),(0.01),(14),(13),(0),(0),(0),60,171719,6.1,"Cherry, US, raw"
07,07072,さくらんぼ　米国産　缶詰,81.5,0.6,0.1,1.0,0.2,70,10,12,3,100,5,0.4,0.5,0.06,0.08,-,-,(0),(0),0.5,0.01,0.01,0.1,0.01,(0),12,0,"{""baseName"":""さくらんぼ"",""origin"":""米国産"",""state"":""缶詰""}",さくらんぼ（果肉、核除去済み）は果実として与えられるが種は除去してあるため使用可能。,8,0,1,,,,,,,,,,,,,,,(0.07),(0.03),(0.01),(0.01),(13),(12),(0),(0),(0),61.05,167770,2.7,"Cherry, US, canned"
07,07073,ざくろ　生,83.9,0.2,Tr,0,0.4,63,8,15,1,250,6,0.1,0.2,0.06,0.05,-,-,(0),(0),0.1,0.01,0.01,0.2,0.04,(0),6,0.32,"{""baseName"":""ざくろ"",""state"":""生""}",ザクロは犬に消化器障害や悪影響を与える可能性があるため原料として不適切と判断される。,2,0,0,,,,,,,,,,,,,,,,,,,,,,,,54.95,169134,7.6,"Pomegranate, raw"
07,07077,すいか　赤肉種　生,89.6,0.6,0.1,0.3,0.2,41,4,8,1,120,11,0.2,0.1,0.03,0.03,0,0,(0),(0),0.1,0.03,0.02,0.2,0.07,(0),3,0.22,"{""baseName"":""すいか"",""variety"":""赤肉種"",""state"":""生""}",水分が多く低カロリーで犬に与えやすい果実。果皮・種は除去して与える。,8,1,1,14,15,14,4.8,6.8,12,15,5.3,20,9.9,5.3,14,9.5,51,(0.07),(0.03),(0),(0.03),(33),(0),(0),(0),(0),35.15,167765,4.1,"Watermelon, red, raw"
07,07171,すいか　黄肉種　生,89.6,0.6,0.1,0.3,0.2,41,4,8,1,120,11,0.2,0.1,0.03,0.03,0,0,(0),(0),0.1,0.03,0.02,0.2,0.07,(0),3,0.22,"{""baseName"":""すいか"",""variety"":""黄肉種"",""state"":""生""}",水分が多く低カロリーな果実でおやつ向き、種と皮は除去して与える,8,1,0,(14),(15),(14),(4.8),(6.8),(12),(15),(5.3),(20),(9.9),(5.3),(14),(9.5),(51),,,,,,,,,,35.15,167765,4.1,"Watermelon, yellow, raw"
07,07186,（すぐり類）　赤すぐり　冷凍,86,0.8,0.3,2.8,0.4,43,21,17,1,200,6,0.4,0.1,0.08,0.11,2,0,-,-,1,0.03,0.01,0.4,-,-,-,-,"{""baseName"":""赤すぐり"",""state"":""冷凍"",""notes"":[""すぐり類""]}",赤すぐり（冷凍）は果実で特に有害成分はなく素材として使用可能である,7,1,1,16,23,20,6.0,9.5,16,14,15,29,21,5.5,18,17,24,0.05,0.02,0.01,0.01,12,10,0,0,0,39.3,173030,,"Red currant, frozen"
07,07182,（すぐり類）　カシス　冷凍,79.4,1.6,1.6,6.4,0.7,62,40,54,Tr,270,19,0.5,0.2,0.08,0.26,0,0,-,-,2.1,0.03,0.03,0.3,-,-,-,-,"{""baseName"":""カシス"",""state"":""冷凍"",""notes"":[""すぐり類""]}",カシスは抗酸化物質を含む果実で、少量であれば利用可能,7,1,1,63,82,68,25,30,55,54,37,91,55,17,54,33,84,1.08,0.77,0.17,0.60,460,150,0,0,0,55.25,171710,8.5,"Black currant, frozen"
07,07060,（すぐり類）　グーズベリー　生,85.2,1.0,0.1,2.5,0.5,51,14,24,1,200,10,1.3,0.1,0.05,0.15,-,-,(0),(0),1.0,0.02,0.02,0.2,0.02,0,47,0.40,"{""baseName"":""グーズベリー"",""state"":""生"",""notes"":[""すぐり類""]}",グーズベリーは果実として与えやすく、少量なら犬のレシピに取り入れやすい。,7,0,0,,,,,,,,,,,,,,,,,,,,,,,,41.8,173030,,"Gooseberry, raw"
07,07069,スターフルーツ　生,91.4,0.7,0.1,1.8,0.3,30,5,10,1,140,9,0.2,0.2,0.02,0.10,-,-,(0),(0),0.2,0.03,0.02,0.3,0.02,0,11,0.38,"{""baseName"":""スターフルーツ"",""state"":""生""}",スターフルーツは腎臓障害を引き起こす有害成分を含むため犬には危険で使用不可。,1,1,1,(30),(52),(52),(14),(0),(14),(25),(30),(55),(30),(5.4),(34),(5.4),(14),(0.07),(0.06),(0.01),(0.05),(48),(8),(0),(0),(0),23.25,171715,7.6,"Starfruit, raw"
07,07080,（すもも類）　にほんすもも　生,88.6,0.6,1.0,1.6,0.4,46,5,14,1,150,5,0.2,0.1,0.03,0.07,0,0,(0),(0),0.6,0.02,0.02,0.3,0.04,(0),37,0.14,"{""baseName"":""にほんすもも"",""state"":""生"",""notes"":[""すもも類""]}",にほんすもも（プラム）はソルビトール等により消化器症状や代謝影響を起こす可能性があるため禁忌である,1,1,0,13,17,17,3.1,3.7,6.9,9.8,5.9,16,14,2.2,15,8.4,8.7,,,,,,,,,,37.9,169949,1.9,"Japanese plum, raw"
07,07081,（すもも類）　プルーン　生,86.2,0.7,0.1,1.9,0.4,49,6,14,1,220,7,0.2,0.1,0.06,0.09,-,-,(0),(0),1.3,0.03,0.03,0.5,0.06,0,35,0.22,"{""baseName"":""プルーン"",""state"":""生"",""notes"":[""すもも類""]}",プルーンは犬に消化器障害や電解質異常を起こす危険があるため不適切,1,1,1,(14),(15),(16),(8.0),(2.0),(10),(14),(8.0),(22),(10),(9.0),(16),(9.0),(9.0),(0.07),(0.02),(0),(0.02),(16),(0),(0),(0),(0),40.75,169949,1.9,"Prune, raw"
07,07082,（すもも類）　プルーン　乾,33.3,2.4,0.2,7.1,1.8,211,57,69,1,730,40,1.1,0.4,0.27,0.36,-,-,(0),(0),1.3,0.07,0.07,2.1,0.34,(0),3,0.32,"{""baseName"":""プルーン"",""state"":""乾"",""notes"":[""すもも類""]}",プルーンは犬にとって消化器・心臓へ影響を及ぼすおそれがあり危険,1,1,1,(45),(73),(55),(18),(12),(30),(58),(23),(81),(54),(28),(62),(30),(41),(0.09),(0.03),(0.01),(0.02),(19),(7),(0),(0),(0),203.3,168162,10.1,"Prune, dried"
07,07086,チェリモヤ　生,78.1,1.3,0.3,2.2,0.5,82,9,20,8,230,12,0.2,0.1,0.08,0.07,-,-,(0),(0),0.2,0.09,0.09,0.7,0.23,0,90,0.36,"{""baseName"":""チェリモヤ"",""state"":""生""}",チェリモヤの果肉は与えられるが、種子や皮は必ず除去する。,7,1,1,(35),(52),(35),(17),(8.3),(26),(35),(26),(60),(43),(26),(52),(17),(26),(0.21),(0.08),(0.07),(0.01),(12),(70),(0),(0),(0),68.7,173953,,"Cherimoya, raw"
07,07111,ドラゴンフルーツ　生,85.7,1.4,0.3,1.9,0.8,52,6,29,Tr,350,41,0.3,0.3,0.03,0.09,-,-,(0),(0),0.4,0.08,0.06,0.4,0.05,0,44,0.53,"{""baseName"":""ドラゴンフルーツ"",""state"":""生""}",ドラゴンフルーツは果肉が消化に優しく犬に与えやすい果物素材である,7,0,0,,,,,,,,,,,,,,,,,,,,,,,,42.1,167761,7.6,"Dragon fruit, raw"
07,07087,ドリアン　生,66.4,2.3,3.3,2.1,0.9,140,5,36,Tr,510,27,0.3,0.3,0.19,0.31,0,1,(0),(0),2.3,0.33,0.20,1.4,0.25,0,150,0.22,"{""baseName"":""ドリアン"",""state"":""生""}",ドリアンの果肉に特異な強い毒性の報告はなく使用可能だが高エネルギーである点に留意,7,0,1,,,,,,,,,,,,,,,2.64,0.28,0.12,0.16,160,120,0,0,0,123.6,168192,,"Durian, raw"
07,07088,（なし類）　日本なし　生,88.0,0.3,0.1,0.9,0.3,38,2,11,Tr,140,5,0,0.1,0.06,0.04,0,0,(0),(0),0.1,0.02,Tr,0.2,0.02,(0),6,0.14,"{""baseName"":""日本なし"",""state"":""生"",""notes"":[""なし類""]}",日本なしの果肉は安全で水分・繊維が取れる良い素材（種・芯は除去）。,8,1,1,6.8,8.9,6.4,3.4,3.2,6.6,4.7,2.3,7.0,8.3,1.4,12,3.1,3.5,(0.05),(0.02),(0),(0.02),(23),(Tr),(0),(0),(0),38.3,169118,5.1,"Japanese pear, raw"
07,07089,（なし類）　日本なし　缶詰,80.5,0.1,0.1,0.7,0.2,76,3,6,4,75,4,0.2,0.1,0.04,0.02,-,-,0,(0),0.1,Tr,0,0.1,0.02,(0),3,0,"{""baseName"":""日本なし"",""state"":""缶詰"",""notes"":[""なし類""]}",果肉自体は安全だがシロップ漬けの加工品で糖分が多く使用に注意が必要,6,1,1,(3.0),(5.0),(3.5),(1.0),(1.0),(2.0),(2.5),(1.0),(3.5),(2.5),(0),(3.5),(1.0),(1.5),(0.05),(0.02),(0),(0.02),(23),(0),(0),(0),(0),65.6,169939,1.9,"Japanese pear, canned"
07,07090,（なし類）　中国なし　生,86.8,0.2,0.1,1.4,0.2,49,2,8,1,140,5,0.1,Tr,0.05,0.03,-,-,0,(0),0.2,0.02,0.01,0.2,0.02,(0),6,0.14,"{""baseName"":""中国なし"",""state"":""生"",""notes"":[""なし類""]}",梨の果肉は消化性が良く水分・食物繊維を含む。芯・種は除去して与える。,8,1,1,(4.4),(5.9),(4.2),(2.2),(2.1),(4.4),(3.1),(1.5),(4.6),(5.2),(0.9),(7.6),(2.1),(2.3),(0.05),(0.02),(0),(0.02),(23),(Tr),(0),(0),(0),41.1,168177,5.1,"Chinese pear, raw"
07,07091,（なし類）　西洋なし　生,84.9,0.3,0.1,1.9,0.3,48,5,13,Tr,140,4,0.1,0.1,0.12,0.04,0,0,(0),(0),0.3,0.02,0.01,0.2,0.02,(0),4,0.09,"{""baseName"":""西洋なし"",""state"":""生"",""notes"":[""なし類""]}",洋なしは犬に与えて問題ない果物で、果肉のみなら素材として適切,8,1,1,(9.2),(16),(14),(1.7),(1.7),(3.3),(9.2),(1.7),(11),(9.2),(1.7),(14),(1.7),(8.3),(0.14),(0.07),(0),(0.07),(66),(1),(0),(0),(0),45.65,169118,5.1,"European pear, raw"
07,07092,（なし類）　西洋なし　缶詰,78.8,0.2,0.1,1.0,0.2,79,4,5,1,55,4,0.1,0.1,0.05,0.03,-,-,0,(0),0.2,0.01,0.02,0.3,0.01,(0),4,0,"{""baseName"":""西洋なし"",""state"":""缶詰"",""notes"":[""なし類""]}",缶詰の西洋なし（シロップ漬）は果実自体は安全だが砂糖漬けの加工品である点に注意,6,1,1,(6.0),(10),(7.0),(2.0),(2.0),(4.0),(5.0),(2.0),(7.0),(5.0),(0),(7.0),(2.0),(3.0),(0.05),(0.02),(0),(0.02),(23),(0),(0),(0),(0),70.5,169939,1.9,"European pear, canned"
07,07095,なつめ　乾,21.0,3.9,2.0,12.5,1.7,294,65,80,3,810,39,1.5,0.8,0.24,0.46,-,-,(0),(0),0.1,0.10,0.21,1.6,0.14,0,140,0.86,"{""baseName"":""なつめ"",""state"":""乾""}",なつめ（乾燥）は果実で消化上問題なく、乾燥品として利用できる,7,0,0,,,,,,,,,,,,,,,,,,,,,,,,236.8,168152,,"Jujube, dried"
07,07096,なつめやし　乾,24.8,2.2,0.2,7.0,1.5,281,71,58,Tr,550,60,0.8,0.4,0.40,0.38,-,-,(0),(0),1.4,0.07,0.04,1.8,0.16,(0),19,0.94,"{""baseName"":""なつめやし"",""state"":""乾""}",デーツは果肉自体は有害でなくエネルギー源になるが糖分が高いので使用量に注意が必要,7,1,1,(44),(75),(59),(20),(60),(80),(45),(13),(58),(39),(11),(64),(29),(120),(0.04),(0.01),(Tr),(0.01),(8),(2),(0),(0),(0),234.45,168191,9.9,"Date, dried"
07,07097,パインアップル　生,85.2,0.6,0.1,1.2,0.4,54,11,9,Tr,150,14,0.2,0.1,0.11,1.33,0,0,(0),(0),Tr,0.09,0.02,0.2,0.10,(0),12,0.23,"{""baseName"":""パインアップル"",""state"":""生""}",果肉は与えられるが酸味や酵素で消化器に刺激が出ることがあるため量に注意,7,1,1,18,24,24,11,19,30,14,14,28,18,7.0,22,11,15,(0.07),(0.05),(0.02),(0.03),(27),(20),(0),(0),(0),46.7,169124,5.5,"Pineapple, raw"
07,07177,パインアップル　焼き,78.2,0.9,0.2,1.7,0.5,74,16,13,Tr,190,18,0.3,0.1,0.14,1.67,0,0,(0),(0),0.1,0.11,0.02,0.3,0.12,(0),14,0.64,"{""baseName"":""パインアップル"",""state"":""焼き""}",果肉は消化に適し酵素を含む食材であり適量で安全に使える,8,1,0,(29),(39),(38),(18),(31),(49),(23),(22),(45),(28),(11),(36),(18),(25),,,,,,,,,,69.6,168193,5.6,"Pineapple, grilled"
07,07098,パインアップル　果実飲料　ストレートジュース,88.2,0.3,0.1,0,0.4,46,22,13,1,210,10,0.4,0.1,0.03,0.87,-,-,(0),(0),Tr,0.04,0.01,0.2,0.07,(0),9,0.19,"{""baseName"":""パインアップル"",""variety"":""果実飲料 ストレートジュース""}",果汁はビタミンを含むが糖分が高め。量を制限して利用する。,6,0,1,,,,,,,,,,,,,,,(0.05),(0.04),(0.02),(0.02),(20),(15),(0),(0),(0),40.4,168205,,"Pineapple juice, 100% juice, not from concentrate"
07,07099,パインアップル　果実飲料　濃縮還元ジュース,88.3,0.1,0.1,0,0.4,45,9,12,1,190,10,0.3,0.1,0.03,1.16,-,-,(0),(0),Tr,0.05,0.02,0.2,0.05,(0),7,0.17,"{""baseName"":""パインアップル"",""variety"":""果実飲料 濃縮還元ジュース""}",濃縮還元のパイナップル果実飲料は果実由来の栄養があるが糖分が高い点に注意。,7,0,1,,,,,,,,,,,,,,,(0.05),(0.04),(0.02),(0.02),(20),(15),(0),(0),(0),40.05,168205,,"Pineapple juice, 100% juice, from concentrate"
07,07100,パインアップル　果実飲料　50%果汁入り飲料,87.3,0.3,0.1,0,0.2,50,6,5,1,95,4,0.1,Tr,0.02,0.33,-,-,(0),(0),Tr,0.03,0.01,0.1,0.04,(0),0,0.07,"{""baseName"":""パインアップル"",""variety"":""果実飲料 50%果汁入り飲料""}",果実飲料は果実風味を加えられるが糖分や加工度が高く素材としては限定的。,5,0,1,,,,,,,,,,,,,,,(0.05),(0.04),(0.02),(0.02),(20),(15),(0),(0),(0),44.25,173225,0.5,"Pineapple drink, 50% juice"
07,07101,パインアップル　果実飲料　10%果汁入り飲料,87.6,Tr,Tr,0,Tr,50,2,1,1,18,2,0.2,Tr,Tr,0.18,-,-,0,(0),Tr,0,0,Tr,0.01,(0),1,0,"{""baseName"":""パインアップル"",""variety"":""果実飲料 10%果汁入り飲料""}",パインアップルの果実飲料（10%果汁）は加糖・加工飲料で果実由来成分が少なく、素材としては限定的,5,0,0,,,,,,,,,,,,,,,,,,,,,,,,43.4,173225,0.5,"Pineapple drink, 10% juice"
07,07102,パインアップル　缶詰,78.9,0.4,0.1,0.5,0.3,76,7,7,1,120,9,0.3,0.1,0.07,1.58,-,-,0,(0),0,0.07,0.01,0.2,0.06,(0),7,0.06,"{""baseName"":""パインアップル"",""state"":""缶詰""}",缶詰のパイナップルは果肉自体は有害でないが、シロップ漬けで加工度と糖分が高い点に注意,6,1,1,(11),(15),(19),(11),(1.2),(12),(11),(9.4),(20),(11),(5.9),(13),(8.2),(14),(0.05),(0.03),(0.01),(0.02),(20),(15),-,-,-,71.55,167767,5.5,"Pineapple, canned"
07,07103,パインアップル　砂糖漬,12.0,0.5,0.2,1.3,0.5,349,31,5,58,23,5,2.5,0.1,0.06,0.45,-,-,0,(0),0.1,0,0.02,0.1,0.01,(0),2,0,"{""baseName"":""パインアップル"",""variety"":""砂糖漬""}",砂糖漬けのパインは果肉自体は安全だが加糖による加工品で使用は限定的。,5,1,1,(15),(21),(21),(9.5),(17),(26),(13),(12),(24),(14),(6.2),(19),(10),(13),(0.10),(0.07),(0.03),(0.04),(38),(28),(0),(0),(0),302.7,169944,3.8,"Pineapple, in syrup"
07,07104,ハスカップ　生,85.5,0.7,0.6,2.1,0.4,55,38,25,Tr,190,11,0.6,0.1,0.06,-,-,-,0,(0),1.1,0.02,0.03,0.5,0.04,0,7,0.29,"{""baseName"":""ハスカップ"",""state"":""生""}",ベリー類で有害成分は特にないが酸味が強い場合があるため一般的に使用可能。,7,0,0,,,,,,,,,,,,,,,,,,,,,,,,45,173030,,"Haskap berry, raw"
07,07106,パッションフルーツ　果汁　生,82.0,0.8,0.4,0,0.6,67,4,21,5,280,15,0.6,0.4,0.08,0.10,-,-,(0),(0),0.2,0.01,0.09,1.9,0.18,(0),86,0.63,"{""baseName"":""パッションフルーツ"",""part"":""果汁"",""state"":""生""}",パッションフルーツ果汁は果実由来の風味があるが酸味が強いため少量で使うのが適切。,6,0,0,,,,,,,,,,,,,,,,,,,,,,,,62.9,169110,4,"Passion fruit juice, raw"
07,07107,バナナ　生,75.4,1.1,0.2,1.1,0.8,93,6,27,Tr,360,32,0.3,0.2,0.09,0.26,0,1,(0),(0),0.5,0.05,0.04,0.7,0.38,(0),26,0.44,"{""baseName"":""バナナ"",""state"":""生""}",バナナは果肉が消化しやすく犬に与えて問題ない果物の一つ,8,1,1,35,70,51,14,15,29,36,9.2,45,35,10,49,82,45,(0.13),(0.04),(0.02),(0.03),(28),(16),(0),(0),(0),80.45,173944,9.8,"Banana, raw"
07,07108,バナナ　乾,14.3,3.8,0.4,7.0,3.0,314,26,84,1,1300,92,1.1,0.6,0.25,1.31,-,-,(0),(0),1.4,0.07,0.12,1.4,1.04,(0),34,1.13,"{""baseName"":""バナナ"",""state"":""乾""}",乾燥バナナは可食で糖分が濃縮されているため量に注意すれば素材として利用できる。,7,1,1,(120),(240),(180),(48),(53),(100),(120),(31),(150),(110),(35),(170),(280),(150),(0.26),(0.07),(0.03),(0.05),(47),(28),(0),(0),(0),266.95,173945,19.6,"Banana, dried"
07,07109,パパイア　完熟　生,89.2,0.5,0.2,2.2,0.6,33,20,11,6,210,26,0.2,0.1,0.05,0.04,0,Tr,(0),(0),0.3,0.02,0.04,0.3,0.01,(0),44,0.42,"{""baseName"":""パパイア"",""variety"":""完熟"",""state"":""生""}",完熟パパイアの果肉は消化に良い果物で犬のレシピ素材として利用可能です（皮・種は除去）。,8,1,1,(8.5),(17),(27),(2.1),(0),(2.1),(9.6),(5.3),(15),(12),(8.5),(11),(5.3),(11),(0.16),(0.04),(0.04),(0.01),(8),(36),(0),(0),(0),29,169926,6.1,"Papaya, ripe, raw"
07,07110,パパイア　未熟　生,88.7,1.3,0.1,2.2,0.5,35,36,17,5,190,19,0.3,0.1,0.03,0.02,-,-,(0),(0),0.1,0.03,0.04,0.3,0.01,(0),38,0.55,"{""baseName"":""パパイア"",""variety"":""未熟"",""state"":""生""}",未熟なパパイアは消化器刺激成分を含む場合があり注意が必要,5,1,1,(22),(44),(69),(5.5),(0),(5.5),(25),(14),(39),(30),(22),(28),(14),(28),(0.08),(0.02),(0.02),(Tr),(4),(18),(0),(0),(0),30.6,169926,6.1,"Papaya, unripe, raw"
07,07114,びわ　生,88.6,0.3,0.1,1.6,0.4,41,13,9,1,160,14,0.1,0.2,0.04,0.27,0,0,(0),(0),0.1,0.02,0.03,0.2,0.06,(0),9,0.22,"{""baseName"":""びわ"",""state"":""生""}",びわの果肉は犬に与えて問題ない果物だが種は除去する必要がある,8,1,1,(10),(18),(16),(2.8),(4.2),(7.0),(9.8),(9.1),(19),(10),(3.5),(15),(4.9),(9.8),(0.07),(0.05),(0.01),(0.04),(39),(7),(0),(0),(0),33.4,169908,,"Loquat, raw"
07,07115,びわ　缶詰,79.6,0.3,0.1,0.6,0.2,80,22,3,2,60,5,0.1,0.1,0.17,0.10,-,-,(0),(0),0.2,0.01,0.01,0.2,0.02,(0),9,0,"{""baseName"":""びわ"",""state"":""缶詰""}",びわの缶詰（シロップ漬）。果肉自体は利用可能だがシロップ（糖分）が多い点を考慮。,7,1,1,(10),(18),(16),(2.8),(4.2),(7.0),(9.8),(9.1),(19),(10),(3.5),(15),(4.9),(9.8),(0.07),(0.05),(0.01),(0.04),(39),(7),(0),(0),(0),69.1,169908,,"Loquat, canned"
07,07116,ぶどう　皮なし　生,83.5,0.4,0.1,0.5,0.3,58,6,15,1,130,6,0.1,0.1,0.05,0.12,0,0,(0),(0),0.1,0.04,0.01,0.1,0.04,(0),4,0.10,"{""baseName"":""ぶどう"",""formModifiers"":[""皮なし""],""state"":""生""}",ぶどうは少量でも急性腎不全を引き起こす危険があるため犬には禁忌,1,1,1,6.4,11,11,3.2,4.6,7.8,6.8,3.0,9.7,11,2.2,9.3,7.8,38,0.03,0.01,Tr,0.01,10,3,-,-,0,55.45,174683,5.6,"Grape, skinless, raw"
07,07178,ぶどう　皮つき　生,81.7,0.6,0.2,0.9,0.5,69,8,23,0,220,7,0.2,Tr,0.07,0.03,0,0,(0),(0),0.4,0.05,0.01,0.2,0.05,(0),19,0.04,"{""baseName"":""ぶどう"",""formModifiers"":[""皮つき""],""state"":""生""}",ぶどうは犬に腎障害を引き起こす可能性があるため禁止食品である。,1,1,1,9.8,17,18,3.9,5.6,9.6,13,9.4,22,16,4.3,15,13,100,0.04,0.02,Tr,0.02,17,4,0,0,0,60.15,174683,5.6,"Grape, with skin, raw"
07,07187,ぶどう　皮つき　シャインマスカット　生,82.5,0.7,0.2,0.9,0.4,61,7,23,0,210,6,0.2,Tr,0.06,0.05,1,0,-,-,0.5,0.05,0.01,0.1,0.06,-,19,0.04,"{""baseName"":""ぶどう"",""variety"":""シャインマスカット"",""formModifiers"":[""皮つき""],""state"":""生""}",ぶどうは犬に腎障害を引き起こす可能性があり禁忌である。,1,1,1,11,18,19,4.2,6.5,11,13,11,23,14,6.4,14,14,170,0.03,0.02,Tr,0.01,14,3,0,0,0,57.7,174683,5.6,"Grape, Shine Muscat, with skin, raw"
07,07117,ぶどう　干しぶどう,14.5,2.7,0.2,4.1,1.9,324,65,90,12,740,31,2.3,0.3,0.39,0.20,3,Tr,(0),(0),0.5,0.12,0.03,0.6,0.23,(0),9,0.17,"{""baseName"":""ぶどう"",""variety"":""干しぶどう""}",干しぶどうはぶどう由来で犬に急性腎不全を引き起こす危険があるため絶対に避けるべき,1,1,1,(61),(93),(82),(24),(22),(46),(55),(44),(99),(67),(26),(76),(40),(58),(0.06),(0.03),(0.01),(0.02),(21),(7),-,-,(0),279.25,168166,,Raisins
07,07118,ぶどう　果実飲料　ストレートジュース,84.8,0.3,0.2,0.1,0.2,54,3,7,1,30,14,0.1,0.1,0.02,0.13,0,0,(0),(0),0,0.02,0.01,0.1,0.05,(0),1,0.06,"{""baseName"":""ぶどう"",""variety"":""果実飲料 ストレートジュース""}",ぶどう果実飲料はぶどう由来で犬に危険なため禁忌,1,1,1,(5.7),(9.7),(8.1),(0.8),(0),(0.8),(9.7),(2.4),(12),(13),(0),(8.1),(5.7),(38),(0.06),(0.03),(0.01),(0.02),(21),(7),-,-,(0),53.15,173042,3.2,"Grape juice, 100% juice, not from concentrate"
07,07119,ぶどう　果実飲料　濃縮還元ジュース,87.2,0.3,0.3,0.1,0.1,46,5,7,2,24,9,0.3,Tr,0.02,0.07,Tr,0,(0),(0),0,0.02,Tr,0.2,0.06,(0),1,0.04,"{""baseName"":""ぶどう"",""variety"":""果実飲料 濃縮還元ジュース""}",ぶどう由来の飲料は犬に腎障害を引き起こす可能性があり危険であるため,1,1,1,(5.7),(9.7),(8.1),(0.8),(0),(0.8),(9.7),(2.4),(12),(13),(0),(8.1),(5.7),(38),(0.10),(0.04),(0.01),(0.03),(31),(10),-,-,(0),45.6,173042,3.2,"Grape juice, 100% juice, from concentrate"
07,07120,ぶどう　果実飲料　70%果汁入り飲料,86.8,0.2,Tr,0.1,0.1,52,4,5,15,17,6,0.1,Tr,0.01,0.11,-,-,(0),(0),0,Tr,0,Tr,0.05,(0),Tr,0,"{""baseName"":""ぶどう"",""variety"":""果実飲料 70%果汁入り飲料""}",ぶどう含有の飲料はぶどう成分により急性腎障害を引き起こす危険があるため禁忌,1,1,1,(3.8),(6.5),(5.4),(0.5),(0),(0.5),(6.5),(1.6),(8.1),(8.6),(0),(5.4),(3.8),(25),(0.01),(0.01),(Tr),(Tr),(4),(2),-,-,(0),45.5,173213,0.3,"Grape drink, 70% juice"
07,07121,ぶどう　果実飲料　10%果汁入り飲料,86.9,Tr,Tr,Tr,Tr,52,3,1,6,3,1,0.1,Tr,0.01,0.08,-,-,(0),(0),0,0,0,0,0.01,(0),Tr,0,"{""baseName"":""ぶどう"",""variety"":""果実飲料 10%果汁入り飲料""}",ぶどうを含む果実飲料は犬に有害な成分を含むため禁忌であり使用不可。,1,0,1,,,,,,,,,,,,,,,(0.01),(0.01),(Tr),(Tr),(4),(1),-,-,(0),45.85,173203,,"Grape drink, 10% juice"
07,07122,ぶどう　缶詰,78.9,0.4,0.1,0.2,0.2,83,10,10,3,88,4,0.9,0.2,0.09,0.02,-,-,0,(0),0.2,0.02,0.01,0.1,0.03,(0),2,0,"{""baseName"":""ぶどう"",""state"":""缶詰""}",ぶどうは犬に急性腎不全を引き起こす危険があり、犬への使用は禁忌である。,1,1,1,(3.3),(8.3),(9.2),(13),(6.7),(20),(8.3),(6.7),(15),(11),(1.7),(11),(15),(29),(0.03),(0.01),(Tr),(0.01),(10),(3),-,-,(0),72.95,174685,3.8,"Grape, canned"
07,07123,ぶどう　ジャム,51.4,0.5,0.1,1.5,0.5,189,16,23,18,130,10,3.3,0.1,0.11,0.10,-,-,(0),(0),0.2,0.02,0.01,0.1,0.04,(0),2,0.11,"{""baseName"":""ぶどう"",""variety"":""ジャム""}",ぶどう由来は腎障害を引き起こす可能性があり犬には禁忌,1,1,1,(7.8),(13),(13),(4.0),(5.7),(9.7),(8.4),(3.6),(12),(12),(2.8),(11),(9.7),(46),(0.03),(0.01),(Tr),(0.01),(10),(3),-,-,(0),163.6,169641,10.2,Grape jam
07,07124,ブルーベリー　生,86.4,0.5,0.1,3.3,0.1,48,8,9,1,70,5,0.2,0.1,0.04,0.26,0,0,(0),(0),1.7,0.03,0.03,0.2,0.05,0,12,0.12,"{""baseName"":""ブルーベリー"",""state"":""生""}",ブルーベリーは抗酸化物質が豊富で犬に与えて良い果物。,9,1,1,(16),(30),(8.8),(8.1),(5.4),(14),(18),(6.1),(24),(14),(2.0),(21),(7.4),(25),(0.07),(0.04),(0.02),(0.03),(27),(18),(0),(0),(0),36.2,171711,6,"Blueberry, raw"
07,07125,ブルーベリー　ジャム,55.1,0.7,0.3,4.3,0.1,174,8,12,1,75,5,0.3,0.1,0.06,0.62,-,-,(0),(0),1.9,0.03,0.02,0.4,0.04,0,3,0.11,"{""baseName"":""ブルーベリー"",""variety"":""ジャム""}",ブルーベリージャムは果実由来で毒性はないがジャムは加工糖分が高い加工食品である,6,1,1,(22),(42),(12),(11),(7.6),(19),(25),(8.5),(33),(19),(2.8),(29),(10),(35),(0.20),(0.13),(0.05),(0.08),(80),(53),(0),(0),(0),143.25,171711,6,Blueberry jam
07,07172,ブルーベリー　乾,21.9,2.7,1.9,17.6,1.0,280,43,63,4,400,28,1.2,0.4,0.23,1.94,(0),(0),(0),(0),5.1,0.12,0.10,1.5,0.20,(0),13,0.26,"{""baseName"":""ブルーベリー"",""state"":""乾""}",ブルーベリーは犬に安全で抗酸化物質を含むが、乾燥により糖分が濃縮される点に留意。,7,1,1,(83),(160),(47),(43),(29),(72),(94),(33),(130),(72),(11),(110),(40),(130),(1.43),(0.98),(0.12),(0.86),(860),(120),(0),(0),(0),217.75,168158,18.5,"Blueberry, dried"
07,07128,ホワイトサポテ　生,79.0,1.5,0.1,3.1,0.5,73,13,28,Tr,220,17,0.2,0.2,0.09,0.09,-,-,(0),(0),0.4,0.05,0.05,0.6,0.06,0,36,0.22,"{""baseName"":""ホワイトサポテ"",""state"":""生""}",ホワイトサポテの果肉は食用で安全だが、果皮や種子は除去する必要がある。,7,1,0,(63),(76),(76),(25),(12),(37),(63),(51),(110),(88),(51),(76),(51),(51),,,,,,,,,,61.4,167759,,"White sapote, raw"
07,07130,まくわうり　黄肉種　生,90.8,0.8,0.1,1.0,0.5,34,6,8,1,280,12,0.2,0.1,0.02,0.05,-,-,(0),(0),0.1,0.03,0.03,0.8,0.06,(0),50,0.16,"{""baseName"":""まくわうり"",""variety"":""黄肉種"",""state"":""生""}",まくわうりの果肉は水分・繊維が豊富で安全（果皮・種子は除く）。,8,1,0,(20),(28),(29),(11),(1.9),(13),(22),(13),(35),(16),(1.9),(31),(14),(28),,,,,,,,,,27.45,169911,7.6,"Oriental melon, yellow flesh, raw"
07,07173,まくわうり　白肉種　生,90.8,0.8,0.1,1.0,0.5,34,6,8,1,280,12,0.2,0.1,0.02,0.05,-,-,(0),(0),0.1,0.03,0.03,0.8,0.06,(0),50,0.16,"{""baseName"":""まくわうり"",""variety"":""白肉種"",""state"":""生""}",まくわうり（果肉）は水分と微量栄養素があり犬に与えて問題ない果物素材,8,1,0,(20),(28),(29),(11),(1.9),(13),(22),(13),(35),(16),(1.9),(31),(14),(28),,,,,,,,,,27.45,169911,7.6,"Oriental melon, white flesh, raw"
07,07131,マルメロ　生,84.2,0.3,0.1,5.1,0.3,48,11,14,1,160,7,0.1,0.2,0.05,0.02,-,-,(0),(0),1.0,0.02,0.02,0.2,0.05,0,12,0.25,"{""baseName"":""マルメロ"",""state"":""生""}",果肉は犬に問題なく使用できる果物。果皮・芯は廃棄表記があり果肉利用に適する。,7,0,1,,,,,,,,,,,,,,,(0.10),(0.05),(0),(0.05),(49),(0),(0),(0),(0),36.9,168163,,"Quince, raw"
07,07132,マンゴー　生,82.0,0.6,0.1,1.3,0.4,68,15,12,1,170,12,0.2,0.1,0.08,0.10,0,0,(0),(0),1.8,0.04,0.06,0.7,0.13,(0),84,0.22,"{""baseName"":""マンゴー"",""state"":""生""}",マンゴーの果肉はビタミンや食物繊維があり犬に与えられる（種・皮は除く）,8,1,1,(26),(41),(38),(11),(12),(23),(24),(15),(39),(24),(9.0),(30),(14),(33),(0.08),(0.02),(0.01),(0.01),(5),(13),(0),(0),(0),57.55,169910,7.6,"Mango, raw"
07,07179,マンゴー　ドライマンゴー,9.3,3.1,0.7,6.4,2.1,339,37,81,1,1100,57,0.5,0.6,0.20,0.53,2,2,(0),(0),6.8,0.27,0.21,3.4,0.43,(0),260,0.46,"{""baseName"":""マンゴー"",""variety"":""ドライマンゴー""}",マンゴーの果肉は犬に安全だがドライは糖が凝縮しているので量に注意。,7,1,1,120,210,170,48,50,98,140,83,220,130,32,160,87,180,0.32,0.07,0.03,0.03,32,33,0,0,0,291.2,169091,23.7,"Mango, dried"
07,07133,マンゴスチン　生,81.5,0.6,0.2,1.4,0.2,71,6,12,1,100,18,0.1,0.2,0.07,0.35,0,1,(0),(0),0.6,0.11,0.03,0.5,0.04,0,20,0.33,"{""baseName"":""マンゴスチン"",""state"":""生""}",マンゴスチンの果肉は一般に問題なく与えられる果物で、素材として使用可能,7,0,0,,,,,,,,,,,,,,,,,,,,,,,,60.15,169910,7.6,"Mangosteen, raw"
07,07134,メロン　温室メロン　生,87.8,1.1,0.1,0.5,0.7,40,8,21,7,340,13,0.3,0.2,0.05,0.04,0,2,(0),(0),0.2,0.06,0.02,0.5,0.10,(0),32,0.19,"{""baseName"":""メロン"",""variety"":""温室メロン"",""state"":""生""}",果肉は水分・ビタミン補給に良いおやつ。種子・果皮は除去して与える。,8,1,1,(17),(25),(23),(6.7),(13),(19),(20),(9.4),(30),(23),(8.2),(29),(16),(20),(0.07),(0.04),(0.02),(0.02),(19),(24),(0),(0),(0),39,169911,7.6,"Melon, greenhouse, raw"
07,07135,メロン　露地メロン　緑肉種　生,87.9,1.0,0.1,0.5,0.6,45,6,13,6,350,12,0.2,0.2,0.04,0.02,0,1,(0),(0),0.2,0.05,0.02,0.8,0.11,(0),24,0.16,"{""baseName"":""メロン"",""variety"":""露地メロン 緑肉種"",""state"":""生""}",メロンの果肉は水分と糖分を含む安全な果物でレシピ素材に適する,8,1,1,16,23,22,6.1,12,18,19,8.9,27,23,7.5,28,14,19,(0.07),(0.04),(0.02),(0.02),(19),(24),(0),(0),(0),39,169911,7.6,"Melon, field-grown, green flesh, raw"
07,07174,メロン　露地メロン　赤肉種　生,87.9,1.0,0.1,0.5,0.6,45,6,13,6,350,12,0.2,0.2,0.04,0.02,0,1,(0),(0),0.2,0.05,0.02,0.8,0.11,(0),24,0.16,"{""baseName"":""メロン"",""variety"":""露地メロン 赤肉種"",""state"":""生""}",果肉は犬に安全なメロン類で、種や皮を除けば素材として適している,8,1,0,(16),(23),(22),(6.1),(12),(18),(19),(8.9),(27),(23),(7.5),(28),(14),(19),,,,,,,,,,39,169911,7.6,"Melon, field-grown, red flesh, raw"
07,07136,（もも類）　もも　白肉種　生,88.7,0.6,0.1,1.3,0.4,38,4,18,1,180,7,0.1,0.1,0.05,0.04,0,0,(0),(0),0.7,0.01,0.01,0.6,0.02,(0),5,0.13,"{""baseName"":""白肉種"",""part"":""もも"",""state"":""生"",""notes"":[""もも類""]}",ももの果肉は犬に与えて問題ない良い果物素材（種は除去前提）,8,1,1,10,16,17,3.5,5.1,8.7,9.0,5.7,15,15,2.4,14,7.8,8.4,(0.07),(0.03),(0),(0.03),(34),(1),(0),(0),(0),34.1,169928,6.1,"Peach, white flesh, raw"
07,07184,（もも類）　もも　黄肉種　生,85.4,0.5,0.2,1.9,0.4,48,3,21,0,210,6,0.1,0.1,0.06,0.03,0,0,-,-,1.3,0.02,0.02,0.7,0.01,0,8,0.15,"{""baseName"":""黄肉種"",""part"":""もも"",""state"":""生"",""notes"":[""もも類""]}",黄肉種のもも果肉は犬に与えやすい果物（種・皮は除去）。,8,1,1,16,18,18,3.5,5.9,9.3,10,8.6,19,14,3.2,14,8.4,11,0.05,0.02,0.01,0.02,17,6,0,0,0,44.05,169928,6.1,"Peach, yellow flesh, raw"
07,07137,（もも類）　もも　果実飲料　30%果汁入り飲料　（ネクター）,88.0,0.2,0.1,0.4,0.1,46,2,4,3,35,2,0.2,Tr,0.01,0.02,-,-,0,(0),0.4,Tr,0.01,0.2,Tr,(0),2,0.10,"{""baseName"":""果実飲料"",""variety"":""30%果汁入り飲料"",""part"":""もも"",""notes"":[""もも類"",""ネクター""]}",ももの果実飲料（ネクター）は果実分が低く加糖の加工飲料で、素材としては適さない。,6,0,1,,,,,,,,,,,,,,,(0.01),(Tr),(0),(0),(1),(1),(0),(0),(0),40.75,168185,,"Peach nectar, 30% juice"
07,07138,（もも類）　もも　缶詰　白肉種　果肉,78.5,0.5,0.1,1.4,0.3,82,3,9,4,80,4,0.2,0.2,0.04,0.03,-,-,(0),(0),1.2,0.01,0.02,0.3,0.01,(0),4,0.07,"{""baseName"":""白肉種"",""variety"":""果肉"",""part"":""もも"",""state"":""缶詰"",""notes"":[""もも類""]}",缶詰の桃果肉は種がなく与えやすい果物だがシロップの糖分を含む加工品である,7,1,1,(8.5),(14),(14),(3.0),(4.3),(7.2),(7.5),(4.8),(12),(12),(2.0),(12),(6.5),(7.0),(0.07),(0.04),(0),(0.04),(37),(0),(0),(0),(0),69.8,169929,4.1,"Peach, canned, white flesh, pulp"
07,07175,（もも類）　もも　缶詰　黄肉種　果肉,78.5,0.5,0.1,1.4,0.3,83,3,9,4,80,4,0.2,0.2,0.04,0.03,-,-,(0),(0),1.2,0.01,0.02,0.3,0.01,(0),4,0.07,"{""baseName"":""黄肉種"",""variety"":""果肉"",""part"":""もも"",""state"":""缶詰"",""notes"":[""もも類""]}",缶詰のもも果肉は果肉自体は許容されるがシロップ等で加工されている点に注意。,6,1,0,(16),(18),(18),(3.5),(5.9),(9.3),(10),(8.6),(19),(14),(3.2),(14),(8.4),(11),,,,,,,,,,69.8,169929,4.1,"Peach, canned, yellow flesh, solids"
07,07139,（もも類）　もも　缶詰　液汁,79.5,0.3,0.1,0.3,0.3,81,2,7,4,80,4,0.2,0.1,0.04,0.03,-,-,0,(0),0,0.01,0.01,0.3,0.01,(0),3,0,"{""baseName"":""液汁"",""part"":""もも"",""state"":""缶詰"",""notes"":[""もも類""]}",缶詰ももの果肉・液汁は果実として与えられるが糖分を含む加工品である,7,0,0,,,,,,,,,,,,,,,,,,,,,,,,70.15,169929,4.1,"Peach, canned, juice"
07,07140,（もも類）　ネクタリン　生,87.8,0.7,0.3,1.7,0.5,39,5,16,1,210,10,0.2,0.1,0.08,0.06,-,-,(0),(0),1.4,0.02,0.03,0.7,0.01,(0),12,0.20,"{""baseName"":""ネクタリン"",""state"":""生"",""notes"":[""もも類""]}",ネクタリンの果肉は安全で、種や果皮を除けば犬の果物素材として適切。,8,1,1,(5.9),(9.2),(11),(4.0),(3.3),(7.3),(14),(4.6),(18),(5.9),(3.3),(8.6),(5.3),(5.9),(0.21),(0.11),(Tr),(0.10),(100),(2),(0),(0),(0),36.5,169914,6.2,"Nectarine, raw"
07,07141,やまもも　生,87.8,0.5,0.2,1.1,0.2,47,4,5,4,120,7,0.4,0.1,0.03,0.22,-,-,(0),(0),0.3,0.04,0.03,0.3,0.05,0,26,0.21,"{""baseName"":""やまもも"",""state"":""生""}",やまもも（果肉）は一般に与えて問題ない果物で素材として使用可能,7,0,0,,,,,,,,,,,,,,,,,,,,,,,,39.15,169915,,"Bayberry, raw"
07,07144,ライチー　生,82.1,1.0,0.1,0.9,0.4,61,2,22,Tr,170,13,0.2,0.2,0.14,0.17,-,-,(0),(0),0.1,0.02,0.06,1.0,0.09,0,100,0,"{""baseName"":""ライチー"",""state"":""生""}",ライチは糖分が高い果物だが果肉は与えられる場合がある（種は除去）。,6,1,1,(20),(41),(35),(9.9),(0),(9.9),(23),(19),(42),(26),(0),(44),(9.2),(27),(0.08),(0.03),(0.01),(0.02),(15),(15),(0),(0),(0),58.6,169086,7.1,"Lychee, raw"
07,07146,ラズベリー　生,88.2,1.1,0.1,4.7,0.4,36,22,29,1,150,21,0.7,0.4,0.12,0.50,-,-,(0),(0),0.8,0.02,0.04,0.6,0.07,0,38,0.43,"{""baseName"":""ラズベリー"",""state"":""生""}",ラズベリーは抗酸化物質を含む安全な果実で、適量であれば犬のレシピ素材として適している。,8,0,0,,,,,,,,,,,,,,,,,,,,,,,,23.95,167755,12.3,"Raspberry, raw"
07,07147,りゅうがん　乾,19.4,5.1,0.4,2.8,2.2,310,30,94,2,1000,43,1.7,0.7,0.68,0.20,-,-,0,(0),0.1,0.03,0.74,2.5,0.20,(0),20,0,"{""baseName"":""りゅうがん"",""state"":""乾""}",竜眼（乾）は果肉自体は問題ないが、乾燥品は糖分が凝縮している点に注意が必要です。,7,1,1,(100),(210),(180),(51),(0),(51),(120),(97),(210),(130),(0),(230),(47),(140),(0.32),(0.12),(0.06),(0.06),(61),(59),(0),(0),(0),266.6,169907,,"Longan, dried"
07,07148,りんご　皮なし　生,84.1,0.1,0.2,1.4,0.2,53,3,12,Tr,120,3,0.1,Tr,0.05,0.02,0,0,(0),(0),0.1,0.02,Tr,0.1,0.04,(0),2,0.03,"{""baseName"":""りんご"",""formModifiers"":[""皮なし""],""state"":""生""}",りんごの果肉は犬に安全な果物で、皮・芯が除去されているため与えやすい,9,1,1,3.8,5.7,5.0,1.7,2.3,4.0,3.1,1.3,4.4,3.8,0.9,4.3,2.1,2.7,0.05,0.03,Tr,0.03,29,2,-,-,0,51.05,171689,3.4,"Apple, without skin, raw"
07,07176,りんご　皮つき　生,83.1,0.2,0.3,1.9,0.2,56,4,12,Tr,120,5,0.1,0.1,0.05,0.04,0,0,(0),(0),0.4,0.02,0.01,0.1,0.04,(0),3,0.05,"{""baseName"":""りんご"",""formModifiers"":[""皮つき""],""state"":""生""}",りんごの果肉はビタミン・食物繊維が豊富で安全。芯と種は除去する必要がある,9,1,1,(3.5),(7.5),(6.9),(0.6),(0.6),(1.2),(3.5),(0.6),(4.0),(3.5),(0.6),(6.9),(2.9),(3.5),(0.13),(0.08),(0.01),(0.06),(63),(13),(0),(0),(0),53.3,171689,3.4,"Apple, with skin, raw"
07,07180,りんご　皮つき　焼き,77.2,0.2,0.4,2.5,0.3,86,5,17,1,170,7,0.1,0.1,0.07,0.05,1,0,(0),(0),0.7,0.03,0.01,0.1,0.06,(0),4,0.05,"{""baseName"":""りんご"",""formModifiers"":[""皮つき""],""state"":""焼き""}",焼きりんごは消化しやすく果肉は犬に適する（芯・種は除去）,8,1,0,(5.4),(12),(11),(0.9),(0.9),(1.8),(5.4),(0.9),(6.3),(5.4),(0.9),(11),(4.5),(5.4),,,,,,,,,,72,173929,3.4,"Apple, with skin, baked"
07,07149,りんご　果実飲料　ストレートジュース,87.7,0.2,0.1,Tr,0.2,43,2,6,3,77,3,0.4,Tr,0.03,0.03,0,0,(0),(0),0.1,0.01,0.01,0.1,0.03,(0),3,0.21,"{""baseName"":""りんご"",""variety"":""果実飲料 ストレートジュース""}",りんご由来のストレートジュースは果実由来で犬に与えやすく栄養源として適切（糖分は適量で）。,8,0,1,,,,,,,,,,,,,,,(0.03),(0.02),(Tr),(0.02),(19),(1),-,-,(0),42.85,173933,1.8,"Apple juice, not from concentrate"
07,07150,りんご　果実飲料　濃縮還元ジュース,88.1,0.1,0.2,Tr,0.2,47,3,9,6,110,4,0.1,Tr,0.02,0.04,-,-,(0),(0),0.1,Tr,Tr,0.1,0.02,(0),2,0.11,"{""baseName"":""りんご"",""variety"":""果実飲料 濃縮還元ジュース""}",りんごの濃縮還元ジュースは加工飲料で繊維が少なく糖分が高めのため素材としてはやや劣る,5,0,1,,,,,,,,,,,,,,,(0.06),(0.04),(Tr),(0.04),(39),(3),-,-,(0),41.95,167771,1.8,"Apple juice, from concentrate"
07,07151,りんご　果実飲料　50%果汁入り飲料,88.3,0.1,Tr,0,0.1,46,2,4,2,55,2,0.1,Tr,0.01,0.01,-,-,0,(0),Tr,0,0,0,0.01,(0),1,0,"{""baseName"":""りんご"",""variety"":""果実飲料 50%果汁入り飲料""}",りんご果汁を主体とした飲料で果実由来の風味はあるが加工飲料のため使用は控えめが望ましい。,6,0,1,,,,,,,,,,,,,,,(0.01),(0.01),(0),(0.01),(8),(1),-,-,(0),40.6,174112,1.8,"Apple drink, 50% juice"
07,07152,りんご　果実飲料　30%果汁入り飲料,88.5,Tr,Tr,0,0.1,46,2,3,8,24,1,Tr,Tr,0.01,0.01,-,-,0,(0),0,0,0,0,0.01,(0),0,0,"{""baseName"":""りんご"",""variety"":""果実飲料 30%果汁入り飲料""}",りんご果汁飲料は果実由来だが糖分が高く繊維が少ない加工飲料で、素材としては限定的な利用が望ましい。,6,0,1,,,,,,,,,,,,,,,(0.01),(Tr),(0),(Tr),(4),(Tr),-,-,(0),39.9,174857,,"Apple drink, 30% juice"
07,07153,りんご　缶詰,79.4,0.3,0.1,0.4,0.1,81,4,4,2,30,2,0.2,0.1,0.02,0.01,-,-,0,(0),0.1,0.01,0.01,0.1,0.01,(0),3,0,"{""baseName"":""りんご"",""state"":""缶詰""}",りんごの果肉は犬に適するが缶詰は加工糖分が多い点に注意,8,1,1,(12),(18),(18),(3.3),(3.3),(6.7),(8.3),(5.0),(13),(12),(3.3),(13),(5.0),(10),(0.03),(0.02),(Tr),(0.02),(19),(1),-,-,(0),70.85,168822,2.8,"Apple, canned"
07,07154,りんご　ジャム,46.9,0.2,0.1,0.8,0.1,203,6,4,7,33,2,0,Tr,0.02,0.01,1,0,(0),(0),0.1,0.01,0,0,0.03,(0),1,0,"{""baseName"":""りんご"",""variety"":""ジャム""}",りんご自体は安全だがジャムは加工品で糖分が高めのため素材としてはやや加工度が高い。,6,1,1,(6.1),(9.4),(8.3),(2.8),(3.7),(6.5),(5.1),(2.0),(7.1),(5.9),(1.5),(7.0),(3.5),(4.4),(0.03),(0.02),(Tr),(0.02),(19),(1),-,-,(0),183.2,170959,1.8,Apple jam
08,08001,えのきたけ　生,88.6,2.7,0.2,3.9,0.9,34,Tr,110,2,340,15,1.1,0.6,0.10,0.07,0,1,0,0.9,0,0.24,0.17,6.8,0.12,(0),75,1.40,"{""baseName"":""えのきたけ"",""state"":""生""}",えのきは食用のきのこで一般に安全に使える,8,1,1,80,130,120,24,26,50,110,86,200,100,34,100,69,89,0.10,0.08,0.02,0.05,51,24,0,0,0,24.1,169382,47.7,"Enoki mushroom, raw"
08,08002,えのきたけ　ゆで,88.6,2.8,0.1,4.5,0.7,34,Tr,110,2,270,11,1.0,0.6,0.06,0.05,(0),2,0,0.8,(0),0.19,0.13,3.7,0.09,(0),30,0.96,"{""baseName"":""えのきたけ"",""state"":""ゆで""}",ゆでえのきだけは消化しやすいきのこ類で、加熱済みで犬に与えやすい素材である。,8,1,1,(81),(130),(120),(25),(27),(51),(110),(86),(200),(100),(35),(100),(71),(91),(0.05),(0.04),(0.01),(0.03),(26),(12),(0),(0),(0),22.2,169382,47.7,"Enoki mushroom, boiled"
08,08037,えのきたけ　油いため,83.3,3.0,3.9,4.6,1.0,71,Tr,120,3,380,16,1.2,0.6,0.11,0.08,-,-,(0),0.8,(0.6),0.26,0.18,7.2,0.10,(0),47,1.47,"{""baseName"":""えのきたけ"",""state"":""油いため""}",えのきは犬が食べられるキノコであるが、油いためは脂質が増えるため調整が必要,8,1,1,(86),(140),(130),(26),(28),(55),(120),(91),(210),(110),(37),(110),(75),(97),(3.52),(1.04),(0.30),(0.74),(740),(300),(0),(0),(0),58.35,168435,59.4,"Enoki mushroom, stir-fried"
08,08003,えのきたけ　味付け瓶詰,74.1,3.6,0.3,4.1,5.1,76,10,150,1700,320,26,0.8,0.6,0.08,0.24,-,3,0,0.1,(0),0.26,0.17,4.4,0.09,(0),39,1.04,"{""baseName"":""えのきたけ"",""variety"":""味付け瓶詰""}",味付けえのき（瓶詰）は加工調味がされており塩分や添加物に注意が必要です。,5,1,1,130,190,150,30,25,55,130,73,210,130,27,150,75,120,(0.15),(0.11),(0.04),(0.08),(77),(36),(0),(0),(0),59.95,169382,47.7,"Enoki mushroom, seasoned, bottled"
08,08054,（きくらげ類）　あらげきくらげ　生,93.6,0.7,0.1,5.6,0.2,14,10,16,7,59,9,0.1,0.1,0.01,0.02,Tr,1,(0),0.1,(0),-,0.05,0.4,0.01,Tr,5,0.10,"{""baseName"":""あらげきくらげ"",""state"":""生"",""notes"":[""きくらげ類""]}",きくらげは毒性がなく食物繊維が豊富で犬の素材として適している,8,1,1,26,47,29,6.2,8.5,15,28,19,46,40,11,39,16,40,0.05,0.02,0,0.02,23,1,0,0,0,3.3,169242,,"Wood ear mushroom, raw"
08,08004,（きくらげ類）　あらげきくらげ　乾,13.1,6.9,0.7,79.5,2.2,184,82,110,46,630,110,10.0,0.8,0.18,1.15,25,10,(0),130.0,(0),0.01,0.44,1.7,0.08,(0),15,0.61,"{""baseName"":""あらげきくらげ"",""state"":""乾"",""notes"":[""きくらげ類""]}",乾燥あらげきくらげは食物繊維が豊富な安全なきのこ類で素材として使いやすい,8,1,1,220,440,230,62,87,150,310,160,470,370,130,340,130,300,0.38,0.19,0.01,0.18,180,12,0,0,0,30.1,168581,,"Wood ear mushroom, dried"
08,08005,（きくらげ類）　あらげきくらげ　ゆで,82.3,1.2,0.1,16.3,0.3,38,35,11,10,75,24,1.7,0.1,0.04,0.20,1,2,(0),25.0,(0),0,0.07,0.1,0.01,(0),1,0,"{""baseName"":""あらげきくらげ"",""state"":""ゆで"",""notes"":[""きくらげ類""]}",ゆでたきくらげは食物繊維が豊富で加熱済みのため素材として適している,8,1,1,(37),(75),(40),(11),(15),(26),(53),(26),(79),(60),(23),(56),(23),(51),(0.06),(0.03),(Tr),(0.03),(26),(2),(0),(0),(0),5.05,169237,,"Wood ear mushroom, boiled"
08,08038,（きくらげ類）　あらげきくらげ　油いため,64.2,2.3,5.2,28.6,0.6,110,29,18,11,130,37,4.3,0.3,0.06,0.33,-,-,(0),38.0,(0.8),0,0.11,0.1,0.02,(0),4,0.06,"{""baseName"":""あらげきくらげ"",""state"":""油いため"",""notes"":[""きくらげ類""]}",あらげきくらげ（油いため）は栽培されたきくらげで安全性が高く使用可能,7,1,1,(70),(140),(76),(20),(28),(49),(100),(50),(150),(110),(43),(110),(44),(97),(4.75),(1.36),(0.38),(0.98),(980),(380),(0),(0),(0),52.25,168435,59.4,"Wood ear mushroom, stir-fried"
08,08006,（きくらげ類）　きくらげ　乾,14.9,7.9,2.1,57.4,4.0,216,310,230,59,1000,210,35.0,2.1,0.31,6.18,7,9,(0),85.0,0,0.19,0.87,3.2,0.10,(0),87,1.14,"{""baseName"":""きくらげ"",""state"":""乾"",""notes"":[""きくらげ類""]}",きくらげ（乾）は食物繊維源として問題なく使用できます。,8,1,1,260,500,340,90,92,180,310,220,530,430,140,370,200,370,1.24,0.62,0.01,0.60,600,14,0,0,0,93.45,168581,,"Cloud ear mushroom, dried"
08,08007,（きくらげ類）　きくらげ　ゆで,93.8,0.6,0.2,5.2,0.2,14,25,10,9,37,27,0.7,0.2,0.03,0.53,0,Tr,(0),8.8,(0),0.01,0.06,Tr,0.01,(0),2,0,"{""baseName"":""きくらげ"",""state"":""ゆで"",""notes"":[""きくらげ類""]}",ゆできくらげ。食物繊維が豊富で調理済みのため利用しやすい素材。,8,1,1,(19),(38),(26),(6.7),(6.9),(14),(23),(16),(39),(30),(10),(27),(15),(27),(0.12),(0.06),(Tr),(0.06),(58),(1),(0),(0),(0),3.8,168581,,"Cloud ear mushroom, boiled"
08,08008,（きくらげ類）　しろきくらげ　乾,14.6,4.9,0.7,68.7,5.3,170,240,260,28,1400,67,4.4,3.6,0.10,0.18,0,1,0,15.0,(0),0.12,0.70,2.2,0.10,(0),76,1.37,"{""baseName"":""しろきくらげ"",""state"":""乾"",""notes"":[""きくらげ類""]}",しろきくらげの乾物は安全な食用キノコで食物繊維源として利用できる,8,1,1,160,270,210,57,110,170,170,180,360,250,89,220,90,350,0.48,0.15,Tr,0.15,150,1,0,0,0,43.4,168581,,"White fungus, dried"
08,08009,（きくらげ類）　しろきくらげ　ゆで,92.6,0.4,Tr,6.4,0.3,15,27,11,2,79,8,0.2,0.3,0.01,0.01,0,0,0,1.2,(0),0,0.05,Tr,0.01,(0),1,0,"{""baseName"":""しろきくらげ"",""state"":""ゆで"",""notes"":[""きくらげ類""]}",しろきくらげ（ゆで）は食物繊維や食感の素材として利用可能で安全性が高い,8,1,0,(13),(22),(17),(4.6),(8.9),(14),(14),(14),(29),(19),(7.2),(18),(7.3),(28),,,,,,,,,,2.45,169233,,"White fungus, boiled"
08,08010,くろあわびたけ　生,90.2,3.7,0.4,4.1,0.8,28,2,100,3,300,18,0.5,0.7,0.15,0.07,0,3,0,0.3,0,0.21,0.22,2.9,0.09,(0),65,1.32,"{""baseName"":""くろあわびたけ"",""state"":""生""}",くろあわびたけなどの栽培食用きのこは一般に犬が摂取して問題ない素材である。,8,1,1,(120),(190),(160),(28),(31),(59),(130),(110),(240),(140),(42),(150),(73),(180),(0.15),(0.11),(0),(0.11),(110),(Tr),(0),(0),(0),19.15,169382,47.7,"Black abalone mushroom, raw"
08,08039,しいたけ　生しいたけ　菌床栽培　生,89.6,3.1,0.3,4.9,0.6,25,1,87,1,290,14,0.4,0.9,0.10,0.21,0,5,0,0.3,0,0.13,0.21,3.4,0.21,0,49,1.21,"{""baseName"":""しいたけ"",""variety"":""生しいたけ"",""productionMethod"":""菌床栽培"",""state"":""生""}",生しいたけは食用きのこで風味と食物繊維を提供する安全な素材,8,1,1,110,160,150,28,21,48,100,77,180,130,39,130,59,140,0.19,0.15,0,0.15,150,Tr,0,0,0,18.65,169242,,"Shiitake mushroom, cultivated, raw"
08,08040,しいたけ　生しいたけ　菌床栽培　ゆで,91.5,2.5,0.4,4.4,0.5,22,1,65,1,200,11,0.3,0.8,0.06,0.16,-,-,(0),0.5,(0),0.08,0.11,2.0,0.12,(0),14,0.71,"{""baseName"":""しいたけ"",""variety"":""生しいたけ"",""productionMethod"":""菌床栽培"",""state"":""ゆで""}",栽培椎茸のゆで品は安全なきのこ類で犬のレシピ素材として適切,8,1,1,(83),(130),(120),(22),(17),(39),(82),(60),(140),(100),(32),(100),(47),(110),(0.25),(0.19),(0),(0.19),(190),(Tr),(0),(0),(0),14.6,169242,,"Shiitake mushroom, cultivated, boiled"
08,08041,しいたけ　生しいたけ　菌床栽培　油いため,84.7,3.3,4.1,4.7,0.7,65,2,92,1,300,16,0.4,1.0,0.09,0.24,-,-,(0),0.5,(0.6),0.16,0.18,3.3,0.18,(0),20,1.28,"{""baseName"":""しいたけ"",""variety"":""生しいたけ"",""productionMethod"":""菌床栽培"",""state"":""油いため""}",しいたけ（油炒め）は栽培しいたけは一般に安全な野菜性素材だが油調理で脂質が増す,7,1,1,(110),(170),(160),(28),(21),(50),(110),(77),(180),(130),(41),(130),(61),(140),(3.66),(1.13),(0.28),(0.85),(850),(280),(0),(0),(0),55.15,168435,59.4,"Shiitake mushroom, cultivated, stir-fried"
08,08057,しいたけ　生しいたけ　菌床栽培　天ぷら,64.1,3.4,14.0,4.4,0.6,201,40,84,32,230,13,0.3,0.7,0.08,0.25,0,4,-,0.3,2.4,0.11,0.18,2.4,0.13,0,12,0.94,"{""baseName"":""しいたけ"",""variety"":""生しいたけ"",""productionMethod"":""菌床栽培"",""state"":""天ぷら""}",しいたけ自体は安全だが、天ぷらのような揚げ調理は脂質が高く加工度も高いため素材としては制約がある,4,0,1,,,,,,,,,,,,,,,13.08,3.79,1.18,2.60,2600,1200,0,0,0,178.15,168435,59.4,"Shiitake mushroom, cultivated, tempura"
08,08042,しいたけ　生しいたけ　原木栽培　生,88.3,3.1,0.4,5.5,0.7,34,2,61,1,270,16,0.4,0.7,0.06,0.27,0,1,(0),0.4,(0),0.13,0.22,3.4,0.19,(0),75,0.95,"{""baseName"":""しいたけ"",""variety"":""生しいたけ"",""productionMethod"":""原木栽培"",""state"":""生""}",生しいたけは食用のキノコで、犬のレシピ素材として問題なく利用できる,8,1,1,99,160,140,28,34,62,96,75,170,130,37,120,53,140,0.21,0.16,0,0.16,160,Tr,0,0,Tr,21.25,169242,,"Shiitake mushroom, log-grown, raw"
08,08043,しいたけ　生しいたけ　原木栽培　ゆで,90.8,2.4,0.4,4.8,0.4,27,1,45,Tr,170,10,0.2,0.5,0.05,0.19,-,-,(0),0.4,(0),0.06,0.12,2.0,0.10,(0),25,0.56,"{""baseName"":""しいたけ"",""variety"":""生しいたけ"",""productionMethod"":""原木栽培"",""state"":""ゆで""}",しいたけ（ゆで）は安全で風味付けや食物繊維源として適切,9,1,1,(76),(120),(110),(22),(26),(48),(75),(57),(130),(93),(29),(95),(42),(110),(0.25),(0.19),(0),(0.19),(190),(Tr),(0),(0),(Tr),16,170097,80,"Shiitake mushroom, log-grown, boiled"
08,08044,しいたけ　生しいたけ　原木栽培　油いため,81.3,3.8,5.4,6.4,0.7,84,2,75,1,330,18,0.4,0.7,0.08,0.32,-,-,(0),0.5,(0.8),0.14,0.26,4.4,0.18,(0),51,1.15,"{""baseName"":""しいたけ"",""variety"":""生しいたけ"",""productionMethod"":""原木栽培"",""state"":""油いため""}",原木栽培の生しいたけは一般に安全な食用きのこで、油いためは風味は強くなるが素材として使える。,8,1,1,(120),(190),(170),(34),(40),(74),(120),(87),(200),(140),(44),(150),(64),(160),(4.91),(1.49),(0.38),(1.12),(1100),(380),(0),(0),(Tr),67.6,168435,59.4,"Shiitake mushroom, log-grown, stir-fried"
08,08013,しいたけ　乾しいたけ　乾,9.1,21.2,2.8,46.7,4.4,258,12,290,14,2200,100,3.2,2.7,0.60,0.96,4,5,0,17.0,0,0.48,1.74,19.0,0.49,-,270,8.77,"{""baseName"":""しいたけ"",""variety"":""乾しいたけ"",""state"":""乾""}",乾しいたけは栽培されたきのこで安全に利用でき、風味付けとして有用,8,1,1,680,1100,1000,240,260,510,700,440,1100,900,260,840,400,860,(1.60),(1.22),(Tr),(1.22),(1200),(1),(0),(0),(1),153.3,168436,201.7,"Shiitake mushroom, dried"
08,08014,しいたけ　乾しいたけ　ゆで,86.2,3.1,0.3,6.7,0.5,40,4,38,3,200,9,0.5,0.3,0.07,0.12,0,1,0,1.4,-,0.05,0.26,2.0,0.07,-,35,0.86,"{""baseName"":""しいたけ"",""variety"":""乾しいたけ"",""state"":""ゆで""}",乾しいたけをゆでたものは安全なきのこ類で風味や栄養の補助素材として使える。,8,1,1,(96),(160),(150),(35),(38),(74),(100),(62),(160),(120),(38),(120),(58),(120),(0.17),(0.13),(0),(0.13),(130),(Tr),(0),(0),(Tr),24.6,169242,,"Shiitake mushroom, dried, boiled"
08,08053,しいたけ　乾しいたけ　甘煮,64.7,3.3,0.4,6.7,2.7,116,13,44,1000,90,14,0.7,0.9,0.09,0.25,2,3,0,0.2,0,0.01,0.06,0.6,0.04,Tr,11,0.10,"{""baseName"":""しいたけ"",""variety"":""乾しいたけ 甘煮""}",乾しいたけの甘煮はキノコ由来で風味付けに使えるが、甘味や調味料が加わっている点に注意。,7,1,0,130,200,140,34,23,57,120,63,190,130,31,140,60,120,,,,,,,,,,92.65,170097,80,"Shiitake mushroom, dried, sweet simmered"
08,08015,（しめじ類）　はたけしめじ　生,92.0,2.6,0.3,2.7,0.7,25,1,64,4,260,8,0.6,0.4,0.13,0.14,-,-,(0),0.9,0,0.12,0.44,5.3,0.11,(0),20,2.08,"{""baseName"":""はたけしめじ"",""state"":""生"",""notes"":[""しめじ類""]}",食用のしめじ類で野菜やきのこの代替として使いやすい,8,0,0,,,,,,,,,,,,,,,,,,,,,,,,17.6,169382,47.7,"Hatake shimeji mushroom, raw"
08,08045,（しめじ類）　はたけしめじ　ゆで,91.3,2.6,0.3,4.6,0.6,25,1,61,3,200,8,0.5,0.4,0.13,0.13,-,-,(0),1.1,(0),0.08,0.28,3.6,0.07,(0),6,1.53,"{""baseName"":""はたけしめじ"",""state"":""ゆで"",""notes"":[""しめじ類""]}",はたけしめじ（ゆで）は加熱済みのきのこで犬の素材として適している。,8,0,0,,,,,,,,,,,,,,,,,,,,,,,,13.75,168435,59.4,"Hatake shimeji mushroom, boiled"
08,08016,（しめじ類）　ぶなしめじ　生,91.1,2.7,0.5,3.0,0.9,26,1,96,2,370,11,0.5,0.5,0.06,0.16,1,2,0,0.5,0,0.15,0.17,6.1,0.09,0.1,29,0.81,"{""baseName"":""ぶなしめじ"",""state"":""生"",""notes"":[""しめじ類""]}",ぶなしめじは一般的に犬が食べられるきのこ類で素材として適している。,8,1,1,80,130,120,17,25,41,80,61,140,100,19,100,50,150,0.22,0.15,0,0.15,150,1,0,0,0,20,169382,47.7,"Buna shimeji mushroom, raw"
08,08017,（しめじ類）　ぶなしめじ　ゆで,91.1,2.7,0.2,4.2,0.7,22,2,90,2,280,9,0.4,0.6,0.05,0.16,0,2,0,0.9,(0),0.12,0.10,4.2,0.06,(0),24,1.07,"{""baseName"":""ぶなしめじ"",""state"":""ゆで"",""notes"":[""しめじ類""]}",ぶなしめじは栽培品のきのこで、加熱済みなら犬にとって安全な食材。,8,1,1,(80),(130),(120),(16),(26),(42),(80),(59),(140),(97),(19),(100),(48),(150),(0.10),(0.07),(0),(0.07),(71),(Tr),(0),(0),(0),15,168435,59.4,"Buna shimeji mushroom, boiled"
08,08046,（しめじ類）　ぶなしめじ　油いため,85.9,3.0,5.5,3.7,0.8,65,1,110,2,420,12,0.6,0.6,0.06,0.18,-,-,(0),0.5,(0.6),0.17,0.19,6.5,0.09,(0),28,0.73,"{""baseName"":""ぶなしめじ"",""state"":""油いため"",""notes"":[""しめじ類""]}",ぶなしめじの油炒めは栽培きのこで安全だが、油分の量に注意して使うべき調理済み素材。,8,1,1,(88),(140),(130),(18),(29),(46),(88),(64),(150),(110),(21),(110),(53),(160),(4.68),(1.45),(0.35),(1.10),(1100),(350),(0),(0),(0),61.1,168435,59.4,"Buna shimeji mushroom, stir-fried"
08,08055,（しめじ類）　ぶなしめじ　素揚げ,70.5,3.9,14.3,6.2,1.2,168,1,130,2,570,15,1.1,0.8,0.07,0.24,0,3,(0),0.4,2.8,0.20,0.26,7.0,0.11,Tr,30,1.19,"{""baseName"":""ぶなしめじ"",""state"":""素揚げ"",""notes"":[""しめじ類""]}",ぶなしめじ（素揚げ）は栽培品のキノコで食用可能だが揚げ調理は脂質が高め。,7,1,1,120,200,170,31,35,67,120,90,210,160,47,150,74,230,13.30,4.02,1.18,2.82,2800,1200,0,0,0,148.85,168435,59.4,"Buna shimeji mushroom, deep-fried"
08,08056,（しめじ類）　ぶなしめじ　天ぷら,55.5,3.4,17.1,4.8,0.8,248,58,78,46,230,10,0.5,0.3,0.05,0.21,1,1,0,0.2,3.0,0.09,0.18,3.0,0.06,0,13,0.42,"{""baseName"":""ぶなしめじ"",""state"":""天ぷら"",""notes"":[""しめじ類""]}",ぶなしめじの天ぷらは揚げ物で脂質や衣の加工があるため犬の素材としては不向きな面がある,3,1,1,110,210,99,45,58,100,140,96,240,110,39,140,68,150,15.83,4.71,1.41,3.29,3300,1400,0,0,0,221.65,168435,59.4,"Buna shimeji mushroom, tempura"
08,08018,（しめじ類）　ほんしめじ　生,93.6,2.5,0.4,1.9,0.6,21,2,76,1,310,8,0.6,0.7,0.32,0.18,-,-,(0),0.6,(0),0.07,0.28,5.1,0.19,(0),24,1.59,"{""baseName"":""ほんしめじ"",""state"":""生"",""notes"":[""しめじ類""]}",ほんしめじ（生）は一般的な食用きのこであり、調理して与えれば素材として問題ない,7,0,0,,,,,,,,,,,,,,,,,,,,,,,,15.65,169382,47.7,"Hon shimeji mushroom, raw"
08,08047,（しめじ類）　ほんしめじ　ゆで,92.1,2.8,0.6,3.3,0.5,26,2,67,1,210,8,0.6,0.9,0.29,0.17,-,-,(0),1.2,(0),0.06,0.17,3.7,0.11,(0),11,1.11,"{""baseName"":""ほんしめじ"",""state"":""ゆで"",""notes"":[""しめじ類""]}",ほんしめじのゆで品は栽培きのこで加熱済みのため消化しやすく与えやすい,8,0,0,,,,,,,,,,,,,,,,,,,,,,,,17.35,168435,59.4,"Hon shimeji mushroom, boiled"
08,08019,たもぎたけ　生,91.7,3.6,0.3,3.3,0.7,23,2,85,1,190,11,0.8,0.6,0.32,0.06,1,4,0,0.8,0,0.17,0.33,12.0,0.12,(0),80,1.32,"{""baseName"":""たもぎたけ"",""state"":""生""}",栽培された食用きのこで、適切な種類であれば犬のレシピ素材として使える,8,1,1,(110),(180),(150),(27),(30),(57),(120),(110),(230),(140),(41),(150),(71),(170),(0.11),(0.08),(0),(0.08),(80),(Tr),(0),(0),(0),16.55,169382,47.7,"Tamogi mushroom, raw"
08,08020,なめこ　株採り　生,92.1,1.8,0.2,3.4,0.5,21,4,68,3,240,10,0.7,0.5,0.11,0.06,Tr,2,(0),0,0,0.07,0.12,5.3,0.05,Tr,60,1.29,"{""baseName"":""なめこ"",""variety"":""株採り"",""state"":""生""}",なめこは可食のきのこで犬に与えやすく、レシピ素材として適している,8,1,1,62,98,66,18,15,33,38,20,58,79,11,77,36,79,0.11,0.07,0,0.07,71,0,0,0,0,15,169382,47.7,"Nameko mushroom, cluster, raw"
08,08021,なめこ　株採り　ゆで,92.7,1.6,0.1,2.8,0.5,22,4,56,3,210,10,0.6,0.5,0.12,0.06,-,-,(0),0,(0),0.06,0.10,4.7,0.04,(0),67,1.33,"{""baseName"":""なめこ"",""variety"":""株採り"",""state"":""ゆで""}",なめこ（ゆで）は食用きのこで調理済みのため犬の素材として適している,8,1,1,(55),(88),(59),(16),(13),(30),(34),(17),(51),(67),(10),(68),(32),(70),(0.06),(0.04),(0),(0.04),(39),(0),(0),(0),(0),14.5,169382,47.7,"Nameko mushroom, whole, boiled"
08,08058,なめこ　カットなめこ　生,94.9,1.1,0.1,1.9,0.3,14,2,36,3,130,6,0.5,0.4,0.04,0.04,0,1,0,0,0,0.03,0.08,3.5,0.04,0.1,57,0.48,"{""baseName"":""なめこ"",""variety"":""カットなめこ"",""state"":""生""}",なめこは一般的な食用きのこで犬のレシピ素材として問題なく使える。,8,1,1,36,69,51,8.5,9.4,18,40,26,66,52,12,51,24,55,0.06,0.04,0,0.04,42,0,0,0,0,10.65,169382,47.7,"Nameko mushroom, sliced, raw"
08,08022,なめこ　水煮缶詰,95.5,1.0,0.1,2.5,0.2,13,3,39,8,100,5,0.8,0.5,0.04,0.08,0,2,0,0.1,(0),0.03,0.07,2.1,0.02,(0),13,0.52,"{""baseName"":""なめこ"",""state"":""水煮缶詰""}",なめこの水煮は食用きのこで調理済みのため利用しやすい,8,1,1,(34),(55),(37),(10),(8.3),(19),(21),(11),(32),(42),(6.4),(42),(20),(44),(0.05),(0.03),(0),(0.03),(34),(0),(0),(0),(0),6.8,169254,20.4,"Nameko mushroom, canned, boiled"
08,08023,ぬめりすぎたけ　生,92.6,2.3,0.4,2.5,0.6,23,1,65,1,260,9,0.6,0.4,0.19,0.05,1,2,0,0.4,0,0.16,0.34,5.9,0.08,(0),19,1.77,"{""baseName"":""ぬめりすぎたけ"",""state"":""生""}",食用のきのこ類で、栄養価があり犬のレシピ素材として適している,8,1,1,(79),(130),(85),(24),(19),(43),(49),(25),(74),(96),(15),(97),(47),(100),(0.21),(0.14),(0),(0.14),(140),(Tr),(0),(0),(0),17.05,169382,47.7,"Slippery jack mushroom, raw"
08,08024,（ひらたけ類）　うすひらたけ　生,88.0,6.1,0.2,3.8,0.9,37,2,110,1,220,15,0.6,0.9,0.15,0.11,1,7,0,2.4,0,0.30,0.41,6.9,0.23,(0),100,2.44,"{""baseName"":""うすひらたけ"",""state"":""生"",""notes"":[""ひらたけ類""]}",うすひらたけ（生）は栽培された食用きのこで一般に安全に使える,7,1,1,(190),(310),(260),(46),(51),(96),(210),(180),(390),(230),(70),(250),(120),(290),(0.08),(0.05),(0),(0.05),(54),(Tr),(0),(0),(0),26.55,168580,48.7,"Oyster mushroom, thin, raw"
08,08025,（ひらたけ類）　エリンギ　生,90.2,2.8,0.4,3.4,0.7,31,Tr,89,2,340,12,0.3,0.6,0.10,0.06,1,2,(0),1.2,0,0.11,0.22,6.1,0.14,(0),65,1.16,"{""baseName"":""エリンギ"",""state"":""生"",""notes"":[""ひらたけ類""]}",エリンギ（生）は栽培されたきのこ類で、適切に調理すれば安全な素材,8,1,1,97,150,140,30,26,56,95,77,170,120,38,120,49,130,0.20,0.12,0,0.12,120,Tr,0,0,0,21.95,169382,47.7,"King oyster mushroom, raw"
08,08048,（ひらたけ類）　エリンギ　ゆで,89.3,3.2,0.5,4.8,0.5,32,Tr,88,2,260,10,0.3,0.7,0.09,0.06,-,-,(0),2.6,(0),0.08,0.16,4.2,0.10,(0),20,1.02,"{""baseName"":""エリンギ"",""state"":""ゆで"",""notes"":[""ひらたけ類""]}",ゆでたエリンギは一般的な食用きのこで、加熱調理されたものは犬の素材として適する。,8,1,1,(110),(180),(160),(34),(30),(64),(110),(86),(190),(130),(44),(140),(56),(150),(0.25),(0.15),(0),(0.15),(150),(Tr),(0),(0),(0),21.4,168435,59.4,"King oyster mushroom, boiled"
08,08049,（ひらたけ類）　エリンギ　焼き,85.3,4.2,0.5,5.4,1.0,41,Tr,130,3,500,17,0.4,0.9,0.15,0.11,-,-,(0),3.1,(0),0.18,0.31,9.1,0.17,(0),53,1.66,"{""baseName"":""エリンギ"",""state"":""焼き"",""notes"":[""ひらたけ類""]}",エリンギの加熱品は消化しやすく安全で、犬のレシピ素材として適しています。,8,1,1,(140),(230),(220),(45),(39),(84),(140),(110),(260),(170),(57),(180),(74),(200),(0.28),(0.17),(0),(0.17),(170),(Tr),(0),(0),(0),31.55,169243,32.8,"King oyster mushroom, grilled"
08,08050,（ひらたけ類）　エリンギ　油いため,84.2,3.2,3.7,4.2,0.8,69,Tr,100,3,380,13,0.3,0.7,0.11,0.07,-,-,(0),1.4,(0.5),0.13,0.24,6.8,0.13,(0),36,1.31,"{""baseName"":""エリンギ"",""state"":""油いため"",""notes"":[""ひらたけ類""]}",エリンギは安全なきのこ類で、油いためでも素材として使用できる,8,1,1,(110),(170),(160),(34),(29),(63),(110),(85),(190),(130),(43),(140),(56),(150),(3.31),(1.00),(0.25),(0.75),(750),(250),(0),(0),(0),56.3,168435,59.4,"King oyster mushroom, stir-fried"
08,08026,（ひらたけ類）　ひらたけ　生,89.4,3.3,0.3,2.6,0.8,34,1,100,2,340,15,0.7,1.0,0.15,0.16,0,6,0,0.3,(0),0.40,0.40,11.0,0.10,(0),92,2.40,"{""baseName"":""ひらたけ"",""state"":""生"",""notes"":[""ひらたけ類""]}",栽培されたひらたけは一般に安全で、犬の素材として利用可能,8,1,1,110,170,140,25,28,53,110,100,220,130,38,140,65,160,0.11,0.08,0,0.08,80,Tr,0,0,0,26.7,168580,48.7,"Oyster mushroom, raw"
08,08027,（ひらたけ類）　ひらたけ　ゆで,89.1,3.4,0.2,3.7,0.7,33,1,86,2,260,10,0.7,1.4,0.11,0.15,(0),-,0,0.5,(0),0.30,0.27,7.0,0.06,(0),71,2.36,"{""baseName"":""ひらたけ"",""state"":""ゆで"",""notes"":[""ひらたけ類""]}",ゆでたヒラタケは栽培種の食用きのこで、加熱済みのため犬のレシピ素材として適している。,8,1,1,(110),(170),(150),(26),(28),(54),(120),(100),(220),(130),(39),(140),(67),(160),(0.08),(0.05),(0),(0.05),(54),(Tr),(0),(0),(0),23.75,168580,48.7,"Oyster mushroom, boiled"
08,08028,まいたけ　生,92.7,2.0,0.5,3.5,0.6,22,Tr,54,0,230,10,0.2,0.7,0.22,0.04,0,2,(0),4.9,(0),0.09,0.19,5.0,0.06,(0),53,0.56,"{""baseName"":""まいたけ"",""state"":""生""}",まいたけ（生）は一般的に安全なきのこ類で、風味付けとして使用可能,8,1,1,58,67,85,13,20,33,60,59,120,87,26,86,42,87,0.27,0.14,Tr,0.14,140,1,0,0,0,13.7,169403,51.1,"Maitake mushroom, raw"
08,08029,まいたけ　ゆで,91.1,1.6,0.5,4.3,0.3,27,Tr,36,0,110,8,0.2,0.6,0.14,0.03,(0),3,(0),5.9,(0),0.04,0.07,1.8,0.03,(0),24,0.63,"{""baseName"":""まいたけ"",""state"":""ゆで""}",ゆでたまいたけは加熱済みの食用きのこで栄養源として利用しやすい,8,1,1,(46),(54),(69),(11),(16),(27),(49),(47),(96),(66),(21),(69),(34),(70),(0.31),(0.16),(Tr),(0.15),(150),(2),(0),(0),(0),17.55,169403,51.1,"Maitake mushroom, boiled"
08,08051,まいたけ　油いため,85.5,2.6,4.4,4.7,0.7,67,Tr,72,0,300,13,0.2,0.8,0.27,0.06,-,-,(0),7.7,(0.6),0.11,0.21,6.1,0.07,(0),57,0.80,"{""baseName"":""まいたけ"",""state"":""油いため""}",栽培まいたけは可食で加熱済みの調理品として安全に使える。,8,1,1,90,140,120,29,29,57,93,77,170,120,37,120,56,120,3.97,1.16,0.32,0.84,840,320,0,0,0,53.85,168435,59.4,"Maitake mushroom, stir-fried"
08,08030,まいたけ　乾,9.3,21.9,3.9,40.9,5.0,273,2,700,3,2500,100,2.6,6.9,1.78,0.47,1,14,(0),20.0,(0),1.24,1.92,64.0,0.28,(0),220,3.67,"{""baseName"":""まいたけ"",""state"":""乾""}",栽培まいたけは食物繊維や栄養があり犬の素材として利用可能,8,1,1,(630),(740),(940),(150),(220),(370),(660),(630),(1300),(900),(290),(930),(460),(950),(2.33),(1.18),(0.01),(1.17),(1200),(12),(0),(0),(0),176.3,168436,201.7,"Maitake mushroom, dried"
08,08031,マッシュルーム　生,93.9,2.9,0.3,2.0,0.8,15,3,100,6,350,10,0.3,0.4,0.32,0.04,1,14,0,0.3,0,0.06,0.29,3.0,0.11,(0),28,1.54,"{""baseName"":""マッシュルーム"",""state"":""生""}",栽培マッシュルームは一般に安全で、食物繊維やミネラル源として使える。,8,1,1,98,150,120,28,18,46,88,43,130,110,36,120,50,85,0.14,0.10,0,0.10,100,Tr,0,0,0,13.05,169251,17.3,"Mushroom, white, raw"
08,08032,マッシュルーム　ゆで,91.5,3.8,0.2,3.3,0.8,20,4,99,6,310,11,0.3,0.6,0.36,0.05,0,11,0,0.5,(0),0.05,0.28,2.7,0.08,(0),19,1.43,"{""baseName"":""マッシュルーム"",""state"":""ゆで""}",栽培マッシュルームのゆでは犬でも問題なく利用できる安全な野菜素材,8,1,1,(120),(190),(150),(36),(23),(59),(110),(54),(170),(140),(46),(150),(65),(110),(0.09),(0.07),(0),(0.07),(67),(0),(0),(0),(0),16.4,169251,17.3,"Mushroom, white, boiled"
08,08052,マッシュルーム　油いため,86.4,3.6,4.5,3.4,1.0,57,4,120,8,450,12,0.4,0.5,0.40,0.05,-,-,(0),0.8,(0.6),0.08,0.38,3.8,0.12,(0),23,1.67,"{""baseName"":""マッシュルーム"",""state"":""油いため""}",栽培マッシュルームは一般に安全だが、油で炒めてあるため脂質量に注意。,8,1,1,(120),(180),(140),(34),(22),(56),(110),(51),(160),(130),(44),(140),(62),(100),(4.04),(1.21),(0.31),(0.90),(900),(310),(0),(0),(0),54.7,169253,21.9,"Mushroom, white, stir-fried"
08,08059,マッシュルーム　ブラウン種　生,92.7,3.2,0.4,2.5,0.9,18,4,100,6,390,10,0.2,0.5,0.33,0.05,0,16,-,0,-,0.12,0.47,4.2,0.15,-,38,1.17,"{""baseName"":""マッシュルーム"",""variety"":""ブラウン種"",""state"":""生""}",栽培マッシュルームは一般に安全でビタミン・繊維源として使いやすい,8,1,1,100,160,120,31,19,50,94,57,150,120,39,120,54,99,0.23,0.17,0,0.17,170,Tr,0,0,0,15.65,169251,17.3,"Mushroom, brown, raw"
08,08033,マッシュルーム　水煮缶詰,92.0,3.4,0.2,3.2,1.1,18,8,55,350,85,5,0.8,1.0,0.19,0.04,1,5,0,0.4,(0),0.03,0.24,1.0,0.01,(0),2,0.11,"{""baseName"":""マッシュルーム"",""state"":""水煮缶詰""}",マッシュルーム（水煮缶）は栽培種のきのこで加熱処理済み、犬の素材として使いやすい。,8,1,1,(110),(170),(130),(32),(20),(53),(100),(48),(150),(120),(41),(130),(58),(97),(0.09),(0.07),(0),(0.07),(67),(0),(0),(0),(0),13.95,169254,20.4,"Mushroom, canned, boiled"
08,08034,まつたけ　生,88.3,2.0,0.6,4.7,0.9,32,6,40,2,410,8,1.3,0.8,0.24,0.12,3,82,0,0.6,(0),0.10,0.10,8.0,0.15,(0),63,1.91,"{""baseName"":""まつたけ"",""state"":""生""}",まつたけは食用のキノコで安全な素材。香り付けや少量の使用に向く。,8,1,1,56,96,78,15,22,37,60,47,110,80,17,70,38,72,0.22,0.06,0,0.06,57,Tr,0,0,0,24.35,169242,,"Matsutake mushroom, raw"
08,08036,やなぎまつたけ　生,92.8,2.4,0.1,3.0,0.7,20,Tr,110,1,360,13,0.5,0.6,0.20,0.08,1,2,0,0.4,0,0.27,0.34,6.1,0.11,(0),33,2.61,"{""baseName"":""やなぎまつたけ"",""state"":""生""}",栽培されたやなぎまつたけは食用のきのこで犬のレシピ素材として問題ない。,8,0,1,,,,,,,,,,,,,,,(0.04),(0.01),(0),(0.01),(9),(0),(0),(0),(0),12.75,169382,47.7,"Velvet shank mushroom, raw"
09,09001,あおさ　素干し,16.9,22.1,0.6,29.1,18.7,201,490,160,3900,3200,3200,5.3,1.2,0.80,17.00,2200,8,(0),(0),1.1,0.07,0.48,10.0,0.09,37.2,180,0.44,"{""baseName"":""あおさ"",""state"":""素干し""}",あおさは海藻類でミネラルや食物繊維が豊富だが与え方に注意が必要,7,1,1,810,1400,960,380,360,740,1100,670,1800,1100,340,1300,410,1200,0.34,0.17,0.10,0.03,20,46,1,0,3,126.55,170090,63.3,"Aosa seaweed, dried"
09,09002,あおのり　素干し,6.5,29.4,5.2,35.2,17.8,249,750,390,3200,2500,1400,77.0,1.6,0.58,13.00,2700,7,(0),(0),2.5,0.92,1.66,6.3,0.50,41.6,270,0.57,"{""baseName"":""あおのり"",""state"":""素干し""}",あおのりはミネラルや風味付けに適するがヨウ素や塩分に注意し、少量で使うのが望ましい。,7,1,1,980,1800,1200,580,450,1000,1300,740,2000,1400,430,1500,470,1400,3.13,1.65,1.46,0.19,130,780,30,0,20,167.75,170495,66,"Green laver, dried"
09,09003,あまのり　ほしのり,8.4,39.4,3.7,31.2,9.8,276,140,690,610,3100,340,11.0,3.7,0.62,2.51,1400,7,(0),(0),4.3,1.21,2.68,12.0,0.61,39.6,1200,0.93,"{""baseName"":""あまのり"",""variety"":""ほしのり""}",あまのり（ほしのり）は海藻類で一般に安全な素材だがヨウ素量に留意,8,1,1,1600,2800,1900,860,660,1500,1500,1300,2700,2000,490,2500,550,2200,2.14,1.39,1.19,0.20,39,4,1200,-,98,195.6,170495,66,"Nori, dried"
09,09004,あまのり　焼きのり,2.3,41.4,3.7,36.0,8.3,297,280,700,530,2400,300,11.0,3.6,0.55,3.72,2100,9,(0),(0),4.6,0.69,2.33,12.0,0.59,56.7,1900,1.18,"{""baseName"":""あまのり"",""variety"":""焼きのり""}",焼きのりは微量栄養素や風味付けに使いやすい海藻素材,8,1,1,1500,2800,2000,840,620,1500,1500,1300,2800,2100,520,2400,620,2300,2.14,1.39,1.19,0.20,39,4,1200,-,98,205.4,173157,57.9,"Nori, roasted"
09,09005,あまのり　味付けのり,3.4,40.0,3.5,25.2,11.3,303,170,710,1700,2700,290,8.2,3.7,0.59,2.35,-,-,(0),(0),3.7,0.61,2.31,12.0,0.51,67.9,1600,1.28,"{""baseName"":""あまのり"",""variety"":""味付けのり""}",味付けのりは海苔自体は利用可能だが、味付けの調味に注意が必要。,7,1,1,1400,2600,1800,700,540,1200,1400,1100,2500,2000,440,2200,600,2000,2.42,1.54,1.30,0.25,43,5,1300,0,110,227.85,170495,66,"Nori, seasoned"
09,09006,あらめ　蒸し干し,16.7,12.4,0.7,48.0,14.0,184,790,250,2300,3200,530,3.5,1.1,0.17,0.23,-,-,0,(0),0.6,0.10,0.26,2.3,0.02,0.1,110,0.28,"{""baseName"":""あらめ"",""variety"":""蒸し干し""}",あらめ（海藻類）はミネラル源として利用できるがヨウ素など含有に注意,7,1,1,(430),(780),(550),(210),(270),(480),(480),(240),(720),(530),(140),(590),(210),(400),0.50,0.20,0.07,0.13,38,18,21,2,80,78.05,170090,63.3,"Arame, steamed and dried"
09,09007,いわのり　素干し,8.4,34.8,0.7,36.4,17.0,228,86,530,2100,4500,340,48.0,2.3,0.39,1.58,-,-,(0),(0),4.2,0.57,2.07,5.4,0.38,69.4,1500,0.71,"{""baseName"":""いわのり"",""state"":""素干し""}",いわのり（素干し海苔）はミネラル供給源として利用できるが、ヨウ素や塩分に注意が必要,7,1,1,(1400),(2500),(1700),(760),(580),(1300),(1300),(1100),(2400),(1800),(430),(2200),(490),(1900),0.53,0.34,0.27,0.06,11,1,270,Tr,29,137.2,170495,66,"Rock seaweed, dried"
09,09012,うみぶどう　生,97.0,0.5,0.1,0.8,1.2,6,34,10,330,39,51,0.8,Tr,0.01,0.08,80,0,(0),(0),0.2,Tr,0.01,Tr,0,0,4,0,"{""baseName"":""うみぶどう"",""state"":""生""}",うみぶどうは海藻類で栄養源になり得るが塩分・ヨウ素含有に留意,7,0,1,,,,,,,,,,,,,,,0.04,0.02,0.01,0.01,4,7,1,Tr,1,4,167761,7.6,"Sea grapes, raw"
09,09008,えごのり　素干し,15.2,9.0,0.1,53.3,13.5,179,210,110,2400,2300,570,6.8,2.0,0.31,5.73,-,-,(0),(0),0.4,0.04,0.29,0.7,0.03,6.2,44,0.38,"{""baseName"":""えごのり"",""state"":""素干し""}",海藻でミネラル供給に有用。ただしヨウ素量に注意して用いるべき。,7,0,0,,,,,,,,,,,,,,,,,,,,,,,,63.5,170090,63.3,"Egono-ri seaweed, dried"
09,09009,えごのり　おきうと,96.9,0.3,0.1,2.5,0.2,7,19,3,20,22,16,0.6,0.1,0.01,0.34,-,-,(0),(0),Tr,0,0.01,0,0,1.3,7,0,"{""baseName"":""えごのり"",""variety"":""おきうと""}",えごのりなどの海藻類はミネラル供給源として利用できるがヨウ素など含有量に注意する必要がある。,7,0,0,,,,,,,,,,,,,,,,,,,,,,,,1.9,170496,13.9,"Egono-ri seaweed, okuito"
09,09010,おごのり　塩蔵　塩抜き,89.0,1.3,0.1,7.5,0.8,26,54,14,130,1,110,4.2,0.2,0.03,1.63,-,-,(0),(0),0.1,0.02,0.18,0.1,0,0,3,0,"{""baseName"":""おごのり"",""variety"":""塩蔵"",""state"":""塩抜き""}",海藻でミネラル源になりやすく、塩抜きされているため素材として使いやすいが摂取量に注意が必要,8,0,0,,,,,,,,,,,,,,,,,,,,,,,,9.95,167603,,"Ogono-ri seaweed, salted, desalted"
09,09011,かわのり　素干し,13.7,38.1,1.6,41.7,4.9,247,450,730,85,500,250,61.0,5.5,0.60,2.07,-,-,(0),(0),3.2,0.38,2.10,3.0,0.36,4.2,1200,1.20,"{""baseName"":""かわのり"",""state"":""素干し""}",かわのりはミネラル源として使えるがヨウ素含有量に注意。,7,1,1,(1600),(2700),(1900),(830),(630),(1500),(1400),(1200),(2600),(1900),(470),(2400),(540),(2100),(0.93),(0.60),(0.51),(0.09),(17),(2),(500),-,(43),146.95,170495,66,"River seaweed, dried"
09,09013,（こんぶ類）　えながおにこんぶ　素干し,10.4,11.0,1.0,24.9,21.9,224,650,340,2400,7300,490,2.5,1.0,0.07,0.20,-,-,0,(0),0.7,0.10,0.25,1.5,0.03,0.1,190,0.27,"{""baseName"":""えながおにこんぶ"",""state"":""素干し"",""notes"":[""こんぶ類""]}",えながおにこんぶも昆布類でミネラル源として利用可能だが濃度に留意。,7,1,1,(380),(690),(490),(180),(240),(430),(420),(210),(640),(470),(130),(530),(190),(360),0.64,0.35,0.17,0.18,54,31,70,0,100,154.8,170090,63.3,"Enagao onikombu kelp, dried"
09,09014,（こんぶ類）　がごめこんぶ　素干し,8.3,7.9,0.5,34.2,21.2,216,750,320,3000,5700,660,3.3,0.8,0.03,0.22,-,-,(0),(0),0.6,0.21,0.32,1.5,0.03,0,42,0.13,"{""baseName"":""がごめこんぶ"",""state"":""素干し"",""notes"":[""こんぶ類""]}",がごめこんぶはミネラルや食物繊維を含むがヨウ素含有量が高めのため適量管理が必要,8,1,1,(270),(500),(350),(130),(170),(310),(300),(150),(460),(340),(91),(380),(140),(260),(0.37),(0.12),(0.04),(0.08),(29),(8),(19),(0),(40),129.55,170090,63.3,"Gagome kelp, dried"
09,09015,（こんぶ類）　ながこんぶ　素干し,10.0,8.3,1.5,36.8,21.7,205,430,320,3000,5200,700,3.0,0.9,0.19,0.41,210000,2,(0),(0),0.3,0.19,0.41,2.1,0.02,0.1,38,0.20,"{""baseName"":""ながこんぶ"",""state"":""素干し"",""notes"":[""こんぶ類""]}",ながこんぶはミネラル供給源として利用できるが、ミネラル濃度に注意が必要。,7,1,1,(290),(520),(370),(140),(180),(320),(320),(160),(480),(360),(95),(400),(140),(270),(1.10),(0.36),(0.13),(0.23),(88),(24),(58),(0),(120),117.75,170090,63.3,"Naga kelp, dried"
09,09016,（こんぶ類）　ほそめこんぶ　素干し,11.3,6.9,1.7,32.9,17.2,227,900,140,2400,4000,590,9.6,1.1,0.06,0.61,-,-,(0),(0),1.5,0.06,0.28,1.6,0.03,0,310,0.24,"{""baseName"":""ほそめこんぶ"",""state"":""素干し"",""notes"":[""こんぶ類""]}",素干しこんぶはミネラル供給源として有用だがヨウ素含量に留意,7,1,1,(240),(430),(300),(110),(150),(270),(270),(130),(400),(300),(79),(330),(120),(230),(1.24),(0.41),(0.15),(0.27),(100),(27),(65),(0),(140),143.6,170090,63.3,"Hosome kelp, dried"
09,09017,（こんぶ類）　まこんぶ　素干し　乾,9.5,5.8,1.3,32.1,19.1,170,780,180,2600,6100,530,3.2,0.9,0.11,0.21,200000,2,(0),(0),2.6,0.26,0.31,1.3,0.03,(0),240,0.35,"{""baseName"":""まこんぶ"",""state"":""乾"",""notes"":[""こんぶ類""]}",まこんぶはミネラル（ヨウ素等）を多く含む海藻で、適量であれば利用可能だが量に注意が必要。,7,1,1,190,340,240,90,120,210,210,120,330,260,63,270,94,190,0.96,0.32,0.11,0.21,77,21,51,0,110,144.05,170090,63.3,"Ma kelp, dried"
09,09056,（こんぶ類）　まこんぶ　素干し　水煮,83.9,1.1,0.3,8.7,3.1,28,200,24,370,890,120,0.7,0.3,0.03,0.05,19000,Tr,(0),(0),0.6,0.03,0.03,0.2,Tr,0,16,0.04,"{""baseName"":""まこんぶ"",""state"":""水煮"",""notes"":[""こんぶ類""]}",昆布はミネラル源として利用できるがヨウ素などが多くなることがあるため少量で使用するのが望ましい。,7,1,1,51,93,57,31,20,51,56,28,84,59,17,69,24,50,0.22,0.07,0.02,0.05,19,5,11,0,24,16.55,169338,,"Ma kelp, dried, boiled"
09,09018,（こんぶ類）　みついしこんぶ　素干し,9.2,7.7,1.9,34.8,16.5,235,560,230,3000,3200,670,5.1,1.3,0.07,0.21,-,-,(0),(0),1.3,0.40,0.60,2.5,0.03,0,310,0.28,"{""baseName"":""みついしこんぶ"",""state"":""素干し"",""notes"":[""こんぶ類""]}",昆布はミネラルが豊富な海藻で少量の利用は可能だが、ヨウ素含量が高めなため多量使用は避ける。,7,1,1,(270),(490),(340),(130),(170),(300),(300),(150),(440),(330),(88),(370),(130),(250),(1.39),(0.46),(0.16),(0.30),(110),(30),(73),(0),(150),147.75,167602,,"Mitsuishi kelp, dried"
09,09019,（こんぶ類）　りしりこんぶ　素干し,13.2,8.0,2.0,31.4,20.3,211,760,240,2700,5300,540,2.4,1.0,0.05,0.22,-,-,(0),(0),1.0,0.80,0.35,2.0,0.02,0,170,0.24,"{""baseName"":""りしりこんぶ"",""state"":""素干し"",""notes"":[""こんぶ類""]}",ミネラル豊富な海藻で少量なら利用しやすい素材,8,1,1,(280),(500),(350),(130),(180),(310),(310),(150),(460),(340),(92),(380),(140),(260),(1.46),(0.48),(0.17),(0.31),(120),(32),(77),(0),(160),132.85,170090,63.3,"Rishiri kelp, dried"
09,09020,（こんぶ類）　刻み昆布,15.5,5.4,0.5,39.1,28.4,119,940,300,4300,8200,720,8.6,1.1,0.07,0.34,230000,2,(0),(0),0.3,0.15,0.33,1.2,0.01,0,17,0.09,"{""baseName"":""刻み昆布"",""notes"":[""こんぶ類""]}",刻み昆布は海藻類でミネラル源になり得るが、ヨウ素過多に注意しつつ適量であれば利用可能。,8,1,1,(190),(340),(240),(90),(120),(210),(210),(100),(310),(230),(62),(260),(93),(180),0.24,0.05,0.01,0.04,18,3,5,-,8,62,170496,13.9,"Kombu, shredded"
09,09021,（こんぶ類）　削り昆布,24.4,6.5,0.9,28.2,18.0,177,650,190,2100,4800,520,3.6,1.1,0.08,0.19,-,-,(0),(0),0.8,0.33,0.28,1.0,0.02,0,32,0.14,"{""baseName"":""削り昆布"",""notes"":[""こんぶ類""]}",昆布はミネラルと旨味を与える良い素材だがヨウ素含有量が高めで使用量に配慮が必要。,7,1,1,(230),(410),(290),(110),(140),(250),(250),(120),(380),(280),(75),(310),(110),(210),0.59,0.08,0.01,0.06,33,2,7,-,19,107.4,170496,13.9,"Kombu, shaved"
09,09022,（こんぶ類）　塩昆布,24.1,16.9,0.4,13.1,21.6,193,280,170,7100,1800,190,4.2,0.7,0.04,0.56,-,-,(0),(0),0.4,0.04,0.23,0.8,0.07,0,19,0.33,"{""baseName"":""塩昆布"",""notes"":[""こんぶ類""]}",塩昆布は海藻由来で栄養価はあるが味付け（塩分等）が強い点に注意が必要,6,0,0,,,,,,,,,,,,,,,,,,,,,,,,146.2,170496,13.9,"Kombu, salted"
09,09023,（こんぶ類）　つくだ煮,49.6,6.0,1.0,6.8,9.5,150,150,120,2900,770,98,1.3,0.5,0.06,0.46,11000,3,0,0,0.1,0.05,0.05,0.6,0.05,0,15,0.12,"{""baseName"":""つくだ煮"",""notes"":[""こんぶ類""]}",つくだ煮は塩分や糖分の濃い味付けの保存食で、常用には向かない。,3,1,1,220,340,230,78,56,130,230,82,310,210,30,270,100,250,0.81,0.33,0.02,0.31,290,5,7,Tr,16,124.35,170496,13.9,"Kombu, tsukudani"
09,09024,すいぜんじのり　素干し　水戻し,96.1,1.5,Tr,2.1,0.3,10,63,7,5,12,18,2.5,0.1,0.02,1.57,-,-,(0),(0),0.1,0.02,0.01,Tr,0.01,0.4,2,0.07,"{""baseName"":""すいぜんじのり"",""state"":""水戻し""}",海藻類はミネラル源として有用だがヨウ素過剰に留意しつつ少量で利用可能。,8,0,0,,,,,,,,,,,,,,,,,,,,,,,,5.25,167603,,"Suizenji seaweed, dried, rehydrated"
09,09025,てんぐさ　素干し,15.2,16.1,1.0,47.3,13.9,194,230,180,1900,3100,1100,6.0,3.0,0.24,0.63,-,-,(0),(0),0.2,0.08,0.83,2.2,0.08,0.5,93,0.29,"{""baseName"":""てんぐさ"",""state"":""素干し""}",てんぐさ（寒天原料）は食物繊維源で犬に使用可能な海藻性素材,8,0,0,,,,,,,,,,,,,,,,,,,,,,,,87.6,173032,,"Tengusa, dried"
09,09026,てんぐさ　ところてん,99.1,0.2,0,0.6,0.1,2,4,1,3,2,4,0.1,Tr,0.01,0.01,240,Tr,(0),(0),0,0,0,0,0,0,0,0,"{""baseName"":""てんぐさ"",""variety"":""ところてん""}",てんぐさ由来の寒天は食物繊維的に安全で水分保持やとろみ付けに使える,8,1,0,(8.5),(15),(3.6),(2.8),(0),(2.8),(9.6),(0.9),(11),(3.4),(0.4),(10),(0.6),(2.1),,,,,,,,,,0.7,170243,,"Tengusa, tokoroten"
09,09027,てんぐさ　角寒天,20.5,2.4,0.2,74.1,2.8,159,660,34,130,52,100,4.5,1.5,0.02,3.19,-,-,(0),(0),0,0.01,0,0.1,Tr,0,0,0.46,"{""baseName"":""てんぐさ"",""variety"":""角寒天""}",角寒天（てんぐさ由来の寒天）は植物性の増粘材で犬に安全な素材,8,1,1,(100),(170),(43),(33),(0),(33),(120),(11),(130),(41),(5.0),(120),(6.8),(25),(0.13),(0.07),(0.06),(0.01),(3),(1),(58),(0),(7),10.1,169995,,"Tengusa, kanten"
09,09028,てんぐさ　寒天,98.5,Tr,Tr,1.5,Tr,3,10,1,2,1,2,0.2,Tr,Tr,0.04,21,0,(0),(0),0,Tr,0,0,0,0,0,0,"{""baseName"":""てんぐさ"",""variety"":""寒天""}",てんぐさ（寒天）は消化に良い食物繊維で増粘剤や嗜好性向上に適する安全な素材,9,0,0,,,,,,,,,,,,,,,,,,,,,,,,0,169280,6,"Agar, kanten"
09,09049,てんぐさ　粉寒天,16.7,0.2,0.3,79.0,1.2,160,120,39,170,30,39,7.3,0.3,0.04,1.01,81,0,(0),(0),0,0,Tr,0.1,0,0.2,1,0,"{""baseName"":""てんぐさ"",""variety"":""粉寒天""}",粉寒天（てんぐさ由来のアガー）は増粘・ゲル化材として安全に使用できる素材。,9,1,1,7.9,13,3.3,2.5,0,2.5,8.7,0.9,9.6,3.3,0.4,9.4,0.5,1.9,(0.17),(0.09),(0.08),(0.01),(4),(1),(77),(0),(9),12.35,170090,63.3,Agar powder
09,09029,とさかのり　赤とさか　塩蔵　塩抜き,92.1,1.5,0.1,4.0,1.2,19,70,11,270,37,31,1.2,0.2,0.02,0.10,630,0,(0),(0),0,0,0.04,0,Tr,0.1,0,0.08,"{""baseName"":""とさかのり"",""variety"":""赤とさか 塩蔵"",""state"":""塩抜き""}",とさかのりはミネラルを含む海藻で少量なら安全。ヨウ素や塩分量には注意。,8,0,0,,,,,,,,,,,,,,,,,,,,,,,,9.95,167603,,"Red tosaka seaweed, salted, desalted"
09,09030,とさかのり　青とさか　塩蔵　塩抜き,92.2,0.9,0.2,4.1,1.8,17,160,12,320,40,220,0.8,0.6,0.02,1.47,-,-,(0),(0),0,0,0.02,0,Tr,0,7,0.05,"{""baseName"":""とさかのり"",""variety"":""青とさか 塩蔵"",""state"":""塩抜き""}",とさかのりなどの海藻はミネラル源として有用だがヨウ素過多に注意,7,0,0,,,,,,,,,,,,,,,,,,,,,,,,7.65,167603,,"Green tosaka seaweed, salted, desalted"
09,09050,ひじき　ほしひじき　ステンレス釜　乾,6.5,9.2,3.2,51.8,22.7,180,1000,93,1800,6400,640,6.2,1.0,0.14,0.82,45000,7,(0),(0),5.0,0.09,0.42,1.8,0,0,93,0.30,"{""baseName"":""ひじき"",""variety"":""ほしひじき ステンレス釜"",""state"":""乾""}",乾燥ひじきはミネラル源として使えるが、特性上ミネラルや無機質の含有に注意が必要な海藻類。,6,1,1,440,750,310,230,120,350,490,250,740,500,160,550,160,430,1.59,0.63,0.33,0.31,82,130,110,-,220,82.5,167602,,"Hijiki, dried (stainless steel pot)"
09,09051,ひじき　ほしひじき　ステンレス釜　ゆで,94.5,0.7,0.3,3.7,0.8,11,96,2,52,160,37,0.3,0.1,0.01,0.06,960,Tr,(0),(0),0.4,Tr,0,0,0,0,1,0,"{""baseName"":""ひじき"",""variety"":""ほしひじき ステンレス釜"",""state"":""ゆで""}",ゆでひじきはミネラル豊富だが成分上の留意点があり使用は慎重に,5,1,1,31,55,23,17,7.9,25,35,23,58,35,11,39,12,36,(0.16),(0.06),(0.03),(0.03),(8),(13),(12),-,(22),5,169358,,"Hijiki, boiled (stainless steel pot)"
09,09052,ひじき　ほしひじき　ステンレス釜　油いため,89.0,0.8,4.7,4.5,1.0,51,110,3,64,200,44,0.3,0.1,0.01,0.08,1300,0,(0),(0),1.3,0.01,Tr,0,0,0,2,0,"{""baseName"":""ひじき"",""variety"":""ほしひじき ステンレス釜"",""state"":""油いため""}",ひじきはミネラルを含む海藻だが、調理済みでも特定の無機元素に注意が必要で油炒めのため脂質も考慮が必要,5,1,1,36,64,27,21,9.6,30,41,27,68,41,13,46,14,42,(4.18),(1.19),(0.36),(0.83),(810),(340),(13),(0),(25),42.75,168435,59.4,"Hijiki, stir-fried (stainless steel pot)"
09,09053,ひじき　ほしひじき　鉄釜　乾,6.5,9.2,3.2,51.8,25.2,186,1000,93,1800,6400,640,58.0,1.0,0.14,0.82,45000,7,(0),(0),5.0,0.09,0.42,1.8,0,0,93,0.30,"{""baseName"":""ひじき"",""variety"":""ほしひじき 鉄釜"",""state"":""乾""}",ひじきはミネラル（ヨウ素やその他ミネラル）を多く含む海藻で、量や頻度に注意が必要,6,0,0,,,,,,,,,,,,,,,,,,,,,,,,73.75,167602,,"Hijiki, dried (iron pot)"
09,09054,ひじき　ほしひじき　鉄釜　ゆで,94.5,0.7,0.3,3.7,0.8,13,96,2,52,160,37,2.7,0.1,0.01,0.06,960,Tr,(0),(0),0.4,Tr,0,0,0,0,1,0,"{""baseName"":""ひじき"",""variety"":""ほしひじき 鉄釜"",""state"":""ゆで""}",ひじきはミネラル豊富だが無機ヒ素含有の報告があり頻用は避けるべき。,4,0,0,,,,,,,,,,,,,,,,,,,,,,,,5,169358,,"Hijiki, boiled (iron pot)"
09,09055,ひじき　ほしひじき　鉄釜　油いため,89.0,0.8,4.7,4.5,1.0,54,110,3,64,200,44,2.9,0.1,0.01,0.08,1300,0,(0),(0),1.3,0.01,Tr,0,0,0,2,0,"{""baseName"":""ひじき"",""variety"":""ほしひじき 鉄釜"",""state"":""油いため""}",ひじきは海藻類の食品で植物性の栄養源として使える。油炒めは加工度がある,6,0,0,,,,,,,,,,,,,,,,,,,,,,,,42.75,168435,59.4,"Hijiki, stir-fried (iron pot)"
09,09032,ひとえぐさ　素干し,16.0,16.6,1.0,44.2,20.1,172,920,280,4500,810,880,3.4,0.6,0.86,1.32,-,-,(0),(0),2.5,0.30,0.92,2.4,0.03,0.3,280,0.88,"{""baseName"":""ひとえぐさ"",""state"":""素干し""}",海藻類でミネラル源となり、犬のレシピ素材として利用可能,8,0,0,,,,,,,,,,,,,,,,,,,,,,,,73.95,170090,63.3,"Monostroma, dried"
09,09033,ひとえぐさ　つくだ煮,56.5,14.4,1.3,4.1,6.7,148,28,63,2300,160,94,3.6,0.9,0.15,-,-,-,(0),(0),0.1,0.06,0.26,0.4,0.03,0,23,0.19,"{""baseName"":""ひとえぐさ"",""variety"":""つくだ煮""}",海藻の佃煮で海藻自体は犬に安全な素材。ただし調味済みの加工食品である点は留意。,8,1,1,560,880,610,160,120,280,530,160,690,520,53,670,270,450,0.45,0.20,0.17,0.02,18,100,13,14,2,120.95,167603,,"Monostroma, tsukudani"
09,09034,ふのり　素干し,14.7,13.8,1.0,43.1,12.7,207,330,130,2700,600,730,4.8,1.8,0.38,0.65,-,-,(0),(0),0.7,0.16,0.61,1.7,0.13,0,68,0.94,"{""baseName"":""ふのり"",""state"":""素干し""}",ふのりは海藻でミネラルと繊維が得られるが摂取量は管理が必要,7,1,1,(560),(980),(680),(300),(230),(530),(510),(450),(960),(700),(170),(870),(190),(760),(0.58),(0.38),(0.32),(0.05),(11),(1),(310),-,(27),108.25,170090,63.3,"Funori, dried"
09,09035,まつも　素干し,12.6,27.9,4.9,28.5,13.8,252,920,530,1300,3800,700,11.0,5.2,0.26,1.25,-,-,(0),(0),13.0,0.48,1.61,5.0,0.06,0,720,1.24,"{""baseName"":""まつも"",""state"":""素干し""}",まつもは海藻類でミネラルや食物繊維を供給できるため素材として利用可能（ヨウ素量に注意）,7,1,1,(1200),(2300),(1500),(850),(400),(1200),(1500),(1100),(2600),(1500),(540),(1700),(540),(1600),(2.81),(1.10),(0.57),(0.53),(230),(190),(220),(4),(290),182.35,168453,109.7,"Matsumo, dried"
09,09036,むかでのり　塩蔵　塩抜き,93.7,0.6,0.1,4.2,1.4,12,85,9,220,6,120,0.8,0.1,0.01,0.41,-,-,(0),(0),0,0,Tr,16.0,0,0,0,0,"{""baseName"":""むかでのり"",""variety"":""塩蔵"",""state"":""塩抜き""}",海藻はミネラル源になるがヨウ素過剰や塩分に注意が必要,7,0,1,,,,,,,,,,,,,,,0.07,0.05,0.04,0.01,1,Tr,39,0,13,2.95,169891,21.5,"Codium seaweed, salted, desalted"
09,09037,（もずく類）　おきなわもずく　塩蔵　塩抜き,96.7,0.3,0.2,2.0,0.8,7,22,2,240,7,21,0.2,Tr,0.01,0.01,140,1,(0),(0),0.1,Tr,0.09,0,0,0,2,0,"{""baseName"":""おきなわもずく"",""variety"":""塩蔵"",""state"":""塩抜き"",""notes"":[""もずく類""]}",おきなわもずく（塩蔵・塩抜き）は海藻由来の食物繊維やミネラルを含み、適切に処理されたものは利用可能,8,1,1,13,24,14,9.1,4.8,14,16,12,27,16,5.3,17,5.5,16,0.11,0.04,0.02,0.02,9,8,9,Tr,12,2.75,167603,,"Okinawa mozuku, salted, desalted"
09,09038,（もずく類）　もずく　塩蔵　塩抜き,97.7,0.2,0.1,1.4,0.6,4,22,2,90,2,12,0.7,0.3,0.01,0.03,-,-,(0),(0),0.1,Tr,0.01,Tr,Tr,0.1,2,0,"{""baseName"":""もずく"",""variety"":""塩蔵"",""state"":""塩抜き"",""notes"":[""もずく類""]}",塩抜きしたもずくはミネラルや食物繊維を含む海藻で、適量であれば犬の素材として利用可能。,7,1,1,8.9,17,11,6.1,2.9,8.9,10,8.2,19,11,3.8,12,3.8,11,(0.06),(0.02),(0.01),(0.01),(5),(4),(4),(0),(6),1.55,167603,,"Mozuku, salted, desalted"
09,09039,わかめ　原藻　生,89.0,1.9,0.2,3.6,3.3,24,100,36,610,730,110,0.7,0.3,0.02,0.05,1600,1,(0),(0),0.1,0.07,0.18,0.9,0.03,0.3,29,0.19,"{""baseName"":""わかめ"",""variety"":""原藻"",""state"":""生""}",わかめはミネラルや食物繊維が豊富だが、与え方によっては注意が必要,7,1,1,(84),(160),(110),(48),(19),(67),(94),(48),(140),(88),(33),(110),(38),(91),(0.08),(0.06),(0.04),(0.02),(6),(9),(12),(0),(12),15.35,170496,13.9,"Wakame, raw"
09,09040,わかめ　乾燥わかめ　素干し,11.3,14.4,2.6,29.8,32.2,172,830,350,6400,6000,1000,5.8,1,0.06,0.38,10000,6,(0),(0),1.2,0.36,1.01,9.1,0.11,0.2,320,0.47,"{""baseName"":""わかめ"",""variety"":""乾燥わかめ"",""state"":""素干し""}",わかめはミネラルと食物繊維が豊富で安全に使える海藻類の素材。,8,1,1,(650),(1200),(820),(370),(150),(510),(720),(380),(1100),(720),(250),(840),(290),(700),(1.06),(0.84),(0.58),(0.26),(74),(120),(150),(0),(160),106.45,170496,13.9,"Wakame, dried"
09,09041,わかめ　乾燥わかめ　素干し　水戻し,91.7,1.6,0.3,4.3,1.4,20,100,35,260,440,96,0.4,0.1,0.04,0.05,1300,1,(0),(0),0.2,0.05,0.07,0.4,0.01,Tr,33,0.02,"{""baseName"":""わかめ"",""variety"":""乾燥わかめ"",""state"":""水戻し""}",わかめはミネラル（ヨウ素）や食物繊維が豊富だが過剰摂取に注意が必要。,7,1,1,(74),(130),(92),(41),(16),(58),(81),(43),(120),(81),(29),(95),(33),(79),(0.12),(0.10),(0.07),(0.03),(9),(14),(17),(0),(18),10.6,167603,,"Wakame, dried, rehydrated"
09,09060,わかめ　乾燥わかめ　素干し　水戻し　水煮,95.3,1,0.3,2.9,0.8,10,69,21,150,240,66,0.2,0.1,0.05,0.03,730,Tr,-,-,0.1,0.02,0.03,0.2,0.01,0.1,9,0.02,"{""baseName"":""わかめ"",""variety"":""乾燥わかめ"",""state"":""水煮""}",わかめ（水煮）はミネラルや食物繊維を含む海藻で少量なら素材として適している,7,1,1,(47),(85),(58),(26),(10),(37),(51),(27),(79),(52),(18),(60),(21),(50),(0.11),(0.08),(0.06),(0.03),(7),(12),(15),(0),(16),6.05,170496,13.9,"Wakame, dried, rehydrated, boiled"
09,09042,わかめ　乾燥わかめ　板わかめ,7.2,16.7,1.2,31.7,27.5,200,960,330,3900,7400,620,6.4,5.2,0.13,1.59,-,-,(0),(0),2.6,0.62,1.50,9.5,0.23,0.2,510,0.48,"{""baseName"":""わかめ"",""variety"":""乾燥わかめ 板わかめ""}",ミネラルを含む海藻で少量の風味付けや栄養源として使いやすい,8,1,1,(760),(1400),(950),(430),(170),(590),(830),(440),(1300),(840),(290),(970),(340),(820),(0.49),(0.39),(0.27),(0.12),(34),(57),(70),(0),(73),123.6,167602,,"Wakame, dried sheet"
09,09043,わかめ　乾燥わかめ　灰干し　水戻し,96.0,1.1,0.1,2.2,0.6,9,140,16,48,60,55,0.7,0.3,0.08,-,-,-,0,(0),0,0,0.03,0,0,0.2,1,0.05,"{""baseName"":""わかめ"",""variety"":""乾燥わかめ 灰干し"",""state"":""水戻し""}",水戻ししたわかめはヨウ素を多く含むが少量であれば問題なく犬のレシピに使える海藻類である。,7,1,1,(50),(91),(62),(28),(11),(39),(55),(29),(84),(55),(19),(64),(23),(54),(0.04),(0.03),(0.02),(0.01),(3),(5),(6),(0),(6),4.7,167603,,"Wakame, ash-dried, rehydrated"
09,09044,わかめ　カットわかめ　乾,9.2,17.9,4.0,39.2,26.8,186,870,300,9300,430,460,6.5,2.8,0.13,0.46,10000,9,0,0,0.5,0.07,0.08,0.3,0.01,2.0,18,0.06,"{""baseName"":""わかめ"",""variety"":""カットわかめ"",""state"":""乾""}",乾燥わかめはミネラル（ヨウ素）を多く含むため少量であれば利用可能,7,1,1,810,1500,1000,460,180,640,890,470,1400,900,320,1000,370,870,1.64,1.29,0.90,0.40,110,190,230,0,240,106.8,170496,13.9,"Wakame, cut, dried"
09,09058,わかめ　カットわかめ　水煮　（沸騰水で短時間加熱したもの）,93.6,1.3,0.8,3.2,1.0,17,76,22,310,15,37,0.6,0.3,0.01,0.04,720,1,-,-,Tr,Tr,0,0,0,0.1,1,0,"{""baseName"":""わかめ"",""variety"":""カットわかめ"",""state"":""水煮"",""notes"":[""沸騰水で短時間加熱したもの""]}",わかめは海藻類でミネラルや食物繊維が豊富で犬のレシピ素材として適している,8,1,1,(57),(100),(71),(32),(13),(45),(63),(33),(96),(63),(22),(73),(26),(61),(0.34),(0.27),(0.19),(0.08),(24),(39),(48),(0),(51),11.7,170496,13.9,"Wakame, cut, boiled (briefly boiled in hot water)"
09,09059,わかめ　カットわかめ　水煮の汁,99.8,-,-,0,0.1,0,1,Tr,68,3,1,0,0,0,0,36,0,-,-,0,Tr,0,0,0,0,0,0,"{""baseName"":""わかめ"",""variety"":""カットわかめ 水煮の汁""}",わかめの水煮の汁はミネラルを含むが、成分により塩分・ヨウ素に注意が必要な液体成分,7,0,0,,,,,,,,,,,,,,,,,,,,,,,,0.35,170496,13.9,"Wakame, cut, boiled liquid"
09,09045,わかめ　湯通し塩蔵わかめ　塩抜き　生,93.3,1.5,0.3,2.9,1.4,16,50,30,530,10,16,0.5,0.2,0.04,0.03,810,Tr,(0),(0),0.1,0.01,0.01,0,Tr,0,6,0.07,"{""baseName"":""わかめ"",""variety"":""湯通し塩蔵わかめ"",""state"":""生""}",わかめはミネラル・食物繊維が豊富だがヨウ素や塩分に注意。,7,1,1,73,130,91,46,17,63,81,60,140,79,30,93,32,94,0.21,0.15,0.10,0.05,14,23,29,0,35,9.9,170496,13.9,"Wakame, blanched, salted, desalted, raw"
09,09057,わかめ　湯通し塩蔵わかめ　塩抜き　ゆで,97.5,0.6,0.1,1.1,0.3,7,19,10,130,2,5,0.3,0.1,0.02,0.01,200,0,(0),(0),Tr,0.01,0,0,0,(0),0,0,"{""baseName"":""わかめ"",""variety"":""湯通し塩蔵わかめ"",""state"":""ゆで""}",湯通しして塩抜きしたわかめは海藻類として利用できるがミネラル量に留意が必要。,7,1,1,29,52,35,19,7.0,26,32,25,57,32,12,37,13,38,0.10,0.07,0.05,0.02,6,11,14,0,15,4.35,170496,13.9,"Wakame, blanched, salted, desalted, boiled"
09,09046,わかめ　くきわかめ　湯通し塩蔵　塩抜き,84.9,1.1,0.3,5.1,8.2,18,86,34,3100,88,70,0.4,0.1,0.02,0.04,-,-,(0),(0),0,0.02,0.02,0.1,Tr,0,2,0.07,"{""baseName"":""わかめ"",""variety"":""くきわかめ 湯通し塩蔵"",""state"":""塩抜き""}",塩抜きしたくきわかめは海藻として利用可能だがミネラル量に注意が必要,7,1,1,(50),(50),(50),(50),(50),(100),(50),(50),(100),(50),(50),(50),(50),(50),(0.12),(0.10),(0.07),(0.03),(9),(14),(17),(0),(18),7.8,170496,13.9,"Wakame stem, blanched, salted, desalted"
09,09047,わかめ　めかぶわかめ　生,94.2,0.9,0.6,3.4,0.9,14,77,26,170,88,61,0.3,0.2,0.02,0.03,390,Tr,(0),(0),0.1,0.02,0.03,0.2,0.01,0,36,0.05,"{""baseName"":""わかめ"",""variety"":""めかぶわかめ"",""state"":""生""}",わかめ（めかぶ）はミネラルや食物繊維を含むがヨウ素量に注意が必要な海藻類,7,1,1,31,58,47,21,12,32,35,24,59,41,12,47,17,46,0.48,0.11,0.02,0.08,33,4,15,0,40,8.25,170496,13.9,"Wakame mekabu, raw"
10,10001,＜魚類＞　あいなめ　生,76.0,19.1,3.4,(0),1.4,105,55,220,150,370,39,0.4,0.5,0.06,-,-,-,6,9,1.7,0.24,0.26,2.6,0.18,2.2,8,0.98,"{""baseName"":""あいなめ"",""state"":""生"",""notes"":[""魚類""]}",あいなめなどの魚は良質な動物性蛋白で犬のレシピ素材として適している,9,1,1,(880),(1500),(1800),(590),(220),(810),(750),(640),(1400),(840),(210),(970),(520),(1200),2.80,0.99,0.85,0.11,22,12,350,380,64,96.1,173670,,"Greenling, raw"
10,10002,＜魚類＞　あこうだい　生,79.8,16.8,2.3,(0),1.0,86,15,170,75,310,24,0.3,0.4,0.02,Tr,-,-,26,1,3.4,0.11,0.04,1.1,0.05,0.7,3,0.35,"{""baseName"":""あこうだい"",""state"":""生"",""notes"":[""魚類""]}",あこうだい（白身魚）は良質な魚肉で犬のレシピ素材として適している。,9,1,1,830,1400,1700,550,180,740,710,600,1300,830,180,870,400,1000,1.70,0.27,0.23,0.04,14,2,41,160,25,78.7,175142,60.8,"Splendid alfonsino, raw"
10,10003,＜魚類＞　（あじ類）　まあじ　皮つき　生,75.1,19.7,4.5,(0),1.3,112,66,230,130,360,34,0.6,1.1,0.07,0.01,20,46,7,8.9,0.6,0.13,0.13,5.5,0.30,7.1,5,0.41,"{""baseName"":""まあじ"",""formModifiers"":[""皮つき""],""state"":""生"",""notes"":[""魚類"",""あじ類""]}",あじは良質な魚のタンパク源だが骨の除去と加熱が望ましい,8,1,1,870,1500,1800,580,210,790,790,690,1500,960,230,990,790,1200,3.37,1.22,1.05,0.13,31,18,300,570,61,107.2,173673,50.5,"Horse mackerel, skin-on, raw"
10,10389,＜魚類＞　（あじ類）　まあじ　皮なし　生,75.6,19.7,4.1,(0),1.2,108,12,220,110,360,31,0.9,0.6,0.09,0.01,20,42,7,7.9,0.9,0.14,0.20,6.4,0.41,9.8,9,0.53,"{""baseName"":""まあじ"",""formModifiers"":[""皮なし""],""state"":""生"",""notes"":[""魚類"",""あじ類""]}",まあじ（あじ）は良質な魚類のタンパク源で、魚として素材に適する,9,1,1,900,1500,1800,600,210,810,790,710,1500,950,230,1000,810,1200,2.88,1.01,0.89,0.10,28,16,260,480,38,103.8,173673,50.5,"Horse mackerel, skinless, raw"
10,10004,＜魚類＞　（あじ類）　まあじ　皮つき　水煮,70.3,22.4,5.9,(0),1.3,136,80,250,130,350,36,0.7,1.3,0.07,0.01,14,64,8,11.0,0.3,0.13,0.12,5.3,0.25,5.9,5,0.38,"{""baseName"":""まあじ"",""formModifiers"":[""皮つき""],""state"":""水煮"",""notes"":[""魚類"",""あじ類""]}",加熱済みの魚で良質なたんぱく質と脂肪酸の供給源として適している,9,1,1,(990),(1700),(2000),(660),(240),(900),(890),(790),(1700),(1100),(260),(1100),(890),(1400),4.43,1.56,1.33,0.17,41,24,390,710,78,128.9,173674,,"Horse mackerel, skin-on, boiled"
10,10005,＜魚類＞　（あじ類）　まあじ　皮つき　焼き,65.3,25.9,6.4,(0),1.8,157,100,320,180,470,44,0.8,1.5,0.08,0.01,27,78,8,12.0,0.7,0.15,0.15,6.8,0.27,7.1,5,0.47,"{""baseName"":""まあじ"",""formModifiers"":[""皮つき""],""state"":""焼き"",""notes"":[""魚類"",""あじ類""]}",加熱された青魚で良質なタンパク源。骨は除去して使う前提で適している。,9,1,1,(1100),(2000),(2300),(770),(270),(1000),(1000),(910),(1900),(1300),(300),(1300),(1000),(1600),4.84,1.76,1.51,0.20,47,27,430,820,88,147.15,173674,,"Horse mackerel, skin-on, grilled"
10,10390,＜魚類＞　（あじ類）　まあじ　皮つき　フライ,52.3,20.1,18.2,-,1.4,270,100,250,160,330,35,0.8,1.2,0.08,0.11,-,-,16,7,3.4,0.12,0.15,4.6,0.15,7.5,10,0.53,"{""baseName"":""まあじ"",""formModifiers"":[""皮つき""],""state"":""フライ"",""notes"":[""魚類"",""あじ類""]}",皮つきのフライ（あじ）は揚げ物で油や衣の影響が大きく、加工食品として扱いに注意が必要。,4,1,1,880,1500,1600,570,230,800,800,650,1400,920,220,980,640,1200,16.23,4.75,2.05,2.68,2600,1100,240,560,67,253.05,171957,,"Horse mackerel, skin-on, fried"
10,10006,＜魚類＞　（あじ類）　まあじ　開き干し　生,68.4,20.2,8.8,(0),2.5,150,36,220,670,310,27,0.8,0.7,0.09,0.01,24,50,Tr,3,0.7,0.10,0.15,3.7,0.31,6.3,6,0.81,"{""baseName"":""まあじ"",""variety"":""開き干し"",""state"":""生"",""notes"":[""魚類"",""あじ類""]}",まあじは良質なたんぱく源の魚類。骨は除去して使用することが前提,9,1,1,(890),(1600),(1800),(600),(210),(810),(800),(710),(1500),(980),(230),(1000),(800),(1300),6.37,1.78,1.59,0.19,67,34,400,950,98,145.85,173673,50.5,"Horse mackerel, dried split, raw"
10,10007,＜魚類＞　（あじ類）　まあじ　開き干し　焼き,60.0,24.6,12.3,(0),3.0,194,57,270,770,350,38,0.9,0.9,0.10,0.01,-,-,Tr,2.6,1.0,0.12,0.14,4.7,0.32,8.5,6,0.75,"{""baseName"":""まあじ"",""variety"":""開き干し"",""state"":""焼き"",""notes"":[""魚類"",""あじ類""]}",開き干しのまあじ（焼き）は良質な魚由来のタンパク質で利用可能だが塩分が含まれる場合があるため注意。,9,1,1,(1100),(1900),(2200),(730),(260),(990),(980),(870),(1800),(1200),(280),(1200),(980),(1500),8.79,2.47,2.21,0.26,87,47,560,1300,130,191,168149,101.6,"Horse mackerel, dried split, grilled"
10,10391,＜魚類＞　（あじ類）　まあじ　小型　骨付き　生,73.4,17.8,5.0,(0),2.9,114,780,570,120,330,43,1.1,1.2,0.07,0.05,41,52,33,5.1,0.9,0.19,0.17,4.6,0.26,5.6,11,0.47,"{""baseName"":""まあじ"",""variety"":""小型 骨付き"",""state"":""生"",""notes"":[""魚類"",""あじ類""]}",良質な魚のタンパク源。骨は除去し、鮮度管理や加熱に注意して使用。,9,1,1,780,1300,1500,520,180,710,720,600,1300,840,200,890,610,1100,3.56,1.35,1.18,0.12,39,22,370,610,48,107.95,173673,50.5,"Horse mackerel, small, bone-in, raw"
10,10392,＜魚類＞　（あじ類）　まあじ　小型　骨付き　から揚げ,50.3,24.0,18.6,-,3.6,268,900,700,140,420,54,0.9,1.5,0.09,0.08,30,53,39,4.8,4.0,0.19,0.21,5.5,0.16,6.7,12,0.55,"{""baseName"":""まあじ"",""variety"":""小型 骨付き"",""state"":""から揚げ"",""notes"":[""魚類"",""あじ類""]}",小型あじの骨付き唐揚げは魚由来の素材だが調理済みの複合食品かつ骨の取り扱いに注意が必要。,4,1,1,1000,1700,2000,680,250,930,930,770,1700,1100,260,1100,790,1400,16.05,4.90,2.58,2.26,2100,1100,480,830,64,254.35,175139,75,"Horse mackerel, small, bone-in, deep-fried"
10,10393,＜魚類＞　（あじ類）　まるあじ　生,71.2,22.1,5.6,(0),1.3,133,53,260,59,410,33,1.2,1.3,0.09,0.01,-,-,11,19.0,1.2,0.10,0.19,7.4,0.47,9.9,8,0.59,"{""baseName"":""まるあじ"",""state"":""生"",""notes"":[""魚類"",""あじ類""]}",まるあじ（生）は良質なタンパク源だが、生魚は寄生虫や食品衛生上のリスクがあるため注意が必要,8,1,1,940,1600,1900,680,240,910,840,750,1600,1000,260,1100,1000,1300,4.41,1.56,1.33,0.20,44,26,350,770,89,124.95,175141,65,"Round scad, raw"
10,10394,＜魚類＞　（あじ類）　まるあじ　焼き,62.4,28.7,7.7,(0),1.7,175,94,330,93,540,41,1.5,1.5,0.09,0.02,-,-,15,15.0,1.3,0.09,0.18,8.2,0.24,9.4,8,0.53,"{""baseName"":""まるあじ"",""state"":""焼き"",""notes"":[""魚類"",""あじ類""]}",まるあじ（焼き）は加熱済みの魚でタンパク源として適切だが骨の除去は必要,8,1,1,1200,2100,2500,860,300,1200,1100,1000,2100,1400,340,1400,1300,1700,5.94,2.02,1.64,0.34,160,47,390,970,94,165.9,174241,,"Round scad, grilled"
10,10008,＜魚類＞　（あじ類）　にしまあじ　生,69.9,19.6,9.1,(0),1.3,156,26,230,160,360,37,1.0,0.9,0.08,0.01,41,47,16,8,0.3,0.10,0.21,6.1,0.29,8.1,11,0.59,"{""baseName"":""にしまあじ"",""state"":""生"",""notes"":[""魚類"",""あじ類""]}",生のニシマアジは良質なたんぱく源だが生食特有の寄生虫・リスクに注意が必要,8,1,1,940,1600,1900,610,200,810,840,720,1600,1000,220,1000,620,1300,7.73,2.20,1.99,0.17,54,40,520,1100,56,146.3,173672,66.9,"Japanese horse mackerel (Nishimaaji), raw"
10,10009,＜魚類＞　（あじ類）　にしまあじ　水煮,68.0,21.7,8.8,(0),1.4,160,30,230,180,350,40,1.1,0.9,0.08,0.01,41,55,12,9.6,0.3,0.11,0.18,4.8,0.24,7.0,11,0.50,"{""baseName"":""にしまあじ"",""state"":""水煮"",""notes"":[""魚類"",""あじ類""]}",骨等が除かれた加熱済み魚で良質なタンパク質と不飽和脂肪酸を供給する安全な素材。,9,1,1,990,1700,2000,690,240,920,900,780,1700,1100,250,1100,630,1400,7.26,2.06,1.86,0.17,47,36,490,1100,56,151.1,173672,66.9,"Japanese horse mackerel (Nishimaaji), boiled"
10,10010,＜魚類＞　（あじ類）　にしまあじ　焼き,63.0,24.7,10.4,(0),1.8,186,58,300,220,440,44,1.2,1.2,0.10,0.02,49,65,13,7.2,0.4,0.12,0.21,6.2,0.34,6.3,13,0.59,"{""baseName"":""にしまあじ"",""state"":""焼き"",""notes"":[""魚類"",""あじ類""]}",焼きあじは調理済みの魚で良質なたんぱく源、骨を除けば素材として適している,9,1,1,1100,2000,2300,810,270,1100,1000,900,1900,1200,290,1300,740,1600,8.75,2.44,2.22,0.20,53,40,550,1300,73,175.2,171994,83.6,"Japanese horse mackerel (Nishimaaji), grilled"
10,10457,＜魚類＞　（あじ類）　にしまあじ　開き干し　生,68,20,10.2,-,2.3,163,68,210,560,360,40,0.7,0.7,0.06,0.01,33,47,8,49.8,1.1,0.08,0.13,5.4,0.21,5,7,0.37,"{""baseName"":""にしまあじ"",""variety"":""開き干し"",""state"":""生"",""notes"":[""魚類"",""あじ類""]}",開き干しの魚はタンパク源として使えるが塩分や乾燥処理に注意,8,1,1,950,1600,1900,650,210,860,860,740,1600,1000,230,1000,710,1300,8.47,2.05,1.83,0.18,49,44,490,1000,64,156.7,173672,66.9,"Japanese horse mackerel (Nishimaaji), dried split, raw"
10,10458,＜魚類＞　（あじ類）　にしまあじ　開き干し　焼き,60.1,25.2,12.3,-,3.1,203,75,250,760,450,47,0.9,0.8,0.08,0.01,47,62,15,51.6,0.9,0.11,0.18,6.5,0.16,7.1,7,0.45,"{""baseName"":""にしまあじ"",""variety"":""開き干し"",""state"":""焼き"",""notes"":[""魚類"",""あじ類""]}",開き干し焼きのにしまあじは調理済み魚で利用可能だが、骨や塩分に注意。,8,1,1,1200,2100,2500,820,270,1100,1100,940,2000,1300,300,1300,890,1600,10.62,3.03,2.73,0.23,88,65,720,1600,74,192.75,168149,101.6,"Japanese horse mackerel (Nishimaaji), dried split, grilled"
10,10011,＜魚類＞　（あじ類）　むろあじ　生,67.7,23.6,6.9,(0),1.4,147,19,280,56,420,35,1.6,1.0,0.13,0.02,-,-,4,6,0.6,0.18,0.32,15.0,0.57,13.0,5,0.74,"{""baseName"":""むろあじ"",""state"":""生"",""notes"":[""魚類"",""あじ類""]}",むろあじ（生）は良質な魚だが生魚の取り扱いを考慮する必要があるため,8,1,1,(1100),(1800),(2200),(730),(260),(990),(950),(790),(1700),(1100),(270),(1200),(1100),(1400),4.56,1.66,1.45,0.21,52,40,350,900,82,142.65,172518,,"Muroaji, raw"
10,10012,＜魚類＞　（あじ類）　むろあじ　焼き,61.9,29.7,6.2,(0),1.6,167,28,330,74,480,40,1.8,1.2,0.15,0.03,-,-,5,7,0.8,0.28,0.30,16.0,0.52,13.0,6,0.76,"{""baseName"":""むろあじ"",""state"":""焼き"",""notes"":[""魚類"",""あじ類""]}",焼いたむろあじは良質な動物性タンパク源で、骨を除けば犬の素材として適する。,9,1,1,(1400),(2300),(2700),(910),(330),(1200),(1200),(1000),(2200),(1300),(340),(1600),(1400),(1700),3.97,1.42,1.23,0.19,46,34,300,770,73,158.75,171994,83.6,"Muroaji, grilled"
10,10013,＜魚類＞　（あじ類）　むろあじ　開き干し,67.9,22.9,6.2,(0),2.9,140,43,260,830,320,35,1.4,0.8,0.14,0.02,-,-,Tr,7,0.4,0.17,0.30,14.0,0.59,9.4,5,0.62,"{""baseName"":""むろあじ"",""variety"":""開き干し"",""notes"":[""魚類"",""あじ類""]}",開き干しのむろあじは魚として利用可能だが乾燥・塩分があるため使用量に注意,7,1,1,(1000),(1800),(2100),(700),(250),(960),(920),(770),(1700),(1000),(260),(1200),(1100),(1300),4.49,1.53,1.31,0.20,59,40,310,800,64,133.2,173672,66.9,"Muroaji (brownstriped mackerel scad), dried and opened"
10,10014,＜魚類＞　（あじ類）　むろあじ　くさや,38.6,49.9,3.0,(0),8.2,223,300,810,1600,850,65,3.2,3.2,0.26,-,-,-,Tr,2,1.2,0.24,0.40,16.0,0.64,12.0,26,1.09,"{""baseName"":""むろあじ"",""variety"":""くさや"",""notes"":[""魚類"",""あじ類""]}",むろあじのくさやは強い発酵臭や塩分があり加工品として使用は慎重を要する,4,1,1,(2300),(3900),(4600),(1500),(550),(2100),(2000),(1700),(3700),(2200),(570),(2600),(2400),(2900),1.94,0.77,0.64,0.13,27,15,100,460,43,201.2,168149,101.6,"Muroaji (brownstriped mackerel scad), kusaya"
10,10015,＜魚類＞　あなご　生,72.2,17.3,9.3,(0),1.2,146,75,210,150,370,23,0.8,0.7,0.04,0.20,15,39,500,0.4,2.3,0.05,0.14,3.2,0.10,2.3,9,0.86,"{""baseName"":""あなご"",""state"":""生"",""notes"":[""魚類""]}",生のあなごは魚類のたんぱく源として利用可能だが生扱いのため鮮度管理や処理に注意,8,1,1,830,1400,1600,520,210,730,680,570,1200,780,180,880,520,1100,7.61,1.65,1.42,0.21,52,18,560,550,81,139.6,174193,65,"Conger eel, raw"
10,10016,＜魚類＞　あなご　蒸し,68.5,17.6,12.7,(0),1.2,173,64,180,120,280,26,0.9,0.8,0.04,0.22,-,-,890,0.8,2.9,0.04,0.11,2.7,0.10,2.5,15,0.79,"{""baseName"":""あなご"",""state"":""蒸し"",""notes"":[""魚類""]}",蒸しあなごは加熱済みの良い魚タンパクで犬向きの素材,9,1,1,(850),(1400),(1600),(530),(210),(740),(690),(580),(1300),(790),(180),(890),(530),(1100),9.92,1.93,1.69,0.24,63,25,760,510,99,169.55,174194,,"Conger eel, steamed"
10,10017,＜魚類＞　あまご　養殖　生,76.8,18.3,3.6,(0),1.2,102,27,250,49,380,27,0.4,0.8,0.04,0.01,-,-,7,9,1.5,0.15,0.16,3.9,0.24,5.5,6,0.51,"{""baseName"":""あまご"",""productionMethod"":""養殖"",""state"":""生"",""notes"":[""魚類""]}",あまご（生）は良質な魚類タンパク源で犬の素材として適切（骨・内臓は除去）。,9,1,1,(720),(1300),(1500),(560),(180),(740),(690),(570),(1300),(840),(190),(850),(620),(1100),2.65,0.94,0.52,0.42,350,32,76,360,27,95,173717,65,"Amago (red-spotted masu trout), farmed, raw"
10,10018,＜魚類＞　あまだい　生,76.5,18.8,3.6,(0),1.1,102,58,190,73,360,29,0.3,0.3,0.02,Tr,41,75,27,1,1.3,0.04,0.06,1.5,0.08,2.1,6,0.43,"{""baseName"":""あまだい"",""state"":""生"",""notes"":[""魚類""]}",あまだいは良質な魚介タンパクで犬に適した素材である,9,1,1,940,1500,1800,600,240,850,770,650,1400,890,200,1000,410,1200,2.44,0.83,0.68,0.13,18,7,180,330,74,96.4,173705,,"Tilefish, raw"
10,10019,＜魚類＞　あまだい　水煮,74.2,20.7,4.0,(0),1.1,113,34,160,91,350,30,0.4,0.4,0.03,Tr,-,-,11,0.3,1.1,0.04,0.06,1.3,0.08,2.1,5,0.39,"{""baseName"":""あまだい"",""state"":""水煮"",""notes"":[""魚類""]}",水煮の切り身の魚は骨と内臓を除けば良質な素材で犬に適している。,9,1,1,(1000),(1700),(2000),(670),(270),(930),(850),(710),(1600),(980),(230),(1100),(460),(1300),2.66,0.94,0.78,0.15,19,8,200,390,88,106.45,175152,,"Tilefish, boiled"
10,10020,＜魚類＞　あまだい　焼き,73.6,22.5,2.6,(0),1.3,110,54,220,110,410,33,0.5,0.5,0.04,Tr,-,-,26,1,1.1,0.04,0.06,1.7,0.08,3.5,5,0.46,"{""baseName"":""あまだい"",""state"":""焼き"",""notes"":[""魚類""]}",焼きあまだいは加熱済みの白身魚で良質なタンパク源。骨が除かれていれば安全。,9,1,1,(1100),(1800),(2200),(720),(290),(1000),(930),(770),(1700),(1100),(250),(1200),(500),(1400),1.77,0.69,0.57,0.11,14,5,150,270,68,100.85,175152,,"Tilefish, grilled"
10,10021,＜魚類＞　あゆ　天然　生,77.7,18.3,2.4,(0),1.5,93,270,310,70,370,24,0.9,0.8,0.06,0.16,13,14,35,1,1.2,0.13,0.15,3.1,0.17,10.0,27,0.67,"{""baseName"":""あゆ"",""productionMethod"":""天然"",""state"":""生"",""notes"":[""魚類""]}",天然の魚で良質なタンパク源、魚の切り身は素材として適切,9,1,1,740,1300,1600,560,180,740,690,620,1300,830,200,860,540,1100,1.80,0.54,0.46,0.08,62,240,89,58,15,84.8,175154,,"Ayu (sweetfish), wild, raw"
10,10022,＜魚類＞　あゆ　天然　焼き,64.0,26.6,6.8,(0),2.5,149,480,460,110,510,35,5.5,1.2,0.06,0.41,-,-,120,1.5,1.7,0.23,0.24,3.9,0.16,12.0,33,1.34,"{""baseName"":""あゆ"",""productionMethod"":""天然"",""state"":""焼き"",""notes"":[""魚類""]}",鮎の焼き身は良質な魚たんぱくで犬の素材として適切（骨は除去）,9,1,1,(1100),(2000),(2300),(810),(270),(1100),(1000),(900),(1900),(1200),(290),(1300),(790),(1600),2.86,0.86,0.74,0.13,92,390,130,85,27,151.25,175154,,"Ayu (sweetfish), wild, grilled"
10,10023,＜魚類＞　あゆ　天然　内臓　生,68.6,9.5,17.5,(0),4.1,180,43,180,90,210,44,24.0,2.0,0.34,3.03,-,-,1700,5,1.9,0.12,0.55,3.8,0.16,60.0,220,1.56,"{""baseName"":""あゆ"",""variety"":""内臓"",""productionMethod"":""天然"",""state"":""生"",""notes"":[""魚類""]}",天然あゆの内臓（生）は栄養価が高いが内臓や生食の取り扱いに注意が必要である。,7,0,1,,,,,,,,,,,,,,,13.52,3.37,2.54,0.41,270,1500,460,230,64,183.05,172518,,"Ayu (sweetfish), wild, viscera, raw"
10,10024,＜魚類＞　あゆ　天然　内臓　焼き,58.6,23.0,10.1,(0),7.9,161,140,470,170,520,76,63.0,2.7,0.44,6.19,-,-,2000,4,3.2,0.28,1.00,8.6,0.17,50.0,250,1.67,"{""baseName"":""あゆ"",""variety"":""内臓"",""productionMethod"":""天然"",""state"":""焼き"",""notes"":[""魚類""]}",あゆ（内臓を含む焼き魚）は栄養はあるが内臓や骨を含むため取扱いに注意が必要,6,0,1,,,,,,,,,,,,,,,7.13,1.37,0.96,0.19,130,560,170,66,25,167.75,167626,,"Ayu (sweetfish), wild, viscera, grilled"
10,10025,＜魚類＞　あゆ　養殖　生,72.0,17.8,7.9,(0),1.7,138,250,320,55,360,24,0.8,0.9,0.05,Tr,-,-,55,8,5.0,0.15,0.14,3.5,0.28,2.6,28,1.22,"{""baseName"":""あゆ"",""productionMethod"":""養殖"",""state"":""生"",""notes"":[""魚類""]}",養殖あゆは良質な魚肉で犬のレシピ素材として適している（骨・内臓は除去）,9,1,1,740,1300,1600,540,180,720,690,620,1300,820,200,860,490,1100,6.32,1.40,0.82,0.58,530,58,180,440,28,131.55,168033,,"Ayu (sweetfish), farmed, raw"
10,10026,＜魚類＞　あゆ　養殖　焼き,59.3,22.6,15.1,(0),2.2,202,450,430,79,430,31,2.0,1.3,0.07,Tr,-,-,480,17.0,8.2,0.20,0.18,4.0,0.24,6.0,38,1.67,"{""baseName"":""あゆ"",""productionMethod"":""養殖"",""state"":""焼き"",""notes"":[""魚類""]}",養殖あゆの焼き物は良質な魚タンパク源。与える前に骨を処理して使う,9,1,1,(940),(1700),(2000),(690),(230),(920),(870),(780),(1700),(1000),(250),(1100),(620),(1400),9.20,1.98,1.16,0.82,750,82,250,620,40,210.25,173718,77.6,"Ayu (sweetfish), farmed, grilled"
10,10027,＜魚類＞　あゆ　養殖　内臓　生,36.6,7.4,55.0,(0),0.7,485,55,120,75,160,11,8.0,1.3,0.14,0.13,-,-,4400,8,7.4,0.16,0.44,2.6,0.11,9.6,260,1.46,"{""baseName"":""あゆ"",""variety"":""内臓"",""productionMethod"":""養殖"",""state"":""生"",""notes"":[""魚類""]}",あゆの内臓は栄養価が高い臓器類であるが取り扱いと量の管理が必要,7,0,1,,,,,,,,,,,,,,,44.73,9.95,5.19,4.41,4000,430,1600,2000,180,494.45,171951,,"Ayu (sweetfish), farmed, viscera, raw"
10,10028,＜魚類＞　あゆ　養殖　内臓　焼き,31.5,15.2,52.3,(0),0.6,500,130,190,100,270,9,19.0,1.8,0.15,0.31,-,-,6000,8.6,24.0,0.34,0.68,4.1,0.15,7.8,280,1.33,"{""baseName"":""あゆ"",""variety"":""内臓"",""productionMethod"":""養殖"",""state"":""焼き"",""notes"":[""魚類""]}",鮎の内臓は栄養価が高いものの一部成分が濃縮している場合があるため分量に注意が必要。,7,0,1,,,,,,,,,,,,,,,43.63,10.53,5.80,4.39,3900,440,1800,2300,190,499.15,175153,65,"Ayu (sweetfish), farmed, viscera, grilled"
10,10029,＜魚類＞　あゆ　うるか,59.6,11.4,13.1,(0),14.1,157,16,210,5100,190,15,4.0,1.4,0.10,Tr,-,-,2000,15.0,6.7,0.06,0.38,2.0,0.11,10.0,100,1.31,"{""baseName"":""あゆ"",""variety"":""うるか"",""notes"":[""魚類""]}",魚由来の保存加工品で旨味があるが塩分や保存性の点から使用は控えめにするべき。,4,0,1,,,,,,,,,,,,,,,9.88,2.22,0.89,1.29,1200,100,160,450,60,157.55,168021,,"Ayu (sweetfish), uruka (salted viscera)"
10,10030,＜魚類＞　アラスカめぬけ　生,78.4,17.2,3.4,(0),0.9,96,22,170,81,290,26,0.2,0.4,0.02,0.01,-,-,20,3,1.0,0.04,0.05,1.1,0.07,1.6,2,0.24,"{""baseName"":""アラスカめぬけ"",""state"":""生"",""notes"":[""魚類""]}",アラスカめぬけは良質な魚の切り身で犬のレシピ素材として適している,9,1,1,(790),(1400),(1600),(530),(200),(730),(680),(580),(1300),(750),(190),(870),(470),(1000),2.53,0.59,0.52,0.07,28,10,200,250,23,89.45,173684,65,"Rougheye rockfish, raw"
10,10031,＜魚類＞　あんこう　生,85.4,13.0,0.2,(0),1.1,54,8,140,130,210,19,0.2,0.6,0.04,Tr,-,-,13,1,0.7,0.04,0.16,1.7,0.11,1.2,5,0.21,"{""baseName"":""あんこう"",""state"":""生"",""notes"":[""魚類""]}",あんこうの切り身は魚類の良質なタンパク源で犬のレシピ素材として適している,9,1,1,(600),(1000),(1200),(400),(150),(550),(510),(440),(950),(570),(140),(660),(350),(790),0.08,0.04,0.03,0.01,1,Tr,6,23,5,48.25,173676,,"Monkfish, raw"
10,10032,＜魚類＞　あんこう　きも　生,45.1,10.0,41.9,(0),0.8,401,6,140,110,220,9,1.2,2.2,1.00,-,96,200,8300,110.0,14.0,0.14,0.35,1.5,0.11,39.0,88,0.89,"{""baseName"":""あんこう"",""part"":""きも"",""state"":""生"",""notes"":[""魚類""]}",魚の肝臓は栄養価が高いが生では寄生虫や汚染リスクがあるため加熱して使う方が安全,6,1,1,450,760,720,240,160,400,460,370,840,500,140,570,250,560,35.31,11.88,10.00,1.63,430,210,3000,5100,660,398.85,173676,,"Monkfish liver, raw"
10,10033,＜魚類＞　いかなご　生,74.2,17.2,5.5,(0),3.0,111,500,530,190,390,39,2.5,3.9,0.08,0.49,-,-,200,21.0,0.8,0.19,0.81,4.6,0.15,11.0,29,0.77,"{""baseName"":""いかなご"",""state"":""生"",""notes"":[""魚類""]}",小型魚で良質な動物性タンパク源。骨は調理で除去すればレシピ素材として適する。,9,1,1,790,1300,1500,540,200,740,670,590,1300,850,200,910,450,930,3.76,1.61,1.41,0.11,32,32,570,650,50,107.3,173670,,"Sand lance, raw"
10,10034,＜魚類＞　いかなご　煮干し,38.0,43.1,6.1,(0),11.3,218,740,1200,2800,810,130,6.6,5.9,0.13,0.37,-,-,10,54.0,0.8,0.27,0.18,3.3,0.06,4.6,50,1.15,"{""baseName"":""いかなご"",""state"":""煮干し"",""notes"":[""魚類""]}",煮干しの小魚は良質な魚由来のタンパク源で犬のレシピ素材として適している。,9,1,1,(2000),(3400),(3700),(1400),(500),(1900),(1700),(1500),(3200),(2100),(500),(2300),(1100),(2300),2.96,1.53,1.39,0.07,29,21,480,770,21,207.95,167654,,"Sand lance, dried (niboshi)"
10,10035,＜魚類＞　いかなご　つくだ煮,26.9,29.4,4.6,(0),8.4,271,470,820,2200,670,80,2.3,3.6,0.09,0.45,-,-,Tr,23.0,0.8,0.02,0.27,10.0,0.09,7.8,85,0.76,"{""baseName"":""いかなご"",""variety"":""つくだ煮"",""notes"":[""魚類""]}",小魚の佃煮で魚由来の良質な素材だが調味済みの加工食品であるため素材評価はやや控えめ。,7,1,1,(1400),(2300),(2500),(920),(340),(1300),(1200),(1000),(2200),(1400),(340),(1600),(760),(1600),2.33,1.19,1.09,0.06,22,24,450,500,16,249.45,175140,76,"Sand lance, tsukudani"
10,10036,＜魚類＞　いかなご　あめ煮,28.1,25.6,3.7,(0),6.8,268,550,730,1700,430,92,3.4,3.4,0.11,0.51,-,-,Tr,21.0,0.4,0.02,0.28,11.0,0.07,7.2,75,0.67,"{""baseName"":""いかなご"",""variety"":""あめ煮"",""notes"":[""魚類""]}",いかなごのあめ煮は甘辛く調味されており加工度と塩分・糖分が高い,4,1,1,(1200),(2000),(2200),(800),(300),(1100),(1000),(880),(1900),(1300),(300),(1400),(670),(1400),1.51,0.70,0.63,0.03,14,12,240,310,8,246.35,168034,,"Sand lance, ame-ni (sweet simmered)"
10,10037,＜魚類＞　いさき　生,75.8,17.2,5.7,(0),1.2,116,22,220,160,300,32,0.4,0.6,0.04,0.01,-,-,41,15.0,0.9,0.06,0.12,4.0,0.31,5.8,12,0.77,"{""baseName"":""いさき"",""state"":""生"",""notes"":[""魚類""]}",いさきは魚類で良質なタンパク源。適切に処理すれば素材として適する。,9,1,1,(790),(1400),(1600),(530),(200),(730),(680),(580),(1300),(750),(190),(870),(470),(1000),4.57,1.65,1.47,0.18,44,39,350,810,77,109,171951,,"Grunt (Isaki), raw"
10,10038,＜魚類＞　いしだい　生,71.6,19.5,7.8,(0),1.1,138,20,240,54,390,26,0.3,0.6,0.03,0.01,-,-,39,3,2.1,0.15,0.15,4.9,0.34,1.3,2,0.31,"{""baseName"":""いしだい"",""state"":""生"",""notes"":[""魚類""]}",いしだいは魚類として良質なタンパク源だが生食の衛生リスクに注意,8,1,1,(900),(1500),(1800),(600),(230),(830),(770),(660),(1400),(860),(210),(990),(530),(1200),5.45,1.41,1.13,0.28,36,17,500,300,180,134.55,171948,,"Striped beakfish, raw"
10,10039,＜魚類＞　いとよりだい　生,78.8,18.1,1.7,(0),1.3,85,46,200,85,390,26,0.5,0.4,0.05,0.02,84,33,28,11.0,0.6,0.04,0.08,2.3,0.27,3.0,5,0.50,"{""baseName"":""いとよりだい"",""state"":""生"",""notes"":[""魚類""]}",いとよりだいは良質な魚のたんぱく源で犬のレシピ素材として適している。,9,1,1,840,1500,1700,530,180,710,720,670,1400,910,210,940,450,1200,1.00,0.49,0.38,0.11,8,2,48,270,53,78.15,173705,,"Golden threadfin bream, raw"
10,10040,＜魚類＞　いとよりだい　すり身,76.9,16.7,0.4,(0),0.9,90,26,110,290,17,12,0.1,0.3,0.01,0.01,-,-,2,3,0.2,Tr,0.02,0.1,0.01,0.3,1,0.31,"{""baseName"":""いとよりだい"",""variety"":""すり身"",""notes"":[""魚類""]}",いとよりだいのすり身は良質な魚たんぱく源で犬のレシピ素材として適切。,8,1,1,(770),(1400),(1600),(490),(170),(660),(670),(620),(1300),(840),(190),(860),(420),(1100),0.27,0.10,0.08,0.02,3,1,12,56,12,79.7,173702,,"Golden threadfin bream, surimi (fish paste)"
10,10041,＜魚類＞　いぼだい　生,74.0,16.4,8.5,(0),1.1,132,41,160,190,280,30,0.5,0.8,0.03,0.01,-,-,95,2,0.7,0.04,0.19,4.7,0.29,2.7,7,0.57,"{""baseName"":""いぼだい"",""state"":""生"",""notes"":[""魚類""]}",いぼだい（生）は魚類の良質なタンパク源でレシピ素材として適切。,9,1,1,(750),(1300),(1500),(510),(190),(700),(650),(550),(1200),(720),(180),(830),(440),(990),6.14,1.22,0.96,0.26,44,20,220,590,120,129.65,171951,,"Butterfish, raw"
10,10042,＜魚類＞　（いわし類）　うるめいわし　生,71.7,21.3,4.8,(0),1.9,124,85,290,95,440,37,2.3,1.3,0.16,-,-,-,130,9,1.6,0.08,0.36,8.0,0.55,14.0,16,1.25,"{""baseName"":""うるめいわし"",""state"":""生"",""notes"":[""魚類"",""いわし類""]}",うるめいわしは良質な魚たんぱく源だが生品は下処理・加熱などの配慮が必要,9,1,1,1000,1700,2000,640,210,860,890,770,1700,1000,260,1200,1100,1200,3.47,1.14,1.04,0.10,36,16,290,660,58,116.4,175116,65,"Round herring, raw"
10,10043,＜魚類＞　（いわし類）　うるめいわし　丸干し,40.1,45.0,5.1,(0),9.5,219,570,910,2300,820,110,4.5,2.7,0.23,0.12,-,-,0,8,0.1,0.25,0.43,16.0,0.69,25.0,44,0.92,"{""baseName"":""うるめいわし"",""state"":""丸干し"",""notes"":[""魚類"",""いわし類""]}",丸干しうるめいわしは良い魚の供給源だが骨や塩分に注意。,7,1,1,(2200),(3600),(4300),(1400),(450),(1800),(1900),(1600),(3500),(2200),(550),(2500),(2400),(2600),3.42,1.27,1.09,0.13,39,28,340,620,57,201.9,174190,291.3,"Round herring, whole dried"
10,10044,＜魚類＞　（いわし類）　かたくちいわし　生,68.2,18.2,12.1,(0),1.2,171,60,240,85,300,32,0.9,1.0,0.17,0.13,38,40,11,4,0.4,0.03,0.16,9.7,0.58,14.0,19,1.07,"{""baseName"":""かたくちいわし"",""state"":""生"",""notes"":[""魚類"",""いわし類""]}",いわし類は良質なたんぱく質と脂肪酸源で犬の素材として適切,9,1,1,830,1400,1600,550,190,740,750,610,1400,880,200,960,920,1000,9.22,2.78,2.24,0.30,78,45,1100,770,140,167.6,174182,,"Japanese anchovy, raw"
10,10045,＜魚類＞　（いわし類）　かたくちいわし　煮干し,15.7,64.5,6.2,(0),13.3,298,2200,1500,1700,1200,230,18.0,7.2,0.39,-,-,-,Tr,18.0,0.9,0.10,0.10,17.0,0.28,41.0,74,1.81,"{""baseName"":""かたくちいわし"",""state"":""煮干し"",""notes"":[""魚類"",""いわし類""]}",煮干しはいわし類の良質な魚たんぱく・カルシウム源で素材向き,9,1,1,(2900),(4900),(5800),(2000),(680),(2600),(2600),(2200),(4800),(3100),(710),(3400),(3300),(3700),2.71,0.83,0.66,0.10,29,19,260,320,46,279.5,168052,205.6,"Japanese anchovy, dried (niboshi)"
10,10046,＜魚類＞　（いわし類）　かたくちいわし　田作り,14.9,66.6,5.7,(0),12.5,304,2500,2300,710,1600,190,3.0,7.9,0.39,0.79,-,-,Tr,30.0,0.8,0.10,0.11,17.0,0.37,65.0,230,3.74,"{""baseName"":""かたくちいわし"",""variety"":""田作り"",""notes"":[""魚類"",""いわし類""]}",かたくちいわし（乾燥）は良いカルシウム・タンパク源だが塩分等に注意,8,1,1,(3000),(5100),(6000),(2000),(700),(2700),(2700),(2200),(5000),(3200),(730),(3500),(3400),(3800),2.65,1.01,0.90,0.10,28,13,220,620,43,282.6,167654,,"Japanese anchovy, tazukuri (candied)"
10,10047,＜魚類＞　（いわし類）　まいわし　生,68.9,19.2,9.2,(0),1.2,156,74,230,81,270,30,2.1,1.6,0.20,0.04,24,48,8,32.0,2.5,0.03,0.39,7.2,0.49,16.0,10,1.14,"{""baseName"":""まいわし"",""state"":""生"",""notes"":[""魚類"",""いわし類""]}",まいわしは良質な魚たんぱくと脂肪酸が豊富で犬の素材として適している,9,1,1,910,1500,1800,570,190,760,800,670,1500,950,220,1000,1000,1100,6.94,2.53,2.10,0.28,92,59,780,870,100,150.65,173669,,"Japanese sardine, raw"
10,10048,＜魚類＞　（いわし類）　まいわし　水煮,61.7,22.4,8.7,(0),1.3,182,82,250,80,280,32,2.3,1.7,0.23,0.06,-,-,5,13.0,1.3,0.05,0.29,6.3,0.35,18.0,7,0.87,"{""baseName"":""まいわし"",""state"":""水煮"",""notes"":[""魚類"",""いわし類""]}",骨等を除いた水煮のまいわしは良質なたんぱく源で犬に適した素材。,9,1,1,(1100),(1800),(2000),(670),(220),(880),(940),(780),(1700),(1100),(250),(1200),(1200),(1300),6.54,2.42,2.02,0.27,88,55,700,910,100,173,175140,76,"Japanese sardine, boiled"
10,10049,＜魚類＞　（いわし類）　まいわし　焼き,57.8,25.3,9.4,(0),1.6,199,98,300,100,350,36,2.5,2.3,0.23,0.08,-,-,8,14.0,1.9,0.12,0.43,9.1,0.39,22.0,12,1.33,"{""baseName"":""まいわし"",""state"":""焼き"",""notes"":[""魚類"",""いわし類""]}",焼きまいわしは良質なたんぱく質と脂肪酸を含み適した素材（骨類は除去済み）,9,1,1,(1200),(2000),(2300),(750),(240),(990),(1100),(880),(1900),(1200),(290),(1400),(1300),(1500),7.02,2.66,2.23,0.29,92,59,790,980,110,189.1,175140,76,"Japanese sardine, grilled"
10,10395,＜魚類＞　（いわし類）　まいわし　フライ,37.8,20.0,30.3,-,1.3,384,78,240,150,290,33,2.2,1.7,0.21,0.16,-,-,15,21.0,5.7,0.04,0.39,6.3,0.28,14.0,14,1.15,"{""baseName"":""まいわし"",""state"":""フライ"",""notes"":[""魚類"",""いわし類""]}",まいわしのフライは揚げ調理された複合加工食品で素材としては注意が必要である,4,1,1,830,1500,1500,540,220,760,810,640,1400,870,240,990,740,1100,26.78,8.22,3.93,4.16,3900,1700,830,950,130,364.65,175140,76,"Japanese sardine, fried"
10,10050,＜魚類＞　（いわし類）　まいわし　塩いわし,66.3,16.8,9.6,(0),6.9,143,70,210,2400,300,43,1.7,1.4,0.20,0.05,-,-,Tr,10.0,0.3,0.03,0.35,8.0,0.54,17.0,22,1.46,"{""baseName"":""まいわし"",""variety"":""塩いわし"",""notes"":[""魚類"",""いわし類""]}",塩いわしは良質な魚だが塩分が高めな点に注意,7,1,1,(790),(1300),(1500),(500),(160),(660),(700),(590),(1300),(830),(190),(920),(870),(970),6.88,2.80,2.39,0.22,84,41,830,1100,76,141.8,168149,101.6,"Japanese sardine, salted"
10,10051,＜魚類＞　（いわし類）　まいわし　生干し,59.6,20.6,16.0,(0),2.7,217,65,270,690,340,34,1.6,0.9,0.12,0.13,-,-,0,11.0,0.2,Tr,0.22,12.0,0.48,16.0,11,1.21,"{""baseName"":""まいわし"",""variety"":""生干し"",""notes"":[""魚類"",""いわし類""]}",良質な魚タンパク源。調理時に骨を除去して使用すれば適切,9,1,1,(970),(1600),(1900),(610),(200),(810),(860),(720),(1600),(1000),(230),(1100),(1100),(1200),12.59,3.93,3.12,0.36,110,66,1400,1100,140,211.95,175140,76,"Japanese sardine, semi-dried"
10,10052,＜魚類＞　（いわし類）　まいわし　丸干し,54.6,32.8,5.5,(0),6.4,177,440,570,1500,470,100,4.4,1.8,0.21,0.10,-,-,40,50.0,0.7,0.01,0.41,16.0,0.68,29.0,31,1.00,"{""baseName"":""まいわし"",""state"":""丸干し"",""notes"":[""魚類"",""いわし類""]}",丸干しいわしは魚の良いたんぱく源だが塩分や小骨に注意が必要,7,1,1,(1600),(2600),(3000),(970),(320),(1300),(1400),(1100),(2500),(1600),(370),(1800),(1700),(1900),4.10,1.50,1.36,0.14,81,53,540,510,40,164,175140,76,"Japanese sardine, whole dried"
10,10053,＜魚類＞　（いわし類）　めざし　生,59.0,18.2,18.9,(0),3.4,206,180,190,1100,170,31,2.6,1.2,0.10,1.04,-,-,77,11.0,0.3,0.01,0.21,10.0,0.37,15.0,34,1.27,"{""baseName"":""めざし"",""state"":""生"",""notes"":[""魚類"",""いわし類""]}",めざし（小魚）は良い動物性たんぱく・脂肪源だが生のままだと寄生虫や細菌のリスクがあるため加熱推奨,7,1,1,(830),(1400),(1700),(560),(200),(760),(730),(610),(1300),(810),(210),(950),(870),(1100),10.56,3.17,2.85,0.32,190,88,930,1400,110,226.1,168149,101.6,"Mezashi (dried sardine skewer), raw"
10,10054,＜魚類＞　（いわし類）　めざし　焼き,56.2,23.7,15.0,(0),4.4,200,320,290,1400,220,50,4.2,1.5,0.13,1.26,-,-,95,11.0,0.4,0.01,0.26,12.0,0.38,13.0,36,1.71,"{""baseName"":""めざし"",""state"":""焼き"",""notes"":[""魚類"",""いわし類""]}",めざしの焼き物は小魚としてタンパク源になるが骨や塩分に注意,8,1,1,(1100),(1800),(2200),(730),(260),(990),(950),(800),(1800),(1100),(270),(1200),(1100),(1400),8.04,2.26,2.02,0.24,150,65,650,940,76,212.9,168149,101.6,"Mezashi (dried sardine skewer), grilled"
10,10396,＜魚類＞　（いわし類）　しらす　生,81.8,15.0,1.3,(0),2.4,67,210,340,380,340,67,0.4,1.1,0.02,0.07,-,-,110,6.7,0.9,0.02,0.07,3.7,0.17,4.2,56,0.51,"{""baseName"":""しらす"",""state"":""生"",""notes"":[""魚類"",""いわし類""]}",しらすは良質なたんぱく源だが生の場合は小骨や寄生虫に注意が必要,8,1,1,620,1100,1200,390,150,540,560,520,1100,680,160,750,400,870,0.79,0.43,0.38,0.04,10,11,90,250,15,63.55,173713,65,"Whitebait, raw"
10,10445,＜魚類＞　（いわし類）　しらす　釜揚げしらす,77.4,17.6,1.7,0,2.9,84,190,320,840,120,48,0.3,1.1,0.03,0.09,13,39,140,4.2,0.8,0.07,0.04,2.1,0.05,1.5,26,0.30,"{""baseName"":""しらす"",""variety"":""釜揚げしらす"",""notes"":[""魚類"",""いわし類""]}",釜揚げしらすは小魚の良いタンパク・カルシウム源で犬に適した素材,9,1,1,(720),(1300),(1400),(460),(180),(640),(660),(600),(1300),(800),(190),(870),(470),(1000),(1.01),(0.54),(0.49),(0.05),(13),(14),(120),(320),(19),77.45,175161,83.3,Boiled whitebait (kama-age shirasu)
10,10055,＜魚類＞　（いわし類）　しらす干し　微乾燥品,67.5,24.5,2.1,0,5.6,113,280,480,1700,170,80,0.6,1.7,0.06,0.10,27,61,190,12.0,1.1,0.11,0.03,2.6,0.05,3.2,27,0.50,"{""baseName"":""しらす干し"",""variety"":""微乾燥品"",""notes"":[""魚類"",""いわし類""]}",しらす干しは小魚でカルシウムやタンパク質が豊富だが塩分に注意が必要,8,1,1,1000,1900,2100,660,260,920,970,900,1900,1200,290,1200,600,1500,1.08,0.60,0.56,0.04,15,12,150,340,16,104.65,175161,83.3,"Dried whitebait, lightly dried"
10,10056,＜魚類＞　（いわし類）　しらす干し　半乾燥品,46.0,40.5,3.5,(0),9.5,187,520,860,2600,490,130,0.8,3.0,0.07,0.17,-,-,240,61.0,1.5,0.22,0.06,7.4,0.04,6.3,58,0.72,"{""baseName"":""しらす干し"",""variety"":""半乾燥品"",""notes"":[""魚類"",""いわし類""]}",しらす干し（半乾燥）はカルシウムなどを補える魚原料だが塩分に注意が必要。,8,1,1,1700,3100,3500,1100,460,1600,1600,1500,3100,2000,470,2100,1100,2500,1.69,0.95,0.88,0.07,29,28,200,570,21,173.25,174190,291.3,"Dried whitebait, semi-dried"
10,10057,＜魚類＞　（いわし類）　たたみいわし,10.7,75.1,5.6,(0),7.9,348,970,1400,850,790,190,2.6,6.6,0.13,-,-,-,410,50.0,2.7,0.15,0.33,8.2,0.27,16.0,300,2.95,"{""baseName"":""たたみいわし"",""notes"":[""魚類"",""いわし類""]}",たたみいわしは魚由来のたんぱく源として使えるが乾燥加工品である点に注意。,8,1,1,(3200),(5800),(6500),(2100),(850),(2900),(3000),(2800),(5800),(3700),(880),(3900),(2000),(4600),4.29,1.35,1.14,0.20,24,11,380,420,130,312.9,168052,205.6,Tatami iwashi (sheet-dried baby sardines)
10,10058,＜魚類＞　（いわし類）　みりん干し　かたくちいわし,18.5,44.3,7.0,(0),5.2,330,800,660,1100,420,73,3.7,3.5,0.32,0.36,-,-,13,25.0,1.1,0.02,0.24,8.2,0.38,15.0,23,1.77,"{""baseName"":""みりん干し"",""variety"":""かたくちいわし"",""notes"":[""魚類"",""いわし類""]}",みりん干しはみりん（酒類）や塩分・糖分を含む加工魚で、酒類由来成分の点から犬には不適切。,2,1,1,(2000),(3400),(4000),(1300),(470),(1800),(1800),(1500),(3300),(2100),(490),(2300),(2200),(2500),4.77,2.03,1.07,0.94,860,28,360,580,47,302.05,168052,205.6,"Japanese anchovy, mirin-boshi (mirin-dried)"
10,10059,＜魚類＞　（いわし類）　みりん干し　まいわし,33.5,31.4,15.7,(0),3.1,314,240,360,670,290,54,4.3,2.3,0.27,0.11,-,-,16,53.0,0.9,Tr,0.50,8.9,0.37,14.0,19,1.41,"{""baseName"":""みりん干し"",""variety"":""まいわし"",""notes"":[""魚類"",""いわし類""]}",みりん干しのまいわし。みりん等の酒類由来の成分が含まれる可能性があり犬には不適切。,2,1,1,(1500),(2500),(2900),(930),(300),(1200),(1300),(1100),(2400),(1600),(350),(1700),(1600),(1800),11.56,4.70,3.34,1.20,1000,68,1400,1300,110,300.4,175140,76,"Japanese sardine, mirin-boshi (mirin-dried)"
10,10060,＜魚類＞　（いわし類）　缶詰　水煮,66.3,20.7,10.6,(0),2.3,168,320,360,330,250,44,2.6,1.4,0.19,0.13,-,-,9,6,2.6,0.03,0.30,8.5,0.16,16.0,7,0.63,"{""baseName"":"""",""state"":""水煮"",""notes"":[""魚類"",""いわし類""]}",良質な魚タンパクと脂肪酸を含み、犬の素材として適している,10,1,1,(950),(1600),(1900),(640),(230),(870),(830),(700),(1500),(920),(240),(1100),(990),(1200),8.10,3.17,2.92,0.24,110,76,1200,1200,100,162.9,175139,75,"Sardine, canned, in water"
10,10061,＜魚類＞　（いわし類）　缶詰　味付け,59.1,20.4,11.9,(0),2.9,203,370,380,560,240,38,2.3,1.9,0.19,0.25,-,-,9,20.0,2.1,0.03,0.30,8.0,0.27,13.0,6,0.61,"{""baseName"":""味付け"",""state"":""缶詰"",""notes"":[""魚類"",""いわし類""]}",味付け缶いわしは魚としての利用価値はあるが味付け・加工があるため素材扱いでは注意が必要,5,1,1,(930),(1600),(1900),(630),(230),(850),(820),(690),(1500),(910),(230),(1100),(970),(1200),9.81,3.70,3.17,0.45,100,67,1400,1100,200,192.5,175139,75,"Sardine, canned, seasoned"
10,10062,＜魚類＞　（いわし類）　缶詰　トマト漬,68.1,17.5,10.8,(0),2.3,167,360,320,280,310,35,1.9,1.7,0.19,0.18,-,-,12,20.0,2.4,0.01,0.25,6.3,0.27,10.0,14,0.68,"{""baseName"":""トマト漬"",""state"":""缶詰"",""notes"":[""魚類"",""いわし類""]}",小魚は良質な脂質と蛋白を含むが缶詰の調味（塩分・ソース）に注意が必要,8,1,1,(800),(1400),(1600),(540),(190),(730),(700),(590),(1300),(780),(200),(910),(830),(1000),9.23,3.40,2.89,0.43,140,76,1300,1100,160,157.6,175140,76,"Sardine, canned, in tomato sauce"
10,10063,＜魚類＞　（いわし類）　缶詰　油漬,46.2,20.3,30.7,(0),2.5,351,350,370,320,280,36,1.4,2.1,0.20,0.22,-,-,25,7,8.2,0.08,0.32,7.8,0.34,18.0,10,0.81,"{""baseName"":""油漬"",""state"":""缶詰"",""notes"":[""魚類"",""いわし類""]}",栄養価の高い魚だが油や塩分が含まれるため、油切りや塩分管理が必要。,6,1,1,(930),(1600),(1900),(620),(230),(850),(820),(680),(1500),(900),(230),(1100),(970),(1200),27.84,13.96,2.45,11.45,11000,350,850,810,64,333.05,175139,75,"Sardine, canned, in oil"
10,10064,＜魚類＞　（いわし類）　缶詰　かば焼,56.1,16.2,15.6,(0),2.8,234,220,290,610,270,31,2.0,1.2,0.13,0.17,-,-,32,17.0,1.8,0.01,0.24,6.2,0.24,12.0,15,0.74,"{""baseName"":""かば焼"",""state"":""缶詰"",""notes"":[""魚類"",""いわし類""]}",いわし類のかば焼缶詰は魚由来のタンパク源だが調味された加工品で塩分や糖分が高め。,6,1,1,(740),(1300),(1500),(500),(180),(680),(650),(550),(1200),(720),(190),(850),(770),(950),13.36,4.87,4.23,0.54,160,130,1800,1400,210,221.85,175140,76,"Sardine, canned, kabayaki"
10,10397,＜魚類＞　（いわし類）　缶詰　アンチョビ,54.3,24.2,6.8,(0),14.0,157,150,180,5200,140,39,2.6,3.7,0.24,0.09,62,52,4,1.7,1.9,0,0.31,4.1,0.21,14.0,23,0.48,"{""baseName"":""アンチョビ"",""state"":""缶詰"",""notes"":[""魚類"",""いわし類""]}",アンチョビは魚由来の旨味源として使えるが加工度が高い点に注意,6,1,1,1300,2100,2100,810,290,1100,1200,960,2200,1300,400,1500,850,1400,5.78,1.85,0.80,1.03,1000,32,140,580,17,144.95,174183,85,"Anchovy, canned"
10,10065,＜魚類＞　いわな　養殖　生,76.1,19.0,3.6,(0),1.2,101,39,260,49,380,29,0.3,0.8,0.04,0.02,-,-,5,5,1.6,0.09,0.12,3.4,0.21,4.2,5,0.68,"{""baseName"":""いわな"",""productionMethod"":""養殖"",""state"":""生"",""notes"":[""魚類""]}",いわなは良質な魚のタンパク源で犬のレシピ素材として適している,9,0,1,,,,,,,,,,,,,,,2.65,0.91,0.56,0.35,290,29,110,350,31,97.45,173717,65,"Char, farmed, raw"
10,10066,＜魚類＞　うぐい　生,77.0,20.1,1.5,(0),1.2,93,69,240,83,340,27,0.7,3.4,0.05,0.04,-,-,41,19.0,0.8,0.03,0.11,3.5,0.16,8.5,8,1.11,"{""baseName"":""うぐい"",""state"":""生"",""notes"":[""魚類""]}",うぐいは魚類として使えるたんぱく源。骨や内臓の除去が前提。,8,1,1,(920),(1600),(1800),(620),(230),(860),(790),(680),(1500),(880),(220),(1000),(540),(1200),1.12,0.43,0.25,0.17,120,12,48,170,21,83.8,171952,65,"Dace, raw"
10,10067,＜魚類＞　うなぎ　養殖　生,62.1,17.1,19.3,(0),1.2,228,130,260,74,230,20,0.5,1.4,0.04,0.04,17,50,2400,18.0,7.4,0.37,0.48,3.0,0.13,3.5,14,2.17,"{""baseName"":""うなぎ"",""productionMethod"":""養殖"",""state"":""生"",""notes"":[""魚類""]}",うなぎは良質な動物性タンパク源で犬のレシピ素材として適している,9,1,1,630,1100,1300,480,140,610,610,490,1100,730,140,730,600,1100,15.45,2.89,2.42,0.39,220,59,580,1100,71,224.95,174193,65,"Eel, farmed, raw"
10,10068,＜魚類＞　うなぎ　きも　生,77.2,13.0,5.3,(0),1.0,102,19,160,140,200,15,4.6,2.7,1.08,0.08,-,-,4400,3,3.9,0.30,0.75,4.0,0.25,2.7,380,2.95,"{""baseName"":""うなぎ"",""part"":""きも"",""state"":""生"",""notes"":[""魚類""]}",うなぎの肝は内臓肉で栄養が濃縮されるため使用量に注意が必要だが素材としては利用可能,6,0,1,,,,,,,,,,,,,,,3.93,0.93,0.79,0.13,50,10,150,470,53,102.8,168980,,"Eel, liver, raw"
10,10069,＜魚類＞　うなぎ　白焼き,52.1,20.7,25.8,(0),1.3,300,140,280,100,300,18,1.0,1.9,0.04,0.04,-,-,1500,17.0,5.3,0.55,0.45,3.5,0.09,2.7,16,1.16,"{""baseName"":""うなぎ"",""variety"":""白焼き"",""notes"":[""魚類""]}",白焼きのうなぎは良質なタンパク・脂質源で犬のレシピに適している。,9,1,1,(760),(1300),(1600),(580),(170),(740),(730),(590),(1300),(880),(160),(880),(730),(1400),21.64,3.10,2.27,0.75,530,90,510,1100,95,292.1,174194,,"Eel, grilled (shirayaki)"
10,10070,＜魚類＞　うなぎ　かば焼,50.5,23.0,21.0,(0),2.4,285,150,300,510,300,15,0.8,2.7,0.07,-,77,42,1500,19.0,4.9,0.75,0.74,4.1,0.09,2.2,13,1.29,"{""baseName"":""うなぎ"",""variety"":""かば焼"",""notes"":[""魚類""]}",うなぎのかば焼は良質なタンパク源だが濃い味付け（塩分・糖分）に注意,7,1,1,(850),(1500),(1700),(640),(190),(830),(810),(660),(1500),(980),(180),(980),(810),(1500),18.56,3.39,2.87,0.53,440,84,750,1300,62,269.85,174194,,"Eel, kabayaki (grilled with sauce)"
10,10071,＜魚類＞　うまづらはぎ　生,80.2,18.2,0.3,(0),1.3,75,50,160,210,320,87,0.4,0.5,0.05,0.02,-,-,0,8,1.1,0.01,0.13,3.7,0.40,1.4,4,0.50,"{""baseName"":""うまづらはぎ"",""state"":""生"",""notes"":[""魚類""]}",うまづらはぎは良質な魚類のたんぱく源で犬の素材として適切（加熱推奨）,9,1,1,900,1500,1600,530,230,760,700,640,1300,820,220,1000,440,1100,0.19,0.11,0.08,0.02,1,Tr,21,55,16,66.25,173670,,"Filefish, raw"
10,10072,＜魚類＞　うまづらはぎ　味付け開き干し,21.5,58.9,1.6,(0),7.6,289,190,370,2400,310,84,1.5,2.4,0.10,0.10,-,-,Tr,69.0,0.7,0.02,0.05,8.2,0.34,4.0,16,0.74,"{""baseName"":""うまづらはぎ"",""variety"":""味付け開き干し"",""notes"":[""魚類""]}",味付けの干物魚で塩分や加工があるため使用は制限されるが魚素材としての利用は可能。,6,1,1,(2900),(4700),(5200),(1700),(760),(2500),(2300),(2100),(4300),(2700),(700),(3300),(1400),(3700),1.08,0.57,0.48,0.09,9,3,120,340,55,256.15,174190,291.3,"Filefish, seasoned dried"
10,10073,＜魚類＞　えい　生,79.3,19.1,0.3,(0),1.2,79,4,170,270,110,18,0.9,0.5,0.04,0.01,-,-,2,3,0.7,0.05,0.12,2.5,0.25,3.7,3,0.55,"{""baseName"":""えい"",""state"":""生"",""notes"":[""魚類""]}",えいは魚類で良質なタンパク源。適切に処理すれば犬の素材として使える。,9,1,1,(590),(910),(1000),(340),(130),(470),(450),(400),(850),(550),(140),(570),(280),(740),0.14,0.06,0.04,0.02,1,Tr,7,30,15,69.75,167783,,"Ray, raw"
10,10074,＜魚類＞　えそ　生,77.6,20.1,0.8,(0),1.4,87,80,260,120,380,36,0.3,0.4,0.02,0.17,17,27,0,1,0.1,0.07,0.10,3.3,0.24,1.7,13,0.51,"{""baseName"":""えそ"",""state"":""生"",""notes"":[""魚類""]}",えそ（生）は魚類としてタンパク源に適しているが下処理に注意が必要,8,1,1,950,1700,2000,630,210,840,810,760,1600,1000,240,1100,670,1300,0.55,0.25,0.22,0.03,5,2,37,160,16,77.5,173670,,"Lizardfish, raw"
10,10075,＜魚類＞　おいかわ　生,73.8,19.2,5.8,(0),1.1,124,45,210,48,240,23,0.6,2.5,0.06,0.04,-,-,10,10.0,0.9,0.01,0.16,4.0,0.21,11.0,21,1.02,"{""baseName"":""おいかわ"",""state"":""生"",""notes"":[""魚類""]}",おいかわ（淡水魚）の魚肉は動物性たんぱく源として利用できる素材である,8,1,1,(880),(1500),(1800),(590),(220),(820),(760),(650),(1400),(840),(210),(980),(520),(1200),4.50,1.41,0.96,0.19,120,230,360,170,40,116.85,173675,,"Freshwater minnow (Oikawa), raw"
10,10076,＜魚類＞　おおさが　生,74.7,16.3,8.0,(0),0.9,131,16,160,71,310,22,0.2,0.4,0.02,0.01,-,-,85,3,4.9,0.01,0.03,1.0,0.05,3.3,1,0.21,"{""baseName"":""おおさが"",""state"":""生"",""notes"":[""魚類""]}",生のおおさがは魚類としてたんぱく源に適するが、生食によるリスクに留意する必要がある。,8,1,1,(750),(1300),(1500),(500),(190),(690),(640),(550),(1200),(720),(180),(830),(440),(990),6.35,0.79,0.68,0.12,47,17,210,330,39,125.4,175163,,"Bigeye (Osaga), raw"
10,10077,＜魚類＞　おこぜ　生,78.8,19.6,0.2,(0),1.2,81,31,200,85,360,26,0.4,0.7,0.03,0.21,-,-,2,1,0.4,0.01,0.12,2.4,0.08,0.6,3,0.51,"{""baseName"":""おこぜ"",""state"":""生"",""notes"":[""魚類""]}",おこぜは魚類としてタンパク源に適するが生魚由来のリスクに注意,8,1,1,(900),(1500),(1800),(610),(230),(830),(770),(660),(1400),(860),(210),(1000),(530),(1200),0.10,0.05,0.04,0.01,1,Tr,9,25,8,71,175141,65,"Scorpionfish, raw"
10,10078,＜魚類＞　おひょう　生,77.0,19.9,1.7,(0),1.3,93,7,260,72,400,28,0.1,0.5,0.02,0.01,-,-,13,3,0.8,0.09,0.07,7.1,0.41,2.1,12,0.47,"{""baseName"":""おひょう"",""state"":""生"",""notes"":[""魚類""]}",おひょう（生切り身）は低脂肪の良質な魚類で、加熱して与えれば素材として適している,8,1,1,(910),(1600),(1800),(610),(230),(850),(790),(670),(1500),(870),(220),(1000),(540),(1200),1.19,0.39,0.35,0.04,9,3,140,170,21,84.45,174200,61.8,"Halibut, raw"
10,10079,＜魚類＞　かさご　生,79.1,19.3,1.1,(0),1.2,83,57,180,120,310,27,0.3,0.5,0.01,0.01,48,50,3,2,0.3,0.03,0.06,1.8,0.06,1.2,3,0.47,"{""baseName"":""かさご"",""state"":""生"",""notes"":[""魚類""]}",かさごは魚類で良質なタンパク源になり得る素材である,9,1,1,830,1500,1800,610,200,800,790,670,1500,970,200,910,440,1300,0.89,0.35,0.28,0.06,7,4,54,190,33,76.9,173684,65,"Rockfish, raw"
10,10080,＜魚類＞　かじか　生,76.4,15.0,5.0,(0),3.4,98,520,400,110,260,31,2.8,1.7,0.15,0.31,-,-,180,3,1.3,0.07,0.38,1.5,0.08,28.0,15,0.54,"{""baseName"":""かじか"",""state"":""生"",""notes"":[""魚類""]}",かじかは魚類で良質なたんぱく源。魚体全体だが素材として使用可能。,9,1,1,(690),(1200),(1400),(460),(180),(640),(590),(510),(1100),(660),(160),(760),(410),(910),3.27,1.17,0.74,0.40,170,120,240,220,150,95.7,175141,65,"Sculpin, raw"
10,10081,＜魚類＞　かじか　水煮,73.5,15.8,5.8,(0),4.7,108,630,440,90,210,40,2.6,2.3,0.24,0.37,-,-,290,4.9,2.5,0.06,0.30,1.1,0.07,28.0,21,0.42,"{""baseName"":""かじか"",""state"":""水煮"",""notes"":[""魚類""]}",水煮のかじかは良質な魚類たんぱくで犬の素材として適切,9,1,1,(730),(1200),(1400),(490),(180),(670),(620),(530),(1200),(690),(170),(800),(430),(960),3.89,1.36,0.86,0.47,190,130,270,270,180,105.3,175141,65,"Sculpin, boiled"
10,10082,＜魚類＞　かじか　つくだ煮,23.8,29.4,5.5,(0),7.5,293,880,670,1700,460,59,5.8,3.0,0.15,1.64,-,-,370,2,3.4,0.07,0.48,2.4,0.05,16.0,53,0.80,"{""baseName"":""かじか"",""variety"":""つくだ煮"",""notes"":[""魚類""]}",かじかの佃煮は塩分や糖分の高い加工食品で、素材としては不向き。,3,1,1,(1300),(2300),(2700),(910),(340),(1300),(1200),(990),(2200),(1300),(320),(1500),(800),(1800),3.47,1.63,1.10,0.51,140,120,450,270,240,267.95,175141,65,"Sculpin, tsukudani"
10,10083,＜魚類＞　（かじき類）　くろかじき　生,75.6,22.9,0.2,(0),1.2,93,5,260,70,390,34,0.5,0.7,0.03,0.01,-,-,2,38.0,0.9,0.05,0.06,14.0,0.44,1.5,6,0.29,"{""baseName"":""くろかじき"",""state"":""生"",""notes"":[""魚類"",""かじき類""]}",くろかじきは良質な魚のたんぱく源で犬に適している,9,1,1,1100,1700,1900,650,280,920,820,730,1500,980,260,1200,1800,1300,0.12,0.05,0.04,0.01,1,Tr,4,36,6,82.2,171959,,"Blue marlin, raw"
10,10084,＜魚類＞　（かじき類）　まかじき　生,73.8,23.1,1.8,(0),1.2,107,5,270,65,380,35,0.6,0.6,0.04,0.01,11,55,8,12.0,1.2,0.09,0.07,10.0,0.44,4.3,5,1.25,"{""baseName"":""まかじき"",""state"":""生"",""notes"":[""魚類"",""かじき類""]}",まかじきは良質なたんぱく源の魚で犬のレシピ素材として適切。,9,1,1,(1000),(1700),(2000),(650),(240),(900),(860),(760),(1600),(1000),(270),(1200),(1700),(1300),1.34,0.52,0.44,0.09,16,6,61,310,39,96.5,171948,,"Striped marlin, raw"
10,10085,＜魚類＞　（かじき類）　めかじき　生,72.2,19.2,7.6,(0),1.3,139,3,260,71,440,29,0.5,0.7,0.04,0,16,59,61,8.8,4.4,0.06,0.09,7.6,0.37,1.9,8,0.39,"{""baseName"":""めかじき"",""state"":""生"",""notes"":[""魚類"",""かじき類""]}",めかじきは良質なたんぱく源だが生食は寄生虫や病原性リスクがあるため加熱が望ましい。,6,1,1,830,1400,1600,530,200,730,680,660,1300,880,220,910,1000,1100,6.29,1.11,0.92,0.19,41,20,110,600,60,131.8,173703,65,"Swordfish, raw"
10,10398,＜魚類＞　（かじき類）　めかじき　焼き,59.9,27.5,11.1,(0),1.9,202,5,370,110,630,41,0.6,0.9,0.05,0,-,-,85,10.0,6.1,0.07,0.11,10.0,0.35,2.4,8,0.46,"{""baseName"":""めかじき"",""state"":""焼き"",""notes"":[""魚類"",""かじき類""]}",めかじきの焼き切り身は良質な魚由来たんぱくと脂肪酸を供給する良い素材。,9,1,1,1200,2100,2300,790,280,1100,1000,980,2000,1300,320,1400,1500,1600,9.38,1.65,1.37,0.28,62,23,170,890,87,190.6,173704,77.5,"Swordfish, grilled"
10,10086,＜魚類＞　（かつお類）　かつお　春獲り　生,72.2,25.8,0.5,(0),1.4,108,11,280,43,430,42,1.9,0.8,0.11,0.01,11,43,5,4,0.3,0.13,0.17,19.0,0.76,8.4,6,0.70,"{""baseName"":""かつお"",""variety"":""春獲り"",""state"":""生"",""notes"":[""魚類"",""かつお類""]}",かつおは良質な魚由来タンパク源で犬のレシピ素材として適している,9,1,1,1000,1800,2100,700,270,970,920,830,1700,1200,320,1200,2500,1400,0.38,0.19,0.17,0.02,5,3,39,120,7,94.9,175156,,"Skipjack tuna, spring catch, raw"
10,10087,＜魚類＞　（かつお類）　かつお　秋獲り　生,67.3,25.0,6.2,(0),1.3,150,8,260,38,380,38,1.9,0.9,0.10,0.01,25,100,20,9,0.1,0.10,0.16,18.0,0.76,8.6,4,0.61,"{""baseName"":""かつお"",""variety"":""秋獲り"",""state"":""生"",""notes"":[""魚類"",""かつお類""]}",かつおは高品質なたんぱく源で犬のレシピ素材として適切。,9,1,1,1100,1800,2100,700,270,970,930,830,1800,1100,310,1200,2400,1400,4.67,1.84,1.57,0.24,85,41,400,970,84,140.9,173706,65,"Skipjack tuna, autumn catch, raw"
10,10088,＜魚類＞　（かつお類）　そうだがつお　生,69.9,25.7,2.8,(0),1.3,126,23,230,81,350,33,2.6,1.2,0.15,0.02,-,-,9,22.0,1.2,0.17,0.29,16.0,0.54,12.0,14,1.29,"{""baseName"":""そうだがつお"",""state"":""生"",""notes"":[""魚類"",""かつお類""]}",そうだがつお（生）は良質な魚たんぱくで犬のレシピ素材として適している,9,1,1,(1100),(1900),(2200),(730),(270),(1000),(950),(840),(1800),(1100),(300),(1300),(2100),(1400),2.06,0.84,0.74,0.10,28,16,180,470,39,114.8,175156,,"Frigate tuna, raw"
10,10089,＜魚類＞　（かつお類）　加工品　なまり,66.9,29.8,0.7,(0),2.2,126,11,300,110,300,32,3.7,0.9,0.17,0.02,-,-,Tr,4,0.2,0.19,0.18,16.0,0.46,21.0,16,0.58,"{""baseName"":""加工品"",""variety"":""なまり"",""notes"":[""魚類"",""かつお類""]}",なまり（かつお類の加工品）は魚由来の良質なタンパク質源だが加工品で風味や塩分があるためやや注意が必要。,7,1,1,(1300),(2200),(2500),(850),(320),(1200),(1100),(970),(2100),(1300),(350),(1500),(2400),(1700),0.42,0.17,0.14,0.03,6,2,19,110,12,111.65,175156,,"Skipjack tuna, namari (lightly boiled)"
10,10090,＜魚類＞　（かつお類）　加工品　なまり節,58.8,38.0,1.1,(0),1.6,162,20,570,95,630,40,5.0,1.2,0.20,0.03,-,-,Tr,21.0,0.4,0.40,0.25,35.0,0.36,11.0,10,0.70,"{""baseName"":""加工品"",""variety"":""なまり節"",""notes"":[""魚類"",""かつお類""]}",加工された魚製品でたんぱく質は豊富だが塩分が含まれるため量に注意,6,1,1,(1700),(2800),(3200),(1100),(400),(1500),(1400),(1200),(2600),(1600),(440),(1900),(3100),(2100),0.66,0.22,0.17,0.06,8,2,22,130,24,144.1,175156,,"Skipjack tuna, namari-bushi (semi-dried)"
10,10446,＜魚類＞　（かつお類）　加工品　裸節,22.6,71.6,3.3,0,2.8,309,15,570,310,780,76,6.5,1.9,0.29,0.03,60,240,10,6.7,1.5,0.01,0.35,45.0,0.65,16.0,14,0.86,"{""baseName"":""加工品"",""variety"":""裸節"",""notes"":[""魚類"",""かつお類""]}",かつお加工品は高たんぱくで旨味があり、犬の料理素材として適切。,9,1,1,(3300),(5500),(6200),(2100),(700),(2800),(2800),(2500),(5300),(3500),(900),(3800),(5300),(4100),(1.98),(0.91),(0.79),(0.12),(25),(7),(110),(630),(45),278.65,175156,,"Skipjack tuna, naked-bushi (dried block)"
10,10091,＜魚類＞　（かつお類）　加工品　かつお節,15.2,77.1,2.9,(0),4.0,332,28,790,130,940,70,5.5,2.8,0.27,-,45,320,Tr,6,1.2,0.55,0.35,45.0,0.53,15.0,11,0.82,"{""baseName"":""加工品"",""variety"":""かつお節"",""notes"":[""魚類"",""かつお類""]}",かつお節は乾燥した魚資源で旨味と良質なタンパク質を提供する安全な素材である。,8,1,1,3600,5900,6700,2200,760,3000,3000,2700,5700,3800,960,4100,5700,4400,1.76,0.81,0.70,0.10,22,6,99,560,40,297.3,175156,,"Skipjack tuna, katsuobushi (dried bonito)"
10,10092,＜魚類＞　（かつお類）　加工品　削り節,17.2,75.7,3.2,(0),3.5,327,46,680,480,810,91,9.0,2.5,0.43,0.05,-,-,24,4,1.1,0.38,0.57,37.0,0.53,22.0,15,0.97,"{""baseName"":""加工品"",""variety"":""削り節"",""notes"":[""魚類"",""かつお類""]}",削り節は良質な魚たんぱくと旨味があり風味付けや栄養補助に適する,9,1,1,3500,6000,6600,2200,810,3000,3100,2800,5900,3800,1000,4100,4800,4400,1.86,0.79,0.63,0.16,25,7,86,500,63,293.55,175156,,"Skipjack tuna, dried bonito flakes"
10,10093,＜魚類＞　（かつお類）　加工品　削り節つくだ煮,36.1,19.5,3.3,(0),8.8,233,54,290,3100,410,69,8.0,1.3,0.18,0.35,-,-,Tr,6,0.4,0.13,0.10,12.0,0.19,5.3,27,0.57,"{""baseName"":""加工品"",""variety"":""削り節つくだ煮"",""notes"":[""魚類"",""かつお類""]}",削り節を甘辛く煮た加工品で塩分・調味料が多く、そのまま素材としては不向き。,3,1,1,(900),(1500),(1700),(560),(210),(770),(800),(710),(1500),(990),(260),(1100),(1200),(1100),2.49,1.09,0.31,0.77,710,9,38,250,29,209.35,175121,85,"Skipjack tuna, dried bonito flakes, tsukudani"
10,10094,＜魚類＞　（かつお類）　加工品　角煮,41.4,31.0,1.6,(0),4.6,221,10,220,1500,290,40,6.0,0.7,0.09,0.26,-,-,Tr,5,0.5,0.15,0.12,17.0,0.21,4.0,15,0.42,"{""baseName"":""加工品"",""variety"":""角煮"",""notes"":[""魚類"",""かつお類""]}",かつおの角煮は魚由来の良質なタンパク源だが調味料を含む加工品である点に注意。,6,1,1,(1400),(2300),(2700),(880),(330),(1200),(1200),(1000),(2200),(1300),(360),(1600),(2300),(1700),1.02,0.39,0.31,0.09,38,15,42,230,23,197,175156,,"Skipjack tuna, kakuni (simmered cubes)"
10,10095,＜魚類＞　（かつお類）　加工品　塩辛,72.9,12.0,1.5,(0),13.6,58,180,150,5000,130,37,5.0,12.0,0.07,0.07,-,-,90,120.0,0.7,0.10,0.25,1.7,0.05,4.5,48,0.43,"{""baseName"":""加工品"",""variety"":""塩辛"",""notes"":[""魚類"",""かつお類""]}",塩辛は非常に塩分が高く強い風味の加工品で犬には不向き,3,1,1,(520),(890),(1000),(340),(130),(470),(450),(400),(840),(520),(140),(600),(880),(670),0.71,0.24,0.18,0.06,16,3,28,140,27,54.75,169798,,"Skipjack tuna, shiokara (salted viscera)"
10,10096,＜魚類＞　（かつお類）　缶詰　味付け　フレーク,65.8,18.4,2.7,(0),2.4,139,29,190,650,280,30,2.6,0.7,0.15,0.11,-,-,Tr,9,1.0,0.14,0.13,15.0,0.29,8.3,9,0.37,"{""baseName"":""味付け"",""variety"":""フレーク"",""state"":""缶詰"",""notes"":[""魚類"",""かつお類""]}",魚由来の加工缶詰は風味が良いが味付け（塩分・調味料）があるため加工品として使用量に留意,6,1,1,(800),(1400),(1600),(520),(190),(710),(680),(610),(1300),(800),(220),(920),(1400),(1000),2.30,0.94,0.83,0.11,40,22,180,540,35,124.8,175121,85,"Skipjack tuna, canned, seasoned, flaked"
10,10097,＜魚類＞　（かつお類）　缶詰　油漬　フレーク,55.5,18.8,24.2,(0),1.4,289,5,160,350,230,23,0.9,0.5,0.07,0.02,-,-,Tr,4,2.6,0.12,0.11,15.0,0.40,2.8,7,0.24,"{""baseName"":""油漬"",""variety"":""フレーク"",""state"":""缶詰"",""notes"":[""魚類"",""かつお類""]}",かつおの缶詰油漬フレークは魚由来の良質タンパクだが油や塩分を含む加工品,8,1,1,(820),(1400),(1600),(530),(200),(730),(700),(620),(1300),(820),(220),(940),(1400),(1100),22.36,13.44,1.99,11.44,11000,1600,60,290,14,271.85,175157,,"Skipjack tuna, canned, in oil, flaked"
10,10098,＜魚類＞　かます　生,72.7,18.9,7.2,(0),1.1,137,41,140,120,320,34,0.3,0.5,0.04,0.01,-,-,12,11.0,0.9,0.03,0.14,4.5,0.31,2.3,8,0.47,"{""baseName"":""かます"",""state"":""生"",""notes"":[""魚類""]}",かます（生）は魚類として利用可能だが加熱や下処理を行ってから与えるのが望ましい,7,1,1,890,1500,1800,600,280,880,750,680,1400,850,210,990,530,1100,6.12,1.80,1.50,0.26,56,32,340,940,130,127.7,173675,,"Barracuda, raw"
10,10099,＜魚類＞　かます　焼き,70.3,23.3,4.9,(0),1.4,134,59,190,150,360,42,0.5,0.6,0.05,0.01,-,-,13,10.0,0.9,0.03,0.14,4.2,0.31,3.3,13,0.52,"{""baseName"":""かます"",""state"":""焼き"",""notes"":[""魚類""]}",焼きかますは魚由来のたんぱく源で料理素材として適切。,8,1,1,(1100),(1900),(2200),(740),(340),(1100),(930),(830),(1800),(1000),(260),(1200),(660),(1400),3.90,1.23,1.03,0.17,35,19,190,710,83,123.55,173675,,"Barracuda, grilled"
10,10100,＜魚類＞　（かれい類）　まがれい　生,77.8,19.6,1.3,(0),1.2,89,43,200,110,330,28,0.2,0.8,0.03,0.01,21,110,5,13.0,1.5,0.03,0.35,2.5,0.15,3.1,4,0.66,"{""baseName"":""まがれい"",""state"":""生"",""notes"":[""魚類"",""かれい類""]}",まがれい（生）は良質な魚類タンパク源で犬の素材として適している（骨除去）。,9,1,1,970,1700,2000,640,230,870,820,750,1600,1000,230,1100,510,1300,0.95,0.43,0.35,0.06,7,3,180,96,27,80,174196,65,"Marbled flounder, raw"
10,10101,＜魚類＞　（かれい類）　まがれい　水煮,75.6,21.4,1.1,(0),1.2,97,56,200,100,320,29,0.3,0.9,0.03,0.02,15,77,5,17.0,2.0,0.03,0.27,2.6,0.14,3.3,4,0.73,"{""baseName"":""まがれい"",""state"":""水煮"",""notes"":[""魚類"",""かれい類""]}",まがれい水煮は加熱済みの魚で良質なタンパク源、犬のレシピ素材として適している,9,1,1,(1100),(1800),(2100),(700),(250),(950),(900),(820),(1700),(1100),(250),(1200),(550),(1400),0.83,0.38,0.31,0.05,6,3,160,83,22,86.7,174196,65,"Marbled flounder, boiled"
10,10102,＜魚類＞　（かれい類）　まがれい　焼き,73.9,23.4,1.3,(0),1.4,104,70,240,130,370,32,0.3,1.0,0.04,0.02,22,97,7,18.0,2.5,0.03,0.41,3.1,0.13,4.1,6,0.75,"{""baseName"":""まがれい"",""state"":""焼き"",""notes"":[""魚類"",""かれい類""]}",まがれいの焼き身は調理済み魚としてたんぱく源に適し骨の除去が前提,9,1,1,(1200),(2000),(2300),(770),(270),(1000),(980),(900),(1900),(1200),(270),(1300),(610),(1500),0.96,0.44,0.36,0.06,6,2,180,91,29,92.95,174196,65,"Marbled flounder, grilled"
10,10103,＜魚類＞　（かれい類）　まこがれい　生,79.0,18.0,1.8,(0),1.2,86,46,190,120,320,24,0.4,0.8,0.02,0.03,-,-,5,6.7,1.5,0.12,0.32,3.1,0.21,1.8,8,0.67,"{""baseName"":""まこがれい"",""state"":""生"",""notes"":[""魚類"",""かれい類""]}",まこがれい（生）はたんぱく源として良いが生魚は寄生虫や安全性の懸念があるため加熱が望ましい,7,1,1,750,1300,1500,540,180,720,690,590,1300,830,180,860,400,1200,1.23,0.56,0.43,0.11,11,7,200,110,52,78.3,173705,,"Marbled sole, raw"
10,10399,＜魚類＞　（かれい類）　まこがれい　焼き,66.2,28.5,2.8,(0),1.8,138,75,300,180,490,39,0.8,1.2,0.03,0.06,-,-,6,9.2,2.1,0.17,0.44,5.0,0.15,3.0,14,1.25,"{""baseName"":""まこがれい"",""state"":""焼き"",""notes"":[""魚類"",""かれい類""]}",焼きのまこがれいは良質な魚肉で犬のレシピ素材として適している（骨除去済）,9,1,1,1100,2000,2300,830,280,1100,1100,920,2000,1300,280,1300,610,1900,1.95,0.89,0.68,0.18,18,10,310,180,88,126,175152,,"Marbled sole, grilled"
10,10104,＜魚類＞　（かれい類）　子持ちがれい　生,72.7,19.9,6.2,(0),1.1,123,20,200,77,290,27,0.2,0.8,0.03,0.04,-,-,12,4,2.9,0.19,0.20,2.4,0.15,4.3,20,2.41,"{""baseName"":""子持ちがれい"",""state"":""生"",""notes"":[""魚類"",""かれい類""]}",魚および魚卵は良質なタンパク源で素材として適している,8,0,1,,,,,,,,,,,,,,,4.56,1.70,1.51,0.13,34,16,800,380,68,122.7,175132,335.4,"Roe-bearing flounder, raw"
10,10105,＜魚類＞　（かれい類）　子持ちがれい　水煮,69.3,22.3,7.2,(0),1.1,137,40,210,83,270,28,0.3,1.0,0.04,0.04,-,-,11,4.7,4.2,0.25,0.22,2.7,0.15,4.9,23,2.58,"{""baseName"":""子持ちがれい"",""state"":""水煮"",""notes"":[""魚類"",""かれい類""]}",子持ちがれいの水煮は加熱済みの魚で良質なたんぱく源として適する,9,0,1,,,,,,,,,,,,,,,5.04,1.74,1.52,0.15,35,18,760,420,81,139.6,175132,335.4,"Roe-bearing flounder, boiled"
10,10106,＜魚類＞　（かれい類）　干しかれい,74.6,20.2,3.4,(0),1.8,104,40,170,430,280,29,0.1,0.4,0.01,0.02,-,-,2,1,2.3,0.25,0.10,5.1,0.11,1.6,11,0.71,"{""baseName"":""干しかれい"",""notes"":[""魚類"",""かれい類""]}",干しかれいは良質な魚由来たんぱくだが乾燥や塩分が含まれる点に注意が必要,8,0,1,,,,,,,,,,,,,,,2.43,0.85,0.73,0.09,17,8,310,280,48,99.6,174197,79.9,"Flatfish, dried"
10,10107,＜魚類＞　かわはぎ　生,79.9,18.8,0.4,(0),1.2,77,13,240,110,380,28,0.2,0.4,0.03,0.02,33,35,2,43.0,0.6,0.02,0.07,3.0,0.45,1.3,6,0.17,"{""baseName"":""かわはぎ"",""state"":""生"",""notes"":[""魚類""]}",かわはぎは良質な魚で犬に適したタンパク源（加熱と骨除去が前提）,9,1,1,850,1500,1700,570,200,780,740,680,1400,940,220,970,450,1200,0.26,0.14,0.10,0.04,2,Tr,32,53,30,69.2,171958,,"Filefish, raw"
10,10108,＜魚類＞　かんぱち　三枚おろし　生,73.3,21.0,4.2,(0),1.4,119,15,270,65,490,34,0.6,0.7,0.05,0.01,11,29,4,4,0.9,0.15,0.16,8.0,0.32,5.3,10,0.52,"{""baseName"":""かんぱち"",""variety"":""三枚おろし"",""state"":""生"",""notes"":[""魚類""]}",かんぱちは良質な魚のたんぱく質で犬のレシピ素材として適する,9,1,1,(950),(1600),(1900),(640),(230),(870),(840),(710),(1500),(930),(240),(1100),(970),(1200),3.39,1.24,1.07,0.15,33,18,190,730,68,109.55,171951,,"Greater amberjack, fillet, raw"
10,10424,＜魚類＞　かんぱち　背側　生,76.1,22.2,1.2,(0),1.3,95,6,250,54,470,29,0.4,0.4,0.04,Tr,53,63,4,1.4,1.1,0.15,0.08,10,0.56,1.0,4,0.28,"{""baseName"":""かんぱち"",""variety"":""背側"",""state"":""生"",""notes"":[""魚類""]}",白身の生魚で良質なタンパク源。生食の取り扱いに注意しつつ素材として適している。,9,1,1,1100,1800,2100,680,240,920,870,810,1700,1100,260,1200,920,1400,0.86,0.31,0.26,0.05,6,2,26,210,22,87.9,175159,65,"Greater amberjack, dorsal, raw"
10,10109,＜魚類＞　きす　生,80.8,18.5,0.2,(0),1.2,73,27,180,100,340,29,0.1,0.4,0.02,0.01,21,37,1,0.7,0.4,0.09,0.03,2.7,0.22,2.2,11,0.18,"{""baseName"":""きす"",""state"":""生"",""notes"":[""魚類""]}",きすは良質なタンパク源。頭部・内臓等を除いた身は犬の素材として適切。,9,1,1,860,1500,1800,590,200,780,750,670,1400,910,210,950,460,1200,0.12,0.06,0.05,0.01,1,Tr,17,31,5,66.45,173713,65,"Japanese whiting, raw"
10,10400,＜魚類＞　きす　天ぷら,57.5,18.4,15.2,0.7,1.2,234,90,210,110,330,31,0.2,0.5,0.03,0.08,22,33,2,0.6,3.2,0.09,0.06,2.4,0.15,2.0,9,0.30,"{""baseName"":""きす"",""state"":""天ぷら"",""notes"":[""魚類""]}",きすの天ぷらは揚げ物で油・衣・調味が多く加工度が高いため素材としては不向き。,4,1,1,860,1500,1700,570,210,780,760,620,1400,900,210,950,460,1200,13.43,3.77,1.28,2.48,2400,1100,68,120,20,218.1,173713,65,"Japanese whiting, tempura"
10,10110,＜魚類＞　きちじ　生,63.9,13.6,21.7,(0),0.8,238,32,130,75,250,32,0.3,0.4,0.11,-,84,58,65,4,2.4,0.03,0.07,0.8,0.04,1.0,2,0.20,"{""baseName"":""きちじ"",""state"":""生"",""notes"":[""魚類""]}",魚類は良質なタンパク質と不飽和脂肪酸が得られる素材で適している,9,1,1,620,1100,1300,450,150,600,610,490,1100,700,140,680,300,930,18.61,3.97,3.42,0.48,140,66,1300,1500,190,232.05,173673,50.5,"Splendid alfonsino, raw"
10,10111,＜魚類＞　きびなご　生,78.2,18.8,1.4,(0),1.5,85,100,240,150,330,34,1.1,1.9,0.10,0.03,-,-,0,10.0,0.3,0.02,0.25,6.2,0.44,8.3,8,0.87,"{""baseName"":""きびなご"",""state"":""生"",""notes"":[""魚類""]}",きびなごは良質な魚でタンパク源になるが生食は寄生虫や消化面の懸念があるため調理して使う方が望ましい。,8,1,1,(860),(1500),(1700),(580),(220),(800),(740),(630),(1400),(830),(200),(960),(510),(1100),0.75,0.24,0.21,0.03,9,5,59,130,10,78.05,175116,65,"Silver-stripe round herring, raw"
10,10112,＜魚類＞　きびなご　調味干し,32.2,47.9,7.4,(0),12.0,241,1400,1200,2600,660,170,5.9,0.7,0.19,0.41,-,-,0,24.0,0.4,0.02,0.64,13.0,0.26,24.0,36,1.36,"{""baseName"":""きびなご"",""variety"":""調味干し"",""notes"":[""魚類""]}",きびなごの調味干しは加工・味付けが施され塩分や添加物が多い場合があるため注意が必要,5,1,1,(2200),(3800),(4400),(1500),(560),(2000),(1900),(1600),(3500),(2100),(520),(2400),(1300),(2900),3.47,0.95,0.78,0.12,42,34,250,400,40,232.3,169807,,"Silver-stripe round herring, seasoned dried"
10,10113,＜魚類＞　キャビア　塩蔵品,51.0,26.2,17.1,(0),4.6,242,8,450,1600,200,30,2.4,2.5,0.07,0.12,-,-,59,1,9.3,0.01,1.31,0.6,0.24,19.0,49,2.38,"{""baseName"":""キャビア"",""variety"":""塩蔵品"",""notes"":[""魚類""]}",キャビア（塩蔵）は魚卵で栄養価は高いが塩分が高めの加工品であるため取り扱いに注意が必要。,6,1,1,(1100),(2300),(2000),(690),(480),(1200),(1100),(1000),(2200),(1300),(340),(1300),(690),(1700),12.41,2.91,2.36,0.54,110,59,470,1600,320,240.9,168149,101.6,"Caviar, salted"
10,10114,＜魚類＞　キングクリップ　生,80.5,18.2,0.1,(0),1.2,73,47,170,140,340,28,0.3,0.5,0.02,0.01,-,-,5,Tr,0.2,0.03,0.07,1.5,0.09,1.3,4,0.42,"{""baseName"":""キングクリップ"",""state"":""生"",""notes"":[""魚類""]}",良質な魚の生切り身で犬に適したタンパク源（加熱や骨除去が望ましい）,9,1,1,(840),(1400),(1700),(560),(210),(770),(720),(610),(1300),(800),(200),(930),(490),(1100),0.06,0.03,0.02,Tr,Tr,0,4,19,3,64.55,173671,,"Kingklip, raw"
10,10115,＜魚類＞　ぎんだら　生,67.4,13.6,18.6,(0),0.9,210,15,180,74,340,26,0.3,0.3,0.02,0,-,-,1500,3.5,4.6,0.05,0.10,1.7,0.09,2.8,1,0.21,"{""baseName"":""ぎんだら"",""state"":""生"",""notes"":[""魚類""]}",銀鱈は良質な魚のたんぱく源で犬のレシピ素材として適している。,9,1,1,620,1100,1300,450,140,590,540,500,1000,690,140,680,330,950,15.96,1.59,1.13,0.29,160,69,480,290,75,205.7,175134,,"Sablefish, raw"
10,10401,＜魚類＞　ぎんだら　水煮,61.2,14.9,23.8,(0),0.8,253,15,150,63,280,25,0.3,0.3,0.03,0,-,-,1800,4.2,5.4,0.04,0.08,1.6,0.09,2.6,1,0.13,"{""baseName"":""ぎんだら"",""state"":""水煮"",""notes"":[""魚類""]}",ぎんだらの水煮は調理済みの魚で良質なタンパク質・脂質源として適切,9,1,1,770,1300,1500,560,180,740,660,620,1300,850,180,840,390,1100,20.67,2.08,1.47,0.38,210,88,630,370,97,254.45,175134,,"Sablefish, boiled"
10,10116,＜魚類＞　きんめだい　生,72.1,17.8,9.0,(0),1.0,147,31,490,59,330,73,0.3,0.3,0.02,0.01,-,-,63,2,1.7,0.03,0.05,2.7,0.28,1.1,9,0.23,"{""baseName"":""きんめだい"",""state"":""生"",""notes"":[""魚類""]}",きんめだいは良質な魚のタンパク源。骨や内臓は除去して調理すれば適切。,9,1,1,740,1300,1600,530,180,720,710,600,1300,810,180,860,540,1100,7.54,1.60,1.37,0.22,78,48,270,870,110,139.15,173688,,"Splendid alfonsino, raw"
10,10117,＜魚類＞　ぐち　生,80.1,18.0,0.8,(0),1.1,78,37,140,95,260,28,0.4,0.6,0.03,0.01,-,-,5,2.9,0.5,0.04,0.28,2.8,0.18,2.5,6,0.46,"{""baseName"":""ぐち"",""state"":""生"",""notes"":[""魚類""]}",生のぐちは魚類として良質なタンパク源だが、生食では寄生虫や酵素のリスクがあるため加熱が望ましい。,8,1,1,930,1500,1700,590,220,810,760,640,1400,850,210,1000,410,1100,0.55,0.20,0.17,0.03,5,2,42,110,16,69.8,174192,67,"White croaker, raw"
10,10118,＜魚類＞　ぐち　焼き,74.3,23.4,0.8,(0),1.5,100,51,180,140,330,34,0.6,0.8,0.03,0.01,-,-,7,3.3,0.7,0.05,0.25,3.0,0.11,2.8,9,0.45,"{""baseName"":""ぐち"",""state"":""焼き"",""notes"":[""魚類""]}",焼きぐちは調理済みの魚で良質なたんぱく源として犬のレシピに適している。,9,1,1,(1200),(1900),(2200),(770),(290),(1100),(990),(840),(1800),(1100),(270),(1300),(530),(1500),0.54,0.20,0.17,0.03,4,1,40,110,17,88.7,174192,67,"White croaker, grilled"
10,10119,＜魚類＞　こい　養殖　生,71.0,17.7,10.2,(0),0.9,157,9,180,49,340,22,0.5,1.2,0.05,0.01,-,-,4,14.0,2.0,0.46,0.18,3.3,0.13,10.0,10,1.48,"{""baseName"":""こい"",""productionMethod"":""養殖"",""state"":""生"",""notes"":[""魚類""]}",養殖の鯉は魚由来のタンパク源として利用可能だが生食による寄生虫や衛生に注意,8,1,1,730,1300,1500,510,160,680,720,570,1300,820,180,840,590,1100,8.55,1.85,1.06,0.74,640,78,270,510,41,149.35,171952,65,"Carp, farmed, raw"
10,10120,＜魚類＞　こい　養殖　水煮,66.3,19.2,13.4,(0),0.9,190,13,180,47,330,22,0.6,1.8,0.06,0.01,-,-,3,12.0,2.0,0.37,0.17,3.1,0.11,7.5,9,1.51,"{""baseName"":""こい"",""productionMethod"":""養殖"",""state"":""水煮"",""notes"":[""魚類""]}",水煮の鯉は良質なタンパク源で加工済みの魚として犬のレシピ素材に適する。,9,1,1,(800),(1400),(1700),(560),(180),(730),(780),(620),(1400),(890),(200),(910),(640),(1200),11.24,2.49,1.03,1.42,1300,96,200,570,63,181.8,171952,65,"Carp, farmed, boiled"
10,10121,＜魚類＞　こい　養殖　内臓　生,62.6,9.0,25.9,(0),1.2,258,9,130,95,240,19,3.1,7.0,0.31,0.10,-,-,500,9,3.8,0.07,0.54,5.3,0.05,16.0,110,2.53,"{""baseName"":""こい"",""variety"":""内臓"",""productionMethod"":""養殖"",""state"":""生"",""notes"":[""魚類""]}",こいの内臓は栄養が濃縮した部位で利用可能だが、扱いに注意が必要。,7,0,1,,,,,,,,,,,,,,,21.58,6.31,2.37,3.94,3700,720,560,770,100,256.2,171952,65,"Carp, farmed, viscera, raw"
10,10122,＜魚類＞　（こち類）　まごち　生,75.4,22.5,0.5,(0),1.4,94,51,260,110,450,33,0.2,0.6,0.02,0.01,-,-,1,1,0.1,0.07,0.17,4.5,0.34,1.7,4,0.38,"{""baseName"":""まごち"",""state"":""生"",""notes"":[""魚類"",""こち類""]}",生のまごちは良質な魚類だが生食は寄生虫や微生物のリスクがあるため調理の有無を確認して使用する。,8,1,1,(1000),(1800),(2100),(700),(260),(960),(890),(760),(1600),(990),(250),(1100),(610),(1400),0.31,0.14,0.12,0.02,3,1,28,74,15,83.7,173713,65,"Bartail flathead, raw"
10,10123,＜魚類＞　（こち類）　めごち　生,81.1,17.1,0.6,(0),1.2,73,40,160,160,280,30,0.2,0.6,0.01,0.04,26,44,2,11.0,0,0.02,0.08,2.4,0.14,3.0,6,0.16,"{""baseName"":""めごち"",""state"":""生"",""notes"":[""魚類"",""こち類""]}",めごち（魚）は魚類として良質なタンパク源でレシピ素材に適している。,9,1,1,860,1500,1800,590,200,780,810,680,1500,990,200,980,460,1300,0.35,0.18,0.14,0.03,3,1,20,110,20,64.95,174196,65,"Small flathead, raw"
10,10124,＜魚類＞　このしろ　生,70.6,19.0,8.3,(0),1.7,146,190,230,160,370,27,1.3,0.7,0.16,-,35,31,Tr,9,2.5,Tr,0.17,2.1,0.33,10.0,8,1.13,"{""baseName"":""このしろ"",""state"":""生"",""notes"":[""魚類""]}",良質な小型魚のタンパク源。骨の除去や適切な加熱で安全に使える。,9,1,1,920,1500,1700,590,240,840,760,650,1400,850,210,1000,700,1100,6.75,1.95,1.50,0.08,24,49,730,410,49,138.45,173696,74,"Gizzard shad, raw"
10,10125,＜魚類＞　このしろ　甘酢漬,61.5,19.1,10.1,(0),2.9,184,160,170,890,120,16,1.8,0.9,0.06,0.09,-,-,Tr,7,0.5,Tr,0.17,2.1,0.15,8.1,1,0.41,"{""baseName"":""このしろ"",""state"":""甘酢漬"",""notes"":[""魚類""]}",甘酢漬けは酸味・糖分・塩分が強い調味加工食品で、犬の素材としては適さない場合が多い。,4,1,1,(920),(1500),(1700),(600),(240),(840),(760),(650),(1400),(850),(210),(1000),(700),(1100),7.87,2.11,1.53,0.23,65,29,780,430,100,175.1,175118,104.1,"Gizzard shad, sweet vinegar pickled"
10,10126,＜魚類＞　（さけ・ます類）　からふとます　生,70.1,21.7,6.6,(0),1.5,139,13,260,64,400,29,0.4,0.6,0.07,0.01,-,-,13,22.0,0.7,0.25,0.18,8.0,0.49,4.6,16,1.30,"{""baseName"":""からふとます"",""state"":""生"",""notes"":[""魚類"",""さけ・ます類""]}",サケ・マス類は良質な蛋白と必須脂肪酸を含み犬のレシピに適している,9,1,1,(1000),(1700),(2000),(670),(250),(920),(860),(730),(1600),(950),(240),(1100),(590),(1300),4.93,1.58,1.42,0.15,81,52,400,690,31,132.4,175138,94.6,"Pink salmon, raw"
10,10127,＜魚類＞　（さけ・ます類）　からふとます　焼き,62.1,28.1,7.7,(0),2.0,175,20,370,85,520,41,0.6,0.7,0.09,0.01,-,-,15,31.0,0.9,0.24,0.27,10.0,0.36,7.9,19,1.60,"{""baseName"":""からふとます"",""state"":""焼き"",""notes"":[""魚類"",""さけ・ます類""]}",からふとます（焼き）は加熱された良質な魚タンパクで適している,9,1,1,(1300),(2200),(2600),(870),(330),(1200),(1100),(950),(2100),(1200),(310),(1400),(760),(1700),5.95,1.89,1.70,0.18,98,62,460,840,37,164.15,172001,113.4,"Pink salmon, grilled"
10,10128,＜魚類＞　（さけ・ます類）　からふとます　塩ます,64.6,20.9,7.4,(0),6.5,146,27,250,2300,310,34,0.4,0.5,0.06,0.01,-,-,19,20.0,0.4,0.21,0.17,6.8,0.48,2.1,10,1.07,"{""baseName"":""からふとます"",""variety"":""塩ます"",""notes"":[""魚類"",""さけ・ます類""]}",塩漬けまたは塩処理されたます類は良質なたんぱく源で素材として適している。,9,1,1,(960),(1600),(1900),(650),(240),(890),(820),(700),(1500),(920),(230),(1100),(570),(1300),5.87,1.76,1.52,0.14,78,50,660,490,25,138.15,175138,94.6,"Pink salmon, salted"
10,10129,＜魚類＞　（さけ・ます類）　からふとます　水煮缶詰,69.7,20.7,7.2,(0),2.3,145,110,320,360,300,36,1.5,0.9,0.10,0.08,-,-,Tr,7,0.7,0.15,0.13,6.0,0.25,3.4,15,0.66,"{""baseName"":""からふとます"",""state"":""水煮缶詰"",""notes"":[""魚類"",""さけ・ます類""]}",ます類の水煮缶は良質なタンパク質と脂肪酸を供給する安全な素材,9,1,1,(950),(1600),(1900),(640),(240),(880),(820),(700),(1500),(910),(230),(1100),(560),(1300),6.27,1.80,1.61,0.16,83,59,630,530,30,134,175175,87.8,"Pink salmon, canned, boiled"
10,10130,＜魚類＞　（さけ・ます類）　ぎんざけ　養殖　生,66.0,19.6,12.8,(0),1.3,188,12,290,48,350,25,0.3,0.6,0.05,0.01,9,29,36,15.0,1.8,0.15,0.14,5.3,0.32,5.2,9,1.37,"{""baseName"":""ぎんざけ"",""productionMethod"":""養殖"",""state"":""生"",""notes"":[""魚類"",""さけ・ます類""]}",良質な脂質（オメガ3）とたんぱくが豊富な魚で犬に適している,9,1,1,860,1500,1700,590,200,790,790,680,1500,960,220,1000,890,1200,10.90,3.74,2.03,1.65,1500,480,310,890,60,178.45,173715,,"Coho salmon, farmed, raw"
10,10131,＜魚類＞　（さけ・ます類）　ぎんざけ　養殖　焼き,56.7,25.2,15.8,(0),1.9,236,16,320,61,460,34,0.4,0.8,0.07,0.01,10,37,37,21.0,2.7,0.13,0.19,7.4,0.31,7.5,10,1.65,"{""baseName"":""ぎんざけ"",""productionMethod"":""養殖"",""state"":""焼き"",""notes"":[""魚類"",""さけ・ます類""]}",良質なタンパク源でオメガ-3を含む。調理済みの魚は犬の素材として適している。,9,1,1,1100,1900,2200,750,250,1000,1000,860,1900,1200,280,1300,1100,1500,13.54,4.62,2.47,2.07,1800,590,380,1100,73,223.9,173716,,"Coho salmon, farmed, grilled"
10,10132,＜魚類＞　（さけ・ます類）　さくらます　生,69.8,20.9,7.7,(0),1.5,146,15,260,53,390,28,0.4,0.5,0.06,0.01,-,-,63,10.0,2.3,0.11,0.14,8.8,0.52,7.6,21,0.97,"{""baseName"":""さくらます"",""state"":""生"",""notes"":[""魚類"",""さけ・ます類""]}",さくらます（ます類）は良質な動物性タンパクで犬の素材として適切。,9,1,1,(960),(1600),(1900),(650),(240),(890),(820),(700),(1500),(920),(230),(1100),(570),(1300),5.91,1.89,1.72,0.17,80,64,390,960,49,138.95,173689,,"Cherry salmon, raw"
10,10133,＜魚類＞　（さけ・ます類）　さくらます　焼き,57.4,28.4,12.0,(0),2.1,208,26,370,71,520,38,0.5,0.7,0.08,0.01,-,-,55,15.0,3.3,0.12,0.23,10.0,0.32,9.2,26,1.28,"{""baseName"":""さくらます"",""state"":""焼き"",""notes"":[""魚類"",""さけ・ます類""]}",焼きさくらますは調理済みの魚で良質なたんぱく源、素材として適切,9,1,1,(1300),(2200),(2600),(880),(330),(1200),(1100),(960),(2100),(1200),(310),(1400),(770),(1700),8.72,2.73,2.48,0.25,120,92,570,1400,71,201.75,171999,,"Cherry salmon, grilled"
10,10134,＜魚類＞　（さけ・ます類）　しろさけ　生,72.3,22.3,4.1,(0),1.2,124,14,240,66,350,28,0.5,0.5,0.07,0.01,5,31,11,32.0,1.2,0.15,0.21,6.7,0.64,5.9,20,1.27,"{""baseName"":""しろさけ"",""state"":""生"",""notes"":[""魚類"",""さけ・ます類""]}",しろさけは良質なたんぱく源だが生の状態では寄生虫等のリスクがあるため加熱が望ましい。,8,1,1,1000,1700,2000,690,240,930,890,780,1700,1100,250,1200,1000,1300,3.51,1.01,0.92,0.07,38,27,240,460,12,113.25,173689,,"Chum salmon, raw"
10,10135,＜魚類＞　（さけ・ます類）　しろさけ　水煮,68.5,25.5,4.7,(0),1.2,142,19,250,63,340,29,0.6,0.6,0.08,0.01,6,34,13,34.0,1.1,0.15,0.23,6.6,0.51,5.3,21,1.21,"{""baseName"":""しろさけ"",""state"":""水煮"",""notes"":[""魚類"",""さけ・ます類""]}",しろさけの水煮は良質な脂肪とタンパク源で、犬のレシピ素材として適しているため,9,1,1,1200,1900,2200,760,260,1000,1000,890,1900,1300,300,1400,1100,1500,3.93,1.09,0.98,0.08,43,30,260,480,13,129.55,172000,,"Chum salmon, boiled"
10,10136,＜魚類＞　（さけ・ます類）　しろさけ　焼き,64.2,29.1,5.1,(0),1.5,160,19,310,82,440,35,0.6,0.7,0.08,0.01,5,41,14,39.0,1.4,0.17,0.26,8.7,0.57,6.0,24,1.67,"{""baseName"":""しろさけ"",""state"":""焼き"",""notes"":[""魚類"",""さけ・ます類""]}",しろさけ（焼き）は良質なたんぱく質と脂肪を含む安全な素材である,9,1,1,1300,2200,2500,840,280,1100,1100,990,2100,1400,330,1500,1200,1700,4.42,1.24,1.12,0.09,48,34,300,550,15,145.55,172000,,"Chum salmon, grilled"
10,10137,＜魚類＞　（さけ・ます類）　しろさけ　新巻き　生,67.0,22.8,6.1,(0),4.0,138,28,230,1200,380,29,1.0,0.4,0.07,0.02,-,-,Tr,21.0,0.7,0.18,0.20,6.2,0.56,6.0,24,1.45,"{""baseName"":""しろさけ"",""variety"":""新巻き"",""state"":""生"",""notes"":[""魚類"",""さけ・ます類""]}",鮭は良質な動物性たんぱく源で犬のレシピ素材として適切,9,1,1,(1000),(1700),(2000),(710),(240),(950),(910),(800),(1700),(1200),(260),(1200),(1000),(1400),4.24,1.43,1.35,0.08,44,21,360,730,29,132,173689,,"Chum salmon, aramaki, raw"
10,10138,＜魚類＞　（さけ・ます類）　しろさけ　新巻き　焼き,59.5,29.3,7.9,(0),3.2,177,44,300,830,480,36,1.7,0.6,0.08,0.03,-,-,Tr,25.0,1.0,0.22,0.24,7.7,0.52,6.3,40,1.80,"{""baseName"":""しろさけ"",""variety"":""新巻き"",""state"":""焼き"",""notes"":[""魚類"",""さけ・ます類""]}",しろさけ（焼き）は良質なたんぱく源の魚類で、調理済み切り身として使いやすい,9,1,1,(1300),(2200),(2600),(910),(310),(1200),(1200),(1000),(2200),(1500),(330),(1600),(1300),(1800),5.28,1.74,1.64,0.10,52,26,440,890,37,170.05,173685,,"Chum salmon, aramaki, grilled"
10,10139,＜魚類＞　（さけ・ます類）　しろさけ　塩ざけ,63.6,22.4,11.1,(0),2.8,183,16,270,720,320,30,0.3,0.4,0.05,0.01,18,43,24,23.0,0.4,0.14,0.15,7.1,0.58,6.9,11,0.95,"{""baseName"":""しろさけ"",""variety"":""塩ざけ"",""notes"":[""魚類"",""さけ・ます類""]}",鮭は良質な魚タンパク。塩ざけは塩分に注意して使用,9,1,1,1000,1700,2000,690,230,920,910,790,1700,1100,270,1200,590,1500,9.33,2.81,2.56,0.19,100,63,600,1400,33,173.1,173689,,"Chum salmon, salted"
10,10140,＜魚類＞　（さけ・ます類）　しろさけ　イクラ,48.4,32.6,15.6,(0),3.2,252,94,530,910,210,95,2.0,2.1,0.76,0.06,-,-,330,44.0,9.1,0.42,0.55,0.1,0.06,47.0,100,2.36,"{""baseName"":""しろさけ"",""variety"":""イクラ"",""notes"":[""魚類"",""さけ・ます類""]}",イクラは海産のタンパク源だが塩分が高く加工品であるため使用量を控える必要がある,6,1,1,(2100),(3200),(2600),(900),(540),(1400),(1700),(1400),(3000),(1600),(360),(2400),(890),(2000),11.21,4.97,4.70,0.27,110,83,1600,2000,110,247.4,175132,335.4,"Chum salmon, roe (ikura)"
10,10141,＜魚類＞　（さけ・ます類）　しろさけ　すじこ,45.7,30.5,17.4,(0),5.5,263,62,490,1900,180,80,2.7,2.2,0.73,0.07,-,-,670,47.0,11.0,0.42,0.61,0.4,0.23,54.0,160,2.40,"{""baseName"":""しろさけ"",""variety"":""すじこ"",""notes"":[""魚類"",""さけ・ます類""]}",塩蔵された鮭の卵は良質なタンパク源だが塩分が高めである点に注意。,6,1,1,2000,3000,2400,840,500,1300,1600,1300,2800,1500,340,2300,830,1800,12.92,6.17,5.83,0.35,140,110,2100,2400,180,257.8,168054,231.2,"Chum salmon, roe (sujiko)"
10,10142,＜魚類＞　（さけ・ます類）　しろさけ　めふん,65.4,16.9,0.9,(0),16.4,74,35,220,5800,300,28,6.8,1.5,0.13,0.03,-,-,250,20.0,0.4,Tr,6.38,2.7,0.07,330.0,60,0.91,"{""baseName"":""しろさけ"",""variety"":""めふん"",""notes"":[""魚類"",""さけ・ます類""]}",塩漬けの内臓加工品で塩分が高い。素材としては注意が必要。,4,0,1,,,,,,,,,,,,,,,0.48,0.18,0.16,0.02,4,2,53,85,12,68.2,167616,,"Chum salmon, kidney (mefun)"
10,10143,＜魚類＞　（さけ・ます類）　しろさけ　水煮缶詰,68.2,21.2,8.5,(0),2.0,156,190,310,230,290,34,0.4,0.8,0.07,0.03,-,-,Tr,8,0.6,0.15,0.12,7.0,0.10,6.0,10,0.41,"{""baseName"":""しろさけ"",""state"":""水煮缶詰"",""notes"":[""魚類"",""さけ・ます類""]}",さけ（缶詰・水煮）は良質なたんぱくとオメガ-3を含み、犬に適した素材である。,9,1,1,(970),(1600),(1900),(660),(220),(880),(850),(750),(1600),(1100),(240),(1100),(950),(1300),7.13,1.59,1.37,0.19,99,71,500,510,23,146.8,175135,85,"Chum salmon, canned, boiled"
10,10447,＜魚類＞　（さけ・ます類）　しろさけ　サケ節　削り節,14.3,77.4,3.4,0,2.9,346,51,620,300,840,81,2.0,1.8,0.24,0.05,31,120,3,33.0,2.0,0.04,0.52,12.0,0.46,22.0,27,1.95,"{""baseName"":""しろさけ"",""variety"":""サケ節 削り節"",""notes"":[""魚類"",""さけ・ます類""]}",サケ節（削り節）は魚由来の旨味とたんぱく質があり犬のレシピ素材に適する,8,1,1,(3500),(5900),(6900),(2400),(820),(3200),(3100),(2700),(5800),(3900),(880),(4200),(3500),(4600),(2.90),(0.84),(0.76),(0.06),(32),(22),(200),(380),(10),306.8,168054,231.2,"Chum salmon, dried flakes (katsuobushi style)"
10,10144,＜魚類＞　（さけ・ます類）　たいせいようさけ　養殖　皮つき　生,62.1,20.1,16.5,(0),1.4,218,9,240,43,370,27,0.3,0.5,0.05,0.01,5,19,14,8.3,3.8,0.23,0.10,7.4,0.45,7.2,27,1.31,"{""baseName"":""たいせいようさけ"",""formModifiers"":[""皮つき""],""productionMethod"":""養殖"",""state"":""生"",""notes"":[""魚類"",""さけ・ます類""]}",養殖サーモンは良質だが生は寄生虫や酵素の影響に注意して加熱推奨,7,1,1,900,1500,1800,590,210,810,810,710,1500,1000,230,1100,540,1300,13.76,4.43,1.94,2.44,2200,720,330,510,50,210.6,175167,78.5,"Atlantic salmon, farmed, with skin, raw"
10,10433,＜魚類＞　（さけ・ます類）　たいせいようさけ　養殖　皮つき　水煮,58.6,22.5,18.4,(0),1.4,236,12,230,40,330,27,0.3,0.4,0.05,0.01,5,20,15,7.5,4.9,0.26,0.10,6.2,0.50,7.3,17,1.16,"{""baseName"":""たいせいようさけ"",""formModifiers"":[""皮つき""],""productionMethod"":""養殖"",""state"":""水煮"",""notes"":[""魚類"",""さけ・ます類""]}",養殖サーモンの水煮は良質な魚類で、調理済みとして利用しやすい良い素材,10,1,1,1100,1800,2100,720,250,970,950,840,1800,1200,290,1300,620,1500,16.61,5.25,2.33,2.87,2500,820,420,600,62,235.15,175167,78.5,"Atlantic salmon, farmed, with skin, boiled"
10,10434,＜魚類＞　（さけ・ます類）　たいせいようさけ　養殖　皮つき　蒸し,60.2,23.8,15.8,(0),1.4,230,10,250,49,360,28,0.3,0.3,0.06,0.01,8,24,16,7.5,3.4,0.25,0.11,7.0,0.52,8.4,18,1.11,"{""baseName"":""たいせいようさけ"",""formModifiers"":[""皮つき""],""productionMethod"":""養殖"",""state"":""蒸し"",""notes"":[""魚類"",""さけ・ます類""]}",蒸しサーモンは良質な動物性タンパクと必須脂肪酸を含み犬のレシピ素材として適している。,9,1,1,1100,1800,2100,700,250,950,960,850,1800,1200,280,1300,640,1500,14.64,4.66,2.18,2.43,2100,660,400,620,50,217.6,175167,78.5,"Atlantic salmon, farmed, with skin, steamed"
10,10435,＜魚類＞　（さけ・ます類）　たいせいようさけ　養殖　皮つき　電子レンジ調理,61.2,22.9,15.4,(0),1.5,223,8,260,47,380,29,0.3,0.3,0.06,0.01,7,23,18,6.1,2.9,0.29,0.11,7.5,0.61,8.9,17,1.24,"{""baseName"":""たいせいようさけ"",""formModifiers"":[""皮つき""],""productionMethod"":""養殖"",""state"":""電子レンジ調理"",""notes"":[""魚類"",""さけ・ます類""]}",皮つきのサーモンの電子レンジ調理品は良質なたんぱく・脂肪源で犬向き（骨・皮の処理に注意）,9,1,1,1100,1700,2000,680,240,920,910,800,1700,1100,270,1200,620,1400,14.17,4.53,2.09,2.40,2100,640,400,570,49,211.05,175167,78.5,"Atlantic salmon, farmed, with skin, microwaved"
10,10145,＜魚類＞　（さけ・ます類）　たいせいようさけ　養殖　皮つき　焼き,54.6,24.5,19.7,(0),1.7,270,17,310,55,460,34,0.3,0.5,0.05,0.01,8,26,17,11.0,4.4,0.24,0.13,8.2,0.43,5.6,28,1.69,"{""baseName"":""たいせいようさけ"",""formModifiers"":[""皮つき""],""productionMethod"":""養殖"",""state"":""焼き"",""notes"":[""魚類"",""さけ・ます類""]}",加熱された鮭は良質なタンパクと脂肪酸が得られ犬に適した食材である,9,1,1,1100,1800,2100,730,250,980,940,830,1800,1100,280,1300,640,1500,18.25,5.78,2.66,3.05,2700,840,470,740,60,253.2,175168,90.5,"Atlantic salmon, farmed, with skin, grilled"
10,10436,＜魚類＞　（さけ・ます類）　たいせいようさけ　養殖　皮つき　ソテー,54.6,25.2,20.4,(0),1.7,266,10,300,55,450,33,0.3,0.3,0.06,0.01,8,23,22,6.9,5.8,0.31,0.13,8.8,0.51,7.9,23,1.61,"{""baseName"":""たいせいようさけ"",""formModifiers"":[""皮つき""],""productionMethod"":""養殖"",""state"":""ソテー"",""notes"":[""魚類"",""さけ・ます類""]}",ソテーした養殖サーモンは良質な脂質とタンパク源で犬の素材として適している,9,1,1,1200,2000,2400,800,280,1100,1100,950,2000,1300,310,1400,720,1600,18.74,5.98,2.57,3.36,3000,1000,400,650,64,261.6,175167,78.5,"Atlantic salmon, farmed, with skin, sauteed"
10,10437,＜魚類＞　（さけ・ます類）　たいせいようさけ　養殖　皮つき　天ぷら,52.6,21.0,20.1,-,1.2,282,27,240,66,410,26,0.4,0.5,0.05,0.05,5,18,5,5.6,5.7,0.27,0.14,7.5,0.45,4.2,23,1.26,"{""baseName"":""たいせいようさけ"",""formModifiers"":[""皮つき""],""productionMethod"":""養殖"",""state"":""天ぷら"",""notes"":[""魚類"",""さけ・ます類""]}",天ぷらのサーモンは鮭自体は良質だが揚げ物で油脂・衣が多く加工度が高い,5,1,1,980,1600,1900,650,240,890,870,720,1600,1100,250,1100,570,1300,18.66,5.79,2.30,3.44,3200,1200,280,470,40,262.2,175168,90.5,"Atlantic salmon, farmed, with skin, tempura"
10,10438,＜魚類＞　（さけ・ます類）　たいせいようさけ　養殖　皮なし　生,62.5,19.6,17.0,(0),1.4,223,5,250,43,380,28,0.3,0.4,0.05,0.01,6,17,14,7.3,3.6,0.24,0.08,7.7,0.49,8.0,25,1.30,"{""baseName"":""たいせいようさけ"",""formModifiers"":[""皮なし""],""productionMethod"":""養殖"",""state"":""生"",""notes"":[""魚類"",""さけ・ます類""]}",養殖サーモン（生）は良質な魚だが生状態はリスクがあるため加熱前提で注意が必要,7,1,1,900,1600,1800,600,220,820,820,740,1600,1000,250,1100,540,1200,15.06,4.82,2.11,2.64,2400,790,360,540,54,213.1,175167,78.5,"Atlantic salmon, farmed, skinless, raw"
10,10439,＜魚類＞　（さけ・ます類）　たいせいようさけ　養殖　皮なし　水煮,58.7,22.7,17.9,(0),1.4,244,5,240,39,350,28,0.3,0.3,0.05,0.01,5,21,16,7,4.7,0.27,0.10,6.5,0.55,7.5,17,1.25,"{""baseName"":""たいせいようさけ"",""formModifiers"":[""皮なし""],""productionMethod"":""養殖"",""state"":""水煮"",""notes"":[""魚類"",""さけ・ます類""]}",加熱されたサーモンは良質なタンパク質と脂肪酸を含み、素材として適している,9,1,1,1100,1800,2100,700,250,950,940,850,1800,1200,290,1300,620,1400,16.11,5.10,2.26,2.79,2500,800,400,590,59,231.6,175167,78.5,"Atlantic salmon, farmed, skinless, boiled"
10,10440,＜魚類＞　（さけ・ます類）　たいせいようさけ　養殖　皮なし　蒸し,60.3,23.2,15.8,(0),1.4,228,13,250,49,360,29,0.3,0.3,0.06,0.01,7,24,17,7.3,3.4,0.25,0.10,6.9,0.57,9.3,18,1.09,"{""baseName"":""たいせいようさけ"",""formModifiers"":[""皮なし""],""productionMethod"":""養殖"",""state"":""蒸し"",""notes"":[""魚類"",""さけ・ます類""]}",蒸しの養殖サーモンは加熱済みの良質な魚類で、犬の素材として非常に適している,10,1,1,1100,1800,2100,690,250,950,960,860,1800,1200,290,1300,640,1400,14.41,4.58,2.13,2.40,2100,670,380,590,46,215.5,175167,78.5,"Atlantic salmon, farmed, skinless, steamed"
10,10441,＜魚類＞　（さけ・ます類）　たいせいようさけ　養殖　皮なし　電子レンジ調理,60.2,22.7,16.5,(0),1.6,231,6,270,47,400,30,0.3,0.3,0.07,0.01,7,24,22,6.4,3.1,0.29,0.11,7.2,0.58,9.7,21,1.12,"{""baseName"":""たいせいようさけ"",""formModifiers"":[""皮なし""],""productionMethod"":""養殖"",""state"":""電子レンジ調理"",""notes"":[""魚類"",""さけ・ます類""]}",加熱されたサーモンは良質な動物性タンパク源で犬に適した素材,10,1,1,1000,1700,2000,680,240,920,910,820,1700,1100,270,1200,610,1300,15.05,4.81,2.21,2.54,2200,660,430,610,54,219.7,175167,78.5,"Atlantic salmon, farmed, skinless, microwaved"
10,10442,＜魚類＞　（さけ・ます類）　たいせいようさけ　養殖　皮なし　焼き,59.8,23.9,15.7,(0),1.7,229,5,280,52,440,31,0.3,0.3,0.07,0.01,7,24,21,7.7,3.7,0.25,0.11,8.3,0.52,9.4,17,1.22,"{""baseName"":""たいせいようさけ"",""formModifiers"":[""皮なし""],""productionMethod"":""養殖"",""state"":""焼き"",""notes"":[""魚類"",""さけ・ます類""]}",焼きサーモンはタンパク質とオメガ3が豊富で、骨除去の条件で犬に適した優れた素材。,10,1,1,1100,1800,2100,710,260,970,940,850,1800,1100,290,1300,630,1400,14.33,4.53,2.10,2.38,2100,670,370,590,46,217.1,175167,78.5,"Atlantic salmon, farmed, skinless, grilled"
10,10443,＜魚類＞　（さけ・ます類）　たいせいようさけ　養殖　皮なし　ソテー,53.2,25.8,21.0,(0),1.7,269,7,300,54,450,34,0.3,0.3,0.06,0.01,7,23,22,6.6,6.0,0.31,0.13,9.1,0.50,7.9,24,1.56,"{""baseName"":""たいせいようさけ"",""formModifiers"":[""皮なし""],""productionMethod"":""養殖"",""state"":""ソテー"",""notes"":[""魚類"",""さけ・ます類""]}",養殖サーモンのソテーは良質なタンパク・脂肪源で犬のレシピ素材として適切,9,1,1,1300,2100,2400,820,300,1100,1100,990,2100,1300,330,1500,730,1600,19.10,6.10,2.61,3.44,3100,1100,400,660,63,268.8,175167,78.5,"Atlantic salmon, farmed, skinless, sauteed"
10,10444,＜魚類＞　（さけ・ます類）　たいせいようさけ　養殖　皮なし　天ぷら,54.8,20.0,18.6,-,1.1,266,27,230,62,390,25,0.3,0.4,0.05,0.05,5,17,4,5.3,5.4,0.27,0.13,7.5,0.51,3.7,18,1.15,"{""baseName"":""たいせいようさけ"",""formModifiers"":[""皮なし""],""productionMethod"":""養殖"",""state"":""天ぷら"",""notes"":[""魚類"",""さけ・ます類""]}",養殖サーモンの天ぷらは魚自体は良いが揚げ物・衣など調理加工が施されており脂質や添加物に注意が必要。,6,1,1,950,1600,1900,620,230,850,850,710,1600,1000,250,1100,550,1200,17.12,5.34,2.11,3.19,3000,1100,250,440,38,247.35,175167,78.5,"Atlantic salmon, farmed, skinless, tempura"
10,10146,＜魚類＞　（さけ・ます類）　にじます　海面養殖　皮つき　生,63.0,21.4,14.2,(0),1.3,201,13,250,64,390,28,0.3,0.5,0.04,0.01,4,22,57,11.0,5.5,0.17,0.10,6.8,0.45,5.2,12,1.78,"{""baseName"":""にじます"",""variety"":""海面養殖"",""formModifiers"":[""皮つき""],""state"":""生"",""notes"":[""魚類"",""さけ・ます類""]}",にじますはオメガ3等を含む良質な魚で、皮付きでも適切に処理すれば利用可能。,9,1,1,940,1600,1900,670,220,890,870,730,1600,1100,250,1100,870,1400,11.21,3.07,2.56,0.51,360,79,600,1300,72,195.95,173717,65,"Rainbow trout, marine farmed, skin-on, raw"
10,10402,＜魚類＞　（さけ・ます類）　にじます　海面養殖　皮なし　生,67.5,20.5,10.8,(0),1.2,176,8,250,50,420,29,0.3,0.4,0.04,0.01,3,21,27,7,3.8,0.21,0.12,6.7,0.59,3.8,9,1.74,"{""baseName"":""にじます"",""variety"":""海面養殖"",""formModifiers"":[""皮なし""],""state"":""生"",""notes"":[""魚類"",""さけ・ます類""]}",にじますは良質な魚類で犬のレシピ素材として適切（皮なし・生でも素材として扱える）。,9,1,1,970,1600,1900,650,230,880,870,760,1600,1100,250,1200,900,1300,9.64,3.31,1.70,1.57,1400,570,250,610,35,163.55,173717,65,"Rainbow trout, marine farmed, skinless, raw"
10,10147,＜魚類＞　（さけ・ます類）　にじます　海面養殖　皮つき　焼き,55.3,27.2,15.8,(0),1.8,238,22,350,68,490,55,0.3,0.6,0.05,0.01,-,-,74,12.0,5.9,0.20,0.15,7.0,0.30,2.8,15,2.68,"{""baseName"":""にじます"",""variety"":""海面養殖"",""formModifiers"":[""皮つき""],""state"":""焼き"",""notes"":[""魚類"",""さけ・ます類""]}",焼きにじますは加熱済みで良質なタンパク源、扱いやすい,9,1,1,(1200),(2000),(2400),(850),(280),(1100),(1100),(930),(2000),(1400),(320),(1400),(1100),(1800),12.71,3.38,2.81,0.57,400,89,670,1500,80,229.5,173718,77.6,"Rainbow trout, marine farmed, skin-on, grilled"
10,10148,＜魚類＞　（さけ・ます類）　にじます　淡水養殖　皮つき　生,74.5,19.7,4.6,(0),1.1,116,24,240,50,370,28,0.2,0.6,0.04,0.01,-,-,17,12.0,1.2,0.21,0.10,4.0,0.36,6.0,13,1.63,"{""baseName"":""にじます"",""variety"":""淡水養殖"",""formModifiers"":[""皮つき""],""state"":""生"",""notes"":[""魚類"",""さけ・ます類""]}",良質な魚（にじます）でタンパク源として適するが加熱推奨,8,1,1,780,1400,1600,600,200,800,750,610,1400,900,200,910,670,1200,3.56,1.26,0.85,0.41,360,38,140,550,26,108.4,173717,65,"Rainbow trout, freshwater farmed, skin-on, raw"
10,10149,＜魚類＞　（さけ・ます類）　べにざけ　生,71.4,22.5,4.5,(0),1.5,127,10,260,57,380,31,0.4,0.5,0.07,0.01,-,-,27,33.0,1.3,0.26,0.15,6.0,0.41,9.4,13,1.23,"{""baseName"":""べにざけ"",""state"":""生"",""notes"":[""魚類"",""さけ・ます類""]}",紅鮭は良質なタンパクとオメガ-3脂肪酸が豊富で犬に適した魚類,10,1,1,(1000),(1800),(2100),(700),(260),(960),(890),(760),(1600),(990),(250),(1100),(610),(1400),3.59,1.03,0.92,0.11,56,26,270,480,20,117.35,173691,94.6,"Sockeye salmon, raw"
10,10150,＜魚類＞　（さけ・ます類）　べにざけ　焼き,63.4,28.5,6.0,(0),2.0,163,16,340,72,490,39,0.5,0.7,0.08,0.01,-,-,35,38.0,1.8,0.27,0.22,7.2,0.39,3.8,15,1.49,"{""baseName"":""べにざけ"",""state"":""焼き"",""notes"":[""魚類"",""さけ・ます類""]}",焼き鮭は加熱済みの良質なたんぱく源で犬のレシピに適している,9,1,1,(1300),(2200),(2600),(880),(330),(1200),(1100),(960),(2100),(1300),(310),(1400),(770),(1700),4.65,1.30,1.16,0.14,73,33,350,600,25,151.1,173692,112.6,"Sockeye salmon, grilled"
10,10151,＜魚類＞　（さけ・ます類）　べにざけ　くん製,64.0,25.7,5.5,(0),4.7,143,19,240,1500,250,20,0.8,0.5,0.07,0.01,-,-,43,28.0,1.2,0.23,0.23,8.5,0.52,8.0,10,1.50,"{""baseName"":""べにざけ"",""state"":""くん製"",""notes"":[""魚類"",""さけ・ます類""]}",くん製のべにざけは良質な魚だが塩分が高く加工臭や塩分に注意が必要,6,0,1,,,,,,,,,,,,,,,4.23,1.23,1.09,0.12,67,43,290,540,21,137.05,173687,89,"Sockeye salmon, smoked"
10,10152,＜魚類＞　（さけ・ます類）　ますのすけ　生,66.5,19.5,12.5,(0),1.5,176,18,250,38,380,28,0.3,0.4,0.06,0.01,-,-,160,16.0,3.3,0.13,0.12,7.7,0.43,3.4,12,1.38,"{""baseName"":""ますのすけ"",""state"":""生"",""notes"":[""魚類"",""さけ・ます類""]}",ますのすけ（キングサーモン）は良質な魚由来タンパク源で犬に適している,9,1,1,(900),(1500),(1800),(600),(230),(830),(770),(660),(1400),(860),(210),(990),(530),(1200),9.25,1.97,1.59,0.37,280,95,400,740,45,174.5,173688,,"Chinook salmon, raw"
10,10153,＜魚類＞　（さけ・ます類）　ますのすけ　焼き,54.9,26.4,16.7,(0),2.0,238,30,330,48,520,33,0.4,0.6,0.05,0.01,-,-,200,17.0,3.8,0.14,0.20,8.1,0.36,4.1,15,1.77,"{""baseName"":""ますのすけ"",""state"":""焼き"",""notes"":[""魚類"",""さけ・ます類""]}",焼き鮭（キングサーモン）は良質なタンパク源で犬のレシピ素材として適切。,9,1,1,(1200),(2100),(2400),(820),(310),(1100),(1000),(890),(1900),(1200),(290),(1300),(720),(1600),12.57,2.56,2.06,0.50,380,130,520,930,60,234.35,173688,,"Chinook salmon, grilled"
10,10154,＜魚類＞　（さば類）　まさば　生,62.1,20.6,16.8,(0),1.1,211,6,220,110,330,30,1.2,1.1,0.12,0.01,21,70,37,5.1,1.3,0.21,0.31,12.0,0.59,13.0,11,0.66,"{""baseName"":""まさば"",""state"":""生"",""notes"":[""魚類"",""さば類""]}",青魚の一種で良質なタンパク源だが脂が多めなため適度に使用するのが望ましい。,8,1,1,960,1600,1800,690,220,910,840,710,1600,1000,230,1100,1300,1200,12.27,2.66,2.12,0.43,140,76,690,970,180,214.9,175119,65,"Mackerel, raw"
10,10155,＜魚類＞　（さば類）　まさば　水煮,57.4,22.6,22.6,(0),1.0,253,7,210,94,280,29,1.3,1.1,0.14,0.01,23,66,31,4.3,2.0,0.25,0.30,11.0,0.48,19.0,13,0.75,"{""baseName"":""まさば"",""state"":""水煮"",""notes"":[""魚類"",""さば類""]}",水煮の真鯖は調理済みの良質な魚でタンパク源として適切。,9,1,1,(1100),(1700),(2000),(760),(240),(1000),(930),(780),(1700),(1100),(250),(1200),(1400),(1300),16.53,3.79,3.04,0.60,200,120,930,1400,220,271.2,175120,,"Mackerel, boiled"
10,10156,＜魚類＞　（さば類）　まさば　焼き,54.1,25.2,22.4,(0),1.3,264,10,280,120,370,34,1.6,1.4,0.16,0.01,24,21,34,4.9,2.1,0.30,0.37,13.0,0.54,22.0,13,0.79,"{""baseName"":""まさば"",""state"":""焼き"",""notes"":[""魚類"",""さば類""]}",焼きまさばは良質な魚類でたんぱく・脂肪源として犬の素材に適している,9,1,1,(1200),(1900),(2300),(840),(270),(1100),(1000),(870),(1900),(1300),(280),(1400),(1600),(1500),16.38,3.84,3.10,0.61,200,130,900,1500,230,278.6,175120,,"Mackerel, grilled"
10,10403,＜魚類＞　（さば類）　まさば　フライ,47.2,20.0,25.1,-,1.1,316,14,210,130,310,30,1.3,1.1,0.13,0.08,-,-,42,3.5,3.2,0.20,0.30,9.9,0.33,11.0,16,0.70,"{""baseName"":""まさば"",""state"":""フライ"",""notes"":[""魚類"",""さば類""]}",フライのまさばは魚として良質だが揚げ油や衣の分で加工度・脂質が高い。,7,1,1,880,1500,1600,560,220,780,810,660,1500,930,230,1000,1100,1100,20.96,6.17,3.95,2.13,1800,790,910,1600,200,306.45,175120,,"Mackerel, fried"
10,10404,＜魚類＞　（さば類）　ごまさば　生,70.7,23.0,5.1,(0),1.3,131,12,260,66,420,33,1.6,1.1,0.13,0.01,-,-,8,4.3,1.2,0.17,0.28,15.0,0.65,13.0,10,0.72,"{""baseName"":""ごまさば"",""state"":""生"",""notes"":[""魚類"",""さば類""]}",ごまさばは魚由来の良質なたんぱくと脂肪酸源で、骨等を除去して利用可能。,8,1,1,1000,1800,2000,680,240,920,920,840,1800,1100,300,1200,1600,1400,3.54,1.48,1.21,0.26,44,22,230,830,110,123.85,175119,65,"Chub mackerel, raw"
10,10405,＜魚類＞　（さば類）　ごまさば　水煮,68.8,24.8,5.2,(0),1.2,139,13,240,56,350,31,1.8,1.2,0.15,0.01,-,-,8,4.9,1.1,0.15,0.28,13.0,0.51,14.0,12,0.76,"{""baseName"":""ごまさば"",""state"":""水煮"",""notes"":[""魚類"",""さば類""]}",サバの水煮は良質な魚由来タンパクで加熱済みの安全な素材,9,1,1,1100,1900,2200,730,250,990,980,880,1900,1200,310,1300,1500,1500,3.60,1.48,1.20,0.27,44,22,230,820,110,131,173674,,"Chub mackerel, boiled"
10,10406,＜魚類＞　（さば類）　ごまさば　焼き,60.8,31.1,6.6,(0),1.6,174,19,350,88,540,46,2.2,1.4,0.14,0.01,-,-,11,5.7,1.7,0.21,0.36,19.0,0.55,17.0,18,1.01,"{""baseName"":""ごまさば"",""state"":""焼き"",""notes"":[""魚類"",""さば類""]}",焼きごまさばは加熱済みの魚で、良質なタンパク・脂肪源として利用可能,9,1,1,1400,2300,2600,890,300,1200,1200,1000,2200,1500,360,1600,2000,1800,4.53,1.87,1.52,0.34,57,28,290,1000,140,164.95,175120,,"Chub mackerel, grilled"
10,10157,＜魚類＞　（さば類）　ごまさば　さば節,14.6,73.9,5.1,(0),6.4,330,860,1200,370,1100,140,7.2,8.4,0.43,0.05,-,-,Tr,12.0,0.9,0.25,0.85,15.0,0.68,6.0,30,1.55,"{""baseName"":""ごまさば"",""variety"":""さば節"",""notes"":[""魚類"",""さば類""]}",さば節は魚由来の旨味とたんぱくを提供する素材で、少量使いの風味付けに適する,8,1,1,(3400),(5700),(6600),(2500),(790),(3300),(3000),(2600),(5600),(3700),(820),(4100),(4700),(4300),2.69,0.90,0.73,0.16,41,18,160,480,67,302,168054,231.2,"Chub mackerel, dried flakes"
10,10158,＜魚類＞　（さば類）　たいせいようさば　生,54.5,17.2,26.8,(0),1.1,295,7,210,99,320,28,0.9,0.9,0.06,0.01,69,45,44,10.0,0.7,0.14,0.35,6.5,0.35,8.1,12,0.72,"{""baseName"":""たいせいようさば"",""state"":""生"",""notes"":[""魚類"",""さば類""]}",たいせいようさばは良質な魚タンパクと脂肪酸源で素材向き,9,1,1,830,1400,1600,520,180,700,720,660,1400,890,210,990,860,1100,22.45,7.46,6.56,0.64,380,350,1800,2600,98,289.4,175119,65,"Atlantic mackerel, raw"
10,10159,＜魚類＞　（さば類）　たいせいようさば　水煮,51.4,18.6,28.5,(0),1.1,310,9,210,96,280,27,1.0,1.0,0.07,0.01,67,45,42,6.6,0.6,0.19,0.34,5.3,0.28,12.0,13,0.72,"{""baseName"":""たいせいようさば"",""state"":""水煮"",""notes"":[""魚類"",""さば類""]}",水煮のさばは良質なたんぱく源で犬の素材として適している,9,1,1,880,1500,1700,580,190,770,770,710,1500,960,230,1000,760,1200,22.95,7.05,6.13,0.66,400,370,1600,2300,98,308.75,175120,,"Atlantic mackerel, boiled"
10,10160,＜魚類＞　（さば類）　たいせいようさば　焼き,47.0,21.8,29.3,(0),1.4,326,12,260,120,390,33,1.2,1.1,0.09,0.01,89,59,63,11.0,0.8,0.22,0.38,7.6,0.33,8.8,16,0.93,"{""baseName"":""たいせいようさば"",""state"":""焼き"",""notes"":[""魚類"",""さば類""]}",焼きさばは良質な魚由来のたんぱくと脂肪酸を含み素材として適切,9,1,1,990,1700,1900,630,200,840,860,790,1600,1100,240,1200,980,1300,22.84,6.55,5.66,0.64,390,340,1500,2100,93,327.1,175120,,"Atlantic mackerel, grilled"
10,10161,＜魚類＞　（さば類）　加工品　塩さば,52.1,26.2,19.1,(0),2.5,263,27,200,720,300,35,2.0,0.6,0.07,0.02,110,78,9,11.0,0.5,0.16,0.59,12.0,0.41,7.1,10,0.59,"{""baseName"":""加工品"",""variety"":""塩さば"",""notes"":[""魚類"",""さば類""]}",塩さばは良質な魚タンパク源だが塩分や加工の影響を考慮する必要がある,7,1,1,1200,2000,2300,740,270,1000,1100,940,2000,1300,320,1400,1600,1600,15.66,5.24,4.62,0.49,260,190,1300,2000,110,254.4,168149,101.6,Salted mackerel
10,10162,＜魚類＞　（さば類）　加工品　開き干し,50.1,18.7,28.5,(0),2.5,303,25,200,680,300,25,2.0,1.0,0.09,-,110,110,9,12.0,2.4,0.13,0.59,8.5,0.42,11.0,11,0.63,"{""baseName"":""加工品"",""variety"":""開き干し"",""notes"":[""魚類"",""さば類""]}",魚類は良質なたんぱく源だが開き干しは塩分や骨に注意して使う必要がある,8,1,1,870,1500,1700,520,180,700,770,670,1400,930,220,1000,1100,1200,21.74,6.58,5.58,0.84,290,190,1500,2700,260,308.4,168149,101.6,"Mackerel, split and dried"
10,10163,＜魚類＞　（さば類）　加工品　しめさば,50.6,18.6,26.9,(0),2.2,292,9,160,640,200,24,1.1,0.4,0.18,0.01,430,73,14,8,0.5,0.13,0.28,7.7,0.36,11.0,4,0.71,"{""baseName"":""加工品"",""variety"":""しめさば"",""notes"":[""魚類"",""さば類""]}",しめさばは調理済みの加工魚で塩分や加工があるため注意が必要,4,1,1,1000,1600,1900,550,190,740,850,710,1600,1000,260,1100,820,1200,19.75,5.69,4.87,0.68,300,190,1300,2300,170,299.7,168149,101.6,Vinegared mackerel
10,10164,＜魚類＞　（さば類）　缶詰　水煮,66.0,20.9,10.7,(0),2.2,174,260,190,340,260,31,1.6,1.7,0.14,0.02,-,-,Tr,11.0,3.2,0.15,0.40,8.0,0.36,12.0,12,0.55,"{""baseName"":"""",""state"":""水煮"",""notes"":[""魚類"",""さば類""]}",水煮のさば缶は魚由来のたんぱく・脂肪源として有用（塩分の有無に注意）,9,1,1,(950),(1600),(1900),(640),(230),(880),(840),(700),(1500),(930),(240),(1100),(1000),(1200),8.93,3.03,2.73,0.30,150,72,930,1300,120,164.8,175121,85,"Mackerel, canned, boiled"
10,10165,＜魚類＞　（さば類）　缶詰　みそ煮,61.0,16.3,13.9,(0),2.2,210,210,250,430,250,29,2.0,1.2,0.14,0.09,-,-,42,5,1.9,0.04,0.37,5.9,0.30,9.6,21,0.50,"{""baseName"":""みそ煮"",""state"":""缶詰"",""notes"":[""魚類"",""さば類""]}",缶詰のみそ煮は魚由来の栄養はあるが加工・調味されており塩分や添加物に注意が必要。,6,1,1,(740),(1300),(1500),(500),(180),(680),(660),(550),(1200),(730),(190),(850),(780),(950),12.00,3.88,3.33,0.52,230,130,1100,1500,170,198.3,175121,85,"Mackerel, canned, miso simmered"
10,10166,＜魚類＞　（さば類）　缶詰　味付け,59.6,21.4,12.6,(0),2.4,208,180,300,530,260,35,2.0,1.3,0.16,0.09,-,-,31,5,2.4,0.03,0.27,7.4,0.33,11.0,24,0.52,"{""baseName"":""味付け"",""state"":""缶詰"",""notes"":[""魚類"",""さば類""]}",味付け缶詰のさばは加工調味がされており塩分等の影響があるため素材としては限定的。,4,1,1,(980),(1700),(2000),(660),(240),(900),(860),(720),(1600),(950),(240),(1100),(1000),(1300),10.75,3.53,3.08,0.42,140,98,1100,1500,180,196,175121,85,"Mackerel, canned, seasoned"
10,10167,＜魚類＞　（さめ類）　あぶらつのざめ　生,72.4,16.8,9.4,(0),1.4,138,6,200,100,450,19,1.0,0.3,0.04,0.01,-,-,210,1,2.2,0.04,0.08,1.0,0.33,1.7,2,0.73,"{""baseName"":""あぶらつのざめ"",""state"":""生"",""notes"":[""魚類"",""さめ類""]}",サメの切り身は良質な動物性たんぱく源で犬のレシピ素材として適する。,9,1,1,(520),(800),(910),(300),(110),(410),(400),(350),(750),(490),(120),(500),(250),(650),6.36,1.76,1.43,0.30,71,28,430,690,160,138.7,171949,,"Spiny dogfish, raw"
10,10168,＜魚類＞　（さめ類）　よしきりざめ　生,79.2,18.9,0.6,(0),1.3,79,5,150,210,290,19,0.4,0.5,0.06,-,-,-,9,0,0.9,0.11,0.11,0.9,0.24,0.3,4,0.49,"{""baseName"":""よしきりざめ"",""state"":""生"",""notes"":[""魚類"",""さめ類""]}",生のよしきりざめは魚類としての栄養価は高いが、種によっては汚染物質の懸念や生食リスクがあるため慎重さが必要,7,1,1,580,900,1000,340,130,460,450,390,840,550,140,570,280,740,0.22,0.10,0.07,0.02,2,0,8,51,17,71.25,173697,65,"Blue shark, raw"
10,10169,＜魚類＞　（さめ類）　ふかひれ,13.0,83.9,1.6,(0),1.5,344,65,36,180,3,94,1.2,3.1,0.06,0.09,-,-,(0),1,0.4,Tr,Tr,0.5,0.02,0.9,23,0.24,"{""baseName"":""ふかひれ"",""notes"":[""魚類"",""さめ類""]}",ふかひれはコラーゲンを含む魚由来の素材で消化性が良く、料理素材として使用可能。,7,1,1,(2600),(4000),(4500),(1500),(560),(2100),(2000),(1700),(3700),(2400),(610),(2500),(1200),(3300),0.46,0.16,0.11,0.05,4,0,35,54,38,307.25,174532,,Shark fin
10,10170,＜魚類＞　さより　生,77.9,19.6,1.3,(0),1.2,88,41,190,190,290,37,0.3,1.9,0.03,0.02,-,-,Tr,3,0.9,Tr,0.12,5.2,0.33,5.5,10,0.44,"{""baseName"":""さより"",""state"":""生"",""notes"":[""魚類""]}",さよりは良質なたんぱく源だが、生魚は寄生虫リスクがあるため加熱が望ましい。,8,1,1,(900),(1500),(1800),(610),(230),(830),(770),(660),(1400),(860),(210),(1000),(530),(1200),0.90,0.42,0.37,0.05,12,5,53,240,22,79.65,173675,,"Halfbeak, raw"
10,10171,＜魚類＞　さわら　生,68.6,20.1,9.7,(0),1.5,161,13,220,65,490,32,0.8,1.0,0.03,0.01,-,-,12,7,0.3,0.09,0.35,9.5,0.40,5.3,8,1.16,"{""baseName"":""さわら"",""state"":""生"",""notes"":[""魚類""]}",さわらの切り身は良質な魚たんぱくで犬のレシピ素材として適切,9,1,1,1000,1600,2000,650,220,880,840,720,1600,1000,230,1100,730,1300,8.01,2.05,1.70,0.31,88,46,340,1100,95,153.15,173673,50.5,"Spanish mackerel, raw"
10,10172,＜魚類＞　さわら　焼き,63.8,23.6,10.8,(0),1.7,184,22,310,90,610,36,0.9,1.1,0.05,0.01,-,-,16,12.0,1.1,0.09,0.34,12.0,0.29,5.3,8,1.12,"{""baseName"":""さわら"",""state"":""焼き"",""notes"":[""魚類""]}",焼きさわらは加熱済みの良質な魚タンパクで適切,9,1,1,(1200),(1900),(2400),(770),(260),(1000),(990),(850),(1800),(1200),(270),(1300),(850),(1500),8.82,2.22,1.84,0.34,95,49,360,1200,100,174.75,173674,,"Spanish mackerel, grilled"
10,10173,＜魚類＞　さんま　皮つき　生,55.6,18.1,25.6,(0),1.0,287,28,180,140,200,28,1.4,0.8,0.12,0.02,22,32,16,16.0,1.7,0.01,0.28,7.4,0.54,16.0,15,0.74,"{""baseName"":""さんま"",""formModifiers"":[""皮つき""],""state"":""生"",""notes"":[""魚類""]}",さんまは良質な魚類のタンパク源でオメガ-3も含む。骨は除去して使用。,9,1,1,860,1500,1600,570,200,770,760,660,1400,920,220,990,1200,1200,21.77,6.35,5.59,0.55,300,280,1500,2200,98,280.95,173669,,"Pacific saury, skin-on, raw"
10,10407,＜魚類＞　さんま　皮なし　生,57.0,17.8,25.0,(0),0.8,277,15,160,120,200,25,1.3,0.6,0.13,0.01,30,25,26,11.0,2.6,0,0.32,7.9,0.58,15.0,12,0.57,"{""baseName"":""さんま"",""formModifiers"":[""皮なし""],""state"":""生"",""notes"":[""魚類""]}",さんま（皮なし）は魚類の良質なたんぱく源でオメガ-3脂肪酸も期待でき犬のレシピ素材として適している,9,1,1,860,1400,1600,560,200,760,740,660,1400,910,210,960,1200,1100,20.83,6.09,5.38,0.52,290,270,1400,2100,81,274.8,173672,66.9,"Pacific saury, skinless, raw"
10,10174,＜魚類＞　さんま　皮つき　焼き,53.2,23.3,22.8,(0),1.2,281,37,220,130,260,30,1.7,0.9,0.15,0.03,25,45,11,13.0,1.0,Tr,0.30,9.8,0.42,16.0,17,0.93,"{""baseName"":""さんま"",""formModifiers"":[""皮つき""],""state"":""焼き"",""notes"":[""魚類""]}",焼きさんまは魚由来の良質なたんぱく・脂肪源で犬の素材として適している,9,1,1,1100,1800,2000,700,260,960,910,800,1700,1100,280,1200,1500,1300,18.95,5.61,4.95,0.48,270,240,1300,2000,75,275.35,171994,83.6,"Pacific saury, skin-on, grilled"
10,10175,＜魚類＞　さんま　開き干し,59.7,19.3,19.0,(0),1.9,232,60,140,500,260,28,1.1,0.7,0.12,0.02,-,-,25,14.0,1.5,Tr,0.30,4.0,0.54,10.0,10,0.84,"{""baseName"":""さんま"",""variety"":""開き干し"",""notes"":[""魚類""]}",開き干しさんまはオメガ3等の栄養は豊富だが、干し・塩分が高めで骨の除去が必要。,6,1,1,(920),(1600),(1700),(610),(220),(830),(810),(700),(1500),(980),(240),(1100),(1300),(1300),15.10,3.94,3.54,0.41,240,170,900,1500,92,229.4,173672,66.9,"Pacific saury, split and dried"
10,10176,＜魚類＞　さんま　みりん干し,25.1,23.9,25.8,(0),4.8,382,120,250,1400,370,50,2.2,1.3,0.22,0.07,-,-,31,20.0,0.5,Tr,0.30,3.0,0.35,11.0,14,1.34,"{""baseName"":""さんま"",""variety"":""みりん干し"",""notes"":[""魚類""]}",みりん干しはみりん等のアルコール由来の加工を含む場合があり危険性がある,1,1,1,(1100),(1900),(2100),(750),(270),(1000),(1000),(870),(1900),(1200),(290),(1300),(1600),(1600),19.50,4.65,3.90,0.63,390,200,1000,1600,87,374.35,168149,101.6,"Pacific saury, mirin dried"
10,10177,＜魚類＞　さんま　缶詰　味付け,53.9,18.9,18.9,(0),2.7,259,280,350,540,160,37,1.9,1.1,0.16,0.08,-,-,25,13.0,2.8,Tr,0.20,3.5,0.30,12.0,29,0.55,"{""baseName"":""さんま"",""variety"":""味付け"",""state"":""缶詰"",""notes"":[""魚類""]}",味付け缶詰のさんまは調味料や塩分が多く含まれる加工食品で、そのまま素材として使うのは適さない。,5,1,1,(900),(1500),(1700),(600),(210),(810),(800),(690),(1500),(960),(230),(1000),(1200),(1200),16.46,4.70,4.16,0.49,240,220,1000,1700,81,246.4,175140,76,"Pacific saury, canned, seasoned"
10,10178,＜魚類＞　さんま　缶詰　かば焼,57.0,17.4,13.0,(0),2.9,219,250,260,600,250,37,2.9,0.1,0.14,0.09,-,-,28,12.0,2.4,Tr,0.27,6.2,0.28,12.0,12,0.55,"{""baseName"":""さんま"",""variety"":""かば焼"",""state"":""缶詰"",""notes"":[""魚類""]}",調味加工された缶詰で塩分・糖分が高めのため素材としては控えめ,4,1,1,(830),(1400),(1600),(550),(190),(740),(730),(630),(1400),(890),(210),(950),(1200),(1100),11.24,3.04,2.67,0.34,170,140,700,1200,55,205.35,175121,85,"Pacific saury, canned, kabayaki"
10,10179,＜魚類＞　しいら　生,75.5,21.3,1.9,(0),1.3,100,13,250,50,480,31,0.7,0.5,0.05,0.01,-,-,8,5,0.5,0.20,0.15,9.0,0.46,2.6,3,0.36,"{""baseName"":""しいら"",""state"":""生"",""notes"":[""魚類""]}",しいらは魚類のたんぱく源で犬の素材として適切,9,1,1,(980),(1700),(2000),(660),(250),(910),(840),(720),(1600),(930),(230),(1100),(580),(1300),1.39,0.55,0.47,0.07,16,8,97,320,33,90.7,171959,,"Mahi-mahi, raw"
10,10180,＜魚類＞　（ししゃも類）　ししゃも　生干し　生,67.6,21.0,8.1,(0),3.1,152,330,430,490,380,48,1.6,1.8,0.10,0.11,74,35,100,0.6,0.8,0.02,0.25,1.7,0.07,7.5,37,1.95,"{""baseName"":""ししゃも"",""variety"":""生干し"",""state"":""生"",""notes"":[""魚類"",""ししゃも類""]}",ししゃも（生干し）は魚としての利用は可能だが塩分の高い加工品である,6,1,1,(960),(1700),(1900),(650),(250),(890),(830),(710),(1500),(920),(230),(1100),(570),(1300),6.75,1.73,1.47,0.15,51,23,670,550,68,143.05,175146,65,"Shishamo smelt, semi-dried, raw"
10,10181,＜魚類＞　（ししゃも類）　ししゃも　生干し　焼き,64.1,24.3,7.8,(0),3.6,162,360,540,640,400,57,1.7,2.1,0.11,0.18,-,-,75,0.6,1.1,0.04,0.29,0.9,0.07,8.7,36,1.93,"{""baseName"":""ししゃも"",""variety"":""生干し"",""state"":""焼き"",""notes"":[""魚類"",""ししゃも類""]}",ししゃも焼きは魚類として使いやすいが小骨や塩分に注意が必要。,8,1,1,(1100),(1900),(2200),(750),(280),(1000),(960),(820),(1800),(1100),(260),(1200),(660),(1500),6.27,1.63,1.41,0.14,47,20,650,530,66,152.05,175147,,"Shishamo smelt, semi-dried, grilled"
10,10182,＜魚類＞　（ししゃも類）　からふとししゃも　生干し　生,69.3,15.6,11.6,(0),3.0,160,350,360,590,200,55,1.4,2.0,0.06,0.04,27,41,120,0.4,1.6,Tr,0.31,1.5,0.08,8.7,21,1.20,"{""baseName"":""からふとししゃも"",""variety"":""生干し"",""state"":""生"",""notes"":[""魚類"",""ししゃも類""]}",生干しししゃもは魚として利用できるが塩分や骨への配慮が必要,7,1,1,740,1200,1200,410,230,650,620,530,1100,730,200,900,380,920,9.50,2.03,1.73,0.19,120,39,740,650,30,154.95,168149,101.6,"Capelin, semi-dried, raw"
10,10183,＜魚類＞　（ししゃも類）　からふとししゃも　生干し　焼き,66.4,18.2,11.3,(0),3.5,170,380,450,770,210,65,1.6,2.4,0.07,0.06,-,-,90,0.5,2.1,0.01,0.37,0.8,0.08,10.0,20,1.19,"{""baseName"":""からふとししゃも"",""variety"":""生干し"",""state"":""焼き"",""notes"":[""魚類"",""ししゃも類""]}",焼きししゃもは良質な魚タンパク源。与える際は骨を除去して使用する,9,1,1,(860),(1400),(1400),(480),(270),(760),(720),(620),(1300),(850),(230),(1100),(450),(1100),9.52,2.06,1.76,0.20,120,42,750,670,32,161.85,168149,101.6,"Capelin, semi-dried, grilled"
10,10184,＜魚類＞　したびらめ　生,78.0,19.2,1.6,(0),1.2,89,36,160,140,310,31,0.3,0.5,0.02,0.02,-,-,30,2,0.6,0.06,0.14,3.3,0.20,2.6,12,0.26,"{""baseName"":""したびらめ"",""state"":""生"",""notes"":[""魚類""]}",したびらめは魚類で良質なたんぱく源。骨と内臓を除いて素材として適切。,9,1,1,(880),(1500),(1800),(590),(220),(820),(760),(650),(1400),(840),(210),(980),(520),(1200),1.11,0.45,0.38,0.06,12,6,110,170,38,80.8,174196,65,"Sole, raw"
10,10185,＜魚類＞　しまあじ　養殖　生,68.9,21.9,8.0,(0),1.1,153,16,250,53,390,29,0.7,1.1,0.04,0.01,-,-,10,18.0,1.6,0.25,0.15,8.3,0.52,3.2,2,0.88,"{""baseName"":""しまあじ"",""productionMethod"":""養殖"",""state"":""生"",""notes"":[""魚類""]}",しまあじ（養殖・生）は良質な魚類で犬のレシピ素材になり得るが生食のリスクを考慮する。,8,1,1,(1000),(1700),(2000),(670),(240),(920),(880),(740),(1600),(970),(250),(1100),(1000),(1300),6.29,2.04,1.63,0.41,280,50,400,900,78,145,173717,65,"Striped jack, farmed, raw"
10,10186,＜魚類＞　しらうお　生,82.6,13.6,2.0,(0),1.7,70,150,270,170,250,39,0.4,1.2,0.03,0.09,-,-,50,1,1.8,0.08,0.10,1.8,0.12,3.3,58,0.94,"{""baseName"":""しらうお"",""state"":""生"",""notes"":[""魚類""]}",小型の魚で良質なたんぱく源。犬のレシピ素材として適している。,9,1,1,(620),(1100),(1200),(420),(160),(580),(540),(460),(990),(600),(150),(690),(370),(830),1.33,0.69,0.62,0.05,21,13,180,360,12,64.95,173680,65,"Icefish, raw"
10,10187,＜魚類＞　シルバー　生,72.4,18.6,7.9,(0),1.1,138,11,220,85,440,31,0.6,0.5,0.06,0.01,-,-,100,3,3.1,0.08,0.18,7.6,0.50,1.8,4,0.48,"{""baseName"":""シルバー"",""state"":""生"",""notes"":[""魚類""]}",一般的な食用魚（シルバー）は良質なたんぱく源で素材として適切,9,1,1,(850),(1500),(1700),(570),(220),(790),(730),(630),(1400),(820),(200),(950),(500),(1100),6.19,1.49,1.36,0.13,38,36,420,620,76,132.25,171951,,"Silver pomfret, raw"
10,10188,＜魚類＞　すずき　生,74.8,19.8,4.2,(0),1.2,113,12,210,81,370,29,0.2,0.5,0.02,0.01,-,-,180,10.0,1.2,0.02,0.20,3.9,0.27,2.0,8,0.93,"{""baseName"":""すずき"",""state"":""生"",""notes"":[""魚類""]}",すずきは白身の良質な魚で犬のレシピ素材として適切,9,1,1,(910),(1600),(1800),(610),(230),(840),(780),(670),(1400),(870),(220),(1000),(540),(1200),3.32,1.08,0.87,0.13,45,25,300,400,58,105,175142,60.8,"Japanese sea bass, raw"
10,10189,＜魚類＞　（たい類）　きだい　生,76.9,18.6,3.1,(0),1.2,100,23,210,73,390,30,0.2,0.4,0.02,0.01,-,-,50,4,1.5,0.03,0.04,2.8,0.20,3.2,8,0.38,"{""baseName"":""きだい"",""state"":""生"",""notes"":[""魚類"",""たい類""]}",きだい（たい類）は魚由来の良質なたんぱくで、骨等を取り除いて利用できる。,8,1,1,(850),(1500),(1700),(570),(220),(790),(730),(630),(1400),(820),(200),(950),(500),(1100),2.38,0.68,0.57,0.10,18,7,120,330,54,92.15,175144,,"Yellowback sea bream, raw"
10,10190,＜魚類＞　（たい類）　くろだい　生,71.4,20.4,6.7,(0),1.2,137,13,250,59,400,36,0.3,0.8,0.03,0.01,-,-,12,4,1.4,0.12,0.30,5.5,0.42,3.7,14,0.62,"{""baseName"":""くろだい"",""state"":""生"",""notes"":[""魚類"",""たい類""]}",魚類として良質なたんぱく源、与える際は骨の除去が必要,9,1,1,(940),(1600),(1900),(630),(240),(870),(810),(690),(1500),(900),(220),(1000),(550),(1200),5.18,1.07,0.89,0.15,30,18,260,410,74,129.4,171951,,"Black sea bream, raw"
10,10191,＜魚類＞　（たい類）　ちだい　生,76.8,19.4,2.4,(0),1.3,97,33,230,75,390,32,0.6,0.4,0.03,0.01,24,43,21,2,1.3,0.03,0.10,4.7,0.33,3.0,3,0.49,"{""baseName"":""ちだい"",""state"":""生"",""notes"":[""魚類"",""たい類""]}",ちだい（生）は良質な魚肉で犬のレシピ素材として適している,9,1,1,900,1500,1800,610,210,820,780,700,1500,950,230,1000,480,1300,1.85,0.59,0.49,0.08,13,8,140,250,35,88.65,175141,65,"Crimson sea bream, raw"
10,10192,＜魚類＞　（たい類）　まだい　天然　生,72.2,20.6,5.8,(0),1.3,129,11,220,55,440,31,0.2,0.4,0.02,0.01,-,-,8,5,1.0,0.09,0.05,6.0,0.31,1.2,5,0.64,"{""baseName"":""まだい"",""productionMethod"":""天然"",""state"":""生"",""notes"":[""魚類"",""たい類""]}",高品質なたんぱく源で犬のレシピ素材として適している魚類である,9,1,1,1000,1700,2000,640,230,880,850,730,1600,1000,230,1100,550,1300,4.44,1.38,1.16,0.17,47,22,300,610,83,121.75,175142,60.8,"Red sea bream, wild, raw"
10,10193,＜魚類＞　（たい類）　まだい　養殖　皮つき　生,68.5,20.9,9.4,(0),1.3,160,12,240,52,450,32,0.2,0.5,0.02,0,6,36,11,7,2.4,0.32,0.08,5.6,0.40,1.5,4,1.34,"{""baseName"":""まだい"",""formModifiers"":[""皮つき""],""productionMethod"":""養殖"",""state"":""生"",""notes"":[""魚類"",""たい類""]}",まだいは良質なたんぱく源の魚類。骨や内臓の除去を前提に使用可,9,1,1,970,1700,2000,630,220,850,860,750,1600,1000,240,1100,580,1400,7.42,2.44,1.78,0.54,420,72,520,780,61,153.05,175167,78.5,"Red sea bream, farmed, with skin, raw"
10,10194,＜魚類＞　（たい類）　まだい　養殖　皮つき　水煮,65.0,22.2,11.9,(0),1.2,182,20,220,50,440,29,0.2,0.5,0.03,0,11,44,10,4.7,3.4,0.16,0.07,5.7,0.35,2.6,3,1.23,"{""baseName"":""まだい"",""formModifiers"":[""皮つき""],""productionMethod"":""養殖"",""state"":""水煮"",""notes"":[""魚類"",""たい類""]}",まだいの水煮は調理済みの魚で良質なタンパク源として適切,9,1,1,(1000),(1800),(2100),(670),(240),(900),(910),(800),(1700),(1100),(260),(1200),(620),(1400),8.90,2.86,2.23,0.48,320,65,670,990,77,178.85,173717,65,"Red sea bream, farmed, with skin, boiled"
10,10195,＜魚類＞　（たい類）　まだい　養殖　皮つき　焼き,63.8,22.7,12.0,(0),1.4,186,24,260,55,500,32,0.2,0.5,0.02,0.01,8,46,17,5.6,4.6,0.14,0.09,6.3,0.32,2.6,3,1.25,"{""baseName"":""まだい"",""formModifiers"":[""皮つき""],""productionMethod"":""養殖"",""state"":""焼き"",""notes"":[""魚類"",""たい類""]}",まだいの焼き身は良質な魚たんぱくで犬の素材として適している。,9,1,1,(1100),(1800),(2100),(680),(240),(930),(930),(820),(1800),(1100),(260),(1200),(630),(1500),9.01,2.95,2.24,0.56,400,74,670,990,78,181.8,173718,77.6,"Red sea bream, farmed, with skin, grilled"
10,10408,＜魚類＞　（たい類）　まだい　養殖　皮なし　生,71.9,21.2,5.9,(0),1.3,131,7,260,43,490,33,0.2,0.4,0.02,0,9,32,10,4.5,2.6,0.31,0.08,7.2,0.56,1.8,4,1.40,"{""baseName"":""まだい"",""formModifiers"":[""皮なし""],""productionMethod"":""養殖"",""state"":""生"",""notes"":[""魚類"",""たい類""]}",まだい（皮なし）は良質な魚タンパク源。生は寄生虫に注意し調理して使うと良い,9,1,1,1000,1700,2100,670,240,920,890,790,1700,1100,270,1200,620,1300,4.58,1.52,0.99,0.49,410,48,240,500,32,124.35,175167,78.5,"Red sea bream, farmed, skinless, raw"
10,10196,＜魚類＞　たかさご　生,76.7,20.2,1.5,(0),1.5,93,51,290,48,510,36,0.5,0.7,0.04,0.01,-,-,7,2,0.1,0.03,0.07,4.3,0.20,4.4,3,0.46,"{""baseName"":""たかさご"",""state"":""生"",""notes"":[""魚類""]}",小型魚は良いタンパク源だが生の場合は骨や寄生虫の注意が必要,8,1,1,(930),(1600),(1900),(620),(240),(860),(800),(680),(1500),(890),(220),(1000),(550),(1200),1.03,0.36,0.31,0.05,12,9,43,220,16,83.8,175144,,"Threadfin bream, raw"
10,10197,＜魚類＞　たかべ　生,71.0,18.7,9.0,(0),1.3,148,41,210,120,380,34,0.6,1.3,0.04,0.01,-,-,16,4,1.4,0.06,0.18,3.7,0.23,2.0,3,0.48,"{""baseName"":""たかべ"",""state"":""生"",""notes"":[""魚類""]}",たかべは良質な魚肉タンパク源。骨や内臓を除去して調理するのが望ましい。,9,1,1,(860),(1500),(1700),(580),(220),(800),(740),(630),(1400),(820),(200),(950),(510),(1100),7.05,2.16,1.74,0.35,150,49,480,920,110,141.95,171951,,"Yellowstriped butterfish, raw"
10,10198,＜魚類＞　たちうお　生,61.6,16.5,20.9,(0),1.0,238,12,180,88,290,29,0.2,0.5,0.02,0.02,-,-,52,14.0,1.2,0.01,0.07,3.9,0.20,0.9,2,0.56,"{""baseName"":""たちうお"",""state"":""生"",""notes"":[""魚類""]}",魚は良質な蛋白源だが、生の魚は寄生虫や生食リスクがあるため加熱が望ましい。,7,1,1,810,1300,1600,590,190,780,660,630,1300,850,180,900,440,1000,16.96,3.87,3.15,0.42,160,89,970,1400,120,235.4,173675,,"Largehead hairtail, raw"
10,10199,＜魚類＞　（たら類）　すけとうだら　生,81.6,17.4,1.0,(0),1.1,72,13,180,100,350,24,0.2,0.5,0.03,0,160,25,10,0.5,0.9,0.05,0.11,1.4,0.09,2.9,12,0.20,"{""baseName"":""すけとうだら"",""state"":""生"",""notes"":[""魚類"",""たら類""]}",白身魚の良質なタンパク源。骨や内臓は除去すれば素材として適切。,9,1,1,680,1200,1500,550,190,740,630,580,1200,780,180,780,420,1100,0.47,0.27,0.25,0.02,4,1,71,170,15,69.4,173725,,"Alaska pollock, raw"
10,10409,＜魚類＞　（たら類）　すけとうだら　フライ,61.9,19.2,11.9,-,1.2,195,34,190,140,340,27,0.4,0.7,0.05,0.08,-,-,18,0.4,3.2,0.05,0.13,1.5,0.08,2.5,19,0.31,"{""baseName"":""すけとうだら"",""state"":""フライ"",""notes"":[""魚類"",""たら類""]}",フライ加工の白身魚は加熱済みだが油や衣による脂質・塩分に注意が必要,5,1,1,820,1500,1600,570,220,790,780,660,1400,880,210,950,490,1200,10.79,3.17,1.13,2.03,2000,870,85,170,20,188.65,173726,,"Alaska pollock, fried"
10,10200,＜魚類＞　（たら類）　すけとうだら　すり身,75.1,17.5,0.2,(0),0.6,98,7,130,120,130,21,0.1,0.3,0.03,0.01,-,-,5,1,0.6,0.03,0.05,0.4,0.01,0.6,4,0.19,"{""baseName"":""すけとうだら"",""variety"":""すり身"",""notes"":[""魚類"",""たら類""]}",すけとうだらのすり身は良質なたんぱく源で加工済みの魚素材として扱いやすい。,9,1,1,(690),(1300),(1500),(550),(190),(740),(630),(590),(1200),(780),(180),(780),(430),(1100),0.13,0.08,0.07,Tr,1,Tr,25,44,2,86.05,173702,,"Alaska pollock, surimi"
10,10201,＜魚類＞　（たら類）　すけとうだら　すきみだら,38.2,40.5,0.3,(0),20.9,165,130,340,7400,540,54,1.9,0.1,0.09,0.02,-,-,Tr,1,1.1,0.13,0.18,2.2,0.10,2.5,7,0.43,"{""baseName"":""すけとうだら"",""variety"":""すきみだら"",""notes"":[""魚類"",""たら類""]}",すけとうだら（たら類）は犬に適した魚のたんぱく源である。,9,1,1,(1600),(2900),(3500),(1300),(440),(1700),(1500),(1400),(2800),(1800),(420),(1800),(990),(2600),0.22,0.12,0.11,0.01,1,1,37,67,5,144.65,173681,91.6,"Alaska pollock, minced"
10,10202,＜魚類＞　（たら類）　すけとうだら　たらこ　生,65.2,24.0,4.7,(0),5.7,131,24,390,1800,300,13,0.6,3.1,0.08,0.04,130,130,24,1.7,7.1,0.71,0.43,50.0,0.25,18.0,52,3.68,"{""baseName"":""すけとうだら"",""variety"":""たらこ"",""state"":""生"",""notes"":[""魚類"",""たら類""]}",すけとうだらの卵（たらこ）は良質な動物性タンパク源で犬のレシピ素材として適切。,9,1,1,1300,2200,1800,510,310,820,960,1100,2100,1200,280,1500,530,1200,2.80,1.28,1.19,0.07,17,6,510,600,40,125.35,173725,,"Alaska pollock roe, raw"
10,10203,＜魚類＞　（たら類）　すけとうだら　たらこ　焼き,58.6,28.3,6.1,(0),6.5,158,27,470,2100,340,15,0.7,3.8,0.10,0.05,-,-,34,1.6,8.1,0.77,0.53,57.0,0.27,23.0,50,3.68,"{""baseName"":""すけとうだら"",""variety"":""たらこ"",""state"":""焼き"",""notes"":[""魚類"",""たら類""]}",魚卵は栄養があるが塩分の高い加工品で使用は慎重に,6,1,1,(1600),(2600),(2200),(600),(370),(970),(1100),(1300),(2500),(1400),(330),(1700),(620),(1400),3.59,1.64,1.54,0.09,22,8,650,780,51,152.65,175132,335.4,"Alaska pollock roe, grilled"
10,10204,＜魚類＞　（たら類）　すけとうだら　からしめんたいこ,66.6,21.0,3.3,(0),6.1,121,23,290,2200,180,11,0.7,2.7,0.08,0.04,-,-,37,1,6.5,0.34,0.33,20.0,0.17,11.0,43,2.16,"{""baseName"":""すけとうだら"",""variety"":""からしめんたいこ"",""notes"":[""魚類"",""たら類""]}",からし明太子は魚素材だが辛味や強い味付けがあるため素材としては注意が必要,4,1,1,(1200),(1900),(1600),(450),(270),(720),(840),(980),(1800),(1100),(250),(1300),(460),(1100),2.22,1.09,1.01,0.07,39,6,420,530,23,112.05,168980,,"Alaska pollock roe, spicy (mentaiko)"
10,10205,＜魚類＞　（たら類）　まだら　生,80.9,17.6,0.2,(0),1.2,72,32,230,110,350,24,0.2,0.5,0.04,0.01,350,31,10,1,0.8,0.10,0.10,1.4,0.07,1.3,5,0.44,"{""baseName"":""まだら"",""state"":""生"",""notes"":[""魚類"",""たら類""]}",まだら（タラ）は低脂肪で良質な魚たんぱくを含み、犬のレシピ素材として適している,9,1,1,710,1300,1500,530,190,720,650,610,1300,790,180,800,440,1100,0.14,0.07,0.07,0.01,1,Tr,24,42,4,63.65,175178,,"Pacific cod, raw"
10,10206,＜魚類＞　（たら類）　まだら　焼き,72.8,25.2,0.2,(0),1.6,103,48,280,140,480,33,0.4,0.9,0.05,0.02,-,-,9,0.7,1.3,0.09,0.12,1.4,0.09,3.9,7,0.53,"{""baseName"":""まだら"",""state"":""焼き"",""notes"":[""魚類"",""たら類""]}",焼きたらは調理済みの白身魚で犬のレシピ素材として適切,9,1,1,(1000),(1800),(2200),(760),(270),(1000),(930),(870),(1800),(1100),(250),(1100),(630),(1600),0.20,0.11,0.10,0.01,1,1,33,61,6,90.6,175178,,"Pacific cod, grilled"
10,10207,＜魚類＞　（たら類）　まだら　しらこ　生,83.8,13.4,0.8,(0),1.8,60,6,430,110,390,23,0.2,0.7,0.03,0.01,-,-,8,2,1.8,0.24,0.13,1.5,0.01,3.1,11,0.68,"{""baseName"":""まだら"",""variety"":""しらこ"",""state"":""生"",""notes"":[""魚類"",""たら類""]}",まだらのしらこ（生）は魚類の良質な部位だが生食は寄生虫等のリスクがあるため扱いに注意が必要。,7,1,1,(350),(720),(1000),(240),(110),(350),(300),(280),(580),(450),(42),(530),(180),(840),0.41,0.20,0.19,0.02,2,1,64,110,13,54.4,173725,,"Pacific cod milt, raw"
10,10208,＜魚類＞　（たら類）　まだら　塩だら,82.1,15.2,0.1,(0),2.6,61,23,170,790,290,22,0.3,0.4,0.02,0.01,-,-,Tr,3,0.7,0.13,0.20,2.0,0.11,1.4,6,0.26,"{""baseName"":""まだら"",""variety"":""塩だら"",""notes"":[""魚類"",""たら類""]}",塩だらは良質な魚だが塩漬けで塩分が高い点に注意が必要です。,6,1,1,(610),(1100),(1300),(460),(160),(620),(560),(520),(1100),(690),(150),(690),(380),(940),0.04,0.02,0.02,Tr,Tr,0,8,12,1,54.05,175178,,"Pacific cod, salted"
10,10209,＜魚類＞　（たら類）　まだら　干しだら,18.5,73.2,0.8,(0),7.4,299,80,840,1500,1600,89,0.1,1.8,0.16,0.03,-,-,Tr,6,0.3,0.20,0.30,4.0,0.34,8.6,22,1.37,"{""baseName"":""まだら"",""variety"":""干しだら"",""notes"":[""魚類"",""たら類""]}",干しだらは良質な魚タンパク源で素材として適している（干物のため加工点あり）,8,1,1,(2900),(5300),(6400),(2200),(780),(3000),(2700),(2500),(5200),(3300),(740),(3300),(1800),(4500),0.54,0.24,0.22,0.02,3,1,73,130,14,263.35,174190,291.3,"Pacific cod, dried"
10,10210,＜魚類＞　（たら類）　加工品　でんぶ,26.9,25.5,1.1,(0),5.0,276,260,220,1600,120,31,1.3,1.0,0.44,0.19,-,-,Tr,0.5,0.8,0.04,0.08,1.9,0.04,0.4,16,0.15,"{""baseName"":""加工品"",""variety"":""でんぶ"",""notes"":[""魚類"",""たら類""]}",でんぶは調味された魚加工品で塩分や糖分が含まれるため適量での使用向き,5,1,1,(1000),(1900),(2200),(770),(270),(1000),(940),(880),(1800),(1100),(260),(1200),(640),(1600),0.62,0.31,0.28,0.02,5,1,110,160,11,243.85,174280,,Fish floss (denbu)
10,10448,＜魚類＞　（たら類）　加工品　桜でんぶ,5.6,10.6,0.5,0,3.1,351,300,180,930,43,17,0.4,0.6,0.03,0.03,58,14,2,0,0.1,0.01,0.01,0.2,Tr,0.6,3,0.06,"{""baseName"":""加工品"",""variety"":""桜でんぶ"",""notes"":[""魚類"",""たら類""]}",桜でんぶは魚を加工した風味付け食品で糖や塩を含む加工品のため、主要素材としてはやや不適。,6,1,1,410,960,1000,320,130,450,460,380,840,570,120,610,260,710,0.09,0.03,0.02,Tr,4,1,9,12,1,322.05,173702,,Sakura denbu (pink fish floss)
10,10211,＜魚類＞　ちか　生,78.3,19.5,0.6,(0),1.6,82,35,240,250,340,41,0.3,1.3,0.08,0.03,-,-,4,1,0.9,0,0.14,2.7,0.19,5.4,7,0.71,"{""baseName"":""ちか"",""state"":""生"",""notes"":[""魚類""]}",ちかは魚類で良質なタンパク源。犬の素材として適切。,9,1,1,(900),(1500),(1800),(600),(230),(830),(770),(660),(1400),(860),(210),(990),(530),(1200),0.37,0.20,0.19,0.01,4,4,47,130,6,73.35,173670,,"Japanese smelt, raw"
10,10213,＜魚類＞　どじょう　生,79.1,16.1,1.2,(0),3.6,72,1100,690,96,290,42,5.6,2.9,0.08,0.38,-,-,13,4,0.6,0.09,1.09,4.0,0.10,8.5,16,0.66,"{""baseName"":""どじょう"",""state"":""生"",""notes"":[""魚類""]}",どじょうなどの魚類は良質なたんぱく源で、魚特有の栄養（脂肪酸等）を期待できる,9,1,1,750,1200,1400,450,170,620,660,500,1200,740,160,840,370,1000,0.55,0.22,0.09,0.13,35,11,23,34,70,66.55,169809,,"Loach, raw"
10,10214,＜魚類＞　どじょう　水煮,77.9,17.1,1.2,(0),3.8,76,1200,750,100,330,47,6.4,3.1,0.06,0.43,-,-,13,5.5,0.4,0.08,1.00,4.2,0.08,6.3,11,0.43,"{""baseName"":""どじょう"",""state"":""水煮"",""notes"":[""魚類""]}",どじょうの水煮は加熱済みの魚類で良質なタンパク源として利用できる,9,1,1,(790),(1300),(1400),(480),(180),(660),(700),(530),(1200),(780),(170),(890),(390),(1100),0.50,0.21,0.09,0.12,28,9,22,35,68,70.05,169371,,"Loach, boiled"
10,10215,＜魚類＞　とびうお　生,76.9,21.0,0.7,(0),1.3,89,13,340,64,320,37,0.5,0.8,0.06,0.01,-,-,3,2,2.3,0.01,0.10,7.1,0.47,3.3,8,0.42,"{""baseName"":""とびうお"",""state"":""生"",""notes"":[""魚類""]}",とびうおは良質の動物性タンパク源で、骨や内臓を除けば素材として適切。,9,1,1,1100,1700,2000,680,270,940,840,750,1600,980,250,1200,1100,1300,0.44,0.22,0.20,0.02,6,4,25,150,7,79.8,171959,,"Flying fish, raw"
10,10421,＜魚類＞　とびうお　煮干し,12.5,80.0,2.2,(0),7.5,325,1200,1300,610,1200,170,2.2,3.3,0.20,0.10,42,120,9,3.9,4.0,0,0.32,17.0,0.24,13.0,22,0.62,"{""baseName"":""とびうお"",""state"":""煮干し"",""notes"":[""魚類""]}",煮干しのとびうおは乾燥・加工された魚で旨味とカルシウム源になり得る安全な素材。,8,1,1,3800,6400,7400,2300,850,3100,3300,2900,6200,4000,930,4200,3000,5000,1.03,0.53,0.46,0.07,11,4,56,370,34,298.7,168052,205.6,"Flying fish, niboshi (dried)"
10,10422,＜魚類＞　とびうお　焼き干し,11.8,73.4,3.3,(0),12.7,309,3200,2300,690,1100,200,2.7,5.4,0.23,0.26,62,140,17,3.3,2.4,Tr,0.32,16.0,0.21,15.0,40,0.82,"{""baseName"":""とびうお"",""variety"":""焼き干し"",""notes"":[""魚類""]}",焼き干しのとびうおは出汁や風味付けに使える安全な魚類加工品,8,1,1,3200,5600,6300,2100,720,2800,2800,2500,5300,3500,780,3600,2600,4600,1.41,0.58,0.49,0.08,18,7,69,370,34,284.95,168052,205.6,"Flying fish, roasted and dried"
10,10212,＜魚類＞　ナイルティラピア　生,73.5,19.8,5.3,(0),1.2,124,29,180,60,370,24,0.5,0.4,0.02,0.01,-,-,3,11.0,1.9,0.04,0.20,3.1,0.67,2.3,5,1.08,"{""baseName"":""ナイルティラピア"",""state"":""生"",""notes"":[""魚類""]}",ナイルティラピアは淡白な良質タンパクで犬のレシピ素材として適している,9,1,1,990,1600,1900,610,250,860,810,690,1500,940,220,1000,490,1200,4.36,1.06,0.46,0.61,520,35,31,270,46,115.05,175176,42.5,"Nile tilapia, raw"
10,10216,＜魚類＞　なまず　生,72.0,18.4,8.6,(0),1.0,145,18,170,46,320,23,0.4,0.6,0.03,0.02,-,-,70,4,6.3,0.33,0.10,1.8,0.16,2.3,10,0.81,"{""baseName"":""なまず"",""state"":""生"",""notes"":[""魚類""]}",生のなまずは良質な魚のたんぱく源で、適切に処理・加熱すれば使用可能。,9,1,1,(680),(1200),(1400),(510),(150),(660),(650),(530),(1200),(790),(150),(780),(650),(1200),6.99,1.75,0.96,0.75,530,120,210,440,120,137.5,174186,,"Catfish, raw"
10,10217,＜魚類＞　にぎす　生,78.5,18.7,1.2,(0),1.5,84,70,220,190,320,27,0.4,0.4,0.03,0.01,-,-,75,Tr,0.5,0.12,0.26,3.5,0.15,3.4,8,0.77,"{""baseName"":""にぎす"",""state"":""生"",""notes"":[""魚類""]}",にぎす（生）は魚類として良質なたんぱく源で犬のレシピ素材に適している,9,1,1,(860),(1500),(1700),(580),(220),(800),(740),(630),(1400),(820),(200),(950),(510),(1100),0.84,0.35,0.32,0.04,9,5,81,200,18,76,173713,65,"Silver whiting, raw"
10,10218,＜魚類＞　にしん　生,66.1,17.4,15.1,(0),1.3,196,27,240,110,350,33,1.0,1.1,0.09,0.02,-,-,18,22.0,3.1,0.01,0.23,4.0,0.42,17.0,13,1.06,"{""baseName"":""にしん"",""state"":""生"",""notes"":[""魚類""]}",にしんは栄養価の高い魚だが、適切に調理して使用するのが望ましい。,8,1,1,870,1400,1700,560,220,780,720,610,1300,820,200,1000,460,1100,12.54,2.39,2.13,0.26,160,100,880,770,84,189.6,173669,,"Pacific herring, raw"
10,10219,＜魚類＞　にしん　身欠きにしん,60.6,20.9,16.7,(0),1.6,224,66,290,170,430,38,1.5,1.3,0.10,0.04,-,-,Tr,50.0,2.7,0.01,0.03,4.7,0.21,13.0,12,1.24,"{""baseName"":""にしん"",""variety"":""身欠きにしん"",""notes"":[""魚類""]}",身欠きにしんは塩蔵・乾燥した加工魚で塩分が高い可能性があるため加工度を考慮。,6,1,1,(1000),(1700),(2000),(670),(270),(940),(870),(730),(1600),(980),(240),(1200),(550),(1300),13.97,2.18,1.70,0.48,410,160,760,590,46,215.8,173669,,"Pacific herring, dried fillet"
10,10220,＜魚類＞　にしん　開き干し,59.8,18.5,19.7,(0),1.8,239,25,260,360,350,33,1.9,1.0,0.11,0.02,-,-,Tr,36.0,2.1,0.01,0.03,4.7,0.25,9.0,7,1.28,"{""baseName"":""にしん"",""variety"":""開き干し"",""notes"":[""魚類""]}",にしんは良質な魚類たんぱくで利用可能だが、開き干しは塩分がある点に注意。,8,1,1,(930),(1500),(1800),(590),(240),(830),(770),(650),(1400),(870),(210),(1100),(480),(1100),16.42,3.35,2.77,0.26,140,63,1400,880,53,232.9,169807,,"Pacific herring, split and dried"
10,10221,＜魚類＞　にしん　くん製,43.9,23.1,22.1,(0),10.9,280,150,400,3900,280,36,3.5,1.1,0.16,0.03,-,-,Tr,48.0,0.5,0.01,0.35,5.0,0.10,15.0,16,1.74,"{""baseName"":""にしん"",""state"":""くん製"",""notes"":[""魚類""]}",燻製ニシンは良質な魚たんぱくだが燻製・塩分の影響を考慮する必要がある,7,1,1,(1200),(1900),(2200),(740),(300),(1000),(960),(810),(1800),(1100),(260),(1300),(600),(1400),19.08,3.13,2.52,0.39,200,64,1100,870,57,268.7,169807,,"Pacific herring, smoked"
10,10222,＜魚類＞　にしん　かずのこ　生,66.1,25.2,6.7,(0),1.8,139,50,140,320,210,34,1.2,2.3,0.07,0.06,-,-,15,13.0,5.1,0.15,0.22,1.4,0.26,11.0,120,1.37,"{""baseName"":""にしん"",""variety"":""かずのこ"",""state"":""生"",""notes"":[""魚類""]}",にしん（かずのこ）は魚類のタンパク源として使用可能だが加工部位により塩分などに注意,8,1,1,(1500),(2800),(2100),(760),(610),(1400),(1400),(1400),(2800),(1900),(520),(2100),(710),(1800),3.23,1.45,1.37,0.08,29,25,410,870,54,145.85,175116,65,"Herring roe, raw"
10,10223,＜魚類＞　にしん　かずのこ　乾,16.5,65.2,13.6,(0),4.2,358,65,500,1400,46,150,1.9,5.4,0.08,0.07,-,-,7,32.0,6.4,Tr,0.07,0.4,0.28,4.8,23,1.13,"{""baseName"":""にしん"",""variety"":""かずのこ"",""state"":""乾"",""notes"":[""魚類""]}",にしんの数の子乾燥品は魚卵由来の素材であるが加工品であるため加工面に注意が必要。,6,1,1,(3800),(7300),(5400),(2000),(1600),(3600),(3700),(3700),(7400),(5000),(1300),(5400),(1800),(4600),8.03,3.57,3.39,0.13,66,31,1300,1700,44,345.55,168990,,"Herring roe, dried"
10,10224,＜魚類＞　にしん　かずのこ　塩蔵　水戻し,80.0,15.0,3.0,(0),1.4,80,8,94,480,2,4,0.4,1.3,0.06,0.02,-,-,2,17.0,0.9,Tr,0.01,Tr,0.04,4.5,0,0,"{""baseName"":""にしん"",""variety"":""かずのこ 塩蔵"",""state"":""水戻し"",""notes"":[""魚類""]}",塩蔵かずのこは魚卵として栄養価は高いが塩分が高めなので使用量に注意が必要。,6,1,1,(860),(1700),(1200),(450),(360),(810),(850),(850),(1700),(1100),(310),(1200),(420),(1100),1.49,0.52,0.48,0.03,13,7,180,270,15,80.1,168990,,"Herring roe, salted and rehydrated"
10,10225,＜魚類＞　はぜ　生,79.4,19.1,0.2,(0),1.2,78,42,190,93,350,27,0.2,0.6,0.02,0.10,-,-,6,3,1.0,0.04,0.04,1.4,0.07,2.7,8,0.42,"{""baseName"":""はぜ"",""state"":""生"",""notes"":[""魚類""]}",はぜは一般的な魚類で良質なたんぱく源。下処理を行えば適する,8,1,1,940,1600,1700,590,250,840,830,680,1500,880,200,990,460,1100,0.09,0.04,0.03,0.01,1,Tr,16,12,8,68.9,171962,,"Gobies, raw"
10,10226,＜魚類＞　はぜ　つくだ煮,23.2,24.3,3.0,(0),9.6,277,1200,820,2200,480,73,12.0,3.2,0.08,1.20,-,-,150,5,2.4,0.11,0.41,2.4,0.06,6.8,230,0.79,"{""baseName"":""はぜ"",""variety"":""つくだ煮"",""notes"":[""魚類""]}",佃煮は甘辛く煮詰めた加工品で塩分・糖分が高く、犬の素材としては不向き。,3,1,1,(1200),(2000),(2200),(750),(320),(1100),(1100),(860),(1900),(1100),(260),(1300),(590),(1400),1.53,0.68,0.46,0.19,72,65,170,150,76,250.2,172010,,"Gobies, tsukudani"
10,10227,＜魚類＞　はぜ　甘露煮,29.5,21.1,2.2,(0),6.9,260,980,650,1500,200,58,4.2,2.7,0.05,1.27,-,-,21,6,0.6,0.05,0.11,0.9,0.03,5.8,15,0.23,"{""baseName"":""はぜ"",""variety"":""甘露煮"",""notes"":[""魚類""]}",はぜの甘露煮は甘辛く調理された加工魚で糖分・塩分が高めの複合加工品,4,1,1,(1000),(1700),(1900),(650),(280),(930),(910),(750),(1700),(970),(230),(1100),(510),(1200),1.02,0.38,0.28,0.10,36,28,99,96,42,233.6,169241,,"Gobies, kanroni (sweet simmered)"
10,10228,＜魚類＞　はたはた　生,78.8,14.1,5.7,(0),1.4,101,60,120,180,250,18,0.5,0.6,0.06,-,32,37,20,2,2.2,0.02,0.14,3.0,0.08,1.7,7,0.50,"{""baseName"":""はたはた"",""state"":""生"",""notes"":[""魚類""]}",はたはたは良質な魚でたんぱく源として適した素材である。,9,1,1,670,1200,1300,460,160,610,570,500,1100,710,160,730,330,980,4.22,1.35,1.09,0.24,65,28,420,520,130,97.8,173675,,"Sailfin sandfish, raw"
10,10229,＜魚類＞　はたはた　生干し,71.1,16.7,10.3,(0),1.9,154,17,180,510,240,23,0.3,0.8,0.04,0.01,37,37,22,1,2.8,0.05,0.05,0.9,0.08,3.5,11,0.50,"{""baseName"":""はたはた"",""variety"":""生干し"",""notes"":[""魚類""]}",生干しのはたはた（魚）は魚類として利用可能だが塩分や骨の除去に注意。,8,1,1,720,1300,1500,500,160,670,660,580,1200,850,170,820,390,1200,8.83,3.04,2.61,0.37,120,84,970,1200,160,146,173675,,"Sailfin sandfish, semi-dried"
10,10230,＜魚類＞　はまふえふき　生,77.7,20.5,0.3,(0),1.4,85,43,250,80,450,29,0.3,0.5,0.03,0,-,-,8,11.0,0.6,0.15,0.07,6.4,0.30,3.7,3,0.40,"{""baseName"":""はまふえふき"",""state"":""生"",""notes"":[""魚類""]}",はまふえふき（魚）は良質な動物性タンパク源で犬の素材として適している,9,1,1,(940),(1600),(1900),(630),(240),(870),(810),(690),(1500),(900),(220),(1000),(560),(1200),0.18,0.07,0.04,0.03,2,1,5,26,20,74.65,175142,60.8,"Blue lined sea bream, raw"
10,10231,＜魚類＞　はも　生,71.0,22.3,5.3,(0),1.4,132,79,280,66,450,29,0.2,0.6,0.03,0.07,-,-,59,5,1.1,0.04,0.18,3.8,0.23,1.9,21,0.46,"{""baseName"":""はも"",""state"":""生"",""notes"":[""魚類""]}",白身魚で良質なタンパク源、加熱して与えるのが望ましい,8,1,1,1100,1800,2300,670,270,940,840,780,1600,980,240,1200,620,1400,4.10,1.45,1.25,0.20,64,79,220,640,120,123.1,173680,65,"Pike conger, raw"
10,10233,＜魚類＞　ひらまさ　生,71.1,22.6,4.9,(0),1.3,128,12,300,47,450,36,0.4,0.7,0.04,0.01,-,-,19,5,1.4,0.20,0.14,7.6,0.52,2.1,8,0.26,"{""baseName"":""ひらまさ"",""state"":""生"",""notes"":[""魚類""]}",生のひらまさは良質なたんぱく源で犬の素材として適する,9,1,1,(1000),(1800),(2100),(700),(250),(950),(910),(760),(1700),(1000),(260),(1200),(1100),(1300),3.42,1.18,1.04,0.14,38,21,220,670,63,121.1,175163,,"Yellowtail amberjack, raw"
10,10234,＜魚類＞　ひらめ　天然　生,76.8,20.0,2.0,(0),1.2,96,22,240,46,440,26,0.1,0.4,0.03,0.01,-,-,12,3,0.6,0.04,0.11,5.0,0.33,1.0,16,0.82,"{""baseName"":""ひらめ"",""productionMethod"":""天然"",""state"":""生"",""notes"":[""魚類""]}",天然のひらめは良質な魚蛋白で犬のレシピ素材として適している（調理方法に注意）,8,1,1,(940),(1600),(1900),(620),(210),(830),(830),(720),(1600),(1000),(220),(1100),(540),(1300),1.52,0.61,0.51,0.08,15,7,120,290,45,87,173705,,"Olive flounder, wild, raw"
10,10235,＜魚類＞　ひらめ　養殖　皮つき　生,73.7,21.6,3.7,(0),1.3,115,30,240,43,440,30,0.1,0.5,0.02,0.03,8,47,19,1.9,1.6,0.12,0.34,6.2,0.44,1.5,13,0.89,"{""baseName"":""ひらめ"",""formModifiers"":[""皮つき""],""productionMethod"":""養殖"",""state"":""生"",""notes"":[""魚類""]}",ひらめは白身魚の良いタンパク源で素材として適切（下処理に注意）,9,1,1,1000,1700,2000,670,220,890,890,780,1700,1100,230,1200,580,1400,2.92,1.17,0.89,0.25,170,33,170,520,40,107.05,173705,,"Olive flounder, farmed, with skin, raw"
10,10410,＜魚類＞　ひらめ　養殖　皮なし　生,76.0,21.2,2.5,(0),1.2,100,8,230,41,470,31,0.1,0.3,0.02,0.01,11,41,9,2.3,1.6,0.22,0.07,6.7,0.48,1.1,12,0.86,"{""baseName"":""ひらめ"",""formModifiers"":[""皮なし""],""productionMethod"":""養殖"",""state"":""生"",""notes"":[""魚類""]}",養殖ひらめの生切り身は良質なたんぱく源として利用できる。,9,1,1,970,1700,2000,630,230,870,850,770,1600,1100,240,1100,570,1300,1.78,0.72,0.55,0.16,110,20,100,330,25,95.45,174200,61.8,"Olive flounder, farmed, skinless, raw"
10,10236,＜魚類＞　（ふぐ類）　とらふぐ　養殖　生,78.9,19.3,0.3,(0),1.3,80,6,250,100,430,25,0.2,0.9,0.02,0.01,-,-,3,4,0.8,0.06,0.21,5.9,0.45,1.9,3,0.36,"{""baseName"":""とらふぐ"",""productionMethod"":""養殖"",""state"":""生"",""notes"":[""魚類"",""ふぐ類""]}",とらふぐ（養殖）の生切り身。フグ類は毒性のリスクがあるため取り扱いと処理に注意が必要。,3,1,1,(950),(1500),(1800),(560),(240),(800),(700),(660),(1400),(870),(220),(1000),(460),(1200),0.20,0.10,0.08,0.02,3,1,19,55,9,70.8,175159,65,"Tiger puffer, farmed, raw"
10,10237,＜魚類＞　（ふぐ類）　まふぐ　生,79.3,18.9,0.4,(0),1.4,78,5,260,83,470,24,0.2,1.5,0.02,0,-,-,7,6,0.6,0.04,0.17,7.0,0.50,3.0,3,0.23,"{""baseName"":""まふぐ"",""state"":""生"",""notes"":[""魚類"",""ふぐ類""]}",まふぐは一部に強い毒を含む可能性があり取り扱いに注意が必要で素材適性は限定的。,5,1,1,930,1500,1700,540,240,780,680,650,1300,860,220,1000,450,1200,0.25,0.13,0.11,0.02,3,Tr,14,84,15,69.55,175159,65,"Japanese puffer, raw"
10,10238,＜魚類＞　ふな　生,78.0,18.2,2.5,(0),1.2,93,100,160,30,340,23,1.5,1.9,0.04,0.02,-,-,12,4,1.5,0.55,0.14,2.3,0.11,5.5,14,0.69,"{""baseName"":""ふな"",""state"":""生"",""notes"":[""魚類""]}",ふな（生）は淡水魚としてたんぱく源になるが骨除去などの処理が前提,8,1,1,890,1500,1700,550,200,750,780,630,1400,820,180,970,520,1100,1.93,0.69,0.50,0.12,48,74,190,110,40,85.3,171952,65,"Crucian carp, raw"
10,10239,＜魚類＞　ふな　水煮,75.6,20.3,2.8,(0),1.2,104,140,230,46,310,24,1.5,2.1,0.04,0.02,-,-,15,3.8,1.5,0.49,0.12,1.6,0.10,4.4,8,0.71,"{""baseName"":""ふな"",""state"":""水煮"",""notes"":[""魚類""]}",水煮された魚でタンパク源として利用できるが骨の除去に注意。,8,1,1,(990),(1700),(1900),(610),(220),(840),(870),(700),(1600),(920),(200),(1100),(590),(1200),2.16,0.73,0.52,0.14,58,81,190,120,46,95.2,171952,65,"Crucian carp, boiled"
10,10240,＜魚類＞　ふな　甘露煮,28.7,15.5,3.6,(0),7.8,266,1200,710,1300,240,58,6.5,5.2,0.11,0.62,-,-,60,2,0.5,0.16,0.16,1.3,0.03,6.7,13,0.24,"{""baseName"":""ふな"",""variety"":""甘露煮"",""notes"":[""魚類""]}",甘露煮は調味された加工食品で塩分・糖分が高く素材としては不向き,4,1,1,(760),(1300),(1500),(470),(170),(640),(670),(540),(1200),(700),(150),(820),(450),(920),2.29,1.05,0.33,0.71,600,140,56,72,60,240.25,174185,,"Crucian carp, kanroni (sweet simmered)"
10,10449,＜魚類＞　ふな　ふなずし,57.0,21.3,7.9,0,4.7,181,350,240,1500,64,20,0.9,2.9,0.23,0.34,24,48,43,3.6,4.6,Tr,0.07,0.3,0.03,7.4,15,0.14,"{""baseName"":""ふな"",""variety"":""ふなずし"",""notes"":[""魚類""]}",ふなずしは強い発酵・塩分・複合成分を含む加工作品で犬には不向き,3,1,1,820,1700,1400,570,250,820,860,730,1600,1000,230,1200,460,1300,5.35,1.95,1.18,0.74,270,140,330,460,280,173.55,171952,65,"Crucian carp, funazushi"
10,10241,＜魚類＞　ぶり　成魚　生,59.6,21.4,17.6,(0),1.1,222,5,130,32,380,26,1.3,0.7,0.08,0.01,24,57,50,8,2.0,0.23,0.36,9.5,0.42,3.8,7,1.01,"{""baseName"":""ぶり"",""variety"":""成魚"",""state"":""生"",""notes"":[""魚類""]}",良質なたんぱく質と健康的な脂質を含む魚類で素材として適する（骨除去が前提）,9,1,1,1000,1700,2000,680,230,910,870,740,1600,1000,250,1200,1700,1200,12.49,3.72,3.35,0.37,190,97,940,1700,160,225.55,173672,66.9,"Japanese amberjack, adult, raw"
10,10242,＜魚類＞　ぶり　成魚　焼き,51.8,26.2,20.4,(0),1.3,260,6,170,40,440,28,2.3,0.9,0.10,0.01,-,-,42,5.4,2.1,0.24,0.39,10.0,0.38,3.8,6,1.38,"{""baseName"":""ぶり"",""variety"":""成魚"",""state"":""焼き"",""notes"":[""魚類""]}",ぶりは良質なタンパク質と脂肪を含む魚で、加熱済みの切り身は犬の素材として適しているため,9,1,1,(1300),(2000),(2400),(830),(290),(1100),(1100),(900),(2000),(1300),(310),(1400),(2100),(1500),13.85,4.15,3.73,0.41,210,110,1000,1900,180,266.15,171994,83.6,"Japanese amberjack, adult, grilled"
10,10243,＜魚類＞　ぶり　はまち　養殖　皮つき　生,61.5,20.7,17.2,(0),1.1,217,19,210,38,340,29,1.0,0.8,0.09,0.01,14,32,32,4,4.6,0.16,0.21,9.0,0.45,4.6,9,0.99,"{""baseName"":""ぶり"",""variety"":""はまち"",""formModifiers"":[""皮つき""],""productionMethod"":""養殖"",""state"":""生"",""notes"":[""魚類""]}",ぶり（はまち）は良質な魚のタンパク源で犬に適した素材,9,1,1,920,1500,1800,590,200,790,800,680,1500,990,230,1000,1300,1300,12.84,3.05,1.88,1.08,880,120,450,910,85,218.65,175163,,"Japanese amberjack (Hamachi), farmed, with skin, raw"
10,10411,＜魚類＞　ぶり　はまち　養殖　皮なし　生,66.4,21.0,12.0,(0),1.1,180,5,220,36,390,29,1.1,0.5,0.10,0.01,14,35,41,4.4,5.5,0.17,0.23,7.9,0.53,6.6,9,0.99,"{""baseName"":""ぶり"",""variety"":""はまち"",""formModifiers"":[""皮なし""],""productionMethod"":""養殖"",""state"":""生"",""notes"":[""魚類""]}",良質な動物性たんぱく源で犬に適した魚類である,9,1,1,990,1600,1900,600,220,820,820,720,1500,990,250,1100,1500,1200,9.49,2.57,1.66,0.84,680,99,390,830,70,175.5,173706,65,"Japanese amberjack (Hamachi), farmed, skinless, raw"
10,10244,＜魚類＞　ほうぼう　生,74.9,19.6,4.2,(0),1.3,110,42,200,110,380,34,0.4,0.5,0.04,0.05,-,-,9,3,0.5,0.09,0.15,5.0,0.44,2.2,5,0.82,"{""baseName"":""ほうぼう"",""state"":""生"",""notes"":[""魚類""]}",ほうぼう（魚）は良質な魚のたんぱく源で犬の食材として適している。,9,1,1,(900),(1500),(1800),(610),(230),(830),(770),(660),(1400),(860),(210),(1000),(530),(1200),2.85,0.85,0.73,0.12,16,6,190,420,77,104.3,175141,65,"Red gurnard, raw"
10,10245,＜魚類＞　ホキ　生,80.4,17.0,1.3,(0),1.3,78,20,160,160,330,24,0.3,0.4,0.02,0.01,-,-,43,1,0.9,0.03,0.16,1.3,0.07,0.7,13,0.42,"{""baseName"":""ホキ"",""state"":""生"",""notes"":[""魚類""]}",ホキは白身の良質なたんぱく源。骨は除去して調理すれば適切。,9,1,1,(780),(1300),(1600),(530),(200),(720),(670),(570),(1200),(750),(190),(860),(460),(1000),0.95,0.29,0.26,0.03,14,6,58,170,14,70.55,173725,,"Hoki, raw"
10,10246,＜魚類＞　ほっけ　生,77.1,17.3,4.4,(0),1.1,103,22,220,81,360,33,0.4,1.1,0.10,0.01,-,-,25,3,1.7,0.09,0.17,2.5,0.17,11.0,9,1.16,"{""baseName"":""ほっけ"",""state"":""生"",""notes"":[""魚類""]}",ほっけは良質な魚タンパク源（調理と骨・内臓の除去が前提）,9,1,1,880,1500,1800,530,190,720,720,660,1400,890,180,980,530,1100,3.10,1.19,1.09,0.10,37,17,450,530,57,98.3,171951,,"Arabesque greenling, raw"
10,10247,＜魚類＞　ほっけ　塩ほっけ,72.4,18.1,4.9,(0),4.5,113,20,220,1400,350,30,0.5,0.4,0.04,0.01,-,-,20,3,0.7,0.10,0.27,2.9,0.18,7.3,2,0.79,"{""baseName"":""ほっけ"",""variety"":""塩ほっけ"",""notes"":[""魚類""]}",塩ほっけは魚としては良いが塩分を含む加工品である点に注意が必要,6,1,1,(920),(1500),(1900),(560),(200),(750),(760),(690),(1400),(930),(190),(1000),(550),(1200),3.92,1.14,0.97,0.11,51,32,470,350,37,105.35,173710,,"Arabesque greenling, salted"
10,10248,＜魚類＞　ほっけ　開き干し　生,67.0,20.6,9.4,(0),3.0,161,170,330,690,390,37,0.5,0.9,0.05,0.03,15,31,30,4.6,1.3,0.10,0.24,3.5,0.21,5.3,7,0.65,"{""baseName"":""ほっけ"",""variety"":""開き干し"",""state"":""生"",""notes"":[""魚類""]}",ほっけの開き干しは魚類として素材になるが加工で塩分が含まれる可能性がある,8,1,1,950,1700,1900,630,220,860,840,750,1600,1100,220,1100,550,1400,7.92,2.45,2.14,0.20,100,81,960,740,65,152,167745,65,"Arabesque greenling, split and dried, raw"
10,10412,＜魚類＞　ほっけ　開き干し　焼き,63.7,23.1,10.9,(0),3.3,179,180,360,770,410,41,0.6,1.0,0.06,0.03,17,34,39,3.5,1.6,0.14,0.26,3.7,0.17,5.3,11,0.65,"{""baseName"":""ほっけ"",""variety"":""開き干し"",""state"":""焼き"",""notes"":[""魚類""]}",焼きほっけは良質な魚類の一つでたんぱく源として利用可能。,8,1,1,1000,1800,2100,680,240,920,920,820,1700,1100,240,1200,590,1500,9.00,2.76,2.40,0.23,120,88,1100,860,80,173.5,174234,,"Arabesque greenling, split and dried, grilled"
10,10249,＜魚類＞　ぼら　生,74.7,19.2,5.0,(0),1.0,119,17,170,87,330,24,0.7,0.5,0.06,0.01,-,-,8,10.0,1.6,0.16,0.26,4.5,0.43,4.7,4,0.66,"{""baseName"":""ぼら"",""state"":""生"",""notes"":[""魚類""]}",魚類は良質なたんぱく源でレシピ素材として適切（調理時に骨を除く必要あり）,9,1,1,910,1500,1700,540,240,780,710,610,1300,850,210,1000,600,1100,4.13,1.56,1.37,0.19,130,42,370,590,48,110.05,175123,70.2,"Mullet, raw"
10,10250,＜魚類＞　ぼら　からすみ,25.9,40.4,28.9,(0),4.5,353,9,530,1400,170,23,1.5,9.3,0.19,0.04,-,-,350,33.0,9.7,0.01,0.93,2.7,0.26,28.0,62,5.17,"{""baseName"":""ぼら"",""variety"":""からすみ"",""notes"":[""魚類""]}",ぼらのからすみは塩蔵した加工品で塩分が高く加工度も高いため、素材としての適性は低め。,6,0,1,,,,,,,,,,,,,,,14.23,5.83,4.47,1.10,320,150,1100,1900,470,388.1,169807,,Mullet roe (Karasumi)
10,10251,＜魚類＞　ほんもろこ　生,75.1,17.5,4.1,(0),3.2,103,850,640,86,320,39,1.3,3.4,0.07,0.21,-,-,250,5,2.9,0.03,0.20,2.5,0.13,9.0,37,0.73,"{""baseName"":""ほんもろこ"",""state"":""生"",""notes"":[""魚類""]}",小型の魚で良質な動物性タンパク源だが、骨や寄生虫に注意して調理する必要がある,8,1,1,(860),(1400),(1700),(530),(190),(720),(750),(610),(1400),(790),(170),(930),(500),(1000),3.10,1.06,0.69,0.36,140,140,200,170,160,96.45,171952,65,"Japanese dace, raw"
10,10252,＜魚類＞　（まぐろ類）　きはだ　生,74.0,24.3,1.0,(0),1.3,102,5,290,43,450,37,2.0,0.5,0.06,0.01,14,74,2,6,0.4,0.15,0.09,18.0,0.64,5.8,5,0.36,"{""baseName"":""きはだ"",""state"":""生"",""notes"":[""魚類"",""まぐろ類""]}",生のまぐろは良質な動物性タンパク源で犬の素材として適切,9,1,1,1100,1800,2100,720,240,960,910,830,1700,1200,270,1200,2100,1400,0.59,0.25,0.21,0.04,6,3,32,150,18,93.55,175159,65,"Yellowfin tuna, raw"
10,10253,＜魚類＞　（まぐろ類）　くろまぐろ　天然　赤身　生,70.4,26.4,1.4,(0),1.7,115,5,270,49,380,45,1.1,0.4,0.04,0.01,14,110,83,5,0.8,0.10,0.05,14.0,0.85,1.3,8,0.41,"{""baseName"":""くろまぐろ"",""variety"":""赤身"",""productionMethod"":""天然"",""state"":""生"",""notes"":[""魚類"",""まぐろ類""]}",本鮪赤身は高品質なたんぱく源で犬のレシピ素材として適切,9,1,1,1200,2000,2300,760,260,1000,980,890,1900,1200,300,1400,2500,1500,0.73,0.19,0.17,0.03,8,3,27,120,16,104.65,175159,65,"Pacific bluefin tuna, wild, lean, raw"
10,10254,＜魚類＞　（まぐろ類）　くろまぐろ　天然　脂身　生,51.4,20.1,27.5,(0),0.9,308,7,180,71,230,35,1.6,0.5,0.04,Tr,-,-,270,18.0,1.5,0.04,0.07,9.8,0.82,1.0,8,0.47,"{""baseName"":""くろまぐろ"",""formModifiers"":[""脂身""],""productionMethod"":""天然"",""state"":""生"",""notes"":[""魚類"",""まぐろ類""]}",天然の脂身を含む本マグロは高品質なタンパク質と脂質を供給する優れた素材である。,9,1,1,910,1500,1800,570,210,780,750,680,1400,920,230,1100,1700,1100,22.52,6.41,5.81,0.60,340,210,1400,3200,170,304.45,173706,65,"Pacific bluefin tuna, wild, fatty, raw"
10,10450,＜魚類＞　（まぐろ類）　くろまぐろ　養殖　赤身　生,68.8,24.8,7.6,0,1.3,153,3,270,28,430,38,0.8,0.5,0.02,Tr,31,79,840,4,1.5,0.16,0.05,15.0,0.51,2.5,10,0.27,"{""baseName"":""くろまぐろ"",""variety"":""赤身"",""productionMethod"":""養殖"",""state"":""生"",""notes"":[""魚類"",""まぐろ類""]}",良質な赤身の魚で良好なタンパク源。犬のレシピ素材として適している。,9,1,1,1000,1800,2200,690,250,940,900,850,1700,1100,290,1300,2300,1400,6.41,2.15,1.87,0.27,93,64,420,1000,85,151.4,173706,65,"Pacific bluefin tuna, farmed, lean, raw"
10,10451,＜魚類＞　（まぐろ類）　くろまぐろ　養殖　赤身　水煮,64.1,27.2,8.3,0,1.2,173,3,270,25,400,38,1.0,0.6,0.02,Tr,34,88,900,4.1,1.8,0.16,0.04,14.0,0.40,3.2,12,0.28,"{""baseName"":""くろまぐろ"",""variety"":""赤身"",""productionMethod"":""養殖"",""state"":""水煮"",""notes"":[""魚類"",""まぐろ類""]}",水煮のまぐろ赤身は良質なタンパク源で保存性も高く使いやすい,9,1,1,950,2100,2500,780,270,1100,1000,950,2000,1300,320,1400,2300,1500,6.53,1.90,1.62,0.26,95,64,370,880,84,165.75,173706,65,"Pacific bluefin tuna, farmed, lean, boiled"
10,10452,＜魚類＞　（まぐろ類）　くろまぐろ　養殖　赤身　蒸し,62.0,28.0,9.9,0,1.2,187,3,270,26,410,39,0.9,0.6,0.02,0.01,38,91,990,4.3,1.9,0.17,0.04,15.0,0.31,3.4,11,0.27,"{""baseName"":""くろまぐろ"",""variety"":""赤身"",""productionMethod"":""養殖"",""state"":""蒸し"",""notes"":[""魚類"",""まぐろ類""]}",蒸したまぐろは良質な動物性タンパクで犬のレシピ素材として適切,9,1,1,1200,2100,2500,800,280,1100,1000,950,2000,1300,340,1400,2300,1600,7.72,2.13,1.81,0.30,110,76,410,970,92,182.15,173706,65,"Pacific bluefin tuna, farmed, lean, steamed"
10,10453,＜魚類＞　（まぐろ類）　くろまぐろ　養殖　赤身　電子レンジ調理,60.0,30.4,8.7,0,1.4,191,4,310,33,490,44,1.1,0.6,0.02,0.01,39,94,970,4.3,1.8,0.19,0.05,18.0,0.29,3.4,9,0.25,"{""baseName"":""くろまぐろ"",""variety"":""赤身"",""productionMethod"":""養殖"",""state"":""電子レンジ調理"",""notes"":[""魚類"",""まぐろ類""]}",くろまぐろ（赤身・電子レンジ調理済）は加熱された魚で良質なたんぱく源、犬の素材として非常に適している。,10,1,1,1200,2200,2700,850,300,1100,1100,1000,2100,1400,360,1600,2600,1700,6.93,2.12,1.82,0.28,100,67,420,990,89,180.35,173707,,"Pacific bluefin tuna, farmed, lean, microwaved"
10,10454,＜魚類＞　（まぐろ類）　くろまぐろ　養殖　赤身　焼き,59.6,29.0,10.6,0,1.4,202,3,290,33,500,42,0.9,0.6,0.02,0.01,42,94,1100,5,2.0,0.19,0.04,19.0,0.33,3.3,11,0.33,"{""baseName"":""くろまぐろ"",""variety"":""赤身"",""productionMethod"":""養殖"",""state"":""焼き"",""notes"":[""魚類"",""まぐろ類""]}",焼きの赤身まぐろは良質なタンパク源で犬のレシピ素材として適している。,9,1,1,1200,2100,2600,830,300,1100,1100,1000,2100,1400,340,1500,2600,1600,8.80,2.74,2.36,0.36,130,88,540,1300,120,191.6,173706,65,"Pacific bluefin tuna, farmed, lean, grilled"
10,10455,＜魚類＞　（まぐろ類）　くろまぐろ　養殖　赤身　ソテー,61.6,28.0,10.2,0,1.4,194,3,300,29,470,43,0.9,0.6,0.02,0.01,36,90,910,4.4,1.9,0.18,0.05,17.0,0.42,3.2,10,0.25,"{""baseName"":""くろまぐろ"",""variety"":""赤身"",""productionMethod"":""養殖"",""state"":""ソテー"",""notes"":[""魚類"",""まぐろ類""]}",赤身のまぐろ（ソテー）は良質なタンパク質で犬のレシピ素材として適している,9,1,1,1100,2100,2500,780,270,1100,1000,960,2000,1300,330,1400,2500,1600,8.78,2.87,2.30,0.54,320,180,500,1200,110,184.7,173706,65,"Pacific bluefin tuna, farmed, lean, sauteed"
10,10456,＜魚類＞　（まぐろ類）　くろまぐろ　養殖　赤身　天ぷら,57.8,25.1,12.6,0,1.3,222,13,280,38,440,40,1.0,0.5,0.04,0.04,33,88,820,4.1,2.5,0.17,0.06,15.0,0.25,3.1,6,0.30,"{""baseName"":""くろまぐろ"",""variety"":""赤身"",""productionMethod"":""養殖"",""state"":""天ぷら"",""notes"":[""魚類"",""まぐろ類""]}",赤身まぐろ自体は良いが天ぷらの揚げ衣や油で脂肪・塩分が高く加工度が高い。,4,1,1,920,1900,2200,700,250,960,930,830,1800,1200,290,1300,2300,1400,11.08,3.41,2.24,1.16,980,490,410,1000,89,206.15,173706,65,"Pacific bluefin tuna, farmed, lean, tempura"
10,10459,＜魚類＞　（まぐろ類）　くろまぐろ　養殖　脂身　生,52.6,18.6,28.9,-,0.9,321,4,190,41,330,26,0.6,0.6,0.01,0.01,73,73,580,20.8,7.2,0.14,0.05,11.4,0.43,1.9,9,0.47,"{""baseName"":""くろまぐろ"",""formModifiers"":[""脂身""],""productionMethod"":""養殖"",""state"":""生"",""notes"":[""魚類"",""まぐろ類""]}",良質な魚のタンパク・脂肪源だが大型魚は重金属蓄積の懸念があるため注意,8,1,1,800,1400,1600,550,190,190,690,630,1300,880,210,920,1600,1100,25.88,9.53,8.14,1.19,400,210,2100,4500,400,310.75,173706,65,"Pacific bluefin tuna, farmed, fatty, raw"
10,10460,＜魚類＞　（まぐろ類）　くろまぐろ　養殖　脂身　水煮,47.8,21.4,27.1,-,0.9,330,3,190,33,290,26,0.7,0.6,0.02,0.01,93,78,15,51.6,0.9,0.11,0.18,6.5,0.16,7.1,7,0.45,"{""baseName"":""くろまぐろ"",""formModifiers"":[""脂身""],""productionMethod"":""養殖"",""state"":""水煮"",""notes"":[""魚類"",""まぐろ類""]}",脂身の多いまぐろの水煮は良質なたんぱく・脂質源で素材として適している,9,1,1,960,1600,1900,620,210,820,810,740,1600,1000,250,1100,1600,1300,23.83,8.47,7.22,1.07,380,190,1900,3900,350,315.05,173706,65,"Pacific bluefin tuna, farmed, fatty, boiled"
10,10461,＜魚類＞　（まぐろ類）　くろまぐろ　養殖　脂身　蒸し,50.2,21.8,27.3,-,3.1,313,75,250,760,450,47,0.9,0.8,0.08,0.01,47,62,15,18.9,7.1,0.16,0.05,11.6,0.27,2.1,5,0.46,"{""baseName"":""くろまぐろ"",""formModifiers"":[""脂身""],""productionMethod"":""養殖"",""state"":""蒸し"",""notes"":[""魚類"",""まぐろ類""]}",蒸しマグロは良質な魚由来のたんぱく・脂肪源で、犬に適した素材。,9,1,1,920,1500,1800,590,200,790,770,700,1500,970,230,1100,1600,1200,24.19,8.80,7.50,1.10,390,190,2000,4000,370,308.35,173706,65,"Pacific bluefin tuna, farmed, fatty, steamed"
10,10462,＜魚類＞　（まぐろ類）　くろまぐろ　養殖　脂身　電子レンジ調理,48.1,23.1,22.7,-,1.1,307,4,220,40,350,31,0.8,0.6,0.02,0.01,87,89,750,21.2,5.6,0.15,0.05,12.9,0.3,2,4,0.62,"{""baseName"":""くろまぐろ"",""formModifiers"":[""脂身""],""productionMethod"":""養殖"",""state"":""電子レンジ調理"",""notes"":[""魚類"",""まぐろ類""]}",くろまぐろの脂身は良質なたんぱく質と脂肪酸を含むが大型魚のため使用量に配慮が必要。,9,1,1,1000,1700,2100,680,230,920,870,800,1700,1100,260,1200,1900,1300,19.80,7.09,6.04,0.90,320,160,1600,3200,300,291.3,173707,,"Pacific bluefin tuna, farmed, fatty, microwaved"
10,10463,＜魚類＞　（まぐろ類）　くろまぐろ　養殖　脂身　焼き,46.4,23,28.4,-,1.1,342,4,230,39,360,31,0.7,0.7,0.02,0.01,100,83,800,20.7,7,0.16,0.05,12.9,0.32,2.2,5,0.48,"{""baseName"":""くろまぐろ"",""formModifiers"":[""脂身""],""productionMethod"":""養殖"",""state"":""焼き"",""notes"":[""魚類"",""まぐろ類""]}",焼きまぐろは良質な魚由来のたんぱく質・脂肪酸源で利用しやすい,9,1,1,990,1600,2000,630,210,840,830,760,1600,1000,250,1100,1900,1300,25.38,9.23,7.86,1.16,400,200,2100,4300,390,325.75,173706,65,"Pacific bluefin tuna, farmed, fatty, grilled"
10,10464,＜魚類＞　（まぐろ類）　くろまぐろ　養殖　脂身　ソテー,45.7,24.3,27.8,-,1.2,339,4,240,43,380,33,0.7,0.8,0.02,0.01,89,89,710,20.4,6.6,0.15,0.05,13,0.31,2.2,6,0.45,"{""baseName"":""くろまぐろ"",""formModifiers"":[""脂身""],""productionMethod"":""養殖"",""state"":""ソテー"",""notes"":[""魚類"",""まぐろ類""]}",養殖の脂身をソテーしたまぐろは良質な動物性タンパクで犬のレシピに適している,9,1,1,1100,1800,2100,700,240,930,900,820,1700,1100,270,1200,2000,1400,24.31,8.60,7.18,1.24,540,250,1800,3900,360,324.85,173706,65,"Pacific bluefin tuna, farmed, fatty, sauteed"
10,10465,＜魚類＞　（まぐろ類）　くろまぐろ　養殖　脂身　天ぷら,42,22,25.4,-,1.1,345,17,220,53,350,30,0.7,0.6,0.02,0.04,76,70,670,19.5,7,0.14,0.06,11.4,0.25,2,6,0.58,"{""baseName"":""くろまぐろ"",""formModifiers"":[""脂身""],""productionMethod"":""養殖"",""state"":""天ぷら"",""notes"":[""魚類"",""まぐろ類""]}",魚の脂身は栄養源になるが、天ぷらの揚げ調理で脂質・加工度が高くなるため素材としては限定的。,4,1,1,930,1600,1800,600,200,800,790,700,1500,980,230,1100,1800,1200,22.51,7.76,5.85,1.77,1300,560,1500,2900,260,326.15,173706,65,"Pacific bluefin tuna, farmed, fatty, tempura"
10,10255,＜魚類＞　（まぐろ類）　びんなが　生,71.8,26.0,0.7,(0),1.3,111,9,310,38,440,41,0.9,0.5,0.05,0.01,12,71,4,7,0.7,0.13,0.10,21.0,0.94,2.8,4,0.31,"{""baseName"":""びんなが"",""state"":""生"",""notes"":[""魚類"",""まぐろ類""]}",びんなが（まぐろ類）は良質な魚性タンパク源で使用可能,9,1,1,1200,2000,2300,750,290,1000,1000,910,1900,1300,320,1400,1600,1500,0.58,0.23,0.21,0.03,7,3,43,140,9,97.65,175159,65,"Albacore, raw"
10,10256,＜魚類＞　（まぐろ類）　みなみまぐろ　赤身　生,77.0,21.6,0.4,(0),1.2,88,5,240,43,400,27,1.8,0.4,0.04,0.01,5,73,6,4,1.0,0.03,0.05,11.0,1.08,2.2,5,0.30,"{""baseName"":""みなみまぐろ"",""variety"":""赤身"",""state"":""生"",""notes"":[""魚類"",""まぐろ類""]}",みなみまぐろ（赤身）は良質な動物性タンパク源で適切,9,1,1,950,1600,1800,580,220,800,780,740,1500,980,260,1100,1200,1200,0.20,0.09,0.08,0.01,2,Tr,10,64,6,79,175159,65,"Southern bluefin tuna, lean, raw"
10,10257,＜魚類＞　（まぐろ類）　みなみまぐろ　脂身　生,50.3,20.3,28.3,(0),1.0,322,9,210,44,280,29,0.6,0.4,0.05,0.01,38,120,34,5,1.5,0.10,0.06,11.0,1.00,1.5,4,0.29,"{""baseName"":""みなみまぐろ"",""formModifiers"":[""脂身""],""state"":""生"",""notes"":[""魚類"",""まぐろ類""]}",脂のあるまぐろは良質なタンパクと脂質源で使用可能だが、与え方は調整が望ましい,9,1,1,930,1500,1800,560,210,780,770,710,1500,970,240,1100,1200,1200,24.36,7.68,6.77,0.84,280,100,1600,4000,250,311.95,173706,65,"Southern bluefin tuna, fatty, raw"
10,10258,＜魚類＞　（まぐろ類）　めじまぐろ　生,68.7,25.2,4.8,(0),1.2,139,9,290,42,410,40,1.8,0.5,0.09,0.01,-,-,61,12.0,1.2,0.19,0.19,19.0,0.73,6.9,6,0.59,"{""baseName"":""めじまぐろ"",""state"":""生"",""notes"":[""魚類"",""まぐろ類""]}",良質な動物性たんぱく源。生魚のため寄生虫や鮮度管理に注意が必要。,9,1,1,(1100),(1900),(2200),(710),(260),(980),(940),(830),(1800),(1100),(300),(1300),(1900),(1400),3.63,1.55,1.36,0.17,51,34,310,850,61,129.35,173706,65,"Young bluefin tuna, raw"
10,10425,＜魚類＞　（まぐろ類） めばち　赤身　生,72.2,25.4,2.3,(0),1.3,115,3,270,39,440,35,0.9,0.4,0.03,Tr,18,75,17,3.6,0.9,0.09,0.05,15.0,0.76,1.4,5,0.15,"{""baseName"":""（まぐろ類） めばち"",""variety"":""赤身"",""state"":""生"",""notes"":[""魚類""]}",赤身のまぐろは良質なたんぱく源。ただし生は寄生虫などのリスクがあるため加熱が望ましい,8,1,1,1200,2000,2300,760,270,1000,1000,930,1900,1300,320,1400,1700,1500,1.61,0.57,0.49,0.07,13,5,80,370,34,108.45,175159,65,"Bigeye tuna, lean, raw"
10,10426,＜魚類＞　（まぐろ類） めばち　脂身　生,67.8,23.9,7.5,(0),1.2,158,4,240,100,400,31,0.7,0.4,0.03,Tr,42,74,37,8.1,2.0,0.07,0.05,13.0,0.80,1.0,5,0.17,"{""baseName"":""（まぐろ類） めばち"",""formModifiers"":[""脂身""],""state"":""生"",""notes"":[""魚類""]}",めばちまぐろの脂身は良質な脂肪酸とたんぱくを含む優れた魚素材,9,1,1,1000,1800,2100,680,250,920,910,830,1700,1200,280,1200,1500,1400,6.48,2.07,1.79,0.27,48,17,320,1300,120,147.4,173706,65,"Bigeye tuna, fatty, raw"
10,10260,＜魚類＞　（まぐろ類）　缶詰　水煮　フレーク　ライト,82.0,16.0,0.7,(0),1.1,70,5,160,210,230,26,0.6,0.7,0.05,0.01,-,-,10,3,0.4,0.01,0.04,9.5,0.26,1.1,4,0.13,"{""baseName"":""フレーク"",""variety"":""ライト"",""state"":""水煮"",""notes"":[""魚類"",""まぐろ類""]}",水煮のツナ（きはだ）は加熱済みの良質な魚タンパク源で利用しやすいため,9,1,1,(700),(1200),(1400),(450),(170),(620),(600),(530),(1100),(700),(190),(800),(1200),(900),0.48,0.18,0.15,0.03,5,2,20,120,13,62.65,171986,,"Canned tuna, water-packed, flaked, light"
10,10261,＜魚類＞　（まぐろ類）　缶詰　水煮　フレーク　ホワイト,77.6,18.3,2.5,(0),1.2,96,6,200,260,280,34,1.0,0.7,0.04,0.02,-,-,Tr,2,0.4,0.07,0.03,11.0,0.15,1.4,7,0.13,"{""baseName"":""フレーク"",""variety"":""ホワイト"",""state"":""水煮"",""notes"":[""魚類"",""まぐろ類""]}",ツナ缶（水煮・フレーク）は魚由来の良質なたんぱく源で料理素材として使いやすい,9,1,1,(800),(1400),(1600),(520),(190),(710),(680),(600),(1300),(800),(210),(920),(1300),(1000),2.08,0.73,0.62,0.11,41,12,110,440,29,86.7,175158,29.3,"Tuna, canned, water-packed, flaked, white"
10,10262,＜魚類＞　（まぐろ類）　缶詰　味付け　フレーク,65.7,19.0,2.3,(0),3.1,134,24,350,760,280,31,4.0,1.0,0.12,0.13,-,-,Tr,5,0.7,0.07,0.03,8.0,0.16,3.7,13,0.23,"{""baseName"":""味付け"",""variety"":""フレーク"",""state"":""缶詰"",""notes"":[""魚類"",""まぐろ類""]}",味付け缶詰ツナは良いタンパク源だが、塩分や調味液の含有に注意が必要。,5,1,1,(830),(1400),(1600),(540),(200),(740),(710),(630),(1300),(830),(220),(950),(1400),(1100),1.75,0.68,0.57,0.11,44,14,100,400,33,120.7,173708,29.3,"Tuna, canned, seasoned, flaked"
10,10263,＜魚類＞　（まぐろ類）　缶詰　油漬　フレーク　ライト,59.1,17.7,21.7,(0),1.4,265,4,160,340,230,25,0.5,0.3,0.04,0.01,-,-,8,2,2.8,0.01,0.03,8.8,0.26,1.1,3,0.09,"{""baseName"":""油漬"",""variety"":""フレーク ライト"",""state"":""缶詰"",""notes"":[""魚類"",""まぐろ類""]}",ツナ缶（油漬）は良質なタンパク源だが塩分や油分に留意すべき加工魚類,8,1,1,(770),(1300),(1500),(500),(190),(690),(660),(580),(1200),(770),(210),(890),(1300),(990),20.40,12.16,1.40,10.76,11000,1300,14,65,11,246.75,173708,29.3,"Tuna, canned, oil-packed, flaked, light"
10,10264,＜魚類＞　（まぐろ類）　缶詰　油漬　フレーク　ホワイト,56.0,18.8,23.6,(0),1.5,279,2,270,370,190,27,1.8,0.4,0.03,0.02,-,-,Tr,4,8.3,0.05,0.13,12.0,0.15,2.0,2,0.12,"{""baseName"":""油漬"",""variety"":""フレーク ホワイト"",""state"":""缶詰"",""notes"":[""魚類"",""まぐろ類""]}",魚由来の良質なタンパク源だが油漬けの加工品であるためやや加工度が高い。,7,1,1,(820),(1400),(1600),(530),(200),(730),(700),(620),(1300),(820),(220),(940),(1400),(1100),20.81,11.73,0.55,11.18,11000,79,77,370,0,266.75,175157,,"Tuna, canned, oil-packed, flaked, white"
10,10265,＜魚類＞　マジェランあいなめ　生,62.8,13.3,22.9,(0),0.9,243,10,210,65,300,18,0.1,0.3,0.01,0.01,-,-,1800,17.0,2.2,0.02,0.08,0.9,0.04,0.6,5,0.29,"{""baseName"":""マジェランあいなめ"",""state"":""生"",""notes"":[""魚類""]}",白身魚（あいなめ）は良質なタンパク源だが生は寄生虫等のリスクに注意が必要です。,9,1,1,(610),(1000),(1200),(410),(160),(570),(520),(450),(970),(580),(140),(680),(360),(810),18.79,1.31,1.00,0.31,190,59,340,360,63,241.55,171951,,"Magellanic blenny, raw"
10,10266,＜魚類＞　まながつお　生,70.8,17.1,10.9,(0),1.2,161,21,190,160,370,25,0.3,0.5,0.02,0.01,-,-,90,5,1.4,0.22,0.13,3.6,0.30,1.4,7,1.37,"{""baseName"":""まながつお"",""state"":""生"",""notes"":[""魚類""]}",まながつおは良質な魚タンパク源。生魚は寄生虫等に注意し適切に扱えば素材として適切,9,1,1,(750),(1300),(1500),(480),(180),(660),(640),(560),(1200),(740),(200),(860),(1300),(960),9.30,1.52,1.23,0.28,39,28,240,650,140,152.5,171951,,"Butterfish, raw"
10,10232,＜魚類＞　みなみくろたち　生,73.8,21.7,3.0,(0),1.4,112,22,240,120,460,34,0.6,0.5,0.05,0.03,-,-,55,2,1.9,0.06,0.20,7.5,0.50,6.5,4,0.85,"{""baseName"":""みなみくろたち"",""state"":""生"",""notes"":[""魚類""]}",みなみくろたちは魚類として利用可能だが、大型魚特有の留意点がありやや控えめ。,7,1,1,(1000),(1700),(2000),(670),(250),(920),(860),(730),(1600),(950),(240),(1100),(590),(1300),2.47,1.03,0.95,0.09,58,31,310,410,23,101.8,173689,,"Patagonian toothfish, raw"
10,10267,＜魚類＞　みなみだら　生,81.9,16.4,0.3,(0),1.4,68,23,160,220,320,41,0.3,0.3,0.04,0.02,-,-,6,7,0.8,0.03,0.27,1.7,0.09,1.6,11,0.44,"{""baseName"":""みなみだら"",""state"":""生"",""notes"":[""魚類""]}",白身魚で良質なタンパク源。犬のレシピ素材として適切,9,1,1,(750),(1300),(1500),(510),(190),(700),(650),(550),(1200),(720),(180),(830),(440),(990),0.20,0.11,0.10,0.01,3,1,26,69,5,59.95,173713,65,"Southern blue whiting, raw"
10,10268,＜魚類＞　むつ　生,69.7,16.7,12.6,(0),1.0,175,25,180,85,390,20,0.5,0.4,0.03,0.01,-,-,8,4,0.9,0.03,0.16,2.4,0.10,1.9,6,0.31,"{""baseName"":""むつ"",""state"":""生"",""notes"":[""魚類""]}",むつは良質な魚たんぱくで犬に適するが、骨と生食の衛生に注意が必要,8,1,1,770,1400,1600,540,180,720,700,610,1300,850,180,840,510,1000,11.09,0.81,0.63,0.16,69,26,140,320,49,165.55,171949,,"Bluefish, raw"
10,10269,＜魚類＞　むつ　水煮,68.3,22.2,8.4,(0),1.1,161,49,230,80,410,23,0.6,0.4,0.03,0.01,-,-,11,3.6,0.6,0.04,0.16,2.8,0.13,2.5,4,0.25,"{""baseName"":""むつ"",""state"":""水煮"",""notes"":[""魚類""]}",水煮のムツ切り身は加熱済みで良質な魚たんぱく源として適している,9,1,1,(1000),(1800),(2200),(710),(240),(950),(930),(810),(1700),(1100),(240),(1100),(680),(1400),7.35,0.56,0.43,0.11,46,17,91,230,36,149.1,171949,,"Bluefish, boiled"
10,10270,＜魚類＞　めじな　生,74.7,19.4,4.5,(0),1.3,113,27,240,91,380,30,0.3,0.9,0.03,0.01,-,-,55,1,0.8,0.05,0.38,2.7,0.16,1.8,2,0.44,"{""baseName"":""めじな"",""state"":""生"",""notes"":[""魚類""]}",めじな（生）は魚類として良質なタンパク源だが生食の取扱いに注意が必要,8,1,1,(890),(1500),(1800),(600),(230),(830),(770),(650),(1400),(850),(210),(990),(530),(1200),3.27,1.01,0.84,0.17,23,16,200,450,84,106.5,173700,,"Opaleye, raw"
10,10271,＜魚類＞　めばる　生,77.2,18.1,3.5,(0),1.2,100,80,200,75,350,27,0.4,0.4,0.05,-,-,-,11,1,1.5,0.07,0.17,1.6,0.11,1.5,5,0.37,"{""baseName"":""めばる"",""state"":""生"",""notes"":[""魚類""]}",めばるは良質な魚類で骨・内臓を除去すれば犬のレシピ素材に適している。,9,1,1,910,1500,1800,590,230,820,770,640,1400,850,200,970,420,1100,2.66,0.95,0.87,0.08,26,9,370,390,42,93.1,173684,65,"Rockfish, raw"
10,10272,＜魚類＞　メルルーサ　生,81.1,17.0,0.6,(0),1.3,73,12,150,140,320,38,0.2,0.4,0.02,0.01,-,-,5,1,1.3,0.09,0.04,1.0,0.07,0.8,5,0.32,"{""baseName"":""メルルーサ"",""state"":""生"",""notes"":[""魚類""]}",メルルーサ（ヘイク）は良質な白身魚で犬のレシピ素材として適している,9,1,1,850,1400,1700,570,210,780,690,620,1300,790,190,930,370,1100,0.45,0.19,0.17,0.01,6,3,47,110,7,64.6,173725,,"Hake, raw"
10,10273,＜魚類＞　やつめうなぎ　生,61.5,15.8,21.8,(0),0.7,245,7,180,49,150,15,2.0,1.6,0.15,0.03,-,-,8200,3,3.8,0.25,0.85,3.0,0.20,4.9,19,1.18,"{""baseName"":""やつめうなぎ"",""state"":""生"",""notes"":[""魚類""]}",やつめうなぎは魚類の良質なタンパク源だが下処理が必要な点に留意,8,0,1,,,,,,,,,,,,,,,17.98,4.65,3.80,0.74,300,170,1500,1500,320,241.3,174366,,"Lamprey, raw"
10,10274,＜魚類＞　やつめうなぎ　干しやつめ,14.3,50.3,31.2,(0),3.7,449,16,240,130,650,49,32.0,5.9,1.80,0.10,-,-,1900,12.0,2.4,0.33,1.69,7.0,0.14,55.0,100,5.76,"{""baseName"":""やつめうなぎ"",""variety"":""干しやつめ"",""notes"":[""魚類""]}",やつめうなぎは魚類で良質なタンパク源。干しでも素材として利用しやすい,9,0,1,,,,,,,,,,,,,,,23.22,7.50,6.66,0.84,570,240,2200,2800,240,443,168990,,"Lamprey, dried"
10,10275,＜魚類＞　やまめ　養殖　生,75.6,18.4,4.3,(0),1.4,110,85,280,50,420,28,0.5,0.8,0.04,0.01,-,-,15,8,2.2,0.15,0.16,3.8,0.22,6.6,13,1.48,"{""baseName"":""やまめ"",""productionMethod"":""養殖"",""state"":""生"",""notes"":[""魚類""]}",やまめ（養殖）は良質な魚たんぱく・脂肪源で犬のレシピ素材として適している。,9,1,1,(720),(1300),(1500),(560),(180),(740),(700),(570),(1300),(840),(190),(850),(630),(1100),3.50,1.20,0.73,0.45,370,35,130,470,27,102,173717,65,"Yamame trout, farmed, raw"
10,10276,＜魚類＞　わかさぎ　生,81.8,14.4,1.7,(0),2.0,71,450,350,200,120,25,0.9,2.0,0.19,0.13,29,22,99,2,0.7,0.01,0.14,1.6,0.17,7.9,21,0.51,"{""baseName"":""わかさぎ"",""state"":""生"",""notes"":[""魚類""]}",魚類として良いタンパク源だが生では寄生虫リスクがあるため取り扱いに注意。,8,1,1,640,1100,1200,460,180,640,570,490,1100,630,150,760,360,840,1.16,0.56,0.45,0.09,30,24,130,240,41,65.2,175146,65,"Pond smelt, raw"
10,10277,＜魚類＞　わかさぎ　つくだ煮,19.3,28.7,5.5,(0),8.3,308,970,780,1900,480,69,2.6,4.4,0.11,1.74,-,-,460,8,4.2,0.24,0.32,3.4,0.06,9.4,59,0.77,"{""baseName"":""わかさぎ"",""variety"":""つくだ煮"",""notes"":[""魚類""]}",つくだ煮は調味済みの加工食品で塩分・糖分が濃く加工度が高いため素材としては注意が必要。,4,1,1,(1300),(2200),(2400),(910),(360),(1300),(1100),(970),(2100),(1200),(290),(1500),(710),(1700),3.43,1.58,1.08,0.47,170,140,310,460,180,280.9,167654,,"Pond smelt, simmered in soy sauce (tsukudani)"
10,10278,＜魚類＞　わかさぎ　あめ煮,21.0,26.3,5.1,(0),7.2,301,960,740,1600,410,66,2.1,5.2,0.08,2.29,-,-,420,9,3.6,0.28,0.35,3.6,0.06,11.0,52,0,"{""baseName"":""わかさぎ"",""variety"":""あめ煮"",""notes"":[""魚類""]}",わかさぎのあめ煮は魚類としての栄養価は高いが加工品である点を踏まえ使用に注意が必要。,8,1,1,(1200),(2000),(2200),(840),(330),(1200),(1000),(890),(1900),(1100),(270),(1400),(650),(1500),2.67,1.30,0.90,0.38,140,93,260,420,120,276.8,167654,,"Pond smelt, candied (amé-ni)"
10,10279,＜貝類＞　あかがい　生,80.4,13.5,0.3,(0),2.3,70,40,140,300,290,55,5.0,1.5,0.06,-,-,-,30,(0),0.9,0.20,0.20,2.5,0.10,59.0,20,1.02,"{""baseName"":""あかがい"",""state"":""生"",""notes"":[""貝類""]}",あかがいなどの貝類は良質なたんぱく源だが殻や内臓は除去して調理する必要がある,7,1,1,530,890,880,330,200,520,430,440,870,600,130,560,270,990,0.09,0.04,0.03,0.01,1,Tr,14,16,4,62.05,169203,,"Ark shell, raw"
10,10280,＜貝類＞　あげまき　生,87.1,8.1,0.6,(0),2.2,44,66,120,600,120,49,4.1,1.5,0.40,0.20,-,-,20,1,0.8,0.30,0.14,1.3,0.04,59.0,11,0.37,"{""baseName"":""あげまき"",""state"":""生"",""notes"":[""貝類""]}",あげまき等の貝類はたんぱく源として利用可能（殻は除去）,7,1,1,(290),(500),(490),(180),(100),(280),(250),(230),(470),(300),(69),(300),(180),(530),0.32,0.14,0.13,0.02,4,4,71,34,8,40.45,174214,65,"Razor clam, raw"
10,10281,＜貝類＞　あさり　生,90.3,5.7,0.7,(0),2.7,29,66,82,800,140,92,2.2,0.9,0.05,0.07,56,35,2,0.1,0.4,0.01,0.16,1.3,0.03,44.8,11,0.37,"{""baseName"":""あさり"",""state"":""生"",""notes"":[""貝類""]}",あさりの身は良質なたんぱく源だが殻は除去する必要がある。,7,1,1,210,360,370,130,77,200,190,190,380,260,55,240,110,370,0.22,0.09,0.06,0.03,2,2,17,33,10,28,174214,65,"Manila clam, raw"
10,10466,＜貝類＞　あさり　蒸し,89.5,4.9,0.8,-,2.8,32,64,79,790,130,94,2.1,0.9,0.05,0.1,59,35,3,0.1,0.4,0.01,0.15,1.2,0.02,45.2,8,0.21,"{""baseName"":""あさり"",""state"":""蒸し"",""notes"":[""貝類""]}",あさり（蒸し）は加熱済みの貝類でタンパク源として利用可能だが、殻や内臓は除く必要がある。,8,1,1,(180),(310),(320),(110),(66),(170),(170),(160),(330),(220),(47),(200),(94),(320),0.27,0.13,0.10,0.03,2,2,31,52,13,30.95,174214,65,"Manila clam, steamed"
10,10282,＜貝類＞　あさり　つくだ煮,38.0,20.8,2.4,(0),8.7,218,260,300,2900,270,79,19.0,2.8,0.18,0.94,-,-,26,(0),1.4,0.02,0.18,1.1,0.09,15.0,42,0.40,"{""baseName"":""あさり"",""variety"":""つくだ煮"",""notes"":[""貝類""]}",あさりの佃煮は貝の栄養はあるが濃い味付け（高塩分・糖分）で素材には不向き。,4,1,1,(770),(1300),(1400),(450),(280),(730),(700),(670),(1400),(930),(200),(860),(400),(1300),1.00,0.47,0.38,0.07,11,8,170,130,29,198.55,171975,,"Manila clam, simmered in soy sauce (tsukudani)"
10,10283,＜貝類＞　あさり　缶詰　水煮,73.2,20.3,2.2,(0),2.4,102,110,260,390,9,46,30.0,3.4,0.29,1.24,-,-,3,(0),2.7,Tr,0.09,0.8,0.01,64.0,10,0,"{""baseName"":""あさり"",""state"":""水煮"",""notes"":[""貝類""]}",加熱済みの貝類で良質なタンパク源。缶詰の加工形態に留意,8,1,1,(760),(1300),(1300),(440),(270),(710),(690),(660),(1300),(910),(190),(840),(390),(1300),0.86,0.31,0.23,0.08,9,6,79,85,37,96.4,171976,107.4,"Manila clam, canned, water-packed"
10,10284,＜貝類＞　あさり　缶詰　味付け,67.2,16.6,1.9,(0),2.8,124,87,180,640,35,44,28.0,3.2,0.24,1.23,-,-,3,(0),2.3,Tr,0.06,1.2,0.01,36.0,1,0,"{""baseName"":""あさり"",""variety"":""味付け"",""state"":""缶詰"",""notes"":[""貝類""]}",貝類で良質なタンパク源。缶詰の味付けにより塩分や調味料が含まれる点に注意。,6,1,1,(620),(1000),(1100),(360),(220),(580),(560),(540),(1100),(740),(160),(690),(320),(1100),0.84,0.38,0.29,0.06,14,9,140,92,14,114.5,171976,107.4,"Manila clam, canned, seasoned"
10,10427,＜貝類＞　あわび　くろあわび　生,79.5,14.3,0.8,(0),1.7,76,25,82,430,160,69,2.2,-,-,0.01,200,8,0,(0),0.3,0.15,0.09,0.8,0.02,0.4,20,2.44,"{""baseName"":""あわび"",""variety"":""くろあわび"",""state"":""生"",""notes"":[""貝類""]}",生のくろあわびは良質な海産タンパクで、貝殻や内臓を除けば素材として適する,8,1,1,430,800,670,280,130,410,380,390,770,580,110,490,180,1400,0.26,0.11,0.05,0.06,3,4,17,Tr,41,69.8,174212,65,"Abalone, blacklip, raw"
10,10428,＜貝類＞　あわび　まだかあわび　生,80.0,14.6,0.4,(0),1.5,74,21,130,330,250,58,1.8,-,-,0.01,190,8,0,(0),1.1,0.02,0.10,1.5,0.02,0.4,22,2.05,"{""baseName"":""あわび"",""variety"":""まだかあわび"",""state"":""生"",""notes"":[""貝類""]}",あわびは良質な魚介たんぱく源で犬のレシピ素材として利用可能,8,1,1,(440),(820),(680),(280),(130),(420),(390),(400),(780),(590),(110),(500),(190),(1400),0.13,0.05,0.03,0.02,1,2,12,Tr,17,66.75,174212,65,"Abalone, disk, raw"
10,10429,＜貝類＞　あわび　めがいあわび　生,80.1,12.2,0.3,(0),1.4,74,19,110,320,230,50,0.7,-,-,0.01,190,8,0,(0),0.3,0.16,0.09,1.1,0.02,0.4,29,1.71,"{""baseName"":""あわび"",""variety"":""めがいあわび"",""state"":""生"",""notes"":[""貝類""]}",あわびは低脂肪で良質な海産物ですが、殻や内臓は除去して用いる必要があります。,8,1,1,360,640,500,200,130,330,290,280,570,400,84,400,1000,120,0.12,0.05,0.02,0.02,2,2,9,1,21,66.25,174212,65,"Abalone, giant, raw"
10,10286,＜貝類＞　あわび　干し,27.9,38.0,1.6,(0),8.7,257,39,300,2900,490,110,2.0,1.6,0.74,0.05,-,-,0,(0),1.2,0.36,0.11,3.3,0.05,2.4,87,0.71,"{""baseName"":""あわび"",""variety"":""干し"",""notes"":[""貝類""]}",干しあわびは海産の良質なたんぱく源であり、干し加工があっても素材として使用可能,7,1,1,(1100),(2100),(1800),(730),(340),(1100),(1000),(1000),(2000),(1500),(300),(1300),(480),(3700),0.59,0.23,0.13,0.10,13,9,51,1,82,229.9,174212,65,"Abalone, dried"
10,10287,＜貝類＞　あわび　塩辛,72.5,14.8,3.9,(0),7.4,93,55,160,2600,180,88,34.0,2.2,0.25,0.11,-,-,Tr,(0),2.5,0.20,0.70,1.5,0.10,12.0,130,1.13,"{""baseName"":""あわび"",""variety"":""塩辛"",""notes"":[""貝類""]}",あわびの塩辛は塩分や発酵成分が高く、素材としての利用は制限されるため,5,1,1,(450),(830),(690),(290),(130),(420),(390),(400),(790),(600),(120),(510),(190),(1400),2.47,0.67,0.35,0.32,75,49,170,5,210,89.85,174213,,"Abalone, salted (shiokara)"
10,10288,＜貝類＞　あわび　水煮缶詰,77.2,19.4,0.4,(0),2.0,85,20,230,570,130,58,1.8,0.6,0.42,0.02,-,-,Tr,(0),1.5,0.04,0.04,1.0,0.02,0.7,3,0.23,"{""baseName"":""あわび"",""state"":""水煮缶詰"",""notes"":[""貝類""]}",あわび（水煮缶）は良質な魚介のたんぱく源で調理済みのため扱いやすい,8,1,1,(590),(1100),(910),(370),(180),(550),(510),(530),(1000),(790),(150),(670),(250),(1900),0.26,0.13,0.06,0.03,2,3,18,4,26,74.8,174212,65,"Abalone, canned, water-packed"
10,10289,＜貝類＞　いがい　生,82.9,10.3,1.6,(0),2.2,63,43,160,540,230,73,3.5,1.0,0.05,0.86,65,37,34,(0),1.1,0.01,0.37,1.4,0.02,10.0,42,0.63,"{""baseName"":""いがい"",""state"":""生"",""notes"":[""貝類""]}",ムール貝などの貝類はたんぱく源として使えるが、殻除去やアレルギーに注意,7,1,1,350,540,680,190,180,370,360,400,760,490,140,400,210,620,0.75,0.39,0.32,0.07,19,13,130,150,29,60.15,174216,65,"Mussel, raw"
10,10290,＜貝類＞　いたやがい　養殖　生,84.9,10.8,0.8,(0),2.0,55,48,170,450,260,74,2.0,6.1,0.10,4.90,-,-,5,(0),0.4,0,0.20,1.4,0.07,13.0,14,0.24,"{""baseName"":""いたやがい"",""productionMethod"":""養殖"",""state"":""生"",""notes"":[""貝類""]}",良質な魚介のタンパク源。貝殻や不純物を取り除き、加熱して安全に使える。,8,1,1,(380),(670),(650),(240),(130),(370),(330),(300),(630),(400),(92),(400),(240),(710),0.42,0.21,0.18,0.03,8,8,73,76,11,49.85,174220,65,"Scallop, farmed, raw"
10,10291,＜貝類＞　エスカルゴ　水煮缶詰,79.9,16.5,1.0,(0),1.8,75,400,130,260,5,37,3.9,1.5,3.07,0.38,-,-,0,0,0.6,0,0.09,0,0,0.6,1,0,"{""baseName"":""エスカルゴ"",""state"":""水煮缶詰"",""notes"":[""貝類""]}",エスカルゴ（加熱済み缶詰）は除菌・加熱されておりタンパク源として使用可能である。,8,1,1,(590),(1000),(990),(360),(200),(570),(500),(460),(960),(620),(140),(620),(370),(1100),0.34,0.21,0.03,0.17,63,13,13,0,57,69.05,167744,65,"Escargot, canned, water-packed"
10,10292,＜貝類＞　かき　養殖　生,85.0,6.9,2.2,(0),2.1,58,84,100,460,190,65,2.1,14.0,1.04,0.39,67,46,24,0.1,1.3,0.07,0.14,1.5,0.07,23.0,39,0.54,"{""baseName"":""かき"",""productionMethod"":""養殖"",""state"":""生"",""notes"":[""貝類""]}",牡蠣は栄養豊富だが生食は食中毒リスクがあるため加熱して使うのが望ましい,6,1,1,240,380,410,140,83,220,220,200,430,290,63,270,140,370,1.22,0.60,0.52,0.07,22,26,230,180,28,56.15,175172,,"Pacific oyster, farmed, raw"
10,10293,＜貝類＞　かき　養殖　水煮,78.7,9.9,3.6,(0),1.7,90,59,140,350,180,42,2.9,18.0,1.44,0.37,71,62,42,0.1,2.9,0.07,0.15,1.6,0.07,24.0,31,0.41,"{""baseName"":""かき"",""productionMethod"":""養殖"",""state"":""水煮"",""notes"":[""貝類""]}",水煮の養殖かきは加熱済みの貝類で良質なタンパク源。殻を除けば素材として適切。,8,1,1,360,590,630,230,120,350,340,330,670,430,100,410,200,560,2.12,1.13,0.99,0.12,38,45,440,350,53,86.6,175173,,"Pacific oyster, farmed, boiled"
10,10430,＜貝類＞　かき　養殖　フライ,46.6,7.6,11.1,-,1.8,256,67,110,380,180,53,1.8,12.0,0.87,0.37,50,44,18,0.1,3.1,0.07,0.16,1.4,0.07,30.0,33,0.39,"{""baseName"":""かき"",""productionMethod"":""養殖"",""state"":""フライ"",""notes"":[""貝類""]}",牡蠣は良質だがフライは衣や油が付く加工品で脂質や塩分に注意が必要,5,1,1,260,440,380,150,110,250,280,220,500,290,71,300,150,360,9.56,3.09,1.35,1.73,1700,800,260,200,31,236.1,171979,,"Pacific oyster, farmed, fried"
10,10294,＜貝類＞　かき　くん製油漬缶詰,51.2,12.5,22.6,(0),2.5,294,35,260,300,140,42,4.5,25.0,2.81,1.03,-,-,Tr,(0),9.5,0.05,0.09,1.6,0.02,32.0,25,0.56,"{""baseName"":""かき"",""variety"":""くん製油漬缶詰"",""notes"":[""貝類""]}",牡蠣は良質なタンパク源だが燻製・油漬けの缶詰は加工度が高く塩分や添加物が含まれやすい,6,1,1,(430),(690),(750),(250),(150),(410),(410),(370),(780),(520),(110),(490),(250),(660),20.77,10.66,1.09,9.51,9500,240,540,190,39,275.05,174250,,"Pacific oyster, smoked, oil-packed, canned"
10,10295,＜貝類＞　さざえ　生,78.0,19.4,0.4,(0),1.4,83,22,140,240,250,54,0.8,2.2,0.39,0.02,97,19,Tr,(0),2.3,0.04,0.09,1.7,0.05,1.3,16,0.24,"{""baseName"":""さざえ"",""state"":""生"",""notes"":[""貝類""]}",貝の身は蛋白源になるが殻や内臓は除去し加熱して使うのが安全,7,1,1,640,1200,980,400,250,650,520,500,1000,720,140,690,250,1600,0.14,0.06,0.03,0.03,7,2,6,1,24,74.1,167745,65,"Turban shell, raw"
10,10296,＜貝類＞　さざえ　焼き,75.6,21.3,0.4,(0),1.8,91,29,120,280,220,67,0.9,2.5,0.73,0.03,-,-,Tr,(0),2.8,0.04,0.10,1.5,0.06,1.1,22,0.30,"{""baseName"":""さざえ"",""state"":""焼き"",""notes"":[""貝類""]}",さざえは加熱済みの貝類で良い動物性タンパク源。殻と内臓は除去前提。,8,1,1,(700),(1300),(1100),(430),(280),(710),(570),(550),(1100),(790),(160),(760),(270),(1800),0.13,0.06,0.02,0.03,6,2,5,Tr,23,81.1,173720,81,"Turban shell, grilled"
10,10318,＜貝類＞　さるぼう　味付け缶詰,66.1,15.9,2.2,(0),2.9,131,60,140,870,55,41,11.0,4.1,0.13,1.39,-,-,Tr,(0),2.5,0.01,0.07,1.6,0.04,25.0,11,0.19,"{""baseName"":""さるぼう"",""variety"":""味付け缶詰"",""notes"":[""貝類""]}",味付け缶詰の貝類は味付けや保存料・塩分が強い場合が多く、素材としては注意が必要。,5,1,1,(590),(1000),(1000),(350),(210),(560),(540),(510),(1100),(710),(150),(660),(300),(1000),1.28,0.58,0.48,0.06,26,25,250,110,24,119.5,171976,107.4,"Red clam, canned, seasoned"
10,10297,＜貝類＞　しじみ　生,86.0,7.5,1.4,(0),1.2,54,240,120,180,83,10,8.3,2.3,0.41,2.78,-,-,25,0.2,1.7,0.02,0.44,1.5,0.10,68.0,26,0.53,"{""baseName"":""しじみ"",""state"":""生"",""notes"":[""貝類""]}",生しじみは貝類のたんぱく源として利用可能。殻は除去して使う,7,1,1,300,470,530,170,100,280,280,290,560,440,98,370,170,480,0.58,0.19,0.14,0.04,11,15,41,53,11,51.8,174214,65,"Basket clam, raw"
10,10413,＜貝類＞　しじみ　水煮,76.0,15.4,2.7,(0),1.8,95,250,200,100,66,11,15.0,4.0,0.61,7.30,-,-,57,0.6,3.9,0.02,0.57,1.5,0.04,82.0,37,0.35,"{""baseName"":""しじみ"",""state"":""水煮"",""notes"":[""貝類""]}",水煮のしじみは加熱済みの水産物で良質なタンパク源・ミネラル源として適する。,8,1,1,620,1000,1200,410,200,610,610,620,1200,950,210,780,340,1000,1.18,0.46,0.35,0.08,23,33,110,140,25,91.2,171975,,"Basket clam, boiled"
10,10298,＜貝類＞　たいらがい　貝柱　生,75.2,21.8,0.2,(0),1.3,94,16,150,260,260,36,0.6,4.3,0.01,0.03,-,-,Tr,(0),0.8,0.01,0.09,1.5,0.06,-,25,0.51,"{""baseName"":""たいらがい"",""part"":""貝柱"",""state"":""生"",""notes"":[""貝類""]}",たいらがい貝柱は良質な魚介たんぱく源で、適切に調理すれば利用可能。,8,1,1,(770),(1300),(1300),(480),(270),(750),(660),(610),(1300),(810),(190),(810),(490),(1400),0.07,0.04,0.03,0.01,1,Tr,12,17,3,83.25,174220,65,"Pen shell, adductor muscle, raw"
10,10299,＜貝類＞　たにし　生,78.8,13.0,1.1,(0),3.5,73,1300,140,23,70,77,19.0,6.2,1.90,2.10,-,-,15,(0),0.5,0.11,0.32,2.0,0.05,18.0,28,0.52,"{""baseName"":""たにし"",""state"":""生"",""notes"":[""貝類""]}",良質な動物性タンパク源。加熱してから使うと安全性が高まる,7,1,1,(460),(800),(780),(290),(160),(450),(390),(360),(760),(490),(110),(490),(290),(850),0.33,0.14,0.05,0.10,29,24,12,5,43,67.45,167744,65,"River snail, raw"
10,10300,＜貝類＞　つぶ　生,78.2,17.8,0.2,(0),1.5,82,60,120,380,160,92,1.3,1.2,0.06,0.04,-,-,0,(0),1.8,Tr,0.12,0.9,0.11,6.5,15,0.59,"{""baseName"":""つぶ"",""state"":""生"",""notes"":[""貝類""]}",生のつぶ（貝）は蛋白源として有用だが生食は病原性やアレルギーのリスクがあるため加熱が望ましい。,7,1,1,620,1200,1000,450,210,660,540,510,1000,720,150,750,340,1500,0.08,0.05,0.04,0.01,2,1,21,7,3,72.05,171983,65,"Whelk, raw"
10,10301,＜貝類＞　とこぶし　生,78.9,16.0,0.4,(0),1.7,78,24,160,260,250,55,1.8,1.4,0.30,0.06,-,-,0,(0),1.3,0.15,0.14,1.7,0.07,3.2,24,1.57,"{""baseName"":""とこぶし"",""state"":""生"",""notes"":[""貝類""]}",とこぶしは貝類の良質なたんぱく源だが殻や内臓の除去と加熱に注意が必要,7,1,1,(570),(990),(960),(350),(200),(550),(490),(450),(930),(600),(140),(600),(360),(1000),0.12,0.05,0.02,0.02,1,1,7,Tr,16,69.9,174212,65,"Abalone (small abalone), raw"
10,10303,＜貝類＞　とりがい　斧足　生,78.6,12.9,0.3,(0),1.3,81,19,120,100,150,43,2.9,1.6,0.05,0.11,-,-,Tr,(0),1.2,0.16,0.06,1.7,0.04,10.0,18,1.10,"{""baseName"":""とりがい"",""variety"":""斧足"",""state"":""生"",""notes"":[""貝類""]}",貝類は良質なたんぱく源だが加熱と殻・内臓の除去が必要,7,1,1,560,900,930,340,190,530,420,410,830,560,120,580,230,930,0.08,0.02,0.01,Tr,Tr,Tr,7,4,1,71.85,169803,,"Japanese egg cockle, foot, raw"
10,10304,＜貝類＞　ばい　生,78.5,16.3,0.6,(0),1.5,81,44,160,220,320,84,0.7,1.3,0.09,0.04,-,-,0,(0),2.2,0.03,0.14,1.3,0.11,4.3,14,1.02,"{""baseName"":""ばい"",""state"":""生"",""notes"":[""貝類""]}",ばい（生の巻貝）は殻・内臓の除去と加熱が前提であれば素材として使えるが、生は注意が必要。,7,1,1,(580),(1000),(980),(360),(200),(560),(490),(460),(950),(610),(140),(610),(360),(1100),0.25,0.15,0.12,0.03,5,1,73,22,17,73,167745,65,"Babylon shell, raw"
10,10305,＜貝類＞　ばかがい　生,84.6,10.9,0.5,(0),1.6,56,42,150,300,220,51,1.1,1.8,0.05,0.07,-,-,4,(0),0.8,0.14,0.06,2.1,0.08,7.9,18,0.79,"{""baseName"":""ばかがい"",""state"":""生"",""notes"":[""貝類""]}",貝類は良質なタンパク源だが生は寄生虫・細菌や殻の危険があり、加熱と殻除去が望ましい,6,1,1,450,710,740,230,160,390,340,350,690,450,100,430,180,760,0.18,0.08,0.06,0.02,1,Tr,18,32,7,50.8,174214,65,"Surf clam, raw"
10,10306,＜貝類＞　（はまぐり類）　はまぐり　生,88.8,6.1,0.6,(0),2.8,35,130,96,780,160,81,2.1,1.7,0.10,0.14,-,-,7,(0),0.6,0.08,0.16,1.1,0.08,28.0,20,0.37,"{""baseName"":""はまぐり"",""state"":""生"",""notes"":[""貝類"",""はまぐり類""]}",生のはまぐりは加熱すれば安全な貝類のたんぱく源だが、生は衛生リスクがあるためやや控えめ。,7,1,1,230,380,390,130,96,220,180,190,380,230,61,250,130,400,0.28,0.13,0.10,0.03,3,5,32,45,12,32.4,174214,65,"Hard clam, raw"
10,10307,＜貝類＞　（はまぐり類）　はまぐり　水煮,78.6,14.9,1.5,(0),2.3,79,130,190,490,180,69,3.9,2.5,0.23,0.30,-,-,12,(0),2.8,0.15,0.27,1.6,0.05,20.0,23,0.45,"{""baseName"":""はまぐり"",""state"":""水煮"",""notes"":[""貝類"",""はまぐり類""]}",加熱された貝類でたんぱく源として利用可能（殻は除去）,8,1,1,(560),(920),(960),(310),(240),(550),(440),(470),(920),(570),(150),(610),(320),(980),0.59,0.29,0.23,0.06,6,8,72,100,27,74.35,171975,,"Hard clam, boiled"
10,10308,＜貝類＞　（はまぐり類）　はまぐり　焼き,79.8,13.3,1.0,(0),3.1,70,140,140,770,230,87,3.3,2.4,0.20,0.30,-,-,12,(0),2.3,0.13,0.29,1.9,0.12,33.0,27,0.57,"{""baseName"":""はまぐり"",""state"":""焼き"",""notes"":[""貝類"",""はまぐり類""]}",焼きはまぐりは貝類としてたんぱく源になり得るが、殻を除去して使用する必要がある。,8,1,1,(500),(820),(860),(280),(210),(490),(400),(420),(820),(510),(130),(540),(290),(870),0.40,0.19,0.15,0.04,4,5,48,66,18,64.85,171975,,"Hard clam, grilled"
10,10309,＜貝類＞　（はまぐり類）　はまぐり　つくだ煮,40.1,27.0,2.8,(0),8.7,211,120,340,2800,320,95,7.2,4.2,0.20,1.03,-,-,Tr,(0),1.9,0.02,0.10,1.6,0.11,45.0,49,0.34,"{""baseName"":""はまぐり"",""variety"":""つくだ煮"",""notes"":[""貝類"",""はまぐり類""]}",はまぐりのつくだ煮も塩分や調味加工が強いため多用は避けるが風味付けには使える。,5,1,1,(1000),(1700),(1700),(560),(430),(990),(800),(860),(1700),(1000),(270),(1100),(580),(1800),1.20,0.51,0.41,0.09,12,13,180,150,39,193.2,171975,,"Hard clam, tsukudani"
10,10310,＜貝類＞　（はまぐり類）　ちょうせんはまぐり　生,88.1,6.5,1.0,(0),2.3,41,160,94,510,170,69,5.1,1.2,0.11,0.22,27,21,3,(0),0.5,0.13,0.12,1.2,0.07,19.0,21,0.57,"{""baseName"":""ちょうせんはまぐり"",""state"":""生"",""notes"":[""貝類"",""はまぐり類""]}",生のはまぐりは生食による微生物リスクがあるため、加熱前提での利用が望ましい。,6,1,1,230,380,400,120,69,190,190,200,400,260,63,240,140,450,0.51,0.23,0.19,0.04,4,4,80,72,18,38.6,174214,65,"Oriental hard clam, raw"
10,10311,＜貝類＞　ほたてがい　生,82.3,13.5,0.9,(0),1.8,66,22,210,320,310,59,2.2,2.7,0.13,0.12,-,-,10,(0),0.9,0.05,0.29,1.7,0.07,11.0,87,0.66,"{""baseName"":""ほたてがい"",""state"":""生"",""notes"":[""貝類""]}",ホタテは良質な魚介タンパクで犬のレシピ素材として適している。,9,1,1,460,790,810,290,180,470,400,350,750,550,100,480,250,920,0.42,0.15,0.12,0.01,2,3,82,21,4,60.15,174220,65,"Scallop, raw"
10,10312,＜貝類＞　ほたてがい　水煮,76.8,17.6,1.9,(0),1.8,89,24,250,250,330,57,2.8,3.1,0.17,0.12,-,-,15,(0),1.7,0.04,0.29,1.9,0.06,18.0,83,0.64,"{""baseName"":""ほたてがい"",""state"":""水煮"",""notes"":[""貝類""]}",加熱済みのほたては良質なタンパク源で犬の素材として適している。,9,1,1,(600),(1000),(1100),(380),(230),(620),(530),(450),(980),(710),(130),(630),(330),(1200),0.73,0.30,0.26,0.02,4,2,170,45,8,84.4,167742,110.7,"Scallop, boiled"
10,10313,＜貝類＞　ほたてがい　貝柱　生,78.4,16.9,0.3,(0),1.3,82,7,230,120,380,41,0.2,1.5,0.03,0.02,2,18,1,0,0.8,0.01,0.06,1.9,0.11,1.7,61,0.28,"{""baseName"":""ほたてがい"",""part"":""貝柱"",""state"":""生"",""notes"":[""貝類""]}",ほたて貝柱は良質な魚介類タンパクで犬のレシピ素材として適している,9,1,1,580,1100,1100,390,250,640,510,440,950,630,130,570,280,930,0.10,0.06,0.05,0.01,1,Tr,24,23,4,72.55,174220,65,"Scallop adductor muscle, raw"
10,10414,＜貝類＞　ほたてがい　貝柱　焼き,67.8,23.8,0.3,(0),1.7,123,13,320,150,480,56,0.3,2.2,0.04,0.03,-,-,1,0,1.1,0.01,0.08,2.7,0.14,2.1,41,0.34,"{""baseName"":""ほたてがい"",""part"":""貝柱"",""state"":""焼き"",""notes"":[""貝類""]}",焼きほたて貝柱は良質な低脂肪タンパク源で犬のレシピに適している。,9,1,1,840,1500,1600,570,340,910,740,630,1400,910,200,830,400,1900,0.09,0.05,0.05,0.01,Tr,Tr,21,21,4,108.25,167742,110.7,"Scallop adductor muscle, grilled"
10,10314,＜貝類＞　ほたてがい　貝柱　煮干し,17.1,65.7,1.4,(0),8.2,301,34,610,2500,810,120,1.2,6.1,0.08,0.10,-,-,Tr,(0),2.5,0.12,0.30,4.6,0.12,5.2,22,0.75,"{""baseName"":""ほたてがい"",""part"":""貝柱"",""state"":""煮干し"",""notes"":[""貝類""]}",ほたて貝柱の煮干しは良質な魚介由来のタンパク源で犬の素材として適切。,9,1,1,(2300),(4300),(4500),(1600),(940),(2500),(2100),(1700),(3800),(2500),(540),(2300),(1100),(5300),0.45,0.26,0.23,0.03,4,1,110,100,17,268.45,167742,110.7,"Scallop adductor muscle, dried"
10,10315,＜貝類＞　ほたてがい　貝柱　水煮缶詰,76.4,19.5,0.6,(0),2.0,87,50,170,390,250,37,0.7,2.7,0.03,0.07,-,-,Tr,(0),1.1,Tr,0.05,1.0,0.09,2.6,7,0,"{""baseName"":""ほたてがい"",""part"":""貝柱"",""state"":""水煮缶詰"",""notes"":[""貝類""]}",ほたて貝柱は低脂肪で良質なたんぱく源だが、甲殻類や貝類アレルギーの個体には注意が必要。,8,1,1,(690),(1300),(1300),(470),(280),(740),(610),(510),(1100),(750),(160),(680),(330),(1600),0.19,0.10,0.09,0.01,2,1,43,37,7,78.6,167742,110.7,"Scallop adductor muscle, canned, water pack"
10,10316,＜貝類＞　ほっきがい　生,82.1,11.1,1.1,(0),1.9,66,62,160,250,260,75,4.4,1.8,0.15,0.11,-,-,6,(0),1.4,0.01,0.16,1.9,0.12,48.0,45,0.20,"{""baseName"":""ほっきがい"",""state"":""生"",""notes"":[""貝類""]}",ほっきがい（貝類）は魚介由来のタンパク源として利用可能だがアレルギーや貝の鮮度に注意が必要である。,8,1,1,(390),(690),(670),(250),(140),(380),(340),(310),(650),(410),(95),(410),(250),(730),0.30,0.10,0.08,0.02,Tr,1,38,24,12,61.5,174214,65,"Surf clam (spisula sachalinensis), raw"
10,10317,＜貝類＞　みるがい　水管　生,78.9,18.3,0.4,(0),2.1,77,55,160,330,420,75,3.3,1.0,0.04,0.16,-,-,Tr,(0),0.6,Tr,0.14,2.0,0.05,9.1,13,0.64,"{""baseName"":""みるがい"",""variety"":""水管"",""state"":""生"",""notes"":[""貝類""]}",貝類はタンパク源として利用可能だが、アレルギーや生食によるリスクに注意して加熱・処理が必要,7,1,1,(650),(1100),(1100),(400),(230),(630),(560),(510),(1100),(680),(160),(680),(410),(1200),0.12,0.05,0.04,0.01,1,Tr,8,22,5,68.5,169803,,"Geoduck siphon, raw"
10,10319,＜えび・かに類＞　（えび類）　あまえび　生,78.2,19.8,1.5,(0),1.6,85,50,240,300,310,42,0.1,1.0,0.44,0.02,18,33,3,(0),3.4,0.02,0.03,1.1,0.04,2.4,25,0.21,"{""baseName"":""あまえび"",""state"":""生"",""notes"":[""えび・かに類"",""えび類""]}",あまえび（生）は良質なたんぱく源だが殻や内臓の除去と鮮度管理が必要,8,1,1,800,1300,1400,460,200,660,700,630,1300,680,200,790,370,1500,0.71,0.34,0.30,0.04,8,4,150,130,24,82.05,175179,,"Sweet shrimp, raw"
10,10467,＜えび・かに類＞　（えび類）　アルゼンチンあかえび　生,80.1,19.1,0.7,-,2,73,41,300,330,390,47,0.3,1.3,0.37,0.03,26,66,0,-,1.4,0.04,0.04,2,0.05,3.3,61,0.76,"{""baseName"":""アルゼンチンあかえび"",""state"":""生"",""notes"":[""えび・かに類"",""えび類""]}",アルゼンチンあかえびは良質な魚介のタンパク源だが殻除去や調理が前提,8,1,1,640,1100,1300,440,180,620,640,560,1200,650,160,660,350,1900,0.34,0.16,0.14,0.02,4,3,58,73,13,72.8,175179,,"Argentine red shrimp, raw"
10,10468,＜えび・かに類＞　（えび類）　アルゼンチンあかえび　ゆで,75.4,22.5,1.8,-,1.9,95,56,300,310,350,55,0.7,1.8,0.58,0.05,44,79,0,-,2.1,0.04,0.06,1.8,0.05,5.4,39,0.55,"{""baseName"":""アルゼンチンあかえび"",""state"":""ゆで"",""notes"":[""えび・かに類"",""えび類""]}",アルゼンチンあかえび（ゆで）は加熱済みの甲殻類で良質なタンパク源だが殻の除去が必要。,8,1,1,850,1500,1700,590,240,830,840,730,1600,840,210,860,450,2100,0.84,0.40,0.34,0.05,9,7,140,180,28,94.05,171971,135.4,"Argentine red shrimp, boiled"
10,10469,＜えび・かに類＞　（えび類）　アルゼンチンあかえび　焼き,78.3,21,1.4,-,2.1,82,47,300,360,400,49,0.7,1.5,0.63,0.03,49,79,0,-,1.6,0.03,0.06,2,0.06,5,35,0.62,"{""baseName"":""アルゼンチンあかえび"",""state"":""焼き"",""notes"":[""えび・かに類"",""えび類""]}",加熱されたえび類は良質なたんぱく源で適した素材（殻や内臓は除去された状態）。,9,1,1,760,1300,1500,510,200,700,750,640,1400,750,190,780,400,2100,0.60,0.29,0.25,0.04,7,5,99,130,20,85.4,175179,,"Argentine red shrimp, grilled"
10,10320,＜えび・かに類＞　（えび類）　いせえび　生,76.6,20.9,0.4,(0),2.1,86,37,330,350,400,39,0.1,1.8,0.65,0.02,-,-,0,(0),3.8,0.01,0.03,2.1,0.14,0.3,15,0.41,"{""baseName"":""いせえび"",""state"":""生"",""notes"":[""えび・かに類"",""えび類""]}",良質な動物性タンパク源。殻や内臓は除去し、加熱して使用する。,9,1,1,860,1500,1600,540,210,740,810,720,1500,780,180,890,430,2200,0.13,0.07,0.05,0.02,2,Tr,27,17,15,76.55,174211,,"Japanese spiny lobster, raw"
10,10321,＜えび・かに類＞　（えび類）　くるまえび　養殖　生,76.1,21.6,0.6,(0),1.7,90,41,310,170,430,46,0.7,1.4,0.42,0.02,4,35,0,(0),1.6,0.11,0.06,3.8,0.12,1.9,23,1.11,"{""baseName"":""くるまえび"",""productionMethod"":""養殖"",""state"":""生"",""notes"":[""えび・かに類"",""えび類""]}",養殖くるまえびは良質なたんぱく源だが殻や内臓は除去する必要がある。,9,1,1,790,1400,1600,530,220,750,770,680,1500,780,190,830,400,2100,0.25,0.12,0.08,0.04,27,2,35,44,9,80.7,175179,,"Kuruma prawn (farmed), raw"
10,10322,＜えび・かに類＞　（えび類）　くるまえび　養殖　ゆで,69.3,28.2,0.5,(0),2.0,116,61,390,200,500,57,1.0,1.8,0.62,0.03,-,-,0,(0),2.3,0.09,0.05,4.5,0.08,2.0,17,1.07,"{""baseName"":""くるまえび"",""productionMethod"":""養殖"",""state"":""ゆで"",""notes"":[""えび・かに類"",""えび類""]}",加熱済みのえびは良質なたんぱく源、殻は除去して使用する前提,9,1,1,(1000),(1900),(2100),(690),(290),(980),(1000),(880),(1900),(1000),(250),(1100),(530),(2700),0.21,0.11,0.07,0.03,23,2,29,39,8,102.95,175180,,"Kuruma prawn (farmed), boiled"
10,10323,＜えび・かに類＞　（えび類）　くるまえび　養殖　焼き,74.4,23.5,0.4,(0),1.7,97,55,330,180,400,49,1.4,1.6,0.58,0.02,-,-,0,(0),2.7,0.11,0.05,3.6,0.08,2.3,15,1.06,"{""baseName"":""くるまえび"",""productionMethod"":""養殖"",""state"":""焼き"",""notes"":[""えび・かに類"",""えび類""]}",養殖くるまえび焼きは加熱された良質なタンパク源。殻や尾は除去して使うとよい。,8,1,1,(860),(1600),(1700),(580),(240),(820),(840),(740),(1600),(840),(210),(900),(440),(2200),0.19,0.09,0.06,0.03,19,2,25,32,7,85.65,175180,,"Kuruma prawn (farmed), grilled"
10,10431,＜えび・かに類＞　（えび類）　さくらえび　生,78.9,16.6,2.0,-,3.1,78,630,330,270,310,69,0.3,1.3,0.90,0.05,110,64,1,0.1,2.3,0.10,0.08,2.3,0.10,4.5,94,0.29,"{""baseName"":""さくらえび"",""state"":""生"",""notes"":[""えび・かに類"",""えび類""]}",さくらえび（生・殻付き）は動物性タンパク源だが殻の有無に注意して利用する,8,1,1,640,1100,1100,390,170,550,650,580,1200,680,170,710,330,840,1.11,0.45,0.37,0.07,19,13,140,190,37,75.1,175179,,"Sakura shrimp, raw"
10,10324,＜えび・かに類＞　（えび類）　さくらえび　ゆで,75.6,18.2,1.5,-,4.7,82,690,360,830,250,92,0.5,1.4,2.05,0.09,-,-,6,(0),2.8,0.10,0.08,1.1,0.09,4.3,41,0.37,"{""baseName"":""さくらえび"",""state"":""ゆで"",""notes"":[""えび・かに類"",""えび類""]}",さくらえびは良質なたんぱく源だが甲殻類アレルギーがある犬がいる点に注意,8,1,1,(700),(1200),(1200),(420),(180),(610),(710),(630),(1300),(750),(190),(770),(360),(920),0.66,0.25,0.21,0.04,11,6,89,100,22,76.45,171971,135.4,"Sakura shrimp, boiled"
10,10325,＜えび・かに類＞　（えび類）　さくらえび　素干し,19.4,64.9,4.0,-,11.6,286,2000,1200,1200,1200,310,3.2,4.9,3.34,0.23,-,-,Tr,(0),(7.2),0.17,0.15,5.5,0.21,11.0,230,1.16,"{""baseName"":""さくらえび"",""state"":""素干し"",""notes"":[""えび・かに類"",""えび類""]}",素干しのさくらえびは風味付けやカルシウム源として使えるが、塩分や加工品である点に注意。,6,1,1,(2500),(4200),(4300),(1500),(660),(2200),(2500),(2300),(4800),(2700),(660),(2800),(1300),(3300),1.97,0.75,0.60,0.14,32,22,240,310,74,261.5,168567,104.6,"Sakura shrimp, sun-dried"
10,10326,＜えび・かに類＞　（えび類）　さくらえび　煮干し,23.2,59.1,2.5,-,15.1,252,1500,860,3400,680,260,3.0,4.1,2.61,0.20,-,-,Tr,(0),(3.4),0.16,0.11,3.5,0.05,3.5,82,0.51,"{""baseName"":""さくらえび"",""state"":""煮干し"",""notes"":[""えび・かに類"",""えび類""]}",桜えびは魚介類で風味付けやたんぱく源に使える（殻の取り扱いに注意）,8,1,1,(2300),(3800),(3900),(1400),(600),(2000),(2300),(2100),(4400),(2400),(600),(2500),(1200),(3000),1.06,0.38,0.31,0.06,19,15,130,150,29,228.45,168906,,"Sakura shrimp, dried (niboshi)"
10,10327,＜えび・かに類＞　（えび類）　大正えび　生,76.3,21.7,0.3,(0),1.6,89,34,300,200,360,45,0.1,1.4,0.61,0.02,-,-,6,(0),1.8,0.03,0.04,2.4,0.07,2.1,45,0.61,"{""baseName"":""大正えび"",""state"":""生"",""notes"":[""えび・かに類"",""えび類""]}",大正えびは良質なたんぱくだが殻や内臓の除去と加熱が前提で利用する。,7,1,1,(860),(1500),(1700),(570),(240),(810),(830),(700),(1500),(760),(200),(890),(420),(2100),0.14,0.06,0.04,0.01,2,1,21,18,10,78.85,175179,,"Chinese white shrimp, raw"
10,10328,＜えび・かに類＞　（えび類）　しばえび　生,79.3,18.7,0.4,(0),1.5,78,56,270,250,260,30,1.0,1.0,0.35,0.11,-,-,3,(0),1.7,0.02,0.06,2.2,0.10,1.1,57,0.38,"{""baseName"":""しばえび"",""state"":""生"",""notes"":[""えび・かに類"",""えび類""]}",生のえびは良いタンパク源だがアレルギーや殻・内臓の除去に注意,7,1,1,840,1400,1500,550,260,800,750,640,1400,730,200,840,360,1800,0.19,0.08,0.07,0.01,2,2,32,30,9,69.2,175179,,"Shiba shrimp, raw"
10,10415,＜えび・かに類＞　（えび類）　バナメイえび　養殖　生,78.6,19.6,0.6,(0),1.3,82,68,220,140,270,37,1.4,1.2,0.33,0.10,10,27,0,0,1.7,0.03,0.04,3.6,0.14,1.2,38,0.23,"{""baseName"":""バナメイえび"",""productionMethod"":""養殖"",""state"":""生"",""notes"":[""えび・かに類"",""えび類""]}",低脂肪の良質なたんぱく源で犬に適した魚介類（殻は除く）である,9,1,1,790,1400,1600,520,230,750,770,680,1500,770,190,830,400,1800,0.30,0.15,0.08,0.07,47,3,36,40,13,73.7,175179,,"Whiteleg shrimp (farmed), raw"
10,10416,＜えび・かに類＞　（えび類）　バナメイえび　養殖　天ぷら,62.0,20.0,10.3,0.9,1.2,194,96,200,140,250,36,0.5,1.3,0.29,0.11,9,28,0,0,3.6,0.04,0.06,3.3,0.10,1.1,34,0.23,"{""baseName"":""バナメイえび"",""productionMethod"":""養殖"",""state"":""天ぷら"",""notes"":[""えび・かに類"",""えび類""]}",バナメイえびは良質な蛋白源だが、天ぷらの衣や揚げ油で加工されているため脂質・塩分が高く単体では不適切。,4,1,1,840,1500,1600,550,240,790,820,670,1500,790,210,870,420,1800,9.18,2.52,0.80,1.72,1700,670,63,70,23,177.15,171970,91.2,"Whiteleg shrimp (farmed), tempura"
10,10329,＜えび・かに類＞　（えび類）　ブラックタイガー　養殖　生,79.9,18.4,0.3,(0),1.1,77,67,210,150,230,36,0.2,1.4,0.39,0.02,4,26,1,(0),1.4,0.07,0.03,2.6,0.07,0.9,15,0.59,"{""baseName"":""ブラックタイガー"",""productionMethod"":""養殖"",""state"":""生"",""notes"":[""えび・かに類"",""えび類""]}",エビ類は良質なタンパク源だが殻は除去してから使用するべき,9,1,1,(730),(1300),(1400),(480),(210),(690),(700),(600),(1300),(640),(170),(750),(360),(1700),0.13,0.06,0.04,0.02,17,1,17,21,5,68,175179,,"Black tiger shrimp (farmed), raw"
10,10330,＜えび・かに類＞　（えび類）　加工品　干しえび,24.2,48.6,2.8,-,24.1,213,7100,990,1500,740,520,15.0,3.9,5.17,3.93,-,-,14,(0),2.5,0.10,0.19,4.3,0.19,11.0,46,0.72,"{""baseName"":""加工品"",""variety"":""干しえび"",""notes"":[""えび・かに類"",""えび類""]}",干しえびは甲殻類のたんぱく源として使えるが、アレルギーや殻の除去に注意,7,1,1,(1900),(3400),(3700),(1300),(550),(1800),(1900),(1600),(3400),(1700),(460),(2000),(950),(4600),1.17,0.40,0.29,0.11,12,5,120,140,70,194.95,170495,66,Dried shrimp
10,10331,＜えび・かに類＞　（えび類）　加工品　つくだ煮,31.8,25.9,2.2,-,10.0,239,1800,440,1900,350,110,3.9,3.1,1.56,1.24,-,-,Tr,(0),6.3,0.14,0.11,5.0,0.08,6.3,35,0.65,"{""baseName"":""加工品"",""variety"":""つくだ煮"",""notes"":[""えび・かに類"",""えび類""]}",つくだ煮は味付けや塩分が強い加工品のためそのまま多用するのは適さないが少量の風味付けには利用できる。,5,1,1,(1000),(1800),(2000),(680),(290),(970),(990),(840),(1800),(910),(240),(1100),(510),(2400),1.20,0.49,0.28,0.20,140,21,150,86,47,214.7,171971,135.4,"Shrimp, tsukudani"
10,10332,＜えび・かに類＞　（かに類）　がざみ　生,83.1,14.4,0.3,(0),1.9,61,110,200,360,300,60,0.3,3.7,1.10,0.06,-,-,0,(0),1.8,0.02,0.15,4.2,0.18,4.7,22,0.78,"{""baseName"":""がざみ"",""state"":""生"",""notes"":[""えび・かに類"",""かに類""]}",がざみ（わたりがに）は良質なたんぱく源だが殻や内臓を適切に除去して使うべき。,8,1,1,(540),(900),(950),(330),(140),(470),(500),(440),(940),(540),(130),(570),(300),(1300),0.13,0.05,0.04,0.01,2,1,19,14,8,54,171968,,"Blue crab, raw"
10,10333,＜えび・かに類＞　（かに類）　毛がに　生,81.9,15.8,0.5,(0),1.6,67,61,260,220,340,38,0.5,3.3,0.47,0.03,-,-,Tr,(0),2.2,0.07,0.23,2.3,0.16,1.9,13,0.41,"{""baseName"":""毛がに"",""state"":""生"",""notes"":[""えび・かに類"",""かに類""]}",毛がにの身は良質な動物性たんぱくで利用可能（殻・内臓は除去）。,8,1,1,600,1000,1000,370,160,530,540,500,1000,640,130,630,320,1600,0.26,0.15,0.14,0.01,2,1,100,31,8,60.25,171968,,"Horsehair crab, raw"
10,10334,＜えび・かに類＞　（かに類）　毛がに　ゆで,79.2,18.4,0.5,(0),1.7,78,66,200,240,280,39,0.6,3.8,0.46,0.02,-,-,Tr,(0),3.7,0.07,0.23,2.4,0.13,2.5,10,0.40,"{""baseName"":""毛がに"",""state"":""ゆで"",""notes"":[""えび・かに類"",""かに類""]}",ゆで毛がには良質なたんぱく源。殻は除去して与える必要がある,8,1,1,(690),(1200),(1200),(420),(180),(590),(640),(560),(1200),(690),(160),(730),(380),(1700),0.25,0.14,0.13,0.01,2,1,98,31,6,69.35,171968,,"Horsehair crab, boiled"
10,10335,＜えび・かに類＞　（かに類）　ずわいがに　生,84.0,13.9,0.4,(0),1.6,59,90,170,310,310,42,0.5,2.6,0.35,0.02,58,97,Tr,(0),2.1,0.24,0.60,8.0,0.13,4.3,15,0.48,"{""baseName"":""ずわいがに"",""state"":""生"",""notes"":[""えび・かに類"",""かに類""]}",ずわいがには甲殻類の良質なタンパク源（殻や内臓は除去前提）,8,1,1,550,880,940,310,130,440,500,440,950,550,130,580,300,1100,0.22,0.13,0.11,0.02,2,Tr,68,33,14,52.4,171968,,"Snow crab, raw"
10,10336,＜えび・かに類＞　（かに類）　ずわいがに　ゆで,82.5,15.0,0.6,(0),1.8,65,120,150,240,240,55,0.7,3.1,0.56,0.02,-,-,Tr,(0),2.6,0.21,0.57,6.1,0.11,7.2,9,0.54,"{""baseName"":""ずわいがに"",""state"":""ゆで"",""notes"":[""えび・かに類"",""かに類""]}",加熱済みの蟹肉はタンパク源として利用できるが殻の除去とアレルギーに注意,8,1,1,(560),(940),(990),(340),(140),(480),(520),(460),(980),(560),(130),(590),(310),(1300),0.33,0.19,0.16,0.03,3,1,100,50,22,57.95,172007,,"Snow crab, boiled"
10,10337,＜えび・かに類＞　（かに類）　ずわいがに　水煮缶詰,81.1,16.3,0.4,(0),2.0,69,68,120,670,21,29,0.5,4.7,0.35,0.10,-,-,0,(0),2.0,0,0.03,0.1,Tr,0.2,1,0,"{""baseName"":""ずわいがに"",""state"":""水煮缶詰"",""notes"":[""えび・かに類"",""かに類""]}",水煮のズワイガニ缶は魚介たんぱくだが塩分や殻片に注意が必要,8,1,1,(610),(1000),(1100),(370),(160),(530),(570),(500),(1100),(610),(140),(650),(340),(1500),0.18,0.09,0.08,0.02,1,1,43,30,10,61.15,171966,80.9,"Snow crab, canned, water pack"
10,10338,＜えび・かに類＞　（かに類）　たらばがに　生,84.7,13.0,0.9,(0),1.8,56,51,220,340,280,41,0.3,3.2,0.43,0.03,43,25,0,(0),1.9,0.05,0.07,2.1,0.14,5.8,21,0.65,"{""baseName"":""たらばがに"",""state"":""生"",""notes"":[""えび・かに類"",""かに類""]}",蟹は良質な甲殻類タンパク。殻や内臓を除いて使用すれば適切,9,1,1,480,810,830,290,160,440,450,450,890,510,130,510,270,1400,0.46,0.25,0.22,0.04,3,Tr,140,66,28,53.15,175164,,"Red king crab, raw"
10,10339,＜えび・かに類＞　（かに類）　たらばがに　ゆで,80.0,17.5,1.5,(0),1.7,77,48,190,310,230,51,0.2,4.2,0.41,0.04,62,35,0,(0),3.0,0.07,0.06,1.8,0.13,9.9,15,0.48,"{""baseName"":""たらばがに"",""state"":""ゆで"",""notes"":[""えび・かに類"",""かに類""]}",茹でたたらばがには良質な魚介類だが殻や硬い部位は除去し骨片に注意する必要がある。,8,1,1,710,1200,1200,420,230,650,660,640,1300,780,200,770,400,1700,0.79,0.42,0.37,0.05,5,Tr,240,100,32,74,175164,,"Red king crab, boiled"
10,10340,＜えび・かに類＞　（かに類）　たらばがに　水煮缶詰,77.0,20.6,0.3,(0),2.0,85,52,220,580,90,34,0.2,6.3,0.58,0.06,-,-,Tr,(0),2.9,0.02,0.10,0.2,0.04,6.1,4,0.26,"{""baseName"":""たらばがに"",""state"":""水煮缶詰"",""notes"":[""えび・かに類"",""かに類""]}",たらばがにの缶詰は良質な魚介たんぱくで使用可能（殻や液汁を除く前提）。,8,1,1,(770),(1300),(1400),(470),(200),(670),(720),(630),(1300),(770),(180),(820),(430),(1800),0.13,0.07,0.06,0.01,2,Tr,38,16,5,75,175164,,"Red king crab, canned, water pack"
10,10341,＜えび・かに類＞　（かに類）　加工品　がん漬,54.7,8.4,0.4,-,31.1,58,4000,200,7500,250,530,1.7,2.4,1.36,4.43,-,-,Tr,(0),1.8,0.10,0.50,2.0,0.07,2.2,7,0.26,"{""baseName"":""加工品"",""variety"":""がん漬"",""notes"":[""えび・かに類"",""かに類""]}",かに類の加工品。カニはたんぱく源として使えるが加工品は塩分や調味料が含まれることがある。,6,1,1,(320),(530),(550),(190),(81),(270),(290),(260),(550),(310),(75),(330),(170),(750),0.21,0.09,0.04,0.05,39,4,22,11,9,51.7,171968,,"Crab, salted (gan-zuke)"
10,10342,＜いか・たこ類＞　（いか類）　あかいか　生,79.3,17.9,1.5,(0),1.4,81,12,280,200,330,46,0.1,1.2,0.21,0.02,5,28,4,(0),2.2,0.01,0.02,2.1,0.10,2.3,2,0.31,"{""baseName"":""あかいか"",""state"":""生"",""notes"":[""いか・たこ類"",""いか類""]}",生のあかいかは良質なたんぱく源だが、生食由来のリスクに留意して調理すれば素材として適する。,7,1,1,670,1200,1300,460,170,640,600,520,1100,720,160,660,430,1400,0.73,0.45,0.43,0.01,1,Tr,97,330,7,75.4,174223,65,"Diamondback squid, raw"
10,10343,＜いか・たこ類＞　（いか類）　けんさきいか　生,80.0,17.5,1.0,(0),1.4,77,12,260,210,330,46,0.1,1.3,0.16,0.02,-,-,7,(0),1.6,0.01,0.02,2.5,0.11,2.5,4,0.28,"{""baseName"":""けんさきいか"",""state"":""生"",""notes"":[""いか・たこ類"",""いか類""]}",けんさきいかはたんぱく質源として利用可能だが、生の魚介は消化性やアレルギーに注意,8,1,1,(620),(1100),(1100),(390),(220),(600),(530),(490),(1000),(650),(150),(650),(390),(1100),0.42,0.22,0.19,0.03,1,Tr,52,140,18,70.1,173703,65,"Swordtip squid, raw"
10,10344,＜いか・たこ類＞　（いか類）　こういか　生,83.4,14.9,1.3,(0),1.3,64,17,170,280,220,48,0.1,1.5,0.45,0.02,4,23,5,(0),2.2,0.03,0.05,1.3,0.06,1.4,3,0.52,"{""baseName"":""こういか"",""state"":""生"",""notes"":[""いか・たこ類"",""いか類""]}",いか類は良質なたんぱく源だが加熱と内臓除去が必要,7,1,1,550,1000,1000,350,140,490,470,420,890,590,120,510,270,990,0.57,0.33,0.28,0.05,2,Tr,78,190,34,63.2,174215,,"Cuttlefish, raw"
10,10345,＜いか・たこ類＞　（いか類）　するめいか　生,80.2,17.9,0.8,(0),1.3,76,11,250,210,300,46,0.1,1.5,0.29,Tr,7,41,13,0.3,2.1,0.07,0.05,4.0,0.21,4.9,5,0.34,"{""baseName"":""するめいか"",""state"":""生"",""notes"":[""いか・たこ類"",""いか類""]}",するめいか（生）は良質な魚介類だが生のままは処理や加熱が望ましいためやや減点,8,1,1,(710),(1200),(1200),(450),(190),(640),(590),(510),(1100),(730),(150),(680),(400),(1200),0.33,0.19,0.18,0.01,1,Tr,43,130,8,69.45,174223,65,"Japanese flying squid, raw"
10,10346,＜いか・たこ類＞　（いか類）　するめいか　水煮,74.6,21.9,0.9,(0),1.4,98,14,280,230,310,52,0.1,1.8,0.40,0.01,10,42,16,0,2.5,0.05,0.06,4.9,0.23,5.3,5,0.42,"{""baseName"":""するめいか"",""state"":""水煮"",""notes"":[""いか・たこ類"",""いか類""]}",水煮されたするめいかは良質な海洋性タンパク源で、調味が強くなければ犬の素材として適切。,9,1,1,(870),(1500),(1500),(550),(240),(780),(730),(630),(1400),(890),(180),(830),(500),(1500),0.36,0.21,0.20,0.01,1,Tr,46,150,9,88.5,174223,65,"Japanese flying squid, boiled"
10,10347,＜いか・たこ類＞　（いか類）　するめいか　焼き,71.8,23.6,1.0,(0),1.6,108,14,300,330,360,57,0.2,1.9,0.41,Tr,10,46,22,0,2.5,0.09,0.07,5.8,0.26,5.4,7,0.44,"{""baseName"":""するめいか"",""state"":""焼き"",""notes"":[""いか・たこ類"",""いか類""]}",焼きするめいかは良質な魚介のたんぱく源で犬のレシピ素材として適している。,9,1,1,(940),(1600),(1600),(590),(260),(850),(780),(680),(1500),(970),(200),(900),(530),(1600),0.38,0.22,0.21,0.01,1,Tr,49,150,9,98.1,174223,65,"Japanese flying squid, grilled"
10,10417,＜いか・たこ類＞　（いか類）　するめいか　胴　皮つき　生,79.8,18.6,0.7,(0),1.4,78,10,280,200,330,48,0.1,1.4,0.27,0.01,6,40,12,0.3,1.9,0.06,0.04,5.1,0.27,4.4,6,0.36,"{""baseName"":""するめいか"",""part"":""胴"",""formModifiers"":[""皮つき""],""state"":""生"",""notes"":[""いか・たこ類"",""いか類""]}",するめいかは良質な魚介で加熱調理して使える,8,1,1,730,1200,1300,460,190,650,620,530,1100,740,160,710,460,1200,0.41,0.26,0.25,0.01,Tr,Tr,58,190,9,71.05,174223,65,"Japanese flying squid mantle, skin-on, raw"
10,10418,＜いか・たこ類＞　（いか類）　するめいか　胴　皮なし　生,79.1,18.6,0.6,(0),1.4,80,10,270,200,340,48,0.1,1.5,0.27,0.01,6,38,11,0.2,1.5,0.06,0.04,4.7,0.29,4.3,2,0.31,"{""baseName"":""するめいか"",""part"":""胴"",""formModifiers"":[""皮なし""],""state"":""生"",""notes"":[""いか・たこ類"",""いか類""]}",するめいか（胴、生）は高品質なタンパク源で利用可能だが、生の魚介特有の取り扱いに注意が必要。,8,1,1,740,1300,1300,470,200,670,630,540,1200,760,160,710,470,1200,0.30,0.19,0.18,0.01,Tr,Tr,40,140,6,71.25,174223,65,"Japanese flying squid, mantle, skinless, raw"
10,10419,＜いか・たこ類＞　（いか類）　するめいか　胴　皮なし　天ぷら,64.9,16.7,10.8,0.8,1.2,175,26,230,180,280,40,0.1,1.3,0.16,0.06,5,31,10,0.2,3.0,0.07,0.07,4.1,0.24,3.8,3,0.31,"{""baseName"":""するめいか"",""part"":""胴"",""formModifiers"":[""皮なし""],""state"":""天ぷら"",""notes"":[""いか・たこ類"",""いか類""]}",するめいかの天ぷらは揚げ物で油分・加工成分が多く調理済み複合食品に該当する。,4,1,1,720,1200,1200,450,200,650,610,490,1100,700,150,690,440,1100,9.34,2.69,1.06,1.63,1600,650,89,310,13,169.85,171982,,"Japanese flying squid, mantle, skinless, tempura"
10,10470,＜いか・たこ類＞　（いか類）　するめいか　胴　皮なし　フライ,37.5,24.8,23.4,-,2.1,352,22,350,350,480,62,0.4,1.9,0.3,0.11,5,46,7,0.1,5.8,0.07,0.06,5.9,0.24,4,6,0.39,"{""baseName"":""するめいか"",""part"":""胴"",""formModifiers"":[""皮なし""],""state"":""フライ"",""notes"":[""いか・たこ類"",""いか類""]}",フライされたするめいかは脂質が高く加工度も高いため素材利用は限定的。,5,0,1,,,,,,,,,,,,,,,21.03,6.16,2.17,3.97,3900,1700,100,350,19,328.4,171982,,"Japanese flying squid, mantle, skinless, fried"
10,10420,＜いか・たこ類＞　（いか類）　するめいか　耳・足　生,80.8,16.9,0.9,(0),1.3,75,13,210,230,270,45,0.1,1.6,0.31,0,8,42,15,0.4,2.4,0.09,0.06,2.6,0.14,5.6,4,0.32,"{""baseName"":""するめいか"",""variety"":""耳・足"",""state"":""生"",""notes"":[""いか・たこ類"",""いか類""]}",するめいかの耳・足（生）は魚介類として良いタンパク源だが、生のままは扱いに注意が必要です。,8,1,1,680,1200,1100,430,200,630,560,500,1100,710,140,640,330,1300,0.54,0.35,0.33,0.02,1,Tr,76,250,12,67.15,174223,65,"Japanese flying squid, arms and fins, raw"
10,10348,＜いか・たこ類＞　（いか類）　ほたるいか　生,83.0,11.8,3.5,(0),1.5,74,14,170,270,290,39,0.8,1.3,3.42,0.05,-,-,1500,(0),4.3,0.19,0.27,2.6,0.15,14.0,34,1.09,"{""baseName"":""ほたるいか"",""state"":""生"",""notes"":[""いか・たこ類"",""いか類""]}",ほたるいかは魚介類として利用可能だが内臓を含む場合は鮮度や処理状態に注意,7,1,1,480,710,700,330,210,540,410,380,800,430,120,500,240,610,2.21,0.94,0.83,0.10,22,14,310,450,58,71.75,174223,65,"Firefly squid, raw"
10,10349,＜いか・たこ類＞　（いか類）　ほたるいか　ゆで,78.1,17.7,2.9,(0),0.9,91,22,200,240,240,32,1.1,1.9,2.97,0.08,-,-,1900,(0),4.5,0.20,0.30,2.3,0.09,14.0,29,0.64,"{""baseName"":""ほたるいか"",""state"":""ゆで"",""notes"":[""いか・たこ類"",""いか類""]}",ゆでほたるいかは良質な魚介タンパクだが、風味が強くアレルギーや消化を考慮して量に注意。,8,1,1,(720),(1100),(1100),(500),(310),(810),(620),(570),(1200),(650),(180),(750),(360),(920),1.41,0.74,0.67,0.07,9,5,240,400,45,88,171982,,"Firefly squid, boiled"
10,10350,＜いか・たこ類＞　（いか類）　ほたるいか　くん製,23.0,43.1,7.5,(0),5.1,305,55,650,1500,240,56,10.0,5.2,12.00,0.34,-,-,150,(0),2.3,0.40,0.50,4.5,0.04,27.0,25,1.28,"{""baseName"":""ほたるいか"",""state"":""くん製"",""notes"":[""いか・たこ類"",""いか類""]}",くん製のほたるいかはたんぱく源として利用可能だが燻製処理により塩分等に注意。,7,1,1,(1700),(2600),(2600),(1200),(760),(2000),(1500),(1400),(2900),(1600),(440),(1800),(870),(2200),3.27,0.83,0.68,0.13,39,19,290,320,63,289.15,173685,,"Firefly squid, smoked"
10,10351,＜いか・たこ類＞　（いか類）　ほたるいか　つくだ煮,39.8,27.0,6.7,(0),3.6,245,26,270,1200,96,31,2.7,3.3,6.22,0.19,-,-,690,(0),1.9,0.09,0.21,1.3,0.03,17.0,10,0.64,"{""baseName"":""ほたるいか"",""variety"":""つくだ煮"",""notes"":[""いか・たこ類"",""いか類""]}",ほたるいかのつくだ煮は調味加工品（濃い味付け）で、加工食品として慎重に扱うべきです。,3,1,1,(1100),(1600),(1600),(760),(480),(1200),(940),(880),(1800),(990),(280),(1200),(540),(1400),3.60,1.29,1.13,0.15,48,25,440,590,70,231.6,171982,,"Firefly squid, simmered in soy sauce (tsukudani)"
10,10352,＜いか・たこ類＞　（いか類）　やりいか　生,79.7,17.6,1.0,(0),1.3,79,10,280,170,300,42,0.1,1.2,0.25,0.02,-,-,8,(0),1.4,0.04,0.03,3.5,0.10,1.1,5,0.27,"{""baseName"":""やりいか"",""state"":""生"",""notes"":[""いか・たこ類"",""いか類""]}",やりいかは良質な海洋性たんぱく源で犬の素材として適切（加熱で安全性向上）,9,1,1,640,1100,1200,420,180,600,570,500,1100,700,140,630,320,1300,0.49,0.26,0.25,0.01,2,1,75,170,9,71.5,174223,65,"Spear squid, raw"
10,10353,＜いか・たこ類＞　（いか類）　加工品　するめ,20.2,69.2,4.3,(0),5.9,304,43,1100,890,1100,170,0.8,5.4,0.99,0.06,-,-,22,(0),4.4,0.10,0.10,14.0,0.34,12.0,11,1.57,"{""baseName"":""加工品"",""variety"":""するめ"",""notes"":[""いか・たこ類"",""いか類""]}",するめは良質な海産タンパクだが乾燥により硬さや塩分が高い場合があり注意が必要です。,7,1,1,(2500),(4300),(4200),(1500),(850),(2400),(2100),(1900),(4000),(2600),(590),(2600),(1500),(4500),1.61,0.89,0.80,0.09,3,2,160,620,88,280.15,168990,,Dried squid (surume)
10,10354,＜いか・たこ類＞　（いか類）　加工品　さきいか,26.4,45.5,3.1,(0),7.7,268,23,430,2700,230,82,1.6,2.8,0.27,0.07,-,-,3,(0),1.7,0.06,0.09,8.9,0.32,6.9,1,0.47,"{""baseName"":""加工品"",""variety"":""さきいか"",""notes"":[""いか・たこ類"",""いか類""]}",さきいかは加工乾燥品で塩分・添加物が多く、犬の素材としては不向き。,4,1,1,(1800),(3000),(3000),(1100),(490),(1600),(1500),(1300),(2800),(1900),(380),(1700),(1000),(3100),0.75,0.43,0.41,0.02,9,4,91,310,8,246.15,168990,,Shredded dried squid
10,10355,＜いか・たこ類＞　（いか類）　加工品　くん製,43.5,35.2,1.5,(0),7.0,202,9,330,2400,240,34,0.7,2.1,0.26,0.02,-,-,Tr,(0),1.8,0.10,0.15,9.0,0.10,5.3,2,0.17,"{""baseName"":""加工品"",""state"":""くん製"",""notes"":[""いか・たこ類"",""いか類""]}",くん製のいかは燻製加工により塩分や添加物が高くなりやすいため注意が必要。,4,1,1,(1400),(2400),(2400),(880),(380),(1300),(1200),(1000),(2200),(1400),(300),(1300),(800),(2400),0.70,0.40,0.39,0.01,1,1,93,290,5,180.75,171982,,Smoked squid
10,10356,＜いか・たこ類＞　（いか類）　加工品　切りいかあめ煮,22.8,22.7,4.7,(0),3.7,310,65,300,1100,210,81,0.8,2.2,0.50,0.12,-,-,Tr,(0),1.9,0.06,0.10,7.0,0.10,10.0,12,0.17,"{""baseName"":""加工品"",""variety"":""切りいかあめ煮"",""notes"":[""いか・たこ類"",""いか類""]}",切りいかのあめ煮は甘辛く調味された加工品で、塩分や糖分が高めの点に注意が必要。,4,1,1,(810),(1400),(1400),(500),(280),(780),(690),(640),(1300),(850),(190),(850),(510),(1500),2.97,1.48,0.69,0.79,770,7,160,510,19,280.75,171982,,"Squid, simmered in sweet soy sauce"
10,10357,＜いか・たこ類＞　（いか類）　加工品　いかあられ,26.7,20.0,1.8,(0),2.4,289,18,260,700,230,41,0.4,1.3,0.02,0.12,-,-,Tr,(0),1.1,0.07,0.10,7.0,0.14,3.3,6,0.31,"{""baseName"":""加工品"",""variety"":""いかあられ"",""notes"":[""いか・たこ類"",""いか類""]}",いかあられは加工・味付けが強く塩分や香辛料が問題となりやすいため注意が必要,4,1,1,(710),(1200),(1200),(440),(250),(690),(610),(560),(1200),(750),(170),(750),(450),(1300),0.97,0.57,0.40,0.17,160,9,98,280,9,257.15,173161,33.4,Squid crackers (ika arare)
10,10358,＜いか・たこ類＞　（いか類）　加工品　塩辛,67.3,15.2,3.4,(0),7.6,114,16,210,2700,170,48,1.1,1.7,1.91,0.03,-,-,200,(0),3.3,Tr,0.10,3.3,0.31,17.0,13,0.61,"{""baseName"":""加工品"",""variety"":""塩辛"",""notes"":[""いか・たこ類"",""いか類""]}",塩分・発酵調味が強い加工品で犬には不向き。使用は避けるか極少量に。,3,1,1,(540),(940),(920),(340),(190),(520),(460),(430),(890),(570),(130),(570),(340),(1000),2.55,1.24,1.15,0.08,35,28,330,690,38,104.85,168980,,Salted squid (shiokara)
10,10359,＜いか・たこ類＞　（いか類）　加工品　味付け缶詰,66.9,21.4,1.8,(0),2.2,127,16,220,700,110,38,0.6,2.5,1.12,0.05,-,-,7,(0),2.8,0.02,0.07,2.2,0.11,3.8,4,0.20,"{""baseName"":""加工品"",""variety"":""味付け缶詰"",""notes"":[""いか・たこ類"",""いか類""]}",味付け缶詰のいか加工品は塩分や調味が強い点に留意が必要。,5,1,1,(760),(1300),(1300),(470),(260),(740),(650),(600),(1200),(800),(180),(800),(480),(1400),0.68,0.37,0.35,0.02,2,1,94,240,9,117.15,171982,,"Seasoned squid, canned"
10,10360,＜いか・たこ類＞　（たこ類）　いいだこ　生,83.2,14.6,0.8,(0),1.3,64,20,190,250,200,43,2.2,3.1,2.96,0.06,-,-,35,(0),2.7,0.01,0.08,3.2,0.11,2.0,37,0.70,"{""baseName"":""いいだこ"",""state"":""生"",""notes"":[""いか・たこ類"",""たこ類""]}",いいだこ（生）は良質な魚介たんぱくだが生の状態は寄生虫や微生物の懸念があるため加熱が望ましい,7,1,1,(520),(900),(880),(320),(180),(500),(440),(410),(850),(550),(120),(540),(330),(960),0.37,0.20,0.17,0.03,2,1,77,82,22,58.25,174218,65,"Webfoot octopus, raw"
10,10361,＜いか・たこ類＞　（たこ類）　まだこ　皮つき　生,81.1,16.1,0.9,(0),1.7,70,15,160,390,300,55,0.6,1.6,0.38,0.03,6,22,1,0,0.8,0.03,0.08,2.1,0.08,1.3,3,0.23,"{""baseName"":""まだこ"",""formModifiers"":[""皮つき""],""state"":""生"",""notes"":[""いか・たこ類"",""たこ類""]}",まだこは良質な魚介たんぱくだが調理や咀嚼しやすさに配慮が必要。,7,1,1,610,1000,970,300,140,440,470,450,920,680,120,590,310,1200,0.26,0.11,0.07,0.03,2,2,20,39,11,64.7,174218,65,"Common octopus, skin-on, raw"
10,10471,＜いか・たこ類＞　（たこ類）　まだこ　皮なし　生,76.1,19,1,-,2.5,88,15,210,700,340,54,0.1,1.8,0.17,0.02,6,24,1,0,0.9,0.04,0.04,2.9,0.12,1.4,4,0.15,"{""baseName"":""まだこ"",""formModifiers"":[""皮なし""],""state"":""生"",""notes"":[""いか・たこ類"",""たこ類""]}",たこは低脂肪で高タンパクの食材。鮮度管理を前提に素材として適している。,9,0,1,,,,,,,,,,,,,,,0.42,0.26,0.21,0.05,1,1,78,120,36,79.9,174218,65,"Common octopus, skinless, raw"
10,10362,＜いか・たこ類＞　（たこ類）　まだこ　ゆで,76.2,21.7,0.7,(0),1.3,91,19,120,230,240,52,0.2,1.8,0.43,0.04,8,28,5,(0),1.9,0.03,0.05,1.9,0.07,1.2,2,0.17,"{""baseName"":""まだこ"",""state"":""ゆで"",""notes"":[""いか・たこ類"",""たこ類""]}",茹でたまだこは魚介の良質なタンパク源で犬のレシピ素材として適している。,9,1,1,(820),(1400),(1300),(400),(190),(590),(640),(610),(1200),(910),(160),(800),(410),(1600),0.20,0.12,0.10,0.02,Tr,Tr,35,63,15,82.25,174218,65,"Common octopus, boiled"
10,10472,＜いか・たこ類＞　（たこ類）　まだこ　蒸しだこ,80.3,16.8,1.2,-,1.6,75,15,160,460,160,42,0.1,1.8,0.28,0.03,8,26,2,0,1.2,0.03,0.04,1.5,0.07,1.5,2,0.11,"{""baseName"":""まだこ"",""variety"":""蒸しだこ"",""notes"":[""いか・たこ類"",""たこ類""]}",蒸しダコは加熱済みの良質な魚介たんぱくで犬の素材として適している,9,0,1,,,,,,,,,,,,,,,0.46,0.29,0.23,0.05,2,1,86,130,39,69.35,174218,65,"Common octopus, steamed"
10,10473,＜いか・たこ類＞　（たこ類）　まだこ　蒸しだこ　油いため,72.7,22.4,3,-,1.8,112,18,180,480,170,47,0.1,2.6,0.4,0.04,10,32,4,-,2.1,0.03,0.04,1.6,0.08,1.8,1,0.12,"{""baseName"":""まだこ"",""variety"":""蒸しだこ"",""state"":""油いため"",""notes"":[""いか・たこ類"",""たこ類""]}",蒸しだこは低脂肪・高たんぱくで使用しやすいが油いための加工がある点は考慮要。,8,0,1,,,,,,,,,,,,,,,1.85,0.75,0.45,0.30,230,100,130,190,59,104.25,174218,65,"Common octopus, steamed, stir-fried"
10,10474,＜いか・たこ類＞　（たこ類）　まだこ　蒸しだこ　素揚げ,68.6,26,4,-,2.1,131,22,210,560,200,58,0.1,2.9,0.41,0.04,10,35,4,-,2.5,0.04,0.05,1.9,0.08,1.9,1,0.16,"{""baseName"":""まだこ"",""variety"":""蒸しだこ"",""state"":""素揚げ"",""notes"":[""いか・たこ類"",""たこ類""]}",蒸したたこを素揚げしたものは良質な魚介たんぱくだが、揚げ油による脂質に注意。,8,0,1,,,,,,,,,,,,,,,2.59,0.94,0.48,0.45,390,170,110,180,54,125,174218,65,"Common octopus, steamed, deep-fried"
10,10432,＜いか・たこ類＞　（たこ類）　みずだこ　生,83.5,13.4,0.9,(0),1.8,61,19,150,430,270,60,0.1,1.6,0.64,0.04,8,46,4,0.1,1.1,0.04,0.05,1.9,0.05,0.8,6,0.43,"{""baseName"":""みずだこ"",""state"":""生"",""notes"":[""いか・たこ類"",""たこ類""]}",みずだこは低脂肪で良質な魚介たんぱくで犬の素材として適している。,9,1,1,490,830,790,280,130,410,400,390,780,550,110,480,250,860,0.36,0.23,0.19,0.04,2,Tr,69,110,30,55.95,174218,65,"Giant Pacific octopus, raw"
10,10363,＜その他＞　あみ　つくだ煮,35.0,19.1,1.8,-,9.0,230,490,410,2700,350,100,7.1,1.7,0.97,0.63,-,-,170,(0),4.7,0.13,0.21,1.8,0.08,7.0,35,0.78,"{""baseName"":""あみ"",""variety"":""つくだ煮"",""notes"":[""その他""]}",あみの佃煮は塩分や調味が強い加工食品で素材としては不向き。,3,1,1,(790),(1200),(1300),(410),(210),(620),(690),(530),(1200),(740),(180),(860),(370),(870),1.09,0.55,0.46,0.06,22,17,250,150,23,205,174277,18.3,"Tiny shrimp (ami), simmered in soy sauce (tsukudani)"
10,10364,＜その他＞　あみ　塩辛,63.7,12.9,1.1,-,21.5,62,460,270,7800,280,82,0.5,0.8,0.70,0.13,-,-,65,(0),2.4,0.07,0.07,1.8,0.09,2.7,22,0.61,"{""baseName"":""あみ"",""variety"":""塩辛"",""notes"":[""その他""]}",あみの塩辛は発酵・塩漬けの加工品で塩分や強い風味があるため素材としては適さない。,3,1,1,(540),(810),(870),(280),(150),(420),(470),(360),(820),(500),(120),(580),(250),(580),0.58,0.25,0.21,0.04,10,5,100,91,19,57.3,171971,135.4,"Tiny shrimp (ami), salted (shiokara)"
10,10365,＜その他＞　うに　生うに,73.8,16.0,4.8,(0),2.1,109,12,390,220,340,27,0.9,2.0,0.05,0.05,-,-,0,(0),3.6,0.10,0.44,1.1,0.15,1.3,360,0.72,"{""baseName"":""うに"",""variety"":""生うに"",""notes"":[""その他""]}",海産の珍味でタンパク源にはなるがアレルギーや塩分の点で注意が必要。,6,1,1,620,930,960,360,260,620,540,580,1100,680,200,770,310,980,2.43,1.02,0.73,0.29,56,38,400,25,180,108.35,175132,335.4,"Sea urchin, raw"
10,10366,＜その他＞　うに　粒うに,51.8,17.2,5.8,(0),9.6,172,46,310,3300,280,63,1.1,1.9,0.10,0.05,-,-,Tr,(0),3.6,0.14,0.65,1.4,0.07,5.4,98,1.32,"{""baseName"":""うに"",""variety"":""粒うに"",""notes"":[""その他""]}",うには海産の蛋白質源だが風味が強く稀な素材で、少量で用いるのが無難,6,1,1,(670),(1000),(1000),(390),(280),(670),(580),(620),(1200),(730),(210),(820),(330),(1100),3.33,0.89,0.49,0.39,150,51,260,25,180,164.1,175132,335.4,"Sea urchin, salted roe"
10,10367,＜その他＞　うに　練りうに,53.1,13.5,2.9,(0),8.1,166,38,220,2800,230,41,1.8,1.3,0.06,0.05,-,-,Tr,(0),4.4,Tr,0.30,0.7,0.06,4.8,87,1.22,"{""baseName"":""うに"",""variety"":""練りうに"",""notes"":[""その他""]}",海産の練り物でたんぱく源となるが風味や塩分が強いことがあるため注意が必要,7,1,1,(530),(780),(810),(310),(220),(530),(450),(490),(940),(570),(170),(650),(260),(830),2.00,0.39,0.17,0.21,110,21,85,10,71,150.3,175132,335.4,"Sea urchin, paste"
10,10368,＜その他＞　おきあみ　生,78.5,15.0,3.2,-,3.1,84,360,310,420,320,85,0.8,1.0,2.30,0.15,-,-,180,(0),2.5,0.15,0.26,1.9,0.09,6.2,49,0.50,"{""baseName"":""おきあみ"",""state"":""生"",""notes"":[""その他""]}",動物性の良質なタンパク源だが殻や加熱の有無で消化性・安全性が変わるため注意が必要。,6,1,1,620,940,1000,320,170,490,540,410,950,580,140,680,290,680,2.05,0.70,0.65,0.05,38,16,350,200,8,80.4,175179,,"Krill, raw"
10,10369,＜その他＞　おきあみ　ゆで,79.8,13.8,3.0,-,3.4,78,350,310,620,200,110,0.6,0.9,1.83,0.11,-,-,150,(0),2.2,0.21,0.25,1.4,0.07,4.0,36,0.30,"{""baseName"":""おきあみ"",""state"":""ゆで"",""notes"":[""その他""]}",茹でたおきあみは海産の良いタンパク源だが塩分・加工度に注意,8,1,1,(570),(860),(930),(300),(160),(450),(500),(380),(880),(540),(130),(620),(270),(630),1.99,0.80,0.70,0.06,40,40,320,200,8,73.8,172008,,"Krill, boiled"
10,10370,＜その他＞　くらげ　塩蔵　塩抜き,94.2,5.2,0.1,(0),0.5,21,2,26,110,1,4,0.3,Tr,0.06,Tr,-,-,0,(0),0,Tr,0.01,0,0,0.2,3,0,"{""baseName"":""くらげ"",""variety"":""塩蔵"",""state"":""塩抜き"",""notes"":[""その他""]}",塩抜き済みのくらげは低脂肪で問題なく、食感や栄養面は限定的だが使用可能,7,0,1,,,,,,,,,,,,,,,0.04,0,0,0,Tr,0,0,0,0,19.05,168129,95,"Salted jellyfish, desalinated"
10,10371,＜その他＞　しゃこ　ゆで,77.2,19.2,1.7,(0),1.7,89,88,250,310,230,40,0.8,3.3,3.46,0.13,-,-,180,(0),2.8,0.26,0.13,1.2,0.06,13.0,15,0.30,"{""baseName"":""しゃこ"",""state"":""ゆで"",""notes"":[""その他""]}",ゆでしゃこ（むきみ）は加熱済みのえび類で動物性タンパク源として利用できる,8,1,1,870,1400,1600,470,220,690,730,680,1400,800,220,950,470,1500,0.80,0.32,0.26,0.06,10,2,110,120,34,82.35,174204,,"Mantis shrimp, boiled"
10,10372,＜その他＞　なまこ　生,92.2,4.6,0.3,(0),2.4,22,72,25,680,54,160,0.1,0.2,0.04,0.03,78,37,0,(0),0.4,0.05,0.02,0.1,0.04,2.3,4,0.71,"{""baseName"":""なまこ"",""state"":""生"",""notes"":[""その他""]}",なまこは海産の良質タンパク源で、内臓等を除去すれば利用可能です。,8,1,1,150,200,150,61,51,110,120,110,230,230,35,180,48,330,0.13,0.05,0.03,0.02,2,1,16,6,14,20.4,168457,12.8,"Sea cucumber, raw"
10,10373,＜その他＞　なまこ　このわた,80.2,11.4,1.8,(0),6.1,54,41,170,1800,330,95,4.0,1.4,0.10,0.44,-,-,60,(0),0.4,0.20,0.50,4.6,0.13,11.0,78,2.13,"{""baseName"":""なまこ"",""variety"":""このわた"",""notes"":[""その他""]}",このわたは塩辛い内臓加工品で塩分や風味が強く素材としては制限が必要,4,0,1,,,,,,,,,,,,,,,0.65,0.35,0.23,0.10,5,1,160,44,70,56.95,167618,,"Sea cucumber, entrails (konowata)"
10,10374,＜その他＞　ほや　生,88.8,5.0,0.8,(0),4.6,27,32,55,1300,570,41,5.7,5.3,0.19,-,-,-,Tr,(0),1.2,0.01,0.13,0.5,0.02,3.8,32,0.33,"{""baseName"":""ほや"",""state"":""生"",""notes"":[""その他""]}",ほやは海産のタンパク源だが風味やアレルギー、加熱の可否を考慮する必要がある,6,0,1,,,,,,,,,,,,,,,0.47,0.23,0.21,0.01,7,4,130,55,5,27.1,168978,,"Sea squirt, raw"
10,10375,＜その他＞　ほや　塩辛,79.7,11.6,1.1,(0),3.8,69,14,75,1400,79,25,3.0,2.5,0.10,0.08,-,-,Tr,(0),1.3,0.01,0.18,0.6,0.03,5.6,13,0.07,"{""baseName"":""ほや"",""variety"":""塩辛"",""notes"":[""その他""]}",塩辛は塩分や風味が強い加工食品であり使用は限定的にすべき,5,0,1,,,,,,,,,,,,,,,0.61,0.29,0.25,0.03,15,4,140,67,13,63.25,168978,,"Sea squirt, salted (shiokara)"
10,10376,＜水産練り製品＞　かに風味かまぼこ,75.6,12.1,0.5,(0),2.6,89,120,77,850,76,19,0.2,0.2,0.04,0.02,-,-,21,1,0.9,0.01,0.04,0.2,0.01,0.7,3,0.08,"{""baseName"":""かに風味かまぼこ"",""notes"":[""水産練り製品""]}",魚すり身の加工品で塩分や添加物があるがタンパク源として利用可能。,6,1,1,(650),(1100),(1200),(370),(180),(550),(470),(450),(920),(590),(140),(690),(270),(800),0.36,0.16,0.11,0.05,36,6,33,63,6,78.8,174203,13,Imitation crab (surimi)
10,10423,＜水産練り製品＞　黒はんぺん,70.4,11.2,2.9,0.9,1.9,119,110,150,560,110,17,1.0,0.6,0.07,0.05,13,30,4,4.8,0.1,Tr,0.10,2.4,0.10,4.8,3,0.25,"{""baseName"":""黒はんぺん"",""notes"":[""水産練り製品""]}",黒はんぺんは魚由来の練り製品で利用できるが調味や添加物に注意,6,1,1,510,880,990,320,110,420,440,350,790,540,140,580,400,650,1.89,0.52,0.41,0.08,45,22,150,160,18,108.3,173865,69.4,Black hanpen
10,10377,＜水産練り製品＞　昆布巻きかまぼこ,76.4,8.9,0.5,-,3.2,83,70,55,950,430,39,0.3,0.2,0.03,0.03,-,-,Tr,Tr,0.3,0.03,0.08,0.4,0.01,0,7,0.05,"{""baseName"":""昆布巻きかまぼこ"",""notes"":[""水産練り製品""]}",昆布巻きかまぼこは魚由来でタンパク源になるが加工品で塩分・添加物に注意が必要,6,0,1,,,,,,,,,,,,,,,0.30,0.06,0.05,0.01,7,1,16,23,6,73.9,173702,,Kombu-maki fish cake
10,10378,＜水産練り製品＞　す巻きかまぼこ,75.8,12.0,0.8,(0),2.7,89,25,60,870,85,13,0.2,0.2,0.03,0.03,-,-,Tr,1,0.3,Tr,0.01,0.5,0.01,0.5,2,0.06,"{""baseName"":""す巻きかまぼこ"",""notes"":[""水産練り製品""]}",魚のすり身を原料とする練り製品で良質なたんぱく源だが加工品のためやや加工度が高い。,7,1,1,(650),(1100),(1200),(370),(180),(550),(470),(440),(910),(590),(140),(680),(260),(790),0.62,0.25,0.11,0.14,130,14,31,61,5,79.25,173702,,Su-maki fish cake
10,10379,＜水産練り製品＞　蒸しかまぼこ,74.4,12.0,0.9,(0),3.0,93,25,60,1000,110,14,0.3,0.2,0.03,0.03,-,-,Tr,2,0.2,Tr,0.01,0.5,0.01,0.3,5,0,"{""baseName"":""蒸しかまぼこ"",""notes"":[""水産練り製品""]}",蒸しかまぼこは加工食品だが魚由来のタンパク質源として使える可能性がある,6,1,1,650,1100,1200,370,180,550,470,440,910,590,140,680,260,790,0.45,0.23,0.21,0.01,7,1,75,130,5,83.6,173702,,Steamed fish cake (kamaboko)
10,10380,＜水産練り製品＞　焼き抜きかまぼこ,72.8,16.2,1.0,(0),2.6,102,25,60,930,100,16,0.2,0.2,0.02,0.05,-,-,Tr,2,0.3,0.05,0.08,0.7,0.02,0.1,2,0.04,"{""baseName"":""焼き抜きかまぼこ"",""notes"":[""水産練り製品""]}",かまぼこは魚由来の加工品で使用可能だが、加工調味や塩分に注意が必要。,7,1,1,(870),(1400),(1600),(490),(240),(740),(630),(600),(1200),(800),(190),(920),(360),(1100),0.76,0.20,0.16,0.03,9,2,39,110,17,91.1,173702,,Grilled fish cake (kamaboko)
10,10381,＜水産練り製品＞　焼き竹輪,70.2,13.2,0.4,(0),2.7,107,48,100,990,57,17,0.2,0.3,0.02,0.02,11,30,11,1,0.3,0.01,0.05,0.3,0.01,0.8,2,0.04,"{""baseName"":""焼き竹輪"",""notes"":[""水産練り製品""]}",焼き竹輪は魚原料の練り製品でタンパク源になるが加工品のため塩分等に注意が必要,6,1,1,660,1200,1300,430,140,140,530,500,1000,690,160,710,340,880,0.37,0.17,0.12,0.05,47,7,39,65,4,96.85,173702,,Grilled chikuwa
10,10382,＜水産練り製品＞　だて巻,58.8,14.6,7.5,(0),1.5,190,25,120,350,110,11,0.5,0.6,0.04,0.03,-,-,60,1,1.8,0.04,0.20,0.2,0.03,0.3,16,0.52,"{""baseName"":""だて巻"",""notes"":[""水産練り製品""]}",魚練りや卵を使った加工食品。甘辛く味付けされているため塩分・糖分が多めで注意が必要。,4,0,1,,,,,,,,,,,,,,,6.00,1.26,0.23,1.03,920,120,18,84,70,176.45,167636,,Datemaki (sweet rolled omelet with fish paste)
10,10383,＜水産練り製品＞　つみれ,75.4,12.0,4.3,(0),1.8,104,60,120,570,180,17,1.0,0.6,0.06,0.06,-,-,Tr,5,0.2,0.02,0.20,4.5,0.09,2.2,3,0.15,"{""baseName"":""つみれ"",""notes"":[""水産練り製品""]}",つみれは魚由来の練り製品で蛋白源として使えるが加工品である点に留意,6,0,1,,,,,,,,,,,,,,,2.52,0.89,0.71,0.13,80,25,250,330,29,101.3,175160,,Fish ball (tsumire)
10,10384,＜水産練り製品＞　なると,77.8,7.6,0.4,(0),2.6,80,15,110,800,160,11,0.5,0.2,0.01,0.02,-,-,Tr,Tr,0.1,Tr,0.01,0.7,Tr,0.4,1,0.04,"{""baseName"":""なると"",""notes"":[""水産練り製品""]}",魚のすり身製品で加工度が高く塩分等に注意が必要だが素材として使える。,6,0,1,,,,,,,,,,,,,,,0.26,0.08,0.07,0.01,7,1,23,38,3,70.6,173702,,Naruto (fish cake with swirl)
10,10385,＜水産練り製品＞　はんぺん,75.7,9.9,1.0,(0),2.0,93,15,110,590,160,13,0.5,0.1,0.02,0.01,-,-,Tr,Tr,0.4,Tr,0.01,0.7,0.07,0.4,7,0.10,"{""baseName"":""はんぺん"",""notes"":[""水産練り製品""]}",はんぺんは魚由来の加工品で使えるが加工度が高く塩分・添加物に注意,6,0,1,,,,,,,,,,,,,,,0.82,0.44,0.08,0.36,360,42,10,24,3,83.05,173702,,Hanpen (fish cake)
10,10386,＜水産練り製品＞　さつま揚げ,70,11.3,2.4,(0),2.4,116,20,110,800,79,16,0.1,0.2,0.03,0.03,18,15,6,0.9,0.4,0.01,0.03,0.8,0.02,0.9,3,0.05,"{""baseName"":""さつま揚げ"",""notes"":[""水産練り製品""]}",さつま揚げは魚由来ではあるが加工品で塩分や添加物があるため素材適性は中程度,6,1,1,540,940,1100,320,110,110,430,410,830,560,130,590,280,710,2.07,1.23,0.24,0.99,980,120,37,68,6,108.6,173702,,Satsuma-age (fried fish cake)
10,10387,＜水産練り製品＞　魚肉ハム,66.0,13.4,6.7,(0),2.8,155,45,50,900,110,15,1.0,0.7,0.06,0.11,-,-,Tr,1.6,0.6,0.20,0.60,5.0,0.05,0.4,5,0.21,"{""baseName"":""魚肉ハム"",""notes"":[""水産練り製品""]}",魚肉ハムは加工品で塩分・添加物が含まれるため素材としてはやや加工度が高い,5,1,1,(660),(1100),(1100),(350),(200),(550),(530),(420),(960),(570),(140),(710),(300),(850),5.85,1.00,0.21,0.79,730,27,46,89,21,142.7,174199,92.3,Fish ham
10,10388,＜水産練り製品＞　魚肉ソーセージ,66.1,11.5,7.2,(0),2.6,158,100,200,810,70,11,1.0,0.4,0.06,0.11,-,-,Tr,0.9,0.2,0.20,0.60,5.0,0.02,0.3,4,0.06,"{""baseName"":""魚肉ソーセージ"",""notes"":[""水産練り製品""]}",魚肉ソーセージは加工品で塩分や添加物が含まれるが、素材として利用可能な範囲,5,1,1,560,930,950,300,170,470,460,360,820,490,120,610,250,730,6.23,0.91,0.10,0.81,780,24,18,50,7,145.55,171618,72.8,Fish sausage
11,11001,＜畜肉類＞　いのしし　肉　脂身つき　生,60.1,18.8,19.8,(0),0.8,249,4,170,45,270,20,2.5,3.2,0.12,0.01,0,11,4,0.4,0.5,0.24,0.29,5.2,0.35,1.7,1,1.02,"{""baseName"":""いのしし"",""variety"":""肉"",""formModifiers"":[""脂身つき""],""state"":""生"",""notes"":[""畜肉類""]}",良質な肉類でタンパク源として適するが加熱と寄生虫対策が必要。,9,1,1,(880),(1500),(1700),(520),(220),(740),(760),(680),(1400),(930),(230),(970),(800),(1300),17.74,2.55,0.05,2.50,2300,47,0,0,60,235.85,175297,,"Wild boar, meat with fat, raw"
11,11002,＜畜肉類＞　いのぶた　肉　脂身つき　生,56.7,18.1,24.1,(0),0.8,275,4,150,50,280,19,0.8,1.8,0.06,0.01,-,-,11,1.1,0.4,0.62,0.16,6.2,0.48,0.7,Tr,1.23,"{""baseName"":""いのぶた"",""variety"":""肉"",""formModifiers"":[""脂身つき""],""state"":""生"",""notes"":[""畜肉類""]}",猪豚（いのぶた）肉は良質な動物性タンパク源でレシピ素材として適している。,9,1,1,(850),(1500),(1600),(510),(210),(710),(730),(660),(1400),(900),(220),(930),(770),(1300),22.20,2.81,0.29,2.51,2300,140,14,75,53,269.25,168222,,"Boar-pig hybrid, meat with fat, raw"
11,11003,＜畜肉類＞　うさぎ　肉　赤肉　生,72.2,20.5,6.3,(0),1.0,131,5,300,35,400,27,1.3,1.0,0.05,0.01,-,-,3,0,0.5,0.10,0.19,8.5,0.53,5.6,7,0.74,"{""baseName"":""うさぎ"",""variety"":""肉"",""formModifiers"":[""赤肉""],""state"":""生"",""notes"":[""畜肉類""]}",ウサギ肉（赤肉）は低脂肪で良質なたんぱく源として犬に適している,9,1,1,1000,1700,2000,590,230,820,840,770,1600,1000,240,1100,1000,1300,4.49,1.29,0.13,1.16,1000,130,0,0,140,125.3,172521,,"Rabbit, lean meat, raw"
11,11004,＜畜肉類＞　うし　［和牛肉］　かた　脂身つき　生,58.8,17.7,22.3,(0),0.9,258,4,150,47,280,19,0.9,4.9,0.07,0,-,-,Tr,0,0.4,0.08,0.21,4.3,0.32,1.5,6,1.00,"{""baseName"":""うし"",""part"":""かた"",""formModifiers"":[""脂身つき""],""state"":""生"",""notes"":[""畜肉類"",""和牛肉""]}",和牛のかた（生）は良質なたんぱく源で犬のレシピ素材として非常に適している。,9,0,1,,,,,,,,,,,,,,,19.71,0.66,0.03,0.64,560,26,0,0,35,252.55,173978,,"Beef, Wagyu, chuck, meat with fat, raw"
11,11005,＜畜肉類＞　うし　［和牛肉］　かた　皮下脂肪なし　生,60.7,18.3,19.8,(0),0.9,239,4,160,48,290,19,0.8,5.1,0.08,0,-,-,Tr,0,0.4,0.08,0.22,4.5,0.33,1.6,6,1.04,"{""baseName"":""うし"",""part"":""かた"",""formModifiers"":[""皮下脂肪なし""],""state"":""生"",""notes"":[""畜肉類"",""和牛肉""]}",牛肉は良質なタンパク源で犬のレシピ素材として適する,9,0,1,,,,,,,,,,,,,,,17.48,0.61,0.02,0.59,510,23,0,0,37,233.4,173978,,"Beef, Wagyu, chuck, no subcutaneous fat, raw"
11,11006,＜畜肉類＞　うし　［和牛肉］　かた　赤肉　生,66.3,20.2,12.2,(0),1.0,183,4,170,52,320,21,2.7,5.7,0.09,0,-,-,0,0,0.3,0.09,0.24,4.9,0.37,1.7,7,1.14,"{""baseName"":""うし"",""part"":""かた"",""formModifiers"":[""赤肉""],""state"":""生"",""notes"":[""畜肉類"",""和牛肉""]}",和牛の赤肉は良質なタンパク源で犬の素材として適している,9,0,1,,,,,,,,,,,,,,,10.68,0.44,0.01,0.43,350,13,0,0,41,175.45,173966,,"Beef, Wagyu, chuck, lean, raw"
11,11007,＜畜肉類＞　うし　［和牛肉］　かた　脂身　生,17.8,4.0,78.0,(0),0.2,692,2,35,19,81,4,0.6,0.4,0.02,0,-,-,3,0,0.9,0.02,0.03,1.0,0.06,0.5,1,0.24,"{""baseName"":""うし"",""part"":""かた"",""formModifiers"":[""脂身""],""state"":""生"",""notes"":[""畜肉類"",""和牛肉""]}",牛の脂身は高脂肪で膵炎リスクがあるため使用は慎重にすべき,6,0,1,,,,,,,,,,,,,,,69.55,1.89,0.10,1.80,1700,97,0,0,0,677,173968,,"Beef, Wagyu, chuck, fat, raw"
11,11008,＜畜肉類＞　うし　［和牛肉］　かたロース　脂身つき　生,47.9,13.8,37.4,(0),0.7,380,3,120,42,210,14,0.7,4.6,0.06,0.01,-,-,3,0,0.5,0.06,0.17,3.2,0.18,1.1,6,0.90,"{""baseName"":""うし"",""part"":""かたロース"",""formModifiers"":[""脂身つき""],""state"":""生"",""notes"":[""畜肉類"",""和牛肉""]}",和牛のかたロースは良質なタンパク源・脂質源で犬の素材として非常に適している。,10,1,1,(630),(1100),(1200),(360),(160),(520),(570),(480),(1100),(620),(160),(700),(500),(900),(33.41),(1.06),(0.04),(1.01),(920),(45),(0),(0),(23),366.9,171729,,"Beef, Wagyu, chuck roll, meat with fat, raw"
11,11009,＜畜肉類＞　うし　［和牛肉］　かたロース　皮下脂肪なし　生,48.6,14.0,36.5,(0),0.7,373,3,120,42,210,14,0.7,4.6,0.06,0.01,-,-,3,0,0.5,0.06,0.17,3.3,0.18,1.1,6,0.91,"{""baseName"":""うし"",""part"":""かたロース"",""formModifiers"":[""皮下脂肪なし""],""state"":""生"",""notes"":[""畜肉類"",""和牛肉""]}",和牛かたロースは良質なタンパク源だが脂肪が多めで調整が必要,8,1,1,(640),(1200),(1300),(360),(160),(520),(580),(490),(1100),(630),(170),(700),(510),(910),(32.60),(1.04),(0.04),(0.99),(900),(44),(0),(0),(23),359.95,171729,,"Beef, Wagyu, chuck roll, no subcutaneous fat, raw"
11,11010,＜畜肉類＞　うし　［和牛肉］　かたロース　赤肉　生,56.4,16.5,26.1,(0),0.8,293,3,140,49,240,16,2.4,5.6,0.07,0.01,-,-,3,0,0.4,0.07,0.21,3.8,0.21,1.2,7,1.07,"{""baseName"":""うし"",""part"":""かたロース"",""formModifiers"":[""赤肉""],""state"":""生"",""notes"":[""畜肉類"",""和牛肉""]}",牛肉は良質な動物性たんぱく源で犬のレシピ素材として適している,9,1,1,(760),(1400),(1500),(430),(190),(620),(680),(580),(1300),(750),(200),(820),(600),(1100),23.29,0.83,0.03,0.80,700,32,0,0,28,280.3,173978,,"Beef, Wagyu, chuck roll, lean, raw"
11,11011,＜畜肉類＞　うし　［和牛肉］　リブロース　脂身つき　生,34.5,9.7,56.5,(0),0.4,514,2,84,39,150,10,1.2,2.6,0.03,0,1,8,10,0,0.6,0.04,0.09,2.4,0.15,1.1,3,0.35,"{""baseName"":""うし"",""part"":""リブロース"",""formModifiers"":[""脂身つき""],""state"":""生"",""notes"":[""畜肉類"",""和牛肉""]}",和牛リブロースは良質なたんぱく源で犬の素材として適切だが脂肪が多めである。,9,1,1,430,760,820,230,110,340,390,330,720,440,100,490,340,640,51.00,1.39,0.07,1.32,1200,68,0,0,31,514.2,171730,,"Beef, Wagyu, rib roast, meat with fat, raw"
11,11249,＜畜肉類＞　うし　［和牛肉］　リブロース　脂身つき　ゆで,29.2,12.6,58.2,(0),0.3,539,2,62,20,75,8,1.4,3.2,0.03,0,1,9,8,0,0.7,0.03,0.08,1.6,0.13,1.2,3,0.20,"{""baseName"":""うし"",""part"":""リブロース"",""formModifiers"":[""脂身つき""],""state"":""ゆで"",""notes"":[""畜肉類"",""和牛肉""]}",ゆでリブロースは良質な牛肉たんぱくだが脂身が多い点に配慮が必要,9,1,1,570,1000,1100,340,150,480,530,450,980,610,140,650,400,880,52.39,1.40,0.07,1.33,1200,65,0,0,27,538.8,171729,,"Beef, Wagyu, rib roast, meat with fat, boiled"
11,11248,＜畜肉類＞　うし　［和牛肉］　リブロース　脂身つき　焼き,27.7,14.6,56.8,(0),0.6,541,3,110,50,200,13,1.6,3.6,0.04,0,1,11,7,0,0.7,0.05,0.12,3.2,0.19,1.7,5,0.49,"{""baseName"":""うし"",""part"":""リブロース"",""formModifiers"":[""脂身つき""],""state"":""焼き"",""notes"":[""畜肉類"",""和牛肉""]}",焼いた和牛リブロースは良質なタンパク源で犬のレシピ素材として適している,9,1,1,640,1200,1200,340,150,500,590,500,1100,680,150,720,510,1000,51.90,1.33,0.06,1.27,1200,64,0,0,26,534.95,171741,,"Beef, Wagyu, rib roast, meat with fat, grilled"
11,11012,＜畜肉類＞　うし　［和牛肉］　リブロース　皮下脂肪なし　生,36.1,10.3,54.4,(0),0.5,502,3,88,41,160,10,1.3,2.8,0.03,0,1,8,10,0,0.6,0.04,0.09,2.6,0.16,1.2,4,0.37,"{""baseName"":""うし"",""part"":""リブロース"",""formModifiers"":[""皮下脂肪なし""],""state"":""生"",""notes"":[""畜肉類"",""和牛肉""]}",和牛リブロースは良質なタンパク源で犬のレシピ素材として非常に適している。,10,1,1,490,870,940,270,120,390,440,380,820,510,120,560,380,720,49.22,1.33,0.06,1.27,1200,65,0,0,30,498.45,171729,,"Beef, Wagyu, rib roast, no subcutaneous fat, raw"
11,11013,＜畜肉類＞　うし　［和牛肉］　リブロース　赤肉　生,47.2,14.0,40.0,(0),0.6,395,3,120,53,210,14,1.7,3.9,0.04,0,1,11,6,0,0.4,0.05,0.13,3.5,0.23,1.5,5,0.50,"{""baseName"":""うし"",""part"":""リブロース"",""formModifiers"":[""赤肉""],""state"":""生"",""notes"":[""畜肉類"",""和牛肉""]}",牛リブロースは良質なタンパク源で犬の素材として適切,9,1,1,660,1200,1300,370,160,530,580,510,1100,690,170,720,510,920,36.76,0.97,0.04,0.93,850,44,0,0,28,389,171741,,"Beef, Wagyu, rib roast, lean, raw"
11,11014,＜畜肉類＞　うし　［和牛肉］　リブロース　脂身　生,17.7,4.2,78.0,(0),0.2,674,2,39,20,69,4,0.6,0.9,0.01,0,Tr,4,15,0,0.9,0.02,0.03,1.0,0.05,0.7,2,0.15,"{""baseName"":""うし"",""part"":""リブロース"",""formModifiers"":[""脂身""],""state"":""生"",""notes"":[""畜肉類"",""和牛肉""]}",和牛リブロース脂身はエネルギー源になるが脂質が高い点に注意が必要,8,1,1,170,330,320,91,51,140,190,130,310,180,31,260,140,350,69.65,1.93,0.10,1.83,1700,99,0,0,34,677.7,173968,,"Beef, Wagyu, rib roast, fat, raw"
11,11015,＜畜肉類＞　うし　［和牛肉］　サーロイン　脂身つき　生,40.0,11.7,47.5,(0),0.5,460,3,100,32,180,12,0.9,2.8,0.05,0,-,-,3,0,0.6,0.05,0.12,3.6,0.23,1.1,5,0.66,"{""baseName"":""うし"",""part"":""サーロイン"",""formModifiers"":[""脂身つき""],""state"":""生"",""notes"":[""畜肉類"",""和牛肉""]}",牛サーロインは良質なたんぱく源だが脂肪分が高い点に注意が必要,8,1,1,(530),(960),(1000),(300),(140),(430),(490),(400),(890),(530),(130),(600),(420),(780),(42.46),(1.12),(0.05),(1.07),(1000),(54),(0),(0),(16),445.75,171729,,"Beef, Wagyu, sirloin, meat with fat, raw"
11,11016,＜畜肉類＞　うし　［和牛肉］　サーロイン　皮下脂肪なし　生,43.7,12.9,42.5,(0),0.6,422,3,110,34,200,13,0.8,3.1,0.05,0,-,-,3,0,0.5,0.05,0.13,4.0,0.26,1.1,6,0.72,"{""baseName"":""うし"",""part"":""サーロイン"",""formModifiers"":[""皮下脂肪なし""],""state"":""生"",""notes"":[""畜肉類"",""和牛肉""]}",和牛サーロイン（生）は良質なたんぱく・脂質源で犬のレシピ素材として理想的,10,1,1,630,1100,1200,380,160,540,550,460,1000,680,150,670,530,840,(37.99),(1.00),(0.05),(0.96),(910),(47),(0),(0),(18),407.45,171729,,"Beef, Wagyu, sirloin, no subcutaneous fat, raw"
11,11017,＜畜肉類＞　うし　［和牛肉］　サーロイン　赤肉　生,55.9,17.1,25.8,(0),0.8,294,4,150,42,260,18,2.0,4.2,0.07,0,-,-,2,0,0.4,0.07,0.17,5.3,0.35,1.4,8,0.93,"{""baseName"":""うし"",""part"":""サーロイン"",""formModifiers"":[""赤肉""],""state"":""生"",""notes"":[""畜肉類"",""和牛肉""]}",赤身肉は良質なタンパク源で使用可能だが、脂肪量や調理状態に留意,9,1,1,(790),(1400),(1500),(440),(200),(640),(710),(600),(1300),(780),(200),(850),(620),(1100),23.05,0.62,0.03,0.59,540,27,0,0,25,280.55,173978,,"Beef, Wagyu, sirloin, lean, raw"
11,11018,＜畜肉類＞　うし　［和牛肉］　ばら　脂身つき　生,38.4,11.0,50.0,(0),0.5,472,4,87,44,160,10,1.4,3.0,0.09,0,-,-,3,0,0.6,0.04,0.11,3.1,0.16,1.2,2,0.74,"{""baseName"":""うし"",""part"":""ばら"",""formModifiers"":[""脂身つき""],""state"":""生"",""notes"":[""畜肉類"",""和牛肉""]}",和牛ばら（脂身つき）は風味は良いが脂肪が多く、高脂肪食に注意が必要。,8,1,1,(490),(890),(960),(270),(120),(400),(450),(370),(820),(490),(120),(550),(410),(750),43.55,1.12,0.05,1.07,1000,52,0,0,18,463.85,171729,,"Beef, Wagyu, short plate, meat with fat, raw"
11,11019,＜畜肉類＞　うし　［和牛肉］　もも　脂身つき　生,61.2,19.2,18.7,(0),1.0,235,4,160,45,320,22,2.5,4.0,0.07,0.01,-,-,Tr,0,0.3,0.09,0.20,5.6,0.34,1.2,8,1.09,"{""baseName"":""うし"",""part"":""もも"",""formModifiers"":[""脂身つき""],""state"":""生"",""notes"":[""畜肉類"",""和牛肉""]}",和牛のもも（脂身つき）は良質な動物性タンパクと脂質を含み、犬の素材として理想的。,10,1,1,(880),(1600),(1700),(520),(220),(730),(790),(670),(1500),(870),(240),(950),(790),(1200),16.06,0.54,0.02,0.51,460,22,0,0,28,226.15,171742,,"Beef, Wagyu, round, meat with fat, raw"
11,11020,＜畜肉類＞　うし　［和牛肉］　もも　皮下脂肪なし　生,63.4,20.2,15.5,(0),1.0,212,4,170,47,330,23,2.7,4.3,0.08,0.01,1,14,0,0,0.2,0.09,0.21,5.9,0.36,1.2,9,1.14,"{""baseName"":""うし"",""part"":""もも"",""formModifiers"":[""皮下脂肪なし""],""state"":""生"",""notes"":[""畜肉類"",""和牛肉""]}",牛もも（皮下脂肪なし・生）は高品質のタンパク・脂質源で理想的な素材。,10,1,1,960,1700,1800,550,230,780,840,740,1600,1000,250,1000,840,1300,13.23,0.40,0.01,0.39,350,14,0,0,19,202.45,171732,,"Beef, Wagyu, round, no subcutaneous fat, raw"
11,11251,＜畜肉類＞　うし　［和牛肉］　もも　皮下脂肪なし　ゆで,50.1,25.7,23.3,(0),0.6,302,4,120,23,120,15,3.4,6.4,0.10,0,Tr,19,0,0,0.4,0.05,0.19,3.3,0.23,1.3,6,0.89,"{""baseName"":""うし"",""part"":""もも"",""formModifiers"":[""皮下脂肪なし""],""state"":""ゆで"",""notes"":[""畜肉類"",""和牛肉""]}",ゆでた和牛もも（皮下脂肪なし）は良質な赤身たんぱくで犬の理想的な素材,10,1,1,1300,2200,2500,730,300,1000,1100,990,2100,1300,340,1300,860,1800,19.92,0.69,0.03,0.66,570,26,0,0,50,289.05,171742,,"Beef, Wagyu, round, no subcutaneous fat, boiled"
11,11250,＜畜肉類＞　うし　［和牛肉］　もも　皮下脂肪なし　焼き,49.5,27.7,22.7,(0),1.1,300,5,190,50,350,25,3.8,6.3,0.10,0,Tr,19,0,0,0.4,0.09,0.24,6.6,0.35,1.9,7,1.18,"{""baseName"":""うし"",""part"":""もも"",""formModifiers"":[""皮下脂肪なし""],""state"":""焼き"",""notes"":[""畜肉類"",""和牛肉""]}",焼き調理された牛ももは調理済みの良質なタンパク源で使いやすい,9,1,1,1300,2300,2500,730,310,1000,1200,1000,2200,1400,340,1400,1000,1800,19.59,0.67,0.03,0.64,540,24,0,0,49,289.9,173055,,"Beef, Wagyu, round, no subcutaneous fat, grilled"
11,11021,＜畜肉類＞　うし　［和牛肉］　もも　赤肉　生,67.0,21.3,10.7,(0),1.0,176,4,180,48,350,24,2.8,4.5,0.08,0.01,-,-,0,0,0.2,0.10,0.22,6.2,0.38,1.3,9,1.19,"{""baseName"":""うし"",""part"":""もも"",""formModifiers"":[""赤肉""],""state"":""生"",""notes"":[""畜肉類"",""和牛肉""]}",和牛の赤肉は高品質なタンパク源で犬のレシピ素材として適切である。,9,1,1,(990),(1800),(1900),(580),(240),(820),(880),(750),(1600),(980),(270),(1100),(880),(1400),9.23,0.39,0.01,0.38,330,13,0,0,31,165.5,173966,,"Beef, Wagyu, round, lean, raw"
11,11022,＜畜肉類＞　うし　［和牛肉］　もも　脂身　生,20.3,4.4,75.4,(0),0.3,664,2,44,24,99,5,0.8,0.6,0.02,0,-,-,3,0,0.7,0.02,0.02,1.3,0.07,0.4,1,0.35,"{""baseName"":""うし"",""part"":""もも"",""formModifiers"":[""脂身""],""state"":""生"",""notes"":[""畜肉類"",""和牛肉""]}",牛もも（脂身部）は良質な動物性原料だが脂肪が多めで量に注意が必要,7,1,1,(120),(260),(260),(68),(42),(110),(150),(97),(250),(140),(25),(190),(130),(340),66.12,1.58,0.09,1.50,1400,87,0,0,0,656.3,173968,,"Beef, Wagyu, round, fat, raw"
11,11023,＜畜肉類＞　うし　［和牛肉］　そともも　脂身つき　生,60.8,17.8,20.0,(0),0.9,244,3,170,46,310,20,1.1,3.7,0.07,0,-,-,1,0,0.3,0.08,0.18,5.7,0.39,1.1,5,0.89,"{""baseName"":""うし"",""part"":""そともも"",""formModifiers"":[""脂身つき""],""state"":""生"",""notes"":[""畜肉類"",""和牛肉""]}",和牛そとももは良質な動物性タンパク・脂肪源で犬のレシピ素材として適切,9,1,1,(790),(1400),(1600),(460),(200),(660),(740),(620),(1400),(810),(220),(880),(680),(1200),(17.39),(0.51),(0.02),(0.49),(430),(21),(0),(0),(31),234.05,173978,,"Beef, Wagyu, outside round, meat with fat, raw"
11,11024,＜畜肉類＞　うし　［和牛肉］　そともも　皮下脂肪なし　生,63.3,18.7,16.6,(0),0.9,219,3,180,47,320,21,1.0,3.9,0.08,0,-,-,Tr,0,0.2,0.08,0.19,6.0,0.41,1.1,5,0.92,"{""baseName"":""うし"",""part"":""そともも"",""formModifiers"":[""皮下脂肪なし""],""state"":""生"",""notes"":[""畜肉類"",""和牛肉""]}",良質な動物性タンパク源で犬のレシピ素材として適している。,10,1,1,(840),(1500),(1700),(490),(210),(700),(780),(650),(1400),(860),(230),(930),(710),(1200),(14.39),(0.44),(0.02),(0.43),(370),(17),(0),(0),(33),208.3,173974,,"Beef, Wagyu, outside round, no subcutaneous fat, raw"
11,11025,＜畜肉類＞　うし　［和牛肉］　そともも　赤肉　生,69.0,20.7,8.7,(0),1.0,159,3,200,50,360,23,2.4,4.3,0.09,0,-,-,0,0,0.2,0.09,0.22,6.6,0.46,1.2,6,1.00,"{""baseName"":""うし"",""part"":""そともも"",""formModifiers"":[""赤肉""],""state"":""生"",""notes"":[""畜肉類"",""和牛肉""]}",和牛の赤肉は良質なタンパク源で犬のレシピ素材として適している,9,1,1,(940),(1700),(1900),(550),(240),(780),(860),(730),(1600),(960),(260),(1000),(800),(1400),7.44,0.29,0.01,0.28,220,8,0,0,37,148.5,173966,,"Beef, Wagyu, outside round, lean, raw"
11,11026,＜畜肉類＞　うし　［和牛肉］　ランプ　脂身つき　生,53.8,15.1,29.9,(0),0.8,319,3,150,40,260,17,1.4,3.8,0.08,0,-,-,2,0,0.5,0.08,0.19,4.3,0.33,1.2,7,1.22,"{""baseName"":""うし"",""part"":""ランプ"",""formModifiers"":[""脂身つき""],""state"":""生"",""notes"":[""畜肉類"",""和牛肉""]}",和牛ランプは高品質なタンパク質・脂肪源で犬のレシピ素材として適している。,10,1,1,(660),(1200),(1300),(380),(170),(550),(620),(510),(1100),(680),(180),(740),(570),(1000),(26.25),(0.76),(0.03),(0.73),(670),(33),(0),(0),(28),308.4,171740,,"Beef, Wagyu, rump, meat with fat, raw"
11,11027,＜畜肉類＞　うし　［和牛肉］　ランプ　皮下脂肪なし　生,56.3,16.0,26.4,(0),0.9,293,3,150,42,270,18,1.3,4.0,0.08,0,-,-,2,0,0.4,0.09,0.20,4.5,0.35,1.3,8,1.29,"{""baseName"":""うし"",""part"":""ランプ"",""formModifiers"":[""皮下脂肪なし""],""state"":""生"",""notes"":[""畜肉類"",""和牛肉""]}",和牛ランプは良質な赤身たんぱくで犬のレシピ素材に適する。,9,1,1,(700),(1300),(1400),(410),(180),(590),(660),(550),(1200),(720),(190),(790),(600),(1100),(23.18),(0.70),(0.03),(0.67),(610),(29),(0),(0),(30),281.8,171740,,"Beef, Wagyu, rump, no subcutaneous fat, raw"
11,11028,＜畜肉類＞　うし　［和牛肉］　ランプ　赤肉　生,65.7,19.2,13.6,(0),1.0,196,3,180,47,320,22,2.9,4.9,0.10,0,-,-,1,0,0.4,0.10,0.25,5.4,0.42,1.6,9,1.54,"{""baseName"":""うし"",""part"":""ランプ"",""formModifiers"":[""赤肉""],""state"":""生"",""notes"":[""畜肉類"",""和牛肉""]}",牛ランプは良質なタンパク源で犬のレシピ素材として適している,9,1,1,(870),(1600),(1700),(510),(220),(730),(800),(680),(1500),(890),(240),(960),(740),(1300),11.97,0.47,0.01,0.46,390,14,0,0,38,184.55,171732,,"Beef, Wagyu, rump, lean, raw"
11,11029,＜畜肉類＞　うし　［和牛肉］　ヒレ　赤肉　生,64.6,19.1,15.0,(0),1.0,207,3,180,40,340,22,2.5,4.2,0.09,0.01,-,-,1,0,0.4,0.09,0.24,4.3,0.37,1.6,8,1.28,"{""baseName"":""うし"",""part"":""ヒレ"",""formModifiers"":[""赤肉""],""state"":""生"",""notes"":[""畜肉類"",""和牛肉""]}",和牛ヒレは高品質なタンパク源で犬のレシピ素材に適している,9,1,1,(910),(1700),(1800),(530),(220),(750),(820),(690),(1500),(910),(250),(980),(700),(1300),13.18,0.49,0.02,0.47,410,18,0,0,36,195.4,171732,,"Beef, Wagyu, tenderloin, lean, raw"
11,11030,＜畜肉類＞　うし　［乳用肥育牛肉］　かた　脂身つき　生,62.0,17.1,19.8,0,0.9,231,4,160,59,290,18,2.1,4.5,0.07,0.01,Tr,14,5,0,0.4,0.08,0.20,3.9,0.33,2.8,6,1.00,"{""baseName"":""うし"",""part"":""かた"",""formModifiers"":[""脂身つき""],""state"":""生"",""notes"":[""畜肉類"",""乳用肥育牛肉""]}",牛肩肉は良質な蛋白源だが脂身つきは脂肪量が高く消化負担に注意が必要。,8,0,1,,,,,,,,,,,,,,,17.17,0.83,0.03,0.80,710,33,0,0,43,228.85,168672,72.6,"Beef, dairy beef, chuck, meat with fat, raw"
11,11309,＜畜肉類＞　うし　［乳用肥育牛肉］　かた　脂身つき　ゆで,54.9,20.8,23.8,0,0.4,298,3,89,22,88,12,2.3,5.5,0.08,0,0,15,Tr,0,0.5,0.05,0.16,1.7,0.22,3.1,3,0.56,"{""baseName"":""うし"",""part"":""かた"",""formModifiers"":[""脂身つき""],""state"":""ゆで"",""notes"":[""畜肉類"",""乳用肥育牛肉""]}",ゆでた牛かた肉は良質なタンパク源で、調理済みのため犬の素材として適切,9,0,0,,,,,,,,,,,,,,,,,,,,,,,,275.45,169495,70.9,"Beef, dairy beef, chuck, meat with fat, boiled"
11,11310,＜畜肉類＞　うし　［乳用肥育牛肉］　かた　脂身つき　焼き,50.3,23.0,25.5,0,1.0,322,4,170,67,290,20,2.8,5.8,0.10,0,1,15,0,0,0.5,Tr,0.01,6.1,0.05,4.0,50,0.40,"{""baseName"":""うし"",""part"":""かた"",""formModifiers"":[""脂身つき""],""state"":""焼き"",""notes"":[""畜肉類"",""乳用肥育牛肉""]}",赤身と脂肪を含む良質な肉類で犬のレシピ素材として適切,9,0,0,,,,,,,,,,,,,,,,,,,,,,,,297.95,173358,94,"Beef, dairy beef, chuck, meat with fat, grilled"
11,11031,＜畜肉類＞　うし　［乳用肥育牛肉］　かた　皮下脂肪なし　生,65.9,17.9,14.9,(0),0.9,193,4,170,59,310,20,0.9,4.5,0.09,Tr,-,-,4,0,0.4,0.09,0.21,4.3,0.34,2.3,7,1.15,"{""baseName"":""うし"",""part"":""かた"",""formModifiers"":[""皮下脂肪なし""],""state"":""生"",""notes"":[""畜肉類"",""乳用肥育牛肉""]}",牛かた（生）は良質な赤身肉で犬のレシピ素材として理想的,10,0,1,,,,,,,,,,,,,,,12.84,0.67,0.02,0.64,560,24,0,0,44,190.7,172122,75.1,"Beef, dairy beef, chuck, no subcutaneous fat, raw"
11,11032,＜畜肉類＞　うし　［乳用肥育牛肉］　かた　赤肉　生,71.7,20.4,6.7,0,1.0,138,4,190,69,340,22,2.5,5.5,0.08,0.01,1,17,3,0,0.3,0.10,0.24,4.6,0.40,3.4,8,1.16,"{""baseName"":""うし"",""part"":""かた"",""formModifiers"":[""赤肉""],""state"":""生"",""notes"":[""畜肉類"",""乳用肥育牛肉""]}",牛かた肉は赤身の良質なたんぱく源で犬の素材として適切,9,1,1,810,1700,1900,540,240,780,850,740,1600,990,260,1000,710,1300,5.49,0.39,0.02,0.37,300,11,1,Tr,41,129.05,173356,85.2,"Beef, dairy beef, chuck, lean, raw"
11,11301,＜畜肉類＞　うし　［乳用肥育牛肉］　かた　赤肉　ゆで,63.2,27.9,7.1,0,0.7,174,4,160,43,220,19,3.4,7.2,0.12,0.01,1,25,1,0.1,0.5,0.08,0.26,4.2,0.34,2.9,9,0.82,"{""baseName"":""うし"",""part"":""かた"",""formModifiers"":[""赤肉""],""state"":""ゆで"",""notes"":[""畜肉類"",""乳用肥育牛肉""]}",牛かた肉のゆでは良質な動物性タンパク質で、犬のレシピ素材として適している。,9,1,1,1200,2400,2600,770,330,1100,1200,1100,2300,1400,380,1500,920,1900,5.72,0.38,0.02,0.36,290,13,0,0,39,161.85,173355,102.8,"Beef, dairy beef, chuck, lean, boiled"
11,11302,＜畜肉類＞　うし　［乳用肥育牛肉］　かた　赤肉　焼き,63.4,26.9,7.7,0,1.1,175,4,220,71,380,25,3.1,6.3,0.10,0.01,1,23,1,0.1,0.5,0.12,0.30,6.2,0.48,3.3,11,1.27,"{""baseName"":""うし"",""part"":""かた"",""formModifiers"":[""赤肉""],""state"":""焼き"",""notes"":[""畜肉類"",""乳用肥育牛肉""]}",焼きの牛かた赤肉は良質なたんぱく源で犬のレシピ素材として非常に適している,10,1,1,1100,2300,2500,730,320,1000,1200,1000,2200,1400,360,1400,970,1800,6.38,0.45,0.02,0.43,330,13,1,0,55,162.75,173355,102.8,"Beef, dairy beef, chuck, lean, grilled"
11,11033,＜畜肉類＞　うし　［乳用肥育牛肉］　かた　脂身　生,21.9,4.5,73.3,(0),0.3,650,2,44,21,84,5,0.7,0.5,0.02,0.01,-,-,17,0,0.8,0.02,0.03,1.3,0.08,0.5,1,0.42,"{""baseName"":""うし"",""part"":""かた"",""formModifiers"":[""脂身""],""state"":""生"",""notes"":[""畜肉類"",""乳用肥育牛肉""]}",牛かた肉（脂身）は良質なタンパク・脂質源だが脂肪が多めで量に注意が必要,9,0,1,,,,,,,,,,,,,,,64.67,2.59,0.12,2.47,2400,120,0,0,32,638.8,171729,,"Beef, dairy beef, chuck, fat, raw"
11,11034,＜畜肉類＞　うし　［乳用肥育牛肉］　かたロース　脂身つき　生,56.4,16.2,26.4,(0),0.8,295,4,140,50,260,16,0.9,4.7,0.06,0.01,-,-,7,0.1,0.5,0.06,0.17,3.6,0.21,1.7,7,0.84,"{""baseName"":""うし"",""part"":""かたロース"",""formModifiers"":[""脂身つき""],""state"":""生"",""notes"":[""畜肉類"",""乳用肥育牛肉""]}",牛かたロースは良質な赤身タンパク源だが脂肪分が高めなので量に注意,9,1,1,(730),(1300),(1400),(410),(190),(600),(650),(550),(1200),(730),(190),(780),(640),(1000),(23.60),(1.00),(0.08),(0.93),(850),(59),(4),(0),(33),281.8,169495,70.9,"Beef, dairy beef, chuck roll, meat with fat, raw"
11,11035,＜畜肉類＞　うし　［乳用肥育牛肉］　かたロース　皮下脂肪なし　生,57.3,16.5,25.2,(0),0.8,285,4,140,51,270,17,0.9,4.8,0.07,0.01,-,-,7,0.1,0.5,0.06,0.17,3.7,0.22,1.7,7,0.85,"{""baseName"":""うし"",""part"":""かたロース"",""formModifiers"":[""皮下脂肪なし""],""state"":""生"",""notes"":[""畜肉類"",""乳用肥育牛肉""]}",牛かたロース（皮下脂肪なし）は良質なタンパク源で犬のレシピ素材として適切,10,1,1,(740),(1300),(1500),(420),(190),(620),(670),(560),(1200),(740),(190),(800),(660),(1100),(22.49),(0.96),(0.08),(0.89),(810),(57),(4),(0),(33),272.65,169495,70.9,"Beef, dairy beef, chuck roll, no subcutaneous fat, raw"
11,11036,＜畜肉類＞　うし　［乳用肥育牛肉］　かたロース　赤肉　生,65.9,19.1,13.9,(0),0.9,196,4,160,57,310,19,2.4,5.7,0.08,0.01,-,-,5,0.1,0.5,0.07,0.20,4.1,0.25,2.0,8,0.97,"{""baseName"":""うし"",""part"":""かたロース"",""formModifiers"":[""赤肉""],""state"":""生"",""notes"":[""畜肉類"",""乳用肥育牛肉""]}",生の牛かたロースは良質なタンパク源で素材として利用可能,9,1,1,(870),(1500),(1700),(500),(230),(730),(780),(660),(1400),(870),(230),(930),(770),(1200),12.11,0.59,0.06,0.53,460,42,5,0,34,185.7,172125,83.2,"Beef, dairy beef, chuck roll, lean, raw"
11,11037,＜畜肉類＞　うし　［乳用肥育牛肉］　リブロース　脂身つき　生,47.9,14.1,37.1,(0),0.7,380,4,120,40,230,14,1.0,3.7,0.05,0.01,Tr,10,12,0.1,0.5,0.05,0.12,4.0,0.22,1.0,6,0.64,"{""baseName"":""うし"",""part"":""リブロース"",""formModifiers"":[""脂身つき""],""state"":""生"",""notes"":[""畜肉類"",""乳用肥育牛肉""]}",良質なタンパク源だが脂肪分が高く過剰摂取で消化不良や膵炎のリスクがある,9,1,1,630,1100,1200,350,160,510,580,490,1100,670,160,720,500,960,33.41,1.32,0.07,1.25,1200,65,0,0,32,365.4,169439,,"Beef, dairy beef, rib roast, meat with fat, raw"
11,11039,＜畜肉類＞　うし　［乳用肥育牛肉］　リブロース　脂身つき　ゆで,39.1,17.2,43.0,(0),0.4,428,5,96,26,130,12,1.2,4.9,0.04,0,Tr,13,13,0.1,0.4,0.04,0.11,3.2,0.17,1.0,7,0.38,"{""baseName"":""うし"",""part"":""リブロース"",""formModifiers"":[""脂身つき""],""state"":""ゆで"",""notes"":[""畜肉類"",""乳用肥育牛肉""]}",牛リブロース（ゆで）は良質なたんぱく質と脂質を含む肉類で犬の素材として適している。,9,1,1,870,1600,1700,460,210,670,790,670,1500,920,220,990,560,1300,38.21,1.52,0.08,1.44,1300,76,0,0,40,426.75,169439,,"Beef, dairy beef, rib roast, meat with fat, boiled"
11,11038,＜畜肉類＞　うし　［乳用肥育牛肉］　リブロース　脂身つき　焼き,33.4,20.4,45.0,(0),0.9,457,4,160,53,290,18,1.4,5.3,0.06,0.01,1,15,13,0.1,0.6,0.07,0.17,5.1,0.25,1.4,10,0.58,"{""baseName"":""うし"",""part"":""リブロース"",""formModifiers"":[""脂身つき""],""state"":""焼き"",""notes"":[""畜肉類"",""乳用肥育牛肉""]}",焼きリブロース（脂身つき）は良質な動物性タンパク質・脂質源で犬のレシピ素材として非常に適している。,10,1,1,940,1700,1900,540,250,780,870,740,1600,1000,250,1100,750,1400,40.39,1.68,0.08,1.60,1500,78,0,0,44,454.95,170619,,"Beef, dairy beef, rib roast, meat with fat, grilled"
11,11040,＜畜肉類＞　うし　［乳用肥育牛肉］　リブロース　皮下脂肪なし　生,50.7,15.0,33.4,(0),0.7,351,4,130,42,240,15,0.9,4.0,0.05,0.01,Tr,11,12,0.1,0.4,0.05,0.13,4.2,0.23,1.1,6,0.67,"{""baseName"":""うし"",""part"":""リブロース"",""formModifiers"":[""皮下脂肪なし""],""state"":""生"",""notes"":[""畜肉類"",""乳用肥育牛肉""]}",豊富なタンパク質と脂質を含む良質な肉類だが脂肪分は高めで留意が必要。,9,1,1,(690),(1200),(1300),(380),(180),(560),(610),(530),(1100),(720),(170),(750),(600),(980),30.01,1.20,0.06,1.14,1100,60,0,0,32,337.1,171728,,"Beef, dairy beef, rib roast, no subcutaneous fat, raw"
11,11041,＜畜肉類＞　うし　［乳用肥育牛肉］　リブロース　赤肉　生,62.2,18.8,17.8,(0),0.9,230,4,160,51,300,19,2.1,5.2,0.06,0.01,Tr,14,10,0.2,0.3,0.06,0.17,5.2,0.29,1.3,8,0.81,"{""baseName"":""うし"",""part"":""リブロース"",""formModifiers"":[""赤肉""],""state"":""生"",""notes"":[""畜肉類"",""乳用肥育牛肉""]}",牛肉は良質なタンパク源で、犬のレシピ素材として適している,9,1,1,880,1500,1700,500,230,720,770,680,1500,920,230,940,760,1200,15.67,0.67,0.04,0.63,550,36,0,0,34,218.15,173975,,"Beef, dairy beef, rib roast, lean, raw"
11,11042,＜畜肉類＞　うし　［乳用肥育牛肉］　リブロース　脂身　生,15.6,3.7,80.5,(0),0.2,703,3,37,18,72,4,0.6,0.5,0.02,0.01,0,2,17,0,0.8,0.02,0.02,1.3,0.05,0.4,1,0.26,"{""baseName"":""うし"",""part"":""リブロース"",""formModifiers"":[""脂身""],""state"":""生"",""notes"":[""畜肉類"",""乳用肥育牛肉""]}",牛の脂身は動物性のエネルギー源だが脂肪分が高いため使用量に注意が必要。,8,1,1,100,210,200,51,27,78,120,77,200,120,18,150,110,260,73.30,2.78,0.13,2.65,2600,130,0,0,27,697.2,173968,,"Beef, dairy breed, rib roast, fat, raw"
11,11043,＜畜肉類＞　うし　［乳用肥育牛肉］　サーロイン　脂身つき　生,54.4,16.5,27.9,(0),0.8,313,4,150,48,270,16,1.0,2.9,0.06,Tr,-,-,8,0,0.4,0.06,0.10,5.3,0.38,0.8,6,0.66,"{""baseName"":""うし"",""part"":""サーロイン"",""formModifiers"":[""脂身つき""],""state"":""生"",""notes"":[""畜肉類"",""乳用肥育牛肉""]}",牛サーロインは高品質なたんぱく源だが脂肪分が高め,9,1,1,(720),(1300),(1400),(460),(190),(650),(660),(550),(1200),(730),(190),(800),(650),(1100),(25.47),(1.01),(0.05),(0.97),(920),(45),(0),(0),(24),296.3,171728,,"Beef, dairy breed, sirloin, with fat, raw"
11,11044,＜畜肉類＞　うし　［乳用肥育牛肉］　サーロイン　皮下脂肪なし　生,60.0,18.4,20.2,(0),0.9,253,4,170,53,300,17,0.8,3.3,0.06,Tr,-,-,7,0,0.4,0.06,0.11,5.9,0.43,0.8,7,0.72,"{""baseName"":""うし"",""part"":""サーロイン"",""formModifiers"":[""皮下脂肪なし""],""state"":""生"",""notes"":[""畜肉類"",""乳用肥育牛肉""]}",良質なタンパク源で犬のレシピ素材として適している,9,1,1,840,1500,1600,530,220,740,740,640,1400,890,210,920,740,1200,(18.47),(0.75),(0.03),(0.72),(680),(33),(0),(0),(23),237.85,168721,79.4,"Beef, dairy breed, sirloin, no subcutaneous fat, raw"
11,11045,＜畜肉類＞　うし　［乳用肥育牛肉］　サーロイン　赤肉　生,68.2,21.1,9.1,(0),1.0,167,4,190,60,340,20,2.1,3.8,0.07,0,-,-,5,0,0.3,0.07,0.12,6.7,0.50,0.9,8,0.80,"{""baseName"":""うし"",""part"":""サーロイン"",""formModifiers"":[""赤肉""],""state"":""生"",""notes"":[""畜肉類"",""乳用肥育牛肉""]}",牛サーロインは良質な動物性たんぱく源で犬のレシピ素材として適している。,10,1,1,(940),(1700),(1900),(610),(250),(860),(850),(720),(1600),(950),(250),(1000),(850),(1400),8.38,0.38,0.01,0.37,330,14,0,0,23,153.3,173969,,"Beef, dairy breed, sirloin, lean, raw"
11,11046,＜畜肉類＞　うし　［乳用肥育牛肉］　ばら　脂身つき　生,47.4,12.8,39.4,(0),0.6,381,3,110,56,190,12,1.4,2.8,0.04,0,Tr,10,13,0,0.6,0.05,0.12,3.2,0.21,1.9,3,0.60,"{""baseName"":""うし"",""part"":""ばら"",""formModifiers"":[""脂身つき""],""state"":""生"",""notes"":[""畜肉類"",""乳用肥育牛肉""]}",牛ばら（生）は良質な動物性タンパク源で犬のレシピ素材として適している,9,1,1,540,970,1100,330,150,480,500,430,930,580,130,610,460,870,35.65,0.99,0.03,0.95,850,33,0,0,36,379.7,171729,,"Beef, dairy breed, short plate, with fat, raw"
11,11252,＜畜肉類＞　うし　［乳用肥育牛肉］　ばら　脂身つき　焼き,38.7,15.9,44.2,(0),0.7,451,3,120,60,220,14,1.8,3.6,0.05,0,1,13,12,0,0.8,0.06,0.14,4.0,0.26,2.1,5,0.60,"{""baseName"":""うし"",""part"":""ばら"",""formModifiers"":[""脂身つき""],""state"":""焼き"",""notes"":[""畜肉類"",""乳用肥育牛肉""]}",焼き牛ばらは良質な動物性タンパクと脂肪を含みレシピ素材として適する。,9,1,1,690,1200,1300,390,170,560,630,540,1200,730,180,770,570,1100,39.89,1.17,0.04,1.13,1000,42,0,0,32,433.1,169439,,"Beef, dairy breed, short plate, with fat, grilled"
11,11047,＜畜肉類＞　うし　［乳用肥育牛肉］　もも　脂身つき　生,65.8,19.5,13.3,(0),1.0,196,4,180,49,330,22,1.4,4.5,0.08,0.01,-,-,3,0,0.6,0.08,0.20,4.9,0.32,1.2,9,1.02,"{""baseName"":""うし"",""part"":""もも"",""formModifiers"":[""脂身つき""],""state"":""生"",""notes"":[""畜肉類"",""乳用肥育牛肉""]}",牛もも（脂身つき）は良質なタンパク質とエネルギー源として適切,9,1,1,(850),(1500),(1700),(490),(210),(700),(780),(660),(1400),(860),(240),(930),(770),(1200),12.07,0.56,0.02,0.54,480,22,0,0,31,182.7,173975,,"Beef, dairy breed, round, with fat, raw"
11,11048,＜畜肉類＞　うし　［乳用肥育牛肉］　もも　皮下脂肪なし　生,68.2,20.5,9.9,(0),1.0,169,4,190,50,340,23,1.3,4.7,0.08,0.01,Tr,20,2,0,0.5,0.08,0.21,5.1,0.33,1.2,9,1.06,"{""baseName"":""うし"",""part"":""もも"",""formModifiers"":[""皮下脂肪なし""],""state"":""生"",""notes"":[""畜肉類"",""乳用肥育牛肉""]}",牛もも（皮下脂肪なし）は低脂肪の良質なタンパク源で犬のレシピ素材として適している,10,1,1,930,1600,1800,520,230,750,830,730,1600,980,260,1000,820,1300,8.80,0.45,0.02,0.43,370,16,0,0,33,157.3,169517,85.9,"Beef, dairy breed, round, no subcutaneous fat, raw"
11,11050,＜畜肉類＞　うし　［乳用肥育牛肉］　もも　皮下脂肪なし　ゆで,56.4,28.4,13.8,(0),0.8,235,5,160,35,220,20,1.7,6.6,0.11,0.01,Tr,25,0,0,0.1,0.07,0.23,4.1,0.40,1.5,11,0.78,"{""baseName"":""うし"",""part"":""もも"",""formModifiers"":[""皮下脂肪なし""],""state"":""ゆで"",""notes"":[""畜肉類"",""乳用肥育牛肉""]}",加熱された牛もも肉で良質なタンパク源。犬のレシピ素材として適している。,9,1,1,1400,2400,2700,800,350,1100,1200,1100,2300,1400,360,1400,910,1900,12.22,0.56,0.02,0.54,480,20,0,0,29,218.8,168698,125.1,"Beef, dairy breed, round, no subcutaneous fat, boiled"
11,11049,＜畜肉類＞　うし　［乳用肥育牛肉］　もも　皮下脂肪なし　焼き,56.9,28.0,13.2,(0),1.3,227,5,230,65,430,28,1.7,6.4,0.11,0.02,1,24,0,0,0.2,0.10,0.27,7.6,0.39,1.9,12,1.08,"{""baseName"":""うし"",""part"":""もも"",""formModifiers"":[""皮下脂肪なし""],""state"":""焼き"",""notes"":[""畜肉類"",""乳用肥育牛肉""]}",焼いた牛もも肉は良質なタンパク源で犬のレシピ素材として適切,9,1,1,1200,2200,2400,730,320,1100,1100,980,2100,1300,350,1300,980,1800,11.47,0.47,0.02,0.45,410,16,0,0,25,212.3,174702,,"Beef, dairy breed, round, no subcutaneous fat, grilled"
11,11051,＜畜肉類＞　うし　［乳用肥育牛肉］　もも　赤肉　生,71.7,21.9,4.9,(0),1.1,130,4,200,52,360,24,2.7,5.1,0.09,0.01,-,-,1,0,0.4,0.09,0.22,5.4,0.35,1.3,10,1.12,"{""baseName"":""うし"",""part"":""もも"",""formModifiers"":[""赤肉""],""state"":""生"",""notes"":[""畜肉類"",""乳用肥育牛肉""]}",牛もも肉は良質な動物性たんぱく源で犬のレシピ素材として適する。,9,1,1,(970),(1800),(1900),(560),(240),(800),(880),(750),(1600),(980),(280),(1000),(880),(1400),3.98,0.29,0.01,0.27,220,7,0,0,36,119.7,173977,,"Beef, dairy breed, round, lean, raw"
11,11052,＜畜肉類＞　うし　［乳用肥育牛肉］　もも　脂身　生,30.2,5.1,64.1,(0),0.4,594,2,56,30,140,7,1.1,0.7,0.02,0.01,-,-,17,0,1.9,0.03,0.03,1.9,0.11,0.4,2,0.43,"{""baseName"":""うし"",""part"":""もも"",""formModifiers"":[""脂身""],""state"":""生"",""notes"":[""畜肉類"",""乳用肥育牛肉""]}",牛もも肉（脂身）は良質なタンパク・脂質源で犬のレシピに適している,10,1,1,(140),(300),(300),(79),(49),(130),(180),(110),(290),(170),(29),(220),(150),(400),60.95,2.25,0.11,2.14,2100,110,0,0,0,563.4,171731,,"Beef, dairy breed, round, fat, raw"
11,11053,＜畜肉類＞　うし　［乳用肥育牛肉］　そともも　脂身つき　生,64.0,18.2,16.3,(0),0.9,220,4,150,55,310,20,1.4,3.2,0.06,Tr,-,-,5,0,0.5,0.08,0.17,4.4,0.34,1.6,6,0.91,"{""baseName"":""うし"",""part"":""そともも"",""formModifiers"":[""脂身つき""],""state"":""生"",""notes"":[""畜肉類"",""乳用肥育牛肉""]}",そとももは赤身主体のたんぱく源だが脂肪がやや多めで量に配慮が必要,8,1,1,(790),(1400),(1600),(460),(200),(650),(730),(620),(1300),(800),(220),(870),(720),(1100),(15.22),(0.66),(0.03),(0.64),(580),(28),(0),(0),(26),204.35,168694,85.9,"Beef, dairy breed, outside round, with fat, raw"
11,11054,＜畜肉類＞　うし　［乳用肥育牛肉］　そともも　皮下脂肪なし　生,67.8,19.6,11.1,(0),0.9,179,4,160,57,330,21,1.3,3.5,0.07,Tr,-,-,4,0,0.4,0.09,0.19,4.6,0.37,1.7,6,0.96,"{""baseName"":""うし"",""part"":""そともも"",""formModifiers"":[""皮下脂肪なし""],""state"":""生"",""notes"":[""畜肉類"",""乳用肥育牛肉""]}",牛そともも（生）は良質な赤身肉で犬のレシピ素材として適している,9,1,1,(860),(1600),(1700),(500),(210),(710),(790),(670),(1500),(870),(240),(940),(780),(1200),(10.24),(0.49),(0.02),(0.47),(420),(18),(0),(0),(29),165.05,171733,,"Beef, dairy breed, outside round, no subcutaneous fat, raw"
11,11055,＜畜肉類＞　うし　［乳用肥育牛肉］　そともも　赤肉　生,72.0,21.3,5.0,(0),1.0,131,4,170,61,360,23,2.4,3.8,0.07,0,-,-,2,0,0.2,0.09,0.21,5.0,0.40,1.9,7,1.02,"{""baseName"":""うし"",""part"":""そともも"",""formModifiers"":[""赤肉""],""state"":""生"",""notes"":[""畜肉類"",""乳用肥育牛肉""]}",良質な動物性たんぱく質で犬のレシピ素材として理想的,10,1,1,(940),(1700),(1900),(540),(230),(780),(860),(730),(1600),(950),(270),(1000),(850),(1300),4.40,0.29,0.01,0.28,220,8,0,0,33,119.5,173971,,"Beef, dairy breed, outside round, lean, raw"
11,11056,＜畜肉類＞　うし　［乳用肥育牛肉］　ランプ　脂身つき　生,62.1,18.6,17.8,(0),0.9,234,4,150,54,300,20,1.4,3.7,0.08,Tr,-,-,6,0,0.7,0.08,0.19,3.7,0.30,1.6,6,0.93,"{""baseName"":""うし"",""part"":""ランプ"",""formModifiers"":[""脂身つき""],""state"":""生"",""notes"":[""畜肉類"",""乳用肥育牛肉""]}",牛ランプ肉（脂身つき）は良質な赤身肉で犬のレシピ素材として適している。,9,1,1,(810),(1500),(1600),(460),(200),(670),(750),(630),(1400),(820),(230),(890),(730),(1200),(16.35),(0.75),(0.03),(0.72),(650),(31),(0),(0),(31),218.5,173975,,"Beef, dairy breed, rump, with fat, raw"
11,11057,＜畜肉類＞　うし　［乳用肥育牛肉］　ランプ　皮下脂肪なし　生,64.9,19.7,13.9,(0),0.9,203,4,160,56,310,21,1.3,3.9,0.09,Tr,-,-,5,0,0.6,0.09,0.20,3.9,0.31,1.7,6,0.98,"{""baseName"":""うし"",""part"":""ランプ"",""formModifiers"":[""皮下脂肪なし""],""state"":""生"",""notes"":[""畜肉類"",""乳用肥育牛肉""]}",生の牛ランプ肉は良質なたんぱく源で犬の素材として非常に適している。,9,1,1,(860),(1600),(1700),(500),(220),(710),(790),(670),(1500),(870),(240),(940),(780),(1200),(12.59),(0.62),(0.02),(0.60),(530),(24),(0),(0),(34),189.2,171733,,"Beef, dairy breed, rump, no subcutaneous fat, raw"
11,11058,＜畜肉類＞　うし　［乳用肥育牛肉］　ランプ　赤肉　生,70.2,22.0,6.1,(0),1.0,142,4,180,60,340,23,2.7,4.4,0.10,0,-,-,3,0,0.4,0.10,0.23,4.2,0.34,1.9,7,1.06,"{""baseName"":""うし"",""part"":""ランプ"",""formModifiers"":[""赤肉""],""state"":""生"",""notes"":[""畜肉類"",""乳用肥育牛肉""]}",牛ランプは良質な赤身肉で犬のレシピ素材として非常に適している,10,1,1,(970),(1800),(1900),(560),(240),(800),(890),(760),(1600),(980),(280),(1100),(880),(1400),5.08,0.37,0.01,0.36,290,10,0,0,39,131.3,173965,,"Beef, dairy breed, rump, lean, raw"
11,11059,＜畜肉類＞　うし　［乳用肥育牛肉］　ヒレ　赤肉　生,67.3,20.8,11.2,(0),1.0,177,4,200,56,380,23,2.4,3.4,0.08,0.01,1,15,4,0,0.5,0.12,0.26,4.7,0.43,3.0,11,0.90,"{""baseName"":""うし"",""part"":""ヒレ"",""formModifiers"":[""赤肉""],""state"":""生"",""notes"":[""畜肉類"",""乳用肥育牛肉""]}",牛ヒレ赤肉（生）は良質なタンパク源で犬のレシピ素材として理想的,10,1,1,980,1700,1900,560,230,800,860,760,1600,1000,270,1100,760,1300,9.65,0.50,0.02,0.48,380,13,0,0,53,168,173966,,"Beef, dairy breed, tenderloin, lean, raw"
11,11253,＜畜肉類＞　うし　［乳用肥育牛肉］　ヒレ　赤肉　焼き,56.3,27.2,15.2,(0),1.3,238,5,230,74,440,28,3.5,6.0,0.12,0.01,1,19,3,0,0.3,0.16,0.35,6.2,0.45,4.9,10,1.16,"{""baseName"":""うし"",""part"":""ヒレ"",""formModifiers"":[""赤肉""],""state"":""焼き"",""notes"":[""畜肉類"",""乳用肥育牛肉""]}",牛ヒレの焼き肉は良質な赤身タンパクで犬のレシピ素材として適している,10,1,1,1300,2400,2600,760,310,1100,1200,1000,2200,1400,350,1400,1000,1900,12.98,0.54,0.02,0.52,450,16,0,0,32,224.4,173065,,"Beef, dairy breed, tenderloin, lean, grilled"
11,11254,＜畜肉類＞　うし　［交雑牛肉］　リブロース　脂身つき　生,36.2,12.0,51.8,(0),0.6,489,3,99,42,190,11,1.2,3.0,0.03,0,1,10,3,0,0.6,0.05,0.10,3.2,0.21,1.1,6,0.45,"{""baseName"":""うし"",""part"":""リブロース"",""formModifiers"":[""脂身つき""],""state"":""生"",""notes"":[""畜肉類"",""交雑牛肉""]}",牛肉は良質なタンパク源で犬のレシピ素材として適している（脂肪量には注意）,9,1,1,530,940,1000,290,140,430,480,410,900,560,130,610,430,790,47.40,1.55,0.07,1.47,1300,72,0,0,39,482.3,171729,,"Beef, crossbred, rib roast, with fat, raw"
11,11256,＜畜肉類＞　うし　［交雑牛肉］　リブロース　脂身つき　ゆで,29.1,13.2,56.5,(0),0.2,540,2,56,16,58,7,1.3,3.7,0.03,0,Tr,11,0,0,0.7,0.03,0.08,1.4,0.14,1.3,3,0.25,"{""baseName"":""うし"",""part"":""リブロース"",""formModifiers"":[""脂身つき""],""state"":""ゆで"",""notes"":[""畜肉類"",""交雑牛肉""]}",ゆでたリブロースは良質なたんぱく源だが脂身が多いため与え方に配慮が必要。,9,1,1,640,1200,1200,350,160,520,590,500,1100,670,160,810,420,940,52.07,1.58,0.08,1.50,1400,75,0,0,33,529.95,171729,,"Beef, crossbred, rib roast, with fat, boiled"
11,11255,＜畜肉類＞　うし　［交雑牛肉］　リブロース　脂身つき　焼き,26.4,14.5,60.1,(0),0.6,575,3,100,47,190,12,1.5,3.8,0.04,0,1,11,0,0,0.7,0.06,0.11,3.3,0.20,1.8,14,0.50,"{""baseName"":""うし"",""part"":""リブロース"",""formModifiers"":[""脂身つき""],""state"":""焼き"",""notes"":[""畜肉類"",""交雑牛肉""]}",焼きリブロースは加熱済みの良質なたんぱく源で犬のレシピに適している,9,1,1,640,1200,1200,340,160,510,590,500,1100,680,150,760,500,960,55.61,1.71,0.09,1.61,1500,78,0,0,38,561.6,168679,,"Beef, crossbred, rib roast, with fat, grilled"
11,11257,＜畜肉類＞　うし　［交雑牛肉］　リブロース　皮下脂肪なし　生,41.0,13.6,45.2,(0),0.6,438,3,110,48,220,13,1.3,3.5,0.04,0,1,11,3,0,0.5,0.05,0.11,3.6,0.24,1.2,6,0.50,"{""baseName"":""うし"",""part"":""リブロース"",""formModifiers"":[""皮下脂肪なし""],""state"":""生"",""notes"":[""畜肉類"",""交雑牛肉""]}",脂肪を取り除いた牛リブロースは良質なたんぱく源で素材として適切,9,1,1,610,1100,1200,340,160,490,550,480,1000,640,150,690,500,900,41.39,1.35,0.06,1.29,1200,62,0,0,39,431.8,171741,,"Beef, crossbred, rib roast, no subcutaneous fat, raw"
11,11258,＜畜肉類＞　うし　［交雑牛肉］　リブロース　赤肉　生,50.5,16.7,32.3,(0),0.8,338,3,140,59,270,16,1.7,4.5,0.04,0,1,14,2,0,0.4,0.07,0.14,4.6,0.31,1.4,7,0.61,"{""baseName"":""うし"",""part"":""リブロース"",""formModifiers"":[""赤肉""],""state"":""生"",""notes"":[""畜肉類"",""交雑牛肉""]}",理想的な動物性たんぱく源で犬のレシピ素材として優れている,10,1,1,770,1400,1500,430,190,620,680,600,1300,810,200,850,630,1100,29.62,0.98,0.04,0.94,840,43,0,0,38,333,168678,70,"Beef, crossbred, rib roast, lean, raw"
11,11259,＜畜肉類＞　うし　［交雑牛肉］　リブロース　脂身　生,10.6,3.6,86.7,(0),0.2,759,2,25,13,39,2,0.3,0.3,0.01,0,1,2,4,0,0.9,0.01,0.02,0.6,0.02,0.7,5,0.16,"{""baseName"":""うし"",""part"":""リブロース"",""formModifiers"":[""脂身""],""state"":""生"",""notes"":[""畜肉類"",""交雑牛肉""]}",牛リブロースの脂身はエネルギー源になるが脂肪が多く膵炎リスクに注意,8,1,1,97,210,170,53,37,90,120,76,200,110,19,190,86,220,79.29,2.56,0.12,2.43,2200,120,0,0,42,749.55,171729,,"Beef, crossbred, rib roast, fat, raw"
11,11260,＜畜肉類＞　うし　［交雑牛肉］　ばら　脂身つき　生,41.4,12.2,44.4,(0),0.5,445,3,110,59,200,12,1.4,3.0,0.03,0,1,10,3,0,0.5,0.05,0.10,3.2,0.23,1.7,6,0.40,"{""baseName"":""うし"",""part"":""ばら"",""formModifiers"":[""脂身つき""],""state"":""生"",""notes"":[""畜肉類"",""交雑牛肉""]}",牛ばら（脂身つき）は良質な動物性タンパクと脂肪を含み、犬のレシピ素材として適切。,9,1,1,560,990,1100,310,140,440,500,430,930,590,140,630,460,840,40.73,1.28,0.08,1.20,1100,64,0,0,35,425.35,171729,,"Beef, crossbred, short plate, with fat, raw"
11,11261,＜畜肉類＞　うし　［交雑牛肉］　もも　脂身つき　生,53.9,16.4,28.9,(0),0.8,312,3,140,63,270,17,2.1,3.9,0.06,0,1,14,2,0,0.3,0.08,0.16,3.9,0.31,2.1,12,0.62,"{""baseName"":""うし"",""part"":""もも"",""formModifiers"":[""脂身つき""],""state"":""生"",""notes"":[""畜肉類"",""交雑牛肉""]}",牛もも肉は良質なたんぱく源で犬のレシピ素材として非常に適切。,9,1,1,750,1300,1500,430,190,620,690,590,1300,810,200,840,630,1100,26.77,0.95,0.04,0.92,800,39,0,0,46,303.05,169431,,"Beef, crossbred, round, with fat, raw"
11,11262,＜畜肉類＞　うし　［交雑牛肉］　もも　皮下脂肪なし　生,59.5,18.3,21.6,(0),0.9,250,3,160,68,300,19,2.3,4.5,0.07,0,1,16,1,0,0.2,0.09,0.18,4.3,0.35,2.3,14,0.69,"{""baseName"":""うし"",""part"":""もも"",""formModifiers"":[""皮下脂肪なし""],""state"":""生"",""notes"":[""畜肉類"",""交雑牛肉""]}",良質な動物性タンパク源で犬のレシピ素材として適している。,9,1,1,850,1500,1700,480,210,690,770,670,1400,910,230,930,710,1200,19.49,0.75,0.03,0.73,620,26,0,0,54,247.65,168694,85.9,"Beef, crossbred, round, no subcutaneous fat, raw"
11,11264,＜畜肉類＞　うし　［交雑牛肉］　もも　皮下脂肪なし　ゆで,49.8,25.7,28.2,(0),0.4,331,3,120,29,130,15,2.8,5.8,0.08,0,1,27,0,0,0.6,0.05,0.15,3.3,0.32,1.6,12,0.38,"{""baseName"":""うし"",""part"":""もも"",""formModifiers"":[""皮下脂肪なし""],""state"":""ゆで"",""notes"":[""畜肉類"",""交雑牛肉""]}",低脂肪の茹でた牛ももは良質なタンパク源で犬の素材として適している。,9,1,1,1300,2200,2400,720,300,1000,1100,950,2100,1300,330,1400,870,1800,25.41,0.74,0.03,0.71,640,29,0,0,30,329.65,168699,99.2,"Beef, crossbred, round, no subcutaneous fat, boiled"
11,11263,＜畜肉類＞　うし　［交雑牛肉］　もも　皮下脂肪なし　焼き,49.7,25.0,27.6,(0),1.0,313,4,190,63,320,21,2.9,5.6,0.08,0,1,23,1,0,0.5,0.09,0.18,5.1,0.40,2.1,15,0.77,"{""baseName"":""うし"",""part"":""もも"",""formModifiers"":[""皮下脂肪なし""],""state"":""焼き"",""notes"":[""畜肉類"",""交雑牛肉""]}",牛もも（皮下脂肪なし）焼きは良質な赤身たんぱく源で犬のレシピ素材として適切。,9,1,1,1200,2100,2300,660,280,940,1000,890,1900,1200,310,1300,960,1600,23.92,0.68,0.03,0.65,590,25,0,0,28,322.1,168695,104.9,"Beef, crossbred, round, no subcutaneous fat, grilled"
11,11265,＜畜肉類＞　うし　［交雑牛肉］　もも　赤肉　生,62.7,19.3,17.5,(0),0.9,222,4,170,71,320,20,2.4,4.8,0.07,0,1,17,1,0,0.2,0.10,0.19,4.5,0.38,2.4,15,0.73,"{""baseName"":""うし"",""part"":""もも"",""formModifiers"":[""赤肉""],""state"":""生"",""notes"":[""畜肉類"",""交雑牛肉""]}",牛もも肉は赤身の良質なたんぱく源で犬の素材として適切,9,1,1,900,1600,1800,510,220,740,810,710,1500,960,250,990,750,1300,16.12,0.64,0.02,0.62,530,22,0,0,46,216.3,168694,85.9,"Beef, crossbred, round, lean, raw"
11,11266,＜畜肉類＞　うし　［交雑牛肉］　もも　脂身　生,17.6,4.8,75.8,(0),0.2,682,2,37,29,81,4,0.5,0.4,0.01,0,1,3,4,0,0.8,0.02,0.02,1.1,0.04,0.8,3,0.17,"{""baseName"":""うし"",""part"":""もも"",""formModifiers"":[""脂身""],""state"":""生"",""notes"":[""畜肉類"",""交雑牛肉""]}",牛もも（脂身）は良質な動物性タンパク・脂質源で、犬の素材として適しています。,9,1,1,140,280,280,75,46,120,170,110,280,170,28,210,140,390,70.43,2.25,0.11,2.14,1900,110,0,0,45,666.7,173968,,"Beef, crossbred, round, fat, raw"
11,11267,＜畜肉類＞　うし　［交雑牛肉］　ヒレ　赤肉　生,62.3,19.0,18.0,(0),0.9,229,4,180,56,330,21,2.7,3.8,0.07,0,Tr,15,2,0,0.1,0.11,0.23,4.4,0.39,2.0,9,0.85,"{""baseName"":""うし"",""part"":""ヒレ"",""formModifiers"":[""赤肉""],""state"":""生"",""notes"":[""畜肉類"",""交雑牛肉""]}",良質なタンパク源で犬のレシピ素材として理想的。,10,1,1,930,1700,1800,530,220,750,820,710,1500,970,250,1000,700,1300,15.68,0.63,0.02,0.61,530,23,0,0,35,219.5,173973,,"Beef, crossbred, tenderloin, lean, raw"
11,11060,＜畜肉類＞　うし　［輸入牛肉］　かた　脂身つき　生,69.4,19.0,10.6,(0),0.9,160,4,170,54,320,20,1.1,5.0,0.08,Tr,-,-,7,0.3,0.6,0.08,0.22,3.0,0.26,2.2,5,0.89,"{""baseName"":""うし"",""part"":""かた"",""formModifiers"":[""脂身つき""],""state"":""生"",""notes"":[""畜肉類"",""輸入牛肉""]}",輸入牛のかた（生）。良質な動物性たんぱく源で犬のレシピ素材として適している。,9,0,1,,,,,,,,,,,,,,,8.85,0.30,0.12,0.18,140,69,11,2,22,156.95,173100,,"Beef, imported, chuck, with fat, raw"
11,11061,＜畜肉類＞　うし　［輸入牛肉］　かた　皮下脂肪なし　生,71.5,19.6,7.8,(0),1.0,138,4,180,56,330,21,1.0,5.3,0.09,Tr,-,-,5,0.3,0.6,0.08,0.23,3.1,0.27,2.3,6,0.92,"{""baseName"":""うし"",""part"":""かた"",""formModifiers"":[""皮下脂肪なし""],""state"":""生"",""notes"":[""畜肉類"",""輸入牛肉""]}",牛肉は良質なタンパク源で犬のレシピ素材として適切。,9,0,1,,,,,,,,,,,,,,,6.32,0.25,0.10,0.15,120,53,11,2,22,135.25,173100,,"Beef, imported, chuck, no subcutaneous fat, raw"
11,11062,＜畜肉類＞　うし　［輸入牛肉］　かた　赤肉　生,73.9,20.4,4.6,(0),1.0,114,4,180,58,340,22,2.4,5.5,0.09,0,-,-,4,0.2,0.6,0.09,0.25,3.2,0.27,2.4,6,0.95,"{""baseName"":""うし"",""part"":""かた"",""formModifiers"":[""赤肉""],""state"":""生"",""notes"":[""畜肉類"",""輸入牛肉""]}",良質な赤身肉で犬のレシピ素材として適している,9,0,1,,,,,,,,,,,,,,,3.43,0.20,0.08,0.12,87,35,12,2,23,110.85,171739,,"Beef, imported, chuck, lean, raw"
11,11063,＜畜肉類＞　うし　［輸入牛肉］　かた　脂身　生,32.0,7.1,60.5,(0),0.4,537,6,65,24,140,7,0.9,1.1,0.03,0.01,-,-,30,1.2,1.2,0.03,0.04,1.6,0.14,0.5,3,0.36,"{""baseName"":""うし"",""part"":""かた"",""formModifiers"":[""脂身""],""state"":""生"",""notes"":[""畜肉類"",""輸入牛肉""]}",輸入牛のかた（脂身）は良質なたんぱく質・脂質源で犬のレシピ素材として適している。,10,0,1,,,,,,,,,,,,,,,53.95,1.10,0.45,0.65,600,350,0,0,17,539.1,171728,,"Beef, imported, chuck, fat, raw"
11,11064,＜畜肉類＞　うし　［輸入牛肉］　かたロース　脂身つき　生,63.8,17.9,17.4,(0),0.8,221,4,150,49,300,18,1.2,5.8,0.07,0.01,-,-,10,0.4,0.7,0.07,0.20,3.5,0.25,1.8,7,1.00,"{""baseName"":""うし"",""part"":""かたロース"",""formModifiers"":[""脂身つき""],""state"":""生"",""notes"":[""畜肉類"",""輸入牛肉""]}",輸入牛のかたロースも良質なタンパク源で犬の素材として適切,9,1,1,(790),(1400),(1600),(460),(200),(660),(720),(610),(1300),(790),(220),(850),(690),(1200),(15.11),(0.48),(0.11),(0.37),(320),(72),(5),(0),(23),210.9,173100,,"Beef, imported, chuck roll, with fat, raw"
11,11065,＜畜肉類＞　うし　［輸入牛肉］　かたロース　皮下脂肪なし　生,64.0,18.0,17.1,(0),0.8,219,4,150,49,300,18,1.2,5.8,0.07,0.01,-,-,10,0.4,0.7,0.07,0.20,3.5,0.25,1.8,8,1.00,"{""baseName"":""うし"",""part"":""かたロース"",""formModifiers"":[""皮下脂肪なし""],""state"":""生"",""notes"":[""畜肉類"",""輸入牛肉""]}",牛かたロースは良質なたんぱく源で犬の素材として適している,10,1,1,(790),(1400),(1600),(460),(200),(660),(720),(610),(1300),(790),(220),(850),(690),(1200),(14.85),(0.47),(0.11),(0.37),(320),(71),(5),(0),(23),208.7,173100,,"Beef, imported, chuck roll, no subcutaneous fat, raw"
11,11066,＜畜肉類＞　うし　［輸入牛肉］　かたロース　赤肉　生,69.8,19.7,9.5,(0),0.9,160,4,170,54,320,20,2.4,6.4,0.08,0.01,-,-,7,0.2,0.5,0.07,0.23,3.8,0.27,2.1,8,1.11,"{""baseName"":""うし"",""part"":""かたロース"",""formModifiers"":[""赤肉""],""state"":""生"",""notes"":[""畜肉類"",""輸入牛肉""]}",牛肉は良質なタンパク源で犬のレシピ素材として理想的,10,1,1,(880),(1600),(1700),(510),(220),(730),(790),(680),(1500),(880),(240),(940),(760),(1300),8.22,0.38,0.06,0.32,270,35,6,0,27,150.05,173100,,"Beef, imported, chuck roll, lean, raw"
11,11067,＜畜肉類＞　うし　［輸入牛肉］　リブロース　脂身つき　生,63.8,20.1,15.4,(0),0.9,212,4,170,44,330,20,2.2,4.7,0.07,0.01,1,20,9,0.4,0.7,0.08,0.16,5.0,0.37,1.3,7,0.85,"{""baseName"":""うし"",""part"":""リブロース"",""formModifiers"":[""脂身つき""],""state"":""生"",""notes"":[""畜肉類"",""輸入牛肉""]}",牛のリブロース（脂身つき）はエネルギー源として有用な肉類素材である。,9,1,1,910,1600,1800,520,230,740,810,710,1500,960,250,980,780,1300,13.54,0.39,0.07,0.32,280,45,5,0,24,201.25,173975,,"Beef, imported, rib roast, with fat, raw"
11,11269,＜畜肉類＞　うし　［輸入牛肉］　リブロース　脂身つき　ゆで,50.2,25.8,23.9,(0),0.5,307,2,110,18,130,14,2.7,6.5,0.08,0,1,24,14,0.5,1.0,0.04,0.14,2.7,0.26,1.3,6,0.50,"{""baseName"":""うし"",""part"":""リブロース"",""formModifiers"":[""脂身つき""],""state"":""ゆで"",""notes"":[""畜肉類"",""輸入牛肉""]}",ゆでた牛リブロースは良質なたんぱく質と脂質の供給源で料理素材として適切。,9,1,1,1300,2200,2500,710,310,1000,1100,990,2100,1300,330,1300,860,1800,20.92,0.57,0.09,0.48,420,63,6,0,28,293.45,172153,48.6,"Beef, imported, rib roast, with fat, boiled"
11,11268,＜畜肉類＞　うし　［輸入牛肉］　リブロース　脂身つき　焼き,49.8,25.0,23.9,(0),1.0,306,3,180,41,320,21,2.9,6.3,0.08,Tr,1,23,12,0.5,1.1,0.08,0.18,5.0,0.40,1.6,7,1.07,"{""baseName"":""うし"",""part"":""リブロース"",""formModifiers"":[""脂身つき""],""state"":""焼き"",""notes"":[""畜肉類"",""輸入牛肉""]}",輸入牛のリブロース焼きは良質なタンパク源であるが脂身が多い点に配慮が必要。,9,1,1,1200,2100,2300,670,300,980,1000,910,1900,1200,310,1200,920,1700,20.91,0.55,0.10,0.46,410,72,0,0,28,291.7,173975,,"Beef, imported, rib roast, with fat, grilled"
11,11068,＜畜肉類＞　うし　［輸入牛肉］　リブロース　皮下脂肪なし　生,64.5,20.3,14.4,(0),0.9,203,4,170,45,330,20,2.2,4.8,0.07,0.01,1,21,9,0.4,0.7,0.08,0.16,5.1,0.38,1.4,7,0.87,"{""baseName"":""うし"",""part"":""リブロース"",""formModifiers"":[""皮下脂肪なし""],""state"":""生"",""notes"":[""畜肉類"",""輸入牛肉""]}",牛リブロースは良質なタンパク質と脂肪源で犬のレシピ素材として非常に適している。,10,1,1,(900),(1600),(1800),(520),(230),(750),(820),(690),(1500),(900),(250),(970),(780),(1300),12.48,0.38,0.09,0.29,260,57,2,0,17,193.45,173975,,"Beef, imported, rib roast, no subcutaneous fat, raw"
11,11069,＜畜肉類＞　うし　［輸入牛肉］　リブロース　赤肉　生,68.6,21.7,9.1,(0),1.0,163,4,180,47,350,21,2.3,5.2,0.07,0.01,1,22,7,0.2,0.6,0.09,0.17,5.4,0.40,1.5,7,0.93,"{""baseName"":""うし"",""part"":""リブロース"",""formModifiers"":[""赤肉""],""state"":""生"",""notes"":[""畜肉類"",""輸入牛肉""]}",牛リブロースは良質なタンパク質と脂肪を供給する優れた素材である,10,1,1,(970),(1700),(1900),(560),(240),(810),(870),(750),(1600),(970),(270),(1000),(840),(1400),7.82,0.32,0.05,0.27,230,32,3,0,20,153.3,171735,,"Beef, imported, rib roast, lean, raw"
11,11070,＜畜肉類＞　うし　［輸入牛肉］　リブロース　脂身　生,19.9,5.7,73.1,(0),0.3,653,1,53,17,130,6,1.1,1.1,0.02,0,Tr,4,28,2.2,1.6,0.01,0.02,1.6,0.11,0.3,2,0.21,"{""baseName"":""うし"",""part"":""リブロース"",""formModifiers"":[""脂身""],""state"":""生"",""notes"":[""畜肉類"",""輸入牛肉""]}",輸入牛リブロースは良質なたんぱく源だが脂肪分が高い点に注意,8,1,1,(150),(320),(300),(78),(41),(120),(180),(110),(290),(170),(27),(230),(170),(390),63.72,1.18,0.47,0.72,690,330,0,0,0,644.8,173968,,"Beef, imported, rib roast, fat, raw"
11,11071,＜畜肉類＞　うし　［輸入牛肉］　サーロイン　脂身つき　生,57.7,17.4,23.7,(0),0.8,273,3,150,39,290,18,1.4,3.1,0.06,0,-,-,10,0.6,0.7,0.05,0.12,4.9,0.42,0.6,5,0.52,"{""baseName"":""うし"",""part"":""サーロイン"",""formModifiers"":[""脂身つき""],""state"":""生"",""notes"":[""畜肉類"",""輸入牛肉""]}",牛サーロインは良質なたんぱく源で犬のレシピ素材として非常に適している,10,1,1,(760),(1400),(1500),(440),(190),(630),(690),(580),(1300),(760),(210),(820),(660),(1100),(20.52),(0.43),(0.17),(0.26),(240),(110),(6),(1),(9),263.75,173978,,"Beef, imported, sirloin, with fat, raw"
11,11072,＜畜肉類＞　うし　［輸入牛肉］　サーロイン　皮下脂肪なし　生,63.1,19.1,16.5,(0),0.9,218,4,170,42,320,20,1.3,3.4,0.07,0,-,-,8,0.4,0.6,0.06,0.13,5.4,0.46,0.7,5,0.57,"{""baseName"":""うし"",""part"":""サーロイン"",""formModifiers"":[""皮下脂肪なし""],""state"":""生"",""notes"":[""畜肉類"",""輸入牛肉""]}",サーロインの赤身は良質なたんぱく源で扱いやすい部位。,9,1,1,(840),(1500),(1700),(490),(210),(700),(760),(650),(1400),(840),(230),(910),(730),(1200),(14.23),(0.32),(0.12),(0.19),(170),(79),(7),(2),(11),208.5,171733,,"Beef, imported, sirloin, no subcutaneous fat, raw"
11,11073,＜畜肉類＞　うし　［輸入牛肉］　サーロイン　赤肉　生,72.1,22.0,4.4,(0),1.0,127,4,190,48,360,23,2.2,3.9,0.08,0,-,-,4,0,0.4,0.06,0.16,6.2,0.54,0.8,6,0.65,"{""baseName"":""うし"",""part"":""サーロイン"",""formModifiers"":[""赤肉""],""state"":""生"",""notes"":[""畜肉類"",""輸入牛肉""]}",赤身の牛肉は良質なタンパク源で犬のレシピ素材として優れている。,9,1,1,(980),(1800),(1900),(570),(250),(820),(890),(760),(1600),(980),(270),(1000),(850),(1400),3.65,0.14,0.05,0.08,62,25,8,2,13,116.15,171739,,"Beef, imported, sirloin, lean, raw"
11,11074,＜畜肉類＞　うし　［輸入牛肉］　ばら　脂身つき　生,51.8,14.4,32.9,(0),0.7,338,4,130,52,230,14,1.5,3.0,0.05,0,-,-,24,0.4,1.1,0.05,0.12,3.9,0.28,1.3,5,0.50,"{""baseName"":""うし"",""part"":""ばら"",""formModifiers"":[""脂身つき""],""state"":""生"",""notes"":[""畜肉類"",""輸入牛肉""]}",牛ばら（脂身つき）は良質な動物性タンパクだが脂肪が多く過剰摂取で膵炎リスクがあるため分量に注意。,8,0,1,,,,,,,,,,,,,,,29.63,0.54,0.20,0.34,310,150,0,0,13,330.75,174740,,"Beef, imported, brisket, with fat, raw"
11,11075,＜畜肉類＞　うし　［輸入牛肉］　もも　脂身つき　生,71.4,19.6,8.6,(0),1.0,148,3,170,41,310,21,2.4,3.8,0.08,0.01,-,-,5,0.2,0.5,0.08,0.19,5.0,0.44,1.5,8,0.78,"{""baseName"":""うし"",""part"":""もも"",""formModifiers"":[""脂身つき""],""state"":""生"",""notes"":[""畜肉類"",""輸入牛肉""]}",牛ももは良質な赤身肉で犬のレシピ素材として非常に適している。,9,1,1,(860),(1600),(1700),(500),(210),(710),(780),(670),(1500),(870),(240),(970),(770),(1300),7.17,0.25,0.05,0.20,170,34,4,1,22,141.7,173976,,"Beef, imported, round, with fat, raw"
11,11076,＜畜肉類＞　うし　［輸入牛肉］　もも　皮下脂肪なし　生,73.0,20.0,6.7,(0),1.0,133,3,170,42,320,22,2.5,3.9,0.08,0.01,1,12,4,0.1,0.4,0.09,0.20,5.1,0.45,1.5,8,0.78,"{""baseName"":""うし"",""part"":""もも"",""formModifiers"":[""皮下脂肪なし""],""state"":""生"",""notes"":[""畜肉類"",""輸入牛肉""]}",牛もも（脂肪少）は良質なたんぱく源で犬のレシピ素材として適切,10,1,1,910,1600,1800,520,220,740,810,720,1500,970,250,1000,800,1300,5.46,0.35,0.10,0.25,180,39,20,4,45,126.95,173971,,"Beef, imported, round, lean, raw"
11,11271,＜畜肉類＞　うし　［輸入牛肉］　もも　皮下脂肪なし　ゆで,60.0,30.0,11.0,(0),0.6,204,3,130,19,130,16,3.5,7.5,0.10,0.01,1,19,8,0,0.7,0.05,0.18,3.2,0.35,1.2,7,0.62,"{""baseName"":""うし"",""part"":""もも"",""formModifiers"":[""皮下脂肪なし""],""state"":""ゆで"",""notes"":[""畜肉類"",""輸入牛肉""]}",加熱済みの赤身牛ももで良質なタンパク源、扱いやすい,10,1,1,1500,2600,2800,850,350,1200,1300,1100,2400,1600,390,1600,970,2100,8.79,0.55,0.14,0.42,320,57,27,0,64,198.5,168713,131.8,"Beef, imported, round, lean, boiled"
11,11270,＜畜肉類＞　うし　［輸入牛肉］　もも　皮下脂肪なし　焼き,60.4,28.0,14.1,(0),1.1,205,4,190,41,320,23,3.3,6.6,0.09,0.02,1,17,8,0,0.6,0.08,0.22,5.6,0.53,1.7,10,0.88,"{""baseName"":""うし"",""part"":""もも"",""formModifiers"":[""皮下脂肪なし""],""state"":""焼き"",""notes"":[""畜肉類"",""輸入牛肉""]}",焼き牛もも（脂肪少なめ）は良質な蛋白源で犬の素材として非常に適している。,10,1,1,1300,2300,2500,740,320,1100,1100,1000,2200,1400,350,1400,1000,1900,11.41,0.63,0.16,0.47,360,70,32,0,71,217.85,172129,94.2,"Beef, imported, round, lean, grilled"
11,11077,＜畜肉類＞　うし　［輸入牛肉］　もも　赤肉　生,74.2,21.2,4.3,(0),1.0,117,4,180,44,340,23,2.6,4.1,0.08,0.01,-,-,3,0.1,0.4,0.09,0.21,5.4,0.48,1.6,8,0.82,"{""baseName"":""うし"",""part"":""もも"",""formModifiers"":[""赤肉""],""state"":""生"",""notes"":[""畜肉類"",""輸入牛肉""]}",牛もも赤肉は良質な動物性たんぱく源で犬のレシピ素材として理想的,10,1,1,(940),(1700),(1900),(540),(230),(770),(850),(730),(1600),(950),(260),(1000),(840),(1400),3.40,0.19,0.03,0.16,120,15,4,1,24,110.75,173977,,"Beef, imported, round, red meat, raw"
11,11078,＜畜肉類＞　うし　［輸入牛肉］　もも　脂身　生,28.1,6.3,64.4,(0),0.4,580,2,61,19,120,7,0.9,0.8,0.02,0.01,-,-,35,0.9,1.2,0.02,0.03,1.6,0.13,0.4,2,0.46,"{""baseName"":""うし"",""part"":""もも"",""formModifiers"":[""脂身""],""state"":""生"",""notes"":[""畜肉類"",""輸入牛肉""]}",牛もも（脂身）は良質なタンパク源で犬のレシピ素材として適しています。,9,1,1,(180),(370),(370),(98),(60),(160),(220),(140),(360),(210),(37),(280),(180),(500),56.08,1.10,0.37,0.73,730,280,0,0,0,572.25,171729,,"Beef, imported, round, fat, raw"
11,11079,＜畜肉類＞　うし　［輸入牛肉］　そともも　脂身つき　生,65.8,18.7,14.3,(0),0.9,197,4,170,48,320,20,1.1,2.9,0.08,Tr,-,-,9,0.3,0.7,0.06,0.16,4.3,0.37,1.3,6,0.80,"{""baseName"":""うし"",""part"":""そともも"",""formModifiers"":[""脂身つき""],""state"":""生"",""notes"":[""畜肉類"",""輸入牛肉""]}",輸入牛のそともも（脂身つき）はエネルギーとたんぱく源として犬に適している,9,1,1,(820),(1500),(1600),(470),(200),(670),(750),(640),(1400),(830),(230),(920),(730),(1200),(12.12),(0.29),(0.10),(0.19),(170),(70),(5),(0),(9),188.05,171733,,"Beef, imported, outside round, with fat, raw"
11,11080,＜畜肉類＞　うし　［輸入牛肉］　そともも　皮下脂肪なし　生,67.6,19.3,11.9,(0),0.9,178,4,180,49,330,20,1.0,3.0,0.08,Tr,-,-,7,0.3,0.7,0.06,0.17,4.4,0.38,1.4,6,0.82,"{""baseName"":""うし"",""part"":""そともも"",""formModifiers"":[""皮下脂肪なし""],""state"":""生"",""notes"":[""畜肉類"",""輸入牛肉""]}",牛肉は良質な動物性タンパク源で犬のレシピ素材として適している,9,1,1,(850),(1500),(1700),(490),(210),(700),(770),(660),(1400),(860),(230),(950),(760),(1300),(10.02),(0.25),(0.09),(0.16),(150),(60),(5),(0),(9),169.75,171733,,"Beef, imported, outside round, lean, raw"
11,11081,＜畜肉類＞　うし　［輸入牛肉］　そともも　赤肉　生,73.6,21.2,3.9,(0),1.0,117,4,190,53,360,22,1.9,3.3,0.09,0,-,-,3,0.2,0.7,0.07,0.19,4.9,0.42,1.5,7,0.87,"{""baseName"":""うし"",""part"":""そともも"",""formModifiers"":[""赤肉""],""state"":""生"",""notes"":[""畜肉類"",""輸入牛肉""]}",牛赤肉のそとももは良質なタンパク源で犬のレシピ素材として適する。,9,1,1,(940),(1700),(1900),(540),(230),(780),(850),(730),(1600),(950),(260),(1000),(840),(1400),3.00,0.12,0.05,0.07,57,26,6,0,10,108.4,173977,,"Beef, imported, outside round, red meat, raw"
11,11082,＜畜肉類＞　うし　［輸入牛肉］　ランプ　脂身つき　生,63.8,18.4,16.4,(0),1.0,214,3,170,45,310,20,1.3,3.4,0.10,Tr,-,-,10,0.4,0.8,0.09,0.24,4.0,0.44,1.9,7,0.91,"{""baseName"":""うし"",""part"":""ランプ"",""formModifiers"":[""脂身つき""],""state"":""生"",""notes"":[""畜肉類"",""輸入牛肉""]}",生の牛ランプは良質なタンパク質と脂肪を含み犬のレシピ素材として適している。,9,1,1,(800),(1500),(1600),(460),(200),(660),(730),(620),(1400),(810),(220),(900),(720),(1200),(14.05),(0.37),(0.13),(0.24),(220),(86),(9),(0),(14),205.2,173975,,"Beef, imported, rump, with fat, raw"
11,11083,＜畜肉類＞　うし　［輸入牛肉］　ランプ　皮下脂肪なし　生,67.7,19.7,11.1,(0),1.0,174,4,190,47,330,21,1.1,3.7,0.11,Tr,-,-,8,0.3,0.8,0.10,0.26,4.2,0.47,2.0,7,0.96,"{""baseName"":""うし"",""part"":""ランプ"",""formModifiers"":[""皮下脂肪なし""],""state"":""生"",""notes"":[""畜肉類"",""輸入牛肉""]}",牛ランプ（生）は良質な動物性タンパク源で、犬のレシピ素材として理想的,10,1,1,(870),(1600),(1700),(500),(210),(710),(790),(670),(1500),(880),(240),(970),(770),(1300),(9.40),(0.29),(0.10),(0.18),(160),(64),(10),(0),(16),165.05,171733,,"Beef, imported, rump, lean, raw"
11,11084,＜畜肉類＞　うし　［輸入牛肉］　ランプ　赤肉　生,73.8,21.6,3.0,(0),1.1,112,4,210,52,360,23,2.6,4.1,0.12,0,-,-,4,0.2,0.7,0.11,0.29,4.6,0.52,2.3,8,1.03,"{""baseName"":""うし"",""part"":""ランプ"",""formModifiers"":[""赤肉""],""state"":""生"",""notes"":[""畜肉類"",""輸入牛肉""]}",牛ランプは良質な赤肉のタンパク源で理想的な素材。,10,1,1,(960),(1700),(1900),(550),(240),(790),(870),(750),(1600),(970),(270),(1100),(850),(1400),2.31,0.17,0.06,0.10,74,31,11,0,18,102.85,171734,,"Beef, imported, rump, red meat, raw"
11,11085,＜畜肉類＞　うし　［輸入牛肉］　ヒレ　赤肉　生,73.3,20.5,4.8,(0),1.1,123,4,180,45,370,24,2.8,2.8,0.11,0.02,-,-,4,0.4,0.7,0.10,0.25,4.7,0.39,2.0,5,1.26,"{""baseName"":""うし"",""part"":""ヒレ"",""formModifiers"":[""赤肉""],""state"":""生"",""notes"":[""畜肉類"",""輸入牛肉""]}",牛ヒレは良質なタンパク源で犬のレシピ素材として適している,9,1,1,(1000),(1800),(2000),(570),(210),(780),(850),(800),(1700),(1000),(240),(1100),(780),(1400),3.99,0.22,0.08,0.14,110,42,12,2,21,113.6,173965,,"Beef, imported, tenderloin, red meat, raw"
11,11086,＜畜肉類＞　うし　［子牛肉］　リブロース　皮下脂肪なし　生,76.0,21.7,0.9,(0),1.1,94,5,190,67,360,23,1.6,2.8,0.07,0,-,-,0,0,0.1,0.09,0.17,8.9,0.48,1.2,6,0.72,"{""baseName"":""うし"",""part"":""リブロース"",""formModifiers"":[""皮下脂肪なし""],""state"":""生"",""notes"":[""畜肉類"",""子牛肉""]}",子牛リブロースは良質なたんぱく源だが脂肪量に配慮して使用する。,9,1,1,(1100),(1700),(1800),(510),(250),(750),(880),(690),(1600),(950),(220),(1200),(790),(1300),0.49,0.13,0.01,0.13,84,1,1,0,32,84.65,175269,,"Veal, rib roast, lean, raw"
11,11087,＜畜肉類＞　うし　［子牛肉］　ばら　皮下脂肪なし　生,74.5,20.9,3.6,(0),1.0,113,6,160,100,320,19,1.7,3.6,0.07,0,-,-,3,0,0.2,0.10,0.18,6.2,0.26,1.6,3,0.84,"{""baseName"":""うし"",""part"":""ばら"",""formModifiers"":[""皮下脂肪なし""],""state"":""生"",""notes"":[""畜肉類"",""子牛肉""]}",子牛のばら肉は良質な動物性タンパク源でレシピ素材として適している,9,1,1,(1000),(1700),(1700),(490),(240),(720),(840),(670),(1500),(910),(210),(1200),(760),(1200),2.80,0.25,0.01,0.24,190,6,0,0,34,103.75,172478,,"Veal, brisket, lean, raw"
11,11088,＜畜肉類＞　うし　［子牛肉］　もも　皮下脂肪なし　生,74.8,21.2,2.7,(0),1.1,107,5,200,54,390,23,1.3,2.3,0.06,0,-,-,3,0,0.1,0.08,0.16,9.3,0.44,0.8,5,0.72,"{""baseName"":""うし"",""part"":""もも"",""formModifiers"":[""皮下脂肪なし""],""state"":""生"",""notes"":[""畜肉類"",""子牛肉""]}",子牛もも肉（生）は高品質な肉類で犬のレシピ素材として適している,10,1,1,(1000),(1700),(1700),(500),(240),(730),(860),(680),(1500),(930),(210),(1200),(770),(1200),2.00,0.21,0.01,0.20,150,7,0,0,30,97.85,175268,89.5,"Veal, round, lean, raw"
11,11089,＜畜肉類＞　うし　［ひき肉］　生,61.4,17.1,21.1,(0),0.8,251,6,100,64,260,17,2.4,5.2,0.06,Tr,1,11,12,0.1,0.5,0.08,0.19,4.2,0.25,1.6,5,0.72,"{""baseName"":""うし"",""state"":""生"",""notes"":[""畜肉類"",""ひき肉""]}",牛ひき肉は良質な動物性タンパク源で犬のレシピ素材として適切,9,1,1,720,1300,1400,410,180,590,670,560,1200,770,190,790,610,1100,18.95,0.63,0.24,0.39,330,80,32,87,19,239.2,168608,67.4,"Beef, ground, raw"
11,11272,＜畜肉類＞　うし　［ひき肉］　焼き,52.2,25.9,21.3,(0),1.2,280,8,150,92,390,26,3.4,7.6,0.09,0.01,1,15,5,0.1,0.7,0.11,0.26,6.3,0.34,1.7,7,1.02,"{""baseName"":""うし"",""state"":""焼き"",""notes"":[""畜肉類"",""ひき肉""]}",焼いた牛ひき肉は良質なタンパク源で調理済みのためそのまま素材として適切。,10,1,1,1100,2100,2300,640,290,930,1100,890,2000,1200,300,1300,950,1800,17.97,0.52,0.09,0.43,380,63,0,0,31,271.7,168608,67.4,"Beef, ground, grilled"
11,11090,＜畜肉類＞　うし　［副生物］　舌　生,54.0,13.3,31.8,(0),0.7,318,3,130,60,230,15,2.0,2.8,0.09,0.01,1,10,3,0,0.9,0.10,0.23,3.8,0.14,3.8,14,0.68,"{""baseName"":""うし"",""part"":""舌"",""state"":""生"",""notes"":[""畜肉類"",""副生物""]}",牛舌は高タンパクで風味があり犬の肉素材として適切,9,1,1,630,1200,1200,350,160,510,590,500,1100,680,160,720,420,960,28.42,1.25,0.06,1.18,1000,48,0,0,70,317.55,170196,,"Beef, tongue, raw"
11,11273,＜畜肉類＞　うし　［副生物］　舌　焼き,41.4,20.2,37.1,(0),1.0,401,4,180,78,320,22,2.9,4.6,0.12,0.01,1,16,3,0,1.2,0.11,0.36,5.2,0.16,5.4,14,0.99,"{""baseName"":""うし"",""part"":""舌"",""state"":""焼き"",""notes"":[""畜肉類"",""副生物""]}",焼いた牛舌は内臓肉としてミネラルとタンパク質が豊富で、調理済みで使いやすい。,9,1,1,900,1700,1800,510,250,750,850,720,1600,990,230,1000,590,1400,32.60,1.39,0.07,1.32,1200,53,0,0,81,387.1,170196,,"Beef, tongue, grilled"
11,11091,＜畜肉類＞　うし　［副生物］　心臓　生,74.8,16.5,7.6,(0),1.0,128,5,170,70,260,23,3.3,2.1,0.42,-,-,-,9,0,0.6,0.42,0.90,5.8,0.29,12.0,16,2.16,"{""baseName"":""うし"",""part"":""心臓"",""state"":""生"",""notes"":[""畜肉類"",""副生物""]}",内臓肉で栄養密度が高く良質な素材（ビタミン・ミネラル源）である。,9,1,1,750,1400,1300,410,220,630,710,550,1300,750,210,880,440,1100,5.92,0.33,Tr,0.32,290,2,0,0,20,122.7,168625,,"Beef, heart, raw"
11,11092,＜畜肉類＞　うし　［副生物］　肝臓　生,71.5,19.6,3.7,(0),1.5,119,5,330,55,300,17,4.0,3.8,5.30,-,4,50,1100,0,0.3,0.22,3.00,14.0,0.89,53.0,1000,6.40,"{""baseName"":""うし"",""part"":""肝臓"",""state"":""生"",""notes"":[""畜肉類"",""副生物""]}",牛の肝臓は高品質なタンパク質と微量栄養素を含むため犬のレシピ素材として適している。,9,1,1,920,1900,1600,480,340,820,1100,710,1800,960,290,1200,610,1200,2.05,0.64,0.07,0.57,200,6,10,9,170,113,169451,333.3,"Beef, liver, raw"
11,11093,＜畜肉類＞　うし　［副生物］　じん臓　生,75.7,16.7,6.4,(0),1.0,118,6,200,80,280,12,4.5,1.5,0.28,-,6,210,4,0,0.3,0.46,0.85,5.5,0.45,22.0,250,4.08,"{""baseName"":""うし"",""part"":""じん臓"",""state"":""生"",""notes"":[""畜肉類"",""副生物""]}",牛の腎臓はタンパク質・ミネラルが豊富な臓器肉で素材として有用。,8,1,1,720,1500,1200,370,300,670,770,580,1400,750,260,980,440,1000,4.82,0.45,0.03,0.42,230,11,2,0,150,113.55,169449,,"Beef, kidney, raw"
11,11094,＜畜肉類＞　うし　［副生物］　第一胃　ゆで,66.6,24.5,8.4,(0),0.5,166,11,82,51,130,14,0.7,4.2,0.08,0.03,-,-,1,Tr,0.4,0.04,0.14,1.7,0.01,2.0,3,0.49,"{""baseName"":""うし"",""variety"":""第一胃"",""state"":""ゆで"",""notes"":[""畜肉類"",""副生物""]}",加熱済みの内臓で、犬に利用される良い蛋白・ミネラル源。,9,1,1,(880),(1700),(1600),(490),(370),(860),(830),(710),(1500),(960),(240),(1200),(470),(1700),6.59,0.51,0.08,0.39,240,26,0,0,120,157.15,170599,194.8,"Beef, tripe (rumen), boiled"
11,11095,＜畜肉類＞　うし　［副生物］　第二胃　ゆで,71.6,12.4,15.7,(0),0.3,186,7,55,39,64,6,0.6,1.5,0.04,0.07,-,-,3,0.1,0.3,0.02,0.10,1.0,0.01,2.0,12,0.44,"{""baseName"":""うし"",""variety"":""第二胃"",""state"":""ゆで"",""notes"":[""畜肉類"",""副生物""]}",ゆでた牛の第二胃（トライプ）は犬に好まれる副生物で栄養源として利用可能,9,1,1,(450),(860),(810),(250),(190),(430),(420),(360),(780),(480),(120),(580),(240),(860),14.05,0.53,0.05,0.40,310,34,0,0,67,176.85,170599,194.8,"Beef, tripe (reticulum), boiled"
11,11096,＜畜肉類＞　うし　［副生物］　第三胃　生,86.6,11.7,1.3,(0),0.4,57,16,80,50,83,10,6.8,2.6,0.08,0.07,-,-,4,0,0.1,0.04,0.32,1.7,0.02,4.6,33,0.64,"{""baseName"":""うし"",""variety"":""第三胃"",""state"":""生"",""notes"":[""畜肉類"",""副生物""]}",第三胃（せんまい）は内臓肉として利用でき、加熱や下処理が必要。,9,1,1,(420),(810),(760),(230),(180),(410),(400),(340),(740),(460),(110),(550),(220),(810),0.89,0.10,Tr,0.09,55,2,0,0,25,52,170599,194.8,"Beef, tripe (omasum), raw"
11,11097,＜畜肉類＞　うし　［副生物］　第四胃　ゆで,58.5,11.1,30.0,(0),0.4,308,8,86,38,51,8,1.8,1.4,0.11,0.07,-,-,5,0.2,0.5,0.05,0.14,0.6,0.01,3.6,10,0.34,"{""baseName"":""うし"",""variety"":""第四胃"",""state"":""ゆで"",""notes"":[""畜肉類"",""副生物""]}",牛の第四胃（トライプ）は加熱済みで栄養価が高く犬の素材として使える,8,1,1,(400),(770),(720),(220),(170),(390),(380),(320),(700),(430),(110),(520),(210),(770),27.40,0.89,0.08,0.67,580,65,0,0,74,293.85,170599,194.8,"Beef, tripe (abomasum), boiled"
11,11098,＜畜肉類＞　うし　［副生物］　小腸　生,63.3,9.9,26.1,(0),0.7,268,7,140,77,180,10,1.2,1.2,0.07,0.10,-,-,2,0,0.3,0.07,0.23,3.1,0.05,21.0,15,1.21,"{""baseName"":""うし"",""variety"":""小腸"",""state"":""生"",""notes"":[""畜肉類"",""副生物""]}",牛小腸は内臓類のたんぱく源として利用可能だが、衛生管理や調理の必要性があるため取り扱いに注意,7,1,1,(360),(680),(640),(200),(150),(350),(340),(290),(620),(390),(95),(470),(190),(680),23.62,0.58,0.08,0.30,210,72,0,0,55,256.5,169452,,"Beef, small intestine, raw"
11,11099,＜畜肉類＞　うし　［副生物］　大腸　生,77.2,9.3,13.0,(0),0.5,150,9,77,61,120,8,0.8,1.3,0.05,0.05,-,-,2,0,0.2,0.04,0.14,2.1,0.01,1.3,8,0.66,"{""baseName"":""うし"",""variety"":""大腸"",""state"":""生"",""notes"":[""畜肉類"",""副生物""]}",牛の大腸はたんぱく質源として利用できるが内臓であるため取り扱いに注意が必要。,8,1,1,(330),(640),(600),(190),(140),(330),(320),(270),(590),(360),(89),(440),(180),(640),11.71,0.47,0.05,0.35,290,42,0,0,44,143.05,170599,194.8,"Beef, large intestine, raw"
11,11100,＜畜肉類＞　うし　［副生物］　直腸　生,80.7,11.6,7.0,(0),0.7,106,9,100,87,190,10,0.6,1.7,0.05,0.04,-,-,2,0,0.2,0.05,0.15,2.3,0.01,1.7,24,0.85,"{""baseName"":""うし"",""variety"":""直腸"",""state"":""生"",""notes"":[""畜肉類"",""副生物""]}",肉類の副生物として良質なタンパク源であるが、衛生管理と加熱に注意,9,1,1,(420),(800),(750),(230),(170),(410),(390),(340),(730),(450),(110),(550),(220),(800),6.09,0.25,0.01,0.20,150,7,0,0,40,100.1,170599,194.8,"Beef, rectum, raw"
11,11101,＜畜肉類＞　うし　［副生物］　腱　ゆで,65.4,31,5.1,(0),0.3,157,14,23,86,18,4,0.4,1,0.02,0.01,1,9,1,0,0.1,Tr,0.04,0.2,Tr,0.5,2,0.1,"{""baseName"":""うし"",""variety"":""腱"",""state"":""ゆで"",""notes"":[""畜肉類"",""副生物""]}",牛腱（ゆで）はコラーゲンが豊富で犬のレシピに利用可能,8,1,1,590,1200,1100,290,80,80,780,360,1100,760,36,940,310,2700,4.45,0.10,0.01,0.08,56,6,0,0,14,151.85,171119,13.3,"Beef, tendon, boiled"
11,11102,＜畜肉類＞　うし　［副生物］　子宮　ゆで,78.2,18.4,3.0,(0),0.4,95,8,63,79,74,7,1.2,1.7,0.06,0.02,-,-,0,0,0.2,0.01,0.10,0.5,0.01,1.7,10,0.35,"{""baseName"":""うし"",""variety"":""子宮"",""state"":""ゆで"",""notes"":[""畜肉類"",""副生物""]}",牛の子宮（ゆで）は内臓肉で栄養価があるが扱いに注意が必要,7,0,1,,,,,,,,,,,,,,,2.31,0.16,0.01,0.13,77,7,0,0,45,89.9,168629,,"Beef, uterus, boiled"
11,11103,＜畜肉類＞　うし　［副生物］　尾　生,40.7,11.6,47.1,(0),0.6,440,7,85,50,110,13,2.0,4.3,0.08,-,-,-,20,0,0.3,0.06,0.17,2.6,0.26,1.8,3,1.95,"{""baseName"":""うし"",""variety"":""尾"",""state"":""生"",""notes"":[""畜肉類"",""副生物""]}",牛の尾（テール）はタンパク質・コラーゲン源として使えるが下処理に留意,8,0,1,,,,,,,,,,,,,,,41.75,1.30,0,1.30,1200,0,0,0,35,440.95,171728,,"Beef, oxtail, raw"
11,11274,＜畜肉類＞　うし　［副生物］　横隔膜　生,57.0,14.8,27.3,(0),0.7,288,2,140,48,250,16,3.2,3.7,0.13,0.01,1,14,4,0,0.7,0.14,0.35,4.0,0.18,3.8,6,1.06,"{""baseName"":""うし"",""variety"":""横隔膜"",""state"":""生"",""notes"":[""畜肉類"",""副生物""]}",牛の横隔膜は良質な肉質でタンパク源として適している,9,1,1,670,1300,1300,390,170,560,650,540,1200,720,180,750,510,1000,24.79,0.97,0.06,0.91,790,48,0,0,64,284.55,170196,,"Beef, diaphragm, raw"
11,11296,＜畜肉類＞　うし　［副生物］　横隔膜　ゆで,39.6,21.3,36.7,(0),0.5,414,3,130,25,120,14,4.2,5.6,0.19,0.01,2,20,5,(0),1.0,0.08,0.35,2.7,0.13,3.9,7,0.71,"{""baseName"":""うし"",""variety"":""横隔膜"",""state"":""ゆで"",""notes"":[""畜肉類"",""副生物""]}",牛横隔膜（ゆで）は良質な肉で加熱済みの部位は素材として適切,9,1,1,1000,2000,2100,630,260,880,1000,850,1800,1100,290,1200,700,1600,33.42,1.27,0.07,1.20,1000,65,0,0,72,393.15,174737,,"Beef, diaphragm, boiled"
11,11297,＜畜肉類＞　うし　［副生物］　横隔膜　焼き,39.4,21.1,37.2,(0),0.8,401,3,170,49,270,19,4.1,5.3,0.19,0.01,2,19,4,(0),1.1,0.15,0.46,5.0,0.21,6.3,9,1.29,"{""baseName"":""うし"",""variety"":""横隔膜"",""state"":""焼き"",""notes"":[""畜肉類"",""副生物""]}",牛の横隔膜（はらみ）は良質なたんぱくで犬の食材として適する,9,1,1,1000,2000,2000,610,260,880,980,830,1800,1100,280,1100,730,1600,33.93,1.34,0.08,1.26,1100,69,0,0,82,395.3,173055,,"Beef, diaphragm, grilled"
11,11104,＜畜肉類＞　うし　［加工品］　ローストビーフ,64.0,21.7,11.7,(0),1.7,190,6,200,310,260,24,2.3,4.1,0.10,0.01,1,15,Tr,0.1,0.3,0.08,0.25,6.3,0.47,1.6,9,0.98,"{""baseName"":""うし"",""variety"":""ローストビーフ"",""notes"":[""畜肉類"",""加工品""]}",ローストビーフは良質な動物性タンパク源で犬のレシピ素材として適している,9,1,1,1000,1800,2000,540,230,780,900,800,1700,1100,270,1100,870,1400,10.19,0.40,0.06,0.34,310,38,6,0,21,178.55,171784,104,"Beef, roast beef"
11,11105,＜畜肉類＞　うし　［加工品］　コンビーフ缶詰,63.4,19.8,13.0,(0),2.1,191,15,120,690,110,13,3.5,4.1,0.11,0.04,9,10,Tr,0,0.8,0.02,0.14,7.6,0.04,1.3,5,0.20,"{""baseName"":""うし"",""variety"":""コンビーフ缶詰"",""notes"":[""畜肉類"",""加工品""]}",牛肉由来の良質なたんぱく源。加工品で塩分・脂肪が高めなので使用量に注意。,6,1,1,960,1600,1700,510,160,660,850,740,1600,970,240,1100,660,1300,12.06,0.32,0.07,0.25,210,42,10,0,15,185.75,170602,89.2,"Beef, corned beef, canned"
11,11106,＜畜肉類＞　うし　［加工品］　味付け缶詰,64.3,19.2,4.4,(0),2.2,156,8,110,720,180,16,3.4,4.0,0.09,0.09,2,11,Tr,0,0.7,0.33,0.19,2.4,0.06,1.4,8,0.22,"{""baseName"":""うし"",""variety"":""味付け缶詰"",""notes"":[""畜肉類"",""加工品""]}",味付けされた加工缶詰で塩分や糖分が高い可能性があるため加工品評価,5,1,1,910,1600,1700,420,180,600,820,640,1500,980,220,990,610,1300,3.94,0.16,0.05,0.11,84,26,5,2,14,139.25,173330,15.6,"Beef, seasoned, canned"
11,11107,＜畜肉類＞　うし　［加工品］　ビーフジャーキー,24.4,54.8,7.8,(0),6.6,304,13,420,1900,760,54,6.4,8.8,0.25,0.13,5,38,5,0.3,2.2,0.13,0.45,12.0,0.85,3.5,12,1.25,"{""baseName"":""うし"",""variety"":""ビーフジャーキー"",""notes"":[""畜肉類"",""加工品""]}",ビーフジャーキーは肉としての蛋白源は良いが、塩分や保存料・加工が強く素材としてはやや不適当。,5,1,1,2600,4500,4700,1400,580,2000,2200,1900,4100,2700,690,2800,2200,3500,5.51,0.69,0.16,0.50,390,80,24,0,78,280.5,167536,109.1,Beef jerky
11,11108,＜畜肉類＞　うし　［加工品］　スモークタン,55.9,18.1,23.0,(0),2.1,273,6,150,630,190,16,2.6,4.2,0.12,0.02,3,18,18,0.3,0.6,0.08,0.27,3.4,0.13,4.7,4,1.12,"{""baseName"":""うし"",""variety"":""スモークタン"",""notes"":[""畜肉類"",""加工品""]}",牛タンは良質な動物性たんぱく源。燻製の加工があるが犬のレシピ素材として利用可能。,9,1,1,800,1500,1500,420,200,620,740,630,1400,880,210,880,480,1200,20.09,0.94,0.14,0.69,600,110,0,0,66,262,168985,,"Beef, smoked tongue"
11,11109,＜畜肉類＞　うま　肉　赤肉　生,76.1,20.1,2.5,(0),1.0,102,11,170,50,300,18,4.3,2.8,0.11,-,0,17,9,-,0.9,0.10,0.24,5.8,0.02,7.1,4,1.01,"{""baseName"":""うま"",""variety"":""肉"",""formModifiers"":[""赤肉""],""state"":""生"",""notes"":[""畜肉類""]}",馬肉は良質なタンパク源で犬のレシピ素材として適している。,9,1,1,1000,1700,1900,550,220,780,850,710,1600,1000,240,1100,1000,1300,2.08,0.29,0.09,0.20,180,91,0,0,12,92.65,175086,,"Horse, red meat, raw"
11,11110,＜畜肉類＞　くじら　肉　赤肉　生,74.3,24.1,0.4,(0),1.0,100,3,210,62,260,29,2.5,1.1,0.06,0.01,2,32,7,0.1,0.6,0.06,0.23,12.0,0.46,2.0,4,0.31,"{""baseName"":""くじら"",""variety"":""肉"",""formModifiers"":[""赤肉""],""state"":""生"",""notes"":[""畜肉類""]}",赤肉の良質なたんぱく源で犬のレシピ素材として適している,9,1,1,1100,2000,2500,630,210,840,950,790,1700,1100,290,1100,890,1500,0.25,0.06,0.04,0.02,7,1,25,12,8,88.45,174344,,"Whale, red meat, raw"
11,11111,＜畜肉類＞　くじら　うねす　生,49.0,18.8,31.4,(0),0.6,328,8,98,150,70,10,0.4,3.3,0.03,Tr,-,-,130,0.8,3.1,0.11,0.20,2.4,0.06,0.7,3,0.29,"{""baseName"":""くじら"",""variety"":""うねす"",""state"":""生"",""notes"":[""畜肉類""]}",くじら肉は動物性たんぱく源として利用できるが、一般的な肉同様に扱う必要がある。,9,0,1,,,,,,,,,,,,,,,26.82,7.21,5.80,1.21,760,170,2200,1800,210,333.4,168979,,"Whale, belly, raw"
11,11112,＜畜肉類＞　くじら　本皮　生,21.0,9.7,68.8,(0),0.3,577,6,33,59,44,3,0.2,0.2,0.02,Tr,-,-,130,0.3,4.8,0.11,0.05,0.5,0.01,0.4,1,0.11,"{""baseName"":""くじら"",""variety"":""本皮"",""state"":""生"",""notes"":[""畜肉類""]}",くじら本皮は動物性たんぱく源として利用可能だが、生食の衛生管理や入手性に注意が必要,7,0,1,,,,,,,,,,,,,,,50.11,13.74,11.20,2.18,1400,310,4300,3400,360,619.45,167624,,"Whale, outer skin, raw"
11,11113,＜畜肉類＞　くじら　さらしくじら,93.7,5.3,0.9,(0),0.1,28,1,13,1,Tr,Tr,0,Tr,0.01,0,-,-,8,0,0.1,0,0,0,0,0,0,0,"{""baseName"":""くじら"",""variety"":""さらしくじら"",""notes"":[""畜肉類""]}",くじら肉は動物性たんぱく源として利用できるが風味や調理法を考慮して扱う必要がある,8,0,1,,,,,,,,,,,,,,,0.77,0.14,0.11,0.03,20,5,38,35,4,26.2,167624,,"Whale, sarashi (boiled and shredded blubber)"
11,11114,＜畜肉類＞　しか　あかしか　赤肉　生,74.6,22.3,1.5,(0),1.1,102,4,200,58,350,26,3.1,3.1,0.18,0.02,-,-,3,Tr,0.5,0.21,0.35,8.0,0.54,0.6,1,0.81,"{""baseName"":""しか"",""variety"":""あかしか"",""formModifiers"":[""赤肉""],""state"":""生"",""notes"":[""畜肉類""]}",鹿肉（赤肉）は低脂肪の良質たんぱくで犬の素材として適している。,9,1,1,(880),(1900),(1900),(550),(250),(800),(910),(790),(1700),(1000),(0),(1000),(1100),(1600),0.90,0.20,0.09,0.11,80,41,20,5,22,92.55,175301,,"Deer, red deer, red meat, raw"
11,11275,＜畜肉類＞　しか　にほんじか　赤肉　生,71.4,23.9,4.0,(0),1.2,119,4,230,55,390,27,3.9,2.9,0.15,0.02,1,7,4,0,0.8,0.20,0.35,6.9,0.60,1.3,4,0.76,"{""baseName"":""しか"",""variety"":""にほんじか"",""formModifiers"":[""赤肉""],""state"":""生"",""notes"":[""畜肉類""]}",鹿肉は低脂肪で良質なタンパク源となり犬のレシピ素材として適しています。,9,1,1,1100,1900,2300,780,260,1000,1000,900,1900,1300,300,1400,1200,1600,2.89,0.42,0.12,0.30,220,54,21,5,68,117.65,173855,,"Deer, sika deer, red meat, raw"
11,11294,＜畜肉類＞　しか　にほんじか　えぞしか　赤肉　生,71.4,22.6,5.2,(0),1.1,126,4,210,52,350,26,3.4,2.8,0.14,0.01,1,6,5,0,0.6,0.21,0.32,7.9,0.55,1.3,4,0.75,"{""baseName"":""しか"",""variety"":""にほんじか えぞしか"",""formModifiers"":[""赤肉""],""state"":""生"",""notes"":[""畜肉類""]}",鹿肉は低脂肪で良質なタンパク源として犬に適している。,9,1,1,1100,1800,2100,740,250,990,980,850,1800,1200,280,1300,1100,1500,4.26,0.34,0.12,0.22,180,67,14,3,34,123.3,173855,,"Deer, sika deer, Yezo deer, red meat, raw"
11,11295,＜畜肉類＞　しか　にほんじか　きゅうしゅうじか　赤肉　生,74.4,22.6,2.5,(0),1.1,107,3,220,51,380,26,3.9,2.7,0.15,0.02,Tr,6,3,0,0.8,0.18,0.34,5.2,0.58,1.1,3,0.70,"{""baseName"":""しか"",""variety"":""にほんじか きゅうしゅうじか"",""formModifiers"":[""赤肉""],""state"":""生"",""notes"":[""畜肉類""]}",鹿肉は低脂肪で良質な動物性タンパク源で犬に適している（生肉は加熱など衛生管理が望ましい）。,9,1,1,1000,1800,2000,600,240,840,910,800,1700,1100,290,1100,1000,1400,1.75,0.36,0.09,0.27,190,36,20,5,69,100.35,173855,,"Venison (Japanese sika, Kyushu), lean, raw"
11,11311,＜畜肉類＞　しか　にほんじか　ほんしゅうじか　赤肉　生,77.1,21.4,1,-,1.1,90,4,210,60,370,25,3.3,2.3,0.17,0.01,1,4,2,0,0.8,0.17,0.3,5.5,0.48,1.7,3,0.58,"{""baseName"":""しか"",""variety"":""にほんじか ほんしゅうじか"",""formModifiers"":[""赤肉""],""state"":""生"",""notes"":[""畜肉類""]}",しか（鹿肉）は良質な動物性たんぱく源で犬のレシピ素材として適している。,9,1,1,950,1700,1900,590,230,230,850,750,1600,1000,280,1000,960,1300,0.58,0.19,0.05,0.14,98,24,9,1,34,83.4,173855,,"Venison (Japanese sika, Honshu), lean, raw"
11,11115,＜畜肉類＞　ぶた　［大型種肉］　かた　脂身つき　生,65.7,18.5,14.6,(0),1.0,201,4,180,53,320,21,0.5,2.7,0.09,0.01,-,-,5,0.2,0.3,0.66,0.23,4.9,0.32,0.4,2,1.16,"{""baseName"":""ぶた"",""part"":""かた"",""formModifiers"":[""脂身つき""],""state"":""生"",""notes"":[""畜肉類"",""大型種肉""]}",豚肉は良質な動物性たんぱく源で犬のレシピ素材として適している（脂身は量に注意）,9,0,1,,,,,,,,,,,,,,,13.40,1.65,0.10,1.55,1400,64,0,13,59,189.55,168255,64.2,"Pork, shoulder, large breed, with fat, raw"
11,11116,＜畜肉類＞　ぶた　［大型種肉］　かた　皮下脂肪なし　生,69.8,19.7,9.3,(0),1.0,158,4,190,55,340,22,0.4,2.9,0.09,0.01,-,-,4,0.2,0.3,0.71,0.25,5.3,0.34,0.4,2,1.23,"{""baseName"":""ぶた"",""part"":""かた"",""formModifiers"":[""皮下脂肪なし""],""state"":""生"",""notes"":[""畜肉類"",""大型種肉""]}",豚かた（皮下脂肪なし）は赤身の良いタンパク源でレシピ素材として適切,9,0,1,,,,,,,,,,,,,,,8.38,1.04,0.06,0.98,860,38,0,9,53,148.7,169187,88.9,"Pork, shoulder, large breed, trimmed, raw"
11,11117,＜畜肉類＞　ぶた　［大型種肉］　かた　赤肉　生,74.0,20.9,3.8,(0),1.1,114,4,200,58,360,24,1.1,3.1,0.10,0.01,-,-,3,0.1,0.3,0.75,0.27,5.6,0.37,0.4,2,1.29,"{""baseName"":""ぶた"",""part"":""かた"",""formModifiers"":[""赤肉""],""state"":""生"",""notes"":[""畜肉類"",""大型種肉""]}",豚肩（赤肉・生）は良質なたんぱく源で犬の素材として適している（加熱して与えるのが一般的）,8,0,1,,,,,,,,,,,,,,,3.17,0.40,0.02,0.38,300,10,0,5,46,106.15,168369,84.6,"Pork, shoulder, large breed, lean, raw"
11,11118,＜畜肉類＞　ぶた　［大型種肉］　かた　脂身　生,22.0,5.3,72.4,(0),0.3,663,2,54,23,98,5,0.4,0.4,0.03,0.01,-,-,16,0.7,0.5,0.20,0.05,1.4,0.06,0.5,2,0.48,"{""baseName"":""ぶた"",""part"":""かた"",""formModifiers"":[""脂身""],""state"":""生"",""notes"":[""畜肉類"",""大型種肉""]}",豚の脂身は脂質が高く多量は適さないため使用は控えめにする必要がある,6,0,1,,,,,,,,,,,,,,,68.13,8.31,0.49,7.82,7200,350,0,61,130,633.95,167811,15.4,"Pork, shoulder, large breed, fat, raw"
11,11119,＜畜肉類＞　ぶた　［大型種肉］　かたロース　脂身つき　生,62.6,17.1,19.2,(0),1.0,237,4,160,54,300,18,0.6,2.7,0.09,0.01,-,-,6,0.3,0.4,0.63,0.23,3.6,0.28,0.5,2,1.18,"{""baseName"":""ぶた"",""part"":""かたロース"",""formModifiers"":[""脂身つき""],""state"":""生"",""notes"":[""畜肉類"",""大型種肉""]}",ぶたかたロース脂身つきはたんぱく質源だが脂肪割合が高く注意が必要,7,1,1,(760),(1400),(1500),(460),(200),(650),(680),(600),(1300),(790),(200),(830),(770),(1100),17.54,2.10,0.12,1.99,1800,83,0,11,63,223.4,167843,60.6,"Pork, shoulder loin, large breed, with fat, raw"
11,11120,＜畜肉類＞　ぶた　［大型種肉］　かたロース　皮下脂肪なし　生,65.1,17.8,16.0,(0),1.0,212,4,170,56,310,19,0.5,2.9,0.09,0.01,-,-,6,0.3,0.4,0.66,0.25,3.7,0.30,0.4,2,1.23,"{""baseName"":""ぶた"",""part"":""かたロース"",""formModifiers"":[""皮下脂肪なし""],""state"":""生"",""notes"":[""畜肉類"",""大型種肉""]}",豚かたロースは良質なタンパク源で犬のレシピ素材として適切,9,1,1,(790),(1400),(1600),(480),(200),(680),(710),(630),(1300),(830),(210),(870),(800),(1200),14.53,1.70,0.09,1.61,1500,66,0,8,59,198.65,168316,50.7,"Pork, shoulder loin, large breed, trimmed, raw"
11,11121,＜畜肉類＞　ぶた　［大型種肉］　かたロース　赤肉　生,71.3,19.7,7.8,(0),1.1,146,4,190,61,340,21,1.1,3.2,0.10,0.01,-,-,4,0.2,0.3,0.72,0.28,4.0,0.33,0.4,2,1.34,"{""baseName"":""ぶた"",""part"":""かたロース"",""formModifiers"":[""赤肉""],""state"":""生"",""notes"":[""畜肉類"",""大型種肉""]}",豚かたロース赤肉（生）。良質なたんぱく源で調理して使用可能。,9,1,1,(890),(1600),(1700),(540),(230),(760),(790),(700),(1500),(930),(240),(960),(890),(1300),6.80,0.67,0.03,0.63,540,22,0,0,48,135.6,168369,84.6,"Pork, shoulder loin, large breed, lean, raw"
11,11122,＜畜肉類＞　ぶた　［大型種肉］　かたロース　脂身　生,23.6,5.4,70.7,(0),0.3,644,2,56,21,110,5,0.4,0.6,0.03,0,-,-,16,0.7,0.8,0.23,0.05,1.5,0.07,0.5,2,0.48,"{""baseName"":""ぶた"",""part"":""かたロース"",""formModifiers"":[""脂身""],""state"":""生"",""notes"":[""畜肉類"",""大型種肉""]}",豚かたロース（脂身含む）は良質な動物性たんぱくと脂質の供給源として適切,9,1,1,(170),(360),(360),(97),(54),(150),(210),(140),(350),(200),(33),(270),(220),(450),66.06,8.60,0.50,8.09,7500,360,0,63,130,619.85,167811,15.4,"Pork, shoulder loin, large breed, fat, raw"
11,11123,＜畜肉類＞　ぶた　［大型種肉］　ロース　脂身つき　生,60.4,19.3,19.2,(0),0.9,248,4,180,42,310,22,0.3,1.6,0.05,0.01,1,21,6,0.1,0.3,0.69,0.15,7.3,0.32,0.3,1,0.98,"{""baseName"":""ぶた"",""part"":""ロース"",""formModifiers"":[""脂身つき""],""state"":""生"",""notes"":[""畜肉類"",""大型種肉""]}",豚ロース（脂身つき）は良質なタンパク源だが脂肪分がやや高いため分量に注意して使用する素材である。,9,1,1,900,1600,1700,540,220,760,780,700,1500,960,230,1000,820,1300,17.73,2.21,0.11,2.10,1900,83,0,10,56,231.45,168286,58.4,"Pork, loin, large breed, with fat, raw"
11,11125,＜畜肉類＞　ぶた　［大型種肉］　ロース　脂身つき　ゆで,51.0,23.9,24.1,(0),0.7,299,5,140,25,180,19,0.4,2.2,0.06,0.01,Tr,26,3,0.1,Tr,0.54,0.16,4.9,0.32,0.6,1,0.67,"{""baseName"":""ぶた"",""part"":""ロース"",""formModifiers"":[""脂身つき""],""state"":""ゆで"",""notes"":[""畜肉類"",""大型種肉""]}",加熱済みの豚ロースで良質なタンパク源、脂身は量に配慮して使用,9,1,1,1200,2000,2200,690,270,960,1000,920,1900,1200,310,1300,870,1700,22.41,2.78,0.14,2.64,2400,100,0,12,70,289.55,167890,,"Pork, loin, large breed, with fat, boiled"
11,11124,＜畜肉類＞　ぶた　［大型種肉］　ロース　脂身つき　焼き,49.1,26.7,22.7,(0),1.2,310,6,250,52,400,29,0.4,2.2,0.07,0.01,2,29,2,0.1,0.1,0.90,0.21,9.2,0.33,0.5,1,1.19,"{""baseName"":""ぶた"",""part"":""ロース"",""formModifiers"":[""脂身つき""],""state"":""焼き"",""notes"":[""畜肉類"",""大型種肉""]}",焼き豚ロース（脂身つき）は調理済みの良質なたんぱく源だが脂肪が多めな点に注意。,9,1,1,1300,2100,2400,730,300,1000,1100,960,2000,1300,330,1400,1100,1800,21.16,2.54,0.12,2.42,2200,94,0,9,62,287.45,167841,76,"Pork, loin, large breed, with fat, grilled"
11,11276,＜畜肉類＞　ぶた　［大型種肉］　ロース　脂身つき　とんかつ,31.2,22.0,35.9,0.7,1.1,429,14,200,110,340,27,0.6,1.9,0.07,0.12,Tr,23,11,0.7,3.5,0.75,0.15,7.0,0.31,0.5,6,0.79,"{""baseName"":""ぶた"",""variety"":""とんかつ"",""part"":""ロース"",""formModifiers"":[""脂身つき""],""notes"":[""畜肉類"",""大型種肉""]}",とんかつ（豚ロース・揚げ物）は揚げ調理と衣・脂肪があるため加工食品として不適切寄りである,3,1,1,1000,1800,1800,570,260,830,910,690,1600,1000,260,1100,890,1400,33.53,6.03,1.40,4.63,4400,1400,14,17,57,414,168298,73,"Pork, loin, large breed, with fat, breaded fried (tonkatsu)"
11,11126,＜畜肉類＞　ぶた　［大型種肉］　ロース　皮下脂肪なし　生,65.7,21.1,11.9,(0),1.0,190,5,200,45,340,24,0.3,1.8,0.06,0.01,1,23,5,0.1,0.3,0.75,0.16,8.0,0.35,0.3,1,1.05,"{""baseName"":""ぶた"",""part"":""ロース"",""formModifiers"":[""皮下脂肪なし""],""state"":""生"",""notes"":[""畜肉類"",""大型種肉""]}",豚ロースは良質なタンパク源で犬のレシピ素材として適しています。,9,1,1,(980),(1700),(1900),(580),(240),(820),(850),(780),(1600),(1100),(260),(1100),(960),(1400),10.84,1.28,0.06,1.22,1100,46,0,6,47,176.05,168286,58.4,"Pork, loin, large breed, trimmed, raw"
11,11127,＜畜肉類＞　ぶた　［大型種肉］　ロース　赤肉　生,70.3,22.7,5.6,(0),1.1,140,5,210,48,360,26,0.7,1.9,0.06,0.01,1,25,4,0.1,0.3,0.80,0.18,8.6,0.38,0.3,1,1.11,"{""baseName"":""ぶた"",""part"":""ロース"",""formModifiers"":[""赤肉""],""state"":""生"",""notes"":[""畜肉類"",""大型種肉""]}",豚ロース生は良質な動物性たんぱく源で犬のレシピ素材として適している。,9,1,1,1100,1800,2000,620,260,890,920,840,1800,1200,280,1100,1000,1500,4.90,0.48,0.02,0.45,380,14,0,3,40,128.1,168312,79.7,"Pork, loin, large breed, lean, raw"
11,11128,＜畜肉類＞　ぶた　［大型種肉］　ロース　脂身　生,18.3,5.1,76.3,(0),0.3,695,1,54,15,110,5,0.2,0.3,0.03,0,0,4,15,0.2,0.4,0.22,0.05,1.8,0.07,0.6,1,0.44,"{""baseName"":""ぶた"",""part"":""ロース"",""formModifiers"":[""脂身""],""state"":""生"",""notes"":[""畜肉類"",""大型種肉""]}",豚ロース脂身はたんぱく質・脂肪源として使えるが脂肪分に注意,8,1,1,170,340,340,92,52,140,200,140,340,200,31,260,210,440,71.58,9.48,0.48,9.00,8400,370,0,41,120,666.4,167811,15.4,"Pork, loin, large breed, fat, raw"
11,11129,＜畜肉類＞　ぶた　［大型種肉］　ばら　脂身つき　生,49.4,14.4,35.4,(0),0.7,366,3,130,50,240,15,0.6,1.8,0.04,0.01,0,13,11,0.5,0.5,0.51,0.13,4.7,0.22,0.5,2,0.64,"{""baseName"":""ぶた"",""part"":""ばら"",""formModifiers"":[""脂身つき""],""state"":""生"",""notes"":[""畜肉類"",""大型種肉""]}",豚ばらはタンパク質源だが脂身が多いため与える量に注意が必要。,8,1,1,630,1100,1200,340,160,490,580,510,1100,680,160,730,520,1000,33.36,3.50,0.18,3.32,3000,160,0,0,75,351.65,167812,,"Pork, belly, large breed, with fat, raw"
11,11277,＜畜肉類＞　ぶた　［大型種肉］　ばら　脂身つき　焼き,37.1,19.6,43.9,(0),0.8,444,4,140,56,270,17,0.7,2.2,0.05,0,Tr,18,11,0.6,0.6,0.57,0.14,6.5,0.27,0.7,1,0.68,"{""baseName"":""ぶた"",""part"":""ばら"",""formModifiers"":[""脂身つき""],""state"":""焼き"",""notes"":[""畜肉類"",""大型種肉""]}",焼いた豚ばら（脂身つき）。エネルギー源として使えるが脂肪が多い点に注意。,8,1,1,850,1500,1600,480,210,690,770,680,1400,900,220,970,670,1300,40.03,3.87,0.19,3.68,3400,170,0,0,65,441.75,167812,,"Pork, belly, large breed, with fat, grilled"
11,11130,＜畜肉類＞　ぶた　［大型種肉］　もも　脂身つき　生,68.1,20.5,10.2,(0),1.0,171,4,200,47,350,24,0.7,2.0,0.08,0.01,-,-,4,0.1,0.3,0.90,0.21,6.2,0.31,0.3,2,0.84,"{""baseName"":""ぶた"",""part"":""もも"",""formModifiers"":[""脂身つき""],""state"":""生"",""notes"":[""畜肉類"",""大型種肉""]}",ぶたもも（脂身つき）は良質な動物性たんぱくで利用可能だが脂肪量には注意が必要。,9,1,1,(900),(1600),(1700),(560),(240),(800),(810),(700),(1500),(910),(260),(1000),(860),(1300),9.07,1.24,0.06,1.18,1100,45,1,3,57,159.15,168222,,"Pork, ham, large breed, with fat, raw"
11,11131,＜畜肉類＞　ぶた　［大型種肉］　もも　皮下脂肪なし　生,71.2,21.5,6.0,(0),1.1,138,4,210,49,360,25,0.7,2.1,0.08,0.01,0,23,3,0.1,0.3,0.94,0.22,6.5,0.32,0.3,2,0.87,"{""baseName"":""ぶた"",""part"":""もも"",""formModifiers"":[""皮下脂肪なし""],""state"":""生"",""notes"":[""畜肉類"",""大型種肉""]}",豚もも肉（皮下脂肪なし）は良質なタンパク源で犬のレシピ素材として適切,9,1,1,980,1700,1900,600,260,850,850,770,1600,1000,270,1100,910,1400,5.18,0.69,0.03,0.65,560,22,1,4,52,126.95,168224,72.3,"Pork, ham, large breed, trimmed, raw"
11,11133,＜畜肉類＞　ぶた　［大型種肉］　もも　皮下脂肪なし　ゆで,61.8,28.9,8.1,(0),0.9,185,5,190,27,200,24,0.9,3.0,0.12,0.01,0,34,1,0.1,Tr,0.82,0.23,5.8,0.38,0.4,2,0.74,"{""baseName"":""ぶた"",""part"":""もも"",""formModifiers"":[""皮下脂肪なし""],""state"":""ゆで"",""notes"":[""畜肉類"",""大型種肉""]}",ゆで豚もも（皮下脂肪なし）は良質な加熱済みの動物性タンパク源で適している,9,1,1,1400,2400,2700,810,350,1200,1200,1100,2300,1500,400,1500,970,2000,6.82,0.86,0.04,0.82,730,28,1,5,47,171.05,168224,72.3,"Pork, ham, large breed, trimmed, boiled"
11,11132,＜畜肉類＞　ぶた　［大型種肉］　もも　皮下脂肪なし　焼き,60.4,30.2,7.6,(0),1.5,186,5,270,58,450,33,1.0,3.1,0.11,0.02,Tr,31,1,0.1,Tr,1.19,0.28,9.4,0.43,0.5,1,1.07,"{""baseName"":""ぶた"",""part"":""もも"",""formModifiers"":[""皮下脂肪なし""],""state"":""焼き"",""notes"":[""畜肉類"",""大型種肉""]}",豚もも（焼き、皮下脂肪なし）は良質なたんぱく源で犬のレシピ素材として適している,10,1,1,1500,2600,2800,840,370,1200,1300,1200,2400,1600,400,1600,1200,2100,6.39,0.78,0.04,0.74,660,25,1,5,44,171.35,169189,111.9,"Pork, ham, large breed, trimmed, grilled"
11,11134,＜畜肉類＞　ぶた　［大型種肉］　もも　赤肉　生,73.0,22.1,3.6,(0),1.1,119,4,220,50,370,26,0.9,2.2,0.08,0.01,-,-,3,0.1,0.3,0.96,0.23,6.6,0.33,0.3,2,0.88,"{""baseName"":""ぶた"",""part"":""もも"",""formModifiers"":[""赤肉""],""state"":""生"",""notes"":[""畜肉類"",""大型種肉""]}",豚ももは良質なタンパク源で犬のレシピ素材として適切。調理して脂肪を調整できる。,9,1,1,(980),(1700),(1900),(610),(260),(870),(870),(760),(1600),(980),(280),(1100),(920),(1400),2.97,0.37,0.02,0.35,270,9,1,4,49,108.65,168249,80.8,"Pork, ham, large breed, lean, raw"
11,11135,＜畜肉類＞　ぶた　［大型種肉］　もも　脂身　生,25.5,6.5,67.6,(0),0.4,611,1,73,22,140,8,0.7,0.5,0.04,0.01,-,-,13,0.5,0.7,0.34,0.05,2.5,0.13,0.5,1,0.49,"{""baseName"":""ぶた"",""part"":""もも"",""formModifiers"":[""脂身""],""state"":""生"",""notes"":[""畜肉類"",""大型種肉""]}",豚もも（脂身）はたんぱく質源として使えるが脂肪分が高い点に注意,9,1,1,(210),(430),(430),(120),(65),(180),(250),(170),(420),(240),(39),(320),(260),(550),62.16,8.84,0.41,8.43,7900,360,0,0,130,597.35,167812,,"Pork, ham, large breed, fat, raw"
11,11136,＜畜肉類＞　ぶた　［大型種肉］　そともも　脂身つき　生,63.5,18.8,16.5,(0),1.0,221,4,190,51,320,22,0.5,1.9,0.07,0.01,-,-,5,0.2,0.4,0.79,0.18,5.1,0.36,0.3,1,0.97,"{""baseName"":""ぶた"",""part"":""そともも"",""formModifiers"":[""脂身つき""],""state"":""生"",""notes"":[""畜肉類"",""大型種肉""]}",豚肉は良質なタンパク源で犬の素材として適切。脂肪分は調整可。,9,1,1,(820),(1500),(1600),(510),(220),(730),(740),(640),(1400),(830),(230),(920),(780),(1200),15.20,2.00,0.10,1.90,1700,76,0,3,58,206.75,168222,,"Pork, outside round, large breed, with fat, raw"
11,11137,＜畜肉類＞　ぶた　［大型種肉］　そともも　皮下脂肪なし　生,67.9,20.2,10.7,(0),1.0,175,4,200,54,340,23,0.5,2.1,0.07,0.01,-,-,4,0.2,0.4,0.85,0.20,5.4,0.39,0.3,1,1.04,"{""baseName"":""ぶた"",""part"":""そともも"",""formModifiers"":[""皮下脂肪なし""],""state"":""生"",""notes"":[""畜肉類"",""大型種肉""]}",豚のそともも（赤身）は良質なたんぱく源で犬の素材として適している,9,1,1,(890),(1600),(1700),(550),(240),(790),(790),(690),(1500),(890),(250),(980),(840),(1300),9.69,1.20,0.06,1.15,1000,43,0,4,50,162.35,168314,57.3,"Pork, outside round, large breed, trimmed, raw"
11,11138,＜畜肉類＞　ぶた　［大型種肉］　そともも　赤肉　生,71.8,21.4,5.5,(0),1.1,133,4,210,57,360,25,0.9,2.3,0.08,0.01,-,-,3,0.2,0.4,0.90,0.21,5.7,0.41,0.3,1,1.10,"{""baseName"":""ぶた"",""part"":""そともも"",""formModifiers"":[""赤肉""],""state"":""生"",""notes"":[""畜肉類"",""大型種肉""]}",豚もも赤肉は良質なたんぱく源で犬のレシピ素材として適切。,9,1,1,(950),(1700),(1800),(590),(250),(840),(840),(740),(1600),(950),(270),(1000),(890),(1300),4.75,0.49,0.02,0.47,390,14,0,4,42,122.35,168312,79.7,"Pork, outside round, large breed, lean, raw"
11,11139,＜畜肉類＞　ぶた　［大型種肉］　そともも　脂身　生,24.9,6.6,68.1,(0),0.4,631,1,64,22,130,7,0.5,0.4,0.03,0,-,-,16,0.4,0.5,0.27,0.05,2.2,0.11,0.4,2,0.38,"{""baseName"":""ぶた"",""part"":""そともも"",""formModifiers"":[""脂身""],""state"":""生"",""notes"":[""畜肉類"",""大型種肉""]}",豚肉は良質なたんぱく源。ただし脂身が多い部位なので脂肪量に注意して使う。,8,1,1,(210),(440),(440),(120),(66),(180),(260),(170),(430),(250),(40),(330),(270),(550),64.22,9.04,0.43,8.61,8100,370,0,0,140,601.95,167811,15.4,"Pork, outside round, large breed, fat, raw"
11,11140,＜畜肉類＞　ぶた　［大型種肉］　ヒレ　赤肉　生,73.4,22.2,3.7,(0),1.2,118,3,230,56,430,27,0.9,2.2,0.07,0.01,1,21,3,0.3,0.3,1.32,0.25,6.9,0.54,0.5,1,0.93,"{""baseName"":""ぶた"",""part"":""ヒレ"",""formModifiers"":[""赤肉""],""state"":""生"",""notes"":[""畜肉類"",""大型種肉""]}",豚ヒレは良質な赤身肉でタンパク源として適切だが、加熱調理が望ましい,8,1,1,1000,1800,2000,590,260,850,880,810,1700,1100,290,1100,880,1400,3.13,0.45,0.03,0.43,350,13,2,5,41,109.15,168312,79.7,"Pork, tenderloin, large breed, lean, raw"
11,11278,＜畜肉類＞　ぶた　［大型種肉］　ヒレ　赤肉　焼き,53.8,39.3,5.9,(0),2.0,202,6,380,92,690,45,1.6,3.6,0.12,0.01,1,40,2,0.3,0.3,2.09,0.44,13.0,0.76,0.9,1,1.55,"{""baseName"":""ぶた"",""part"":""ヒレ"",""formModifiers"":[""赤肉""],""state"":""焼き"",""notes"":[""畜肉類"",""大型種肉""]}",焼き豚ヒレ（赤肉）は低脂肪の良質タンパク源で犬のレシピ素材として適している,9,1,1,1900,3200,3500,1100,450,1500,1600,1500,3000,1900,500,2000,1600,2500,4.71,0.53,0.03,0.50,430,15,2,3,36,187.7,168313,,"Pork, tenderloin, large breed, lean, grilled"
11,11279,＜畜肉類＞　ぶた　［大型種肉］　ヒレ　赤肉　とんかつ,33.3,25.1,25.3,0.9,1.4,379,17,260,140,440,33,1.3,2.7,0.12,0.15,Tr,30,3,0.3,4.1,1.09,0.32,7.1,0.33,0.6,6,1.16,"{""baseName"":""ぶた"",""variety"":""とんかつ"",""part"":""ヒレ"",""formModifiers"":[""赤肉""],""notes"":[""畜肉類"",""大型種肉""]}",とんかつは衣と揚げ調理により油分・塩分が高く、複合調理済み食品として注意が必要。,3,1,1,1200,2100,2100,640,310,950,1100,830,1900,1200,320,1300,970,1600,23.00,5.82,1.62,4.19,4100,1600,0,0,47,351.9,168298,73,"Pork, tenderloin, large breed, lean, breaded fried (tonkatsu)"
11,11141,＜畜肉類＞　ぶた　［中型種肉］　かた　脂身つき　生,63.6,18.3,17.2,(0),0.9,224,4,180,53,320,20,0.5,3.0,0.08,0.02,-,-,5,Tr,0.3,0.70,0.22,4.8,0.30,0.3,1,0.92,"{""baseName"":""ぶた"",""part"":""かた"",""formModifiers"":[""脂身つき""],""state"":""生"",""notes"":[""畜肉類"",""中型種肉""]}",豚かた（脂身つき）は良質なたんぱく源で使用可能。脂肪量は調整が必要。,9,0,1,,,,,,,,,,,,,,,16.04,1.75,0.11,1.64,1500,70,1,15,72,210.25,168255,64.2,"Pork, shoulder, medium breed, with fat, raw"
11,11142,＜畜肉類＞　ぶた　［中型種肉］　かた　皮下脂肪なし　生,68.5,19.7,10.8,(0),1.0,172,5,190,57,350,22,0.5,3.3,0.08,0.02,-,-,3,Tr,0.3,0.75,0.24,5.2,0.33,0.3,1,0.99,"{""baseName"":""ぶた"",""part"":""かた"",""formModifiers"":[""皮下脂肪なし""],""state"":""生"",""notes"":[""畜肉類"",""中型種肉""]}",豚肉は良質なタンパク源で犬のレシピ素材として適する。,9,0,1,,,,,,,,,,,,,,,9.91,1.11,0.07,1.05,910,42,2,10,64,160.75,168255,64.2,"Pork, shoulder, medium breed, trimmed, raw"
11,11143,＜畜肉類＞　ぶた　［中型種肉］　かた　赤肉　生,74.0,21.4,3.5,(0),1.1,113,5,210,61,380,24,1.2,3.6,0.09,0.02,-,-,2,0,0.3,0.82,0.27,5.6,0.36,0.3,1,1.07,"{""baseName"":""ぶた"",""part"":""かた"",""formModifiers"":[""赤肉""],""state"":""生"",""notes"":[""畜肉類"",""中型種肉""]}",豚肩肉は良質なたんぱく源で犬のレシピ素材として適している（適切な調理前提）,9,0,1,,,,,,,,,,,,,,,2.92,0.39,0.02,0.36,280,9,2,4,55,104.65,169187,88.9,"Pork, shoulder, medium breed, lean, raw"
11,11144,＜畜肉類＞　ぶた　［中型種肉］　かた　脂身　生,19.1,4.9,75.7,(0),0.3,698,2,50,20,91,5,0.4,0.4,0.04,0,-,-,15,0.2,0.4,0.19,0.04,1.4,0.07,0.3,1,0.28,"{""baseName"":""ぶた"",""part"":""かた"",""formModifiers"":[""脂身""],""state"":""生"",""notes"":[""畜肉類"",""中型種肉""]}",生の豚肩肉は良質なタンパク源だが脂が多く、調理方法に注意が必要。,7,0,1,,,,,,,,,,,,,,,72.02,7.57,0.47,7.10,6500,330,0,67,150,660.6,167811,15.4,"Pork, shoulder, medium breed, fat, raw"
11,11145,＜畜肉類＞　ぶた　［中型種肉］　かたロース　脂身つき　生,62.0,17.7,19.3,(0),1.0,241,4,180,55,310,20,0.7,3.2,0.09,0.01,-,-,4,Tr,0.3,0.70,0.24,4.8,0.33,0.4,1,0.98,"{""baseName"":""ぶた"",""part"":""かたロース"",""formModifiers"":[""脂身つき""],""state"":""生"",""notes"":[""畜肉類"",""中型種肉""]}",豚肩ロースは良質な動物性たんぱくで犬のレシピ素材として適している,9,1,1,(790),(1400),(1500),(470),(200),(670),(710),(620),(1300),(820),(210),(860),(790),(1200),17.80,2.00,0.12,1.89,1700,80,0,13,77,226,167843,60.6,"Pork, shoulder loin, medium breed, with fat, raw"
11,11146,＜畜肉類＞　ぶた　［中型種肉］　かたロース　皮下脂肪なし　生,64.8,18.5,15.7,(0),1.0,212,4,180,57,330,21,0.6,3.4,0.09,0.01,-,-,4,Tr,0.3,0.74,0.25,5.0,0.35,0.4,1,1.01,"{""baseName"":""ぶた"",""part"":""かたロース"",""formModifiers"":[""皮下脂肪なし""],""state"":""生"",""notes"":[""畜肉類"",""中型種肉""]}",赤身の豚肉は良質なタンパク源で適しているが、生肉の取り扱いには衛生管理が必要。,9,1,1,(830),(1500),(1600),(500),(210),(710),(740),(650),(1400),(860),(220),(900),(830),(1200),14.35,1.60,0.09,1.51,1300,62,0,11,72,198.2,168316,50.7,"Pork, shoulder loin, medium breed, trimmed, raw"
11,11147,＜畜肉類＞　ぶた　［中型種肉］　かたロース　赤肉　生,71.5,20.6,6.8,(0),1.1,140,4,200,63,360,23,1.3,3.8,0.10,0.01,-,-,3,0,0.3,0.82,0.29,5.4,0.39,0.4,1,1.10,"{""baseName"":""ぶた"",""part"":""かたロース"",""formModifiers"":[""赤肉""],""state"":""生"",""notes"":[""畜肉類"",""中型種肉""]}",ぶたかたロースの赤肉は良質な動物性たんぱく源で犬の素材として適する。,9,1,1,(920),(1600),(1800),(560),(240),(800),(820),(730),(1500),(960),(250),(990),(920),(1300),5.84,0.62,0.03,0.58,480,19,0,4,60,129.9,168369,84.6,"Pork, shoulder loin, medium breed, lean, raw"
11,11148,＜畜肉類＞　ぶた　［中型種肉］　かたロース　脂身　生,22.3,5.4,71.9,(0),0.4,663,2,59,22,110,6,0.5,0.7,0.03,0,-,-,11,0.2,0.6,0.21,0.04,2.2,0.09,0.3,1,0.47,"{""baseName"":""ぶた"",""part"":""かたロース"",""formModifiers"":[""脂身""],""state"":""生"",""notes"":[""畜肉類"",""中型種肉""]}",豚肩ロースは良質なたんぱく源だが脂肪が多めなので量に注意が必要。,8,1,1,(170),(360),(360),(97),(54),(150),(210),(140),(350),(200),(33),(270),(220),(450),68.14,7.84,0.47,7.37,6800,340,0,51,150,630.05,167812,,"Pork, shoulder loin, medium breed, fat, raw"
11,11149,＜畜肉類＞　ぶた　［中型種肉］　ロース　脂身つき　生,58.0,18.3,22.6,(0),0.9,275,3,170,39,310,20,0.3,1.6,0.05,0.01,Tr,22,6,0.1,0.3,0.77,0.13,7.1,0.35,0.3,1,0.66,"{""baseName"":""ぶた"",""part"":""ロース"",""formModifiers"":[""脂身つき""],""state"":""生"",""notes"":[""畜肉類"",""中型種肉""]}",豚ロース（脂身つき）はたんぱく源として適しているが脂肪分が高めなので量に注意が必要。,8,1,1,(870),(1500),(1600),(520),(210),(730),(730),(610),(1300),(830),(220),(960),(910),(1100),21.08,2.25,0.13,2.12,1900,97,0,12,68,256.85,168286,58.4,"Pork, loin, medium breed, with fat, raw"
11,11150,＜畜肉類＞　ぶた　［中型種肉］　ロース　皮下脂肪なし　生,64.6,20.6,13.6,(0),1.0,203,4,190,43,340,23,0.2,1.8,0.05,0.01,Tr,24,5,0.1,0.3,0.86,0.14,7.9,0.39,0.3,1,0.71,"{""baseName"":""ぶた"",""part"":""ロース"",""formModifiers"":[""皮下脂肪なし""],""state"":""生"",""notes"":[""畜肉類"",""中型種肉""]}",豚ロースは良質なタンパク源だが、生の状態は寄生虫や衛生リスクがあるため加熱が望ましい,8,1,1,1000,1700,1800,600,240,830,830,720,1500,1000,250,1100,1000,1300,12.50,1.32,0.08,1.24,1100,54,0,7,55,188.4,168286,58.4,"Pork, loin, medium breed, trimmed, raw"
11,11151,＜畜肉類＞　ぶた　［中型種肉］　ロース　赤肉　生,71.2,22.9,4.6,(0),1.1,131,4,210,47,380,26,0.6,2.0,0.05,0.01,Tr,27,4,0.1,0.3,0.96,0.15,8.8,0.43,0.3,1,0.77,"{""baseName"":""ぶた"",""part"":""ロース"",""formModifiers"":[""赤肉""],""state"":""生"",""notes"":[""畜肉類"",""中型種肉""]}",豚ロースは良質なたんぱく源で犬のレシピ素材として適している。,9,1,1,(1100),(1800),(2000),(660),(260),(930),(910),(770),(1700),(1100),(280),(1200),(1200),(1400),3.91,0.39,0.02,0.37,300,12,0,2,42,119.95,168312,79.7,"Pork, loin, medium breed, lean, raw"
11,11152,＜畜肉類＞　ぶた　［中型種肉］　ロース　脂身　生,17.3,4.1,78.3,(0),0.3,716,1,45,15,82,5,0.2,0.3,0.02,0,0,7,14,0.1,0.4,0.19,0.04,2.0,0.08,0.4,1,0.31,"{""baseName"":""ぶた"",""part"":""ロース"",""formModifiers"":[""脂身""],""state"":""生"",""notes"":[""畜肉類"",""中型種肉""]}",豚ロースは良質なタンパク源で犬のレシピ素材として適切,9,1,1,(130),(270),(270),(73),(41),(110),(160),(110),(270),(150),(25),(200),(170),(340),74.23,8.02,0.48,7.54,7000,360,0,40,150,679.9,167811,15.4,"Pork, loin, medium breed, fat, raw"
11,11153,＜畜肉類＞　ぶた　［中型種肉］　ばら　脂身つき　生,45.8,13.4,40.1,(0),0.7,398,3,120,43,220,14,0.6,1.6,0.04,0.01,-,-,9,0.1,0.4,0.45,0.11,4.2,0.23,0.3,2,0.62,"{""baseName"":""ぶた"",""part"":""ばら"",""formModifiers"":[""脂身つき""],""state"":""生"",""notes"":[""畜肉類"",""中型種肉""]}",豚ばら（脂身つき）は風味が良いが脂肪が多めのため分量管理が必要となる。,8,1,1,(570),(1000),(1100),(310),(140),(460),(530),(460),(990),(580),(140),(660),(480),(920),37.32,3.51,0.19,3.31,3100,160,0,0,83,387.75,167812,,"Pork, belly, medium breed, with fat, raw"
11,11154,＜畜肉類＞　ぶた　［中型種肉］　もも　脂身つき　生,64.2,19.5,15.1,(0),1.0,211,4,190,48,330,22,0.5,2.0,0.07,0.01,-,-,5,0.1,0.3,0.90,0.19,7.2,0.37,0.3,1,0.92,"{""baseName"":""ぶた"",""part"":""もも"",""formModifiers"":[""脂身つき""],""state"":""生"",""notes"":[""畜肉類"",""中型種肉""]}",豚もも肉は良質なタンパク源で犬のレシピ素材として適している,9,1,1,(850),(1500),(1700),(530),(230),(760),(770),(660),(1400),(860),(240),(950),(810),(1200),13.70,1.52,0.09,1.43,1300,58,2,12,75,197.3,168222,,"Pork, ham, medium breed, with fat, raw"
11,11155,＜畜肉類＞　ぶた　［中型種肉］　もも　皮下脂肪なし　生,69.6,21.3,7.8,(0),1.1,153,4,200,51,360,24,0.5,2.2,0.07,0.01,-,-,4,0.1,0.3,0.98,0.20,7.8,0.40,0.3,1,0.99,"{""baseName"":""ぶた"",""part"":""もも"",""formModifiers"":[""皮下脂肪なし""],""state"":""生"",""notes"":[""畜肉類"",""中型種肉""]}",豚もも（脂肪少なめ）は良質なたんぱく源で犬の素材として適している。,9,1,1,(940),(1700),(1800),(590),(250),(840),(840),(730),(1600),(950),(270),(1000),(890),(1300),6.81,0.75,0.04,0.70,590,23,2,7,65,141.55,167814,69.6,"Pork, ham, medium breed, trimmed, raw"
11,11156,＜畜肉類＞　ぶた　［中型種肉］　もも　赤肉　生,71.5,21.9,5.3,(0),1.1,133,4,210,53,370,25,0.9,2.3,0.07,0.01,-,-,4,0.1,0.3,1.01,0.21,8.1,0.42,0.3,1,1.02,"{""baseName"":""ぶた"",""part"":""もも"",""formModifiers"":[""赤肉""],""state"":""生"",""notes"":[""畜肉類"",""中型種肉""]}",豚ももは良質なタンパク源。調理して与えるのが望ましい。,9,1,1,(970),(1700),(1900),(600),(260),(860),(860),(750),(1600),(970),(280),(1100),(920),(1400),4.45,0.48,0.03,0.46,360,11,2,5,62,122.4,168312,79.7,"Pork, ham, medium breed, lean, raw"
11,11157,＜畜肉類＞　ぶた　［中型種肉］　もも　脂身　生,20.7,5.2,73.8,(0),0.3,672,1,58,18,110,6,0.5,0.4,0.03,0.01,-,-,13,0.1,0.3,0.23,0.04,2.0,0.08,0.3,1,0.30,"{""baseName"":""ぶた"",""part"":""もも"",""formModifiers"":[""脂身""],""state"":""生"",""notes"":[""畜肉類"",""中型種肉""]}",豚もも（脂身部）は動物性原料として利用可能だが脂肪量に注意が必要,7,1,1,(160),(340),(340),(93),(52),(150),(200),(140),(340),(190),(31),(260),(210),(440),69.11,7.73,0.47,7.26,6700,340,0,49,150,645.5,167812,,"Pork, ham, medium breed, fat, raw"
11,11158,＜畜肉類＞　ぶた　［中型種肉］　そともも　脂身つき　生,60.6,18.0,20.3,(0),0.9,252,4,170,49,320,21,0.6,2.2,0.08,0.02,-,-,4,Tr,0.3,0.70,0.18,5.7,0.34,0.3,1,0.76,"{""baseName"":""ぶた"",""part"":""そともも"",""formModifiers"":[""脂身つき""],""state"":""生"",""notes"":[""畜肉類"",""中型種肉""]}",豚そとももは良質なタンパク源だが脂肪量に留意して使用するのが望ましい,9,1,1,(780),(1400),(1500),(490),(210),(700),(710),(610),(1300),(790),(220),(880),(750),(1200),18.73,1.95,0.12,1.83,1600,79,0,15,79,236.25,168222,,"Pork, outside round, medium breed, with fat, raw"
11,11159,＜畜肉類＞　ぶた　［中型種肉］　そともも　皮下脂肪なし　生,69.2,21.0,8.5,(0),1.1,159,4,190,55,360,25,0.5,2.6,0.09,0.02,-,-,3,Tr,0.3,0.81,0.21,6.5,0.41,0.3,1,0.86,"{""baseName"":""ぶた"",""part"":""そともも"",""formModifiers"":[""皮下脂肪なし""],""state"":""生"",""notes"":[""畜肉類"",""中型種肉""]}",豚のそとももは良質な赤身たんぱくで、適切に加熱すれば安全に使える。,9,1,1,(920),(1600),(1800),(570),(250),(820),(830),(720),(1500),(930),(260),(1000),(880),(1300),7.61,0.79,0.05,0.75,630,27,0,6,64,146.45,168315,59.5,"Pork, outside round, separable lean only, raw"
11,11160,＜畜肉類＞　ぶた　［中型種肉］　そともも　赤肉　生,72.0,21.9,4.8,(0),1.1,129,4,200,57,380,26,1.1,2.7,0.09,0.02,-,-,3,0,0.3,0.84,0.22,6.7,0.43,0.3,1,0.89,"{""baseName"":""ぶた"",""part"":""そともも"",""formModifiers"":[""赤肉""],""state"":""生"",""notes"":[""畜肉類"",""中型種肉""]}",豚そとももは良質な赤身タンパク源で犬のレシピ素材として適している。,9,1,1,(970),(1700),(1900),(610),(260),(860),(860),(750),(1600),(970),(280),(1100),(920),(1400),4.12,0.43,0.02,0.41,320,11,0,4,59,118.15,168312,79.7,"Pork, outside round, red meat, raw"
11,11161,＜畜肉類＞　ぶた　［中型種肉］　そともも　脂身　生,22.2,4.9,72.5,(0),0.4,660,1,63,21,120,6,0.5,0.5,0.03,0,-,-,10,0.1,0.3,0.24,0.05,2.5,0.01,0.3,1,0.31,"{""baseName"":""ぶた"",""part"":""そともも"",""formModifiers"":[""脂身""],""state"":""生"",""notes"":[""畜肉類"",""中型種肉""]}",豚そともも（脂身）はタンパク源だが脂質が高く配慮が必要,7,1,1,(160),(320),(320),(88),(49),(140),(190),(130),(320),(180),(30),(240),(200),(410),67.94,7.05,0.44,6.61,6100,310,0,50,140,633.4,167811,15.4,"Pork, outside round, fat, raw"
11,11162,＜畜肉類＞　ぶた　［中型種肉］　ヒレ　赤肉　生,74.2,22.7,1.7,(0),1.3,105,4,220,48,400,28,1.2,2.3,0.09,0.02,-,-,2,0,0.3,1.22,0.25,5.4,0.48,0.2,1,0.90,"{""baseName"":""ぶた"",""part"":""ヒレ"",""formModifiers"":[""赤肉""],""state"":""生"",""notes"":[""畜肉類"",""中型種肉""]}",豚ヒレ（赤肉、生）は脂肪が少なく良質な蛋白源で犬の素材として理想的。,10,1,1,(1000),(1800),(2000),(600),(260),(860),(890),(800),(1700),(1000),(290),(1100),(890),(1400),1.27,0.24,0.01,0.22,170,4,1,2,40,94.25,168249,80.8,"Pork, tenderloin, lean only, raw"
11,11163,＜畜肉類＞　ぶた　［ひき肉］　生,64.8,17.7,17.2,(0),0.9,209,6,120,57,290,20,1.0,2.8,0.07,0.01,1,19,9,0.4,0.5,0.69,0.22,5.5,0.36,0.6,2,1.22,"{""baseName"":""ぶた"",""state"":""生"",""notes"":[""畜肉類"",""ひき肉""]}",豚ひき肉は良質なたんぱく源だが脂肪含量や加熱状態に注意が必要,8,1,1,780,1400,1500,460,200,660,720,630,1300,860,210,880,690,1300,15.40,1.62,0.10,1.52,1400,74,0,9,55,208.15,167902,,"Pork, ground, raw"
11,11280,＜畜肉類＞　ぶた　［ひき肉］　焼き,51.5,25.7,21.5,(0),1.3,289,7,170,80,440,29,1.6,3.7,0.09,0.03,1,28,10,0.4,0.5,0.94,0.30,8.1,0.42,0.9,1,1.61,"{""baseName"":""ぶた"",""state"":""焼き"",""notes"":[""畜肉類"",""ひき肉""]}",焼き豚ひき肉は加熱済みの良質なタンパク源で犬のレシピ素材として適している,9,1,1,1200,2000,2200,670,290,960,1000,910,2000,1200,300,1300,1000,1700,19.06,1.82,0.08,1.74,1600,74,0,0,43,272.7,167903,88.3,"Pork, ground, cooked"
11,11312,＜畜肉類＞　ぶた　［副生物］　頭部　ジョウルミート　生,59.8,17.4,22.3,-,0.9,256,3,150,64,290,17,0.5,1.8,0.04,Tr,0,23,12,0.5,0.3,0.64,0.13,6.6,0.32,0.3,2,0.72,"{""baseName"":""ぶた"",""variety"":""頭部 ジョウルミート"",""state"":""生"",""notes"":[""畜肉類"",""副生物""]}",豚の頭部肉は良質な動物性タンパク源だが生は寄生虫や細菌リスクがあるため加熱して利用するのが安全。,8,1,1,770,1400,1500,450,200,200,690,610,1300,820,190,850,660,1200,20.51,1.58,0.09,1.49,1300,63,2,10,47,250.45,168269,,"Pork, jowl, raw"
11,11313,＜畜肉類＞　ぶた　［副生物］　頭部　ジョウルミート　焼き,45.1,25,28.6,-,1.2,351,5,210,85,410,25,0.7,2.6,0.06,Tr,-,33,8,0.5,0.4,0.8,0.18,8.9,0.39,0.5,2,0.89,"{""baseName"":""ぶた"",""variety"":""頭部 ジョウルミート"",""state"":""焼き"",""notes"":[""畜肉類"",""副生物""]}",焼き豚の頭部（ジョウルミート）は動物性たんぱく・脂質の供給源として利用できる（加熱済みで扱いやすい）,9,1,1,1100,2000,2200,660,280,930,990,890,1900,1200,270,1300,930,1700,26.12,1.86,0.10,1.76,1600,73,2,11,53,330.95,167890,,"Pork, jowl, cooked"
11,11164,＜畜肉類＞　ぶた　［副生物］　舌　生,66.7,15.9,16.3,(0),1.0,205,8,160,80,220,15,2.3,2.0,0.20,-,-,-,7,2,0.3,0.37,0.43,4.5,0.21,2.2,4,1.49,"{""baseName"":""ぶた"",""part"":""舌"",""state"":""生"",""notes"":[""畜肉類"",""副生物""]}",豚舌は良質な動物性タンパクで素材として利用可能（調理法に注意）,8,1,1,700,1200,1200,390,210,600,600,500,1100,670,200,770,450,960,14.51,1.38,0.04,1.33,1200,45,0,0,80,194.55,168275,,"Pork, tongue, raw"
11,11165,＜畜肉類＞　ぶた　［副生物］　心臓　生,75.7,16.2,7.0,(0),1.0,118,5,170,80,270,17,3.5,1.7,0.35,-,-,-,9,0.7,0.4,0.38,0.95,6.0,0.32,2.5,5,2.70,"{""baseName"":""ぶた"",""part"":""心臓"",""state"":""生"",""notes"":[""畜肉類"",""副生物""]}",豚の心臓は良質な臓器タンパク源で犬の食材として適している,9,1,1,740,1400,1300,410,260,680,690,550,1200,730,210,860,420,1100,4.82,0.98,0.03,0.95,750,29,0,0,160,116.55,168267,,"Pork, heart, raw"
11,11166,＜畜肉類＞　ぶた　［副生物］　肝臓　生,72.0,20.4,3.4,(0),1.7,114,5,340,55,290,20,13.0,6.9,0.99,-,1,67,13000,1.3,0.4,0.34,3.60,14.0,0.57,25.0,810,7.19,"{""baseName"":""ぶた"",""part"":""肝臓"",""state"":""生"",""notes"":[""畜肉類"",""副生物""]}",豚の肝臓は栄養が濃く適量であれば利用できるが多量は避けるべき,8,1,1,930,1800,1500,500,360,860,1100,750,1800,990,300,1200,580,1100,1.78,0.76,0.15,0.60,270,5,13,82,300,109.05,167862,,"Pork, liver, raw"
11,11167,＜畜肉類＞　ぶた　［副生物］　じん臓　生,79.0,14.1,5.8,(0),1.1,96,7,220,160,200,11,3.7,2.4,0.41,-,2,240,75,1.7,0.2,0.33,1.75,6.0,0.43,15.0,130,4.36,"{""baseName"":""ぶた"",""part"":""じん臓"",""state"":""生"",""notes"":[""畜肉類"",""副生物""]}",豚の腎臓は栄養価の高い内臓肉で蛋白源として利用できる（調理と量に注意）,8,1,1,610,1200,950,310,250,550,650,530,1200,620,220,800,380,870,3.16,1.00,0.11,0.88,460,14,26,51,370,98.65,168270,,"Pork, kidney, raw"
11,11168,＜畜肉類＞　ぶた　［副生物］　胃　ゆで,76.8,17.4,5.1,(0),0.7,111,9,140,100,150,15,1.5,2.4,0.19,0.05,-,-,4,0.5,0.4,0.10,0.23,2.9,0.04,0.9,31,0.59,"{""baseName"":""ぶた"",""variety"":""胃"",""state"":""ゆで"",""notes"":[""畜肉類"",""副生物""]}",豚の胃（ゆで）は内臓肉として栄養があり素材に使えるが脂質や食感に留意が必要,8,1,1,(700),(1300),(1300),(370),(260),(630),(700),(560),(1300),(710),(210),(890),(420),(1300),3.93,0.43,0.04,0.39,290,17,3,10,72,104.25,168323,,"Pork, stomach, boiled"
11,11169,＜畜肉類＞　ぶた　［副生物］　小腸　ゆで,73.7,14.0,11.9,(0),0.4,159,21,130,13,14,13,1.4,2.0,0.08,0.04,-,-,15,0.3,0.3,0.01,0.03,0.1,0,0.4,17,0.24,"{""baseName"":""ぶた"",""variety"":""小腸"",""state"":""ゆで"",""notes"":[""畜肉類"",""副生物""]}",豚小腸のゆで物は加熱処理された副生物で利用可能だが内臓類のためやや注意が必要。,7,1,1,(560),(1100),(1000),(290),(210),(500),(560),(450),(1000),(570),(170),(710),(340),(1000),10.65,0.85,0.08,0.76,670,43,3,15,76,150.15,167856,471,"Pork, small intestine, boiled"
11,11170,＜畜肉類＞　ぶた　［副生物］　大腸　ゆで,74.1,11.7,13.8,(0),0.4,166,15,93,21,27,10,1.6,1.8,0.12,0.03,-,-,8,0.5,0.5,0.03,0.07,0.1,0,1.0,25,0.27,"{""baseName"":""ぶた"",""variety"":""大腸"",""state"":""ゆで"",""notes"":[""畜肉類"",""副生物""]}",加熱済みの豚の大腸はタンパク源となるが脂肪や消化性に留意が必要な副生物,7,1,1,(470),(890),(850),(250),(180),(420),(470),(370),(840),(480),(140),(600),(280),(840),12.32,1.22,0.12,1.10,950,69,0,29,77,158.25,168266,,"Pork, large intestine, boiled"
11,11171,＜畜肉類＞　ぶた　［副生物］　子宮　生,83.8,14.6,0.9,(0),0.7,64,7,100,130,150,8,1.9,1.3,0.11,0.01,-,-,8,0.2,0.2,0.06,0.14,2.2,0.01,3.8,8,0.38,"{""baseName"":""ぶた"",""variety"":""子宮"",""state"":""生"",""notes"":[""畜肉類"",""副生物""]}",豚の副生物はタンパク源になるが、下処理と加熱が必要。,7,1,1,(580),(1100),(1100),(310),(220),(530),(580),(470),(1100),(600),(180),(740),(350),(1100),0.43,0.11,0.01,0.09,38,1,0,5,48,58.75,167867,194.8,"Pork, uterus, raw"
11,11172,＜畜肉類＞　ぶた　［副生物］　豚足　ゆで,62.7,20.1,16.8,(0),0.4,227,12,32,110,50,5,1.4,1.0,0.07,-,-,-,6,1,0.4,0.05,0.12,0.7,0.02,0.4,1,0.16,"{""baseName"":""ぶた"",""variety"":""豚足"",""state"":""ゆで"",""notes"":[""畜肉類"",""副生物""]}",豚足（ゆで）はコラーゲン源として利用できるが骨や脂肪の処理が必要。,7,0,1,,,,,,,,,,,,,,,15.55,1.35,0.14,1.21,1100,80,0,24,52,213.15,168290,75.4,"Pork, feet, boiled"
11,11173,＜畜肉類＞　ぶた　［副生物］　軟骨　ゆで,63.5,17.8,17.9,(0),0.8,229,100,120,120,110,13,1.6,1.5,0.11,0.02,-,-,7,0.5,0.1,0.08,0.15,1.7,0.05,0.6,2,0.47,"{""baseName"":""ぶた"",""variety"":""軟骨"",""state"":""ゆで"",""notes"":[""畜肉類"",""副生物""]}",加熱済みの豚軟骨はコラーゲン源として消化しやすく利用しやすい,8,1,1,(390),(930),(830),(110),(160),(260),(570),(320),(890),(500),(34),(660),(210),(1500),16.51,2.09,0.17,1.91,1700,110,0,39,84,214.45,169157,,"Pork, cartilage, boiled"
11,11174,＜畜肉類＞　ぶた　［ハム類］　骨付きハム,62.9,16.7,16.6,(0),3.0,208,6,210,970,200,19,0.7,1.6,0.05,0.01,1,24,4,0.5,0.2,0.24,0.24,3.5,0.25,1.1,Tr,0.66,"{""baseName"":""ぶた"",""variety"":""骨付きハム"",""notes"":[""畜肉類"",""ハム類""]}",骨付きハムは加工肉で塩分や保存料が多く含まれるため素材としては不向き,3,1,1,780,1300,1400,420,180,600,680,590,1300,820,210,850,590,1100,13.73,1.70,0.13,1.57,1400,70,5,21,48,202.35,168348,57.8,"Pork, bone-in ham"
11,11175,＜畜肉類＞　ぶた　［ハム類］　ボンレスハム,72.0,18.7,4.0,(0),3.5,115,8,340,1100,260,20,0.7,1.6,0.07,0.01,1,19,Tr,0.6,0.2,0.90,0.28,6.5,0.24,1.3,1,0.70,"{""baseName"":""ぶた"",""variety"":""ボンレスハム"",""notes"":[""畜肉類"",""ハム類""]}",ボンレスハムは加工肉で塩分や添加物があるため使用量に注意。,6,1,1,890,1500,1600,450,190,640,750,670,1400,910,230,960,760,1200,3.23,0.56,0.06,0.50,420,20,8,15,52,105.75,168295,69.9,"Pork, boneless ham"
11,11176,＜畜肉類＞　ぶた　［ハム類］　ロースハム　ロースハム,61.1,18.6,14.5,0,3.0,211,4,280,910,290,20,0.5,1.6,0.04,0.01,0,21,3,0.2,0.1,0.70,0.12,7.3,0.28,0.5,1,0.71,"{""baseName"":""ぶた"",""variety"":""ロースハム ロースハム"",""notes"":[""畜肉類"",""ハム類""]}",ロースハムは加工肉で塩分や保存料が多い可能性があり、使用時は注意が必要。,5,1,1,760,1500,1600,500,200,700,750,660,1400,910,230,960,740,1200,12.90,1.61,0.10,1.50,1400,82,2,6,55,198.15,167875,,"Pork, loin ham"
11,11303,＜畜肉類＞　ぶた　［ハム類］　ロースハム　ゆで,58.9,19.7,16.6,0,2.3,233,4,250,730,220,21,0.5,1.8,0.04,0.01,0,24,3,0.3,0.1,0.64,0.12,6.1,0.28,0.6,1,0.72,"{""baseName"":""ぶた"",""variety"":""ロースハム"",""state"":""ゆで"",""notes"":[""畜肉類"",""ハム類""]}",ロースハムはたんぱく源になるが加工肉で塩分・添加物に注意,6,1,1,680,1700,1800,560,210,770,830,730,1600,1000,260,1000,780,1400,14.91,1.51,0.09,1.42,1300,69,3,5,58,218.8,168347,68.6,"Pork, loin ham, boiled"
11,11304,＜畜肉類＞　ぶた　［ハム類］　ロースハム　焼き,54.6,23.6,15.1,0,3.6,240,5,340,1100,370,24,0.6,1.8,0.05,0.01,0,30,3,0.2,0.1,0.86,0.16,9.5,0.32,0.6,1,1.03,"{""baseName"":""ぶた"",""variety"":""ロースハム"",""state"":""焼き"",""notes"":[""畜肉類"",""ハム類""]}",ロースハムは良質なたんぱく源だが加工品で塩分や添加物が含まれる点で素材としての評価は中程度,5,1,1,810,2000,2100,640,250,900,970,860,1800,1200,300,1200,980,1600,13.89,1.55,0.09,1.45,1300,74,3,6,63,221.8,169170,98.6,"Pork, loin ham, grilled"
11,11305,＜畜肉類＞　ぶた　［ハム類］　ロースハム　フライ,27.8,17.3,32.3,0,2.5,432,24,240,820,260,22,0.6,1.3,0.07,0.19,0,20,1,0.1,0.7,0.52,0.13,5.4,0.20,0.3,9,0.59,"{""baseName"":""ぶた"",""variety"":""ロースハム"",""state"":""フライ"",""notes"":[""畜肉類"",""ハム類""]}",ロースハムは加工肉で塩分や添加物が多く、揚げ調理により脂質も高めで素材としてはやや不向き。,5,1,1,680,1400,1400,420,220,640,760,550,1300,810,220,920,670,1100,29.32,7.53,2.22,5.31,5200,2200,0,0,24,405.45,167873,,"Pork, loin ham, fried"
11,11177,＜畜肉類＞　ぶた　［ハム類］　ショルダーハム,62.7,16.1,18.2,(0),2.4,221,7,270,640,290,19,1.0,2.0,0.09,0.02,1,17,4,0.2,0.3,0.70,0.35,5.7,0.27,1.9,2,0.92,"{""baseName"":""ぶた"",""variety"":""ショルダーハム"",""notes"":[""畜肉類"",""ハム類""]}",豚のショルダーハムは良質なたんぱく源だが加工品で塩分や保存料・発色剤が含まれることがあり、犬の主原料としてはやや不向き,6,1,1,760,1300,1400,390,180,560,650,580,1200,790,200,820,530,1100,15.52,2.21,0.17,2.04,1800,92,9,26,110,213.15,168288,,"Pork, shoulder ham"
11,11181,＜畜肉類＞　ぶた　［ハム類］　生ハム　促成,55.0,24.0,16.6,(0),3.9,243,6,200,2300,470,27,0.7,2.2,0.08,0.02,180,19,5,0.3,0.3,0.92,0.18,9.9,0.43,0.4,3,1.36,"{""baseName"":""ぶた"",""variety"":""生ハム 促成"",""notes"":[""畜肉類"",""ハム類""]}",豚肉由来の生ハムはタンパク源になるが加塩・加工が強いため加工食材として注意が必要。,5,1,1,1100,1900,2000,590,270,850,950,820,1800,1100,280,1200,900,1500,15.30,1.92,0.12,1.79,1600,98,0,11,60,226.85,168283,,"Pork, prosciutto, short-cured"
11,11182,＜畜肉類＞　ぶた　［ハム類］　生ハム　長期熟成,49.5,25.7,18.4,(0),6.4,253,11,200,2200,480,25,1.2,3.0,0.11,0.03,1,28,5,0.8,0.3,0.90,0.27,7.6,0.52,0.6,2,1.81,"{""baseName"":""ぶた"",""variety"":""生ハム 長期熟成"",""notes"":[""畜肉類"",""ハム類""]}",生ハムは豚肉の良いたんぱく源だが、塩分や加工度が高いため素材としてはやや注意が必要,6,1,1,1200,2100,2300,690,260,950,1000,910,1900,1300,300,1300,1100,1600,17.18,1.75,0.11,1.64,1400,79,0,13,94,246.35,174603,,"Pork, prosciutto, long-cured"
11,11178,＜畜肉類＞　ぶた　［プレスハム類］　プレスハム,73.3,15.4,4.5,(0),2.9,113,8,260,930,150,13,1.2,1.5,0.09,0.03,41,21,Tr,0.3,0.3,0.55,0.18,3.8,0.14,1.8,3,0.50,"{""baseName"":""ぶた"",""variety"":""プレスハム"",""notes"":[""畜肉類"",""プレスハム類""]}",プレスハムは加工肉で塩分や添加物が多いため犬の素材としては注意が必要,3,1,1,710,1200,1300,380,160,540,610,510,1100,740,190,760,600,930,3.52,0.44,0.08,0.36,310,49,12,6,32,105.8,167916,63.8,"Pork, pressed ham"
11,11180,＜畜肉類＞　ぶた　［プレスハム類］　チョップドハム,68.0,11.7,4.2,(0),3.4,132,15,260,1000,290,17,0.8,1.5,0.06,0.03,100,14,Tr,0.3,0.2,0.17,0.20,1.8,0.16,0.8,2,0.50,"{""baseName"":""ぶた"",""variety"":""チョップドハム"",""notes"":[""畜肉類"",""プレスハム類""]}",チョップドハムは加工度が高く塩分・添加物が多い点から多用は推奨されない。,3,1,1,530,910,900,260,130,390,500,400,890,530,140,590,390,720,3.48,0.78,0.07,0.71,670,57,2,3,21,121.1,171626,64.4,"Pork, chopped ham"
11,11183,＜畜肉類＞　ぶた　［ベーコン類］　ばらベーコン　ばらベーコン　,58.8,15.4,19.4,(0),3.2,244,4,210,1000,230,15,0.4,1.4,0.04,Tr,25,11,Tr,Tr,0.6,0.54,0.11,5.7,0.2,0.3,1,0.58,"{""baseName"":""ぶた"",""variety"":""ばらベーコン ばらベーコン"",""notes"":[""畜肉類"",""ベーコン類""]}",豚肉由来のタンパク源だがベーコンは加工品で塩分・脂質が高め,5,1,1,700,1200,1300,390,160,550,610,530,1100,730,180,790,570,1000,17.12,1.93,0.17,1.75,1600,120,3,8,59,230,168277,47.8,"Pork, belly bacon"
11,11314,＜畜肉類＞　ぶた　［ベーコン類］　ばらベーコン　ゆで,57.9,21.6,15.7,-,0.8,232,4,120,280,45,17,0.6,2.2,0.05,0.01,5,15,1,0.1,0.6,0.25,0.07,2.1,0.13,0.3,Tr,0.27,"{""baseName"":""ぶた"",""variety"":""ばらベーコン"",""state"":""ゆで"",""notes"":[""畜肉類"",""ベーコン類""]}",ばらベーコン（ゆで）は加工・塩分のある肉製品で、加工品として慎重に扱うべきです。,4,1,1,1100,1900,2000,610,250,860,950,840,1800,1100,280,1200,660,1600,13.96,1.63,0.15,1.48,1300,100,2,6,68,223.05,168277,47.8,"Pork, belly bacon, boiled"
11,11315,＜畜肉類＞　ぶた　［ベーコン類］　ばらベーコン　焼き,45.9,24.3,24.9,-,4.5,288,6,300,1500,340,22,0.6,2.1,0.06,0.01,32,16,Tr,0.1,0.7,0.79,0.16,8.4,0.29,0.5,1,0.76,"{""baseName"":""ぶた"",""variety"":""ばらベーコン"",""state"":""焼き"",""notes"":[""畜肉類"",""ベーコン類""]}",ベーコンは高塩分・高脂肪の加工肉で犬のレシピ素材として不適切,3,1,1,1100,1900,2000,590,260,860,960,810,1800,1100,280,1200,850,1600,16.14,2.62,0.24,2.38,2100,180,3,9,110,298.1,168322,89.5,"Pork, belly bacon, grilled"
11,11316,＜畜肉類＞　ぶた　［ベーコン類］　ばらベーコン　油いため,52.3,21.6,18.9,-,4,271,5,270,1300,320,18,0.5,2.1,0.05,0.01,33,17,1,0.1,0.6,0.74,0.15,7.6,0.25,0.4,1,0.75,"{""baseName"":""ぶた"",""variety"":""ばらベーコン"",""state"":""油いため"",""notes"":[""畜肉類"",""ベーコン類""]}",ベーコンは加工肉で塩分や脂質が高め。調理済みの加工品として注意が必要。,4,1,1,1000,1700,1800,520,230,750,860,740,1600,1000,250,1100,780,1400,17.27,1.97,0.17,1.80,1600,130,3,7,68,247.45,168322,89.5,"Pork, belly bacon, stir-fried"
11,11184,＜畜肉類＞　ぶた　［ベーコン類］　ロースベーコン,62.5,16.8,14.6,(0),2.9,202,6,270,870,260,19,0.5,1.2,0.04,0.01,2,23,4,0.6,0.3,0.59,0.19,5.6,0.22,0.9,1,0.62,"{""baseName"":""ぶた"",""variety"":""ロースベーコン"",""notes"":[""畜肉類"",""ベーコン類""]}",ロースベーコンは高塩分・加工肉であり脂肪や塩分を考慮して限定的に利用すべき,5,1,1,790,1300,1500,400,170,570,680,600,1300,820,210,870,680,1100,12.22,2.20,0.19,2.01,1900,91,12,38,49,194.1,168277,47.8,"Pork, loin bacon"
11,11185,＜畜肉類＞　ぶた　［ベーコン類］　ショルダーベーコン,65.4,17.2,11.9,(0),3.0,178,12,290,940,240,17,0.8,1.6,0.07,0.02,130,28,4,0.4,0.2,0.58,0.34,4.0,0.18,1.0,4,0.74,"{""baseName"":""ぶた"",""variety"":""ショルダーベーコン"",""notes"":[""畜肉類"",""ベーコン類""]}",ショルダーベーコンは良質なタンパク源だが塩分や加工添加物が多い加工肉であるため素材として注意が必要。,5,1,1,850,1500,1600,440,210,660,770,670,1400,900,230,940,640,1200,9.93,1.21,0.10,1.11,1000,59,5,15,37,170.1,168288,,"Pork, shoulder bacon"
11,11186,＜畜肉類＞　ぶた　［ソーセージ類］　ウインナーソーセージ　ウインナーソーセージ,52.3,11.5,30.6,0,2.3,319,6,200,740,180,12,0.5,1.3,0.05,0.03,3,17,2,0.4,0.4,0.35,0.12,3.6,0.14,0.6,1,0.60,"{""baseName"":""ぶた"",""variety"":""ウインナーソーセージ ウインナーソーセージ"",""notes"":[""畜肉類"",""ソーセージ類""]}",加工されたソーセージで塩分や添加物が多い可能性があり、素材としては控えめ評価,5,1,1,470,900,940,290,110,400,470,370,840,540,130,580,420,800,27.99,3.59,0.24,3.35,3100,200,4,12,76,311.9,174577,,"Pork, wiener sausage"
11,11306,＜畜肉類＞　ぶた　［ソーセージ類］　ウインナーソーセージ　ゆで,52.3,12.1,32.0,0,2.2,328,5,200,700,170,12,0.6,1.4,0.05,0.03,3,16,2,0.3,0.4,0.36,0.12,3.3,0.14,0.6,1,0.48,"{""baseName"":""ぶた"",""variety"":""ウインナーソーセージ"",""state"":""ゆで"",""notes"":[""畜肉類"",""ソーセージ類""]}",ウインナーソーセージは加工肉で塩分や添加物が多い可能性があるため素材としては注意が必要です。,5,1,1,450,970,1000,300,120,420,490,400,890,580,140,620,440,840,29.39,3.73,0.25,3.47,3200,210,4,13,81,319.25,174577,,"Pork, wiener sausage, boiled"
11,11307,＜畜肉類＞　ぶた　［ソーセージ類］　ウインナーソーセージ　焼き,50.2,13.0,31.8,0,2.5,345,6,220,810,200,13,0.6,1.5,0.06,0.03,3,18,2,0.4,0.5,0.38,0.13,4.0,0.15,0.6,1,0.71,"{""baseName"":""ぶた"",""variety"":""ウインナーソーセージ"",""state"":""焼き"",""notes"":[""畜肉類"",""ソーセージ類""]}",ウインナーは加工肉で脂肪・塩分・添加物が多く、素材としては限定的に使用すべき,4,1,1,530,1000,1100,320,130,450,530,440,970,630,150,660,470,910,29.78,3.85,0.26,3.59,3300,210,4,13,88,324.55,174577,,"Pork, wiener sausage, grilled"
11,11308,＜畜肉類＞　ぶた　［ソーセージ類］　ウインナーソーセージ　フライ,45.8,12.8,34.9,-,2.3,376,9,210,730,180,13,0.6,1.4,0.05,0.05,2,17,2,0.3,1.1,0.35,0.13,3.3,0.12,0.6,3,0.49,"{""baseName"":""ぶた"",""variety"":""ウインナーソーセージ"",""state"":""フライ"",""notes"":[""畜肉類"",""ソーセージ類""]}",ウインナーソーセージ（フライ）は加工肉で添加物や塩分・脂質が多く素材として適さない,3,1,1,620,980,990,300,130,430,510,400,910,590,140,620,440,840,32.31,5.00,0.67,4.32,4000,630,3,13,80,356.15,174577,,"Pork, wiener sausage, fried"
11,11187,＜畜肉類＞　ぶた　［ソーセージ類］　セミドライソーセージ,46.8,16.9,29.7,(0),3.7,335,34,210,1200,240,17,2.2,2.7,0.12,0.08,1,17,8,0.7,0.8,0.26,0.23,11.0,0.20,1.3,4,0.61,"{""baseName"":""ぶた"",""variety"":""セミドライソーセージ"",""notes"":[""畜肉類"",""ソーセージ類""]}",セミドライソーセージは加工肉で塩分・香辛料が高く、原材料によっては注意が必要。,4,1,1,760,1300,1400,370,170,530,680,540,1200,790,200,840,620,1100,27.63,3.54,0.43,3.06,2800,320,16,44,73,321.75,174577,,"Pork, semi-dry sausage"
11,11188,＜畜肉類＞　ぶた　［ソーセージ類］　ドライソーセージ,23.5,26.7,42.0,(0),5.3,467,27,250,1700,430,22,2.6,3.9,0.12,0.10,2,25,3,0.5,1.1,0.64,0.39,6.7,0.24,1.6,4,0.85,"{""baseName"":""ぶた"",""variety"":""ドライソーセージ"",""notes"":[""畜肉類"",""ソーセージ類""]}",ドライソーセージは加工肉で塩分や保存料・香辛料が多いため使用は制限される,5,1,1,1200,2100,2200,650,290,930,1100,860,1900,1300,300,1300,990,1700,38.06,4.47,0.57,3.83,3500,440,13,48,99,459.2,172938,,"Pork, dry sausage"
11,11189,＜畜肉類＞　ぶた　［ソーセージ類］　フランクフルトソーセージ,54.0,12.7,24.7,(0),2.4,295,12,170,740,200,13,0.9,1.8,0.08,0.05,36,15,5,0.4,0.4,0.21,0.13,2.1,0.15,0.4,2,0.61,"{""baseName"":""ぶた"",""variety"":""フランクフルトソーセージ"",""notes"":[""畜肉類"",""ソーセージ類""]}",フランクフルトは加工肉で塩分や添加物・香辛料が多い可能性があり、素材としては注意が必要。,4,1,1,560,990,1000,280,130,410,510,430,940,590,150,620,440,830,23.11,3.07,0.24,2.82,2600,180,3,27,79,276.1,174577,,"Pork, frankfurter sausage"
11,11190,＜畜肉類＞　ぶた　［ソーセージ類］　ボロニアソーセージ,60.9,12.5,21.0,(0),2.7,242,9,210,830,180,13,1.0,1.5,0.10,0.05,3,13,5,0.3,0.4,0.20,0.13,2.4,0.15,0.4,4,0.88,"{""baseName"":""ぶた"",""variety"":""ボロニアソーセージ"",""notes"":[""畜肉類"",""ソーセージ類""]}",ボロニアソーセージは加工肉で添加物や塩分が多く、素材としては慎重に扱うべき。,5,1,1,570,990,1000,280,120,410,520,420,940,580,150,640,450,800,19.61,2.39,0.22,2.16,2000,150,2,32,63,232.4,173856,54.4,"Pork, bologna sausage"
11,11191,＜畜肉類＞　ぶた　［ソーセージ類］　リオナソーセージ,65.2,14.9,13.1,(0),3.1,188,13,240,910,200,16,1.0,1.7,0.11,0.06,9,13,4,0.4,0.4,0.33,0.14,3.1,0.20,0.4,5,0.68,"{""baseName"":""ぶた"",""variety"":""リオナソーセージ"",""notes"":[""畜肉類"",""ソーセージ類""]}",加工された豚肉のソーセージでタンパク源にはなるが加工度・調味が高いため素材としては注意が必要,5,1,1,680,1200,1200,330,140,470,640,540,1200,690,170,790,510,980,11.81,1.83,0.19,1.64,1500,110,9,36,49,176.45,171617,,"Pork, lyoner sausage"
11,11192,＜畜肉類＞　ぶた　［ソーセージ類］　レバーソーセージ,47.7,14.7,33.5,(0),2.2,324,16,200,650,150,14,3.2,2.2,0.14,0.16,6,36,2800,0.5,0.4,0.23,1.42,6.5,0.16,4.7,15,1.36,"{""baseName"":""ぶた"",""variety"":""レバーソーセージ"",""notes"":[""畜肉類"",""ソーセージ類""]}",レバーソーセージはレバー由来の栄養はあるがソーセージは加工品で塩分・添加物に注意,5,1,1,690,1300,1200,320,180,510,680,550,1200,730,200,820,430,940,23.64,3.31,0.23,3.08,2800,140,10,37,130,342.85,173870,,"Pork, liver sausage"
11,11193,＜畜肉類＞　ぶた　［ソーセージ類］　混合ソーセージ,58.2,11.8,22.7,(0),2.6,231,17,190,850,110,13,1.3,1.4,0.10,0.12,2,17,3,1.2,0.3,0.12,0.10,1.8,0.08,1.0,9,0.42,"{""baseName"":""ぶた"",""variety"":""混合ソーセージ"",""notes"":[""畜肉類"",""ソーセージ類""]}",混合ソーセージは加工品で塩分や添加物が多く含まれる可能性があるため素材としてはやや不適,4,1,1,490,860,920,270,110,370,440,320,760,530,130,540,480,780,15.87,1.89,0.34,1.55,1400,200,45,37,71,250.7,174607,,"Pork, mixed sausage"
11,11194,＜畜肉類＞　ぶた　［ソーセージ類］　生ソーセージ,58.6,14.0,24.4,(0),2.2,269,8,140,680,200,14,0.9,1.7,0.08,0.06,1,18,12,0.7,0.4,0.51,0.14,3.3,0.25,0.4,1,0.74,"{""baseName"":""ぶた"",""variety"":""生ソーセージ"",""notes"":[""畜肉類"",""ソーセージ類""]}",豚肉のソーセージはタンパク源として使えるが加工品で塩分や添加物が含まれる可能性があるため注意が必要。,6,1,1,620,1100,1200,320,150,470,550,470,1000,660,150,700,510,940,22.94,2.86,0.23,2.61,2400,160,0,37,68,259.2,174579,58.8,"Pork, fresh sausage"
11,11317,＜畜肉類＞　ぶた　［ソーセージ類］　ランチョンミート,55.5,14,23.8,-,2.7,279,16,200,920,200,15,0.7,1.3,0.05,0.02,2,19,11,0.3,0.5,0.06,0.11,4.1,0.11,0.4,4,0.56,"{""baseName"":""ぶた"",""variety"":""ランチョンミート"",""notes"":[""畜肉類"",""ソーセージ類""]}",豚肉由来だが加工度が高く塩分・保存料などが含まれる可能性があるため素材としては注意が必要。,5,1,1,600,1100,1100,330,120,450,560,440,1000,620,150,690,500,880,21.57,3.03,0.21,2.82,2600,160,3,11,66,265.3,174571,61.8,"Pork, luncheon meat"
11,11195,＜畜肉類＞　ぶた　［その他］　焼き豚,64.3,19.4,8.2,(0),3.0,166,9,260,930,290,20,0.7,1.3,0.06,0.04,6,17,Tr,0.6,0.3,0.85,0.20,14.0,0.20,1.2,3,0.64,"{""baseName"":""ぶた"",""variety"":""焼き豚"",""notes"":[""畜肉類"",""その他""]}",焼き豚は加工肉で調味料や糖分・塩分を含む場合が多く、素材としては加工度を考慮。,5,1,1,890,1500,1600,440,210,650,790,630,1400,910,230,980,670,1200,6.84,1.02,0.08,0.94,860,48,6,14,24,155.45,167880,101.4,"Pork, roast pork"
11,11196,＜畜肉類＞　ぶた　［その他］　レバーペースト,45.8,12.9,34.7,(0),3.0,370,27,260,880,160,15,7.7,2.9,0.33,0.26,3,28,4300,0.3,0.4,0.18,1.45,6.8,0.23,7.8,140,2.35,"{""baseName"":""ぶた"",""variety"":""レバーペースト"",""notes"":[""畜肉類"",""その他""]}",レバーペーストは栄養密度が高いが加工品で脂質や調味が強い点に注意,6,1,1,570,1100,990,270,160,440,590,470,1100,600,160,700,360,770,31.65,4.42,0.43,3.97,3600,250,19,98,200,352.7,173870,,"Pork, liver paste"
11,11197,＜畜肉類＞　ぶた　［その他］　スモークレバー,57.6,29.6,7.7,(0),2.5,182,8,380,690,280,24,20.0,8.7,0.92,0.30,4,81,17000,0.9,0.6,0.29,5.17,18.0,0.66,24.0,310,7.28,"{""baseName"":""ぶた"",""variety"":""スモークレバー"",""notes"":[""畜肉類"",""その他""]}",豚のスモークレバーは良質なタンパク源で鉄分やビタミンを含み、犬の素材として適している,9,1,1,1400,2700,2200,640,440,1100,1500,1100,2700,1400,490,1800,810,1700,4.31,1.65,0.26,1.39,660,20,27,130,670,178.15,173869,,"Pork, smoked liver"
11,11198,＜畜肉類＞　ぶた　［その他］　ゼラチン,11.3,87.6,0.3,(0),0.8,347,16,7,260,8,3,0.7,0.1,0.01,0.03,2,7,(0),0,0,(0),(0),(0),0,0.2,2,0.08,"{""baseName"":""ぶた"",""variety"":""ゼラチン"",""notes"":[""畜肉類"",""その他""]}",豚ゼラチンはコラーゲン源として安全だが栄養価は限定的,7,1,0,1200,2900,3600,830,17,850,2000,280,2300,2000,7.7,2700,670,8100,,,,,,,,,,309.15,169599,38.5,"Pork, gelatin"
11,11199,＜畜肉類＞　めんよう　［マトン］　ロース　脂身つき　生,68.2,19.3,15.0,(0),0.8,192,3,180,62,330,17,2.7,2.5,0.08,0.01,1,8,12,0.7,0.7,0.16,0.21,5.9,0.32,1.3,1,0.51,"{""baseName"":""めんよう"",""part"":""ロース"",""formModifiers"":[""脂身つき""],""state"":""生"",""notes"":[""畜肉類"",""マトン""]}",マトンのロースは動物性タンパク源として適するが脂が付く点に注意。,8,1,1,920,1600,1800,500,210,710,830,730,1600,1000,240,1000,840,1400,12.81,0.50,0.16,0.34,300,120,15,0,27,195.05,172659,,"Mutton, loin, with fat, raw"
11,11281,＜畜肉類＞　めんよう　［マトン］　ロース　脂身つき　焼き,52.3,25.8,24.9,(0),0.9,305,4,220,69,370,20,3.6,3.9,0.11,0,1,7,14,0.7,1.0,0.16,0.26,6.2,0.37,1.5,Tr,0.66,"{""baseName"":""めんよう"",""part"":""ロース"",""formModifiers"":[""脂身つき""],""state"":""焼き"",""notes"":[""畜肉類"",""マトン""]}",マトンは良質な動物性タンパク源で、焼き済みの部位は犬の素材として適切,9,1,1,1200,2200,2400,710,310,1000,1100,970,2100,1300,330,1400,1000,1900,22.28,1.01,0.29,0.72,650,220,22,11,55,301.95,174415,,"Mutton, loin, with fat, grilled"
11,11245,＜畜肉類＞　めんよう　［マトン］　ロース　皮下脂肪なし　生,72.3,22.2,7.4,0,0.9,139,3,190,61,350,23,2.8,3.1,0.10,0.01,1,10,8,0.2,0.5,0.14,0.24,7.2,0.33,1.5,2,0.75,"{""baseName"":""めんよう"",""part"":""ロース"",""formModifiers"":[""皮下脂肪なし""],""state"":""生"",""notes"":[""畜肉類"",""マトン""]}",マトン（ロース）は優れた動物性たんぱく源だが脂質や風味に注意が必要,9,1,1,870,1700,1900,580,250,830,830,770,1600,1100,260,1000,760,1400,6.05,0.32,0.13,0.19,150,88,17,6,27,140.6,174896,,"Mutton, loin, lean only, raw"
11,11200,＜畜肉類＞　めんよう　［マトン］　もも　脂身つき　生,65.0,18.8,15.3,(0),0.8,205,4,140,37,230,21,2.5,3.4,0.13,0.01,-,-,7,0.4,1.3,0.14,0.33,4.6,0.30,1.6,1,1.12,"{""baseName"":""めんよう"",""part"":""もも"",""formModifiers"":[""脂身つき""],""state"":""生"",""notes"":[""畜肉類"",""マトン""]}",マトン（もも・脂身つき・生）は動物性たんぱくと脂質の供給源として使えるが脂肪量に注意,8,1,1,900,1600,1800,490,200,690,810,710,1500,980,230,980,820,1300,12.98,0.57,0.19,0.38,330,150,14,0,43,196.2,174896,,"Mutton, leg, with fat, raw"
11,11201,＜畜肉類＞　めんよう　［ラム］　かた　脂身つき　生,64.8,17.1,17.1,(0),0.9,214,4,120,70,310,23,2.2,5.0,0.13,-,-,-,8,0.9,0.5,0.13,0.26,4.2,0.12,2.0,2,0.94,"{""baseName"":""めんよう"",""part"":""かた"",""formModifiers"":[""脂身つき""],""state"":""生"",""notes"":[""畜肉類"",""ラム""]}",羊肉は良質な動物性タンパク源で犬のレシピ素材として適している,10,1,1,750,1400,1500,440,200,630,690,600,1300,830,200,860,640,1200,14.59,0.61,0.19,0.41,360,130,15,0,45,205.55,174380,,"Lamb, shoulder, with fat, raw"
11,11202,＜畜肉類＞　めんよう　［ラム］　ロース　脂身つき　生,56.5,15.6,25.9,(0),0.8,287,10,140,72,250,17,1.2,2.6,0.08,0.01,1,8,30,0,0.6,0.12,0.16,4.2,0.23,1.4,1,0.64,"{""baseName"":""めんよう"",""part"":""ロース"",""formModifiers"":[""脂身つき""],""state"":""生"",""notes"":[""畜肉類"",""ラム""]}",ラム肉は良質なタンパク源で犬のレシピ素材として適している。,9,1,1,680,1200,1300,400,180,580,630,550,1200,760,180,790,580,1100,22.12,0.87,0.32,0.55,510,250,17,13,24,278.95,172608,,"Lamb, loin, with fat, raw"
11,11282,＜畜肉類＞　めんよう　［ラム］　ロース　脂身つき　焼き,43.5,21.8,31.4,(0),1.0,358,11,160,80,290,21,1.7,3.3,0.11,0,1,5,37,0,0.6,0.13,0.21,5.4,0.27,2.1,1,0.69,"{""baseName"":""めんよう"",""part"":""ロース"",""formModifiers"":[""脂身つき""],""state"":""焼き"",""notes"":[""畜肉類"",""ラム""]}",ラム肉は良質なタンパク源で、焼き済みの部位は犬のレシピ素材として適切,9,1,1,970,1800,1900,560,240,800,890,780,1700,1100,260,1100,770,1500,25.96,1.18,0.45,0.73,700,380,22,0,33,351.25,174415,,"Lamb, loin, with fat, grilled"
11,11246,＜畜肉類＞　めんよう　［ラム］　ロース　皮下脂肪なし　生,72.3,22.3,5.2,0,1.0,128,7,190,77,330,23,1.9,2.7,0.12,0.01,1,11,7,0,0.1,0.15,0.25,8.1,0.36,1.6,1,0.77,"{""baseName"":""めんよう"",""part"":""ロース"",""formModifiers"":[""皮下脂肪なし""],""state"":""生"",""notes"":[""畜肉類"",""ラム""]}",ラム（めんよう）ロースは良質な動物性たんぱく源で犬のレシピ素材として理想的である,10,1,1,840,1700,1900,600,250,850,860,770,1600,1100,270,1100,960,1400,4.15,0.29,0.10,0.19,150,58,14,5,35,122.25,172588,,"Lamb, loin, lean only, raw"
11,11203,＜畜肉類＞　めんよう　［ラム］　もも　脂身つき　生,69.7,20.0,12.0,(0),1.0,164,3,200,59,340,22,2.0,3.1,0.10,0.01,1,9,9,0.1,0.4,0.18,0.27,6.9,0.29,1.8,1,0.80,"{""baseName"":""めんよう"",""part"":""もも"",""formModifiers"":[""脂身つき""],""state"":""生"",""notes"":[""畜肉類"",""ラム""]}",ラム肉は良質なタンパクと脂質を供給する優れた素材,9,1,1,930,1700,1800,540,240,780,830,740,1600,1000,260,1000,810,1400,9.82,0.52,0.18,0.34,280,130,19,0,36,172,172659,,"Lamb, leg, with fat, raw"
11,11283,＜畜肉類＞　めんよう　［ラム］　もも　脂身つき　焼き,53.5,28.6,20.3,(0),1.0,267,4,220,64,370,24,2.5,4.5,0.15,0,1,13,14,0,0.5,0.19,0.32,7.4,0.29,2.1,4,0.84,"{""baseName"":""めんよう"",""part"":""もも"",""formModifiers"":[""脂身つき""],""state"":""焼き"",""notes"":[""畜肉類"",""ラム""]}",ラムももは良質な動物性タンパク源で犬のレシピ素材として適している,9,1,1,1400,2400,2600,800,350,1100,1200,1100,2300,1400,370,1500,980,2000,17.59,0.95,0.36,0.59,530,270,31,15,50,272.65,174895,,"Lamb, leg, with fat, grilled"
11,11179,＜畜肉類＞　めんよう　混合プレスハム,75.8,14.4,4.1,(0),2.7,100,11,210,880,140,12,1.1,1.7,0.06,0.04,-,-,Tr,0.4,0.4,0.10,0.18,1.8,0.09,2.1,5,0.29,"{""baseName"":""めんよう"",""variety"":""混合プレスハム"",""notes"":[""畜肉類""]}",羊肉を主原料とする加工プレスハム。良質なたんぱく源だが加工肉で添加物や塩分があるため素材評価は控えめ。,6,0,1,,,,,,,,,,,,,,,3.28,0.58,0.13,0.45,420,74,13,30,16,95.75,167916,63.8,"Lamb and mutton, mixed pressed ham"
11,11204,＜畜肉類＞　やぎ　肉　赤肉　生,75.4,21.9,1.5,(0),1.0,99,7,170,45,310,25,3.8,4.7,0.11,0.02,-,-,3,0,1.0,0.07,0.28,6.7,0.26,2.8,2,0.45,"{""baseName"":""やぎ"",""variety"":""肉"",""formModifiers"":[""赤肉""],""state"":""生"",""notes"":[""畜肉類""]}",やぎ肉は低脂肪で良質なたんぱく源。適切に処理すれば犬のレシピに適する。,9,1,1,1100,1800,2000,620,270,890,900,800,1700,1100,250,1100,930,1400,0.91,0.18,0.05,0.14,94,17,11,2,35,90.1,175303,,"Goat, meat, lean, raw"
11,11207,＜鳥肉類＞　うずら　肉　皮つき　生,65.4,20.5,12.9,(0),1.1,194,15,100,35,280,27,2.9,0.8,0.11,0.02,-,-,45,0.1,0.8,0.12,0.50,5.8,0.53,0.7,11,1.85,"{""baseName"":""うずら"",""variety"":""肉"",""formModifiers"":[""皮つき""],""state"":""生"",""notes"":[""鳥肉類""]}",うずら肉は良質な鳥類タンパクで犬のレシピ素材として適している,9,1,1,(1100),(1700),(1700),(620),(360),(970),(860),(890),(1700),(990),(300),(1100),(730),(1300),11.38,4.60,0.24,4.36,4200,190,0,31,130,181.75,172418,,"Quail, meat, with skin, raw"
11,11239,＜鳥肉類＞　がちょう　フォアグラ　ゆで,39.7,8.3,49.9,(0),0.6,470,3,150,44,130,10,2.7,1.0,1.85,0.05,-,-,1000,0.9,0.3,0.27,0.81,2.4,0.30,7.6,220,4.38,"{""baseName"":""がちょう"",""variety"":""フォアグラ"",""state"":""ゆで"",""notes"":[""鳥肉類""]}",フォアグラは栄養価が高いが脂肪が非常に多く少量での使用が望ましい,6,1,1,(440),(750),(630),(200),(110),(310),(410),(290),(700),(370),(120),(520),(220),(510),46.36,0.61,0,0.61,400,0,0,0,210,458.45,172415,,"Goose, foie gras, boiled"
11,11208,＜鳥肉類＞　かも　まがも　肉　皮なし　生,72.1,23.6,3.0,(0),1.2,118,5,260,72,400,27,4.3,1.4,0.36,0.03,-,-,15,3.1,Tr,0.40,0.69,9.3,0.61,3.5,3,2.17,"{""baseName"":""かも"",""variety"":""まがも 肉"",""formModifiers"":[""皮なし""],""state"":""生"",""notes"":[""鳥肉類""]}",かもの皮なし肉は良質な動物性たんぱくで犬のレシピ素材として適している,9,1,1,(1100),(1900),(2100),(630),(280),(910),(970),(850),(1800),(1100),(300),(1200),(810),(1600),2.10,0.55,0.03,0.52,310,8,2,9,170,108.45,171511,,"Duck, mallard, meat, skinless, raw"
11,11205,＜鳥肉類＞　かも　あいがも　肉　皮つき　生,56.0,14.2,29.0,(0),0.7,304,5,130,62,220,16,1.9,1.4,0.26,0.02,-,-,46,1,0.2,0.24,0.35,3.8,0.32,1.1,2,1.67,"{""baseName"":""かも"",""variety"":""あいがも 肉"",""formModifiers"":[""皮つき""],""state"":""生"",""notes"":[""鳥肉類""]}",合鴨（皮つき）は良質なたんぱく源だが脂肪が多めでエネルギーが高い。,8,1,1,(630),(1100),(1200),(360),(170),(520),(570),(480),(1100),(630),(160),(690),(460),(1000),27.00,5.66,0.32,5.35,5200,300,0,0,130,296.55,172408,31,"Duck, crossbred, meat, with skin, raw"
11,11206,＜鳥肉類＞　かも　あひる　肉　皮つき　生,62.7,14.9,19.8,(0),0.8,237,5,160,67,250,17,1.6,1.6,0.20,0.01,7,16,62,0.8,0.5,0.30,0.26,5.3,0.34,2.1,10,1.20,"{""baseName"":""かも"",""variety"":""あひる 肉"",""formModifiers"":[""皮つき""],""state"":""生"",""notes"":[""鳥肉類""]}",鴨（あひる）肉は良質なタンパク源だが脂肪が高めのため使用量に注意が必要。,8,1,1,(680),(1200),(1300),(380),(180),(560),(610),(530),(1100),(710),(170),(750),(480),(1100),17.42,4.67,0.30,4.37,4100,280,1,2,120,226.75,172408,31,"Duck, domestic, meat, with skin, raw"
11,11247,＜鳥肉類＞　かも　あひる　肉　皮なし　生,77.2,20.1,2.2,(0),1.1,94,5,230,84,360,26,2.4,2.3,0.31,0.02,11,21,9,0.4,0.4,0.46,0.41,7.9,0.54,3.0,14,1.83,"{""baseName"":""かも"",""variety"":""あひる 肉"",""formModifiers"":[""皮なし""],""state"":""生"",""notes"":[""鳥肉類""]}",鴨（あひる）肉はタンパク源として利用可能でレシピ素材に適しています。,9,1,1,970,1700,1800,540,240,780,830,750,1600,1000,260,1000,690,1400,1.41,0.44,0.03,0.42,300,15,2,3,74,89.05,172410,53.6,"Duck, domestic, meat, skinless, raw"
11,11284,＜鳥肉類＞　かも　あひる　皮　生,41.3,7.3,45.8,(0),0.3,448,5,59,42,84,5,0.4,0.7,0.03,0,2,10,140,1.4,0.8,0.07,0.05,1.4,0.05,0.8,5,0.27,"{""baseName"":""かも"",""variety"":""あひる 皮"",""state"":""生"",""notes"":[""鳥肉類""]}",あひるの皮は脂肪分が高く使用量に注意が必要だが素材としては利用可能,7,1,1,260,490,490,150,84,230,280,200,480,300,43,340,170,660,41.03,10.90,0.71,10.20,9700,670,0,0,190,433.4,172408,31,"Duck, domestic, skin, raw"
11,11209,＜鳥肉類＞　きじ　肉　皮なし　生,75.0,23.0,1.1,(0),0.8,101,8,190,38,220,27,1.0,1.0,0.10,0.03,-,-,7,0.5,0.3,0.08,0.24,8.4,0.65,1.7,12,1.07,"{""baseName"":""きじ"",""variety"":""肉"",""formModifiers"":[""皮なし""],""state"":""生"",""notes"":[""鳥肉類""]}",きじは良質な動物性たんぱく源で犬のレシピ素材として適している,9,1,1,(1300),(1900),(2100),(670),(300),(970),(900),(750),(1700),(1200),(320),(1300),(920),(1400),0.75,0.22,0.03,0.19,130,4,1,18,50,90.2,174473,,"Pheasant, meat, skinless, raw"
11,11210,＜鳥肉類＞　しちめんちょう　肉　皮なし　生,74.6,23.5,0.7,(0),1.1,99,8,140,37,190,29,1.1,0.8,0.05,0.02,-,-,Tr,0.1,Tr,0.07,0.24,7.0,0.72,0.6,10,1.51,"{""baseName"":""しちめんちょう"",""variety"":""肉"",""formModifiers"":[""皮なし""],""state"":""生"",""notes"":[""鳥肉類""]}",七面鳥肉（皮なし）は良質なたんぱく源で犬のレシピ素材として適切。,9,1,1,1200,1900,2100,660,260,920,930,800,1700,1100,280,1200,1200,1500,0.42,0.15,0.04,0.11,85,5,5,18,19,88.55,171490,53,"Turkey, meat, skinless, raw"
11,11211,＜鳥肉類＞　すずめ　肉　骨・皮つき　生,72.2,18.1,5.9,(0),3.7,114,1100,660,80,160,42,8.0,2.7,0.41,0.12,-,-,15,0.2,0.2,0.28,0.80,2.8,0.59,5.0,16,4.56,"{""baseName"":""すずめ"",""variety"":""肉 骨・皮つき"",""state"":""生"",""notes"":[""鳥肉類""]}",鳥肉として利用可能だが、小骨の処理が必要,7,0,1,,,,,,,,,,,,,,,4.38,1.01,0.20,0.81,670,28,0,160,110,113.85,172418,,"Sparrow, meat, with bone and skin, raw"
11,11212,＜鳥肉類＞　にわとり　［親・主品目］　手羽　皮つき　生,66.0,23.0,10.4,(0),0.6,182,16,100,44,120,14,1.2,1.7,0.05,0.01,-,-,60,0.1,0.1,0.04,0.11,3.3,0.20,0.7,10,1.33,"{""baseName"":""にわとり"",""part"":""手羽"",""formModifiers"":[""皮つき""],""state"":""生"",""notes"":[""鳥肉類"",""親・主品目""]}",鶏手羽は良質なタンパク源で犬のレシピ素材として適切です（骨は調理で除去が前提）。,9,1,1,(980),(1700),(1900),(600),(250),(850),(900),(750),(1600),(1000),(240),(1100),(910),(1700),9.20,2.34,0.09,2.25,2100,71,0,17,68,168.9,172390,82,"Chicken, mature, wing, with skin, raw"
11,11213,＜鳥肉類＞　にわとり　［親・主品目］　むね　皮つき　生,62.6,19.5,17.2,(0),0.7,229,4,120,31,190,20,0.3,0.7,0.05,0.01,-,-,72,0.1,0.2,0.05,0.08,7.9,0.35,0.3,5,0.97,"{""baseName"":""にわとり"",""part"":""むね"",""formModifiers"":[""皮つき""],""state"":""生"",""notes"":[""鳥肉類"",""親・主品目""]}",鶏むね肉は良質なたんぱく源。皮は脂質が多い点に留意が必要,9,1,1,(830),(1400),(1600),(500),(210),(710),(720),(630),(1300),(820),(230),(900),(970),(1200),15.76,2.37,0.11,2.26,2100,99,0,6,67,214.45,171474,67.1,"Chicken, mature, breast, with skin, raw"
11,11214,＜鳥肉類＞　にわとり　［親・主品目］　むね　皮なし　生,72.8,24.4,1.9,(0),0.9,113,5,150,34,210,26,0.4,0.7,0.05,0.01,-,-,50,0,0.1,0.06,0.10,8.4,0.47,0.2,5,1.13,"{""baseName"":""にわとり"",""part"":""むね"",""formModifiers"":[""皮なし""],""state"":""生"",""notes"":[""鳥肉類"",""親・主品目""]}",鶏むね肉は低脂肪で良質なタンパク源で犬のレシピに適している,10,1,1,(1100),(1900),(2100),(650),(270),(920),(920),(800),(1700),(1100),(300),(1200),(1200),(1500),1.44,0.42,0.02,0.40,340,10,0,9,49,101.55,171077,82.1,"Chicken, mature, breast, skinless, raw"
11,11215,＜鳥肉類＞　にわとり　［親・主品目］　もも　皮つき　生,62.9,17.3,19.1,(0),0.7,234,8,110,42,160,16,0.9,1.7,0.07,0.01,-,-,47,0.1,0.1,0.07,0.23,3.8,0.17,0.5,6,1.57,"{""baseName"":""にわとり"",""part"":""もも"",""formModifiers"":[""皮つき""],""state"":""生"",""notes"":[""鳥肉類"",""親・主品目""]}",鶏もも肉は良質な動物性タンパク質と脂質の供給源で、犬のレシピ素材として適する（皮下脂肪は高め）。,9,1,1,(890),(1500),(1700),(540),(230),(760),(790),(670),(1500),(880),(230),(950),(710),(1400),17.45,2.78,0.12,2.66,2500,110,0,6,81,222.9,171463,,"Chicken, mature, thigh, with skin, raw"
11,11216,＜鳥肉類＞　にわとり　［親・主品目］　もも　皮なし　生,72.3,22.0,4.8,(0),0.9,128,9,150,50,220,21,2.1,2.3,0.09,0.01,-,-,17,0,0.1,0.10,0.31,4.1,0.22,0.6,7,2.15,"{""baseName"":""にわとり"",""part"":""もも"",""formModifiers"":[""皮なし""],""state"":""生"",""notes"":[""鳥肉類"",""親・主品目""]}",鶏もも（皮なし）は低脂肪で良質なタンパク源、犬のレシピに最適,10,1,1,(1000),(1700),(1900),(600),(250),(850),(870),(750),(1600),(990),(280),(1100),(800),(1500),3.97,1.13,0.04,1.09,1000,29,0,8,68,117.8,173627,53.6,"Chicken, mature, thigh, skinless, raw"
11,11217,＜鳥肉類＞　にわとり　［親・副品目］　ささみ　生,73.2,24.6,1.1,(0),1.1,107,8,200,40,280,21,0.6,2.4,0.09,-,-,-,9,0,0.1,0.09,0.12,11.0,0.66,0.1,7,1.68,"{""baseName"":""にわとり"",""part"":""ささみ"",""state"":""生"",""notes"":[""鳥肉類"",""親・副品目""]}",ささみは低脂肪で良質なタンパク源、犬に適した素材,9,1,1,(1200),(2000),(2200),(690),(280),(960),(970),(860),(1800),(1200),(300),(1200),(790),(1600),0.72,0.22,0.01,0.21,160,4,0,8,39,95.45,172398,,"Chicken, mature, tenderloin, raw"
11,11218,＜鳥肉類＞　にわとり　［若どり・主品目］　手羽　皮つき　生,68.1,17.8,14.3,(0),0.8,189,14,150,79,220,17,0.5,1.2,0.02,0,2,14,47,0.4,0.6,0.07,0.10,6.2,0.38,0.4,10,0.87,"{""baseName"":""にわとり"",""part"":""手羽"",""formModifiers"":[""皮つき""],""state"":""生"",""notes"":[""鳥肉類"",""若どり・主品目""]}",若どりの手羽は良質な動物性タンパク源で犬の素材として適している（骨・硬い部分は調理で除去）。,9,1,1,(780),(1400),(1500),(470),(200),(670),(710),(600),(1300),(840),(190),(890),(710),(1300),13.11,1.99,0.16,1.84,1700,120,6,11,69,183.85,172390,82,"Chicken, young, wing, with skin, raw"
11,11285,＜鳥肉類＞　にわとり　［若どり・主品目］　手羽さき　皮つき　生,67.1,17.4,16.2,(0),0.8,207,20,140,78,210,16,0.6,1.5,0.02,0,1,14,51,0.6,0.6,0.07,0.09,5.4,0.30,0.5,8,0.84,"{""baseName"":""にわとり"",""part"":""手羽さき"",""formModifiers"":[""皮つき""],""state"":""生"",""notes"":[""鳥肉類"",""若どり・主品目""]}",鶏手羽は良質な動物性たんぱく源で、犬のレシピ素材として適している。,9,1,1,720,1300,1400,430,180,610,670,550,1200,790,170,830,630,1400,15.05,2.33,0.18,2.14,2000,150,7,10,81,198.6,172390,82,"Chicken, young, wing tip, with skin, raw"
11,11286,＜鳥肉類＞　にわとり　［若どり・主品目］　手羽もと　皮つき　生,68.9,18.2,12.8,(0),0.8,175,10,150,80,230,19,0.5,1.0,0.02,0,2,14,44,0.3,0.5,0.08,0.10,6.9,0.45,0.3,12,0.89,"{""baseName"":""にわとり"",""part"":""手羽もと"",""formModifiers"":[""皮つき""],""state"":""生"",""notes"":[""鳥肉類"",""若どり・主品目""]}",鶏肉の部位で良質な動物性タンパク源。皮付きは脂肪が多い点に注意。,9,1,1,840,1400,1600,500,210,710,730,640,1400,880,210,930,770,1300,11.55,1.73,0.14,1.59,1500,100,6,11,60,172.5,172390,82,"Chicken, young, wing drumette, with skin, raw"
11,11219,＜鳥肉類＞　にわとり　［若どり・主品目］　むね　皮つき　生,72.6,21.3,5.9,(0),1.0,133,4,200,42,340,27,0.3,0.6,0.03,0.01,0,17,18,0.1,0.3,0.09,0.10,11.0,0.57,0.2,12,1.74,"{""baseName"":""にわとり"",""part"":""むね"",""formModifiers"":[""皮つき""],""state"":""生"",""notes"":[""鳥肉類"",""若どり・主品目""]}",鶏むね（皮つき）は良質なたんぱく源だが皮は脂肪が多い点に留意が必要,9,1,1,930,1600,1800,550,230,780,790,710,1500,970,250,1000,1100,1300,5.23,1.03,0.11,0.92,850,76,5,16,35,124.7,171077,82.1,"Chicken, young, breast, with skin, raw"
11,11287,＜鳥肉類＞　にわとり　［若どり・主品目］　むね　皮つき　焼き,55.1,34.7,9.1,(0),1.6,215,6,300,65,510,40,0.4,1.0,0.05,0.01,0,28,27,0.1,0.5,0.12,0.17,17.0,0.60,0.4,17,2.51,"{""baseName"":""にわとり"",""part"":""むね"",""formModifiers"":[""皮つき""],""state"":""焼き"",""notes"":[""鳥肉類"",""若どり・主品目""]}",鶏むね（焼き）は良質なたんぱく源で犬のレシピ素材として非常に適している,10,1,1,1600,2700,3000,940,390,1300,1300,1200,2500,1600,420,1700,1700,2300,7.98,1.69,0.18,1.50,1400,120,10,30,69,198.8,171534,111.4,"Chicken, young, breast, with skin, grilled"
11,11220,＜鳥肉類＞　にわとり　［若どり・主品目］　むね　皮なし　生,74.6,23.3,1.9,(0),1.1,105,4,220,45,370,29,0.3,0.7,0.02,0.02,0,17,9,0.1,0.3,0.10,0.11,12.0,0.64,0.2,13,1.92,"{""baseName"":""にわとり"",""part"":""むね"",""formModifiers"":[""皮なし""],""state"":""生"",""notes"":[""鳥肉類"",""若どり・主品目""]}",生の鶏むね（皮なし）は低脂肪で良質なタンパク源として非常に適している。,10,1,1,1100,1800,2000,630,260,890,890,800,1700,1100,290,1100,1200,1500,1.55,0.37,0.05,0.32,270,24,3,12,27,97.7,171077,82.1,"Chicken, young, breast, skinless, raw"
11,11288,＜鳥肉類＞　にわとり　［若どり・主品目］　むね　皮なし　焼き,57.6,38.8,3.3,(0),1.7,177,7,340,73,570,47,0.5,1.1,0.04,0.01,0,29,14,0.1,0.5,0.14,0.18,18.0,0.66,0.3,18,2.58,"{""baseName"":""にわとり"",""part"":""むね"",""formModifiers"":[""皮なし""],""state"":""焼き"",""notes"":[""鳥肉類"",""若どり・主品目""]}",鶏むね肉（皮なし・焼き）は低脂肪で良質なたんぱく源、犬のレシピ素材として理想的,10,1,1,1800,3100,3500,1100,450,1500,1600,1400,2900,1900,490,1900,1900,2600,2.65,0.65,0.08,0.56,460,39,6,23,58,163.85,171534,111.4,"Chicken, young, breast, skinless, grilled"
11,11221,＜鳥肉類＞　にわとり　［若どり・主品目］　もも　皮つき　生,68.5,16.6,14.2,(0),0.9,190,5,170,62,290,21,0.6,1.6,0.04,0.01,Tr,17,40,0.4,0.7,0.10,0.15,4.8,0.25,0.3,13,0.81,"{""baseName"":""にわとり"",""part"":""もも"",""formModifiers"":[""皮つき""],""state"":""生"",""notes"":[""鳥肉類"",""若どり・主品目""]}",鶏もも（皮つき）は良質なタンパク源でレシピ素材として適切。脂肪量には配慮が必要。,9,1,1,880,1500,1700,520,220,740,770,660,1400,920,220,940,690,1400,12.93,1.85,0.09,1.76,1600,73,1,7,79,178.8,172385,45.7,"Chicken, young, thigh, with skin, raw"
11,11223,＜鳥肉類＞　にわとり　［若どり・主品目］　もも　皮つき　ゆで,62.9,22.0,15.2,(0),0.8,216,9,160,47,210,23,1.0,2.0,0.07,0.02,0,3,47,0.2,0.2,0.07,0.21,4.6,0.22,0.3,7,1.06,"{""baseName"":""にわとり"",""part"":""もも"",""formModifiers"":[""皮つき""],""state"":""ゆで"",""notes"":[""鳥肉類"",""若どり・主品目""]}",加熱済みの鶏ももは良質なたんぱく源、皮つきは脂質に配慮して使用,9,1,1,(1100),(2000),(2200),(680),(290),(970),(1000),(850),(1900),(1100),(290),(1200),(910),(1800),13.57,1.90,0.09,1.81,1700,75,2,6,73,206.2,173626,54.1,"Chicken, young, thigh, with skin, boiled"
11,11222,＜鳥肉類＞　にわとり　［若どり・主品目］　もも　皮つき　焼き,58.4,26.3,13.9,(0),1.2,220,6,230,92,390,29,0.9,2.5,0.05,0.01,Tr,29,25,0.4,0.2,0.14,0.24,6.8,0.28,0.5,8,1.20,"{""baseName"":""にわとり"",""part"":""もも"",""formModifiers"":[""皮つき""],""state"":""焼き"",""notes"":[""鳥肉類"",""若どり・主品目""]}",鶏もも（焼き）は良質なタンパク源だが皮付きの脂質に注意,9,1,1,(1300),(2400),(2600),(820),(350),(1200),(1200),(1000),(2200),(1300),(350),(1500),(1100),(2100),12.16,1.73,0.08,1.65,1500,67,2,6,75,210.9,173625,67.6,"Chicken, young, thigh, with skin, grilled"
11,11289,＜鳥肉類＞　にわとり　［若どり・主品目］　もも　皮つき　から揚げ,41.2,24.2,18.1,0.8,3.2,307,11,240,990,430,32,1.0,2.1,0.07,0.17,Tr,25,28,0.2,2.5,0.12,0.23,6.0,0.21,0.3,23,1.19,"{""baseName"":""にわとり"",""part"":""もも"",""formModifiers"":[""皮つき""],""state"":""から揚げ"",""notes"":[""鳥肉類"",""若どり・主品目""]}",から揚げは揚げ物・調味済みの惣菜にあたり適合性が低い（油分・調味料に注意）,4,1,1,1100,1800,1900,540,270,810,940,690,1600,1100,270,1100,810,1500,16.47,3.67,0.70,2.97,2800,680,0,10,87,282.3,172386,,"Chicken, young, thigh, with skin, deep-fried"
11,11224,＜鳥肉類＞　にわとり　［若どり・主品目］　もも　皮なし　生,76.1,19.0,5.0,(0),1.0,113,5,190,69,320,24,0.6,1.8,0.04,0.01,0,19,16,0.2,0.6,0.12,0.19,5.5,0.31,0.3,10,1.06,"{""baseName"":""にわとり"",""part"":""もも"",""formModifiers"":[""皮なし""],""state"":""生"",""notes"":[""鳥肉類"",""若どり・主品目""]}",鶏もも肉は良質な動物性タンパク源で犬のレシピ素材として適切,10,1,1,900,1500,1700,520,220,740,760,670,1400,920,240,950,700,1300,4.14,0.71,0.04,0.67,520,18,2,11,89,109,173627,53.6,"Chicken, young, thigh, skinless, raw"
11,11226,＜鳥肉類＞　にわとり　［若どり・主品目］　もも　皮なし　ゆで,69.1,25.1,5.2,(0),0.9,141,10,190,56,260,25,0.8,2.2,0.05,0.01,-,-,14,0,0.3,0.12,0.18,5.3,0.36,0.3,8,0.99,"{""baseName"":""にわとり"",""part"":""もも"",""formModifiers"":[""皮なし""],""state"":""ゆで"",""notes"":[""鳥肉類"",""若どり・主品目""]}",茹でた皮なし鶏ももは良質なタンパク源で犬のレシピ素材として非常に適している。,10,1,1,(1200),(2000),(2200),(690),(290),(970),(1000),(850),(1800),(1100),(310),(1200),(910),(1700),4.03,0.69,0.04,0.65,520,18,2,10,78,132.05,172853,68.3,"Chicken, young, thigh, skinless, boiled"
11,11225,＜鳥肉類＞　にわとり　［若どり・主品目］　もも　皮なし　焼き,68.1,25.5,5.7,(0),1.2,145,7,220,81,380,29,0.9,2.6,0.06,0.01,-,-,13,0,0.3,0.14,0.23,6.7,0.37,0.4,10,1.33,"{""baseName"":""にわとり"",""part"":""もも"",""formModifiers"":[""皮なし""],""state"":""焼き"",""notes"":[""鳥肉類"",""若どり・主品目""]}",鶏もも（皮なし・焼き）は良質なタンパクと適度な脂質で使いやすい,10,1,1,(1200),(2000),(2200),(700),(290),(990),(1000),(870),(1900),(1100),(320),(1200),(930),(1700),4.30,0.75,0.04,0.71,570,19,2,11,86,137.7,172388,71.8,"Chicken, young, thigh, skinless, grilled"
11,11290,＜鳥肉類＞　にわとり　［若どり・主品目］　もも　皮なし　から揚げ,47.1,25.4,11.4,0.9,3.4,249,12,250,1100,440,34,1.0,2.3,0.07,0.18,Tr,25,16,0.2,2.2,0.15,0.25,6.8,0.23,0.4,22,1.11,"{""baseName"":""にわとり"",""part"":""もも"",""formModifiers"":[""皮なし""],""state"":""から揚げ"",""notes"":[""鳥肉類"",""若どり・主品目""]}",から揚げは揚げ調理と下味で脂質や塩分が高く、加工度の高い食品である。,4,1,1,1100,1900,2000,570,280,850,980,740,1700,1100,300,1200,870,1500,10.08,2.58,0.59,1.99,1800,560,3,10,79,227.1,170358,117.3,"Chicken, young, thigh, skinless, deep-fried"
11,11227,＜鳥肉類＞　にわとり　［若どり・副品目］　ささみ　生,75.0,23.9,0.8,(0),1.2,98,4,240,40,410,32,0.3,0.6,0.03,0.01,0,22,5,0,0.7,0.09,0.11,12.0,0.62,0.2,15,2.07,"{""baseName"":""にわとり"",""part"":""ささみ"",""state"":""生"",""notes"":[""鳥肉類"",""若どり・副品目""]}",鶏ささみは低脂肪で良質なタンパク源、犬の理想的な素材,10,1,1,1200,1900,2200,670,270,930,940,840,1800,1100,290,1200,770,1600,0.52,0.13,0.02,0.11,75,4,2,6,21,90.45,171077,82.1,"Chicken, young, tenderloin, raw"
11,11229,＜鳥肉類＞　にわとり　［若どり・副品目］　ささみ　ゆで,69.2,29.6,1.0,(0),1.2,121,5,240,38,360,34,0.3,0.8,0.03,0.01,-,-,4,0,0.1,0.09,0.13,11.0,0.63,0.2,11,1.72,"{""baseName"":""にわとり"",""part"":""ささみ"",""state"":""ゆで"",""notes"":[""鳥肉類"",""若どり・副品目""]}",低脂肪で消化が良い良質なタンパク源。犬のレシピに非常に適している。,10,1,1,1500,2500,2800,890,350,1200,1200,1100,2300,1500,380,1500,920,2000,0.57,0.12,0.01,0.10,75,4,1,4,17,112.1,171077,82.1,"Chicken, young, tenderloin, boiled"
11,11228,＜鳥肉類＞　にわとり　［若どり・副品目］　ささみ　焼き,66.4,31.7,1.4,(0),1.4,132,5,310,53,520,41,0.4,0.8,0.04,0.02,-,-,4,0,0.1,0.11,0.16,18.0,0.59,0.2,13,2.37,"{""baseName"":""にわとり"",""part"":""ささみ"",""state"":""焼き"",""notes"":[""鳥肉類"",""若どり・副品目""]}",焼きささみは低脂肪で良質な蛋白源であり、犬のレシピ素材として非常に適している。,10,1,1,1600,2600,2900,900,360,1300,1300,1100,2400,1600,410,1700,1000,2100,0.80,0.18,0.02,0.16,110,5,2,7,27,122.85,171534,111.4,"Chicken, young, tenderloin, grilled"
11,11298,＜鳥肉類＞　にわとり　［若どり・副品目］　ささみ　ソテー,57.3,36.1,5.4,(0),1.8,186,5,340,61,630,44,0.4,1.0,0.03,0.01,(0),33,8,(0),1.8,0.10,0.18,18.0,0.65,0.2,19,2.95,"{""baseName"":""にわとり"",""part"":""ささみ"",""state"":""ソテー"",""notes"":[""鳥肉類"",""若どり・副品目""]}",鶏ささみ（ソテー）は低脂肪で良質なたんぱく源、加熱済みで非常に適切,10,1,1,1800,3000,3300,1000,410,1400,1500,1300,2800,1800,450,1900,1200,2400,4.41,1.22,0.30,0.91,830,270,4,15,49,172.25,171140,117,"Chicken, young, tenderloin, sauteed"
11,11300,＜鳥肉類＞　にわとり　［若どり・副品目］　ささみ　フライ,52.4,26.8,12.8,-,1.3,246,14,260,95,440,36,0.4,0.8,0.04,0.08,2,26,4,-,3.2,0.09,0.15,12.0,0.39,0.1,15,1.84,"{""baseName"":""にわとり"",""part"":""ささみ"",""state"":""フライ"",""notes"":[""鳥肉類"",""若どり・副品目""]}",鶏ささみ自体は優れたたんぱく源だがフライは衣や油が付く加工品である点に注意,4,1,1,1300,2200,2400,740,310,1000,1100,880,2000,1300,330,1300,830,1700,11.66,3.31,0.99,2.32,2300,970,3,11,31,226.05,171460,81.3,"Chicken, young, tenderloin, fried"
11,11299,＜鳥肉類＞　にわとり　［若どり・副品目］　ささみ　天ぷら,59.3,25.7,7.4,-,1.3,192,24,250,65,430,34,0.4,0.8,0.03,0.06,1,22,4,-,2.3,0.09,0.16,11.0,0.51,0.1,16,1.79,"{""baseName"":""にわとり"",""part"":""ささみ"",""state"":""天ぷら"",""notes"":[""鳥肉類"",""若どり・副品目""]}",ささみは良質なタンパク源だが天ぷらは衣と揚げ油を含む複合調理済み食品で素材としては好ましくない,4,1,1,1300,2200,2400,740,310,1100,1100,850,1900,1300,340,1300,850,1700,6.59,1.87,0.55,1.32,1300,530,3,9,29,174.9,173321,43.7,"Chicken tenderloin, tempura"
11,11230,＜鳥肉類＞　にわとり　［二次品目］　ひき肉　生,70.2,17.5,12.0,(0),0.8,171,8,110,55,250,24,0.8,1.1,0.04,0.01,2,17,37,0.1,0.9,0.09,0.17,5.9,0.52,0.3,10,1.40,"{""baseName"":""にわとり"",""variety"":""ひき肉"",""state"":""生"",""notes"":[""鳥肉類"",""二次品目""]}",鶏ひき肉は消化しやすく良質なたんぱく源で犬のレシピに適した素材である,9,1,1,760,1300,1500,450,200,640,670,590,1300,800,200,830,710,1200,10.48,1.90,0.13,1.77,1600,100,0,10,81,163.25,171116,58.8,"Chicken, ground, raw"
11,11291,＜鳥肉類＞　にわとり　［二次品目］　ひき肉　焼き,57.1,27.5,14.8,(0),1.3,235,19,170,85,400,37,1.4,1.8,0.05,0.02,5,27,47,0.2,1.3,0.14,0.26,9.3,0.61,0.4,13,2.00,"{""baseName"":""にわとり"",""variety"":""ひき肉"",""state"":""焼き"",""notes"":[""鳥肉類"",""二次品目""]}",焼きの鶏ひき肉は調理済みで使いやすく良質なたんぱく源として犬に適している,10,1,1,1200,2100,2300,710,300,1000,1100,940,2000,1300,320,1300,1100,1800,13.09,2.29,0.16,2.13,1900,120,5,11,97,222.05,171117,59,"Chicken, ground, cooked"
11,11231,＜鳥肉類＞　にわとり　［副品目］　心臓　生,69.0,14.5,15.5,(0),1.0,186,5,170,85,240,15,5.1,2.3,0.32,-,-,-,700,0.4,1.0,0.22,1.10,6.0,0.21,1.7,43,4.41,"{""baseName"":""にわとり"",""part"":""心臓"",""state"":""生"",""notes"":[""鳥肉類"",""副品目""]}",鶏の心臓は動物性タンパクと微量栄養素が豊富で、素材として利用価値が高い部位であるため,9,1,1,680,1200,1200,370,250,610,620,530,1200,670,200,820,380,970,12.58,2.27,0.19,2.07,1900,82,39,31,150,182.5,171458,,"Chicken heart, raw"
11,11232,＜鳥肉類＞　にわとり　［副品目］　肝臓　生,75.7,18.9,3.1,(0),1.7,100,5,300,85,330,19,9.0,3.3,0.32,0.33,1,60,14000,0.2,0.4,0.38,1.80,4.5,0.65,44.0,1300,10.00,"{""baseName"":""にわとり"",""part"":""肝臓"",""state"":""生"",""notes"":[""鳥肉類"",""副品目""]}",鶏肝は栄養価が高く良質な動物性素材で犬のレシピに適している。,9,1,1,880,1700,1400,470,300,770,920,740,1700,950,270,1100,540,1200,1.79,0.63,0.25,0.38,240,4,38,180,120,94.6,171060,194.4,"Chicken liver, raw"
11,11233,＜鳥肉類＞　にわとり　［副品目］　すなぎも　生,79.0,18.3,1.8,(0),0.9,86,7,140,55,230,14,2.5,2.8,0.10,-,-,-,4,0,0.3,0.06,0.26,3.9,0.04,1.7,36,1.30,"{""baseName"":""にわとり"",""variety"":""すなぎも"",""state"":""生"",""notes"":[""鳥肉類"",""副品目""]}",砂肝は良好なタンパク・ミネラル源の内臓で、加熱して与えると良い。,9,1,1,790,1400,1200,480,240,720,680,600,1300,800,170,870,400,1400,1.13,0.24,0.04,0.20,160,5,5,18,29,79.35,171456,,"Chicken gizzard, raw"
11,11234,＜鳥肉類＞　にわとり　［副品目］　皮　むね　生,41.5,9.4,48.1,(0),0.4,466,3,63,23,140,8,0.3,0.5,0.05,0.01,-,-,120,0.3,0.4,0.02,0.05,6.7,0.11,0.4,3,0.64,"{""baseName"":""にわとり"",""variety"":""皮"",""part"":""むね"",""state"":""生"",""notes"":[""鳥肉類"",""副品目""]}",鶏むねの皮はタンパク源だが皮下脂肪が多く脂質に注意が必要。,6,1,1,270,480,510,170,99,270,270,180,440,280,58,370,340,600,44.66,6.31,0.28,6.03,5800,280,0,0,100,443.85,172855,28.3,"Chicken skin, breast, raw"
11,11235,＜鳥肉類＞　にわとり　［副品目］　皮　もも　生,41.6,6.6,51.6,(0),0.2,474,6,34,23,33,6,0.3,0.4,0.02,0.01,1,9,120,0.3,0.2,0.01,0.05,3.0,0.04,0.3,2,0.25,"{""baseName"":""にわとり"",""variety"":""皮"",""part"":""もも"",""state"":""生"",""notes"":[""鳥肉類"",""副品目""]}",鶏もも皮は高脂肪でエネルギー源になるが脂質が多いため使用量に注意が必要,7,1,1,170,320,330,100,50,150,190,130,320,210,30,230,170,450,48.07,6.54,0.29,6.25,6000,290,0,0,110,461.7,172855,28.3,"Chicken skin, thigh, raw"
11,11236,＜鳥肉類＞　にわとり　［副品目］　なんこつ（胸肉）　生,85.0,12.5,0.4,(0),1.7,54,47,78,390,170,15,0.3,0.3,0.03,0.02,-,-,1,0,Tr,0.03,0.03,3.6,0.03,0.1,5,0.64,"{""baseName"":""にわとり"",""variety"":""なんこつ（胸肉）"",""state"":""生"",""notes"":[""鳥肉類"",""副品目""]}",鶏なんこつ（胸肉）は副部位だが動物性たんぱく源として利用可能,8,0,1,,,,,,,,,,,,,,,0.24,0.03,Tr,0.03,21,1,0,Tr,3,48.55,171456,,"Chicken cartilage, breast, raw"
11,11237,＜鳥肉類＞　にわとり　［その他］　焼き鳥缶詰,62.8,18.4,7.8,(0),2.8,173,12,75,850,200,21,2.9,1.6,0.08,0.07,1,15,60,0,0.3,0.01,0.18,3.1,0.08,0.4,7,0.65,"{""baseName"":""にわとり"",""variety"":""焼き鳥缶詰"",""notes"":[""鳥肉類"",""その他""]}",焼き鳥缶詰は調味や保存のため加工・塩分がある加工食品で、素材としては注意が必要,6,1,1,860,1400,1500,430,160,590,720,570,1300,830,210,920,760,1200,7.24,1.70,0.10,1.60,1500,68,7,12,40,159.4,171110,73.8,"Yakitori, canned"
11,11292,＜鳥肉類＞　にわとり　［その他］　チキンナゲット,53.7,15.5,13.7,1.2,2.3,235,48,220,630,260,24,0.6,0.6,0.04,0.13,4,13,16,0.2,2.9,0.08,0.09,6.6,0.28,0.1,13,0.87,"{""baseName"":""にわとり"",""variety"":""チキンナゲット"",""notes"":[""鳥肉類"",""その他""]}",チキンナゲットは加工食品で衣や添加物、調味料が含まれるため素材としては不向き。,3,1,1,710,1200,1200,370,180,540,620,470,1100,700,190,760,720,940,11.73,2.26,0.36,1.90,1800,360,0,0,32,218.3,172111,45.5,Chicken nuggets
11,11293,＜鳥肉類＞　にわとり　［その他］　つくね,57.9,15.2,15.2,(1.9),2.4,235,33,170,720,260,25,1.1,1.4,0.07,0.21,38,16,38,0.4,1.0,0.11,0.18,3.8,0.16,0.3,18,0.74,"{""baseName"":""にわとり"",""variety"":""つくね"",""notes"":[""鳥肉類"",""その他""]}",つくねは鶏肉ベースの加工品でタンパク源として使えるが、調味料の有無に注意が必要である。,7,1,1,710,1200,1200,340,170,510,640,460,1100,710,170,780,550,990,14.11,3.00,0.29,2.71,2600,260,4,15,66,214.95,171638,45.2,Chicken meatball (tsukune)
11,11238,＜鳥肉類＞　はと　肉　皮なし　生,71.5,21.8,5.1,(0),1.3,131,3,260,88,380,28,4.4,0.6,0.17,0.04,-,-,16,0.2,0.3,0.32,1.89,9.9,0.53,2.0,2,4.48,"{""baseName"":""はと"",""variety"":""肉"",""formModifiers"":[""皮なし""],""state"":""生"",""notes"":[""鳥肉類""]}",鳩肉は良質な動物性タンパク源で、犬のレシピ素材として適している,9,1,1,(1200),(1900),(1900),(690),(380),(1100),(950),(1000),(2000),(1100),(340),(1200),(830),(1400),4.23,1.09,0.05,1.04,800,10,4,11,180,120.7,174475,,"Pigeon, meat, skinless, raw"
11,11240,＜鳥肉類＞　ほろほろちょう　肉　皮なし　生,75.2,22.5,1.0,(0),1.1,98,6,230,67,350,27,1.1,1.2,0.10,0.02,-,-,9,0.4,0.1,0.16,0.20,8.2,0.57,0.5,2,1.13,"{""baseName"":""ほろほろちょう"",""variety"":""肉"",""formModifiers"":[""皮なし""],""state"":""生"",""notes"":[""鳥肉類""]}",ほろほろちょうの皮なし生肉は良質なたんぱく源だが生肉取扱いの衛生管理に留意する必要がある。,9,1,1,1200,1900,2100,630,250,880,920,780,1700,1100,290,1200,1200,1500,0.66,0.26,0.02,0.24,170,5,1,11,50,87.95,174471,,"Guinea fowl, meat, skinless, raw"
11,11241,＜その他＞　いなご　つくだ煮,33.7,26.3,1.4,(0),6.3,243,28,180,1900,260,32,4.7,3.2,0.77,1.21,-,-,Tr,0.3,2.8,0.06,1.00,1.7,0.12,0.1,54,0.43,"{""baseName"":""いなご"",""variety"":""つくだ煮"",""notes"":[""その他""]}",つくだ煮は塩分・調味が強い加工食品で素材としては不向き,3,0,1,,,,,,,,,,,,,,,0.55,0.32,0.24,0.08,77,240,0,0,0,217,168906,,"Locust, tsukudani"
11,11242,＜その他＞　かえる　肉　生,76.3,22.3,0.4,(0),0.7,92,9,140,33,230,23,0.4,1.2,0.05,0.01,-,-,0,0.9,0.1,0.04,0.13,4.1,0.22,0.9,4,0.18,"{""baseName"":""かえる"",""variety"":""肉"",""state"":""生"",""notes"":[""その他""]}",かえる肉は低脂肪でたんぱく質源として利用可能な食材だが馴染みは薄い,8,0,1,,,,,,,,,,,,,,,0.22,0.09,0.06,0.03,21,1,17,37,6,82.5,168148,65,"Frog, meat, raw"
11,11243,＜その他＞　すっぽん　肉　生,69.1,16.4,13.4,(0),0.6,175,18,88,69,150,10,0.9,1.6,0.04,0.02,-,-,94,3.6,1.0,0.91,0.41,3.0,0.11,1.2,16,0.20,"{""baseName"":""すっぽん"",""variety"":""肉"",""state"":""生"",""notes"":[""その他""]}",すっぽん肉は良質なたんぱく源だが生は衛生面のリスクがあるため適切に処理して使用,9,0,1,,,,,,,,,,,,,,,11.44,3.36,2.32,1.02,910,550,630,860,89,173.05,172518,,"Soft-shelled turtle, meat, raw"
11,11244,＜その他＞　はち　はちの子缶詰,44.3,16.2,7.2,(0),2.1,239,11,110,680,110,24,3.0,1.7,0.36,0.76,-,-,0,0,1.0,0.17,1.22,3.8,0.04,0.1,28,0.52,"{""baseName"":""はち"",""variety"":""はちの子缶詰"",""notes"":[""その他""]}",はちの子は昆虫由来の良質なタンパク源であり、犬の素材として利用可能（ただしアレルギーに注意）。,8,0,1,,,,,,,,,,,,,,,6.45,1.39,0.51,0.88,870,500,12,0,9,223.6,172928,228.8,"Bee larvae, canned"
12,12020,あひる卵　ピータン,66.7,13.7,16.5,(0),3.1,188,90,230,780,65,6,3.0,1.3,0.11,0.03,34,29,220,6.2,1.9,Tr,0.27,0.1,0.01,1.1,63,0.94,"{""baseName"":""あひる卵"",""variety"":""ピータン""}",ピータンは加工された保存食品で塩分や加工添加物が多く含まれる場合があり、原料卵とは性質が異なるため注意が必要,3,0,1,,,,,,,,,,,,,,,12.89,1.64,0.24,1.40,970,87,8,81,250,188.2,172189,263.4,"Duck egg, preserved (century egg)"
12,12001,うこっけい卵　全卵　生,73.7,12.0,13.0,(0),0.9,154,53,220,140,150,11,2.2,1.6,0.08,0.04,-,-,160,1,1.3,0.10,0.32,0.1,0.10,1.1,6,1.78,"{""baseName"":""うこっけい卵"",""formModifiers"":[""全卵""],""state"":""生""}",生卵はサルモネラ等の食中毒リスクや生卵白の成分による影響があるため加熱が望ましい,5,1,1,(570),(1000),(830),(500),(390),(890),(640),(480),(1100),(590),(160),(730),(300),(800),10.05,1.92,0.21,1.71,1400,33,0,160,210,153.9,171287,293.8,"Silkie chicken egg, whole, raw"
12,12002,うずら卵　全卵　生,72.9,12.6,13.1,(0),1.1,157,60,220,130,150,11,3.1,1.8,0.11,0.03,140,46,350,2.5,0.9,0.14,0.72,0.1,0.13,4.7,91,0.98,"{""baseName"":""うずら卵"",""formModifiers"":[""全卵""],""state"":""生""}",うずら卵は良質なタンパク源。加熱調理でより安全に利用できる,9,1,1,690,1200,970,460,350,810,670,540,1200,760,190,870,380,760,10.20,1.61,0.33,1.27,1100,31,34,240,130,156.5,172191,263.4,"Quail egg, whole, raw"
12,12003,うずら卵　水煮缶詰,73.3,11.0,14.1,(0),1.0,162,47,160,210,28,8,2.8,1.8,0.13,0.02,73,42,480,2.6,1.6,0.03,0.33,0,0.05,3.3,47,0.53,"{""baseName"":""うずら卵"",""state"":""水煮缶詰""}",うずら卵（水煮）は良質なタンパク源で犬のレシピ素材として適している,8,1,1,(580),(1000),(840),(400),(300),(700),(580),(460),(1000),(620),(160),(740),(330),(650),11.39,1.79,0.35,1.45,1200,35,28,260,160,160.45,172191,263.4,"Quail egg, canned, boiled"
12,12004,鶏卵　全卵　生,75.0,12.2,10.2,0,1.0,142,46,170,140,130,10,1.5,1.1,0.05,0.02,33,24,210,3.8,1.3,0.06,0.37,0.1,0.09,1.1,49,1.16,"{""baseName"":""鶏卵"",""formModifiers"":[""全卵""],""state"":""生""}",全卵は良質なタンパク源で犬のレシピ素材として適している,9,1,1,660,1100,940,410,300,710,660,590,1300,640,190,820,340,840,8.87,1.43,0.11,1.32,1100,29,1,72,170,135,171287,293.8,"Chicken egg, whole, raw"
12,12005,鶏卵　全卵　ゆで,76.7,12.5,10.4,0,1.0,134,47,170,140,130,11,1.5,1.1,0.05,0.03,20,25,160,2.5,1.2,0.06,0.32,0.1,0.09,1.0,48,1.18,"{""baseName"":""鶏卵"",""formModifiers"":[""全卵""],""state"":""ゆで""}",ゆで全卵は良質なタンパク質と脂質を含む安全な食材,9,1,1,670,1100,920,430,280,710,670,580,1300,640,190,840,350,820,8.58,1.40,0.10,1.29,1000,29,1,68,160,132.15,173424,293.8,"Chicken egg, whole, boiled"
12,12006,鶏卵　全卵　ポーチドエッグ,74.9,12.3,11.7,(0),0.9,145,55,200,110,100,11,2.2,1.5,0.09,0.03,-,-,160,0.9,1.0,0.06,0.40,0.1,0.08,1.1,46,1.45,"{""baseName"":""鶏卵"",""variety"":""ポーチドエッグ"",""formModifiers"":[""全卵""]}",ポーチドエッグは良質なたんぱくと脂質を含む優れた素材で犬のレシピに適している,9,1,1,(610),(1000),(890),(390),(300),(690),(630),(550),(1200),(580),(180),(760),(310),(780),9.24,1.86,0.18,1.68,1500,49,0,130,170,143.2,172186,234.1,"Chicken egg, whole, poached"
12,12021,鶏卵　全卵　目玉焼き,67.0,14.8,17.6,0,1.0,205,60,230,180,150,14,2.1,1.4,0.06,0.04,25,35,200,3.9,2.1,0.07,0.41,0.1,0.11,1.2,58,1.29,"{""baseName"":""鶏卵"",""variety"":""目玉焼き"",""formModifiers"":[""全卵""]}",加熱した卵は良質なたんぱく源で犬の素材として適している（調理油に注意）。,9,1,1,520,1300,1000,470,320,790,770,660,1400,740,220,970,390,940,14.78,3.08,0.58,2.50,2200,490,1,76,190,201.4,173423,317.1,"Chicken egg, whole, fried"
12,12022,鶏卵　全卵　いり,70.0,13.3,16.7,0,0.9,190,58,200,160,140,13,1.8,1.4,0.05,0.03,22,31,180,4.7,2.4,0.07,0.42,0.1,0.11,1.1,48,1.16,"{""baseName"":""鶏卵"",""formModifiers"":[""全卵""],""state"":""いり""}",加熱した全卵（いり）は良質なたんぱく源で犬に適している,9,1,1,520,1200,1000,450,320,760,730,630,1400,710,210,930,360,900,13.95,2.95,0.57,2.38,2100,480,0,84,180,188.5,172187,221,"Chicken egg, whole, scrambled"
12,12023,鶏卵　全卵　素揚げ,54.8,14.3,31.9,0,0.9,321,58,220,180,160,13,2.0,1.4,0.06,0.04,23,38,200,4.5,5.7,0.08,0.43,0.1,0.08,1.2,54,1.09,"{""baseName"":""鶏卵"",""formModifiers"":[""全卵""],""state"":""素揚げ""}",卵は良質なタンパク質だが、素揚げは脂質が増える点に留意,8,1,1,500,1300,990,470,320,790,800,670,1500,750,210,990,410,910,28.56,6.89,1.78,5.12,4800,1700,0,77,200,321.2,173423,317.1,"Chicken egg, whole, deep-fried"
12,12007,鶏卵　全卵　水煮缶詰,77.5,10.8,10.6,(0),1.1,131,40,150,310,25,8,1.7,1.2,0.09,0.01,-,-,85,0.7,1.1,0.02,0.31,Tr,0.03,0.9,23,0.30,"{""baseName"":""鶏卵"",""formModifiers"":[""全卵""],""state"":""水煮缶詰""}",全卵の水煮缶詰は良質なたんぱく質と脂質を含み、犬の素材として適している。,9,1,1,(530),(900),(780),(340),(260),(610),(560),(480),(1000),(510),(150),(670),(270),(680),8.70,1.68,0.18,1.50,1300,34,5,130,180,127.9,173424,293.8,"Chicken egg, whole, canned, boiled"
12,12008,鶏卵　全卵　加糖全卵,58.2,9.8,10.6,(0),0.7,199,44,160,100,95,10,1.5,1.0,0.04,0.02,44,18,130,0.6,0.9,0.06,0.38,0.1,0.06,0.6,61,1.33,"{""baseName"":""鶏卵"",""variety"":""加糖全卵"",""formModifiers"":[""全卵""]}",加糖全卵は卵そのものは良質なタンパク源だが糖分が加わった加工品である点を考慮する必要がある。,9,1,1,(480),(820),(710),(310),(240),(550),(500),(440),(940),(460),(140),(610),(240),(620),8.53,1.40,0.09,1.30,1100,24,Tr,61,170,196.85,171287,293.8,"Chicken egg, whole, sweetened"
12,12009,鶏卵　全卵　乾燥全卵,4.5,49.1,42.0,(0),4.2,542,210,700,490,560,35,3.0,2.0,0.15,0.08,-,-,420,3.3,6.6,0.29,1.24,0.2,0.21,2.7,180,0.13,"{""baseName"":""鶏卵"",""variety"":""乾燥全卵"",""formModifiers"":[""全卵""]}",乾燥全卵は良質なタンパク源で調理素材として優れている,9,1,1,(2400),(4100),(3500),(1600),(1200),(2800),(2500),(2200),(4700),(2300),(700),(3000),(1200),(3100),(33.73),(6.12),(0.29),(5.84),(4800),(90),(0),(160),(700),529.55,172188,1266.7,"Chicken egg, whole, dried"
12,12010,鶏卵　卵黄　生,49.6,16.5,34.3,0,1.7,336,140,540,53,100,11,4.8,3.6,0.13,0.08,110,47,690,12.0,4.5,0.21,0.45,0,0.31,3.5,150,3.60,"{""baseName"":""鶏卵"",""formModifiers"":[""卵黄""],""state"":""生""}",栄養価の高い食材で良質な脂溶性栄養素を含むが、生は衛生面の注意が必要。,8,1,1,830,1400,1200,390,300,690,680,760,1400,850,230,950,430,1200,26.93,4.54,0.35,4.19,3400,97,3,230,520,349.3,172184,820.2,"Chicken egg yolk, raw"
12,12011,鶏卵　卵黄　ゆで,50.3,16.1,34.1,0,1.7,330,140,530,58,87,12,4.7,3.3,0.14,0.07,200,36,520,7.1,3.6,0.16,0.43,0,0.29,3.1,140,2.70,"{""baseName"":""鶏卵"",""formModifiers"":[""卵黄""],""state"":""ゆで""}",ゆで卵黄は加熱済みで良質な脂質と栄養を含み素材として適切,9,1,1,810,1400,1200,380,290,670,660,730,1400,820,220,930,430,1100,26.40,4.45,0.33,4.13,3300,91,3,210,510,346.2,173421,639.3,"Chicken egg yolk, boiled"
12,12012,鶏卵　卵黄　加糖卵黄,42.0,12.1,23.9,(0),1.3,327,110,400,38,80,12,2.0,1.2,0.05,0.05,50,34,390,2,3.3,0.42,0.82,Tr,0.15,1.6,99,1.85,"{""baseName"":""鶏卵"",""variety"":""加糖卵黄"",""formModifiers"":[""卵黄""]}",卵黄は栄養価が高いため素材として適しているが、生由来の衛生リスクに留意,8,1,1,(580),(1000),(910),(290),(210),(500),(480),(540),(1000),(580),(160),(660),(310),(850),19.16,3.63,0.28,3.36,2800,63,3,190,390,317.95,173422,669.3,"Chicken egg yolk, sweetened"
12,12013,鶏卵　卵黄　乾燥卵黄,3.2,30.3,62.9,(0),3.4,638,280,1000,80,190,29,4.4,2.9,0.16,0.12,-,-,630,4.9,9.9,0.42,0.82,Tr,0.31,3.8,250,0.18,"{""baseName"":""鶏卵"",""variety"":""乾燥卵黄"",""formModifiers"":[""卵黄""]}",卵黄は良質な脂質・タンパク源で犬のレシピ素材として適している,9,1,1,(1500),(2500),(2300),(730),(530),(1300),(1200),(1400),(2600),(1500),(390),(1600),(780),(2100),50.53,9.17,0.43,8.74,7100,130,0,240,1100,641.4,173428,2403.3,"Chicken egg yolk, dried"
12,12014,鶏卵　卵白　生,88.3,10.1,Tr,0,0.7,44,5,11,180,140,10,Tr,0,0.02,0,2,15,0,0,0,0,0.35,0.1,0,Tr,0,0.13,"{""baseName"":""鶏卵"",""formModifiers"":[""卵白""],""state"":""生""}",卵白は良質なタンパク源だが生の卵白はアビジンによるビオチン阻害や食中毒のリスクがある,6,1,1,560,910,730,420,260,680,630,470,1100,510,170,740,290,610,0.01,Tr,0,Tr,1,0,0,Tr,Tr,38.5,172183,1.1,"Chicken egg white, raw"
12,12015,鶏卵　卵白　ゆで,87.9,10.5,0.1,0,0.7,46,6,12,170,140,11,Tr,0,0.02,0,4,15,0,0,0,0.02,0.26,0.1,0,0.1,0,0.33,"{""baseName"":""鶏卵"",""formModifiers"":[""卵白""],""state"":""ゆで""}",ゆで卵白。加熱済みで消化しやすく良質なたんぱく源として適している。,9,1,1,590,940,760,430,270,700,660,490,1200,530,170,770,300,640,0.04,0.01,0,0.01,5,0,0,Tr,Tr,40.4,172183,1.1,"Chicken egg white, boiled"
12,12016,鶏卵　卵白　乾燥卵白,7.1,86.5,0.4,(0),5.8,350,60,110,1300,1300,48,0.1,0.2,0.14,0.01,-,-,(0),0,0.1,0.03,2.09,0.7,0.02,0.3,43,0.04,"{""baseName"":""鶏卵"",""variety"":""乾燥卵白"",""formModifiers"":[""卵白""]}",乾燥卵白は良質な蛋白源で、加工形態としてレシピ素材に適している,9,1,1,(4400),(7300),(6100),(3200),(2500),(5700),(5100),(3900),(9000),(4000),(1300),(5800),(2100),(5000),0.30,0.05,Tr,0.05,39,1,Tr,3,7,306.85,172204,8.4,"Chicken egg white, dried"
12,12017,鶏卵　たまご豆腐,(85.2),(6.5),(5.3),0,(1.4),76,(26),(95),(390),(99),(8),(0.8),(0.6),(0.03),(0.02),(770),(15),(83),(0.6),(0.6),(0.04),(0.17),(0.5),(0.05),(0.7),(25),(0.62),"{""baseName"":""鶏卵"",""variety"":""たまご豆腐""}",卵を主体としたたまご豆腐は良質なタンパク源で犬の素材として適している,9,0,1,,,,,,,,,,,,,,,(4.34),(0.71),(0.05),(0.65),(530),(15),(Tr),(34),(82),350,167722,48.4,Egg tofu
12,12018,鶏卵　たまご焼　厚焼きたまご,(71.9),(10.5),(9.2),0,(1.8),146,(41),(150),(450),(130),(11),(1.3),(0.9),(0.05),(0.03),(540),(22),(140),(2.1),(1.1),(0.06),(0.27),(0.4),(0.08),(1.0),(40),(0.99),"{""baseName"":""鶏卵"",""variety"":""たまご焼 厚焼きたまご""}",厚焼きたまごは卵由来の良質タンパクで利用しやすい加工卵食品。,8,0,1,,,,,,,,,,,,,,,(7.71),(1.42),(0.13),(1.29),(1100),(67),(1),(56),(130),350,172185,247.6,"Japanese omelet, thick (atsuyaki tamago)"
12,12019,鶏卵　たまご焼　だし巻きたまご,(77.5),(11.0),(9.2),0,(1.8),123,(42),(160),(470),(130),(11),(1.3),(1.0),(0.05),(0.03),(450),(23),(140),(2.2),(1.1),(0.06),(0.28),(0.3),(0.09),(1.0),(42),(1.03),"{""baseName"":""鶏卵"",""variety"":""たまご焼 だし巻きたまご""}",卵は良質な蛋白源で、加熱された卵焼きは犬のレシピ素材として適している,9,0,1,,,,,,,,,,,,,,,(7.63),(1.30),(0.11),(1.20),(980),(41),(1),(59),(140),350,172185,247.6,"Japanese omelet, rolled (dashimaki tamago)"
13,13001,＜牛乳及び乳製品＞　（液状乳類）　生乳　ジャージー種,85.5,3.9,5.2,(0),0.7,77,140,110,58,140,13,0.1,0.4,0.01,0,22,4,51,0.1,0.1,0.02,0.21,0.1,0.03,0.4,3,0.25,"{""baseName"":""生乳"",""variety"":""ジャージー種"",""notes"":[""牛乳及び乳製品"",""液状乳類""]}",生乳は栄養価が高いが未殺菌や乳糖による消化の個体差に注意,6,1,1,200,370,310,95,31,130,180,200,390,180,53,240,110,140,4.76,0.18,0.02,0.16,160,21,0,0,0,74.3,171266,,"Milk, raw, Jersey"
13,13002,＜牛乳及び乳製品＞　（液状乳類）　生乳　ホルスタイン種,87.7,3.2,3.7,(0),0.7,63,110,91,40,140,10,Tr,0.4,Tr,Tr,14,3,37,Tr,0.1,0.04,0.15,0.1,0.03,0.3,5,0.53,"{""baseName"":""生乳"",""variety"":""ホルスタイン種"",""notes"":[""牛乳及び乳製品"",""液状乳類""]}",未殺菌の生乳は病原菌混入のリスクがあり、消化不良を起こす犬もいるため注意が必要。,5,1,1,170,310,260,84,29,110,150,120,270,140,42,210,89,100,3.57,0.15,0.02,0.13,110,15,1,0,7,59.1,172217,14.3,"Milk, raw, Holstein"
13,13003,＜牛乳及び乳製品＞　（液状乳類）　普通牛乳,87.4,3.3,3.8,(0),0.7,61,110,93,41,150,10,0.02,0.4,0.01,Tr,16,3,38,0.3,0.1,0.04,0.15,0.1,0.03,0.3,5,0.55,"{""baseName"":""普通牛乳"",""notes"":[""牛乳及び乳製品"",""液状乳類""]}",牛乳はカルシウムなどを含む乳製品として利用可能だが乳糖に対する個体差に配慮が必要,7,1,1,170,320,270,80,26,110,160,160,320,150,46,210,93,110,3.32,0.12,0.02,0.10,88,13,1,Tr,6,60.65,172217,14.3,"Milk, whole"
13,13006,＜牛乳及び乳製品＞　（液状乳類）　脱脂乳,91.0,3.4,0.1,(0),0.8,31,100,97,51,150,10,0.1,0.4,0.01,0,25,3,Tr,Tr,Tr,0.04,0.15,0.1,0.04,0.6,0,0.60,"{""baseName"":""脱脂乳"",""notes"":[""牛乳及び乳製品"",""液状乳類""]}",脱脂乳は乳製品で乳糖を含み、犬によっては消化しにくいが用途によっては使える,6,1,1,180,340,280,82,27,110,170,180,340,160,47,220,97,120,0.07,Tr,0,Tr,2,Tr,0,0,Tr,29.2,173432,15.6,"Milk, skim"
13,13004,＜牛乳及び乳製品＞　（液状乳類）　加工乳　濃厚,86.3,3.4,4.2,(0),0.8,70,110,100,55,170,13,0.1,0.4,Tr,0,24,3,34,Tr,0.1,0.03,0.17,0.1,0.05,0.4,0,0.52,"{""baseName"":""加工乳"",""variety"":""濃厚"",""notes"":[""牛乳及び乳製品"",""液状乳類""]}",濃厚な加工乳は乳製品として使えるが乳成分に敏感な個体がいる点に注意。,6,1,1,180,330,270,81,29,110,160,170,330,160,47,210,95,110,4.02,0.14,0.02,0.12,100,17,0,0,8,66.15,171266,,"Milk, processed, concentrated"
13,13005,＜牛乳及び乳製品＞　（液状乳類）　加工乳　低脂肪,88.8,3.8,1.0,(0),0.9,42,130,90,60,190,14,0.1,0.4,0.01,0.01,19,3,13,Tr,Tr,0.04,0.18,0.1,0.04,0.4,Tr,0.52,"{""baseName"":""加工乳"",""variety"":""低脂肪"",""notes"":[""牛乳及び乳製品"",""液状乳類""]}",低脂肪加工乳は乳製品で犬によっては乳糖不耐があるため様子を見ながら使用,6,1,1,190,370,310,92,31,120,180,190,370,170,52,240,110,130,0.93,0.03,Tr,0.03,24,4,Tr,0,2,41.05,170910,15.2,"Milk, processed, low-fat"
13,13059,＜牛乳及び乳製品＞　（液状乳類）　乳児用液体ミルク,87.6,1.5,3.6,0,0.3,66,45,29,-,81,5,0.6,0.4,0.04,-,-,2,-,1.1,1.9,0.08,0.11,0.6,0.05,0.2,21,0.68,"{""baseName"":""乳児用液体ミルク"",""notes"":[""牛乳及び乳製品"",""液状乳類""]}",乳製品としてカルシウムやタンパクを含むが乳糖過敏に注意,6,0,0,,,,,,,,,,,,,,,,,,,,,,,,60.35,171386,8,"Infant formula, liquid"
13,13007,＜牛乳及び乳製品＞　（液状乳類）　乳飲料　コーヒー,88.1,2.2,2.0,(0),0.5,56,80,55,30,85,10,0.1,0.2,Tr,0.01,8,1,5,Tr,0.1,0.02,0.09,0.1,Tr,0.1,Tr,0.27,"{""baseName"":""乳飲料"",""variety"":""コーヒー"",""notes"":[""牛乳及び乳製品"",""液状乳類""]}",コーヒー風味の乳飲料はカフェインを含む可能性があり犬には有害なので与えてはいけない。,1,1,1,110,200,160,48,17,66,99,100,200,95,28,130,58,69,1.91,0.06,0.02,0.05,37,12,1,0,2,49.9,171880,0,"Milk beverage, coffee"
13,13008,＜牛乳及び乳製品＞　（液状乳類）　乳飲料　フルーツ,88.3,1.2,0.2,(0),0.4,46,40,36,20,65,6,Tr,0.1,Tr,0.01,-,-,(0),Tr,Tr,0.01,0.06,0.1,Tr,0.1,Tr,0.15,"{""baseName"":""乳飲料"",""variety"":""フルーツ"",""notes"":[""牛乳及び乳製品"",""液状乳類""]}",果実入り乳飲料は乳糖や糖分を含み犬によっては消化に注意が必要な加工飲料である,6,0,1,,,,,,,,,,,,,,,0.18,0.01,0,0.01,5,1,0,0,Tr,40.55,167711,3.3,"Milk beverage, fruit"
13,13009,＜牛乳及び乳製品＞　（粉乳類）　全粉乳,3.0,25.5,26.2,(0),6.0,490,890,730,430,1800,92,0.4,2.5,0.04,0.02,-,-,170,0.2,0.6,0.25,1.10,0.8,0.13,1.6,2,3.59,"{""baseName"":""全粉乳"",""notes"":[""牛乳及び乳製品"",""粉乳類""]}",全粉乳は乳製品として栄養価が高く素材として使いやすいが、乳糖不耐症の犬には注意。,8,1,1,(1300),(2500),(2100),(620),(200),(820),(1200),(1200),(2500),(1200),(350),(1600),(720),(870),24.17,0.72,0.06,0.66,600,60,-,-,35,449.5,173454,117.4,Whole milk powder
13,13010,＜牛乳及び乳製品＞　（粉乳類）　脱脂粉乳,3.8,34.0,1.0,(0),7.9,354,1100,1000,570,1800,110,0.5,3.9,0.10,-,120,27,6,Tr,Tr,0.30,1.60,1.1,0.27,1.8,1,4.17,"{""baseName"":""脱脂粉乳"",""notes"":[""牛乳及び乳製品"",""粉乳類""]}",脱脂粉乳は乳由来のタンパク源だが、乳糖不耐症の個体には注意が必要。,6,1,1,1800,3300,2700,840,270,1100,1700,1600,3300,1600,470,2200,1000,1100,0.65,0.03,Tr,0.03,24,4,-,-,2,314.05,172196,167.8,Nonfat dry milk
13,13011,＜牛乳及び乳製品＞　（粉乳類）　乳児用調製粉乳,2.6,12.4,26.8,(0),2.3,510,370,220,140,500,40,6.5,2.8,0.34,0.05,41,8,560,9.3,5.5,0.41,0.72,5.4,0.35,1.6,82,2.20,"{""baseName"":""乳児用調製粉乳"",""notes"":[""牛乳及び乳製品"",""粉乳類""]}",乳製品で栄養源になるが、一部の犬は乳糖不耐で消化不良を起こすことがあるため注意が必要。,7,1,1,730,1200,980,300,220,510,510,400,910,690,160,790,300,350,24.78,5.07,0.38,4.69,4700,380,-,-,0,466.85,173554,81.7,"Infant formula, powder"
13,13012,＜牛乳及び乳製品＞　（練乳類）　無糖練乳,72.5,6.8,7.9,(0),1.6,135,270,210,140,330,21,0.2,1.0,0.02,-,-,-,48,Tr,0.2,0.06,0.35,0.2,0.01,0.1,1,1.10,"{""baseName"":""無糖練乳"",""notes"":[""牛乳及び乳製品"",""練乳類""]}",無糖練乳。乳製品で脂肪や乳糖が多めのため消化やカロリーに配慮が必要。,6,1,1,(360),(670),(550),(160),(51),(210),(330),(270),(610),(320),(87),(440),(200),(230),7.11,0.13,0.02,0.10,98,25,-,-,4,130.15,171275,89.1,"Evaporated milk, unsweetened"
13,13013,＜牛乳及び乳製品＞　（練乳類）　加糖練乳,26.1,7.7,8.5,(0),1.6,314,260,220,96,400,25,0.1,0.8,0.02,0.01,35,6,120,0.1,0.2,0.08,0.37,0.3,0.02,0.7,1,1.29,"{""baseName"":""加糖練乳"",""notes"":[""牛乳及び乳製品"",""練乳類""]}",加糖練乳は糖分が非常に高い乳製品で、頻繁な使用は適さない,5,1,1,400,770,630,180,58,240,380,310,690,360,99,500,230,260,8.01,0.26,0.04,0.22,180,36,4,0,13,295.55,171275,89.1,Sweetened condensed milk
13,13014,＜牛乳及び乳製品＞　（クリーム類）　クリーム　乳脂肪,48.2,1.9,43.0,0,0.4,404,49,84,43,76,5,0.1,0.2,0.02,-,8,2,150,0.3,0.4,0.02,0.13,Tr,Tr,0.2,0,0.13,"{""baseName"":""クリーム"",""variety"":""乳脂肪"",""notes"":[""牛乳及び乳製品"",""クリーム類""]}",生クリームは乳脂肪が豊富で風味付けには利用できるが脂質が主要成分である。,6,1,1,89,170,140,44,21,65,86,85,170,91,22,110,51,70,37.53,1.37,0.21,1.15,1000,170,12,0,62,394.9,171257,19.2,"Cream, dairy"
13,13015,＜牛乳及び乳製品＞　（クリーム類）　クリーム　乳脂肪・植物性脂肪,49.8,4.4,42.1,(0),0.8,388,47,130,140,76,4,0.2,0.3,0.02,0.01,8,2,190,0.3,0.4,0.01,0.07,Tr,Tr,0.1,2,0.09,"{""baseName"":""クリーム"",""variety"":""乳脂肪・植物性脂肪"",""notes"":[""牛乳及び乳製品"",""クリーム類""]}",クリームは高脂肪で消化不良や膵炎リスクがあるため主素材としては不向き。,5,1,1,(220),(420),(360),(110),(42),(150),(210),(200),(410),(200),(50),(270),(120),(150),(38.23),(1.17),(0.21),(0.96),(890),(180),(8),(1),(34),383.4,169079,12.1,"Cream, dairy and vegetable fat"
13,13016,＜牛乳及び乳製品＞　（クリーム類）　クリーム　植物性脂肪,55.5,1.3,39.5,0,0.4,353,50,79,40,67,6,0,0.2,0.03,0,7,1,1,0.1,4.0,0.01,0.07,0.1,0.01,0.1,0,0.17,"{""baseName"":""クリーム"",""variety"":""植物性脂肪"",""notes"":[""牛乳及び乳製品"",""クリーム類""]}",植物性クリームは脂肪分が高く、消化負担や高脂肪食のリスクがあるため注意が必要です。,5,1,1,54,120,100,30,11,42,59,61,120,61,14,81,36,42,35.72,1.73,0.10,1.63,1600,100,0,0,0,351.85,170858,16.8,"Cream, vegetable fat"
13,13017,＜牛乳及び乳製品＞　（クリーム類）　ホイップクリーム　乳脂肪,44.3,1.8,40.7,(0),0.4,409,54,45,24,72,4,0.1,0.2,0.02,-,7,2,340,0.5,0.7,0.02,0.08,Tr,Tr,0.2,Tr,0.12,"{""baseName"":""ホイップクリーム"",""variety"":""乳脂肪"",""notes"":[""牛乳及び乳製品"",""クリーム類""]}",ホイップクリームは高脂肪・高糖質で消化不良や膵炎リスクがあるため慎重に扱う必要があります。,5,1,1,(86),(170),(140),(43),(20),(63),(83),(82),(170),(88),(22),(100),(49),(68),(35.57),(1.25),(0.19),(1.06),(950),(140),(15),(2),(61),397.05,170859,16.8,"Whipped cream, dairy"
13,13018,＜牛乳及び乳製品＞　（クリーム類）　ホイップクリーム　乳脂肪・植物性脂肪,44.0,4.0,38.4,(0),0.7,394,42,120,130,69,3,0.1,0.3,0.02,-,7,1,170,0.2,0.4,0.01,0.06,(Tr),(Tr),0.1,3,0.08,"{""baseName"":""ホイップクリーム"",""variety"":""乳脂肪・植物性脂肪"",""notes"":[""牛乳及び乳製品"",""クリーム類""]}",ホイップクリームは高脂肪・高糖の乳製品で少量なら問題ないが常用には適さない。,5,1,1,(200),(390),(330),(97),(38),(140),(190),(180),(370),(180),(46),(250),(110),(140),(34.89),(1.07),(0.20),(0.87),(810),(170),(7),(1),(31),385.55,170860,16.8,"Whipped cream, dairy and vegetable fat"
13,13019,＜牛乳及び乳製品＞　（クリーム類）　ホイップクリーム　植物性脂肪,43.7,6.3,36.1,(0),1.0,399,30,190,230,65,3,0.2,0.4,0.02,-,6,1,1,0,0,0,0.05,0,0,0,3,0.05,"{""baseName"":""ホイップクリーム"",""variety"":""植物性脂肪"",""notes"":[""牛乳及び乳製品"",""クリーム類""]}",植物性ホイップクリームは糖脂肪が高く栄養素材としては限定的だが、付加的な風味素材として使える,5,1,1,(260),(610),(510),(150),(56),(210),(290),(300),(590),(300),(69),(400),(180),(210),(34.20),(0.88),(0.20),(0.68),(680),(200),(0),(0),(0),374.05,167687,0,"Whipped cream, vegetable fat"
13,13020,＜牛乳及び乳製品＞　（クリーム類）　コーヒーホワイトナー　液状　乳脂肪,70.3,5.2,18.3,(0),0.7,205,30,150,150,55,3,0.1,0.4,0.01,0.01,-,-,150,0.2,0.3,0.01,0.05,0.1,0.01,0.1,2,0.07,"{""baseName"":""コーヒーホワイトナー"",""variety"":""液状 乳脂肪"",""notes"":[""牛乳及び乳製品"",""クリーム類""]}",コーヒーホワイトナーは乳製品ベースの加工品で、乳糖不耐症の犬には注意が必要。,6,1,1,270,490,420,140,29,170,260,270,540,240,64,340,150,190,16.88,0.58,0.08,0.50,500,76,0,0,0,193,170857,17.4,"Coffee whitener, liquid, dairy"
13,13021,＜牛乳及び乳製品＞　（クリーム類）　コーヒーホワイトナー　液状　乳脂肪・植物性脂肪,69.2,4.8,21.6,(0),0.7,227,26,140,160,50,3,0.1,0.3,0.01,0.01,-,-,75,0.1,0.1,0.01,0.04,0.1,0.01,0.1,2,0.05,"{""baseName"":""コーヒーホワイトナー"",""variety"":""液状 乳脂肪・植物性脂肪"",""notes"":[""牛乳及び乳製品"",""クリーム類""]}",コーヒーホワイトナーは乳・植物性脂肪を多く含み脂質が高く、頻繁な使用は適さないが少量なら問題ない。,5,1,1,(240),(460),(390),(120),(45),(160),(230),(220),(440),(220),(54),(300),(140),(160),(20.23),(0.59),(0.11),(0.49),(490),(110),(0),(0),(0),213.35,170861,,"Coffee whitener, liquid, dairy and vegetable fat"
13,13022,＜牛乳及び乳製品＞　（クリーム類）　コーヒーホワイトナー　液状　植物性脂肪,68.4,4.3,24.8,(0),0.7,244,21,130,160,45,2,0.1,0.3,0.01,0.01,2,2,1,0,0,0,0.03,0,0,0,2,0.03,"{""baseName"":""コーヒーホワイトナー"",""variety"":""液状 植物性脂肪"",""notes"":[""牛乳及び乳製品"",""クリーム類""]}",コーヒーホワイトナー（植物性クリーム）は加工脂肪を含むため用途を限定して使うべき,5,1,1,(180),(420),(350),(100),(38),(140),(200),(210),(410),(200),(47),(270),(120),(140),23.49,0.61,0.14,0.47,470,140,0,0,0,232.15,171261,0,"Coffee whitener, liquid, vegetable fat"
13,13023,＜牛乳及び乳製品＞　（クリーム類）　コーヒーホワイトナー　粉末状　乳脂肪,2.8,7.6,27.3,0,1.8,504,87,240,360,360,9,0,0.4,0.02,0.01,15,3,310,0.2,0.8,0.02,0.65,0.1,0.03,0.2,10,0.25,"{""baseName"":""コーヒーホワイトナー"",""variety"":""粉末状 乳脂肪"",""notes"":[""牛乳及び乳製品"",""クリーム類""]}",コーヒーホワイトナーは乳脂肪含有のクリーム粉で脂質や添加物があるため使用は控えめが望ましい。,5,1,1,(360),(700),(580),(180),(85),(270),(350),(350),(700),(370),(91),(440),(210),(290),23.13,0.62,0.12,0.51,470,120,0,0,22,470.4,171263,2.3,"Coffee whitener, powdered, dairy"
13,13024,＜牛乳及び乳製品＞　（クリーム類）　コーヒーホワイトナー　粉末状　植物性脂肪,2.7,2.1,36.2,0,2.6,542,120,600,720,220,1,0.1,0.2,0.02,0.01,Tr,1,0,0,1.0,0,0.01,0,0,0,2,0,"{""baseName"":""コーヒーホワイトナー"",""variety"":""粉末状 植物性脂肪"",""notes"":[""牛乳及び乳製品"",""クリーム類""]}",粉末状のコーヒーホワイトナーは植物性のクリームで高脂質の加工品。少量での使用に留める方が良い。,5,1,1,(87),(200),(170),(49),(18),(68),(96),(99),(200),(99),(23),(130),(59),(69),31.00,0,0,0,0,0,0,0,0,512.45,168122,0.7,"Coffee whitener, powdered, vegetable fat"
13,13025,＜牛乳及び乳製品＞　（発酵乳・乳酸菌飲料）　ヨーグルト　全脂無糖,87.7,3.6,3.0,(0),0.8,56,120,100,48,170,12,Tr,0.4,0.01,Tr,17,3,33,0,0.1,0.04,0.14,0.1,0.04,0.1,11,0.49,"{""baseName"":""ヨーグルト"",""variety"":""全脂無糖"",""notes"":[""牛乳及び乳製品"",""発酵乳・乳酸菌飲料""]}",無糖の全脂ヨーグルトは乳製品で一般には利用可能だが、乳糖不耐症の個体に注意,8,1,1,200,350,300,90,36,130,170,170,340,160,48,240,100,120,2.64,0.10,0.01,0.08,75,10,1,Tr,5,55.25,171284,15.2,"Yogurt, whole milk, plain"
13,13053,＜牛乳及び乳製品＞　（発酵乳・乳酸菌飲料）　ヨーグルト　低脂肪無糖,89.2,3.7,1.0,(0),0.8,40,130,100,48,180,13,Tr,0.5,0.01,0,14,2,12,0,0,0.04,0.19,0.1,0.04,0.1,15,0.41,"{""baseName"":""ヨーグルト"",""variety"":""低脂肪無糖"",""notes"":[""牛乳及び乳製品"",""発酵乳・乳酸菌飲料""]}",低脂肪無糖ヨーグルトは乳酸菌を含み消化に好影響を与える場合がある。,9,1,1,190,360,300,90,30,120,180,190,370,180,52,240,110,130,0.83,0.03,Tr,0.02,18,4,1,0,1,40,170886,15.2,"Yogurt, lowfat, plain"
13,13054,＜牛乳及び乳製品＞　（発酵乳・乳酸菌飲料）　ヨーグルト　無脂肪無糖,89.1,4.0,0.3,(0),0.8,37,140,110,54,180,13,Tr,0.4,0,0,16,3,3,0,0,0.04,0.17,0.1,0.04,0.2,16,0.35,"{""baseName"":""ヨーグルト"",""variety"":""無脂肪無糖"",""notes"":[""牛乳及び乳製品"",""発酵乳・乳酸菌飲料""]}",無脂肪無糖ヨーグルトは乳酸菌を含む発酵乳で犬に適した素材になり得る。,8,1,1,230,420,350,96,40,140,200,200,390,210,60,270,120,140,0.23,0.01,0,0.01,6,1,0,0,Tr,36.85,170906,15.6,"Yogurt, nonfat, plain"
13,13026,＜牛乳及び乳製品＞　（発酵乳・乳酸菌飲料）　ヨーグルト　脱脂加糖,82.6,4.3,0.2,(0),1.0,65,120,100,60,150,22,0.1,0.4,0.01,0.01,14,3,(0),Tr,Tr,0.03,0.15,0.1,0.02,0.3,3,0.44,"{""baseName"":""ヨーグルト"",""variety"":""脱脂加糖"",""notes"":[""牛乳及び乳製品"",""発酵乳・乳酸菌飲料""]}",脱脂加糖ヨーグルトは乳酸菌供給源として有益だが、乳糖・加糖に対する個体差に注意が必要。,8,1,1,220,410,350,99,35,130,210,190,400,200,54,270,120,160,0.19,0.01,0,0.01,6,Tr,0,0,1,58.4,170906,15.6,"Yogurt, nonfat, sweetened"
13,13027,＜牛乳及び乳製品＞　（発酵乳・乳酸菌飲料）　ヨーグルト　ドリンクタイプ　加糖,83.8,2.9,0.5,(0),0.6,64,110,80,50,130,11,0.1,Tr,Tr,0.01,10,2,5,Tr,Tr,0.01,0.12,0.1,0.03,0.2,1,0.30,"{""baseName"":""ヨーグルト"",""variety"":""ドリンクタイプ 加糖"",""notes"":[""牛乳及び乳製品"",""発酵乳・乳酸菌飲料""]}",加糖ドリンクヨーグルトは乳製品でプロバイオティクス効果が期待できるが糖分に注意,6,1,1,150,280,240,69,25,93,140,140,280,140,39,190,84,98,0.45,0.02,Tr,0.01,13,2,0,0,0,57.1,172220,15.2,"Yogurt drink, sweetened"
13,13028,＜牛乳及び乳製品＞　（発酵乳・乳酸菌飲料）　乳酸菌飲料　乳製品,82.1,1.1,0.1,(0),0.3,64,43,30,18,48,5,Tr,0.4,Tr,-,6,1,0,0,Tr,0.01,0.05,Tr,Tr,Tr,Tr,0.11,"{""baseName"":""乳酸菌飲料"",""variety"":""乳製品"",""notes"":[""牛乳及び乳製品"",""発酵乳・乳酸菌飲料""]}",乳酸菌飲料は発酵乳製品として利用可能だが製品ごとの添加物や糖分に留意が必要。,6,1,1,57,100,77,26,12,38,50,40,90,46,12,69,29,32,0.04,Tr,0,Tr,1,Tr,-,-,0,62.1,170885,16,"Lactic acid bacteria drink, dairy"
13,13029,＜牛乳及び乳製品＞　（発酵乳・乳酸菌飲料）　乳酸菌飲料　殺菌乳製品,45.5,1.5,0.1,(0),0.3,217,55,40,19,60,7,0.1,0.2,0.01,0.01,10,1,(0),Tr,Tr,0.02,0.08,0.1,Tr,Tr,Tr,0.09,"{""baseName"":""乳酸菌飲料"",""variety"":""殺菌乳製品"",""notes"":[""牛乳及び乳製品"",""発酵乳・乳酸菌飲料""]}",乳酸菌飲料は発酵乳で利用可能だが製品により成分が異なるため配慮が必要。,7,1,1,74,140,120,34,14,47,68,60,130,68,16,92,42,46,0.09,0.01,Tr,Tr,4,1,0,0,Tr,190.2,170874,17.7,"Lactic acid bacteria drink, pasteurized dairy"
13,13030,＜牛乳及び乳製品＞　（発酵乳・乳酸菌飲料）　乳酸菌飲料　非乳製品,89.3,0.4,0.1,0.2,0.1,39,16,13,10,44,3,Tr,Tr,0.01,0.02,2,0,1,0.1,Tr,0.01,0.01,Tr,0.01,Tr,Tr,0.05,"{""baseName"":""乳酸菌飲料"",""variety"":""非乳製品"",""notes"":[""牛乳及び乳製品"",""発酵乳・乳酸菌飲料""]}",乳酸菌飲料（非乳製品）は発酵由来の成分が含まれるが加工飲料のため用途に注意。,6,1,1,19,33,27,7.9,4.7,13,18,17,34,17,4.3,22,10,15,0.10,0.03,Tr,0.03,28,4,0,0,0,36.9,174157,5,"Lactic acid bacteria drink, non-dairy"
13,13031,＜牛乳及び乳製品＞　（チーズ類）　ナチュラルチーズ　エダム,41.0,28.9,25.0,(0),3.7,321,660,470,780,65,40,0.3,4.6,0.03,0.01,-,-,240,0.2,0.8,0.04,0.42,0.1,0.06,2.8,39,0.17,"{""baseName"":""ナチュラルチーズ"",""variety"":""エダム"",""notes"":[""牛乳及び乳製品"",""チーズ類""]}",エダムチーズは乳製品で脂肪・塩分があるため量に注意が必要だが素材として使える,6,1,1,(1500),(3000),(3100),(830),(290),(1100),(1700),(1700),(3300),(1100),(410),(2100),(1200),(1100),21.43,0.53,0.16,0.37,330,110,17,0,23,318.55,173419,15.4,"Cheese, Edam"
13,13032,＜牛乳及び乳製品＞　（チーズ類）　ナチュラルチーズ　エメンタール,33.5,27.3,33.6,(0),4.0,398,1200,720,500,110,32,0.3,4.3,0.76,0.01,-,-,200,0.1,1.3,0.02,0.48,0.1,0.07,1.0,10,0.72,"{""baseName"":""ナチュラルチーズ"",""variety"":""エメンタール"",""notes"":[""牛乳及び乳製品"",""チーズ類""]}",エメンタール等のナチュラルチーズは良質な脂質・タンパク源で一部の犬に利用される,8,1,1,(1600),(3000),(2600),(790),(290),(1100),(1700),(1700),(3400),(1100),(410),(2200),(1100),(940),27.98,0.87,0.35,0.52,470,260,26,5,28,386.75,171242,15.4,"Cheese, Emmental"
13,13033,＜牛乳及び乳製品＞　（チーズ類）　ナチュラルチーズ　カテージ,79.0,13.3,4.5,(0),1.3,99,55,130,400,50,4,0.1,0.5,0.03,-,9,14,35,0,0.1,0.02,0.15,0.1,0.03,1.0,21,0.48,"{""baseName"":""ナチュラルチーズ"",""variety"":""カテージ"",""notes"":[""牛乳及び乳製品"",""チーズ類""]}",カッテージチーズは比較的乳糖が少なく使いやすい乳製品ですが、乳糖不耐の犬には注意が必要です。,7,1,1,730,1400,1200,370,70,440,730,790,1500,640,190,930,430,530,3.85,0.13,0.02,0.10,93,16,2,0,6,91.45,169078,17.5,"Cheese, cottage"
13,13034,＜牛乳及び乳製品＞　（チーズ類）　ナチュラルチーズ　カマンベール,51.8,19.1,24.7,(0),3.5,291,460,330,800,120,20,0.2,2.8,0.02,0.01,17,14,230,0.2,0.9,0.03,0.48,0.7,0.08,1.3,47,0.49,"{""baseName"":""ナチュラルチーズ"",""variety"":""カマンベール"",""notes"":[""牛乳及び乳製品"",""チーズ類""]}",カマンベールはタンパク質・カルシウム源になるが脂肪・塩分がやや高め,7,1,1,970,1800,1500,510,76,590,980,1100,2100,810,240,1300,600,690,21.28,0.70,0.16,0.54,480,120,12,0,32,279.95,172178,15.4,"Cheese, Camembert"
13,13035,＜牛乳及び乳製品＞　（チーズ類）　ナチュラルチーズ　クリーム,55.5,8.2,33.0,(0),1.0,313,70,85,260,70,8,0.1,0.7,0.01,0.01,14,7,240,0.2,1.2,0.03,0.22,0.1,0.03,0.1,11,0.42,"{""baseName"":""ナチュラルチーズ"",""variety"":""クリーム"",""notes"":[""牛乳及び乳製品"",""チーズ類""]}",乳製品のチーズはタンパク源になるが脂肪や乳糖に注意が必要,6,1,1,430,820,680,210,62,270,420,430,840,390,120,530,250,300,28.55,0.89,0.25,0.63,570,180,20,6,38,317.25,173418,26.8,"Cheese, cream"
13,13036,＜牛乳及び乳製品＞　（チーズ類）　ナチュラルチーズ　ゴーダ,40.0,25.8,29.0,(0),3.8,356,680,490,800,75,31,0.3,3.6,0.02,0.01,-,-,260,0,0.8,0.03,0.33,0.1,0.05,1.9,29,0.32,"{""baseName"":""ナチュラルチーズ"",""variety"":""ゴーダ"",""notes"":[""牛乳及び乳製品"",""チーズ類""]}",ナチュラルチーズは高たんぱく・高脂肪で犬に使えるが塩分・脂肪に注意が必要。,7,1,1,(1400),(2700),(2700),(740),(260),(1000),(1500),(1500),(3000),(960),(360),(1900),(1100),(1000),24.81,0.67,0.19,0.48,430,130,19,4,28,341.7,171241,15.4,"Cheese, Gouda"
13,13037,＜牛乳及び乳製品＞　（チーズ類）　ナチュラルチーズ　チェダー,35.3,25.7,33.8,(0),3.8,390,740,500,800,85,24,0.3,4.0,0.07,-,20,12,310,0,1.6,0.04,0.45,0.1,0.07,1.9,32,0.43,"{""baseName"":""ナチュラルチーズ"",""variety"":""チェダー"",""notes"":[""牛乳及び乳製品"",""チーズ類""]}",チェダーチーズはタンパク・カルシウム源として使えるが脂肪・塩分が高め,7,1,1,1400,2500,2100,700,210,910,1400,1500,2900,980,320,1800,800,880,30.42,0.81,0.26,0.54,540,260,-,-,0,382.15,173415,,"Cheese, Cheddar"
13,13038,＜牛乳及び乳製品＞　（チーズ類）　ナチュラルチーズ　パルメザン,15.4,44.0,30.8,(0),7.9,445,1300,850,1500,120,55,0.4,7.3,0.15,-,-,-,230,0.2,0.8,0.05,0.68,0.1,0.05,2.5,10,0.50,"{""baseName"":""ナチュラルチーズ"",""variety"":""パルメザン"",""notes"":[""牛乳及び乳製品"",""チーズ類""]}",パルメザンは風味付けに適したナチュラルチーズだが塩分が高めで使用量に注意,7,1,1,(2300),(4300),(3400),(1200),(140),(1300),(2400),(2700),(5000),(1700),(590),(2900),(1200),(1800),26.20,0.94,0.28,0.67,600,210,20,0,37,422.45,171247,14.1,"Cheese, Parmesan"
13,13039,＜牛乳及び乳製品＞　（チーズ類）　ナチュラルチーズ　ブルー,45.6,18.8,29.0,(0),5.6,326,590,440,1500,120,19,0.3,2.5,0.02,0.01,-,-,270,0.3,0.6,0.03,0.42,0.8,0.15,1.1,57,1.22,"{""baseName"":""ナチュラルチーズ"",""variety"":""ブルー"",""notes"":[""牛乳及び乳製品"",""チーズ類""]}",ブルーチーズはチーズ類として栄養源になり得るが、青カビ製品は注意が必要。,6,1,1,(990),(1700),(1600),(510),(94),(610),(950),(1100),(2100),(690),(270),(1400),(670),(620),24.74,0.80,0.13,0.67,600,91,10,2,38,315.8,172175,15.4,"Cheese, blue"
13,13055,＜牛乳及び乳製品＞　（チーズ類）　ナチュラルチーズ　マスカルポーネ,62.4,4.4,28.2,(0),0.8,273,150,99,35,140,10,0.1,0.5,0.01,0,16,3,390,0.2,0.6,0.03,0.17,0.1,0.03,0.2,2,0.31,"{""baseName"":""ナチュラルチーズ"",""variety"":""マスカルポーネ"",""notes"":[""牛乳及び乳製品"",""チーズ類""]}",マスカルポーネは乳製品で高脂肪のため少量であれば利用できるが脂質が高い。,6,1,1,230,440,370,120,35,150,220,230,450,210,59,290,130,160,23.99,0.81,0.13,0.68,590,100,9,0,36,269.8,173418,26.8,"Cheese, mascarpone"
13,13056,＜牛乳及び乳製品＞　（チーズ類）　ナチュラルチーズ　モッツァレラ,56.3,18.4,19.9,(0),1.3,269,330,260,70,20,11,0.1,2.8,0.02,0.01,-,-,280,0.2,0.6,0.01,0.19,Tr,0.02,1.6,9,0.06,"{""baseName"":""ナチュラルチーズ"",""variety"":""モッツァレラ"",""notes"":[""牛乳及び乳製品"",""チーズ類""]}",モッツァレラは良質な乳タンパクで少量なら利用可能だが脂肪や乳糖に注意。,8,0,0,,,,,,,,,,,,,,,,,,,,,,,,247.9,170845,15.4,"Cheese, mozzarella"
13,13057,＜牛乳及び乳製品＞　（チーズ類）　ナチュラルチーズ　やぎ,52.9,20.6,21.7,(0),2.2,280,130,270,480,260,20,0.1,0.5,0.07,0.03,-,-,290,0.3,0.4,0.09,0.88,1.4,0.23,0.3,100,1.16,"{""baseName"":""ナチュラルチーズ"",""variety"":""やぎ"",""notes"":[""牛乳及び乳製品"",""チーズ類""]}",ヤギのナチュラルチーズは利用可能だが脂肪や乳糖に配慮が必要,7,1,1,1000,2000,1700,470,180,650,1000,950,2000,1100,290,1400,560,600,18.99,0.74,0.14,0.60,560,130,8,0,29,265.65,173435,15.4,"Cheese, goat"
13,13058,＜牛乳及び乳製品＞　（チーズ類）　ナチュラルチーズ　リコッタ,72.9,7.1,11.5,(0),1.7,159,340,200,160,210,20,0.1,0.3,0.02,Tr,-,-,160,0,0.2,0.04,0.21,0.1,0.06,0.2,4,0.52,"{""baseName"":""ナチュラルチーズ"",""variety"":""リコッタ"",""notes"":[""牛乳及び乳製品"",""チーズ類""]}",リコッタは良質な乳たんぱく・脂質源で犬のレシピ素材として使いやすい。,8,0,0,,,,,,,,,,,,,,,,,,,,,,,,146.4,170851,17.5,"Cheese, ricotta"
13,13040,＜牛乳及び乳製品＞　（チーズ類）　プロセスチーズ,45.0,22.7,26.0,(0),5.0,313,630,730,1100,60,19,0.3,3.2,0.08,0.02,18,13,240,Tr,1.1,0.03,0.38,0.1,0.01,3.2,27,0.14,"{""baseName"":""プロセスチーズ"",""notes"":[""牛乳及び乳製品"",""チーズ類""]}",プロセスチーズは乳製品としてタンパク質・脂質供給源となるが、乳糖不耐症の個体は注意,7,1,1,1300,2300,1900,590,120,720,1200,1400,2600,890,300,1600,720,830,23.39,0.56,0.17,0.39,390,170,-,-,0,305,173448,,Processed cheese
13,13041,＜牛乳及び乳製品＞　（チーズ類）　チーズスプレッド,53.8,15.9,25.7,(0),4.0,284,460,620,1000,50,14,0.2,1.6,0.05,0.01,-,-,180,0.3,1.1,0.02,0.35,Tr,0.03,0.5,16,0.16,"{""baseName"":""チーズスプレッド"",""notes"":[""牛乳及び乳製品"",""チーズ類""]}",チーズスプレッドは良質な乳製品由来の脂質・タンパク源で使いやすいが、脂肪や塩分があるため量に注意が必要。,7,0,1,,,,,,,,,,,,,,,21.90,0.63,0.18,0.45,390,130,16,2,27,276.2,171254,36.2,Cheese spread
13,13042,＜牛乳及び乳製品＞　（アイスクリーム類）　アイスクリーム　高脂肪,61.3,3.5,12.0,0.1,0.8,205,130,110,80,160,14,0.1,0.5,0.01,-,13,4,100,0.1,0.2,0.06,0.18,0.1,0.03,0.4,Tr,0.72,"{""baseName"":""アイスクリーム"",""variety"":""高脂肪"",""notes"":[""牛乳及び乳製品"",""アイスクリーム類""]}",高脂肪のアイスクリームは乳糖や脂肪による消化不良や膵炎リスクがあるため注意が必要。,5,1,1,180,340,280,90,34,120,170,150,320,170,45,220,100,130,10.25,0.34,0.06,0.28,260,47,0,0,15,192.3,170659,23.8,"Ice cream, high fat"
13,13043,＜牛乳及び乳製品＞　（アイスクリーム類）　アイスクリーム　普通脂肪,63.9,3.9,8.0,0.1,1.0,178,140,120,110,190,13,0.1,0.4,0.01,0.01,17,4,55,0.1,0.2,0.06,0.20,0.1,0.02,0.2,Tr,0.50,"{""baseName"":""アイスクリーム"",""variety"":""普通脂肪"",""notes"":[""牛乳及び乳製品"",""アイスクリーム類""]}",アイスクリームは乳脂肪・糖分が高く乳糖不耐症や高脂肪による問題の懸念があるため主素材には不向き,5,1,1,210,380,320,100,37,140,190,180,370,190,51,250,110,140,7.31,0.36,0.05,0.30,240,51,4,0,20,162.5,167575,26,"Ice cream, regular"
13,13044,＜牛乳及び乳製品＞　（アイスクリーム類）　アイスミルク,65.6,3.4,6.4,(0),0.7,167,110,100,75,140,14,0.1,0.3,Tr,0.01,-,-,21,0.1,0.1,0.03,0.14,0.1,0.02,0.3,Tr,0.43,"{""baseName"":""アイスミルク"",""notes"":[""牛乳及び乳製品"",""アイスクリーム類""]}",高脂肪・高糖分の加工乳製品で使用は限定的（間食向け）,5,1,1,(180),(330),(270),(87),(33),(120),(160),(140),(310),(160),(44),(220),(99),(120),6.15,0.16,0.02,0.13,110,20,1,0,9,149.95,169631,23,Ice milk
13,13045,＜牛乳及び乳製品＞　（アイスクリーム類）　ラクトアイス　普通脂肪,60.4,3.1,13.6,0.1,0.7,217,95,93,61,150,12,0.1,0.4,0.01,0.01,19,3,10,Tr,0.6,0.03,0.15,0.4,0.01,0.2,1,0.51,"{""baseName"":""ラクトアイス"",""variety"":""普通脂肪"",""notes"":[""牛乳及び乳製品"",""アイスクリーム類""]}",ラクトアイスは乳製品と糖を含む加工食品で、過剰は避けるが少量なら利用可能,5,1,1,180,310,250,77,34,110,150,99,250,150,35,210,87,97,13.40,0.62,0.01,0.60,600,15,0,0,1,203.8,171256,19.2,"Lacto ice, regular fat"
13,13046,＜牛乳及び乳製品＞　（アイスクリーム類）　ラクトアイス　低脂肪,75.2,1.8,2.0,(0),0.4,108,60,45,45,80,9,0.1,0.1,0.01,0.04,-,-,0,Tr,0.2,0.02,0.12,Tr,0.01,0.1,1,0.15,"{""baseName"":""ラクトアイス"",""variety"":""低脂肪"",""notes"":[""牛乳及び乳製品"",""アイスクリーム類""]}",低脂肪ラクトアイスは乳成分や糖分が含まれる加工品であり、扱いは可能だが加工度が高い。,6,1,1,(100),(180),(150),(45),(20),(64),(86),(57),(140),(84),(20),(120),(51),(56),1.93,0.05,0.01,0.05,45,5,Tr,0,1,95.4,170661,,"Lacto ice, low fat"
13,13047,＜牛乳及び乳製品＞　（アイスクリーム類）　ソフトクリーム,69.6,3.8,5.6,(0),0.9,146,130,110,65,190,14,0.1,0.4,Tr,0.01,-,-,17,0.1,0.2,0.05,0.22,0.1,0.01,0.2,Tr,0.58,"{""baseName"":""ソフトクリーム"",""notes"":[""牛乳及び乳製品"",""アイスクリーム類""]}",ソフトクリームは乳糖や高脂肪で犬によっては不向きなため控えめ評価,5,1,1,(200),(370),(310),(98),(36),(130),(180),(160),(350),(180),(49),(240),(110),(140),5.36,0.19,0.03,0.16,150,25,3,0,6,131.25,167576,20.3,Soft serve ice cream
13,13048,＜牛乳及び乳製品＞　（その他）　カゼイン,10.6,86.2,1.5,(0),1.7,358,26,120,10,2,3,0.8,2.6,0.09,0.02,7,40,Tr,Tr,Tr,Tr,Tr,Tr,0.01,2.3,6,0.17,"{""baseName"":""カゼイン"",""notes"":[""牛乳及び乳製品"",""その他""]}",カゼインは乳由来のたんぱく質で栄養素材として利用される安全な成分,9,1,1,5000,8500,7200,2700,440,3100,4600,5200,9700,4000,1100,6200,2700,3400,1.36,0.05,0.01,0.03,25,12,1,0,2,314.45,171248,16.3,Casein
13,13049,＜牛乳及び乳製品＞　（その他）　シャーベット,69.1,0.9,1.0,(0),0.3,128,22,22,13,95,3,0.1,0.1,0.01,0.09,-,-,(0),Tr,Tr,0.04,0.05,0.2,Tr,Tr,Tr,0.04,"{""baseName"":""シャーベット"",""notes"":[""牛乳及び乳製品"",""その他""]}",シャーベット（乳成分入り氷菓）は冷菓で糖分や酸味がある加工品のため、素材としては限定的に使用すべき。,5,0,1,,,,,,,,,,,,,,,0.99,0.04,Tr,0.04,35,4,0,0,0,112.1,167577,7.7,Sherbet
13,13050,＜牛乳及び乳製品＞　（その他）　チーズホエーパウダー,2.2,12.5,1.2,(0),7.1,339,620,690,690,1800,130,0.4,0.3,0.03,0.03,80,7,11,Tr,0,0.22,2.35,1.4,0.25,3.4,6,5.95,"{""baseName"":""チーズホエーパウダー"",""notes"":[""牛乳及び乳製品"",""その他""]}",チーズホエーパウダーは乳由来のタンパク質源として利用できる加工原料だが乳糖や塩分量に注意。,7,1,1,730,1200,1000,220,290,510,370,310,680,870,210,690,210,290,1.11,0.04,0.01,0.04,37,7,0,0,0,323.45,171283,225,Cheese whey powder
13,13051,＜その他＞　人乳,88.0,1.1,3.5,(0),0.2,61,27,14,15,48,3,0.04,0.3,0.03,Tr,*,2,45,0.3,0.4,0.01,0.03,0.2,Tr,Tr,Tr,0.50,"{""baseName"":""人乳"",""notes"":[""その他""]}",乳糖を含み個体によっては消化不良を起こすことがあるため一般的には慎重に扱う,5,1,1,53,100,67,15,24,39,43,41,84,46,15,58,26,32,3.46,0.61,0.09,0.52,490,47,8,30,13,58.8,171279,16,Human milk
13,13052,＜その他＞　やぎ乳,88.0,3.1,3.6,(0),0.8,57,120,90,35,220,12,0.1,0.3,Tr,Tr,-,-,36,0,0.1,0.04,0.14,0.3,0.04,0,1,0.39,"{""baseName"":""やぎ乳"",""notes"":[""その他""]}",やぎ乳は乳製品として栄養があるが、乳糖で消化不良を起こす犬もいるため注意が必要。,7,1,1,(180),(270),(250),(70),(40),(110),(130),(160),(290),(140),(38),(210),(78),(100),3.05,0.09,0.03,0.07,61,19,2,1,4,57.2,171278,16,Goat milk
14,14023,（植物油脂類）　あまに油,Tr,0,100,0,0,897,Tr,0,0,0,0,0,0,0,0,-,-,0,(0),0.5,0,0,0,-,-,-,-,"{""baseName"":""あまに油"",""notes"":[""植物油脂類""]}",あまに（亜麻仁）油は必須脂肪酸を含む良質な油脂で栄養的に有用。,9,0,1,,,,,,,,,,,,,,,95.13,71.13,56.63,14.50,14000,57000,0,0,0,850,,,Flaxseed oil
14,14024,（植物油脂類）　えごま油,Tr,0,100,0,0,897,1,1,Tr,Tr,Tr,0.1,0,0,0.01,-,-,0,(0),2.4,0,0,0,-,-,-,-,"{""baseName"":""えごま油"",""notes"":[""植物油脂類""]}",えごま油は良質な脂肪酸源で犬のレシピ素材として適切,9,0,1,,,,,,,,,,,,,,,95.17,70.60,58.31,12.29,12000,58000,0,0,0,850,167702,0.2,Perilla oil
14,14001,（植物油脂類）　オリーブ油,0,0,100,0,0,894,Tr,0,Tr,0,0,0,0,0,0,0,0,0,(0),7.4,0,0,0,(0),(0),(0),(0),"{""baseName"":""オリーブ油"",""notes"":[""植物油脂類""]}",オリーブ油は良質な脂肪源で犬のレシピ素材として適している,9,0,1,,,,,,,,,,,,,,,94.58,7.24,0.60,6.64,6600,600,0,0,0,850,,,Olive oil
14,14002,（植物油脂類）　ごま油,0,0,100,0,0,890,1,1,Tr,Tr,Tr,0.1,Tr,0.01,0,0,1,0,(0),0.4,0,0,0.1,(0),(0),(0),(0),"{""baseName"":""ごま油"",""notes"":[""植物油脂類""]}",ごま油は脂質源として風味付けに利用できる安全な植物油,7,0,1,,,,,,,,,,,,,,,93.83,41.19,0.31,40.88,41000,310,0,0,0,850,167702,0.2,Sesame oil
14,14003,（植物油脂類）　米ぬか油,0,0,100,0,0,880,Tr,Tr,0,Tr,0,0,0,0,0,0,0,0,(0),26.0,0,0,0,(0),(0),(0),(0),"{""baseName"":""米ぬか油"",""notes"":[""植物油脂類""]}",米ぬか油は良質な脂質源で料理素材として適切,9,0,1,,,,,,,,,,,,,,,91.86,33.26,1.15,32.11,32000,1200,0,0,0,850,,,Rice bran oil
14,14004,（植物油脂類）　サフラワー油　ハイオレイック,0,0,100,0,0,892,0,Tr,0,0,0,0,0,0,0,-,-,0,(0),27.0,0,0,0,(0),(0),(0),(0),"{""baseName"":""サフラワー油"",""variety"":""ハイオレイック"",""notes"":[""植物油脂類""]}",精製された植物油で良質な脂質源として利用しやすい,9,0,1,,,,,,,,,,,,,,,94.21,13.62,0.21,13.41,13000,210,0,0,0,850,,,"Safflower oil, high oleic"
14,14025,（植物油脂類）　サフラワー油　ハイリノール,0,0,100,0,0,883,0,Tr,0,0,0,0,0,0,0,-,-,0,(0),27.0,0,0,0,(0),(0),(0),(0),"{""baseName"":""サフラワー油"",""variety"":""ハイリノール"",""notes"":[""植物油脂類""]}",高リノールの精製植物油で脂質源として利用可能な素材である。,9,0,1,,,,,,,,,,,,,,,92.40,70.19,0.22,69.97,70000,220,0,0,0,850,,,"Safflower oil, high linoleic"
14,14005,（植物油脂類）　大豆油,0,0,100,0,0,885,0,0,0,Tr,0,0,0,0,0,0,0,0,(0),10.0,0,0,0,(0),(0),(0),(0),"{""baseName"":""大豆油"",""notes"":[""植物油脂類""]}",大豆油は脂肪酸供給源として利用可能だが高エネルギーのため量に注意が必要,7,0,1,,,,,,,,,,,,,,,92.76,55.78,6.10,49.67,50000,6100,0,0,0,850,,,Soybean oil
14,14006,（植物油脂類）　調合油,0,0,100,0,0,886,Tr,Tr,0,Tr,0,0,Tr,0,0,0,0,0,(0),13.0,0,0,0,(0),(0),(0),(0),"{""baseName"":""調合油"",""notes"":[""植物油脂類""]}",調合油は料理用の植物油で脂質供給源として使用可能な素材,9,0,1,,,,,,,,,,,,,,,93.01,40.94,6.81,34.13,34000,6800,0,0,0,850,,,Blended vegetable oil
14,14007,（植物油脂類）　とうもろこし油,0,0,100,0,0,884,Tr,0,0,0,0,0,0,0,0,0,0,0,(0),17.0,0,0,0,(0),(0),(0),(0),"{""baseName"":""とうもろこし油"",""notes"":[""植物油脂類""]}",とうもろこし油は料理用の油で犬のレシピ素材として利用可能（脂質量に注意）。,8,0,1,,,,,,,,,,,,,,,92.58,51.58,0.76,50.82,51000,760,0,0,0,850,,,Corn oil
14,14008,（植物油脂類）　なたね油,0,0,100,0,0,887,Tr,Tr,0,Tr,0,0,Tr,0,0,0,0,0,(0),15.0,0,0,0,(0),(0),(0),(0),"{""baseName"":""なたね油"",""notes"":[""植物油脂類""]}",なたね油は良質な脂肪酸を供給する植物油で利用しやすい,8,0,1,,,,,,,,,,,,,,,93.26,26.10,7.52,18.59,19000,7500,0,0,0,850,,,Canola oil
14,14009,（植物油脂類）　パーム油,0,0,100,0,0,887,Tr,0,0,0,0,0,0,0,0,-,-,0,(0),8.6,0,0,0,(0),(0),(0),(0),"{""baseName"":""パーム油"",""notes"":[""植物油脂類""]}",パーム油は脂質源として使用できるが飽和脂肪が多く量に注意が必要,7,0,1,,,,,,,,,,,,,,,92.94,9.16,0.19,8.97,9000,190,0,0,0,850,,,Palm oil
14,14010,（植物油脂類）　パーム核油,0,0,100,0,0,893,Tr,Tr,0,Tr,0,0,0,0,0,-,-,0,(0),0.4,0,0,0,(0),(0),(0),(0),"{""baseName"":""パーム核油"",""notes"":[""植物油脂類""]}",パーム核油は植物油脂として使用可能だが飽和脂肪が多い点に留意。,6,0,1,,,,,,,,,,,,,,,93.13,2.43,0,2.43,2400,0,0,0,0,850,,,Palm kernel oil
14,14011,（植物油脂類）　ひまわり油　ハイリノール,0,0,100,0,0,899,0,0,0,0,0,0,0,0,0,-,-,0,(0),39.0,0,0,0,(0),(0),(0),(0),"{""baseName"":""ひまわり油"",""variety"":""ハイリノール"",""notes"":[""植物油脂類""]}",ひまわり油は安全な脂質供給源として適切,9,0,1,,,,,,,,,,,,,,,95.53,57.94,0.43,57.51,58000,430,-,-,0,850,,,"Sunflower oil, high linoleic"
14,14026,（植物油脂類）　ひまわり油　ミッドオレイック,0,0,100,0,0,892,0,0,0,0,0,0,0,0,0,-,-,0,(0),39.0,0,0,0,(0),(0),(0),(0),"{""baseName"":""ひまわり油"",""variety"":""ミッドオレイック"",""notes"":[""植物油脂類""]}",良質な植物性脂質で調理や風味付けに使いやすい脂源,9,0,1,,,,,,,,,,,,,,,94.17,28.09,0.22,27.88,28000,220,0,0,0,850,,,"Sunflower oil, mid oleic"
14,14027,（植物油脂類）　ひまわり油　ハイオレイック,0,0,100,0,0,899,0,0,0,0,0,0,0,0,0,-,-,0,(0),39.0,0,0,0,(0),(0),(0),(0),"{""baseName"":""ひまわり油"",""variety"":""ハイオレイック"",""notes"":[""植物油脂類""]}",ハイオレイックひまわり油は安定した植物性脂質で、良質な脂肪源として利用可能,9,0,1,,,,,,,,,,,,,,,95.44,6.79,0.23,6.57,6600,230,0,0,0,850,,,"Sunflower oil, high oleic"
14,14028,（植物油脂類）　ぶどう油,0,0,100,0,0,882,0,0,0,0,0,0,0,0.02,0,-,-,-,0,28.0,0,0,0,(0),(0),(0),(0),"{""baseName"":""ぶどう油"",""notes"":[""植物油脂類""]}",ぶどう種子油は調理用の植物油として問題なく利用できる（ぶどう果実とは異なる）,8,0,1,,,,,,,,,,,,,,,92.28,63.55,0.45,63.10,63000,450,0,0,0,850,,,Grape seed oil
14,14012,（植物油脂類）　綿実油,0,0,100,0,0,883,0,0,0,0,0,0,0,0,0,-,-,0,(0),28.0,0,0,0,(0),(0),(0),(0),"{""baseName"":""綿実油"",""notes"":[""植物油脂類""]}",綿実油は脂肪源として利用できるが量に注意が必要な油脂類。,8,0,1,,,,,,,,,,,,,,,92.35,53.85,0.34,53.51,54000,340,0,0,0,850,,,Cottonseed oil
14,14013,（植物油脂類）　やし油,0,0,100,0,0,889,Tr,0,0,0,0,0,Tr,0,0,-,-,0,(0),0.3,0,0,0,(0),(0),(0),(0),"{""baseName"":""やし油"",""notes"":[""植物油脂類""]}",安全な植物性脂質でエネルギー源になる。調理素材として利用しやすい。,8,0,1,,,,,,,,,,,,,,,92.08,1.53,0,1.53,1500,0,0,0,0,850,,,Coconut oil
14,14014,（植物油脂類）　落花生油,0,0,100,0,0,882,Tr,Tr,0,0,0,0,0,0,0,-,-,0,(0),6.0,0,0,0,(0),(0),(0),(0),"{""baseName"":""落花生油"",""notes"":[""植物油脂類""]}",落花生油は調理油として使えるがピーナッツ由来のためナッツ関連の注意が必要,5,0,1,,,,,,,,,,,,,,,92.26,29.00,0.21,28.80,29000,210,0,0,0,850,,,Peanut oil
14,14015,（動物油脂類）　牛脂,Tr,0.2,99.8,0,0,869,Tr,1,1,1,0,0.1,Tr,Tr,-,-,-,85,0,0.6,0,0,0,-,-,-,-,"{""baseName"":""牛脂"",""notes"":[""動物油脂類""]}",牛脂はエネルギー源として使えるが脂質が高いため適量での使用が望ましいです。,8,0,1,,,,,,,,,,,,,,,89.67,3.61,0.17,3.44,3300,170,0,0,0,849,173412,22.3,Beef tallow
14,14032,（動物油脂類）　たらのあぶら,0.1,0.1,99.8,-,0,853,Tr,2,1,1,0,Tr,0,Tr,0,450,9,37000,8.7,14.0,0,Tr,0.1,0,-,1,0,"{""baseName"":""たらのあぶら"",""notes"":[""動物油脂類""]}",たらのあぶらはオメガ3などの有益な脂肪酸源で、魚油として有用な素材。,9,1,1,2.4,1.1,0.8,0,0.3,0.3,0.5,0.3,0.7,0.8,0,0.9,0.5,0.7,86.84,25.54,22.64,2.30,670,470,13000,6200,280,848.65,167702,0.2,Cod liver oil
14,14016,（動物油脂類）　ラード,0,0,100,0,0,885,0,0,0,0,0,0,Tr,Tr,0,0,0,0,0.2,0.3,0,0,0,0,0,0,0,"{""baseName"":""ラード"",""notes"":[""動物油脂類""]}",ラードは動物性脂肪で料理の脂肪源として使えるが脂質が高い点に留意。,7,0,1,,,,,,,,,,,,,,,92.66,9.81,0.46,9.35,8900,460,0,0,100,850,,,Lard
14,14017,（バター類）　無発酵バター　有塩バター,16.2,0.6,81.0,(0),2.0,700,15,15,750,28,2,0.1,0.1,Tr,0,2,Tr,500,0.6,1.5,0.01,0.03,0,Tr,0.1,Tr,0.06,"{""baseName"":""無発酵バター"",""variety"":""有塩バター"",""notes"":[""バター類""]}",有塩バターは高脂肪・塩分が高めの乳製品で、過剰摂取は健康リスクとなる,6,1,1,28,55,44,15,5.0,20,27,24,51,28,6.3,36,17,21,70.56,2.14,0.28,1.86,1700,280,0,0,110,691.3,173410,18.8,"Butter, salted"
14,14018,（バター類）　無発酵バター　食塩不使用バター,15.8,0.5,83.0,(0),0.5,720,14,18,11,22,2,0.4,0.1,0.01,0.01,3,Tr,780,0.7,1.4,0,0.03,Tr,Tr,0.1,1,0.08,"{""baseName"":""無発酵バター"",""variety"":""食塩不使用バター"",""notes"":[""バター類""]}",無塩バターは高脂肪の乳製品で風味付けには使えるが脂質負荷に注意が必要な素材である,6,1,1,(23),(46),(36),(12),(4.2),(17),(23),(20),(43),(23),(5.3),(30),(14),(18),73.00,2.05,0.33,1.72,1500,330,0,0,100,707.95,173430,18.8,"Butter, unsalted"
14,14019,（バター類）　発酵バター　有塩バター,13.6,0.6,80.0,(0),1.4,713,12,16,510,25,2,0.4,0.1,0.01,0.01,-,-,760,0.7,1.3,0,0.02,0,0,0.1,1,0,"{""baseName"":""発酵バター"",""variety"":""有塩バター"",""notes"":[""バター類""]}",有塩発酵バターは脂質と塩分が高いため多用は避けるべきだが少量なら利用可能,6,1,1,(28),(55),(44),(15),(5.0),(20),(27),(24),(51),(28),(6.3),(36),(17),(21),70.71,2.15,0.29,1.87,1700,290,0,0,110,697.5,173410,18.8,"Butter, cultured, salted"
14,14020,（マーガリン類）　マーガリン　家庭用　有塩,14.7,0.4,83.1,(0),1.3,715,14,17,500,27,2,Tr,0.1,Tr,Tr,2,1,0,11.0,15.0,0.01,0.03,Tr,0,0,Tr,Tr,"{""baseName"":""マーガリン"",""variety"":""家庭用 有塩"",""notes"":[""マーガリン類""]}",有塩マーガリン。加工度が高く脂質や塩分が多いため素材評価は低め。,5,1,1,22,41,34,11,3.2,14,21,21,41,20,3.7,27,12,15,75.33,12.98,1.17,11.81,12000,1200,0,0,0,709.5,173410,18.8,"Margarine, household, salted"
14,14033,（マーガリン類）　マーガリン　家庭用　無塩,14.7,0.4,83.1,(0),1.3,715,14,17,(Tr),27,2,Tr,0.1,Tr,Tr,2,1,0,11.0,15.0,0.01,0.03,Tr,0,0,Tr,Tr,"{""baseName"":""マーガリン"",""variety"":""家庭用 無塩"",""notes"":[""マーガリン類""]}",加工された植物性油脂で高脂肪のため少量向けだが素材として使用可能,6,0,0,,,,,,,,,,,,,,,,,,,,,,,,709.5,171432,,"Margarine, household, unsalted"
14,14029,（マーガリン類）　マーガリン　業務用　有塩,14.8,0.3,84.3,(0),0.5,740,14,17,490,27,2,Tr,0.1,Tr,Tr,2,1,0,11.0,15.0,0.01,0.03,Tr,0,0,Tr,Tr,"{""baseName"":""マーガリン"",""variety"":""業務用 有塩"",""notes"":[""マーガリン類""]}",有塩マーガリンは脂質・塩分が高めの加工油脂で加工度が高いため注意が必要,5,1,1,(13),(24),(19),(6.2),(1.9),(8.0),(12),(12),(24),(12),(2.2),(15),(7.2),(8.9),76.64,8.78,0.64,8.13,8100,640,0,0,0,717.95,173582,10.2,"Margarine, commercial, salted"
14,14034,（マーガリン類）　マーガリン　業務用　無塩,14.8,0.3,84.3,(0),0.5,740,14,17,(Tr),27,2,Tr,0.1,Tr,Tr,2,1,0,11.0,15.0,0.01,0.03,Tr,0,0,Tr,Tr,"{""baseName"":""マーガリン"",""variety"":""業務用 無塩"",""notes"":[""マーガリン類""]}",マーガリンは加工脂肪が主体で脂質が高く、少量限定での使用が望ましい。,5,0,0,,,,,,,,,,,,,,,,,,,,,,,,717.95,173582,10.2,"Margarine, commercial, unsalted"
14,14021,（マーガリン類）　ファットスプレッド,30.2,0.2,69.1,(0),1.2,579,8,10,420,17,2,Tr,Tr,Tr,Tr,1,0,0,1.1,16.0,0.02,0.02,Tr,0,0,Tr,Tr,"{""baseName"":""ファットスプレッド"",""notes"":[""マーガリン類""]}",ファットスプレッドはマーガリン類に準じた加工油脂で脂質が高く使用は限定的が望ましい,5,1,1,8.5,15,12,2.6,1.8,4.4,6.3,6.4,13,9.3,1.6,9.3,4.2,4.8,61.14,20.02,1.71,18.31,18000,1700,0,0,0,588.05,172345,42.2,Fat spread
14,14022,（その他）　ショートニング　家庭用,0.1,0,99.9,(0),0,889,0,0,0,0,0,0,0,0,0,0,0,0,0.1,9.5,0,0,0,0,0,0,0,"{""baseName"":""ショートニング"",""variety"":""家庭用"",""notes"":[""その他""]}",純粋な油脂で風味付けには使えるが高脂肪のため扱いに注意が必要な素材,5,0,1,,,,,,,,,,,,,,,93.33,11.56,0.99,10.57,11000,990,0,0,0,849.15,171009,34.2,"Shortening, household"
14,14030,（その他）　ショートニング　業務用　製菓,Tr,0,99.9,(0),0,881,0,0,0,0,0,0,0,0,0,0,0,0,0.1,9.5,0,0,0,0,0,0,0,"{""baseName"":""ショートニング"",""variety"":""業務用 製菓"",""notes"":[""その他""]}",ショートニングは加工脂で嗜好性はあるが栄養面では優先度が低く加工度が高い,5,0,1,,,,,,,,,,,,,,,91.85,8.13,0.30,7.84,7800,300,0,0,0,849.5,,,"Shortening, commercial, baking"
14,14031,（その他）　ショートニング　業務用　フライ,0.1,0,99.9,(0),0,886,0,0,0,0,0,0,0,0,0,0,0,0,0.1,9.5,0,0,0,0,0,0,0,"{""baseName"":""ショートニング"",""variety"":""業務用"",""state"":""フライ"",""notes"":[""その他""]}",ショートニングは加工された脂質で高エネルギーなため用途は限定されるが素材としては使用可能,6,0,1,,,,,,,,,,,,,,,92.95,13.19,0.78,12.42,12000,780,0,0,0,849.15,174950,6.5,"Shortening, commercial, frying"
15,15001,＜和生菓子・和半生菓子類＞　甘納豆　あずき,26.2,3.4,0.3,4.8,0.5,283,11,38,45,170,17,0.7,0.4,0.12,0.18,0,1,0,0,-,0.06,0.02,0.2,0.04,0,9,0.17,"{""baseName"":""甘納豆"",""variety"":""あずき"",""notes"":[""和生菓子・和半生菓子類""]}",加糖された菓子で糖分が高く頻繁な使用には不向きな加工食品である,5,1,1,(150),(280),(260),(51),(42),(93),(200),(100),(300),(130),(39),(180),(120),(230),(0.13),(0.08),(0.03),(0.06),(57),(25),-,-,-,241.25,173730,,"Sweetened adzuki beans (Amanatto, adzuki)"
15,15002,＜和生菓子・和半生菓子類＞　甘納豆　いんげんまめ,25.2,3.8,0.5,5.5,0.7,288,26,55,45,170,19,0.8,0.4,0.13,0.34,0,0,0,0,-,0.09,0.03,0.2,0.03,0,13,0.06,"{""baseName"":""甘納豆"",""variety"":""いんげんまめ"",""notes"":[""和生菓子・和半生菓子類""]}",甘納豆はいんげん豆の菓子で砂糖が多く含まれる加工品のため使用は限定的に。,5,1,1,(190),(340),(280),(44),(33),(77),(250),(100),(350),(180),(45),(220),(130),(220),(0.21),(0.15),(0.09),(0.05),(53),(93),(0),(0),(0),242.6,175245,30.5,"Sweetened kidney beans (Amanatto, kidney bean)"
15,15003,＜和生菓子・和半生菓子類＞　甘納豆　えんどう,23.1,3.8,0.4,3.2,0.4,293,12,27,47,110,17,0.9,0.6,0.09,-,0,2,0,0,-,0.11,0.02,0.3,0,0,2,0.16,"{""baseName"":""甘納豆"",""variety"":""えんどう"",""notes"":[""和生菓子・和半生菓子類""]}",甘納豆は糖分の多い加工食品で過剰摂取は不適。,5,1,1,(150),(260),(270),(37),(59),(96),(180),(110),(290),(150),(35),(170),(96),(310),(0.25),(0.12),(0.02),(0.11),(110),(16),-,-,-,258.55,171592,13.2,"Sweetened peas (Amanatto, pea)"
15,15005,＜和生菓子・和半生菓子類＞　今川焼　こしあん入り,(45.5),(4.5),(1.1),(1.4),(0.5),217,29,55,57,64,8,0.6,0.3,0.06,0.22,2,3,14,0.3,0.2,0.04,0.04,0.2,0.01,0.1,6,0.23,"{""baseName"":""今川焼"",""variety"":""こしあん入り"",""notes"":[""和生菓子・和半生菓子類""]}",今川焼（こしあん入り）は砂糖や精製素材が多く加工度が高いため素材としては限定的,5,1,1,(200),(370),(240),(87),(91),(180),(260),(150),(410),(170),(55),(240),(130),(250),(0.85),(0.29),(0.02),(0.26),(250),(20),(0),(4),(10),350,173730,,"Imagawayaki, with smooth red bean paste"
15,15145,＜和生菓子・和半生菓子類＞　今川焼　つぶしあん入り,(45.5),(4.5),(1.4),(1.7),(0.5),220,23,62,71,95,10,0.6,0.3,0.08,0.22,2,3,15,0.3,0.2,0.04,0.04,0.2,0.02,0.1,8,0.27,"{""baseName"":""今川焼"",""variety"":""つぶしあん入り"",""notes"":[""和生菓子・和半生菓子類""]}",小豆のあんは犬に問題ないが菓子生地や加糖が多く加工度が高いため素材としては限定的に使用,5,0,0,,,,,,,,,,,,,,,,,,,,,,,,350,173730,,"Imagawayaki, with mashed red bean paste"
15,15146,＜和生菓子・和半生菓子類＞　今川焼　カスタードクリーム入り,(45.5),(4.7),(2.6),(0.9),(0.5),224,46,88,52,95,7,0.5,0.4,0.04,0.15,10,6,51,0.8,0.4,0.06,0.08,0.2,0.04,0.3,14,0.5,"{""baseName"":""今川焼"",""variety"":""カスタードクリーム入り"",""notes"":[""和生菓子・和半生菓子類""]}",今川焼（カスタード）は加工菓子で高脂質・高糖質のため素材適性は低い,3,0,0,,,,,,,,,,,,,,,,,,,,,,,,350,172783,38,"Imagawayaki, with custard cream"
15,15006,＜和生菓子・和半生菓子類＞　ういろう　白,(54.5),(1.0),(0.2),(0.1),(0.1),181,(2),(18),(1),(17),(4),(0.2),(0.2),(0.04),(0.13),0,(1),0,0,-,(0.02),(Tr),(0.2),(0.02),0,(2),(0.11),"{""baseName"":""ういろう"",""variety"":""白"",""notes"":[""和生菓子・和半生菓子類""]}",ういろうはでんぷん・糖分を含む加工和菓子で、使用は限定的にすべきであるため,5,1,1,(42),(86),(36),(26),(25),(51),(55),(44),(99),(36),(14),(63),(27),(85),(0.14),(0.05),(Tr),(0.05),(52),(2),(0),(0),(0),350,169712,,"Uirou, white"
15,15147,＜和生菓子・和半生菓子類＞　ういろう　黒,(54.5),(1.5),(0.2),(0.1),(1.1),174,3,44,1,41,10,0.4,0.4,0.08,0.31,(Tr),2,0,0,0.1,0.04,0.01,0.5,0.05,0,5,0.28,"{""baseName"":""ういろう"",""variety"":""黒"",""notes"":[""和生菓子・和半生菓子類""]}",ういろうは高糖質の和菓子であり、加工菓子として素材利用は限定的（少量なら可）,5,0,0,,,,,,,,,,,,,,,,,,,,,,,,350,168932,,"Uirou, brown sugar"
15,15007,＜和生菓子・和半生菓子類＞　うぐいすもち　こしあん入り,(40.0),(3.5),(0.4),(1.8),(0.3),236,(19),(30),(35),(21),(9),(0.9),(0.5),(0.09),(0.28),(1),(1),0,0,0,(0.01),(0.01),(0.1),(Tr),0,(3),(0.02),"{""baseName"":""うぐいすもち"",""variety"":""こしあん入り"",""notes"":[""和生菓子・和半生菓子類""]}",餅や甘いあんが含まれ、粘着性や糖分の点で喉詰まりや過剰摂取の懸念がある。,3,1,1,(160),(300),(220),(64),(51),(120),(210),(120),(340),(140),(41),(200),(110),(260),(0.25),(0.12),(0.02),(0.10),(100),(18),(0),(0),(0),350,173730,,"Uguisu mochi, with smooth red bean paste"
15,15148,＜和生菓子・和半生菓子類＞　うぐいすもち　つぶしあん入り,(40.0),(2.7),(0.4),(1.2),(0.2),237,8,35,46,59,9,0.7,0.5,0.11,0.25,1,1,0,0,(Tr),0.01,0.01,0.1,0.01,0,6,0.06,"{""baseName"":""うぐいすもち"",""variety"":""つぶしあん入り"",""notes"":[""和生菓子・和半生菓子類""]}",うぐいすもち（もち＋あん）は粘着性が高く窒息や消化負担のリスクがあるため、素材としては適性が低め。,4,0,0,,,,,,,,,,,,,,,,,,,,,,,,350,173730,,"Uguisu mochi, with mashed red bean paste"
15,15008,＜和生菓子・和半生菓子類＞　かしわもち　こしあん入り,(48.5),(4.0),(0.4),(1.7),(0.4),203,(18),(47),(55),(40),(13),(0.9),(0.5),(0.11),-,(Tr),(1),0,0,-,(0.03),(0.02),(0.4),(0.04),0,(4),(0.21),"{""baseName"":""かしわもち"",""variety"":""こしあん入り"",""notes"":[""和生菓子・和半生菓子類""]}",小豆こしあんと餅から成り、有害成分は含まず素材として使用可能（葉は除去済み）。,6,1,1,(180),(340),(230),(80),(66),(150),(240),(140),(380),(150),(48),(230),(120),(300),(0.29),(0.12),(0.01),(0.11),(110),(14),(0),(0),(0),350,173730,,"Kashiwa mochi, with smooth red bean paste"
15,15149,＜和生菓子・和半生菓子類＞　かしわもち　つぶしあん入り,(48.5),(3.9),(0.5),(1.7),(0.4),204,(7),(58),(67),(78),(15),(0.7),(0.6),(0.13),-,(Tr),(2),0,0,-,(0.04),(0.02),(0.5),(0.06),0,(7),(0.31),"{""baseName"":""かしわもち"",""variety"":""つぶしあん入り"",""notes"":[""和生菓子・和半生菓子類""]}",かしわもちは餅の粘着性と糖分があり、喉詰まりや消化負担の懸念がある,3,0,0,,,,,,,,,,,,,,,,,,,,,,,,350,173730,,"Kashiwa mochi, with mashed red bean paste"
15,15009,＜和生菓子・和半生菓子類＞　カステラ,(25.6),(7.1),(5.0),(0.5),(0.5),313,(27),(85),(71),(86),(7),(0.7),(0.6),(0.03),(0.10),(8),(15),(90),(2.3),(2.3),(0.05),(0.18),(0.2),(0.05),(0.4),(22),(0.54),"{""baseName"":""カステラ"",""notes"":[""和生菓子・和半生菓子類""]}",甘味のある焼き菓子で少量なら問題ないが加工度が高く主原料向けではない,5,1,1,(350),(610),(460),(210),(180),(390),(380),(310),(700),(330),(100),(440),(190),(430),4.16,0.91,0.08,0.83,730,27,0,45,66,350,167574,,Castella
15,15010,＜和生菓子・和半生菓子類＞　かのこ,(34.0),(4.8),(0.4),(3.8),(0.3),260,23,37,22,93,15,0.9,0.4,0.11,0.25,0,(Tr),0,0,0,0.03,0.02,0.1,0.02,0,5,0.1,"{""baseName"":""かのこ"",""notes"":[""和生菓子・和半生菓子類""]}",かのこは砂糖や加工度が高い和菓子で、素材としては用途が限定される,5,1,1,(210),(410),(370),(73),(53),(130),(300),(140),(440),(180),(53),(260),(160),(320),(0.17),(0.10),(0.03),(0.07),(72),(32),(Tr),(0),(0),350,172452,,Kanoko
15,15011,＜和生菓子・和半生菓子類＞　かるかん,(42.5),(2.1),(0.3),(0.4),(0.3),226,(3),(32),(2),(120),(8),(0.3),(0.3),(0.08),(0.17),(Tr),(1),0,0,(0.1),(0.05),(0.01),(0.3),(0.04),0,(5),(0.29),"{""baseName"":""かるかん"",""notes"":[""和生菓子・和半生菓子類""]}",和菓子で砂糖やでん粉が多く加工度が高いので素材としては限定的に使用すべき,5,1,1,(80),(150),(76),(44),(39),(83),(110),(79),(180),(72),(29),(110),(50),(220),(0.22),(0.09),(Tr),(0.09),(85),(4),(0),(0),(0),350,167791,,Karakaan
15,15012,＜和生菓子・和半生菓子類＞　きび団子,(24.4),(1.6),(0.2),(0.1),(0.1),298,(2),(11),(1),(2),(1),(0.3),(0.3),(0.05),(0.14),(1),(1),0,0,0,(0.01),(Tr),(0.1),(Tr),0,(3),0,"{""baseName"":""きび団子"",""notes"":[""和生菓子・和半生菓子類""]}",きび由来の団子は穀物系で基礎的に問題ないが加糖・加工度が高く限定的に使用,5,1,1,(67),(130),(55),(40),(38),(78),(87),(72),(160),(60),(21),(98),(41),(130),(0.20),(0.08),(Tr),(0.08),(77),(2),(0),(0),(0),350,167995,0.1,Kibi dango
15,15013,＜和生菓子・和半生菓子類＞　ぎゅうひ,(36.0),(1.3),(0.2),(0.1),(Tr),253,(1),(10),(1),(1),(1),(0.2),(0.3),(0.04),(0.12),(1),(1),0,0,0,(0.01),(Tr),(0.1),(Tr),0,(3),0,"{""baseName"":""ぎゅうひ"",""notes"":[""和生菓子・和半生菓子類""]}",ぎゅうひは砂糖や粘着性が高い菓子で与えにくさや嗜好・粘着によるリスクがあるため注意が必要である,4,1,1,(57),(110),(46),(34),(32),(66),(73),(61),(130),(51),(18),(83),(35),(110),(0.17),(0.07),(Tr),(0.07),(65),(2),(0),(0),(0),350,168771,0,Gyūhi
15,15014,＜和生菓子・和半生菓子類＞　きりざんしょ,(38.0),(2.1),(0.3),(0.2),(0.3),245,(2),(32),(66),(31),(8),(0.3),(0.3),(0.07),(0.25),(Tr),(1),0,0,(0.1),(0.03),(0.01),(0.4),(0.04),0,(4),(0.22),"{""baseName"":""きりざんしょ"",""notes"":[""和生菓子・和半生菓子類""]}",きりざんしょ等の和生菓子は砂糖や加工が多く、素材としては加工度が高い,5,1,1,(87),(170),(72),(53),(50),(100),(110),(91),(200),(78),(28),(130),(54),(170),(0.27),(0.10),(Tr),(0.10),(100),(4),(0),(0),(0),350,173730,,Kirizan-sho
15,15015,＜和生菓子・和半生菓子類＞　きんぎょく糖,(28.0),(Tr),0,(0.8),(Tr),282,(7),(Tr),(2),(2),(1),(0.1),(Tr),(0.01),(0.03),0,0,0,0,0,0,0,0,0,0,0,(Tr),"{""baseName"":""きんぎょく糖"",""notes"":[""和生菓子・和半生菓子類""]}",砂糖を主成分とする和菓子で高糖分、菓子類としての使用は制限が望ましい,5,0,0,,,,,,,,,,,,,,,,,,,,,,,,350,167989,0,Kingyoku-to (agar jelly candy)
15,15016,＜和生菓子・和半生菓子類＞　きんつば,(34.0),(6.0),(0.7),(5.5),(0.7),260,(20),(73),(120),(160),(22),(1.4),(0.7),(0.19),(0.41),0,(1),0,0,(0.1),(0.03),(0.03),(0.2),(0.03),0,(8),(0.22),"{""baseName"":""きんつば"",""notes"":[""和生菓子・和半生菓子類""]}",きんつばは砂糖を多く含む和菓子で加工度が高く素材には適さない。,5,1,1,(260),(500),(400),(99),(80),(180),(360),(180),(530),(230),(65),(320),(200),(370),(0.38),(0.23),(0.05),(0.19),(190),(48),(0),(0),(0),350,173730,,Kintsuba
15,15017,＜和生菓子・和半生菓子類＞　草もち　こしあん入り,(43.0),(4.2),(0.4),(1.9),(0.3),224,(22),(50),(17),(46),(14),(1.0),(0.6),(0.12),(0.40),(Tr),(1),0,0,(0.1),(0.03),(0.02),(0.4),(0.04),0,(5),(0.21),"{""baseName"":""草もち"",""variety"":""こしあん入り"",""notes"":[""和生菓子・和半生菓子類""]}",餅の粘着性や菓子類の糖分が問題となりやすく素材としては不向き,3,1,1,(180),(350),(240),(82),(67),(150),(240),(150),(390),(160),(51),(240),(120),(300),(0.29),(0.12),(0.01),(0.11),(110),(14),(0),(0),(0),350,173730,,Kusa mochi with smooth red bean paste
15,15150,＜和生菓子・和半生菓子類＞　草もち　つぶしあん入り,(43.0),(4.8),(0.7),(2.7),(0.3),227,13,60,30,90,16,0.9,0.6,0.14,0.42,(Tr),2,0,0,0.2,0.04,0.02,0.5,0.05,0,9,0.3,"{""baseName"":""草もち"",""variety"":""つぶしあん入り"",""notes"":[""和生菓子・和半生菓子類""]}",小豆のあんともち米が主成分で、犬に有害な成分は含まれないため素材として使用可能（甘味はある）。,6,0,0,,,,,,,,,,,,,,,,,,,,,,,,350,173730,,Kusa mochi with mashed red bean paste
15,15018,＜和生菓子・和半生菓子類＞　くし団子　あん　こしあん入り,(50.0),(3.8),(0.4),(1.2),(0.3),198,(13),(50),(22),(43),(13),(0.7),(0.5),(0.11),(0.40),(Tr),(2),0,0,(0.1),(0.04),(0.02),(0.5),(0.05),0,(5),(0.27),"{""baseName"":""くし団子"",""variety"":""あん こしあん入り"",""notes"":[""和生菓子・和半生菓子類""]}",団子（米）とあん（小豆）は基本的に与えられるが、菓子類で糖分・加工度が高いため使用量に注意,6,1,1,(170),(320),(190),(84),(73),(160),(220),(150),(370),(150),(48),(230),(110),(300),(0.35),(0.14),(0.01),(0.13),(130),(11),(0),(0),(0),350,173730,,Kushi dango with smooth red bean paste
15,15151,＜和生菓子・和半生菓子類＞　くし団子　あん　つぶしあん入り,(50.0),(3.8),(0.5),(1.3),(0.3),199,(6),(57),(24),(68),(15),(0.6),(0.6),(0.12),(0.41),(1),(2),0,0,(0.1),(0.04),(0.01),(0.6),(0.06),0,(7),(0.34),"{""baseName"":""くし団子"",""variety"":""あん つぶしあん入り"",""notes"":[""和生菓子・和半生菓子類""]}",串団子（あん入り）は加工された甘味菓子で糖分が高く、素材としては注意が必要です。,5,0,0,,,,,,,,,,,,,,,,,,,,,,,,350,173730,,Kushi dango with mashed red bean paste
15,15019,＜和生菓子・和半生菓子類＞　くし団子　みたらし,(50.5),(3.2),(0.4),(0.3),(0.9),194,(4),(52),(250),(59),(13),(0.4),(0.5),(0.09),(0.39),(1),(2),0,0,(0.1),(0.04),(0.02),(0.7),(0.06),0,(7),(0.33),"{""baseName"":""くし団子"",""variety"":""みたらし"",""notes"":[""和生菓子・和半生菓子類""]}",米粉の団子と甘辛いたれの組合せで糖分・塩分が多め。少量での使用が望ましい。,5,1,1,(140),(260),(120),(76),(72),(150),(170),(130),(300),(120),(40),(200),(82),(250),(0.37),(0.14),(0.01),(0.14),(140),(5),(0),(0),(0),350,174543,,Kushi dango with mitarashi sauce
15,15121,＜和生菓子・和半生菓子類＞　くずもち　関西風　くずでん粉製品,(77.4),(0.1),(0.1),0,(Tr),93,(5),(3),(1),(1),(1),(0.5),0,(0.01),(0.01),-,-,0,0,-,0,0,0,0,0,0,0,"{""baseName"":""くずもち"",""variety"":""関西風 くずでん粉製品"",""notes"":[""和生菓子・和半生菓子類""]}",くずもちはでん粉由来の和菓子で毒性はないが加工品で栄養価は限定される,6,0,0,,,,,,,,,,,,,,,,,,,,,,,,350,167632,,Kuzumochi Kansai style (kudzu starch)
15,15122,＜和生菓子・和半生菓子類＞　くずもち　関東風　小麦でん粉製品,(77.4),(0.1),(0.1),0,(0.1),94,(4),(9),(1),(2),(1),(0.2),(Tr),(0.01),(0.02),-,-,0,0,-,0,0,0,0,0,0,0,"{""baseName"":""くずもち"",""variety"":""関東風 小麦でん粉製品"",""notes"":[""和生菓子・和半生菓子類""]}",でん粉系の和菓子で加工度が高く主素材としては限定的に使用可能。,5,0,0,,,,,,,,,,,,,,,,,,,,,,,,350,169698,0.4,Kuzumochi Kanto style (wheat starch)
15,15020,＜和生菓子・和半生菓子類＞　げっぺい,(20.9),(4.7),(8.5),(2.1),(0.4),348,(41),(64),(2),(64),(24),(1.1),(0.7),(0.18),(0.53),(Tr),(1),0,0,(0.6),(0.05),(0.03),(0.5),(0.06),0,(8),(0.23),"{""baseName"":""げっぺい"",""notes"":[""和生菓子・和半生菓子類""]}",げっぺいのあんにくるみが含まれているため、くるみの有害性により与えてはいけない,2,1,1,(200),(370),(210),(85),(97),(180),(270),(150),(420),(170),(59),(240),(130),(310),(7.90),(2.64),(0.33),(2.30),(2300),(330),(0),(0),(0),350,174939,8.9,Mooncake
15,15123,＜和生菓子・和半生菓子類＞　五平もち,(54.7),(3.0),(0.5),(1.3),(0.8),178,(10),(41),(240),(58),(9),(0.4),(0.6),(0.10),(0.29),0,(1),0,0,(Tr),(0.02),(0.02),(0.3),(0.02),0,(5),(0.21),"{""baseName"":""五平もち"",""notes"":[""和生菓子・和半生菓子類""]}",五平もち（みそだれ付き）は加工済みの複合食品で塩分や調味が濃いため素材としては不向き,3,1,1,(120),(240),(120),(64),(57),(120),(160),(120),(270),(110),(40),(160),(79),(230),(0.50),(0.27),(0.03),(0.23),(230),(32),(0),(0),(0),350,173730,,Gohei mochi
15,15022,＜和生菓子・和半生菓子類＞　桜もち　関西風　こしあん入り,(50.0),(3.5),(0.3),(1.7),(0.2),196,(18),(27),(33),(22),(8),(0.7),(0.5),(0.09),(0.32),0,0,0,0,0,(0.01),(0.01),(0.1),(0.01),0,(1),(0.05),"{""baseName"":""桜もち"",""variety"":""関西風 こしあん入り"",""notes"":[""和生菓子・和半生菓子類""]}",餅菓子で糖分や加工成分が多く、常用の素材としては適さない。,5,1,1,(150),(300),(210),(65),(52),(120),(210),(120),(330),(130),(41),(200),(110),(250),(0.14),(0.06),(0.01),(0.05),(49),(11),(0),(0),(0),350,173730,,Sakura mochi Kansai style with smooth red bean paste
15,15153,＜和生菓子・和半生菓子類＞　桜もち　関西風　つぶしあん入り,(50.0),(3.0),(0.3),(1.3),(0.2),197,(5),(25),(26),(43),(7),(0.4),(0.6),(0.10),(0.33),0,0,0,0,(Tr),(0.01),(0.01),(0.1),(0.02),0,(3),(0.10),"{""baseName"":""桜もち"",""variety"":""関西風 つぶしあん入り"",""notes"":[""和生菓子・和半生菓子類""]}",桜もち（和菓子）は砂糖やもちの粘着性があり、加工菓子として原則注意が必要。,5,0,0,,,,,,,,,,,,,,,,,,,,,,,,350,173730,,Sakura mochi Kansai style with mashed red bean paste
15,15021,＜和生菓子・和半生菓子類＞　桜もち　関東風　こしあん入り,(40.5),(4.5),(0.4),(2.6),(0.3),235,(26),(37),(45),(37),(11),(1.0),(0.4),(0.09),(0.31),0,(1),0,0,(Tr),(0.02),(0.02),(0.1),(Tr),0,(2),(0.10),"{""baseName"":""桜もち"",""variety"":""関東風 こしあん入り"",""notes"":[""和生菓子・和半生菓子類""]}",桜もち等の和生菓子は砂糖・小麦などの加工成分が多く、素材としては不向き。,3,1,1,(200),(370),(270),(74),(71),(140),(270),(140),(410),(160),(51),(230),(140),(270),(0.28),(0.17),(0.02),(0.15),(150),(21),(0),(0),(0),350,173730,,Sakura mochi Kanto style with smooth red bean paste
15,15152,＜和生菓子・和半生菓子類＞　桜もち　関東風　つぶしあん入り,(40.5),(4.2),(0.6),(2.5),(0.3),237,(12),(41),(44),(82),(11),(0.7),(0.3),(0.09),(0.26),0,(1),0,0,(0.1),(0.04),(0.02),(0.2),(0.02),0,(5),(0.20),"{""baseName"":""桜もち"",""variety"":""関東風 つぶしあん入り"",""notes"":[""和生菓子・和半生菓子類""]}",和菓子で糖分・塩分が高く加工食品のため犬用素材としては注意が必要,3,0,0,,,,,,,,,,,,,,,,,,,,,,,,350,173730,,Sakura mochi Kanto style with mashed red bean paste
15,15124,＜和生菓子・和半生菓子類＞　笹だんご　こしあん入り,(40.5),(4.0),(0.5),(1.9),(0.4),227,(15),(50),(18),(88),(15),(0.5),(0.7),(0.14),(0.51),0,(1),0,-,(0.3),(0.06),(0.02),(0.5),(0.05),0,(10),(0.25),"{""baseName"":""笹だんご"",""variety"":""こしあん入り"",""notes"":[""和生菓子・和半生菓子類""]}",小豆のこしあんを用いる和菓子で犬に有害な成分は含まれないが、加工・糖分が多いため素材としては中程度,6,0,1,,,,,,,,,,,,,,,(0.39),(0.17),(0.01),(0.16),(160),(15),(0),(0),(0),350,173730,,Sasa dango with smooth red bean paste
15,15154,＜和生菓子・和半生菓子類＞　笹だんご　つぶしあん入り,(40.5),(4.7),(0.6),(2.3),(0.4),228,(17),(61),(32),(91),(17),(0.7),(0.8),(0.16),(0.57),0,(1),0,-,(0.3),(0.05),(0.02),(0.5),(0.04),0,(10),(0.26),"{""baseName"":""笹だんご"",""variety"":""つぶしあん入り"",""notes"":[""和生菓子・和半生菓子類""]}",笹だんごは加工された和菓子で糖分や添加物が多く、素材としては不向き（加工食品扱い）,4,0,0,,,,,,,,,,,,,,,,,,,,,,,,350,173730,,Sasa dango with mashed red bean paste
15,15143,＜和生菓子・和半生菓子類＞　ずんだあん,(52.7),(6.3),(3.4),(2.5),(1.0),190,(42),(94),(87),(270),(40),(1.4),(0.7),(0.20),(0.41),0,0,0,0,(0.3),(0.13),(0.07),(0.6),(0.04),0,(140),(0.25),"{""baseName"":""ずんだあん"",""notes"":[""和生菓子・和半生菓子類""]}",ずんだあんは大豆由来の栄養はあるが砂糖などの加工が多い和菓子素材で注意が必要。,6,0,0,,,,,,,,,,,,,,,,,,,,,,,,350,173731,,Zunda paste
15,15144,＜和生菓子・和半生菓子類＞　ずんだもち,(47.8),(4.9),(1.7),(1.3),(0.5),212,(19),(51),(35),(130),(19),(0.6),(0.8),(0.16),(0.51),0,(1),0,0,(0.2),(0.07),(0.03),(0.3),(0.03),0,(60),(0.31),"{""baseName"":""ずんだもち"",""notes"":[""和生菓子・和半生菓子類""]}",ずんだ（枝豆）と餅を組み合わせた和菓子で、枝豆は利用可能だが餅は粘着性があり加工食品として扱いに注意。,5,0,0,,,,,,,,,,,,,,,,,,,,,,,,350,173730,,Zunda mochi
15,15023,＜和生菓子・和半生菓子類＞　大福もち　こしあん入り,(41.5),(4.6),(0.5),(1.8),(0.3),223,(18),(32),(33),(33),(10),(0.7),(0.8),(0.13),(0.51),0,(1),0,0,(Tr),(0.02),(0.01),(0.1),(0.02),0,(3),(0.22),"{""baseName"":""大福もち"",""variety"":""こしあん入り"",""notes"":[""和生菓子・和半生菓子類""]}",大福餅は粘性や糖分の高い加工菓子で素材としては向きにくい,5,1,1,(200),(400),(250),(100),(79),(180),(270),(190),(470),(180),(59),(270),(140),(360),(0.32),(0.14),(0.01),(0.12),(120),(13),(0),(0),(0),350,173730,,Daifuku mochi with smooth red bean paste
15,15155,＜和生菓子・和半生菓子類＞　大福もち　つぶしあん入り,(41.5),(4.7),(0.6),(2.7),(0.4),223,(10),(44),(56),(86),(13),(0.7),(0.8),(0.16),(0.51),0,(1),0,0,(0.1),(0.03),(0.02),(0.2),(0.03),0,(6),(0.28),"{""baseName"":""大福もち"",""variety"":""つぶしあん入り"",""notes"":[""和生菓子・和半生菓子類""]}",大福もち（つぶしあん入り）は粘性のある加工和菓子で糖分が高く加工素材として注意が必要である,4,0,0,,,,,,,,,,,,,,,,,,,,,,,,350,173730,,Daifuku mochi with mashed red bean paste
15,15024,＜和生菓子・和半生菓子類＞　タルト　（和菓子）,(30.0),(5.9),(3.0),(1.5),(0.4),288,27,66,38,64,9,0.9,0.5,0.07,0.19,9,7,54,1,0.4,0.04,0.11,0.1,0.03,0.3,14,0.39,"{""baseName"":""タルト"",""notes"":[""和生菓子・和半生菓子類"",""和菓子""]}",タルト（和菓子）は複合的な加工食品で糖分・添加物が多い可能性がある,5,1,1,(290),(510),(400),(150),(120),(270),(340),(230),(570),(260),(80),(350),(170),(370),(2.52),(0.50),(0.04),(0.46),(390),(21),(Tr),(19),(44),350,172783,38,Japanese tart
15,15025,＜和生菓子・和半生菓子類＞　ちまき,(62.0),(1.3),(0.2),(0.1),(0.1),150,(1),(18),(1),(17),(4),(0.2),(0.2),(0.04),(0.15),0,(1),0,0,(Tr),(0.02),(Tr),(0.2),(0.02),0,(3),(0.12),"{""baseName"":""ちまき"",""notes"":[""和生菓子・和半生菓子類""]}",ちまきは加熱済みの炭水化物主体の加工食品で主素材には向かないが補助的には使える。,5,1,1,(54),(110),(45),(33),(31),(63),(69),(56),(120),(48),(18),(79),(33),(110),(0.16),(0.06),(Tr),(0.06),(62),(2),(0),(0),(0),350,173730,,Chimaki
15,15026,＜和生菓子・和半生菓子類＞　ちゃつう,(22.5),(6.2),(4.3),(3.8),(0.6),320,(120),(79),(5),(63),(41),(1.9),(0.9),(0.23),(0.50),0,(1),0,0,(Tr),(0.08),(0.05),(0.4),(0.05),0,(8),(0.10),"{""baseName"":""ちゃつう"",""notes"":[""和生菓子・和半生菓子類""]}",和生菓子（ちゃつう）はあん入りの加工菓子で糖分が高く加工素材として注意が必要である,5,1,1,(280),(520),(380),(130),(93),(220),(370),(200),(570),(250),(79),(340),(200),(520),(3.90),(1.82),(0.03),(1.78),(1800),(33),(0),(0),(0),350,172452,,Chatsu
15,15156,＜和生菓子・和半生菓子類＞　どら焼　こしあん入り,(31.5),(6.6),(3.1),(1.5),(0.7),282,31,65,120,61,12,1.1,0.5,0.09,0.27,6,5,39,0.7,0.3,0.04,0.09,0.1,0.02,0.2,11,0.33,"{""baseName"":""どら焼"",""variety"":""こしあん入り"",""notes"":[""和生菓子・和半生菓子類""]}",砂糖や油脂を多く含む加工菓子で複合調理品として素材向きではない,4,0,0,,,,,,,,,,,,,,,,,,,,,,,,350,173730,,Dorayaki with smooth red bean paste
15,15027,＜和生菓子・和半生菓子類＞　どら焼　つぶしあん入り,(31.5),(6.6),(3.2),(1.9),(0.8),292,22,78,140,120,15,1.1,0.6,0.12,0.27,7,6,40,0.7,0.4,0.04,0.09,0.2,0.04,0.2,15,0.41,"{""baseName"":""どら焼"",""variety"":""つぶしあん入り"",""notes"":[""和生菓子・和半生菓子類""]}",どら焼は小麦と糖分を多く含む加工菓子で、素材利用は限定的であるため,5,1,1,(310),(550),(400),(160),(150),(300),(370),(250),(620),(280),(88),(380),(190),(390),(2.69),(0.62),(0.06),(0.57),(500),(35),(Tr),(18),(44),350,173730,,Dorayaki with mashed red bean paste
15,15157,＜和生菓子・和半生菓子類＞　生八つ橋　あん入り　こしあん入り,(30.5),(3.6),(0.3),(1.6),(0.2),274,(17),(42),(2),(35),(12),(0.8),(0.5),(0.10),(0.34),(Tr),(1),0,0,(Tr),(0.03),(0.02),(0.3),(0.03),0,(3),(0.18),"{""baseName"":""生八つ橋"",""variety"":""あん入り こしあん入り"",""notes"":[""和生菓子・和半生菓子類""]}",生八つ橋は砂糖・でん粉を多く含む菓子類で、素材としては限定的に用いるのが適当,5,0,0,,,,,,,,,,,,,,,,,,,,,,,,350,173730,,Nama yatsuhashi with smooth red bean paste
15,15004,＜和生菓子・和半生菓子類＞　生八つ橋　あん入り　こしあん・つぶしあん混合,(30.5),(3.5),(0.3),(2.1),(0.2),274,18,52,17,71,15,1,0.6,0.13,0.37,(Tr),1,0,0,0.1,0.03,0.02,0.3,0.03,0,5,0.19,"{""baseName"":""生八つ橋"",""variety"":""あん入り こしあん・つぶしあん混合"",""notes"":[""和生菓子・和半生菓子類""]}",あん入りの和生菓子は糖分・加工度が高く素材利用は限定的,5,1,1,(150),(290),(220),(63),(49),(110),(210),(110),(320),(120),(40),(190),(110),(240),(0.23),(0.11),(0.02),(0.09),(92),(22),(0),(0),(0),350,173730,,Nama yatsuhashi with mixed smooth and mashed red bean paste
15,15158,＜和生菓子・和半生菓子類＞　生八つ橋　あん入り　つぶしあん入り,(30.5),(3.7),(0.5),(2.3),(0.3),275,12,60,32,110,17,1,0.6,0.15,0.37,(Tr),1,0,0,0.1,0.03,0.02,0.3,0.04,0,7,0.23,"{""baseName"":""生八つ橋"",""variety"":""あん入り つぶしあん入り"",""notes"":[""和生菓子・和半生菓子類""]}",あん入り生八つ橋は小豆部分は安全だが砂糖や加工度が高い点に留意,6,0,0,,,,,,,,,,,,,,,,,,,,,,,,350,173730,,Nama yatsuhashi with mashed red bean paste
15,15028,＜和生菓子・和半生菓子類＞　ねりきり,(34.0),(5.3),(0.3),(3.6),(0.3),259,(39),(46),(2),(33),(16),(1.5),(0.6),(0.13),(0.39),0,(Tr),0,0,0,(0.01),(0.03),(0.1),0,0,(1),(0.04),"{""baseName"":""ねりきり"",""notes"":[""和生菓子・和半生菓子類""]}",ねりきりは砂糖や加工成分が多い和菓子で、主素材としては不向き。,4,1,1,(240),(460),(400),(82),(56),(140),(330),(160),(490),(200),(57),(290),(170),(360),(0.14),(0.09),(0.02),(0.06),(61),(25),(0),(0),(0),350,173730,,Nerikiri
15,15029,＜和生菓子・和半生菓子類＞　まんじゅう　カステラまんじゅう　こしあん入り,(27.9),(6.7),(2.1),(2.4),(0.6),292,45,77,47,77,14,1.3,0.6,0.11,0.35,4,4,23,0.4,0.2,0.04,0.07,0.2,0.02,0.1,8,0.27,"{""baseName"":""まんじゅう"",""variety"":""カステラまんじゅう こしあん入り"",""notes"":[""和生菓子・和半生菓子類""]}",カステラまんじゅうは加工菓子で高糖質・加工度が高く、素材向きではない。,5,1,1,(300),(560),(420),(130),(120),(250),(390),(230),(620),(260),(81),(360),(200),(400),(1.69),(0.48),(0.05),(0.44),(400),(38),(Tr),(10),(24),350,173787,,Castella manju with smooth red bean paste
15,15159,＜和生菓子・和半生菓子類＞　まんじゅう　カステラまんじゅう　つぶしあん入り,(27.9),(6.9),(2.3),(3.2),(0.7),292,33,96,83,160,18,1.2,0.6,0.15,0.35,4,4,24,0.4,0.3,0.05,0.07,0.2,0.04,0.1,13,0.36,"{""baseName"":""まんじゅう"",""variety"":""カステラまんじゅう つぶしあん入り"",""notes"":[""和生菓子・和半生菓子類""]}",まんじゅう等の和菓子は砂糖・小麦が多い加工食品で素材向きではない。,4,0,0,,,,,,,,,,,,,,,,,,,,,,,,350,172438,21.2,Castella manju with mashed red bean paste
15,15160,＜和生菓子・和半生菓子類＞　まんじゅう　かるかんまんじゅう　こしあん入り,(42.5),(3.0),(0.3),(1.4),(0.3),226,24,39,45,65,13,1,0.5,0.1,0.3,(Tr),1,0,0,(Tr),0.02,0.02,0.2,0.02,0,2,0.13,"{""baseName"":""まんじゅう"",""variety"":""かるかんまんじゅう こしあん入り"",""notes"":[""和生菓子・和半生菓子類""]}",まんじゅう（こしあん入り）は糖質・加工成分が多い菓子類で素材としてはあまり望ましくない,5,0,0,,,,,,,,,,,,,,,,,,,,,,,,350,173730,,Karakaan manju with smooth red bean paste
15,15161,＜和生菓子・和半生菓子類＞　まんじゅう　かるかんまんじゅう　つぶしあん入り,(42.5),(3.1),(0.4),(1.9),(0.4),226,12,54,78,140,16,1,0.5,0.15,0.3,0,1,0,0,0.1,0.03,0.02,0.2,0.03,0,6,0.22,"{""baseName"":""まんじゅう"",""variety"":""かるかんまんじゅう つぶしあん入り"",""notes"":[""和生菓子・和半生菓子類""]}",まんじゅうは砂糖や小麦を多く含む菓子類で加工度が高く素材としては限定的,4,0,0,,,,,,,,,,,,,,,,,,,,,,,,350,173730,,Karakaan manju with mashed red bean paste
15,15030,＜和生菓子・和半生菓子類＞　まんじゅう　くずまんじゅう　こしあん入り,(45.0),(3.1),(0.2),(2.2),(0.3),216,(24),(30),(48),(22),(10),(0.9),(0.3),(0.08),(0.23),0,0,0,0,0,(0.01),(0.02),(Tr),0,0,(1),(0.02),"{""baseName"":""まんじゅう"",""variety"":""くずまんじゅう こしあん入り"",""notes"":[""和生菓子・和半生菓子類""]}",和生菓子は糖分・脂質が多く、犬の主原料としてはあまり適さない,4,1,1,(140),(270),(240),(48),(32),(79),(200),(93),(290),(120),(33),(170),(100),(210),(0.08),(0.05),(0.01),(0.03),(33),(15),(0),(0),(0),350,173730,,Kuzu manju with smooth red bean paste
15,15162,＜和生菓子・和半生菓子類＞　まんじゅう　くずまんじゅう　つぶしあん入り,(45.0),(1.3),(0.1),(1.3),(0.2),218,10,37,60,75,11,0.7,0.3,0.09,0.18,0,0,0,0,(Tr),0.01,0.01,(Tr),0.01,0,4,0.08,"{""baseName"":""まんじゅう"",""variety"":""くずまんじゅう つぶしあん入り"",""notes"":[""和生菓子・和半生菓子類""]}",くずまんじゅうは加糖・加工された和菓子で素材としては制限が多い,4,0,0,,,,,,,,,,,,,,,,,,,,,,,,350,173730,,Kuzu manju with mashed red bean paste
15,15031,＜和生菓子・和半生菓子類＞　まんじゅう　くりまんじゅう　こしあん入り,(24.0),(6.5),(1.4),(3.3),(0.4),296,38,62,25,62,14,1.2,0.5,0.11,0.37,3,3,17,0.3,0.2,0.03,0.05,0.2,0.01,0.1,6,0.22,"{""baseName"":""まんじゅう"",""variety"":""くりまんじゅう こしあん入り"",""notes"":[""和生菓子・和半生菓子類""]}",栗あん入りまんじゅうは砂糖等を多く含む加工菓子で、素材としては加工度が高い。,5,1,1,(290),(550),(410),(120),(110),(230),(390),(220),(600),(250),(78),(350),(190),(390),(1.06),(0.32),(0.03),(0.29),(270),(28),(0),(6),(14),350,168589,,Chestnut manju with smooth red bean paste
15,15163,＜和生菓子・和半生菓子類＞　まんじゅう　くりまんじゅう　つぶしあん入り,(24.0),(6.7),(1.6),(4.7),(0.6),295,(26),(87),(66),(160),(20),(1.3),(0.7),(0.17),(0.40),(3),(3),(18),(0.3),(0.2),(0.04),(0.06),(0.2),(0.04),(0.1),(12),(0.34),"{""baseName"":""まんじゅう"",""variety"":""くりまんじゅう つぶしあん入り"",""notes"":[""和生菓子・和半生菓子類""]}",和菓子のまんじゅうは糖脂質が多く加工度が高いため素材向きではない,5,0,0,,,,,,,,,,,,,,,,,,,,,,,,350,170166,,Chestnut manju with mashed red bean paste
15,15032,＜和生菓子・和半生菓子類＞　まんじゅう　とうまんじゅう　こしあん入り,(28.0),(6.8),(3.1),(1.7),(0.4),299,33,62,25,57,13,1.2,0.6,0.1,0.3,6,5,34,0.6,0.3,0.03,0.08,0.1,0.02,0.2,10,0.29,"{""baseName"":""まんじゅう"",""variety"":""とうまんじゅう こしあん入り"",""notes"":[""和生菓子・和半生菓子類""]}",まんじゅう（こしあん）は加工度が高く糖分を含むため頻用には向かない,4,1,1,(320),(580),(450),(150),(130),(270),(400),(250),(640),(280),(86),(390),(200),(420),(2.56),(0.59),(0.06),(0.53),(470),(37),(Tr),(18),(42),350,173787,,To manju with smooth red bean paste
15,15164,＜和生菓子・和半生菓子類＞　まんじゅう　とうまんじゅう　つぶしあん入り,(28.0),(6.9),(3.3),(2.3),(0.5),294,23,84,60,140,18,1.3,0.7,0.15,0.32,6,5,35,0.6,0.3,0.04,0.09,0.2,0.04,0.2,15,0.39,"{""baseName"":""まんじゅう"",""variety"":""とうまんじゅう つぶしあん入り"",""notes"":[""和生菓子・和半生菓子類""]}",加糖・加工された菓子で砂糖や油分が多く素材としては不向き,4,0,0,,,,,,,,,,,,,,,,,,,,,,,,350,173730,,To manju with mashed red bean paste
15,15033,＜和生菓子・和半生菓子類＞　まんじゅう　蒸しまんじゅう　こしあん入り,(35.0),(4.6),(0.5),(2.4),(0.4),254,33,46,60,48,12,1,0.4,0.1,0.33,0,1,0,0,(Tr),0.03,0.02,0.1,0.01,0,2,0.12,"{""baseName"":""まんじゅう"",""variety"":""蒸しまんじゅう こしあん入り"",""notes"":[""和生菓子・和半生菓子類""]}",蒸しまんじゅう（こしあん）は砂糖や小麦を多く含む和菓子で原材料としては加工度が高い,5,1,1,(200),(380),(280),(74),(69),(140),(280),(140),(420),(170),(52),(240),(140),(270),(0.32),(0.20),(0.03),(0.17),(170),(26),(0),(0),(0),350,173730,,Steamed manju with smooth red bean paste
15,15165,＜和生菓子・和半生菓子類＞　まんじゅう　蒸しまんじゅう　つぶしあん入り,(35.0),(4.7),(0.7),(3.4),(0.5),257,20,63,95,130,16,1,0.5,0.14,0.33,0,1,0,0,0.1,0.03,0.02,0.2,0.02,0,7,0.21,"{""baseName"":""まんじゅう"",""variety"":""蒸しまんじゅう つぶしあん入り"",""notes"":[""和生菓子・和半生菓子類""]}",蒸しまんじゅう（つぶしあん）は小豆あんと生地からなり有害成分は含まず使用可能だが加工菓子である。,7,0,0,,,,,,,,,,,,,,,,,,,,,,,,350,171181,,Steamed manju with mashed red bean paste
15,15034,＜和生菓子・和半生菓子類＞　まんじゅう　中華まんじゅう　あんまん　こしあん入り,(36.6),(6.1),(5.6),(2.6),(0.4),273,(58),(57),(11),(65),(23),(1.1),(0.6),(0.14),(0.36),0,(7),0,0,(0.1),(0.08),(0.03),(0.5),(0.04),0,(9),(0.27),"{""baseName"":""まんじゅう"",""variety"":""中華まんじゅう あんまん こしあん入り"",""notes"":[""和生菓子・和半生菓子類""]}",小豆のこしあんと小麦の皮からなる和生菓子で、有害成分は含まれず犬の素材として使用可能だが加糖・加工度が高い。,7,1,1,(250),(470),(220),(110),(140),(250),(340),(200),(540),(210),(76),(290),(160),(330),(5.05),(1.41),(0.05),(1.37),(1400),(46),(0),(0),(3),350,168042,,Chinese steamed bun (anman) with smooth red bean paste
15,15166,＜和生菓子・和半生菓子類＞　まんじゅう　中華まんじゅう　あんまん　つぶしあん入り,(36.6),(6.2),(6.0),(3.3),(0.5),279,(55),(67),(29),(110),(26),(1.1),(0.6),(0.17),(0.36),0,(6),0,0,(0.1),(0.08),(0.03),(0.5),(0.05),0,(12),(0.32),"{""baseName"":""まんじゅう"",""variety"":""中華まんじゅう あんまん つぶしあん入り"",""notes"":[""和生菓子・和半生菓子類""]}",あんまんのあん（小豆）は加熱済みで安全だが、皮やあんに糖分や加工成分があるため素材としてはやや加工度が高い。,5,0,0,,,,,,,,,,,,,,,,,,,,,,,,350,167637,,Chinese steamed bun (anman) with mashed red bean paste
15,15035,＜和生菓子・和半生菓子類＞　まんじゅう　中華まんじゅう　肉まん,(39.5),(10.0),(5.1),(3.2),(1.9),242,(28),(87),(460),(310),(20),(0.8),(1.2),(0.12),(0.45),(Tr),(12),(2),(0.1),-,(0.23),(0.10),(2.0),(0.16),(0.1),(38),(0.80),"{""baseName"":""まんじゅう"",""variety"":""中華まんじゅう 肉まん"",""notes"":[""和生菓子・和半生菓子類""]}",肉まんは複合調理済みで皮・餡・調味料を含み、脂や塩分が多い加工食品のため素材としては不向き。,3,1,1,(390),(720),(550),(210),(170),(380),(440),(340),(780),(390),(120),(460),(310),(540),(4.45),(0.88),(0.04),(0.85),(820),(34),(0),(0),(8),350,169773,52.4,Chinese steamed bun (nikuman)
15,15036,＜和生菓子・和半生菓子類＞　もなか　こしあん入り,(29.0),(4.9),(0.3),(3.1),(0.2),277,(33),(41),(2),(32),(14),(1.2),(0.6),(0.12),(0.41),0,(Tr),0,0,0,(0.01),(0.02),(0.1),(Tr),0,(1),(0.08),"{""baseName"":""もなか"",""variety"":""こしあん入り"",""notes"":[""和生菓子・和半生菓子類""]}",もなか（こしあん入り）は糖分・炭水化物が主体の加工菓子で使用は限定的であるため,5,1,1,(220),(420),(350),(82),(58),(140),(300),(160),(460),(190),(55),(270),(160),(340),(0.17),(0.09),(0.02),(0.07),(71),(21),(0),(0),(0),350,173730,,Monaka with smooth red bean paste
15,15167,＜和生菓子・和半生菓子類＞　もなか　つぶしあん入り,(29.0),(6.4),(0.7),(6.1),(0.5),278,(21),(80),(59),(170),(25),(1.6),(0.8),(0.23),(0.49),0,(1),0,0,(0.1),(0.02),(0.03),(0.1),(0.03),0,(9),(0.23),"{""baseName"":""もなか"",""variety"":""つぶしあん入り"",""notes"":[""和生菓子・和半生菓子類""]}",もなか（つぶしあん入り）は和菓子で加工・糖分が多く素材としては限定的,5,0,0,,,,,,,,,,,,,,,,,,,,,,,,350,173730,,Monaka with mashed red bean paste
15,15037,＜和生菓子・和半生菓子類＞　ゆべし,(22.0),(2.4),(3.5),(0.5),(0.8),321,(6),(41),(230),(62),(15),(0.4),(0.4),(0.11),(0.38),0,(1),0,0,(0.1),(0.03),(0.02),(0.4),(0.06),0,(8),(0.19),"{""baseName"":""ゆべし"",""notes"":[""和生菓子・和半生菓子類""]}",くるみが含まれており、くるみは犬に有害な成分を含むため使用不可,1,1,1,(110),(190),(87),(52),(51),(100),(120),(91),(210),(92),(30),(140),(62),(240),(3.45),(2.51),(0.44),(2.07),(2100),(440),(0),(0),(0),350,171831,2.3,Yubeshi
15,15038,＜和生菓子・和半生菓子類＞　ようかん　練りようかん,(26.0),(3.6),(0.2),(3.1),(0.2),289,(33),(32),(3),(24),(12),(1.1),(0.4),(0.09),(0.30),0,0,0,0,0,(0.01),(0.02),(Tr),0,0,(1),(0.03),"{""baseName"":""ようかん"",""variety"":""練りようかん"",""notes"":[""和生菓子・和半生菓子類""]}",練りようかんは砂糖を多く含む加工和菓子で、素材としては加工度が高い,5,1,1,(170),(320),(270),(56),(37),(92),(230),(110),(340),(140),(39),(200),(120),(240),(0.09),(0.06),(0.02),(0.04),(39),(17),(Tr),(0),(0),350,173730,,"Yokan, neri yokan"
15,15039,＜和生菓子・和半生菓子類＞　ようかん　水ようかん,(57.0),(2.6),(0.2),(2.2),(0.3),168,(23),(23),(57),(17),(8),(0.8),(0.3),(0.06),(0.21),0,0,0,0,0,(0.01),(0.01),(Tr),0,0,(1),(0.02),"{""baseName"":""ようかん"",""variety"":""水ようかん"",""notes"":[""和生菓子・和半生菓子類""]}",砂糖を多く含む和菓子の加工品で栄養密度が低く、素材としてはあまり適さない。,4,1,1,(120),(230),(200),(40),(27),(66),(170),(78),(240),(100),(28),(140),(86),(170),(0.07),(0.04),(0.01),(0.03),(28),(12),(Tr),(0),(0),350,173730,,"Yokan, mizu yokan"
15,15040,＜和生菓子・和半生菓子類＞　ようかん　蒸しようかん,(39.5),(4.4),(0.3),(2.8),(0.4),237,(30),(37),(83),(32),(13),(1.1),(0.4),(0.10),(0.32),0,(Tr),0,0,(Tr),(0.02),(0.02),(0.1),(Tr),0,(1),(0.06),"{""baseName"":""ようかん"",""variety"":""蒸しようかん"",""notes"":[""和生菓子・和半生菓子類""]}",蒸しようかんは砂糖を多く含む和菓子で加工度が高く原材料としては不向きな場合が多い,5,1,1,(200),(370),(300),(68),(54),(120),(270),(130),(400),(160),(48),(230),(140),(280),(0.17),(0.11),(0.02),(0.09),(87),(21),(0),(0),(0),350,173730,,"Yokan, steamed"
15,15041,＜和干菓子類＞　あめ玉,(2.5),0,0,0,0,385,(1),(Tr),(1),(2),0,(Tr),0,(0.01),(Tr),0,0,0,0,0,0,0,0,0,0,0,0,"{""baseName"":""あめ玉"",""notes"":[""和干菓子類""]}",あめ玉は高糖質・加工品であり犬用素材としては限定的な使用が望ましい,5,0,0,,,,,,,,,,,,,,,,,,,,,,,,350,168771,0,Hard candy
15,15042,＜和干菓子類＞　芋かりんとう,(5.5),(1.4),(20.6),(2.6),(1.2),465,(41),(54),(13),(550),(28),(0.7),(0.2),(0.20),(0.47),(1),(1),0,0,(4.3),(0.13),(0.05),(0.9),(0.30),0,(57),(1.03),"{""baseName"":""芋かりんとう"",""notes"":[""和干菓子類""]}",揚げ菓子で糖分・脂質が高く加工度が高いため素材利用は限定的,5,1,1,(55),(85),(68),(23),(24),(47),(83),(44),(130),(85),(18),(78),(29),(56),(18.98),(8.36),(1.39),(6.97),(7000),(1400),(0),(0),(0),350,174783,36.6,Sweet potato karinto
15,15043,＜和干菓子類＞　おこし,(5.0),(3.8),(0.7),(0.4),(0.3),376,(4),(22),(95),(25),(5),(0.2),(0.8),(0.12),(0.48),0,0,0,0,(Tr),(0.02),(0.01),(0.2),(0.02),0,(3),(0.12),"{""baseName"":""おこし"",""notes"":[""和干菓子類""]}",おこしは米菓の加工品で糖分が多く加工度が高いため素材としては限定的,5,1,1,(160),(320),(130),(95),(90),(180),(210),(170),(370),(130),(51),(230),(98),(320),(0.59),(0.23),(0.03),(0.20),(200),(26),(0),(0),(0),350,173161,33.4,Okoshi (puffed rice snack)
15,15044,＜和干菓子類＞　おのろけ豆,(3.0),(11.3),(13.6),(2.3),(1.9),438,(17),(180),(390),(270),(70),(1.1),(1.6),(0.33),(1.14),(1),(4),0,0,(2.9),(0.13),(0.05),(7.0),(0.21),0,(24),(1.09),"{""baseName"":""おのろけ豆"",""notes"":[""和干菓子類""]}",おのろけ豆はらっかせい（ピーナッツ）製品で、ナッツ類は消化不良や膵炎リスクがある,4,1,1,(450),(870),(410),(200),(200),(400),(640),(480),(1100),(400),(140),(610),(310),(1200),(13.17),(4.09),(0.03),(4.05),(4100),(34),(0),(0),(0),350,169586,13.5,Onoroke beans (candied beans)
15,15045,＜和干菓子類＞　かりんとう　黒,(3.5),(7.5),(11.6),(1.2),(1.1),420,(66),(57),(7),(300),(27),(1.6),(0.7),(0.16),(0.53),(3),(28),0,(Tr),(1.6),(0.10),(0.05),(1.0),(0.21),0,(25),(0.84),"{""baseName"":""かりんとう"",""variety"":""黒"",""notes"":[""和干菓子類""]}",かりんとうは高糖・高脂の菓子で栄養価が偏るため素材として不向き,4,1,1,(280),(530),(160),(120),(180),(300),(390),(230),(620),(230),(86),(330),(170),(270),(10.64),(4.85),(0.74),(4.11),(4100),(740),(0),(0),(0),350,172724,8.4,"Karinto, brown sugar"
15,15046,＜和干菓子類＞　かりんとう　白,(2.5),(9.7),(11.2),(1.7),(0.4),423,(17),(68),(1),(71),(27),(0.8),(0.8),(0.15),(0.44),0,(37),0,(Tr),(1.6),(0.12),(0.05),(1.1),(0.07),0,(31),(0.72),"{""baseName"":""かりんとう"",""variety"":""白"",""notes"":[""和干菓子類""]}",かりんとうは油と砂糖で加工されたお菓子で、素材としては利用に制約がある。,5,1,1,(360),(700),(210),(160),(240),(400),(520),(300),(830),(280),(110),(420),(230),(360),(10.22),(4.72),(0.69),(4.02),(4000),(690),(0),(0),(0),350,170656,26,"Karinto, white sugar"
15,15047,＜和干菓子類＞　ごかぼう,(10.0),(10.6),(6.4),(4.5),(1.3),367,(48),(170),(1),(500),(64),(2.0),(1.4),(0.33),(0.89),-,-,0,0,(0.4),(0.03),(0.06),(0.6),(0.13),0,(55),(0.30),"{""baseName"":""ごかぼう"",""notes"":[""和干菓子類""]}",和干菓子の乾燥菓子で主に糖分が主体。毒性はないが栄養価は低い。,5,1,1,(530),(900),(550),(180),(180),(360),(600),(420),(1000),(480),(150),(590),(320),(840),(5.78),(3.41),(0.49),(2.93),(2900),(490),(0),(0),(0),350,169241,,Gokabo (sweet rice stick)
15,15048,＜和干菓子類＞　小麦粉せんべい　磯部せんべい,(4.2),(4.3),(0.8),(1.3),(1.5),377,(11),(31),(500),(59),(6),(0.3),(0.1),(0.05),(0.22),0,(2),0,0,(0.1),(0.06),(0.02),(0.3),(0.02),0,(4),(0.27),"{""baseName"":""小麦粉せんべい"",""variety"":""磯部せんべい"",""notes"":[""和干菓子類""]}",磯部せんべいは加工された菓子で塩分や添加成分があるため原料利用は限定される,5,1,1,(160),(310),(96),(77),(120),(200),(230),(140),(360),(130),(54),(190),(100),(160),(0.63),(0.39),(0.02),(0.37),(370),(20),(0),(0),(0),350,170496,13.9,"Senbei, isobe (seaweed)"
15,15049,＜和干菓子類＞　小麦粉せんべい　かわらせんべい,(4.3),(7.0),(3.2),(1.2),(0.6),390,(10),(70),(57),(54),(6),(0.6),(0.4),(0.05),(0.21),(8),(8),(51),(0.3),(0.4),(0.07),(0.11),(0.3),(0.04),(0.3),(16),(0.54),"{""baseName"":""小麦粉せんべい"",""variety"":""かわらせんべい"",""notes"":[""和干菓子類""]}",小麦粉せんべいは加工度の高いスナック類で塩分や添加物に留意が必要,5,1,1,(310),(560),(320),(170),(190),(360),(380),(270),(650),(280),(97),(380),(180),(360),(2.74),(0.71),(0.04),(0.67),(600),(26),(Tr),(17),(41),350,171856,9.7,"Senbei, kawara (tile-shaped)"
15,15050,＜和干菓子類＞　小麦粉せんべい　巻きせんべい,(3.5),(4.3),(1.4),(1.0),(0.4),386,(22),(53),(39),(71),(5),(0.3),(0.2),(0.04),(0.17),(3),(4),(17),(0.3),(0.2),(0.05),(0.04),(0.2),(0.02),(0.1),(7),(0.31),"{""baseName"":""小麦粉せんべい"",""variety"":""巻きせんべい"",""notes"":[""和干菓子類""]}",和菓子の煎餅は調味・加工が多く添加物や塩分に注意が必要,5,1,1,(180),(330),(150),(93),(120),(210),(230),(150),(390),(160),(57),(220),(110),(200),(1.21),(0.42),(0.02),(0.39),(370),(18),(0),(6),(14),350,168909,,"Senbei, maki (rolled)"
15,15051,＜和干菓子類＞　小麦粉せんべい　南部せんべい　ごま入り,(3.3),(11.2),(11.1),(4.2),(2.4),423,(240),(150),(430),(170),(78),(2.2),(1.3),(0.38),(0.80),(Tr),(6),0,0,(0.3),(0.27),(0.08),(1.5),(0.14),0,(25),(0.59),"{""baseName"":""小麦粉せんべい"",""variety"":""南部せんべい ごま入り"",""notes"":[""和干菓子類""]}",小麦粉せんべいは加工菓子で塩分・油分が含まれるため素材としては限定的に利用。,5,1,1,(440),(840),(290),(260),(300),(570),(590),(390),(980),(400),(160),(550),(300),(820),(10.34),(4.92),(0.06),(4.86),(4900),(63),(0),(0),(0),350,168856,17,"Nanbu senbei, sesame"
15,15052,＜和干菓子類＞　小麦粉せんべい　南部せんべい　落花生入り,(3.3),(11.7),(9.5),(3.5),(1.6),421,(26),(120),(340),(230),(40),(0.7),(0.7),(0.18),(0.65),(1),(7),0,0,(2.2),(0.17),(0.05),(3.9),(0.11),0,(21),(0.91),"{""baseName"":""小麦粉せんべい"",""variety"":""南部せんべい 落花生入り"",""notes"":[""和干菓子類""]}",落花生入りのせんべいは加工菓子で脂質・塩分が高く、ピーナッツは消化負担や膵炎リスクに注意が必要。,4,1,1,(450),(860),(340),(180),(270),(460),(650),(430),(1100),(380),(140),(540),(300),(850),(8.83),(3.03),(0.05),(2.98),(3000),(50),(0),(0),(0),350,173160,17.6,"Nanbu senbei, peanut"
15,15053,＜和干菓子類＞　しおがま,(10.0),(2.6),(0.2),(0.6),(1.6),348,(14),(17),(580),(42),(7),(0.2),(0.6),(0.09),(0.40),0,0,0,-,(0.2),(0.02),(0.02),(0.2),(0.02),0,(7),(1.33),"{""baseName"":""しおがま"",""notes"":[""和干菓子類""]}",和干菓子類の菓子は糖分・油分が高く素材としては不向き,4,1,1,(110),(220),(93),(65),(60),(120),(140),(110),(260),(94),(35),(160),(67),(210),(0.17),(0.05),(Tr),(0.05),(51),(1),(0),(0),(0),350,173730,,Shiogama (pressed sugar sweet)
15,15056,＜和干菓子類＞　ひなあられ　関西風,(2.6),(8.0),(1.4),(1.3),(2.1),385,8,56,680,100,17,0.3,1.6,0.22,1.09,0,4,0,0,0.1,0.06,0.03,0.5,0.06,(Tr),11,0.64,"{""baseName"":""ひなあられ"",""variety"":""関西風"",""notes"":[""和干菓子類""]}",米菓のため主成分はでんぷんだが、砂糖や塩などの加工が多く頻用は不向き。,5,1,1,(340),(670),(300),(210),(180),(390),(440),(380),(820),(300),(110),(480),(210),(660),(1.28),(0.49),(0.02),(0.47),(470),(18),(0),(0),(0),350,168908,,"Hina arare, Kansai style"
15,15055,＜和干菓子類＞　ひなあられ　関東風,(4.7),(9.6),(2.8),(2.5),(2.2),380,18,94,590,220,31,0.8,1.7,0.28,1.16,0,4,0,0,0.2,0.06,0.04,0.6,0.08,0,26,0.61,"{""baseName"":""ひなあられ"",""variety"":""関東風"",""notes"":[""和干菓子類""]}",ひなあられは加工スナックで塩分・糖分・食感の点から素材としては制限がある,5,0,1,,,,,,,,,,,,,,,(2.48),(1.26),(0.13),(1.13),(1100),(130),(0),(0),(0),350,168908,,"Hina arare, Kanto style"
15,15057,＜和干菓子類＞　米菓　揚げせんべい,(4.0),(5.6),(17.4),(0.5),(1.6),458,(5),(87),(490),(82),(21),(0.7),(0.9),(0.17),(0.68),(1),(4),0,0,(2.3),(0.08),(0.02),(1.2),(0.11),0,(11),(0.61),"{""baseName"":""米菓"",""variety"":""揚げせんべい"",""notes"":[""和干菓子類""]}",揚げせんべいは加工度が高く脂質や塩分が多めのため、素材としては控えめに使うことが望ましい。,5,1,1,(240),(470),(200),(140),(140),(280),(300),(250),(550),(210),(78),(350),(150),(470),(16.19),(7.09),(1.14),(5.95),(5900),(1100),(0),(0),(0),350,173161,33.4,"Rice cracker, fried"
15,15058,＜和干菓子類＞　米菓　甘辛せんべい,(4.5),(6.7),(0.9),(0.6),(1.6),374,(7),(110),(460),(120),(28),(0.9),(1.0),(0.19),(0.81),(1),(5),0,0,(0.2),(0.09),(0.03),(1.4),(0.13),0,(14),(0.69),"{""baseName"":""米菓"",""variety"":""甘辛せんべい"",""notes"":[""和干菓子類""]}",加工された米菓で砂糖や塩分が高めのことが多く、素材としては頻用に向かない,5,1,1,(290),(550),(250),(160),(150),(310),(350),(270),(630),(250),(85),(410),(170),(520),(0.79),(0.30),(0.01),(0.29),(290),(11),(0),(0),(0),350,167966,32.1,"Rice cracker, sweet and salty"
15,15059,＜和干菓子類＞　米菓　あられ,(4.4),(7.5),(1.0),(0.8),(2.0),378,(8),(55),(660),(99),(17),(0.3),(1.6),(0.21),(1.07),0,(4),0,0,(0.1),(0.06),(0.03),(0.5),(0.06),(Tr),(11),(0.63),"{""baseName"":""米菓"",""variety"":""あられ"",""notes"":[""和干菓子類""]}",加工された米菓で塩分や調味料・添加物を含むことが多く、主素材としては不向き。,5,1,1,(330),(630),(290),(200),(170),(370),(410),(370),(780),(300),(100),(470),(190),(630),(0.75),(0.29),(0.01),(0.29),(290),(8),(0),(0),(0),350,173161,33.4,Arare (bite-size rice cracker)
15,15060,＜和干菓子類＞　米菓　しょうゆせんべい,(5.9),(7.3),(1.0),(0.6),(1.8),368,(8),(120),(500),(130),(30),(1.0),(1.1),(0.20),(0.88),(1),(5),0,0,(0.2),(0.10),(0.04),(1.5),(0.14),0,(16),(0.75),"{""baseName"":""米菓"",""variety"":""しょうゆせんべい"",""notes"":[""和干菓子類""]}",醤油せんべいは加工スナックで塩分や調味料が多く犬の素材としては適さない点があります。,5,1,1,(310),(600),(270),(170),(170),(340),(380),(290),(680),(280),(91),(450),(190),(570),(0.85),(0.33),(0.01),(0.32),(320),(12),(0),(0),(0),350,167966,32.1,"Rice cracker, soy sauce"
15,15061,＜和干菓子類＞　ボーロ　小粒,(4.5),(2.5),(2.1),0,(0.3),391,(15),(54),(30),(44),(5),(0.6),(0.2),(0.03),(Tr),(7),(5),(42),(0.8),(0.3),(0.01),(0.07),(Tr),(0.02),(0.2),(10),(0.23),"{""baseName"":""ボーロ"",""variety"":""小粒"",""notes"":[""和干菓子類""]}",ボーロはお菓子類で糖分・加工成分が多く、主素材としては限定的な使用が望ましい,5,1,1,(130),(220),(190),(82),(61),(140),(130),(120),(250),(130),(38),(160),(67),(170),(1.78),(0.29),(0.02),(0.26),(210),(6),(Tr),(14),(34),350,173516,12.1,"Bolo, small"
15,15062,＜和干菓子類＞　ボーロ　そばボーロ,(2.0),(7.7),(3.4),(1.5),(0.8),398,(21),(110),(130),(130),(30),(0.9),(0.7),(0.12),(0.32),(8),(8),(49),(0.9),(0.4),(0.12),(0.11),(0.8),(0.07),(0.3),(21),(0.68),"{""baseName"":""ボーロ"",""variety"":""そばボーロ"",""notes"":[""和干菓子類""]}",そばボーロは加工菓子で糖分・油脂を含むことが多く、主原料としては限定的。,5,1,1,(340),(600),(380),(190),(200),(390),(400),(280),(690),(310),(110),(420),(200),(460),(2.91),(0.77),(0.05),(0.72),(660),(30),(Tr),(17),(40),350,174963,,Soba bolo (buckwheat cookie)
15,15063,＜和干菓子類＞　松風,(5.3),(4.0),(0.7),(1.2),(0.2),378,(10),(29),(27),(54),(6),(0.3),(0.1),(0.05),(0.21),0,(2),0,0,(0.1),(0.05),(0.02),(0.3),(0.01),0,(4),(0.26),"{""baseName"":""松風"",""notes"":[""和干菓子類""]}",菓子類の加工品で砂糖や調味料を含むため素材としては優先度が低い。,4,1,1,(150),(300),(92),(73),(110),(190),(220),(130),(350),(130),(51),(180),(98),(150),(0.59),(0.37),(0.02),(0.35),(350),(19),(0),(0),(0),350,173730,,Matsukaze (sweet wheat cake)
15,15064,＜和干菓子類＞　みしま豆,(1.6),(12.3),(8.6),(6.0),(1.7),402,(65),(220),(1),(680),(86),(2.7),(1.4),(0.38),(0.92),0,(2),0,0,(0.6),(0.02),(0.08),(0.7),(0.17),0,(75),(0.34),"{""baseName"":""みしま豆"",""notes"":[""和干菓子類""]}",糖衣を施した大豆菓子は加工・糖分が多く、素材としては限定的な利用が適切,5,1,1,(630),(1000),(680),(180),(190),(380),(690),(470),(1200),(580),(170),(660),(390),(950),(7.88),(4.70),(0.68),(4.02),(4000),(680),(0),(0),(0),350,169634,,Mishima beans (candied beans)
15,15065,＜和干菓子類＞　八つ橋,(1.8),(3.3),(0.5),(0.3),(0.2),390,(3),(51),(1),(49),(13),(0.4),(0.8),(0.13),(0.44),0,(1),0,0,(0.1),(0.04),(0.01),(0.7),(0.07),0,(7),(0.36),"{""baseName"":""八つ橋"",""notes"":[""和干菓子類""]}",砂糖や香辛料を含む和菓子の加工品。糖分・加工度が高く素材としては限定的。,4,1,1,(130),(270),(120),(80),(76),(160),(180),(130),(310),(130),(46),(200),(90),(270),(0.44),(0.17),(0.01),(0.16),(160),(6),(0),(0),(0),350,173161,33.4,Yatsuhashi (cinnamon rice cracker)
15,15066,＜和干菓子類＞　らくがん　らくがん,(3.0),(2.4),(0.2),(0.2),(0.1),384,(3),(17),(2),(19),(3),(0.2),(0.5),(0.08),(0.30),0,0,0,0,0,(0.01),(Tr),(0.1),(0.01),0,(2),(0.07),"{""baseName"":""らくがん"",""variety"":""らくがん"",""notes"":[""和干菓子類""]}",らくがん（みじん粉製品）は高糖質の菓子類であり、頻繁な使用には向かないが少量なら可。,5,1,1,(98),(200),(81),(60),(56),(120),(130),(100),(230),(83),(32),(140),(61),(200),(0.16),(0.05),(Tr),(0.05),(49),(1),(0),(0),(0),350,169711,2.1,Rakugan
15,15067,＜和干菓子類＞　らくがん　麦らくがん,(2.4),(4.8),(1.8),(5.4),(0.7),396,(16),(120),(2),(170),(46),(1.1),(1.4),(0.16),(0.68),0,0,0,0,(0.2),(0.03),(0.04),(2.7),(0.03),0,(9),(0.11),"{""baseName"":""らくがん"",""variety"":""麦らくがん"",""notes"":[""和干菓子類""]}",麦粉・砂糖等の和菓子で栄養価は低く加工食品のため素材としては限定的に使用するのが望ましい,5,1,1,(180),(360),(170),(87),(130),(220),(260),(170),(430),(190),(69),(260),(110),(240),(1.43),(0.76),(0.04),(0.72),(720),(45),(0),(0),(0),350,169746,,"Rakugan, wheat"
15,15068,＜和干菓子類＞　らくがん　もろこしらくがん,(2.5),(6.6),(0.3),(6.9),(0.6),374,(16),(58),(130),(51),(22),(1.8),(0.7),(0.13),(0.43),(Tr),(1),0,0,(Tr),(0.01),(0.01),(0.2),(0.01),0,(1),(0.08),"{""baseName"":""らくがん"",""variety"":""もろこしらくがん"",""notes"":[""和干菓子類""]}",もろこしらくがんは砂糖や加工成分を含む和菓子であり、素材としては用途が限られる。,5,1,1,(350),(590),(460),(100),(110),(210),(420),(220),(640),(270),(75),(390),(220),(410),(0.16),(0.09),(0.02),(0.07),(67),(22),(0),(0),(0),350,173730,,"Rakugan, corn"
15,15125,＜菓子パン類＞　揚げパン,27.7,8.7,18.7,1.8,1.4,369,42,86,450,110,19,0.6,0.7,0.09,0.29,22,13,1,0,4.3,0.18,0.13,1.2,0.05,0.1,33,0.32,"{""baseName"":""揚げパン"",""notes"":[""菓子パン類""]}",揚げパンは油分・加工度が高い揚げ物の菓子で消化負担や脂肪過多の懸念がある,4,1,1,330,610,200,120,190,310,440,270,710,270,92,390,200,300,16.99,4.61,0.85,3.76,3800,850,0,0,0,335.35,170415,10.7,Fried bread
15,15069,＜菓子パン類＞　あんパン　こしあん入り,(35.5),(6.8),(3.6),(2.5),(0.6),267,30,55,110,64,15,1,0.6,0.1,0.26,2,13,10,0.2,0.4,0.06,0.07,0.5,0.03,0.1,27,0.35,"{""baseName"":""あんパン"",""variety"":""こしあん入り"",""notes"":[""菓子パン類""]}",高糖質・加工食品で主成分が糖質のため少量利用が適切,5,1,1,(270),(500),(250),(100),(130),(230),(370),(210),(570),(220),(72),(310),(170),(290),(3.20),(0.51),(0.05),(0.46),(450),(54),(0),(0),(3),350,173730,,"Anpan, smooth red bean paste"
15,15168,＜菓子パン類＞　あんパン　つぶしあん入り,(35.5),(7.0),(3.8),(3.3),(0.7),266,23,68,130,120,18,1,0.7,0.14,0.27,2,14,10,0.2,0.4,0.06,0.07,0.6,0.04,0.1,32,0.43,"{""baseName"":""あんパン"",""variety"":""つぶしあん入り"",""notes"":[""菓子パン類""]}",あんパンは砂糖や加工度が高い菓子類で素材としては慎重に扱うべき,4,0,0,,,,,,,,,,,,,,,,,,,,,,,,350,174936,,"Anpan, chunky red bean paste"
15,15126,＜菓子パン類＞　あんパン　薄皮タイプ　こしあん入り,(37.4),(6.6),(3.5),(2.4),0.4,256,36,50,42,45,16,1.3,0.6,0.12,0.35,1,5,4,0.1,0.1,0.03,0.04,0.2,0.01,(Tr),11,0.16,"{""baseName"":""あんパン"",""variety"":""薄皮タイプ こしあん入り"",""notes"":[""菓子パン類""]}",あんパンは砂糖・油分が高く加工度が高い。嗜好性はあるが主素材には向かない。,5,1,1,(280),(520),(380),(100),(94),(200),(380),(190),(570),(240),(69),(330),(200),(370),(2.84),(0.58),(0.09),(0.48),(480),(92),(0),(0),(2),348.6,173730,,"Anpan, thin skin, smooth red bean paste"
15,15169,＜菓子パン類＞　あんパン　薄皮タイプ　つぶしあん入り,(37.4),(6.8),(3.7),(3.2),0.7,258,21,72,86,150,21,1.3,0.7,0.18,0.35,1,5,4,0.1,0.2,0.04,0.05,0.3,0.04,(Tr),17,0.28,"{""baseName"":""あんパン"",""variety"":""薄皮タイプ つぶしあん入り"",""notes"":[""菓子パン類""]}",あんパンは糖分と精製炭水化物が主体で栄養的には不向きな加工食品である。,4,0,0,,,,,,,,,,,,,,,,,,,,,,,,347.55,173730,,"Anpan, thin skin, chunky red bean paste"
15,15127,＜菓子パン類＞　カレーパン　皮及び具,(41.3),(6.6),(18.3),(1.6),(1.5),302,(24),(91),(490),(130),(17),(0.7),(0.6),(0.07),(0.28),(4),(14),(7),0,(2.1),(0.11),(0.15),(1.1),(0.05),(0.1),(17),(0.26),"{""baseName"":""カレーパン"",""variety"":""皮及び具"",""notes"":[""菓子パン類""]}",カレーパンは揚げ物で香辛料や脂質が高く、複合調理済み食品として犬の素材には注意が必要。,4,1,1,(250),(460),(190),(97),(110),(210),(310),(210),(510),(220),(69),(290),(160),(270),(16.56),(2.41),(0.22),(2.19),(2200),(220),(0),(0),(1),350,171849,2.7,"Curry bread, bread and filling"
15,15128,＜菓子パン類＞　カレーパン　皮のみ,30.8,7.2,22.4,1.3,1.2,363,23,100,390,100,16,0.7,0.6,0.08,0.28,3,18,9,0,2.7,0.11,0.18,1.1,0.04,0.1,21,0.26,"{""baseName"":""カレーパン"",""variety"":""皮のみ"",""notes"":[""菓子パン類""]}",加工された揚げ菓子の一部で脂質や調味があるため、素材としてはやや不向き。,4,1,1,280,500,150,100,140,240,360,230,590,220,76,320,170,260,20.29,3.13,0.30,2.83,2800,300,0,0,0,345.45,171849,2.7,"Curry bread, bread only"
15,15129,＜菓子パン類＞　カレーパン　具のみ,64.5,5.3,9.3,2.4,2.1,168,28,69,710,200,19,0.7,0.7,0.07,0.28,4,6,2,0,0.7,0.11,0.07,1.1,0.07,0.1,9,0.24,"{""baseName"":""カレーパン"",""variety"":""具のみ"",""notes"":[""菓子パン類""]}",カレーパンの具は複合調理済みで香辛料や玉ねぎ等が含まれる場合があり注意が必要。,3,1,1,200,350,290,86,54,140,200,150,350,200,55,240,140,290,8.27,0.79,0.04,0.75,730,38,0,0,5,155,174076,6.3,"Curry bread, filling only"
15,15070,＜菓子パン類＞　クリームパン,(35.5),(7.9),(7.4),(1.3),(0.9),286,57,110,150,120,15,0.8,0.9,0.08,0.15,14,20,66,1.1,0.8,0.1,0.14,0.7,0.07,0.4,46,0.82,"{""baseName"":""クリームパン"",""notes"":[""菓子パン類""]}",クリームパンは高糖質・乳製品・加工度が高く犬のレシピ素材として不適切,4,1,1,(290),(540),(160),(110),(170),(280),(390),(240),(640),(230),(82),(330),(180),(270),(6.50),(0.95),(0.09),(0.87),(820),(74),(Tr),(11),(30),350,172789,32.8,Cream bread
15,15130,＜菓子パン類＞　クリームパン　薄皮タイプ,(52.2),(6.0),(7.1),(0.6),(0.8),218,72,120,83,110,11,0.7,0.8,0.05,0.08,19,14,92,1.5,0.7,0.07,0.15,0.3,0.06,0.5,34,0.82,"{""baseName"":""クリームパン"",""variety"":""薄皮タイプ"",""notes"":[""菓子パン類""]}",クリームパンは砂糖や乳製品を多く含む加工食品で使用量に注意が必要,5,1,1,(260),(480),(290),(120),(110),(230),(290),(230),(520),(230),(74),(310),(150),(260),(5.99),(0.83),(0.07),(0.76),(680),(48),(1),(20),(51),350,175231,,"Cream bread, thin skin"
15,15071,＜菓子パン類＞　ジャムパン,(32.0),(5.3),(3.9),(1.6),(0.6),285,20,47,120,84,12,0.5,0.5,0.07,0.17,3,15,11,0.2,0.5,0.07,0.07,0.6,0.04,0.1,40,0.42,"{""baseName"":""ジャムパン"",""notes"":[""菓子パン類""]}",ジャムパン（パン・いちごジャム配合）。菓子パンは加工度が高く糖分や油分が多いため素材評価は控えめ。,5,1,1,(190),(360),(120),(76),(110),(190),(260),(160),(420),(160),(56),(220),(120),(180),(3.53),(0.57),(0.06),(0.50),(500),(61),(0),(0),(3),350,174906,,Jam bread
15,15072,＜菓子パン類＞　チョココロネ,(33.5),(5.8),(15.3),(1.1),(0.9),320,78,92,160,160,18,0.6,0.6,0.09,0.12,6,12,26,0.4,2.1,0.08,0.14,0.6,0.04,0.2,25,0.6,"{""baseName"":""チョココロネ"",""notes"":[""菓子パン類""]}",チョコレート（テオブロミン）を含むため犬にとって有害で使用不可。,1,1,1,(230),(430),(190),(95),(110),(200),(280),(190),(480),(190),(64),(270),(140),(200),(13.96),(1.97),(0.18),(1.79),(1800),(180),(Tr),(0),(6),350,172228,23.8,Choco cornet
15,15131,＜菓子パン類＞　チョコパン　薄皮タイプ,(35.0),(4.7),(19.4),(0.8),(0.9),340,100,100,150,190,19,0.5,0.6,0.08,0.1,6,7,30,0.4,2.7,0.07,0.16,0.4,0.03,0.2,14,0.6,"{""baseName"":""チョコパン"",""variety"":""薄皮タイプ"",""notes"":[""菓子パン類""]}",チョコレートに含まれるテオブロミンは犬に有毒で危険性が高い。,1,1,1,(200),(370),(210),(86),(74),(160),(230),(170),(400),(170),(54),(240),(120),(160),(17.67),(2.43),(0.22),(2.22),(2200),(220),(Tr),(0),(5),350,172827,,"Chocolate bread, thin skin"
15,15132,＜菓子パン類＞　メロンパン,20.9,8.0,10.5,1.7,0.8,349,26,84,210,110,16,0.6,0.6,0.09,0.28,4,15,37,0.2,1.2,0.09,0.10,1.0,0.05,0.1,29,0.38,"{""baseName"":""メロンパン"",""notes"":[""菓子パン類""]}",メロンパンは菓子パンで糖質・脂質が高めの加工食品のため多用は適さない。,5,1,1,300,550,200,130,180,310,390,250,640,250,85,350,180,290,9.69,1.31,0.13,1.18,1200,130,0,0,18,320.6,167935,29.1,Melon bread
15,15181,＜菓子パン類＞　菓子パン　あんなし,(30.7),(8.2),(6.1),(1.7),(0.9),294,26,67,190,92,16,0.6,0.7,0.09,0.18,4,24,17,0.4,0.7,0.1,0.11,0.9,0.05,0.1,49,0.61,"{""baseName"":""菓子パン"",""variety"":""あんなし"",""notes"":[""菓子パン類""]}",菓子パンは糖分・脂肪を含む加工食品で、素材としては使えるが栄養的に最適ではない,5,0,0,,,,,,,,,,,,,,,,,,,,,,,,350,172817,,"Sweet bread, no filling"
15,15073,＜ケーキ・ペストリー類＞　シュークリーム,(56.3),(6.0),(11.4),(0.3),0.9,211,91,150,78,120,9,0.8,0.8,0.04,0.06,26,10,150,2.1,0.8,0.07,0.18,0.1,0.07,0.7,28,0.96,"{""baseName"":""シュークリーム"",""notes"":[""ケーキ・ペストリー類""]}",高脂肪・高糖の菓子類で犬には不適切になりやすい。,4,1,1,(290),(510),(370),(170),(150),(320),(320),(260),(580),(270),(87),(360),(160),(350),(9.89),(0.66),(0.06),(0.60),(520),(42),(Tr),(16),(50),346.85,167534,44.2,Cream puff
15,15074,＜ケーキ・ペストリー類＞　スポンジケーキ,(32.0),(7.9),(7.5),(0.7),(0.6),283,27,94,65,92,8,0.8,0.6,0.05,0.14,15,12,120,1.7,0.7,0.06,0.18,0.2,0.05,0.5,24,0.68,"{""baseName"":""スポンジケーキ"",""notes"":[""ケーキ・ペストリー類""]}",スポンジケーキは糖分・脂質の高い加工菓子で常用には不向きだが少量では素材使用の余地がある,5,1,1,(390),(670),(480),(230),(210),(430),(430),(340),(770),(360),(110),(480),(210),(470),5.75,1.18,0.09,1.09,950,31,1,52,95,350,172707,,Sponge cake
15,15075,＜ケーキ・ペストリー類＞　ショートケーキ　果実なし,(35.0),(6.9),(15.2),(0.6),0.6,318,31,100,80,86,7,0.6,0.5,0.04,0.1,13,9,130,1.4,0.6,0.05,0.15,0.2,0.04,0.4,19,0.53,"{""baseName"":""ショートケーキ"",""variety"":""果実なし"",""notes"":[""ケーキ・ペストリー類""]}",ショートケーキは高脂肪・高糖質の加工食品で消化に負担がかかる可能性がある,5,1,1,(340),(600),(440),(190),(160),(350),(370),(300),(670),(320),(97),(420),(190),(380),(13.16),(1.03),(0.11),(0.92),(810),(66),(3),(33),(67),347.9,172711,45.9,"Shortcake, no fruit"
15,15170,＜ケーキ・ペストリー類＞　ショートケーキ　いちご,(35.0),(6.9),(14.7),(0.9),0.7,314,34,100,77,120,10,0.7,0.5,0.05,0.15,13,9,130,1.3,0.7,0.05,0.15,0.2,0.05,0.4,40,0.59,"{""baseName"":""ショートケーキ"",""variety"":""いちご"",""notes"":[""ケーキ・ペストリー類""]}",ショートケーキは砂糖・脂質など加工成分が多く主材料には不向きな加工菓子,4,0,0,,,,,,,,,,,,,,,,,,,,,,,,347.55,168810,,"Shortcake, strawberry"
15,15133,＜ケーキ・ペストリー類＞　タルト　（洋菓子）,(50.3),(4.7),(13.5),(1.4),(1.0),247,82,77,79,120,11,0.6,0.4,0.05,0.19,9,5,120,0.7,0.7,0.05,0.11,0.4,0.04,0.2,42,0.5,"{""baseName"":""タルト"",""notes"":[""ケーキ・ペストリー類"",""洋菓子""]}",タルト等の洋菓子は高脂肪・高糖質の加工食品で素材としては不向き,5,1,1,(210),(370),(220),(100),(98),(200),(230),(170),(390),(180),(58),(250),(120),(220),(11.69),(0.74),(0.08),(0.66),(600),(66),(1),(13),(36),350,172783,38,Tart (Western-style)
15,15134,＜ケーキ・ペストリー類＞　チーズケーキ　ベイクドチーズケーキ,(46.1),(8.5),(21.2),(0.2),(0.9),299,53,98,180,86,8,0.5,0.7,0.03,0.04,17,11,190,1.2,1.1,0.04,0.23,0.1,0.05,0.4,21,0.6,"{""baseName"":""チーズケーキ"",""variety"":""ベイクドチーズケーキ"",""notes"":[""ケーキ・ペストリー類""]}",ベイクドチーズケーキは加工度が高く脂質・糖分が多いため素材としては制限が必要,5,1,1,(440),(800),(650),(240),(140),(370),(450),(420),(860),(410),(130),(550),(240),(420),(18.36),(0.94),(0.17),(0.77),(660),(110),(11),(23),(68),350,172711,45.9,"Cheesecake, baked"
15,15135,＜ケーキ・ペストリー類＞　チーズケーキ　レアチーズケーキ,(43.1),(5.8),(27.5),(0.3),(1.0),349,(98),(75),(210),(93),(9),(0.2),(0.4),(0.03),(0.08),(10),(4),(150),(0.2),(0.7),(0.04),(0.16),(0.2),(0.03),(0.1),(8),(0.34),"{""baseName"":""チーズケーキ"",""variety"":""レアチーズケーキ"",""notes"":[""ケーキ・ペストリー類""]}",レアチーズケーキは高脂肪・高糖の加工菓子で、原則として使用は制限すべき。,5,1,1,(260),(480),(370),(120),(60),(180),(270),(220),(490),(230),(65),(330),(140),(260),(23.84),(0.90),(0.16),(0.74),(670),(130),(9),(2),(34),350,172711,45.9,"Cheesecake, no-bake"
15,15182,＜ケーキ・ペストリー類＞　デニッシュペストリー　アメリカンタイプ　プレーン,(31.3),(6.2),(26.3),(2.1),(1.1),382,27,68,300,92,13,0.6,0.7,0.07,0.11,4,14,53,1.6,3.1,0.11,0.12,1,0.05,0.1,63,0.5,"{""baseName"":""デニッシュペストリー"",""variety"":""アメリカンタイプ プレーン"",""notes"":[""ケーキ・ペストリー類""]}",デニッシュは加工度・脂質・糖質が高く犬の主素材としてはあまり理想的でない,5,0,0,,,,,,,,,,,,,,,,,,,,,,,,350,172824,,"Danish pastry, American style, plain"
15,15076,＜ケーキ・ペストリー類＞　デニッシュペストリー　デンマークタイプ　プレーン　,(25.5),(6.5),(34.0),(2.7),(0.8),440,17,70,220,80,13,0.7,0.7,0.07,0.1,5,14,78,2.1,3.9,0.11,0.12,0.9,0.06,0.1,62,0.51,"{""baseName"":""デニッシュペストリー"",""variety"":""デンマークタイプ プレーン"",""notes"":[""ケーキ・ペストリー類""]}",デニッシュペストリーは脂質・糖質の高い加工食品で、使用は少量に限るべきで素材としては慎重に扱う,5,1,1,(260),(480),(210),(120),(150),(270),(340),(210),(560),(200),(79),(300),(160),(250),(30.83),(3.12),(0.20),(2.91),(2900),(190),(Tr),(9),(28),350,172824,,"Danish pastry, Danish style, plain"
15,15183,＜ケーキ・ペストリー類＞　デニッシュペストリー　アメリカンタイプ　あん入り　こしあん,(32.8),(6.0),(15.6),(2.9),(0.7),330,(33),(60),(180),(68),(15),(1.0),(0.6),(0.10),(0.24),(3),(9),(31),(0.9),(1.8),(0.07),(0.08),(0.6),(0.03),(0.1),(38),(0.31),"{""baseName"":""デニッシュペストリー"",""variety"":""アメリカンタイプ あん入り こしあん"",""notes"":[""ケーキ・ペストリー類""]}",こしあん自体は可だがデニッシュ生地は油脂や加工成分を多く含むため素材としては限定的,5,0,0,,,,,,,,,,,,,,,,,,,,,,,,350,175061,,"Danish pastry, American style, with sweet red bean paste (koshi-an)"
15,15184,＜ケーキ・ペストリー類＞　デニッシュペストリー　アメリカンタイプ　あん入り　つぶしあん,(34.6),(6.0),(15.7),(3.6),(0.8),323,(23),(70),(200),(120),(17),(1.0),(0.7),(0.12),(0.23),(3),(9),(31),(0.9),(1.9),(0.07),(0.08),(0.6),(0.04),(0.1),(41),(0.37),"{""baseName"":""デニッシュペストリー"",""variety"":""アメリカンタイプ あん入り つぶしあん"",""notes"":[""ケーキ・ペストリー類""]}",デニッシュペストリーは加工済みで脂質・糖質が高く、複合調理食品として注意が必要。,4,0,0,,,,,,,,,,,,,,,,,,,,,,,,350,175061,,"Danish pastry, American style, with sweet red bean paste (tsubu-an)"
15,15171,＜ケーキ・ペストリー類＞　デニッシュペストリー　デンマークタイプ　あん入り　こしあん,(25.5),(6.5),(21.3),(3.3),(0.6),384,(29),(64),(130),(65),(16),(1.1),(0.7),(0.10),(0.25),(3),(9),(48),(1.3),(2.4),(0.07),(0.09),(0.6),(0.03),(0.1),(39),(0.33),"{""baseName"":""デニッシュペストリー"",""variety"":""デンマークタイプ あん入り こしあん"",""notes"":[""ケーキ・ペストリー類""]}",デニッシュペストリーは油脂・糖分が多い加工食品で、素材としては使えるが理想的ではない,5,0,0,,,,,,,,,,,,,,,,,,,,,,,,350,175061,,"Danish pastry, Danish style, with sweet red bean paste (koshi-an)"
15,15172,＜ケーキ・ペストリー類＞　デニッシュペストリー　デンマークタイプ　あん入り　つぶしあん,(25.5),(6.6),(22.0),(4.2),(0.7),387,(19),(77),(160),(120),(19),(1.1),(0.7),(0.14),(0.24),(3),(9),(50),(1.3),(2.5),(0.08),(0.09),(0.6),(0.05),(0.1),(43),(0.41),"{""baseName"":""デニッシュペストリー"",""variety"":""デンマークタイプ あん入り つぶしあん"",""notes"":[""ケーキ・ペストリー類""]}",デニッシュペストリーは高脂肪・高糖分の加工菓子で、素材としては適さない。,5,0,0,,,,,,,,,,,,,,,,,,,,,,,,350,175061,,"Danish pastry, Danish style, with sweet red bean paste (tsubu-an)"
15,15185,＜ケーキ・ペストリー類＞　デニッシュペストリー　アメリカンタイプ　あん入り　カスタードクリーム,(42.8),(5.8),(19.3),(1.4),(0.9),304,51,97,200,100,11,0.6,0.7,0.06,0.08,12,12,80,1.7,2.2,0.09,0.14,0.6,0.06,0.3,50,0.65,"{""baseName"":""デニッシュペストリー"",""variety"":""アメリカンタイプ あん入り カスタードクリーム"",""notes"":[""ケーキ・ペストリー類""]}",高脂肪・高糖分の菓子類で加工度が高く主原料向きではない。,3,0,0,,,,,,,,,,,,,,,,,,,,,,,,350,175061,,"Danish pastry, American style, with custard cream"
15,15173,＜ケーキ・ペストリー類＞　デニッシュペストリー　デンマークタイプ　あん入り　カスタードクリーム,(25.5),(7.3),(29.6),(2.1),(0.9),417,56,120,180,120,14,0.9,0.9,0.07,0.1,15,15,120,2.5,3.3,0.11,0.17,0.8,0.07,0.4,60,0.81,"{""baseName"":""デニッシュペストリー"",""variety"":""デンマークタイプ あん入り カスタードクリーム"",""notes"":[""ケーキ・ペストリー類""]}",デニッシュペストリーは高糖質・高脂肪の加工菓子で素材としては適さない場合が多い,5,0,0,,,,,,,,,,,,,,,,,,,,,,,,350,172754,20.1,"Danish pastry, Danish style, with custard cream"
15,15077,＜ケーキ・ペストリー類＞　ドーナッツ　イーストドーナッツ　プレーン,(27.5),(7.2),(20.2),(1.5),(1.2),379,43,(73),(310),110,14,(0.5),(0.6),(0.07),(0.17),(5),(17),(10),(0.2),(2.5),(0.09),(0.11),(0.7),(0.05),(0.1),(37),(0.56),"{""baseName"":""ドーナッツ"",""variety"":""イーストドーナッツ プレーン"",""notes"":[""ケーキ・ペストリー類""]}",揚げ菓子で加工度が高く脂質・糖質が多いので素材としては不向き,5,1,1,(290),(550),(250),(140),(160),(300),(380),(240),(620),(230),(88),(340),(180),(270),(18.55),(6.73),(1.03),(5.70),(5700),(1000),(0),(6),(7),350,174992,,"Yeast doughnut, plain"
15,15174,＜ケーキ・ペストリー類＞　ドーナッツ　イーストドーナッツ　あん入り　こしあん,(27.5),(6.8),(12.6),(2.6),(0.9),341,45,66,190,85,16,1,0.6,0.1,0.29,3,10,6,0.1,1.5,0.06,0.08,0.5,0.03,0.1,23,0.36,"{""baseName"":""ドーナッツ"",""variety"":""イーストドーナッツ あん入り こしあん"",""notes"":[""ケーキ・ペストリー類""]}",イーストドーナッツ（あん入り）は加工菓子で糖脂質が多く素材としては限定的,5,0,0,,,,,,,,,,,,,,,,,,,,,,,,350,172757,29.1,"Yeast doughnut, with sweet red bean paste (koshi-an)"
15,15175,＜ケーキ・ペストリー類＞　ドーナッツ　イーストドーナッツ　あん入り　つぶしあん,(27.5),(7.0),(13.0),(3.4),(1.0),341,36,78,220,140,19,1,0.7,0.14,0.29,3,11,7,0.1,1.6,0.06,0.08,0.5,0.04,0.1,27,0.43,"{""baseName"":""ドーナッツ"",""variety"":""イーストドーナッツ あん入り つぶしあん"",""notes"":[""ケーキ・ペストリー類""]}",ドーナッツは高脂質・高糖質の菓子類で素材としては不向き,3,0,0,,,,,,,,,,,,,,,,,,,,,,,,350,172757,29.1,"Yeast doughnut, with sweet red bean paste (tsubu-an)"
15,15176,＜ケーキ・ペストリー類＞　ドーナッツ　イーストドーナッツ　あん入り　カスタードクリーム,(27.5),(7.7),(18.9),(1.2),(1.3),371,75,120,250,140,15,0.7,0.8,0.07,0.15,16,17,65,1.1,2.2,0.1,0.16,0.6,0.07,0.4,40,0.84,"{""baseName"":""ドーナッツ"",""variety"":""イーストドーナッツ あん入り カスタードクリーム"",""notes"":[""ケーキ・ペストリー類""]}",イーストドーナッツ（あん・カスタード入り）は加工度が高く糖質・脂質が多いため素材としては慎重を要します。,4,0,0,,,,,,,,,,,,,,,,,,,,,,,,350,172757,29.1,"Yeast doughnut, with custard cream"
15,15078,＜ケーキ・ペストリー類＞　ドーナッツ　ケーキドーナッツ　プレーン,(20.0),(7.2),(11.7),(1.2),(0.9),367,42,95,160,120,9,0.6,0.4,0.06,0.21,10,8,53,0.9,1.3,0.07,0.12,0.3,0.04,0.3,16,0.58,"{""baseName"":""ドーナッツ"",""variety"":""ケーキドーナッツ プレーン"",""notes"":[""ケーキ・ペストリー類""]}",加工度が高く糖分・脂肪が多い菓子類で、犬の主要素材としては不向き（嗜好性は高いが栄養素材としては限定的）,4,1,1,(320),(580),(340),(180),(190),(360),(380),(280),(670),(290),(99),(400),(180),(360),(10.66),(2.68),(0.33),(2.35),(2300),(310),(Tr),(17),(41),350,174992,,"Cake doughnut, plain"
15,15177,＜ケーキ・ペストリー類＞　ドーナッツ　ケーキドーナッツ　あん入り　こしあん,(20.0),(8.3),(5.4),(2.4),(0.6),353,46,83,110,90,13,1.1,0.6,0.1,0.32,6,5,34,0.6,0.9,0.05,0.09,0.2,0.03,0.2,11,0.39,"{""baseName"":""ドーナッツ"",""variety"":""ケーキドーナッツ あん入り こしあん"",""notes"":[""ケーキ・ペストリー類""]}",ケーキドーナッツは高脂質・高糖質の加工菓子で素材適性は低い,3,0,0,,,,,,,,,,,,,,,,,,,,,,,,350,172757,29.1,"Cake doughnut, with sweet red bean paste (koshi-an)"
15,15178,＜ケーキ・ペストリー類＞　ドーナッツ　ケーキドーナッツ　あん入り　つぶしあん,(20.0),(8.6),(5.7),(3.4),(0.7),355,36,96,130,150,16,1.1,0.6,0.13,0.32,6,5,35,0.6,0.9,0.06,0.09,0.2,0.04,0.2,14,0.46,"{""baseName"":""ドーナッツ"",""variety"":""ケーキドーナッツ あん入り つぶしあん"",""notes"":[""ケーキ・ペストリー類""]}",ドーナッツは油脂・糖分が高い加工菓子で、素材としては限定的に使用するのが望ましい,5,0,0,,,,,,,,,,,,,,,,,,,,,,,,350,172757,29.1,"Cake doughnut, with sweet red bean paste (tsubu-an)"
15,15179,＜ケーキ・ペストリー類＞　ドーナッツ　ケーキドーナッツ　あん入り　カスタードクリーム,(20.0),(9.6),(10.5),(0.7),(0.9),375,76,140,140,150,11,0.8,0.7,0.06,0.18,20,10,100,1.6,1.4,0.09,0.17,0.3,0.06,0.5,25,0.88,"{""baseName"":""ドーナッツ"",""variety"":""ケーキドーナッツ あん入り カスタードクリーム"",""notes"":[""ケーキ・ペストリー類""]}",高脂質・高糖質の加工菓子。少量なら問題ないが主素材としては不向き。,5,0,0,,,,,,,,,,,,,,,,,,,,,,,,350,172757,29.1,"Cake doughnut, with custard cream"
15,15079,＜ケーキ・ペストリー類＞　パイ　パイ皮,(32.0),(5.0),(25.4),(1.3),(1.2),373,(9),(31),(390),(50),(9),(0.3),(0.3),(0.06),(0.19),0,(11),0,(Tr),(2.5),(0.05),(0.02),(0.3),(0.02),0,(6),(0.32),"{""baseName"":""パイ"",""variety"":""パイ皮"",""notes"":[""ケーキ・ペストリー類""]}",加工度が高く脂肪・糖分が多い生地のため少量での使用が望ましい,5,1,1,(190),(360),(110),(87),(130),(220),(270),(160),(430),(150),(60),(220),(120),(180),22.29,7.06,0.61,6.46,6500,580,0,0,0,350,167932,,Pie crust
15,15080,＜ケーキ・ペストリー類＞　パイ　アップルパイ,(45.0),(4.0),(17.5),(1.2),(0.8),294,5,17,180,54,5,0.2,0.1,0.04,0.09,0,5,0,(Tr),1.2,0.03,0.01,0.2,0.02,0,3,0.15,"{""baseName"":""パイ"",""variety"":""アップルパイ"",""notes"":[""ケーキ・ペストリー類""]}",アップルパイは加工度が高く糖分・脂質が多いため素材としては慎重を要します。,4,1,1,(150),(290),(86),(70),(110),(180),(220),(130),(340),(120),(48),(180),(96),(150),(15.30),(4.85),(0.42),(4.43),(4400),(400),(0),(0),(0),350,175012,,Apple pie
15,15081,＜ケーキ・ペストリー類＞　パイ　ミートパイ,(36.2),(9.7),(29.9),(1.8),(2.0),381,11,46,440,110,11,0.5,0.6,0.07,0.17,0,12,1,0.1,2.2,0.14,0.05,1.1,0.07,0.1,7,0.45,"{""baseName"":""パイ"",""variety"":""ミートパイ"",""notes"":[""ケーキ・ペストリー類""]}",ミートパイは肉は良い素材だが、パイ生地や調味料で脂肪・塩分が高く加工品として注意が必要,4,1,1,(390),(720),(490),(200),(190),(390),(460),(320),(780),(370),(120),(450),(300),(520),(26.24),(7.72),(0.66),(7.06),(7000),(620),(0),(2),(10),350,175019,7.2,Meat pie
15,15082,＜ケーキ・ペストリー類＞　バターケーキ,(20.0),(5.8),(25.3),(0.7),(0.9),422,(22),(67),(240),(74),(7),(0.6),(0.4),(0.04),(0.12),(10),(8),(190),(1.2),(0.8),(0.05),(0.12),(0.2),(0.03),(0.3),(16),(0.48),"{""baseName"":""バターケーキ"",""notes"":[""ケーキ・ペストリー類""]}",焼き菓子で糖質・脂質が高く加工度も高いため、素材としては利用可能だが理想的ではない。,6,1,1,(270),(480),(320),(160),(150),(310),(310),(240),(550),(250),(82),(340),(150),(320),(22.03),(1.18),(0.12),(1.07),(940),(94),(Tr),(20),(78),350,175053,,Butter cake
15,15083,＜ケーキ・ペストリー類＞　ホットケーキ,(40.0),(7.7),(5.4),(1.1),(1.6),253,(110),(160),(260),(210),(13),(0.5),(0.5),(0.05),(Tr),(12),(6),(51),(0.7),(0.5),(0.08),(0.16),(0.3),(0.05),(0.3),(15),(0.68),"{""baseName"":""ホットケーキ"",""notes"":[""ケーキ・ペストリー類""]}",ホットケーキは小麦・砂糖等の加工食品で頻用には適さない,4,1,1,(350),(650),(400),(190),(170),(360),(400),(310),(710),(310),(100),(430),(200),(360),(4.70),(0.76),(0.05),(0.71),(660),(32),(1),(12),(35),350,175009,,Pancake
15,15084,＜ケーキ・ペストリー類＞　ワッフル　カスタードクリーム入り,(45.9),(7.3),(7.9),(0.8),(0.9),241,99,150,63,160,12,0.8,0.8,0.05,0.13,24,10,110,1.7,0.8,0.08,0.19,0.2,0.07,0.6,25,0.96,"{""baseName"":""ワッフル"",""variety"":""カスタードクリーム入り"",""notes"":[""ケーキ・ペストリー類""]}",カスタード入りの菓子で高脂肪・高糖分。消化不良や体重増加の原因になりやすい。,5,1,1,(340),(620),(430),(180),(150),(320),(370),(310),(670),(310),(100),(420),(190),(360),(6.70),(0.97),(0.08),(0.90),(800),(43),(1),(26),(64),350,172783,38,"Waffle, with custard cream"
15,15085,＜ケーキ・ペストリー類＞　ワッフル　ジャム入り,(33.0),(4.9),(4.2),(1.3),(0.6),279,44,68,43,120,10,0.4,0.3,0.04,0.18,7,4,31,0.5,0.4,0.05,0.09,0.3,0.04,0.2,22,0.41,"{""baseName"":""ワッフル"",""variety"":""ジャム入り"",""notes"":[""ケーキ・ペストリー類""]}",ワッフル（ジャム入り）は糖分・脂質が高い菓子類で、素材としては加工度が高く頻用は適さない。,5,1,1,(220),(400),(260),(120),(110),(230),(250),(200),(450),(200),(67),(270),(130),(230),(3.68),(0.60),(0.05),(0.55),(510),(42),(1),(10),(24),350,175039,,"Waffle, with jam"
15,15086,＜デザート菓子類＞　カスタードプリン,(74.1),(5.7),(5.5),0,(0.7),116,(81),(110),(69),(130),(9),(0.5),(0.6),(0.02),(0.01),(20),(9),(87),(1.4),(0.5),(0.04),(0.20),(0.1),(0.05),(0.5),(18),(0.69),"{""baseName"":""カスタードプリン"",""notes"":[""デザート菓子類""]}",カスタードプリンは糖分・乳成分が多く栄養価が偏るため、素材としては適さないことが多い。,4,1,1,(310),(530),(450),(170),(110),(280),(300),(280),(580),(290),(85),(380),(160),(320),4.26,0.57,0.05,0.51,440,22,0,27,48,350,169595,,Custard pudding
15,15136,＜デザート菓子類＞　牛乳寒天,(85.2),(1.1),(1.3),(0.5),(0.2),61,(38),(32),(15),(51),(4),(0.1),(0.1),(Tr),(0.01),(6),(1),(13),(0.1),(Tr),(0.01),(0.05),(Tr),(0.01),(0.1),(2),(0.19),"{""baseName"":""牛乳寒天"",""notes"":[""デザート菓子類""]}",牛乳寒天は乳製品を含むデザートで加工品のため、素材としてはやや扱いに注意が必要,5,1,1,(58),(110),(91),(27),(8.9),(36),(53),(54),(110),(51),(16),(71),(31),(38),(1.12),(0.04),(0.01),(0.03),(30),(4),(1),(0),(2),350,171380,29.9,Milk kanten jelly
15,15142,＜デザート菓子類＞　こんにゃくゼリー,(83.2),0,(0.1),(0.8),(0.4),65,(15),(37),(58),(110),(1),(Tr),(Tr),(Tr),(0.01),0,0,0,0,0,(Tr),0,(Tr),(Tr),0,0,0,"{""baseName"":""こんにゃくゼリー"",""notes"":[""デザート菓子類""]}",こんにゃくゼリーはゼリー状で窒息・閉塞の危険があり犬には適さない形状リスクがある,4,0,0,,,,,,,,,,,,,,,,,,,,,,,,350,169599,38.5,Konjac jelly
15,15087,＜デザート菓子類＞　ゼリー　オレンジ,(77.6),(2.1),(0.1),(0.2),(0.4),80,(9),(17),(5),(180),(10),(0.1),(0.1),(0.03),(0.03),(1),0,0,0,(0.3),(0.07),(0.02),(0.3),(0.06),0,(26),(0.22),"{""baseName"":""ゼリー"",""variety"":""オレンジ"",""notes"":[""デザート菓子類""]}",オレンジゼリーはデザート系の加工食品で糖分や添加物が含まれやすく、使用量の管理が必要,5,1,1,(28),(66),(81),(19),(1.7),(20),(45),(7.1),(52),(45),(0.7),(61),(15),(190),(0.06),(0.02),(0.01),(0.02),(16),(5),(0),(0),(0),350,171354,6.2,Orange jelly
15,15088,＜デザート菓子類＞　ゼリー　コーヒー,(87.8),(1.6),0,0,(0.1),43,(2),(5),(5),(47),(5),(Tr),0,(Tr),(0.02),0,0,0,0,0,0,(Tr),(0.6),0,0,0,(Tr),"{""baseName"":""ゼリー"",""variety"":""コーヒー"",""notes"":[""デザート菓子類""]}",コーヒーゼリーはカフェインを含み犬に神経・心臓系の影響を与えるため不適,2,1,0,(21),(54),(59),(14),(3.4),(17),(35),(6.9),(42),(32),(0.6),(46),(13),(130),,,,,,,,,,350,168145,6.9,Coffee jelly
15,15089,＜デザート菓子類＞　ゼリー　ミルク,(76.8),(4.3),(3.7),0,(0.7),103,(110),(91),(43),(150),(10),(Tr),(0.4),(0.01),0,(16),(3),(37),(0.3),(0.1),(0.04),(0.15),(0.1),(0.03),(0.3),(5),(0.54),"{""baseName"":""ゼリー"",""variety"":""ミルク"",""notes"":[""デザート菓子類""]}",ミルクゼリーは乳製品と糖分を含むため少量での利用が適切,6,1,1,(160),(300),(280),(78),(21),(99),(160),(130),(290),(160),(35),(220),(85),(250),(3.23),(0.11),(0.02),(0.10),(86),(12),(1),(Tr),(6),350,170862,15,Milk jelly
15,15090,＜デザート菓子類＞　ゼリー　ワイン,(84.1),(1.7),0,0,(Tr),65,(1),(1),(5),(11),(1),(0.1),0,(Tr),(0.02),0,0,0,0,0,0,0,0,(Tr),0,0,(0.01),"{""baseName"":""ゼリー"",""variety"":""ワイン"",""notes"":[""デザート菓子類""]}",ワイン（ぶどう由来、アルコール）が含まれており犬に有害となるため禁忌,1,1,0,(23),(57),(71),(16),(0.3),(17),(39),(5.5),(44),(39),(0.2),(52),(13),(160),,,,,,,,,,350,168145,6.9,Wine jelly
15,15091,＜デザート菓子類＞　ババロア,(60.9),(5.6),(12.9),0,(0.6),204,(72),(130),(52),(90),(6),(0.6),(0.6),(0.02),(0.01),(21),(7),(130),(1.6),(0.6),(0.04),(0.13),(Tr),(0.05),(0.6),(20),(0.67),"{""baseName"":""ババロア"",""notes"":[""デザート菓子類""]}",ババロアは乳製品・卵主体の加工デザートで加工度が高く素材としては注意が必要,5,1,1,(230),(420),(380),(110),(53),(170),(220),(200),(410),(230),(55),(290),(120),(350),(11.17),(0.78),(0.09),(0.69),(580),(49),(2),(27),(69),350,172789,32.8,Bavarian cream
15,15092,＜ビスケット類＞　ウエハース,2.1,7.6,13.6,1.2,1.4,439,21,63,480,76,9,0.6,0.4,0.14,0.23,-,-,16,0,1.1,0.03,0.08,0.5,0.02,Tr,6,0.24,"{""baseName"":""ウエハース"",""notes"":[""ビスケット類""]}",ウエハースは糖質や加工成分が多い菓子類で、素材としては加工度が高く向かない。,5,1,1,(310),(600),(260),(150),(190),(340),(400),(270),(670),(260),(99),(380),(190),(300),11.43,0.89,0.05,0.84,840,53,0,0,0,401.55,175000,9.4,Wafer
15,15141,＜ビスケット類＞　ウエハース　クリーム入り,(2.7),(7.5),(21.8),(2.1),2.1,492,16,48,370,58,7,0.5,0.3,0.11,0.18,0,0,12,(Tr),1.9,0.02,0.06,0.4,0.02,0,5,0.18,"{""baseName"":""ウエハース"",""variety"":""クリーム入り"",""notes"":[""ビスケット類""]}",クリーム入りウエハースは高加工・高糖質の菓子で素材としては不向き,5,1,1,(310),(590),(260),(150),(190),(340),(400),(270),(670),(260),(98),(380),(190),(300),(19.75),(1.71),(0.07),(1.64),(1600),(69),(0),(0),(0),342.65,171860,,"Wafer, with cream"
15,15093,＜ビスケット類＞　クラッカー　オイルスプレークラッカー,2.7,8.5,22.5,2.1,2.4,481,180,190,610,110,18,0.8,0.5,0.12,0.49,0,3,(0),-,12.0,0.08,0.04,0.8,0.04,-,12,0.45,"{""baseName"":""クラッカー"",""variety"":""オイルスプレークラッカー"",""notes"":[""ビスケット類""]}",加工クラッカーは脂質・塩分を含むことが多く、素材としては限定的に使う方が良い。,5,1,1,(310),(600),(200),(150),(220),(370),(440),(260),(700),(260),(100),(380),(200),(340),20.12,2.76,0.18,2.57,2600,180,0,0,0,437.3,171856,9.7,"Cracker, oil spray"
15,15094,＜ビスケット類＞　クラッカー　ソーダクラッカー,3.1,10.4,9.8,2.1,2.3,421,55,85,730,140,21,0.7,0.4,0.14,0.55,-,-,(0),-,1.5,0.05,0.04,0.8,0.04,-,22,0.54,"{""baseName"":""クラッカー"",""variety"":""ソーダクラッカー"",""notes"":[""ビスケット類""]}",ソーダクラッカーは加工炭水化物で塩分を含むため、少量なら使用可能。,6,1,1,(390),(750),(230),(180),(280),(460),(540),(340),(880),(320),(130),(470),(250),(390),8.88,0.95,0.06,0.89,890,62,0,0,0,372.75,171856,9.7,"Cracker, soda"
15,15095,＜ビスケット類＞　サブレ,(3.1),(6.1),(16.6),(1.3),(0.7),459,(36),(84),(73),(110),(8),(0.5),(0.3),(0.06),(0.23),(5),(6),(30),(0.6),(1.7),(0.07),(0.07),(0.3),(0.03),(0.2),(12),(0.45),"{""baseName"":""サブレ"",""notes"":[""ビスケット類""]}",加工度が高く砂糖・脂肪を含むことが多いため、素材としては常用に不向き。,5,1,1,(260),(480),(240),(140),(170),(310),(330),(230),(560),(230),(83),(320),(160),(290),(15.33),(2.27),(0.18),(2.09),(2100),(170),(Tr),(10),(24),350,171860,,Sablé cookie
15,15054,＜ビスケット類＞　中華風クッキー,(3.0),(5.1),(29.5),(1.1),(0.6),513,(25),(63),(97),(81),(6),(0.4),(0.3),(0.05),(0.19),(4),(5),(27),(0.5),(0.4),(0.06),(0.06),(0.3),(0.02),(0.1),(10),(0.37),"{""baseName"":""中華風クッキー"",""notes"":[""ビスケット類""]}",中華風クッキーは加工度が高く脂質や糖分が多い可能性があるため素材としては慎重を要します。,5,1,1,(210),(390),(190),(110),(140),(250),(270),(180),(450),(180),(67),(250),(120),(230),(26.40),(3.21),(0.13),(3.09),(3000),(130),(0),(0),(28),350,171860,,Chinese-style cookie
15,15097,＜ビスケット類＞　ビスケット　ハードビスケット,2.6,7.6,10.0,2.3,2.0,422,330,96,320,140,22,0.9,0.5,0.12,0.58,4,4,18,Tr,0.9,0.13,0.22,1.0,0.06,-,16,0.63,"{""baseName"":""ビスケット"",""variety"":""ハードビスケット"",""notes"":[""ビスケット類""]}",ハードビスケットは加工菓子で添加成分や糖分を含むが原材料自体は有害でない,6,1,1,310,560,120,120,170,290,380,190,570,220,82,360,170,250,8.53,1.12,0.07,1.05,1100,69,0,0,0,375.85,171856,9.7,"Biscuit, hard"
15,15098,＜ビスケット類＞　ビスケット　ソフトビスケット,3.2,5.7,27.6,1.4,0.9,512,20,66,220,110,12,0.5,0.4,0.08,0.33,3,4,130,Tr,2.2,0.06,0.05,0.6,0.04,-,7,0.45,"{""baseName"":""ビスケット"",""variety"":""ソフトビスケット"",""notes"":[""ビスケット類""]}",ソフトビスケットは加工度が高く糖・脂を含むがトッピングなど限定的に利用可能,5,1,1,(220),(430),(160),(110),(150),(260),(300),(190),(490),(190),(73),(270),(140),(220),22.79,1.56,0.18,1.38,1400,180,0,0,16,468.75,172728,,"Biscuit, soft"
15,15099,＜ビスケット類＞　プレッツェル,1.0,9.9,18.6,2.6,2.3,465,36,140,750,160,22,0.9,0.5,0.12,0.43,-,-,(0),-,2.6,0.13,0.11,1.1,0.06,-,27,0.51,"{""baseName"":""プレッツェル"",""notes"":[""ビスケット類""]}",加工スナックで塩分・油分が含まれることが多く、素材としてはあまり適さない。,5,1,1,(380),(690),(240),(180),(210),(390),(490),(290),(780),(280),(120),(430),(220),(380),16.01,1.35,0.06,1.28,1300,64,0,0,0,422.35,169064,17.7,Pretzel
15,15096,＜ビスケット類＞　リーフパイ,2.5,5.8,35.5,1.7,0.4,558,14,42,54,77,8,0.4,0.2,0.06,0.30,Tr,3,0,Tr,3.5,0.08,0.02,0.4,0.02,0,6,0.37,"{""baseName"":""リーフパイ"",""notes"":[""ビスケット類""]}",リーフパイは高脂肪・高加工の菓子類で素材としては加工度が高く限定的に使用。,5,1,1,(210),(420),(130),(100),(160),(260),(300),(180),(480),(170),(72),(260),(140),(220),(33.09),(4.52),(0.37),(4.15),(4100),(370),(0),(0),(0),511.4,175020,7.2,Leaf pie
15,15100,＜ビスケット類＞　ロシアケーキ,(4.0),(5.8),(23.4),(1.8),(1.0),486,(41),(75),(200),(140),(32),(0.5),(0.4),(0.14),(0.37),(Tr),(3),(1),(Tr),(4.5),(0.06),(0.14),(0.6),(0.02),(Tr),(9),(0.27),"{""baseName"":""ロシアケーキ"",""notes"":[""ビスケット類""]}",洋菓子で脂質・糖分が多く加工度が高いため素材向きではない,5,1,1,(250),(450),(210),(110),(140),(250),(320),(200),(520),(200),(74),(300),(150),(370),(21.88),(3.44),(0.19),(3.24),(3200),(190),(0),(0),(Tr),350,173257,,Russian tea cake
15,15101,＜スナック類＞　小麦粉あられ,(2.0),(7.6),(19.5),(2.3),(2.2),472,(18),(55),(710),(100),(11),(0.5),(0.3),(0.08),(0.39),(Tr),(4),0,(Tr),(2.0),(0.10),(0.03),(0.5),(0.03),0,(8),(0.48),"{""baseName"":""小麦粉あられ"",""notes"":[""スナック類""]}",加工度の高いスナック菓子で原材料としては利用しにくい,5,0,1,,,,,,,,,,,,,,,(17.57),(2.56),(0.22),(2.34),(2300),(220),(0),(0),(0),350,174103,,Wheat flour arare (rice cracker)
15,15102,＜スナック類＞　コーンスナック,0.9,5.2,27.1,1.0,1.5,516,50,70,470,89,13,0.4,0.3,0.05,0.08,-,-,(0),-,3.7,0.02,0.05,0.7,0.06,-,8,0.30,"{""baseName"":""コーンスナック"",""notes"":[""スナック類""]}",コーンスナックは加工度が高く塩・油を含むため素材としては限定的,4,1,1,(200),(680),(160),(120),(100),(220),(270),(220),(500),(210),(39),(280),(170),(270),24.29,4.65,0.12,4.53,4500,120,0,0,0,473.6,167537,12.1,Corn snack
15,15103,＜スナック類＞　ポテトチップス　ポテトチップス,2.0,4.7,35.2,4.2,3.4,541,17,100,400,1200,70,1.7,0.5,0.21,0.40,260,0,(0),-,6.2,0.26,0.06,4.3,-,-,70,0.94,"{""baseName"":""ポテトチップス"",""variety"":""ポテトチップス"",""notes"":[""スナック類""]}",高脂肪・高塩分の加工スナックであるため犬のレシピ素材としては不適切な点が多い。,4,1,1,(210),(310),(310),(81),(65),(150),(230),(190),(420),(190),(79),(290),(110),(240),(32.74),(14.41),(2.40),(12.01),(12000),(2400),(0),(0),(0),492.4,169677,12.1,Potato chips
15,15104,＜スナック類＞　ポテトチップス　成形ポテトチップス,2.2,5.8,32.0,4.8,2.7,515,49,140,360,900,53,1.2,0.7,0.20,0.30,-,-,0,-,2.6,0.25,0.05,4.2,0.54,-,36,1.08,"{""baseName"":""ポテトチップス"",""variety"":""成形ポテトチップス"",""notes"":[""スナック類""]}",高脂肪・高塩分のスナック加工食品で犬には不向きな点が多い,4,1,1,(330),(490),(470),(87),(95),(180),(340),(290),(630),(320),(58),(430),(170),(360),27.50,2.25,0.06,2.19,2200,64,0,0,0,476.05,169677,12.1,"Potato chips, formed"
15,15109,＜キャンデー類＞　かわり玉,(0.5),0,0,0,0,392,(1),0,(1),(2),0,0,0,(0.01),0,0,0,0,0,0,0,0,0,0,0,0,0,"{""baseName"":""かわり玉"",""notes"":[""キャンデー類""]}",かわり玉はキャンディー類で糖分が主成分、栄養価が低く犬の素材として適さない,3,0,0,,,,,,,,,,,,,,,,,,,,,,,,350,167990,0,Hard candy (variety)
15,15105,＜キャンデー類＞　キャラメル,5.4,4,11.7,0,1,426,190,100,110,180,13,0.3,0.4,0.03,0.06,14,3,110,3,0.5,0.09,0.18,1.1,0.02,-,5,0.58,"{""baseName"":""キャラメル"",""notes"":[""キャンデー類""]}",キャラメルは高糖質のキャンディで加工度が高く、素材としては限定的,5,1,1,(220),(360),(290),(93),(34),(130),(180),(180),(360),(170),(52),(250),(100),(130),9.86,0.35,0.04,0.31,310,38,0,0,0,386.1,167974,8,Caramel
15,15107,＜キャンデー類＞　ゼリーキャンデー,(16.0),(Tr),0,(0.9),(0.1),334,(8),(1),(2),(1),(1),(0.1),(Tr),(0.01),(0.04),0,0,0,0,0,0,0,0,0,0,0,(0.01),"{""baseName"":""ゼリーキャンデー"",""notes"":[""キャンデー類""]}",寒天ベースのゼリーキャンデーは加工食品で甘味・添加物が中心のため主素材には不向き。,5,0,0,,,,,,,,,,,,,,,,,,,,,,,,350,167989,0,Jelly candy
15,15108,＜キャンデー類＞　ゼリービーンズ,(9.5),(Tr),(Tr),(0.9),(0.1),358,(10),(6),(2),(6),(2),(0.2),(Tr),(0.01),(0.04),0,0,0,0,0,0,0,0,0,0,0,(0.01),"{""baseName"":""ゼリービーンズ"",""notes"":[""キャンデー類""]}",ゼリービーンズ等のキャンディ類は加工度が高く与え方に注意が必要,3,0,0,,,,,,,,,,,,,,,,,,,,,,,,350,167991,0,Jelly beans
15,15110,＜キャンデー類＞　ドロップ,(2.0),0,0,0,(Tr),389,(1),(Tr),(1),(1),0,(Tr),0,(0.01),(Tr),0,0,0,0,0,0,0,0,0,0,0,0,"{""baseName"":""ドロップ"",""notes"":[""キャンデー類""]}",ドロップ類は高加工の糖菓で甘味料や添加物が中心のため基本的に素材向きではない。,4,0,0,,,,,,,,,,,,,,,,,,,,,,,,350,167990,0,Hard candy
15,15111,＜キャンデー類＞　バタースコッチ,(2.0),(Tr),(6.5),0,(0.4),414,(2),(2),(150),(4),(Tr),(Tr),0,(0.01),(Tr),0,0,(61),(0.1),(0.1),0,(Tr),0,0,0,0,(0.01),"{""baseName"":""バタースコッチ"",""notes"":[""キャンデー類""]}",バタースコッチは高糖分・高カロリーの菓子で栄養価が低く、素材としては適さない。,4,0,1,,,,,,,,,,,,,,,(5.71),(0.16),(0.03),(0.13),(120),(26),(0),(0),(8),350,167972,0.8,Butterscotch
15,15112,＜キャンデー類＞　ブリットル,(1.5),(12.6),(26.5),(3.6),(1.4),506,(26),(200),(72),(380),(100),(0.9),(1.5),(0.35),(1.08),(Tr),(1),0,0,(5.4),(0.12),(0.07),(12.0),(0.23),0,(29),(1.10),"{""baseName"":""ブリットル"",""notes"":[""キャンデー類""]}",キャンデー菓子で糖分が多く、いり落花生入りはナッツ類に伴う消化負担や膵炎リスクがあるため素材として不向き,5,1,1,(480),(910),(460),(140),(170),(310),(740),(520),(1300),(430),(130),(600),(350),(1600),(25.81),(7.63),(0.07),(7.56),(7600),(66),(0),(0),(0),350,169586,13.5,Brittle
15,15113,＜キャンデー類＞　マシュマロ,(18.5),(2.1),0,0,(Tr),324,(1),(1),(7),(1),0,(0.1),0,(0.01),(Tr),0,0,0,0,0,0,0,0,0,0,0,(Tr),"{""baseName"":""マシュマロ"",""notes"":[""キャンデー類""]}",マシュマロは糖質が高く粘着性があり誤嚥や消化不良のリスクがあるため素材として不向き,3,1,0,(29),(72),(89),(20),(0.4),(21),(48),(6.9),(55),(48),(0.2),(66),(17),(200),,,,,,,,,,350,167995,0.1,Marshmallow
15,15106,＜キャンデー類＞　ラムネ,7.0,0,0.5,(0),0.3,373,110,5,67,5,2,0.1,0,0.05,0,1,0,(0),(0),(0),0,0,0,0,0,Tr,0,"{""baseName"":""ラムネ"",""notes"":[""キャンデー類""]}",キャンディー類の高糖質で加工度の高いお菓子。少量なら問題だが素材としては限定的。,5,0,0,,,,,,,,,,,,,,,,,,,,,,,,326.95,170279,0.3,Ramune candy
15,15137,＜チョコレート類＞　アーモンドチョコレート,(2.0),(11.4),(40.4),(6.1),(2.2),562,(240),(320),(41),(550),(150),(2.8),(2.3),(0.77),(1.14),(12),(4),(41),(0.6),(11.0),(0.19),(0.64),(2.1),(0.10),0,(35),(1.18),"{""baseName"":""アーモンドチョコレート"",""notes"":[""チョコレート類""]}",チョコレートを含み、テオブロミンによる中毒の危険があるため犬には不可。,1,1,1,(540),(920),(520),(180),(160),(340),(580),(410),(990),(440),(140),(640),(310),(970),(37.90),(5.02),(0.06),(4.96),(5000),(62),(0),(0),(0),350,168754,46.8,Almond chocolate
15,15114,＜チョコレート類＞　カバーリングチョコレート,(2.0),(7.1),(24.3),(3.2),(1.9),488,160,180,140,320,50,1.6,1.1,0.36,0.38,12,5,40,0.6,0.9,0.15,0.27,0.9,0.08,(Tr),14,1.14,"{""baseName"":""カバーリングチョコレート"",""notes"":[""チョコレート類""]}",カバーリングチョコレートはテオブロミン・カフェインを含み犬に有害,1,1,1,(330),(590),(310),(150),(110),(260),(340),(250),(590),(290),(89),(410),(180),(250),(22.07),(1.09),(0.08),(1.01),(1000),(82),(0),(0),(0),350,167556,39.7,Coating chocolate
15,15186,＜チョコレート類＞　スイートチョコレート,0.6,5.8,37.7,7.7,1.5,530,60,210,9,430,130,4,1.8,0.91,0.94,2,4,6,1.5,0.8,0.12,0.11,0.8,0.05,0.1,10,0.2,"{""baseName"":""スイートチョコレート"",""notes"":[""チョコレート類""]}",スイートチョコレートはテオブロミンとカフェインを含み犬にとって中毒性がある,1,1,1,200,350,260,85,120,200,260,190,450,210,72,290,120,310,33.06,1.17,0.07,1.07,1100,70,0,0,0,504.2,167976,22,Sweet chocolate
15,15187,＜チョコレート類＞　スイートチョコレート　カカオ増量,0.9,8.9,41.3,13.1,2.6,539,71,320,3,900,220,9.3,3.2,1.74,1.85,1,7,1,1.7,0.5,0.15,0.11,1.3,0.06,0.1,17,0.19,"{""baseName"":""スイートチョコレート"",""variety"":""カカオ増量"",""notes"":[""チョコレート類""]}",チョコレートはテオブロミン・カフェインを含み、犬に神経・心臓系の中毒を起こすため危険,1,1,1,280,490,360,120,180,300,390,280,680,320,110,440,180,510,36.70,1.25,0.07,1.14,1100,72,0,0,0,498.4,170273,,"Sweet chocolate, high cacao"
15,15115,＜チョコレート類＞　ホワイトチョコレート,0.8,7.2,39.5,0.6,1.6,588,250,210,92,340,24,0.1,0.8,0.02,0.02,20,5,47,Tr,0.8,0.08,0.39,0.2,0.05,-,8,1.05,"{""baseName"":""ホワイトチョコレート"",""notes"":[""チョコレート類""]}",ホワイトチョコレートはチョコレート類に該当し、犬に有害な成分のリスクがあるため危険,1,0,1,,,,,,,,,,,,,,,36.11,1.32,0.13,1.19,1200,96,0,0,0,537,167571,29.5,White chocolate
15,15116,＜チョコレート類＞　ミルクチョコレート,0.5,6.9,34.1,3.9,1.8,550,240,240,64,440,74,2.4,1.6,0.55,0.41,19,6,63,1,0.7,0.19,0.41,1.2,0.11,-,18,1.56,"{""baseName"":""ミルクチョコレート"",""notes"":[""チョコレート類""]}",ミルクチョコレートはテオブロミン・カフェインを含み犬には有害で禁忌,1,1,1,(350),(620),(440),(170),(72),(240),(320),(290),(610),(330),(94),(440),(180),(260),31.34,1.08,0.09,0.99,990,91,0,0,0,498.8,167587,46.1,Milk chocolate
15,15117,＜果実菓子類＞　マロングラッセ,21.0,1.1,0.3,-,0.2,303,8,20,28,60,-,0.6,-,-,-,-,-,0,(0),-,-,0.03,0.1,-,-,-,-,"{""baseName"":""マロングラッセ"",""notes"":[""果実菓子類""]}",マロングラッセは栗自体は可だが砂糖漬けの加工品であるため用途が限られる,5,1,1,(37),(64),(57),(14),(17),(31),(43),(26),(68),(40),(14),(49),(26),(83),(0.23),(0.15),(0.03),(0.12),(120),(29),(0),(0),(0),277.3,168589,,Candied chestnut (Marron glacé)
15,15118,＜チューインガム類＞　板ガム,(3.1),0,0,0,(Tr),388,(3),(Tr),(3),(3),-,(0.1),-,-,-,-,-,0,(0),-,0,0,0,-,-,-,-,"{""baseName"":""板ガム"",""notes"":[""チューインガム類""]}",板ガムはキシリトール含有の可能性や噛み込みによる危険があるため注意が必要,3,0,0,,,,,,,,,,,,,,,,,,,,,,,,350,168771,0,Stick gum
15,15119,＜チューインガム類＞　糖衣ガム,(2.4),0,0,0,(Tr),390,(1),(Tr),(2),(4),-,(0.1),-,-,-,-,-,0,(0),-,0,0,0,-,-,-,-,"{""baseName"":""糖衣ガム"",""notes"":[""チューインガム類""]}",チューインガムはキシリトール含有や誤飲・窒息の危険があり犬には不適切です。,2,0,0,,,,,,,,,,,,,,,,,,,,,,,,350,168771,0,Candy-coated gum
15,15120,＜チューインガム類＞　風船ガム,(3.3),0,0,0,(Tr),387,(3),(Tr),(3),(4),-,(0.1),-,-,-,-,-,0,(0),-,0,0,0,-,-,-,-,"{""baseName"":""風船ガム"",""notes"":[""チューインガム類""]}",チューインガムは消化不良や窒息のリスクがあり、有害甘味料を含むこともあるため素材として不向き,3,0,0,,,,,,,,,,,,,,,,,,,,,,,,350,168771,0,Bubble gum
15,15138,＜その他＞　カスタードクリーム,(61.8),(5.1),(7.6),(0.2),(0.7),174,(93),(140),(34),(120),(9),(0.7),(0.9),(0.02),(0.04),(18),(10),(120),(1.9),(2.5),(0.07),(0.16),(0.1),(0.07),(0.6),(26),(0.83),"{""baseName"":""カスタードクリーム"",""notes"":[""その他""]}",乳製品・砂糖を含む加工品で、消化や糖分について配慮が必要。,4,1,1,(250),(450),(370),(120),(76),(200),(230),(230),(460),(240),(70),(300),(140),(270),(6.18),(0.79),(0.07),(0.73),(600),(25),(1),(34),(81),350,171866,4.4,Custard cream
15,15139,＜その他＞　しるこ　こしあん,(46.1),(4.7),(0.3),(3.2),(0.2),211,(35),(40),(2),(29),(14),(1.3),(0.5),(0.11),(0.35),0,0,0,0,0,(0.01),(0.02),(Tr),0,0,(1),(0.03),"{""baseName"":""しるこ"",""variety"":""こしあん"",""notes"":[""その他""]}",あんこ（こしあん）はあずき自体は可だが糖分の高い加工食品である,5,1,1,(210),(400),(350),(71),(47),(120),(290),(140),(430),(180),(50),(250),(150),(310),(0.12),(0.07),(0.02),(0.05),(50),(22),(0),(0),(0),350,173730,,"Sweet red bean soup, smooth"
15,15140,＜その他＞　しるこ　つぶしあん,(54.5),(4.2),(0.4),(4.3),(0.4),179,(14),(55),(42),(120),(17),(1.1),(0.5),(0.15),(0.30),0,0,0,0,(0.1),(0.01),(0.02),(0.1),(0.02),0,(6),(0.13),"{""baseName"":""しるこ"",""variety"":""つぶしあん"",""notes"":[""その他""]}",つぶしあん（あんこ）は加糖の加工食品で使用は限定的に留めるべき,5,1,1,(190),(350),(320),(67),(43),(110),(260),(120),(380),(170),(44),(230),(140),(280),(0.20),(0.12),(0.04),(0.09),(86),(37),(0),(0),(0),350,171181,,"Sweet red bean soup, mashed"
15,15180,＜その他＞　チョコレートクリーム,(14.6),(4.6),(32.0),(0.6),(1.2),481,(160),(150),(200),(310),(26),(0.6),(0.6),(0.10),(0.07),(10),(2),(45),(3.2),(4.3),(0.07),(0.23),(0.3),(0.03),(0.3),(3),(0.77),"{""baseName"":""チョコレートクリーム"",""notes"":[""その他""]}",チョコレートはテオブロミンを含み、神経・心臓に有害であるため絶対に避けるべき,1,0,0,,,,,,,,,,,,,,,,,,,,,,,,350,168136,34.7,Chocolate cream
16,16001,＜アルコール飲料類＞　（醸造酒類）　清酒　普通酒,82.4,0.4,Tr,0,Tr,107,3,7,2,5,1,Tr,0.1,Tr,0.16,1,0,0,0,0,Tr,0,0,0.07,0,0,0,"{""baseName"":""清酒"",""variety"":""普通酒"",""notes"":[""アルコール飲料類"",""醸造酒類""]}",清酒などのアルコール飲料は犬にとって有害であり与えてはいけない。,1,1,1,11,18,10,1.6,5.6,7.2,11,13,25,12,1.1,17,8.9,33,0,0,0,0,0,0,0,0,0,61.6,167723,0,"Sake, regular"
16,16002,＜アルコール飲料類＞　（醸造酒類）　清酒　純米酒,83.7,0.4,Tr,0,Tr,102,3,9,4,5,1,0.1,0.1,Tr,0.18,-,-,0,0,0,Tr,0,0,0.12,0,0,0.02,"{""baseName"":""清酒"",""variety"":""純米酒"",""notes"":[""アルコール飲料類"",""醸造酒類""]}",清酒はアルコール飲料で、エタノールが中枢神経や代謝に悪影響を及ぼすため犬に有害,1,1,1,(11),(18),(10),(1.6),(5.6),(7.2),(11),(13),(25),(12),(1.1),(17),(8.9),(33),0,0,0,0,0,0,0,0,0,57.05,167723,0,"Sake, junmai"
16,16003,＜アルコール飲料類＞　（醸造酒類）　清酒　本醸造酒,82.8,0.4,0,0,Tr,106,3,8,2,5,1,Tr,0.1,Tr,0.19,-,-,0,0,0,Tr,0,0,0.09,0,0,0,"{""baseName"":""清酒"",""variety"":""本醸造酒"",""notes"":[""アルコール飲料類"",""醸造酒類""]}",清酒はアルコール飲料で犬に有害なため使用不可である,1,1,1,(11),(18),(10),(1.6),(5.6),(7.2),(11),(13),(25),(12),(1.1),(17),(8.9),(33),0,0,0,0,0,0,0,0,0,60.2,167723,0,"Sake, honjozo"
16,16004,＜アルコール飲料類＞　（醸造酒類）　清酒　吟醸酒,83.6,0.3,0,0,Tr,103,2,7,2,7,1,Tr,0.1,0.01,0.16,-,-,0,0,0,0,0,0,0.12,0,0,0.06,"{""baseName"":""清酒"",""variety"":""吟醸酒"",""notes"":[""アルコール飲料類"",""醸造酒類""]}",アルコール含有の飲料で犬に有害となるため禁止,1,1,1,(8.4),(14),(7.7),(1.2),(4.2),(5.4),(8.6),(10),(19),(8.8),(0.8),(13),(6.7),(24),0,0,0,0,0,0,0,0,0,57.4,167723,0,"Sake, ginjo"
16,16005,＜アルコール飲料類＞　（醸造酒類）　清酒　純米吟醸酒,83.5,0.4,0,0,Tr,102,2,8,3,5,1,Tr,0.1,0.01,0.20,-,-,0,0,0,0,0,0,0.14,0,0,0.06,"{""baseName"":""清酒"",""variety"":""純米吟醸酒"",""notes"":[""アルコール飲料類"",""醸造酒類""]}",アルコール飲料は犬に有害で、中枢神経や内臓に影響を及ぼすため使用不可。,1,1,1,(11),(18),(10),(1.6),(5.6),(7.2),(11),(13),(25),(12),(1.1),(17),(8.9),(33),0,0,0,0,0,0,0,0,0,57.75,167723,0,"Sake, junmai ginjo"
16,16006,＜アルコール飲料類＞　（醸造酒類）　ビール　淡色,92.8,0.3,0,0,0.1,39,3,15,3,34,7,Tr,Tr,Tr,0.01,1,Tr,0,0,0,0,0.02,0.8,0.05,0.1,7,0.08,"{""baseName"":""ビール"",""variety"":""淡色"",""notes"":[""アルコール飲料類"",""醸造酒類""]}",ビールなどのアルコールは中枢抑制など有害作用があり犬に禁忌であるため,1,1,1,6.1,8.6,7.8,1.9,6.5,8.4,7.7,9.5,17,7.8,3.4,11,7.4,11,0,0,0,0,0,0,0,0,0,24.85,169572,,"Beer, pale"
16,16007,＜アルコール飲料類＞　（醸造酒類）　ビール　黒,91.6,0.4,Tr,0.2,0.2,45,3,33,3,55,10,0.1,Tr,Tr,0.02,-,-,0,0,0,0,0.04,1.0,0.07,Tr,9,0.04,"{""baseName"":""ビール"",""variety"":""黒"",""notes"":[""アルコール飲料類"",""醸造酒類""]}",ビールなどのアルコール飲料はエタノールを含み犬に中枢神経抑制などの有害作用を起こすため危険,1,1,1,(8.1),(11),(10),(2.5),(8.7),(11),(10),(13),(23),(10),(4.5),(14),(9.8),(14),0,0,0,0,0,0,0,0,0,28,168749,8.8,"Beer, dark"
16,16008,＜アルコール飲料類＞　（醸造酒類）　ビール　スタウト,88.4,0.5,Tr,0.3,0.3,62,3,43,4,65,14,0.1,Tr,Tr,0.06,-,-,0,0,0,0,0.05,1.0,0.06,Tr,10,0.12,"{""baseName"":""ビール"",""variety"":""スタウト"",""notes"":[""アルコール飲料類"",""醸造酒類""]}",ビールにはアルコールが含まれ、犬にとって中枢神経抑制など有害であるため使用不可。,1,1,1,(10),(14),(13),(3.2),(11),(14),(13),(16),(29),(13),(5.6),(18),(12),(18),0,0,0,0,0,0,0,0,0,38.5,171906,10.1,"Beer, stout"
16,16009,＜アルコール飲料類＞　（醸造酒類）　発泡酒,92.0,0.1,0,0,0.1,44,4,8,1,13,4,0,Tr,Tr,0.01,-,-,0,0,0,0,0.01,0.3,0.01,0,4,0.10,"{""baseName"":""発泡酒"",""notes"":[""アルコール飲料類"",""醸造酒類""]}",発泡酒はアルコールを含み、中枢神経抑制などの危険があるため使用不可,1,1,1,(2.0),(2.9),(2.6),(0.6),(2.2),(2.8),(2.6),(3.2),(5.7),(2.6),(1.1),(3.6),(2.5),(3.5),0,0,0,0,0,0,0,0,0,27.65,169575,0,Happoshu (low-malt beer)
16,16010,＜アルコール飲料類＞　（醸造酒類）　ぶどう酒　白,88.6,0.1,Tr,-,0.2,75,8,12,3,60,7,0.3,Tr,0.01,0.09,-,-,(0),(0),-,0,0,0.1,0.02,0,0,0.07,"{""baseName"":""ぶどう酒"",""variety"":""白"",""notes"":[""アルコール飲料類"",""醸造酒類""]}",アルコール含有で中枢神経や臓器に有害となるため与えてはいけない,1,0,0,,,,,,,,,,,,,,,,,,,,,,,,39.2,174837,4.3,"Wine, white"
16,16011,＜アルコール飲料類＞　（醸造酒類）　ぶどう酒　赤,88.7,0.2,Tr,-,0.3,68,7,13,2,110,9,0.4,Tr,0.02,0.15,Tr,0,(0),(0),-,0,0.01,0.1,0.03,0,0,0.07,"{""baseName"":""ぶどう酒"",""variety"":""赤"",""notes"":[""アルコール飲料類"",""醸造酒類""]}",ぶどう由来の酒類はぶどう成分とアルコールを含み、犬に重大な危険を及ぼすため不可,1,0,0,,,,,,,,,,,,,,,,,,,,,,,,38.5,173190,5.7,"Wine, red"
16,16012,＜アルコール飲料類＞　（醸造酒類）　ぶどう酒　ロゼ,87.4,0.1,Tr,0,Tr,71,10,10,4,60,7,0.4,Tr,0.02,0.10,-,-,0,0,0,0,0,0.1,0.02,0,0,0,"{""baseName"":""ぶどう酒"",""variety"":""ロゼ"",""notes"":[""アルコール飲料類"",""醸造酒類""]}",ぶどう由来かつアルコールを含み、ぶどう類とアルコールはいずれも犬に有害で危険性が高い。,1,0,1,,,,,,,,,,,,,,,0,0,0,0,0,0,0,0,0,44.1,171908,0,"Wine, rosé"
16,16013,＜アルコール飲料類＞　（醸造酒類）　紹興酒,78.8,1.7,Tr,Tr,0.3,126,25,37,15,55,19,0.3,0.4,0.02,0.49,-,-,(0),(0),-,Tr,0.03,0.6,0.03,Tr,1,0.19,"{""baseName"":""紹興酒"",""notes"":[""アルコール飲料類"",""醸造酒類""]}",紹興酒はアルコール飲料であり、犬に深刻な影響を与えるため不可,1,0,0,,,,,,,,,,,,,,,,,,,,,,,,73.15,169070,5,Shaoxing wine
16,16014,＜アルコール飲料類＞　（蒸留酒類）　しょうちゅう　連続式蒸留しょうちゅう,71.0,0,0,(0),0,203,-,-,-,-,-,-,-,-,-,-,-,(0),(0),-,(0),(0),(0),(0),(0),(0),(0),"{""baseName"":""しょうちゅう"",""variety"":""連続式蒸留しょうちゅう"",""notes"":[""アルコール飲料類"",""蒸留酒類""]}",焼酎などのアルコール類は中枢抑制や中毒を引き起こすため犬には有害,1,0,0,,,,,,,,,,,,,,,,,,,,,,,,101.5,,,"Shochu, continuous distillation"
16,16015,＜アルコール飲料類＞　（蒸留酒類）　しょうちゅう　単式蒸留しょうちゅう,79.5,0,0,(0),0,144,-,-,-,-,-,-,-,-,-,-,-,(0),(0),-,(0),(0),(0),(0),(0),(0),(0),"{""baseName"":""しょうちゅう"",""variety"":""単式蒸留しょうちゅう"",""notes"":[""アルコール飲料類"",""蒸留酒類""]}",焼酎はアルコールを含み、中枢神経や代謝に有害で犬に与えてはいけない。,1,0,0,,,,,,,,,,,,,,,,,,,,,,,,71.75,,,"Shochu, pot still"
16,16060,＜アルコール飲料類＞　（蒸留酒類）　しょうちゅう　泡盛,70.6,Tr,Tr,-,0,206,Tr,0,1,1,0,Tr,0,Tr,Tr,-,-,-,-,-,-,-,-,-,-,-,-,"{""baseName"":""しょうちゅう"",""variety"":""泡盛"",""notes"":[""アルコール飲料類"",""蒸留酒類""]}",アルコールは犬に有害で中枢神経や代謝に影響を及ぼすため使用不可。,1,0,0,,,,,,,,,,,,,,,,,,,,,,,,102.9,174818,,Awamori
16,16016,＜アルコール飲料類＞　（蒸留酒類）　ウイスキー,66.6,0,0,(0),0,234,0,Tr,2,1,0,Tr,Tr,0.01,0,-,-,(0),(0),-,(0),(0),(0),(0),(0),(0),(0),"{""baseName"":""ウイスキー"",""notes"":[""アルコール飲料類"",""蒸留酒類""]}",ウイスキーなどのアルコール飲料はエタノール中毒を引き起こすため犬には有害で与えてはいけない,1,0,0,,,,,,,,,,,,,,,,,,,,,,,,116.9,174819,,Whiskey
16,16017,＜アルコール飲料類＞　（蒸留酒類）　ブランデー,66.6,0,0,(0),0,234,0,Tr,4,1,0,0,Tr,0.03,0,-,-,(0),(0),-,(0),(0),(0),(0),(0),(0),(0),"{""baseName"":""ブランデー"",""notes"":[""アルコール飲料類"",""蒸留酒類""]}",ブランデーなどのアルコールは中枢抑制など有害作用があるため絶対に避けるべき。,1,0,0,,,,,,,,,,,,,,,,,,,,,,,,116.9,174819,,Brandy
16,16018,＜アルコール飲料類＞　（蒸留酒類）　ウオッカ,66.2,0,0,(0),0,237,(0),(0),Tr,Tr,-,(0),-,-,-,-,-,(0),(0),-,(0),(0),(0),(0),(0),(0),(0),"{""baseName"":""ウオッカ"",""notes"":[""アルコール飲料類"",""蒸留酒類""]}",アルコール含有で犬に有害（中枢神経抑制など）,1,0,0,,,,,,,,,,,,,,,,,,,,,,,,118.3,,,Vodka
16,16019,＜アルコール飲料類＞　（蒸留酒類）　ジン,59.9,0,Tr,(0),0,280,(0),(0),Tr,Tr,-,(0),-,-,-,-,-,(0),(0),-,(0),(0),(0),(0),(0),(0),(0),"{""baseName"":""ジン"",""notes"":[""アルコール飲料類"",""蒸留酒類""]}",ジンなどのアルコールは犬に対して中枢抑制や毒性を示すため禁忌,1,0,0,,,,,,,,,,,,,,,,,,,,,,,,140.35,,,Gin
16,16020,＜アルコール飲料類＞　（蒸留酒類）　ラム,66.1,0,Tr,(0),0,237,0,Tr,3,Tr,0,0,Tr,Tr,0,-,-,(0),(0),-,(0),(0),(0),(0),(0),(0),(0),"{""baseName"":""ラム"",""notes"":[""アルコール飲料類"",""蒸留酒類""]}",ラム（蒸留酒）はアルコールを含み犬にとって毒性があるため絶対に与えられない,1,0,0,,,,,,,,,,,,,,,,,,,,,,,,118.65,,,Rum
16,16021,＜アルコール飲料類＞　（蒸留酒類）　マオタイ酒,54.7,0,0,(0),0,317,2,Tr,Tr,Tr,0,0.3,Tr,0.02,0.01,-,-,(0),(0),-,(0),(0),(0),(0),(0),(0),(0),"{""baseName"":""マオタイ酒"",""notes"":[""アルコール飲料類"",""蒸留酒類""]}",マオタイ酒は高濃度のアルコールを含み、犬にとって有害である。,1,0,0,,,,,,,,,,,,,,,,,,,,,,,,158.55,167723,0,Moutai (Maotai)
16,16022,＜アルコール飲料類＞　（混成酒類）　梅酒,68.9,0.1,Tr,-,0.1,155,1,3,4,39,2,Tr,Tr,0.01,0.01,0,0,(0),-,-,0,0.01,Tr,0.01,0,0,0,"{""baseName"":""梅酒"",""notes"":[""アルコール飲料類"",""混成酒類""]}",梅酒はアルコール含有のため犬に有害となるため禁止,1,0,0,,,,,,,,,,,,,,,,,,,,,,,,108.5,174841,,Plum wine
16,16023,＜アルコール飲料類＞　（混成酒類）　合成清酒,82.2,0.1,0,-,0.1,108,2,5,11,3,Tr,0,Tr,Tr,0,-,-,(0),-,-,0,0,0,0.01,0,0,0,"{""baseName"":""合成清酒"",""notes"":[""アルコール飲料類"",""混成酒類""]}",アルコールを含み、中枢神経抑制など犬に有害な影響を及ぼす。,1,0,0,,,,,,,,,,,,,,,,,,,,,,,,61.95,167723,0,Synthetic sake
16,16024,＜アルコール飲料類＞　（混成酒類）　白酒,44.7,1.9,Tr,-,Tr,236,3,14,5,14,4,0.1,0.3,0.08,0.27,-,-,(0),-,-,0.02,0.01,0.1,0.02,0,1,0.10,"{""baseName"":""白酒"",""notes"":[""アルコール飲料類"",""混成酒類""]}",白酒はアルコール含有で犬に有害なため、与えてはいけない,1,0,0,,,,,,,,,,,,,,,,,,,,,,,,193.55,167723,0,Shirozake (white sake)
16,16025,＜アルコール飲料類＞　（混成酒類）　みりん　本みりん,47.0,0.3,Tr,-,Tr,241,2,7,3,7,2,0,0,0.05,0.04,-,-,(0),-,-,Tr,0,Tr,0.01,0,0,0,"{""baseName"":""みりん"",""variety"":""本みりん"",""notes"":[""アルコール飲料類"",""混成酒類""]}",本みりんはアルコールを含み、アルコールは犬に有害であるため不適切。,1,1,0,11,19,8.8,2.7,0,2.7,12,11,23,10,1.4,16,6.6,17,,,,,,,,,,185.5,169640,2.2,"Mirin, hon mirin"
16,16026,＜アルコール飲料類＞　（混成酒類）　みりん　本直し,68.2,0.1,Tr,-,Tr,179,2,3,3,2,2,0,Tr,Tr,0.06,-,-,(0),-,-,0,0,0,0,0,0,0,"{""baseName"":""みりん"",""variety"":""本直し"",""notes"":[""アルコール飲料類"",""混成酒類""]}",みりんはアルコールを含み、犬に有害となるため使用不可。,1,1,0,(3.5),(6.4),(2.9),(0.9),(0),(0.9),(4.0),(3.8),(7.8),(3.4),(0.5),(5.3),(2.2),(5.7),,,,,,,,,,111.3,169640,2.2,"Mirin, hon naoshi"
16,16027,＜アルコール飲料類＞　（混成酒類）　薬味酒,62.6,Tr,Tr,-,Tr,181,1,2,1,14,1,Tr,Tr,Tr,0.08,-,-,(0),-,-,0,0,0.1,0.01,0,0,0,"{""baseName"":""薬味酒"",""notes"":[""アルコール飲料類"",""混成酒類""]}",薬味酒はアルコールを含み、エタノールによる中毒の危険があるため犬には使用不可である。,1,0,0,,,,,,,,,,,,,,,,,,,,,,,,130.9,173232,0.4,Herbal liqueur
16,16028,＜アルコール飲料類＞　（混成酒類）　キュラソー,43.1,Tr,Tr,-,Tr,319,Tr,0,1,Tr,0,0,Tr,0.01,0,-,-,(0),-,-,0,0,0,0,0,0,0,"{""baseName"":""キュラソー"",""notes"":[""アルコール飲料類"",""混成酒類""]}",キュラソーはアルコール含有で犬に中毒を起こすため絶対に不可。,1,0,0,,,,,,,,,,,,,,,,,,,,,,,,199.15,167791,,Curacao
16,16029,＜アルコール飲料類＞　（混成酒類）　スイートワイン,75.2,0.1,0,-,0.2,125,5,7,5,70,5,0.3,Tr,Tr,0.01,-,-,(0),-,-,0,Tr,Tr,0.01,0,0,0,"{""baseName"":""スイートワイン"",""notes"":[""アルコール飲料類"",""混成酒類""]}",アルコール飲料はエタノールを含み犬にとって有害で使用不可,1,0,0,,,,,,,,,,,,,,,,,,,,,,,,86.1,173202,,Sweet wine
16,16030,＜アルコール飲料類＞　（混成酒類）　ペパーミント,41.0,0,0,-,Tr,300,Tr,0,4,1,0,0,Tr,Tr,0,-,-,(0),-,-,0,0,0,0,0,0,0,"{""baseName"":""ペパーミント"",""notes"":[""アルコール飲料類"",""混成酒類""]}",アルコール含有の飲料は犬に中枢神経抑制等の有害作用を起こすため使用不可,1,0,0,,,,,,,,,,,,,,,,,,,,,,,,206.5,173209,,Peppermint liqueur
16,16031,＜アルコール飲料類＞　（混成酒類）　ベルモット　甘口タイプ,71.3,0.1,0,-,0.1,151,6,7,4,29,5,0.3,Tr,0.01,0.01,-,-,-,-,-,0,0,0.1,Tr,0,0,0.06,"{""baseName"":""ベルモット"",""variety"":""甘口タイプ"",""notes"":[""アルコール飲料類"",""混成酒類""]}",ベルモットはアルコール含有の混成酒で犬に有害なため使用不可である,1,0,0,,,,,,,,,,,,,,,,,,,,,,,,100.1,173176,5,"Vermouth, sweet"
16,16032,＜アルコール飲料類＞　（混成酒類）　ベルモット　辛口タイプ,81.7,0.1,0,-,0.1,113,8,8,4,26,6,0.3,Tr,0.01,0.01,-,-,-,-,-,0,0,0.1,Tr,0,0,0,"{""baseName"":""ベルモット"",""variety"":""辛口タイプ"",""notes"":[""アルコール飲料類"",""混成酒類""]}",アルコール含有飲料でエタノールは犬に有害なため絶対に与えてはいけない。,1,0,0,,,,,,,,,,,,,,,,,,,,,,,,63.7,175112,,"Vermouth, dry"
16,16059,＜アルコール飲料類＞　（混成酒類）　缶チューハイ　レモン風味,91.4,0,Tr,0.1,Tr,51,1,Tr,10,13,Tr,0,0,Tr,0,0,0,(0),(0),0,0,0,0,0,(0),0,0,"{""baseName"":""缶チューハイ"",""variety"":""レモン風味"",""notes"":[""アルコール飲料類"",""混成酒類""]}",アルコール含有飲料で犬に有害な影響を起こす可能性がある。,1,0,0,,,,,,,,,,,,,,,,,,,,,,,,29.75,174111,0,"Chu-hi, lemon, canned"
16,16033,＜茶類＞　（緑茶類）　玉露　茶,3.1,29.1,4.1,43.9,6.3,241,390,410,11,2800,210,10.0,4.3,0.84,71.00,-,-,(0),(0),16.0,0.30,1.16,6.0,0.69,(0),1000,4.10,"{""baseName"":""玉露"",""variety"":""茶"",""notes"":[""茶類"",""緑茶類""]}",玉露（緑茶）はカフェインを多く含み、犬の中枢神経や心臓に影響を及ぼす恐れがある。,1,1,0,(1100),(2100),(1700),(540),(370),(910),(1300),(920),(2200),(1200),(480),(1400),(690),(1900),,,,,,,,,,183.95,173230,118.3,"Gyokuro tea, leaves"
16,16034,＜茶類＞　（緑茶類）　玉露　浸出液,97.8,1.3,(0),-,0.5,5,4,30,2,340,15,0.2,0.3,0.02,4.60,-,-,(0),(0),-,0.02,0.11,0.6,0.07,(0),150,0.24,"{""baseName"":""玉露"",""state"":""浸出液"",""notes"":[""茶類"",""緑茶類""]}",玉露（緑茶）の浸出液はカフェインを含み、神経・心臓系に影響を与えるため不適,1,1,0,(50),(93),(77),(24),(17),(41),(59),(41),(100),(53),(21),(63),(31),(84),,,,,,,,,,5.95,174144,0,"Gyokuro tea, brewed"
16,16035,＜茶類＞　（緑茶類）　抹茶　茶,5.0,29.6,5.3,38.5,7.4,237,420,350,6,2700,230,17.0,6.3,0.60,-,-,-,(0),(0),28.0,0.60,1.35,4.0,0.96,(0),1200,3.70,"{""baseName"":""抹茶"",""variety"":""茶"",""notes"":[""茶類"",""緑茶類""]}",抹茶（緑茶）はカフェイン等の刺激成分を含み、犬にとって有害である。,1,1,1,1100,2100,1700,550,380,930,1300,930,2300,1200,480,1400,700,1900,3.19,2.16,1.34,0.81,810,1300,-,-,0,198.35,173230,118.3,"Matcha, powder"
16,16036,＜茶類＞　（緑茶類）　せん茶　茶,2.8,24.5,4.7,46.5,5.0,229,450,290,3,2200,200,20.0,3.2,1.30,55.00,4,3,(0),(0),65.0,0.36,1.43,4.1,0.46,(0),1300,3.10,"{""baseName"":""せん茶"",""variety"":""茶"",""notes"":[""茶類"",""緑茶類""]}",緑茶はカフェインを含み、犬にとって神経・心臓に影響を及ぼすため不適切,1,1,1,(940),(1700),(1400),(460),(310),(770),(1100),(770),(1900),(990),(400),(1200),(580),(1600),2.81,1.94,1.35,0.59,590,1400,-,-,0,183.45,173230,118.3,"Sencha tea, leaves"
16,16037,＜茶類＞　（緑茶類）　せん茶　浸出液,99.4,0.2,(0),-,0.1,2,3,2,3,27,2,0.2,Tr,0.01,0.31,0,0,(0),(0),-,0,0.05,0.2,0.01,(0),16,0.04,"{""baseName"":""せん茶"",""state"":""浸出液"",""notes"":[""茶類"",""緑茶類""]}",緑茶はカフェインを含み、犬に神経や心臓への影響を起こす可能性があるため禁忌です。,1,1,0,(7.7),(14),(12),(3.7),(2.6),(6.3),(9.0),(6.3),(15),(8.1),(3.3),(9.7),(4.8),(13),,,,,,,,,,1.75,174120,0,"Sencha tea, brewed"
16,16038,＜茶類＞　（緑茶類）　かまいり茶　浸出液,99.7,0.1,(0),-,0.1,1,4,1,1,29,1,Tr,Tr,Tr,0.37,-,-,(0),(0),-,0,0.04,0.1,0.01,(0),18,0,"{""baseName"":""かまいり茶"",""state"":""浸出液"",""notes"":[""茶類"",""緑茶類""]}",茶類の浸出液はカフェインを含み、犬に有害となるため使用不可。,1,1,0,(3.8),(7.1),(5.9),(1.9),(1.3),(3.1),(4.5),(3.2),(7.7),(4.0),(1.6),(4.9),(2.4),(6.5),,,,,,,,,,0.7,174120,0,"Kamairicha tea, brewed"
16,16062,＜茶類＞　（緑茶類）　番茶　茶,2.8,21.8,5.3,38.5,4.9,266,510,310,6,1500,190,12.5,2.2,1.09,90.12,14,2,-,-,40.8,0.36,1.21,7.9,1.07,-,670,1.08,"{""baseName"":""番茶"",""variety"":""茶"",""notes"":[""茶類"",""緑茶類""]}",番茶（緑茶類）はカフェインを含み、犬には有害な影響を与えるため避けるべき。,1,0,0,,,,,,,,,,,,,,,,,,,,,,,,214.8,174872,118.3,"Bancha tea, leaves"
16,16039,＜茶類＞　（緑茶類）　番茶　浸出液,99.8,Tr,(0),-,0.1,0,5,2,2,32,1,0.2,Tr,0.01,0.19,-,-,(0),(0),-,0,0.03,0.2,0.01,(0),7,0,"{""baseName"":""番茶"",""state"":""浸出液"",""notes"":[""茶類"",""緑茶類""]}",カフェインを含む茶類の浸出液は犬に神経・心臓への影響を与えるため不適,2,0,0,,,,,,,,,,,,,,,,,,,,,,,,0.35,174120,0,"Bancha tea, brewed"
16,16063,＜茶類＞　（緑茶類）　ほうじ茶　茶,1.8,18.4,5,49.3,4.7,257,500,280,3,1500,180,8.7,2,1.31,78.79,10,3,-,-,32.2,0.1,0.86,4.2,0.3,-,370,0.48,"{""baseName"":""ほうじ茶"",""variety"":""茶"",""notes"":[""茶類"",""緑茶類""]}",ほうじ茶などの茶類はカフェインを含み、犬にとって有害となり得る。,1,0,0,,,,,,,,,,,,,,,,,,,,,,,,179.7,173230,118.3,"Hojicha tea, leaves"
16,16040,＜茶類＞　（緑茶類）　ほうじ茶　浸出液,99.8,Tr,(0),-,0.1,0,2,1,1,24,Tr,Tr,Tr,0.01,0.26,-,-,(0),(0),-,0,0.02,0.1,Tr,(0),13,0,"{""baseName"":""ほうじ茶"",""state"":""浸出液"",""notes"":[""茶類"",""緑茶類""]}",茶類はカフェインを含み、犬に神経・心臓への影響を及ぼすため不適切,1,0,0,,,,,,,,,,,,,,,,,,,,,,,,0.35,174120,0,"Hojicha tea, brewed"
16,16041,＜茶類＞　（緑茶類）　玄米茶　浸出液,99.9,0,(0),0,0.1,0,2,1,2,7,1,Tr,Tr,0.01,0.15,-,-,(0),(0),(0),0,0.01,0.1,0.01,(0),3,0,"{""baseName"":""玄米茶"",""state"":""浸出液"",""notes"":[""茶類"",""緑茶類""]}",緑茶の浸出液はカフェイン等が含まれ犬に有害となるため不適切,1,0,0,,,,,,,,,,,,,,,,,,,,,,,,0,174120,0,"Genmaicha tea, brewed"
16,16042,＜茶類＞　（発酵茶類）　ウーロン茶　浸出液,99.8,Tr,(0),-,0.1,0,2,1,1,13,1,Tr,Tr,Tr,0.24,0,0,(0),(0),-,0,0.03,0.1,Tr,(0),2,0,"{""baseName"":""ウーロン茶"",""state"":""浸出液"",""notes"":[""茶類"",""発酵茶類""]}",ウーロン茶にはカフェインが含まれ、犬では神経・心臓に有害となり得る,1,0,0,,,,,,,,,,,,,,,,,,,,,,,,0.35,174120,0,"Oolong tea, brewed"
16,16043,＜茶類＞　（発酵茶類）　紅茶　茶,6.2,20.3,2.5,38.1,5.4,234,470,320,3,2000,220,17.0,4.0,2.10,21.00,6,8,(0),(0),9.8,0.10,0.80,10.0,0.28,(0),210,2.00,"{""baseName"":""紅茶"",""variety"":""茶"",""notes"":[""茶類"",""発酵茶類""]}",紅茶はカフェインを含み、犬にとって神経・心臓へ有害となるため不適切,1,0,0,,,,,,,,,,,,,,,,,,,,,,,,188.55,174144,0,"Black tea, leaves"
16,16044,＜茶類＞　（発酵茶類）　紅茶　浸出液,99.7,0.1,(0),-,Tr,1,1,2,1,8,1,0,Tr,0.01,0.22,0,0,(0),(0),-,0,0.01,0.1,0.01,(0),3,0,"{""baseName"":""紅茶"",""state"":""浸出液"",""notes"":[""茶類"",""発酵茶類""]}",紅茶の浸出液はカフェインを含み、犬には有害となる可能性があるため不適,1,0,0,,,,,,,,,,,,,,,,,,,,,,,,1.05,174120,0,"Black tea, brewed"
16,16045,＜コーヒー・ココア類＞　コーヒー　浸出液,98.6,0.2,Tr,-,0.2,4,2,7,1,65,6,Tr,Tr,0,0.03,0,0,0,0,0,0,0.01,0.8,0,0,0,0,"{""baseName"":""コーヒー"",""state"":""浸出液"",""notes"":[""コーヒー・ココア類""]}",コーヒー浸出液はカフェインを含み中枢・心臓に有害で犬には禁忌,1,1,1,(3.3),(8.3),(1.7),(0),(3.3),(3.3),(5.0),(3.3),(8.3),(1.7),(0),(5.0),(3.3),(1.7),(0.02),(0.01),(0),(0.01),(9),(Tr),-,-,(0),4.2,171881,0,"Coffee, brewed"
16,16046,＜コーヒー・ココア類＞　コーヒー　インスタントコーヒー,3.8,14.7,0.3,-,8.7,287,140,350,32,3600,410,3.0,0.4,0.03,1.90,8,5,(0),(0),0.1,0.02,0.14,47.0,0.01,0.1,8,0,"{""baseName"":""コーヒー"",""variety"":""インスタントコーヒー"",""notes"":[""コーヒー・ココア類""]}",インスタントコーヒーはカフェインを含み犬に有害なため与えてはいけない,1,1,1,(210),(580),(120),(28),(240),(270),(320),(200),(510),(170),(36),(330),(200),(64),0.21,0.10,Tr,0.09,94,3,-,-,0,307.75,171893,101.9,"Coffee, instant"
16,16064,＜コーヒー・ココア類＞　コーヒー　缶コーヒー　無糖,99,0.1,Tr,-,0.2,3,1,4,21,68,5,Tr,0,Tr,0.02,Tr,0,-,-,0,0,0,0.8,0,0,0,0,"{""baseName"":""コーヒー"",""variety"":""缶コーヒー 無糖"",""notes"":[""コーヒー・ココア類""]}",カフェイン含有で犬に有害。摂取は避けるべき。,1,0,0,,,,,,,,,,,,,,,,,,,,,,,,2.8,171894,,"Coffee, canned, unsweetened"
16,16047,＜コーヒー・ココア類＞　コーヒー　コーヒー飲料　乳成分入り　加糖,90.5,0.7,0.3,-,0.3,38,22,19,30,60,6,0.1,0.1,0.01,0.02,2,Tr,0,-,0,0.01,0.04,0.3,Tr,-,0,0.11,"{""baseName"":""コーヒー"",""variety"":""コーヒー飲料 乳成分入り 加糖"",""notes"":[""コーヒー・ココア類""]}",缶コーヒーなどのコーヒー飲料はカフェインを含み、神経・心臓に有害で使用不可。,1,0,1,,,,,,,,,,,,,,,0.23,0.01,Tr,0.01,6,1,0,0,Tr,33.7,171880,0,"Coffee drink, with milk, sweetened"
16,16048,＜コーヒー・ココア類＞　ココア　ピュアココア,4.0,18.5,21.6,23.9,7.5,386,140,660,16,2800,440,14.0,7.0,3.80,-,-,-,0,(0),0.3,0.16,0.22,2.3,0.08,0,31,0.85,"{""baseName"":""ココア"",""variety"":""ピュアココア"",""notes"":[""コーヒー・ココア類""]}",ココアはテオブロミン・カフェインを含み、犬に有害であるため使用不可。,1,1,1,610,1000,620,240,360,600,820,630,1400,740,260,960,340,1100,19.98,0.70,0.04,0.66,660,37,-,-,0,334.1,169593,12,"Cocoa powder, unsweetened"
16,16049,＜コーヒー・ココア類＞　ココア　ミルクココア,1.6,7.4,6.8,5.5,2.6,400,180,240,270,730,130,2.9,2.1,0.93,0.74,-,-,8,-,0.4,0.07,0.42,0.3,0.07,-,12,0.90,"{""baseName"":""ココア"",""variety"":""ミルクココア"",""notes"":[""コーヒー・ココア類""]}",ココアに含まれるテオブロミン・カフェインは犬に有害で、絶対に避けるべき成分を含む。,1,0,1,,,,,,,,,,,,,,,6.27,0.24,0.02,0.22,220,16,0,0,1,350.05,174122,33.1,Milk cocoa
16,16056,＜その他＞　青汁　ケール,2.3,13.8,4.4,28.0,8.6,312,1200,270,230,2300,210,2.9,1.8,0.17,2.75,5,9,0,0,9.4,0.31,0.80,6.0,0.75,0,820,1.31,"{""baseName"":""青汁"",""variety"":""ケール"",""notes"":[""その他""]}",青汁（ケール粉末）は野菜由来の成分を補えるが粉末で濃縮されており成分の強さに注意が必要,6,1,1,550,1000,700,240,180,420,660,430,1100,660,240,760,350,660,2.72,2.08,1.29,0.52,520,1300,0,0,0,235.85,168421,0.5,"Aojiru, kale"
16,16050,＜その他＞　甘酒,79.7,1.7,0.1,0.4,0.2,76,3,21,60,14,5,0.1,0.3,0.05,0.17,-,-,(0),(0),Tr,0.01,0.03,0.2,0.02,-,8,0,"{""baseName"":""甘酒"",""notes"":[""その他""]}",甘酒は発酵由来の飲料で糖分が高く、市販品によってはアルコールを含む場合があるため注意が必要。,5,1,0,(65),(130),(59),(40),(33),(73),(79),(76),(160),(68),(24),(93),(38),(120),,,,,,,,,,69.45,173730,,Amazake
16,16051,＜その他＞　昆布茶,1.4,5.2,0.2,2.8,51.3,173,88,14,20000,580,51,0.5,0.3,Tr,0.03,26000,2,0,0,Tr,0.01,0.02,0.1,Tr,0,11,0.01,"{""baseName"":""昆布茶"",""notes"":[""その他""]}",昆布由来のだし成分でミネラル供給源として利用でき、犬のレシピ素材として適する,8,1,0,9.8,16,11,3.9,7.8,12,11,6.8,18,13,2.9,14,3.6,10,,,,,,,,,,156.75,167603,,Kombu tea
16,16057,＜その他＞　スポーツドリンク,94.7,0,Tr,Tr,0.1,21,8,0,31,26,3,Tr,0,0,0,-,-,0,0,0,0,0,0.8,0.12,0,0,Tr,"{""baseName"":""スポーツドリンク"",""notes"":[""その他""]}",水分補給にはなるが糖分・電解質配合があるため常用する素材としては適さない。,5,0,0,,,,,,,,,,,,,,,,,,,,,,,,18.2,174178,0,Sports drink
16,16052,＜その他＞　（炭酸飲料類）　果実色飲料,87.2,Tr,Tr,-,Tr,51,3,Tr,2,1,0,Tr,0,Tr,0,1,0,(0),(0),-,0,0,0,-,-,-,-,"{""baseName"":""果実色飲料"",""notes"":[""その他"",""炭酸飲料類""]}",無果汁の果実色炭酸飲料は糖分や添加物が多く、レシピ素材としては好ましくない。,4,0,0,,,,,,,,,,,,,,,,,,,,,,,,44.8,175093,0.3,Fruit-flavored carbonated drink
16,16053,＜その他＞　（炭酸飲料類）　コーラ,88.5,0.1,Tr,-,Tr,46,2,11,2,Tr,1,Tr,Tr,Tr,0,-,-,(0),(0),-,0,0,0,-,-,-,-,"{""baseName"":""コーラ"",""notes"":[""その他"",""炭酸飲料類""]}",コーラはカフェインを含み、神経・心臓に有害となるため犬には不適切,1,0,0,,,,,,,,,,,,,,,,,,,,,,,,40.25,174851,0.3,Cola
16,16054,＜その他＞　（炭酸飲料類）　サイダー,89.8,Tr,Tr,-,0,41,1,0,4,Tr,Tr,Tr,0.1,0.02,0,-,-,(0),(0),-,0,0,0,-,-,-,-,"{""baseName"":""サイダー"",""notes"":[""その他"",""炭酸飲料類""]}",炭酸飲料で糖分・炭酸が多く、犬の素材としては適さない,5,0,0,,,,,,,,,,,,,,,,,,,,,,,,35.7,174146,1.7,Cider (Japanese-style soda)
16,16058,＜その他＞　（炭酸飲料類）　ビール風味炭酸飲料,98.6,0.1,Tr,-,Tr,5,2,8,3,9,1,0,0,Tr,0,-,-,(0),(0),(0),0,0,0.1,Tr,0,1,0.02,"{""baseName"":""ビール風味炭酸飲料"",""notes"":[""その他"",""炭酸飲料類""]}",ノンアルコールの風味炭酸飲料は香料や添加物が多く、食材としては適さない。,4,1,0,2.4,3.4,3.1,0.8,2.6,3.4,3.1,3.8,6.9,3.1,1.3,4.3,3.0,4.3,,,,,,,,,,4.9,169575,0,"Non-alcoholic beer, carbonated drink"
16,16061,＜その他＞　なぎなたこうじゅ　浸出液,99.9,0,Tr,-,0,0,1,1,Tr,7,Tr,Tr,0,Tr,Tr,0,0,-,-,-,0,0,Tr,0,-,1,0,"{""baseName"":""なぎなたこうじゅ"",""state"":""浸出液"",""notes"":[""その他""]}",なぎなたこうじゅの浸出液は植物抽出液で成分が不明な部分があり、慎重を要する。,4,0,0,,,,,,,,,,,,,,,,,,,,,,,,0.35,174120,0,"Naginata kouju, brewed"
16,16055,＜その他＞　麦茶　浸出液,99.7,Tr,(0),-,Tr,1,2,1,1,6,Tr,Tr,0.1,Tr,Tr,0,0,(0),(0),0,0,0,0,0,-,0,0,"{""baseName"":""麦茶"",""state"":""浸出液"",""notes"":[""その他""]}",麦茶の浸出液は無害だが栄養価は低く風味付け等に適する。,7,0,0,,,,,,,,,,,,,,,,,,,,,,,,1.05,173232,0.4,"Barley tea, brewed"
17,17001,＜調味料類＞　（ウスターソース類）　ウスターソース,61.3,1.0,0.1,0.5,9.0,117,59,11,3300,190,24,1.6,0.1,0.10,-,3,1,(0),(0),0.2,0.01,0.02,0.3,0.03,Tr,1,0.15,"{""baseName"":""ウスターソース"",""notes"":[""調味料類"",""ウスターソース類""]}",ウスターソースは塩分・香辛料が含まれる複合調味料で犬の素材として適さない,3,1,1,19,25,29,2.5,4.2,6.8,22,7.7,30,21,0.3,27,12,29,0.01,Tr,0,Tr,2,Tr,0,0,0,102.7,171610,2.7,Worcestershire sauce
17,17002,＜調味料類＞　（ウスターソース類）　中濃ソース,60.9,0.8,0.1,1.0,6.3,129,61,16,2300,210,23,1.7,0.1,0.18,0.23,3,1,(0),(0),0.5,0.02,0.04,0.4,0.04,Tr,1,0.18,"{""baseName"":""中濃ソース"",""notes"":[""調味料類"",""ウスターソース類""]}",中濃ソースは多成分の調味料で塩分や香辛料が強く、素材としては注意が必要（少量の風味付け向き）。,3,1,1,17,24,23,3.5,5.7,9.2,20,10,30,20,1.6,24,13,23,0.02,0.01,Tr,0.01,5,1,0,0,0,111.8,171825,11.5,Semi-thick sauce
17,17003,＜調味料類＞　（ウスターソース類）　濃厚ソース,60.7,0.9,0.1,1.0,6.2,130,61,17,2200,210,26,1.5,0.1,0.23,0.23,-,-,(0),(0),0.5,0.03,0.04,0.6,0.06,Tr,1,0.21,"{""baseName"":""濃厚ソース"",""notes"":[""調味料類"",""ウスターソース類""]}",濃厚ソース類は複合的な調味料で塩分や香辛料が含まれやすく素材としては注意が必要,3,0,0,,,,,,,,,,,,,,,,,,,,,,,,112.85,171825,11.5,Thick sauce
17,17085,＜調味料類＞　（ウスターソース類）　お好み焼きソース,58.1,1.6,0.1,0.9,5.5,144,31,28,1900,240,20,0.9,0.2,0.10,0.13,2,2,-,0,0.8,0.03,0.03,0.8,0.06,0.1,6,0.19,"{""baseName"":""お好み焼きソース"",""notes"":[""調味料類"",""ウスターソース類""]}",お好み焼きソースは加工調味料で風味付け向き、単独の素材としては限定的,5,1,1,35,46,54,6.8,6.9,14,41,14,55,41,1.8,49,25,48,0.03,0.01,Tr,0.01,6,1,Tr,1,Tr,124.75,171825,11.5,Okonomiyaki sauce
17,17004,＜調味料類＞　（辛味調味料類）　トウバンジャン,69.7,2.0,2.3,4.3,18.1,49,32,49,7000,200,42,2.3,0.3,0.13,0.28,-,-,(0),(0),3.0,0.04,0.17,1.0,0.20,0,8,0.24,"{""baseName"":""トウバンジャン"",""notes"":[""調味料類"",""辛味調味料類""]}",豆板醤は辛味・塩分が強く香辛料として犬向けではない,3,0,1,,,,,,,,,,,,,,,1.75,1.12,0.10,1.02,1000,100,0,0,0,39.15,171186,,Doubanjiang (chili bean paste)
17,17005,＜調味料類＞　（辛味調味料類）　チリペッパーソース,84.1,0.7,0.5,-,1.9,58,15,24,630,130,13,1.5,0.1,0.08,0.10,-,-,(0),(0),-,0.03,0.08,0.3,-,-,-,-,"{""baseName"":""チリペッパーソース"",""notes"":[""調味料類"",""辛味調味料類""]}",チリペッパーソースなどの辛味調味料は消化器を刺激し犬には適さない。,3,1,1,(23),(37),(32),(8.2),(14),(22),(22),(15),(37),(26),(9.6),(30),(14),(34),(0.37),(0.26),(Tr),(0.26),(260),(2),(0),(0),(0),51.5,174528,0,Chili pepper sauce
17,17006,＜調味料類＞　（辛味調味料類）　ラー油,0.1,0.1,99.8,-,Tr,887,Tr,Tr,Tr,Tr,Tr,0.1,Tr,0.01,-,-,-,(0),(0),3.7,0,0,0.1,-,-,-,-,"{""baseName"":""ラー油"",""notes"":[""調味料類"",""辛味調味料類""]}",ラー油は辛味成分を含み消化器刺激を与える可能性があるため素材利用は注意が必要,3,0,1,,,,,,,,,,,,,,,(93.24),(43.15),(0.40),(42.75),(43000),(400),(0),(0),(0),848.65,167702,0.2,Chili oil
17,17007,＜調味料類＞　（しょうゆ類）　こいくちしょうゆ,67.1,7.7,0,(Tr),15.1,76,29,160,5700,390,65,1.7,0.9,0.01,1.00,1,11,0,(0),0,0.05,0.17,1.3,0.17,0.1,33,0.48,"{""baseName"":""こいくちしょうゆ"",""notes"":[""調味料類"",""しょうゆ類""]}",風味付けに使える調味料だが塩分が高いので量の管理が必要。,6,1,0,380,560,420,71,86,160,340,89,430,320,18,410,170,240,,,,,,,,,,62.3,172473,30.8,"Soy sauce, dark"
17,17086,＜調味料類＞　（しょうゆ類）　こいくちしょうゆ　減塩,74.4,8.1,Tr,(0),8.5,68,31,170,3300,260,74,2.1,0.9,Tr,1.17,1,10,0,(0),-,0.07,0.17,1.5,0.17,0,57,0.46,"{""baseName"":""こいくちしょうゆ"",""variety"":""減塩"",""notes"":[""調味料類"",""しょうゆ類""]}",濃口醤油（減塩含む）は調味料で塩分や発酵成分が強く素材としては不適当,3,1,0,(400),(590),(450),(74),(90),(160),(360),(94),(450),(340),(19),(430),(180),(250),,,,,,,,,,59.85,172473,30.8,"Soy sauce, dark, reduced sodium"
17,17008,＜調味料類＞　（しょうゆ類）　うすくちしょうゆ,69.7,5.7,0,(Tr),16.8,60,24,130,6300,320,50,1.1,0.6,0.01,0.66,1,6,0,(0),0,0.05,0.11,1.0,0.13,0.1,31,0.37,"{""baseName"":""うすくちしょうゆ"",""notes"":[""調味料類"",""しょうゆ類""]}",薄口醤油は風味付けに使えるが塩分が高いため使用量に注意が必要,5,1,0,300,430,320,85,64,150,260,60,330,250,13,320,140,260,,,,,,,,,,47.25,172473,30.8,"Soy sauce, light"
17,17139,＜調味料類＞　（しょうゆ類）　うすくちしょうゆ　低塩,70.9,6.4,Tr,Tr,12.1,77,19,130,5000,330,54,1.0,0.5,0,0.70,Tr,4,(0),-,0,0.25,0.08,0.8,0.11,Tr,36,0.34,"{""baseName"":""うすくちしょうゆ"",""variety"":""低塩"",""notes"":[""調味料類"",""しょうゆ類""]}",低塩の薄口しょうゆは風味付けに使えるが調味料なので使用量に注意。,7,1,0,290,420,380,78,63,140,240,51,290,280,16,350,140,300,,,,,,,,,,59.5,172473,30.8,"Soy sauce, light, reduced sodium"
17,17009,＜調味料類＞　（しょうゆ類）　たまりしょうゆ,57.3,11.8,0,(0),15.0,111,40,260,5100,810,100,2.7,1.0,0.02,-,-,-,0,(0),-,0.07,0.17,1.6,0.22,0.1,37,0.59,"{""baseName"":""たまりしょうゆ"",""notes"":[""調味料類"",""しょうゆ類""]}",たまりしょうゆは塩分が高い調味料で風味付けに使えるが過剰は避けるべき,5,1,0,460,600,660,83,120,210,440,110,540,490,23,570,250,410,,,,,,,,,,96.95,174278,38.4,Tamari soy sauce
17,17010,＜調味料類＞　（しょうゆ類）　さいしこみしょうゆ,60.7,9.6,0,(0),13.8,101,23,220,4900,530,89,2.1,1.1,0.01,-,-,-,0,(0),-,0.17,0.15,1.3,0.18,0.2,29,0.57,"{""baseName"":""さいしこみしょうゆ"",""notes"":[""調味料類"",""しょうゆ類""]}",再仕込み醤油は調味料で塩分や発酵成分が高く加工食品として扱うべきである,5,1,0,(470),(690),(530),(88),(110),(200),(420),(110),(540),(400),(22),(510),(210),(300),,,,,,,,,,89.25,172473,30.8,Saishikomi soy sauce
17,17011,＜調味料類＞　（しょうゆ類）　しろしょうゆ,63.0,2.5,0,(0),15.3,86,13,76,5600,95,34,0.7,0.3,0.01,-,-,-,0,(0),-,0.14,0.06,0.9,0.08,0.2,14,0.28,"{""baseName"":""しろしょうゆ"",""notes"":[""調味料類"",""しょうゆ類""]}",白醤油は塩分が高い調味料で、味付けとしては使えるがそのまま主原料にするのは適さない。,6,1,0,(120),(180),(140),(23),(28),(51),(110),(29),(140),(100),(5.7),(130),(54),(77),,,,,,,,,,75.95,174279,27.5,White soy sauce
17,17087,＜調味料類＞　（しょうゆ類）　だししょうゆ,(83.2),(4.0),0,(Tr),(7.7),39,(16),(89),(2800),(230),(35),(0.9),(0.4),(Tr),(0.50),(750),(8),0,0,0,(0.03),(0.09),(1.1),(0.09),(0.2),(17),(0.26),"{""baseName"":""だししょうゆ"",""notes"":[""調味料類"",""しょうゆ類""]}",だし入り醤油は塩分や調味料が濃く、素材としては不向きで量の管理が難しい,3,1,0,(190),(280),(220),(36),(44),(80),(170),(46),(220),(160),(9.1),(210),(110),(120),,,,,,,,,,350,174278,38.4,Dashi soy sauce
17,17088,＜調味料類＞　（しょうゆ類）　照りしょうゆ,(55.0),(2.4),0,(Tr),(4.2),172,(10),(51),(1600),(110),(20),(0.5),(0.2),(0.04),(0.31),(Tr),(3),0,0,0,(0.01),(0.05),(0.4),(0.06),(Tr),(9),(0.13),"{""baseName"":""照りしょうゆ"",""notes"":[""調味料類"",""しょうゆ類""]}",照りしょうゆは本みりん（アルコール）や高塩分を含む調味料で犬には不適切。,2,1,0,(110),(170),(120),(22),(24),(45),(100),(33),(140),(97),(5.9),(130),(51),(79),,,,,,,,,,350,171167,19.5,Teriyaki soy sauce
17,17012,＜調味料類＞　（食塩類）　食塩,0.1,0,0,(0),99.9,0,22,(0),39000,100,18,Tr,Tr,0.01,Tr,1,1,(0),(0),-,(0),(0),(0),(0),(0),(0),(0),"{""baseName"":""食塩"",""notes"":[""調味料類"",""食塩類""]}",食塩は調味料として使えるが単体の主要素材としては限定的,3,0,0,,,,,,,,,,,,,,,,,,,,,,,,0,173468,0,Salt
17,17013,＜調味料類＞　（食塩類）　並塩,1.8,0,0,(0),98.2,0,55,(0),38000,160,73,Tr,Tr,0.02,Tr,-,-,(0),(0),-,(0),(0),(0),(0),(0),(0),(0),"{""baseName"":""並塩"",""notes"":[""調味料類"",""食塩類""]}",食塩は調味料として使用可能だが過剰な塩分は犬に有害となるため使用量に注意が必要。,5,0,0,,,,,,,,,,,,,,,,,,,,,,,,0,173468,0,Table salt
17,17146,＜調味料類＞　（食塩類）　減塩タイプ食塩　調味料含む,Tr,(0),(0),0,(83.2),50,2,(0),19000,19000,240,0.1,Tr,0,0.02,-,-,(0),(0),-,(0),(0),(0),(0),(0),(0),(0),"{""baseName"":""減塩タイプ食塩"",""variety"":""調味料含む"",""notes"":[""調味料類"",""食塩類""]}",減塩タイプの食塩は調味料として使用は可能だが単体の主要素材には向かない,5,0,0,,,,,,,,,,,,,,,,,,,,,,,,350,172474,31.6,"Reduced sodium salt, with seasoning"
17,17147,＜調味料類＞　（食塩類）　減塩タイプ食塩　調味料不使用,2.0,(0),(0),0,(98.0),0,390,(0),18000,25000,530,0.1,Tr,0,0.02,-,-,(0),(0),-,(0),(0),(0),(0),(0),(0),(0),"{""baseName"":""減塩タイプ食塩"",""variety"":""調味料不使用"",""notes"":[""調味料類"",""食塩類""]}",塩化カリウムを含む塩代替品で調味料としての使用は慎重を要する。,5,0,0,,,,,,,,,,,,,,,,,,,,,,,,343,171613,114.5,"Reduced sodium salt, without seasoning"
17,17014,＜調味料類＞　（食塩類）　精製塩　家庭用,Tr,0,0,(0),100,0,0,(0),39000,2,87,0,0,Tr,0,-,-,(0),(0),-,(0),(0),(0),(0),(0),(0),(0),"{""baseName"":""精製塩"",""variety"":""家庭用"",""notes"":[""調味料類"",""食塩類""]}",精製塩は調味料として微量利用できるが多用は避けるべき,6,0,0,,,,,,,,,,,,,,,,,,,,,,,,0,173468,0,"Refined salt, household"
17,17089,＜調味料類＞　（食塩類）　精製塩　業務用,Tr,0,0,(0),100,0,0,(0),39000,2,0,0,0,Tr,0,-,-,(0),(0),-,(0),(0),(0),(0),(0),(0),(0),"{""baseName"":""精製塩"",""variety"":""業務用"",""notes"":[""調味料類"",""食塩類""]}",精製塩は調味料として利用される成分で、単体では栄養素材としては限定的（塩分管理が必要）,5,0,0,,,,,,,,,,,,,,,,,,,,,,,,0,173468,0,"Refined salt, commercial"
17,17090,＜調味料類＞　（食酢類）　黒酢,85.7,1.0,0,(0),0.2,54,5,52,10,47,21,0.2,0.3,0.01,0.55,0,0,(0),(0),(0),0.02,0.01,0.6,0.06,0.1,1,0.07,"{""baseName"":""黒酢"",""notes"":[""調味料類"",""食酢類""]}",黒酢は調味料で酸味が強く風味付けには使えるが主体素材には向かない。,6,0,0,,,,,,,,,,,,,,,,,,,,,,,,49.35,172241,,Black vinegar
17,17015,＜調味料類＞　（食酢類）　穀物酢,93.3,0.1,0,(0),Tr,25,2,2,6,4,1,Tr,0.1,Tr,-,0,0,0,(0),-,0.01,0.01,0.1,0.01,0.1,0,0,"{""baseName"":""穀物酢"",""notes"":[""調味料類"",""食酢類""]}",穀物酢は酸味のある調味料で風味付けに使用できる,6,0,0,,,,,,,,,,,,,,,,,,,,,,,,23.45,172237,0,Grain vinegar
17,17016,＜調味料類＞　（食酢類）　米酢,87.9,0.2,0,(0),0.1,46,2,15,12,16,6,0.1,0.2,Tr,-,0,Tr,0,(0),-,0.01,0.01,0.3,0.02,0.1,0,0.08,"{""baseName"":""米酢"",""notes"":[""調味料類"",""食酢類""]}",米酢は風味付けに使える安全な調味料（酸味が強いため適量で使用）,8,0,0,,,,,,,,,,,,,,,,,,,,,,,,42,172241,,Rice vinegar
17,17091,＜調味料類＞　（食酢類）　果実酢　バルサミコ酢,74.2,0.5,0,(0),0.4,99,17,22,29,140,11,0.7,0.1,0.01,0.13,2,0,(0),(0),(0),0.01,0.01,0.2,0.05,Tr,Tr,0.03,"{""baseName"":""果実酢"",""variety"":""バルサミコ酢"",""notes"":[""調味料類"",""食酢類""]}",バルサミコ酢は調味料で酸味が強いため少量の風味付けには使えるが多量使用は避けるべき。,6,0,0,,,,,,,,,,,,,,,,,,,,,,,,88.9,172241,,"Fruit vinegar, balsamic vinegar"
17,17017,＜調味料類＞　（食酢類）　果実酢　ぶどう酢,93.7,0.1,Tr,0,0.2,22,3,8,4,22,2,0.2,Tr,0.01,0.03,Tr,0,(0),Tr,Tr,Tr,Tr,Tr,Tr,0.1,Tr,0.08,"{""baseName"":""果実酢"",""variety"":""ぶどう酢"",""notes"":[""調味料類"",""食酢類""]}",ぶどう由来の酢はぶどう系成分により犬に腎障害を引き起こす可能性があるため危険,2,0,0,,,,,,,,,,,,,,,,,,,,,,,,21.35,172240,,"Fruit vinegar, grape vinegar"
17,17018,＜調味料類＞　（食酢類）　果実酢　りんご酢,92.6,0.1,0,(0),0.2,26,4,6,18,59,4,0.2,0.1,Tr,-,-,-,0,(Tr),-,0,0.01,0.1,0.01,0.3,0,0.06,"{""baseName"":""果実酢"",""variety"":""りんご酢"",""notes"":[""調味料類"",""食酢類""]}",りんご酢は風味付けの調味料として使えるが酸味が強いので少量での使用が望ましい。,6,0,0,,,,,,,,,,,,,,,,,,,,,,,,25.2,173469,0,"Fruit vinegar, apple cider vinegar"
17,17130,＜調味料類＞　（だし類）　あごだし,99.8,0.1,0,Tr,0.1,0,Tr,8,10,19,1,Tr,0,0,0,1,Tr,0,0,0,0,0,0.2,Tr,0.1,Tr,0,"{""baseName"":""あごだし"",""notes"":[""調味料類"",""だし類""]}",あごだしは風味付けの調味料で塩分やうま味が濃く、そのまま主素材に使うには適さない。,4,1,0,0.8,1.6,2.7,0.3,0.2,0.5,1.2,0.5,1.8,1.2,0,1.1,10,1.6,,,,,,,,,,0.35,171606,9.2,Flying fish broth
17,17019,＜調味料類＞　（だし類）　かつおだし　荒節,99.4,0.4,Tr,0,0.1,2,2,18,21,29,3,Tr,Tr,Tr,0,1,4,0,0,0,Tr,0.01,1.4,0.02,0.4,0,0.04,"{""baseName"":""かつおだし"",""variety"":""荒節"",""notes"":[""調味料類"",""だし類""]}",かつおだしは旨味のある調味料として使えるが塩分や濃度に注意が必要,7,1,0,4.4,9.0,15,2.9,1.0,4.0,4.2,3.4,7.7,5.6,0.8,6.3,95,9.0,,,,,,,,,,1.75,171606,9.2,"Bonito broth, arabushi"
17,17131,＜調味料類＞　（だし類）　かつおだし　本枯れ節,99.4,0.5,0,0,0.1,2,Tr,18,21,32,3,Tr,Tr,0.01,0,1,3,0,0,0,0,0.01,1.4,0.01,0.2,0,Tr,"{""baseName"":""かつおだし"",""variety"":""本枯れ節"",""notes"":[""調味料類"",""だし類""]}",かつおだし（本枯れ節）は風味付けに適するが、だしの塩分に注意する必要がある。,7,1,0,4.1,8.8,14,2.5,0.8,3.3,3.9,3.2,7.1,5.3,0.8,6.0,93,8.6,,,,,,,,,,1.75,171606,9.2,"Bonito broth, honkarebushi"
17,17020,＜調味料類＞　（だし類）　昆布だし　水出し,98.5,0.1,Tr,-,0.5,4,3,6,61,140,4,Tr,Tr,Tr,0.01,5300,0,(0),-,0,Tr,Tr,Tr,0,0,2,0,"{""baseName"":""昆布だし"",""variety"":""水出し"",""notes"":[""調味料類"",""だし類""]}",昆布だしは旨味成分として有用で、犬の料理の風味付け素材として適している。,8,1,0,(0.4),(0.6),(0.5),(0.2),(1.4),(1.6),(0.5),(0.5),(1.0),(1.3),(0),(0.8),(0.2),(0.4),,,,,,,,,,3.5,169828,,"Kombu broth, cold brewed"
17,17132,＜調味料類＞　（だし類）　昆布だし　煮出し,98.1,0.1,0,0.1,0.5,5,5,4,73,160,8,Tr,0,0.01,0,11000,0,0,0,0,Tr,0.01,Tr,Tr,0,1,0.01,"{""baseName"":""昆布だし"",""variety"":""煮出し"",""notes"":[""調味料類"",""だし類""]}",昆布だしは旨味を与える安全なだしで、風味付け素材として使いやすい,8,1,0,0.5,0.8,0.6,0.3,1.7,1.9,0.6,0.6,1.2,1.5,0,1.0,0.3,0.5,,,,,,,,,,4.55,171583,0.3,"Kombu broth, simmered"
17,17021,＜調味料類＞　（だし類）　かつお・昆布だし　荒節・昆布だし,99.2,0.3,Tr,-,0.2,2,3,13,34,63,4,Tr,Tr,Tr,Tr,1500,4,(Tr),-,0,0.01,0.01,0.9,0.01,0.3,1,0.04,"{""baseName"":""かつお・昆布だし"",""variety"":""荒節・昆布だし"",""notes"":[""調味料類"",""だし類""]}",かつお・昆布だしは風味付けに有用だが塩分や濃度に留意して使うべき,7,1,0,(2.8),(5.6),(9.0),(1.8),(1.1),(2.9),(2.7),(2.2),(4.9),(3.8),(0.5),(4.0),(57),(5.5),,,,,,,,,,2.1,171606,9.2,"Bonito and kombu broth, arabushi and kombu"
17,17148,＜調味料類＞　（だし類）　かつお・昆布だし　本枯れ節・昆布だし,99.2,0.3,0,Tr,0.2,2,1,11,30,58,3,Tr,Tr,Tr,0,2900,2,0,0,0,0,Tr,0.7,0.01,0.1,Tr,Tr,"{""baseName"":""かつお・昆布だし"",""variety"":""本枯れ節・昆布だし"",""notes"":[""調味料類"",""だし類""]}",かつお・昆布だしは魚・海藻由来の風味付けに使えるが調味料としての特徴に注意,7,0,0,,,,,,,,,,,,,,,,,,,,,,,,2.1,171606,9.2,"Bonito and kombu broth, honkarebushi and kombu"
17,17022,＜調味料類＞　（だし類）　しいたけだし,98.8,0.1,0,-,0.2,4,1,8,3,29,3,0.1,Tr,0.01,-,-,-,0,0,0,Tr,0.02,0.6,0.02,0,2,0.57,"{""baseName"":""しいたけだし"",""notes"":[""調味料類"",""だし類""]}",しいたけだしは安全な風味付けのだし素材で犬にも使いやすい,8,0,0,,,,,,,,,,,,,,,,,,,,,,,,3.5,170097,80,Shiitake mushroom broth
17,17023,＜調味料類＞　（だし類）　煮干しだし,99.7,0.1,0.1,(0),0.1,1,3,7,38,25,2,Tr,Tr,Tr,Tr,-,-,-,-,0,0.01,Tr,0.3,Tr,0.2,1,0,"{""baseName"":""煮干しだし"",""notes"":[""調味料類"",""だし類""]}",煮干し由来のだしは魚由来の旨味・タンパク源として使いやすい（塩分量に注意）,9,0,0,,,,,,,,,,,,,,,,,,,,,,,,1.2,171606,9.2,Niboshi (dried sardine) broth
17,17024,＜調味料類＞　（だし類）　鶏がらだし,98.6,0.9,0.4,(0),0.2,7,1,15,40,60,1,0.1,Tr,0.01,0,Tr,1,1,0,Tr,0.01,0.04,1.1,0.02,0.1,2,0.31,"{""baseName"":""鶏がらだし"",""notes"":[""調味料類"",""だし類""]}",鶏がらだしは風味付けや旨味素材として使えるが成分により塩分等に注意,8,1,1,15,32,41,10,5.5,16,15,11,26,20,2.0,20,14,40,0.36,0.07,0.01,0.06,58,5,Tr,Tr,1,6.55,171606,9.2,Chicken bone broth
17,17025,＜調味料類＞　（だし類）　中華だし,99.0,0.8,0,-,0.2,3,3,40,20,90,5,Tr,Tr,Tr,0.01,-,-,-,-,0,0.15,0.03,1.3,0.05,0,1,0.26,"{""baseName"":""中華だし"",""notes"":[""調味料類"",""だし類""]}",中華だしの原材料にねぎ（ネギ属）が含まれており、ネギ類は犬にとって有害である,1,1,0,(7.4),(18),(17),(4.6),(1.1),(5.7),(11),(4.6),(16),(9.8),(0.7),(13),(6.0),(33),,,,,,,,,,2.8,172885,7,Chinese soup stock
17,17026,＜調味料類＞　（だし類）　洋風だし,97.8,1.3,0,-,0.6,6,5,37,180,110,6,0.1,0.1,0.01,0.01,-,-,-,-,0,0.02,0.05,1.1,0.06,0.2,3,0.25,"{""baseName"":""洋風だし"",""notes"":[""調味料類"",""だし類""]}",備考に玉ねぎが含まれると明記されており、玉ねぎは犬に有害であるため使用不可。,1,1,0,(16),(31),(35),(7.8),(5.0),(13),(16),(7.8),(24),(18),(2.1),(2.1),(67),(39),,,,,,,,,,5.6,172884,9.2,Western soup stock
17,17027,＜調味料類＞　（だし類）　固形ブイヨン,0.8,7.0,4.3,0.3,45.8,233,26,76,17000,200,19,0.4,0.1,0.10,0.10,1,2,0,Tr,0.7,0.03,0.08,1.1,0.40,0.1,16,0.28,"{""baseName"":""固形ブイヨン"",""notes"":[""調味料類"",""だし類""]}",固形ブイヨンは塩分や香味野菜（玉ねぎ・にんにく等）を含むことが多く犬には不適切な成分が含まれる場合がある,3,1,1,(19),(28),(19),(0),(0),(0),(19),(9.5),(29),(19),(0),(19),(19),(19),3.89,0.03,Tr,0.03,27,3,0,0,0,207.35,171563,,Bouillon cube
17,17092,＜調味料類＞　（だし類）　顆粒おでん用,(0.9),(9.6),(0.1),(Tr),(57.6),166,(30),(130),(22000),(210),(33),(0.8),(0.4),(0.05),(0.33),(2),(26),0,(0.2),(Tr),(0.02),(0.11),(2.0),(0.07),(0.4),(14),(0.20),"{""baseName"":""顆粒おでん用"",""notes"":[""調味料類"",""だし類""]}",顆粒おでんだしは調味料で塩分や複数の風味が強く、素材としては不向きな面がある。,3,1,1,(200),(320),(290),(73),(53),(130),(180),(87),(270),(190),(30),(240),(190),(83),(0.06),(0.03),(0.02),(Tr),(1),(Tr),(3),(17),(1),350,171560,113.4,"Oden soup stock, granulated"
17,17093,＜調味料類＞　（だし類）　顆粒中華だし,1.2,12.6,1.6,(0),48.1,210,84,240,19000,910,33,0.6,0.5,0.05,0.16,31,8,2,0,0.9,0.06,0.56,8.0,0.29,0.3,170,1.48,"{""baseName"":""顆粒中華だし"",""notes"":[""調味料類"",""だし類""]}",顆粒だしは強い調味成分や香味野菜を含むことがあり、犬に与えるには不向きな場合がある。,3,1,1,170,320,350,79,60,140,190,100,300,220,26,260,230,440,1.39,0.17,0.01,0.15,140,10,Tr,1,3,185.45,171560,113.4,"Chinese soup stock, granulated"
17,17028,＜調味料類＞　（だし類）　顆粒和風だし,1.6,24.2,0.3,0,42.8,223,42,260,16000,180,20,1.0,0.5,0.12,0.09,5,74,0,0.8,0.1,0.03,0.20,5.5,0.06,1.4,14,0.18,"{""baseName"":""顆粒和風だし"",""notes"":[""調味料類"",""だし類""]}",顆粒和風だしは塩分や調味料が多く、単体の主素材としては適さない,5,1,1,(300),(510),(550),(170),(90),(260),(260),(200),(460),(300),(81),(380),(470),(36),0.20,0.08,0.07,0.01,2,1,9,56,4,196.1,171560,113.4,"Japanese soup stock, granulated"
17,17140,＜調味料類＞　（だし類）　なべつゆ　ストレート　しょうゆ味,(93.0),(1.0),0,0,(1.9),20,(4),(23),(700),(53),(8),(0.2),(0.1),(Tr),(0.12),0,(2),0,0,0,(0.01),(0.02),(0.3),(0.02),(Tr),(4),(0.06),"{""baseName"":""なべつゆ"",""variety"":""ストレート しょうゆ味"",""notes"":[""調味料類"",""だし類""]}",液体調味料で塩分や調味が強く、そのまま大量に使うには不向き,3,0,0,,,,,,,,,,,,,,,,,,,,,,,,350,174557,,"Hot pot soup base, soy sauce flavor, straight"
17,17029,＜調味料類＞　（だし類）　めんつゆ　ストレート,85.4,2.2,0,-,3.7,44,8,48,1300,100,15,0.4,0.2,0.01,-,-,-,0,(0),-,0.01,0.04,1.2,0.04,0.3,17,0.18,"{""baseName"":""めんつゆ"",""variety"":""ストレート"",""notes"":[""調味料類"",""だし類""]}",めんつゆはだしベースの調味液で塩分が高く、調味料としての使用が中心になる素材。,5,1,0,(64),(93),(73),(15),(21),(36),(59),(0),(59),(59),(0),(73),(35),(59),,,,,,,,,,38.15,168907,,"Mentsuyu, straight"
17,17141,＜調味料類＞　（だし類）　めんつゆ　二倍濃縮,75.2,3.4,0,-,7.2,71,12,67,2600,160,25,0.6,0.3,0.01,-,-,-,0,(0),-,0.03,0.06,1.3,0.06,0.3,13,0.19,"{""baseName"":""めんつゆ"",""variety"":""二倍濃縮"",""notes"":[""調味料類"",""だし類""]}",塩分や濃い調味成分が含まれるため風味付けには少量に制限する必要がある,4,0,0,,,,,,,,,,,,,,,,,,,,,,,,61.6,171167,19.5,"Mentsuyu, double strength"
17,17030,＜調味料類＞　（だし類）　めんつゆ　三倍濃縮,64.9,4.5,0,-,10.6,98,16,85,3900,220,35,0.8,0.4,0.01,-,-,-,0,(0),-,0.04,0.07,1.4,0.07,0.2,9,0.19,"{""baseName"":""めんつゆ"",""variety"":""三倍濃縮"",""notes"":[""調味料類"",""だし類""]}",濃縮だし系の調味料で塩分や風味が強く、そのままでは濃いので希釈・少量使用が必要。,4,1,0,(130),(190),(150),(30),(42),(72),(120),(0),(120),(120),(0),(150),(71),(120),,,,,,,,,,85.75,171167,19.5,"Mentsuyu, triple strength"
17,17142,＜調味料類＞　（だし類）　ラーメンスープ　濃縮　しょうゆ味　ストレートしょうゆ味,(57.5),(3.3),(11.7),(Tr),(17.5),157,(22),(69),(6700),(200),(31),(0.6),(0.3),(0.03),(0.33),(2),(4),0,(Tr),(0.1),(0.03),(0.08),(0.9),(0.10),(Tr),(20),(0.24),"{""baseName"":""ラーメンスープ"",""variety"":""濃縮 しょうゆ味 ストレートしょうゆ味"",""notes"":[""調味料類"",""だし類""]}",濃縮ラーメンスープは塩分や強い香味が含まれる調味料的な食品,3,0,0,,,,,,,,,,,,,,,,,,,,,,,,350,171615,5.6,"Ramen soup, concentrated, soy sauce flavor; ramen soup, straight, soy sauce flavor"
17,17143,＜調味料類＞　（だし類）　ラーメンスープ　濃縮　みそ味　ストレートみそ味,(48.4),(6.4),(11.0),(1.6),(17.4),187,(61),(100),(6500),(270),(43),(1.8),(0.6),(0.14),(0.09),(2),(4),0,(Tr),(0.3),(0.02),(0.08),(1.1),(0.08),(Tr),(27),(0.20),"{""baseName"":""ラーメンスープ"",""variety"":""濃縮 みそ味 ストレートみそ味"",""notes"":[""調味料類"",""だし類""]}",濃縮されたラーメンスープ（味噌味）は調味料成分が複合しており素材としては不向きまたは注意が必要。,3,0,0,,,,,,,,,,,,,,,,,,,,,,,,350,171177,5.5,"Ramen soup, concentrated, miso flavor; ramen soup, straight, miso flavor"
17,17094,＜調味料類＞　（調味ソース類）　甘酢,(67.2),(0.1),0,0,(1.2),116,(2),(1),(470),(5),(1),0,(0.1),(Tr),0,0,0,0,0,0,(0.01),(0.01),(0.1),(0.01),(0.1),0,0,"{""baseName"":""甘酢"",""notes"":[""調味料類"",""調味ソース類""]}",甘酢は加工調味料で風味付けには使えるが単独の素材としては限定的,5,0,0,,,,,,,,,,,,,,,,,,,,,,,,350,172240,,Sweet vinegar
17,17095,＜調味料類＞　（調味ソース類）　エビチリの素,(85.8),(1.2),(1.4),(0.6),(2.0),54,(8),(45),(680),(150),(10),(0.3),(0.1),(0.03),(0.22),0,(1),-,0,(0.6),(0.14),(0.04),(1.3),(0.10),0,(5),(0.28),"{""baseName"":""エビチリの素"",""notes"":[""調味料類"",""調味ソース類""]}",調味料・ソースの加工品で香辛料や塩分が高く素材としては不向き,3,0,1,,,,,,,,,,,,,,,(1.28),(0.59),(0.09),(0.49),(490),(93),(0),(0),(0),350,171824,7.9,Chili shrimp sauce mix
17,17031,＜調味料類＞　（調味ソース類）　オイスターソース,61.6,7.7,0.3,0.2,12.1,105,25,120,4500,260,63,1.2,1.6,0.17,0.40,-,-,-,-,0.1,0.01,0.07,0.8,0.04,2.0,9,0.14,"{""baseName"":""オイスターソース"",""notes"":[""調味料類"",""調味ソース類""]}",オイスターソースは塩分や濃い調味料成分が多い加工調味料のため素材としては不向き,3,1,1,(95),(150),(160),(35),(60),(95),(87),(0),(87),(110),(0),(130),(87),(100),0.11,0.06,0.03,0.03,14,3,21,0,2,92.85,172886,8,Oyster sauce
17,17096,＜調味料類＞　（調味ソース類）　黄身酢,(52.6),(6.3),(13.1),0,(6.4),219,(57),(210),(2300),(47),(6),(1.8),(1.4),(0.05),(0.03),(41),(18),(260),(4.6),(1.7),(0.08),(0.18),(Tr),(0.12),(1.4),(59),(1.38),"{""baseName"":""黄身酢"",""notes"":[""調味料類"",""調味ソース類""]}",調味料として風味が強く、塩分や酸味があるため少量向けの素材。,5,1,1,-,(320),(530),(470),(150),(620),(260),(260),(520),(550),(320),(88),(360),(160),(10.71),(2.69),(0.32),(2.37),(2100),(250),(1),(64),(150),350,173436,705,Egg yolk vinegar sauce
17,17133,＜調味料類＞　（調味ソース類）　魚醤油　いかなごしょうゆ,63.0,13.9,0,Tr,20.8,64,3,180,8300,480,14,0.4,1.0,0.01,0,150,43,0,0,0,0,0.31,4.6,0.09,1.0,51,0.65,"{""baseName"":""魚醤油"",""variety"":""いかなごしょうゆ"",""notes"":[""調味料類"",""調味ソース類""]}",魚醤油はいわゆる強い調味料で塩分が高く、素材としては直接使うには不向き,3,1,1,450,570,1100,310,100,410,360,160,520,620,86,730,300,500,0,0,0,0,0,0,0,0,0,56.7,168149,101.6,"Fish sauce, sand lance"
17,17134,＜調味料類＞　（調味ソース類）　魚醤油　いしる　（いしり）,61.2,12.8,0,0.3,21.8,67,25,180,8600,260,53,1.5,4.5,1.45,0.05,61,140,0,0,0,0,0.25,2.4,0.16,3.9,66,0.98,"{""baseName"":""魚醤油"",""variety"":""いしる"",""notes"":[""調味料類"",""調味ソース類"",""いしり""]}",魚醤は発酵調味料で塩分・風味が強く、調味料としては犬の素材としては不向き。,4,1,1,390,450,970,220,100,320,420,74,490,650,39,620,260,320,0,0,0,0,0,0,0,0,0,58.45,174280,,"Fish sauce, ishiru (ishiri)"
17,17135,＜調味料類＞　（調味ソース類）　魚醤油　しょっつる,69.4,6.1,0,0.1,23.3,29,6,70,9600,190,14,0.2,0.2,0.01,0,29,11,0,0,0,0.03,0.06,1.0,0.03,1.9,5,0.31,"{""baseName"":""魚醤油"",""variety"":""しょっつる"",""notes"":[""調味料類"",""調味ソース類""]}",魚醤は塩分や濃い旨味が強く、単体での使用は適さないが少量の風味付けなら使える。,4,1,1,200,300,480,140,35,180,180,46,220,260,12,290,96,270,0,0,0,0,0,0,0,0,0,25.2,174279,27.5,"Fish sauce, shottsuru"
17,17107,＜調味料類＞　（調味ソース類）　魚醤油　ナンプラー,65.5,9.1,0.1,(0),22.7,47,20,57,9000,230,90,1.2,0.7,0.03,0.03,27,46,0,0,0,0.01,0.10,3.3,0.10,1.6,26,0.56,"{""baseName"":""魚醤油"",""variety"":""ナンプラー"",""notes"":[""調味料類"",""調味ソース類""]}",ナンプラーは塩分と強い風味を持つ調味料で、犬用素材としては風味や塩分管理の観点から注意が必要,5,1,1,280,370,780,190,54,240,270,63,330,440,58,470,280,170,0.01,0,0,0,Tr,0,0,0,0,41.8,174531,13.2,"Fish sauce, nam pla"
17,17097,＜調味料類＞　（調味ソース類）　ごま酢,(53.2),(4.0),(8.0),(1.9),(2.6),212,(180),(100),(670),(110),(61),(1.7),(1.0),(0.26),(0.49),0,(5),0,0,(Tr),(0.08),(0.06),(1.0),(0.12),(0.1),(26),(0.13),"{""baseName"":""ごま酢"",""notes"":[""調味料類"",""調味ソース類""]}",ごま酢は基本的に安全な調味料で、芝麻や酢は犬に問題ないことが多い,6,1,1,(170),(300),(130),(110),(76),(190),(200),(120),(320),(170),(53),(220),(110),(460),(7.29),(3.34),(0.03),(3.32),(3300),(24),(0),(0),(0),350,171006,4,Sesame vinegar
17,17098,＜調味料類＞　（調味ソース類）　ごまだれ,(40.7),(7.2),(15.1),(3.0),(5.7),282,(220),(200),(1700),(210),(100),(2.3),(1.6),(0.42),(0.75),(Tr),(10),0,(Tr),(Tr),(0.11),(0.09),(2.0),(0.19),(0.1),(38),(0.20),"{""baseName"":""ごまだれ"",""notes"":[""調味料類"",""調味ソース類""]}",ごまだれは風味付けに有用な調味料だが塩分や調味料成分が濃いことがあり、使用量に注意が必要。,5,1,1,(300),(520),(240),(190),(130),(320),(340),(210),(550),(300),(91),(370),(200),(780),(13.57),(6.18),(0.05),(6.13),(6100),(44),(Tr),(1),(0),350,174070,28.9,Sesame sauce
17,17099,＜調味料類＞　（調味ソース類）　三杯酢,(76.2),(0.9),0,0,(2.1),85,(5),(27),(780),(56),(11),(0.2),(0.2),(Tr),(0.08),(150),(1),0,0,0,(0.01),(0.02),(0.4),(0.03),(0.1),(4),(0.10),"{""baseName"":""三杯酢"",""notes"":[""調味料類"",""調味ソース類""]}",三杯酢は酢・しょうゆ・砂糖を含む調味料で、酸味や塩分に注意して少量使用する。,6,0,0,,,,,,,,,,,,,,,,,,,,,,,,350,167704,16.4,Sanbaizu (three-ingredient vinegar)
17,17100,＜調味料類＞　（調味ソース類）　二杯酢,(78.7),(3.5),0,(Tr),(6.8),59,(14),(81),(2500),(180),(32),(0.8),(0.5),(Tr),(0.44),(1),(5),0,0,0,(0.03),(0.08),(0.7),(0.09),(0.1),(15),(0.26),"{""baseName"":""二杯酢"",""notes"":[""調味料類"",""調味ソース類""]}",二杯酢は調味料で酸味と塩分があるため使用量に注意が必要。,6,0,0,,,,,,,,,,,,,,,,,,,,,,,,350,174277,18.3,Nibaizu (two-ingredient vinegar)
17,17101,＜調味料類＞　（調味ソース類）　すし酢　ちらし・稲荷用,(55.5),(0.1),0,0,(6.6),150,(3),(10),(2500),(18),(5),(0.1),(0.1),(Tr),0,0,0,0,0,0,(0.01),(0.01),(0.2),(0.01),(0.1),0,(0.05),"{""baseName"":""すし酢"",""variety"":""ちらし・稲荷用"",""notes"":[""調味料類"",""調味ソース類""]}",すし酢は酢・砂糖・食塩を含む調味料で、使用量や塩分に注意が必要。,5,0,0,,,,,,,,,,,,,,,,,,,,,,,,350,169875,0.1,"Sushi vinegar, for chirashi/inari"
17,17102,＜調味料類＞　（調味ソース類）　すし酢　にぎり用,(72.0),(0.2),0,0,(10.0),70,(4),(12),(3900),(23),(7),(0.1),(0.2),(Tr),0,0,0,0,0,0,(0.01),(0.01),(0.2),(0.02),(0.1),0,(0.07),"{""baseName"":""すし酢"",""variety"":""にぎり用"",""notes"":[""調味料類"",""調味ソース類""]}",酢・砂糖・食塩を主成分とした調味料で、少量の風味付けには利用可能。塩分に注意して使用。,7,0,0,,,,,,,,,,,,,,,,,,,,,,,,350,172241,,"Sushi vinegar, for nigiri"
17,17103,＜調味料類＞　（調味ソース類）　すし酢　巻き寿司・箱寿司用,(64.1),(0.1),0,0,(8.7),107,(4),(11),(3400),(21),(6),(0.1),(0.1),(Tr),0,0,0,0,0,0,(0.01),(0.01),(0.2),(0.01),(0.1),0,(0.06),"{""baseName"":""すし酢"",""variety"":""巻き寿司・箱寿司用"",""notes"":[""調味料類"",""調味ソース類""]}",すし酢は酢・砂糖・食塩を含む調味料で、味付け用途としては使えるが調味済みの加工品であるため注意が必要。,6,0,0,,,,,,,,,,,,,,,,,,,,,,,,350,174066,2.4,"Sushi vinegar, for maki/box sushi"
17,17104,＜調味料類＞　（調味ソース類）　中華風合わせ酢,(60.5),(3.0),(3.4),(Tr),(5.8),153,(12),(69),(2200),(160),(28),(0.7),(0.4),(0.01),(0.47),(Tr),(4),0,0,(Tr),(0.02),(0.07),(0.6),(0.08),(0.1),(13),(0.22),"{""baseName"":""中華風合わせ酢"",""notes"":[""調味料類"",""調味ソース類""]}",しょうゆや砂糖を含む調味料で塩分・糖分が高め。風味付けの調味料として使用される素材。,6,0,1,,,,,,,,,,,,,,,(3.18),(1.39),(0.01),(1.38),(1400),(11),(0),(0),(0),350,172886,8,Chinese-style vinegar sauce
17,17105,＜調味料類＞　（調味ソース類）　デミグラスソース,81.5,2.9,3.0,-,1.6,82,11,53,520,180,11,0.3,0.3,0.03,0.09,2,1,-,-,-,0.04,0.07,1.7,0.05,0.2,25,0.18,"{""baseName"":""デミグラスソース"",""notes"":[""調味料類"",""調味ソース類""]}",調味料で香味野菜や酒類、塩分や脂質を含むことがあり、犬の素材としては不向きな点があるため。,3,0,0,,,,,,,,,,,,,,,,,,,,,,,,74.15,174542,,Demi-glace sauce
17,17106,＜調味料類＞　（調味ソース類）　テンメンジャン,37.5,8.5,7.7,3.1,8.2,249,45,140,2900,350,61,1.6,1.0,0.27,0.54,1,5,(0),(0),0.8,0.04,0.11,1.0,0.11,0,20,0.07,"{""baseName"":""テンメンジャン"",""notes"":[""調味料類"",""調味ソース類""]}",テンメンジャンは塩分・糖分が高い調味料で単独での使用は適さない,4,0,0,,,,,,,,,,,,,,,,,,,,,,,,217.7,174070,28.9,Tianmian sauce
17,17108,＜調味料類＞　（調味ソース類）　冷やし中華のたれ,67.1,2.1,1.2,0,5.6,114,7,29,2300,89,13,0.3,0.2,Tr,0.18,1,3,0,0,Tr,0.22,0.03,0.3,0.03,Tr,6,0.07,"{""baseName"":""冷やし中華のたれ"",""notes"":[""調味料類"",""調味ソース類""]}",冷やし中華のたれは加工調味料で糖分・塩分や香味成分が濃いため素材としては注意が必要,3,1,1,74,110,80,18,16,34,68,16,85,63,0.7,83,39,67,1.08,0.47,Tr,0.46,460,3,0,0,0,101.55,174543,,Chilled Chinese noodle sauce
17,17109,＜調味料類＞　（調味ソース類）　ホワイトソース,81.7,1.8,6.2,0.4,1.1,99,34,42,380,62,5,0.1,0.2,0.01,0.03,5,1,-,-,0.6,0.01,0.05,0.2,0.02,0,3,0.17,"{""baseName"":""ホワイトソース"",""notes"":[""調味料類"",""調味ソース類""]}",乳製品と小麦をベースにしたソースで脂肪・乳糖が多く犬によっては消化しにくい場合がある,5,1,1,(78),(130),(100),(32),(12),(44),(63),(63),(130),(59),(18),(87),(35),(47),(5.87),(1.46),(0.09),(1.37),(1400),(87),(0),(0),(0),89.8,174542,,White sauce
17,17110,＜調味料類＞　（調味ソース類）　ぽん酢しょうゆ,(82.1),(3.4),(0.1),(0.2),(6.3),49,(24),(72),(2300),(280),(33),(0.7),(0.4),(0.02),(0.46),(1),(4),0,0,(0.1),(0.05),(0.08),(0.6),(0.08),(Tr),(20),(0.37),"{""baseName"":""ぽん酢しょうゆ"",""notes"":[""調味料類"",""調味ソース類""]}",調味料で塩分・酸味が強く、単独で素材として使うのは適さない,3,0,0,,,,,,,,,,,,,,,,,,,,,,,,350,174278,38.4,Ponzu soy sauce
17,17137,＜調味料類＞　（調味ソース類）　ぽん酢しょうゆ　市販品,77.0,3.7,0,(0.3),7.6,59,16,60,3100,180,25,0.7,0.3,0.01,0.36,*,3,0,0,Tr,0.02,0.05,0.7,0.06,Tr,17,0.17,"{""baseName"":""ぽん酢しょうゆ"",""variety"":""市販品"",""notes"":[""調味料類"",""調味ソース類""]}",ぽん酢しょうゆは塩分や酸味の強い調味料で、そのまま多量に使うのは不向きだが調味用途には使える,3,1,0,140,200,150,34,27,61,120,31,150,120,3.2,150,73,140,,,,,,,,,,53.9,171167,19.5,"Ponzu soy sauce, commercial"
17,17032,＜調味料類＞　（調味ソース類）　マーボー豆腐の素,75.0,4.2,6.3,-,4.1,115,12,35,1400,55,-,0.8,-,-,-,-,-,4,-,-,0.05,0.03,1.0,-,-,-,-,"{""baseName"":""マーボー豆腐の素"",""notes"":[""調味料類"",""調味ソース類""]}",麻婆豆腐の素は複合調味料で香辛料やにんにく・塩分等が含まれる可能性があり注意が必要,3,0,0,,,,,,,,,,,,,,,,,,,,,,,,104.65,174280,,Mapo tofu sauce
17,17111,＜調味料類＞　（調味ソース類）　マリネ液,(83.9),(0.1),0,0,(1.1),66,(4),(6),(370),(26),(3),(0.2),0,(0.01),(0.04),0,0,0,0,0,0,0,(Tr),(0.01),(Tr),0,(0.04),"{""baseName"":""マリネ液"",""notes"":[""調味料類"",""調味ソース類""]}",マリネ液は調味ソースで塩分や酸味、香辛料を含むことが多く、風味付けには使えるが単体での使用は限定的。,5,0,0,,,,,,,,,,,,,,,,,,,,,,,,350,169875,0.1,Marinade
17,17033,＜調味料類＞　（調味ソース類）　ミートソース,78.8,3.8,5.0,-,2.3,96,17,47,610,250,-,0.8,-,-,-,-,-,5,-,-,0.14,0.05,1.4,-,-,-,-,"{""baseName"":""ミートソース"",""notes"":[""調味料類"",""調味ソース類""]}",ミートソースは複合調味済み食品で、玉ねぎ・にんにく・塩分等が含まれる可能性が高く素材としては不向き,3,0,0,,,,,,,,,,,,,,,,,,,,,,,,91.15,167680,15.6,Meat sauce
17,17144,＜調味料類＞　（調味ソース類）　焼きそば粉末ソース,0.1,5.6,0.7,3.3,30.1,248,110,18,12000,82,10,0.6,0.1,0.02,0.47,4,2,0,0,0.4,0.01,0.01,0.3,0.03,0,4,0.08,"{""baseName"":""焼きそば粉末ソース"",""notes"":[""調味料類"",""調味ソース類""]}",焼きそば粉末ソースは多種類の調味料・塩分・香辛料を含むため素材としては不向き。,3,1,1,33,59,49,13,15,28,39,19,59,40,4.8,53,22,64,0.54,0.16,0.03,0.13,130,30,0,0,Tr,236.25,172242,,Yakisoba seasoning powder
17,17112,＜調味料類＞　（調味ソース類）　焼き鳥のたれ,(61.4),(3.3),0,(Tr),(6.1),131,(13),(71),(2300),(160),(27),(0.7),(0.4),(0.02),(0.46),(1),(5),0,0,0,(0.02),(0.07),(0.5),(0.10),(Tr),(13),(0.20),"{""baseName"":""焼き鳥のたれ"",""notes"":[""調味料類"",""調味ソース類""]}",焼き鳥のたれは塩分・糖分や調味料を多く含む調味料で、素材としては慎重を要する,3,1,0,(160),(230),(180),(30),(36),(66),(140),(43),(190),(140),(7.8),(180),(72),(110),,,,,,,,,,350,171167,19.5,Yakitori sauce
17,17113,＜調味料類＞　（調味ソース類）　焼き肉のたれ,(52.4),(4.3),(2.2),(0.4),(8.8),164,(23),(90),(3300),(230),(35),(0.9),(0.5),(0.03),(0.51),(1),(7),0,(Tr),(Tr),(0.03),(0.09),(0.8),(0.10),(0.1),(18),(0.25),"{""baseName"":""焼き肉のたれ"",""notes"":[""調味料類"",""調味ソース類""]}",焼き肉のたれは複合調味料で塩分・糖分が高く、にんにく・玉ねぎ系が含まれることが多いため素材としては不適切,3,1,1,(200),(290),(220),(42),(46),(88),(180),(52),(230),(170),(12),(210),(94),(130),(2.02),(0.89),(0.01),(0.89),(880),(7),(Tr),(1),(0),350,172886,8,Yakiniku sauce
17,17114,＜調味料類＞　（調味ソース類）　みたらしのたれ,(66.3),(0.9),0,0,(1.9),127,(6),(24),(650),(120),(10),(0.2),(0.1),(0.01),(0.13),(2700),(1),0,0,0,(0.01),(0.02),(0.1),(0.03),0,(5),(0.05),"{""baseName"":""みたらしのたれ"",""notes"":[""調味料類"",""調味ソース類""]}",みたらしのたれは糖分・塩分が高く風味も強いため限定的な使用が望ましい,4,1,0,(43),(63),(48),(8.0),(11),(19),(39),(12),(50),(37),(2.0),(48),(19),(30),,,,,,,,,,350,171826,8,Mitarashi sauce
17,17115,＜調味料類＞　（調味ソース類）　ゆずこしょう,64.5,1.3,0.8,6.2,24.1,37,61,24,9900,280,44,0.6,0.1,0.06,0.10,24,2,(0),(0),2.0,0.04,0.05,0.9,0.17,-,13,0.22,"{""baseName"":""ゆずこしょう"",""notes"":[""調味料類"",""調味ソース類""]}",ゆずこしょうは唐辛子や強い香味を含む調味料で消化器刺激の恐れがあるため注意が必要,3,0,0,,,,,,,,,,,,,,,,,,,,,,,,22.2,171831,2.3,Yuzu pepper paste
17,17034,＜調味料類＞　（トマト加工品類）　トマトピューレー,86.9,1.9,0.1,1.8,1.2,44,19,37,19,490,27,0.8,0.3,0.19,0.19,0,1,0,(0),2.7,0.09,0.07,1.5,0.20,-,29,0.47,"{""baseName"":""トマトピューレー"",""notes"":[""調味料類"",""トマト加工品類""]}",食塩無添加のトマトピューレは安全で旨味・栄養源として使いやすい,8,1,1,(36),(53),(55),(10),(12),(22),(39),(24),(63),(43),(13),(38),(29),(37),(0.05),(0.03),(Tr),(0.02),(24),(3),-,(0),-,35.85,170460,17.6,Tomato puree
17,17035,＜調味料類＞　（トマト加工品類）　トマトペースト,71.3,3.8,0.1,4.7,2.8,94,46,93,55,1100,64,1.6,0.6,0.31,0.38,-,-,0,(0),6.2,0.21,0.14,3.7,0.38,-,42,0.95,"{""baseName"":""トマトペースト"",""notes"":[""調味料類"",""トマト加工品類""]}",トマトペーストは果肉由来で塩無添加なら素材として使いやすく安全性が高い,8,1,1,(78),(110),(120),(24),(40),(64),(110),(58),(170),(120),(27),(77),(62),(90),(0.05),(0.03),(Tr),(0.02),(24),(3),-,(0),-,74.7,170461,,Tomato paste
17,17036,＜調味料類＞　（トマト加工品類）　トマトケチャップ,66.0,1.6,0.2,1.7,3.9,104,16,35,1200,380,18,0.5,0.2,0.09,0.11,1,4,0,0,2.0,0.06,0.04,1.5,0.11,Tr,13,0.30,"{""baseName"":""トマトケチャップ"",""notes"":[""調味料類"",""トマト加工品類""]}",トマトケチャップは調味料で糖分・塩分が多く加工品としての利用は限定的,5,1,1,26,40,38,6.9,13,20,40,22,62,38,7.3,29,23,31,0.09,0.05,0.01,0.04,40,13,-,0,-,100.4,171595,13.7,Tomato ketchup
17,17037,＜調味料類＞　（トマト加工品類）　トマトソース,87.1,2.0,0.2,1.1,2.2,41,18,42,240,340,20,0.9,0.2,0.16,-,-,-,(0),(0),2.1,0.09,0.08,1.3,0.12,Tr,3,0.24,"{""baseName"":""トマトソース"",""notes"":[""調味料類"",""トマト加工品類""]}",トマト由来で風味付けに使えるが加工品のため調味成分に注意が必要,6,1,1,(45),(63),(68),(13),(23),(37),(67),(33),(100),(68),(17),(45),(37),(52),(0.11),(0.06),(0.01),(0.05),(48),(7),-,(0),-,34.6,170054,9.9,Tomato sauce
17,17038,＜調味料類＞　（トマト加工品類）　チリソース,67.3,1.8,0.1,1.9,3.9,112,27,32,1200,500,23,0.9,0.2,0.15,0.15,-,-,(0),(0),2.1,0.07,0.07,1.5,0.15,0,5,0.32,"{""baseName"":""チリソース"",""notes"":[""調味料類"",""トマト加工品類""]}",チリソースは辛味や加工調味料を含み刺激・塩分が高くなりやすいため、素材としては不向き。,3,1,1,(41),(57),(62),(12),(21),(33),(60),(30),(90),(62),(15),(41),(33),(47),(0.05),(0.03),(Tr),(0.02),(24),(3),-,(0),-,94.65,171595,13.7,Chili sauce
17,17042,＜調味料類＞　（ドレッシング類）　半固形状ドレッシング　マヨネーズ　全卵型,16.6,1.4,76.0,(0),1.9,668,8,29,730,13,2,0.3,0.2,0.01,0.01,3,3,24,0.3,13.0,0.01,0.03,Tr,0.02,0.1,1,0.16,"{""baseName"":""半固形状ドレッシング"",""variety"":""マヨネーズ 全卵型"",""notes"":[""調味料類"",""ドレッシング類""]}",マヨネーズは高脂肪な調味料で風味付けには使えるが主要素材としては加工品寄り,5,1,1,61,100,85,31,25,56,56,50,110,61,12,74,32,77,69.40,23.51,5.49,18.02,18000,5500,0,0,0,665.25,171009,34.2,"Mayonnaise, whole egg type"
17,17043,＜調味料類＞　（ドレッシング類）　半固形状ドレッシング　マヨネーズ　卵黄型,19.7,2.5,74.7,(0),2.0,668,20,72,770,21,3,0.6,0.5,0.02,0.02,9,8,53,0.6,11.0,0.03,0.07,Tr,0.05,0.4,3,0.43,"{""baseName"":""半固形状ドレッシング"",""variety"":""マヨネーズ 卵黄型"",""notes"":[""調味料類"",""ドレッシング類""]}",マヨネーズは高脂質で加工度が高く、犬の主素材としては適さない,4,1,1,120,190,170,57,43,100,100,100,200,120,27,140,61,160,69.60,31.54,4.92,26.62,27000,4900,0,25,44,647.55,171009,34.2,"Mayonnaise, egg yolk type"
17,17118,＜調味料類＞　（ドレッシング類）　半固形状ドレッシング　マヨネーズタイプ調味料　低カロリータイプ,60.9,2.9,28.3,0.8,3.9,262,10,35,1500,36,3,0.3,0.2,0.01,0.01,4,5,20,0.3,4.8,0.02,0.05,Tr,0.02,0.1,3,0.19,"{""baseName"":""半固形状ドレッシング"",""variety"":""マヨネーズタイプ調味料 低カロリータイプ"",""notes"":[""調味料類"",""ドレッシング類""]}",低カロリーマヨネーズは加工調味料で脂質や添加物が多く、素材としては優先度が低い。,5,1,1,82,130,110,44,32,76,77,68,150,80,21,100,40,100,25.30,9.77,1.77,8.00,8000,1800,0,0,23,261.9,168112,8.5,"Mayonnaise-type dressing, low calorie"
17,17040,＜調味料類＞　（ドレッシング類）　分離液状ドレッシング　フレンチドレッシング　分離液状,(47.8),(Tr),(31.5),0,(6.3),325,(1),(1),(2500),(2),(Tr),(Tr),(Tr),0,0,0,0,0,0,(4.0),(Tr),(Tr),(Tr),(Tr),(Tr),0,0,"{""baseName"":""分離液状ドレッシング"",""variety"":""フレンチドレッシング 分離液状"",""notes"":[""調味料類"",""ドレッシング類""]}",ドレッシングは塩分・油脂や香辛料を含む調味料で使用は限定的,5,0,1,,,,,,,,,,,,,,,(29.31),(12.90),(2.15),(10.75),(11000),(2100),(0),(0),(0),350,167693,4.6,"French dressing, separated"
17,17116,＜調味料類＞　（ドレッシング類）　分離液状ドレッシング　和風ドレッシング　分離液状,(69.4),(1.9),(14.5),(0.2),(3.6),179,(7),(43),(1400),(75),(16),(0.4),(0.2),(0.03),(0.19),0,(3),0,-,(1.5),(0.03),(0.03),(0.4),(0.04),(Tr),(7),(0.09),"{""baseName"":""分離液状ドレッシング"",""variety"":""和風ドレッシング 分離液状"",""notes"":[""調味料類"",""ドレッシング類""]}",和風ドレッシングは調味料で風味や塩分が強いが、調味や脂質源として素材利用可能,6,1,1,(79),(120),(86),(24),(22),(45),(74),(29),(100),(70),(9.0),(89),(43),(81),(13.37),(5.90),(0.80),(5.10),(5100),(800),(Tr),(1),(0),350,171006,4,"Japanese-style dressing, separated"
17,17039,＜調味料類＞　（ドレッシング類）　分離液状ドレッシング　和風ドレッシングタイプ調味料　ノンオイルタイプ,71.8,3.1,0.1,0.2,7.6,83,10,54,2900,130,34,0.3,0.2,0.01,-,-,-,(0),(0),0,0.02,0.03,0.3,0.04,0,6,0.11,"{""baseName"":""分離液状ドレッシング"",""variety"":""和風ドレッシングタイプ調味料 ノンオイルタイプ"",""notes"":[""調味料類"",""ドレッシング類""]}",加工度の高い調味料で風味付けに使えるが調味成分が強い場合があるため素材としては注意が必要,6,0,0,,,,,,,,,,,,,,,,,,,,,,,,71.9,173590,4,"Japanese-style dressing, non-oil type"
17,17117,＜調味料類＞　（ドレッシング類）　乳化液状ドレッシング　ごまドレッシング,(38.1),(2.7),(38.3),(0.8),(4.9),399,(86),(66),(1800),(91),(34),(1.0),(0.6),(0.12),(0.32),(1),(4),(4),(0.1),(4.4),(0.04),(0.05),(0.6),(0.07),(Tr),(16),(0.14),"{""baseName"":""乳化液状ドレッシング"",""variety"":""ごまドレッシング"",""notes"":[""調味料類"",""ドレッシング類""]}",ごまドレッシングは油脂や塩分・添加物が多く調味料としては素材向きではない,4,1,1,(120),(200),(110),(59),(45),(100),(130),(68),(200),(110),(27),(140),(71),(240),(35.51),(15.65),(2.36),(13.29),(13000),(2400),(0),(1),(3),350,171006,4,"Sesame dressing, emulsified"
17,17041,＜調味料類＞　（ドレッシング類）　乳化液状ドレッシング　サウザンアイランドドレッシング,(44.1),(0.3),(39.2),(0.4),(3.1),392,(7),(9),(1200),(32),(3),(0.1),(0.1),(0.02),(0.01),(1),(1),(4),(0.1),(5.2),(Tr),(0.01),(0.1),(0.02),(Tr),(3),(0.05),"{""baseName"":""乳化液状ドレッシング"",""variety"":""サウザンアイランドドレッシング"",""notes"":[""調味料類"",""ドレッシング類""]}",サウザンアイランドドレッシングは複数の調味料や油脂・香辛料を含み素材向きではない。,3,1,1,(8.8),(14),(13),(3.7),(3.5),(7.2),(8.8),(7.8),(17),(9.9),(2.4),(10),(5.3),(12),(36.43),(15.99),(2.66),(13.33),(13000),(2700),(0),(1),(3),350,171402,4.6,"Thousand Island dressing, emulsified"
17,17149,＜調味料類＞　（ドレッシング類）　乳化液状ドレッシング　フレンチドレッシング　乳化液状,(44.1),(0.1),(38.8),0,(6.5),376,(1),(3),(2500),(3),(Tr),(Tr),(Tr),(Tr),0,(1),0,(3),(0.1),(5.0),(Tr),(0.01),(Tr),(0.01),(Tr),(1),(0.02),"{""baseName"":""乳化液状ドレッシング"",""variety"":""フレンチドレッシング 乳化液状"",""notes"":[""調味料類"",""ドレッシング類""]}",フレンチドレッシングは複合調味料で塩分や油分が含まれるため、素材としては加工品扱いで注意が必要です。,4,0,0,,,,,,,,,,,,,,,,,,,,,,,,350,171416,,"French dressing, emulsified"
17,17044,＜調味料類＞　（みそ類）　米みそ　甘みそ,42.6,9.7,3.0,5.6,6.8,206,80,130,2400,340,32,3.4,0.9,0.22,-,Tr,2,(0),(0),0.3,0.05,0.10,1.5,0.04,0.1,21,Tr,"{""baseName"":""米みそ"",""variety"":""甘みそ"",""notes"":[""調味料類"",""みそ類""]}",発酵大豆由来の調味料で旨味があり犬のレシピ素材として使いやすい（塩分量に配慮）,8,1,1,480,830,510,140,130,270,540,400,940,430,120,540,290,730,2.85,1.84,0.30,1.55,1500,300,-,0,-,172.5,172442,72.2,"Rice miso, sweet"
17,17045,＜調味料類＞　（みそ類）　米みそ　淡色辛みそ,45.4,12.5,6.0,4.9,14.2,182,100,170,4900,380,75,4.0,1.1,0.39,-,1,9,(0),(0),0.6,0.03,0.10,1.5,0.11,0.1,68,Tr,"{""baseName"":""米みそ"",""variety"":""淡色辛みそ"",""notes"":[""調味料類"",""みそ類""]}",発酵大豆の調味料で風味付けに使えるが塩分が高いため量に注意,5,1,1,640,1000,750,130,200,330,680,490,1200,540,140,710,360,930,5.68,3.61,0.58,3.02,3000,580,-,0,-,154.25,172442,72.2,"Rice miso, light salty"
17,17046,＜調味料類＞　（みそ類）　米みそ　赤色辛みそ,45.7,13.1,5.5,4.1,14.6,178,130,200,5100,440,80,4.3,1.2,0.35,-,1,8,(0),(0),0.5,0.03,0.10,1.5,0.12,Tr,42,0.23,"{""baseName"":""米みそ"",""variety"":""赤色辛みそ"",""notes"":[""調味料類"",""みそ類""]}",赤色辛みそは塩分と香辛料を含む調味料で、素材として使う場合は味付けや塩分に注意が必要,5,1,1,680,1100,710,170,220,390,700,520,1200,570,120,750,350,820,5.15,3.21,0.54,2.66,2700,540,-,0,-,152.1,172442,72.2,"Rice miso, red salty"
17,17120,＜調味料類＞　（みそ類）　米みそ　だし入りみそ,49.9,11.0,5.6,4.1,12.9,167,67,160,4700,420,61,1.4,1.0,0.26,0.65,26,8,0,0.1,0.7,0.10,0.35,0.9,0.13,0.1,37,0.24,"{""baseName"":""米みそ"",""variety"":""だし入りみそ"",""notes"":[""調味料類"",""みそ類""]}",だし入り米みそは風味付けには使えるが塩分が高いため主素材としては注意が必要。,5,1,1,(520),(840),(610),(110),(160),(270),(550),(390),(940),(440),(120),(570),(310),(730),(4.99),(3.13),(0.54),(2.59),(2600),(500),(5),(31),(3),143.85,172442,72.2,Rice miso with dashi
17,17145,＜調味料類＞　（みそ類）　米みそ　だし入りみそ　減塩,52.5,10.3,5.1,4.9,9.8,164,63,150,3800,410,55,1.4,1.0,0.32,0.64,29,8,0,0,0.6,0.10,0.09,0.9,0.13,0.1,40,0.27,"{""baseName"":""米みそ"",""variety"":""だし入りみそ 減塩"",""notes"":[""調味料類"",""みそ類""]}",米みそ（だし入り）は発酵調味料として風味付けに使用可能,6,1,1,490,800,580,110,130,240,520,400,920,430,100,530,280,650,4.53,2.59,0.30,2.29,2300,290,1,8,1,140.3,172442,72.2,"Rice miso with dashi, reduced salt"
17,17047,＜調味料類＞　（みそ類）　麦みそ,44.0,9.7,4.3,6.3,12.0,184,80,120,4200,340,55,3.0,0.9,0.31,-,16,2,(0),(0),0.4,0.04,0.10,1.5,0.10,Tr,35,0.26,"{""baseName"":""麦みそ"",""notes"":[""調味料類"",""みそ類""]}",麦みそは発酵調味料で風味付けには使えるが、単体の主素材としては加工度が高い。,5,1,1,450,730,410,100,200,300,470,340,810,390,83,500,230,520,3.98,2.51,0.38,2.13,2100,380,-,0,-,153.45,172442,72.2,Barley miso
17,17048,＜調味料類＞　（みそ類）　豆みそ,44.9,17.2,10.5,6.5,12.9,207,150,250,4300,930,130,6.8,2.0,0.66,-,31,19,(0),(0),1.1,0.04,0.12,1.2,0.13,Tr,54,0.36,"{""baseName"":""豆みそ"",""notes"":[""調味料類"",""みそ類""]}",豆みそは発酵調味料で塩分が高く、調味料として限定的に使用すべき。,5,1,1,830,1300,830,240,180,420,850,640,1500,720,130,900,490,880,9.79,6.29,0.99,5.30,5300,990,-,0,-,177.45,172442,72.2,Soybean miso
17,17119,＜調味料類＞　（みそ類）　減塩みそ,46.0,11.0,5.9,4.3,11.4,190,62,170,4200,480,71,1.7,1.4,0.29,0.73,1,5,0,0,0.6,0.10,0.11,1.1,0.16,0.1,75,0.27,"{""baseName"":""減塩みそ"",""notes"":[""調味料類"",""みそ類""]}",減塩みそは発酵大豆製品で風味付けに使えるが塩分含有に留意。,7,1,1,510,820,610,160,140,300,540,410,950,460,100,580,280,710,(5.53),(3.38),(0.46),(2.92),(2900),(450),(0),(6),(0),163.55,172442,72.2,Reduced salt miso
17,17049,＜調味料類＞　（みそ類）　即席みそ　粉末タイプ,2.4,21.9,9.3,6.6,23.5,321,85,300,8100,600,140,2.8,1.8,0.44,1.19,-,-,(0),(0),0.7,0.11,2.58,0.8,0.12,-,65,0.75,"{""baseName"":""即席みそ"",""variety"":""粉末タイプ"",""notes"":[""調味料類"",""みそ類""]}",即席みそは発酵大豆の調味料で風味付けには使えるが塩分が高めな点に注意。,5,1,1,(1100),(1800),(1300),(230),(350),(580),(1200),(860),(2100),(950),(250),(1200),(640),(1600),7.12,4.52,0.73,3.79,3800,730,0,0,0,282.75,172442,72.2,"Instant miso, powder type"
17,17050,＜調味料類＞　（みそ類）　即席みそ　ペーストタイプ,61.5,8.9,3.7,2.8,10.4,122,47,130,3800,310,54,1.2,0.9,0.25,0.47,-,-,(0),(0),0.5,0.04,0.27,0.4,0.07,-,29,0.42,"{""baseName"":""即席みそ"",""variety"":""ペーストタイプ"",""notes"":[""調味料類"",""みそ類""]}",即席みそは発酵食品として風味付けに使えるが塩分が高めなので量に注意。,5,1,1,(460),(740),(530),(95),(140),(240),(490),(350),(830),(390),(100),(500),(260),(660),2.92,1.74,0.22,1.53,1500,220,0,0,0,107.05,172442,72.2,"Instant miso, paste type"
17,17121,＜調味料類＞　（みそ類）　辛子酢みそ,(43.6),(5.0),(2.1),(2.7),(3.6),216,(42),(69),(1300),(170),(20),(1.7),(0.5),(0.12),(0.02),0,(1),0,0,(0.1),(0.04),(0.05),(0.8),(0.02),(0.1),(10),0,"{""baseName"":""辛子酢みそ"",""notes"":[""調味料類"",""みそ類""]}",からしや酢味を含む調味料で刺激が強く、消化器に負担をかけることがある。,3,1,1,(230),(400),(240),(69),(61),(130),(260),(190),(450),(210),(58),(260),(140),(350),(2.03),(1.08),(0.22),(0.86),(860),(220),(0),(0),(0),350,172442,72.2,Mustard vinegar miso
17,17122,＜調味料類＞　（みそ類）　ごまみそ,(42.7),(9.4),(9.9),(5.5),(5.2),245,(230),(170),(1600),(280),(74),(3.7),(1.5),(0.39),(0.40),0,(5),0,0,(0.2),(0.10),(0.10),(1.8),(0.14),(0.1),(36),(0.08),"{""baseName"":""ごまみそ"",""notes"":[""調味料類"",""みそ類""]}",ごまみそは加工調味料で塩分や加工度に注意が必要だが、少量なら利用可能,6,1,1,(440),(770),(420),(190),(150),(340),(510),(370),(880),(410),(130),(520),(280),(910),(9.08),(4.51),(0.22),(4.29),(4300),(220),(0),(0),(0),350,172442,72.2,Sesame miso
17,17123,＜調味料類＞　（みそ類）　酢みそ,(44.2),(4.9),(1.5),(2.8),(3.4),211,(41),(66),(1200),(170),(16),(1.7),(0.5),(0.11),0,0,(1),0,0,(0.2),(0.03),(0.05),(0.8),(0.02),(0.1),(11),0,"{""baseName"":""酢みそ"",""notes"":[""調味料類"",""みそ類""]}",酢みそは発酵調味料で塩分や酸味があるため風味付けには使えるが単体での利用は注意が必要。,5,1,1,(240),(420),(260),(72),(64),(140),(280),(200),(480),(220),(61),(270),(150),(370),(1.44),(0.93),(0.15),(0.78),(780),(150),(0),(0),(0),350,172442,72.2,Vinegar miso
17,17124,＜調味料類＞　（みそ類）　練りみそ,(29.9),(5.5),(1.7),(3.2),(3.8),267,(46),(74),(1400),(190),(18),(1.9),(0.5),(0.13),(0.02),0,(1),0,0,(0.2),(0.03),(0.06),(0.8),(0.03),(0.1),(12),(Tr),"{""baseName"":""練りみそ"",""notes"":[""調味料類"",""みそ類""]}",練りみそは発酵大豆由来の調味料で塩分が高めのため、使用量に注意が必要。,5,1,1,(260),(460),(280),(80),(72),(150),(310),(220),(520),(220),(67),(300),(160),(410),(1.61),(1.04),(0.17),(0.87),(870),(170),(0),(0),(0),350,172442,72.2,Miso paste
17,17051,＜調味料類＞　（ルウ類）　カレールウ,3.0,6.5,34.1,6.4,11.7,474,90,110,4200,320,31,3.5,0.5,0.13,0.58,0,10,(0),(0),2.0,0.09,0.06,0.1,0.07,Tr,9,0.38,"{""baseName"":""カレールウ"",""notes"":[""調味料類"",""ルウ類""]}",カレールウは複合調味料で香辛料や脂質・塩分が多く含まれやすく、素材としては注意が必要。,3,1,1,190,350,130,60,91,150,240,130,370,170,54,230,120,220,31.35,1.65,0.10,1.55,1600,100,-,0,-,446.65,170924,64.2,Curry roux
17,17052,＜調味料類＞　（ルウ類）　ハヤシルウ,2.2,5.8,33.2,2.5,11.3,501,30,55,4200,150,21,1.0,0.3,0.12,0.32,-,-,(0),(0),2.5,0.14,0.06,1.0,0.08,0,9,0.29,"{""baseName"":""ハヤシルウ"",""notes"":[""調味料類"",""ルウ類""]}",ルウ類は加工度が高く調味料成分が多いため素材としてはやや注意が必要,5,0,1,,,,,,,,,,,,,,,30.50,0.88,0.06,0.82,820,61,0,0,0,460,173332,15.6,Hashed beef roux
17,17125,＜調味料類＞　（その他）　お茶漬けの素　さけ,(2.9),(20.2),(3.7),(3.5),(35.6),251,(72),(230),(13000),(560),(55),(2.1),(0.9),(0.14),(0.27),(3700),(27),(10),(8.3),(1.5),(0.16),(0.29),(5.7),(0.25),(5.4),(140),(0.93),"{""baseName"":""お茶漬けの素"",""variety"":""さけ"",""notes"":[""調味料類"",""その他""]}",お茶漬けの素は調味済みで塩分や香辛料が多く、素材として使いにくい。,3,1,1,(770),(1300),(1400),(490),(220),(710),(710),(600),(1300),(850),(210),(950),(780),(960),(2.59),(0.88),(0.66),(0.23),(180),(52),(200),(310),(30),350,168956,8.5,"Ochazuke seasoning, salmon"
17,17136,＜調味料類＞　（その他）　キムチの素,58.2,5.3,1.0,3.6,9.4,125,29,52,3600,350,31,1.3,0.3,0.12,0.16,1900,11,17,0,2.9,0.04,0.11,1.6,0.31,0.2,8,0.20,"{""baseName"":""キムチの素"",""notes"":[""調味料類"",""その他""]}",キムチの素は一般ににんにく・ねぎ等のネギ属を含むことが多く、犬に有害となり得る,2,1,1,76,120,120,33,32,64,82,55,140,93,19,100,63,170,0.73,0.42,0.08,0.34,330,33,19,23,2,105.8,170392,15.5,Kimchi seasoning
17,17053,＜調味料類＞　（その他）　酒かす,51.1,14.9,1.5,5.2,0.5,215,8,8,5,28,9,0.8,2.3,0.39,-,-,-,(0),(0),0,0.03,0.26,2.0,0.94,0,170,0.48,"{""baseName"":""酒かす"",""notes"":[""調味料類"",""その他""]}",酒かすはアルコールや発酵生成物を含む可能性があり犬には有害となり得る。,2,1,0,(660),(1400),(690),(640),(510),(1200),(800),(810),(1600),(680),(200),(940),(420),(1100),,,,,,,,,,158.7,167723,0,Sake lees
17,17126,＜調味料類＞　（その他）　即席すまし汁,(2.8),(18.3),(0.8),(3.3),(47.6),194,(76),(220),(18000),(490),(61),(2.3),(1.0),(0.13),(0.60),(140),(39),0,(0.5),(0.8),(0.13),(0.31),(5.1),(0.17),(4.7),(170),(0.41),"{""baseName"":""即席すまし汁"",""notes"":[""調味料類"",""その他""]}",即席すまし汁は調味料・塩分が多く含まれることが多く、素材としては不向き。,4,1,1,(590),(1000),(780),(280),(210),(490),(580),(400),(980),(580),(140),(710),(550),(550),(0.52),(0.30),(0.14),(0.16),(140),(19),(80),(40),(9),350,171608,56.3,Instant clear soup
17,17127,＜調味料類＞　（その他）　ふりかけ　たまご,(2.5),(23.4),(21.9),(5.1),(12.3),428,(390),(490),(3600),(490),(120),(4.5),(2.9),(0.47),(0.71),(86),(15),(100),(2.2),(2.5),(0.29),(0.48),(4.1),(0.31),(6.2),(170),(0.47),"{""baseName"":""ふりかけ"",""variety"":""たまご"",""notes"":[""調味料類"",""その他""]}",ふりかけ（たまご）は調味加工品で塩分や添加物が含まれるため素材としては注意して使うべきである。,5,1,1,(960),(1600),(1400),(610),(340),(950),(910),(780),(1700),(1000),(280),(1200),(870),(1600),(18.80),(6.33),(0.28),(6.04),(5800),(77),(88),(98),(190),350,172673,84.3,"Furikake, egg"
17,17054,＜調味料類＞　（その他）　みりん風調味料,43.6,0.1,0,(0),0.2,225,Tr,15,68,3,1,0.1,Tr,Tr,0,-,-,(0),(0),-,Tr,0.02,0,0,0,0,0,"{""baseName"":""みりん風調味料"",""notes"":[""調味料類"",""その他""]}",アルコール含有の調味料で犬に有害となる可能性があるため使用不可。,1,0,0,,,,,,,,,,,,,,,,,,,,,,,,196.7,171036,,Mirin-style seasoning
17,17138,＜調味料類＞　（その他）　料理酒,82.4,0.2,Tr,0,2.1,88,2,4,870,6,2,Tr,Tr,Tr,0.04,Tr,0,0,0,0,Tr,0,Tr,0.01,0,0,0,"{""baseName"":""料理酒"",""notes"":[""調味料類"",""その他""]}",料理酒はアルコールを含み、犬にとって有害となるため使用不可。,1,1,0,5.4,10,6.3,1.3,2.8,4.0,5.7,3.9,9.6,7.0,0.5,9.1,4.5,9.7,,,,,,,,,,54.25,167723,0,Cooking sake
17,17055,＜香辛料類＞　オールスパイス　粉,9.2,5.6,5.6,-,4.4,364,710,110,53,1300,130,4.7,1.2,0.53,0.72,-,-,0,(0),-,0,0.05,2.9,-,(0),(0),-,"{""baseName"":""オールスパイス"",""variety"":""粉"",""notes"":[""香辛料類""]}",オールスパイスは香辛料で消化器を刺激する可能性があり注意が必要,3,0,1,,,,,,,,,,,,,,,(3.59),(1.52),(0.05),(1.48),(1500),(45),(0),(0),(0),330.4,171315,,"Allspice, ground"
17,17056,＜香辛料類＞　オニオンパウダー,5.0,8.8,1.1,-,5.3,363,140,290,52,1300,160,3.1,3.2,0.55,1.90,-,-,(0),(0),-,0.30,0.10,0.6,-,(0),-,-,"{""baseName"":""オニオンパウダー"",""notes"":[""香辛料類""]}",オニオンパウダーは玉ねぎ由来でネギ属の有害成分を含むため犬に禁忌である,1,1,1,(120),(190),(410),(76),(68),(140),(240),(110),(350),(120),(51),(140),(140),(1600),(0.77),(0.33),(0.02),(0.31),(270),(16),(0),(0),(44),319.45,171327,39,Onion powder
17,17057,＜香辛料類＞　からし　粉,4.9,33.0,14.3,-,4.1,435,250,1000,34,890,380,11.0,6.6,0.60,1.76,0,290,(0),(0),-,0.73,0.26,8.5,-,(0),(0),-,"{""baseName"":""からし"",""variety"":""粉"",""notes"":[""香辛料類""]}",刺激性の強い香辛料で消化器刺激のリスクがあるため、原則使用を控える。,3,0,1,,,,,,,,,,,,,,,(13.65),(3.98),(1.50),(2.44),(2300),(1500),(0),(0),(0),390,170929,122.7,Mustard powder
17,17058,＜香辛料類＞　からし　練り,31.7,5.9,14.5,-,7.8,314,60,120,2900,190,83,2.1,1.0,0.15,0.36,-,-,(0),(0),-,0.22,0.07,1.5,-,(0),(0),-,"{""baseName"":""からし"",""variety"":""練り"",""notes"":[""香辛料類""]}",辛味成分で消化器を刺激するため、犬には注意が必要な香辛料です。,3,0,1,,,,,,,,,,,,,,,(13.84),(4.04),(1.52),(2.47),(2400),(1500),(0),(0),(0),284.25,172234,22.4,"Mustard, prepared"
17,17059,＜香辛料類＞　からし　練りマスタード,65.7,4.8,10.6,-,3.8,175,71,140,1200,170,60,1.8,0.8,0.10,0.41,0,70,0,(Tr),1.2,0.14,0.04,1.1,0.10,0,14,0.27,"{""baseName"":""からし"",""variety"":""練りマスタード"",""notes"":[""香辛料類""]}",練りからしは刺激性があり胃腸を刺激する恐れがあるため注意が必要,3,1,1,(190),(370),(340),(98),(92),(190),(210),(170),(380),(210),(12),(240),(150),(320),(10.12),(2.95),(1.11),(1.80),(1700),(1100),(0),(0),(0),159.75,172234,22.4,Prepared mustard
17,17060,＜香辛料類＞　からし　粒入りマスタード,57.2,7.6,16.0,-,5.3,229,130,260,1600,190,110,2.4,1.4,0.16,0.62,1,87,(0),(Tr),1.0,0.32,0.05,1.8,0.14,0.1,16,0.28,"{""baseName"":""からし"",""variety"":""粒入りマスタード"",""notes"":[""香辛料類""]}",からし（粒入りマスタード）は刺激性が強く消化器を刺激するため注意が必要。,3,1,1,(340),(610),(540),(140),(200),(340),(340),(240),(580),(240),(75),(440),(260),(560),(15.27),(4.45),(1.67),(2.72),(2600),(1700),(0),(0),(0),211.25,172234,22.4,Mustard with seeds
17,17061,＜香辛料類＞　カレー粉,5.7,13.0,12.2,36.9,5.8,338,540,400,40,1700,220,29.0,2.9,0.80,4.84,5,18,0,(0),4.4,0.41,0.25,7.0,0.59,0.1,60,2.06,"{""baseName"":""カレー粉"",""notes"":[""香辛料類""]}",カレー粉は香辛料の混合で消化器刺激や辛味成分があるため注意が必要。,3,1,1,(570),(810),(640),(170),(180),(350),(530),(360),(890),(320),(100),(680),(260),(810),11.12,3.40,0.24,3.16,3200,240,0,0,0,241.6,170924,64.2,Curry powder
17,17062,＜香辛料類＞　クローブ　粉,7.5,7.2,13.6,-,5.3,398,640,95,280,1400,250,9.9,1.1,0.39,93.00,-,-,(0),(0),-,0.04,0.27,0.9,-,(0),(0),-,"{""baseName"":""クローブ"",""variety"":""粉"",""notes"":[""香辛料類""]}",クローブは香辛料で刺激が強く消化器への影響が出る場合があるため少量使用が望ましい。,3,1,1,(290),(480),(450),(96),(84),(180),(280),(230),(510),(220),(36),(410),(160),(390),(9.36),(3.77),(0.81),(2.87),(2700),(610),(8),(0),(110),373.2,171321,37.4,"Cloves, ground"
17,17063,＜香辛料類＞　こしょう　黒　粉,12.7,11.0,6.0,-,3.7,362,410,160,65,1300,150,20.0,1.1,1.20,6.34,5,5,(0),(0),-,0.10,0.24,1.2,-,(0),(0),-,"{""baseName"":""こしょう"",""variety"":""黒 粉"",""notes"":[""香辛料類""]}",黒こしょうは香辛料であり消化器を刺激することがあるため使用は控えめにするべき。,3,1,1,(390),(1100),(260),(100),(150),(250),(470),(510),(980),(260),(61),(580),(170),(330),(5.76),(1.84),(0.28),(1.56),(1300),(280),(0),(0),(0),322.6,170931,11.3,"Black pepper, ground"
17,17064,＜香辛料類＞　こしょう　白　粉,12.3,10.1,6.4,-,1.1,376,240,140,4,60,80,7.3,0.9,1.00,4.45,2,2,(0),(0),-,0.02,0.12,0.2,-,(0),(0),-,"{""baseName"":""こしょう"",""variety"":""白 粉"",""notes"":[""香辛料類""]}",白こしょうは香辛料で消化器刺激の可能性があるため注意が必要,3,1,1,(330),(1000),(200),(81),(150),(230),(470),(400),(870),(290),(60),(450),(140),(230),(6.14),(1.96),(0.30),(1.66),(1400),(300),(0),(0),(0),335.1,170933,,"White pepper, ground"
17,17065,＜香辛料類＞　こしょう　混合　粉,12.5,10.6,6.2,-,2.4,369,330,150,35,680,120,14.0,1.0,1.10,-,3,2,(0),(0),-,0.06,0.18,0.7,-,0,0,-,"{""baseName"":""こしょう"",""variety"":""混合 粉"",""notes"":[""香辛料類""]}",香辛料のこしょうは消化管を刺激することがあるため注意が必要。,3,1,1,(350),(1100),(200),(86),(160),(250),(490),(420),(910),(300),(63),(470),(140),(240),(5.95),(1.90),(0.29),(1.61),(1300),(290),(0),(0),(0),328.85,170931,11.3,"Mixed pepper, ground"
17,17066,＜香辛料類＞　さんしょう　粉,8.3,10.3,6.2,-,5.6,375,750,210,10,1700,100,10.0,0.9,0.33,-,32,6,(0),(0),-,0.10,0.45,2.8,-,-,-,-,"{""baseName"":""さんしょう"",""variety"":""粉"",""notes"":[""香辛料類""]}",山椒は刺激性の香辛料で消化器に刺激を与える可能性があるため注意が必要,3,0,0,,,,,,,,,,,,,,,,,,,,,,,,332.35,171315,,"Japanese pepper, ground"
17,17067,＜香辛料類＞　シナモン　粉,9.4,3.6,3.5,-,3.9,356,1200,50,23,550,87,7.1,0.9,0.49,41.00,6,3,(0),(0),-,0.08,0.14,1.3,-,(0),(0),-,"{""baseName"":""シナモン"",""variety"":""粉"",""notes"":[""香辛料類""]}",香辛料は消化器刺激や含有成分に注意が必要で、使用は控えめが望ましい。,4,1,1,(130),(230),(220),(70),(52),(120),(130),(120),(250),(120),(44),(200),(110),(150),(1.86),(0.19),(0.03),(0.12),(120),(31),(0),(0),(0),320.95,171320,11,"Cinnamon, ground"
17,17068,＜香辛料類＞　しょうが　粉,10.6,7.8,4.9,-,4.2,365,110,150,31,1400,300,14.0,1.7,0.57,28.00,1,3,(0),(0),-,0.04,0.17,4.2,1.03,(0),(0),1.29,"{""baseName"":""しょうが"",""variety"":""粉"",""notes"":[""香辛料類""]}",粉しょうがは香辛料で消化器を刺激する可能性があるため、使用には注意が必要,4,1,0,(300),(450),(210),(77),(86),(160),(270),(210),(480),(250),(130),(360),(170),(610),,,,,,,,,,322.7,170926,41.2,"Ginger, ground"
17,17069,＜香辛料類＞　しょうが　おろし,88.2,0.7,0.6,-,1.9,41,16,14,580,140,17,0.3,0.1,0.04,3.58,0,1,(0),(0),-,0.02,0.03,0.8,-,-,-,-,"{""baseName"":""しょうが"",""variety"":""おろし"",""notes"":[""香辛料類""]}",しょうがは香辛料で消化器を刺激する可能性があり使用に注意が必要である,4,1,1,(20),(28),(22),(5.0),(3.1),(8.1),(17),(7.7),(25),(14),(4.6),(28),(12),(17),(0.41),(0.12),(0.03),(0.10),(96),(27),(0),(0),(0),37.65,169231,28.8,"Ginger, grated"
17,17070,＜香辛料類＞　セージ　粉,9.2,6.4,10.1,-,7.4,377,1500,100,120,1600,270,50.0,3.3,0.53,2.85,-,-,(0),(0),-,0.09,0.55,2.7,-,(0),-,-,"{""baseName"":""セージ"",""variety"":""粉"",""notes"":[""香辛料類""]}",セージは香辛料・ハーブで消化器刺激の可能性があり注意が必要,3,0,1,,,,,,,,,,,,,,,(8.44),(1.39),(0.97),(0.42),(420),(970),(0),(0),(0),342.4,170935,43.6,"Sage, ground"
17,17071,＜香辛料類＞　タイム　粉,9.8,6.5,5.2,-,8.7,342,1700,85,13,980,300,110.0,2.0,0.57,6.67,-,-,(0),(0),-,0.09,0.69,3.4,-,0,0,-,"{""baseName"":""タイム"",""variety"":""粉"",""notes"":[""香辛料類""]}",タイム粉は香草であり少量の使用なら犬のレシピ素材として問題ない,8,0,1,,,,,,,,,,,,,,,(3.07),(0.83),(0.48),(0.35),(350),(480),(0),(0),(0),311.25,170938,43.6,"Thyme, ground"
17,17072,＜香辛料類＞　チリパウダー,3.8,15.0,8.2,-,12.9,374,280,260,2500,3000,210,29.0,2.2,1.00,1.62,-,-,(0),(0),-,0.25,0.84,7.2,-,(0),(0),-,"{""baseName"":""チリパウダー"",""notes"":[""香辛料類""]}",チリパウダーは辛味成分で消化器刺激や不快感を与える可能性がある。,3,1,1,(430),(700),(400),(140),(200),(350),(410),(210),(620),(300),(78),(600),(200),(550),(7.85),(4.60),(0.30),(4.30),(4300),(300),(0),(0),(0),332.55,171319,66.5,Chili powder
17,17073,＜香辛料類＞　とうがらし　粉,1.7,16.2,9.7,-,5.6,412,110,340,4,2700,170,12.0,2.0,1.20,-,3,5,(0),(0),-,0.43,1.15,11.0,-,-,-,-,"{""baseName"":""とうがらし"",""variety"":""粉"",""notes"":[""香辛料類""]}",唐辛子の粉で辛味が強く消化器刺激のリスクがあるため注意が必要,3,1,1,(470),(760),(430),(160),(220),(370),(450),(230),(670),(320),(84),(650),(220),(590),(8.08),(4.70),(0.37),(4.33),(4300),(370),(0),(0),(0),372.95,170932,51.5,"Red pepper, ground"
17,17074,＜香辛料類＞　ナツメグ　粉,6.3,5.7,38.5,-,2.0,520,160,210,15,430,180,2.5,1.3,1.20,2.68,-,-,(0),(0),-,0.05,0.10,0.5,-,(0),(0),-,"{""baseName"":""ナツメグ"",""variety"":""粉"",""notes"":[""香辛料類""]}",ナツメグは神経系に影響を及ぼす成分を含み、犬に与えてはいけない。,1,0,1,,,,,,,,,,,,,,,(29.81),(5.22),(0.10),(5.12),(5100),(95),(0),(0),(0),513.45,171326,8.8,"Nutmeg, ground"
17,17075,＜香辛料類＞　にんにく　ガーリックパウダー　食塩無添加,3.5,19.9,0.8,-,2.0,380,100,300,18,390,90,6.6,2.5,0.57,1.17,1,10,(0),(0),0.4,0.54,0.15,1.0,2.32,0,30,1.33,"{""baseName"":""にんにく"",""variety"":""ガーリックパウダー 食塩無添加"",""notes"":[""香辛料類""]}",にんにく（ガーリック）はネギ属に含まれ、溶血性貧血を引き起こすため与えてはいけない,1,1,1,(500),(880),(920),(130),(300),(440),(630),(540),(1200),(450),(150),(800),(320),(4000),0.37,0.22,0.02,0.20,200,21,Tr,0,0,334.75,171325,67.5,"Garlic powder, no salt added"
17,17128,＜香辛料類＞　にんにく　ガーリックパウダー　食塩添加,3.5,19.9,0.8,-,2.0,382,100,300,3300,390,90,6.6,2.5,0.57,1.17,1,10,(0),(0),0.4,0.54,0.15,1.0,2.32,0,30,1.33,"{""baseName"":""にんにく"",""variety"":""ガーリックパウダー 食塩添加"",""notes"":[""香辛料類""]}",にんにくはネギ属で犬に有害なため、使用不可です。,1,1,0,(500),(880),(920),(130),(300),(440),(630),(540),(1200),(450),(150),(800),(320),(4000),,,,,,,,,,334.75,171325,67.5,"Garlic powder, with salt"
17,17076,＜香辛料類＞　にんにく　おろし,52.1,4.7,0.5,-,5.7,170,22,100,1800,440,22,0.7,0.5,0.09,0.16,3,4,(0),(0),-,0.11,0.04,0.2,-,-,-,-,"{""baseName"":""にんにく"",""variety"":""おろし"",""notes"":[""香辛料類""]}",にんにくはネギ属で犬に有害な成分を含み使用不可である,1,1,1,(84),(160),(180),(46),(52),(99),(120),(93),(210),(100),(49),(140),(64),(750),(0.24),(0.16),(0.02),(0.14),(140),(17),(0),-,(0),150.2,169230,23.2,"Garlic, grated"
17,17077,＜香辛料類＞　バジル　粉,10.9,21.1,2.2,-,15.2,307,2800,330,59,3100,760,120.0,3.9,1.99,10.00,42,18,(0),(0),4.7,0.26,1.09,7.9,1.75,0,290,2.39,"{""baseName"":""バジル"",""variety"":""粉"",""notes"":[""香辛料類""]}",バジル粉は香草として少量で風味付けに使え、犬にも安全なハーブの一つである,8,1,1,(970),(1700),(1100),(290),(170),(470),(1100),(690),(1800),(700),(240),(1300),(410),(1100),(2.10),(0.27),(0.16),(0.11),(110),(160),(0),(0),(0),269.65,171317,54.9,"Basil, ground"
17,17078,＜香辛料類＞　パセリ　乾,5.0,28.7,2.2,-,12.5,341,1300,460,880,3600,380,18.0,3.6,0.97,6.63,22,7,(0),(0),7.2,0.89,2.02,12.0,1.47,0,1400,1.68,"{""baseName"":""パセリ"",""state"":""乾"",""notes"":[""香辛料類""]}",乾燥パセリは香り付けや少量の栄養補助として使用できる香草。,8,1,1,(1700),(3000),(2300),(640),(320),(960),(1800),(1200),(3100),(1300),(510),(2200),(770),(1900),(2.11),(1.25),(0.75),(0.51),(500),(750),(0),(0),(0),299.75,170930,97.1,"Parsley, dried"
17,17079,＜香辛料類＞　パプリカ　粉,10.0,15.5,11.6,-,7.3,385,170,320,60,2700,220,21.0,10.0,1.08,1.00,17,10,(0),(0),-,0.52,1.78,13.0,-,(0),(0),-,"{""baseName"":""パプリカ"",""variety"":""粉"",""notes"":[""香辛料類""]}",パプリカ粉は香辛料で刺激が出ることがあるため使用量に注意,6,1,1,(620),(1000),(760),(220),(250),(470),(670),(420),(1100),(540),(77),(820),(270),(980),(10.44),(6.99),(0.41),(6.58),(6600),(410),(0),(0),(0),347.45,171329,51.5,"Paprika, ground"
17,17080,＜香辛料類＞　わさび　粉　からし粉入り,4.9,16.5,4.4,-,4.5,384,320,340,30,1200,210,9.3,4.4,0.45,1.11,3,4,(0),(0),-,0.55,0.30,2.5,-,-,-,-,"{""baseName"":""わさび"",""variety"":""粉 からし粉入り"",""notes"":[""香辛料類""]}",わさび・からし等の香辛料は刺激が強く消化器刺激のリスクがあるため注意が必要,3,1,0,(420),(700),(790),(92),(150),(240),(500),(370),(870),(530),(150),(550),(220),(1400),,,,,,,,,,339.1,171831,2.3,Wasabi powder with mustard
17,17081,＜香辛料類＞　わさび　練り,39.8,3.3,10.3,-,6.8,265,62,85,2400,280,39,2.0,0.8,0.11,0.23,-,-,(0),(0),-,0.11,0.07,0.7,-,-,-,-,"{""baseName"":""わさび"",""variety"":""練り"",""notes"":[""香辛料類""]}",わさびは胃腸を刺激する香辛料で犬には刺激が強いため注意が必要,3,1,0,(84),(140),(160),(18),(29),(47),(99),(73),(170),(110),(29),(110),(44),(280),,,,,,,,,,238.4,171831,2.3,"Wasabi, prepared"
17,17082,＜その他＞　酵母　パン酵母　圧搾,68.1,16.5,1.5,10.3,1.8,105,16,360,39,620,37,2.2,7.8,0.36,0.19,Tr,2,0,1.6,Tr,2.21,1.78,23.0,0.59,0,1900,2.29,"{""baseName"":""酵母"",""variety"":""パン酵母 圧搾"",""notes"":[""その他""]}",生のパン酵母は胃内で発酵して不快や膨満を招く可能性があるため注意が必要。,5,1,1,790,1200,1300,250,230,480,700,600,1300,860,220,940,370,840,1.05,0.01,Tr,0.01,12,2,0,0,0,76.8,175042,32,"Yeast, baker's yeast, compressed"
17,17083,＜その他＞　酵母　パン酵母　乾燥,8.7,37.1,6.8,32.6,4.3,307,19,840,120,1600,91,13.0,3.4,0.20,0.40,1,2,0,2.8,Tr,8.81,3.72,22.0,1.28,0,3800,5.73,"{""baseName"":""酵母"",""variety"":""パン酵母"",""state"":""乾燥"",""notes"":[""その他""]}",乾燥パン酵母は一般に安全な発酵菌製品で補助的素材として利用できる,8,1,1,(1700),(2700),(3000),(540),(460),(1000),(1600),(1000),(2600),(1800),(500),(2100),(830),(1900),4.53,0.04,0.01,0.03,33,7,0,0,0,224.4,175043,32,"Yeast, baker's yeast, dry"
17,17084,＜その他＞　ベーキングパウダー,4.5,Tr,1.2,-,41.8,150,2400,3700,6800,3900,1,0.1,Tr,0.01,-,-,-,0,0,-,0,0,0,(0),(0),(0),(0),"{""baseName"":""ベーキングパウダー"",""notes"":[""その他""]}",ベーキングパウダーは調理用の膨張剤で、料理工程での使用は問題ないが単体の食品ではない。,6,0,1,,,,,,,,,,,,,,,(0.60),(0.36),(0.09),(0.27),(270),(87),(0),(0),(0),193.95,175040,0,Baking powder
18,18024,和風料理　和え物類　青菜の白和え,(79.7),(4.2),(3.4),(2.4),(2.0),81,(95),(69),(500),(180),(42),(1.2),(0.6),(0.15),(0.35),(2),(4),0,(Tr),(0.6),(0.06),(0.05),(0.5),(0.07),(Tr),(32),(0.11),"{""baseName"":""和風料理"",""variety"":""和え物類 青菜の白和え""}",和え物類は複数の材料や調味料を含む調理済み食品で素材としては注意が必要,4,0,0,,,,,,,,,,,,,,,,,,,,,,,,350,170494,61,Japanese spinach with tofu dressing
18,18025,和風料理　和え物類　いんげんのごま和え,(81.4),(3.7),(3.4),(2.8),(2.2),77,(120),(88),(480),(270),(44),(1.3),(0.7),(0.15),(0.48),(1),(4),(3),(0.2),(0.2),(0.08),(0.10),(0.9),(0.11),(0.1),(52),(0.20),"{""baseName"":""和風料理"",""variety"":""和え物類 いんげんのごま和え""}",調味済みの惣菜（ごま和え）は調味料や添加物が含まれるため素材としてはやや不向き。,4,0,0,,,,,,,,,,,,,,,,,,,,,,,,350,173731,,Green beans with sesame dressing
18,18026,和風料理　和え物類　わかめとねぎの酢みそ和え,(76.3),(3.8),(0.9),(2.5),(2.3),85,(40),(56),(730),(140),(20),(0.9),(0.4),(0.10),(0.06),(120),(4),(1),0,(0.3),(0.03),(0.04),(0.6),(0.06),(0.3),(31),(0.10),"{""baseName"":""和風料理"",""variety"":""和え物類 わかめとねぎの酢みそ和え""}",ねぎ（ネギ属）が含まれており、溶血性貧血を引き起こすため不適,1,0,0,,,,,,,,,,,,,,,,,,,,,,,,350,170496,13.9,Wakame and green onion with miso vinegar dressing
18,18028,和風料理　汁物類　とん汁,(94.4),(1.5),(1.5),(0.5),(0.7),26,(10),(18),(220),(63),(6),(0.2),(0.2),(0.03),(0.02),0,(1),0,(Tr),(0.1),(0.03),(0.01),(0.3),(0.03),(0.1),(7),(0.05),"{""baseName"":""和風料理"",""variety"":""汁物類 とん汁""}",豚汁は複数の材料で調理された複合食品で、原材料や調味料の影響があるため素材としては注意が必要。,3,0,0,,,,,,,,,,,,,,,,,,,,,,,,350,171184,,Pork miso soup (tonjiru)
18,18027,和風料理　酢の物類　紅白なます,(90.3),(0.6),(0.6),(0.9),(0.9),34,(22),(16),(230),(130),(9),(0.2),(0.1),(0.02),(0.05),(2),(1),0,0,(Tr),(0.02),(0.01),(0.2),(0.03),0,(19),(0.08),"{""baseName"":""和風料理"",""variety"":""酢の物類 紅白なます""}",紅白なますは酢や塩、糖を含む加工食品であり味付けの点で扱いに配慮が必要,4,0,0,,,,,,,,,,,,,,,,,,,,,,,,350,169889,11.6,Daikon and carrot namasu (vinegared salad)
18,18029,和風料理　煮物類　卯の花いり,(79.1),(4.4),(4.1),(5.1),(1.7),84,(47),(68),(450),(190),(24),(0.8),(0.4),(0.07),(0.25),(1),(3),(3),(0.1),(0.5),(0.06),(0.04),(0.5),(0.05),(0.1),(13),(0.22),"{""baseName"":""和風料理"",""variety"":""煮物類 卯の花いり""}",卯の花入りの煮物は複合調理品で成分が混合しているため素材としての適性は限定的。,3,0,0,,,,,,,,,,,,,,,,,,,,,,,,350,172452,,Okara (soy pulp) sautéed
18,18030,和風料理　煮物類　親子丼の具,(79.4),(8.4),(5.2),(0.4),(1.4),101,(21),(88),(380),(120),(12),(0.7),(0.7),(0.04),(0.08),(7),(8),(51),(0.7),(0.4),(0.04),(0.13),(1.0),(0.09),(0.4),(20),(0.53),"{""baseName"":""和風料理"",""variety"":""煮物類 親子丼の具""}",調理済みの複合惣菜で調味料や香辛料が含まれる可能性があり、素材としては慎重に扱うべき。,4,0,0,,,,,,,,,,,,,,,,,,,,,,,,350,170492,55.5,Oyakodon filling
18,18031,和風料理　煮物類　牛飯の具,(78.8),(4.1),(9.4),(1.0),(1.3),122,(18),(45),(400),(110),(10),(0.6),(0.9),(0.03),(0.10),0,(4),(2),0,(0.2),(0.02),(0.04),(1.1),(0.10),(0.5),(9),(0.20),"{""baseName"":""和風料理"",""variety"":""煮物類 牛飯の具""}",調理済みの惣菜で塩分や香味野菜が使われることが多く、素材としては注意が必要。,3,0,0,,,,,,,,,,,,,,,,,,,,,,,,350,168072,34.5,Gyumeshi (beef rice bowl) filling
18,18032,和風料理　煮物類　切り干し大根の煮物,(88.2),(2.3),(2.5),(2.0),(1.2),48,(46),(39),(370),(76),(18),(0.5),(0.3),(0.02),(0.18),0,(2),0,0,(0.2),(0.01),(0.02),(0.5),(0.02),(0.1),(7),(0.08),"{""baseName"":""和風料理"",""variety"":""煮物類 切り干し大根の煮物""}",切り干し大根の煮物は調理済みの惣菜で加工調味料が含まれる可能性があり注意が必要,4,0,0,,,,,,,,,,,,,,,,,,,,,,,,350,169889,11.6,Simmered dried daikon
18,18033,和風料理　煮物類　きんぴらごぼう,(81.6),(1.4),(4.5),(3.2),(1.3),84,(36),(37),(350),(150),(25),(0.5),(0.4),(0.09),(0.16),0,(1),0,0,(0.7),(0.03),(0.03),(0.3),(0.07),(Tr),(32),(0.14),"{""baseName"":""和風料理"",""variety"":""煮物類 きんぴらごぼう""}",きんぴらごぼうは味付けされた惣菜で調味料や辛味が含まれるため注意が必要,3,0,0,,,,,,,,,,,,,,,,,,,,,,,,350,169333,,Kinpira burdock
18,18034,和風料理　煮物類　ぜんまいのいため煮,(82.3),(3.4),(4.2),(2.2),(1.4),80,(47),(50),(420),(67),(19),(0.7),(0.4),(0.08),(0.29),0,(2),0,0,(0.4),(0.01),(0.02),(0.2),(0.03),(Tr),(7),(0.07),"{""baseName"":""和風料理"",""variety"":""煮物類 ぜんまいのいため煮""}",山菜の煮物は下処理や味付けがされている加工食品であり、調味された状態での使用は限定的,5,0,0,,,,,,,,,,,,,,,,,,,,,,,,350,168553,,Simmered bracken fern
18,18035,和風料理　煮物類　筑前煮,(80.4),(4.4),(3.5),(1.8),(1.5),85,(22),(55),(430),(160),(15),(0.5),(0.5),(0.05),(0.21),0,(1),(6),(0.1),(0.4),(0.04),(0.05),(1.0),(0.08),(0.1),(16),(0.31),"{""baseName"":""和風料理"",""variety"":""煮物類 筑前煮""}",筑前煮は複数の具材と調味を伴う調理済み惣菜で、調味や加工があるため素材としては注意が必要。,4,0,0,,,,,,,,,,,,,,,,,,,,,,,,350,167678,41.8,Chikuzen-ni (simmered chicken and vegetables)
18,18036,和風料理　煮物類　肉じゃが,(79.6),(4.3),(1.3),(1.3),(1.7),78,(13),(44),(480),(210),(14),(0.8),(0.9),(0.07),(0.14),0,(3),(1),0,(0.2),(0.05),(0.05),(0.9),(0.14),(0.1),(14),(0.30),"{""baseName"":""和風料理"",""variety"":""煮物類 肉じゃが""}",複合調理済みの惣菜で成分が不明瞭、玉ねぎ等の使用や調味料の影響があるため注意が必要,3,0,0,,,,,,,,,,,,,,,,,,,,,,,,350,174073,9,Nikujaga (simmered meat and potatoes)
18,18037,和風料理　煮物類　ひじきのいため煮,(80.8),(3.1),(4.0),(3.4),(2.2),75,(100),(45),(560),(180),(43),(0.6),(0.3),(0.03),(0.23),(750),(3),0,(Tr),(0.7),(0.02),(0.02),(0.4),(0.03),(0.1),(6),(0.08),"{""baseName"":""和風料理"",""variety"":""煮物類 ひじきのいため煮""}",ひじきの煮付けは味付けされた惣菜で調味料や海藻特有の成分に注意が必要です。,3,0,0,,,,,,,,,,,,,,,,,,,,,,,,350,170496,13.9,Simmered hijiki seaweed
18,18038,和風料理　その他　アジの南蛮漬け,(78.0),(8.1),(6.1),(0.9),(1.3),109,(37),(110),(290),(190),(19),(0.4),(0.5),(0.04),(0.10),(8),(23),(2),(3.9),(0.8),(0.06),(0.06),(2.2),(0.12),(2.1),(7),(0.22),"{""baseName"":""和風料理"",""variety"":""その他 アジの南蛮漬け""}",南蛮漬けは複合調理済みで調味料や香辛料、骨が混入することがあり、素材としては注意が必要。,3,0,0,,,,,,,,,,,,,,,,,,,,,,,,350,173673,50.5,Horse mackerel nanbanzuke
18,18053,和風料理　その他　お好み焼き,71.8,5.2,6.5,2.6,1.3,136,39,68,310,190,13,0.5,0.4,0.04,0.2,6,6,23,0.3,0.7,0.06,0.08,0.7,0.09,0.2,23,0.41,"{""baseName"":""和風料理"",""variety"":""その他 お好み焼き""}",お好み焼きは複数の材料・調味料を含む加工食品で成分によっては問題となる場合がある,3,0,0,,,,,,,,,,,,,,,,,,,,,,,,117.55,170492,55.5,Okonomiyaki
18,18054,和風料理　その他　とりから揚げ,55.8,15.6,10.1,1.7,2.4,204,12,180,700,250,21,0.7,1.2,0.06,0.16,2,11,21,0.3,1.3,0.1,0.14,4.2,0.16,0.3,10,0.93,"{""baseName"":""和風料理"",""variety"":""その他 とりから揚げ""}",鶏の唐揚げは揚げ物・加工調味が多く脂肪・塩分が高めで素材としては不向き,4,1,1,660,1100,1200,350,160,510,590,430,1000,680,180,700,510,940,9.04,3.34,0.33,3.01,2900,310,3,5,43,190.85,170718,40.7,Chicken karaage
18,18023,和風料理　その他　松前漬け　しょうゆ漬,51.2,17.0,1.4,1.6,5.7,166,41,170,2000,310,59,0.6,1.3,0.18,0.15,10000,33,2,1,1.7,0.06,0.04,1.8,0.08,4.5,15,0.16,"{""baseName"":""和風料理"",""variety"":""その他 松前漬け"",""state"":""しょうゆ漬""}",松前漬けは調味済みの惣菜で塩分・調味料が強いため素材としては使用に注意が必要。,4,1,1,740,1200,1200,350,160,510,590,420,1000,750,160,730,360,980,0.85,0.46,0.43,0.03,7,2,120,300,15,152.25,169890,23.5,"Matsumae pickles, soy sauce pickled"
18,18040,洋風料理　カレー類　チキンカレー,(75.2),(5.6),(8.8),(1.2),(1.9),131,(20),(58),(540),(170),(13),(0.7),(0.5),(0.06),(0.15),(1),(2),(12),(Tr),(0.6),(0.04),(0.07),(1.2),(0.11),(0.1),(10),(0.34),"{""baseName"":""洋風料理"",""variety"":""カレー類 チキンカレー""}",チキンカレーは複合調理済みで香辛料や調味成分が多く犬の素材としては注意が必要,3,0,0,,,,,,,,,,,,,,,,,,,,,,,,350,167678,41.8,Chicken curry
18,18001,洋風料理　カレー類　ビーフカレー,(78.5),(2.4),(9.0),(0.9),(2.0),119,(20),(32),(680),(93),(8),(0.7),(0.4),(0.04),(0.12),(1),(2),(1),0,(0.4),(0.02),(0.03),(0.4),(0.05),(0.2),(4),(0.14),"{""baseName"":""洋風料理"",""variety"":""カレー類 ビーフカレー""}",ビーフカレーは玉ねぎ・にんにくや強い香辛料、塩分を含む複合料理で犬に有害な成分を含む可能性が高い,2,0,0,,,,,,,,,,,,,,,,,,,,,,,,350,173330,15.6,Beef curry
18,18041,洋風料理　カレー類　ポークカレー,(79.2),(2.8),(8.6),(0.9),(1.7),116,(14),(32),(550),(100),(7),(0.5),(0.3),(0.04),(0.10),0,(3),(1),(0.1),(0.4),(0.07),(0.03),(0.7),(0.06),(0.1),(5),(0.16),"{""baseName"":""洋風料理"",""variety"":""カレー類 ポークカレー""}",ポークカレーは複合調理品で香辛料や玉ねぎ等が含まれる可能性があるため注意。,3,0,0,,,,,,,,,,,,,,,,,,,,,,,,350,169157,,Pork curry
18,18043,洋風料理　コロッケ類　カニクリームコロッケ,(54.6),(5.1),(17.1),(1.0),(1.2),255,(30),(51),(320),(94),(14),(0.4),(0.4),(0.08),(0.15),(1),(Tr),(8),(0.1),(2.2),(0.05),(0.07),(0.7),(0.03),(0.3),(12),(0.23),"{""baseName"":""洋風料理"",""variety"":""コロッケ類 カニクリームコロッケ""}",カニクリームコロッケは衣やベシャメルなどで加工度・脂質・調味が高く複合調理済みのため素材として不向き。,3,0,0,,,,,,,,,,,,,,,,,,,,,,,,350,174936,,Crab cream croquette
18,18044,洋風料理　コロッケ類　コーンクリームコロッケ,(54.1),(5.1),(16.0),(1.4),(1.3),245,(47),(76),(330),(150),(18),(0.4),(0.5),(0.06),(0.18),(1),(Tr),(15),(0.1),(1.8),(0.06),(0.08),(0.7),(0.04),(0.1),(27),(0.34),"{""baseName"":""洋風料理"",""variety"":""コロッケ類 コーンクリームコロッケ""}",コロッケ類は複合調理済み食品で調味料や油脂が含まれるため素材としては注意が必要,4,0,0,,,,,,,,,,,,,,,,,,,,,,,,350,170492,55.5,Corn cream croquette
18,18018,洋風料理　コロッケ類　ポテトコロッケ,(55.5),(5.3),(12.6),(2.0),(1.3),226,(15),(60),(280),(250),(19),(0.8),(0.5),(0.11),(0.20),(1),(2),(5),(0.1),(1.5),(0.11),(0.05),(1.1),(0.14),(0.1),(23),(0.46),"{""baseName"":""洋風料理"",""variety"":""コロッケ類 ポテトコロッケ""}",ポテトコロッケは揚げ・衣・調味で加工度が高く脂質や塩分が多い,3,0,0,,,,,,,,,,,,,,,,,,,,,,,,350,170092,74.2,Potato croquette
18,18045,洋風料理　シチュー類　チキンシチュー,(76.7),(6.2),(8.0),(1.2),(1.2),124,(38),(77),(280),(160),(13),(0.4),(0.6),(0.04),(0.07),(4),(1),(17),(0.1),(0.7),(0.04),(0.10),(1.2),(0.10),(0.1),(15),(0.50),"{""baseName"":""洋風料理"",""variety"":""シチュー類 チキンシチュー""}",調理済みの複合料理は調味料や香辛料が含まれることが多く、有害成分が混入する可能性があるため素材評価は低め,3,0,0,,,,,,,,,,,,,,,,,,,,,,,,350,167637,,Chicken stew
18,18011,洋風料理　シチュー類　ビーフシチュー,(74.9),(4.1),(12.6),(0.7),(1.3),153,(11),(45),(380),(150),(9),(0.5),(0.8),(0.04),(0.06),(1),(3),(6),(0.1),(0.7),(0.03),(0.06),(1.2),(0.10),(0.4),(13),(0.26),"{""baseName"":""洋風料理"",""variety"":""シチュー類 ビーフシチュー""}",ビーフシチューは複合的な調理済み食品で調味や加工が多く素材としては制限がある。,4,0,0,,,,,,,,,,,,,,,,,,,,,,,,350,173330,15.6,Beef stew
18,18015,洋風料理　素揚げ類　ミートボール,(62.1),(10.2),(12.5),(1.3),(1.8),199,(22),(86),(460),(240),(26),(0.8),(0.8),(0.10),(0.21),(160),(7),(6),(0.1),(1.2),(0.15),(0.12),(2.2),(0.16),(0.2),(24),(0.58),"{""baseName"":""洋風料理"",""variety"":""素揚げ類 ミートボール""}",素揚げのミートボールは加工済み惣菜で香辛料や添加物の可能性があり注意が必要,3,0,1,,,,,,,,,,,,,,,10.90,2.35,0.29,2.05,2000,290,-,-,27,350,169067,88.4,"Meatballs, fried"
18,18042,洋風料理　スープ類　かぼちゃのクリームスープ,(83.3),(1.5),(3.9),(1.3),(1.2),73,(32),(38),(300),(160),(10),(0.2),(0.2),(0.03),(0.06),(4),(1),(19),(0.2),(1.4),(0.03),(0.06),(0.4),(0.07),(0.1),(12),(0.31),"{""baseName"":""洋風料理"",""variety"":""スープ類 かぼちゃのクリームスープ""}",かぼちゃ自体は安全だがクリームや調味が加わったスープは加工度が高く扱いに注意が必要,5,0,0,,,,,,,,,,,,,,,,,,,,,,,,350,174541,,Pumpkin cream soup
18,18005,洋風料理　スープ類　コーンクリームスープ　コーンクリームスープ,(86.0),(1.7),(2.6),(0.6),(1.2),62,(36),(42),(340),(88),(7),(0.2),(0.2),(0.02),(0.03),(5),(1),(14),(0.2),(0.2),(0.02),(0.06),(0.3),(0.02),(0.1),(6),(0.22),"{""baseName"":""洋風料理"",""variety"":""スープ類 コーンクリームスープ コーンクリームスープ""}",クリーム系の缶スープは乳成分や塩分・脂肪を含むため使用は限定的に留めるべきである。,5,0,0,,,,,,,,,,,,,,,,,,,,,,,,350,174541,,Corn cream soup
18,18004,洋風料理　スープ類　コーンクリームスープ　粉末タイプ,2.1,8.1,13.7,-,8.7,425,120,190,2800,470,-,1.2,-,-,-,4,13,0,-,-,0.15,0.41,3.5,-,-,-,-,"{""baseName"":""洋風料理"",""variety"":""スープ類 コーンクリームスープ 粉末タイプ""}",コーンクリームスープ粉末は加工度が高く塩分や添加物に注意して使うべき,5,0,0,,,,,,,,,,,,,,,,,,,,,,,,380.7,171584,,"Corn cream soup, dry mix"
18,18050,洋風料理　ハンバーグステーキ類　合いびきハンバーグ,(62.8),(13.4),(12.2),(1.1),(1.6),197,(29),(110),(340),(280),(23),(1.3),(2.4),(0.09),(0.14),(1),(9),(11),(0.2),(0.6),(0.23),(0.15),(3.0),(0.20),(0.5),(17),(0.71),"{""baseName"":""洋風料理"",""variety"":""ハンバーグステーキ類 合いびきハンバーグ""}",合いびきハンバーグは複合調理済み食品で具材や調味により不適な成分が含まれる恐れがある,3,0,0,,,,,,,,,,,,,,,,,,,,,,,,350,168965,15,"Hamburger steak, mixed ground meat"
18,18051,洋風料理　ハンバーグステーキ類　チキンハンバーグ,(67.0),(12.6),(10.2),(1.0),(1.8),171,(22),(110),(460),(240),(23),(0.7),(0.8),(0.07),(0.13),(2),(10),(19),(0.1),(0.8),(0.09),(0.11),(4.1),(0.26),(0.2),(18),(0.89),"{""baseName"":""洋風料理"",""variety"":""ハンバーグステーキ類 チキンハンバーグ""}",チキンハンバーグは良質な動物性たんぱく源を含む料理で犬のレシピ素材として適している。,9,0,0,,,,,,,,,,,,,,,,,,,,,,,,350,168965,15,Chicken hamburger steak
18,18052,洋風料理　ハンバーグステーキ類　豆腐ハンバーグ,(71.2),(9.9),(9.2),(1.3),(1.4),142,(68),(120),(250),(200),(42),(1.3),(0.9),(0.13),(0.31),(5),(5),(15),(0.2),(0.8),(0.11),(0.09),(1.9),(0.14),(0.2),(21),(0.46),"{""baseName"":""洋風料理"",""variety"":""ハンバーグステーキ類 豆腐ハンバーグ""}",豆腐ハンバーグは豆腐など安全な原料を含むが加工品で調味等に注意が必要。,6,0,0,,,,,,,,,,,,,,,,,,,,,,,,350,168965,15,Tofu hamburger steak
18,18019,洋風料理　フライ類　いかフライ,(54.9),(13.3),(11.3),(0.9),(0.8),227,(16),(150),(200),(140),(22),(0.4),(0.9),(0.11),(0.15),(5),(24),(8),(0.1),(2.1),(0.04),(0.03),(1.0),(0.04),(0.8),(13),(0.25),"{""baseName"":""洋風料理"",""variety"":""フライ類 いかフライ""}",いかフライは揚げ物の加工食品で消化負担や添加物の影響があるため素材としては注意が必要。,4,0,0,,,,,,,,,,,,,,,,,,,,,,,,350,171982,,"Squid, fried"
18,18020,洋風料理　フライ類　えびフライ,(50.5),(15.9),(11.6),(1.0),(1.5),236,(69),(200),(340),(200),(36),(0.6),(1.3),(0.38),(0.18),(4),(18),(13),(0.2),(2.2),(0.08),(0.05),(2.0),(0.05),(0.6),(22),(0.57),"{""baseName"":""洋風料理"",""variety"":""フライ類 えびフライ""}",えびフライは揚げ衣や高脂質・調味料がある加工食品で素材としては不向き,4,0,0,,,,,,,,,,,,,,,,,,,,,,,,350,171970,91.2,"Shrimp, fried"
18,18055,洋風料理　フライ類　かきフライ,46.3,8.9,18,2.3,1.3,289,18,120,340,170,27,1.6,7.3,0.73,0.47,46,38,33,0,3.7,0.11,0.16,1.9,0.06,17.6,24,0.41,"{""baseName"":""洋風料理"",""variety"":""フライ類 かきフライ""}",かきフライは牡蠣自体は蛋白源だが、揚げや衣などの加工があり加工度が高い,5,1,1,300,520,370,140,120,260,330,240,580,320,85,340,180,390,16.02,4.95,1.88,3.05,3000,1400,230,130,15,265.35,171979,,"Oyster, fried"
18,18021,洋風料理　フライ類　白身フライ,50.7,9.7,21.8,-,1.9,299,47,100,340,240,-,0.5,-,-,-,-,-,57,-,-,0.10,0.10,1.2,-,-,-,-,"{""baseName"":""洋風料理"",""variety"":""フライ類 白身フライ""}",白身フライは揚げ物で衣・油・塩分など加工が強いため素材としては注意が必要,4,0,0,,,,,,,,,,,,,,,,,,,,,,,,274.9,169846,53.7,"White fish, fried"
18,18022,洋風料理　フライ類　メンチカツ,(50.3),(10.7),(18.7),(1.7),(1.5),273,(24),(96),(350),(240),(27),(1.2),(1.6),(0.12),(0.25),(1),(5),(5),(0.1),(1.4),(0.14),(0.09),(1.9),(0.14),(0.3),(28),(0.50),"{""baseName"":""洋風料理"",""variety"":""フライ類 メンチカツ""}",メンチカツは揚げ物で油分や調味が強く加工度が高いため素材として不向き,3,0,0,,,,,,,,,,,,,,,,,,,,,,,,350,171103,,"Menchi katsu (ground meat cutlet), fried"
18,18008,洋風料理　フライ用冷凍食品　いかフライ　冷凍,64.5,10.6,2.0,-,1.5,146,16,110,300,180,-,0.4,-,-,-,4,25,3,-,-,0.10,0,1.9,-,-,-,-,"{""baseName"":""洋風料理"",""variety"":""フライ用冷凍食品 いかフライ"",""state"":""冷凍""}",いかフライ冷凍は揚げ物の加工食品で脂質・塩分が高めのため素材としては不向き。,4,0,0,,,,,,,,,,,,,,,,,,,,,,,,129,171982,,"Squid, fried, frozen"
18,18009,洋風料理　フライ用冷凍食品　えびフライ　冷凍,66.3,10.2,1.9,-,1.3,139,42,90,340,95,-,1.5,-,-,-,8,27,Tr,-,-,0.04,0.07,0.7,-,-,-,-,"{""baseName"":""洋風料理"",""variety"":""フライ用冷凍食品 えびフライ"",""state"":""冷凍""}",えび自体は良い素材だが衣や揚げ調理された冷凍品は加工度が高く扱いに注意が必要。,4,0,0,,,,,,,,,,,,,,,,,,,,,,,,122.9,171970,91.2,"Shrimp, fried, frozen"
18,18006,洋風料理　フライ用冷凍食品　コロッケ　クリームコロッケ　冷凍,67.0,4.7,6.3,-,1.1,159,43,63,270,160,-,0.5,-,-,-,-,-,240,-,-,0.06,0.10,0.6,-,-,-,-,"{""baseName"":""洋風料理"",""variety"":""フライ用冷凍食品 コロッケ クリームコロッケ"",""state"":""冷凍""}",冷凍のクリームコロッケは複合加工食品で脂質や調味料が多く含まれる可能性があるため素材としては慎重を要する。,3,0,0,,,,,,,,,,,,,,,,,,,,,,,,143.15,167922,,"Cream croquette, frozen"
18,18007,洋風料理　フライ用冷凍食品　コロッケ　ポテトコロッケ　冷凍,63.5,4.6,4.9,-,1.7,157,20,62,290,300,-,0.7,-,-,-,-,-,69,-,0.2,0.09,0.06,1.1,-,-,-,-,"{""baseName"":""洋風料理"",""variety"":""フライ用冷凍食品 コロッケ ポテトコロッケ"",""state"":""冷凍""}",冷凍コロッケは加工・油脂が多い揚げ物で素材としては不向き。,3,1,1,180,300,220,69,85,150,200,120,310,150,49,230,91,190,3.36,1.19,0.17,1.02,1000,170,-,-,-,146.3,170048,25.4,"Potato croquette, frozen"
18,18010,洋風料理　フライ用冷凍食品　白身フライ　冷凍,64.5,11.6,2.7,-,1.9,148,47,100,340,240,-,0.5,-,-,-,-,-,57,-,-,0.10,0.10,1.2,-,-,-,-,"{""baseName"":""洋風料理"",""variety"":""フライ用冷凍食品 白身フライ"",""state"":""冷凍""}",白身フライ用の冷凍品は衣や油を含む加工食品で、犬の素材としては不向き。,3,0,0,,,,,,,,,,,,,,,,,,,,,,,,131.1,174195,42.8,"White fish, fried, frozen"
18,18016,洋風料理　フライ用冷凍食品　メンチカツ　冷凍,58.3,9.9,7.2,-,1.6,196,31,95,420,220,-,1.6,-,-,-,-,-,36,-,-,0.13,0.14,1.5,-,-,-,-,"{""baseName"":""洋風料理"",""variety"":""フライ用冷凍食品 メンチカツ"",""state"":""冷凍""}",メンチカツ（フライ用冷凍）は複合加工食品で衣や油分・調味料が多く、犬の基本素材としては適さない,3,0,0,,,,,,,,,,,,,,,,,,,,,,,,176.35,169782,,"Menchi katsu (ground meat cutlet), fried, frozen"
18,18003,洋風料理　その他　えびグラタン,(74.1),(5.5),(6.9),(0.9),(1.5),128,(97),(110),(380),(140),(17),(0.3),(0.6),(0.09),(0.14),(6),(9),(32),(0.2),(0.6),(0.04),(0.11),(0.5),(0.04),(0.3),(13),(0.38),"{""baseName"":""洋風料理"",""variety"":""その他 えびグラタン""}",えびグラタンは複合調理済みの惣菜で脂質・塩分や調味料が含まれやすく素材としては注意が必要,3,0,0,,,,,,,,,,,,,,,,,,,,,,,,350,170442,,Shrimp gratin
18,18014,洋風料理　その他　えびピラフ,(62.9),(3.3),(2.3),(1.2),(1.6),146,(11),(45),(560),(63),(9),(0.2),(0.6),(0.12),(0.29),0,(3),(1),(0.1),(0.4),(0.02),(0.02),(0.4),(0.04),(0.1),(5),(0.26),"{""baseName"":""洋風料理"",""variety"":""その他 えびピラフ""}",えびピラフは複数の調味・加工がされている複合食品で、調味料（玉ねぎ等）が含まれる可能性があるため素材評価は低め,3,0,0,,,,,,,,,,,,,,,,,,,,,,,,350,168952,,Shrimp pilaf
18,18002,中国料理　点心類　ぎょうざ,(57.8),(6.9),(11.3),(1.5),(1.6),209,(22),(62),(460),(170),(16),(0.6),(0.6),(0.07),(0.20),(1),(5),(3),(0.1),(0.6),(0.14),(0.07),(1.4),(0.11),(0.1),(22),(0.44),"{""baseName"":""中国料理"",""variety"":""点心類 ぎょうざ""}",餃子は複合調理品で調味料や香味野菜（玉ねぎ・にんにく等）が含まれる可能性があり注意が必要。,3,1,1,270,450,330,100,120,220,290,160,460,230,69,310,160,350,9.52,2.00,0.09,1.91,1900,92,-,-,20,350,169779,9.6,Gyoza (dumplings)
18,18012,中国料理　点心類　しゅうまい,(60.2),(9.1),(9.2),(1.7),(2.0),191,(26),(92),(520),(260),(28),(0.9),(0.8),(0.12),(0.35),(1),(6),(6),(0.1),(0.2),(0.16),(0.10),(1.8),(0.15),(0.2),(26),(0.55),"{""baseName"":""中国料理"",""variety"":""点心類 しゅうまい""}",しゅうまいは複合調理済み食品で調味料や香味野菜が含まれることが多く、素材としては扱いに注意が必要,3,1,1,380,630,560,170,130,300,360,240,600,330,92,420,250,550,8.30,1.39,0.09,1.30,1200,88,-,-,26,350,167667,17.9,Shumai (steamed dumplings)
18,18046,中国料理　点心類　中華ちまき,(59.5),(5.9),(5.5),(0.5),(1.3),174,(6),(45),(420),(100),(11),(0.3),(0.7),(0.07),(0.33),(8),(5),(6),(0.1),(0.4),(0.04),(0.05),(1.5),(0.10),(0.1),(6),(0.48),"{""baseName"":""中国料理"",""variety"":""点心類 中華ちまき""}",中華ちまきは複数の具材・調味料を含む複合食品で、素材としては適さない場合が多い。,3,0,0,,,,,,,,,,,,,,,,,,,,,,,,350,167636,,Chinese sticky rice dumpling (chimaki)
18,18056,中国料理　点心類　春巻き,42.8,6,19.3,3.5,1.6,221,57,73,450,170,26,0.7,0.4,0.08,0.31,6,4,1,0.1,2.3,0.07,0.03,0.7,0.07,Tr,18,0.3,"{""baseName"":""中国料理"",""variety"":""点心類 春巻き""}",春巻きは複合調理済みの揚げ食品で調味や油分が多く素材として注意が必要,4,0,0,,,,,,,,,,,,,,,,,,,,,,,,278.85,167667,17.9,Spring roll
18,18047,中国料理　菜類　酢豚,(83.4),(4.6),(3.3),(0.8),(0.9),77,(9),(52),(210),(130),(10),(0.3),(0.5),(0.04),(0.15),0,(5),(2),(0.1),(0.5),(0.17),(0.05),(1.4),(0.10),(0.1),(9),(0.25),"{""baseName"":""中国料理"",""variety"":""菜類 酢豚""}",複合調理済みの中華惣菜は調味料や加工成分が多く、素材としては不向き。,3,0,0,,,,,,,,,,,,,,,,,,,,,,,,350,168082,32.5,Sweet and sour pork
18,18057,中国料理　菜類　チャーハン,55.1,5,5.2,1.9,1.4,206,10,56,510,69,8,0.3,0.7,0.09,0.3,9,4,8,0.2,0.8,0.04,0.04,0.4,0.04,0.1,8,0.27,"{""baseName"":""中国料理"",""variety"":""菜類 チャーハン""}",冷凍調理のチャーハンは複合調理済みで調味・油分が多く素材利用は不向き,3,0,0,,,,,,,,,,,,,,,,,,,,,,,,171.6,167668,5.5,Fried rice
18,18048,中国料理　菜類　八宝菜,(86.0),(5.8),(3.2),(0.9),(1.2),64,(26),(77),(320),(150),(14),(0.4),(0.6),(0.08),(0.16),(3),(7),(13),(0.3),(0.6),(0.13),(0.06),(1.4),(0.08),(0.3),(20),(0.28),"{""baseName"":""中国料理"",""variety"":""菜類 八宝菜""}",八宝菜は複数材料を煮合わせた総菜で、調味料や香辛料が含まれる可能性が高い複合調理食品,3,0,0,,,,,,,,,,,,,,,,,,,,,,,,350,168080,42.1,Eight treasure vegetables (Chop suey)
18,18049,中国料理　菜類　麻婆豆腐,(80.0),(7.8),(6.8),(0.7),(1.6),104,(64),(86),(380),(150),(43),(1.3),(0.9),(0.12),(0.32),(4),(6),(1),(0.1),(0.3),(0.16),(0.07),(1.1),(0.10),(0.1),(13),(0.21),"{""baseName"":""中国料理"",""variety"":""菜類 麻婆豆腐""}",麻婆豆腐は香辛料やネギ類を含むことが多く消化刺激が強いため注意が必要,3,0,0,,,,,,,,,,,,,,,,,,,,,,,,350,174280,,Mapo tofu
18,18039,韓国料理　和え物類　もやしのナムル,(84.4),(3.1),(4.5),(2.7),(2.0),70,(91),(62),(510),(160),(29),(1.2),(0.5),(0.11),(0.38),0,(1),0,0,(1.1),(0.05),(0.07),(0.4),(0.08),0,(64),(0.24),"{""baseName"":""韓国料理"",""variety"":""和え物類 もやしのナムル""}",もやしのナムルは調味済みの和え物で香辛料や油が含まれる可能性があり、複合調理食品扱い,3,0,0,,,,,,,,,,,,,,,,,,,,,,,,350,169369,,Bean sprout namul