食品番号,理由,スコア
01006,大麦の押麦は消化性の良い炭水化物と食物繊維が豊富で犬のレシピ素材に適する,9
10324,さくらえびは良質なたんぱく源だが甲殻類アレルギーがある犬がいる点に注意,8
18020,えびフライは揚げ衣や高脂質・調味料がある加工食品で素材としては不向き,4
10103,まこがれい（生）はたんぱく源として良いが生魚は寄生虫や安全性の懸念があるため加熱が望ましい,7
07173,まくわうり（果肉）は水分と微量栄養素があり犬に与えて問題ない果物素材,8
08059,栽培マッシュルームは一般に安全でビタミン・繊維源として使いやすい,8
17028,顆粒和風だしは塩分や調味料が多く、単体の主素材としては適さない,5
03029,黒蜜は糖分が主体の甘味料で主要素材としては向かない,5
06016,えだまめ（ゆで）は大豆由来のたんぱく質源で加熱済みのため与えやすい,7
06233,はくさいはビタミンや食物繊維が豊富で犬のレシピ素材として適する,9
02065,皮つきフライドポテトは揚げ物で脂質や塩分が高く、素材としては不向き,4
03002,和三盆糖は純粋な糖類で主要素材には向かない,5
06291,りょくとうもやしは低カロリーで使いやすい野菜素材,8
11308,ウインナーソーセージ（フライ）は加工肉で添加物や塩分・脂質が多く素材として適さない,3
11196,レバーペーストは栄養密度が高いが加工品で脂質や調味が強い点に注意,6
06062,ゆでキャベツは消化しやすくビタミンや食物繊維があり良い素材,9
10447,サケ節（削り節）は魚由来の旨味とたんぱく質があり犬のレシピ素材に適する,8
10049,焼きまいわしは良質なたんぱく質と脂肪酸を含み適した素材（骨類は除去済み）,9
16020,ラム（蒸留酒）はアルコールを含み犬にとって毒性があるため絶対に与えられない,1
06107,しろうりの塩漬けは塩分や漬け調味が強く、素材としては適さない,5
11050,加熱された牛もも肉で良質なタンパク源。犬のレシピ素材として適している。,9
11316,ベーコンは加工肉で塩分や脂質が高め。調理済みの加工品として注意が必要。,4
10069,白焼きのうなぎは良質なタンパク・脂質源で犬のレシピに適している。,9
01121,道明寺粉は消化しやすい炭水化物源として利用可能な米加工品。,7
15129,カレーパンの具は複合調理済みで香辛料や玉ねぎ等が含まれる場合があり注意が必要。,3
09005,味付けのりは海苔自体は利用可能だが、味付けの調味に注意が必要。,7
06029,塩漬けの葉野菜で野菜自体は安全だが塩分が付与されている点に注意が必要。,5
06278,糸みつばの葉は香味野菜として利用できる安全な素材。,8
10414,焼きほたて貝柱は良質な低脂肪タンパク源で犬のレシピに適している。,9
06341,トマト・にんじん等の無塩ミックスジュースは野菜由来で使用可能だが濃度や酸味に配慮が必要。,7
07184,黄肉種のもも果肉は犬に与えやすい果物（種・皮は除去）。,8
06283,めキャベツは野菜として安全に使える。調理法で消化性が向上する。,8
13024,粉末状のコーヒーホワイトナーは植物性のクリームで高脂質の加工品。少量での使用に留める方が良い。,5
10355,くん製のいかは燻製加工により塩分や添加物が高くなりやすいため注意が必要。,4
03030,てんさい含蜜糖は糖分が主成分のためエネルギー源としては使えるが多量は避けるべき。,6
01131,とうもろこしは消化性の良い炭水化物源として犬のレシピ素材に適している。,8
11268,輸入牛のリブロース焼きは良質なタンパク源であるが脂身が多い点に配慮が必要。,9
06284,めキャベツのゆでは加熱により消化しやすく、犬の食材として適している。,8
02019,皮なしの水煮じゃがいもは加熱され消化性が良い炭水化物源で使用可能。,8
10323,養殖くるまえび焼きは加熱された良質なタンパク源。殻や尾は除去して使うとよい。,8
10450,良質な赤身の魚で良好なタンパク源。犬のレシピ素材として適している。,9
07104,ベリー類で有害成分は特にないが酸味が強い場合があるため一般的に使用可能。,7
17065,香辛料のこしょうは消化管を刺激することがあるため注意が必要。,3
10154,青魚の一種で良質なタンパク源だが脂が多めなため適度に使用するのが望ましい。,8
06382,グリンピース・コーン・にんじんのミックスで栄養補助として使いやすい野菜素材。,8
16038,茶類の浸出液はカフェインを含み、犬に有害となるため使用不可。,1
11286,鶏肉の部位で良質な動物性タンパク源。皮付きは脂肪が多い点に注意。,9
10239,水煮された魚でタンパク源として利用できるが骨の除去に注意。,8
06134,生の大根は消化しやすい野菜で犬の素材として適している。,8
04054,麦芽コーヒーを含む豆乳飲料はコーヒー由来のカフェインが含まれる可能性があり犬に有害。,1
01213,小麦のバンズはエネルギー源として使えるが加工食品である点に留意。,6
11234,鶏むねの皮はタンパク源だが皮下脂肪が多く脂質に注意が必要。,6
17050,即席みそは発酵食品として風味付けに使えるが塩分が高めなので量に注意。,5
04012,乾燥した青えんどうは良い植物性タンパク・繊維源で素材として利用可能。,8
15002,甘納豆はいんげん豆の菓子で砂糖が多く含まれる加工品のため使用は限定的に。,5
07075,シークヮーサー果汁は強い酸性で胃腸刺激を起こすことがあり注意が必要。,3
06188,とんぶりは種子由来の食材で調理済みなら犬にも利用できる素材。,7
06338,チンゲンサイの葉の油炒めは葉物野菜として使いやすく問題ないが油分に留意。,8
11075,牛ももは良質な赤身肉で犬のレシピ素材として非常に適している。,9
18023,松前漬けは調味済みの惣菜で塩分・調味料が強いため素材としては使用に注意が必要。,4
06309,リーキはネギ属に含まれ、赤血球を破壊する成分があり犬に有害であるため不可,1
16011,ぶどう由来の酒類はぶどう成分とアルコールを含み、犬に重大な危険を及ぼすため不可,1
15154,笹だんごは加工された和菓子で糖分や添加物が多く、素材としては不向き（加工食品扱い）,4
14031,ショートニングは加工された脂質で高エネルギーなため用途は限定されるが素材としては使用可能,6
07160,乾燥いちごの果実そのものは安全だが糖分が濃縮されているため素材としては注意が必要,7
11201,羊肉は良質な動物性タンパク源で犬のレシピ素材として適している,10
14027,ハイオレイックひまわり油は安定した植物性脂質で、良質な脂肪源として利用可能,9
16013,紹興酒はアルコール飲料であり、犬に深刻な影響を与えるため不可,1
06171,とうがらしは辛味成分で消化器や口腔を刺激しやすく、香辛料として注意が必要,3
05013,中国ぐり（栗）は調理して殻を除けば消化しやすいでん粉質の食品で素材として使用可能,7
11253,牛ヒレの焼き肉は良質な赤身タンパクで犬のレシピ素材として適している,10
10389,まあじ（あじ）は良質な魚類のタンパク源で、魚として素材に適する,9
15141,クリーム入りウエハースは高加工・高糖質の菓子で素材としては不向き,5
11237,焼き鳥缶詰は調味や保存のため加工・塩分がある加工食品で、素材としては注意が必要,6
17112,焼き鳥のたれは塩分・糖分や調味料を多く含む調味料で、素材としては慎重を要する,3
01208,全粒粉パンは穀類として利用可能だが加工食品であり用途が限られる,6
06230,のざわな漬物は塩漬けの加工品で塩分が高く、使用には注意が必要,4
10313,ほたて貝柱は良質な魚介類タンパクで犬のレシピ素材として適している,9
02044,こんにゃくは低カロリーで食物繊維が豊富な食品で、調理して適切に扱えば利用可能,7
06245,青ピーマンの果実は犬に与えて問題ない野菜で、レシピ素材として適している,8
10293,水煮の養殖かきは加熱済みの貝類で良質なタンパク源。殻を除けば素材として適切。,8
10306,生のはまぐりは加熱すれば安全な貝類のたんぱく源だが、生は衛生リスクがあるためやや控えめ。,7
10277,つくだ煮は調味済みの加工食品で塩分・糖分が濃く加工度が高いため素材としては注意が必要。,4
17018,りんご酢は風味付けの調味料として使えるが酸味が強いので少量での使用が望ましい。,6
10034,煮干しの小魚は良質な魚由来のタンパク源で犬のレシピ素材として適している。,9
15092,ウエハースは糖質や加工成分が多い菓子類で、素材としては加工度が高く向かない。,5
18010,白身フライ用の冷凍品は衣や油を含む加工食品で、犬の素材としては不向き。,3
10216,生のなまずは良質な魚のたんぱく源で、適切に処理・加熱すれば使用可能。,9
11012,和牛リブロースは良質なタンパク源で犬のレシピ素材として非常に適している。,10
10321,養殖くるまえびは良質なたんぱく源だが殻や内臓は除去する必要がある。,9
10232,みなみくろたちは魚類として利用可能だが、大型魚特有の留意点がありやや控えめ。,7
02006,皮なしのさつまいもは犬に適した消化の良い炭水化物源で素材として適切。,9
06362,サンチュは低カロリーの葉物野菜で犬のレシピ素材として適している。,8
10048,骨等を除いた水煮のまいわしは良質なたんぱく源で犬に適した素材。,9
10219,身欠きにしんは塩蔵・乾燥した加工魚で塩分が高い可能性があるため加工度を考慮。,6
06310,ルバーブの葉はシュウ酸を多く含み犬に有害となるため与えてはいけない。,1
15143,ずんだあんは大豆由来の栄養はあるが砂糖などの加工が多い和菓子素材で注意が必要。,6
06413,油いためのもやしは調理油が含まれるが野菜として利用可能な素材。,7
03031,還元麦芽糖（マルチトール）は糖アルコールで消化器症状を起こすことがあるため慎重に。,4
17088,照りしょうゆは本みりん（アルコール）や高塩分を含む調味料で犬には不適切。,2
06318,れんこんは水分とでん粉を含む消化しやすい野菜で素材として適する,8
15161,まんじゅうは砂糖や小麦を多く含む菓子類で加工度が高く素材としては限定的,4
17070,セージは香辛料・ハーブで消化器刺激の可能性があり注意が必要,3
10263,ツナ缶（油漬）は良質なタンパク源だが塩分や油分に留意すべき加工魚類,8
05003,あさ（乾）は種子類で栄養価が高く素材として利用可能,7
11059,牛ヒレ赤肉（生）は良質なタンパク源で犬のレシピ素材として理想的,10
06079,くわい（ゆで）はでんぷん質を含む野菜で加熱済みのため利用しやすい,7
07048,オロブランコは柑橘類の果肉で酸味や成分に注意が必要だが果肉は使用可能,6
11088,子牛もも肉（生）は高品質な肉類で犬のレシピ素材として適している,10
06288,だいずもやし（ゆで）は加熱済みの豆もやしで消化しやすく利用しやすい,8
03003,上白糖は加工糖類で栄養価が低いため素材としては慎重に使うべき,4
13005,低脂肪加工乳は乳製品で犬によっては乳糖不耐があるため様子を見ながら使用,6
10046,かたくちいわし（乾燥）は良いカルシウム・タンパク源だが塩分等に注意,8
10191,ちだい（生）は良質な魚肉で犬のレシピ素材として適している,9
08024,うすひらたけ（生）は栽培された食用きのこで一般に安全に使える,7
12009,乾燥全卵は良質なタンパク源で調理素材として優れている,9
17106,テンメンジャンは塩分・糖分が高い調味料で単独での使用は適さない,4
01167,キヌア玄穀は良質の穀類で栄養価が高く素材として使用可能,8
01194,即席カップめんのめんは加工度が高く添加物や香辛料を含むため素材としては不向き,3
07050,渋抜きかきは果実として与えやすく、糖分に注意すれば素材として利用可能,7
16051,昆布由来のだし成分でミネラル供給源として利用でき、犬のレシピ素材として適する,8
02022,消化に良い炭水化物源で犬に与えやすい根菜類（加熱や下処理で扱いやすい）,8
17141,塩分や濃い調味成分が含まれるため風味付けには少量に制限する必要がある,4
11055,良質な動物性たんぱく質で犬のレシピ素材として理想的,10
10241,良質なたんぱく質と健康的な脂質を含む魚類で素材として適する（骨除去が前提）,9
05011,茹で栗は炭水化物と風味の供給源として使いやすいが量に注意,7
10190,魚類として良質なたんぱく源、与える際は骨の除去が必要,9
04106,ゆで大豆は植物性たんぱく・食物繊維源として利用可能（消化量に注意）,7
07171,水分が多く低カロリーな果実でおやつ向き、種と皮は除去して与える,8
02045,消化に良いでんぷん質と食物繊維を含む安全な素材（加熱調理で与える）,9
10303,貝類は良質なたんぱく源だが加熱と殻・内臓の除去が必要,7
07057,果実として与えやすくビタミンや水分が豊富、種と皮は除去して与える,7
15079,加工度が高く脂肪・糖分が多い生地のため少量での使用が望ましい,5
04114,発酵大豆でたんぱく質や有益菌を含むが塩分に注意して用いる,7
14026,良質な植物性脂質で調理や風味付けに使いやすい脂源,9
02069,イモ類の茹で品はエネルギー源として利用可能（加熱済みで消化しやすい）,7
10344,いか類は良質なたんぱく源だが加熱と内臓除去が必要,7
15069,高糖質・加工食品で主成分が糖質のため少量利用が適切,5
06067,漬物は塩分や調味料が高いので使用は制限すべき（少量向け）,4
10090,加工された魚製品でたんぱく質は豊富だが塩分が含まれるため量に注意,6
01061,加工度が高く調味料・塩分が多い即席めんは素材としては不向き。,3
10320,良質な動物性タンパク源。殻や内臓は除去し、加熱して使用する。,9
11171,豚の副生物はタンパク源になるが、下処理と加熱が必要。,7
07043,濃縮還元のオレンジ果汁は酸味と糖が強く、使用量に注意が必要。,6
04065,ひよこまめは良好な植物性タンパク・食物繊維源で、調理して与えると適する。,7
13010,脱脂粉乳は乳由来のタンパク源だが、乳糖不耐症の個体には注意が必要。,6
07086,チェリモヤの果肉は与えられるが、種子や皮は必ず除去する。,7
06402,葉物として安全でビタミンや食物繊維の供給源。,8
18007,冷凍コロッケは加工・油脂が多い揚げ物で素材としては不向き。,3
06160,チンゲンサイの葉は野菜として適し、加熱やみじん切りで与えやすい。,8
07054,キウイの果肉は与えられるが皮は消化しにくく酸味が強いので少量推奨。,7
06354,ブロッコリースプラウトは栄養豊富な野菜で適した素材。,8
11084,牛ランプは良質な赤肉のタンパク源で理想的な素材。,10
01164,コーングリッツは加熱して消化しやすい炭水化物源として使える。,8
02026,じねんじょはでんぷん質の供給源で、加熱して与えるのが適切。,7
06335,切干し大根の油いためは調理済みで利用可能だが油や調味に注意。,6
01042,ゆでうどんは調理済みの炭水化物源で犬のレシピに使いやすい。,7
11096,第三胃（せんまい）は内臓肉として利用でき、加熱や下処理が必要。,9
11294,鹿肉は低脂肪で良質なタンパク源として犬に適している。,9
10363,あみの佃煮は塩分や調味が強い加工食品で素材としては不向き。,3
11087,子牛のばら肉は良質な動物性タンパク源でレシピ素材として適している,9
17027,固形ブイヨンは塩分や香味野菜（玉ねぎ・にんにく等）を含むことが多く犬には不適切な成分が含まれる場合がある,3
10065,いわなは良質な魚のタンパク源で犬のレシピ素材として適している,9
18001,ビーフカレーは玉ねぎ・にんにくや強い香辛料、塩分を含む複合料理で犬に有害な成分を含む可能性が高い,2
06106,しろうりは水分が多く消化しやすい野菜で素材として適している,8
15074,スポンジケーキは糖分・脂質の高い加工菓子で常用には不向きだが少量では素材使用の余地がある,5
14019,有塩発酵バターは脂質と塩分が高いため多用は避けるべきだが少量なら利用可能,6
15186,スイートチョコレートはテオブロミンとカフェインを含み犬にとって中毒性がある,1
10272,メルルーサ（ヘイク）は良質な白身魚で犬のレシピ素材として適している,9
02029,くずでん粉は消化しやすい炭水化物源で素材として問題ない,8
12014,卵白は良質なタンパク源だが生の卵白はアビジンによるビオチン阻害や食中毒のリスクがある,6
10095,塩辛は非常に塩分が高く強い風味の加工品で犬には不向き,3
10151,くん製のべにざけは良質な魚だが塩分が高く加工臭や塩分に注意が必要,6
07016,乾燥いちじくはいちじくに含まれる成分により消化器刺激やその他の有害作用が報告されている,1
06237,パクチョイの葉はビタミンや食物繊維を含む安全な葉物野菜で素材として適している,8
10030,アラスカめぬけは良質な魚の切り身で犬のレシピ素材として適している,9
07094,缶詰のなつみかん（ヘビーシロップ）は果肉自体は可食だが糖分の高いシロップ漬けである点に注意が必要,7
06231,のざわな漬物は塩分や調味料が強い加工食品で犬には不向きな場合が多い,3
06109,生のずいきはシュウ酸・刺激性成分を含むことがあり、加熱処理がないと消化器刺激を起こす可能性がある,4
06042,かぶの塩漬けは漬物で塩分が高く加工品として注意が必要,3
13041,チーズスプレッドは良質な乳製品由来の脂質・タンパク源で使いやすいが、脂肪や塩分があるため量に注意が必要。,7
01094,玄米の五分がゆは消化性の良い炭水化物で犬の素材として適切（低刺激でエネルギー源になる）。,9
13046,低脂肪ラクトアイスは乳成分や糖分が含まれる加工品であり、扱いは可能だが加工度が高い。,6
05041,炒りあまには（亜麻仁）はオメガ3や食物繊維を含み適量なら有益だが、種子なので量の管理が必要。,7
15166,あんまんのあん（小豆）は加熱済みで安全だが、皮やあんに糖分や加工成分があるため素材としてはやや加工度が高い。,5
06268,ゆでほうれんそうはビタミンやミネラルが豊富だが、シュウ酸を含むため量や頻度に注意が必要。,6
13049,シャーベット（乳成分入り氷菓）は冷菓で糖分や酸味がある加工品のため、素材としては限定的に使用すべき。,5
16061,なぎなたこうじゅの浸出液は植物抽出液で成分が不明な部分があり、慎重を要する。,4
17051,カレールウは複合調味料で香辛料や脂質・塩分が多く含まれやすく、素材としては注意が必要。,3
06170,とうがらしの油いためは辛味成分を含み刺激が強いため、犬の素材としては不向き。,3
10418,するめいか（胴、生）は高品質なタンパク源で利用可能だが、生の魚介特有の取り扱いに注意が必要。,8
15068,もろこしらくがんは砂糖や加工成分を含む和菓子であり、素材としては用途が限られる。,5
15066,らくがん（みじん粉製品）は高糖質の菓子類であり、頻繁な使用には向かないが少量なら可。,5
06322,生わさびは刺激成分が強く消化器を刺激しやすいため、犬の素材としては不向き。,3
11038,焼きリブロース（脂身つき）は良質な動物性タンパク質・脂質源で犬のレシピ素材として非常に適している。,10
06121,ゆでぜんまいは伝統的に加熱して食べられる山菜で、加熱済みなら少量の使用は可能だが特有の成分に注意が必要。,6
02049,蒸しむらさきいも（皮なし）は消化の良い良質な炭水化物で犬に適した素材。,9
08053,乾しいたけの甘煮はキノコ由来で風味付けに使えるが、甘味や調味料が加わっている点に注意。,7
17038,チリソースは辛味や加工調味料を含み刺激・塩分が高くなりやすいため、素材としては不向き。,3
11220,生の鶏むね（皮なし）は低脂肪で良質なタンパク源として非常に適している。,10
04088,大豆由来の豆腐は良質な植物性タンパク源で犬のレシピ素材として適する。味付けや過剰な塩分に注意。,8
01205,食パンは消化しやすい炭水化物源で少量なら利用可だが、砂糖や塩の添加に留意。,6
17126,即席すまし汁は調味料・塩分が多く含まれることが多く、素材としては不向き。,4
09029,とさかのりはミネラルを含む海藻で少量なら安全。ヨウ素や塩分量には注意。,8
06352,葉ねぎはネギ類に該当し、溶血性貧血を引き起こす成分を含むため犬には禁忌。,1
15051,小麦粉せんべいは加工菓子で塩分・油分が含まれるため素材としては限定的に利用。,5
10141,塩蔵された鮭の卵は良質なタンパク源だが塩分が高めである点に注意。,6
18046,中華ちまきは複数の具材・調味料を含む複合食品で、素材としては適さない場合が多い。,3
01055,茹でた沖縄そばは炭水化物源として利用できるが、スープや添付調味料の有無に注意。,6
10434,蒸しサーモンは良質な動物性タンパクと必須脂肪酸を含み犬のレシピ素材として適している。,9
15094,ソーダクラッカーは加工炭水化物で塩分を含むため、少量なら使用可能。,6
01201,添付調味料を含む即席カップ麺は塩分・脂質・香辛料が高く、素材としては不適切。,3
02023,長芋はでん粉や栄養を含む根菜で犬にも適した素材。ただし生の粘性で刺激が出る場合がある。,8
02055,水煮のヤーコンは食物繊維（フラクトオリゴ糖）を含み、犬にとって利用しやすい根菜。,8
06145,大白菜の葉はビタミンや食物繊維が豊富で犬のレシピ素材として適している。,8
01020,強力粉は焼いて利用することで炭水化物源として使える。生粉の取り扱いには衛生面の注意が必要。,7
11295,鹿肉は低脂肪で良質な動物性タンパク源で犬に適している（生肉は加熱など衛生管理が望ましい）。,9
05033,松の実は脂質が高く高エネルギーのナッツ類にあたるため、少量であれば使えるが過剰は避ける。,5
01159,米粉パンは小麦不使用でアレルギー対応に有用だが加工品で塩分・油分を含む点に注意。,6
09049,粉寒天（てんぐさ由来のアガー）は増粘・ゲル化材として安全に使用できる素材。,9
09010,海藻でミネラル源になりやすく、塩抜きされているため素材として使いやすいが摂取量に注意が必要,8
06370,トマトの果実は犬に問題ないが、ドライは風味や酸味が濃縮されるため少量からが望ましい,7
15011,和菓子で砂糖やでん粉が多く加工度が高いので素材としては限定的に使用すべき,5
15104,高脂肪・高塩分のスナック加工食品で犬には不向きな点が多い,4
04024,加熱済みの大豆は良質な植物性たんぱく・食物繊維源として利用できるが消化に注意,8
02063,生のじゃがいもはソラニンなどの成分が懸念されるため、加熱が望ましい,4
05025,果皮を除いた可食部であれば利用可能だが、硬い殻や不溶性部分に注意が必要,6
10162,魚類は良質なたんぱく源だが開き干しは塩分や骨に注意して使う必要がある,8
07145,ライム果汁は酸性が強く刺激になり得るため、少量の使用に留めるべき,5
06037,ゆでたかぶは消化に良い根菜で犬のレシピ素材として適している,8
11243,すっぽん肉は良質なたんぱく源だが生は衛生面のリスクがあるため適切に処理して使用,9
15157,生八つ橋は砂糖・でん粉を多く含む菓子類で、素材としては限定的に用いるのが適当,5
03013,転化糖は高濃度の糖類であり、甘味付け以外の用途では適さないことが多い,5
03027,果糖ぶどう糖液糖は高濃度の糖類で常用には向かないが少量の甘味付けには使える,5
06008,ゆでたアスパラガスは消化しやすくビタミン・食物繊維の供給源として利用しやすい,8
07112,果肉以外（アルベド＝白皮部）を含むため、精油成分などで刺激を与える可能性がある,4
17087,だし入り醤油は塩分や調味料が濃く、素材としては不向きで量の管理が難しい,3
11307,ウインナーは加工肉で脂肪・塩分・添加物が多く、素材としては限定的に使用すべき,4
02051,水煮されたセレベス（里芋類）は加熱済みででん粉質の供給源として使いやすいが生は刺激がある,7
08032,栽培マッシュルームのゆでは犬でも問題なく利用できる安全な野菜素材,8
11182,生ハムは豚肉の良いたんぱく源だが、塩分や加工度が高いため素材としてはやや注意が必要,6
10352,やりいかは良質な海洋性たんぱく源で犬の素材として適切（加熱で安全性向上）,9
07036,缶詰のみかんは果実自体は安全だがシロップ等の加工があるため素材適性は中程度,6
10443,養殖サーモンのソテーは良質なタンパク・脂肪源で犬のレシピ素材として適切,9
06179,クリームスタイルの缶詰コーンは安全だが加工・乳成分等があるため使用はやや注意,6
05048,とうびしの茹では根菜類として安全で繊維も取れるため素材として適切,8
10071,うまづらはぎは良質な魚類のたんぱく源で犬の素材として適切（加熱推奨）,9
16030,アルコール含有の飲料は犬に中枢神経抑制等の有害作用を起こすため使用不可,1
11058,牛ランプは良質な赤身肉で犬のレシピ素材として非常に適している,10
10435,皮つきのサーモンの電子レンジ調理品は良質なたんぱく・脂肪源で犬向き（骨・皮の処理に注意）,9
15182,デニッシュは加工度・脂質・糖質が高く犬の主素材としてはあまり理想的でない,5
06390,つるにんじんの根は野菜の根菜として安全で繊維や栄養が期待できる素材,8
06073,茹でたみずなは葉物野菜として安全で犬のレシピ素材として適切,9
10164,水煮のさば缶は魚由来のたんぱく・脂肪源として有用（塩分の有無に注意）,9
11245,マトン（ロース）は優れた動物性たんぱく源だが脂質や風味に注意が必要,9
11135,豚もも（脂身）はたんぱく質源として使えるが脂肪分が高い点に注意,9
11242,かえる肉は低脂肪でたんぱく質源として利用可能な食材だが馴染みは薄い,8
14014,落花生油は調理油として使えるがピーナッツ由来のためナッツ関連の注意が必要,5
10386,さつま揚げは魚由来ではあるが加工品で塩分や添加物があるため素材適性は中程度,6
03023,メープルシロップは犬に直接有毒ではないが糖分が高く主素材としては適していない,5
10284,貝類で良質なタンパク源。缶詰の味付けにより塩分や調味料が含まれる点に注意。,6
06252,葉茎類の野菜でビタミンや食物繊維が豊富。犬のレシピ素材として適する。,8
05044,高脂肪で消化に負担をかけやすく、膵炎リスクやアレルギーに注意が必要。,4
01134,消化しやすい炭水化物源で、犬のレシピに使いやすい素材。,8
15095,加工度が高く砂糖・脂肪を含むことが多いため、素材としては常用に不向き。,5
04113,大豆由来の良質なタンパク源。油での加工形態は脂質に注意が必要。,7
15138,乳製品・砂糖を含む加工品で、消化や糖分について配慮が必要。,4
17096,調味料として風味が強く、塩分や酸味があるため少量向けの素材。,5
09008,海藻でミネラル供給に有用。ただしヨウ素量に注意して用いるべき。,7
01097,消化しやすい炭水化物で、特におかゆ形態は犬にとって使いやすい素材。,9
01135,油で揚げて味付けされたスナックで、塩分・香辛料や加工度が高い点が懸念。,3
06395,調理済みのブロッコリーは消化しやすくビタミンや食物繊維が豊富で適している。,8
06348,にんじん自体は安全だが、グラッセは糖や脂質が加わっている点に注意。,7
10454,焼きの赤身まぐろは良質なタンパク源で犬のレシピ素材として適している。,9
04009,加熱済みの豆類はタンパク質・食物繊維源だが、消化やガスに注意が必要。,7
06197,漬物は塩分や発酵調味が強く、素材として使う際は塩分管理が必要。,4
11146,赤身の豚肉は良質なタンパク源で適しているが、生肉の取り扱いには衛生管理が必要。,9
06381,調理済みのにんじんで使いやすいが、油で炒めてあるため脂質に留意。,7
06327,アスパラガスはビタミン・食物繊維の供給源。油炒めは脂質に配慮が必要。,7
11273,焼いた牛舌は内臓肉としてミネラルとタンパク質が豊富で、調理済みで使いやすい。,9
11120,豚かたロースは良質なタンパク源で犬のレシピ素材として適切,9
07155,レモンは皮に刺激成分が多く酸性が強いため、皮つきの全果は注意が必要,3
06410,ねぎ類は赤血球を破壊する有害成分を含むため犬には与えてはいけない,1
07066,グレープフルーツは苦味や酸味の成分が消化器や薬剤相互作用に注意を要するため控えめ推奨,4
11248,焼いた和牛リブロースは良質なタンパク源で犬のレシピ素材として適している,9
06346,にんじんは栄養豊富で安全だが素揚げは脂質が増えるため量に注意,8
14008,なたね油は良質な脂肪酸を供給する植物油で利用しやすい,8
01041,干しうどんは消化しやすい炭水化物源として使用可能,7
15130,クリームパンは砂糖や乳製品を多く含む加工食品で使用量に注意が必要,5
11297,牛の横隔膜（はらみ）は良質なたんぱくで犬の食材として適する,9
10042,うるめいわしは良質な魚たんぱく源だが生品は下処理・加熱などの配慮が必要,9
01190,ゆでた即席中華めんは炭水化物源として利用可能,7
18004,コーンクリームスープ粉末は加工度が高く塩分や添加物に注意して使うべき,5
09044,乾燥わかめはミネラル（ヨウ素）を多く含むため少量であれば利用可能,7
10171,さわらの切り身は良質な魚たんぱくで犬のレシピ素材として適切,9
02067,フライドポテトは高脂質の加工食品で使用量を制限すべき,5
04058,繊維状大豆たんぱくは植物性たんぱく源として利用可能だが個体差に注意,7
02007,蒸しさつまいもは消化性の良い炭水化物で犬に適している,8
07170,ナタデココはシロップ漬けで糖分が高いため少量での使用が望ましい,6
01072,小麦たんぱく（粒状）はたんぱく源として使えるがアレルギーに注意,6
17105,調味料で香味野菜や酒類、塩分や脂質を含むことがあり、犬の素材としては不向きな点があるため。,3
01030,小麦由来の炭水化物で消化可能だが栄養密度は低く補助的な素材としての適性。,7
01117,粘着性が強く喉に詰まりやすい点や加工食品である点から注意が必要。,5
06013,茎の可食部で食物繊維が豊富、犬のレシピ素材として問題ない野菜素材。,8
05012,甘露煮は糖分を含む加工品であるため加工度が高いが、栗自体は利用可能な素材。,5
15039,砂糖を多く含む和菓子の加工品で栄養密度が低く、素材としてはあまり適さない。,4
07162,柑橘類の果肉は適度に与えられる安全な果実部位であるため使用可能。,8
15103,高脂肪・高塩分の加工スナックであるため犬のレシピ素材としては不適切な点が多い。,4
11264,低脂肪の茹でた牛ももは良質なタンパク源で犬の素材として適している。,9
04021,豆類はたんぱく・繊維源として使えるが消化性に注意が必要な素材。,7
10465,魚の脂身は栄養源になるが、天ぷらの揚げ調理で脂質・加工度が高くなるため素材としては限定的。,4
01145,乾麺は炭水化物源として利用可能だが加工食品であり単体の栄養価は限定的。,6
02027,山芋類は一般に利用可能だが生の状態では刺激や消化不良を起こすことがあるため注意が必要。,6
11073,赤身の牛肉は良質なタンパク源で犬のレシピ素材として優れている。,9
05028,ナッツ類は高脂肪で消化負担や特定ミネラル過剰の懸念があり注意が必要。,4
01038,うどん（生）は小麦由来の炭水化物で素材にはなり得るが加工食品である点は留意。,6
06046,かぼちゃの果肉は消化に良く、犬に適した野菜素材である。,9
18009,えび自体は良い素材だが衣や揚げ調理された冷凍品は加工度が高く扱いに注意が必要。,4
17093,顆粒だしは強い調味成分や香味野菜を含むことがあり、犬に与えるには不向きな場合がある。,3
16057,水分補給にはなるが糖分・電解質配合があるため常用する素材としては適さない。,5
11285,鶏手羽は良質な動物性たんぱく源で、犬のレシピ素材として適している。,9
10461,蒸しマグロは良質な魚由来のたんぱく・脂肪源で、犬に適した素材。,9
11148,豚肩ロースは良質なたんぱく源だが脂肪が多めなので量に注意が必要。,8
10224,塩蔵かずのこは魚卵として栄養価は高いが塩分が高めなので使用量に注意が必要。,6
16021,マオタイ酒は高濃度のアルコールを含み、犬にとって有害である。,1
05035,落花生（ピーナッツ）は消化不良や脂肪過多・アレルギーを引き起こす可能性があるため慎重な扱いが必要。,4
11155,豚もも（脂肪少なめ）は良質なたんぱく源で犬の素材として適している。,9
07178,ぶどうは犬に腎障害を引き起こす可能性があるため禁止食品である。,1
06116,ズッキーニは低カロリーで消化に良い野菜で、犬のレシピ素材として適している。,9
04056,濃縮大豆たんぱくは植物性たんぱく源として利用できるが加工品である点に留意。,7
06266,へちま（ゆで）は消化性が良く安全な野菜で、犬の素材として適している。,8
16035,抹茶（緑茶）はカフェイン等の刺激成分を含み、犬にとって有害である。,1
04004,あずきのこしあんはあずき自体は害は少ないが加糖・加工されているため過剰摂取に注意が必要。,5
06380,にんじん（ゆで）はビタミン・食物繊維が豊富で犬に適した安全な素材である。,9
06247,赤ピーマンはビタミン類が豊富で犬に安全に使える野菜である。,9
06296,ゆりね（りん茎）は人の食用例はあるが犬に関する情報が限られるため注意が必要である。,5
10275,やまめ（養殖）は良質な魚たんぱく・脂肪源で犬のレシピ素材として適している。,9
04079,いり大豆（黒大豆）は植物性たんぱく・繊維源として利用できるが消化性やアレルギーに留意。,7
11149,豚ロース（脂身つき）はたんぱく源として適しているが脂肪分が高めなので量に注意が必要。,8
13026,脱脂加糖ヨーグルトは乳酸菌供給源として有益だが、乳糖・加糖に対する個体差に注意が必要。,8
06328,アロエの葉はアロイン等の成分で嘔吐や下痢を引き起こすことがあり原料としては注意が必要,3
11193,混合ソーセージは加工品で塩分や添加物が多く含まれる可能性があるため素材としてはやや不適,4
01153,発芽玄米は消化しやすい穀類で犬のレシピ素材として適している,9
07141,やまもも（果肉）は一般に与えて問題ない果物で素材として使用可能,7
10399,焼きのまこがれいは良質な魚肉で犬のレシピ素材として適している（骨除去済）,9
07114,びわの果肉は犬に与えて問題ない果物だが種は除去する必要がある,8
06094,ししとうの油いためは軽い香辛性があるが果実自体は使用可能（辛味に注意）,7
10460,脂身の多いまぐろの水煮は良質なたんぱく・脂質源で素材として適している,9
10098,かます（生）は魚類として利用可能だが加熱や下処理を行ってから与えるのが望ましい,7
11208,かもの皮なし肉は良質な動物性たんぱくで犬のレシピ素材として適している,9
07017,いちじくは犬に消化器刺激や有害作用を起こす可能性があるため禁忌扱い,1
02025,ながいも（生）は栄養源として利用されるが生食で粘性や消化性に注意が必要,7
01106,玄米はエネルギー源として使用可能で犬のレシピ素材として適している,9
10112,きびなごの調味干しは加工・味付けが施され塩分や添加物が多い場合があるため注意が必要,5
01082,七分つき米は利用しやすい穀類で犬のレシピ素材として適している,9
06071,ぎょうじゃにんにく（アイヌねぎ）はネギ属に該当し溶血性貧血の原因となるため禁忌扱い,1
10014,むろあじのくさやは強い発酵臭や塩分があり加工品として使用は慎重を要する,4
07001,あけびの果肉は一般に食べられる部位で素材として使用可能（種は除去）,7
11302,焼きの牛かた赤肉は良質なたんぱく源で犬のレシピ素材として非常に適している,10
06292,ゆでた緑豆もやしは消化しやすい野菜類で素材として利用しやすい,8
10108,かんぱちは良質な魚のたんぱく質で犬のレシピ素材として適する,9
10343,けんさきいかはたんぱく質源として利用可能だが、生の魚介は消化性やアレルギーに注意,8
17055,オールスパイスは香辛料で消化器を刺激する可能性があり注意が必要,3
06405,ごぼうは食物繊維が豊富で犬の素材として問題ない,8
16019,ジンなどのアルコールは犬に対して中枢抑制や毒性を示すため禁忌,1
01154,精白もち米は消化しやすい炭水化物源でレシピ素材として適切,9
10083,くろかじきは良質な魚のたんぱく源で犬に適している,9
11259,牛リブロースの脂身はエネルギー源になるが脂肪が多く膵炎リスクに注意,8
11128,豚ロース脂身はたんぱく質・脂肪源として使えるが脂肪分に注意,8
09012,うみぶどうは海藻類で栄養源になり得るが塩分・ヨウ素含有に留意,7
06180,ホールカーネルのスイートコーン（缶詰）は炭水化物源として利用可能,7
01140,玄穀のもろこしは穀物として問題なく利用できる,8
02001,きくいもは食物繊維やイヌリンを含むが消化でガスを生じることがある,7
15005,今川焼（こしあん入り）は砂糖や精製素材が多く加工度が高いため素材としては限定的,5
11119,ぶたかたロース脂身つきはたんぱく質源だが脂肪割合が高く注意が必要,7
10050,塩いわしは良質な魚だが塩分が高めな点に注意,7
04070,らいまめ（ライマビーン）は豆類として加熱調理すれば利用可能だが生のままは注意が必要,6
15116,ミルクチョコレートはテオブロミン・カフェインを含み犬には有害で禁忌,1
08021,なめこ（ゆで）は食用きのこで調理済みのため犬の素材として適している,8
10136,しろさけ（焼き）は良質なたんぱく質と脂肪を含む安全な素材である,9
10202,すけとうだらの卵（たらこ）は良質な動物性タンパク源で犬のレシピ素材として適切。,9
10073,えいは魚類で良質なタンパク源。適切に処理すれば犬の素材として使える。,9
15172,デニッシュペストリーは高脂肪・高糖分の加工菓子で、素材としては適さない。,5
04026,乾燥黄大豆は植物性タンパク源として利用可能だが、調理が必要でやや扱いに注意が必要。,7
01086,半つき米は消化に良い炭水化物源で犬のレシピ素材として適切。,9
02066,皮なしで電子レンジ調理されたじゃがいもは消化性が良く、安全に使える。,9
10037,いさきは魚類で良質なタンパク源。適切に処理すれば素材として適する。,9
04036,沖縄豆腐は豆製品としてタンパク源になり、犬のレシピ素材として使える。,8
10211,ちかは魚類で良質なタンパク源。犬の素材として適切。,9
10218,にしんは栄養価の高い魚だが、適切に調理して使用するのが望ましい。,8
17118,低カロリーマヨネーズは加工調味料で脂質や添加物が多く、素材としては優先度が低い。,5
06117,せりは葉茎類の野菜で風味があり、犬のレシピ素材として使用可能。,8
07137,ももの果実飲料（ネクター）は果実分が低く加糖の加工飲料で、素材としては適さない。,6
15029,カステラまんじゅうは加工菓子で高糖質・加工度が高く、素材向きではない。,5
11260,牛ばら（脂身つき）は良質な動物性タンパクと脂肪を含み、犬のレシピ素材として適切。,9
10250,ぼらのからすみは塩蔵した加工品で塩分が高く加工度も高いため、素材としての適性は低め。,6
04042,凍り豆腐は豆製品の良いタンパク源で、再調理して犬の素材として利用できる。,7
13052,やぎ乳は乳製品として栄養があるが、乳糖で消化不良を起こす犬もいるため注意が必要。,7
01011,きび（精白粒）は穀類の炭水化物源として利用でき、犬のレシピ素材として適切。,8
07121,ぶどうを含む果実飲料は犬に有害な成分を含むため禁忌であり使用不可。,1
11194,豚肉のソーセージはタンパク源として使えるが加工品で塩分や添加物が含まれる可能性があるため注意が必要。,6
10413,水煮のしじみは加熱済みの水産物で良質なタンパク源・ミネラル源として適する。,8
18006,冷凍のクリームコロッケは複合加工食品で脂質や調味料が多く含まれる可能性があるため素材としては慎重を要する。,3
11082,生の牛ランプは良質なタンパク質と脂肪を含み犬のレシピ素材として適している。,9
10421,煮干しのとびうおは乾燥・加工された魚で旨味とカルシウム源になり得る安全な素材。,8
06146,塩漬の菜類は塩分が高い可能性のある加工食品であるため使用量に注意が必要。,5
07039,塩漬のスタッフドオリーブは果実自体は問題ないが塩分が高く加工品である点に注意。,6
07113,ひゅうがなつの果肉部分は柑橘類の果実として与えて問題ないが、皮や種は除去する必要がある。,7
17062,クローブは香辛料で刺激が強く消化器への影響が出る場合があるため少量使用が望ましい。,3
16001,清酒などのアルコール飲料は犬にとって有害であり与えてはいけない。,1
10165,缶詰のみそ煮は魚由来の栄養はあるが加工・調味されており塩分や添加物に注意が必要。,6
12008,加糖全卵は卵そのものは良質なタンパク源だが糖分が加わった加工品である点を考慮する必要がある。,9
10254,天然の脂身を含む本マグロは高品質なタンパク質と脂質を供給する優れた素材である。,9
01156,アルファ化米は消化しやすい炭水化物源で犬のレシピ素材として適している。,9
06175,生のスイートコーンは食物繊維と炭水化物の供給源として使えるが粒のままだと消化に配慮する必要がある。,8
17127,ふりかけ（たまご）は調味加工品で塩分や添加物が含まれるため素材としては注意して使うべきである。,5
06130,生の大根葉は葉物野菜としてビタミンや繊維が豊富で犬のレシピ素材として適している。,8
10091,かつお節は乾燥した魚資源で旨味と良質なタンパク質を提供する安全な素材である。,8
11021,和牛の赤肉は高品質なタンパク源で犬のレシピ素材として適切である。,9
06294,ゆでたモロヘイヤの茎葉は加熱済みの葉物野菜で消化しやすく栄養価もあり適している。,8
10035,小魚の佃煮で魚由来の良質な素材だが調味済みの加工食品であるため素材評価はやや控えめ。,7
09033,海藻の佃煮で海藻自体は犬に安全な素材。ただし調味済みの加工食品である点は留意。,8
11181,豚肉由来の生ハムはタンパク源になるが加塩・加工が強いため加工食材として注意が必要。,5
07019,未熟な梅は強い酸味があり消化器を刺激することがある。種は除去が必要で注意が必要。,4
07187,ぶどうは犬に腎障害を引き起こす可能性があり禁忌である。,1
06195,茄子類の塩漬けは加工調味済みの食品であり、素材として使う場合は成分混合に注意が必要。,5
18028,豚汁は複数の材料で調理された複合食品で、原材料や調味料の影響があるため素材としては注意が必要。,3
06009,湯煮されたアスパラガスの缶詰は加熱済みで消化しやすく、犬の素材として適している。,8
06177,スイートコーン（未熟種子）は一般に犬に安全で使いやすい穀物性素材である。,8
06055,ゆでたカリフラワーは加熱済みの野菜で犬に与えて問題ない素材である。,8
01003,餅状の加工穀物は粘性が高く誤嚥や消化の観点で注意が必要なため素材としては慎重を要する。,5
10392,小型あじの骨付き唐揚げは魚由来の素材だが調理済みの複合食品かつ骨の取り扱いに注意が必要。,4
13042,高脂肪のアイスクリームは乳糖や脂肪による消化不良や膵炎リスクがあるため注意が必要。,5
17143,濃縮されたラーメンスープ（味噌味）は調味料成分が複合しており素材としては不向きまたは注意が必要。,3
06391,トマト果実（黄色）は通常安全で犬のレシピ素材として適している（へた・茎は除去）。,8
06342,油炒めの茄子は野菜素材として利用可能だが油分の点で配慮が必要。,7
10223,にしんの数の子乾燥品は魚卵由来の素材であるが加工品であるため加工面に注意が必要。,6
06099,春菊の葉は栄養価があり犬に与えて問題ない安全な野菜素材である。,8
06308,リーキはネギ属であり溶血性貧血を引き起こす危険があるため禁忌である。,1
11226,茹でた皮なし鶏ももは良質なタンパク源で犬のレシピ素材として非常に適している。,10
10346,水煮されたするめいかは良質な海洋性タンパク源で、調味が強くなければ犬の素材として適切。,9
18043,カニクリームコロッケは衣やベシャメルなどで加工度・脂質・調味が高く複合調理済みのため素材として不向き。,3
10111,きびなごは良質な魚でタンパク源になるが生食は寄生虫や消化面の懸念があるため調理して使う方が望ましい。,8
10177,味付け缶詰のさんまは調味料や塩分が多く含まれる加工食品で、そのまま素材として使うのは適さない。,5
03004,三温糖は高糖分で栄養価は限定的なため主素材としては適さないが、少量での使用は可能。,5
04081,蒸し大豆は加熱済みでタンパク質・食物繊維源として利用できるが、量や調理形態に注意が必要。,8
15035,肉まんは複合調理済みで皮・餡・調味料を含み、脂や塩分が多い加工食品のため素材としては不向き。,3
04100,絹ごし豆腐は良質な植物性タンパク源で消化性も良く、犬のレシピ素材として適している。,8
07152,りんご果汁飲料は果実由来だが糖分が高く繊維が少ない加工飲料で、素材としては限定的な利用が望ましい。,6
06077,クレソンは葉茎野菜でビタミン・ミネラル源として利用可能だが苦味や硝酸塩に注意して少量が望ましい。,8
06126,タアサイは葉物野菜でビタミン・食物繊維の供給源として犬のレシピに使用できる。,8
09002,あおのりはミネラルや風味付けに適するがヨウ素や塩分に注意し、少量で使うのが望ましい。,7
06010,さやいんげんは低カロリーで食物繊維・ビタミンを含み、犬の素材として適している。,9
06199,しば漬は漬物で塩分や酢が強い加工食品のため、犬の素材としては不向き。,4
07146,ラズベリーは抗酸化物質を含む安全な果実で、適量であれば犬のレシピ素材として適している。,8
16050,甘酒は発酵由来の飲料で糖分が高く、市販品によってはアルコールを含む場合があるため注意が必要。,5
11312,豚の頭部肉は良質な動物性タンパク源だが生は寄生虫や細菌リスクがあるため加熱して利用するのが安全。,8
10400,きすの天ぷらは揚げ物で油・衣・調味が多く加工度が高いため素材としては不向き。,4
10448,桜でんぶは魚を加工した風味付け食品で糖や塩を含む加工品のため、主要素材としてはやや不適。,6
01130,ゆでそばはそば粉由来の炭水化物源で適量であれば犬のレシピに使用できるが主食に偏らないよう注意。,7
01084,消化しやすい主食の炭水化物源で、犬のレシピ素材として適している,9
10294,牡蠣は良質なタンパク源だが燻製・油漬けの缶詰は加工度が高く塩分や添加物が含まれやすい,6
07007,果肉は犬に与えてよい栄養価のある果物（核は除去）,8
11214,鶏むね肉は低脂肪で良質なタンパク源で犬のレシピに適している,10
04098,木綿豆腐は消化性が良く植物性タンパク源として利用できる,8
06135,ゆで大根は消化しやすい野菜でレシピに使いやすい,9
06022,スナップえんどうはビタミンや食物繊維があり与えやすい野菜類,8
08001,えのきは食用のきのこで一般に安全に使える,8
11033,牛かた肉（脂身）は良質なタンパク・脂質源だが脂肪が多めで量に注意が必要,9
18018,ポテトコロッケは揚げ・衣・調味で加工度が高く脂質や塩分が多い,3
10149,紅鮭は良質なタンパクとオメガ-3脂肪酸が豊富で犬に適した魚類,10
01204,即席カップめんは調味料や添加物、塩分が多く加工食品で素材としては不向き,3
11102,牛の子宮（ゆで）は内臓肉で栄養価があるが扱いに注意が必要,7
11101,牛腱（ゆで）はコラーゲンが豊富で犬のレシピに利用可能,8
11225,鶏もも（皮なし・焼き）は良質なタンパクと適度な脂質で使いやすい,10
10335,ずわいがには甲殻類の良質なタンパク源（殻や内臓は除去前提）,8
06287,大豆もやしは消化しやすく野菜・たんぱく補助として利用できる,8
10036,いかなごのあめ煮は甘辛く調味されており加工度と塩分・糖分が高い,4
11198,豚ゼラチンはコラーゲン源として安全だが栄養価は限定的,7
01211,米粉パンは炭水化物源として使えるが加工度が高い焼き菓子類である,6
11134,豚ももは良質なタンパク源で犬のレシピ素材として適切。調理して脂肪を調整できる。,9
10340,たらばがにの缶詰は良質な魚介たんぱくで使用可能（殻や液汁を除く前提）。,8
09015,ながこんぶはミネラル供給源として利用できるが、ミネラル濃度に注意が必要。,7
10121,こいの内臓は栄養が濃縮した部位で利用可能だが、扱いに注意が必要。,7
17092,顆粒おでんだしは調味料で塩分や複数の風味が強く、素材としては不向きな面がある。,3
04051,おからは良質な食物繊維と植物性たんぱくを含み、犬のレシピ素材として適している。,8
06330,トウミョウ（ゆで）は軟らかい野菜素材で消化性が良く使用しやすい。,8
07140,ネクタリンの果肉は安全で、種や果皮を除けば犬の果物素材として適切。,8
10404,ごまさばは魚由来の良質なたんぱくと脂肪酸源で、骨等を除去して利用可能。,8
11153,豚ばら（脂身つき）は風味が良いが脂肪が多めのため分量管理が必要となる。,8
10066,うぐいは魚類として使えるたんぱく源。骨や内臓の除去が前提。,8
16052,無果汁の果実色炭酸飲料は糖分や添加物が多く、レシピ素材としては好ましくない。,4
09013,えながおにこんぶも昆布類でミネラル源として利用可能だが濃度に留意。,7
15028,ねりきりは砂糖や加工成分が多い和菓子で、主素材としては不向き。,4
07060,グーズベリーは果実として与えやすく、少量なら犬のレシピに取り入れやすい。,7
10327,大正えびは良質なたんぱくだが殻や内臓の除去と加熱が前提で利用する。,7
10189,きだい（たい類）は魚由来の良質なたんぱくで、骨等を取り除いて利用できる。,8
07006,アボカドはペルシンなどの懸念や脂肪が高めのため注意が必要で、使用は慎重に。,4
17144,焼きそば粉末ソースは多種類の調味料・塩分・香辛料を含むため素材としては不向き。,3
01019,中力粉は調理の基材として広く使えるが、グルテン感受性には留意。,8
10472,蒸しダコは加熱済みの良質な魚介たんぱくで犬の素材として適している,9
17042,マヨネーズは高脂肪な調味料で風味付けには使えるが主要素材としては加工品寄り,5
06295,みそ漬の山ごぼうは発酵・塩分を含む加工野菜だが、少量の使用なら素材として使える,5
02011,ゆで里芋は消化しやすいでんぷん源で犬のレシピ素材に適している,8
10221,燻製ニシンは良質な魚たんぱくだが燻製・塩分の影響を考慮する必要がある,7
06045,ぬかみそ漬のかぶは発酵・塩分を含む加工食品だが根菜として少量使用は可能,5
10008,生のニシマアジは良質なたんぱく源だが生食特有の寄生虫・リスクに注意が必要,8
11251,ゆでた和牛もも（皮下脂肪なし）は良質な赤身たんぱくで犬の理想的な素材,10
07138,缶詰の桃果肉は種がなく与えやすい果物だがシロップの糖分を含む加工品である,7
18040,チキンカレーは複合調理済みで香辛料や調味成分が多く犬の素材としては注意が必要,3
11079,輸入牛のそともも（脂身つき）はエネルギーとたんぱく源として犬に適している,9
04022,そらまめの煮豆は豆類として利用可能だが消化性や量に配慮が必要な加工食品,6
11003,ウサギ肉（赤肉）は低脂肪で良質なたんぱく源として犬に適している,9
17022,しいたけだしは安全な風味付けのだし素材で犬にも使いやすい,8
11095,ゆでた牛の第二胃（トライプ）は犬に好まれる副生物で栄養源として利用可能,9
10337,水煮のズワイガニ缶は魚介たんぱくだが塩分や殻片に注意が必要,8
01132,コーンミールは穀類の炭水化物源として犬のレシピ素材に適している,9
07027,温州みかんの果肉はビタミン源として使えるが酸味や量に注意が必要,8
10269,水煮のムツ切り身は加熱済みで良質な魚たんぱく源として適している,9
10449,ふなずしは強い発酵・塩分・複合成分を含む加工作品で犬には不向き,3
11215,鶏もも肉は良質な動物性タンパク質と脂質の供給源で、犬のレシピ素材として適する（皮下脂肪は高め）。,9
17011,白醤油は塩分が高い調味料で、味付けとしては使えるがそのまま主原料にするのは適さない。,6
10120,水煮の鯉は良質なタンパク源で加工済みの魚として犬のレシピ素材に適する。,9
03020,果糖はエネルギー源にすぎず栄養的価値が低いため、素材としては適さないことが多い。,5
03011,粉糖は精製された糖分が主体で栄養価が低く、犬の主素材としては不適切。,4
11301,牛かた肉のゆでは良質な動物性タンパク質で、犬のレシピ素材として適している。,9
07122,ぶどうは犬に急性腎不全を引き起こす危険があり、犬への使用は禁忌である。,1
06389,玉ねぎは赤血球を破壊する成分を含み、犬にとって有害であるため使用不可。,1
09017,まこんぶはミネラル（ヨウ素等）を多く含む海藻で、適量であれば利用可能だが量に注意が必要。,7
06173,冬瓜は低カロリーで消化性の良い野菜で、犬のレシピ素材として適している。,8
16027,薬味酒はアルコールを含み、エタノールによる中毒の危険があるため犬には使用不可である。,1
15169,あんパンは糖分と精製炭水化物が主体で栄養的には不向きな加工食品である。,4
10117,生のぐちは魚類として良質なタンパク源だが、生食では寄生虫や酵素のリスクがあるため加熱が望ましい。,8
01054,乾燥沖縄そば（小麦）は精製炭水化物の加工品であり、主素材としては限りがあるが使用は可能。,6
05026,味付けしたピスタチオはナッツ類で脂肪分や塩分が高く、消化不良や高脂血症のリスクがあるため注意が必要。,4
06366,生のしょうが（おろし汁）は適量であれば消化を助ける成分を含み、犬のレシピ素材として使える。,8
11293,つくねは鶏肉ベースの加工品でタンパク源として使えるが、調味料の有無に注意が必要である。,7
06176,茹でたスイートコーンの未熟種子は消化可能な炭水化物源として犬に利用できる。,8
06178,冷凍カーネルのスイートコーンも同様に犬のレシピ素材として利用可能である。,8
08048,ゆでたエリンギは一般的な食用きのこで、加熱調理されたものは犬の素材として適する。,8
10060,良質な魚タンパクと脂肪酸を含み、犬の素材として適している,10
09019,ミネラル豊富な海藻で少量なら利用しやすい素材,8
06163,茹でて調理済みの山菜系素材で消化にやさしく使用可能,7
10148,良質な魚（にじます）でタンパク源として適するが加熱推奨,8
13059,乳製品としてカルシウムやタンパクを含むが乳糖過敏に注意,6
17140,液体調味料で塩分や調味が強く、そのまま大量に使うには不向き,3
09042,ミネラルを含む海藻で少量の風味付けや栄養源として使いやすい,8
15017,餅の粘着性や菓子類の糖分が問題となりやすく素材としては不向き,3
10104,魚および魚卵は良質なタンパク源で素材として適している,8
13044,高脂肪・高糖分の加工乳製品で使用は限定的（間食向け）,5
11310,赤身と脂肪を含む良質な肉類で犬のレシピ素材として適切,9
07011,あんずの果肉は与えやすいが、ジャムは加工度と糖分が高い,6
10203,魚卵は栄養があるが塩分の高い加工品で使用は慎重に,6
03017,単純な糖類でエネルギー源にはなるが素材としては限定的,5
10231,白身魚で良質なタンパク源、加熱して与えるのが望ましい,8
06001,野菜性の素材で食物繊維や栄養素があり使用可能,7
06168,茹でた野菜性素材で利用可能だが風味や個体差に注意,6
06286,栄養価のあるもやし類で少量なら利用できるが生食の衛生に注意,7
11241,つくだ煮は塩分・調味が強い加工食品で素材としては不向き,3
09004,焼きのりは微量栄養素や風味付けに使いやすい海藻素材,8
15145,小豆のあんは犬に問題ないが菓子生地や加糖が多く加工度が高いため素材としては限定的に使用,5
15183,こしあん自体は可だがデニッシュ生地は油脂や加工成分を多く含むため素材としては限定的,5
06404,一般に安全でビタミン・食物繊維が豊富な野菜。犬のレシピ素材として適する,9
09026,てんぐさ由来の寒天は食物繊維的に安全で水分保持やとろみ付けに使える,8
14022,純粋な油脂で風味付けには使えるが高脂肪のため扱いに注意が必要な素材,5
15012,きび由来の団子は穀物系で基礎的に問題ないが加糖・加工度が高く限定的に使用,5
17023,煮干し由来のだしは魚由来の旨味・タンパク源として使いやすい（塩分量に注意）,9
01047,小麦を主成分とする麺類で炭水化物源として使用可。調理して与えるのが一般的,7
10425,赤身のまぐろは良質なたんぱく源。ただし生は寄生虫などのリスクがあるため加熱が望ましい,8
06213,加熱済みのにんじんは消化性が良くビタミンや食物繊維が豊富で犬に適する,9
10096,魚由来の加工缶詰は風味が良いが味付け（塩分・調味料）があるため加工品として使用量に留意,6
06024,加熱済みのグリンピースは消化しやすくビタミン・食物繊維を含む安全な素材,9
03008,純粋な砂糖は栄養価が低く甘味付けとしてのみの利用にとどめるべき素材,4
04069,加熱済みの豆類は植物性たんぱくと食物繊維を含み利用可能（十分に加熱されていることが前提）,8
18034,山菜の煮物は下処理や味付けがされている加工食品であり、調味された状態での使用は限定的,5
01152,精白米は消化の良い炭水化物で犬のレシピ素材として適している,9
11170,加熱済みの豚の大腸はタンパク源となるが脂肪や消化性に留意が必要な副生物,7
10032,魚の肝臓は栄養価が高いが生では寄生虫や汚染リスクがあるため加熱して使う方が安全,6
10396,しらすは良質なたんぱく源だが生の場合は小骨や寄生虫に注意が必要,8
04007,乾燥のいんげん豆は生のままだと消化障害を起こす可能性があるため、十分に加熱してから使用する素材,6
10186,小型の魚で良質なたんぱく源。犬のレシピ素材として適している。,9
10446,かつお加工品は高たんぱくで旨味があり、犬の料理素材として適切。,9
15128,加工された揚げ菓子の一部で脂質や調味があるため、素材としてはやや不向き。,4
13036,ナチュラルチーズは高たんぱく・高脂肪で犬に使えるが塩分・脂肪に注意が必要。,7
15122,でん粉系の和菓子で加工度が高く主素材としては限定的に使用可能。,5
07100,果実飲料は果実風味を加えられるが糖分や加工度が高く素材としては限定的。,5
01051,ゆで麺は原材料が小麦主体の安全な炭水化物源で、料理素材として利用可能。,7
11138,豚もも赤肉は良質なたんぱく源で犬のレシピ素材として適切。,9
10473,蒸しだこは低脂肪・高たんぱくで使用しやすいが油いための加工がある点は考慮要。,8
01056,インスタントめんは調味料や油が含まれる複合加工食品で犬の素材としては不向き。,3
06018,エンダイブは葉野菜でビタミン・繊維があり犬のレシピ素材として適している。,9
10412,焼きほっけは良質な魚類の一つでたんぱく源として利用可能。,8
06043,ぬかみそ漬けの漬物は加工品で塩分や発酵風味があるため素材利用は限定的。,5
06249,黄ピーマンは生の果実でビタミン・食物繊維があり犬のレシピ素材として適切。,9
01207,リッチタイプの食パンは加工度が高く脂質や糖分を含むため汎用素材としてやや劣る。,6
11232,鶏肝は栄養価が高く良質な動物性素材で犬のレシピに適している。,9
10099,焼きかますは魚由来のたんぱく源で料理素材として適切。,8
07014,低糖ジャムは果実風味を付けられるが加工度と糖類のため素材としては限定的。,5
17020,昆布だしは旨味成分として有用で、犬の料理の風味付け素材として適している。,8
11263,牛もも（皮下脂肪なし）焼きは良質な赤身たんぱく源で犬のレシピ素材として適切。,9
11191,加工された豚肉のソーセージでタンパク源にはなるが加工度・調味が高いため素材としては注意が必要,5
17073,唐辛子の粉で辛味が強く消化器刺激のリスクがあるため注意が必要,3
11080,牛肉は良質な動物性タンパク源で犬のレシピ素材として適している,9
06202,ゆでた菜花の茎葉で消化しやすく野菜素材として適している,8
01147,から揚げ用プレミックス粉は加工度が高く添加成分が含まれるため用途はあるが注意が必要,5
10061,味付け缶いわしは魚としての利用価値はあるが味付け・加工があるため素材扱いでは注意が必要,5
13003,牛乳はカルシウムなどを含む乳製品として利用可能だが乳糖に対する個体差に配慮が必要,7
01116,米こうじは米由来の発酵素材として風味付けや栄養的補助に利用できる,8
10230,はまふえふき（魚）は良質な動物性タンパク源で犬の素材として適している,9
08005,ゆでたきくらげは食物繊維が豊富で加熱済みのため素材として適している,8
06007,アスパラガスの若茎は低カロリーでビタミン類を含む安全な野菜素材である,8
04097,木綿豆腐は植物性の良質なタンパク源で消化しやすく素材として適している,8
06157,たらのめは山菜として風味があり利用できるが生のままは消化性に配慮が必要,7
01049,蒸し中華めんは炭水化物源として使えるが加工度が高めの素材である,6
06156,赤たまねぎはタマネギ類に含まれる成分により犬に溶血性貧血を起こす危険があるため不可,1
01143,ライ麦粉は穀類の粉として利用可能だが加工粉として扱いに注意が必要,6
07071,さくらんぼの果肉は利用可能だが核（種）は有害なので除去が必要,7
01120,白玉粉はもち米由来の粉で炭水化物源として素材に使いやすい,8
06164,つるな（茎葉）は野菜として安全に利用できる栄養源である,8
10204,からし明太子は魚素材だが辛味や強い味付けがあるため素材としては注意が必要,4
04089,おからは植物性たんぱくと食物繊維が豊富で犬のレシピ素材として利用しやすい,7
11010,牛肉は良質な動物性たんぱく源で犬のレシピ素材として適している,9
07081,プルーンは犬に消化器障害や電解質異常を起こす危険があるため不適切,1
18042,かぼちゃ自体は安全だがクリームや調味が加わったスープは加工度が高く扱いに注意が必要,5
17004,豆板醤は辛味・塩分が強く香辛料として犬向けではない,3
08030,栽培まいたけは食物繊維や栄養があり犬の素材として利用可能,8
01099,おもゆ（米）は消化しやすく良い炭水化物源で犬に適している,9
06061,生のキャベツはビタミン・食物繊維が豊富で犬のレシピ素材として適している,8
13034,カマンベールはタンパク質・カルシウム源になるが脂肪・塩分がやや高め,7
10106,干しかれいは良質な魚由来たんぱくだが乾燥や塩分が含まれる点に注意が必要,8
18022,メンチカツは揚げ物で油分や調味が強く加工度が高いため素材として不向き,3
06393,オレンジピーマン（パプリカ）はビタミンが豊富で犬に与えやすい野菜素材,8
06396,加熱したブロッコリーは栄養価があり犬のレシピ素材として適している,8
11007,牛の脂身は高脂肪で膵炎リスクがあるため使用は慎重にすべき,6
04057,分離大豆たんぱくは高たんぱくな植物性素材として利用できる,8
11163,豚ひき肉は良質なたんぱく源だが脂肪含量や加熱状態に注意が必要,8
06235,白菜の塩漬け（漬物）は塩分や発酵調味が強く素材としては不向き,3
06196,ぬかみそ漬けは塩分や発酵成分が含まれ加工度が高く犬の素材として向かない,3
02030,米でん粉は炭水化物源として使いやすく犬のレシピ素材に適している,8
17086,濃口醤油（減塩含む）は調味料で塩分や発酵成分が強く素材としては不適当,3
10376,魚すり身の加工品で塩分や添加物があるがタンパク源として利用可能。,6
10384,魚のすり身製品で加工度が高く塩分等に注意が必要だが素材として使える。,6
11252,焼き牛ばらは良質な動物性タンパクと脂肪を含みレシピ素材として適する。,9
11144,生の豚肩肉は良質なタンパク源だが脂が多く、調理方法に注意が必要。,7
01137,加工穀物で糖分・加工度が高いが補助的な素材として使える可能性がある。,5
15185,高脂肪・高糖分の菓子類で加工度が高く主原料向きではない。,3
06200,野草の葉で一般に毒性は少なく、葉物として利用可能な素材。,7
11199,マトンのロースは動物性タンパク源として適するが脂が付く点に注意。,8
01068,小麦製の伝統食材（ふ類）で消化性やアレルギーに配慮すれば素材として使える。,7
10359,味付け缶詰のいか加工品は塩分や調味が強い点に留意が必要。,5
07166,果肉部分は柑橘類で風味が強いが栄養源として利用可能（皮・種は除去）。,8
06039,ゆでたかぶの根は消化しやすい野菜で犬のレシピ素材に適する。,9
07144,ライチは糖分が高い果物だが果肉は与えられる場合がある（種は除去）。,6
06133,ゆでた大根は消化に良い根菜で犬用素材として適する。,9
10403,フライのまさばは魚として良質だが揚げ油や衣の分で加工度・脂質が高い。,7
04109,きな粉は大豆由来のタンパク源で砂糖が加わっているため用途に応じた注意が必要。,6
07105,はっさくの果肉は柑橘類として利用できる（皮・種は除去）。,7
15025,ちまきは加熱済みの炭水化物主体の加工食品で主素材には向かないが補助的には使える。,5
06251,ミニパプリカ（果実）はビタミンや食物繊維があり犬のレシピ素材として適する。,9
06347,生のにんじんは栄養価が高く噛みごたえもあり犬の素直な素材として適する。,9
06084,食物繊維が豊富な根菜で、犬のレシピ素材として利用しやすい,8
06241,瓜類の果実で消化に良く利用しやすい（種子は除く）,8
10411,良質な動物性たんぱく源で犬に適した魚類である,9
06406,辛みの少ない唐辛子系の果実でビタミンや食物繊維が豊富,8
17095,調味料・ソースの加工品で香辛料や塩分が高く素材としては不向き,3
10178,調味加工された缶詰で塩分・糖分が高めのため素材としては控えめ,4
06373,鉄分やビタミンを含む葉物だが油で調理された加工品である,6
06350,ネギ類は溶血性貧血を引き起こす成分を含むため犬には禁忌である,1
01162,炭水化物源として利用しやすい穀類で犬向け素材として適切,8
10192,高品質なたんぱく源で犬のレシピ素材として適している魚類である,9
06154,タマネギは溶血性貧血を引き起こす成分を含むため犬には禁忌である,1
15001,加糖された菓子で糖分が高く頻繁な使用には不向きな加工食品である,5
10130,良質な脂質（オメガ3）とたんぱくが豊富な魚で犬に適している,9
07177,果肉は消化に適し酵素を含む食材であり適量で安全に使える,8
06005,食用の葉茎類で有害情報は少なく野菜素材として利用可能である,7
07079,果汁は酸が強く風味が濃いため刺激になり得る点に注意が必要である,4
15164,加糖・加工された菓子で砂糖や油分が多く素材としては不向き,4
04031,大豆は良質なたんぱく源だが煮豆などの加工品は糖分・調味に注意が必要,6
10415,低脂肪の良質なたんぱく源で犬に適した魚介類（殻は除く）である,9
11258,理想的な動物性たんぱく源で犬のレシピ素材として優れている,10
10040,いとよりだいのすり身は良質な魚たんぱく源で犬のレシピ素材として適切。,8
10341,かに類の加工品。カニはたんぱく源として使えるが加工品は塩分や調味料が含まれることがある。,6
04095,油揚げ（大豆由来）は植物性たんぱく源として利用可能だが、甘煮は糖分や調味料が含まれる点に留意。,7
15148,うぐいすもち（もち＋あん）は粘着性が高く窒息や消化負担のリスクがあるため、素材としては適性が低め。,4
01196,即席カップめんは調味料や香辛料、塩分を含む加工度の高い食品で、素材としては不向きな点がある。,3
11205,合鴨（皮つき）は良質なたんぱく源だが脂肪が多めでエネルギーが高い。,8
10390,皮つきのフライ（あじ）は揚げ物で油や衣の影響が大きく、加工食品として扱いに注意が必要。,4
06334,切干しだいこん（ゆで）は食物繊維が豊富で消化に適した野菜素材として利用可能。,8
11011,和牛リブロースは良質なたんぱく源で犬の素材として適切だが脂肪が多めである。,9
01126,そば米（そばごめ）は穀類として利用可能で、犬のレシピ素材として適している。,8
01178,かやきせんべいは加工された小麦製品で調味料や塩分が含まれるため注意が必要。,6
01181,赤米は栄養価のある穀類で犬の素材として利用可能。,8
14016,ラードは動物性脂肪で料理の脂肪源として使えるが脂質が高い点に留意。,7
04101,こしあん（加糖）は砂糖が多く加工度が高いため、素材としては制限がある。,5
03033,はちみつは甘味料として使用できるが糖分が高い点に注意が必要。,7
11261,牛もも肉は良質なたんぱく源で犬のレシピ素材として非常に適切。,9
02038,タピオカパール（乾）はでん粉製品として使用可能だが調理が必要で栄養価は限定的。,7
10056,しらす干し（半乾燥）はカルシウムなどを補える魚原料だが塩分に注意が必要。,8
11172,豚足（ゆで）はコラーゲン源として利用できるが骨や脂肪の処理が必要。,7
14010,パーム核油は植物油脂として使用可能だが飽和脂肪が多い点に留意。,6
17104,しょうゆや砂糖を含む調味料で塩分・糖分が高め。風味付けの調味料として使用される素材。,6
01044,ゆでた小麦麺は消化しやすい炭水化物源だが、たんぱく質等は少ないため補助的素材として適する。,7
10009,骨等が除かれた加熱済み魚で良質なタンパク質と不飽和脂肪酸を供給する安全な素材。,9
15059,加工された米菓で塩分や調味料・添加物を含むことが多く、主素材としては不向き。,5
09021,昆布はミネラルと旨味を与える良い素材だがヨウ素含有量が高めで使用量に配慮が必要。,7
10169,ふかひれはコラーゲンを含む魚由来の素材で消化性が良く、料理素材として使用可能。,7
17029,めんつゆはだしベースの調味液で塩分が高く、調味料としての使用が中心になる素材。,5
10085,めかじきは良質なたんぱく源だが生食は寄生虫や病原性リスクがあるため加熱が望ましい。,6
15062,そばボーロは加工菓子で糖分・油脂を含むことが多く、主原料としては限定的。,5
10226,佃煮は甘辛く煮詰めた加工品で塩分・糖分が高く、犬の素材としては不向き。,3
17084,ベーキングパウダーは調理用の膨張剤で、料理工程での使用は問題ないが単体の食品ではない。,6
10175,開き干しさんまはオメガ3等の栄養は豊富だが、干し・塩分が高めで骨の除去が必要。,6
10020,焼きあまだいは加熱済みの白身魚で良質なタンパク源。骨が除かれていれば安全。,9
07130,まくわうりの果肉は水分・繊維が豊富で安全（果皮・種子は除く）。,8
10125,甘酢漬けは酸味・糖分・塩分が強い調味加工食品で、犬の素材としては適さない場合が多い。,4
06256,ふきの葉柄は食用になる部位で繊維を供給するが、下ごしらえや加熱が必要な場合がある。,7
10442,焼きサーモンはタンパク質とオメガ3が豊富で、骨除去の条件で犬に適した優れた素材。,10
07018,いよかんの果肉相当部は柑橘類の果実で酸味があり、種や皮は除く必要がある。,7
16049,ココアに含まれるテオブロミン・カフェインは犬に有害で、絶対に避けるべき成分を含む。,1
13002,未殺菌の生乳は病原菌混入のリスクがあり、消化不良を起こす犬もいるため注意が必要。,5
06085,茹で済みの根菜で食物繊維やミネラルが豊富。犬のレシピ素材として適している。,8
10368,動物性の良質なタンパク源だが殻や加熱の有無で消化性・安全性が変わるため注意が必要。,6
06023,ビタミンや食物繊維が豊富で犬に与えやすい野菜素材。,8
06027,葉物野菜でビタミン・ミネラル源として適している。,8
02017,生の芋はソラニン等や消化性の観点から加熱が望ましく、生のままでは注意が必要。,5
12010,栄養価の高い食材で良質な脂溶性栄養素を含むが、生は衛生面の注意が必要。,8
01045,炭水化物源として利用可能だが、小麦アレルギーの犬もいるため留意が必要。,7
04096,植物性タンパクと食物繊維が豊富で利用しやすい加工大豆製品。,7
01013,全粒の炭水化物源で栄養価が高いが、消化性に配慮が必要。,7
11024,良質な動物性タンパク源で犬のレシピ素材として適している。,10
01214,胃腸にやさしい粥状の穀物で消化性が高く素材として適している。,9
04063,発酵大豆製品で消化性が良く植物性タンパク源として使いやすい。,7
15099,加工スナックで塩分・油分が含まれることが多く、素材としてはあまり適さない。,5
11040,豊富なタンパク質と脂質を含む良質な肉類だが脂肪分は高めで留意が必要。,9
04018,加熱済みの豆類は消化しやすく栄養源として利用できる。,8
17067,香辛料は消化器刺激や含有成分に注意が必要で、使用は控えめが望ましい。,4
11091,内臓肉で栄養密度が高く良質な素材（ビタミン・ミネラル源）である。,9
11262,良質な動物性タンパク源で犬のレシピ素材として適している。,9
15093,加工クラッカーは脂質・塩分を含むことが多く、素材としては限定的に使う方が良い。,5
15073,高脂肪・高糖の菓子類で犬には不適切になりやすい。,4
17016,米酢は風味付けに使える安全な調味料（酸味が強いため適量で使用）,8
14003,米ぬか油は良質な脂質源で料理素材として適切,9
05045,落花生（ピーナッツ）は脂質が高く消化負担や膵炎リスクがあるため注意が必要,4
01173,茹でたマカロニ類は炭水化物源として使えるが加工品のため主素材としてはやや劣る,6
06181,ヤングコーンは安全な野菜素材で犬のレシピに利用可能,8
01010,麦こがしは穀物として安全で利用可能（消化を考慮）,8
10022,鮎の焼き身は良質な魚たんぱくで犬の素材として適切（骨は除去）,9
10077,おこぜは魚類としてタンパク源に適するが生魚由来のリスクに注意,8
08022,なめこの水煮は食用きのこで調理済みのため利用しやすい,8
10326,桜えびは魚介類で風味付けやたんぱく源に使える（殻の取り扱いに注意）,8
01148,ベーグル等のパン類は加工食品で炭水化物源として使えるが主要たんぱく源としては劣る,6
11122,豚かたロース（脂身含む）は良質な動物性たんぱくと脂質の供給源として適切,9
01146,お好み焼き用プレミックス粉は加工された粉類で利用は可能だが添加物や調理形態に注意,5
10253,本鮪赤身は高品質なたんぱく源で犬のレシピ素材として適切,9
06229,のざわな葉は葉物野菜として栄養源になり得る安全な素材,8
10102,まがれいの焼き身は調理済み魚としてたんぱく源に適し骨の除去が前提,9
01198,即席中華めん（添付調味料含む）は多くの調味料・添加物や塩分・香辛料を含むため犬用素材としては不向き,3
17064,白こしょうは香辛料で消化器刺激の可能性があるため注意が必要,3
04092,つるあずきのゆで物は加熱済みの豆類で炭水化物・たんぱく源として利用可能だが消化性に留意,7
17024,鶏がらだしは風味付けや旨味素材として使えるが成分により塩分等に注意,8
11209,きじは良質な動物性たんぱく源で犬のレシピ素材として適している,9
06191,なすは低カロリーで調理すれば消化しやすい野菜で素材向き,8
16040,茶類はカフェインを含み、犬に神経・心臓への影響を及ぼすため不適切,1
04078,だいず（いり大豆）は植物性たんぱく源として利用可能だが固さにより消化に注意,7
04035,充てん豆腐は消化しやすい植物性たんぱく源で犬の素材として適している,8
10045,煮干しはいわし類の良質な魚たんぱく・カルシウム源で素材向き,9
06305,らっきょうはネギ属に該当し、溶血性貧血を引き起こすため禁忌,1
17148,かつお・昆布だしは魚・海藻由来の風味付けに使えるが調味料としての特徴に注意,7
15044,おのろけ豆はらっかせい（ピーナッツ）製品で、ナッツ類は消化不良や膵炎リスクがある,4
15091,ババロアは乳製品・卵主体の加工デザートで加工度が高く素材としては注意が必要,5
10279,あかがいなどの貝類は良質なたんぱく源だが殻や内臓は除去して調理する必要がある,7
11014,和牛リブロース脂身はエネルギー源になるが脂質が高い点に注意が必要,8
10047,まいわしは良質な魚たんぱくと脂肪酸が豊富で犬の素材として適している,9
14030,ショートニングは加工脂で嗜好性はあるが栄養面では優先度が低く加工度が高い,5
10158,たいせいようさばは良質な魚タンパクと脂肪酸源で素材向き,9
18015,素揚げのミートボールは加工済み惣菜で香辛料や添加物の可能性があり注意が必要,3
02033,さつまいもでん粉は炭水化物源として利用可能でレシピ素材に適する,7
06102,葉しょうが（根茎）は風味付けや消化促進に用いられ、少量であれば安全,8
17009,たまりしょうゆは塩分が高い調味料で風味付けに使えるが過剰は避けるべき,5
11235,鶏もも皮は高脂肪でエネルギー源になるが脂質が多いため使用量に注意が必要,7
07149,りんご由来のストレートジュースは果実由来で犬に与えやすく栄養源として適切（糖分は適量で）。,8
17134,魚醤は発酵調味料で塩分・風味が強く、調味料としては犬の素材としては不向き。,4
06293,モロヘイヤは葉野菜として良質な緑黄色野菜で犬のレシピ素材として適切。,9
08033,マッシュルーム（水煮缶）は栽培種のきのこで加熱処理済み、犬の素材として使いやすい。,8
06111,干しずいきはでんぷん質の茎であるが、生や乾燥のままだと刺激成分が残る場合があり、適切な処理が必要。,6
16062,番茶（緑茶類）はカフェインを含み、犬には有害な影響を与えるため避けるべき。,1
06120,生ぜんまいは下処理が不十分だと有害成分が残ることがあるため、生のままでは注意が必要。,4
06325,わらびは特定の有害成分を含む可能性があり、安全性の観点から慎重に扱う必要がある。,3
11311,しか（鹿肉）は良質な動物性たんぱく源で犬のレシピ素材として適している。,9
10354,さきいかは加工乾燥品で塩分・添加物が多く、犬の素材としては不向き。,4
07093,なつみかんの果肉（砂じょう）は柑橘類の果肉として与えやすく、種・皮を除けば使用可能。,8
10002,あこうだい（白身魚）は良質な魚肉で犬のレシピ素材として適している。,9
10466,あさり（蒸し）は加熱済みの貝類でタンパク源として利用可能だが、殻や内臓は除く必要がある。,8
10304,ばい（生の巻貝）は殻・内臓の除去と加熱が前提であれば素材として使えるが、生は注意が必要。,7
10468,アルゼンチンあかえび（ゆで）は加熱済みの甲殻類で良質なタンパク源だが殻の除去が必要。,8
10082,かじかの佃煮は塩分や糖分の高い加工食品で、素材としては不向き。,3
06265,へちまの果実は水分の多い野菜で消化しやすく、犬のレシピ素材として使いやすい。,8
11130,ぶたもも（脂身つき）は良質な動物性たんぱくで利用可能だが脂肪量には注意が必要。,9
10453,くろまぐろ（赤身・電子レンジ調理済）は加熱された魚で良質なたんぱく源、犬の素材として非常に適している。,10
07168,キウイフルーツ（黄肉種）は果肉部分は与えやすい果物だが、酸味や酵素で口腔に刺激を与える場合がある。,7
16012,ぶどう由来かつアルコールを含み、ぶどう類とアルコールはいずれも犬に有害で危険性が高い。,1
07031,うんしゅうみかんの果汁は果肉由来の成分で一般に与えられるが、酸味や糖分が強いので多量は避けるべき。,7
17135,魚醤は塩分や濃い旨味が強く、単体での使用は適さないが少量の風味付けなら使える。,4
06125,ゆでたそらまめは加熱済みの豆類で繊維や蛋白源として利用可能だが、さやや不溶性部位は除く必要がある。,8
10416,バナメイえびは良質な蛋白源だが、天ぷらの衣や揚げ油で加工されているため脂質・塩分が高く単体では不適切。,4
17002,中濃ソースは多成分の調味料で塩分や香辛料が強く、素材としては注意が必要（少量の風味付け向き）。,3
11107,ビーフジャーキーは肉としての蛋白源は良いが、塩分や保存料・加工が強く素材としてはやや不適当。,5
17074,ナツメグは神経系に影響を及ぼす成分を含み、犬に与えてはいけない。,1
11228,焼きささみは低脂肪で良質な蛋白源であり、犬のレシピ素材として非常に適している。,10
06098,ゆでた若ざや（ささげ）は加熱済みの野菜として安全で、レシピ素材として適切。,8
06240,生のはつかだいこん（ラディッシュ）は低カロリーで消化に良い野菜であり、適した素材。,8
01067,焼きふ（板ふ）は小麦由来の加工品でアレルギーや消化を考慮する必要があるが、素材として使える。,7
06083,こごみの若芽は食用になる山菜だが、生のままだと消化不良を起こすことがあるため加熱が望ましい。,6
15111,バタースコッチは高糖分・高カロリーの菓子で栄養価が低く、素材としては適さない。,4
13021,コーヒーホワイトナーは乳・植物性脂肪を多く含み脂質が高く、頻繁な使用は適さないが少量なら問題ない。,5
15052,落花生入りのせんべいは加工菓子で脂質・塩分が高く、ピーナッツは消化負担や膵炎リスクに注意が必要。,4
17026,備考に玉ねぎが含まれると明記されており、玉ねぎは犬に有害であるため使用不可。,1
09020,刻み昆布は海藻類でミネラル源になり得るが、ヨウ素過多に注意しつつ適量であれば利用可能。,8
10300,生のつぶ（貝）は蛋白源として有用だが生食は病原性やアレルギーのリスクがあるため加熱が望ましい。,7
15086,カスタードプリンは糖分・乳成分が多く栄養価が偏るため、素材としては適さないことが多い。,4
13058,リコッタは良質な乳たんぱく・脂質源で犬のレシピ素材として使いやすい。,8
10333,毛がにの身は良質な動物性たんぱくで利用可能（殻・内臓は除去）。,8
01077,パン粉は小麦由来の炭水化物素材として利用できるが加工品である点に留意。,7
15031,栗あん入りまんじゅうは砂糖等を多く含む加工菓子で、素材としては加工度が高い。,5
10281,あさりの身は良質なたんぱく源だが殻は除去する必要がある。,7
02012,さといもは加熱して用いることで利用できるが、生のままでは刺激成分に注意。,6
01202,即席カップめんは調味料を含む複合加工食品で塩分・香辛料などが多く素材向きではない。,4
15072,チョコレート（テオブロミン）を含むため犬にとって有害で使用不可。,1
13039,ブルーチーズはチーズ類として栄養源になり得るが、青カビ製品は注意が必要。,6
10134,しろさけは良質なたんぱく源だが生の状態では寄生虫等のリスクがあるため加熱が望ましい。,8
08055,ぶなしめじ（素揚げ）は栽培品のキノコで食用可能だが揚げ調理は脂質が高め。,7
01209,クロワッサンは高脂肪・加工度の高いパン類で頻繁な使用は適さないが少量なら可。,5
06187,トレビスの葉は葉物野菜としてビタミン・繊維源になり得る。,8
01129,干しそばは加熱して与えれば利用可能な穀類系素材（小麦含有に注意）。,7
08045,はたけしめじ（ゆで）は加熱済みのきのこで犬の素材として適している。,8
04019,そらまめは豆類として植物性たんぱく源になり得るが消化に個体差がある。,7
04104,青大豆（乾）は大豆由来のたんぱく源で加熱処理により利用しやすい。,7
07164,グレープフルーツ果肉は酸味が強く消化器刺激の可能性があるため使用は控えめに。,5
18008,いかフライ冷凍は揚げ物の加工食品で脂質・塩分が高めのため素材としては不向き。,4
03026,異性化液糖は高糖分の甘味料で栄養価が低く多用は避けるべき素材。,5
11051,牛もも肉は良質な動物性たんぱく源で犬のレシピ素材として適する。,9
11072,サーロインの赤身は良質なたんぱく源で扱いやすい部位。,9
06087,ゆでた小松菜の葉は消化に優れ、ビタミン・ミネラル源として適する。,8
11151,豚ロースは良質なたんぱく源で犬のレシピ素材として適している。,9
06253,甘酢漬けの野菜は風味付けに使えるが、調味による塩分・糖分・酸味に注意が必要。,6
11189,フランクフルトは加工肉で塩分や添加物・香辛料が多い可能性があり、素材としては注意が必要。,4
04030,きな粉は大豆由来の良質な植物性たんぱくで、風味付けや栄養補助に適する。,7
02056,ごま豆腐はごま由来の風味とでん粉の組み合わせで消化しやすく使いやすい素材。,6
10398,めかじきの焼き切り身は良質な魚由来たんぱくと脂肪酸を供給する良い素材。,9
16047,缶コーヒーなどのコーヒー飲料はカフェインを含み、神経・心臓に有害で使用不可。,1
06053,からしな（塩漬）は塩分が高くなりがちで、過剰摂取に注意が必要。,7
17131,かつおだし（本枯れ節）は風味付けに適するが、だしの塩分に注意する必要がある。,7
07099,濃縮還元のパイナップル果実飲料は果実由来の栄養があるが糖分が高い点に注意。,7
04033,絹ごし豆腐は消化の良い植物性たんぱくで犬の食材として適している。,8
11279,とんかつは衣と揚げ調理により油分・塩分が高く、複合調理済み食品として注意が必要。,3
06049,ゆでた西洋かぼちゃは消化が良く、ビタミンや食物繊維が豊富で犬に適した素材。,9
10410,養殖ひらめの生切り身は良質なたんぱく源として利用できる。,9
11018,和牛ばら（脂身つき）は風味は良いが脂肪が多く、高脂肪食に注意が必要。,8
01101,精白米のおもゆは消化が良い炭水化物源で犬のレシピに適している。,9
16063,ほうじ茶などの茶類はカフェインを含み、犬にとって有害となり得る。,1
16054,炭酸飲料で糖分・炭酸が多く、犬の素材としては適さない,5
04115,大豆由来の発酵食品でタンパク質・食物繊維の供給源として利用可能,7
06089,葉物野菜で消化に良く犬のレシピ素材として適している,8
10283,加熱済みの貝類で良質なタンパク源。缶詰の加工形態に留意,8
13051,乳糖を含み個体によっては消化不良を起こすことがあるため一般的には慎重に扱う,5
15077,揚げ菓子で加工度が高く脂質・糖質が多いので素材としては不向き,5
16018,アルコール含有で犬に有害（中枢神経抑制など）,1
07089,果肉自体は安全だがシロップ漬けの加工品で糖分が多く使用に注意が必要,6
15156,砂糖や油脂を多く含む加工菓子で複合調理品として素材向きではない,4
06243,根菜で栄養価があり犬のレシピ素材として適している,8
04047,大豆の発酵食品でタンパク・食物繊維源として利用可能,7
11044,良質なタンパク源で犬のレシピ素材として適している,9
06234,ゆでた葉物野菜で消化されやすく素材として適している,8
10004,加熱済みの魚で良質なたんぱく質と脂肪酸の供給源として適している,9
11062,良質な赤身肉で犬のレシピ素材として適している,9
07020,塩漬けの梅で塩分が高く加工食品として使用は注意が必要,5
01046,ゆでた小麦麺で炭水化物源として使用可能,7
12013,卵黄は良質な脂質・タンパク源で犬のレシピ素材として適している,9
06377,ゆでた葉物野菜で消化に良く素材として適している,8
06372,栄養はあるがシュウ酸を含むため使用量に注意が必要,7
17116,和風ドレッシングは調味料で風味や塩分が強いが、調味や脂質源として素材利用可能,6
15173,デニッシュペストリーは高糖質・高脂肪の加工菓子で素材としては適さない場合が多い,5
06375,グリンピースは良質な植物性タンパク・食物繊維源で、油いための調理済みでも素材として使える,8
15033,蒸しまんじゅう（こしあん）は砂糖や小麦を多く含む和菓子で原材料としては加工度が高い,5
14002,ごま油は脂質源として風味付けに利用できる安全な植物油,7
15049,小麦粉せんべいは加工度の高いスナック類で塩分や添加物に留意が必要,5
07076,シークヮーサー果実飲料は柑橘由来の酸味と風味があり、柑橘成分として利用に注意が必要,6
11133,ゆで豚もも（皮下脂肪なし）は良質な加熱済みの動物性タンパク源で適している,9
17006,ラー油は辛味成分を含み消化器刺激を与える可能性があるため素材利用は注意が必要,3
16046,インスタントコーヒーはカフェインを含み犬に有害なため与えてはいけない,1
11104,ローストビーフは良質な動物性タンパク源で犬のレシピ素材として適している,9
11036,生の牛かたロースは良質なタンパク源で素材として利用可能,9
10371,ゆでしゃこ（むきみ）は加熱済みのえび類で動物性タンパク源として利用できる,8
01151,精白もち米は消化しやすい炭水化物源でレシピ素材として適する,9
06257,ゆでたふき葉柄は加熱済みの野菜素材として利用可能,7
13032,エメンタール等のナチュラルチーズは良質な脂質・タンパク源で一部の犬に利用される,8
15040,蒸しようかんは砂糖を多く含む和菓子で加工度が高く原材料としては不向きな場合が多い,5
11278,焼き豚ヒレ（赤肉）は低脂肪の良質タンパク源で犬のレシピ素材として適している,9
08004,乾燥あらげきくらげは食物繊維が豊富な安全なきのこ類で素材として使いやすい,8
10431,さくらえび（生・殻付き）は動物性タンパク源だが殻の有無に注意して利用する,8
15058,加工された米菓で砂糖や塩分が高めのことが多く、素材としては頻用に向かない,5
17110,調味料で塩分・酸味が強く、単独で素材として使うのは適さない,3
11254,牛肉は良質なタンパク源で犬のレシピ素材として適している（脂肪量には注意）,9
06086,小松菜は葉物野菜でミネラルや食物繊維があり犬の素材として適切,9
05024,蓮（はす）の乾燥物はでんぷん質があり適量であれば利用可能な素材,7
09006,あらめ（海藻類）はミネラル源として利用できるがヨウ素など含有に注意,7
11265,牛もも肉は赤身の良質なたんぱく源で犬の素材として適切,9
16029,アルコール飲料はエタノールを含み犬にとって有害で使用不可,1
15133,タルト等の洋菓子は高脂肪・高糖質の加工食品で素材としては不向き,5
06236,キムチはにんにくや刺激性の香辛料、塩分を含むため犬には不適切（禁忌成分を含む）,1
01063,乾燥マカロニは炭水化物源として利用可能な素材,8
10068,うなぎの肝は内臓肉で栄養が濃縮されるため使用量に注意が必要だが素材としては利用可能,6
11257,脂肪を取り除いた牛リブロースは良質なたんぱく源で素材として適切,9
04015,塩豆（えんどう）はたんぱく質源になり得るが塩分が付いている点に注意,6
11032,牛かた肉は赤身の良質なたんぱく源で犬の素材として適切,9
08009,しろきくらげ（ゆで）は食物繊維や食感の素材として利用可能で安全性が高い,8
04020,そらまめの揚げ物は加工度が高く脂質や塩分があるため常用には不向き,5
10052,丸干しいわしは魚の良いたんぱく源だが塩分や小骨に注意が必要,7
08043,しいたけ（ゆで）は安全で風味付けや食物繊維源として適切,9
17117,ごまドレッシングは油脂や塩分・添加物が多く調味料としては素材向きではない,4
10299,良質な動物性タンパク源。加熱してから使うと安全性が高まる,7
10267,白身魚で良質なタンパク源。犬のレシピ素材として適切,9
11203,ラム肉は良質なタンパクと脂質を供給する優れた素材,9
15101,加工度の高いスナック菓子で原材料としては利用しにくい,5
06376,葉物野菜で繊維やビタミン源。レシピ素材として適切,8
12002,うずら卵は良質なタンパク源。加熱調理でより安全に利用できる,9
11043,牛サーロインは高品質なたんぱく源だが脂肪分が高め,9
17142,濃縮ラーメンスープは塩分や強い香味が含まれる調味料的な食品,3
10369,茹でたおきあみは海産の良いタンパク源だが塩分・加工度に注意,8
06401,豆類の一種で栄養価はあるが生のままでは消化しにくい場合がある,6
02010,里芋は生に刺激成分を含むため、加熱してから使用する必要がある,6
13001,生乳は栄養価が高いが未殺菌や乳糖による消化の個体差に注意,6
02004,こんにゃくは低カロリーの食物繊維源だが形状による誤嚥・閉塞に注意,6
07182,カシスは抗酸化物質を含む果実で、少量であれば利用可能,7
06210,ニラは犬に溶血性貧血を引き起こす成分を含むため与えてはいけない,1
14011,ひまわり油は安全な脂質供給源として適切,9
06369,大根は消化しやすい野菜でレシピ素材として適切,9
10240,甘露煮は調味された加工食品で塩分・糖分が高く素材としては不向き,4
06226,長ねぎ（根深ねぎ）は犬に有害な成分を含み、少量でも危険,1
04046,納豆は発酵大豆食品で植物性たんぱくやプロバイオティクスを含む素材,7
10137,鮭は良質な動物性たんぱく源で犬のレシピ素材として適切,9
01125,そば粉は穀類の一種で消化性が良く素材として使える,7
17014,精製塩は調味料として微量利用できるが多用は避けるべき,6
11015,牛サーロインは良質なたんぱく源だが脂肪分が高い点に注意が必要,8
15140,つぶしあん（あんこ）は加糖の加工食品で使用は限定的に留めるべき,5
06304,落花生（ピーナッツ）はナッツ類で消化不良や膵炎リスクがあるため注意が必要,4
06289,もやしは低カロリーでビタミン・食物繊維があり素材として適している,8
10150,焼き鮭は加熱済みの良質なたんぱく源で犬のレシピに適している,9
17081,わさびは胃腸を刺激する香辛料で犬には刺激が強いため注意が必要,3
09030,とさかのりなどの海藻はミネラル源として有用だがヨウ素過多に注意,7
06301,よもぎは伝統的に食用される葉物だが一部の犬で消化器症状を起こすことがある,6
16014,焼酎などのアルコール類は中枢抑制や中毒を引き起こすため犬には有害,1
01200,即席カップめんは加工品で塩分や添加物が多く犬の素材としては不向き,3
06059,食用の菊の花は調理済みであればトッピング等に使える素材,7
10187,一般的な食用魚（シルバー）は良質なたんぱく源で素材として適切,9
06319,ルッコラは葉物野菜として利用できるが刺激のある風味に注意,8
06408,にんじんはビタミン・食物繊維が豊富で犬のレシピ素材として適している,9
11070,輸入牛リブロースは良質なたんぱく源だが脂肪分が高い点に注意,8
11097,牛の第四胃（トライプ）は加熱済みで栄養価が高く犬の素材として使える,8
11255,焼きリブロースは加熱済みの良質なたんぱく源で犬のレシピに適している,9
05022,あく抜き済みの蒸しとちは炭水化物源として利用可能で犬に与えやすい,7
16004,アルコール含有の飲料で犬に有害となるため禁止,1
15042,揚げ菓子で糖分・脂質が高く加工度が高いため素材利用は限定的,5
17040,ドレッシングは塩分・油脂や香辛料を含む調味料で使用は限定的,5
10233,生のひらまさは良質なたんぱく源で犬の素材として適する,9
15004,あん入りの和生菓子は糖分・加工度が高く素材利用は限定的,5
18056,春巻きは複合調理済みの揚げ食品で調味や油分が多く素材として注意が必要,4
08029,ゆでたまいたけは加熱済みの食用きのこで栄養源として利用しやすい,8
10373,このわたは塩辛い内臓加工品で塩分や風味が強く素材としては制限が必要,4
11303,ロースハムはたんぱく源になるが加工肉で塩分・添加物に注意,6
09016,素干しこんぶはミネラル供給源として有用だがヨウ素含量に留意,7
17034,食塩無添加のトマトピューレは安全で旨味・栄養源として使いやすい,8
18057,冷凍調理のチャーハンは複合調理済みで調味・油分が多く素材利用は不向き,3
10159,水煮のさばは良質なたんぱく源で犬の素材として適している,9
09034,ふのりは海藻でミネラルと繊維が得られるが摂取量は管理が必要,7
16022,梅酒はアルコール含有のため犬に有害となるため禁止,1
10297,生しじみは貝類のたんぱく源として利用可能。殻は除去して使う,7
10225,はぜは一般的な魚類で良質なたんぱく源。下処理を行えば適する,8
07110,未熟なパパイアは消化器刺激成分を含む場合があり注意が必要,5
03001,黒砂糖は糖類でエネルギー源として使えるが糖分が高い点に注意,6
17058,辛味成分で消化器を刺激するため、犬には注意が必要な香辛料です。,3
15119,チューインガムはキシリトール含有や誤飲・窒息の危険があり犬には不適切です。,2
04111,小豆のあんは小豆自体は問題ないが甘味のある加工品で加工度が高い点に注意が必要です。,5
05001,アーモンドはナッツ類で消化不良や膵炎リスクがあるため注意が必要です。,4
06166,茹でたつるむらさきは消化に良く栄養価もある安全な葉茎野菜です。,9
10353,するめは良質な海産タンパクだが乾燥により硬さや塩分が高い場合があり注意が必要です。,7
07165,柑橘類の果肉は少量なら与えられることが多いが、皮や種は除去する必要があります。,7
07042,オレンジ果汁は酸味と糖分が強く胃に負担がかかることがあるため慎重に扱うべきです。,6
06002,茹でたアーティチョークは食物繊維豊富で安全な野菜素材です。,8
07147,竜眼（乾）は果肉自体は問題ないが、乾燥品は糖分が凝縮している点に注意が必要です。,7
10372,なまこは海産の良質タンパク源で、内臓等を除去すれば利用可能です。,8
06228,小ねぎはネギ類で、溶血性貧血を引き起こす成分を含むため危険です。,1
10265,白身魚（あいなめ）は良質なタンパク源だが生は寄生虫等のリスクに注意が必要です。,9
18037,ひじきの煮付けは味付けされた惣菜で調味料や海藻特有の成分に注意が必要です。,3
07067,グレープフルーツは特定成分に注意が必要で、缶詰のシロップ等で加工度も高い点に注意が必要です。,5
15060,醤油せんべいは加工スナックで塩分や調味料が多く犬の素材としては適さない点があります。,5
10208,塩だらは良質な魚だが塩漬けで塩分が高い点に注意が必要です。,6
13016,植物性クリームは脂肪分が高く、消化負担や高脂肪食のリスクがあるため注意が必要です。,5
04110,砂糖入りきな粉は大豆由来でタンパク源になるが加糖で加工度が高い点に注意が必要です。,6
06320,わけぎはネギ属で、溶血性貧血を引き起こす成分を含むため危険です。,1
11238,鳩肉は良質な動物性タンパク源で、犬のレシピ素材として適している,9
05016,ココナッツは脂質が多くエネルギー源になるが高脂肪のため使用量に注意が必要,6
07132,マンゴーの果肉はビタミンや食物繊維があり犬に与えられる（種・皮は除く）,8
06313,レタス類の葉は水分・食物繊維が豊富で犬のレシピ素材として問題ない,9
04085,油揚げ（大豆由来）は植物性タンパク源となるが加工品で脂質・塩分に注意が必要,6
17043,マヨネーズは高脂質で加工度が高く、犬の主素材としては適さない,4
17001,ウスターソースは塩分・香辛料が含まれる複合調味料で犬の素材として適さない,3
11069,牛リブロースは良質なタンパク質と脂肪を供給する優れた素材である,10
15070,クリームパンは高糖質・乳製品・加工度が高く犬のレシピ素材として不適切,4
01187,半生中華めんは炭水化物源として使えるが精製度が高く単体での栄養価は限定的,6
01112,焼きおにぎりは主に米の炭水化物源で利用可能だが、付加された醤油等の塩分に注意が必要,6
14005,大豆油は脂肪酸供給源として利用可能だが高エネルギーのため量に注意が必要,7
16016,ウイスキーなどのアルコール飲料はエタノール中毒を引き起こすため犬には有害で与えてはいけない,1
11048,牛もも（皮下脂肪なし）は低脂肪の良質なタンパク源で犬のレシピ素材として適している,10
06363,うるいの葉は一般的な食用山菜で、葉物野菜として犬に与えやすい,8
07052,かぼす果汁は酸が強く消化器に刺激を与えることがあるため使用に注意が必要,5
10377,昆布巻きかまぼこは魚由来でタンパク源になるが加工品で塩分・添加物に注意が必要,6
10437,天ぷらのサーモンは鮭自体は良質だが揚げ物で油脂・衣が多く加工度が高い,5
11315,ベーコンは高塩分・高脂肪の加工肉で犬のレシピ素材として不適切,3
08020,なめこは可食のきのこで犬に与えやすく、レシピ素材として適している,8
11177,豚のショルダーハムは良質なたんぱく源だが加工品で塩分や保存料・発色剤が含まれることがあり、犬の主原料としてはやや不向き,6
09028,てんぐさ（寒天）は消化に良い食物繊維で増粘剤や嗜好性向上に適する安全な素材,9
10088,そうだがつお（生）は良質な魚たんぱくで犬のレシピ素材として適している,9
06139,たくあん漬は塩分や漬け調味料が多く含まれる加工食品のため、素材としては注意が必要,4
10319,あまえび（生）は良質なたんぱく源だが殻や内臓の除去と鮮度管理が必要,8
07101,パインアップルの果実飲料（10%果汁）は加糖・加工飲料で果実由来成分が少なく、素材としては限定的,5
06299,ようさい（茎葉・ゆで）は一般に犬に安全な緑黄色野菜類で、調理済みの葉茎として利用しやすい,8
03012,しょ糖型液糖は高糖分の甘味料で単体では栄養素材としては不適だが風味付けには用いられる,5
06277,根みつば（ゆで）は香味野菜として安全で、少量の風味付けに適する,8
13043,アイスクリームは乳脂肪・糖分が高く乳糖不耐症や高脂肪による問題の懸念があるため主素材には不向き,5
09014,がごめこんぶはミネラルや食物繊維を含むがヨウ素含有量が高めのため適量管理が必要,8
06218,きんとき（にんじん類・生）はビタミンや食物繊維が豊富で犬のレシピ素材として適している,9
11016,和牛サーロイン（生）は良質なたんぱく・脂質源で犬のレシピ素材として理想的,10
09037,おきなわもずく（塩蔵・塩抜き）は海藻由来の食物繊維やミネラルを含み、適切に処理されたものは利用可能,8
04017,ささげ（全粒・乾）は植物性たんぱくや食物繊維源だが調理が必要で消化性に配慮が必要,7
10092,削り節は良質な魚たんぱくと旨味があり風味付けや栄養補助に適する,9
15123,五平もち（みそだれ付き）は加工済みの複合食品で塩分や調味が濃いため素材としては不向き,3
02003,こんにゃくは低カロリーで食物繊維が豊富だが形状による窒息リスクに注意が必要,8
04034,ソフト豆腐は消化しやすい植物性たんぱくで多くの犬に適した素材,8
10217,にぎす（生）は魚類として良質なたんぱく源で犬のレシピ素材に適している,9
07073,ザクロは犬に消化器障害や悪影響を与える可能性があるため原料として不適切と判断される。,2
04023,乾燥黄大豆は良質な植物性タンパク源で調理して使用すれば素材として適切。,7
05043,ゆでたはす（蓮の実・蓮根等の可食部）は消化しやすく犬の素材として問題ない。,8
10278,わかさぎのあめ煮は魚類としての栄養価は高いが加工品である点を踏まえ使用に注意が必要。,8
06141,べったら漬は塩分や加工の影響があるため素材としては加減が必要な加工食品である。,4
05017,ごまは少量であれば良質な脂肪や微量栄養を補える安全な素材である。,8
10291,エスカルゴ（加熱済み缶詰）は除菌・加熱されておりタンパク源として使用可能である。,8
06269,冷凍ほうれんそうは鉄やビタミンが含まれるがシュウ酸に注意して適量で使える。,7
08010,くろあわびたけなどの栽培食用きのこは一般に犬が摂取して問題ない素材である。,8
01169,ライスペーパーは消化しやすい炭水化物源として犬のレシピ素材に適している。,8
05002,味付けしたフライのアーモンドはナッツ類で消化負担や脂肪負荷があり加工もされているため注意が必要。,4
10207,まだらのしらこ（生）は魚類の良質な部位だが生食は寄生虫等のリスクがあるため扱いに注意が必要。,7
01127,生そば（そば粉含有）は犬に与えられる炭水化物源として利用可能だが小麦等の混合成分に留意。,7
01064,ゆでたマカロニ・スパゲッティは消化しやすい炭水化物源で犬のレシピ素材として適切。,8
10023,天然あゆの内臓（生）は栄養価が高いが内臓や生食の取り扱いに注意が必要である。,7
07108,乾燥バナナは可食で糖分が濃縮されているため量に注意すれば素材として利用できる。,7
05014,くるみは犬に対して毒性や神経症状を引き起こす可能性があるため使用不可である。,1
04086,油揚げ（油抜き・ゆで）は大豆由来のタンパク源として使えるが脂分・塩分に注意が必要な加工食品である。,7
18019,いかフライは揚げ物の加工食品で消化負担や添加物の影響があるため素材としては注意が必要。,4
09043,水戻ししたわかめはヨウ素を多く含むが少量であれば問題なく犬のレシピに使える海藻類である。,7
02036,でん粉由来の乾燥麺で消化しやすい炭水化物源として利用可能,7
02041,加熱済みの塊茎で可食だが、イヌによっては消化でガスを起こしやすい,6
04010,豆を原料とした滑らかなあんで栄養源として使えるが、豆製品は消化でガスが出ることがある,7
17109,乳製品と小麦をベースにしたソースで脂肪・乳糖が多く犬によっては消化しにくい場合がある,5
16036,緑茶はカフェインを含み、犬にとって神経・心臓に影響を及ぼすため不適切,1
01031,焼きパンは一般に消化可能な炭水化物源だが高塩分・高脂質の添加に注意,8
06161,ゆでた青菜でビタミン・葉野菜として適切（茎や硬い部分は除去前提）,9
11165,豚の心臓は良質な臓器タンパク源で犬の食材として適している,9
10119,養殖の鯉は魚由来のタンパク源として利用可能だが生食による寄生虫や衛生に注意,8
10038,いしだいは魚類として良質なタンパク源だが生食の衛生リスクに注意,8
07107,バナナは果肉が消化しやすく犬に与えて問題ない果物の一つ,8
10455,赤身のまぐろ（ソテー）は良質なタンパク質で犬のレシピ素材として適している,9
15152,和菓子で糖分・塩分が高く加工食品のため犬用素材としては注意が必要,3
06184,加熱済みトマトの果肉は犬に与えやすいが未熟な葉・茎は除去が必要,8
18049,麻婆豆腐は香辛料やネギ類を含むことが多く消化刺激が強いため注意が必要,3
04043,発酵・塩分の高い豆腐ようは風味が強く塩分や添加成分に注意が必要,4
01139,精白したひえは穀類として使いやすく犬のレシピ素材に適している,8
06333,油でいためたキャベツは加熱により消化しやすく野菜として適切（過度の脂は注意）,8
07153,りんごの果肉は犬に適するが缶詰は加工糖分が多い点に注意,8
01163,白色種のコーンミールは穀類として利用でき、犬のレシピ素材として適している,9
10033,小型魚で良質な動物性タンパク源。骨は調理で除去すればレシピ素材として適する。,9
09040,わかめはミネラルと食物繊維が豊富で安全に使える海藻類の素材。,8
02002,こんにゃくは低カロリーで食物繊維源として利用可能だが、飲み込みやすさに注意。,7
02064,加熱したじゃがいもは消化しやすく犬に適した素材。ただし緑化部や芽は除く。,8
04028,水煮大豆は植物性タンパク源として使用可能。消化性に配慮して調理する。,7
16055,麦茶の浸出液は無害だが栄養価は低く風味付け等に適する。,7
11068,牛リブロースは良質なタンパク質と脂肪源で犬のレシピ素材として非常に適している。,10
02042,赤こんにゃくは着色以外はこんにゃくと同様で、食物繊維源として利用可能。,7
16060,アルコールは犬に有害で中枢神経や代謝に影響を及ぼすため使用不可。,1
07012,いちごは果肉が安全でビタミンや水分の供給源として適する。,8
17099,三杯酢は酢・しょうゆ・砂糖を含む調味料で、酸味や塩分に注意して少量使用する。,6
11160,豚そとももは良質な赤身タンパク源で犬のレシピ素材として適している。,9
04001,あずきは加熱調理すれば利用可能だが、生乾燥のままでは消化性に注意。,6
17100,二杯酢は調味料で酸味と塩分があるため使用量に注意が必要。,6
01136,ポップコーン用とうもろこしは原料として問題ないが、形状や調理法に注意。,7
11026,和牛ランプは高品質なタンパク質・脂肪源で犬のレシピ素材として適している。,10
06193,べいなす（果実）は果肉が安全で、調理して与えるのが望ましい。,7
01192,即席めんは油分・塩分や添加物が多い加工食品で、素材としては不向き。,3
17005,チリペッパーソースなどの辛味調味料は消化器を刺激し犬には適さない。,3
04037,ゆし豆腐は良質な植物性タンパク源で犬のレシピ素材として適している。,9
10252,生のまぐろは良質な動物性タンパク源で犬の素材として適切,9
04029,大豆（きな粉）は植物性タンパク源として使えるが加工品のため汎用性はやや低め,7
07136,ももの果肉は犬に与えて問題ない良い果物素材（種は除去前提）,8
10385,はんぺんは魚由来の加工品で使えるが加工度が高く塩分・添加物に注意,6
11022,牛もも（脂身部）は良質な動物性原料だが脂肪が多めで量に注意が必要,7
01050,干し中華めんは炭水化物源として利用可能な加工穀類,7
11289,から揚げは揚げ物・調味済みの惣菜にあたり適合性が低い（油分・調味料に注意）,4
06368,大根（おろし汁）は消化に良い野菜原料で犬の素材として適切,9
02040,春雨（でん粉製品）は消化可能な炭水化物源として利用できる,8
14024,えごま油は良質な脂肪酸源で犬のレシピ素材として適切,9
10256,みなみまぐろ（赤身）は良質な動物性タンパク源で適切,9
01150,冷めん（小麦）は炭水化物源として使えるが加工穀類である,7
01073,小麦たんぱくペーストはタンパク源として利用可能だがアレルギーや加工性に注意,6
15177,ケーキドーナッツは高脂質・高糖質の加工菓子で素材適性は低い,3
02050,セレベス（里芋類）は加熱すると良い炭水化物源だが生は刺激成分が残るため注意,4
11157,豚もも（脂身部）は動物性原料として利用可能だが脂肪量に注意が必要,7
07092,缶詰の西洋なし（シロップ漬）は果実自体は安全だが砂糖漬けの加工品である点に注意,6
10027,あゆの内臓は栄養価が高い臓器類であるが取り扱いと量の管理が必要,7
17083,乾燥パン酵母は一般に安全な発酵菌製品で補助的素材として利用できる,8
15146,今川焼（カスタード）は加工菓子で高脂質・高糖質のため素材適性は低い,3
06068,きゅうりは犬に安全な野菜。ぬか漬は加工品だが素材として使用可能,8
09055,ひじきは海藻類の食品で植物性の栄養源として使える。油炒めは加工度がある,6
03005,ざらめ・グラニュー糖は調味や嗜好性付与の素材として利用可能だが栄養源としては限定的,5
15098,ソフトビスケットは加工度が高く糖・脂を含むがトッピングなど限定的に利用可能,5
11089,牛ひき肉は良質な動物性タンパク源で犬のレシピ素材として適切,9
10105,子持ちがれいの水煮は加熱済みの魚で良質なたんぱく源として適する,9
17015,穀物酢は酸味のある調味料で風味付けに使用できる,6
01128,ゆでそばは炭水化物源として利用できる加工済み食材,7
07034,うんしゅうみかん果汁は柑橘由来の風味付け素材だが加工飲料である点に留意,6
15102,コーンスナックは加工度が高く塩・油を含むため素材としては限定的,4
07135,メロンの果肉は水分と糖分を含む安全な果物でレシピ素材に適する,8
11047,牛もも（脂身つき）は良質なタンパク質とエネルギー源として適切,9
17012,食塩は調味料として使えるが単体の主要素材としては限定的,3
06198,なすのからし漬は漬物かつ辛味成分を含むため刺激に注意が必要な加工品,4
17145,米みそ（だし入り）は発酵調味料として風味付けに使用可能,6
09027,角寒天（てんぐさ由来の寒天）は植物性の増粘材で犬に安全な素材,8
10397,アンチョビは魚由来の旨味源として使えるが加工度が高い点に注意,6
12005,ゆで全卵は良質なタンパク質と脂質を含む安全な食材,9
08039,生しいたけは食用きのこで風味と食物繊維を提供する安全な素材,8
10383,つみれは魚由来の練り製品で蛋白源として使えるが加工品である点に留意,6
13011,乳製品で栄養源になるが、一部の犬は乳糖不耐で消化不良を起こすことがあるため注意が必要。,7
15056,米菓のため主成分はでんぷんだが、砂糖や塩などの加工が多く頻用は不向き。,5
02014,加熱済みの里芋類で消化しやすく一般に安全。,8
10198,魚は良質な蛋白源だが、生の魚は寄生虫や生食リスクがあるため加熱が望ましい。,7
16023,アルコールを含み、中枢神経抑制など犬に有害な影響を及ぼす。,1
16059,アルコール含有飲料で犬に有害な影響を起こす可能性がある。,1
15022,餅菓子で糖分や加工成分が多く、常用の素材としては適さない。,5
06387,葉物野菜で犬に与えて問題ない食材。,8
06353,ウリ科の果実で果肉は安全だが、種子は除去する必要がある。,8
11270,焼き牛もも（脂肪少なめ）は良質な蛋白源で犬の素材として非常に適している。,10
18047,複合調理済みの中華惣菜は調味料や加工成分が多く、素材としては不向き。,3
04003,加熱済みの小豆は可だが、缶詰は糖分やシロップが多い点に注意が必要。,6
06138,漬物は塩分や発酵調味料が高く、素材としての利用は注意が必要。,4
11030,牛肩肉は良質な蛋白源だが脂身つきは脂肪量が高く消化負担に注意が必要。,8
07128,ホワイトサポテの果肉は食用で安全だが、果皮や種子は除去する必要がある。,7
10170,さよりは良質なたんぱく源だが、生魚は寄生虫リスクがあるため加熱が望ましい。,8
15003,甘納豆は糖分の多い加工食品で過剰摂取は不適。,5
12021,加熱した卵は良質なたんぱく源で犬の素材として適している（調理油に注意）。,9
01141,もろこし（精白粒）は消化しやすい炭水化物源で犬に適する。,8
01111,塩むすびは主成分が米で安全だが塩分を含むため量に注意が必要。,8
11305,ロースハムは加工肉で塩分や添加物が多く、揚げ調理により脂質も高めで素材としてはやや不向き。,5
10039,いとよりだいは良質な魚のたんぱく源で犬のレシピ素材として適している。,9
16028,キュラソーはアルコール含有で犬に中毒を起こすため絶対に不可。,1
07010,あんずジャムは果実自体は問題ないが砂糖などで強く加工されており使用は限定的。,5
15021,桜もち等の和生菓子は砂糖・小麦などの加工成分が多く、素材としては不向き。,3
01083,精白米（うるち米）は消化しやすい炭水化物で犬のレシピ素材として適している。,9
14012,綿実油は脂肪源として利用できるが量に注意が必要な油脂類。,8
10228,はたはたは良質な魚でたんぱく源として適した素材である。,9
17101,すし酢は酢・砂糖・食塩を含む調味料で、使用量や塩分に注意が必要。,5
11162,豚ヒレ（赤肉、生）は脂肪が少なく良質な蛋白源で犬の素材として理想的。,10
11290,から揚げは揚げ調理と下味で脂質や塩分が高く、加工度の高い食品である。,4
01052,沖縄そば（生麺）は小麦由来の炭水化物源として使えるが加工食品である。,6
07103,砂糖漬けのパインは果肉自体は安全だが加糖による加工品で使用は限定的。,5
07175,缶詰のもも果肉は果肉自体は許容されるがシロップ等で加工されている点に注意。,6
17048,豆みそは発酵調味料で塩分が高く、調味料として限定的に使用すべき。,5
15159,まんじゅう等の和菓子は砂糖・小麦が多い加工食品で素材向きではない。,4
10432,みずだこは低脂肪で良質な魚介たんぱくで犬の素材として適している。,9
18052,豆腐ハンバーグは豆腐など安全な原料を含むが加工品で調味等に注意が必要。,6
07070,さくらんぼの果肉は与えられるが、核（種）は除去する必要がある。,7
10057,たたみいわしは魚由来のたんぱく源として使えるが乾燥加工品である点に注意。,8
11179,羊肉を主原料とする加工プレスハム。良質なたんぱく源だが加工肉で添加物や塩分があるため素材評価は控えめ。,6
11060,輸入牛のかた（生）。良質な動物性たんぱく源で犬のレシピ素材として適している。,9
06105,甘酢漬けのしょうが。しょうが自体は比較的安全だが漬け液の塩分や糖分に注意が必要。,6
11277,焼いた豚ばら（脂身つき）。エネルギー源として使えるが脂肪が多い点に注意。,8
08007,ゆできくらげ。食物繊維が豊富で調理済みのため利用しやすい素材。,8
11121,豚かたロース赤肉（生）。良質なたんぱく源で調理して使用可能。,9
10236,とらふぐ（養殖）の生切り身。フグ類は毒性のリスクがあるため取り扱いと処理に注意が必要。,3
15071,ジャムパン（パン・いちごジャム配合）。菓子パンは加工度が高く糖分や油分が多いため素材評価は控えめ。,5
07115,びわの缶詰（シロップ漬）。果肉自体は利用可能だがシロップ（糖分）が多い点を考慮。,7
06137,ぬかみそ漬けの大根。漬物は塩分が高めなので使用時は塩分量に注意が必要。,5
12015,ゆで卵白。加熱済みで消化しやすく良質なたんぱく源として適している。,9
06186,食塩添加のミックスジュース。トマトや野菜果物は犬に適するが食塩添加がある点に留意。,6
07185,乾燥したクコの実（ゴジベリー）。栄養価は高いが乾燥で糖分が凝縮しているため量に注意。,6
14020,有塩マーガリン。加工度が高く脂質や塩分が多いため素材評価は低め。,5
07028,うんしゅうみかん（果肉部分）。みかん果肉は犬にも与えやすくビタミン源になる（皮は除去）。,8
01089,米（はいが精米）。消化性の良い炭水化物源で犬のレシピ素材として適している。,9
13012,無糖練乳。乳製品で脂肪や乳糖が多めのため消化やカロリーに配慮が必要。,6
01012,こむぎ（玄穀）。全粒の穀類は食物繊維や栄養があり穀物源として利用可能。,8
10059,みりん干しのまいわし。みりん等の酒類由来の成分が含まれる可能性があり犬には不適切。,2
01032,ライ麦パン。パン類は加工食品で糖分や脂質が含まれるため素材評価は中程度。,6
17039,加工度の高い調味料で風味付けに使えるが調味成分が強い場合があるため素材としては注意が必要,6
16039,カフェインを含む茶類の浸出液は犬に神経・心臓への影響を与えるため不適,2
11224,鶏もも肉は良質な動物性タンパク源で犬のレシピ素材として適切,10
10257,脂のあるまぐろは良質なタンパクと脂質源で使用可能だが、与え方は調整が望ましい,9
07142,柑橘の果皮は精油成分を多く含み消化器や皮膚への刺激を起こしやすいため注意が必要,4
10329,エビ類は良質なタンパク源だが殻は除去してから使用するべき,9
11052,牛もも肉（脂身）は良質なタンパク・脂質源で犬のレシピに適している,10
10255,びんなが（まぐろ類）は良質な魚性タンパク源で使用可能,9
17037,トマト由来で風味付けに使えるが加工品のため調味成分に注意が必要,6
15088,コーヒーゼリーはカフェインを含み犬に神経・心臓系の影響を与えるため不適,2
09022,塩昆布は海藻由来で栄養価はあるが味付け（塩分等）が強い点に注意が必要,6
10222,にしん（かずのこ）は魚類のタンパク源として使用可能だが加工部位により塩分などに注意,8
06056,乾燥かんぴょうは低脂肪で食物繊維源となり犬のレシピ素材として利用可能,8
06092,若ざやの豆類は野菜として利用できるが消化や加熱を考慮して使用,8
15117,マロングラッセは栗自体は可だが砂糖漬けの加工品であるため用途が限られる,5
03022,はちみつは天然の甘味で少量なら安全だが多量の摂取は避けるべき,7
11035,牛かたロース（皮下脂肪なし）は良質なタンパク源で犬のレシピ素材として適切,10
01186,半生うどんは炭水化物源として使えるが加工品であり塩分・調味に注意が必要,7
10357,いかあられは加工・味付けが強く塩分や香辛料が問題となりやすいため注意が必要,4
05005,味付けフライのカシューナッツはナッツ類特有の消化不良や膵炎リスクがあり加工でさらに注意が必要,4
07069,スターフルーツは腎臓障害を引き起こす有害成分を含むため犬には危険で使用不可。,1
10167,サメの切り身は良質な動物性たんぱく源で犬のレシピ素材として適する。,9
07154,りんご自体は安全だがジャムは加工品で糖分が高めのため素材としてはやや加工度が高い。,6
17061,カレー粉は香辛料の混合で消化器刺激や辛味成分があるため注意が必要。,3
11081,牛赤肉のそとももは良質なタンパク源で犬のレシピ素材として適する。,9
02058,でん粉めんは炭水化物源として使用可能だが加工品である点を考慮。,6
04074,乾燥の赤えんどうは良い植物性たんぱく・食物繊維源で素材として適する。,8
10237,まふぐは一部に強い毒を含む可能性があり取り扱いに注意が必要で素材適性は限定的。,5
11124,焼き豚ロース（脂身つき）は調理済みの良質なたんぱく源だが脂肪が多めな点に注意。,9
15096,リーフパイは高脂肪・高加工の菓子類で素材としては加工度が高く限定的に使用。,5
01206,食パン（リーンタイプ）は穏やかな炭水化物源として使えるが加工食品である点を考慮。,6
07032,みかん果肉は犬に与えられる果実だが、果汁飲料は加工品で糖分や酸があるため注意が必要。,7
01197,そば（半生）は穀類として利用可能だが加工麺であるため使用はやや限定的。,6
06028,ゆでた葉物（おおさかしろな）は調理済みの野菜で犬のレシピ素材として適する。,9
11147,ぶたかたロースの赤肉は良質な動物性たんぱく源で犬の素材として適する。,9
18029,卯の花入りの煮物は複合調理品で成分が混合しているため素材としての適性は限定的。,3
06050,冷凍の西洋かぼちゃ果実は犬に安全な野菜でビタミン・食物繊維源として適する。,9
11169,豚小腸のゆで物は加熱処理された副生物で利用可能だが内臓類のためやや注意が必要。,7
01118,赤飯は炊き上げた複合食品（もち米＋ささげ）で調理済みのため素材としては限定的。,4
10166,味付け缶詰のさばは加工調味がされており塩分等の影響があるため素材としては限定的。,4
07151,りんご果汁を主体とした飲料で果実由来の風味はあるが加工飲料のため使用は控えめが望ましい。,6
11142,豚肉は良質なタンパク源で犬のレシピ素材として適する。,9
10296,さざえは加熱済みの貝類で良い動物性タンパク源。殻と内臓は除去前提。,8
06070,漬物（ピクルス）は塩分や発酵による風味があるため少量利用が適切。,5
08034,まつたけは食用のキノコで安全な素材。香り付けや少量の使用に向く。,8
01157,玄米粉は穀類として利用しやすくレシピ素材に適する。,8
11061,牛肉は良質なタンパク源で犬のレシピ素材として適切。,9
13023,コーヒーホワイトナーは乳脂肪含有のクリーム粉で脂質や添加物があるため使用は控えめが望ましい。,5
06165,つるむらさきは葉茎の緑黄色野菜でビタミンやミネラルの供給源として適する。,8
11129,豚ばらはタンパク質源だが脂身が多いため与える量に注意が必要。,8
01079,パン粉は加工穀類でつなぎや衣に使えるが加工度は高い。,6
10419,するめいかの天ぷらは揚げ物で油分・加工成分が多く調理済み複合食品に該当する。,4
01172,天ぷら用プレミックスは加工度が高く揚げ物の素としての使用に限定される。,5
07106,パッションフルーツ果汁は果実由来の風味があるが酸味が強いため少量で使うのが適切。,6
15132,メロンパンは菓子パンで糖質・脂質が高めの加工食品のため多用は適さない。,5
07126,ぶんたんの果肉部分は柑橘類の果実で与えやすいが皮や種は除去する必要がある。,7
10173,さんまは良質な魚類のタンパク源でオメガ-3も含む。骨は除去して使用。,9
06006,あしたばのゆでた茎葉は加熱済みの緑葉野菜で与えやすい素材。,8
07085,セミノール（柑橘）の果肉部は食べられるが皮・種は除去して使う。,7
10462,くろまぐろの脂身は良質なたんぱく質と脂肪酸を含むが大型魚のため使用量に配慮が必要。,9
10274,やつめうなぎは魚類で良質なタンパク源。干しでも素材として利用しやすい,9
06217,にんじんジュースはにんじん由来で犬に安全な野菜素材だが加工品であるためやや評価を下げる,8
06088,ザーサイは塩分や漬け調味料が強い加工漬物のため、素材としては注意が必要,3
06127,タアサイの葉（ゆで）は安全な葉物野菜で、犬のレシピ素材として適している,9
10433,養殖サーモンの水煮は良質な魚類で、調理済みとして利用しやすい良い素材,10
16009,発泡酒はアルコールを含み、中枢神経抑制などの危険があるため使用不可,1
10438,養殖サーモン（生）は良質な魚だが生状態はリスクがあるため加熱前提で注意が必要,7
11287,鶏むね（焼き）は良質なたんぱく源で犬のレシピ素材として非常に適している,10
15136,牛乳寒天は乳製品を含むデザートで加工品のため、素材としてはやや扱いに注意が必要,5
06114,すぐきな根（生）は野菜根部で犬に与えても問題ない一般的な素材,8
08025,エリンギ（生）は栽培されたきのこ類で、適切に調理すれば安全な素材,8
10345,するめいか（生）は良質な魚介類だが生のままは処理や加熱が望ましいためやや減点,8
17031,オイスターソースは塩分や濃い調味料成分が多い加工調味料のため素材としては不向き,3
11132,豚もも（焼き、皮下脂肪なし）は良質なたんぱく源で犬のレシピ素材として適している,10
06343,なすの天ぷらは油で揚げた加工食品で脂質や衣の成分が多いため素材としては注意が必要,4
01007,おおむぎ（米粒麦）は穀類で犬のレシピ素材として利用しやすく安全,9
13048,カゼインは乳由来のたんぱく質で栄養素材として利用される安全な成分,9
06115,すぐき漬は漬物で塩分や発酵による風味が強いため、素材としては注意が必要,3
11174,骨付きハムは加工肉で塩分や保存料が多く含まれるため素材としては不向き,3
11178,プレスハムは加工肉で塩分や添加物が多いため犬の素材としては注意が必要,3
09058,わかめは海藻類でミネラルや食物繊維が豊富で犬のレシピ素材として適している,8
07129,ぽんかんの果肉は柑橘類で与えられるが、皮や種は除く必要がある,7
17017,ぶどう由来の酢はぶどう系成分により犬に腎障害を引き起こす可能性があるため危険,2
10381,焼き竹輪は魚原料の練り製品でタンパク源になるが加工品のため塩分等に注意が必要,6
11299,ささみは良質なタンパク源だが天ぷらは衣と揚げ油を含む複合調理済み食品で素材としては好ましくない,4
11046,牛ばら（生）は良質な動物性タンパク源で犬のレシピ素材として適している,9
07040,オレンジの果肉は犬に与えられるが、皮や種は除去する必要がある,7
06017,冷凍えだまめは加熱して与えれば豆類として利用可能だが、さやは除去すること,7
06274,みつばは安全な香草で少量の風味付けに適している,8
11054,牛そともも（生）は良質な赤身肉で犬のレシピ素材として適している,9
11164,豚舌は良質な動物性タンパクで素材として利用可能（調理法に注意）,8
08047,ほんしめじのゆで品は栽培きのこで加熱済みのため消化しやすく与えやすい,8
06272,みずかけなの葉は葉物野菜で犬のレシピ素材として適している,8
06207,にらはネギ属に含まれ、溶血性貧血を引き起こす成分があるため犬には危険,1
18024,和え物類は複数の材料や調味料を含む調理済み食品で素材としては注意が必要,4
06103,生姜は消化促進や風味付けに使える安全な根茎類,7
17003,濃厚ソース類は複合的な調味料で塩分や香辛料が含まれやすく素材としては注意が必要,3
06262,ゆでたふだんそうは加熱済みの葉物で消化しやすく素材として適切,8
15115,ホワイトチョコレートはチョコレート類に該当し、犬に有害な成分のリスクがあるため危険,1
10031,あんこうの切り身は魚類の良質なタンパク源で犬のレシピ素材として適している,9
04068,良質な植物性たんぱくと食物繊維を含む。乾燥しているため加熱調理が必要。,7
07077,水分が多く低カロリーで犬に与えやすい果実。果皮・種は除去して与える。,8
17082,生のパン酵母は胃内で発酵して不快や膨満を招く可能性があるため注意が必要。,5
10258,良質な動物性たんぱく源。生魚のため寄生虫や鮮度管理に注意が必要。,9
06364,甘煮されたかんぴょうは加工された甘味を含む食品で、使用量や用途に配慮が必要。,6
02034,じゃがいもでん粉は安全な炭水化物源・増粘剤として利用しやすい。,9
11045,牛サーロインは良質な動物性たんぱく源で犬のレシピ素材として適している。,10
10146,にじますはオメガ3等を含む良質な魚で、皮付きでも適切に処理すれば利用可能。,9
15007,餅や甘いあんが含まれ、粘着性や糖分の点で喉詰まりや過剰摂取の懸念がある。,3
07090,梨の果肉は消化性が良く水分・食物繊維を含む。芯・種は除去して与える。,8
06074,塩漬けの葉物で塩分が高めになり得るため、洗浄や塩分管理が必要。,6
10262,味付け缶詰ツナは良いタンパク源だが、塩分や調味液の含有に注意が必要。,5
11180,チョップドハムは加工度が高く塩分・添加物が多い点から多用は推奨されない。,3
11159,豚のそとももは良質な赤身たんぱくで、適切に加熱すれば安全に使える。,9
10339,茹でたたらばがには良質な魚介類だが殻や硬い部位は除去し骨片に注意する必要がある。,8
06159,チコリの若芽は食物繊維を含む安全な葉菜で適量であれば利用可能。,8
06264,ゆでたブロッコリーは消化しやすく栄養価が高い緑黄色野菜で適している。,9
16033,玉露（緑茶）はカフェインを多く含み、犬の中枢神経や心臓に影響を及ぼす恐れがある。,1
11204,やぎ肉は低脂肪で良質なたんぱく源。適切に処理すれば犬のレシピに適する。,9
10456,赤身まぐろ自体は良いが天ぷらの揚げ衣や油で脂肪・塩分が高く加工度が高い。,4
11005,牛肉は良質なタンパク源で犬のレシピ素材として適する,9
16042,ウーロン茶にはカフェインが含まれ、犬では神経・心臓に有害となり得る,1
11049,焼いた牛もも肉は良質なタンパク源で犬のレシピ素材として適切,9
15114,カバーリングチョコレートはテオブロミン・カフェインを含み犬に有害,1
10018,あまだいは良質な魚介タンパクで犬に適した素材である,9
05029,ヘーゼルナッツは脂質が高く消化不良や膵炎リスクがあるため注意が必要,4
04064,つるあずき（乾）は豆類として栄養源になり得るが調理が前提となる,7
06397,ブロッコリーはビタミン・食物繊維が豊富で犬のレシピ素材として適している,8
06201,和種なばなは葉茎類の野菜で犬のレシピ素材として使用可能,8
06047,日本かぼちゃは消化に良い食物繊維やビタミンがあり犬に適した素材である,9
15010,かのこは砂糖や加工度が高い和菓子で、素材としては用途が限定される,5
11009,和牛かたロースは良質なタンパク源だが脂肪が多めで調整が必要,8
15024,タルト（和菓子）は複合的な加工食品で糖分・添加物が多い可能性がある,5
04059,湯葉は大豆由来の良質な植物性タンパク源として使用可能である,7
11161,豚そともも（脂身）はタンパク源だが脂質が高く配慮が必要,7
18053,お好み焼きは複数の材料・調味料を含む加工食品で成分によっては問題となる場合がある,3
10180,ししゃも（生干し）は魚としての利用は可能だが塩分の高い加工品である,6
01180,春巻きの皮（揚げ）は加工油脂を含むため素材としては加工度が高い,5
08038,あらげきくらげ（油いため）は栽培されたきくらげで安全性が高く使用可能,7
07005,アテモヤは果肉が食べられる熱帯果実で、種子を除けば素材として利用可能,7
15150,小豆のあんともち米が主成分で、犬に有害な成分は含まれないため素材として使用可能（甘味はある）。,6
11317,豚肉由来だが加工度が高く塩分・保存料などが含まれる可能性があるため素材としては注意が必要。,5
16048,ココアはテオブロミン・カフェインを含み、犬に有害であるため使用不可。,1
07172,ブルーベリーは犬に安全で抗酸化物質を含むが、乾燥により糖分が濃縮される点に留意。,7
01210,くるみが含まれており、くるみは犬に有害となるリスクがあるため使用不可。,1
15008,小豆こしあんと餅から成り、有害成分は含まず素材として使用可能（葉は除去済み）。,6
06015,枝豆は植物性タンパク源として問題ないが、生のままでは消化しにくい場合がある（さやは廃棄）。,8
10215,とびうおは良質の動物性タンパク源で、骨や内臓を除けば素材として適切。,9
01025,天ぷら用プレミックスは小麦粉ベースの調理用ミックスで素材として使用可能だが加工品である。,6
10019,水煮の切り身の魚は骨と内臓を除けば良質な素材で犬に適している。,9
10356,切りいかのあめ煮は甘辛く調味された加工品で、塩分や糖分が高めの点に注意が必要。,4
10308,焼きはまぐりは貝類としてたんぱく源になり得るが、殻を除去して使用する必要がある。,8
10332,がざみ（わたりがに）は良質なたんぱく源だが殻や内臓を適切に除去して使うべき。,8
17119,減塩みそは発酵大豆製品で風味付けに使えるが塩分含有に留意。,7
11019,和牛のもも（脂身つき）は良質な動物性タンパクと脂質を含み、犬の素材として理想的。,10
17139,低塩の薄口しょうゆは風味付けに使えるが調味料なので使用量に注意。,7
08046,ぶなしめじの油炒めは栽培きのこで安全だが、油分の量に注意して使うべき調理済み素材。,8
10184,したびらめは魚類で良質なたんぱく源。骨と内臓を除いて素材として適切。,9
10132,さくらます（ます類）は良質な動物性タンパクで犬の素材として適切。,9
02013,みずいも（里芋類）の生はシュウ酸カルシウム等により口腔や消化器を刺激するため、生では注意が必要（加熱が望ましい）。,4
09032,海藻類でミネラル源となり、犬のレシピ素材として利用可能,8
11186,加工されたソーセージで塩分や添加物が多い可能性があり、素材としては控えめ評価,5
10367,海産の練り物でたんぱく源となるが風味や塩分が強いことがあるため注意が必要,7
11106,味付けされた加工缶詰で塩分や糖分が高い可能性があるため加工品評価,5
15100,洋菓子で脂質・糖分が多く加工度が高いため素材向きではない,5
10044,いわし類は良質なたんぱく質と脂肪酸源で犬の素材として適切,9
11110,赤肉の良質なたんぱく源で犬のレシピ素材として適している,9
10307,加熱された貝類でたんぱく源として利用可能（殻は除去）,8
06104,しょうがの酢漬けは風味が強く塩分や酸味があるため慎重な使用が望ましい,6
13047,ソフトクリームは乳糖や高脂肪で犬によっては不向きなため控えめ評価,5
01004,オートミールは良質な炭水化物と食物繊維源で犬の素材として適切,9
11143,豚肩肉は良質なたんぱく源で犬のレシピ素材として適している（適切な調理前提）,9
15163,和菓子のまんじゅうは糖脂質が多く加工度が高いため素材向きではない,5
10179,しいらは魚類のたんぱく源で犬の素材として適切,9
15090,ワイン（ぶどう由来、アルコール）が含まれており犬に有害となるため禁忌,1
10133,焼きさくらますは調理済みの魚で良質なたんぱく源、素材として適切,9
05031,マカダミアナッツは犬に神経毒性を示すため禁忌,1
07053,かりんは有毒性は報告されておらず素材として使用可能だが渋味が強い,7
10280,あげまき等の貝類はたんぱく源として利用可能（殻は除去）,7
06036,かぶの根は根菜で消化に優れ犬のレシピ素材として適している,8
04075,ゆでた赤えんどうは良質な炭水化物・植物性タンパク源で犬の素材として適切,8
17115,ゆずこしょうは唐辛子や強い香味を含む調味料で消化器刺激の恐れがあるため注意が必要,3
07150,りんごの濃縮還元ジュースは加工飲料で繊維が少なく糖分が高めのため素材としてはやや劣る,5
15125,揚げパンは油分・加工度が高い揚げ物の菓子で消化負担や脂肪過多の懸念がある,4
07117,干しぶどうはぶどう由来で犬に急性腎不全を引き起こす危険があるため絶対に避けるべき,1
01098,玄米のおもゆは消化しやすい炭水化物源で犬のレシピ素材として適している,9
06321,わけぎはネギ属に該当し、溶血性貧血を引き起こす危険があるため与えてはいけない,2
03019,無水結晶のぶどう糖は純粋な糖類で栄養的には偏りがあるため補助的な素材向け,5
13006,脱脂乳は乳製品で乳糖を含み、犬によっては消化しにくいが用途によっては使える,6
16045,コーヒー浸出液はカフェインを含み中枢・心臓に有害で犬には禁忌,1
10234,天然のひらめは良質な魚蛋白で犬のレシピ素材として適している（調理方法に注意）,8
13031,エダムチーズは乳製品で脂肪・塩分があるため量に注意が必要だが素材として使える,6
15061,ボーロはお菓子類で糖分・加工成分が多く、主素材としては限定的な使用が望ましい,5
17132,昆布だしは旨味を与える安全なだしで、風味付け素材として使いやすい,8
06300,よめなの葉は緑葉野菜でビタミン・食物繊維源として犬の素材に適している,8
13022,コーヒーホワイトナー（植物性クリーム）は加工脂肪を含むため用途を限定して使うべき,5
11167,豚の腎臓は栄養価の高い内臓肉で蛋白源として利用できる（調理と量に注意）,8
17075,にんにく（ガーリック）はネギ属に含まれ、溶血性貧血を引き起こすため与えてはいけない,1
07111,ドラゴンフルーツは果肉が消化に優しく犬に与えやすい果物素材である,7
01155,発芽玄米は栄養価の高い炭水化物源で犬のレシピ素材として適している,9
15124,小豆のこしあんを用いる和菓子で犬に有害な成分は含まれないが、加工・糖分が多いため素材としては中程度,6
01074,小麦のぎょうざの皮は炭水化物源として利用可能で犬のレシピ素材として適切,8
10405,サバの水煮は良質な魚由来タンパクで加熱済みの安全な素材,9
06281,みょうがたけ（茎葉）は香味野菜で有害成分はなく犬のレシピ素材として使用可能,7
18021,白身フライは揚げ物で衣・油・塩分など加工が強いため素材としては注意が必要,4
10270,めじな（生）は魚類として良質なタンパク源だが生食の取扱いに注意が必要,8
10013,開き干しのむろあじは魚として利用可能だが乾燥・塩分があるため使用量に注意,7
10387,魚肉ハムは加工品で塩分・添加物が含まれるため素材としてはやや加工度が高い,5
11207,うずら肉は良質な鳥類タンパクで犬のレシピ素材として適している,9
07118,ぶどう果実飲料はぶどう由来で犬に危険なため禁忌,1
14029,有塩マーガリンは脂質・塩分が高めの加工油脂で加工度が高いため注意が必要,5
10127,からふとます（焼き）は加熱された良質な魚タンパクで適している,9
09003,あまのり（ほしのり）は海藻類で一般に安全な素材だがヨウ素量に留意,8
17133,魚醤油はいわゆる強い調味料で塩分が高く、素材としては直接使うには不向き,3
17108,冷やし中華のたれは加工調味料で糖分・塩分や香味成分が濃いため素材としては注意が必要,3
14021,ファットスプレッドはマーガリン類に準じた加工油脂で脂質が高く使用は限定的が望ましい,5
01102,玄米は良質な炭水化物・食物繊維源で犬のレシピ素材として適している,8
06407,にんじん（皮なしカット）はビタミン・食物繊維が豊富で犬のレシピ素材として適切,9
10394,まるあじ（焼き）は加熱済みの魚でタンパク源として適切だが骨の除去は必要,8
01043,乾麺のそうめん・ひやむぎは小麦由来の炭水化物源として利用可能,8
01124,そば粉は良質な炭水化物源で犬のレシピ素材として使用可能（アレルギーに注意）,8
10183,焼きししゃもは良質な魚タンパク源。与える際は骨を除去して使用する,9
15038,練りようかんは砂糖を多く含む加工和菓子で、素材としては加工度が高い,5
18039,もやしのナムルは調味済みの和え物で香辛料や油が含まれる可能性があり、複合調理食品扱い,3
17137,ぽん酢しょうゆは塩分や酸味の強い調味料で、そのまま多量に使うのは不向きだが調味用途には使える,3
10266,まながつおは良質な魚タンパク源。生魚は寄生虫等に注意し適切に扱えば素材として適切,9
10227,はぜの甘露煮は甘辛く調理された加工魚で糖分・塩分が高めの複合加工品,4
13040,プロセスチーズは乳製品としてタンパク質・脂質供給源となるが、乳糖不耐症の個体は注意,7
10408,まだい（皮なし）は良質な魚タンパク源。生は寄生虫に注意し調理して使うと良い,9
11034,牛かたロースは良質な赤身タンパク源だが脂肪分が高めなので量に注意,9
10097,かつおの缶詰油漬フレークは魚由来の良質タンパクだが油や塩分を含む加工品,8
18048,八宝菜は複数材料を煮合わせた総菜で、調味料や香辛料が含まれる可能性が高い複合調理食品,3
07180,焼きりんごは消化しやすく果肉は犬に適する（芯・種は除去）,8
07041,オレンジの果肉は少量で与えやすいが酸味が強く、皮や種は除去して扱う,7
06112,ゆでた干しずいきは加熱済みの野菜性素材で食物繊維が豊富、調理済みで使用しやすい,7
10026,養殖あゆの焼き物は良質な魚タンパク源。与える前に骨を処理して使う,9
13038,パルメザンは風味付けに適したナチュラルチーズだが塩分が高めで使用量に注意,7
15043,おこしは米菓の加工品で糖分が多く加工度が高いため素材としては限定的,5
14006,調合油は料理用の植物油で脂質供給源として使用可能な素材,9
15105,キャラメルは高糖質のキャンディで加工度が高く、素材としては限定的,5
18030,調理済みの複合惣菜で調味料や香辛料が含まれる可能性があり、素材としては慎重に扱うべき。,4
06069,きゅうり自体は安全だが酢漬け・砂糖等で加工された製品のため加工度を考慮。,6
06057,かんぴょうは植物性の素材で加熱済みの根菜的な利用が可能。,8
15106,キャンディー類の高糖質で加工度の高いお菓子。少量なら問題だが素材としては限定的。,5
10199,白身魚の良質なタンパク源。骨や内臓は除去すれば素材として適切。,9
01144,小麦製の油揚げ麺は炭水化物源として使えるが加工度と脂質に注意。,5
06290,ゆでたもやしは消化しやすい野菜で犬の素材として適している。,8
11042,牛の脂身は動物性のエネルギー源だが脂肪分が高いため使用量に注意が必要。,8
15046,かりんとうは油と砂糖で加工されたお菓子で、素材としては利用に制約がある。,5
09024,海藻類はミネラル源として有用だがヨウ素過剰に留意しつつ少量で利用可能。,8
10271,めばるは良質な魚類で骨・内臓を除去すれば犬のレシピ素材に適している。,9
11272,焼いた牛ひき肉は良質なタンパク源で調理済みのためそのまま素材として適切。,10
07046,マーマレードは果肉に加え皮を含む加工品で、柑橘の皮由来成分や高糖度に注意が必要。,4
01185,軟らかく炊いた白米は消化の良い炭水化物源で犬に適した素材。,9
06297,ゆりね（ユリ根）は食用の根茎で一般に犬に与えられるが、慣れない食材は少量で様子を見る必要がある。,7
17091,バルサミコ酢は調味料で酸味が強いため少量の風味付けには使えるが多量使用は避けるべき。,6
02037,くずきりはでん粉由来の炭水化物で消化しやすく素材として使いやすい。,8
11195,焼き豚は加工肉で調味料や糖分・塩分を含む場合が多く、素材としては加工度を考慮。,5
06311,ルバーブは葉に有害成分（シュウ酸等）を含む可能性があり、利用は慎重を要する。,4
06400,濃縮タイプの野菜ジュースは栄養濃縮や加工度を考慮する必要があるが、少量なら利用可能。,6
11197,豚のスモークレバーは良質なタンパク源で鉄分やビタミンを含み、犬の素材として適している,9
10053,めざし（小魚）は良い動物性たんぱく・脂肪源だが生のままだと寄生虫や細菌のリスクがあるため加熱推奨,7
10157,さば節は魚由来の旨味とたんぱくを提供する素材で、少量使いの風味付けに適する,8
18014,えびピラフは複数の調味・加工がされている複合食品で、調味料（玉ねぎ等）が含まれる可能性があるため素材評価は低め,3
01080,玄米は穀類として栄養源になり得る（炭水化物・食物繊維）ため犬の素材として適切,9
09007,いわのり（素干し海苔）はミネラル供給源として利用できるが、ヨウ素や塩分に注意が必要,7
10360,いいだこ（生）は良質な魚介たんぱくだが生の状態は寄生虫や微生物の懸念があるため加熱が望ましい,7
10078,おひょう（生切り身）は低脂肪の良質な魚類で、加熱して与えれば素材として適している,8
16056,青汁（ケール粉末）は野菜由来の成分を補えるが粉末で濃縮されており成分の強さに注意が必要,6
11313,焼き豚の頭部（ジョウルミート）は動物性たんぱく・脂質の供給源として利用できる（加熱済みで扱いやすい）,9
17077,バジル粉は香草として少量で風味付けに使え、犬にも安全なハーブの一つである,8
04044,豆腐竹輪（蒸し）は大豆由来のタンパクと魚すり身を含む加工品で、穏やかな素材として使える,7
17071,タイム粉は香草であり少量の使用なら犬のレシピ素材として問題ない,8
06388,いぶりがっこは漬物・加工食品で塩分・調味が強めのため、素材評価は低めにとどめるべき,4
01182,黒米は穀類として栄養源となり得る良い素材（食物繊維やポリフェノールを含む）,8
11200,マトン（もも・脂身つき・生）は動物性たんぱくと脂質の供給源として使えるが脂肪量に注意,8
11117,豚肩（赤肉・生）は良質なたんぱく源で犬の素材として適している（加熱して与えるのが一般的）,8
08018,ほんしめじ（生）は一般的な食用きのこであり、調理して与えれば素材として問題ない,7
06279,糸みつば（ゆで）は香味野菜として利用でき、加熱済みで与えやすい安全な素材,8
03024,水あめ（でん粉糖）は高甘味の糖類だが少量の使用なら風味付けに使えるため限定的に素材として扱える,6
11041,牛肉は良質なタンパク源で、犬のレシピ素材として適している,9
01048,中華めんは炭水化物源として使えるが加工食品である,6
06224,ネギ属に該当し、溶血性貧血を引き起こす有害成分を含むため危険,1
10110,魚類は良質なタンパク質と不飽和脂肪酸が得られる素材で適している,9
11028,牛ランプは良質なタンパク源で犬のレシピ素材として適している,9
10079,かさごは魚類で良質なタンパク源になり得る素材である,9
06260,いんげん類（若ざや）は野菜として栄養源になり得る,8
15113,マシュマロは糖質が高く粘着性があり誤嚥や消化不良のリスクがあるため素材として不向き,3
15045,かりんとうは高糖・高脂の菓子で栄養価が偏るため素材として不向き,4
06035,かぶの葉は葉物野菜として利用でき、茹でて消化が良くなっている,8
10247,塩ほっけは魚としては良いが塩分を含む加工品である点に注意が必要,6
17019,かつおだしは旨味のある調味料として使えるが塩分や濃度に注意が必要,7
10439,加熱されたサーモンは良質なタンパク質と脂肪酸を含み、素材として適している,9
15053,和干菓子類の菓子は糖分・油分が高く素材としては不向き,4
01070,焙焼した小麦副産物は食物繊維源になり得るが加工品である,6
18044,コロッケ類は複合調理済み食品で調味料や油脂が含まれるため素材としては注意が必要,4
18050,合いびきハンバーグは複合調理済み食品で具材や調味により不適な成分が含まれる恐れがある,3
06194,素揚げしたなすは野菜として利用可能だが揚げ油の影響に注意が必要,7
07022,梅干しは果実由来だが高塩分・強い酸味があるため犬の素材としては注意が必要,4
15180,チョコレートはテオブロミンを含み、神経・心臓に有害であるため絶対に避けるべき,1
10067,うなぎは良質な動物性タンパク源で犬のレシピ素材として適している,9
10152,ますのすけ（キングサーモン）は良質な魚由来タンパク源で犬に適している,9
06222,ミニキャロットはビタミンや食物繊維を含む安全な野菜素材である,9
17076,にんにくはネギ属で犬に有害な成分を含み使用不可である,1
17010,再仕込み醤油は調味料で塩分や発酵成分が高く加工食品として扱うべきである,5
10086,かつおは良質な魚由来タンパク源で犬のレシピ素材として適している,9
10395,まいわしのフライは揚げ調理された複合加工食品で素材としては注意が必要である,4
06040,かぶの塩漬け葉は漬物の加工食品で塩分等があり加工素材として注意が必要である,5
17069,しょうがは香辛料で消化器を刺激する可能性があり使用に注意が必要である,4
07025,うめ果実飲料は加工された果実飲料で酸味や糖分があり加工素材として扱うべきである,5
07143,ゆずの果汁は柑橘の香気成分や酸で刺激があり使用に注意が必要である,4
16003,清酒はアルコール飲料で犬に有害なため使用不可である,1
07125,ブルーベリージャムは果実由来で毒性はないがジャムは加工糖分が高い加工食品である,6
16031,ベルモットはアルコール含有の混成酒で犬に有害なため使用不可である,1
15097,ハードビスケットは加工菓子で添加成分や糖分を含むが原材料自体は有害でない,6
07186,赤すぐり（冷凍）は果実で特に有害成分はなく素材として使用可能である,7
15026,和生菓子（ちゃつう）はあん入りの加工菓子で糖分が高く加工素材として注意が必要である,5
11276,とんかつ（豚ロース・揚げ物）は揚げ調理と衣・脂肪があるため加工食品として不適切寄りである,3
15155,大福もち（つぶしあん入り）は粘性のある加工和菓子で糖分が高く加工素材として注意が必要である,4
10101,まがれい水煮は加熱済みの魚で良質なタンパク源、犬のレシピ素材として適している,9
02061,緑豆はるさめは加熱済みの消化しやすいでん粉源で犬のレシピ素材として適する,8
07008,あんず（果皮・核除去済）は果肉自体は犬に与えやすい果物で素材として使える,7
10452,蒸したまぐろは良質な動物性タンパクで犬のレシピ素材として適切,9
10301,とこぶしは貝類の良質なたんぱく源だが殻や内臓の除去と加熱に注意が必要,7
15160,まんじゅう（こしあん入り）は糖質・加工成分が多い菓子類で素材としてはあまり望ましくない,5
04052,豆乳は植物性タンパク源として利用可能だが、個体差で消化性やアレルギーに注意,7
14017,有塩バターは高脂肪・塩分が高めの乳製品で、過剰摂取は健康リスクとなる,6
01149,生パスタ（小麦）は消化性のある炭水化物源として使用可能だが加工食品である,7
05046,チアシードは食物繊維や不飽和脂肪酸を含む栄養価の高い素材だが使用法（吸水など）に注意,7
11023,和牛そとももは良質な動物性タンパク・脂肪源で犬のレシピ素材として適切,9
04016,うぐいす豆（煮豆）は豆類の安全な素材で、調理済みのため使いやすい,8
15142,こんにゃくゼリーはゼリー状で窒息・閉塞の危険があり犬には適さない形状リスクがある,4
08041,しいたけ（油炒め）は栽培しいたけは一般に安全な野菜性素材だが油調理で脂質が増す,7
09053,ひじきはミネラル（ヨウ素やその他ミネラル）を多く含む海藻で、量や頻度に注意が必要,6
10212,ナイルティラピアは淡白な良質タンパクで犬のレシピ素材として適している,9
11140,豚ヒレは良質な赤身肉でタンパク源として適切だが、加熱調理が望ましい,8
17025,中華だしの原材料にねぎ（ネギ属）が含まれており、ネギ類は犬にとって有害である,1
08056,ぶなしめじの天ぷらは揚げ物で脂質や衣の加工があるため犬の素材としては不向きな面がある,3
10024,あゆ（内臓を含む焼き魚）は栄養はあるが内臓や骨を含むため取扱いに注意が必要,6
06374,グリンピース（加熱済）は安全な野菜性素材でビタミン・食物繊維供給源として使える,8
06383,グリンピース・コーン・にんじんの加熱済みミックスで、犬に与えやすい野菜素材であるため,8
10242,ぶりは良質なタンパク質と脂肪を含む魚で、加熱済みの切り身は犬の素材として適しているため,9
06270,ホースラディシュ（わさび大根）は辛味が強く消化器を刺激しやすいため注意が必要である,3
01093,精白米のかゆは消化しやすい炭水化物源で、犬のレシピ素材として適しているため,9
10260,水煮のツナ（きはだ）は加熱済みの良質な魚タンパク源で利用しやすいため,9
11231,鶏の心臓は動物性タンパクと微量栄養素が豊富で、素材として利用価値が高い部位であるため,9
10135,しろさけの水煮は良質な脂肪とタンパク源で、犬のレシピ素材として適しているため,9
06174,とうがん（ゆで）は水分が多く低カロリーで消化しやすい野菜素材であるため,8
07119,ぶどう由来の飲料は犬に腎障害を引き起こす可能性があり危険であるため,1
15048,磯部せんべいは加工された菓子で塩分や添加成分があるため原料利用は限定される,5
15006,ういろうはでんぷん・糖分を含む加工和菓子で、使用は限定的にすべきであるため,5
10011,むろあじ（生）は良質な魚だが生魚の取り扱いを考慮する必要があるため,8
15027,どら焼は小麦と糖分を多く含む加工菓子で、素材利用は限定的であるため,5
01175,食パン（耳を除いたもの）は炭水化物源として使えるが加工度が高い素材であるため,6
06064,レッドキャベツは栄養価が高く野菜素材として利用可能であるため,8
06238,バジルは風味付けとして少量なら使用可能だが大量使用は避けるべきであるため,7
15036,もなか（こしあん入り）は糖分・炭水化物が主体の加工菓子で使用は限定的であるため,5
10287,あわびの塩辛は塩分や発酵成分が高く、素材としての利用は制限されるため,5
01087,七分つき米は良質な炭水化物源で犬のレシピ素材として適しているため,9
16006,ビールなどのアルコールは中枢抑制など有害作用があり犬に禁忌であるため,1
04049,納豆（大豆の発酵食品）は良質なタンパク源で消化に比較的適し、犬の素材として問題が少ない。,8
10116,きんめだいは良質な魚のタンパク源。骨や内臓は除去して調理すれば適切。,9
10058,みりん干しはみりん（酒類）や塩分・糖分を含む加工魚で、酒類由来成分の点から犬には不適切。,2
18038,南蛮漬けは複合調理済みで調味料や香辛料、骨が混入することがあり、素材としては注意が必要。,3
06403,キャベツは低カロリーで食物繊維が豊富な野菜で、犬のレシピ素材として適している。,9
02028,精製されたキャッサバでん粉（タピオカ）は炭水化物源として利用可能で、素材として使いやすい。,7
01035,クロワッサンは小麦・バターを含む高脂質の焼き菓子で、頻繁には不向きだが少量であれば素材として使える。,5
17098,ごまだれは風味付けに有用な調味料だが塩分や調味料成分が濃いことがあり、使用量に注意が必要。,5
01203,即席カップめん（調味料含む）は香辛料や塩分・添加物が多く含まれるため、犬の素材としては注意が必要。,3
08027,ゆでたヒラタケは栽培種の食用きのこで、加熱済みのため犬のレシピ素材として適している。,8
10245,ホキは白身の良質なたんぱく源。骨は除去して調理すれば適切。,9
01195,即席めんのめん（スープを残したもの）は炭水化物源として使えるが加工度が高く塩分・添加物に注意が必要。,5
13056,モッツァレラは良質な乳タンパクで少量なら利用可能だが脂肪や乳糖に注意。,8
17013,食塩は調味料として使用可能だが過剰な塩分は犬に有害となるため使用量に注意が必要。,5
13050,チーズホエーパウダーは乳由来のタンパク質源として利用できる加工原料だが乳糖や塩分量に注意。,7
06326,干しわらびは山菜で下処理が不十分だと消化器症状や毒性リスクがあるため注意が必要。,4
06271,まこも（茎）は食物繊維を含む野菜的素材で、調理して与えれば犬のレシピ素材として適している。,7
09009,えごのりなどの海藻類はミネラル供給源として利用できるがヨウ素など含有量に注意する必要がある。,7
11074,牛ばら（脂身つき）は良質な動物性タンパクだが脂肪が多く過剰摂取で膵炎リスクがあるため分量に注意。,8
06355,ほうれんそうはビタミン・鉄分が豊富だがシュウ酸を含むため長期大量の利用は注意が必要。,7
06312,水分が多く消化しやすい葉物野菜で犬のレシピ素材として適している。,9
10264,魚由来の良質なタンパク源だが油漬けの加工品であるためやや加工度が高い。,7
10005,加熱された青魚で良質なタンパク源。骨は除去して使う前提で適している。,9
17054,アルコール含有の調味料で犬に有害となる可能性があるため使用不可。,1
06331,芽菜の加熱調理品で消化しやすく犬の素材として利用可能。,8
10424,白身の生魚で良質なタンパク源。生食の取り扱いに注意しつつ素材として適している。,9
01212,米粉を主原料としたパンで炭水化物源として使えるが加工度がある。,7
07004,果汁含有の飲料で糖分があるためそのまま多量に与えるのは不適だが風味付け等の少量利用なら可。,5
10471,たこは低脂肪で高タンパクの食材。鮮度管理を前提に素材として適している。,9
01014,硬質小麦の玄穀で炭水化物源。加熱調理してから使用する前提で適している。,8
05015,けしの実はアルカロイド含有の可能性があり注意が必要な素材である。,4
10072,味付けの干物魚で塩分や加工があるため使用は制限されるが魚素材としての利用は可能。,6
01158,米粉は消化性の良い炭水化物原料で犬のレシピ素材として適している。,9
01189,油揚げ即席麺は加工度が高く脂質や添加成分があるため限定的な使用が望ましい。,5
18005,クリーム系の缶スープは乳成分や塩分・脂肪を含むため使用は限定的に留めるべきである。,5
10312,加熱済みのほたては良質なタンパク源で犬の素材として適している。,9
06215,茹でたにんじんは消化が良くビタミンや食物繊維の供給源として適している。,9
14025,高リノールの精製植物油で脂質源として利用可能な素材である。,9
04014,グリンピースは栄養価があるが揚げ加工されているため脂質や塩分に注意が必要。,7
01085,玄米は繊維や炭水化物源として良好で、炊いてから与える前提で適している。,8
01075,小麦製のしゅうまいの皮は主にでん粉・小麦で犬でも消化可能な炭水化物源として使えるため適している,6
06118,茹でたせりは葉茎の緑葉野菜で食物繊維やビタミンがあり犬のレシピ素材として適している,8
06276,根みつば（葉）は香味野菜で少量で風味付けに使いやすく犬に対して安全な素材である,8
06119,セロリの葉柄は低カロリーで食物繊維が豊富な野菜として犬のレシピ素材に適している,7
11246,ラム（めんよう）ロースは良質な動物性たんぱく源で犬のレシピ素材として理想的である,10
06048,西洋かぼちゃの果実は消化しやすくビタミンや食物繊維が豊富で犬に適した素材である,8
11113,くじら肉は動物性たんぱく源として利用できるが風味や調理法を考慮して扱う必要がある,8
11291,焼きの鶏ひき肉は調理済みで使いやすく良質なたんぱく源として犬に適している,10
01122,そば粉（全層粉）は炭水化物源として利用可能で、犬のレシピ素材として使用できる,7
06041,塩漬のかぶ（根）は原材料自体は問題ないが塩分の点に留意して使う必要がある,5
15013,ぎゅうひは砂糖や粘着性が高い菓子で与えにくさや嗜好・粘着によるリスクがあるため注意が必要である,4
06216,冷凍にんじんは栄養的に安全で食物繊維やβ-カロテンがあり犬のレシピ素材に向く,8
01165,コーンフラワーは加工されたデンプン源で炭水化物として使用可能だが主成分はでん粉である,6
02018,皮なしに蒸したじゃがいもは加熱済みで消化しやすく犬にとって安全な炭水化物源である,8
10261,ツナ缶（水煮・フレーク）は魚由来の良質なたんぱく源で料理素材として使いやすい,9
07078,すだちの果皮は精油成分を多く含み消化器を刺激する恐れがあるため使用は避けた方がよい,3
10075,おいかわ（淡水魚）の魚肉は動物性たんぱく源として利用できる素材である,8
01138,はとむぎの精白粒は穀類として利用可能で犬のレシピ素材として使用できる,7
06329,トウミョウ（芽苗）は若菜でビタミンや食物繊維があり犬にとって安全な素材である,8
10407,さんま（皮なし）は魚類の良質なたんぱく源でオメガ-3脂肪酸も期待でき犬のレシピ素材として適している,9
07102,缶詰のパイナップルは果肉自体は有害でないが、シロップ漬けで加工度と糖分が高い点に注意,6
10161,塩さばは良質な魚タンパク源だが塩分や加工の影響を考慮する必要がある,7
12017,卵を主体としたたまご豆腐は良質なタンパク源で犬の素材として適している,9
01016,薄力粉は炭水化物源として使いやすく一般的に素材として問題ない,8
10401,ぎんだらの水煮は調理済みの魚で良質なタンパク質・脂質源として適切,9
08042,生しいたけは食用のキノコで、犬のレシピ素材として問題なく利用できる,8
10194,まだいの水煮は調理済みの魚で良質なタンパク源として適切,9
10055,しらす干しは小魚でカルシウムやタンパク質が豊富だが塩分に注意が必要,8
11158,豚そとももは良質なタンパク源だが脂肪量に留意して使用するのが望ましい,9
10074,えそ（生）は魚類としてタンパク源に適しているが下処理に注意が必要,8
11116,豚かた（皮下脂肪なし）は赤身の良いタンパク源でレシピ素材として適切,9
04055,粒状大豆たんぱくは植物性タンパク源として利用できるがアレルギーに注意,8
06332,焼き西洋かぼちゃは消化に良くビタミン・食物繊維が豊富で犬に適した素材,9
01009,大麦めんのゆでは炭水化物源として使いやすく犬のレシピ素材に適する,8
05027,味付けフライのひまわりは加工・味付けがされており脂質や塩分に注意が必要,5
01095,半つき米のかゆは消化に良い炭水化物源で犬の素材として適している,9
17146,減塩タイプの食塩は調味料として使用は可能だが単体の主要素材には向かない,5
04071,りょくとう（乾）は豆類の全粒で栄養源として利用可能だが調理で柔らかくする必要がある,8
08008,しろきくらげの乾物は安全な食用キノコで食物繊維源として利用できる,8
04048,納豆は発酵大豆でタンパク質と微生物由来成分を含み利用可能だが匂いや粘性に留意,8
11085,牛ヒレは良質なタンパク源で犬のレシピ素材として適している,9
07095,なつめ（乾燥）は果実で消化上問題なく、乾燥品として利用できる,7
10288,あわび（水煮缶）は良質な魚介のたんぱく源で調理済みのため扱いやすい,8
06122,ぜんまいは山菜で下処理が必要だが、適切な処理で素材として使える,6
07003,アセロラは果実で安全に使え、風味や栄養がある,8
01142,ライ麦全粒粉は穀物として使用可能だが主素材よりは補助的,7
08050,エリンギは安全なきのこ類で、油いためでも素材として使用できる,8
01171,天ぷら用プレミックス粉は加工度が高く素材としては限定的に使うのが適切,5
06162,つくしは山菜で生では下処理や加熱が必要、処理すれば利用可能,5
11029,和牛ヒレは高品質なタンパク源で犬のレシピ素材に適している,9
15167,もなか（つぶしあん入り）は和菓子で加工・糖分が多く素材としては限定的,5
06081,コールラビは安全な野菜で犬のレシピ素材として適している,8
15108,ゼリービーンズ等のキャンディ類は加工度が高く与え方に注意が必要,3
10417,するめいかは良質な魚介で加熱調理して使える,8
06371,甘酢れんこんは加工品だが素材として利用可能、味付けに注意,6
07063,グレープフルーツ（果実飲料）は酸や成分に注意が必要で使用は控えめが適切,5
11217,ささみは低脂肪で良質なタンパク源、犬に適した素材,9
07015,いちじくは消化器刺激や光線過敏などのリスクがあり与えてはいけない,1
12022,加熱した全卵（いり）は良質なたんぱく源で犬に適している,9
11118,豚の脂身は脂質が高く多量は適さないため使用は控えめにする必要がある,6
11105,牛肉由来の良質なたんぱく源。加工品で塩分・脂肪が高めなので使用量に注意。,6
10382,魚練りや卵を使った加工食品。甘辛く味付けされているため塩分・糖分が多めで注意が必要。,4
17121,からしや酢味を含む調味料で刺激が強く、消化器に負担をかけることがある。,3
15019,米粉の団子と甘辛いたれの組合せで糖分・塩分が多め。少量での使用が望ましい。,5
15047,和干菓子の乾燥菓子で主に糖分が主体。毒性はないが栄養価は低い。,5
03010,主成分が砂糖の甘味料で有害ではないが栄養価は低く過剰は避けるべき。,5
17030,濃縮だし系の調味料で塩分や風味が強く、そのままでは濃いので希釈・少量使用が必要。,4
03015,甘味料（でん粉糖類）で有害成分はないが栄養的利点は少なく控えめに使うのがよい。,5
11139,豚肉は良質なたんぱく源。ただし脂身が多い部位なので脂肪量に注意して使う。,8
07157,水分と電解質を含む飲料で一般に安全。糖分やカリウムを含むため量に注意。,7
01174,小麦由来の食パンは少量であれば与えやすい炭水化物源だが塩分や添加物に注意。,7
10084,まかじきは良質なたんぱく源の魚で犬のレシピ素材として適切。,9
06307,エシャレットはネギ類に該当し、溶血性貧血を引き起こす成分を含むため与えてはいけない。,1
10143,さけ（缶詰・水煮）は良質なたんぱくとオメガ-3を含み、犬に適した素材である。,9
06261,葉野菜でビタミン・食物繊維の供給源として有用。生でも少量から様子を見ながら使える。,8
10087,かつおは高品質なたんぱく源で犬のレシピ素材として適切。,9
01123,そば粉は消化可能な炭水化物源で一般に安全。ただしまれにアレルギーに注意。,8
07074,柑橘類の果肉は酸味が強く消化器に刺激を与えることがあるため少量で使用するのが望ましい。,6
15084,カスタード入りの菓子で高脂肪・高糖分。消化不良や体重増加の原因になりやすい。,5
16032,アルコール含有飲料でエタノールは犬に有害なため絶対に与えてはいけない。,1
07148,りんごの果肉は犬に安全な果物で、皮・芯が除去されているため与えやすい,9
07091,洋なしは犬に与えて問題ない果物で、果肉のみなら素材として適切,8
08037,えのきは犬が食べられるキノコであるが、油いためは脂質が増えるため調整が必要,8
04108,やぶまめは豆類でタンパク質や食物繊維の供給源になるが、乾燥品は調理処理が前提,7
06097,若ざやのささげ類は野菜として安全で犬のレシピ素材として適している,8
01176,食パンの耳は炭水化物源として使えるが加工度が高い加工食品である,6
18003,えびグラタンは複合調理済みの惣菜で脂質・塩分や調味料が含まれやすく素材としては注意が必要,3
10081,水煮のかじかは良質な魚類たんぱくで犬の素材として適切,9
05042,ごまねりは良質な脂質と風味源になるが脂肪分が高い点に注意,6
06357,ゆでほうれんそうはビタミン・ミネラル源として利用できるがシュウ酸含有に配慮が必要,7
06192,ゆでなすの果実部は犬に与えられる野菜で調理済みの素材として適切,8
10348,ほたるいかは魚介類として利用可能だが内臓を含む場合は鮮度や処理状態に注意,7
05004,えごま（乾）はオメガ3などの脂肪酸供給源として有用だが油分が比較的高い,7
10428,あわびは良質な魚介たんぱく源で犬のレシピ素材として利用可能,8
11300,鶏ささみ自体は優れたたんぱく源だがフライは衣や油が付く加工品である点に注意,4
17036,トマトケチャップは調味料で糖分・塩分が多く加工品としての利用は限定的,5
10156,焼きまさばは良質な魚類でたんぱく・脂肪源として犬の素材に適している,9
11249,ゆでリブロースは良質な牛肉たんぱくだが脂身が多い点に配慮が必要,9
01060,即席カップめん（焼きそば、添付調味料含む）は複合加工食品で塩分・添加物が多く素材としては不向き,3
10015,生のあなごは魚類のたんぱく源として利用可能だが生扱いのため鮮度管理や処理に注意,8
15037,くるみが含まれており、くるみは犬に有害な成分を含むため使用不可,1
12004,全卵は良質なタンパク源で犬のレシピ素材として適している,9
04011,いんげんまめは食物繊維と植物性タンパクを含み使用可能だが加工品である点に注意,7
10129,ます類の水煮缶は良質なタンパク質と脂肪酸を供給する安全な素材,9
01071,小麦たんぱくはタンパク源として利用できるが一部で消化性に注意,7
15041,あめ玉は高糖質・加工品であり犬用素材としては限定的な使用が望ましい,5
17021,かつお・昆布だしは風味付けに有用だが塩分や濃度に留意して使うべき,7
12003,うずら卵（水煮）は良質なタンパク源で犬のレシピ素材として適している,8
04053,調製豆乳は植物性タンパクを含むが甘味や消化性に注意が必要,6
01021,強力粉は一般的な素材でおやつや調理素材として使用可能,8
15089,ミルクゼリーは乳製品と糖分を含むため少量での利用が適切,6
10423,黒はんぺんは魚由来の練り製品で利用できるが調味や添加物に注意,6
02043,こんにゃくは食物繊維が多く消化や窒息のリスクに注意が必要,5
15158,あん入り生八つ橋は小豆部分は安全だが砂糖や加工度が高い点に留意,6
11239,フォアグラは栄養価が高いが脂肪が非常に多く少量での使用が望ましい,6
13027,加糖ドリンクヨーグルトは乳製品でプロバイオティクス効果が期待できるが糖分に注意,6
06167,つわぶきは野生植物で下処理や摂取量に注意が必要なため慎重に扱うべき,4
10070,うなぎのかば焼は良質なタンパク源だが濃い味付け（塩分・糖分）に注意,7
05047,とうびしは種実類で栄養源になりうるが形状や調理法に注意して使うべき,6
17114,みたらしのたれは糖分・塩分が高く風味も強いため限定的な使用が望ましい,4
10378,魚のすり身を原料とする練り製品で良質なたんぱく源だが加工品のためやや加工度が高い。,7
06254,葉物野菜でビタミンや食物繊維が豊富で犬の素材として適している。,8
01188,蒸し中華めんは炭水化物源として使えるが加工度が高い加工食品である。,6
10220,にしんは良質な魚類たんぱくで利用可能だが、開き干しは塩分がある点に注意。,8
11269,ゆでた牛リブロースは良質なたんぱく質と脂質の供給源で料理素材として適切。,9
08036,栽培されたやなぎまつたけは食用のきのこで犬のレシピ素材として問題ない。,8
13004,濃厚な加工乳は乳製品として使えるが乳成分に敏感な個体がいる点に注意。,6
11057,生の牛ランプ肉は良質なたんぱく源で犬の素材として非常に適している。,9
07059,果汁入りの飲料は果実由来の風味があるが加工飲料のため素材としてはやや制限がある。,5
10350,くん製のほたるいかはたんぱく源として利用可能だが燻製処理により塩分等に注意。,7
07002,あけびの果皮は一般に有害成分の指定がなく少量であれば素材として利用可能だが特徴的な風味がある。,6
13054,無脂肪無糖ヨーグルトは乳酸菌を含む発酵乳で犬に適した素材になり得る。,8
06051,そうめんかぼちゃ（果実）は野菜として利用しやすく犬のレシピ素材として適している。,8
18035,筑前煮は複数の具材と調味を伴う調理済み惣菜で、調味や加工があるため素材としては注意が必要。,4
18011,ビーフシチューは複合的な調理済み食品で調味や加工が多く素材としては制限がある。,4
09057,湯通しして塩抜きしたわかめは海藻類として利用できるがミネラル量に留意が必要。,7
11004,和牛のかた（生）は良質なたんぱく源で犬のレシピ素材として非常に適している。,9
13028,乳酸菌飲料は発酵乳製品として利用可能だが製品ごとの添加物や糖分に留意が必要。,6
08058,なめこは一般的な食用きのこで犬のレシピ素材として問題なく使える。,8
01193,即席カップめんは添付調味料を含む加工食品で塩分や添加物が多く素材としては不向きな点がある。,3
14033,加工された植物性油脂で高脂肪のため少量向けだが素材として使用可能,6
10114,良質な魚の生切り身で犬に適したタンパク源（加熱や骨除去が望ましい）,9
06317,食物繊維が豊富な野菜で犬に与えて問題ない（調理して消化しやすくすると良い）,8
13035,乳製品のチーズはタンパク源になるが脂肪や乳糖に注意が必要,6
08040,栽培椎茸のゆで品は安全なきのこ類で犬のレシピ素材として適切,8
15050,和菓子の煎餅は調味・加工が多く添加物や塩分に注意が必要,5
01160,米粉由来の麺はグルテンフリーの炭水化物源として利用しやすい,8
10210,でんぶは調味された魚加工品で塩分や糖分が含まれるため適量での使用向き,5
10409,フライ加工の白身魚は加熱済みだが油や衣による脂質・塩分に注意が必要,5
06280,みょうがは香味野菜で通常は問題ないが風味が強いため少量向け,7
18033,きんぴらごぼうは味付けされた惣菜で調味料や辛味が含まれるため注意が必要,3
10246,ほっけは良質な魚タンパク源（調理と骨・内臓の除去が前提）,9
10206,焼きたらは調理済みの白身魚で犬のレシピ素材として適切,9
07065,グレープフルーツ飲料は柑橘由来の成分で消化器を刺激する可能性があるため注意が必要,4
07061,ぐみの果肉は一般に問題なく与えられる（種は除去）,7
10054,めざしの焼き物は小魚としてタンパク源になるが骨や塩分に注意,8
04060,湯葉は大豆由来のタンパク源として利用可能だが大豆アレルギーに注意,7
07055,キワノの果肉は食用で果皮は除去すれば使用可能だが流通が少ない,7
10107,かわはぎは良質な魚で犬に適したタンパク源（加熱と骨除去が前提）,9
07120,ぶどう含有の飲料はぶどう成分により急性腎障害を引き起こす危険があるため禁忌,1
15034,小豆のこしあんと小麦の皮からなる和生菓子で、有害成分は含まれず犬の素材として使用可能だが加糖・加工度が高い。,7
06316,コスレタスは葉野菜で水分・食物繊維が豊富、犬のレシピ素材として適している。,9
17123,酢みそは発酵調味料で塩分や酸味があるため風味付けには使えるが単体での利用は注意が必要。,5
18051,チキンハンバーグは良質な動物性たんぱく源を含む料理で犬のレシピ素材として適している。,9
07127,ぶんたん（ザボン）の果肉は柑橘類で風味付けや少量のトッピングとして使えるが加工品のため塩分・糖分に注意。,7
15085,ワッフル（ジャム入り）は糖分・脂質が高い菓子類で、素材としては加工度が高く頻用は適さない。,5
01037,ナン（小麦製）は消化しやすい炭水化物源として利用可能な素材。,8
06315,サニーレタスは葉野菜で水分と食物繊維があり犬のレシピ素材として適している。,9
06412,だいずもやしの油いためは野菜性素材だが調理油が加わっているため脂質量に配慮が必要。,7
11039,牛リブロース（ゆで）は良質なたんぱく質と脂質を含む肉類で犬の素材として適している。,9
13055,マスカルポーネは乳製品で高脂肪のため少量であれば利用できるが脂質が高い。,6
06082,ゆでたコールラビは根菜の一種で消化に良く犬の素材として適している。,9
01096,七分つき米のかゆは消化の良い炭水化物源で犬のレシピ素材として適している。,9
16008,ビールにはアルコールが含まれ、犬にとって中枢神経抑制など有害であるため使用不可。,1
10122,生のまごちは良質な魚類だが生食は寄生虫や微生物のリスクがあるため調理の有無を確認して使用する。,8
17111,マリネ液は調味ソースで塩分や酸味、香辛料を含むことが多く、風味付けには使えるが単体での使用は限定的。,5
13018,ホイップクリームは高脂肪・高糖の乳製品で少量なら問題ないが常用には適さない。,5
15165,蒸しまんじゅう（つぶしあん）は小豆あんと生地からなり有害成分は含まず使用可能だが加工菓子である。,7
15127,カレーパンは揚げ物で香辛料や脂質が高く、複合調理済み食品として犬の素材には注意が必要。,4
10185,しまあじ（養殖・生）は良質な魚類で犬のレシピ素材になり得るが生食のリスクを考慮する。,8
10012,焼いたむろあじは良質な動物性タンパク源で、骨を除けば犬の素材として適する。,9
17063,黒こしょうは香辛料であり消化器を刺激することがあるため使用は控えめにするべき。,3
14034,マーガリンは加工脂肪が主体で脂質が高く、少量限定での使用が望ましい。,5
06128,かいわれ大根は野菜でビタミンや食物繊維があり犬に与えやすい素材。,8
13053,低脂肪無糖ヨーグルトは乳酸菌を含み消化に好影響を与える場合がある。,9
13029,乳酸菌飲料は発酵乳で利用可能だが製品により成分が異なるため配慮が必要。,7
11210,七面鳥肉（皮なし）は良質なたんぱく源で犬のレシピ素材として適切。,9
18002,餃子は複合調理品で調味料や香味野菜（玉ねぎ・にんにく等）が含まれる可能性があり注意が必要。,3
10361,まだこは良質な魚介たんぱくだが調理や咀嚼しやすさに配慮が必要。,7
01018,中力粉は炭水化物源として幅広く使える一般的な素材。,8
15135,レアチーズケーキは高脂肪・高糖の加工菓子で、原則として使用は制限すべき。,5
11027,和牛ランプは良質な赤身たんぱくで犬のレシピ素材に適する。,9
04002,ゆであずきは加熱済みの豆類で食物繊維が豊富、適量で利用可能。,7
06096,しそ（実）はハーブ素材として風味付けに安全に使える。,8
01133,コーングリッツは穀類の炭水化物源としてレシピに利用しやすい。,8
01002,あわ（精白粒）は穀類の穀物で犬の食材として利用しやすい。,8
11086,子牛リブロースは良質なたんぱく源だが脂肪量に配慮して使用する。,9
11114,鹿肉（赤肉）は低脂肪の良質たんぱくで犬の素材として適している。,9
11187,セミドライソーセージは加工肉で塩分・香辛料が高く、原材料によっては注意が必要。,4
16026,みりんはアルコールを含み、犬に有害となるため使用不可。,1
04080,良質な植物性たんぱく源で犬のレシピ素材として適している,8
11090,牛舌は高タンパクで風味があり犬の肉素材として適切,9
04087,凍り豆腐は大豆由来のたんぱく質が豊富で犬に利用しやすい加工品,8
06020,さやえんどうはビタミンや食物繊維が豊富で犬のレシピ素材に適する,9
11213,鶏むね肉は良質なたんぱく源。皮は脂質が多い点に留意が必要,9
11053,そとももは赤身主体のたんぱく源だが脂肪がやや多めで量に配慮が必要,8
10463,焼きまぐろは良質な魚由来のたんぱく質・脂肪酸源で利用しやすい,9
09001,あおさは海藻類でミネラルや食物繊維が豊富だが与え方に注意が必要,7
10334,ゆで毛がには良質なたんぱく源。殻は除去して与える必要がある,8
06394,オレンジピーマンはビタミンが豊富で犬に適する。油調理の点は留意,8
07062,グレープフルーツなどの柑橘類は消化器刺激や苦味成分があり注意が必要,4
15030,和生菓子は糖分・脂質が多く、犬の主原料としてはあまり適さない,4
10025,養殖あゆは良質な魚肉で犬のレシピ素材として適している（骨・内臓は除去）,9
07176,りんごの果肉はビタミン・食物繊維が豊富で安全。芯と種は除去する必要がある,9
09039,わかめはミネラルや食物繊維が豊富だが、与え方によっては注意が必要,7
02052,生の里芋類は刺激成分を含み、生のままでは消化器刺激を起こす可能性がある,4
06209,花にら（にら類）はネギ属で溶血性貧血を引き起こす成分を含むため禁忌,1
09046,塩抜きしたくきわかめは海藻として利用可能だがミネラル量に注意が必要,7
06206,にがうり（ゴーヤ）は苦味成分があり消化器に刺激を与えることがあるが素材として使える,7
07058,果汁分が少ない加工飲料で糖分や添加物が含まれやすく犬の素材としてはやや不向き,5
04013,ゆでた青えんどうは消化に良い野菜で、タンパク質補助や食物繊維源として使いやすい,8
01199,即席めんは調味料や添加物・塩分を含む複合調理済み食品のため素材としては注意が必要,3
08057,しいたけ自体は安全だが、天ぷらのような揚げ調理は脂質が高く加工度も高いため素材としては制約がある,4
10464,養殖の脂身をソテーしたまぐろは良質な動物性タンパクで犬のレシピに適している,9
15087,オレンジゼリーはデザート系の加工食品で糖分や添加物が含まれやすく、使用量の管理が必要,5
02057,ゆでタピオカは消化しやすいでん粉源として利用できるが栄養は限定的,7
02059,乾燥のでん粉めんは穀類・でん粉源として使える安定した素材,7
10427,生のくろあわびは良質な海産タンパクで、貝殻や内臓を除けば素材として適する,8
10214,どじょうの水煮は加熱済みの魚類で良質なタンパク源として利用できる,9
10168,生のよしきりざめは魚類としての栄養価は高いが、種によっては汚染物質の懸念や生食リスクがあるため慎重さが必要,7
02035,とうもろこしでん粉は安定したでん粉原料でつなぎやとろみ付けなどに利用しやすい,8
01104,七分つき米は消化に良い炭水化物源で、犬のレシピ素材として適している,9
04061,金山寺みそは発酵大豆由来で旨味があるが塩分や加工度が高いため使用量に注意が必要,6
04008,ゆでたいんげんまめは食物繊維とビタミンの供給源として安全に使える野菜素材,8
09052,ひじきはミネラルを含む海藻だが、調理済みでも特定の無機元素に注意が必要で油炒めのため脂質も考慮が必要,5
02015,生のやつがしら（里芋類）は生では刺激成分を含むことがあり、適切な加熱処理が必要,4
07045,オレンジ果実飲料は果汁を含むが加工飲料で糖分や添加物があり、素材としては制約がある,4
01015,薄力粉は調理素材として幅広く使え、つなぎや加熱加工で安全に利用できる,8
01078,パン粉は衣付けなどに使える加工小麦製品で素材として利用可能だが加工度が高い,7
10140,イクラは海産のタンパク源だが塩分が高く加工品であるため使用量を控える必要がある,6
15082,焼き菓子で糖質・脂質が高く加工度も高いため、素材としては利用可能だが理想的ではない。,6
08051,栽培まいたけは可食で加熱済みの調理品として安全に使える。,8
06242,はやとうり自体は問題ないが塩漬けのため加工度が高い点に注意が必要。,6
08016,ぶなしめじは一般的に犬が食べられるきのこ類で素材として適している。,8
15131,チョコレートに含まれるテオブロミンは犬に有毒で危険性が高い。,1
03014,糖類のシロップは栄養的に偏りがあり加工度が高いため素材利用は限定的。,5
11099,牛の大腸はたんぱく質源として利用できるが内臓であるため取り扱いに注意が必要。,8
10469,加熱されたえび類は良質なたんぱく源で適した素材（殻や内臓は除去された状態）。,9
13020,コーヒーホワイトナーは乳製品ベースの加工品で、乳糖不耐症の犬には注意が必要。,6
07033,みかん果汁は果肉成分に由来する栄養があるが飲料は加工度と糖分が高い点に注意。,6
10128,塩漬けまたは塩処理されたます類は良質なたんぱく源で素材として適している。,9
02024,ゆでたながいもは消化しやすく食物繊維や栄養が得られる安全な素材。,8
10229,生干しのはたはた（魚）は魚類として利用可能だが塩分や骨の除去に注意。,8
07169,グァバの果肉は犬が食べられる果物で、種や皮の除去が前提であれば安全。,7
07088,日本なしの果肉は安全で水分・繊維が取れる良い素材（種・芯は除去）。,8
06220,きんとき（にんじん類）は生でも加熱でも安全で、犬に適した野菜素材。,9
10470,フライされたするめいかは脂質が高く加工度も高いため素材利用は限定的。,5
06124,未熟そらまめは消化不良を起こす可能性があるため注意が必要。,4
11256,ゆでたリブロースは良質なたんぱく源だが脂身が多いため与え方に配慮が必要。,9
06091,塩漬けのさんとうさいは野菜として利用できるが塩分に留意する必要がある。,6
01215,精白米の粥は消化に良い炭水化物源で犬のレシピ素材として適している。,9
11093,牛の腎臓はタンパク質・ミネラルが豊富な臓器肉で素材として有用。,8
06285,紅たでの芽は食用の葉茎で風味付けや少量の野菜素材として利用可能。,7
06225,茎にんにく（にんにく類）は溶血性貧血を引き起こす成分を含むため与えてはいけない。,1
01076,ピザ生地は焼いて使用すれば炭水化物源になるが、生地のままでは発酵等のリスクがある。,5
10347,焼きするめいかは良質な魚介のたんぱく源で犬のレシピ素材として適している。,9
10331,つくだ煮は味付けや塩分が強い加工品のためそのまま多用するのは適さないが少量の風味付けには利用できる。,5
10309,はまぐりのつくだ煮も塩分や調味加工が強いため多用は避けるが風味付けには使える。,5
02016,水煮したやつがしら（里芋類）は加熱済みのでん粉源として利用できる。,7
01026,食パンは炭水化物源として利用可能だが、量や添加物に注意が必要。,7
10342,生のあかいかは良質なたんぱく源だが、生食由来のリスクに留意して調理すれば素材として適する。,7
10325,素干しのさくらえびは風味付けやカルシウム源として使えるが、塩分や加工品である点に注意。,6
07051,干しがき（干し柿）は果実として可食で甘味のある素材だが糖分が高めである点に注意。,7
10118,焼きぐちは調理済みの魚で良質なたんぱく源として犬のレシピに適している。,9
08014,乾しいたけをゆでたものは安全なきのこ類で風味や栄養の補助素材として使える。,8
13007,コーヒー風味の乳飲料はカフェインを含む可能性があり犬には有害なので与えてはいけない。,1
11127,豚ロース生は良質な動物性たんぱく源で犬のレシピ素材として適している。,9
11067,牛のリブロース（脂身つき）はエネルギー源として有用な肉類素材である。,9
10076,生のおおさがは魚類としてたんぱく源に適するが、生食によるリスクに留意する必要がある。,8
05008,ぎんなん（生）は中毒性を示す成分を含むため犬には与えない方が良い。,2
06384,グリンピース・コーン・にんじんなどの野菜中心で犬のレシピ素材として問題なく使える,8
07174,果肉は犬に安全なメロン類で、種や皮を除けば素材として適している,8
17136,キムチの素は一般ににんにく・ねぎ等のネギ属を含むことが多く、犬に有害となり得る,2
10249,魚類は良質なたんぱく源でレシピ素材として適切（調理時に骨を除く必要あり）,9
01091,おかゆの米は消化に良い炭水化物で犬の素材として適している,9
13025,無糖の全脂ヨーグルトは乳製品で一般には利用可能だが、乳糖不耐症の個体に注意,8
06361,レタスは消化にやさしい葉物で素材として問題ない（芯は除去）,8
10289,ムール貝などの貝類はたんぱく源として使えるが、殻除去やアレルギーに注意,7
10330,干しえびは甲殻類のたんぱく源として使えるが、アレルギーや殻の除去に注意,7
18012,しゅうまいは複合調理済み食品で調味料や香味野菜が含まれることが多く、素材としては扱いに注意が必要,3
06169,とうがらしは辛味成分で消化器を刺激しやすく、犬には不向きなことがある,3
11071,牛サーロインは良質なたんぱく源で犬のレシピ素材として非常に適している,10
12012,卵黄は栄養価が高いため素材として適しているが、生由来の衛生リスクに留意,8
11284,あひるの皮は脂肪分が高く使用量に注意が必要だが素材としては利用可能,7
11076,牛もも（脂肪少）は良質なたんぱく源で犬のレシピ素材として適切,10
06399,野菜ミックスジュースは加工飲料で繊維が少ない点を考慮する必要があるが、素材として利用可能,6
04076,しょうゆ豆は豆類を加工したものでたんぱく源になり得るが、加工調味（鹹味等）に注意,6
06358,ゆでほうれんそうは加熱済みで与えやすく、適度な量であれば素材として使える（シュウ酸を考慮）,7
06246,青ピーマンは果実部は犬に安全で風味付けに使える（種やへたは除去）,8
10010,焼きあじは調理済みの魚で良質なたんぱく源、骨を除けば素材として適している,9
01170,押し麦めしは良質な炭水化物と食物繊維源で犬のレシピ素材として適している,8
10006,まあじは良質なたんぱく源の魚類。骨は除去して使用することが前提,9
04067,ひよこまめ自体は栄養価があるが、フライ・味付けの加工があるため素材としては加工度が高い,5
06003,あさつきはネギ属に該当し、溶血性貧血などの危険があるため犬には禁忌,1
10138,しろさけ（焼き）は良質なたんぱく源の魚類で、調理済み切り身として使いやすい,9
07087,ドリアンの果肉に特異な強い毒性の報告はなく使用可能だが高エネルギーである点に留意,7
10193,まだいは良質なたんぱく源の魚類。骨や内臓の除去を前提に使用可,9
04072,ゆでたりょくとう（豆類）は加熱済みで消化しやすく素材として利用可能,8
02070,おおうばゆりでん粉はでん粉類の炭水化物源として利用可能な素材,7
18055,かきフライは牡蠣自体は蛋白源だが、揚げや衣などの加工があり加工度が高い,5
10238,ふな（生）は淡水魚としてたんぱく源になるが骨除去などの処理が前提,8
15014,きりざんしょ等の和生菓子は砂糖や加工が多く、素材としては加工度が高い,5
10286,干しあわびは海産の良質なたんぱく源であり、干し加工があっても素材として使用可能,7
11077,牛もも赤肉は良質な動物性たんぱく源で犬のレシピ素材として理想的,10
09025,てんぐさ（寒天原料）は食物繊維源で犬に使用可能な海藻性素材,8
07116,ぶどうは少量でも急性腎不全を引き起こす危険があるため犬には禁忌,1
06026,水煮缶詰のグリンピースは加熱済みで繊維・炭水化物源として使用可能,8
11288,鶏むね肉（皮なし・焼き）は低脂肪で良質なたんぱく源、犬のレシピ素材として理想的,10
10370,塩抜き済みのくらげは低脂肪で問題なく、食感や栄養面は限定的だが使用可能,7
06219,ゆでたきんとき（にんじん）はビタミンと食物繊維の良い供給源で犬の素材として適している,9
17102,酢・砂糖・食塩を主成分とした調味料で、少量の風味付けには利用可能。塩分に注意して使用。,7
06143,大根や茄子などの野菜を原料とする漬物で素材自体は問題ないが、漬け液による塩分や調味料が多めのため控えめに使用。,6
11008,和牛のかたロースは良質なタンパク源・脂質源で犬の素材として非常に適している。,10
15144,ずんだ（枝豆）と餅を組み合わせた和菓子で、枝豆は利用可能だが餅は粘着性があり加工食品として扱いに注意。,5
15057,揚げせんべいは加工度が高く脂質や塩分が多めのため、素材としては控えめに使うことが望ましい。,5
06065,きゅうりは水分豊富で低カロリー、犬にとって安全で使いやすい野菜。,9
10349,ゆでほたるいかは良質な魚介タンパクだが、風味が強くアレルギーや消化を考慮して量に注意。,8
02009,蒸し切干しさつまいもは食物繊維と炭水化物の供給源として適しており犬にも使いやすい。,9
05021,すいかの果肉は水分・ビタミンが豊富で安全だが、味付けがある場合は塩分や糖分に注意。,8
11063,輸入牛のかた（脂身）は良質なたんぱく質・脂質源で犬のレシピ素材として適している。,10
09018,昆布はミネラルが豊富な海藻で少量の利用は可能だが、ヨウ素含量が高めなため多量使用は避ける。,7
06076,キンサイ（中国セロリ）は茎葉の野菜で、加熱済みなら消化しやすく利用しやすい。,8
15137,チョコレートを含み、テオブロミンによる中毒の危険があるため犬には不可。,1
08044,原木栽培の生しいたけは一般に安全な食用きのこで、油いためは風味は強くなるが素材として使える。,8
01053,沖縄そば（小麦麺）は炭水化物源として利用可能だが加工食品のため主成分としては控えめに。,6
12007,全卵の水煮缶詰は良質なたんぱく質と脂質を含み、犬の素材として適している。,9
10007,開き干しのまあじ（焼き）は良質な魚由来のタンパク質で利用可能だが塩分が含まれる場合があるため注意。,9
01069,ちくわぶは小麦由来の加工食品で、栄養源としては限定的なため副素材扱いが望ましい。,5
06019,トウミョウ（豆苗）は葉茎類の野菜でビタミン・食物繊維源として犬に適している。,8
06148,たかな漬は葉物野菜が原料で素材自体は問題ないが、漬物であるため塩分に注意して使用。,6
11136,豚肉は良質なタンパク源で犬の素材として適切。脂肪分は調整可。,9
10402,にじますは良質な魚類で犬のレシピ素材として適切（皮なし・生でも素材として扱える）。,9
06090,ゆでた葉物野菜で消化に良く栄養価があり犬に適した素材。,8
06038,かぶ（根）は犬に与えて問題のない野菜で素材として適切。,8
06323,わさびは刺激性が強く消化器を刺激するため注意が必要。,3
01115,米製品のビーフンは消化しやすい炭水化物源として使用可能。,8
17049,即席みそは発酵大豆の調味料で風味付けには使えるが塩分が高めな点に注意。,5
16017,ブランデーなどのアルコールは中枢抑制など有害作用があるため絶対に避けるべき。,1
06100,ゆでた春菊は葉物野菜として栄養があり犬に適した素材。,8
08052,栽培マッシュルームは一般に安全だが、油で炒めてあるため脂質量に注意。,8
04038,焼き豆腐は良質なたんぱく源で犬に与えて問題のない素材。,8
07072,さくらんぼ（果肉、核除去済み）は果実として与えられるが種は除去してあるため使用可能。,8
17060,からし（粒入りマスタード）は刺激性が強く消化器を刺激するため注意が必要。,3
06182,完熟のトマト果実は一般に犬に与えて問題ない果物・野菜素材。,8
06093,ししとうは辛味が強くない場合は与えやすいが、辛い個体は消化器刺激の可能性あり。,7
10080,かじかは魚類で良質なたんぱく源。魚体全体だが素材として使用可能。,9
15184,デニッシュペストリーは加工済みで脂質・糖質が高く、複合調理食品として注意が必要。,4
06011,ゆでたいんげんは低アレルギーで繊維質もあり犬に適した野菜素材。,8
11141,豚かた（脂身つき）は良質なたんぱく源で使用可能。脂肪量は調整が必要。,9
04103,こしあんは豆由来の甘味素材だが加糖のため使用量に注意が必要（少量なら可）。,5
16037,緑茶はカフェインを含み、犬に神経や心臓への影響を起こす可能性があるため禁忌です。,1
15054,中華風クッキーは加工度が高く脂質や糖分が多い可能性があるため素材としては慎重を要します。,5
11212,鶏手羽は良質なタンパク源で犬のレシピ素材として適切です（骨は調理で除去が前提）。,9
11247,鴨（あひる）肉はタンパク源として利用可能でレシピ素材に適しています。,9
11275,鹿肉は低脂肪で良質なタンパク源となり犬のレシピ素材として適しています。,9
13033,カッテージチーズは比較的乳糖が少なく使いやすい乳製品ですが、乳糖不耐の犬には注意が必要です。,7
11126,豚ロースは良質なタンパク源で犬のレシピ素材として適しています。,9
10429,あわびは低脂肪で良質な海産物ですが、殻や内臓は除去して用いる必要があります。,8
06204,茹でた洋種なばなは火を通した葉茎野菜で犬のレシピ素材として適しています。,8
15176,イーストドーナッツ（あん・カスタード入り）は加工度が高く糖質・脂質が多いため素材としては慎重を要します。,4
06337,葉たまねぎはネギ属に該当し、溶血性貧血を引き起こすため禁忌です。,1
15151,串団子（あん入り）は加工された甘味菓子で糖分が高く、素材としては注意が必要です。,5
11078,牛もも（脂身）は良質なタンパク源で犬のレシピ素材として適しています。,9
04005,あずきのさらしあんは加工度が高く糖分が多い場合があるため慎重に使う必要があります。,5
11306,ウインナーソーセージは加工肉で塩分や添加物が多い可能性があるため素材としては注意が必要です。,5
01107,半つき米（玄米に近い米）は炭水化物源として利用可能で犬のレシピ素材として適しています。,8
13017,ホイップクリームは高脂肪・高糖質で消化不良や膵炎リスクがあるため慎重に扱う必要があります。,5
08003,味付けえのき（瓶詰）は加工調味がされており塩分や添加物に注意が必要です。,5
07109,完熟パパイアの果肉は消化に良い果物で犬のレシピ素材として利用可能です（皮・種は除去）。,8
15080,アップルパイは加工度が高く糖分・脂質が多いため素材としては慎重を要します。,4
06303,油脂分が高く消化不良や膵炎のリスク、アレルギーの可能性があるため注意が必要,4
10305,貝類は良質なタンパク源だが生は寄生虫・細菌や殻の危険があり、加熱と殻除去が望ましい,6
02031,消化しやすい炭水化物源でレシピ素材として利用可能,8
04091,大豆由来の良質な植物性タンパクで利用できるが、大豆アレルギーに注意,7
07030,果汁は酸味が強く消化器への刺激や濃度による影響があるため、多用は避けるべき,5
11100,肉類の副生物として良質なタンパク源であるが、衛生管理と加熱に注意,9
07009,果肉は与えられるが缶詰のシロップ等により糖分が多く含まれる場合があるため量に注意,7
03006,純粋な砂糖で栄養価は低く、頻繁な使用は推奨されない,5
11037,良質なタンパク源だが脂肪分が高く過剰摂取で消化不良や膵炎のリスクがある,9
10459,良質な魚のタンパク・脂肪源だが大型魚は重金属蓄積の懸念があるため注意,8
06356,ビタミンやミネラルが豊富だがシュウ酸を含み大量摂取は注意が必要,7
09036,海藻はミネラル源になるがヨウ素過剰や塩分に注意が必要,7
17045,発酵大豆の調味料で風味付けに使えるが塩分が高いため量に注意,5
18036,複合調理済みの惣菜で成分が不明瞭、玉ねぎ等の使用や調味料の影響があるため注意が必要,3
10145,加熱された鮭は良質なタンパクと脂肪酸が得られ犬に適した食材である,9
11017,赤身肉は良質なタンパク源で使用可能だが、脂肪量や調理状態に留意,9
01001,栄養価の高い雑穀でレシピ素材として適している,8
10196,小型魚は良いタンパク源だが生の場合は骨や寄生虫の注意が必要,8
10336,加熱済みの蟹肉はタンパク源として利用できるが殻の除去とアレルギーに注意,8
07097,果肉は与えられるが酸味や酵素で消化器に刺激が出ることがあるため量に注意,7
06054,カリフラワーは消化しやすい野菜で食物繊維やビタミンを含み犬の素材として適する,8
02062,はるさめ（でん粉製品）は消化可能な炭水化物源でレシピ素材として使いやすい,7
11154,豚もも肉は良質なタンパク源で犬のレシピ素材として適している,9
17056,オニオンパウダーは玉ねぎ由来でネギ属の有害成分を含むため犬に禁忌である,1
07037,塩漬けオリーブは風味付けに使えるが種子は除去が必要で塩分の点に留意が必要,7
11025,和牛の赤肉は良質なタンパク源で犬のレシピ素材として適している,9
06365,生のしょうがは刺激性があり犬の胃腸に負担をかけることがあるため使用に配慮が必要,7
15120,チューインガムは消化不良や窒息のリスクがあり、有害甘味料を含むこともあるため素材として不向き,3
11250,焼き調理された牛ももは調理済みの良質なタンパク源で使いやすい,9
11168,豚の胃（ゆで）は内臓肉として栄養があり素材に使えるが脂質や食感に留意が必要,8
06158,たらのめ（ゆで）は山菜の調理済み素材で風味付けや食感の要素として利用可能,7
07080,にほんすもも（プラム）はソルビトール等により消化器症状や代謝影響を起こす可能性があるため禁忌である,1
06298,ようさい（茎葉）は葉菜類でビタミンや食物繊維があり素材として適する,8
01066,焼きふ（小麦由来のふ類）は穀物由来の素材として利用可能,7
18027,紅白なますは酢や塩、糖を含む加工食品であり味付けの点で扱いに配慮が必要,4
06344,にらはネギ属で犬に有害な硫化アリル等を含むため禁忌である,1
01105,精白米は消化しやすい炭水化物源で犬のレシピ素材として適している,9
03009,氷砂糖は糖類であるため糖分の点で多量は避けるべきだが素材としては使える,6
06147,たかなの葉は葉野菜としてビタミンや食物繊維があり素材に適する,8
13008,果実入り乳飲料は乳糖や糖分を含み犬によっては消化に注意が必要な加工飲料である,6
06113,葉野菜で犬に与えやすい食材。ビタミンや食物繊維の供給源として適する。,8
11108,牛タンは良質な動物性たんぱく源。燻製の加工があるが犬のレシピ素材として利用可能。,9
16058,ノンアルコールの風味炭酸飲料は香料や添加物が多く、食材としては適さない。,4
07023,梅干しは強い酸味と高い塩分を含む加工食品で、犬には刺激や負担になるため注意が必要。,4
10115,銀鱈は良質な魚のたんぱく源で犬のレシピ素材として適している。,9
10380,かまぼこは魚由来の加工品で使用可能だが、加工調味や塩分に注意が必要。,7
04099,絹ごし豆腐は消化しやすい植物性たんぱく源として利用可能。,8
15153,桜もち（和菓子）は砂糖やもちの粘着性があり、加工菓子として原則注意が必要。,5
11111,くじら肉は動物性たんぱく源として利用できるが、一般的な肉同様に扱う必要がある。,9
01108,七分つき米は消化に良い炭水化物源で犬のレシピ素材として適している。,9
01114,上新粉（米粉）は犬のレシピで使いやすい炭水化物原料である。,9
04032,木綿豆腐はたんぱく源として利用可能で、調理して与えやすい。,8
10244,ほうぼう（魚）は良質な魚のたんぱく源で犬の食材として適している。,9
11176,ロースハムは加工肉で塩分や保存料が多い可能性があり、使用時は注意が必要。,5
16005,アルコール飲料は犬に有害で、中枢神経や内臓に影響を及ぼすため使用不可。,1
10201,すけとうだら（たら類）は犬に適した魚のたんぱく源である。,9
06095,しそ（青じそ）は香味野菜として安全で、少量なら犬の食材に適する。,8
10298,たいらがい貝柱は良質な魚介たんぱく源で、適切に調理すれば利用可能。,8
10458,開き干し焼きのにしまあじは調理済み魚で利用可能だが、骨や塩分に注意。,8
10318,味付け缶詰の貝類は味付けや保存料・塩分が強い場合が多く、素材としては注意が必要。,5
05007,殻つきの種子類と思われ、殻による誤嚥や消化不良、脂肪量や成分の不明点があり注意が必要,4
12019,卵は良質な蛋白源で、加熱された卵焼きは犬のレシピ素材として適している,9
15067,麦粉・砂糖等の和菓子で栄養価は低く加工食品のため素材としては限定的に使用するのが望ましい,5
05020,殻および渋皮を除く必要がある種実で、タンニン等による消化器症状のリスクがあるため注意が必要,4
07024,梅びしおは塩分や酸味が強く、味付け系の素材としては注意が必要（加工調味料）,4
06221,ゆでにんじんは消化しやすくビタミンや食物繊維が豊富で犬に適した素材,9
06409,生の島にんじんは繊維質で安全な野菜素材だが、消化性を考慮して調理が望ましい場合もある,8
10001,あいなめなどの魚は良質な動物性蛋白で犬のレシピ素材として適している,9
10440,蒸しの養殖サーモンは加熱済みの良質な魚類で、犬の素材として非常に適している,10
15064,糖衣を施した大豆菓子は加工・糖分が多く、素材としては限定的な利用が適切,5
17080,わさび・からし等の香辛料は刺激が強く消化器刺激のリスクがあるため注意が必要,3
15178,ドーナッツは油脂・糖分が高い加工菓子で、素材としては限定的に使用するのが望ましい,5
06359,油いためのほうれんそうは葉物野菜として栄養価があり利用できるが、鉄分やシュウ酸を考慮する必要がある,8
04077,乾燥の全粒黒大豆は植物性たんぱく源として利用可能だが、生のままでは調理が必要,7
04025,乾燥の全粒黄大豆も同様に良い植物性たんぱく源で、調理して利用する素材として適している,7
07038,塩漬けオリーブは果実自体は可だが塩分と種子に注意が必要,6
10374,ほやは海産のタンパク源だが風味やアレルギー、加熱の可否を考慮する必要がある,6
14009,パーム油は脂質源として使用できるが飽和脂肪が多く量に注意が必要,7
12016,乾燥卵白は良質な蛋白源で、加工形態としてレシピ素材に適している,9
06314,リーフレタスは水分と食物繊維が多く消化に優れた葉物野菜で素材として適している,9
14013,安全な植物性脂質でエネルギー源になる。調理素材として利用しやすい。,8
08031,栽培マッシュルームは一般に安全で、食物繊維やミネラル源として使える。,8
10093,削り節を甘辛く煮た加工品で塩分・調味料が多く、そのまま素材としては不向き。,3
07047,マーマレードはオレンジの皮を含む加工品で苦味成分や香気成分、糖分が多い点が懸念される。,4
10311,ホタテは良質な魚介タンパクで犬のレシピ素材として適している。,9
14023,あまに（亜麻仁）油は必須脂肪酸を含む良質な油脂で栄養的に有用。,9
04006,加糖された練りあんは加工度が高く糖分が中心のため、素材としては限定的。,5
17130,あごだしは風味付けの調味料で塩分やうま味が濃く、そのまま主素材に使うには適さない。,4
02048,紫芋は根菜類として栄養価が高く、犬のレシピ素材として利用可能。,8
11002,猪豚（いのぶた）肉は良質な動物性タンパク源でレシピ素材として適している。,9
15110,ドロップ類は高加工の糖菓で甘味料や添加物が中心のため基本的に素材向きではない。,4
09050,乾燥ひじきはミネラル源として使えるが、特性上ミネラルや無機質の含有に注意が必要な海藻類。,6
13014,生クリームは乳脂肪が豊富で風味付けには利用できるが脂質が主要成分である。,6
01062,即席めんは多くの調味料・添加物・塩分を含む加工食品で素材としては不適切。,3
11202,ラム肉は良質なタンパク源で犬のレシピ素材として適している。,9
06033,ゆでオクラは消化に良い野菜で、食物繊維やビタミン源として使いやすい。,9
10123,めごち（魚）は魚類として良質なタンパク源でレシピ素材に適している。,9
10362,茹でたまだこは魚介の良質なタンパク源で犬のレシピ素材として適している。,9
05023,未熟なはす（蓮）は一部で渋味や消化への影響があり、扱いに注意が必要な植物性素材。,7
10364,あみの塩辛は発酵・塩漬けの加工品で塩分や強い風味があるため素材としては適さない。,3
15078,加工度が高く糖分・脂肪が多い菓子類で、犬の主要素材としては不向き（嗜好性は高いが栄養素材としては限定的）,4
07167,かんきつ類の果肉（じょうのう膜を除いた砂じょう）は一般的に犬に与えて問題ない栄養源,8
01088,精白米は消化しやすい炭水化物で犬のレシピ素材として適している,9
06378,ゆでたスイートコーンの実は安全な野菜性の炭水化物・食物繊維源で使用可能,8
09047,わかめ（めかぶ）はミネラルや食物繊維を含むがヨウ素量に注意が必要な海藻類,7
01183,赤米は全粒に近い米で炭水化物と食物繊維の供給源として適している,8
04039,生揚げ（厚揚げ）は大豆由来のたんぱく源として利用できるが油分が多めの加工食品である,6
15187,チョコレートはテオブロミン・カフェインを含み、犬に神経・心臓系の中毒を起こすため危険,1
06248,加熱した赤ピーマンはビタミンを含む安全な野菜で、調理油の影響のみ注意が必要,8
11115,豚肉は良質な動物性たんぱく源で犬のレシピ素材として適している（脂身は量に注意）,9
10213,どじょうなどの魚類は良質なたんぱく源で、魚特有の栄養（脂肪酸等）を期待できる,9
09059,わかめの水煮の汁はミネラルを含むが、成分により塩分・ヨウ素に注意が必要な液体成分,7
13019,植物性ホイップクリームは糖脂肪が高く栄養素材としては限定的だが、付加的な風味素材として使える,5
16007,ビールなどのアルコール飲料はエタノールを含み犬に中枢神経抑制などの有害作用を起こすため危険,1
17113,焼き肉のたれは複合調味料で塩分・糖分が高く、にんにく・玉ねぎ系が含まれることが多いため素材としては不適切,3
01081,半つき米は精白度の低い米で炭水化物や食物繊維の供給源として適している,9
17089,精製塩は調味料として利用される成分で、単体では栄養素材としては限定的（塩分管理が必要）,5
12020,ピータンは加工された保存食品で塩分や加工添加物が多く含まれる場合があり、原料卵とは性質が異なるため注意が必要,3
17033,ミートソースは複合調味済み食品で、玉ねぎ・にんにく・塩分等が含まれる可能性が高く素材としては不向き,3
18016,メンチカツ（フライ用冷凍）は複合加工食品で衣や油分・調味料が多く、犬の基本素材としては適さない,3
17044,発酵大豆由来の調味料で旨味があり犬のレシピ素材として使いやすい（塩分量に配慮）,8
10021,天然の魚で良質なタンパク源、魚の切り身は素材として適切,9
11183,豚肉由来のタンパク源だがベーコンは加工品で塩分・脂質が高め,5
11125,加熱済みの豚ロースで良質なタンパク源、脂身は量に配慮して使用,9
04027,大豆は良い植物性たんぱく源だが乾燥状態は調理して与える方が適切,7
17052,ルウ類は加工度が高く調味料成分が多いため素材としてはやや注意が必要,5
06021,ゆでたさやえんどうは低脂肪で食物繊維があり犬のレシピ素材として適している,8
01119,もち米由来の加工食品で炭水化物源として使えるが加工品である点に留意,6
06172,辛味成分が強く消化器に刺激を与える可能性があるため注意が必要,3
15015,砂糖を主成分とする和菓子で高糖分、菓子類としての使用は制限が望ましい,5
11223,加熱済みの鶏ももは良質なたんぱく源、皮つきは脂質に配慮して使用,9
06302,よもぎは食用の葉物で風味付けや野菜素材として利用可能,8
10430,牡蠣は良質だがフライは衣や油が付く加工品で脂質や塩分に注意が必要,5
06052,からしなは葉物野菜として使えるが辛みや独特の風味に注意,7
16041,緑茶の浸出液はカフェイン等が含まれ犬に有害となるため不適切,1
01024,ホットケーキ用プレミックスは便利な加工粉だが糖脂等を含む点に留意,6
10188,すずきは白身の良質な魚で犬のレシピ素材として適切,9
06014,やまうどの茎は山菜として風味付けに使えるが独特の成分に注意,7
07026,みかんの果肉は水分・ビタミン源として与えやすく素材向き（果皮は除去）,8
10322,加熱済みのえびは良質なたんぱく源、殻は除去して使用する前提,9
03032,還元水あめは単純糖質であり少量なら問題ないが、素材としては加工度が高い,5
18026,ねぎ（ネギ属）が含まれており、溶血性貧血を引き起こすため不適,1
15171,デニッシュペストリーは油脂・糖分が多い加工食品で、素材としては使えるが理想的ではない,5
07133,マンゴスチンの果肉は一般に問題なく与えられる果物で、素材として使用可能,7
01028,コッペパンは小麦製品で少量なら問題ないが加工食品である,6
06004,あさつきはネギ属に該当し、溶血性貧血のリスクがあるため不適,1
15181,菓子パンは糖分・脂肪を含む加工食品で、素材としては使えるが栄養的に最適ではない,5
06223,にんにくはネギ属（アリル化合物）を含み、溶血性貧血などの危険があるため不適,1
17097,ごま酢は基本的に安全な調味料で、芝麻や酢は犬に問題ないことが多い,6
16034,玉露（緑茶）の浸出液はカフェインを含み、神経・心臓系に影響を与えるため不適,1
04102,こしあん（加糖）は小豆由来で毒性はないが糖分を含む加工品である,5
16044,紅茶の浸出液はカフェインを含み、犬には有害となる可能性があるため不適,1
01057,即席中華めんは調味料に塩分・油分やネギ類が含まれる場合があり、複合加工品として注意が必要,3
15081,ミートパイは肉は良い素材だが、パイ生地や調味料で脂肪・塩分が高く加工品として注意が必要,4
17035,トマトペーストは果肉由来で塩無添加なら素材として使いやすく安全性が高い,8
15121,くずもちはでん粉由来の和菓子で毒性はないが加工品で栄養価は限定される,6
07139,缶詰ももの果肉・液汁は果実として与えられるが糖分を含む加工品である,7
11083,牛ランプ（生）は良質な動物性タンパク源で、犬のレシピ素材として理想的,10
06151,たけのこ水煮は加熱済みで消化しやすく、犬の素材として問題なく使える,8
05010,日本ぐり（生）は果実／種実類で毒性はなく、適切に調理すれば素材として使用可能,7
15179,高脂質・高糖質の加工菓子。少量なら問題ないが主素材としては不向き。,5
10391,良質な魚のタンパク源。骨は除去し、鮮度管理や加熱に注意して使用。,9
10290,良質な魚介のタンパク源。貝殻や不純物を取り除き、加熱して安全に使える。,8
15065,砂糖や香辛料を含む和菓子の加工品。糖分・加工度が高く素材としては限定的。,4
06211,ビタミン・食物繊維が豊富な葉野菜。適量であれば利用しやすい。,7
10124,良質な小型魚のタンパク源。骨の除去や適切な加熱で安全に使える。,9
10063,栄養価の高い魚だが油や塩分が含まれるため、油切りや塩分管理が必要。,6
06012,茎菜類で食物繊維が豊富。適量であれば犬の素材として使いやすい。,7
07134,果肉は水分・ビタミン補給に良いおやつ。種子・果皮は除去して与える。,8
06398,加熱済みのもやしで使いやすいが、使用する油分に注意が必要。,7
11267,良質なタンパク源で犬のレシピ素材として理想的。,10
11233,砂肝は良好なタンパク・ミネラル源の内臓で、加熱して与えると良い。,9
06386,少量であれば消化促進などの利点があるが風味が強いため控えめに。,7
16064,カフェイン含有で犬に有害。摂取は避けるべき。,1
07098,果汁はビタミンを含むが糖分が高め。量を制限して利用する。,6
11094,加熱済みの内臓で、犬に利用される良い蛋白・ミネラル源。,9
06275,香り野菜で少量なら安全に使える。過剰摂取は避ける。,8
10358,塩分・発酵調味が強い加工品で犬には不向き。使用は避けるか極少量に。,3
10142,塩漬けの内臓加工品で塩分が高い。素材としては注意が必要。,4
17057,刺激性の強い香辛料で消化器刺激のリスクがあるため、原則使用を控える。,3
06208,にらはネギ属に含まれる成分があり、犬に溶血性貧血などを起こすため禁忌です。,1
06060,食用の菊（乾燥）は犬に対して特に有害性は低く、素材として使用可能です。,7
17128,にんにくはネギ属で犬に有害なため、使用不可です。,1
11266,牛もも（脂身）は良質な動物性タンパク・脂質源で、犬の素材として適しています。,9
06140,守口漬は塩漬けの加工食品で味付けや塩分があるため、素材としては加工品扱い（慎重な使用が望ましい）です。,5
08049,エリンギの加熱品は消化しやすく安全で、犬のレシピ素材として適しています。,8
10420,するめいかの耳・足（生）は魚介類として良いタンパク源だが、生のままは扱いに注意が必要です。,8
06212,にんじんはビタミンと食物繊維が豊富で犬に適した素材です。,9
08006,きくらげ（乾）は食物繊維源として問題なく使用できます。,8
17149,フレンチドレッシングは複合調味料で塩分や油分が含まれるため、素材としては加工品扱いで注意が必要です。,4
14015,牛脂はエネルギー源として使えるが脂質が高いため適量での使用が望ましいです。,8
06075,キンサイ（中国セロリ）は野菜として安全に使える素材です。,7
06258,ふきのとうは野菜素材として使用可能だが苦味があるため量に注意が必要です。,7
10351,ほたるいかのつくだ煮は調味加工品（濃い味付け）で、加工食品として慎重に扱うべきです。,3
06273,みずかけなの塩漬は塩漬加工品で味付けがあるため、加工食品扱いで注意が必要です。,4
05030,ペカン（ペカンナッツ）は神経毒性の懸念があるナッツ類のため禁忌です。,1
06110,ずいき（ゆで）は加熱済みの野菜素材で犬に対して安全に使えます。,8
07064,グレープフルーツ濃縮還元ジュースは柑橘由来の加工飲料で、酸味や成分に注意が必要なため慎重な使用が望まれます。,5
11314,ばらベーコン（ゆで）は加工・塩分のある肉製品で、加工品として慎重に扱うべきです。,4
03018,ぶどう糖（含水結晶）は単糖類で小量なら問題は少ないが、主成分が糖であるため用途を限定して使うべきです。,6
01033,ぶどう類（レーズン含む）は犬に急性腎障害を引き起こす可能性があり危険。,1
11244,はちの子は昆虫由来の良質なタンパク源であり、犬の素材として利用可能（ただしアレルギーに注意）。,8
13009,全粉乳は乳製品として栄養価が高く素材として使いやすいが、乳糖不耐症の犬には注意。,8
10314,ほたて貝柱の煮干しは良質な魚介由来のタンパク源で犬の素材として適切。,9
12018,厚焼きたまごは卵由来の良質タンパクで利用しやすい加工卵食品。,8
04094,ゆでレンズまめは植物性タンパク・食物繊維源として利用可能だが、消化性に留意。,8
02047,さつまいもの天ぷらは揚げ物で脂質が高めのため、使用量に注意が必要。,5
17138,料理酒はアルコールを含み、犬にとって有害となるため使用不可。,1
10017,あまご（生）は良質な魚類タンパク源で犬の素材として適切（骨・内臓は除去）。,9
11020,牛もも（皮下脂肪なし・生）は高品質のタンパク・脂質源で理想的な素材。,10
04040,油揚げ（大豆由来）はタンパク源として使えるが油加工品のため脂質に注意。,7
10064,いわし類のかば焼缶詰は魚由来のタンパク源だが調味された加工品で塩分や糖分が高め。,6
06136,切干しだいこんは乾燥野菜で食物繊維が豊富、犬の素材として適切。,8
10100,まがれい（生）は良質な魚類タンパク源で犬の素材として適している（骨除去）。,9
17124,練りみそは発酵大豆由来の調味料で塩分が高めのため、使用量に注意が必要。,5
06063,グリーンボール（キャベツ）は消化しやすい野菜で犬のレシピ素材として適切。,9
06183,赤色ミニトマトの果実は適量で安全な野菜果実だが、へた等は除去する。,8
14032,たらのあぶらはオメガ3などの有益な脂肪酸源で、魚油として有用な素材。,9
06044,かぶのぬかみそ漬は漬物で塩分や発酵による風味が強く、使用量に注意が必要。,5
13030,乳酸菌飲料（非乳製品）は発酵由来の成分が含まれるが加工飲料のため用途に注意。,6
07096,デーツは果肉自体は有害でなくエネルギー源になるが糖分が高いので使用量に注意が必要,7
11145,豚肩ロースは良質な動物性たんぱくで犬のレシピ素材として適している,9
15170,ショートケーキは砂糖・脂質など加工成分が多く主材料には不向きな加工菓子,4
15162,くずまんじゅうは加糖・加工された和菓子で素材としては制限が多い,4
10160,焼きさばは良質な魚由来のたんぱくと脂肪酸を含み素材として適切,9
03007,ざらめ糖は甘味付けには使えるが主要素材としての栄養価は低い,5
15083,ホットケーキは小麦・砂糖等の加工食品で頻用には適さない,4
04093,ゆでライマ豆は調理済みの植物性たんぱく源で消化性を考慮すれば使用可能,8
12011,ゆで卵黄は加熱済みで良質な脂質と栄養を含み素材として適切,9
18054,鶏の唐揚げは揚げ物・加工調味が多く脂肪・塩分が高めで素材としては不向き,4
02054,ヤーコンは生の根菜で食物繊維や糖アルコールを含むが果菜として問題は少ない,8
11236,鶏なんこつ（胸肉）は副部位だが動物性たんぱく源として利用可能,8
06345,にんじんの油いためは栄養価の高い根菜で調理済みのため利用しやすい,8
15055,ひなあられは加工スナックで塩分・糖分・食感の点から素材としては制限がある,5
10426,めばちまぐろの脂身は良質な脂肪酸とたんぱくを含む優れた魚素材,9
10248,ほっけの開き干しは魚類として素材になるが加工で塩分が含まれる可能性がある,8
06360,みぶなは葉物野菜でビタミン・食物繊維が豊富で犬のレシピ素材に適している,8
11192,レバーソーセージはレバー由来の栄養はあるがソーセージは加工品で塩分・添加物に注意,5
13037,チェダーチーズはタンパク・カルシウム源として使えるが脂肪・塩分が高め,7
11219,鶏むね（皮つき）は良質なたんぱく源だが皮は脂肪が多い点に留意が必要,9
01005,大麦は良質な炭水化物と食物繊維源で犬の素材として適している,8
10251,小型の魚で良質な動物性タンパク源だが、骨や寄生虫に注意して調理する必要がある,8
01092,ごはんのおかゆは消化に良い炭水化物源で犬に適している,9
10317,貝類はタンパク源として利用可能だが、アレルギーや生食によるリスクに注意して加熱・処理が必要,7
08019,栽培された食用きのこで、適切な種類であれば犬のレシピ素材として使える,8
10003,あじは良質な魚のタンパク源だが骨の除去と加熱が望ましい,8
10016,蒸しあなごは加熱済みの良い魚タンパクで犬向きの素材,9
15134,ベイクドチーズケーキは加工度が高く脂質・糖分が多いため素材としては制限が必要,5
11283,ラムももは良質な動物性タンパク源で犬のレシピ素材として適している,9
02005,しらたき（こんにゃく）は低カロリーで消化に使える素材だが栄養価は低め,7
10366,うには海産の蛋白質源だが風味が強く稀な素材で、少量で用いるのが無難,6
10182,生干しししゃもは魚として利用できるが塩分や骨への配慮が必要,7
15032,まんじゅう（こしあん）は加工度が高く糖分を含むため頻用には向かない,4
06339,加熱したスイートコーンは消化可能な炭水化物で犬に使える,8
07056,金柑の全果は皮や種に刺激性成分が含まれるため慎重に扱う必要がある,3
10328,生のえびは良いタンパク源だがアレルギーや殻・内臓の除去に注意,7
06336,玉ねぎは犬に溶血性貧血を引き起こす成分を含むため使用不可,1
17008,薄口醤油は風味付けに使えるが塩分が高いため使用量に注意が必要,5
14028,ぶどう種子油は調理用の植物油として問題なく利用できる（ぶどう果実とは異なる）,8
06129,大根の葉はビタミン・ミネラル源として利用可能な葉物野菜で犬に適している,8
07163,清見（かんきつ類）の果肉部分で、犬に与えて問題のない果物の一種。果皮や種は除去が前提。,8
05009,銀杏の種はギンコトキシン等の中毒性成分を含み、嘔吐や神経症状を引き起こすことがあるため犬の素材として不適切。,2
11185,ショルダーベーコンは良質なタンパク源だが塩分や加工添加物が多い加工肉であるため素材として注意が必要。,5
11092,牛の肝臓は高品質なタンパク質と微量栄養素を含むため犬のレシピ素材として適している。,9
02008,焼きさつまいも（皮なし）は消化しやすい炭水化物と食物繊維を含み、犬に適した素材である。,9
10089,なまり（かつお類の加工品）は魚由来の良質なタンパク質源だが加工品で風味や塩分があるためやや注意が必要。,7
09038,塩抜きしたもずくはミネラルや食物繊維を含む海藻で、適量であれば犬の素材として利用可能。,7
06034,かぶの葉は野菜の葉部でビタミンや食物繊維を含み、犬に与えて問題のない素材である。,8
01179,春巻きの皮（小麦由来の生地）は炭水化物源として利用できるが加工度があるため一般的な素材評価とする。,7
05006,味付けされた炒りかぼちゃはかぼちゃ自体は安全だが調味が施されている加工食品であるため注意が必要。,6
04082,きな粉（大豆）は植物性タンパクと食物繊維を含み、犬のレシピ素材として利用しやすい。,8
11218,若どりの手羽は良質な動物性タンパク源で犬の素材として適している（骨・硬い部分は調理で除去）。,9
16025,本みりんはアルコールを含み、アルコールは犬に有害であるため不適切。,1
08002,ゆでえのきだけは消化しやすいきのこ類で、加熱済みで犬に与えやすい素材である。,8
10113,キャビア（塩蔵）は魚卵で栄養価は高いが塩分が高めの加工品であるため取り扱いに注意が必要。,6
17103,すし酢は酢・砂糖・食塩を含む調味料で、味付け用途としては使えるが調味済みの加工品であるため注意が必要。,6
11056,牛ランプ肉（脂身つき）は良質な赤身肉で犬のレシピ素材として適している。,9
11123,豚ロース（脂身つき）は良質なタンパク源だが脂肪分がやや高いため分量に注意して使用する素材である。,9
10316,ほっきがい（貝類）は魚介由来のタンパク源として利用可能だがアレルギーや貝の鮮度に注意が必要である。,8
10444,養殖サーモンの天ぷらは魚自体は良いが揚げ物・衣など調理加工が施されており脂質や添加物に注意が必要。,6
02053,加熱済みの里芋類で消化しやすく安全。炭水化物・食物繊維源として使える。,8
15126,あんパンは砂糖・油分が高く加工度が高い。嗜好性はあるが主素材には向かない。,5
10109,きすは良質なタンパク源。頭部・内臓等を除いた身は犬の素材として適切。,9
16015,焼酎はアルコールを含み、中枢神経や代謝に有害で犬に与えてはいけない。,1
02046,蒸しさつまいもは消化のよい炭水化物と食物繊維の供給源で犬に適する。,9
17041,サウザンアイランドドレッシングは複数の調味料や油脂・香辛料を含み素材向きではない。,3
06152,たけのこ自体は可食だが、めんまは調味済みで塩分や添加物があり素材としては限定的。,5
10282,あさりの佃煮は貝の栄養はあるが濃い味付け（高塩分・糖分）で素材には不向き。,4
06132,生の大根は低カロリーで消化しやすく犬に安全な野菜素材。,8
06227,葉ねぎはネギ類に該当し、赤血球を破壊する有害成分を含むため禁忌。,1
06131,大根の葉（ゆで）はビタミンや食物繊維の供給源で加熱済みのため安全に使える。,8
17125,お茶漬けの素は調味済みで塩分や香辛料が多く、素材として使いにくい。,3
11109,馬肉は良質なタンパク源で犬のレシピ素材として適している。,9
08017,ぶなしめじは栽培品のきのこで、加熱済みなら犬にとって安全な食材。,8
09041,わかめはミネラル（ヨウ素）や食物繊維が豊富だが過剰摂取に注意が必要。,7
06080,ケールは栄養価の高い葉物で犬の素材として使用可能だが与え過ぎに注意。,8
13015,クリームは高脂肪で消化不良や膵炎リスクがあるため主素材としては不向き。,5
15016,きんつばは砂糖を多く含む和菓子で加工度が高く素材には適さない。,5
06155,たまねぎはネギ類に該当し、加熱しても有害で赤血球破壊を引き起こすため絶対禁忌。,1
01168,精白米（炊飯）は消化が良く犬のエネルギー源として適した素材。,9
16053,コーラはカフェインを含み、神経・心臓に有害となるため犬には不適切,1
08026,栽培されたひらたけは一般に安全で、犬の素材として利用可能,8
10441,加熱されたサーモンは良質な動物性タンパク源で犬に適した素材,10
06058,食用の菊の花びらは一般に食用であり、少量の利用なら問題になりにくい,7
07082,プルーンは犬にとって消化器・心臓へ影響を及ぼすおそれがあり危険,1
16043,紅茶はカフェインを含み、犬にとって神経・心臓へ有害となるため不適切,1
06190,ゆでた白菜の葉は消化しやすくビタミン・繊維源として利用可能,9
10379,蒸しかまぼこは加工食品だが魚由来のタンパク質源として使える可能性がある,6
01113,きりたんぽは炭水化物源として利用可能だが加工食品である点は留意,7
11065,牛かたロースは良質なたんぱく源で犬の素材として適している,10
15147,ういろうは高糖質の和菓子であり、加工菓子として素材利用は限定的（少量なら可）,5
04073,乾燥レンズ豆は加熱して与えれば良好な植物性タンパク・繊維源となる,7
05040,アーモンドは消化が悪くナッツ類として膵炎リスクなどがあり注意が必要,4
10174,焼きさんまは魚由来の良質なたんぱく・脂肪源で犬の素材として適している,9
15118,板ガムはキシリトール含有の可能性や噛み込みによる危険があるため注意が必要,3
17122,ごまみそは加工調味料で塩分や加工度に注意が必要だが、少量なら利用可能,6
06324,生のわらびは毒性成分を含む場合があり、生のままの利用は避けるべき,3
01103,半つき米は炭水化物源として問題なく利用できる,8
06150,ゆでたたけのこは加熱済みで与えやすく、野菜素材として利用可能,8
11184,ロースベーコンは高塩分・加工肉であり脂肪や塩分を考慮して限定的に利用すべき,5
01008,大麦めんは消化しやすい穀類の炭水化物で犬のレシピ素材として適している,8
02032,サゴでん粉は消化しやすいでん粉類でエネルギー源として素材使用に適している,8
09035,まつもは海藻類でミネラルや食物繊維を供給できるため素材として利用可能（ヨウ素量に注意）,7
07181,アサイーは抗酸化成分を含む果実で、補助的な素材として使用可能,7
06101,じゅんさいは水生植物で低脂肪・食物繊維の供給源として犬の素材に適している,7
01039,茹でうどんは消化しやすい炭水化物源で犬のレシピ素材として利用しやすい,8
11131,豚もも肉（皮下脂肪なし）は良質なタンパク源で犬のレシピ素材として適切,9
06149,たけのこは野菜として利用できるが調理して与えるのが一般的で素材として使用可能,7
15076,デニッシュペストリーは脂質・糖質の高い加工食品で、使用は少量に限るべきで素材としては慎重に扱う,5
11280,焼き豚ひき肉は加熱済みの良質なタンパク源で犬のレシピ素材として適している,9
11296,牛横隔膜（ゆで）は良質な肉で加熱済みの部位は素材として適切,9
13045,ラクトアイスは乳製品と糖を含む加工食品で、過剰は避けるが少量なら利用可能,5
01023,全粒粉の強力粉は炭水化物と食物繊維の供給源として素材使用に適している,7
06349,にんにくは犬に有害な成分を含むため、与えてはいけない,1
07049,甘がき（かき）は果肉は与えられることが多く、種やヘタを除けば素材として使用可能,7
16024,白酒はアルコール含有で犬に有害なため、与えてはいけない,1
09060,わかめ（水煮）はミネラルや食物繊維を含む海藻で少量なら素材として適している,7
17032,麻婆豆腐の素は複合調味料で香辛料やにんにく・塩分等が含まれる可能性があり注意が必要,3
06244,ビーツ（ゆで）は栄養価の高い根菜で犬のレシピ素材として適している,8
15020,げっぺいのあんにくるみが含まれているため、くるみの有害性により与えてはいけない,2
17068,粉しょうがは香辛料で消化器を刺激する可能性があるため、使用には注意が必要,4
10209,干しだらは良質な魚タンパク源で素材として適している（干物のため加工点あり）,8
17094,甘酢は加工調味料で風味付けには使えるが単独の素材としては限定的,5
06385,コリアンダー（パクチー）は香味野菜として少量であれば安全に使える,8
07158,ココナッツミルクは高脂質の乳状製品で少量なら使用可能だが加工品である点に注意,6
11006,和牛の赤肉は良質なタンパク源で犬の素材として適している,9
15023,大福餅は粘性や糖分の高い加工菓子で素材としては向きにくい,5
06263,ブロッコリーの花序は野菜として安全で適切な素材,8
06153,玉ねぎはネギ属で溶血性貧血を引き起こすため犬には禁忌,1
18032,切り干し大根の煮物は調理済みの惣菜で加工調味料が含まれる可能性があり注意が必要,4
15174,イーストドーナッツ（あん入り）は加工菓子で糖脂質が多く素材としては限定的,5
17085,お好み焼きソースは加工調味料で風味付け向き、単独の素材としては限定的,5
06232,のびるはネギ属の植物で有害成分を含むため犬には禁忌,1
11227,鶏ささみは低脂肪で良質なタンパク源、犬の理想的な素材,10
10273,やつめうなぎは魚類の良質なタンパク源だが下処理が必要な点に留意,8
06066,きゅうりの塩漬けは漬物で加工品となるため素材としては限定的,5
10436,ソテーした養殖サーモンは良質な脂質とタンパク源で犬の素材として適している,9
10235,ひらめは白身魚の良いタンパク源で素材として適切（下処理に注意）,9
07029,うんしゅうみかんの果肉は適量であれば安全でビタミン源になる,8
11103,牛の尾（テール）はタンパク質・コラーゲン源として使えるが下処理に留意,8
15018,団子（米）とあん（小豆）は基本的に与えられるが、菓子類で糖分・加工度が高いため使用量に注意,6
07013,いちご由来で果実として問題ないが、ジャムは糖分が高く甘味が強いため少量での利用が望ましい,6
16010,アルコール含有で中枢神経や臓器に有害となるため与えてはいけない,1
01100,おかゆは消化に良い炭水化物源で犬の素材として適切,9
11152,豚ロースは良質なタンパク源で犬のレシピ素材として適切,9
11166,豚の肝臓は栄養が濃く適量であれば利用できるが多量は避けるべき,8
10375,塩辛は塩分や風味が強い加工食品であり使用は限定的にすべき,5
05018,ごまは安全で風味付けや栄養源として利用可能（与え過ぎに注意）,8
11188,ドライソーセージは加工肉で塩分や保存料・香辛料が多いため使用は制限される,5
07021,梅漬は高塩分・強い酸味の加工品であり使用に注意（核は除去済み）,4
04090,分離大豆たんぱくは良質なたんぱく源で素材として利用しやすい,7
10176,みりん干しはみりん等のアルコール由来の加工を含む場合があり危険性がある,1
11013,牛リブロースは良質なタンパク源で犬の素材として適切,9
06351,根深ねぎなどねぎ類は赤血球を破壊する成分を含み犬にとって有害,1
11064,輸入牛のかたロースも良質なタンパク源で犬の素材として適切,9
06108,奈良漬は塩分や酒粕の風味が強い加工品で使用に注意が必要,4
06025,グリンピースは安全な野菜で犬のレシピ素材として適する,8
11298,鶏ささみ（ソテー）は低脂肪で良質なたんぱく源、加熱済みで非常に適切,10
17079,パプリカ粉は香辛料で刺激が出ることがあるため使用量に注意,6
07123,ぶどう由来は腎障害を引き起こす可能性があり犬には禁忌,1
07131,果肉は犬に問題なく使用できる果物。果皮・芯は廃棄表記があり果肉利用に適する。,7
06255,葉野菜の塩漬品で栄養源として利用可能。ただし塩分含有に注意が必要。,7
10153,焼き鮭（キングサーモン）は良質なタンパク源で犬のレシピ素材として適切。,9
18025,調味済みの惣菜（ごま和え）は調味料や添加物が含まれるため素材としてはやや不向き。,4
01191,即席カップめんは加工度が高く調味料・添加物・油分が多いため素材として不適。,3
06032,オクラの果実は犬に与えて問題ない野菜でレシピ素材として適する。,8
10155,水煮の真鯖は調理済みの良質な魚でタンパク源として適切。,9
06340,無塩のトマトジュースはトマト果汁由来で通常安全。酸味等への配慮は必要。,7
17047,麦みそは発酵調味料で風味付けには使えるが、単体の主素材としては加工度が高い。,5
06142,大根のみそ漬は加工済みの漬物で塩分や漬け調味に注意が必要だが少量なら使用可能。,5
10474,蒸したたこを素揚げしたものは良質な魚介たんぱくだが、揚げ油による脂質に注意。,8
06411,ねぎ類は犬に溶血性貧血を引き起こす有害成分を含むため禁忌。,1
11221,鶏もも（皮つき）は良質なタンパク源でレシピ素材として適切。脂肪量には配慮が必要。,9
17078,乾燥パセリは香り付けや少量の栄養補助として使用できる香草。,8
15107,寒天ベースのゼリーキャンデーは加工食品で甘味・添加物が中心のため主素材には不向き。,5
11206,鴨（あひる）肉は良質なタンパク源だが脂肪が高めのため使用量に注意が必要。,8
06031,ゆでたおかひじきは海藻様の野菜で調理済みのため扱いやすく利用可能。,8
07183,乾燥した果実類と推定され、果実部は少量であれば素材として使用可能（品目により取扱注意）。,7
11292,チキンナゲットは加工食品で衣や添加物、調味料が含まれるため素材としては不向き。,3
10041,いぼだい（生）は魚類の良質なタンパク源でレシピ素材として適切。,9
17066,山椒は刺激性の香辛料で消化器に刺激を与える可能性があるため注意が必要,3
08054,きくらげは毒性がなく食物繊維が豊富で犬の素材として適している,8
06185,トマトジュースはトマト由来で問題なく、食塩は少量前提で使用可能,7
04041,がんもどきは大豆製品の加工品でタンパク源になり得るが加工度が高い,5
06144,つまみな（葉）は葉物野菜として消化に良く犬のレシピ素材として適切,8
02060,でん粉めん（ゆで）は炭水化物源として使えるが加工食品である,6
10243,ぶり（はまち）は良質な魚のタンパク源で犬に適した素材,9
14001,オリーブ油は良質な脂肪源で犬のレシピ素材として適している,9
10163,しめさばは調理済みの加工魚で塩分や加工があるため注意が必要,4
06078,くわいはデンプン質の野菜で加熱調理すれば犬の素材として使える,7
11222,鶏もも（焼き）は良質なタンパク源だが皮付きの脂質に注意,9
06367,大根おろしは消化を助ける野菜で犬のレシピ素材として適している,8
10422,焼き干しのとびうおは出汁や風味付けに使える安全な魚類加工品,8
11031,牛かた（生）は良質な赤身肉で犬のレシピ素材として理想的,10
11274,牛の横隔膜は良質な肉質でタンパク源として適している,9
06205,にがうり（ゴーヤ）は苦味が強く嗜好性の差があるため注意は必要,6
03025,水あめは糖類の加工品で少量なら使えるが加工度が高い,5
10451,水煮のまぐろ赤身は良質なタンパク源で保存性も高く使いやすい,9
15168,あんパンは砂糖や加工度が高い菓子類で素材としては慎重に扱うべき,4
10467,アルゼンチンあかえびは良質な魚介のタンパク源だが殻除去や調理が前提,8
08023,食用のきのこ類で、栄養価があり犬のレシピ素材として適している,8
01036,小麦製品のパンで可消化の炭水化物源だが加工品のため使用量に注意が必要,6
15009,甘味のある焼き菓子で少量なら問題ないが加工度が高く主原料向けではない,5
14004,精製された植物油で良質な脂質源として利用しやすい,9
06030,緑葉の野菜に相当しビタミン・ミネラルが豊富で素材として適する,8
07159,果実でビタミン類を含み少量であれば犬に与えて問題ない,7
07044,柑橘系の果汁飲料は酸味や添加物が含まれることがあり使用は控えめが望ましい,6
01110,調理済みの米製品で消化しやすく犬のレシピに適した炭水化物源,9
11066,牛肉は良質なタンパク源で犬のレシピ素材として理想的,10
10295,貝の身は蛋白源になるが殻や内臓は除去し加熱して使うのが安全,7
04062,発酵大豆製品で旨味があるが塩分が高めなため量に注意が必要,5
10062,小魚は良質な脂質と蛋白を含むが缶詰の調味（塩分・ソース）に注意が必要,8
17059,練りからしは刺激性があり胃腸を刺激する恐れがあるため注意が必要,3
02020,揚げ物のフライドポテトは脂質・塩分が高く加工品として使用は控えめが望ましい,4
06282,山芋類の球芽で可食部は炭水化物源として利用可能で問題は少ない,7
10292,牡蠣は栄養豊富だが生食は食中毒リスクがあるため加熱して使うのが望ましい,6
08015,食用のしめじ類で野菜やきのこの代替として使いやすい,8
11173,加熱済みの豚軟骨はコラーゲン源として消化しやすく利用しやすい,8
10126,サケ・マス類は良質な蛋白と必須脂肪酸を含み犬のレシピに適している,9
11216,鶏もも（皮なし）は低脂肪で良質なタンパク源、犬のレシピに最適,10
07083,酸味や精油成分を含み、濃縮した果汁は消化器に刺激を与えることがあるため注意が必要,5
10051,良質な魚タンパク源。調理時に骨を除去して使用すれば適切,9
11271,加熱済みの赤身牛ももで良質なタンパク源、扱いやすい,10
11211,鳥肉として利用可能だが、小骨の処理が必要,7
02039,緑豆でん粉由来のはるさめは消化しやすい炭水化物源として安全,8
12023,卵は良質なタンパク質だが、素揚げは脂質が増える点に留意,8
10139,鮭は良質な魚タンパク。塩ざけは塩分に注意して使用,9
15139,あんこ（こしあん）はあずき自体は可だが糖分の高い加工食品である,5
10338,蟹は良質な甲殻類タンパク。殻や内臓を除いて使用すれば適切,9
06123,干しぜんまいは山菜として利用されるが、加工・下処理により安全性確認が必要,6
10147,焼きにじますは加熱済みで良質なタンパク源、扱いやすい,9
13013,加糖練乳は糖分が非常に高い乳製品で、頻繁な使用は適さない,5
09051,ゆでひじきはミネラル豊富だが成分上の留意点があり使用は慎重に,5
10172,焼きさわらは加熱済みの良質な魚タンパクで適切,9
15175,ドーナッツは高脂質・高糖質の菓子類で素材としては不向き,3
12001,生卵はサルモネラ等の食中毒リスクや生卵白の成分による影響があるため加熱が望ましい,5
10144,養殖サーモンは良質だが生は寄生虫や酵素の影響に注意して加熱推奨,7
10457,開き干しの魚はタンパク源として使えるが塩分や乾燥処理に注意,8
13057,ヤギのナチュラルチーズは利用可能だが脂肪や乳糖に配慮が必要,7
02068,アメリカほどいも（塊根）は食用の根菜でエネルギー源として利用可能,7
04084,油揚げは大豆由来の良質なタンパク源。油抜きで脂質控えめ。,8
04112,うぐいすあんは加糖の豆あんで甘味が強いが成分自体は問題ない。,6
11156,豚ももは良質なタンパク源。調理して与えるのが望ましい。,9
09045,わかめはミネラル・食物繊維が豊富だがヨウ素や塩分に注意。,7
06214,にんじんは消化に良くビタミン・食物繊維が豊富で素材として適する。,10
04083,大豆（全粒）は植物性タンパク源として利用できるが消化性に差がある。,7
01090,玄米かゆは消化しやすい炭水化物源で穏やかなエネルギー供給になる。,9
18041,ポークカレーは複合調理品で香辛料や玉ねぎ等が含まれる可能性があるため注意。,3
14007,とうもろこし油は料理用の油で犬のレシピ素材として利用可能（脂質量に注意）。,8
09011,かわのりはミネラル源として使えるがヨウ素含有量に注意。,7
10094,かつおの角煮は魚由来の良質なタンパク源だが調味料を含む加工品である点に注意。,6
07124,ブルーベリーは抗酸化物質が豊富で犬に与えて良い果物。,9
06189,白菜の葉は水分と食物繊維が多く安全な野菜素材。,9
11175,ボンレスハムは加工肉で塩分や添加物があるため使用量に注意。,6
09054,ひじきはミネラル豊富だが無機ヒ素含有の報告があり頻用は避けるべき。,4
02021,乾燥マッシュポテトは加工具で利用可能だが調味料の有無を確認。,6
17072,チリパウダーは辛味成分で消化器刺激や不快感を与える可能性がある。,3
10197,たかべは良質な魚肉タンパク源。骨や内臓を除去して調理するのが望ましい。,9
10043,丸干しうるめいわしは良い魚の供給源だが骨や塩分に注意。,7
07156,レモン果汁は酸味が強く消化器刺激になるため多用は不向き。,3
06250,ピーマンは犬に安全な野菜で、加熱された果実は消化しやすく使いやすい素材。,9
18031,調理済みの惣菜で塩分や香味野菜が使われることが多く、素材としては注意が必要。,3
17090,黒酢は調味料で酸味が強く風味付けには使えるが主体素材には向かない。,6
06379,スイートコーンは犬に与えて問題の少ないでんぷん源で、加熱済みで消化しやすい。,8
07035,みかんの果肉は通常安全だが、缶詰のシロップ加工により糖分や酸が高くなるため多用は避けるべき。,7
09056,昆布はミネラル源として利用できるがヨウ素などが多くなることがあるため少量で使用するのが望ましい。,7
01065,生ふ（小麦製）は一般的に与えられる炭水化物源だが、グルテン感受性の個体には注意が必要。,6
01034,ロールパンは可食だが栄養密度は低く炭水化物主体の加工食品である。,6
10028,鮎の内臓は栄養価が高いものの一部成分が濃縮している場合があるため分量に注意が必要。,7
05037,ピーナッツバターは多くの犬に問題なく与えられるが高脂肪でアレルギーや脂質過多に注意。,5
10200,すけとうだらのすり身は良質なたんぱく源で加工済みの魚素材として扱いやすい。,9
10315,ほたて貝柱は低脂肪で良質なたんぱく源だが、甲殻類や貝類アレルギーの個体には注意が必要。,8
06392,はなっこりーは安全な野菜で、生でも加熱でも与えやすい。,9
10310,生のはまぐりは生食による微生物リスクがあるため、加熱前提での利用が望ましい。,6
09023,つくだ煮は塩分や糖分の濃い味付けの保存食で、常用には向かない。,3
17120,だし入り米みそは風味付けには使えるが塩分が高いため主素材としては注意が必要。,5
11190,ボロニアソーセージは加工肉で添加物や塩分が多く、素材としては慎重に扱うべき。,5
10195,まだいの焼き身は良質な魚たんぱくで犬の素材として適している。,9
11240,ほろほろちょうの皮なし生肉は良質なたんぱく源だが生肉取扱いの衛生管理に留意する必要がある。,9
10181,ししゃも焼きは魚類として使いやすいが小骨や塩分に注意が必要。,8
10131,良質なタンパク源でオメガ-3を含む。調理済みの魚は犬の素材として適している。,9
06267,ビタミンやミネラルを含む葉物だがシュウ酸や硝酸イオンを含むため適量での使用が望ましい。,7
10276,魚類として良いタンパク源だが生では寄生虫リスクがあるため取り扱いに注意。,8
17007,風味付けに使える調味料だが塩分が高いので量の管理が必要。,6
04045,豆腐とすり身の加工品でタンパク源になるが加工品としての添加物や調味に注意。,6
10029,魚由来の保存加工品で旨味があるが塩分や保存性の点から使用は控えめにするべき。,4
07161,果肉はビタミンが豊富で犬に与えやすいが皮や種は必ず除く必要がある。,8
15063,菓子類の加工品で砂糖や調味料を含むため素材としては優先度が低い。,4
11229,低脂肪で消化が良い良質なタンパク源。犬のレシピに非常に適している。,10
07179,マンゴーの果肉は犬に安全だがドライは糖が凝縮しているので量に注意。,7
01109,消化しやすい炭水化物源で犬の料理に適した素材。,9
01161,食物繊維や栄養を含むが脂質や量によっては消化負担になることがある。,6
10365,海産の珍味でタンパク源にはなるがアレルギーや塩分の点で注意が必要。,6
06239,ハーブで香り付けや微量の栄養供給に使いやすく、少量であれば安全。,7
17147,塩化カリウムを含む塩代替品で調味料としての使用は慎重を要する。,5
11001,良質な肉類でタンパク源として適するが加熱と寄生虫対策が必要。,9
05034,ピーナッツは脂質が高く消化不良や膵炎リスクがあるため少量推奨。,5
17053,酒かすはアルコールや発酵生成物を含む可能性があり犬には有害となり得る。,2
01058,即席めんは高塩分・添加物・調味料を含むため素材としては不適切。,3
06203,葉茎野菜でビタミンが摂れるが消化にやや重い場合があり量に注意。,7
11282,ラム肉は良質なタンパク源で、焼き済みの部位は犬のレシピ素材として適切,9
06306,らっきょうはネギ属で、溶血性貧血を引き起こす成分を含むため犬に有害,1
05036,ピーナッツは高脂肪で消化不良や膵炎のリスクがあり、ナッツ類として注意が必要,5
15075,ショートケーキは高脂肪・高糖質の加工食品で消化に負担がかかる可能性がある,5
05019,ごまは適度な脂質と風味を提供し、小量であれば犬の素材として使用可能,7
10393,まるあじ（生）は良質なタンパク源だが、生魚は寄生虫や食品衛生上のリスクがあるため注意が必要,8
16002,清酒はアルコール飲料で、エタノールが中枢神経や代謝に悪影響を及ぼすため犬に有害,1
03028,高果糖液糖は精製された糖類で高糖質の加工原料のため、使用は限定的に注意が必要,5
11150,豚ロースは良質なタンパク源だが、生の状態は寄生虫や衛生リスクがあるため加熱が望ましい,8
08013,乾しいたけは栽培されたきのこで安全に利用でき、風味付けとして有用,8
11281,マトンは良質な動物性タンパク源で、焼き済みの部位は犬の素材として適切,9
10406,焼きごまさばは加熱済みの魚で、良質なタンパク・脂肪源として利用可能,9
01177,油ふ（小麦由来の加工食品）は使用可能だが加工度が高くアレルギーに注意,6
11309,ゆでた牛かた肉は良質なタンパク源で、調理済みのため犬の素材として適切,9
10445,釜揚げしらすは小魚の良いタンパク・カルシウム源で犬に適した素材,9
06259,ふきのとう（ゆで）は野菜類として利用可能だが、香りや苦味で消化に敏感な個体は注意,7
08028,まいたけ（生）は一般的に安全なきのこ類で、風味付けとして使用可能,8
04066,ひよこまめ（ゆで）は植物性タンパクと食物繊維の供給源として使用可能だが消化に注意,7
15149,かしわもちは餅の粘着性と糖分があり、喉詰まりや消化負担の懸念がある,3
10388,魚肉ソーセージは加工品で塩分や添加物が含まれるが、素材として利用可能な範囲,5
04105,ゆでた大豆は良質な植物性たんぱく・食物繊維を含み、調理済みで消化しやすいため素材として適している,8
05032,食品としての情報が限定的で一般的な犬用食材ではなく、可食・安全性に不確定要素があるため適性は低め,4
15112,キャンデー菓子で糖分が多く、いり落花生入りはナッツ類に伴う消化負担や膵炎リスクがあるため素材として不向き,5
18045,調理済みの複合料理は調味料や香辛料が含まれることが多く、有害成分が混入する可能性があるため素材評価は低め,3
17107,ナンプラーは塩分と強い風味を持つ調味料で、犬用素材としては風味や塩分管理の観点から注意が必要,5
11304,ロースハムは良質なたんぱく源だが加工品で塩分や添加物が含まれる点で素材としての評価は中程度,5
06072,水菜は低カロリーでビタミン・食物繊維が豊富な安全な葉物野菜で犬の素材として適している,8
11112,くじら本皮は動物性たんぱく源として利用可能だが、生食の衛生管理や入手性に注意が必要,7
12006,ポーチドエッグは良質なたんぱくと脂質を含む優れた素材で犬のレシピに適している,9
11098,牛小腸は内臓類のたんぱく源として利用可能だが、衛生管理や調理の必要性があるため取り扱いに注意,7
01184,黒米は消化しやすい炭水化物源で、穀類として犬のレシピ素材に適している,8
10268,むつは良質な魚たんぱくで犬に適するが、骨と生食の衛生に注意が必要,8
11137,豚のそともも（赤身）は良質なたんぱく源で犬の素材として適している,9
10205,まだら（タラ）は低脂肪で良質な魚たんぱくを含み、犬のレシピ素材として適している,9
11230,鶏ひき肉は消化しやすく良質なたんぱく源で犬のレシピに適した素材である,9
17046,赤色辛みそは塩分と香辛料を含む調味料で、素材として使う場合は味付けや塩分に注意が必要,5
14018,無塩バターは高脂肪の乳製品で風味付けには使えるが脂質負荷に注意が必要な素材である,6
15109,かわり玉はキャンディー類で糖分が主成分、栄養価が低く犬の素材として適さない,3
