food_number,food_name,embedding_text
01001,アマランサス　玄穀,amaranth あまらんさす あまらんさすしーど アマランサス アマランサスシード 玄穀
01002,あわ　精白粒,awa millet あわ あわ米 アワ アワ米 粟 精白粒
01004,えんばく　オートミール,oat oatmeal えんばく エンバク オーツ オートミール 燕麦
01005,おおむぎ　七分つき押麦,barley rolled rolled barley おおむぎ おしむぎ むぎ オオムギ オシムギ 七分つき押麦 大麦 押麦 麦
01006,おおむぎ　押麦　乾,barley rolled rolled barley おおむぎ おしむぎ むぎ オオムギ オシムギ 乾 大麦 押麦 麦
01170,おおむぎ　押麦　めし,barley rolled rolled barley おおむぎ おしむぎ むぎ めし オオムギ オシムギ 大麦 押麦 麦
01007,おおむぎ　米粒麦,barley pearl pearl barley おおむぎ こめつぶむぎ オオムギ コメツブムギ 大麦 米粒麦
01008,おおむぎ　大麦めん　乾,barley barley noodle noodle おおむぎ おおむぎめん オオムギメン 乾 大麦めん 大麦麺 麦めん
01009,おおむぎ　大麦めん　ゆで,barley barley noodle noodle おおむぎ おおむぎめん ゆで オオムギメン 大麦めん 大麦麺 麦めん
01010,おおむぎ　麦こがし,barley barley flour flour mugikogashi roasted roasted barley おおむぎ むぎこがし ムギコガシ 麦こがし
01167,キヌア　玄穀,quinoa きぬあ きぬあしーど キヌア キヌアシード 玄穀
01011,きび　精白粒,kibi millet きび きび米 キビ キビ米 精白粒 黍
01012,こむぎ　［玄穀］　国産　普通,grain wheat こむぎ コムギ 国産 小麦 小麦粒 普通 玄穀
01013,こむぎ　［玄穀］　輸入　軟質,grain wheat こむぎ コムギ 小麦 小麦粒 玄穀 軟質 輸入
01014,こむぎ　［玄穀］　輸入　硬質,cake cake flour flour こむぎ こむぎこ はくりきこ コムギ コムギコ ハクリキコ 小麦 小麦粉 玄穀 硬質 薄力粉 輸入
01015,こむぎ　［小麦粉］　薄力粉　1等,1等 cake cake flour flour こむぎ こむぎこ はくりきこ コムギ コムギコ ハクリキコ 小麦 小麦粉 薄力粉
01016,こむぎ　［小麦粉］　薄力粉　2等,2等 all all-purpose all-purpose flour flour purpose こむぎ こむぎこ ちゅうりきこ コムギ コムギコ チュウリキコ 中力粉 小麦 小麦粉 薄力粉
01018,こむぎ　［小麦粉］　中力粉　1等,1等 all all-purpose all-purpose flour flour purpose こむぎ こむぎこ ちゅうりきこ コムギ コムギコ チュウリキコ 中力粉 小麦 小麦粉
01019,こむぎ　［小麦粉］　中力粉　2等,2等 all-purpose all-purpose flour bread flour きょうりきこ こむぎ こむぎこ キョウリキコ コムギ コムギコ 中力粉 小麦 小麦粉 強力粉
01020,こむぎ　［小麦粉］　強力粉　1等,1等 bread bread flour flour きょうりきこ こむぎ こむぎこ キョウリキコ コムギ コムギコ 小麦 小麦粉 強力粉
01021,こむぎ　［小麦粉］　強力粉　2等,2等 bread bread flour flour きょうりきこ こむぎ こむぎこ キョウリキコ コムギコ 小麦 小麦粉 強力粉
01023,こむぎ　［小麦粉］　強力粉　全粒粉,bread bread flour flour wheat wheat bread whole whole wheat きょうりきこ こむぎ こむぎこ ぜんりゅうふん キョウリキコ コムギコ ゼンリュウフン 全粒粉 小麦 小麦粉 強力粉
01026,こむぎ　［パン類］　角形食パン　食パン,bread shokupan こむぎ しょくぱん ショクパン パン パン類 角形食パン 角食 食パン
01174,こむぎ　［パン類］　角形食パン　焼き,bread shokupan こむぎ しょくぱん ショクパン パン パン類 焼き 角形食パン 角食 食パン
01030,こむぎ　［パン類］　乾パン,kanpan かんぱん こむぎ カンパン パン類 乾パン
01031,こむぎ　［パン類］　フランスパン,baguette bread こむぎ ふらんすぱん バゲット パン パン類 フランスパン
01037,こむぎ　［パン類］　ナン,naan nan こむぎ なん インドパン ナン パン パン類
01039,こむぎ　［うどん・そうめん類］　うどん　ゆで,udon うどん こむぎ そうめん類 めん ゆで ウドン 麺
01186,こむぎ　［うどん・そうめん類］　うどん　半生うどん,udon うどん こむぎ そうめん類 めん ウドン 半生うどん 麺
01041,こむぎ　［うどん・そうめん類］　干しうどん　乾,dried dried udon udon うどん こむぎ そうめん類 めん ウドン 乾 干しうどん 麺
01042,こむぎ　［うどん・そうめん類］　干しうどん　ゆで,dried dried udon udon うどん こむぎ そうめん類 めん ゆで ウドン 干しうどん 麺
01043,こむぎ　［うどん・そうめん類］　そうめん・ひやむぎ　乾,hiyamugi soman うどん こむぎ そうめん そうめん類 ひやむぎ 乾 冷麦 素麺 麺
01044,こむぎ　［うどん・そうめん類］　そうめん・ひやむぎ　ゆで,hiyamugi soman うどん こむぎ そうめん そうめん類 ひやむぎ ゆで 冷麦 素麺 麺
01045,こむぎ　［うどん・そうめん類］　手延そうめん・手延ひやむぎ　乾,hand-stretched hand-stretched soman hiyamugi soman うどん こむぎ そうめん そうめん類 ひやむぎ 乾 手延そうめん 手延ひやむぎ
01046,こむぎ　［うどん・そうめん類］　手延そうめん・手延ひやむぎ　ゆで,hand-stretched hand-stretched soman hiyamugi soman うどん こむぎ そうめん そうめん類 ひやむぎ ゆで 手延そうめん 手延ひやむぎ
01047,こむぎ　［中華めん類］　中華めん　生,noodle raman raman noodle こむぎ ちゅうかめん チュウカメン ラーメン 中華めん 中華めん類 中華麺 生 麺
01050,こむぎ　［中華めん類］　干し中華めん　乾,noodle raman raman noodle こむぎ ラーメン 中華そば 中華めん 中華めん類 中華麺 乾 干し中華めん 麺
01051,こむぎ　［中華めん類］　干し中華めん　ゆで,noodle raman raman noodle こむぎ ゆで ラーメン 中華そば 中華めん 中華めん類 中華麺 干し中華めん 麺
01190,こむぎ　［即席めん類］　即席中華めん　非油揚げ　ゆで　（添付調味料等を含まないもの）,instant instant noodle noodle raman こむぎ ゆで インスタント インスタントラーメン インスタント麺 即席めん 即席めん類 即席ラーメン 即席中華めん 添付調味料等を含まないもの 袋麺 非油揚げ
01063,こむぎ　［マカロニ・スパゲッティ類］　マカロニ・スパゲッティ　乾,macaroni pasta spaghetti こむぎ スパゲッティ スパゲッティ類 パスタ マカロニ 乾
01064,こむぎ　［マカロニ・スパゲッティ類］　マカロニ・スパゲッティ　ゆで,macaroni pasta spaghetti wheat こむぎ ぱすた まかろに ゆで コムギ スパゲッティ スパゲッティ類 スパゲティ パスタ マカロニ 小麦
01149,こむぎ　［マカロニ・スパゲッティ類］　生パスタ　生,fresh fresh pasta pasta wheat こむぎ ぱすた コムギ スパゲッティ類 パスタ パスタ製品 マカロニ 小麦 生 生パスタ 生パスタは除外のためパスタのみ表示しています
01066,こむぎ　［ふ類］　焼きふ　釜焼きふ,fu kama-fu wheat かまふ こむぎ ふ ふ類 コムギ フ 小麦 焼きふ 釜焼きふ 釜麩 麩
01067,こむぎ　［ふ類］　焼きふ　板ふ,fu ita-fu wheat いたふ こむぎ ふ ふ類 コムギ フ 小麦 板ふ 板麩 焼きふ 麩
01068,こむぎ　［ふ類］　焼きふ　車ふ,fu kuruma-fu wheat くるまふ こむぎ ふ ふ類 コムギ フ 小麦 焼きふ 車ふ 車麩 麩
01071,こむぎ　［その他］　小麦たんぱく　粉末状,gluten protein wheat wheat protein こむぎ こむぎたんぱく その他 グルテン コムギ コムギタンパク 小麦 小麦たんぱく 小麦グルテン 粉末状
01074,こむぎ　［その他］　ぎょうざの皮　生,dumpling gyoza gyoza wrapper wheat wrapper ぎょうざのかわ ぎょうざの皮 こむぎ その他 ギョウザの皮 コムギ 小麦 生 餃子の皮
01179,こむぎ　［その他］　春巻きの皮　生,roll roll wrapper spring spring roll wheat wrapper こむぎ その他 はるまきのかわ コムギ 小麦 春巻きの皮 春巻の皮 生
01077,こむぎ　［その他］　パン粉　生,breadcrumb wheat こむぎ その他 ぱんこ コムギ パンくず パン屑 パン粉 小麦 生
01078,こむぎ　［その他］　パン粉　半生,breadcrumb wheat こむぎ その他 ぱんこ コムギ パンくず パン屑 パン粉 半生 小麦
01150,こむぎ　［その他］　冷めん　生,cold cold noodle naengmyeon noodle reiman rice こむぎ こめ その他 れいめん コメ 冷めん 冷麺 生 米
01080,こめ　［水稲穀粒］　玄米,brown brown rice genmai rice げんまい こめ コメ 水稲穀粒 玄米 米
01081,こめ　［水稲穀粒］　半つき米,half-milled half-milled rice rice こめ コメ 半つき米 水稲穀粒 米
01082,こめ　［水稲穀粒］　七分つき米,70% 70% polished polished polished rice rice こめ コメ 七分つき米 水稲穀粒 米
01083,こめ　［水稲穀粒］　精白米　うるち米,glutinous non rice uruchimai white white rice うるちごめ うるち米 こめ コメ 水稲穀粒 白米 米 精白米
01151,こめ　［水稲穀粒］　精白米　もち米,glutinous glutinous rice mochi rice sticky こめ もちごめ もち米 コメ 水稲穀粒 米 精白米
01152,こめ　［水稲穀粒］　精白米　インディカ米,indica indica rice rice こめ インディカ インディカ米 コメ 水稲穀粒 米 精白米
01084,こめ　［水稲穀粒］　はいが精米,germ germ rice rice こめ はいがまい はいが精米 コメ 水稲穀粒 米 胚芽 胚芽米
01153,こめ　［水稲穀粒］　発芽玄米,brown brown rice genmai germinated hatsuga rice sprouted sprouted brown こめ はつがげんまい コメ 水稲穀粒 発芽玄米 米
01181,こめ　［水稲穀粒］　赤米,red red rice rice あかまい こめ コメ 水稲穀粒 米 赤米
01182,こめ　［水稲穀粒］　黒米,black black rice rice お米 くろまい こめ クロマイ 水稲穀粒 米 黒米
01085,こめ　［水稲めし］　玄米,brown brown rice cooked cooked brown rice お米 げんまい こめ ゲンマイ 水稲めし 玄米 玄米ご飯 米
01086,こめ　［水稲めし］　半つき米,cooked cooked semi-milled rice semi-milled semi-milled rice お米 こめ 半つき米 半つき米ご飯 水稲めし 米
01087,こめ　［水稲めし］　七分つき米,70%‑polished 70%‑polished rice cooked cooked 70%‑polished rice お米 こめ 七分つき米 七分つき米ご飯 水稲めし 米
01168,こめ　［水稲めし］　精白米　インディカ米,cooked cooked indica indica indica rice rice こめ はくまい インディカ インディカ米 インディカ米ご飯 ハクマイ 水稲めし 白米 米 精白米
01088,こめ　［水稲めし］　精白米　うるち米,cooked cooked white glutinous non rice white white rice うるち うるち米 こめ はくまい ウルチ米 ハクマイ 水稲めし 白ご飯 白米 米 精白米
01154,こめ　［水稲めし］　精白米　もち米,cooked cooked glutinous glutinous glutinous sticky rice sticky sticky rice sweet お米 こめ もちごめ もち米 もち米ご飯 モチゴメ モチ米 水稲めし 米 精白米
01089,こめ　［水稲めし］　はいが精米,cooked cooked germ germ germ rice rice お米 こめ はいがまい はいが精米 ハイガマイ 水稲めし 米 胚芽米 胚芽米ご飯
01155,こめ　［水稲めし］　発芽玄米,brown brown rice cooked cooked sprouted rice sprouted sprouted brown げんまい こめ はつがげんまい ゲンマイ ハツガゲンマイ 水稲めし 玄米 発芽玄米 発芽玄米ご飯 米
01183,こめ　［水稲めし］　赤米,cooked cooked red red red rice rice あかまい お米 こめ アカマイ 水稲めし 米 赤米 赤米ご飯
01184,こめ　［水稲めし］　黒米,black black rice cooked cooked black rice お米 くろまい こめ クロマイ 水稲めし 米 黒米 黒米ご飯
01185,こめ　［水稲軟めし］　精白米,cooked cooked white rice white white rice お米 こめ はくまい ハクマイ 水稲軟めし 白ご飯 白米 米 精白米
01090,こめ　［水稲全かゆ］　玄米,brown brown rice porridge rice rice porridge お米 げんまい こめ ゲンマイ 水稲全かゆ 玄米 玄米粥 米
01091,こめ　［水稲全かゆ］　半つき米,porridge rice rice porridge semi-milled semi-milled rice お米 こめ 半つき米 半つき米粥 水稲全かゆ 米
01092,こめ　［水稲全かゆ］　七分つき米,70%‑polished 70%‑polished rice porridge rice rice porridge お米 こめ 七分つき米 七分つき米粥 水稲全かゆ 米
01093,こめ　［水稲全かゆ］　精白米,porridge rice rice porridge white white rice お米 こめ はくまい ハクマイ 水稲全かゆ 白米 白米粥 米 精白米
01094,こめ　［水稲五分かゆ］　玄米,brown brown rice porridge rice rice porridge お米 げんまい こめ ゲンマイ 水稲五分かゆ 玄米 玄米粥 米
01095,こめ　［水稲五分かゆ］　半つき米,porridge rice rice porridge semi-milled semi-milled rice お米 こめ 半つき米 半つき米粥 水稲五分かゆ 米
01096,こめ　［水稲五分かゆ］　七分つき米,70%‑polished 70%‑polished rice porridge rice rice porridge お米 こめ 七分つき米 七分つき米粥 水稲五分かゆ 米
01097,こめ　［水稲五分かゆ］　精白米,porridge rice rice porridge white white rice お米 こめ はくまい ハクマイ 水稲五分かゆ 白米 白米粥 米 精白米
01098,こめ　［水稲おもゆ］　玄米,brown porridge rice rice porridge おかゆ おもゆ かゆ げんまい こめ コメ 水稲おもゆ 玄米 米
01099,こめ　［水稲おもゆ］　半つき米,porridge rice rice porridge おかゆ おもゆ かゆ こめ コメ 半つき米 水稲おもゆ 米
01100,こめ　［水稲おもゆ］　七分つき米,porridge rice rice porridge おかゆ おもゆ かゆ こめ コメ 七分つき米 水稲おもゆ 米
01101,こめ　［水稲おもゆ］　精白米,porridge rice rice porridge white おかゆ かゆ こめ はくまい コメ 水稲おもゆ 白米 米 精白米
01102,こめ　［陸稲穀粒］　玄米,brown brown rice rice げんまい こめ コメ 玄米 米 陸稲穀粒
01103,こめ　［陸稲穀粒］　半つき米,rice semi-polished semi-polished rice こめ コメ 半つき米 米 陸稲穀粒
01104,こめ　［陸稲穀粒］　七分つき米,partially partially polished polished polished rice rice こめ コメ 七分つき米 米 陸稲穀粒
01105,こめ　［陸稲穀粒］　精白米,rice white white rice こめ はくまい コメ 白米 米 精白米 陸稲穀粒
01106,こめ　［陸稲めし］　玄米,brown brown rice cooked rice rice cooked げんまい こめ ごはん ご飯 めし コメ 玄米 玄米ご飯 米 陸稲めし 飯
01107,こめ　［陸稲めし］　半つき米,cooked rice rice cooked semi-polished semi-polished rice こめ ごはん ご飯 めし コメ 半つき米 半つき米ご飯 米 陸稲めし 飯
01108,こめ　［陸稲めし］　七分つき米,cooked partially partially polished polished polished rice rice rice cooked こめ ごはん ご飯 めし コメ 七分つき米 七分つき米ご飯 米 陸稲めし 飯
01109,こめ　［陸稲めし］　精白米,cooked rice rice cooked white white rice こめ ごはん ご飯 はくまい めし コメ 白ご飯 白米 米 精白米 陸稲めし 飯
01110,こめ　［うるち米製品］　アルファ化米　一般用,instant instant rice rice うるち米製品 こめ アルファカマイ アルファ化米 アルファ米 インスタントライス コメ 一般用 米
01156,こめ　［うるち米製品］　アルファ化米　学校給食用強化品,instant instant rice rice うるち米製品 こめ アルファカマイ アルファ化米 アルファ米 インスタントライス コメ 学校給食用強化品 米
01214,こめ　［うるち米製品］　水稲全かゆ　レトルト　玄米,brown porridge ready-to-eat ready-to-eat rice rice rice porridge うるち米製品 おかゆ かゆ げんまい こめ コメ レトルト レトルトおかゆ 水稲全かゆ 玄米 米
01215,こめ　［うるち米製品］　水稲全かゆ　レトルト　精白米,porridge ready-to-eat ready-to-eat rice rice rice porridge white うるち米製品 おかゆ かゆ こめ はくまい コメ レトルト レトルトおかゆ 水稲全かゆ 白米 米 精白米
01111,こめ　［うるち米製品］　おにぎり,ball rice rice ball うるち米製品 おにぎり おにぎり弁当 おむすび こめ ごはん ご飯 米
01113,こめ　［うるち米製品］　きりたんぽ,kiritanpo rice stick うるち米製品 きりたんぽ こめ ごはん ご飯 キリタンポ 米
01114,こめ　［うるち米製品］　上新粉,flour powder rice rice flour うるち米製品 こめ こめこ じょうしんこ コメコ ジョウシンコ 上新粉 米粉
01157,こめ　［うるち米製品］　玄米粉,brown brown rice flour rice rice flour うるち米製品 げんまいこ こめ こめこ ゲンマイコ 玄米粉 米粉
01158,こめ　［うるち米製品］　米粉,flour rice rice flour うるち米製品 こめ こめこ コメ コメコ 米 米粉
01212,こめ　［うるち米製品］　米粉パン　ロールパン,bread bread roll rice roll うるち米製品 こめ こめこパン コメ コメコパン ロールパン 米 米粉パン
01160,こめ　［うるち米製品］　米粉めん,noodle rice rice noodle うるち米製品 こめ コメ ライスヌードル 米 米粉めん 米粉麺
01115,こめ　［うるち米製品］　ビーフン,noodle rice rice vermicelli vermicelli うるち米製品 こめ びーふん コメ ビーフン 米
01169,こめ　［うるち米製品］　ライスペーパー,paper rice rice paper うるち米製品 こめ コメ ライスペーパー 米
01116,こめ　［うるち米製品］　米こうじ,koji rice rice koji うるち米製品 こうじ こめ こめこうじ コメ コメコウジ 米 米こうじ 米麹 麹
01120,こめ　［もち米製品］　白玉粉,flour glutinous glutinous rice rice rice flour shiratamako こめ しらたまこ もち米製品 コメ シラタマコ 白玉粉 米
01121,こめ　［もち米製品］　道明寺粉,domyoji domyoji flour flour ko rice こめ どうみょうじこ もち米製品 コメ ドウミョウジコ 米 道明寺粉
01122,そば　そば粉　全層粉,buckwheat buckwheat flour flour soba そば そばこ そば粉 ソバ 全層粉 蕎麦 蕎麦粉
01123,そば　そば粉　内層粉,buckwheat buckwheat flour flour soba そば そばこ そば粉 ソバ 内層粉 蕎麦 蕎麦粉
01124,そば　そば粉　中層粉,buckwheat buckwheat flour flour soba そば そばこ そば粉 ソバ 中層粉 蕎麦 蕎麦粉
01125,そば　そば粉　表層粉,buckwheat buckwheat flour flour soba そば そばこ そば粉 ソバ 蕎麦 蕎麦粉 表層粉
01126,そば　そば米,buckwheat buckwheat groat groat kernel soba そば そばの実 そば米 ソバ 蕎麦 蕎麦米
01127,そば　そば　生,buckwheat noodle soba soba noodle そば そば麺 ソバ 生 蕎麦 蕎麦麺
01128,そば　そば　ゆで,buckwheat noodle soba soba noodle そば そば麺 ゆで ソバ 蕎麦 蕎麦麺
01129,そば　干しそば　乾,dried noodle soba soba noodle そば ほしそば ソバ 乾 乾麺 干しそば 蕎麦
01130,そば　干しそば　ゆで,dried noodle soba soba noodle そば ほしそば ゆで ソバ 乾麺 干しそば 蕎麦
01131,とうもろこし　玄穀　黄色種,corn とうもろこし コーン スイートコーン トウモロコシ 玄穀 玉蜀黍 粒 黄色種
01162,とうもろこし　玄穀　白色種,corn とうもろこし コーン スイートコーン トウモロコシ 玄穀 玉蜀黍 白色種 粒
01132,とうもろこし　コーンミール　黄色種,corn cornmeal とうもろこし とうもろこし粉 コーン コーンミール コーン粉 トウモロコシ 玉蜀黍 黄色種
01163,とうもろこし　コーンミール　白色種,corn cornmeal maize とうもろこし コーン コーンミール トウモロコシ 白色種
01133,とうもろこし　コーングリッツ　黄色種,corn corn grit grit maize とうもろこし コーン コーングリッツ トウモロコシ 黄色種
01164,とうもろこし　コーングリッツ　白色種,corn corn grit grit maize とうもろこし コーン コーングリッツ トウモロコシ 白色種
01134,とうもろこし　コーンフラワー　黄色種,corn corn flour flour maize とうもろこし コーン コーンフラワー トウモロコシ 黄色種
01136,とうもろこし　ポップコーン,corn popcorn とうもろこし コーン トウモロコシ ポップコーン ポップコーン用
01138,はとむぎ　精白粒,adlay coix job job' job' tear seed tear はとむぎ はと麦 ハトムギ ハト麦 ヨクイニン 精白粒
01139,ひえ　精白粒,millet ひえ ヒエ 稗 精白粒
01140,もろこし　玄穀,corn sorghum とうもろこし もろこし コーン トウモロコシ モロコシ 玄穀
01141,もろこし　精白粒,corn sorghum とうもろこし もろこし コーン トウモロコシ モロコシ 精白粒
01142,ライむぎ　全粒粉,rye wholemeal ライむぎ ライムギ ライ麦 全粒粉
02068,＜いも類＞　アメリカほどいも　塊根　生,american american groundnut apio apio american groundnut あめりかほどいも いも類 ほどいも アメリカほどいも ホドイモ 塊根 生
02069,＜いも類＞　アメリカほどいも　塊根　ゆで,american american groundnut apio apio american groundnut あめりかほどいも いも類 ほどいも ゆで アメリカほどいも ホドイモ 塊根
02001,＜いも類＞　きくいも　塊茎　生,artichoke jerusalem jerusalem artichoke sunchoke いも類 きくいも キクイモ 塊茎 生 菊芋
02002,＜いも類＞　こんにゃく　精粉,konjac konjac powder konnyaku powder いも類 こんにゃく こんにゃく粉 コンニャク 精粉 蒟蒻
02003,＜いも類＞　こんにゃく　板こんにゃく　精粉こんにゃく,block konnyaku konnyaku block いも類 こんにゃく コンニャク 板こんにゃく 板コンニャク 精粉こんにゃく 蒟蒻
02042,＜いも類＞　こんにゃく　赤こんにゃく,konnyaku red red konnyaku いも類 こんにゃく コンニャク 蒟蒻 赤こんにゃく 赤コンニャク
02044,＜いも類＞　こんにゃく　凍みこんにゃく　ゆで,konnyaku shimi shimi konnyaku いも類 こんにゃく しみこんにゃく ゆで コンニャク 凍みこんにゃく 蒟蒻
02005,＜いも類＞　こんにゃく　しらたき,ito konnyaku shirataki いとこんにゃく いも類 こんにゃく しらたき シラタキ 白滝 糸こんにゃく
02045,＜いも類＞　（さつまいも類）　さつまいも　塊根　皮つき　生,potato sweet sweet potato いも類 さつまいも さつまいも類 サツマイモ 塊根 生 皮つき 薩摩芋
02046,＜いも類＞　（さつまいも類）　さつまいも　塊根　皮つき　蒸し,potato sweet sweet potato いも類 さつまいも さつまいも類 サツマイモ 塊根 皮つき 蒸し 薩摩芋
02006,＜いも類＞　（さつまいも類）　さつまいも　塊根　皮なし　生,potato sweet sweet potato いも いも類 さつまいも さつまいも類 サツマイモ 塊根 生 皮なし 芋 薩摩芋
02007,＜いも類＞　（さつまいも類）　さつまいも　塊根　皮なし　蒸し,potato sweet sweet potato いも いも類 さつまいも さつまいも類 サツマイモ 塊根 皮なし 芋 蒸し 薩摩芋
02008,＜いも類＞　（さつまいも類）　さつまいも　塊根　皮なし　焼き,potato sweet sweet potato いも いも類 さつまいも さつまいも類 サツマイモ 塊根 焼き 皮なし 芋 薩摩芋
02009,＜いも類＞　（さつまいも類）　さつまいも　蒸し切干,dried dried sweet potato sweet sweet potato いも類 きりぼしイモ さつまいも さつまいも類 切干し芋 切干芋 干し芋 蒸し切干
02048,＜いも類＞　（さつまいも類）　むらさきいも　塊根　皮なし　生,potato purple purple sweet sweet sweet potato いも類 さつまいも さつまいも類 むらさきいも サツマイモ ムラサキイモ 塊根 生 皮なし 紫芋
02049,＜いも類＞　（さつまいも類）　むらさきいも　塊根　皮なし　蒸し,potato purple purple sweet sweet sweet potato いも類 さつまいも さつまいも類 むらさきいも サツマイモ ムラサキイモ 塊根 皮なし 紫芋 蒸し
02011,＜いも類＞　（さといも類）　さといも　球茎　水煮,satoimo taro taro satoimo いも いも類 さといも さといも類 サトイモ タロイモ 水煮 球茎 里芋
02051,＜いも類＞　（さといも類）　セレベス　球茎　水煮,celebe celebe taro taro いも類 さといも類 せれべす サトイモ セレベス セレベス芋 水煮 球茎 里芋
02053,＜いも類＞　（さといも類）　たけのこいも　球茎　水煮,takenokoimo takenokoimo taro taro いも類 さといも類 たけのこいも サトイモ タケノコイモ 水煮 球茎 筍いも 里芋
02014,＜いも類＞　（さといも類）　みずいも　球茎　水煮,mizuiimo mizuiimo taro taro いも類 さといも類 みずいも サトイモ ミズイモ 水煮 水芋 球茎 里芋
02016,＜いも類＞　（さといも類）　やつがしら　球茎　水煮,taro yatsugashira yatsugashira taro いも類 さといも類 やつがしら やつがしら芋 ヤツガシラ 八頭 水煮 球茎 里芋
02064,＜いも類＞　じゃがいも　塊茎　皮つき　電子レンジ調理,potato いも いも類 じゃがいも ジャガイモ ポテト 塊茎 皮つき 電子レンジ調理 馬鈴薯
02019,＜いも類＞　じゃがいも　塊茎　皮なし　水煮,potato いも いも類 じゃがいも ジャガイモ ポテト 塊茎 水煮 皮なし 馬鈴薯
02018,＜いも類＞　じゃがいも　塊茎　皮なし　蒸し,potato いも いも類 じゃがいも ジャガイモ ポテト 塊茎 皮なし 蒸し 馬鈴薯
02066,＜いも類＞　じゃがいも　塊茎　皮なし　電子レンジ調理,potato いも いも類 じゃがいも ジャガイモ ポテト 塊茎 皮なし 電子レンジ調理 馬鈴薯
02054,＜いも類＞　ヤーコン　塊根　生,yacon いも いも類 やーこん ヤコン ヤーコン ヤーコン芋 塊根 生
02055,＜いも類＞　ヤーコン　塊根　水煮,yacon いも いも類 やーこん ヤコン ヤーコン ヤーコン芋 塊根 水煮
02022,＜いも類＞　（やまのいも類）　ながいも　いちょういも　塊根　生,nagaimo yam いちょういも いも類 ながいも やまのいも類 イチョウイモ ナガイモ 塊根 山芋 生 長芋
02023,＜いも類＞　（やまのいも類）　ながいも　ながいも　塊根　生,nagaimo yam いも類 ながいも やまのいも類 ナガイモ 塊根 山芋 生 長芋
02024,＜いも類＞　（やまのいも類）　ながいも　ながいも　塊根　水煮,nagaimo yam いも類 ながいも やまのいも類 ナガイモ 塊根 山芋 水煮 長芋
02025,＜いも類＞　（やまのいも類）　ながいも　やまといも　塊根　生,nagaimo yam いも類 ながいも やまといも やまのいも類 ナガイモ ヤマトイモ 塊根 大和芋 山芋 生 長芋
02026,＜いも類＞　（やまのいも類）　じねんじょ　塊根　生,jinenjo wild yam いも類 じねんじょ やまのいも類 ジネンジョ 塊根 山の芋 生 自然じょ 自然薯
02070,＜でん粉・でん粉製品＞　（でん粉類）　おおうばゆりでん粉,bulb lily oobayuri oobayuri starch starch おおうばゆりでん粉 でん粉 でん粉製品 でん粉類 オオウバユリ オオウバユリでん粉
02028,＜でん粉・でん粉製品＞　（でん粉類）　キャッサバでん粉,cassava cassava starch starch tapioca でん粉 でん粉製品 でん粉類 キャッサバ キャッサバでん粉 キャッサバデンプン
02029,＜でん粉・でん粉製品＞　（でん粉類）　くずでん粉,kudzu kudzu kuzu kuzu kuzu starch starch くずでんぷん くずでん粉 でん粉 でん粉製品 でん粉類 葛でん粉
02030,＜でん粉・でん粉製品＞　（でん粉類）　米でん粉,rice rice starch starch こめでんぷん でん粉 でん粉製品 でん粉類 米でんぷん 米でん粉
02031,＜でん粉・でん粉製品＞　（でん粉類）　小麦でん粉,starch wheat wheat starch こむぎでんぷん でん粉 でん粉製品 でん粉類 小麦でんぷん 小麦でん粉
02032,＜でん粉・でん粉製品＞　（でん粉類）　サゴでん粉,sago sago starch starch でん粉 でん粉製品 でん粉類 サゴ サゴでん粉 サゴデンプン
02033,＜でん粉・でん粉製品＞　（でん粉類）　さつまいもでん粉,potato potato starch starch sweet sweet potato さつまいもでんぷん さつまいもでん粉 でん粉 でん粉製品 でん粉類 薩摩芋でん粉
02034,＜でん粉・でん粉製品＞　（でん粉類）　じゃがいもでん粉,potato potato starch starch じゃがいもでんぷん じゃがいもでん粉 でん粉 でん粉製品 でん粉類 ジャガイモでん粉 片栗粉
02035,＜でん粉・でん粉製品＞　（でん粉類）　とうもろこしでん粉,corn cornstarch starch でん粉 でん粉製品 でん粉類 とうもろこしでん粉 コーンスターチ トウモロコシでん粉
02036,＜でん粉・でん粉製品＞　（でん粉製品）　くずきり　乾,kanten kudzu kuzukiri noodle くずきり でん粉 でん粉製品 乾 葛切り
02037,＜でん粉・でん粉製品＞　（でん粉製品）　くずきり　ゆで,kanten kudzu kuzukiri noodle くずきり でん粉 でん粉製品 ゆで 葛切り
02038,＜でん粉・でん粉製品＞　（でん粉製品）　タピオカパール　乾,pearl tapioca tapioca pearl でん粉 でん粉製品 タピオカ タピオカパール 乾
02057,＜でん粉・でん粉製品＞　（でん粉製品）　タピオカパール　ゆで,pearl tapioca tapioca pearl でん粉 でん粉製品 ゆで タピオカ タピオカパール
02059,＜でん粉・でん粉製品＞　（でん粉製品）　でん粉めん　乾,noodle starch starch noodle でんぷんめん でん粉 でん粉めん でん粉製品 乾 澱粉麺
02039,＜でん粉・でん粉製品＞　（でん粉製品）　はるさめ　緑豆はるさめ　乾,bean bean vermicelli glass harusame mung mung bean noodle thread vermicelli でん粉 でん粉製品 はるさめ はるさめ緑豆 乾 春雨 緑豆はるさめ 緑豆春雨
02061,＜でん粉・でん粉製品＞　（でん粉製品）　はるさめ　緑豆はるさめ　ゆで,bean bean vermicelli glass harusame mung mung bean noodle thread vermicelli でん粉 でん粉製品 はるさめ はるさめ緑豆 ゆで 春雨 緑豆はるさめ 緑豆春雨
02040,＜でん粉・でん粉製品＞　（でん粉製品）　はるさめ　普通はるさめ　乾,bean glass glass noodle harusame noodle thread でん粉 でん粉製品 はるさめ 乾 春雨 普通はるさめ
02062,＜でん粉・でん粉製品＞　（でん粉製品）　はるさめ　普通はるさめ　ゆで,bean glass glass noodle harusame noodle thread でん粉 でん粉製品 はるさめ ゆで 春雨 普通はるさめ
03022,（その他）　はちみつ,honey その他 はちみつ ハチミツ 蜂蜜
03033,（その他）　はちみつ　国産品　,honey その他 はちみつ ハチミツ 国産品 蜂蜜
04002,あずき　全粒　ゆで,adzuki adzuki bean azuki bean red あずき ゆで アズキ 全粒 小豆
04008,いんげんまめ　全粒　ゆで,bean green green bean string いんげん いんげんまめ いんげん豆 ゆで インゲン インゲンマメ 全粒
04009,いんげんまめ　うずら豆,bean uzura uzura bean いんげん いんげんまめ うずらまめ うずら豆 インゲン インゲンマメ ウズラマメ ウズラ豆
04010,いんげんまめ　こし生あん,anko bean bean paste paste smooth smooth bean あんこ いんげん いんげんまめ こしあん こし生あん インゲン インゲンマメ 餡 餡子
04011,いんげんまめ　豆きんとん,bean mashed mashed bean sweet sweet mashed いんげん いんげんまめ きんとん まめきんとん インゲン インゲンマメ 豆きんとん
04012,えんどう　全粒　青えんどう　乾,green green pea pea えんどう えんどう豆 エンドウ 乾 全粒 豌豆 青えんどう 青えんどう豆
04013,えんどう　全粒　青えんどう　ゆで,green green pea pea えんどう えんどう豆 ゆで エンドウ 全粒 豌豆 青えんどう 青えんどう豆
04074,えんどう　全粒　赤えんどう　乾,pea red red pea えんどう えんどう豆 エンドウ 乾 全粒 豌豆 赤えんどう 赤えんどう豆
04075,えんどう　全粒　赤えんどう　ゆで,pea red red pea えんどう えんどう豆 ゆで エンドウ 全粒 豌豆 赤えんどう 赤えんどう豆
04014,えんどう　グリンピース（揚げ豆）,fried fried green green green pea pea あげまめ えんどう エンドウ グリンピース グリンピース揚げ豆 グリーンピース 揚げ豆
04016,えんどう　うぐいす豆,bean uguisu uguisu bean うぐいすまめ うぐいす豆 えんどう ウグイスマメ ウグイス豆 エンドウ
04017,ささげ　全粒　乾,bean sasage sasage bean ささげ ささげ豆 ササゲ ササゲ豆 乾 全粒
04018,ささげ　全粒　ゆで,bean sasage sasage bean ささげ ささげ豆 ゆで ササゲ ササゲ豆 全粒
04019,そらまめ　全粒　乾,bean broad fava fava bean そらまめ ソラマメ 乾 全粒 空豆
04021,そらまめ　おたふく豆,bean broad fava otafuku otafuku bean おたふくまめ おたふく豆 そらまめ オタフクマメ オタフク豆 ソラマメ 空豆
04104,だいず　［全粒・全粒製品］　全粒　青大豆　国産　乾,bean edamame soy soya soybean あおだいず だいず ダイズ 乾 全粒 全粒製品 国産 大豆 枝豆 青大豆
04105,だいず　［全粒・全粒製品］　全粒　青大豆　国産　ゆで,bean edamame soy soya soybean あおだいず だいず ゆで ダイズ 全粒 全粒製品 国産 大豆 枝豆 青大豆
04023,だいず　［全粒・全粒製品］　全粒　黄大豆　国産　乾,bean soy soya soybean yellow きだいず だいず ダイズ 乾 全粒 全粒製品 国産 大豆 黄大豆
04024,だいず　［全粒・全粒製品］　全粒　黄大豆　国産　ゆで,boiled boiled soybean soybean きだいず だいず ゆで ゆで大豆 キダイズ ダイズ 全粒 全粒大豆 全粒製品 国産 大豆 黄大豆
04025,だいず　［全粒・全粒製品］　全粒　黄大豆　米国産　乾,dried dried soybean soybean きだいず だいず キダイズ ダイズ 乾 乾燥 乾燥大豆 全粒 全粒大豆 全粒製品 大豆 米国産 黄大豆
04026,だいず　［全粒・全粒製品］　全粒　黄大豆　中国産　乾,dried dried soybean soybean きだいず だいず キダイズ ダイズ 中国産 乾 乾燥 乾燥大豆 全粒 全粒大豆 全粒製品 大豆 黄大豆
04027,だいず　［全粒・全粒製品］　全粒　黄大豆　ブラジル産　乾,dried dried soybean soybean きだいず だいず キダイズ ダイズ ブラジル産 乾 乾燥 乾燥大豆 全粒 全粒大豆 全粒製品 大豆 黄大豆
04077,だいず　［全粒・全粒製品］　全粒　黒大豆　国産　乾,dried dried soybean soybean くろだいず くろまめ だいず クロダイズ クロマメ ダイズ 乾 乾燥大豆 全粒 全粒製品 国産 大豆 黒大豆 黒豆
04106,だいず　［全粒・全粒製品］　全粒　黒大豆　国産　ゆで,boiled boiled soybean soybean くろだいず くろまめ だいず ゆで ゆで大豆 クロダイズ クロマメ ダイズ 全粒 全粒製品 国産 大豆 黒大豆 黒豆
04080,だいず　［全粒・全粒製品］　いり大豆　青大豆,roasted roasted soybean soybean あおだいず いりだいず いり大豆 だいず イリダイズ ダイズ 全粒 全粒製品 大豆 青大豆 青豆
04078,だいず　［全粒・全粒製品］　いり大豆　黄大豆,roasted roasted soybean soybean いりだいず いり大豆 きだいず だいず イリダイズ ダイズ 全粒 全粒製品 大豆 黄大豆 黄豆
04079,だいず　［全粒・全粒製品］　いり大豆　黒大豆,roasted roasted soybean soybean いりだいず いり大豆 くろだいず だいず イリダイズ ダイズ 全粒 全粒製品 大豆 黒大豆 黒豆
04028,だいず　［全粒・全粒製品］　水煮缶詰　黄大豆,boiled boiled soybean canned canned boiled soybean だいず ダイズ 全粒 全粒製品 大豆 大豆缶 大豆缶詰 水煮大豆 水煮缶詰 缶詰 黄大豆
04081,だいず　［全粒・全粒製品］　蒸し大豆　黄大豆,soybean steamed steamed soybean きだいず だいず むしだいず ダイズ ムシダイズ 全粒 全粒製品 大豆 蒸し大豆 黄大豆
04082,だいず　［全粒・全粒製品］　きな粉　青大豆　全粒大豆,kinako きなこ きな粉 だいず キナコ ダイズ 全粒 全粒大豆 全粒製品 大豆 青大豆
04096,だいず　［全粒・全粒製品］　きな粉　青大豆　脱皮大豆,kinako きなこ きな粉 だいず だっぴだいず キナコ ダイズ 全粒 全粒製品 大豆 脱皮大豆 青大豆
04029,だいず　［全粒・全粒製品］　きな粉　黄大豆　全粒大豆,kinako きなこ きな粉 だいず キナコ ダイズ 全粒 全粒大豆 全粒製品 大豆 黄大豆
04030,だいず　［全粒・全粒製品］　きな粉　黄大豆　脱皮大豆,kinako きなこ きな粉 だいず だっぴだいず キナコ ダイズ 全粒 全粒製品 大豆 脱皮大豆 黄大豆
04083,だいず　［全粒・全粒製品］　大豆はいが,germ soybean soybean germ だいず だいずはいが はいが ダイズ 全粒 全粒製品 大豆 大豆はいが 大豆胚芽 胚芽
04032,だいず　［豆腐・油揚げ類］　木綿豆腐,firm firm tofu moman tofu tofu moman だいず とうふ もめんどうふ トウフ モメン豆腐 大豆 木綿豆腐 油揚げ類 豆腐
04097,だいず　［豆腐・油揚げ類］　木綿豆腐　（凝固剤：塩化マグネシウム）,firm firm tofu moman tofu tofu moman だいず とうふ もめんどうふ トウフ モメン豆腐 凝固剤：塩化マグネシウム 大豆 木綿豆腐 油揚げ類 豆腐
04098,だいず　［豆腐・油揚げ類］　木綿豆腐　（凝固剤：硫酸カルシウム）,firm firm tofu moman tofu tofu moman だいず とうふ もめんどうふ トウフ モメン豆腐 凝固剤：硫酸カルシウム 大豆 木綿豆腐 油揚げ類 豆腐
04033,だいず　［豆腐・油揚げ類］　絹ごし豆腐,silken silken tofu tofu きぬごしどうふ だいず とうふ キヌゴシ豆腐 トウフ 大豆 油揚げ類 絹ごし豆腐 絹豆腐 豆腐
04099,だいず　［豆腐・油揚げ類］　絹ごし豆腐　（凝固剤：塩化マグネシウム）,kinugoshi silken silken tofu soybean tofu きぬごしとうふ きぬごし豆腐 だいず とうふ ダイズ トウフ 凝固剤：塩化マグネシウム 大豆 油揚げ類 絹ごしとうふ 絹ごし豆腐 豆腐
04100,だいず　［豆腐・油揚げ類］　絹ごし豆腐　（凝固剤：硫酸カルシウム）,kinugoshi silken silken tofu soybean tofu きぬごしとうふ きぬごし豆腐 だいず とうふ ダイズ トウフ 凝固剤：硫酸カルシウム 大豆 油揚げ類 絹ごしとうふ 絹ごし豆腐 豆腐
04034,だいず　［豆腐・油揚げ類］　ソフト豆腐,soft soft tofu soybean tofu そふと豆腐 だいず とうふ ソフトトウフ ソフト豆腐 ダイズ トウフ 大豆 油揚げ類 豆腐
04035,だいず　［豆腐・油揚げ類］　充てん豆腐,packaged packaged tofu packed soybean tofu じゅうてんとうふ じゅうてん豆腐 だいず とうふ ダイズ トウフ 充てん豆腐 充填豆腐 大豆 油揚げ類 豆腐
04036,だいず　［豆腐・油揚げ類］　沖縄豆腐,okinawa okinawa tofu soybean tofu おきなわとうふ おきなわ豆腐 しまどうふ だいず とうふ ダイズ トウフ 大豆 島豆腐 沖縄豆腐 油揚げ類 豆腐
04037,だいず　［豆腐・油揚げ類］　ゆし豆腐,soybean tofu yushi yushi tofu だいず とうふ ゆしとうふ ゆし豆腐 ダイズ トウフ ユシ豆腐 大豆 油揚げ類 豆腐
04038,だいず　［豆腐・油揚げ類］　焼き豆腐,grilled grilled tofu soybean tofu yakidofu だいず とうふ やきとうふ ダイズ トウフ 大豆 油揚げ類 焼き豆腐 豆腐
04113,だいず　［豆腐・油揚げ類］　絹生揚げ,kinu kinugoshi kinugoshi nama-age nama-age namaage soybean きぬ生揚げ だいず とうふ キヌナマアゲ ダイズ トウフ 大豆 油揚げ類 生揚げ 絹なまあげ 絹生揚げ 豆腐
04040,だいず　［豆腐・油揚げ類］　油揚げ　生,aburaage fried pouch soybean tofu あぶらあげ だいず アブラアゲ ダイズ 大豆 油揚げ 油揚げ類 生 豆腐
04084,だいず　［豆腐・油揚げ類］　油揚げ　油抜き　生,aburaage soybean あぶらあげ だいず アブラアゲ ダイズ 大豆 油抜き 油抜きあぶらあげ 油抜き油揚げ 油揚げ 油揚げ類 生 豆腐
04086,だいず　［豆腐・油揚げ類］　油揚げ　油抜き　ゆで,aburaage soybean あぶらあげ だいず ゆで アブラアゲ ダイズ 大豆 油抜き 油抜きあぶらあげ 油抜き油揚げ 油揚げ 油揚げ類 豆腐
04095,だいず　［豆腐・油揚げ類］　油揚げ　甘煮,aburaage soybean あぶらあげ だいず アブラアゲ ダイズ 大豆 油揚げ 油揚げ類 甘煮 甘煮あぶらあげ 甘煮油揚げ 豆腐
04042,だいず　［豆腐・油揚げ類］　凍り豆腐　乾,dofu dried freeze koya koya tofu soybean tofu こうやどうふ こおりどうふ だいず コオリドウフ ダイズ 乾 凍り豆腐 大豆 油揚げ類 豆腐 高野豆腐
04087,だいず　［豆腐・油揚げ類］　凍り豆腐　水煮,dofu dried freeze koya koya tofu soybean tofu こうやどうふ こおりどうふ だいず コオリドウフ ダイズ 凍り豆腐 大豆 水煮 油揚げ類 豆腐 高野豆腐
04044,だいず　［豆腐・油揚げ類］　豆腐竹輪　蒸し,chikuwa soybean tofu tofu chikuwa だいず ちくわ とうふちくわ ダイズ トウフチクワ 大豆 油揚げ類 蒸し 豆腐 豆腐ちくわ 豆腐竹輪
04088,だいず　［豆腐・油揚げ類］　ろくじょう豆腐,rokujo rokujo tofu rokujou soybean tofu だいず とうふ ろくじょうとうふ ろくじょう豆腐 ダイズ ロクジョウ豆腐 大豆 油揚げ類 豆腐
04046,だいず　［納豆類］　糸引き納豆,itohiki natto soybean いとひき納豆 だいず なっとう ダイズ ナットウ 大豆 糸引き納豆 糸引納豆 納豆 納豆類
04047,だいず　［納豆類］　挽きわり納豆,hikiwari natto soybean だいず なっとう ひきわり納豆 ダイズ ナットウ 大豆 挽きわり納豆 納豆 納豆類
04048,だいず　［納豆類］　五斗納豆,goto natto soybean ごっとう納豆 だいず なっとう ダイズ ナットウ 五斗納豆 大豆 納豆 納豆類
04114,だいず　［納豆類］　塩納豆,natto salted salted natto shio soybean しおなっとう しお納豆 だいず なっとう ダイズ ナットウ 塩納豆 大豆 納豆 納豆類
04049,だいず　［納豆類］　寺納豆,natto soybean だいず てらなっとう なっとう ダイズ ナットウ 大豆 寺納豆 納豆 納豆類
04115,だいず　［納豆類］　干し納豆,natto soybean だいず なっとう ダイズ ナットウ 大豆 干し納豆 干し納豆を探す人は納豆で検索する 納豆 納豆類
04051,だいず　［その他］　おから　生,okara おから その他 だいず オカラ 大豆おから 生
04089,だいず　［その他］　おから　乾燥,okara おから その他 だいず オカラ 乾燥 大豆おから
04052,だいず　［その他］　豆乳　豆乳,milk soy soy milk soymilk その他 だいず とうにゅう トウニュウ 豆乳
04055,だいず　［その他］　大豆たんぱく　粒状大豆たんぱく,protein soy soy protein その他 だいず だいずたんぱく ダイズタンパク テクスチャード大豆たんぱく 大豆たんぱく 粒状 粒状大豆たんぱく
04056,だいず　［その他］　大豆たんぱく　濃縮大豆たんぱく,concentrate protein soy soy protein その他 だいず だいずたんぱく ダイズタンパク 大豆たんぱく 濃縮 濃縮大豆たんぱく
04057,だいず　［その他］　大豆たんぱく　分離大豆たんぱく　塩分無調整タイプ,isolate protein soy soy protein その他 だいず だいずたんぱく ダイズタンパク 分離 分離大豆たんぱく 塩分無調整タイプ 大豆たんぱく
04090,だいず　［その他］　大豆たんぱく　分離大豆たんぱく　塩分調整タイプ,isolate protein soy soy protein その他 だいず だいずたんぱく ダイズタンパク 分離 分離大豆たんぱく 塩分調整タイプ 大豆たんぱく
04058,だいず　［その他］　大豆たんぱく　繊維状大豆たんぱく,protein soy soy protein textured その他 だいず だいずたんぱく ダイズタンパク 大豆たんぱく 繊維状 繊維状大豆たんぱく
04059,だいず　［その他］　湯葉　生,skin tofu yuba その他 だいず ゆば ユバ 湯葉 生
04060,だいず　［その他］　湯葉　干し　乾,skin tofu yuba その他 だいず ゆば ユバ 乾 干し 湯葉
04091,だいず　［その他］　湯葉　干し　湯戻し,skin tofu yuba その他 だいず ゆば ユバ 干し 湯戻し 湯葉
04063,だいず　［その他］　テンペ,tempe tempeh その他 だいず テンペ テンペー
04064,つるあずき　全粒　乾,adzuki azuki azuki bean bean あずき つるあずき アズキ ツルアズキ 乾 全粒 小豆
04092,つるあずき　全粒　ゆで,adzuki azuki azuki bean bean あずき つるあずき ゆで アズキ ツルアズキ 全粒 小豆
04065,ひよこまめ　全粒　乾,bean chickpea garbanzo ひよこまめ ひよこ豆 ヒヨコマメ 乾 全粒
04066,ひよこまめ　全粒　ゆで,bean chickpea garbanzo ひよこまめ ひよこ豆 ゆで ヒヨコマメ 全粒
04068,べにばないんげん　全粒　乾,bean common common bean いんげん いんげんまめ いんげん豆 べにばないんげん インゲン インゲンマメ インゲン豆 ベニバナインゲン 乾 全粒
04069,べにばないんげん　全粒　ゆで,bean common common bean いんげん いんげんまめ いんげん豆 べにばないんげん ゆで インゲン インゲンマメ インゲン豆 ベニバナインゲン 全粒
04108,やぶまめ　乾,yabumame まめ やぶまめ マメ ヤブマメ 乾 藪豆 豆
04093,らいまめ　全粒　ゆで,bean lima lima bean まめ ゆで らいまめ マメ ライマメ リマメ 全粒 豆
04071,りょくとう　全粒　乾,bean mung mung bean まめ りょくとう マメ リョクトウ 乾 全粒 緑豆 豆
04072,りょくとう　全粒　ゆで,bean mung mung bean まめ ゆで りょくとう マメ リョクトウ 全粒 緑豆 豆
04073,レンズまめ　全粒　乾,lentil まめ れんずまめ マメ レンズまめ レンズマメ レンズ豆 乾 全粒 豆
04094,レンズまめ　全粒　ゆで,lentil まめ ゆで れんずまめ マメ レンズまめ レンズマメ レンズ豆 全粒 豆
05003,あさ　乾,asa hemp hemp seed seed あさ アサ 乾 麻 麻の実
05041,あまに　いり,flax flaxseed linseed あまに いり アマニ 亜麻仁
05004,えごま　乾,egoma perilla perilla seed seed えごま エゴマ 乾 荏胡麻
05010,（くり類）　日本ぐり　生,chestnut japanese japanese chestnut くり くり類 にほんぐり クリ ニホングリ 和栗 日本ぐり 栗 生
05011,（くり類）　日本ぐり　ゆで,chestnut japanese japanese chestnut くり くり類 にほんぐり ゆで クリ ニホングリ 和栗 日本ぐり 栗
05013,（くり類）　中国ぐり　甘ぐり,chestnut chinese roasted roasted chestnut あまぐり くり類 ちゅうごくぐり アマグリ チュウゴクグリ 中国ぐり 栗 甘ぐり 甘栗
05017,ごま　乾,seed sesame sesame seed ごま ゴマ 乾 胡麻 芝麻
05018,ごま　いり,seed sesame sesame seed いり ごま ゴマ 胡麻 芝麻
05019,ごま　むき,hulled hulled sesame kernel seed sesame sesame seed ごま むき むきごま ゴマ ムキゴマ 胡麻
05021,すいか　いり　味付け,seed watermelon watermelon seed いり すいか すいかのたね すいかの種 スイカ スイカの種 味付け 西瓜
05046,チアシード　乾,chia chia seed seed チア チアシード 乾
05022,とち　蒸し,chestnut horse horse chestnut とち とちの実 トチ トチノミ 栃 栃の実 蒸し
05023,はす　未熟　生,lotus lotus seed seed はす はすの実 ハス ハスノミ 未熟 生 蓮 蓮の実
05024,はす　成熟　乾,lotus lotus seed seed はす はすの実 ハス ハスノミ 乾 成熟 蓮 蓮の実
05043,はす　成熟　ゆで,lotus lotus root root はす ゆで ハス レンコン 成熟 蓮 蓮根
05048,（ひし類）　とうびし　ゆで,caltrop chestnut hishi water water caltrop とうびし ひし ひし類 ゆで トウビシ ヒシ 菱
06001,アーティチョーク　花らい　生,artichoke アーティチョーク アーティチョーク花 アーティチョーク花蕾 チョウセンアザミ 朝鮮アザミ 生 花らい
06002,アーティチョーク　花らい　ゆで,artichoke ゆで アーティチョーク アーティチョーク花 アーティチョーク花蕾 チョウセンアザミ 朝鮮アザミ 花らい
06402,アイスプラント　生,ice ice plant plant アイスプラント 生
06005,あしたば　茎葉　生,ashitaba あしたば アシタバ 明日葉 生 茎 茎葉 葉
06006,あしたば　茎葉　ゆで,ashitaba あしたば ゆで アシタバ 明日葉 茎 茎葉 葉
06007,アスパラガス　若茎　生,asparagus アスパラ アスパラガス 生 若茎 茎
06008,アスパラガス　若茎　ゆで,asparagus ゆで アスパラ アスパラガス 若茎 茎
06327,アスパラガス　若茎　油いため,asparagus アスパラ アスパラガス 油いため 若茎 茎
06009,アスパラガス　水煮缶詰,asparagus canned アスパラ アスパラガス アスパラ缶詰 水煮缶詰 缶詰
06010,いんげんまめ　さやいんげん　若ざや　生,bean green green bean string いんげん いんげんまめ さやいんげん インゲン インゲンマメ サヤインゲン 生 若ざや
06011,いんげんまめ　さやいんげん　若ざや　ゆで,bean green green bean string いんげん いんげんまめ さやいんげん ゆで インゲン インゲンマメ サヤインゲン 若ざや
06012,（うど類）　うど　茎　生,udo うど うど類 ウド 独活 生 茎 茎部
06013,（うど類）　うど　茎　水さらし,udo うど うど類 ウド 水さらし 独活 茎 茎部
06014,（うど類）　やまうど　茎　生,mountain mountain udo udo うど うど類 やまうど ウド ヤマウド 山うど 独活 生 茎
06363,うるい　葉　生,urui うるい うるい葉 ウルイ 生 葉
06015,えだまめ　生,edamame soybean えだまめ エダマメ 大豆 枝豆 生
06016,えだまめ　ゆで,edamame soybean えだまめ ゆで エダマメ 大豆 枝豆
06017,えだまめ　冷凍,edamame soybean えだまめ エダマメ 冷凍 大豆 枝豆
06018,エンダイブ　葉　生,endive えんだいぶ ちこり は アンディーブ エンダイブ オンダイヴ チコリ 生 葉 葉野菜
06019,（えんどう類）　トウミョウ　茎葉　生,pea pea shoot shoot sprout えんどう えんどう類 とうみょう トウミョウ 生 茎 茎葉 葉 豆苗
06329,（えんどう類）　トウミョウ　芽ばえ　生,pea pea sprout shoot sprout えんどう えんどう類 とうみょう めばえ トウミョウ 生 芽 芽ばえ 豆苗
06330,（えんどう類）　トウミョウ　芽ばえ　ゆで,pea pea sprout shoot sprout えんどう えんどう類 とうみょう めばえ ゆで トウミョウ 芽 芽ばえ 豆苗
06331,（えんどう類）　トウミョウ　芽ばえ　油いため,pea pea sprout shoot sprout えんどう えんどう類 とうみょう めばえ トウミョウ 油いため 芽 芽ばえ 豆苗
06020,（えんどう類）　さやえんどう　若ざや　生,pea snow snow pea えんどう えんどう類 きぬさや さやえんどう サヤエンドウ 生 絹さや 若さや 若ざや
06021,（えんどう類）　さやえんどう　若ざや　ゆで,pea snow snow pea えんどう えんどう類 きぬさや さやえんどう ゆで サヤエンドウ 絹さや 若さや 若ざや
06022,（えんどう類）　スナップえんどう　若ざや　生,pea snap snap pea えんどう えんどう類 すなっぷえんどう スナップえんどう スナップエンドウ スナップピー 生 若さや 若ざや
06023,（えんどう類）　グリンピース　生,green green pea pea えんどう えんどうまめ えんどう豆 えんどう類 ぐりんぴーす エンドウマメ グリンピース グリーンピース 生
06024,（えんどう類）　グリンピース　ゆで,green green pea pea えんどう えんどうまめ えんどう豆 えんどう類 ぐりんぴーす ゆで エンドウマメ グリンピース グリーンピース
06025,（えんどう類）　グリンピース　冷凍,green green pea pea えんどう えんどうまめ えんどう豆 えんどう類 ぐりんぴーす エンドウマメ グリンピース グリーンピース 冷凍
06374,（えんどう類）　グリンピース　冷凍　ゆで,green green pea pea えんどう えんどうまめ えんどう豆 えんどう類 ぐりんぴーす ゆで エンドウマメ グリンピース グリーンピース 冷凍
06375,（えんどう類）　グリンピース　冷凍　油いため,green green pea pea えんどう えんどうまめ えんどう豆 えんどう類 ぐりんぴーす エンドウマメ グリンピース グリーンピース 冷凍 油いため
06026,（えんどう類）　グリンピース　水煮缶詰,green green pea pea えんどう えんどうまめ えんどう豆 えんどう類 ぐりんぴーす エンドウマメ グリンピース グリーンピース 水煮缶詰
06027,おおさかしろな　葉　生,osaka osaka shirona shirona おおさかしろな しろな オオサカシロナ シロナ 大阪しろ菜 生 葉 葉野菜 野菜
06028,おおさかしろな　葉　ゆで,osaka osaka shirona shirona おおさかしろな しろな ゆで オオサカシロナ シロナ 大阪しろ菜 葉 葉野菜 野菜
06030,おかひじき　茎葉　生,okahijiki おかひじき オカヒジキ 生 茎 茎葉 葉 葉野菜
06031,おかひじき　茎葉　ゆで,okahijiki おかひじき ゆで オカヒジキ 茎 茎葉 葉 葉野菜
06032,オクラ　果実　生,okra おくら さや オクラ 果実 生 秋葵 野菜
06033,オクラ　果実　ゆで,okra おくら さや ゆで オクラ 果実 秋葵 野菜
06034,かぶ　葉　生,green leaf no turnip turnip green おおぶ? かぶ かぶの葉 はっぱ カブ カブの葉 生 葉 蕪 蕪の葉
06035,かぶ　葉　ゆで,green leaf turnip turnip green かぶ かぶの葉 はっぱ ゆで カブ カブの葉 葉 蕪 蕪の葉
06036,かぶ　根　皮つき　生,root turnip かぶ かぶの根 カブ カブの根 根 根っこ 生 皮つき 蕪 蕪の根
06037,かぶ　根　皮つき　ゆで,root turnip かぶ かぶの根 ゆで カブ カブの根 根 根っこ 皮つき 蕪 蕪の根
06038,かぶ　根　皮なし　生,root turnip かぶ かぶの根 カブ カブの根 根 根っこ 生 皮なし 蕪 蕪の根
06039,かぶ　根　皮なし　ゆで,root turnip かぶ かぶの根 ゆで カブ カブの根 根 根っこ 皮なし 蕪 蕪の根
06046,（かぼちゃ類）　日本かぼちゃ　果実　生,japanese japanese pumpkin kabocha pumpkin かぼちゃ かぼちゃ類 にほんかぼちゃ カボチャ ニホンカボチャ 南瓜 日本かぼちゃ 果実 生
06047,（かぼちゃ類）　日本かぼちゃ　果実　ゆで,japanese japanese pumpkin kabocha pumpkin かぼちゃ かぼちゃ類 にほんかぼちゃ ゆで カボチャ ニホンカボチャ 南瓜 日本かぼちゃ 果実
06048,（かぼちゃ類）　西洋かぼちゃ　果実　生,pumpkin squash western western pumpkin かぼちゃ かぼちゃ類 せいようかぼちゃ カボチャ セイヨウカボチャ 南瓜 果実 生 西洋かぼちゃ
06049,（かぼちゃ類）　西洋かぼちゃ　果実　ゆで,pumpkin squash western western pumpkin かぼちゃ かぼちゃ類 せいようかぼちゃ ゆで カボチャ セイヨウカボチャ 南瓜 果実 西洋かぼちゃ
06332,（かぼちゃ類）　西洋かぼちゃ　果実　焼き,pumpkin squash western western pumpkin かぼちゃ かぼちゃ類 せいようかぼちゃ カボチャ セイヨウカボチャ 南瓜 果実 焼き 西洋かぼちゃ
06050,（かぼちゃ類）　西洋かぼちゃ　果実　冷凍,pumpkin squash western western pumpkin かぼちゃ かぼちゃ類 せいようかぼちゃ カボチャ セイヨウカボチャ 冷凍 南瓜 果実 西洋かぼちゃ
06051,（かぼちゃ類）　そうめんかぼちゃ　果実　生,pumpkin spaghetti spaghetti squash squash かぼちゃ かぼちゃ類 そうめんかぼちゃ カボチャ ソーメンカボチャ 南瓜 果実 生 糸かぼちゃ
06052,からしな　葉　生,green mustard mustard green からしな からし菜 カラシナ 生 菜 葉 辛子菜
06053,からしな　塩漬,green mustard mustard green からしな からし菜 カラシナ 塩漬 菜 葉 辛子菜
06054,カリフラワー　花序　生,cauliflower かりふらわー カリフラワー 房 生 花序 花蕾
06055,カリフラワー　花序　ゆで,cauliflower かりふらわー ゆで カリフラワー 房 花序 花蕾
06056,かんぴょう　乾,dried gourd kanpyo shaving かんぴょう カンピョウ 乾 干瓢
06057,かんぴょう　ゆで,dried gourd kanpyo shaving かんぴょう ゆで カンピョウ 干瓢
06058,きく　花びら　生,chrysanthemum chrysanthemum petal edible petal きく キク 生 花びら 菊 菊の花びら 菊花 食用菊
06059,きく　花びら　ゆで,chrysanthemum edible edible chrysanthemum kiku きく はなびら ゆで キク ハナビラ 花びら 菊 食用菊
06060,きく　菊のり,chrysanthemum kiku kikunori きく きくのり キク 菊 菊のり
06061,（キャベツ類）　キャベツ　結球葉　生,cabbage きゃべつ はっぱ キャベツ キャベツ類 生 結球葉 葉
06062,（キャベツ類）　キャベツ　結球葉　ゆで,cabbage きゃべつ はっぱ ゆで キャベツ キャベツ類 結球葉 葉
06333,（キャベツ類）　キャベツ　結球葉　油いため,cabbage きゃべつ はっぱ キャベツ キャベツ類 油いため 結球葉 葉
06403,（キャベツ類）　キャベツ　結球葉　カット　常法洗浄,cabbage cut cut cabbage きゃべつ カット カットキャベツ カット野菜 キャベツ キャベツ類 常法洗浄 結球葉
06404,（キャベツ類）　キャベツ　結球葉　カット　次亜塩素酸洗浄,cabbage cut cut cabbage きゃべつ カット カットキャベツ カット野菜 キャベツ キャベツ類 次亜塩素酸洗浄 結球葉
06063,（キャベツ類）　グリーンボール　結球葉　生,ball ball cabbage cabbage green green ball greenball キャベツ キャベツ類 グリーンボール グリーンボールキャベツ 生 結球葉
06064,（キャベツ類）　レッドキャベツ　結球葉　生,cabbage red red cabbage キャベツ キャベツ類 レッド レッドキャベツ 生 紫キャベツ 結球葉 赤キャベツ
06065,きゅうり　果実　生,cucumber きゅうり キュウリ 果実 生 胡瓜
06068,きゅうり　漬物　ぬかみそ漬,cucumber cucumber nukazuke nukazuke pickled pickled cucumber きゅうり きゅうりのぬか漬け ぬかづけ ぬかみそ漬 ぬか漬け キュウリ 漬物 胡瓜
06075,キンサイ　茎葉　生,kinsai きんさい キンサイ 生 茎葉 金菜
06076,キンサイ　茎葉　ゆで,kinsai きんさい ゆで キンサイ 茎葉 金菜
06077,クレソン　茎葉　生,watercress くれそん ウォータークレソン クレソン 生 茎葉
06078,くわい　塊茎　生,arrowhead chinese kuwai くわい クワイ 塊茎 慈姑 生
06079,くわい　塊茎　ゆで,arrowhead chinese kuwai くわい ゆで クワイ 塊茎 慈姑
06080,ケール　葉　生,kale けーる ケール 生 葉
06081,コールラビ　球茎　生,kohlrabi こーるらび コールラビ 球茎 生
06082,コールラビ　球茎　ゆで,kohlrabi こーるらび ゆで コールラビ 球茎
06084,（ごぼう類）　ごぼう　根　生,burdock burdock root root ごぼう ごぼう類 ゴボウ 根 牛蒡 生
06085,（ごぼう類）　ごぼう　根　ゆで,burdock burdock root root ごぼう ごぼう類 ゆで ゴボウ 根 牛蒡
06405,（ごぼう類）　堀川ごぼう　根　生,burdock horikawa horikawa burdock root ごぼう ごぼう類 ほりかわごぼう ゴボウ ホリカワゴボウ 堀川ごぼう 堀川牛蒡 根 牛蒡 生
06086,こまつな　葉　生,japanese komatsuna leaf mustard spinach こまつな コマツナ 小松菜 生 葉
06087,こまつな　葉　ゆで,japanese komatsuna leaf mustard spinach こまつな ゆで コマツナ 小松菜 葉
06385,コリアンダー　葉　生,cilantro coriander leaf こりあんだー コリアンダー コリアンダー葉 パクチー パクチー葉 生 葉 香菜
06089,さんとうさい　葉　生,leaf santousai さんとうさい さんとう菜 サントウサイ 山東菜 生 葉
06090,さんとうさい　葉　ゆで,leaf santousai さんとうさい さんとう菜 ゆで サントウサイ 山東菜 葉
06092,しかくまめ　若ざや　生,asparagus bean pod winged winged bean さや しかくまめ シカクマメ 四角豆 生 若ざや
06093,（ししとう類）　ししとう　果実　生,pepper shishito shishito pepper ししとう ししとう類 シシトウ 果実 獅子唐 生
06094,（ししとう類）　ししとう　果実　油いため,pepper shishito shishito pepper ししとう ししとう類 シシトウ 果実 油いため 獅子唐
06406,（ししとう類）　万願寺とうがらし　果実　生,manganji manganji pepper pepper ししとう類 とうがらし まんがんじとうがらし マンガンジトウガラシ 万願寺とうがらし 万願寺唐辛子 唐辛子 果実 生
06095,しそ　葉　生,leaf perilla shiso shiso perilla おおば しそ シソ 大葉 大葉しそ 生 紫蘇 葉
06096,しそ　実　生,perilla perilla seed seed shiso しそ しそのみ しその実 しそ実 実 生 紫蘇実
06097,じゅうろくささげ　若ざや　生,juroku juroku sasage pod sasage ささげ さや じゅうろくささげ じゅうろくササゲ ササゲ ジュウロクササゲ 十六ささげ 生 若ざや
06098,じゅうろくささげ　若ざや　ゆで,juroku juroku sasage pod sasage ささげ さや じゅうろくささげ じゅうろくササゲ ゆで ササゲ ジュウロクササゲ 十六ささげ 若ざや
06099,しゅんぎく　葉　生,chrysanthemum edible garland leaf shungiku しゅんぎく シュンギク 春菊 生 葉
06100,しゅんぎく　葉　ゆで,chrysanthemum edible garland leaf shungiku しゅんぎく ゆで シュンギク 春菊 葉
06101,じゅんさい　若葉　水煮びん詰,junsai shield water watershield じゅんさい ジュンサイ ジュンサイト 水煮びん詰 若葉 若葉じゅんさい
06102,（しょうが類）　葉しょうが　根茎　生,ginger leaf leaf ginger rhizome しょうが しょうが類 はしょうが ハショウガ 根茎 生 生姜 葉しょうが 葉生姜
06103,（しょうが類）　しょうが　根茎　皮なし　生,ginger root しょうが しょうが類 ショウガ 根茎 生 生姜 皮なし
06365,（しょうが類）　しょうが　根茎　皮なし　生　おろし,ginger grated grated ginger おろし おろししょうが おろし生姜 しょうが しょうが類 ショウガ 根茎 生 生姜 皮なし
06366,（しょうが類）　しょうが　根茎　皮なし　生　おろし汁,ginger ginger juice juice おろし汁 しょうが しょうが汁 しょうが類 ショウガ 根茎 生 生姜 生姜汁 皮なし
06386,（しょうが類）　新しょうが　根茎　生,ginger new young young ginger しょうが類 しんしょうが 新しょうが 新ショウガ 新生姜 根茎 生
06106,しろうり　果実　生,gourd white white gourd うり しろうり ウリ シロウリ 果実 瓜 生 白瓜
06110,ずいき　生ずいき　ゆで,stem taro taro stem zuiki zuiki taro ずいき ゆで ズイキ 生ずいき 芋茎
06112,ずいき　干しずいき　ゆで,dried stem taro taro stem zuiki zuiki taro ずいき ほしずいき ゆで ズイキ ホシズイキ 干しずいき 芋茎
06387,すいぜんじな　葉　生,suizenjina すいぜんじな スイゼンジナ 水前寺菜 生 葉
06113,すぐきな　葉　生,suguki すぐきな すぐき菜 スグキナ 生 葉
06114,すぐきな　根　生,suguki すぐき すぐきな すぐき菜 ね スグキナ 根 生
06116,ズッキーニ　果実　生,courgette zucchini ずっきーに ズッキーニ ズッキーニー 果実 生
06117,せり　茎葉　生,dropwort japanese parsley seri water せり セリ 生 芹 茎葉
06118,せり　茎葉　ゆで,dropwort japanese parsley seri water せり ゆで セリ 芹 茎葉
06119,セロリ　葉柄　生,celery せろり セロリ セロリ葉柄 生 茎 葉柄
06125,そらまめ　未熟豆　ゆで,bean broad fava fava bean そらまめ ゆで ソラマメ 未熟豆 空豆
06126,タアサイ　葉　生,tatsoi タアサイ タアサイ葉 ターサイ ターツァイ ターツァイ葉 生 葉
06127,タアサイ　葉　ゆで,tatsoi ゆで タアサイ タアサイ葉 ターサイ ターツァイ ターツァイ葉 葉
06128,（だいこん類）　かいわれだいこん　芽ばえ　生,daikon daikon sprout kaiware radish sprout かいわれ かいわれだいこん かいわれ大根 だいこん類 カイワレ カイワレダイコン 生 芽ばえ 貝割大根
06129,（だいこん類）　葉だいこん　葉　生,daikon daikon leaf leaf radish だいこん類 はだいこん 大根の葉 大根葉 生 葉 葉だいこん 葉大根
06130,（だいこん類）　だいこん　葉　生,daikon daikon leaf leaf radish だいこん だいこん類 ダイコン 大根 大根の葉 大根葉 生 葉
06131,（だいこん類）　だいこん　葉　ゆで,daikon daikon leaf leaf radish だいこん だいこん類 ゆで ダイコン 大根 大根の葉 大根葉 葉
06132,（だいこん類）　だいこん　根　皮つき　生,daikon radish だいこん だいこん類 ダイコン 大根 根 生 皮つき
06133,（だいこん類）　だいこん　根　皮つき　ゆで,daikon radish だいこん だいこん類 ゆで ダイコン 大根 根 皮つき
06134,（だいこん類）　だいこん　根　皮なし　生,daikon radish だいこん だいこん類 ダイコン 大根 根 生 皮なし
06367,（だいこん類）　だいこん　根　皮なし　生　おろし,daikon grated grated daikon radish おろし だいこん だいこん類 ダイコン 大根 大根おろし 根 生 皮なし
06368,（だいこん類）　だいこん　根　皮なし　生　おろし汁,daikon daikon juice grated grated daikon juice radish おろし汁 だいこん だいこん類 大根 大根おろし 大根おろし汁 根 生 皮なし
06369,（だいこん類）　だいこん　根　皮なし　生　おろし水洗い,daikon grated grated daikon radish おろし水洗い だいこん だいこん類 ダイコン 大根 大根おろし 根 生 皮なし
06135,（だいこん類）　だいこん　根　皮なし　ゆで,daikon radish だいこん だいこん類 ゆで ダイコン 大根 根 皮なし
06136,（だいこん類）　切干しだいこん　乾,daikon dried kiriboshi kiriboshi daikon きりぼしだいこん だいこん類 ほしだいこん キリボシダイコン 乾 切り干し大根 切干しだいこん 切干し大根 干し大根
06334,（だいこん類）　切干しだいこん　ゆで,daikon dried kiriboshi kiriboshi daikon きりぼしだいこん だいこん類 ほしだいこん ゆで キリボシダイコン 切り干し大根 切干しだいこん 切干し大根 干し大根
06144,（たいさい類）　つまみな　葉　生,green leafy tsumamina たいさい類 つまみな つまみ菜 ツマミナ 生 葉 葉物野菜
06145,（たいさい類）　たいさい　葉　生,green leafy taisai たいさい たいさい類 タイサイ 大菜 生 葉 葉物野菜
06147,たかな　葉　生,green leaf mustard mustard green takana takana mustard たかな タカナ 生 葉 高菜
06149,たけのこ　若茎　生,bamboo bamboo shoot shoot たけのこ タケノコ 生 筍 若茎
06150,たけのこ　若茎　ゆで,bamboo bamboo shoot shoot たけのこ ゆで タケノコ 筍 若茎
06151,たけのこ　水煮缶詰,bamboo bamboo shoot canned canned bamboo shoot たけのこ たけのこ缶 たけのこ缶詰 タケノコ 水煮缶詰 筍
06157,たらのめ　若芽　生,bud me no no me shoot tara tara no たらのめ タラの芽 タラノメ 生 若芽
06158,たらのめ　若芽　ゆで,bud me no no me shoot tara tara no たらのめ ゆで タラの芽 タラノメ 若芽
06159,チコリ　若芽　生,chicory ちこり チコリ 生 若芽
06376,ちぢみゆきな　葉　生,chijimi chijimi yukina yukina ちぢみゆきな ちぢみ雪菜 ゆきな チヂミユキナ 生 縮み雪菜 葉 雪菜
06377,ちぢみゆきな　葉　ゆで,chijimi chijimi yukina yukina ちぢみゆきな ちぢみ雪菜 ゆきな ゆで チヂミユキナ 縮み雪菜 葉 雪菜
06160,チンゲンサイ　葉　生,bok bok choy bokchoy choi choy leaf pak ちんげんさい は はっぱ チンゲンサイ 生 葉 青梗菜
06161,チンゲンサイ　葉　ゆで,bok bok choy bokchoy choi choy leaf pak ちんげんさい は はっぱ ゆで チンゲンサイ 葉 青梗菜
06338,チンゲンサイ　葉　油いため,bok bok choy bokchoy choi choy leaf pak ちんげんさい は はっぱ チンゲンサイ 油いため 葉 青梗菜
06163,つくし　胞子茎　ゆで,field horsetail horsetail shoot shoot tsukushi つくし ほうしけい ゆで ツクシ 土筆 胞子茎
06164,つるな　茎葉　生,leaf new purslane sea sea purslane spinach stem tsuruna zealand つるな ツルナ 生 茎 茎葉 葉 蔓菜
06390,つるにんじん　根　生,ninjin root tsuru tsuruninjin つるにんじん ね ツルニンジン 根 生 蔓人参
06165,つるむらさき　茎葉　生,indian leaf malabar malabar spinach spinach stem tsurumurasaki つるむらさき ツルムラサキ 生 茎 茎葉 葉 蔓紫
06166,つるむらさき　茎葉　ゆで,indian leaf malabar malabar spinach spinach stem tsurumurasaki つるむらさき ゆで ツルムラサキ 茎 茎葉 葉 蔓紫
06173,とうがん　果実　生,ash gourd melon tougan wax winter winter melon とうがん トウガン 冬瓜 果実 瓜 生
06174,とうがん　果実　ゆで,ash gourd melon tougan wax winter winter melon とうがん ゆで トウガン 冬瓜 果実 瓜
06175,（とうもろこし類）　スイートコーン　未熟種子　生,corn sweet sweet corn すいーとこーん とうもろこし とうもろこし類 コーン スイートコーン トウモロコシ 未熟種子 玉蜀黍 生
06176,（とうもろこし類）　スイートコーン　未熟種子　ゆで,corn sweet sweet corn すいーとこーん とうもろこし とうもろこし類 ゆで コーン スイートコーン トウモロコシ 未熟種子 玉蜀黍
06339,（とうもろこし類）　スイートコーン　未熟種子　電子レンジ調理,corn microwave sweet sweet corn すいーとこーん とうもろこし とうもろこし類 コーン スイートコーン トウモロコシ 未熟種子 玉蜀黍 電子レンジ用コーン 電子レンジ調理
06177,（とうもろこし類）　スイートコーン　未熟種子　穂軸つき　冷凍,corn frozen sweet sweet corn とうもろこし とうもろこし類 コーン スイートコーン トウモロコシ 冷凍 冷凍コーン 未熟種子 玉蜀黍 穂軸つき
06178,（とうもろこし類）　スイートコーン　未熟種子　カーネル　冷凍,corn frozen kernel sweet sweet corn とうもろこし とうもろこし類 カーネル カーネルコーン コーン スイートコーン トウモロコシ 冷凍 冷凍コーン 未熟種子 玉蜀黍
06378,（とうもろこし類）　スイートコーン　未熟種子　カーネル　冷凍　ゆで,corn frozen kernel sweet sweet corn とうもろこし とうもろこし類 ゆで カーネル カーネルコーン コーン スイートコーン トウモロコシ 冷凍 冷凍コーン 未熟種子 玉蜀黍
06379,（とうもろこし類）　スイートコーン　未熟種子　カーネル　冷凍　油いため,corn kernel sweet sweet corn とうもろこし とうもろこし類 カーネル カーネルコーン コーン スイートコーン トウモロコシ 冷凍 未熟種子 油いため 玉蜀黍
06180,（とうもろこし類）　スイートコーン　缶詰　ホールカーネルスタイル,canned corn sweet sweet corn とうもろこし とうもろこし類 コーン コーン缶 スイートコーン トウモロコシ ホールカーネルスタイル 玉蜀黍 缶コーン 缶詰
06181,（とうもろこし類）　ヤングコーン　幼雌穂　生,baby baby corn corn young とうもろこし とうもろこし類 やんぐこーん コーン トウモロコシ ベビーコーン ヤングコーン 幼雌穂 生
06182,（トマト類）　赤色トマト　果実　生,red tomato あかいろトマト とまと トマト トマト類 果実 生 赤いトマト 赤色トマト
06183,（トマト類）　赤色ミニトマト　果実　生,cherry cherry tomato tomato あかいろみにとまと とまと みにとまと チェリートマト トマト トマト類 ミニトマト 果実 生 赤色ミニトマト
06391,（トマト類）　黄色トマト　果実　生,tomato yellow きいろとまと とまと イエロートマト トマト トマト類 果実 生 黄色トマト
06370,（トマト類）　ドライトマト,dried dried tomato sun tomato とまと どらいとまと トマト トマト類 ドライトマト 乾燥トマト
06184,（トマト類）　加工品　ホール　食塩無添加,canned tomato whole whole tomato とまと トマト トマト缶 トマト類 ホール ホールトマト ホール缶トマト 加工品 缶詰トマト 食塩無添加
06185,（トマト類）　加工品　トマトジュース　食塩添加,juice tomato tomato juice とまと とまとじゅうす トマト トマトジュース トマト類 加工品 食塩添加
06340,（トマト類）　加工品　トマトジュース　食塩無添加,juice tomato tomato juice unsalted とまとじゅうす むえんとまとじゅうす トマト トマトジュース トマト類 加工品 無塩トマトジュース 食塩無添加
06341,（トマト類）　加工品　ミックスジュース　食塩無添加,juice mixed mixed juice とまと みっくすじゅうす トマト トマト類 ミックスジュース 加工品 混合ジュース 食塩無添加
06187,トレビス　葉　生,radicchio とれびす チコリ トレビス ラディッキオ 生 葉 葉野菜
06188,とんぶり　ゆで,tonburi とんぶり ゆで トンブリ
06189,ながさきはくさい　葉　生,cabbage chinese hakusai nagasaki nagasaki hakusai ながさきはくさい はくさい ナガサキハクサイ 生 白菜 葉 長崎白菜
06190,ながさきはくさい　葉　ゆで,cabbage chinese hakusai nagasaki nagasaki hakusai ながさきはくさい はくさい ゆで ナガサキハクサイ 白菜 葉 長崎白菜
06191,（なす類）　なす　果実　生,aubergine eggplant なす なすび なす類 ナス 果実 生 茄子
06192,（なす類）　なす　果実　ゆで,aubergine eggplant なす なすび なす類 ゆで ナス 果実 茄子
06342,（なす類）　なす　果実　油いため,aubergine eggplant なす なすび なす類 ナス 果実 油いため 茄子
06193,（なす類）　べいなす　果実　生,eggplant なす なす類 べいなす ナス ベイナス 果実 生 米なす 米茄子 茄子
06194,（なす類）　べいなす　果実　素揚げ,eggplant なす なす類 べいなす ナス ベイナス 果実 米なす 米茄子 素揚げ 茄子
06200,なずな　葉　生,purse shepherd shepherd' shepherd' purse なずな ぺんぺんぐさ ナズナ ペンペン草 生 葉 薺
06201,（なばな類）　和種なばな　花らい・茎　生,blossom japanese japanese rape nanohana nanohana japanese rape rape blossom rapeseed なばな なばな類 わしゅなばな ナバナ 和種なばな 生 花らい 茎 菜花
06202,（なばな類）　和種なばな　花らい・茎　ゆで,blossom japanese japanese rape nanohana nanohana japanese rape rape blossom rapeseed なばな なばな類 ゆで わしゅなばな ナバナ 和種なばな 花らい 茎 菜花
06203,（なばな類）　洋種なばな　茎葉　生,blossom nanohana nanohana western rapeseed variety western western variety なばな なばな類 ようしゅなばな ナバナ 洋種なばな 生 茎葉 菜花
06204,（なばな類）　洋種なばな　茎葉　ゆで,green nanohana rapeseed rapeseed green なのはな なばな なばな類 ゆで ようしゅなばな ナノハナ ナバナ ヨウシュナバナ 洋種なばな 茎 茎葉 菜の花 葉
06206,にがうり　果実　油いため,bitter bitter gourd gourd goya melon にがうり ゴーヤ ゴーヤー ニガウリ 果実 油いため 瓜 苦瓜
06211,（にんじん類）　葉にんじん　葉　生,carrot carrot green green leaf にんじん にんじんの葉 にんじん類 はにんじん ニンジン ハニンジン 人参 人参葉 生 葉 葉にんじん
06212,（にんじん類）　にんじん　根　皮つき　生,carrot にんじん にんじん類 ニンジン 人参 根 根菜 生 皮つき
06213,（にんじん類）　にんじん　根　皮つき　ゆで,carrot にんじん にんじん類 ゆで ニンジン 人参 根 根菜 皮つき
06214,（にんじん類）　にんじん　根　皮なし　生,carrot にんじん にんじん類 ニンジン 人参 根 根菜 生 皮なし
06215,（にんじん類）　にんじん　根　皮なし　ゆで,carrot にんじん にんじん類 ゆで ニンジン 人参 根 根菜 皮なし
06345,（にんじん類）　にんじん　根　皮なし　油いため,carrot にんじん にんじん類 ニンジン 人参 根 根菜 油いため 皮なし
06346,（にんじん類）　にんじん　根　皮なし　素揚げ,carrot にんじん にんじん類 ニンジン 人参 根 根菜 皮なし 素揚げ
06407,（にんじん類）　にんじん　根　皮なし　カット　常法洗浄,carrot cut cut carrot にんじん にんじん類 カット カットにんじん カット人参 カット野菜 ニンジン 人参 常法洗浄 根 皮なし
06408,（にんじん類）　にんじん　根　皮なし　カット　次亜塩素酸洗浄,carrot cut cut carrot にんじん にんじん類 カット カットにんじん カット人参 カット野菜 ニンジン 人参 根 次亜塩素酸洗浄 皮なし
06347,（にんじん類）　にんじん　根　皮　生,carrot carrot peel peel skin にんじん にんじんの皮 にんじん皮 にんじん類 人参 人参の皮 人参皮 根 生 皮
06216,（にんじん類）　にんじん　根　冷凍,carrot frozen frozen carrot にんじん にんじん類 ニンジン 人参 冷凍 冷凍にんじん 冷凍野菜 根
06380,（にんじん類）　にんじん　根　冷凍　ゆで,carrot frozen frozen carrot にんじん にんじん類 ゆで ニンジン 人参 冷凍 冷凍にんじん 冷凍野菜 根
06381,（にんじん類）　にんじん　根　冷凍　油いため,carrot frozen frozen carrot にんじん にんじん類 ニンジン 人参 冷凍 冷凍にんじん 冷凍野菜 根 油いため
06348,（にんじん類）　にんじん　グラッセ,carrot glace glazed glazed carrot にんじん にんじんグラッセ にんじん類 グラッセ グラッセにんじん 人参
06217,（にんじん類）　にんじん　ジュース　缶詰,canned carrot carrot juice juice にんじん にんじんジュース にんじんジュース缶 にんじん缶 にんじん類 ジュース 人参ジュース 缶 缶詰
06218,（にんじん類）　きんとき　根　皮つき　生,carrot kintoki kintoki carrot きんとき にんじん にんじん類 キントキ ニンジン 人参 根 根菜 生 皮つき 金時 金時にんじん 金時人参
06219,（にんじん類）　きんとき　根　皮つき　ゆで,carrot kintoki kintoki carrot きんとき にんじん にんじん類 ゆで キントキ ニンジン 人参 根 根菜 皮つき 金時 金時にんじん 金時人参
06220,（にんじん類）　きんとき　根　皮なし　生,carrot kintoki kintoki carrot きんとき にんじん にんじん類 キントキ ニンジン 人参 根 根菜 生 皮なし 金時 金時にんじん 金時人参
06221,（にんじん類）　きんとき　根　皮なし　ゆで,carrot kintoki kintoki carrot きんとき にんじん にんじん類 ゆで キントキ ニンジン 人参 根 皮なし 金時にんじん 金時人参
06409,（にんじん類）　島にんじん　根　皮なし　生,carrot island island carrot しまにんじん にんじん にんじん類 シマニンジン ニンジン 人参 島にんじん 島人参 根 生 皮なし
06222,（にんじん類）　ミニキャロット　根　生,baby baby carrot carrot にんじん にんじん類 ニンジン ベビーキャロット ミニにんじん ミニキャロット 人参 根 生
06229,のざわな　葉　生,nozawana のざわな ノザワナ 生 葉 野沢菜
06233,はくさい　結球葉　生,cabbage chinese chinese cabbage hakusai はくさい ハクサイ 生 白菜 白菜の葉 白菜葉 結球葉
06234,はくさい　結球葉　ゆで,cabbage chinese chinese cabbage hakusai はくさい ゆで ハクサイ 白菜 白菜の葉 白菜葉 結球葉
06237,パクチョイ　葉　生,bok choi choy pak pak choi ぱくちょい チンゲンサイ チンゲン菜 パクチョイ 生 葉 青梗菜
06238,バジル　葉　生,basil ばじる スイートバジル バジル バジル葉 生 葉
06239,パセリ　葉　生,parsley ぱせり パセリ パセリ葉 生 葉
06240,はつかだいこん　根　生,radish はつかだいこん ハツカダイコン ラディッシュ 二十日大根 根 生
06392,はなっこりー　生,hanakkori はなっこりー ハナッコリー 生
06241,はやとうり　果実　白色種　生,chayote squash はやとうり ハヤトウリ 果実 生 白色種
06353,はやとうり　果実　緑色種　生,chayote squash はやとうり ハヤトウリ 果実 生 緑色種
06243,ビーツ　根　生,beet beetroot ビーツ ビート ビートルート 根 生
06244,ビーツ　根　ゆで,beet beetroot ゆで ビーツ ビート ビートルート 根
06245,（ピーマン類）　青ピーマン　果実　生,bell bell pepper green green bell pepper あおピーマン ピーマン ピーマン類 果実 生 緑ピーマン 青ピーマン
06246,（ピーマン類）　青ピーマン　果実　油いため,bell bell pepper green green bell pepper あおピーマン ピーマン ピーマン類 果実 油いため 緑ピーマン 青ピーマン
06247,（ピーマン類）　赤ピーマン　果実　生,bell bell pepper pepper red red bell あかピーマン ピーマン ピーマン類 果実 生 赤パプリカ 赤ピーマン
06248,（ピーマン類）　赤ピーマン　果実　油いため,bell bell pepper pepper red red bell あかピーマン ピーマン ピーマン類 果実 油いため 赤パプリカ 赤ピーマン
06393,（ピーマン類）　オレンジピーマン　果実　生,bell bell pepper orange orange bell pepper オレンジパプリカ オレンジピーマン ピーマン ピーマン類 果実 生
06394,（ピーマン類）　オレンジピーマン　果実　油いため,bell bell pepper orange orange bell pepper sweet おれんじぴーまん ぱぷりか ぴーまん オレンジピーマン パプリカ ピーマン ピーマン類 果実 油いため
06249,（ピーマン類）　黄ピーマン　果実　生,bell bell pepper pepper sweet yellow yellow bell きぴーまん ぱぷりか ぴーまん パプリカ ピーマン ピーマン類 果実 生 黄ピーマン
06250,（ピーマン類）　黄ピーマン　果実　油いため,bell bell pepper pepper sweet yellow yellow bell きぴーまん ぱぷりか ぴーまん パプリカ ピーマン ピーマン類 果実 油いため 黄ピーマン
06251,（ピーマン類）　トマピー　果実　生,bell pepper tomapie とまぴー ぱぷりか ぴーまん トマピー パプリカ ピーマン ピーマン類 果実 生
06252,ひのな　根・茎葉　生,hinona hinona turnip turnip かぶ ひのな カブ ヒノナ 日野菜 日野菜かぶ 根 生 茎葉
06254,ひろしまな　葉　生,green hiroshima hiroshima green leaf mustard ひろしまな ヒロシマナ 広島菜 生 葉 葉物
06255,ひろしまな　塩漬,green hiroshima hiroshima green leaf mustard ひろしまな ヒロシマナ 塩漬 広島菜 葉物
06256,（ふき類）　ふき　葉柄　生,butterbur くき ふき ふき類 フキ 生 茎 葉柄 蕗
06257,（ふき類）　ふき　葉柄　ゆで,butterbur くき ふき ふき類 ゆで フキ 茎 葉柄 蕗
06258,（ふき類）　ふきのとう　花序　生,butterbur fukinotou sprout つぼみ ふきのとう ふき類 フキノトウ 生 花序 蕗のとう 蕗の薹
06259,（ふき類）　ふきのとう　花序　ゆで,butterbur fukinotou sprout つぼみ ふきのとう ふき類 ゆで フキノトウ 花序 蕗のとう 蕗の薹
06260,ふじまめ　若ざや　生,bean fujimame さや ふじまめ まめ サヤ フジマメ 生 若ざや 藤豆 豆
06261,ふだんそう　葉　生,fudansou leaf vegetable ふだんそう フダンソウ 生 葉 葉物
06262,ふだんそう　葉　ゆで,fudansou leaf vegetable ふだんそう ゆで フダンソウ 葉 葉物
06263,ブロッコリー　花序　生,broccoli つぼみ ぶろっこりー ブロッコリー 生 花序 花蕾
06264,ブロッコリー　花序　ゆで,broccoli つぼみ ぶろっこりー ゆで ブロッコリー 花序 花蕾
06395,ブロッコリー　花序　電子レンジ調理,broccoli つぼみ ぶろっこりー ブロッコリー 花序 花蕾 電子レンジ調理
06396,ブロッコリー　花序　焼き,broccoli つぼみ ぶろっこりー ブロッコリー 焼き 花序 花蕾
06397,ブロッコリー　花序　油いため,broccoli つぼみ ぶろっこりー ブロッコリー 油いため 花序 花蕾
06354,ブロッコリー　芽ばえ　生,broccoli broccoli sprout sprout ぶろっこりーすぷらうと スプラウト ブロッコリー ブロッコリースプラウト ブロッコリー芽ばえ 生 芽ばえ
06265,へちま　果実　生,gourd hechima luffa sponge sponge gourd かじつ へちま カジツ ヘチマ 果実 生 糸瓜
06266,へちま　果実　ゆで,gourd hechima luffa sponge sponge gourd かじつ へちま ゆで カジツ ヘチマ 果実 糸瓜
06267,ほうれんそう　葉　通年平均　生,leaf spinach ほうれんそう ほうれん草 ホウレンソウ 法蓮草 生 葉 葉っぱ 通年平均
06359,ほうれんそう　葉　通年平均　油いため,leaf spinach ほうれんそう ほうれん草 ホウレンソウ 油いため 法蓮草 葉 葉っぱ 通年平均
06355,ほうれんそう　葉　夏採り　生,leaf spinach ほうれんそう ほうれん草 ホウレンソウ 夏採り 法蓮草 生 葉 葉っぱ
06357,ほうれんそう　葉　夏採り　ゆで,leaf spinach ほうれんそう ほうれん草 ゆで ホウレンソウ 夏採り 法蓮草 葉 葉っぱ
06356,ほうれんそう　葉　冬採り　生,leaf spinach ほうれんそう ほうれん草 ホウレンソウ 冬採り 法蓮草 生 葉 葉っぱ
06358,ほうれんそう　葉　冬採り　ゆで,leaf spinach ほうれんそう ほうれん草 ゆで ホウレンソウ 冬採り 法蓮草 葉 葉っぱ
06269,ほうれんそう　葉　冷凍,leaf spinach ほうれんそう ほうれん草 ホウレンソウ 冷凍 法蓮草 葉 葉っぱ
06372,ほうれんそう　葉　冷凍　ゆで,leaf spinach ほうれんそう ほうれん草 ゆで ホウレンソウ 冷凍 法蓮草 葉 葉っぱ
06271,まこも　茎　生,makomo stem くき まこも クキ マコモ 生 真菰 茎
06272,みずかけな　葉　生,leaf mizukakena みずかけな ミズカケナ 水掛菜 生 葉 葉っぱ
06072,みずな　葉　生,green japanese leaf mizuna mustard みずな ミズナ 水菜 生 葉 葉っぱ
06073,みずな　葉　ゆで,green japanese leaf mizuna mustard みずな ゆで ミズナ 水菜 葉 葉っぱ
06274,（みつば類）　切りみつば　葉　生,japanese mitsuba parsley きりみつば みつば みつば類 キリミツバ ミツバ 三つ葉 切りみつば 生 葉 葉っぱ
06275,（みつば類）　切りみつば　葉　ゆで,japanese mitsuba parsley きりみつば みつば みつば類 ゆで キリミツバ ミツバ 三つ葉 切りみつば 葉 葉っぱ
06276,（みつば類）　根みつば　葉　生,japanese mitsuba parsley ねみつば みつば みつば類 ネミツバ ミツバ 三つ葉 根みつば 生 葉 葉っぱ
06277,（みつば類）　根みつば　葉　ゆで,japanese mitsuba parsley ねみつば みつば みつば類 ゆで ネミツバ ミツバ 三つ葉 根みつば 葉 葉っぱ
06278,（みつば類）　糸みつば　葉　生,japanese mitsuba parsley いとみつば みつば みつば類 イトミツバ ミツバ 三つ葉 生 糸みつば 葉 葉っぱ
06279,（みつば類）　糸みつば　葉　ゆで,japanese mitsuba parsley いとみつば みつば みつば類 ゆで イトミツバ ミツバ 三つ葉 糸みつば 葉 葉っぱ
06360,みぶな　葉　生,mibuna みぶな ミブナ 壬生菜 生 葉
06280,（みょうが類）　みょうが　花穂　生,myoga みょうが みょうが類 ミョウガ 生 花 花穂 茗荷
06281,（みょうが類）　みょうがたけ　茎葉　生,myoga myoga shoot shoot たけ みょうが みょうがたけ みょうが類 ミョウガ ミョウガタケ 生 茎葉
06282,むかご　肉芽　生,mukago むかご ムカゴ 山芋 生 肉芽 零余子
06283,めキャベツ　結球葉　生,brussel brussel sprout sprout めキャベツ メキャベツ 生 結球葉 芽キャベツ 葉
06284,めキャベツ　結球葉　ゆで,brussel brussel sprout sprout めキャベツ ゆで メキャベツ 結球葉 芽キャベツ 葉
06285,めたで　芽ばえ　生,metade めたで メタデ 生 芽ばえ
06286,（もやし類）　アルファルファもやし　生,alfalfa alfalfa sprout sprout もやし もやし類 アルファルファ アルファルファもやし スプラウト モヤシ 生
06287,（もやし類）　だいずもやし　生,soybean soybean sprout sprout だいずもやし もやし もやし類 ダイズモヤシ モヤシ 大豆もやし 生
06288,（もやし類）　だいずもやし　ゆで,soybean soybean sprout sprout だいずもやし もやし もやし類 ゆで ダイズモヤシ モヤシ 大豆もやし
06412,（もやし類）　だいずもやし　油いため,soybean soybean sprout sprout だいずもやし もやし もやし類 ダイズモヤシ モヤシ 大豆もやし 油いため
06289,（もやし類）　ブラックマッペもやし　生,bean black black gram gram gram sprout mung sprout もやし もやし類 ブラックマッペ ブラックマッペもやし モヤシ 生
06290,（もやし類）　ブラックマッペもやし　ゆで,bean black black gram gram gram sprout mung sprout もやし もやし類 ゆで ブラックマッペ ブラックマッペもやし モヤシ
06398,（もやし類）　ブラックマッペもやし　油いため,bean black black gram gram gram sprout mung sprout もやし もやし類 ブラックマッペ ブラックマッペもやし モヤシ 油いため
06291,（もやし類）　りょくとうもやし　生,bean bean sprout mung mung bean sprout もやし もやし類 りょくとうもやし モヤシ リョクトウモヤシ 生 緑豆もやし
06292,（もやし類）　りょくとうもやし　ゆで,bean bean sprout mung mung bean sprout もやし もやし類 ゆで りょくとうもやし モヤシ リョクトウモヤシ 緑豆もやし
06413,（もやし類）　りょくとうもやし　油いため,bean bean sprout mung mung bean sprout もやし もやし類 りょくとうもやし モヤシ リョクトウモヤシ 油いため 緑豆もやし
06293,モロヘイヤ　茎葉　生,jute mallow molokhia もろへいや モロヘイヤ 生 茎葉
06294,モロヘイヤ　茎葉　ゆで,jute mallow molokhia もろへいや ゆで モロヘイヤ 茎葉
06297,ゆりね　りん茎　ゆで,bulb lily lily bulb ゆで ゆりね りん茎 ユリネ 百合根
06298,ようさい　茎葉　生,yousai くきば ようさい クキバ ヨウサイ 洋菜 生 茎 茎葉 葉 葉っぱ
06299,ようさい　茎葉　ゆで,yousai くきば ゆで ようさい クキバ ヨウサイ 洋菜 茎 茎葉 葉 葉っぱ
06300,よめな　葉　生,aster japanese yomena よめな ヨメナ 嫁菜 生 葉 葉っぱ
06302,よもぎ　葉　ゆで,mugwort yomogi ゆで よもぎ ヨモギ 葉 葉っぱ 蓬
06319,ルッコラ　葉　生,arugula rocket rucola るっこら ルッコラ 生 葉 葉っぱ
06312,（レタス類）　レタス　土耕栽培　結球葉　生,lettuce れたす レタス レタス類 土耕栽培 玉レタス 生 結球 結球葉 葉
06361,（レタス類）　レタス　水耕栽培　結球葉　生,lettuce れたす レタス レタス類 水耕栽培 玉レタス 生 結球 結球葉 葉
06313,（レタス類）　サラダな　葉　生,green leaf salad salad green さらだな サラダな サラダ菜 レタス類 生 葉
06314,（レタス類）　リーフレタス　葉　生,leaf leaf lettuce lettuce りーふれたす リーフレタス レタス類 生 葉
06315,（レタス類）　サニーレタス　葉　生,leaf leaf lettuce lettuce red red leaf さにーれたす サニーレタス レタス類 生 葉
06362,（レタス類）　サンチュ　葉　生,lettuce ssam ssam lettuce さんちゅ サンチュ レタス類 生 葉
06316,（レタス類）　コスレタス　葉　生,co lettuce romaine romaine lettuce こすれたす コスレタス レタス類 ロメインレタス 生 葉
06317,れんこん　根茎　生,lotus lotus root renkon root れんこん レンコン 根 根茎 生 蓮根
06318,れんこん　根茎　ゆで,lotus lotus root renkon root ゆで れんこん レンコン 根 根茎 蓮根
06382,（その他）　ミックスベジタブル　冷凍,mixed mixed vegetable vegetable その他 みっくすべじたぶる ミックスベジ ミックスベジタブル ミックス野菜 冷凍
06383,（その他）　ミックスベジタブル　冷凍　ゆで,mixed mixed vegetable vegetable その他 みっくすべじたぶる ゆで ミックスベジ ミックスベジタブル ミックス野菜 冷凍
06384,（その他）　ミックスベジタブル　冷凍　油いため,mixed mixed vegetable vegetable その他 みっくすべじたぶる ミックスベジ ミックスベジタブル ミックス野菜 冷凍 油いため
07001,あけび　果肉　生,akebi akebia fruit あけび かにく アケビ カニク 木通 果肉 生
07181,アサイー　冷凍　無糖,acai berry あさいー アサイー アサイーベリー 冷凍 無糖
07003,アセロラ　酸味種　生,acerola berry cherry あせろら アセロラ 生 酸味種
07159,アセロラ　甘味種　生,acerola cherry あせろら アセロラ 甘味種 生
07005,アテモヤ　生,atemoya あてもや アテモヤ 生
07007,あんず　生,apricot あんず アプリコット アンズ 杏 生
07008,あんず　乾,apricot あんず アプリコット アンズ 乾 杏
07009,あんず　缶詰,apricot あんず アプリコット アンズ 杏 缶詰
07012,いちご　生,strawberry いちご イチゴ ストロベリー 生 苺
07160,いちご　乾,strawberry いちご イチゴ ストロベリー 乾 苺
07037,オリーブ　塩漬　グリーンオリーブ,green green olive olive おりーぶ オリーブ オリーブの実 グリーンオリーブ 塩漬
07049,かき　甘がき　生,persimmon あまがき かき カキ 柿 甘がき 甘柿 生
07050,かき　渋抜きがき　生,persimmon かき カキ 柿 渋抜きがき 生
07051,かき　干しがき,dried dried persimmon persimmon かき カキ 干しがき 干し柿 柿
07053,かりん　生,quince かりん カリン 生 花梨
07018,（かんきつ類）　いよかん　砂じょう　生,iyokan いよかん かんきつ類 イヨカン 伊予柑 生 砂じょう
07026,（かんきつ類）　うんしゅうみかん　じょうのう　早生　生,mandarin mandarin unshu mikan satsuma unshu うんしゅうみかん かんきつ類 じょうのう みかん ウンシュウミカン ミカン 早生 温州みかん 生
07027,（かんきつ類）　うんしゅうみかん　じょうのう　普通　生,mandarin mandarin unshu mikan satsuma unshu うんしゅうみかん かんきつ類 じょうのう みかん ウンシュウミカン ミカン 普通 温州みかん 生
07028,（かんきつ類）　うんしゅうみかん　砂じょう　早生　生,mandarin mandarin unshu mikan satsuma unshu うんしゅうみかん かんきつ類 みかん ウンシュウミカン ミカン 早生 温州みかん 生 砂じょう
07029,（かんきつ類）　うんしゅうみかん　砂じょう　普通　生,mandarin mandarin unshu mikan satsuma unshu うんしゅうみかん かんきつ類 みかん ウンシュウミカン ミカン 普通 温州みかん 生 砂じょう
07031,（かんきつ類）　うんしゅうみかん　果実飲料　濃縮還元ジュース,juice mandarin mandarin juice mikan うんしゅうみかん かんきつ類 みかん みかんジュース ミカン ミカンジュース 果実飲料 温州みかん 濃縮還元ジュース
07032,（かんきつ類）　うんしゅうみかん　果実飲料　果粒入りジュース,juice mandarin mandarin juice mikan うんしゅうみかん かんきつ類 みかん みかんジュース ミカン ミカンジュース 果実飲料 果粒入りジュース 温州みかん
07035,（かんきつ類）　うんしゅうみかん　缶詰　果肉,canned canned mandarin mandarin mikan segment うんしゅうみかん かんきつ類 みかん みかん果肉 みかん缶詰 ミカン 果肉 温州みかん 缶詰
07040,（かんきつ類）　オレンジ　ネーブル　砂じょう　生,navel navel orange orange おれんじ かんきつ かんきつ類 オレンジ ネーブル ネーブルオレンジ 柑橘 生 砂じょう
07041,（かんきつ類）　オレンジ　バレンシア　米国産　砂じょう　生,orange valencia valencia orange おれんじ かんきつ かんきつ類 オレンジ バレンシア バレンシアオレンジ 柑橘 生 砂じょう 米国産
07161,（かんきつ類）　オレンジ　福原オレンジ　砂じょう　生,fukuhara fukuhara orange orange おれんじ かんきつ かんきつ類 ふくはらオレンジ オレンジ 柑橘 生 砂じょう 福原オレンジ
07162,（かんきつ類）　かわちばんかん　砂じょう　生,bankan kawachi kawachi bankan かわちばんかん かんきつ かんきつ類 カワチバンカン 柑橘 河内晩柑 生 砂じょう
07163,（かんきつ類）　きよみ　砂じょう　生,kiyomi かんきつ かんきつ類 きよみ オレンジ キヨミ 柑橘 清見 生 砂じょう
07165,（かんきつ類）　しらぬひ　砂じょう　生,dekopon shiranui かんきつ かんきつ類 しらぬひ オレンジ シラヌヒ デコポン 不知火 柑橘 生 砂じょう
07166,（かんきつ類）　せとか　砂じょう　生,setoka かんきつ かんきつ類 せとか オレンジ セトカ 柑橘 生 砂じょう
07085,（かんきつ類）　セミノール　砂じょう　生,seminole かんきつ かんきつ類 オレンジ セミノール セミノールオレンジ 柑橘 生 砂じょう
07093,（かんきつ類）　なつみかん　砂じょう　生,natsumikan かんきつ かんきつ類 なつみかん みかん ナツミカン 夏みかん 柑橘 生 砂じょう
07094,（かんきつ類）　なつみかん　缶詰,canned mandarin natsumikan かんきつ かんきつ類 なつみかん みかん ナツミカン 夏みかん 柑橘 缶詰 缶詰みかん
07105,（かんきつ類）　はっさく　砂じょう　生,hassaku かんきつ かんきつ類 はっさく みかん ハッサク 八朔 柑橘 生 砂じょう
07167,（かんきつ類）　はるみ　砂じょう　生,harumi かんきつ かんきつ類 はるみ オレンジ ハルミ 柑橘 生 砂じょう
07113,（かんきつ類）　ひゅうがなつ　砂じょう　生,hyuganatsu かんきつ かんきつ類 ひゅうがなつ みかん ヒュウガナツ 日向夏 柑橘 生 砂じょう
07126,（かんきつ類）　ぶんたん　砂じょう　生,buntan buntan pomelo pomelo かんきつ かんきつ類 ぶんたん ブンタン 文旦 柑橘 生 砂じょう
07127,（かんきつ類）　ぶんたん　ざぼん漬,zabon zabon-zuke zabonzuke かんきつ かんきつ類 ざぼんづけ ざぼん漬 ぶんたん ザボン漬 ブンタン 文旦 柑橘
07129,（かんきつ類）　ぽんかん　砂じょう　生,ponkan かんきつ かんきつ類 ぽんかん みかん ポンカン 柑橘 生 砂じょう
07054,キウイフルーツ　緑肉種　生,green kiwi kiwifruit きういふるーつ キウイ キウイフルーツ キウイ緑肉 グリーンキウイ 生 緑肉種
07168,キウイフルーツ　黄肉種　生,golden kiwifruit キウイ キウイフルーツ ゴールデンキウイ ゴールドキウイ 生 黄肉種
07183,きはだ　実　乾,kihada きはだ キハダ 乾 実
07055,キワノ　生,african cucumber horned kiwano melon きわの キワノ キワノメロン ツノメロン 生
07057,グァバ　赤肉種　生,guava ぐぁば ぐあば グァバ グアバ 生 赤肉種
07169,グァバ　白肉種　生,guava ぐぁば ぐあば グァバ グアバ 生 白肉種
07061,ぐみ　生,gumi ぐみ グミ 生
07157,ココナッツ　ココナッツウォーター,coconut coconut water water ここなっつ やし ココナッツ ココナッツウォーター ヤシ 椰子
07070,さくらんぼ　国産　生,cherry さくらんぼ サクランボ チェリー 国産 桜んぼ 桜桃 生
07071,さくらんぼ　米国産　生,cherry さくらんぼ サクランボ チェリー 桜んぼ 桜桃 生 米国産
07072,さくらんぼ　米国産　缶詰,cherry さくらんぼ サクランボ チェリー 桜んぼ 桜桃 米国産 缶詰
07077,すいか　赤肉種　生,watermelon すいか スイカ 生 西瓜 赤肉種
07171,すいか　黄肉種　生,watermelon すいか スイカ 生 西瓜 黄肉種
07186,（すぐり類）　赤すぐり　冷凍,currant red redcurrant あかすぐり すぐり すぐり類 スグリ レッドカラント 冷凍 赤すぐり
07182,（すぐり類）　カシス　冷凍,black blackcurrant currant かしす すぐり すぐり類 カシス スグリ ブラックカラント 冷凍 黒すぐり
07060,（すぐり類）　グーズベリー　生,gooseberry すぐり すぐり類 グーズベリ― グーズベリー スグリ 生
07086,チェリモヤ　生,cherimoya チェリモヤ 生
07111,ドラゴンフルーツ　生,dragon dragon fruit fruit pitahaya pitaya ドラゴン ドラゴンフルーツ ピタヤ フルーツ 生
07087,ドリアン　生,durian ドリアン 生
07088,（なし類）　日本なし　生,japanese japanese pear nashi pear なし なし類 にほんなし わなし ニホンナシ 和梨 日本なし 梨 生
07090,（なし類）　中国なし　生,chinese chinese pear nashi pear ちゅうごくなし なし なし類 チュウゴクナシ 中国なし 梨 生
07091,（なし類）　西洋なし　生,european european pear pear せいようなし なし類 ようなし セイヨウナシ 洋ナシ 洋梨 生 西洋なし
07095,なつめ　乾,jujube なつめ ナツメ 乾 棗
07096,なつめやし　乾,date palm なつめやし デーツ ナツメヤシ 乾
07097,パインアップル　生,pineapple ぱいなっぷる パイナップル パイン パインアップル 生
07177,パインアップル　焼き,pineapple ぱいなっぷる パイナップル パイン パインアップル 焼き
07099,パインアップル　果実飲料　濃縮還元ジュース,juice pineapple pineapple juice パイナップルジュース パインアップル パインアップルジュース パインジュース 果実飲料 濃縮還元ジュース
07104,ハスカップ　生,haskap honeyberry はすかっぷ ハスカップ ハスカップベリー 生
07107,バナナ　生,banana ばなな バナナ 生
07108,バナナ　乾,banana chip dried dried banana ばなな ドライバナナ バナナ 乾 乾燥バナナ 干しバナナ
07109,パパイア　完熟　生,papaya ぱぱいや パパイア パパイヤ 完熟 生
07114,びわ　生,loquat びわ ビワ 枇杷 生
07115,びわ　缶詰,loquat びわ びわ缶 びわ缶詰 缶詰
07124,ブルーベリー　生,blueberry ぶるーべりー ブルーベリー 生
07172,ブルーベリー　乾,blueberry dried dried blueberry ドライブルーベリー ドライベリー ブルーベリー 乾 乾燥ブルーベリー
07128,ホワイトサポテ　生,sapote white white sapote ほわいとさぽて サポテ ホワイトサポテ 生
07130,まくわうり　黄肉種　生,makuwa makuwauri melon oriental まくわうり マクワウリ 生 黄肉種
07173,まくわうり　白肉種　生,makuwa makuwauri melon oriental まくわうり マクワウリ 生 白肉種
07131,マルメロ　生,quince まるめろ マルメロ 生
07132,マンゴー　生,mango まんごー マンゴー 生
07179,マンゴー　ドライマンゴー,dried dried mango mango ドライマンゴ ドライマンゴー マンゴー 乾燥マンゴー
07133,マンゴスチン　生,mangosteen まんごすちん マンゴスチン 生
07134,メロン　温室メロン　生,greenhouse greenhouse melon melon めろん ハウスメロン メロン 温室メロン 生
07135,メロン　露地メロン　緑肉種　生,field field melon melon めろん グリーンメロン メロン 生 緑肉メロン 緑肉種 露地メロン
07174,メロン　露地メロン　赤肉種　生,melon めろん メロン 生 赤肉メロン 赤肉種 露地メロン
07136,（もも類）　もも　白肉種　生,peach はくとう もも もも類 ハクトウ モモ 桃 生 白桃 白肉種
07184,（もも類）　もも　黄肉種　生,peach おうとう もも もも類 オウトウ モモ 桃 生 黄桃 黄肉種
07138,（もも類）　もも　缶詰　白肉種　果肉,canned canned peach peach もも もも缶 もも缶詰 もも類 果肉 桃缶 桃缶詰 白肉種 缶詰 缶詰もも
07139,（もも類）　もも　缶詰　液汁,canned canned peach peach syrup もも ももシロップ もも缶詰 もも類 桃シロップ 桃缶詰 液汁 缶詰
07140,（もも類）　ネクタリン　生,nectarine ねくたりん もも もも類 ネクタリン 生
07141,やまもも　生,bayberry yamamomo やまもも ヤマモモ 山桃 生
07146,ラズベリー　生,raspberry らずべりー ラズベリー 木いちご 木苺 生
07147,りゅうがん　乾,longan りゅうがん リュウガン ロンガン 乾 龍眼
07148,りんご　皮なし　生,apple りんご リンゴ 林檎 生 皮なし
07176,りんご　皮つき　生,apple りんご リンゴ 林檎 生 皮つき
07180,りんご　皮つき　焼き,apple りんご リンゴ 林檎 焼き 皮つき
07149,りんご　果実飲料　ストレートジュース,apple apple juice juice りんご りんごジュース アップルジュース ストレートジュース 果実飲料
07153,りんご　缶詰,apple canned canned apple りんご りんご缶 りんご缶詰 リンゴ缶詰 缶詰 缶詰りんご
08001,えのきたけ　生,enoki enoki mushroom enokitake mushroom えのき えのきたけ エノキ エノキタケ 榎茸 生
08002,えのきたけ　ゆで,enoki enoki mushroom enokitake mushroom えのき えのきたけ ゆで エノキ エノキタケ 榎茸
08037,えのきたけ　油いため,enoki enoki mushroom enokitake mushroom えのき えのきたけ エノキ エノキタケ 榎茸 油いため
08054,（きくらげ類）　あらげきくらげ　生,auricularia ear ear mushroom mushroom wood wood ear あらげきくらげ きくらげ きくらげ類 アラゲキクラゲ キクラゲ 木耳 生
08004,（きくらげ類）　あらげきくらげ　乾,auricularia ear ear mushroom mushroom wood wood ear あらげきくらげ きくらげ きくらげ類 アラゲキクラゲ キクラゲ 乾 木耳
08005,（きくらげ類）　あらげきくらげ　ゆで,auricularia ear ear mushroom mushroom wood wood ear あらげきくらげ きくらげ きくらげ類 ゆで アラゲキクラゲ キクラゲ 木耳
08038,（きくらげ類）　あらげきくらげ　油いため,auricularia ear ear mushroom mushroom wood wood ear あらげきくらげ きくらげ きくらげ類 アラゲキクラゲ キクラゲ 木耳 油いため
08006,（きくらげ類）　きくらげ　乾,auricularia dried dried wood ear mushroom wood wood ear きくらげ きくらげ類 キクラゲ 乾 干しきくらげ 干しキクラゲ 木耳
08007,（きくらげ類）　きくらげ　ゆで,auricularia ear ear mushroom mushroom wood wood ear きくらげ きくらげ類 ゆで キクラゲ 木耳
08008,（きくらげ類）　しろきくらげ　乾,dried dried snow fuciformi fungus snow snow fungus tremella white きくらげ類 しろきくらげ シロキクラゲ 乾 白きくらげ 白木耳 雪耳
08009,（きくらげ類）　しろきくらげ　ゆで,fuciformi fungus snow snow fungus tremella white きくらげ類 しろきくらげ ゆで シロキクラゲ 白きくらげ 白木耳 雪耳
08010,くろあわびたけ　生,abalone abalone mushroom black black abalone fungus mushroom あわびたけ あわび茸 くろあわびたけ アワビタケ クロアワビタケ 生 黒あわびたけ 黒あわび茸
08039,しいたけ　生しいたけ　菌床栽培　生,mushroom shiitake しいたけ シイタケ 椎茸 生 生しいたけ 菌床しいたけ 菌床栽培 菌床椎茸
08040,しいたけ　生しいたけ　菌床栽培　ゆで,mushroom shiitake しいたけ ゆで シイタケ 椎茸 生しいたけ 菌床しいたけ 菌床栽培 菌床椎茸
08041,しいたけ　生しいたけ　菌床栽培　油いため,mushroom shiitake しいたけ シイタケ 椎茸 油いため 生しいたけ 菌床しいたけ 菌床栽培 菌床椎茸
08042,しいたけ　生しいたけ　原木栽培　生,mushroom shiitake しいたけ シイタケ 原木しいたけ 原木栽培 原木椎茸 椎茸 生 生しいたけ
08043,しいたけ　生しいたけ　原木栽培　ゆで,mushroom shiitake しいたけ ゆで シイタケ 原木しいたけ 原木栽培 原木椎茸 椎茸 生しいたけ
08044,しいたけ　生しいたけ　原木栽培　油いため,mushroom shiitake しいたけ シイタケ 原木しいたけ 原木栽培 原木椎茸 椎茸 油いため 生しいたけ
08013,しいたけ　乾しいたけ　乾,dried dried shiitake mushroom shiitake しいたけ シイタケ 乾 乾しいたけ 干ししいたけ 干し椎茸 椎茸
08014,しいたけ　乾しいたけ　ゆで,dried dried shiitake mushroom shiitake しいたけ ゆで シイタケ 乾しいたけ 干ししいたけ 干し椎茸 椎茸
08053,しいたけ　乾しいたけ　甘煮,dried dried shiitake shiitake simmered しいたけ しいたけ甘煮 シイタケ 乾しいたけ 干ししいたけ 干し椎茸 椎茸 椎茸甘煮 甘煮
08015,（しめじ類）　はたけしめじ　生,hatake hatake shimeji mushroom shimeji しめじ しめじ類 はたけしめじ シメジ ハタケシメジ 生
08045,（しめじ類）　はたけしめじ　ゆで,hatake hatake shimeji mushroom shimeji しめじ しめじ類 はたけしめじ ゆで シメジ ハタケシメジ
08016,（しめじ類）　ぶなしめじ　生,beech brown buna buna shimeji mushroom shimeji しめじ しめじ類 ぶなしめじ シメジ ブナシメジ 生
08017,（しめじ類）　ぶなしめじ　ゆで,beech brown buna buna shimeji mushroom shimeji しめじ しめじ類 ぶなしめじ ゆで シメジ ブナシメジ
08046,（しめじ類）　ぶなしめじ　油いため,beech brown buna buna shimeji mushroom shimeji しめじ しめじ類 ぶなしめじ シメジ ブナシメジ 油いため
08055,（しめじ類）　ぶなしめじ　素揚げ,beech brown buna-shimeji bunashimeji mushroom shimeji きのこ しめじ しめじ類 ぶなしめじ キノコ シメジ ブナシメジ 素揚げ 茸
08018,（しめじ類）　ほんしめじ　生,hon-shimeji honshimeji shimeji きのこ しめじ しめじ類 ほんしめじ キノコ シメジ ホンシメジ 本しめじ 生 茸
08047,（しめじ類）　ほんしめじ　ゆで,hon-shimeji honshimeji shimeji きのこ しめじ しめじ類 ほんしめじ ゆで キノコ シメジ ホンシメジ 本しめじ 茸
08019,たもぎたけ　生,mushroom tamogitake きのこ たもぎたけ キノコ タモギタケ 生 茸
08020,なめこ　株採り　生,kabudori nameko かぶどりなめこ きのこ なめこ キノコ ナメコ 株採り 株採りなめこ 生 茸
08021,なめこ　株採り　ゆで,kabudori nameko かぶどりなめこ きのこ なめこ ゆで キノコ ナメコ 株採り 株採りなめこ 茸
08058,なめこ　カットなめこ　生,cut nameko かっとなめこ きのこ なめこ カットなめこ キノコ ナメコ 生 茸
08022,なめこ　水煮缶詰,nameko きのこ なめこ キノコ ナメコ 水煮缶詰 茸
08023,ぬめりすぎたけ　生,numerisugitake きのこ ぬめりすぎたけ ぬめりすぎたけきのこ キノコ ヌメリスギタケ 生 茸
08024,（ひらたけ類）　うすひらたけ　生,hiratake mushroom oyster usuhiratake うすひらたけ きのこ ひらたけ ひらたけ類 ウスヒラタケ キノコ ヒラタケ 生 茸
08025,（ひらたけ類）　エリンギ　生,erin-gii eringi eringii hiratake king mushroom oyster えりんぎ きのこ ひらたけ ひらたけ類 エリンギ キノコ ヒラタケ 生 茸
08048,（ひらたけ類）　エリンギ　ゆで,erin-gii eringi eringii hiratake king mushroom oyster えりんぎ きのこ ひらたけ ひらたけ類 ゆで エリンギ キノコ ヒラタケ 茸
08049,（ひらたけ類）　エリンギ　焼き,erin-gii eringi eringii hiratake king mushroom oyster えりんぎ きのこ ひらたけ ひらたけ類 エリンギ キノコ ヒラタケ 焼き 茸
08050,（ひらたけ類）　エリンギ　油いため,erin-gii eringi eringii hiratake king mushroom oyster えりんぎ きのこ ひらたけ ひらたけ類 エリンギ キノコ ヒラタケ 油いため 茸
08026,（ひらたけ類）　ひらたけ　生,hiratake mushroom oyster きのこ ひらたけ ひらたけ類 キノコ ヒラタケ 生 茸
08027,（ひらたけ類）　ひらたけ　ゆで,hiratake mushroom oyster きのこ ひらたけ ひらたけ類 ゆで キノコ ヒラタケ 茸
08028,まいたけ　生,hen maitake mushroom of the wood きのこ まいたけ キノコ マイタケ 生 舞茸 茸
08029,まいたけ　ゆで,hen maitake mushroom of the wood きのこ まいたけ ゆで キノコ マイタケ 舞茸 茸
08051,まいたけ　油いため,hen maitake mushroom of the wood きのこ まいたけ キノコ マイタケ 油いため 舞茸 茸
08030,まいたけ　乾,hen maitake mushroom of the wood きのこ まいたけ キノコ マイタケ 乾 舞茸 茸
08031,マッシュルーム　生,mushroom きのこ まっしゅるーむ キノコ マッシュルーム マッシュルーム英 生 茸
08032,マッシュルーム　ゆで,mushroom きのこ まっしゅるーむ ゆで キノコ マッシュルーム 茸
08052,マッシュルーム　油いため,mushroom きのこ まっしゅるーむ キノコ マッシュルーム 油いため 茸
08059,マッシュルーム　ブラウン種　生,brown cremini mushroom きのこ キノコ ブラウンマッシュルーム ブラウンマッシュルーム英 ブラウン種 マッシュルーム 生 茸
08033,マッシュルーム　水煮缶詰,canned mushroom きのこ キノコ マッシュルーム マッシュルーム缶 水煮缶詰 缶詰マッシュルーム 茸
08034,まつたけ　生,matsutake mushroom きのこ まつたけ キノコ マツタケ 松茸 生 茸
08036,やなぎまつたけ　生,matsutake yanagi yanagi matsutake きのこ まつたけ やなぎまつたけ キノコ マツタケ ヤナギマツタケ 柳松茸 生
09001,あおさ　素干し,aosa green laver あおさ あおさのり のり アオサ アオサノリ 海藻 素干し 青さ
09002,あおのり　素干し,aonori green laver あおのり のり アオノリ 海藻 素干し 青のり
09003,あまのり　ほしのり,dried dried nori nori あまのり のり ほしのり アマノリ ホシノリ 海苔 甘のり
09004,あまのり　焼きのり,nori toasted toasted nori あまのり のり やきのり ヤキノリ 海苔 焼きのり 焼き海苔
09005,あまのり　味付けのり,nori seasoned seasoned nori あじつけのり あまのり のり 味付けのり 味付け海苔 海苔
09006,あらめ　蒸し干し,arame あらめ あらめのり アラメ 海藻 蒸し干し
09007,いわのり　素干し,iwanori いわのり のり イワノリ 岩のり 岩海苔 海藻 素干し
09012,うみぶどう　生,budo grape sea sea grape umi うみぶどう ウミブドウ 海ぶどう 海藻 生
09008,えごのり　素干し,egonori えごのり のり エゴノリ 海藻 素干し
09009,えごのり　おきうと,egonori okiuto えごのり おきうと オキウト 海藻
09010,おごのり　塩蔵　塩抜き,ogonori おごのり のり オゴノリ 塩抜き 塩蔵 海藻
09011,かわのり　素干し,kawanori かわのり のり カワノリ 川のり 川海苔 海藻 素干し
09013,（こんぶ類）　えながおにこんぶ　素干し,enaga enaga oni kelp konbu oni oni konbu えながおにこんぶ こんぶ こんぶ類 エナガオニコンブ コンブ 昆布 昆布類 素干し
09014,（こんぶ類）　がごめこんぶ　素干し,gagome gagome kombu kelp kombu konbu がごめこんぶ がごめ昆布 こんぶ こんぶ類 ガゴメコンブ ガゴメ昆布 コンブ 昆布 素干し
09015,（こんぶ類）　ながこんぶ　素干し,kelp kombu konbu naga naga kombu こんぶ こんぶ類 ながこんぶ コンブ ナガコンブ 昆布 素干し 長昆布
09016,（こんぶ類）　ほそめこんぶ　素干し,hosome hosome kombu kelp kombu konbu こんぶ こんぶ類 ほそめこんぶ コンブ ホソメコンブ 昆布 素干し 細目昆布
09017,（こんぶ類）　まこんぶ　素干し　乾,kelp kombu ma ma kombu makonbu こんぶ こんぶ類 まこんぶ まごんぶ コンブ マコンブ 乾 昆布 真昆布 素干し
09056,（こんぶ類）　まこんぶ　素干し　水煮,kelp kombu ma ma kombu makonbu こんぶ こんぶ類 まこんぶ コンブ マコンブ 昆布 水煮 真昆布 素干し
09018,（こんぶ類）　みついしこんぶ　素干し,kelp kombu konbu mitsuishi mitsuishi kombu こんぶ こんぶ類 みついしこんぶ みついし昆布 コンブ ミツイシコンブ 昆布 素干し
09019,（こんぶ類）　りしりこんぶ　素干し,kelp kombu konbu rishiri rishiri kombu こんぶ こんぶ類 りしりこんぶ コンブ リシリコンブ 利尻昆布 昆布 素干し
09020,（こんぶ類）　刻み昆布,kelp kizami kombu konbu shredded shredded kombu きざみこんぶ こんぶ こんぶ類 キザミコンブ コンブ 刻み昆布 昆布
09021,（こんぶ類）　削り昆布,kelp kezuri kombu shaved shaved kombu けずりこんぶ こんぶ こんぶ類 ケズリコンブ コンブ 削り昆布 昆布
09024,すいぜんじのり　素干し　水戻し,nori seaweed suizenji suizenji nori すいぜんじのり のり スイゼンジノリ 水前寺のり 水前寺海苔 水戻し 海苔 素干し
09025,てんぐさ　素干し,agar seaweed tengusa てんぐさ テングサ 天草 寒天原料 海藻 素干し
09026,てんぐさ　ところてん,agar seaweed tokoroten てんぐさ ところてん テングサ トコロテン 天草 寒天
09027,てんぐさ　角寒天,agar agar block block kanten かくかんてん かんてん てんぐさ カクカンテン カンテン テングサ 寒天 角寒天
09028,てんぐさ　寒天,agar kanten kanten agar かんてん てんぐさ カンテン テングサ 天草 寒天 海藻
09049,てんぐさ　粉寒天,agar agar powder kanten kona powder かんてん こなかんてん てんぐさ コナカンテン 寒天 粉かんてん 粉寒天
09029,とさかのり　赤とさか　塩蔵　塩抜き,akasaka nori seaweed tosaka tosaka nori あかとさかのり とさかのり トサカノリ 塩抜き 塩蔵 海藻 赤とさか 赤とさかのり
09030,とさかのり　青とさか　塩蔵　塩抜き,aoto nori saka seaweed tosaka tosaka nori あおとさかのり とさかのり トサカノリ 塩抜き 塩蔵 海藻 青とさか 青とさかのり
09032,ひとえぐさ　素干し,hitoegusa seaweed ひとえぐさ ヒトエグサ ヒトエ草 海藻 素干し
09033,ひとえぐさ　つくだ煮,hitoegusa seaweed tsukudani つくだに つくだ煮 ひとえぐさ ヒトエグサ 海藻
09034,ふのり　素干し,funori nori seaweed のり ふのり フノリ 布海苔 海苔 素干し
09035,まつも　素干し,matsumo matsumo seaweed seaweed まつも マツモ 海藻 素干し
09036,むかでのり　塩蔵　塩抜き,mukade mukade-nori mukade-nori seaweed nori seaweed むかでのり むかで海苔 ムカデノリ 塩抜き 塩蔵 塩蔵むかでのり 海藻
09037,（もずく類）　おきなわもずく　塩蔵　塩抜き,mozuku mozuku seaweed okinawa okinawa mozuku seaweed おきなわもずく もずく もずく類 モズク 塩抜き 塩蔵 塩蔵もずく 沖縄もずく 海藻
09038,（もずく類）　もずく　塩蔵　塩抜き,mozuku mozuku seaweed seaweed もずく もずく類 モズク 塩抜き 塩蔵 塩蔵もずく 海藻
09039,わかめ　原藻　生,seaweed wakame わかめ ワカメ 原藻 原藻わかめ 海藻 生 若布
09040,わかめ　乾燥わかめ　素干し,dried dried wakame seaweed wakame わかめ ワカメ 乾燥わかめ 乾燥ワカメ 海藻 素干し
09041,わかめ　乾燥わかめ　素干し　水戻し,dried dried wakame seaweed wakame わかめ ワカメ 乾燥わかめ 乾燥ワカメ 水戻し 海藻 素干し
09060,わかめ　乾燥わかめ　素干し　水戻し　水煮,dried dried wakame seaweed wakame わかめ ワカメ 乾燥わかめ 乾燥ワカメ 水戻し 水煮 海藻 素干し
09042,わかめ　乾燥わかめ　板わかめ,ita seaweed sheet wakame wakame sheet わかめ ワカメ 乾燥わかめ 板わかめ 板ワカメ 海藻
09043,わかめ　乾燥わかめ　灰干し　水戻し,ash-dried ash-dried wakame seaweed wakame わかめ ワカメ 乾燥わかめ 水戻し 海藻 灰干し 灰干しわかめ 灰干しワカメ
09044,わかめ　カットわかめ　乾,cut cut wakame seaweed wakame わかめ カットわかめ カットワカメ ワカメ 乾 乾燥わかめ 海藻
09058,わかめ　カットわかめ　水煮　（沸騰水で短時間加熱したもの）,cut cut wakame seaweed wakame わかめ カットわかめ カットワカメ ワカメ 水煮 沸騰水で短時間加熱したもの 海藻
09059,わかめ　カットわかめ　水煮の汁,broth cut seaweed wakame wakame broth わかめ わかめの汁 カットわかめ カットワカメ ワカメ 水煮の汁 海藻
09045,わかめ　湯通し塩蔵わかめ　塩抜き　生,parboiled parboiled salt-cured salt-cured salt-cured wakame seaweed wakame わかめ ワカメ 塩抜き 塩蔵わかめ 海藻 湯通し塩蔵わかめ 生
09057,わかめ　湯通し塩蔵わかめ　塩抜き　ゆで,parboiled parboiled salt-cured salt-cured salt-cured wakame seaweed wakame ゆで わかめ ワカメ 塩抜き 塩蔵わかめ 海藻 湯通し塩蔵わかめ
09046,わかめ　くきわかめ　湯通し塩蔵　塩抜き,kuki kuki wakame seaweed stem stem wakame wakame wakame kuki くきわかめ くきワカメ わかめ 塩抜き 塩蔵くきわかめ 海藻 湯通し塩蔵 茎わかめ 茎ワカメ
09047,わかめ　めかぶわかめ　生,mekabu seaweed wakame めかぶ めかぶわかめ わかめ メカブ 海藻 生
10001,＜魚類＞　あいなめ　生,ainame ainame greenling fish greenling あいなめ アイナメ 生 魚 魚類
10002,＜魚類＞　あこうだい　生,akoudai fish あこうだい アコウダイ 生 魚 魚類
10003,＜魚類＞　（あじ類）　まあじ　皮つき　生,aji fish horse horse mackerel mackerel あじ あじ類 まあじ アジ マアジ 生 皮つき 真鯵 魚 魚類 鯵
10389,＜魚類＞　（あじ類）　まあじ　皮なし　生,aji horse horse mackerel mackerel あじ あじ類 まあじ アジ マアジ 生 皮なし 真鯵 魚類 鯵
10004,＜魚類＞　（あじ類）　まあじ　皮つき　水煮,aji horse horse mackerel mackerel あじ あじ類 まあじ アジ マアジ 水煮 皮つき 真鯵 魚類 鯵
10005,＜魚類＞　（あじ類）　まあじ　皮つき　焼き,aji horse horse mackerel mackerel あじ あじ類 まあじ アジ マアジ 焼き 皮つき 真鯵 魚類 鯵
10006,＜魚類＞　（あじ類）　まあじ　開き干し　生,aji horse horse mackerel mackerel あじ あじ類 ひらき まあじ アジ マアジ 生 真鯵 開き 開き干し 魚類 鯵
10007,＜魚類＞　（あじ類）　まあじ　開き干し　焼き,aji horse horse mackerel mackerel あじ あじ類 ひらき まあじ アジ マアジ 焼き 真鯵 開き 開き干し 魚類 鯵
10391,＜魚類＞　（あじ類）　まあじ　小型　骨付き　生,aji horse horse mackerel mackerel あじ あじ類 ほねつき まあじ アジ マアジ 小あじ 小アジ 小型 小鯵 生 真鯵 骨付き 魚類 鯵
10393,＜魚類＞　（あじ類）　まるあじ　生,aji horse horse mackerel mackerel maruaji あじ あじ類 まるあじ アジ マルアジ 丸アジ 丸鯵 生 魚類 鯵
10394,＜魚類＞　（あじ類）　まるあじ　焼き,aji horse horse mackerel mackerel maruaji あじ あじ類 まるあじ アジ マルアジ 丸アジ 丸鯵 焼き 魚類 鯵
10008,＜魚類＞　（あじ類）　にしまあじ　生,aji horse horse mackerel mackerel nishimaaji あじ あじ類 にしまあじ アジ ニシマアジ 生 西まあじ 魚類 鯵
10009,＜魚類＞　（あじ類）　にしまあじ　水煮,aji horse horse mackerel mackerel nishimaaji あじ あじ類 にしまあじ アジ ニシマアジ 水煮 西まあじ 魚類 鯵
10010,＜魚類＞　（あじ類）　にしまあじ　焼き,aji horse horse mackerel mackerel nishimaaji あじ あじ類 にしまあじ アジ ニシマアジ 焼き 西まあじ 魚類 鯵
10457,＜魚類＞　（あじ類）　にしまあじ　開き干し　生,aji horse horse mackerel mackerel nishimaaji あじ あじ類 にしまあじ ひらき アジ ニシマアジ 生 西まあじ 開き 開き干し 魚類 鯵
10458,＜魚類＞　（あじ類）　にしまあじ　開き干し　焼き,aji horse horse mackerel mackerel nishimaaji あじ あじ類 にしまあじ ひらき アジ ニシマアジ 焼き 西まあじ 開き 開き干し 魚類 鯵
10011,＜魚類＞　（あじ類）　むろあじ　生,aji horse horse mackerel mackerel muroaji あじ あじ類 むろあじ アジ ムロアジ 室鯵 生 魚類 鯵
10012,＜魚類＞　（あじ類）　むろあじ　焼き,aji horse horse mackerel mackerel muroaji あじ あじ類 むろあじ アジ ムロアジ 室鯵 焼き 魚類 鯵
10013,＜魚類＞　（あじ類）　むろあじ　開き干し,aji horse horse mackerel mackerel muroaji あじ あじ類 ひらき むろあじ アジ ムロアジ 室鯵 開き 開き干し 魚類 鯵
10015,＜魚類＞　あなご　生,anago conger conger eel eel あなご アナゴ 生 穴子 魚類
10016,＜魚類＞　あなご　蒸し,anago conger conger eel eel あなご アナゴ 穴子 蒸し 魚類
10017,＜魚類＞　あまご　養殖　生,amago あまご ようしょく アマゴ ヨウショク 生 紅点鱒 養殖 魚類
10018,＜魚類＞　あまだい　生,amadai fish tile tilefish あまだい アマダイ 甘鯛 生 魚類
10019,＜魚類＞　あまだい　水煮,amadai tilefish あまだい さかな アマダイ 水煮 甘鯛 魚 魚類
10020,＜魚類＞　あまだい　焼き,amadai tilefish あまだい さかな アマダイ 焼き 甘鯛 魚 魚類
10021,＜魚類＞　あゆ　天然　生,ayu sweetfish あゆ さかな アユ 天然 川魚 生 魚 魚類 鮎
10022,＜魚類＞　あゆ　天然　焼き,ayu sweetfish あゆ さかな アユ 天然 川魚 焼き 魚 魚類 鮎
10023,＜魚類＞　あゆ　天然　内臓　生,ayu sweetfish あゆ はらわた アユ 内臓 天然 川魚 生 魚類 鮎
10025,＜魚類＞　あゆ　養殖　生,ayu sweetfish あゆ さかな アユ 川魚 生 養殖 魚 魚類 鮎
10026,＜魚類＞　あゆ　養殖　焼き,ayu sweetfish あゆ さかな アユ 川魚 焼き 養殖 魚 魚類 鮎
10027,＜魚類＞　あゆ　養殖　内臓　生,ayu sweetfish あゆ はらわた アユ 内臓 川魚 生 養殖 魚類 鮎
10028,＜魚類＞　あゆ　養殖　内臓　焼き,ayu sweetfish あゆ はらわた アユ 内臓 川魚 焼き 養殖 魚類 鮎
10030,＜魚類＞　アラスカめぬけ　生,alaska alaska rockfish menuke rockfish あらすかめぬけ めぬけ アラスカめぬけ アラスカメヌケ メヌケ 生 魚 魚類
10031,＜魚類＞　あんこう　生,anglerfish ankou monkfish あんこう アンコウ 生 魚 魚類 鮟鱇
10033,＜魚類＞　いかなご　生,ikanago いかなご さかな イカナゴ 生 魚 魚類
10034,＜魚類＞　いかなご　煮干し,ikanago いかなご にぼし イカナゴ ニボシ 煮干し 魚 魚類
10035,＜魚類＞　いかなご　つくだ煮,ikanago いかなご つくだに つくだ煮 イカナゴ 佃煮 魚 魚類
10037,＜魚類＞　いさき　生,fish isaki いさき イサキ 伊佐木 生 魚 魚類
10038,＜魚類＞　いしだい　生,beakfish ishidai striped striped beakfish いしだい イシダイ 生 石鯛 魚 魚類
10039,＜魚類＞　いとよりだい　生,bream golden golden threadfin itoyoridai threadfin threadfin bream いとより いとよりだい イトヨリ イトヨリダイ 求名魚 生 魚 魚類
10040,＜魚類＞　いとよりだい　すり身,bream fish golden golden threadfin itoyoridai paste threadfin threadfin bream いとより いとよりだい すりみ すり身 イトヨリ イトヨリダイ スリミ 魚 魚類
10041,＜魚類＞　いぼだい　生,butterfish ibodai いぼだい イボダイ 生 疣鯛 魚 魚類
10042,＜魚類＞　（いわし類）　うるめいわし　生,sardine urume urumeiwashi いわし いわし類 うるめ うるめいわし イワシ ウルメ ウルメイワシ 生 魚 魚類
10043,＜魚類＞　（いわし類）　うるめいわし　丸干し,sardine urume urume sardine いわし いわし類 うるめいわし まるぼし イワシ ウルメイワシ マルボシ 丸干し 魚類 鰯
10044,＜魚類＞　（いわし類）　かたくちいわし　生,anchovy japanese japanese anchovy いわし いわし類 かたくちいわし イワシ カタクチイワシ 片口いわし 片口鰯 生 魚類
10045,＜魚類＞　（いわし類）　かたくちいわし　煮干し,anchovy dried dried anchovy いりこ いわし いわし類 かたくちいわし にぼし カタクチイワシ ニボシ 煮干し 片口いわし 魚類
10046,＜魚類＞　（いわし類）　かたくちいわし　田作り,tazukuri いわし いわし類 かたくちいわし ごまめ たつくり イワシ カタクチイワシ 片口いわし 田作り 魚類
10047,＜魚類＞　（いわし類）　まいわし　生,japanese japanese sardine sardine いわし いわし類 まいわし イワシ マイワシ 生 真いわし 真鰯 魚類
10048,＜魚類＞　（いわし類）　まいわし　水煮,japanese japanese sardine sardine いわし いわし類 まいわし イワシ マイワシ 水煮 真いわし 真鰯 魚類
10049,＜魚類＞　（いわし類）　まいわし　焼き,japanese japanese sardine sardine いわし いわし類 まいわし イワシ マイワシ 焼き 真いわし 真鰯 魚類
10050,＜魚類＞　（いわし類）　まいわし　塩いわし,salted salted sardine sardine いわし いわし類 しおいわし まいわし マイワシ 塩いわし 塩鰯 真鰯 魚類
10051,＜魚類＞　（いわし類）　まいわし　生干し,japanese japanese sardine sardine いわし いわし類 なまぼし まいわし マイワシ 生干し 生干しいわし 真鰯 魚類
10052,＜魚類＞　（いわし類）　まいわし　丸干し,japanese japanese sardine sardine いわし いわし類 まいわし まるぼし マイワシ 丸干し 丸干しいわし 真鰯 魚類
10053,＜魚類＞　（いわし類）　めざし　生,mezashi いわし いわし類 めざし イワシ メザシ 生 目刺し 魚類
10054,＜魚類＞　（いわし類）　めざし　焼き,mezashi いわし いわし類 めざし イワシ メザシ 焼き 目刺し 魚類
10396,＜魚類＞　（いわし類）　しらす　生,shirasu shirasu whitebait whitebait いわし いわしの稚魚 いわし類 しらす イワシ シラス 生 生しらす 魚類
10445,＜魚類＞　（いわし類）　しらす　釜揚げしらす,kama-age kama-age shirasu shirasu whitebait いわし類 かまあげしらす しらす シラス 釜揚げ 釜揚げしらす 魚類
10055,＜魚類＞　（いわし類）　しらす干し　微乾燥品,dried dried shirasu shirasu いわし類 しらす しらす干し じゃこ ちりめん シラス シラス干し 微乾燥品 魚類
10056,＜魚類＞　（いわし類）　しらす干し　半乾燥品,dried dried shirasu shirasu いわし類 しらす しらす干し じゃこ ちりめん シラス シラス干し 半乾燥品 魚類
10057,＜魚類＞　（いわし類）　たたみいわし,iwashi sardine tatami tatami iwashi いわし いわし類 たたみいわし イワシ タタミイワシ 畳いわし 畳鰯 魚類
10060,＜魚類＞　（いわし類）　缶詰　水煮,can canned canned sardine sardine いわし いわし缶 いわし缶詰 いわし類 イワシ イワシ缶 水煮 缶詰 缶詰いわし 魚類
10062,＜魚類＞　（いわし類）　缶詰　トマト漬,canned canned sardine in sardine tomato いわし いわしトマト缶 いわし缶 いわし缶詰 いわし類 イワシ トマト漬 トマト煮 トマト缶 缶詰 魚類
10065,＜魚類＞　いわな　養殖　生,char iwana iwana japanese japanese japanese char いわな イワナ 岩魚 川魚 生 養殖 養殖いわな 養殖イワナ 養殖岩魚 魚類
10066,＜魚類＞　うぐい　生,fish ugui うぐい さかな ウグイ 生 魚 魚類
10067,＜魚類＞　うなぎ　養殖　生,eel fish unagi うなぎ さかな ウナギ 生 養殖 養殖うなぎ 魚 魚類 鰻
10069,＜魚類＞　うなぎ　白焼き,eel fish unagi うなぎ さかな ウナギ 白焼き 魚 魚類 鰻
10070,＜魚類＞　うなぎ　かば焼,eel fish unagi うなぎ かば焼 さかな ウナギ 魚 魚類 鰻
10071,＜魚類＞　うまづらはぎ　生,filefish fish umadzurahagi うまづらはぎ さかな ウマヅラハギ 生 馬面剥 魚 魚類
10073,＜魚類＞　えい　生,ei fish ray えい さかな エイ 生 魚 魚類
10074,＜魚類＞　えそ　生,eso fish えそ さかな エソ 生 魚 魚類
10075,＜魚類＞　おいかわ　生,fish oikawa おいかわ さかな オイカワ 生 魚 魚類
10076,＜魚類＞　おおさが　生,fish oosaga おおさが さかな オオサガ 生 魚 魚類
10077,＜魚類＞　おこぜ　生,fish okoze scorpionfish おこぜ さかな オコゼ 生 魚 魚類
10078,＜魚類＞　おひょう　生,fish halibut ohyou おひょう さかな オヒョウ 生 魚 魚類 鮃
10079,＜魚類＞　かさご　生,fish kasago rockfish かさご さかな カサゴ 生 魚 魚類
10080,＜魚類＞　かじか　生,fish kajika sculpin かじか さかな カジカ 生 魚 魚類
10081,＜魚類＞　かじか　水煮,fish kajika sculpin かじか さかな カジカ 水煮 魚 魚類
10083,＜魚類＞　（かじき類）　くろかじき　生,black black marlin fish kurokajiki marlin かじき かじき類 くろかじき さかな クロカジキ 生 魚 魚類
10084,＜魚類＞　（かじき類）　まかじき　生,fish kajiki makajiki marlin marlin makajiki かじき かじき類 さかな まかじき マカジキ 生 魚 魚類
10398,＜魚類＞　（かじき類）　めかじき　焼き,fish mekajiki swordfish かじき かじき類 さかな めかじき メカジキ 焼き 魚 魚類
10086,＜魚類＞　（かつお類）　かつお　春獲り　生,bonito fish katsuo katsuo skipjack skipjack skipjack tuna tuna かつお かつお類 さかな カツオ 春獲り 生 魚 魚類 鰹
10087,＜魚類＞　（かつお類）　かつお　秋獲り　生,bonito fish katsuo katsuo skipjack skipjack skipjack tuna tuna かつお かつお類 さかな カツオ 生 秋獲り 魚 魚類 鰹
10088,＜魚類＞　（かつお類）　そうだがつお　生,bonito fish frigate mackerel soda soda-gatsuo soudagatsuo sōdagatsuo sōdagatsuo soda-gatsuo かつお類 さかな そうだがつお ソウダガツオ 生 魚 魚類
10089,＜魚類＞　（かつお類）　加工品　なまり,bonito katsuo namari かつお かつお類 なまり なまり節 カツオ ナマリ 加工品 魚類 鰹 鰹なまり
10446,＜魚類＞　（かつお類）　加工品　裸節,bonito hadakabushi katsuobushi かつお かつお類 はだかぶし カツオ ハダカブシ 加工品 裸節 魚類 鰹
10091,＜魚類＞　（かつお類）　加工品　かつお節,bonito flake katsuobushi かつお かつおぶし かつお節 かつお類 カツオ カツオブシ 加工品 魚類 鰹 鰹節
10092,＜魚類＞　（かつお類）　加工品　削り節,bonito bonito flake flake katsuobushi shaved かつお かつお類 けずりぶし カツオ ケズリブシ 削り節 加工品 魚類 鰹
10097,＜魚類＞　（かつお類）　缶詰　油漬　フレーク,bonito bonito flake canned canned bonito flake katsuobushi かつお かつおフレーク かつお類 カツオフレーク フレーク 油漬 油漬け 缶詰 魚類 鰹 鰹フレーク
10098,＜魚類＞　かます　生,barracuda fish kamasu かます カマス 生 魚類
10099,＜魚類＞　かます　焼き,barracuda fish kamasu かます カマス 焼き 魚類
10100,＜魚類＞　（かれい類）　まがれい　生,flatfish flounder magarei marbled かれい かれい類 まがれい カレイ マガレイ 生 魚類 鰈
10101,＜魚類＞　（かれい類）　まがれい　水煮,flatfish flounder magarei marbled かれい かれい類 まがれい カレイ マガレイ 水煮 魚類 鰈
10102,＜魚類＞　（かれい類）　まがれい　焼き,flatfish flounder magarei marbled かれい かれい類 まがれい カレイ マガレイ 焼き 魚類 鰈
10103,＜魚類＞　（かれい類）　まこがれい　生,flatfish flounder mako mako flounder makogarei かれい かれい類 まこがれい カレイ マコガレイ 生 魚類 鰈
10399,＜魚類＞　（かれい類）　まこがれい　焼き,flatfish flounder mako mako flounder makogarei かれい かれい類 まこがれい カレイ マコガレイ 焼き 魚類 鰈
10104,＜魚類＞　（かれい類）　子持ちがれい　生,flatfish flounder flounder with roe with with roe かれい かれい類 こもちがれい カレイ コモチガレイ 子持ちがれい 子持ちカレイ 生 魚類 鰈
10105,＜魚類＞　（かれい類）　子持ちがれい　水煮,flatfish flounder flounder with roe with with roe かれい かれい類 こもちがれい カレイ コモチガレイ 子持ちがれい 子持ちカレイ 水煮 魚類 鰈
10106,＜魚類＞　（かれい類）　干しかれい,dried dried flounder flatfish flounder かれい かれい類 カレイ 干しかれい 魚類 鰈
10107,＜魚類＞　かわはぎ　生,filefish kawahagi leatherjacket かわはぎ カワハギ 生 魚類
10108,＜魚類＞　かんぱち　三枚おろし　生,amberjack fillet greater greater amberjack kanpachi かんぱち さんまいおろし カンパチ サンマイオロシ 三枚おろし 生 魚類
10424,＜魚類＞　かんぱち　背側　生,amberjack back greater greater amberjack kanpachi side かんぱち せがわ カンパチ 生 背側 背身 魚類
10109,＜魚類＞　きす　生,japanese japanese whiting kisu sillago whiting きす しろぎす キス シロギス 生 魚類 鱚
10110,＜魚類＞　きちじ　生,fish kichiji sea きちじ キチジ 生 魚類
10111,＜魚類＞　きびなご　生,herring kibinago round silver stripe きびなご キビナゴ 生 魚類
10114,＜魚類＞　キングクリップ　生,clip king kingklip キングクリップ 生 魚類
10115,＜魚類＞　ぎんだら　生,black cod gindara sablefish sablefish gindara ぎんだら ギンダラ 生 銀鱈 魚類
10401,＜魚類＞　ぎんだら　水煮,black cod gindara sablefish sablefish gindara ぎんだら ギンダラ 水煮 銀鱈 魚類
10116,＜魚類＞　きんめだい　生,alfonsino eye golden kinmedai kinmedai alfonsino snapper きんめだい キンメダイ 生 金目鯛 魚類
10117,＜魚類＞　ぐち　生,flathead guchi guchi flathead ぐち こち グチ 生 魚類 鯒
10118,＜魚類＞　ぐち　焼き,flathead guchi guchi flathead ぐち こち グチ 焼き 魚類 鯒
10119,＜魚類＞　こい　養殖　生,carp common koi koi carp こい コイ 生 養殖 魚類 鯉
10120,＜魚類＞　こい　養殖　水煮,carp common koi koi carp こい コイ 水煮 養殖 魚類 鯉
10121,＜魚類＞　こい　養殖　内臓　生,carp common gut innard koi koi carp offal こい ないぞう コイ ナイゾウ 内臓 生 養殖 魚類 鯉
10122,＜魚類＞　（こち類）　まごち　生,flathead magochi magochi flathead こち こち類 まごち コチ マゴチ 生 真鯒 魚類
10123,＜魚類＞　（こち類）　めごち　生,flathead megochi megochi flathead こち こち類 めごち コチ メゴチ 生 目鯒 魚類
10124,＜魚類＞　このしろ　生,gizzard gizzard shad konoshiro konoshiro gizzard shad このしろ コノシロ 生 魚類
10126,＜魚類＞　（さけ・ます類）　からふとます　生,karafuto karafuto masu karafutomasu masu salmon trout からふとます さけ ます類 カラフトマス 生 魚類
10127,＜魚類＞　（さけ・ます類）　からふとます　焼き,karafuto karafuto masu karafutomasu masu salmon trout からふとます さけ ます類 カラフトマス 焼き 魚類
10128,＜魚類＞　（さけ・ます類）　からふとます　塩ます,karafuto karafuto masu karafutomasu masu salmon trout からふとます さけ ます類 カラフトマス 塩ます 魚類
10129,＜魚類＞　（さけ・ます類）　からふとます　水煮缶詰,karafuto karafuto masu karafutomasu masu salmon trout からふとます さけ ます類 カラフトマス 水煮缶詰 魚類
10130,＜魚類＞　（さけ・ます類）　ぎんざけ　養殖　生,atlantic ginzake salmon salmon ginzake ぎんざけ さけ ます類 ギンザケ サーモン 生 銀鮭 養殖 魚類
10131,＜魚類＞　（さけ・ます類）　ぎんざけ　養殖　焼き,atlantic ginzake salmon salmon ginzake ぎんざけ さけ ます類 ギンザケ サーモン 焼き 銀鮭 養殖 魚類
10132,＜魚類＞　（さけ・ます類）　さくらます　生,cherry cherry salmon masu sakura sakuramasu sakuramasu cherry salmon trout さくらます さけ ます類 サクラマス 桜鱒 生 魚類
10133,＜魚類＞　（さけ・ます類）　さくらます　焼き,cherry cherry salmon salmon さくらます さけ ます ます類 サクラマス マス 桜鱒 焼き 魚類
10134,＜魚類＞　（さけ・ます類）　しろさけ　生,chum chum salmon salmon さけ しろさけ ます類 サケ シロサケ 生 白鮭 魚類 鮭
10135,＜魚類＞　（さけ・ます類）　しろさけ　水煮,chum chum salmon salmon さけ しろさけ ます類 サケ シロサケ 水煮 白鮭 魚類 鮭
10136,＜魚類＞　（さけ・ます類）　しろさけ　焼き,chum chum salmon salmon さけ しろさけ ます類 サケ シロサケ 焼き 白鮭 魚類 鮭
10137,＜魚類＞　（さけ・ます類）　しろさけ　新巻き　生,aramaki aramaki salmon salmon さけ しろさけ ます類 サケ シロサケ 新巻き 新巻き鮭 新巻鮭 生 白鮭 魚類 鮭
10138,＜魚類＞　（さけ・ます類）　しろさけ　新巻き　焼き,aramaki aramaki salmon salmon さけ しろさけ ます類 サケ シロサケ 新巻き 新巻き鮭 新巻鮭 焼き 白鮭 魚類 鮭
10139,＜魚類＞　（さけ・ます類）　しろさけ　塩ざけ,salmon salted salted salmon さけ しおざけ しろさけ ます類 サケ シロサケ 塩ざけ 塩鮭 白鮭 魚類 鮭
10143,＜魚類＞　（さけ・ます類）　しろさけ　水煮缶詰,canned canned salmon salmon さけ しろさけ ます類 サケ サケ缶 シロサケ 水煮缶詰 白鮭 魚類 鮭 鮭缶 鮭缶詰
10447,＜魚類＞　（さけ・ます類）　しろさけ　サケ節　削り節,flake salmon salmon flake さけ しろさけ ます類 サケ サケ節 シロサケ 削り節 白鮭 魚類 鮭 鮭削り節 鮭節
10144,＜魚類＞　（さけ・ます類）　たいせいようさけ　養殖　皮つき　生,atlantic atlantic salmon salmon さけ たいせいようさけ ます類 アトランティックサーモン サーモン タイセイヨウサケ 大西洋サケ 大西洋鮭 生 皮つき 養殖 魚類
10433,＜魚類＞　（さけ・ます類）　たいせいようさけ　養殖　皮つき　水煮,atlantic atlantic salmon salmon さけ たいせいようさけ ます類 アトランティックサーモン サーモン タイセイヨウサケ 大西洋サケ 大西洋鮭 水煮 皮つき 養殖 魚類
10434,＜魚類＞　（さけ・ます類）　たいせいようさけ　養殖　皮つき　蒸し,atlantic atlantic salmon salmon さけ たいせいようさけ ます類 アトランティックサーモン サーモン タイセイヨウサケ 大西洋サケ 大西洋鮭 皮つき 蒸し 養殖 魚類
10435,＜魚類＞　（さけ・ます類）　たいせいようさけ　養殖　皮つき　電子レンジ調理,atlantic atlantic salmon salmon さけ たいせいようさけ ます類 アトランティックサーモン サーモン タイセイヨウサケ 大西洋サケ 大西洋鮭 皮つき 電子レンジ調理 養殖 魚類
10145,＜魚類＞　（さけ・ます類）　たいせいようさけ　養殖　皮つき　焼き,atlantic atlantic salmon salmon さけ たいせいようさけ ます類 アトランティックサーモン サーモン タイセイヨウサケ 大西洋サケ 大西洋鮭 焼き 皮つき 養殖 魚類
10436,＜魚類＞　（さけ・ます類）　たいせいようさけ　養殖　皮つき　ソテー,atlantic atlantic salmon salmon さけ たいせいようさけ ます類 アトランティックサーモン サーモン ソテー タイセイヨウサケ 大西洋サケ 大西洋鮭 皮つき 養殖 魚類
10438,＜魚類＞　（さけ・ます類）　たいせいようさけ　養殖　皮なし　生,atlantic atlantic salmon salmon さけ たいせいようさけ ます類 アトランティックサーモン サーモン タイセイヨウサケ 大西洋サケ 大西洋鮭 生 皮なし 養殖 魚類
10439,＜魚類＞　（さけ・ます類）　たいせいようさけ　養殖　皮なし　水煮,atlantic atlantic salmon salmon さけ たいせいようさけ ます類 アトランティックサーモン サーモン タイセイヨウサケ 大西洋サケ 大西洋鮭 水煮 皮なし 養殖 魚類
10440,＜魚類＞　（さけ・ます類）　たいせいようさけ　養殖　皮なし　蒸し,atlantic atlantic salmon salmon さけ たいせいようさけ ます類 アトランティックサーモン サーモン タイセイヨウサケ 大西洋サケ 大西洋鮭 皮なし 蒸し 養殖 魚類
10441,＜魚類＞　（さけ・ます類）　たいせいようさけ　養殖　皮なし　電子レンジ調理,atlantic atlantic salmon salmon さけ たいせいようさけ ます類 アトランティックサーモン サーモン タイセイヨウサケ 大西洋サケ 大西洋鮭 皮なし 電子レンジ調理 養殖 魚類
10442,＜魚類＞　（さけ・ます類）　たいせいようさけ　養殖　皮なし　焼き,atlantic atlantic salmon salmon さけ たいせいようさけ ます類 アトランティックサーモン サーモン タイセイヨウサケ 大西洋サケ 大西洋鮭 焼き 皮なし 養殖 魚類
10443,＜魚類＞　（さけ・ます類）　たいせいようさけ　養殖　皮なし　ソテー,pacific pacific salmon salmon さけ たいせいようさけ ます類 サケ サーモン ソテー タイセイヨウサケ 太平洋鮭 皮なし 養殖 魚類 鮭
10146,＜魚類＞　（さけ・ます類）　にじます　海面養殖　皮つき　生,rainbow rainbow trout trout さけ にじます ます ます類 ニジマス マス 海面養殖 生 皮つき 虹鱒 魚類 鱒
10402,＜魚類＞　（さけ・ます類）　にじます　海面養殖　皮なし　生,rainbow rainbow trout trout さけ にじます ます ます類 ニジマス マス 海面養殖 生 皮なし 虹鱒 魚類 鱒
10147,＜魚類＞　（さけ・ます類）　にじます　海面養殖　皮つき　焼き,rainbow rainbow trout trout さけ にじます ます ます類 ニジマス マス 海面養殖 焼き 皮つき 虹鱒 魚類 鱒
10148,＜魚類＞　（さけ・ます類）　にじます　淡水養殖　皮つき　生,rainbow rainbow trout trout さけ にじます ます ます類 ニジマス マス 淡水養殖 生 皮つき 虹鱒 魚類 鱒
10149,＜魚類＞　（さけ・ます類）　べにざけ　生,salmon sockeye sockeye salmon さけ べにざけ ます類 サケ ベニザケ 生 紅さけ 紅鮭 魚類 鮭
10150,＜魚類＞　（さけ・ます類）　べにざけ　焼き,salmon sockeye sockeye salmon さけ べにざけ ます類 サケ ベニザケ 焼き 紅さけ 紅鮭 魚類 鮭
10152,＜魚類＞　（さけ・ます類）　ますのすけ　生,cherry masu masu salmon salmon trout さけ ます ますのすけ ます類 マス マスノスケ 生 魚類 鱒
10153,＜魚類＞　（さけ・ます類）　ますのすけ　焼き,cherry masu masu salmon salmon trout さけ ます ますのすけ ます類 マス マスノスケ 焼き 魚類 鱒
10154,＜魚類＞　（さば類）　まさば　生,chub chub mackerel mackerel さば さば類 まさば サバ マサバ 生 真鯖 魚類 鯖
10155,＜魚類＞　（さば類）　まさば　水煮,chub chub mackerel mackerel さば さば類 まさば サバ マサバ 水煮 真鯖 魚類 鯖
10156,＜魚類＞　（さば類）　まさば　焼き,chub chub mackerel mackerel さば さば類 まさば サバ マサバ 焼き 真鯖 魚類 鯖
10403,＜魚類＞　（さば類）　まさば　フライ,chub chub mackerel mackerel さば さば類 まさば サバ フライ マサバ 真鯖 魚類 鯖
10404,＜魚類＞　（さば類）　ごまさば　生,goma goma mackerel mackerel ごまさば さば さば類 ゴマサバ サバ 生 胡麻鯖 魚類 鯖
10405,＜魚類＞　（さば類）　ごまさば　水煮,goma goma mackerel mackerel ごまさば さば さば類 ゴマサバ サバ 水煮 胡麻鯖 魚類 鯖
10406,＜魚類＞　（さば類）　ごまさば　焼き,goma goma mackerel mackerel ごまさば さば さば類 ゴマサバ サバ 焼き 胡麻鯖 魚類 鯖
10157,＜魚類＞　（さば類）　ごまさば　さば節,flake mackerel mackerel flake ごまさば さば さば節 さば類 ゴマサバ サバ サバ節 胡麻鯖 魚類 鯖 鯖節
10158,＜魚類＞　（さば類）　たいせいようさば　生,mackerel pacific pacific mackerel さば さば類 たいせいようさば まさば サバ タイセイヨウサバ マサバ 太平洋鯖 生 真鯖 魚類 鯖
10159,＜魚類＞　（さば類）　たいせいようさば　水煮,mackerel pacific pacific mackerel さば さば類 たいせいようさば まさば サバ タイセイヨウサバ マサバ 太平洋鯖 水煮 真鯖 魚類 鯖
10160,＜魚類＞　（さば類）　たいせいようさば　焼き,mackerel pacific pacific mackerel さば さば類 たいせいようさば まさば サバ タイセイヨウサバ マサバ 太平洋鯖 焼き 真鯖 魚類 鯖
10161,＜魚類＞　（さば類）　加工品　塩さば,mackerel saba salted salted mackerel さば さば類 サバ 加工品 塩さば 塩サバ 塩鯖 魚類 鯖
10162,＜魚類＞　（さば類）　加工品　開き干し,hiraki mackerel mackerel hiraki saba さば さばの開き さば類 ひもの サバ ヒモノ 加工品 干物 開き 開き干し 魚類 鯖
10164,＜魚類＞　（さば類）　缶詰　水煮,can canned canned mackerel mackerel saba さば缶 さば類 サバ缶 水煮 缶詰 缶詰め 魚類 鯖缶
10167,＜魚類＞　（さめ類）　あぶらつのざめ　生,aburatsunozame saba? shark あぶらつのざめ さめ さめ類 アブラツノザメ サメ 生 魚類 鮫
10168,＜魚類＞　（さめ類）　よしきりざめ　生,shark yoshikirizame さめ さめ類 よしきりざめ サメ ヨシキリザメ 生 魚類 鮫
10169,＜魚類＞　（さめ類）　ふかひれ,fin fukahire shark shark fin sharkfin さめ類 ふかひれ フカヒレ 魚類
10170,＜魚類＞　さより　生,halfbeak sayori sayori halfbeak さより サヨリ 生 細魚 魚類
10171,＜魚類＞　さわら　生,mackerel sawara sawara spanish spanish spanish mackerel さわら サワラ 生 魚類 鰆
10172,＜魚類＞　さわら　焼き,mackerel sawara sawara spanish spanish spanish mackerel さわら サワラ 焼き 魚類 鰆
10173,＜魚類＞　さんま　皮つき　生,pacific pacific saury sanma saury saury sanma さんま サンマ 生 皮つき 秋刀魚 魚類
10407,＜魚類＞　さんま　皮なし　生,pacific pacific saury sanma saury saury sanma さんま サンマ 生 皮なし 秋刀魚 魚類
10174,＜魚類＞　さんま　皮つき　焼き,pacific pacific saury sanma saury saury sanma さんま サンマ 焼き 皮つき 秋刀魚 魚類
10179,＜魚類＞　しいら　生,dolphinfish mahi mahi mahi mahi shiira mahimahi shiira しいら シイラ 生 魚類 鱪
10181,＜魚類＞　（ししゃも類）　ししゃも　生干し　焼き,capelin shishamo shishamo capelin ししゃも ししゃも類 シシャモ 柳葉魚 焼き 生干し 魚類
10182,＜魚類＞　（ししゃも類）　からふとししゃも　生干し　生,capelin karafuto karafuto shishamo shishamo shishamo capelin からふとししゃも ししゃも類 カラフト カラフトシシャモ 樺太ししゃも 生 生干し 魚類
10183,＜魚類＞　（ししゃも類）　からふとししゃも　生干し　焼き,capelin karafuto karafuto shishamo shishamo shishamo capelin からふとししゃも ししゃも類 カラフト カラフトシシャモ 樺太ししゃも 焼き 生干し 魚類
10184,＜魚類＞　したびらめ　生,flounder shitabirame sole sole shitabirame tongue tongue sole したびらめ シタビラメ 生 舌平目 魚類
10185,＜魚類＞　しまあじ　養殖　生,aji aji striped jack shima shima aji shimaaji striped striped jack しまあじ アジ シマアジ 生 縞鯵 養殖 魚類 鯵
10186,＜魚類＞　しらうお　生,icefish shirauo shirauo whitebait whitebait しらうお シラウオ 生 白魚 魚類
10187,＜魚類＞　シルバー　生,silver しるばー シルバー 生 魚類
10188,＜魚類＞　すずき　生,bass japanese japanese sea sea sea bass suzuki すずき スズキ 生 魚類 鱸
10189,＜魚類＞　（たい類）　きだい　生,bream kidai sea sea bream yellow yellow sea きだい たい たい類 キダイ タイ 生 魚類 鯛 黄鯛
10190,＜魚類＞　（たい類）　くろだい　生,black black sea bream kurodai porgy sea sea bream くろだい たい たい類 クロダイ タイ 生 魚類 鯛 黒鯛
10191,＜魚類＞　（たい類）　ちだい　生,bream chidai chidai sea sea sea bream たい たい類 ちだい タイ チダイ 生 血鯛 魚類 鯛
10192,＜魚類＞　（たい類）　まだい　天然　生,bream madai red red sea sea sea bream たい たい類 まだい タイ マダイ 天然 生 真鯛 魚類 鯛
10193,＜魚類＞　（たい類）　まだい　養殖　皮つき　生,bream madai red red sea sea sea bream たい たい類 まだい タイ マダイ 生 皮つき 真鯛 養殖 魚類 鯛
10194,＜魚類＞　（たい類）　まだい　養殖　皮つき　水煮,bream madai red red sea sea sea bream たい たい類 まだい タイ マダイ 水煮 皮つき 真鯛 養殖 魚類 鯛
10195,＜魚類＞　（たい類）　まだい　養殖　皮つき　焼き,bream madai red red sea sea sea bream たい たい類 まだい タイ マダイ 焼き 皮つき 真鯛 養殖 魚類 鯛
10408,＜魚類＞　（たい類）　まだい　養殖　皮なし　生,bream madai red red sea sea sea bream たい たい類 まだい タイ マダイ 生 皮なし 真鯛 養殖 魚類 鯛
10196,＜魚類＞　たかさご　生,fish takasago たかさご タカサゴ 生 魚類
10197,＜魚類＞　たかべ　生,fish takabe たかべ タカベ 生 魚類
10198,＜魚類＞　たちうお　生,beltfish cutlassfish hairtail tachiuo たちうお タチウオ 太刀魚 生 魚類
10199,＜魚類＞　（たら類）　すけとうだら　生,alaska alaska pollock pollock suketoudara すけとうだら たら類 スケトウダラ 生 魚類
10200,＜魚類＞　（たら類）　すけとうだら　すり身,fish paste pollock suketoudara surimi すけとうだら すりみ すり身 たら類 スケトウダラ スリミ 魚類
10201,＜魚類＞　（たら類）　すけとうだら　すきみだら,minced minced pollock pollock suketoudara sukimidadara すきみ すきみだら すけとうだら たら類 スケトウダラ 魚類
10202,＜魚類＞　（たら類）　すけとうだら　たらこ　生,cod pollock roe suketoudara tarako すけとうだら たらこ たら類 スケトウダラ タラコ 生 魚類
10205,＜魚類＞　（たら類）　まだら　生,cod madara たら類 まだら マダラ 生 魚類 鱈
10206,＜魚類＞　（たら類）　まだら　焼き,cod madara たら類 まだら マダラ 焼き 魚類 鱈
10207,＜魚類＞　（たら類）　まだら　しらこ　生,cod madara milt shirako しらこ たら類 まだら マダラ 生 白子 魚類 鱈
10209,＜魚類＞　（たら類）　まだら　干しだら,cod dried dried cod madara pollock stockfish たら類 まだら マダラ 干しだら 干し鱈 魚類 鱈
10211,＜魚類＞　ちか　生,chika smelt ちか チカ 生 魚類
10213,＜魚類＞　どじょう　生,loach どじょう どぜう ドジョウ 泥鰌 生 魚類
10214,＜魚類＞　どじょう　水煮,loach どじょう どぜう ドジョウ 水煮 泥鰌 魚類
10215,＜魚類＞　とびうお　生,fish flying flying fish tobiuo とびうお トビウオ 生 飛び魚 魚類
10421,＜魚類＞　とびうお　煮干し,fish flying flying fish tobiuo とびうお にぼし トビウオ 煮干し 飛び魚 魚類
10422,＜魚類＞　とびうお　焼き干し,dried fish flying flying fish とびうお やきぼし トビウオ 焼き干し 飛び魚 魚類
10212,＜魚類＞　ナイルティラピア　生,nile tilapia ティラピア ナイル ナイルティラピア 生 魚類
10216,＜魚類＞　なまず　生,catfish なまず ナマズ 生 魚類 鯰
10217,＜魚類＞　にぎす　生,nigisu whiting にぎす ニギス 生 魚類
10218,＜魚類＞　にしん　生,herring にしん ニシン 生 魚類 鰊
10220,＜魚類＞　にしん　開き干し,dried herring にしん ニシン 干物 開き 開き干し 魚類 鰊
10221,＜魚類＞　にしん　くん製,herring smoked くんせい くん製 にしん ニシン 燻製 魚類 鰊
10222,＜魚類＞　にしん　かずのこ　生,herring herring roe kazunoko roe かずのこ にしん ニシン 数の子 生 魚類 鰊
10225,＜魚類＞　はぜ　生,goby はぜ ハゼ 生 魚類 鯊
10228,＜魚類＞　はたはた　生,hatahata japanese japanese sandfish sandfish はたはた ハタハタ 生 魚類 鰰
10229,＜魚類＞　はたはた　生干し,dried fish hatahata japanese japanese sandfish sandfish はたはた ハタハタ 干物 生干し 魚類 鰰
10230,＜魚類＞　はまふえふき　生,hamafuefuki はまふえふき ハマフエフキ 生 魚類
10231,＜魚類＞　はも　生,conger eel hamo pike はも ハモ 生 魚類 鱧
10233,＜魚類＞　ひらまさ　生,amberjack hiramasa yellowtail ひらまさ ヒラマサ 平政 生 魚類
10234,＜魚類＞　ひらめ　天然　生,flounder hirame wild ひらめ ヒラメ 天然 天然ひらめ 平目 生 魚類
10235,＜魚類＞　ひらめ　養殖　皮つき　生,flatfish flounder hirame ひらめ ヒラメ 平目 生 皮つき 養殖 魚類
10410,＜魚類＞　ひらめ　養殖　皮なし　生,flatfish flounder hirame ひらめ ヒラメ 平目 生 皮なし 養殖 魚類
10238,＜魚類＞　ふな　生,carp crucian crucian carp ふな フナ 生 魚類 鮒
10239,＜魚類＞　ふな　水煮,carp crucian crucian carp ふな フナ 水煮 魚類 鮒
10241,＜魚類＞　ぶり　成魚　生,amberjack yellowtail ぶり ブリ 成魚 生 魚類 鰤
10242,＜魚類＞　ぶり　成魚　焼き,amberjack yellowtail ぶり ブリ 成魚 焼き 魚類 鰤
10243,＜魚類＞　ぶり　はまち　養殖　皮つき　生,amberjack hamachi hamachi yellowtail yellowtail はまち ぶり ハマチ ブリ 生 皮つき 養殖 魚類 鰤
10411,＜魚類＞　ぶり　はまち　養殖　皮なし　生,amberjack hamachi hamachi yellowtail yellowtail はまち ぶり ハマチ ブリ 生 皮なし 養殖 魚類 鰤
10244,＜魚類＞　ほうぼう　生,gurnard robin sea ほうぼう ホウボウ 生 魚類
10245,＜魚類＞　ホキ　生,blue grenadier hoki ほき ホキ 生 魚類
10246,＜魚類＞　ほっけ　生,atka atka mackerel hokke mackerel ほっけ ホッケ 生 魚類
10248,＜魚類＞　ほっけ　開き干し　生,atka atka mackerel hokke mackerel ほっけ ホッケ 生 開きほっけ 開き干し 開き干しほっけ 魚類
10412,＜魚類＞　ほっけ　開き干し　焼き,atka atka mackerel hokke mackerel ほっけ ホッケ 焼き 開きほっけ 開き干し 開き干しほっけ 魚類
10249,＜魚類＞　ぼら　生,mullet ぼら ボラ 生 魚類
10251,＜魚類＞　ほんもろこ　生,honmoroko ほんもろこ ホンモロコ 生 魚類
10252,＜魚類＞　（まぐろ類）　きはだ　生,tuna yellowfin yellowfin tuna きはだ きはだまぐろ まぐろ類 キハダ キハダマグロ 生 魚類
10253,＜魚類＞　（まぐろ類）　くろまぐろ　天然　赤身　生,bluefin bluefin tuna tuna くろまぐろ まぐろ まぐろ類 クロマグロ マグロ 天然 本まぐろ 本マグロ 生 赤身 赤身まぐろ 魚類
10254,＜魚類＞　（まぐろ類）　くろまぐろ　天然　脂身　生,bluefin bluefin tuna tuna くろまぐろ まぐろ まぐろ類 クロマグロ トロ マグロ 天然 本まぐろ 本マグロ 生 脂身 脂身まぐろ 魚類
10450,＜魚類＞　（まぐろ類）　くろまぐろ　養殖　赤身　生,bluefin bluefin tuna tuna くろまぐろ まぐろ まぐろ類 クロマグロ マグロ 本まぐろ 本マグロ 生 赤身 赤身まぐろ 養殖 魚類
10451,＜魚類＞　（まぐろ類）　くろまぐろ　養殖　赤身　水煮,bluefin bluefin tuna tuna くろまぐろ まぐろ まぐろ類 クロマグロ マグロ 本まぐろ 本マグロ 水煮 赤身 赤身まぐろ 養殖 魚類
10452,＜魚類＞　（まぐろ類）　くろまぐろ　養殖　赤身　蒸し,bluefin bluefin tuna tuna あかみ くろまぐろ まぐろ まぐろ類 アカミ クロマグロ マグロ 本マグロ 蒸し 赤身 養殖 養殖まぐろ 魚類 鮪 黒マグロ 黒鮪
10453,＜魚類＞　（まぐろ類）　くろまぐろ　養殖　赤身　電子レンジ調理,bluefin bluefin tuna tuna あかみ くろまぐろ まぐろ まぐろ類 アカミ クロマグロ マグロ 本マグロ 赤身 電子レンジ調理 養殖 養殖まぐろ 魚類 鮪 黒マグロ 黒鮪
10454,＜魚類＞　（まぐろ類）　くろまぐろ　養殖　赤身　焼き,bluefin bluefin tuna tuna あかみ くろまぐろ まぐろ まぐろ類 アカミ クロマグロ マグロ 本マグロ 焼き 赤身 養殖 養殖まぐろ 魚類 鮪 黒マグロ 黒鮪
10455,＜魚類＞　（まぐろ類）　くろまぐろ　養殖　赤身　ソテー,bluefin bluefin tuna tuna あかみ くろまぐろ まぐろ まぐろ類 アカミ クロマグロ ソテー マグロ 本マグロ 赤身 養殖 養殖まぐろ 魚類 鮪 黒マグロ 黒鮪
10459,＜魚類＞　（まぐろ類）　くろまぐろ　養殖　脂身　生,bluefin bluefin tuna toro tuna あぶらみ くろまぐろ とろ まぐろ まぐろ類 アブラミ クロマグロ トロ マグロ 本マグロ 生 脂身 養殖 養殖まぐろ 魚類 鮪 黒マグロ 黒鮪
10460,＜魚類＞　（まぐろ類）　くろまぐろ　養殖　脂身　水煮,bluefin bluefin tuna toro tuna あぶらみ くろまぐろ とろ まぐろ まぐろ類 アブラミ クロマグロ トロ マグロ 本マグロ 水煮 脂身 養殖 養殖まぐろ 魚類 鮪 黒マグロ 黒鮪
10461,＜魚類＞　（まぐろ類）　くろまぐろ　養殖　脂身　蒸し,bluefin bluefin tuna toro tuna あぶらみ くろまぐろ とろ まぐろ まぐろ類 アブラミ クロマグロ トロ マグロ 本マグロ 脂身 蒸し 養殖 養殖まぐろ 魚類 鮪 黒マグロ 黒鮪
10462,＜魚類＞　（まぐろ類）　くろまぐろ　養殖　脂身　電子レンジ調理,bluefin bluefin tuna toro tuna あぶらみ くろまぐろ とろ まぐろ まぐろ類 アブラミ クロマグロ トロ マグロ 本マグロ 脂身 電子レンジ調理 養殖 養殖まぐろ 魚類 鮪 黒マグロ 黒鮪
10463,＜魚類＞　（まぐろ類）　くろまぐろ　養殖　脂身　焼き,bluefin bluefin tuna toro tuna あぶらみ くろまぐろ とろ まぐろ まぐろ類 アブラミ クロマグロ トロ マグロ 本マグロ 焼き 脂身 養殖 養殖まぐろ 魚類 鮪 黒マグロ 黒鮪
10464,＜魚類＞　（まぐろ類）　くろまぐろ　養殖　脂身　ソテー,bluefin bluefin tuna toro tuna あぶらみ くろまぐろ とろ まぐろ まぐろ類 アブラミ クロマグロ ソテー トロ マグロ 本マグロ 脂身 養殖 養殖まぐろ 魚類 鮪 黒マグロ 黒鮪
10255,＜魚類＞　（まぐろ類）　びんなが　生,albacore albacore tuna tuna びんなが びんながまぐろ まぐろ まぐろ類 ビンナガ ビンナガびんなが ビンナガマグロ マグロ 生 魚類 鮪
10256,＜魚類＞　（まぐろ類）　みなみまぐろ　赤身　生,bluefin bluefin tuna southern southern bluefin tuna あかみ まぐろ まぐろ類 みなみまぐろ アカミ マグロ ミナミマグロ 南まぐろ 南鮪 生 赤身 魚類 鮪
10257,＜魚類＞　（まぐろ類）　みなみまぐろ　脂身　生,bluefin bluefin tuna southern southern bluefin toro tuna あぶらみ とろ まぐろ まぐろ類 みなみまぐろ アブラミ トロ マグロ ミナミマグロ 南まぐろ 南鮪 生 脂身 魚類 鮪
10258,＜魚類＞　（まぐろ類）　めじまぐろ　生,juvenile meji meji tuna tuna young まぐろ まぐろ類 めじ めじまぐろ マグロ メジ メジマグロ 生 魚類 鮪
10425,＜魚類＞　（まぐろ類） めばち　赤身　生,bigeye bigeye tuna tuna あかみ まぐろ まぐろ類 めばち めばちまぐろ アカミ マグロ メバチ メバチマグロ 生 赤身 魚類 鮪
10426,＜魚類＞　（まぐろ類） めばち　脂身　生,bigeye bigeye tuna toro tuna あぶらみ とろ まぐろ まぐろ類 めばち めばちまぐろ アブラミ トロ マグロ メバチ メバチマグロ 生 脂身 魚類 鮪
10260,＜魚類＞　（まぐろ類）　缶詰　水煮　フレーク　ライト,canned flake light tuna tuna flake まぐろフレーク まぐろ缶 まぐろ類 ツナ ツナフレーク ツナ缶 フレーク ライト 水煮 缶詰 魚類
10261,＜魚類＞　（まぐろ類）　缶詰　水煮　フレーク　ホワイト,canned flake tuna tuna flake white まぐろフレーク まぐろ缶 まぐろ類 ツナ ツナフレーク ツナ缶 フレーク ホワイト 水煮 缶詰 魚類
10263,＜魚類＞　（まぐろ類）　缶詰　油漬　フレーク　ライト,canned flake light tuna tuna flake まぐろフレーク まぐろ缶 まぐろ類 ツナ ツナフレーク ツナ缶 フレーク ライト 油漬 缶詰 魚類
10264,＜魚類＞　（まぐろ類）　缶詰　油漬　フレーク　ホワイト,canned flake tuna tuna flake white まぐろフレーク まぐろ缶 まぐろ類 ツナ ツナフレーク ツナ缶 フレーク ホワイト 油漬 缶詰 魚類
10265,＜魚類＞　マジェランあいなめ　生,ainame greenling あいなめ アイナメ マジェランあいなめ マジェランアイナメ 生 魚類
10266,＜魚類＞　まながつお　生,managatsuo まながつお マナガツオ 生 真鯧 魚類
10232,＜魚類＞　みなみくろたち　生,kurotachi minami minami kurotachi minamikurotachi みなみくろたち ミナミクロタチ 生 魚類
10267,＜魚類＞　みなみだら　生,minami-dara minamidakara minamidara みなみだら ミナミダラ 生 魚類
10268,＜魚類＞　むつ　生,mutsu むつ ムツ 生 魚類
10269,＜魚類＞　むつ　水煮,mutsu むつ ムツ 水煮 魚類
10270,＜魚類＞　めじな　生,girella mejina mejina girella めじな メジナ 生 魚類
10271,＜魚類＞　めばる　生,mebaru perch rockfish sea めばる メバル 生 魚類
10272,＜魚類＞　メルルーサ　生,hake merluza めるるーさ メルルーサ 生 魚類
10273,＜魚類＞　やつめうなぎ　生,lamprey yatsumeunagi やつめうなぎ ヤツメウナギ 八つ目鰻 生 魚類
10274,＜魚類＞　やつめうなぎ　干しやつめ,lamprey yatsumeunagi やつめうなぎ ヤツメウナギ 八つ目鰻 干しやつめ 魚類
10275,＜魚類＞　やまめ　養殖　生,masu masu trout trout yamame yamame masu やまめ ヤマメ 山女魚 生 養殖 魚類
10276,＜魚類＞　わかさぎ　生,pond pond smelt smelt wakasagi わかさぎ ワカサギ 生 魚類
10278,＜魚類＞　わかさぎ　あめ煮,pond pond smelt smelt wakasagi あめ煮 わかさぎ ワカサギ 魚類
10279,＜貝類＞　あかがい　生,akagai ark ark shell shell あかがい アカガイ 生 貝類 赤貝
10280,＜貝類＞　あげまき　生,agemaki あげまき アゲマキ 生 貝類
10281,＜貝類＞　あさり　生,asari clam あさり アサリ 浅利 浅蜊 生 貝類
10466,＜貝類＞　あさり　蒸し,asari clam あさり アサリ 浅利 浅蜊 蒸し 貝類
10283,＜貝類＞　あさり　缶詰　水煮,asari clam あさり アサリ 水煮 浅利 浅蜊 缶詰 貝類
10427,＜貝類＞　あわび　くろあわび　生,abalone awabi あわび くろあわび アワビ 生 貝類 鮑
10428,＜貝類＞　あわび　まだかあわび　生,abalone awabi madaka madaka abalone madakaawabi あわび まだかあわび アワビ マダカアワビ 生 貝類 鮑
10429,＜貝類＞　あわび　めがいあわび　生,abalone awabi megai megai abalone megaiawabi あわび めがいあわび アワビ メガイアワビ 生 貝類 鮑
10286,＜貝類＞　あわび　干し,abalone awabi あわび アワビ 干し 貝類 鮑
10288,＜貝類＞　あわび　水煮缶詰,abalone awabi あわび アワビ 水煮缶詰 貝類 鮑
10289,＜貝類＞　いがい　生,igai mussel いがい イガイ ムール貝 生 貝類
10290,＜貝類＞　いたやがい　養殖　生,itayagai itayagai scallop scallop いたやがい イタヤガイ イタヤガイ貝 生 貝類 養殖
10291,＜貝類＞　エスカルゴ　水煮缶詰,escargot えすかるご かたつむり エスカルゴ エスカルゴ缶 カタツムリ 水煮缶詰 貝類
10293,＜貝類＞　かき　養殖　水煮,kaki oyster かき カキ 水煮 牡蠣 貝類 養殖
10295,＜貝類＞　さざえ　生,sazae sazae turban sea shell snail turban turban shell さざえ サザエ 栄螺 生 貝類
10296,＜貝類＞　さざえ　焼き,sazae sazae turban sea shell snail turban turban shell さざえ サザエ 栄螺 焼き 貝類
10297,＜貝類＞　しじみ　生,clam freshwater freshwater clam shijimi shijimi freshwater しじみ シジミ 生 蜆 貝類
10413,＜貝類＞　しじみ　水煮,clam freshwater freshwater clam shijimi shijimi freshwater しじみ シジミ 水煮 蜆 貝類
10298,＜貝類＞　たいらがい　貝柱　生,pen pen shell shell tairagai tairagai pen かいばしら たいらがい カイバシラ タイラガイ 生 貝柱 貝類
10299,＜貝類＞　たにし　生,pond river river snail snail snail tanishi tanishi たにし タニシ 生 田螺 貝類
10300,＜貝類＞　つぶ　生,tsubu tsubugai whelk whelk tsubugai つぶ つぶ貝 ツブ ツブガイ 生 貝類
10301,＜貝類＞　とこぶし　生,tokobushi tokobusi とこぶし とこぶし貝 トコブシ 生 貝類
10303,＜貝類＞　とりがい　斧足　生,shell torigai とりがい トリガイ 斧足 生 貝類 鳥貝
10304,＜貝類＞　ばい　生,baigai baigai whelk whelk ばい ばいがい バイ バイ貝 生 貝類
10306,＜貝類＞　（はまぐり類）　はまぐり　生,clam hamaguri hamaguri clam はまぐり はまぐり類 ハマグリ 生 蛤 貝類
10307,＜貝類＞　（はまぐり類）　はまぐり　水煮,clam hamaguri hamaguri clam はまぐり はまぐり類 ハマグリ 水煮 蛤 貝類
10308,＜貝類＞　（はまぐり類）　はまぐり　焼き,clam hamaguri かい はまぐり はまぐり類 ハマグリ 焼き 蛤 貝 貝類
10311,＜貝類＞　ほたてがい　生,scallop ほたて ほたてがい ホタテ ホタテガイ 帆立 帆立貝 生 貝 貝類
10312,＜貝類＞　ほたてがい　水煮,scallop ほたて ほたてがい ホタテ ホタテガイ 帆立 帆立貝 水煮 貝 貝類
10313,＜貝類＞　ほたてがい　貝柱　生,adductor scallop かいばしら ほたて ほたてがい ほたて貝柱 カイバシラ ホタテ ホタテガイ 帆立 帆立貝 生 貝 貝柱 貝類
10414,＜貝類＞　ほたてがい　貝柱　焼き,scallop かいばしら ほたて ほたてがい ほたて貝柱 カイバシラ ホタテ ホタテガイ 帆立 帆立貝 焼き 貝 貝柱 貝類
10314,＜貝類＞　ほたてがい　貝柱　煮干し,scallop かいばしら ほたて ほたてがい ほたて貝柱 カイバシラ ホタテ ホタテガイ 帆立 帆立貝 煮干し 貝 貝柱 貝類
10315,＜貝類＞　ほたてがい　貝柱　水煮缶詰,canned scallop かいばしら かんづめ ほたて ほたてがい ほたて貝柱 カイバシラ カンヅメ ホタテ ホタテガイ 帆立 帆立貝 水煮缶詰 缶詰 貝 貝柱 貝類
10316,＜貝類＞　ほっきがい　生,clam hokkigai surf surf clam ほっき ほっきがい ホッキ ホッキガイ 北寄貝 生 貝 貝類
10317,＜貝類＞　みるがい　水管　生,/ / mirugai clam geoduck geoduck / giant mirugai すいかん みるがい スイカン ミルガイ 水管 海松貝 生 貝 貝類
10319,＜えび・かに類＞　（えび類）　あまえび　生,amaebi prawn shrimp sweet sweet shrimp あまえび えび えび類 かに類 アマエビ エビ 海老 甘えび 甘海老 生
10467,＜えび・かに類＞　（えび類）　アルゼンチンあかえび　生,argentine argentine red prawn red red shrimp shrimp あかえび えび えび類 かに類 アカエビ アルゼンチンあかえび アルゼンチンアカエビ アルゼンチン赤海老 海老 生 赤えび 赤海老
10468,＜えび・かに類＞　（えび類）　アルゼンチンあかえび　ゆで,argentine argentine red red red shrimp shrimp あかえび えび えび類 かに類 ゆで アカエビ アルゼンチンあかえび アルゼンチンアカエビ アルゼンチン赤海老 海老 赤えび 赤海老
10469,＜えび・かに類＞　（えび類）　アルゼンチンあかえび　焼き,argentine argentine red red red shrimp shrimp あかえび えび えび類 かに類 アカエビ アルゼンチンあかえび アルゼンチンアカエビ アルゼンチン赤海老 海老 焼き 赤えび 赤海老
10320,＜えび・かに類＞　（えび類）　いせえび　生,ebi ise iseebi japanese japanese spiny lobster spiny spiny lobster いせえび えび えび類 かに類 イセエビ 伊勢海老 海老 生
10321,＜えび・かに類＞　（えび類）　くるまえび　養殖　生,ebi kuruma kuruma prawn kurumaebi prawn shrimp えび えび類 かに類 くるまえび クルマエビ 海老 生 車海老 養殖
10322,＜えび・かに類＞　（えび類）　くるまえび　養殖　ゆで,ebi kuruma kuruma prawn kurumaebi prawn shrimp えび えび類 かに類 くるまえび ゆで クルマエビ 海老 車海老 養殖
10323,＜えび・かに類＞　（えび類）　くるまえび　養殖　焼き,ebi kuruma kuruma prawn kurumaebi prawn shrimp えび えび類 かに類 くるまえび クルマエビ 海老 焼き 車海老 養殖
10431,＜えび・かに類＞　（えび類）　さくらえび　生,ebi sakura sakura shrimp shrimp えび えび類 かに類 さくらえび サクラエビ 桜えび 桜海老 海老 生
10324,＜えび・かに類＞　（えび類）　さくらえび　ゆで,ebi sakura sakura shrimp shrimp えび えび類 かに類 さくらえび ゆで サクラエビ 桜えび 桜海老 海老
10326,＜えび・かに類＞　（えび類）　さくらえび　煮干し,ebi sakura sakura shrimp shrimp えび えび類 かに類 さくらえび サクラエビ 桜えび 桜海老 海老 煮干し
10327,＜えび・かに類＞　（えび類）　大正えび　生,prawn shrimp taisho taisho shrimp えび えび類 かに類 たいしょうえび エビ タイショウエビ 大正えび 大正海老 海老 生
10328,＜えび・かに類＞　（えび類）　しばえび　生,prawn shiba shiba shrimp shrimp えび えび類 かに類 しばえび しばエビ エビ シバエビ 海老 生 芝海老
10415,＜えび・かに類＞　（えび類）　バナメイえび　養殖　生,prawn shrimp vannamei vannamei shrimp whiteleg えび えび類 かに類 ばなめいえび エビ バナメイ バナメイえび バナメイエビ バナメイ海老 海老 生 養殖
10329,＜えび・かに類＞　（えび類）　ブラックタイガー　養殖　生,black black tiger prawn shrimp tiger tiger shrimp えび えび類 かに類 エビ ブラックタイガー ブラックタイガーえび ブラックタイガーエビ ブラックタイガー海老 海老 生 養殖
10330,＜えび・かに類＞　（えび類）　加工品　干しえび,dried dried shrimp prawn shrimp えび えび類 かに類 ほしえび ほし海老 エビ ホシエビ 加工品 干しえび 干しエビ 干し海老 海老
10332,＜えび・かに類＞　（かに類）　がざみ　生,crab gazami gazami swimming swimming swimming crab えび かに かに類 がざみ がざみガザミ がに カニ ガザミ 渡り蟹 生 蟹
10333,＜えび・かに類＞　（かに類）　毛がに　生,crab hairy hairy crab horsehair えび かに かに類 けがに カニ ケガニ 毛がに 毛蟹 生 蟹
10334,＜えび・かに類＞　（かに類）　毛がに　ゆで,crab hairy hairy crab horsehair えび かに かに類 けがに ゆで カニ ケガニ 毛がに 毛蟹 蟹
10335,＜えび・かに類＞　（かに類）　ずわいがに　生,crab snow snow crab えび かに かに類 ずわいかに ずわいがに ずわい蟹 カニ ズワイガニ ズワイ蟹 生 蟹
10336,＜えび・かに類＞　（かに類）　ずわいがに　ゆで,crab snow snow crab えび かに かに類 ずわいかに ずわいがに ずわい蟹 ゆで カニ ズワイガニ ズワイ蟹 蟹
10337,＜えび・かに類＞　（かに類）　ずわいがに　水煮缶詰,canned crab snow snow crab えび かに缶詰 かに類 ずわいがに ずわい蟹 カニ缶詰 ズワイガニ ズワイ蟹 水煮缶詰 缶詰
10338,＜えび・かに類＞　（かに類）　たらばがに　生,crab king king crab えび かに かに類 たらばがに たらば蟹 カニ タラバガニ タラバ蟹 生 蟹
10339,＜えび・かに類＞　（かに類）　たらばがに　ゆで,crab king king crab えび かに かに類 たらばがに たらば蟹 ゆで カニ タラバガニ タラバ蟹 蟹
10340,＜えび・かに類＞　（かに類）　たらばがに　水煮缶詰,canned crab king king crab えび かに缶詰 かに類 たらばがに たらば蟹 カニ缶詰 タラバガニ タラバ蟹 水煮缶詰 缶詰
10342,＜いか・たこ類＞　（いか類）　あかいか　生,red red squid squid あかいか あかイカ いか いか類 たこ類 アカイカ イカ 烏賊 生 赤いか
10343,＜いか・たこ類＞　（いか類）　けんさきいか　生,kensaki spear squid swordtip swordtip squid いか いか類 けんさき けんさきいか けんさきイカ たこ類 イカ ケンサキイカ 剣先いか 剣先烏賊 烏賊 生
10344,＜いか・たこ類＞　（いか類）　こういか　生,cuttlefish squid いか いか類 こういか たこ類 イカ コウイカ 烏賊 生 甲いか 甲烏賊
10345,＜いか・たこ類＞　（いか類）　するめいか　生,ika squid surume surume squid いか いか類 するめ するめいか するめイカ たこ類 イカ スルメイカ 烏賊 生 鯣烏賊
10346,＜いか・たこ類＞　（いか類）　するめいか　水煮,ika squid surume surume squid いか いか類 するめ するめいか するめイカ たこ類 イカ スルメイカ 水煮 烏賊 鯣烏賊
10347,＜いか・たこ類＞　（いか類）　するめいか　焼き,ika squid surume surume squid いか いか類 するめ するめいか するめイカ たこ類 イカ スルメイカ 烏賊 焼き 鯣烏賊
10417,＜いか・たこ類＞　（いか類）　するめいか　胴　皮つき　生,squid surume surume squid surumeika いか いか類 するめ するめいか たこ類 イカ スルメ スルメイカ 烏賊 生 皮つき 胴
10418,＜いか・たこ類＞　（いか類）　するめいか　胴　皮なし　生,squid surume surume squid surumeika いか いか類 するめ するめいか たこ類 イカ スルメ スルメイカ 烏賊 生 皮なし 胴
10420,＜いか・たこ類＞　（いか類）　するめいか　耳・足　生,squid surume surume squid tentacle あし いか いか類 するめいか たこ類 みみ イカ スルメイカ 烏賊 生 耳 足
10348,＜いか・たこ類＞　（いか類）　ほたるいか　生,firefly firefly squid squid いか いか類 たこ類 ほたるいか イカ ホタルイカ 烏賊 生 蛍烏賊
10349,＜いか・たこ類＞　（いか類）　ほたるいか　ゆで,firefly firefly squid squid いか いか類 たこ類 ほたるいか ゆで イカ ホタルイカ 烏賊 蛍烏賊
10350,＜いか・たこ類＞　（いか類）　ほたるいか　くん製,firefly firefly squid squid いか いか類 くん製 たこ類 ほたるいか イカ ホタルイカ 烏賊 蛍烏賊
10352,＜いか・たこ類＞　（いか類）　やりいか　生,spear spear squid squid yariika いか いか類 たこ類 やりいか イカ ヤリイカ 槍烏賊 烏賊 生
10353,＜いか・たこ類＞　（いか類）　加工品　するめ,dried dried squid squid surume あたりめ いか いか類 するめ するめいか たこ類 スルメ スルメイカ 加工品
10360,＜いか・たこ類＞　（たこ類）　いいだこ　生,baby baby octopus iidako octopus いいだこ いか たこ たこ類 イイダコ タコ 生 蛸 飯蛸
10361,＜いか・たこ類＞　（たこ類）　まだこ　皮つき　生,common common octopus madako octopus いか たこ たこ類 まだこ タコ マダコ 生 皮つき 真蛸 蛸
10471,＜いか・たこ類＞　（たこ類）　まだこ　皮なし　生,common common octopus madako octopus いか たこ たこ類 まだこ タコ マダコ 生 皮なし 真蛸 蛸
10362,＜いか・たこ類＞　（たこ類）　まだこ　ゆで,common common octopus madako octopus いか たこ たこ類 まだこ ゆで タコ マダコ 真蛸 蛸
10472,＜いか・たこ類＞　（たこ類）　まだこ　蒸しだこ,madako octopus steamed steamed octopus いか たこ たこ類 まだこ タコ マダコ 真蛸 蒸しだこ 蛸
10473,＜いか・たこ類＞　（たこ類）　まだこ　蒸しだこ　油いため,madako octopus steamed steamed octopus いか たこ たこ類 まだこ タコ マダコ 油いため 真蛸 蒸しだこ 蛸
10474,＜いか・たこ類＞　（たこ類）　まだこ　蒸しだこ　素揚げ,madako octopus steamed steamed octopus いか たこ たこ類 まだこ タコ マダコ 真蛸 素揚げ 蒸しだこ 蛸
10432,＜いか・たこ類＞　（たこ類）　みずだこ　生,dako giant giant octopus mizu octopus いか たこ たこ類 みずだこ タコ ミズダコ 水蛸 生 蛸
10367,＜その他＞　うに　練りうに,paste sea sea urchin uni urchin urchin paste うに その他 ウニ 海胆 練りうに 雲丹
10369,＜その他＞　おきあみ　ゆで,krill shrimp おきあみ その他 ゆで エビ オキアミ 沖揚
10370,＜その他＞　くらげ　塩蔵　塩抜き,jellyfish salted salted jellyfish くらげ その他 クラゲ 塩抜き 塩蔵 塩蔵くらげ 海月
10371,＜その他＞　しゃこ　ゆで,manti manti shrimp shako shrimp しゃこ その他 ゆで シャコ 蝦 蝦蛄
10372,＜その他＞　なまこ　生,cucumber sea sea cucumber その他 なまこ ナマコ 海参 海鼠 生
10378,＜水産練り製品＞　す巻きかまぼこ,kamaboko sumaki sumaki kamaboko かまぼこ すまきかまぼこ す巻きかまぼこ す巻き蒲鉾 スマキカマボコ 水産練り製品 蒲鉾
10380,＜水産練り製品＞　焼き抜きかまぼこ,kamaboko yakinuki yakinuki kamaboko かまぼこ やきぬきかまぼこ ヤキヌキカマボコ 水産練り製品 焼き抜きかまぼこ 焼き抜き蒲鉾 蒲鉾
11001,＜畜肉類＞　いのしし　肉　脂身つき　生,boar meat wild wild boar いのしし ぼたん肉 イノシシ 猪 猪肉 生 畜肉類 肉 脂身つき
11002,＜畜肉類＞　いのぶた　肉　脂身つき　生,boar–pig boar–pig hybrid hybrid inobuta inobuta boar–pig inoshishi pig pork いのぶた いのぶた肉 イノブタ イノブタ肉 猪豚 生 畜肉類 肉 脂身つき
11003,＜畜肉類＞　うさぎ　肉　赤肉　生,meat rabbit うさぎ うさぎ肉 ウサギ ウサギ肉 兎 生 畜肉類 肉 赤肉
11004,＜畜肉類＞　うし　［和牛肉］　かた　脂身つき　生,beef chuck shoulder wagyu wagyu shoulder うし かた かた肉 ウシ 和牛 和牛肉 和牛肩肉 牛 牛肉 生 畜肉類 肩 肩肉 脂身つき
11005,＜畜肉類＞　うし　［和牛肉］　かた　皮下脂肪なし　生,beef chuck shoulder wagyu wagyu shoulder うし かた かた肉 ウシ 和牛 和牛肉 和牛肩肉 牛 牛肉 生 畜肉類 皮下脂肪なし 肩 肩肉
11006,＜畜肉類＞　うし　［和牛肉］　かた　赤肉　生,beef chuck shoulder wagyu wagyu shoulder うし かた かた肉 ウシ 和牛 和牛肉 和牛肩肉 牛 牛肉 生 畜肉類 肩 肩肉 赤肉
11008,＜畜肉類＞　うし　［和牛肉］　かたロース　脂身つき　生,beef loin shoulder shoulder loin wagyu wagyu shoulder うし かたろーす かたロース かたロース肉 カタロース 和牛肉 和牛肩ロース 牛肩ロース 牛肩ロース肉 生 畜肉類 肩ロース 肩ロース肉 脂身つき
11009,＜畜肉類＞　うし　［和牛肉］　かたロース　皮下脂肪なし　生,beef loin shoulder shoulder loin wagyu wagyu shoulder うし かたろーす かたロース かたロース肉 カタロース 和牛肉 和牛肩ロース 牛肩ロース 牛肩ロース肉 生 畜肉類 皮下脂肪なし 肩ロース 肩ロース肉
11010,＜畜肉類＞　うし　［和牛肉］　かたロース　赤肉　生,beef loin shoulder shoulder loin wagyu wagyu shoulder うし かたろーす かたロース かたロース肉 カタロース 和牛肉 和牛肩ロース 牛肩ロース 牛肩ロース肉 生 畜肉類 肩ロース 肩ロース肉 赤肉
11011,＜畜肉類＞　うし　［和牛肉］　リブロース　脂身つき　生,beef rib ribeye roast wagyu wagyu ribeye うし りぶろーす リブロース リブロースステーキ リブロース肉 ロース ロース肉 和牛リブロース 和牛肉 牛リブロース 牛リブロース肉 生 畜肉類 脂身つき
11249,＜畜肉類＞　うし　［和牛肉］　リブロース　脂身つき　ゆで,beef rib ribeye roast wagyu wagyu ribeye うし ゆで りぶろーす リブロース リブロースステーキ リブロース肉 ロース ロース肉 和牛リブロース 和牛肉 牛リブロース 牛リブロース肉 畜肉類 脂身つき
11248,＜畜肉類＞　うし　［和牛肉］　リブロース　脂身つき　焼き,beef rib ribeye roast wagyu wagyu ribeye うし りぶろーす リブロース リブロースステーキ リブロース肉 ロース ロース肉 和牛リブロース 和牛肉 焼き 牛リブロース 牛リブロース肉 畜肉類 脂身つき
11012,＜畜肉類＞　うし　［和牛肉］　リブロース　皮下脂肪なし　生,beef rib ribeye roast wagyu wagyu ribeye うし りぶろーす リブロース リブロースステーキ リブロース肉 ロース ロース肉 和牛リブロース 和牛肉 牛リブロース 牛リブロース肉 生 畜肉類 皮下脂肪なし
11013,＜畜肉類＞　うし　［和牛肉］　リブロース　赤肉　生,beef rib ribeye roast wagyu wagyu ribeye うし りぶろーす リブロース リブロースステーキ リブロース肉 ロース ロース肉 和牛リブロース 和牛肉 牛リブロース 牛リブロース肉 生 畜肉類 赤肉
11014,＜畜肉類＞　うし　［和牛肉］　リブロース　脂身　生,beef rib ribeye roast wagyu wagyu ribeye うし りぶろーす リブロース リブロースステーキ リブロース肉 ロース ロース肉 和牛リブロース 和牛肉 牛リブロース 牛リブロース肉 生 畜肉類 脂身
11015,＜畜肉類＞　うし　［和牛肉］　サーロイン　脂身つき　生,beef sirloin steak wagyu wagyu sirloin うし サーロイン サーロインステーキ サーロイン肉 和牛サーロイン 和牛肉 牛サーロイン 牛サーロイン肉 生 畜肉類 脂身つき
11016,＜畜肉類＞　うし　［和牛肉］　サーロイン　皮下脂肪なし　生,beef sirloin steak wagyu wagyu sirloin うし サーロイン サーロインステーキ サーロイン肉 和牛サーロイン 和牛肉 牛サーロイン 牛サーロイン肉 生 畜肉類 皮下脂肪なし
11017,＜畜肉類＞　うし　［和牛肉］　サーロイン　赤肉　生,beef beef sirloin sirloin wagyu うし ぎゅうにく わぎゅう ウシ ギュウニク サーロイン サーロイン肉 ワギュウ 和牛 和牛肉 牛 牛サーロイン 牛肉 生 畜肉類 赤肉
11018,＜畜肉類＞　うし　［和牛肉］　ばら　脂身つき　生,beef beef belly belly plate short wagyu うし ぎゅうにく ばら ばら肉 バラ バラ肉 和牛 和牛肉 牛 牛ばら 牛ばら肉 牛肉 生 畜肉類 脂身つき
11019,＜畜肉類＞　うし　［和牛肉］　もも　脂身つき　生,beef beef round round steak wagyu うし ぎゅうにく もも もも肉 モモ モモ肉 和牛 和牛肉 牛 牛もも肉 牛肉 生 畜肉類 脂身つき
11020,＜畜肉類＞　うし　［和牛肉］　もも　皮下脂肪なし　生,beef beef round round wagyu うし ぎゅうにく もも もも肉 モモ モモ肉 和牛 和牛肉 牛 牛もも肉 牛肉 生 畜肉類 皮下脂肪なし
11251,＜畜肉類＞　うし　［和牛肉］　もも　皮下脂肪なし　ゆで,beef beef round round wagyu うし ぎゅうにく もも もも肉 ゆで モモ モモ肉 和牛 和牛肉 牛 牛もも肉 牛肉 畜肉類 皮下脂肪なし
11250,＜畜肉類＞　うし　［和牛肉］　もも　皮下脂肪なし　焼き,beef beef round round wagyu うし ぎゅうにく もも もも肉 モモ モモ肉 和牛 和牛肉 焼き 牛 牛もも肉 牛肉 畜肉類 皮下脂肪なし
11021,＜畜肉類＞　うし　［和牛肉］　もも　赤肉　生,beef beef round round wagyu うし ぎゅうにく もも もも肉 モモ モモ肉 和牛 和牛肉 牛 牛もも肉 牛肉 生 畜肉類 赤肉
11022,＜畜肉類＞　うし　［和牛肉］　もも　脂身　生,beef beef round round wagyu うし ぎゅうにく もも もも肉 モモ モモ肉 和牛 和牛肉 牛 牛もも肉 牛肉 生 畜肉類 脂身
11023,＜畜肉類＞　うし　［和牛肉］　そともも　脂身つき　生,beef beef outside outside outside round round wagyu うし ぎゅうにく そともも そともも肉 ソトモモ 和牛 和牛肉 外もも 外もも肉 牛 牛そともも肉 牛肉 生 畜肉類 脂身つき
11024,＜畜肉類＞　うし　［和牛肉］　そともも　皮下脂肪なし　生,beef beef outside outside outside round round wagyu うし ぎゅうにく そともも そともも肉 ソトモモ 和牛 和牛肉 外もも 外もも肉 牛 牛そともも肉 牛肉 生 畜肉類 皮下脂肪なし
11025,＜畜肉類＞　うし　［和牛肉］　そともも　赤肉　生,beef beef outside outside outside round round wagyu うし ぎゅうにく そともも そともも肉 ソトモモ 和牛 和牛肉 外もも 外もも肉 牛 牛そともも肉 牛肉 生 畜肉類 赤肉
11026,＜畜肉類＞　うし　［和牛肉］　ランプ　脂身つき　生,beef beef rump rump steak wagyu うし ぎゅうにく ランプ ランプ肉 和牛 和牛肉 牛 牛ランプ肉 牛肉 生 畜肉類 脂身つき
11027,＜畜肉類＞　うし　［和牛肉］　ランプ　皮下脂肪なし　生,beef beef rump rump steak wagyu うし ぎゅうにく ランプ ランプ肉 和牛 和牛肉 牛 牛ランプ肉 牛肉 生 畜肉類 皮下脂肪なし
11028,＜畜肉類＞　うし　［和牛肉］　ランプ　赤肉　生,beef beef rump rump steak wagyu うし ぎゅうにく ランプ ランプ肉 和牛 和牛肉 牛 牛ランプ肉 牛肉 生 畜肉類 赤肉
11029,＜畜肉類＞　うし　［和牛肉］　ヒレ　赤肉　生,beef beef tenderloin filet fillet tenderloin wagyu うし ぎゅうにく ひれ ヒレ ヒレ肉 フィレ フィレ肉 和牛 和牛肉 牛 牛ヒレ肉 牛肉 生 畜肉類 赤肉
11030,＜畜肉類＞　うし　［乳用肥育牛肉］　かた　脂身つき　生,beef beef shoulder chuck holstein shoulder うし かた かた肉 ぎゅうにく カタ ホルスタイン ホルスタイン牛 乳用牛 乳用肥育牛肉 牛 牛かた肉 牛肉 生 畜肉類 肩 肩肉 脂身つき
11309,＜畜肉類＞　うし　［乳用肥育牛肉］　かた　脂身つき　ゆで,beef beef shoulder chuck holstein shoulder うし かた かた肉 ぎゅうにく ゆで カタ ホルスタイン 乳用牛 乳用肥育牛肉 牛 牛かた肉 牛肉 畜肉類 肩 肩肉 脂身つき
11310,＜畜肉類＞　うし　［乳用肥育牛肉］　かた　脂身つき　焼き,beef beef shoulder chuck holstein shoulder うし かた かた肉 ぎゅうにく カタ ホルスタイン 乳用牛 乳用肥育牛肉 焼き 牛 牛かた肉 牛肉 畜肉類 肩 肩肉 脂身つき
11031,＜畜肉類＞　うし　［乳用肥育牛肉］　かた　皮下脂肪なし　生,beef beef shoulder chuck holstein shoulder うし かた かた肉 ぎゅうにく カタ ホルスタイン 乳用牛 乳用肥育牛肉 牛 牛かた肉 牛肉 生 畜肉類 皮下脂肪なし 肩 肩肉
11032,＜畜肉類＞　うし　［乳用肥育牛肉］　かた　赤肉　生,beef beef shoulder chuck holstein shoulder うし かた かた肉 ぎゅうにく カタ ホルスタイン 乳用牛 乳用肥育牛肉 牛 牛かた肉 牛肉 生 畜肉類 肩 肩肉 赤肉
11301,＜畜肉類＞　うし　［乳用肥育牛肉］　かた　赤肉　ゆで,beef beef shoulder chuck shoulder うし かた かたにく ぎゅうにく ゆで ウシ カタ カタニク ギュウニク 乳用肥育牛肉 牛 牛肉 牛肩肉 畜肉類 肩 肩肉 赤肉
11302,＜畜肉類＞　うし　［乳用肥育牛肉］　かた　赤肉　焼き,beef beef shoulder chuck shoulder うし かた かたにく ぎゅうにく ウシ カタ カタニク ギュウニク 乳用肥育牛肉 焼き 牛 牛肉 牛肩肉 畜肉類 肩 肩肉 赤肉
11033,＜畜肉類＞　うし　［乳用肥育牛肉］　かた　脂身　生,beef beef shoulder chuck shoulder うし かた かたにく ぎゅうにく ウシ カタ カタニク ギュウニク 乳用肥育牛肉 牛 牛肉 牛肩肉 生 畜肉類 肩 肩肉 脂身
11034,＜畜肉類＞　うし　［乳用肥育牛肉］　かたロース　脂身つき　生,beef beef chuck chuck chuck roll roast roll うし かたロース かたロース肉 ぎゅうにく ウシ ギュウニク 乳用肥育牛肉 牛 牛肉 牛肩ロース 生 畜肉類 肩ロース 肩ロース肉 脂身つき
11035,＜畜肉類＞　うし　［乳用肥育牛肉］　かたロース　皮下脂肪なし　生,beef beef chuck chuck chuck roll roast roll うし かたロース かたロース肉 ぎゅうにく ウシ ギュウニク 乳用肥育牛肉 牛 牛肉 牛肩ロース 生 畜肉類 皮下脂肪なし 肩ロース 肩ロース肉
11036,＜畜肉類＞　うし　［乳用肥育牛肉］　かたロース　赤肉　生,beef beef chuck chuck chuck roll roast roll うし かたロース かたロース肉 ぎゅうにく ウシ ギュウニク 乳用肥育牛肉 牛 牛肉 牛肩ロース 生 畜肉類 肩ロース 肩ロース肉 赤肉
11037,＜畜肉類＞　うし　［乳用肥育牛肉］　リブロース　脂身つき　生,beef beef ribeye rib ribeye roast steak うし ぎゅうにく りぶろーす ウシ ギュウニク リブロース リブロース肉 乳用肥育牛肉 牛 牛リブロース 牛肉 生 畜肉類 脂身つき
11039,＜畜肉類＞　うし　［乳用肥育牛肉］　リブロース　脂身つき　ゆで,beef beef ribeye rib ribeye roast steak うし ぎゅうにく ゆで りぶろーす ウシ ギュウニク リブロース リブロース肉 乳用肥育牛肉 牛 牛リブロース 牛肉 畜肉類 脂身つき
11038,＜畜肉類＞　うし　［乳用肥育牛肉］　リブロース　脂身つき　焼き,beef beef ribeye rib ribeye roast steak うし ぎゅうにく りぶろーす ウシ ギュウニク リブロース リブロース肉 乳用肥育牛肉 焼き 牛 牛リブロース 牛肉 畜肉類 脂身つき
11040,＜畜肉類＞　うし　［乳用肥育牛肉］　リブロース　皮下脂肪なし　生,beef beef ribeye rib ribeye roast steak うし ぎゅうにく りぶろーす ウシ ギュウニク リブロース リブロース肉 乳用肥育牛肉 牛 牛リブロース 牛肉 生 畜肉類 皮下脂肪なし
11041,＜畜肉類＞　うし　［乳用肥育牛肉］　リブロース　赤肉　生,beef beef ribeye rib ribeye roast steak うし ぎゅうにく りぶろーす ウシ ギュウニク リブロース リブロース肉 乳用肥育牛肉 牛 牛リブロース 牛肉 生 畜肉類 赤肉
11042,＜畜肉類＞　うし　［乳用肥育牛肉］　リブロース　脂身　生,beef beef ribeye rib ribeye roast steak うし ぎゅうにく りぶろーす ウシ ギュウニク リブロース リブロース肉 乳用肥育牛肉 牛 牛リブロース 牛肉 生 畜肉類 脂身
11043,＜畜肉類＞　うし　［乳用肥育牛肉］　サーロイン　脂身つき　生,beef beef sirloin sirloin うし ぎゅうにく ウシ ギュウニク サーロイン サーロイン肉 乳用肥育牛肉 牛 牛サーロイン 牛肉 生 畜肉類 脂身つき
11044,＜畜肉類＞　うし　［乳用肥育牛肉］　サーロイン　皮下脂肪なし　生,beef beef sirloin sirloin うし ぎゅうにく ウシ ギュウニク サーロイン サーロイン肉 乳用肥育牛肉 牛 牛サーロイン 牛肉 生 畜肉類 皮下脂肪なし
11045,＜畜肉類＞　うし　［乳用肥育牛肉］　サーロイン　赤肉　生,beef beef sirloin sirloin うし ぎゅうにく ウシ ギュウニク サーロイン サーロイン肉 乳用肥育牛肉 牛 牛サーロイン 牛肉 生 畜肉類 赤肉
11046,＜畜肉類＞　うし　［乳用肥育牛肉］　ばら　脂身つき　生,beef beef belly belly flank plate short うし ぎゅうにく ばら ばら肉 ウシ ギュウニク バラ バラ肉 乳用肥育牛肉 牛 牛バラ肉 牛肉 生 畜肉類 脂身つき
11252,＜畜肉類＞　うし　［乳用肥育牛肉］　ばら　脂身つき　焼き,beef beef belly belly flank plate short うし ぎゅうにく ばら ばら肉 ウシ ギュウニク バラ バラ肉 乳用肥育牛肉 焼き 牛 牛バラ肉 牛肉 畜肉類 脂身つき
11047,＜畜肉類＞　うし　［乳用肥育牛肉］　もも　脂身つき　生,beef beef round round rump うし ぎゅうにく もも ももにく もも肉 ウシ ギュウニク モモ モモ肉 乳用肥育牛肉 牛 牛もも肉 牛肉 生 畜肉類 脂身つき
11048,＜畜肉類＞　うし　［乳用肥育牛肉］　もも　皮下脂肪なし　生,beef beef round round rump うし ぎゅうにく もも ももにく もも肉 ウシ ギュウニク モモ モモ肉 乳用肥育牛肉 牛 牛もも肉 牛肉 生 畜肉類 皮下脂肪なし
11050,＜畜肉類＞　うし　［乳用肥育牛肉］　もも　皮下脂肪なし　ゆで,beef beef round round rump うし ぎゅうにく もも ももにく もも肉 ゆで ウシ ギュウニク モモ モモ肉 乳用肥育牛肉 牛 牛もも肉 牛肉 畜肉類 皮下脂肪なし
11049,＜畜肉類＞　うし　［乳用肥育牛肉］　もも　皮下脂肪なし　焼き,beef beef round round thigh うし ぎゅうにく もも ももにく もも肉 ウシ ギュウニク モモ モモニク モモ肉 乳用肥育牛肉 焼き 牛 牛もも肉 牛肉 畜肉類 皮下脂肪なし
11051,＜畜肉類＞　うし　［乳用肥育牛肉］　もも　赤肉　生,beef beef round round thigh うし ぎゅうにく もも ももにく もも肉 ウシ ギュウニク モモ モモニク モモ肉 乳用肥育牛肉 牛 牛もも肉 牛肉 生 畜肉類 赤肉
11052,＜畜肉類＞　うし　［乳用肥育牛肉］　もも　脂身　生,beef beef round round thigh うし ぎゅうにく もも ももにく もも肉 ウシ ギュウニク モモ モモニク モモ肉 乳用肥育牛肉 牛 牛もも肉 牛肉 生 畜肉類 脂身
11053,＜畜肉類＞　うし　［乳用肥育牛肉］　そともも　脂身つき　生,beef beef outside outside outside round round うし ぎゅうにく そともも そともも肉 ウシ ギュウニク ソトモモ ソトモモ肉 乳用肥育牛肉 外もも 牛 牛そともも肉 牛肉 生 畜肉類 脂身つき
11054,＜畜肉類＞　うし　［乳用肥育牛肉］　そともも　皮下脂肪なし　生,beef beef outside outside outside round round うし ぎゅうにく そともも そともも肉 ウシ ギュウニク ソトモモ ソトモモ肉 乳用肥育牛肉 外もも 牛 牛そともも肉 牛肉 生 畜肉類 皮下脂肪なし
11055,＜畜肉類＞　うし　［乳用肥育牛肉］　そともも　赤肉　生,beef beef outside outside outside round round うし ぎゅうにく そともも そともも肉 ウシ ギュウニク ソトモモ ソトモモ肉 乳用肥育牛肉 外もも 牛 牛そともも肉 牛肉 生 畜肉類 赤肉
11056,＜畜肉類＞　うし　［乳用肥育牛肉］　ランプ　脂身つき　生,beef beef rump roast rump steak うし ぎゅうにく らんぷ らんぷ肉 ウシ ギュウニク ランプ ランプ肉 乳用肥育牛肉 牛 牛ランプ肉 牛肉 生 畜肉類 脂身つき
11057,＜畜肉類＞　うし　［乳用肥育牛肉］　ランプ　皮下脂肪なし　生,beef beef rump roast rump steak うし ぎゅうにく らんぷ らんぷ肉 ウシ ギュウニク ランプ ランプ肉 乳用肥育牛肉 牛 牛ランプ肉 牛肉 生 畜肉類 皮下脂肪なし
11058,＜畜肉類＞　うし　［乳用肥育牛肉］　ランプ　赤肉　生,beef beef rump roast rump steak うし ぎゅうにく らんぷ らんぷ肉 ウシ ギュウニク ランプ ランプ肉 乳用肥育牛肉 牛 牛ランプ肉 牛肉 生 畜肉類 赤肉
11059,＜畜肉類＞　うし　［乳用肥育牛肉］　ヒレ　赤肉　生,beef beef tenderloin filet mignon steak tenderloin うし ぎゅうにく ひれ ひれ肉 ウシ ギュウニク ヒレ ヒレ肉 フィレ フィレ肉 乳用肥育牛肉 牛 牛ヒレ肉 牛肉 生 畜肉類 赤肉
11253,＜畜肉類＞　うし　［乳用肥育牛肉］　ヒレ　赤肉　焼き,beef beef tenderloin filet mignon steak tenderloin うし ぎゅうにく ひれ ひれ肉 ウシ ギュウニク ヒレ ヒレ肉 フィレ フィレ肉 乳用肥育牛肉 焼き 牛 牛ヒレ肉 牛肉 畜肉類 赤肉
11254,＜畜肉類＞　うし　［交雑牛肉］　リブロース　脂身つき　生,beef beef ribeye eye rib ribeye roast steak うし ぎゅうにく りぶろーす りぶろーす肉 ウシ ギュウニク リブアイ リブロース リブロース肉 交雑牛肉 牛 牛リブロース肉 牛肉 生 畜肉類 脂身つき
11256,＜畜肉類＞　うし　［交雑牛肉］　リブロース　脂身つき　ゆで,beef beef ribeye eye rib ribeye roast steak うし ぎゅうにく ゆで りぶろーす りぶろーす肉 ウシ ギュウニク リブアイ リブロース リブロース肉 交雑牛肉 牛 牛リブロース肉 牛肉 畜肉類 脂身つき
11255,＜畜肉類＞　うし　［交雑牛肉］　リブロース　脂身つき　焼き,beef beef ribeye eye rib ribeye roast steak うし ぎゅうにく りぶろーす りぶろーす肉 ウシ ギュウニク リブアイ リブロース リブロース肉 交雑牛肉 焼き 牛 牛リブロース肉 牛肉 畜肉類 脂身つき
11257,＜畜肉類＞　うし　［交雑牛肉］　リブロース　皮下脂肪なし　生,beef beef ribeye eye rib ribeye roast steak うし ぎゅうにく りぶろーす りぶろーす肉 ウシ ギュウニク リブアイ リブロース リブロース肉 交雑牛肉 牛 牛リブロース肉 牛肉 生 畜肉類 皮下脂肪なし
11258,＜畜肉類＞　うし　［交雑牛肉］　リブロース　赤肉　生,beef beef ribeye eye rib ribeye roast steak うし ぎゅうにく りぶろーす りぶろーす肉 ウシ ギュウニク リブアイ リブロース リブロース肉 交雑牛肉 牛 牛リブロース肉 牛肉 生 畜肉類 赤肉
11259,＜畜肉類＞　うし　［交雑牛肉］　リブロース　脂身　生,beef beef ribeye eye rib ribeye roast steak うし ぎゅうにく りぶろーす りぶろーす肉 ウシ ギュウニク リブアイ リブロース リブロース肉 交雑牛肉 牛 牛リブロース肉 牛肉 生 畜肉類 脂身
11260,＜畜肉類＞　うし　［交雑牛肉］　ばら　脂身つき　生,beef beef short belly brisket plate short short plate うし ぎゅうにく ばら ばら肉 ウシ ギュウニク バラ バラ肉 交雑牛肉 牛 牛ばら肉 牛肉 生 畜肉類 脂身つき 腹肉
11261,＜畜肉類＞　うし　［交雑牛肉］　もも　脂身つき　生,beef beef round round thigh うし ぎゅうにく もも ももにく もも肉 ウシ ギュウニク モモ モモニク モモ肉 交雑牛肉 牛 牛もも肉 牛肉 生 畜肉類 脂身つき
11262,＜畜肉類＞　うし　［交雑牛肉］　もも　皮下脂肪なし　生,beef beef round round thigh うし ぎゅうにく もも ももにく もも肉 ウシ ギュウニク モモ モモニク モモ肉 交雑牛肉 牛 牛もも肉 牛肉 生 畜肉類 皮下脂肪なし
11264,＜畜肉類＞　うし　［交雑牛肉］　もも　皮下脂肪なし　ゆで,beef beef round round うし ぎゅうにく もも ももにく もも肉 ゆで ウシ ギュウニク モモ モモにく モモ肉 交雑牛肉 牛 牛もも肉 牛肉 畜肉類 皮下脂肪なし
11263,＜畜肉類＞　うし　［交雑牛肉］　もも　皮下脂肪なし　焼き,beef beef round round うし ぎゅうにく もも ももにく もも肉 ウシ ギュウニク モモ モモにく モモ肉 交雑牛肉 焼き 牛 牛もも肉 牛肉 畜肉類 皮下脂肪なし
11265,＜畜肉類＞　うし　［交雑牛肉］　もも　赤肉　生,beef beef round round うし ぎゅうにく もも ももにく もも肉 ウシ ギュウニク モモ モモにく モモ肉 交雑牛肉 牛 牛もも肉 牛肉 生 畜肉類 赤肉
11266,＜畜肉類＞　うし　［交雑牛肉］　もも　脂身　生,beef beef round round うし ぎゅうにく もも ももにく もも肉 ウシ ギュウニク モモ モモにく モモ肉 交雑牛肉 牛 牛もも肉 牛肉 生 畜肉類 脂身
11267,＜畜肉類＞　うし　［交雑牛肉］　ヒレ　赤肉　生,beef beef tenderloin filet fillet tenderloin うし ぎゅうにく ひれ ひれにく ウシ ギュウニク ヒレ ヒレ肉 フィレ 交雑牛肉 牛 牛ヒレ肉 牛肉 生 畜肉類 赤肉
11060,＜畜肉類＞　うし　［輸入牛肉］　かた　脂身つき　生,beef beef shoulder chuck shoulder shoulder chuck うし かた かたにく かた肉 ぎゅうにく ウシ カタ肉 ギュウニク 牛 牛肉 牛肩肉 生 畜肉類 肩 肩肉 脂身つき 輸入牛肉
11061,＜畜肉類＞　うし　［輸入牛肉］　かた　皮下脂肪なし　生,beef beef shoulder chuck shoulder shoulder chuck うし かた かたにく かた肉 ぎゅうにく ウシ カタ肉 ギュウニク 牛 牛肉 牛肩肉 生 畜肉類 皮下脂肪なし 肩 肩肉 輸入牛肉
11062,＜畜肉類＞　うし　［輸入牛肉］　かた　赤肉　生,beef beef shoulder chuck shoulder shoulder chuck うし かた かたにく かた肉 ぎゅうにく ウシ カタ肉 ギュウニク 牛 牛肉 牛肩肉 生 畜肉類 肩 肩肉 赤肉 輸入牛肉
11063,＜畜肉類＞　うし　［輸入牛肉］　かた　脂身　生,beef beef shoulder chuck shoulder shoulder chuck うし かた かたにく かた肉 ぎゅうにく ウシ カタ肉 ギュウニク 牛 牛肉 牛肩肉 生 畜肉類 肩 肩肉 脂身 輸入牛肉
11064,＜畜肉類＞　うし　［輸入牛肉］　かたロース　脂身つき　生,beef beef chuck chuck chuck roll loin roll shoulder うし かたロース かたロース肉 ぎゅうにく ウシ カタロース ギュウニク 牛 牛肉 牛肩ロース 生 畜肉類 肩ロース 肩ロース肉 脂身つき 輸入牛肉
11065,＜畜肉類＞　うし　［輸入牛肉］　かたロース　皮下脂肪なし　生,beef beef chuck chuck chuck roll loin roll shoulder うし かたロース かたロース肉 ぎゅうにく ウシ カタロース ギュウニク 牛 牛肉 牛肩ロース 生 畜肉類 皮下脂肪なし 肩ロース 肩ロース肉 輸入牛肉
11066,＜畜肉類＞　うし　［輸入牛肉］　かたロース　赤肉　生,beef beef chuck chuck chuck roll loin roll shoulder うし かたロース かたロース肉 ぎゅうにく ウシ カタロース ギュウニク 牛 牛肉 牛肩ロース 生 畜肉類 肩ロース 肩ロース肉 赤肉 輸入牛肉
11067,＜畜肉類＞　うし　［輸入牛肉］　リブロース　脂身つき　生,beef beef ribeye rib ribeye roast steak うし ぎゅうにく ウシ ギュウニク リブロース リブロースステーキ リブロース切り身 リブロース肉 牛 牛リブロース 牛肉 生 畜肉類 脂身つき 輸入牛肉
11269,＜畜肉類＞　うし　［輸入牛肉］　リブロース　脂身つき　ゆで,beef beef ribeye rib ribeye roast steak うし ぎゅうにく ゆで ウシ ギュウニク リブロース リブロースステーキ リブロース切り身 リブロース肉 牛 牛リブロース 牛肉 畜肉類 脂身つき 輸入牛肉
11268,＜畜肉類＞　うし　［輸入牛肉］　リブロース　脂身つき　焼き,beef beef ribeye rib ribeye roast steak うし ぎゅうにく ウシ ギュウニク リブロース リブロースステーキ リブロース切り身 リブロース肉 焼き 牛 牛リブロース 牛肉 畜肉類 脂身つき 輸入牛肉
11068,＜畜肉類＞　うし　［輸入牛肉］　リブロース　皮下脂肪なし　生,beef beef ribeye rib ribeye roast steak うし ぎゅうにく ウシ ギュウニク リブロース リブロースステーキ リブロース切り身 リブロース肉 牛 牛リブロース 牛肉 生 畜肉類 皮下脂肪なし 輸入牛肉
11069,＜畜肉類＞　うし　［輸入牛肉］　リブロース　赤肉　生,beef beef ribeye rib ribeye roast steak うし ぎゅうにく ウシ ギュウニク リブロース リブロースステーキ リブロース切り身 リブロース肉 牛 牛リブロース 牛肉 生 畜肉類 赤肉 輸入牛肉
11070,＜畜肉類＞　うし　［輸入牛肉］　リブロース　脂身　生,beef beef ribeye rib ribeye roast steak うし ぎゅうにく ウシ ギュウニク リブロース リブロースステーキ リブロース切り身 リブロース肉 牛 牛リブロース 牛肉 生 畜肉類 脂身 輸入牛肉
11071,＜畜肉類＞　うし　［輸入牛肉］　サーロイン　脂身つき　生,beef beef sirloin sirloin steak うし ぎゅうにく ウシ ギュウニク サーロイン サーロインステーキ サーロイン肉 牛 牛サーロイン 牛肉 生 畜肉類 脂身つき 輸入牛肉
11072,＜畜肉類＞　うし　［輸入牛肉］　サーロイン　皮下脂肪なし　生,beef beef sirloin sirloin steak うし ぎゅうにく ウシ ギュウニク サーロイン サーロインステーキ サーロイン肉 牛 牛サーロイン 牛肉 生 畜肉類 皮下脂肪なし 輸入牛肉
11073,＜畜肉類＞　うし　［輸入牛肉］　サーロイン　赤肉　生,beef beef sirloin sirloin うし ウシ サーロイン サーロイン肉 牛サーロイン肉 牛肉 生 畜肉類 赤肉 輸入牛肉
11074,＜畜肉類＞　うし　［輸入牛肉］　ばら　脂身つき　生,beef beef brisket belly brisket うし ばら ばら肉 ウシ バラ バラ肉 牛ばら肉 牛肉 生 畜肉類 脂身つき 輸入牛肉
11075,＜畜肉類＞　うし　［輸入牛肉］　もも　脂身つき　生,beef beef round round うし もも もも肉 ウシ モモ モモ肉 牛もも肉 牛肉 生 畜肉類 脂身つき 輸入牛肉
11076,＜畜肉類＞　うし　［輸入牛肉］　もも　皮下脂肪なし　生,beef beef round round うし もも もも肉 ウシ モモ モモ肉 牛もも肉 牛肉 生 畜肉類 皮下脂肪なし 輸入牛肉
11271,＜畜肉類＞　うし　［輸入牛肉］　もも　皮下脂肪なし　ゆで,beef beef round round うし もも もも肉 ゆで ウシ モモ モモ肉 牛もも肉 牛肉 畜肉類 皮下脂肪なし 輸入牛肉
11270,＜畜肉類＞　うし　［輸入牛肉］　もも　皮下脂肪なし　焼き,beef beef round round うし もも もも肉 ウシ モモ モモ肉 焼き 牛もも肉 牛肉 畜肉類 皮下脂肪なし 輸入牛肉
11077,＜畜肉類＞　うし　［輸入牛肉］　もも　赤肉　生,beef beef round round うし もも もも肉 ウシ モモ モモ肉 牛もも肉 牛肉 生 畜肉類 赤肉 輸入牛肉
11078,＜畜肉類＞　うし　［輸入牛肉］　もも　脂身　生,beef beef round round うし もも もも肉 ウシ モモ モモ肉 牛もも肉 牛肉 生 畜肉類 脂身 輸入牛肉
11079,＜畜肉類＞　うし　［輸入牛肉］　そともも　脂身つき　生,beef beef outside outside outside round round うし そともも そともも肉 ウシ ソトモモ 外もも 外もも肉 牛そともも肉 牛肉 生 畜肉類 脂身つき 輸入牛肉
11080,＜畜肉類＞　うし　［輸入牛肉］　そともも　皮下脂肪なし　生,beef beef outside outside outside round round うし そともも そともも肉 ウシ ソトモモ 外もも 外もも肉 牛そともも肉 牛肉 生 畜肉類 皮下脂肪なし 輸入牛肉
11081,＜畜肉類＞　うし　［輸入牛肉］　そともも　赤肉　生,beef beef outside outside outside round round うし そともも そともも肉 ウシ ソトモモ 外もも 外もも肉 牛そともも肉 牛肉 生 畜肉類 赤肉 輸入牛肉
11082,＜畜肉類＞　うし　［輸入牛肉］　ランプ　脂身つき　生,beef beef rump rump うし らんぷ ウシ ランプ ランプ肉 牛ランプ肉 牛肉 生 畜肉類 脂身つき 輸入牛肉
11083,＜畜肉類＞　うし　［輸入牛肉］　ランプ　皮下脂肪なし　生,beef beef rump rump うし らんぷ ウシ ランプ ランプ肉 牛ランプ肉 牛肉 生 畜肉類 皮下脂肪なし 輸入牛肉
11084,＜畜肉類＞　うし　［輸入牛肉］　ランプ　赤肉　生,beef beef rump rump うし らんぷ ウシ ランプ ランプ肉 牛ランプ肉 牛肉 生 畜肉類 赤肉 輸入牛肉
11085,＜畜肉類＞　うし　［輸入牛肉］　ヒレ　赤肉　生,beef beef tenderloin filet tenderloin うし ひれ ウシ ヒレ ヒレ肉 フィレ フィレ肉 牛ヒレ肉 牛肉 生 畜肉類 赤肉 輸入牛肉
11086,＜畜肉類＞　うし　［子牛肉］　リブロース　皮下脂肪なし　生,beef rib rib roast roast veal veal rib うし ウシ リブロース リブロース肉 子牛 子牛リブロース肉 子牛肉 牛肉 生 畜肉類 皮下脂肪なし
11087,＜畜肉類＞　うし　［子牛肉］　ばら　皮下脂肪なし　生,beef brisket veal veal brisket うし ばら ばら肉 ウシ バラ バラ肉 子牛 子牛ばら肉 子牛肉 牛肉 生 畜肉類 皮下脂肪なし
11088,＜畜肉類＞　うし　［子牛肉］　もも　皮下脂肪なし　生,beef round veal veal round うし もも もも肉 ウシ モモ モモ肉 子牛 子牛もも肉 子牛肉 牛肉 生 畜肉類 皮下脂肪なし
11089,＜畜肉類＞　うし　［ひき肉］　生,beef ground ground beef minced うし ひき肉 ウシ ミンチ ミンチ肉 挽肉 牛ひき肉 牛肉 生 畜肉類
11272,＜畜肉類＞　うし　［ひき肉］　焼き,beef ground ground beef minced うし ひき肉 ウシ ミンチ ミンチ肉 挽肉 焼き 牛ひき肉 牛肉 畜肉類
11090,＜畜肉類＞　うし　［副生物］　舌　生,beef beef tongue tongue うし ぎゅうたん した ウシ ギュウタン タン 副生物 牛 牛タン 牛舌 生 畜肉類 舌
11273,＜畜肉類＞　うし　［副生物］　舌　焼き,beef beef tongue tongue うし ぎゅうたん した ウシ ギュウタン タン 副生物 焼き 牛 牛タン 牛舌 畜肉類 舌
11091,＜畜肉類＞　うし　［副生物］　心臓　生,beef beef heart heart うし しんぞう はつ ウシ シンゾウ ハツ 副生物 心臓 牛 牛ハツ 生 畜肉類
11092,＜畜肉類＞　うし　［副生物］　肝臓　生,beef beef liver liver うし かんぞう ればー ウシ カンゾウ レバー 副生物 牛 牛レバー 生 畜肉類 肝臓
11093,＜畜肉類＞　うし　［副生物］　じん臓　生,beef beef kidney kidney うし じんぞう じん臓 ウシ ジンゾウ 副生物 牛 牛腎臓 生 畜肉類 腎臓
11094,＜畜肉類＞　うし　［副生物］　第一胃　ゆで,beef beef tripe tripe うし みの ゆで ウシ ミノ 副生物 牛 牛ミノ 畜肉類 第一胃 胃
11095,＜畜肉類＞　うし　［副生物］　第二胃　ゆで,beef beef tripe honeycomb tripe うし はちのす ゆで ウシ ハチノス 副生物 牛 牛ハチノス 畜肉類 第二胃 胃
11096,＜畜肉類＞　うし　［副生物］　第三胃　生,beef beef tripe omasum tripe うし せんまい ウシ センマイ 副生物 牛 牛センマイ 生 畜肉類 第三胃 胃
11097,＜畜肉類＞　うし　［副生物］　第四胃　ゆで,abomasum beef beef tripe tripe うし ぎあら ゆで ウシ ギアラ 副生物 牛 牛ギアラ 畜肉類 第四胃 胃
11098,＜畜肉類＞　うし　［副生物］　小腸　生,beef beef small intestine small small intestine うし しょうちょう ウシ ショウチョウ ホルモン 副生物 小腸 牛 牛小腸 生 畜肉類 腸
11099,＜畜肉類＞　うし　［副生物］　大腸　生,beef beef large intestine large large intestine うし だいちょう ウシ シマチョウ ダイチョウ 副生物 大腸 牛 牛大腸 生 畜肉類 腸
11100,＜畜肉類＞　うし　［副生物］　直腸　生,beef beef rectum rectum うし ちょくちょう ウシ チョクチョウ 副生物 牛 牛直腸 生 畜肉類 直腸
11101,＜畜肉類＞　うし　［副生物］　腱　ゆで,beef beef tendon tendon うし けん すじ ゆで ウシ ケン スジ 副生物 牛 牛すじ 牛筋 畜肉類 腱
11102,＜畜肉類＞　うし　［副生物］　子宮　ゆで,beef beef uterus uterus うし しきゅう ゆで ウシ シキュウ 副生物 子宮 牛 牛子宮 畜肉類
11103,＜畜肉類＞　うし　［副生物］　尾　生,beef oxtail うし お てーる ウシ オックステール テール 副生物 尾 牛 牛テール 生 畜肉類
11274,＜畜肉類＞　うし　［副生物］　横隔膜　生,beef beef skirt diaphragm harami skirt skirt harami steak うし おうかくまく はらみ ウシ オウカクマク ハラミ 副生物 横隔膜 牛 生 畜肉類
11296,＜畜肉類＞　うし　［副生物］　横隔膜　ゆで,beef beef skirt diaphragm harami skirt skirt harami steak うし おうかくまく はらみ ゆで ウシ オウカクマク ハラミ 副生物 横隔膜 牛 畜肉類
11297,＜畜肉類＞　うし　［副生物］　横隔膜　焼き,beef beef skirt diaphragm harami skirt skirt harami steak うし おうかくまく はらみ ウシ オウカクマク ハラミ 副生物 横隔膜 焼き 牛 畜肉類
11104,＜畜肉類＞　うし　［加工品］　ローストビーフ,beef roast roast beef うし ろーすとびーふ ウシ ローストビーフ 加工品 牛 畜肉類
11108,＜畜肉類＞　うし　［加工品］　スモークタン,beef beef tongue smoked smoked beef tongue うし ぎゅうたん すもーくたん ウシ ギュウタン スモークタン 加工品 牛 牛タン 畜肉類
11109,＜畜肉類＞　うま　肉　赤肉　生,horse horse meat meat うま うまにく ウマ ウマニク 生 畜肉類 肉 赤肉 馬 馬肉
11110,＜畜肉類＞　くじら　肉　赤肉　生,meat whale whale meat くじら くじらにく クジラ 生 畜肉類 肉 赤肉 鯨 鯨肉
11111,＜畜肉類＞　くじら　うねす　生,meat whale whale meat うねす くじら くじらにく ウネス クジラ 生 畜肉類 鯨 鯨肉
11112,＜畜肉類＞　くじら　本皮　生,meat whale whale meat くじら くじらにく ほんかわ クジラ ホンカワ 本皮 生 畜肉類 鯨 鯨肉
11113,＜畜肉類＞　くじら　さらしくじら,kujira meat sarashi sarashi kujira whale くじら くじらにく さらしくじら クジラ サラシクジラ 畜肉類 鯨 鯨肉
11114,＜畜肉類＞　しか　あかしか　赤肉　生,deer venison あかしか しか しかにく アカシカ シカ シカニク 生 畜肉類 赤肉 赤鹿 鹿 鹿肉
11275,＜畜肉類＞　しか　にほんじか　赤肉　生,deer venison しか にほんじか シカ ニホンジカ 日本鹿 生 畜肉類 赤肉 鹿 鹿肉
11294,＜畜肉類＞　しか　にほんじか　えぞしか　赤肉　生,deer venison えぞしか しか にほんじか エゾシカ シカ ニホンジカ 日本鹿 生 畜肉類 蝦夷鹿 赤肉 鹿 鹿肉
11295,＜畜肉類＞　しか　にほんじか　きゅうしゅうじか　赤肉　生,deer venison きゅうしゅうじか しか にほんじか キュウシュウジカ シカ ニホンジカ 九州鹿 生 畜肉類 赤肉 鹿 鹿肉
11311,＜畜肉類＞　しか　にほんじか　ほんしゅうじか　赤肉　生,deer venison しか にほんじか ほんしゅうじか シカ ニホンジカ ホンシュウジカ 本州鹿 生 畜肉類 赤肉 鹿 鹿肉
11115,＜畜肉類＞　ぶた　［大型種肉］　かた　脂身つき　生,pork pork shoulder shoulder かた かたにく ぶた ぶたにく ブタ ブタニク 大型種肉 生 畜肉類 肩 肩肉 脂身つき 豚 豚肉 豚肩肉
11116,＜畜肉類＞　ぶた　［大型種肉］　かた　皮下脂肪なし　生,pork pork shoulder shoulder かた かたにく ぶた ぶたにく ブタ ブタニク 大型種肉 生 畜肉類 皮下脂肪なし 肩 肩肉 豚 豚肉 豚肩肉
11117,＜畜肉類＞　ぶた　［大型種肉］　かた　赤肉　生,pork pork shoulder shoulder かた かたにく ぶた ぶたにく ブタ ブタニク 大型種肉 生 畜肉類 肩 肩肉 豚 豚肉 豚肩肉 赤肉
11119,＜畜肉類＞　ぶた　［大型種肉］　かたロース　脂身つき　生,loin pork pork shoulder shoulder shoulder loin かたロース ぶた カタロース ブタ ロース ロース肉 大型種肉 生 畜肉類 肩ロース 脂身つき 豚 豚肉 豚肩ロース
11120,＜畜肉類＞　ぶた　［大型種肉］　かたロース　皮下脂肪なし　生,loin pork pork shoulder shoulder shoulder loin かたロース ぶた カタロース ブタ ロース ロース肉 大型種肉 生 畜肉類 皮下脂肪なし 肩ロース 豚 豚肉 豚肩ロース
11121,＜畜肉類＞　ぶた　［大型種肉］　かたロース　赤肉　生,loin pork pork shoulder shoulder shoulder loin かたロース ぶた カタロース ブタ ロース ロース肉 大型種肉 生 畜肉類 肩ロース 豚 豚肉 豚肩ロース 赤肉
11122,＜畜肉類＞　ぶた　［大型種肉］　かたロース　脂身　生,loin pork pork shoulder shoulder shoulder loin かたロース ぶた カタロース ブタ ロース ロース肉 大型種肉 生 畜肉類 肩ロース 脂身 豚 豚肉 豚肩ロース
11123,＜畜肉類＞　ぶた　［大型種肉］　ロース　脂身つき　生,loin pork pork loin ぶた ブタ ロース ロース肉 大型種肉 生 畜肉類 脂身つき 豚 豚ロース 豚肉
11125,＜畜肉類＞　ぶた　［大型種肉］　ロース　脂身つき　ゆで,loin pork pork loin ぶた ゆで ブタ ロース ロース肉 大型種肉 畜肉類 脂身つき 豚 豚ロース 豚肉
11124,＜畜肉類＞　ぶた　［大型種肉］　ロース　脂身つき　焼き,loin pork pork loin ぶた ブタ ロース ロース肉 大型種肉 焼き 畜肉類 脂身つき 豚 豚ロース 豚肉
11126,＜畜肉類＞　ぶた　［大型種肉］　ロース　皮下脂肪なし　生,loin pork pork loin ぶた ぶたにく ろーす ブタ ロース ロース肉 大型種肉 生 畜肉類 皮下脂肪なし 豚ロース 豚ロース肉 豚肉
11127,＜畜肉類＞　ぶた　［大型種肉］　ロース　赤肉　生,loin pork pork loin ぶた ぶたにく ろーす ブタ ロース ロース肉 大型種肉 生 畜肉類 豚ロース 豚ロース肉 豚肉 赤肉
11128,＜畜肉類＞　ぶた　［大型種肉］　ロース　脂身　生,loin pork pork loin ぶた ぶたにく ろーす ブタ ロース ロース肉 大型種肉 生 畜肉類 脂身 豚ロース 豚ロース肉 豚肉
11129,＜畜肉類＞　ぶた　［大型種肉］　ばら　脂身つき　生,belly pork pork belly ばら ばら肉 ぶた ぶたにく バラ バラ肉 ブタ 大型種肉 生 畜肉類 脂身つき 豚ばら 豚ばら肉 豚バラ 豚バラ肉 豚肉
11277,＜畜肉類＞　ぶた　［大型種肉］　ばら　脂身つき　焼き,belly pork pork belly ばら ばら肉 ぶた ぶたにく バラ バラ肉 ブタ 大型種肉 焼き 畜肉類 脂身つき 豚ばら 豚ばら肉 豚バラ 豚バラ肉 豚肉
11130,＜畜肉類＞　ぶた　［大型種肉］　もも　脂身つき　生,ham leg pork pork thigh thigh ぶた ぶたにく もも もも肉 ブタ モモ モモ肉 大型種肉 生 畜肉類 脂身つき 腿 豚もも 豚もも肉 豚肉
11131,＜畜肉類＞　ぶた　［大型種肉］　もも　皮下脂肪なし　生,ham leg pork pork thigh thigh ぶた ぶたにく もも もも肉 ブタ モモ モモ肉 大型種肉 生 畜肉類 皮下脂肪なし 腿 豚もも 豚もも肉 豚肉
11133,＜畜肉類＞　ぶた　［大型種肉］　もも　皮下脂肪なし　ゆで,ham leg pork pork thigh thigh ぶた ぶたにく もも もも肉 ゆで ブタ モモ モモ肉 大型種肉 畜肉類 皮下脂肪なし 腿 豚もも 豚もも肉 豚肉
11132,＜畜肉類＞　ぶた　［大型種肉］　もも　皮下脂肪なし　焼き,ham leg pork pork thigh thigh ぶた ぶたにく もも もも肉 ブタ モモ モモ肉 大型種肉 焼き 畜肉類 皮下脂肪なし 腿 豚もも 豚もも肉 豚肉
11134,＜畜肉類＞　ぶた　［大型種肉］　もも　赤肉　生,ham leg pork pork thigh thigh ぶた ぶたにく もも もも肉 ブタ モモ モモ肉 大型種肉 生 畜肉類 腿 豚もも 豚もも肉 豚肉 赤肉
11135,＜畜肉類＞　ぶた　［大型種肉］　もも　脂身　生,ham leg pork pork thigh thigh ぶた ぶたにく もも もも肉 ブタ モモ モモ肉 大型種肉 生 畜肉類 脂身 腿 豚もも 豚もも肉 豚肉
11136,＜畜肉類＞　ぶた　［大型種肉］　そともも　脂身つき　生,outside outside round pork pork outside round そともも そともも肉 ぶた ぶたにく ソトモモ ブタ 外もも 外もも肉 外モモ 大型種肉 生 畜肉類 脂身つき 豚そともも 豚外もも 豚外もも肉 豚肉
11137,＜畜肉類＞　ぶた　［大型種肉］　そともも　皮下脂肪なし　生,outside outside round pork pork outside round そともも そともも肉 ぶた ぶたにく ソトモモ ブタ 外もも 外もも肉 外モモ 大型種肉 生 畜肉類 皮下脂肪なし 豚そともも 豚外もも 豚外もも肉 豚肉
11138,＜畜肉類＞　ぶた　［大型種肉］　そともも　赤肉　生,outside outside round pork pork outside round そともも そともも肉 ぶた ぶたにく ソトモモ ブタ 外もも 外もも肉 外モモ 大型種肉 生 畜肉類 豚そともも 豚外もも 豚外もも肉 豚肉 赤肉
11139,＜畜肉類＞　ぶた　［大型種肉］　そともも　脂身　生,outside outside round pork pork outside round そともも そともも肉 ぶた ぶたにく ソトモモ ブタ 外もも 外もも肉 外モモ 大型種肉 生 畜肉類 脂身 豚そともも 豚外もも 豚外もも肉 豚肉
11140,＜畜肉類＞　ぶた　［大型種肉］　ヒレ　赤肉　生,fillet pork pork tenderloin tenderloin ひれ ぶた ぶたにく ヒレ ヒレ肉 ブタ 大型種肉 生 畜肉類 豚ヒレ 豚ヒレ肉 豚肉 赤肉
11278,＜畜肉類＞　ぶた　［大型種肉］　ヒレ　赤肉　焼き,fillet pork pork tenderloin tenderloin ひれ ぶた ぶたにく ヒレ ヒレ肉 ブタ 大型種肉 焼き 畜肉類 豚ヒレ 豚ヒレ肉 豚肉 赤肉
11141,＜畜肉類＞　ぶた　［中型種肉］　かた　脂身つき　生,pork pork shoulder shoulder かた かた肉 ぶた ぶたにく カタ ブタ 中型種肉 生 畜肉類 肩 肩肉 脂身つき 豚かた 豚肉 豚肩 豚肩肉
11142,＜畜肉類＞　ぶた　［中型種肉］　かた　皮下脂肪なし　生,pork pork shoulder shoulder かた かた肉 ぶた ぶたにく カタ ブタ 中型種肉 生 畜肉類 皮下脂肪なし 肩 肩肉 豚かた 豚肉 豚肩 豚肩肉
11143,＜畜肉類＞　ぶた　［中型種肉］　かた　赤肉　生,pork pork shoulder shoulder かた かた肉 ぶた ぶたにく カタ ブタ 中型種肉 生 畜肉類 肩 肩肉 豚かた 豚肉 豚肩 豚肩肉 赤肉
11144,＜畜肉類＞　ぶた　［中型種肉］　かた　脂身　生,pork pork shoulder shoulder かた かたにく ぶた ぶたにく カタ ブタ ブタニク 中型種肉 生 畜肉類 肩 肩肉 脂身 豚 豚肉 豚肩肉
11145,＜畜肉類＞　ぶた　［中型種肉］　かたロース　脂身つき　生,loin pork pork shoulder shoulder shoulder loin かたろーす かたロース ぶた ぶたにく カタロース ブタ 中型種肉 生 畜肉類 肩ロース 肩ロース肉 脂身つき 豚 豚肉 豚肩ロース
11146,＜畜肉類＞　ぶた　［中型種肉］　かたロース　皮下脂肪なし　生,loin pork pork shoulder shoulder shoulder loin かたろーす かたロース ぶた ぶたにく カタロース ブタ 中型種肉 生 畜肉類 皮下脂肪なし 肩ロース 肩ロース肉 豚 豚肉 豚肩ロース
11147,＜畜肉類＞　ぶた　［中型種肉］　かたロース　赤肉　生,loin pork pork shoulder shoulder shoulder loin かたろーす かたロース ぶた ぶたにく カタロース ブタ 中型種肉 生 畜肉類 肩ロース 肩ロース肉 豚 豚肉 豚肩ロース 赤肉
11148,＜畜肉類＞　ぶた　［中型種肉］　かたロース　脂身　生,loin pork pork shoulder shoulder shoulder loin かたろーす かたロース ぶた ぶたにく カタロース ブタ 中型種肉 生 畜肉類 肩ロース 肩ロース肉 脂身 豚 豚肉 豚肩ロース
11149,＜畜肉類＞　ぶた　［中型種肉］　ロース　脂身つき　生,loin pork pork loin ぶた ぶたにく ろーす ろーすにく ブタ ポークロイン ロース ロース肉 中型種肉 生 畜肉類 脂身つき 豚 豚ロース 豚肉
11150,＜畜肉類＞　ぶた　［中型種肉］　ロース　皮下脂肪なし　生,loin pork pork loin ぶた ぶたにく ろーす ろーすにく ブタ ポークロイン ロース ロース肉 中型種肉 生 畜肉類 皮下脂肪なし 豚 豚ロース 豚肉
11151,＜畜肉類＞　ぶた　［中型種肉］　ロース　赤肉　生,loin pork pork loin ぶた ぶたにく ろーす ろーすにく ブタ ポークロイン ロース ロース肉 中型種肉 生 畜肉類 豚 豚ロース 豚肉 赤肉
11152,＜畜肉類＞　ぶた　［中型種肉］　ロース　脂身　生,loin pork pork loin ぶた ぶたにく ろーす ろーすにく ブタ ポークロイン ロース ロース肉 中型種肉 生 畜肉類 脂身 豚 豚ロース 豚肉
11153,＜畜肉類＞　ぶた　［中型種肉］　ばら　脂身つき　生,belly meat pork pork belly ばら ばらにく ぶた ぶたにく バラ バラ肉 ブタ 中型種肉 生 畜肉類 脂身つき 腹肉 豚 豚バラ 豚バラ肉 豚肉
11154,＜畜肉類＞　ぶた　［中型種肉］　もも　脂身つき　生,leg pork pork leg thigh ぶた ぶたにく もも ももにく もも肉 ブタ モモ 中型種肉 生 畜肉類 脂身つき 腿肉 豚 豚もも 豚もも肉 豚肉
11155,＜畜肉類＞　ぶた　［中型種肉］　もも　皮下脂肪なし　生,leg pork pork leg thigh ぶた ぶたにく もも ももにく もも肉 ブタ モモ 中型種肉 生 畜肉類 皮下脂肪なし 腿肉 豚 豚もも 豚もも肉 豚肉
11156,＜畜肉類＞　ぶた　［中型種肉］　もも　赤肉　生,leg pork pork leg thigh ぶた ぶたにく もも ももにく もも肉 ブタ モモ 中型種肉 生 畜肉類 腿肉 豚 豚もも 豚もも肉 豚肉 赤肉
11157,＜畜肉類＞　ぶた　［中型種肉］　もも　脂身　生,leg pork pork leg thigh ぶた ぶたにく もも ももにく もも肉 ブタ モモ 中型種肉 生 畜肉類 脂身 腿肉 豚 豚もも 豚もも肉 豚肉
11158,＜畜肉類＞　ぶた　［中型種肉］　そともも　脂身つき　生,outer outer thigh pork pork outer round thigh そともも ぶた ぶたにく ソトモモ ブタ 中型種肉 外もも 外もも肉 外腿 外腿肉 生 畜肉類 脂身つき 豚 豚外もも肉 豚肉
11159,＜畜肉類＞　ぶた　［中型種肉］　そともも　皮下脂肪なし　生,outer outer thigh pork pork outer round thigh そともも ぶた ぶたにく ソトモモ ブタ 中型種肉 外もも 外もも肉 外腿 外腿肉 生 畜肉類 皮下脂肪なし 豚 豚外もも肉 豚肉
11160,＜畜肉類＞　ぶた　［中型種肉］　そともも　赤肉　生,outer outer thigh pork pork outer round thigh そともも ぶた ぶたにく ソトモモ ブタ 中型種肉 外もも 外もも肉 外腿 外腿肉 生 畜肉類 豚 豚外もも肉 豚肉 赤肉
11161,＜畜肉類＞　ぶた　［中型種肉］　そともも　脂身　生,outer outer thigh pork pork outer round thigh そともも ぶた ぶたにく ソトモモ ブタ 中型種肉 外もも 外もも肉 外腿 外腿肉 生 畜肉類 脂身 豚 豚外もも肉 豚肉
11162,＜畜肉類＞　ぶた　［中型種肉］　ヒレ　赤肉　生,fillet pork pork tenderloin tenderloin ひれ ひれにく ぶた ぶたにく ヒレ ヒレ肉 フィレ ブタ 中型種肉 生 畜肉類 豚 豚ヒレ 豚ヒレ肉 豚肉 赤肉
11163,＜畜肉類＞　ぶた　［ひき肉］　生,ground ground pork minced pork ひきにく ひき肉 ぶた ぶたにく ヒキニク ブタ 挽き肉 挽肉 生 畜肉類 豚 豚ひき肉 豚挽肉 豚肉
11280,＜畜肉類＞　ぶた　［ひき肉］　焼き,ground ground pork minced pork ひき肉 ぶた ブタ ミンチ 挽肉 焼き 畜肉類 豚 豚ひき肉
11312,＜畜肉類＞　ぶた　［副生物］　頭部　ジョウルミート　生,jowl pork pork jowl ぶた ほほ肉 ジョウルミート ブタ 副生物 生 畜肉類 豚 豚ほほ肉 頬肉 頭 頭部
11313,＜畜肉類＞　ぶた　［副生物］　頭部　ジョウルミート　焼き,jowl pork pork jowl ぶた ほほ肉 ジョウルミート ブタ 副生物 焼き 畜肉類 豚 豚ほほ肉 頬肉 頭 頭部
11164,＜畜肉類＞　ぶた　［副生物］　舌　生,pork pork tongue tongue した ぶた タン ブタ 副生物 生 畜肉類 舌 豚 豚タン 豚舌
11165,＜畜肉類＞　ぶた　［副生物］　心臓　生,heart pork pork heart しんぞう ぶた ハツ ブタ 副生物 心臓 生 畜肉類 豚 豚ハツ
11166,＜畜肉類＞　ぶた　［副生物］　肝臓　生,liver pork pork liver ぶた ブタ レバー 副生物 生 畜肉類 肝 肝臓 豚 豚レバー
11167,＜畜肉類＞　ぶた　［副生物］　じん臓　生,kidney pork pork kidney じんぞう じん臓 ぶた キドニー ブタ 副生物 生 畜肉類 腎臓 豚 豚腎臓
11168,＜畜肉類＞　ぶた　［副生物］　胃　ゆで,pork pork stomach stomach ぶた ゆで ガツ ブタ 副生物 畜肉類 胃 胃袋 豚 豚胃
11169,＜畜肉類＞　ぶた　［副生物］　小腸　ゆで,intestine pork pork small small small intestine こちょう ぶた ゆで ブタ ホルモン 副生物 小腸 畜肉類 豚 豚小腸
11170,＜畜肉類＞　ぶた　［副生物］　大腸　ゆで,intestine large large intestine pork pork large だいちょう ぶた ゆで ブタ ホルモン 副生物 大腸 畜肉類 豚 豚大腸
11171,＜畜肉類＞　ぶた　［副生物］　子宮　生,pork pork uterus uterus しきゅう ぶた ブタ 副生物 子宮 生 畜肉類 豚 豚子宮
11172,＜畜肉類＞　ぶた　［副生物］　豚足　ゆで,foot pig pork pork trotter trotter とんそく ぶた ゆで トンソク ブタ 副生物 畜肉類 豚 豚足
11173,＜畜肉類＞　ぶた　［副生物］　軟骨　ゆで,cartilage pork pork cartilage なんこつ ぶた ゆで ブタ 副生物 畜肉類 豚 豚軟骨 軟骨
11197,＜畜肉類＞　ぶた　［その他］　スモークレバー,liver pork smoked smoked liver その他 ぶた スモークレバー ブタ レバー 畜肉類 豚
11198,＜畜肉類＞　ぶた　［その他］　ゼラチン,gelatin pork その他 ぶた コラーゲン ゼラチン ブタ 畜肉類 豚 豚ゼラチン
11199,＜畜肉類＞　めんよう　［マトン］　ロース　脂身つき　生,loin mutton mutton loin sheep めんよう マトン マトンロース マトン肉 メンヨウ ロース ロース肉 生 畜肉類 羊肉 脂身つき
11281,＜畜肉類＞　めんよう　［マトン］　ロース　脂身つき　焼き,loin mutton mutton loin sheep めんよう マトン マトンロース マトン肉 メンヨウ ロース ロース肉 焼き 畜肉類 羊肉 脂身つき
11245,＜畜肉類＞　めんよう　［マトン］　ロース　皮下脂肪なし　生,loin mutton mutton loin sheep めんよう マトン マトンロース マトン肉 メンヨウ ロース ロース肉 生 畜肉類 皮下脂肪なし 羊肉
11200,＜畜肉類＞　めんよう　［マトン］　もも　脂身つき　生,leg mutton mutton leg sheep thigh めんよう もも もも肉 マトン マトンもも肉 マトン肉 メンヨウ 生 畜肉類 羊肉 脂身つき
11201,＜畜肉類＞　めんよう　［ラム］　かた　脂身つき　生,lamb lamb shoulder sheep shoulder かた めんよう メンヨウ ラム ラム肉 ラム肩肉 生 畜肉類 羊肉 肩 脂身つき
11202,＜畜肉類＞　めんよう　［ラム］　ロース　脂身つき　生,lamb lamb loin loin mutton sheep ひつじ めんよう ヒツジ メンヨウ ラム ラムロース ラムロース肉 ラム肉 ロース 生 畜肉類 羊 羊肉 脂身つき
11282,＜畜肉類＞　めんよう　［ラム］　ロース　脂身つき　焼き,lamb lamb loin loin mutton sheep ひつじ めんよう ヒツジ メンヨウ ラム ラムロース ラムロース肉 ラム肉 ロース 焼き 畜肉類 羊 羊肉 脂身つき
11246,＜畜肉類＞　めんよう　［ラム］　ロース　皮下脂肪なし　生,lamb lamb loin loin mutton sheep ひつじ めんよう ヒツジ メンヨウ ラム ラムロース ラムロース肉 ラム肉 ロース 生 畜肉類 皮下脂肪なし 羊 羊肉
11203,＜畜肉類＞　めんよう　［ラム］　もも　脂身つき　生,lamb lamb leg leg thigh ひつじ めんよう もも もも肉 ヒツジ メンヨウ ラム ラムもも ラムもも肉 ラム肉 生 畜肉類 羊 羊肉 脂身つき
11283,＜畜肉類＞　めんよう　［ラム］　もも　脂身つき　焼き,lamb lamb leg leg thigh ひつじ めんよう もも もも肉 ヒツジ メンヨウ ラム ラムもも ラムもも肉 ラム肉 焼き 畜肉類 羊 羊肉 脂身つき
11204,＜畜肉類＞　やぎ　肉　赤肉　生,goat goat meat meat やぎ やぎ肉 ヤギ ヤギ肉 山羊 山羊肉 生 畜肉類 肉 赤肉
11207,＜鳥肉類＞　うずら　肉　皮つき　生,meat quail うずら うずら肉 ウズラ ウズラ肉 生 皮つき 肉 鳥肉類 鶉
11208,＜鳥肉類＞　かも　まがも　肉　皮なし　生,duck meat かも まがも まがも肉 カモ マガモ 生 皮なし 真鴨 肉 鳥肉類 鴨 鴨肉
11205,＜鳥肉類＞　かも　あいがも　肉　皮つき　生,duck meat あいがも かも アイガモ カモ 合鴨 合鴨肉 生 皮つき 肉 鳥肉類 鴨 鴨肉
11206,＜鳥肉類＞　かも　あひる　肉　皮つき　生,duck meat あひる かも アヒル カモ 家鴨 家鴨肉 生 皮つき 肉 鳥肉類 鴨 鴨肉
11247,＜鳥肉類＞　かも　あひる　肉　皮なし　生,duck meat あひる かも アヒル カモ 家鴨 家鴨肉 生 皮なし 肉 鳥肉類 鴨 鴨肉
11284,＜鳥肉類＞　かも　あひる　皮　生,duck duck skin skin あひる あひる皮 かも かわ アヒル カモ カワ 家鴨 生 皮 鳥肉類 鴨 鴨皮
11209,＜鳥肉類＞　きじ　肉　皮なし　生,meat pheasant きじ きじ肉 キジ キジ肉 生 皮なし 肉 雉 雉肉 鳥肉類
11210,＜鳥肉類＞　しちめんちょう　肉　皮なし　生,turkey しちめんちょう シチメンチョウ ターキー ターキー肉 七面鳥 七面鳥肉 生 皮なし 肉 鳥肉類
11211,＜鳥肉類＞　すずめ　肉　骨・皮つき　生,meat sparrow すずめ すずめ肉 スズメ スズメ肉 生 皮つき 肉 雀 骨 鳥肉類
11212,＜鳥肉類＞　にわとり　［親・主品目］　手羽　皮つき　生,chicken chicken wing wing にわとり チキン ニワトリ 主品目 手羽 手羽元 手羽先 生 皮つき 親 鳥肉類 鶏 鶏手羽 鶏肉
11213,＜鳥肉類＞　にわとり　［親・主品目］　むね　皮つき　生,breast chicken chicken breast にわとり むね むね肉 ニワトリ 主品目 生 皮つき 胸 胸肉 親 鳥肉類 鶏 鶏むね 鶏むね肉 鶏肉
11214,＜鳥肉類＞　にわとり　［親・主品目］　むね　皮なし　生,breast chicken chicken breast にわとり むね むね肉 ニワトリ 主品目 生 皮なし 胸 胸肉 親 鳥肉類 鶏 鶏むね 鶏むね肉 鶏肉
11215,＜鳥肉類＞　にわとり　［親・主品目］　もも　皮つき　生,chicken chicken thigh thigh にわとり もも もも肉 ニワトリ モモ モモ肉 主品目 生 皮つき 親 鳥肉類 鶏 鶏もも 鶏もも肉 鶏肉
11216,＜鳥肉類＞　にわとり　［親・主品目］　もも　皮なし　生,chicken chicken thigh thigh にわとり もも もも肉 ニワトリ モモ モモ肉 主品目 生 皮なし 親 鳥肉類 鶏 鶏もも 鶏もも肉 鶏肉
11217,＜鳥肉類＞　にわとり　［親・副品目］　ささみ　生,chicken chicken tenderloin tender tenderloin ささみ とりささみ とりにく にわとり ササミ チキン ニワトリ 副品目 生 笹身 親 鳥肉類 鶏ささみ 鶏ササミ 鶏肉
11218,＜鳥肉類＞　にわとり　［若どり・主品目］　手羽　皮つき　生,chicken chicken wing wing てば にわとり チキン テバ 主品目 手羽 手羽肉 生 皮つき 若どり 鳥肉類 鶏てば 鶏手羽 鶏肉
11285,＜鳥肉類＞　にわとり　［若どり・主品目］　手羽さき　皮つき　生,chicken chicken wing tip wing wing tip てばさき にわとり チキン テバサキ 主品目 手羽さき 手羽先 手羽先肉 生 皮つき 若どり 鳥肉類 鶏てばさき 鶏手羽先 鶏肉
11286,＜鳥肉類＞　にわとり　［若どり・主品目］　手羽もと　皮つき　生,chicken chicken drumette drumette てばもと にわとり チキン テバモト 主品目 手羽もと 手羽元 生 皮つき 若どり 鳥肉類 鶏てばもと 鶏手羽元 鶏肉
11219,＜鳥肉類＞　にわとり　［若どり・主品目］　むね　皮つき　生,breast chicken chicken breast とりむね にわとり むね むねにく チキン 主品目 生 皮つき 胸 胸肉 若どり 鳥肉類 鶏むね 鶏むね肉 鶏肉
11287,＜鳥肉類＞　にわとり　［若どり・主品目］　むね　皮つき　焼き,breast chicken chicken breast とりむね にわとり むね むねにく チキン 主品目 焼き 皮つき 胸 胸肉 若どり 鳥肉類 鶏むね 鶏むね肉 鶏肉
11220,＜鳥肉類＞　にわとり　［若どり・主品目］　むね　皮なし　生,breast chicken chicken breast とりむね にわとり むね むねにく チキン 主品目 生 皮なし 胸 胸肉 若どり 鳥肉類 鶏むね 鶏むね肉 鶏肉
11288,＜鳥肉類＞　にわとり　［若どり・主品目］　むね　皮なし　焼き,breast chicken chicken breast とりむね にわとり むね むねにく チキン 主品目 焼き 皮なし 胸 胸肉 若どり 鳥肉類 鶏むね 鶏むね肉 鶏肉
11221,＜鳥肉類＞　にわとり　［若どり・主品目］　もも　皮つき　生,chicken chicken thigh thigh とりもも とりももにく にわとり もも もも肉 チキン 主品目 生 皮つき 若どり 鳥肉類 鶏もも 鶏もも肉 鶏肉
11223,＜鳥肉類＞　にわとり　［若どり・主品目］　もも　皮つき　ゆで,chicken chicken thigh thigh とりもも とりももにく にわとり もも もも肉 ゆで チキン 主品目 皮つき 若どり 鳥肉類 鶏もも 鶏もも肉 鶏肉
11222,＜鳥肉類＞　にわとり　［若どり・主品目］　もも　皮つき　焼き,chicken chicken thigh thigh とりもも とりももにく にわとり もも もも肉 チキン 主品目 焼き 皮つき 若どり 鳥肉類 鶏もも 鶏もも肉 鶏肉
11224,＜鳥肉類＞　にわとり　［若どり・主品目］　もも　皮なし　生,chicken chicken thigh thigh とりもも とりももにく にわとり もも もも肉 チキン 主品目 生 皮なし 若どり 鳥肉類 鶏もも 鶏もも肉 鶏肉
11226,＜鳥肉類＞　にわとり　［若どり・主品目］　もも　皮なし　ゆで,chicken chicken thigh thigh とりもも とりももにく にわとり もも もも肉 ゆで チキン 主品目 皮なし 若どり 鳥肉類 鶏もも 鶏もも肉 鶏肉
11225,＜鳥肉類＞　にわとり　［若どり・主品目］　もも　皮なし　焼き,chicken chicken thigh thigh とりもも とりももにく にわとり もも もも肉 チキン 主品目 焼き 皮なし 若どり 鳥肉類 鶏もも 鶏もも肉 鶏肉
11227,＜鳥肉類＞　にわとり　［若どり・副品目］　ささみ　生,chicken chicken tenderloin tender tenderloin ささみ とりささみ にわとり ササミ チキン 副品目 生 笹身 若どり 鳥肉類 鶏ささみ 鶏ササミ 鶏肉
11229,＜鳥肉類＞　にわとり　［若どり・副品目］　ささみ　ゆで,chicken chicken tenderloin tender tenderloin ささみ とりささみ にわとり ゆで ササミ チキン 副品目 笹身 若どり 鳥肉類 鶏ささみ 鶏ササミ 鶏肉
11228,＜鳥肉類＞　にわとり　［若どり・副品目］　ささみ　焼き,chicken chicken tenderloin tender tenderloin ささみ とりささみ にわとり ササミ チキン 副品目 焼き 笹身 若どり 鳥肉類 鶏ささみ 鶏ササミ 鶏肉
11298,＜鳥肉類＞　にわとり　［若どり・副品目］　ささみ　ソテー,chicken chicken tenderloin tender tenderloin ささみ とりささみ にわとり ササミ ソテー チキン 副品目 笹身 若どり 鳥肉類 鶏ささみ 鶏ササミ 鶏肉
11230,＜鳥肉類＞　にわとり　［二次品目］　ひき肉　生,chicken ground ground chicken mince minced とりひき にわとり ひきにく ひき肉 チキン ミンチ 二次品目 挽肉 生 鳥肉類 鶏ひき肉 鶏ミンチ 鶏肉
11291,＜鳥肉類＞　にわとり　［二次品目］　ひき肉　焼き,chicken ground ground chicken mince minced とりひき にわとり ひきにく ひき肉 チキン ミンチ 二次品目 挽肉 焼き 鳥肉類 鶏ひき肉 鶏ミンチ 鶏肉
11231,＜鳥肉類＞　にわとり　［副品目］　心臓　生,chicken chicken heart heart にわとり はつ ニワトリ ハツ 副品目 心臓 生 鳥肉類 鶏 鶏はつ 鶏ハツ 鶏心臓
11232,＜鳥肉類＞　にわとり　［副品目］　肝臓　生,chicken chicken liver liver きも にわとり キモ ニワトリ レバー 副品目 生 肝臓 鳥肉類 鶏 鶏レバー 鶏肝臓
11233,＜鳥肉類＞　にわとり　［副品目］　すなぎも　生,chicken chicken gizzard gizzard すなぎも にわとり スナギモ ニワトリ 副品目 生 砂ずり 砂肝 鳥肉類 鶏 鶏砂肝
11235,＜鳥肉類＞　にわとり　［副品目］　皮　もも　生,chicken chicken skin skin とりかわ にわとり もも もも皮 トリカワ ニワトリ 副品目 生 皮 鳥肉類 鶏 鶏の皮 鶏もも皮 鶏皮
11236,＜鳥肉類＞　にわとり　［副品目］　なんこつ（胸肉）　生,breast cartilage chicken chicken cartilage なんこつ なんこつ胸肉 にわとり むねにく むね肉 ナンコツ 副品目 生 胸肉 軟骨 鳥肉類 鶏なんこつ 鶏軟骨
11293,＜鳥肉類＞　にわとり　［その他］　つくね,meatball tsukune その他 つくね つくね串 つくね団子 にわとり ツクネ 鳥肉類 鶏 鶏つくね
11238,＜鳥肉類＞　はと　肉　皮なし　生,dove meat pigeon pigeon meat はと はとの肉 ハト 生 皮なし 肉 鳥肉類 鳩 鳩肉
11240,＜鳥肉類＞　ほろほろちょう　肉　皮なし　生,fowl guinea guinea fowl meat ほろほろちょう ほろほろちょうの肉 ほろほろちょう肉 ほろほろ鳥 ホロホロチョウ 生 皮なし 肉 鳥肉類
11242,＜その他＞　かえる　肉　生,frog frog meat leg meat かえる かえる肉 その他 カエル カエル肉 生 肉 蛙肉
11243,＜その他＞　すっぽん　肉　生,meat shelled soft softshell soft‑shelled soft‑shelled turtle suppon turtle turtle meat すっぽん すっぽん肉 その他 スッポン スッポン肉 生 肉
11244,＜その他＞　はち　はちの子缶詰,bee bee larvae canned canned bee larvae pupae その他 はち はちのこ はちのこ缶詰 はちの子缶詰 蜂の子 蜂の子缶詰
12002,うずら卵　全卵　生,egg quail quail egg うずら うずらの卵 うずら卵 ウズラ ウズラの卵 全卵 生
12003,うずら卵　水煮缶詰,canned canned quail egg quail quail egg うずら うずら卵 うずら卵缶詰 うずら缶詰 ウズラ 水煮缶詰
12004,鶏卵　全卵　生,chicken chicken egg egg たまご とりたまご にわとり ニワトリ 全卵 卵 玉子 生 鶏卵
12005,鶏卵　全卵　ゆで,boiled boiled egg egg hard ゆで ゆでたまご ゆで卵 全卵 卵 茹でたまご 茹で卵 鶏卵
12006,鶏卵　全卵　ポーチドエッグ,egg poached poached egg ポーチド ポーチドエッグ ポーチドエッグ卵 全卵 鶏卵
12021,鶏卵　全卵　目玉焼き,egg fried fried egg side sunny up めだまやき メダマヤキ 全卵 目玉焼 目玉焼き 鶏卵
12022,鶏卵　全卵　いり,egg scrambled scrambled egg いり いりたまご いり卵 スクランブルエッグ 全卵 炒りたまご 炒り卵 鶏卵
12023,鶏卵　全卵　素揚げ,deep deep‑fried deep‑fried egg egg fried whole 全卵 揚げ卵 素揚げ 素揚げ卵 鶏卵
12007,鶏卵　全卵　水煮缶詰,canned canned egg chicken egg 全卵 卵 卵缶詰 水煮缶詰 缶詰 鶏卵 鶏卵缶詰
12008,鶏卵　全卵　加糖全卵,egg whole whole egg けいらん ぜんらん たまご ケイラン タマゴ 全卵 加糖全卵 加糖卵 卵 玉子 鶏たまご 鶏卵
12009,鶏卵　全卵　乾燥全卵,egg powdered whole whole egg けいらん たまご ケイラン 乾燥全卵 乾燥卵 全卵 卵 卵パウダー 玉子 粉末卵 鶏卵
12010,鶏卵　卵黄　生,egg egg yolk yolk きみ らんおう キミ ランオウ 卵黄 生 鶏卵 黄身
12011,鶏卵　卵黄　ゆで,egg egg yolk yolk きみ ゆで らんおう ランオウ 卵黄 鶏卵 黄身
12012,鶏卵　卵黄　加糖卵黄,egg egg yolk sweetened yolk きみ らんおう ランオウ 加糖卵黄 加糖黄身 卵黄 鶏卵 黄身
12013,鶏卵　卵黄　乾燥卵黄,dried egg egg yolk powdered yolk らんおう ランオウ 乾燥卵黄 乾燥黄身 卵黄 粉末卵黄 鶏卵
12015,鶏卵　卵白　ゆで,albuman egg egg white white しろみ ゆで らんぱく シロミ ランパク 卵白 白身 鶏卵
12016,鶏卵　卵白　乾燥卵白,dried egg egg white powdered white らんぱく ランパク 乾燥卵白 卵白 卵白パウダー 粉末卵白 鶏卵
12017,鶏卵　たまご豆腐,egg egg tofu tamago tofu たまごとうふ たまご豆腐 卵豆腐 鶏卵
12018,鶏卵　たまご焼　厚焼きたまご,tamagoyaki thick thick tamagoyaki たまご焼 たまご焼き 厚焼き 厚焼きたまご 厚焼き玉子 玉子焼 玉子焼き 鶏卵
12019,鶏卵　たまご焼　だし巻きたまご,dashimaki dashimaki tamago tamago たまご焼 だしまきたまご だし巻き だし巻きたまご だし巻き卵 出し巻きたまご 出し巻き卵 鶏卵
13003,＜牛乳及び乳製品＞　（液状乳類）　普通牛乳,milk ぎゅうにゅう ギュウニュウ ミルク 普通牛乳 液状乳類 牛乳 牛乳及び乳製品
13009,＜牛乳及び乳製品＞　（粉乳類）　全粉乳,milk milk powder powder whole whole milk ぜんふんにゅう ゼンフンニュウ ミルクパウダー 全粉乳 牛乳及び乳製品 粉乳 粉乳類
13011,＜牛乳及び乳製品＞　（粉乳類）　乳児用調製粉乳,baby formula infant infant formula 乳児用粉ミルク 乳児用調製粉乳 牛乳及び乳製品 粉ミルク 粉ミルク乳児 粉乳類
13025,＜牛乳及び乳製品＞　（発酵乳・乳酸菌飲料）　ヨーグルト　全脂無糖,plain yogurt よーぐると ヨーグルト ヨーグルト無糖 乳酸菌飲料 全脂ヨーグルト 全脂無糖 無糖ヨーグルト 牛乳及び乳製品 発酵乳
13053,＜牛乳及び乳製品＞　（発酵乳・乳酸菌飲料）　ヨーグルト　低脂肪無糖,fat low yogurt ヨーグルト 乳酸菌飲料 低脂肪ヨーグルト 低脂肪無糖 低脂肪無糖ヨーグルト 無糖ヨーグルト 牛乳及び乳製品 発酵乳
13054,＜牛乳及び乳製品＞　（発酵乳・乳酸菌飲料）　ヨーグルト　無脂肪無糖,fat free nonfat yogurt ヨーグルト 乳酸菌飲料 無脂肪ヨーグルト 無脂肪無糖 牛乳及び乳製品 発酵乳
13026,＜牛乳及び乳製品＞　（発酵乳・乳酸菌飲料）　ヨーグルト　脱脂加糖,fat low sweetened yogurt ヨーグルト 乳酸菌飲料 加糖ヨーグルト 牛乳及び乳製品 発酵乳 脱脂ヨーグルト 脱脂加糖 脱脂加糖ヨーグルト
13029,＜牛乳及び乳製品＞　（発酵乳・乳酸菌飲料）　乳酸菌飲料　殺菌乳製品,acid bacterium drink lactic lactic drink 乳酸菌ドリンク 乳酸菌飲料 乳酸飲料 殺菌乳製品 牛乳及び乳製品 発酵乳
13032,＜牛乳及び乳製品＞　（チーズ類）　ナチュラルチーズ　エメンタール,cheese emmental natural エメンタール エメンタールチーズ スイスチーズ チーズ チーズ類 ナチュラルチーズ ナチュラルチーズエメンタール 牛乳及び乳製品
13033,＜牛乳及び乳製品＞　（チーズ類）　ナチュラルチーズ　カテージ,cheese cottage cottage cheese かってーじちーず かてーじちーず ちーず なちゅらるちーず カッテージチーズ カテージ カテージチーズ チーズ チーズ類 ナチュラルチーズ 牛乳及び乳製品
13034,＜牛乳及び乳製品＞　（チーズ類）　ナチュラルチーズ　カマンベール,camembert cheese かまんべーる かまんべーるちーず ちーず なちゅらるちーず カマンベール カマンベールチーズ チーズ チーズ類 ナチュラルチーズ 牛乳及び乳製品
13036,＜牛乳及び乳製品＞　（チーズ類）　ナチュラルチーズ　ゴーダ,cheese gouda gouda cheese ごーだ ごーだちーず ちーず なちゅらるちーず ゴーダ ゴーダチーズ チーズ チーズ類 ナチュラルチーズ 牛乳及び乳製品
13037,＜牛乳及び乳製品＞　（チーズ類）　ナチュラルチーズ　チェダー,cheddar cheddar cheese cheese ちぇだー ちぇだーちーず ちーず なちゅらるちーず チェダー チェダーチーズ チーズ チーズ類 ナチュラルチーズ 牛乳及び乳製品
13038,＜牛乳及び乳製品＞　（チーズ類）　ナチュラルチーズ　パルメザン,cheese parmesan parmigiano なちゅらるちーず ぱるめざん ぱるめざんちーず チーズ類 ナチュラルチーズ パルミジャーノ パルメザン パルメザンチーズ 牛乳及び乳製品
13056,＜牛乳及び乳製品＞　（チーズ類）　ナチュラルチーズ　モッツァレラ,cheese mozarella mozzarella mozzarella cheese なちゅらるちーず もっつぁれら もっつぁれらちーず チーズ チーズ類 ナチュラルチーズ モッツァレラ モッツァレラチーズ 牛乳及び乳製品
13057,＜牛乳及び乳製品＞　（チーズ類）　ナチュラルチーズ　やぎ,cheese goat goat cheese なちゅらるちーず やぎ やぎちーず やぎチーズ ゴートチーズ チーズ チーズ類 ナチュラルチーズ ヤギチーズ 牛乳及び乳製品
13058,＜牛乳及び乳製品＞　（チーズ類）　ナチュラルチーズ　リコッタ,cheese ricotta ricotta cheese なちゅらるちーず りこった りこったちーず チーズ チーズ類 ナチュラルチーズ リコッタ リコッタチーズ 牛乳及び乳製品
13040,＜牛乳及び乳製品＞　（チーズ類）　プロセスチーズ,cheese processed processed cheese ぷろせすちーず チーズ チーズ類 プロセス プロセスチーズ 牛乳及び乳製品
13041,＜牛乳及び乳製品＞　（チーズ類）　チーズスプレッド,cheese cheese spread spread ちーずすぷれっど チーズ チーズスプレッド チーズ類 牛乳及び乳製品
13048,＜牛乳及び乳製品＞　（その他）　カゼイン,casein cheese ingredient milk protein かぜいん その他 カゼイン ミルクたんぱく 乳製品 牛乳及び乳製品
13050,＜牛乳及び乳製品＞　（その他）　チーズホエーパウダー,powder whey whey powder その他 ちーずほえーぱうだー ほえーぱうだー チーズホエーパウダー ホエイ ホエーパウダー 牛乳及び乳製品
13052,＜その他＞　やぎ乳,goat goat milk goatmilk milk その他 やぎにゅう やぎミルク やぎ乳 山羊ミルク 山羊乳
14023,（植物油脂類）　あまに油,flax flaxseed flaxseed oil linseed oil あまにあぶら あまにゆ あまに油 フラックスシードオイル 亜麻仁油 植物油脂類
14024,（植物油脂類）　えごま油,egoma oil perilla perilla oil shiso えごまあぶら えごまゆ えごま油 エゴマオイル 植物油脂類 荏胡麻油
14001,（植物油脂類）　オリーブ油,oil olive olive oil おりーぶおいる オリーブ オリーブオイル オリーブ油 植物油脂類 食用オリーブ油
14002,（植物油脂類）　ごま油,oil sesame sesame oil ごまあぶら ごまオイル ごま油 ゴマ油 植物油脂類 胡麻油
14003,（植物油脂類）　米ぬか油,bran bran oil oil rice rice bran ricebran こめぬかあぶら こめぬか油 植物油脂類 米ぬかオイル 米ぬか油 米糠油
14004,（植物油脂類）　サフラワー油　ハイオレイック,high oil oleic safflower safflower oil サフラワー サフラワーオイル サフラワー油 ハイオレイック 植物油脂類 紅花油
14025,（植物油脂類）　サフラワー油　ハイリノール,high linoleic oil safflower safflower oil サフラワー サフラワーオイル サフラワー油 ハイリノール 植物油脂類 紅花油
14005,（植物油脂類）　大豆油,oil soy soybean soybean oil だいずゆ ダイズ油 大豆オイル 大豆油 植物油脂類
14006,（植物油脂類）　調合油,blend blended blended oil cooking oil ちょうごうゆ サラダ油 ブレンドオイル ブレンド油 植物油脂類 調合油 食用油
14007,（植物油脂類）　とうもろこし油,corn corn oil oil とうもろこしゆ とうもろこし油 コーンオイル コーン油 トウモロコシ油 植物油脂類
14008,（植物油脂類）　なたね油,canola oil rapeseed rapeseed oil なたねゆ なたね油 キャノーラ油 ナタネ油 植物油脂類 菜種油
14009,（植物油脂類）　パーム油,oil palm palm oil パームオイル パーム油 植物油脂類
14011,（植物油脂類）　ひまわり油　ハイリノール,high linoleic oil sunflower sunflower oil ひまわりオイル ひまわり油 ハイリノール ヒマワリ油 植物油脂類
14026,（植物油脂類）　ひまわり油　ミッドオレイック,mid midoleic oil oleic sunflower sunflower oil ひまわり油 ヒマワリ油 ミッドオレイック 植物油脂類
14027,（植物油脂類）　ひまわり油　ハイオレイック,high oil oleic sunflower sunflower oil ひまわり油 ハイオレイック ヒマワリ油 植物油脂類
14028,（植物油脂類）　ぶどう油,grape grapeseed grapeseed oil oil seed ぶどうシードオイル ぶどう油 グレープシードオイル 植物油脂類
14012,（植物油脂類）　綿実油,cottonseed cottonseed oil oil めんじつゆ コットンシードオイル 植物油脂類 綿実油
14013,（植物油脂類）　やし油,coconut coconut oil oil やし油 ココナッツオイル ココナッツ油 ヤシ油 植物油脂類
14015,（動物油脂類）　牛脂,beef beef tallow tallow ぎゅうし 動物油脂類 牛の脂 牛脂
14032,（動物油脂類）　たらのあぶら,cod cod oil fat oil たらのあぶら たら油 タラのあぶら タラの脂 タラ油 動物油脂類
14016,（動物油脂類）　ラード,fat lard pork ぶたし ラード 動物油脂類 豚脂
15165,＜和生菓子・和半生菓子類＞　まんじゅう　蒸しまんじゅう　つぶしあん入り,manju あん入りまんじゅう つぶあん つぶしあん つぶしあん入り まんじゅう 和半生菓子類 和生菓子 粒あん 蒸しまんじゅう 饅頭
15034,＜和生菓子・和半生菓子類＞　まんじゅう　中華まんじゅう　あんまん　こしあん入り,anman manju あんまん こしあん こしあん入り まんじゅう 中華まん 中華まんじゅう 和半生菓子類 和生菓子 饅頭
16051,＜その他＞　昆布茶,kelp kombu kombu tea tea こんぶ茶 その他 昆布茶
16055,＜その他＞　麦茶　浸出液,barley barley tea mugicha tea その他 むぎちゃ 浸出液 麦茶
17139,＜調味料類＞　（しょうゆ類）　うすくちしょうゆ　低塩,sauce soy soy sauce usukuchi usukuchi soy うすくち うすくちしょうゆ しょうゆ しょうゆ類 低塩 薄口しょうゆ 薄口醤油 調味料類 醤油
17016,＜調味料類＞　（食酢類）　米酢,rice rice vinegar vinegar こめす こめず 米酢 調味料類 食酢類
17019,＜調味料類＞　（だし類）　かつおだし　荒節,bonito dashi katsuobushi katsuobushi dashi stock あらぶし かつお かつおだし かつおぶし だし類 カツオダシ 荒節 調味料類 鰹 鰹だし 鰹出汁 鰹節
17131,＜調味料類＞　（だし類）　かつおだし　本枯れ節,bonito dashi katsuobushi katsuobushi dashi stock かつお かつおだし かつおぶし だし類 ほんかれぶし カツオダシ ホンカレブシ 本枯れ節 調味料類 鰹 鰹だし 鰹出汁 鰹節
17020,＜調味料類＞　（だし類）　昆布だし　水出し,dashi kelp kombu kombu dashi こんぶ こんぶだし だし類 コンブダシ 昆布 昆布だし 昆布出汁 水出し 調味料類
17132,＜調味料類＞　（だし類）　昆布だし　煮出し,dashi kelp kombu kombu dashi こんぶ こんぶだし だし類 コンブダシ 昆布 昆布だし 昆布出汁 煮出し 調味料類
17021,＜調味料類＞　（だし類）　かつお・昆布だし　荒節・昆布だし,& & kombu bonito dashi katsuobushi katsuobushi & kelp kombu kombu dashi あわせだし かつお かつおこんぶだし かつお昆布だし だし類 アワセダシ カツオ昆布ダシ 合わせだし 昆布 昆布だし 荒節 調味料類 鰹昆布だし 鰹昆布出汁
17148,＜調味料類＞　（だし類）　かつお・昆布だし　本枯れ節・昆布だし,& & kombu bonito dashi katsuobushi katsuobushi & kelp kombu kombu dashi かつお かつおこんぶだし かつお昆布だし だし類 ほんかれぶし カツオ昆布ダシ 合わせだし 昆布 昆布だし 本枯れ節 調味料類 鰹昆布だし 鰹昆布出汁
17022,＜調味料類＞　（だし類）　しいたけだし,dashi shiitake shiitake dashi stock しいたけ しいたけだし だし類 シイタケダシ 椎茸 椎茸だし 椎茸出汁 調味料類
17023,＜調味料類＞　（だし類）　煮干しだし,dashi dried niboshi niboshi dashi sardine stock だし類 にぼし にぼしだし ニボシダシ 煮干 煮干し 煮干しだし 調味料類
17024,＜調味料類＞　（だし類）　鶏がらだし,broth chicken chicken stock stock だし類 とりがら とりがらだし チキンブロス トリガラダシ 調味料類 鶏がら 鶏がらだし 鶏ガラ
17102,＜調味料類＞　（調味ソース類）　すし酢　にぎり用,sushi sushi vinegar vinegar すしず すし酢 にぎり用 スシズ 寿司酢 調味ソース類 調味料類
17034,＜調味料類＞　（トマト加工品類）　トマトピューレー,puree tomato tomato puree とまとぴゅーれ トマト トマトピューレ トマトピューレー トマト加工品類 調味料類
17035,＜調味料類＞　（トマト加工品類）　トマトペースト,paste tomato tomato paste とまとぺーすと トマト トマトペースト トマト加工品類 調味料類
17044,＜調味料類＞　（みそ類）　米みそ　甘みそ,miso rice rice miso あまみそ こめみそ みそ みそ類 コメミソ 味噌 甘みそ 甘味噌 米みそ 米味噌 調味料類
17119,＜調味料類＞　（みそ類）　減塩みそ,low miso reduced reduced-salt reduced-salt miso salt げんえんみそ みそ類 ゲンエンミソ 減塩みそ 減塩味噌 調味料類
17071,＜香辛料類＞　タイム　粉,thyme たいむ タイム タイムパウダー タイム粉 粉 香辛料類
17077,＜香辛料類＞　バジル　粉,basil ばじる バジル バジルパウダー バジル粉 粉 香辛料類
17078,＜香辛料類＞　パセリ　乾,parsley ぱせり ドライパセリ パセリ パセリ乾 乾 乾燥パセリ 香辛料類
17083,＜その他＞　酵母　パン酵母　乾燥,bread dry dry yeast yeast こうぼ その他 イースト コウボ ドライイースト パンこうぼ パン酵母 ベーキングイースト 乾燥 酵母
18051,洋風料理　ハンバーグステーキ類　チキンハンバーグ,chicken chicken hamburger hamburger steak ちきんはんばーぐ チキンハンバーグ チキンバーグ ハンバーグ ハンバーグステーキ ハンバーグステーキ類 洋風料理 鶏ハンバーグ 鶏肉ハンバーグ
12024,鶏卵　殻,chicken egg egg shell eggshell shell けいらんかく たまごの殻 らんかく ケイランカク ランカク 卵殻 殻 鶏卵 鶏卵殻