food_group,food_number,food_name,WATER,PROT-,FAT-,FIB-,ASH,ENERC_KCAL,CA,P,NA,K,MG,FE,ZN,CU,MN,ID,SE,RETOL,VITD,TOCPHA,THIA,RIBF,NIA,VITB6A,VITB12,FOL,PANTAC,structured_food_name,reason,score,has_amino_acid_data,has_fatty_acid_data,ILE,LEU,LYS,MET,CYS,AAS,PHE,TYR,AAA,THR,TRP,VAL,HIS,ARG,FACID,FAPU,FAPUN3,FAPUN6,F18D2N6,F18D3N3,F20D5N3,F22D6N3,F20D4N6,search_keys,tag_name_ja,tag_name_ja_detail,tag_name_en,tag_name_en_detail,ME_KCAL_100G,CHOLN,usda_ndb_no,usda_food_name,usda_fdc_id,usda_description,usda_match_distance,usda_chlorine_mg,usda_choline_mg,is_recipe_ingredient,recipe_label_path
01,01001,アマランサス　玄穀,13.5,12.7,6.0,7.4,2.9,343,160,540,1,600,270,9.4,5.8,0.92,6.14,1,13,(0),(0),1.3,0.04,0.14,1.0,0.58,(0),130,1.69,"{""baseName"":""アマランサス"",""variety"":""玄穀""}",栄養価の高い雑穀でレシピ素材として適している,8,1,1,(550),(820),(700),(210),(180),(390),(510),(310),(820),(520),(170),(640),(360),(990),4.75,2.10,0.04,2.06,2000,36,0,0,0,"[""アマランサス"",""あまらんさす"",""Amaranth"",""amaranth"",""アマランサスシード"",""あまらんさすしーど""]",アマランサス,,Amaranth,,296.7,70,20001,Amaranth,170682,"Amaranth grain, uncooked",2.032785878399917,,69.8,FALSE,
01,01002,あわ　精白粒,13.3,11.2,4.4,3.3,1.4,346,14,280,1,300,110,4.8,2.5,0.49,0.88,0,2,(0),(0),0.6,0.56,0.07,2.9,0.18,(0),29,1.83,"{""baseName"":""あわ"",""variety"":""精白粒""}",あわ（精白粒）は穀類の穀物で犬の食材として利用しやすい。,8,1,1,480,1500,220,380,220,600,630,360,990,470,210,600,270,360,3.94,2.75,0.12,2.63,2600,120,0,0,0,"[""あわ"",""アワ"",""粟"",""awa"",""millet"",""あわ米"",""アワ米""]",あわ,,Millet,Awa,309,,,,172023,Millet flour,1.1281916817140711,,,FALSE,
01,01004,えんばく　オートミール,10.0,13.7,5.7,9.4,1.5,350,47,370,3,260,100,3.9,2.1,0.28,-,0,18,(0),(0),0.6,0.20,0.08,1.1,0.11,(0),30,1.29,"{""baseName"":""えんばく"",""variety"":""オートミール""}",オートミールは良質な炭水化物と食物繊維源で犬の素材として適切,9,1,1,590,1100,620,270,500,770,760,490,1300,500,200,800,350,910,(4.90),(2.09),(0.09),(2.00),(2000),(92),-,-,-,"[""えんばく"",""エンバク"",""燕麦"",""オートミール"",""オーツ"",""oatmeal"",""oats"",""oat""]",オートミール,,Oatmeal,,305.35,7.4,08121,"Cereals, oats, regular and quick and instant, unenriched, cooked with water, without salt",171684,"Cereals, QUAKER, oatmeal, REAL MEDLEYS, apple walnut, dry",1.1207933973088375,,,FALSE,
01,01005,おおむぎ　七分つき押麦,14.0,10.9,2.1,10.3,0.9,343,23,180,2,220,46,1.3,1.4,0.32,0.85,-,-,(0),(0),0.2,0.22,0.07,3.2,0.14,(0),17,0.43,"{""baseName"":""おおむぎ"",""variety"":""七分つき押麦""}",大麦は良質な炭水化物と食物繊維源で犬の素材として適している,8,1,1,(410),(830),(390),(190),(300),(490),(610),(370),(980),(430),(160),(580),(260),(510),1.69,0.91,0.05,0.86,860,54,-,-,-,"[""大麦"",""おおむぎ"",""オオムギ"",""barley"",""押麦"",""おしむぎ"",""オシムギ"",""麦"",""むぎ""]",押麦,七分つき,Rolled Barley,70% polished,272.3,38,20131,Barley malt flour,169746,"Spelt, cooked",1.300711546338085,,,TRUE,穀物・麺類 > 押し麦・もち麦
01,01006,おおむぎ　押麦　乾,12.7,6.7,1.5,12.2,0.7,329,21,160,2,210,40,1.1,1.1,0.22,0.86,0,1,(0),(0),0.1,0.11,0.03,3.4,0.13,(0),10,0.40,"{""baseName"":""おおむぎ"",""variety"":""押麦"",""state"":""乾""}",大麦の押麦は消化性の良い炭水化物と食物繊維が豊富で犬のレシピ素材に適する,9,1,1,250,500,240,120,180,300,370,230,600,260,97,350,160,310,1.18,0.62,0.03,0.59,590,33,0,0,0,"[""大麦"",""おおむぎ"",""オオムギ"",""barley"",""押麦"",""おしむぎ"",""オシムギ"",""麦"",""むぎ""]",押麦,乾燥,Rolled Barley,Dried,267.9,38,20131,Barley malt flour,169746,"Spelt, cooked",0.9484272820363766,,,TRUE,穀物・麺類 > 押し麦・もち麦
01,01170,おおむぎ　押麦　めし,68.6,2.2,0.5,4.2,0.2,118,6,46,Tr,38,10,0.4,0.4,0.08,0.24,(0),Tr,(0),(0),Tr,0.02,Tr,0.8,0.03,(0),3,0.13,"{""baseName"":""おおむぎ"",""variety"":""押麦 めし""}",押し麦めしは良質な炭水化物と食物繊維源で犬のレシピ素材として適している,8,1,1,86,170,81,40,55,95,130,80,210,89,33,120,55,110,0.38,0.20,0.01,0.19,190,10,0,0,0,"[""大麦"",""おおむぎ"",""オオムギ"",""barley"",""押麦"",""おしむぎ"",""オシムギ"",""麦"",""むぎ""]",押麦,めし,Rolled Barley,Cooked,97,38,20131,Barley malt flour,168930,"Rice, white, medium-grain, cooked, unenriched",1.1062883837557607,,,TRUE,穀物・麺類 > 押し麦・もち麦
01,01007,おおむぎ　米粒麦,14.0,7.0,2.1,8.7,0.7,333,17,140,2,170,25,1.2,1.2,0.37,-,Tr,1,(0),(0),0.1,0.19,0.05,2.3,0.19,(0),10,0.64,"{""baseName"":""おおむぎ"",""variety"":""米粒麦""}",おおむぎ（米粒麦）は穀類で犬のレシピ素材として利用しやすく安全,9,1,1,(270),(530),(250),(120),(190),(320),(390),(240),(630),(280),(100),(370),(170),(330),(1.69),(0.91),(0.05),(0.86),(860),(54),-,-,-,"[""米粒麦"",""こめつぶむぎ"",""コメツブムギ"",""大麦"",""おおむぎ"",""オオムギ"",""barley""]",米粒麦,,Pearl Barley,,278.6,38,20131,Barley malt flour,170285,"Barley, pearled, cooked",1.44812573045945,,13.4,TRUE,穀物・麺類 > 押し麦・もち麦
01,01008,おおむぎ　大麦めん　乾,14.0,12.9,1.7,6.3,3.4,343,27,200,1100,240,63,2.1,1.5,0.33,0.90,-,-,(0),(0),Tr,0.21,0.04,3.5,0.09,(0),19,0.64,"{""baseName"":""おおむぎ"",""variety"":""大麦めん"",""state"":""乾""}",大麦めんは消化しやすい穀類の炭水化物で犬のレシピ素材として適している,8,1,1,(480),(950),(360),(230),(340),(570),(690),(420),(1100),(440),(170),(620),(310),(560),(1.35),(0.78),(0.04),(0.74),(740),(41),(0),(0),(0),"[""大麦めん"",""大麦麺"",""おおむぎめん"",""オオムギメン"",""麦めん"",""barley noodles"",""barley noodle""]",大麦めん,乾燥,Barley Noodles,Dried,275.55,,,,168927,"Pasta, dry, unenriched",1.0392099089792863,,,FALSE,
01,01009,おおむぎ　大麦めん　ゆで,70.0,4.8,0.6,2.5,0.3,121,12,61,64,10,18,0.9,0.6,0.13,0.27,-,-,(0),(0),Tr,0.04,0.01,1.0,0.01,(0),5,0.26,"{""baseName"":""おおむぎ"",""variety"":""大麦めん"",""state"":""ゆで""}",大麦めんのゆでは炭水化物源として使いやすく犬のレシピ素材に適する,8,1,1,(180),(350),(130),(84),(130),(210),(260),(160),(410),(170),(62),(230),(120),(210),(0.48),(0.27),(0.01),(0.26),(260),(14),(0),(0),(0),"[""大麦めん"",""大麦麺"",""おおむぎめん"",""オオムギメン"",""麦めん"",""barley noodles"",""barley noodle""]",大麦めん,ゆで,Barley Noodles,Boiled,98.2,,,,168928,"Pasta, cooked, unenriched, without added salt",1.5336112472643475,,6.4,FALSE,
01,01010,おおむぎ　麦こがし,3.5,12.5,5.0,15.5,1.9,368,43,340,2,490,130,3.1,3.8,0.41,1.81,-,-,(0),(0),0.5,0.09,0.10,7.6,0.09,(0),24,0.28,"{""baseName"":""おおむぎ"",""variety"":""麦こがし""}",麦こがしは穀物として安全で利用可能（消化を考慮）,8,1,1,(480),(950),(450),(220),(340),(560),(700),(430),(1100),(490),(180),(660),(300),(580),(4.03),(2.17),(0.13),(2.04),(2000),(130),-,-,-,"[""麦こがし"",""むぎこがし"",""ムギコガシ"",""mugikogashi"",""roasted barley"",""roasted barley flour""]",麦こがし,,Roasted Barley Flour,,301.85,38,20131,Barley malt flour,170284,"Barley, pearled, raw",1.637115500754291,,37.8,FALSE,
01,01167,キヌア　玄穀,12.2,13.4,3.2,6.2,2.2,344,46,410,35,580,180,4.3,2.8,0.47,2.45,2,3,0,(0),2.6,0.45,0.24,1.2,0.39,Tr,190,0.95,"{""baseName"":""キヌア"",""variety"":""玄穀""}",キヌア玄穀は良質の穀類で栄養価が高く素材として使用可能,8,1,1,480,810,720,260,210,470,510,380,880,500,170,590,380,1100,2.63,1.52,0.19,1.34,1300,190,0,0,0,"[""キヌア"",""きぬあ"",""Quinoa"",""quinoa"",""キヌアシード"",""きぬあしーど""]",キヌア,,Quinoa,,293.9,70,20035,Quinoa,168874,"Quinoa, uncooked",1.030516146367567,,70.2,FALSE,
01,01011,きび　精白粒,13.8,11.3,3.3,1.6,0.7,353,9,160,2,200,84,2.1,2.7,0.38,-,0,2,(0),(0),Tr,0.34,0.09,3.7,0.20,(0),13,0.95,"{""baseName"":""きび"",""variety"":""精白粒""}",きび（精白粒）は穀類の炭水化物源として利用でき、犬のレシピ素材として適切。,8,1,1,470,1400,160,360,200,560,640,430,1100,380,150,570,260,350,2.77,1.78,0.04,1.74,1700,39,0,0,0,"[""きび"",""キビ"",""黍"",""kibi"",""millet"",""きび米"",""キビ米""]",きび,,Millet,Kibi,310.15,,,,172023,Millet flour,1.556011018352542,,,FALSE,
01,01012,こむぎ　［玄穀］　国産　普通,12.5,10.8,3.1,14.0,1.6,329,26,350,2,440,82,3.2,2.6,0.38,3.90,1,3,(0),(0),1.2,0.41,0.09,6.3,0.35,(0),38,1.03,"{""baseName"":""こむぎ"",""variety"":""普通"",""origin"":""国産"",""notes"":[""玄穀""]}",こむぎ（玄穀）。全粒の穀類は食物繊維や栄養があり穀物源として利用可能。,8,1,1,390,760,320,180,270,450,530,330,860,360,160,510,290,550,2.42,1.52,0.10,1.42,1400,100,0,0,0,"[""小麦"",""こむぎ"",""コムギ"",""wheat"",""wheat grain"",""小麦粒""]",小麦,玄穀・国産,Wheat,"Grain, Domestic",267.15,,,,169719,"Wheat, hard white",0.8186092343286749,,,FALSE,
01,01013,こむぎ　［玄穀］　輸入　軟質,10.0,10.1,3.3,11.2,1.4,344,36,290,2,390,110,2.9,1.7,0.32,3.79,0,5,(0),(0),1.2,0.49,0.09,5.0,0.34,(0),40,1.07,"{""baseName"":""こむぎ"",""variety"":""軟質"",""origin"":""輸入"",""notes"":[""玄穀""]}",全粒の炭水化物源で栄養価が高いが、消化性に配慮が必要。,7,0,1,,,,,,,,,,,,,,,2.61,1.63,0.11,1.53,1500,110,0,0,0,"[""小麦"",""こむぎ"",""コムギ"",""wheat"",""wheat grain"",""小麦粒""]",小麦,玄穀・輸入・軟質,Wheat,"Grain, Imported, Soft",287.4,,,,169720,,,,,FALSE,
01,01014,こむぎ　［玄穀］　輸入　硬質,13.0,13.0,3.0,11.4,1.6,332,26,320,2,340,140,3.2,3.1,0.43,4.09,0,54,(0),(0),1.2,0.35,0.09,5.8,0.34,(0),49,1.29,"{""baseName"":""こむぎ"",""variety"":""硬質"",""origin"":""輸入"",""notes"":[""玄穀""]}",硬質小麦の玄穀で炭水化物源。加熱調理してから使用する前提で適している。,8,0,1,,,,,,,,,,,,,,,2.37,1.49,0.10,1.39,1400,98,0,0,0,"[""小麦"",""こむぎ"",""コムギ"",""小麦粉"",""こむぎこ"",""コムギコ"",""薄力粉"",""はくりきこ"",""ハクリキコ"",""flour"",""cake flour""]",薄力粉,1等,Cake Flour,Grade 1,274,,,,168890,"Wheat, hard red winter",0.6176940296350508,,31.2,FALSE,
01,01015,こむぎ　［小麦粉］　薄力粉　1等,14.0,8.3,1.5,2.5,0.4,349,20,60,Tr,110,12,0.5,0.3,0.08,0.43,Tr,4,0,0,0.3,0.11,0.03,0.6,0.03,0,9,0.53,"{""baseName"":""こむぎ"",""variety"":""薄力粉"",""grade"":""1等"",""notes"":[""小麦粉""]}",薄力粉は調理素材として幅広く使え、つなぎや加熱加工で安全に利用できる,8,1,1,320,610,190,150,240,390,450,270,710,260,110,380,200,320,1.23,0.75,0.04,0.72,720,38,0,0,0,"[""小麦"",""こむぎ"",""コムギ"",""小麦粉"",""こむぎこ"",""コムギコ"",""薄力粉"",""はくりきこ"",""ハクリキコ"",""flour"",""cake flour""]",薄力粉,2等,Cake Flour,Grade 2,298.35,10,20081,"Wheat flour, white, all purpose, enriched, bleached",168909,"Noodles, japanese, somen, cooked",1.963333572709596,,,TRUE,穀物・麺類 > 小麦粉
01,01016,こむぎ　［小麦粉］　薄力粉　2等,14.0,9.3,1.9,2.6,0.5,345,23,77,Tr,130,30,0.9,0.7,0.18,0.77,0,3,0,0,1.0,0.21,0.04,1.0,0.09,0,14,0.62,"{""baseName"":""こむぎ"",""variety"":""薄力粉"",""grade"":""2等"",""notes"":[""小麦粉""]}",薄力粉は炭水化物源として使いやすく一般的に素材として問題ない,8,1,1,340,650,220,160,240,400,480,280,760,280,110,410,220,370,(1.56),(0.96),(0.05),(0.91),(910),(49),(0),(0),(0),"[""小麦"",""こむぎ"",""コムギ"",""小麦粉"",""こむぎこ"",""コムギコ"",""中力粉"",""ちゅうりきこ"",""チュウリキコ"",""flour"",""all purpose flour""]",中力粉,1等,All-Purpose Flour,Grade 1,299.65,10,20081,"Wheat flour, white, all purpose, enriched, bleached",169761,"Wheat flour, white, all-purpose, unenriched",0.9680280097067826,,10.4,TRUE,穀物・麺類 > 小麦粉
01,01018,こむぎ　［小麦粉］　中力粉　1等,14.0,9.0,1.6,2.8,0.4,337,17,64,1,100,18,0.5,0.5,0.11,0.43,0,7,0,0,0.3,0.10,0.03,0.6,0.05,0,8,0.47,"{""baseName"":""こむぎ"",""variety"":""中力粉"",""grade"":""1等"",""notes"":[""小麦粉""]}",中力粉は炭水化物源として幅広く使える一般的な素材。,8,1,1,340,650,190,160,240,400,470,290,760,280,110,400,210,340,1.29,0.80,0.04,0.75,750,41,0,0,0,"[""小麦"",""こむぎ"",""コムギ"",""小麦粉"",""こむぎこ"",""コムギコ"",""中力粉"",""ちゅうりきこ"",""チュウリキコ"",""flour"",""all purpose flour""]",中力粉,2等,All-Purpose Flour,Grade 2,297.8,10,20081,"Wheat flour, white, all purpose, enriched, bleached",168913,"Wheat flours, bread, unenriched",1.7766344028307401,,10.4,TRUE,穀物・麺類 > 小麦粉
01,01019,こむぎ　［小麦粉］　中力粉　2等,14.0,9.7,1.8,2.1,0.5,346,24,80,1,110,26,1.1,0.6,0.14,0.77,0,7,0,0,0.8,0.22,0.04,1.2,0.07,0,12,0.66,"{""baseName"":""こむぎ"",""variety"":""中力粉"",""grade"":""2等"",""notes"":[""小麦粉""]}",中力粉は調理の基材として広く使えるが、グルテン感受性には留意。,8,1,1,360,700,220,170,250,420,500,310,810,300,110,430,230,400,(1.48),(0.91),(0.05),(0.86),(860),(46),(0),(0),(0),"[""小麦"",""こむぎ"",""コムギ"",""小麦粉"",""こむぎこ"",""コムギコ"",""強力粉"",""きょうりきこ"",""キョウリキコ"",""flour"",""bread flour""]",中力粉,2等,All-Purpose Flour,Grade 2,300.9,10,20081,"Wheat flour, white, all purpose, enriched, bleached",169761,"Wheat flour, white, all-purpose, unenriched",0.8594869695292479,,10.4,TRUE,穀物・麺類 > 小麦粉
01,01020,こむぎ　［小麦粉］　強力粉　1等,14.5,11.8,1.5,2.7,0.4,337,17,64,Tr,89,23,0.9,0.8,0.15,0.32,0,39,0,0,0.3,0.09,0.04,0.8,0.06,0,16,0.77,"{""baseName"":""こむぎ"",""variety"":""強力粉"",""grade"":""1等"",""notes"":[""小麦粉""]}",強力粉は焼いて利用することで炭水化物源として使える。生粉の取り扱いには衛生面の注意が必要。,7,1,1,440,850,240,200,300,500,650,370,1000,350,140,520,280,430,1.26,0.77,0.04,0.73,730,39,0,0,0,"[""小麦"",""こむぎ"",""コムギ"",""小麦粉"",""こむぎこ"",""コムギコ"",""強力粉"",""きょうりきこ"",""キョウリキコ"",""flour"",""bread flour""]",強力粉,1等,Bread Flour,Grade 1,295.9,10,20081,"Wheat flour, white, all purpose, enriched, bleached",168913,"Wheat flours, bread, unenriched",0.7922334291691818,,10.4,TRUE,穀物・麺類 > 小麦粉
01,01021,こむぎ　［小麦粉］　強力粉　2等,14.5,12.6,1.7,2.1,0.5,343,21,86,Tr,86,36,1.0,1.0,0.19,0.58,0,49,0,0,0.5,0.13,0.04,1.1,0.08,0,18,0.93,"{""baseName"":""こむぎ"",""variety"":""強力粉"",""grade"":""2等"",""notes"":[""小麦粉""]}",強力粉は一般的な素材でおやつや調理素材として使用可能,8,1,1,480,920,260,210,310,530,690,410,1100,390,150,560,300,480,(1.42),(0.87),(0.04),(0.83),(830),(44),(0),(0),(0),"[""強力粉"",""きょうりきこ"",""キョウリキコ"",""小麦粉"",""こむぎこ"",""コムギコ"",""小麦"",""こむぎ"",""flour"",""bread flour""]",強力粉,2等,Bread Flour,Grade 2,298.65,10,20081,"Wheat flour, white, all purpose, enriched, bleached",168913,"Wheat flours, bread, unenriched",0.7956289337404052,,10.4,TRUE,穀物・麺類 > 小麦粉
01,01023,こむぎ　［小麦粉］　強力粉　全粒粉,14.5,12.8,2.9,11.2,1.6,320,26,310,2,330,140,3.1,3.0,0.42,4.02,0,47,(0),(0),1.0,0.34,0.09,5.7,0.33,(0),48,1.27,"{""baseName"":""こむぎ"",""variety"":""強力粉 全粒粉"",""notes"":[""小麦粉""]}",全粒粉の強力粉は炭水化物と食物繊維の供給源として素材使用に適している,7,1,1,(430),(870),(350),(220),(270),(490),(660),(270),(930),(360),(170),(550),(350),(630),(2.29),(1.44),(0.09),(1.34),(1300),(94),(0),(0),(0),"[""強力粉"",""きょうりきこ"",""キョウリキコ"",""全粒粉"",""ぜんりゅうふん"",""ゼンリュウフン"",""小麦粉"",""こむぎこ"",""コムギコ"",""小麦"",""こむぎ"",""whole wheat flour"",""flour""]",強力粉,全粒粉,Whole Wheat Bread Flour,,268.95,31,20080,"Wheat flour, whole-grain",168893,"Wheat flour, whole-grain (Includes foods for USDA's Food Distribution Program)",1.0585006124607341,,31.2,TRUE,穀物・麺類 > 小麦粉
01,01026,こむぎ　［パン類］　角形食パン　食パン,39.2,8.9,4.1,4.2,1.4,248,22,67,470,86,18,0.5,0.5,0.09,0.25,1,22,0,0,0.4,0.07,0.05,1.1,0.03,Tr,30,0.42,"{""baseName"":""こむぎ"",""variety"":""角形食パン 食パン"",""notes"":[""パン類""]}",食パンは炭水化物源として利用可能だが、量や添加物に注意が必要。,7,1,1,310,590,170,120,190,310,440,270,710,240,90,360,200,290,3.57,0.82,0.05,0.77,770,51,0,0,Tr,"[""食パン"",""しょくぱん"",""ショクパン"",""角食"",""角形食パン"",""パン"",""bread"",""shokupan""]",食パン,角形,Bread,Square Loaf,213.7,15,18069,"Bread, white, commercially prepared, (includes soft bread crumbs)",168913,"Wheat flours, bread, unenriched",1.4579333809644996,,10.4,TRUE,穀物・麺類 > 食パン
01,01174,こむぎ　［パン類］　角形食パン　焼き,33.6,9.7,4.5,4.6,1.6,269,26,77,520,93,20,0.5,0.6,0.10,0.28,1,25,-,-,0.4,0.07,0.05,1.2,0.03,-,30,0.45,"{""baseName"":""こむぎ"",""variety"":""角形食パン"",""state"":""焼き"",""notes"":[""パン類""]}",小麦由来の食パンは少量であれば与えやすい炭水化物源だが塩分や添加物に注意。,7,1,1,350,670,180,130,210,340,490,300,800,280,100,400,220,320,3.85,0.90,0.06,0.84,840,54,0,0,Tr,"[""食パン"",""しょくぱん"",""ショクパン"",""角食"",""角形食パン"",""パン"",""bread"",""shokupan""]",食パン,角形・焼き,Bread,"Square Loaf, Toasted",233.2,15,18069,"Bread, white, commercially prepared, (includes soft bread crumbs)",168913,"Wheat flours, bread, unenriched",1.2900800756361694,,10.4,TRUE,穀物・麺類 > 食パン
01,01030,こむぎ　［パン類］　乾パン,5.5,9.5,4.4,3.1,1.8,386,30,95,490,160,27,1.2,0.6,0.18,0.82,-,-,(0),(0),1.1,0.14,0.06,0.9,0.06,(0),20,0.41,"{""baseName"":""こむぎ"",""variety"":""乾パン"",""notes"":[""パン類""]}",小麦由来の炭水化物で消化可能だが栄養密度は低く補助的な素材としての適性。,7,1,1,(370),(700),(240),(170),(240),(410),(510),(310),(810),(300),(120),(440),(230),(360),(3.86),(1.15),(0.06),(1.09),(1100),(56),(0),(0),(0),"[""乾パン"",""かんぱん"",""カンパン"",""kanpan""]",乾パン,,Kanpan,,335.6,20,18228,"Crackers, saltines (includes oyster, soda, soup)",168940,"Wheat flour, white (industrial), 11.5% protein, bleached, unenriched",1.0536696142786615,,10.4,FALSE,
01,01031,こむぎ　［パン類］　フランスパン,30.0,9.4,1.3,2.7,1.8,289,16,72,620,110,22,0.9,0.8,0.14,0.39,Tr,29,(0),(0),0.1,0.08,0.05,1.1,0.04,(0),33,0.45,"{""baseName"":""こむぎ"",""variety"":""フランスパン"",""notes"":[""パン類""]}",焼きパンは一般に消化可能な炭水化物源だが高塩分・高脂質の添加に注意,8,1,1,360,680,180,140,230,370,500,310,810,290,110,410,220,340,(1.07),(0.63),(0.03),(0.60),(600),(32),(0),(0),(0),"[""フランスパン"",""ふらんすぱん"",""バゲット"",""baguette"",""パン"",""bread""]",フランスパン,,Baguette,,235.75,15,18029,"Bread, french or vienna (includes sourdough)",168913,"Wheat flours, bread, unenriched",0.5892829507220438,,10.4,FALSE,
01,01037,こむぎ　［パン類］　ナン,37.2,10.3,3.4,2.0,1.5,257,11,77,530,97,22,0.8,0.7,0.11,0.30,-,-,(0),(0),0.6,0.13,0.06,1.3,0.05,(0),36,0.55,"{""baseName"":""こむぎ"",""variety"":""ナン"",""notes"":[""パン類""]}",ナン（小麦製）は消化しやすい炭水化物源として利用可能な素材。,8,1,1,(390),(750),(260),(190),(270),(460),(530),(340),(870),(320),(130),(470),(240),(400),2.98,1.00,0.19,0.81,810,190,0,0,0,"[""ナン"",""なん"",""nan"",""インドパン"",""パン""]",ナン,,Naan,,224.55,7.9,18364,"Tortillas, ready-to-bake or -fry, flour",169761,"Wheat flour, white, all-purpose, unenriched",1.0645878847023764,,10.4,FALSE,
01,01039,こむぎ　［うどん・そうめん類］　うどん　ゆで,75.0,2.6,0.4,1.3,0.4,95,6,18,120,9,6,0.2,0.1,0.04,0.12,Tr,2,(0),(0),0.1,0.02,0.01,0.2,0.01,(0),2,0.13,"{""baseName"":""こむぎ"",""variety"":""うどん"",""state"":""ゆで"",""notes"":[""うどん・そうめん類""]}",茹でうどんは消化しやすい炭水化物源で犬のレシピ素材として利用しやすい,8,1,1,94,180,51,40,53,93,130,82,210,73,27,110,57,93,(0.33),(0.20),(0.01),(0.19),(190),(10),(0),(0),(0),"[""うどん"",""ウドン"",""udon"",""麺"",""めん""]",うどん,ゆで,Udon,Boiled,83.55,6.4,20121,"Spaghetti, cooked, enriched, without added salt",,,,,,TRUE,穀物・麺類 > うどん
01,01186,こむぎ　［うどん・そうめん類］　うどん　半生うどん,23.8,(7.8),(3.4),4.1,(2.5),296,(22),(64),(1200),(98),(15),(0.6),(0.3),(0.09),(0.45),(2),(6),0,(0),(0.2),(0.10),(0.03),(0.7),(0.03),(0),(6),(0.41),"{""baseName"":""こむぎ"",""variety"":""うどん 半生うどん"",""notes"":[""うどん・そうめん類""]}",半生うどんは炭水化物源として使えるが加工品であり塩分・調味に注意が必要,7,1,1,(280),(530),(150),(110),(170),(280),(390),(220),(610),(220),(83),(320),(170),(270),(2.80),(1.71),(0.09),(1.63),(1600),(85),(0),(0),(0),"[""うどん"",""ウドン"",""udon"",""麺"",""めん""]",半生うどん,,Udon,Semi-dried,252.35,15,20120,"Spaghetti, dry, enriched",168909,"Noodles, japanese, somen, cooked",2.0262059729794997,,,TRUE,穀物・麺類 > うどん
01,01041,こむぎ　［うどん・そうめん類］　干しうどん　乾,13.5,8.5,1.1,2.4,5.0,333,17,70,1700,130,19,0.6,0.4,0.11,0.50,0,10,(0),(0),0.3,0.08,0.02,0.9,0.04,(0),9,0.45,"{""baseName"":""こむぎ"",""variety"":""干しうどん"",""state"":""乾"",""notes"":[""うどん・そうめん類""]}",干しうどんは消化しやすい炭水化物源として使用可能,7,1,1,320,630,180,130,210,340,460,280,730,270,99,380,200,320,(0.91),(0.56),(0.03),(0.53),(530),(29),(0),(0),(0),"[""うどん"",""ウドン"",""udon"",""麺"",""めん""]",干しうどん,乾,Dried Udon,,282.35,15,20120,"Spaghetti, dry, enriched",168908,"Noodles, japanese, somen, dry",1.4719312148038999,,,TRUE,穀物・麺類 > うどん
01,01042,こむぎ　［うどん・そうめん類］　干しうどん　ゆで,70.0,3.1,0.5,0.7,0.6,117,7,24,210,14,4,0.2,0.1,0.04,0.14,-,-,(0),(0),0.1,0.02,0.01,0.2,0.01,(0),2,0.14,"{""baseName"":""こむぎ"",""variety"":""干しうどん"",""state"":""ゆで"",""notes"":[""うどん・そうめん類""]}",ゆでうどんは調理済みの炭水化物源で犬のレシピに使いやすい。,7,1,1,(120),(230),(66),(48),(75),(120),(170),(100),(270),(99),(36),(140),(74),(120),(0.41),(0.25),(0.01),(0.24),(240),(13),(0),(0),(0),"[""うどん"",""ウドン"",""udon"",""麺"",""めん""]",干しうどん,ゆで,Dried Udon,Boiled,102.95,6.4,20121,"Spaghetti, cooked, enriched, without added salt",,,,,,TRUE,穀物・麺類 > うどん
01,01043,こむぎ　［うどん・そうめん類］　そうめん・ひやむぎ　乾,12.5,9.5,1.1,2.5,4.2,333,17,70,1500,120,22,0.6,0.4,0.12,0.44,0,16,(0),(0),0.3,0.08,0.02,0.9,0.03,(0),8,0.70,"{""baseName"":""こむぎ"",""variety"":""そうめん・ひやむぎ"",""state"":""乾"",""notes"":[""うどん・そうめん類""]}",乾麺のそうめん・ひやむぎは小麦由来の炭水化物源として利用可能,8,1,1,370,700,190,150,230,370,510,320,830,290,110,430,230,360,(0.91),(0.56),(0.03),(0.53),(530),(29),(0),(0),(0),"[""そうめん"",""素麺"",""somen"",""ひやむぎ"",""冷麦"",""hiyamugi"",""麺""]",そうめん,乾,Somen,Dried,288.3,15,20120,"Spaghetti, dry, enriched",168908,"Noodles, japanese, somen, dry",1.3935871797077541,,,TRUE,穀物・麺類 > 素麺
01,01044,こむぎ　［うどん・そうめん類］　そうめん・ひやむぎ　ゆで,70.0,3.5,0.4,0.9,0.3,114,6,24,85,5,5,0.2,0.2,0.05,0.12,0,6,(0),(0),0.1,0.02,0.01,0.2,Tr,(0),2,0.25,"{""baseName"":""こむぎ"",""variety"":""そうめん・ひやむぎ"",""state"":""ゆで"",""notes"":[""うどん・そうめん類""]}",ゆでた小麦麺は消化しやすい炭水化物源だが、たんぱく質等は少ないため補助的素材として適する。,7,1,1,140,270,72,60,73,130,190,130,320,110,41,160,87,140,(0.33),(0.20),(0.01),(0.19),(190),(10),(0),(0),(0),"[""そうめん"",""素麺"",""somen"",""ひやむぎ"",""冷麦"",""hiyamugi"",""麺""]",そうめん,ゆで,Somen,Boiled,102.8,6.4,20121,"Spaghetti, cooked, enriched, without added salt",168909,"Noodles, japanese, somen, cooked",2.9891251687369027,,,TRUE,穀物・麺類 > 素麺
01,01045,こむぎ　［うどん・そうめん類］　手延そうめん・手延ひやむぎ　乾,14.0,9.3,1.5,1.8,6.3,312,20,70,2300,110,23,0.6,0.4,0.14,0.43,1,22,(0),(0),0.1,0.06,0.02,0.9,0.03,(0),10,0.52,"{""baseName"":""こむぎ"",""variety"":""手延そうめん・手延ひやむぎ"",""state"":""乾"",""notes"":[""うどん・そうめん類""]}",炭水化物源として利用可能だが、小麦アレルギーの犬もいるため留意が必要。,7,1,1,350,690,200,130,220,350,490,300,800,290,110,410,220,360,1.36,0.75,0.03,0.73,730,26,0,0,0,"[""手延そうめん"",""手延ひやむぎ"",""そうめん"",""ひやむぎ"",""somen"",""hiyamugi""]",手延そうめん,乾,Hand-stretched Somen,Dried,280.15,15,20120,"Spaghetti, dry, enriched",168908,"Noodles, japanese, somen, dry",1.5374321527008548,,,TRUE,穀物・麺類 > 素麺
01,01046,こむぎ　［うどん・そうめん類］　手延そうめん・手延ひやむぎ　ゆで,70.0,3.5,0.6,1.0,0.4,119,6,23,130,5,4,0.2,0.1,0.05,0.12,-,-,(0),(0),Tr,0.03,0.01,0.2,0,(0),2,0.16,"{""baseName"":""こむぎ"",""variety"":""手延そうめん・手延ひやむぎ"",""state"":""ゆで"",""notes"":[""うどん・そうめん類""]}",ゆでた小麦麺で炭水化物源として使用可能,7,1,1,(130),(260),(75),(50),(83),(130),(190),(110),(300),(110),(41),(150),(83),(140),(0.54),(0.30),(0.01),(0.29),(290),(10),(0),(0),(0),"[""手延そうめん"",""手延ひやむぎ"",""そうめん"",""ひやむぎ"",""somen"",""hiyamugi""]",手延そうめん,ゆで,Hand-stretched Somen,Boiled,103.1,6.4,20121,"Spaghetti, cooked, enriched, without added salt",,,,,,TRUE,穀物・麺類 > 素麺
01,01047,こむぎ　［中華めん類］　中華めん　生,33.0,8.6,1.2,5.4,1.5,249,21,66,410,350,13,0.5,0.4,0.09,0.35,Tr,33,(0),(0),0.2,0.02,0.02,0.6,0.02,(0),8,0.55,"{""baseName"":""こむぎ"",""variety"":""中華めん"",""state"":""生"",""notes"":[""中華めん類""]}",小麦を主成分とする麺類で炭水化物源として使用可。調理して与えるのが一般的,7,1,1,350,670,200,140,190,340,500,330,830,280,100,420,220,350,(0.99),(0.61),(0.03),(0.58),(580),(31),(0),(0),(0),"[""中華めん"",""中華麺"",""ちゅうかめん"",""チュウカメン"",""ラーメン"",""ramen"",""麺""]",中華めん,生,Ramen Noodles,Fresh,216.35,26,20110,"Noodles, egg, cooked, enriched",168926,"Noodles, egg, unenriched, cooked, without added salt",1.4579305433032161,,25.7,TRUE,穀物・麺類 > 中華麺
01,01050,こむぎ　［中華めん類］　干し中華めん　乾,14.7,11.7,1.6,6.0,1.9,337,21,82,410,300,23,1.1,0.5,0.15,0.44,0,24,(0),(0),0.2,0.02,0.03,0.8,0.05,(0),11,0.76,"{""baseName"":""こむぎ"",""variety"":""干し中華めん"",""state"":""乾"",""notes"":[""中華めん類""]}",干し中華めんは炭水化物源として利用可能な加工穀類,7,1,1,(480),(910),(270),(190),(260),(460),(680),(450),(1100),(380),(140),(570),(290),(470),(1.33),(0.82),(0.04),(0.78),(780),(38),(0),(0),(0),"[""中華めん"",""中華麺"",""ラーメン"",""ramen"",""中華そば"",""麺""]",干し中華めん,乾,Ramen Noodles,Dried,278.9,79,20109,"Noodles, egg, dry, enriched",168926,"Noodles, egg, unenriched, cooked, without added salt",1.2510406711667401,,25.7,TRUE,穀物・麺類 > 中華麺
01,01051,こむぎ　［中華めん類］　干し中華めん　ゆで,66.8,4.9,0.5,2.6,0.3,131,13,29,66,42,10,0.4,0.2,0.05,0.18,0,9,(0),(0),Tr,0,0,0.1,0.01,Tr,3,0.25,"{""baseName"":""こむぎ"",""variety"":""干し中華めん"",""state"":""ゆで"",""notes"":[""中華めん類""]}",ゆで麺は原材料が小麦主体の安全な炭水化物源で、料理素材として利用可能。,7,1,1,(200),(380),(110),(80),(110),(190),(280),(190),(470),(160),(57),(240),(120),(200),(0.43),(0.26),(0.01),(0.25),(250),(12),(0),(0),(0),"[""中華めん"",""中華麺"",""ラーメン"",""ramen"",""中華そば"",""麺""]",干し中華めん,ゆで,Ramen Noodles,Boiled,108.55,26,20110,"Noodles, egg, cooked, enriched",168909,"Noodles, japanese, somen, cooked",1.156253077837264,,,TRUE,穀物・麺類 > 中華麺
01,01190,こむぎ　［即席めん類］　即席中華めん　非油揚げ　ゆで　（添付調味料等を含まないもの）,63.9,3.4,0.8,2.7,0.9,139,94,46,230,64,8,0.2,0.2,0.04,0.17,1,5,0,0,0.7,Tr,Tr,0.4,0.01,0,3,0.12,"{""baseName"":""こむぎ"",""variety"":""即席中華めん 非油揚げ"",""state"":""ゆで"",""notes"":[""即席めん類"",""添付調味料等を含まないもの""]}",ゆでた即席中華めんは炭水化物源として利用可能,7,1,1,140,260,71,57,68,130,190,120,310,110,42,160,90,130,0.61,0.24,0.01,0.23,230,12,0,0,0,"[""即席めん"",""即席ラーメン"",""インスタントラーメン"",""インスタント麺"",""袋麺"",""インスタント"",""instant noodles"",""ramen""]",即席めん,非油揚げ・ゆで,Instant Noodles,"Non-fried, Boiled (no seasoning)",117.75,6.4,20121,"Spaghetti, cooked, enriched, without added salt",168909,"Noodles, japanese, somen, cooked",2.312078797081151,,,FALSE,
01,01063,こむぎ　［マカロニ・スパゲッティ類］　マカロニ・スパゲッティ　乾,11.3,12.9,1.8,5.4,0.8,347,18,130,1,200,55,1.4,1.5,0.28,0.82,0,63,(0),(0),0.3,0.19,0.06,2.3,0.11,(0),13,0.65,"{""baseName"":""こむぎ"",""variety"":""マカロニ・スパゲッティ"",""state"":""乾"",""notes"":[""マカロニ・スパゲッティ類""]}",乾燥マカロニは炭水化物源として利用可能な素材,8,1,1,510,1000,260,220,310,530,700,390,1100,410,150,620,360,520,1.46,0.87,0.05,0.82,820,49,0,0,0,"[""マカロニ"",""スパゲッティ"",""パスタ"",""macaroni"",""spaghetti"",""pasta""]",パスタ,乾,Pasta,Dried,297.75,15,20120,"Spaghetti, dry, enriched",168927,"Pasta, dry, unenriched",0.7841646994206275,,,TRUE,穀物・麺類 > パスタ
01,01064,こむぎ　［マカロニ・スパゲッティ類］　マカロニ・スパゲッティ　ゆで,60.0,5.8,0.9,3.0,1.2,150,8,53,460,14,20,0.7,0.7,0.14,0.35,0,32,(0),(0),0.1,0.06,0.03,0.6,0.02,(0),4,0.28,"{""baseName"":""こむぎ"",""variety"":""マカロニ・スパゲッティ"",""state"":""ゆで"",""notes"":[""マカロニ・スパゲッティ類""]}",ゆでたマカロニ・スパゲッティは消化しやすい炭水化物源で犬のレシピ素材として適切。,8,1,1,230,450,120,100,130,230,310,180,490,180,64,270,150,230,0.69,0.41,0.02,0.38,380,22,0,0,0,"[""小麦"",""こむぎ"",""コムギ"",""wheat"",""パスタ"",""ぱすた"",""マカロニ"",""まかろに"",""スパゲッティ"",""スパゲティ"",""spaghetti"",""macaroni"",""pasta""]",パスタ,ゆで,Pasta,Boiled,129.8,6.4,20121,"Spaghetti, cooked, enriched, without added salt",168928,"Pasta, cooked, unenriched, without added salt",0.926071738380402,,6.4,TRUE,穀物・麺類 > パスタ
01,01149,こむぎ　［マカロニ・スパゲッティ類］　生パスタ　生,42.0,7.8,1.9,1.5,1.4,232,12,73,470,76,18,0.5,0.5,0.12,0.32,-,-,(0),-,0.1,0.05,0.04,1.1,0.05,(0),9,0.27,"{""baseName"":""こむぎ"",""variety"":""生パスタ"",""state"":""生"",""notes"":[""マカロニ・スパゲッティ類""]}",生パスタ（小麦）は消化性のある炭水化物源として使用可能だが加工食品である,7,1,1,310,620,200,130,170,300,440,270,710,260,93,380,200,320,1.61,0.76,0.04,0.72,720,40,0,0,6,"[""小麦"",""こむぎ"",""コムギ"",""wheat"",""パスタ"",""ぱすた"",""生パスタは除外のためパスタのみ表示しています"",""パスタ製品""]",生パスタ,,Fresh Pasta,,202.35,26,20110,"Noodles, egg, cooked, enriched",168928,"Pasta, cooked, unenriched, without added salt",1.2480284182340347,,6.4,TRUE,穀物・麺類 > パスタ
01,01066,こむぎ　［ふ類］　焼きふ　釜焼きふ,11.3,28.5,2.7,3.7,0.6,357,33,130,6,120,43,3.3,2.2,0.32,-,-,-,(0),(0),0.5,0.16,0.07,3.5,0.08,(0),16,0.58,"{""baseName"":""こむぎ"",""variety"":""焼きふ 釜焼きふ"",""notes"":[""ふ類""]}",焼きふ（小麦由来のふ類）は穀物由来の素材として利用可能,7,1,1,1200,2200,500,510,840,1400,1600,970,2600,860,330,1300,690,1000,(2.23),(1.37),(0.07),(1.30),(1300),(70),(0),(0),(0),"[""小麦"",""こむぎ"",""コムギ"",""wheat"",""麩"",""ふ"",""フ"",""fu"",""釜麩"",""かまふ""]",釜麩,,Kama-fu,,308.9,,,,169761,,,,10.4,TRUE,加工食材 > お麩
01,01067,こむぎ　［ふ類］　焼きふ　板ふ,12.5,25.6,3.3,3.8,1.3,351,31,220,190,220,90,4.9,2.9,0.49,1.54,-,-,(0),(0),0.6,0.20,0.08,3.6,0.16,(0),22,0.79,"{""baseName"":""こむぎ"",""variety"":""焼きふ 板ふ"",""notes"":[""ふ類""]}",焼きふ（板ふ）は小麦由来の加工品でアレルギーや消化を考慮する必要があるが、素材として使える。,7,1,1,(1000),(1900),(450),(460),(750),(1200),(1400),(830),(2200),(710),(300),(1100),(610),(900),(2.73),(1.68),(0.09),(1.59),(1600),(86),(0),(0),(0),"[""小麦"",""こむぎ"",""コムギ"",""wheat"",""麩"",""ふ"",""フ"",""fu"",""板麩"",""いたふ""]",板麩,,Ita-fu,,304.9,,,,172020,"Wheat flour, white (industrial), 13% protein, bleached, unenriched",1.5563290274953356,,10.4,TRUE,加工食材 > お麩
01,01068,こむぎ　［ふ類］　焼きふ　車ふ,11.4,30.2,3.4,2.6,0.8,361,25,130,110,130,53,4.2,2.7,0.42,1.23,-,-,(0),(0),0.4,0.12,0.07,2.9,0.07,(0),11,0.47,"{""baseName"":""こむぎ"",""variety"":""焼きふ 車ふ"",""notes"":[""ふ類""]}",小麦製の伝統食材（ふ類）で消化性やアレルギーに配慮すれば素材として使える。,7,1,1,(1200),(2300),(530),(540),(880),(1400),(1700),(980),(2700),(840),(350),(1300),(720),(1100),(2.81),(1.73),(0.09),(1.64),(1600),(88),(0),(0),(0),"[""小麦"",""こむぎ"",""コムギ"",""wheat"",""麩"",""ふ"",""フ"",""fu"",""車麩"",""くるまふ""]",車麩,,Kuruma-fu,,315.2,,,,172020,"Wheat flour, white (industrial), 13% protein, bleached, unenriched",1.4765969045092502,,10.4,TRUE,加工食材 > お麩
01,01071,こむぎ　［その他］　小麦たんぱく　粉末状,6.5,72.0,9.7,2.4,1.2,398,75,180,60,90,75,6.6,5.0,0.75,2.67,-,-,(0),(0),1.1,0.03,0.12,3.5,0.10,(0),34,0.61,"{""baseName"":""こむぎ"",""variety"":""小麦たんぱく 粉末状"",""notes"":[""その他""]}",小麦たんぱくはタンパク源として利用できるが一部で消化性に注意,7,1,1,3100,5400,1400,1300,1600,2900,4100,2600,6700,2200,790,3400,1800,2800,(6.49),(4.25),(0.25),(4.00),(4000),(250),(0),(0),(0),"[""小麦"",""こむぎ"",""コムギ"",""wheat"",""小麦たんぱく"",""こむぎたんぱく"",""コムギタンパク"",""グルテン"",""小麦グルテン"",""wheat protein"",""gluten""]",小麦たんぱく,粉末,Wheat Protein,Powder,363.15,,,,168147,Vital wheat gluten,2.414699328052899,,,FALSE,
01,01074,こむぎ　［その他］　ぎょうざの皮　生,32.0,9.3,1.4,2.2,0.3,275,16,60,2,64,18,0.8,0.6,0.12,0.28,-,-,(0),(0),0.2,0.08,0.04,0.7,0.06,(0),12,0.61,"{""baseName"":""こむぎ"",""variety"":""ぎょうざの皮"",""state"":""生"",""notes"":[""その他""]}",小麦のぎょうざの皮は炭水化物源として利用可能で犬のレシピ素材として適切,8,1,1,(340),(660),(190),(160),(240),(400),(490),(280),(780),(260),(110),(400),(220),(330),(1.16),(0.71),(0.04),(0.68),(680),(36),(0),(0),(0),"[""小麦"",""こむぎ"",""コムギ"",""wheat"",""餃子の皮"",""ぎょうざのかわ"",""ギョウザの皮"",""gyoza wrapper"",""dumpling wrapper""]",餃子の皮,生,Gyoza Wrappers,Fresh,236.25,15,20120,"Spaghetti, dry, enriched",169761,"Wheat flour, white, all-purpose, unenriched",1.3800674224616727,,10.4,FALSE,
01,01179,こむぎ　［その他］　春巻きの皮　生,26.7,8.3,1.6,4.5,1.2,288,13,54,440,77,13,0.3,0.3,0.09,0.23,1,18,-,0,Tr,0.03,0.01,0.7,0.03,Tr,9,0.18,"{""baseName"":""こむぎ"",""variety"":""春巻きの皮"",""state"":""生"",""notes"":[""その他""]}",春巻きの皮（小麦由来の生地）は炭水化物源として利用できるが加工度があるため一般的な素材評価とする。,7,0,0,,,,,,,,,,,,,,,,,,,,,,,,"[""小麦"",""こむぎ"",""コムギ"",""wheat"",""春巻きの皮"",""はるまきのかわ"",""春巻の皮"",""spring roll wrapper"",""spring roll wrappers""]",春巻きの皮,生,Spring Roll Wrappers,Fresh,244.6,15,20120,"Spaghetti, dry, enriched",168928,"Pasta, cooked, unenriched, without added salt",1.69166741548424,,6.4,FALSE,
01,01077,こむぎ　［その他］　パン粉　生,35.0,11.0,5.1,3.0,1.3,277,25,97,350,110,29,1.1,0.7,0.15,0.47,-,-,(0),(0),0.3,0.11,0.02,1.2,0.05,(0),40,0.41,"{""baseName"":""こむぎ"",""variety"":""パン粉"",""state"":""生"",""notes"":[""その他""]}",パン粉は小麦由来の炭水化物素材として利用できるが加工品である点に留意。,7,1,1,(380),(740),(210),(150),(230),(380),(540),(330),(880),(300),(110),(440),(250),(350),(4.39),(1.01),(0.06),(0.95),(940),(63),(0),(0),(1),"[""小麦"",""こむぎ"",""コムギ"",""wheat"",""パン粉"",""ぱんこ"",""パンくず"",""パン屑"",""breadcrumbs""]",パン粉,生,Breadcrumbs,Fresh,237.95,15,18069,"Bread, white, commercially prepared, (includes soft bread crumbs)",168913,,,,10.4,TRUE,穀物・麺類 > パン粉
01,01078,こむぎ　［その他］　パン粉　半生,26.0,12.5,5.8,3.5,1.4,315,28,110,400,130,34,1.2,0.8,0.17,0.53,-,-,(0),(0),0.4,0.13,0.03,1.4,0.06,(0),46,0.47,"{""baseName"":""こむぎ"",""variety"":""パン粉 半生"",""notes"":[""その他""]}",パン粉は衣付けなどに使える加工小麦製品で素材として利用可能だが加工度が高い,7,1,1,(430),(840),(240),(170),(270),(440),(620),(380),(1000),(340),(130),(500),(280),(400),(5.00),(1.15),(0.07),(1.07),(1100),(71),(0),(0),(1),"[""小麦"",""こむぎ"",""コムギ"",""wheat"",""パン粉"",""ぱんこ"",""パンくず"",""パン屑"",""breadcrumbs""]",パン粉,半生,Breadcrumbs,Semi-dried,270.85,15,18069,"Bread, white, commercially prepared, (includes soft bread crumbs)",168913,"Wheat flours, bread, unenriched",1.4514807688926477,,10.4,TRUE,穀物・麺類 > パン粉
01,01150,こむぎ　［その他］　冷めん　生,36.4,3.9,0.7,1.1,1.4,249,11,57,530,59,12,0.3,0.2,0.05,0.21,-,-,(0),-,0,0.04,Tr,0.4,0.02,(0),4,0.11,"{""baseName"":""こむぎ"",""variety"":""冷めん"",""state"":""生"",""notes"":[""その他""]}",冷めん（小麦）は炭水化物源として使えるが加工穀類である,7,1,1,140,270,87,53,85,140,200,120,320,110,45,170,88,160,0.53,0.25,0.01,0.24,240,14,0,0,0,"[""米"",""こめ"",""コメ"",""rice"",""冷麺"",""れいめん"",""冷めん"",""cold noodles"",""reimen"",""naengmyeon""]",冷麺,生,Cold Noodles,Fresh,217.35,15,20120,"Spaghetti, dry, enriched",168909,"Noodles, japanese, somen, cooked",1.7233430142170152,,,FALSE,
01,01080,こめ　［水稲穀粒］　玄米,14.9,6.8,2.7,3.0,1.2,346,9,290,1,230,110,2.1,1.8,0.27,2.06,Tr,3,(0),(0),1.2,0.41,0.04,6.3,0.45,(0),27,1.37,"{""baseName"":""こめ"",""variety"":""玄米"",""notes"":[""水稲穀粒""]}",玄米は穀類として栄養源になり得る（炭水化物・食物繊維）ため犬の素材として適切,9,1,1,280,560,270,160,160,320,360,320,680,270,100,420,190,600,2.35,0.90,0.03,0.87,870,34,-,-,-,"[""米"",""こめ"",""コメ"",""rice"",""玄米"",""げんまい"",""genmai"",""brown rice""]",玄米,,Brown Rice,,296.65,9.2,20037,"Rice, brown, long-grain, cooked",169703,"Rice, brown, long-grain, raw (Includes foods for USDA's Food Distribution Program)",1.4934533774058518,,21.5,TRUE,穀物・麺類 > 玄米
01,01081,こめ　［水稲穀粒］　半つき米,14.9,6.5,1.8,1.4,0.8,345,7,210,1,150,64,1.5,1.6,0.24,1.40,Tr,2,(0),(0),0.8,0.30,0.03,3.5,0.28,(0),18,1.00,"{""baseName"":""こめ"",""variety"":""半つき米"",""notes"":[""水稲穀粒""]}",半つき米は精白度の低い米で炭水化物や食物繊維の供給源として適している,9,1,1,(260),(530),(250),(150),(150),(310),(340),(270),(620),(230),(93),(380),(180),(550),(1.58),(0.61),(0.02),(0.59),(590),(22),(0),(0),(0),"[""米"",""こめ"",""コメ"",""rice""]",半つき米,,Half-milled Rice,,299.15,9.2,20037,"Rice, brown, long-grain, cooked",168875,"Rice, brown, medium-grain, cooked (Includes foods for USDA's Food Distribution Program)",1.832954997221325,,,TRUE,穀物・麺類 > 半つき米
01,01082,こめ　［水稲穀粒］　七分つき米,14.9,6.3,1.5,0.9,0.6,348,6,180,1,120,45,1.3,1.5,0.23,1.05,0,2,(0),(0),0.4,0.24,0.03,1.7,0.20,(0),15,0.84,"{""baseName"":""こめ"",""variety"":""七分つき米"",""notes"":[""水稲穀粒""]}",七分つき米は利用しやすい穀類で犬のレシピ素材として適している,9,1,1,(250),(520),(230),(150),(150),(300),(330),(260),(590),(220),(89),(370),(170),(520),(1.33),(0.51),(0.02),(0.49),(490),(19),(0),(0),(0),"[""米"",""こめ"",""コメ"",""rice""]",七分つき米,,70% Polished Rice,,300.1,2.1,20045,"Rice, white, long grain, regular, cooked",168875,"Rice, brown, medium-grain, cooked (Includes foods for USDA's Food Distribution Program)",1.6745125037774489,,,TRUE,穀物・麺類 > 七分つき米
01,01083,こめ　［水稲穀粒］　精白米　うるち米,14.9,6.1,0.9,0.5,0.4,342,5,95,1,89,23,0.8,1.4,0.22,0.81,0,2,(0),(0),0.1,0.08,0.02,1.2,0.12,(0),12,0.66,"{""baseName"":""こめ"",""variety"":""精白米 うるち米"",""notes"":[""水稲穀粒""]}",精白米（うるち米）は消化しやすい炭水化物で犬のレシピ素材として適している。,9,1,1,250,500,220,150,140,290,330,240,570,230,85,360,170,510,0.81,0.31,0.01,0.30,300,11,0,0,0,"[""米"",""こめ"",""コメ"",""rice"",""うるち米"",""うるちごめ"",""uruchimai"",""non glutinous rice""]",白米,うるち米,White Rice,Non-glutinous,299.2,2.1,20045,"Rice, white, long grain, regular, cooked",168931,"Rice, white, short-grain, raw, unenriched",1.5732850990118836,,,TRUE,穀物・麺類 > 白米
01,01151,こめ　［水稲穀粒］　精白米　もち米,14.9,6.4,1.2,(0.5),0.4,343,5,100,Tr,97,33,0.2,1.5,0.22,1.30,0,2,(0),(0),(0.2),0.12,0.02,1.6,(0.12),(0),(12),(0.67),"{""baseName"":""こめ"",""variety"":""精白米 もち米"",""notes"":[""水稲穀粒""]}",精白もち米は消化しやすい炭水化物源でレシピ素材として適する,9,1,1,270,550,230,160,150,320,350,330,680,250,92,400,170,570,0.94,0.37,0.01,0.36,360,10,0,0,0,"[""米"",""こめ"",""コメ"",""rice"",""もち米"",""もちごめ"",""mochi rice"",""glutinous rice"",""sticky rice""]",もち米,精白,Glutinous Rice,Polished,302.45,2.1,20045,"Rice, white, long grain, regular, cooked",169711,"Rice, white, glutinous, unenriched, cooked",2.282200453049649,,2.1,TRUE,穀物・麺類 > もち米
01,01152,こめ　［水稲穀粒］　精白米　インディカ米,13.7,7.4,0.9,0.5,0.4,347,5,90,1,68,18,0.5,1.6,0.20,0.88,0,7,(0),(0),Tr,0.06,0.02,1.1,0.08,(0),16,0.61,"{""baseName"":""こめ"",""variety"":""精白米 インディカ米"",""notes"":[""水稲穀粒""]}",精白米は消化の良い炭水化物で犬のレシピ素材として適している,9,1,1,300,600,270,210,180,400,390,390,780,290,110,440,190,590,0.71,0.26,0.01,0.25,250,10,0,0,0,"[""米"",""こめ"",""コメ"",""rice"",""インディカ米"",""インディカ"",""indica rice""]",インディカ米,精白,Indica Rice,Polished,303.4,2.1,20045,"Rice, white, long grain, regular, cooked",169757,"Rice, white, long-grain, regular, unenriched, cooked without salt",2.0190845187457365,,2.1,TRUE,穀物・麺類 > インディカ米
01,01084,こめ　［水稲穀粒］　はいが精米,14.9,6.5,2.0,1.3,0.7,343,7,150,1,150,51,0.9,1.6,0.22,1.54,0,2,(0),(0),0.9,0.23,0.03,3.1,0.22,(0),18,1.00,"{""baseName"":""こめ"",""variety"":""はいが精米"",""notes"":[""水稲穀粒""]}",消化しやすい主食の炭水化物源で、犬のレシピ素材として適している,9,0,1,,,,,,,,,,,,,,,1.77,0.70,0.02,0.67,670,24,-,-,-,"[""米"",""こめ"",""コメ"",""rice"",""胚芽米"",""はいがまい"",""germ rice"",""胚芽""]",胚芽米,精白,Germ Rice,Polished,300.85,9.2,20037,"Rice, brown, long-grain, cooked",169760,"Rice, white, medium-grain, raw, unenriched",1.3888399714503987,,,TRUE,穀物・麺類 > 胚芽米
01,01153,こめ　［水稲穀粒］　発芽玄米,14.9,6.5,3.3,3.1,1.1,339,13,280,3,160,120,1.0,1.9,0.23,2.07,-,-,(0),(0),1.2,0.35,0.02,4.9,0.34,(0),18,0.75,"{""baseName"":""こめ"",""variety"":""発芽玄米"",""notes"":[""水稲穀粒""]}",発芽玄米は消化しやすい穀類で犬のレシピ素材として適している,9,1,1,260,510,250,160,160,320,330,290,620,250,94,380,180,550,2.66,0.95,0.03,0.92,920,32,0,0,0,"[""米"",""こめ"",""コメ"",""rice"",""発芽玄米"",""はつがげんまい"",""hatsuga genmai"",""sprouted brown rice"",""germinated brown rice""]",発芽玄米,,Sprouted Brown Rice,,299.65,9.2,20037,"Rice, brown, long-grain, cooked",169706,"Rice, brown, medium-grain, raw (Includes foods for USDA's Food Distribution Program)",2.1164399129129565,,,TRUE,穀物・麺類 > 発芽玄米
01,01181,こめ　［水稲穀粒］　赤米,14.6,8.5,3.3,6.5,1.4,344,12,350,2,290,130,1.2,2.4,0.27,2.50,Tr,3,-,0,1.5,0.38,0.05,5.5,0.50,-,30,1.17,"{""baseName"":""こめ"",""variety"":""赤米"",""notes"":[""水稲穀粒""]}",赤米は栄養価のある穀類で犬の素材として利用可能。,8,0,0,,,,,,,,,,,,,,,,,,,,,,,,"[""米"",""こめ"",""コメ"",""rice"",""赤米"",""あかまい"",""red rice""]",赤米,,Red Rice,,287.75,9.2,20037,"Rice, brown, long-grain, cooked",169703,"Rice, brown, long-grain, raw (Includes foods for USDA's Food Distribution Program)",1.0680074203916186,,21.5,TRUE,穀物・麺類 > 赤米
01,01182,こめ　［水稲穀粒］　黒米,15.2,7.8,3.2,5.6,1.4,341,15,310,1,270,110,0.9,1.9,0.22,4.28,0,3,-,0,1.3,0.39,0.10,6.9,0.49,-,49,0.83,"{""baseName"":""こめ"",""variety"":""黒米"",""notes"":[""水稲穀粒""]}",黒米は穀類として栄養源となり得る良い素材（食物繊維やポリフェノールを含む）,8,0,0,,,,,,,,,,,,,,,,,,,,,,,,"[""黒米"",""くろまい"",""クロマイ"",""こめ"",""米"",""お米"",""rice"",""black rice""]",黒米,,Black rice,,288.3,9.2,20037,"Rice, brown, long-grain, cooked",169706,"Rice, brown, medium-grain, raw (Includes foods for USDA's Food Distribution Program)",1.7473939798681704,,,FALSE,
01,01085,こめ　［水稲めし］　玄米,60.0,2.8,1.0,1.4,0.6,152,7,130,1,95,49,0.6,0.8,0.12,1.04,0,1,(0),(0),0.5,0.16,0.02,2.9,0.21,(0),10,0.65,"{""baseName"":""こめ"",""variety"":""玄米"",""notes"":[""水稲めし""]}",玄米は繊維や炭水化物源として良好で、炊いてから与える前提で適している。,8,1,1,110,230,110,67,59,130,140,130,270,110,42,170,78,240,(0.86),(0.33),(0.01),(0.32),(320),(12),-,-,-,"[""玄米"",""げんまい"",""ゲンマイ"",""こめ"",""米"",""お米"",""rice"",""brown rice""]",玄米ご飯,,Cooked brown rice,,138,9.2,20037,"Rice, brown, long-grain, cooked",168875,"Rice, brown, medium-grain, cooked (Includes foods for USDA's Food Distribution Program)",1.0331120409802668,,,TRUE,穀物・麺類 > 玄米
01,01086,こめ　［水稲めし］　半つき米,60.0,2.7,0.6,0.8,0.3,154,4,53,1,43,22,0.2,0.7,0.11,0.60,0,1,(0),(0),0.2,0.08,0.01,1.6,0.07,(0),6,0.35,"{""baseName"":""こめ"",""variety"":""半つき米"",""notes"":[""水稲めし""]}",半つき米は消化に良い炭水化物源で犬のレシピ素材として適切。,9,1,1,(100),(210),(99),(65),(57),(120),(140),(110),(250),(94),(39),(150),(70),(220),(0.52),(0.20),(0.01),(0.19),(190),(7),(0),(0),(0),"[""米"",""こめ"",""お米"",""rice""]",半つき米ご飯,,Cooked semi-milled rice,,139.15,9.2,20037,"Rice, brown, long-grain, cooked",168930,"Rice, white, medium-grain, cooked, unenriched",1.5500121440137522,,,TRUE,穀物・麺類 > 白米
01,01087,こめ　［水稲めし］　七分つき米,60.0,2.6,0.5,0.5,0.2,160,4,44,1,35,13,0.2,0.7,0.11,0.46,0,1,(0),(0),0.1,0.06,0.01,0.8,0.03,(0),5,0.26,"{""baseName"":""こめ"",""variety"":""七分つき米"",""notes"":[""水稲めし""]}",七分つき米は良質な炭水化物源で犬のレシピ素材として適しているため,9,1,1,(96),(200),(92),(63),(55),(120),(130),(100),(230),(90),(37),(140),(66),(210),(0.44),(0.17),(0.01),(0.16),(160),(6),(0),(0),(0),"[""米"",""こめ"",""お米"",""rice""]",七分つき米ご飯,,Cooked 70%‑polished rice,,140.05,2.1,20045,"Rice, white, long grain, regular, cooked",168932,"Rice, white, short-grain, cooked, unenriched",1.5504733528746024,,,TRUE,穀物・麺類 > 白米
01,01168,こめ　［水稲めし］　精白米　インディカ米,54.0,3.8,0.4,0.4,0.2,184,2,41,0,31,8,0.2,0.8,0.10,0.42,0,3,(0),(0),0,0.02,Tr,0.3,0.02,(0),6,0.24,"{""baseName"":""こめ"",""variety"":""精白米 インディカ米"",""notes"":[""水稲めし""]}",精白米（炊飯）は消化が良く犬のエネルギー源として適した素材。,9,1,1,150,300,130,110,92,200,200,180,370,140,56,220,91,290,0.30,0.12,Tr,0.12,120,5,0,0,0,"[""インディカ米"",""インディカ"",""indica rice"",""白米"",""はくまい"",""ハクマイ"",""こめ"",""米"",""rice""]",インディカ米ご飯,,Cooked indica rice,,160.9,2.1,20045,"Rice, white, long grain, regular, cooked",168930,"Rice, white, medium-grain, cooked, unenriched",1.1628173305681828,,,TRUE,穀物・麺類 > 白米
01,01088,こめ　［水稲めし］　精白米　うるち米,60.0,2.5,0.3,1.5,0.1,156,3,34,1,29,7,0.1,0.6,0.10,0.35,0,1,(0),(0),Tr,0.02,0.01,0.2,0.02,(0),3,0.25,"{""baseName"":""こめ"",""variety"":""精白米 うるち米"",""notes"":[""水稲めし""]}",精白米は消化しやすい炭水化物で犬のレシピ素材として適している,9,1,1,93,190,84,61,54,120,130,100,230,91,35,140,61,200,0.23,0.08,Tr,0.08,80,3,0,0,0,"[""うるち米"",""うるち"",""ウルチ米"",""白米"",""はくまい"",""ハクマイ"",""こめ"",""米"",""rice"",""non glutinous rice""]",白ご飯,,Cooked white rice,,135.9,2.1,20045,"Rice, white, long grain, regular, cooked",168932,"Rice, white, short-grain, cooked, unenriched",1.7533993313470895,,,TRUE,穀物・麺類 > 白米
01,01154,こめ　［水稲めし］　精白米　もち米,52.1,3.5,0.5,(0.4),0.1,188,2,19,0,28,5,0.1,0.8,0.11,0.50,0,1,(0),(0),(Tr),0.03,0.01,0.2,(0.02),(0),(4),(0.30),"{""baseName"":""こめ"",""variety"":""精白米 もち米"",""notes"":[""水稲めし""]}",精白もち米は消化しやすい炭水化物源でレシピ素材として適切,9,1,1,150,300,120,92,76,170,190,170,360,130,53,220,93,300,0.39,0.15,Tr,0.15,150,4,0,0,0,"[""もち米"",""もちごめ"",""モチ米"",""モチゴメ"",""こめ"",""米"",""お米"",""rice"",""glutinous rice"",""sticky rice"",""sweet rice""]",もち米ご飯,,Cooked glutinous (sticky) rice,,169.8,2.1,20045,"Rice, white, long grain, regular, cooked",169711,"Rice, white, glutinous, unenriched, cooked",1.303708395224208,,2.1,TRUE,穀物・麺類 > もち米
01,01089,こめ　［水稲めし］　はいが精米,60.0,2.7,0.6,0.8,0.3,159,5,68,1,51,24,0.2,0.7,0.10,0.68,0,1,(0),(0),0.4,0.08,0.01,0.8,0.09,(0),6,0.44,"{""baseName"":""こめ"",""variety"":""はいが精米"",""notes"":[""水稲めし""]}",米（はいが精米）。消化性の良い炭水化物源で犬のレシピ素材として適している。,9,0,1,,,,,,,,,,,,,,,(0.53),(0.21),(0.01),(0.20),(200),(7),-,-,-,"[""胚芽米"",""はいがまい"",""ハイガマイ"",""こめ"",""米"",""お米"",""rice"",""germ rice""]",胚芽米ご飯,,Cooked germ rice,,139.15,9.2,20037,"Rice, brown, long-grain, cooked",168930,"Rice, white, medium-grain, cooked, unenriched",1.5319741523274641,,,TRUE,穀物・麺類 > 玄米
01,01155,こめ　［水稲めし］　発芽玄米,60.0,3.0,1.4,1.8,0.5,161,6,130,1,68,53,0.4,0.9,0.11,0.93,-,-,(0),(0),0.3,0.13,0.01,2.0,0.13,(0),6,0.36,"{""baseName"":""こめ"",""variety"":""発芽玄米"",""notes"":[""水稲めし""]}",発芽玄米は栄養価の高い炭水化物源で犬のレシピ素材として適している,9,1,1,120,250,120,77,65,140,160,150,310,120,44,180,88,260,1.20,0.43,0.01,0.41,410,14,0,0,0,"[""発芽玄米"",""はつがげんまい"",""ハツガゲンマイ"",""玄米"",""げんまい"",""ゲンマイ"",""こめ"",""米"",""rice"",""sprouted brown rice"",""sprouted rice""]",発芽玄米ご飯,,Cooked sprouted brown rice,,138.95,9.2,20037,"Rice, brown, long-grain, cooked",168875,"Rice, brown, medium-grain, cooked (Includes foods for USDA's Food Distribution Program)",1.1214575724269646,,,TRUE,穀物・麺類 > 玄米
01,01183,こめ　［水稲めし］　赤米,61.3,3.8,1.3,3.4,0.6,150,5,150,1,120,55,0.5,1.0,0.12,1.00,-,1,-,-,0.6,0.15,0.02,2.8,0.19,-,9,0.47,"{""baseName"":""こめ"",""variety"":""赤米"",""notes"":[""水稲めし""]}",赤米は全粒に近い米で炭水化物と食物繊維の供給源として適している,8,0,0,,,,,,,,,,,,,,,,,,,,,,,,"[""赤米"",""あかまい"",""アカマイ"",""こめ"",""米"",""お米"",""rice"",""red rice""]",赤米ご飯,,Cooked red rice,,127.95,9.2,20037,"Rice, brown, long-grain, cooked",168875,"Rice, brown, medium-grain, cooked (Includes foods for USDA's Food Distribution Program)",1.4984222550097697,,,FALSE,
01,01184,こめ　［水稲めし］　黒米,62.0,3.6,1.4,3.3,0.6,150,7,150,Tr,130,55,0.4,0.9,0.11,1.95,-,2,-,-,0.3,0.14,0.04,3.0,0.18,-,19,0.40,"{""baseName"":""こめ"",""variety"":""黒米"",""notes"":[""水稲めし""]}",黒米は消化しやすい炭水化物源で、穀類として犬のレシピ素材に適している,8,0,0,,,,,,,,,,,,,,,,,,,,,,,,"[""黒米"",""くろまい"",""クロマイ"",""こめ"",""米"",""お米"",""rice"",""black rice""]",黒米ご飯,,Cooked black rice,,126.35,9.2,20037,"Rice, brown, long-grain, cooked",169704,"Rice, brown, long-grain, cooked (Includes foods for USDA's Food Distribution Program)",1.2190245855566009,,9.2,FALSE,
01,01185,こめ　［水稲軟めし］　精白米,(71.5),(1.8),(0.3),(1.1),(0.1),113,(3),(24),(1),(20),(5),(0.1),(0.4),(0.08),(0.25),0,(1),0,0,(Tr),(0.02),(0.01),(0.1),(0.01),0,(2),(0.18),"{""baseName"":""こめ"",""variety"":""精白米"",""notes"":[""水稲軟めし""]}",軟らかく炊いた白米は消化の良い炭水化物源で犬に適した素材。,9,0,0,,,,,,,,,,,,,,,,,,,,,,,,"[""白米"",""はくまい"",""ハクマイ"",""こめ"",""米"",""お米"",""rice""]",白ご飯,軟めし,Cooked white rice,Soft-cooked,350,2.1,20045,"Rice, white, long grain, regular, cooked",169711,"Rice, white, glutinous, unenriched, cooked",2.136717873656917,,2.1,TRUE,穀物・麺類 > 白米
01,01090,こめ　［水稲全かゆ］　玄米,(83.0),(1.2),(0.4),(0.6),(0.2),64,(3),(55),(1),(41),(21),(0.2),(0.3),(0.05),(0.44),-,-,(0),(0),0,(0.07),(0.01),(1.2),(0.09),(0),(4),(0.28),"{""baseName"":""こめ"",""variety"":""玄米"",""notes"":[""水稲全かゆ""]}",玄米かゆは消化しやすい炭水化物源で穏やかなエネルギー供給になる。,9,1,1,(47),(95),(48),(28),(25),(53),(61),(52),(110),(43),(18),(70),(33),(100),(0.35),(0.13),(Tr),(0.13),(130),(5),-,-,-,"[""玄米"",""げんまい"",""ゲンマイ"",""こめ"",""米"",""お米"",""rice"",""brown rice""]",玄米粥,全がゆ,Brown rice porridge,Full porridge,350,9.2,20037,"Rice, brown, long-grain, cooked",168932,"Rice, white, short-grain, cooked, unenriched",1.9035476040082695,,,TRUE,穀物・麺類 > おかゆ
01,01091,こめ　［水稲全かゆ］　半つき米,(83.0),(1.1),(0.3),(0.3),(0.1),65,(2),(23),(Tr),(18),(9),(0.1),(0.3),(0.05),(0.26),-,-,(0),(0),0,(0.03),(Tr),(0.7),(0.03),(0),(2),(0.15),"{""baseName"":""こめ"",""variety"":""半つき米"",""notes"":[""水稲全かゆ""]}",おかゆの米は消化に良い炭水化物で犬の素材として適している,9,1,1,(41),(86),(40),(26),(23),(50),(55),(45),(100),(38),(16),(61),(29),(89),(0.26),(0.10),(Tr),(0.10),(97),(4),(0),(0),(0),"[""米"",""こめ"",""お米"",""rice""]",半つき米粥,全がゆ,Semi-milled rice porridge,Full porridge,350,9.2,20037,"Rice, brown, long-grain, cooked",168932,"Rice, white, short-grain, cooked, unenriched",1.817632484192952,,,TRUE,穀物・麺類 > おかゆ
01,01092,こめ　［水稲全かゆ］　七分つき米,(83.0),(1.1),(0.2),(0.2),(0.1),68,(2),(19),(Tr),(15),(6),(0.1),(0.3),(0.04),(0.19),-,-,(0),(0),(Tr),(0.03),(Tr),(0.3),(0.01),(0),(2),(0.11),"{""baseName"":""こめ"",""variety"":""七分つき米"",""notes"":[""水稲全かゆ""]}",ごはんのおかゆは消化に良い炭水化物源で犬に適している,9,1,1,(41),(86),(39),(26),(23),(50),(55),(44),(99),(38),(16),(60),(28),(88),(0.18),(0.07),(Tr),(0.07),(65),(2),(0),(0),(0),"[""米"",""こめ"",""お米"",""rice""]",七分つき米粥,全がゆ,70%‑polished rice porridge,Full porridge,350,2.1,20045,"Rice, white, long grain, regular, cooked",168930,"Rice, white, medium-grain, cooked, unenriched",2.290718194217252,,,TRUE,穀物・麺類 > おかゆ
01,01093,こめ　［水稲全かゆ］　精白米,(83.0),(1.1),(0.1),(0.1),(0.1),65,(1),(14),(Tr),(12),(3),(Tr),(0.3),(0.04),(0.15),0,0,(0),(0),(Tr),(0.01),(Tr),(0.1),(0.01),(0),(1),(0.11),"{""baseName"":""こめ"",""variety"":""精白米"",""notes"":[""水稲全かゆ""]}",精白米のかゆは消化しやすい炭水化物源で、犬のレシピ素材として適しているため,9,1,1,(40),(85),(37),(27),(23),(50),(55),(42),(97),(37),(15),(58),(27),(86),(0.09),(0.03),(Tr),(0.03),(33),(1),(0),(0),(0),"[""白米"",""はくまい"",""ハクマイ"",""こめ"",""米"",""お米"",""rice""]",白米粥,全がゆ,White rice porridge,Full porridge,350,2.1,20045,"Rice, white, long grain, regular, cooked",169711,"Rice, white, glutinous, unenriched, cooked",2.807501823776442,,2.1,TRUE,穀物・麺類 > おかゆ
01,01094,こめ　［水稲五分かゆ］　玄米,(91.5),(0.6),(0.2),(0.3),(0.1),32,(1),(28),(Tr),(20),(10),(0.1),(0.2),(0.03),(0.22),-,-,(0),(0),0,(0.03),(Tr),(0.6),(0.05),(0),(2),(0.14),"{""baseName"":""こめ"",""variety"":""玄米"",""notes"":[""水稲五分かゆ""]}",玄米の五分がゆは消化性の良い炭水化物で犬の素材として適切（低刺激でエネルギー源になる）。,9,1,1,(23),(48),(24),(14),(12),(27),(31),(26),(56),(22),(8.9),(35),(17),(50),(0.17),(0.07),(Tr),(0.06),(64),(2),-,-,-,"[""玄米"",""げんまい"",""ゲンマイ"",""こめ"",""米"",""お米"",""rice"",""brown rice""]",玄米粥,五分がゆ,Brown rice porridge,5/10 porridge,350,9.2,20037,"Rice, brown, long-grain, cooked",,,,,,TRUE,穀物・麺類 > おかゆ
01,01095,こめ　［水稲五分かゆ］　半つき米,(91.5),(0.6),(0.1),(0.1),(0.1),32,(1),(11),(Tr),(9),(5),(Tr),(0.2),(0.02),(0.13),-,-,(0),(0),(Tr),(0.02),(Tr),(0.3),(0.01),(0),(1),(0.07),"{""baseName"":""こめ"",""variety"":""半つき米"",""notes"":[""水稲五分かゆ""]}",半つき米のかゆは消化に良い炭水化物源で犬の素材として適している,9,1,1,(23),(47),(22),(14),(13),(27),(30),(25),(55),(21),(8.6),(33),(16),(49),(0.09),(0.03),(Tr),(0.03),(32),(1),(0),(0),(0),"[""米"",""こめ"",""お米"",""rice""]",半つき米粥,五分がゆ,Semi-milled rice porridge,5/10 porridge,350,9.2,20037,"Rice, brown, long-grain, cooked",169711,"Rice, white, glutinous, unenriched, cooked",2.930717043235576,,2.1,TRUE,穀物・麺類 > おかゆ
01,01096,こめ　［水稲五分かゆ］　七分つき米,(91.5),(0.6),(0.1),(0.1),(0.1),32,(1),(9),(Tr),(8),(3),(Tr),(0.1),(0.02),(0.10),-,-,(0),(0),(Tr),(0.01),(Tr),(0.2),(0.01),(0),(1),(0.05),"{""baseName"":""こめ"",""variety"":""七分つき米"",""notes"":[""水稲五分かゆ""]}",七分つき米のかゆは消化の良い炭水化物源で犬のレシピ素材として適している。,9,1,1,(22),(47),(21),(14),(13),(27),(30),(24),(54),(21),(8.5),(33),(15),(48),(0.09),(0.03),(Tr),(0.03),(33),(1),(0),(0),(0),"[""米"",""こめ"",""お米"",""rice""]",七分つき米粥,五分がゆ,70%‑polished rice porridge,5/10 porridge,350,2.1,20045,"Rice, white, long grain, regular, cooked",,,,,,TRUE,穀物・麺類 > おかゆ
01,01097,こめ　［水稲五分かゆ］　精白米,(91.5),(0.5),(0.1),(0.1),0,33,(1),(7),(Tr),(6),(1),(Tr),(0.1),(0.02),(0.08),0,Tr,(0),(0),(Tr),(Tr),(Tr),(Tr),(Tr),(0),(1),(0.05),"{""baseName"":""こめ"",""variety"":""精白米"",""notes"":[""水稲五分かゆ""]}",消化しやすい炭水化物で、特におかゆ形態は犬にとって使いやすい素材。,9,1,1,(18),(39),(17),(12),(11),(23),(25),(19),(44),(17),(6.9),(26),(12),(39),(0.09),(0.03),(Tr),(0.03),(33),(1),(0),(0),(0),"[""白米"",""はくまい"",""ハクマイ"",""こめ"",""米"",""お米"",""rice""]",白米粥,五分がゆ,White rice porridge,5/10 porridge,350,2.1,20045,"Rice, white, long grain, regular, cooked",173914,"Cereals, CREAM OF RICE, cooked with water, with salt",2.6534536601438155,,,TRUE,穀物・麺類 > おかゆ
01,01098,こめ　［水稲おもゆ］　玄米,(95.0),(0.4),(0.1),(0.2),(0.1),19,(1),(16),(Tr),(12),(6),(0.1),(0.1),(0.01),(0.13),-,-,(0),(0),0,(0.02),(Tr),(0.4),(0.03),(0),(1),(0.08),"{""baseName"":""こめ"",""variety"":""玄米"",""notes"":[""水稲おもゆ""]}",玄米のおもゆは消化しやすい炭水化物源で犬のレシピ素材として適している,9,1,1,(16),(32),(16),(9.5),(8.3),(18),(20),(17),(38),(14),(5.9),(23),(11),(34),(0.09),(0.03),(Tr),(0.03),(32),(1),-,-,-,"[""米"",""こめ"",""コメ"",""rice"",""玄米"",""げんまい"",""brown rice"",""おかゆ"",""かゆ"",""おもゆ"",""porridge""]",おかゆ,おもゆ・玄米,Rice Porridge,"Thin (Omoyu), Brown Rice",350,9.2,20037,"Rice, brown, long-grain, cooked",,,,,,TRUE,穀物・麺類 > おかゆ
01,01099,こめ　［水稲おもゆ］　半つき米,(95.0),(0.3),(0.1),(0.1),0,19,(1),(7),(Tr),(5),(3),(Tr),(0.1),(0.01),(0.08),-,-,(0),(0),(Tr),(0.01),(Tr),(0.2),(0.01),(0),(1),(0.04),"{""baseName"":""こめ"",""variety"":""半つき米"",""notes"":[""水稲おもゆ""]}",おもゆ（米）は消化しやすく良い炭水化物源で犬に適している,9,1,1,(11),(24),(11),(7.2),(6.3),(14),(15),(12),(27),(10),(4.3),(17),(7.8),(24),(0.09),(0.03),(Tr),(0.03),(32),(1),(0),(0),(0),"[""米"",""こめ"",""コメ"",""rice"",""おかゆ"",""かゆ"",""おもゆ"",""porridge""]",おかゆ,おもゆ・半つき米,Rice Porridge,"Thin (Omoyu), Semi-polished Rice",350,2.1,20045,"Rice, white, long grain, regular, cooked",,,,,,TRUE,穀物・麺類 > おかゆ
01,01100,こめ　［水稲おもゆ］　七分つき米,(95.0),(0.3),(0.1),(Tr),0,20,(1),(5),(Tr),(4),(2),(Tr),(0.1),(0.01),(0.06),-,-,(0),(0),(Tr),(0.01),(Tr),(0.1),(Tr),(0),(1),(0.03),"{""baseName"":""こめ"",""variety"":""七分つき米"",""notes"":[""水稲おもゆ""]}",おかゆは消化に良い炭水化物源で犬の素材として適切,9,1,1,(11),(23),(11),(7.2),(6.3),(14),(15),(12),(27),(10),(4.3),(16),(7.6),(24),(0.09),(0.03),(Tr),(0.03),(33),(1),(0),(0),(0),"[""米"",""こめ"",""コメ"",""rice"",""おかゆ"",""かゆ"",""おもゆ"",""porridge""]",おかゆ,おもゆ・七分つき米,Rice Porridge,"Thin (Omoyu), 70% Polished Rice",350,2.1,20045,"Rice, white, long grain, regular, cooked",,,,,,TRUE,穀物・麺類 > おかゆ
01,01101,こめ　［水稲おもゆ］　精白米,(95.0),(0.3),0,(Tr),0,19,(Tr),(4),(Tr),(4),(1),(Tr),(0.1),(0.01),(0.04),0,1,(0),(0),(Tr),(Tr),(Tr),(Tr),(Tr),(0),(Tr),(0.03),"{""baseName"":""こめ"",""variety"":""精白米"",""notes"":[""水稲おもゆ""]}",精白米のおもゆは消化が良い炭水化物源で犬のレシピに適している。,9,1,1,(11),(23),(10),(7.3),(6.4),(14),(15),(12),(26),(10),(4.2),(16),(7.3),(23),(0),(0),(0),(0),(0),(0),(0),(0),(0),"[""米"",""こめ"",""コメ"",""rice"",""白米"",""はくまい"",""white rice"",""おかゆ"",""かゆ"",""porridge""]",おかゆ,おもゆ・白米,Rice Porridge,"Thin (Omoyu), White Rice",350,2.1,20045,"Rice, white, long grain, regular, cooked",,,,,,TRUE,穀物・麺類 > おかゆ
01,01102,こめ　［陸稲穀粒］　玄米,14.9,10.1,2.7,3.0,1.2,357,9,290,1,230,110,2.1,1.8,0.27,1.53,-,-,(0),(0),1.2,0.41,0.04,6.3,0.45,(0),27,1.37,"{""baseName"":""こめ"",""variety"":""玄米"",""notes"":[""陸稲穀粒""]}",玄米は良質な炭水化物・食物繊維源で犬のレシピ素材として適している,8,1,1,(400),(820),(400),(240),(240),(470),(530),(450),(980),(370),(150),(600),(280),(870),(2.35),(0.90),(0.03),(0.87),(870),(34),-,-,-,"[""米"",""こめ"",""コメ"",""rice"",""玄米"",""げんまい"",""brown rice""]",玄米,穀粒,Brown Rice,Grain,296.65,9.2,20037,"Rice, brown, long-grain, cooked",169703,"Rice, brown, long-grain, raw (Includes foods for USDA's Food Distribution Program)",1.5108954668756023,,21.5,TRUE,穀物・麺類 > 玄米
01,01103,こめ　［陸稲穀粒］　半つき米,14.9,9.6,1.8,1.4,0.8,356,7,210,1,150,64,1.5,1.6,0.24,1.04,-,-,(0),(0),0.8,0.30,0.03,4.9,0.28,(0),18,1.00,"{""baseName"":""こめ"",""variety"":""半つき米"",""notes"":[""陸稲穀粒""]}",半つき米は炭水化物源として問題なく利用できる,8,1,1,(380),(780),(360),(230),(220),(450),(500),(400),(900),(340),(140),(560),(260),(800),(1.58),(0.61),(0.02),(0.59),(590),(22),(0),(0),(0),"[""米"",""こめ"",""コメ"",""rice""]",半つき米,穀粒,Semi-polished Rice,Grain,299.15,2.1,20045,"Rice, white, long grain, regular, cooked",169760,"Rice, white, medium-grain, raw, unenriched",1.6655341087123108,,,TRUE,穀物・麺類 > 玄米
01,01104,こめ　［陸稲穀粒］　七分つき米,14.9,9.5,1.5,0.9,0.7,359,6,180,1,120,45,1.3,1.5,0.23,0.78,-,-,(0),(0),0.4,0.24,0.03,3.4,0.20,(0),15,0.84,"{""baseName"":""こめ"",""variety"":""七分つき米"",""notes"":[""陸稲穀粒""]}",七分つき米は消化に良い炭水化物源で、犬のレシピ素材として適している,9,1,1,(370),(770),(350),(220),(220),(440),(500),(380),(880),(340),(130),(550),(260),(780),(1.33),(0.51),(0.02),(0.49),(490),(19),(0),(0),(0),"[""米"",""こめ"",""コメ"",""rice""]",七分つき米,穀粒,Partially Polished Rice,"70% Polished, Grain",299.75,2.1,20045,"Rice, white, long grain, regular, cooked",169760,"Rice, white, medium-grain, raw, unenriched",1.5064608317939154,,,TRUE,穀物・麺類 > 玄米
01,01105,こめ　［陸稲穀粒］　精白米,14.9,9.3,0.9,0.5,0.4,331,5,95,1,89,23,0.8,1.4,0.22,0.59,-,-,(0),(0),0.1,0.08,0.02,1.2,0.12,(0),12,0.66,"{""baseName"":""こめ"",""variety"":""精白米"",""notes"":[""陸稲穀粒""]}",精白米は消化しやすい炭水化物源で犬のレシピ素材として適している,9,1,1,(360),(750),(330),(220),(210),(430),(490),(350),(840),(320),(130),(530),(250),(750),(0.81),(0.31),(0.01),(0.30),(300),(11),(0),(0),(0),"[""米"",""こめ"",""コメ"",""rice"",""白米"",""はくまい"",""white rice""]",白米,穀粒,White Rice,Grain,299.2,2.1,20045,"Rice, white, long grain, regular, cooked",168931,"Rice, white, short-grain, raw, unenriched",1.6004912998481664,,,TRUE,穀物・麺類 > 白米
01,01106,こめ　［陸稲めし］　玄米,60.0,4.1,1.0,1.4,0.6,156,7,130,1,95,49,0.6,0.8,0.12,0.77,-,-,(0),(0),0.5,0.16,0.02,2.9,0.21,(0),10,0.65,"{""baseName"":""こめ"",""variety"":""玄米"",""notes"":[""陸稲めし""]}",玄米はエネルギー源として使用可能で犬のレシピ素材として適している,9,1,1,(160),(330),(160),(97),(85),(180),(210),(180),(390),(150),(61),(240),(110),(350),(0.86),(0.33),(0.01),(0.32),(320),(12),-,-,-,"[""ご飯"",""ごはん"",""飯"",""めし"",""米"",""こめ"",""コメ"",""rice"",""玄米"",""げんまい"",""brown rice""]",玄米ご飯,,Brown Rice (Cooked),,138,9.2,20037,"Rice, brown, long-grain, cooked",168875,"Rice, brown, medium-grain, cooked (Includes foods for USDA's Food Distribution Program)",1.1074365805419466,,,TRUE,穀物・麺類 > 玄米
01,01107,こめ　［陸稲めし］　半つき米,60.0,3.8,0.6,0.8,0.3,157,4,53,1,43,22,0.2,0.7,0.11,0.45,-,-,(0),(0),0.2,0.08,0.01,1.6,0.07,(0),6,0.35,"{""baseName"":""こめ"",""variety"":""半つき米"",""notes"":[""陸稲めし""]}",半つき米（玄米に近い米）は炭水化物源として利用可能で犬のレシピ素材として適しています。,8,1,1,(140),(300),(140),(91),(80),(170),(190),(160),(350),(130),(55),(210),(99),(310),(0.52),(0.20),(0.01),(0.19),(190),(7),(0),(0),(0),"[""ご飯"",""ごはん"",""飯"",""めし"",""米"",""こめ"",""コメ"",""rice""]",半つき米ご飯,,Semi-polished Rice (Cooked),,139.15,2.1,20045,"Rice, white, long grain, regular, cooked",168930,"Rice, white, medium-grain, cooked, unenriched",1.5900097158681015,,,TRUE,穀物・麺類 > 白米
01,01108,こめ　［陸稲めし］　七分つき米,60.0,3.6,0.5,0.5,0.2,155,4,44,1,35,13,0.2,0.7,0.11,0.34,-,-,(0),(0),0.1,0.06,0.01,0.8,0.03,(0),5,0.26,"{""baseName"":""こめ"",""variety"":""七分つき米"",""notes"":[""陸稲めし""]}",七分つき米は消化に良い炭水化物源で犬のレシピ素材として適している。,9,1,1,(130),(280),(130),(87),(76),(160),(180),(140),(320),(120),(51),(200),(91),(290),(0.44),(0.17),(0.01),(0.16),(160),(6),(0),(0),(0),"[""ご飯"",""ごはん"",""飯"",""めし"",""米"",""こめ"",""コメ"",""rice""]",七分つき米ご飯,,Partially Polished Rice (Cooked),70% Polished,140.05,9.2,20037,"Rice, brown, long-grain, cooked",168930,"Rice, white, medium-grain, cooked, unenriched",1.3241978858207568,,,TRUE,穀物・麺類 > 白米
01,01109,こめ　［陸稲めし］　精白米,60.0,3.5,0.3,0.3,0.1,157,3,34,1,29,7,0.1,0.6,0.10,0.26,-,-,(0),(0),Tr,0.02,0.01,0.2,0.02,(0),3,0.25,"{""baseName"":""こめ"",""variety"":""精白米"",""notes"":[""陸稲めし""]}",消化しやすい炭水化物源で犬の料理に適した素材。,9,1,1,(130),(270),(120),(85),(75),(160),(170),(130),(310),(120),(48),(180),(85),(270),(0.27),(0.10),(Tr),(0.10),(100),(4),(0),(0),(0),"[""ご飯"",""ごはん"",""飯"",""めし"",""米"",""こめ"",""コメ"",""rice"",""白米"",""はくまい"",""white rice""]",白ご飯,,White Rice (Cooked),,140.1,2.1,20045,"Rice, white, long grain, regular, cooked",168932,"Rice, white, short-grain, cooked, unenriched",1.7825159216923667,,,TRUE,穀物・麺類 > 白米
01,01110,こめ　［うるち米製品］　アルファ化米　一般用,7.9,6.0,1.0,1.2,0.3,358,7,71,5,37,14,0.1,1.6,0.22,0.60,0,2,(0),(0),0.1,0.04,Tr,0.5,0.04,(0),7,0.19,"{""baseName"":""こめ"",""variety"":""アルファ化米 一般用"",""notes"":[""うるち米製品""]}",調理済みの米製品で消化しやすく犬のレシピに適した炭水化物源,9,1,1,240,480,200,160,140,290,310,280,590,220,83,360,150,490,0.78,0.28,0.01,0.27,270,8,0,0,0,"[""アルファ化米"",""アルファ米"",""アルファカマイ"",""インスタントライス"",""instant rice"",""米"",""こめ"",""コメ"",""rice""]",アルファ米,一般用,Instant Rice,Alpha-processed (General),322.1,2.1,20045,"Rice, white, long grain, regular, cooked",168932,"Rice, white, short-grain, cooked, unenriched",2.0202630750363304,,,FALSE,
01,01156,こめ　［うるち米製品］　アルファ化米　学校給食用強化品,7.9,6.0,1.0,1.2,0.3,358,7,71,5,37,14,0.1,1.6,0.22,0.60,0,2,(0),(0),0.1,0.41,Tr,0.5,0.04,(0),7,0.19,"{""baseName"":""こめ"",""variety"":""アルファ化米 学校給食用強化品"",""notes"":[""うるち米製品""]}",アルファ化米は消化しやすい炭水化物源で犬のレシピ素材として適している。,9,1,0,(240),(480),(200),(160),(140),(290),(310),(280),(590),(220),(83),(360),(150),(490),,,,,,,,,,"[""アルファ化米"",""アルファ米"",""アルファカマイ"",""インスタントライス"",""instant rice"",""米"",""こめ"",""コメ"",""rice""]",アルファ米,学校給食用強化品,Instant Rice,School-lunch Fortified,322.1,2.1,20045,"Rice, white, long grain, regular, cooked",168932,"Rice, white, short-grain, cooked, unenriched",2.1762999454891263,,,FALSE,
01,01214,こめ　［うるち米製品］　水稲全かゆ　レトルト　玄米,88,0.9,0.4,0.9,0.2,45,3,37,1,30,15,0.1,0.3,0.03,0.36,Tr,Tr,-,-,0.2,0.03,Tr,0.7,0.05,0,2,0.12,"{""baseName"":""こめ"",""variety"":""水稲全かゆ レトルト 玄米"",""notes"":[""うるち米製品""]}",胃腸にやさしい粥状の穀物で消化性が高く素材として適している。,9,1,1,34,67,32,19,17,37,44,42,85,33,13,51,25,75,0.32,0.11,Tr,0.11,110,3,0,0,0,"[""米"",""こめ"",""コメ"",""rice"",""玄米"",""げんまい"",""brown rice"",""おかゆ"",""かゆ"",""レトルト"",""porridge""]",レトルトおかゆ,玄米,Ready-to-eat Rice Porridge,"Retort, Brown Rice",40.15,9.2,20037,"Rice, brown, long-grain, cooked",168930,"Rice, white, medium-grain, cooked, unenriched",2.098186094973666,,,TRUE,穀物・麺類 > おかゆ
01,01215,こめ　［うるち米製品］　水稲全かゆ　レトルト　精白米,90.7,0.6,0.1,0.5,Tr,37,2,7,1,6,2,0.1,0.1,0.01,0.06,0,0,-,-,Tr,Tr,0,Tr,Tr,0,Tr,0.03,"{""baseName"":""こめ"",""variety"":""水稲全かゆ レトルト 精白米"",""notes"":[""うるち米製品""]}",精白米の粥は消化に良い炭水化物源で犬のレシピ素材として適している。,9,1,1,23,46,20,14,12,26,30,30,60,21,7.5,34,15,49,0.09,0.03,0,0.03,28,1,0,0,0,"[""米"",""こめ"",""コメ"",""rice"",""白米"",""はくまい"",""white rice"",""おかゆ"",""かゆ"",""レトルト"",""porridge""]",レトルトおかゆ,白米,Ready-to-eat Rice Porridge,"Retort, White Rice",31.3,2.1,20045,"Rice, white, long grain, regular, cooked",,,,,,TRUE,穀物・麺類 > おかゆ
01,01111,こめ　［うるち米製品］　おにぎり,57.0,2.7,0.3,0.4,0.6,170,3,37,200,31,7,0.1,0.6,0.10,0.38,-,-,(0),(0),Tr,0.02,0.01,0.2,0.02,(0),3,0.27,"{""baseName"":""こめ"",""variety"":""おにぎり"",""notes"":[""うるち米製品""]}",塩むすびは主成分が米で安全だが塩分を含むため量に注意が必要。,8,1,1,110,230,100,65,56,120,150,140,280,100,40,170,73,240,(0.27),(0.10),(Tr),(0.10),(100),(4),(0),(0),(0),"[""おにぎり"",""おむすび"",""おにぎり弁当"",""rice ball"",""米"",""ごはん"",""ご飯""]",おにぎり,,Rice Ball,,148.5,2.1,20045,"Rice, white, long grain, regular, cooked",168932,"Rice, white, short-grain, cooked, unenriched",1.7601002429192272,,,FALSE,
01,01113,こめ　［うるち米製品］　きりたんぽ,50.0,3.2,0.4,0.4,0.2,200,4,43,1,36,9,0.1,0.7,0.12,0.40,-,-,(0),(0),Tr,0.03,0.01,0.3,0.02,(0),4,0.31,"{""baseName"":""こめ"",""variety"":""きりたんぽ"",""notes"":[""うるち米製品""]}",きりたんぽは炭水化物源として利用可能だが加工食品である点は留意,7,1,1,(130),(260),(120),(77),(66),(140),(170),(150),(330),(110),(47),(190),(86),(280),(0.36),(0.14),(Tr),(0.13),(130),(5),(0),(0),(0),"[""きりたんぽ"",""キリタンポ"",""kiritanpo"",""rice stick"",""米"",""ごはん"",""ご飯""]",きりたんぽ,,Kiritanpo,Rice Stick,174.9,2.1,20045,"Rice, white, long grain, regular, cooked",168932,"Rice, white, short-grain, cooked, unenriched",1.6550999694538846,,,FALSE,
01,01114,こめ　［うるち米製品］　上新粉,14.0,6.2,0.9,0.6,0.4,343,5,96,2,89,23,0.8,1.0,0.19,0.75,1,4,(0),(0),0.2,0.09,0.02,1.3,0.12,(0),12,0.67,"{""baseName"":""こめ"",""variety"":""上新粉"",""notes"":[""うるち米製品""]}",上新粉（米粉）は犬のレシピで使いやすい炭水化物原料である。,9,1,1,260,520,220,160,150,310,330,270,600,230,85,390,160,520,(0.80),(0.31),(0.01),(0.30),(300),(11),(0),(0),(0),"[""上新粉"",""じょうしんこ"",""ジョウシンコ"",""米粉"",""こめこ"",""コメコ"",""rice flour"",""rice powder""]",上新粉,,Rice Flour,Joshinko (Polished Rice Flour),302,2.1,20045,"Rice, white, long grain, regular, cooked",169714,"Rice flour, white, unenriched",1.7989230305006925,,5.8,TRUE,穀物・麺類 > 上新粉
01,01157,こめ　［うるち米製品］　玄米粉,4.6,7.1,2.9,3.5,1.3,370,12,290,3,230,110,1.4,2.4,0.30,2.49,1,2,(0),-,1.2,0,0.03,4.6,0.08,(0),9,0.12,"{""baseName"":""こめ"",""variety"":""玄米粉"",""notes"":[""うるち米製品""]}",玄米粉は穀類として利用しやすくレシピ素材に適する。,8,1,1,270,560,140,160,57,220,360,290,650,220,96,420,190,430,2.43,0.85,0.03,0.82,820,29,0,0,0,"[""玄米粉"",""げんまいこ"",""ゲンマイコ"",""brown rice flour"",""米粉"",""こめこ"",""rice flour""]",玄米粉,,Brown Rice Flour,,331.6,9.2,20037,"Rice, brown, long-grain, cooked",168898,"Rice flour, brown",1.7687607568205972,,,TRUE,穀物・麺類 > 玄米
01,01158,こめ　［うるち米製品］　米粉,11.1,6.0,0.7,0.6,0.3,356,6,62,1,45,11,0.1,1.5,0.23,0.60,-,-,(0),-,0,0.03,0.01,0.3,0.04,(0),9,0.20,"{""baseName"":""こめ"",""variety"":""米粉"",""notes"":[""うるち米製品""]}",米粉は消化性の良い炭水化物原料で犬のレシピ素材として適している。,9,1,1,240,490,200,140,140,280,320,280,600,220,85,360,150,520,0.57,0.20,0.01,0.20,200,5,0,0,0,"[""米"",""こめ"",""コメ"",""rice"",""米粉"",""こめこ"",""コメコ"",""rice flour""]",米粉,,Rice Flour,,311.5,2.1,20045,"Rice, white, long grain, regular, cooked",169714,,,,5.8,TRUE,穀物・麺類 > 米粉
01,01212,こめ　［うるち米製品］　米粉パン　ロールパン,(41.2),(8.8),(6.7),(0.6),(1.3),256,(26),(65),(370),(66),(12),(0.6),(1.2),(0.16),(0.43),(3),(2),-,(0.5),(0.8),(0.05),(0.08),(0.7),(0.04),(0.1),(35),(0.27),"{""baseName"":""こめ"",""variety"":""米粉パン ロールパン"",""notes"":[""うるち米製品""]}",米粉を主原料としたパンで炭水化物源として使えるが加工度がある。,7,0,0,,,,,,,,,,,,,,,,,,,,,,,,"[""米"",""こめ"",""コメ"",""rice"",""米粉パン"",""こめこパン"",""コメコパン"",""ロールパン"",""roll bread"",""rice bread""]",ロールパン,米粉,Bread Roll,Rice Flour,350,2.1,20045,"Rice, white, long grain, regular, cooked",169714,,,,5.8,FALSE,
01,01160,こめ　［うるち米製品］　米粉めん,37.0,3.6,0.7,0.9,0.3,252,5,56,48,43,11,0.1,1.1,0.15,0.48,-,-,(0),-,Tr,0.03,Tr,0.5,0.05,(0),4,0.31,"{""baseName"":""こめ"",""variety"":""米粉めん"",""notes"":[""うるち米製品""]}",米粉由来の麺はグルテンフリーの炭水化物源として利用しやすい,8,1,1,150,300,130,96,82,180,200,180,380,140,54,220,97,320,0.60,0.20,0.01,0.20,200,6,0,0,0,"[""米"",""こめ"",""コメ"",""rice"",""米粉めん"",""米粉麺"",""ライスヌードル"",""rice noodle"",""米粉麺""]",米粉麺,,Rice Noodles,,219.8,2.1,20045,"Rice, white, long grain, regular, cooked",168914,"Rice noodles, cooked",1.8425590735261388,,1.6,FALSE,
01,01115,こめ　［うるち米製品］　ビーフン,11.1,7.0,1.6,0.9,0.4,360,14,59,2,33,13,0.7,0.6,0.06,0.33,5,3,(0),(0),0,0.06,0.02,0.6,0,(0),4,0.09,"{""baseName"":""こめ"",""variety"":""ビーフン"",""notes"":[""うるち米製品""]}",米製品のビーフンは消化しやすい炭水化物源として使用可能。,8,1,1,280,550,250,190,170,370,360,310,670,270,110,410,170,520,(1.43),(0.55),(0.02),(0.53),(530),(20),(0),(0),(0),"[""米"",""こめ"",""コメ"",""rice"",""ビーフン"",""びーふん"",""ビーフン"",""rice vermicelli"",""rice noodles""]",ビーフン,,Rice Vermicelli,,314.6,2.1,20045,"Rice, white, long grain, regular, cooked",169742,"Rice noodles, dry",1.9443402980721094,,5.5,TRUE,穀物・麺類 > ビーフン
01,01169,こめ　［うるち米製品］　ライスペーパー,13.2,0.5,0.3,0.8,1.7,339,21,12,670,22,21,1.2,0.1,0.03,0.14,6,Tr,0,0,0,0.01,0,0.1,0.01,0.3,3,0.02,"{""baseName"":""こめ"",""variety"":""ライスペーパー"",""notes"":[""うるち米製品""]}",ライスペーパーは消化しやすい炭水化物源として犬のレシピ素材に適している。,8,1,1,18,34,19,9.7,13,23,22,18,40,18,6.5,26,11,30,0.17,0.03,Tr,0.03,28,4,0,0,0,"[""米"",""こめ"",""コメ"",""rice"",""ライスペーパー"",""ライスペーパー"",""rice paper"",""ライスペーパー""]",ライスペーパー,,Rice Paper,,296.55,2.1,20045,"Rice, white, long grain, regular, cooked",169698,Cornstarch,2.2394522355238444,,0.4,FALSE,
01,01116,こめ　［うるち米製品］　米こうじ,33.0,5.8,1.7,1.4,0.3,260,5,83,3,61,16,0.3,0.9,0.16,0.74,0,2,(0),(0),0.2,0.11,0.13,1.5,0.11,(0),71,0.42,"{""baseName"":""こめ"",""variety"":""米こうじ"",""notes"":[""うるち米製品""]}",米こうじは米由来の発酵素材として風味付けや栄養的補助に利用できる,8,1,1,220,430,200,140,110,250,270,260,530,230,81,320,130,410,1.32,0.50,0.01,0.49,490,11,0,0,0,"[""米"",""こめ"",""コメ"",""rice"",""米麹"",""こめこうじ"",""コメコウジ"",""麹"",""こうじ"",""koji"",""koji rice""]",米麹,,Rice Koji,,237.05,2.1,20045,"Rice, white, long grain, regular, cooked",169714,"Rice flour, white, unenriched",1.9510491867127595,,5.8,FALSE,
01,01120,こめ　［もち米製品］　白玉粉,12.5,6.3,1.0,0.5,0.2,347,5,45,2,3,6,1.1,1.2,0.17,0.55,3,3,(0),(0),0,0.03,0.01,0.4,0.01,(0),14,0,"{""baseName"":""こめ"",""variety"":""白玉粉"",""notes"":[""もち米製品""]}",白玉粉はもち米由来の粉で炭水化物源として素材に使いやすい,8,1,1,270,540,220,160,150,310,350,290,640,240,86,390,170,540,(0.81),(0.32),(0.01),(0.31),(310),(9),(0),(0),(0),"[""米"",""こめ"",""コメ"",""rice"",""白玉粉"",""しらたまこ"",""シラタマコ"",""shiratamako"",""glutinous rice flour""]",白玉粉,,Glutinous Rice Flour,,308.8,2.1,20045,"Rice, white, long grain, regular, cooked",169711,"Rice, white, glutinous, unenriched, cooked",1.9113492231942912,,2.1,FALSE,
01,01121,こめ　［もち米製品］　道明寺粉,11.6,7.1,0.7,0.7,0.2,349,6,41,4,45,9,0.4,1.5,0.22,0.90,-,-,(0),(0),Tr,0.04,0.01,0.4,0.04,(0),6,0.22,"{""baseName"":""こめ"",""variety"":""道明寺粉"",""notes"":[""もち米製品""]}",道明寺粉は消化しやすい炭水化物源として利用可能な米加工品。,7,1,1,(290),(600),(240),(180),(170),(350),(390),(310),(700),(250),(96),(430),(180),(600),0.49,0.15,Tr,0.15,150,4,0,0,0,"[""米"",""こめ"",""コメ"",""rice"",""道明寺粉"",""どうみょうじこ"",""ドウミョウジコ"",""domyoji flour"",""domyoji ko""]",道明寺粉,,Domyoji Flour,,309.75,2.1,20045,"Rice, white, long grain, regular, cooked",169711,"Rice, white, glutinous, unenriched, cooked",1.9232056378896465,,2.1,FALSE,
01,01122,そば　そば粉　全層粉,13.5,12.0,3.1,4.3,1.8,339,17,400,2,410,190,2.8,2.4,0.54,1.09,1,7,(0),(0),0.2,0.46,0.11,4.5,0.30,(0),51,1.56,"{""baseName"":""そば"",""variety"":""そば粉 全層粉""}",そば粉（全層粉）は炭水化物源として利用可能で、犬のレシピ素材として使用できる,7,1,1,450,800,710,230,310,540,560,310,860,500,190,630,320,1200,2.73,1.02,0.06,0.96,950,61,-,-,-,"[""蕎麦"",""そば"",""ソバ"",""soba"",""そば粉"",""蕎麦粉"",""そばこ"",""buckwheat flour"",""buckwheat""]",そば粉,全層粉,Buckwheat Flour,Whole,296.9,54,20009,"Buckwheat groats, roasted, dry",,,,,,FALSE,
01,01123,そば　そば粉　内層粉,14.0,6.0,1.6,1.8,0.8,342,10,130,1,190,83,1.7,0.9,0.37,0.49,0,7,(0),(0),0.1,0.16,0.07,2.2,0.20,(0),30,0.72,"{""baseName"":""そば"",""variety"":""そば粉 内層粉""}",そば粉は消化可能な炭水化物源で一般に安全。ただしまれにアレルギーに注意。,8,1,1,(220),(400),(350),(120),(150),(270),(280),(150),(430),(250),(97),(310),(160),(580),(1.41),(0.53),(0.03),(0.50),(490),(32),-,-,-,"[""蕎麦"",""そば"",""ソバ"",""soba"",""そば粉"",""蕎麦粉"",""そばこ"",""buckwheat flour"",""buckwheat""]",そば粉,内層粉,Buckwheat Flour,Inner-layer,299.9,54,20009,"Buckwheat groats, roasted, dry",,,,,,FALSE,
01,01124,そば　そば粉　中層粉,13.5,10.2,2.7,4.4,2.0,334,19,390,2,470,220,3.0,2.2,0.58,1.17,0,13,(0),(0),0.2,0.35,0.10,4.1,0.44,(0),44,1.54,"{""baseName"":""そば"",""variety"":""そば粉 中層粉""}",そば粉は良質な炭水化物源で犬のレシピ素材として使用可能（アレルギーに注意）,8,1,1,(380),(680),(600),(200),(260),(460),(470),(260),(730),(420),(160),(530),(270),(980),(2.38),(0.89),(0.05),(0.84),(830),(54),-,-,-,"[""蕎麦"",""そば"",""ソバ"",""soba"",""そば粉"",""蕎麦粉"",""そばこ"",""buckwheat flour"",""buckwheat""]",そば粉,中層粉,Buckwheat Flour,Middle-layer,293.85,54,20009,"Buckwheat groats, roasted, dry",,,,,,FALSE,
01,01125,そば　そば粉　表層粉,13.0,15.0,3.6,7.1,3.3,337,32,700,2,750,340,4.2,4.6,0.91,2.42,2,16,(0),(0),0.4,0.50,0.14,7.1,0.76,(0),84,2.60,"{""baseName"":""そば"",""variety"":""そば粉 表層粉""}",そば粉は穀類の一種で消化性が良く素材として使える,7,1,1,(560),(1000),(890),(290),(380),(680),(690),(390),(1100),(620),(240),(780),(400),(1400),(3.18),(1.19),(0.07),(1.12),(1100),(71),-,-,-,"[""蕎麦"",""そば"",""ソバ"",""soba"",""そば粉"",""蕎麦粉"",""そばこ"",""buckwheat flour"",""buckwheat""]",そば粉,表層粉,Buckwheat Flour,Outer-layer,286.1,54,20009,"Buckwheat groats, roasted, dry",170687,"Buckwheat flour, whole-groat",0.8594424228691206,,54.2,FALSE,
01,01126,そば　そば米,12.8,9.6,2.5,3.7,1.4,347,12,260,1,390,150,1.6,1.4,0.38,0.76,-,-,(0),(0),0.1,0.42,0.10,4.3,0.35,(0),23,1.53,"{""baseName"":""そば"",""variety"":""そば米""}",そば米（そばごめ）は穀類として利用可能で、犬のレシピ素材として適している。,8,1,1,(350),(630),(560),(190),(240),(430),(440),(240),(680),(370),(150),(490),(250),(900),(2.21),(0.82),(0.05),(0.77),(770),(50),-,-,-,"[""蕎麦"",""そば"",""ソバ"",""soba"",""そば米"",""蕎麦米"",""そばの実"",""buckwheat groats"",""buckwheat kernels""]",そばの実,,Buckwheat Groats,,299.85,54,20009,"Buckwheat groats, roasted, dry",,,,,,FALSE,
01,01127,そば　そば　生,33.0,9.8,1.9,6.0,0.8,271,18,170,1,160,65,1.4,1.0,0.21,0.86,4,24,(0),(0),0.2,0.19,0.09,3.4,0.15,(0),19,1.09,"{""baseName"":""そば"",""variety"":""そば"",""state"":""生""}",生そば（そば粉含有）は犬に与えられる炭水化物源として利用可能だが小麦等の混合成分に留意。,7,1,1,350,640,310,140,210,350,470,260,730,310,120,420,220,530,(1.62),(0.80),(0.04),(0.76),(760),(44),-,-,-,"[""蕎麦"",""そば"",""ソバ"",""soba"",""蕎麦麺"",""そば麺"",""soba noodles"",""buckwheat noodles""]",そば,生,Soba Noodles,Raw,220.2,54,20009,"Buckwheat groats, roasted, dry",168917,"Quinoa, cooked",1.1588984693378432,,23,TRUE,穀物・麺類 > そば
01,01128,そば　そば　ゆで,68.0,4.8,1.0,2.9,0.2,130,9,80,2,34,27,0.8,0.4,0.10,0.38,Tr,12,(0),(0),0.1,0.05,0.02,0.5,0.04,(0),8,0.33,"{""baseName"":""そば"",""variety"":""そば"",""state"":""ゆで""}",ゆでそばは炭水化物源として利用できる加工済み食材,7,1,1,(160),(310),(150),(69),(100),(170),(230),(120),(350),(140),(60),(200),(110),(250),(0.85),(0.42),(0.02),(0.40),(400),(23),-,-,-,"[""蕎麦"",""そば"",""ソバ"",""soba"",""蕎麦麺"",""そば麺"",""soba noodles"",""buckwheat noodles""]",そば,ゆで,Soba Noodles,Boiled,106.15,20,20010,"Buckwheat groats, roasted, cooked",168907,"Noodles, japanese, soba, cooked",1.8850667620885113,,,TRUE,穀物・麺類 > そば
01,01129,そば　干しそば　乾,14.0,14.0,2.3,3.7,3.0,344,24,230,850,260,100,2.6,1.5,0.34,1.11,-,-,(0),(0),0.3,0.37,0.08,3.2,0.24,(0),25,1.15,"{""baseName"":""そば"",""variety"":""干しそば"",""state"":""乾""}",干しそばは加熱して与えれば利用可能な穀類系素材（小麦含有に注意）。,7,1,1,490,920,400,190,310,510,670,400,1100,430,170,600,320,700,(1.96),(0.97),(0.05),(0.92),(920),(53),-,-,-,"[""蕎麦"",""そば"",""ソバ"",""soba"",""干しそば"",""ほしそば"",""乾麺"",""dried soba"",""soba noodles""]",干しそば,乾,Soba Noodles,Dried,289.05,54,20009,"Buckwheat groats, roasted, dry",168906,"Noodles, japanese, soba, dry",1.0964470291887123,,,TRUE,穀物・麺類 > そば
01,01130,そば　干しそば　ゆで,72.0,4.8,0.7,1.5,0.4,113,12,72,50,13,33,0.9,0.4,0.10,0.33,-,-,(0),(0),0.1,0.08,0.02,0.6,0.05,(0),5,0.22,"{""baseName"":""そば"",""variety"":""干しそば"",""state"":""ゆで""}",ゆでそばはそば粉由来の炭水化物源で適量であれば犬のレシピに使用できるが主食に偏らないよう注意。,7,1,1,(160),(310),(130),(66),(110),(170),(230),(130),(360),(140),(59),(200),(110),(230),(0.60),(0.30),(0.02),(0.28),(280),(16),-,-,-,"[""蕎麦"",""そば"",""ソバ"",""soba"",""干しそば"",""ほしそば"",""乾麺"",""dried soba"",""soba noodles""]",干しそば,ゆで,Soba Noodles,Boiled,94.85,20,20010,"Buckwheat groats, roasted, cooked",168907,"Noodles, japanese, soba, cooked",1.7285888969174323,,,TRUE,穀物・麺類 > そば
01,01131,とうもろこし　玄穀　黄色種,14.5,8.6,5.0,9.0,1.3,341,5,270,3,290,75,1.9,1.7,0.18,-,0,6,(0),(0),1.0,0.30,0.10,2.0,0.39,(0),28,0.57,"{""baseName"":""とうもろこし"",""variety"":""玄穀 黄色種""}",とうもろこしは消化性の良い炭水化物源として犬のレシピ素材に適している。,8,1,1,(310),(1100),(240),(180),(160),(340),(420),(350),(770),(320),(61),(440),(260),(430),(4.31),(2.24),(0.09),(2.15),(2200),(91),-,-,-,"[""とうもろこし"",""トウモロコシ"",""玉蜀黍"",""コーン"",""corn"",""スイートコーン"",""とうもろこし 粒""]",とうもろこし,玄穀・黄色種,Corn,Whole grain; Yellow,288.2,22,20020,"Cornmeal, whole-grain, yellow",170288,"Corn grain, yellow",1.6540237023845845,,,TRUE,野菜 > とうもろこし
01,01162,とうもろこし　玄穀　白色種,14.5,8.6,5.0,9.0,1.3,341,5,270,3,290,75,1.9,1.7,0.18,-,0,6,(0),(0),1.0,0.30,0.10,2.0,0.39,(0),28,0.57,"{""baseName"":""とうもろこし"",""variety"":""玄穀 白色種""}",炭水化物源として利用しやすい穀類で犬向け素材として適切,8,1,0,(310),(1100),(240),(180),(160),(340),(420),(350),(770),(320),(61),(440),(260),(430),,,,,,,,,,"[""とうもろこし"",""トウモロコシ"",""玉蜀黍"",""コーン"",""corn"",""スイートコーン"",""とうもろこし 粒""]",とうもろこし,玄穀・白色種,Corn,Whole grain; White,288.2,22,20020,"Cornmeal, whole-grain, yellow",168920,"Corn grain, white",1.6540237023845845,,,TRUE,野菜 > とうもろこし
01,01132,とうもろこし　コーンミール　黄色種,14.0,8.3,4.0,8.0,1.3,375,5,130,2,220,99,1.5,1.4,0.16,0.38,-,-,(0),(0),1.1,0.15,0.08,0.9,0.43,(0),28,0.57,"{""baseName"":""とうもろこし"",""variety"":""コーンミール 黄色種""}",コーンミールは穀類の炭水化物源として犬のレシピ素材に適している,9,1,1,(280),(1200),(120),(190),(190),(370),(430),(220),(650),(200),(44),(390),(200),(280),(3.45),(1.79),(0.07),(1.72),(1700),(73),-,-,-,"[""とうもろこし"",""トウモロコシ"",""玉蜀黍"",""コーン"",""corn"",""コーンミール"",""cornmeal"",""とうもろこし粉"",""コーン粉""]",コーンミール,黄色種,Cornmeal,Yellow,288.45,22,20020,"Cornmeal, whole-grain, yellow",168929,"Cornmeal, degermed, unenriched, yellow",1.2327832705255872,,8.6,FALSE,
01,01163,とうもろこし　コーンミール　白色種,14.0,8.3,4.0,8.0,1.3,375,5,130,2,220,99,1.5,1.4,0.16,0.38,-,-,(0),(0),1.1,0.15,0.08,0.9,0.43,(0),28,0.57,"{""baseName"":""とうもろこし"",""variety"":""コーンミール 白色種""}",白色種のコーンミールは穀類として利用でき、犬のレシピ素材として適している,9,1,0,(280),(1200),(120),(190),(190),(370),(430),(220),(650),(200),(44),(390),(200),(280),,,,,,,,,,"[""とうもろこし"",""トウモロコシ"",""コーン"",""corn"",""コーンミール"",""cornmeal"",""maize""]",コーンミール,白色種,Cornmeal,White variety,288.45,11,20022,"Cornmeal, degermed, enriched, yellow",172015,"Cornmeal, degermed, unenriched, white",1.2327832705255872,,8.6,TRUE,野菜 > とうもろこし
01,01133,とうもろこし　コーングリッツ　黄色種,14.0,8.2,1.0,2.4,0.4,352,2,50,1,160,21,0.3,0.4,0.07,-,Tr,6,(0),(0),0.2,0.06,0.05,0.7,0.11,(0),8,0.32,"{""baseName"":""とうもろこし"",""variety"":""コーングリッツ 黄色種""}",コーングリッツは穀類の炭水化物源としてレシピに利用しやすい。,8,1,1,330,1300,150,210,210,410,460,330,790,290,44,400,250,240,0.86,0.45,0.02,0.43,430,18,-,-,-,"[""とうもろこし"",""トウモロコシ"",""コーン"",""corn"",""コーングリッツ"",""corn grits"",""maize""]",コーングリッツ,黄色種,Corn Grits,Yellow variety,296.2,14,08092,"Cereals, QUAKER, corn grits, instant, plain, dry",171670,"Cereals, corn grits, yellow, regular and quick, unenriched, dry",2.7739811185781384,,,TRUE,野菜 > とうもろこし
01,01164,とうもろこし　コーングリッツ　白色種,14.0,8.2,1.0,2.4,0.4,352,2,50,1,160,21,0.3,0.4,0.07,-,Tr,6,(0),(0),0.2,0.06,0.05,0.7,0.11,(0),8,0.32,"{""baseName"":""とうもろこし"",""variety"":""コーングリッツ 白色種""}",コーングリッツは加熱して消化しやすい炭水化物源として使える。,8,1,0,(330),(1300),(150),(210),(210),(410),(460),(330),(790),(290),(44),(400),(250),(240),,,,,,,,,,"[""とうもろこし"",""トウモロコシ"",""コーン"",""corn"",""コーングリッツ"",""corn grits"",""maize""]",コーングリッツ,白色種,Corn Grits,White variety,296.2,14,08092,"Cereals, QUAKER, corn grits, instant, plain, dry",171655,"Cereals, corn grits, white, regular and quick, enriched, cooked with water, without salt",1.821630752853852,,2.6,TRUE,野菜 > とうもろこし
01,01134,とうもろこし　コーンフラワー　黄色種,14.0,6.6,2.8,1.7,0.5,347,3,90,1,200,31,0.6,0.6,0.08,0.13,-,-,(0),(0),0.2,0.14,0.06,1.3,0.20,(0),9,0.37,"{""baseName"":""とうもろこし"",""variety"":""コーンフラワー 黄色種""}",消化しやすい炭水化物源で、犬のレシピに使いやすい素材。,8,1,1,(240),(810),(190),(140),(120),(260),(320),(270),(590),(250),(47),(330),(200),(330),(2.42),(1.26),(0.05),(1.20),(1200),(51),-,-,-,"[""とうもろこし"",""トウモロコシ"",""コーン"",""corn"",""コーンフラワー"",""corn flour"",""maize""]",コーンフラワー,黄色種,Corn Flour,Yellow variety,307.3,4.3,20317,"Corn flour, masa, enriched, yellow",169695,"Corn flour, yellow, degermed, unenriched",1.5493022706061146,,,TRUE,野菜 > とうもろこし
01,01136,とうもろこし　ポップコーン,4.0,10.2,22.8,9.3,3.4,472,7,290,570,300,95,4.3,2.4,0.20,-,-,-,(0),(0),3.0,0.13,0.08,2.0,0.27,(0),22,0.46,"{""baseName"":""とうもろこし"",""variety"":""ポップコーン""}",ポップコーン用とうもろこしは原料として問題ないが、形状や調理法に注意。,7,1,1,(370),(1300),(290),(210),(180),(400),(500),(410),(920),(380),(71),(520),(310),(510),(20.79),(7.73),(0.18),(7.55),(7600),(180),(0),(0),(0),"[""とうもろこし"",""トウモロコシ"",""コーン"",""corn"",""ポップコーン"",""popcorn"",""ポップコーン用""]",ポップコーン,,Popcorn,,405.55,21,19034,"Snacks, popcorn, air-popped",170290,"Corn flour, whole-grain, yellow",1.3686335048182516,,21.6,TRUE,野菜 > とうもろこし
01,01138,はとむぎ　精白粒,13.0,13.3,1.3,0.6,0.2,353,6,20,1,85,12,0.4,0.4,0.11,0.81,-,-,(0),(0),0,0.02,0.05,0.5,0.07,(0),16,0.16,"{""baseName"":""はとむぎ"",""variety"":""精白粒""}",はとむぎの精白粒は穀類として利用可能で犬のレシピ素材として使用できる,7,1,0,550,1900,220,350,240,590,710,520,1200,400,70,750,300,510,,,,,,,,,,"[""はとむぎ"",""ハトムギ"",""はと麦"",""ハト麦"",""ヨクイニン"",""Jobs tears"",""coix seed"",""adlay""]",はとむぎ,精白粒,Job's tears,Polished grains,308.2,,,,,,,,,FALSE,
01,01139,ひえ　精白粒,12.9,9.4,3.3,4.3,1.3,361,7,280,6,240,58,1.6,2.2,0.15,1.37,0,4,(0),(0),0.1,0.25,0.02,0.4,0.17,(0),14,1.50,"{""baseName"":""ひえ"",""variety"":""精白粒""}",精白したひえは穀類として使いやすく犬のレシピ素材に適している,8,1,1,460,1000,130,240,150,380,670,360,1000,340,110,550,210,280,2.87,1.65,0.04,1.61,1600,36,0,0,0,"[""ひえ"",""ヒエ"",""稗"",""millet""]",ひえ,精白粒,Millet,Polished grains,301.75,,,,,,,,,FALSE,
01,01140,もろこし　玄穀,12.0,10.3,4.7,9.7,1.9,344,16,430,2,590,160,3.3,2.7,0.44,1.63,1,1,(0),(0),0.5,0.35,0.10,6.0,0.31,(0),54,1.42,"{""baseName"":""もろこし"",""variety"":""玄穀""}",玄穀のもろこしは穀物として問題なく利用できる,8,1,1,(420),(1400),(220),(160),(120),(290),(530),(310),(840),(340),(120),(540),(240),(340),(4.48),(2.12),(0.09),(2.03),(2000),(88),-,-,-,"[""もろこし"",""モロコシ"",""とうもろこし"",""トウモロコシ"",""コーン"",""corn"",""sorghum""]",モロコシ,玄穀,Sorghum,Whole grain,290.9,,,,170288,"Corn grain, yellow",1.3709490162307845,,,FALSE,
01,01141,もろこし　精白粒,12.5,9.5,2.6,4.4,1.3,348,14,290,2,410,110,2.4,1.3,0.21,1.12,-,-,(0),(0),0.2,0.10,0.03,3.0,0.24,(0),29,0.66,"{""baseName"":""もろこし"",""variety"":""精白粒""}",もろこし（精白粒）は消化しやすい炭水化物源で犬に適する。,8,1,1,(350),(1200),(200),(160),(190),(350),(500),(250),(750),(350),(120),(440),(190),(370),(2.24),(1.09),(0.05),(1.04),(1000),(47),(1),(0),(2),"[""もろこし"",""モロコシ"",""とうもろこし"",""トウモロコシ"",""コーン"",""corn"",""sorghum""]",モロコシ,精白粒,Sorghum,Polished grains,299.3,,,,168929,"Cornmeal, degermed, unenriched, yellow",1.819001721969659,,8.6,FALSE,
01,01142,ライむぎ　全粒粉,12.5,12.7,2.7,13.3,1.4,317,31,290,1,400,100,3.5,3.5,0.44,2.15,0,2,(0),(0),1.0,0.47,0.20,1.7,0.22,(0),65,0.87,"{""baseName"":""ライむぎ"",""variety"":""全粒粉""}",ライ麦全粒粉は穀物として使用可能だが主素材よりは補助的,7,1,1,440,830,500,220,320,540,600,340,950,480,150,640,320,680,(1.90),(1.19),(0.15),(1.04),(1000),(150),-,-,-,"[""ライむぎ"",""ライムギ"",""ライ麦"",""rye"",""全粒粉"",""wholemeal rye""]",ライ麦,全粒粉,Rye,Wholemeal flour,268.3,30,20063,"Rye flour, dark",168886,"Rye flour, medium",1.0030214832267077,,20.6,FALSE,
02,02068,＜いも類＞　アメリカほどいも　塊根　生,56.5,5.9,0.6,11.1,1.5,146,73,120,5,650,39,1.1,0.6,0.13,0.26,0,Tr,-,-,0.8,0.12,0.03,1.4,0.16,-,47,0.69,"{""baseName"":""アメリカほどいも"",""part"":""塊根"",""state"":""生"",""notes"":[""いも類""]}",アメリカほどいも（塊根）は食用の根菜でエネルギー源として利用可能,7,1,1,190,350,240,48,61,110,240,140,380,230,88,270,150,160,0.21,0.12,0.01,0.11,110,12,0,0,0,"[""アメリカほどいも"",""あめりかほどいも"",""ほどいも"",""ホドイモ"",""Apios""]",アメリカほどいも,塊根・生,Apios (American groundnut),"Tubers, Raw",111.15,,,,170093,"Potatoes, baked, flesh and skin, without salt",1.6025872538043686,,14.8,FALSE,
02,02069,＜いも類＞　アメリカほどいも　塊根　ゆで,57.1,6.0,0.8,8.4,1.5,144,78,120,5,650,42,1.0,0.7,0.14,0.34,0,1,-,-,0.9,0.15,0.03,1.6,0.15,-,49,0.75,"{""baseName"":""アメリカほどいも"",""part"":""塊根"",""state"":""ゆで"",""notes"":[""いも類""]}",イモ類の茹で品はエネルギー源として利用可能（加熱済みで消化しやすい）,7,1,1,210,360,250,48,66,110,250,150,390,240,92,280,160,170,0.31,0.19,0.02,0.17,170,24,0,0,0,"[""アメリカほどいも"",""あめりかほどいも"",""ほどいも"",""ホドイモ"",""Apios""]",アメリカほどいも,塊根・ゆで,Apios (American groundnut),"Tubers, Boiled",119.5,,,,170094,"Potatoes, microwaved, cooked in skin, flesh and skin, without salt",1.530268534774012,,,FALSE,
02,02001,＜いも類＞　きくいも　塊茎　生,81.7,1.9,0.4,1.9,1.3,66,14,66,1,610,16,0.3,0.3,0.17,0.08,1,Tr,(0),(0),0.2,0.08,0.04,1.6,0.09,(0),20,0.37,"{""baseName"":""きくいも"",""part"":""塊茎"",""state"":""生"",""notes"":[""いも類""]}",きくいもは食物繊維やイヌリンを含むが消化でガスを生じることがある,7,0,0,,,,,,,,,,,,,,,,,,,,,,,,"[""きくいも"",""キクイモ"",""菊芋"",""Jerusalem artichoke"",""sunchoke""]",菊芋,塊茎・生,Jerusalem Artichoke,"Tubers, Raw",54.85,,,,,,,,,FALSE,
02,02002,＜いも類＞　こんにゃく　精粉,6.0,3.0,0.1,79.9,5.6,194,57,160,18,3000,70,2.1,2.2,0.27,0.41,4,1,(0),(0),0.2,(0),(0),(0),1.20,(0),65,1.52,"{""baseName"":""こんにゃく"",""variety"":""精粉"",""notes"":[""いも類""]}",こんにゃくは低カロリーで食物繊維源として利用可能だが、飲み込みやすさに注意。,7,0,0,,,,,,,,,,,,,,,,,,,,,,,,"[""こんにゃく"",""コンニャク"",""蒟蒻"",""konnyaku"",""konjac"",""こんにゃく粉"",""konjac powder""]",こんにゃく粉,,Konjac Powder,,30.25,,,,,,,,,TRUE,野菜 > こんにゃく
02,02003,＜いも類＞　こんにゃく　板こんにゃく　精粉こんにゃく,97.3,0.1,Tr,2.2,0.3,5,43,5,10,33,2,0.4,0.1,0.02,0.02,-,-,(0),(0),0,(0),(0),(0),0.02,(0),1,0,"{""baseName"":""こんにゃく"",""variety"":""板こんにゃく 精粉こんにゃく"",""notes"":[""いも類""]}",こんにゃくは低カロリーで食物繊維が豊富だが形状による窒息リスクに注意が必要,8,0,0,,,,,,,,,,,,,,,,,,,,,,,,"[""こんにゃく"",""コンニャク"",""蒟蒻"",""板こんにゃく"",""板コンニャク"",""konnyaku"",""konnyaku block""]",板こんにゃく,,Konnyaku Block,,0.7,,,,,,,,,TRUE,野菜 > こんにゃく
02,02042,＜いも類＞　こんにゃく　赤こんにゃく,97.1,0.1,Tr,2.3,0.3,6,46,5,11,48,3,78.0,0.1,0.03,0.02,-,-,(0),(0),0,0,(0),(0),0.02,(0),1,0,"{""baseName"":""こんにゃく"",""variety"":""赤こんにゃく"",""notes"":[""いも類""]}",赤こんにゃくは着色以外はこんにゃくと同様で、食物繊維源として利用可能。,7,0,0,,,,,,,,,,,,,,,,,,,,,,,,"[""こんにゃく"",""コンニャク"",""蒟蒻"",""赤こんにゃく"",""赤コンニャク"",""konnyaku""]",赤こんにゃく,,Red Konnyaku,,1.05,,,,,,,,,TRUE,野菜 > こんにゃく
02,02044,＜いも類＞　こんにゃく　凍みこんにゃく　ゆで,80.8,0.7,0.3,15.5,1.4,42,340,32,11,210,23,2.7,1.0,0.19,0.27,-,(0),(0),(0),0.1,0,0,0.1,0.10,(0),13,0,"{""baseName"":""こんにゃく"",""variety"":""凍みこんにゃく"",""state"":""ゆで"",""notes"":[""いも類""]}",こんにゃくは低カロリーで食物繊維が豊富な食品で、調理して適切に扱えば利用可能,7,0,0,,,,,,,,,,,,,,,,,,,,,,,,"[""こんにゃく"",""コンニャク"",""蒟蒻"",""凍みこんにゃく"",""しみこんにゃく"",""konnyaku""]",凍みこんにゃく,ゆで,Shimi Konnyaku,Boiled,9.55,,,,,,,,,TRUE,野菜 > こんにゃく
02,02005,＜いも類＞　こんにゃく　しらたき,96.5,0.2,Tr,2.9,0.3,7,75,10,10,12,4,0.5,0.1,0.02,0.03,-,-,(0),(0),0,(0),(0),(0),0.01,(0),0,0,"{""baseName"":""こんにゃく"",""variety"":""しらたき"",""notes"":[""いも類""]}",しらたき（こんにゃく）は低カロリーで消化に使える素材だが栄養価は低め,7,0,0,,,,,,,,,,,,,,,,,,,,,,,,"[""しらたき"",""シラタキ"",""白滝"",""糸こんにゃく"",""いとこんにゃく"",""shirataki"",""ito konnyaku""]",しらたき,,Shirataki,,1.05,,,,,,,,,TRUE,野菜 > こんにゃく
02,02045,＜いも類＞　（さつまいも類）　さつまいも　塊根　皮つき　生,64.6,0.9,0.5,2.8,0.9,127,40,46,23,380,24,0.5,0.2,0.13,0.37,1,0,(0),(0),1.0,0.10,0.02,0.6,0.20,(0),49,0.48,"{""baseName"":""さつまいも"",""part"":""塊根"",""formModifiers"":[""皮つき""],""state"":""生"",""notes"":[""いも類"",""さつまいも類""]}",消化に良いでんぷん質と食物繊維を含む安全な素材（加熱調理で与える）,9,1,1,38,58,46,14,14,28,55,31,86,57,14,55,18,37,0.11,0.05,0.01,0.04,41,7,0,0,0,"[""さつまいも"",""サツマイモ"",""薩摩芋"",""sweet potato""]",さつまいも,皮つき・生,Sweet Potato,"Skin-on, Raw",113.45,13,11508,"Sweet potato, cooked, baked in skin, without salt",170072,"Yam, cooked, boiled, drained, or baked, without salt",1.2680324895476052,,16.2,TRUE,野菜 > さつまいも
02,02046,＜いも類＞　（さつまいも類）　さつまいも　塊根　皮つき　蒸し,64.2,0.9,0.2,3.8,1.0,129,40,47,22,390,23,0.5,0.2,0.13,0.39,1,Tr,(0),(0),1.4,0.10,0.02,0.7,0.20,(0),54,0.56,"{""baseName"":""さつまいも"",""part"":""塊根"",""formModifiers"":[""皮つき""],""state"":""蒸し"",""notes"":[""いも類"",""さつまいも類""]}",蒸しさつまいもは消化のよい炭水化物と食物繊維の供給源で犬に適する。,9,1,1,34,52,41,15,15,30,51,27,79,52,12,49,18,34,0.08,0.05,0.01,0.04,39,6,0,0,0,"[""さつまいも"",""サツマイモ"",""薩摩芋"",""sweet potato""]",さつまいも,皮つき・蒸し,Sweet Potato,"Skin-on, Steamed",109.5,13,11508,"Sweet potato, cooked, baked in skin, without salt",,,,,,TRUE,野菜 > さつまいも
02,02006,＜いも類＞　（さつまいも類）　さつまいも　塊根　皮なし　生,65.6,1.2,0.2,2.2,1.0,126,36,47,11,480,24,0.6,0.2,0.17,0.41,1,0,(0),(0),1.5,0.11,0.04,0.8,0.26,(0),49,0.90,"{""baseName"":""さつまいも"",""part"":""塊根"",""formModifiers"":[""皮なし""],""state"":""生"",""notes"":[""いも類"",""さつまいも類""]}",皮なしのさつまいもは犬に適した消化の良い炭水化物源で素材として適切。,9,1,1,52,77,61,20,19,38,75,41,120,79,17,74,25,50,0.05,0.02,Tr,0.02,21,3,0,0,0,"[""さつまいも"",""サツマイモ"",""薩摩芋"",""sweet potato"",""いも"",""芋""]",さつまいも,皮なし・生,Sweet Potato,"Skinless, Raw",110.2,13,11508,"Sweet potato, cooked, baked in skin, without salt",168484,"Sweet potato, cooked, boiled, without skin",0.8693667082653977,,10.8,TRUE,野菜 > さつまいも
02,02007,＜いも類＞　（さつまいも類）　さつまいも　塊根　皮なし　蒸し,65.6,1.2,0.2,2.3,1.0,131,36,47,11,480,24,0.6,0.2,0.17,0.41,1,Tr,(0),(0),1.5,0.11,0.04,0.8,0.27,(0),50,0.90,"{""baseName"":""さつまいも"",""part"":""塊根"",""formModifiers"":[""皮なし""],""state"":""蒸し"",""notes"":[""いも類"",""さつまいも類""]}",蒸しさつまいもは消化性の良い炭水化物で犬に適している,8,1,1,48,75,60,20,21,41,73,39,110,75,16,68,25,49,(0.05),(0.02),(Tr),(0.02),(21),(3),(0),(0),(0),"[""さつまいも"",""サツマイモ"",""薩摩芋"",""sweet potato"",""いも"",""芋""]",さつまいも,皮なし・蒸し,Sweet Potato,"Skinless, Steamed",109.85,13,11508,"Sweet potato, cooked, baked in skin, without salt",168484,"Sweet potato, cooked, boiled, without skin",0.8693667082653977,,10.8,TRUE,野菜 > さつまいも
02,02008,＜いも類＞　（さつまいも類）　さつまいも　塊根　皮なし　焼き,58.1,1.4,0.2,4.5,1.3,151,23,78,18,500,21,0.9,0.2,0.21,0.29,1,1,(0),(0),1.4,0.13,0.06,0.7,0.33,(0),52,1.4,"{""baseName"":""さつまいも"",""part"":""塊根"",""formModifiers"":[""皮なし""],""state"":""焼き"",""notes"":[""いも類"",""さつまいも類""]}",焼きさつまいも（皮なし）は消化しやすい炭水化物と食物繊維を含み、犬に適した素材である。,9,1,1,61,92,66,28,23,50,87,52,140,80,18,86,34,59,(0.05),(0.03),(Tr),(0.02),(22),(3),(0),(0),(0),"[""さつまいも"",""サツマイモ"",""薩摩芋"",""sweet potato"",""いも"",""芋""]",さつまいも,皮なし・焼き,Sweet Potato,"Skinless, Baked",127.35,13,11508,"Sweet potato, cooked, baked in skin, without salt",168484,"Sweet potato, cooked, boiled, without skin",0.9764414432167807,,10.8,TRUE,野菜 > さつまいも
02,02009,＜いも類＞　（さつまいも類）　さつまいも　蒸し切干,22.2,3.1,0.6,8.2,2.2,277,53,93,18,980,22,2.1,0.2,0.30,0.40,1,1,(0),(0),1.3,0.19,0.08,1.6,0.41,(0),13,1.35,"{""baseName"":""さつまいも"",""variety"":""蒸し切干"",""notes"":[""いも類"",""さつまいも類""]}",蒸し切干しさつまいもは食物繊維と炭水化物の供給源として適しており犬にも使いやすい。,9,1,1,130,200,140,53,49,100,190,95,290,180,48,190,72,130,0.19,0.12,0.01,0.10,100,11,0,0,0,"[""切干し芋"",""干し芋"",""きりぼしイモ"",""切干芋"",""さつまいも"",""sweet potato"",""dried sweet potato""]",干し芋,蒸し切干,Dried Sweet Potato,Steamed & Dried,238.9,13,11508,"Sweet potato, cooked, baked in skin, without salt",168483,"Sweet potato, cooked, baked in skin, flesh, without salt",1.451207403755137,,13.1,TRUE,野菜 > さつまいも
02,02048,＜いも類＞　（さつまいも類）　むらさきいも　塊根　皮なし　生,66.0,1.2,0.3,2.5,0.8,123,24,56,30,370,26,0.6,0.2,0.21,0.50,1,0,(0),(0),1.3,0.12,0.02,1.3,0.18,(0),22,0.54,"{""baseName"":""むらさきいも"",""part"":""塊根"",""formModifiers"":[""皮なし""],""state"":""生"",""notes"":[""いも類"",""さつまいも類""]}",紫芋は根菜類として栄養価が高く、犬のレシピ素材として利用可能。,8,1,1,45,68,51,20,18,38,61,36,97,61,15,64,20,44,0.10,0.04,Tr,0.04,39,5,0,0,0,"[""むらさきいも"",""ムラサキイモ"",""紫芋"",""purple sweet potato"",""さつまいも"",""サツマイモ""]",紫芋,皮なし・生,Purple Sweet Potato,"Skinless, Raw",108.95,13,11508,"Sweet potato, cooked, baked in skin, without salt",,,,,,TRUE,野菜 > 紫芋
02,02049,＜いも類＞　（さつまいも類）　むらさきいも　塊根　皮なし　蒸し,66.2,1.2,0.3,3.0,0.9,122,34,55,28,420,26,0.6,0.3,0.22,0.44,Tr,0,(0),(0),1.9,0.13,0.03,1.5,0.16,(0),24,0.61,"{""baseName"":""むらさきいも"",""part"":""塊根"",""formModifiers"":[""皮なし""],""state"":""蒸し"",""notes"":[""いも類"",""さつまいも類""]}",蒸しむらさきいも（皮なし）は消化の良い良質な炭水化物で犬に適した素材。,9,1,1,49,74,58,23,21,44,67,43,110,67,17,69,25,48,0.14,0.08,0.01,0.07,70,9,0,0,0,"[""むらさきいも"",""ムラサキイモ"",""紫芋"",""purple sweet potato"",""さつまいも"",""サツマイモ""]",紫芋,皮なし・蒸し,Purple Sweet Potato,"Skinless, Steamed",106.15,13,11508,"Sweet potato, cooked, baked in skin, without salt",169306,"Sweet potato, frozen, unprepared (Includes foods for USDA's Food Distribution Program)",1.2276462237343015,,,TRUE,野菜 > 紫芋
02,02011,＜いも類＞　（さといも類）　さといも　球茎　水煮,84.0,1.5,0.1,2.4,1.0,52,14,47,1,560,17,0.4,0.3,0.13,0.17,0,Tr,(0),(0),0.5,0.06,0.02,0.8,0.14,(0),28,0.42,"{""baseName"":""さといも"",""part"":""球茎"",""state"":""水煮"",""notes"":[""いも類"",""さといも類""]}",ゆで里芋は消化しやすいでんぷん源で犬のレシピ素材に適している,8,1,1,51,120,73,19,45,64,84,85,170,70,34,81,30,100,(0.05),(0.03),(Tr),(0.03),(26),(5),-,-,-,"[""さといも"",""サトイモ"",""里芋"",""taro"",""タロイモ"",""いも""]",里芋,水煮,Taro (Satoimo),Boiled,44.6,,,,,,,,,TRUE,野菜 > さといも
02,02051,＜いも類＞　（さといも類）　セレベス　球茎　水煮,77.5,2.1,0.3,2.2,1.0,77,17,82,0,510,24,0.6,0.8,0.12,0.31,Tr,0,(0),(0),0.6,0.08,0.02,1.5,0.16,(0),23,0.38,"{""baseName"":""セレベス"",""part"":""球茎"",""state"":""水煮"",""notes"":[""いも類"",""さといも類""]}",水煮されたセレベス（里芋類）は加熱済みででん粉質の供給源として使いやすいが生は刺激がある,7,1,1,70,170,95,28,53,80,110,91,200,90,41,110,50,150,0.16,0.08,0.01,0.08,76,9,0,0,0,"[""セレベス"",""せれべす"",""セレベス芋"",""里芋"",""サトイモ"",""taro""]",セレベス,水煮,Celebes Taro,Boiled,69.05,,,,,,,,,TRUE,野菜 > さといも
02,02053,＜いも類＞　（さといも類）　たけのこいも　球茎　水煮,75.4,1.6,0.4,2.4,0.8,86,37,63,1,410,28,0.5,1.5,0.09,0.53,Tr,Tr,(0),(0),0.7,0.05,0.02,0.6,0.14,(0),39,0.23,"{""baseName"":""たけのこいも"",""part"":""球茎"",""state"":""水煮"",""notes"":[""いも類"",""さといも類""]}",加熱済みの里芋類で消化しやすく安全。炭水化物・食物繊維源として使える。,8,1,1,49,110,69,21,36,57,80,59,140,64,25,76,35,110,0.24,0.12,0.02,0.10,100,17,0,0,0,"[""たけのこいも"",""タケノコイモ"",""筍いも"",""里芋"",""サトイモ"",""taro""]",たけのこいも,水煮,Takenokoimo (Taro),Boiled,76.9,,,,169308,"Taro, raw",1.4221624828038124,,17.3,TRUE,野菜 > さといも
02,02014,＜いも類＞　（さといも類）　みずいも　球茎　水煮,72.0,0.7,0.4,2.5,0.8,101,79,35,5,270,23,1.0,0.2,0.05,0.47,6,1,(0),(0),0.6,0.16,0.02,0.6,0.17,(0),27,0.14,"{""baseName"":""みずいも"",""part"":""球茎"",""state"":""水煮"",""notes"":[""いも類"",""さといも類""]}",加熱済みの里芋類で消化しやすく一般に安全。,8,1,1,22,45,34,9.3,16,26,30,24,54,27,11,33,16,42,0.22,0.10,0.01,0.09,89,12,0,0,0,"[""みずいも"",""ミズイモ"",""水芋"",""里芋"",""サトイモ"",""taro""]",みずいも,水煮,Mizuiimo (Taro),Boiled,88.45,,,,,,,,,TRUE,野菜 > さといも
02,02016,＜いも類＞　（さといも類）　やつがしら　球茎　水煮,75.6,2.7,0.6,2.8,1.1,92,34,56,1,520,39,0.6,1.3,0.21,1.25,Tr,0,(0),(0),1.1,0.11,0.04,0.5,0.17,(0),30,0.49,"{""baseName"":""やつがしら"",""part"":""球茎"",""state"":""水煮"",""notes"":[""いも類"",""さといも類""]}",水煮したやつがしら（里芋類）は加熱済みのでん粉源として利用できる。,7,1,1,96,220,130,35,66,100,130,120,250,130,51,150,59,210,0.31,0.19,0.03,0.16,160,28,0,0,0,"[""やつがしら"",""ヤツガシラ"",""八頭"",""やつがしら芋"",""里芋"",""taro""]",やつがしら,水煮,Yatsugashira (Taro),Boiled,74.75,,,,169308,"Taro, raw",1.3672356266993677,,17.3,TRUE,野菜 > さといも
02,02064,＜いも類＞　じゃがいも　塊茎　皮つき　電子レンジ調理,77.6,2.1,0.2,3.9,0.9,78,4,58,Tr,430,23,0.9,0.3,0.12,0.45,1,Tr,(0),(0),0.1,0.07,0.02,1.7,0.19,(0),15,0.33,"{""baseName"":""じゃがいも"",""part"":""塊茎"",""formModifiers"":[""皮つき""],""state"":""電子レンジ調理"",""notes"":[""いも類""]}",加熱したじゃがいもは消化しやすく犬に適した素材。ただし緑化部や芽は除く。,8,1,1,67,100,110,30,25,55,76,58,130,75,22,100,34,96,0.02,0.01,Tr,0.01,11,4,0,0,0,"[""じゃがいも"",""ジャガイモ"",""馬鈴薯"",""potato"",""ポテト"",""いも""]",じゃがいも,皮つき・電子レンジ調理,Potato,"Skin-on, Microwaved",62.6,15,11356,"Potatoes, russet, flesh and skin, baked",170441,"Potatoes, microwaved, cooked in skin, flesh, without salt",1.4746261907098726,,,TRUE,野菜 > じゃがいも
02,02019,＜いも類＞　じゃがいも　塊茎　皮なし　水煮,80.6,1.7,0.1,3.1,0.7,71,4,32,1,340,16,0.6,0.2,0.10,0.10,0,0,(0),(0),0.1,0.07,0.03,1.0,0.18,(0),18,0.41,"{""baseName"":""じゃがいも"",""part"":""塊茎"",""formModifiers"":[""皮なし""],""state"":""水煮"",""notes"":[""いも類""]}",皮なしの水煮じゃがいもは加熱され消化性が良い炭水化物源で使用可能。,8,1,1,57,93,95,26,23,49,66,63,130,66,20,87,31,86,(0.04),(0.03),(0.01),(0.02),(18),(7),-,-,-,"[""じゃがいも"",""ジャガイモ"",""馬鈴薯"",""potato"",""ポテト"",""いも""]",じゃがいも,皮なし・水煮,Potato,"Skinless, Boiled",55.1,14,11357,"Potatoes, white, flesh and skin, baked",170440,"Potatoes, boiled, cooked without skin, flesh, without salt",1.3685518468920643,,13.2,TRUE,野菜 > じゃがいも
02,02018,＜いも類＞　じゃがいも　塊茎　皮なし　蒸し,78.8,1.9,0.3,3.5,0.9,76,5,38,1,420,24,0.6,0.3,0.08,0.12,Tr,Tr,(0),(0),0.1,0.08,0.03,1.0,0.22,(0),21,0.50,"{""baseName"":""じゃがいも"",""part"":""塊茎"",""formModifiers"":[""皮なし""],""state"":""蒸し"",""notes"":[""いも類""]}",皮なしに蒸したじゃがいもは加熱済みで消化しやすく犬にとって安全な炭水化物源である,8,1,1,63,97,100,30,25,55,73,63,140,71,22,96,33,89,(0.10),(0.06),(0.02),(0.04),(45),(18),-,-,-,"[""じゃがいも"",""ジャガイモ"",""馬鈴薯"",""potato"",""ポテト"",""いも""]",じゃがいも,皮なし・蒸し,Potato,"Skinless, Steamed",60.3,14,11357,"Potatoes, white, flesh and skin, baked",170440,"Potatoes, boiled, cooked without skin, flesh, without salt",1.1709042919386154,,13.2,TRUE,野菜 > じゃがいも
02,02066,＜いも類＞　じゃがいも　塊茎　皮なし　電子レンジ調理,78.0,1.9,0.1,3.5,1.0,78,4,47,1,430,20,0.4,0.3,0.10,0.40,1,0,(0),(0),Tr,0.09,0.03,1.4,0.20,(0),17,0.47,"{""baseName"":""じゃがいも"",""part"":""塊茎"",""formModifiers"":[""皮なし""],""state"":""電子レンジ調理"",""notes"":[""いも類""]}",皮なしで電子レンジ調理されたじゃがいもは消化性が良く、安全に使える。,9,1,1,62,96,98,27,22,49,71,54,120,69,20,95,32,90,0.01,0.01,Tr,0.01,7,2,0,0,0,"[""じゃがいも"",""ジャガイモ"",""馬鈴薯"",""potato"",""ポテト"",""いも""]",じゃがいも,皮なし・電子レンジ調理,Potato,"Skinless, Microwaved",61.75,15,11356,"Potatoes, russet, flesh and skin, baked",170441,"Potatoes, microwaved, cooked in skin, flesh, without salt",1.458850192924957,,,TRUE,野菜 > じゃがいも
02,02054,＜いも類＞　ヤーコン　塊根　生,86.3,0.6,0.3,1.1,0.4,52,11,31,0,240,8,0.2,0.1,0.07,0.07,-,-,(0),(0),0.2,0.04,0.01,1.0,0.08,(0),25,0.02,"{""baseName"":""ヤーコン"",""part"":""塊根"",""state"":""生"",""notes"":[""いも類""]}",ヤーコンは生の根菜で食物繊維や糖アルコールを含むが果菜として問題は少ない,8,0,0,,,,,,,,,,,,,,,,,,,,,,,,"[""ヤーコン"",""やーこん"",""ヤーコン芋"",""yacon"",""ヤコン"",""いも""]",ヤーコン,生,Yacon,Raw,44.2,,,,,,,,,TRUE,野菜 > ヤーコン
02,02055,＜いも類＞　ヤーコン　塊根　水煮,88.8,0.6,0.3,1.2,0.4,42,11,26,0,190,7,0.2,0.1,0.06,0.07,-,-,(0),(0),0.2,0.03,0.01,0.7,0.06,(0),28,0.01,"{""baseName"":""ヤーコン"",""part"":""塊根"",""state"":""水煮"",""notes"":[""いも類""]}",水煮のヤーコンは食物繊維（フラクトオリゴ糖）を含み、犬にとって利用しやすい根菜。,8,0,0,,,,,,,,,,,,,,,,,,,,,,,,"[""ヤーコン"",""やーこん"",""ヤーコン芋"",""yacon"",""ヤコン"",""いも""]",ヤーコン,水煮,Yacon,Boiled,35.1,,,,,,,,,TRUE,野菜 > ヤーコン
02,02022,＜いも類＞　（やまのいも類）　ながいも　いちょういも　塊根　生,71.1,4.5,0.5,1.4,1.3,108,12,65,5,590,19,0.6,0.4,0.20,0.05,1,1,(0),(0),0.3,0.15,0.05,0.4,0.11,(0),13,0.85,"{""baseName"":""ながいも"",""variety"":""いちょういも"",""part"":""塊根"",""state"":""生"",""notes"":[""いも類"",""やまのいも類""]}",消化に良い炭水化物源で犬に与えやすい根菜類（加熱や下処理で扱いやすい）,8,1,1,140,230,170,57,41,98,200,120,320,120,64,180,85,620,0.27,0.13,0.01,0.12,120,9,0,0,0,"[""ながいも"",""ナガイモ"",""長芋"",""いちょういも"",""イチョウイモ"",""yam"",""山芋""]",長芋,いちょういも・生,Nagaimo,"Ichouimo, Raw",94.2,,,,170071,"Yam, raw",1.260054705301367,,16.5,TRUE,野菜 > 長芋
02,02023,＜いも類＞　（やまのいも類）　ながいも　ながいも　塊根　生,82.6,2.2,0.3,1.0,1.0,64,17,27,3,430,17,0.4,0.3,0.10,0.03,1,1,(0),(0),0.2,0.10,0.02,0.4,0.09,(0),8,0.61,"{""baseName"":""ながいも"",""variety"":""ながいも"",""part"":""塊根"",""state"":""生"",""notes"":[""いも類"",""やまのいも類""]}",長芋はでん粉や栄養を含む根菜で犬にも適した素材。ただし生の粘性で刺激が出る場合がある。,8,1,1,57,83,68,21,17,38,73,43,120,65,28,75,37,200,0.14,0.08,0.01,0.07,75,9,-,-,-,"[""ながいも"",""ナガイモ"",""長芋"",""ナガイモ"",""山芋"",""yam""]",長芋,生,Nagaimo,Raw,55.4,,,,168432,"Mountain yam, hawaii, raw",1.0464979609305942,,,TRUE,野菜 > 長芋
02,02024,＜いも類＞　（やまのいも類）　ながいも　ながいも　塊根　水煮,84.2,2.0,0.3,1.4,0.9,58,15,26,3,430,16,0.4,0.3,0.09,0.03,1,0,(0),(0),0.2,0.08,0.02,0.3,0.08,(0),6,0.50,"{""baseName"":""ながいも"",""variety"":""ながいも"",""part"":""塊根"",""state"":""水煮"",""notes"":[""いも類"",""やまのいも類""]}",ゆでたながいもは消化しやすく食物繊維や栄養が得られる安全な素材。,8,1,1,57,85,69,21,19,40,75,45,120,61,27,74,36,180,(0.14),(0.08),(0.01),(0.07),(75),(9),-,-,-,"[""ながいも"",""ナガイモ"",""長芋"",""山芋"",""yam"",""ながいも""]",長芋,水煮,Nagaimo,Boiled,48.75,,,,168433,"Mountain yam, hawaii, cooked, steamed, without salt",1.2771655881339263,,,TRUE,野菜 > 長芋
02,02025,＜いも類＞　（やまのいも類）　ながいも　やまといも　塊根　生,66.7,4.5,0.2,2.5,1.5,119,16,72,12,590,28,0.5,0.6,0.16,0.27,1,1,(0),(0),0.2,0.13,0.02,0.5,0.14,(0),6,0.54,"{""baseName"":""ながいも"",""variety"":""やまといも"",""part"":""塊根"",""state"":""生"",""notes"":[""いも類"",""やまのいも類""]}",ながいも（生）は栄養源として利用されるが生食で粘性や消化性に注意が必要,7,1,1,130,230,170,56,40,96,180,120,310,120,62,170,84,590,0.12,0.07,0.01,0.06,58,9,0,0,0,"[""長芋"",""ながいも"",""ナガイモ"",""nagaimo"",""ヤマトイモ"",""大和芋"",""山芋"",""yam""]",長芋,,Nagaimo,,103.55,,,,170071,"Yam, raw",1.1561324770212362,,16.5,TRUE,野菜 > 長芋
02,02026,＜いも類＞　（やまのいも類）　じねんじょ　塊根　生,68.8,2.8,0.7,2.0,1.0,118,10,31,6,550,21,0.8,0.7,0.21,0.12,Tr,Tr,(0),(0),4.1,0.11,0.04,0.6,0.18,(0),29,0.67,"{""baseName"":""じねんじょ"",""part"":""塊根"",""state"":""生"",""notes"":[""いも類"",""やまのいも類""]}",じねんじょはでんぷん質の供給源で、加熱して与えるのが適切。,7,1,1,88,150,100,34,26,61,110,75,190,83,41,110,54,260,0.27,0.11,0.02,0.10,98,16,0,0,0,"[""自然薯"",""じねんじょ"",""ジネンジョ"",""jinenjo"",""自然じょ"",""wild yam"",""山の芋""]",自然薯,,Jinenjo,,102.2,,,,169401,"Yautia (tannier), raw",1.008979372972057,,,TRUE,野菜 > 長芋
02,02070,＜でん粉・でん粉製品＞　（でん粉類）　おおうばゆりでん粉,16.2,0.1,0.1,0.8,Tr,327,5,6,1,1,1,0.1,Tr,0.01,0.02,0,0,-,-,0,0,0,0,0,-,Tr,0.01,"{""baseName"":""おおうばゆりでん粉"",""notes"":[""でん粉・でん粉製品"",""でん粉類""]}",おおうばゆりでん粉はでん粉類の炭水化物源として利用可能な素材,7,0,0,,,,,,,,,,,,,,,,,,,,,,,,"[""おおうばゆりでん粉"",""オオウバユリでん粉"",""オオウバユリ"",""oobayuri starch"",""lily starch"",""lily bulb starch""]",オオウバユリでん粉,,Oobayuri Starch,,291,,,,,,,,,FALSE,
02,02028,＜でん粉・でん粉製品＞　（でん粉類）　キャッサバでん粉,14.2,0.1,0.2,(0),0.2,354,28,6,1,48,5,0.3,Tr,0.03,0.09,-,-,0,(0),-,0,0,0,(0),(0),(0),(0),"{""baseName"":""キャッサバでん粉"",""notes"":[""でん粉・でん粉製品"",""でん粉類""]}",精製されたキャッサバでん粉（タピオカ）は炭水化物源として利用可能で、素材として使いやすい。,7,0,0,,,,,,,,,,,,,,,,,,,,,,,,"[""キャッサバでん粉"",""キャッサバデンプン"",""キャッサバ"",""cassava starch"",""cassava"",""tapioca starch""]",キャッサバでん粉,,Cassava Starch,,300.6,,,,,,,,,FALSE,
02,02029,＜でん粉・でん粉製品＞　（でん粉類）　くずでん粉,13.9,0.2,0.2,(0),0.1,356,18,12,2,2,3,2.0,Tr,0.02,0.02,-,-,(0),(0),-,(0),(0),(0),(0),(0),(0),(0),"{""baseName"":""くずでん粉"",""notes"":[""でん粉・でん粉製品"",""でん粉類""]}",くずでん粉は消化しやすい炭水化物源で素材として問題ない,8,0,0,,,,,,,,,,,,,,,,,,,,,,,,"[""くずでん粉"",""葛でん粉"",""くずでんぷん"",""kudzu starch"",""kuzu starch"",""kudzu""]",くずでん粉,,Kudzu (Kuzu) Starch,,302,,,,,,,,,TRUE,粉類 > 葛粉
02,02030,＜でん粉・でん粉製品＞　（でん粉類）　米でん粉,9.7,0.2,0.7,(0),0.1,375,29,20,11,2,8,1.5,0.1,0.06,-,-,-,0,(0),-,0,0,0,(0),(0),(0),(0),"{""baseName"":""米でん粉"",""notes"":[""でん粉・でん粉製品"",""でん粉類""]}",米でん粉は炭水化物源として使いやすく犬のレシピ素材に適している,8,0,0,,,,,,,,,,,,,,,,,,,,,,,,"[""米でん粉"",""こめでんぷん"",""米でんぷん"",""rice starch"",""rice starch""]",米でん粉,,Rice Starch,,319.2,2.1,20045,"Rice, white, long grain, regular, cooked",,,,,,FALSE,
02,02031,＜でん粉・でん粉製品＞　（でん粉類）　小麦でん粉,13.1,0.2,0.5,(0),0.2,360,14,33,3,8,5,0.6,0.1,0.02,0.06,-,-,0,(0),-,0,0,0,(0),(0),(0),(0),"{""baseName"":""小麦でん粉"",""notes"":[""でん粉・でん粉製品"",""でん粉類""]}",消化しやすい炭水化物源でレシピ素材として利用可能,8,0,0,,,,,,,,,,,,,,,,,,,,,,,,"[""小麦でん粉"",""こむぎでんぷん"",""小麦でんぷん"",""wheat starch"",""wheat starch""]",小麦でん粉,,Wheat Starch,,305.95,10,20081,"Wheat flour, white, all purpose, enriched, bleached",,,,,,FALSE,
02,02032,＜でん粉・でん粉製品＞　（でん粉類）　サゴでん粉,13.4,0.1,0.2,(0),0.2,357,7,9,7,1,3,1.8,Tr,Tr,0.37,-,-,(0),(0),-,(0),(0),(0),(0),(0),(0),(0),"{""baseName"":""サゴでん粉"",""notes"":[""でん粉・でん粉製品"",""でん粉類""]}",サゴでん粉は消化しやすいでん粉類でエネルギー源として素材使用に適している,8,0,0,,,,,,,,,,,,,,,,,,,,,,,,"[""サゴでん粉"",""サゴデンプン"",""サゴ"",""sago starch"",""sago""]",サゴでん粉,,Sago Starch,,303.4,,,,,,,,,FALSE,
02,02033,＜でん粉・でん粉製品＞　（でん粉類）　さつまいもでん粉,17.5,0.1,0.2,(0),0.2,340,50,8,1,4,4,2.8,0.1,0.02,-,-,-,0,(0),-,0,0,0,(0),(0),(0),(0),"{""baseName"":""さつまいもでん粉"",""notes"":[""でん粉・でん粉製品"",""でん粉類""]}",さつまいもでん粉は炭水化物源として利用可能でレシピ素材に適する,7,0,0,,,,,,,,,,,,,,,,,,,,,,,,"[""さつまいもでん粉"",""さつまいもでんぷん"",""薩摩芋でん粉"",""sweet potato starch"",""sweet potato starch""]",さつまいもでん粉,,Sweet Potato Starch,,289.05,13,11508,"Sweet potato, cooked, baked in skin, without salt",,,,,,FALSE,
02,02034,＜でん粉・でん粉製品＞　（でん粉類）　じゃがいもでん粉,18.0,0.1,0.1,(0),0.2,338,10,40,2,34,6,0.6,Tr,0.03,-,0,0,0,(0),-,0,0,0,(0),(0),(0),(0),"{""baseName"":""じゃがいもでん粉"",""notes"":[""でん粉・でん粉製品"",""でん粉類""]}",じゃがいもでん粉は安全な炭水化物源・増粘剤として利用しやすい。,9,0,0,,,,,,,,,,,,,,,,,,,,,,,,"[""じゃがいもでん粉"",""ジャガイモでん粉"",""じゃがいもでんぷん"",""potato starch"",""片栗粉"",""potato starch""]",片栗粉,,Potato Starch,,286.8,13,11353,"Potatoes, russet, flesh and skin, raw",,,,,,TRUE,穀物・麺類 > 片栗粉
02,02035,＜でん粉・でん粉製品＞　（でん粉類）　とうもろこしでん粉,12.8,0.1,0.7,(0),0.1,363,3,13,1,5,4,0.3,0.1,0.04,-,1,Tr,0,(0),-,0,0,0,(0),(0),(0),(0),"{""baseName"":""とうもろこしでん粉"",""notes"":[""でん粉・でん粉製品"",""でん粉類""]}",とうもろこしでん粉は安定したでん粉原料でつなぎやとろみ付けなどに利用しやすい,8,0,1,,,,,,,,,,,,,,,(0.70),(0.35),(0),(0.35),(350),(0),(0),(0),(0),"[""とうもろこしでん粉"",""トウモロコシでん粉"",""コーンスターチ"",""cornstarch"",""corn starch"",""コーンスターチ""]",コーンスターチ,,Cornstarch,,308.35,,,,,,,,,FALSE,
02,02036,＜でん粉・でん粉製品＞　（でん粉製品）　くずきり　乾,11.8,0.2,0.2,0.9,0.1,341,19,18,4,3,4,1.4,0.1,0.03,0.05,-,-,(0),(0),-,(0),(0),(0),(0),(0),(0),(0),"{""baseName"":""くずきり"",""state"":""乾"",""notes"":[""でん粉・でん粉製品"",""でん粉製品""]}",でん粉由来の乾燥麺で消化しやすい炭水化物源として利用可能,7,0,0,,,,,,,,,,,,,,,,,,,,,,,,"[""くずきり"",""葛切り"",""kuzukiri"",""kudzu noodles"",""kudzu kanten""]",くずきり,乾燥,Kuzukiri,Dried,306.2,,,,,,,,,TRUE,粉類 > 葛粉
02,02037,＜でん粉・でん粉製品＞　（でん粉製品）　くずきり　ゆで,66.5,0.1,0.1,0.8,Tr,133,5,5,2,Tr,1,0.4,Tr,0.01,0.01,-,-,(0),(0),-,(0),(0),(0),(0),(0),(0),(0),"{""baseName"":""くずきり"",""state"":""ゆで"",""notes"":[""でん粉・でん粉製品"",""でん粉製品""]}",くずきりはでん粉由来の炭水化物で消化しやすく素材として使いやすい。,8,0,0,,,,,,,,,,,,,,,,,,,,,,,,"[""くずきり"",""葛切り"",""kuzukiri"",""kudzu noodles"",""kudzu kanten""]",くずきり,ゆで,Kuzukiri,Boiled,114.95,,,,,,,,,TRUE,粉類 > 葛粉
02,02038,＜でん粉・でん粉製品＞　（でん粉製品）　タピオカパール　乾,11.9,0,0.2,0.5,0.1,352,24,8,5,12,3,0.5,0.1,0.01,0.13,-,-,(0),(0),(0),(0),(0),(0),(0),(0),(0),(0),"{""baseName"":""タピオカパール"",""state"":""乾"",""notes"":[""でん粉・でん粉製品"",""でん粉製品""]}",タピオカパール（乾）はでん粉製品として使用可能だが調理が必要で栄養価は限定的。,7,0,0,,,,,,,,,,,,,,,,,,,,,,,,"[""タピオカパール"",""タピオカ"",""tapioca pearls"",""tapioca"",""タピオカパール""]",タピオカパール,乾燥,Tapioca Pearls,Dried,307.25,,,,,,,,,FALSE,
02,02057,＜でん粉・でん粉製品＞　（でん粉製品）　タピオカパール　ゆで,84.6,0,Tr,0.2,Tr,61,4,1,Tr,1,0,0.1,0,0,0.01,-,-,(0),(0),(0),(0),(0),(0),(0),(0),(0),(0),"{""baseName"":""タピオカパール"",""state"":""ゆで"",""notes"":[""でん粉・でん粉製品"",""でん粉製品""]}",ゆでタピオカは消化しやすいでん粉源として利用できるが栄養は限定的,7,0,0,,,,,,,,,,,,,,,,,,,,,,,,"[""タピオカパール"",""タピオカ"",""tapioca pearls"",""tapioca"",""タピオカパール""]",タピオカパール,ゆで,Tapioca Pearls,Cooked,53.2,,,,,,,,,FALSE,
02,02059,＜でん粉・でん粉製品＞　（でん粉製品）　でん粉めん　乾,12.6,0.2,0.3,1.8,0.2,347,6,48,32,38,5,0.2,Tr,0,0.02,-,-,(0),(0),(0),(0),(0),(0),(0),(0),(0),(0),"{""baseName"":""でん粉めん"",""state"":""乾"",""notes"":[""でん粉・でん粉製品"",""でん粉製品""]}",乾燥のでん粉めんは穀類・でん粉源として使える安定した素材,7,0,0,,,,,,,,,,,,,,,,,,,,,,,,"[""でん粉めん"",""でんぷんめん"",""starch noodles"",""starch noodle"",""澱粉麺""]",でん粉めん,乾燥,Starch Noodles,Dried,300.4,,,,,,,,,TRUE,穀物・麺類 > 春雨
02,02039,＜でん粉・でん粉製品＞　（でん粉製品）　はるさめ　緑豆はるさめ　乾,11.8,0.2,0.4,4.1,0.1,344,20,10,14,13,3,0.5,0.1,0.01,0.02,2,1,(0),(0),(0),(0),(0),(0),(0),(0),(0),(0),"{""baseName"":""はるさめ"",""variety"":""緑豆はるさめ"",""state"":""乾"",""notes"":[""でん粉・でん粉製品"",""でん粉製品""]}",緑豆でん粉由来のはるさめは消化しやすい炭水化物源として安全,8,0,0,,,,,,,,,,,,,,,,,,,,,,,,"[""はるさめ"",""春雨"",""はるさめ緑豆"",""緑豆春雨"",""harusame"",""mung bean vermicelli"",""glass noodles"",""bean thread noodles""]",春雨,緑豆・乾燥,Mung Bean Vermicelli,Dried,296,,,,,,,,,TRUE,穀物・麺類 > 春雨
02,02061,＜でん粉・でん粉製品＞　（でん粉製品）　はるさめ　緑豆はるさめ　ゆで,79.3,Tr,0.1,1.5,Tr,78,3,3,0,0,Tr,0.1,Tr,0,0,0,0,(0),(0),(0),(0),(0),(0),(0),(0),(0),(0),"{""baseName"":""はるさめ"",""variety"":""緑豆はるさめ"",""state"":""ゆで"",""notes"":[""でん粉・でん粉製品"",""でん粉製品""]}",緑豆はるさめは加熱済みの消化しやすいでん粉源で犬のレシピ素材として適する,8,0,0,,,,,,,,,,,,,,,,,,,,,,,,"[""はるさめ"",""春雨"",""はるさめ緑豆"",""緑豆春雨"",""harusame"",""mung bean vermicelli"",""glass noodles"",""bean thread noodles""]",春雨,緑豆・ゆで,Mung Bean Vermicelli,Boiled,67.7,,,,,,,,,TRUE,穀物・麺類 > 春雨
02,02040,＜でん粉・でん粉製品＞　（でん粉製品）　はるさめ　普通はるさめ　乾,12.9,0,0.2,1.2,0.3,346,41,46,7,14,5,0.4,Tr,0.01,0.05,0,0,(0),(0),(0),(0),(0),(0),(0),(0),(0),(0),"{""baseName"":""はるさめ"",""variety"":""普通はるさめ"",""state"":""乾"",""notes"":[""でん粉・でん粉製品"",""でん粉製品""]}",春雨（でん粉製品）は消化可能な炭水化物源として利用できる,8,0,0,,,,,,,,,,,,,,,,,,,,,,,,"[""はるさめ"",""春雨"",""harusame"",""glass noodles"",""bean thread noodles"",""春雨""]",春雨,普通・乾燥,Glass Noodles,Dried,300.6,,,,,,,,,TRUE,穀物・麺類 > 春雨
02,02062,＜でん粉・でん粉製品＞　（でん粉製品）　はるさめ　普通はるさめ　ゆで,80.0,0,Tr,0.8,0.1,76,10,10,1,2,1,0.1,0,0,0.01,0,0,(0),(0),(0),(0),(0),(0),(0),(0),(0),(0),"{""baseName"":""はるさめ"",""variety"":""普通はるさめ"",""state"":""ゆで"",""notes"":[""でん粉・でん粉製品"",""でん粉製品""]}",はるさめ（でん粉製品）は消化可能な炭水化物源でレシピ素材として使いやすい,7,0,0,,,,,,,,,,,,,,,,,,,,,,,,"[""はるさめ"",""春雨"",""harusame"",""glass noodles"",""bean thread noodles"",""春雨""]",春雨,普通・ゆで,Glass Noodles,Boiled,66.85,,,,,,,,,TRUE,穀物・麺類 > 春雨
03,03022,（その他）　はちみつ,17.6,0.3,Tr,(0),0.1,329,4,5,2,65,2,0.2,0.1,0.04,0.21,Tr,0,(0),(0),0,Tr,0.01,0.3,0.02,0,7,0.12,"{""baseName"":""はちみつ"",""notes"":[""その他""]}",はちみつは天然の甘味で少量なら安全だが多量の摂取は避けるべき,7,1,0,(7.4),(9.3),(7.4),(0.9),(2.8),(3.7),(10),(7.4),(18),(3.7),(3.7),(8.4),(0.9),(4.6),,,,,,,,,,"[""はちみつ"",""ハチミツ"",""蜂蜜"",""honey""]",はちみつ,,Honey,,288.05,2.2,19296,Honey,,,,,,TRUE,調味料 > はちみつ
03,03033,（その他）　はちみつ　国産品　,18.1,0.1,Tr,-,Tr,328,2,3,1,23,1,0.1,Tr,0.01,0.09,0,0,-,-,-,Tr,Tr,0.1,0.03,-,Tr,0.04,"{""baseName"":""はちみつ"",""variety"":""国産品"",""notes"":[""その他""]}",はちみつは甘味料として使用できるが糖分が高い点に注意が必要。,7,0,0,,,,,,,,,,,,,,,,,,,,,,,,"[""はちみつ"",""ハチミツ"",""蜂蜜"",""honey""]",はちみつ,国産,Honey,Domestic,286.65,2.2,19296,Honey,,,,,,TRUE,調味料 > はちみつ
04,04002,あずき　全粒　ゆで,63.9,8.6,0.8,8.7,1.0,124,27,95,1,430,43,1.6,0.9,0.30,0.44,0,Tr,(0),(0),0.1,0.15,0.04,0.5,0.11,(0),23,0.43,"{""baseName"":""あずき"",""formModifiers"":[""全粒""],""state"":""ゆで""}",ゆであずきは加熱済みの豆類で食物繊維が豊富、適量で利用可能。,7,1,1,380,700,670,130,110,240,520,260,780,340,100,470,290,580,(0.33),(0.21),(0.06),(0.14),(140),(63),-,-,-,"[""あずき"",""アズキ"",""小豆"",""azuki"",""adzuki"",""red bean""]",小豆,全粒・ゆで,Adzuki Bean,"Whole, Boiled",96.4,,,,174257,"Mung beans, mature seeds, cooked, boiled, without salt",0.8079564412842125,,29.4,TRUE,豆・ごま > 小豆
04,04008,いんげんまめ　全粒　ゆで,63.6,9.3,1.2,13.6,1.4,127,62,140,Tr,410,46,2.0,1.0,0.32,0.84,0,Tr,(0),(0),0,0.22,0.07,0.6,0.08,(0),32,0.15,"{""baseName"":""いんげんまめ"",""formModifiers"":[""全粒""],""state"":""ゆで""}",ゆでたいんげんまめは食物繊維とビタミンの供給源として安全に使える野菜素材,8,1,1,(430),(730),(610),(120),(120),(240),(500),(270),(770),(370),(100),(490),(280),(560),(0.65),(0.42),(0.27),(0.15),(150),(270),-,-,-,"[""いんげんまめ"",""インゲンマメ"",""いんげん"",""インゲン"",""いんげん豆"",""green bean"",""string bean""]",いんげん,全粒・ゆで,Green Bean,"Whole, Boiled",80.9,14,11061,"Beans, snap, green, frozen, cooked, boiled, drained without salt",173740,"Beans, kidney, all types, mature seeds, cooked, boiled, without salt",0.8120904091388409,,30.5,TRUE,豆・ごま > インゲンマメ
04,04009,いんげんまめ　うずら豆,41.4,6.7,1.3,5.9,1.0,214,41,100,110,230,25,2.3,0.6,0.14,-,-,-,(0),(0),0,0.03,0.01,0.3,0.04,(0),23,0.14,"{""baseName"":""いんげんまめ"",""variety"":""うずら豆""}",加熱済みの豆類はタンパク質・食物繊維源だが、消化やガスに注意が必要。,7,1,1,340,610,500,80,59,140,440,190,640,350,82,410,230,400,0.57,0.40,0.25,0.15,150,250,0,0,0,"[""いんげんまめ"",""インゲンマメ"",""いんげん"",""インゲン"",""うずら豆"",""ウズラ豆"",""うずらまめ"",""ウズラマメ""]",うずら豆,,Uzura Bean,,187.45,,,,175201,"Beans, pinto, mature seeds, canned, solids and liquids",1.2634502278381636,,20.8,TRUE,豆・ごま > インゲンマメ
04,04010,いんげんまめ　こし生あん,62.3,9.4,0.9,8.5,0.4,135,60,75,9,55,45,2.7,0.8,0.09,0.73,0,5,(0),(0),0,0.01,0.02,0,0,(0),14,0.07,"{""baseName"":""いんげんまめ"",""variety"":""こし生あん""}",豆を原料とした滑らかなあんで栄養源として使えるが、豆製品は消化でガスが出ることがある,7,1,1,(430),(730),(610),(120),(120),(240),(510),(270),(780),(370),(100),(490),(280),(570),(0.50),(0.32),(0.21),(0.11),(110),(210),-,-,-,"[""いんげんまめ"",""インゲンマメ"",""いんげん"",""インゲン"",""こしあん"",""あんこ"",""餡"",""餡子"",""anko"",""bean paste""]",こしあん,いんげん・生,Smooth Bean Paste,"From Green Bean, Raw",105.3,14,11061,"Beans, snap, green, frozen, cooked, boiled, drained without salt",172465,"Refried beans, canned, fat-free",2.266402884301504,,20.3,TRUE,豆・ごま > インゲンマメ
04,04011,いんげんまめ　豆きんとん,37.8,4.9,0.5,4.8,0.6,238,28,83,100,120,23,1.0,0.5,0.09,0.50,-,-,(0),(0),0,0.01,0.01,0.1,0.03,(0),15,0.07,"{""baseName"":""いんげんまめ"",""variety"":""豆きんとん""}",いんげんまめは食物繊維と植物性タンパクを含み使用可能だが加工品である点に注意,7,1,1,(220),(380),(320),(62),(64),(130),(260),(140),(410),(190),(54),(260),(150),(300),(0.28),(0.18),(0.12),(0.06),(64),(120),-,-,-,"[""いんげんまめ"",""インゲンマメ"",""いんげん"",""インゲン"",""豆きんとん"",""まめきんとん"",""きんとん""]",豆きんとん,いんげん,Sweet Mashed Beans,From Green Bean,201.3,14,11061,"Beans, snap, green, frozen, cooked, boiled, drained without salt",173730,"Yokan, prepared from adzuki beans and sugar",1.6008099730685048,,,TRUE,豆・ごま > インゲンマメ
04,04012,えんどう　全粒　青えんどう　乾,13.4,21.7,2.3,17.4,2.2,310,65,360,1,870,120,5.0,4.1,0.49,-,1,11,(0),(0),0.1,0.72,0.15,2.5,0.29,(0),24,1.74,"{""baseName"":""えんどう"",""variety"":""青えんどう"",""formModifiers"":[""全粒""],""state"":""乾""}",乾燥した青えんどうは良い植物性タンパク・繊維源で素材として利用可能。,8,1,1,880,1500,1600,210,340,550,1000,660,1700,890,200,1000,550,1800,1.39,0.68,0.09,0.60,600,86,-,-,-,"[""えんどう"",""エンドウ"",""えんどう豆"",""豌豆"",""青えんどう"",""青えんどう豆"",""pea"",""green pea"",""green peas""]",青えんどう,全粒・乾,Green Pea,"Whole, Dried",246,,,,172428,"Peas, green, split, mature seeds, raw",1.188553555993114,,156.9,FALSE,
04,04013,えんどう　全粒　青えんどう　ゆで,63.8,9.2,1.0,7.7,0.8,129,28,65,1,260,40,2.2,1.4,0.21,-,0,5,(0),(0),0,0.27,0.06,0.8,Tr,(0),5,0.39,"{""baseName"":""えんどう"",""variety"":""青えんどう"",""formModifiers"":[""全粒""],""state"":""ゆで""}",ゆでた青えんどうは消化に良い野菜で、タンパク質補助や食物繊維源として使いやすい,8,1,1,(360),(630),(660),(89),(140),(230),(420),(270),(690),(350),(84),(420),(230),(750),(0.60),(0.30),(0.04),(0.26),(260),(37),-,-,-,"[""えんどう"",""エンドウ"",""えんどう豆"",""豌豆"",""青えんどう"",""青えんどう豆"",""pea"",""green pea"",""green peas""]",青えんどう,全粒・ゆで,Green Pea,"Whole, Boiled",101.95,28,11313,"Peas, green, frozen, cooked, boiled, drained without salt",172429,"Peas, split, mature seeds, cooked, boiled, without salt",1.1278597150079017,,32.8,FALSE,
04,04074,えんどう　全粒　赤えんどう　乾,13.4,21.7,2.3,17.4,2.2,310,65,360,1,870,120,5.0,4.1,0.49,-,1,11,(0),(0),0.1,0.72,0.15,2.5,0.29,(0),24,1.74,"{""baseName"":""えんどう"",""variety"":""赤えんどう"",""formModifiers"":[""全粒""],""state"":""乾""}",乾燥の赤えんどうは良い植物性たんぱく・食物繊維源で素材として適する。,8,1,0,(880),(1500),(1600),(210),(340),(550),(1000),(660),(1700),(890),(200),(1000),(550),(1800),,,,,,,,,,"[""えんどう"",""エンドウ"",""えんどう豆"",""豌豆"",""赤えんどう"",""赤えんどう豆"",""red pea"",""red peas""]",赤えんどう,全粒・乾,Red Pea,"Whole, Dried",246,,,,173727,"Beans, adzuki, mature seeds, raw",1.0074280805955,,,FALSE,
04,04075,えんどう　全粒　赤えんどう　ゆで,63.8,9.2,1.0,7.7,0.8,129,28,65,1,260,40,2.2,1.4,0.21,-,0,5,(0),(0),0,0.27,0.06,0.8,Tr,(0),5,0.39,"{""baseName"":""えんどう"",""variety"":""赤えんどう"",""formModifiers"":[""全粒""],""state"":""ゆで""}",ゆでた赤えんどうは良質な炭水化物・植物性タンパク源で犬の素材として適切,8,1,0,(360),(630),(660),(89),(140),(230),(420),(270),(690),(350),(84),(420),(230),(750),,,,,,,,,,"[""えんどう"",""エンドウ"",""えんどう豆"",""豌豆"",""赤えんどう"",""赤えんどう豆"",""red pea"",""red peas""]",赤えんどう,全粒・ゆで,Red Pea,"Whole, Boiled",101.95,28,11313,"Peas, green, frozen, cooked, boiled, drained without salt",172429,"Peas, split, mature seeds, cooked, boiled, without salt",1.1278597150079017,,32.8,FALSE,
04,04014,えんどう　グリンピース（揚げ豆）,5.6,20.8,11.6,19.6,3.2,375,88,450,350,850,110,5.4,3.5,0.62,0.90,-,-,(0),(0),1.1,0.52,0.16,1.9,0.17,0,8,0.44,"{""baseName"":""えんどう"",""variety"":""グリンピース（揚げ豆）""}",グリンピースは栄養価があるが揚げ加工されているため脂質や塩分に注意が必要。,7,1,1,(810),(1400),(1500),(200),(320),(520),(960),(610),(1600),(790),(190),(950),(530),(1700),9.37,3.23,0.76,2.47,2500,760,0,0,0,"[""えんどう"",""エンドウ"",""グリンピース"",""グリーンピース"",""揚げ豆"",""あげまめ"",""fried peas"",""fried pea"",""green peas""]",グリンピース（揚げ豆）,,Fried Green Peas,,308.6,28,11313,"Peas, green, frozen, cooked, boiled, drained without salt",173756,"Chickpeas (garbanzo beans, bengal gram), mature seeds, raw",0.9277488969372444,,99.3,FALSE,
04,04016,えんどう　うぐいす豆,39.7,5.6,0.7,5.3,1.1,228,18,130,150,100,26,2.5,0.8,0.15,-,-,-,(0),(0),0,0.02,0.01,0.3,0.04,(0),4,0.24,"{""baseName"":""えんどう"",""variety"":""うぐいす豆""}",うぐいす豆（煮豆）は豆類の安全な素材で、調理済みのため使いやすい,8,1,1,(220),(380),(400),(54),(87),(140),(260),(160),(420),(210),(51),(260),(140),(450),0.32,0.15,0.02,0.13,130,23,0,0,0,"[""えんどう"",""エンドウ"",""うぐいす豆"",""うぐいすまめ"",""ウグイス豆"",""ウグイスマメ"",""uguisu bean""]",うぐいす豆,,Uguisu Bean,,192.15,28,11313,"Peas, green, frozen, cooked, boiled, drained without salt",,,,,,FALSE,
04,04017,ささげ　全粒　乾,15.5,23.9,2.0,18.4,3.6,280,75,400,1,1400,170,5.6,4.9,0.71,-,0,6,(0),(0),Tr,0.50,0.10,2.5,0.24,(0),300,1.30,"{""baseName"":""ささげ"",""formModifiers"":[""全粒""],""state"":""乾""}",ささげ（全粒・乾）は植物性たんぱくや食物繊維源だが調理が必要で消化性に配慮が必要,7,1,1,1100,1800,1600,380,360,740,1300,740,2100,940,280,1200,780,1500,1.29,0.73,0.27,0.46,460,270,-,-,-,"[""ささげ"",""ササゲ"",""ささげ豆"",""ササゲ豆"",""sasage""]",ささげ,全粒・乾,Sasage Bean,"Whole, Dried",228.75,,,,173727,"Beans, adzuki, mature seeds, raw",1.453674970121741,,,FALSE,
04,04018,ささげ　全粒　ゆで,63.9,10.2,0.9,10.7,1.2,130,32,150,Tr,400,55,2.6,1.5,0.23,-,0,2,(0),(0),0,0.20,0.05,0.6,0.06,(0),48,0.27,"{""baseName"":""ささげ"",""formModifiers"":[""全粒""],""state"":""ゆで""}",加熱済みの豆類は消化しやすく栄養源として利用できる。,8,1,1,(440),(770),(680),(160),(150),(310),(570),(300),(870),(370),(120),(520),(330),(640),(0.58),(0.33),(0.12),(0.21),(210),(120),-,-,-,"[""ささげ"",""ササゲ"",""ささげ豆"",""ササゲ豆"",""sasage""]",ささげ,全粒・ゆで,Sasage Bean,"Whole, Boiled",89.2,,,,173759,"Cowpeas, common (blackeyes, crowder, southern), mature seeds, cooked, boiled, without salt",0.595481175819369,,32.2,FALSE,
04,04019,そらまめ　全粒　乾,13.3,26.0,2.0,9.3,2.8,323,100,440,1,1100,120,5.7,4.6,1.20,-,0,3,(0),(0),0.7,0.50,0.20,2.5,0.41,(0),260,0.48,"{""baseName"":""そらまめ"",""formModifiers"":[""全粒""],""state"":""乾""}",そらまめは豆類として植物性たんぱく源になり得るが消化に個体差がある。,7,1,1,1000,1800,1600,180,310,500,1100,770,1800,990,220,1200,680,2400,1.22,0.65,0.04,0.61,610,39,-,-,-,"[""そらまめ"",""ソラマメ"",""空豆"",""broad bean"",""fava bean"",""fava""]",そらまめ,全粒・乾,Fava Bean,"Whole, Dried",271.1,,,,175205,"Broadbeans (fava beans), mature seeds, raw",1.0106867726506872,,95.8,FALSE,
04,04021,そらまめ　おたふく豆,37.2,7.9,1.2,5.9,1.5,237,54,140,160,110,27,5.3,0.8,0.32,-,-,-,(0),(0),0.2,0.01,0.01,0.2,0.06,(0),30,0.14,"{""baseName"":""そらまめ"",""variety"":""おたふく豆""}",豆類はたんぱく・繊維源として使えるが消化性に注意が必要な素材。,7,1,1,(300),(550),(490),(55),(94),(150),(320),(230),(540),(280),(67),(350),(200),(730),0.62,0.33,0.02,0.31,310,20,0,0,0,"[""そらまめ"",""ソラマメ"",""空豆"",""おたふく豆"",""オタフク豆"",""おたふくまめ"",""オタフクマメ"",""broad bean"",""fava bean""]",おたふく豆,,Otafuku Bean,,199.9,,,,,,,,,FALSE,
04,04104,だいず　［全粒・全粒製品］　全粒　青大豆　国産　乾,12.5,33.5,19.3,20.1,4.6,354,160,600,3,1700,200,6.5,3.9,0.96,2.11,Tr,9,0,0,2.3,0.74,0.24,2.4,0.55,0,260,0.83,"{""baseName"":""だいず"",""variety"":""青大豆"",""formModifiers"":[""全粒""],""origin"":""国産"",""state"":""乾"",""notes"":[""全粒・全粒製品""]}",青大豆（乾）は大豆由来のたんぱく源で加熱処理により利用しやすい。,7,1,1,1200,2800,2300,500,600,1100,1900,1300,3200,1600,500,1800,1000,2800,16.19,10.11,1.51,8.60,8600,1500,0,0,0,"[""だいず"",""ダイズ"",""大豆"",""soybean"",""soya bean"",""soy bean"",""青大豆"",""あおだいず"",""枝豆"",""edamame""]",大豆,青大豆・国産・乾,Soybean,"Green, Domestic, Dried",316.3,120,16108,"Soybeans, mature seeds, raw",174297,"Vitasoy USA, Organic Nasoya Super Firm Cubed Tofu",1.1663320104198025,,,TRUE,豆・ごま > 大豆
04,04105,だいず　［全粒・全粒製品］　全粒　青大豆　国産　ゆで,65.5,15.0,8.2,8.0,1.4,145,69,230,1,440,66,1.8,1.5,0.39,0.93,0,3,-,-,1.5,0.13,0.05,0.4,0.12,-,36,0.08,"{""baseName"":""だいず"",""variety"":""青大豆"",""formModifiers"":[""全粒""],""origin"":""国産"",""state"":""ゆで"",""notes"":[""全粒・全粒製品""]}",ゆでた大豆は良質な植物性たんぱく・食物繊維を含み、調理済みで消化しやすいため素材として適している,8,1,1,560,1300,1000,220,230,440,830,590,1400,690,220,800,460,1200,7.17,4.42,0.66,3.76,3800,660,0,0,0,"[""だいず"",""ダイズ"",""大豆"",""soybean"",""soya bean"",""soy bean"",""青大豆"",""あおだいず"",""枝豆"",""edamame""]",大豆,青大豆・国産・ゆで,Soybean,"Green, Domestic, Boiled",128.85,56,11212,"Edamame, frozen, prepared",173787,HOUSE FOODS Premium Soft Tofu,0.9044344032095247,,,TRUE,豆・ごま > 大豆
04,04023,だいず　［全粒・全粒製品］　全粒　黄大豆　国産　乾,12.4,33.8,19.7,21.5,4.7,372,180,490,1,1900,220,6.8,3.1,1.07,2.27,0,5,(0),(0),2.3,0.71,0.26,2.0,0.51,(0),260,1.36,"{""baseName"":""だいず"",""variety"":""黄大豆"",""formModifiers"":[""全粒""],""origin"":""国産"",""state"":""乾"",""notes"":[""全粒・全粒製品""]}",乾燥黄大豆は良質な植物性タンパク源で調理して使用すれば素材として適切。,7,1,1,1700,2900,2400,520,590,1100,2000,1300,3300,1600,500,1800,1000,2900,17.78,10.39,1.54,8.84,8800,1500,0,0,0,"[""だいず"",""ダイズ"",""大豆"",""soybean"",""soya bean"",""soy bean"",""黄大豆"",""きだいず"",""yellow soybean""]",大豆,黄大豆・国産・乾,Soybean,"Yellow, Domestic, Dried",313.4,120,16108,"Soybeans, mature seeds, raw",174297,"Vitasoy USA, Organic Nasoya Super Firm Cubed Tofu",1.1678110731514004,,,TRUE,豆・ごま > 大豆
04,04024,だいず　［全粒・全粒製品］　全粒　黄大豆　国産　ゆで,65.4,14.8,9.8,8.5,1.6,163,79,190,1,530,100,2.2,1.9,0.23,1.01,0,2,(0),(0),1.6,0.17,0.08,0.4,0.10,(0),41,0.26,"{""baseName"":""だいず"",""variety"":""黄大豆"",""formModifiers"":[""全粒""],""origin"":""国産"",""state"":""ゆで"",""notes"":[""全粒・全粒製品""]}",加熱済みの大豆は良質な植物性たんぱく・食物繊維源として利用できるが消化に注意,8,1,1,760,1300,1000,210,220,430,860,590,1500,700,210,800,430,1200,(8.82),(5.15),(0.77),(4.39),(4400),(770),(0),(0),(0),"[""大豆"",""だいず"",""ダイズ"",""soybean"",""黄大豆"",""きだいず"",""キダイズ"",""全粒大豆"",""全粒""]",ゆで大豆,黄大豆・国産,Boiled Soybeans,"Yellow, Domestic",135.1,120,16108,"Soybeans, mature seeds, raw",173762,"Vitasoy USA, Organic Nasoya Extra Firm Tofu",0.6294403171300589,,,TRUE,豆・ごま > 大豆
04,04025,だいず　［全粒・全粒製品］　全粒　黄大豆　米国産　乾,11.7,33.0,21.7,15.9,4.8,402,230,480,1,1800,230,8.6,4.5,0.97,-,2,28,(0),(0),1.7,0.88,0.30,2.1,0.46,(0),220,1.49,"{""baseName"":""だいず"",""variety"":""黄大豆"",""formModifiers"":[""全粒""],""origin"":""米国産"",""state"":""乾"",""notes"":[""全粒・全粒製品""]}",乾燥の全粒黄大豆も同様に良い植物性たんぱく源で、調理して利用する素材として適している,7,1,1,1600,2700,2300,500,580,1100,1800,1300,3100,1500,490,1700,1000,2600,(19.03),(11.71),(1.66),(10.05),(10000),(1700),-,-,-,"[""大豆"",""だいず"",""ダイズ"",""soybean"",""黄大豆"",""きだいず"",""キダイズ"",""全粒大豆"",""全粒"",""乾燥大豆"",""乾燥""]",乾燥大豆,黄大豆・米国産,Dried Soybeans,"Yellow, US",345.1,120,16108,"Soybeans, mature seeds, raw",172444,"Soy flour, low-fat",1.058788856111801,,191.7,TRUE,豆・ごま > 大豆
04,04026,だいず　［全粒・全粒製品］　全粒　黄大豆　中国産　乾,12.5,32.8,19.5,15.6,4.4,391,170,460,1,1800,220,8.9,3.9,1.01,-,0,2,(0),(0),2.1,0.84,0.30,2.2,0.59,(0),260,1.64,"{""baseName"":""だいず"",""variety"":""黄大豆"",""formModifiers"":[""全粒""],""origin"":""中国産"",""state"":""乾"",""notes"":[""全粒・全粒製品""]}",乾燥黄大豆は植物性タンパク源として利用可能だが、調理が必要でやや扱いに注意が必要。,7,1,1,1600,2700,2300,490,570,1100,1800,1200,3000,1500,470,1700,1000,2700,(17.10),(11.09),(1.96),(9.12),(9100),(2000),-,-,-,"[""大豆"",""だいず"",""ダイズ"",""soybean"",""黄大豆"",""きだいず"",""キダイズ"",""全粒大豆"",""全粒"",""乾燥大豆"",""乾燥""]",乾燥大豆,黄大豆・中国産,Dried Soybeans,"Yellow, China",333.75,120,16108,"Soybeans, mature seeds, raw",172444,"Soy flour, low-fat",1.242754456089599,,191.7,TRUE,豆・ごま > 大豆
04,04027,だいず　［全粒・全粒製品］　全粒　黄大豆　ブラジル産　乾,8.3,33.6,22.6,17.3,4.8,414,250,580,2,1800,250,9.0,3.5,1.11,2.54,0,1,(0),(0),4.8,0.77,0.29,2.2,0.45,(0),220,1.68,"{""baseName"":""だいず"",""variety"":""黄大豆"",""formModifiers"":[""全粒""],""origin"":""ブラジル産"",""state"":""乾"",""notes"":[""全粒・全粒製品""]}",大豆は良い植物性たんぱく源だが乾燥状態は調理して与える方が適切,7,1,1,(1600),(2700),(2300),(500),(590),(1100),(1800),(1200),(3100),(1500),(500),(1700),(1000),(2600),19.29,11.13,1.20,9.93,9900,1200,0,0,0,"[""大豆"",""だいず"",""ダイズ"",""soybean"",""黄大豆"",""きだいず"",""キダイズ"",""全粒大豆"",""全粒"",""乾燥大豆"",""乾燥""]",乾燥大豆,黄大豆・ブラジル産,Dried Soybeans,"Yellow, Brazil",356.6,120,16108,"Soybeans, mature seeds, raw",172444,"Soy flour, low-fat",0.9957431033065773,,191.7,TRUE,豆・ごま > 大豆
04,04077,だいず　［全粒・全粒製品］　全粒　黒大豆　国産　乾,12.7,33.9,18.8,20.6,4.6,349,140,620,1,1800,200,6.8,3.7,0.96,2.24,0,3,0,0,3.1,0.73,0.23,2.5,0.50,0,350,0.98,"{""baseName"":""だいず"",""variety"":""黒大豆"",""formModifiers"":[""全粒""],""origin"":""国産"",""state"":""乾"",""notes"":[""全粒・全粒製品""]}",乾燥の全粒黒大豆は植物性たんぱく源として利用可能だが、生のままでは調理が必要,7,1,1,1200,2800,2400,490,590,1100,1900,1300,3200,1600,490,1700,1000,2900,15.81,9.62,1.59,8.03,8000,1600,0,0,2,"[""大豆"",""だいず"",""ダイズ"",""soybean"",""黒大豆"",""くろだいず"",""クロダイズ"",""黒豆"",""くろまめ"",""クロマメ""]",乾燥大豆,黒大豆・国産,Dried Soybeans,"Black, Domestic",311.35,120,16108,"Soybeans, mature seeds, raw",174297,"Vitasoy USA, Organic Nasoya Super Firm Cubed Tofu",1.2083614015550843,,,TRUE,豆・ごま > 黒豆
04,04106,だいず　［全粒・全粒製品］　全粒　黒大豆　国産　ゆで,65.1,14.7,8.6,7.9,1.4,155,55,220,Tr,480,64,2.6,1.4,0.33,0.98,0,1,-,-,1.8,0.14,0.05,0.4,0.12,-,43,0.17,"{""baseName"":""だいず"",""variety"":""黒大豆"",""formModifiers"":[""全粒""],""origin"":""国産"",""state"":""ゆで"",""notes"":[""全粒・全粒製品""]}",ゆで大豆は植物性たんぱく・食物繊維源として利用可能（消化量に注意）,7,1,1,560,1200,1000,220,230,440,830,590,1400,690,210,770,440,1200,8.14,4.93,0.83,4.11,4100,830,0,0,0,"[""大豆"",""だいず"",""ダイズ"",""soybean"",""黒大豆"",""くろだいず"",""クロダイズ"",""黒豆"",""くろまめ"",""クロマメ""]",ゆで大豆,黒大豆・国産,Boiled Soybeans,"Black, Domestic",132.6,120,16108,"Soybeans, mature seeds, raw",173762,"Vitasoy USA, Organic Nasoya Extra Firm Tofu",0.7497678702289738,,,TRUE,豆・ごま > 黒豆
04,04080,だいず　［全粒・全粒製品］　いり大豆　青大豆,2.7,37.7,20.7,18.4,5.0,425,160,650,4,2000,250,6.7,4.2,1.29,2.90,1,5,(0),(0),1.3,0.15,0.27,2.2,0.45,(0),250,0.57,"{""baseName"":""だいず"",""variety"":""いり大豆 青大豆"",""notes"":[""全粒・全粒製品""]}",良質な植物性たんぱく源で犬のレシピ素材として適している,8,1,1,1900,3200,2300,560,670,1200,2100,1400,3500,1800,540,2100,1200,3100,18.25,11.39,1.81,9.58,9600,1800,0,0,0,"[""大豆"",""だいず"",""ダイズ"",""soybean"",""いり大豆"",""いりだいず"",""イリダイズ"",""青大豆"",""あおだいず"",""青豆""]",いり大豆,青大豆,Roasted Soybeans,Green,362.15,56,11211,"Edamame, frozen, unprepared",174300,"Soybeans, mature seeds, roasted, no salt added",1.0653925647903715,,,TRUE,豆・ごま > 大豆
04,04078,だいず　［全粒・全粒製品］　いり大豆　黄大豆,2.5,37.5,21.6,19.4,5.1,429,160,710,5,2000,240,7.6,4.2,1.31,3.24,1,5,(0),(0),2.2,0.14,0.26,2.7,0.39,(0),260,0.71,"{""baseName"":""だいず"",""variety"":""いり大豆 黄大豆"",""notes"":[""全粒・全粒製品""]}",だいず（いり大豆）は植物性たんぱく源として利用可能だが固さにより消化に注意,7,1,1,1900,3200,2300,550,630,1200,2100,1400,3500,1700,560,2000,1200,3000,19.33,11.37,1.65,9.72,9700,1600,0,0,0,"[""大豆"",""だいず"",""ダイズ"",""soybean"",""いり大豆"",""いりだいず"",""イリダイズ"",""黄大豆"",""きだいず"",""黄豆""]",いり大豆,黄大豆,Roasted Soybeans,Yellow,363.5,120,16108,"Soybeans, mature seeds, raw",174300,"Soybeans, mature seeds, roasted, no salt added",1.1191225561793583,,,TRUE,豆・ごま > 大豆
04,04079,だいず　［全粒・全粒製品］　いり大豆　黒大豆,2.4,36.4,22.0,19.2,5.0,431,120,640,4,2100,220,7.2,3.7,1.06,2.37,1,3,(0),(0),3.1,0.12,0.27,2.5,0.41,(0),280,0.68,"{""baseName"":""だいず"",""variety"":""いり大豆 黒大豆"",""notes"":[""全粒・全粒製品""]}",いり大豆（黒大豆）は植物性たんぱく・繊維源として利用できるが消化性やアレルギーに留意。,7,1,1,1800,3000,2100,530,540,1100,2000,1400,3400,1700,530,1900,1100,2900,19.38,10.67,1.70,8.97,9000,1700,0,0,0,"[""大豆"",""だいず"",""ダイズ"",""soybean"",""いり大豆"",""いりだいず"",""イリダイズ"",""黒大豆"",""くろだいず"",""黒豆""]",いり大豆,黒大豆,Roasted Soybeans,Black,366.9,120,16108,"Soybeans, mature seeds, raw",174300,"Soybeans, mature seeds, roasted, no salt added",1.0092590893135438,,,TRUE,豆・ごま > 黒豆
04,04028,だいず　［全粒・全粒製品］　水煮缶詰　黄大豆,71.7,12.9,6.7,6.8,1.0,124,100,170,210,250,55,1.8,1.1,0.28,0.84,-,-,(0),(0),0.5,0.01,0.02,0.1,0.01,(0),11,0,"{""baseName"":""だいず"",""variety"":""黄大豆"",""state"":""水煮缶詰"",""notes"":[""全粒・全粒製品""]}",水煮大豆は植物性タンパク源として使用可能。消化性に配慮して調理する。,7,1,1,670,1100,880,190,210,410,750,550,1300,630,190,710,390,1000,(6.04),(3.53),(0.52),(3.00),(3000),(520),(0),(0),(0),"[""大豆"",""だいず"",""ダイズ"",""soybean"",""缶詰"",""大豆缶"",""大豆缶詰""]",水煮大豆,黄大豆・缶詰,Canned Boiled Soybeans,Yellow,105.25,120,16108,"Soybeans, mature seeds, raw",173762,"Vitasoy USA, Organic Nasoya Extra Firm Tofu",0.4030890150627236,,,TRUE,豆・ごま > 大豆
04,04081,だいず　［全粒・全粒製品］　蒸し大豆　黄大豆,57.4,16.6,9.8,10.6,2.4,186,75,290,230,810,110,2.8,1.8,0.51,1.33,-,-,0,0,0.8,0.15,0.10,0.9,0.18,0,96,0.34,"{""baseName"":""だいず"",""variety"":""蒸し大豆 黄大豆"",""notes"":[""全粒・全粒製品""]}",蒸し大豆は加熱済みでタンパク質・食物繊維源として利用できるが、量や調理形態に注意が必要。,8,1,1,(850),(1400),(1100),(240),(250),(490),(970),(670),(1600),(790),(240),(900),(480),(1400),(8.82),(5.15),(0.77),(4.38),(4400),(770),(0),(0),(0),"[""大豆"",""だいず"",""ダイズ"",""soybean"",""蒸し大豆"",""むしだいず"",""ムシダイズ"",""黄大豆"",""きだいず""]",蒸し大豆,黄大豆,Steamed Soybeans,Yellow,152.6,120,16108,"Soybeans, mature seeds, raw",173752,"Beans, yellow, mature seeds, cooked, boiled, without salt",1.2470886486108288,,35.2,TRUE,豆・ごま > 大豆
04,04082,だいず　［全粒・全粒製品］　きな粉　青大豆　全粒大豆,5.9,37.0,22.8,16.9,5.0,424,160,690,1,2000,240,7.9,4.5,1.32,2.76,1,3,(0),(0),2.4,0.29,0.29,2.2,0.51,(0),250,0.91,"{""baseName"":""だいず"",""variety"":""きな粉 青大豆 全粒大豆"",""notes"":[""全粒・全粒製品""]}",きな粉（大豆）は植物性タンパクと食物繊維を含み、犬のレシピ素材として利用しやすい。,8,1,1,1900,3100,2500,570,650,1200,2100,1400,3500,1700,530,2000,1100,3000,19.97,12.59,2.00,10.59,11000,2000,0,0,0,"[""きな粉"",""きなこ"",""キナコ"",""kinako"",""大豆"",""だいず"",""ダイズ"",""青大豆"",""全粒大豆"",""全粒""]",きな粉,青大豆・全粒,Kinako,"Green soybean, Whole",366.7,120,16108,"Soybeans, mature seeds, raw",174300,"Soybeans, mature seeds, roasted, no salt added",1.253334511769825,,,TRUE,豆・ごま > きなこ
04,04096,だいず　［全粒・全粒製品］　きな粉　青大豆　脱皮大豆,5.2,36.6,24.6,20.8,5.3,418,190,700,1,2100,220,6.7,4.1,1.19,2.63,Tr,7,(0),(0),7.5,0.48,0.27,2.1,0.56,(0),210,0.93,"{""baseName"":""だいず"",""variety"":""きな粉 青大豆 脱皮大豆"",""notes"":[""全粒・全粒製品""]}",植物性タンパクと食物繊維が豊富で利用しやすい加工大豆製品。,7,1,1,1900,3100,2500,590,650,1200,2100,1400,3500,1700,520,2000,1100,2900,22.03,13.32,1.88,11.44,11000,1900,0,0,0,"[""きな粉"",""きなこ"",""キナコ"",""kinako"",""大豆"",""だいず"",""ダイズ"",""青大豆"",""脱皮大豆"",""だっぴだいず""]",きな粉,青大豆・脱皮,Kinako,"Green soybean, Dehulled",363.45,120,16108,"Soybeans, mature seeds, raw",174275,"Soy flour, defatted",1.3476577847589561,,11.3,TRUE,豆・ごま > きなこ
04,04029,だいず　［全粒・全粒製品］　きな粉　黄大豆　全粒大豆,4.0,36.7,25.7,18.1,5.1,451,190,660,1,2000,260,8.0,4.1,1.12,2.75,Tr,5,(0),(0),1.7,0.07,0.24,2.2,0.52,(0),220,1.01,"{""baseName"":""だいず"",""variety"":""きな粉 黄大豆 全粒大豆"",""notes"":[""全粒・全粒製品""]}",大豆（きな粉）は植物性タンパク源として使えるが加工品のため汎用性はやや低め,7,1,1,1900,3100,2000,550,570,1100,2100,1400,3500,1700,520,2000,1200,2800,23.59,14.08,2.02,12.05,12000,2000,0,0,0,"[""きな粉"",""きなこ"",""キナコ"",""kinako"",""大豆"",""だいず"",""ダイズ"",""黄大豆"",""全粒大豆"",""全粒""]",きな粉,黄大豆・全粒,Kinako,"Yellow soybean, Whole",383.3,120,16108,"Soybeans, mature seeds, raw",174300,"Soybeans, mature seeds, roasted, no salt added",1.1236106890742226,,,TRUE,豆・ごま > きなこ
04,04030,だいず　［全粒・全粒製品］　きな粉　黄大豆　脱皮大豆,2.6,37.5,25.1,15.3,5.4,456,180,680,2,2000,250,6.2,4.0,1.23,2.32,Tr,5,(0),(0),1.9,0.07,0.22,2.1,0.30,(0),250,0.74,"{""baseName"":""だいず"",""variety"":""きな粉 黄大豆 脱皮大豆"",""notes"":[""全粒・全粒製品""]}",きな粉は大豆由来の良質な植物性たんぱくで、風味付けや栄養補助に適する。,7,1,1,1900,3200,2000,560,570,1100,2100,1400,3500,1800,550,2000,1200,2800,22.65,13.61,1.96,11.65,12000,2000,0,0,0,"[""きな粉"",""きなこ"",""キナコ"",""kinako"",""大豆"",""だいず"",""ダイズ"",""黄大豆"",""脱皮大豆"",""だっぴだいず""]",きな粉,黄大豆・脱皮,Kinako,"Yellow soybean, Dehulled",393.95,120,16108,"Soybeans, mature seeds, raw",174300,"Soybeans, mature seeds, roasted, no salt added",1.0201889667763844,,,TRUE,豆・ごま > きなこ
04,04083,だいず　［全粒・全粒製品］　大豆はいが,3.9,37.8,14.7,18.8,4.1,404,100,720,0,1400,200,12.0,6.0,1.13,2.86,-,-,(0),(0),19.0,0.03,0.73,3.4,0.56,(0),460,0.59,"{""baseName"":""だいず"",""variety"":""大豆はいが"",""notes"":[""全粒・全粒製品""]}",大豆（全粒）は植物性タンパク源として利用できるが消化性に差がある。,7,0,0,,,,,,,,,,,,,,,,,,,,,,,,"[""大豆胚芽"",""大豆はいが"",""だいずはいが"",""胚芽"",""はいが"",""soybean germ"",""大豆"",""だいず"",""ダイズ""]",大豆胚芽,,Soybean Germ,,329.7,,,,175227,SILK Plain soy yogurt,1.3200281242830965,,,TRUE,豆・ごま > 大豆
04,04032,だいず　［豆腐・油揚げ類］　木綿豆腐,85.9,7.0,4.9,1.1,0.7,73,93,88,9,110,57,1.5,0.6,0.16,0.41,6,4,(0),(0),0.2,0.09,0.04,0.2,0.05,(0),12,0.02,"{""baseName"":""だいず"",""variety"":""木綿豆腐"",""notes"":[""豆腐・油揚げ類""]}",木綿豆腐はたんぱく源として利用可能で、調理して与えやすい。,8,1,1,350,600,480,98,100,200,400,310,710,320,100,360,200,600,4.32,2.60,0.31,2.29,2300,310,-,-,-,"[""木綿豆腐"",""もめんどうふ"",""モメン豆腐"",""momen tofu"",""firm tofu"",""豆腐"",""とうふ"",""トウフ"",""tofu"",""大豆"",""だいず""]",木綿豆腐,一般,Firm Tofu (Momen),Standard,67.55,28,16126,"Tofu, firm, prepared with calcium sulfate and magnesium chloride (nigari)",173788,HOUSE FOODS Premium Firm Tofu,0.8445265732902933,,,TRUE,豆・ごま > 豆腐
04,04097,だいず　［豆腐・油揚げ類］　木綿豆腐　（凝固剤：塩化マグネシウム）,85.9,7.0,4.9,1.1,0.7,73,40,88,21,110,76,1.5,0.6,0.16,0.41,6,4,(0),(0),0.2,0.09,0.04,0.2,0.05,(0),12,0.02,"{""baseName"":""だいず"",""variety"":""木綿豆腐"",""notes"":[""豆腐・油揚げ類"",""凝固剤：塩化マグネシウム""]}",木綿豆腐は植物性の良質なタンパク源で消化しやすく素材として適している,8,1,1,350,600,480,98,100,200,400,310,710,320,100,360,200,600,4.32,2.60,0.31,2.29,2300,310,-,-,-,"[""木綿豆腐"",""もめんどうふ"",""モメン豆腐"",""momen tofu"",""firm tofu"",""豆腐"",""とうふ"",""トウフ"",""tofu"",""大豆"",""だいず""]",木綿豆腐,凝固剤：塩化マグネシウム,Firm Tofu (Momen),Nigari (magnesium chloride),67.55,28,16126,"Tofu, firm, prepared with calcium sulfate and magnesium chloride (nigari)",172461,"MORI-NU, Tofu, silken, firm",0.909523340641962,,,TRUE,豆・ごま > 豆腐
04,04098,だいず　［豆腐・油揚げ類］　木綿豆腐　（凝固剤：硫酸カルシウム）,85.9,7.0,4.9,1.1,0.7,73,150,88,3,110,34,1.5,0.6,0.16,0.41,6,4,(0),(0),0.2,0.09,0.04,0.2,0.05,(0),12,0.02,"{""baseName"":""だいず"",""variety"":""木綿豆腐"",""notes"":[""豆腐・油揚げ類"",""凝固剤：硫酸カルシウム""]}",木綿豆腐は消化性が良く植物性タンパク源として利用できる,8,1,1,350,600,480,98,100,200,400,310,710,320,100,360,200,600,4.32,2.60,0.31,2.29,2300,310,-,-,-,"[""木綿豆腐"",""もめんどうふ"",""モメン豆腐"",""momen tofu"",""firm tofu"",""豆腐"",""とうふ"",""トウフ"",""tofu"",""大豆"",""だいず""]",木綿豆腐,凝固剤：硫酸カルシウム,Firm Tofu (Momen),Gypsum (calcium sulfate),67.55,28,16126,"Tofu, firm, prepared with calcium sulfate and magnesium chloride (nigari)",172448,"Tofu, firm, prepared with calcium sulfate and magnesium chloride (nigari)",1.1000996916144004,,28.1,TRUE,豆・ごま > 豆腐
04,04033,だいず　［豆腐・油揚げ類］　絹ごし豆腐,88.5,5.3,3.5,0.9,0.7,56,75,68,11,150,50,1.2,0.5,0.16,0.34,1,1,(0),(0),0.1,0.11,0.04,0.2,0.06,(0),12,0.09,"{""baseName"":""だいず"",""variety"":""絹ごし豆腐"",""notes"":[""豆腐・油揚げ類""]}",絹ごし豆腐は消化の良い植物性たんぱくで犬の食材として適している。,8,1,1,280,470,380,77,92,170,320,240,560,260,82,290,160,470,(3.08),(1.86),(0.22),(1.63),(1600),(220),-,-,-,"[""絹ごし豆腐"",""きぬごしどうふ"",""キヌゴシ豆腐"",""silken tofu"",""絹豆腐"",""豆腐"",""とうふ"",""トウフ"",""tofu"",""大豆"",""だいず""]",絹ごし豆腐,,Silken Tofu,,52.15,27,16127,"Tofu, soft, prepared with calcium sulfate and magnesium chloride (nigari)",173764,"Vitasoy USA, Organic Nasoya Silken Tofu",0.3911938361750692,,,TRUE,豆・ごま > 豆腐
04,04099,だいず　［豆腐・油揚げ類］　絹ごし豆腐　（凝固剤：塩化マグネシウム）,88.5,5.3,3.5,0.9,0.7,56,30,68,19,150,63,1.2,0.5,0.16,0.34,1,1,(0),(0),0.1,0.11,0.04,0.2,0.06,(0),12,0.09,"{""baseName"":""だいず"",""variety"":""絹ごし豆腐"",""notes"":[""豆腐・油揚げ類"",""凝固剤：塩化マグネシウム""]}",絹ごし豆腐は消化しやすい植物性たんぱく源として利用可能。,8,1,0,280,470,380,77,92,170,320,240,560,260,82,290,160,470,,,,,,,,,,"[""大豆"",""だいず"",""ダイズ"",""soybean"",""豆腐"",""とうふ"",""トウフ"",""絹ごし豆腐"",""絹ごしとうふ"",""きぬごし豆腐"",""きぬごしとうふ"",""silken tofu"",""kinugoshi tofu""]",絹ごし豆腐,凝固剤：塩化マグネシウム,Silken Tofu,Coagulant: Magnesium chloride,52.15,27,16127,"Tofu, soft, prepared with calcium sulfate and magnesium chloride (nigari)",172461,"MORI-NU, Tofu, silken, firm",0.8426390269286596,,,TRUE,豆・ごま > 豆腐
04,04100,だいず　［豆腐・油揚げ類］　絹ごし豆腐　（凝固剤：硫酸カルシウム）,88.5,5.3,3.5,0.9,0.7,56,120,68,7,150,33,1.2,0.5,0.16,0.34,1,1,(0),(0),0.1,0.11,0.04,0.2,0.06,(0),12,0.09,"{""baseName"":""だいず"",""variety"":""絹ごし豆腐"",""notes"":[""豆腐・油揚げ類"",""凝固剤：硫酸カルシウム""]}",絹ごし豆腐は良質な植物性タンパク源で消化性も良く、犬のレシピ素材として適している。,8,1,0,280,470,380,77,92,170,320,240,560,260,82,290,160,470,,,,,,,,,,"[""大豆"",""だいず"",""ダイズ"",""soybean"",""豆腐"",""とうふ"",""トウフ"",""絹ごし豆腐"",""絹ごしとうふ"",""きぬごし豆腐"",""きぬごしとうふ"",""silken tofu"",""kinugoshi tofu""]",絹ごし豆腐,凝固剤：硫酸カルシウム,Silken Tofu,Coagulant: Calcium sulfate,52.15,27,16127,"Tofu, soft, prepared with calcium sulfate and magnesium chloride (nigari)",173764,"Vitasoy USA, Organic Nasoya Silken Tofu",0.5419018522402067,,,TRUE,豆・ごま > 豆腐
04,04034,だいず　［豆腐・油揚げ類］　ソフト豆腐,88.9,5.1,3.3,0.4,0.7,56,91,82,7,150,32,0.7,0.5,0.16,0.33,-,-,(0),(0),0.1,0.07,0.03,0.1,0.07,(0),10,0.10,"{""baseName"":""だいず"",""variety"":""ソフト豆腐"",""notes"":[""豆腐・油揚げ類""]}",ソフト豆腐は消化しやすい植物性たんぱくで多くの犬に適した素材,8,1,1,260,440,360,75,90,160,300,230,530,240,79,280,160,440,(2.89),(1.74),(0.21),(1.53),(1500),(210),-,-,-,"[""大豆"",""だいず"",""ダイズ"",""soybean"",""豆腐"",""とうふ"",""トウフ"",""ソフト豆腐"",""そふと豆腐"",""ソフトトウフ"",""soft tofu""]",ソフト豆腐,,Soft Tofu,,51.5,27,16127,"Tofu, soft, prepared with calcium sulfate and magnesium chloride (nigari)",173787,HOUSE FOODS Premium Soft Tofu,1.2334029323221698,,,TRUE,豆・ごま > 豆腐
04,04035,だいず　［豆腐・油揚げ類］　充てん豆腐,88.6,5.0,3.1,0.3,0.8,56,31,83,10,200,68,0.8,0.6,0.18,0.43,-,-,(0),(0),0.3,0.15,0.05,0.3,0.09,(0),23,0.12,"{""baseName"":""だいず"",""variety"":""充てん豆腐"",""notes"":[""豆腐・油揚げ類""]}",充てん豆腐は消化しやすい植物性たんぱく源で犬の素材として適している,8,1,1,270,450,360,71,80,150,300,230,530,240,76,280,160,460,(2.71),(1.63),(0.20),(1.44),(1400),(200),-,-,-,"[""大豆"",""だいず"",""ダイズ"",""soybean"",""豆腐"",""とうふ"",""トウフ"",""充てん豆腐"",""充填豆腐"",""じゅうてん豆腐"",""じゅうてんとうふ"",""packaged tofu"",""packed tofu""]",充てん豆腐,,Packaged Tofu,,51.55,27,16127,"Tofu, soft, prepared with calcium sulfate and magnesium chloride (nigari)",174292,"MORI-NU, Tofu, silken, soft",0.7620461240633584,,,TRUE,豆・ごま > 豆腐
04,04036,だいず　［豆腐・油揚げ類］　沖縄豆腐,81.8,9.1,7.2,0.5,1.2,99,120,130,170,180,66,1.7,1.0,0.19,0.93,-,-,(0),(0),0.4,0.10,0.04,0.2,0.06,(0),14,Tr,"{""baseName"":""だいず"",""variety"":""沖縄豆腐"",""notes"":[""豆腐・油揚げ類""]}",沖縄豆腐は豆製品としてタンパク源になり、犬のレシピ素材として使える。,8,1,1,(460),(780),(630),(130),(130),(260),(530),(400),(930),(420),(140),(470),(260),(780),(6.30),(3.80),(0.45),(3.34),(3300),(450),-,-,-,"[""大豆"",""だいず"",""ダイズ"",""soybean"",""豆腐"",""とうふ"",""トウフ"",""沖縄豆腐"",""おきなわ豆腐"",""おきなわとうふ"",""okinawa tofu"",""島豆腐"",""しまどうふ""]",沖縄豆腐,,Okinawa Tofu,,93.75,28,16126,"Tofu, firm, prepared with calcium sulfate and magnesium chloride (nigari)",172448,"Tofu, firm, prepared with calcium sulfate and magnesium chloride (nigari)",1.2641130760360995,,28.1,TRUE,豆・ごま > 豆腐
04,04037,だいず　［豆腐・油揚げ類］　ゆし豆腐,90.0,4.3,2.8,0.3,1.2,47,36,71,240,210,43,0.7,0.5,0.14,0.30,-,-,(0),(0),0.1,0.10,0.04,0.2,0.07,0,13,0.20,"{""baseName"":""だいず"",""variety"":""ゆし豆腐"",""notes"":[""豆腐・油揚げ類""]}",ゆし豆腐は良質な植物性タンパク源で犬のレシピ素材として適している。,9,1,1,(220),(370),(300),(61),(63),(120),(250),(190),(440),(200),(64),(220),(120),(370),(2.45),(1.48),(0.18),(1.30),(1300),(180),-,-,-,"[""大豆"",""だいず"",""ダイズ"",""soybean"",""豆腐"",""とうふ"",""トウフ"",""ゆし豆腐"",""ゆしとうふ"",""ユシ豆腐"",""yushi tofu""]",ゆし豆腐,,Yushi Tofu,,43.75,27,16127,"Tofu, soft, prepared with calcium sulfate and magnesium chloride (nigari)",173786,"Vitasoy USA Azumaya, Silken Tofu",0.8659589436697461,,,TRUE,豆・ごま > 豆腐
04,04038,だいず　［豆腐・油揚げ類］　焼き豆腐,84.8,7.8,5.7,0.5,0.7,82,150,110,4,90,37,1.6,0.8,0.16,0.60,-,-,(0),(0),0.2,0.07,0.03,0.1,0.05,(0),12,0.06,"{""baseName"":""だいず"",""variety"":""焼き豆腐"",""notes"":[""豆腐・油揚げ類""]}",焼き豆腐は良質なたんぱく源で犬に与えて問題のない素材。,8,1,1,420,700,560,120,130,240,470,360,830,370,120,430,240,690,(4.98),(3.00),(0.36),(2.64),(2600),(360),-,-,-,"[""大豆"",""だいず"",""ダイズ"",""soybean"",""豆腐"",""とうふ"",""トウフ"",""焼き豆腐"",""やきとうふ"",""yakidofu"",""grilled tofu""]",焼き豆腐,,Grilled Tofu,,77.5,28,16126,"Tofu, firm, prepared with calcium sulfate and magnesium chloride (nigari)",173788,HOUSE FOODS Premium Firm Tofu,0.4831014628533529,,,TRUE,豆・ごま > 焼き豆腐
04,04113,だいず　［豆腐・油揚げ類］　絹生揚げ,80.5,7.9,7.7,1.5,1.1,103,34,130,17,260,120,1.2,0.8,0.23,0.48,1,4,-,-,0.7,0.12,0.04,0.5,0.09,-,16,0.13,"{""baseName"":""だいず"",""variety"":""絹生揚げ"",""notes"":[""豆腐・油揚げ類""]}",大豆由来の良質なタンパク源。油での加工形態は脂質に注意が必要。,7,1,1,400,670,550,100,110,220,460,340,790,360,110,410,240,660,6.85,3.50,0.52,2.98,3000,520,0,0,0,"[""大豆"",""だいず"",""ダイズ"",""soybean"",""豆腐"",""とうふ"",""トウフ"",""絹生揚げ"",""きぬ生揚げ"",""キヌナマアゲ"",""絹なまあげ"",""kinu namaage"",""生揚げ""]",絹生揚げ,,Kinugoshi Nama-age,Silken fried tofu,97.65,27,16127,"Tofu, soft, prepared with calcium sulfate and magnesium chloride (nigari)",172461,"MORI-NU, Tofu, silken, firm",1.222556846020633,,,TRUE,豆・ごま > 厚揚げ
04,04040,だいず　［豆腐・油揚げ類］　油揚げ　生,39.9,23.4,34.4,1.3,1.9,377,310,350,4,86,150,3.2,2.5,0.22,1.55,1,8,(0),(0),1.3,0.06,0.04,0.2,0.07,(0),18,0.07,"{""baseName"":""だいず"",""variety"":""油揚げ"",""state"":""生"",""notes"":[""豆腐・油揚げ類""]}",油揚げ（大豆由来）はタンパク源として使えるが油加工品のため脂質に注意。,7,1,1,1200,2100,1600,300,310,610,1400,1100,2500,1100,360,1300,690,2000,29.88,13.56,2.26,11.30,11000,2300,0,0,0,"[""大豆"",""だいず"",""ダイズ"",""soybean"",""油揚げ"",""あぶらあげ"",""アブラアゲ"",""aburaage"",""fried tofu"",""tofu pouch""]",油揚げ,生,Aburaage,Raw,374.3,28,16126,"Tofu, firm, prepared with calcium sulfate and magnesium chloride (nigari)",174297,"Vitasoy USA, Organic Nasoya Super Firm Cubed Tofu",1.0880012415626803,,,TRUE,豆・ごま > 薄揚げ
04,04084,だいず　［豆腐・油揚げ類］　油揚げ　油抜き　生,56.9,18.2,23.4,0.9,1.4,266,230,280,2,51,110,2.5,2.1,0.16,1.22,Tr,6,(0),(0),0.9,0.04,0.02,0.1,0.04,(0),12,0.04,"{""baseName"":""だいず"",""variety"":""油揚げ 油抜き"",""state"":""生"",""notes"":[""豆腐・油揚げ類""]}",油揚げは大豆由来の良質なタンパク源。油抜きで脂質控えめ。,8,1,1,980,1600,1200,240,230,480,1100,830,1900,840,280,1000,530,1600,20.41,9.60,1.56,8.04,8000,1600,0,0,0,"[""大豆"",""だいず"",""ダイズ"",""soybean"",""油揚げ"",""あぶらあげ"",""アブラアゲ"",""aburaage"",""油抜き油揚げ"",""油抜きあぶらあげ"",""油抜き""]",油揚げ,油抜き・生,Aburaage,"Oil-removed, Raw",262.6,28,16126,"Tofu, firm, prepared with calcium sulfate and magnesium chloride (nigari)",175234,"Vitasoy USA Organic Nasoya Sprouted, Tofu Plus Super Firm",0.8587792799742283,,,TRUE,豆・ごま > 薄揚げ
04,04086,だいず　［豆腐・油揚げ類］　油揚げ　油抜き　ゆで,72.6,12.4,13.8,0.6,0.9,164,140,180,Tr,12,59,1.6,1.4,0.07,0.73,0,4,(0),(0),0.5,0.01,0.01,0,0.01,(0),3,0.02,"{""baseName"":""だいず"",""variety"":""油揚げ 油抜き"",""state"":""ゆで"",""notes"":[""豆腐・油揚げ類""]}",油揚げ（油抜き・ゆで）は大豆由来のタンパク源として使えるが脂分・塩分に注意が必要な加工食品である。,7,1,1,670,1100,830,170,160,330,760,580,1300,580,190,700,370,1100,12.00,5.98,0.94,5.05,5000,940,0,0,0,"[""大豆"",""だいず"",""ダイズ"",""soybean"",""油揚げ"",""あぶらあげ"",""アブラアゲ"",""aburaage"",""油抜き油揚げ"",""油抜きあぶらあげ"",""油抜き""]",油揚げ,油抜き・ゆで,Aburaage,"Oil-removed, Boiled",160.7,28,16126,"Tofu, firm, prepared with calcium sulfate and magnesium chloride (nigari)",175236,"Vitasoy USA Azumaya, Firm Tofu",0.8200040208119819,,,TRUE,豆・ごま > 薄揚げ
04,04095,だいず　［豆腐・油揚げ類］　油揚げ　甘煮,54.9,11.2,13.0,0.5,1.7,231,120,150,460,61,51,1.5,1.1,0.08,0.16,Tr,3,0,(0),0.6,0.01,0.02,0.1,0.02,0,3,0.03,"{""baseName"":""だいず"",""variety"":""油揚げ 甘煮"",""notes"":[""豆腐・油揚げ類""]}",油揚げ（大豆由来）は植物性たんぱく源として利用可能だが、甘煮は糖分や調味料が含まれる点に留意。,7,1,1,590,990,670,120,130,250,650,410,1100,500,150,620,330,830,11.27,5.56,0.75,4.82,4800,750,0,0,0,"[""大豆"",""だいず"",""ダイズ"",""soybean"",""油揚げ"",""あぶらあげ"",""アブラアゲ"",""aburaage"",""甘煮油揚げ"",""甘煮あぶらあげ"",""甘煮""]",油揚げ,甘煮,Aburaage,Sweet-simmered,215.15,28,16126,"Tofu, firm, prepared with calcium sulfate and magnesium chloride (nigari)",173762,"Vitasoy USA, Organic Nasoya Extra Firm Tofu",0.7088675956344666,,,TRUE,豆・ごま > 薄揚げ
04,04042,だいず　［豆腐・油揚げ類］　凍り豆腐　乾,7.2,50.5,34.1,2.5,4.0,496,630,820,440,34,140,7.5,5.2,0.57,4.32,1,19,(0),(0),1.9,0.02,0.02,Tr,0.02,0.1,6,0.10,"{""baseName"":""だいず"",""variety"":""凍り豆腐"",""state"":""乾"",""notes"":[""豆腐・油揚げ類""]}",凍り豆腐は豆製品の良いタンパク源で、再調理して犬の素材として利用できる。,7,1,1,2700,4500,3500,660,670,1300,3100,2300,5400,2400,750,2800,1500,4400,30.92,18.32,2.49,15.83,16000,2500,0,0,0,"[""大豆"",""だいず"",""ダイズ"",""soybean"",""凍り豆腐"",""こおりどうふ"",""コオリドウフ"",""高野豆腐"",""こうやどうふ"",""koya dofu"",""freeze dried tofu""]",高野豆腐,乾,Koya Tofu,Dried,472.55,28,16126,"Tofu, firm, prepared with calcium sulfate and magnesium chloride (nigari)",174297,"Vitasoy USA, Organic Nasoya Super Firm Cubed Tofu",1.5046052325967323,,,TRUE,豆・ごま > 高野豆腐
04,04087,だいず　［豆腐・油揚げ類］　凍り豆腐　水煮,79.6,10.7,7.3,0.5,1.3,104,150,180,260,3,29,1.7,1.2,0.09,1.02,Tr,5,(0),(0),0.3,0,0,0,0,(0),0,0.02,"{""baseName"":""だいず"",""variety"":""凍り豆腐"",""state"":""水煮"",""notes"":[""豆腐・油揚げ類""]}",凍り豆腐は大豆由来のたんぱく質が豊富で犬に利用しやすい加工品,8,1,1,600,1000,740,150,130,270,690,510,1200,520,160,630,320,940,6.36,3.76,0.51,3.25,3200,510,0,0,0,"[""大豆"",""だいず"",""ダイズ"",""soybean"",""凍り豆腐"",""こおりどうふ"",""コオリドウフ"",""高野豆腐"",""こうやどうふ"",""koya dofu"",""freeze dried tofu""]",高野豆腐,水煮,Koya Tofu,Rehydrated,101.6,28,16126,"Tofu, firm, prepared with calcium sulfate and magnesium chloride (nigari)",172449,"Tofu, soft, prepared with calcium sulfate and magnesium chloride (nigari)",1.0014914337358074,,27.4,TRUE,豆・ごま > 高野豆腐
04,04044,だいず　［豆腐・油揚げ類］　豆腐竹輪　蒸し,71.6,14.9,4.4,0.8,2.4,121,70,150,740,140,65,2.0,1.0,0.13,0.58,63,14,3,(0),0.4,0.12,0.08,0.5,0.04,0.6,11,0.17,"{""baseName"":""だいず"",""variety"":""豆腐竹輪"",""state"":""蒸し"",""notes"":[""豆腐・油揚げ類""]}",豆腐竹輪（蒸し）は大豆由来のタンパクと魚すり身を含む加工品で、穏やかな素材として使える,7,1,1,(770),(1300),(1300),(370),(210),(580),(720),(590),(1300),(670),(190),(820),(450),(1100),3.52,2.17,0.35,1.83,1800,290,17,39,3,"[""大豆"",""だいず"",""ダイズ"",""soybean"",""豆腐ちくわ"",""豆腐竹輪"",""とうふちくわ"",""トウフチクワ"",""tofu chikuwa"",""ちくわ""]",豆腐ちくわ,蒸し,Tofu Chikuwa,Steamed,110.2,28,16126,"Tofu, firm, prepared with calcium sulfate and magnesium chloride (nigari)",173787,HOUSE FOODS Premium Soft Tofu,0.7367367958667665,,,TRUE,加工食材 > ちくわ
04,04088,だいず　［豆腐・油揚げ類］　ろくじょう豆腐,26.5,34.7,21.5,3.2,13.5,332,660,590,4300,430,110,6.1,4.6,0.73,3.83,-,-,(0),(0),2.5,0.10,0.06,0.5,0.11,(0),23,0.14,"{""baseName"":""だいず"",""variety"":""ろくじょう豆腐"",""notes"":[""豆腐・油揚げ類""]}",大豆由来の豆腐は良質な植物性タンパク源で犬のレシピ素材として適する。味付けや過剰な塩分に注意。,8,1,1,(1700),(3000),(2400),(490),(510),(1000),(2000),(1500),(3500),(1600),(520),(1800),(1000),(3000),(18.79),(11.33),(1.36),(9.97),(10000),(1400),-,-,-,"[""大豆"",""だいず"",""ダイズ"",""soybean"",""ろくじょう豆腐"",""ろくじょうとうふ"",""ロクジョウ豆腐"",""rokujo tofu"",""rokujou tofu"",""豆腐"",""とうふ""]",ろくじょう豆腐,,Rokujo Tofu,,306.3,28,16126,"Tofu, firm, prepared with calcium sulfate and magnesium chloride (nigari)",172451,"Tofu, fried",1.5473648488887888,,106.3,TRUE,豆・ごま > 豆腐
04,04046,だいず　［納豆類］　糸引き納豆,59.5,16.5,10.0,9.5,1.9,184,91,220,1,690,100,3.3,1.9,0.6,1.39,Tr,16,(0),(0),0.5,0.13,0.3,0.6,0.24,Tr,130,3.63,"{""baseName"":""だいず"",""variety"":""糸引き納豆"",""notes"":[""納豆類""]}",納豆は発酵大豆食品で植物性たんぱくやプロバイオティクスを含む素材,7,1,1,790,1300,1100,260,320,580,880,710,1600,670,250,850,490,950,(9.30),(5.65),(0.67),(4.98),(5000),(670),(0),(0),(0),"[""大豆"",""だいず"",""ダイズ"",""soybean"",""納豆"",""なっとう"",""ナットウ"",""natto"",""糸引き納豆"",""糸引納豆"",""いとひき納豆"",""itohiki natto""]",糸引き納豆,,Natto,Stringy,151.85,120,16108,"Soybeans, mature seeds, raw",174271,"Soybeans, mature cooked, boiled, without salt",0.8287880485051043,,47.5,TRUE,豆・ごま > 納豆
04,04047,だいず　［納豆類］　挽きわり納豆,60.9,16.6,10.0,5.9,2.0,185,59,250,2,700,88,2.6,1.3,0.43,1.00,-,-,(0),(0),0.8,0.14,0.36,0.9,0.29,0,110,4.28,"{""baseName"":""だいず"",""variety"":""挽きわり納豆"",""notes"":[""納豆類""]}",大豆の発酵食品でタンパク・食物繊維源として利用可能,7,1,1,810,1400,1100,250,280,530,970,670,1600,710,250,890,500,970,(9.30),(5.65),(0.67),(4.98),(5000),(670),(0),(0),(0),"[""大豆"",""だいず"",""ダイズ"",""soybean"",""納豆"",""なっとう"",""ナットウ"",""natto"",""挽きわり納豆"",""ひきわり納豆"",""hikiwari natto""]",挽きわり納豆,,Natto,Hikiwari (crushed),159.2,120,16108,"Soybeans, mature seeds, raw",174271,"Soybeans, mature cooked, boiled, without salt",1.3727905342977968,,47.5,TRUE,豆・ごま > 納豆
04,04048,だいず　［納豆類］　五斗納豆,45.8,15.3,8.1,4.9,6.8,214,49,190,2300,430,61,2.2,1.1,0.31,0.75,1,8,(0),(0),0.6,0.08,0.35,1.1,0.19,-,110,2.90,"{""baseName"":""だいず"",""variety"":""五斗納豆"",""notes"":[""納豆類""]}",納豆は発酵大豆でタンパク質と微生物由来成分を含み利用可能だが匂いや粘性に留意,8,0,1,,,,,,,,,,,,,,,6.62,4.26,0.70,3.55,3600,700,0,0,0,"[""大豆"",""だいず"",""ダイズ"",""soybean"",""納豆"",""なっとう"",""ナットウ"",""natto"",""五斗納豆"",""ごっとう納豆"",""goto natto""]",五斗納豆,,Natto,Gotto variety,189.25,120,16108,"Soybeans, mature seeds, raw",172467,"Tempeh, cooked",1.5901091005378882,,,TRUE,豆・ごま > 納豆
04,04114,だいず　［納豆類］　塩納豆,64,8.3,4.4,6.0,3.2,137,48,150,860,410,61,1.3,1,0.25,0.72,1800,1,-,-,0.5,0.06,0.11,0.5,0.13,Tr,36,1.3,"{""baseName"":""だいず"",""variety"":""塩納豆"",""notes"":[""納豆類""]}",発酵大豆でたんぱく質や有益菌を含むが塩分に注意して用いる,7,1,1,420,710,550,110,130,240,480,350,830,370,120,450,250,560,3.42,2.07,0.29,1.78,1800,290,0,0,0,"[""大豆"",""だいず"",""ダイズ"",""soybean"",""納豆"",""なっとう"",""ナットウ"",""natto"",""塩納豆"",""しお納豆"",""しおなっとう"",""shio natto"",""salted natto""]",塩納豆,,Salted Natto,,115.8,120,16108,"Soybeans, mature seeds, raw",172462,"MORI-NU, Tofu, silken, extra firm",1.3811211678268691,,,TRUE,豆・ごま > 納豆
04,04049,だいず　［納豆類］　寺納豆,24.4,18.6,8.1,7.6,17.4,248,110,330,5600,1000,140,5.9,3.8,0.80,1.70,1,14,(0),(0),0.9,0.04,0.35,4.1,0.17,-,39,0.81,"{""baseName"":""だいず"",""variety"":""寺納豆"",""notes"":[""納豆類""]}",納豆（大豆の発酵食品）は良質なタンパク源で消化に比較的適し、犬の素材として問題が少ない。,8,0,1,,,,,,,,,,,,,,,5.81,3.70,0.60,3.10,3100,600,0,0,0,"[""大豆"",""だいず"",""ダイズ"",""soybean"",""納豆"",""なっとう"",""ナットウ"",""寺納豆"",""てらなっとう"",""natto""]",納豆,寺納豆,Natto,Temple natto,217.6,120,16108,"Soybeans, mature seeds, raw",172467,"Tempeh, cooked",1.2439289720718594,,,TRUE,豆・ごま > 納豆
04,04115,だいず　［納豆類］　干し納豆,12,33,16.8,17.2,8.9,357,190,570,2000,1600,200,5.8,3.4,1.03,2.31,5,5,-,-,2.6,0.11,0.22,1.5,0.32,Tr,150,2.64,"{""baseName"":""だいず"",""variety"":""干し納豆"",""notes"":[""納豆類""]}",大豆由来の発酵食品でタンパク質・食物繊維の供給源として利用可能,7,1,1,1600,2700,2000,450,480,930,1800,1300,3100,1500,470,1700,1000,2400,14.60,8.91,1.30,7.61,7600,1300,0,0,0,"[""大豆"",""だいず"",""ダイズ"",""soybean"",""納豆"",""なっとう"",""ナットウ"",""干し納豆を探す人は納豆で検索する""]",納豆,干し納豆,Natto,Dried,300.65,120,16108,"Soybeans, mature seeds, raw",172443,Natto,1.56288722544319,,57,TRUE,豆・ごま > 納豆
04,04051,だいず　［その他］　おから　生,75.5,6.1,3.6,11.5,1.0,88,81,99,5,350,40,1.3,0.6,0.14,0.40,1,1,(0),(0),0.4,0.11,0.03,0.2,0.06,(0),14,0.31,"{""baseName"":""だいず"",""variety"":""おから"",""state"":""生"",""notes"":[""その他""]}",おからは良質な食物繊維と植物性たんぱくを含み、犬のレシピ素材として適している。,8,1,1,280,490,410,97,110,200,330,210,540,290,83,330,190,410,(3.21),(2.03),(0.28),(1.75),(1700),(280),-,-,-,"[""おから"",""オカラ"",""okara"",""大豆おから""]",おから,生,Okara,Raw,60,120,16108,"Soybeans, mature seeds, raw",173787,HOUSE FOODS Premium Soft Tofu,0.3096761290693818,,,TRUE,豆・ごま > おから
04,04089,だいず　［その他］　おから　乾燥,7.1,23.1,13.6,43.6,3.8,333,310,380,19,1300,150,4.9,2.3,0.53,1.52,4,4,(0),(0),1.5,0.42,0.11,0.8,0.23,(0),53,1.18,"{""baseName"":""だいず"",""variety"":""おから"",""state"":""乾燥"",""notes"":[""その他""]}",おからは植物性たんぱくと食物繊維が豊富で犬のレシピ素材として利用しやすい,7,1,1,(1000),(1900),(1500),(360),(400),(760),(1200),(760),(2000),(1000),(310),(1200),(700),(1500),(12.18),(7.68),(1.07),(6.62),(6600),(1100),-,-,-,"[""おから"",""オカラ"",""okara"",""大豆おから""]",おから,乾燥,Okara,Dried,227.25,120,16108,"Soybeans, mature seeds, raw",172452,,,,,TRUE,豆・ごま > おから
04,04052,だいず　［その他］　豆乳　豆乳,90.8,3.6,2.8,0.9,0.5,43,15,49,2,190,25,1.2,0.3,0.12,0.23,Tr,1,(0),(0),0.1,0.03,0.02,0.5,0.06,(0),28,0.28,"{""baseName"":""だいず"",""variety"":""豆乳 豆乳"",""notes"":[""その他""]}",豆乳は植物性タンパク源として利用可能だが、個体差で消化性やアレルギーに注意,7,1,1,170,290,250,53,60,110,200,160,350,160,53,180,100,310,2.47,1.55,0.20,1.34,1300,200,0,0,0,"[""豆乳"",""とうにゅう"",""トウニュウ"",""soy milk"",""soymilk""]",豆乳,,Soy Milk,,41.3,24,16120,"Soy milk, fluid",175213,"Vitasoy USA, Vitasoy Organic Classic Original Soymilk",0.747519624029629,,,TRUE,乳製品・卵製品 > 豆乳
04,04055,だいず　［その他］　大豆たんぱく　粒状大豆たんぱく,7.8,46.3,3.0,17.8,6.2,318,270,730,3,2400,290,7.7,4.5,1.41,2.61,-,-,(0),(0),0,0.67,0.30,2.2,0.64,(0),370,1.89,"{""baseName"":""だいず"",""variety"":""大豆たんぱく 粒状大豆たんぱく"",""notes"":[""その他""]}",粒状大豆たんぱくは植物性タンパク源として利用できるがアレルギーに注意,8,1,1,(2300),(4000),(3200),(650),(640),(1300),(2700),(1900),(4600),(2000),(680),(2300),(1400),(3900),1.83,1.16,0.14,1.01,1000,140,0,0,0,"[""大豆たんぱく"",""だいずたんぱく"",""ダイズタンパク"",""soy protein"",""粒状大豆たんぱく"",""粒状"",""テクスチャード大豆たんぱく""]",大豆たんぱく,粒状,Soy Protein,Granular,253.7,190,16117,"Soy flour, defatted",174275,"Soy flour, defatted",0.8299151468304435,,11.3,TRUE,豆・ごま > 大豆ミート
04,04056,だいず　［その他］　大豆たんぱく　濃縮大豆たんぱく,6.8,58.2,1.7,20.9,5.4,313,280,750,550,1300,220,9.2,3.1,0.99,2.00,-,-,(0),(0),0,0.37,0.11,0.6,0.16,(0),210,0.40,"{""baseName"":""だいず"",""variety"":""大豆たんぱく 濃縮大豆たんぱく"",""notes"":[""その他""]}",濃縮大豆たんぱくは植物性たんぱく源として利用できるが加工品である点に留意。,7,1,1,(2900),(5100),(4000),(820),(800),(1600),(3300),(2400),(5800),(2500),(850),(2900),(1700),(4900),0.68,0.39,0.04,0.35,350,37,0,0,0,"[""大豆たんぱく"",""だいずたんぱく"",""ダイズタンパク"",""soy protein"",""濃縮大豆たんぱく"",""濃縮"",""soy protein concentrate""]",大豆たんぱく,濃縮,Soy Protein,Concentrate,242.65,86,98021,"Soy protein powder, dietary supplement, cholesterol free, low fat enriched with vitamins",174301,"Soy protein concentrate, produced by acid wash",1.0599944370505066,,,FALSE,
04,04057,だいず　［その他］　大豆たんぱく　分離大豆たんぱく　塩分無調整タイプ,5.9,79.1,3.0,4.2,4.5,335,57,840,1300,190,58,9.4,2.9,1.51,0.89,-,-,(0),(0),0,0.11,0.14,0.4,0.06,(0),270,0.37,"{""baseName"":""だいず"",""variety"":""大豆たんぱく 分離大豆たんぱく 塩分無調整タイプ"",""notes"":[""その他""]}",分離大豆たんぱくは高たんぱくな植物性素材として利用できる,8,1,1,4000,7000,5500,1100,1100,2200,4600,3500,8000,3700,1200,4100,2400,6900,1.56,0.96,0.09,0.87,870,93,0,0,0,"[""大豆たんぱく"",""だいずたんぱく"",""ダイズタンパク"",""soy protein"",""分離大豆たんぱく"",""分離"",""soy protein isolate""]",大豆たんぱく,分離・塩分無調整,Soy Protein,"Isolate, Unsalted",313.9,86,98021,"Soy protein powder, dietary supplement, cholesterol free, low fat enriched with vitamins",173769,"Soymilk (All flavors), lowfat, with added calcium, vitamins A and D",1.8833117789562643,,,FALSE,
04,04090,だいず　［その他］　大豆たんぱく　分離大豆たんぱく　塩分調整タイプ,5.9,79.1,3.0,4.2,4.5,335,890,840,640,260,58,9.4,2.9,1.51,0.89,-,-,(0),(0),0,0.11,0.14,0.4,0.06,(0),270,0.37,"{""baseName"":""だいず"",""variety"":""大豆たんぱく 分離大豆たんぱく 塩分調整タイプ"",""notes"":[""その他""]}",分離大豆たんぱくは良質なたんぱく源で素材として利用しやすい,7,1,0,(4000),(7000),(5500),(1100),(1100),(2200),(4600),(3500),(8000),(3700),(1200),(4100),(2400),(6900),,,,,,,,,,"[""大豆たんぱく"",""だいずたんぱく"",""ダイズタンパク"",""soy protein"",""分離大豆たんぱく"",""分離"",""soy protein isolate""]",大豆たんぱく,分離・塩分調整,Soy Protein,"Isolate, Salt-adjusted",313.9,86,98021,"Soy protein powder, dietary supplement, cholesterol free, low fat enriched with vitamins",173788,HOUSE FOODS Premium Firm Tofu,1.5054044157536106,,,FALSE,
04,04058,だいず　［その他］　大豆たんぱく　繊維状大豆たんぱく,5.8,59.3,5.0,5.6,4.7,365,70,630,1400,270,55,8.2,2.4,1.13,1.02,-,-,(0),(0),0.3,0.62,0.16,0.5,0.08,(0),170,0.34,"{""baseName"":""だいず"",""variety"":""大豆たんぱく 繊維状大豆たんぱく"",""notes"":[""その他""]}",繊維状大豆たんぱくは植物性たんぱく源として利用可能だが個体差に注意,7,1,1,(2900),(5200),(4100),(830),(820),(1700),(3400),(2500),(5900),(2500),(870),(3000),(1700),(5000),3.48,2.07,0.21,1.86,1900,210,0,0,0,"[""大豆たんぱく"",""だいずたんぱく"",""ダイズタンパク"",""soy protein"",""繊維状大豆たんぱく"",""繊維状"",""textured soy protein"",""textured protein""]",大豆たんぱく,繊維状,Soy Protein,Textured (Fibrous),318.65,190,16117,"Soy flour, defatted",173763,"Vitasoy USA, Organic Nasoya Firm Tofu",1.4432035559876755,,,TRUE,豆・ごま > 大豆ミート
04,04059,だいず　［その他］　湯葉　生,59.1,21.8,13.7,0.8,1.3,218,90,250,4,290,80,3.6,2.2,0.70,-,1,3,(0),(0),0.9,0.17,0.09,0.3,0.13,(0),25,0.34,"{""baseName"":""だいず"",""variety"":""湯葉"",""state"":""生"",""notes"":[""その他""]}",湯葉は大豆由来の良質な植物性タンパク源として使用可能である,7,1,1,1200,1900,1500,320,320,640,1300,970,2300,1000,310,1200,640,1900,11.76,7.06,0.91,6.15,6100,910,0,0,0,"[""湯葉"",""ゆば"",""ユバ"",""yuba"",""tofu skin""]",湯葉,生,Yuba,Fresh,204.3,28,16126,"Tofu, firm, prepared with calcium sulfate and magnesium chloride (nigari)",173788,HOUSE FOODS Premium Firm Tofu,1.2009099095003342,,,FALSE,
04,04060,だいず　［その他］　湯葉　干し　乾,6.9,50.4,32.1,3.0,3.3,485,210,600,12,840,220,8.3,4.9,3.27,3.43,3,7,(0),(0),2.4,0.35,0.12,1.4,0.32,(0),38,0.55,"{""baseName"":""だいず"",""variety"":""湯葉 干し"",""state"":""乾"",""notes"":[""その他""]}",湯葉は大豆由来のタンパク源として利用可能だが大豆アレルギーに注意,7,1,1,2700,4400,3500,720,800,1500,3100,2200,5300,2400,720,2800,1500,4300,28.74,16.26,2.18,14.08,14000,2200,0,0,0,"[""湯葉"",""ゆば"",""ユバ"",""yuba"",""tofu skin""]",湯葉,乾燥,Yuba,Dried,464.3,28,16126,"Tofu, firm, prepared with calcium sulfate and magnesium chloride (nigari)",174301,"Soy protein concentrate, produced by acid wash",1.4978681917270555,,,FALSE,
04,04091,だいず　［その他］　湯葉　干し　湯戻し,72.8,15.7,10.6,1.2,0.9,151,66,170,2,140,60,2.6,1.6,0.57,1.09,0,2,(0),(0),0.7,0.05,0.01,0.1,0.03,(0),3,0.12,"{""baseName"":""だいず"",""variety"":""湯葉 干し 湯戻し"",""notes"":[""その他""]}",大豆由来の良質な植物性タンパクで利用できるが、大豆アレルギーに注意,7,1,1,830,1400,1100,220,230,450,960,700,1700,740,210,850,450,1300,9.19,5.22,0.70,4.52,4500,700,0,0,0,"[""湯葉"",""ゆば"",""ユバ"",""yuba"",""tofu skin""]",湯葉,干し・湯戻し,Yuba,"Dried, Rehydrated",145.05,28,16126,"Tofu, firm, prepared with calcium sulfate and magnesium chloride (nigari)",173764,"Vitasoy USA, Organic Nasoya Silken Tofu",1.2296519353791728,,,FALSE,
04,04063,だいず　［その他］　テンペ,57.8,15.8,9.0,10.2,2.0,180,70,250,2,730,95,2.4,1.7,0.52,0.80,1,3,(0),(0),0.8,0.07,0.09,2.4,0.23,0,49,1.08,"{""baseName"":""だいず"",""variety"":""テンペ"",""notes"":[""その他""]}",発酵大豆製品で消化性が良く植物性タンパク源として使いやすい。,7,1,1,(690),(1100),(710),(140),(150),(290),(700),(520),(1200),(620),(150),(720),(360),(970),7.50,4.69,0.72,3.97,4000,720,0,0,0,"[""テンペ"",""テンペー"",""tempeh"",""tempe""]",テンペ,,Tempeh,,150,120,16108,"Soybeans, mature seeds, raw",173763,"Vitasoy USA, Organic Nasoya Firm Tofu",1.1486061708621451,,,FALSE,
04,04064,つるあずき　全粒　乾,12.0,20.8,1.6,22.0,3.9,297,280,320,1,1400,230,11.0,3.1,0.73,2.92,0,3,(0),(0),0.1,0.50,0.13,2.0,0.28,(0),210,0.75,"{""baseName"":""つるあずき"",""formModifiers"":[""全粒""],""state"":""乾""}",つるあずき（乾）は豆類として栄養源になり得るが調理が前提となる,7,1,1,(920),(1700),(1600),(310),(280),(590),(1200),(610),(1800),(830),(240),(1100),(700),(1400),0.96,0.55,0.18,0.37,370,180,0,0,0,"[""つるあずき"",""ツルアズキ"",""小豆"",""あずき"",""アズキ"",""azuki"",""adzuki"",""azuki bean""]",小豆,全粒・乾,Azuki Beans,"Whole, Dried",225.35,66,16042,"Beans, pinto, mature seeds, raw",174256,"Mung beans, mature seeds, raw",1.1418770647960845,,97.9,TRUE,豆・ごま > 小豆
04,04092,つるあずき　全粒　ゆで,60.5,9.7,1.0,13.4,1.3,132,130,120,0,370,77,3.3,1.2,0.30,0.57,-,-,(0),(0),0.1,0.16,0.04,0.5,0.06,(0),48,0.14,"{""baseName"":""つるあずき"",""formModifiers"":[""全粒""],""state"":""ゆで""}",つるあずきのゆで物は加熱済みの豆類で炭水化物・たんぱく源として利用可能だが消化性に留意,7,1,1,(430),(790),(750),(150),(120),(270),(580),(300),(880),(390),(110),(530),(330),(650),(0.58),(0.33),(0.11),(0.22),(220),(110),(0),(0),(0),"[""つるあずき"",""ツルアズキ"",""小豆"",""あずき"",""アズキ"",""azuki"",""adzuki"",""azuki bean""]",小豆,全粒・ゆで,Azuki Beans,"Whole, Boiled",91.8,35,16043,"Beans, pinto, mature seeds, cooked, boiled without salt",173746,"Beans, navy, mature seeds, cooked, boiled, without salt",1.1699602957169775,,44.7,TRUE,豆・ごま > 小豆
04,04065,ひよこまめ　全粒　乾,10.4,20.0,5.2,16.3,2.9,336,100,270,17,1200,140,2.6,3.2,0.84,-,1,11,(0),(0),2.5,0.37,0.15,1.5,0.64,(0),350,1.77,"{""baseName"":""ひよこまめ"",""formModifiers"":[""全粒""],""state"":""乾""}",ひよこまめは良好な植物性タンパク・食物繊維源で、調理して与えると適する。,7,1,1,(860),(1400),(1300),(260),(270),(540),(1100),(500),(1600),(750),(200),(850),(550),(1900),4.09,2.04,0.08,1.96,2000,84,0,0,0,"[""ひよこまめ"",""ひよこ豆"",""ヒヨコマメ"",""chickpea"",""garbanzo"",""garbanzo bean""]",ひよこ豆,全粒・乾,Chickpeas,"Whole, Dried",272.4,66,16042,"Beans, pinto, mature seeds, raw",173756,"Chickpeas (garbanzo beans, bengal gram), mature seeds, raw",1.0547633251460995,,99.3,TRUE,豆・ごま > ひよこ豆
04,04066,ひよこまめ　全粒　ゆで,59.6,9.5,2.5,11.6,1.0,149,45,120,5,350,51,1.2,1.8,0.29,1.10,Tr,5,(0),(0),1.7,0.16,0.07,0.4,0.18,(0),110,0.48,"{""baseName"":""ひよこまめ"",""formModifiers"":[""全粒""],""state"":""ゆで""}",ひよこまめ（ゆで）は植物性タンパクと食物繊維の供給源として使用可能だが消化に注意,7,1,1,(410),(680),(640),(120),(130),(250),(510),(240),(750),(350),(91),(400),(260),(900),2.00,1.00,0.04,0.96,960,41,0,0,0,"[""ひよこまめ"",""ひよこ豆"",""ヒヨコマメ"",""chickpea"",""garbanzo"",""garbanzo bean""]",ひよこ豆,全粒・ゆで,Chickpeas,"Whole, Boiled",109.8,35,16043,"Beans, pinto, mature seeds, cooked, boiled without salt",172424,"Lupins, mature seeds, cooked, boiled, without salt",0.8114164810552265,,,TRUE,豆・ごま > ひよこ豆
04,04068,べにばないんげん　全粒　乾,15.4,17.2,1.7,26.7,4.5,273,78,430,1,1700,190,5.4,3.4,0.74,1.50,0,1,(0),(0),0.1,0.67,0.15,2.5,0.51,0,140,0.81,"{""baseName"":""べにばないんげん"",""formModifiers"":[""全粒""],""state"":""乾""}",良質な植物性たんぱくと食物繊維を含む。乾燥しているため加熱調理が必要。,7,1,1,(810),(1400),(1100),(220),(230),(440),(930),(520),(1500),(740),(190),(930),(530),(1100),1.16,0.85,0.35,0.50,500,350,0,0,0,"[""べにばないんげん"",""ベニバナインゲン"",""いんげん"",""インゲン"",""いんげんまめ"",""インゲンマメ"",""インゲン豆"",""bean"",""beans""]",いんげん豆,べにばな・全粒・乾,Common Bean,"Benibana variety, Whole, Dried",195.4,66,16042,"Beans, pinto, mature seeds, raw",173744,"Beans, kidney, red, mature seeds, raw",0.7936112538443015,,65.9,TRUE,豆・ごま > インゲンマメ
04,04069,べにばないんげん　全粒　ゆで,69.7,6.2,0.6,7.6,1.2,103,28,140,1,440,50,1.6,0.8,0.17,0.58,0,Tr,(0),(0),Tr,0.14,0.05,0.4,0.11,Tr,23,0.18,"{""baseName"":""べにばないんげん"",""formModifiers"":[""全粒""],""state"":""ゆで""}",加熱済みの豆類は植物性たんぱくと食物繊維を含み利用可能（十分に加熱されていることが前提）,8,1,1,(290),(490),(410),(79),(81),(160),(340),(190),(520),(270),(69),(330),(190),(380),0.40,0.29,0.12,0.17,170,120,0,0,0,"[""べにばないんげん"",""ベニバナインゲン"",""いんげん"",""インゲン"",""いんげんまめ"",""インゲンマメ"",""インゲン豆"",""bean"",""beans""]",いんげん豆,べにばな・全粒・ゆで,Common Bean,"Benibana variety, Whole, Boiled",78.25,35,16043,"Beans, pinto, mature seeds, cooked, boiled without salt",173740,"Beans, kidney, all types, mature seeds, cooked, boiled, without salt",0.8552681167633384,,30.5,TRUE,豆・ごま > インゲンマメ
04,04108,やぶまめ　乾,13.1,23.4,10.1,-,3.9,383,55,230,5,1700,63,2.4,1.4,0.31,1.03,0,1,-,-,-,-,-,-,-,-,-,-,"{""baseName"":""やぶまめ"",""state"":""乾""}",やぶまめは豆類でタンパク質や食物繊維の供給源になるが、乾燥品は調理処理が前提,7,0,0,,,,,,,,,,,,,,,,,,,,,,,,"[""やぶまめ"",""ヤブマメ"",""藪豆"",""yabumame"",""豆"",""まめ"",""マメ""]",やぶまめ,乾燥,Yabumame,Dried,341,,,,,,,,,FALSE,
04,04093,らいまめ　全粒　ゆで,62.3,9.6,0.9,10.9,1.1,122,27,95,0,490,52,2.3,1.1,0.25,0.73,-,-,(0),(0),Tr,0.10,0.04,0.5,0.08,(0),25,0.23,"{""baseName"":""らいまめ"",""formModifiers"":[""全粒""],""state"":""ゆで""}",ゆでライマ豆は調理済みの植物性たんぱく源で消化性を考慮すれば使用可能,8,1,1,(480),(810),(620),(110),(110),(210),(620),(350),(970),(430),(100),(540),(240),(590),(0.64),(0.38),(0.10),(0.28),(280),(100),(0),(0),(0),"[""らいまめ"",""ライマメ"",""lima bean"",""リマメ"",""豆"",""まめ"",""マメ""]",ライマメ,全粒・ゆで,Lima Bean,"Whole, Boiled",94.45,,,,174253,"Lima beans, large, mature seeds, cooked, boiled, without salt",1.0593838427416225,,32.5,FALSE,
04,04071,りょくとう　全粒　乾,10.8,25.1,1.5,14.6,3.5,319,100,320,0,1300,150,5.9,4.0,0.91,-,0,2,(0),(0),0.3,0.70,0.22,2.1,0.52,(0),460,1.66,"{""baseName"":""りょくとう"",""formModifiers"":[""全粒""],""state"":""乾""}",りょくとう（乾）は豆類の全粒で栄養源として利用可能だが調理で柔らかくする必要がある,8,1,1,1100,2000,1700,340,180,520,1500,690,2200,870,250,1300,730,1700,0.98,0.61,0.17,0.44,440,170,0,0,0,"[""りょくとう"",""リョクトウ"",""緑豆"",""mung bean"",""豆"",""まめ"",""マメ""]",緑豆,全粒・乾燥,Mung Bean,"Whole, Dried",256.35,,,,174256,"Mung beans, mature seeds, raw",0.6316851340752732,,97.9,FALSE,
04,04072,りょくとう　全粒　ゆで,66.0,10.2,0.6,5.2,0.7,125,32,75,1,320,39,2.2,0.8,0.21,0.31,0,1,(0),(0),0.2,0.19,0.06,0.4,0.05,(0),80,0.34,"{""baseName"":""りょくとう"",""formModifiers"":[""全粒""],""state"":""ゆで""}",ゆでたりょくとう（豆類）は加熱済みで消化しやすく素材として利用可能,8,1,1,(420),(790),(690),(140),(72),(210),(610),(270),(880),(330),(100),(520),(290),(670),(0.39),(0.24),(0.07),(0.18),(180),(67),(0),(0),(0),"[""りょくとう"",""リョクトウ"",""緑豆"",""mung bean"",""豆"",""まめ"",""マメ""]",緑豆,全粒・ゆで,Mung Bean,"Whole, Boiled",101.35,,,,174257,"Mung beans, mature seeds, cooked, boiled, without salt",0.8724972040972313,,29.4,FALSE,
04,04073,レンズまめ　全粒　乾,12.0,23.2,1.5,16.7,2.7,313,57,430,Tr,1000,100,9.0,4.8,0.95,1.57,0,54,(0),(0),0.8,0.52,0.17,2.5,0.55,0,77,1.58,"{""baseName"":""レンズまめ"",""formModifiers"":[""全粒""],""state"":""乾""}",乾燥レンズ豆は加熱して与えれば良好な植物性タンパク・繊維源となる,7,1,1,(1100),(1800),(1700),(210),(260),(460),(1200),(740),(2000),(1000),(170),(1300),(630),(2000),0.96,0.48,0.09,0.39,390,93,0,0,0,"[""レンズまめ"",""レンズマメ"",""れんずまめ"",""レンズ豆"",""lentil"",""豆"",""まめ"",""マメ""]",レンズ豆,全粒・乾燥,Lentil,"Whole, Dried",247.6,,,,172420,"Lentils, raw",1.1570181927155716,,96.4,TRUE,豆・ごま > レンズ豆
04,04094,レンズまめ　全粒　ゆで,57.9,11.2,0.8,9.4,1.1,149,27,190,0,330,44,4.3,2.5,0.44,0.81,-,-,(0),(0),0.4,0.20,0.06,0.7,0.16,(0),22,0.57,"{""baseName"":""レンズまめ"",""formModifiers"":[""全粒""],""state"":""ゆで""}",ゆでレンズまめは植物性タンパク・食物繊維源として利用可能だが、消化性に留意。,8,1,1,(540),(860),(810),(100),(120),(220),(590),(360),(950),(500),(81),(620),(300),(980),(0.50),(0.25),(0.05),(0.20),(200),(49),(0),(0),(0),"[""レンズまめ"",""レンズマメ"",""れんずまめ"",""レンズ豆"",""lentil"",""豆"",""まめ"",""マメ""]",レンズ豆,全粒・ゆで,Lentil,"Whole, Boiled",114.6,,,,172421,"Lentils, mature seeds, cooked, boiled, without salt",1.0322502010986194,,32.7,TRUE,豆・ごま > レンズ豆
05,05003,あさ　乾,4.6,29.9,28.3,23.0,5.5,450,130,1100,2,340,400,13.0,6.1,1.32,9.97,0,4,(0),(0),1.8,0.35,0.19,2.3,0.40,(0),82,0.57,"{""baseName"":""あさ"",""state"":""乾""}",あさ（乾）は種子類で栄養価が高く素材として利用可能,7,1,1,1200,2100,1100,730,510,1200,1400,950,2400,1200,350,1600,880,3700,26.07,19.62,4.74,14.89,15000,4700,0,0,0,"[""あさ"",""アサ"",""麻"",""asa"",""hemp"",""hemp seed""]",麻の実,乾燥,Hemp Seed,Dried,375.65,,,,,,,,,FALSE,
05,05041,あまに　いり,0.8,21.8,43.3,23.8,3.7,540,210,710,70,760,410,9.0,6.1,1.26,2.97,0,3,0,0,0.4,0.01,0.17,2.6,0.40,Tr,45,0.24,"{""baseName"":""あまに"",""state"":""いり""}",炒りあまには（亜麻仁）はオメガ3や食物繊維を含み適量なら有益だが、種子なので量の管理が必要。,7,1,1,1100,1500,660,450,280,730,1200,590,1800,990,410,1300,580,2300,39.30,29.13,23.50,5.63,5600,24000,0,0,0,"[""あまに"",""アマニ"",""亜麻仁"",""flaxseed"",""linseed"",""flax""]",亜麻仁,いり,Flaxseed,Toasted,467.45,79,12220,"Seeds, flaxseed",,,,,,FALSE,
05,05004,えごま　乾,5.6,17.7,43.4,20.8,3.9,523,390,550,2,590,230,16.0,3.8,1.93,3.09,Tr,3,(0),(0),1.3,0.54,0.29,7.6,0.55,(0),59,1.65,"{""baseName"":""えごま"",""state"":""乾""}",えごま（乾）はオメガ3などの脂肪酸供給源として有用だが油分が比較的高い,7,1,1,730,1300,810,520,370,890,1000,700,1700,760,240,990,580,2300,38.79,28.83,23.70,5.12,5100,24000,0,0,0,"[""えごま"",""エゴマ"",""荏胡麻"",""perilla"",""perilla seed"",""egoma""]",えごま,乾燥,Perilla Seed,Dried,460.95,,,,170554,"Seeds, chia seeds, dried",1.2355768949961452,,,FALSE,
05,05010,（くり類）　日本ぐり　生,58.8,2.8,0.5,4.2,1.0,147,23,70,1,420,40,0.8,0.5,0.32,3.27,0,3,(0),(0),0,0.21,0.07,1.0,0.27,(0),74,1.04,"{""baseName"":""日本ぐり"",""state"":""生"",""notes"":[""くり類""]}",日本ぐり（生）は果実／種実類で毒性はなく、適切に調理すれば素材として使用可能,7,1,1,98,160,150,35,44,79,110,68,180,110,36,130,68,210,(0.39),(0.25),(0.05),(0.20),(200),(48),(0),(0),(0),"[""日本ぐり"",""にほんぐり"",""ニホングリ"",""和栗"",""栗"",""くり"",""クリ"",""chestnut"",""Japanese chestnut""]",和栗,生,Japanese Chestnut,Raw,128.5,,,,169413,"Nuts, chestnuts, japanese, raw",2.1764724488648395,,,TRUE,果実 > 栗
05,05011,（くり類）　日本ぐり　ゆで,58.4,3.5,0.6,6.6,0.8,152,23,72,1,460,45,0.7,0.6,0.37,1.07,-,-,(0),(0),0,0.17,0.08,1.0,0.26,(0),76,1.06,"{""baseName"":""日本ぐり"",""state"":""ゆで"",""notes"":[""くり類""]}",茹で栗は炭水化物と風味の供給源として使いやすいが量に注意,7,1,1,(120),(200),(180),(43),(55),(98),(140),(81),(220),(130),(45),(160),(84),(260),0.47,0.30,0.06,0.25,250,58,0,0,0,"[""日本ぐり"",""にほんぐり"",""ニホングリ"",""和栗"",""栗"",""くり"",""クリ"",""chestnut"",""Japanese chestnut""]",和栗,ゆで,Japanese Chestnut,Boiled,122.7,,,,168589,"Nuts, chestnuts, japanese, boiled and steamed",1.6160348701262606,,,TRUE,果実 > 栗
05,05013,（くり類）　中国ぐり　甘ぐり,44.4,4.9,0.9,8.5,1.3,207,30,110,2,560,71,2.0,0.9,0.51,1.59,0,1,(0),(0),0.1,0.20,0.18,1.3,0.37,(0),100,0.57,"{""baseName"":""中国ぐり"",""variety"":""甘ぐり"",""notes"":[""くり類""]}",中国ぐり（栗）は調理して殻を除けば消化しやすいでん粉質の食品で素材として使用可能,7,1,1,(180),(300),(270),(120),(130),(250),(220),(150),(370),(190),(57),(260),(140),(500),(0.83),(0.23),(0.02),(0.21),(210),(23),-,-,-,"[""中国ぐり"",""ちゅうごくぐり"",""チュウゴクグリ"",""甘栗"",""あまぐり"",""アマグリ"",""栗"",""chinese chestnut"",""chestnut""]",甘栗,,Roasted Chestnut,,164.8,,,,170573,"Nuts, chestnuts, chinese, roasted",0.8498825361892676,,,TRUE,果実 > 栗
05,05017,ごま　乾,4.7,19.8,53.8,10.8,5.2,604,1200,540,2,400,370,9.6,5.5,1.66,2.24,Tr,10,(0),(0),0.1,0.95,0.25,5.1,0.60,(0),93,0.56,"{""baseName"":""ごま"",""state"":""乾""}",ごまは少量であれば良質な脂肪や微量栄養を補える安全な素材である。,8,1,1,850,1500,620,690,490,1200,1000,780,1800,890,360,1100,620,2900,50.69,23.26,0.15,23.11,23000,150,-,-,-,"[""ごま"",""ゴマ"",""胡麻"",""sesame"",""sesame seed"",""芝麻""]",ごま,乾燥,Sesame Seed,Dried,546.55,26,12201,"Seeds, sesame seed kernels, dried (decorticated)",170150,"Seeds, sesame seeds, whole, dried",0.7458672903456095,,25.6,TRUE,豆・ごま > ごま　乾
05,05018,ごま　いり,1.6,20.3,54.2,12.6,5.4,605,1200,560,2,410,360,9.9,5.9,1.68,2.52,Tr,27,(0),(0),0.1,0.49,0.23,5.3,0.64,(0),150,0.51,"{""baseName"":""ごま"",""state"":""いり""}",ごまは安全で風味付けや栄養源として利用可能（与え過ぎに注意）,8,1,1,880,1600,570,680,440,1100,1100,750,1800,890,350,1100,630,2900,49.33,22.64,0.19,22.44,22000,160,0,0,0,"[""ごま"",""ゴマ"",""胡麻"",""sesame"",""sesame seed"",""芝麻""]",ごま,いり,Sesame Seed,Toasted,552.4,26,12201,"Seeds, sesame seed kernels, dried (decorticated)",170151,"Seeds, sesame seeds, whole, roasted and toasted",0.9010944131093879,,,TRUE,豆・ごま > ごま　いり
05,05019,ごま　むき,4.1,19.3,54.9,13.0,2.9,570,62,870,2,400,340,6.0,5.5,1.53,1.23,1,43,(0),(0),0.1,1.25,0.14,5.3,0.44,(0),83,0.39,"{""baseName"":""ごま"",""variety"":""むき""}",ごまは適度な脂質と風味を提供し、小量であれば犬の素材として使用可能,7,1,1,840,1500,600,700,460,1200,1000,790,1800,870,350,1100,620,2900,42.86,20.11,0.15,19.96,20000,150,0,0,0,"[""ごま"",""ゴマ"",""胡麻"",""むきごま"",""ムキゴマ"",""hulled sesame"",""sesame kernel"",""sesame seed""]",むきごま,,Hulled Sesame Seed,,554.5,26,12201,"Seeds, sesame seed kernels, dried (decorticated)",169412,"Seeds, sesame seed kernels, dried (decorticated)",0.6758926764065989,,25.6,TRUE,豆・ごま > むきごま
05,05021,すいか　いり　味付け,5.9,29.6,46.4,7.1,4.7,528,70,620,580,640,410,5.3,3.9,1.49,1.43,24,11,(0),(0),0.6,0.10,0.16,0.8,0.71,(0),120,1.04,"{""baseName"":""すいか"",""variety"":""味付け"",""state"":""いり""}",すいかの果肉は水分・ビタミンが豊富で安全だが、味付けがある場合は塩分や糖分に注意。,8,1,1,(1400),(2200),(930),(870),(460),(1300),(2100),(1100),(3200),(1200),(410),(1600),(810),(5100),35.26,25.01,0.08,24.91,25000,60,23,0,0,"[""すいか"",""スイカ"",""西瓜"",""watermelon"",""すいかの種"",""スイカの種"",""すいかのたね""]",すいかの種,いり・味付け,Watermelon Seeds,"Toasted, Seasoned",520.05,,,,168601,"Seeds, pumpkin and squash seeds, whole, roasted, with salt added",2.348915974250827,,39.1,FALSE,
05,05046,チアシード　乾,6.5,19.4,33.9,36.9,4.7,446,570,820,0,760,360,7.6,5.9,1.79,4.80,0,11,(0),(0),0.3,0.97,0.25,9.8,0.42,(0),84,0.53,"{""baseName"":""チアシード"",""state"":""乾""}",チアシードは食物繊維や不飽和脂肪酸を含む栄養価の高い素材だが使用法（吸水など）に注意,7,1,1,790,1400,1000,640,470,1100,1100,710,1800,830,290,1000,620,2200,31.29,25.52,19.43,6.08,6100,19000,0,0,0,"[""チアシード"",""チア"",""chia seed"",""chia"",""チアシード""]",チアシード,乾燥,Chia Seed,Dried,356.05,,,,170554,"Seeds, chia seeds, dried",0.5846133007771728,,,TRUE,豆・ごま > チアシード
05,05022,とち　蒸し,58.0,1.7,1.9,6.6,4.2,148,180,27,250,1900,17,0.4,0.5,0.44,1.46,-,-,(0),(0),0,Tr,0,0.1,Tr,(0),1,0,"{""baseName"":""とち"",""state"":""蒸し""}",あく抜き済みの蒸しとちは炭水化物源として利用可能で犬に与えやすい,7,1,0,(67),(100),(100),(40),(54),(94),(71),(47),(120),(60),(19),(95),(47),(120),,,,,,,,,,"[""とち"",""トチ"",""栃"",""栃の実"",""とちの実"",""トチノミ"",""horse chestnut""]",栃の実,蒸し,Horse Chestnut,Steamed,118.7,,,,,,,,,FALSE,
05,05023,はす　未熟　生,77.5,5.9,0.5,2.6,1.2,81,53,190,2,410,57,0.6,0.8,0.22,1.33,-,-,(0),(0),0.6,0.18,0.09,1.4,0.16,(0),230,0.85,"{""baseName"":""はす"",""variety"":""未熟"",""state"":""生""}",未熟なはす（蓮）は一部で渋味や消化への影響があり、扱いに注意が必要な植物性素材。,7,1,1,(290),(470),(380),(100),(77),(180),(290),(140),(440),(290),(84),(380),(160),(480),0.34,0.21,0.02,0.18,180,21,Tr,0,0,"[""はす"",""ハス"",""蓮"",""蓮の実"",""はすの実"",""ハスノミ"",""lotus seed"",""lotus""]",蓮の実,未熟・生,Lotus Seed,"Immature, Raw",67.95,,,,168591,"Seeds, lotus seeds, raw",1.3004276040983396,,,FALSE,
05,05024,はす　成熟　乾,11.2,18.3,2.3,10.3,3.9,327,110,690,6,1300,200,2.9,2.8,1.12,8.25,10,8,(0),(0),1.0,0.44,0.11,4.2,0.60,(0),200,2.58,"{""baseName"":""はす"",""variety"":""成熟"",""state"":""乾""}",蓮（はす）の乾燥物はでんぷん質があり適量であれば利用可能な素材,7,1,1,(910),(1400),(1200),(320),(240),(560),(910),(450),(1400),(890),(260),(1200),(510),(1500),1.57,0.91,0.07,0.83,830,71,0,0,0,"[""はす"",""ハス"",""蓮"",""蓮の実"",""はすの実"",""ハスノミ"",""lotus seed"",""lotus""]",蓮の実,成熟・乾燥,Lotus Seed,"Mature, Dried",272.6,,,,170149,"Seeds, lotus seeds, dried",1.2036027517484285,,,FALSE,
05,05043,はす　成熟　ゆで,66.1,7.3,0.8,5.0,0.9,118,42,190,1,240,67,1.1,0.2,0.30,2.92,-,-,(0),(0),0.4,0.08,0.02,0.7,0.12,(0),36,0.32,"{""baseName"":""はす"",""variety"":""成熟"",""state"":""ゆで""}",ゆでたはす（蓮の実・蓮根等の可食部）は消化しやすく犬の素材として問題ない。,8,1,1,(360),(570),(470),(130),(95),(220),(360),(180),(540),(350),(100),(470),(200),(600),(0.52),(0.30),(0.02),(0.28),(280),(24),(0),(0),(0),"[""はす"",""ハス"",""蓮"",""lotus"",""レンコン"",""蓮根"",""lotus root""]",蓮根,成熟・ゆで,Lotus Root,"Mature, Boiled",102,,,,168591,"Seeds, lotus seeds, raw",1.7226394792918776,,,TRUE,野菜 > 蓮根
05,05048,（ひし類）　とうびし　ゆで,65.5,2.7,0.3,5.1,1.0,120,25,130,12,410,45,0.5,0.8,0.05,0.27,Tr,1,-,-,1.2,0.19,0.03,1.9,0.12,-,71,0.37,"{""baseName"":""とうびし"",""state"":""ゆで"",""notes"":[""ひし類""]}",とうびしの茹では根菜類として安全で繊維も取れるため素材として適切,8,1,1,100,210,140,69,54,120,130,90,220,110,51,150,88,340,0.11,0.04,0.01,0.04,35,6,0,0,0,"[""とうびし"",""トウビシ"",""ひし"",""ヒシ"",""菱"",""hishi"",""water caltrop"",""water chestnut""]",とうびし,ゆで,Water Caltrop,Boiled,100.9,,,,168591,"Seeds, lotus seeds, raw",1.8825767569824825,,,FALSE,
06,06001,アーティチョーク　花らい　生,85.1,2.3,0.2,8.7,1.1,39,52,61,21,430,50,0.8,0.2,0.05,0.19,-,-,(0),(0),0.4,0.08,0.10,1.2,0.08,(0),81,0.51,"{""baseName"":""アーティチョーク"",""part"":""花らい"",""state"":""生""}",野菜性の素材で食物繊維や栄養素があり使用可能,7,1,1,(98),(180),(130),(36),(21),(57),(120),(77),(200),(100),(40),(130),(48),(120),(0.14),(0.09),(0.02),(0.06),(61),(23),(0),(0),(0),"[""アーティチョーク"",""アーティチョーク花"",""アーティチョーク花蕾"",""artichoke"",""チョウセンアザミ"",""朝鮮アザミ""]",アーティチョーク,花蕾・生,Artichoke,"Flower Bud, Raw",18.85,34,11008,"Artichokes, (globe or French), cooked, boiled, drained without salt",,,,,,FALSE,
06,06002,アーティチョーク　花らい　ゆで,85.9,2.1,0.1,8.6,1.1,35,47,55,12,380,46,0.7,0.2,0.05,0.15,-,-,(0),(0),0.4,0.07,0.08,1.1,0.06,(0),76,0.51,"{""baseName"":""アーティチョーク"",""part"":""花らい"",""state"":""ゆで""}",茹でたアーティチョークは食物繊維豊富で安全な野菜素材です。,8,1,1,(89),(160),(120),(33),(19),(52),(110),(70),(180),(91),(37),(120),(44),(110),(0.07),(0.04),(0.01),(0.03),(31),(11),(0),(0),(0),"[""アーティチョーク"",""アーティチョーク花"",""アーティチョーク花蕾"",""artichoke"",""チョウセンアザミ"",""朝鮮アザミ""]",アーティチョーク,花蕾・ゆで,Artichoke,"Flower Bud, Boiled",15.9,34,11008,"Artichokes, (globe or French), cooked, boiled, drained without salt",,,,,,FALSE,
06,06402,アイスプラント　生,96.2,0.5,0.3,0.8,1.4,5,18,24,380,260,11,0.2,0.2,0.03,0.83,4,Tr,-,-,0.5,0.02,0.05,0.2,0.05,-,24,0.1,"{""baseName"":""アイスプラント"",""state"":""生""}",葉物として安全でビタミンや食物繊維の供給源。,8,1,1,28,49,36,9.9,3.8,14,29,22,51,22,13,36,13,32,0.02,Tr,0,0,1,1,0,0,0,"[""アイスプラント"",""アイスプラント"",""ice plant""]",アイスプラント,生,Ice Plant,Raw,7.1,,,,168409,"Cucumber, with peel, raw",1.0930300276584932,,6,TRUE,野菜 > アイスプラント
06,06005,あしたば　茎葉　生,88.6,3.3,0.1,5.6,1.3,30,65,65,60,540,26,1.0,0.6,0.16,1.05,-,-,(0),(0),2.6,0.10,0.24,1.4,0.16,(0),100,0.92,"{""baseName"":""あしたば"",""part"":""茎葉"",""state"":""生""}",食用の葉茎類で有害情報は少なく野菜素材として利用可能である,7,1,0,(130),(230),(200),(47),(16),(63),(160),(91),(250),(140),(50),(190),(68),(140),,,,,,,,,,"[""あしたば"",""アシタバ"",""明日葉"",""茎葉"",""茎"",""葉"",""ashitaba""]",明日葉,茎葉・生,Ashitaba,"Stems & Leaves, Raw",16.25,,,,,,,,,TRUE,野菜 > 明日葉
06,06006,あしたば　茎葉　ゆで,89.5,2.9,0.1,5.3,0.9,28,58,51,43,390,20,0.5,0.3,0.13,0.92,-,-,(0),(0),2.7,0.07,0.16,0.8,0.10,(0),75,0.45,"{""baseName"":""あしたば"",""part"":""茎葉"",""state"":""ゆで""}",あしたばのゆでた茎葉は加熱済みの緑葉野菜で与えやすい素材。,8,1,0,(120),(200),(180),(41),(14),(55),(140),(80),(220),(120),(44),(170),(60),(120),,,,,,,,,,"[""あしたば"",""アシタバ"",""明日葉"",""茎葉"",""茎"",""葉"",""ashitaba""]",明日葉,茎葉・ゆで,Ashitaba,"Stems & Leaves, Boiled",15.55,,,,,,,,,TRUE,野菜 > 明日葉
06,06007,アスパラガス　若茎　生,92.6,2.6,0.2,1.8,0.7,21,19,60,2,270,9,0.7,0.5,0.10,0.19,1,0,(0),(0),1.5,0.14,0.15,1.0,0.12,(0),190,0.59,"{""baseName"":""アスパラガス"",""part"":""若茎"",""state"":""生""}",アスパラガスの若茎は低カロリーでビタミン類を含む安全な野菜素材である,8,1,1,76,130,130,31,29,60,74,61,140,88,26,110,45,120,(0.15),(0.08),(0.02),(0.07),(67),(17),(0),(0),(0),"[""アスパラガス"",""アスパラ"",""asparagus"",""若茎"",""茎""]",アスパラガス,若茎・生,Asparagus,"Young Shoot, Raw",18.15,16,11011,"Asparagus, raw",168390,"Asparagus, cooked, boiled, drained",0.7389236226029339,,26.1,TRUE,野菜 > アスパラガス
06,06008,アスパラガス　若茎　ゆで,92.0,2.6,0.1,2.1,0.7,25,19,61,2,260,12,0.6,0.6,0.13,0.23,-,-,(0),(0),1.6,0.14,0.14,1.1,0.08,(0),180,0.54,"{""baseName"":""アスパラガス"",""part"":""若茎"",""state"":""ゆで""}",ゆでたアスパラガスは消化しやすくビタミン・食物繊維の供給源として利用しやすい,8,1,1,(74),(130),(120),(31),(29),(60),(74),(59),(130),(82),(26),(110),(44),(120),(0.07),(0.05),(0.01),(0.03),(35),(13),(0),(0),(0),"[""アスパラガス"",""アスパラ"",""asparagus"",""若茎"",""茎""]",アスパラガス,若茎・ゆで,Asparagus,"Young Shoot, Boiled",18.7,26,11012,"Asparagus, cooked, boiled, drained",168390,"Asparagus, cooked, boiled, drained",1.350216902176502,,26.1,TRUE,野菜 > アスパラガス
06,06327,アスパラガス　若茎　油いため,88.3,2.9,3.9,2.1,0.8,54,21,66,3,310,10,0.7,0.5,0.11,0.22,-,-,(0),(0),2.0,0.15,0.17,1.2,0.11,(0),220,0.58,"{""baseName"":""アスパラガス"",""part"":""若茎"",""state"":""油いため""}",アスパラガスはビタミン・食物繊維の供給源。油炒めは脂質に配慮が必要。,7,1,1,(81),(140),(140),(34),(32),(66),(81),(65),(150),(90),(28),(120),(49),(130),(3.55),(1.06),(0.30),(0.75),(750),(300),(0),(0),(0),"[""アスパラガス"",""アスパラ"",""asparagus"",""若茎"",""茎""]",アスパラガス,若茎・油いため,Asparagus,"Young Shoot, Stir-fried",50.3,26,11012,"Asparagus, cooked, boiled, drained",168390,"Asparagus, cooked, boiled, drained",1.140707370838148,,26.1,TRUE,野菜 > アスパラガス
06,06009,アスパラガス　水煮缶詰,91.9,2.4,0.1,1.7,1.3,24,21,41,350,170,7,0.9,0.3,0.07,0.05,-,-,(0),(0),0.4,0.07,0.06,1.2,0.02,(0),15,0.12,"{""baseName"":""アスパラガス"",""state"":""水煮缶詰""}",湯煮されたアスパラガスの缶詰は加熱済みで消化しやすく、犬の素材として適している。,8,1,1,(68),(120),(110),(29),(26),(55),(68),(54),(120),(75),(24),(97),(41),(110),(0.07),(0.04),(Tr),(0.04),(41),(2),(0),(0),(0),"[""アスパラガス"",""アスパラ"",""アスパラ缶詰"",""缶詰"",""asparagus"",""canned asparagus""]",アスパラガス,水煮缶詰,Asparagus,Canned (Water‑packed),18.35,26,11012,"Asparagus, cooked, boiled, drained",169314,"Asparagus, canned, no salt added, solids and liquids",1.2937470854735589,,,TRUE,野菜 > アスパラガス
06,06010,いんげんまめ　さやいんげん　若ざや　生,92.2,1.8,0.1,2.4,0.8,23,50,41,1,260,23,0.7,0.3,0.06,0.33,Tr,0,(0),(0),0.2,0.06,0.11,0.6,0.07,(0),50,0.17,"{""baseName"":""いんげんまめ"",""variety"":""さやいんげん"",""part"":""若ざや"",""state"":""生""}",さやいんげんは低カロリーで食物繊維・ビタミンを含み、犬の素材として適している。,9,1,1,55,89,80,23,15,38,65,43,110,76,18,79,41,64,(0.08),(0.05),(0.03),(0.02),(20),(31),(0),(0),(0),"[""いんげんまめ"",""インゲンマメ"",""いんげん"",""インゲン"",""さやいんげん"",""サヤインゲン"",""green bean"",""string bean""]",さやいんげん,若ざや・生,Green Bean,"Young Pod, Raw",16.6,14,11061,"Beans, snap, green, frozen, cooked, boiled, drained without salt",169320,"Beans, snap, yellow, raw",0.7891774897124675,,15.3,TRUE,野菜 > インゲン
06,06011,いんげんまめ　さやいんげん　若ざや　ゆで,91.7,1.8,0.2,3.9,0.8,24,53,43,1,270,22,0.7,0.3,0.06,0.34,Tr,0,(0),(0),0.2,0.06,0.10,0.5,0.07,(0),53,0.16,"{""baseName"":""いんげんまめ"",""variety"":""さやいんげん"",""part"":""若ざや"",""state"":""ゆで""}",ゆでたいんげんは低アレルギーで繊維質もあり犬に適した野菜素材。,8,1,1,(54),(88),(79),(23),(15),(37),(65),(41),(110),(70),(18),(77),(41),(63),(0.16),(0.10),(0.06),(0.04),(40),(64),(0),(0),(0),"[""いんげんまめ"",""インゲンマメ"",""いんげん"",""インゲン"",""さやいんげん"",""サヤインゲン"",""green bean"",""string bean""]",さやいんげん,若ざや・ゆで,Green Bean,"Young Pod, Boiled",13.6,14,11061,"Beans, snap, green, frozen, cooked, boiled, drained without salt",169141,"Beans, snap, green, cooked, boiled, drained, without salt",0.6860067375266627,,16.9,TRUE,野菜 > インゲン
06,06012,（うど類）　うど　茎　生,94.4,0.8,0.1,1.4,0.4,19,7,25,Tr,220,9,0.2,0.1,0.05,0.04,Tr,0,(0),(0),0.2,0.02,0.01,0.5,0.04,(0),19,0.12,"{""baseName"":""うど"",""part"":""茎"",""state"":""生"",""notes"":[""うど類""]}",茎菜類で食物繊維が豊富。適量であれば犬の素材として使いやすい。,7,1,0,(33),(48),(43),(7.3),(6.6),(14),(30),(25),(55),(35),(11),(49),(20),(28),,,,,,,,,,"[""うど"",""ウド"",""独活"",""茎"",""茎部"",""udo""]",うど,茎・生,Udo,"Stem, Raw",13.8,,,,,,,,,FALSE,
06,06013,（うど類）　うど　茎　水さらし,95.7,0.6,0,1.6,0.3,13,6,23,Tr,200,8,0.1,0.1,0.04,0.03,-,-,(0),(0),0.1,0.01,0.02,0.5,0.03,(0),19,0.08,"{""baseName"":""うど"",""variety"":""水さらし"",""part"":""茎"",""notes"":[""うど類""]}",茎の可食部で食物繊維が豊富、犬のレシピ素材として問題ない野菜素材。,8,1,0,(25),(36),(32),(5.5),(5.0),(10),(23),(19),(41),(27),(8.6),(37),(15),(21),,,,,,,,,,"[""うど"",""ウド"",""独活"",""茎"",""茎部"",""udo""]",うど,茎・水さらし,Udo,"Stem, Soaked",8.4,,,,,,,,,FALSE,
06,06014,（うど類）　やまうど　茎　生,93.9,1.1,0.1,1.8,0.6,19,11,31,1,270,13,0.3,0.2,0.06,0.09,-,-,(0),(0),0.2,0.03,0.02,0.5,0.05,(0),20,0.13,"{""baseName"":""やまうど"",""part"":""茎"",""state"":""生"",""notes"":[""うど類""]}",やまうどの茎は山菜として風味付けに使えるが独特の成分に注意,7,1,0,(45),(66),(59),(10),(9.1),(19),(41),(34),(76),(49),(16),(67),(27),(38),,,,,,,,,,"[""やまうど"",""山うど"",""ヤマウド"",""うど"",""ウド"",""独活"",""udo""]",山うど,茎・生,Mountain Udo,"Stem, Raw",13.45,,,,,,,,,FALSE,
06,06363,うるい　葉　生,92.8,1.9,0.4,3.3,0.9,19,40,52,1,390,14,0.5,0.5,0.09,0.79,1,1,(0),(0),1.3,0.09,0.12,0.5,0.10,(0),120,0.31,"{""baseName"":""うるい"",""part"":""葉"",""state"":""生""}",うるいの葉は一般的な食用山菜で、葉物野菜として犬に与えやすい,8,1,1,74,130,110,31,26,56,78,63,140,85,28,98,41,100,0.21,0.14,0.07,0.08,75,65,0,0,0,"[""うるい"",""ウルイ"",""うるい葉"",""ウルイ 葉"",""urui""]",うるい,葉・生,Urui,"Leaves, Raw",12.5,,,,,,,,,TRUE,野菜 > うるい
06,06015,えだまめ　生,71.7,11.7,6.2,5.0,1.6,125,58,170,1,590,62,2.7,1.4,0.41,0.71,0,1,(0),(0),0.8,0.31,0.15,1.6,0.15,(0),320,0.53,"{""baseName"":""えだまめ"",""state"":""生""}",枝豆は植物性タンパク源として問題ないが、生のままでは消化しにくい場合がある（さやは廃棄）。,8,1,1,540,900,740,160,180,340,610,400,1000,490,160,570,340,860,5.49,2.77,0.52,2.25,2200,520,0,0,0,"[""えだまめ"",""枝豆"",""エダマメ"",""edamame"",""大豆"",""soybean""]",枝豆,生,Edamame,Raw,106.95,56,11211,"Edamame, frozen, unprepared",168410,"Edamame, frozen, unprepared",1.0701920754914591,,56,TRUE,野菜 > えだまめ
06,06016,えだまめ　ゆで,72.1,11.5,6.1,4.6,1.4,118,76,170,2,490,72,2.5,1.3,0.36,0.74,-,-,(0),(0),0.6,0.24,0.13,1.0,0.08,(0),260,0.45,"{""baseName"":""えだまめ"",""state"":""ゆで""}",えだまめ（ゆで）は大豆由来のたんぱく質源で加熱済みのため与えやすい,7,1,1,(510),(870),(720),(160),(170),(330),(590),(380),(980),(450),(150),(540),(330),(830),5.58,2.82,0.54,2.28,2300,540,0,0,0,"[""えだまめ"",""枝豆"",""エダマメ"",""edamame"",""大豆"",""soybean""]",枝豆,ゆで,Edamame,Boiled,107.15,56,11212,"Edamame, frozen, prepared",169283,"Soybeans, green, cooked, boiled, drained, without salt",1.030214475503025,,,TRUE,野菜 > えだまめ
06,06017,えだまめ　冷凍,67.1,13.0,7.6,7.3,1.7,143,76,190,5,650,76,2.5,1.4,0.42,1.12,2,2,(0),(0),1.2,0.28,0.13,1.6,0.14,(0),310,0.51,"{""baseName"":""えだまめ"",""state"":""冷凍""}",冷凍えだまめは加熱して与えれば豆類として利用可能だが、さやは除去すること,7,1,1,(580),(990),(820),(180),(190),(370),(670),(430),(1100),(510),(170),(610),(370),(940),6.87,3.34,0.50,2.85,2800,500,0,0,0,"[""えだまめ"",""枝豆"",""エダマメ"",""edamame"",""大豆"",""soybean""]",枝豆,冷凍,Edamame,Frozen,121.65,56,11211,"Edamame, frozen, unprepared",168411,"Edamame, frozen, prepared",0.6956925235040713,,56.3,TRUE,野菜 > えだまめ
06,06018,エンダイブ　葉　生,94.6,1.2,0.2,2.2,0.9,14,51,30,35,270,19,0.6,0.4,0.05,1.10,-,-,(0),(0),0.8,0.06,0.08,0.3,0.08,(0),90,0.16,"{""baseName"":""エンダイブ"",""part"":""葉"",""state"":""生""}",エンダイブは葉野菜でビタミン・繊維があり犬のレシピ素材として適している。,9,1,1,(69),(94),(60),(13),(9.6),(23),(51),(38),(89),(48),(4.8),(60),(22),(60),(0.14),(0.09),(0.01),(0.08),(75),(13),(0),(0),(0),"[""エンダイブ"",""えんだいぶ"",""オンダイヴ"",""アンディーブ"",""チコリ"",""ちこり"",""endive"",""葉"",""は"",""葉野菜""]",エンダイブ,,Endive,,9.05,,,,168413,"Escarole, cooked, boiled, drained, no salt added",0.9001720277269953,,15.4,FALSE,
06,06019,（えんどう類）　トウミョウ　茎葉　生,90.9,3.8,0.4,3.3,1.0,28,34,61,7,350,22,1.0,0.4,0.08,1.11,-,-,(0),(0),3.3,0.24,0.27,1.1,0.19,(0),91,0.80,"{""baseName"":""トウミョウ"",""part"":""茎葉"",""state"":""生"",""notes"":[""えんどう類""]}",トウミョウ（豆苗）は葉茎類の野菜でビタミン・食物繊維源として犬に適している。,8,1,0,(100),(150),(160),(30),(26),(56),(95),(66),(160),(130),(31),(150),(52),(120),,,,,,,,,,"[""豆苗"",""トウミョウ"",""とうみょう"",""pea shoots"",""pea sprouts"",""えんどう"",""茎葉"",""茎"",""葉""]",豆苗,茎葉・生,Pea shoots,"Stems & leaves, Raw",18.8,,,,,,,,,TRUE,野菜 > 豆苗
06,06329,（えんどう類）　トウミョウ　芽ばえ　生,92.2,3.8,0.4,2.2,0.4,27,7,47,1,130,13,0.8,0.5,0.10,0.23,-,-,(0),(0),1.6,0.17,0.21,0.8,0.15,(0),120,0.39,"{""baseName"":""トウミョウ"",""part"":""芽ばえ"",""state"":""生"",""notes"":[""えんどう類""]}",トウミョウ（芽苗）は若菜でビタミンや食物繊維があり犬にとって安全な素材である,8,1,0,(100),(150),(160),(30),(26),(56),(95),(66),(160),(130),(31),(150),(52),(120),,,,,,,,,,"[""豆苗"",""トウミョウ"",""とうみょう"",""pea shoots"",""pea sprouts"",""えんどう"",""芽"",""芽ばえ"",""めばえ""]",豆苗,芽ばえ・生,Pea sprouts,"Sprouted, Raw",20.2,,,,169957,"Mung beans, mature seeds, sprouted, raw",1.39895357438513,,14.4,TRUE,野菜 > 豆苗
06,06330,（えんどう類）　トウミョウ　芽ばえ　ゆで,91.7,3.6,0.6,3.5,0.3,28,8,41,1,73,13,0.9,0.3,0.09,0.25,-,-,(0),(0),3.2,0.10,0.08,0.3,0.07,(0),51,0.27,"{""baseName"":""トウミョウ"",""part"":""芽ばえ"",""state"":""ゆで"",""notes"":[""えんどう類""]}",トウミョウ（ゆで）は軟らかい野菜素材で消化性が良く使用しやすい。,8,1,0,(99),(140),(150),(29),(25),(54),(91),(64),(150),(130),(30),(140),(50),(120),,,,,,,,,,"[""豆苗"",""トウミョウ"",""とうみょう"",""pea shoots"",""pea sprouts"",""えんどう"",""芽"",""芽ばえ"",""めばえ""]",豆苗,芽ばえ・ゆで,Pea sprouts,"Sprouted, Boiled",18.75,,,,169137,,,,9.9,TRUE,野菜 > 豆苗
06,06331,（えんどう類）　トウミョウ　芽ばえ　油いため,84.3,5.0,5.9,3.0,0.5,84,8,62,2,170,17,1.0,0.6,0.13,0.29,-,-,(0),(0),3.7,0.21,0.26,1.1,0.18,(0),180,0.60,"{""baseName"":""トウミョウ"",""part"":""芽ばえ"",""state"":""油いため"",""notes"":[""えんどう類""]}",芽菜の加熱調理品で消化しやすく犬の素材として利用可能。,8,1,0,(140),(190),(210),(40),(33),(73),(120),(87),(210),(170),(41),(200),(69),(160),,,,,,,,,,"[""豆苗"",""トウミョウ"",""とうみょう"",""pea shoots"",""pea sprouts"",""えんどう"",""芽"",""芽ばえ"",""めばえ""]",豆苗,芽ばえ・油いため,Pea sprouts,"Sprouted, Stir-fried",72.2,,,,169957,"Mung beans, mature seeds, sprouted, raw",1.5492003475299205,,14.4,TRUE,野菜 > 豆苗
06,06020,（えんどう類）　さやえんどう　若ざや　生,88.6,3.1,0.2,3.0,0.6,38,35,63,1,200,24,0.9,0.6,0.10,0.40,Tr,0,(0),(0),0.7,0.15,0.11,0.8,0.08,(0),73,0.56,"{""baseName"":""さやえんどう"",""part"":""若ざや"",""state"":""生"",""notes"":[""えんどう類""]}",さやえんどうはビタミンや食物繊維が豊富で犬のレシピ素材に適する,9,1,1,84,120,130,25,21,46,77,54,130,110,26,120,43,100,(0.15),(0.09),(0.01),(0.08),(75),(13),(0),(0),(0),"[""さやえんどう"",""サヤエンドウ"",""さやえんどう"",""絹さや"",""きぬさや"",""snow pea"",""えんどう"",""若さや"",""若ざや""]",さやえんどう,若ざや・生,Snow pea,"Young pods, Raw",28.3,,,,169961,"Beans, snap, green, raw",0.967710786331319,,15.3,TRUE,野菜 > さやえんどう
06,06021,（えんどう類）　さやえんどう　若ざや　ゆで,89.1,3.2,0.2,3.1,0.5,36,36,61,1,160,23,0.8,0.6,0.09,0.39,-,-,(0),(0),0.7,0.14,0.10,0.6,0.06,(0),56,0.47,"{""baseName"":""さやえんどう"",""part"":""若ざや"",""state"":""ゆで"",""notes"":[""えんどう類""]}",ゆでたさやえんどうは低脂肪で食物繊維があり犬のレシピ素材として適している,8,1,1,(85),(120),(130),(25),(21),(47),(79),(54),(130),(100),(26),(120),(44),(100),(0.15),(0.09),(0.01),(0.08),(75),(13),(0),(0),(0),"[""さやえんどう"",""サヤエンドウ"",""さやえんどう"",""絹さや"",""きぬさや"",""snow pea"",""えんどう"",""若さや"",""若ざや""]",さやえんどう,若ざや・ゆで,Snow pea,"Young pods, Boiled",26.55,,,,169962,"Beans, snap, green, frozen, all styles, unprepared (Includes foods for USDA's Food Distribution Program)",0.9515749289228206,,,TRUE,野菜 > さやえんどう
06,06022,（えんどう類）　スナップえんどう　若ざや　生,86.6,2.9,0.1,2.5,0.5,47,32,62,1,160,21,0.6,0.4,0.08,0.22,-,-,(0),(0),0.4,0.13,0.09,0.7,0.09,(0),53,0.22,"{""baseName"":""スナップえんどう"",""part"":""若ざや"",""state"":""生"",""notes"":[""えんどう類""]}",スナップえんどうはビタミンや食物繊維があり与えやすい野菜類,8,1,1,(77),(110),(120),(23),(19),(42),(72),(49),(120),(93),(24),(110),(40),(93),(0.07),(0.04),(0.01),(0.04),(38),(7),(0),(0),(0),"[""スナップえんどう"",""スナップエンドウ"",""すなっぷえんどう"",""snap pea"",""スナップピー"",""えんどう"",""若さや"",""若ざや""]",スナップえんどう,若ざや・生,Snap pea,"Young pods, Raw",36.9,,,,169320,"Beans, snap, yellow, raw",1.1160251838633757,,15.3,TRUE,野菜 > スナップエンドウ
06,06023,（えんどう類）　グリンピース　生,76.5,6.9,0.4,7.7,0.9,76,23,120,1,340,37,1.7,1.2,0.19,0.48,0,1,(0),(0),0.1,0.39,0.16,2.7,0.15,(0),76,0.63,"{""baseName"":""グリンピース"",""state"":""生"",""notes"":[""えんどう類""]}",ビタミンや食物繊維が豊富で犬に与えやすい野菜素材。,8,1,1,260,460,450,57,71,130,320,180,500,270,57,300,140,660,0.16,0.08,0.01,0.07,69,12,0,-,0,"[""グリンピース"",""グリーンピース"",""ぐりんぴーす"",""green peas"",""えんどう豆"",""えんどう"",""エンドウマメ"",""えんどうまめ""]",グリンピース,生,Green peas,Raw,54.15,28,11313,"Peas, green, frozen, cooked, boiled, drained without salt",170419,"Peas, green, raw",0.5267166806740297,,28.4,FALSE,
06,06024,（えんどう類）　グリンピース　ゆで,72.2,8.3,0.2,8.6,0.8,99,32,80,3,340,39,2.2,1.2,0.19,0.68,-,-,(0),(0),0.1,0.29,0.14,2.2,0.09,(0),70,0.54,"{""baseName"":""グリンピース"",""state"":""ゆで"",""notes"":[""えんどう類""]}",加熱済みのグリンピースは消化しやすくビタミン・食物繊維を含む安全な素材,9,1,1,(300),(540),(530),(68),(85),(150),(380),(210),(590),(300),(68),(350),(170),(780),(0.08),(0.04),(0.01),(0.03),(35),(6),(0),-,(0),"[""グリンピース"",""グリーンピース"",""ぐりんぴーす"",""green peas"",""えんどう豆"",""えんどう"",""エンドウマメ"",""えんどうまめ""]",グリンピース,ゆで,Green peas,Boiled,65.4,28,11313,"Peas, green, frozen, cooked, boiled, drained without salt",170420,"Peas, green, cooked, boiled, drained, without salt",0.6971649111212271,,29.7,FALSE,
06,06025,（えんどう類）　グリンピース　冷凍,75.7,5.8,0.7,9.3,0.8,80,27,110,9,240,31,1.6,1.0,0.17,0.38,0,1,(0),(0),Tr,0.29,0.11,2.1,0.09,0,77,0.39,"{""baseName"":""グリンピース"",""state"":""冷凍"",""notes"":[""えんどう類""]}",グリンピースは安全な野菜で犬のレシピ素材として適する,8,1,1,230,400,390,55,58,110,250,160,420,250,52,270,120,570,0.45,0.25,0.04,0.21,210,37,0,0,0,"[""グリンピース"",""グリーンピース"",""ぐりんぴーす"",""green peas"",""えんどう豆"",""えんどう"",""エンドウマメ"",""えんどうまめ""]",グリンピース,冷凍,Green peas,Frozen,53.2,28,11313,"Peas, green, frozen, cooked, boiled, drained without salt",170016,"Peas, green, frozen, unprepared (Includes foods for USDA's Food Distribution Program)",0.6364033116303817,,27,FALSE,
06,06374,（えんどう類）　グリンピース　冷凍　ゆで,74.6,6.2,0.7,10.3,0.7,82,29,110,8,210,32,1.7,1.0,0.16,0.39,0,1,(0),(0),Tr,0.27,0.09,2.0,0.08,0,68,0.36,"{""baseName"":""グリンピース"",""state"":""ゆで"",""notes"":[""えんどう類""]}",グリンピース（加熱済）は安全な野菜性素材でビタミン・食物繊維供給源として使える,8,1,1,260,430,420,61,62,120,280,180,460,260,57,300,140,600,0.47,0.26,0.04,0.22,220,41,0,0,0,"[""グリンピース"",""グリーンピース"",""ぐりんぴーす"",""green peas"",""えんどう豆"",""えんどう"",""エンドウマメ"",""えんどうまめ""]",グリンピース,冷凍・ゆで,Green peas,"Frozen, Boiled",53.9,28,11313,"Peas, green, frozen, cooked, boiled, drained without salt",170017,"Peas, green, frozen, cooked, boiled, drained, without salt",0.9087275510674314,,27.5,FALSE,
06,06375,（えんどう類）　グリンピース　冷凍　油いため,70.1,6.3,4.6,9.3,0.8,114,28,110,10,260,33,1.7,1.0,0.18,0.41,0,1,(0),(0),0.8,0.31,0.12,2.1,0.09,0,81,0.48,"{""baseName"":""グリンピース"",""state"":""油いため"",""notes"":[""えんどう類""]}",グリンピースは良質な植物性タンパク・食物繊維源で、油いための調理済みでも素材として使える,8,1,1,250,430,420,61,65,130,270,180,450,270,55,300,130,610,3.85,1.19,0.33,0.87,860,330,0,0,0,"[""グリンピース"",""グリーンピース"",""ぐりんぴーす"",""green peas"",""えんどう豆"",""えんどう"",""エンドウマメ"",""えんどうまめ""]",グリンピース,冷凍・油いため,Green peas,"Frozen, Stir-fried",92.3,28,11313,"Peas, green, frozen, cooked, boiled, drained without salt",170420,"Peas, green, cooked, boiled, drained, without salt",1.0483903386934739,,29.7,FALSE,
06,06026,（えんどう類）　グリンピース　水煮缶詰,74.9,3.6,0.4,6.9,1.4,82,33,82,330,37,18,1.8,0.6,0.15,0.30,-,-,(0),(0),0,0.04,0.04,1.2,0.02,(0),10,0.69,"{""baseName"":""グリンピース"",""state"":""水煮缶詰"",""notes"":[""えんどう類""]}",水煮缶詰のグリンピースは加熱済みで繊維・炭水化物源として使用可能,8,1,1,(130),(240),(230),(29),(37),(66),(160),(90),(250),(130),(29),(150),(75),(340),(0.22),(0.13),(0.02),(0.11),(110),(20),(0),(0),(0),"[""グリンピース"",""グリーンピース"",""ぐりんぴーす"",""green peas"",""えんどう豆"",""えんどう"",""エンドウマメ"",""えんどうまめ""]",グリンピース,水煮缶詰,Green peas,Canned (in water),60.8,28,11313,"Peas, green, frozen, cooked, boiled, drained without salt",170421,"Peas, green, canned, regular pack, solids and liquids",1.2016277793445274,,20,FALSE,
06,06027,おおさかしろな　葉　生,94.9,1.4,0.2,1.8,1.0,12,150,52,22,400,21,1.2,0.5,0.06,0.29,-,-,(0),(0),1.2,0.06,0.18,0.7,0.13,(0),150,0.24,"{""baseName"":""おおさかしろな"",""part"":""葉"",""state"":""生""}",葉物野菜でビタミン・ミネラル源として適している。,8,1,1,(45),(76),(76),(17),(17),(34),(45),(37),(82),(53),(15),(64),(29),(69),(0.08),(0.05),(0.05),(0.01),(5),(48),(0),-,(0),"[""おおさかしろな"",""大阪しろ菜"",""オオサカシロナ"",""しろな"",""シロナ"",""葉"",""葉野菜"",""野菜""]",おおさかしろな,葉・生,Osaka shirona,"Leaves, Raw",9.05,,,,170061,"Turnip greens, raw",1.1077066487783302,,,FALSE,
06,06028,おおさかしろな　葉　ゆで,94.0,1.6,0.3,2.2,0.8,16,140,46,20,240,15,1.0,0.5,0.05,0.29,-,-,(0),(0),1.9,0.03,0.09,0.3,0.07,(0),86,0.12,"{""baseName"":""おおさかしろな"",""part"":""葉"",""state"":""ゆで""}",ゆでた葉物（おおさかしろな）は調理済みの野菜で犬のレシピ素材として適する。,9,1,1,(51),(87),(87),(20),(19),(39),(52),(42),(94),(60),(17),(73),(33),(79),(0.12),(0.08),(0.07),(0.01),(8),(72),(0),-,(0),"[""おおさかしろな"",""大阪しろ菜"",""オオサカシロナ"",""しろな"",""シロナ"",""葉"",""葉野菜"",""野菜""]",おおさかしろな,葉・ゆで,Osaka shirona,"Leaves, Boiled",12,,,,169257,"Mustard greens, cooked, boiled, drained, without salt",1.2176342192964873,,0.4,FALSE,
06,06030,おかひじき　茎葉　生,92.5,1.4,0.2,2.5,2.0,16,150,40,56,680,51,1.3,0.6,0.10,0.66,-,-,(0),(0),1.0,0.06,0.13,0.5,0.04,(0),93,0.22,"{""baseName"":""おかひじき"",""part"":""茎葉"",""state"":""生""}",緑葉の野菜に相当しビタミン・ミネラルが豊富で素材として適する,8,0,0,,,,,,,,,,,,,,,,,,,,,,,,"[""おかひじき"",""オカヒジキ"",""okahijiki"",""オカヒジキ"",""茎葉"",""茎"",""葉"",""葉野菜""]",おかひじき,茎葉・生,Okahijiki,"Stems & leaves, Raw",11.5,,,,168440,"New Zealand spinach, raw",0.9592328653834834,,,TRUE,野菜 > おかひじき
06,06031,おかひじき　茎葉　ゆで,92.9,1.2,0.1,2.7,1.6,16,150,34,66,510,48,0.9,0.6,0.10,0.59,-,-,(0),(0),1.0,0.04,0.10,0.4,0.03,(0),85,0.22,"{""baseName"":""おかひじき"",""part"":""茎葉"",""state"":""ゆで""}",ゆでたおかひじきは海藻様の野菜で調理済みのため扱いやすく利用可能。,8,0,0,,,,,,,,,,,,,,,,,,,,,,,,"[""おかひじき"",""オカヒジキ"",""okahijiki"",""オカヒジキ"",""茎葉"",""茎"",""葉"",""葉野菜""]",おかひじき,茎葉・ゆで,Okahijiki,"Stems & leaves, Boiled",10.3,,,,168441,"New Zealand spinach, cooked, boiled, drained, without salt",1.2521063260866552,,,TRUE,野菜 > おかひじき
06,06032,オクラ　果実　生,90.2,2.1,0.2,5.0,0.9,26,92,58,4,280,51,0.5,0.6,0.13,0.48,Tr,0,(0),(0),1.2,0.09,0.09,0.8,0.1,(0),110,0.42,"{""baseName"":""オクラ"",""part"":""果実"",""state"":""生""}",オクラの果実は犬に与えて問題ない野菜でレシピ素材として適する。,8,1,1,61,99,90,27,20,47,69,49,120,70,26,80,40,130,(0.07),(0.03),(Tr),(0.03),(27),(1),(0),(0),(0),"[""オクラ"",""おくら"",""オクラ"",""okra"",""秋葵"",""果実"",""さや"",""野菜""]",オクラ,生,Okra,Raw,14.65,,,,169262,"Okra, frozen, unprepared",0.5384764643089519,,11.4,TRUE,野菜 > オクラ
06,06033,オクラ　果実　ゆで,89.4,2.1,0.1,5.4,0.8,25,90,56,4,280,51,0.5,0.5,0.11,0.48,0,0,(0),(0),1.2,0.09,0.09,0.8,0.08,(0),110,0.42,"{""baseName"":""オクラ"",""part"":""果実"",""state"":""ゆで""}",ゆでオクラは消化に良い野菜で、食物繊維やビタミン源として使いやすい。,9,1,1,(59),(98),(89),(27),(20),(47),(68),(47),(120),(65),(26),(78),(40),(120),(0.06),(0.02),(0),(0.02),(21),(Tr),(0),(0),(0),"[""オクラ"",""おくら"",""オクラ"",""okra"",""秋葵"",""果実"",""さや"",""野菜""]",オクラ,ゆで,Okra,Boiled,15.9,,,,,,,,,TRUE,野菜 > オクラ
06,06034,かぶ　葉　生,92.3,2.3,0.1,2.9,1.4,20,250,42,24,330,25,2.1,0.3,0.10,0.64,6,3,(0),(0),3.1,0.08,0.16,0.9,0.16,(0),110,0.36,"{""baseName"":""かぶ"",""part"":""葉"",""state"":""生""}",かぶの葉は野菜の葉部でビタミンや食物繊維を含み、犬に与えて問題のない素材である。,8,1,1,(100),(180),(140),(29),(19),(48),(130),(80),(210),(110),(50),(140),(57),(150),(0.05),(0.04),(0.03),(Tr),(4),(28),(0),-,(0),"[""かぶ"",""カブ"",""蕪"",""おおぶ? no"",""かぶの葉"",""カブの葉"",""蕪の葉"",""葉"",""はっぱ"",""turnip"",""turnip greens"",""turnip leaves""]",かぶの葉,生,Turnip Greens,Raw,12.4,,,,169891,"Cabbage, mustard, salted",1.4217726383214198,,21.5,TRUE,野菜 > カブ
06,06035,かぶ　葉　ゆで,92.2,2.3,0.1,3.7,0.9,20,190,47,18,180,14,1.5,0.2,0.08,0.41,-,-,(0),(0),3.3,0.02,0.05,0.2,0.14,(0),66,0.24,"{""baseName"":""かぶ"",""part"":""葉"",""state"":""ゆで""}",かぶの葉は葉物野菜として利用でき、茹でて消化が良くなっている,8,1,1,(100),(180),(140),(29),(19),(48),(130),(80),(210),(110),(50),(140),(57),(150),(0.05),(0.04),(0.03),(Tr),(4),(28),(0),-,(0),"[""かぶ"",""カブ"",""蕪"",""かぶの葉"",""カブの葉"",""蕪の葉"",""葉"",""はっぱ"",""turnip"",""turnip greens"",""turnip leaves""]",かぶの葉,ゆで,Turnip Greens,Boiled,11.7,,,,169890,"Cabbage, japanese style, fresh, pickled",1.4772326131985323,,23.5,TRUE,野菜 > カブ
06,06036,かぶ　根　皮つき　生,93.9,0.7,0.1,1.5,0.6,18,24,28,5,280,8,0.3,0.1,0.03,0.06,-,-,(0),(0),0,0.03,0.03,0.6,0.08,(0),48,0.25,"{""baseName"":""かぶ"",""part"":""根"",""formModifiers"":[""皮つき""],""state"":""生""}",かぶの根は根菜で消化に優れ犬のレシピ素材として適している,8,1,1,27,45,50,9.4,11,20,28,23,51,35,9.5,40,18,30,(0.07),(0.05),(0.04),(0.01),(12),(40),(0),(0),(0),"[""かぶ"",""カブ"",""蕪"",""かぶの根"",""カブの根"",""蕪の根"",""根"",""根っこ"",""turnip"",""turnip root""]",かぶ,根・皮つき・生,Turnip,"Root, Skin-on, Raw",14.5,,,,170058,"Turnips, cooked, boiled, drained, without salt",0.8471540658805036,,8.7,TRUE,野菜 > カブ
06,06037,かぶ　根　皮つき　ゆで,93.8,0.7,0.1,1.8,0.6,18,28,32,6,310,10,0.3,0.1,0.03,0.07,-,-,(0),(0),0,0.03,0.03,0.6,0.05,(0),49,0.22,"{""baseName"":""かぶ"",""part"":""根"",""formModifiers"":[""皮つき""],""state"":""ゆで""}",ゆでたかぶは消化に良い根菜で犬のレシピ素材として適している,8,1,1,(27),(45),(49),(9.3),(11),(20),(28),(22),(50),(32),(9.4),(39),(18),(30),(0.07),(0.05),(0.04),(0.01),(11),(40),(0),(0),(0),"[""かぶ"",""カブ"",""蕪"",""かぶの根"",""カブの根"",""蕪の根"",""根"",""根っこ"",""turnip"",""turnip root""]",かぶ,根・皮つき・ゆで,Turnip,"Root, Skin-on, Boiled",13.8,,,,170058,"Turnips, cooked, boiled, drained, without salt",0.7958404209535872,,8.7,TRUE,野菜 > カブ
06,06038,かぶ　根　皮なし　生,93.9,0.6,0.1,1.4,0.5,19,24,25,5,250,8,0.2,0.1,0.03,0.05,0,0,(0),(0),0,0.03,0.03,0.6,0.07,(0),49,0.23,"{""baseName"":""かぶ"",""part"":""根"",""formModifiers"":[""皮なし""],""state"":""生""}",かぶ（根）は犬に与えて問題のない野菜で素材として適切。,8,1,1,24,40,43,8.7,9.4,18,24,20,45,31,7.7,36,16,27,(0.07),(0.05),(0.04),(0.01),(12),(40),(0),(0),(0),"[""かぶ"",""カブ"",""蕪"",""かぶの根"",""カブの根"",""蕪の根"",""根"",""根っこ"",""turnip"",""turnip root""]",かぶ,根・皮なし・生,Turnip,"Root, Peeled, Raw",15.2,,,,170058,"Turnips, cooked, boiled, drained, without salt",0.7730297536317733,,8.7,TRUE,野菜 > カブ
06,06039,かぶ　根　皮なし　ゆで,93.7,0.6,0.1,1.7,0.5,20,28,26,4,250,9,0.2,0.1,0.02,-,-,-,(0),(0),0,0.03,0.03,0.5,0.06,(0),56,0.21,"{""baseName"":""かぶ"",""part"":""根"",""formModifiers"":[""皮なし""],""state"":""ゆで""}",ゆでたかぶの根は消化しやすい野菜で犬のレシピ素材に適する。,9,1,1,(24),(39),(42),(8.6),(9.3),(18),(24),(20),(44),(29),(7.7),(35),(15),(26),(0.07),(0.05),(0.04),(0.01),(11),(40),(0),(0),(0),"[""かぶ"",""カブ"",""蕪"",""かぶの根"",""カブの根"",""蕪の根"",""根"",""根っこ"",""turnip"",""turnip root""]",かぶ,根・皮なし・ゆで,Turnip,"Root, Peeled, Boiled",14.85,,,,170058,"Turnips, cooked, boiled, drained, without salt",0.6176951599758544,,8.7,TRUE,野菜 > カブ
06,06046,（かぼちゃ類）　日本かぼちゃ　果実　生,86.7,1.6,0.1,2.8,0.7,41,20,55,1,420,15,0.5,0.3,0.08,0.08,Tr,0,0,(0),2.2,0.08,0.05,0.9,0.15,(0),80,0.5,"{""baseName"":""日本かぼちゃ"",""part"":""果実"",""state"":""生"",""notes"":[""かぼちゃ類""]}",かぼちゃの果肉は消化に良く、犬に適した野菜素材である。,9,1,1,54,84,81,22,19,42,58,47,110,48,21,71,32,57,0.04,0.03,0.02,0.01,7,19,0,-,0,"[""日本かぼちゃ"",""にほんかぼちゃ"",""ニホンカボチャ"",""かぼちゃ"",""カボチャ"",""南瓜"",""kabocha"",""Japanese pumpkin"",""pumpkin""]",日本かぼちゃ,生,Japanese Pumpkin,Raw,34.8,11,11644,"Squash, winter, all varieties, cooked, baked without salt",168469,"Squash, summer, zucchini, includes skin, frozen, unprepared",0.9897677466594442,,,TRUE,野菜 > かぼちゃ
06,06047,（かぼちゃ類）　日本かぼちゃ　果実　ゆで,84,1.9,0.1,3.0,0.7,55,18,45,1,350,15,0.5,0.2,0.07,0.08,0,0,(0),(0),2.1,0.06,0.03,0.7,0.12,(0),75,0.50,"{""baseName"":""日本かぼちゃ"",""part"":""果実"",""state"":""ゆで"",""notes"":[""かぼちゃ類""]}",日本かぼちゃは消化に良い食物繊維やビタミンがあり犬に適した素材である,9,1,1,(63),(99),(95),(26),(23),(49),(68),(54),(120),(53),(24),(82),(38),(67),(0.04),(0.03),(0.02),(0.01),(7),(19),(0),-,(0),"[""日本かぼちゃ"",""にほんかぼちゃ"",""ニホンカボチャ"",""かぼちゃ"",""カボチャ"",""南瓜"",""kabocha"",""Japanese pumpkin"",""pumpkin""]",日本かぼちゃ,ゆで,Japanese Pumpkin,Boiled,43.55,11,11644,"Squash, winter, all varieties, cooked, baked without salt",168470,"Squash, summer, zucchini, includes skin, frozen, cooked, boiled, drained, without salt",0.9372392712979603,,9.4,TRUE,野菜 > かぼちゃ
06,06048,（かぼちゃ類）　西洋かぼちゃ　果実　生,76.2,1.9,0.3,3.5,1.0,78,22,48,1,430,25,0.4,0.3,0.07,0.07,Tr,0,(0),(0),3.9,0.07,0.08,1.4,0.23,(0),42,0.62,"{""baseName"":""西洋かぼちゃ"",""part"":""果実"",""state"":""生"",""notes"":[""かぼちゃ類""]}",西洋かぼちゃの果実は消化しやすくビタミンや食物繊維が豊富で犬に適した素材である,8,1,1,55,96,92,24,24,49,81,43,120,56,22,69,37,120,0.16,0.06,0.02,0.04,37,23,0,-,0,"[""西洋かぼちゃ"",""せいようかぼちゃ"",""セイヨウカボチャ"",""かぼちゃ"",""カボチャ"",""南瓜"",""pumpkin"",""squash""]",西洋かぼちゃ,生,Western Pumpkin,Raw,69.05,11,11644,"Squash, winter, all varieties, cooked, baked without salt",169291,"Squash, summer, zucchini, includes skin, raw",0.9799218412691036,,9.5,TRUE,野菜 > かぼちゃ
06,06049,（かぼちゃ類）　西洋かぼちゃ　果実　ゆで,75.7,1.6,0.3,4.1,1.1,80,22,37,1,340,24,0.3,0.3,0.07,0.07,Tr,0,(0),(0),3.4,0.04,0.06,1.1,0.18,(0),38,0.62,"{""baseName"":""西洋かぼちゃ"",""part"":""果実"",""state"":""ゆで"",""notes"":[""かぼちゃ類""]}",ゆでた西洋かぼちゃは消化が良く、ビタミンや食物繊維が豊富で犬に適した素材。,9,1,1,(45),(80),(77),(20),(20),(41),(68),(35),(100),(44),(18),(57),(31),(96),(0.16),(0.06),(0.02),(0.04),(37),(23),(0),-,(0),"[""西洋かぼちゃ"",""せいようかぼちゃ"",""セイヨウカボチャ"",""かぼちゃ"",""カボチャ"",""南瓜"",""pumpkin"",""squash""]",西洋かぼちゃ,ゆで,Western Pumpkin,Boiled,68.35,11,11644,"Squash, winter, all varieties, cooked, baked without salt",170488,"Squash, summer, all varieties, cooked, boiled, drained, without salt",0.8756186117857434,,7.9,TRUE,野菜 > かぼちゃ
06,06332,（かぼちゃ類）　西洋かぼちゃ　果実　焼き,68.2,2.5,0.4,5.3,1.2,105,19,55,0,570,31,0.6,0.4,0.08,0.17,-,-,(0),(0),6.9,0.09,0.12,2.1,0.22,(0),58,0.77,"{""baseName"":""西洋かぼちゃ"",""part"":""果実"",""state"":""焼き"",""notes"":[""かぼちゃ類""]}",焼き西洋かぼちゃは消化に良くビタミン・食物繊維が豊富で犬に適した素材,9,1,1,(70),(120),(120),(32),(32),(64),(110),(54),(160),(69),(28),(89),(49),(150),(0.19),(0.07),(0.03),(0.05),(45),(28),(0),-,(0),"[""西洋かぼちゃ"",""せいようかぼちゃ"",""セイヨウカボチャ"",""かぼちゃ"",""カボチャ"",""南瓜"",""pumpkin"",""squash""]",西洋かぼちゃ,焼き,Western Pumpkin,Roasted,90.55,11,11644,"Squash, winter, all varieties, cooked, baked without salt",,,,,,TRUE,野菜 > かぼちゃ
06,06050,（かぼちゃ類）　西洋かぼちゃ　果実　冷凍,78.1,2.2,0.3,4.2,0.9,75,25,46,3,430,26,0.5,0.6,0.05,0.14,-,-,(0),(0),4.2,0.06,0.09,1.3,0.19,(0),48,0.44,"{""baseName"":""西洋かぼちゃ"",""part"":""果実"",""state"":""冷凍"",""notes"":[""かぼちゃ類""]}",冷凍の西洋かぼちゃ果実は犬に安全な野菜でビタミン・食物繊維源として適する。,9,1,1,(61),(110),(110),(28),(28),(56),(93),(48),(140),(60),(25),(78),(43),(130),(0.16),(0.06),(0.02),(0.04),(37),(23),(0),-,(0),"[""西洋かぼちゃ"",""せいようかぼちゃ"",""セイヨウカボチャ"",""かぼちゃ"",""カボチャ"",""南瓜"",""pumpkin"",""squash""]",西洋かぼちゃ,冷凍,Western Pumpkin,Frozen,60.3,11,11644,"Squash, winter, all varieties, cooked, baked without salt",,,,,,TRUE,野菜 > かぼちゃ
06,06051,（かぼちゃ類）　そうめんかぼちゃ　果実　生,92.4,0.7,0.1,1.5,0.6,25,27,35,1,260,16,0.3,0.2,0.05,0.09,-,-,(0),(0),0.2,0.05,0.01,0.5,0.10,(0),25,0.36,"{""baseName"":""そうめんかぼちゃ"",""part"":""果実"",""state"":""生"",""notes"":[""かぼちゃ類""]}",そうめんかぼちゃ（果実）は野菜として利用しやすく犬のレシピ素材として適している。,8,1,1,(26),(37),(24),(7.7),(5.5),(13),(26),(22),(48),(20),(9.8),(28),(12),(36),(0.07),(0.04),(0.03),(0.02),(16),(26),-,-,-,"[""そうめんかぼちゃ"",""ソーメンカボチャ"",""糸かぼちゃ"",""かぼちゃ"",""カボチャ"",""南瓜"",""spaghetti squash"",""spaghetti pumpkin""]",そうめんかぼちゃ,生,Spaghetti Squash,Raw,19.75,11,11644,"Squash, winter, all varieties, cooked, baked without salt",169296,"Squash, winter, butternut, cooked, baked, without salt",1.9387726156171712,,,TRUE,野菜 > かぼちゃ
06,06052,からしな　葉　生,90.3,3.3,0.1,3.7,1.3,26,140,72,60,620,21,2.2,0.9,0.08,1.02,-,-,0,(0),3.0,0.12,0.27,1.2,0.25,(0),310,0.32,"{""baseName"":""からしな"",""part"":""葉"",""state"":""生""}",からしなは葉物野菜として使えるが辛みや独特の風味に注意,7,1,0,130,240,210,57,38,95,160,110,270,170,60,190,77,210,,,,,,,,,,"[""からしな"",""カラシナ"",""辛子菜"",""からし菜"",""葉"",""菜"",""mustard greens"",""mustard""]",からしな,生,Mustard Greens,Raw,16.95,,,,170380,"Broccoli, frozen, spears, cooked, boiled, drained, without salt",1.615035548279608,,16.2,TRUE,野菜 > からしな
06,06053,からしな　塩漬,84.5,4.0,0.1,5.0,3.8,36,150,71,970,530,23,1.8,1.1,0.10,0.76,-,-,(0),(0),3.1,0.08,0.28,0.6,0.27,(0),210,0.37,"{""baseName"":""からしな"",""state"":""塩漬""}",からしな（塩漬）は塩分が高くなりがちで、過剰摂取に注意が必要。,7,1,0,(160),(290),(260),(68),(46),(110),(190),(130),(320),(190),(72),(220),(93),(240),,,,,,,,,,"[""からしな"",""カラシナ"",""辛子菜"",""からし菜"",""葉"",""菜"",""mustard greens"",""mustard""]",からしな,塩漬,Mustard Greens,Salted (Pickled),23.95,,,,170068,"Watercress, raw",1.6244731835662454,,9,TRUE,野菜 > からしな
06,06054,カリフラワー　花序　生,90.8,3.0,0.1,2.9,0.9,28,24,68,8,410,18,0.6,0.6,0.05,0.22,0,0,(0),(0),0.2,0.06,0.11,0.7,0.23,(0),94,1.30,"{""baseName"":""カリフラワー"",""part"":""花序"",""state"":""生""}",カリフラワーは消化しやすい野菜で食物繊維やビタミンを含み犬の素材として適する,8,1,1,110,180,190,47,37,84,120,85,200,130,36,160,60,130,(0.07),(0.01),(0.01),(Tr),(5),(5),(0),(0),(0),"[""カリフラワー"",""かりふらわー"",""花蕾"",""房"",""花序"",""cauliflower""]",カリフラワー,生,Cauliflower,Raw,19.4,39,11136,"Cauliflower, cooked, boiled, drained without salt",,,,,,TRUE,野菜 > カリフラワー
06,06055,カリフラワー　花序　ゆで,91.5,2.7,0.1,3.2,0.6,26,23,37,8,220,13,0.7,0.4,0.03,0.17,-,-,(0),(0),0.2,0.05,0.05,0.2,0.13,(0),88,0.84,"{""baseName"":""カリフラワー"",""part"":""花序"",""state"":""ゆで""}",ゆでたカリフラワーは加熱済みの野菜で犬に与えて問題ない素材である。,8,1,1,(98),(160),(170),(42),(33),(75),(100),(74),(180),(110),(32),(140),(53),(110),(0.07),(0.01),(0.01),(Tr),(5),(5),(0),(0),(0),"[""カリフラワー"",""かりふらわー"",""花蕾"",""房"",""花序"",""cauliflower""]",カリフラワー,ゆで,Cauliflower,Boiled,16.95,39,11136,"Cauliflower, cooked, boiled, drained without salt",168425,"Kohlrabi, cooked, boiled, drained, without salt",1.3875295387147553,,13.2,TRUE,野菜 > カリフラワー
06,06056,かんぴょう　乾,19.8,6.3,0.2,30.1,5.0,239,250,140,3,1800,110,2.9,1.8,0.62,1.60,2,2,(0),(0),0.4,0,0.04,2.7,0.04,(0),99,1.75,"{""baseName"":""かんぴょう"",""state"":""乾""}",乾燥かんぴょうは低脂肪で食物繊維源となり犬のレシピ素材として利用可能,8,1,0,220,310,270,59,82,140,240,130,380,200,32,270,120,330,,,,,,,,,,"[""かんぴょう"",""カンピョウ"",""干瓢"",""kanpyo"",""kanpyo dried gourd"",""dried gourd shavings""]",かんぴょう,乾,Kanpyo,Dried,158.85,,,,,,,,,TRUE,野菜 > かんぴょう
06,06057,かんぴょう　ゆで,91.6,0.7,0,5.3,0.4,21,34,16,1,100,10,0.3,0.2,0.08,0.14,-,-,(0),(0),0.1,0,0,0.3,0,(0),7,0,"{""baseName"":""かんぴょう"",""state"":""ゆで""}",かんぴょうは植物性の素材で加熱済みの根菜的な利用が可能。,8,1,0,(25),(35),(30),(6.6),(9.2),(16),(28),(15),(42),(22),(3.6),(30),(14),(37),,,,,,,,,,"[""かんぴょう"",""カンピョウ"",""干瓢"",""kanpyo"",""kanpyo dried gourd"",""dried gourd shavings""]",かんぴょう,ゆで,Kanpyo,Boiled,9.45,,,,170490,"Squash, winter, all varieties, cooked, baked, without salt",0.9867497003870719,,10.6,TRUE,野菜 > かんぴょう
06,06058,きく　花びら　生,91.5,1.4,0,3.4,0.6,25,22,28,2,280,12,0.7,0.3,0.04,0.36,-,-,(0),(0),4.6,0.10,0.11,0.5,0.08,(0),73,0.20,"{""baseName"":""きく"",""variety"":""花びら"",""state"":""生""}",食用の菊の花びらは一般に食用であり、少量の利用なら問題になりにくい,7,1,0,(61),(110),(80),(22),(13),(35),(76),(48),(120),(68),(25),(81),(30),(73),,,,,,,,,,"[""きく"",""キク"",""菊"",""食用菊"",""菊の花びら"",""菊花"",""花びら"",""petal"",""chrysanthemum"",""chrysanthemum petals"",""edible chrysanthemum""]",菊の花びら,生,Chrysanthemum Petals,Raw,15.75,,,,168459,"Sesbania flower, raw",0.4347966802375056,,,TRUE,野菜 > きく
06,06059,きく　花びら　ゆで,92.9,1.0,0,2.9,0.4,21,16,20,1,140,9,0.5,0.2,0.04,0.24,-,-,(0),(0),4.1,0.06,0.07,0.2,0.04,(0),40,0.15,"{""baseName"":""きく"",""variety"":""花びら"",""state"":""ゆで""}",食用の菊の花は調理済みであればトッピング等に使える素材,7,1,0,(44),(76),(57),(16),(9.0),(25),(54),(34),(88),(49),(18),(58),(21),(52),,,,,,,,,,"[""きく"",""キク"",""菊"",""kiku"",""chrysanthemum"",""花びら"",""はなびら"",""ハナビラ"",""食用菊""]",食用菊,花びら・ゆで,Edible chrysanthemum,"Petals, Boiled",13.3,,,,169281,"Sesbania flower, cooked, steamed, without salt",0.7345145480623191,,,FALSE,
06,06060,きく　菊のり,9.5,11.6,0.2,29.6,5.2,283,160,250,14,2500,140,11.0,2.2,0.62,1.34,-,-,(0),(0),25.0,0.73,0.89,3.8,0.69,(0),370,1.50,"{""baseName"":""きく"",""variety"":""菊のり""}",食用の菊（乾燥）は犬に対して特に有害性は低く、素材として使用可能です。,7,1,0,(510),(890),(660),(180),(100),(290),(630),(400),(1000),(560),(200),(670),(240),(600),,,,,,,,,,"[""きく"",""キク"",""菊"",""kiku"",""chrysanthemum"",""菊のり"",""きくのり""]",菊のり,,Kikunori,,195.95,,,,168456,"Seaweed, irishmoss, raw",1.7849914820420794,,12.9,FALSE,
06,06061,（キャベツ類）　キャベツ　結球葉　生,92.9,1.2,0.1,1.8,0.5,23,42,26,5,190,14,0.3,0.1,0.02,0.13,0,0,0,(0),0.1,0.04,0.03,0.2,0.1,(0),66,0.19,"{""baseName"":""キャベツ"",""part"":""結球葉"",""state"":""生"",""notes"":[""キャベツ類""]}",生のキャベツはビタミン・食物繊維が豊富で犬のレシピ素材として適している,8,1,1,30,46,46,11,13,24,28,23,51,37,9.5,43,25,58,0.05,0.02,0.01,0.01,8,11,0,0,0,"[""キャベツ"",""きゃべつ"",""キャベツ"",""cabbage"",""葉"",""はっぱ""]",キャベツ,生,Cabbage,Raw,17.3,11,11109,"Cabbage, raw",169975,"Cabbage, raw",1.1848491058477097,,10.7,TRUE,野菜 > キャベツ
06,06062,（キャベツ類）　キャベツ　結球葉　ゆで,93.9,0.9,0.2,2.0,0.3,19,40,20,3,92,9,0.2,0.1,0.02,0.14,0,Tr,(0),(0),0.1,0.02,0.01,0.1,0.05,(0),48,0.11,"{""baseName"":""キャベツ"",""part"":""結球葉"",""state"":""ゆで"",""notes"":[""キャベツ類""]}",ゆでキャベツは消化しやすくビタミンや食物繊維があり良い素材,9,1,1,(23),(36),(36),(9.2),(9.7),(19),(22),(17),(40),(28),(7.6),(33),(20),(47),(0.05),(0.02),(0.01),(0.01),(13),(9),(0),-,(0),"[""キャベツ"",""きゃべつ"",""キャベツ"",""cabbage"",""葉"",""はっぱ""]",キャベツ,ゆで,Cabbage,Boiled,14.3,20,11110,"Cabbage, cooked, boiled, drained, without salt",169976,,,,20.3,TRUE,野菜 > キャベツ
06,06333,（キャベツ類）　キャベツ　結球葉　油いため,85.7,1.6,6.0,2.2,0.6,78,53,33,6,250,17,0.4,0.2,0.03,0.19,-,-,(0),(0),1.1,0.05,0.04,0.2,0.15,(0),130,0.30,"{""baseName"":""キャベツ"",""part"":""結球葉"",""state"":""油いため"",""notes"":[""キャベツ類""]}",油でいためたキャベツは加熱により消化しやすく野菜として適切（過度の脂は注意）,8,1,1,(39),(62),(62),(16),(17),(33),(39),(30),(69),(49),(13),(57),(36),(82),(5.47),(1.54),(0.45),(1.09),(1100),(450),(0),(0),(0),"[""キャベツ"",""きゃべつ"",""キャベツ"",""cabbage"",""葉"",""はっぱ""]",キャベツ,油いため,Cabbage,Stir-fried,70.25,20,11110,"Cabbage, cooked, boiled, drained, without salt",169976,"Cabbage, cooked, boiled, drained, without salt",1.2184025842676014,,20.3,TRUE,野菜 > キャベツ
06,06403,（キャベツ類）　キャベツ　結球葉　カット　常法洗浄,94.8,1.1,0.1,1.9,0.4,15,35,22,10,150,12,0.3,0.1,0.02,0.09,0,0,0,-,0.1,0.04,0.03,0.2,0.08,-,52,0.2,"{""baseName"":""キャベツ"",""variety"":""カット 常法洗浄"",""part"":""結球葉"",""notes"":[""キャベツ類""]}",キャベツは低カロリーで食物繊維が豊富な野菜で、犬のレシピ素材として適している。,9,1,1,28,44,44,11,11,22,26,21,48,35,8.3,40,25,58,0.04,0.02,0.01,0.01,7,9,0,0,0,"[""キャベツ"",""きゃべつ"",""キャベツ"",""cabbage"",""カット"",""カット野菜""]",カットキャベツ,常法洗浄,Cut cabbage,Conventional wash,10.65,11,11109,"Cabbage, raw",169975,"Cabbage, raw",1.2070584477279174,,10.7,TRUE,野菜 > キャベツ
06,06404,（キャベツ類）　キャベツ　結球葉　カット　次亜塩素酸洗浄,95.1,1,0.2,2.0,0.4,14,38,21,8,140,13,0.3,0.1,0.02,0.09,0,0,0,-,0.1,0.04,0.03,0.2,0.08,-,58,0.18,"{""baseName"":""キャベツ"",""variety"":""カット 次亜塩素酸洗浄"",""part"":""結球葉"",""notes"":[""キャベツ類""]}",一般に安全でビタミン・食物繊維が豊富な野菜。犬のレシピ素材として適する,9,1,1,27,42,41,11,11,22,26,20,46,33,8.3,38,22,55,0.06,0.02,0.01,0.01,10,13,0,0,0,"[""キャベツ"",""きゃべつ"",""キャベツ"",""cabbage"",""カット"",""カット野菜""]",カットキャベツ,次亜塩素酸洗浄,Cut cabbage,Hypochlorite wash,9.75,11,11109,"Cabbage, raw",169975,"Cabbage, raw",1.3306103139130017,,10.7,TRUE,野菜 > キャベツ
06,06063,（キャベツ類）　グリーンボール　結球葉　生,93.4,1.4,0.1,1.6,0.7,20,58,41,4,270,17,0.4,0.2,0.03,0.18,-,-,(0),(0),0.2,0.05,0.04,0.4,0.13,(0),53,0.31,"{""baseName"":""グリーンボール"",""part"":""結球葉"",""state"":""生"",""notes"":[""キャベツ類""]}",グリーンボール（キャベツ）は消化しやすい野菜で犬のレシピ素材として適切。,9,1,1,(35),(55),(56),(14),(15),(29),(35),(27),(62),(44),(12),(51),(32),(73),(0.03),(0.01),(Tr),(0.01),(7),(4),(0),-,(0),"[""グリーンボール"",""グリーンボールキャベツ"",""green ball"",""greenball"",""キャベツ"",""cabbage""]",グリーンボール,,Green Ball cabbage,,15.55,11,11109,"Cabbage, raw",169975,"Cabbage, raw",0.7650261044964712,,10.7,TRUE,野菜 > キャベツ
06,06064,（キャベツ類）　レッドキャベツ　結球葉　生,90.4,2.0,0.1,2.8,0.8,30,40,43,4,310,13,0.5,0.3,0.04,0.20,-,-,(0),(0),0.1,0.07,0.03,0.3,0.19,(0),58,0.35,"{""baseName"":""レッドキャベツ"",""part"":""結球葉"",""state"":""生"",""notes"":[""キャベツ類""]}",レッドキャベツは栄養価が高く野菜素材として利用可能であるため,8,1,1,(48),(64),(69),(20),(17),(36),(50),(31),(81),(55),(17),(67),(34),(120),0.02,0.01,0.01,0.01,6,7,0,-,0,"[""レッドキャベツ"",""レッド キャベツ"",""赤キャベツ"",""紫キャベツ"",""red cabbage"",""キャベツ"",""cabbage""]",レッドキャベツ,,Red cabbage,,21.5,17,11112,"Cabbage, red, raw",169975,"Cabbage, raw",0.7946443142702716,,10.7,TRUE,野菜 > キャベツ
06,06065,きゅうり　果実　生,95.4,1.0,0.1,1.1,0.5,13,26,36,1,200,15,0.3,0.2,0.11,0.07,1,1,(0),(0),0.3,0.03,0.03,0.2,0.05,(0),25,0.33,"{""baseName"":""きゅうり"",""part"":""果実"",""state"":""生""}",きゅうりは水分豊富で低カロリー、犬にとって安全で使いやすい野菜。,9,1,1,29,47,40,11,8.1,20,31,24,55,27,11,35,16,43,0.02,0.01,0.01,Tr,4,8,0,-,0,"[""きゅうり"",""キュウリ"",""胡瓜"",""cucumber"",""きゅうり""]",きゅうり,生,Cucumber,Raw,11,6,11205,"Cucumber, with peel, raw",168409,"Cucumber, with peel, raw",0.8329839898918667,,6,TRUE,野菜 > キュウリ
06,06068,きゅうり　漬物　ぬかみそ漬,85.6,1.5,0.1,1.5,6.6,28,22,88,2100,610,48,0.3,0.2,0.11,0.14,1,1,(0),(0),0.2,0.26,0.05,1.6,0.20,0,22,0.93,"{""baseName"":""きゅうり"",""variety"":""漬物"",""state"":""ぬかみそ漬""}",きゅうりは犬に安全な野菜。ぬか漬は加工品だが素材として使用可能,8,0,1,,,,,,,,,,,,,,,(0.02),(0.01),(0.01),(Tr),(4),(8),(0),-,(0),"[""きゅうり"",""キュウリ"",""胡瓜"",""cucumber"",""漬物"",""ぬか漬け"",""ぬかみそ漬"",""ぬかづけ"",""pickled cucumber""]",きゅうりのぬか漬け,,Pickled cucumber (nukazuke),,22.55,3.4,11937,"Pickles, cucumber, dill or kosher dill",,,,,,TRUE,野菜 > キュウリ
06,06075,キンサイ　茎葉　生,93.5,1.1,0.4,2.5,1.2,16,140,56,27,360,26,0.5,0.5,0.02,0.52,-,-,(0),(0),1.2,0.05,0.11,0.6,0.08,(0),47,0.35,"{""baseName"":""キンサイ"",""part"":""茎葉"",""state"":""生""}",キンサイ（中国セロリ）は野菜として安全に使える素材です。,7,1,1,(38),(56),(50),(8.5),(7.7),(16),(35),(28),(63),(39),(13),(56),(23),(32),(0.20),(0.13),(0.02),(0.11),(110),(19),(0),-,(0),"[""キンサイ"",""きんさい"",""金菜"",""kinsai""]",キンサイ,生,Kinsai,Raw,11.8,,,,170390,"Cabbage, chinese (pak-choi), raw",1.2556833162521879,,6.4,TRUE,野菜 > キンサイ
06,06076,キンサイ　茎葉　ゆで,93.6,1.1,0.4,2.9,1.0,15,140,56,27,320,24,0.5,0.5,0.02,0.42,-,-,(0),(0),1.2,0.03,0.06,0.4,0.05,(0),31,0.34,"{""baseName"":""キンサイ"",""part"":""茎葉"",""state"":""ゆで""}",キンサイ（中国セロリ）は茎葉の野菜で、加熱済みなら消化しやすく利用しやすい。,8,1,1,(38),(56),(50),(8.5),(7.7),(16),(35),(28),(63),(39),(13),(56),(23),(32),(0.20),(0.13),(0.02),(0.11),(110),(19),(0),-,(0),"[""キンサイ"",""きんさい"",""金菜"",""kinsai""]",キンサイ,ゆで,Kinsai,Boiled,10.75,,,,170466,"Turnip greens, cooked, boiled, drained, without salt",1.2613361672692092,,0.3,TRUE,野菜 > キンサイ
06,06077,クレソン　茎葉　生,94.1,2.1,0.1,2.5,1.1,13,110,57,23,330,13,1.1,0.2,0.05,-,2,2,(0),(0),1.6,0.10,0.20,0.5,0.13,(0),150,0.30,"{""baseName"":""クレソン"",""part"":""茎葉"",""state"":""生""}",クレソンは葉茎野菜でビタミン・ミネラル源として利用可能だが苦味や硝酸塩に注意して少量が望ましい。,8,1,1,(85),(150),(120),(18),(6.4),(25),(100),(58),(160),(120),(27),(130),(37),(140),(0.07),(0.04),(0.02),(0.01),(12),(23),(0),(0),(0),"[""クレソン"",""くれそん"",""watercress"",""ウォータークレソン""]",クレソン,生,Watercress,Raw,8.55,,,,170068,"Watercress, raw",1.3419107843490818,,9,TRUE,野菜 > スプラウト
06,06078,くわい　塊茎　生,65.5,6.3,0.1,2.4,1.5,128,5,150,3,600,34,0.8,2.2,0.71,0.13,1,1,(0),(0),3.0,0.12,0.07,1.9,0.34,(0),140,0.78,"{""baseName"":""くわい"",""part"":""塊茎"",""state"":""生""}",くわいはデンプン質の野菜で加熱調理すれば犬の素材として使える,7,0,0,,,,,,,,,,,,,,,,,,,,,,,,"[""くわい"",""クワイ"",""慈姑"",""kuwai"",""Chinese arrowhead"",""arrowhead""]",くわい,生,Kuwai,Raw,107.6,,,,169204,"Arrowhead, cooked, boiled, drained, without salt",1.3491148290647124,,,FALSE,
06,06079,くわい　塊茎　ゆで,65.0,6.2,0.1,2.8,1.5,129,5,140,3,550,32,0.8,2.1,0.59,0.12,-,-,(0),(0),3.1,0.10,0.06,1.6,0.30,(0),120,0.75,"{""baseName"":""くわい"",""part"":""塊茎"",""state"":""ゆで""}",くわい（ゆで）はでんぷん質を含む野菜で加熱済みのため利用しやすい,7,0,0,,,,,,,,,,,,,,,,,,,,,,,,"[""くわい"",""クワイ"",""慈姑"",""kuwai"",""Chinese arrowhead"",""arrowhead""]",くわい,ゆで,Kuwai,Boiled,107.95,,,,169204,"Arrowhead, cooked, boiled, drained, without salt",1.4203498035833575,,,FALSE,
06,06080,ケール　葉　生,90.2,2.1,0.4,3.7,1.5,26,220,45,9,420,44,0.8,0.3,0.05,0.55,1,4,(0),(0),2.4,0.06,0.15,0.9,0.16,(0),120,0.31,"{""baseName"":""ケール"",""part"":""葉"",""state"":""生""}",ケールは栄養価の高い葉物で犬の素材として使用可能だが与え過ぎに注意。,8,1,1,(130),(150),(130),(21),(28),(48),(110),(74),(180),(94),(25),(110),(44),(120),0.10,0.07,0.04,0.02,20,45,0,0,0,"[""ケール"",""けーる"",""kale"",""ケール""]",ケール,生,Kale,Raw,18.1,0.4,11234,"Kale, cooked, boiled, drained without salt",169239,"Kale, frozen, unprepared",1.0101451988440469,,0.4,TRUE,野菜 > ケール
06,06081,コールラビ　球茎　生,93.2,1.0,0,1.9,0.6,21,29,29,7,240,15,0.2,0.1,0.02,0.07,-,-,(0),(0),0,0.04,0.05,0.2,0.09,(0),73,0.20,"{""baseName"":""コールラビ"",""part"":""球茎"",""state"":""生""}",コールラビは安全な野菜で犬のレシピ素材として適している,8,1,0,(16),(23),(23),(5.1),(7.8),(13),(13),(9.5),(22),(19),(8.9),(28),(8.9),(32),,,,,,,,,,"[""コールラビ"",""こーるらび"",""kohlrabi"",""コールラビ""]",コールラビ,生,Kohlrabi,Raw,15.05,,,,170058,"Turnips, cooked, boiled, drained, without salt",0.9828919147354497,,8.7,TRUE,野菜 > コールラビ
06,06082,コールラビ　球茎　ゆで,93.1,1.0,Tr,2.3,0.6,20,27,28,7,210,14,0.2,0.1,0.02,0.07,-,-,(0),(0),0,0.03,0.05,0.2,0.06,(0),71,0.20,"{""baseName"":""コールラビ"",""part"":""球茎"",""state"":""ゆで""}",ゆでたコールラビは根菜の一種で消化に良く犬の素材として適している。,9,1,0,(16),(23),(23),(5.1),(7.8),(13),(13),(9.5),(22),(19),(8.9),(28),(8.9),(32),,,,,,,,,,"[""コールラビ"",""こーるらび"",""kohlrabi"",""コールラビ""]",コールラビ,ゆで,Kohlrabi,Boiled,14,,,,168425,,,,13.2,TRUE,野菜 > コールラビ
06,06084,（ごぼう類）　ごぼう　根　生,81.7,1.8,0.1,5.7,0.9,58,46,62,18,320,54,0.7,0.8,0.21,0.18,2,1,(0),(0),0.6,0.05,0.04,0.4,0.10,(0),68,0.23,"{""baseName"":""ごぼう"",""part"":""根"",""state"":""生"",""notes"":[""ごぼう類""]}",食物繊維が豊富な根菜で、犬のレシピ素材として利用しやすい,8,1,1,41,50,63,9.4,12,22,36,26,62,42,13,47,29,320,(0.08),(0.04),(Tr),(0.04),(37),(1),(0),(0),(0),"[""ごぼう"",""ゴボウ"",""牛蒡"",""burdock"",""burdock root"",""ごぼう""]",ごぼう,根・生,Burdock root,Raw,41.45,,,,169974,"Burdock root, raw",1.2386073957219474,,11.7,TRUE,野菜 > ごぼう
06,06085,（ごぼう類）　ごぼう　根　ゆで,83.9,1.5,0.2,6.1,0.6,50,48,46,11,210,40,0.7,0.7,0.16,0.16,-,-,(0),(0),0.6,0.03,0.02,0.2,0.09,(0),61,0.19,"{""baseName"":""ごぼう"",""part"":""根"",""state"":""ゆで"",""notes"":[""ごぼう類""]}",茹で済みの根菜で食物繊維やミネラルが豊富。犬のレシピ素材として適している。,8,1,1,(33),(42),(52),(7.7),(10),(18),(30),(21),(51),(32),(10),(38),(24),(260),(0.16),(0.08),(Tr),(0.07),(74),(3),(0),(0),(0),"[""ごぼう"",""ゴボウ"",""牛蒡"",""burdock"",""burdock root"",""根"",""root""]",ごぼう,根・ゆで,Burdock Root,"Root, Boiled",33.9,,,,170384,,,,14.3,TRUE,野菜 > ごぼう
06,06405,（ごぼう類）　堀川ごぼう　根　生,75.7,3.2,0.2,18.3,1.4,55,70,130,6,540,62,2.2,0.9,0.22,0.55,2,1,-,-,0.4,0.08,0.06,0.7,0.09,0.1,49,0.08,"{""baseName"":""堀川ごぼう"",""part"":""根"",""state"":""生"",""notes"":[""ごぼう類""]}",ごぼうは食物繊維が豊富で犬の素材として問題ない,8,0,0,,,,,,,,,,,,,,,,,,,,,,,,"[""堀川ごぼう"",""ほりかわごぼう"",""ホリカワゴボウ"",""堀川牛蒡"",""horikawa burdock"",""ごぼう"",""ゴボウ"",""牛蒡"",""根"",""root""]",堀川ごぼう,根・生,Horikawa Burdock,"Root, Raw",17.1,,,,170384,"Burdock root, cooked, boiled, drained, without salt",1.3541542185059403,,14.3,TRUE,野菜 > ごぼう
06,06086,こまつな　葉　生,94.1,1.5,0.2,1.9,1.3,13,170,45,15,500,12,2.8,0.2,0.06,0.13,2,1,(0),(0),0.9,0.09,0.13,1.0,0.12,(0),110,0.32,"{""baseName"":""こまつな"",""part"":""葉"",""state"":""生""}",小松菜は葉物野菜でミネラルや食物繊維があり犬の素材として適切,9,1,1,67,120,94,19,12,31,85,55,140,77,33,96,38,100,0.10,0.08,0.06,0.01,8,56,0,-,0,"[""こまつな"",""コマツナ"",""小松菜"",""komatsuna"",""Japanese mustard spinach"",""葉"",""leaf""]",小松菜,葉・生,Komatsuna,"Leaf, Raw",10.45,,,,168438,"Mustard spinach, (tendergreen), raw",1.0748515346193437,,,TRUE,野菜 > 小松菜
06,06087,こまつな　葉　ゆで,94.0,1.6,0.1,2.4,1.0,14,150,46,14,140,14,2.1,0.3,0.07,0.17,-,-,(0),(0),1.5,0.04,0.06,0.3,0.06,(0),86,0.23,"{""baseName"":""こまつな"",""part"":""葉"",""state"":""ゆで""}",ゆでた小松菜の葉は消化に優れ、ビタミン・ミネラル源として適する。,8,1,1,(70),(120),(100),(20),(13),(33),(90),(56),(150),(76),(35),(100),(40),(110),(0.05),(0.04),(0.03),(Tr),(4),(28),(0),-,(0),"[""こまつな"",""コマツナ"",""小松菜"",""komatsuna"",""Japanese mustard spinach"",""葉"",""leaf""]",小松菜,葉・ゆで,Komatsuna,"Leaf, Boiled",9.6,,,,170391,"Cabbage, chinese (pak-choi), cooked, boiled, drained, without salt",1.1638851403697485,,12.1,TRUE,野菜 > 小松菜
06,06385,コリアンダー　葉　生,92.4,1.4,0.4,4.2,1.2,18,84,59,4,590,16,1.4,0.4,0.09,0.39,2,Tr,-,0,1.9,0.09,0.11,1.3,0.11,-,69,0.52,"{""baseName"":""コリアンダー"",""part"":""葉"",""state"":""生""}",コリアンダー（パクチー）は香味野菜として少量であれば安全に使える,8,0,0,,,,,,,,,,,,,,,,,,,,,,,,"[""コリアンダー"",""こりあんだー"",""コリアンダー葉"",""パクチー"",""パクチー葉"",""香菜"",""cilantro"",""coriander"",""cilantro leaf"",""葉"",""leaf""]",パクチー,葉・生,Cilantro,"Leaf, Raw",9.7,,,,169997,"Coriander (cilantro) leaves, raw",1.126866714583968,,12.8,TRUE,スパイス > パクチー
06,06089,さんとうさい　葉　生,94.7,1.0,0.2,2.2,1.1,12,140,27,9,360,14,0.7,0.3,0.04,0.16,-,-,(0),(0),0.8,0.03,0.07,0.5,0.08,(0),130,0.17,"{""baseName"":""さんとうさい"",""part"":""葉"",""state"":""生""}",葉物野菜で消化に良く犬のレシピ素材として適している,8,1,1,(32),(54),(54),(12),(12),(24),(32),(26),(59),(38),(10),(45),(20),(49),(0.08),(0.05),(0.05),(0.01),(5),(48),(0),-,(0),"[""さんとうさい"",""サントウサイ"",""山東菜"",""santousai"",""さんとう菜"",""葉"",""leaf""]",山東菜,葉・生,Santousai,"Leaf, Raw",8,,,,170390,"Cabbage, chinese (pak-choi), raw",0.9182532060806051,,6.4,TRUE,野菜 > 山東菜
06,06090,さんとうさい　葉　ゆで,94.3,1.4,0.3,2.5,0.9,14,130,30,9,240,13,0.6,0.4,0.04,0.20,-,-,(0),(0),0.9,0.02,0.05,0.3,0.05,(0),74,0.12,"{""baseName"":""さんとうさい"",""part"":""葉"",""state"":""ゆで""}",ゆでた葉物野菜で消化に良く栄養価があり犬に適した素材。,8,1,1,(45),(76),(76),(17),(17),(34),(45),(37),(82),(53),(15),(64),(29),(69),(0.12),(0.08),(0.07),(0.01),(8),(72),(0),-,(0),"[""さんとうさい"",""サントウサイ"",""山東菜"",""santousai"",""さんとう菜"",""葉"",""leaf""]",山東菜,葉・ゆで,Santousai,"Leaf, Boiled",9.55,,,,170391,"Cabbage, chinese (pak-choi), cooked, boiled, drained, without salt",1.3470975806577357,,12.1,TRUE,野菜 > 山東菜
06,06092,しかくまめ　若ざや　生,92.8,2.4,0.1,3.2,0.8,19,80,48,1,270,38,0.7,0.3,0.09,0.54,-,-,(0),(0),0.4,0.09,0.09,0.8,0.10,(0),29,0.36,"{""baseName"":""しかくまめ"",""part"":""若ざや"",""state"":""生""}",若ざやの豆類は野菜として利用できるが消化や加熱を考慮して使用,8,1,0,(120),(200),(170),(29),(44),(73),(120),(120),(230),(95),(62),(120),(64),(150),,,,,,,,,,"[""しかくまめ"",""シカクマメ"",""四角豆"",""winged bean"",""asparagus bean"",""若ざや"",""さや"",""pod""]",四角豆,若ざや・生,Winged Bean,"Young Pods, Raw",11.7,,,,169320,"Beans, snap, yellow, raw",0.9270859756274221,,15.3,FALSE,
06,06093,（ししとう類）　ししとう　果実　生,91.4,1.9,0.3,3.6,0.7,24,11,34,1,340,21,0.5,0.3,0.10,0.18,0,4,(0),(0),1.3,0.07,0.07,1.4,0.39,(0),33,0.35,"{""baseName"":""ししとう"",""part"":""果実"",""state"":""生"",""notes"":[""ししとう類""]}",ししとうは辛味が強くない場合は与えやすいが、辛い個体は消化器刺激の可能性あり。,7,1,1,60,93,100,21,33,54,66,57,120,69,22,83,37,80,(0.11),(0.07),(0.02),(0.05),(51),(16),(1),-,(0),"[""ししとう"",""シシトウ"",""獅子唐"",""shishito"",""shishito pepper"",""果実"",""pepper""]",ししとう,果実・生,Shishito Pepper,"Fruit, Raw",16.55,5.6,11333,"Peppers, sweet, green, raw",170108,"Peppers, sweet, red, raw",0.9146742057037279,,5.6,FALSE,
06,06094,（ししとう類）　ししとう　果実　油いため,88.3,1.9,3.2,3.6,0.8,51,15,39,Tr,380,21,0.6,0.3,0.10,0.18,0,4,(0),(0),1.3,0.07,0.07,1.5,0.40,(0),34,0.36,"{""baseName"":""ししとう"",""part"":""果実"",""state"":""油いため"",""notes"":[""ししとう類""]}",ししとうの油いためは軽い香辛性があるが果実自体は使用可能（辛味に注意）,7,1,1,(59),(92),(100),(21),(32),(53),(66),(55),(120),(64),(22),(80),(37),(78),(2.81),(0.82),(0.23),(0.59),(590),(230),(1),(0),(0),"[""ししとう"",""シシトウ"",""獅子唐"",""shishito"",""shishito pepper"",""果実"",""pepper""]",ししとう,果実・油いため,Shishito Pepper,"Fruit, Sauteed",41.55,4.8,11339,"Peppers, sweet, green, saut�ed",168578,"Peppers, hungarian, raw",1.203602532840034,,7.7,FALSE,
06,06406,（ししとう類）　万願寺とうがらし　果実　生,91.6,1.3,0.3,3.2,0.5,26,11,31,Tr,220,13,0.3,0.2,0.04,0.08,0,0,-,-,0.9,0.04,0.03,1,0.2,Tr,16,0.12,"{""baseName"":""万願寺とうがらし"",""part"":""果実"",""state"":""生"",""notes"":[""ししとう類""]}",辛みの少ない唐辛子系の果実でビタミンや食物繊維が豊富,8,0,0,,,,,,,,,,,,,,,,,,,,,,,,"[""万願寺とうがらし"",""まんがんじとうがらし"",""マンガンジトウガラシ"",""万願寺唐辛子"",""manganji"",""manganji pepper"",""とうがらし"",""唐辛子"",""pepper""]",万願寺とうがらし,果実・生,Manganji Pepper,"Fruit, Raw",17.95,5.6,11333,"Peppers, sweet, green, raw",170427,"Peppers, sweet, green, raw",1.0418784111320416,,5.5,FALSE,
06,06095,しそ　葉　生,86.7,3.9,0.1,7.3,1.7,32,230,70,1,500,70,1.7,1.3,0.20,2.01,6,1,(0),(0),3.9,0.13,0.34,1.0,0.19,(0),110,1.00,"{""baseName"":""しそ"",""part"":""葉"",""state"":""生""}",しそ（青じそ）は香味野菜として安全で、少量なら犬の食材に適する。,8,1,1,170,340,220,69,45,110,220,140,360,190,84,230,92,210,0.03,0.01,0.01,0.01,5,10,0,0,0,"[""しそ"",""シソ"",""紫蘇"",""shiso"",""perilla"",""大葉"",""おおば"",""大葉しそ"",""perilla leaf"",""葉"",""leaf""]",しそ,葉・生,Shiso (Perilla),"Leaf, Raw",15.55,,,,,,,,,TRUE,野菜 > 青シソ
06,06096,しそ　実　生,85.7,3.4,0.1,8.9,1.9,32,100,85,1,300,71,1.2,1.0,0.52,1.35,-,-,(0),(0),3.8,0.09,0.16,1.8,0.12,(0),72,0.80,"{""baseName"":""しそ"",""variety"":""実"",""state"":""生""}",しそ（実）はハーブ素材として風味付けに安全に使える。,8,1,1,(150),(300),(190),(60),(39),(99),(190),(130),(320),(170),(73),(200),(80),(180),0.07,0.05,0.03,0.01,11,34,0,0,0,"[""しその実"",""しそのみ"",""紫蘇実"",""しそ実"",""shiso seeds"",""perilla seeds"",""実"",""seed""]",しその実,生,Perilla Seeds,Raw,12.75,,,,,,,,,TRUE,野菜 > 青シソ
06,06097,じゅうろくささげ　若ざや　生,91.9,2.5,0.1,4.2,0.7,22,31,54,1,200,36,0.5,0.7,0.12,0.66,1,1,(0),(0),0.5,0.08,0.09,1,0.11,(0),150,0.43,"{""baseName"":""じゅうろくささげ"",""part"":""若ざや"",""state"":""生""}",若ざやのささげ類は野菜として安全で犬のレシピ素材として適している,8,1,0,(77),(120),(110),(32),(20),(52),(91),(60),(150),(110),(26),(110),(57),(89),,,,,,,,,,"[""じゅうろくささげ"",""ジュウロクササゲ"",""十六ささげ"",""じゅうろくササゲ"",""ささげ"",""ササゲ"",""sasage"",""若ざや"",""さや"",""pod""]",十六ささげ,若ざや・生,Juroku Sasage,"Young Pods, Raw",11.7,14,11061,"Beans, snap, green, frozen, cooked, boiled, drained without salt",169223,"Yardlong bean, cooked, boiled, drained, without salt",1.230931068592804,,,FALSE,
06,06098,じゅうろくささげ　若ざや　ゆで,90.2,2.8,0.1,4.5,0.7,28,33,56,1,180,32,0.5,0.6,0.11,0.63,Tr,1,(0),(0),0.3,0.09,0.09,0.9,0.07,(0),150,0.39,"{""baseName"":""じゅうろくささげ"",""part"":""若ざや"",""state"":""ゆで""}",ゆでた若ざや（ささげ）は加熱済みの野菜として安全で、レシピ素材として適切。,8,1,0,(86),(140),(120),(36),(23),(59),(100),(67),(170),(120),(29),(120),(64),(100),,,,,,,,,,"[""じゅうろくささげ"",""ジュウロクササゲ"",""十六ささげ"",""じゅうろくササゲ"",""ささげ"",""ササゲ"",""sasage"",""若ざや"",""さや"",""pod""]",十六ささげ,若ざや・ゆで,Juroku Sasage,"Young Pods, Boiled",16.6,14,11061,"Beans, snap, green, frozen, cooked, boiled, drained without salt",169223,"Yardlong bean, cooked, boiled, drained, without salt",1.1845130340367611,,,FALSE,
06,06099,しゅんぎく　葉　生,91.8,2.3,0.3,3.2,1.4,20,120,44,73,460,26,1.7,0.2,0.10,0.40,5,2,(0),(0),1.7,0.10,0.16,0.8,0.13,(0),190,0.23,"{""baseName"":""しゅんぎく"",""part"":""葉"",""state"":""生""}",春菊の葉は栄養価があり犬に与えて問題ない安全な野菜素材である。,8,1,1,100,180,130,36,21,57,120,79,200,110,40,130,49,120,0.13,0.10,0.07,0.03,27,75,0,-,0,"[""しゅんぎく"",""シュンギク"",""春菊"",""shungiku"",""edible chrysanthemum"",""garland chrysanthemum"",""葉"",""leaf""]",春菊,葉・生,Shungiku,"Leaf, Raw",14.1,,,,169256,"Mustard greens, raw",0.7595484228533251,,0.5,TRUE,野菜 > 春菊
06,06100,しゅんぎく　葉　ゆで,91.1,2.7,0.5,3.7,1.0,25,120,44,42,270,24,1.2,0.2,0.12,0.49,-,-,(0),(0),2.0,0.05,0.08,0.4,0.06,(0),100,0.13,"{""baseName"":""しゅんぎく"",""part"":""葉"",""state"":""ゆで""}",ゆでた春菊は葉物野菜として栄養があり犬に適した素材。,8,1,1,(110),(200),(150),(42),(24),(66),(140),(89),(230),(120),(47),(150),(56),(140),(0.22),(0.17),(0.12),(0.05),(46),(120),(0),-,(0),"[""しゅんぎく"",""シュンギク"",""春菊"",""shungiku"",""edible chrysanthemum"",""garland chrysanthemum"",""葉"",""leaf""]",春菊,葉・ゆで,Shungiku,"Leaf, Boiled",17.2,,,,169257,"Mustard greens, cooked, boiled, drained, without salt",0.623449639076941,,0.4,TRUE,野菜 > 春菊
06,06101,じゅんさい　若葉　水煮びん詰,98.6,0.4,0,1.0,Tr,4,4,5,2,2,2,0,0.2,0.02,0.02,-,-,(0),(0),0.1,0,0.02,0,0,(0),3,0,"{""baseName"":""じゅんさい"",""variety"":""若葉 水煮びん詰""}",じゅんさいは水生植物で低脂肪・食物繊維の供給源として犬の素材に適している,7,0,0,,,,,,,,,,,,,,,,,,,,,,,,"[""じゅんさい"",""ジュンサイ"",""ジュンサイト"",""junsai"",""watershield"",""water shield"",""若葉"",""若葉じゅんさい"",""若葉""]",じゅんさい,若葉・水煮びん詰,Junsai,"Young Leaves, Jarred in Water",1.4,,,,,,,,,TRUE,野菜 > じゅんさい
06,06102,（しょうが類）　葉しょうが　根茎　生,96.3,0.5,0.2,1.6,0.7,9,15,21,5,310,21,0.4,0.4,0.05,4.73,-,-,(0),(0),0.1,0.02,0.03,0.3,0.08,(0),14,0.07,"{""baseName"":""葉しょうが"",""part"":""根茎"",""state"":""生"",""notes"":[""しょうが類""]}",葉しょうが（根茎）は風味付けや消化促進に用いられ、少量であれば安全,8,1,1,(16),(24),(12),(5.4),(5.9),(11),(16),(15),(31),(23),(7.2),(22),(9.8),(31),(0.14),(0.04),(0.01),(0.03),(32),(9),(0),(0),(0),"[""葉しょうが"",""葉生姜"",""はしょうが"",""ハショウガ"",""leaf ginger"",""しょうが"",""生姜"",""ginger"",""根茎"",""rhizome""]",葉しょうが,根茎・生,Leaf Ginger,"Rhizome, Raw",5.9,41,02021,"Spices, ginger, ground",,,,,,TRUE,スパイス > しょうが
06,06103,（しょうが類）　しょうが　根茎　皮なし　生,91.4,0.9,0.3,2.1,0.7,28,12,25,6,270,27,0.5,0.1,0.06,5.01,0,1,(0),(0),0.1,0.03,0.02,0.6,0.13,(0),8,0.21,"{""baseName"":""しょうが"",""part"":""根茎"",""formModifiers"":[""皮なし""],""state"":""生"",""notes"":[""しょうが類""]}",生姜は消化促進や風味付けに使える安全な根茎類,7,1,1,29,43,22,9.9,11,21,28,29,57,44,13,41,18,56,(0.20),(0.06),(0.01),(0.05),(48),(14),(0),(0),(0),"[""しょうが"",""ショウガ"",""生姜"",""ginger"",""ginger root"",""根茎"",""root""]",しょうが,根茎・皮なし・生,Ginger,"Rhizome, Peeled, Raw",21.8,41,02021,"Spices, ginger, ground",,,,,,TRUE,スパイス > しょうが
06,06365,（しょうが類）　しょうが　根茎　皮なし　生　おろし,81.6,0.7,0.8,7.4,0.9,58,39,24,4,380,27,0.8,0.2,0.05,5.12,(0),Tr,(0),(0),0.3,0.02,0.02,0.5,0.12,(0),5,0.07,"{""baseName"":""しょうが"",""variety"":""おろし"",""part"":""根茎"",""formModifiers"":[""皮なし""],""state"":""生"",""notes"":[""しょうが類""]}",生のしょうがは刺激性があり犬の胃腸に負担をかけることがあるため使用に配慮が必要,7,1,0,(21),(31),(16),(7.1),(7.7),(15),(21),(21),(41),(32),(9.5),(29),(13),(40),,,,,,,,,,"[""しょうが"",""ショウガ"",""生姜"",""ginger"",""おろししょうが"",""おろし生姜"",""おろし""]",おろし生姜,皮なし・生,Grated Ginger,"Peeled, Raw",39.35,41,02021,"Spices, ginger, ground",,,,,,TRUE,スパイス > しょうが
06,06366,（しょうが類）　しょうが　根茎　皮なし　生　おろし汁,95.1,0.4,0.3,0.3,0.7,17,2,24,3,300,19,0.2,0.2,0.04,3.16,(0),0,(0),(0),0.1,0.02,0.01,0.5,0.12,(0),6,0.04,"{""baseName"":""しょうが"",""variety"":""おろし汁"",""part"":""根茎"",""formModifiers"":[""皮なし""],""state"":""生"",""notes"":[""しょうが類""]}",生のしょうが（おろし汁）は適量であれば消化を助ける成分を含み、犬のレシピ素材として使える。,8,1,0,(14),(20),(10),(4.7),(5.1),(9.8),(14),(14),(27),(21),(6.3),(19),(8.5),(27),,,,,,,,,,"[""しょうが"",""ショウガ"",""生姜"",""ginger"",""しょうが汁"",""生姜汁"",""おろし汁"",""ginger juice""]",生姜汁,皮なし・生,Ginger Juice,"Peeled, Raw",15.15,41,02021,"Spices, ginger, ground",,,,,,TRUE,スパイス > しょうが
06,06386,（しょうが類）　新しょうが　根茎　生,96.0,0.3,0.3,1.9,0.8,10,11,23,3,350,15,0.5,0.4,0.04,7.65,Tr,0,-,-,0.1,0.01,0.01,0.2,0.05,-,10,0.05,"{""baseName"":""新しょうが"",""part"":""根茎"",""state"":""生"",""notes"":[""しょうが類""]}",少量であれば消化促進などの利点があるが風味が強いため控えめに。,7,1,0,(8.1),(12),(6.0),(2.7),(3.0),(5.7),(7.9),(7.9),(16),(12),(3.7),(11),(4.9),(16),,,,,,,,,,"[""新しょうが"",""新ショウガ"",""新生姜"",""しんしょうが"",""young ginger"",""new ginger""]",新しょうが,,Young Ginger,,6.05,41,02021,"Spices, ginger, ground",,,,,,TRUE,スパイス > しょうが
06,06106,しろうり　果実　生,95.3,0.9,0.1,1.2,0.4,15,35,20,1,220,12,0.2,0.2,0.03,0.05,5,0,(0),(0),0.2,0.03,0.03,0.2,0.04,(0),39,0.30,"{""baseName"":""しろうり"",""part"":""果実"",""state"":""生""}",しろうりは水分が多く消化しやすい野菜で素材として適している,8,1,1,(26),(42),(35),(10),(7.2),(17),(27),(21),(48),(23),(9.8),(31),(14),(38),(0.02),(0.01),(0.01),(Tr),(4),(8),(0),-,(0),"[""しろうり"",""シロウリ"",""白瓜"",""うり"",""ウリ"",""瓜"",""white gourd""]",白瓜,,White Gourd,,11.35,11,11644,"Squash, winter, all varieties, cooked, baked without salt",168409,"Cucumber, with peel, raw",0.932147421721814,,6,FALSE,
06,06110,ずいき　生ずいき　ゆで,96.1,0.4,0,2.1,0.4,10,95,9,1,76,7,0.1,0.9,0.02,1.69,-,-,(0),(0),0.3,0,0,0,0.01,(0),10,0.10,"{""baseName"":""ずいき"",""variety"":""生ずいき"",""state"":""ゆで""}",ずいき（ゆで）は加熱済みの野菜素材で犬に対して安全に使えます。,8,1,0,(21),(31),(20),(6.3),(5.1),(11),(16),(14),(30),(13),(3.9),(21),(9.2),(18),,,,,,,,,,"[""ずいき"",""ズイキ"",""芋茎"",""zuiki"",""taro stem""]",ずいき,ゆで（生ずいき）,Zuiki (Taro Stem),Boiled (fresh),4.9,,,,,,,,,FALSE,
06,06112,ずいき　干しずいき　ゆで,95.5,0.5,0,3.1,0.6,9,130,5,2,160,8,0.7,0.3,0.05,2.35,-,-,(0),(0),0.1,0,0.01,0,0,(0),1,0.06,"{""baseName"":""ずいき"",""variety"":""干しずいき"",""state"":""ゆで""}",ゆでた干しずいきは加熱済みの野菜性素材で食物繊維が豊富、調理済みで使用しやすい,7,1,0,(26),(39),(25),(7.9),(6.4),(14),(20),(18),(37),(17),(4.8),(26),(11),(22),,,,,,,,,,"[""ずいき"",""ズイキ"",""芋茎"",""干しずいき"",""ほしずいき"",""ホシズイキ"",""zuiki"",""dried zuiki""]",ずいき,干し・ゆで,Zuiki (Taro Stem),"Dried, Boiled",2.8,,,,,,,,,FALSE,
06,06387,すいぜんじな　葉　生,93.1,0.6,0.6,4.0,1.4,16,140,42,1,530,42,0.5,0.5,0.07,2.11,3,Tr,-,-,3.8,0.06,0.12,0.5,0.08,-,66,0.03,"{""baseName"":""すいぜんじな"",""part"":""葉"",""state"":""生""}",葉物野菜で犬に与えて問題ない食材。,8,0,0,,,,,,,,,,,,,,,,,,,,,,,,"[""すいぜんじな"",""スイゼンジナ"",""水前寺菜"",""suizenjina""]",水前寺菜,葉・生,Suizenjina,"Leaves, Raw",8.25,,,,170466,"Turnip greens, cooked, boiled, drained, without salt",1.6266171398727765,,0.3,FALSE,
06,06113,すぐきな　葉　生,90.5,1.9,0.2,4.0,1.8,23,150,58,32,680,18,2.6,0.3,0.06,0.30,-,-,(0),(0),3.8,0.08,0.13,1.1,0.05,(0),200,0.35,"{""baseName"":""すぐきな"",""part"":""葉"",""state"":""生""}",葉野菜で犬に与えやすい食材。ビタミンや食物繊維の供給源として適する。,8,1,1,(99),(170),(120),(43),(22),(65),(120),(73),(190),(100),(33),(130),(46),(120),(0.14),(0.08),(0.06),(0.02),(24),(56),(0),(0),(0),"[""すぐきな"",""スグキナ"",""すぐき菜"",""suguki""]",すぐき菜,葉・生,Suguki,"Leaves, Raw",13.95,,,,170470,"Turnip greens and turnips, frozen, unprepared",1.2543576769268148,,,FALSE,
06,06114,すぐきな　根　生,93.7,0.6,0.1,1.7,0.7,19,26,35,26,310,8,0.1,0.1,0.03,0.05,-,-,(0),(0),0,0.03,0.03,0.7,0.01,(0),50,0.26,"{""baseName"":""すぐきな"",""part"":""根"",""state"":""生""}",すぐきな根（生）は野菜根部で犬に与えても問題ない一般的な素材,8,1,1,(23),(39),(42),(8.0),(9.4),(17),(24),(19),(43),(28),(8.1),(34),(15),(26),(0.07),(0.05),(0.04),(0.01),(12),(40),(0),(0),(0),"[""すぐきな"",""スグキナ"",""すぐき菜"",""すぐき"",""suguki"",""根"",""ね""]",すぐき菜,根・生,Suguki,"Root, Raw",14.15,,,,170465,,,,11.1,FALSE,
06,06116,ズッキーニ　果実　生,94.9,1.3,0.1,1.3,0.8,16,24,37,1,320,25,0.5,0.4,0.07,0.15,Tr,Tr,(0),(0),0.4,0.05,0.05,0.4,0.09,(0),36,0.22,"{""baseName"":""ズッキーニ"",""part"":""果実"",""state"":""生""}",ズッキーニは低カロリーで消化に良い野菜で、犬のレシピ素材として適している。,9,1,1,(42),(62),(59),(16),(13),(29),(38),(29),(66),(40),(14),(53),(23),(58),(0.06),(0.03),(0.02),(0.01),(9),(19),(0),(0),(0),"[""ズッキーニ"",""ずっきーに"",""ズッキーニー"",""zucchini"",""courgette""]",ズッキーニ,,Zucchini,,11,9.4,11478,"Squash, summer zucchini, includes skin, cooked, boiled, drained, without salt",168469,"Squash, summer, zucchini, includes skin, frozen, unprepared",0.8448053968338426,,,TRUE,野菜 > ズッキーニ
06,06117,せり　茎葉　生,93.4,2.0,0.1,2.5,1.2,17,34,51,19,410,24,1.6,0.3,0.15,1.24,-,-,(0),(0),0.7,0.04,0.13,1.2,0.11,(0),110,0.42,"{""baseName"":""せり"",""part"":""茎葉"",""state"":""生""}",せりは葉茎類の野菜で風味があり、犬のレシピ素材として使用可能。,8,1,1,(80),(120),(110),(18),(16),(34),(74),(60),(130),(82),(28),(120),(49),(68),(0.05),(0.03),(Tr),(0.03),(28),(5),(0),-,(0),"[""せり"",""セリ"",""芹"",""seri"",""water dropwort"",""japanese parsley""]",せり,茎葉・生,Seri,Raw,10.65,,,,,,,,,TRUE,野菜 > せり
06,06118,せり　茎葉　ゆで,93.6,2.1,0.1,2.8,0.8,17,38,40,8,190,19,1.3,0.2,0.10,1.30,-,-,(0),(0),0.6,0.02,0.06,0.6,0.07,(0),61,0.32,"{""baseName"":""せり"",""part"":""茎葉"",""state"":""ゆで""}",茹でたせりは葉茎の緑葉野菜で食物繊維やビタミンがあり犬のレシピ素材として適している,8,1,1,(84),(130),(110),(19),(17),(36),(78),(63),(140),(86),(30),(130),(51),(71),(0.05),(0.03),(Tr),(0.03),(28),(5),(0),-,(0),"[""せり"",""セリ"",""芹"",""seri"",""water dropwort"",""japanese parsley""]",せり,茎葉・ゆで,Seri,Boiled,10.3,,,,,,,,,TRUE,野菜 > せり
06,06119,セロリ　葉柄　生,94.7,0.4,0.1,1.5,1.0,12,39,39,28,410,9,0.2,0.2,0.03,0.11,1,0,(0),(0),0.2,0.03,0.03,Tr,0.08,(0),29,0.26,"{""baseName"":""セロリ"",""part"":""葉柄"",""state"":""生""}",セロリの葉柄は低カロリーで食物繊維が豊富な野菜として犬のレシピ素材に適している,7,1,1,16,23,21,3.5,3.2,6.7,14,12,26,17,5.5,24,9.4,13,0.05,0.03,Tr,0.03,28,5,0,-,0,"[""セロリ"",""せろり"",""celery"",""セロリ葉柄"",""葉柄"",""茎""]",セロリ,葉柄・生,Celery,"Leaf stalks, Raw",10.3,6.1,11143,"Celery, raw",169988,"Celery, raw",1.4953575399643213,,6.1,TRUE,野菜 > セロリ
06,06125,そらまめ　未熟豆　ゆで,71.3,10.5,0.2,4.0,1.1,103,22,230,4,390,38,2.1,1.9,0.33,0.38,-,-,(0),(0),Tr,0.22,0.18,1.2,0.13,(0),120,0.39,"{""baseName"":""そらまめ"",""variety"":""未熟豆"",""state"":""ゆで""}",ゆでたそらまめは加熱済みの豆類で繊維や蛋白源として利用可能だが、さやや不溶性部位は除く必要がある。,8,1,1,(370),(690),(630),(71),(110),(180),(470),(280),(750),(330),(79),(430),(260),(990),(0.09),(0.05),(Tr),(0.05),(48),(4),(0),-,(0),"[""そらまめ"",""ソラマメ"",""空豆"",""fava bean"",""broad bean""]",そらまめ,未熟豆・ゆで,Fava Beans,Boiled (immature),83.6,,,,170420,"Peas, green, cooked, boiled, drained, without salt",1.1328195255064075,,29.7,FALSE,
06,06126,タアサイ　葉　生,94.3,1.3,0.2,1.9,1.3,12,120,46,29,430,23,0.7,0.5,0.05,0.38,-,-,(0),(0),1.5,0.05,0.09,0.9,0.12,(0),65,0.19,"{""baseName"":""タアサイ"",""part"":""葉"",""state"":""生""}",タアサイは葉物野菜でビタミン・食物繊維の供給源として犬のレシピに使用できる。,8,1,1,(57),(99),(81),(16),(11),(27),(73),(45),(120),(62),(28),(81),(32),(87),(0.10),(0.08),(0.06),(0.01),(8),(56),(0),-,(0),"[""タアサイ"",""ターツァイ"",""ターサイ"",""タアサイ葉"",""ターツァイ葉"",""tatsoi""]",ターサイ,葉・生,Tatsoi,"Leaves, Raw",9.75,,,,170390,"Cabbage, chinese (pak-choi), raw",0.8941705108167264,,6.4,TRUE,野菜 > タアサイ
06,06127,タアサイ　葉　ゆで,95.0,1.1,0.2,2.1,0.9,11,110,43,23,320,18,0.6,0.4,0.04,0.32,-,-,(0),(0),1.7,0.02,0.03,0.4,0.05,(0),42,0.09,"{""baseName"":""タアサイ"",""part"":""葉"",""state"":""ゆで""}",タアサイの葉（ゆで）は安全な葉物野菜で、犬のレシピ素材として適している,9,1,1,(48),(84),(68),(14),(9.0),(23),(62),(38),(100),(52),(24),(69),(27),(73),(0.10),(0.08),(0.06),(0.01),(8),(56),(0),-,(0),"[""タアサイ"",""ターツァイ"",""ターサイ"",""タアサイ葉"",""ターツァイ葉"",""tatsoi""]",ターサイ,葉・ゆで,Tatsoi,"Leaves, Boiled",8,,,,,,,,,TRUE,野菜 > タアサイ
06,06128,（だいこん類）　かいわれだいこん　芽ばえ　生,93.4,2.1,0.5,1.9,0.6,21,54,61,5,99,33,0.5,0.3,0.03,0.35,12,0,(0),(0),2.1,0.08,0.13,1.3,0.23,(0),96,0.29,"{""baseName"":""かいわれだいこん"",""part"":""芽ばえ"",""state"":""生"",""notes"":[""だいこん類""]}",かいわれ大根は野菜でビタミンや食物繊維があり犬に与えやすい素材。,8,1,1,(94),(170),(140),(35),(25),(59),(120),(81),(200),(110),(44),(130),(53),(120),(0.21),(0.15),(0.11),(0.02),(16),(110),(0),-,(1),"[""かいわれだいこん"",""カイワレダイコン"",""貝割大根"",""かいわれ"",""カイワレ"",""radish sprouts"",""kaiware""]",かいわれ大根,芽ばえ・生,Daikon Sprouts,Raw,16.85,,,,168408,"Cress, garden, cooked, boiled, drained, without salt",1.0148748073833223,,13.8,TRUE,野菜 > カイワレ大根
06,06129,（だいこん類）　葉だいこん　葉　生,92.6,2.0,0.2,2.6,1.5,17,170,43,41,340,25,1.4,0.4,0.05,0.23,-,-,(0),(0),1.5,0.07,0.15,0.5,0.22,(0),130,0.39,"{""baseName"":""葉だいこん"",""part"":""葉"",""state"":""生"",""notes"":[""だいこん類""]}",大根の葉はビタミン・ミネラル源として利用可能な葉物野菜で犬に適している,8,1,1,(89),(160),(130),(33),(23),(57),(120),(77),(190),(100),(42),(120),(51),(110),(0.09),(0.06),(0.04),(0.01),(6),(44),(0),-,(Tr),"[""葉だいこん"",""葉大根"",""はだいこん"",""大根葉"",""大根の葉"",""daikon leaves"",""radish leaves""]",大根葉,葉だいこん・生,Daikon Leaves,"Leaf-daikon, Raw",12.55,,,,170061,"Turnip greens, raw",0.9258164730606795,,,TRUE,野菜 > 大根
06,06130,（だいこん類）　だいこん　葉　生,90.6,2.2,0.1,4.0,1.6,23,260,52,48,400,22,3.1,0.3,0.04,0.27,-,-,(0),(0),3.8,0.09,0.16,0.5,0.18,(0),140,0.26,"{""baseName"":""だいこん"",""part"":""葉"",""state"":""生"",""notes"":[""だいこん類""]}",生の大根葉は葉物野菜としてビタミンや繊維が豊富で犬のレシピ素材として適している。,8,1,1,100,180,140,37,26,63,130,88,220,120,47,140,56,130,0.04,0.03,0.02,Tr,3,22,0,-,Tr,"[""だいこん"",""ダイコン"",""大根"",""daikon"",""radish"",""大根の葉"",""大根葉"",""daikon leaves""]",大根葉,だいこん・生,Daikon Leaves,"Daikon, Raw",13.8,,,,,,,,,TRUE,野菜 > 大根
06,06131,（だいこん類）　だいこん　葉　ゆで,91.3,2.2,0.1,3.6,0.9,24,220,62,28,180,22,2.2,0.2,0.03,0.25,-,-,(0),(0),4.9,0.01,0.06,0.1,0.10,(0),54,0.11,"{""baseName"":""だいこん"",""part"":""葉"",""state"":""ゆで"",""notes"":[""だいこん類""]}",大根の葉（ゆで）はビタミンや食物繊維の供給源で加熱済みのため安全に使える。,8,1,1,(98),(180),(140),(36),(26),(62),(130),(85),(210),(110),(47),(140),(56),(130),(0.04),(0.03),(0.02),(Tr),(3),(22),(0),-,(Tr),"[""だいこん"",""ダイコン"",""大根"",""daikon"",""radish"",""大根の葉"",""大根葉"",""daikon leaves""]",大根葉,だいこん・ゆで,Daikon Leaves,"Daikon, Boiled",15.2,,,,,,,,,TRUE,野菜 > 大根
06,06132,（だいこん類）　だいこん　根　皮つき　生,94.6,0.5,0.1,1.4,0.6,15,24,18,19,230,10,0.2,0.2,0.02,0.04,3,1,(0),(0),0,0.02,0.01,0.3,0.04,(0),34,0.12,"{""baseName"":""だいこん"",""part"":""根"",""formModifiers"":[""皮つき""],""state"":""生"",""notes"":[""だいこん類""]}",生の大根は低カロリーで消化しやすく犬に安全な野菜素材。,8,1,1,18,23,24,5.4,6.3,12,16,12,28,21,4.9,27,11,22,0.04,0.02,0.02,0.01,6,18,0,-,0,"[""大根"",""だいこん"",""ダイコン"",""radish"",""daikon""]",大根,皮つき・生,Daikon,"Skin-on, Raw",12.4,6.5,11429,"Radishes, raw",168451,"Radishes, oriental, raw",1.632910470582595,,7.3,TRUE,野菜 > 大根
06,06133,（だいこん類）　だいこん　根　皮つき　ゆで,94.4,0.4,Tr,1.6,0.5,15,24,18,14,210,9,0.2,0.2,0.02,0.05,-,-,(0),(0),0,0.02,0.01,0.2,0.03,(0),38,0.10,"{""baseName"":""だいこん"",""part"":""根"",""formModifiers"":[""皮つき""],""state"":""ゆで"",""notes"":[""だいこん類""]}",ゆでた大根は消化に良い根菜で犬用素材として適する。,9,1,0,(14),(18),(19),(4.3),(5.0),(9.3),(12),(9.4),(22),(15),(3.9),(21),(8.7),(17),,,,,,,,,,"[""大根"",""だいこん"",""ダイコン"",""radish"",""daikon""]",大根,皮つき・ゆで,Daikon,"Skin-on, Boiled",12.25,6.5,11429,"Radishes, raw",170058,"Turnips, cooked, boiled, drained, without salt",1.7794116623753848,,8.7,TRUE,野菜 > 大根
06,06134,（だいこん類）　だいこん　根　皮なし　生,94.6,0.4,0.1,1.3,0.6,15,23,17,17,230,10,0.2,0.1,0.02,0.04,3,1,(0),(0),0,0.02,0.01,0.2,0.05,(0),33,0.11,"{""baseName"":""だいこん"",""part"":""根"",""formModifiers"":[""皮なし""],""state"":""生"",""notes"":[""だいこん類""]}",生の大根は消化しやすい野菜で犬の素材として適している。,8,1,1,13,17,18,4.2,5.2,9.4,11,8.7,20,15,3.8,20,8.0,16,(0.04),(0.02),(0.02),(0.01),(6),(18),(0),-,(0),"[""大根"",""だいこん"",""ダイコン"",""radish"",""daikon""]",大根,皮なし・生,Daikon,"Peeled, Raw",12.75,6.5,11429,"Radishes, raw",168451,"Radishes, oriental, raw",1.736321750350526,,7.3,TRUE,野菜 > 大根
06,06367,（だいこん類）　だいこん　根　皮なし　生　おろし,90.5,0.6,0.2,5.1,0.6,25,63,19,30,190,23,0.3,0.3,0.02,0.06,1,Tr,(0),(0),(0),0.02,0.01,0.2,0.04,(0),23,0.07,"{""baseName"":""だいこん"",""variety"":""おろし"",""part"":""根"",""formModifiers"":[""皮なし""],""state"":""生"",""notes"":[""だいこん類""]}",大根おろしは消化を助ける野菜で犬のレシピ素材として適している,8,1,0,(21),(26),(27),(6.5),(8.1),(15),(18),(14),(31),(24),(5.9),(31),(12),(25),,,,,,,,,,"[""大根おろし"",""大根"",""だいこん"",""ダイコン"",""radish"",""daikon""]",大根おろし,皮なし・生,Grated Daikon,"Peeled, Raw",14.3,6.5,11429,"Radishes, raw",168451,"Radishes, oriental, raw",1.440343935398679,,7.3,TRUE,野菜 > 大根
06,06368,（だいこん類）　だいこん　根　皮なし　生　おろし汁,96.5,0.3,Tr,0.1,0.4,12,14,13,21,140,9,0.1,0.1,0.01,0.01,3,0,(0),(0),(0),0.02,0.01,0.1,0.03,(0),21,0.07,"{""baseName"":""だいこん"",""variety"":""おろし汁"",""part"":""根"",""formModifiers"":[""皮なし""],""state"":""生"",""notes"":[""だいこん類""]}",大根（おろし汁）は消化に良い野菜原料で犬の素材として適切,9,1,0,(10),(13),(14),(3.2),(4.1),(7.3),(8.8),(6.8),(16),(12),(3.0),(16),(6.2),(13),,,,,,,,,,"[""大根おろし汁"",""大根おろし"",""大根"",""だいこん"",""radish"",""daikon""]",大根おろし汁,皮なし・生,Grated Daikon Juice,"Peeled, Raw",10.5,6.5,11429,"Radishes, raw",168452,"Radishes, oriental, cooked, boiled, drained, without salt",2.3586025120437304,,6.8,TRUE,野菜 > 大根
06,06369,（だいこん類）　だいこん　根　皮なし　生　おろし水洗い,91.4,0.6,0.1,4.7,0.6,23,57,16,25,170,21,0.2,0.2,0.01,0.06,1,Tr,(0),(0),(0),0.02,0.01,0.1,0.03,(0),19,0.05,"{""baseName"":""だいこん"",""variety"":""おろし水洗い"",""part"":""根"",""formModifiers"":[""皮なし""],""state"":""生"",""notes"":[""だいこん類""]}",大根は消化しやすい野菜でレシピ素材として適切,9,1,0,(19),(23),(25),(5.8),(7.3),(13),(16),(12),(28),(22),(5.3),(28),(11),(23),,,,,,,,,,"[""大根おろし"",""大根"",""だいこん"",""ダイコン"",""radish"",""daikon""]",大根おろし,皮なし・生・水洗い,Grated Daikon,"Peeled, Raw, Washed",12.05,6.5,11429,"Radishes, raw",168451,"Radishes, oriental, raw",1.8940971207023507,,7.3,TRUE,野菜 > 大根
06,06135,（だいこん類）　だいこん　根　皮なし　ゆで,94.8,0.5,0.1,1.7,0.5,15,25,14,12,210,10,0.2,0.1,0.01,0.05,3,1,(0),(0),0,0.02,0.01,0.2,0.04,(0),33,0.08,"{""baseName"":""だいこん"",""part"":""根"",""formModifiers"":[""皮なし""],""state"":""ゆで"",""notes"":[""だいこん類""]}",ゆで大根は消化しやすい野菜でレシピに使いやすい,9,1,1,(16),(21),(22),(5.2),(6.5),(12),(14),(10),(24),(18),(4.7),(25),(9.9),(20),(0.04),(0.02),(0.02),(0.01),(6),(18),(0),-,(0),"[""大根"",""だいこん"",""ダイコン"",""radish"",""daikon""]",大根,皮なし・ゆで,Daikon,"Peeled, Boiled",11,6.5,11429,"Radishes, raw",168452,"Radishes, oriental, cooked, boiled, drained, without salt",2.3671088022380067,,6.8,TRUE,野菜 > 大根
06,06136,（だいこん類）　切干しだいこん　乾,8.4,9.7,0.8,21.3,8.5,280,500,220,210,3500,160,3.1,2.1,0.13,0.74,20,2,(0),(0),0,0.35,0.20,4.6,0.29,(0),210,1.24,"{""baseName"":""切干しだいこん"",""state"":""乾"",""notes"":[""だいこん類""]}",切干しだいこんは乾燥野菜で食物繊維が豊富、犬の素材として適切。,8,1,1,(310),(400),(430),(100),(130),(230),(270),(200),(480),(350),(92),(480),(190),(390),(0.32),(0.19),(0.14),(0.04),(44),(140),(0),-,(0),"[""切干し大根"",""切り干し大根"",""きりぼしだいこん"",""キリボシダイコン"",""kiriboshi daikon"",""dried daikon"",""干し大根"",""ほしだいこん""]",切り干し大根,乾燥,Kiriboshi Daikon,Dried,220.3,6.5,11429,"Radishes, raw",,,,,,TRUE,野菜 > 切り干し大根
06,06334,（だいこん類）　切干しだいこん　ゆで,94.6,0.9,0.1,3.7,0.3,13,60,10,4,62,14,0.4,0.2,0.02,0.08,-,-,(0),(0),0,0.01,Tr,0.1,0.01,(0),7,0.04,"{""baseName"":""切干しだいこん"",""state"":""ゆで"",""notes"":[""だいこん類""]}",切干しだいこん（ゆで）は食物繊維が豊富で消化に適した野菜素材として利用可能。,8,1,1,(28),(37),(39),(9.1),(11),(21),(25),(19),(43),(32),(8.3),(44),(18),(35),(0.05),(0.03),(0.02),(0.01),(6),(21),(0),-,(0),"[""切干し大根"",""切り干し大根"",""きりぼしだいこん"",""キリボシダイコン"",""kiriboshi daikon"",""dried daikon"",""干し大根"",""ほしだいこん""]",切り干し大根,ゆで,Kiriboshi Daikon,Boiled,5.4,6.5,11429,"Radishes, raw",168451,"Radishes, oriental, raw",2.0460985495269814,,7.3,TRUE,野菜 > 切り干し大根
06,06144,（たいさい類）　つまみな　葉　生,92.3,1.9,0.3,2.3,1.6,19,210,55,22,450,30,3.3,0.4,0.07,0.22,-,-,(0),(0),1.4,0.06,0.14,1.0,0.10,(0),65,0.33,"{""baseName"":""つまみな"",""part"":""葉"",""state"":""生"",""notes"":[""たいさい類""]}",つまみな（葉）は葉物野菜として消化に良く犬のレシピ素材として適切,8,1,1,(85),(150),(120),(24),(16),(40),(110),(69),(180),(97),(42),(120),(48),(130),0.12,0.08,0.06,0.01,12,56,0,0,0,"[""つまみ菜"",""つまみな"",""ツマミナ"",""tsumamina"",""葉物野菜"",""leafy greens""]",つまみ菜,,Tsumamina,,14.8,,,,169256,"Mustard greens, raw",1.103654384344883,,0.5,TRUE,野菜 > つまみな
06,06145,（たいさい類）　たいさい　葉　生,93.7,0.9,0.1,1.6,1.2,15,79,49,38,340,22,1.1,0.7,0.03,0.76,-,-,(0),(0),0.9,0.07,0.07,0.5,0.08,(0),120,0.14,"{""baseName"":""たいさい"",""part"":""葉"",""state"":""生"",""notes"":[""たいさい類""]}",大白菜の葉はビタミンや食物繊維が豊富で犬のレシピ素材として適している。,8,1,1,(40),(69),(57),(11),(7.4),(19),(51),(33),(84),(46),(20),(58),(23),(61),(0.04),(0.03),(0.02),(Tr),(4),(19),(0),(0),(0),"[""たいさい"",""タイサイ"",""大菜"",""taisai"",""葉物野菜"",""leafy greens""]",たいさい,,Taisai,,12.75,,,,169891,"Cabbage, mustard, salted",1.1370780203899584,,21.5,TRUE,野菜 > タアサイ
06,06147,たかな　葉　生,92.7,1.8,0.2,2.5,0.9,21,87,35,43,300,16,1.7,0.3,0.04,0.24,2,Tr,(0),(0),0.8,0.06,0.10,0.4,0.16,(0),180,0.27,"{""baseName"":""たかな"",""part"":""葉"",""state"":""生""}",たかなの葉は葉野菜としてビタミンや食物繊維があり素材に適する,8,1,0,(71),(130),(120),(31),(21),(51),(87),(59),(150),(87),(32),(100),(42),(110),,,,,,,,,,"[""高菜"",""たかな"",""タカナ"",""takana"",""mustard greens"",""leaf mustard""]",高菜,,Takana (mustard greens),,14.65,,,,169258,"Mustard greens, frozen, unprepared",0.8693707513084992,,,TRUE,野菜 > たかな
06,06149,たけのこ　若茎　生,90.8,3.6,0.2,2.8,1.1,27,16,62,Tr,520,13,0.4,1.3,0.13,0.68,4,1,(0),(0),0.7,0.05,0.11,0.7,0.13,(0),63,0.63,"{""baseName"":""たけのこ"",""part"":""若茎"",""state"":""生""}",たけのこは野菜として利用できるが調理して与えるのが一般的で素材として使用可能,7,1,1,89,160,150,40,42,82,100,180,280,110,31,140,63,130,(0.14),(0.09),(0.01),(0.08),(76),(13),(0),(0),(0),"[""筍"",""たけのこ"",""タケノコ"",""bamboo shoot"",""bamboo shoots""]",たけのこ,若茎・生,Bamboo Shoot,"Young Shoot, Raw",19.55,,,,169314,"Asparagus, canned, no salt added, solids and liquids",1.1204627566107244,,,TRUE,野菜 > たけのこ
06,06150,たけのこ　若茎　ゆで,89.9,3.5,0.2,3.3,0.9,31,17,60,1,470,11,0.4,1.2,0.13,0.55,-,-,(0),0,1.0,0.04,0.09,0.6,0.06,(0),63,0.63,"{""baseName"":""たけのこ"",""part"":""若茎"",""state"":""ゆで""}",ゆでたたけのこは加熱済みで与えやすく、野菜素材として利用可能,8,1,1,(84),(150),(150),(38),(41),(79),(97),(170),(270),(100),(30),(130),(61),(120),(0.14),(0.09),(0.01),(0.08),(75),(14),-,-,-,"[""筍"",""たけのこ"",""タケノコ"",""bamboo shoot"",""bamboo shoots""]",たけのこ,若茎・ゆで,Bamboo Shoot,"Young Shoot, Boiled",21.65,,,,,,,,,TRUE,野菜 > たけのこ
06,06151,たけのこ　水煮缶詰,92.8,2.7,0.2,2.3,0.3,22,19,38,3,77,4,0.3,0.4,0.04,0.68,0,0,(0),(0),1.0,0.01,0.04,0.1,0.02,(0),36,0.10,"{""baseName"":""たけのこ"",""state"":""水煮缶詰""}",たけのこ水煮は加熱済みで消化しやすく、犬の素材として問題なく使える,8,1,1,(64),(120),(110),(30),(31),(61),(75),(130),(210),(79),(23),(99),(47),(94),(0.14),(0.09),(0.01),(0.08),(76),(14),(0),(0),(0),"[""たけのこ缶詰"",""たけのこ"",""タケノコ"",""筍"",""bamboo shoot"",""bamboo shoots"",""たけのこ缶""]",たけのこ缶詰,水煮,Canned Bamboo Shoots,Water-packed,17.1,,,,169212,"Bamboo shoots, canned, drained solids",2.195797719146573,,0,TRUE,野菜 > たけのこ
06,06157,たらのめ　若芽　生,90.2,4.2,0.2,4.2,1.1,27,16,120,1,460,33,0.9,0.8,0.35,0.47,0,1,(0),(0),2.4,0.15,0.20,2.5,0.22,(0),160,0.53,"{""baseName"":""たらのめ"",""part"":""若芽"",""state"":""生""}",たらのめは山菜として風味があり利用できるが生のままは消化性に配慮が必要,7,0,0,,,,,,,,,,,,,,,,,,,,,,,,"[""タラの芽"",""たらのめ"",""タラノメ"",""tara no me"",""tara shoot"",""tara buds""]",タラの芽,若芽・生,Tara no me,"Young Shoot, Raw",16.75,,,,169208,"Asparagus, frozen, unprepared",1.2132915957060977,,,FALSE,
06,06158,たらのめ　若芽　ゆで,90.8,4.0,0.2,3.6,0.9,27,19,92,1,260,28,0.9,0.7,0.30,0.44,-,-,(0),(0),2.0,0.07,0.11,1.3,0.11,(0),83,0.23,"{""baseName"":""たらのめ"",""part"":""若芽"",""state"":""ゆで""}",たらのめ（ゆで）は山菜の調理済み素材で風味付けや食感の要素として利用可能,7,0,0,,,,,,,,,,,,,,,,,,,,,,,,"[""タラの芽"",""たらのめ"",""タラノメ"",""tara no me"",""tara shoot"",""tara buds""]",タラの芽,若芽・ゆで,Tara no me,"Young Shoot, Boiled",17.45,,,,170472,"Vegetables, mixed, frozen, cooked, boiled, drained, without salt",0.8447677377273362,,24.1,FALSE,
06,06159,チコリ　若芽　生,94.7,1.0,Tr,1.1,0.4,17,24,25,3,170,9,0.2,0.2,0.05,0.07,1,0,(0),(0),0.2,0.06,0.02,0.2,0.03,(0),41,0.14,"{""baseName"":""チコリ"",""part"":""若芽"",""state"":""生""}",チコリの若芽は食物繊維を含む安全な葉菜で適量であれば利用可能。,8,1,0,(39),(62),(53),(13),(8.6),(22),(38),(30),(67),(46),(12),(48),(19),(48),,,,,,,,,,"[""チコリ"",""ちこり"",""Chicory"",""chicory""]",チコリ,,Chicory,,13.3,,,,170404,"Chicory, witloof, raw",0.557637487890865,,,FALSE,
06,06376,ちぢみゆきな　葉　生,88.1,3.6,0.6,3.9,1.7,35,180,88,18,570,30,3.0,0.9,0.09,0.41,-,-,(0),(0),-,0.09,0.21,1.6,-,(0),180,0.29,"{""baseName"":""ちぢみゆきな"",""part"":""葉"",""state"":""生""}",葉物野菜で繊維やビタミン源。レシピ素材として適切,8,1,0,(160),(280),(230),(45),(30),(75),(200),(130),(330),(180),(79),(230),(91),(240),,,,,,,,,,"[""ちぢみゆきな"",""チヂミユキナ"",""縮み雪菜"",""ちぢみ雪菜"",""ゆきな"",""雪菜"",""chijimi yukina"",""yukina""]",ちぢみゆきな,葉・生,Chijimi Yukina,"Leaves, Raw",25.05,,,,169256,"Mustard greens, raw",1.2647279832857878,,0.5,FALSE,
06,06377,ちぢみゆきな　葉　ゆで,89.1,3.8,0.7,4.3,1.0,34,130,82,15,320,21,1.4,0.7,0.09,0.32,-,-,(0),(0),-,0.06,0.12,0.7,-,(0),120,0.27,"{""baseName"":""ちぢみゆきな"",""part"":""葉"",""state"":""ゆで""}",ゆでた葉物野菜で消化に良く素材として適している,8,1,0,(170),(290),(240),(47),(31),(78),(210),(140),(350),(190),(83),(240),(95),(260),,,,,,,,,,"[""ちぢみゆきな"",""チヂミユキナ"",""縮み雪菜"",""ちぢみ雪菜"",""ゆきな"",""雪菜"",""chijimi yukina"",""yukina""]",ちぢみゆきな,葉・ゆで,Chijimi Yukina,"Leaves, Boiled",23.1,,,,170469,"Turnip greens, frozen, cooked, boiled, drained, without salt",1.0905056761258782,,0.5,FALSE,
06,06160,チンゲンサイ　葉　生,96.0,0.6,0.1,1.2,0.8,9,100,27,32,260,16,1.1,0.3,0.07,0.12,Tr,1,(0),(0),0.7,0.03,0.07,0.3,0.08,(0),66,0.17,"{""baseName"":""チンゲンサイ"",""part"":""葉"",""state"":""生""}",チンゲンサイの葉は野菜として適し、加熱やみじん切りで与えやすい。,8,1,1,34,56,47,7.0,4.7,12,39,26,65,40,16,46,19,48,(0.07),(0.05),(0.03),(0.02),(21),(28),(0),(0),(0),"[""チンゲンサイ"",""ちんげんさい"",""青梗菜"",""bok choy"",""pak choi"",""bokchoy"",""葉"",""は"",""はっぱ"",""leaf""]",チンゲンサイ,葉・生,Bok choy,"Leaves, Raw",7.5,,,,170465,"Turnips, raw",1.3875643063663143,,11.1,TRUE,野菜 > チンゲン菜
06,06161,チンゲンサイ　葉　ゆで,95.3,0.9,0.1,1.5,0.8,11,120,27,28,250,17,0.7,0.2,0.06,0.17,-,-,(0),(0),0.9,0.03,0.05,0.3,0.04,(0),53,0.12,"{""baseName"":""チンゲンサイ"",""part"":""葉"",""state"":""ゆで""}",ゆでた青菜でビタミン・葉野菜として適切（茎や硬い部分は除去前提）,9,1,1,(49),(83),(70),(10),(6.9),(17),(58),(38),(95),(55),(24),(67),(28),(70),(0.07),(0.05),(0.03),(0.02),(21),(28),(0),(0),(0),"[""チンゲンサイ"",""ちんげんさい"",""青梗菜"",""bok choy"",""pak choi"",""bokchoy"",""葉"",""は"",""はっぱ"",""leaf""]",チンゲンサイ,葉・ゆで,Bok choy,"Leaves, Boiled",8.9,,,,168517,"Cabbage, chinese (pak-choi), cooked, boiled, drained, with salt",1.261334403127093,,12.1,TRUE,野菜 > チンゲン菜
06,06338,チンゲンサイ　葉　油いため,92.6,0.8,3.2,1.4,0.7,36,92,27,31,230,16,0.9,0.3,0.07,0.12,-,-,(0),(0),1.4,0.03,0.06,0.3,0.05,(0),62,0.12,"{""baseName"":""チンゲンサイ"",""part"":""葉"",""state"":""油いため""}",チンゲンサイの葉の油炒めは葉物野菜として使いやすく問題ないが油分に留意。,8,1,1,(41),(69),(58),(8.6),(5.8),(14),(48),(31),(80),(46),(20),(56),(23),(59),(2.98),(0.87),(0.27),(0.60),(600),(270),(0),(0),(0),"[""チンゲンサイ"",""ちんげんさい"",""青梗菜"",""bok choy"",""pak choi"",""bokchoy"",""葉"",""は"",""はっぱ"",""leaf""]",チンゲンサイ,葉・油いため,Bok choy,"Leaves, Stir-fried",34.55,,,,169979,"Cabbage, chinese (pe-tsai), raw",1.389363226488139,,7.6,TRUE,野菜 > チンゲン菜
06,06163,つくし　胞子茎　ゆで,88.9,3.4,0.1,6.7,0.9,28,58,82,4,340,26,1.1,1.0,0.16,0.18,-,-,(0),(0),3.6,Tr,0.10,1.1,0.21,(0),74,0.48,"{""baseName"":""つくし"",""part"":""胞子茎"",""state"":""ゆで""}",茹でて調理済みの山菜系素材で消化にやさしく使用可能,7,0,0,,,,,,,,,,,,,,,,,,,,,,,,"[""つくし"",""ツクシ"",""土筆"",""tsukushi"",""horsetail"",""horsetail shoot"",""field horsetail"",""胞子茎"",""ほうしけい""]",つくし,胞子茎・ゆで,Horsetail shoot,"Spore stalks, Boiled",12.75,,,,,,,,,FALSE,
06,06164,つるな　茎葉　生,93.8,1.8,0.1,2.3,1.3,15,48,75,5,300,35,3.0,0.5,0.06,0.81,-,-,(0),(0),1.3,0.08,0.30,1.0,0.13,(0),90,0.46,"{""baseName"":""つるな"",""part"":""茎葉"",""state"":""生""}",つるな（茎葉）は野菜として安全に利用できる栄養源である,8,0,0,,,,,,,,,,,,,,,,,,,,,,,,"[""つるな"",""ツルナ"",""蔓菜"",""tsuruna"",""sea purslane"",""new zealand spinach"",""茎葉"",""茎"",""葉"",""stem"",""leaf""]",つるな,茎葉・生,Sea purslane,"Stems & leaves, Raw",9.6,,,,,,,,,FALSE,
06,06390,つるにんじん　根　生,77.7,1.0,0.7,17.1,0.8,55,61,75,2,190,33,5.9,0.5,0.11,0.40,2,1,0,0,3.6,0.06,0.05,0.5,0.41,-,16,0.28,"{""baseName"":""つるにんじん"",""part"":""根"",""state"":""生""}",つるにんじんの根は野菜の根菜として安全で繊維や栄養が期待できる素材,8,0,0,,,,,,,,,,,,,,,,,,,,,,,,"[""つるにんじん"",""ツルニンジン"",""蔓人参"",""tsuruninjin"",""tsuru ninjin"",""根"",""ね"",""root""]",つるにんじん,根・生,Tsuruninjin,"Root, Raw",18.9,,,,170417,"Parsnips, raw",1.3432918654049357,,,FALSE,
06,06165,つるむらさき　茎葉　生,95.1,0.7,0.2,2.2,1.1,11,150,28,9,210,67,0.5,0.4,0.05,0.29,-,-,(0),(0),1.1,0.03,0.07,0.3,0.09,(0),78,0.21,"{""baseName"":""つるむらさき"",""part"":""茎葉"",""state"":""生""}",つるむらさきは葉茎の緑黄色野菜でビタミンやミネラルの供給源として適する。,8,1,0,(27),(45),(35),(11),(9.2),(20),(33),(26),(58),(29),(13),(35),(16),(43),,,,,,,,,,"[""つるむらさき"",""ツルムラサキ"",""蔓紫"",""tsurumurasaki"",""malabar spinach"",""indian spinach"",""茎葉"",""茎"",""葉"",""stem"",""leaf""]",つるむらさき,茎葉・生,Malabar spinach,"Stems & leaves, Raw",6.6,,,,168441,"New Zealand spinach, cooked, boiled, drained, without salt",1.4355536510067084,,,FALSE,
06,06166,つるむらさき　茎葉　ゆで,94.5,0.9,0.2,3.1,0.9,12,180,24,7,150,41,0.4,0.4,0.07,0.32,-,-,(0),(0),1.3,0.02,0.05,0.2,0.04,(0),51,0.15,"{""baseName"":""つるむらさき"",""part"":""茎葉"",""state"":""ゆで""}",茹でたつるむらさきは消化に良く栄養価もある安全な葉茎野菜です。,9,1,0,(34),(58),(45),(14),(12),(26),(42),(33),(75),(38),(17),(45),(21),(56),,,,,,,,,,"[""つるむらさき"",""ツルムラサキ"",""蔓紫"",""tsurumurasaki"",""malabar spinach"",""indian spinach"",""茎葉"",""茎"",""葉"",""stem"",""leaf""]",つるむらさき,茎葉・ゆで,Malabar spinach,"Stems & leaves, Boiled",6.25,,,,,,,,,FALSE,
06,06173,とうがん　果実　生,95.2,0.5,0.1,1.3,0.4,15,19,18,1,200,7,0.2,0.1,0.02,0.02,7,0,(0),(0),0.1,0.01,0.01,0.4,0.03,(0),26,0.21,"{""baseName"":""とうがん"",""part"":""果実"",""state"":""生""}",冬瓜は低カロリーで消化性の良い野菜で、犬のレシピ素材として適している。,8,1,1,(14),(23),(20),(5.7),(4.0),(9.7),(15),(12),(27),(13),(5.4),(17),(7.8),(21),(0.07),(0.04),(0),(0.04),(44),-,-,-,-,"[""とうがん"",""トウガン"",""冬瓜"",""tougan"",""wax gourd"",""winter melon"",""ash gourd"",""瓜"",""gourd""]",とうがん,果実・生,Winter melon,"Fruit, Raw",11.35,,,,,,,,,TRUE,野菜 > 冬瓜
06,06174,とうがん　果実　ゆで,95.3,0.6,0.1,1.5,0.3,15,22,19,1,200,7,0.3,0.1,0.01,0.02,-,-,(0),(0),0.1,0.01,0.01,0.4,0.03,(0),25,0.20,"{""baseName"":""とうがん"",""part"":""果実"",""state"":""ゆで""}",とうがん（ゆで）は水分が多く低カロリーで消化しやすい野菜素材であるため,8,1,1,(17),(28),(23),(6.8),(4.8),(12),(18),(14),(32),(15),(6.5),(21),(9.4),(25),(0.07),(0.04),(0),(0.04),(44),(0),(0),(0),(0),"[""とうがん"",""トウガン"",""冬瓜"",""tougan"",""wax gourd"",""winter melon"",""ash gourd"",""瓜"",""gourd""]",とうがん,果実・ゆで,Winter melon,"Fruit, Boiled",10.65,,,,,,,,,TRUE,野菜 > 冬瓜
06,06175,（とうもろこし類）　スイートコーン　未熟種子　生,77.1,3.6,1.7,3.0,0.8,89,3,100,Tr,290,37,0.8,1.0,0.10,0.32,0,Tr,0,(0),0.3,0.15,0.10,2.3,0.14,(0),95,0.58,"{""baseName"":""スイートコーン"",""variety"":""未熟種子"",""state"":""生"",""notes"":[""とうもろこし類""]}",生のスイートコーンは食物繊維と炭水化物の供給源として使えるが粒のままだと消化に配慮する必要がある。,8,1,1,110,320,160,78,64,140,140,120,260,140,31,170,83,150,1.29,0.54,0.02,0.53,530,16,0,-,0,"[""スイートコーン"",""すいーとこーん"",""スイートコーン"",""スイートコーン"",""とうもろこし"",""トウモロコシ"",""玉蜀黍"",""sweet corn"",""corn"",""コーン""]",スイートコーン,未熟種子・生,Sweet corn,"Immature kernels, Raw",75.35,22,11179,"Corn, sweet yellow, frozen, kernels cut of cob, boiled, drained, without salt",169998,"Corn, sweet, yellow, raw",0.9191369496916725,,23,TRUE,野菜 > とうもろこし
06,06176,（とうもろこし類）　スイートコーン　未熟種子　ゆで,75.4,3.5,1.7,3.1,0.8,95,5,100,Tr,290,38,0.8,1.0,0.10,0.31,-,-,0,(0),0.3,0.12,0.10,2.2,0.12,(0),86,0.51,"{""baseName"":""スイートコーン"",""variety"":""未熟種子"",""state"":""ゆで"",""notes"":[""とうもろこし類""]}",茹でたスイートコーンの未熟種子は消化可能な炭水化物源として犬に利用できる。,8,1,1,(110),(310),(150),(75),(61),(140),(140),(110),(250),(130),(30),(160),(80),(140),(1.29),(0.54),(0.02),(0.53),(530),(16),(0),-,(0),"[""スイートコーン"",""すいーとこーん"",""スイートコーン"",""スイートコーン"",""とうもろこし"",""トウモロコシ"",""玉蜀黍"",""sweet corn"",""corn"",""コーン""]",スイートコーン,未熟種子・ゆで,Sweet corn,"Immature kernels, Boiled",80.95,22,11179,"Corn, sweet yellow, frozen, kernels cut of cob, boiled, drained, without salt",169999,"Corn, sweet, yellow, cooked, boiled, drained, without salt",0.9765660738676998,,29.1,TRUE,野菜 > とうもろこし
06,06339,（とうもろこし類）　スイートコーン　未熟種子　電子レンジ調理,73.5,4.2,2.2,3.4,1.0,104,3,120,0,330,42,0.9,1.1,0.10,0.32,-,-,(0),(0),0.3,0.16,0.11,2.4,0.14,(0),97,0.67,"{""baseName"":""スイートコーン"",""variety"":""未熟種子"",""state"":""電子レンジ調理"",""notes"":[""とうもろこし類""]}",加熱したスイートコーンは消化可能な炭水化物で犬に使える,8,1,1,(130),(370),(180),(90),(74),(160),(170),(130),(300),(150),(36),(190),(96),(170),(1.65),(0.69),(0.02),(0.67),(670),(20),(0),-,(0),"[""スイートコーン"",""すいーとこーん"",""とうもろこし"",""トウモロコシ"",""玉蜀黍"",""sweet corn"",""corn"",""コーン"",""電子レンジ用コーン"",""microwave corn""]",スイートコーン,未熟種子・電子レンジ調理,Sweet corn,"Immature kernels, Microwave-cooked",88.35,22,11179,"Corn, sweet yellow, frozen, kernels cut of cob, boiled, drained, without salt",169217,"Corn, yellow, whole kernel, frozen, microwaved",1.390720740247474,,30.3,TRUE,野菜 > とうもろこし
06,06177,（とうもろこし類）　スイートコーン　未熟種子　穂軸つき　冷凍,75.6,3.5,1.5,2.8,0.7,96,4,90,1,230,33,0.6,1.0,0.08,0.22,-,-,(0),(0),0.1,0.12,0.09,2.2,0.10,(0),77,0.49,"{""baseName"":""スイートコーン"",""variety"":""未熟種子 穂軸つき"",""state"":""冷凍"",""notes"":[""とうもろこし類""]}",スイートコーン（未熟種子）は一般に犬に安全で使いやすい穀物性素材である。,8,1,1,(140),(380),(150),(73),(29),(100),(160),(130),(300),(140),(25),(200),(96),(140),1.30,0.57,0.02,0.55,550,21,0,0,0,"[""スイートコーン"",""とうもろこし"",""トウモロコシ"",""玉蜀黍"",""sweet corn"",""corn"",""コーン"",""冷凍コーン"",""frozen corn""]",スイートコーン,未熟種子・穂軸つき・冷凍,Sweet corn,"On-cob, Frozen",80.65,22,11179,"Corn, sweet yellow, frozen, kernels cut of cob, boiled, drained, without salt",168400,"Corn, sweet, yellow, frozen, kernels on cob, unprepared",0.6483629799125569,,,TRUE,野菜 > とうもろこし
06,06178,（とうもろこし類）　スイートコーン　未熟種子　カーネル　冷凍,75.5,2.9,1.3,4.8,0.6,91,3,79,1,230,23,0.3,0.5,0.04,0.10,0,1,(0),(0),0.1,0.10,0.07,1.8,0.09,0,57,0.41,"{""baseName"":""スイートコーン"",""variety"":""未熟種子 カーネル"",""state"":""冷凍"",""notes"":[""とうもろこし類""]}",冷凍カーネルのスイートコーンも同様に犬のレシピ素材として利用可能である。,8,1,1,99,320,98,66,57,120,130,110,240,110,24,150,80,110,1.03,0.48,0.02,0.46,460,20,0,0,0,"[""スイートコーン"",""とうもろこし"",""トウモロコシ"",""玉蜀黍"",""sweet corn"",""corn"",""コーン"",""カーネル"",""カーネルコーン"",""kernel"",""kernel corn"",""冷凍コーン"",""frozen corn""]",スイートコーン,未熟種子・カーネル・冷凍,Sweet corn,"Kernels, Frozen",73.35,22,11179,"Corn, sweet yellow, frozen, kernels cut of cob, boiled, drained, without salt",168398,"Corn, sweet, yellow, frozen, kernels cut off cob, unprepared (Includes foods for USDA's Food Distribution Program)",0.762578396150271,,24,TRUE,野菜 > とうもろこし
06,06378,（とうもろこし類）　スイートコーン　未熟種子　カーネル　冷凍　ゆで,76.5,2.8,1.5,6.2,0.5,92,3,72,1,200,22,0.2,0.4,0.03,0.10,0,1,(0),(0),0.1,0.08,0.06,1.6,0.08,0,48,0.33,"{""baseName"":""スイートコーン"",""variety"":""未熟種子 カーネル"",""state"":""ゆで"",""notes"":[""とうもろこし類""]}",ゆでたスイートコーンの実は安全な野菜性の炭水化物・食物繊維源で使用可能,8,1,1,100,320,100,66,57,120,130,120,250,110,23,150,81,110,1.16,0.54,0.02,0.52,520,21,0,0,0,"[""スイートコーン"",""とうもろこし"",""トウモロコシ"",""玉蜀黍"",""sweet corn"",""corn"",""コーン"",""カーネル"",""カーネルコーン"",""kernel"",""kernel corn"",""冷凍コーン"",""frozen corn""]",スイートコーン,未熟種子・カーネル・冷凍・ゆで,Sweet corn,"Kernels, Frozen, Boiled",66.3,22,11179,"Corn, sweet yellow, frozen, kernels cut of cob, boiled, drained, without salt",168399,,,,22,TRUE,野菜 > とうもろこし
06,06379,（とうもろこし類）　スイートコーン　未熟種子　カーネル　冷凍　油いため,71.8,2.9,5.8,4.7,0.6,125,3,78,1,230,23,0.3,0.5,0.04,0.10,0,1,(0),(0),0.8,0.10,0.07,1.9,0.09,0,56,0.37,"{""baseName"":""スイートコーン"",""variety"":""未熟種子 カーネル"",""state"":""油いため"",""notes"":[""とうもろこし類""]}",スイートコーンは犬に与えて問題の少ないでんぷん源で、加熱済みで消化しやすい。,8,1,1,100,320,100,66,55,120,130,110,240,110,24,150,78,110,4.80,1.62,0.33,1.29,1300,330,0,0,0,"[""スイートコーン"",""とうもろこし"",""トウモロコシ"",""玉蜀黍"",""sweet corn"",""corn"",""コーン"",""カーネル"",""カーネルコーン"",""kernel"",""kernel corn""]",スイートコーン,未熟種子・カーネル・冷凍・油いため,Sweet corn,"Kernels, Frozen, Stir-fried",109.15,22,11179,"Corn, sweet yellow, frozen, kernels cut of cob, boiled, drained, without salt",169999,"Corn, sweet, yellow, cooked, boiled, drained, without salt",0.9786634699482046,,29.1,TRUE,野菜 > とうもろこし
06,06180,（とうもろこし類）　スイートコーン　缶詰　ホールカーネルスタイル,78.4,2.3,0.5,3.3,1.0,78,2,40,210,130,13,0.4,0.6,0.04,0.06,-,-,(0),(0),0.1,0.03,0.05,0.8,0.05,(0),18,0.19,"{""baseName"":""スイートコーン"",""variety"":""ホールカーネルスタイル"",""state"":""缶詰"",""notes"":[""とうもろこし類""]}",ホールカーネルのスイートコーン（缶詰）は炭水化物源として利用可能,7,1,1,(72),(290),(220),(53),(35),(88),(110),(88),(190),(69),(21),(110),(62),(95),(0.47),(0.21),(0.01),(0.20),(200),(7),(0),(0),(0),"[""スイートコーン"",""とうもろこし"",""トウモロコシ"",""玉蜀黍"",""sweet corn"",""corn"",""コーン"",""缶詰"",""コーン缶"",""缶コーン"",""canned corn""]",スイートコーン,缶詰・ホールカーネルスタイル,Sweet corn,"Canned, Whole-kernel style",63.05,22,11179,"Corn, sweet yellow, frozen, kernels cut of cob, boiled, drained, without salt",169214,"Corn, sweet, yellow, canned, whole kernel, drained solids",1.852993724724792,,17.8,TRUE,野菜 > とうもろこし
06,06181,（とうもろこし類）　ヤングコーン　幼雌穂　生,90.9,2.3,0.2,2.7,0.6,29,19,63,0,230,25,0.4,0.8,0.09,0.60,-,-,(0),(0),0.4,0.09,0.11,0.9,0.16,(0),110,0.40,"{""baseName"":""ヤングコーン"",""variety"":""幼雌穂"",""state"":""生"",""notes"":[""とうもろこし類""]}",ヤングコーンは安全な野菜素材で犬のレシピに利用可能,8,1,1,(70),(200),(99),(49),(40),(90),(90),(72),(160),(82),(20),(100),(52),(91),(0.15),(0.06),(Tr),(0.06),(62),(2),(0),-,(0),"[""ヤングコーン"",""やんぐこーん"",""ヤングコーン"",""ベビーコーン"",""baby corn"",""young corn"",""とうもろこし"",""トウモロコシ"",""corn"",""コーン"",""幼雌穂""]",ヤングコーン,幼雌穂・生,Baby corn,"Young ear, Raw",21.3,,,,,,,,,TRUE,野菜 > ベビーコーン
06,06182,（トマト類）　赤色トマト　果実　生,94.0,0.7,0.1,1.0,0.5,20,7,26,3,210,9,0.2,0.1,0.04,0.08,Tr,1,(0),(0),0.9,0.05,0.02,0.7,0.08,(0),22,0.17,"{""baseName"":""赤色トマト"",""part"":""果実"",""state"":""生"",""notes"":[""トマト類""]}",完熟のトマト果実は一般に犬に与えて問題ない果物・野菜素材。,8,1,1,16,25,26,6.4,9.0,15,18,15,33,19,5.1,18,12,20,0.05,0.03,Tr,0.02,24,3,0,-,0,"[""赤色トマト"",""あかいろトマト"",""赤いトマト"",""トマト"",""とまと"",""トマト類"",""tomato"",""red tomato""]",トマト,赤色・生,Tomato,"Red, Raw",16.25,6.7,11529,"Tomatoes, red, ripe, raw, year round average",170457,"Tomatoes, red, ripe, raw, year round average",1.4179655871793722,,6.7,TRUE,野菜 > トマト
06,06183,（トマト類）　赤色ミニトマト　果実　生,91.0,1.1,0.1,1.4,0.6,30,12,29,4,290,13,0.4,0.2,0.06,0.10,4,Tr,(0),(0),0.9,0.07,0.05,0.8,0.11,(0),35,0.17,"{""baseName"":""赤色ミニトマト"",""part"":""果実"",""state"":""生"",""notes"":[""トマト類""]}",赤色ミニトマトの果実は適量で安全な野菜果実だが、へた等は除去する。,8,1,1,(24),(39),(40),(9.9),(14),(24),(28),(22),(51),(27),(7.9),(27),(19),(30),(0.05),(0.03),(Tr),(0.02),(24),(3),(0),-,(0),"[""赤色ミニトマト"",""あかいろみにとまと"",""ミニトマト"",""みにとまと"",""チェリートマト"",""チェリートマト"",""トマト"",""とまと"",""cherry tomato"",""tomato""]",ミニトマト,赤色・生,Cherry Tomato,"Red, Raw",25,6.7,11529,"Tomatoes, red, ripe, raw, year round average",170050,"Tomatoes, red, ripe, cooked",1.171813325563764,,6.9,TRUE,野菜 > トマト
06,06391,（トマト類）　黄色トマト　果実　生,94.7,1.1,0.4,1.3,0.7,18,6,35,2,310,10,0.3,0.2,0.04,0.10,2,0,-,-,1.2,0.08,0.03,1.0,0.07,-,29,0.14,"{""baseName"":""黄色トマト"",""part"":""果実"",""state"":""生"",""notes"":[""トマト類""]}",トマト果実（黄色）は通常安全で犬のレシピ素材として適している（へた・茎は除去）。,8,1,0,(24),(39),(40),(9.9),(14),(24),(28),(23),(51),(29),(7.9),(27),(19),(31),,,,,,,,,,"[""黄色トマト"",""きいろとまと"",""イエロートマト"",""トマト"",""とまと"",""yellow tomato"",""tomato""]",トマト,黄色・生,Tomato,"Yellow, Raw",13.55,6.7,11529,"Tomatoes, red, ripe, raw, year round average",170096,"Tomatoes, yellow, raw",1.4218231499182874,,,TRUE,野菜 > トマト
06,06370,（トマト類）　ドライトマト,9.5,14.2,2.1,21.7,6.9,291,110,300,120,3200,180,4.2,1.9,0.82,1.22,4,16,(0),(0),18.0,0.68,0.30,13.0,0.95,(0),120,1.08,"{""baseName"":""ドライトマト"",""notes"":[""トマト類""]}",トマトの果実は犬に問題ないが、ドライは風味や酸味が濃縮されるため少量からが望ましい,7,1,1,250,390,300,90,150,240,350,200,550,320,76,280,180,320,1.04,0.60,0.06,0.53,530,59,0,0,0,"[""ドライトマト"",""どらいとまと"",""ドライトマト"",""乾燥トマト"",""トマト"",""とまと"",""dried tomato"",""sun dried tomato""]",ドライトマト,,Dried Tomato,,227.15,39,11546,"Tomato products, canned, paste, without salt added",,,,,,TRUE,野菜 > トマト
06,06184,（トマト類）　加工品　ホール　食塩無添加,93.3,0.9,0.2,1.3,1.2,21,9,26,4,240,13,0.4,0.1,0.08,0.09,-,-,(0),(0),1.2,0.06,0.03,0.6,0.10,(0),21,0.22,"{""baseName"":""加工品"",""variety"":""ホール 食塩無添加"",""notes"":[""トマト類""]}",加熱済みトマトの果肉は犬に与えやすいが未熟な葉・茎は除去が必要,8,1,1,(25),(31),(32),(9.1),(9.1),(18),(31),(21),(51),(48),(9.1),(18),(17),(26),(0.11),(0.06),(0.01),(0.05),(48),(7),(0),-,(0),"[""ホールトマト"",""ホール缶トマト"",""トマト缶"",""缶詰トマト"",""トマト"",""とまと"",""whole tomato"",""canned tomato""]",ホールトマト,食塩無添加,Whole Tomato,No Salt Added,15.7,9.9,11549,"Tomato products, canned, sauce",170050,"Tomatoes, red, ripe, cooked",1.1178176986138464,,6.9,TRUE,野菜 > トマト缶
06,06185,（トマト類）　加工品　トマトジュース　食塩添加,94.1,0.7,0.1,0.7,1.1,15,6,18,120,260,9,0.3,0.1,0.06,0.05,4,Tr,(0),(0),0.7,0.04,0.04,0.7,0.09,(0),17,0.18,"{""baseName"":""加工品"",""variety"":""トマトジュース 食塩添加"",""notes"":[""トマト類""]}",トマトジュースはトマト由来で問題なく、食塩は少量前提で使用可能,7,1,1,(19),(24),(25),(7.1),(7.1),(14),(24),(16),(40),(37),(7.1),(14),(13),(20),(0.05),(0.03),(Tr),(0.02),(24),(3),(0),-,(0),"[""トマトジュース"",""とまとじゅうす"",""トマト"",""とまと"",""tomato juice""]",トマトジュース,食塩添加,Tomato Juice,With Added Salt,14.85,,,,167708,"Tomato and vegetable juice, low sodium",1.4112613075565055,,7.2,TRUE,飲料・液体 > トマトジュース
06,06340,（トマト類）　加工品　トマトジュース　食塩無添加,94.1,0.7,0.1,0.7,1.1,18,6,18,8,260,9,0.3,0.1,0.06,0.05,4,Tr,(0),(0),0.7,0.04,0.04,0.7,0.09,(0),17,0.18,"{""baseName"":""加工品"",""variety"":""トマトジュース 食塩無添加"",""notes"":[""トマト類""]}",無塩のトマトジュースはトマト果汁由来で通常安全。酸味等への配慮は必要。,7,1,0,(19),(24),(25),(7.1),(7.1),(14),(24),(16),(40),(37),(7.1),(14),(13),(20),,,,,,,,,,"[""トマトジュース"",""とまとじゅうす"",""無塩トマトジュース"",""むえんとまとじゅうす"",""トマト"",""tomato juice"",""unsalted tomato juice""]",トマトジュース,食塩無添加,Tomato Juice,No Salt Added,14.85,,,,167708,"Tomato and vegetable juice, low sodium",1.4112613075565055,,7.2,TRUE,飲料・液体 > トマトジュース
06,06341,（トマト類）　加工品　ミックスジュース　食塩無添加,94.2,0.6,0,0.7,0.9,18,11,11,12,200,13,0.3,0.1,0.08,0.07,-,-,(0),(0),0.8,0.03,0.03,0.4,0.06,(0),10,0.20,"{""baseName"":""加工品"",""variety"":""ミックスジュース 食塩無添加"",""notes"":[""トマト類""]}",トマト・にんじん等の無塩ミックスジュースは野菜由来で使用可能だが濃度や酸味に配慮が必要。,7,1,0,(12),(17),(19),(3.9),(6.5),(10),(18),(9.0),(27),(19),(4.5),(12),(9.7),(14),,,,,,,,,,"[""ミックスジュース"",""みっくすじゅうす"",""混合ジュース"",""mixed juice"",""ミックスジュース"",""トマト"",""とまと""]",ミックスジュース,食塩無添加,Mixed Juice,No Salt Added,14.7,,,,170473,"Vegetable juice cocktail, low sodium, canned",1.4413879368708142,,8.1,TRUE,飲料・液体 > ミックスジュース
06,06187,トレビス　葉　生,94.1,1.1,0.2,2.0,0.7,17,21,34,11,290,11,0.3,0.2,0.06,0.15,-,-,(0),(0),0.1,0.04,0.04,0.2,0.03,(0),41,0.24,"{""baseName"":""トレビス"",""part"":""葉"",""state"":""生""}",トレビスの葉は葉物野菜としてビタミン・繊維源になり得る。,8,1,1,(43),(68),(59),(15),(9.4),(24),(42),(32),(74),(50),(13),(52),(21),(53),0.07,0.05,0.02,0.03,32,18,0,0,0,"[""トレビス"",""とれびす"",""ラディッキオ"",""radicchio"",""チコリ"",""葉野菜""]",トレビス,葉・生,Radicchio,"Leaves, Raw",12.2,12,11257,"Lettuce, red leaf, raw",170404,"Chicory, witloof, raw",0.9401494193124172,,,FALSE,
06,06188,とんぶり　ゆで,76.7,6.1,3.5,7.1,0.8,89,15,170,5,190,74,2.8,1.4,0.25,0.78,-,-,(0),(0),4.6,0.11,0.17,0.3,0.16,(0),100,0.48,"{""baseName"":""とんぶり"",""state"":""ゆで""}",とんぶりは種子由来の食材で調理済みなら犬にも利用できる素材。,7,0,1,,,,,,,,,,,,,,,2.51,1.65,0.15,1.50,1500,150,0,0,0,"[""とんぶり"",""トンブリ"",""tonburi""]",とんぶり,ゆで,Tonburi,Boiled,71.4,,,,,,,,,FALSE,
06,06189,ながさきはくさい　葉　生,93.9,1.3,0.1,2.2,1.8,12,140,37,21,300,27,2.3,0.3,0.05,0.21,-,-,(0),(0),1.3,0.05,0.13,0.7,0.14,(0),150,0.28,"{""baseName"":""ながさきはくさい"",""part"":""葉"",""state"":""生""}",白菜の葉は水分と食物繊維が多く安全な野菜素材。,9,1,1,(42),(70),(71),(16),(16),(32),(42),(34),(76),(49),(14),(59),(27),(64),(0.04),(0.03),(0.02),(Tr),(3),(24),(0),-,(0),"[""ながさきはくさい"",""長崎白菜"",""ながさきはくさい"",""ナガサキハクサイ"",""白菜"",""はくさい"",""hakusai"",""Chinese cabbage""]",長崎白菜,葉・生,Nagasaki Hakusai,"Leaves, Raw",7.85,11,11109,"Cabbage, raw",170391,"Cabbage, chinese (pak-choi), cooked, boiled, drained, without salt",1.3945320974392028,,12.1,TRUE,野菜 > 白菜
06,06190,ながさきはくさい　葉　ゆで,93.2,2.2,0.1,2.4,0.8,18,120,48,12,120,24,1.6,0.2,0.04,0.20,-,-,(0),(0),1.3,0.02,0.07,0.3,0.06,(0),69,0.11,"{""baseName"":""ながさきはくさい"",""part"":""葉"",""state"":""ゆで""}",ゆでた白菜の葉は消化しやすくビタミン・繊維源として利用可能,9,1,1,(70),(120),(120),(27),(26),(53),(71),(57),(130),(83),(23),(100),(45),(110),(0.04),(0.03),(0.02),(Tr),(3),(24),(0),-,(0),"[""ながさきはくさい"",""長崎白菜"",""ながさきはくさい"",""ナガサキハクサイ"",""白菜"",""はくさい"",""hakusai"",""Chinese cabbage""]",長崎白菜,葉・ゆで,Nagasaki Hakusai,"Leaves, Boiled",13.1,20,11110,"Cabbage, cooked, boiled, drained, without salt",170391,"Cabbage, chinese (pak-choi), cooked, boiled, drained, without salt",1.2815554413186945,,12.1,TRUE,野菜 > 白菜
06,06191,（なす類）　なす　果実　生,93.2,1.1,0.1,2.2,0.5,18,18,30,Tr,220,17,0.3,0.2,0.06,0.16,0,0,(0),(0),0.3,0.05,0.05,0.5,0.05,(0),32,0.33,"{""baseName"":""なす"",""part"":""果実"",""state"":""生"",""notes"":[""なす類""]}",なすは低カロリーで調理すれば消化しやすい野菜で素材向き,8,1,1,34,53,56,11,11,22,38,26,65,37,11,46,24,59,0.03,Tr,0,Tr,4,1,0,-,0,"[""なす"",""茄子"",""ナス"",""なすび"",""eggplant"",""aubergine""]",なす,果実・生,Eggplant,"Fruit, Raw",14.85,,,,169228,"Eggplant, raw",1.1279588376367446,,6.9,TRUE,野菜 > ナス
06,06192,（なす類）　なす　果実　ゆで,94.0,1.0,0.1,2.1,0.4,17,20,27,1,180,16,0.3,0.2,0.05,0.15,-,-,(0),(0),0.3,0.04,0.04,0.4,0.03,(0),22,0.29,"{""baseName"":""なす"",""part"":""果実"",""state"":""ゆで"",""notes"":[""なす類""]}",ゆでなすの果実部は犬に与えられる野菜で調理済みの素材として適切,8,1,1,(30),(47),(50),(10),(10),(20),(34),(23),(57),(31),(10),(40),(22),(52),(0.03),(Tr),(0),(Tr),(4),(1),(0),-,(0),"[""なす"",""茄子"",""ナス"",""なすび"",""eggplant"",""aubergine""]",なす,果実・ゆで,Eggplant,"Fruit, Boiled",12.75,,,,,,,,,TRUE,野菜 > ナス
06,06342,（なす類）　なす　果実　油いため,85.8,1.5,5.8,2.6,0.6,73,22,40,Tr,290,21,0.4,0.2,0.07,0.20,-,-,(0),(0),1.4,0.06,0.07,0.7,0.06,(0),36,0.40,"{""baseName"":""なす"",""part"":""果実"",""state"":""油いため"",""notes"":[""なす類""]}",油炒めの茄子は野菜素材として利用可能だが油分の点で配慮が必要。,7,1,1,(44),(71),(75),(15),(15),(30),(51),(35),(86),(46),(15),(60),(32),(78),(5.30),(1.48),(0.42),(1.05),(1100),(420),(0),(0),(0),"[""なす"",""茄子"",""ナス"",""なすび"",""eggplant"",""aubergine""]",なす,果実・油いため,Eggplant,"Fruit, Stir-fried (in oil)",67.5,,,,,,,,,TRUE,野菜 > ナス
06,06193,（なす類）　べいなす　果実　生,93.0,1.1,0.1,2.4,0.5,20,10,26,1,220,14,0.4,0.2,0.08,0.13,-,-,(0),(0),0.3,0.04,0.04,0.6,0.06,(0),19,0.30,"{""baseName"":""べいなす"",""part"":""果実"",""state"":""生"",""notes"":[""なす類""]}",べいなす（果実）は果肉が安全で、調理して与えるのが望ましい。,7,1,1,(51),(72),(53),(12),(6.7),(19),(48),(30),(79),(42),(10),(59),(26),(64),(0.03),(Tr),(0),(Tr),(4),(1),(0),-,(0),"[""べいなす"",""ベイナス"",""米なす"",""米茄子"",""なす"",""茄子"",""ナス"",""eggplant""]",米なす,果実・生,Eggplant,"Kome-nasu, Raw",14.85,,,,169228,"Eggplant, raw",0.9494010905060299,,6.9,TRUE,野菜 > ナス
06,06194,（なす類）　べいなす　果実　素揚げ,74.8,1.0,17.0,1.8,0.5,177,10,26,1,220,14,0.4,0.2,0.09,0.13,-,-,(0),(0),2.5,0.05,0.04,0.6,0.05,(0),12,0.30,"{""baseName"":""べいなす"",""part"":""果実"",""state"":""素揚げ"",""notes"":[""なす類""]}",素揚げしたなすは野菜として利用可能だが揚げ油の影響に注意が必要,7,1,1,(46),(65),(48),(11),(6.1),(17),(44),(28),(71),(38),(9.2),(54),(23),(58),(15.79),(4.42),(1.27),(3.14),(3100),(1300),(0),(0),(0),"[""べいなす"",""ベイナス"",""米なす"",""米茄子"",""なす"",""茄子"",""ナス"",""eggplant""]",米なす,果実・素揚げ,Eggplant,"Kome-nasu, Deep-fried",165.15,,,,169228,"Eggplant, raw",1.1298549660669577,,6.9,TRUE,野菜 > ナス
06,06200,なずな　葉　生,86.8,4.3,0.1,5.4,1.7,35,290,92,3,440,34,2.4,0.7,0.16,1.00,-,-,(0),(0),2.5,0.15,0.27,0.5,0.32,(0),180,1.10,"{""baseName"":""なずな"",""part"":""葉"",""state"":""生""}",野草の葉で一般に毒性は少なく、葉物として利用可能な素材。,7,0,0,,,,,,,,,,,,,,,,,,,,,,,,"[""なずな"",""ナズナ"",""薺"",""ぺんぺんぐさ"",""ペンペン草"",""shepherds purse"",""shepherds purse""]",なずな,葉・生,Shepherd's Purse,"Leaves, Raw",21.85,,,,,,,,,FALSE,
06,06201,（なばな類）　和種なばな　花らい・茎　生,88.4,4.4,0.2,4.2,1.2,34,160,86,16,390,29,2.9,0.7,0.09,0.32,1,1,(0),(0),2.9,0.16,0.28,1.3,0.26,(0),340,0.73,"{""baseName"":""和種なばな"",""variety"":""花らい・茎"",""state"":""生"",""notes"":[""なばな類""]}",和種なばなは葉茎類の野菜で犬のレシピ素材として使用可能,8,1,1,(180),(320),(280),(77),(51),(130),(210),(140),(350),(210),(77),(250),(99),(270),(0.10),(0.08),(0.06),(0.01),(8),(56),(0),-,(0),"[""和種なばな"",""わしゅなばな"",""なばな"",""菜花"",""ナバナ"",""nanohana"",""rapeseed blossom""]",和種なばな,花蕾・茎・生,Nanohana (Japanese rape blossom),"Flower buds & stems, Raw",22.7,18,11096,"Broccoli raab, raw",,,,,,TRUE,野菜 > 菜の花
06,06202,（なばな類）　和種なばな　花らい・茎　ゆで,90.2,4.7,0.1,4.3,0.7,28,140,86,7,170,19,1.7,0.4,0.07,0.25,-,-,(0),(0),2.8,0.07,0.14,0.5,0.11,(0),190,0.30,"{""baseName"":""和種なばな"",""variety"":""花らい・茎"",""state"":""ゆで"",""notes"":[""なばな類""]}",ゆでた菜花の茎葉で消化しやすく野菜素材として適している,8,1,1,(190),(340),(300),(83),(54),(140),(230),(150),(380),(230),(83),(260),(110),(290),(0.05),(0.04),(0.03),(Tr),(4),(28),(0),-,(0),"[""和種なばな"",""わしゅなばな"",""なばな"",""菜花"",""ナバナ"",""nanohana"",""rapeseed blossom""]",和種なばな,花蕾・茎・ゆで,Nanohana (Japanese rape blossom),"Flower buds & stems, Boiled",17.3,34,11097,"Broccoli, raab, cooked",170380,"Broccoli, frozen, spears, cooked, boiled, drained, without salt",1.1691497139359828,,16.2,TRUE,野菜 > 菜の花
06,06203,（なばな類）　洋種なばな　茎葉　生,88.3,4.1,0.4,3.7,1.1,36,97,78,12,410,28,0.9,0.6,0.09,0.67,-,-,(0),(0),1.7,0.11,0.24,1.3,0.22,(0),240,0.80,"{""baseName"":""洋種なばな"",""part"":""茎葉"",""state"":""生"",""notes"":[""なばな類""]}",葉茎野菜でビタミンが摂れるが消化にやや重い場合があり量に注意。,7,1,1,(160),(300),(260),(72),(47),(120),(200),(130),(330),(200),(72),(230),(92),(250),(0.20),(0.15),(0.11),(0.02),(16),(110),(0),-,(0),"[""洋種なばな"",""ようしゅなばな"",""なばな"",""菜花"",""ナバナ"",""nanohana"",""rapeseed blossom""]",洋種なばな,茎葉・生,Nanohana (Western variety),"Stems & leaves, Raw",26.15,18,11096,"Broccoli raab, raw",170382,"Broccoli raab, cooked",1.0430347494698264,,33.6,TRUE,野菜 > 菜の花
06,06204,（なばな類）　洋種なばな　茎葉　ゆで,90.0,3.6,0.4,4.1,0.7,30,95,71,10,210,19,0.7,0.4,0.07,0.61,-,-,(0),(0),1.6,0.06,0.13,0.6,0.11,(0),240,0.47,"{""baseName"":""洋種なばな"",""part"":""茎葉"",""state"":""ゆで"",""notes"":[""なばな類""]}",茹でた洋種なばなは火を通した葉茎野菜で犬のレシピ素材として適しています。,8,1,1,(140),(260),(230),(63),(41),(100),(170),(120),(290),(170),(63),(200),(81),(220),(0.20),(0.15),(0.11),(0.02),(16),(110),(0),-,(0),"[""洋種なばな"",""ようしゅなばな"",""ヨウシュナバナ"",""菜の花"",""なのはな"",""ナノハナ"",""なばな"",""ナバナ"",""茎葉"",""茎"",""葉"",""rapeseed"",""rapeseed greens"",""nanohana""]",菜の花,茎葉・ゆで,Rapeseed greens,"Stem & leaves, Boiled",20.2,34,11097,"Broccoli, raab, cooked",169967,"Broccoli, cooked, boiled, drained, without salt",0.7027818255553889,,40.1,TRUE,野菜 > 菜の花
06,06206,にがうり　果実　油いため,90.3,1.2,3.3,2.8,0.6,47,14,33,1,260,15,0.5,0.2,0.05,0.11,1,Tr,0,(0),0.9,0.05,0.08,0.3,0.07,(0),79,0.41,"{""baseName"":""にがうり"",""part"":""果実"",""state"":""油いため""}",にがうり（ゴーヤ）は苦味成分があり消化器に刺激を与えることがあるが素材として使える,7,1,1,(39),(65),(72),(14),(12),(26),(46),(45),(90),(43),(16),(53),(31),(99),(3.05),(0.88),(0.24),(0.64),(640),(240),(0),(0),(0),"[""にがうり"",""ニガウリ"",""苦瓜"",""ゴーヤ"",""ゴーヤー"",""goya"",""bitter gourd"",""bitter melon"",""瓜"",""果実""]",ゴーヤ,果実・油いため,Bitter gourd,"Fruit, Stir-fried",38.55,,,,168415,"Gourd, dishcloth (towelgourd), cooked, boiled, drained, without salt",1.2649476831715798,,,TRUE,野菜 > ズッキーニ
06,06211,（にんじん類）　葉にんじん　葉　生,93.5,1.1,0.2,2.7,1.1,16,92,52,31,510,27,0.9,0.3,0.04,0.26,-,-,(0),(0),1.1,0.06,0.12,1.1,0.15,(0),73,0.43,"{""baseName"":""葉にんじん"",""part"":""葉"",""state"":""生"",""notes"":[""にんじん類""]}",ビタミン・食物繊維が豊富な葉野菜。適量であれば利用しやすい。,7,0,0,,,,,,,,,,,,,,,,,,,,,,,,"[""葉にんじん"",""はにんじん"",""ハニンジン"",""人参葉"",""にんじんの葉"",""にんじん"",""ニンジン"",""人参"",""carrot greens"",""carrot leaves"",""carrot""]",にんじんの葉,生,Carrot greens,Raw,10.45,,,,,,,,,TRUE,野菜 > にんじん
06,06212,（にんじん類）　にんじん　根　皮つき　生,89.1,0.7,0.2,2.8,0.8,35,28,26,28,300,10,0.2,0.2,0.05,0.12,-,-,(0),(0),0.4,0.07,0.06,0.8,0.10,(0),21,0.37,"{""baseName"":""にんじん"",""part"":""根"",""formModifiers"":[""皮つき""],""state"":""生"",""notes"":[""にんじん類""]}",にんじんはビタミンと食物繊維が豊富で犬に適した素材です。,9,1,1,24,36,36,9.4,7.6,17,24,17,41,29,8.6,34,13,34,0.08,0.06,0.01,0.05,51,6,0,-,0,"[""にんじん"",""にんじん"",""ニンジン"",""人参"",""carrot"",""根"",""根菜""]",にんじん,根・皮つき・生,Carrot,"Root, Skin-on, Raw",26.55,8.8,11124,"Carrots, raw",170393,"Carrots, raw",0.8284759524066893,,8.8,TRUE,野菜 > にんじん
06,06213,（にんじん類）　にんじん　根　皮つき　ゆで,90.2,0.6,0.2,3.0,0.6,29,32,29,23,270,12,0.3,0.3,0.05,0.16,-,-,(0),(0),0.4,0.06,0.05,0.7,0.09,(0),17,0.42,"{""baseName"":""にんじん"",""part"":""根"",""formModifiers"":[""皮つき""],""state"":""ゆで"",""notes"":[""にんじん類""]}",加熱済みのにんじんは消化性が良くビタミンや食物繊維が豊富で犬に適する,9,1,1,(20),(29),(29),(7.6),(6.2),(14),(20),(13),(33),(22),(7.0),(27),(11),(27),(0.11),(0.08),(0.01),(0.07),(73),(9),(0),-,(0),"[""にんじん"",""ニンジン"",""人参"",""carrot"",""根"",""根菜""]",にんじん,根・皮つき・ゆで,Carrot,"Root, Skin-on, Boiled",22.7,8.8,11125,"Carrots, cooked, boiled, drained, without salt",170394,"Carrots, cooked, boiled, drained, without salt",0.5229211774327234,,8.8,TRUE,野菜 > にんじん
06,06214,（にんじん類）　にんじん　根　皮なし　生,89.6,0.7,0.2,2.8,0.7,32,24,28,24,300,9,0.2,0.2,0.04,0.11,Tr,Tr,0,(0),0.5,0.04,0.03,0.7,0.09,(0),23,0.27,"{""baseName"":""にんじん"",""part"":""根"",""formModifiers"":[""皮なし""],""state"":""生"",""notes"":[""にんじん類""]}",にんじんは消化に良くビタミン・食物繊維が豊富で素材として適する。,10,1,1,25,37,34,8.7,9.1,18,25,18,42,27,8.2,34,13,31,0.09,0.06,Tr,0.06,55,4,0,0,0,"[""にんじん"",""ニンジン"",""人参"",""carrot"",""根"",""根菜""]",にんじん,根・皮なし・生,Carrot,"Root, Skinless, Raw",25.15,8.8,11124,"Carrots, raw",170394,"Carrots, cooked, boiled, drained, without salt",1.1107411515603964,,8.8,TRUE,野菜 > にんじん
06,06215,（にんじん類）　にんじん　根　皮なし　ゆで,90.0,0.7,0.1,2.8,0.7,28,29,26,27,240,9,0.2,0.2,0.05,0.17,0,1,(0),(0),0.4,0.06,0.05,0.6,0.10,(0),19,0.25,"{""baseName"":""にんじん"",""part"":""根"",""formModifiers"":[""皮なし""],""state"":""ゆで"",""notes"":[""にんじん類""]}",茹でたにんじんは消化が良くビタミンや食物繊維の供給源として適している。,9,1,1,(24),(36),(34),(9.1),(8.6),(18),(24),(17),(41),(27),(8.4),(33),(13),(35),(0.05),(0.04),(Tr),(0.04),(35),(4),(0),-,(0),"[""にんじん"",""ニンジン"",""人参"",""carrot"",""根"",""根菜""]",にんじん,根・皮なし・ゆで,Carrot,"Root, Skinless, Boiled",23.25,8.8,11125,"Carrots, cooked, boiled, drained, without salt",170394,"Carrots, cooked, boiled, drained, without salt",1.0975314653727257,,8.8,TRUE,野菜 > にんじん
06,06345,（にんじん類）　にんじん　根　皮なし　油いため,79.1,1.1,6.4,3.1,1.1,103,35,37,48,400,13,0.3,0.3,0.08,0.14,-,-,(0),(0),1.7,0.11,0.08,1.1,0.14,(0),31,0.45,"{""baseName"":""にんじん"",""part"":""根"",""formModifiers"":[""皮なし""],""state"":""油いため"",""notes"":[""にんじん類""]}",にんじんの油いためは栄養価の高い根菜で調理済みのため利用しやすい,8,1,1,(35),(53),(51),(13),(13),(26),(36),(24),(60),(40),(12),(49),(19),(52),(5.88),(1.68),(0.47),(1.21),(1200),(470),(0),(0),(0),"[""にんじん"",""ニンジン"",""人参"",""carrot"",""根"",""根菜""]",にんじん,根・皮なし・油いため,Carrot,"Root, Skinless, Stir-fried",90.45,8.8,11125,"Carrots, cooked, boiled, drained, without salt",170394,"Carrots, cooked, boiled, drained, without salt",1.3461119145004399,,8.8,TRUE,野菜 > にんじん
06,06346,（にんじん類）　にんじん　根　皮なし　素揚げ,80.6,1.0,3.5,1.1,1.0,87,36,35,39,380,13,0.3,0.3,0.05,0.14,1,0,(0),(0),1.6,0.10,0.07,0.9,0.15,(0),28,0.50,"{""baseName"":""にんじん"",""part"":""根"",""formModifiers"":[""皮なし""],""state"":""素揚げ"",""notes"":[""にんじん類""]}",にんじんは栄養豊富で安全だが素揚げは脂質が増えるため量に注意,8,1,1,(32),(47),(46),(12),(12),(24),(32),(22),(54),(36),(11),(44),(17),(47),3.12,0.89,0.26,0.63,620,260,0,0,0,"[""にんじん"",""ニンジン"",""人参"",""carrot"",""根"",""根菜""]",にんじん,根・皮なし・素揚げ,Carrot,"Root, Skinless, Deep-fried",78.05,8.8,11125,"Carrots, cooked, boiled, drained, without salt",170394,"Carrots, cooked, boiled, drained, without salt",1.2335128634736985,,8.8,TRUE,野菜 > にんじん
06,06407,（にんじん類）　にんじん　根　皮なし　カット　常法洗浄,91.5,0.5,0.2,2.7,0.5,27,26,21,18,210,11,0.2,0.1,0.03,0.1,Tr,0,0,-,0.4,0.04,0.03,0.4,0.08,-,22,0.22,"{""baseName"":""にんじん"",""variety"":""カット 常法洗浄"",""part"":""根"",""formModifiers"":[""皮なし""],""notes"":[""にんじん類""]}",にんじん（皮なしカット）はビタミン・食物繊維が豊富で犬のレシピ素材として適切,9,1,1,20,30,28,7.5,6.4,14,19,14,33,22,6.7,26,10,25,0.07,0.04,Tr,0.03,33,3,0,0,0,"[""にんじん"",""ニンジン"",""人参"",""carrot"",""カット"",""カットにんじん"",""カット人参"",""カット野菜""]",カットにんじん,皮なし・常法洗浄,Cut carrot,"Skinless, Washed (standard)",19.55,8.8,11124,"Carrots, raw",,,,,,TRUE,野菜 > にんじん
06,06408,（にんじん類）　にんじん　根　皮なし　カット　次亜塩素酸洗浄,91.5,0.6,0.2,2.6,0.5,27,27,21,19,200,11,0.2,0.1,0.03,0.1,Tr,0,0,-,0.4,0.04,0.03,0.4,0.07,-,20,0.22,"{""baseName"":""にんじん"",""variety"":""カット 次亜塩素酸洗浄"",""part"":""根"",""formModifiers"":[""皮なし""],""notes"":[""にんじん類""]}",にんじんはビタミン・食物繊維が豊富で犬のレシピ素材として適している,9,1,1,22,34,31,8.5,7.5,16,21,15,36,25,6.7,30,11,29,0.07,0.04,Tr,0.04,35,3,0,0,0,"[""にんじん"",""ニンジン"",""人参"",""carrot"",""カット"",""カットにんじん"",""カット人参"",""カット野菜""]",カットにんじん,皮なし・次亜塩素酸洗浄,Cut carrot,"Skinless, Washed with hypochlorite",19.9,8.8,11124,"Carrots, raw",,,,,,TRUE,野菜 > にんじん
06,06347,（にんじん類）　にんじん　根　皮　生,90.4,0.7,0.2,3.8,1.5,26,45,43,16,630,20,0.3,0.2,0.08,0.13,1,0,(0),(0),0.5,0.05,0.05,1.1,0.12,(0),46,0.31,"{""baseName"":""にんじん"",""variety"":""皮"",""part"":""根"",""state"":""生"",""notes"":[""にんじん類""]}",生のにんじんは栄養価が高く噛みごたえもあり犬の素直な素材として適する。,9,1,0,(23),(34),(34),(8.9),(7.2),(16),(23),(16),(39),(27),(8.1),(33),(13),(32),,,,,,,,,,"[""にんじんの皮"",""にんじん皮"",""人参の皮"",""人参皮"",""carrot peel"",""carrot skins"",""にんじん"",""人参"",""carrot""]",にんじんの皮,生,Carrot peel,Raw,16.05,8.8,11124,"Carrots, raw",170393,"Carrots, raw",0.7700628691308193,,8.8,TRUE,野菜 > にんじん
06,06216,（にんじん類）　にんじん　根　冷凍,90.2,0.8,0.2,4.1,0.6,30,30,31,57,200,9,0.3,0.2,0.05,0.14,Tr,0,0,(0),0.8,0.04,0.02,0.5,0.09,Tr,21,0.25,"{""baseName"":""にんじん"",""part"":""根"",""state"":""冷凍"",""notes"":[""にんじん類""]}",冷凍にんじんは栄養的に安全で食物繊維やβ-カロテンがあり犬のレシピ素材に向く,8,1,1,26,38,36,9.6,9.0,19,24,19,43,29,9.1,36,15,50,0.11,0.08,0.01,0.08,75,5,0,0,0,"[""冷凍にんじん"",""冷凍"",""冷凍野菜"",""にんじん"",""ニンジン"",""人参"",""frozen carrot"",""frozen carrots"",""carrot""]",冷凍にんじん,,Frozen carrot,,18.85,8.8,11124,"Carrots, raw",169340,"Carrots, canned, no salt added, solids and liquids",1.2038665410976521,,6.3,TRUE,野菜 > にんじん
06,06380,（にんじん類）　にんじん　根　冷凍　ゆで,91.7,0.7,0.2,3.5,0.4,24,31,26,40,130,8,0.3,0.2,0.04,0.14,0,0,(0),(0),0.9,0.03,0.02,0.3,0.06,0,18,0.20,"{""baseName"":""にんじん"",""part"":""根"",""state"":""ゆで"",""notes"":[""にんじん類""]}",にんじん（ゆで）はビタミン・食物繊維が豊富で犬に適した安全な素材である。,9,1,1,28,42,39,10,9.1,19,25,20,46,29,8.7,37,15,47,0.13,0.09,0.01,0.09,88,6,0,0,0,"[""冷凍にんじん"",""冷凍"",""冷凍野菜"",""にんじん"",""ニンジン"",""人参"",""frozen carrot"",""frozen carrots"",""carrot""]",冷凍にんじん,ゆで,Frozen carrot,Boiled,16.4,8.8,11125,"Carrots, cooked, boiled, drained, without salt",169340,"Carrots, canned, no salt added, solids and liquids",1.159082963131131,,6.3,TRUE,野菜 > にんじん
06,06381,（にんじん類）　にんじん　根　冷凍　油いため,85.2,0.9,4.0,4.2,0.6,65,33,33,60,210,9,0.3,0.2,0.06,0.17,1,0,(0),(0),1.5,0.04,0.03,0.5,0.09,0,24,0.30,"{""baseName"":""にんじん"",""part"":""根"",""state"":""油いため"",""notes"":[""にんじん類""]}",調理済みのにんじんで使いやすいが、油で炒めてあるため脂質に留意。,7,1,1,30,45,42,11,10,21,28,22,50,33,9.4,41,17,55,3.61,1.12,0.32,0.81,800,320,0,0,0,"[""冷凍にんじん"",""冷凍"",""冷凍野菜"",""にんじん"",""ニンジン"",""人参"",""frozen carrot"",""frozen carrots"",""carrot""]",冷凍にんじん,油いため,Frozen carrot,Stir-fried,55,8.8,11125,"Carrots, cooked, boiled, drained, without salt",170394,"Carrots, cooked, boiled, drained, without salt",1.306618800971398,,8.8,TRUE,野菜 > にんじん
06,06348,（にんじん類）　にんじん　グラッセ,83.8,0.7,1.4,2.6,1.4,53,26,27,390,240,10,0.2,0.1,0.03,0.16,1,0,25,0,0.7,0.03,0.03,0.4,0.09,0,17,0.14,"{""baseName"":""にんじん"",""variety"":""グラッセ"",""notes"":[""にんじん類""]}",にんじん自体は安全だが、グラッセは糖や脂質が加わっている点に注意。,7,1,1,(21),(32),(31),(8.2),(7.7),(16),(22),(15),(37),(24),(7.6),(30),(12),(31),1.08,0.10,0.01,0.09,90,9,0,0,2,"[""にんじんグラッセ"",""グラッセ"",""グラッセにんじん"",""にんじん"",""人参"",""carrot"",""glazed carrot"",""glace""]",にんじんグラッセ,,Glazed carrot,,49.7,8.8,11125,"Carrots, cooked, boiled, drained, without salt",,,,,,TRUE,野菜 > にんじん
06,06217,（にんじん類）　にんじん　ジュース　缶詰,92.0,0.6,0.1,0.2,0.6,29,10,20,19,280,7,0.2,0.1,0.04,0.07,-,-,(0),(0),0.2,0.03,0.04,0.6,0.08,(0),13,0.27,"{""baseName"":""にんじん"",""variety"":""ジュース"",""state"":""缶詰"",""notes"":[""にんじん類""]}",にんじんジュースはにんじん由来で犬に安全な野菜素材だが加工品であるためやや評価を下げる,8,1,1,(20),(29),(28),(7.5),(7.1),(15),(20),(14),(34),(22),(7.0),(28),(11),(29),(0.04),(0.03),(Tr),(0.03),(29),(4),(0),-,(0),"[""にんじんジュース"",""人参ジュース"",""にんじんジュース缶"",""にんじん缶"",""carrot juice"",""canned carrot juice"",""缶詰"",""缶""]",にんじんジュース,缶詰,Carrot juice,Canned,25.7,,,,,,,,,TRUE,野菜 > にんじん
06,06218,（にんじん類）　きんとき　根　皮つき　生,87.3,1.8,0.2,3.9,1.1,39,37,64,11,540,11,0.4,0.9,0.09,0.15,-,-,(0),(0),0.5,0.07,0.05,1.0,0.12,(0),110,0.32,"{""baseName"":""きんとき"",""part"":""根"",""formModifiers"":[""皮つき""],""state"":""生"",""notes"":[""にんじん類""]}",きんとき（にんじん類・生）はビタミンや食物繊維が豊富で犬のレシピ素材として適している,9,1,1,(60),(90),(88),(23),(19),(42),(60),(41),(100),(67),(21),(84),(33),(83),0.05,0.04,Tr,0.03,34,5,0,0,0,"[""きんとき"",""キントキ"",""金時"",""金時人参"",""金時にんじん"",""にんじん"",""人参"",""ニンジン"",""carrot"",""根"",""根菜""]",金時にんじん,根・皮つき・生,Kintoki carrot,"Root, Skin-on, Raw",27.95,8.8,11124,"Carrots, raw",170393,"Carrots, raw",1.062222804540069,,8.8,TRUE,野菜 > にんじん
06,06219,（にんじん類）　きんとき　根　皮つき　ゆで,87.7,1.9,0.2,4.3,1.0,37,39,66,10,470,10,0.5,1.0,0.08,0.13,-,-,(0),(0),0.5,0.07,0.05,0.9,0.12,(0),98,0.33,"{""baseName"":""きんとき"",""part"":""根"",""formModifiers"":[""皮つき""],""state"":""ゆで"",""notes"":[""にんじん類""]}",ゆでたきんとき（にんじん）はビタミンと食物繊維の良い供給源で犬の素材として適している,9,1,1,(63),(95),(93),(25),(20),(44),(63),(43),(110),(71),(22),(88),(35),(88),0.07,0.05,0.01,0.05,45,6,0,0,0,"[""きんとき"",""キントキ"",""金時"",""金時人参"",""金時にんじん"",""にんじん"",""人参"",""ニンジン"",""carrot"",""根"",""根菜""]",金時にんじん,根・皮つき・ゆで,Kintoki carrot,"Root, Skin-on, Boiled",25.5,8.8,11125,"Carrots, cooked, boiled, drained, without salt",170394,"Carrots, cooked, boiled, drained, without salt",1.2494471509139848,,8.8,TRUE,野菜 > にんじん
06,06220,（にんじん類）　きんとき　根　皮なし　生,87.1,1.8,0.3,3.6,1.1,40,34,67,12,520,10,0.4,0.9,0.08,0.16,-,-,(0),(0),0.5,0.07,0.05,1.0,0.13,(0),100,0.33,"{""baseName"":""きんとき"",""part"":""根"",""formModifiers"":[""皮なし""],""state"":""生"",""notes"":[""にんじん類""]}",きんとき（にんじん類）は生でも加熱でも安全で、犬に適した野菜素材。,9,1,1,(59),(88),(85),(23),(21),(44),(60),(41),(100),(67),(21),(83),(32),(87),0.08,0.06,0.01,0.05,53,7,0,0,0,"[""きんとき"",""キントキ"",""金時"",""金時人参"",""金時にんじん"",""にんじん"",""人参"",""ニンジン"",""carrot"",""根"",""根菜""]",金時にんじん,根・皮なし・生,Kintoki carrot,"Root, Skinless, Raw",30.2,8.8,11124,"Carrots, raw",170393,"Carrots, raw",1.082599377623208,,8.8,TRUE,野菜 > にんじん
06,06221,（にんじん類）　きんとき　根　皮なし　ゆで,87.1,1.9,0.4,4.1,1.0,40,38,72,9,480,9,0.4,1.0,0.08,0.12,-,-,(0),(0),0.5,0.06,0.06,0.8,0.14,(0),100,0.28,"{""baseName"":""きんとき"",""part"":""根"",""formModifiers"":[""皮なし""],""state"":""ゆで"",""notes"":[""にんじん類""]}",ゆでにんじんは消化しやすくビタミンや食物繊維が豊富で犬に適した素材,9,1,1,(62),(93),(90),(24),(23),(46),(63),(43),(110),(70),(22),(87),(34),(92),0.11,0.08,0.01,0.07,69,9,0,0,0,"[""金時にんじん"",""金時人参"",""きんとき"",""キントキ"",""kintoki carrot"",""にんじん"",""ニンジン"",""人参"",""carrot""]",きんとき,,Kintoki carrot,,29.3,8.8,11125,"Carrots, cooked, boiled, drained, without salt",170394,"Carrots, cooked, boiled, drained, without salt",1.356685284080698,,8.8,TRUE,野菜 > にんじん
06,06409,（にんじん類）　島にんじん　根　皮なし　生,88.9,1.1,0.4,3.9,0.9,35,34,44,22,420,7,0.5,0.3,0.07,0.09,Tr,1,-,-,1.2,0.07,0.05,0.8,0.09,0,29,0.16,"{""baseName"":""島にんじん"",""part"":""根"",""formModifiers"":[""皮なし""],""state"":""生"",""notes"":[""にんじん類""]}",生の島にんじんは繊維質で安全な野菜素材だが、消化性を考慮して調理が望ましい場合もある,8,0,0,,,,,,,,,,,,,,,,,,,,,,,,"[""島にんじん"",""しまにんじん"",""島人参"",""シマニンジン"",""にんじん"",""ニンジン"",""人参"",""carrot""]",島にんじん,,Island carrot,,24.05,8.8,11124,"Carrots, raw",170393,"Carrots, raw",1.0089520021557439,,8.8,TRUE,野菜 > にんじん
06,06222,（にんじん類）　ミニキャロット　根　生,90.9,0.7,0.2,2.7,0.7,26,30,22,15,340,8,0.3,0.2,0.05,0.12,-,-,(0),(0),0.6,0.04,0.03,0.6,0.10,(0),32,0.41,"{""baseName"":""ミニキャロット"",""part"":""根"",""state"":""生"",""notes"":[""にんじん類""]}",ミニキャロットはビタミンや食物繊維を含む安全な野菜素材である,9,1,1,(23),(35),(34),(9.1),(7.3),(16),(23),(16),(39),(26),(8.3),(32),(13),(32),(0.09),(0.07),(0.01),(0.06),(58),(7),(0),-,(0),"[""ミニキャロット"",""ミニにんじん"",""ベビーキャロット"",""baby carrot"",""にんじん"",""ニンジン"",""人参"",""carrot""]",ミニキャロット,,Baby carrot,,20.95,7.5,11960,"Carrots, baby, raw",170394,"Carrots, cooked, boiled, drained, without salt",0.9358199075087811,,8.8,TRUE,野菜 > にんじん
06,06229,のざわな　葉　生,94.0,0.9,0.1,2.0,1.1,14,130,40,24,390,19,0.6,0.3,0.05,0.23,1,1,(0),(0),0.5,0.06,0.10,0.7,0.11,(0),110,0.17,"{""baseName"":""のざわな"",""part"":""葉"",""state"":""生""}",のざわな葉は葉物野菜として栄養源になり得る安全な素材,8,1,1,(39),(69),(56),(11),(7.4),(19),(51),(31),(82),(43),(20),(56),(22),(60),(0.05),(0.04),(0.03),(Tr),(4),(28),(0),-,(0),"[""野沢菜"",""のざわな"",""ノザワナ"",""nozawana""]",野沢菜,,Nozawana,,10.65,,,,169891,"Cabbage, mustard, salted",0.7641245527495438,,21.5,TRUE,野菜 > 野沢菜
06,06233,はくさい　結球葉　生,95.2,0.8,0.1,1.3,0.6,13,43,33,6,220,10,0.3,0.2,0.03,0.11,1,Tr,(0),(0),0.2,0.03,0.03,0.6,0.09,(0),61,0.25,"{""baseName"":""はくさい"",""part"":""結球葉"",""state"":""生""}",はくさいはビタミンや食物繊維が豊富で犬のレシピ素材として適する,9,1,1,26,44,44,9.9,9.7,20,26,22,48,33,8.4,37,17,40,0.04,0.03,0.02,Tr,3,24,0,-,0,"[""白菜"",""はくさい"",""ハクサイ"",""Chinese cabbage"",""hakusai"",""白菜葉"",""白菜の葉""]",白菜,生,Chinese cabbage,Raw,10.65,11,11109,"Cabbage, raw",169337,"Cabbage, chinese (pe-tsai), cooked, boiled, drained, with salt",1.3518346656941274,,,TRUE,野菜 > 白菜
06,06234,はくさい　結球葉　ゆで,95.4,0.9,0.1,1.4,0.5,13,43,33,5,160,9,0.3,0.2,0.03,0.12,-,-,(0),(0),0.1,0.01,0.01,0.3,0.04,(0),42,0.25,"{""baseName"":""はくさい"",""part"":""結球葉"",""state"":""ゆで""}",ゆでた葉物野菜で消化されやすく素材として適している,8,1,1,(29),(49),(49),(11),(11),(22),(29),(24),(53),(34),(9.3),(41),(18),(45),(0.04),(0.03),(0.02),(Tr),(3),(24),(0),-,(0),"[""白菜"",""はくさい"",""ハクサイ"",""Chinese cabbage"",""hakusai"",""白菜葉"",""白菜の葉""]",白菜,ゆで,Chinese cabbage,Boiled,9.95,20,11110,"Cabbage, cooked, boiled, drained, without salt",168572,"Cabbage, napa, cooked",2.425902340053079,,,TRUE,野菜 > 白菜
06,06237,パクチョイ　葉　生,94.0,1.6,0.2,1.8,1.1,15,100,39,12,450,27,0.8,0.3,0.04,0.25,1,1,(0),(0),0.9,0.07,0.12,0.8,0.11,(0),140,0.34,"{""baseName"":""パクチョイ"",""part"":""葉"",""state"":""生""}",パクチョイの葉はビタミンや食物繊維を含む安全な葉物野菜で素材として適している,8,0,1,,,,,,,,,,,,,,,(0.14),(0.10),(0.06),(0.04),(42),(55),(0),(0),(0),"[""パクチョイ"",""ぱくちょい"",""pak choi"",""bok choy"",""チンゲンサイ"",""チンゲン菜"",""青梗菜""]",パクチョイ,,Pak choi,,11.85,,,,170390,"Cabbage, chinese (pak-choi), raw",0.8539213189316145,,6.4,TRUE,野菜 > チンゲン菜
06,06238,バジル　葉　生,91.5,2.0,0.6,4.0,1.5,21,240,41,1,420,69,1.5,0.6,0.20,1.91,-,-,(0),(0),3.5,0.08,0.19,0.6,0.11,(0),69,0.29,"{""baseName"":""バジル"",""part"":""葉"",""state"":""生""}",バジルは風味付けとして少量なら使用可能だが大量使用は避けるべきであるため,7,1,1,(66),(120),(70),(23),(18),(41),(83),(49),(130),(66),(25),(81),(32),(74),(0.49),(0.36),(0.30),(0.07),(68),(300),(0),(0),(0),"[""バジル"",""ばじる"",""バジル葉"",""スイートバジル"",""basil""]",バジル,,Basil,,13.5,11,02044,"Basil, fresh",,,,,,TRUE,スパイス > バジル
06,06239,パセリ　葉　生,84.7,4.0,0.7,6.8,2.7,34,290,61,9,1000,42,7.5,1.0,0.16,1.05,7,3,(0),(0),3.3,0.12,0.24,1.2,0.27,(0),220,0.48,"{""baseName"":""パセリ"",""part"":""葉"",""state"":""生""}",ハーブで香り付けや微量の栄養供給に使いやすく、少量であれば安全。,7,1,1,180,330,240,72,54,130,230,150,380,200,88,230,95,200,(0.49),(0.11),(0.01),(0.10),(100),(7),(0),(0),(0),"[""パセリ"",""ぱせり"",""パセリ葉"",""parsley""]",パセリ,,Parsley,,23.8,97,02029,"Spices, parsley, dried",170416,"Parsley, fresh",0.9329610627241599,,12.8,TRUE,野菜 > パセリ
06,06240,はつかだいこん　根　生,95.3,0.8,0.1,1.2,0.7,13,21,46,8,220,11,0.3,0.1,0.02,0.05,-,-,(0),(0),0,0.02,0.02,0.1,0.07,(0),53,0.18,"{""baseName"":""はつかだいこん"",""part"":""根"",""state"":""生""}",生のはつかだいこん（ラディッシュ）は低カロリーで消化に良い野菜であり、適した素材。,8,1,1,30,42,45,7.8,10,18,29,24,53,37,11,52,20,46,(0.10),(0.05),(0.03),(0.02),(17),(31),(0),(0),(0),"[""はつかだいこん"",""ハツカダイコン"",""二十日大根"",""ラディッシュ"",""radish""]",はつかだいこん,,Radish,,10.3,6.5,11429,"Radishes, raw",168451,"Radishes, oriental, raw",1.4006624627012283,,7.3,TRUE,野菜 > ラディッシュ
06,06392,はなっこりー　生,89.5,3.6,0.5,3.1,1.0,34,51,79,5,380,22,0.5,0.5,0.06,0.28,Tr,1,-,-,1.3,0.09,0.15,1.0,0.23,-,220,0.50,"{""baseName"":""はなっこりー"",""state"":""生""}",はなっこりーは安全な野菜で、生でも加熱でも与えやすい。,9,0,0,,,,,,,,,,,,,,,,,,,,,,,,"[""はなっこりー"",""ハナッコリー"",""hanakkori""]",はなっこりー,,Hanakkori,,24.9,18,11096,"Broccoli raab, raw",170379,"Broccoli, raw",0.7855761804767353,,18.7,TRUE,野菜 > はなっこりー
06,06241,はやとうり　果実　白色種　生,94.0,0.6,0.1,1.2,0.4,20,12,21,Tr,170,10,0.3,0.1,0.03,0.15,-,-,(0),(0),0.2,0.02,0.03,0.3,0.04,(0),44,0.46,"{""baseName"":""はやとうり"",""variety"":""白色種"",""part"":""果実"",""state"":""生""}",瓜類の果実で消化に良く利用しやすい（種子は除く）,8,1,1,(23),(36),(28),(6.0),(7.2),(13),(26),(22),(48),(16),(4.8),(25),(11),(31),(0.07),(0.04),(0.03),(0.02),(16),(28),(0),(0),(0),"[""はやとうり"",""ハヤトウリ"",""chayote"",""chayote squash""]",はやとうり,白色種,Chayote,White variety,15.9,,,,,,,,,FALSE,
06,06353,はやとうり　果実　緑色種　生,94.0,0.6,0.1,1.2,0.4,21,12,21,Tr,170,10,0.3,0.1,0.03,0.15,-,-,(0),(0),0.2,0.02,0.03,0.3,0.04,(0),44,0.46,"{""baseName"":""はやとうり"",""variety"":""緑色種"",""part"":""果実"",""state"":""生""}",ウリ科の果実で果肉は安全だが、種子は除去する必要がある。,8,0,0,,,,,,,,,,,,,,,,,,,,,,,,"[""はやとうり"",""ハヤトウリ"",""chayote"",""chayote squash""]",はやとうり,緑色種,Chayote,Green variety,15.9,,,,168409,"Cucumber, with peel, raw",1.352326122295611,,6,FALSE,
06,06243,ビーツ　根　生,87.6,1.6,0.1,2.7,1.1,38,12,23,30,460,18,0.4,0.3,0.09,0.15,-,-,(0),(0),0.1,0.05,0.05,0.3,0.07,(0),110,0.31,"{""baseName"":""ビーツ"",""part"":""根"",""state"":""生""}",根菜で栄養価があり犬のレシピ素材として適している,8,1,1,(48),(68),(58),(18),(19),(37),(46),(38),(83),(47),(19),(56),(21),(42),(0.07),(0.04),(Tr),(0.03),(32),(3),(0),(0),(0),"[""ビーツ"",""ビート"",""ビートルート"",""beet"",""beetroot""]",ビーツ,生,Beetroot,Raw,30.6,6,11080,"Beets, raw",170480,"Beets, pickled, canned, solids and liquids",1.0389685788485081,,15,TRUE,野菜 > ビーツ
06,06244,ビーツ　根　ゆで,86.9,1.5,0.1,2.9,1.0,42,15,29,38,420,22,0.4,0.3,0.09,0.17,-,-,(0),(0),0.1,0.04,0.04,0.2,0.05,(0),110,0.31,"{""baseName"":""ビーツ"",""part"":""根"",""state"":""ゆで""}",ビーツ（ゆで）は栄養価の高い根菜で犬のレシピ素材として適している,8,1,1,(45),(63),(54),(17),(18),(34),(43),(35),(78),(44),(18),(52),(20),(39),(0.07),(0.04),(Tr),(0.03),(32),(3),(0),(0),(0),"[""ビーツ"",""ビート"",""ビートルート"",""beet"",""beetroot""]",ビーツ,ゆで,Beetroot,Boiled,32.7,7.5,11084,"Beets, canned, drained solids",168507,"Beets, canned, no salt added, solids and liquids",1.2692444263430627,,6.9,TRUE,野菜 > ビーツ
06,06245,（ピーマン類）　青ピーマン　果実　生,93.4,0.9,0.2,2.3,0.4,20,11,22,1,190,11,0.4,0.2,0.06,0.10,Tr,0,(0),(0),0.8,0.03,0.03,0.6,0.19,(0),26,0.30,"{""baseName"":""青ピーマン"",""part"":""果実"",""state"":""生"",""notes"":[""ピーマン類""]}",青ピーマンの果実は犬に与えて問題ない野菜で、レシピ素材として適している,8,1,1,31,51,52,12,18,29,33,28,61,40,11,42,18,37,0.07,0.05,0.01,0.03,34,10,1,-,0,"[""青ピーマン"",""あおピーマン"",""緑ピーマン"",""ピーマン"",""green pepper"",""green bell pepper"",""bell pepper""]",青ピーマン,生,Green bell pepper,Raw,14.65,5.6,11333,"Peppers, sweet, green, raw",170427,"Peppers, sweet, green, raw",1.024066961441571,,5.5,TRUE,野菜 > ピーマン
06,06246,（ピーマン類）　青ピーマン　果実　油いため,89.0,0.9,4.3,2.4,0.4,54,11,24,1,200,11,0.7,0.2,0.06,0.10,Tr,0,(0),(0),0.9,0.03,0.03,0.6,0.20,(0),27,0.31,"{""baseName"":""青ピーマン"",""part"":""果実"",""state"":""油いため"",""notes"":[""ピーマン類""]}",青ピーマンは果実部は犬に安全で風味付けに使える（種やへたは除去）,8,1,1,(30),(51),(51),(11),(17),(29),(32),(27),(59),(37),(11),(41),(18),(36),(3.89),(1.12),(0.32),(0.80),(800),(320),(1),(0),(0),"[""青ピーマン"",""あおピーマン"",""緑ピーマン"",""ピーマン"",""green pepper"",""green bell pepper"",""bell pepper""]",青ピーマン,油いため,Green bell pepper,Stir-fried,50.2,4.8,11339,"Peppers, sweet, green, saut�ed",170428,,,,7.4,TRUE,野菜 > ピーマン
06,06247,（ピーマン類）　赤ピーマン　果実　生,91.1,1.0,0.2,1.6,0.5,28,7,22,Tr,210,10,0.4,0.2,0.03,0.13,-,-,(0),(0),4.3,0.06,0.14,1.2,0.37,(0),68,0.28,"{""baseName"":""赤ピーマン"",""part"":""果実"",""state"":""生"",""notes"":[""ピーマン類""]}",赤ピーマンはビタミン類が豊富で犬に安全に使える野菜である。,9,1,1,(21),(36),(36),(6.1),(19),(25),(51),(9.1),(60),(40),(12),(31),(17),(36),(0.15),(0.10),(0.04),(0.07),(67),(37),(0),(0),(0),"[""赤ピーマン"",""あかピーマン"",""ピーマン"",""red pepper"",""red bell pepper"",""赤パプリカ""]",赤ピーマン,生,Red bell pepper,Raw,24.8,5.6,11821,"Peppers, sweet, red, raw",170108,"Peppers, sweet, red, raw",0.7678130938220955,,5.6,TRUE,野菜 > パプリカ
06,06248,（ピーマン類）　赤ピーマン　果実　油いため,86.6,1.0,4.3,1.6,0.5,69,7,24,Tr,220,10,0.7,0.2,0.03,0.14,-,-,(0),(0),4.4,0.06,0.16,1.2,0.39,(0),71,0.29,"{""baseName"":""赤ピーマン"",""part"":""果実"",""state"":""油いため"",""notes"":[""ピーマン類""]}",加熱した赤ピーマンはビタミンを含む安全な野菜で、調理油の影響のみ注意が必要,8,1,1,(21),(36),(36),(6.1),(19),(25),(51),(9.1),(60),(40),(12),(31),(17),(36),(3.89),(1.12),(0.32),(0.79),(790),(320),(0),(0),(0),"[""赤ピーマン"",""あかピーマン"",""ピーマン"",""red pepper"",""red bell pepper"",""赤パプリカ""]",赤ピーマン,油いため,Red bell pepper,Stir-fried,61.05,6.1,11921,"Peppers, sweet, red, saut�ed",170110,"Peppers, sweet, red, cooked, boiled, drained, without salt",1.5364452567416027,,5.8,TRUE,野菜 > パプリカ
06,06393,（ピーマン類）　オレンジピーマン　果実　生,94.2,0.9,0.3,1.8,0.4,19,5,26,0,230,10,0.3,0.2,0.04,0.10,Tr,0,-,-,3.1,0.04,0.03,1.3,0.32,-,53,0.21,"{""baseName"":""オレンジピーマン"",""part"":""果実"",""state"":""生"",""notes"":[""ピーマン類""]}",オレンジピーマン（パプリカ）はビタミンが豊富で犬に与えやすい野菜素材,8,1,1,37,37,39,7.6,17,24,25,19,44,44,7.7,34,16,32,0.13,0.08,0.03,0.05,48,33,0,0,0,"[""オレンジピーマン"",""オレンジパプリカ"",""ピーマン"",""orange pepper"",""orange bell pepper"",""bell pepper""]",オレンジピーマン,,Orange bell pepper,,14.1,5.6,11821,"Peppers, sweet, red, raw",170427,"Peppers, sweet, green, raw",1.4022212981541127,,5.5,TRUE,野菜 > パプリカ
06,06394,（ピーマン類）　オレンジピーマン　果実　油いため,85.8,1.1,5.1,-,0.4,81,5,30,Tr,270,11,0.4,0.2,0.05,0.11,0,0,-,-,5.2,0.05,0.04,1.4,0.34,-,57,0.26,"{""baseName"":""オレンジピーマン"",""part"":""果実"",""state"":""油いため"",""notes"":[""ピーマン類""]}",オレンジピーマンはビタミンが豊富で犬に適する。油調理の点は留意,8,1,0,(43),(42),(45),(8.7),(19),(28),(29),(22),(50),(50),(8.8),(38),(18),(36),,,,,,,,,,"[""オレンジピーマン"",""おれんじぴーまん"",""ピーマン"",""ぴーまん"",""パプリカ"",""ぱぷりか"",""orange pepper"",""orange bell pepper"",""bell pepper"",""sweet pepper""]",オレンジピーマン,油いため,Orange bell pepper,Stir-fried,73.8,6.1,11921,"Peppers, sweet, red, saut�ed",170110,"Peppers, sweet, red, cooked, boiled, drained, without salt",1.571688732820922,,5.8,TRUE,野菜 > パプリカ
06,06249,（ピーマン類）　黄ピーマン　果実　生,92.0,0.8,0.2,1.3,0.4,28,8,21,Tr,200,10,0.3,0.2,0.04,0.15,-,-,(0),(0),2.4,0.04,0.03,1.0,0.26,(0),54,0.25,"{""baseName"":""黄ピーマン"",""part"":""果実"",""state"":""生"",""notes"":[""ピーマン類""]}",黄ピーマンは生の果実でビタミン・食物繊維があり犬のレシピ素材として適切。,9,1,1,(26),(42),(35),(9.6),(15),(25),(25),(17),(42),(30),(10),(34),(16),(38),(0.07),(0.05),(0.01),(0.03),(34),(10),(1),-,(0),"[""黄ピーマン"",""きぴーまん"",""ピーマン"",""ぴーまん"",""パプリカ"",""ぱぷりか"",""yellow pepper"",""yellow bell pepper"",""bell pepper"",""sweet pepper""]",黄ピーマン,生,Yellow bell pepper,Raw,23.05,5.6,11333,"Peppers, sweet, green, raw",169383,"Peppers, sweet, yellow, raw",0.8383647091138369,,,TRUE,野菜 > パプリカ
06,06250,（ピーマン類）　黄ピーマン　果実　油いため,87.6,0.8,4.3,1.3,0.4,61,8,23,Tr,210,10,0.5,0.2,0.04,0.16,-,-,(0),(0),2.5,0.04,0.03,1.0,0.27,(0),56,0.26,"{""baseName"":""黄ピーマン"",""part"":""果実"",""state"":""油いため"",""notes"":[""ピーマン類""]}",ピーマンは犬に安全な野菜で、加熱された果実は消化しやすく使いやすい素材。,9,1,1,(26),(42),(35),(9.6),(15),(25),(25),(17),(42),(30),(10),(34),(16),(38),(3.89),(1.12),(0.32),(0.80),(800),(320),(1),(0),(0),"[""黄ピーマン"",""きぴーまん"",""ピーマン"",""ぴーまん"",""パプリカ"",""ぱぷりか"",""yellow pepper"",""yellow bell pepper"",""bell pepper"",""sweet pepper""]",黄ピーマン,油いため,Yellow bell pepper,Stir-fried,58.95,4.8,11339,"Peppers, sweet, green, saut�ed",169383,"Peppers, sweet, yellow, raw",1.1438985057048583,,,TRUE,野菜 > パプリカ
06,06251,（ピーマン類）　トマピー　果実　生,90.9,1.0,0.2,1.6,0.4,33,8,29,Tr,210,8,0.4,0.3,0.07,0.12,-,-,(0),(0),4.3,0.05,0.09,1.2,0.56,(0),45,0.33,"{""baseName"":""トマピー"",""part"":""果実"",""state"":""生"",""notes"":[""ピーマン類""]}",ミニパプリカ（果実）はビタミンや食物繊維があり犬のレシピ素材として適する。,9,1,0,(21),(36),(36),(6.1),(19),(25),(51),(9.1),(60),(40),(12),(31),(17),(36),,,,,,,,,,"[""トマピー"",""とまぴー"",""ピーマン"",""ぴーまん"",""パプリカ"",""ぱぷりか"",""tomapie"",""tomapie pepper"",""bell pepper"",""pepper""]",トマピー,,Tomapie,,25.85,5.6,11333,"Peppers, sweet, green, raw",170108,"Peppers, sweet, red, raw",0.7766808253206782,,5.6,TRUE,野菜 > パプリカ
06,06252,ひのな　根・茎葉　生,92.5,1.0,Tr,3.0,1.3,17,130,51,10,480,21,0.8,0.2,0.04,0.17,-,-,(0),(0),0.7,0.05,0.13,0.7,0.14,(0),92,0.18,"{""baseName"":""ひのな"",""variety"":""根・茎葉"",""state"":""生""}",葉茎類の野菜でビタミンや食物繊維が豊富。犬のレシピ素材として適する。,8,1,0,(38),(64),(70),(13),(16),(29),(40),(32),(71),(46),(13),(56),(26),(43),,,,,,,,,,"[""ひのな"",""ヒノナ"",""日野菜"",""日野菜かぶ"",""かぶ"",""カブ"",""turnip""]",ひのな,,Hinona turnip,,11.2,,,,170061,"Turnip greens, raw",1.0477139832707407,,,TRUE,野菜 > カブ
06,06254,ひろしまな　葉　生,92.7,1.5,0.2,2.4,1.1,19,200,55,28,550,32,0.8,0.3,0.04,0.54,1,1,(0),(0),1.3,0.06,0.15,0.7,0.10,(0),120,0.47,"{""baseName"":""ひろしまな"",""part"":""葉"",""state"":""生""}",葉物野菜でビタミンや食物繊維が豊富で犬の素材として適している。,8,1,1,(48),(81),(82),(18),(18),(36),(49),(39),(88),(57),(16),(68),(31),(74),(0.08),(0.05),(0.05),(0.01),(5),(48),(0),-,(0),"[""ひろしまな"",""ヒロシマナ"",""広島菜"",""広島菜"",""葉物"",""leaf mustard"",""hiroshima greens""]",ひろしまな,葉・生,Hiroshima greens,"Leaves, Raw",14.3,,,,170061,"Turnip greens, raw",0.8623867042653665,,,FALSE,
06,06255,ひろしまな　塩漬,92.7,1.2,0.2,2.4,2.5,15,74,17,840,120,13,0.8,0.3,0.06,0.12,-,-,(0),(0),0.6,0.02,0.07,0.2,0.04,(0),15,0.07,"{""baseName"":""ひろしまな"",""state"":""塩漬""}",葉野菜の塩漬品で栄養源として利用可能。ただし塩分含有に注意が必要。,7,1,1,(38),(65),(65),(15),(14),(29),(39),(31),(70),(45),(12),(55),(25),(59),(0.18),(0.08),(0.01),(0.07),(65),(13),(0),(0),(0),"[""ひろしまな"",""ヒロシマナ"",""広島菜"",""広島菜"",""葉物"",""leaf mustard"",""hiroshima greens""]",ひろしまな,塩漬,Hiroshima greens,Salted,9.4,,,,169279,"Sauerkraut, canned, solids and liquids",1.3866748552880364,,10.4,FALSE,
06,06256,（ふき類）　ふき　葉柄　生,95.8,0.3,0,1.3,0.7,11,40,18,35,330,6,0.1,0.2,0.05,0.36,Tr,0,0,(0),0.2,Tr,0.02,0.1,0.01,(0),12,0.07,"{""baseName"":""ふき"",""part"":""葉柄"",""state"":""生"",""notes"":[""ふき類""]}",ふきの葉柄は食用になる部位で繊維を供給するが、下ごしらえや加熱が必要な場合がある。,7,0,0,,,,,,,,,,,,,,,,,,,,,,,,"[""ふき"",""フキ"",""蕗"",""butterbur"",""ふき 茎"",""くき"",""茎""]",ふき,葉柄・生,Butterbur,"Stalks, Raw",7.7,,,,170385,"Butterbur, (fuki), raw",2.345104238384488,,,TRUE,野菜 > ふき
06,06257,（ふき類）　ふき　葉柄　ゆで,97.4,0.3,0,1.1,0.4,7,34,15,22,230,5,0.1,0.2,0.05,0.37,-,-,(0),(0),0.2,Tr,0.01,0.1,0.08,(0),9,0,"{""baseName"":""ふき"",""part"":""葉柄"",""state"":""ゆで"",""notes"":[""ふき類""]}",ゆでたふき葉柄は加熱済みの野菜素材として利用可能,7,0,0,,,,,,,,,,,,,,,,,,,,,,,,"[""ふき"",""フキ"",""蕗"",""butterbur"",""ふき 茎"",""くき"",""茎""]",ふき,葉柄・ゆで,Butterbur,"Stalks, Boiled",3.85,,,,170386,"Butterbur, cooked, boiled, drained, without salt",1.2417915800710102,,,TRUE,野菜 > ふき
06,06258,（ふき類）　ふきのとう　花序　生,85.5,2.5,0.1,6.4,1.9,38,61,89,4,740,49,1.3,0.8,0.36,0.23,-,-,(0),(0),3.2,0.10,0.17,0.9,0.18,(0),160,0.45,"{""baseName"":""ふきのとう"",""part"":""花序"",""state"":""生"",""notes"":[""ふき類""]}",ふきのとうは野菜素材として使用可能だが苦味があるため量に注意が必要です。,7,0,0,,,,,,,,,,,,,,,,,,,,,,,,"[""ふきのとう"",""フキノトウ"",""蕗の薹"",""蕗のとう"",""ふきのとう つぼみ"",""つぼみ"",""butterbur sprout"",""fukinotou""]",ふきのとう,花序・生,Fukinotou,"Flower buds, Raw",22.2,,,,169205,"Artichokes, (globe or french), raw",1.0499610707222948,,34.4,TRUE,野菜 > ふき
06,06259,（ふき類）　ふきのとう　花序　ゆで,89.2,2.5,0.1,4.2,1.2,31,46,54,3,440,33,0.7,0.5,0.20,0.17,-,-,(0),(0),2.4,0.06,0.08,0.5,0.07,(0),83,0.24,"{""baseName"":""ふきのとう"",""part"":""花序"",""state"":""ゆで"",""notes"":[""ふき類""]}",ふきのとう（ゆで）は野菜類として利用可能だが、香りや苦味で消化に敏感な個体は注意,7,0,0,,,,,,,,,,,,,,,,,,,,,,,,"[""ふきのとう"",""フキノトウ"",""蕗の薹"",""蕗のとう"",""ふきのとう つぼみ"",""つぼみ"",""butterbur sprout"",""fukinotou""]",ふきのとう,花序・ゆで,Fukinotou,"Flower buds, Boiled",19.4,,,,,,,,,TRUE,野菜 > ふき
06,06260,ふじまめ　若ざや　生,89.2,2.5,0.1,4.4,0.8,32,43,63,Tr,300,33,0.8,0.4,0.07,0.33,-,-,(0),(0),0.1,0.08,0.10,0.9,0.08,(0),120,0.35,"{""baseName"":""ふじまめ"",""part"":""若ざや"",""state"":""生""}",いんげん類（若ざや）は野菜として栄養源になり得る,8,0,1,,,,,,,,,,,,,,,(0.10),(Tr),(Tr),(0),(1),(4),(0),(0),(0),"[""ふじまめ"",""フジマメ"",""藤豆"",""豆"",""まめ"",""さや"",""サヤ"",""bean"",""beans""]",ふじまめ,若ざや・生,Fujimame,"Young pods, Raw",20.1,,,,169320,"Beans, snap, yellow, raw",0.7948181351505871,,15.3,TRUE,野菜 > インゲン
06,06261,ふだんそう　葉　生,92.2,2.0,0.1,3.3,1.9,17,75,33,71,1200,74,3.6,0.3,0.06,3.60,-,-,(0),(0),1.7,0.07,0.23,0.4,0.25,(0),120,0.53,"{""baseName"":""ふだんそう"",""part"":""葉"",""state"":""生""}",葉野菜でビタミン・食物繊維の供給源として有用。生でも少量から様子を見ながら使える。,8,0,1,,,,,,,,,,,,,,,(0.07),(0.04),(Tr),(0.03),(32),(4),(0),(0),(0),"[""ふだんそう"",""フダンソウ"",""ふだんそう 葉"",""葉物"",""leaf vegetable""]",ふだんそう,葉・生,Fudansou,"Leaves, Raw",9.6,,,,169991,"Chard, swiss, raw",1.4562692916445892,,18,TRUE,野菜 > ふだんそう
06,06262,ふだんそう　葉　ゆで,90.4,2.8,0.1,3.8,1.2,26,130,34,61,760,79,2.1,0.4,0.06,4.85,-,-,(0),(0),1.7,0.03,0.11,0.1,0.14,(0),92,0.44,"{""baseName"":""ふだんそう"",""part"":""葉"",""state"":""ゆで""}",ゆでたふだんそうは加熱済みの葉物で消化しやすく素材として適切,8,0,1,,,,,,,,,,,,,,,(0.07),(0.04),(Tr),(0.03),(31),(4),(0),(0),(0),"[""ふだんそう"",""フダンソウ"",""ふだんそう 葉"",""葉物"",""leaf vegetable""]",ふだんそう,葉・ゆで,Fudansou,"Leaves, Boiled",16.6,,,,170389,"Cabbage, savoy, cooked, boiled, drained, without salt",1.9502090922727282,,,TRUE,野菜 > ふだんそう
06,06263,ブロッコリー　花序　生,86.2,5.4,0.6,5.1,1.2,37,50,110,7,460,29,1.3,0.8,0.10,0.28,0,2,0,0,3.0,0.17,0.23,1.0,0.30,0,220,1.42,"{""baseName"":""ブロッコリー"",""part"":""花序"",""state"":""生""}",ブロッコリーの花序は野菜として安全で適切な素材,8,1,1,170,270,280,76,57,130,180,120,300,190,59,240,130,330,0.24,0.11,0.08,0.03,34,76,0,0,0,"[""ブロッコリー"",""ぶろっこりー"",""BROCCOLI"",""broccoli"",""花蕾"",""つぼみ"",""ブロッコリー つぼみ""]",ブロッコリー,花序・生,Broccoli,"Florets, Raw",29.25,19,11090,"Broccoli, raw",170383,"Brussels sprouts, raw",1.1391195581407925,,19.1,TRUE,野菜 > ブロッコリー
06,06264,ブロッコリー　花序　ゆで,89.9,3.9,0.4,4.3,0.6,30,41,74,5,210,17,0.9,0.4,0.06,0.20,-,1,0,0,2.7,0.06,0.09,0.4,0.14,0,120,0.74,"{""baseName"":""ブロッコリー"",""part"":""花序"",""state"":""ゆで""}",ゆでたブロッコリーは消化しやすく栄養価が高い緑黄色野菜で適している。,9,1,1,(120),(190),(200),(54),(41),(94),(130),(85),(210),(130),(42),(170),(90),(230),(0.19),(0.08),(0.06),(0.03),(26),(59),(0),(0),(0),"[""ブロッコリー"",""ぶろっこりー"",""BROCCOLI"",""broccoli"",""花蕾"",""つぼみ"",""ブロッコリー つぼみ""]",ブロッコリー,花序・ゆで,Broccoli,"Florets, Boiled",20.2,40,11091,"Broccoli, cooked, boiled, drained, without salt",169967,"Broccoli, cooked, boiled, drained, without salt",0.7626373615876794,,40.1,TRUE,野菜 > ブロッコリー
06,06395,ブロッコリー　花序　電子レンジ調理,85.3,5.7,0.7,-,1.3,56,54,120,8,500,32,1.4,0.9,0.11,0.30,-,2,-,-,3.4,0.18,0.25,1.2,0.41,-,160,1.31,"{""baseName"":""ブロッコリー"",""part"":""花序"",""state"":""電子レンジ調理""}",調理済みのブロッコリーは消化しやすくビタミンや食物繊維が豊富で適している。,8,1,0,(180),(280),(300),(80),(61),(140),(190),(130),(320),(200),(62),(260),(130),(350),,,,,,,,,,"[""ブロッコリー"",""ぶろっこりー"",""BROCCOLI"",""broccoli"",""花蕾"",""つぼみ"",""ブロッコリー つぼみ""]",ブロッコリー,花序・電子レンジ調理,Broccoli,"Florets, Microwaved",50.4,40,11091,"Broccoli, cooked, boiled, drained, without salt",,,,,,TRUE,野菜 > ブロッコリー
06,06396,ブロッコリー　花序　焼き,78.5,9.9,1.2,-,2.1,83,90,200,13,820,53,2.3,1.5,0.17,0.50,-,4,-,-,6.0,0.27,0.40,1.7,0.67,-,450,1.99,"{""baseName"":""ブロッコリー"",""part"":""花序"",""state"":""焼き""}",加熱したブロッコリーは栄養価があり犬のレシピ素材として適している,8,1,0,(300),(490),(510),(140),(100),(240),(330),(220),(560),(350),(110),(440),(230),(600),,,,,,,,,,"[""ブロッコリー"",""ぶろっこりー"",""BROCCOLI"",""broccoli"",""花蕾"",""つぼみ"",""ブロッコリー つぼみ""]",ブロッコリー,花序・焼き,Broccoli,"Florets, Roasted",73.9,40,11091,"Broccoli, cooked, boiled, drained, without salt",,,,,,TRUE,野菜 > ブロッコリー
06,06397,ブロッコリー　花序　油いため,79.2,6.9,6.3,-,1.5,109,64,140,9,590,37,1.7,1.1,0.11,0.35,0,3,-,-,5.8,0.20,0.28,1.3,0.52,-,340,1.47,"{""baseName"":""ブロッコリー"",""part"":""花序"",""state"":""油いため""}",ブロッコリーはビタミン・食物繊維が豊富で犬のレシピ素材として適している,8,1,0,(210),(340),(360),(97),(73),(170),(230),(160),(390),(250),(75),(310),(160),(420),,,,,,,,,,"[""ブロッコリー"",""ぶろっこりー"",""BROCCOLI"",""broccoli"",""花蕾"",""つぼみ"",""ブロッコリー つぼみ""]",ブロッコリー,花序・油いため,Broccoli,"Florets, Stir-fried",99.05,40,11091,"Broccoli, cooked, boiled, drained, without salt",,,,,,TRUE,野菜 > ブロッコリー
06,06354,ブロッコリー　芽ばえ　生,94.3,1.9,0.6,1.8,0.5,18,57,60,4,100,32,0.7,0.4,0.03,0.37,-,-,(0),(0),1.9,0.08,0.11,1.3,0.20,(0),74,0.52,"{""baseName"":""ブロッコリー"",""part"":""芽ばえ"",""state"":""生""}",ブロッコリースプラウトは栄養豊富な野菜で適した素材。,8,1,1,(58),(92),(97),(26),(20),(46),(63),(42),(110),(67),(20),(84),(44),(110),(0.26),(0.12),(0.08),(0.04),(36),(82),(0),(0),(0),"[""ブロッコリー芽ばえ"",""ブロッコリースプラウト"",""ぶろっこりーすぷらうと"",""ブロッコリー"",""スプラウト"",""sprout"",""broccoli sprout""]",ブロッコリースプラウト,,Broccoli sprouts,,14.9,,,,170379,"Broccoli, raw",0.9044599214137031,,18.7,TRUE,野菜 > ブロッコリー
06,06265,へちま　果実　生,94.9,0.8,0.1,1.0,0.4,17,12,25,1,150,12,0.3,0.2,0.06,0.07,-,-,(0),(0),0.3,0.03,0.04,0.2,0.07,(0),92,0.30,"{""baseName"":""へちま"",""part"":""果実"",""state"":""生""}",へちまの果実は水分の多い野菜で消化しやすく、犬のレシピ素材として使いやすい。,8,1,1,(27),(39),(33),(7.3),(10),(18),(30),(16),(47),(24),(4.0),(33),(16),(41),(0.07),(0.04),(0),(0.04),(44),-,-,-,-,"[""へちま"",""ヘチマ"",""糸瓜"",""hechima"",""luffa"",""sponge gourd"",""果実"",""かじつ"",""カジツ""]",へちま,生,Sponge gourd,"Fruit, Raw",13.45,,,,168409,"Cucumber, with peel, raw",0.685551785060764,,6,FALSE,
06,06266,へちま　果実　ゆで,94.2,1.6,0.1,1.5,0.4,19,24,34,1,140,13,0.7,0.2,0.07,0.09,-,-,(0),(0),0.4,0.03,0.06,0.2,0.05,(0),91,0.39,"{""baseName"":""へちま"",""part"":""果実"",""state"":""ゆで""}",へちま（ゆで）は消化性が良く安全な野菜で、犬の素材として適している。,8,1,1,(54),(77),(67),(15),(20),(35),(61),(32),(93),(48),(7.9),(65),(31),(81),(0.07),(0.04),(0),(0.04),(44),-,-,-,-,"[""へちま"",""ヘチマ"",""糸瓜"",""hechima"",""luffa"",""sponge gourd"",""果実"",""かじつ"",""カジツ""]",へちま,ゆで,Sponge gourd,Boiled,14.15,,,,168470,"Squash, summer, zucchini, includes skin, frozen, cooked, boiled, drained, without salt",1.2383340732033221,,9.4,FALSE,
06,06267,ほうれんそう　葉　通年平均　生,92.4,2.2,0.4,2.8,1.7,18,49,47,16,690,69,2.0,0.7,0.11,0.32,3,3,(0),(0),2.1,0.11,0.20,0.6,0.14,(0),210,0.20,"{""baseName"":""ほうれんそう"",""variety"":""通年平均"",""part"":""葉"",""state"":""生""}",ビタミンやミネラルを含む葉物だがシュウ酸や硝酸イオンを含むため適量での使用が望ましい。,7,1,1,83,140,110,35,29,64,100,80,180,93,41,110,51,140,0.22,0.17,0.12,0.04,34,120,0,-,0,"[""ほうれんそう"",""ホウレンソウ"",""ほうれん草"",""法蓮草"",""spinach"",""ほうれんそう 葉"",""葉"",""葉っぱ"",""leaf"",""spinach leaves""]",ほうれん草,通年平均・生,Spinach,"Year-round average, Raw",12.85,22,11463,"Spinach, frozen, chopped or leaf, unprepared",168462,"Spinach, raw",1.2124526327424299,,19.3,TRUE,野菜 > ほうれん草
06,06359,ほうれんそう　葉　通年平均　油いため,82.0,3.8,8.1,4.6,1.5,91,88,54,13,530,52,1.2,0.8,0.15,0.20,-,-,(0),(0),4.8,0.08,0.16,0.5,0.09,(0),140,0.20,"{""baseName"":""ほうれんそう"",""variety"":""通年平均"",""part"":""葉"",""state"":""油いため""}",油いためのほうれんそうは葉物野菜として栄養価があり利用できるが、鉄分やシュウ酸を考慮する必要がある,8,1,1,(150),(280),(210),(70),(54),(120),(190),(160),(340),(160),(76),(200),(90),(230),(7.25),(2.21),(0.75),(1.43),(1400),(750),(0),(0),(0),"[""ほうれんそう"",""ホウレンソウ"",""ほうれん草"",""法蓮草"",""spinach"",""ほうれんそう 葉"",""葉"",""葉っぱ"",""leaf"",""spinach leaves""]",ほうれん草,通年平均・油いため,Spinach,"Year-round average, Stir-fried (oil)",82.15,25,11464,"Spinach, frozen, chopped or leaf, cooked, boiled, drained, without salt",169287,"Spinach, frozen, chopped or leaf, unprepared (Includes foods for USDA's Food Distribution Program)",1.3780201004325674,,22.1,TRUE,野菜 > ほうれん草
06,06355,ほうれんそう　葉　夏採り　生,92.4,2.2,0.4,2.8,1.7,18,49,47,16,690,69,2.0,0.7,0.11,0.32,3,3,(0),(0),2.1,0.11,0.20,0.6,0.14,(0),210,0.20,"{""baseName"":""ほうれんそう"",""variety"":""夏採り"",""part"":""葉"",""state"":""生""}",ほうれんそうはビタミン・鉄分が豊富だがシュウ酸を含むため長期大量の利用は注意が必要。,7,1,0,(83),(140),(110),(35),(29),(64),(100),(80),(180),(93),(41),(110),(51),(140),,,,,,,,,,"[""ほうれんそう"",""ホウレンソウ"",""ほうれん草"",""法蓮草"",""spinach"",""ほうれんそう 葉"",""葉"",""葉っぱ"",""leaf"",""spinach leaves""]",ほうれん草,夏採り・生,Spinach,"Summer harvest, Raw",12.85,22,11463,"Spinach, frozen, chopped or leaf, unprepared",168462,"Spinach, raw",1.2124526327424299,,19.3,TRUE,野菜 > ほうれん草
06,06357,ほうれんそう　葉　夏採り　ゆで,91.5,2.6,0.5,3.6,1.2,23,69,43,10,490,40,0.9,0.7,0.11,0.33,1,3,(0),(0),2.6,0.05,0.11,0.3,0.08,(0),110,0.13,"{""baseName"":""ほうれんそう"",""variety"":""夏採り"",""part"":""葉"",""state"":""ゆで""}",ゆでほうれんそうはビタミン・ミネラル源として利用できるがシュウ酸含有に配慮が必要,7,1,0,(100),(190),(150),(48),(37),(85),(130),(110),(240),(120),(52),(140),(62),(160),,,,,,,,,,"[""ほうれんそう"",""ホウレンソウ"",""ほうれん草"",""法蓮草"",""spinach"",""ほうれんそう 葉"",""葉"",""葉っぱ"",""leaf"",""spinach leaves""]",ほうれん草,夏採り・ゆで,Spinach,"Summer harvest, Boiled",15.45,25,11464,"Spinach, frozen, chopped or leaf, cooked, boiled, drained, without salt",170123,"Spinach, canned, no salt added, solids and liquids",1.2332304359647044,,15.2,TRUE,野菜 > ほうれん草
06,06356,ほうれんそう　葉　冬採り　生,92.4,2.2,0.4,2.8,1.7,18,49,47,16,690,69,2.0,0.7,0.11,0.32,3,3,(0),(0),2.1,0.11,0.20,0.6,0.14,(0),210,0.20,"{""baseName"":""ほうれんそう"",""variety"":""冬採り"",""part"":""葉"",""state"":""生""}",ビタミンやミネラルが豊富だがシュウ酸を含み大量摂取は注意が必要,7,1,0,(83),(140),(110),(35),(29),(64),(100),(80),(180),(93),(41),(110),(51),(140),,,,,,,,,,"[""ほうれんそう"",""ホウレンソウ"",""ほうれん草"",""法蓮草"",""spinach"",""ほうれんそう 葉"",""葉"",""葉っぱ"",""leaf"",""spinach leaves""]",ほうれん草,冬採り・生,Spinach,"Winter harvest, Raw",12.85,22,11463,"Spinach, frozen, chopped or leaf, unprepared",168462,"Spinach, raw",1.2124526327424299,,19.3,TRUE,野菜 > ほうれん草
06,06358,ほうれんそう　葉　冬採り　ゆで,91.5,2.6,0.5,3.6,1.2,23,69,43,10,490,40,0.9,0.7,0.11,0.33,1,3,(0),(0),2.6,0.05,0.11,0.3,0.08,(0),110,0.13,"{""baseName"":""ほうれんそう"",""variety"":""冬採り"",""part"":""葉"",""state"":""ゆで""}",ゆでほうれんそうは加熱済みで与えやすく、適度な量であれば素材として使える（シュウ酸を考慮）,7,1,0,(100),(190),(150),(48),(37),(85),(130),(110),(240),(120),(52),(140),(62),(160),,,,,,,,,,"[""ほうれんそう"",""ホウレンソウ"",""ほうれん草"",""法蓮草"",""spinach"",""ほうれんそう 葉"",""葉"",""葉っぱ"",""leaf"",""spinach leaves""]",ほうれん草,冬採り・ゆで,Spinach,"Winter harvest, Boiled",15.45,25,11464,"Spinach, frozen, chopped or leaf, cooked, boiled, drained, without salt",170123,"Spinach, canned, no salt added, solids and liquids",1.2332304359647044,,15.2,TRUE,野菜 > ほうれん草
06,06269,ほうれんそう　葉　冷凍,92.2,2.9,0.3,3.3,1.0,22,87,46,120,210,51,1.2,0.5,0.10,0.80,1,Tr,(0),(0),2,0.06,0.13,0.4,0.10,0,120,0.15,"{""baseName"":""ほうれんそう"",""part"":""葉"",""state"":""冷凍""}",冷凍ほうれんそうは鉄やビタミンが含まれるがシュウ酸に注意して適量で使える。,7,1,1,120,230,180,56,43,99,150,130,280,140,56,160,73,170,0.17,0.12,0.09,0.02,22,90,0,0,0,"[""ほうれんそう"",""ホウレンソウ"",""ほうれん草"",""法蓮草"",""spinach"",""ほうれんそう 葉"",""葉"",""葉っぱ"",""leaf"",""spinach leaves""]",ほうれん草,冷凍,Spinach,Frozen,13.75,22,11463,"Spinach, frozen, chopped or leaf, unprepared",170123,"Spinach, canned, no salt added, solids and liquids",0.9934655302395227,,15.2,TRUE,野菜 > ほうれん草
06,06372,ほうれんそう　葉　冷凍　ゆで,90.6,3.7,0.5,4.5,0.8,26,130,42,47,90,55,1.3,0.5,0.14,0.95,1,Tr,(0),(0),3.1,-,0.06,0.2,0.05,0,57,0.03,"{""baseName"":""ほうれんそう"",""part"":""葉"",""state"":""ゆで""}",栄養はあるがシュウ酸を含むため使用量に注意が必要,7,1,1,150,290,220,72,50,120,180,150,330,180,73,200,87,200,0.34,0.25,0.18,0.05,46,180,0,0,2,"[""ほうれんそう"",""ホウレンソウ"",""ほうれん草"",""法蓮草"",""spinach"",""ほうれんそう 葉"",""葉"",""葉っぱ"",""leaf"",""spinach leaves""]",ほうれん草,冷凍・ゆで,Spinach,"Frozen, Boiled",17.2,25,11464,"Spinach, frozen, chopped or leaf, cooked, boiled, drained, without salt",170123,"Spinach, canned, no salt added, solids and liquids",1.107154429618274,,15.2,TRUE,野菜 > ほうれん草
06,06271,まこも　茎　生,93.5,1.3,0.2,2.3,0.6,19,2,42,3,240,8,0.2,0.2,0.02,0.25,-,-,(0),(0),Tr,0.04,0.03,0.5,0.08,(0),43,0.25,"{""baseName"":""まこも"",""part"":""茎"",""state"":""生""}",まこも（茎）は食物繊維を含む野菜的素材で、調理して与えれば犬のレシピ素材として適している。,7,1,1,(32),(56),(56),(14),(15),(30),(36),(67),(100),(41),(11),(49),(23),(46),0.10,0.04,Tr,0.03,31,5,0,0,0,"[""まこも"",""マコモ"",""真菰"",""makomo"",""マコモ 茎"",""茎"",""くき"",""クキ"",""stem""]",まこも,茎・生,Makomo,"Stem, Raw",13.6,,,,,,,,,FALSE,
06,06272,みずかけな　葉　生,91.1,2.9,0.1,2.8,1.1,25,110,64,7,400,23,1.0,0.3,0.07,0.17,-,-,(0),(0),0.9,0.11,0.23,1.1,0.17,(0),240,0.55,"{""baseName"":""みずかけな"",""part"":""葉"",""state"":""生""}",みずかけなの葉は葉物野菜で犬のレシピ素材として適している,8,1,1,(130),(220),(180),(36),(24),(60),(160),(100),(260),(140),(63),(180),(72),(190),(0.05),(0.04),(0.03),(Tr),(4),(28),(0),-,(0),"[""みずかけな"",""ミズカケナ"",""水掛菜"",""mizukakena"",""みずかけな 葉"",""葉"",""葉っぱ"",""leaf""]",みずかけな,生,Mizukakena,"Leaves, Raw",18,,,,170380,"Broccoli, frozen, spears, cooked, boiled, drained, without salt",1.225414566594036,,16.2,FALSE,
06,06072,みずな　葉　生,91.4,2.2,0.1,3.0,1.3,23,210,64,36,480,31,2.1,0.5,0.07,0.41,7,2,(0),(0),1.8,0.08,0.15,0.7,0.18,(0),140,0.50,"{""baseName"":""みずな"",""part"":""葉"",""state"":""生""}",水菜は低カロリーでビタミン・食物繊維が豊富な安全な葉物野菜で犬の素材として適している,8,1,0,(96),(170),(140),(27),(18),(45),(120),(77),(200),(100),(48),(140),(55),(150),,,,,,,,,,"[""みずな"",""ミズナ"",""水菜"",""mizuna"",""Japanese mustard greens"",""みずな 葉"",""葉"",""葉っぱ"",""leaf""]",水菜,生,Mizuna,Raw,15.55,,,,170068,"Watercress, raw",1.5121267452379619,,9,TRUE,野菜 > 水菜
06,06073,みずな　葉　ゆで,91.8,2.0,0.1,3.6,1.1,21,200,64,28,370,25,2.0,0.2,0.05,0.31,-,-,(0),(0),1.3,0.04,0.08,0.4,0.10,(0),90,0.29,"{""baseName"":""みずな"",""part"":""葉"",""state"":""ゆで""}",茹でたみずなは葉物野菜として安全で犬のレシピ素材として適切,9,1,0,(87),(150),(120),(25),(16),(41),(110),(70),(180),(95),(44),(120),(50),(130),,,,,,,,,,"[""みずな"",""ミズナ"",""水菜"",""mizuna"",""Japanese mustard greens"",""みずな 葉"",""葉"",""葉っぱ"",""leaf""]",水菜,ゆで,Mizuna,Boiled,12.75,,,,170470,"Turnip greens and turnips, frozen, unprepared",1.2696259291618142,,,TRUE,野菜 > 水菜
06,06274,（みつば類）　切りみつば　葉　生,93.8,1.0,0.1,2.5,1.1,16,25,50,8,640,17,0.3,0.1,0.07,0.14,3,1,(0),(0),0.7,0.03,0.09,0.4,0.04,(0),44,0.29,"{""baseName"":""切りみつば"",""part"":""葉"",""state"":""生"",""notes"":[""みつば類""]}",みつばは安全な香草で少量の風味付けに適している,8,1,0,(40),(60),(53),(9.0),(8.2),(17),(37),(30),(67),(41),(14),(60),(24),(34),,,,,,,,,,"[""切りみつば"",""きりみつば"",""キリミツバ"",""みつば"",""ミツバ"",""三つ葉"",""mitsuba"",""Japanese parsley"",""切りみつば 葉"",""葉"",""葉っぱ""]",三つ葉,切りみつば・生,Mitsuba,"Cut mitsuba, Raw",9.6,,,,169988,"Celery, raw",1.3441067776051123,,6.1,TRUE,野菜 > みつば
06,06275,（みつば類）　切りみつば　葉　ゆで,95.2,0.9,0.1,2.7,0.5,12,24,31,4,290,13,0.2,0.1,0.05,0.15,-,-,(0),(0),0.9,0.02,0.04,0.2,0.01,(0),14,0.15,"{""baseName"":""切りみつば"",""part"":""葉"",""state"":""ゆで"",""notes"":[""みつば類""]}",香り野菜で少量なら安全に使える。過剰摂取は避ける。,8,1,0,(36),(54),(48),(8.1),(7.4),(15),(33),(27),(60),(37),(13),(54),(22),(30),,,,,,,,,,"[""切りみつば"",""きりみつば"",""キリミツバ"",""みつば"",""ミツバ"",""三つ葉"",""mitsuba"",""Japanese parsley"",""切りみつば 葉"",""葉"",""葉っぱ""]",三つ葉,切りみつば・ゆで,Mitsuba,"Cut mitsuba, Boiled",6.1,,,,169989,"Celery, cooked, boiled, drained, without salt",1.9148178818433688,,7.9,TRUE,野菜 > みつば
06,06276,（みつば類）　根みつば　葉　生,92.7,1.9,0.1,2.9,1.2,19,52,64,5,500,21,1.8,0.2,0.07,0.42,-,-,(0),(0),1.1,0.05,0.13,1.0,0.06,(0),66,0.33,"{""baseName"":""根みつば"",""part"":""葉"",""state"":""生"",""notes"":[""みつば類""]}",根みつば（葉）は香味野菜で少量で風味付けに使いやすく犬に対して安全な素材である,8,1,0,(76),(110),(100),(17),(16),(33),(71),(57),(130),(78),(27),(110),(46),(64),,,,,,,,,,"[""根みつば"",""ねみつば"",""ネミツバ"",""みつば"",""ミツバ"",""三つ葉"",""mitsuba"",""Japanese parsley"",""根みつば 葉"",""葉"",""葉っぱ""]",三つ葉,根みつば・生,Mitsuba,"Root mitsuba, Raw",11.7,,,,,,,,,TRUE,野菜 > みつば
06,06277,（みつば類）　根みつば　葉　ゆで,92.9,2.3,0.1,3.3,0.8,19,64,54,4,270,18,1.2,0.2,0.07,0.35,-,-,(0),(0),1.4,0.03,0.05,0.4,0.04,(0),43,0.27,"{""baseName"":""根みつば"",""part"":""葉"",""state"":""ゆで"",""notes"":[""みつば類""]}",根みつば（ゆで）は香味野菜として安全で、少量の風味付けに適する,8,1,0,(92),(140),(120),(21),(19),(40),(86),(69),(150),(94),(33),(140),(56),(78),,,,,,,,,,"[""根みつば"",""ねみつば"",""ネミツバ"",""みつば"",""ミツバ"",""三つ葉"",""mitsuba"",""Japanese parsley"",""根みつば 葉"",""葉"",""葉っぱ""]",三つ葉,根みつば・ゆで,Mitsuba,"Root mitsuba, Boiled",11,,,,,,,,,TRUE,野菜 > みつば
06,06278,（みつば類）　糸みつば　葉　生,94.6,0.9,0.1,2.3,1.2,12,47,47,3,500,21,0.9,0.1,0.02,0.42,-,-,(0),(0),0.9,0.04,0.14,0.7,0.06,(0),64,0.30,"{""baseName"":""糸みつば"",""part"":""葉"",""state"":""生"",""notes"":[""みつば類""]}",糸みつばの葉は香味野菜として利用できる安全な素材。,8,1,0,(36),(54),(48),(8.1),(7.4),(15),(33),(27),(60),(37),(13),(54),(22),(30),,,,,,,,,,"[""糸みつば"",""いとみつば"",""イトミツバ"",""みつば"",""ミツバ"",""三つ葉"",""mitsuba"",""Japanese parsley"",""糸みつば 葉"",""葉"",""葉っぱ""]",三つ葉,糸みつば・生,Mitsuba,"Thread mitsuba, Raw",7.15,,,,169989,"Celery, cooked, boiled, drained, without salt",1.3692233145843475,,7.9,TRUE,野菜 > みつば
06,06279,（みつば類）　糸みつば　葉　ゆで,93.7,1.1,0,3.0,0.9,14,56,39,3,360,18,0.6,0.1,0.02,0.48,-,-,(0),(0),1.3,0.02,0.08,0.4,0.03,(0),23,0.22,"{""baseName"":""糸みつば"",""part"":""葉"",""state"":""ゆで"",""notes"":[""みつば類""]}",糸みつば（ゆで）は香味野菜として利用でき、加熱済みで与えやすい安全な素材,8,1,0,(44),(66),(59),(9.9),(9.0),(19),(41),(33),(74),(45),(16),(65),(27),(37),,,,,,,,,,"[""糸みつば"",""いとみつば"",""イトミツバ"",""みつば"",""ミツバ"",""三つ葉"",""mitsuba"",""Japanese parsley"",""糸みつば 葉"",""葉"",""葉っぱ""]",三つ葉,糸みつば・ゆで,Mitsuba,"Thread mitsuba, Boiled",8.4,,,,169989,"Celery, cooked, boiled, drained, without salt",0.8097818443238034,,7.9,TRUE,野菜 > みつば
06,06360,みぶな　葉　生,93.9,1.1,0.3,1.8,1.3,14,110,34,32,490,30,0.5,0.2,0.03,0.22,-,-,(0),(0),0.9,0.04,0.07,0.7,0.11,(0),110,0.12,"{""baseName"":""みぶな"",""part"":""葉"",""state"":""生""}",みぶなは葉物野菜でビタミン・食物繊維が豊富で犬のレシピ素材に適している,8,1,1,(46),(81),(66),(13),(8.7),(22),(60),(37),(97),(50),(23),(66),(26),(71),(0.13),(0.10),(0.08),(0.01),(11),(77),(0),-,(0),"[""みぶな"",""ミブナ"",""壬生菜"",""mibuna"",""みぶな 葉"",""ミブナ 葉""]",みぶな,,Mibuna,Japanese mustard greens,12,18,11096,"Broccoli raab, raw",170390,"Cabbage, chinese (pak-choi), raw",0.9120149101884052,,6.4,FALSE,
06,06280,（みょうが類）　みょうが　花穂　生,95.6,0.9,0.1,2.1,0.8,11,25,12,1,210,30,0.5,0.4,0.05,1.17,1,1,(0),(0),0.1,0.05,0.05,0.4,0.07,(0),25,0.20,"{""baseName"":""みょうが"",""variety"":""花穂"",""state"":""生"",""notes"":[""みょうが類""]}",みょうがは香味野菜で通常は問題ないが風味が強いため少量向け,7,1,0,(28),(42),(22),(9.8),(11),(20),(28),(28),(56),(41),(13),(40),(18),(55),,,,,,,,,,"[""みょうが"",""ミョウガ"",""茗荷"",""myoga"",""みょうが 花"",""ミョウガ 花""]",みょうが,,Myoga,,5.75,,,,169281,"Sesbania flower, cooked, steamed, without salt",1.1975959715659998,,,TRUE,野菜 > みょうが
06,06281,（みょうが類）　みょうがたけ　茎葉　生,97.1,0.4,0.1,1.1,0.8,6,11,18,Tr,350,7,0.3,0.3,0.03,1.44,-,-,(0),(0),0.1,0.02,0.02,0.1,0.02,(0),13,0.07,"{""baseName"":""みょうがたけ"",""part"":""茎葉"",""state"":""生"",""notes"":[""みょうが類""]}",みょうがたけ（茎葉）は香味野菜で有害成分はなく犬のレシピ素材として使用可能,7,1,0,(13),(19),(9.6),(4.3),(4.7),(9.0),(13),(12),(25),(18),(5.8),(18),(7.8),(24),,,,,,,,,,"[""みょうがたけ"",""ミョウガタケ"",""みょうが たけ"",""みょうが"",""ミョウガ""]",みょうがたけ,,Myoga shoots,,4,,,,170008,"Onions, sweet, raw",1.8950839109531323,,5.5,TRUE,野菜 > みょうが
06,06282,むかご　肉芽　生,75.1,2.9,0.2,4.2,1.2,87,5,64,3,570,19,0.6,0.4,0.15,0.05,-,-,(0),(0),0.4,0.11,0.02,0.3,0.07,(0),20,0.60,"{""baseName"":""むかご"",""variety"":""肉芽"",""state"":""生""}",山芋類の球芽で可食部は炭水化物源として利用可能で問題は少ない,7,1,1,(71),(110),(86),(30),(28),(58),(88),(46),(130),(78),(30),(100),(50),(250),0.11,0.06,0.01,0.05,50,13,0,0,0,"[""むかご"",""ムカゴ"",""零余子"",""mukago"",""むかご 肉芽"",""山芋 むかご""]",むかご,,Mukago,Yam bulbils,69.25,,,,168433,"Mountain yam, hawaii, cooked, steamed, without salt",1.351578498375891,,,FALSE,
06,06283,めキャベツ　結球葉　生,83.2,5.7,0.1,5.5,1.1,52,37,73,5,610,25,1.0,0.6,0.07,0.29,-,-,(0),(0),0.6,0.19,0.23,0.9,0.27,(0),240,0.76,"{""baseName"":""めキャベツ"",""part"":""結球葉"",""state"":""生""}",めキャベツは野菜として安全に使える。調理法で消化性が向上する。,8,1,1,(140),(220),(200),(42),(53),(95),(120),(86),(200),(150),(54),(210),(83),(380),(0.08),(0.05),(0.03),(0.02),(15),(33),(0),(0),(Tr),"[""芽キャベツ"",""めキャベツ"",""メキャベツ"",""Brussels sprouts"",""brussels sprout"",""めキャベツ 葉""]",芽キャベツ,,Brussels sprouts,,36.2,41,11099,"Brussels sprouts, cooked, boiled, drained, without salt",170380,"Broccoli, frozen, spears, cooked, boiled, drained, without salt",1.4247280527392852,,16.2,TRUE,野菜 > 芽キャベツ
06,06284,めキャベツ　結球葉　ゆで,83.8,5.3,0.1,5.2,1.0,51,36,75,5,480,22,1.0,0.5,0.07,0.25,-,-,(0),(0),0.5,0.13,0.16,0.6,0.22,(0),220,0.65,"{""baseName"":""めキャベツ"",""part"":""結球葉"",""state"":""ゆで""}",めキャベツのゆでは加熱により消化しやすく、犬の食材として適している。,8,1,1,(130),(200),(180),(38),(48),(86),(110),(78),(180),(140),(49),(200),(77),(350),(0.08),(0.05),(0.03),(0.02),(15),(33),(0),(0),(Tr),"[""芽キャベツ"",""めキャベツ"",""メキャベツ"",""Brussels sprouts"",""brussels sprout"",""めキャベツ 葉""]",芽キャベツ,ゆで,Brussels sprouts,Boiled,35.5,41,11099,"Brussels sprouts, cooked, boiled, drained, without salt",169969,"Broccoli, frozen, chopped, cooked, boiled, drained, without salt",1.2186555359113203,,16.2,TRUE,野菜 > 芽キャベツ
06,06285,めたで　芽ばえ　生,87.0,3.0,0.5,6.3,0.7,39,49,110,9,140,70,2.3,0.9,0.09,7.66,-,-,(0),(0),4.8,0.15,0.21,1.1,0.27,(0),77,0.29,"{""baseName"":""めたで"",""part"":""芽ばえ"",""state"":""生""}",紅たでの芽は食用の葉茎で風味付けや少量の野菜素材として利用可能。,7,0,0,,,,,,,,,,,,,,,,,,,,,,,,"[""めたで"",""メタデ"",""めたで 芽ばえ""]",めたで,,Metade,,23.5,,,,169303,"Sweet potato leaves, raw",1.095020362281076,,,TRUE,野菜 > めたで
06,06286,（もやし類）　アルファルファもやし　生,96.0,1.6,0.1,1.4,0.3,11,14,37,7,43,13,0.5,0.4,0.09,0.10,1,1,(0),(0),1.9,0.07,0.09,0.2,0.10,(0),56,0.46,"{""baseName"":""アルファルファもやし"",""state"":""生"",""notes"":[""もやし類""]}",栄養価のあるもやし類で少量なら利用できるが生食の衛生に注意,7,0,1,,,,,,,,,,,,,,,(0.08),(0.06),(0.03),(0.03),(34),(25),(0),(0),(0),"[""アルファルファもやし"",""アルファルファ"",""alfalfa sprouts"",""アルファルファ スプラウト"",""もやし"",""モヤシ""]",アルファルファもやし,,Alfalfa sprouts,,8.55,14,11001,"Alfalfa seeds, sprouted, raw",170079,"Beans, mung, mature seeds, sprouted, canned, drained solids",0.8854797509007701,,7.8,TRUE,野菜 > スプラウト
06,06287,（もやし類）　だいずもやし　生,92.0,3.6,1.4,2.3,0.5,29,25,54,3,160,23,0.5,0.3,0.11,0.28,1,5,(0),(0),0.3,0.08,0.06,0.4,0.08,Tr,44,0.24,"{""baseName"":""だいずもやし"",""state"":""生"",""notes"":[""もやし類""]}",大豆もやしは消化しやすく野菜・たんぱく補助として利用できる,8,1,1,150,210,150,37,42,79,180,97,270,140,47,180,100,200,1.13,0.76,0.13,0.63,630,130,0,-,0,"[""大豆もやし"",""だいずもやし"",""ダイズモヤシ"",""soybean sprouts"",""soybean sprout"",""もやし"",""モヤシ""]",大豆もやし,,Soybean sprouts,,25.2,,,,172446,"Soymilk, original and vanilla, unfortified",0.8264636752835715,,23.6,TRUE,野菜 > もやし
06,06288,（もやし類）　だいずもやし　ゆで,93.0,2.9,1.6,2.2,0.3,27,24,43,1,50,19,0.4,0.3,0.08,0.35,-,-,(0),(0),0.6,0.04,0.04,0.1,0.04,(0),39,0.19,"{""baseName"":""だいずもやし"",""state"":""ゆで"",""notes"":[""もやし類""]}",だいずもやし（ゆで）は加熱済みの豆もやしで消化しやすく利用しやすい,8,1,1,(110),(170),(120),(29),(33),(63),(140),(75),(220),(100),(38),(140),(80),(160),(1.25),(0.83),(0.14),(0.68),(680),(140),(0),-,(0),"[""大豆もやし"",""だいずもやし"",""ダイズモヤシ"",""soybean sprouts"",""soybean sprout"",""もやし"",""モヤシ""]",大豆もやし,ゆで,Soybean sprouts,Boiled,23.75,,,,,,,,,TRUE,野菜 > もやし
06,06412,（もやし類）　だいずもやし　油いため,86.9,3.8,4.5,-,0.5,62,25,55,4,170,23,0.4,0.3,0.12,0.28,1,4,-,-,0.5,0.09,0.07,0.5,0.08,Tr,37,0.22,"{""baseName"":""だいずもやし"",""state"":""油いため"",""notes"":[""もやし類""]}",だいずもやしの油いためは野菜性素材だが調理油が加わっているため脂質量に配慮が必要。,7,1,1,(150),(220),(160),(39),(45),(84),(190),(100),(290),(150),(50),(190),(110),(210),(2.24),(1.58),(0.36),(1.22),(1200),(360),(0),-,(0),"[""大豆もやし"",""だいずもやし"",""ダイズモヤシ"",""soybean sprouts"",""soybean sprout"",""もやし"",""モヤシ""]",大豆もやし,油いため,Soybean sprouts,Stir-fried,66.6,,,,,,,,,TRUE,野菜 > もやし
06,06289,（もやし類）　ブラックマッペもやし　生,94.7,2.2,Tr,1.5,0.3,17,16,32,8,65,12,0.4,0.3,0.07,0.09,1,1,0,0,Tr,0.04,0.06,0.5,0.06,0,42,0.43,"{""baseName"":""ブラックマッペもやし"",""state"":""生"",""notes"":[""もやし類""]}",もやしは低カロリーでビタミン・食物繊維があり素材として適している,8,1,0,83,94,63,19,10,30,100,49,150,64,23,110,60,92,,,,,,,,,,"[""ブラックマッペもやし"",""ブラックマッペ"",""black gram sprouts"",""black mung bean sprouts"",""もやし"",""モヤシ""]",ブラックマッペもやし,,Black gram sprouts,,12.25,,,,170079,"Beans, mung, mature seeds, sprouted, canned, drained solids",0.7901288674519493,,7.8,TRUE,野菜 > もやし
06,06290,（もやし類）　ブラックマッペもやし　ゆで,95.8,1.3,Tr,1.6,0.2,13,24,17,2,12,10,0.4,0.3,0.05,0.09,-,-,(0),(0),0.1,0.02,0.02,0.1,0.03,(0),36,0.20,"{""baseName"":""ブラックマッペもやし"",""state"":""ゆで"",""notes"":[""もやし類""]}",ゆでたもやしは消化しやすい野菜で犬の素材として適している。,8,1,0,(47),(54),(37),(11),(6.0),(17),(60),(28),(88),(35),(13),(64),(35),(53),,,,,,,,,,"[""ブラックマッペもやし"",""ブラックマッペ"",""black gram sprouts"",""black mung bean sprouts"",""もやし"",""モヤシ""]",ブラックマッペもやし,ゆで,Black gram sprouts,Boiled,8.4,,,,,,,,,TRUE,野菜 > もやし
06,06398,（もやし類）　ブラックマッペもやし　油いため,90.6,2.3,0.9,-,0.3,41,18,34,9,71,13,0.4,0.3,0.07,0.10,2,1,-,-,1.1,0.04,0.06,0.5,0.05,-,53,0.50,"{""baseName"":""ブラックマッペもやし"",""state"":""油いため"",""notes"":[""もやし類""]}",加熱済みのもやしで使いやすいが、使用する油分に注意が必要。,7,1,0,(87),(98),(66),(20),(11),(31),(110),(52),(160),(67),(24),(120),(63),(97),,,,,,,,,,"[""ブラックマッペもやし"",""ブラックマッペ"",""black gram sprouts"",""black mung bean sprouts"",""もやし"",""モヤシ""]",ブラックマッペもやし,油いため,Black gram sprouts,Stir-fried,36.35,,,,,,,,,TRUE,野菜 > もやし
06,06291,（もやし類）　りょくとうもやし　生,95.4,1.8,0.1,1.3,0.2,15,9,27,3,79,8,0.2,0.2,0.08,0.06,2,Tr,(0),(0),0.1,0.04,0.05,0.3,0.05,Tr,36,0.2,"{""baseName"":""りょくとうもやし"",""state"":""生"",""notes"":[""もやし類""]}",りょくとうもやしは低カロリーで使いやすい野菜素材,8,1,1,70,77,86,13,7.1,21,92,41,130,49,18,94,55,130,(0.09),(0.04),(0.01),(0.03),(29),(11),(0),(0),(0),"[""緑豆もやし"",""りょくとうもやし"",""リョクトウモヤシ"",""mung bean sprouts"",""もやし"",""モヤシ""]",緑豆もやし,,Mung bean sprouts,,11.35,,,,170079,"Beans, mung, mature seeds, sprouted, canned, drained solids",1.53103048803125,,7.8,TRUE,野菜 > もやし
06,06292,（もやし類）　りょくとうもやし　ゆで,95.9,1.6,0,1.5,0.2,12,11,24,2,24,7,0.3,0.2,0.06,0.06,-,-,(0),(0),0.1,0.03,0.04,0.2,0.02,(0),33,0.14,"{""baseName"":""りょくとうもやし"",""state"":""ゆで"",""notes"":[""もやし類""]}",ゆでた緑豆もやしは消化しやすい野菜類で素材として利用しやすい,8,1,0,(60),(67),(75),(12),(6.2),(18),(80),(34),(110),(40),(16),(80),(47),(110),,,,,,,,,,"[""緑豆もやし"",""りょくとうもやし"",""リョクトウモヤシ"",""mung bean sprouts"",""もやし"",""モヤシ""]",緑豆もやし,ゆで,Mung bean sprouts,Boiled,8.4,,,,170079,"Beans, mung, mature seeds, sprouted, canned, drained solids",1.0968257415101863,,7.8,TRUE,野菜 > もやし
06,06413,（もやし類）　りょくとうもやし　油いため,91,2,2.8,-,0.3,40,10,29,3,89,9,0.2,0.2,0.08,0.07,-,Tr,-,-,1,0.05,0.05,0.3,0.04,Tr,57,0.17,"{""baseName"":""りょくとうもやし"",""state"":""油いため"",""notes"":[""もやし類""]}",油いためのもやしは調理油が含まれるが野菜として利用可能な素材。,7,1,1,(77),(85),(95),(15),(7.8),(23),(100),(45),(150),(54),(20),(100),(60),(140),(0.98),(0.73),(0.21),(0.52),(520),(210),(0),(0),(0),"[""緑豆もやし"",""りょくとうもやし"",""リョクトウモヤシ"",""mung bean sprouts"",""もやし"",""モヤシ""]",緑豆もやし,油いため,Mung bean sprouts,Stir-fried,44.45,,,,,,,,,TRUE,野菜 > もやし
06,06293,モロヘイヤ　茎葉　生,86.1,4.8,0.5,5.9,2.1,36,260,110,1,530,46,1.0,0.6,0.33,1.32,4,1,(0),(0),6.5,0.18,0.42,1.1,0.35,(0),250,1.83,"{""baseName"":""モロヘイヤ"",""part"":""茎葉"",""state"":""生""}",モロヘイヤは葉野菜として良質な緑黄色野菜で犬のレシピ素材として適切。,9,1,1,(230),(400),(230),(67),(41),(110),(220),(150),(370),(170),(31),(260),(110),(260),(0.35),(0.24),(Tr),(0.23),(230),(4),-,-,-,"[""モロヘイヤ"",""もろへいや"",""モロヘイヤ 茎葉"",""molokhia"",""jute mallow""]",モロヘイヤ,,Molokhia,Jute mallow,23.15,,,,169244,"Lambsquarters, raw",0.8558757802045379,,,TRUE,野菜 > モロヘイヤ
06,06294,モロヘイヤ　茎葉　ゆで,91.3,3.0,0.4,3.5,1.2,24,170,53,Tr,160,26,0.6,0.4,0.20,1.02,-,-,(0),(0),3.4,0.06,0.13,0.4,0.08,(0),67,0.70,"{""baseName"":""モロヘイヤ"",""part"":""茎葉"",""state"":""ゆで""}",ゆでたモロヘイヤの茎葉は加熱済みの葉物野菜で消化しやすく栄養価もあり適している。,8,1,1,(140),(250),(140),(42),(26),(68),(140),(95),(230),(110),(19),(160),(71),(160),(0.28),(0.19),(Tr),(0.19),(190),(4),(0),(0),(0),"[""モロヘイヤ"",""もろへいや"",""モロヘイヤ 茎葉"",""molokhia"",""jute mallow""]",モロヘイヤ,ゆで,Molokhia,Boiled,16,,,,169257,"Mustard greens, cooked, boiled, drained, without salt",1.102942102832944,,0.4,TRUE,野菜 > モロヘイヤ
06,06297,ゆりね　りん茎　ゆで,66.5,3.4,0.1,6.0,1.3,117,10,65,1,690,24,0.9,0.7,0.14,0.75,-,-,(0),(0),0.5,0.07,0.07,0.6,0.12,(0),92,0,"{""baseName"":""ゆりね"",""part"":""りん茎"",""state"":""ゆで""}",ゆりね（ユリ根）は食用の根茎で一般に犬に与えられるが、慣れない食材は少量で様子を見る必要がある。,7,1,0,(62),(120),(130),(34),(37),(71),(87),(69),(160),(79),(37),(100),(47),(560),,,,,,,,,,"[""ゆりね"",""ユリネ"",""百合根"",""lily bulb"",""ゆりね りん茎""]",ゆりね,ゆで,Lily bulb,Boiled,92.2,,,,170072,"Yam, cooked, boiled, drained, or baked, without salt",1.3932329337661042,,16.2,FALSE,
06,06298,ようさい　茎葉　生,93.0,2.2,0.1,3.1,1.4,17,74,44,26,380,28,1.5,0.5,0.20,1.07,-,-,(0),(0),2.2,0.10,0.20,1.0,0.11,(0),120,0.40,"{""baseName"":""ようさい"",""part"":""茎葉"",""state"":""生""}",ようさい（茎葉）は葉菜類でビタミンや食物繊維があり素材として適する,8,1,0,(72),(120),(120),(27),(27),(54),(72),(60),(130),(90),(23),(100),(46),(110),,,,,,,,,,"[""ようさい"",""ヨウサイ"",""洋菜"",""yousai"",""茎葉"",""くきば"",""クキバ"",""葉"",""茎"",""葉っぱ""]",洋菜,茎葉・生,Yousai,"Stems & leaves, Raw",9.25,,,,170005,"Onions, spring or scallions (includes tops and bulb), raw",1.3351632605607584,,5.7,FALSE,
06,06299,ようさい　茎葉　ゆで,92.4,2.2,0.1,3.4,1.0,18,90,40,16,270,20,1.0,0.3,0.15,0.77,-,-,(0),(0),0.6,0.06,0.10,0.6,0.05,(0),55,0.30,"{""baseName"":""ようさい"",""part"":""茎葉"",""state"":""ゆで""}",ようさい（茎葉・ゆで）は一般に犬に安全な緑黄色野菜類で、調理済みの葉茎として利用しやすい,8,1,0,(72),(120),(120),(27),(27),(54),(72),(60),(130),(90),(23),(100),(46),(110),,,,,,,,,,"[""ようさい"",""ヨウサイ"",""洋菜"",""yousai"",""茎葉"",""くきば"",""クキバ"",""葉"",""茎"",""葉っぱ""]",洋菜,茎葉・ゆで,Yousai,"Stems & leaves, Boiled",11.7,,,,170380,"Broccoli, frozen, spears, cooked, boiled, drained, without salt",0.8700078765357011,,16.2,FALSE,
06,06300,よめな　葉　生,84.6,3.4,0.2,7.8,1.8,40,110,89,2,800,42,3.7,0.7,0.24,0.78,-,-,(0),(0),4.1,0.23,0.32,3.2,0.10,(0),170,0.50,"{""baseName"":""よめな"",""part"":""葉"",""state"":""生""}",よめなの葉は緑葉野菜でビタミン・食物繊維源として犬の素材に適している,8,1,0,(140),(260),(190),(53),(30),(83),(180),(110),(290),(150),(59),(190),(71),(170),,,,,,,,,,"[""よめな"",""ヨメナ"",""嫁菜"",""yomena"",""葉"",""葉っぱ"",""Japanese aster""]",よめな,,Yomena,,21.3,,,,168420,"Jute, potherb, cooked, boiled, drained, without salt",1.482855412492224,,12.8,FALSE,
06,06302,よもぎ　葉　ゆで,85.9,4.8,0.1,7.8,1.0,37,140,88,3,250,24,3.0,0.4,0.28,0.75,-,-,(0),(0),3.4,0.08,0.09,0.5,0.04,(0),51,0.13,"{""baseName"":""よもぎ"",""part"":""葉"",""state"":""ゆで""}",よもぎは食用の葉物で風味付けや野菜素材として利用可能,8,1,0,(200),(360),(270),(75),(43),(120),(260),(160),(420),(220),(84),(270),(100),(250),,,,,,,,,,"[""よもぎ"",""ヨモギ"",""蓬"",""yomogi"",""mugwort"",""葉"",""葉っぱ""]",よもぎ,,Mugwort,,19.05,,,,170384,"Burdock root, cooked, boiled, drained, without salt",1.5390997672645415,,14.3,TRUE,野菜 > よもぎ
06,06319,ルッコラ　葉　生,92.7,1.9,0.4,2.6,1.5,17,170,40,14,480,46,1.6,0.8,0.07,0.69,-,-,(0),(0),1.4,0.06,0.17,0.5,0.11,(0),170,0.55,"{""baseName"":""ルッコラ"",""part"":""葉"",""state"":""生""}",ルッコラは葉物野菜として利用できるが刺激のある風味に注意,8,0,1,,,,,,,,,,,,,,,0.13,0.07,0.05,0.01,15,54,0,0,0,"[""るっこら"",""ルッコラ"",""rucola"",""arugula"",""rocket"",""葉"",""葉っぱ""]",ルッコラ,,Arugula,,13.2,,,,169387,"Arugula, raw",1.1356484052337046,,15.3,FALSE,
06,06312,（レタス類）　レタス　土耕栽培　結球葉　生,95.9,0.6,0.1,1.1,0.5,11,19,22,2,200,8,0.3,0.2,0.04,0.13,1,0,(0),(0),0.3,0.05,0.03,0.2,0.05,(0),73,0.20,"{""baseName"":""レタス"",""variety"":""土耕栽培"",""part"":""結球葉"",""state"":""生"",""notes"":[""レタス類""]}",水分が多く消化しやすい葉物野菜で犬のレシピ素材として適している。,9,1,1,24,37,32,8.0,5.2,13,23,18,41,30,7.4,29,12,30,0.04,0.03,0.01,0.01,12,14,0,-,0,"[""れたす"",""レタス"",""レタス"",""lettuce"",""玉レタス"",""結球葉"",""結球"",""葉""]",レタス,土耕栽培・結球葉・生,Lettuce,"Soil-grown, Head leaves, Raw",9.25,6.7,11252,"Lettuce, iceberg (includes crisphead types), raw",169248,"Lettuce, iceberg (includes crisphead types), raw",0.9176092676813115,,6.7,TRUE,野菜 > レタス
06,06361,（レタス類）　レタス　水耕栽培　結球葉　生,95.3,0.8,0.2,1.1,0.6,13,34,30,2,260,10,0.3,0.1,0.01,0.38,-,-,(0),(0),0.3,0.03,0.03,0.3,0.05,(0),44,0.06,"{""baseName"":""レタス"",""variety"":""水耕栽培"",""part"":""結球葉"",""state"":""生"",""notes"":[""レタス類""]}",レタスは消化にやさしい葉物で素材として問題ない（芯は除去）,8,1,1,(30),(48),(42),(10),(6.7),(17),(30),(23),(53),(36),(9.6),(37),(15),(38),(0.07),(0.05),(0.03),(0.02),(23),(26),(0),-,(0),"[""れたす"",""レタス"",""レタス"",""lettuce"",""玉レタス"",""結球葉"",""結球"",""葉""]",レタス,水耕栽培・結球葉・生,Lettuce,"Hydroponic, Head leaves, Raw",11.5,6.7,11252,"Lettuce, iceberg (includes crisphead types), raw",169248,"Lettuce, iceberg (includes crisphead types), raw",1.1928772212491148,,6.7,TRUE,野菜 > レタス
06,06313,（レタス類）　サラダな　葉　生,94.9,1.0,0.2,1.8,1.0,10,56,49,6,410,14,2.4,0.2,0.04,-,-,-,(0),(0),1.4,0.06,0.13,0.3,0.06,(0),71,0.25,"{""baseName"":""サラダな"",""part"":""葉"",""state"":""生"",""notes"":[""レタス類""]}",レタス類の葉は水分・食物繊維が豊富で犬のレシピ素材として問題ない,9,1,1,44,74,56,17,9.7,26,47,32,80,50,17,53,21,55,0.08,0.06,0.05,0.02,16,48,0,-,Tr,"[""さらだな"",""サラダな"",""サラダ菜"",""salad greens"",""salad leaf"",""葉""]",サラダ菜,,Salad Greens,,9.05,9.9,11251,"Lettuce, cos or romaine, raw",169249,"Lettuce, green leaf, raw",1.0729833155000945,,13.6,TRUE,野菜 > サラダ菜
06,06314,（レタス類）　リーフレタス　葉　生,94.0,1.4,0.1,1.9,1.0,16,58,41,6,490,15,1.0,0.5,0.06,0.34,7,Tr,(0),(0),1.3,0.10,0.10,0.4,0.10,(0),110,0.24,"{""baseName"":""リーフレタス"",""part"":""葉"",""state"":""生"",""notes"":[""レタス類""]}",リーフレタスは水分と食物繊維が多く消化に優れた葉物野菜で素材として適している,9,1,1,(86),(81),(86),(16),(16),(33),(57),(33),(90),(61),(9.3),(72),(23),(73),(0.07),(0.05),(0.04),(0.02),(16),(39),(0),(0),(0),"[""りーふれたす"",""リーフレタス"",""leaf lettuce"",""lettuce"",""葉""]",リーフレタス,,Leaf Lettuce,,11.35,8.5,11250,"Lettuce, butterhead, raw",169249,"Lettuce, green leaf, raw",1.030165029332174,,13.6,TRUE,野菜 > リーフレタス
06,06315,（レタス類）　サニーレタス　葉　生,94.1,1.2,0.2,2.0,1.1,15,66,31,4,410,15,1.8,0.4,0.05,0.43,-,-,(0),(0),1.2,0.10,0.10,0.3,0.08,(0),120,0.14,"{""baseName"":""サニーレタス"",""part"":""葉"",""state"":""生"",""notes"":[""レタス類""]}",サニーレタスは葉野菜で水分と食物繊維があり犬のレシピ素材として適している。,9,1,1,(34),(63),(41),(14),(8.1),(23),(60),(26),(87),(43),(20),(43),(17),(37),(0.14),(0.10),(0.07),(0.03),(31),(74),(0),(0),(0),"[""さにーれたす"",""サニーレタス"",""サニーレタス"",""red leaf lettuce"",""lettuce"",""葉""]",サニーレタス,,Red Leaf Lettuce,,10.8,12,11257,"Lettuce, red leaf, raw",168431,"Lettuce, red leaf, raw",0.9325301425472332,,11.8,TRUE,野菜 > サニーレタス
06,06362,（レタス類）　サンチュ　葉　生,94.5,1.2,0.4,2.0,1.0,14,62,39,3,470,19,0.5,0.2,0.01,0.69,-,-,(0),(0),0.7,0.06,0.10,0.4,0.08,(0),91,0.08,"{""baseName"":""サンチュ"",""part"":""葉"",""state"":""生"",""notes"":[""レタス類""]}",サンチュは低カロリーの葉物野菜で犬のレシピ素材として適している。,8,1,1,(53),(92),(69),(20),(12),(32),(59),(39),(97),(57),(21),(65),(26),(67),(0.17),(0.13),(0.10),(0.03),(33),(100),(0),-,(Tr),"[""さんちゅ"",""サンチュ"",""サンチュ"",""ssam lettuce"",""ssam"",""lettuce"",""葉""]",サンチュ,,Ssam Lettuce,,10.75,8.5,11250,"Lettuce, butterhead, raw",169990,"Celtuce, raw",0.9378873523763607,,,TRUE,野菜 > サンチュ
06,06316,（レタス類）　コスレタス　葉　生,94.5,1.2,0.2,1.9,0.6,16,29,39,16,250,12,0.5,0.3,0.03,0.23,-,-,(0),(0),0.7,0.06,0.06,0.3,0.05,(0),120,0.23,"{""baseName"":""コスレタス"",""part"":""葉"",""state"":""生"",""notes"":[""レタス類""]}",コスレタスは葉野菜で水分・食物繊維が豊富、犬のレシピ素材として適している。,9,1,1,(44),(74),(62),(15),(5.9),(20),(63),(24),(88),(42),(9.8),(54),(20),(53),0.05,0.03,0.02,0.01,14,21,0,0,0,"[""こすれたす"",""コスレタス"",""コスレタス"",""cos lettuce"",""romaine lettuce"",""ロメインレタス"",""lettuce"",""葉""]",コスレタス,,Romaine Lettuce,,11.5,9.9,11251,"Lettuce, cos or romaine, raw",,,,,,TRUE,野菜 > コスレタス
06,06317,れんこん　根茎　生,81.5,1.9,0.1,2.0,1.0,66,20,74,24,440,16,0.5,0.3,0.09,0.78,9,1,(0),(0),0.6,0.10,0.01,0.4,0.09,0,14,0.89,"{""baseName"":""れんこん"",""part"":""根茎"",""state"":""生""}",食物繊維が豊富な野菜で犬に与えて問題ない（調理して消化しやすくすると良い）,8,1,1,33,51,50,18,24,42,48,34,82,50,17,45,32,120,0.04,0.02,Tr,0.02,18,3,0,-,0,"[""れんこん"",""レンコン"",""蓮根"",""renkon"",""lotus root"",""根茎"",""根"",""root""]",れんこん,生,Lotus Root,Raw,54.75,,,,168430,"Lotus root, cooked, boiled, drained, without salt",1.0664485415289422,,25.4,TRUE,野菜 > 蓮根
06,06318,れんこん　根茎　ゆで,81.9,1.3,0.1,2.3,0.6,66,20,78,15,240,13,0.4,0.3,0.05,0.80,-,-,(0),(0),0.6,0.06,0,0.2,0.07,0,8,0.49,"{""baseName"":""れんこん"",""part"":""根茎"",""state"":""ゆで""}",れんこんは水分とでん粉を含む消化しやすい野菜で素材として適する,8,1,1,(22),(34),(34),(12),(16),(28),(33),(22),(55),(32),(11),(30),(21),(80),(0.04),(0.02),(Tr),(0.02),(18),(3),(0),-,(0),"[""れんこん"",""レンコン"",""蓮根"",""renkon"",""lotus root"",""根茎"",""根"",""root""]",れんこん,ゆで,Lotus Root,Boiled,53.7,,,,168430,,,,25.4,TRUE,野菜 > 蓮根
06,06382,（その他）　ミックスベジタブル　冷凍,80.5,3.0,0.7,5.9,0.6,67,19,71,22,220,21,0.7,0.5,0.08,0.20,0,1,0,0,0.3,0.14,0.07,1.5,0.09,Tr,50,0.35,"{""baseName"":""ミックスベジタブル"",""state"":""冷凍"",""notes"":[""その他""]}",グリンピース・コーン・にんじんのミックスで栄養補助として使いやすい野菜素材。,8,0,0,,,,,,,,,,,,,,,,,,,,,,,,"[""ミックスベジタブル"",""みっくすべじたぶる"",""ミックスベジ"",""ミックス野菜"",""mixed vegetables""]",ミックスベジタブル,冷凍,Mixed Vegetables,Frozen,49,,,,170471,"Vegetables, mixed, frozen, unprepared",0.6739840323090106,,,TRUE,野菜 > ミックスベジタブル
06,06383,（その他）　ミックスベジタブル　冷凍　ゆで,80.9,3.1,0.8,6.5,0.5,65,19,67,16,180,20,0.7,0.5,0.07,0.20,0,1,0,0,0.3,0.12,0.05,1.3,0.07,0,44,0.30,"{""baseName"":""ミックスベジタブル"",""state"":""ゆで"",""notes"":[""その他""]}",グリンピース・コーン・にんじんの加熱済みミックスで、犬に与えやすい野菜素材であるため,8,0,0,,,,,,,,,,,,,,,,,,,,,,,,"[""ミックスベジタブル"",""みっくすべじたぶる"",""ミックスベジ"",""ミックス野菜"",""mixed vegetables""]",ミックスベジタブル,冷凍・ゆで,Mixed Vegetables,"Frozen, Boiled",46.35,,,,170018,"Peas and carrots, frozen, cooked, boiled, drained, without salt",1.1688978590549515,,18.1,TRUE,野菜 > ミックスベジタブル
06,06384,（その他）　ミックスベジタブル　冷凍　油いため,75.5,3.3,4.9,5.9,0.7,108,20,74,22,230,22,0.7,0.6,0.08,0.21,0,1,0,0,1.0,0.14,0.07,1.5,0.09,0,53,0.38,"{""baseName"":""ミックスベジタブル"",""state"":""油いため"",""notes"":[""その他""]}",グリンピース・コーン・にんじんなどの野菜中心で犬のレシピ素材として問題なく使える,8,0,0,,,,,,,,,,,,,,,,,,,,,,,,"[""ミックスベジタブル"",""みっくすべじたぶる"",""ミックスベジ"",""ミックス野菜"",""mixed vegetables""]",ミックスベジタブル,冷凍・油いため,Mixed Vegetables,"Frozen, Stir-fried",87.15,,,,170471,"Vegetables, mixed, frozen, unprepared",1.0912321844824548,,,TRUE,野菜 > ミックスベジタブル
07,07001,あけび　果肉　生,77.1,0.5,0.1,1.1,0.3,89,11,22,Tr,95,14,0.3,0.1,0.09,0.15,-,-,(0),(0),0.2,0.07,0.03,0.3,0.08,0,30,0.29,"{""baseName"":""あけび"",""variety"":""果肉"",""state"":""生""}",あけびの果肉は一般に食べられる部位で素材として使用可能（種は除去）,7,0,0,,,,,,,,,,,,,,,,,,,,,,,,"[""あけび"",""アケビ"",""木通"",""akebi"",""akebia"",""akebia fruit"",""果肉"",""かにく"",""カニク""]",あけび,,Akebi,,75.75,,,,,,,,,FALSE,
07,07181,アサイー　冷凍　無糖,87.7,0.9,5.3,4.7,0.4,62,45,19,11,150,20,0.5,0.3,0.19,5.91,1,6,-,-,3.7,0.03,0.06,0.6,0.11,Tr,13,0.10,"{""baseName"":""アサイー"",""variety"":""無糖"",""state"":""冷凍""}",アサイーは抗酸化成分を含む果実で、補助的な素材として使用可能,7,0,0,,,,,,,,,,,,,,,,,,,,,,,,"[""アサイー"",""あさいー"",""acai"",""acai berry"",""アサイーベリー""]",アサイー,,Acai,,51.7,,,,,,,,,FALSE,
07,07003,アセロラ　酸味種　生,89.9,0.7,0.1,1.9,0.3,36,11,18,7,130,10,0.5,0.5,0.31,-,-,-,0,(0),0.7,0.03,0.04,0.3,0,0,45,0.25,"{""baseName"":""アセロラ"",""variety"":""酸味種"",""state"":""生""}",アセロラは果実で安全に使え、風味や栄養がある,8,0,1,,,,,,,,,,,,,,,0.02,0.01,Tr,0.01,12,2,0,0,0,"[""アセロラ"",""あせろら"",""acerola"",""acerola cherry"",""acerola berry""]",アセロラ,,Acerola,,28.15,,,,,,,,,FALSE,
07,07159,アセロラ　甘味種　生,89.9,0.7,0.1,1.9,0.3,36,11,18,7,130,10,0.5,0.5,0.31,-,-,-,0,(0),0.7,0.03,0.04,0.3,0,0,45,0.25,"{""baseName"":""アセロラ"",""variety"":""甘味種"",""state"":""生""}",果実でビタミン類を含み少量であれば犬に与えて問題ない,7,0,0,,,,,,,,,,,,,,,,,,,,,,,,"[""アセロラ"",""あせろら"",""Acerola"",""acerola cherry""]",アセロラ,甘味種・生,Acerola,"Sweet variety, Raw",28.15,,,,173957,"Cherries, sweet, canned, water pack, solids and liquids",1.0620538278888378,,4.1,FALSE,
07,07005,アテモヤ　生,77.7,1.8,0.4,3.3,0.7,81,26,24,4,340,29,0.3,0.2,0.09,0.20,-,-,(0),(0),0.2,0.08,0.12,0.9,0.28,0,23,0.23,"{""baseName"":""アテモヤ"",""state"":""生""}",アテモヤは果肉が食べられる熱帯果実で、種子を除けば素材として利用可能,7,1,1,(48),(72),(48),(24),(11),(36),(48),(36),(84),(60),(36),(72),(24),(36),(0.28),(0.11),(0.09),(0.02),(16),(94),(0),(0),(0),"[""アテモヤ"",""あてもや"",""Atemoya""]",アテモヤ,,Atemoya,,66.05,,,,173953,"Cherimoya, raw",1.1275691694990533,,,FALSE,
07,07007,あんず　生,89.8,1.0,0.3,1.6,0.4,37,9,15,2,200,8,0.3,0.1,0.04,0.21,0,0,(0),(0),1.7,0.02,0.02,Tr,0.05,(0),2,0.30,"{""baseName"":""あんず"",""state"":""生""}",果肉は犬に与えてよい栄養価のある果物（核は除去）,8,1,1,(29),(55),(69),(4.3),(2.1),(6.4),(37),(21),(58),(34),(11),(34),(19),(32),(0.21),(0.06),(0),(0.06),(59),(0),(0),(0),(0),"[""あんず"",""杏"",""アンズ"",""アプリコット"",""apricot""]",あんず,生,Apricot,Raw,30.2,14,09032,"Apricots, dried, sulfured, uncooked",171697,,,,2.8,FALSE,
07,07008,あんず　乾,16.8,9.2,0.4,9.8,3.2,296,70,120,15,1300,45,2.3,0.9,0.43,0.32,-,-,(0),(0),1.4,0,0.03,3.5,0.18,(0),10,0.53,"{""baseName"":""あんず"",""state"":""乾""}",あんず（果皮・核除去済）は果肉自体は犬に与えやすい果物で素材として使える,7,1,1,(210),(320),(280),(83),(75),(160),(190),(150),(340),(230),(88),(260),(140),(200),(0.13),(0.06),(0),(0.06),(58),(0),(0),(0),(0),"[""あんず"",""杏"",""アンズ"",""アプリコット"",""apricot""]",あんず,乾,Apricot,Dried,247.7,14,09032,"Apricots, dried, sulfured, uncooked",173941,"Apricots, dried, sulfured, uncooked",1.826205329550787,,13.9,FALSE,
07,07009,あんず　缶詰,79.8,0.5,0.4,0.8,0.4,79,18,14,4,190,7,0.2,0.1,0.03,0.03,-,-,(0),(0),0.9,0.01,0.01,0.1,0.04,(0),2,0,"{""baseName"":""あんず"",""state"":""缶詰""}",果肉は与えられるが缶詰のシロップ等により糖分が多く含まれる場合があるため量に注意,7,1,1,(15),(29),(35),(2.8),(1.9),(4.7),(21),(11),(32),(18),(8.5),(18),(8.5),(20),(0.27),(0.08),(0),(0.08),(76),(0),(0),(0),(0),"[""あんず"",""杏"",""アンズ"",""アプリコット"",""apricot""]",あんず,缶詰,Apricot,Canned,68.5,,,,,,,,,FALSE,
07,07012,いちご　生,90.0,0.9,0.1,1.4,0.5,31,17,31,Tr,170,13,0.3,0.2,0.05,0.20,1,Tr,(0),(0),0.4,0.03,0.02,0.4,0.04,(0),90,0.33,"{""baseName"":""いちご"",""state"":""生""}",いちごは果肉が安全でビタミンや水分の供給源として適する。,8,1,1,25,42,34,12,16,27,24,14,38,29,8.3,32,15,34,0.07,0.05,0.02,0.03,29,22,-,-,0,"[""いちご"",""苺"",""イチゴ"",""ストロベリー"",""strawberry""]",いちご,生,Strawberry,Raw,28.85,5.7,09316,"Strawberries, raw",171712,"Boysenberries, canned, heavy syrup",1.061699761953143,,,TRUE,果実 > イチゴ
07,07160,いちご　乾,15.4,0.5,0.2,3.0,1.0,329,140,9,260,15,5,0.4,0.1,0.07,0.22,(5),(3),(0),(0),0.7,0,0,0.1,0.01,(0),4,0.02,"{""baseName"":""いちご"",""state"":""乾""}",乾燥いちごの果実そのものは安全だが糖分が濃縮されているため素材としては注意が必要,7,1,1,(14),(23),(18),(6.4),(8.6),(15),(13),(7.3),(21),(15),(4.6),(17),(8.4),(19),(0.17),(0.12),(0.05),(0.07),(70),(53),-,-,(0),"[""いちご"",""苺"",""イチゴ"",""ストロベリー"",""strawberry""]",いちご,乾,Strawberry,Dried,283.1,,,,168172,"Strawberries, canned, heavy syrup pack, solids and liquids",1.2821639030858798,,3.8,TRUE,果実 > イチゴ
07,07037,オリーブ　塩漬　グリーンオリーブ,75.6,1.0,15.0,3.3,3.9,148,79,8,1400,47,13,0.3,0.2,0.17,0.04,-,-,(0),(0),5.5,0.01,0.02,Tr,0.03,(0),3,0,"{""baseName"":""オリーブ"",""variety"":""グリーンオリーブ"",""state"":""塩漬""}",塩漬けオリーブは風味付けに使えるが種子は除去が必要で塩分の点に留意が必要,7,1,1,(37),(60),(38),(14),(0),(14),(35),(27),(62),(31),(0),(45),(27),(80),(13.97),(0.82),(0.12),(0.69),(690),(120),-,-,(0),"[""オリーブ"",""おりーぶ"",""オリーブの実"",""グリーンオリーブ"",""olive"",""green olive""]",オリーブ,塩漬・グリーン,Green Olive,Salted,135.2,,,,169096,"Olives, pickled, canned or bottled, green",1.7508406738161437,,14.2,FALSE,
07,07049,かき　甘がき　生,83.1,0.4,0.2,1.6,0.4,63,9,14,1,170,6,0.2,0.1,0.03,0.50,0,0,(0),(0),0.1,0.03,0.02,0.3,0.06,(0),18,0.28,"{""baseName"":""かき"",""variety"":""甘がき"",""state"":""生""}",甘がき（かき）は果肉は与えられることが多く、種やヘタを除けば素材として使用可能,7,1,1,17,26,23,5.8,9.9,16,17,7.6,24,20,6.8,19,8.4,17,0.09,0.03,0.02,Tr,4,22,-,-,0,"[""柿"",""かき"",""カキ"",""persimmon"",""甘柿"",""あまがき""]",柿,甘がき・生,Persimmon,"Sweet type, Raw",53.15,,,,169941,"Persimmons, japanese, raw",1.0149918673584182,,7.6,FALSE,
07,07050,かき　渋抜きがき　生,82.2,0.5,0.1,2.8,0.3,59,7,16,1,200,6,0.1,Tr,0.02,0.60,0,0,(0),(0),0.2,0.02,0.02,0.3,0.05,(0),20,0.27,"{""baseName"":""かき"",""variety"":""渋抜きがき"",""state"":""生""}",渋抜きかきは果実として与えやすく、糖分に注意すれば素材として利用可能,7,1,1,(21),(32),(28),(7.2),(12),(19),(21),(9.1),(30),(23),(8.4),(23),(10),(20),(0.04),(0.01),(0.01),(Tr),(2),(11),-,-,(0),"[""柿"",""かき"",""カキ"",""persimmon""]",柿,渋抜き・生,Persimmon,"Astringency-removed, Raw",51.95,,,,,,,,,FALSE,
07,07051,かき　干しがき,24.0,1.5,1.7,14.0,1.5,274,27,62,4,670,26,0.6,0.2,0.08,1.48,-,-,(0),(0),0.4,0.02,0,0.6,0.13,(0),35,0.85,"{""baseName"":""かき"",""variety"":""干しがき""}",干しがき（干し柿）は果実として可食で甘味のある素材だが糖分が高めである点に注意。,7,1,1,(62),(95),(85),(22),(37),(58),(62),(27),(89),(69),(25),(70),(31),(61),(0.74),(0.22),(0.19),(0.04),(38),(190),-,-,(0),"[""柿"",""かき"",""カキ"",""persimmon""]",干し柿,,Dried Persimmon,,220.25,,,,169942,"Persimmons, japanese, dried",1.5243222862626098,,,FALSE,
07,07053,かりん　生,80.7,0.4,0.1,8.9,0.5,58,12,17,2,270,12,0.3,0.2,0.09,0.05,-,-,(0),(0),0.6,0.01,0.03,0.3,0.04,(0),12,0.31,"{""baseName"":""かりん"",""state"":""生""}",かりんは有毒性は報告されておらず素材として使用可能だが渋味が強い,7,0,0,,,,,,,,,,,,,,,,,,,,,,,,"[""かりん"",""花梨"",""カリン"",""quince""]",かりん,,Quince,,35.15,,,,169118,"Pears, raw",1.0840073140796078,,5.1,FALSE,
07,07018,（かんきつ類）　いよかん　砂じょう　生,86.7,0.9,0.1,1.1,0.5,50,17,18,2,190,14,0.2,0.1,0.04,0.07,-,-,(0),(0),0.1,0.06,0.03,0.3,0.07,(0),19,0.36,"{""baseName"":""いよかん"",""part"":""砂じょう"",""state"":""生"",""notes"":[""かんきつ類""]}",いよかんの果肉相当部は柑橘類の果実で酸味があり、種や皮は除く必要がある。,7,1,0,(16),(28),(31),(5.5),(10),(16),(16),(9.9),(26),(17),(4.8),(22),(11),(59),,,,,,,,,,"[""伊予柑"",""いよかん"",""イヨカン"",""iyokan""]",伊予柑,砂じょう・生,Iyokan,"Pulp sacs, Raw",41.45,10,09218,"Tangerines, (mandarin oranges), raw",169100,"Orange juice, chilled, includes from concentrate",0.7966895483543825,,6.2,TRUE,果実 > 伊予柑
07,07026,（かんきつ類）　うんしゅうみかん　じょうのう　早生　生,87.2,0.5,0.1,0.7,0.3,49,17,12,1,130,11,0.1,0.1,0.05,0.08,0,0,(0),(0),0.4,0.07,0.04,0.2,0.07,(0),24,0.21,"{""baseName"":""うんしゅうみかん"",""variety"":""早生"",""part"":""じょうのう"",""state"":""生"",""notes"":[""かんきつ類""]}",みかんの果肉は水分・ビタミン源として与えやすく素材向き（果皮は除去）,8,1,1,(10),(18),(19),(4.2),(6.5),(11),(10),(6.0),(16),(11),(2.9),(14),(7.1),(37),(0.04),(0.01),(Tr),(0.01),(8),(5),-,-,(0),"[""温州みかん"",""うんしゅうみかん"",""ウンシュウミカン"",""みかん"",""ミカン"",""mikan"",""mandarin"",""satsuma""]",みかん,温州・じょうのう・早生・生,Mandarin (Unshu),"Segment, Early, Raw",41.8,10,09218,"Tangerines, (mandarin oranges), raw",169100,"Orange juice, chilled, includes from concentrate",0.9622653509129991,,6.2,TRUE,果実 > みかん
07,07027,（かんきつ類）　うんしゅうみかん　じょうのう　普通　生,86.9,0.7,0.1,1.0,0.3,49,21,15,1,150,11,0.2,0.1,0.03,0.07,0,0,(0),(0),0.4,0.10,0.03,0.3,0.06,(0),22,0.23,"{""baseName"":""うんしゅうみかん"",""variety"":""普通"",""part"":""じょうのう"",""state"":""生"",""notes"":[""かんきつ類""]}",温州みかんの果肉はビタミン源として使えるが酸味や量に注意が必要,8,1,1,15,25,27,5.9,9.2,15,15,8.8,24,17,4.1,20,10,52,0.04,0.01,Tr,0.01,8,5,-,-,0,"[""温州みかん"",""うんしゅうみかん"",""ウンシュウミカン"",""みかん"",""ミカン"",""mikan"",""mandarin"",""satsuma""]",みかん,温州・じょうのう・普通・生,Mandarin (Unshu),"Segment, Normal, Raw",41.8,10,09218,"Tangerines, (mandarin oranges), raw",169100,"Orange juice, chilled, includes from concentrate",0.940157390210462,,6.2,TRUE,果実 > みかん
07,07028,（かんきつ類）　うんしゅうみかん　砂じょう　早生　生,87.8,0.5,0.1,0.4,0.3,47,11,12,1,130,10,0.1,0.1,0.04,0.06,-,-,(0),(0),0.4,0.07,0.03,0.2,0.07,(0),24,0.15,"{""baseName"":""うんしゅうみかん"",""variety"":""早生"",""part"":""砂じょう"",""state"":""生"",""notes"":[""かんきつ類""]}",うんしゅうみかん（果肉部分）。みかん果肉は犬にも与えやすくビタミン源になる（皮は除去）。,8,1,1,(10),(18),(19),(4.2),(6.5),(11),(10),(6.0),(16),(11),(2.9),(14),(7.1),(37),(0.04),(0.01),(Tr),(0.01),(8),(5),-,-,(0),"[""温州みかん"",""うんしゅうみかん"",""ウンシュウミカン"",""みかん"",""ミカン"",""mikan"",""mandarin"",""satsuma""]",みかん,温州・砂じょう・早生・生,Mandarin (Unshu),"Pulp sacs, Early, Raw",40.75,10,09218,"Tangerines, (mandarin oranges), raw",169100,"Orange juice, chilled, includes from concentrate",0.9490848916294445,,6.2,TRUE,果実 > みかん
07,07029,（かんきつ類）　うんしゅうみかん　砂じょう　普通　生,87.4,0.7,0.1,0.4,0.3,49,15,15,1,150,10,0.1,0.1,0.03,0.05,Tr,0,(0),(0),0.4,0.09,0.03,0.3,0.05,(0),22,0.23,"{""baseName"":""うんしゅうみかん"",""variety"":""普通"",""part"":""砂じょう"",""state"":""生"",""notes"":[""かんきつ類""]}",うんしゅうみかんの果肉は適量であれば安全でビタミン源になる,8,1,1,(14),(25),(27),(5.9),(9.1),(15),(15),(8.5),(23),(15),(4.0),(19),(9.9),(51),(0.04),(0.01),(Tr),(0.01),(8),(5),-,-,(0),"[""温州みかん"",""うんしゅうみかん"",""ウンシュウミカン"",""みかん"",""ミカン"",""mikan"",""mandarin"",""satsuma""]",みかん,温州・砂じょう・普通・生,Mandarin (Unshu),"Pulp sacs, Normal, Raw",42.15,10,09218,"Tangerines, (mandarin oranges), raw",169100,"Orange juice, chilled, includes from concentrate",0.808184388331622,,6.2,TRUE,果実 > みかん
07,07031,（かんきつ類）　うんしゅうみかん　果実飲料　濃縮還元ジュース,89.3,0.5,0.1,0,0.2,42,6,9,1,110,9,0.1,Tr,0.02,0.03,-,-,(0),(0),0.2,0.06,0.04,0.2,0.04,(0),20,0.26,"{""baseName"":""うんしゅうみかん"",""variety"":""果実飲料 濃縮還元ジュース"",""notes"":[""かんきつ類""]}",うんしゅうみかんの果汁は果肉由来の成分で一般に与えられるが、酸味や糖分が強いので多量は避けるべき。,7,1,1,6.4,11,12,3.4,4.5,7.9,7.6,6.4,14,8.5,2.2,9.0,4.5,44,(0.04),(0.01),(Tr),(0.01),(8),(5),-,-,(0),"[""温州みかん"",""うんしゅうみかん"",""みかんジュース"",""ミカンジュース"",""mikan juice"",""mandarin juice"",""みかん"",""ミカン""]",みかんジュース,濃縮還元,Mandarin Juice,From concentrate,37.25,6.6,09209,"Orange juice, chilled, includes from concentrate",174681,"Grapefruit juice, white, frozen concentrate, unsweetened, diluted with 3 volume water",1.019381469444542,,7.7,FALSE,
07,07032,（かんきつ類）　うんしゅうみかん　果実飲料　果粒入りジュース,86.7,0.2,Tr,Tr,0.1,53,5,4,4,33,3,0.1,Tr,0.01,0.03,-,-,(0),(0),0.1,0.02,0.01,0.1,0.01,(0),0,0.08,"{""baseName"":""うんしゅうみかん"",""variety"":""果実飲料 果粒入りジュース"",""notes"":[""かんきつ類""]}",みかん果肉は犬に与えられる果実だが、果汁飲料は加工品で糖分や酸があるため注意が必要。,7,1,1,(2.3),(4.3),(4.7),(1.3),(1.8),(3.1),(3.0),(2.4),(5.5),(3.1),(0.9),(3.5),(1.8),(17),(Tr),(Tr),(0),(0),(1),(Tr),-,-,(0),"[""温州みかん"",""うんしゅうみかん"",""みかんジュース"",""ミカンジュース"",""mikan juice"",""mandarin juice"",""みかん"",""ミカン""]",みかんジュース,果粒入り,Mandarin Juice,With pulp,46.2,6.6,09209,"Orange juice, chilled, includes from concentrate",167805,"Ruby Red grapefruit juice blend (grapefruit, grape, apple), OCEAN SPRAY, bottled, with added vitamin C",1.8466185312619388,,,FALSE,
07,07035,（かんきつ類）　うんしゅうみかん　缶詰　果肉,83.8,0.5,0.1,0.5,0.3,63,8,8,4,75,7,0.4,0.1,0.02,0.03,-,-,(0),(0),0.5,0.05,0.02,0.2,0.03,(0),12,0.09,"{""baseName"":""うんしゅうみかん"",""variety"":""果肉"",""state"":""缶詰"",""notes"":[""かんきつ類""]}",みかんの果肉は通常安全だが、缶詰のシロップ加工により糖分や酸が高くなるため多用は避けるべき。,7,0,1,,,,,,,,,,,,,,,(0.04),(0.01),(Tr),(0.01),(8),(5),-,-,(0),"[""温州みかん"",""うんしゅうみかん"",""みかん"",""ミカン"",""mikan"",""mandarin"",""みかん果肉"",""mandarin segments""]",みかん缶詰,果肉,Canned Mandarin,Segments,54.4,10,09218,"Tangerines, (mandarin oranges), raw",173037,"Grapefruit, sections, canned, light syrup pack, solids and liquids",0.9833099559079808,,5.1,FALSE,
07,07040,（かんきつ類）　オレンジ　ネーブル　砂じょう　生,86.8,0.9,0.1,1.0,0.4,48,24,22,1,180,9,0.2,0.1,0.06,0.06,0,0,(0),(0),0.3,0.07,0.04,0.3,0.06,(0),34,0.28,"{""baseName"":""オレンジ"",""variety"":""ネーブル"",""part"":""砂じょう"",""state"":""生"",""notes"":[""かんきつ類""]}",オレンジの果肉は犬に与えられるが、皮や種は除去する必要がある,7,1,1,17,28,32,5.5,11,16,17,10,27,19,4.8,23,11,60,(0.05),(0.02),(0.01),(0.02),(15),(6),-,-,-,"[""オレンジ"",""おれんじ"",""ネーブル"",""ネーブルオレンジ"",""orange"",""かんきつ"",""柑橘""]",ネーブルオレンジ,,Navel Orange,,41.8,8.4,09202,"Oranges, raw, navel",169097,"Oranges, raw, all commercial varieties",1.0166496096955813,,8.4,TRUE,果実 > オレンジ
07,07041,（かんきつ類）　オレンジ　バレンシア　米国産　砂じょう　生,88.7,1.0,0.1,0.8,0.4,42,21,24,1,140,11,0.3,0.2,0.06,0.05,0,0,(0),(0),0.3,0.10,0.03,0.4,0.07,(0),32,0.36,"{""baseName"":""オレンジ"",""variety"":""バレンシア"",""part"":""砂じょう"",""origin"":""米国産"",""state"":""生"",""notes"":[""かんきつ類""]}",オレンジの果肉は少量で与えやすいが酸味が強く、皮や種は除去して扱う,7,1,1,(27),(25),(51),(21),(11),(32),(33),(17),(50),(16),(9.6),(42),(19),(70),(0.05),(0.02),(0.01),(0.01),(15),(5),-,-,-,"[""オレンジ"",""おれんじ"",""バレンシア"",""バレンシアオレンジ"",""valencia"",""orange"",""かんきつ"",""柑橘""]",バレンシアオレンジ,,Valencia Orange,,35.85,8.4,09202,"Oranges, raw, navel",169916,,,,,TRUE,果実 > オレンジ
07,07161,（かんきつ類）　オレンジ　福原オレンジ　砂じょう　生,88.7,1.0,0.1,0.8,0.4,43,21,24,1,140,11,0.3,0.2,0.06,0.05,0,0,(0),(0),0.3,0.10,0.03,0.4,0.07,(0),32,0.36,"{""baseName"":""オレンジ"",""variety"":""福原オレンジ"",""part"":""砂じょう"",""state"":""生"",""notes"":[""かんきつ類""]}",果肉はビタミンが豊富で犬に与えやすいが皮や種は必ず除く必要がある。,8,0,0,,,,,,,,,,,,,,,,,,,,,,,,"[""オレンジ"",""おれんじ"",""福原オレンジ"",""ふくはらオレンジ"",""orange"",""かんきつ"",""柑橘""]",福原オレンジ,,Fukuhara Orange,,35.85,8.4,09202,"Oranges, raw, navel",169100,"Orange juice, chilled, includes from concentrate",1.2920673067491755,,6.2,TRUE,果実 > オレンジ
07,07162,（かんきつ類）　かわちばんかん　砂じょう　生,90.0,0.7,0.2,0.6,0.3,38,10,21,1,160,10,0.1,0.1,0.03,0.02,-,-,(0),(0),0.2,0.06,0.02,0.3,0.05,(0),13,0.13,"{""baseName"":""かわちばんかん"",""part"":""砂じょう"",""state"":""生"",""notes"":[""かんきつ類""]}",柑橘類の果肉は適度に与えられる安全な果実部位であるため使用可能。,8,1,0,(8.7),(15),(18),(3.4),(7.2),(11),(9.2),(5.7),(15),(12),(3.1),(12),(7.8),(70),,,,,,,,,,"[""かわちばんかん"",""カワチバンカン"",""河内晩柑"",""kawachi bankan"",""かんきつ"",""柑橘""]",河内晩柑,,Kawachi Bankan,,32.85,8.4,09202,"Oranges, raw, navel",167754,"Pummelo, raw",1.2786778354232629,,,TRUE,果実 > みかん
07,07163,（かんきつ類）　きよみ　砂じょう　生,88.4,0.8,0.2,0.6,0.3,45,11,21,1,170,11,0.1,0.1,0.04,0.05,(0),(0),(0),(0),0.3,0.10,0.02,0.3,0.08,(0),24,0.27,"{""baseName"":""きよみ"",""part"":""砂じょう"",""state"":""生"",""notes"":[""かんきつ類""]}",清見（かんきつ類）の果肉部分で、犬に与えて問題のない果物の一種。果皮や種は除去が前提。,8,1,0,(14),(24),(27),(4.8),(9.0),(14),(14),(8.6),(23),(15),(4.1),(19),(9.7),(51),,,,,,,,,,"[""きよみ"",""キヨミ"",""清見"",""kiyomi"",""オレンジ"",""かんきつ"",""柑橘""]",清見,,Kiyomi,,38.45,8.4,09202,"Oranges, raw, navel",168195,,,,14,TRUE,果実 > みかん
07,07165,（かんきつ類）　しらぬひ　砂じょう　生,85.8,0.8,0.2,0.6,0.3,56,9,18,Tr,170,9,0.1,0.1,0.03,0.07,(0),(0),(0),(0),0.3,0.09,0.03,0.3,0.04,(0),17,0.25,"{""baseName"":""しらぬひ"",""part"":""砂じょう"",""state"":""生"",""notes"":[""かんきつ類""]}",柑橘類の果肉は少量なら与えられることが多いが、皮や種は除去する必要があります。,7,1,0,(15),(25),(28),(4.9),(9.4),(14),(15),(8.9),(24),(16),(4.3),(20),(10),(53),,,,,,,,,,"[""しらぬひ"",""シラヌヒ"",""不知火"",""shiranui"",""デコポン"",""オレンジ"",""かんきつ"",""柑橘""]",デコポン,,Dekopon,,47.55,8.4,09202,"Oranges, raw, navel",169098,"Orange juice, raw (Includes foods for USDA's Food Distribution Program)",1.2159720239228216,,6.2,TRUE,果実 > みかん
07,07166,（かんきつ類）　せとか　砂じょう　生,86.9,0.8,0.2,0.7,0.3,50,11,17,1,170,10,0.1,0.1,0.03,0.09,-,-,(0),(0),0.4,0.08,0.03,0.3,0.05,(0),29,0.13,"{""baseName"":""せとか"",""part"":""砂じょう"",""state"":""生"",""notes"":[""かんきつ類""]}",果肉部分は柑橘類で風味が強いが栄養源として利用可能（皮・種は除去）。,8,1,0,(15),(25),(28),(4.9),(9.4),(14),(15),(8.9),(24),(16),(4.3),(20),(10),(53),,,,,,,,,,"[""せとか"",""セトカ"",""Setoka"",""オレンジ"",""かんきつ"",""柑橘""]",せとか,,Setoka,,43.35,8.4,09202,"Oranges, raw, navel",169100,"Orange juice, chilled, includes from concentrate",0.804716996492832,,6.2,TRUE,果実 > みかん
07,07085,（かんきつ類）　セミノール　砂じょう　生,86.0,1.1,0.1,0.8,0.4,53,24,18,2,200,16,0.2,0.1,0.04,0.10,-,-,(0),(0),0.3,0.01,0.04,0.3,0.09,(0),27,0.45,"{""baseName"":""セミノール"",""part"":""砂じょう"",""state"":""生"",""notes"":[""かんきつ類""]}",セミノール（柑橘）の果肉部は食べられるが皮・種は除去して使う。,7,0,0,,,,,,,,,,,,,,,,,,,,,,,,"[""セミノール"",""セミノールオレンジ"",""seminole"",""オレンジ"",""かんきつ"",""柑橘""]",セミノール,,Seminole,,45.3,8.4,09202,"Oranges, raw, navel",167805,"Ruby Red grapefruit juice blend (grapefruit, grape, apple), OCEAN SPRAY, bottled, with added vitamin C",0.8531110355251552,,,TRUE,果実 > オレンジ
07,07093,（かんきつ類）　なつみかん　砂じょう　生,88.6,0.9,0.1,1.2,0.4,42,16,21,1,190,10,0.2,0.1,0.05,0.04,-,-,(0),(0),0.3,0.08,0.03,0.4,0.05,(0),25,0.29,"{""baseName"":""なつみかん"",""part"":""砂じょう"",""state"":""生"",""notes"":[""かんきつ類""]}",なつみかんの果肉（砂じょう）は柑橘類の果肉として与えやすく、種・皮を除けば使用可能。,8,1,0,16,28,30,4.4,9.9,14,16,10,26,18,4.6,22,11,50,,,,,,,,,,"[""なつみかん"",""ナツミカン"",""夏みかん"",""natsumikan"",""みかん"",""かんきつ"",""柑橘""]",夏みかん,砂じょう・生,Natsumikan,Fresh,34.8,8.4,09202,"Oranges, raw, navel",167774,"Grapefruit juice, pink, raw",1.171187806617652,,,TRUE,果実 > みかん
07,07094,（かんきつ類）　なつみかん　缶詰,79.7,0.5,0.1,0.5,0.3,80,11,12,4,92,8,0.1,0.1,0.03,0.03,-,-,(0),(0),0.2,0.04,Tr,0.2,0.03,(0),12,0.07,"{""baseName"":""なつみかん"",""state"":""缶詰"",""notes"":[""かんきつ類""]}",缶詰のなつみかん（ヘビーシロップ）は果肉自体は可食だが糖分の高いシロップ漬けである点に注意が必要,7,0,0,,,,,,,,,,,,,,,,,,,,,,,,"[""なつみかん"",""ナツミカン"",""夏みかん"",""缶詰"",""缶詰みかん"",""canned mandarin"",""natsumikan"",""みかん"",""かんきつ"",""柑橘""]",夏みかん,缶詰,Natsumikan,Canned,68.75,8.4,09202,"Oranges, raw, navel",169099,"Orange juice, canned, unsweetened",0.9922830110009082,,6.2,TRUE,果実 > みかん
07,07105,（かんきつ類）　はっさく　砂じょう　生,87.2,0.8,0.1,1.5,0.4,47,13,17,1,180,10,0.1,0.1,0.04,0.03,-,-,(0),(0),0.3,0.06,0.03,0.2,0.07,(0),16,0.30,"{""baseName"":""はっさく"",""part"":""砂じょう"",""state"":""生"",""notes"":[""かんきつ類""]}",はっさくの果肉は柑橘類として利用できる（皮・種は除去）。,7,1,0,(10),(17),(21),(4.0),(8.5),(13),(11),(6.7),(17),(14),(3.7),(14),(9.1),(83),,,,,,,,,,"[""はっさく"",""ハッサク"",""八朔"",""hassaku"",""みかん"",""かんきつ"",""柑橘""]",はっさく,,Hassaku,,38.65,8.4,09202,"Oranges, raw, navel",167754,"Pummelo, raw",1.1223046460770714,,,TRUE,果実 > みかん
07,07167,（かんきつ類）　はるみ　砂じょう　生,86.5,0.9,0.2,0.8,0.3,52,9,16,0,170,10,0.1,0.1,0.03,0.05,-,-,(0),(0),0.3,0.11,0.02,0.2,0.05,(0),19,0.21,"{""baseName"":""はるみ"",""part"":""砂じょう"",""state"":""生"",""notes"":[""かんきつ類""]}",かんきつ類の果肉（じょうのう膜を除いた砂じょう）は一般的に犬に与えて問題ない栄養源,8,1,0,(16),(27),(30),(5.3),(10),(15),(16),(9.5),(25),(17),(4.6),(22),(11),(57),,,,,,,,,,"[""はるみ"",""ハルミ"",""Harumi"",""オレンジ"",""かんきつ"",""柑橘""]",はるみ,,Harumi,,44.4,10,09218,"Tangerines, (mandarin oranges), raw",169100,"Orange juice, chilled, includes from concentrate",1.365303793726272,,6.2,TRUE,果実 > みかん
07,07113,（かんきつ類）　ひゅうがなつ　砂じょう　生,90.7,0.6,0.1,0.7,0.3,35,5,9,1,110,6,0.1,Tr,0.02,0.04,-,-,(0),(0),0.1,0.06,0.03,0.2,0.05,(0),13,0.27,"{""baseName"":""ひゅうがなつ"",""part"":""砂じょう"",""state"":""生"",""notes"":[""かんきつ類""]}",ひゅうがなつの果肉部分は柑橘類の果実として与えて問題ないが、皮や種は除去する必要がある。,7,1,0,(11),(19),(20),(2.9),(6.5),(9.5),(10),(6.5),(17),(11),(3.0),(14),(7.4),(33),,,,,,,,,,"[""ひゅうがなつ"",""ヒュウガナツ"",""日向夏"",""hyuganatsu"",""みかん"",""かんきつ"",""柑橘""]",日向夏,,Hyuganatsu,,29.55,7.5,09112,"Grapefruit, raw, pink and red, all areas",167754,"Pummelo, raw",1.2161465148899668,,,TRUE,果実 > みかん
07,07126,（かんきつ類）　ぶんたん　砂じょう　生,89.0,0.7,0.1,0.9,0.4,41,13,19,1,180,7,0.1,0.1,0.04,0.02,-,-,(0),(0),0.5,0.03,0.04,0.3,0,(0),16,0.32,"{""baseName"":""ぶんたん"",""part"":""砂じょう"",""state"":""生"",""notes"":[""かんきつ類""]}",ぶんたんの果肉部分は柑橘類の果実で与えやすいが皮や種は除去する必要がある。,7,1,0,(8.9),(15),(19),(3.5),(7.4),(11),(9.4),(5.9),(15),(12),(3.2),(12),(8.0),(72),,,,,,,,,,"[""ぶんたん"",""ブンタン"",""文旦"",""pomelo"",""buntan"",""かんきつ"",""柑橘""]",文旦,砂じょう・生,Buntan (Pomelo),Fresh,34.45,7.5,09112,"Grapefruit, raw, pink and red, all areas",167754,"Pummelo, raw",1.05954672580688,,,TRUE,果実 > みかん
07,07127,（かんきつ類）　ぶんたん　ざぼん漬,14.0,0.2,0.1,2.7,0.2,338,22,3,13,8,6,0.3,Tr,0.01,0.01,-,-,(0),(0),0.1,0,0.02,Tr,0,(0),2,0,"{""baseName"":""ぶんたん"",""variety"":""ざぼん漬"",""notes"":[""かんきつ類""]}",ぶんたん（ザボン）の果肉は柑橘類で風味付けや少量のトッピングとして使えるが加工品のため塩分・糖分に注意。,7,1,0,(2.6),(4.3),(5.4),(1.0),(2.1),(3.1),(2.7),(1.7),(4.4),(3.4),(0.9),(3.6),(2.3),(21),,,,,,,,,,"[""ぶんたん"",""ブンタン"",""文旦"",""ざぼん漬"",""ざぼんづけ"",""ザボン漬"",""zabon"",""zabonzuke"",""かんきつ"",""柑橘""]",ざぼん漬,,Zabon-zuke,Pickled buntan,291.35,7.5,09112,"Grapefruit, raw, pink and red, all areas",167781,Candied fruit,1.535054130828292,,2.2,TRUE,果実 > みかん
07,07129,（かんきつ類）　ぽんかん　砂じょう　生,88.8,0.9,0.1,1.0,0.3,42,16,16,1,160,9,0.1,Tr,0.02,0.09,-,-,(0),(0),0.2,0.08,0.04,0.2,0.05,(0),13,0.24,"{""baseName"":""ぽんかん"",""part"":""砂じょう"",""state"":""生"",""notes"":[""かんきつ類""]}",ぽんかんの果肉は柑橘類で与えられるが、皮や種は除く必要がある,7,1,0,(18),(32),(35),(7.5),(12),(19),(19),(11),(30),(20),(5.2),(25),(13),(66),,,,,,,,,,"[""ぽんかん"",""ポンカン"",""ponkan"",""みかん"",""かんきつ"",""柑橘""]",ぽんかん,,Ponkan,,35.15,10,09218,"Tangerines, (mandarin oranges), raw",169100,"Orange juice, chilled, includes from concentrate",0.8258016120528803,,6.2,TRUE,果実 > みかん
07,07054,キウイフルーツ　緑肉種　生,84.7,1.0,0.2,2.6,0.7,51,26,30,1,300,14,0.3,0.1,0.10,0.09,0,1,(0),(0),1.3,0.01,0.02,0.3,0.11,(0),37,0.31,"{""baseName"":""キウイフルーツ"",""variety"":""緑肉種"",""state"":""生""}",キウイの果肉は与えられるが皮は消化しにくく酸味が強いので少量推奨。,7,1,1,46,56,51,19,30,49,36,20,57,46,14,51,23,61,0.17,0.12,0.10,0.03,25,97,-,-,-,"[""キウイフルーツ"",""キウイ"",""きういふるーつ"",""kiwifruit"",""キウイ緑肉"",""グリーンキウイ"",""green kiwi""]",キウイフルーツ,緑肉種,Kiwifruit,Green flesh,43,7.8,09148,"Kiwi fruit, (Chinese gooseberries), fresh, raw",,,,,,TRUE,果実 > キウイ
07,07168,キウイフルーツ　黄肉種　生,83.2,1.1,0.2,1.4,0.5,63,17,25,2,300,12,0.2,0.1,0.07,0.04,-,-,(0),(0),2.5,0.02,0.02,0.3,0.14,(0),32,0.26,"{""baseName"":""キウイフルーツ"",""variety"":""黄肉種"",""state"":""生""}",キウイフルーツ（黄肉種）は果肉部分は与えやすい果物だが、酸味や酵素で口腔に刺激を与える場合がある。,7,0,1,,,,,,,,,,,,,,,(0.17),(0.09),(0.04),(0.05),(49),(36),(0),(0),(0),"[""キウイフルーツ"",""キウイ"",""黄肉種"",""ゴールドキウイ"",""ゴールデンキウイ"",""golden kiwifruit"",""kiwifruit""]",キウイフルーツ,黄肉種,Kiwifruit,Gold/Yellow flesh,53.15,7.8,09148,"Kiwi fruit, (Chinese gooseberries), fresh, raw",,,,,,TRUE,果実 > キウイ
07,07183,きはだ　実　乾,13.1,7.3,9.8,-,4.7,378,230,240,17,2100,88,1.7,0.6,0.36,0.69,6,1,-,-,1.3,0.17,0.18,1.4,0.53,-,12,1.83,"{""baseName"":""きはだ"",""variety"":""実"",""state"":""乾""}",乾燥した果実類と推定され、果実部は少量であれば素材として使用可能（品目により取扱注意）。,7,0,0,,,,,,,,,,,,,,,,,,,,,,,,"[""きはだ"",""キハダ"",""kihada""]",きはだ,,Kihada,,336.7,10,09218,"Tangerines, (mandarin oranges), raw",171724,"Currants, zante, dried",1.5943402578428347,,10.6,FALSE,
07,07055,キワノ　生,89.2,1.5,0.9,2.6,0.4,41,10,42,2,170,34,0.4,0.4,0.09,0.13,-,-,(0),(0),0.7,0.03,0.01,0.2,0.04,0,2,0.14,"{""baseName"":""キワノ"",""state"":""生""}",キワノの果肉は食用で果皮は除去すれば使用可能だが流通が少ない,7,0,0,,,,,,,,,,,,,,,,,,,,,,,,"[""キワノ"",""きわの"",""Kiwano"",""キワノメロン"",""horned melon"",""ツノメロン"",""African horned cucumber""]",キワノ,,Kiwano,Horned melon,31.8,,,,167765,"Watermelon, raw",2.033259296199461,,4.1,FALSE,
07,07057,グァバ　赤肉種　生,88.9,0.6,0.1,5.1,0.5,33,8,16,3,240,8,0.1,0.1,0.06,0.09,-,-,(0),(0),0.3,0.03,0.04,0.8,0.06,(0),41,0.32,"{""baseName"":""グァバ"",""variety"":""赤肉種"",""state"":""生""}",果実として与えやすくビタミンや水分が豊富、種と皮は除去して与える,7,1,0,(22),(40),(17),(3.8),(0),(3.8),(1.4),(7.3),(8.7),(23),(5.2),(20),(5.2),(15),,,,,,,,,,"[""グァバ"",""グアバ"",""ぐあば"",""ぐぁば"",""guava""]",グアバ,赤肉種,Guava,Red-fleshed,19.75,1.1,09435,"Guava nectar, canned",174674,"Grapefruit, raw, pink and red, California and Arizona",1.1062581606729758,,,FALSE,
07,07169,グァバ　白肉種　生,88.9,0.6,0.1,5.1,0.5,33,8,16,3,240,8,0.1,0.1,0.06,0.09,-,-,(0),(0),0.3,0.03,0.04,0.8,0.06,(0),41,0.32,"{""baseName"":""グァバ"",""variety"":""白肉種"",""state"":""生""}",グァバの果肉は犬が食べられる果物で、種や皮の除去が前提であれば安全。,7,1,0,(22),(40),(17),(3.8),(0),(3.8),(1.4),(7.3),(8.7),(23),(5.2),(20),(5.2),(15),,,,,,,,,,"[""グァバ"",""グアバ"",""ぐあば"",""ぐぁば"",""guava""]",グアバ,白肉種,Guava,White-fleshed,19.75,1.1,09435,"Guava nectar, canned",173033,"Grapefruit, raw, pink and red and white, all areas",1.168399011468257,,7.7,FALSE,
07,07061,ぐみ　生,81.0,1.3,0.2,2.0,0.3,72,10,24,2,130,4,0.2,0.1,0.10,0.15,-,-,(0),(0),2.2,0.01,0.04,0.3,0.02,(0),15,0.45,"{""baseName"":""ぐみ"",""state"":""生""}",ぐみの果肉は一般に問題なく与えられる（種は除去）,7,0,0,,,,,,,,,,,,,,,,,,,,,,,,"[""ぐみ"",""グミ"",""gumi""]",グミ,,Gumi,,59.45,,,,171722,"Cranberries, raw",1.3732911860884776,,5.5,FALSE,
07,07157,ココナッツ　ココナッツウォーター,94.3,0.2,0.1,0,0.4,22,11,11,11,230,6,0.1,0.1,Tr,0.16,-,-,0,(0),0,0.01,0.01,0.1,0,(0),1,0,"{""baseName"":""ココナッツ"",""variety"":""ココナッツウォーター""}",水分と電解質を含む飲料で一般に安全。糖分やカリウムを含むため量に注意。,7,1,0,(7.8),(15),(8.9),(3.6),(3.9),(7.5),(10),(6.1),(16),(7.2),(2.2),(12),(4.7),(33),,,,,,,,,,"[""ココナッツ"",""ここなっつ"",""ココナッツウォーター"",""coconut"",""coconut water"",""やし"",""ヤシ"",""椰子""]",ココナッツウォーター,,Coconut Water,,19.05,,,,173933,"Apple juice, canned or bottled, unsweetened, without added ascorbic acid",1.7399107299013108,,1.8,FALSE,
07,07070,さくらんぼ　国産　生,83.1,1.0,0.2,1.2,0.5,64,13,17,1,210,6,0.3,0.1,0.05,-,0,0,(0),(0),0.5,0.03,0.03,0.2,0.02,(0),38,0.24,"{""baseName"":""さくらんぼ"",""origin"":""国産"",""state"":""生""}",さくらんぼの果肉は与えられるが、核（種）は除去する必要がある。,7,1,1,(19),(28),(30),(9.4),(9.4),(19),(23),(13),(36),(21),(8.5),(23),(14),(17),(0.14),(0.05),(0.03),(0.03),(27),(26),(0),(0),(0),"[""さくらんぼ"",""サクランボ"",""桜んぼ"",""桜桃"",""チェリー"",""cherry""]",さくらんぼ,国産,Cherry,Japan,54.2,,,,171719,"Cherries, sweet, raw",0.9779098967920064,,6.1,FALSE,
07,07071,さくらんぼ　米国産　生,81.1,1.2,0.1,1.4,0.5,64,15,23,1,260,12,0.3,0.1,0.08,0.11,-,-,(0),(0),0.5,0.03,0.03,0.2,0.02,(0),42,0.29,"{""baseName"":""さくらんぼ"",""origin"":""米国産"",""state"":""生""}",さくらんぼの果肉は利用可能だが核（種）は有害なので除去が必要,7,1,1,(23),(34),(36),(11),(11),(23),(27),(16),(43),(25),(10),(27),(17),(20),(0.07),(0.03),(0.01),(0.01),(14),(13),(0),(0),(0),"[""さくらんぼ"",""サクランボ"",""桜んぼ"",""桜桃"",""チェリー"",""cherry""]",さくらんぼ,米国産,Cherry,USA,60,,,,171719,"Cherries, sweet, raw",1.1174948635256903,,6.1,FALSE,
07,07072,さくらんぼ　米国産　缶詰,81.5,0.6,0.1,1.0,0.2,70,10,12,3,100,5,0.4,0.5,0.06,0.08,-,-,(0),(0),0.5,0.01,0.01,0.1,0.01,(0),12,0,"{""baseName"":""さくらんぼ"",""origin"":""米国産"",""state"":""缶詰""}",さくらんぼ（果肉、核除去済み）は果実として与えられるが種は除去してあるため使用可能。,8,0,1,,,,,,,,,,,,,,,(0.07),(0.03),(0.01),(0.01),(13),(12),(0),(0),(0),"[""さくらんぼ"",""サクランボ"",""桜んぼ"",""桜桃"",""チェリー"",""cherry""]",さくらんぼ,米国産・缶詰,Cherry,"USA, Canned",61.05,,,,,,,,,FALSE,
07,07077,すいか　赤肉種　生,89.6,0.6,0.1,0.3,0.2,41,4,8,1,120,11,0.2,0.1,0.03,0.03,0,0,(0),(0),0.1,0.03,0.02,0.2,0.07,(0),3,0.22,"{""baseName"":""すいか"",""variety"":""赤肉種"",""state"":""生""}",水分が多く低カロリーで犬に与えやすい果実。果皮・種は除去して与える。,8,1,1,14,15,14,4.8,6.8,12,15,5.3,20,9.9,5.3,14,9.5,51,(0.07),(0.03),(0),(0.03),(33),(0),(0),(0),(0),"[""すいか"",""スイカ"",""西瓜"",""watermelon""]",すいか,赤肉種,Watermelon,Red-fleshed,35.15,4.1,09326,"Watermelon, raw",167765,"Watermelon, raw",1.013048488764331,,4.1,TRUE,果実 > スイカ
07,07171,すいか　黄肉種　生,89.6,0.6,0.1,0.3,0.2,41,4,8,1,120,11,0.2,0.1,0.03,0.03,0,0,(0),(0),0.1,0.03,0.02,0.2,0.07,(0),3,0.22,"{""baseName"":""すいか"",""variety"":""黄肉種"",""state"":""生""}",水分が多く低カロリーな果実でおやつ向き、種と皮は除去して与える,8,1,0,(14),(15),(14),(4.8),(6.8),(12),(15),(5.3),(20),(9.9),(5.3),(14),(9.5),(51),,,,,,,,,,"[""すいか"",""スイカ"",""西瓜"",""watermelon""]",すいか,黄肉種,Watermelon,Yellow-fleshed,35.15,4.1,09326,"Watermelon, raw",167765,"Watermelon, raw",1.013048488764331,,4.1,TRUE,果実 > スイカ
07,07186,（すぐり類）　赤すぐり　冷凍,86,0.8,0.3,2.8,0.4,43,21,17,1,200,6,0.4,0.1,0.08,0.11,2,0,-,-,1,0.03,0.01,0.4,-,-,-,-,"{""baseName"":""赤すぐり"",""state"":""冷凍"",""notes"":[""すぐり類""]}",赤すぐり（冷凍）は果実で特に有害成分はなく素材として使用可能である,7,1,1,16,23,20,6.0,9.5,16,14,15,29,21,5.5,18,17,24,0.05,0.02,0.01,0.01,12,10,0,0,0,"[""赤すぐり"",""あかすぐり"",""レッドカラント"",""redcurrant"",""red currant"",""すぐり"",""スグリ""]",赤すぐり,冷凍,Redcurrant,Frozen,39.3,,,,,,,,,FALSE,
07,07182,（すぐり類）　カシス　冷凍,79.4,1.6,1.6,6.4,0.7,62,40,54,Tr,270,19,0.5,0.2,0.08,0.26,0,0,-,-,2.1,0.03,0.03,0.3,-,-,-,-,"{""baseName"":""カシス"",""state"":""冷凍"",""notes"":[""すぐり類""]}",カシスは抗酸化物質を含む果実で、少量であれば利用可能,7,1,1,63,82,68,25,30,55,54,37,91,55,17,54,33,84,1.08,0.77,0.17,0.60,460,150,0,0,0,"[""カシス"",""かしす"",""黒すぐり"",""blackcurrant"",""black currant"",""ブラックカラント"",""すぐり"",""スグリ""]",カシス,冷凍,Blackcurrant,Frozen,55.25,,,,173030,"Gooseberries, raw",1.280398021090727,,,FALSE,
07,07060,（すぐり類）　グーズベリー　生,85.2,1.0,0.1,2.5,0.5,51,14,24,1,200,10,1.3,0.1,0.05,0.15,-,-,(0),(0),1.0,0.02,0.02,0.2,0.02,0,47,0.40,"{""baseName"":""グーズベリー"",""state"":""生"",""notes"":[""すぐり類""]}",グーズベリーは果実として与えやすく、少量なら犬のレシピに取り入れやすい。,7,0,0,,,,,,,,,,,,,,,,,,,,,,,,"[""グーズベリー"",""グーズベリ―"",""グーズベリー"",""gooseberry"",""すぐり"",""スグリ""]",グーズベリー,,Gooseberry,,41.8,,,,,,,,,FALSE,
07,07086,チェリモヤ　生,78.1,1.3,0.3,2.2,0.5,82,9,20,8,230,12,0.2,0.1,0.08,0.07,-,-,(0),(0),0.2,0.09,0.09,0.7,0.23,0,90,0.36,"{""baseName"":""チェリモヤ"",""state"":""生""}",チェリモヤの果肉は与えられるが、種子や皮は必ず除去する。,7,1,1,(35),(52),(35),(17),(8.3),(26),(35),(26),(60),(43),(26),(52),(17),(26),(0.21),(0.08),(0.07),(0.01),(12),(70),(0),(0),(0),"[""チェリモヤ"",""cherimoya""]",チェリモヤ,,Cherimoya,,68.7,,,,,,,,,FALSE,
07,07111,ドラゴンフルーツ　生,85.7,1.4,0.3,1.9,0.8,52,6,29,Tr,350,41,0.3,0.3,0.03,0.09,-,-,(0),(0),0.4,0.08,0.06,0.4,0.05,0,44,0.53,"{""baseName"":""ドラゴンフルーツ"",""state"":""生""}",ドラゴンフルーツは果肉が消化に優しく犬に与えやすい果物素材である,7,0,0,,,,,,,,,,,,,,,,,,,,,,,,"[""ドラゴンフルーツ"",""ドラゴン フルーツ"",""ピタヤ"",""pitaya"",""pitahaya"",""dragon fruit""]",ドラゴンフルーツ,,Dragon Fruit,,42.1,,,,,,,,,FALSE,
07,07087,ドリアン　生,66.4,2.3,3.3,2.1,0.9,140,5,36,Tr,510,27,0.3,0.3,0.19,0.31,0,1,(0),(0),2.3,0.33,0.20,1.4,0.25,0,150,0.22,"{""baseName"":""ドリアン"",""state"":""生""}",ドリアンの果肉に特異な強い毒性の報告はなく使用可能だが高エネルギーである点に留意,7,0,1,,,,,,,,,,,,,,,2.64,0.28,0.12,0.16,160,120,0,0,0,"[""ドリアン"",""durian""]",ドリアン,,Durian,,123.6,,,,168192,"Durian, raw or frozen",0.91222300021967,,,FALSE,
07,07088,（なし類）　日本なし　生,88.0,0.3,0.1,0.9,0.3,38,2,11,Tr,140,5,0,0.1,0.06,0.04,0,0,(0),(0),0.1,0.02,Tr,0.2,0.02,(0),6,0.14,"{""baseName"":""日本なし"",""state"":""生"",""notes"":[""なし類""]}",日本なしの果肉は安全で水分・繊維が取れる良い素材（種・芯は除去）。,8,1,1,6.8,8.9,6.4,3.4,3.2,6.6,4.7,2.3,7.0,8.3,1.4,12,3.1,3.5,(0.05),(0.02),(0),(0.02),(23),(Tr),(0),(0),(0),"[""日本なし"",""にほんなし"",""ニホンナシ"",""梨"",""なし"",""nashi"",""pear"",""和梨"",""わなし""]",日本なし,,Japanese Pear,,38.3,5.1,09252,"Pears, raw",168177,"Pears, asian, raw",2.108546761265788,,5.1,FALSE,
07,07090,（なし類）　中国なし　生,86.8,0.2,0.1,1.4,0.2,49,2,8,1,140,5,0.1,Tr,0.05,0.03,-,-,0,(0),0.2,0.02,0.01,0.2,0.02,(0),6,0.14,"{""baseName"":""中国なし"",""state"":""生"",""notes"":[""なし類""]}",梨の果肉は消化性が良く水分・食物繊維を含む。芯・種は除去して与える。,8,1,1,(4.4),(5.9),(4.2),(2.2),(2.1),(4.4),(3.1),(1.5),(4.6),(5.2),(0.9),(7.6),(2.1),(2.3),(0.05),(0.02),(0),(0.02),(23),(Tr),(0),(0),(0),"[""中国なし"",""ちゅうごくなし"",""チュウゴクナシ"",""梨"",""なし"",""nashi"",""pear"",""Chinese pear""]",中国なし,,Chinese Pear,,41.1,5.1,09252,"Pears, raw",168177,"Pears, asian, raw",2.5984899461033133,,5.1,FALSE,
07,07091,（なし類）　西洋なし　生,84.9,0.3,0.1,1.9,0.3,48,5,13,Tr,140,4,0.1,0.1,0.12,0.04,0,0,(0),(0),0.3,0.02,0.01,0.2,0.02,(0),4,0.09,"{""baseName"":""西洋なし"",""state"":""生"",""notes"":[""なし類""]}",洋なしは犬に与えて問題ない果物で、果肉のみなら素材として適切,8,1,1,(9.2),(16),(14),(1.7),(1.7),(3.3),(9.2),(1.7),(11),(9.2),(1.7),(14),(1.7),(8.3),(0.14),(0.07),(0),(0.07),(66),(1),(0),(0),(0),"[""西洋なし"",""せいようなし"",""セイヨウナシ"",""洋梨"",""ようなし"",""pear"",""洋ナシ""]",西洋なし,,European Pear,,45.65,5.1,09252,"Pears, raw",167778,"Pears, raw, bosc (Includes foods for USDA's Food Distribution Program)",1.9662190009669098,,5.1,FALSE,
07,07095,なつめ　乾,21.0,3.9,2.0,12.5,1.7,294,65,80,3,810,39,1.5,0.8,0.24,0.46,-,-,(0),(0),0.1,0.10,0.21,1.6,0.14,0,140,0.86,"{""baseName"":""なつめ"",""state"":""乾""}",なつめ（乾燥）は果実で消化上問題なく、乾燥品として利用できる,7,0,0,,,,,,,,,,,,,,,,,,,,,,,,"[""なつめ"",""ナツメ"",""棗"",""jujube""]",なつめ,乾,Jujube,Dried,236.8,,,,,,,,,FALSE,
07,07096,なつめやし　乾,24.8,2.2,0.2,7.0,1.5,281,71,58,Tr,550,60,0.8,0.4,0.40,0.38,-,-,(0),(0),1.4,0.07,0.04,1.8,0.16,(0),19,0.94,"{""baseName"":""なつめやし"",""state"":""乾""}",デーツは果肉自体は有害でなくエネルギー源になるが糖分が高いので使用量に注意が必要,7,1,1,(44),(75),(59),(20),(60),(80),(45),(13),(58),(39),(11),(64),(29),(120),(0.04),(0.01),(Tr),(0.01),(8),(2),(0),(0),(0),"[""なつめやし"",""ナツメヤシ"",""デーツ"",""dates"",""date"",""date palm""]",デーツ,乾,Dates,Dried,234.45,6.3,09087,"Dates, deglet noor",171726,"Dates, deglet noor",1.3888296577971606,,6.3,FALSE,
07,07097,パインアップル　生,85.2,0.6,0.1,1.2,0.4,54,11,9,Tr,150,14,0.2,0.1,0.11,1.33,0,0,(0),(0),Tr,0.09,0.02,0.2,0.10,(0),12,0.23,"{""baseName"":""パインアップル"",""state"":""生""}",果肉は与えられるが酸味や酵素で消化器に刺激が出ることがあるため量に注意,7,1,1,18,24,24,11,19,30,14,14,28,18,7.0,22,11,15,(0.07),(0.05),(0.02),(0.03),(27),(20),(0),(0),(0),"[""パインアップル"",""ぱいなっぷる"",""パイナップル"",""ぱいなっぷる"",""pineapple"",""パイン""]",パイナップル,生,Pineapple,Raw,46.7,5.7,09429,"Pineapple, raw, traditional varieties",167767,"Pineapple, canned, juice pack, drained",0.8063957495494508,,5.5,TRUE,果実 > パイナップル
07,07177,パインアップル　焼き,78.2,0.9,0.2,1.7,0.5,74,16,13,Tr,190,18,0.3,0.1,0.14,1.67,0,0,(0),(0),0.1,0.11,0.02,0.3,0.12,(0),14,0.64,"{""baseName"":""パインアップル"",""state"":""焼き""}",果肉は消化に適し酵素を含む食材であり適量で安全に使える,8,1,0,(29),(39),(38),(18),(31),(49),(23),(22),(45),(28),(11),(36),(18),(25),,,,,,,,,,"[""パインアップル"",""ぱいなっぷる"",""パイナップル"",""ぱいなっぷる"",""pineapple"",""パイン""]",パイナップル,焼き,Pineapple,Grilled,69.6,5.7,09429,"Pineapple, raw, traditional varieties",168193,"Pineapple, raw, traditional varieties",1.0911890181301342,,5.6,TRUE,果実 > パイナップル
07,07099,パインアップル　果実飲料　濃縮還元ジュース,88.3,0.1,0.1,0,0.4,45,9,12,1,190,10,0.3,0.1,0.03,1.16,-,-,(0),(0),Tr,0.05,0.02,0.2,0.05,(0),7,0.17,"{""baseName"":""パインアップル"",""variety"":""果実飲料 濃縮還元ジュース""}",濃縮還元のパイナップル果実飲料は果実由来の栄養があるが糖分が高い点に注意。,7,0,1,,,,,,,,,,,,,,,(0.05),(0.04),(0.02),(0.02),(20),(15),(0),(0),(0),"[""パインアップルジュース"",""パイナップルジュース"",""パインジュース"",""pineapple juice""]",パイナップルジュース,濃縮還元,Pineapple Juice,From Concentrate,40.05,,,,,,,,,FALSE,
07,07104,ハスカップ　生,85.5,0.7,0.6,2.1,0.4,55,38,25,Tr,190,11,0.6,0.1,0.06,-,-,-,0,(0),1.1,0.02,0.03,0.5,0.04,0,7,0.29,"{""baseName"":""ハスカップ"",""state"":""生""}",ベリー類で有害成分は特にないが酸味が強い場合があるため一般的に使用可能。,7,0,0,,,,,,,,,,,,,,,,,,,,,,,,"[""ハスカップ"",""はすかっぷ"",""ハスカップベリー"",""haskap"",""honeyberry""]",ハスカップ,,Haskap,,45,,,,,,,,,FALSE,
07,07107,バナナ　生,75.4,1.1,0.2,1.1,0.8,93,6,27,Tr,360,32,0.3,0.2,0.09,0.26,0,1,(0),(0),0.5,0.05,0.04,0.7,0.38,(0),26,0.44,"{""baseName"":""バナナ"",""state"":""生""}",バナナは果肉が消化しやすく犬に与えて問題ない果物の一つ,8,1,1,35,70,51,14,15,29,36,9.2,45,35,10,49,82,45,(0.13),(0.04),(0.02),(0.03),(28),(16),(0),(0),(0),"[""バナナ"",""ばなな"",""banana""]",バナナ,,Banana,,80.45,9.8,09040,"Bananas, raw",173944,"Bananas, raw",1.1903238279962836,,9.8,TRUE,果実 > バナナ
07,07108,バナナ　乾,14.3,3.8,0.4,7.0,3.0,314,26,84,1,1300,92,1.1,0.6,0.25,1.31,-,-,(0),(0),1.4,0.07,0.12,1.4,1.04,(0),34,1.13,"{""baseName"":""バナナ"",""state"":""乾""}",乾燥バナナは可食で糖分が濃縮されているため量に注意すれば素材として利用できる。,7,1,1,(120),(240),(180),(48),(53),(100),(120),(31),(150),(110),(35),(170),(280),(150),(0.26),(0.07),(0.03),(0.05),(47),(28),(0),(0),(0),"[""ドライバナナ"",""乾燥バナナ"",""干しバナナ"",""banana chips"",""バナナ"",""ばなな"",""banana""]",ドライバナナ,,Dried Banana,,266.95,9.8,09040,"Bananas, raw",,,,,,TRUE,果実 > バナナ
07,07109,パパイア　完熟　生,89.2,0.5,0.2,2.2,0.6,33,20,11,6,210,26,0.2,0.1,0.05,0.04,0,Tr,(0),(0),0.3,0.02,0.04,0.3,0.01,(0),44,0.42,"{""baseName"":""パパイア"",""variety"":""完熟"",""state"":""生""}",完熟パパイアの果肉は消化に良い果物で犬のレシピ素材として利用可能です（皮・種は除去）。,8,1,1,(8.5),(17),(27),(2.1),(0),(2.1),(9.6),(5.3),(15),(12),(8.5),(11),(5.3),(11),(0.16),(0.04),(0.04),(0.01),(8),(36),(0),(0),(0),"[""パパイア"",""ぱぱいや"",""パパイヤ"",""papaya""]",パパイア,完熟・生,Papaya,"Ripe, Raw",29,,,,169926,"Papayas, raw",0.6368451235038448,,6.1,FALSE,
07,07114,びわ　生,88.6,0.3,0.1,1.6,0.4,41,13,9,1,160,14,0.1,0.2,0.04,0.27,0,0,(0),(0),0.1,0.02,0.03,0.2,0.06,(0),9,0.22,"{""baseName"":""びわ"",""state"":""生""}",びわの果肉は犬に与えて問題ない果物だが種は除去する必要がある,8,1,1,(10),(18),(16),(2.8),(4.2),(7.0),(9.8),(9.1),(19),(10),(3.5),(15),(4.9),(9.8),(0.07),(0.05),(0.01),(0.04),(39),(7),(0),(0),(0),"[""びわ"",""ビワ"",""枇杷"",""びわ"",""loquat""]",びわ,生,Loquat,Raw,33.4,,,,169118,"Pears, raw",1.3272484488979093,,5.1,FALSE,
07,07115,びわ　缶詰,79.6,0.3,0.1,0.6,0.2,80,22,3,2,60,5,0.1,0.1,0.17,0.10,-,-,(0),(0),0.2,0.01,0.01,0.2,0.02,(0),9,0,"{""baseName"":""びわ"",""state"":""缶詰""}",びわの缶詰（シロップ漬）。果肉自体は利用可能だがシロップ（糖分）が多い点を考慮。,7,1,1,(10),(18),(16),(2.8),(4.2),(7.0),(9.8),(9.1),(19),(10),(3.5),(15),(4.9),(9.8),(0.07),(0.05),(0.01),(0.04),(39),(7),(0),(0),(0),"[""びわ缶詰"",""びわ缶"",""びわ"",""loquat""]",びわ,缶詰,Loquat,Canned,69.1,,,,169119,"Pears, canned, water pack, solids and liquids",2.21462044373873,,3.4,FALSE,
07,07124,ブルーベリー　生,86.4,0.5,0.1,3.3,0.1,48,8,9,1,70,5,0.2,0.1,0.04,0.26,0,0,(0),(0),1.7,0.03,0.03,0.2,0.05,0,12,0.12,"{""baseName"":""ブルーベリー"",""state"":""生""}",ブルーベリーは抗酸化物質が豊富で犬に与えて良い果物。,9,1,1,(16),(30),(8.8),(8.1),(5.4),(14),(18),(6.1),(24),(14),(2.0),(21),(7.4),(25),(0.07),(0.04),(0.02),(0.03),(27),(18),(0),(0),(0),"[""ブルーベリー"",""ぶるーべりー"",""blueberry""]",ブルーベリー,,Blueberry,,36.2,6,09050,"Blueberries, raw",171722,"Cranberries, raw",0.9666534162565681,,5.5,TRUE,果実 > ブルーベリー
07,07172,ブルーベリー　乾,21.9,2.7,1.9,17.6,1.0,280,43,63,4,400,28,1.2,0.4,0.23,1.94,(0),(0),(0),(0),5.1,0.12,0.10,1.5,0.20,(0),13,0.26,"{""baseName"":""ブルーベリー"",""state"":""乾""}",ブルーベリーは犬に安全で抗酸化物質を含むが、乾燥により糖分が濃縮される点に留意。,7,1,1,(83),(160),(47),(43),(29),(72),(94),(33),(130),(72),(11),(110),(40),(130),(1.43),(0.98),(0.12),(0.86),(860),(120),(0),(0),(0),"[""ドライブルーベリー"",""乾燥ブルーベリー"",""ドライベリー"",""dried blueberry"",""ブルーベリー""]",ドライブルーベリー,,Dried Blueberry,,217.75,6,09050,"Blueberries, raw",168158,"Blueberries, dried, sweetened",1.010757510925035,,18.5,TRUE,果実 > ブルーベリー
07,07128,ホワイトサポテ　生,79.0,1.5,0.1,3.1,0.5,73,13,28,Tr,220,17,0.2,0.2,0.09,0.09,-,-,(0),(0),0.4,0.05,0.05,0.6,0.06,0,36,0.22,"{""baseName"":""ホワイトサポテ"",""state"":""生""}",ホワイトサポテの果肉は食用で安全だが、果皮や種子は除去する必要がある。,7,1,0,(63),(76),(76),(25),(12),(37),(63),(51),(110),(88),(51),(76),(51),(51),,,,,,,,,,"[""ホワイトサポテ"",""ほわいとさぽて"",""サポテ"",""white sapote""]",ホワイトサポテ,,White Sapote,,61.4,,,,174677,"Grapefruit, raw, white, California",1.4963895264138276,,,FALSE,
07,07130,まくわうり　黄肉種　生,90.8,0.8,0.1,1.0,0.5,34,6,8,1,280,12,0.2,0.1,0.02,0.05,-,-,(0),(0),0.1,0.03,0.03,0.8,0.06,(0),50,0.16,"{""baseName"":""まくわうり"",""variety"":""黄肉種"",""state"":""生""}",まくわうりの果肉は水分・繊維が豊富で安全（果皮・種子は除く）。,8,1,0,(20),(28),(29),(11),(1.9),(13),(22),(13),(35),(16),(1.9),(31),(14),(28),,,,,,,,,,"[""まくわうり"",""マクワウリ"",""まくわうり"",""makuwauri"",""oriental melon"",""makuwa melon""]",まくわうり,黄肉種・生,Makuwauri,"Yellow Flesh, Raw",27.45,7.6,09181,"Melons, cantaloupe, raw",169911,"Melons, honeydew, raw",1.0609642495809597,,7.6,FALSE,
07,07173,まくわうり　白肉種　生,90.8,0.8,0.1,1.0,0.5,34,6,8,1,280,12,0.2,0.1,0.02,0.05,-,-,(0),(0),0.1,0.03,0.03,0.8,0.06,(0),50,0.16,"{""baseName"":""まくわうり"",""variety"":""白肉種"",""state"":""生""}",まくわうり（果肉）は水分と微量栄養素があり犬に与えて問題ない果物素材,8,1,0,(20),(28),(29),(11),(1.9),(13),(22),(13),(35),(16),(1.9),(31),(14),(28),,,,,,,,,,"[""まくわうり"",""マクワウリ"",""まくわうり"",""makuwauri"",""oriental melon"",""makuwa melon""]",まくわうり,白肉種・生,Makuwauri,"White Flesh, Raw",27.45,7.6,09181,"Melons, cantaloupe, raw",169911,"Melons, honeydew, raw",1.0609642495809597,,7.6,FALSE,
07,07131,マルメロ　生,84.2,0.3,0.1,5.1,0.3,48,11,14,1,160,7,0.1,0.2,0.05,0.02,-,-,(0),(0),1.0,0.02,0.02,0.2,0.05,0,12,0.25,"{""baseName"":""マルメロ"",""state"":""生""}",果肉は犬に問題なく使用できる果物。果皮・芯は廃棄表記があり果肉利用に適する。,7,0,1,,,,,,,,,,,,,,,(0.10),(0.05),(0),(0.05),(49),(0),(0),(0),(0),"[""マルメロ"",""まるめろ"",""quince""]",マルメロ,,Quince,,36.9,,,,167778,"Pears, raw, bosc (Includes foods for USDA's Food Distribution Program)",0.8190631616730893,,5.1,FALSE,
07,07132,マンゴー　生,82.0,0.6,0.1,1.3,0.4,68,15,12,1,170,12,0.2,0.1,0.08,0.10,0,0,(0),(0),1.8,0.04,0.06,0.7,0.13,(0),84,0.22,"{""baseName"":""マンゴー"",""state"":""生""}",マンゴーの果肉はビタミンや食物繊維があり犬に与えられる（種・皮は除く）,8,1,1,(26),(41),(38),(11),(12),(23),(24),(15),(39),(24),(9.0),(30),(14),(33),(0.08),(0.02),(0.01),(0.01),(5),(13),(0),(0),(0),"[""マンゴー"",""まんごー"",""mango""]",マンゴー,,Mango,,57.55,1.5,09436,"Mango nectar, canned",167795,"Fruit juice smoothie, NAKED JUICE, MIGHTY MANGO",1.170588645843525,,,TRUE,果実 > マンゴー
07,07179,マンゴー　ドライマンゴー,9.3,3.1,0.7,6.4,2.1,339,37,81,1,1100,57,0.5,0.6,0.20,0.53,2,2,(0),(0),6.8,0.27,0.21,3.4,0.43,(0),260,0.46,"{""baseName"":""マンゴー"",""variety"":""ドライマンゴー""}",マンゴーの果肉は犬に安全だがドライは糖が凝縮しているので量に注意。,7,1,1,120,210,170,48,50,98,140,83,220,130,32,160,87,180,0.32,0.07,0.03,0.03,32,33,0,0,0,"[""ドライマンゴー"",""乾燥マンゴー"",""ドライマンゴ"",""dried mango"",""マンゴー"",""mango""]",ドライマンゴー,,Dried Mango,,291.2,1.5,09436,"Mango nectar, canned",167795,"Fruit juice smoothie, NAKED JUICE, MIGHTY MANGO",1.6886992500381306,,,TRUE,果実 > マンゴー
07,07133,マンゴスチン　生,81.5,0.6,0.2,1.4,0.2,71,6,12,1,100,18,0.1,0.2,0.07,0.35,0,1,(0),(0),0.6,0.11,0.03,0.5,0.04,0,20,0.33,"{""baseName"":""マンゴスチン"",""state"":""生""}",マンゴスチンの果肉は一般に問題なく与えられる果物で、素材として使用可能,7,0,0,,,,,,,,,,,,,,,,,,,,,,,,"[""マンゴスチン"",""まんごすちん"",""mangosteen""]",マンゴスチン,,Mangosteen,,60.15,,,,,,,,,FALSE,
07,07134,メロン　温室メロン　生,87.8,1.1,0.1,0.5,0.7,40,8,21,7,340,13,0.3,0.2,0.05,0.04,0,2,(0),(0),0.2,0.06,0.02,0.5,0.10,(0),32,0.19,"{""baseName"":""メロン"",""variety"":""温室メロン"",""state"":""生""}",果肉は水分・ビタミン補給に良いおやつ。種子・果皮は除去して与える。,8,1,1,(17),(25),(23),(6.7),(13),(19),(20),(9.4),(30),(23),(8.2),(29),(16),(20),(0.07),(0.04),(0.02),(0.02),(19),(24),(0),(0),(0),"[""メロン"",""めろん"",""melon"",""温室メロン"",""ハウスメロン""]",温室メロン,生,Greenhouse Melon,Raw,39,7.6,09181,"Melons, cantaloupe, raw",169092,"Melons, cantaloupe, raw",1.1793406459532194,,7.6,TRUE,果実 > メロン
07,07135,メロン　露地メロン　緑肉種　生,87.9,1.0,0.1,0.5,0.6,45,6,13,6,350,12,0.2,0.2,0.04,0.02,0,1,(0),(0),0.2,0.05,0.02,0.8,0.11,(0),24,0.16,"{""baseName"":""メロン"",""variety"":""露地メロン 緑肉種"",""state"":""生""}",メロンの果肉は水分と糖分を含む安全な果物でレシピ素材に適する,8,1,1,16,23,22,6.1,12,18,19,8.9,27,23,7.5,28,14,19,(0.07),(0.04),(0.02),(0.02),(19),(24),(0),(0),(0),"[""メロン"",""めろん"",""melon"",""露地メロン"",""グリーンメロン"",""緑肉メロン""]",露地メロン,緑肉種・生,Field Melon,"Green Flesh, Raw",39,7.6,09181,"Melons, cantaloupe, raw",169911,"Melons, honeydew, raw",1.0925441258050095,,7.6,TRUE,果実 > メロン
07,07174,メロン　露地メロン　赤肉種　生,87.9,1.0,0.1,0.5,0.6,45,6,13,6,350,12,0.2,0.2,0.04,0.02,0,1,(0),(0),0.2,0.05,0.02,0.8,0.11,(0),24,0.16,"{""baseName"":""メロン"",""variety"":""露地メロン 赤肉種"",""state"":""生""}",果肉は犬に安全なメロン類で、種や皮を除けば素材として適している,8,1,0,(16),(23),(22),(6.1),(12),(18),(19),(8.9),(27),(23),(7.5),(28),(14),(19),,,,,,,,,,"[""メロン"",""めろん"",""メロン"",""melon"",""露地メロン"",""赤肉メロン""]",メロン,露地・赤肉種,Melon,"Field-grown, Red-fleshed",39,7.6,09181,"Melons, cantaloupe, raw",169092,"Melons, cantaloupe, raw",1.0786449318720475,,7.6,TRUE,果実 > メロン
07,07136,（もも類）　もも　白肉種　生,88.7,0.6,0.1,1.3,0.4,38,4,18,1,180,7,0.1,0.1,0.05,0.04,0,0,(0),(0),0.7,0.01,0.01,0.6,0.02,(0),5,0.13,"{""baseName"":""白肉種"",""part"":""もも"",""state"":""生"",""notes"":[""もも類""]}",ももの果肉は犬に与えて問題ない良い果物素材（種は除去前提）,8,1,1,10,16,17,3.5,5.1,8.7,9.0,5.7,15,15,2.4,14,7.8,8.4,(0.07),(0.03),(0),(0.03),(34),(1),(0),(0),(0),"[""もも"",""モモ"",""桃"",""peach"",""白桃"",""はくとう"",""ハクトウ""]",もも,白肉種,Peach,White-fleshed,34.1,6.1,09236,"Peaches, raw",169930,"Peaches, canned, juice pack, solids and liquids",2.0436453752432406,,4.1,TRUE,果実 > もも
07,07184,（もも類）　もも　黄肉種　生,85.4,0.5,0.2,1.9,0.4,48,3,21,0,210,6,0.1,0.1,0.06,0.03,0,0,-,-,1.3,0.02,0.02,0.7,0.01,0,8,0.15,"{""baseName"":""黄肉種"",""part"":""もも"",""state"":""生"",""notes"":[""もも類""]}",黄肉種のもも果肉は犬に与えやすい果物（種・皮は除去）。,8,1,1,16,18,18,3.5,5.9,9.3,10,8.6,19,14,3.2,14,8.4,11,0.05,0.02,0.01,0.02,17,6,0,0,0,"[""もも"",""モモ"",""桃"",""peach"",""黄桃"",""おうとう"",""オウトウ""]",もも,黄肉種,Peach,Yellow-fleshed,44.05,6.1,09236,"Peaches, raw",168181,"Peaches, canned, heavy syrup, drained",1.7704606290460874,,3.8,TRUE,果実 > もも
07,07138,（もも類）　もも　缶詰　白肉種　果肉,78.5,0.5,0.1,1.4,0.3,82,3,9,4,80,4,0.2,0.2,0.04,0.03,-,-,(0),(0),1.2,0.01,0.02,0.3,0.01,(0),4,0.07,"{""baseName"":""白肉種"",""variety"":""果肉"",""part"":""もも"",""state"":""缶詰"",""notes"":[""もも類""]}",缶詰の桃果肉は種がなく与えやすい果物だがシロップの糖分を含む加工品である,7,1,1,(8.5),(14),(14),(3.0),(4.3),(7.2),(7.5),(4.8),(12),(12),(2.0),(12),(6.5),(7.0),(0.07),(0.04),(0),(0.04),(37),(0),(0),(0),(0),"[""もも缶詰"",""桃缶詰"",""もも缶"",""桃缶"",""canned peach"",""canned peaches"",""缶詰もも""]",もも缶詰,白肉種・果肉,Canned Peach,"White-fleshed, Pieces",69.8,3.8,09370,"Peaches, canned, heavy syrup, drained, solids",169929,"Peaches, canned, water pack, solids and liquids",1.2561984588038766,,4.1,TRUE,果実 > もも
07,07139,（もも類）　もも　缶詰　液汁,79.5,0.3,0.1,0.3,0.3,81,2,7,4,80,4,0.2,0.1,0.04,0.03,-,-,0,(0),0,0.01,0.01,0.3,0.01,(0),3,0,"{""baseName"":""液汁"",""part"":""もも"",""state"":""缶詰"",""notes"":[""もも類""]}",缶詰ももの果肉・液汁は果実として与えられるが糖分を含む加工品である,7,0,0,,,,,,,,,,,,,,,,,,,,,,,,"[""もも缶詰"",""桃缶詰"",""ももシロップ"",""桃シロップ"",""canned peach"",""peach syrup""]",もも缶詰,缶詰・液汁,Canned Peach,Syrup,70.15,2.7,98114,"Peaches, canned in heavy syrup, drained liquid",169929,"Peaches, canned, water pack, solids and liquids",1.5351315985749596,,4.1,TRUE,果実 > もも
07,07140,（もも類）　ネクタリン　生,87.8,0.7,0.3,1.7,0.5,39,5,16,1,210,10,0.2,0.1,0.08,0.06,-,-,(0),(0),1.4,0.02,0.03,0.7,0.01,(0),12,0.20,"{""baseName"":""ネクタリン"",""state"":""生"",""notes"":[""もも類""]}",ネクタリンの果肉は安全で、種や果皮を除けば犬の果物素材として適切。,8,1,1,(5.9),(9.2),(11),(4.0),(3.3),(7.3),(14),(4.6),(18),(5.9),(3.3),(8.6),(5.3),(5.9),(0.21),(0.11),(Tr),(0.10),(100),(2),(0),(0),(0),"[""ネクタリン"",""ねくたりん"",""ネクタリン"",""nectarine"",""ネクタリン もも類"",""ネクタリン もも""]",ネクタリン,,Nectarine,,36.5,6.2,09191,"Nectarines, raw",,,,,,TRUE,果実 > もも
07,07141,やまもも　生,87.8,0.5,0.2,1.1,0.2,47,4,5,4,120,7,0.4,0.1,0.03,0.22,-,-,(0),(0),0.3,0.04,0.03,0.3,0.05,0,26,0.21,"{""baseName"":""やまもも"",""state"":""生""}",やまもも（果肉）は一般に与えて問題ない果物で素材として使用可能,7,0,0,,,,,,,,,,,,,,,,,,,,,,,,"[""やまもも"",""ヤマモモ"",""山桃"",""bayberry"",""yamamomo"",""ヤマモモ 山桃""]",やまもも,,Yamamomo,Japanese Bayberry,39.15,,,,,,,,,FALSE,
07,07146,ラズベリー　生,88.2,1.1,0.1,4.7,0.4,36,22,29,1,150,21,0.7,0.4,0.12,0.50,-,-,(0),(0),0.8,0.02,0.04,0.6,0.07,0,38,0.43,"{""baseName"":""ラズベリー"",""state"":""生""}",ラズベリーは抗酸化物質を含む安全な果実で、適量であれば犬のレシピ素材として適している。,8,0,0,,,,,,,,,,,,,,,,,,,,,,,,"[""ラズベリー"",""らずべりー"",""ラズベリー"",""raspberry"",""木苺"",""木いちご""]",ラズベリー,,Raspberry,,23.95,12,09302,"Raspberries, raw",,,,,,TRUE,果実 > ラズベリー
07,07147,りゅうがん　乾,19.4,5.1,0.4,2.8,2.2,310,30,94,2,1000,43,1.7,0.7,0.68,0.20,-,-,0,(0),0.1,0.03,0.74,2.5,0.20,(0),20,0,"{""baseName"":""りゅうがん"",""state"":""乾""}",竜眼（乾）は果肉自体は問題ないが、乾燥品は糖分が凝縮している点に注意が必要です。,7,1,1,(100),(210),(180),(51),(0),(51),(120),(97),(210),(130),(0),(230),(47),(140),(0.32),(0.12),(0.06),(0.06),(61),(59),(0),(0),(0),"[""りゅうがん"",""リュウガン"",""龍眼"",""longan"",""ロンガン""]",りゅうがん,乾燥,Longan,Dried,266.6,,,,,,,,,FALSE,
07,07148,りんご　皮なし　生,84.1,0.1,0.2,1.4,0.2,53,3,12,Tr,120,3,0.1,Tr,0.05,0.02,0,0,(0),(0),0.1,0.02,Tr,0.1,0.04,(0),2,0.03,"{""baseName"":""りんご"",""formModifiers"":[""皮なし""],""state"":""生""}",りんごの果肉は犬に安全な果物で、皮・芯が除去されているため与えやすい,9,1,1,3.8,5.7,5.0,1.7,2.3,4.0,3.1,1.3,4.4,3.8,0.9,4.3,2.1,2.7,0.05,0.03,Tr,0.03,29,2,-,-,0,"[""りんご"",""リンゴ"",""林檎"",""apple""]",りんご,皮なし・生,Apple,"Peeled, Raw",51.05,3.4,09003,"Apples, raw, with skin",,,,,,TRUE,果実 > りんご
07,07176,りんご　皮つき　生,83.1,0.2,0.3,1.9,0.2,56,4,12,Tr,120,5,0.1,0.1,0.05,0.04,0,0,(0),(0),0.4,0.02,0.01,0.1,0.04,(0),3,0.05,"{""baseName"":""りんご"",""formModifiers"":[""皮つき""],""state"":""生""}",りんごの果肉はビタミン・食物繊維が豊富で安全。芯と種は除去する必要がある,9,1,1,(3.5),(7.5),(6.9),(0.6),(0.6),(1.2),(3.5),(0.6),(4.0),(3.5),(0.6),(6.9),(2.9),(3.5),(0.13),(0.08),(0.01),(0.06),(63),(13),(0),(0),(0),"[""りんご"",""リンゴ"",""林檎"",""apple""]",りんご,皮つき・生,Apple,"With Skin, Raw",53.3,3.4,09003,"Apples, raw, with skin",,,,,,TRUE,果実 > りんご
07,07180,りんご　皮つき　焼き,77.2,0.2,0.4,2.5,0.3,86,5,17,1,170,7,0.1,0.1,0.07,0.05,1,0,(0),(0),0.7,0.03,0.01,0.1,0.06,(0),4,0.05,"{""baseName"":""りんご"",""formModifiers"":[""皮つき""],""state"":""焼き""}",焼きりんごは消化しやすく果肉は犬に適する（芯・種は除去）,8,1,0,(5.4),(12),(11),(0.9),(0.9),(1.8),(5.4),(0.9),(6.3),(5.4),(0.9),(11),(4.5),(5.4),,,,,,,,,,"[""りんご"",""リンゴ"",""林檎"",""apple""]",りんご,皮つき・焼き,Apple,"With Skin, Baked",72,3.4,09003,"Apples, raw, with skin",,,,,,TRUE,果実 > りんご
07,07149,りんご　果実飲料　ストレートジュース,87.7,0.2,0.1,Tr,0.2,43,2,6,3,77,3,0.4,Tr,0.03,0.03,0,0,(0),(0),0.1,0.01,0.01,0.1,0.03,(0),3,0.21,"{""baseName"":""りんご"",""variety"":""果実飲料 ストレートジュース""}",りんご由来のストレートジュースは果実由来で犬に与えやすく栄養源として適切（糖分は適量で）。,8,0,1,,,,,,,,,,,,,,,(0.03),(0.02),(Tr),(0.02),(19),(1),-,-,(0),"[""りんごジュース"",""アップルジュース"",""apple juice"",""りんご"",""apple""]",りんごジュース,ストレート,Apple Juice,Not from Concentrate,42.85,1.8,98005,"Apple juice, calcium enriched with added vitamin C",,,,,,TRUE,飲料・液体 > アップルジュース
07,07153,りんご　缶詰,79.4,0.3,0.1,0.4,0.1,81,4,4,2,30,2,0.2,0.1,0.02,0.01,-,-,0,(0),0.1,0.01,0.01,0.1,0.01,(0),3,0,"{""baseName"":""りんご"",""state"":""缶詰""}",りんごの果肉は犬に適するが缶詰は加工糖分が多い点に注意,8,1,1,(12),(18),(18),(3.3),(3.3),(6.7),(8.3),(5.0),(13),(12),(3.3),(13),(5.0),(10),(0.03),(0.02),(Tr),(0.02),(19),(1),-,-,(0),"[""りんご缶詰"",""リンゴ缶詰"",""りんご缶"",""apple canned"",""canned apple"",""缶詰りんご""]",りんご缶詰,,Canned Apple,,70.85,3.4,09003,"Apples, raw, with skin",,,,,,TRUE,果実 > りんご缶詰
08,08001,えのきたけ　生,88.6,2.7,0.2,3.9,0.9,34,Tr,110,2,340,15,1.1,0.6,0.10,0.07,0,1,0,0.9,0,0.24,0.17,6.8,0.12,(0),75,1.40,"{""baseName"":""えのきたけ"",""state"":""生""}",えのきは食用のきのこで一般に安全に使える,8,1,1,80,130,120,24,26,50,110,86,200,100,34,100,69,89,0.10,0.08,0.02,0.05,51,24,0,0,0,"[""えのきたけ"",""えのき"",""エノキタケ"",""エノキ"",""榎茸"",""enoki"",""enokitake"",""enoki mushroom""]",えのき,生,Enoki Mushroom,Fresh,24.1,17,11260,"Mushrooms, raw",169382,"Mushrooms, enoki, raw",0.5044330791936487,,47.7,TRUE,野菜 > エノキ
08,08002,えのきたけ　ゆで,88.6,2.8,0.1,4.5,0.7,34,Tr,110,2,270,11,1.0,0.6,0.06,0.05,(0),2,0,0.8,(0),0.19,0.13,3.7,0.09,(0),30,0.96,"{""baseName"":""えのきたけ"",""state"":""ゆで""}",ゆでえのきだけは消化しやすいきのこ類で、加熱済みで犬に与えやすい素材である。,8,1,1,(81),(130),(120),(25),(27),(51),(110),(86),(200),(100),(35),(100),(71),(91),(0.05),(0.04),(0.01),(0.03),(26),(12),(0),(0),(0),"[""えのきたけ"",""えのき"",""エノキタケ"",""エノキ"",""榎茸"",""enoki"",""enokitake"",""enoki mushroom""]",えのき,ゆで,Enoki Mushroom,Boiled,22.2,17,11260,"Mushrooms, raw",,,,,,TRUE,野菜 > エノキ
08,08037,えのきたけ　油いため,83.3,3.0,3.9,4.6,1.0,71,Tr,120,3,380,16,1.2,0.6,0.11,0.08,-,-,(0),0.8,(0.6),0.26,0.18,7.2,0.10,(0),47,1.47,"{""baseName"":""えのきたけ"",""state"":""油いため""}",えのきは犬が食べられるキノコであるが、油いためは脂質が増えるため調整が必要,8,1,1,(86),(140),(130),(26),(28),(55),(120),(91),(210),(110),(37),(110),(75),(97),(3.52),(1.04),(0.30),(0.74),(740),(300),(0),(0),(0),"[""えのきたけ"",""えのき"",""エノキタケ"",""エノキ"",""榎茸"",""enoki"",""enokitake"",""enoki mushroom""]",えのき,油いため,Enoki Mushroom,Stir-fried in Oil,58.35,17,11260,"Mushrooms, raw",169382,"Mushrooms, enoki, raw",0.9617550278432175,,47.7,TRUE,野菜 > エノキ
08,08054,（きくらげ類）　あらげきくらげ　生,93.6,0.7,0.1,5.6,0.2,14,10,16,7,59,9,0.1,0.1,0.01,0.02,Tr,1,(0),0.1,(0),-,0.05,0.4,0.01,Tr,5,0.10,"{""baseName"":""あらげきくらげ"",""state"":""生"",""notes"":[""きくらげ類""]}",きくらげは毒性がなく食物繊維が豊富で犬の素材として適している,8,1,1,26,47,29,6.2,8.5,15,28,19,46,40,11,39,16,40,0.05,0.02,0,0.02,23,1,0,0,0,"[""あらげきくらげ"",""あらげきくらげ"",""アラゲキクラゲ"",""きくらげ"",""キクラゲ"",""木耳"",""wood ear"",""wood ear mushroom"",""auricularia""]",きくらげ,生,Wood Ear Mushroom,Fresh,3.3,17,11260,"Mushrooms, raw",,,,,,TRUE,野菜 > きくらげ
08,08004,（きくらげ類）　あらげきくらげ　乾,13.1,6.9,0.7,79.5,2.2,184,82,110,46,630,110,10.0,0.8,0.18,1.15,25,10,(0),130.0,(0),0.01,0.44,1.7,0.08,(0),15,0.61,"{""baseName"":""あらげきくらげ"",""state"":""乾"",""notes"":[""きくらげ類""]}",乾燥あらげきくらげは食物繊維が豊富な安全なきのこ類で素材として使いやすい,8,1,1,220,440,230,62,87,150,310,160,470,370,130,340,130,300,0.38,0.19,0.01,0.18,180,12,0,0,0,"[""あらげきくらげ"",""あらげきくらげ"",""アラゲキクラゲ"",""きくらげ"",""キクラゲ"",""木耳"",""wood ear"",""wood ear mushroom"",""auricularia""]",きくらげ,乾燥,Wood Ear Mushroom,Dried,30.1,17,11260,"Mushrooms, raw",168581,,,,,TRUE,野菜 > きくらげ
08,08005,（きくらげ類）　あらげきくらげ　ゆで,82.3,1.2,0.1,16.3,0.3,38,35,11,10,75,24,1.7,0.1,0.04,0.20,1,2,(0),25.0,(0),0,0.07,0.1,0.01,(0),1,0,"{""baseName"":""あらげきくらげ"",""state"":""ゆで"",""notes"":[""きくらげ類""]}",ゆでたきくらげは食物繊維が豊富で加熱済みのため素材として適している,8,1,1,(37),(75),(40),(11),(15),(26),(53),(26),(79),(60),(23),(56),(23),(51),(0.06),(0.03),(Tr),(0.03),(26),(2),(0),(0),(0),"[""あらげきくらげ"",""あらげきくらげ"",""アラゲキクラゲ"",""きくらげ"",""キクラゲ"",""木耳"",""wood ear"",""wood ear mushroom"",""auricularia""]",きくらげ,ゆで,Wood Ear Mushroom,Boiled,5.05,17,11260,"Mushrooms, raw",,,,,,TRUE,野菜 > きくらげ
08,08038,（きくらげ類）　あらげきくらげ　油いため,64.2,2.3,5.2,28.6,0.6,110,29,18,11,130,37,4.3,0.3,0.06,0.33,-,-,(0),38.0,(0.8),0,0.11,0.1,0.02,(0),4,0.06,"{""baseName"":""あらげきくらげ"",""state"":""油いため"",""notes"":[""きくらげ類""]}",あらげきくらげ（油いため）は栽培されたきくらげで安全性が高く使用可能,7,1,1,(70),(140),(76),(20),(28),(49),(100),(50),(150),(110),(43),(110),(44),(97),(4.75),(1.36),(0.38),(0.98),(980),(380),(0),(0),(0),"[""あらげきくらげ"",""アラゲキクラゲ"",""きくらげ"",""キクラゲ"",""木耳"",""wood ear"",""wood ear mushroom"",""auricularia""]",あらげきくらげ,油いため,Wood Ear Mushroom,"Arage, Stir-fried",52.25,,,,,,,,,TRUE,野菜 > きくらげ
08,08006,（きくらげ類）　きくらげ　乾,14.9,7.9,2.1,57.4,4.0,216,310,230,59,1000,210,35.0,2.1,0.31,6.18,7,9,(0),85.0,0,0.19,0.87,3.2,0.10,(0),87,1.14,"{""baseName"":""きくらげ"",""state"":""乾"",""notes"":[""きくらげ類""]}",きくらげ（乾）は食物繊維源として問題なく使用できます。,8,1,1,260,500,340,90,92,180,310,220,530,430,140,370,200,370,1.24,0.62,0.01,0.60,600,14,0,0,0,"[""きくらげ"",""キクラゲ"",""木耳"",""干しきくらげ"",""干しキクラゲ"",""dried wood ear"",""dried wood ear mushroom"",""auricularia""]",きくらげ,乾,Dried Wood Ear,,93.45,,,,168581,"Fungi, Cloud ears, dried",1.9224515283205825,,,TRUE,野菜 > きくらげ
08,08007,（きくらげ類）　きくらげ　ゆで,93.8,0.6,0.2,5.2,0.2,14,25,10,9,37,27,0.7,0.2,0.03,0.53,0,Tr,(0),8.8,(0),0.01,0.06,Tr,0.01,(0),2,0,"{""baseName"":""きくらげ"",""state"":""ゆで"",""notes"":[""きくらげ類""]}",ゆできくらげ。食物繊維が豊富で調理済みのため利用しやすい素材。,8,1,1,(19),(38),(26),(6.7),(6.9),(14),(23),(16),(39),(30),(10),(27),(15),(27),(0.12),(0.06),(Tr),(0.06),(58),(1),(0),(0),(0),"[""きくらげ"",""キクラゲ"",""木耳"",""wood ear"",""wood ear mushroom"",""auricularia""]",きくらげ,ゆで,Wood Ear Mushroom,Boiled,3.8,,,,,,,,,TRUE,野菜 > きくらげ
08,08008,（きくらげ類）　しろきくらげ　乾,14.6,4.9,0.7,68.7,5.3,170,240,260,28,1400,67,4.4,3.6,0.10,0.18,0,1,0,15.0,(0),0.12,0.70,2.2,0.10,(0),76,1.37,"{""baseName"":""しろきくらげ"",""state"":""乾"",""notes"":[""きくらげ類""]}",しろきくらげの乾物は安全な食用キノコで食物繊維源として利用できる,8,1,1,160,270,210,57,110,170,170,180,360,250,89,220,90,350,0.48,0.15,Tr,0.15,150,1,0,0,0,"[""しろきくらげ"",""シロキクラゲ"",""白きくらげ"",""白木耳"",""雪耳"",""snow fungus"",""white fungus"",""tremella"",""tremella fuciformis""]",しろきくらげ,乾,Dried Snow Fungus,,43.4,,,,,,,,,TRUE,野菜 > きくらげ
08,08009,（きくらげ類）　しろきくらげ　ゆで,92.6,0.4,Tr,6.4,0.3,15,27,11,2,79,8,0.2,0.3,0.01,0.01,0,0,0,1.2,(0),0,0.05,Tr,0.01,(0),1,0,"{""baseName"":""しろきくらげ"",""state"":""ゆで"",""notes"":[""きくらげ類""]}",しろきくらげ（ゆで）は食物繊維や食感の素材として利用可能で安全性が高い,8,1,0,(13),(22),(17),(4.6),(8.9),(14),(14),(14),(29),(19),(7.2),(18),(7.3),(28),,,,,,,,,,"[""しろきくらげ"",""シロキクラゲ"",""白きくらげ"",""白木耳"",""雪耳"",""snow fungus"",""white fungus"",""tremella"",""tremella fuciformis""]",しろきくらげ,ゆで,Snow Fungus,Boiled,2.45,,,,,,,,,TRUE,野菜 > きくらげ
08,08010,くろあわびたけ　生,90.2,3.7,0.4,4.1,0.8,28,2,100,3,300,18,0.5,0.7,0.15,0.07,0,3,0,0.3,0,0.21,0.22,2.9,0.09,(0),65,1.32,"{""baseName"":""くろあわびたけ"",""state"":""生""}",くろあわびたけなどの栽培食用きのこは一般に犬が摂取して問題ない素材である。,8,1,1,(120),(190),(160),(28),(31),(59),(130),(110),(240),(140),(42),(150),(73),(180),(0.15),(0.11),(0),(0.11),(110),(Tr),(0),(0),(0),"[""くろあわびたけ"",""クロアワビタケ"",""黒あわびたけ"",""黒あわび茸"",""あわびたけ"",""アワビタケ"",""あわび茸"",""abalone mushroom"",""abalone fungus"",""abalone mushroom black""]",くろあわびたけ,生,Black Abalone Mushroom,Raw,19.15,17,11260,"Mushrooms, raw",169403,"Mushrooms, maitake, raw",1.702838005154824,,51.1,FALSE,
08,08039,しいたけ　生しいたけ　菌床栽培　生,89.6,3.1,0.3,4.9,0.6,25,1,87,1,290,14,0.4,0.9,0.10,0.21,0,5,0,0.3,0,0.13,0.21,3.4,0.21,0,49,1.21,"{""baseName"":""しいたけ"",""variety"":""生しいたけ"",""productionMethod"":""菌床栽培"",""state"":""生""}",生しいたけは食用きのこで風味と食物繊維を提供する安全な素材,8,1,1,110,160,150,28,21,48,100,77,180,130,39,130,59,140,0.19,0.15,0,0.15,150,Tr,0,0,0,"[""しいたけ"",""シイタケ"",""椎茸"",""shiitake"",""shiitake mushroom"",""菌床しいたけ"",""菌床椎茸""]",しいたけ,菌床栽培・生,Shiitake,"Substrate-grown, Raw",18.65,17,11260,"Mushrooms, raw",169242,"Mushrooms, shiitake, raw",1.602855845491242,,,TRUE,野菜 > しいたけ
08,08040,しいたけ　生しいたけ　菌床栽培　ゆで,91.5,2.5,0.4,4.4,0.5,22,1,65,1,200,11,0.3,0.8,0.06,0.16,-,-,(0),0.5,(0),0.08,0.11,2.0,0.12,(0),14,0.71,"{""baseName"":""しいたけ"",""variety"":""生しいたけ"",""productionMethod"":""菌床栽培"",""state"":""ゆで""}",栽培椎茸のゆで品は安全なきのこ類で犬のレシピ素材として適切,8,1,1,(83),(130),(120),(22),(17),(39),(82),(60),(140),(100),(32),(100),(47),(110),(0.25),(0.19),(0),(0.19),(190),(Tr),(0),(0),(0),"[""しいたけ"",""シイタケ"",""椎茸"",""shiitake"",""shiitake mushroom"",""菌床しいたけ"",""菌床椎茸""]",しいたけ,菌床栽培・ゆで,Shiitake,"Substrate-grown, Boiled",14.6,17,11260,"Mushrooms, raw",168437,"Mushrooms, shiitake, cooked, without salt",2.4557305769066438,,36.8,TRUE,野菜 > しいたけ
08,08041,しいたけ　生しいたけ　菌床栽培　油いため,84.7,3.3,4.1,4.7,0.7,65,2,92,1,300,16,0.4,1.0,0.09,0.24,-,-,(0),0.5,(0.6),0.16,0.18,3.3,0.18,(0),20,1.28,"{""baseName"":""しいたけ"",""variety"":""生しいたけ"",""productionMethod"":""菌床栽培"",""state"":""油いため""}",しいたけ（油炒め）は栽培しいたけは一般に安全な野菜性素材だが油調理で脂質が増す,7,1,1,(110),(170),(160),(28),(21),(50),(110),(77),(180),(130),(41),(130),(61),(140),(3.66),(1.13),(0.28),(0.85),(850),(280),(0),(0),(0),"[""しいたけ"",""シイタケ"",""椎茸"",""shiitake"",""shiitake mushroom"",""菌床しいたけ"",""菌床椎茸""]",しいたけ,菌床栽培・油いため,Shiitake,"Substrate-grown, Stir-fried",55.15,17,11260,"Mushrooms, raw",168435,"Mushrooms, shiitake, stir-fried",1.2130773012121832,,59.4,TRUE,野菜 > しいたけ
08,08042,しいたけ　生しいたけ　原木栽培　生,88.3,3.1,0.4,5.5,0.7,34,2,61,1,270,16,0.4,0.7,0.06,0.27,0,1,(0),0.4,(0),0.13,0.22,3.4,0.19,(0),75,0.95,"{""baseName"":""しいたけ"",""variety"":""生しいたけ"",""productionMethod"":""原木栽培"",""state"":""生""}",生しいたけは食用のキノコで、犬のレシピ素材として問題なく利用できる,8,1,1,99,160,140,28,34,62,96,75,170,130,37,120,53,140,0.21,0.16,0,0.16,160,Tr,0,0,Tr,"[""しいたけ"",""シイタケ"",""椎茸"",""shiitake"",""shiitake mushroom"",""原木しいたけ"",""原木椎茸""]",しいたけ,原木栽培・生,Shiitake,"Log-grown, Raw",21.25,17,11260,"Mushrooms, raw",169242,"Mushrooms, shiitake, raw",1.3836093410353612,,,TRUE,野菜 > しいたけ
08,08043,しいたけ　生しいたけ　原木栽培　ゆで,90.8,2.4,0.4,4.8,0.4,27,1,45,Tr,170,10,0.2,0.5,0.05,0.19,-,-,(0),0.4,(0),0.06,0.12,2.0,0.10,(0),25,0.56,"{""baseName"":""しいたけ"",""variety"":""生しいたけ"",""productionMethod"":""原木栽培"",""state"":""ゆで""}",しいたけ（ゆで）は安全で風味付けや食物繊維源として適切,9,1,1,(76),(120),(110),(22),(26),(48),(75),(57),(130),(93),(29),(95),(42),(110),(0.25),(0.19),(0),(0.19),(190),(Tr),(0),(0),(Tr),"[""しいたけ"",""シイタケ"",""椎茸"",""shiitake"",""shiitake mushroom"",""原木しいたけ"",""原木椎茸""]",しいたけ,原木栽培・ゆで,Shiitake,"Log-grown, Boiled",16,17,11260,"Mushrooms, raw",169242,"Mushrooms, shiitake, raw",2.9316624286706356,,,TRUE,野菜 > しいたけ
08,08044,しいたけ　生しいたけ　原木栽培　油いため,81.3,3.8,5.4,6.4,0.7,84,2,75,1,330,18,0.4,0.7,0.08,0.32,-,-,(0),0.5,(0.8),0.14,0.26,4.4,0.18,(0),51,1.15,"{""baseName"":""しいたけ"",""variety"":""生しいたけ"",""productionMethod"":""原木栽培"",""state"":""油いため""}",原木栽培の生しいたけは一般に安全な食用きのこで、油いためは風味は強くなるが素材として使える。,8,1,1,(120),(190),(170),(34),(40),(74),(120),(87),(200),(140),(44),(150),(64),(160),(4.91),(1.49),(0.38),(1.12),(1100),(380),(0),(0),(Tr),"[""しいたけ"",""シイタケ"",""椎茸"",""shiitake"",""shiitake mushroom"",""原木しいたけ"",""原木椎茸""]",しいたけ,原木栽培・油いため,Shiitake,"Log-grown, Stir-fried",67.6,17,11260,"Mushrooms, raw",168435,"Mushrooms, shiitake, stir-fried",1.2096690974993634,,59.4,TRUE,野菜 > しいたけ
08,08013,しいたけ　乾しいたけ　乾,9.1,21.2,2.8,46.7,4.4,258,12,290,14,2200,100,3.2,2.7,0.60,0.96,4,5,0,17.0,0,0.48,1.74,19.0,0.49,-,270,8.77,"{""baseName"":""しいたけ"",""variety"":""乾しいたけ"",""state"":""乾""}",乾しいたけは栽培されたきのこで安全に利用でき、風味付けとして有用,8,1,1,680,1100,1000,240,260,510,700,440,1100,900,260,840,400,860,(1.60),(1.22),(Tr),(1.22),(1200),(1),(0),(0),(1),"[""しいたけ"",""シイタケ"",""椎茸"",""干ししいたけ"",""干し椎茸"",""dried shiitake"",""dried shiitake mushroom""]",干ししいたけ,,Dried Shiitake,,153.3,17,11260,"Mushrooms, raw",168436,"Mushrooms, shiitake, dried",2.1671503831778693,,201.7,TRUE,野菜 > しいたけ
08,08014,しいたけ　乾しいたけ　ゆで,86.2,3.1,0.3,6.7,0.5,40,4,38,3,200,9,0.5,0.3,0.07,0.12,0,1,0,1.4,-,0.05,0.26,2.0,0.07,-,35,0.86,"{""baseName"":""しいたけ"",""variety"":""乾しいたけ"",""state"":""ゆで""}",乾しいたけをゆでたものは安全なきのこ類で風味や栄養の補助素材として使える。,8,1,1,(96),(160),(150),(35),(38),(74),(100),(62),(160),(120),(38),(120),(58),(120),(0.17),(0.13),(0),(0.13),(130),(Tr),(0),(0),(Tr),"[""しいたけ"",""シイタケ"",""椎茸"",""干ししいたけ"",""干し椎茸"",""dried shiitake"",""dried shiitake mushroom""]",干ししいたけ,ゆで,Dried Shiitake,Boiled,24.6,17,11260,"Mushrooms, raw",,,,,,TRUE,野菜 > しいたけ
08,08053,しいたけ　乾しいたけ　甘煮,64.7,3.3,0.4,6.7,2.7,116,13,44,1000,90,14,0.7,0.9,0.09,0.25,2,3,0,0.2,0,0.01,0.06,0.6,0.04,Tr,11,0.10,"{""baseName"":""しいたけ"",""variety"":""乾しいたけ 甘煮""}",乾しいたけの甘煮はキノコ由来で風味付けに使えるが、甘味や調味料が加わっている点に注意。,7,1,0,130,200,140,34,23,57,120,63,190,130,31,140,60,120,,,,,,,,,,"[""しいたけ"",""シイタケ"",""椎茸"",""干ししいたけ"",""干し椎茸"",""しいたけ甘煮"",""椎茸甘煮"",""dried shiitake simmered"",""shiitake simmered""]",干ししいたけ,甘煮,Dried Shiitake,Sweet-simmered,92.65,17,11260,"Mushrooms, raw",168582,"Mushrooms, straw, canned, drained solids",1.6222435561128647,,,TRUE,野菜 > しいたけ
08,08015,（しめじ類）　はたけしめじ　生,92.0,2.6,0.3,2.7,0.7,25,1,64,4,260,8,0.6,0.4,0.13,0.14,-,-,(0),0.9,0,0.12,0.44,5.3,0.11,(0),20,2.08,"{""baseName"":""はたけしめじ"",""state"":""生"",""notes"":[""しめじ類""]}",食用のしめじ類で野菜やきのこの代替として使いやすい,8,0,0,,,,,,,,,,,,,,,,,,,,,,,,"[""はたけしめじ"",""ハタケシメジ"",""しめじ"",""シメジ"",""shimeji"",""shimeji mushroom""]",はたけしめじ,生,Hatake Shimeji,Raw,17.6,17,11260,"Mushrooms, raw",169403,"Mushrooms, maitake, raw",1.2687195104032547,,51.1,TRUE,野菜 > しめじ
08,08045,（しめじ類）　はたけしめじ　ゆで,91.3,2.6,0.3,4.6,0.6,25,1,61,3,200,8,0.5,0.4,0.13,0.13,-,-,(0),1.1,(0),0.08,0.28,3.6,0.07,(0),6,1.53,"{""baseName"":""はたけしめじ"",""state"":""ゆで"",""notes"":[""しめじ類""]}",はたけしめじ（ゆで）は加熱済みのきのこで犬の素材として適している。,8,0,0,,,,,,,,,,,,,,,,,,,,,,,,"[""はたけしめじ"",""ハタケシメジ"",""しめじ"",""シメジ"",""shimeji"",""shimeji mushroom""]",はたけしめじ,ゆで,Hatake Shimeji,Boiled,13.75,17,11260,"Mushrooms, raw",169403,"Mushrooms, maitake, raw",1.6183281314799491,,51.1,TRUE,野菜 > しめじ
08,08016,（しめじ類）　ぶなしめじ　生,91.1,2.7,0.5,3.0,0.9,26,1,96,2,370,11,0.5,0.5,0.06,0.16,1,2,0,0.5,0,0.15,0.17,6.1,0.09,0.1,29,0.81,"{""baseName"":""ぶなしめじ"",""state"":""生"",""notes"":[""しめじ類""]}",ぶなしめじは一般的に犬が食べられるきのこ類で素材として適している。,8,1,1,80,130,120,17,25,41,80,61,140,100,19,100,50,150,0.22,0.15,0,0.15,150,1,0,0,0,"[""ぶなしめじ"",""ブナシメジ"",""しめじ"",""シメジ"",""beech mushroom"",""brown beech mushroom"",""shimeji"",""shimeji mushroom""]",ぶなしめじ,生,Buna Shimeji,Raw,20,17,11260,"Mushrooms, raw",169403,"Mushrooms, maitake, raw",1.058689508507939,,51.1,TRUE,野菜 > しめじ
08,08017,（しめじ類）　ぶなしめじ　ゆで,91.1,2.7,0.2,4.2,0.7,22,2,90,2,280,9,0.4,0.6,0.05,0.16,0,2,0,0.9,(0),0.12,0.10,4.2,0.06,(0),24,1.07,"{""baseName"":""ぶなしめじ"",""state"":""ゆで"",""notes"":[""しめじ類""]}",ぶなしめじは栽培品のきのこで、加熱済みなら犬にとって安全な食材。,8,1,1,(80),(130),(120),(16),(26),(42),(80),(59),(140),(97),(19),(100),(48),(150),(0.10),(0.07),(0),(0.07),(71),(Tr),(0),(0),(0),"[""ぶなしめじ"",""ブナシメジ"",""しめじ"",""シメジ"",""beech mushroom"",""brown beech mushroom"",""shimeji"",""shimeji mushroom""]",ぶなしめじ,ゆで,Buna Shimeji,Boiled,15,17,11260,"Mushrooms, raw",168437,"Mushrooms, shiitake, cooked, without salt",2.0194658100533176,,36.8,TRUE,野菜 > しめじ
08,08046,（しめじ類）　ぶなしめじ　油いため,85.9,3.0,5.5,3.7,0.8,65,1,110,2,420,12,0.6,0.6,0.06,0.18,-,-,(0),0.5,(0.6),0.17,0.19,6.5,0.09,(0),28,0.73,"{""baseName"":""ぶなしめじ"",""state"":""油いため"",""notes"":[""しめじ類""]}",ぶなしめじの油炒めは栽培きのこで安全だが、油分の量に注意して使うべき調理済み素材。,8,1,1,(88),(140),(130),(18),(29),(46),(88),(64),(150),(110),(21),(110),(53),(160),(4.68),(1.45),(0.35),(1.10),(1100),(350),(0),(0),(0),"[""ぶなしめじ"",""ブナシメジ"",""しめじ"",""シメジ"",""beech mushroom"",""brown beech mushroom"",""shimeji"",""shimeji mushroom""]",ぶなしめじ,油いため,Buna Shimeji,Stir-fried,61.1,17,11260,"Mushrooms, raw",168435,"Mushrooms, shiitake, stir-fried",1.7739357744699868,,59.4,TRUE,野菜 > しめじ
08,08055,（しめじ類）　ぶなしめじ　素揚げ,70.5,3.9,14.3,6.2,1.2,168,1,130,2,570,15,1.1,0.8,0.07,0.24,0,3,(0),0.4,2.8,0.20,0.26,7.0,0.11,Tr,30,1.19,"{""baseName"":""ぶなしめじ"",""state"":""素揚げ"",""notes"":[""しめじ類""]}",ぶなしめじ（素揚げ）は栽培品のキノコで食用可能だが揚げ調理は脂質が高め。,7,1,1,120,200,170,31,35,67,120,90,210,160,47,150,74,230,13.30,4.02,1.18,2.82,2800,1200,0,0,0,"[""ぶなしめじ"",""ブナシメジ"",""bunashimeji"",""brown beech mushroom"",""しめじ"",""シメジ"",""shimeji"",""きのこ"",""キノコ"",""茸""]",ぶなしめじ,素揚げ,Buna-shimeji,Deep-fried,148.85,17,11260,"Mushrooms, raw",168435,"Mushrooms, shiitake, stir-fried",1.6804187601141412,,59.4,TRUE,野菜 > しめじ
08,08018,（しめじ類）　ほんしめじ　生,93.6,2.5,0.4,1.9,0.6,21,2,76,1,310,8,0.6,0.7,0.32,0.18,-,-,(0),0.6,(0),0.07,0.28,5.1,0.19,(0),24,1.59,"{""baseName"":""ほんしめじ"",""state"":""生"",""notes"":[""しめじ類""]}",ほんしめじ（生）は一般的な食用きのこであり、調理して与えれば素材として問題ない,7,0,0,,,,,,,,,,,,,,,,,,,,,,,,"[""ほんしめじ"",""本しめじ"",""ホンシメジ"",""honshimeji"",""しめじ"",""シメジ"",""shimeji"",""きのこ"",""キノコ"",""茸""]",ほんしめじ,生,Hon-shimeji,Raw,15.65,17,11260,"Mushrooms, raw",169403,"Mushrooms, maitake, raw",1.4751519163012299,,51.1,TRUE,野菜 > しめじ
08,08047,（しめじ類）　ほんしめじ　ゆで,92.1,2.8,0.6,3.3,0.5,26,2,67,1,210,8,0.6,0.9,0.29,0.17,-,-,(0),1.2,(0),0.06,0.17,3.7,0.11,(0),11,1.11,"{""baseName"":""ほんしめじ"",""state"":""ゆで"",""notes"":[""しめじ類""]}",ほんしめじのゆで品は栽培きのこで加熱済みのため消化しやすく与えやすい,8,0,0,,,,,,,,,,,,,,,,,,,,,,,,"[""ほんしめじ"",""本しめじ"",""ホンシメジ"",""honshimeji"",""しめじ"",""シメジ"",""shimeji"",""きのこ"",""キノコ"",""茸""]",ほんしめじ,ゆで,Hon-shimeji,Boiled,17.35,17,11260,"Mushrooms, raw",168437,"Mushrooms, shiitake, cooked, without salt",1.5909992641622737,,36.8,TRUE,野菜 > しめじ
08,08019,たもぎたけ　生,91.7,3.6,0.3,3.3,0.7,23,2,85,1,190,11,0.8,0.6,0.32,0.06,1,4,0,0.8,0,0.17,0.33,12.0,0.12,(0),80,1.32,"{""baseName"":""たもぎたけ"",""state"":""生""}",栽培された食用きのこで、適切な種類であれば犬のレシピ素材として使える,8,1,1,(110),(180),(150),(27),(30),(57),(120),(110),(230),(140),(41),(150),(71),(170),(0.11),(0.08),(0),(0.08),(80),(Tr),(0),(0),(0),"[""たもぎたけ"",""タモギタケ"",""tamogitake"",""tamogitake mushroom"",""きのこ"",""キノコ"",""茸""]",たもぎたけ,生,Tamogitake,Raw,16.55,17,11260,"Mushrooms, raw",169403,"Mushrooms, maitake, raw",1.1704158399251259,,51.1,FALSE,
08,08020,なめこ　株採り　生,92.1,1.8,0.2,3.4,0.5,21,4,68,3,240,10,0.7,0.5,0.11,0.06,Tr,2,(0),0,0,0.07,0.12,5.3,0.05,Tr,60,1.29,"{""baseName"":""なめこ"",""variety"":""株採り"",""state"":""生""}",なめこは可食のきのこで犬に与えやすく、レシピ素材として適している,8,1,1,62,98,66,18,15,33,38,20,58,79,11,77,36,79,0.11,0.07,0,0.07,71,0,0,0,0,"[""なめこ"",""ナメコ"",""nameko"",""株採りなめこ"",""かぶどりなめこ"",""kabudori nameko"",""きのこ"",""キノコ"",""茸""]",なめこ,株採り・生,Nameko,"Cluster-picked, Raw",15,17,11260,"Mushrooms, raw",169403,"Mushrooms, maitake, raw",1.8510903430871943,,51.1,TRUE,野菜 > なめこ
08,08021,なめこ　株採り　ゆで,92.7,1.6,0.1,2.8,0.5,22,4,56,3,210,10,0.6,0.5,0.12,0.06,-,-,(0),0,(0),0.06,0.10,4.7,0.04,(0),67,1.33,"{""baseName"":""なめこ"",""variety"":""株採り"",""state"":""ゆで""}",なめこ（ゆで）は食用きのこで調理済みのため犬の素材として適している,8,1,1,(55),(88),(59),(16),(13),(30),(34),(17),(51),(67),(10),(68),(32),(70),(0.06),(0.04),(0),(0.04),(39),(0),(0),(0),(0),"[""なめこ"",""ナメコ"",""nameko"",""株採りなめこ"",""かぶどりなめこ"",""kabudori nameko"",""きのこ"",""キノコ"",""茸""]",なめこ,株採り・ゆで,Nameko,"Cluster-picked, Boiled",14.5,17,11260,"Mushrooms, raw",,,,,,TRUE,野菜 > なめこ
08,08058,なめこ　カットなめこ　生,94.9,1.1,0.1,1.9,0.3,14,2,36,3,130,6,0.5,0.4,0.04,0.04,0,1,0,0,0,0.03,0.08,3.5,0.04,0.1,57,0.48,"{""baseName"":""なめこ"",""variety"":""カットなめこ"",""state"":""生""}",なめこは一般的な食用きのこで犬のレシピ素材として問題なく使える。,8,1,1,36,69,51,8.5,9.4,18,40,26,66,52,12,51,24,55,0.06,0.04,0,0.04,42,0,0,0,0,"[""なめこ"",""ナメコ"",""nameko"",""カットなめこ"",""かっとなめこ"",""cut nameko"",""きのこ"",""キノコ"",""茸""]",なめこ,カット・生,Nameko,"Cut, Raw",10.65,17,11260,"Mushrooms, raw",,,,,,TRUE,野菜 > なめこ
08,08022,なめこ　水煮缶詰,95.5,1.0,0.1,2.5,0.2,13,3,39,8,100,5,0.8,0.5,0.04,0.08,0,2,0,0.1,(0),0.03,0.07,2.1,0.02,(0),13,0.52,"{""baseName"":""なめこ"",""state"":""水煮缶詰""}",なめこの水煮は食用きのこで調理済みのため利用しやすい,8,1,1,(34),(55),(37),(10),(8.3),(19),(21),(11),(32),(42),(6.4),(42),(20),(44),(0.05),(0.03),(0),(0.03),(34),(0),(0),(0),(0),"[""なめこ"",""ナメコ"",""nameko"",""きのこ"",""キノコ"",""茸""]",なめこ,水煮缶詰,Nameko,Canned in water,6.8,17,11260,"Mushrooms, raw",,,,,,TRUE,野菜 > なめこ
08,08023,ぬめりすぎたけ　生,92.6,2.3,0.4,2.5,0.6,23,1,65,1,260,9,0.6,0.4,0.19,0.05,1,2,0,0.4,0,0.16,0.34,5.9,0.08,(0),19,1.77,"{""baseName"":""ぬめりすぎたけ"",""state"":""生""}",食用のきのこ類で、栄養価があり犬のレシピ素材として適している,8,1,1,(79),(130),(85),(24),(19),(43),(49),(25),(74),(96),(15),(97),(47),(100),(0.21),(0.14),(0),(0.14),(140),(Tr),(0),(0),(0),"[""ぬめりすぎたけ"",""ヌメリスギタケ"",""numerisugitake"",""ぬめりすぎたけきのこ"",""きのこ"",""キノコ"",""茸""]",ぬめりすぎたけ,生,Numerisugitake,Raw,17.05,17,11260,"Mushrooms, raw",169382,"Mushrooms, enoki, raw",1.91991263216702,,47.7,FALSE,
08,08024,（ひらたけ類）　うすひらたけ　生,88.0,6.1,0.2,3.8,0.9,37,2,110,1,220,15,0.6,0.9,0.15,0.11,1,7,0,2.4,0,0.30,0.41,6.9,0.23,(0),100,2.44,"{""baseName"":""うすひらたけ"",""state"":""生"",""notes"":[""ひらたけ類""]}",うすひらたけ（生）は栽培された食用きのこで一般に安全に使える,7,1,1,(190),(310),(260),(46),(51),(96),(210),(180),(390),(230),(70),(250),(120),(290),(0.08),(0.05),(0),(0.05),(54),(Tr),(0),(0),(0),"[""うすひらたけ"",""ウスヒラタケ"",""usuhiratake"",""ひらたけ"",""ヒラタケ"",""hiratake"",""oyster mushroom"",""きのこ"",""キノコ"",""茸""]",うすひらたけ,生,Usuhiratake,Raw,26.55,17,11260,"Mushrooms, raw",168580,"Mushrooms, oyster, raw",1.8849112849635248,,48.7,TRUE,野菜 > ひらたけ
08,08025,（ひらたけ類）　エリンギ　生,90.2,2.8,0.4,3.4,0.7,31,Tr,89,2,340,12,0.3,0.6,0.10,0.06,1,2,(0),1.2,0,0.11,0.22,6.1,0.14,(0),65,1.16,"{""baseName"":""エリンギ"",""state"":""生"",""notes"":[""ひらたけ類""]}",エリンギ（生）は栽培されたきのこ類で、適切に調理すれば安全な素材,8,1,1,97,150,140,30,26,56,95,77,170,120,38,120,49,130,0.20,0.12,0,0.12,120,Tr,0,0,0,"[""エリンギ"",""えりんぎ"",""ERIN-GII"",""eringii"",""king oyster mushroom"",""ひらたけ"",""ヒラタケ"",""hiratake"",""きのこ"",""キノコ"",""茸""]",エリンギ,生,Eringi,Raw,21.95,17,11260,"Mushrooms, raw",169403,"Mushrooms, maitake, raw",0.7823515886029565,,51.1,TRUE,野菜 > エリンギ
08,08048,（ひらたけ類）　エリンギ　ゆで,89.3,3.2,0.5,4.8,0.5,32,Tr,88,2,260,10,0.3,0.7,0.09,0.06,-,-,(0),2.6,(0),0.08,0.16,4.2,0.10,(0),20,1.02,"{""baseName"":""エリンギ"",""state"":""ゆで"",""notes"":[""ひらたけ類""]}",ゆでたエリンギは一般的な食用きのこで、加熱調理されたものは犬の素材として適する。,8,1,1,(110),(180),(160),(34),(30),(64),(110),(86),(190),(130),(44),(140),(56),(150),(0.25),(0.15),(0),(0.15),(150),(Tr),(0),(0),(0),"[""エリンギ"",""えりんぎ"",""ERIN-GII"",""eringii"",""king oyster mushroom"",""ひらたけ"",""ヒラタケ"",""hiratake"",""きのこ"",""キノコ"",""茸""]",エリンギ,ゆで,Eringi,Boiled,21.4,17,11260,"Mushrooms, raw",169403,"Mushrooms, maitake, raw",1.3548409520551021,,51.1,TRUE,野菜 > エリンギ
08,08049,（ひらたけ類）　エリンギ　焼き,85.3,4.2,0.5,5.4,1.0,41,Tr,130,3,500,17,0.4,0.9,0.15,0.11,-,-,(0),3.1,(0),0.18,0.31,9.1,0.17,(0),53,1.66,"{""baseName"":""エリンギ"",""state"":""焼き"",""notes"":[""ひらたけ類""]}",エリンギの加熱品は消化しやすく安全で、犬のレシピ素材として適しています。,8,1,1,(140),(230),(220),(45),(39),(84),(140),(110),(260),(170),(57),(180),(74),(200),(0.28),(0.17),(0),(0.17),(170),(Tr),(0),(0),(0),"[""エリンギ"",""えりんぎ"",""ERIN-GII"",""eringii"",""king oyster mushroom"",""ひらたけ"",""ヒラタケ"",""hiratake"",""きのこ"",""キノコ"",""茸""]",エリンギ,焼き,Eringi,Grilled,31.55,17,11260,"Mushrooms, raw",169243,"Mushrooms, portabella, grilled",0.8690955560204952,,32.8,TRUE,野菜 > エリンギ
08,08050,（ひらたけ類）　エリンギ　油いため,84.2,3.2,3.7,4.2,0.8,69,Tr,100,3,380,13,0.3,0.7,0.11,0.07,-,-,(0),1.4,(0.5),0.13,0.24,6.8,0.13,(0),36,1.31,"{""baseName"":""エリンギ"",""state"":""油いため"",""notes"":[""ひらたけ類""]}",エリンギは安全なきのこ類で、油いためでも素材として使用できる,8,1,1,(110),(170),(160),(34),(29),(63),(110),(85),(190),(130),(43),(140),(56),(150),(3.31),(1.00),(0.25),(0.75),(750),(250),(0),(0),(0),"[""エリンギ"",""えりんぎ"",""ERIN-GII"",""eringii"",""king oyster mushroom"",""ひらたけ"",""ヒラタケ"",""hiratake"",""きのこ"",""キノコ"",""茸""]",エリンギ,油いため,Eringi,Stir-fried,56.3,17,11260,"Mushrooms, raw",168435,"Mushrooms, shiitake, stir-fried",1.4280441619707973,,59.4,TRUE,野菜 > エリンギ
08,08026,（ひらたけ類）　ひらたけ　生,89.4,3.3,0.3,2.6,0.8,34,1,100,2,340,15,0.7,1.0,0.15,0.16,0,6,0,0.3,(0),0.40,0.40,11.0,0.10,(0),92,2.40,"{""baseName"":""ひらたけ"",""state"":""生"",""notes"":[""ひらたけ類""]}",栽培されたひらたけは一般に安全で、犬の素材として利用可能,8,1,1,110,170,140,25,28,53,110,100,220,130,38,140,65,160,0.11,0.08,0,0.08,80,Tr,0,0,0,"[""ひらたけ"",""ヒラタケ"",""hiratake"",""oyster mushroom"",""きのこ"",""キノコ"",""茸""]",ひらたけ,生,Hiratake,Raw,26.7,17,11260,"Mushrooms, raw",168580,"Mushrooms, oyster, raw",2.4224298596041045,,48.7,TRUE,野菜 > ひらたけ
08,08027,（ひらたけ類）　ひらたけ　ゆで,89.1,3.4,0.2,3.7,0.7,33,1,86,2,260,10,0.7,1.4,0.11,0.15,(0),-,0,0.5,(0),0.30,0.27,7.0,0.06,(0),71,2.36,"{""baseName"":""ひらたけ"",""state"":""ゆで"",""notes"":[""ひらたけ類""]}",ゆでたヒラタケは栽培種の食用きのこで、加熱済みのため犬のレシピ素材として適している。,8,1,1,(110),(170),(150),(26),(28),(54),(120),(100),(220),(130),(39),(140),(67),(160),(0.08),(0.05),(0),(0.05),(54),(Tr),(0),(0),(0),"[""ひらたけ"",""ヒラタケ"",""hiratake"",""oyster mushroom"",""きのこ"",""キノコ"",""茸""]",ひらたけ,ゆで,Hiratake,Boiled,23.75,17,11260,"Mushrooms, raw",168580,"Mushrooms, oyster, raw",2.724546494032007,,48.7,TRUE,野菜 > ひらたけ
08,08028,まいたけ　生,92.7,2.0,0.5,3.5,0.6,22,Tr,54,0,230,10,0.2,0.7,0.22,0.04,0,2,(0),4.9,(0),0.09,0.19,5.0,0.06,(0),53,0.56,"{""baseName"":""まいたけ"",""state"":""生""}",まいたけ（生）は一般的に安全なきのこ類で、風味付けとして使用可能,8,1,1,58,67,85,13,20,33,60,59,120,87,26,86,42,87,0.27,0.14,Tr,0.14,140,1,0,0,0,"[""まいたけ"",""マイタケ"",""舞茸"",""maitake"",""maitake mushroom"",""hen of the woods"",""きのこ"",""キノコ"",""茸""]",まいたけ,生,Maitake,Raw,13.7,17,11260,"Mushrooms, raw",169403,"Mushrooms, maitake, raw",1.1576393190381817,,51.1,TRUE,野菜 > 舞茸
08,08029,まいたけ　ゆで,91.1,1.6,0.5,4.3,0.3,27,Tr,36,0,110,8,0.2,0.6,0.14,0.03,(0),3,(0),5.9,(0),0.04,0.07,1.8,0.03,(0),24,0.63,"{""baseName"":""まいたけ"",""state"":""ゆで""}",ゆでたまいたけは加熱済みの食用きのこで栄養源として利用しやすい,8,1,1,(46),(54),(69),(11),(16),(27),(49),(47),(96),(66),(21),(69),(34),(70),(0.31),(0.16),(Tr),(0.15),(150),(2),(0),(0),(0),"[""まいたけ"",""マイタケ"",""舞茸"",""maitake"",""maitake mushroom"",""hen of the woods"",""きのこ"",""キノコ"",""茸""]",まいたけ,ゆで,Maitake,Boiled,17.55,17,11260,"Mushrooms, raw",169403,,,,51.1,TRUE,野菜 > 舞茸
08,08051,まいたけ　油いため,85.5,2.6,4.4,4.7,0.7,67,Tr,72,0,300,13,0.2,0.8,0.27,0.06,-,-,(0),7.7,(0.6),0.11,0.21,6.1,0.07,(0),57,0.80,"{""baseName"":""まいたけ"",""state"":""油いため""}",栽培まいたけは可食で加熱済みの調理品として安全に使える。,8,1,1,90,140,120,29,29,57,93,77,170,120,37,120,56,120,3.97,1.16,0.32,0.84,840,320,0,0,0,"[""まいたけ"",""マイタケ"",""舞茸"",""maitake"",""maitake mushroom"",""hen of the woods"",""きのこ"",""キノコ"",""茸""]",まいたけ,油いため,Maitake,Stir-fried,53.85,17,11260,"Mushrooms, raw",169403,"Mushrooms, maitake, raw",1.193532631183312,,51.1,TRUE,野菜 > 舞茸
08,08030,まいたけ　乾,9.3,21.9,3.9,40.9,5.0,273,2,700,3,2500,100,2.6,6.9,1.78,0.47,1,14,(0),20.0,(0),1.24,1.92,64.0,0.28,(0),220,3.67,"{""baseName"":""まいたけ"",""state"":""乾""}",栽培まいたけは食物繊維や栄養があり犬の素材として利用可能,8,1,1,(630),(740),(940),(150),(220),(370),(660),(630),(1300),(900),(290),(930),(460),(950),(2.33),(1.18),(0.01),(1.17),(1200),(12),(0),(0),(0),"[""まいたけ"",""マイタケ"",""舞茸"",""maitake"",""maitake mushroom"",""hen of the woods"",""きのこ"",""キノコ"",""茸""]",まいたけ,乾燥,Maitake,Dried,176.3,17,11260,"Mushrooms, raw",169242,"Mushrooms, shiitake, raw",2.644695101923089,,,TRUE,野菜 > 舞茸
08,08031,マッシュルーム　生,93.9,2.9,0.3,2.0,0.8,15,3,100,6,350,10,0.3,0.4,0.32,0.04,1,14,0,0.3,0,0.06,0.29,3.0,0.11,(0),28,1.54,"{""baseName"":""マッシュルーム"",""state"":""生""}",栽培マッシュルームは一般に安全で、食物繊維やミネラル源として使える。,8,1,1,98,150,120,28,18,46,88,43,130,110,36,120,50,85,0.14,0.10,0,0.10,100,Tr,0,0,0,"[""マッシュルーム"",""まっしゅるーむ"",""マッシュルーム（英）"",""mushroom"",""きのこ"",""キノコ"",""茸""]",マッシュルーム,生,Mushroom,Raw,13.05,17,11260,"Mushrooms, raw",169251,"Mushrooms, white, raw",0.9480027826235898,,17.3,TRUE,野菜 > マッシュルーム
08,08032,マッシュルーム　ゆで,91.5,3.8,0.2,3.3,0.8,20,4,99,6,310,11,0.3,0.6,0.36,0.05,0,11,0,0.5,(0),0.05,0.28,2.7,0.08,(0),19,1.43,"{""baseName"":""マッシュルーム"",""state"":""ゆで""}",栽培マッシュルームのゆでは犬でも問題なく利用できる安全な野菜素材,8,1,1,(120),(190),(150),(36),(23),(59),(110),(54),(170),(140),(46),(150),(65),(110),(0.09),(0.07),(0),(0.07),(67),(0),(0),(0),(0),"[""マッシュルーム"",""まっしゅるーむ"",""mushroom"",""きのこ"",""キノコ"",""茸""]",マッシュルーム,ゆで,Mushroom,Boiled,16.4,17,11260,"Mushrooms, raw",169251,"Mushrooms, white, raw",1.3367970491817451,,17.3,TRUE,野菜 > マッシュルーム
08,08052,マッシュルーム　油いため,86.4,3.6,4.5,3.4,1.0,57,4,120,8,450,12,0.4,0.5,0.40,0.05,-,-,(0),0.8,(0.6),0.08,0.38,3.8,0.12,(0),23,1.67,"{""baseName"":""マッシュルーム"",""state"":""油いため""}",栽培マッシュルームは一般に安全だが、油で炒めてあるため脂質量に注意。,8,1,1,(120),(180),(140),(34),(22),(56),(110),(51),(160),(130),(44),(140),(62),(100),(4.04),(1.21),(0.31),(0.90),(900),(310),(0),(0),(0),"[""マッシュルーム"",""まっしゅるーむ"",""mushroom"",""きのこ"",""キノコ"",""茸""]",マッシュルーム,油いため,Mushroom,Sauteed in oil,54.7,17,11260,"Mushrooms, raw",169253,"Mushrooms, white, stir-fried",1.0637978435238769,,21.9,TRUE,野菜 > マッシュルーム
08,08059,マッシュルーム　ブラウン種　生,92.7,3.2,0.4,2.5,0.9,18,4,100,6,390,10,0.2,0.5,0.33,0.05,0,16,-,0,-,0.12,0.47,4.2,0.15,-,38,1.17,"{""baseName"":""マッシュルーム"",""variety"":""ブラウン種"",""state"":""生""}",栽培マッシュルームは一般に安全でビタミン・繊維源として使いやすい,8,1,1,100,160,120,31,19,50,94,57,150,120,39,120,54,99,0.23,0.17,0,0.17,170,Tr,0,0,0,"[""マッシュルーム"",""ブラウンマッシュルーム"",""ブラウンマッシュルーム（英）"",""brown mushroom"",""cremini"",""マッシュルーム"",""きのこ"",""キノコ"",""茸""]",マッシュルーム,ブラウン種・生,Mushroom,"Brown (cremini), Raw",15.65,17,11260,"Mushrooms, raw",169255,"Mushrooms, portabella, raw",1.1372189257203866,,21.2,TRUE,野菜 > マッシュルーム
08,08033,マッシュルーム　水煮缶詰,92.0,3.4,0.2,3.2,1.1,18,8,55,350,85,5,0.8,1.0,0.19,0.04,1,5,0,0.4,(0),0.03,0.24,1.0,0.01,(0),2,0.11,"{""baseName"":""マッシュルーム"",""state"":""水煮缶詰""}",マッシュルーム（水煮缶）は栽培種のきのこで加熱処理済み、犬の素材として使いやすい。,8,1,1,(110),(170),(130),(32),(20),(53),(100),(48),(150),(120),(41),(130),(58),(97),(0.09),(0.07),(0),(0.07),(67),(0),(0),(0),(0),"[""マッシュルーム"",""マッシュルーム缶"",""缶詰マッシュルーム"",""canned mushrooms"",""mushroom"",""きのこ"",""キノコ"",""茸""]",マッシュルーム,水煮缶詰,Mushroom,Canned (in water),13.95,17,11260,"Mushrooms, raw",,,,,,TRUE,野菜 > マッシュルーム
08,08034,まつたけ　生,88.3,2.0,0.6,4.7,0.9,32,6,40,2,410,8,1.3,0.8,0.24,0.12,3,82,0,0.6,(0),0.10,0.10,8.0,0.15,(0),63,1.91,"{""baseName"":""まつたけ"",""state"":""生""}",まつたけは食用のキノコで安全な素材。香り付けや少量の使用に向く。,8,1,1,56,96,78,15,22,37,60,47,110,80,17,70,38,72,0.22,0.06,0,0.06,57,Tr,0,0,0,"[""松茸"",""まつたけ"",""マツタケ"",""matsutake"",""matsutake mushroom"",""きのこ"",""キノコ"",""茸""]",松茸,生,Matsutake,Raw,24.35,17,11260,"Mushrooms, raw",168582,"Mushrooms, straw, canned, drained solids",1.8489963418628554,,,FALSE,
08,08036,やなぎまつたけ　生,92.8,2.4,0.1,3.0,0.7,20,Tr,110,1,360,13,0.5,0.6,0.20,0.08,1,2,0,0.4,0,0.27,0.34,6.1,0.11,(0),33,2.61,"{""baseName"":""やなぎまつたけ"",""state"":""生""}",栽培されたやなぎまつたけは食用のきのこで犬のレシピ素材として問題ない。,8,0,1,,,,,,,,,,,,,,,(0.04),(0.01),(0),(0.01),(9),(0),(0),(0),(0),"[""やなぎまつたけ"",""ヤナギマツタケ"",""柳松茸"",""やなぎまつたけ"",""matsutake"",""まつたけ"",""マツタケ"",""きのこ"",""キノコ""]",やなぎまつたけ,生,Yanagi matsutake,Raw,12.75,17,11260,"Mushrooms, raw",169403,"Mushrooms, maitake, raw",1.2368986184541508,,51.1,FALSE,
09,09001,あおさ　素干し,16.9,22.1,0.6,29.1,18.7,201,490,160,3900,3200,3200,5.3,1.2,0.80,17.00,2200,8,(0),(0),1.1,0.07,0.48,10.0,0.09,37.2,180,0.44,"{""baseName"":""あおさ"",""state"":""素干し""}",あおさは海藻類でミネラルや食物繊維が豊富だが与え方に注意が必要,7,1,1,810,1400,960,380,360,740,1100,670,1800,1100,340,1300,410,1200,0.34,0.17,0.10,0.03,20,46,1,0,3,"[""あおさ"",""青さ"",""アオサ"",""aosa"",""あおさのり"",""アオサノリ"",""green laver"",""海藻"",""のり""]",あおさ,素干し,Aosa,Sun-dried,126.55,,,,,,,,,TRUE,野菜 > あおさ
09,09002,あおのり　素干し,6.5,29.4,5.2,35.2,17.8,249,750,390,3200,2500,1400,77.0,1.6,0.58,13.00,2700,7,(0),(0),2.5,0.92,1.66,6.3,0.50,41.6,270,0.57,"{""baseName"":""あおのり"",""state"":""素干し""}",あおのりはミネラルや風味付けに適するがヨウ素や塩分に注意し、少量で使うのが望ましい。,7,1,1,980,1800,1200,580,450,1000,1300,740,2000,1400,430,1500,470,1400,3.13,1.65,1.46,0.19,130,780,30,0,20,"[""あおのり"",""青のり"",""アオノリ"",""aonori"",""green laver"",""あおのり"",""のり"",""海藻""]",青のり,素干し,Aonori,Sun-dried,167.75,,,,,,,,,TRUE,野菜 > 青のり
09,09003,あまのり　ほしのり,8.4,39.4,3.7,31.2,9.8,276,140,690,610,3100,340,11.0,3.7,0.62,2.51,1400,7,(0),(0),4.3,1.21,2.68,12.0,0.61,39.6,1200,0.93,"{""baseName"":""あまのり"",""variety"":""ほしのり""}",あまのり（ほしのり）は海藻類で一般に安全な素材だがヨウ素量に留意,8,1,1,1600,2800,1900,860,660,1500,1500,1300,2700,2000,490,2500,550,2200,2.14,1.39,1.19,0.20,39,4,1200,-,98,"[""あまのり"",""甘のり"",""アマノリ"",""あまのり"",""のり"",""海苔"",""nori"",""ほしのり"",""ホシノリ""]",ほしのり,あまのり,Dried nori,Amanori,195.6,,,,,,,,,TRUE,野菜 > 焼き海苔
09,09004,あまのり　焼きのり,2.3,41.4,3.7,36.0,8.3,297,280,700,530,2400,300,11.0,3.6,0.55,3.72,2100,9,(0),(0),4.6,0.69,2.33,12.0,0.59,56.7,1900,1.18,"{""baseName"":""あまのり"",""variety"":""焼きのり""}",焼きのりは微量栄養素や風味付けに使いやすい海藻素材,8,1,1,1500,2800,2000,840,620,1500,1500,1300,2800,2100,520,2400,620,2300,2.14,1.39,1.19,0.20,39,4,1200,-,98,"[""あまのり"",""焼きのり"",""焼き海苔"",""やきのり"",""ヤキノリ"",""のり"",""海苔"",""nori""]",焼きのり,あまのり,Toasted nori,Amanori,205.4,,,,,,,,,TRUE,野菜 > 焼き海苔
09,09005,あまのり　味付けのり,3.4,40.0,3.5,25.2,11.3,303,170,710,1700,2700,290,8.2,3.7,0.59,2.35,-,-,(0),(0),3.7,0.61,2.31,12.0,0.51,67.9,1600,1.28,"{""baseName"":""あまのり"",""variety"":""味付けのり""}",味付けのりは海苔自体は利用可能だが、味付けの調味に注意が必要。,7,1,1,1400,2600,1800,700,540,1200,1400,1100,2500,2000,440,2200,600,2000,2.42,1.54,1.30,0.25,43,5,1300,0,110,"[""あまのり"",""味付けのり"",""あじつけのり"",""味付け海苔"",""seasoned nori"",""のり"",""海苔"",""nori""]",味付けのり,あまのり,Seasoned nori,Amanori,227.85,,,,,,,,,TRUE,野菜 > 味付けのり
09,09006,あらめ　蒸し干し,16.7,12.4,0.7,48.0,14.0,184,790,250,2300,3200,530,3.5,1.1,0.17,0.23,-,-,0,(0),0.6,0.10,0.26,2.3,0.02,0.1,110,0.28,"{""baseName"":""あらめ"",""variety"":""蒸し干し""}",あらめ（海藻類）はミネラル源として利用できるがヨウ素など含有に注意,7,1,1,(430),(780),(550),(210),(270),(480),(480),(240),(720),(530),(140),(590),(210),(400),0.50,0.20,0.07,0.13,38,18,21,2,80,"[""あらめ"",""アラメ"",""arame"",""海藻"",""あらめのり""]",あらめ,蒸し干し,Arame,Steamed and dried,78.05,,,,,,,,,TRUE,野菜 > あらめ
09,09007,いわのり　素干し,8.4,34.8,0.7,36.4,17.0,228,86,530,2100,4500,340,48.0,2.3,0.39,1.58,-,-,(0),(0),4.2,0.57,2.07,5.4,0.38,69.4,1500,0.71,"{""baseName"":""いわのり"",""state"":""素干し""}",いわのり（素干し海苔）はミネラル供給源として利用できるが、ヨウ素や塩分に注意が必要,7,1,1,(1400),(2500),(1700),(760),(580),(1300),(1300),(1100),(2400),(1800),(430),(2200),(490),(1900),0.53,0.34,0.27,0.06,11,1,270,Tr,29,"[""いわのり"",""岩海苔"",""イワノリ"",""iwanori"",""岩のり"",""のり"",""海藻""]",岩のり,素干し,Iwanori,Sun-dried,137.2,,,,,,,,,TRUE,野菜 > いわのり
09,09012,うみぶどう　生,97.0,0.5,0.1,0.8,1.2,6,34,10,330,39,51,0.8,Tr,0.01,0.08,80,0,(0),(0),0.2,Tr,0.01,Tr,0,0,4,0,"{""baseName"":""うみぶどう"",""state"":""生""}",うみぶどうは海藻類で栄養源になり得るが塩分・ヨウ素含有に留意,7,0,1,,,,,,,,,,,,,,,0.04,0.02,0.01,0.01,4,7,1,Tr,1,"[""うみぶどう"",""海ぶどう"",""ウミブドウ"",""umi budo"",""sea grapes"",""sea grape"",""海藻""]",海ぶどう,生,Sea grapes,Raw,4,,,,,,,,,TRUE,野菜 > うみぶどう
09,09008,えごのり　素干し,15.2,9.0,0.1,53.3,13.5,179,210,110,2400,2300,570,6.8,2.0,0.31,5.73,-,-,(0),(0),0.4,0.04,0.29,0.7,0.03,6.2,44,0.38,"{""baseName"":""えごのり"",""state"":""素干し""}",海藻でミネラル供給に有用。ただしヨウ素量に注意して用いるべき。,7,0,0,,,,,,,,,,,,,,,,,,,,,,,,"[""えごのり"",""エゴノリ"",""egonori"",""えごのり"",""海藻"",""のり""]",えごのり,素干し,Egonori,Sun-dried,63.5,,,,,,,,,TRUE,野菜 > えごのり
09,09009,えごのり　おきうと,96.9,0.3,0.1,2.5,0.2,7,19,3,20,22,16,0.6,0.1,0.01,0.34,-,-,(0),(0),Tr,0,0.01,0,0,1.3,7,0,"{""baseName"":""えごのり"",""variety"":""おきうと""}",えごのりなどの海藻類はミネラル供給源として利用できるがヨウ素など含有量に注意する必要がある。,7,0,0,,,,,,,,,,,,,,,,,,,,,,,,"[""えごのり"",""おきうと"",""オキウト"",""えごのり"",""egonori"",""おきうと"",""海藻""]",おきうと,えごのり,Okiuto,Egonori,1.9,,,,,,,,,TRUE,野菜 > えごのり　おきうと
09,09010,おごのり　塩蔵　塩抜き,89.0,1.3,0.1,7.5,0.8,26,54,14,130,1,110,4.2,0.2,0.03,1.63,-,-,(0),(0),0.1,0.02,0.18,0.1,0,0,3,0,"{""baseName"":""おごのり"",""variety"":""塩蔵"",""state"":""塩抜き""}",海藻でミネラル源になりやすく、塩抜きされているため素材として使いやすいが摂取量に注意が必要,8,0,0,,,,,,,,,,,,,,,,,,,,,,,,"[""おごのり"",""オゴノリ"",""ogonori"",""おごのり"",""海藻"",""のり""]",おごのり,塩蔵・塩抜き,Ogonori,"Salted, Desalted",9.95,,,,,,,,,TRUE,野菜 > おごのり
09,09011,かわのり　素干し,13.7,38.1,1.6,41.7,4.9,247,450,730,85,500,250,61.0,5.5,0.60,2.07,-,-,(0),(0),3.2,0.38,2.10,3.0,0.36,4.2,1200,1.20,"{""baseName"":""かわのり"",""state"":""素干し""}",かわのりはミネラル源として使えるがヨウ素含有量に注意。,7,1,1,(1600),(2700),(1900),(830),(630),(1500),(1400),(1200),(2600),(1900),(470),(2400),(540),(2100),(0.93),(0.60),(0.51),(0.09),(17),(2),(500),-,(43),"[""かわのり"",""川のり"",""川海苔"",""カワノリ"",""kawanori"",""のり"",""海藻""]",川のり,素干し,Kawanori,Sun-dried,146.95,,,,,,,,,TRUE,野菜 > かわのり
09,09013,（こんぶ類）　えながおにこんぶ　素干し,10.4,11.0,1.0,24.9,21.9,224,650,340,2400,7300,490,2.5,1.0,0.07,0.20,-,-,0,(0),0.7,0.10,0.25,1.5,0.03,0.1,190,0.27,"{""baseName"":""えながおにこんぶ"",""state"":""素干し"",""notes"":[""こんぶ類""]}",えながおにこんぶも昆布類でミネラル源として利用可能だが濃度に留意。,7,1,1,(380),(690),(490),(180),(240),(430),(420),(210),(640),(470),(130),(530),(190),(360),0.64,0.35,0.17,0.18,54,31,70,0,100,"[""えながおにこんぶ"",""エナガオニコンブ"",""えながおにこんぶ"",""昆布"",""こんぶ"",""コンブ"",""konbu"",""kelp"",""昆布類""]",えながおにこんぶ,素干し,Enaga oni konbu,Sun-dried,154.8,,,,168989,"Fish, herring eggs on giant kelp, Pacific (Alaska Native)",1.267560911971578,,,TRUE,野菜 > 昆布
09,09014,（こんぶ類）　がごめこんぶ　素干し,8.3,7.9,0.5,34.2,21.2,216,750,320,3000,5700,660,3.3,0.8,0.03,0.22,-,-,(0),(0),0.6,0.21,0.32,1.5,0.03,0,42,0.13,"{""baseName"":""がごめこんぶ"",""state"":""素干し"",""notes"":[""こんぶ類""]}",がごめこんぶはミネラルや食物繊維を含むがヨウ素含有量が高めのため適量管理が必要,8,1,1,(270),(500),(350),(130),(170),(310),(300),(150),(460),(340),(91),(380),(140),(260),(0.37),(0.12),(0.04),(0.08),(29),(8),(19),(0),(40),"[""がごめこんぶ"",""ガゴメコンブ"",""がごめ昆布"",""ガゴメ昆布"",""gagome kombu"",""gagome konbu"",""昆布"",""こんぶ"",""コンブ"",""kelp"",""kombu""]",がごめ昆布,素干し,Gagome kombu,air-dried,129.55,,,,,,,,,TRUE,野菜 > 昆布
09,09015,（こんぶ類）　ながこんぶ　素干し,10.0,8.3,1.5,36.8,21.7,205,430,320,3000,5200,700,3.0,0.9,0.19,0.41,210000,2,(0),(0),0.3,0.19,0.41,2.1,0.02,0.1,38,0.20,"{""baseName"":""ながこんぶ"",""state"":""素干し"",""notes"":[""こんぶ類""]}",ながこんぶはミネラル供給源として利用できるが、ミネラル濃度に注意が必要。,7,1,1,(290),(520),(370),(140),(180),(320),(320),(160),(480),(360),(95),(400),(140),(270),(1.10),(0.36),(0.13),(0.23),(88),(24),(58),(0),(120),"[""ながこんぶ"",""ナガコンブ"",""長昆布"",""naga kombu"",""naga konbu"",""昆布"",""こんぶ"",""コンブ"",""kelp"",""kombu""]",長昆布,素干し,Naga kombu,air-dried,117.75,,,,,,,,,TRUE,野菜 > 昆布
09,09016,（こんぶ類）　ほそめこんぶ　素干し,11.3,6.9,1.7,32.9,17.2,227,900,140,2400,4000,590,9.6,1.1,0.06,0.61,-,-,(0),(0),1.5,0.06,0.28,1.6,0.03,0,310,0.24,"{""baseName"":""ほそめこんぶ"",""state"":""素干し"",""notes"":[""こんぶ類""]}",素干しこんぶはミネラル供給源として有用だがヨウ素含量に留意,7,1,1,(240),(430),(300),(110),(150),(270),(270),(130),(400),(300),(79),(330),(120),(230),(1.24),(0.41),(0.15),(0.27),(100),(27),(65),(0),(140),"[""ほそめこんぶ"",""ホソメコンブ"",""細目昆布"",""hosome kombu"",""hosome konbu"",""昆布"",""こんぶ"",""コンブ"",""kelp"",""kombu""]",細目昆布,素干し,Hosome kombu,air-dried,143.6,,,,,,,,,TRUE,野菜 > 昆布
09,09017,（こんぶ類）　まこんぶ　素干し　乾,9.5,5.8,1.3,32.1,19.1,170,780,180,2600,6100,530,3.2,0.9,0.11,0.21,200000,2,(0),(0),2.6,0.26,0.31,1.3,0.03,(0),240,0.35,"{""baseName"":""まこんぶ"",""state"":""乾"",""notes"":[""こんぶ類""]}",まこんぶはミネラル（ヨウ素等）を多く含む海藻で、適量であれば利用可能だが量に注意が必要。,7,1,1,190,340,240,90,120,210,210,120,330,260,63,270,94,190,0.96,0.32,0.11,0.21,77,21,51,0,110,"[""まこんぶ"",""マコンブ"",""まごんぶ"",""makonbu"",""ma kombu"",""昆布"",""こんぶ"",""コンブ"",""kelp"",""kombu""]",真昆布,乾燥,Ma kombu,dried,144.05,,,,,,,,,TRUE,野菜 > 昆布
09,09056,（こんぶ類）　まこんぶ　素干し　水煮,83.9,1.1,0.3,8.7,3.1,28,200,24,370,890,120,0.7,0.3,0.03,0.05,19000,Tr,(0),(0),0.6,0.03,0.03,0.2,Tr,0,16,0.04,"{""baseName"":""まこんぶ"",""state"":""水煮"",""notes"":[""こんぶ類""]}",昆布はミネラル源として利用できるがヨウ素などが多くなることがあるため少量で使用するのが望ましい。,7,1,1,51,93,57,31,20,51,56,28,84,59,17,69,24,50,0.22,0.07,0.02,0.05,19,5,11,0,24,"[""まこんぶ"",""マコンブ"",""makonbu"",""ma kombu"",""昆布"",""こんぶ"",""コンブ"",""kelp"",""kombu""]",真昆布,水煮,Ma kombu,boiled,16.55,,,,,,,,,TRUE,野菜 > 昆布
09,09018,（こんぶ類）　みついしこんぶ　素干し,9.2,7.7,1.9,34.8,16.5,235,560,230,3000,3200,670,5.1,1.3,0.07,0.21,-,-,(0),(0),1.3,0.40,0.60,2.5,0.03,0,310,0.28,"{""baseName"":""みついしこんぶ"",""state"":""素干し"",""notes"":[""こんぶ類""]}",昆布はミネラルが豊富な海藻で少量の利用は可能だが、ヨウ素含量が高めなため多量使用は避ける。,7,1,1,(270),(490),(340),(130),(170),(300),(300),(150),(440),(330),(88),(370),(130),(250),(1.39),(0.46),(0.16),(0.30),(110),(30),(73),(0),(150),"[""みついしこんぶ"",""ミツイシコンブ"",""mitsuishi kombu"",""mitsuishi konbu"",""昆布"",""こんぶ"",""コンブ"",""kelp"",""kombu""]",みついし昆布,素干し,Mitsuishi kombu,air-dried,147.75,,,,,,,,,TRUE,野菜 > 昆布
09,09019,（こんぶ類）　りしりこんぶ　素干し,13.2,8.0,2.0,31.4,20.3,211,760,240,2700,5300,540,2.4,1.0,0.05,0.22,-,-,(0),(0),1.0,0.80,0.35,2.0,0.02,0,170,0.24,"{""baseName"":""りしりこんぶ"",""state"":""素干し"",""notes"":[""こんぶ類""]}",ミネラル豊富な海藻で少量なら利用しやすい素材,8,1,1,(280),(500),(350),(130),(180),(310),(310),(150),(460),(340),(92),(380),(140),(260),(1.46),(0.48),(0.17),(0.31),(120),(32),(77),(0),(160),"[""りしりこんぶ"",""リシリコンブ"",""利尻昆布"",""rishiri kombu"",""rishiri konbu"",""昆布"",""こんぶ"",""コンブ"",""kelp"",""kombu""]",利尻昆布,素干し,Rishiri kombu,air-dried,132.85,,,,,,,,,TRUE,野菜 > 昆布
09,09020,（こんぶ類）　刻み昆布,15.5,5.4,0.5,39.1,28.4,119,940,300,4300,8200,720,8.6,1.1,0.07,0.34,230000,2,(0),(0),0.3,0.15,0.33,1.2,0.01,0,17,0.09,"{""baseName"":""刻み昆布"",""notes"":[""こんぶ類""]}",刻み昆布は海藻類でミネラル源になり得るが、ヨウ素過多に注意しつつ適量であれば利用可能。,8,1,1,(190),(340),(240),(90),(120),(210),(210),(100),(310),(230),(62),(260),(93),(180),0.24,0.05,0.01,0.04,18,3,5,-,8,"[""刻み昆布"",""きざみこんぶ"",""キザミコンブ"",""kizami kombu"",""kizami konbu"",""昆布"",""こんぶ"",""コンブ"",""kelp"",""kombu""]",刻み昆布,,Shredded kombu,,62,,,,,,,,,TRUE,野菜 > 刻み昆布
09,09021,（こんぶ類）　削り昆布,24.4,6.5,0.9,28.2,18.0,177,650,190,2100,4800,520,3.6,1.1,0.08,0.19,-,-,(0),(0),0.8,0.33,0.28,1.0,0.02,0,32,0.14,"{""baseName"":""削り昆布"",""notes"":[""こんぶ類""]}",昆布はミネラルと旨味を与える良い素材だがヨウ素含有量が高めで使用量に配慮が必要。,7,1,1,(230),(410),(290),(110),(140),(250),(250),(120),(380),(280),(75),(310),(110),(210),0.59,0.08,0.01,0.06,33,2,7,-,19,"[""削り昆布"",""けずりこんぶ"",""ケズリコンブ"",""kezuri kombu"",""shaved kombu"",""昆布"",""こんぶ"",""コンブ"",""kelp"",""kombu""]",削り昆布,,Shaved kombu,,107.4,,,,,,,,,TRUE,野菜 > 削り昆布
09,09024,すいぜんじのり　素干し　水戻し,96.1,1.5,Tr,2.1,0.3,10,63,7,5,12,18,2.5,0.1,0.02,1.57,-,-,(0),(0),0.1,0.02,0.01,Tr,0.01,0.4,2,0.07,"{""baseName"":""すいぜんじのり"",""state"":""水戻し""}",海藻類はミネラル源として有用だがヨウ素過剰に留意しつつ少量で利用可能。,8,0,0,,,,,,,,,,,,,,,,,,,,,,,,"[""すいぜんじのり"",""スイゼンジノリ"",""水前寺のり"",""水前寺海苔"",""suizenji nori"",""suizenji seaweed"",""のり"",""海苔"",""nori"",""seaweed""]",水前寺のり,水戻し,Suizenji nori,rehydrated,5.25,,,,,,,,,TRUE,野菜 > 焼き海苔
09,09025,てんぐさ　素干し,15.2,16.1,1.0,47.3,13.9,194,230,180,1900,3100,1100,6.0,3.0,0.24,0.63,-,-,(0),(0),0.2,0.08,0.83,2.2,0.08,0.5,93,0.29,"{""baseName"":""てんぐさ"",""state"":""素干し""}",てんぐさ（寒天原料）は食物繊維源で犬に使用可能な海藻性素材,8,0,0,,,,,,,,,,,,,,,,,,,,,,,,"[""てんぐさ"",""テングサ"",""天草"",""tengusa"",""agar seaweed"",""agar"",""寒天原料"",""海藻"",""seaweed""]",てんぐさ,素干し,Tengusa,dried,87.6,,,,168989,"Fish, herring eggs on giant kelp, Pacific (Alaska Native)",1.1099977388926487,,,TRUE,粉類 > 寒天
09,09026,てんぐさ　ところてん,99.1,0.2,0,0.6,0.1,2,4,1,3,2,4,0.1,Tr,0.01,0.01,240,Tr,(0),(0),0,0,0,0,0,0,0,0,"{""baseName"":""てんぐさ"",""variety"":""ところてん""}",てんぐさ由来の寒天は食物繊維的に安全で水分保持やとろみ付けに使える,8,1,0,(8.5),(15),(3.6),(2.8),(0),(2.8),(9.6),(0.9),(11),(3.4),(0.4),(10),(0.6),(2.1),,,,,,,,,,"[""てんぐさ"",""テングサ"",""ところてん"",""トコロテン"",""tokoroten"",""天草"",""agar"",""寒天"",""seaweed""]",ところてん,,Tokoroten,,0.7,,,,,,,,,TRUE,粉類 > 寒天
09,09027,てんぐさ　角寒天,20.5,2.4,0.2,74.1,2.8,159,660,34,130,52,100,4.5,1.5,0.02,3.19,-,-,(0),(0),0,0.01,0,0.1,Tr,0,0,0.46,"{""baseName"":""てんぐさ"",""variety"":""角寒天""}",角寒天（てんぐさ由来の寒天）は植物性の増粘材で犬に安全な素材,8,1,1,(100),(170),(43),(33),(0),(33),(120),(11),(130),(41),(5.0),(120),(6.8),(25),(0.13),(0.07),(0.06),(0.01),(3),(1),(58),(0),(7),"[""てんぐさ"",""テングサ"",""角寒天"",""かくかんてん"",""カクカンテン"",""寒天"",""かんてん"",""カンテン"",""agar"",""kanten""]",角寒天,,Agar blocks,,10.1,,,,,,,,,TRUE,粉類 > 角寒天
09,09028,てんぐさ　寒天,98.5,Tr,Tr,1.5,Tr,3,10,1,2,1,2,0.2,Tr,Tr,0.04,21,0,(0),(0),0,Tr,0,0,0,0,0,0,"{""baseName"":""てんぐさ"",""variety"":""寒天""}",てんぐさ（寒天）は消化に良い食物繊維で増粘剤や嗜好性向上に適する安全な素材,9,0,0,,,,,,,,,,,,,,,,,,,,,,,,"[""てんぐさ"",""テングサ"",""寒天"",""かんてん"",""カンテン"",""天草"",""agar"",""kanten"",""海藻""]",寒天,,Kanten (agar),,0,,,,,,,,,TRUE,粉類 > 寒天
09,09049,てんぐさ　粉寒天,16.7,0.2,0.3,79.0,1.2,160,120,39,170,30,39,7.3,0.3,0.04,1.01,81,0,(0),(0),0,0,Tr,0.1,0,0.2,1,0,"{""baseName"":""てんぐさ"",""variety"":""粉寒天""}",粉寒天（てんぐさ由来のアガー）は増粘・ゲル化材として安全に使用できる素材。,9,1,1,7.9,13,3.3,2.5,0,2.5,8.7,0.9,9.6,3.3,0.4,9.4,0.5,1.9,(0.17),(0.09),(0.08),(0.01),(4),(1),(77),(0),(9),"[""粉寒天"",""こなかんてん"",""コナカンテン"",""粉かんてん"",""kona kanten"",""agar powder"",""寒天"",""かんてん"",""agar""]",粉寒天,,Agar powder,,12.35,,,,,,,,,TRUE,粉類 > 粉寒天
09,09029,とさかのり　赤とさか　塩蔵　塩抜き,92.1,1.5,0.1,4.0,1.2,19,70,11,270,37,31,1.2,0.2,0.02,0.10,630,0,(0),(0),0,0,0.04,0,Tr,0.1,0,0.08,"{""baseName"":""とさかのり"",""variety"":""赤とさか 塩蔵"",""state"":""塩抜き""}",とさかのりはミネラルを含む海藻で少量なら安全。ヨウ素や塩分量には注意。,8,0,0,,,,,,,,,,,,,,,,,,,,,,,,"[""とさかのり"",""トサカノリ"",""赤とさかのり"",""あかとさかのり"",""赤とさか"",""akasaka nori"",""tosaka nori"",""seaweed"",""海藻""]",とさかのり,赤・塩抜き,Tosaka nori,"red, desalted",9.95,,,,,,,,,TRUE,野菜 > 焼き海苔
09,09030,とさかのり　青とさか　塩蔵　塩抜き,92.2,0.9,0.2,4.1,1.8,17,160,12,320,40,220,0.8,0.6,0.02,1.47,-,-,(0),(0),0,0,0.02,0,Tr,0,7,0.05,"{""baseName"":""とさかのり"",""variety"":""青とさか 塩蔵"",""state"":""塩抜き""}",とさかのりなどの海藻はミネラル源として有用だがヨウ素過多に注意,7,0,0,,,,,,,,,,,,,,,,,,,,,,,,"[""とさかのり"",""トサカノリ"",""青とさかのり"",""あおとさかのり"",""青とさか"",""aoto saka nori"",""tosaka nori"",""seaweed"",""海藻""]",とさかのり,青・塩抜き,Tosaka nori,"blue, desalted",7.65,,,,,,,,,TRUE,野菜 > 焼き海苔
09,09032,ひとえぐさ　素干し,16.0,16.6,1.0,44.2,20.1,172,920,280,4500,810,880,3.4,0.6,0.86,1.32,-,-,(0),(0),2.5,0.30,0.92,2.4,0.03,0.3,280,0.88,"{""baseName"":""ひとえぐさ"",""state"":""素干し""}",海藻類でミネラル源となり、犬のレシピ素材として利用可能,8,0,0,,,,,,,,,,,,,,,,,,,,,,,,"[""ひとえぐさ"",""ヒトエグサ"",""hitoegusa"",""ヒトエ草"",""海藻"",""seaweed""]",ひとえぐさ,素干し,Hitoegusa,dried,73.95,,,,,,,,,TRUE,野菜 > ひとえぐさ
09,09033,ひとえぐさ　つくだ煮,56.5,14.4,1.3,4.1,6.7,148,28,63,2300,160,94,3.6,0.9,0.15,-,-,-,(0),(0),0.1,0.06,0.26,0.4,0.03,0,23,0.19,"{""baseName"":""ひとえぐさ"",""variety"":""つくだ煮""}",海藻の佃煮で海藻自体は犬に安全な素材。ただし調味済みの加工食品である点は留意。,8,1,1,560,880,610,160,120,280,530,160,690,520,53,670,270,450,0.45,0.20,0.17,0.02,18,100,13,14,2,"[""ひとえぐさ"",""ヒトエグサ"",""つくだ煮"",""つくだに"",""tsukudani"",""hitoegusa"",""海藻"",""seaweed""]",ひとえぐさ,つくだ煮,Hitoegusa,tsukudani,120.95,,,,,,,,,TRUE,野菜 > ひとえぐさ
09,09034,ふのり　素干し,14.7,13.8,1.0,43.1,12.7,207,330,130,2700,600,730,4.8,1.8,0.38,0.65,-,-,(0),(0),0.7,0.16,0.61,1.7,0.13,0,68,0.94,"{""baseName"":""ふのり"",""state"":""素干し""}",ふのりは海藻でミネラルと繊維が得られるが摂取量は管理が必要,7,1,1,(560),(980),(680),(300),(230),(530),(510),(450),(960),(700),(170),(870),(190),(760),(0.58),(0.38),(0.32),(0.05),(11),(1),(310),-,(27),"[""ふのり"",""フノリ"",""布海苔"",""funori"",""funori seaweed"",""のり"",""海苔"",""nori"",""seaweed""]",布海苔,素干し,Funori,dried,108.25,,,,,,,,,TRUE,野菜 > ふのり
09,09035,まつも　素干し,12.6,27.9,4.9,28.5,13.8,252,920,530,1300,3800,700,11.0,5.2,0.26,1.25,-,-,(0),(0),13.0,0.48,1.61,5.0,0.06,0,720,1.24,"{""baseName"":""まつも"",""state"":""素干し""}",まつもは海藻類でミネラルや食物繊維を供給できるため素材として利用可能（ヨウ素量に注意）,7,1,1,(1200),(2300),(1500),(850),(400),(1200),(1500),(1100),(2600),(1500),(540),(1700),(540),(1600),(2.81),(1.10),(0.57),(0.53),(230),(190),(220),(4),(290),"[""まつも"",""マツモ"",""matsumo"",""海藻"",""seaweed""]",まつも,素干し,Matsumo (seaweed),Sun-dried,182.35,,,,,,,,,FALSE,
09,09036,むかでのり　塩蔵　塩抜き,93.7,0.6,0.1,4.2,1.4,12,85,9,220,6,120,0.8,0.1,0.01,0.41,-,-,(0),(0),0,0,Tr,16.0,0,0,0,0,"{""baseName"":""むかでのり"",""variety"":""塩蔵"",""state"":""塩抜き""}",海藻はミネラル源になるがヨウ素過剰や塩分に注意が必要,7,0,1,,,,,,,,,,,,,,,0.07,0.05,0.04,0.01,1,Tr,39,0,13,"[""むかでのり"",""ムカデノリ"",""mukade nori"",""むかで海苔"",""海藻"",""seaweed"",""塩蔵むかでのり""]",むかでのり,塩蔵・塩抜き,Mukade-nori (seaweed),"Salt-cured, Desalted",2.95,,,,,,,,,FALSE,
09,09037,（もずく類）　おきなわもずく　塩蔵　塩抜き,96.7,0.3,0.2,2.0,0.8,7,22,2,240,7,21,0.2,Tr,0.01,0.01,140,1,(0),(0),0.1,Tr,0.09,0,0,0,2,0,"{""baseName"":""おきなわもずく"",""variety"":""塩蔵"",""state"":""塩抜き"",""notes"":[""もずく類""]}",おきなわもずく（塩蔵・塩抜き）は海藻由来の食物繊維やミネラルを含み、適切に処理されたものは利用可能,8,1,1,13,24,14,9.1,4.8,14,16,12,27,16,5.3,17,5.5,16,0.11,0.04,0.02,0.02,9,8,9,Tr,12,"[""おきなわもずく"",""沖縄もずく"",""okinawa mozuku"",""もずく"",""モズク"",""mozuku"",""海藻"",""seaweed"",""塩蔵もずく""]",おきなわもずく,塩蔵・塩抜き,Okinawa mozuku (seaweed),"Salt-cured, Desalted",2.75,,,,,,,,,TRUE,野菜 > もずく
09,09038,（もずく類）　もずく　塩蔵　塩抜き,97.7,0.2,0.1,1.4,0.6,4,22,2,90,2,12,0.7,0.3,0.01,0.03,-,-,(0),(0),0.1,Tr,0.01,Tr,Tr,0.1,2,0,"{""baseName"":""もずく"",""variety"":""塩蔵"",""state"":""塩抜き"",""notes"":[""もずく類""]}",塩抜きしたもずくはミネラルや食物繊維を含む海藻で、適量であれば犬の素材として利用可能。,7,1,1,8.9,17,11,6.1,2.9,8.9,10,8.2,19,11,3.8,12,3.8,11,(0.06),(0.02),(0.01),(0.01),(5),(4),(4),(0),(6),"[""もずく"",""モズク"",""mozuku"",""もずく類"",""海藻"",""seaweed"",""塩蔵もずく""]",もずく,塩蔵・塩抜き,Mozuku (seaweed),"Salt-cured, Desalted",1.55,,,,,,,,,TRUE,野菜 > もずく
09,09039,わかめ　原藻　生,89.0,1.9,0.2,3.6,3.3,24,100,36,610,730,110,0.7,0.3,0.02,0.05,1600,1,(0),(0),0.1,0.07,0.18,0.9,0.03,0.3,29,0.19,"{""baseName"":""わかめ"",""variety"":""原藻"",""state"":""生""}",わかめはミネラルや食物繊維が豊富だが、与え方によっては注意が必要,7,1,1,(84),(160),(110),(48),(19),(67),(94),(48),(140),(88),(33),(110),(38),(91),(0.08),(0.06),(0.04),(0.02),(6),(9),(12),(0),(12),"[""わかめ"",""ワカメ"",""若布"",""wakame"",""海藻"",""seaweed"",""原藻わかめ""]",わかめ,原藻・生,Wakame,"Raw, Whole",15.35,,,,,,,,,TRUE,野菜 > わかめ
09,09040,わかめ　乾燥わかめ　素干し,11.3,14.4,2.6,29.8,32.2,172,830,350,6400,6000,1000,5.8,1,0.06,0.38,10000,6,(0),(0),1.2,0.36,1.01,9.1,0.11,0.2,320,0.47,"{""baseName"":""わかめ"",""variety"":""乾燥わかめ"",""state"":""素干し""}",わかめはミネラルと食物繊維が豊富で安全に使える海藻類の素材。,8,1,1,(650),(1200),(820),(370),(150),(510),(720),(380),(1100),(720),(250),(840),(290),(700),(1.06),(0.84),(0.58),(0.26),(74),(120),(150),(0),(160),"[""乾燥わかめ"",""乾燥ワカメ"",""dried wakame"",""わかめ"",""ワカメ"",""wakame"",""海藻"",""seaweed""]",乾燥わかめ,素干し,Dried wakame,Sun-dried,106.45,,,,,,,,,TRUE,野菜 > カットわかめ
09,09041,わかめ　乾燥わかめ　素干し　水戻し,91.7,1.6,0.3,4.3,1.4,20,100,35,260,440,96,0.4,0.1,0.04,0.05,1300,1,(0),(0),0.2,0.05,0.07,0.4,0.01,Tr,33,0.02,"{""baseName"":""わかめ"",""variety"":""乾燥わかめ"",""state"":""水戻し""}",わかめはミネラル（ヨウ素）や食物繊維が豊富だが過剰摂取に注意が必要。,7,1,1,(74),(130),(92),(41),(16),(58),(81),(43),(120),(81),(29),(95),(33),(79),(0.12),(0.10),(0.07),(0.03),(9),(14),(17),(0),(18),"[""乾燥わかめ"",""乾燥ワカメ"",""dried wakame"",""わかめ"",""ワカメ"",""wakame"",""海藻"",""seaweed""]",乾燥わかめ,水戻し,Dried wakame,Rehydrated,10.6,,,,,,,,,TRUE,野菜 > カットわかめ
09,09060,わかめ　乾燥わかめ　素干し　水戻し　水煮,95.3,1,0.3,2.9,0.8,10,69,21,150,240,66,0.2,0.1,0.05,0.03,730,Tr,-,-,0.1,0.02,0.03,0.2,0.01,0.1,9,0.02,"{""baseName"":""わかめ"",""variety"":""乾燥わかめ"",""state"":""水煮""}",わかめ（水煮）はミネラルや食物繊維を含む海藻で少量なら素材として適している,7,1,1,(47),(85),(58),(26),(10),(37),(51),(27),(79),(52),(18),(60),(21),(50),(0.11),(0.08),(0.06),(0.03),(7),(12),(15),(0),(16),"[""乾燥わかめ"",""乾燥ワカメ"",""dried wakame"",""わかめ"",""ワカメ"",""wakame"",""海藻"",""seaweed""]",乾燥わかめ,水煮,Dried wakame,Boiled,6.05,,,,,,,,,TRUE,野菜 > カットわかめ
09,09042,わかめ　乾燥わかめ　板わかめ,7.2,16.7,1.2,31.7,27.5,200,960,330,3900,7400,620,6.4,5.2,0.13,1.59,-,-,(0),(0),2.6,0.62,1.50,9.5,0.23,0.2,510,0.48,"{""baseName"":""わかめ"",""variety"":""乾燥わかめ 板わかめ""}",ミネラルを含む海藻で少量の風味付けや栄養源として使いやすい,8,1,1,(760),(1400),(950),(430),(170),(590),(830),(440),(1300),(840),(290),(970),(340),(820),(0.49),(0.39),(0.27),(0.12),(34),(57),(70),(0),(73),"[""板わかめ"",""板ワカメ"",""ita wakame"",""乾燥わかめ"",""わかめ"",""ワカメ"",""wakame"",""海藻"",""seaweed""]",板わかめ,,Wakame sheet,Dried,123.6,,,,,,,,,TRUE,野菜 > わかめ
09,09043,わかめ　乾燥わかめ　灰干し　水戻し,96.0,1.1,0.1,2.2,0.6,9,140,16,48,60,55,0.7,0.3,0.08,-,-,-,0,(0),0,0,0.03,0,0,0.2,1,0.05,"{""baseName"":""わかめ"",""variety"":""乾燥わかめ 灰干し"",""state"":""水戻し""}",水戻ししたわかめはヨウ素を多く含むが少量であれば問題なく犬のレシピに使える海藻類である。,7,1,1,(50),(91),(62),(28),(11),(39),(55),(29),(84),(55),(19),(64),(23),(54),(0.04),(0.03),(0.02),(0.01),(3),(5),(6),(0),(6),"[""灰干しわかめ"",""灰干しワカメ"",""乾燥わかめ"",""わかめ"",""ワカメ"",""wakame"",""海藻"",""seaweed""]",灰干しわかめ,水戻し,Ash-dried wakame,Rehydrated,4.7,,,,,,,,,TRUE,野菜 > わかめ
09,09044,わかめ　カットわかめ　乾,9.2,17.9,4.0,39.2,26.8,186,870,300,9300,430,460,6.5,2.8,0.13,0.46,10000,9,0,0,0.5,0.07,0.08,0.3,0.01,2.0,18,0.06,"{""baseName"":""わかめ"",""variety"":""カットわかめ"",""state"":""乾""}",乾燥わかめはミネラル（ヨウ素）を多く含むため少量であれば利用可能,7,1,1,810,1500,1000,460,180,640,890,470,1400,900,320,1000,370,870,1.64,1.29,0.90,0.40,110,190,230,0,240,"[""カットわかめ"",""カットワカメ"",""cut wakame"",""乾燥わかめ"",""わかめ"",""ワカメ"",""wakame"",""海藻"",""seaweed""]",カットわかめ,乾燥,Cut wakame,Dried,106.8,,,,,,,,,TRUE,野菜 > カットわかめ
09,09058,わかめ　カットわかめ　水煮　（沸騰水で短時間加熱したもの）,93.6,1.3,0.8,3.2,1.0,17,76,22,310,15,37,0.6,0.3,0.01,0.04,720,1,-,-,Tr,Tr,0,0,0,0.1,1,0,"{""baseName"":""わかめ"",""variety"":""カットわかめ"",""state"":""水煮"",""notes"":[""沸騰水で短時間加熱したもの""]}",わかめは海藻類でミネラルや食物繊維が豊富で犬のレシピ素材として適している,8,1,1,(57),(100),(71),(32),(13),(45),(63),(33),(96),(63),(22),(73),(26),(61),(0.34),(0.27),(0.19),(0.08),(24),(39),(48),(0),(51),"[""カットわかめ"",""カットワカメ"",""cut wakame"",""わかめ"",""ワカメ"",""wakame"",""海藻"",""seaweed""]",カットわかめ,水煮,Cut wakame,Blanched,11.7,,,,,,,,,TRUE,野菜 > カットわかめ
09,09059,わかめ　カットわかめ　水煮の汁,99.8,-,-,0,0.1,0,1,Tr,68,3,1,0,0,0,0,36,0,-,-,0,Tr,0,0,0,0,0,0,"{""baseName"":""わかめ"",""variety"":""カットわかめ 水煮の汁""}",わかめの水煮の汁はミネラルを含むが、成分により塩分・ヨウ素に注意が必要な液体成分,7,0,0,,,,,,,,,,,,,,,,,,,,,,,,"[""カットわかめ"",""カットワカメ"",""cut wakame"",""わかめ"",""ワカメ"",""wakame"",""わかめの汁"",""海藻"",""seaweed""]",わかめの汁,カットわかめ・水煮の汁,Wakame broth,From cut wakame (boiled),0.35,,,,,,,,,TRUE,野菜 > わかめ
09,09045,わかめ　湯通し塩蔵わかめ　塩抜き　生,93.3,1.5,0.3,2.9,1.4,16,50,30,530,10,16,0.5,0.2,0.04,0.03,810,Tr,(0),(0),0.1,0.01,0.01,0,Tr,0,6,0.07,"{""baseName"":""わかめ"",""variety"":""湯通し塩蔵わかめ"",""state"":""生""}",わかめはミネラル・食物繊維が豊富だがヨウ素や塩分に注意。,7,1,1,73,130,91,46,17,63,81,60,140,79,30,93,32,94,0.21,0.15,0.10,0.05,14,23,29,0,35,"[""湯通し塩蔵わかめ"",""塩蔵わかめ"",""わかめ"",""ワカメ"",""wakame"",""海藻"",""seaweed""]",湯通し塩蔵わかめ,塩抜き・生,Parboiled salt-cured wakame,"Desalted, Raw",9.9,,,,,,,,,TRUE,野菜 > わかめ
09,09057,わかめ　湯通し塩蔵わかめ　塩抜き　ゆで,97.5,0.6,0.1,1.1,0.3,7,19,10,130,2,5,0.3,0.1,0.02,0.01,200,0,(0),(0),Tr,0.01,0,0,0,(0),0,0,"{""baseName"":""わかめ"",""variety"":""湯通し塩蔵わかめ"",""state"":""ゆで""}",湯通しして塩抜きしたわかめは海藻類として利用できるがミネラル量に留意が必要。,7,1,1,29,52,35,19,7.0,26,32,25,57,32,12,37,13,38,0.10,0.07,0.05,0.02,6,11,14,0,15,"[""湯通し塩蔵わかめ"",""塩蔵わかめ"",""わかめ"",""ワカメ"",""wakame"",""海藻"",""seaweed""]",湯通し塩蔵わかめ,塩抜き・ゆで,Parboiled salt-cured wakame,"Desalted, Boiled",4.35,,,,,,,,,TRUE,野菜 > わかめ
09,09046,わかめ　くきわかめ　湯通し塩蔵　塩抜き,84.9,1.1,0.3,5.1,8.2,18,86,34,3100,88,70,0.4,0.1,0.02,0.04,-,-,(0),(0),0,0.02,0.02,0.1,Tr,0,2,0.07,"{""baseName"":""わかめ"",""variety"":""くきわかめ 湯通し塩蔵"",""state"":""塩抜き""}",塩抜きしたくきわかめは海藻として利用可能だがミネラル量に注意が必要,7,1,1,(50),(50),(50),(50),(50),(100),(50),(50),(100),(50),(50),(50),(50),(50),(0.12),(0.10),(0.07),(0.03),(9),(14),(17),(0),(18),"[""くきわかめ"",""茎わかめ"",""くきワカメ"",""茎ワカメ"",""kuki wakame"",""stem wakame"",""塩蔵くきわかめ"",""わかめ"",""wakame"",""海藻"",""seaweed""]",くきわかめ,湯通し塩蔵・塩抜き,Stem wakame (kuki wakame),"Parboiled, Desalted",7.8,,,,,,,,,TRUE,野菜 > わかめ
09,09047,わかめ　めかぶわかめ　生,94.2,0.9,0.6,3.4,0.9,14,77,26,170,88,61,0.3,0.2,0.02,0.03,390,Tr,(0),(0),0.1,0.02,0.03,0.2,0.01,0,36,0.05,"{""baseName"":""わかめ"",""variety"":""めかぶわかめ"",""state"":""生""}",わかめ（めかぶ）はミネラルや食物繊維を含むがヨウ素量に注意が必要な海藻類,7,1,1,31,58,47,21,12,32,35,24,59,41,12,47,17,46,0.48,0.11,0.02,0.08,33,4,15,0,40,"[""めかぶわかめ"",""めかぶ"",""メカブ"",""mekabu"",""わかめ"",""wakame"",""海藻"",""seaweed""]",めかぶ,生,Mekabu,Raw,8.25,,,,,,,,,TRUE,野菜 > めかぶ
10,10001,＜魚類＞　あいなめ　生,76.0,19.1,3.4,(0),1.4,105,55,220,150,370,39,0.4,0.5,0.06,-,-,-,6,9,1.7,0.24,0.26,2.6,0.18,2.2,8,0.98,"{""baseName"":""あいなめ"",""state"":""生"",""notes"":[""魚類""]}",あいなめなどの魚は良質な動物性蛋白で犬のレシピ素材として適している,9,1,1,(880),(1500),(1800),(590),(220),(810),(750),(640),(1400),(840),(210),(970),(520),(1200),2.80,0.99,0.85,0.11,22,12,350,380,64,"[""あいなめ"",""アイナメ"",""ainame"",""greenling"",""魚"",""fish""]",あいなめ,生,Ainame (greenling),Raw,96.1,,,,169809,"Fish, lingcod, meat, raw (Alaska Native)",1.014915818471392,,,TRUE,魚介類 > 白身魚
10,10002,＜魚類＞　あこうだい　生,79.8,16.8,2.3,(0),1.0,86,15,170,75,310,24,0.3,0.4,0.02,Tr,-,-,26,1,3.4,0.11,0.04,1.1,0.05,0.7,3,0.35,"{""baseName"":""あこうだい"",""state"":""生"",""notes"":[""魚類""]}",あこうだい（白身魚）は良質な魚肉で犬のレシピ素材として適している。,9,1,1,830,1400,1700,550,180,740,710,600,1300,830,180,870,400,1000,1.70,0.27,0.23,0.04,14,2,41,160,25,"[""あこうだい"",""アコウダイ"",""akoudai"",""魚"",""fish""]",あこうだい,生,Akoudai,Raw,78.7,,,,174191,"Fish, cod, Pacific, raw (may have been previously frozen)",1.4592756346937708,,65,TRUE,魚介類 > 白身魚
10,10003,＜魚類＞　（あじ類）　まあじ　皮つき　生,75.1,19.7,4.5,(0),1.3,112,66,230,130,360,34,0.6,1.1,0.07,0.01,20,46,7,8.9,0.6,0.13,0.13,5.5,0.30,7.1,5,0.41,"{""baseName"":""まあじ"",""formModifiers"":[""皮つき""],""state"":""生"",""notes"":[""魚類"",""あじ類""]}",あじは良質な魚のタンパク源だが骨の除去と加熱が望ましい,8,1,1,870,1500,1800,580,210,790,790,690,1500,960,230,990,790,1200,3.37,1.22,1.05,0.13,31,18,300,570,61,"[""まあじ"",""マアジ"",""真鯵"",""鯵"",""あじ"",""アジ"",""aji"",""horse mackerel"",""魚"",""fish""]",鯵,皮つき・生,Horse mackerel,"Skin-on, Raw",107.2,,,,175123,"Fish, mullet, striped, raw",1.0979264579407668,,70.2,TRUE,魚介類 > あじ
10,10389,＜魚類＞　（あじ類）　まあじ　皮なし　生,75.6,19.7,4.1,(0),1.2,108,12,220,110,360,31,0.9,0.6,0.09,0.01,20,42,7,7.9,0.9,0.14,0.20,6.4,0.41,9.8,9,0.53,"{""baseName"":""まあじ"",""formModifiers"":[""皮なし""],""state"":""生"",""notes"":[""魚類"",""あじ類""]}",まあじ（あじ）は良質な魚類のタンパク源で、魚として素材に適する,9,1,1,900,1500,1800,600,210,810,790,710,1500,950,230,1000,810,1200,2.88,1.01,0.89,0.10,28,16,260,480,38,"[""あじ"",""アジ"",""鯵"",""まあじ"",""マアジ"",""真鯵"",""aji"",""horse mackerel""]",まあじ,皮なし・生,Horse Mackerel,"Skinless, Raw",103.8,,,,173673,"Fish, mackerel, spanish, raw",1.0183126474382789,,50.5,TRUE,魚介類 > あじ
10,10004,＜魚類＞　（あじ類）　まあじ　皮つき　水煮,70.3,22.4,5.9,(0),1.3,136,80,250,130,350,36,0.7,1.3,0.07,0.01,14,64,8,11.0,0.3,0.13,0.12,5.3,0.25,5.9,5,0.38,"{""baseName"":""まあじ"",""formModifiers"":[""皮つき""],""state"":""水煮"",""notes"":[""魚類"",""あじ類""]}",加熱済みの魚で良質なたんぱく質と脂肪酸の供給源として適している,9,1,1,(990),(1700),(2000),(660),(240),(900),(890),(790),(1700),(1100),(260),(1100),(890),(1400),4.43,1.56,1.33,0.17,41,24,390,710,78,"[""あじ"",""アジ"",""鯵"",""まあじ"",""マアジ"",""真鯵"",""aji"",""horse mackerel""]",まあじ,皮つき・水煮,Horse Mackerel,"Skin-on, Boiled",128.9,,,,175123,"Fish, mullet, striped, raw",1.1002177265508097,,70.2,TRUE,魚介類 > あじ
10,10005,＜魚類＞　（あじ類）　まあじ　皮つき　焼き,65.3,25.9,6.4,(0),1.8,157,100,320,180,470,44,0.8,1.5,0.08,0.01,27,78,8,12.0,0.7,0.15,0.15,6.8,0.27,7.1,5,0.47,"{""baseName"":""まあじ"",""formModifiers"":[""皮つき""],""state"":""焼き"",""notes"":[""魚類"",""あじ類""]}",加熱された青魚で良質なタンパク源。骨は除去して使う前提で適している。,9,1,1,(1100),(2000),(2300),(770),(270),(1000),(1000),(910),(1900),(1300),(300),(1300),(1000),(1600),4.84,1.76,1.51,0.20,47,27,430,820,88,"[""あじ"",""アジ"",""鯵"",""まあじ"",""マアジ"",""真鯵"",""aji"",""horse mackerel""]",まあじ,皮つき・焼き,Horse Mackerel,"Skin-on, Grilled",147.15,,,,173674,"Fish, mackerel, spanish, cooked, dry heat",1.1852016824673106,,,TRUE,魚介類 > あじ
10,10006,＜魚類＞　（あじ類）　まあじ　開き干し　生,68.4,20.2,8.8,(0),2.5,150,36,220,670,310,27,0.8,0.7,0.09,0.01,24,50,Tr,3,0.7,0.10,0.15,3.7,0.31,6.3,6,0.81,"{""baseName"":""まあじ"",""variety"":""開き干し"",""state"":""生"",""notes"":[""魚類"",""あじ類""]}",まあじは良質なたんぱく源の魚類。骨は除去して使用することが前提,9,1,1,(890),(1600),(1800),(600),(210),(810),(800),(710),(1500),(980),(230),(1000),(800),(1300),6.37,1.78,1.59,0.19,67,34,400,950,98,"[""あじ"",""アジ"",""鯵"",""まあじ"",""マアジ"",""真鯵"",""開き干し"",""ひらき"",""開き"",""aji"",""horse mackerel""]",まあじ,開き干し・生,Horse Mackerel,"Open-dried, Raw",145.85,,,,173673,"Fish, mackerel, spanish, raw",1.0781788535888317,,50.5,TRUE,魚介類 > あじ
10,10007,＜魚類＞　（あじ類）　まあじ　開き干し　焼き,60.0,24.6,12.3,(0),3.0,194,57,270,770,350,38,0.9,0.9,0.10,0.01,-,-,Tr,2.6,1.0,0.12,0.14,4.7,0.32,8.5,6,0.75,"{""baseName"":""まあじ"",""variety"":""開き干し"",""state"":""焼き"",""notes"":[""魚類"",""あじ類""]}",開き干しのまあじ（焼き）は良質な魚由来のタンパク質で利用可能だが塩分が含まれる場合があるため注意。,9,1,1,(1100),(1900),(2200),(730),(260),(990),(980),(870),(1800),(1200),(280),(1200),(980),(1500),8.79,2.47,2.21,0.26,87,47,560,1300,130,"[""あじ"",""アジ"",""鯵"",""まあじ"",""マアジ"",""真鯵"",""開き干し"",""ひらき"",""開き"",""aji"",""horse mackerel""]",まあじ,開き干し・焼き,Horse Mackerel,"Open-dried, Grilled",191,,,,175116,"Fish, herring, Atlantic, raw",0.915725830855383,,65,TRUE,魚介類 > あじ
10,10391,＜魚類＞　（あじ類）　まあじ　小型　骨付き　生,73.4,17.8,5.0,(0),2.9,114,780,570,120,330,43,1.1,1.2,0.07,0.05,41,52,33,5.1,0.9,0.19,0.17,4.6,0.26,5.6,11,0.47,"{""baseName"":""まあじ"",""variety"":""小型 骨付き"",""state"":""生"",""notes"":[""魚類"",""あじ類""]}",良質な魚のタンパク源。骨は除去し、鮮度管理や加熱に注意して使用。,9,1,1,780,1300,1500,520,180,710,720,600,1300,840,200,890,610,1100,3.56,1.35,1.18,0.12,39,22,370,610,48,"[""あじ"",""アジ"",""鯵"",""まあじ"",""マアジ"",""真鯵"",""小あじ"",""小アジ"",""小鯵"",""骨付き"",""ほねつき"",""aji"",""horse mackerel""]",まあじ,小型・骨付き・生,Horse Mackerel,"Small, Bone-in, Raw",107.95,,,,173674,"Fish, mackerel, spanish, cooked, dry heat",1.3908630036869294,,,TRUE,魚介類 > あじ
10,10393,＜魚類＞　（あじ類）　まるあじ　生,71.2,22.1,5.6,(0),1.3,133,53,260,59,410,33,1.2,1.3,0.09,0.01,-,-,11,19.0,1.2,0.10,0.19,7.4,0.47,9.9,8,0.59,"{""baseName"":""まるあじ"",""state"":""生"",""notes"":[""魚類"",""あじ類""]}",まるあじ（生）は良質なタンパク源だが、生魚は寄生虫や食品衛生上のリスクがあるため注意が必要,8,1,1,940,1600,1900,680,240,910,840,750,1600,1000,260,1100,1000,1300,4.41,1.56,1.33,0.20,44,26,350,770,89,"[""まるあじ"",""マルアジ"",""丸鯵"",""丸アジ"",""あじ"",""アジ"",""鯵"",""maruaji"",""aji"",""horse mackerel""]",まるあじ,生,Horse Mackerel,"Maruaji, Raw",124.95,,,,173674,"Fish, mackerel, spanish, cooked, dry heat",1.1145587439451716,,,TRUE,魚介類 > あじ
10,10394,＜魚類＞　（あじ類）　まるあじ　焼き,62.4,28.7,7.7,(0),1.7,175,94,330,93,540,41,1.5,1.5,0.09,0.02,-,-,15,15.0,1.3,0.09,0.18,8.2,0.24,9.4,8,0.53,"{""baseName"":""まるあじ"",""state"":""焼き"",""notes"":[""魚類"",""あじ類""]}",まるあじ（焼き）は加熱済みの魚でタンパク源として適切だが骨の除去は必要,8,1,1,1200,2100,2500,860,300,1200,1100,1000,2100,1400,340,1400,1300,1700,5.94,2.02,1.64,0.34,160,47,390,970,94,"[""まるあじ"",""マルアジ"",""丸鯵"",""丸アジ"",""あじ"",""アジ"",""鯵"",""maruaji"",""aji"",""horse mackerel""]",まるあじ,焼き,Horse Mackerel,"Maruaji, Grilled",165.9,,,,,,,,,TRUE,魚介類 > あじ
10,10008,＜魚類＞　（あじ類）　にしまあじ　生,69.9,19.6,9.1,(0),1.3,156,26,230,160,360,37,1.0,0.9,0.08,0.01,41,47,16,8,0.3,0.10,0.21,6.1,0.29,8.1,11,0.59,"{""baseName"":""にしまあじ"",""state"":""生"",""notes"":[""魚類"",""あじ類""]}",生のニシマアジは良質なたんぱく源だが生食特有の寄生虫・リスクに注意が必要,8,1,1,940,1600,1900,610,200,810,840,720,1600,1000,220,1000,620,1300,7.73,2.20,1.99,0.17,54,40,520,1100,56,"[""にしまあじ"",""ニシマアジ"",""西まあじ"",""にしまあじ"",""あじ"",""アジ"",""鯵"",""nishimaaji"",""aji"",""horse mackerel""]",にしまあじ,生,Horse Mackerel,"Nishimaaji, Raw",146.3,,,,173673,,,,50.5,TRUE,魚介類 > あじ
10,10009,＜魚類＞　（あじ類）　にしまあじ　水煮,68.0,21.7,8.8,(0),1.4,160,30,230,180,350,40,1.1,0.9,0.08,0.01,41,55,12,9.6,0.3,0.11,0.18,4.8,0.24,7.0,11,0.50,"{""baseName"":""にしまあじ"",""state"":""水煮"",""notes"":[""魚類"",""あじ類""]}",骨等が除かれた加熱済み魚で良質なタンパク質と不飽和脂肪酸を供給する安全な素材。,9,1,1,990,1700,2000,690,240,920,900,780,1700,1100,250,1100,630,1400,7.26,2.06,1.86,0.17,47,36,490,1100,56,"[""にしまあじ"",""ニシマアジ"",""西まあじ"",""にしまあじ"",""あじ"",""アジ"",""鯵"",""nishimaaji"",""aji"",""horse mackerel""]",にしまあじ,水煮,Horse Mackerel,"Nishimaaji, Boiled",151.1,,,,173674,"Fish, mackerel, spanish, cooked, dry heat",0.8419410228806788,,,TRUE,魚介類 > あじ
10,10010,＜魚類＞　（あじ類）　にしまあじ　焼き,63.0,24.7,10.4,(0),1.8,186,58,300,220,440,44,1.2,1.2,0.10,0.02,49,65,13,7.2,0.4,0.12,0.21,6.2,0.34,6.3,13,0.59,"{""baseName"":""にしまあじ"",""state"":""焼き"",""notes"":[""魚類"",""あじ類""]}",焼きあじは調理済みの魚で良質なたんぱく源、骨を除けば素材として適している,9,1,1,1100,2000,2300,810,270,1100,1000,900,1900,1200,290,1300,740,1600,8.75,2.44,2.22,0.20,53,40,550,1300,73,"[""にしまあじ"",""ニシマアジ"",""西まあじ"",""にしまあじ"",""あじ"",""アジ"",""鯵"",""nishimaaji"",""aji"",""horse mackerel""]",にしまあじ,焼き,Horse Mackerel,"Nishimaaji, Grilled",175.2,,,,173674,"Fish, mackerel, spanish, cooked, dry heat",1.1003577952278512,,,TRUE,魚介類 > あじ
10,10457,＜魚類＞　（あじ類）　にしまあじ　開き干し　生,68,20,10.2,-,2.3,163,68,210,560,360,40,0.7,0.7,0.06,0.01,33,47,8,49.8,1.1,0.08,0.13,5.4,0.21,5,7,0.37,"{""baseName"":""にしまあじ"",""variety"":""開き干し"",""state"":""生"",""notes"":[""魚類"",""あじ類""]}",開き干しの魚はタンパク源として使えるが塩分や乾燥処理に注意,8,1,1,950,1600,1900,650,210,860,860,740,1600,1000,230,1000,710,1300,8.47,2.05,1.83,0.18,49,44,490,1000,64,"[""にしまあじ"",""ニシマアジ"",""西まあじ"",""開き干し"",""ひらき"",""開き"",""あじ"",""アジ"",""鯵"",""nishimaaji"",""aji"",""horse mackerel""]",にしまあじ,開き干し・生,Horse Mackerel,"Nishimaaji, Open-dried, Raw",156.7,,,,,,,,,TRUE,魚介類 > あじ
10,10458,＜魚類＞　（あじ類）　にしまあじ　開き干し　焼き,60.1,25.2,12.3,-,3.1,203,75,250,760,450,47,0.9,0.8,0.08,0.01,47,62,15,51.6,0.9,0.11,0.18,6.5,0.16,7.1,7,0.45,"{""baseName"":""にしまあじ"",""variety"":""開き干し"",""state"":""焼き"",""notes"":[""魚類"",""あじ類""]}",開き干し焼きのにしまあじは調理済み魚で利用可能だが、骨や塩分に注意。,8,1,1,1200,2100,2500,820,270,1100,1100,940,2000,1300,300,1300,890,1600,10.62,3.03,2.73,0.23,88,65,720,1600,74,"[""にしまあじ"",""ニシマアジ"",""西まあじ"",""開き干し"",""ひらき"",""開き"",""あじ"",""アジ"",""鯵"",""nishimaaji"",""aji"",""horse mackerel""]",にしまあじ,開き干し・焼き,Horse Mackerel,"Nishimaaji, Open-dried, Grilled",192.75,,,,173674,"Fish, mackerel, spanish, cooked, dry heat",1.078829752257173,,,TRUE,魚介類 > あじ
10,10011,＜魚類＞　（あじ類）　むろあじ　生,67.7,23.6,6.9,(0),1.4,147,19,280,56,420,35,1.6,1.0,0.13,0.02,-,-,4,6,0.6,0.18,0.32,15.0,0.57,13.0,5,0.74,"{""baseName"":""むろあじ"",""state"":""生"",""notes"":[""魚類"",""あじ類""]}",むろあじ（生）は良質な魚だが生魚の取り扱いを考慮する必要があるため,8,1,1,(1100),(1800),(2200),(730),(260),(990),(950),(790),(1700),(1100),(270),(1200),(1100),(1400),4.56,1.66,1.45,0.21,52,40,350,900,82,"[""むろあじ"",""ムロアジ"",""室鯵"",""あじ"",""アジ"",""鯵"",""muroaji"",""aji"",""horse mackerel""]",むろあじ,生,Horse Mackerel,"Muroaji, Raw",142.65,,,,173672,"Fish, mackerel, Pacific and jack, mixed species, raw",1.031082970115363,,66.9,TRUE,魚介類 > あじ
10,10012,＜魚類＞　（あじ類）　むろあじ　焼き,61.9,29.7,6.2,(0),1.6,167,28,330,74,480,40,1.8,1.2,0.15,0.03,-,-,5,7,0.8,0.28,0.30,16.0,0.52,13.0,6,0.76,"{""baseName"":""むろあじ"",""state"":""焼き"",""notes"":[""魚類"",""あじ類""]}",焼いたむろあじは良質な動物性タンパク源で、骨を除けば犬の素材として適する。,9,1,1,(1400),(2300),(2700),(910),(330),(1200),(1200),(1000),(2200),(1300),(340),(1600),(1400),(1700),3.97,1.42,1.23,0.19,46,34,300,770,73,"[""むろあじ"",""ムロアジ"",""室鯵"",""あじ"",""アジ"",""鯵"",""muroaji"",""aji"",""horse mackerel""]",むろあじ,焼き,Horse Mackerel,"Muroaji, Grilled",158.75,,,,173672,"Fish, mackerel, Pacific and jack, mixed species, raw",1.3289435868893948,,66.9,TRUE,魚介類 > あじ
10,10013,＜魚類＞　（あじ類）　むろあじ　開き干し,67.9,22.9,6.2,(0),2.9,140,43,260,830,320,35,1.4,0.8,0.14,0.02,-,-,Tr,7,0.4,0.17,0.30,14.0,0.59,9.4,5,0.62,"{""baseName"":""むろあじ"",""variety"":""開き干し"",""notes"":[""魚類"",""あじ類""]}",開き干しのむろあじは魚として利用可能だが乾燥・塩分があるため使用量に注意,7,1,1,(1000),(1800),(2100),(700),(250),(960),(920),(770),(1700),(1000),(260),(1200),(1100),(1300),4.49,1.53,1.31,0.20,59,40,310,800,64,"[""むろあじ"",""ムロアジ"",""室鯵"",""開き干し"",""ひらき"",""開き"",""あじ"",""アジ"",""鯵"",""muroaji"",""aji"",""horse mackerel""]",むろあじ,開き干し,Horse Mackerel,"Muroaji, Open-dried",133.2,,,,173672,"Fish, mackerel, Pacific and jack, mixed species, raw",1.0578430200484248,,66.9,TRUE,魚介類 > あじ
10,10015,＜魚類＞　あなご　生,72.2,17.3,9.3,(0),1.2,146,75,210,150,370,23,0.8,0.7,0.04,0.20,15,39,500,0.4,2.3,0.05,0.14,3.2,0.10,2.3,9,0.86,"{""baseName"":""あなご"",""state"":""生"",""notes"":[""魚類""]}",生のあなごは魚類のたんぱく源として利用可能だが生扱いのため鮮度管理や処理に注意,8,1,1,830,1400,1600,520,210,730,680,570,1200,780,180,880,520,1100,7.61,1.65,1.42,0.21,52,18,560,550,81,"[""あなご"",""アナゴ"",""穴子"",""anago"",""conger eel"",""conger""]",あなご,生,Conger Eel,Raw,139.6,,,,,,,,,TRUE,魚介類 > あなご
10,10016,＜魚類＞　あなご　蒸し,68.5,17.6,12.7,(0),1.2,173,64,180,120,280,26,0.9,0.8,0.04,0.22,-,-,890,0.8,2.9,0.04,0.11,2.7,0.10,2.5,15,0.79,"{""baseName"":""あなご"",""state"":""蒸し"",""notes"":[""魚類""]}",蒸しあなごは加熱済みの良い魚タンパクで犬向きの素材,9,1,1,(850),(1400),(1600),(530),(210),(740),(690),(580),(1300),(790),(180),(890),(530),(1100),9.92,1.93,1.69,0.24,63,25,760,510,99,"[""あなご"",""アナゴ"",""穴子"",""anago"",""conger eel"",""conger""]",あなご,蒸し,Conger Eel,Steamed,169.55,,,,,,,,,TRUE,魚介類 > あなご
10,10017,＜魚類＞　あまご　養殖　生,76.8,18.3,3.6,(0),1.2,102,27,250,49,380,27,0.4,0.8,0.04,0.01,-,-,7,9,1.5,0.15,0.16,3.9,0.24,5.5,6,0.51,"{""baseName"":""あまご"",""productionMethod"":""養殖"",""state"":""生"",""notes"":[""魚類""]}",あまご（生）は良質な魚類タンパク源で犬の素材として適切（骨・内臓は除去）。,9,1,1,(720),(1300),(1500),(560),(180),(740),(690),(570),(1300),(840),(190),(850),(620),(1100),2.65,0.94,0.52,0.42,350,32,76,360,27,"[""あまご"",""アマゴ"",""amago"",""紅点鱒"",""養殖"",""ようしょく"",""ヨウショク""]",あまご,養殖・生,Amago,"Farmed, Raw",95,,,,173717,"Fish, trout, rainbow, farmed, raw",1.0945187473430913,,65,FALSE,
10,10018,＜魚類＞　あまだい　生,76.5,18.8,3.6,(0),1.1,102,58,190,73,360,29,0.3,0.3,0.02,Tr,41,75,27,1,1.3,0.04,0.06,1.5,0.08,2.1,6,0.43,"{""baseName"":""あまだい"",""state"":""生"",""notes"":[""魚類""]}",あまだいは良質な魚介タンパクで犬に適した素材である,9,1,1,940,1500,1800,600,240,850,770,650,1400,890,200,1000,410,1200,2.44,0.83,0.68,0.13,18,7,180,330,74,"[""あまだい"",""アマダイ"",""甘鯛"",""amadai"",""tilefish"",""tile fish""]",あまだい,生,Tilefish,Raw,96.4,,,,173705,,,,,TRUE,魚介類 > 白身魚
10,10019,＜魚類＞　あまだい　水煮,74.2,20.7,4.0,(0),1.1,113,34,160,91,350,30,0.4,0.4,0.03,Tr,-,-,11,0.3,1.1,0.04,0.06,1.3,0.08,2.1,5,0.39,"{""baseName"":""あまだい"",""state"":""水煮"",""notes"":[""魚類""]}",水煮の切り身の魚は骨と内臓を除けば良質な素材で犬に適している。,9,1,1,(1000),(1700),(2000),(670),(270),(930),(850),(710),(1600),(980),(230),(1100),(460),(1300),2.66,0.94,0.78,0.15,19,8,200,390,88,"[""甘鯛"",""あまだい"",""アマダイ"",""amadai"",""tilefish"",""魚"",""さかな""]",甘鯛,水煮,Tilefish,Boiled,106.45,,,,173699,"Fish, snapper, mixed species, cooked, dry heat",1.4948591582457478,,,TRUE,魚介類 > 鯛
10,10020,＜魚類＞　あまだい　焼き,73.6,22.5,2.6,(0),1.3,110,54,220,110,410,33,0.5,0.5,0.04,Tr,-,-,26,1,1.1,0.04,0.06,1.7,0.08,3.5,5,0.46,"{""baseName"":""あまだい"",""state"":""焼き"",""notes"":[""魚類""]}",焼きあまだいは加熱済みの白身魚で良質なタンパク源。骨が除かれていれば安全。,9,1,1,(1100),(1800),(2200),(720),(290),(1000),(930),(770),(1700),(1100),(250),(1200),(500),(1400),1.77,0.69,0.57,0.11,14,5,150,270,68,"[""甘鯛"",""あまだい"",""アマダイ"",""amadai"",""tilefish"",""魚"",""さかな""]",甘鯛,焼き,Tilefish,Grilled,100.85,,,,175126,"Fish, ocean perch, Atlantic, cooked, dry heat",0.9059440783340342,,78.6,TRUE,魚介類 > 鯛
10,10021,＜魚類＞　あゆ　天然　生,77.7,18.3,2.4,(0),1.5,93,270,310,70,370,24,0.9,0.8,0.06,0.16,13,14,35,1,1.2,0.13,0.15,3.1,0.17,10.0,27,0.67,"{""baseName"":""あゆ"",""productionMethod"":""天然"",""state"":""生"",""notes"":[""魚類""]}",天然の魚で良質なタンパク源、魚の切り身は素材として適切,9,1,1,740,1300,1600,560,180,740,690,620,1300,830,200,860,540,1100,1.80,0.54,0.46,0.08,62,240,89,58,15,"[""鮎"",""あゆ"",""アユ"",""ayu"",""sweetfish"",""川魚"",""魚"",""さかな""]",鮎,天然・生,Ayu,"Wild, Raw",84.8,,,,175154,"Fish, trout, rainbow, wild, raw",1.2973267222508749,,,TRUE,魚介類 > あゆ
10,10022,＜魚類＞　あゆ　天然　焼き,64.0,26.6,6.8,(0),2.5,149,480,460,110,510,35,5.5,1.2,0.06,0.41,-,-,120,1.5,1.7,0.23,0.24,3.9,0.16,12.0,33,1.34,"{""baseName"":""あゆ"",""productionMethod"":""天然"",""state"":""焼き"",""notes"":[""魚類""]}",鮎の焼き身は良質な魚たんぱくで犬の素材として適切（骨は除去）,9,1,1,(1100),(2000),(2300),(810),(270),(1100),(1000),(900),(1900),(1200),(290),(1300),(790),(1600),2.86,0.86,0.74,0.13,92,390,130,85,27,"[""鮎"",""あゆ"",""アユ"",""ayu"",""sweetfish"",""川魚"",""魚"",""さかな""]",鮎,天然・焼き,Ayu,"Wild, Grilled",151.25,,,,,,,,,TRUE,魚介類 > あゆ
10,10023,＜魚類＞　あゆ　天然　内臓　生,68.6,9.5,17.5,(0),4.1,180,43,180,90,210,44,24.0,2.0,0.34,3.03,-,-,1700,5,1.9,0.12,0.55,3.8,0.16,60.0,220,1.56,"{""baseName"":""あゆ"",""variety"":""内臓"",""productionMethod"":""天然"",""state"":""生"",""notes"":[""魚類""]}",天然あゆの内臓（生）は栄養価が高いが内臓や生食の取り扱いに注意が必要である。,7,0,1,,,,,,,,,,,,,,,13.52,3.37,2.54,0.41,270,1500,460,230,64,"[""鮎"",""あゆ"",""アユ"",""ayu"",""sweetfish"",""内臓"",""はらわた"",""川魚""]",鮎,内臓・天然・生,Ayu,"Innards, Wild, Raw",183.05,,,,167626,"Fish, whitefish, broad, liver (Alaska Native)",1.3445203320640997,,,TRUE,魚介類 > あゆ
10,10025,＜魚類＞　あゆ　養殖　生,72.0,17.8,7.9,(0),1.7,138,250,320,55,360,24,0.8,0.9,0.05,Tr,-,-,55,8,5.0,0.15,0.14,3.5,0.28,2.6,28,1.22,"{""baseName"":""あゆ"",""productionMethod"":""養殖"",""state"":""生"",""notes"":[""魚類""]}",養殖あゆは良質な魚肉で犬のレシピ素材として適している（骨・内臓は除去）,9,1,1,740,1300,1600,540,180,720,690,620,1300,820,200,860,490,1100,6.32,1.40,0.82,0.58,530,58,180,440,28,"[""鮎"",""あゆ"",""アユ"",""ayu"",""sweetfish"",""川魚"",""魚"",""さかな""]",鮎,養殖・生,Ayu,"Farmed, Raw",131.55,,,,173717,,,,65,TRUE,魚介類 > あゆ
10,10026,＜魚類＞　あゆ　養殖　焼き,59.3,22.6,15.1,(0),2.2,202,450,430,79,430,31,2.0,1.3,0.07,Tr,-,-,480,17.0,8.2,0.20,0.18,4.0,0.24,6.0,38,1.67,"{""baseName"":""あゆ"",""productionMethod"":""養殖"",""state"":""焼き"",""notes"":[""魚類""]}",養殖あゆの焼き物は良質な魚タンパク源。与える前に骨を処理して使う,9,1,1,(940),(1700),(2000),(690),(230),(920),(870),(780),(1700),(1000),(250),(1100),(620),(1400),9.20,1.98,1.16,0.82,750,82,250,620,40,"[""鮎"",""あゆ"",""アユ"",""ayu"",""sweetfish"",""川魚"",""魚"",""さかな""]",鮎,養殖・焼き,Ayu,"Farmed, Grilled",210.25,,,,,,,,,TRUE,魚介類 > あゆ
10,10027,＜魚類＞　あゆ　養殖　内臓　生,36.6,7.4,55.0,(0),0.7,485,55,120,75,160,11,8.0,1.3,0.14,0.13,-,-,4400,8,7.4,0.16,0.44,2.6,0.11,9.6,260,1.46,"{""baseName"":""あゆ"",""variety"":""内臓"",""productionMethod"":""養殖"",""state"":""生"",""notes"":[""魚類""]}",あゆの内臓は栄養価が高い臓器類であるが取り扱いと量の管理が必要,7,0,1,,,,,,,,,,,,,,,44.73,9.95,5.19,4.41,4000,430,1600,2000,180,"[""鮎"",""あゆ"",""アユ"",""ayu"",""sweetfish"",""内臓"",""はらわた"",""川魚""]",鮎,内臓・養殖・生,Ayu,"Innards, Farmed, Raw",494.45,,,,169810,"Fish, lingcod, liver (Alaska Native)",1.4923319167739928,,,TRUE,魚介類 > あゆ
10,10028,＜魚類＞　あゆ　養殖　内臓　焼き,31.5,15.2,52.3,(0),0.6,500,130,190,100,270,9,19.0,1.8,0.15,0.31,-,-,6000,8.6,24.0,0.34,0.68,4.1,0.15,7.8,280,1.33,"{""baseName"":""あゆ"",""variety"":""内臓"",""productionMethod"":""養殖"",""state"":""焼き"",""notes"":[""魚類""]}",鮎の内臓は栄養価が高いものの一部成分が濃縮している場合があるため分量に注意が必要。,7,0,1,,,,,,,,,,,,,,,43.63,10.53,5.80,4.39,3900,440,1800,2300,190,"[""鮎"",""あゆ"",""アユ"",""ayu"",""sweetfish"",""内臓"",""はらわた"",""川魚""]",鮎,内臓・養殖・焼き,Ayu,"Innards, Farmed, Grilled",499.15,,,,,,,,,TRUE,魚介類 > あゆ
10,10030,＜魚類＞　アラスカめぬけ　生,78.4,17.2,3.4,(0),0.9,96,22,170,81,290,26,0.2,0.4,0.02,0.01,-,-,20,3,1.0,0.04,0.05,1.1,0.07,1.6,2,0.24,"{""baseName"":""アラスカめぬけ"",""state"":""生"",""notes"":[""魚類""]}",アラスカめぬけは良質な魚の切り身で犬のレシピ素材として適している,9,1,1,(790),(1400),(1600),(530),(200),(730),(680),(580),(1300),(750),(190),(870),(470),(1000),2.53,0.59,0.52,0.07,28,10,200,250,23,"[""アラスカめぬけ"",""あらすかめぬけ"",""アラスカメヌケ"",""めぬけ"",""メヌケ"",""menuke"",""alaska rockfish"",""魚""]",アラスカめぬけ,生,Alaska Rockfish,Raw,89.45,,,,175125,"Fish, ocean perch, Atlantic, raw",0.8391926311112294,,65,TRUE,魚介類 > 白身魚
10,10031,＜魚類＞　あんこう　生,85.4,13.0,0.2,(0),1.1,54,8,140,130,210,19,0.2,0.6,0.04,Tr,-,-,13,1,0.7,0.04,0.16,1.7,0.11,1.2,5,0.21,"{""baseName"":""あんこう"",""state"":""生"",""notes"":[""魚類""]}",あんこうの切り身は魚類の良質なタンパク源で犬のレシピ素材として適している,9,1,1,(600),(1000),(1200),(400),(150),(550),(510),(440),(950),(570),(140),(660),(350),(790),0.08,0.04,0.03,0.01,1,Tr,6,23,5,"[""あんこう"",""アンコウ"",""鮟鱇"",""ankou"",""anglerfish"",""monkfish"",""魚""]",あんこう,生,Monkfish,Raw,48.25,,,,,,,,,TRUE,魚介類 > あんこう
10,10033,＜魚類＞　いかなご　生,74.2,17.2,5.5,(0),3.0,111,500,530,190,390,39,2.5,3.9,0.08,0.49,-,-,200,21.0,0.8,0.19,0.81,4.6,0.15,11.0,29,0.77,"{""baseName"":""いかなご"",""state"":""生"",""notes"":[""魚類""]}",小型魚で良質な動物性タンパク源。骨は調理で除去すればレシピ素材として適する。,9,1,1,790,1300,1500,540,200,740,670,590,1300,850,200,910,450,930,3.76,1.61,1.41,0.11,32,32,570,650,50,"[""いかなご"",""イカナゴ"",""ikanago"",""魚"",""さかな""]",いかなご,生,Ikanago,Raw,107.3,,,,,,,,,TRUE,魚介類 > いかなご
10,10034,＜魚類＞　いかなご　煮干し,38.0,43.1,6.1,(0),11.3,218,740,1200,2800,810,130,6.6,5.9,0.13,0.37,-,-,10,54.0,0.8,0.27,0.18,3.3,0.06,4.6,50,1.15,"{""baseName"":""いかなご"",""state"":""煮干し"",""notes"":[""魚類""]}",煮干しの小魚は良質な魚由来のタンパク源で犬のレシピ素材として適している。,9,1,1,(2000),(3400),(3700),(1400),(500),(1900),(1700),(1500),(3200),(2100),(500),(2300),(1100),(2300),2.96,1.53,1.39,0.07,29,21,480,770,21,"[""いかなご"",""イカナゴ"",""ikanago"",""煮干し"",""にぼし"",""ニボシ"",""魚""]",いかなご,煮干し,Ikanago,Dried,207.95,,,,,,,,,TRUE,魚介類 > 煮干し
10,10035,＜魚類＞　いかなご　つくだ煮,26.9,29.4,4.6,(0),8.4,271,470,820,2200,670,80,2.3,3.6,0.09,0.45,-,-,Tr,23.0,0.8,0.02,0.27,10.0,0.09,7.8,85,0.76,"{""baseName"":""いかなご"",""variety"":""つくだ煮"",""notes"":[""魚類""]}",小魚の佃煮で魚由来の良質な素材だが調味済みの加工食品であるため素材評価はやや控えめ。,7,1,1,(1400),(2300),(2500),(920),(340),(1300),(1200),(1000),(2200),(1400),(340),(1600),(760),(1600),2.33,1.19,1.09,0.06,22,24,450,500,16,"[""いかなご"",""イカナゴ"",""ikanago"",""つくだ煮"",""つくだに"",""佃煮"",""魚""]",いかなご,つくだ煮,Ikanago,Tsukudani,249.45,,,,,,,,,TRUE,魚介類 > いかなご
10,10037,＜魚類＞　いさき　生,75.8,17.2,5.7,(0),1.2,116,22,220,160,300,32,0.4,0.6,0.04,0.01,-,-,41,15.0,0.9,0.06,0.12,4.0,0.31,5.8,12,0.77,"{""baseName"":""いさき"",""state"":""生"",""notes"":[""魚類""]}",いさきは魚類で良質なタンパク源。適切に処理すれば素材として適する。,9,1,1,(790),(1400),(1600),(530),(200),(730),(680),(580),(1300),(750),(190),(870),(470),(1000),4.57,1.65,1.47,0.18,44,39,350,810,77,"[""いさき"",""イサキ"",""伊佐木"",""isaki"",""fish"",""魚""]",いさき,生,Isaki,Raw,109,,,,174192,"Fish, croaker, Atlantic, raw",0.7536458400050485,,67,TRUE,魚介類 > 白身魚
10,10038,＜魚類＞　いしだい　生,71.6,19.5,7.8,(0),1.1,138,20,240,54,390,26,0.3,0.6,0.03,0.01,-,-,39,3,2.1,0.15,0.15,4.9,0.34,1.3,2,0.31,"{""baseName"":""いしだい"",""state"":""生"",""notes"":[""魚類""]}",いしだいは魚類として良質なタンパク源だが生食の衛生リスクに注意,8,1,1,(900),(1500),(1800),(600),(230),(830),(770),(660),(1400),(860),(210),(990),(530),(1200),5.45,1.41,1.13,0.28,36,17,500,300,180,"[""いしだい"",""イシダイ"",""石鯛"",""ishidai"",""striped beakfish"",""魚""]",いしだい,生,Striped Beakfish,Raw,134.55,,,,173705,"Fish, tilefish, raw",1.018021238533485,,,TRUE,魚介類 > 白身魚
10,10039,＜魚類＞　いとよりだい　生,78.8,18.1,1.7,(0),1.3,85,46,200,85,390,26,0.5,0.4,0.05,0.02,84,33,28,11.0,0.6,0.04,0.08,2.3,0.27,3.0,5,0.50,"{""baseName"":""いとよりだい"",""state"":""生"",""notes"":[""魚類""]}",いとよりだいは良質な魚のたんぱく源で犬のレシピ素材として適している。,9,1,1,840,1500,1700,530,180,710,720,670,1400,910,210,940,450,1200,1.00,0.49,0.38,0.11,8,2,48,270,53,"[""いとよりだい"",""イトヨリダイ"",""いとより"",""イトヨリ"",""求名魚"",""itoyoridai"",""golden threadfin bream"",""threadfin bream"",""魚""]",いとよりだい,生,Golden Threadfin Bream,Raw,78.15,,,,175125,"Fish, ocean perch, Atlantic, raw",1.0596669550963906,,65,TRUE,魚介類 > 白身魚
10,10040,＜魚類＞　いとよりだい　すり身,76.9,16.7,0.4,(0),0.9,90,26,110,290,17,12,0.1,0.3,0.01,0.01,-,-,2,3,0.2,Tr,0.02,0.1,0.01,0.3,1,0.31,"{""baseName"":""いとよりだい"",""variety"":""すり身"",""notes"":[""魚類""]}",いとよりだいのすり身は良質な魚たんぱく源で犬のレシピ素材として適切。,8,1,1,(770),(1400),(1600),(490),(170),(660),(670),(620),(1300),(840),(190),(860),(420),(1100),0.27,0.10,0.08,0.02,3,1,12,56,12,"[""いとよりだい"",""イトヨリダイ"",""いとより"",""イトヨリ"",""itoyoridai"",""すり身"",""すりみ"",""スリミ"",""fish paste"",""魚""]",いとよりだい,すり身,Golden Threadfin Bream,Surimi,79.7,,,,173725,"Fish, pollock, Alaska, raw",2.878260019354887,,,TRUE,魚介類 > 白身魚
10,10041,＜魚類＞　いぼだい　生,74.0,16.4,8.5,(0),1.1,132,41,160,190,280,30,0.5,0.8,0.03,0.01,-,-,95,2,0.7,0.04,0.19,4.7,0.29,2.7,7,0.57,"{""baseName"":""いぼだい"",""state"":""生"",""notes"":[""魚類""]}",いぼだい（生）は魚類の良質なタンパク源でレシピ素材として適切。,9,1,1,(750),(1300),(1500),(510),(190),(700),(650),(550),(1200),(720),(180),(830),(440),(990),6.14,1.22,0.96,0.26,44,20,220,590,120,"[""いぼだい"",""イボダイ"",""疣鯛"",""ibodai"",""butterfish"",""魚""]",いぼだい,生,Ibodai,Raw,129.65,,,,171951,,,,,TRUE,魚介類 > 白身魚
10,10042,＜魚類＞　（いわし類）　うるめいわし　生,71.7,21.3,4.8,(0),1.9,124,85,290,95,440,37,2.3,1.3,0.16,-,-,-,130,9,1.6,0.08,0.36,8.0,0.55,14.0,16,1.25,"{""baseName"":""うるめいわし"",""state"":""生"",""notes"":[""魚類"",""いわし類""]}",うるめいわしは良質な魚たんぱく源だが生品は下処理・加熱などの配慮が必要,9,1,1,1000,1700,2000,640,210,860,890,770,1700,1000,260,1200,1100,1200,3.47,1.14,1.04,0.10,36,16,290,660,58,"[""うるめいわし"",""ウルメイワシ"",""うるめ"",""ウルメ"",""urumeiwashi"",""urume"",""sardine"",""いわし"",""イワシ"",""魚""]",うるめいわし,生,Urumeiwashi,Raw,116.4,,,,175122,"Fish, mackerel, king, raw",1.1542579120395358,,,TRUE,魚介類 > いわし
10,10043,＜魚類＞　（いわし類）　うるめいわし　丸干し,40.1,45.0,5.1,(0),9.5,219,570,910,2300,820,110,4.5,2.7,0.23,0.12,-,-,0,8,0.1,0.25,0.43,16.0,0.69,25.0,44,0.92,"{""baseName"":""うるめいわし"",""state"":""丸干し"",""notes"":[""魚類"",""いわし類""]}",丸干しうるめいわしは良い魚の供給源だが骨や塩分に注意。,7,1,1,(2200),(3600),(4300),(1400),(450),(1800),(1900),(1600),(3500),(2200),(550),(2500),(2400),(2600),3.42,1.27,1.09,0.13,39,28,340,620,57,"[""うるめいわし"",""ウルメイワシ"",""鰯"",""いわし"",""イワシ"",""sardine"",""丸干し"",""まるぼし"",""マルボシ""]",うるめいわし,丸干し,Urume sardine,Whole-dried,201.9,,,,174182,"Fish, anchovy, european, raw",1.7021431871244745,,,TRUE,魚介類 > いわし
10,10044,＜魚類＞　（いわし類）　かたくちいわし　生,68.2,18.2,12.1,(0),1.2,171,60,240,85,300,32,0.9,1.0,0.17,0.13,38,40,11,4,0.4,0.03,0.16,9.7,0.58,14.0,19,1.07,"{""baseName"":""かたくちいわし"",""state"":""生"",""notes"":[""魚類"",""いわし類""]}",いわし類は良質なたんぱく質と脂肪酸源で犬の素材として適切,9,1,1,830,1400,1600,550,190,740,750,610,1400,880,200,960,920,1000,9.22,2.78,2.24,0.30,78,45,1100,770,140,"[""かたくちいわし"",""カタクチイワシ"",""片口いわし"",""片口鰯"",""いわし"",""イワシ"",""anchovy""]",かたくちいわし,生,Japanese anchovy,Raw,167.6,,,,,,,,,TRUE,魚介類 > いわし
10,10045,＜魚類＞　（いわし類）　かたくちいわし　煮干し,15.7,64.5,6.2,(0),13.3,298,2200,1500,1700,1200,230,18.0,7.2,0.39,-,-,-,Tr,18.0,0.9,0.10,0.10,17.0,0.28,41.0,74,1.81,"{""baseName"":""かたくちいわし"",""state"":""煮干し"",""notes"":[""魚類"",""いわし類""]}",煮干しはいわし類の良質な魚たんぱく・カルシウム源で素材向き,9,1,1,(2900),(4900),(5800),(2000),(680),(2600),(2600),(2200),(4800),(3100),(710),(3400),(3300),(3700),2.71,0.83,0.66,0.10,29,19,260,320,46,"[""かたくちいわし"",""カタクチイワシ"",""片口いわし"",""煮干し"",""にぼし"",""ニボシ"",""いりこ"",""いわし"",""anchovy""]",煮干し,片口いわし,Dried anchovy,Japanese anchovy (niboshi),279.5,,,,,,,,,TRUE,魚介類 > 煮干し
10,10046,＜魚類＞　（いわし類）　かたくちいわし　田作り,14.9,66.6,5.7,(0),12.5,304,2500,2300,710,1600,190,3.0,7.9,0.39,0.79,-,-,Tr,30.0,0.8,0.10,0.11,17.0,0.37,65.0,230,3.74,"{""baseName"":""かたくちいわし"",""variety"":""田作り"",""notes"":[""魚類"",""いわし類""]}",かたくちいわし（乾燥）は良いカルシウム・タンパク源だが塩分等に注意,8,1,1,(3000),(5100),(6000),(2000),(700),(2700),(2700),(2200),(5000),(3200),(730),(3500),(3400),(3800),2.65,1.01,0.90,0.10,28,13,220,620,43,"[""かたくちいわし"",""カタクチイワシ"",""片口いわし"",""田作り"",""たつくり"",""ごまめ"",""いわし"",""イワシ""]",田作り,,Tazukuri,Candied dried sardines,282.6,,,,,,,,,TRUE,魚介類 > 煮干し
10,10047,＜魚類＞　（いわし類）　まいわし　生,68.9,19.2,9.2,(0),1.2,156,74,230,81,270,30,2.1,1.6,0.20,0.04,24,48,8,32.0,2.5,0.03,0.39,7.2,0.49,16.0,10,1.14,"{""baseName"":""まいわし"",""state"":""生"",""notes"":[""魚類"",""いわし類""]}",まいわしは良質な魚たんぱくと脂肪酸が豊富で犬の素材として適している,9,1,1,910,1500,1800,570,190,760,800,670,1500,950,220,1000,1000,1100,6.94,2.53,2.10,0.28,92,59,780,870,100,"[""まいわし"",""マイワシ"",""真鰯"",""真いわし"",""いわし"",""イワシ"",""sardine""]",まいわし,生,Japanese sardine,Raw,150.65,,,,,,,,,TRUE,魚介類 > いわし
10,10048,＜魚類＞　（いわし類）　まいわし　水煮,61.7,22.4,8.7,(0),1.3,182,82,250,80,280,32,2.3,1.7,0.23,0.06,-,-,5,13.0,1.3,0.05,0.29,6.3,0.35,18.0,7,0.87,"{""baseName"":""まいわし"",""state"":""水煮"",""notes"":[""魚類"",""いわし類""]}",骨等を除いた水煮のまいわしは良質なたんぱく源で犬に適した素材。,9,1,1,(1100),(1800),(2000),(670),(220),(880),(940),(780),(1700),(1100),(250),(1200),(1200),(1300),6.54,2.42,2.02,0.27,88,55,700,910,100,"[""まいわし"",""マイワシ"",""真鰯"",""真いわし"",""いわし"",""イワシ"",""sardine""]",まいわし,水煮,Japanese sardine,Boiled in water,173,,,,173669,"Fish, herring, Pacific, raw",1.3157169693727206,,,TRUE,魚介類 > いわし
10,10049,＜魚類＞　（いわし類）　まいわし　焼き,57.8,25.3,9.4,(0),1.6,199,98,300,100,350,36,2.5,2.3,0.23,0.08,-,-,8,14.0,1.9,0.12,0.43,9.1,0.39,22.0,12,1.33,"{""baseName"":""まいわし"",""state"":""焼き"",""notes"":[""魚類"",""いわし類""]}",焼きまいわしは良質なたんぱく質と脂肪酸を含み適した素材（骨類は除去済み）,9,1,1,(1200),(2000),(2300),(750),(240),(990),(1100),(880),(1900),(1200),(290),(1400),(1300),(1500),7.02,2.66,2.23,0.29,92,59,790,980,110,"[""まいわし"",""マイワシ"",""真鰯"",""真いわし"",""いわし"",""イワシ"",""sardine""]",まいわし,焼き,Japanese sardine,Grilled,189.1,,,,175117,"Fish, herring, Atlantic, cooked, dry heat",0.9636390063058574,,83.3,TRUE,魚介類 > いわし
10,10050,＜魚類＞　（いわし類）　まいわし　塩いわし,66.3,16.8,9.6,(0),6.9,143,70,210,2400,300,43,1.7,1.4,0.20,0.05,-,-,Tr,10.0,0.3,0.03,0.35,8.0,0.54,17.0,22,1.46,"{""baseName"":""まいわし"",""variety"":""塩いわし"",""notes"":[""魚類"",""いわし類""]}",塩いわしは良質な魚だが塩分が高めな点に注意,7,1,1,(790),(1300),(1500),(500),(160),(660),(700),(590),(1300),(830),(190),(920),(870),(970),6.88,2.80,2.39,0.22,84,41,830,1100,76,"[""まいわし"",""マイワシ"",""真鰯"",""塩いわし"",""塩鰯"",""しおいわし"",""いわし"",""sardine""]",塩いわし,,Salted sardine,,141.8,,,,,,,,,TRUE,魚介類 > いわし
10,10051,＜魚類＞　（いわし類）　まいわし　生干し,59.6,20.6,16.0,(0),2.7,217,65,270,690,340,34,1.6,0.9,0.12,0.13,-,-,0,11.0,0.2,Tr,0.22,12.0,0.48,16.0,11,1.21,"{""baseName"":""まいわし"",""variety"":""生干し"",""notes"":[""魚類"",""いわし類""]}",良質な魚タンパク源。調理時に骨を除去して使用すれば適切,9,1,1,(970),(1600),(1900),(610),(200),(810),(860),(720),(1600),(1000),(230),(1100),(1100),(1200),12.59,3.93,3.12,0.36,110,66,1400,1100,140,"[""まいわし"",""マイワシ"",""真鰯"",""生干し"",""なまぼし"",""生干しいわし"",""いわし"",""sardine""]",まいわし,生干し,Japanese sardine,Semi-dried (nama-boshi),211.95,,,,175116,"Fish, herring, Atlantic, raw",0.941787799363117,,65,TRUE,魚介類 > いわし
10,10052,＜魚類＞　（いわし類）　まいわし　丸干し,54.6,32.8,5.5,(0),6.4,177,440,570,1500,470,100,4.4,1.8,0.21,0.10,-,-,40,50.0,0.7,0.01,0.41,16.0,0.68,29.0,31,1.00,"{""baseName"":""まいわし"",""state"":""丸干し"",""notes"":[""魚類"",""いわし類""]}",丸干しいわしは魚の良いたんぱく源だが塩分や小骨に注意が必要,7,1,1,(1600),(2600),(3000),(970),(320),(1300),(1400),(1100),(2500),(1600),(370),(1800),(1700),(1900),4.10,1.50,1.36,0.14,81,53,540,510,40,"[""まいわし"",""マイワシ"",""真鰯"",""丸干し"",""まるぼし"",""丸干しいわし"",""いわし"",""sardine""]",まいわし,丸干し,Japanese sardine,Whole-dried,164,,,,175147,"Fish, smelt, rainbow, cooked, dry heat",1.835249189600707,,,TRUE,魚介類 > いわし
10,10053,＜魚類＞　（いわし類）　めざし　生,59.0,18.2,18.9,(0),3.4,206,180,190,1100,170,31,2.6,1.2,0.10,1.04,-,-,77,11.0,0.3,0.01,0.21,10.0,0.37,15.0,34,1.27,"{""baseName"":""めざし"",""state"":""生"",""notes"":[""魚類"",""いわし類""]}",めざし（小魚）は良い動物性たんぱく・脂肪源だが生のままだと寄生虫や細菌のリスクがあるため加熱推奨,7,1,1,(830),(1400),(1700),(560),(200),(760),(730),(610),(1300),(810),(210),(950),(870),(1100),10.56,3.17,2.85,0.32,190,88,930,1400,110,"[""めざし"",""メザシ"",""目刺し"",""いわし"",""イワシ""]",めざし,生,Mezashi,Raw,226.1,,,,,,,,,TRUE,魚介類 > いわし
10,10054,＜魚類＞　（いわし類）　めざし　焼き,56.2,23.7,15.0,(0),4.4,200,320,290,1400,220,50,4.2,1.5,0.13,1.26,-,-,95,11.0,0.4,0.01,0.26,12.0,0.38,13.0,36,1.71,"{""baseName"":""めざし"",""state"":""焼き"",""notes"":[""魚類"",""いわし類""]}",めざしの焼き物は小魚としてタンパク源になるが骨や塩分に注意,8,1,1,(1100),(1800),(2200),(730),(260),(990),(950),(800),(1800),(1100),(270),(1200),(1100),(1400),8.04,2.26,2.02,0.24,150,65,650,940,76,"[""めざし"",""メザシ"",""目刺し"",""いわし"",""イワシ""]",めざし,焼き,Mezashi,Grilled,212.9,,,,175147,"Fish, smelt, rainbow, cooked, dry heat",1.6981901878323544,,,TRUE,魚介類 > いわし
10,10396,＜魚類＞　（いわし類）　しらす　生,81.8,15.0,1.3,(0),2.4,67,210,340,380,340,67,0.4,1.1,0.02,0.07,-,-,110,6.7,0.9,0.02,0.07,3.7,0.17,4.2,56,0.51,"{""baseName"":""しらす"",""state"":""生"",""notes"":[""魚類"",""いわし類""]}",しらすは良質なたんぱく源だが生の場合は小骨や寄生虫に注意が必要,8,1,1,620,1100,1200,390,150,540,560,520,1100,680,160,750,400,870,0.79,0.43,0.38,0.04,10,11,90,250,15,"[""しらす"",""シラス"",""shirasu"",""whitebait"",""いわしの稚魚"",""いわし"",""イワシ""]",生しらす,,Shirasu (whitebait),Raw,63.55,,,,,,,,,TRUE,魚介類 > しらす
10,10445,＜魚類＞　（いわし類）　しらす　釜揚げしらす,77.4,17.6,1.7,0,2.9,84,190,320,840,120,48,0.3,1.1,0.03,0.09,13,39,140,4.2,0.8,0.07,0.04,2.1,0.05,1.5,26,0.30,"{""baseName"":""しらす"",""variety"":""釜揚げしらす"",""notes"":[""魚類"",""いわし類""]}",釜揚げしらすは小魚の良いタンパク・カルシウム源で犬に適した素材,9,1,1,(720),(1300),(1400),(460),(180),(640),(660),(600),(1300),(800),(190),(870),(470),(1000),(1.01),(0.54),(0.49),(0.05),(13),(14),(120),(320),(19),"[""釜揚げしらす"",""釜揚げ"",""かまあげしらす"",""しらす"",""シラス"",""shirasu"",""whitebait""]",釜揚げしらす,,Kama-age shirasu,Boiled (kama-age),77.45,,,,,,,,,TRUE,魚介類 > 釜揚げしらす
10,10055,＜魚類＞　（いわし類）　しらす干し　微乾燥品,67.5,24.5,2.1,0,5.6,113,280,480,1700,170,80,0.6,1.7,0.06,0.10,27,61,190,12.0,1.1,0.11,0.03,2.6,0.05,3.2,27,0.50,"{""baseName"":""しらす干し"",""variety"":""微乾燥品"",""notes"":[""魚類"",""いわし類""]}",しらす干しは小魚でカルシウムやタンパク質が豊富だが塩分に注意が必要,8,1,1,1000,1900,2100,660,260,920,970,900,1900,1200,290,1200,600,1500,1.08,0.60,0.56,0.04,15,12,150,340,16,"[""しらす干し"",""シラス干し"",""しらす"",""シラス"",""ちりめん"",""じゃこ"",""shirasu""]",しらす干し,微乾燥品,Dried shirasu,Lightly dried,104.65,,,,173713,"Fish, whiting, mixed species, raw",1.7089687749015268,,65,TRUE,魚介類 > しらす干し
10,10056,＜魚類＞　（いわし類）　しらす干し　半乾燥品,46.0,40.5,3.5,(0),9.5,187,520,860,2600,490,130,0.8,3.0,0.07,0.17,-,-,240,61.0,1.5,0.22,0.06,7.4,0.04,6.3,58,0.72,"{""baseName"":""しらす干し"",""variety"":""半乾燥品"",""notes"":[""魚類"",""いわし類""]}",しらす干し（半乾燥）はカルシウムなどを補える魚原料だが塩分に注意が必要。,8,1,1,1700,3100,3500,1100,460,1600,1600,1500,3100,2000,470,2100,1100,2500,1.69,0.95,0.88,0.07,29,28,200,570,21,"[""しらす干し"",""シラス干し"",""しらす"",""シラス"",""ちりめん"",""じゃこ"",""shirasu""]",しらす干し,半乾燥品,Dried shirasu,Semi-dried,173.25,,,,175154,"Fish, trout, rainbow, wild, raw",1.8189955115486187,,,TRUE,魚介類 > しらす干し
10,10057,＜魚類＞　（いわし類）　たたみいわし,10.7,75.1,5.6,(0),7.9,348,970,1400,850,790,190,2.6,6.6,0.13,-,-,-,410,50.0,2.7,0.15,0.33,8.2,0.27,16.0,300,2.95,"{""baseName"":""たたみいわし"",""notes"":[""魚類"",""いわし類""]}",たたみいわしは魚由来のたんぱく源として使えるが乾燥加工品である点に注意。,8,1,1,(3200),(5800),(6500),(2100),(850),(2900),(3000),(2800),(5800),(3700),(880),(3900),(2000),(4600),4.29,1.35,1.14,0.20,24,11,380,420,130,"[""たたみいわし"",""タタミイワシ"",""畳いわし"",""畳鰯"",""いわし"",""イワシ"",""sardine""]",たたみいわし,,Tatami Iwashi,Pressed sardine sheet,312.9,,,,174190,"Fish, cod, Atlantic, dried and salted",1.5900492653794878,,291.3,TRUE,魚介類 > たたみいわし
10,10060,＜魚類＞　（いわし類）　缶詰　水煮,66.3,20.7,10.6,(0),2.3,168,320,360,330,250,44,2.6,1.4,0.19,0.13,-,-,9,6,2.6,0.03,0.30,8.5,0.16,16.0,7,0.63,"{""baseName"":"""",""state"":""水煮"",""notes"":[""魚類"",""いわし類""]}",良質な魚タンパクと脂肪酸を含み、犬の素材として適している,10,1,1,(950),(1600),(1900),(640),(230),(870),(830),(700),(1500),(920),(240),(1100),(990),(1200),8.10,3.17,2.92,0.24,110,76,1200,1200,100,"[""いわし缶"",""イワシ缶"",""いわし缶詰"",""缶詰"",""缶詰いわし"",""sardine can"",""canned sardine"",""いわし"",""イワシ"",""sardine""]",いわし缶,水煮,Canned sardines,In water,162.9,,,,175140,"Fish, sardine, Pacific, canned in tomato sauce, drained solids with bone",0.8072030625957138,,76,TRUE,魚介類 > いわし
10,10062,＜魚類＞　（いわし類）　缶詰　トマト漬,68.1,17.5,10.8,(0),2.3,167,360,320,280,310,35,1.9,1.7,0.19,0.18,-,-,12,20.0,2.4,0.01,0.25,6.3,0.27,10.0,14,0.68,"{""baseName"":""トマト漬"",""state"":""缶詰"",""notes"":[""魚類"",""いわし類""]}",小魚は良質な脂質と蛋白を含むが缶詰の調味（塩分・ソース）に注意が必要,8,1,1,(800),(1400),(1600),(540),(190),(730),(700),(590),(1300),(780),(200),(910),(830),(1000),9.23,3.40,2.89,0.43,140,76,1300,1100,160,"[""いわしトマト缶"",""いわし缶"",""いわし缶詰"",""トマト煮"",""トマト缶"",""トマト漬"",""sardines in tomato"",""いわし"",""イワシ""]",いわし缶,トマト漬,Canned sardines,In tomato sauce,157.6,,,,,,,,,TRUE,魚介類 > いわし
10,10065,＜魚類＞　いわな　養殖　生,76.1,19.0,3.6,(0),1.2,101,39,260,49,380,29,0.3,0.8,0.04,0.02,-,-,5,5,1.6,0.09,0.12,3.4,0.21,4.2,5,0.68,"{""baseName"":""いわな"",""productionMethod"":""養殖"",""state"":""生"",""notes"":[""魚類""]}",いわなは良質な魚のタンパク源で犬のレシピ素材として適している,9,0,1,,,,,,,,,,,,,,,2.65,0.91,0.56,0.35,290,29,110,350,31,"[""いわな"",""イワナ"",""岩魚"",""iwana"",""char"",""養殖いわな"",""養殖イワナ"",""養殖岩魚"",""川魚""]",いわな,養殖・生,Iwana (Japanese char),"Farmed, Raw",97.45,,,,173717,"Fish, trout, rainbow, farmed, raw",1.2055679793273817,,65,FALSE,
10,10066,＜魚類＞　うぐい　生,77.0,20.1,1.5,(0),1.2,93,69,240,83,340,27,0.7,3.4,0.05,0.04,-,-,41,19.0,0.8,0.03,0.11,3.5,0.16,8.5,8,1.11,"{""baseName"":""うぐい"",""state"":""生"",""notes"":[""魚類""]}",うぐいは魚類として使えるたんぱく源。骨や内臓の除去が前提。,8,1,1,(920),(1600),(1800),(620),(230),(860),(790),(680),(1500),(880),(220),(1000),(540),(1200),1.12,0.43,0.25,0.17,120,12,48,170,21,"[""うぐい"",""ウグイ"",""ugui"",""魚"",""さかな"",""fish""]",うぐい,生,Ugui,Raw (Japanese dace),83.8,,,,,,,,,FALSE,
10,10067,＜魚類＞　うなぎ　養殖　生,62.1,17.1,19.3,(0),1.2,228,130,260,74,230,20,0.5,1.4,0.04,0.04,17,50,2400,18.0,7.4,0.37,0.48,3.0,0.13,3.5,14,2.17,"{""baseName"":""うなぎ"",""productionMethod"":""養殖"",""state"":""生"",""notes"":[""魚類""]}",うなぎは良質な動物性タンパク源で犬のレシピ素材として適している,9,1,1,630,1100,1300,480,140,610,610,490,1100,730,140,730,600,1100,15.45,2.89,2.42,0.39,220,59,580,1100,71,"[""うなぎ"",""ウナギ"",""鰻"",""unagi"",""eel"",""魚"",""さかな"",""fish"",""養殖"",""養殖うなぎ""]",うなぎ,養殖・生,Eel,"Farmed, Raw",224.95,,,,174193,"Fish, eel, mixed species, raw",1.4675657947768384,,65,TRUE,魚介類 > うなぎ
10,10069,＜魚類＞　うなぎ　白焼き,52.1,20.7,25.8,(0),1.3,300,140,280,100,300,18,1.0,1.9,0.04,0.04,-,-,1500,17.0,5.3,0.55,0.45,3.5,0.09,2.7,16,1.16,"{""baseName"":""うなぎ"",""variety"":""白焼き"",""notes"":[""魚類""]}",白焼きのうなぎは良質なタンパク・脂質源で犬のレシピに適している。,9,1,1,(760),(1300),(1600),(580),(170),(740),(730),(590),(1300),(880),(160),(880),(730),(1400),21.64,3.10,2.27,0.75,530,90,510,1100,95,"[""うなぎ"",""ウナギ"",""鰻"",""unagi"",""eel"",""魚"",""さかな"",""fish""]",うなぎ,白焼き,Eel,Shirayaki (grilled),292.1,,,,174194,"Fish, eel, mixed species, cooked, dry heat",1.583477952097637,,,TRUE,魚介類 > うなぎ
10,10070,＜魚類＞　うなぎ　かば焼,50.5,23.0,21.0,(0),2.4,285,150,300,510,300,15,0.8,2.7,0.07,-,77,42,1500,19.0,4.9,0.75,0.74,4.1,0.09,2.2,13,1.29,"{""baseName"":""うなぎ"",""variety"":""かば焼"",""notes"":[""魚類""]}",うなぎのかば焼は良質なタンパク源だが濃い味付け（塩分・糖分）に注意,7,1,1,(850),(1500),(1700),(640),(190),(830),(810),(660),(1500),(980),(180),(980),(810),(1500),18.56,3.39,2.87,0.53,440,84,750,1300,62,"[""うなぎ"",""ウナギ"",""鰻"",""unagi"",""eel"",""魚"",""さかな"",""fish""]",うなぎ,かば焼,Eel,Kabayaki (grilled with sauce),269.85,,,,174194,"Fish, eel, mixed species, cooked, dry heat",1.6884662095493603,,,TRUE,魚介類 > うなぎ
10,10071,＜魚類＞　うまづらはぎ　生,80.2,18.2,0.3,(0),1.3,75,50,160,210,320,87,0.4,0.5,0.05,0.02,-,-,0,8,1.1,0.01,0.13,3.7,0.40,1.4,4,0.50,"{""baseName"":""うまづらはぎ"",""state"":""生"",""notes"":[""魚類""]}",うまづらはぎは良質な魚類のたんぱく源で犬の素材として適切（加熱推奨）,9,1,1,900,1500,1600,530,230,760,700,640,1300,820,220,1000,440,1100,0.19,0.11,0.08,0.02,1,Tr,21,55,16,"[""うまづらはぎ"",""ウマヅラハギ"",""umadzurahagi"",""filefish"",""馬面剥"",""魚"",""さかな"",""fish""]",うまづらはぎ,生,Filefish,Raw,66.25,,,,,,,,,FALSE,
10,10073,＜魚類＞　えい　生,79.3,19.1,0.3,(0),1.2,79,4,170,270,110,18,0.9,0.5,0.04,0.01,-,-,2,3,0.7,0.05,0.12,2.5,0.25,3.7,3,0.55,"{""baseName"":""えい"",""state"":""生"",""notes"":[""魚類""]}",えいは魚類で良質なタンパク源。適切に処理すれば犬の素材として使える。,9,1,1,(590),(910),(1000),(340),(130),(470),(450),(400),(850),(550),(140),(570),(280),(740),0.14,0.06,0.04,0.02,1,Tr,7,30,15,"[""えい"",""エイ"",""ei"",""ray"",""魚"",""さかな"",""fish""]",えい,生,Ray,Raw,69.75,,,,,,,,,FALSE,
10,10074,＜魚類＞　えそ　生,77.6,20.1,0.8,(0),1.4,87,80,260,120,380,36,0.3,0.4,0.02,0.17,17,27,0,1,0.1,0.07,0.10,3.3,0.24,1.7,13,0.51,"{""baseName"":""えそ"",""state"":""生"",""notes"":[""魚類""]}",えそ（生）は魚類としてタンパク源に適しているが下処理に注意が必要,8,1,1,950,1700,2000,630,210,840,810,760,1600,1000,240,1100,670,1300,0.55,0.25,0.22,0.03,5,2,37,160,16,"[""えそ"",""エソ"",""eso"",""魚"",""さかな"",""fish""]",えそ,生,Eso,Raw,77.5,,,,,,,,,FALSE,
10,10075,＜魚類＞　おいかわ　生,73.8,19.2,5.8,(0),1.1,124,45,210,48,240,23,0.6,2.5,0.06,0.04,-,-,10,10.0,0.9,0.01,0.16,4.0,0.21,11.0,21,1.02,"{""baseName"":""おいかわ"",""state"":""生"",""notes"":[""魚類""]}",おいかわ（淡水魚）の魚肉は動物性たんぱく源として利用できる素材である,8,1,1,(880),(1500),(1800),(590),(220),(820),(760),(650),(1400),(840),(210),(980),(520),(1200),4.50,1.41,0.96,0.19,120,230,360,170,40,"[""おいかわ"",""オイカワ"",""oikawa"",""魚"",""さかな"",""fish""]",おいかわ,生,Oikawa,Raw (dace),116.85,,,,,,,,,FALSE,
10,10076,＜魚類＞　おおさが　生,74.7,16.3,8.0,(0),0.9,131,16,160,71,310,22,0.2,0.4,0.02,0.01,-,-,85,3,4.9,0.01,0.03,1.0,0.05,3.3,1,0.21,"{""baseName"":""おおさが"",""state"":""生"",""notes"":[""魚類""]}",生のおおさがは魚類としてたんぱく源に適するが、生食によるリスクに留意する必要がある。,8,1,1,(750),(1300),(1500),(500),(190),(690),(640),(550),(1200),(720),(180),(830),(440),(990),6.35,0.79,0.68,0.12,47,17,210,330,39,"[""おおさが"",""オオサガ"",""oosaga"",""魚"",""さかな"",""fish""]",おおさが,生,Oosaga,Raw,125.4,,,,173725,"Fish, pollock, Alaska, raw",1.1515346151632246,,,FALSE,
10,10077,＜魚類＞　おこぜ　生,78.8,19.6,0.2,(0),1.2,81,31,200,85,360,26,0.4,0.7,0.03,0.21,-,-,2,1,0.4,0.01,0.12,2.4,0.08,0.6,3,0.51,"{""baseName"":""おこぜ"",""state"":""生"",""notes"":[""魚類""]}",おこぜは魚類としてタンパク源に適するが生魚由来のリスクに注意,8,1,1,(900),(1500),(1800),(610),(230),(830),(770),(660),(1400),(860),(210),(1000),(530),(1200),0.10,0.05,0.04,0.01,1,Tr,9,25,8,"[""おこぜ"",""オコゼ"",""okoze"",""scorpionfish"",""魚"",""さかな"",""fish""]",おこぜ,生,Scorpionfish,Raw,71,,,,,,,,,FALSE,
10,10078,＜魚類＞　おひょう　生,77.0,19.9,1.7,(0),1.3,93,7,260,72,400,28,0.1,0.5,0.02,0.01,-,-,13,3,0.8,0.09,0.07,7.1,0.41,2.1,12,0.47,"{""baseName"":""おひょう"",""state"":""生"",""notes"":[""魚類""]}",おひょう（生切り身）は低脂肪の良質な魚類で、加熱して与えれば素材として適している,8,1,1,(910),(1600),(1800),(610),(230),(850),(790),(670),(1500),(870),(220),(1000),(540),(1200),1.19,0.39,0.35,0.04,9,3,140,170,21,"[""おひょう"",""オヒョウ"",""鮃"",""ohyou"",""halibut"",""魚"",""さかな"",""fish""]",おひょう,生,Halibut,Raw,84.45,50,35149,"Fish, halibut, raw, with skin (Alaska Native)",174200,"Fish, halibut, Atlantic and Pacific, raw",1.0303444778535942,,61.8,TRUE,魚介類 > 白身魚
10,10079,＜魚類＞　かさご　生,79.1,19.3,1.1,(0),1.2,83,57,180,120,310,27,0.3,0.5,0.01,0.01,48,50,3,2,0.3,0.03,0.06,1.8,0.06,1.2,3,0.47,"{""baseName"":""かさご"",""state"":""生"",""notes"":[""魚類""]}",かさごは魚類で良質なタンパク源になり得る素材である,9,1,1,830,1500,1800,610,200,800,790,670,1500,970,200,910,440,1300,0.89,0.35,0.28,0.06,7,4,54,190,33,"[""かさご"",""カサゴ"",""kasago"",""rockfish"",""魚"",""さかな"",""fish""]",かさご,生,Rockfish,Raw,76.9,,,,175125,"Fish, ocean perch, Atlantic, raw",1.1045108135686876,,65,TRUE,魚介類 > かさご
10,10080,＜魚類＞　かじか　生,76.4,15.0,5.0,(0),3.4,98,520,400,110,260,31,2.8,1.7,0.15,0.31,-,-,180,3,1.3,0.07,0.38,1.5,0.08,28.0,15,0.54,"{""baseName"":""かじか"",""state"":""生"",""notes"":[""魚類""]}",かじかは魚類で良質なたんぱく源。魚体全体だが素材として使用可能。,9,1,1,(690),(1200),(1400),(460),(180),(640),(590),(510),(1100),(660),(160),(760),(410),(910),3.27,1.17,0.74,0.40,170,120,240,220,150,"[""かじか"",""カジカ"",""kajika"",""sculpin"",""魚"",""さかな"",""fish""]",かじか,生,Sculpin,Raw,95.7,,,,,,,,,TRUE,魚介類 > かじか
10,10081,＜魚類＞　かじか　水煮,73.5,15.8,5.8,(0),4.7,108,630,440,90,210,40,2.6,2.3,0.24,0.37,-,-,290,4.9,2.5,0.06,0.30,1.1,0.07,28.0,21,0.42,"{""baseName"":""かじか"",""state"":""水煮"",""notes"":[""魚類""]}",水煮のかじかは良質な魚類たんぱくで犬の素材として適切,9,1,1,(730),(1200),(1400),(490),(180),(670),(620),(530),(1200),(690),(170),(800),(430),(960),3.89,1.36,0.86,0.47,190,130,270,270,180,"[""かじか"",""カジカ"",""kajika"",""sculpin"",""魚"",""さかな"",""fish""]",かじか,水煮,Sculpin,Boiled,105.3,,,,171989,"Fish, bass, freshwater, mixed species, cooked, dry heat",1.584629827824948,,,TRUE,魚介類 > かじか (水煮)
10,10083,＜魚類＞　（かじき類）　くろかじき　生,75.6,22.9,0.2,(0),1.2,93,5,260,70,390,34,0.5,0.7,0.03,0.01,-,-,2,38.0,0.9,0.05,0.06,14.0,0.44,1.5,6,0.29,"{""baseName"":""くろかじき"",""state"":""生"",""notes"":[""魚類"",""かじき類""]}",くろかじきは良質な魚のたんぱく源で犬に適している,9,1,1,1100,1700,1900,650,280,920,820,730,1500,980,260,1200,1800,1300,0.12,0.05,0.04,0.01,1,Tr,4,36,6,"[""くろかじき"",""クロカジキ"",""kurokajiki"",""black marlin"",""かじき"",""魚"",""さかな"",""fish""]",くろかじき,生,Black Marlin,Raw,82.2,,,,175159,"Fish, tuna, fresh, yellowfin, raw",2.336309636842209,,65,TRUE,魚介類 > カジキ
10,10084,＜魚類＞　（かじき類）　まかじき　生,73.8,23.1,1.8,(0),1.2,107,5,270,65,380,35,0.6,0.6,0.04,0.01,11,55,8,12.0,1.2,0.09,0.07,10.0,0.44,4.3,5,1.25,"{""baseName"":""まかじき"",""state"":""生"",""notes"":[""魚類"",""かじき類""]}",まかじきは良質なたんぱく源の魚で犬のレシピ素材として適切。,9,1,1,(1000),(1700),(2000),(650),(240),(900),(860),(760),(1600),(1000),(270),(1200),(1700),(1300),1.34,0.52,0.44,0.09,16,6,61,310,39,"[""まかじき"",""マカジキ"",""makajiki"",""kajiki"",""かじき"",""魚"",""さかな"",""fish""]",まかじき,生,Marlin (Makajiki),Raw,96.5,,,,175159,"Fish, tuna, fresh, yellowfin, raw",1.4245137477903898,,65,TRUE,魚介類 > カジキ
10,10398,＜魚類＞　（かじき類）　めかじき　焼き,59.9,27.5,11.1,(0),1.9,202,5,370,110,630,41,0.6,0.9,0.05,0,-,-,85,10.0,6.1,0.07,0.11,10.0,0.35,2.4,8,0.46,"{""baseName"":""めかじき"",""state"":""焼き"",""notes"":[""魚類"",""かじき類""]}",めかじきの焼き切り身は良質な魚由来たんぱくと脂肪酸を供給する良い素材。,9,1,1,1200,2100,2300,790,280,1100,1000,980,2000,1300,320,1400,1500,1600,9.38,1.65,1.37,0.28,62,23,170,890,87,"[""めかじき"",""メカジキ"",""mekajiki"",""swordfish"",""かじき"",""魚"",""さかな"",""fish""]",めかじき,焼き,Swordfish,Grilled,190.6,,,,173704,"Fish, swordfish, cooked, dry heat",0.7338674562320179,,77.5,TRUE,魚介類 > めかじき (焼き)
10,10086,＜魚類＞　（かつお類）　かつお　春獲り　生,72.2,25.8,0.5,(0),1.4,108,11,280,43,430,42,1.9,0.8,0.11,0.01,11,43,5,4,0.3,0.13,0.17,19.0,0.76,8.4,6,0.70,"{""baseName"":""かつお"",""variety"":""春獲り"",""state"":""生"",""notes"":[""魚類"",""かつお類""]}",かつおは良質な魚由来タンパク源で犬のレシピ素材として適している,9,1,1,1000,1800,2100,700,270,970,920,830,1700,1200,320,1200,2500,1400,0.38,0.19,0.17,0.02,5,3,39,120,7,"[""かつお"",""カツオ"",""鰹"",""katsuo"",""bonito"",""skipjack"",""魚"",""さかな"",""fish""]",かつお,春獲り・生,Katsuo (Skipjack Tuna),"Spring-caught, Raw",94.9,29,15121,"Fish, tuna, light, canned in water, drained solids",175159,"Fish, tuna, fresh, yellowfin, raw",1.0921106474637094,,65,TRUE,魚介類 > かつお
10,10087,＜魚類＞　（かつお類）　かつお　秋獲り　生,67.3,25.0,6.2,(0),1.3,150,8,260,38,380,38,1.9,0.9,0.10,0.01,25,100,20,9,0.1,0.10,0.16,18.0,0.76,8.6,4,0.61,"{""baseName"":""かつお"",""variety"":""秋獲り"",""state"":""生"",""notes"":[""魚類"",""かつお類""]}",かつおは高品質なたんぱく源で犬のレシピ素材として適切。,9,1,1,1100,1800,2100,700,270,970,930,830,1800,1100,310,1200,2400,1400,4.67,1.84,1.57,0.24,85,41,400,970,84,"[""かつお"",""カツオ"",""鰹"",""katsuo"",""bonito"",""skipjack"",""魚"",""さかな"",""fish""]",かつお,秋獲り・生,Katsuo (Skipjack Tuna),"Autumn-caught, Raw",140.9,29,15121,"Fish, tuna, light, canned in water, drained solids",174227,"Fish, tuna, light, canned in oil, without salt, drained solids",1.1005304771495148,,,TRUE,魚介類 > かつお
10,10088,＜魚類＞　（かつお類）　そうだがつお　生,69.9,25.7,2.8,(0),1.3,126,23,230,81,350,33,2.6,1.2,0.15,0.02,-,-,9,22.0,1.2,0.17,0.29,16.0,0.54,12.0,14,1.29,"{""baseName"":""そうだがつお"",""state"":""生"",""notes"":[""魚類"",""かつお類""]}",そうだがつお（生）は良質な魚たんぱくで犬のレシピ素材として適している,9,1,1,(1100),(1900),(2200),(730),(270),(1000),(950),(840),(1800),(1100),(300),(1300),(2100),(1400),2.06,0.84,0.74,0.10,28,16,180,470,39,"[""そうだがつお"",""ソウダガツオ"",""soudagatsuo"",""soda bonito"",""frigate mackerel"",""魚"",""さかな"",""fish""]",そうだがつお,生,Sōdagatsuo (Soda-gatsuo),Raw (frigate mackerel),114.8,,,,175156,"Fish, tuna, fresh, skipjack, raw",1.3962722414054516,,,TRUE,魚介類 > そうだがつお
10,10089,＜魚類＞　（かつお類）　加工品　なまり,66.9,29.8,0.7,(0),2.2,126,11,300,110,300,32,3.7,0.9,0.17,0.02,-,-,Tr,4,0.2,0.19,0.18,16.0,0.46,21.0,16,0.58,"{""baseName"":""加工品"",""variety"":""なまり"",""notes"":[""魚類"",""かつお類""]}",なまり（かつお類の加工品）は魚由来の良質なタンパク質源だが加工品で風味や塩分があるためやや注意が必要。,7,1,1,(1300),(2200),(2500),(850),(320),(1200),(1100),(970),(2100),(1300),(350),(1500),(2400),(1700),0.42,0.17,0.14,0.03,6,2,19,110,12,"[""なまり"",""ナマリ"",""なまり節"",""鰹"",""かつお"",""カツオ"",""鰹なまり"",""bonito"",""katsuo""]",なまり,,Namari,semi-dried bonito (katsuo),111.65,,,,171986,"Fish, tuna, light, canned in water, without salt, drained solids",1.309623965830607,,,TRUE,魚介類 > かつお節
10,10446,＜魚類＞　（かつお類）　加工品　裸節,22.6,71.6,3.3,0,2.8,309,15,570,310,780,76,6.5,1.9,0.29,0.03,60,240,10,6.7,1.5,0.01,0.35,45.0,0.65,16.0,14,0.86,"{""baseName"":""加工品"",""variety"":""裸節"",""notes"":[""魚類"",""かつお類""]}",かつお加工品は高たんぱくで旨味があり、犬の料理素材として適切。,9,1,1,(3300),(5500),(6200),(2100),(700),(2800),(2800),(2500),(5300),(3500),(900),(3800),(5300),(4100),(1.98),(0.91),(0.79),(0.12),(25),(7),(110),(630),(45),"[""裸節"",""はだかぶし"",""ハダカブシ"",""鰹"",""かつお"",""カツオ"",""bonito"",""katsuobushi""]",裸節,,Hadakabushi,katsuobushi block,278.65,,,,172005,,,,,TRUE,魚介類 > かつお節
10,10091,＜魚類＞　（かつお類）　加工品　かつお節,15.2,77.1,2.9,(0),4.0,332,28,790,130,940,70,5.5,2.8,0.27,-,45,320,Tr,6,1.2,0.55,0.35,45.0,0.53,15.0,11,0.82,"{""baseName"":""加工品"",""variety"":""かつお節"",""notes"":[""魚類"",""かつお類""]}",かつお節は乾燥した魚資源で旨味と良質なタンパク質を提供する安全な素材である。,8,1,1,3600,5900,6700,2200,760,3000,3000,2700,5700,3800,960,4100,5700,4400,1.76,0.81,0.70,0.10,22,6,99,560,40,"[""かつお節"",""かつおぶし"",""カツオブシ"",""鰹節"",""かつお"",""カツオ"",""鰹"",""bonito flakes"",""katsuobushi"",""bonito""]",かつお節,,Katsuobushi,dried bonito,297.3,,,,174236,"Fish, mackerel, king, cooked, dry heat",1.9251837847941504,,,TRUE,魚介類 > かつお節
10,10092,＜魚類＞　（かつお類）　加工品　削り節,17.2,75.7,3.2,(0),3.5,327,46,680,480,810,91,9.0,2.5,0.43,0.05,-,-,24,4,1.1,0.38,0.57,37.0,0.53,22.0,15,0.97,"{""baseName"":""加工品"",""variety"":""削り節"",""notes"":[""魚類"",""かつお類""]}",削り節は良質な魚たんぱくと旨味があり風味付けや栄養補助に適する,9,1,1,3500,6000,6600,2200,810,3000,3100,2800,5900,3800,1000,4100,4800,4400,1.86,0.79,0.63,0.16,25,7,86,500,63,"[""削り節"",""けずりぶし"",""ケズリブシ"",""鰹"",""かつお"",""カツオ"",""shaved bonito"",""bonito flakes"",""katsuobushi""]",削り節,,Bonito Flakes,shaved katsuobushi,293.55,,,,174236,"Fish, mackerel, king, cooked, dry heat",1.7716872450273455,,,TRUE,魚介類 > 削り節
10,10097,＜魚類＞　（かつお類）　缶詰　油漬　フレーク,55.5,18.8,24.2,(0),1.4,289,5,160,350,230,23,0.9,0.5,0.07,0.02,-,-,Tr,4,2.6,0.12,0.11,15.0,0.40,2.8,7,0.24,"{""baseName"":""油漬"",""variety"":""フレーク"",""state"":""缶詰"",""notes"":[""魚類"",""かつお類""]}",かつおの缶詰油漬フレークは魚由来の良質タンパクだが油や塩分を含む加工品,8,1,1,(820),(1400),(1600),(530),(200),(730),(700),(620),(1300),(820),(220),(940),(1400),(1100),22.36,13.44,1.99,11.44,11000,1600,60,290,14,"[""かつおフレーク"",""鰹フレーク"",""カツオフレーク"",""フレーク"",""油漬"",""油漬け"",""かつお"",""鰹"",""bonito flakes"",""canned bonito"",""katsuobushi""]",かつおフレーク,缶詰・油漬,Canned Bonito Flakes,"canned, in oil",271.85,,,,171987,"Fish, tuna, white, canned in oil, without salt, drained solids",1.508014546282245,,,TRUE,魚介類 > かつおフレーク
10,10098,＜魚類＞　かます　生,72.7,18.9,7.2,(0),1.1,137,41,140,120,320,34,0.3,0.5,0.04,0.01,-,-,12,11.0,0.9,0.03,0.14,4.5,0.31,2.3,8,0.47,"{""baseName"":""かます"",""state"":""生"",""notes"":[""魚類""]}",かます（生）は魚類として利用可能だが加熱や下処理を行ってから与えるのが望ましい,7,1,1,890,1500,1800,600,280,880,750,680,1400,850,210,990,530,1100,6.12,1.80,1.50,0.26,56,32,340,940,130,"[""かます"",""カマス"",""kamasu"",""barracuda"",""barracuda fish""]",かます,生,Barracuda,raw,127.7,,,,,,,,,TRUE,魚介類 > かます (生)
10,10099,＜魚類＞　かます　焼き,70.3,23.3,4.9,(0),1.4,134,59,190,150,360,42,0.5,0.6,0.05,0.01,-,-,13,10.0,0.9,0.03,0.14,4.2,0.31,3.3,13,0.52,"{""baseName"":""かます"",""state"":""焼き"",""notes"":[""魚類""]}",焼きかますは魚由来のたんぱく源で料理素材として適切。,8,1,1,(1100),(1900),(2200),(740),(340),(1100),(930),(830),(1800),(1000),(260),(1200),(660),(1400),3.90,1.23,1.03,0.17,35,19,190,710,83,"[""かます"",""カマス"",""kamasu"",""barracuda"",""barracuda fish""]",かます,焼き,Barracuda,grilled,123.55,,,,,,,,,TRUE,魚介類 > かます (焼き)
10,10100,＜魚類＞　（かれい類）　まがれい　生,77.8,19.6,1.3,(0),1.2,89,43,200,110,330,28,0.2,0.8,0.03,0.01,21,110,5,13.0,1.5,0.03,0.35,2.5,0.15,3.1,4,0.66,"{""baseName"":""まがれい"",""state"":""生"",""notes"":[""魚類"",""かれい類""]}",まがれい（生）は良質な魚類タンパク源で犬の素材として適している（骨除去）。,9,1,1,970,1700,2000,640,230,870,820,750,1600,1000,230,1100,510,1300,0.95,0.43,0.35,0.06,7,3,180,96,27,"[""まがれい"",""マガレイ"",""マガレイ"",""かれい"",""カレイ"",""鰈"",""magarei"",""marbled flounder"",""flounder"",""flatfish""]",まがれい,生,Flounder,"magarei, raw",80,,,,174196,"Fish, flatfish (flounder and sole species), raw",1.5803423994439294,,65,TRUE,魚介類 > まがれい (生)
10,10101,＜魚類＞　（かれい類）　まがれい　水煮,75.6,21.4,1.1,(0),1.2,97,56,200,100,320,29,0.3,0.9,0.03,0.02,15,77,5,17.0,2.0,0.03,0.27,2.6,0.14,3.3,4,0.73,"{""baseName"":""まがれい"",""state"":""水煮"",""notes"":[""魚類"",""かれい類""]}",まがれい水煮は加熱済みの魚で良質なタンパク源、犬のレシピ素材として適している,9,1,1,(1100),(1800),(2100),(700),(250),(950),(900),(820),(1700),(1100),(250),(1200),(550),(1400),0.83,0.38,0.31,0.05,6,3,160,83,22,"[""まがれい"",""マガレイ"",""マガレイ"",""かれい"",""カレイ"",""鰈"",""magarei"",""marbled flounder"",""flounder"",""flatfish""]",まがれい,水煮,Flounder,"magarei, boiled (in water)",86.7,,,,,,,,,TRUE,魚介類 > まがれい (水煮)
10,10102,＜魚類＞　（かれい類）　まがれい　焼き,73.9,23.4,1.3,(0),1.4,104,70,240,130,370,32,0.3,1.0,0.04,0.02,22,97,7,18.0,2.5,0.03,0.41,3.1,0.13,4.1,6,0.75,"{""baseName"":""まがれい"",""state"":""焼き"",""notes"":[""魚類"",""かれい類""]}",まがれいの焼き身は調理済み魚としてたんぱく源に適し骨の除去が前提,9,1,1,(1200),(2000),(2300),(770),(270),(1000),(980),(900),(1900),(1200),(270),(1300),(610),(1500),0.96,0.44,0.36,0.06,6,2,180,91,29,"[""まがれい"",""マガレイ"",""マガレイ"",""かれい"",""カレイ"",""鰈"",""magarei"",""marbled flounder"",""flounder"",""flatfish""]",まがれい,焼き,Flounder,"magarei, grilled",92.95,,,,,,,,,TRUE,魚介類 > まがれい (焼き)
10,10103,＜魚類＞　（かれい類）　まこがれい　生,79.0,18.0,1.8,(0),1.2,86,46,190,120,320,24,0.4,0.8,0.02,0.03,-,-,5,6.7,1.5,0.12,0.32,3.1,0.21,1.8,8,0.67,"{""baseName"":""まこがれい"",""state"":""生"",""notes"":[""魚類"",""かれい類""]}",まこがれい（生）はたんぱく源として良いが生魚は寄生虫や安全性の懸念があるため加熱が望ましい,7,1,1,750,1300,1500,540,180,720,690,590,1300,830,180,860,400,1200,1.23,0.56,0.43,0.11,11,7,200,110,52,"[""まこがれい"",""マコガレイ"",""makogarei"",""かれい"",""カレイ"",""鰈"",""flounder"",""flatfish""]",まこがれい,生,Mako Flounder,raw,78.3,,,,,,,,,TRUE,魚介類 > まこがれい (生)
10,10399,＜魚類＞　（かれい類）　まこがれい　焼き,66.2,28.5,2.8,(0),1.8,138,75,300,180,490,39,0.8,1.2,0.03,0.06,-,-,6,9.2,2.1,0.17,0.44,5.0,0.15,3.0,14,1.25,"{""baseName"":""まこがれい"",""state"":""焼き"",""notes"":[""魚類"",""かれい類""]}",焼きのまこがれいは良質な魚肉で犬のレシピ素材として適している（骨除去済）,9,1,1,1100,2000,2300,830,280,1100,1100,920,2000,1300,280,1300,610,1900,1.95,0.89,0.68,0.18,18,10,310,180,88,"[""まこがれい"",""マコガレイ"",""makogarei"",""かれい"",""カレイ"",""鰈"",""flounder"",""flatfish""]",まこがれい,焼き,Mako Flounder,grilled,126,,,,169812,"Fish, halibut, cooked, with skin (Alaska Native)",1.2506399599218183,,,TRUE,魚介類 > まこがれい (焼き)
10,10104,＜魚類＞　（かれい類）　子持ちがれい　生,72.7,19.9,6.2,(0),1.1,123,20,200,77,290,27,0.2,0.8,0.03,0.04,-,-,12,4,2.9,0.19,0.20,2.4,0.15,4.3,20,2.41,"{""baseName"":""子持ちがれい"",""state"":""生"",""notes"":[""魚類"",""かれい類""]}",魚および魚卵は良質なタンパク源で素材として適している,8,0,1,,,,,,,,,,,,,,,4.56,1.70,1.51,0.13,34,16,800,380,68,"[""子持ちがれい"",""こもちがれい"",""コモチガレイ"",""子持ちカレイ"",""かれい"",""カレイ"",""鰈"",""flounder with roe"",""flounder"",""flatfish""]",子持ちがれい,生,Flounder with Roe,raw,122.7,,,,175142,"Fish, sea bass, mixed species, raw",1.3729572267242194,,60.8,TRUE,魚介類 > 子持ちがれい (生)
10,10105,＜魚類＞　（かれい類）　子持ちがれい　水煮,69.3,22.3,7.2,(0),1.1,137,40,210,83,270,28,0.3,1.0,0.04,0.04,-,-,11,4.7,4.2,0.25,0.22,2.7,0.15,4.9,23,2.58,"{""baseName"":""子持ちがれい"",""state"":""水煮"",""notes"":[""魚類"",""かれい類""]}",子持ちがれいの水煮は加熱済みの魚で良質なたんぱく源として適する,9,0,1,,,,,,,,,,,,,,,5.04,1.74,1.52,0.15,35,18,760,420,81,"[""子持ちがれい"",""こもちがれい"",""コモチガレイ"",""子持ちカレイ"",""かれい"",""カレイ"",""鰈"",""flounder with roe"",""flounder"",""flatfish""]",子持ちがれい,水煮,Flounder with Roe,boiled (in water),139.6,,,,,,,,,TRUE,魚介類 > 子持ちがれい (水煮)
10,10106,＜魚類＞　（かれい類）　干しかれい,74.6,20.2,3.4,(0),1.8,104,40,170,430,280,29,0.1,0.4,0.01,0.02,-,-,2,1,2.3,0.25,0.10,5.1,0.11,1.6,11,0.71,"{""baseName"":""干しかれい"",""notes"":[""魚類"",""かれい類""]}",干しかれいは良質な魚由来たんぱくだが乾燥や塩分が含まれる点に注意が必要,8,0,1,,,,,,,,,,,,,,,2.43,0.85,0.73,0.09,17,8,310,280,48,"[""かれい"",""カレイ"",""鰈"",""flounder"",""flatfish""]",干しかれい,,Dried Flounder,,99.6,,,,174196,"Fish, flatfish (flounder and sole species), raw",1.929585600828549,,65,TRUE,魚介類 > 干しかれい
10,10107,＜魚類＞　かわはぎ　生,79.9,18.8,0.4,(0),1.2,77,13,240,110,380,28,0.2,0.4,0.03,0.02,33,35,2,43.0,0.6,0.02,0.07,3.0,0.45,1.3,6,0.17,"{""baseName"":""かわはぎ"",""state"":""生"",""notes"":[""魚類""]}",かわはぎは良質な魚で犬に適したタンパク源（加熱と骨除去が前提）,9,1,1,850,1500,1700,570,200,780,740,680,1400,940,220,970,450,1200,0.26,0.14,0.10,0.04,2,Tr,32,53,30,"[""かわはぎ"",""カワハギ"",""kawahagi"",""filefish"",""leatherjacket""]",かわはぎ,生,Filefish,"kawahagi, raw",69.2,,,,171964,"Fish, haddock, raw",0.4834873337610714,,65,TRUE,魚介類 > かわはぎ (生)
10,10108,＜魚類＞　かんぱち　三枚おろし　生,73.3,21.0,4.2,(0),1.4,119,15,270,65,490,34,0.6,0.7,0.05,0.01,11,29,4,4,0.9,0.15,0.16,8.0,0.32,5.3,10,0.52,"{""baseName"":""かんぱち"",""variety"":""三枚おろし"",""state"":""生"",""notes"":[""魚類""]}",かんぱちは良質な魚のたんぱく質で犬のレシピ素材として適する,9,1,1,(950),(1600),(1900),(640),(230),(870),(840),(710),(1500),(930),(240),(1100),(970),(1200),3.39,1.24,1.07,0.15,33,18,190,730,68,"[""かんぱち"",""カンパチ"",""kanpachi"",""amberjack"",""greater amberjack"",""三枚おろし"",""さんまいおろし"",""サンマイオロシ"",""fillet""]",かんぱち,三枚おろし・生,Greater Amberjack,"fillet (three-piece), raw",109.55,,,,,,,,,TRUE,魚介類 > かんぱち (三枚おろし・生)
10,10424,＜魚類＞　かんぱち　背側　生,76.1,22.2,1.2,(0),1.3,95,6,250,54,470,29,0.4,0.4,0.04,Tr,53,63,4,1.4,1.1,0.15,0.08,10,0.56,1.0,4,0.28,"{""baseName"":""かんぱち"",""variety"":""背側"",""state"":""生"",""notes"":[""魚類""]}",白身の生魚で良質なタンパク源。生食の取り扱いに注意しつつ素材として適している。,9,1,1,1100,1800,2100,680,240,920,870,810,1700,1100,260,1200,920,1400,0.86,0.31,0.26,0.05,6,2,26,210,22,"[""かんぱち"",""カンパチ"",""kanpachi"",""amberjack"",""greater amberjack"",""背側"",""せがわ"",""背身"",""back side""]",かんぱち,背側・生,Greater Amberjack,"back side, raw",87.9,,,,175142,"Fish, sea bass, mixed species, raw",1.4971521311025782,,60.8,TRUE,魚介類 > かんぱち (背側・生)
10,10109,＜魚類＞　きす　生,80.8,18.5,0.2,(0),1.2,73,27,180,100,340,29,0.1,0.4,0.02,0.01,21,37,1,0.7,0.4,0.09,0.03,2.7,0.22,2.2,11,0.18,"{""baseName"":""きす"",""state"":""生"",""notes"":[""魚類""]}",きすは良質なタンパク源。頭部・内臓等を除いた身は犬の素材として適切。,9,1,1,860,1500,1800,590,200,780,750,670,1400,910,210,950,460,1200,0.12,0.06,0.05,0.01,1,Tr,17,31,5,"[""きす"",""キス"",""しろぎす"",""シロギス"",""鱚"",""kisu"",""Japanese whiting"",""whiting"",""sillago""]",きす,生,Japanese Whiting,raw,66.45,,,,174191,"Fish, cod, Pacific, raw (may have been previously frozen)",1.8586129437652676,,65,TRUE,魚介類 > きす (生)
10,10110,＜魚類＞　きちじ　生,63.9,13.6,21.7,(0),0.8,238,32,130,75,250,32,0.3,0.4,0.11,-,84,58,65,4,2.4,0.03,0.07,0.8,0.04,1.0,2,0.20,"{""baseName"":""きちじ"",""state"":""生"",""notes"":[""魚類""]}",魚類は良質なタンパク質と不飽和脂肪酸が得られる素材で適している,9,1,1,620,1100,1300,450,150,600,610,490,1100,700,140,680,300,930,18.61,3.97,3.42,0.48,140,66,1300,1500,190,"[""きちじ"",""キチジ"",""kichiji"",""キチジ"",""fish"",""sea fish""]",きちじ,生,Kichiji,raw,232.05,,,,173698,"Fish, snapper, mixed species, raw",1.7884814554137585,,65,TRUE,魚介類 > きちじ (生)
10,10111,＜魚類＞　きびなご　生,78.2,18.8,1.4,(0),1.5,85,100,240,150,330,34,1.1,1.9,0.10,0.03,-,-,0,10.0,0.3,0.02,0.25,6.2,0.44,8.3,8,0.87,"{""baseName"":""きびなご"",""state"":""生"",""notes"":[""魚類""]}",きびなごは良質な魚でタンパク源になるが生食は寄生虫や消化面の懸念があるため調理して使う方が望ましい。,8,1,1,(860),(1500),(1700),(580),(220),(800),(740),(630),(1400),(830),(200),(960),(510),(1100),0.75,0.24,0.21,0.03,9,5,59,130,10,"[""きびなご"",""キビナゴ"",""kibinago"",""kibinago"",""silver stripe round herring"",""silver stripe herring"",""きびなご""]",きびなご,,Kibinago,,78.05,,,,175146,"Fish, smelt, rainbow, raw",1.3667446392223357,,65,FALSE,
10,10114,＜魚類＞　キングクリップ　生,80.5,18.2,0.1,(0),1.2,73,47,170,140,340,28,0.3,0.5,0.02,0.01,-,-,5,Tr,0.2,0.03,0.07,1.5,0.09,1.3,4,0.42,"{""baseName"":""キングクリップ"",""state"":""生"",""notes"":[""魚類""]}",良質な魚の生切り身で犬に適したタンパク源（加熱や骨除去が望ましい）,9,1,1,(840),(1400),(1700),(560),(210),(770),(720),(610),(1300),(800),(200),(930),(490),(1100),0.06,0.03,0.02,Tr,Tr,0,4,19,3,"[""キングクリップ"",""キングクリップ"",""kingklip"",""king clip"",""kingklip""]",キングクリップ,,Kingklip,,64.55,,,,175178,"Fish, cod, Pacific, cooked",1.736251172126417,,,FALSE,
10,10115,＜魚類＞　ぎんだら　生,67.4,13.6,18.6,(0),0.9,210,15,180,74,340,26,0.3,0.3,0.02,0,-,-,1500,3.5,4.6,0.05,0.10,1.7,0.09,2.8,1,0.21,"{""baseName"":""ぎんだら"",""state"":""生"",""notes"":[""魚類""]}",銀鱈は良質な魚のたんぱく源で犬のレシピ素材として適している。,9,1,1,620,1100,1300,450,140,590,540,500,1000,690,140,680,330,950,15.96,1.59,1.13,0.29,160,69,480,290,75,"[""ぎんだら"",""ギンダラ"",""銀鱈"",""gindara"",""sablefish"",""black cod""]",ぎんだら,生,Sablefish (Gindara),Raw,205.7,,,,174191,"Fish, cod, Pacific, raw (may have been previously frozen)",1.523481966033786,,65,TRUE,魚介類 > 銀だら
10,10401,＜魚類＞　ぎんだら　水煮,61.2,14.9,23.8,(0),0.8,253,15,150,63,280,25,0.3,0.3,0.03,0,-,-,1800,4.2,5.4,0.04,0.08,1.6,0.09,2.6,1,0.13,"{""baseName"":""ぎんだら"",""state"":""水煮"",""notes"":[""魚類""]}",ぎんだらの水煮は調理済みの魚で良質なタンパク質・脂質源として適切,9,1,1,770,1300,1500,560,180,740,660,620,1300,850,180,840,390,1100,20.67,2.08,1.47,0.38,210,88,630,370,97,"[""ぎんだら"",""ギンダラ"",""銀鱈"",""gindara"",""sablefish"",""black cod""]",ぎんだら,水煮,Sablefish (Gindara),Boiled,254.45,,,,175178,"Fish, cod, Pacific, cooked",1.3542996656526471,,,TRUE,魚介類 > 銀だら
10,10116,＜魚類＞　きんめだい　生,72.1,17.8,9.0,(0),1.0,147,31,490,59,330,73,0.3,0.3,0.02,0.01,-,-,63,2,1.7,0.03,0.05,2.7,0.28,1.1,9,0.23,"{""baseName"":""きんめだい"",""state"":""生"",""notes"":[""魚類""]}",きんめだいは良質な魚のタンパク源。骨や内臓は除去して調理すれば適切。,9,1,1,740,1300,1600,530,180,720,710,600,1300,810,180,860,540,1100,7.54,1.60,1.37,0.22,78,48,270,870,110,"[""きんめだい"",""キンメダイ"",""金目鯛"",""kinmedai"",""alfonsino"",""golden eye snapper""]",きんめだい,,Kinmedai (Alfonsino),,139.15,,,,175125,"Fish, ocean perch, Atlantic, raw",1.4170656522168041,,65,TRUE,魚介類 > 金目鯛
10,10117,＜魚類＞　ぐち　生,80.1,18.0,0.8,(0),1.1,78,37,140,95,260,28,0.4,0.6,0.03,0.01,-,-,5,2.9,0.5,0.04,0.28,2.8,0.18,2.5,6,0.46,"{""baseName"":""ぐち"",""state"":""生"",""notes"":[""魚類""]}",生のぐちは魚類として良質なタンパク源だが、生食では寄生虫や酵素のリスクがあるため加熱が望ましい。,8,1,1,930,1500,1700,590,220,810,760,640,1400,850,210,1000,410,1100,0.55,0.20,0.17,0.03,5,2,42,110,16,"[""ぐち"",""グチ"",""鯒"",""guchi"",""flathead"",""こち""]",ぐち,生,Guchi (Flathead),Raw,69.8,,,,173725,"Fish, pollock, Alaska, raw",0.9216801788765424,,,FALSE,
10,10118,＜魚類＞　ぐち　焼き,74.3,23.4,0.8,(0),1.5,100,51,180,140,330,34,0.6,0.8,0.03,0.01,-,-,7,3.3,0.7,0.05,0.25,3.0,0.11,2.8,9,0.45,"{""baseName"":""ぐち"",""state"":""焼き"",""notes"":[""魚類""]}",焼きぐちは調理済みの魚で良質なたんぱく源として犬のレシピに適している。,9,1,1,(1200),(1900),(2200),(770),(290),(1100),(990),(840),(1800),(1100),(270),(1300),(530),(1500),0.54,0.20,0.17,0.03,4,1,40,110,17,"[""ぐち"",""グチ"",""鯒"",""guchi"",""flathead"",""こち""]",ぐち,焼き,Guchi (Flathead),Grilled,88.7,,,,171956,"Fish, cod, Atlantic, cooked, dry heat",1.3503356518672371,,83.7,FALSE,
10,10119,＜魚類＞　こい　養殖　生,71.0,17.7,10.2,(0),0.9,157,9,180,49,340,22,0.5,1.2,0.05,0.01,-,-,4,14.0,2.0,0.46,0.18,3.3,0.13,10.0,10,1.48,"{""baseName"":""こい"",""productionMethod"":""養殖"",""state"":""生"",""notes"":[""魚類""]}",養殖の鯉は魚由来のタンパク源として利用可能だが生食による寄生虫や衛生に注意,8,1,1,730,1300,1500,510,160,680,720,570,1300,820,180,840,590,1100,8.55,1.85,1.06,0.74,640,78,270,510,41,"[""こい"",""コイ"",""鯉"",""koi"",""carp"",""common carp""]",こい,養殖・生,Koi (Carp),"Farmed, Raw",149.35,,,,175165,"Fish, catfish, channel, farmed, raw",1.4935488136424553,,65,TRUE,魚介類 > 鯉
10,10120,＜魚類＞　こい　養殖　水煮,66.3,19.2,13.4,(0),0.9,190,13,180,47,330,22,0.6,1.8,0.06,0.01,-,-,3,12.0,2.0,0.37,0.17,3.1,0.11,7.5,9,1.51,"{""baseName"":""こい"",""productionMethod"":""養殖"",""state"":""水煮"",""notes"":[""魚類""]}",水煮の鯉は良質なタンパク源で加工済みの魚として犬のレシピ素材に適する。,9,1,1,(800),(1400),(1700),(560),(180),(730),(780),(620),(1400),(890),(200),(910),(640),(1200),11.24,2.49,1.03,1.42,1300,96,200,570,63,"[""こい"",""コイ"",""鯉"",""koi"",""carp"",""common carp""]",こい,養殖・水煮,Koi (Carp),"Farmed, Boiled",181.8,,,,175166,"Fish, catfish, channel, farmed, cooked, dry heat",1.5070464208507324,,78.7,TRUE,魚介類 > 鯉
10,10121,＜魚類＞　こい　養殖　内臓　生,62.6,9.0,25.9,(0),1.2,258,9,130,95,240,19,3.1,7.0,0.31,0.10,-,-,500,9,3.8,0.07,0.54,5.3,0.05,16.0,110,2.53,"{""baseName"":""こい"",""variety"":""内臓"",""productionMethod"":""養殖"",""state"":""生"",""notes"":[""魚類""]}",こいの内臓は栄養が濃縮した部位で利用可能だが、扱いに注意が必要。,7,0,1,,,,,,,,,,,,,,,21.58,6.31,2.37,3.94,3700,720,560,770,100,"[""こい"",""コイ"",""鯉"",""koi"",""carp"",""common carp"",""内臓"",""ないぞう"",""ナイゾウ"",""guts"",""innards"",""offal""]",こい,養殖・内臓・生,Koi (Carp),"Farmed, Internal organs, Raw",256.2,,,,168034,"Fish, whitefish, broad, head, eyes, cheeks and soft bones (Alaska Native)",1.6394972527077636,,,TRUE,魚介類 > 鯉
10,10122,＜魚類＞　（こち類）　まごち　生,75.4,22.5,0.5,(0),1.4,94,51,260,110,450,33,0.2,0.6,0.02,0.01,-,-,1,1,0.1,0.07,0.17,4.5,0.34,1.7,4,0.38,"{""baseName"":""まごち"",""state"":""生"",""notes"":[""魚類"",""こち類""]}",生のまごちは良質な魚類だが生食は寄生虫や微生物のリスクがあるため調理の有無を確認して使用する。,8,1,1,(1000),(1800),(2100),(700),(260),(960),(890),(760),(1600),(990),(250),(1100),(610),(1400),0.31,0.14,0.12,0.02,3,1,28,74,15,"[""まごち"",""マゴチ"",""真鯒"",""magochi"",""まごち"",""flathead"",""こち"",""コチ""]",まごち,生,Magochi (Flathead),Raw,83.7,,,,173725,"Fish, pollock, Alaska, raw",1.1651206049338634,,,FALSE,
10,10123,＜魚類＞　（こち類）　めごち　生,81.1,17.1,0.6,(0),1.2,73,40,160,160,280,30,0.2,0.6,0.01,0.04,26,44,2,11.0,0,0.02,0.08,2.4,0.14,3.0,6,0.16,"{""baseName"":""めごち"",""state"":""生"",""notes"":[""魚類"",""こち類""]}",めごち（魚）は魚類として良質なタンパク源でレシピ素材に適している。,9,1,1,860,1500,1800,590,200,780,810,680,1500,990,200,980,460,1300,0.35,0.18,0.14,0.03,3,1,20,110,20,"[""めごち"",""メゴチ"",""目鯒"",""megochi"",""めごち"",""flathead"",""こち"",""コチ""]",めごち,生,Megochi (Flathead),Raw,64.95,,,,,,,,,FALSE,
10,10124,＜魚類＞　このしろ　生,70.6,19.0,8.3,(0),1.7,146,190,230,160,370,27,1.3,0.7,0.16,-,35,31,Tr,9,2.5,Tr,0.17,2.1,0.33,10.0,8,1.13,"{""baseName"":""このしろ"",""state"":""生"",""notes"":[""魚類""]}",良質な小型魚のタンパク源。骨の除去や適切な加熱で安全に使える。,9,1,1,920,1500,1700,590,240,840,760,650,1400,850,210,1000,700,1100,6.75,1.95,1.50,0.08,24,49,730,410,49,"[""このしろ"",""コノシロ"",""konoshiro"",""gizzard shad"",""shad"",""このしろ""]",このしろ,,Konoshiro (Gizzard Shad),,138.45,,,,173669,"Fish, herring, Pacific, raw",0.966395057148696,,,FALSE,
10,10126,＜魚類＞　（さけ・ます類）　からふとます　生,70.1,21.7,6.6,(0),1.5,139,13,260,64,400,29,0.4,0.6,0.07,0.01,-,-,13,22.0,0.7,0.25,0.18,8.0,0.49,4.6,16,1.30,"{""baseName"":""からふとます"",""state"":""生"",""notes"":[""魚類"",""さけ・ます類""]}",サケ・マス類は良質な蛋白と必須脂肪酸を含み犬のレシピに適している,9,1,1,(1000),(1700),(2000),(670),(250),(920),(860),(730),(1600),(950),(240),(1100),(590),(1300),4.93,1.58,1.42,0.15,81,52,400,690,31,"[""からふとます"",""カラフトマス"",""karafutomasu"",""karafuto masu"",""masu"",""salmon"",""trout""]",からふとます,生,Karafuto masu,Raw,132.4,90,35152,"Fish, salmon, chum, raw (Alaska Native)",173689,"Fish, salmon, chum, raw",0.9717919683283606,,,TRUE,魚介類 > 鮭
10,10127,＜魚類＞　（さけ・ます類）　からふとます　焼き,62.1,28.1,7.7,(0),2.0,175,20,370,85,520,41,0.6,0.7,0.09,0.01,-,-,15,31.0,0.9,0.24,0.27,10.0,0.36,7.9,19,1.60,"{""baseName"":""からふとます"",""state"":""焼き"",""notes"":[""魚類"",""さけ・ます類""]}",からふとます（焼き）は加熱された良質な魚タンパクで適している,9,1,1,(1300),(2200),(2600),(870),(330),(1200),(1100),(950),(2100),(1200),(310),(1400),(760),(1700),5.95,1.89,1.70,0.18,98,62,460,840,37,"[""からふとます"",""カラフトマス"",""karafutomasu"",""karafuto masu"",""masu"",""salmon"",""trout""]",からふとます,焼き,Karafuto masu,Grilled,164.15,90,35152,"Fish, salmon, chum, raw (Alaska Native)",173718,"Fish, trout, rainbow, farmed, cooked, dry heat",1.1281478734786345,,77.6,TRUE,魚介類 > 鮭
10,10128,＜魚類＞　（さけ・ます類）　からふとます　塩ます,64.6,20.9,7.4,(0),6.5,146,27,250,2300,310,34,0.4,0.5,0.06,0.01,-,-,19,20.0,0.4,0.21,0.17,6.8,0.48,2.1,10,1.07,"{""baseName"":""からふとます"",""variety"":""塩ます"",""notes"":[""魚類"",""さけ・ます類""]}",塩漬けまたは塩処理されたます類は良質なたんぱく源で素材として適している。,9,1,1,(960),(1600),(1900),(650),(240),(890),(820),(700),(1500),(920),(230),(1100),(570),(1300),5.87,1.76,1.52,0.14,78,50,660,490,25,"[""からふとます"",""カラフトマス"",""karafutomasu"",""karafuto masu"",""masu"",""salmon"",""trout""]",からふとます,塩ます,Karafuto masu,Salted,138.15,90,35152,"Fish, salmon, chum, raw (Alaska Native)",173717,"Fish, trout, rainbow, farmed, raw",0.7827467131710408,,65,TRUE,魚介類 > 鮭
10,10129,＜魚類＞　（さけ・ます類）　からふとます　水煮缶詰,69.7,20.7,7.2,(0),2.3,145,110,320,360,300,36,1.5,0.9,0.10,0.08,-,-,Tr,7,0.7,0.15,0.13,6.0,0.25,3.4,15,0.66,"{""baseName"":""からふとます"",""state"":""水煮缶詰"",""notes"":[""魚類"",""さけ・ます類""]}",ます類の水煮缶は良質なタンパク質と脂肪酸を供給する安全な素材,9,1,1,(950),(1600),(1900),(640),(240),(880),(820),(700),(1500),(910),(230),(1100),(560),(1300),6.27,1.80,1.61,0.16,83,59,630,530,30,"[""からふとます"",""カラフトマス"",""karafutomasu"",""karafuto masu"",""masu"",""salmon"",""trout""]",からふとます,水煮缶詰,Karafuto masu,Canned (in water),134,90,35152,"Fish, salmon, chum, raw (Alaska Native)",168060,"Steelhead trout, boiled, canned (Alaska Native)",1.0755187488528541,,,TRUE,魚介類 > 鮭
10,10130,＜魚類＞　（さけ・ます類）　ぎんざけ　養殖　生,66.0,19.6,12.8,(0),1.3,188,12,290,48,350,25,0.3,0.6,0.05,0.01,9,29,36,15.0,1.8,0.15,0.14,5.3,0.32,5.2,9,1.37,"{""baseName"":""ぎんざけ"",""productionMethod"":""養殖"",""state"":""生"",""notes"":[""魚類"",""さけ・ます類""]}",良質な脂質（オメガ3）とたんぱくが豊富な魚で犬に適している,9,1,1,860,1500,1700,590,200,790,790,680,1500,960,220,1000,890,1200,10.90,3.74,2.03,1.65,1500,480,310,890,60,"[""ぎんざけ"",""ギンザケ"",""銀鮭"",""ginzake"",""salmon"",""Atlantic salmon"",""サーモン""]",ぎんざけ,養殖・生,Salmon (Ginzake),"Farmed, Raw",178.45,94,35150,"Fish, salmon, coho (silver), raw (Alaska Native)",173715,"Fish, salmon, coho, farmed, raw",0.7816654793645699,,,TRUE,魚介類 > 鮭
10,10131,＜魚類＞　（さけ・ます類）　ぎんざけ　養殖　焼き,56.7,25.2,15.8,(0),1.9,236,16,320,61,460,34,0.4,0.8,0.07,0.01,10,37,37,21.0,2.7,0.13,0.19,7.4,0.31,7.5,10,1.65,"{""baseName"":""ぎんざけ"",""productionMethod"":""養殖"",""state"":""焼き"",""notes"":[""魚類"",""さけ・ます類""]}",良質なタンパク源でオメガ-3を含む。調理済みの魚は犬の素材として適している。,9,1,1,1100,1900,2200,750,250,1000,1000,860,1900,1200,280,1300,1100,1500,13.54,4.62,2.47,2.07,1800,590,380,1100,73,"[""ぎんざけ"",""ギンザケ"",""銀鮭"",""ginzake"",""salmon"",""Atlantic salmon"",""サーモン""]",ぎんざけ,養殖・焼き,Salmon (Ginzake),"Farmed, Grilled",223.9,94,35150,"Fish, salmon, coho (silver), raw (Alaska Native)",173716,"Fish, salmon, coho, farmed, cooked, dry heat",0.8264422074492849,,,TRUE,魚介類 > 鮭
10,10132,＜魚類＞　（さけ・ます類）　さくらます　生,69.8,20.9,7.7,(0),1.5,146,15,260,53,390,28,0.4,0.5,0.06,0.01,-,-,63,10.0,2.3,0.11,0.14,8.8,0.52,7.6,21,0.97,"{""baseName"":""さくらます"",""state"":""生"",""notes"":[""魚類"",""さけ・ます類""]}",さくらます（ます類）は良質な動物性タンパクで犬の素材として適切。,9,1,1,(960),(1600),(1900),(650),(240),(890),(820),(700),(1500),(920),(230),(1100),(570),(1300),5.91,1.89,1.72,0.17,80,64,390,960,49,"[""さくらます"",""サクラマス"",""桜鱒"",""sakuramasu"",""sakura masu"",""cherry salmon"",""salmon"",""trout""]",さくらます,生,Sakuramasu (Cherry Salmon),Raw,138.95,,,,173715,"Fish, salmon, coho, farmed, raw",0.4888925392273792,,,TRUE,魚介類 > 鮭
10,10133,＜魚類＞　（さけ・ます類）　さくらます　焼き,57.4,28.4,12.0,(0),2.1,208,26,370,71,520,38,0.5,0.7,0.08,0.01,-,-,55,15.0,3.3,0.12,0.23,10.0,0.32,9.2,26,1.28,"{""baseName"":""さくらます"",""state"":""焼き"",""notes"":[""魚類"",""さけ・ます類""]}",焼きさくらますは調理済みの魚で良質なたんぱく源、素材として適切,9,1,1,(1300),(2200),(2600),(880),(330),(1200),(1100),(960),(2100),(1200),(310),(1400),(770),(1700),8.72,2.73,2.48,0.25,120,92,570,1400,71,"[""さくらます"",""サクラマス"",""桜鱒"",""ます"",""マス"",""cherry salmon""]",桜鱒,焼き,Cherry salmon,Grilled,201.75,66,15086,"Fish, salmon, sockeye, cooked, dry heat",173716,"Fish, salmon, coho, farmed, cooked, dry heat",0.9705586109453784,,,TRUE,魚介類 > 鮭
10,10134,＜魚類＞　（さけ・ます類）　しろさけ　生,72.3,22.3,4.1,(0),1.2,124,14,240,66,350,28,0.5,0.5,0.07,0.01,5,31,11,32.0,1.2,0.15,0.21,6.7,0.64,5.9,20,1.27,"{""baseName"":""しろさけ"",""state"":""生"",""notes"":[""魚類"",""さけ・ます類""]}",しろさけは良質なたんぱく源だが生の状態では寄生虫等のリスクがあるため加熱が望ましい。,8,1,1,1000,1700,2000,690,240,930,890,780,1700,1100,250,1200,1000,1300,3.51,1.01,0.92,0.07,38,27,240,460,12,"[""しろさけ"",""シロサケ"",""白鮭"",""鮭"",""さけ"",""サケ"",""salmon"",""chum salmon""]",白鮭,生,Chum salmon,Raw,113.25,90,35152,"Fish, salmon, chum, raw (Alaska Native)",173689,"Fish, salmon, chum, raw",0.6273664068940555,,,TRUE,魚介類 > 鮭
10,10135,＜魚類＞　（さけ・ます類）　しろさけ　水煮,68.5,25.5,4.7,(0),1.2,142,19,250,63,340,29,0.6,0.6,0.08,0.01,6,34,13,34.0,1.1,0.15,0.23,6.6,0.51,5.3,21,1.21,"{""baseName"":""しろさけ"",""state"":""水煮"",""notes"":[""魚類"",""さけ・ます類""]}",しろさけの水煮は良質な脂肪とタンパク源で、犬のレシピ素材として適しているため,9,1,1,1200,1900,2200,760,260,1000,1000,890,1900,1300,300,1400,1100,1500,3.93,1.09,0.98,0.08,43,30,260,480,13,"[""しろさけ"",""シロサケ"",""白鮭"",""鮭"",""さけ"",""サケ"",""salmon"",""chum salmon""]",白鮭,水煮,Chum salmon,Boiled,129.55,90,35152,"Fish, salmon, chum, raw (Alaska Native)",168060,"Steelhead trout, boiled, canned (Alaska Native)",0.9821044360111487,,,TRUE,魚介類 > 鮭
10,10136,＜魚類＞　（さけ・ます類）　しろさけ　焼き,64.2,29.1,5.1,(0),1.5,160,19,310,82,440,35,0.6,0.7,0.08,0.01,5,41,14,39.0,1.4,0.17,0.26,8.7,0.57,6.0,24,1.67,"{""baseName"":""しろさけ"",""state"":""焼き"",""notes"":[""魚類"",""さけ・ます類""]}",しろさけ（焼き）は良質なたんぱく質と脂肪を含む安全な素材である,9,1,1,1300,2200,2500,840,280,1100,1100,990,2100,1400,330,1500,1200,1700,4.42,1.24,1.12,0.09,48,34,300,550,15,"[""しろさけ"",""シロサケ"",""白鮭"",""鮭"",""さけ"",""サケ"",""salmon"",""chum salmon""]",白鮭,焼き,Chum salmon,Grilled,145.55,90,35152,"Fish, salmon, chum, raw (Alaska Native)",173692,"Fish, salmon, sockeye, cooked, dry heat",0.5423625130434739,,112.6,TRUE,魚介類 > 鮭
10,10137,＜魚類＞　（さけ・ます類）　しろさけ　新巻き　生,67.0,22.8,6.1,(0),4.0,138,28,230,1200,380,29,1.0,0.4,0.07,0.02,-,-,Tr,21.0,0.7,0.18,0.20,6.2,0.56,6.0,24,1.45,"{""baseName"":""しろさけ"",""variety"":""新巻き"",""state"":""生"",""notes"":[""魚類"",""さけ・ます類""]}",鮭は良質な動物性たんぱく源で犬のレシピ素材として適切,9,1,1,(1000),(1700),(2000),(710),(240),(950),(910),(800),(1700),(1200),(260),(1200),(1000),(1400),4.24,1.43,1.35,0.08,44,21,360,730,29,"[""しろさけ"",""シロサケ"",""白鮭"",""鮭"",""さけ"",""サケ"",""新巻鮭"",""新巻き鮭"",""salmon""]",新巻鮭,生,Aramaki salmon,Raw,132,90,35152,"Fish, salmon, chum, raw (Alaska Native)",173689,"Fish, salmon, chum, raw",1.0990509412277878,,,TRUE,魚介類 > 鮭
10,10138,＜魚類＞　（さけ・ます類）　しろさけ　新巻き　焼き,59.5,29.3,7.9,(0),3.2,177,44,300,830,480,36,1.7,0.6,0.08,0.03,-,-,Tr,25.0,1.0,0.22,0.24,7.7,0.52,6.3,40,1.80,"{""baseName"":""しろさけ"",""variety"":""新巻き"",""state"":""焼き"",""notes"":[""魚類"",""さけ・ます類""]}",しろさけ（焼き）は良質なたんぱく源の魚類で、調理済み切り身として使いやすい,9,1,1,(1300),(2200),(2600),(910),(310),(1200),(1200),(1000),(2200),(1500),(330),(1600),(1300),(1800),5.28,1.74,1.64,0.10,52,26,440,890,37,"[""しろさけ"",""シロサケ"",""白鮭"",""鮭"",""さけ"",""サケ"",""新巻鮭"",""新巻き鮭"",""salmon""]",新巻鮭,焼き,Aramaki salmon,Grilled,170.05,90,35152,"Fish, salmon, chum, raw (Alaska Native)",167646,"Fish, salmon, red, (sockeye), kippered (Alaska Native)",1.0823200672340723,,88.2,TRUE,魚介類 > 鮭
10,10139,＜魚類＞　（さけ・ます類）　しろさけ　塩ざけ,63.6,22.4,11.1,(0),2.8,183,16,270,720,320,30,0.3,0.4,0.05,0.01,18,43,24,23.0,0.4,0.14,0.15,7.1,0.58,6.9,11,0.95,"{""baseName"":""しろさけ"",""variety"":""塩ざけ"",""notes"":[""魚類"",""さけ・ます類""]}",鮭は良質な魚タンパク。塩ざけは塩分に注意して使用,9,1,1,1000,1700,2000,690,230,920,910,790,1700,1100,270,1200,590,1500,9.33,2.81,2.56,0.19,100,63,600,1400,33,"[""しろさけ"",""シロサケ"",""白鮭"",""鮭"",""さけ"",""サケ"",""塩鮭"",""しおざけ"",""salmon""]",塩鮭,,Salted salmon,,173.1,90,35152,"Fish, salmon, chum, raw (Alaska Native)",173691,"Fish, salmon, sockeye, raw",0.9614903095522653,,94.6,TRUE,魚介類 > 鮭
10,10143,＜魚類＞　（さけ・ます類）　しろさけ　水煮缶詰,68.2,21.2,8.5,(0),2.0,156,190,310,230,290,34,0.4,0.8,0.07,0.03,-,-,Tr,8,0.6,0.15,0.12,7.0,0.10,6.0,10,0.41,"{""baseName"":""しろさけ"",""state"":""水煮缶詰"",""notes"":[""魚類"",""さけ・ます類""]}",さけ（缶詰・水煮）は良質なたんぱくとオメガ-3を含み、犬に適した素材である。,9,1,1,(970),(1600),(1900),(660),(220),(880),(850),(750),(1600),(1100),(240),(1100),(950),(1300),7.13,1.59,1.37,0.19,99,71,500,510,23,"[""しろさけ"",""シロサケ"",""白鮭"",""鮭"",""さけ"",""サケ"",""鮭缶"",""サケ缶"",""鮭缶詰"",""salmon""]",鮭缶詰,水煮,Canned salmon,In water,146.8,83,15087,"Fish, salmon, sockeye, canned, drained solids with bone",175174,"Salmon, sockeye, canned, total can contents",1.2104022893840876,,74.8,TRUE,魚介類 > 鮭
10,10447,＜魚類＞　（さけ・ます類）　しろさけ　サケ節　削り節,14.3,77.4,3.4,0,2.9,346,51,620,300,840,81,2.0,1.8,0.24,0.05,31,120,3,33.0,2.0,0.04,0.52,12.0,0.46,22.0,27,1.95,"{""baseName"":""しろさけ"",""variety"":""サケ節 削り節"",""notes"":[""魚類"",""さけ・ます類""]}",サケ節（削り節）は魚由来の旨味とたんぱく質があり犬のレシピ素材に適する,8,1,1,(3500),(5900),(6900),(2400),(820),(3200),(3100),(2700),(5800),(3900),(880),(4200),(3500),(4600),(2.90),(0.84),(0.76),(0.06),(32),(22),(200),(380),(10),"[""しろさけ"",""シロサケ"",""白鮭"",""鮭"",""さけ"",""サケ"",""サケ節"",""鮭節"",""削り節"",""salmon flakes""]",鮭削り節,,Salmon flakes,,306.8,88,35167,"Fish, salmon, red, (sockeye), kippered (Alaska Native)",173724,"Fish, Salmon, pink, canned, drained solids, without skin and bones",1.7146960587590296,,88,TRUE,魚介類 > 鮭フレーク
10,10144,＜魚類＞　（さけ・ます類）　たいせいようさけ　養殖　皮つき　生,62.1,20.1,16.5,(0),1.4,218,9,240,43,370,27,0.3,0.5,0.05,0.01,5,19,14,8.3,3.8,0.23,0.10,7.4,0.45,7.2,27,1.31,"{""baseName"":""たいせいようさけ"",""formModifiers"":[""皮つき""],""productionMethod"":""養殖"",""state"":""生"",""notes"":[""魚類"",""さけ・ます類""]}",養殖サーモンは良質だが生は寄生虫や酵素の影響に注意して加熱推奨,7,1,1,900,1500,1800,590,210,810,810,710,1500,1000,230,1100,540,1300,13.76,4.43,1.94,2.44,2200,720,330,510,50,"[""たいせいようさけ"",""タイセイヨウサケ"",""大西洋鮭"",""大西洋サケ"",""アトランティックサーモン"",""サーモン"",""salmon"",""Atlantic salmon""]",アトランティックサーモン,養殖・皮つき・生,Atlantic salmon,"Farmed, Skin-on, Raw",210.6,79,15236,"Fish, salmon, Atlantic, farmed, raw",175167,"Fish, salmon, Atlantic, farmed, raw",0.6879843775793105,,78.5,TRUE,魚介類 > 鮭
10,10433,＜魚類＞　（さけ・ます類）　たいせいようさけ　養殖　皮つき　水煮,58.6,22.5,18.4,(0),1.4,236,12,230,40,330,27,0.3,0.4,0.05,0.01,5,20,15,7.5,4.9,0.26,0.10,6.2,0.50,7.3,17,1.16,"{""baseName"":""たいせいようさけ"",""formModifiers"":[""皮つき""],""productionMethod"":""養殖"",""state"":""水煮"",""notes"":[""魚類"",""さけ・ます類""]}",養殖サーモンの水煮は良質な魚類で、調理済みとして利用しやすい良い素材,10,1,1,1100,1800,2100,720,250,970,950,840,1800,1200,290,1300,620,1500,16.61,5.25,2.33,2.87,2500,820,420,600,62,"[""たいせいようさけ"",""タイセイヨウサケ"",""大西洋鮭"",""大西洋サケ"",""アトランティックサーモン"",""サーモン"",""salmon"",""Atlantic salmon""]",アトランティックサーモン,養殖・皮つき・水煮,Atlantic salmon,"Farmed, Skin-on, Boiled",235.15,91,15237,"Fish, salmon, Atlantic, farmed, cooked, dry heat",175168,"Fish, salmon, Atlantic, farmed, cooked, dry heat",0.7221876074013571,,90.5,TRUE,魚介類 > 鮭
10,10434,＜魚類＞　（さけ・ます類）　たいせいようさけ　養殖　皮つき　蒸し,60.2,23.8,15.8,(0),1.4,230,10,250,49,360,28,0.3,0.3,0.06,0.01,8,24,16,7.5,3.4,0.25,0.11,7.0,0.52,8.4,18,1.11,"{""baseName"":""たいせいようさけ"",""formModifiers"":[""皮つき""],""productionMethod"":""養殖"",""state"":""蒸し"",""notes"":[""魚類"",""さけ・ます類""]}",蒸しサーモンは良質な動物性タンパクと必須脂肪酸を含み犬のレシピ素材として適している。,9,1,1,1100,1800,2100,700,250,950,960,850,1800,1200,280,1300,640,1500,14.64,4.66,2.18,2.43,2100,660,400,620,50,"[""たいせいようさけ"",""タイセイヨウサケ"",""大西洋鮭"",""大西洋サケ"",""アトランティックサーモン"",""サーモン"",""salmon"",""Atlantic salmon""]",アトランティックサーモン,養殖・皮つき・蒸し,Atlantic salmon,"Farmed, Skin-on, Steamed",217.6,91,15237,"Fish, salmon, Atlantic, farmed, cooked, dry heat",175168,"Fish, salmon, Atlantic, farmed, cooked, dry heat",0.8467829778086307,,90.5,TRUE,魚介類 > 鮭
10,10435,＜魚類＞　（さけ・ます類）　たいせいようさけ　養殖　皮つき　電子レンジ調理,61.2,22.9,15.4,(0),1.5,223,8,260,47,380,29,0.3,0.3,0.06,0.01,7,23,18,6.1,2.9,0.29,0.11,7.5,0.61,8.9,17,1.24,"{""baseName"":""たいせいようさけ"",""formModifiers"":[""皮つき""],""productionMethod"":""養殖"",""state"":""電子レンジ調理"",""notes"":[""魚類"",""さけ・ます類""]}",皮つきのサーモンの電子レンジ調理品は良質なたんぱく・脂肪源で犬向き（骨・皮の処理に注意）,9,1,1,1100,1700,2000,680,240,920,910,800,1700,1100,270,1200,620,1400,14.17,4.53,2.09,2.40,2100,640,400,570,49,"[""たいせいようさけ"",""タイセイヨウサケ"",""大西洋鮭"",""大西洋サケ"",""アトランティックサーモン"",""サーモン"",""salmon"",""Atlantic salmon""]",アトランティックサーモン,養殖・皮つき・電子レンジ調理,Atlantic salmon,"Farmed, Skin-on, Microwaved",211.05,91,15237,"Fish, salmon, Atlantic, farmed, cooked, dry heat",175168,"Fish, salmon, Atlantic, farmed, cooked, dry heat",1.0490096320260336,,90.5,TRUE,魚介類 > 鮭
10,10145,＜魚類＞　（さけ・ます類）　たいせいようさけ　養殖　皮つき　焼き,54.6,24.5,19.7,(0),1.7,270,17,310,55,460,34,0.3,0.5,0.05,0.01,8,26,17,11.0,4.4,0.24,0.13,8.2,0.43,5.6,28,1.69,"{""baseName"":""たいせいようさけ"",""formModifiers"":[""皮つき""],""productionMethod"":""養殖"",""state"":""焼き"",""notes"":[""魚類"",""さけ・ます類""]}",加熱された鮭は良質なタンパクと脂肪酸が得られ犬に適した食材である,9,1,1,1100,1800,2100,730,250,980,940,830,1800,1100,280,1300,640,1500,18.25,5.78,2.66,3.05,2700,840,470,740,60,"[""たいせいようさけ"",""タイセイヨウサケ"",""大西洋鮭"",""大西洋サケ"",""アトランティックサーモン"",""サーモン"",""salmon"",""Atlantic salmon""]",アトランティックサーモン,養殖・皮つき・焼き,Atlantic salmon,"Farmed, Skin-on, Grilled",253.2,91,15237,"Fish, salmon, Atlantic, farmed, cooked, dry heat",175168,"Fish, salmon, Atlantic, farmed, cooked, dry heat",0.6513902862728236,,90.5,TRUE,魚介類 > 鮭
10,10436,＜魚類＞　（さけ・ます類）　たいせいようさけ　養殖　皮つき　ソテー,54.6,25.2,20.4,(0),1.7,266,10,300,55,450,33,0.3,0.3,0.06,0.01,8,23,22,6.9,5.8,0.31,0.13,8.8,0.51,7.9,23,1.61,"{""baseName"":""たいせいようさけ"",""formModifiers"":[""皮つき""],""productionMethod"":""養殖"",""state"":""ソテー"",""notes"":[""魚類"",""さけ・ます類""]}",ソテーした養殖サーモンは良質な脂質とタンパク源で犬の素材として適している,9,1,1,1200,2000,2400,800,280,1100,1100,950,2000,1300,310,1400,720,1600,18.74,5.98,2.57,3.36,3000,1000,400,650,64,"[""たいせいようさけ"",""タイセイヨウサケ"",""大西洋鮭"",""大西洋サケ"",""アトランティックサーモン"",""サーモン"",""salmon"",""Atlantic salmon""]",アトランティックサーモン,養殖・皮つき・ソテー,Atlantic salmon,"Farmed, Skin-on, Sautéed",261.6,91,15237,"Fish, salmon, Atlantic, farmed, cooked, dry heat",175168,"Fish, salmon, Atlantic, farmed, cooked, dry heat",0.8236951303384019,,90.5,TRUE,魚介類 > 鮭
10,10438,＜魚類＞　（さけ・ます類）　たいせいようさけ　養殖　皮なし　生,62.5,19.6,17.0,(0),1.4,223,5,250,43,380,28,0.3,0.4,0.05,0.01,6,17,14,7.3,3.6,0.24,0.08,7.7,0.49,8.0,25,1.30,"{""baseName"":""たいせいようさけ"",""formModifiers"":[""皮なし""],""productionMethod"":""養殖"",""state"":""生"",""notes"":[""魚類"",""さけ・ます類""]}",養殖サーモン（生）は良質な魚だが生状態はリスクがあるため加熱前提で注意が必要,7,1,1,900,1600,1800,600,220,820,820,740,1600,1000,250,1100,540,1200,15.06,4.82,2.11,2.64,2400,790,360,540,54,"[""たいせいようさけ"",""タイセイヨウサケ"",""大西洋鮭"",""大西洋サケ"",""アトランティックサーモン"",""サーモン"",""salmon"",""Atlantic salmon""]",アトランティックサーモン,養殖・皮なし・生,Atlantic salmon,"Farmed, Skinless, Raw",213.1,79,15236,"Fish, salmon, Atlantic, farmed, raw",175167,"Fish, salmon, Atlantic, farmed, raw",1.2769097340585815,,78.5,TRUE,魚介類 > 鮭
10,10439,＜魚類＞　（さけ・ます類）　たいせいようさけ　養殖　皮なし　水煮,58.7,22.7,17.9,(0),1.4,244,5,240,39,350,28,0.3,0.3,0.05,0.01,5,21,16,7,4.7,0.27,0.10,6.5,0.55,7.5,17,1.25,"{""baseName"":""たいせいようさけ"",""formModifiers"":[""皮なし""],""productionMethod"":""養殖"",""state"":""水煮"",""notes"":[""魚類"",""さけ・ます類""]}",加熱されたサーモンは良質なタンパク質と脂肪酸を含み、素材として適している,9,1,1,1100,1800,2100,700,250,950,940,850,1800,1200,290,1300,620,1400,16.11,5.10,2.26,2.79,2500,800,400,590,59,"[""たいせいようさけ"",""タイセイヨウサケ"",""大西洋鮭"",""大西洋サケ"",""アトランティックサーモン"",""サーモン"",""salmon"",""Atlantic salmon""]",アトランティックサーモン,養殖・皮なし・水煮,Atlantic salmon,"Farmed, Skinless, Boiled",231.6,91,15237,"Fish, salmon, Atlantic, farmed, cooked, dry heat",175167,"Fish, salmon, Atlantic, farmed, raw",1.1137255352857642,,78.5,TRUE,魚介類 > 鮭
10,10440,＜魚類＞　（さけ・ます類）　たいせいようさけ　養殖　皮なし　蒸し,60.3,23.2,15.8,(0),1.4,228,13,250,49,360,29,0.3,0.3,0.06,0.01,7,24,17,7.3,3.4,0.25,0.10,6.9,0.57,9.3,18,1.09,"{""baseName"":""たいせいようさけ"",""formModifiers"":[""皮なし""],""productionMethod"":""養殖"",""state"":""蒸し"",""notes"":[""魚類"",""さけ・ます類""]}",蒸しの養殖サーモンは加熱済みの良質な魚類で、犬の素材として非常に適している,10,1,1,1100,1800,2100,690,250,950,960,860,1800,1200,290,1300,640,1400,14.41,4.58,2.13,2.40,2100,670,380,590,46,"[""たいせいようさけ"",""タイセイヨウサケ"",""大西洋鮭"",""大西洋サケ"",""アトランティックサーモン"",""サーモン"",""salmon"",""Atlantic salmon""]",アトランティックサーモン,養殖・皮なし・蒸し,Atlantic salmon,"Farmed, Skinless, Steamed",215.5,91,15237,"Fish, salmon, Atlantic, farmed, cooked, dry heat",175168,"Fish, salmon, Atlantic, farmed, cooked, dry heat",0.7483586955983408,,90.5,TRUE,魚介類 > 鮭
10,10441,＜魚類＞　（さけ・ます類）　たいせいようさけ　養殖　皮なし　電子レンジ調理,60.2,22.7,16.5,(0),1.6,231,6,270,47,400,30,0.3,0.3,0.07,0.01,7,24,22,6.4,3.1,0.29,0.11,7.2,0.58,9.7,21,1.12,"{""baseName"":""たいせいようさけ"",""formModifiers"":[""皮なし""],""productionMethod"":""養殖"",""state"":""電子レンジ調理"",""notes"":[""魚類"",""さけ・ます類""]}",加熱されたサーモンは良質な動物性タンパク源で犬に適した素材,10,1,1,1000,1700,2000,680,240,920,910,820,1700,1100,270,1200,610,1300,15.05,4.81,2.21,2.54,2200,660,430,610,54,"[""たいせいようさけ"",""タイセイヨウサケ"",""大西洋鮭"",""大西洋サケ"",""アトランティックサーモン"",""サーモン"",""salmon"",""Atlantic salmon""]",アトランティックサーモン,養殖・皮なし・電子レンジ調理,Atlantic salmon,"Farmed, Skinless, Microwaved",219.7,91,15237,"Fish, salmon, Atlantic, farmed, cooked, dry heat",175168,"Fish, salmon, Atlantic, farmed, cooked, dry heat",1.6183669380511079,,90.5,TRUE,魚介類 > 鮭
10,10442,＜魚類＞　（さけ・ます類）　たいせいようさけ　養殖　皮なし　焼き,59.8,23.9,15.7,(0),1.7,229,5,280,52,440,31,0.3,0.3,0.07,0.01,7,24,21,7.7,3.7,0.25,0.11,8.3,0.52,9.4,17,1.22,"{""baseName"":""たいせいようさけ"",""formModifiers"":[""皮なし""],""productionMethod"":""養殖"",""state"":""焼き"",""notes"":[""魚類"",""さけ・ます類""]}",焼きサーモンはタンパク質とオメガ3が豊富で、骨除去の条件で犬に適した優れた素材。,10,1,1,1100,1800,2100,710,260,970,940,850,1800,1100,290,1300,630,1400,14.33,4.53,2.10,2.38,2100,670,370,590,46,"[""たいせいようさけ"",""タイセイヨウサケ"",""大西洋鮭"",""大西洋サケ"",""アトランティックサーモン"",""サーモン"",""salmon"",""Atlantic salmon""]",アトランティックサーモン,養殖・皮なし・焼き,Atlantic salmon,"Farmed, Skinless, Grilled",217.1,91,15237,"Fish, salmon, Atlantic, farmed, cooked, dry heat",175167,"Fish, salmon, Atlantic, farmed, raw",0.9879647833024364,,78.5,TRUE,魚介類 > 鮭
10,10443,＜魚類＞　（さけ・ます類）　たいせいようさけ　養殖　皮なし　ソテー,53.2,25.8,21.0,(0),1.7,269,7,300,54,450,34,0.3,0.3,0.06,0.01,7,23,22,6.6,6.0,0.31,0.13,9.1,0.50,7.9,24,1.56,"{""baseName"":""たいせいようさけ"",""formModifiers"":[""皮なし""],""productionMethod"":""養殖"",""state"":""ソテー"",""notes"":[""魚類"",""さけ・ます類""]}",養殖サーモンのソテーは良質なタンパク・脂肪源で犬のレシピ素材として適切,9,1,1,1300,2100,2400,820,300,1100,1100,990,2100,1300,330,1500,730,1600,19.10,6.10,2.61,3.44,3100,1100,400,660,63,"[""たいせいようさけ"",""タイセイヨウサケ"",""太平洋鮭"",""さけ"",""サケ"",""鮭"",""サーモン"",""salmon"",""Pacific salmon""]",太平洋鮭,養殖・皮なし・ソテー,Pacific Salmon,"Farmed, Skin-off, Sautéed",268.8,91,15237,"Fish, salmon, Atlantic, farmed, cooked, dry heat",175168,"Fish, salmon, Atlantic, farmed, cooked, dry heat",1.32877247211947,,90.5,TRUE,魚介類 > 鮭
10,10146,＜魚類＞　（さけ・ます類）　にじます　海面養殖　皮つき　生,63.0,21.4,14.2,(0),1.3,201,13,250,64,390,28,0.3,0.5,0.04,0.01,4,22,57,11.0,5.5,0.17,0.10,6.8,0.45,5.2,12,1.78,"{""baseName"":""にじます"",""variety"":""海面養殖"",""formModifiers"":[""皮つき""],""state"":""生"",""notes"":[""魚類"",""さけ・ます類""]}",にじますはオメガ3等を含む良質な魚で、皮付きでも適切に処理すれば利用可能。,9,1,1,940,1600,1900,670,220,890,870,730,1600,1100,250,1100,870,1400,11.21,3.07,2.56,0.51,360,79,600,1300,72,"[""にじます"",""ニジマス"",""虹鱒"",""ます"",""マス"",""鱒"",""rainbow trout"",""trout""]",虹鱒,海面養殖・皮つき・生,Rainbow Trout,"Sea-farmed, Skin-on, Raw",195.95,,,,173717,"Fish, trout, rainbow, farmed, raw",1.156244778893019,,65,TRUE,魚介類 > にじます
10,10402,＜魚類＞　（さけ・ます類）　にじます　海面養殖　皮なし　生,67.5,20.5,10.8,(0),1.2,176,8,250,50,420,29,0.3,0.4,0.04,0.01,3,21,27,7,3.8,0.21,0.12,6.7,0.59,3.8,9,1.74,"{""baseName"":""にじます"",""variety"":""海面養殖"",""formModifiers"":[""皮なし""],""state"":""生"",""notes"":[""魚類"",""さけ・ます類""]}",にじますは良質な魚類で犬のレシピ素材として適切（皮なし・生でも素材として扱える）。,9,1,1,970,1600,1900,650,230,880,870,760,1600,1100,250,1200,900,1300,9.64,3.31,1.70,1.57,1400,570,250,610,35,"[""にじます"",""ニジマス"",""虹鱒"",""ます"",""マス"",""鱒"",""rainbow trout"",""trout""]",虹鱒,海面養殖・皮なし・生,Rainbow Trout,"Sea-farmed, Skin-off, Raw",163.55,,,,175167,"Fish, salmon, Atlantic, farmed, raw",0.5296490572826125,,78.5,TRUE,魚介類 > にじます
10,10147,＜魚類＞　（さけ・ます類）　にじます　海面養殖　皮つき　焼き,55.3,27.2,15.8,(0),1.8,238,22,350,68,490,55,0.3,0.6,0.05,0.01,-,-,74,12.0,5.9,0.20,0.15,7.0,0.30,2.8,15,2.68,"{""baseName"":""にじます"",""variety"":""海面養殖"",""formModifiers"":[""皮つき""],""state"":""焼き"",""notes"":[""魚類"",""さけ・ます類""]}",焼きにじますは加熱済みで良質なタンパク源、扱いやすい,9,1,1,(1200),(2000),(2400),(850),(280),(1100),(1100),(930),(2000),(1400),(320),(1400),(1100),(1800),12.71,3.38,2.81,0.57,400,89,670,1500,80,"[""にじます"",""ニジマス"",""虹鱒"",""ます"",""マス"",""鱒"",""rainbow trout"",""trout""]",虹鱒,海面養殖・皮つき・焼き,Rainbow Trout,"Sea-farmed, Skin-on, Grilled",229.5,,,,173718,"Fish, trout, rainbow, farmed, cooked, dry heat",0.9521909852999196,,77.6,TRUE,魚介類 > にじます
10,10148,＜魚類＞　（さけ・ます類）　にじます　淡水養殖　皮つき　生,74.5,19.7,4.6,(0),1.1,116,24,240,50,370,28,0.2,0.6,0.04,0.01,-,-,17,12.0,1.2,0.21,0.10,4.0,0.36,6.0,13,1.63,"{""baseName"":""にじます"",""variety"":""淡水養殖"",""formModifiers"":[""皮つき""],""state"":""生"",""notes"":[""魚類"",""さけ・ます類""]}",良質な魚（にじます）でタンパク源として適するが加熱推奨,8,1,1,780,1400,1600,600,200,800,750,610,1400,900,200,910,670,1200,3.56,1.26,0.85,0.41,360,38,140,550,26,"[""にじます"",""ニジマス"",""虹鱒"",""ます"",""マス"",""鱒"",""rainbow trout"",""trout""]",虹鱒,淡水養殖・皮つき・生,Rainbow Trout,"Freshwater-farmed, Skin-on, Raw",108.4,,,,173717,"Fish, trout, rainbow, farmed, raw",0.9202639553326413,,65,TRUE,魚介類 > にじます
10,10149,＜魚類＞　（さけ・ます類）　べにざけ　生,71.4,22.5,4.5,(0),1.5,127,10,260,57,380,31,0.4,0.5,0.07,0.01,-,-,27,33.0,1.3,0.26,0.15,6.0,0.41,9.4,13,1.23,"{""baseName"":""べにざけ"",""state"":""生"",""notes"":[""魚類"",""さけ・ます類""]}",紅鮭は良質なタンパクとオメガ-3脂肪酸が豊富で犬に適した魚類,10,1,1,(1000),(1800),(2100),(700),(260),(960),(890),(760),(1600),(990),(250),(1100),(610),(1400),3.59,1.03,0.92,0.11,56,26,270,480,20,"[""べにざけ"",""ベニザケ"",""紅鮭"",""紅さけ"",""さけ"",""サケ"",""鮭"",""sockeye salmon"",""sockeye"",""salmon""]",紅鮭,生,Sockeye Salmon,Raw,117.35,99,35151,"Fish, salmon, sockeye (red), raw (Alaska Native)",173691,"Fish, salmon, sockeye, raw",0.7658044463244369,,94.6,TRUE,魚介類 > べにざけ
10,10150,＜魚類＞　（さけ・ます類）　べにざけ　焼き,63.4,28.5,6.0,(0),2.0,163,16,340,72,490,39,0.5,0.7,0.08,0.01,-,-,35,38.0,1.8,0.27,0.22,7.2,0.39,3.8,15,1.49,"{""baseName"":""べにざけ"",""state"":""焼き"",""notes"":[""魚類"",""さけ・ます類""]}",焼き鮭は加熱済みの良質なたんぱく源で犬のレシピに適している,9,1,1,(1300),(2200),(2600),(880),(330),(1200),(1100),(960),(2100),(1300),(310),(1400),(770),(1700),4.65,1.30,1.16,0.14,73,33,350,600,25,"[""べにざけ"",""ベニザケ"",""紅鮭"",""紅さけ"",""さけ"",""サケ"",""鮭"",""sockeye salmon"",""sockeye"",""salmon""]",紅鮭,焼き,Sockeye Salmon,Grilled,151.1,66,15086,"Fish, salmon, sockeye, cooked, dry heat",173692,"Fish, salmon, sockeye, cooked, dry heat",0.7251113626384086,,112.6,TRUE,魚介類 > べにざけ
10,10152,＜魚類＞　（さけ・ます類）　ますのすけ　生,66.5,19.5,12.5,(0),1.5,176,18,250,38,380,28,0.3,0.4,0.06,0.01,-,-,160,16.0,3.3,0.13,0.12,7.7,0.43,3.4,12,1.38,"{""baseName"":""ますのすけ"",""state"":""生"",""notes"":[""魚類"",""さけ・ます類""]}",ますのすけ（キングサーモン）は良質な魚由来タンパク源で犬に適している,9,1,1,(900),(1500),(1800),(600),(230),(830),(770),(660),(1400),(860),(210),(990),(530),(1200),9.25,1.97,1.59,0.37,280,95,400,740,45,"[""ますのすけ"",""マスノスケ"",""ます"",""マス"",""鱒"",""masu salmon"",""cherry salmon"",""salmon"",""trout""]",マスノスケ,生,Masu Salmon,Raw,174.5,94,35150,"Fish, salmon, coho (silver), raw (Alaska Native)",173717,"Fish, trout, rainbow, farmed, raw",0.7680886174854922,,65,TRUE,魚介類 > ますのすけ
10,10153,＜魚類＞　（さけ・ます類）　ますのすけ　焼き,54.9,26.4,16.7,(0),2.0,238,30,330,48,520,33,0.4,0.6,0.05,0.01,-,-,200,17.0,3.8,0.14,0.20,8.1,0.36,4.1,15,1.77,"{""baseName"":""ますのすけ"",""state"":""焼き"",""notes"":[""魚類"",""さけ・ます類""]}",焼き鮭（キングサーモン）は良質なタンパク源で犬のレシピ素材として適切。,9,1,1,(1200),(2100),(2400),(820),(310),(1100),(1000),(890),(1900),(1200),(290),(1300),(720),(1600),12.57,2.56,2.06,0.50,380,130,520,930,60,"[""ますのすけ"",""マスノスケ"",""ます"",""マス"",""鱒"",""masu salmon"",""cherry salmon"",""salmon"",""trout""]",マスノスケ,焼き,Masu Salmon,Grilled,234.35,66,15086,"Fish, salmon, sockeye, cooked, dry heat",173718,"Fish, trout, rainbow, farmed, cooked, dry heat",0.7945978813876328,,77.6,TRUE,魚介類 > ますのすけ
10,10154,＜魚類＞　（さば類）　まさば　生,62.1,20.6,16.8,(0),1.1,211,6,220,110,330,30,1.2,1.1,0.12,0.01,21,70,37,5.1,1.3,0.21,0.31,12.0,0.59,13.0,11,0.66,"{""baseName"":""まさば"",""state"":""生"",""notes"":[""魚類"",""さば類""]}",青魚の一種で良質なタンパク源だが脂が多めなため適度に使用するのが望ましい。,8,1,1,960,1600,1800,690,220,910,840,710,1600,1000,230,1100,1300,1200,12.27,2.66,2.12,0.43,140,76,690,970,180,"[""まさば"",""マサバ"",""真鯖"",""さば"",""サバ"",""鯖"",""mackerel""]",真鯖,生,Chub Mackerel,Raw,214.9,,,,173673,,,,50.5,TRUE,魚介類 > まさば
10,10155,＜魚類＞　（さば類）　まさば　水煮,57.4,22.6,22.6,(0),1.0,253,7,210,94,280,29,1.3,1.1,0.14,0.01,23,66,31,4.3,2.0,0.25,0.30,11.0,0.48,19.0,13,0.75,"{""baseName"":""まさば"",""state"":""水煮"",""notes"":[""魚類"",""さば類""]}",水煮の真鯖は調理済みの良質な魚でタンパク源として適切。,9,1,1,(1100),(1700),(2000),(760),(240),(1000),(930),(780),(1700),(1100),(250),(1200),(1400),(1300),16.53,3.79,3.04,0.60,200,120,930,1400,220,"[""まさば"",""マサバ"",""真鯖"",""さば"",""サバ"",""鯖"",""mackerel""]",真鯖,水煮,Chub Mackerel,Boiled (in water),271.2,,,,173674,,,,,TRUE,魚介類 > まさば
10,10156,＜魚類＞　（さば類）　まさば　焼き,54.1,25.2,22.4,(0),1.3,264,10,280,120,370,34,1.6,1.4,0.16,0.01,24,21,34,4.9,2.1,0.30,0.37,13.0,0.54,22.0,13,0.79,"{""baseName"":""まさば"",""state"":""焼き"",""notes"":[""魚類"",""さば類""]}",焼きまさばは良質な魚類でたんぱく・脂肪源として犬の素材に適している,9,1,1,(1200),(1900),(2300),(840),(270),(1100),(1000),(870),(1900),(1300),(280),(1400),(1600),(1500),16.38,3.84,3.10,0.61,200,130,900,1500,230,"[""まさば"",""マサバ"",""真鯖"",""さば"",""サバ"",""鯖"",""mackerel""]",真鯖,焼き,Chub Mackerel,Grilled,278.6,,,,173674,"Fish, mackerel, spanish, cooked, dry heat",1.4527202825174326,,,TRUE,魚介類 > まさば
10,10403,＜魚類＞　（さば類）　まさば　フライ,47.2,20.0,25.1,-,1.1,316,14,210,130,310,30,1.3,1.1,0.13,0.08,-,-,42,3.5,3.2,0.20,0.30,9.9,0.33,11.0,16,0.70,"{""baseName"":""まさば"",""state"":""フライ"",""notes"":[""魚類"",""さば類""]}",フライのまさばは魚として良質だが揚げ油や衣の分で加工度・脂質が高い。,7,1,1,880,1500,1600,560,220,780,810,660,1500,930,230,1000,1100,1100,20.96,6.17,3.95,2.13,1800,790,910,1600,200,"[""まさば"",""マサバ"",""真鯖"",""さば"",""サバ"",""鯖"",""mackerel""]",真鯖,フライ,Chub Mackerel,Fried,306.45,,,,173674,"Fish, mackerel, spanish, cooked, dry heat",1.2593943569178698,,,TRUE,魚介類 > まさば
10,10404,＜魚類＞　（さば類）　ごまさば　生,70.7,23.0,5.1,(0),1.3,131,12,260,66,420,33,1.6,1.1,0.13,0.01,-,-,8,4.3,1.2,0.17,0.28,15.0,0.65,13.0,10,0.72,"{""baseName"":""ごまさば"",""state"":""生"",""notes"":[""魚類"",""さば類""]}",ごまさばは魚由来の良質なたんぱくと脂肪酸源で、骨等を除去して利用可能。,8,1,1,1000,1800,2000,680,240,920,920,840,1800,1100,300,1200,1600,1400,3.54,1.48,1.21,0.26,44,22,230,830,110,"[""ごまさば"",""ゴマサバ"",""胡麻鯖"",""さば"",""サバ"",""鯖"",""mackerel""]",胡麻鯖,生,Goma Mackerel,Raw,123.85,,,,173674,"Fish, mackerel, spanish, cooked, dry heat",1.063579166955617,,,TRUE,魚介類 > ごまさば
10,10405,＜魚類＞　（さば類）　ごまさば　水煮,68.8,24.8,5.2,(0),1.2,139,13,240,56,350,31,1.8,1.2,0.15,0.01,-,-,8,4.9,1.1,0.15,0.28,13.0,0.51,14.0,12,0.76,"{""baseName"":""ごまさば"",""state"":""水煮"",""notes"":[""魚類"",""さば類""]}",サバの水煮は良質な魚由来タンパクで加熱済みの安全な素材,9,1,1,1100,1900,2200,730,250,990,980,880,1900,1200,310,1300,1500,1500,3.60,1.48,1.20,0.27,44,22,230,820,110,"[""ごまさば"",""ゴマサバ"",""胡麻鯖"",""さば"",""サバ"",""鯖"",""mackerel""]",胡麻鯖,水煮,Goma Mackerel,Boiled (in water),131,,,,173674,"Fish, mackerel, spanish, cooked, dry heat",1.0750910876234816,,,TRUE,魚介類 > ごまさば
10,10406,＜魚類＞　（さば類）　ごまさば　焼き,60.8,31.1,6.6,(0),1.6,174,19,350,88,540,46,2.2,1.4,0.14,0.01,-,-,11,5.7,1.7,0.21,0.36,19.0,0.55,17.0,18,1.01,"{""baseName"":""ごまさば"",""state"":""焼き"",""notes"":[""魚類"",""さば類""]}",焼きごまさばは加熱済みの魚で、良質なタンパク・脂肪源として利用可能,9,1,1,1400,2300,2600,890,300,1200,1200,1000,2200,1500,360,1600,2000,1800,4.53,1.87,1.52,0.34,57,28,290,1000,140,"[""ごまさば"",""ゴマサバ"",""胡麻鯖"",""さば"",""サバ"",""鯖"",""mackerel""]",胡麻鯖,焼き,Goma Mackerel,Grilled,164.95,,,,171994,"Fish, mackerel, Pacific and jack, mixed species, cooked, dry heat",1.3251607622272081,,83.6,TRUE,魚介類 > ごまさば
10,10157,＜魚類＞　（さば類）　ごまさば　さば節,14.6,73.9,5.1,(0),6.4,330,860,1200,370,1100,140,7.2,8.4,0.43,0.05,-,-,Tr,12.0,0.9,0.25,0.85,15.0,0.68,6.0,30,1.55,"{""baseName"":""ごまさば"",""variety"":""さば節"",""notes"":[""魚類"",""さば類""]}",さば節は魚由来の旨味とたんぱくを提供する素材で、少量使いの風味付けに適する,8,1,1,(3400),(5700),(6600),(2500),(790),(3300),(3000),(2600),(5600),(3700),(820),(4100),(4700),(4300),2.69,0.90,0.73,0.16,41,18,160,480,67,"[""ごまさば"",""ゴマサバ"",""胡麻鯖"",""さば節"",""サバ節"",""鯖節"",""さば"",""サバ"",""鯖"",""mackerel""]",さば節,,Mackerel flakes,,302,,,,,,,,,TRUE,魚介類 > ごまさば　さば節
10,10158,＜魚類＞　（さば類）　たいせいようさば　生,54.5,17.2,26.8,(0),1.1,295,7,210,99,320,28,0.9,0.9,0.06,0.01,69,45,44,10.0,0.7,0.14,0.35,6.5,0.35,8.1,12,0.72,"{""baseName"":""たいせいようさば"",""state"":""生"",""notes"":[""魚類"",""さば類""]}",たいせいようさばは良質な魚タンパクと脂肪酸源で素材向き,9,1,1,830,1400,1600,520,180,700,720,660,1400,890,210,990,860,1100,22.45,7.46,6.56,0.64,380,350,1800,2600,98,"[""たいせいようさば"",""タイセイヨウサバ"",""太平洋鯖"",""まさば"",""マサバ"",""真鯖"",""さば"",""サバ"",""鯖"",""mackerel"",""Pacific mackerel""]",太平洋鯖,生,Pacific Mackerel,Raw,289.4,,,,173674,"Fish, mackerel, spanish, cooked, dry heat",1.4196349703348339,,,TRUE,魚介類 > たいせいようさば
10,10159,＜魚類＞　（さば類）　たいせいようさば　水煮,51.4,18.6,28.5,(0),1.1,310,9,210,96,280,27,1.0,1.0,0.07,0.01,67,45,42,6.6,0.6,0.19,0.34,5.3,0.28,12.0,13,0.72,"{""baseName"":""たいせいようさば"",""state"":""水煮"",""notes"":[""魚類"",""さば類""]}",水煮のさばは良質なたんぱく源で犬の素材として適している,9,1,1,880,1500,1700,580,190,770,770,710,1500,960,230,1000,760,1200,22.95,7.05,6.13,0.66,400,370,1600,2300,98,"[""たいせいようさば"",""タイセイヨウサバ"",""太平洋鯖"",""まさば"",""マサバ"",""真鯖"",""さば"",""サバ"",""鯖"",""mackerel"",""Pacific mackerel""]",太平洋鯖,水煮,Pacific Mackerel,Boiled (in water),308.75,,,,173673,"Fish, mackerel, spanish, raw",1.3968855389914125,,50.5,TRUE,魚介類 > たいせいようさば
10,10160,＜魚類＞　（さば類）　たいせいようさば　焼き,47.0,21.8,29.3,(0),1.4,326,12,260,120,390,33,1.2,1.1,0.09,0.01,89,59,63,11.0,0.8,0.22,0.38,7.6,0.33,8.8,16,0.93,"{""baseName"":""たいせいようさば"",""state"":""焼き"",""notes"":[""魚類"",""さば類""]}",焼きさばは良質な魚由来のたんぱくと脂肪酸を含み素材として適切,9,1,1,990,1700,1900,630,200,840,860,790,1600,1100,240,1200,980,1300,22.84,6.55,5.66,0.64,390,340,1500,2100,93,"[""たいせいようさば"",""タイセイヨウサバ"",""太平洋鯖"",""まさば"",""マサバ"",""真鯖"",""さば"",""サバ"",""鯖"",""mackerel"",""Pacific mackerel""]",太平洋鯖,焼き,Pacific Mackerel,Grilled,327.1,,,,173674,"Fish, mackerel, spanish, cooked, dry heat",1.2146801528210098,,,TRUE,魚介類 > たいせいようさば
10,10161,＜魚類＞　（さば類）　加工品　塩さば,52.1,26.2,19.1,(0),2.5,263,27,200,720,300,35,2.0,0.6,0.07,0.02,110,78,9,11.0,0.5,0.16,0.59,12.0,0.41,7.1,10,0.59,"{""baseName"":""加工品"",""variety"":""塩さば"",""notes"":[""魚類"",""さば類""]}",塩さばは良質な魚タンパク源だが塩分や加工の影響を考慮する必要がある,7,1,1,1200,2000,2300,740,270,1000,1100,940,2000,1300,320,1400,1600,1600,15.66,5.24,4.62,0.49,260,190,1300,2000,110,"[""塩さば"",""塩サバ"",""塩鯖"",""さば"",""サバ"",""鯖"",""saba"",""mackerel""]",塩さば,,Salted Mackerel,,254.4,,,,173672,"Fish, mackerel, Pacific and jack, mixed species, raw",1.0303746796579907,,66.9,TRUE,魚介類 > さば
10,10162,＜魚類＞　（さば類）　加工品　開き干し,50.1,18.7,28.5,(0),2.5,303,25,200,680,300,25,2.0,1.0,0.09,-,110,110,9,12.0,2.4,0.13,0.59,8.5,0.42,11.0,11,0.63,"{""baseName"":""加工品"",""variety"":""開き干し"",""notes"":[""魚類"",""さば類""]}",魚類は良質なたんぱく源だが開き干しは塩分や骨に注意して使う必要がある,8,1,1,870,1500,1700,520,180,700,770,670,1400,930,220,1000,1100,1200,21.74,6.58,5.58,0.84,290,190,1500,2700,260,"[""開き干し"",""開き"",""干物"",""ひもの"",""ヒモノ"",""さば"",""サバ"",""鯖"",""saba"",""mackerel""]",さばの開き,開き干し,Mackerel (Hiraki),Dried,308.4,,,,171994,"Fish, mackerel, Pacific and jack, mixed species, cooked, dry heat",0.9872794614150703,,83.6,TRUE,魚介類 > さば
10,10164,＜魚類＞　（さば類）　缶詰　水煮,66.0,20.9,10.7,(0),2.2,174,260,190,340,260,31,1.6,1.7,0.14,0.02,-,-,Tr,11.0,3.2,0.15,0.40,8.0,0.36,12.0,12,0.55,"{""baseName"":"""",""state"":""水煮"",""notes"":[""魚類"",""さば類""]}",水煮のさば缶は魚由来のたんぱく・脂肪源として有用（塩分の有無に注意）,9,1,1,(950),(1600),(1900),(640),(230),(880),(840),(700),(1500),(930),(240),(1100),(1000),(1200),8.93,3.03,2.73,0.30,150,72,930,1300,120,"[""さば缶"",""サバ缶"",""鯖缶"",""缶詰"",""缶詰め"",""saba can"",""canned mackerel"",""mackerel can"",""saba"",""mackerel""]",さば缶,水煮,Canned Mackerel,In Water,164.8,,,,175121,"Fish, mackerel, jack, canned, drained solids",1.2693562809774908,,85,TRUE,魚介類 > さば缶
10,10167,＜魚類＞　（さめ類）　あぶらつのざめ　生,72.4,16.8,9.4,(0),1.4,138,6,200,100,450,19,1.0,0.3,0.04,0.01,-,-,210,1,2.2,0.04,0.08,1.0,0.33,1.7,2,0.73,"{""baseName"":""あぶらつのざめ"",""state"":""生"",""notes"":[""魚類"",""さめ類""]}",サメの切り身は良質な動物性たんぱく源で犬のレシピ素材として適する。,9,1,1,(520),(800),(910),(300),(110),(410),(400),(350),(750),(490),(120),(500),(250),(650),6.36,1.76,1.43,0.30,71,28,430,690,160,"[""あぶらつのざめ"",""アブラツノザメ"",""さめ"",""サメ"",""鮫"",""shark"",""saba?""]",あぶらつのざめ,生,Aburatsunozame,Raw,138.7,,,,,,,,,FALSE,
10,10168,＜魚類＞　（さめ類）　よしきりざめ　生,79.2,18.9,0.6,(0),1.3,79,5,150,210,290,19,0.4,0.5,0.06,-,-,-,9,0,0.9,0.11,0.11,0.9,0.24,0.3,4,0.49,"{""baseName"":""よしきりざめ"",""state"":""生"",""notes"":[""魚類"",""さめ類""]}",生のよしきりざめは魚類としての栄養価は高いが、種によっては汚染物質の懸念や生食リスクがあるため慎重さが必要,7,1,1,580,900,1000,340,130,460,450,390,840,550,140,570,280,740,0.22,0.10,0.07,0.02,2,0,8,51,17,"[""よしきりざめ"",""ヨシキリザメ"",""さめ"",""サメ"",""鮫"",""shark""]",よしきりざめ,生,Yoshikirizame,Raw,71.25,,,,,,,,,FALSE,
10,10169,＜魚類＞　（さめ類）　ふかひれ,13.0,83.9,1.6,(0),1.5,344,65,36,180,3,94,1.2,3.1,0.06,0.09,-,-,(0),1,0.4,Tr,Tr,0.5,0.02,0.9,23,0.24,"{""baseName"":""ふかひれ"",""notes"":[""魚類"",""さめ類""]}",ふかひれはコラーゲンを含む魚由来の素材で消化性が良く、料理素材として使用可能。,7,1,1,(2600),(4000),(4500),(1500),(560),(2100),(2000),(1700),(3700),(2400),(610),(2500),(1200),(3300),0.46,0.16,0.11,0.05,4,0,35,54,38,"[""ふかひれ"",""フカヒレ"",""fukahire"",""shark fin"",""sharkfin""]",ふかひれ,,Shark Fin,,307.25,,,,,,,,,FALSE,
10,10170,＜魚類＞　さより　生,77.9,19.6,1.3,(0),1.2,88,41,190,190,290,37,0.3,1.9,0.03,0.02,-,-,Tr,3,0.9,Tr,0.12,5.2,0.33,5.5,10,0.44,"{""baseName"":""さより"",""state"":""生"",""notes"":[""魚類""]}",さよりは良質なたんぱく源だが、生魚は寄生虫リスクがあるため加熱が望ましい。,8,1,1,(900),(1500),(1800),(610),(230),(830),(770),(660),(1400),(860),(210),(1000),(530),(1200),0.90,0.42,0.37,0.05,12,5,53,240,22,"[""さより"",""サヨリ"",""細魚"",""sayori"",""halfbeak""]",さより,生,Sayori (Halfbeak),Raw,79.65,,,,,,,,,FALSE,
10,10171,＜魚類＞　さわら　生,68.6,20.1,9.7,(0),1.5,161,13,220,65,490,32,0.8,1.0,0.03,0.01,-,-,12,7,0.3,0.09,0.35,9.5,0.40,5.3,8,1.16,"{""baseName"":""さわら"",""state"":""生"",""notes"":[""魚類""]}",さわらの切り身は良質な魚たんぱくで犬のレシピ素材として適切,9,1,1,1000,1600,2000,650,220,880,840,720,1600,1000,230,1100,730,1300,8.01,2.05,1.70,0.31,88,46,340,1100,95,"[""さわら"",""サワラ"",""鰆"",""sawara"",""Spanish mackerel"",""mackerel""]",さわら,生,Sawara (Spanish Mackerel),Raw,153.15,,,,173674,"Fish, mackerel, spanish, cooked, dry heat",0.9861016419009859,,,FALSE,
10,10172,＜魚類＞　さわら　焼き,63.8,23.6,10.8,(0),1.7,184,22,310,90,610,36,0.9,1.1,0.05,0.01,-,-,16,12.0,1.1,0.09,0.34,12.0,0.29,5.3,8,1.12,"{""baseName"":""さわら"",""state"":""焼き"",""notes"":[""魚類""]}",焼きさわらは加熱済みの良質な魚タンパクで適切,9,1,1,(1200),(1900),(2400),(770),(260),(1000),(990),(850),(1800),(1200),(270),(1300),(850),(1500),8.82,2.22,1.84,0.34,95,49,360,1200,100,"[""さわら"",""サワラ"",""鰆"",""sawara"",""Spanish mackerel"",""mackerel""]",さわら,焼き,Sawara (Spanish Mackerel),Grilled,174.75,,,,173674,"Fish, mackerel, spanish, cooked, dry heat",1.124438144172905,,,FALSE,
10,10173,＜魚類＞　さんま　皮つき　生,55.6,18.1,25.6,(0),1.0,287,28,180,140,200,28,1.4,0.8,0.12,0.02,22,32,16,16.0,1.7,0.01,0.28,7.4,0.54,16.0,15,0.74,"{""baseName"":""さんま"",""formModifiers"":[""皮つき""],""state"":""生"",""notes"":[""魚類""]}",さんまは良質な魚類のタンパク源でオメガ-3も含む。骨は除去して使用。,9,1,1,860,1500,1600,570,200,770,760,660,1400,920,220,990,1200,1200,21.77,6.35,5.59,0.55,300,280,1500,2200,98,"[""さんま"",""サンマ"",""秋刀魚"",""sanma"",""saury""]",さんま,皮つき・生,Pacific Saury (Sanma),"Skin-on, Raw",280.95,,,,,,,,,TRUE,魚介類 > さんま
10,10407,＜魚類＞　さんま　皮なし　生,57.0,17.8,25.0,(0),0.8,277,15,160,120,200,25,1.3,0.6,0.13,0.01,30,25,26,11.0,2.6,0,0.32,7.9,0.58,15.0,12,0.57,"{""baseName"":""さんま"",""formModifiers"":[""皮なし""],""state"":""生"",""notes"":[""魚類""]}",さんま（皮なし）は魚類の良質なたんぱく源でオメガ-3脂肪酸も期待でき犬のレシピ素材として適している,9,1,1,860,1400,1600,560,200,760,740,660,1400,910,210,960,1200,1100,20.83,6.09,5.38,0.52,290,270,1400,2100,81,"[""さんま"",""サンマ"",""秋刀魚"",""sanma"",""saury""]",さんま,皮なし・生,Pacific Saury (Sanma),"Skinless, Raw",274.8,,,,173672,"Fish, mackerel, Pacific and jack, mixed species, raw",0.9792942028032274,,66.9,TRUE,魚介類 > さんま
10,10174,＜魚類＞　さんま　皮つき　焼き,53.2,23.3,22.8,(0),1.2,281,37,220,130,260,30,1.7,0.9,0.15,0.03,25,45,11,13.0,1.0,Tr,0.30,9.8,0.42,16.0,17,0.93,"{""baseName"":""さんま"",""formModifiers"":[""皮つき""],""state"":""焼き"",""notes"":[""魚類""]}",焼きさんまは魚由来の良質なたんぱく・脂肪源で犬の素材として適している,9,1,1,1100,1800,2000,700,260,960,910,800,1700,1100,280,1200,1500,1300,18.95,5.61,4.95,0.48,270,240,1300,2000,75,"[""さんま"",""サンマ"",""秋刀魚"",""sanma"",""saury""]",さんま,皮つき・焼き,Pacific Saury (Sanma),"Skin-on, Grilled",275.35,,,,,,,,,TRUE,魚介類 > さんま
10,10179,＜魚類＞　しいら　生,75.5,21.3,1.9,(0),1.3,100,13,250,50,480,31,0.7,0.5,0.05,0.01,-,-,8,5,0.5,0.20,0.15,9.0,0.46,2.6,3,0.36,"{""baseName"":""しいら"",""state"":""生"",""notes"":[""魚類""]}",しいらは魚類のたんぱく源で犬の素材として適切,9,1,1,(980),(1700),(2000),(660),(250),(910),(840),(720),(1600),(930),(230),(1100),(580),(1300),1.39,0.55,0.47,0.07,16,8,97,320,33,"[""しいら"",""シイラ"",""鱪"",""shiira"",""mahi mahi"",""mahimahi"",""dolphinfish""]",しいら,生,Mahi Mahi (Shiira),Raw,90.7,,,,,,,,,FALSE,
10,10181,＜魚類＞　（ししゃも類）　ししゃも　生干し　焼き,64.1,24.3,7.8,(0),3.6,162,360,540,640,400,57,1.7,2.1,0.11,0.18,-,-,75,0.6,1.1,0.04,0.29,0.9,0.07,8.7,36,1.93,"{""baseName"":""ししゃも"",""variety"":""生干し"",""state"":""焼き"",""notes"":[""魚類"",""ししゃも類""]}",ししゃも焼きは魚類として使いやすいが小骨や塩分に注意が必要。,8,1,1,(1100),(1900),(2200),(750),(280),(1000),(960),(820),(1800),(1100),(260),(1200),(660),(1500),6.27,1.63,1.41,0.14,47,20,650,530,66,"[""ししゃも"",""シシャモ"",""柳葉魚"",""shishamo"",""capelin""]",ししゃも,生干し・焼き,Shishamo (Capelin),"Semi-dried, Grilled",152.05,,,,175147,"Fish, smelt, rainbow, cooked, dry heat",1.7727390619774586,,,TRUE,魚介類 > ししゃも
10,10182,＜魚類＞　（ししゃも類）　からふとししゃも　生干し　生,69.3,15.6,11.6,(0),3.0,160,350,360,590,200,55,1.4,2.0,0.06,0.04,27,41,120,0.4,1.6,Tr,0.31,1.5,0.08,8.7,21,1.20,"{""baseName"":""からふとししゃも"",""variety"":""生干し"",""state"":""生"",""notes"":[""魚類"",""ししゃも類""]}",生干しししゃもは魚として利用できるが塩分や骨への配慮が必要,7,1,1,740,1200,1200,410,230,650,620,530,1100,730,200,900,380,920,9.50,2.03,1.73,0.19,120,39,740,650,30,"[""からふとししゃも"",""カラフトシシャモ"",""樺太ししゃも"",""カラフト"",""karafuto shishamo"",""shishamo""]",からふとししゃも,生干し・生,Karafuto Shishamo (Capelin),"Semi-dried, Raw",154.95,,,,175146,"Fish, smelt, rainbow, raw",1.4838111319826743,,65,TRUE,魚介類 > ししゃも
10,10183,＜魚類＞　（ししゃも類）　からふとししゃも　生干し　焼き,66.4,18.2,11.3,(0),3.5,170,380,450,770,210,65,1.6,2.4,0.07,0.06,-,-,90,0.5,2.1,0.01,0.37,0.8,0.08,10.0,20,1.19,"{""baseName"":""からふとししゃも"",""variety"":""生干し"",""state"":""焼き"",""notes"":[""魚類"",""ししゃも類""]}",焼きししゃもは良質な魚タンパク源。与える際は骨を除去して使用する,9,1,1,(860),(1400),(1400),(480),(270),(760),(720),(620),(1300),(850),(230),(1100),(450),(1100),9.52,2.06,1.76,0.20,120,42,750,670,32,"[""からふとししゃも"",""カラフトシシャモ"",""樺太ししゃも"",""カラフト"",""karafuto shishamo"",""shishamo""]",からふとししゃも,生干し・焼き,Karafuto Shishamo (Capelin),"Semi-dried, Grilled",161.85,,,,175147,"Fish, smelt, rainbow, cooked, dry heat",1.8518375357364922,,,TRUE,魚介類 > ししゃも
10,10184,＜魚類＞　したびらめ　生,78.0,19.2,1.6,(0),1.2,89,36,160,140,310,31,0.3,0.5,0.02,0.02,-,-,30,2,0.6,0.06,0.14,3.3,0.20,2.6,12,0.26,"{""baseName"":""したびらめ"",""state"":""生"",""notes"":[""魚類""]}",したびらめは魚類で良質なたんぱく源。骨と内臓を除いて素材として適切。,9,1,1,(880),(1500),(1800),(590),(220),(820),(760),(650),(1400),(840),(210),(980),(520),(1200),1.11,0.45,0.38,0.06,12,6,110,170,38,"[""したびらめ"",""シタビラメ"",""舌平目"",""tongue sole"",""sole"",""flounder""]",したびらめ,生,Tongue Sole (Shitabirame),Raw,80.8,,,,,,,,,FALSE,
10,10185,＜魚類＞　しまあじ　養殖　生,68.9,21.9,8.0,(0),1.1,153,16,250,53,390,29,0.7,1.1,0.04,0.01,-,-,10,18.0,1.6,0.25,0.15,8.3,0.52,3.2,2,0.88,"{""baseName"":""しまあじ"",""productionMethod"":""養殖"",""state"":""生"",""notes"":[""魚類""]}",しまあじ（養殖・生）は良質な魚類で犬のレシピ素材になり得るが生食のリスクを考慮する。,8,1,1,(1000),(1700),(2000),(670),(240),(920),(880),(740),(1600),(970),(250),(1100),(1000),(1300),6.29,2.04,1.63,0.41,280,50,400,900,78,"[""しまあじ"",""シマアジ"",""縞鯵"",""shimaaji"",""shima aji"",""鯵"",""アジ""]",しまあじ,養殖・生,Shima Aji (Striped Jack),"Farmed, Raw",145,,,,,,,,,TRUE,魚介類 > あじ
10,10186,＜魚類＞　しらうお　生,82.6,13.6,2.0,(0),1.7,70,150,270,170,250,39,0.4,1.2,0.03,0.09,-,-,50,1,1.8,0.08,0.10,1.8,0.12,3.3,58,0.94,"{""baseName"":""しらうお"",""state"":""生"",""notes"":[""魚類""]}",小型の魚で良質なたんぱく源。犬のレシピ素材として適している。,9,1,1,(620),(1100),(1200),(420),(160),(580),(540),(460),(990),(600),(150),(690),(370),(830),1.33,0.69,0.62,0.05,21,13,180,360,12,"[""しらうお"",""シラウオ"",""白魚"",""shirauo"",""whitebait"",""icefish""]",しらうお,生,Shirauo (Whitebait),Raw,64.95,,,,,,,,,TRUE,魚介類 > しらうお
10,10187,＜魚類＞　シルバー　生,72.4,18.6,7.9,(0),1.1,138,11,220,85,440,31,0.6,0.5,0.06,0.01,-,-,100,3,3.1,0.08,0.18,7.6,0.50,1.8,4,0.48,"{""baseName"":""シルバー"",""state"":""生"",""notes"":[""魚類""]}",一般的な食用魚（シルバー）は良質なたんぱく源で素材として適切,9,1,1,(850),(1500),(1700),(570),(220),(790),(730),(630),(1400),(820),(200),(950),(500),(1100),6.19,1.49,1.36,0.13,38,36,420,620,76,"[""シルバー"",""しるばー"",""silver""]",シルバー,生,Silver,Raw,132.25,,,,173715,"Fish, salmon, coho, farmed, raw",0.7223476683869721,,,TRUE,魚介類 > 白身魚
10,10188,＜魚類＞　すずき　生,74.8,19.8,4.2,(0),1.2,113,12,210,81,370,29,0.2,0.5,0.02,0.01,-,-,180,10.0,1.2,0.02,0.20,3.9,0.27,2.0,8,0.93,"{""baseName"":""すずき"",""state"":""生"",""notes"":[""魚類""]}",すずきは白身の良質な魚で犬のレシピ素材として適切,9,1,1,(910),(1600),(1800),(610),(230),(840),(780),(670),(1400),(870),(220),(1000),(540),(1200),3.32,1.08,0.87,0.13,45,25,300,400,58,"[""鱸"",""すずき"",""スズキ"",""suzuki"",""sea bass"",""Japanese sea bass""]",スズキ,,Japanese Sea Bass,,105,,,,,,,,,TRUE,魚介類 > すずき
10,10189,＜魚類＞　（たい類）　きだい　生,76.9,18.6,3.1,(0),1.2,100,23,210,73,390,30,0.2,0.4,0.02,0.01,-,-,50,4,1.5,0.03,0.04,2.8,0.20,3.2,8,0.38,"{""baseName"":""きだい"",""state"":""生"",""notes"":[""魚類"",""たい類""]}",きだい（たい類）は魚由来の良質なたんぱくで、骨等を取り除いて利用できる。,8,1,1,(850),(1500),(1700),(570),(220),(790),(730),(630),(1400),(820),(200),(950),(500),(1100),2.38,0.68,0.57,0.10,18,7,120,330,54,"[""黄鯛"",""きだい"",""キダイ"",""kidai"",""鯛"",""たい"",""タイ"",""sea bream"",""bream""]",キダイ,,Yellow Sea Bream,,92.15,,,,175144,"Fish, sheepshead, raw",1.6310236269767568,,,TRUE,魚介類 > 鯛
10,10190,＜魚類＞　（たい類）　くろだい　生,71.4,20.4,6.7,(0),1.2,137,13,250,59,400,36,0.3,0.8,0.03,0.01,-,-,12,4,1.4,0.12,0.30,5.5,0.42,3.7,14,0.62,"{""baseName"":""くろだい"",""state"":""生"",""notes"":[""魚類"",""たい類""]}",魚類として良質なたんぱく源、与える際は骨の除去が必要,9,1,1,(940),(1600),(1900),(630),(240),(870),(810),(690),(1500),(900),(220),(1000),(550),(1200),5.18,1.07,0.89,0.15,30,18,260,410,74,"[""黒鯛"",""くろだい"",""クロダイ"",""kurodai"",""black porgy"",""black sea bream"",""鯛"",""たい"",""タイ""]",クロダイ,,Black Sea Bream,,129.4,,,,173694,"Fish, sea bass, mixed species, cooked, dry heat",1.221580629353782,,,TRUE,魚介類 > 鯛
10,10191,＜魚類＞　（たい類）　ちだい　生,76.8,19.4,2.4,(0),1.3,97,33,230,75,390,32,0.6,0.4,0.03,0.01,24,43,21,2,1.3,0.03,0.10,4.7,0.33,3.0,3,0.49,"{""baseName"":""ちだい"",""state"":""生"",""notes"":[""魚類"",""たい類""]}",ちだい（生）は良質な魚肉で犬のレシピ素材として適している,9,1,1,900,1500,1800,610,210,820,780,700,1500,950,230,1000,480,1300,1.85,0.59,0.49,0.08,13,8,140,250,35,"[""血鯛"",""ちだい"",""チダイ"",""chidai"",""鯛"",""たい"",""タイ"",""sea bream"",""bream""]",チダイ,,Chidai (Sea Bream),,88.65,,,,175144,"Fish, sheepshead, raw",1.2598773539078507,,,TRUE,魚介類 > 鯛
10,10192,＜魚類＞　（たい類）　まだい　天然　生,72.2,20.6,5.8,(0),1.3,129,11,220,55,440,31,0.2,0.4,0.02,0.01,-,-,8,5,1.0,0.09,0.05,6.0,0.31,1.2,5,0.64,"{""baseName"":""まだい"",""productionMethod"":""天然"",""state"":""生"",""notes"":[""魚類"",""たい類""]}",高品質なたんぱく源で犬のレシピ素材として適している魚類である,9,1,1,1000,1700,2000,640,230,880,850,730,1600,1000,230,1100,550,1300,4.44,1.38,1.16,0.17,47,22,300,610,83,"[""真鯛"",""まだい"",""マダイ"",""madai"",""red sea bream"",""sea bream"",""bream"",""鯛"",""たい"",""タイ""]",真鯛,天然・生,Red Sea Bream,"Wild, Raw",121.75,,,,,,,,,TRUE,魚介類 > 鯛
10,10193,＜魚類＞　（たい類）　まだい　養殖　皮つき　生,68.5,20.9,9.4,(0),1.3,160,12,240,52,450,32,0.2,0.5,0.02,0,6,36,11,7,2.4,0.32,0.08,5.6,0.40,1.5,4,1.34,"{""baseName"":""まだい"",""formModifiers"":[""皮つき""],""productionMethod"":""養殖"",""state"":""生"",""notes"":[""魚類"",""たい類""]}",まだいは良質なたんぱく源の魚類。骨や内臓の除去を前提に使用可,9,1,1,970,1700,2000,630,220,850,860,750,1600,1000,240,1100,580,1400,7.42,2.44,1.78,0.54,420,72,520,780,61,"[""真鯛"",""まだい"",""マダイ"",""madai"",""red sea bream"",""sea bream"",""bream"",""鯛"",""たい"",""タイ""]",真鯛,養殖・皮つき・生,Red Sea Bream,"Farmed, Skin-on, Raw",153.05,,,,,,,,,TRUE,魚介類 > 鯛
10,10194,＜魚類＞　（たい類）　まだい　養殖　皮つき　水煮,65.0,22.2,11.9,(0),1.2,182,20,220,50,440,29,0.2,0.5,0.03,0,11,44,10,4.7,3.4,0.16,0.07,5.7,0.35,2.6,3,1.23,"{""baseName"":""まだい"",""formModifiers"":[""皮つき""],""productionMethod"":""養殖"",""state"":""水煮"",""notes"":[""魚類"",""たい類""]}",まだいの水煮は調理済みの魚で良質なタンパク源として適切,9,1,1,(1000),(1800),(2100),(670),(240),(900),(910),(800),(1700),(1100),(260),(1200),(620),(1400),8.90,2.86,2.23,0.48,320,65,670,990,77,"[""真鯛"",""まだい"",""マダイ"",""madai"",""red sea bream"",""sea bream"",""bream"",""鯛"",""たい"",""タイ""]",真鯛,養殖・皮つき・水煮,Red Sea Bream,"Farmed, Skin-on, Boiled in Water",178.85,,,,,,,,,TRUE,魚介類 > 鯛
10,10195,＜魚類＞　（たい類）　まだい　養殖　皮つき　焼き,63.8,22.7,12.0,(0),1.4,186,24,260,55,500,32,0.2,0.5,0.02,0.01,8,46,17,5.6,4.6,0.14,0.09,6.3,0.32,2.6,3,1.25,"{""baseName"":""まだい"",""formModifiers"":[""皮つき""],""productionMethod"":""養殖"",""state"":""焼き"",""notes"":[""魚類"",""たい類""]}",まだいの焼き身は良質な魚たんぱくで犬の素材として適している。,9,1,1,(1100),(1800),(2100),(680),(240),(930),(930),(820),(1800),(1100),(260),(1200),(630),(1500),9.01,2.95,2.24,0.56,400,74,670,990,78,"[""真鯛"",""まだい"",""マダイ"",""madai"",""red sea bream"",""sea bream"",""bream"",""鯛"",""たい"",""タイ""]",真鯛,養殖・皮つき・焼き,Red Sea Bream,"Farmed, Skin-on, Grilled",181.8,,,,,,,,,TRUE,魚介類 > 鯛
10,10408,＜魚類＞　（たい類）　まだい　養殖　皮なし　生,71.9,21.2,5.9,(0),1.3,131,7,260,43,490,33,0.2,0.4,0.02,0,9,32,10,4.5,2.6,0.31,0.08,7.2,0.56,1.8,4,1.40,"{""baseName"":""まだい"",""formModifiers"":[""皮なし""],""productionMethod"":""養殖"",""state"":""生"",""notes"":[""魚類"",""たい類""]}",まだい（皮なし）は良質な魚タンパク源。生は寄生虫に注意し調理して使うと良い,9,1,1,1000,1700,2100,670,240,920,890,790,1700,1100,270,1200,620,1300,4.58,1.52,0.99,0.49,410,48,240,500,32,"[""真鯛"",""まだい"",""マダイ"",""madai"",""red sea bream"",""sea bream"",""bream"",""鯛"",""たい"",""タイ""]",真鯛,養殖・皮なし・生,Red Sea Bream,"Farmed, Skinless, Raw",124.35,,,,175142,"Fish, sea bass, mixed species, raw",1.4948470677427979,,60.8,TRUE,魚介類 > 鯛
10,10196,＜魚類＞　たかさご　生,76.7,20.2,1.5,(0),1.5,93,51,290,48,510,36,0.5,0.7,0.04,0.01,-,-,7,2,0.1,0.03,0.07,4.3,0.20,4.4,3,0.46,"{""baseName"":""たかさご"",""state"":""生"",""notes"":[""魚類""]}",小型魚は良いタンパク源だが生の場合は骨や寄生虫の注意が必要,8,1,1,(930),(1600),(1900),(620),(240),(860),(800),(680),(1500),(890),(220),(1000),(550),(1200),1.03,0.36,0.31,0.05,12,9,43,220,16,"[""たかさご"",""タカサゴ"",""takasago"",""fish""]",タカサゴ,,Takasago,,83.8,,,,175144,"Fish, sheepshead, raw",1.4097356501749265,,,FALSE,
10,10197,＜魚類＞　たかべ　生,71.0,18.7,9.0,(0),1.3,148,41,210,120,380,34,0.6,1.3,0.04,0.01,-,-,16,4,1.4,0.06,0.18,3.7,0.23,2.0,3,0.48,"{""baseName"":""たかべ"",""state"":""生"",""notes"":[""魚類""]}",たかべは良質な魚肉タンパク源。骨や内臓を除去して調理するのが望ましい。,9,1,1,(860),(1500),(1700),(580),(220),(800),(740),(630),(1400),(820),(200),(950),(510),(1100),7.05,2.16,1.74,0.35,150,49,480,920,110,"[""たかべ"",""タカベ"",""takabe"",""fish""]",タカベ,,Takabe,,141.95,,,,,,,,,FALSE,
10,10198,＜魚類＞　たちうお　生,61.6,16.5,20.9,(0),1.0,238,12,180,88,290,29,0.2,0.5,0.02,0.02,-,-,52,14.0,1.2,0.01,0.07,3.9,0.20,0.9,2,0.56,"{""baseName"":""たちうお"",""state"":""生"",""notes"":[""魚類""]}",魚は良質な蛋白源だが、生の魚は寄生虫や生食リスクがあるため加熱が望ましい。,7,1,1,810,1300,1600,590,190,780,660,630,1300,850,180,900,440,1000,16.96,3.87,3.15,0.42,160,89,970,1400,120,"[""太刀魚"",""たちうお"",""タチウオ"",""tachiuo"",""cutlassfish"",""beltfish"",""hairtail""]",タチウオ,,Cutlassfish,,235.4,,,,,,,,,FALSE,
10,10199,＜魚類＞　（たら類）　すけとうだら　生,81.6,17.4,1.0,(0),1.1,72,13,180,100,350,24,0.2,0.5,0.03,0,160,25,10,0.5,0.9,0.05,0.11,1.4,0.09,2.9,12,0.20,"{""baseName"":""すけとうだら"",""state"":""生"",""notes"":[""魚類"",""たら類""]}",白身魚の良質なタンパク源。骨や内臓は除去すれば素材として適切。,9,1,1,680,1200,1500,550,190,740,630,580,1200,780,180,780,420,1100,0.47,0.27,0.25,0.02,4,1,71,170,15,"[""すけとうだら"",""スケトウダラ"",""suketoudara"",""pollock"",""Alaska pollock""]",スケトウダラ,生,Alaska Pollock,Raw,69.4,,,,173725,"Fish, pollock, Alaska, raw",0.6145644119886656,,,TRUE,魚介類 > 鱈
10,10200,＜魚類＞　（たら類）　すけとうだら　すり身,75.1,17.5,0.2,(0),0.6,98,7,130,120,130,21,0.1,0.3,0.03,0.01,-,-,5,1,0.6,0.03,0.05,0.4,0.01,0.6,4,0.19,"{""baseName"":""すけとうだら"",""variety"":""すり身"",""notes"":[""魚類"",""たら類""]}",すけとうだらのすり身は良質なたんぱく源で加工済みの魚素材として扱いやすい。,9,1,1,(690),(1300),(1500),(550),(190),(740),(630),(590),(1200),(780),(180),(780),(430),(1100),0.13,0.08,0.07,Tr,1,Tr,25,44,2,"[""すけとうだら"",""スケトウダラ"",""suketoudara"",""すり身"",""すりみ"",""スリミ"",""surimi"",""fish paste"",""pollock""]",すり身,スケトウダラ,Surimi,Alaska Pollock,86.05,,,,175130,"Fish, pollock, Alaska, raw (may contain additives to retain moisture)",2.4823097429452616,,65,TRUE,魚介類 > 鱈
10,10201,＜魚類＞　（たら類）　すけとうだら　すきみだら,38.2,40.5,0.3,(0),20.9,165,130,340,7400,540,54,1.9,0.1,0.09,0.02,-,-,Tr,1,1.1,0.13,0.18,2.2,0.10,2.5,7,0.43,"{""baseName"":""すけとうだら"",""variety"":""すきみだら"",""notes"":[""魚類"",""たら類""]}",すけとうだら（たら類）は犬に適した魚のたんぱく源である。,9,1,1,(1600),(2900),(3500),(1300),(440),(1700),(1500),(1400),(2800),(1800),(420),(1800),(990),(2600),0.22,0.12,0.11,0.01,1,1,37,67,5,"[""すけとうだら"",""スケトウダラ"",""suketoudara"",""すきみだら"",""すきみ"",""sukimidadara"",""pollock""]",すきみ,スケトウダラ,Minced Pollock,,144.65,,,,,,,,,TRUE,魚介類 > 鱈
10,10202,＜魚類＞　（たら類）　すけとうだら　たらこ　生,65.2,24.0,4.7,(0),5.7,131,24,390,1800,300,13,0.6,3.1,0.08,0.04,130,130,24,1.7,7.1,0.71,0.43,50.0,0.25,18.0,52,3.68,"{""baseName"":""すけとうだら"",""variety"":""たらこ"",""state"":""生"",""notes"":[""魚類"",""たら類""]}",すけとうだらの卵（たらこ）は良質な動物性タンパク源で犬のレシピ素材として適切。,9,1,1,1300,2200,1800,510,310,820,960,1100,2100,1200,280,1500,530,1200,2.80,1.28,1.19,0.07,17,6,510,600,40,"[""すけとうだら"",""スケトウダラ"",""suketoudara"",""たらこ"",""タラコ"",""tarako"",""cod roe"",""pollock roe""]",たらこ,スケトウダラ・生,Tarako,"Pollock, Raw",125.35,,,,175132,"Fish, roe, mixed species, raw",1.6681717414069863,,335.4,TRUE,魚介類 > 鱈
10,10205,＜魚類＞　（たら類）　まだら　生,80.9,17.6,0.2,(0),1.2,72,32,230,110,350,24,0.2,0.5,0.04,0.01,350,31,10,1,0.8,0.10,0.10,1.4,0.07,1.3,5,0.44,"{""baseName"":""まだら"",""state"":""生"",""notes"":[""魚類"",""たら類""]}",まだら（タラ）は低脂肪で良質な魚たんぱくを含み、犬のレシピ素材として適している,9,1,1,710,1300,1500,530,190,720,650,610,1300,790,180,800,440,1100,0.14,0.07,0.07,0.01,1,Tr,24,42,4,"[""鱈"",""まだら"",""マダラ"",""madara"",""cod""]",マダラ,生,Cod,Raw,63.65,84,15016,"Fish, cod, Atlantic, cooked, dry heat",174191,"Fish, cod, Pacific, raw (may have been previously frozen)",1.6561201356527517,,65,TRUE,魚介類 > 鱈
10,10206,＜魚類＞　（たら類）　まだら　焼き,72.8,25.2,0.2,(0),1.6,103,48,280,140,480,33,0.4,0.9,0.05,0.02,-,-,9,0.7,1.3,0.09,0.12,1.4,0.09,3.9,7,0.53,"{""baseName"":""まだら"",""state"":""焼き"",""notes"":[""魚類"",""たら類""]}",焼きたらは調理済みの白身魚で犬のレシピ素材として適切,9,1,1,(1000),(1800),(2200),(760),(270),(1000),(930),(870),(1800),(1100),(250),(1100),(630),(1600),0.20,0.11,0.10,0.01,1,1,33,61,6,"[""鱈"",""まだら"",""マダラ"",""madara"",""cod""]",マダラ,焼き,Cod,Grilled,90.6,84,15016,"Fish, cod, Atlantic, cooked, dry heat",175178,"Fish, cod, Pacific, cooked",1.1062173173700347,,,TRUE,魚介類 > 鱈
10,10207,＜魚類＞　（たら類）　まだら　しらこ　生,83.8,13.4,0.8,(0),1.8,60,6,430,110,390,23,0.2,0.7,0.03,0.01,-,-,8,2,1.8,0.24,0.13,1.5,0.01,3.1,11,0.68,"{""baseName"":""まだら"",""variety"":""しらこ"",""state"":""生"",""notes"":[""魚類"",""たら類""]}",まだらのしらこ（生）は魚類の良質な部位だが生食は寄生虫等のリスクがあるため扱いに注意が必要。,7,1,1,(350),(720),(1000),(240),(110),(350),(300),(280),(580),(450),(42),(530),(180),(840),0.41,0.20,0.19,0.02,2,1,64,110,13,"[""鱈"",""まだら"",""マダラ"",""madara"",""しらこ"",""白子"",""shirako"",""milt"",""cod milt""]",白子,マダラ・生,Milt,"Cod, Raw",54.4,,,,174191,"Fish, cod, Pacific, raw (may have been previously frozen)",1.4491566290158235,,65,TRUE,魚介類 > 鱈
10,10209,＜魚類＞　（たら類）　まだら　干しだら,18.5,73.2,0.8,(0),7.4,299,80,840,1500,1600,89,0.1,1.8,0.16,0.03,-,-,Tr,6,0.3,0.20,0.30,4.0,0.34,8.6,22,1.37,"{""baseName"":""まだら"",""variety"":""干しだら"",""notes"":[""魚類"",""たら類""]}",干しだらは良質な魚タンパク源で素材として適している（干物のため加工点あり）,8,1,1,(2900),(5300),(6400),(2200),(780),(3000),(2700),(2500),(5200),(3300),(740),(3300),(1800),(4500),0.54,0.24,0.22,0.02,3,1,73,130,14,"[""鱈"",""まだら"",""マダラ"",""madara"",""干しだら"",""干し鱈"",""dried cod"",""dried pollock"",""stockfish""]",干しだら,,Dried Cod,,263.35,,,,174191,"Fish, cod, Pacific, raw (may have been previously frozen)",2.3896148173215344,,65,TRUE,魚介類 > 鱈
10,10211,＜魚類＞　ちか　生,78.3,19.5,0.6,(0),1.6,82,35,240,250,340,41,0.3,1.3,0.08,0.03,-,-,4,1,0.9,0,0.14,2.7,0.19,5.4,7,0.71,"{""baseName"":""ちか"",""state"":""生"",""notes"":[""魚類""]}",ちかは魚類で良質なタンパク源。犬の素材として適切。,9,1,1,(900),(1500),(1800),(600),(230),(830),(770),(660),(1400),(860),(210),(990),(530),(1200),0.37,0.20,0.19,0.01,4,4,47,130,6,"[""ちか"",""チカ"",""chika"",""smelt""]",ちか,生,Smelt,Raw,73.35,300,35184,"Fish, smelt, dried (Alaska Native)",,,,,,TRUE,魚介類 > 白身魚
10,10213,＜魚類＞　どじょう　生,79.1,16.1,1.2,(0),3.6,72,1100,690,96,290,42,5.6,2.9,0.08,0.38,-,-,13,4,0.6,0.09,1.09,4.0,0.10,8.5,16,0.66,"{""baseName"":""どじょう"",""state"":""生"",""notes"":[""魚類""]}",どじょうなどの魚類は良質なたんぱく源で、魚特有の栄養（脂肪酸等）を期待できる,9,1,1,750,1200,1400,450,170,620,660,500,1200,740,160,840,370,1000,0.55,0.22,0.09,0.13,35,11,23,34,70,"[""どじょう"",""ドジョウ"",""泥鰌"",""どぜう"",""loach""]",どじょう,生,Loach,Raw,66.55,,,,,,,,,TRUE,魚介類 > 白身魚
10,10214,＜魚類＞　どじょう　水煮,77.9,17.1,1.2,(0),3.8,76,1200,750,100,330,47,6.4,3.1,0.06,0.43,-,-,13,5.5,0.4,0.08,1.00,4.2,0.08,6.3,11,0.43,"{""baseName"":""どじょう"",""state"":""水煮"",""notes"":[""魚類""]}",どじょうの水煮は加熱済みの魚類で良質なタンパク源として利用できる,9,1,1,(790),(1300),(1400),(480),(180),(660),(700),(530),(1200),(780),(170),(890),(390),(1100),0.50,0.21,0.09,0.12,28,9,22,35,68,"[""どじょう"",""ドジョウ"",""泥鰌"",""どぜう"",""loach""]",どじょう,水煮,Loach,Boiled,70.05,,,,,,,,,TRUE,魚介類 > 白身魚
10,10215,＜魚類＞　とびうお　生,76.9,21.0,0.7,(0),1.3,89,13,340,64,320,37,0.5,0.8,0.06,0.01,-,-,3,2,2.3,0.01,0.10,7.1,0.47,3.3,8,0.42,"{""baseName"":""とびうお"",""state"":""生"",""notes"":[""魚類""]}",とびうおは良質の動物性タンパク源で、骨や内臓を除けば素材として適切。,9,1,1,1100,1700,2000,680,270,940,840,750,1600,980,250,1200,1100,1300,0.44,0.22,0.20,0.02,6,4,25,150,7,"[""とびうお"",""トビウオ"",""飛び魚"",""tobiuo"",""flying fish""]",とびうお,生,Flying Fish,Raw,79.8,,,,,,,,,TRUE,魚介類 > 白身魚
10,10421,＜魚類＞　とびうお　煮干し,12.5,80.0,2.2,(0),7.5,325,1200,1300,610,1200,170,2.2,3.3,0.20,0.10,42,120,9,3.9,4.0,0,0.32,17.0,0.24,13.0,22,0.62,"{""baseName"":""とびうお"",""state"":""煮干し"",""notes"":[""魚類""]}",煮干しのとびうおは乾燥・加工された魚で旨味とカルシウム源になり得る安全な素材。,8,1,1,3800,6400,7400,2300,850,3100,3300,2900,6200,4000,930,4200,3000,5000,1.03,0.53,0.46,0.07,11,4,56,370,34,"[""とびうお"",""トビウオ"",""飛び魚"",""煮干し"",""にぼし"",""tobiuo"",""flying fish""]",とびうお,煮干し,Flying Fish,"Dried, Niboshi",298.7,,,,,,,,,TRUE,魚介類 > 煮干し
10,10422,＜魚類＞　とびうお　焼き干し,11.8,73.4,3.3,(0),12.7,309,3200,2300,690,1100,200,2.7,5.4,0.23,0.26,62,140,17,3.3,2.4,Tr,0.32,16.0,0.21,15.0,40,0.82,"{""baseName"":""とびうお"",""variety"":""焼き干し"",""notes"":[""魚類""]}",焼き干しのとびうおは出汁や風味付けに使える安全な魚類加工品,8,1,1,3200,5600,6300,2100,720,2800,2800,2500,5300,3500,780,3600,2600,4600,1.41,0.58,0.49,0.08,18,7,69,370,34,"[""とびうお"",""トビウオ"",""飛び魚"",""焼き干し"",""やきぼし"",""dried flying fish""]",とびうお,焼き干し,Flying Fish,Grilled and Dried,284.95,,,,174182,"Fish, anchovy, european, raw",1.9230163572637031,,,TRUE,魚介類 > 煮干し
10,10212,＜魚類＞　ナイルティラピア　生,73.5,19.8,5.3,(0),1.2,124,29,180,60,370,24,0.5,0.4,0.02,0.01,-,-,3,11.0,1.9,0.04,0.20,3.1,0.67,2.3,5,1.08,"{""baseName"":""ナイルティラピア"",""state"":""生"",""notes"":[""魚類""]}",ナイルティラピアは淡白な良質タンパクで犬のレシピ素材として適している,9,1,1,990,1600,1900,610,250,860,810,690,1500,940,220,1000,490,1200,4.36,1.06,0.46,0.61,520,35,31,270,46,"[""ナイルティラピア"",""ナイル ティラピア"",""ナイルティラピア"",""ティラピア"",""Nile tilapia"",""tilapia""]",ティラピア,ナイル・生,Tilapia,"Nile, Raw",115.05,43,15261,"Fish, tilapia, raw",175176,"Fish, tilapia, raw",1.2212735796552183,,42.5,TRUE,魚介類 > 白身魚
10,10216,＜魚類＞　なまず　生,72.0,18.4,8.6,(0),1.0,145,18,170,46,320,23,0.4,0.6,0.03,0.02,-,-,70,4,6.3,0.33,0.10,1.8,0.16,2.3,10,0.81,"{""baseName"":""なまず"",""state"":""生"",""notes"":[""魚類""]}",生のなまずは良質な魚のたんぱく源で、適切に処理・加熱すれば使用可能。,9,1,1,(680),(1200),(1400),(510),(150),(660),(650),(530),(1200),(790),(150),(780),(650),(1200),6.99,1.75,0.96,0.75,530,120,210,440,120,"[""なまず"",""ナマズ"",""鯰"",""catfish""]",なまず,生,Catfish,Raw,137.5,,,,174186,"Fish, catfish, channel, wild, raw",0.930020845922283,,,TRUE,魚介類 > 白身魚
10,10217,＜魚類＞　にぎす　生,78.5,18.7,1.2,(0),1.5,84,70,220,190,320,27,0.4,0.4,0.03,0.01,-,-,75,Tr,0.5,0.12,0.26,3.5,0.15,3.4,8,0.77,"{""baseName"":""にぎす"",""state"":""生"",""notes"":[""魚類""]}",にぎす（生）は魚類として良質なたんぱく源で犬のレシピ素材に適している,9,1,1,(860),(1500),(1700),(580),(220),(800),(740),(630),(1400),(820),(200),(950),(510),(1100),0.84,0.35,0.32,0.04,9,5,81,200,18,"[""にぎす"",""ニギス"",""nigisu"",""whiting""]",にぎす,生,Whiting,Raw,76,,,,175161,"Fish, whiting, mixed species, cooked, dry heat",1.2220589529692427,,83.3,TRUE,魚介類 > 白身魚
10,10218,＜魚類＞　にしん　生,66.1,17.4,15.1,(0),1.3,196,27,240,110,350,33,1.0,1.1,0.09,0.02,-,-,18,22.0,3.1,0.01,0.23,4.0,0.42,17.0,13,1.06,"{""baseName"":""にしん"",""state"":""生"",""notes"":[""魚類""]}",にしんは栄養価の高い魚だが、適切に調理して使用するのが望ましい。,8,1,1,870,1400,1700,560,220,780,720,610,1300,820,200,1000,460,1100,12.54,2.39,2.13,0.26,160,100,880,770,84,"[""にしん"",""ニシン"",""鰊"",""herring""]",にしん,生,Herring,Raw,189.6,,,,,,,,,TRUE,魚介類 > にしん
10,10220,＜魚類＞　にしん　開き干し,59.8,18.5,19.7,(0),1.8,239,25,260,360,350,33,1.9,1.0,0.11,0.02,-,-,Tr,36.0,2.1,0.01,0.03,4.7,0.25,9.0,7,1.28,"{""baseName"":""にしん"",""variety"":""開き干し"",""notes"":[""魚類""]}",にしんは良質な魚類たんぱくで利用可能だが、開き干しは塩分がある点に注意。,8,1,1,(930),(1500),(1800),(590),(240),(830),(770),(650),(1400),(870),(210),(1100),(480),(1100),16.42,3.35,2.77,0.26,140,63,1400,880,53,"[""にしん"",""ニシン"",""鰊"",""開き"",""開き干し"",""干物"",""herring"",""herring dried""]",にしん,開き干し,Herring,"Butterflied, Dried",232.9,,,,,,,,,TRUE,魚介類 > にしん
10,10221,＜魚類＞　にしん　くん製,43.9,23.1,22.1,(0),10.9,280,150,400,3900,280,36,3.5,1.1,0.16,0.03,-,-,Tr,48.0,0.5,0.01,0.35,5.0,0.10,15.0,16,1.74,"{""baseName"":""にしん"",""state"":""くん製"",""notes"":[""魚類""]}",燻製ニシンは良質な魚たんぱくだが燻製・塩分の影響を考慮する必要がある,7,1,1,(1200),(1900),(2200),(740),(300),(1000),(960),(810),(1800),(1100),(260),(1300),(600),(1400),19.08,3.13,2.52,0.39,200,64,1100,870,57,"[""にしん"",""ニシン"",""鰊"",""燻製"",""くんせい"",""くん製"",""smoked herring"",""smoked""]",にしん,くん製,Herring,Smoked,268.7,,,,169807,"Fish, herring, Pacific, flesh, air-dried, packed in oil (Alaska Native)",1.412743939267675,,,TRUE,魚介類 > にしん
10,10222,＜魚類＞　にしん　かずのこ　生,66.1,25.2,6.7,(0),1.8,139,50,140,320,210,34,1.2,2.3,0.07,0.06,-,-,15,13.0,5.1,0.15,0.22,1.4,0.26,11.0,120,1.37,"{""baseName"":""にしん"",""variety"":""かずのこ"",""state"":""生"",""notes"":[""魚類""]}",にしん（かずのこ）は魚類のタンパク源として使用可能だが加工部位により塩分などに注意,8,1,1,(1500),(2800),(2100),(760),(610),(1400),(1400),(1400),(2800),(1900),(520),(2100),(710),(1800),3.23,1.45,1.37,0.08,29,25,410,870,54,"[""にしん"",""ニシン"",""鰊"",""かずのこ"",""数の子"",""kazunoko"",""herring roe""]",数の子,にしん・生,Herring Roe,Raw,145.85,250,35158,"Fish, whitefish, eggs (Alaska Native)",,,,,,TRUE,魚介類 > にしん
10,10225,＜魚類＞　はぜ　生,79.4,19.1,0.2,(0),1.2,78,42,190,93,350,27,0.2,0.6,0.02,0.10,-,-,6,3,1.0,0.04,0.04,1.4,0.07,2.7,8,0.42,"{""baseName"":""はぜ"",""state"":""生"",""notes"":[""魚類""]}",はぜは一般的な魚類で良質なたんぱく源。下処理を行えば適する,8,1,1,940,1600,1700,590,250,840,830,680,1500,880,200,990,460,1100,0.09,0.04,0.03,0.01,1,Tr,16,12,8,"[""はぜ"",""ハゼ"",""鯊"",""goby""]",はぜ,生,Goby,Raw,68.9,,,,,,,,,TRUE,魚介類 > 白身魚
10,10228,＜魚類＞　はたはた　生,78.8,14.1,5.7,(0),1.4,101,60,120,180,250,18,0.5,0.6,0.06,-,32,37,20,2,2.2,0.02,0.14,3.0,0.08,1.7,7,0.50,"{""baseName"":""はたはた"",""state"":""生"",""notes"":[""魚類""]}",はたはたは良質な魚でたんぱく源として適した素材である。,9,1,1,670,1200,1300,460,160,610,570,500,1100,710,160,730,330,980,4.22,1.35,1.09,0.24,65,28,420,520,130,"[""はたはた"",""ハタハタ"",""鰰"",""hatahata"",""Japanese sandfish"",""sandfish""]",はたはた,生,Japanese Sandfish,Raw,97.8,,,,173725,"Fish, pollock, Alaska, raw",1.695138700863501,,,TRUE,魚介類 > 白身魚
10,10229,＜魚類＞　はたはた　生干し,71.1,16.7,10.3,(0),1.9,154,17,180,510,240,23,0.3,0.8,0.04,0.01,37,37,22,1,2.8,0.05,0.05,0.9,0.08,3.5,11,0.50,"{""baseName"":""はたはた"",""variety"":""生干し"",""notes"":[""魚類""]}",生干しのはたはた（魚）は魚類として利用可能だが塩分や骨の除去に注意。,8,1,1,720,1300,1500,500,160,670,660,580,1200,850,170,820,390,1200,8.83,3.04,2.61,0.37,120,84,970,1200,160,"[""はたはた"",""ハタハタ"",""鰰"",""干物"",""hatahata"",""dried fish""]",はたはた,生干し,Japanese Sandfish,Semi-dried,146,,,,,,,,,TRUE,魚介類 > 白身魚
10,10230,＜魚類＞　はまふえふき　生,77.7,20.5,0.3,(0),1.4,85,43,250,80,450,29,0.3,0.5,0.03,0,-,-,8,11.0,0.6,0.15,0.07,6.4,0.30,3.7,3,0.40,"{""baseName"":""はまふえふき"",""state"":""生"",""notes"":[""魚類""]}",はまふえふき（魚）は良質な動物性タンパク源で犬の素材として適している,9,1,1,(940),(1600),(1900),(630),(240),(870),(810),(690),(1500),(900),(220),(1000),(560),(1200),0.18,0.07,0.04,0.03,2,1,5,26,20,"[""はまふえふき"",""ハマフエフキ"",""hamafuefuki""]",はまふえふき,生,Hamafuefuki,Raw,74.65,,,,171964,"Fish, haddock, raw",1.502701417311655,,65,TRUE,魚介類 > 白身魚
10,10231,＜魚類＞　はも　生,71.0,22.3,5.3,(0),1.4,132,79,280,66,450,29,0.2,0.6,0.03,0.07,-,-,59,5,1.1,0.04,0.18,3.8,0.23,1.9,21,0.46,"{""baseName"":""はも"",""state"":""生"",""notes"":[""魚類""]}",白身魚で良質なタンパク源、加熱して与えるのが望ましい,8,1,1,1100,1800,2300,670,270,940,840,780,1600,980,240,1200,620,1400,4.10,1.45,1.25,0.20,64,79,220,640,120,"[""はも"",""ハモ"",""鱧"",""hamo"",""pike conger"",""pike conger eel""]",はも,生,Hamo,Raw,123.1,,,,,,,,,TRUE,魚介類 > 白身魚
10,10233,＜魚類＞　ひらまさ　生,71.1,22.6,4.9,(0),1.3,128,12,300,47,450,36,0.4,0.7,0.04,0.01,-,-,19,5,1.4,0.20,0.14,7.6,0.52,2.1,8,0.26,"{""baseName"":""ひらまさ"",""state"":""生"",""notes"":[""魚類""]}",生のひらまさは良質なたんぱく源で犬の素材として適する,9,1,1,(1000),(1800),(2100),(700),(250),(950),(910),(760),(1700),(1000),(260),(1200),(1100),(1300),3.42,1.18,1.04,0.14,38,21,220,670,63,"[""ひらまさ"",""ヒラマサ"",""平政"",""hiramasa"",""amberjack"",""yellowtail amberjack""]",ひらまさ,生,Hiramasa,Raw,121.1,,,,171949,"Fish, bluefish, raw",1.0345734506580122,,,TRUE,魚介類 > 白身魚
10,10234,＜魚類＞　ひらめ　天然　生,76.8,20.0,2.0,(0),1.2,96,22,240,46,440,26,0.1,0.4,0.03,0.01,-,-,12,3,0.6,0.04,0.11,5.0,0.33,1.0,16,0.82,"{""baseName"":""ひらめ"",""productionMethod"":""天然"",""state"":""生"",""notes"":[""魚類""]}",天然のひらめは良質な魚蛋白で犬のレシピ素材として適している（調理方法に注意）,8,1,1,(940),(1600),(1900),(620),(210),(830),(830),(720),(1600),(1000),(220),(1100),(540),(1300),1.52,0.61,0.51,0.08,15,7,120,290,45,"[""ひらめ"",""ヒラメ"",""平目"",""hirame"",""flounder"",""天然ひらめ"",""wild flounder""]",ひらめ,天然・生,Flounder,"Wild, Raw",87,,,,174196,"Fish, flatfish (flounder and sole species), raw",1.556814507100574,,65,TRUE,魚介類 > ヒラメ
10,10235,＜魚類＞　ひらめ　養殖　皮つき　生,73.7,21.6,3.7,(0),1.3,115,30,240,43,440,30,0.1,0.5,0.02,0.03,8,47,19,1.9,1.6,0.12,0.34,6.2,0.44,1.5,13,0.89,"{""baseName"":""ひらめ"",""formModifiers"":[""皮つき""],""productionMethod"":""養殖"",""state"":""生"",""notes"":[""魚類""]}",ひらめは白身魚の良いタンパク源で素材として適切（下処理に注意）,9,1,1,1000,1700,2000,670,220,890,890,780,1700,1100,230,1200,580,1400,2.92,1.17,0.89,0.25,170,33,170,520,40,"[""ひらめ"",""ヒラメ"",""平目"",""hirame"",""flounder"",""flatfish""]",ひらめ,皮つき・生,Flounder,"Skin-on, Raw",107.05,,,,174196,"Fish, flatfish (flounder and sole species), raw",1.9176484779381895,,65,TRUE,魚介類 > ヒラメ
10,10410,＜魚類＞　ひらめ　養殖　皮なし　生,76.0,21.2,2.5,(0),1.2,100,8,230,41,470,31,0.1,0.3,0.02,0.01,11,41,9,2.3,1.6,0.22,0.07,6.7,0.48,1.1,12,0.86,"{""baseName"":""ひらめ"",""formModifiers"":[""皮なし""],""productionMethod"":""養殖"",""state"":""生"",""notes"":[""魚類""]}",養殖ひらめの生切り身は良質なたんぱく源として利用できる。,9,1,1,970,1700,2000,630,230,870,850,770,1600,1100,240,1100,570,1300,1.78,0.72,0.55,0.16,110,20,100,330,25,"[""ひらめ"",""ヒラメ"",""平目"",""hirame"",""flounder"",""flatfish""]",ひらめ,皮なし・生,Flounder,"Skinless, Raw",95.45,,,,174200,"Fish, halibut, Atlantic and Pacific, raw",1.2813474021950269,,61.8,TRUE,魚介類 > ヒラメ
10,10238,＜魚類＞　ふな　生,78.0,18.2,2.5,(0),1.2,93,100,160,30,340,23,1.5,1.9,0.04,0.02,-,-,12,4,1.5,0.55,0.14,2.3,0.11,5.5,14,0.69,"{""baseName"":""ふな"",""state"":""生"",""notes"":[""魚類""]}",ふな（生）は淡水魚としてたんぱく源になるが骨除去などの処理が前提,8,1,1,890,1500,1700,550,200,750,780,630,1400,820,180,970,520,1100,1.93,0.69,0.50,0.12,48,74,190,110,40,"[""ふな"",""フナ"",""鮒"",""crucian carp"",""carp""]",ふな,生,Crucian Carp,Raw,85.3,,,,174184,"Fish, bass, fresh water, mixed species, raw",1.4256273537897453,,,TRUE,魚介類 > ふな
10,10239,＜魚類＞　ふな　水煮,75.6,20.3,2.8,(0),1.2,104,140,230,46,310,24,1.5,2.1,0.04,0.02,-,-,15,3.8,1.5,0.49,0.12,1.6,0.10,4.4,8,0.71,"{""baseName"":""ふな"",""state"":""水煮"",""notes"":[""魚類""]}",水煮された魚でタンパク源として利用できるが骨の除去に注意。,8,1,1,(990),(1700),(1900),(610),(220),(840),(870),(700),(1600),(920),(200),(1100),(590),(1200),2.16,0.73,0.52,0.14,58,81,190,120,46,"[""ふな"",""フナ"",""鮒"",""crucian carp"",""carp""]",ふな,水煮,Crucian Carp,Boiled,95.2,,,,,,,,,TRUE,魚介類 > ふな
10,10241,＜魚類＞　ぶり　成魚　生,59.6,21.4,17.6,(0),1.1,222,5,130,32,380,26,1.3,0.7,0.08,0.01,24,57,50,8,2.0,0.23,0.36,9.5,0.42,3.8,7,1.01,"{""baseName"":""ぶり"",""variety"":""成魚"",""state"":""生"",""notes"":[""魚類""]}",良質なたんぱく質と健康的な脂質を含む魚類で素材として適する（骨除去が前提）,9,1,1,1000,1700,2000,680,230,910,870,740,1600,1000,250,1200,1700,1200,12.49,3.72,3.35,0.37,190,97,940,1700,160,"[""ぶり"",""ブリ"",""鰤"",""yellowtail"",""amberjack""]",ぶり,成魚・生,Yellowtail,"Adult, Raw",225.55,,,,173706,"Fish, tuna, fresh, bluefin, raw",1.6791102987340378,,65,TRUE,魚介類 > ぶり
10,10242,＜魚類＞　ぶり　成魚　焼き,51.8,26.2,20.4,(0),1.3,260,6,170,40,440,28,2.3,0.9,0.10,0.01,-,-,42,5.4,2.1,0.24,0.39,10.0,0.38,3.8,6,1.38,"{""baseName"":""ぶり"",""variety"":""成魚"",""state"":""焼き"",""notes"":[""魚類""]}",ぶりは良質なタンパク質と脂肪を含む魚で、加熱済みの切り身は犬の素材として適しているため,9,1,1,(1300),(2000),(2400),(830),(290),(1100),(1100),(900),(2000),(1300),(310),(1400),(2100),(1500),13.85,4.15,3.73,0.41,210,110,1000,1900,180,"[""ぶり"",""ブリ"",""鰤"",""yellowtail"",""amberjack""]",ぶり,成魚・焼き,Yellowtail,"Adult, Grilled",266.15,,,,,,,,,TRUE,魚介類 > ぶり
10,10243,＜魚類＞　ぶり　はまち　養殖　皮つき　生,61.5,20.7,17.2,(0),1.1,217,19,210,38,340,29,1.0,0.8,0.09,0.01,14,32,32,4,4.6,0.16,0.21,9.0,0.45,4.6,9,0.99,"{""baseName"":""ぶり"",""variety"":""はまち"",""formModifiers"":[""皮つき""],""productionMethod"":""養殖"",""state"":""生"",""notes"":[""魚類""]}",ぶり（はまち）は良質な魚のタンパク源で犬に適した素材,9,1,1,920,1500,1800,590,200,790,800,680,1500,990,230,1000,1300,1300,12.84,3.05,1.88,1.08,880,120,450,910,85,"[""ぶり"",""ブリ"",""鰤"",""はまち"",""ハマチ"",""yellowtail"",""amberjack""]",はまち,皮つき・生,Hamachi (Yellowtail),"Skin-on, Raw",218.65,,,,175167,"Fish, salmon, Atlantic, farmed, raw",1.1157798963153096,,78.5,TRUE,魚介類 > ぶり
10,10411,＜魚類＞　ぶり　はまち　養殖　皮なし　生,66.4,21.0,12.0,(0),1.1,180,5,220,36,390,29,1.1,0.5,0.10,0.01,14,35,41,4.4,5.5,0.17,0.23,7.9,0.53,6.6,9,0.99,"{""baseName"":""ぶり"",""variety"":""はまち"",""formModifiers"":[""皮なし""],""productionMethod"":""養殖"",""state"":""生"",""notes"":[""魚類""]}",良質な動物性たんぱく源で犬に適した魚類である,9,1,1,990,1600,1900,600,220,820,820,720,1500,990,250,1100,1500,1200,9.49,2.57,1.66,0.84,680,99,390,830,70,"[""ぶり"",""ブリ"",""鰤"",""はまち"",""ハマチ"",""yellowtail"",""amberjack""]",はまち,皮なし・生,Hamachi (Yellowtail),"Skinless, Raw",175.5,,,,175159,,,,65,TRUE,魚介類 > ぶり
10,10244,＜魚類＞　ほうぼう　生,74.9,19.6,4.2,(0),1.3,110,42,200,110,380,34,0.4,0.5,0.04,0.05,-,-,9,3,0.5,0.09,0.15,5.0,0.44,2.2,5,0.82,"{""baseName"":""ほうぼう"",""state"":""生"",""notes"":[""魚類""]}",ほうぼう（魚）は良質な魚のたんぱく源で犬の食材として適している。,9,1,1,(900),(1500),(1800),(610),(230),(830),(770),(660),(1400),(860),(210),(1000),(530),(1200),2.85,0.85,0.73,0.12,16,6,190,420,77,"[""ほうぼう"",""ホウボウ"",""gurnard"",""sea robin""]",ほうぼう,,Gurnard,,104.3,,,,175141,"Fish, scup, raw",0.7324835280521556,,65,TRUE,魚介類 > ほうぼう
10,10245,＜魚類＞　ホキ　生,80.4,17.0,1.3,(0),1.3,78,20,160,160,330,24,0.3,0.4,0.02,0.01,-,-,43,1,0.9,0.03,0.16,1.3,0.07,0.7,13,0.42,"{""baseName"":""ホキ"",""state"":""生"",""notes"":[""魚類""]}",ホキは白身の良質なたんぱく源。骨は除去して調理すれば適切。,9,1,1,(780),(1300),(1600),(530),(200),(720),(670),(570),(1200),(750),(190),(860),(460),(1000),0.95,0.29,0.26,0.03,14,6,58,170,14,"[""ほき"",""ホキ"",""hoki"",""blue grenadier""]",ホキ,,Hoki,,70.55,,,,173725,"Fish, pollock, Alaska, raw",0.7177734475848607,,,TRUE,魚介類 > ホキ
10,10246,＜魚類＞　ほっけ　生,77.1,17.3,4.4,(0),1.1,103,22,220,81,360,33,0.4,1.1,0.10,0.01,-,-,25,3,1.7,0.09,0.17,2.5,0.17,11.0,9,1.16,"{""baseName"":""ほっけ"",""state"":""生"",""notes"":[""魚類""]}",ほっけは良質な魚タンパク源（調理と骨・内臓の除去が前提）,9,1,1,880,1500,1800,530,190,720,720,660,1400,890,180,980,530,1100,3.10,1.19,1.09,0.10,37,17,450,530,57,"[""ほっけ"",""ホッケ"",""hokke"",""atka mackerel""]",ほっけ,生,Atka Mackerel,Raw,98.3,,,,174235,"Fish, lingcod, cooked, dry heat",1.127770474699279,,,TRUE,魚介類 > ほっけ
10,10248,＜魚類＞　ほっけ　開き干し　生,67.0,20.6,9.4,(0),3.0,161,170,330,690,390,37,0.5,0.9,0.05,0.03,15,31,30,4.6,1.3,0.10,0.24,3.5,0.21,5.3,7,0.65,"{""baseName"":""ほっけ"",""variety"":""開き干し"",""state"":""生"",""notes"":[""魚類""]}",ほっけの開き干しは魚類として素材になるが加工で塩分が含まれる可能性がある,8,1,1,950,1700,1900,630,220,860,840,750,1600,1100,220,1100,550,1400,7.92,2.45,2.14,0.20,100,81,960,740,65,"[""ほっけ"",""ホッケ"",""開き干しほっけ"",""開きほっけ"",""hokke"",""atka mackerel""]",ほっけ,開き干し・生,Atka Mackerel,"Split-dried, Raw",152,,,,173673,"Fish, mackerel, spanish, raw",1.287360721611182,,50.5,TRUE,魚介類 > ほっけ　開き干し　生
10,10412,＜魚類＞　ほっけ　開き干し　焼き,63.7,23.1,10.9,(0),3.3,179,180,360,770,410,41,0.6,1.0,0.06,0.03,17,34,39,3.5,1.6,0.14,0.26,3.7,0.17,5.3,11,0.65,"{""baseName"":""ほっけ"",""variety"":""開き干し"",""state"":""焼き"",""notes"":[""魚類""]}",焼きほっけは良質な魚類の一つでたんぱく源として利用可能。,8,1,1,1000,1800,2100,680,240,920,920,820,1700,1100,240,1200,590,1500,9.00,2.76,2.40,0.23,120,88,1100,860,80,"[""ほっけ"",""ホッケ"",""開き干しほっけ"",""開きほっけ"",""hokke"",""atka mackerel""]",ほっけ,開き干し・焼き,Atka Mackerel,"Split-dried, Grilled",173.5,,,,173674,"Fish, mackerel, spanish, cooked, dry heat",1.211868396381858,,,TRUE,魚介類 > ほっけ　開き干し　焼き
10,10249,＜魚類＞　ぼら　生,74.7,19.2,5.0,(0),1.0,119,17,170,87,330,24,0.7,0.5,0.06,0.01,-,-,8,10.0,1.6,0.16,0.26,4.5,0.43,4.7,4,0.66,"{""baseName"":""ぼら"",""state"":""生"",""notes"":[""魚類""]}",魚類は良質なたんぱく源でレシピ素材として適切（調理時に骨を除く必要あり）,9,1,1,910,1500,1700,540,240,780,710,610,1300,850,210,1000,600,1100,4.13,1.56,1.37,0.19,130,42,370,590,48,"[""ぼら"",""ボラ"",""mullet""]",ぼら,,Mullet,,110.05,,,,,,,,,TRUE,魚介類 > ぼら
10,10251,＜魚類＞　ほんもろこ　生,75.1,17.5,4.1,(0),3.2,103,850,640,86,320,39,1.3,3.4,0.07,0.21,-,-,250,5,2.9,0.03,0.20,2.5,0.13,9.0,37,0.73,"{""baseName"":""ほんもろこ"",""state"":""生"",""notes"":[""魚類""]}",小型の魚で良質な動物性タンパク源だが、骨や寄生虫に注意して調理する必要がある,8,1,1,(860),(1400),(1700),(530),(190),(720),(750),(610),(1400),(790),(170),(930),(500),(1000),3.10,1.06,0.69,0.36,140,140,200,170,160,"[""ほんもろこ"",""ホンモロコ"",""honmoroko""]",ほんもろこ,,Honmoroko,,96.45,,,,,,,,,TRUE,魚介類 > ほんもろこ
10,10252,＜魚類＞　（まぐろ類）　きはだ　生,74.0,24.3,1.0,(0),1.3,102,5,290,43,450,37,2.0,0.5,0.06,0.01,14,74,2,6,0.4,0.15,0.09,18.0,0.64,5.8,5,0.36,"{""baseName"":""きはだ"",""state"":""生"",""notes"":[""魚類"",""まぐろ類""]}",生のまぐろは良質な動物性タンパク源で犬の素材として適切,9,1,1,1100,1800,2100,720,240,960,910,830,1700,1200,270,1200,2100,1400,0.59,0.25,0.21,0.04,6,3,32,150,18,"[""きはだ"",""キハダ"",""きはだまぐろ"",""キハダマグロ"",""yellowfin tuna"",""yellowfin""]",きはだまぐろ,,Yellowfin Tuna,,93.55,29,15121,"Fish, tuna, light, canned in water, drained solids",175159,"Fish, tuna, fresh, yellowfin, raw",0.9348497213815503,,65,TRUE,魚介類 > （まぐろ類）　きはだ　生
10,10253,＜魚類＞　（まぐろ類）　くろまぐろ　天然　赤身　生,70.4,26.4,1.4,(0),1.7,115,5,270,49,380,45,1.1,0.4,0.04,0.01,14,110,83,5,0.8,0.10,0.05,14.0,0.85,1.3,8,0.41,"{""baseName"":""くろまぐろ"",""variety"":""赤身"",""productionMethod"":""天然"",""state"":""生"",""notes"":[""魚類"",""まぐろ類""]}",本鮪赤身は高品質なたんぱく源で犬のレシピ素材として適切,9,1,1,1200,2000,2300,760,260,1000,980,890,1900,1200,300,1400,2500,1500,0.73,0.19,0.17,0.03,8,3,27,120,16,"[""くろまぐろ"",""クロマグロ"",""本まぐろ"",""本マグロ"",""まぐろ"",""マグロ"",""tuna"",""bluefin tuna"",""赤身まぐろ"",""赤身まぐろ""]",本まぐろ,天然・赤身・生,Bluefin Tuna,"Wild, Lean, Raw",104.65,29,15121,"Fish, tuna, light, canned in water, drained solids",173706,,,,65,TRUE,魚介類 > （まぐろ類）　くろまぐろ　天然　赤身　生
10,10254,＜魚類＞　（まぐろ類）　くろまぐろ　天然　脂身　生,51.4,20.1,27.5,(0),0.9,308,7,180,71,230,35,1.6,0.5,0.04,Tr,-,-,270,18.0,1.5,0.04,0.07,9.8,0.82,1.0,8,0.47,"{""baseName"":""くろまぐろ"",""formModifiers"":[""脂身""],""productionMethod"":""天然"",""state"":""生"",""notes"":[""魚類"",""まぐろ類""]}",天然の脂身を含む本マグロは高品質なタンパク質と脂質を供給する優れた素材である。,9,1,1,910,1500,1800,570,210,780,750,680,1400,920,230,1100,1700,1100,22.52,6.41,5.81,0.60,340,210,1400,3200,170,"[""くろまぐろ"",""クロマグロ"",""本まぐろ"",""本マグロ"",""まぐろ"",""マグロ"",""tuna"",""bluefin tuna"",""トロ"",""脂身まぐろ""]",本まぐろ,天然・脂身・生,Bluefin Tuna,"Wild, Fatty (Toro), Raw",304.45,29,15121,"Fish, tuna, light, canned in water, drained solids",171987,"Fish, tuna, white, canned in oil, without salt, drained solids",1.3266250725650972,,,TRUE,魚介類 > （まぐろ類）　くろまぐろ　天然　脂身　生
10,10450,＜魚類＞　（まぐろ類）　くろまぐろ　養殖　赤身　生,68.8,24.8,7.6,0,1.3,153,3,270,28,430,38,0.8,0.5,0.02,Tr,31,79,840,4,1.5,0.16,0.05,15.0,0.51,2.5,10,0.27,"{""baseName"":""くろまぐろ"",""variety"":""赤身"",""productionMethod"":""養殖"",""state"":""生"",""notes"":[""魚類"",""まぐろ類""]}",良質な赤身の魚で良好なタンパク源。犬のレシピ素材として適している。,9,1,1,1000,1800,2200,690,250,940,900,850,1700,1100,290,1300,2300,1400,6.41,2.15,1.87,0.27,93,64,420,1000,85,"[""くろまぐろ"",""クロマグロ"",""本まぐろ"",""本マグロ"",""まぐろ"",""マグロ"",""tuna"",""bluefin tuna"",""赤身まぐろ""]",本まぐろ,養殖・赤身・生,Bluefin Tuna,"Farmed, Lean, Raw",151.4,29,15121,"Fish, tuna, light, canned in water, drained solids",175159,"Fish, tuna, fresh, yellowfin, raw",1.6956630828983577,,65,TRUE,魚介類 > （まぐろ類）　くろまぐろ　養殖　赤身　生
10,10451,＜魚類＞　（まぐろ類）　くろまぐろ　養殖　赤身　水煮,64.1,27.2,8.3,0,1.2,173,3,270,25,400,38,1.0,0.6,0.02,Tr,34,88,900,4.1,1.8,0.16,0.04,14.0,0.40,3.2,12,0.28,"{""baseName"":""くろまぐろ"",""variety"":""赤身"",""productionMethod"":""養殖"",""state"":""水煮"",""notes"":[""魚類"",""まぐろ類""]}",水煮のまぐろ赤身は良質なタンパク源で保存性も高く使いやすい,9,1,1,950,2100,2500,780,270,1100,1000,950,2000,1300,320,1400,2300,1500,6.53,1.90,1.62,0.26,95,64,370,880,84,"[""くろまぐろ"",""クロマグロ"",""本まぐろ"",""本マグロ"",""まぐろ"",""マグロ"",""tuna"",""bluefin tuna"",""赤身まぐろ""]",本まぐろ,養殖・赤身・水煮,Bluefin Tuna,"Farmed, Lean, Boiled in Water",165.75,29,15121,"Fish, tuna, light, canned in water, drained solids",171987,"Fish, tuna, white, canned in oil, without salt, drained solids",1.4385824566157162,,,TRUE,魚介類 > （まぐろ類）　くろまぐろ　養殖　赤身　水煮
10,10452,＜魚類＞　（まぐろ類）　くろまぐろ　養殖　赤身　蒸し,62.0,28.0,9.9,0,1.2,187,3,270,26,410,39,0.9,0.6,0.02,0.01,38,91,990,4.3,1.9,0.17,0.04,15.0,0.31,3.4,11,0.27,"{""baseName"":""くろまぐろ"",""variety"":""赤身"",""productionMethod"":""養殖"",""state"":""蒸し"",""notes"":[""魚類"",""まぐろ類""]}",蒸したまぐろは良質な動物性タンパクで犬のレシピ素材として適切,9,1,1,1200,2100,2500,800,280,1100,1000,950,2000,1300,340,1400,2300,1600,7.72,2.13,1.81,0.30,110,76,410,970,92,"[""くろまぐろ"",""クロマグロ"",""黒マグロ"",""黒鮪"",""本マグロ"",""まぐろ"",""マグロ"",""鮪"",""tuna"",""bluefin tuna"",""赤身"",""あかみ"",""アカミ"",""養殖"",""養殖まぐろ""]",クロマグロ,養殖・赤身・蒸し,Bluefin tuna,"Farmed, Lean, Steamed",182.15,29,15121,"Fish, tuna, light, canned in water, drained solids",175159,"Fish, tuna, fresh, yellowfin, raw",2.2075248548405906,,65,TRUE,魚介類 > マグロ
10,10453,＜魚類＞　（まぐろ類）　くろまぐろ　養殖　赤身　電子レンジ調理,60.0,30.4,8.7,0,1.4,191,4,310,33,490,44,1.1,0.6,0.02,0.01,39,94,970,4.3,1.8,0.19,0.05,18.0,0.29,3.4,9,0.25,"{""baseName"":""くろまぐろ"",""variety"":""赤身"",""productionMethod"":""養殖"",""state"":""電子レンジ調理"",""notes"":[""魚類"",""まぐろ類""]}",くろまぐろ（赤身・電子レンジ調理済）は加熱された魚で良質なたんぱく源、犬の素材として非常に適している。,10,1,1,1200,2200,2700,850,300,1100,1100,1000,2100,1400,360,1600,2600,1700,6.93,2.12,1.82,0.28,100,67,420,990,89,"[""くろまぐろ"",""クロマグロ"",""黒マグロ"",""黒鮪"",""本マグロ"",""まぐろ"",""マグロ"",""鮪"",""tuna"",""bluefin tuna"",""赤身"",""あかみ"",""アカミ"",""養殖"",""養殖まぐろ""]",クロマグロ,養殖・赤身・電子レンジ調理,Bluefin tuna,"Farmed, Lean, Microwaved",180.35,29,15121,"Fish, tuna, light, canned in water, drained solids",175159,"Fish, tuna, fresh, yellowfin, raw",1.747346302554981,,65,TRUE,魚介類 > マグロ
10,10454,＜魚類＞　（まぐろ類）　くろまぐろ　養殖　赤身　焼き,59.6,29.0,10.6,0,1.4,202,3,290,33,500,42,0.9,0.6,0.02,0.01,42,94,1100,5,2.0,0.19,0.04,19.0,0.33,3.3,11,0.33,"{""baseName"":""くろまぐろ"",""variety"":""赤身"",""productionMethod"":""養殖"",""state"":""焼き"",""notes"":[""魚類"",""まぐろ類""]}",焼きの赤身まぐろは良質なタンパク源で犬のレシピ素材として適している。,9,1,1,1200,2100,2600,830,300,1100,1100,1000,2100,1400,340,1500,2600,1600,8.80,2.74,2.36,0.36,130,88,540,1300,120,"[""くろまぐろ"",""クロマグロ"",""黒マグロ"",""黒鮪"",""本マグロ"",""まぐろ"",""マグロ"",""鮪"",""tuna"",""bluefin tuna"",""赤身"",""あかみ"",""アカミ"",""養殖"",""養殖まぐろ""]",クロマグロ,養殖・赤身・焼き,Bluefin tuna,"Farmed, Lean, Grilled",191.6,29,15121,"Fish, tuna, light, canned in water, drained solids",175159,"Fish, tuna, fresh, yellowfin, raw",2.214326977848496,,65,TRUE,魚介類 > マグロ
10,10455,＜魚類＞　（まぐろ類）　くろまぐろ　養殖　赤身　ソテー,61.6,28.0,10.2,0,1.4,194,3,300,29,470,43,0.9,0.6,0.02,0.01,36,90,910,4.4,1.9,0.18,0.05,17.0,0.42,3.2,10,0.25,"{""baseName"":""くろまぐろ"",""variety"":""赤身"",""productionMethod"":""養殖"",""state"":""ソテー"",""notes"":[""魚類"",""まぐろ類""]}",赤身のまぐろ（ソテー）は良質なタンパク質で犬のレシピ素材として適している,9,1,1,1100,2100,2500,780,270,1100,1000,960,2000,1300,330,1400,2500,1600,8.78,2.87,2.30,0.54,320,180,500,1200,110,"[""くろまぐろ"",""クロマグロ"",""黒マグロ"",""黒鮪"",""本マグロ"",""まぐろ"",""マグロ"",""鮪"",""tuna"",""bluefin tuna"",""赤身"",""あかみ"",""アカミ"",""養殖"",""養殖まぐろ""]",クロマグロ,養殖・赤身・ソテー,Bluefin tuna,"Farmed, Lean, Sautéed",184.7,29,15121,"Fish, tuna, light, canned in water, drained solids",172006,"Fish, tuna, yellowfin, fresh, cooked, dry heat",2.0634788877159793,,77.6,TRUE,魚介類 > マグロ
10,10459,＜魚類＞　（まぐろ類）　くろまぐろ　養殖　脂身　生,52.6,18.6,28.9,-,0.9,321,4,190,41,330,26,0.6,0.6,0.01,0.01,73,73,580,20.8,7.2,0.14,0.05,11.4,0.43,1.9,9,0.47,"{""baseName"":""くろまぐろ"",""formModifiers"":[""脂身""],""productionMethod"":""養殖"",""state"":""生"",""notes"":[""魚類"",""まぐろ類""]}",良質な魚のタンパク・脂肪源だが大型魚は重金属蓄積の懸念があるため注意,8,1,1,800,1400,1600,550,190,190,690,630,1300,880,210,920,1600,1100,25.88,9.53,8.14,1.19,400,210,2100,4500,400,"[""くろまぐろ"",""クロマグロ"",""黒マグロ"",""黒鮪"",""本マグロ"",""まぐろ"",""マグロ"",""鮪"",""tuna"",""bluefin tuna"",""脂身"",""あぶらみ"",""アブラミ"",""トロ"",""とろ"",""toro"",""養殖"",""養殖まぐろ""]",クロマグロ,養殖・脂身・生,Bluefin tuna,"Farmed, Fatty, Raw",310.75,29,15121,"Fish, tuna, light, canned in water, drained solids",175159,"Fish, tuna, fresh, yellowfin, raw",1.9300336043071784,,65,TRUE,魚介類 > マグロ
10,10460,＜魚類＞　（まぐろ類）　くろまぐろ　養殖　脂身　水煮,47.8,21.4,27.1,-,0.9,330,3,190,33,290,26,0.7,0.6,0.02,0.01,93,78,15,51.6,0.9,0.11,0.18,6.5,0.16,7.1,7,0.45,"{""baseName"":""くろまぐろ"",""formModifiers"":[""脂身""],""productionMethod"":""養殖"",""state"":""水煮"",""notes"":[""魚類"",""まぐろ類""]}",脂身の多いまぐろの水煮は良質なたんぱく・脂質源で素材として適している,9,1,1,960,1600,1900,620,210,820,810,740,1600,1000,250,1100,1600,1300,23.83,8.47,7.22,1.07,380,190,1900,3900,350,"[""くろまぐろ"",""クロマグロ"",""黒マグロ"",""黒鮪"",""本マグロ"",""まぐろ"",""マグロ"",""鮪"",""tuna"",""bluefin tuna"",""脂身"",""あぶらみ"",""アブラミ"",""トロ"",""とろ"",""toro"",""養殖"",""養殖まぐろ""]",クロマグロ,養殖・脂身・水煮,Bluefin tuna,"Farmed, Fatty, Boiled in Water",315.05,29,15121,"Fish, tuna, light, canned in water, drained solids",171987,"Fish, tuna, white, canned in oil, without salt, drained solids",1.6251981919906364,,,TRUE,魚介類 > マグロ
10,10461,＜魚類＞　（まぐろ類）　くろまぐろ　養殖　脂身　蒸し,50.2,21.8,27.3,-,3.1,313,75,250,760,450,47,0.9,0.8,0.08,0.01,47,62,15,18.9,7.1,0.16,0.05,11.6,0.27,2.1,5,0.46,"{""baseName"":""くろまぐろ"",""formModifiers"":[""脂身""],""productionMethod"":""養殖"",""state"":""蒸し"",""notes"":[""魚類"",""まぐろ類""]}",蒸しマグロは良質な魚由来のたんぱく・脂肪源で、犬に適した素材。,9,1,1,920,1500,1800,590,200,790,770,700,1500,970,230,1100,1600,1200,24.19,8.80,7.50,1.10,390,190,2000,4000,370,"[""くろまぐろ"",""クロマグロ"",""黒マグロ"",""黒鮪"",""本マグロ"",""まぐろ"",""マグロ"",""鮪"",""tuna"",""bluefin tuna"",""脂身"",""あぶらみ"",""アブラミ"",""トロ"",""とろ"",""toro"",""養殖"",""養殖まぐろ""]",クロマグロ,養殖・脂身・蒸し,Bluefin tuna,"Farmed, Fatty, Steamed",308.35,29,15121,"Fish, tuna, light, canned in water, drained solids",,,,,,TRUE,魚介類 > マグロ
10,10462,＜魚類＞　（まぐろ類）　くろまぐろ　養殖　脂身　電子レンジ調理,48.1,23.1,22.7,-,1.1,307,4,220,40,350,31,0.8,0.6,0.02,0.01,87,89,750,21.2,5.6,0.15,0.05,12.9,0.3,2,4,0.62,"{""baseName"":""くろまぐろ"",""formModifiers"":[""脂身""],""productionMethod"":""養殖"",""state"":""電子レンジ調理"",""notes"":[""魚類"",""まぐろ類""]}",くろまぐろの脂身は良質なたんぱく質と脂肪酸を含むが大型魚のため使用量に配慮が必要。,9,1,1,1000,1700,2100,680,230,920,870,800,1700,1100,260,1200,1900,1300,19.80,7.09,6.04,0.90,320,160,1600,3200,300,"[""くろまぐろ"",""クロマグロ"",""黒マグロ"",""黒鮪"",""本マグロ"",""まぐろ"",""マグロ"",""鮪"",""tuna"",""bluefin tuna"",""脂身"",""あぶらみ"",""アブラミ"",""トロ"",""とろ"",""toro"",""養殖"",""養殖まぐろ""]",クロマグロ,養殖・脂身・電子レンジ調理,Bluefin tuna,"Farmed, Fatty, Microwaved",291.3,29,15121,"Fish, tuna, light, canned in water, drained solids",175159,"Fish, tuna, fresh, yellowfin, raw",1.7655729640651892,,65,TRUE,魚介類 > マグロ
10,10463,＜魚類＞　（まぐろ類）　くろまぐろ　養殖　脂身　焼き,46.4,23,28.4,-,1.1,342,4,230,39,360,31,0.7,0.7,0.02,0.01,100,83,800,20.7,7,0.16,0.05,12.9,0.32,2.2,5,0.48,"{""baseName"":""くろまぐろ"",""formModifiers"":[""脂身""],""productionMethod"":""養殖"",""state"":""焼き"",""notes"":[""魚類"",""まぐろ類""]}",焼きまぐろは良質な魚由来のたんぱく質・脂肪酸源で利用しやすい,9,1,1,990,1600,2000,630,210,840,830,760,1600,1000,250,1100,1900,1300,25.38,9.23,7.86,1.16,400,200,2100,4300,390,"[""くろまぐろ"",""クロマグロ"",""黒マグロ"",""黒鮪"",""本マグロ"",""まぐろ"",""マグロ"",""鮪"",""tuna"",""bluefin tuna"",""脂身"",""あぶらみ"",""アブラミ"",""トロ"",""とろ"",""toro"",""養殖"",""養殖まぐろ""]",クロマグロ,養殖・脂身・焼き,Bluefin tuna,"Farmed, Fatty, Grilled",325.75,29,15121,"Fish, tuna, light, canned in water, drained solids",175159,"Fish, tuna, fresh, yellowfin, raw",1.7909833808403168,,65,TRUE,魚介類 > マグロ
10,10464,＜魚類＞　（まぐろ類）　くろまぐろ　養殖　脂身　ソテー,45.7,24.3,27.8,-,1.2,339,4,240,43,380,33,0.7,0.8,0.02,0.01,89,89,710,20.4,6.6,0.15,0.05,13,0.31,2.2,6,0.45,"{""baseName"":""くろまぐろ"",""formModifiers"":[""脂身""],""productionMethod"":""養殖"",""state"":""ソテー"",""notes"":[""魚類"",""まぐろ類""]}",養殖の脂身をソテーしたまぐろは良質な動物性タンパクで犬のレシピに適している,9,1,1,1100,1800,2100,700,240,930,900,820,1700,1100,270,1200,2000,1400,24.31,8.60,7.18,1.24,540,250,1800,3900,360,"[""くろまぐろ"",""クロマグロ"",""黒マグロ"",""黒鮪"",""本マグロ"",""まぐろ"",""マグロ"",""鮪"",""tuna"",""bluefin tuna"",""脂身"",""あぶらみ"",""アブラミ"",""トロ"",""とろ"",""toro"",""養殖"",""養殖まぐろ""]",クロマグロ,養殖・脂身・ソテー,Bluefin tuna,"Farmed, Fatty, Sautéed",324.85,29,15121,"Fish, tuna, light, canned in water, drained solids",175159,"Fish, tuna, fresh, yellowfin, raw",1.7904206966855654,,65,TRUE,魚介類 > マグロ
10,10255,＜魚類＞　（まぐろ類）　びんなが　生,71.8,26.0,0.7,(0),1.3,111,9,310,38,440,41,0.9,0.5,0.05,0.01,12,71,4,7,0.7,0.13,0.10,21.0,0.94,2.8,4,0.31,"{""baseName"":""びんなが"",""state"":""生"",""notes"":[""魚類"",""まぐろ類""]}",びんなが（まぐろ類）は良質な魚性タンパク源で使用可能,9,1,1,1200,2000,2300,750,290,1000,1000,910,1900,1300,320,1400,1600,1500,0.58,0.23,0.21,0.03,7,3,43,140,9,"[""びんなが"",""ビンナガ"",""ビンナガマグロ"",""びんながまぐろ"",""まぐろ"",""マグロ"",""鮪"",""tuna"",""albacore"",""albacore tuna""]",ビンナガ（びんなが）,生,Albacore tuna,Raw,97.65,,,,175159,"Fish, tuna, fresh, yellowfin, raw",0.7539512290099449,,65,TRUE,魚介類 > マグロ
10,10256,＜魚類＞　（まぐろ類）　みなみまぐろ　赤身　生,77.0,21.6,0.4,(0),1.2,88,5,240,43,400,27,1.8,0.4,0.04,0.01,5,73,6,4,1.0,0.03,0.05,11.0,1.08,2.2,5,0.30,"{""baseName"":""みなみまぐろ"",""variety"":""赤身"",""state"":""生"",""notes"":[""魚類"",""まぐろ類""]}",みなみまぐろ（赤身）は良質な動物性タンパク源で適切,9,1,1,950,1600,1800,580,220,800,780,740,1500,980,260,1100,1200,1200,0.20,0.09,0.08,0.01,2,Tr,10,64,6,"[""みなみまぐろ"",""ミナミマグロ"",""南まぐろ"",""南鮪"",""まぐろ"",""マグロ"",""鮪"",""tuna"",""southern bluefin tuna"",""赤身"",""あかみ"",""アカミ""]",ミナミマグロ,赤身・生,Southern bluefin tuna,"Lean, Raw",79,,,,171986,"Fish, tuna, light, canned in water, without salt, drained solids",1.9580942673272743,,,TRUE,魚介類 > マグロ
10,10257,＜魚類＞　（まぐろ類）　みなみまぐろ　脂身　生,50.3,20.3,28.3,(0),1.0,322,9,210,44,280,29,0.6,0.4,0.05,0.01,38,120,34,5,1.5,0.10,0.06,11.0,1.00,1.5,4,0.29,"{""baseName"":""みなみまぐろ"",""formModifiers"":[""脂身""],""state"":""生"",""notes"":[""魚類"",""まぐろ類""]}",脂のあるまぐろは良質なタンパクと脂質源で使用可能だが、与え方は調整が望ましい,9,1,1,930,1500,1800,560,210,780,770,710,1500,970,240,1100,1200,1200,24.36,7.68,6.77,0.84,280,100,1600,4000,250,"[""みなみまぐろ"",""ミナミマグロ"",""南まぐろ"",""南鮪"",""まぐろ"",""マグロ"",""鮪"",""tuna"",""southern bluefin tuna"",""脂身"",""あぶらみ"",""アブラミ"",""トロ"",""とろ"",""toro""]",ミナミマグロ,脂身・生,Southern bluefin tuna,"Fatty, Raw",311.95,,,,171987,"Fish, tuna, white, canned in oil, without salt, drained solids",1.359225416469993,,,TRUE,魚介類 > マグロ
10,10258,＜魚類＞　（まぐろ類）　めじまぐろ　生,68.7,25.2,4.8,(0),1.2,139,9,290,42,410,40,1.8,0.5,0.09,0.01,-,-,61,12.0,1.2,0.19,0.19,19.0,0.73,6.9,6,0.59,"{""baseName"":""めじまぐろ"",""state"":""生"",""notes"":[""魚類"",""まぐろ類""]}",良質な動物性たんぱく源。生魚のため寄生虫や鮮度管理に注意が必要。,9,1,1,(1100),(1900),(2200),(710),(260),(980),(940),(830),(1800),(1100),(300),(1300),(1900),(1400),3.63,1.55,1.36,0.17,51,34,310,850,61,"[""めじまぐろ"",""メジマグロ"",""めじ"",""メジ"",""まぐろ"",""マグロ"",""鮪"",""tuna"",""young tuna"",""juvenile tuna""]",メジマグロ,生,Meji tuna,Raw,129.35,,,,173706,"Fish, tuna, fresh, bluefin, raw",0.891968528076427,,65,TRUE,魚介類 > マグロ
10,10425,＜魚類＞　（まぐろ類） めばち　赤身　生,72.2,25.4,2.3,(0),1.3,115,3,270,39,440,35,0.9,0.4,0.03,Tr,18,75,17,3.6,0.9,0.09,0.05,15.0,0.76,1.4,5,0.15,"{""baseName"":""（まぐろ類） めばち"",""variety"":""赤身"",""state"":""生"",""notes"":[""魚類""]}",赤身のまぐろは良質なたんぱく源。ただし生は寄生虫などのリスクがあるため加熱が望ましい,8,1,1,1200,2000,2300,760,270,1000,1000,930,1900,1300,320,1400,1700,1500,1.61,0.57,0.49,0.07,13,5,80,370,34,"[""めばちまぐろ"",""めばち"",""メバチマグロ"",""メバチ"",""まぐろ"",""マグロ"",""鮪"",""tuna"",""bigeye tuna"",""赤身"",""あかみ"",""アカミ""]",メバチマグロ,赤身・生,Bigeye tuna,"Lean, Raw",108.45,,,,175159,"Fish, tuna, fresh, yellowfin, raw",1.6123859220741652,,65,TRUE,魚介類 > マグロ
10,10426,＜魚類＞　（まぐろ類） めばち　脂身　生,67.8,23.9,7.5,(0),1.2,158,4,240,100,400,31,0.7,0.4,0.03,Tr,42,74,37,8.1,2.0,0.07,0.05,13.0,0.80,1.0,5,0.17,"{""baseName"":""（まぐろ類） めばち"",""formModifiers"":[""脂身""],""state"":""生"",""notes"":[""魚類""]}",めばちまぐろの脂身は良質な脂肪酸とたんぱくを含む優れた魚素材,9,1,1,1000,1800,2100,680,250,920,910,830,1700,1200,280,1200,1500,1400,6.48,2.07,1.79,0.27,48,17,320,1300,120,"[""めばちまぐろ"",""めばち"",""メバチマグロ"",""メバチ"",""まぐろ"",""マグロ"",""鮪"",""tuna"",""bigeye tuna"",""脂身"",""あぶらみ"",""アブラミ"",""トロ"",""とろ"",""toro""]",メバチマグロ,脂身・生,Bigeye tuna,"Fatty, Raw",147.4,,,,175159,"Fish, tuna, fresh, yellowfin, raw",1.808025955846338,,65,TRUE,魚介類 > マグロ
10,10260,＜魚類＞　（まぐろ類）　缶詰　水煮　フレーク　ライト,82.0,16.0,0.7,(0),1.1,70,5,160,210,230,26,0.6,0.7,0.05,0.01,-,-,10,3,0.4,0.01,0.04,9.5,0.26,1.1,4,0.13,"{""baseName"":""フレーク"",""variety"":""ライト"",""state"":""水煮"",""notes"":[""魚類"",""まぐろ類""]}",水煮のツナ（きはだ）は加熱済みの良質な魚タンパク源で利用しやすいため,9,1,1,(700),(1200),(1400),(450),(170),(620),(600),(530),(1100),(700),(190),(800),(1200),(900),0.48,0.18,0.15,0.03,5,2,20,120,13,"[""フレーク"",""まぐろフレーク"",""ツナフレーク"",""ツナ缶"",""ツナ"",""缶詰"",""まぐろ缶"",""tuna flakes"",""canned tuna"",""tuna"",""light"",""ライト""]",ツナフレーク,缶詰・水煮・ライト,Tuna flakes,"Canned, Water-packed, Light",62.65,29,15121,"Fish, tuna, light, canned in water, drained solids",,,,,,TRUE,魚介類 > ツナ缶
10,10261,＜魚類＞　（まぐろ類）　缶詰　水煮　フレーク　ホワイト,77.6,18.3,2.5,(0),1.2,96,6,200,260,280,34,1.0,0.7,0.04,0.02,-,-,Tr,2,0.4,0.07,0.03,11.0,0.15,1.4,7,0.13,"{""baseName"":""フレーク"",""variety"":""ホワイト"",""state"":""水煮"",""notes"":[""魚類"",""まぐろ類""]}",ツナ缶（水煮・フレーク）は魚由来の良質なたんぱく源で料理素材として使いやすい,9,1,1,(800),(1400),(1600),(520),(190),(710),(680),(600),(1300),(800),(210),(920),(1300),(1000),2.08,0.73,0.62,0.11,41,12,110,440,29,"[""フレーク"",""まぐろフレーク"",""ツナフレーク"",""ツナ缶"",""ツナ"",""缶詰"",""まぐろ缶"",""tuna flakes"",""canned tuna"",""tuna"",""white"",""ホワイト""]",ツナフレーク,缶詰・水煮・ホワイト,Tuna flakes,"Canned, Water-packed, White",86.7,,,,171988,"Fish, tuna, white, canned in water, without salt, drained solids",1.7975607008221473,,,TRUE,魚介類 > ツナ缶
10,10263,＜魚類＞　（まぐろ類）　缶詰　油漬　フレーク　ライト,59.1,17.7,21.7,(0),1.4,265,4,160,340,230,25,0.5,0.3,0.04,0.01,-,-,8,2,2.8,0.01,0.03,8.8,0.26,1.1,3,0.09,"{""baseName"":""油漬"",""variety"":""フレーク ライト"",""state"":""缶詰"",""notes"":[""魚類"",""まぐろ類""]}",ツナ缶（油漬）は良質なタンパク源だが塩分や油分に留意すべき加工魚類,8,1,1,(770),(1300),(1500),(500),(190),(690),(660),(580),(1200),(770),(210),(890),(1300),(990),20.40,12.16,1.40,10.76,11000,1300,14,65,11,"[""フレーク"",""まぐろフレーク"",""ツナフレーク"",""ツナ缶"",""ツナ"",""缶詰"",""まぐろ缶"",""tuna flakes"",""canned tuna"",""tuna"",""light"",""ライト""]",ツナフレーク,缶詰・油漬・ライト,Tuna flakes,"Canned, Oil-packed, Light",246.75,29,15121,"Fish, tuna, light, canned in water, drained solids",171987,"Fish, tuna, white, canned in oil, without salt, drained solids",2.212912443544669,,,TRUE,魚介類 > ツナ缶
10,10264,＜魚類＞　（まぐろ類）　缶詰　油漬　フレーク　ホワイト,56.0,18.8,23.6,(0),1.5,279,2,270,370,190,27,1.8,0.4,0.03,0.02,-,-,Tr,4,8.3,0.05,0.13,12.0,0.15,2.0,2,0.12,"{""baseName"":""油漬"",""variety"":""フレーク ホワイト"",""state"":""缶詰"",""notes"":[""魚類"",""まぐろ類""]}",魚由来の良質なタンパク源だが油漬けの加工品であるためやや加工度が高い。,7,1,1,(820),(1400),(1600),(530),(200),(730),(700),(620),(1300),(820),(220),(940),(1400),(1100),20.81,11.73,0.55,11.18,11000,79,77,370,0,"[""フレーク"",""まぐろフレーク"",""ツナフレーク"",""ツナ缶"",""ツナ"",""缶詰"",""まぐろ缶"",""tuna flakes"",""canned tuna"",""tuna"",""white"",""ホワイト""]",ツナフレーク,缶詰・油漬・ホワイト,Tuna flakes,"Canned, Oil-packed, White",266.75,,,,175157,"Fish, tuna, white, canned in oil, drained solids",1.6425029346227853,,,TRUE,魚介類 > ツナ缶
10,10265,＜魚類＞　マジェランあいなめ　生,62.8,13.3,22.9,(0),0.9,243,10,210,65,300,18,0.1,0.3,0.01,0.01,-,-,1800,17.0,2.2,0.02,0.08,0.9,0.04,0.6,5,0.29,"{""baseName"":""マジェランあいなめ"",""state"":""生"",""notes"":[""魚類""]}",白身魚（あいなめ）は良質なタンパク源だが生は寄生虫等のリスクに注意が必要です。,9,1,1,(610),(1000),(1200),(410),(160),(570),(520),(450),(970),(580),(140),(680),(360),(810),18.79,1.31,1.00,0.31,190,59,340,360,63,"[""あいなめ"",""アイナメ"",""マジェランあいなめ"",""マジェランアイナメ"",""ainame"",""greenling""]",あいなめ,,Greenling,,241.55,,,,,,,,,TRUE,魚介類 > 白身魚
10,10266,＜魚類＞　まながつお　生,70.8,17.1,10.9,(0),1.2,161,21,190,160,370,25,0.3,0.5,0.02,0.01,-,-,90,5,1.4,0.22,0.13,3.6,0.30,1.4,7,1.37,"{""baseName"":""まながつお"",""state"":""生"",""notes"":[""魚類""]}",まながつおは良質な魚タンパク源。生魚は寄生虫等に注意し適切に扱えば素材として適切,9,1,1,(750),(1300),(1500),(480),(180),(660),(640),(560),(1200),(740),(200),(860),(1300),(960),9.30,1.52,1.23,0.28,39,28,240,650,140,"[""まながつお"",""マナガツオ"",""真鯧"",""managatsuo""]",まながつお,,Managatsuo,,152.5,,,,171951,"Fish, butterfish, raw",1.081788987598647,,,TRUE,魚介類 > 白身魚
10,10232,＜魚類＞　みなみくろたち　生,73.8,21.7,3.0,(0),1.4,112,22,240,120,460,34,0.6,0.5,0.05,0.03,-,-,55,2,1.9,0.06,0.20,7.5,0.50,6.5,4,0.85,"{""baseName"":""みなみくろたち"",""state"":""生"",""notes"":[""魚類""]}",みなみくろたちは魚類として利用可能だが、大型魚特有の留意点がありやや控えめ。,7,1,1,(1000),(1700),(2000),(670),(250),(920),(860),(730),(1600),(950),(240),(1100),(590),(1300),2.47,1.03,0.95,0.09,58,31,310,410,23,"[""みなみくろたち"",""ミナミクロタチ"",""minamikurotachi""]",みなみくろたち,,Minami Kurotachi,,101.8,,,,175178,"Fish, cod, Pacific, cooked",1.2144629389102353,,,TRUE,魚介類 > 白身魚
10,10267,＜魚類＞　みなみだら　生,81.9,16.4,0.3,(0),1.4,68,23,160,220,320,41,0.3,0.3,0.04,0.02,-,-,6,7,0.8,0.03,0.27,1.7,0.09,1.6,11,0.44,"{""baseName"":""みなみだら"",""state"":""生"",""notes"":[""魚類""]}",白身魚で良質なタンパク源。犬のレシピ素材として適切,9,1,1,(750),(1300),(1500),(510),(190),(700),(650),(550),(1200),(720),(180),(830),(440),(990),0.20,0.11,0.10,0.01,3,1,26,69,5,"[""みなみだら"",""ミナミダラ"",""minamidakara"",""minamidara""]",みなみだら,,Minami-dara,,59.95,84,15016,"Fish, cod, Atlantic, cooked, dry heat",174191,"Fish, cod, Pacific, raw (may have been previously frozen)",1.564853440843999,,65,TRUE,魚介類 > 鱈
10,10268,＜魚類＞　むつ　生,69.7,16.7,12.6,(0),1.0,175,25,180,85,390,20,0.5,0.4,0.03,0.01,-,-,8,4,0.9,0.03,0.16,2.4,0.10,1.9,6,0.31,"{""baseName"":""むつ"",""state"":""生"",""notes"":[""魚類""]}",むつは良質な魚たんぱくで犬に適するが、骨と生食の衛生に注意が必要,8,1,1,770,1400,1600,540,180,720,700,610,1300,850,180,840,510,1000,11.09,0.81,0.63,0.16,69,26,140,320,49,"[""むつ"",""ムツ"",""mutsu""]",むつ,生,Mutsu,Raw,165.55,,,,,,,,,TRUE,魚介類 > むつ
10,10269,＜魚類＞　むつ　水煮,68.3,22.2,8.4,(0),1.1,161,49,230,80,410,23,0.6,0.4,0.03,0.01,-,-,11,3.6,0.6,0.04,0.16,2.8,0.13,2.5,4,0.25,"{""baseName"":""むつ"",""state"":""水煮"",""notes"":[""魚類""]}",水煮のムツ切り身は加熱済みで良質な魚たんぱく源として適している,9,1,1,(1000),(1800),(2200),(710),(240),(950),(930),(810),(1700),(1100),(240),(1100),(680),(1400),7.35,0.56,0.43,0.11,46,17,91,230,36,"[""むつ"",""ムツ"",""mutsu""]",むつ,水煮,Mutsu,Boiled,149.1,,,,173726,"Fish, pollock, Alaska, cooked",1.4110315109184504,,,TRUE,魚介類 > むつ
10,10270,＜魚類＞　めじな　生,74.7,19.4,4.5,(0),1.3,113,27,240,91,380,30,0.3,0.9,0.03,0.01,-,-,55,1,0.8,0.05,0.38,2.7,0.16,1.8,2,0.44,"{""baseName"":""めじな"",""state"":""生"",""notes"":[""魚類""]}",めじな（生）は魚類として良質なタンパク源だが生食の取扱いに注意が必要,8,1,1,(890),(1500),(1800),(600),(230),(830),(770),(650),(1400),(850),(210),(990),(530),(1200),3.27,1.01,0.84,0.17,23,16,200,450,84,"[""めじな"",""メジナ"",""mejina"",""girella""]",めじな,,Mejina (Girella),,106.5,,,,173684,"Fish, rockfish, Pacific, mixed species, raw",1.2967525853619926,,65,TRUE,魚介類 > 白身魚
10,10271,＜魚類＞　めばる　生,77.2,18.1,3.5,(0),1.2,100,80,200,75,350,27,0.4,0.4,0.05,-,-,-,11,1,1.5,0.07,0.17,1.6,0.11,1.5,5,0.37,"{""baseName"":""めばる"",""state"":""生"",""notes"":[""魚類""]}",めばるは良質な魚類で骨・内臓を除去すれば犬のレシピ素材に適している。,9,1,1,910,1500,1800,590,230,820,770,640,1400,850,200,970,420,1100,2.66,0.95,0.87,0.08,26,9,370,390,42,"[""めばる"",""メバル"",""mebaru"",""rockfish"",""sea perch""]",めばる,,Rockfish,,93.1,,,,173684,"Fish, rockfish, Pacific, mixed species, raw",1.3569385086236543,,65,TRUE,魚介類 > めばる
10,10272,＜魚類＞　メルルーサ　生,81.1,17.0,0.6,(0),1.3,73,12,150,140,320,38,0.2,0.4,0.02,0.01,-,-,5,1,1.3,0.09,0.04,1.0,0.07,0.8,5,0.32,"{""baseName"":""メルルーサ"",""state"":""生"",""notes"":[""魚類""]}",メルルーサ（ヘイク）は良質な白身魚で犬のレシピ素材として適している,9,1,1,850,1400,1700,570,210,780,690,620,1300,790,190,930,370,1100,0.45,0.19,0.17,0.01,6,3,47,110,7,"[""メルルーサ"",""めるるーさ"",""merluza"",""hake""]",メルルーサ,,Hake,,64.6,,,,174191,"Fish, cod, Pacific, raw (may have been previously frozen)",1.3134758839721314,,65,TRUE,魚介類 > メルルーサ
10,10273,＜魚類＞　やつめうなぎ　生,61.5,15.8,21.8,(0),0.7,245,7,180,49,150,15,2.0,1.6,0.15,0.03,-,-,8200,3,3.8,0.25,0.85,3.0,0.20,4.9,19,1.18,"{""baseName"":""やつめうなぎ"",""state"":""生"",""notes"":[""魚類""]}",やつめうなぎは魚類の良質なタンパク源だが下処理が必要な点に留意,8,0,1,,,,,,,,,,,,,,,17.98,4.65,3.80,0.74,300,170,1500,1500,320,"[""やつめうなぎ"",""ヤツメウナギ"",""八つ目鰻"",""yatsumeunagi"",""lamprey""]",やつめうなぎ,生,Lamprey,Raw,241.3,,,,,,,,,TRUE,魚介類 > やつめうなぎ
10,10274,＜魚類＞　やつめうなぎ　干しやつめ,14.3,50.3,31.2,(0),3.7,449,16,240,130,650,49,32.0,5.9,1.80,0.10,-,-,1900,12.0,2.4,0.33,1.69,7.0,0.14,55.0,100,5.76,"{""baseName"":""やつめうなぎ"",""variety"":""干しやつめ"",""notes"":[""魚類""]}",やつめうなぎは魚類で良質なタンパク源。干しでも素材として利用しやすい,9,0,1,,,,,,,,,,,,,,,23.22,7.50,6.66,0.84,570,240,2200,2800,240,"[""やつめうなぎ"",""ヤツメウナギ"",""八つ目鰻"",""yatsumeunagi"",""lamprey""]",やつめうなぎ,干しやつめ,Lamprey,Dried,443,,,,,,,,,TRUE,魚介類 > やつめうなぎ
10,10275,＜魚類＞　やまめ　養殖　生,75.6,18.4,4.3,(0),1.4,110,85,280,50,420,28,0.5,0.8,0.04,0.01,-,-,15,8,2.2,0.15,0.16,3.8,0.22,6.6,13,1.48,"{""baseName"":""やまめ"",""productionMethod"":""養殖"",""state"":""生"",""notes"":[""魚類""]}",やまめ（養殖）は良質な魚たんぱく・脂肪源で犬のレシピ素材として適している。,9,1,1,(720),(1300),(1500),(560),(180),(740),(700),(570),(1300),(840),(190),(850),(630),(1100),3.50,1.20,0.73,0.45,370,35,130,470,27,"[""やまめ"",""ヤマメ"",""山女魚"",""yamame"",""masu trout"",""trout""]",やまめ,,Yamame (Masu trout),,102,,,,173717,"Fish, trout, rainbow, farmed, raw",1.2363404878165096,,65,TRUE,魚介類 > 白身魚
10,10276,＜魚類＞　わかさぎ　生,81.8,14.4,1.7,(0),2.0,71,450,350,200,120,25,0.9,2.0,0.19,0.13,29,22,99,2,0.7,0.01,0.14,1.6,0.17,7.9,21,0.51,"{""baseName"":""わかさぎ"",""state"":""生"",""notes"":[""魚類""]}",魚類として良いタンパク源だが生では寄生虫リスクがあるため取り扱いに注意。,8,1,1,640,1100,1200,460,180,640,570,490,1100,630,150,760,360,840,1.16,0.56,0.45,0.09,30,24,130,240,41,"[""わかさぎ"",""ワカサギ"",""wakasagi"",""pond smelt"",""smelt""]",わかさぎ,生,Pond Smelt,Raw,65.2,,,,175146,"Fish, smelt, rainbow, raw",1.0946115759334107,,65,TRUE,魚介類 > わかさぎ
10,10278,＜魚類＞　わかさぎ　あめ煮,21.0,26.3,5.1,(0),7.2,301,960,740,1600,410,66,2.1,5.2,0.08,2.29,-,-,420,9,3.6,0.28,0.35,3.6,0.06,11.0,52,0,"{""baseName"":""わかさぎ"",""variety"":""あめ煮"",""notes"":[""魚類""]}",わかさぎのあめ煮は魚類としての栄養価は高いが加工品である点を踏まえ使用に注意が必要。,8,1,1,(1200),(2000),(2200),(840),(330),(1200),(1000),(890),(1900),(1100),(270),(1400),(650),(1500),2.67,1.30,0.90,0.38,140,93,260,420,120,"[""わかさぎ"",""ワカサギ"",""wakasagi"",""pond smelt"",""smelt""]",わかさぎ,あめ煮,Pond Smelt,Simmered,276.8,,,,,,,,,TRUE,魚介類 > わかさぎ
10,10279,＜貝類＞　あかがい　生,80.4,13.5,0.3,(0),2.3,70,40,140,300,290,55,5.0,1.5,0.06,-,-,-,30,(0),0.9,0.20,0.20,2.5,0.10,59.0,20,1.02,"{""baseName"":""あかがい"",""state"":""生"",""notes"":[""貝類""]}",あかがいなどの貝類は良質なたんぱく源だが殻や内臓は除去して調理する必要がある,7,1,1,530,890,880,330,200,520,430,440,870,600,130,560,270,990,0.09,0.04,0.03,0.01,1,Tr,14,16,4,"[""あかがい"",""アカガイ"",""赤貝"",""akagai"",""ark shell""]",あかがい,,Ark Shell,,62.05,,,,,,,,,FALSE,
10,10280,＜貝類＞　あげまき　生,87.1,8.1,0.6,(0),2.2,44,66,120,600,120,49,4.1,1.5,0.40,0.20,-,-,20,1,0.8,0.30,0.14,1.3,0.04,59.0,11,0.37,"{""baseName"":""あげまき"",""state"":""生"",""notes"":[""貝類""]}",あげまき等の貝類はたんぱく源として利用可能（殻は除去）,7,1,1,(290),(500),(490),(180),(100),(280),(250),(230),(470),(300),(69),(300),(180),(530),0.32,0.14,0.13,0.02,4,4,71,34,8,"[""あげまき"",""アゲマキ"",""agemaki""]",あげまき,,Agemaki,,40.45,,,,174212,"Mollusks, abalone, mixed species, raw",1.55631416452877,,65,FALSE,
10,10281,＜貝類＞　あさり　生,90.3,5.7,0.7,(0),2.7,29,66,82,800,140,92,2.2,0.9,0.05,0.07,56,35,2,0.1,0.4,0.01,0.16,1.3,0.03,44.8,11,0.37,"{""baseName"":""あさり"",""state"":""生"",""notes"":[""貝類""]}",あさりの身は良質なたんぱく源だが殻は除去する必要がある。,7,1,1,210,360,370,130,77,200,190,190,380,260,55,240,110,370,0.22,0.09,0.06,0.03,2,2,17,33,10,"[""あさり"",""アサリ"",""浅蜊"",""浅利"",""asari"",""clam""]",あさり,生,Clam,Raw,28,,,,171977,"Mollusks, clam, mixed species, canned, liquid",2.5346450062829717,,13,TRUE,魚介類 > あさり
10,10466,＜貝類＞　あさり　蒸し,89.5,4.9,0.8,-,2.8,32,64,79,790,130,94,2.1,0.9,0.05,0.1,59,35,3,0.1,0.4,0.01,0.15,1.2,0.02,45.2,8,0.21,"{""baseName"":""あさり"",""state"":""蒸し"",""notes"":[""貝類""]}",あさり（蒸し）は加熱済みの貝類でタンパク源として利用可能だが、殻や内臓は除く必要がある。,8,1,1,(180),(310),(320),(110),(66),(170),(170),(160),(330),(220),(47),(200),(94),(320),0.27,0.13,0.10,0.03,2,2,31,52,13,"[""あさり"",""アサリ"",""浅蜊"",""浅利"",""asari"",""clam""]",あさり,蒸し,Clam,Steamed,30.95,,,,171977,"Mollusks, clam, mixed species, canned, liquid",2.530493206471206,,13,TRUE,魚介類 > あさり
10,10283,＜貝類＞　あさり　缶詰　水煮,73.2,20.3,2.2,(0),2.4,102,110,260,390,9,46,30.0,3.4,0.29,1.24,-,-,3,(0),2.7,Tr,0.09,0.8,0.01,64.0,10,0,"{""baseName"":""あさり"",""state"":""水煮"",""notes"":[""貝類""]}",加熱済みの貝類で良質なタンパク源。缶詰の加工形態に留意,8,1,1,(760),(1300),(1300),(440),(270),(710),(690),(660),(1300),(910),(190),(840),(390),(1300),0.86,0.31,0.23,0.08,9,6,79,85,37,"[""あさり"",""アサリ"",""浅蜊"",""浅利"",""asari"",""clam""]",あさり,缶詰・水煮,Clam,"Canned, Boiled",96.4,,,,171976,"Mollusks, clam, mixed species, canned, drained solids",1.409071286636945,,107.4,TRUE,魚介類 > あさり
10,10427,＜貝類＞　あわび　くろあわび　生,79.5,14.3,0.8,(0),1.7,76,25,82,430,160,69,2.2,-,-,0.01,200,8,0,(0),0.3,0.15,0.09,0.8,0.02,0.4,20,2.44,"{""baseName"":""あわび"",""variety"":""くろあわび"",""state"":""生"",""notes"":[""貝類""]}",生のくろあわびは良質な海産タンパクで、貝殻や内臓を除けば素材として適する,8,1,1,430,800,670,280,130,410,380,390,770,580,110,490,180,1400,0.26,0.11,0.05,0.06,3,4,17,Tr,41,"[""あわび"",""アワビ"",""鮑"",""awabi"",""abalone""]",あわび,くろあわび・生,Abalone,"Black, Raw",69.8,,,,174212,"Mollusks, abalone, mixed species, raw",1.7254942507939903,,65,TRUE,魚介類 > あわび
10,10428,＜貝類＞　あわび　まだかあわび　生,80.0,14.6,0.4,(0),1.5,74,21,130,330,250,58,1.8,-,-,0.01,190,8,0,(0),1.1,0.02,0.10,1.5,0.02,0.4,22,2.05,"{""baseName"":""あわび"",""variety"":""まだかあわび"",""state"":""生"",""notes"":[""貝類""]}",あわびは良質な魚介たんぱく源で犬のレシピ素材として利用可能,8,1,1,(440),(820),(680),(280),(130),(420),(390),(400),(780),(590),(110),(500),(190),(1400),0.13,0.05,0.03,0.02,1,2,12,Tr,17,"[""あわび"",""アワビ"",""鮑"",""awabi"",""abalone"",""まだかあわび"",""マダカアワビ"",""madakaawabi""]",まだかあわび,生,Madaka abalone,Raw,66.75,,,,,,,,,FALSE,
10,10429,＜貝類＞　あわび　めがいあわび　生,80.1,12.2,0.3,(0),1.4,74,19,110,320,230,50,0.7,-,-,0.01,190,8,0,(0),0.3,0.16,0.09,1.1,0.02,0.4,29,1.71,"{""baseName"":""あわび"",""variety"":""めがいあわび"",""state"":""生"",""notes"":[""貝類""]}",あわびは低脂肪で良質な海産物ですが、殻や内臓は除去して用いる必要があります。,8,1,1,360,640,500,200,130,330,290,280,570,400,84,400,1000,120,0.12,0.05,0.02,0.02,2,2,9,1,21,"[""あわび"",""アワビ"",""鮑"",""awabi"",""abalone"",""めがいあわび"",""メガイアワビ"",""megaiawabi""]",めがいあわび,生,Megai abalone,Raw,66.25,,,,,,,,,FALSE,
10,10286,＜貝類＞　あわび　干し,27.9,38.0,1.6,(0),8.7,257,39,300,2900,490,110,2.0,1.6,0.74,0.05,-,-,0,(0),1.2,0.36,0.11,3.3,0.05,2.4,87,0.71,"{""baseName"":""あわび"",""variety"":""干し"",""notes"":[""貝類""]}",干しあわびは海産の良質なたんぱく源であり、干し加工があっても素材として使用可能,7,1,1,(1100),(2100),(1800),(730),(340),(1100),(1000),(1000),(2000),(1500),(300),(1300),(480),(3700),0.59,0.23,0.13,0.10,13,9,51,1,82,"[""あわび"",""アワビ"",""鮑"",""awabi"",""abalone""]",あわび,干し,Abalone,Dried,229.9,,,,174212,"Mollusks, abalone, mixed species, raw",1.4808082848647974,,65,FALSE,
10,10288,＜貝類＞　あわび　水煮缶詰,77.2,19.4,0.4,(0),2.0,85,20,230,570,130,58,1.8,0.6,0.42,0.02,-,-,Tr,(0),1.5,0.04,0.04,1.0,0.02,0.7,3,0.23,"{""baseName"":""あわび"",""state"":""水煮缶詰"",""notes"":[""貝類""]}",あわび（水煮缶）は良質な魚介のたんぱく源で調理済みのため扱いやすい,8,1,1,(590),(1100),(910),(370),(180),(550),(510),(530),(1000),(790),(150),(670),(250),(1900),0.26,0.13,0.06,0.03,2,3,18,4,26,"[""あわび"",""アワビ"",""鮑"",""awabi"",""abalone""]",あわび,水煮缶詰,Abalone,Canned in water,74.8,,,,174212,,,,65,FALSE,
10,10289,＜貝類＞　いがい　生,82.9,10.3,1.6,(0),2.2,63,43,160,540,230,73,3.5,1.0,0.05,0.86,65,37,34,(0),1.1,0.01,0.37,1.4,0.02,10.0,42,0.63,"{""baseName"":""いがい"",""state"":""生"",""notes"":[""貝類""]}",ムール貝などの貝類はたんぱく源として使えるが、殻除去やアレルギーに注意,7,1,1,350,540,680,190,180,370,360,400,760,490,140,400,210,620,0.75,0.39,0.32,0.07,19,13,130,150,29,"[""いがい"",""イガイ"",""mussel"",""igai"",""ムール貝""]",ムール貝,生,Mussel,Raw,60.15,,,,,,,,,FALSE,
10,10290,＜貝類＞　いたやがい　養殖　生,84.9,10.8,0.8,(0),2.0,55,48,170,450,260,74,2.0,6.1,0.10,4.90,-,-,5,(0),0.4,0,0.20,1.4,0.07,13.0,14,0.24,"{""baseName"":""いたやがい"",""productionMethod"":""養殖"",""state"":""生"",""notes"":[""貝類""]}",良質な魚介のタンパク源。貝殻や不純物を取り除き、加熱して安全に使える。,8,1,1,(380),(670),(650),(240),(130),(370),(330),(300),(630),(400),(92),(400),(240),(710),0.42,0.21,0.18,0.03,8,8,73,76,11,"[""いたやがい"",""イタヤガイ"",""itayagai"",""scallop"",""イタヤガイ貝""]",イタヤガイ,養殖・生,Itayagai (scallop),"Farmed, Raw",49.85,,,,174212,"Mollusks, abalone, mixed species, raw",1.4013726845780627,,65,TRUE,魚介類 > ホタテ
10,10291,＜貝類＞　エスカルゴ　水煮缶詰,79.9,16.5,1.0,(0),1.8,75,400,130,260,5,37,3.9,1.5,3.07,0.38,-,-,0,0,0.6,0,0.09,0,0,0.6,1,0,"{""baseName"":""エスカルゴ"",""state"":""水煮缶詰"",""notes"":[""貝類""]}",エスカルゴ（加熱済み缶詰）は除菌・加熱されておりタンパク源として使用可能である。,8,1,1,(590),(1000),(990),(360),(200),(570),(500),(460),(960),(620),(140),(620),(370),(1100),0.34,0.21,0.03,0.17,63,13,13,0,57,"[""エスカルゴ"",""えすかるご"",""escargot"",""エスカルゴ缶"",""かたつむり"",""カタツムリ""]",エスカルゴ,水煮缶詰,Escargot,Canned in water,69.05,,,,174212,"Mollusks, abalone, mixed species, raw",1.2092689766669478,,65,FALSE,
10,10293,＜貝類＞　かき　養殖　水煮,78.7,9.9,3.6,(0),1.7,90,59,140,350,180,42,2.9,18.0,1.44,0.37,71,62,42,0.1,2.9,0.07,0.15,1.6,0.07,24.0,31,0.41,"{""baseName"":""かき"",""productionMethod"":""養殖"",""state"":""水煮"",""notes"":[""貝類""]}",水煮の養殖かきは加熱済みの貝類で良質なタンパク源。殻を除けば素材として適切。,8,1,1,360,590,630,230,120,350,340,330,670,430,100,410,200,560,2.12,1.13,0.99,0.12,38,45,440,350,53,"[""かき"",""カキ"",""牡蠣"",""oyster"",""kaki""]",牡蠣,養殖・水煮,Oyster,"Farmed, Boiled",86.6,,,,174219,"Mollusks, oyster, Pacific, raw",1.4461753486744944,,,TRUE,魚介類 > かき
10,10295,＜貝類＞　さざえ　生,78.0,19.4,0.4,(0),1.4,83,22,140,240,250,54,0.8,2.2,0.39,0.02,97,19,Tr,(0),2.3,0.04,0.09,1.7,0.05,1.3,16,0.24,"{""baseName"":""さざえ"",""state"":""生"",""notes"":[""貝類""]}",貝の身は蛋白源になるが殻や内臓は除去し加熱して使うのが安全,7,1,1,640,1200,980,400,250,650,520,500,1000,720,140,690,250,1600,0.14,0.06,0.03,0.03,7,2,6,1,24,"[""さざえ"",""サザエ"",""栄螺"",""sazae"",""turban shell"",""sea snail""]",さざえ,生,Sazae (turban shell),Raw,74.1,,,,,,,,,TRUE,魚介類 > さざえ
10,10296,＜貝類＞　さざえ　焼き,75.6,21.3,0.4,(0),1.8,91,29,120,280,220,67,0.9,2.5,0.73,0.03,-,-,Tr,(0),2.8,0.04,0.10,1.5,0.06,1.1,22,0.30,"{""baseName"":""さざえ"",""state"":""焼き"",""notes"":[""貝類""]}",さざえは加熱済みの貝類で良い動物性タンパク源。殻と内臓は除去前提。,8,1,1,(700),(1300),(1100),(430),(280),(710),(570),(550),(1100),(790),(160),(760),(270),(1800),0.13,0.06,0.02,0.03,6,2,5,Tr,23,"[""さざえ"",""サザエ"",""栄螺"",""sazae"",""turban shell"",""sea snail""]",さざえ,焼き,Sazae (turban shell),Grilled,81.1,,,,,,,,,TRUE,魚介類 > さざえ
10,10297,＜貝類＞　しじみ　生,86.0,7.5,1.4,(0),1.2,54,240,120,180,83,10,8.3,2.3,0.41,2.78,-,-,25,0.2,1.7,0.02,0.44,1.5,0.10,68.0,26,0.53,"{""baseName"":""しじみ"",""state"":""生"",""notes"":[""貝類""]}",生しじみは貝類のたんぱく源として利用可能。殻は除去して使う,7,1,1,300,470,530,170,100,280,280,290,560,440,98,370,170,480,0.58,0.19,0.14,0.04,11,15,41,53,11,"[""しじみ"",""シジミ"",""蜆"",""shijimi"",""freshwater clam""]",しじみ,生,Shijimi (freshwater clam),Raw,51.8,,,,174214,"Mollusks, clam, mixed species, raw",2.3825964553141064,,65,TRUE,魚介類 > しじみ
10,10413,＜貝類＞　しじみ　水煮,76.0,15.4,2.7,(0),1.8,95,250,200,100,66,11,15.0,4.0,0.61,7.30,-,-,57,0.6,3.9,0.02,0.57,1.5,0.04,82.0,37,0.35,"{""baseName"":""しじみ"",""state"":""水煮"",""notes"":[""貝類""]}",水煮のしじみは加熱済みの水産物で良質なタンパク源・ミネラル源として適する。,8,1,1,620,1000,1200,410,200,610,610,620,1200,950,210,780,340,1000,1.18,0.46,0.35,0.08,23,33,110,140,25,"[""しじみ"",""シジミ"",""蜆"",""shijimi"",""freshwater clam""]",しじみ,水煮,Shijimi (freshwater clam),Boiled,91.2,,,,169803,"Cockles, raw (Alaska Native)",1.816734295163643,,,TRUE,魚介類 > しじみ
10,10298,＜貝類＞　たいらがい　貝柱　生,75.2,21.8,0.2,(0),1.3,94,16,150,260,260,36,0.6,4.3,0.01,0.03,-,-,Tr,(0),0.8,0.01,0.09,1.5,0.06,-,25,0.51,"{""baseName"":""たいらがい"",""part"":""貝柱"",""state"":""生"",""notes"":[""貝類""]}",たいらがい貝柱は良質な魚介たんぱく源で、適切に調理すれば利用可能。,8,1,1,(770),(1300),(1300),(480),(270),(750),(660),(610),(1300),(810),(190),(810),(490),(1400),0.07,0.04,0.03,0.01,1,Tr,12,17,3,"[""たいらがい"",""タイラガイ"",""tairagai"",""貝柱"",""かいばしら"",""カイバシラ"",""pen shell""]",たいらがい,貝柱・生,Tairagai (pen shell),"Adductor muscle, Raw",83.25,,,,174220,"Mollusks, scallop, mixed species, raw",2.4842354233029624,,65,TRUE,魚介類 > ホタテ
10,10299,＜貝類＞　たにし　生,78.8,13.0,1.1,(0),3.5,73,1300,140,23,70,77,19.0,6.2,1.90,2.10,-,-,15,(0),0.5,0.11,0.32,2.0,0.05,18.0,28,0.52,"{""baseName"":""たにし"",""state"":""生"",""notes"":[""貝類""]}",良質な動物性タンパク源。加熱してから使うと安全性が高まる,7,1,1,(460),(800),(780),(290),(160),(450),(390),(360),(760),(490),(110),(490),(290),(850),0.33,0.14,0.05,0.10,29,24,12,5,43,"[""たにし"",""タニシ"",""田螺"",""tanishi"",""pond snail"",""river snail""]",たにし,生,River snail (tanishi),Raw,67.45,,,,,,,,,FALSE,
10,10300,＜貝類＞　つぶ　生,78.2,17.8,0.2,(0),1.5,82,60,120,380,160,92,1.3,1.2,0.06,0.04,-,-,0,(0),1.8,Tr,0.12,0.9,0.11,6.5,15,0.59,"{""baseName"":""つぶ"",""state"":""生"",""notes"":[""貝類""]}",生のつぶ（貝）は蛋白源として有用だが生食は病原性やアレルギーのリスクがあるため加熱が望ましい。,7,1,1,620,1200,1000,450,210,660,540,510,1000,720,150,750,340,1500,0.08,0.05,0.04,0.01,2,1,21,7,3,"[""つぶ"",""ツブ"",""つぶ貝"",""ツブガイ"",""tsubu"",""whelk""]",つぶ貝,生,Whelk (tsubugai),Raw,72.05,,,,,,,,,FALSE,
10,10301,＜貝類＞　とこぶし　生,78.9,16.0,0.4,(0),1.7,78,24,160,260,250,55,1.8,1.4,0.30,0.06,-,-,0,(0),1.3,0.15,0.14,1.7,0.07,3.2,24,1.57,"{""baseName"":""とこぶし"",""state"":""生"",""notes"":[""貝類""]}",とこぶしは貝類の良質なたんぱく源だが殻や内臓の除去と加熱に注意が必要,7,1,1,(570),(990),(960),(350),(200),(550),(490),(450),(930),(600),(140),(600),(360),(1000),0.12,0.05,0.02,0.02,1,1,7,Tr,16,"[""とこぶし"",""トコブシ"",""tokobushi"",""tokobusi"",""とこぶし貝""]",とこぶし,生,Tokobushi,Raw,69.9,,,,174212,"Mollusks, abalone, mixed species, raw",1.3732061069734203,,65,FALSE,
10,10303,＜貝類＞　とりがい　斧足　生,78.6,12.9,0.3,(0),1.3,81,19,120,100,150,43,2.9,1.6,0.05,0.11,-,-,Tr,(0),1.2,0.16,0.06,1.7,0.04,10.0,18,1.10,"{""baseName"":""とりがい"",""variety"":""斧足"",""state"":""生"",""notes"":[""貝類""]}",貝類は良質なたんぱく源だが加熱と殻・内臓の除去が必要,7,1,1,560,900,930,340,190,530,420,410,830,560,120,580,230,930,0.08,0.02,0.01,Tr,Tr,Tr,7,4,1,"[""とりがい"",""トリガイ"",""鳥貝"",""torigai"",""torigai shell""]",とりがい,斧足・生,Torigai,"Axe‑foot variety, Raw",71.85,,,,,,,,,FALSE,
10,10304,＜貝類＞　ばい　生,78.5,16.3,0.6,(0),1.5,81,44,160,220,320,84,0.7,1.3,0.09,0.04,-,-,0,(0),2.2,0.03,0.14,1.3,0.11,4.3,14,1.02,"{""baseName"":""ばい"",""state"":""生"",""notes"":[""貝類""]}",ばい（生の巻貝）は殻・内臓の除去と加熱が前提であれば素材として使えるが、生は注意が必要。,7,1,1,(580),(1000),(980),(360),(200),(560),(490),(460),(950),(610),(140),(610),(360),(1100),0.25,0.15,0.12,0.03,5,1,73,22,17,"[""ばい"",""バイ"",""バイ貝"",""ばいがい"",""baigai"",""whelk""]",ばい,生,Baigai (whelk),Raw,73,,,,,,,,,FALSE,
10,10306,＜貝類＞　（はまぐり類）　はまぐり　生,88.8,6.1,0.6,(0),2.8,35,130,96,780,160,81,2.1,1.7,0.10,0.14,-,-,7,(0),0.6,0.08,0.16,1.1,0.08,28.0,20,0.37,"{""baseName"":""はまぐり"",""state"":""生"",""notes"":[""貝類"",""はまぐり類""]}",生のはまぐりは加熱すれば安全な貝類のたんぱく源だが、生は衛生リスクがあるためやや控えめ。,7,1,1,230,380,390,130,96,220,180,190,380,230,61,250,130,400,0.28,0.13,0.10,0.03,3,5,32,45,12,"[""はまぐり"",""ハマグリ"",""蛤"",""hamaguri"",""clam""]",はまぐり,生,Hamaguri (clam),Raw,32.4,,,,,,,,,TRUE,魚介類 > はまぐり
10,10307,＜貝類＞　（はまぐり類）　はまぐり　水煮,78.6,14.9,1.5,(0),2.3,79,130,190,490,180,69,3.9,2.5,0.23,0.30,-,-,12,(0),2.8,0.15,0.27,1.6,0.05,20.0,23,0.45,"{""baseName"":""はまぐり"",""state"":""水煮"",""notes"":[""貝類"",""はまぐり類""]}",加熱された貝類でたんぱく源として利用可能（殻は除去）,8,1,1,(560),(920),(960),(310),(240),(550),(440),(470),(920),(570),(150),(610),(320),(980),0.59,0.29,0.23,0.06,6,8,72,100,27,"[""はまぐり"",""ハマグリ"",""蛤"",""hamaguri"",""clam""]",はまぐり,水煮,Hamaguri (clam),Boiled,74.35,,,,174216,"Mollusks, mussel, blue, raw",1.168830289563724,,65,TRUE,魚介類 > はまぐり
10,10308,＜貝類＞　（はまぐり類）　はまぐり　焼き,79.8,13.3,1.0,(0),3.1,70,140,140,770,230,87,3.3,2.4,0.20,0.30,-,-,12,(0),2.3,0.13,0.29,1.9,0.12,33.0,27,0.57,"{""baseName"":""はまぐり"",""state"":""焼き"",""notes"":[""貝類"",""はまぐり類""]}",焼きはまぐりは貝類としてたんぱく源になり得るが、殻を除去して使用する必要がある。,8,1,1,(500),(820),(860),(280),(210),(490),(400),(420),(820),(510),(130),(540),(290),(870),0.40,0.19,0.15,0.04,4,5,48,66,18,"[""はまぐり"",""ハマグリ"",""蛤"",""hamaguri"",""clam"",""貝"",""かい""]",はまぐり,焼き,Clam,"Hamaguri, Grilled",64.85,,,,174216,,,,65,TRUE,魚介類 > はまぐり
10,10311,＜貝類＞　ほたてがい　生,82.3,13.5,0.9,(0),1.8,66,22,210,320,310,59,2.2,2.7,0.13,0.12,-,-,10,(0),0.9,0.05,0.29,1.7,0.07,11.0,87,0.66,"{""baseName"":""ほたてがい"",""state"":""生"",""notes"":[""貝類""]}",ホタテは良質な魚介タンパクで犬のレシピ素材として適している。,9,1,1,460,790,810,290,180,470,400,350,750,550,100,480,250,920,0.42,0.15,0.12,0.01,2,3,82,21,4,"[""ほたてがい"",""ホタテガイ"",""帆立貝"",""ほたて"",""ホタテ"",""帆立"",""scallop"",""貝""]",ほたて,生,Scallop,Raw,60.15,,,,,,,,,TRUE,魚介類 > ホタテ
10,10312,＜貝類＞　ほたてがい　水煮,76.8,17.6,1.9,(0),1.8,89,24,250,250,330,57,2.8,3.1,0.17,0.12,-,-,15,(0),1.7,0.04,0.29,1.9,0.06,18.0,83,0.64,"{""baseName"":""ほたてがい"",""state"":""水煮"",""notes"":[""貝類""]}",加熱済みのほたては良質なタンパク源で犬の素材として適している。,9,1,1,(600),(1000),(1100),(380),(230),(620),(530),(450),(980),(710),(130),(630),(330),(1200),0.73,0.30,0.26,0.02,4,2,170,45,8,"[""ほたてがい"",""ホタテガイ"",""帆立貝"",""ほたて"",""ホタテ"",""帆立"",""scallop"",""貝""]",ほたて,水煮,Scallop,Boiled,84.4,,,,,,,,,TRUE,魚介類 > ホタテ
10,10313,＜貝類＞　ほたてがい　貝柱　生,78.4,16.9,0.3,(0),1.3,82,7,230,120,380,41,0.2,1.5,0.03,0.02,2,18,1,0,0.8,0.01,0.06,1.9,0.11,1.7,61,0.28,"{""baseName"":""ほたてがい"",""part"":""貝柱"",""state"":""生"",""notes"":[""貝類""]}",ほたて貝柱は良質な魚介類タンパクで犬のレシピ素材として適している,9,1,1,580,1100,1100,390,250,640,510,440,950,630,130,570,280,930,0.10,0.06,0.05,0.01,1,Tr,24,23,4,"[""ほたてがい"",""ホタテガイ"",""帆立貝"",""ほたて"",""ホタテ"",""帆立"",""貝柱"",""かいばしら"",""カイバシラ"",""scallop"",""scallop adductor"",""貝""]",ほたて貝柱,生,Scallop,Adductor (Raw),72.55,,,,174220,"Mollusks, scallop, mixed species, raw",1.7137281853889839,,65,TRUE,魚介類 > ホタテ
10,10414,＜貝類＞　ほたてがい　貝柱　焼き,67.8,23.8,0.3,(0),1.7,123,13,320,150,480,56,0.3,2.2,0.04,0.03,-,-,1,0,1.1,0.01,0.08,2.7,0.14,2.1,41,0.34,"{""baseName"":""ほたてがい"",""part"":""貝柱"",""state"":""焼き"",""notes"":[""貝類""]}",焼きほたて貝柱は良質な低脂肪タンパク源で犬のレシピに適している。,9,1,1,840,1500,1600,570,340,910,740,630,1400,910,200,830,400,1900,0.09,0.05,0.05,0.01,Tr,Tr,21,21,4,"[""ほたてがい"",""ホタテガイ"",""帆立貝"",""ほたて"",""ホタテ"",""帆立"",""貝柱"",""かいばしら"",""カイバシラ"",""scallop"",""貝""]",ほたて貝柱,焼き,Scallop,"Adductor, Grilled",108.25,,,,167742,"Mollusks, scallop, (bay and sea), cooked, steamed",2.321000293293117,,110.7,TRUE,魚介類 > ホタテ
10,10314,＜貝類＞　ほたてがい　貝柱　煮干し,17.1,65.7,1.4,(0),8.2,301,34,610,2500,810,120,1.2,6.1,0.08,0.10,-,-,Tr,(0),2.5,0.12,0.30,4.6,0.12,5.2,22,0.75,"{""baseName"":""ほたてがい"",""part"":""貝柱"",""state"":""煮干し"",""notes"":[""貝類""]}",ほたて貝柱の煮干しは良質な魚介由来のタンパク源で犬の素材として適切。,9,1,1,(2300),(4300),(4500),(1600),(940),(2500),(2100),(1700),(3800),(2500),(540),(2300),(1100),(5300),0.45,0.26,0.23,0.03,4,1,110,100,17,"[""ほたてがい"",""ホタテガイ"",""帆立貝"",""ほたて"",""ホタテ"",""帆立"",""貝柱"",""かいばしら"",""カイバシラ"",""scallop"",""貝""]",ほたて貝柱,煮干し,Scallop,"Adductor, Dried",268.45,,,,,,,,,TRUE,魚介類 > ホタテ
10,10315,＜貝類＞　ほたてがい　貝柱　水煮缶詰,76.4,19.5,0.6,(0),2.0,87,50,170,390,250,37,0.7,2.7,0.03,0.07,-,-,Tr,(0),1.1,Tr,0.05,1.0,0.09,2.6,7,0,"{""baseName"":""ほたてがい"",""part"":""貝柱"",""state"":""水煮缶詰"",""notes"":[""貝類""]}",ほたて貝柱は低脂肪で良質なたんぱく源だが、甲殻類や貝類アレルギーの個体には注意が必要。,8,1,1,(690),(1300),(1300),(470),(280),(740),(610),(510),(1100),(750),(160),(680),(330),(1600),0.19,0.10,0.09,0.01,2,1,43,37,7,"[""ほたてがい"",""ホタテガイ"",""帆立貝"",""ほたて"",""ホタテ"",""帆立"",""貝柱"",""かいばしら"",""カイバシラ"",""缶詰"",""かんづめ"",""カンヅメ"",""canned scallop"",""scallop"",""貝""]",ほたて貝柱,水煮缶詰,Scallop,"Adductor, Canned (Boiled)",78.6,,,,,,,,,TRUE,魚介類 > ホタテ
10,10316,＜貝類＞　ほっきがい　生,82.1,11.1,1.1,(0),1.9,66,62,160,250,260,75,4.4,1.8,0.15,0.11,-,-,6,(0),1.4,0.01,0.16,1.9,0.12,48.0,45,0.20,"{""baseName"":""ほっきがい"",""state"":""生"",""notes"":[""貝類""]}",ほっきがい（貝類）は魚介由来のタンパク源として利用可能だがアレルギーや貝の鮮度に注意が必要である。,8,1,1,(390),(690),(670),(250),(140),(380),(340),(310),(650),(410),(95),(410),(250),(730),0.30,0.10,0.08,0.02,Tr,1,38,24,12,"[""ほっきがい"",""ホッキガイ"",""北寄貝"",""ほっき"",""ホッキ"",""hokkigai"",""surf clam"",""貝""]",ほっきがい,生,Surf Clam,Raw,61.5,,,,174214,"Mollusks, clam, mixed species, raw",1.8060982898588018,,65,FALSE,
10,10317,＜貝類＞　みるがい　水管　生,78.9,18.3,0.4,(0),2.1,77,55,160,330,420,75,3.3,1.0,0.04,0.16,-,-,Tr,(0),0.6,Tr,0.14,2.0,0.05,9.1,13,0.64,"{""baseName"":""みるがい"",""variety"":""水管"",""state"":""生"",""notes"":[""貝類""]}",貝類はタンパク源として利用可能だが、アレルギーや生食によるリスクに注意して加熱・処理が必要,7,1,1,(650),(1100),(1100),(400),(230),(630),(560),(510),(1100),(680),(160),(680),(410),(1200),0.12,0.05,0.04,0.01,1,Tr,8,22,5,"[""みるがい"",""ミルガイ"",""海松貝"",""みるがい 水管"",""水管"",""すいかん"",""スイカン"",""mirugai"",""giant clam"",""geoduck"",""貝""]",みるがい,水管・生,Geoduck / Mirugai,"Siphon, Raw",68.5,,,,171983,"Mollusks, whelk, unspecified, raw",1.0399510281384259,,65,FALSE,
10,10319,＜えび・かに類＞　（えび類）　あまえび　生,78.2,19.8,1.5,(0),1.6,85,50,240,300,310,42,0.1,1.0,0.44,0.02,18,33,3,(0),3.4,0.02,0.03,1.1,0.04,2.4,25,0.21,"{""baseName"":""あまえび"",""state"":""生"",""notes"":[""えび・かに類"",""えび類""]}",あまえび（生）は良質なたんぱく源だが殻や内臓の除去と鮮度管理が必要,8,1,1,800,1300,1400,460,200,660,700,630,1300,680,200,790,370,1500,0.71,0.34,0.30,0.04,8,4,150,130,24,"[""あまえび"",""アマエビ"",""甘えび"",""甘海老"",""amaebi"",""sweet shrimp"",""sweet prawn"",""えび"",""エビ"",""海老"",""shrimp""]",甘えび,生,Sweet Shrimp,Raw,82.05,81,15152,"Crustacean, shrimp, mixed species, canned",174210,"Crustaceans, shrimp, mixed species, raw (may contain additives to retain moisture)",1.5095315733095716,,80.9,TRUE,魚介類 > 海老
10,10467,＜えび・かに類＞　（えび類）　アルゼンチンあかえび　生,80.1,19.1,0.7,-,2,73,41,300,330,390,47,0.3,1.3,0.37,0.03,26,66,0,-,1.4,0.04,0.04,2,0.05,3.3,61,0.76,"{""baseName"":""アルゼンチンあかえび"",""state"":""生"",""notes"":[""えび・かに類"",""えび類""]}",アルゼンチンあかえびは良質な魚介のタンパク源だが殻除去や調理が前提,8,1,1,640,1100,1300,440,180,620,640,560,1200,650,160,660,350,1900,0.34,0.16,0.14,0.02,4,3,58,73,13,"[""アルゼンチンあかえび"",""アルゼンチンアカエビ"",""アルゼンチン赤海老"",""あかえび"",""アカエビ"",""赤えび"",""赤海老"",""Argentine red shrimp"",""Argentine red prawn"",""shrimp"",""海老""]",アルゼンチンあかえび,生,Argentine Red Shrimp,Raw,72.8,81,15152,"Crustacean, shrimp, mixed species, canned",175179,"Crustaceans, shrimp, raw",1.0378817013461017,,,TRUE,魚介類 > 海老
10,10468,＜えび・かに類＞　（えび類）　アルゼンチンあかえび　ゆで,75.4,22.5,1.8,-,1.9,95,56,300,310,350,55,0.7,1.8,0.58,0.05,44,79,0,-,2.1,0.04,0.06,1.8,0.05,5.4,39,0.55,"{""baseName"":""アルゼンチンあかえび"",""state"":""ゆで"",""notes"":[""えび・かに類"",""えび類""]}",アルゼンチンあかえび（ゆで）は加熱済みの甲殻類で良質なタンパク源だが殻の除去が必要。,8,1,1,850,1500,1700,590,240,830,840,730,1600,840,210,860,450,2100,0.84,0.40,0.34,0.05,9,7,140,180,28,"[""アルゼンチンあかえび"",""アルゼンチンアカエビ"",""アルゼンチン赤海老"",""あかえび"",""アカエビ"",""赤えび"",""赤海老"",""Argentine red shrimp"",""shrimp"",""海老""]",アルゼンチンあかえび,ゆで,Argentine Red Shrimp,Boiled,94.05,81,15152,"Crustacean, shrimp, mixed species, canned",175180,"Crustaceans, shrimp, cooked",0.9950959445860883,,,TRUE,魚介類 > 海老
10,10469,＜えび・かに類＞　（えび類）　アルゼンチンあかえび　焼き,78.3,21,1.4,-,2.1,82,47,300,360,400,49,0.7,1.5,0.63,0.03,49,79,0,-,1.6,0.03,0.06,2,0.06,5,35,0.62,"{""baseName"":""アルゼンチンあかえび"",""state"":""焼き"",""notes"":[""えび・かに類"",""えび類""]}",加熱されたえび類は良質なたんぱく源で適した素材（殻や内臓は除去された状態）。,9,1,1,760,1300,1500,510,200,700,750,640,1400,750,190,780,400,2100,0.60,0.29,0.25,0.04,7,5,99,130,20,"[""アルゼンチンあかえび"",""アルゼンチンアカエビ"",""アルゼンチン赤海老"",""あかえび"",""アカエビ"",""赤えび"",""赤海老"",""Argentine red shrimp"",""shrimp"",""海老""]",アルゼンチンあかえび,焼き,Argentine Red Shrimp,Grilled,85.4,81,15152,"Crustacean, shrimp, mixed species, canned",175180,"Crustaceans, shrimp, cooked",1.033317826346634,,,TRUE,魚介類 > 海老
10,10320,＜えび・かに類＞　（えび類）　いせえび　生,76.6,20.9,0.4,(0),2.1,86,37,330,350,400,39,0.1,1.8,0.65,0.02,-,-,0,(0),3.8,0.01,0.03,2.1,0.14,0.3,15,0.41,"{""baseName"":""いせえび"",""state"":""生"",""notes"":[""えび・かに類"",""えび類""]}",良質な動物性タンパク源。殻や内臓は除去し、加熱して使用する。,9,1,1,860,1500,1600,540,210,740,810,720,1500,780,180,890,430,2200,0.13,0.07,0.05,0.02,2,Tr,27,17,15,"[""いせえび"",""イセエビ"",""伊勢海老"",""iseebi"",""ise ebi"",""spiny lobster"",""Japanese spiny lobster"",""lobster"",""海老""]",伊勢海老,生,Japanese Spiny Lobster,Raw,76.55,,,,174208,"Crustaceans, lobster, northern, raw",2.7409823093641084,,70.3,TRUE,魚介類 > 海老
10,10321,＜えび・かに類＞　（えび類）　くるまえび　養殖　生,76.1,21.6,0.6,(0),1.7,90,41,310,170,430,46,0.7,1.4,0.42,0.02,4,35,0,(0),1.6,0.11,0.06,3.8,0.12,1.9,23,1.11,"{""baseName"":""くるまえび"",""productionMethod"":""養殖"",""state"":""生"",""notes"":[""えび・かに類"",""えび類""]}",養殖くるまえびは良質なたんぱく源だが殻や内臓は除去する必要がある。,9,1,1,790,1400,1600,530,220,750,770,680,1500,780,190,830,400,2100,0.25,0.12,0.08,0.04,27,2,35,44,9,"[""くるまえび"",""クルマエビ"",""車海老"",""kuruma ebi"",""kuruma shrimp"",""kuruma prawn"",""kurumaebi"",""prawn"",""shrimp"",""海老""]",車海老,養殖・生,Kuruma Prawn,"Farmed, Raw",80.7,81,15152,"Crustacean, shrimp, mixed species, canned",175179,"Crustaceans, shrimp, raw",0.7503724529701797,,,TRUE,魚介類 > 海老
10,10322,＜えび・かに類＞　（えび類）　くるまえび　養殖　ゆで,69.3,28.2,0.5,(0),2.0,116,61,390,200,500,57,1.0,1.8,0.62,0.03,-,-,0,(0),2.3,0.09,0.05,4.5,0.08,2.0,17,1.07,"{""baseName"":""くるまえび"",""productionMethod"":""養殖"",""state"":""ゆで"",""notes"":[""えび・かに類"",""えび類""]}",加熱済みのえびは良質なたんぱく源、殻は除去して使用する前提,9,1,1,(1000),(1900),(2100),(690),(290),(980),(1000),(880),(1900),(1000),(250),(1100),(530),(2700),0.21,0.11,0.07,0.03,23,2,29,39,8,"[""くるまえび"",""クルマエビ"",""車海老"",""kuruma ebi"",""kuruma shrimp"",""kuruma prawn"",""kurumaebi"",""prawn"",""shrimp"",""海老""]",車海老,養殖・ゆで,Kuruma Prawn,"Farmed, Boiled",102.95,81,15152,"Crustacean, shrimp, mixed species, canned",175180,"Crustaceans, shrimp, cooked",0.8598788497890314,,,TRUE,魚介類 > 海老
10,10323,＜えび・かに類＞　（えび類）　くるまえび　養殖　焼き,74.4,23.5,0.4,(0),1.7,97,55,330,180,400,49,1.4,1.6,0.58,0.02,-,-,0,(0),2.7,0.11,0.05,3.6,0.08,2.3,15,1.06,"{""baseName"":""くるまえび"",""productionMethod"":""養殖"",""state"":""焼き"",""notes"":[""えび・かに類"",""えび類""]}",養殖くるまえび焼きは加熱された良質なタンパク源。殻や尾は除去して使うとよい。,8,1,1,(860),(1600),(1700),(580),(240),(820),(840),(740),(1600),(840),(210),(900),(440),(2200),0.19,0.09,0.06,0.03,19,2,25,32,7,"[""くるまえび"",""クルマエビ"",""車海老"",""kuruma ebi"",""kuruma shrimp"",""kuruma prawn"",""kurumaebi"",""prawn"",""shrimp"",""海老""]",車海老,養殖・焼き,Kuruma Prawn,"Farmed, Grilled",85.65,81,15152,"Crustacean, shrimp, mixed species, canned",175180,"Crustaceans, shrimp, cooked",0.8310390009464849,,,TRUE,魚介類 > 海老
10,10431,＜えび・かに類＞　（えび類）　さくらえび　生,78.9,16.6,2.0,-,3.1,78,630,330,270,310,69,0.3,1.3,0.90,0.05,110,64,1,0.1,2.3,0.10,0.08,2.3,0.10,4.5,94,0.29,"{""baseName"":""さくらえび"",""state"":""生"",""notes"":[""えび・かに類"",""えび類""]}",さくらえび（生・殻付き）は動物性タンパク源だが殻の有無に注意して利用する,8,1,1,640,1100,1100,390,170,550,650,580,1200,680,170,710,330,840,1.11,0.45,0.37,0.07,19,13,140,190,37,"[""さくらえび"",""サクラエビ"",""桜えび"",""桜海老"",""sakura ebi"",""sakura shrimp"",""shrimp"",""海老""]",さくらえび,生,Sakura Shrimp,Raw,75.1,81,15152,"Crustacean, shrimp, mixed species, canned",175179,"Crustaceans, shrimp, raw",1.520433774639802,,,TRUE,魚介類 > さくらえび
10,10324,＜えび・かに類＞　（えび類）　さくらえび　ゆで,75.6,18.2,1.5,-,4.7,82,690,360,830,250,92,0.5,1.4,2.05,0.09,-,-,6,(0),2.8,0.10,0.08,1.1,0.09,4.3,41,0.37,"{""baseName"":""さくらえび"",""state"":""ゆで"",""notes"":[""えび・かに類"",""えび類""]}",さくらえびは良質なたんぱく源だが甲殻類アレルギーがある犬がいる点に注意,8,1,1,(700),(1200),(1200),(420),(180),(610),(710),(630),(1300),(750),(190),(770),(360),(920),0.66,0.25,0.21,0.04,11,6,89,100,22,"[""さくらえび"",""サクラエビ"",""桜えび"",""桜海老"",""sakura ebi"",""sakura shrimp"",""shrimp"",""海老""]",さくらえび,ゆで,Sakura Shrimp,Boiled,76.45,81,15152,"Crustacean, shrimp, mixed species, canned",175180,"Crustaceans, shrimp, cooked",1.4311405086514524,,,TRUE,魚介類 > さくらえび
10,10326,＜えび・かに類＞　（えび類）　さくらえび　煮干し,23.2,59.1,2.5,-,15.1,252,1500,860,3400,680,260,3.0,4.1,2.61,0.20,-,-,Tr,(0),(3.4),0.16,0.11,3.5,0.05,3.5,82,0.51,"{""baseName"":""さくらえび"",""state"":""煮干し"",""notes"":[""えび・かに類"",""えび類""]}",桜えびは魚介類で風味付けやたんぱく源に使える（殻の取り扱いに注意）,8,1,1,(2300),(3800),(3900),(1400),(600),(2000),(2300),(2100),(4400),(2400),(600),(2500),(1200),(3000),1.06,0.38,0.31,0.06,19,15,130,150,29,"[""さくらえび"",""サクラエビ"",""桜えび"",""桜海老"",""sakura ebi"",""sakura shrimp"",""shrimp"",""海老""]",さくらえび,煮干し,Sakura Shrimp,Dried,228.45,81,15152,"Crustacean, shrimp, mixed species, canned",,,,,,TRUE,魚介類 > さくらえび
10,10327,＜えび・かに類＞　（えび類）　大正えび　生,76.3,21.7,0.3,(0),1.6,89,34,300,200,360,45,0.1,1.4,0.61,0.02,-,-,6,(0),1.8,0.03,0.04,2.4,0.07,2.1,45,0.61,"{""baseName"":""大正えび"",""state"":""生"",""notes"":[""えび・かに類"",""えび類""]}",大正えびは良質なたんぱくだが殻や内臓の除去と加熱が前提で利用する。,7,1,1,(860),(1500),(1700),(570),(240),(810),(830),(700),(1500),(760),(200),(890),(420),(2100),0.14,0.06,0.04,0.01,2,1,21,18,10,"[""大正えび"",""たいしょうえび"",""タイショウエビ"",""大正海老"",""えび"",""エビ"",""海老"",""shrimp"",""prawn""]",大正えび,,Taisho Shrimp,,78.85,81,15152,"Crustacean, shrimp, mixed species, canned",174210,"Crustaceans, shrimp, mixed species, raw (may contain additives to retain moisture)",2.873228006616977,,80.9,TRUE,魚介類 > 海老
10,10328,＜えび・かに類＞　（えび類）　しばえび　生,79.3,18.7,0.4,(0),1.5,78,56,270,250,260,30,1.0,1.0,0.35,0.11,-,-,3,(0),1.7,0.02,0.06,2.2,0.10,1.1,57,0.38,"{""baseName"":""しばえび"",""state"":""生"",""notes"":[""えび・かに類"",""えび類""]}",生のえびは良いタンパク源だがアレルギーや殻・内臓の除去に注意,7,1,1,840,1400,1500,550,260,800,750,640,1400,730,200,840,360,1800,0.19,0.08,0.07,0.01,2,2,32,30,9,"[""しばえび"",""しばエビ"",""シバエビ"",""芝海老"",""えび"",""エビ"",""海老"",""shrimp"",""prawn""]",しばえび,,Shiba Shrimp,,69.2,81,15152,"Crustacean, shrimp, mixed species, canned",175179,"Crustaceans, shrimp, raw",0.7200234288463004,,,TRUE,魚介類 > 海老
10,10415,＜えび・かに類＞　（えび類）　バナメイえび　養殖　生,78.6,19.6,0.6,(0),1.3,82,68,220,140,270,37,1.4,1.2,0.33,0.10,10,27,0,0,1.7,0.03,0.04,3.6,0.14,1.2,38,0.23,"{""baseName"":""バナメイえび"",""productionMethod"":""養殖"",""state"":""生"",""notes"":[""えび・かに類"",""えび類""]}",低脂肪の良質なたんぱく源で犬に適した魚介類（殻は除く）である,9,1,1,790,1400,1600,520,230,750,770,680,1500,770,190,830,400,1800,0.30,0.15,0.08,0.07,47,3,36,40,13,"[""バナメイえび"",""ばなめいえび"",""バナメイエビ"",""バナメイ海老"",""バナメイ"",""えび"",""エビ"",""海老"",""vannamei shrimp"",""whiteleg shrimp"",""shrimp"",""prawn""]",バナメイえび,,Vannamei Shrimp,,73.7,81,15152,"Crustacean, shrimp, mixed species, canned",175179,"Crustaceans, shrimp, raw",0.6625630328238605,,,TRUE,魚介類 > 海老
10,10329,＜えび・かに類＞　（えび類）　ブラックタイガー　養殖　生,79.9,18.4,0.3,(0),1.1,77,67,210,150,230,36,0.2,1.4,0.39,0.02,4,26,1,(0),1.4,0.07,0.03,2.6,0.07,0.9,15,0.59,"{""baseName"":""ブラックタイガー"",""productionMethod"":""養殖"",""state"":""生"",""notes"":[""えび・かに類"",""えび類""]}",エビ類は良質なタンパク源だが殻は除去してから使用するべき,9,1,1,(730),(1300),(1400),(480),(210),(690),(700),(600),(1300),(640),(170),(750),(360),(1700),0.13,0.06,0.04,0.02,17,1,17,21,5,"[""ブラックタイガー"",""ブラックタイガーえび"",""ブラックタイガーエビ"",""ブラックタイガー海老"",""えび"",""エビ"",""海老"",""black tiger shrimp"",""tiger prawn"",""shrimp"",""prawn""]",ブラックタイガー,,Black Tiger Shrimp,,68,81,15152,"Crustacean, shrimp, mixed species, canned",175179,"Crustaceans, shrimp, raw",1.7502891776536285,,,TRUE,魚介類 > 海老
10,10330,＜えび・かに類＞　（えび類）　加工品　干しえび,24.2,48.6,2.8,-,24.1,213,7100,990,1500,740,520,15.0,3.9,5.17,3.93,-,-,14,(0),2.5,0.10,0.19,4.3,0.19,11.0,46,0.72,"{""baseName"":""加工品"",""variety"":""干しえび"",""notes"":[""えび・かに類"",""えび類""]}",干しえびは甲殻類のたんぱく源として使えるが、アレルギーや殻の除去に注意,7,1,1,(1900),(3400),(3700),(1300),(550),(1800),(1900),(1600),(3400),(1700),(460),(2000),(950),(4600),1.17,0.40,0.29,0.11,12,5,120,140,70,"[""干しえび"",""ほしえび"",""ホシエビ"",""干しエビ"",""干し海老"",""ほし海老"",""えび"",""エビ"",""海老"",""dried shrimp"",""dried prawn"",""shrimp"",""prawn""]",干しえび,,Dried Shrimp,,194.95,81,15152,"Crustacean, shrimp, mixed species, canned",,,,,,TRUE,魚介類 > 干し海老
10,10332,＜えび・かに類＞　（かに類）　がざみ　生,83.1,14.4,0.3,(0),1.9,61,110,200,360,300,60,0.3,3.7,1.10,0.06,-,-,0,(0),1.8,0.02,0.15,4.2,0.18,4.7,22,0.78,"{""baseName"":""がざみ"",""state"":""生"",""notes"":[""えび・かに類"",""かに類""]}",がざみ（わたりがに）は良質なたんぱく源だが殻や内臓を適切に除去して使うべき。,8,1,1,(540),(900),(950),(330),(140),(470),(500),(440),(940),(540),(130),(570),(300),(1300),0.13,0.05,0.04,0.01,2,1,19,14,8,"[""がざみ"",""がざみガザミ"",""ガザミ"",""渡り蟹"",""がに"",""かに"",""カニ"",""蟹"",""crab""]",がざみ,,Gazami (Swimming Crab),,54,34,15141,"Crustaceans, crab, blue canned",174205,"Crustaceans, crab, blue, cooked, moist heat",1.7776838725694621,,80.9,TRUE,魚介類 > がざみ
10,10333,＜えび・かに類＞　（かに類）　毛がに　生,81.9,15.8,0.5,(0),1.6,67,61,260,220,340,38,0.5,3.3,0.47,0.03,-,-,Tr,(0),2.2,0.07,0.23,2.3,0.16,1.9,13,0.41,"{""baseName"":""毛がに"",""state"":""生"",""notes"":[""えび・かに類"",""かに類""]}",毛がにの身は良質な動物性たんぱくで利用可能（殻・内臓は除去）。,8,1,1,600,1000,1000,370,160,530,540,500,1000,640,130,630,320,1600,0.26,0.15,0.14,0.01,2,1,100,31,8,"[""毛がに"",""けがに"",""ケガニ"",""毛蟹"",""かに"",""カニ"",""蟹"",""hairy crab"",""horsehair crab"",""crab""]",毛がに,生,Hairy Crab,Raw,60.25,34,15141,"Crustaceans, crab, blue canned",171968,"Crustaceans, crab, dungeness, raw",1.2444903115517851,,,TRUE,魚介類 > 毛がに
10,10334,＜えび・かに類＞　（かに類）　毛がに　ゆで,79.2,18.4,0.5,(0),1.7,78,66,200,240,280,39,0.6,3.8,0.46,0.02,-,-,Tr,(0),3.7,0.07,0.23,2.4,0.13,2.5,10,0.40,"{""baseName"":""毛がに"",""state"":""ゆで"",""notes"":[""えび・かに類"",""かに類""]}",ゆで毛がには良質なたんぱく源。殻は除去して与える必要がある,8,1,1,(690),(1200),(1200),(420),(180),(590),(640),(560),(1200),(690),(160),(730),(380),(1700),0.25,0.14,0.13,0.01,2,1,98,31,6,"[""毛がに"",""けがに"",""ケガニ"",""毛蟹"",""かに"",""カニ"",""蟹"",""hairy crab"",""horsehair crab"",""crab""]",毛がに,ゆで,Hairy Crab,Boiled,69.35,34,15141,"Crustaceans, crab, blue canned",174205,"Crustaceans, crab, blue, cooked, moist heat",1.1241899197687975,,80.9,TRUE,魚介類 > 毛がに
10,10335,＜えび・かに類＞　（かに類）　ずわいがに　生,84.0,13.9,0.4,(0),1.6,59,90,170,310,310,42,0.5,2.6,0.35,0.02,58,97,Tr,(0),2.1,0.24,0.60,8.0,0.13,4.3,15,0.48,"{""baseName"":""ずわいがに"",""state"":""生"",""notes"":[""えび・かに類"",""かに類""]}",ずわいがには甲殻類の良質なタンパク源（殻や内臓は除去前提）,8,1,1,550,880,940,310,130,440,500,440,950,550,130,580,300,1100,0.22,0.13,0.11,0.02,2,Tr,68,33,14,"[""ずわいがに"",""ズワイガニ"",""ずわい蟹"",""ズワイ蟹"",""ずわいかに"",""かに"",""カニ"",""蟹"",""snow crab"",""crab""]",ずわいがに,生,Snow Crab,Raw,52.4,34,15141,"Crustaceans, crab, blue canned",174205,"Crustaceans, crab, blue, cooked, moist heat",1.773704800781862,,80.9,TRUE,魚介類 > ずわいがに
10,10336,＜えび・かに類＞　（かに類）　ずわいがに　ゆで,82.5,15.0,0.6,(0),1.8,65,120,150,240,240,55,0.7,3.1,0.56,0.02,-,-,Tr,(0),2.6,0.21,0.57,6.1,0.11,7.2,9,0.54,"{""baseName"":""ずわいがに"",""state"":""ゆで"",""notes"":[""えび・かに類"",""かに類""]}",加熱済みの蟹肉はタンパク源として利用できるが殻の除去とアレルギーに注意,8,1,1,(560),(940),(990),(340),(140),(480),(520),(460),(980),(560),(130),(590),(310),(1300),0.33,0.19,0.16,0.03,3,1,100,50,22,"[""ずわいがに"",""ズワイガニ"",""ずわい蟹"",""ズワイ蟹"",""ずわいかに"",""かに"",""カニ"",""蟹"",""snow crab"",""crab""]",ずわいがに,ゆで,Snow Crab,Boiled,57.95,34,15141,"Crustaceans, crab, blue canned",174205,"Crustaceans, crab, blue, cooked, moist heat",1.5849701890569825,,80.9,TRUE,魚介類 > ずわいがに
10,10337,＜えび・かに類＞　（かに類）　ずわいがに　水煮缶詰,81.1,16.3,0.4,(0),2.0,69,68,120,670,21,29,0.5,4.7,0.35,0.10,-,-,0,(0),2.0,0,0.03,0.1,Tr,0.2,1,0,"{""baseName"":""ずわいがに"",""state"":""水煮缶詰"",""notes"":[""えび・かに類"",""かに類""]}",水煮のズワイガニ缶は魚介たんぱくだが塩分や殻片に注意が必要,8,1,1,(610),(1000),(1100),(370),(160),(530),(570),(500),(1100),(610),(140),(650),(340),(1500),0.18,0.09,0.08,0.02,1,1,43,30,10,"[""ずわいがに"",""ズワイガニ"",""ずわい蟹"",""ズワイ蟹"",""かに缶詰"",""カニ缶詰"",""缶詰"",""canned crab"",""crab""]",ずわいがに,水煮缶詰,Snow Crab,Canned in water,61.15,34,15141,"Crustaceans, crab, blue canned",,,,,,TRUE,魚介類 > ずわいがに
10,10338,＜えび・かに類＞　（かに類）　たらばがに　生,84.7,13.0,0.9,(0),1.8,56,51,220,340,280,41,0.3,3.2,0.43,0.03,43,25,0,(0),1.9,0.05,0.07,2.1,0.14,5.8,21,0.65,"{""baseName"":""たらばがに"",""state"":""生"",""notes"":[""えび・かに類"",""かに類""]}",蟹は良質な甲殻類タンパク。殻や内臓を除いて使用すれば適切,9,1,1,480,810,830,290,160,440,450,450,890,510,130,510,270,1400,0.46,0.25,0.22,0.04,3,Tr,140,66,28,"[""たらばがに"",""タラバガニ"",""たらば蟹"",""タラバ蟹"",""たらばがに"",""かに"",""カニ"",""蟹"",""king crab"",""crab""]",たらばがに,生,King Crab,Raw,53.15,,,,175164,"Crustaceans, crab, alaska king, raw",1.5467724917869494,,,TRUE,魚介類 > たらばがに
10,10339,＜えび・かに類＞　（かに類）　たらばがに　ゆで,80.0,17.5,1.5,(0),1.7,77,48,190,310,230,51,0.2,4.2,0.41,0.04,62,35,0,(0),3.0,0.07,0.06,1.8,0.13,9.9,15,0.48,"{""baseName"":""たらばがに"",""state"":""ゆで"",""notes"":[""えび・かに類"",""かに類""]}",茹でたたらばがには良質な魚介類だが殻や硬い部位は除去し骨片に注意する必要がある。,8,1,1,710,1200,1200,420,230,650,660,640,1300,780,200,770,400,1700,0.79,0.42,0.37,0.05,5,Tr,240,100,32,"[""たらばがに"",""タラバガニ"",""たらば蟹"",""タラバ蟹"",""たらばがに"",""かに"",""カニ"",""蟹"",""king crab"",""crab""]",たらばがに,ゆで,King Crab,Boiled,74,34,15141,"Crustaceans, crab, blue canned",,,,,,TRUE,魚介類 > たらばがに
10,10340,＜えび・かに類＞　（かに類）　たらばがに　水煮缶詰,77.0,20.6,0.3,(0),2.0,85,52,220,580,90,34,0.2,6.3,0.58,0.06,-,-,Tr,(0),2.9,0.02,0.10,0.2,0.04,6.1,4,0.26,"{""baseName"":""たらばがに"",""state"":""水煮缶詰"",""notes"":[""えび・かに類"",""かに類""]}",たらばがにの缶詰は良質な魚介たんぱくで使用可能（殻や液汁を除く前提）。,8,1,1,(770),(1300),(1400),(470),(200),(670),(720),(630),(1300),(770),(180),(820),(430),(1800),0.13,0.07,0.06,0.01,2,Tr,38,16,5,"[""たらばがに"",""タラバガニ"",""たらば蟹"",""タラバ蟹"",""かに缶詰"",""カニ缶詰"",""缶詰"",""canned crab"",""king crab"",""crab""]",たらばがに,水煮缶詰,King Crab,Canned in water,75,34,15141,"Crustaceans, crab, blue canned",,,,,,TRUE,魚介類 > たらばがに
10,10342,＜いか・たこ類＞　（いか類）　あかいか　生,79.3,17.9,1.5,(0),1.4,81,12,280,200,330,46,0.1,1.2,0.21,0.02,5,28,4,(0),2.2,0.01,0.02,2.1,0.10,2.3,2,0.31,"{""baseName"":""あかいか"",""state"":""生"",""notes"":[""いか・たこ類"",""いか類""]}",生のあかいかは良質なたんぱく源だが、生食由来のリスクに留意して調理すれば素材として適する。,7,1,1,670,1200,1300,460,170,640,600,520,1100,720,160,660,430,1400,0.73,0.45,0.43,0.01,1,Tr,97,330,7,"[""あかいか"",""赤いか"",""アカイカ"",""あかイカ"",""いか"",""イカ"",""烏賊"",""squid""]",あかいか,,Red Squid,,75.4,,,,,,,,,TRUE,魚介類 > イカ
10,10343,＜いか・たこ類＞　（いか類）　けんさきいか　生,80.0,17.5,1.0,(0),1.4,77,12,260,210,330,46,0.1,1.3,0.16,0.02,-,-,7,(0),1.6,0.01,0.02,2.5,0.11,2.5,4,0.28,"{""baseName"":""けんさきいか"",""state"":""生"",""notes"":[""いか・たこ類"",""いか類""]}",けんさきいかはたんぱく質源として利用可能だが、生の魚介は消化性やアレルギーに注意,8,1,1,(620),(1100),(1100),(390),(220),(600),(530),(490),(1000),(650),(150),(650),(390),(1100),0.42,0.22,0.19,0.03,1,Tr,52,140,18,"[""けんさきいか"",""けんさきイカ"",""ケンサキイカ"",""剣先いか"",""剣先烏賊"",""けんさき"",""いか"",""イカ"",""烏賊"",""squid"",""kensaki squid"",""spear squid""]",けんさきいか,,Swordtip Squid,,70.1,,,,,,,,,TRUE,魚介類 > イカ
10,10344,＜いか・たこ類＞　（いか類）　こういか　生,83.4,14.9,1.3,(0),1.3,64,17,170,280,220,48,0.1,1.5,0.45,0.02,4,23,5,(0),2.2,0.03,0.05,1.3,0.06,1.4,3,0.52,"{""baseName"":""こういか"",""state"":""生"",""notes"":[""いか・たこ類"",""いか類""]}",いか類は良質なたんぱく源だが加熱と内臓除去が必要,7,1,1,550,1000,1000,350,140,490,470,420,890,590,120,510,270,990,0.57,0.33,0.28,0.05,2,Tr,78,190,34,"[""こういか"",""コウイカ"",""甲いか"",""甲烏賊"",""こういか"",""いか"",""イカ"",""烏賊"",""cuttlefish"",""squid""]",こういか,,Cuttlefish,,63.2,,,,,,,,,TRUE,魚介類 > イカ
10,10345,＜いか・たこ類＞　（いか類）　するめいか　生,80.2,17.9,0.8,(0),1.3,76,11,250,210,300,46,0.1,1.5,0.29,Tr,7,41,13,0.3,2.1,0.07,0.05,4.0,0.21,4.9,5,0.34,"{""baseName"":""するめいか"",""state"":""生"",""notes"":[""いか・たこ類"",""いか類""]}",するめいか（生）は良質な魚介類だが生のままは処理や加熱が望ましいためやや減点,8,1,1,(710),(1200),(1200),(450),(190),(640),(590),(510),(1100),(730),(150),(680),(400),(1200),0.33,0.19,0.18,0.01,1,Tr,43,130,8,"[""するめいか"",""するめイカ"",""スルメイカ"",""鯣烏賊"",""するめ"",""いか"",""イカ"",""烏賊"",""squid"",""surume ika""]",するめいか,生,Surume Squid,Raw,69.45,,,,,,,,,TRUE,魚介類 > イカ
10,10346,＜いか・たこ類＞　（いか類）　するめいか　水煮,74.6,21.9,0.9,(0),1.4,98,14,280,230,310,52,0.1,1.8,0.40,0.01,10,42,16,0,2.5,0.05,0.06,4.9,0.23,5.3,5,0.42,"{""baseName"":""するめいか"",""state"":""水煮"",""notes"":[""いか・たこ類"",""いか類""]}",水煮されたするめいかは良質な海洋性タンパク源で、調味が強くなければ犬の素材として適切。,9,1,1,(870),(1500),(1500),(550),(240),(780),(730),(630),(1400),(890),(180),(830),(500),(1500),0.36,0.21,0.20,0.01,1,Tr,46,150,9,"[""するめいか"",""するめイカ"",""スルメイカ"",""鯣烏賊"",""するめ"",""いか"",""イカ"",""烏賊"",""squid"",""surume ika""]",するめいか,水煮,Surume Squid,Boiled,88.5,,,,,,,,,TRUE,魚介類 > イカ
10,10347,＜いか・たこ類＞　（いか類）　するめいか　焼き,71.8,23.6,1.0,(0),1.6,108,14,300,330,360,57,0.2,1.9,0.41,Tr,10,46,22,0,2.5,0.09,0.07,5.8,0.26,5.4,7,0.44,"{""baseName"":""するめいか"",""state"":""焼き"",""notes"":[""いか・たこ類"",""いか類""]}",焼きするめいかは良質な魚介のたんぱく源で犬のレシピ素材として適している。,9,1,1,(940),(1600),(1600),(590),(260),(850),(780),(680),(1500),(970),(200),(900),(530),(1600),0.38,0.22,0.21,0.01,1,Tr,49,150,9,"[""するめいか"",""するめイカ"",""スルメイカ"",""鯣烏賊"",""するめ"",""いか"",""イカ"",""烏賊"",""squid"",""surume ika""]",するめいか,焼き,Surume Squid,Grilled,98.1,,,,,,,,,TRUE,魚介類 > イカ
10,10417,＜いか・たこ類＞　（いか類）　するめいか　胴　皮つき　生,79.8,18.6,0.7,(0),1.4,78,10,280,200,330,48,0.1,1.4,0.27,0.01,6,40,12,0.3,1.9,0.06,0.04,5.1,0.27,4.4,6,0.36,"{""baseName"":""するめいか"",""part"":""胴"",""formModifiers"":[""皮つき""],""state"":""生"",""notes"":[""いか・たこ類"",""いか類""]}",するめいかは良質な魚介で加熱調理して使える,8,1,1,730,1200,1300,460,190,650,620,530,1100,740,160,710,460,1200,0.41,0.26,0.25,0.01,Tr,Tr,58,190,9,"[""するめいか"",""スルメイカ"",""するめ"",""スルメ"",""いか"",""イカ"",""烏賊"",""胴"",""squid"",""Surumeika""]",するめいか,胴・皮つき・生,Surume Squid,"Mantle, Skin-on, Raw",71.05,,,,,,,,,TRUE,魚介類 > イカ
10,10418,＜いか・たこ類＞　（いか類）　するめいか　胴　皮なし　生,79.1,18.6,0.6,(0),1.4,80,10,270,200,340,48,0.1,1.5,0.27,0.01,6,38,11,0.2,1.5,0.06,0.04,4.7,0.29,4.3,2,0.31,"{""baseName"":""するめいか"",""part"":""胴"",""formModifiers"":[""皮なし""],""state"":""生"",""notes"":[""いか・たこ類"",""いか類""]}",するめいか（胴、生）は高品質なタンパク源で利用可能だが、生の魚介特有の取り扱いに注意が必要。,8,1,1,740,1300,1300,470,200,670,630,540,1200,760,160,710,470,1200,0.30,0.19,0.18,0.01,Tr,Tr,40,140,6,"[""するめいか"",""スルメイカ"",""するめ"",""スルメ"",""いか"",""イカ"",""烏賊"",""胴"",""squid"",""Surumeika""]",するめいか,胴・皮なし・生,Surume Squid,"Mantle, Skinless, Raw",71.25,,,,,,,,,TRUE,魚介類 > イカ
10,10420,＜いか・たこ類＞　（いか類）　するめいか　耳・足　生,80.8,16.9,0.9,(0),1.3,75,13,210,230,270,45,0.1,1.6,0.31,0,8,42,15,0.4,2.4,0.09,0.06,2.6,0.14,5.6,4,0.32,"{""baseName"":""するめいか"",""variety"":""耳・足"",""state"":""生"",""notes"":[""いか・たこ類"",""いか類""]}",するめいかの耳・足（生）は魚介類として良いタンパク源だが、生のままは扱いに注意が必要です。,8,1,1,680,1200,1100,430,200,630,560,500,1100,710,140,640,330,1300,0.54,0.35,0.33,0.02,1,Tr,76,250,12,"[""するめいか"",""スルメイカ"",""いか"",""イカ"",""烏賊"",""耳"",""みみ"",""足"",""あし"",""tentacles"",""squid""]",するめいか,耳・足・生,Surume Squid,"Fins & Tentacles, Raw",67.15,,,,,,,,,TRUE,魚介類 > イカ
10,10348,＜いか・たこ類＞　（いか類）　ほたるいか　生,83.0,11.8,3.5,(0),1.5,74,14,170,270,290,39,0.8,1.3,3.42,0.05,-,-,1500,(0),4.3,0.19,0.27,2.6,0.15,14.0,34,1.09,"{""baseName"":""ほたるいか"",""state"":""生"",""notes"":[""いか・たこ類"",""いか類""]}",ほたるいかは魚介類として利用可能だが内臓を含む場合は鮮度や処理状態に注意,7,1,1,480,710,700,330,210,540,410,380,800,430,120,500,240,610,2.21,0.94,0.83,0.10,22,14,310,450,58,"[""ほたるいか"",""ホタルイカ"",""蛍烏賊"",""いか"",""イカ"",""烏賊"",""firefly squid"",""squid""]",ほたるいか,生,Firefly Squid,Raw,71.75,,,,,,,,,TRUE,魚介類 > ホタルイカ
10,10349,＜いか・たこ類＞　（いか類）　ほたるいか　ゆで,78.1,17.7,2.9,(0),0.9,91,22,200,240,240,32,1.1,1.9,2.97,0.08,-,-,1900,(0),4.5,0.20,0.30,2.3,0.09,14.0,29,0.64,"{""baseName"":""ほたるいか"",""state"":""ゆで"",""notes"":[""いか・たこ類"",""いか類""]}",ゆでほたるいかは良質な魚介タンパクだが、風味が強くアレルギーや消化を考慮して量に注意。,8,1,1,(720),(1100),(1100),(500),(310),(810),(620),(570),(1200),(650),(180),(750),(360),(920),1.41,0.74,0.67,0.07,9,5,240,400,45,"[""ほたるいか"",""ホタルイカ"",""蛍烏賊"",""いか"",""イカ"",""烏賊"",""firefly squid"",""squid""]",ほたるいか,ゆで,Firefly Squid,Boiled,88,,,,174223,"Mollusks, squid, mixed species, raw",1.2820758725200423,,65,TRUE,魚介類 > ホタルイカ
10,10350,＜いか・たこ類＞　（いか類）　ほたるいか　くん製,23.0,43.1,7.5,(0),5.1,305,55,650,1500,240,56,10.0,5.2,12.00,0.34,-,-,150,(0),2.3,0.40,0.50,4.5,0.04,27.0,25,1.28,"{""baseName"":""ほたるいか"",""state"":""くん製"",""notes"":[""いか・たこ類"",""いか類""]}",くん製のほたるいかはたんぱく源として利用可能だが燻製処理により塩分等に注意。,7,1,1,(1700),(2600),(2600),(1200),(760),(2000),(1500),(1400),(2900),(1600),(440),(1800),(870),(2200),3.27,0.83,0.68,0.13,39,19,290,320,63,"[""ほたるいか"",""ホタルイカ"",""蛍烏賊"",""いか"",""イカ"",""烏賊"",""firefly squid"",""squid""]",ほたるいか,くん製,Firefly Squid,Smoked,289.15,,,,,,,,,TRUE,魚介類 > ホタルイカ
10,10352,＜いか・たこ類＞　（いか類）　やりいか　生,79.7,17.6,1.0,(0),1.3,79,10,280,170,300,42,0.1,1.2,0.25,0.02,-,-,8,(0),1.4,0.04,0.03,3.5,0.10,1.1,5,0.27,"{""baseName"":""やりいか"",""state"":""生"",""notes"":[""いか・たこ類"",""いか類""]}",やりいかは良質な海洋性たんぱく源で犬の素材として適切（加熱で安全性向上）,9,1,1,640,1100,1200,420,180,600,570,500,1100,700,140,630,320,1300,0.49,0.26,0.25,0.01,2,1,75,170,9,"[""やりいか"",""ヤリイカ"",""槍烏賊"",""いか"",""イカ"",""烏賊"",""squid"",""yariika""]",やりいか,生,Spear Squid,Raw,71.5,,,,,,,,,TRUE,魚介類 > イカ
10,10353,＜いか・たこ類＞　（いか類）　加工品　するめ,20.2,69.2,4.3,(0),5.9,304,43,1100,890,1100,170,0.8,5.4,0.99,0.06,-,-,22,(0),4.4,0.10,0.10,14.0,0.34,12.0,11,1.57,"{""baseName"":""加工品"",""variety"":""するめ"",""notes"":[""いか・たこ類"",""いか類""]}",するめは良質な海産タンパクだが乾燥により硬さや塩分が高い場合があり注意が必要です。,7,1,1,(2500),(4300),(4200),(1500),(850),(2400),(2100),(1900),(4000),(2600),(590),(2600),(1500),(4500),1.61,0.89,0.80,0.09,3,2,160,620,88,"[""するめ"",""スルメ"",""あたりめ"",""するめいか"",""スルメイカ"",""dried squid"",""surume"",""squid""]",するめ,,Dried Squid,,280.15,,,,,,,,,TRUE,加工食材 > するめ
10,10360,＜いか・たこ類＞　（たこ類）　いいだこ　生,83.2,14.6,0.8,(0),1.3,64,20,190,250,200,43,2.2,3.1,2.96,0.06,-,-,35,(0),2.7,0.01,0.08,3.2,0.11,2.0,37,0.70,"{""baseName"":""いいだこ"",""state"":""生"",""notes"":[""いか・たこ類"",""たこ類""]}",いいだこ（生）は良質な魚介たんぱくだが生の状態は寄生虫や微生物の懸念があるため加熱が望ましい,7,1,1,(520),(900),(880),(320),(180),(500),(440),(410),(850),(550),(120),(540),(330),(960),0.37,0.20,0.17,0.03,2,1,77,82,22,"[""いいだこ"",""イイダコ"",""飯蛸"",""たこ"",""タコ"",""蛸"",""iidako"",""baby octopus"",""octopus""]",いいだこ,生,Baby Octopus,Raw,58.25,,,,,,,,,TRUE,魚介類 > タコ
10,10361,＜いか・たこ類＞　（たこ類）　まだこ　皮つき　生,81.1,16.1,0.9,(0),1.7,70,15,160,390,300,55,0.6,1.6,0.38,0.03,6,22,1,0,0.8,0.03,0.08,2.1,0.08,1.3,3,0.23,"{""baseName"":""まだこ"",""formModifiers"":[""皮つき""],""state"":""生"",""notes"":[""いか・たこ類"",""たこ類""]}",まだこは良質な魚介たんぱくだが調理や咀嚼しやすさに配慮が必要。,7,1,1,610,1000,970,300,140,440,470,450,920,680,120,590,310,1200,0.26,0.11,0.07,0.03,2,2,20,39,11,"[""まだこ"",""マダコ"",""真蛸"",""たこ"",""タコ"",""蛸"",""madako"",""octopus""]",まだこ,皮つき・生,Common Octopus,"Skin-on, Raw",64.7,,,,,,,,,TRUE,魚介類 > タコ
10,10471,＜いか・たこ類＞　（たこ類）　まだこ　皮なし　生,76.1,19,1,-,2.5,88,15,210,700,340,54,0.1,1.8,0.17,0.02,6,24,1,0,0.9,0.04,0.04,2.9,0.12,1.4,4,0.15,"{""baseName"":""まだこ"",""formModifiers"":[""皮なし""],""state"":""生"",""notes"":[""いか・たこ類"",""たこ類""]}",たこは低脂肪で高タンパクの食材。鮮度管理を前提に素材として適している。,9,0,1,,,,,,,,,,,,,,,0.42,0.26,0.21,0.05,1,1,78,120,36,"[""まだこ"",""マダコ"",""真蛸"",""たこ"",""タコ"",""蛸"",""madako"",""octopus""]",まだこ,皮なし・生,Common Octopus,"Skinless, Raw",79.9,,,,,,,,,TRUE,魚介類 > タコ
10,10362,＜いか・たこ類＞　（たこ類）　まだこ　ゆで,76.2,21.7,0.7,(0),1.3,91,19,120,230,240,52,0.2,1.8,0.43,0.04,8,28,5,(0),1.9,0.03,0.05,1.9,0.07,1.2,2,0.17,"{""baseName"":""まだこ"",""state"":""ゆで"",""notes"":[""いか・たこ類"",""たこ類""]}",茹でたまだこは魚介の良質なタンパク源で犬のレシピ素材として適している。,9,1,1,(820),(1400),(1300),(400),(190),(590),(640),(610),(1200),(910),(160),(800),(410),(1600),0.20,0.12,0.10,0.02,Tr,Tr,35,63,15,"[""まだこ"",""マダコ"",""真蛸"",""たこ"",""タコ"",""蛸"",""madako"",""octopus""]",まだこ,ゆで,Common Octopus,Boiled,82.25,,,,,,,,,TRUE,魚介類 > タコ
10,10472,＜いか・たこ類＞　（たこ類）　まだこ　蒸しだこ,80.3,16.8,1.2,-,1.6,75,15,160,460,160,42,0.1,1.8,0.28,0.03,8,26,2,0,1.2,0.03,0.04,1.5,0.07,1.5,2,0.11,"{""baseName"":""まだこ"",""variety"":""蒸しだこ"",""notes"":[""いか・たこ類"",""たこ類""]}",蒸しダコは加熱済みの良質な魚介たんぱくで犬の素材として適している,9,0,1,,,,,,,,,,,,,,,0.46,0.29,0.23,0.05,2,1,86,130,39,"[""まだこ"",""マダコ"",""真蛸"",""たこ"",""タコ"",""蛸"",""madako"",""octopus""]",蒸しだこ,,Steamed Octopus,,69.35,,,,,,,,,TRUE,魚介類 > タコ
10,10473,＜いか・たこ類＞　（たこ類）　まだこ　蒸しだこ　油いため,72.7,22.4,3,-,1.8,112,18,180,480,170,47,0.1,2.6,0.4,0.04,10,32,4,-,2.1,0.03,0.04,1.6,0.08,1.8,1,0.12,"{""baseName"":""まだこ"",""variety"":""蒸しだこ"",""state"":""油いため"",""notes"":[""いか・たこ類"",""たこ類""]}",蒸しだこは低脂肪・高たんぱくで使用しやすいが油いための加工がある点は考慮要。,8,0,1,,,,,,,,,,,,,,,1.85,0.75,0.45,0.30,230,100,130,190,59,"[""まだこ"",""マダコ"",""真蛸"",""たこ"",""タコ"",""蛸"",""madako"",""octopus""]",蒸しだこ,油いため,Steamed Octopus,Stir-fried (in oil),104.25,,,,,,,,,TRUE,魚介類 > タコ
10,10474,＜いか・たこ類＞　（たこ類）　まだこ　蒸しだこ　素揚げ,68.6,26,4,-,2.1,131,22,210,560,200,58,0.1,2.9,0.41,0.04,10,35,4,-,2.5,0.04,0.05,1.9,0.08,1.9,1,0.16,"{""baseName"":""まだこ"",""variety"":""蒸しだこ"",""state"":""素揚げ"",""notes"":[""いか・たこ類"",""たこ類""]}",蒸したたこを素揚げしたものは良質な魚介たんぱくだが、揚げ油による脂質に注意。,8,0,1,,,,,,,,,,,,,,,2.59,0.94,0.48,0.45,390,170,110,180,54,"[""まだこ"",""マダコ"",""真蛸"",""たこ"",""タコ"",""蛸"",""madako"",""octopus""]",蒸しだこ,素揚げ,Steamed Octopus,Deep-fried,125,,,,,,,,,TRUE,魚介類 > タコ
10,10432,＜いか・たこ類＞　（たこ類）　みずだこ　生,83.5,13.4,0.9,(0),1.8,61,19,150,430,270,60,0.1,1.6,0.64,0.04,8,46,4,0.1,1.1,0.04,0.05,1.9,0.05,0.8,6,0.43,"{""baseName"":""みずだこ"",""state"":""生"",""notes"":[""いか・たこ類"",""たこ類""]}",みずだこは低脂肪で良質な魚介たんぱくで犬の素材として適している。,9,1,1,490,830,790,280,130,410,400,390,780,550,110,480,250,860,0.36,0.23,0.19,0.04,2,Tr,69,110,30,"[""みずだこ"",""ミズダコ"",""水蛸"",""たこ"",""タコ"",""蛸"",""mizu dako"",""giant octopus"",""octopus""]",みずだこ,生,Giant Octopus,Raw,55.95,,,,,,,,,TRUE,魚介類 > タコ
10,10367,＜その他＞　うに　練りうに,53.1,13.5,2.9,(0),8.1,166,38,220,2800,230,41,1.8,1.3,0.06,0.05,-,-,Tr,(0),4.4,Tr,0.30,0.7,0.06,4.8,87,1.22,"{""baseName"":""うに"",""variety"":""練りうに"",""notes"":[""その他""]}",海産の練り物でたんぱく源となるが風味や塩分が強いことがあるため注意が必要,7,1,1,(530),(780),(810),(310),(220),(530),(450),(490),(940),(570),(170),(650),(260),(830),2.00,0.39,0.17,0.21,110,21,85,10,71,"[""うに"",""ウニ"",""雲丹"",""海胆"",""練りうに"",""uni"",""sea urchin"",""sea urchin paste""]",練りうに,,Sea Urchin Paste,,150.3,,,,,,,,,FALSE,
10,10369,＜その他＞　おきあみ　ゆで,79.8,13.8,3.0,-,3.4,78,350,310,620,200,110,0.6,0.9,1.83,0.11,-,-,150,(0),2.2,0.21,0.25,1.4,0.07,4.0,36,0.30,"{""baseName"":""おきあみ"",""state"":""ゆで"",""notes"":[""その他""]}",茹でたおきあみは海産の良いタンパク源だが塩分・加工度に注意,8,1,1,(570),(860),(930),(300),(160),(450),(500),(380),(880),(540),(130),(620),(270),(630),1.99,0.80,0.70,0.06,40,40,320,200,8,"[""おきあみ"",""オキアミ"",""沖揚"",""krill"",""エビ"",""shrimp"",""krill shrimp""]",おきあみ,ゆで,Krill,Boiled,73.8,,,,175180,"Crustaceans, shrimp, cooked",1.7823668376229522,,,FALSE,
10,10370,＜その他＞　くらげ　塩蔵　塩抜き,94.2,5.2,0.1,(0),0.5,21,2,26,110,1,4,0.3,Tr,0.06,Tr,-,-,0,(0),0,Tr,0.01,0,0,0.2,3,0,"{""baseName"":""くらげ"",""variety"":""塩蔵"",""state"":""塩抜き"",""notes"":[""その他""]}",塩抜き済みのくらげは低脂肪で問題なく、食感や栄養面は限定的だが使用可能,7,0,1,,,,,,,,,,,,,,,0.04,0,0,0,Tr,0,0,0,0,"[""くらげ"",""クラゲ"",""海月"",""塩蔵くらげ"",""jellyfish"",""salted jellyfish""]",塩蔵くらげ,塩抜き,Salted Jellyfish,Desalted,19.05,,,,,,,,,FALSE,
10,10371,＜その他＞　しゃこ　ゆで,77.2,19.2,1.7,(0),1.7,89,88,250,310,230,40,0.8,3.3,3.46,0.13,-,-,180,(0),2.8,0.26,0.13,1.2,0.06,13.0,15,0.30,"{""baseName"":""しゃこ"",""state"":""ゆで"",""notes"":[""その他""]}",ゆでしゃこ（むきみ）は加熱済みのえび類で動物性タンパク源として利用できる,8,1,1,870,1400,1600,470,220,690,730,680,1400,800,220,950,470,1500,0.80,0.32,0.26,0.06,10,2,110,120,34,"[""しゃこ"",""シャコ"",""蝦蛄"",""mantis shrimp"",""shako"",""蝦"",""mantis""]",しゃこ,ゆで,Mantis Shrimp,Boiled,82.35,,,,175180,"Crustaceans, shrimp, cooked",1.090554947471174,,,FALSE,
10,10372,＜その他＞　なまこ　生,92.2,4.6,0.3,(0),2.4,22,72,25,680,54,160,0.1,0.2,0.04,0.03,78,37,0,(0),0.4,0.05,0.02,0.1,0.04,2.3,4,0.71,"{""baseName"":""なまこ"",""state"":""生"",""notes"":[""その他""]}",なまこは海産の良質タンパク源で、内臓等を除去すれば利用可能です。,8,1,1,150,200,150,61,51,110,120,110,230,230,35,180,48,330,0.13,0.05,0.03,0.02,2,1,16,6,14,"[""なまこ"",""ナマコ"",""海鼠"",""海参"",""sea cucumber""]",なまこ,生,Sea Cucumber,Raw,20.4,,,,,,,,,FALSE,
10,10378,＜水産練り製品＞　す巻きかまぼこ,75.8,12.0,0.8,(0),2.7,89,25,60,870,85,13,0.2,0.2,0.03,0.03,-,-,Tr,1,0.3,Tr,0.01,0.5,0.01,0.5,2,0.06,"{""baseName"":""す巻きかまぼこ"",""notes"":[""水産練り製品""]}",魚のすり身を原料とする練り製品で良質なたんぱく源だが加工品のためやや加工度が高い。,7,1,1,(650),(1100),(1200),(370),(180),(550),(470),(440),(910),(590),(140),(680),(260),(790),0.62,0.25,0.11,0.14,130,14,31,61,5,"[""す巻きかまぼこ"",""すまきかまぼこ"",""スマキカマボコ"",""す巻き蒲鉾"",""かまぼこ"",""蒲鉾"",""kamaboko""]",す巻きかまぼこ,,Sumaki Kamaboko,,79.25,13,15138,"Crab, Alaska king, imitation, made with surimi",173725,"Fish, pollock, Alaska, raw",2.9804453125626806,,,TRUE,加工食材 > かまぼこ
10,10380,＜水産練り製品＞　焼き抜きかまぼこ,72.8,16.2,1.0,(0),2.6,102,25,60,930,100,16,0.2,0.2,0.02,0.05,-,-,Tr,2,0.3,0.05,0.08,0.7,0.02,0.1,2,0.04,"{""baseName"":""焼き抜きかまぼこ"",""notes"":[""水産練り製品""]}",かまぼこは魚由来の加工品で使用可能だが、加工調味や塩分に注意が必要。,7,1,1,(870),(1400),(1600),(490),(240),(740),(630),(600),(1200),(800),(190),(920),(360),(1100),0.76,0.20,0.16,0.03,9,2,39,110,17,"[""焼き抜きかまぼこ"",""やきぬきかまぼこ"",""ヤキヌキカマボコ"",""焼き抜き蒲鉾"",""かまぼこ"",""蒲鉾"",""kamaboko""]",焼き抜きかまぼこ,,Yakinuki Kamaboko,,91.1,13,15138,"Crab, Alaska king, imitation, made with surimi",,,,,,TRUE,加工食材 > かまぼこ
11,11001,＜畜肉類＞　いのしし　肉　脂身つき　生,60.1,18.8,19.8,(0),0.8,249,4,170,45,270,20,2.5,3.2,0.12,0.01,0,11,4,0.4,0.5,0.24,0.29,5.2,0.35,1.7,1,1.02,"{""baseName"":""いのしし"",""variety"":""肉"",""formModifiers"":[""脂身つき""],""state"":""生"",""notes"":[""畜肉類""]}",良質な肉類でタンパク源として適するが加熱と寄生虫対策が必要。,9,1,1,(880),(1500),(1700),(520),(220),(740),(760),(680),(1400),(930),(230),(970),(800),(1300),17.74,2.55,0.05,2.50,2300,47,0,0,60,"[""いのしし"",""イノシシ"",""猪"",""猪肉"",""ぼたん肉"",""boar"",""wild boar"",""boar meat""]",猪肉,脂身つき・生,Wild Boar,"Fat-on, Raw",235.85,25,10006,"Pork, fresh, separable fat, raw",,,,,,FALSE,
11,11002,＜畜肉類＞　いのぶた　肉　脂身つき　生,56.7,18.1,24.1,(0),0.8,275,4,150,50,280,19,0.8,1.8,0.06,0.01,-,-,11,1.1,0.4,0.62,0.16,6.2,0.48,0.7,Tr,1.23,"{""baseName"":""いのぶた"",""variety"":""肉"",""formModifiers"":[""脂身つき""],""state"":""生"",""notes"":[""畜肉類""]}",猪豚（いのぶた）肉は良質な動物性タンパク源でレシピ素材として適している。,9,1,1,(850),(1500),(1600),(510),(210),(710),(730),(660),(1400),(900),(220),(930),(770),(1300),22.20,2.81,0.29,2.51,2300,140,14,75,53,"[""いのぶた"",""イノブタ"",""猪豚"",""いのぶた肉"",""イノブタ肉"",""inoshishi pig"",""inoshishi pork""]",イノブタ肉,脂身つき・生,Inobuta (Boar–Pig Hybrid),"Fat-on, Raw",269.25,25,10006,"Pork, fresh, separable fat, raw",168222,"Pork, fresh, leg (ham), whole, separable lean and fat, raw",0.6291681955982316,,,FALSE,
11,11003,＜畜肉類＞　うさぎ　肉　赤肉　生,72.2,20.5,6.3,(0),1.0,131,5,300,35,400,27,1.3,1.0,0.05,0.01,-,-,3,0,0.5,0.10,0.19,8.5,0.53,5.6,7,0.74,"{""baseName"":""うさぎ"",""variety"":""肉"",""formModifiers"":[""赤肉""],""state"":""生"",""notes"":[""畜肉類""]}",ウサギ肉（赤肉）は低脂肪で良質なたんぱく源として犬に適している,9,1,1,1000,1700,2000,590,230,820,840,770,1600,1000,240,1100,1000,1300,4.49,1.29,0.13,1.16,1000,130,0,0,140,"[""うさぎ"",""ウサギ"",""兎"",""うさぎ肉"",""ウサギ肉"",""rabbit"",""rabbit meat""]",うさぎ肉,赤肉・生,Rabbit,"Red Meat, Raw",125.3,,,,,,,,,FALSE,
11,11004,＜畜肉類＞　うし　［和牛肉］　かた　脂身つき　生,58.8,17.7,22.3,(0),0.9,258,4,150,47,280,19,0.9,4.9,0.07,0,-,-,Tr,0,0.4,0.08,0.21,4.3,0.32,1.5,6,1.00,"{""baseName"":""うし"",""part"":""かた"",""formModifiers"":[""脂身つき""],""state"":""生"",""notes"":[""畜肉類"",""和牛肉""]}",和牛のかた（生）は良質なたんぱく源で犬のレシピ素材として非常に適している。,9,0,1,,,,,,,,,,,,,,,19.71,0.66,0.03,0.64,560,26,0,0,35,"[""うし"",""ウシ"",""牛"",""牛肉"",""和牛"",""和牛肉"",""かた"",""かた肉"",""肩"",""肩肉"",""shoulder"",""chuck"",""beef""]",和牛肩肉,脂身つき・生,Wagyu Shoulder,"Fat-on, Raw",252.55,75,23034,"Beef, chuck, shoulder clod, shoulder tender, medallion, separable lean and fat, trimmed to 0"" fat, choice, raw",173978,"Beef, Australian, imported, Wagyu, loin, top loin steak/roast, boneless, separable lean and fat, Aust. marble score 4/5, raw",0.8819047825880378,,,TRUE,肉類 > 牛肉 > 牛肩ロース
11,11005,＜畜肉類＞　うし　［和牛肉］　かた　皮下脂肪なし　生,60.7,18.3,19.8,(0),0.9,239,4,160,48,290,19,0.8,5.1,0.08,0,-,-,Tr,0,0.4,0.08,0.22,4.5,0.33,1.6,6,1.04,"{""baseName"":""うし"",""part"":""かた"",""formModifiers"":[""皮下脂肪なし""],""state"":""生"",""notes"":[""畜肉類"",""和牛肉""]}",牛肉は良質なタンパク源で犬のレシピ素材として適する,9,0,1,,,,,,,,,,,,,,,17.48,0.61,0.02,0.59,510,23,0,0,37,"[""うし"",""ウシ"",""牛"",""牛肉"",""和牛"",""和牛肉"",""かた"",""かた肉"",""肩"",""肩肉"",""shoulder"",""chuck"",""beef""]",和牛肩肉,皮下脂肪なし・生,Wagyu Shoulder,"No Subcutaneous Fat, Raw",233.4,85,23036,"Beef, chuck, shoulder clod, shoulder tender, medallion, separable lean and fat, trimmed to 0"" fat, select, raw",173978,"Beef, Australian, imported, Wagyu, loin, top loin steak/roast, boneless, separable lean and fat, Aust. marble score 4/5, raw",1.13499961732484,,,TRUE,肉類 > 牛肉 > 牛肩ロース
11,11006,＜畜肉類＞　うし　［和牛肉］　かた　赤肉　生,66.3,20.2,12.2,(0),1.0,183,4,170,52,320,21,2.7,5.7,0.09,0,-,-,0,0,0.3,0.09,0.24,4.9,0.37,1.7,7,1.14,"{""baseName"":""うし"",""part"":""かた"",""formModifiers"":[""赤肉""],""state"":""生"",""notes"":[""畜肉類"",""和牛肉""]}",和牛の赤肉は良質なタンパク源で犬の素材として適している,9,0,1,,,,,,,,,,,,,,,10.68,0.44,0.01,0.43,350,13,0,0,41,"[""うし"",""ウシ"",""牛"",""牛肉"",""和牛"",""和牛肉"",""かた"",""かた肉"",""肩"",""肩肉"",""shoulder"",""chuck"",""beef""]",和牛肩肉,赤肉・生,Wagyu Shoulder,"Lean, Raw",175.45,85,23036,"Beef, chuck, shoulder clod, shoulder tender, medallion, separable lean and fat, trimmed to 0"" fat, select, raw",173966,"Beef, Australian, imported, Wagyu, loin, tenderloin steak/roast, boneless, separable lean only, Aust. marble score 4/5, raw",0.17056815181741142,,,TRUE,肉類 > 牛肉 > 牛肩ロース
11,11008,＜畜肉類＞　うし　［和牛肉］　かたロース　脂身つき　生,47.9,13.8,37.4,(0),0.7,380,3,120,42,210,14,0.7,4.6,0.06,0.01,-,-,3,0,0.5,0.06,0.17,3.2,0.18,1.1,6,0.90,"{""baseName"":""うし"",""part"":""かたロース"",""formModifiers"":[""脂身つき""],""state"":""生"",""notes"":[""畜肉類"",""和牛肉""]}",和牛のかたロースは良質なタンパク源・脂質源で犬の素材として非常に適している。,10,1,1,(630),(1100),(1200),(360),(160),(520),(570),(480),(1100),(620),(160),(700),(500),(900),(33.41),(1.06),(0.04),(1.01),(920),(45),(0),(0),(23),"[""かたロース"",""かたろーす"",""カタロース"",""肩ロース"",""肩ロース肉"",""かたロース肉"",""牛肩ロース"",""牛肩ロース肉"",""shoulder loin"",""beef""]",和牛肩ロース,脂身つき・生,Wagyu Shoulder Loin,"Fat-on, Raw",366.9,85,23037,"Beef, chuck, shoulder clod, shoulder top and center steaks, steak, separable lean and fat, trimmed to 0"" fat, choice, raw",173979,"Beef, Australian, imported, Wagyu, loin, top loin steak/roast, separable lean and fat, Aust. marble score 9, raw",1.246768595130778,,,TRUE,肉類 > 牛肉 > 牛肩ロース
11,11009,＜畜肉類＞　うし　［和牛肉］　かたロース　皮下脂肪なし　生,48.6,14.0,36.5,(0),0.7,373,3,120,42,210,14,0.7,4.6,0.06,0.01,-,-,3,0,0.5,0.06,0.17,3.3,0.18,1.1,6,0.91,"{""baseName"":""うし"",""part"":""かたロース"",""formModifiers"":[""皮下脂肪なし""],""state"":""生"",""notes"":[""畜肉類"",""和牛肉""]}",和牛かたロースは良質なタンパク源だが脂肪が多めで調整が必要,8,1,1,(640),(1200),(1300),(360),(160),(520),(580),(490),(1100),(630),(170),(700),(510),(910),(32.60),(1.04),(0.04),(0.99),(900),(44),(0),(0),(23),"[""かたロース"",""かたろーす"",""カタロース"",""肩ロース"",""肩ロース肉"",""かたロース肉"",""牛肩ロース"",""牛肩ロース肉"",""shoulder loin"",""beef""]",和牛肩ロース,皮下脂肪なし・生,Wagyu Shoulder Loin,"No Subcutaneous Fat, Raw",359.95,75,23034,"Beef, chuck, shoulder clod, shoulder tender, medallion, separable lean and fat, trimmed to 0"" fat, choice, raw",173979,"Beef, Australian, imported, Wagyu, loin, top loin steak/roast, separable lean and fat, Aust. marble score 9, raw",1.2461943580982429,,,TRUE,肉類 > 牛肉 > 牛肩ロース
11,11010,＜畜肉類＞　うし　［和牛肉］　かたロース　赤肉　生,56.4,16.5,26.1,(0),0.8,293,3,140,49,240,16,2.4,5.6,0.07,0.01,-,-,3,0,0.4,0.07,0.21,3.8,0.21,1.2,7,1.07,"{""baseName"":""うし"",""part"":""かたロース"",""formModifiers"":[""赤肉""],""state"":""生"",""notes"":[""畜肉類"",""和牛肉""]}",牛肉は良質な動物性たんぱく源で犬のレシピ素材として適している,9,1,1,(760),(1400),(1500),(430),(190),(620),(680),(580),(1300),(750),(200),(820),(600),(1100),23.29,0.83,0.03,0.80,700,32,0,0,28,"[""かたロース"",""かたろーす"",""カタロース"",""肩ロース"",""肩ロース肉"",""かたロース肉"",""牛肩ロース"",""牛肩ロース肉"",""shoulder loin"",""beef""]",和牛肩ロース,赤肉・生,Wagyu Shoulder Loin,"Lean, Raw",280.3,75,23034,"Beef, chuck, shoulder clod, shoulder tender, medallion, separable lean and fat, trimmed to 0"" fat, choice, raw",171738,"Beef, Australian, imported, Wagyu, rib, small end rib steak/roast, boneless, separable lean only, Aust. marble score 9, raw",0.3696231030293456,,,TRUE,肉類 > 牛肉 > 牛肩ロース
11,11011,＜畜肉類＞　うし　［和牛肉］　リブロース　脂身つき　生,34.5,9.7,56.5,(0),0.4,514,2,84,39,150,10,1.2,2.6,0.03,0,1,8,10,0,0.6,0.04,0.09,2.4,0.15,1.1,3,0.35,"{""baseName"":""うし"",""part"":""リブロース"",""formModifiers"":[""脂身つき""],""state"":""生"",""notes"":[""畜肉類"",""和牛肉""]}",和牛リブロースは良質なたんぱく源で犬の素材として適切だが脂肪が多めである。,9,1,1,430,760,820,230,110,340,390,330,720,440,100,490,340,640,51.00,1.39,0.07,1.32,1200,68,0,0,31,"[""リブロース"",""りぶろーす"",""リブロース肉"",""牛リブロース"",""牛リブロース肉"",""リブロースステーキ"",""ロース"",""ロース肉"",""rib roast"",""ribeye"",""beef""]",和牛リブロース,脂身つき・生,Wagyu Ribeye,"Fat-on, Raw",514.2,,,,171741,"Beef, Australian, imported, Wagyu, rib, small end rib steak/roast, boneless, separable lean and fat, Aust. marble score 9, raw",0.9325654842325489,,,TRUE,肉類 > 牛肉 > 牛リブロース
11,11249,＜畜肉類＞　うし　［和牛肉］　リブロース　脂身つき　ゆで,29.2,12.6,58.2,(0),0.3,539,2,62,20,75,8,1.4,3.2,0.03,0,1,9,8,0,0.7,0.03,0.08,1.6,0.13,1.2,3,0.20,"{""baseName"":""うし"",""part"":""リブロース"",""formModifiers"":[""脂身つき""],""state"":""ゆで"",""notes"":[""畜肉類"",""和牛肉""]}",ゆでリブロースは良質な牛肉たんぱくだが脂身が多い点に配慮が必要,9,1,1,570,1000,1100,340,150,480,530,450,980,610,140,650,400,880,52.39,1.40,0.07,1.33,1200,65,0,0,27,"[""リブロース"",""りぶろーす"",""リブロース肉"",""牛リブロース"",""牛リブロース肉"",""リブロースステーキ"",""ロース"",""ロース肉"",""rib roast"",""ribeye"",""beef""]",和牛リブロース,脂身つき・ゆで,Wagyu Ribeye,"Fat-on, Boiled",538.8,,,,171741,"Beef, Australian, imported, Wagyu, rib, small end rib steak/roast, boneless, separable lean and fat, Aust. marble score 9, raw",0.6932665559547745,,,TRUE,肉類 > 牛肉 > 牛リブロース
11,11248,＜畜肉類＞　うし　［和牛肉］　リブロース　脂身つき　焼き,27.7,14.6,56.8,(0),0.6,541,3,110,50,200,13,1.6,3.6,0.04,0,1,11,7,0,0.7,0.05,0.12,3.2,0.19,1.7,5,0.49,"{""baseName"":""うし"",""part"":""リブロース"",""formModifiers"":[""脂身つき""],""state"":""焼き"",""notes"":[""畜肉類"",""和牛肉""]}",焼いた和牛リブロースは良質なタンパク源で犬のレシピ素材として適している,9,1,1,640,1200,1200,340,150,500,590,500,1100,680,150,720,510,1000,51.90,1.33,0.06,1.27,1200,64,0,0,26,"[""リブロース"",""りぶろーす"",""リブロース肉"",""牛リブロース"",""牛リブロース肉"",""リブロースステーキ"",""ロース"",""ロース肉"",""rib roast"",""ribeye"",""beef""]",和牛リブロース,脂身つき・焼き,Wagyu Ribeye,"Fat-on, Grilled",534.95,,,,171741,"Beef, Australian, imported, Wagyu, rib, small end rib steak/roast, boneless, separable lean and fat, Aust. marble score 9, raw",0.35356241476478595,,,TRUE,肉類 > 牛肉 > 牛リブロース
11,11012,＜畜肉類＞　うし　［和牛肉］　リブロース　皮下脂肪なし　生,36.1,10.3,54.4,(0),0.5,502,3,88,41,160,10,1.3,2.8,0.03,0,1,8,10,0,0.6,0.04,0.09,2.6,0.16,1.2,4,0.37,"{""baseName"":""うし"",""part"":""リブロース"",""formModifiers"":[""皮下脂肪なし""],""state"":""生"",""notes"":[""畜肉類"",""和牛肉""]}",和牛リブロースは良質なタンパク源で犬のレシピ素材として非常に適している。,10,1,1,490,870,940,270,120,390,440,380,820,510,120,560,380,720,49.22,1.33,0.06,1.27,1200,65,0,0,30,"[""リブロース"",""りぶろーす"",""リブロース肉"",""牛リブロース"",""牛リブロース肉"",""リブロースステーキ"",""ロース"",""ロース肉"",""rib roast"",""ribeye"",""beef""]",和牛リブロース,皮下脂肪なし・生,Wagyu Ribeye,"No Subcutaneous Fat, Raw",498.45,,,,171738,"Beef, Australian, imported, Wagyu, rib, small end rib steak/roast, boneless, separable lean only, Aust. marble score 9, raw",1.1211891364188669,,,TRUE,肉類 > 牛肉 > 牛リブロース
11,11013,＜畜肉類＞　うし　［和牛肉］　リブロース　赤肉　生,47.2,14.0,40.0,(0),0.6,395,3,120,53,210,14,1.7,3.9,0.04,0,1,11,6,0,0.4,0.05,0.13,3.5,0.23,1.5,5,0.50,"{""baseName"":""うし"",""part"":""リブロース"",""formModifiers"":[""赤肉""],""state"":""生"",""notes"":[""畜肉類"",""和牛肉""]}",牛リブロースは良質なタンパク源で犬の素材として適切,9,1,1,660,1200,1300,370,160,530,580,510,1100,690,170,720,510,920,36.76,0.97,0.04,0.93,850,44,0,0,28,"[""リブロース"",""りぶろーす"",""リブロース肉"",""牛リブロース"",""牛リブロース肉"",""リブロースステーキ"",""ロース"",""ロース肉"",""rib roast"",""ribeye"",""beef""]",和牛リブロース,赤肉・生,Wagyu Ribeye,"Lean, Raw",389,,,,171738,"Beef, Australian, imported, Wagyu, rib, small end rib steak/roast, boneless, separable lean only, Aust. marble score 9, raw",0.5706781922508716,,,TRUE,肉類 > 牛肉 > 牛リブロース
11,11014,＜畜肉類＞　うし　［和牛肉］　リブロース　脂身　生,17.7,4.2,78.0,(0),0.2,674,2,39,20,69,4,0.6,0.9,0.01,0,Tr,4,15,0,0.9,0.02,0.03,1.0,0.05,0.7,2,0.15,"{""baseName"":""うし"",""part"":""リブロース"",""formModifiers"":[""脂身""],""state"":""生"",""notes"":[""畜肉類"",""和牛肉""]}",和牛リブロース脂身はエネルギー源になるが脂質が高い点に注意が必要,8,1,1,170,330,320,91,51,140,190,130,310,180,31,260,140,350,69.65,1.93,0.10,1.83,1700,99,0,0,34,"[""リブロース"",""りぶろーす"",""リブロース肉"",""牛リブロース"",""牛リブロース肉"",""リブロースステーキ"",""ロース"",""ロース肉"",""rib roast"",""ribeye"",""beef""]",和牛リブロース,脂身・生,Wagyu Ribeye,"Fat, Raw",677.7,,,,173968,"Beef, Australian, imported, Wagyu, seam fat, Aust. marble score 9, raw",0.58129353974821,,,TRUE,肉類 > 牛肉 > 牛リブロース
11,11015,＜畜肉類＞　うし　［和牛肉］　サーロイン　脂身つき　生,40.0,11.7,47.5,(0),0.5,460,3,100,32,180,12,0.9,2.8,0.05,0,-,-,3,0,0.6,0.05,0.12,3.6,0.23,1.1,5,0.66,"{""baseName"":""うし"",""part"":""サーロイン"",""formModifiers"":[""脂身つき""],""state"":""生"",""notes"":[""畜肉類"",""和牛肉""]}",牛サーロインは良質なたんぱく源だが脂肪分が高い点に注意が必要,8,1,1,(530),(960),(1000),(300),(140),(430),(490),(400),(890),(530),(130),(600),(420),(780),(42.46),(1.12),(0.05),(1.07),(1000),(54),(0),(0),(16),"[""サーロイン"",""サーロイン肉"",""牛サーロイン"",""牛サーロイン肉"",""サーロインステーキ"",""sirloin"",""sirloin steak"",""beef""]",和牛サーロイン,脂身つき・生,Wagyu Sirloin,"Fat-on, Raw",445.75,,,,173979,"Beef, Australian, imported, Wagyu, loin, top loin steak/roast, separable lean and fat, Aust. marble score 9, raw",0.8523100563943297,,,TRUE,肉類 > 牛肉 > サーロイン
11,11016,＜畜肉類＞　うし　［和牛肉］　サーロイン　皮下脂肪なし　生,43.7,12.9,42.5,(0),0.6,422,3,110,34,200,13,0.8,3.1,0.05,0,-,-,3,0,0.5,0.05,0.13,4.0,0.26,1.1,6,0.72,"{""baseName"":""うし"",""part"":""サーロイン"",""formModifiers"":[""皮下脂肪なし""],""state"":""生"",""notes"":[""畜肉類"",""和牛肉""]}",和牛サーロイン（生）は良質なたんぱく・脂質源で犬のレシピ素材として理想的,10,1,1,630,1100,1200,380,160,540,550,460,1000,680,150,670,530,840,(37.99),(1.00),(0.05),(0.96),(910),(47),(0),(0),(18),"[""サーロイン"",""サーロイン肉"",""牛サーロイン"",""牛サーロイン肉"",""サーロインステーキ"",""sirloin"",""sirloin steak"",""beef""]",和牛サーロイン,皮下脂肪なし・生,Wagyu Sirloin,"No Subcutaneous Fat, Raw",407.45,,,,171736,"Beef, Australian, imported, Wagyu, loin, top loin steak/roast, boneless, separable lean only, Aust. marble score 9, raw",1.2652269400038827,,,TRUE,肉類 > 牛肉 > サーロイン
11,11017,＜畜肉類＞　うし　［和牛肉］　サーロイン　赤肉　生,55.9,17.1,25.8,(0),0.8,294,4,150,42,260,18,2.0,4.2,0.07,0,-,-,2,0,0.4,0.07,0.17,5.3,0.35,1.4,8,0.93,"{""baseName"":""うし"",""part"":""サーロイン"",""formModifiers"":[""赤肉""],""state"":""生"",""notes"":[""畜肉類"",""和牛肉""]}",赤身肉は良質なタンパク源で使用可能だが、脂肪量や調理状態に留意,9,1,1,(790),(1400),(1500),(440),(200),(640),(710),(600),(1300),(780),(200),(850),(620),(1100),23.05,0.62,0.03,0.59,540,27,0,0,25,"[""牛肉"",""ぎゅうにく"",""ギュウニク"",""beef"",""牛"",""うし"",""ウシ"",""サーロイン"",""サーロイン肉"",""sirloin"",""和牛"",""わぎゅう"",""ワギュウ"",""wagyu""]",牛サーロイン,赤肉・生,Beef sirloin,"Red meat, Raw",280.55,65,98097,"Beef, grass-fed, short loin, top loin, separable lean only, 0"" trim, raw",171736,"Beef, Australian, imported, Wagyu, loin, top loin steak/roast, boneless, separable lean only, Aust. marble score 9, raw",0.1949243886320984,,,TRUE,肉類 > 牛肉 > サーロイン
11,11018,＜畜肉類＞　うし　［和牛肉］　ばら　脂身つき　生,38.4,11.0,50.0,(0),0.5,472,4,87,44,160,10,1.4,3.0,0.09,0,-,-,3,0,0.6,0.04,0.11,3.1,0.16,1.2,2,0.74,"{""baseName"":""うし"",""part"":""ばら"",""formModifiers"":[""脂身つき""],""state"":""生"",""notes"":[""畜肉類"",""和牛肉""]}",和牛ばら（脂身つき）は風味は良いが脂肪が多く、高脂肪食に注意が必要。,8,1,1,(490),(890),(960),(270),(120),(400),(450),(370),(820),(490),(120),(550),(410),(750),43.55,1.12,0.05,1.07,1000,52,0,0,18,"[""牛肉"",""ぎゅうにく"",""beef"",""牛"",""うし"",""バラ"",""ばら"",""バラ肉"",""ばら肉"",""牛ばら"",""beef belly"",""short plate"",""和牛"",""wagyu""]",牛ばら肉,脂身つき・生,Beef belly,"Fat-on, Raw",463.85,,,,171741,"Beef, Australian, imported, Wagyu, rib, small end rib steak/roast, boneless, separable lean and fat, Aust. marble score 9, raw",0.5575149703360085,,,TRUE,肉類 > 牛肉 > 牛バラ
11,11019,＜畜肉類＞　うし　［和牛肉］　もも　脂身つき　生,61.2,19.2,18.7,(0),1.0,235,4,160,45,320,22,2.5,4.0,0.07,0.01,-,-,Tr,0,0.3,0.09,0.20,5.6,0.34,1.2,8,1.09,"{""baseName"":""うし"",""part"":""もも"",""formModifiers"":[""脂身つき""],""state"":""生"",""notes"":[""畜肉類"",""和牛肉""]}",和牛のもも（脂身つき）は良質な動物性タンパクと脂質を含み、犬の素材として理想的。,10,1,1,(880),(1600),(1700),(520),(220),(730),(790),(670),(1500),(870),(240),(950),(790),(1200),16.06,0.54,0.02,0.51,460,22,0,0,28,"[""牛肉"",""ぎゅうにく"",""beef"",""牛"",""うし"",""もも"",""モモ"",""もも肉"",""モモ肉"",""モモ"",""round"",""round steak"",""和牛"",""wagyu""]",牛もも肉,脂身つき・生,Beef round,"Fat-on, Raw",226.15,87,23030,"Beef, round, knuckle, tip side, steak, separable lean and fat, trimmed to 0"" fat, choice, raw",168694,"Beef, round, full cut, separable lean and fat, trimmed to 1/8 fat, choice, raw",0.6471218565382917,,85.9,TRUE,肉類 > 牛肉 > 牛モモ
11,11020,＜畜肉類＞　うし　［和牛肉］　もも　皮下脂肪なし　生,63.4,20.2,15.5,(0),1.0,212,4,170,47,330,23,2.7,4.3,0.08,0.01,1,14,0,0,0.2,0.09,0.21,5.9,0.36,1.2,9,1.14,"{""baseName"":""うし"",""part"":""もも"",""formModifiers"":[""皮下脂肪なし""],""state"":""生"",""notes"":[""畜肉類"",""和牛肉""]}",牛もも（皮下脂肪なし・生）は高品質のタンパク・脂質源で理想的な素材。,10,1,1,960,1700,1800,550,230,780,840,740,1600,1000,250,1000,840,1300,13.23,0.40,0.01,0.39,350,14,0,0,19,"[""牛肉"",""ぎゅうにく"",""beef"",""牛"",""うし"",""もも"",""モモ"",""もも肉"",""モモ肉"",""round"",""和牛"",""wagyu""]",牛もも肉,皮下脂肪なし・生,Beef round,"No subcutaneous fat, Raw",202.45,91,23032,"Beef, round, knuckle, tip side, steak, separable lean and fat , trimmed to 0"" fat, select, raw",168694,"Beef, round, full cut, separable lean and fat, trimmed to 1/8 fat, choice, raw",0.6302612400250275,,85.9,TRUE,肉類 > 牛肉 > 牛モモ
11,11251,＜畜肉類＞　うし　［和牛肉］　もも　皮下脂肪なし　ゆで,50.1,25.7,23.3,(0),0.6,302,4,120,23,120,15,3.4,6.4,0.10,0,Tr,19,0,0,0.4,0.05,0.19,3.3,0.23,1.3,6,0.89,"{""baseName"":""うし"",""part"":""もも"",""formModifiers"":[""皮下脂肪なし""],""state"":""ゆで"",""notes"":[""畜肉類"",""和牛肉""]}",ゆでた和牛もも（皮下脂肪なし）は良質な赤身たんぱくで犬の理想的な素材,10,1,1,1300,2200,2500,730,300,1000,1100,990,2100,1300,340,1300,860,1800,19.92,0.69,0.03,0.66,570,26,0,0,50,"[""牛肉"",""ぎゅうにく"",""beef"",""牛"",""うし"",""もも"",""モモ"",""もも肉"",""モモ肉"",""round"",""和牛"",""wagyu""]",牛もも肉,皮下脂肪なし・ゆで,Beef round,"No subcutaneous fat, Boiled",289.05,100,23031,"Beef, round, knuckle, tip side, steak, separable lean and fat, trimmed to 0"" fat, choice, cooked, grilled",171742,"Beef, Australian, imported, Wagyu, loin, tenderloin steak/roast, boneless, separable lean and fat, Aust. marble score 9, raw",0.4501097277950017,,,TRUE,肉類 > 牛肉 > 牛モモ
11,11250,＜畜肉類＞　うし　［和牛肉］　もも　皮下脂肪なし　焼き,49.5,27.7,22.7,(0),1.1,300,5,190,50,350,25,3.8,6.3,0.10,0,Tr,19,0,0,0.4,0.09,0.24,6.6,0.35,1.9,7,1.18,"{""baseName"":""うし"",""part"":""もも"",""formModifiers"":[""皮下脂肪なし""],""state"":""焼き"",""notes"":[""畜肉類"",""和牛肉""]}",焼き調理された牛ももは調理済みの良質なタンパク源で使いやすい,9,1,1,1300,2300,2500,730,310,1000,1200,1000,2200,1400,340,1400,1000,1800,19.59,0.67,0.03,0.64,540,24,0,0,49,"[""牛肉"",""ぎゅうにく"",""beef"",""牛"",""うし"",""もも"",""モモ"",""もも肉"",""モモ肉"",""round"",""和牛"",""wagyu""]",牛もも肉,皮下脂肪なし・焼き,Beef round,"No subcutaneous fat, Grilled",289.9,100,23031,"Beef, round, knuckle, tip side, steak, separable lean and fat, trimmed to 0"" fat, choice, cooked, grilled",169465,"Beef, short loin, t-bone steak, separable lean and fat, trimmed to 0 fat, USDA choice, cooked, broiled",0.5515458296030333,,91.6,TRUE,肉類 > 牛肉 > 牛モモ
11,11021,＜畜肉類＞　うし　［和牛肉］　もも　赤肉　生,67.0,21.3,10.7,(0),1.0,176,4,180,48,350,24,2.8,4.5,0.08,0.01,-,-,0,0,0.2,0.10,0.22,6.2,0.38,1.3,9,1.19,"{""baseName"":""うし"",""part"":""もも"",""formModifiers"":[""赤肉""],""state"":""生"",""notes"":[""畜肉類"",""和牛肉""]}",和牛の赤肉は高品質なタンパク源で犬のレシピ素材として適切である。,9,1,1,(990),(1800),(1900),(580),(240),(820),(880),(750),(1600),(980),(270),(1100),(880),(1400),9.23,0.39,0.01,0.38,330,13,0,0,31,"[""牛肉"",""ぎゅうにく"",""beef"",""牛"",""うし"",""もも"",""モモ"",""もも肉"",""モモ肉"",""round"",""和牛"",""wagyu""]",牛もも肉,赤肉・生,Beef round,"Red meat, Raw",165.5,81,23045,"Beef, round, knuckle, tip center, steak, separable lean and fat, trimmed to 0"" fat, choice, raw",173976,"Beef, Australian, imported, grass-fed, round, bottom round steak/roast, boneless, separable lean and fat, raw",0.5556220350017925,,,TRUE,肉類 > 牛肉 > 牛モモ
11,11022,＜畜肉類＞　うし　［和牛肉］　もも　脂身　生,20.3,4.4,75.4,(0),0.3,664,2,44,24,99,5,0.8,0.6,0.02,0,-,-,3,0,0.7,0.02,0.02,1.3,0.07,0.4,1,0.35,"{""baseName"":""うし"",""part"":""もも"",""formModifiers"":[""脂身""],""state"":""生"",""notes"":[""畜肉類"",""和牛肉""]}",牛もも（脂身部）は良質な動物性原料だが脂肪が多めで量に注意が必要,7,1,1,(120),(260),(260),(68),(42),(110),(150),(97),(250),(140),(25),(190),(130),(340),66.12,1.58,0.09,1.50,1400,87,0,0,0,"[""牛肉"",""ぎゅうにく"",""beef"",""牛"",""うし"",""もも"",""モモ"",""もも肉"",""モモ肉"",""round"",""和牛"",""wagyu""]",牛もも肉,脂身・生,Beef round,"Fatty, Raw",656.3,86,23047,"Beef, round, knuckle, tip center, steak, separable lean and fat, trimmed to 0"" fat, select, raw",173968,"Beef, Australian, imported, Wagyu, seam fat, Aust. marble score 9, raw",0.24534915045088534,,,TRUE,肉類 > 牛肉 > 牛モモ
11,11023,＜畜肉類＞　うし　［和牛肉］　そともも　脂身つき　生,60.8,17.8,20.0,(0),0.9,244,3,170,46,310,20,1.1,3.7,0.07,0,-,-,1,0,0.3,0.08,0.18,5.7,0.39,1.1,5,0.89,"{""baseName"":""うし"",""part"":""そともも"",""formModifiers"":[""脂身つき""],""state"":""生"",""notes"":[""畜肉類"",""和牛肉""]}",和牛そとももは良質な動物性タンパク・脂肪源で犬のレシピ素材として適切,9,1,1,(790),(1400),(1600),(460),(200),(660),(740),(620),(1400),(810),(220),(880),(680),(1200),(17.39),(0.51),(0.02),(0.49),(430),(21),(0),(0),(31),"[""牛肉"",""ぎゅうにく"",""beef"",""牛"",""うし"",""そともも"",""ソトモモ"",""外もも"",""外もも肉"",""そともも肉"",""outside round"",""round"",""和牛"",""wagyu""]",牛そともも肉,脂身つき・生,Beef outside round,"Fat-on, Raw",234.05,84,23049,"Beef, round, outside round, bottom round, steak, separable lean and fat, trimmed to 0"" fat, choice, raw",168694,"Beef, round, full cut, separable lean and fat, trimmed to 1/8 fat, choice, raw",1.0915037292004899,,85.9,TRUE,肉類 > 牛肉 > 牛モモ
11,11024,＜畜肉類＞　うし　［和牛肉］　そともも　皮下脂肪なし　生,63.3,18.7,16.6,(0),0.9,219,3,180,47,320,21,1.0,3.9,0.08,0,-,-,Tr,0,0.2,0.08,0.19,6.0,0.41,1.1,5,0.92,"{""baseName"":""うし"",""part"":""そともも"",""formModifiers"":[""皮下脂肪なし""],""state"":""生"",""notes"":[""畜肉類"",""和牛肉""]}",良質な動物性タンパク源で犬のレシピ素材として適している。,10,1,1,(840),(1500),(1700),(490),(210),(700),(780),(650),(1400),(860),(230),(930),(710),(1200),(14.39),(0.44),(0.02),(0.43),(370),(17),(0),(0),(33),"[""牛肉"",""ぎゅうにく"",""beef"",""牛"",""うし"",""そともも"",""ソトモモ"",""外もも"",""外もも肉"",""そともも肉"",""outside round"",""round"",""和牛"",""wagyu""]",牛そともも肉,皮下脂肪なし・生,Beef outside round,"No subcutaneous fat, Raw",208.3,91,23051,"Beef, round, outside round, bottom round, steak, separable lean and fat, trimmed to 0"" fat, select, raw",173970,"Beef, Australian, imported, grass-fed, loin, top loin steak/roast, boneless, separable lean only, raw",1.1384067520589494,,,TRUE,肉類 > 牛肉 > 牛モモ
11,11025,＜畜肉類＞　うし　［和牛肉］　そともも　赤肉　生,69.0,20.7,8.7,(0),1.0,159,3,200,50,360,23,2.4,4.3,0.09,0,-,-,0,0,0.2,0.09,0.22,6.6,0.46,1.2,6,1.00,"{""baseName"":""うし"",""part"":""そともも"",""formModifiers"":[""赤肉""],""state"":""生"",""notes"":[""畜肉類"",""和牛肉""]}",和牛の赤肉は良質なタンパク源で犬のレシピ素材として適している,9,1,1,(940),(1700),(1900),(550),(240),(780),(860),(730),(1600),(960),(260),(1000),(800),(1400),7.44,0.29,0.01,0.28,220,8,0,0,37,"[""牛肉"",""ぎゅうにく"",""beef"",""牛"",""うし"",""そともも"",""ソトモモ"",""外もも"",""外もも肉"",""そともも肉"",""outside round"",""round"",""和牛"",""wagyu""]",牛そともも肉,赤肉・生,Beef outside round,"Red meat, Raw",148.5,84,23049,"Beef, round, outside round, bottom round, steak, separable lean and fat, trimmed to 0"" fat, choice, raw",169517,"Beef, round, full cut, separable lean and fat, trimmed to 1/8 fat, select, raw",0.6975634468449085,,85.9,TRUE,肉類 > 牛肉 > 牛モモ
11,11026,＜畜肉類＞　うし　［和牛肉］　ランプ　脂身つき　生,53.8,15.1,29.9,(0),0.8,319,3,150,40,260,17,1.4,3.8,0.08,0,-,-,2,0,0.5,0.08,0.19,4.3,0.33,1.2,7,1.22,"{""baseName"":""うし"",""part"":""ランプ"",""formModifiers"":[""脂身つき""],""state"":""生"",""notes"":[""畜肉類"",""和牛肉""]}",和牛ランプは高品質なタンパク質・脂肪源で犬のレシピ素材として適している。,10,1,1,(660),(1200),(1300),(380),(170),(550),(620),(510),(1100),(680),(180),(740),(570),(1000),(26.25),(0.76),(0.03),(0.73),(670),(33),(0),(0),(28),"[""牛肉"",""ぎゅうにく"",""beef"",""牛"",""うし"",""ランプ"",""ランプ肉"",""rump"",""rump steak"",""和牛"",""wagyu""]",牛ランプ肉,脂身つき・生,Beef rump,"Fat-on, Raw",308.4,87,23030,"Beef, round, knuckle, tip side, steak, separable lean and fat, trimmed to 0"" fat, choice, raw",173979,"Beef, Australian, imported, Wagyu, loin, top loin steak/roast, separable lean and fat, Aust. marble score 9, raw",0.42233422250090713,,,TRUE,肉類 > 牛肉 > 牛モモ
11,11027,＜畜肉類＞　うし　［和牛肉］　ランプ　皮下脂肪なし　生,56.3,16.0,26.4,(0),0.9,293,3,150,42,270,18,1.3,4.0,0.08,0,-,-,2,0,0.4,0.09,0.20,4.5,0.35,1.3,8,1.29,"{""baseName"":""うし"",""part"":""ランプ"",""formModifiers"":[""皮下脂肪なし""],""state"":""生"",""notes"":[""畜肉類"",""和牛肉""]}",和牛ランプは良質な赤身たんぱくで犬のレシピ素材に適する。,9,1,1,(700),(1300),(1400),(410),(180),(590),(660),(550),(1200),(720),(190),(790),(600),(1100),(23.18),(0.70),(0.03),(0.67),(610),(29),(0),(0),(30),"[""牛肉"",""ぎゅうにく"",""beef"",""牛"",""うし"",""ランプ"",""ランプ肉"",""rump"",""rump steak"",""和牛"",""wagyu""]",牛ランプ肉,皮下脂肪なし・生,Beef rump,"No subcutaneous fat, Raw",281.8,81,23045,"Beef, round, knuckle, tip center, steak, separable lean and fat, trimmed to 0"" fat, choice, raw",171736,"Beef, Australian, imported, Wagyu, loin, top loin steak/roast, boneless, separable lean only, Aust. marble score 9, raw",0.47406277134664065,,,TRUE,肉類 > 牛肉 > 牛モモ
11,11028,＜畜肉類＞　うし　［和牛肉］　ランプ　赤肉　生,65.7,19.2,13.6,(0),1.0,196,3,180,47,320,22,2.9,4.9,0.10,0,-,-,1,0,0.4,0.10,0.25,5.4,0.42,1.6,9,1.54,"{""baseName"":""うし"",""part"":""ランプ"",""formModifiers"":[""赤肉""],""state"":""生"",""notes"":[""畜肉類"",""和牛肉""]}",牛ランプは良質なタンパク源で犬のレシピ素材として適している,9,1,1,(870),(1600),(1700),(510),(220),(730),(800),(680),(1500),(890),(240),(960),(740),(1300),11.97,0.47,0.01,0.46,390,14,0,0,38,"[""牛肉"",""ぎゅうにく"",""beef"",""牛"",""うし"",""ランプ"",""ランプ肉"",""rump"",""rump steak"",""和牛"",""wagyu""]",牛ランプ肉,赤肉・生,Beef rump,"Red meat, Raw",184.55,84,23049,"Beef, round, outside round, bottom round, steak, separable lean and fat, trimmed to 0"" fat, choice, raw",173969,"Beef, Australian, imported, grass-fed, loin, tenderloin steak/roast, boneless, separable lean and fat, raw",0.6043309639324146,,,TRUE,肉類 > 牛肉 > 牛モモ
11,11029,＜畜肉類＞　うし　［和牛肉］　ヒレ　赤肉　生,64.6,19.1,15.0,(0),1.0,207,3,180,40,340,22,2.5,4.2,0.09,0.01,-,-,1,0,0.4,0.09,0.24,4.3,0.37,1.6,8,1.28,"{""baseName"":""うし"",""part"":""ヒレ"",""formModifiers"":[""赤肉""],""state"":""生"",""notes"":[""畜肉類"",""和牛肉""]}",和牛ヒレは高品質なタンパク源で犬のレシピ素材に適している,9,1,1,(910),(1700),(1800),(530),(220),(750),(820),(690),(1500),(910),(250),(980),(700),(1300),13.18,0.49,0.02,0.47,410,18,0,0,36,"[""牛肉"",""ぎゅうにく"",""beef"",""牛"",""うし"",""ヒレ"",""ひれ"",""ヒレ肉"",""フィレ"",""フィレ肉"",""tenderloin"",""fillet"",""filet"",""和牛"",""wagyu""]",牛ヒレ肉,赤肉・生,Beef tenderloin,"Red meat, Raw",195.4,,,,171732,"Beef, Australian, imported, Wagyu, loin, tenderloin steak/roast, boneless, separable lean and fat, Aust. marble score 4/5, raw",0.3608483595090982,,,TRUE,肉類 > 牛肉 > 牛ヒレ
11,11030,＜畜肉類＞　うし　［乳用肥育牛肉］　かた　脂身つき　生,62.0,17.1,19.8,0,0.9,231,4,160,59,290,18,2.1,4.5,0.07,0.01,Tr,14,5,0,0.4,0.08,0.20,3.9,0.33,2.8,6,1.00,"{""baseName"":""うし"",""part"":""かた"",""formModifiers"":[""脂身つき""],""state"":""生"",""notes"":[""畜肉類"",""乳用肥育牛肉""]}",牛肩肉は良質な蛋白源だが脂身つきは脂肪量が高く消化負担に注意が必要。,8,0,1,,,,,,,,,,,,,,,17.17,0.83,0.03,0.80,710,33,0,0,43,"[""牛肉"",""ぎゅうにく"",""beef"",""牛"",""うし"",""かた"",""カタ"",""肩"",""肩肉"",""かた肉"",""chuck"",""shoulder"",""乳用牛"",""ホルスタイン"",""ホルスタイン牛"",""holstein""]",牛かた肉,脂身つき・生,Beef shoulder,"Fat-on, Raw",228.85,75,23034,"Beef, chuck, shoulder clod, shoulder tender, medallion, separable lean and fat, trimmed to 0"" fat, choice, raw",171742,"Beef, Australian, imported, Wagyu, loin, tenderloin steak/roast, boneless, separable lean and fat, Aust. marble score 9, raw",0.1563583904944978,,,TRUE,肉類 > 牛肉 > 牛肩ロース
11,11309,＜畜肉類＞　うし　［乳用肥育牛肉］　かた　脂身つき　ゆで,54.9,20.8,23.8,0,0.4,298,3,89,22,88,12,2.3,5.5,0.08,0,0,15,Tr,0,0.5,0.05,0.16,1.7,0.22,3.1,3,0.56,"{""baseName"":""うし"",""part"":""かた"",""formModifiers"":[""脂身つき""],""state"":""ゆで"",""notes"":[""畜肉類"",""乳用肥育牛肉""]}",ゆでた牛かた肉は良質なタンパク源で、調理済みのため犬の素材として適切,9,0,0,,,,,,,,,,,,,,,,,,,,,,,,"[""牛肉"",""ぎゅうにく"",""beef"",""牛"",""うし"",""かた"",""カタ"",""肩"",""肩肉"",""かた肉"",""chuck"",""shoulder"",""乳用牛"",""ホルスタイン"",""holstein""]",牛かた肉,脂身つき・ゆで,Beef shoulder,"Fat-on, Boiled",275.45,100,23035,"Beef, chuck, shoulder clod, shoulder tender, medallion, separable lean and fat, trimmed to 0"" fat, choice, cooked, grilled",173969,"Beef, Australian, imported, grass-fed, loin, tenderloin steak/roast, boneless, separable lean and fat, raw",0.7578991677182202,,,TRUE,肉類 > 牛肉 > 牛肩ロース
11,11310,＜畜肉類＞　うし　［乳用肥育牛肉］　かた　脂身つき　焼き,50.3,23.0,25.5,0,1.0,322,4,170,67,290,20,2.8,5.8,0.10,0,1,15,0,0,0.5,Tr,0.01,6.1,0.05,4.0,50,0.40,"{""baseName"":""うし"",""part"":""かた"",""formModifiers"":[""脂身つき""],""state"":""焼き"",""notes"":[""畜肉類"",""乳用肥育牛肉""]}",赤身と脂肪を含む良質な肉類で犬のレシピ素材として適切,9,0,0,,,,,,,,,,,,,,,,,,,,,,,,"[""牛肉"",""ぎゅうにく"",""beef"",""牛"",""うし"",""かた"",""カタ"",""肩"",""肩肉"",""かた肉"",""chuck"",""shoulder"",""乳用牛"",""ホルスタイン"",""holstein""]",牛かた肉,脂身つき・焼き,Beef shoulder,"Fat-on, Grilled",297.95,100,23035,"Beef, chuck, shoulder clod, shoulder tender, medallion, separable lean and fat, trimmed to 0"" fat, choice, cooked, grilled",173975,"Beef, Australian, imported, grass-fed, rib, ribeye steak/roast lip-on, boneless, separable lean and fat, raw",0.6229041584165091,,,TRUE,肉類 > 牛肉 > 牛肩ロース
11,11031,＜畜肉類＞　うし　［乳用肥育牛肉］　かた　皮下脂肪なし　生,65.9,17.9,14.9,(0),0.9,193,4,170,59,310,20,0.9,4.5,0.09,Tr,-,-,4,0,0.4,0.09,0.21,4.3,0.34,2.3,7,1.15,"{""baseName"":""うし"",""part"":""かた"",""formModifiers"":[""皮下脂肪なし""],""state"":""生"",""notes"":[""畜肉類"",""乳用肥育牛肉""]}",牛かた（生）は良質な赤身肉で犬のレシピ素材として理想的,10,0,1,,,,,,,,,,,,,,,12.84,0.67,0.02,0.64,560,24,0,0,44,"[""牛肉"",""ぎゅうにく"",""beef"",""牛"",""うし"",""かた"",""カタ"",""肩"",""肩肉"",""かた肉"",""chuck"",""shoulder"",""乳用牛"",""ホルスタイン"",""holstein""]",牛かた肉,皮下脂肪なし・生,Beef shoulder,"No subcutaneous fat, Raw",190.7,75,23034,"Beef, chuck, shoulder clod, shoulder tender, medallion, separable lean and fat, trimmed to 0"" fat, choice, raw",173970,"Beef, Australian, imported, grass-fed, loin, top loin steak/roast, boneless, separable lean only, raw",1.056911362897893,,,TRUE,肉類 > 牛肉 > 牛肩ロース
11,11032,＜畜肉類＞　うし　［乳用肥育牛肉］　かた　赤肉　生,71.7,20.4,6.7,0,1.0,138,4,190,69,340,22,2.5,5.5,0.08,0.01,1,17,3,0,0.3,0.10,0.24,4.6,0.40,3.4,8,1.16,"{""baseName"":""うし"",""part"":""かた"",""formModifiers"":[""赤肉""],""state"":""生"",""notes"":[""畜肉類"",""乳用肥育牛肉""]}",牛かた肉は赤身の良質なたんぱく源で犬の素材として適切,9,1,1,810,1700,1900,540,240,780,850,740,1600,990,260,1000,710,1300,5.49,0.39,0.02,0.37,300,11,1,Tr,41,"[""牛肉"",""ぎゅうにく"",""beef"",""牛"",""うし"",""かた"",""カタ"",""肩"",""肩肉"",""かた肉"",""chuck"",""shoulder"",""乳用牛"",""ホルスタイン"",""holstein""]",牛かた肉,赤肉・生,Beef shoulder,"Red meat, Raw",129.05,75,23034,"Beef, chuck, shoulder clod, shoulder tender, medallion, separable lean and fat, trimmed to 0"" fat, choice, raw",173965,"Beef, Australian, imported, grass-fed, loin, tenderloin steak/roast, boneless, separable lean only, raw",0.13505962654493206,,,TRUE,肉類 > 牛肉 > 牛肩ロース
11,11301,＜畜肉類＞　うし　［乳用肥育牛肉］　かた　赤肉　ゆで,63.2,27.9,7.1,0,0.7,174,4,160,43,220,19,3.4,7.2,0.12,0.01,1,25,1,0.1,0.5,0.08,0.26,4.2,0.34,2.9,9,0.82,"{""baseName"":""うし"",""part"":""かた"",""formModifiers"":[""赤肉""],""state"":""ゆで"",""notes"":[""畜肉類"",""乳用肥育牛肉""]}",牛かた肉のゆでは良質な動物性タンパク質で、犬のレシピ素材として適している。,9,1,1,1200,2400,2600,770,330,1100,1200,1100,2300,1400,380,1500,920,1900,5.72,0.38,0.02,0.36,290,13,0,0,39,"[""牛"",""うし"",""ウシ"",""牛肉"",""ぎゅうにく"",""ギュウニク"",""beef"",""かた"",""カタ"",""肩"",""肩肉"",""かたにく"",""カタニク"",""chuck"",""shoulder""]",牛肩肉,赤肉・ゆで,Beef Shoulder,"Lean, Boiled",161.85,100,23035,"Beef, chuck, shoulder clod, shoulder tender, medallion, separable lean and fat, trimmed to 0"" fat, choice, cooked, grilled",173358,"Beef, chuck, shoulder clod, shoulder top and center steaks, separable lean and fat, trimmed to 0 fat, choice, cooked, grilled",0.6704648983937017,,94,TRUE,肉類 > 牛肉 > 牛肩ロース
11,11302,＜畜肉類＞　うし　［乳用肥育牛肉］　かた　赤肉　焼き,63.4,26.9,7.7,0,1.1,175,4,220,71,380,25,3.1,6.3,0.10,0.01,1,23,1,0.1,0.5,0.12,0.30,6.2,0.48,3.3,11,1.27,"{""baseName"":""うし"",""part"":""かた"",""formModifiers"":[""赤肉""],""state"":""焼き"",""notes"":[""畜肉類"",""乳用肥育牛肉""]}",焼きの牛かた赤肉は良質なたんぱく源で犬のレシピ素材として非常に適している,10,1,1,1100,2300,2500,730,320,1000,1200,1000,2200,1400,360,1400,970,1800,6.38,0.45,0.02,0.43,330,13,1,0,55,"[""牛"",""うし"",""ウシ"",""牛肉"",""ぎゅうにく"",""ギュウニク"",""beef"",""かた"",""カタ"",""肩"",""肩肉"",""かたにく"",""カタニク"",""chuck"",""shoulder""]",牛肩肉,赤肉・焼き,Beef Shoulder,"Lean, Grilled",162.75,100,23035,"Beef, chuck, shoulder clod, shoulder tender, medallion, separable lean and fat, trimmed to 0"" fat, choice, cooked, grilled",172133,"Beef, chuck, shoulder clod, shoulder top and center steaks, separable lean and fat, trimmed to 0 fat, all grades, cooked, grilled",0.5066597821372479,,99,TRUE,肉類 > 牛肉 > 牛肩ロース
11,11033,＜畜肉類＞　うし　［乳用肥育牛肉］　かた　脂身　生,21.9,4.5,73.3,(0),0.3,650,2,44,21,84,5,0.7,0.5,0.02,0.01,-,-,17,0,0.8,0.02,0.03,1.3,0.08,0.5,1,0.42,"{""baseName"":""うし"",""part"":""かた"",""formModifiers"":[""脂身""],""state"":""生"",""notes"":[""畜肉類"",""乳用肥育牛肉""]}",牛かた肉（脂身）は良質なタンパク・脂質源だが脂肪が多めで量に注意が必要,9,0,1,,,,,,,,,,,,,,,64.67,2.59,0.12,2.47,2400,120,0,0,32,"[""牛"",""うし"",""ウシ"",""牛肉"",""ぎゅうにく"",""ギュウニク"",""beef"",""かた"",""カタ"",""肩"",""肩肉"",""かたにく"",""カタニク"",""chuck"",""shoulder""]",牛肩肉,脂身・生,Beef Shoulder,"With fat, Raw",638.8,75,23034,"Beef, chuck, shoulder clod, shoulder tender, medallion, separable lean and fat, trimmed to 0"" fat, choice, raw",171729,"Beef, Australian, imported, grass-fed, seam fat, raw",1.281867236515578,,,TRUE,肉類 > 牛肉 > 牛肩ロース
11,11034,＜畜肉類＞　うし　［乳用肥育牛肉］　かたロース　脂身つき　生,56.4,16.2,26.4,(0),0.8,295,4,140,50,260,16,0.9,4.7,0.06,0.01,-,-,7,0.1,0.5,0.06,0.17,3.6,0.21,1.7,7,0.84,"{""baseName"":""うし"",""part"":""かたロース"",""formModifiers"":[""脂身つき""],""state"":""生"",""notes"":[""畜肉類"",""乳用肥育牛肉""]}",牛かたロースは良質な赤身タンパク源だが脂肪分が高めなので量に注意,9,1,1,(730),(1300),(1400),(410),(190),(600),(650),(550),(1200),(730),(190),(780),(640),(1000),(23.60),(1.00),(0.08),(0.93),(850),(59),(4),(0),(33),"[""牛"",""うし"",""ウシ"",""牛肉"",""ぎゅうにく"",""ギュウニク"",""beef"",""肩ロース"",""かたロース"",""肩ロース肉"",""かたロース肉"",""chuck roll"",""chuck roast""]",牛肩ロース,脂身つき・生,Beef Chuck Roll,"Fat-on, Raw",281.8,75,23034,"Beef, chuck, shoulder clod, shoulder tender, medallion, separable lean and fat, trimmed to 0"" fat, choice, raw",173979,"Beef, Australian, imported, Wagyu, loin, top loin steak/roast, separable lean and fat, Aust. marble score 9, raw",0.8223658838210447,,,TRUE,肉類 > 牛肉 > 牛肩ロース
11,11035,＜畜肉類＞　うし　［乳用肥育牛肉］　かたロース　皮下脂肪なし　生,57.3,16.5,25.2,(0),0.8,285,4,140,51,270,17,0.9,4.8,0.07,0.01,-,-,7,0.1,0.5,0.06,0.17,3.7,0.22,1.7,7,0.85,"{""baseName"":""うし"",""part"":""かたロース"",""formModifiers"":[""皮下脂肪なし""],""state"":""生"",""notes"":[""畜肉類"",""乳用肥育牛肉""]}",牛かたロース（皮下脂肪なし）は良質なタンパク源で犬のレシピ素材として適切,10,1,1,(740),(1300),(1500),(420),(190),(620),(670),(560),(1200),(740),(190),(800),(660),(1100),(22.49),(0.96),(0.08),(0.89),(810),(57),(4),(0),(33),"[""牛"",""うし"",""ウシ"",""牛肉"",""ぎゅうにく"",""ギュウニク"",""beef"",""肩ロース"",""かたロース"",""肩ロース肉"",""かたロース肉"",""chuck roll"",""chuck roast""]",牛肩ロース,皮下脂肪なし・生,Beef Chuck Roll,"No external fat, Raw",272.65,75,23034,"Beef, chuck, shoulder clod, shoulder tender, medallion, separable lean and fat, trimmed to 0"" fat, choice, raw",171736,"Beef, Australian, imported, Wagyu, loin, top loin steak/roast, boneless, separable lean only, Aust. marble score 9, raw",0.913902211591823,,,TRUE,肉類 > 牛肉 > 牛肩ロース
11,11036,＜畜肉類＞　うし　［乳用肥育牛肉］　かたロース　赤肉　生,65.9,19.1,13.9,(0),0.9,196,4,160,57,310,19,2.4,5.7,0.08,0.01,-,-,5,0.1,0.5,0.07,0.20,4.1,0.25,2.0,8,0.97,"{""baseName"":""うし"",""part"":""かたロース"",""formModifiers"":[""赤肉""],""state"":""生"",""notes"":[""畜肉類"",""乳用肥育牛肉""]}",生の牛かたロースは良質なタンパク源で素材として利用可能,9,1,1,(870),(1500),(1700),(500),(230),(730),(780),(660),(1400),(870),(230),(930),(770),(1200),12.11,0.59,0.06,0.53,460,42,5,0,34,"[""牛"",""うし"",""ウシ"",""牛肉"",""ぎゅうにく"",""ギュウニク"",""beef"",""肩ロース"",""かたロース"",""肩ロース肉"",""かたロース肉"",""chuck roll"",""chuck roast""]",牛肩ロース,赤肉・生,Beef Chuck Roll,"Lean, Raw",185.7,85,23036,"Beef, chuck, shoulder clod, shoulder tender, medallion, separable lean and fat, trimmed to 0"" fat, select, raw",173966,"Beef, Australian, imported, Wagyu, loin, tenderloin steak/roast, boneless, separable lean only, Aust. marble score 4/5, raw",0.14474474093569478,,,TRUE,肉類 > 牛肉 > 牛肩ロース
11,11037,＜畜肉類＞　うし　［乳用肥育牛肉］　リブロース　脂身つき　生,47.9,14.1,37.1,(0),0.7,380,4,120,40,230,14,1.0,3.7,0.05,0.01,Tr,10,12,0.1,0.5,0.05,0.12,4.0,0.22,1.0,6,0.64,"{""baseName"":""うし"",""part"":""リブロース"",""formModifiers"":[""脂身つき""],""state"":""生"",""notes"":[""畜肉類"",""乳用肥育牛肉""]}",良質なタンパク源だが脂肪分が高く過剰摂取で消化不良や膵炎のリスクがある,9,1,1,630,1100,1200,350,160,510,580,490,1100,670,160,720,500,960,33.41,1.32,0.07,1.25,1200,65,0,0,32,"[""牛"",""うし"",""ウシ"",""牛肉"",""ぎゅうにく"",""ギュウニク"",""beef"",""リブロース"",""りぶろーす"",""リブロース肉"",""ribeye"",""rib roast"",""ribeye steak""]",牛リブロース,脂身つき・生,Beef Ribeye,"Fat-on, Raw",365.4,,,,171741,"Beef, Australian, imported, Wagyu, rib, small end rib steak/roast, boneless, separable lean and fat, Aust. marble score 9, raw",0.858440442879748,,,TRUE,肉類 > 牛肉 > 牛リブロース
11,11039,＜畜肉類＞　うし　［乳用肥育牛肉］　リブロース　脂身つき　ゆで,39.1,17.2,43.0,(0),0.4,428,5,96,26,130,12,1.2,4.9,0.04,0,Tr,13,13,0.1,0.4,0.04,0.11,3.2,0.17,1.0,7,0.38,"{""baseName"":""うし"",""part"":""リブロース"",""formModifiers"":[""脂身つき""],""state"":""ゆで"",""notes"":[""畜肉類"",""乳用肥育牛肉""]}",牛リブロース（ゆで）は良質なたんぱく質と脂質を含む肉類で犬の素材として適している。,9,1,1,870,1600,1700,460,210,670,790,670,1500,920,220,990,560,1300,38.21,1.52,0.08,1.44,1300,76,0,0,40,"[""牛"",""うし"",""ウシ"",""牛肉"",""ぎゅうにく"",""ギュウニク"",""beef"",""リブロース"",""りぶろーす"",""リブロース肉"",""ribeye"",""rib roast"",""ribeye steak""]",牛リブロース,脂身つき・ゆで,Beef Ribeye,"Fat-on, Boiled",426.75,,,,171741,"Beef, Australian, imported, Wagyu, rib, small end rib steak/roast, boneless, separable lean and fat, Aust. marble score 9, raw",0.6803002461960901,,,TRUE,肉類 > 牛肉 > 牛リブロース
11,11038,＜畜肉類＞　うし　［乳用肥育牛肉］　リブロース　脂身つき　焼き,33.4,20.4,45.0,(0),0.9,457,4,160,53,290,18,1.4,5.3,0.06,0.01,1,15,13,0.1,0.6,0.07,0.17,5.1,0.25,1.4,10,0.58,"{""baseName"":""うし"",""part"":""リブロース"",""formModifiers"":[""脂身つき""],""state"":""焼き"",""notes"":[""畜肉類"",""乳用肥育牛肉""]}",焼きリブロース（脂身つき）は良質な動物性タンパク質・脂質源で犬のレシピ素材として非常に適している。,10,1,1,940,1700,1900,540,250,780,870,740,1600,1000,250,1100,750,1400,40.39,1.68,0.08,1.60,1500,78,0,0,44,"[""牛"",""うし"",""ウシ"",""牛肉"",""ぎゅうにく"",""ギュウニク"",""beef"",""リブロース"",""りぶろーす"",""リブロース肉"",""ribeye"",""rib roast"",""ribeye steak""]",牛リブロース,脂身つき・焼き,Beef Ribeye,"Fat-on, Grilled",454.95,,,,171741,"Beef, Australian, imported, Wagyu, rib, small end rib steak/roast, boneless, separable lean and fat, Aust. marble score 9, raw",0.5071324086814682,,,TRUE,肉類 > 牛肉 > 牛リブロース
11,11040,＜畜肉類＞　うし　［乳用肥育牛肉］　リブロース　皮下脂肪なし　生,50.7,15.0,33.4,(0),0.7,351,4,130,42,240,15,0.9,4.0,0.05,0.01,Tr,11,12,0.1,0.4,0.05,0.13,4.2,0.23,1.1,6,0.67,"{""baseName"":""うし"",""part"":""リブロース"",""formModifiers"":[""皮下脂肪なし""],""state"":""生"",""notes"":[""畜肉類"",""乳用肥育牛肉""]}",豊富なタンパク質と脂質を含む良質な肉類だが脂肪分は高めで留意が必要。,9,1,1,(690),(1200),(1300),(380),(180),(560),(610),(530),(1100),(720),(170),(750),(600),(980),30.01,1.20,0.06,1.14,1100,60,0,0,32,"[""牛"",""うし"",""ウシ"",""牛肉"",""ぎゅうにく"",""ギュウニク"",""beef"",""リブロース"",""りぶろーす"",""リブロース肉"",""ribeye"",""rib roast"",""ribeye steak""]",牛リブロース,皮下脂肪なし・生,Beef Ribeye,"No external fat, Raw",337.1,,,,171736,"Beef, Australian, imported, Wagyu, loin, top loin steak/roast, boneless, separable lean only, Aust. marble score 9, raw",0.9179190702649648,,,TRUE,肉類 > 牛肉 > 牛リブロース
11,11041,＜畜肉類＞　うし　［乳用肥育牛肉］　リブロース　赤肉　生,62.2,18.8,17.8,(0),0.9,230,4,160,51,300,19,2.1,5.2,0.06,0.01,Tr,14,10,0.2,0.3,0.06,0.17,5.2,0.29,1.3,8,0.81,"{""baseName"":""うし"",""part"":""リブロース"",""formModifiers"":[""赤肉""],""state"":""生"",""notes"":[""畜肉類"",""乳用肥育牛肉""]}",牛肉は良質なタンパク源で、犬のレシピ素材として適している,9,1,1,880,1500,1700,500,230,720,770,680,1500,920,230,940,760,1200,15.67,0.67,0.04,0.63,550,36,0,0,34,"[""牛"",""うし"",""ウシ"",""牛肉"",""ぎゅうにく"",""ギュウニク"",""beef"",""リブロース"",""りぶろーす"",""リブロース肉"",""ribeye"",""rib roast"",""ribeye steak""]",牛リブロース,赤肉・生,Beef Ribeye,"Lean, Raw",218.15,,,,171737,"Beef, Australian, imported, Wagyu, rib, small end rib steak/roast, boneless, separable lean only, Aust. marble score 4/5, raw",0.1385149058761848,,,TRUE,肉類 > 牛肉 > 牛リブロース
11,11042,＜畜肉類＞　うし　［乳用肥育牛肉］　リブロース　脂身　生,15.6,3.7,80.5,(0),0.2,703,3,37,18,72,4,0.6,0.5,0.02,0.01,0,2,17,0,0.8,0.02,0.02,1.3,0.05,0.4,1,0.26,"{""baseName"":""うし"",""part"":""リブロース"",""formModifiers"":[""脂身""],""state"":""生"",""notes"":[""畜肉類"",""乳用肥育牛肉""]}",牛の脂身は動物性のエネルギー源だが脂肪分が高いため使用量に注意が必要。,8,1,1,100,210,200,51,27,78,120,77,200,120,18,150,110,260,73.30,2.78,0.13,2.65,2600,130,0,0,27,"[""牛"",""うし"",""ウシ"",""牛肉"",""ぎゅうにく"",""ギュウニク"",""beef"",""リブロース"",""りぶろーす"",""リブロース肉"",""ribeye"",""rib roast"",""ribeye steak""]",牛リブロース,脂身・生,Beef Ribeye,"Fat, Raw",697.2,,,,173967,"Beef, Australian, imported, Wagyu, external fat, Aust. marble score 9, raw",0.7104633290529111,,,TRUE,肉類 > 牛肉 > 牛リブロース
11,11043,＜畜肉類＞　うし　［乳用肥育牛肉］　サーロイン　脂身つき　生,54.4,16.5,27.9,(0),0.8,313,4,150,48,270,16,1.0,2.9,0.06,Tr,-,-,8,0,0.4,0.06,0.10,5.3,0.38,0.8,6,0.66,"{""baseName"":""うし"",""part"":""サーロイン"",""formModifiers"":[""脂身つき""],""state"":""生"",""notes"":[""畜肉類"",""乳用肥育牛肉""]}",牛サーロインは高品質なたんぱく源だが脂肪分が高め,9,1,1,(720),(1300),(1400),(460),(190),(650),(660),(550),(1200),(730),(190),(800),(650),(1100),(25.47),(1.01),(0.05),(0.97),(920),(45),(0),(0),(24),"[""牛"",""うし"",""ウシ"",""牛肉"",""ぎゅうにく"",""ギュウニク"",""beef"",""サーロイン"",""サーロイン肉"",""sirloin""]",牛サーロイン,脂身つき・生,Beef Sirloin,"Fat-on, Raw",296.3,,,,173979,"Beef, Australian, imported, Wagyu, loin, top loin steak/roast, separable lean and fat, Aust. marble score 9, raw",0.641137204688243,,,TRUE,肉類 > 牛肉 > サーロイン
11,11044,＜畜肉類＞　うし　［乳用肥育牛肉］　サーロイン　皮下脂肪なし　生,60.0,18.4,20.2,(0),0.9,253,4,170,53,300,17,0.8,3.3,0.06,Tr,-,-,7,0,0.4,0.06,0.11,5.9,0.43,0.8,7,0.72,"{""baseName"":""うし"",""part"":""サーロイン"",""formModifiers"":[""皮下脂肪なし""],""state"":""生"",""notes"":[""畜肉類"",""乳用肥育牛肉""]}",良質なタンパク源で犬のレシピ素材として適している,9,1,1,840,1500,1600,530,220,740,740,640,1400,890,210,920,740,1200,(18.47),(0.75),(0.03),(0.72),(680),(33),(0),(0),(23),"[""牛"",""うし"",""ウシ"",""牛肉"",""ぎゅうにく"",""ギュウニク"",""beef"",""サーロイン"",""サーロイン肉"",""sirloin""]",牛サーロイン,皮下脂肪なし・生,Beef Sirloin,"No external fat, Raw",237.85,,,,171736,"Beef, Australian, imported, Wagyu, loin, top loin steak/roast, boneless, separable lean only, Aust. marble score 9, raw",1.2233913580687712,,,TRUE,肉類 > 牛肉 > サーロイン
11,11045,＜畜肉類＞　うし　［乳用肥育牛肉］　サーロイン　赤肉　生,68.2,21.1,9.1,(0),1.0,167,4,190,60,340,20,2.1,3.8,0.07,0,-,-,5,0,0.3,0.07,0.12,6.7,0.50,0.9,8,0.80,"{""baseName"":""うし"",""part"":""サーロイン"",""formModifiers"":[""赤肉""],""state"":""生"",""notes"":[""畜肉類"",""乳用肥育牛肉""]}",牛サーロインは良質な動物性たんぱく源で犬のレシピ素材として適している。,10,1,1,(940),(1700),(1900),(610),(250),(860),(850),(720),(1600),(950),(250),(1000),(850),(1400),8.38,0.38,0.01,0.37,330,14,0,0,23,"[""牛"",""うし"",""ウシ"",""牛肉"",""ぎゅうにく"",""ギュウニク"",""beef"",""サーロイン"",""サーロイン肉"",""sirloin""]",牛サーロイン,赤肉・生,Beef Sirloin,"Lean, Raw",153.3,,,,173970,"Beef, Australian, imported, grass-fed, loin, top loin steak/roast, boneless, separable lean only, raw",0.5859498771907499,,,TRUE,肉類 > 牛肉 > サーロイン
11,11046,＜畜肉類＞　うし　［乳用肥育牛肉］　ばら　脂身つき　生,47.4,12.8,39.4,(0),0.6,381,3,110,56,190,12,1.4,2.8,0.04,0,Tr,10,13,0,0.6,0.05,0.12,3.2,0.21,1.9,3,0.60,"{""baseName"":""うし"",""part"":""ばら"",""formModifiers"":[""脂身つき""],""state"":""生"",""notes"":[""畜肉類"",""乳用肥育牛肉""]}",牛ばら（生）は良質な動物性タンパク源で犬のレシピ素材として適している,9,1,1,540,970,1100,330,150,480,500,430,930,580,130,610,460,870,35.65,0.99,0.03,0.95,850,33,0,0,36,"[""牛"",""うし"",""ウシ"",""牛肉"",""ぎゅうにく"",""ギュウニク"",""beef"",""ばら"",""バラ"",""ばら肉"",""バラ肉"",""belly"",""short plate"",""flank""]",牛バラ肉,脂身つき・生,Beef Belly,"Fat-on, Raw",379.7,,,,171741,"Beef, Australian, imported, Wagyu, rib, small end rib steak/roast, boneless, separable lean and fat, Aust. marble score 9, raw",0.3305426784536421,,,TRUE,肉類 > 牛肉 > 牛バラ
11,11252,＜畜肉類＞　うし　［乳用肥育牛肉］　ばら　脂身つき　焼き,38.7,15.9,44.2,(0),0.7,451,3,120,60,220,14,1.8,3.6,0.05,0,1,13,12,0,0.8,0.06,0.14,4.0,0.26,2.1,5,0.60,"{""baseName"":""うし"",""part"":""ばら"",""formModifiers"":[""脂身つき""],""state"":""焼き"",""notes"":[""畜肉類"",""乳用肥育牛肉""]}",焼き牛ばらは良質な動物性タンパクと脂肪を含みレシピ素材として適する。,9,1,1,690,1200,1300,390,170,560,630,540,1200,730,180,770,570,1100,39.89,1.17,0.04,1.13,1000,42,0,0,32,"[""牛"",""うし"",""ウシ"",""牛肉"",""ぎゅうにく"",""ギュウニク"",""beef"",""ばら"",""バラ"",""ばら肉"",""バラ肉"",""belly"",""short plate"",""flank""]",牛バラ肉,脂身つき・焼き,Beef Belly,"Fat-on, Grilled",433.1,,,,171741,"Beef, Australian, imported, Wagyu, rib, small end rib steak/roast, boneless, separable lean and fat, Aust. marble score 9, raw",0.15892653908344076,,,TRUE,肉類 > 牛肉 > 牛バラ
11,11047,＜畜肉類＞　うし　［乳用肥育牛肉］　もも　脂身つき　生,65.8,19.5,13.3,(0),1.0,196,4,180,49,330,22,1.4,4.5,0.08,0.01,-,-,3,0,0.6,0.08,0.20,4.9,0.32,1.2,9,1.02,"{""baseName"":""うし"",""part"":""もも"",""formModifiers"":[""脂身つき""],""state"":""生"",""notes"":[""畜肉類"",""乳用肥育牛肉""]}",牛もも（脂身つき）は良質なタンパク質とエネルギー源として適切,9,1,1,(850),(1500),(1700),(490),(210),(700),(780),(660),(1400),(860),(240),(930),(770),(1200),12.07,0.56,0.02,0.54,480,22,0,0,31,"[""牛"",""うし"",""ウシ"",""牛肉"",""ぎゅうにく"",""ギュウニク"",""beef"",""もも"",""モモ"",""もも肉"",""モモ肉"",""ももにく"",""round"",""rump""]",牛もも肉,脂身つき・生,Beef Round,"Fat-on, Raw",182.7,87,23030,"Beef, round, knuckle, tip side, steak, separable lean and fat, trimmed to 0"" fat, choice, raw",168694,"Beef, round, full cut, separable lean and fat, trimmed to 1/8 fat, choice, raw",0.6495446422532694,,85.9,TRUE,肉類 > 牛肉 > 牛もも
11,11048,＜畜肉類＞　うし　［乳用肥育牛肉］　もも　皮下脂肪なし　生,68.2,20.5,9.9,(0),1.0,169,4,190,50,340,23,1.3,4.7,0.08,0.01,Tr,20,2,0,0.5,0.08,0.21,5.1,0.33,1.2,9,1.06,"{""baseName"":""うし"",""part"":""もも"",""formModifiers"":[""皮下脂肪なし""],""state"":""生"",""notes"":[""畜肉類"",""乳用肥育牛肉""]}",牛もも（皮下脂肪なし）は低脂肪の良質なタンパク源で犬のレシピ素材として適している,10,1,1,930,1600,1800,520,230,750,830,730,1600,980,260,1000,820,1300,8.80,0.45,0.02,0.43,370,16,0,0,33,"[""牛"",""うし"",""ウシ"",""牛肉"",""ぎゅうにく"",""ギュウニク"",""beef"",""もも"",""モモ"",""もも肉"",""モモ肉"",""ももにく"",""round"",""rump""]",牛もも肉,皮下脂肪なし・生,Beef Round,"No external fat, Raw",157.3,84,23049,"Beef, round, outside round, bottom round, steak, separable lean and fat, trimmed to 0"" fat, choice, raw",173361,"Beef, round, knuckle, tip center, steak, separable lean and fat, trimmed to 0 fat, choice, raw",0.6800117042262388,,81.3,TRUE,肉類 > 牛肉 > 牛もも
11,11050,＜畜肉類＞　うし　［乳用肥育牛肉］　もも　皮下脂肪なし　ゆで,56.4,28.4,13.8,(0),0.8,235,5,160,35,220,20,1.7,6.6,0.11,0.01,Tr,25,0,0,0.1,0.07,0.23,4.1,0.40,1.5,11,0.78,"{""baseName"":""うし"",""part"":""もも"",""formModifiers"":[""皮下脂肪なし""],""state"":""ゆで"",""notes"":[""畜肉類"",""乳用肥育牛肉""]}",加熱された牛もも肉で良質なタンパク源。犬のレシピ素材として適している。,9,1,1,1400,2400,2700,800,350,1100,1200,1100,2300,1400,360,1400,910,1900,12.22,0.56,0.02,0.54,480,20,0,0,29,"[""牛"",""うし"",""ウシ"",""牛肉"",""ぎゅうにく"",""ギュウニク"",""beef"",""もも"",""モモ"",""もも肉"",""モモ肉"",""ももにく"",""round"",""rump""]",牛もも肉,皮下脂肪なし・ゆで,Beef Round,"No external fat, Boiled",218.8,100,23031,"Beef, round, knuckle, tip side, steak, separable lean and fat, trimmed to 0"" fat, choice, cooked, grilled",173976,"Beef, Australian, imported, grass-fed, round, bottom round steak/roast, boneless, separable lean and fat, raw",0.6496097456128902,,,TRUE,肉類 > 牛肉 > 牛もも
11,11049,＜畜肉類＞　うし　［乳用肥育牛肉］　もも　皮下脂肪なし　焼き,56.9,28.0,13.2,(0),1.3,227,5,230,65,430,28,1.7,6.4,0.11,0.02,1,24,0,0,0.2,0.10,0.27,7.6,0.39,1.9,12,1.08,"{""baseName"":""うし"",""part"":""もも"",""formModifiers"":[""皮下脂肪なし""],""state"":""焼き"",""notes"":[""畜肉類"",""乳用肥育牛肉""]}",焼いた牛もも肉は良質なタンパク源で犬のレシピ素材として適切,9,1,1,1200,2200,2400,730,320,1100,1100,980,2100,1300,350,1300,980,1800,11.47,0.47,0.02,0.45,410,16,0,0,25,"[""牛"",""うし"",""ウシ"",""牛肉"",""ぎゅうにく"",""ギュウニク"",""beef"",""もも"",""モモ"",""もも肉"",""モモ肉"",""ももにく"",""モモニク"",""round"",""thigh"",""beef round""]",牛もも肉,皮下脂肪なし・焼き,Beef round,"No subcutaneous fat, Cooked",212.3,100,23031,"Beef, round, knuckle, tip side, steak, separable lean and fat, trimmed to 0"" fat, choice, cooked, grilled",173976,"Beef, Australian, imported, grass-fed, round, bottom round steak/roast, boneless, separable lean and fat, raw",0.6281798865924795,,,TRUE,肉類 > 牛肉 > 牛モモ
11,11051,＜畜肉類＞　うし　［乳用肥育牛肉］　もも　赤肉　生,71.7,21.9,4.9,(0),1.1,130,4,200,52,360,24,2.7,5.1,0.09,0.01,-,-,1,0,0.4,0.09,0.22,5.4,0.35,1.3,10,1.12,"{""baseName"":""うし"",""part"":""もも"",""formModifiers"":[""赤肉""],""state"":""生"",""notes"":[""畜肉類"",""乳用肥育牛肉""]}",牛もも肉は良質な動物性たんぱく源で犬のレシピ素材として適する。,9,1,1,(970),(1800),(1900),(560),(240),(800),(880),(750),(1600),(980),(280),(1000),(880),(1400),3.98,0.29,0.01,0.27,220,7,0,0,36,"[""牛"",""うし"",""ウシ"",""牛肉"",""ぎゅうにく"",""ギュウニク"",""beef"",""もも"",""モモ"",""もも肉"",""モモ肉"",""ももにく"",""モモニク"",""round"",""thigh"",""beef round""]",牛もも肉,赤肉・生,Beef round,"Red meat, Raw",119.7,87,23030,"Beef, round, knuckle, tip side, steak, separable lean and fat, trimmed to 0"" fat, choice, raw",173971,"Beef, Australian, imported, grass-fed, round, bottom round steak/roast, boneless, separable lean only, raw",0.2197932759926097,,,TRUE,肉類 > 牛肉 > 牛モモ
11,11052,＜畜肉類＞　うし　［乳用肥育牛肉］　もも　脂身　生,30.2,5.1,64.1,(0),0.4,594,2,56,30,140,7,1.1,0.7,0.02,0.01,-,-,17,0,1.9,0.03,0.03,1.9,0.11,0.4,2,0.43,"{""baseName"":""うし"",""part"":""もも"",""formModifiers"":[""脂身""],""state"":""生"",""notes"":[""畜肉類"",""乳用肥育牛肉""]}",牛もも肉（脂身）は良質なタンパク・脂質源で犬のレシピに適している,10,1,1,(140),(300),(300),(79),(49),(130),(180),(110),(290),(170),(29),(220),(150),(400),60.95,2.25,0.11,2.14,2100,110,0,0,0,"[""牛"",""うし"",""ウシ"",""牛肉"",""ぎゅうにく"",""ギュウニク"",""beef"",""もも"",""モモ"",""もも肉"",""モモ肉"",""ももにく"",""モモニク"",""round"",""thigh"",""beef round""]",牛もも肉,脂身・生,Beef round,"Fatty, Raw",563.4,91,23032,"Beef, round, knuckle, tip side, steak, separable lean and fat , trimmed to 0"" fat, select, raw",173968,"Beef, Australian, imported, Wagyu, seam fat, Aust. marble score 9, raw",0.18031159896282623,,,TRUE,肉類 > 牛肉 > 牛モモ
11,11053,＜畜肉類＞　うし　［乳用肥育牛肉］　そともも　脂身つき　生,64.0,18.2,16.3,(0),0.9,220,4,150,55,310,20,1.4,3.2,0.06,Tr,-,-,5,0,0.5,0.08,0.17,4.4,0.34,1.6,6,0.91,"{""baseName"":""うし"",""part"":""そともも"",""formModifiers"":[""脂身つき""],""state"":""生"",""notes"":[""畜肉類"",""乳用肥育牛肉""]}",そとももは赤身主体のたんぱく源だが脂肪がやや多めで量に配慮が必要,8,1,1,(790),(1400),(1600),(460),(200),(650),(730),(620),(1300),(800),(220),(870),(720),(1100),(15.22),(0.66),(0.03),(0.64),(580),(28),(0),(0),(26),"[""牛"",""うし"",""ウシ"",""牛肉"",""ぎゅうにく"",""ギュウニク"",""beef"",""そともも"",""ソトモモ"",""そともも肉"",""ソトモモ肉"",""外もも"",""outside round"",""outside round beef""]",牛そともも肉,脂身つき・生,Beef outside round,"With fat, Raw",204.35,84,23049,"Beef, round, outside round, bottom round, steak, separable lean and fat, trimmed to 0"" fat, choice, raw",168694,"Beef, round, full cut, separable lean and fat, trimmed to 1/8 fat, choice, raw",0.6844631112279912,,85.9,TRUE,肉類 > 牛肉 > 牛モモ
11,11054,＜畜肉類＞　うし　［乳用肥育牛肉］　そともも　皮下脂肪なし　生,67.8,19.6,11.1,(0),0.9,179,4,160,57,330,21,1.3,3.5,0.07,Tr,-,-,4,0,0.4,0.09,0.19,4.6,0.37,1.7,6,0.96,"{""baseName"":""うし"",""part"":""そともも"",""formModifiers"":[""皮下脂肪なし""],""state"":""生"",""notes"":[""畜肉類"",""乳用肥育牛肉""]}",牛そともも（生）は良質な赤身肉で犬のレシピ素材として適している,9,1,1,(860),(1600),(1700),(500),(210),(710),(790),(670),(1500),(870),(240),(940),(780),(1200),(10.24),(0.49),(0.02),(0.47),(420),(18),(0),(0),(29),"[""牛"",""うし"",""ウシ"",""牛肉"",""ぎゅうにく"",""ギュウニク"",""beef"",""そともも"",""ソトモモ"",""そともも肉"",""ソトモモ肉"",""外もも"",""outside round"",""outside round beef""]",牛そともも肉,皮下脂肪なし・生,Beef outside round,"No subcutaneous fat, Raw",165.05,91,23051,"Beef, round, outside round, bottom round, steak, separable lean and fat, trimmed to 0"" fat, select, raw",169517,"Beef, round, full cut, separable lean and fat, trimmed to 1/8 fat, select, raw",0.6411240421867044,,85.9,TRUE,肉類 > 牛肉 > 牛モモ
11,11055,＜畜肉類＞　うし　［乳用肥育牛肉］　そともも　赤肉　生,72.0,21.3,5.0,(0),1.0,131,4,170,61,360,23,2.4,3.8,0.07,0,-,-,2,0,0.2,0.09,0.21,5.0,0.40,1.9,7,1.02,"{""baseName"":""うし"",""part"":""そともも"",""formModifiers"":[""赤肉""],""state"":""生"",""notes"":[""畜肉類"",""乳用肥育牛肉""]}",良質な動物性たんぱく質で犬のレシピ素材として理想的,10,1,1,(940),(1700),(1900),(540),(230),(780),(860),(730),(1600),(950),(270),(1000),(850),(1300),4.40,0.29,0.01,0.28,220,8,0,0,33,"[""牛"",""うし"",""ウシ"",""牛肉"",""ぎゅうにく"",""ギュウニク"",""beef"",""そともも"",""ソトモモ"",""そともも肉"",""ソトモモ肉"",""外もも"",""outside round"",""outside round beef""]",牛そともも肉,赤肉・生,Beef outside round,"Red meat, Raw",119.5,84,23049,"Beef, round, outside round, bottom round, steak, separable lean and fat, trimmed to 0"" fat, choice, raw",173971,"Beef, Australian, imported, grass-fed, round, bottom round steak/roast, boneless, separable lean only, raw",0.1217322304343172,,,TRUE,肉類 > 牛肉 > 牛モモ
11,11056,＜畜肉類＞　うし　［乳用肥育牛肉］　ランプ　脂身つき　生,62.1,18.6,17.8,(0),0.9,234,4,150,54,300,20,1.4,3.7,0.08,Tr,-,-,6,0,0.7,0.08,0.19,3.7,0.30,1.6,6,0.93,"{""baseName"":""うし"",""part"":""ランプ"",""formModifiers"":[""脂身つき""],""state"":""生"",""notes"":[""畜肉類"",""乳用肥育牛肉""]}",牛ランプ肉（脂身つき）は良質な赤身肉で犬のレシピ素材として適している。,9,1,1,(810),(1500),(1600),(460),(200),(670),(750),(630),(1400),(820),(230),(890),(730),(1200),(16.35),(0.75),(0.03),(0.72),(650),(31),(0),(0),(31),"[""牛"",""うし"",""ウシ"",""牛肉"",""ぎゅうにく"",""ギュウニク"",""beef"",""ランプ"",""らんぷ"",""ランプ肉"",""らんぷ肉"",""rump"",""rump steak"",""rump roast""]",牛ランプ肉,脂身つき・生,Beef rump,"With fat, Raw",218.5,81,23045,"Beef, round, knuckle, tip center, steak, separable lean and fat, trimmed to 0"" fat, choice, raw",171733,"Beef, Australian, imported, grass-fed, loin, top loin steak/roast, boneless, separable lean and fat, raw",0.3699731504899075,,,TRUE,肉類 > 牛肉 > 牛モモ
11,11057,＜畜肉類＞　うし　［乳用肥育牛肉］　ランプ　皮下脂肪なし　生,64.9,19.7,13.9,(0),0.9,203,4,160,56,310,21,1.3,3.9,0.09,Tr,-,-,5,0,0.6,0.09,0.20,3.9,0.31,1.7,6,0.98,"{""baseName"":""うし"",""part"":""ランプ"",""formModifiers"":[""皮下脂肪なし""],""state"":""生"",""notes"":[""畜肉類"",""乳用肥育牛肉""]}",生の牛ランプ肉は良質なたんぱく源で犬の素材として非常に適している。,9,1,1,(860),(1600),(1700),(500),(220),(710),(790),(670),(1500),(870),(240),(940),(780),(1200),(12.59),(0.62),(0.02),(0.60),(530),(24),(0),(0),(34),"[""牛"",""うし"",""ウシ"",""牛肉"",""ぎゅうにく"",""ギュウニク"",""beef"",""ランプ"",""らんぷ"",""ランプ肉"",""らんぷ肉"",""rump"",""rump steak"",""rump roast""]",牛ランプ肉,皮下脂肪なし・生,Beef rump,"No subcutaneous fat, Raw",189.2,86,23047,"Beef, round, knuckle, tip center, steak, separable lean and fat, trimmed to 0"" fat, select, raw",173970,"Beef, Australian, imported, grass-fed, loin, top loin steak/roast, boneless, separable lean only, raw",0.7341144168827628,,,TRUE,肉類 > 牛肉 > 牛モモ
11,11058,＜畜肉類＞　うし　［乳用肥育牛肉］　ランプ　赤肉　生,70.2,22.0,6.1,(0),1.0,142,4,180,60,340,23,2.7,4.4,0.10,0,-,-,3,0,0.4,0.10,0.23,4.2,0.34,1.9,7,1.06,"{""baseName"":""うし"",""part"":""ランプ"",""formModifiers"":[""赤肉""],""state"":""生"",""notes"":[""畜肉類"",""乳用肥育牛肉""]}",牛ランプは良質な赤身肉で犬のレシピ素材として非常に適している,10,1,1,(970),(1800),(1900),(560),(240),(800),(890),(760),(1600),(980),(280),(1100),(880),(1400),5.08,0.37,0.01,0.36,290,10,0,0,39,"[""牛"",""うし"",""ウシ"",""牛肉"",""ぎゅうにく"",""ギュウニク"",""beef"",""ランプ"",""らんぷ"",""ランプ肉"",""らんぷ肉"",""rump"",""rump steak"",""rump roast""]",牛ランプ肉,赤肉・生,Beef rump,"Red meat, Raw",131.3,81,23045,"Beef, round, knuckle, tip center, steak, separable lean and fat, trimmed to 0"" fat, choice, raw",171739,"Beef, Australian, imported, grass-fed, loin, top sirloin cap-off steak/roast, boneless, separable lean and fat, raw",0.37513611154843646,,,TRUE,肉類 > 牛肉 > 牛モモ
11,11059,＜畜肉類＞　うし　［乳用肥育牛肉］　ヒレ　赤肉　生,67.3,20.8,11.2,(0),1.0,177,4,200,56,380,23,2.4,3.4,0.08,0.01,1,15,4,0,0.5,0.12,0.26,4.7,0.43,3.0,11,0.90,"{""baseName"":""うし"",""part"":""ヒレ"",""formModifiers"":[""赤肉""],""state"":""生"",""notes"":[""畜肉類"",""乳用肥育牛肉""]}",牛ヒレ赤肉（生）は良質なタンパク源で犬のレシピ素材として理想的,10,1,1,980,1700,1900,560,230,800,860,760,1600,1000,270,1100,760,1300,9.65,0.50,0.02,0.48,380,13,0,0,53,"[""牛"",""うし"",""ウシ"",""牛肉"",""ぎゅうにく"",""ギュウニク"",""beef"",""ヒレ"",""ひれ"",""ヒレ肉"",""ひれ肉"",""フィレ"",""フィレ肉"",""tenderloin"",""filet"",""filet mignon"",""tenderloin steak""]",牛ヒレ肉,赤肉・生,Beef tenderloin,"Red meat, Raw",168,65,98097,"Beef, grass-fed, short loin, top loin, separable lean only, 0"" trim, raw",173966,"Beef, Australian, imported, Wagyu, loin, tenderloin steak/roast, boneless, separable lean only, Aust. marble score 4/5, raw",0.12227247760625268,,,TRUE,肉類 > 牛肉 > 牛ヒレ
11,11253,＜畜肉類＞　うし　［乳用肥育牛肉］　ヒレ　赤肉　焼き,56.3,27.2,15.2,(0),1.3,238,5,230,74,440,28,3.5,6.0,0.12,0.01,1,19,3,0,0.3,0.16,0.35,6.2,0.45,4.9,10,1.16,"{""baseName"":""うし"",""part"":""ヒレ"",""formModifiers"":[""赤肉""],""state"":""焼き"",""notes"":[""畜肉類"",""乳用肥育牛肉""]}",牛ヒレの焼き肉は良質な赤身タンパクで犬のレシピ素材として適している,10,1,1,1300,2400,2600,760,310,1100,1200,1000,2200,1400,350,1400,1000,1900,12.98,0.54,0.02,0.52,450,16,0,0,32,"[""牛"",""うし"",""ウシ"",""牛肉"",""ぎゅうにく"",""ギュウニク"",""beef"",""ヒレ"",""ひれ"",""ヒレ肉"",""ひれ肉"",""フィレ"",""フィレ肉"",""tenderloin"",""filet"",""filet mignon"",""tenderloin steak""]",牛ヒレ肉,赤肉・焼き,Beef tenderloin,"Red meat, Cooked",224.4,65,98097,"Beef, grass-fed, short loin, top loin, separable lean only, 0"" trim, raw",173973,"Beef, Australian, imported, Wagyu, loin, tenderloin steak/roast, boneless, separable lean only, Aust. marble score 9, raw",0.5084108024583412,,,TRUE,肉類 > 牛肉 > 牛ヒレ
11,11254,＜畜肉類＞　うし　［交雑牛肉］　リブロース　脂身つき　生,36.2,12.0,51.8,(0),0.6,489,3,99,42,190,11,1.2,3.0,0.03,0,1,10,3,0,0.6,0.05,0.10,3.2,0.21,1.1,6,0.45,"{""baseName"":""うし"",""part"":""リブロース"",""formModifiers"":[""脂身つき""],""state"":""生"",""notes"":[""畜肉類"",""交雑牛肉""]}",牛肉は良質なタンパク源で犬のレシピ素材として適している（脂肪量には注意）,9,1,1,530,940,1000,290,140,430,480,410,900,560,130,610,430,790,47.40,1.55,0.07,1.47,1300,72,0,0,39,"[""牛"",""うし"",""ウシ"",""牛肉"",""ぎゅうにく"",""ギュウニク"",""beef"",""リブロース"",""りぶろーす"",""リブロース肉"",""りぶろーす肉"",""リブアイ"",""ribeye"",""rib eye"",""rib roast"",""ribeye steak""]",牛リブロース肉,脂身つき・生,Beef ribeye,"With fat, Raw",482.3,,,,171741,"Beef, Australian, imported, Wagyu, rib, small end rib steak/roast, boneless, separable lean and fat, Aust. marble score 9, raw",0.6161727350115702,,,TRUE,肉類 > 牛肉 > 牛リブロース
11,11256,＜畜肉類＞　うし　［交雑牛肉］　リブロース　脂身つき　ゆで,29.1,13.2,56.5,(0),0.2,540,2,56,16,58,7,1.3,3.7,0.03,0,Tr,11,0,0,0.7,0.03,0.08,1.4,0.14,1.3,3,0.25,"{""baseName"":""うし"",""part"":""リブロース"",""formModifiers"":[""脂身つき""],""state"":""ゆで"",""notes"":[""畜肉類"",""交雑牛肉""]}",ゆでたリブロースは良質なたんぱく源だが脂身が多いため与え方に配慮が必要。,9,1,1,640,1200,1200,350,160,520,590,500,1100,670,160,810,420,940,52.07,1.58,0.08,1.50,1400,75,0,0,33,"[""牛"",""うし"",""ウシ"",""牛肉"",""ぎゅうにく"",""ギュウニク"",""beef"",""リブロース"",""りぶろーす"",""リブロース肉"",""りぶろーす肉"",""リブアイ"",""ribeye"",""rib eye"",""rib roast"",""ribeye steak""]",牛リブロース肉,脂身つき・ゆで,Beef ribeye,"With fat, Boiled",529.95,,,,171741,"Beef, Australian, imported, Wagyu, rib, small end rib steak/roast, boneless, separable lean and fat, Aust. marble score 9, raw",0.7239261902621279,,,TRUE,肉類 > 牛肉 > 牛リブロース
11,11255,＜畜肉類＞　うし　［交雑牛肉］　リブロース　脂身つき　焼き,26.4,14.5,60.1,(0),0.6,575,3,100,47,190,12,1.5,3.8,0.04,0,1,11,0,0,0.7,0.06,0.11,3.3,0.20,1.8,14,0.50,"{""baseName"":""うし"",""part"":""リブロース"",""formModifiers"":[""脂身つき""],""state"":""焼き"",""notes"":[""畜肉類"",""交雑牛肉""]}",焼きリブロースは加熱済みの良質なたんぱく源で犬のレシピに適している,9,1,1,640,1200,1200,340,160,510,590,500,1100,680,150,760,500,960,55.61,1.71,0.09,1.61,1500,78,0,0,38,"[""牛"",""うし"",""ウシ"",""牛肉"",""ぎゅうにく"",""ギュウニク"",""beef"",""リブロース"",""りぶろーす"",""リブロース肉"",""りぶろーす肉"",""リブアイ"",""ribeye"",""rib eye"",""rib roast"",""ribeye steak""]",牛リブロース肉,脂身つき・焼き,Beef ribeye,"With fat, Cooked",561.6,,,,171741,"Beef, Australian, imported, Wagyu, rib, small end rib steak/roast, boneless, separable lean and fat, Aust. marble score 9, raw",0.4208216876853187,,,TRUE,肉類 > 牛肉 > 牛リブロース
11,11257,＜畜肉類＞　うし　［交雑牛肉］　リブロース　皮下脂肪なし　生,41.0,13.6,45.2,(0),0.6,438,3,110,48,220,13,1.3,3.5,0.04,0,1,11,3,0,0.5,0.05,0.11,3.6,0.24,1.2,6,0.50,"{""baseName"":""うし"",""part"":""リブロース"",""formModifiers"":[""皮下脂肪なし""],""state"":""生"",""notes"":[""畜肉類"",""交雑牛肉""]}",脂肪を取り除いた牛リブロースは良質なたんぱく源で素材として適切,9,1,1,610,1100,1200,340,160,490,550,480,1000,640,150,690,500,900,41.39,1.35,0.06,1.29,1200,62,0,0,39,"[""牛"",""うし"",""ウシ"",""牛肉"",""ぎゅうにく"",""ギュウニク"",""beef"",""リブロース"",""りぶろーす"",""リブロース肉"",""りぶろーす肉"",""リブアイ"",""ribeye"",""rib eye"",""rib roast"",""ribeye steak""]",牛リブロース肉,皮下脂肪なし・生,Beef ribeye,"No subcutaneous fat, Raw",431.8,,,,171738,"Beef, Australian, imported, Wagyu, rib, small end rib steak/roast, boneless, separable lean only, Aust. marble score 9, raw",0.866186552934675,,,TRUE,肉類 > 牛肉 > 牛リブロース
11,11258,＜畜肉類＞　うし　［交雑牛肉］　リブロース　赤肉　生,50.5,16.7,32.3,(0),0.8,338,3,140,59,270,16,1.7,4.5,0.04,0,1,14,2,0,0.4,0.07,0.14,4.6,0.31,1.4,7,0.61,"{""baseName"":""うし"",""part"":""リブロース"",""formModifiers"":[""赤肉""],""state"":""生"",""notes"":[""畜肉類"",""交雑牛肉""]}",理想的な動物性たんぱく源で犬のレシピ素材として優れている,10,1,1,770,1400,1500,430,190,620,680,600,1300,810,200,850,630,1100,29.62,0.98,0.04,0.94,840,43,0,0,38,"[""牛"",""うし"",""ウシ"",""牛肉"",""ぎゅうにく"",""ギュウニク"",""beef"",""リブロース"",""りぶろーす"",""リブロース肉"",""りぶろーす肉"",""リブアイ"",""ribeye"",""rib eye"",""rib roast"",""ribeye steak""]",牛リブロース肉,赤肉・生,Beef ribeye,"Red meat, Raw",333,,,,171741,"Beef, Australian, imported, Wagyu, rib, small end rib steak/roast, boneless, separable lean and fat, Aust. marble score 9, raw",0.23710356563726476,,,TRUE,肉類 > 牛肉 > 牛リブロース
11,11259,＜畜肉類＞　うし　［交雑牛肉］　リブロース　脂身　生,10.6,3.6,86.7,(0),0.2,759,2,25,13,39,2,0.3,0.3,0.01,0,1,2,4,0,0.9,0.01,0.02,0.6,0.02,0.7,5,0.16,"{""baseName"":""うし"",""part"":""リブロース"",""formModifiers"":[""脂身""],""state"":""生"",""notes"":[""畜肉類"",""交雑牛肉""]}",牛リブロースの脂身はエネルギー源になるが脂肪が多く膵炎リスクに注意,8,1,1,97,210,170,53,37,90,120,76,200,110,19,190,86,220,79.29,2.56,0.12,2.43,2200,120,0,0,42,"[""牛"",""うし"",""ウシ"",""牛肉"",""ぎゅうにく"",""ギュウニク"",""beef"",""リブロース"",""りぶろーす"",""リブロース肉"",""りぶろーす肉"",""リブアイ"",""ribeye"",""rib eye"",""rib roast"",""ribeye steak""]",牛リブロース肉,脂身・生,Beef ribeye,"Fatty, Raw",749.55,,,,173967,"Beef, Australian, imported, Wagyu, external fat, Aust. marble score 9, raw",2.0558633644068625,,,TRUE,肉類 > 牛肉 > 牛リブロース
11,11260,＜畜肉類＞　うし　［交雑牛肉］　ばら　脂身つき　生,41.4,12.2,44.4,(0),0.5,445,3,110,59,200,12,1.4,3.0,0.03,0,1,10,3,0,0.5,0.05,0.10,3.2,0.23,1.7,6,0.40,"{""baseName"":""うし"",""part"":""ばら"",""formModifiers"":[""脂身つき""],""state"":""生"",""notes"":[""畜肉類"",""交雑牛肉""]}",牛ばら（脂身つき）は良質な動物性タンパクと脂肪を含み、犬のレシピ素材として適切。,9,1,1,560,990,1100,310,140,440,500,430,930,590,140,630,460,840,40.73,1.28,0.08,1.20,1100,64,0,0,35,"[""牛"",""うし"",""ウシ"",""牛肉"",""ぎゅうにく"",""ギュウニク"",""beef"",""ばら"",""バラ"",""ばら肉"",""バラ肉"",""腹肉"",""belly"",""brisket"",""short plate"",""beef belly""]",牛ばら肉,脂身つき・生,Beef short plate,"With fat, Raw",425.35,,,,171741,"Beef, Australian, imported, Wagyu, rib, small end rib steak/roast, boneless, separable lean and fat, Aust. marble score 9, raw",0.38165926155250046,,,TRUE,肉類 > 牛肉 > 牛バラ
11,11261,＜畜肉類＞　うし　［交雑牛肉］　もも　脂身つき　生,53.9,16.4,28.9,(0),0.8,312,3,140,63,270,17,2.1,3.9,0.06,0,1,14,2,0,0.3,0.08,0.16,3.9,0.31,2.1,12,0.62,"{""baseName"":""うし"",""part"":""もも"",""formModifiers"":[""脂身つき""],""state"":""生"",""notes"":[""畜肉類"",""交雑牛肉""]}",牛もも肉は良質なたんぱく源で犬のレシピ素材として非常に適切。,9,1,1,750,1300,1500,430,190,620,690,590,1300,810,200,840,630,1100,26.77,0.95,0.04,0.92,800,39,0,0,46,"[""牛"",""うし"",""ウシ"",""牛肉"",""ぎゅうにく"",""ギュウニク"",""beef"",""もも"",""モモ"",""もも肉"",""モモ肉"",""ももにく"",""モモニク"",""round"",""thigh"",""beef round""]",牛もも肉,脂身つき・生,Beef round,"With fat, Raw",303.05,87,23030,"Beef, round, knuckle, tip side, steak, separable lean and fat, trimmed to 0"" fat, choice, raw",168694,"Beef, round, full cut, separable lean and fat, trimmed to 1/8 fat, choice, raw",0.9403404913859228,,85.9,TRUE,肉類 > 牛肉 > 牛モモ
11,11262,＜畜肉類＞　うし　［交雑牛肉］　もも　皮下脂肪なし　生,59.5,18.3,21.6,(0),0.9,250,3,160,68,300,19,2.3,4.5,0.07,0,1,16,1,0,0.2,0.09,0.18,4.3,0.35,2.3,14,0.69,"{""baseName"":""うし"",""part"":""もも"",""formModifiers"":[""皮下脂肪なし""],""state"":""生"",""notes"":[""畜肉類"",""交雑牛肉""]}",良質な動物性タンパク源で犬のレシピ素材として適している。,9,1,1,850,1500,1700,480,210,690,770,670,1400,910,230,930,710,1200,19.49,0.75,0.03,0.73,620,26,0,0,54,"[""牛"",""うし"",""ウシ"",""牛肉"",""ぎゅうにく"",""ギュウニク"",""beef"",""もも"",""モモ"",""もも肉"",""モモ肉"",""ももにく"",""モモニク"",""round"",""thigh"",""beef round""]",牛もも肉,皮下脂肪なし・生,Beef round,"No subcutaneous fat, Raw",247.65,91,23051,"Beef, round, outside round, bottom round, steak, separable lean and fat, trimmed to 0"" fat, select, raw",168694,"Beef, round, full cut, separable lean and fat, trimmed to 1/8 fat, choice, raw",0.7351892470228637,,85.9,TRUE,肉類 > 牛肉 > 牛モモ
11,11264,＜畜肉類＞　うし　［交雑牛肉］　もも　皮下脂肪なし　ゆで,49.8,25.7,28.2,(0),0.4,331,3,120,29,130,15,2.8,5.8,0.08,0,1,27,0,0,0.6,0.05,0.15,3.3,0.32,1.6,12,0.38,"{""baseName"":""うし"",""part"":""もも"",""formModifiers"":[""皮下脂肪なし""],""state"":""ゆで"",""notes"":[""畜肉類"",""交雑牛肉""]}",低脂肪の茹でた牛ももは良質なタンパク源で犬の素材として適している。,9,1,1,1300,2200,2400,720,300,1000,1100,950,2100,1300,330,1400,870,1800,25.41,0.74,0.03,0.71,640,29,0,0,30,"[""牛肉"",""ぎゅうにく"",""ギュウニク"",""うし"",""ウシ"",""牛"",""beef"",""もも肉"",""ももにく"",""モモ肉"",""モモにく"",""もも"",""モモ"",""round"",""beef round""]",牛もも肉,皮下脂肪なし・ゆで,Beef Round,"Fat trimmed, Boiled",329.65,100,23031,"Beef, round, knuckle, tip side, steak, separable lean and fat, trimmed to 0"" fat, choice, cooked, grilled",173965,"Beef, Australian, imported, grass-fed, loin, tenderloin steak/roast, boneless, separable lean only, raw",0.8938233141557731,,,TRUE,肉類 > 牛肉 > 牛モモ
11,11263,＜畜肉類＞　うし　［交雑牛肉］　もも　皮下脂肪なし　焼き,49.7,25.0,27.6,(0),1.0,313,4,190,63,320,21,2.9,5.6,0.08,0,1,23,1,0,0.5,0.09,0.18,5.1,0.40,2.1,15,0.77,"{""baseName"":""うし"",""part"":""もも"",""formModifiers"":[""皮下脂肪なし""],""state"":""焼き"",""notes"":[""畜肉類"",""交雑牛肉""]}",牛もも（皮下脂肪なし）焼きは良質な赤身たんぱく源で犬のレシピ素材として適切。,9,1,1,1200,2100,2300,660,280,940,1000,890,1900,1200,310,1300,960,1600,23.92,0.68,0.03,0.65,590,25,0,0,28,"[""牛肉"",""ぎゅうにく"",""ギュウニク"",""うし"",""ウシ"",""牛"",""beef"",""もも肉"",""ももにく"",""モモ肉"",""モモにく"",""もも"",""モモ"",""round"",""beef round""]",牛もも肉,皮下脂肪なし・焼き,Beef Round,"Fat trimmed, Roasted",322.1,100,23031,"Beef, round, knuckle, tip side, steak, separable lean and fat, trimmed to 0"" fat, choice, cooked, grilled",173973,"Beef, Australian, imported, Wagyu, loin, tenderloin steak/roast, boneless, separable lean only, Aust. marble score 9, raw",0.46535617028540194,,,TRUE,肉類 > 牛肉 > 牛モモ
11,11265,＜畜肉類＞　うし　［交雑牛肉］　もも　赤肉　生,62.7,19.3,17.5,(0),0.9,222,4,170,71,320,20,2.4,4.8,0.07,0,1,17,1,0,0.2,0.10,0.19,4.5,0.38,2.4,15,0.73,"{""baseName"":""うし"",""part"":""もも"",""formModifiers"":[""赤肉""],""state"":""生"",""notes"":[""畜肉類"",""交雑牛肉""]}",牛もも肉は赤身の良質なたんぱく源で犬の素材として適切,9,1,1,900,1600,1800,510,220,740,810,710,1500,960,250,990,750,1300,16.12,0.64,0.02,0.62,530,22,0,0,46,"[""牛肉"",""ぎゅうにく"",""ギュウニク"",""うし"",""ウシ"",""牛"",""beef"",""もも肉"",""ももにく"",""モモ肉"",""モモにく"",""もも"",""モモ"",""round"",""beef round""]",牛もも肉,赤肉・生,Beef Round,"Red, Raw",216.3,87,23030,"Beef, round, knuckle, tip side, steak, separable lean and fat, trimmed to 0"" fat, choice, raw",169527,"Beef, round, tip round, separable lean and fat, trimmed to 1/8 fat, choice, raw",0.54255384786706,,81.4,TRUE,肉類 > 牛肉 > 牛モモ
11,11266,＜畜肉類＞　うし　［交雑牛肉］　もも　脂身　生,17.6,4.8,75.8,(0),0.2,682,2,37,29,81,4,0.5,0.4,0.01,0,1,3,4,0,0.8,0.02,0.02,1.1,0.04,0.8,3,0.17,"{""baseName"":""うし"",""part"":""もも"",""formModifiers"":[""脂身""],""state"":""生"",""notes"":[""畜肉類"",""交雑牛肉""]}",牛もも（脂身）は良質な動物性タンパク・脂質源で、犬の素材として適しています。,9,1,1,140,280,280,75,46,120,170,110,280,170,28,210,140,390,70.43,2.25,0.11,2.14,1900,110,0,0,45,"[""牛肉"",""ぎゅうにく"",""ギュウニク"",""うし"",""ウシ"",""牛"",""beef"",""もも肉"",""ももにく"",""モモ肉"",""モモにく"",""もも"",""モモ"",""round"",""beef round""]",牛もも肉,脂身・生,Beef Round,"Fatty, Raw",666.7,87,23030,"Beef, round, knuckle, tip side, steak, separable lean and fat, trimmed to 0"" fat, choice, raw",173968,"Beef, Australian, imported, Wagyu, seam fat, Aust. marble score 9, raw",0.8309700030788151,,,TRUE,肉類 > 牛肉 > 牛モモ
11,11267,＜畜肉類＞　うし　［交雑牛肉］　ヒレ　赤肉　生,62.3,19.0,18.0,(0),0.9,229,4,180,56,330,21,2.7,3.8,0.07,0,Tr,15,2,0,0.1,0.11,0.23,4.4,0.39,2.0,9,0.85,"{""baseName"":""うし"",""part"":""ヒレ"",""formModifiers"":[""赤肉""],""state"":""生"",""notes"":[""畜肉類"",""交雑牛肉""]}",良質なタンパク源で犬のレシピ素材として理想的。,10,1,1,930,1700,1800,530,220,750,820,710,1500,970,250,1000,700,1300,15.68,0.63,0.02,0.61,530,23,0,0,35,"[""牛肉"",""ぎゅうにく"",""ギュウニク"",""うし"",""ウシ"",""牛"",""beef"",""ヒレ肉"",""ひれにく"",""ヒレ"",""ひれ"",""フィレ"",""tenderloin"",""fillet"",""filet""]",牛ヒレ肉,赤肉・生,Beef Tenderloin,"Red, Raw",219.5,65,98097,"Beef, grass-fed, short loin, top loin, separable lean only, 0"" trim, raw",173973,"Beef, Australian, imported, Wagyu, loin, tenderloin steak/roast, boneless, separable lean only, Aust. marble score 9, raw",0.10866538349636892,,,TRUE,肉類 > 牛肉 > 牛ヒレ
11,11060,＜畜肉類＞　うし　［輸入牛肉］　かた　脂身つき　生,69.4,19.0,10.6,(0),0.9,160,4,170,54,320,20,1.1,5.0,0.08,Tr,-,-,7,0.3,0.6,0.08,0.22,3.0,0.26,2.2,5,0.89,"{""baseName"":""うし"",""part"":""かた"",""formModifiers"":[""脂身つき""],""state"":""生"",""notes"":[""畜肉類"",""輸入牛肉""]}",輸入牛のかた（生）。良質な動物性たんぱく源で犬のレシピ素材として適している。,9,0,1,,,,,,,,,,,,,,,8.85,0.30,0.12,0.18,140,69,11,2,22,"[""牛肉"",""ぎゅうにく"",""ギュウニク"",""うし"",""ウシ"",""牛"",""beef"",""かた肉"",""かたにく"",""カタ肉"",""肩肉"",""肩"",""shoulder"",""chuck""]",牛肩肉,脂身つき・生,Beef Shoulder (Chuck),"With fat, Raw",156.95,75,23034,"Beef, chuck, shoulder clod, shoulder tender, medallion, separable lean and fat, trimmed to 0"" fat, choice, raw",174735,"Beef, New Zealand, imported, oyster blade, separable lean and fat, raw",0.9590937466408802,,,FALSE,
11,11061,＜畜肉類＞　うし　［輸入牛肉］　かた　皮下脂肪なし　生,71.5,19.6,7.8,(0),1.0,138,4,180,56,330,21,1.0,5.3,0.09,Tr,-,-,5,0.3,0.6,0.08,0.23,3.1,0.27,2.3,6,0.92,"{""baseName"":""うし"",""part"":""かた"",""formModifiers"":[""皮下脂肪なし""],""state"":""生"",""notes"":[""畜肉類"",""輸入牛肉""]}",牛肉は良質なタンパク源で犬のレシピ素材として適切。,9,0,1,,,,,,,,,,,,,,,6.32,0.25,0.10,0.15,120,53,11,2,22,"[""牛肉"",""ぎゅうにく"",""ギュウニク"",""うし"",""ウシ"",""牛"",""beef"",""かた肉"",""かたにく"",""カタ肉"",""肩肉"",""肩"",""shoulder"",""chuck""]",牛肩肉,皮下脂肪なし・生,Beef Shoulder (Chuck),"Fat trimmed, Raw",135.25,85,23036,"Beef, chuck, shoulder clod, shoulder tender, medallion, separable lean and fat, trimmed to 0"" fat, select, raw",173080,"Beef, New Zealand, imported, flat, separable lean only, raw",1.1108075590091306,,,FALSE,
11,11062,＜畜肉類＞　うし　［輸入牛肉］　かた　赤肉　生,73.9,20.4,4.6,(0),1.0,114,4,180,58,340,22,2.4,5.5,0.09,0,-,-,4,0.2,0.6,0.09,0.25,3.2,0.27,2.4,6,0.95,"{""baseName"":""うし"",""part"":""かた"",""formModifiers"":[""赤肉""],""state"":""生"",""notes"":[""畜肉類"",""輸入牛肉""]}",良質な赤身肉で犬のレシピ素材として適している,9,0,1,,,,,,,,,,,,,,,3.43,0.20,0.08,0.12,87,35,12,2,23,"[""牛肉"",""ぎゅうにく"",""ギュウニク"",""うし"",""ウシ"",""牛"",""beef"",""かた肉"",""かたにく"",""カタ肉"",""肩肉"",""肩"",""shoulder"",""chuck""]",牛肩肉,赤肉・生,Beef Shoulder (Chuck),"Red, Raw",110.85,85,23037,"Beef, chuck, shoulder clod, shoulder top and center steaks, steak, separable lean and fat, trimmed to 0"" fat, choice, raw",174018,"Beef, chuck, clod roast, separable lean only, trimmed to 1/4 fat, all grades, raw",0.6682667817666519,,,FALSE,
11,11063,＜畜肉類＞　うし　［輸入牛肉］　かた　脂身　生,32.0,7.1,60.5,(0),0.4,537,6,65,24,140,7,0.9,1.1,0.03,0.01,-,-,30,1.2,1.2,0.03,0.04,1.6,0.14,0.5,3,0.36,"{""baseName"":""うし"",""part"":""かた"",""formModifiers"":[""脂身""],""state"":""生"",""notes"":[""畜肉類"",""輸入牛肉""]}",輸入牛のかた（脂身）は良質なたんぱく質・脂質源で犬のレシピ素材として適している。,10,0,1,,,,,,,,,,,,,,,53.95,1.10,0.45,0.65,600,350,0,0,17,"[""牛肉"",""ぎゅうにく"",""ギュウニク"",""うし"",""ウシ"",""牛"",""beef"",""かた肉"",""かたにく"",""カタ肉"",""肩肉"",""肩"",""shoulder"",""chuck""]",牛肩肉,脂身・生,Beef Shoulder (Chuck),"Fatty, Raw",539.1,75,23034,"Beef, chuck, shoulder clod, shoulder tender, medallion, separable lean and fat, trimmed to 0"" fat, choice, raw",171729,"Beef, Australian, imported, grass-fed, seam fat, raw",0.6117411810182959,,,FALSE,
11,11064,＜畜肉類＞　うし　［輸入牛肉］　かたロース　脂身つき　生,63.8,17.9,17.4,(0),0.8,221,4,150,49,300,18,1.2,5.8,0.07,0.01,-,-,10,0.4,0.7,0.07,0.20,3.5,0.25,1.8,7,1.00,"{""baseName"":""うし"",""part"":""かたロース"",""formModifiers"":[""脂身つき""],""state"":""生"",""notes"":[""畜肉類"",""輸入牛肉""]}",輸入牛のかたロースも良質なタンパク源で犬の素材として適切,9,1,1,(790),(1400),(1600),(460),(200),(660),(720),(610),(1300),(790),(220),(850),(690),(1200),(15.11),(0.48),(0.11),(0.37),(320),(72),(5),(0),(23),"[""牛肉"",""ぎゅうにく"",""ギュウニク"",""うし"",""ウシ"",""牛"",""beef"",""肩ロース"",""かたロース"",""カタロース"",""肩ロース肉"",""かたロース肉"",""shoulder loin"",""chuck roll""]",牛肩ロース,脂身つき・生,Beef Chuck Roll,"With fat, Raw",210.9,75,23034,"Beef, chuck, shoulder clod, shoulder tender, medallion, separable lean and fat, trimmed to 0"" fat, choice, raw",171733,"Beef, Australian, imported, grass-fed, loin, top loin steak/roast, boneless, separable lean and fat, raw",0.4254735430985352,,,TRUE,肉類 > 牛肉 > 牛肩ロース
11,11065,＜畜肉類＞　うし　［輸入牛肉］　かたロース　皮下脂肪なし　生,64.0,18.0,17.1,(0),0.8,219,4,150,49,300,18,1.2,5.8,0.07,0.01,-,-,10,0.4,0.7,0.07,0.20,3.5,0.25,1.8,8,1.00,"{""baseName"":""うし"",""part"":""かたロース"",""formModifiers"":[""皮下脂肪なし""],""state"":""生"",""notes"":[""畜肉類"",""輸入牛肉""]}",牛かたロースは良質なたんぱく源で犬の素材として適している,10,1,1,(790),(1400),(1600),(460),(200),(660),(720),(610),(1300),(790),(220),(850),(690),(1200),(14.85),(0.47),(0.11),(0.37),(320),(71),(5),(0),(23),"[""牛肉"",""ぎゅうにく"",""ギュウニク"",""うし"",""ウシ"",""牛"",""beef"",""肩ロース"",""かたロース"",""カタロース"",""肩ロース肉"",""かたロース肉"",""shoulder loin"",""chuck roll""]",牛肩ロース,皮下脂肪なし・生,Beef Chuck Roll,"Fat trimmed, Raw",208.7,75,23034,"Beef, chuck, shoulder clod, shoulder tender, medallion, separable lean and fat, trimmed to 0"" fat, choice, raw",173970,"Beef, Australian, imported, grass-fed, loin, top loin steak/roast, boneless, separable lean only, raw",0.8446424204191172,,,TRUE,肉類 > 牛肉 > 牛肩ロース
11,11066,＜畜肉類＞　うし　［輸入牛肉］　かたロース　赤肉　生,69.8,19.7,9.5,(0),0.9,160,4,170,54,320,20,2.4,6.4,0.08,0.01,-,-,7,0.2,0.5,0.07,0.23,3.8,0.27,2.1,8,1.11,"{""baseName"":""うし"",""part"":""かたロース"",""formModifiers"":[""赤肉""],""state"":""生"",""notes"":[""畜肉類"",""輸入牛肉""]}",牛肉は良質なタンパク源で犬のレシピ素材として理想的,10,1,1,(880),(1600),(1700),(510),(220),(730),(790),(680),(1500),(880),(240),(940),(760),(1300),8.22,0.38,0.06,0.32,270,35,6,0,27,"[""牛肉"",""ぎゅうにく"",""ギュウニク"",""うし"",""ウシ"",""牛"",""beef"",""肩ロース"",""かたロース"",""カタロース"",""肩ロース肉"",""かたロース肉"",""shoulder loin"",""chuck roll""]",牛肩ロース,赤肉・生,Beef Chuck Roll,"Red, Raw",150.05,85,23037,"Beef, chuck, shoulder clod, shoulder top and center steaks, steak, separable lean and fat, trimmed to 0"" fat, choice, raw",172125,"Beef, chuck, shoulder clod, top blade, steak, separable lean and fat, trimmed to 0 fat, choice, raw",0.38147896619576144,,83.2,TRUE,肉類 > 牛肉 > 牛肩ロース
11,11067,＜畜肉類＞　うし　［輸入牛肉］　リブロース　脂身つき　生,63.8,20.1,15.4,(0),0.9,212,4,170,44,330,20,2.2,4.7,0.07,0.01,1,20,9,0.4,0.7,0.08,0.16,5.0,0.37,1.3,7,0.85,"{""baseName"":""うし"",""part"":""リブロース"",""formModifiers"":[""脂身つき""],""state"":""生"",""notes"":[""畜肉類"",""輸入牛肉""]}",牛のリブロース（脂身つき）はエネルギー源として有用な肉類素材である。,9,1,1,910,1600,1800,520,230,740,810,710,1500,960,250,980,780,1300,13.54,0.39,0.07,0.32,280,45,5,0,24,"[""牛肉"",""ぎゅうにく"",""ギュウニク"",""うし"",""ウシ"",""牛"",""beef"",""リブロース"",""リブロース肉"",""リブロースステーキ"",""リブロース切り身"",""ribeye"",""ribeye steak"",""rib roast""]",牛リブロース,脂身つき・生,Beef Ribeye,"With fat, Raw",201.25,,,,173975,"Beef, Australian, imported, grass-fed, rib, ribeye steak/roast lip-on, boneless, separable lean and fat, raw",0.3264873549459763,,,TRUE,肉類 > 牛肉 > 牛リブロース
11,11269,＜畜肉類＞　うし　［輸入牛肉］　リブロース　脂身つき　ゆで,50.2,25.8,23.9,(0),0.5,307,2,110,18,130,14,2.7,6.5,0.08,0,1,24,14,0.5,1.0,0.04,0.14,2.7,0.26,1.3,6,0.50,"{""baseName"":""うし"",""part"":""リブロース"",""formModifiers"":[""脂身つき""],""state"":""ゆで"",""notes"":[""畜肉類"",""輸入牛肉""]}",ゆでた牛リブロースは良質なたんぱく質と脂質の供給源で料理素材として適切。,9,1,1,1300,2200,2500,710,310,1000,1100,990,2100,1300,330,1300,860,1800,20.92,0.57,0.09,0.48,420,63,6,0,28,"[""牛肉"",""ぎゅうにく"",""ギュウニク"",""うし"",""ウシ"",""牛"",""beef"",""リブロース"",""リブロース肉"",""リブロースステーキ"",""リブロース切り身"",""ribeye"",""ribeye steak"",""rib roast""]",牛リブロース,脂身つき・ゆで,Beef Ribeye,"With fat, Boiled",293.45,,,,171741,"Beef, Australian, imported, Wagyu, rib, small end rib steak/roast, boneless, separable lean and fat, Aust. marble score 9, raw",0.9537931091114423,,,TRUE,肉類 > 牛肉 > 牛リブロース
11,11268,＜畜肉類＞　うし　［輸入牛肉］　リブロース　脂身つき　焼き,49.8,25.0,23.9,(0),1.0,306,3,180,41,320,21,2.9,6.3,0.08,Tr,1,23,12,0.5,1.1,0.08,0.18,5.0,0.40,1.6,7,1.07,"{""baseName"":""うし"",""part"":""リブロース"",""formModifiers"":[""脂身つき""],""state"":""焼き"",""notes"":[""畜肉類"",""輸入牛肉""]}",輸入牛のリブロース焼きは良質なタンパク源であるが脂身が多い点に配慮が必要。,9,1,1,1200,2100,2300,670,300,980,1000,910,1900,1200,310,1200,920,1700,20.91,0.55,0.10,0.46,410,72,0,0,28,"[""牛肉"",""ぎゅうにく"",""ギュウニク"",""うし"",""ウシ"",""牛"",""beef"",""リブロース"",""リブロース肉"",""リブロースステーキ"",""リブロース切り身"",""ribeye"",""ribeye steak"",""rib roast""]",牛リブロース,脂身つき・焼き,Beef Ribeye,"With fat, Roasted",291.7,,,,171741,"Beef, Australian, imported, Wagyu, rib, small end rib steak/roast, boneless, separable lean and fat, Aust. marble score 9, raw",0.8226599832285665,,,TRUE,肉類 > 牛肉 > 牛リブロース
11,11068,＜畜肉類＞　うし　［輸入牛肉］　リブロース　皮下脂肪なし　生,64.5,20.3,14.4,(0),0.9,203,4,170,45,330,20,2.2,4.8,0.07,0.01,1,21,9,0.4,0.7,0.08,0.16,5.1,0.38,1.4,7,0.87,"{""baseName"":""うし"",""part"":""リブロース"",""formModifiers"":[""皮下脂肪なし""],""state"":""生"",""notes"":[""畜肉類"",""輸入牛肉""]}",牛リブロースは良質なタンパク質と脂肪源で犬のレシピ素材として非常に適している。,10,1,1,(900),(1600),(1800),(520),(230),(750),(820),(690),(1500),(900),(250),(970),(780),(1300),12.48,0.38,0.09,0.29,260,57,2,0,17,"[""牛肉"",""ぎゅうにく"",""ギュウニク"",""うし"",""ウシ"",""牛"",""beef"",""リブロース"",""リブロース肉"",""リブロースステーキ"",""リブロース切り身"",""ribeye"",""ribeye steak"",""rib roast""]",牛リブロース,皮下脂肪なし・生,Beef Ribeye,"Fat trimmed, Raw",193.45,,,,171735,"Beef, Australian, imported, grass-fed, rib, ribeye steak/roast lip-on, boneless, separable lean only, raw",0.521878298439827,,,TRUE,肉類 > 牛肉 > 牛リブロース
11,11069,＜畜肉類＞　うし　［輸入牛肉］　リブロース　赤肉　生,68.6,21.7,9.1,(0),1.0,163,4,180,47,350,21,2.3,5.2,0.07,0.01,1,22,7,0.2,0.6,0.09,0.17,5.4,0.40,1.5,7,0.93,"{""baseName"":""うし"",""part"":""リブロース"",""formModifiers"":[""赤肉""],""state"":""生"",""notes"":[""畜肉類"",""輸入牛肉""]}",牛リブロースは良質なタンパク質と脂肪を供給する優れた素材である,10,1,1,(970),(1700),(1900),(560),(240),(810),(870),(750),(1600),(970),(270),(1000),(840),(1400),7.82,0.32,0.05,0.27,230,32,3,0,20,"[""牛肉"",""ぎゅうにく"",""ギュウニク"",""うし"",""ウシ"",""牛"",""beef"",""リブロース"",""リブロース肉"",""リブロースステーキ"",""リブロース切り身"",""ribeye"",""ribeye steak"",""rib roast""]",牛リブロース,赤肉・生,Beef Ribeye,"Red, Raw",153.3,,,,171735,"Beef, Australian, imported, grass-fed, rib, ribeye steak/roast lip-on, boneless, separable lean only, raw",0.3251764191224698,,,TRUE,肉類 > 牛肉 > 牛リブロース
11,11070,＜畜肉類＞　うし　［輸入牛肉］　リブロース　脂身　生,19.9,5.7,73.1,(0),0.3,653,1,53,17,130,6,1.1,1.1,0.02,0,Tr,4,28,2.2,1.6,0.01,0.02,1.6,0.11,0.3,2,0.21,"{""baseName"":""うし"",""part"":""リブロース"",""formModifiers"":[""脂身""],""state"":""生"",""notes"":[""畜肉類"",""輸入牛肉""]}",輸入牛リブロースは良質なたんぱく源だが脂肪分が高い点に注意,8,1,1,(150),(320),(300),(78),(41),(120),(180),(110),(290),(170),(27),(230),(170),(390),63.72,1.18,0.47,0.72,690,330,0,0,0,"[""牛肉"",""ぎゅうにく"",""ギュウニク"",""うし"",""ウシ"",""牛"",""beef"",""リブロース"",""リブロース肉"",""リブロースステーキ"",""リブロース切り身"",""ribeye"",""ribeye steak"",""rib roast""]",牛リブロース,脂身・生,Beef Ribeye,"Fatty, Raw",644.8,,,,171731,"Beef, Australian, imported, Wagyu, seam fat, Aust. marble score 4/5, raw",1.0172069080478203,,,TRUE,肉類 > 牛肉 > 牛リブロース
11,11071,＜畜肉類＞　うし　［輸入牛肉］　サーロイン　脂身つき　生,57.7,17.4,23.7,(0),0.8,273,3,150,39,290,18,1.4,3.1,0.06,0,-,-,10,0.6,0.7,0.05,0.12,4.9,0.42,0.6,5,0.52,"{""baseName"":""うし"",""part"":""サーロイン"",""formModifiers"":[""脂身つき""],""state"":""生"",""notes"":[""畜肉類"",""輸入牛肉""]}",牛サーロインは良質なたんぱく源で犬のレシピ素材として非常に適している,10,1,1,(760),(1400),(1500),(440),(190),(630),(690),(580),(1300),(760),(210),(820),(660),(1100),(20.52),(0.43),(0.17),(0.26),(240),(110),(6),(1),(9),"[""牛肉"",""ぎゅうにく"",""ギュウニク"",""うし"",""ウシ"",""牛"",""beef"",""サーロイン"",""サーロイン肉"",""サーロインステーキ"",""sirloin"",""sirloin steak""]",牛サーロイン,脂身つき・生,Beef Sirloin,"With fat, Raw",263.75,,,,173978,"Beef, Australian, imported, Wagyu, loin, top loin steak/roast, boneless, separable lean and fat, Aust. marble score 4/5, raw",0.39332574861533603,,,TRUE,肉類 > 牛肉 > サーロイン
11,11072,＜畜肉類＞　うし　［輸入牛肉］　サーロイン　皮下脂肪なし　生,63.1,19.1,16.5,(0),0.9,218,4,170,42,320,20,1.3,3.4,0.07,0,-,-,8,0.4,0.6,0.06,0.13,5.4,0.46,0.7,5,0.57,"{""baseName"":""うし"",""part"":""サーロイン"",""formModifiers"":[""皮下脂肪なし""],""state"":""生"",""notes"":[""畜肉類"",""輸入牛肉""]}",サーロインの赤身は良質なたんぱく源で扱いやすい部位。,9,1,1,(840),(1500),(1700),(490),(210),(700),(760),(650),(1400),(840),(230),(910),(730),(1200),(14.23),(0.32),(0.12),(0.19),(170),(79),(7),(2),(11),"[""牛肉"",""ぎゅうにく"",""ギュウニク"",""うし"",""ウシ"",""牛"",""beef"",""サーロイン"",""サーロイン肉"",""サーロインステーキ"",""sirloin"",""sirloin steak""]",牛サーロイン,皮下脂肪なし・生,Beef Sirloin,"Fat trimmed, Raw",208.5,,,,173970,"Beef, Australian, imported, grass-fed, loin, top loin steak/roast, boneless, separable lean only, raw",0.7888489956745415,,,TRUE,肉類 > 牛肉 > サーロイン
11,11073,＜畜肉類＞　うし　［輸入牛肉］　サーロイン　赤肉　生,72.1,22.0,4.4,(0),1.0,127,4,190,48,360,23,2.2,3.9,0.08,0,-,-,4,0,0.4,0.06,0.16,6.2,0.54,0.8,6,0.65,"{""baseName"":""うし"",""part"":""サーロイン"",""formModifiers"":[""赤肉""],""state"":""生"",""notes"":[""畜肉類"",""輸入牛肉""]}",赤身の牛肉は良質なタンパク源で犬のレシピ素材として優れている。,9,1,1,(980),(1800),(1900),(570),(250),(820),(890),(760),(1600),(980),(270),(1000),(850),(1400),3.65,0.14,0.05,0.08,62,25,8,2,13,"[""牛肉"",""うし"",""ウシ"",""beef"",""サーロイン"",""サーロイン肉"",""sirloin""]",牛サーロイン肉,赤肉・生,Beef Sirloin,"Red Meat, Raw",116.15,65,98097,"Beef, grass-fed, short loin, top loin, separable lean only, 0"" trim, raw",171734,"Beef, Australian, imported, grass-fed, loin, top sirloin cap-off steak/roast, boneless, separable lean only, raw",0.3154836900343438,,,TRUE,肉類 > 牛肉 > サーロイン
11,11074,＜畜肉類＞　うし　［輸入牛肉］　ばら　脂身つき　生,51.8,14.4,32.9,(0),0.7,338,4,130,52,230,14,1.5,3.0,0.05,0,-,-,24,0.4,1.1,0.05,0.12,3.9,0.28,1.3,5,0.50,"{""baseName"":""うし"",""part"":""ばら"",""formModifiers"":[""脂身つき""],""state"":""生"",""notes"":[""畜肉類"",""輸入牛肉""]}",牛ばら（脂身つき）は良質な動物性タンパクだが脂肪が多く過剰摂取で膵炎リスクがあるため分量に注意。,8,0,1,,,,,,,,,,,,,,,29.63,0.54,0.20,0.34,310,150,0,0,13,"[""牛肉"",""うし"",""ウシ"",""beef"",""ばら"",""バラ"",""ばら肉"",""バラ肉"",""belly"",""brisket""]",牛ばら肉,脂身つき・生,Beef Brisket,"With Fat, Raw",330.75,,,,171728,"Beef, Australian, imported, grass-fed,  external fat, raw",0.8631451966370698,,,TRUE,肉類 > 牛肉 > 牛バラ
11,11075,＜畜肉類＞　うし　［輸入牛肉］　もも　脂身つき　生,71.4,19.6,8.6,(0),1.0,148,3,170,41,310,21,2.4,3.8,0.08,0.01,-,-,5,0.2,0.5,0.08,0.19,5.0,0.44,1.5,8,0.78,"{""baseName"":""うし"",""part"":""もも"",""formModifiers"":[""脂身つき""],""state"":""生"",""notes"":[""畜肉類"",""輸入牛肉""]}",牛ももは良質な赤身肉で犬のレシピ素材として非常に適している。,9,1,1,(860),(1600),(1700),(500),(210),(710),(780),(670),(1500),(870),(240),(970),(770),(1300),7.17,0.25,0.05,0.20,170,34,4,1,22,"[""牛肉"",""うし"",""ウシ"",""beef"",""もも"",""モモ"",""もも肉"",""モモ肉"",""round""]",牛もも肉,脂身つき・生,Beef Round,"With Fat, Raw",141.7,87,23030,"Beef, round, knuckle, tip side, steak, separable lean and fat, trimmed to 0"" fat, choice, raw",169517,"Beef, round, full cut, separable lean and fat, trimmed to 1/8 fat, select, raw",0.6177732822278655,,85.9,TRUE,肉類 > 牛肉 > 牛モモ
11,11076,＜畜肉類＞　うし　［輸入牛肉］　もも　皮下脂肪なし　生,73.0,20.0,6.7,(0),1.0,133,3,170,42,320,22,2.5,3.9,0.08,0.01,1,12,4,0.1,0.4,0.09,0.20,5.1,0.45,1.5,8,0.78,"{""baseName"":""うし"",""part"":""もも"",""formModifiers"":[""皮下脂肪なし""],""state"":""生"",""notes"":[""畜肉類"",""輸入牛肉""]}",牛もも（脂肪少）は良質なたんぱく源で犬のレシピ素材として適切,10,1,1,910,1600,1800,520,220,740,810,720,1500,970,250,1000,800,1300,5.46,0.35,0.10,0.25,180,39,20,4,45,"[""牛肉"",""うし"",""ウシ"",""beef"",""もも"",""モモ"",""もも肉"",""モモ肉"",""round""]",牛もも肉,皮下脂肪なし・生,Beef Round,"No Subcutaneous Fat, Raw",126.95,87,23030,"Beef, round, knuckle, tip side, steak, separable lean and fat, trimmed to 0"" fat, choice, raw",173971,"Beef, Australian, imported, grass-fed, round, bottom round steak/roast, boneless, separable lean only, raw",0.4584077991850751,,,TRUE,肉類 > 牛肉 > 牛モモ
11,11271,＜畜肉類＞　うし　［輸入牛肉］　もも　皮下脂肪なし　ゆで,60.0,30.0,11.0,(0),0.6,204,3,130,19,130,16,3.5,7.5,0.10,0.01,1,19,8,0,0.7,0.05,0.18,3.2,0.35,1.2,7,0.62,"{""baseName"":""うし"",""part"":""もも"",""formModifiers"":[""皮下脂肪なし""],""state"":""ゆで"",""notes"":[""畜肉類"",""輸入牛肉""]}",加熱済みの赤身牛ももで良質なタンパク源、扱いやすい,10,1,1,1500,2600,2800,850,350,1200,1300,1100,2400,1600,390,1600,970,2100,8.79,0.55,0.14,0.42,320,57,27,0,64,"[""牛肉"",""うし"",""ウシ"",""beef"",""もも"",""モモ"",""もも肉"",""モモ肉"",""round""]",牛もも肉,皮下脂肪なし・ゆで,Beef Round,"No Subcutaneous Fat, Boiled",198.5,100,23031,"Beef, round, knuckle, tip side, steak, separable lean and fat, trimmed to 0"" fat, choice, cooked, grilled",173965,"Beef, Australian, imported, grass-fed, loin, tenderloin steak/roast, boneless, separable lean only, raw",0.7275354236573633,,,TRUE,肉類 > 牛肉 > 牛モモ
11,11270,＜畜肉類＞　うし　［輸入牛肉］　もも　皮下脂肪なし　焼き,60.4,28.0,14.1,(0),1.1,205,4,190,41,320,23,3.3,6.6,0.09,0.02,1,17,8,0,0.6,0.08,0.22,5.6,0.53,1.7,10,0.88,"{""baseName"":""うし"",""part"":""もも"",""formModifiers"":[""皮下脂肪なし""],""state"":""焼き"",""notes"":[""畜肉類"",""輸入牛肉""]}",焼き牛もも（脂肪少なめ）は良質な蛋白源で犬の素材として非常に適している。,10,1,1,1300,2300,2500,740,320,1100,1100,1000,2200,1400,350,1400,1000,1900,11.41,0.63,0.16,0.47,360,70,32,0,71,"[""牛肉"",""うし"",""ウシ"",""beef"",""もも"",""モモ"",""もも肉"",""モモ肉"",""round""]",牛もも肉,皮下脂肪なし・焼き,Beef Round,"No Subcutaneous Fat, Grilled",217.85,100,23031,"Beef, round, knuckle, tip side, steak, separable lean and fat, trimmed to 0"" fat, choice, cooked, grilled",173966,"Beef, Australian, imported, Wagyu, loin, tenderloin steak/roast, boneless, separable lean only, Aust. marble score 4/5, raw",0.4441568886397537,,,TRUE,肉類 > 牛肉 > 牛モモ
11,11077,＜畜肉類＞　うし　［輸入牛肉］　もも　赤肉　生,74.2,21.2,4.3,(0),1.0,117,4,180,44,340,23,2.6,4.1,0.08,0.01,-,-,3,0.1,0.4,0.09,0.21,5.4,0.48,1.6,8,0.82,"{""baseName"":""うし"",""part"":""もも"",""formModifiers"":[""赤肉""],""state"":""生"",""notes"":[""畜肉類"",""輸入牛肉""]}",牛もも赤肉は良質な動物性たんぱく源で犬のレシピ素材として理想的,10,1,1,(940),(1700),(1900),(540),(230),(770),(850),(730),(1600),(950),(260),(1000),(840),(1400),3.40,0.19,0.03,0.16,120,15,4,1,24,"[""牛肉"",""うし"",""ウシ"",""beef"",""もも"",""モモ"",""もも肉"",""モモ肉"",""round""]",牛もも肉,赤肉・生,Beef Round,"Red Meat, Raw",110.75,87,23030,"Beef, round, knuckle, tip side, steak, separable lean and fat, trimmed to 0"" fat, choice, raw",173971,"Beef, Australian, imported, grass-fed, round, bottom round steak/roast, boneless, separable lean only, raw",0.23889832195987437,,,TRUE,肉類 > 牛肉 > 牛モモ
11,11078,＜畜肉類＞　うし　［輸入牛肉］　もも　脂身　生,28.1,6.3,64.4,(0),0.4,580,2,61,19,120,7,0.9,0.8,0.02,0.01,-,-,35,0.9,1.2,0.02,0.03,1.6,0.13,0.4,2,0.46,"{""baseName"":""うし"",""part"":""もも"",""formModifiers"":[""脂身""],""state"":""生"",""notes"":[""畜肉類"",""輸入牛肉""]}",牛もも（脂身）は良質なタンパク源で犬のレシピ素材として適しています。,9,1,1,(180),(370),(370),(98),(60),(160),(220),(140),(360),(210),(37),(280),(180),(500),56.08,1.10,0.37,0.73,730,280,0,0,0,"[""牛肉"",""うし"",""ウシ"",""beef"",""もも"",""モモ"",""もも肉"",""モモ肉"",""round""]",牛もも肉,脂身・生,Beef Round,"Fatty, Raw",572.25,84,23049,"Beef, round, outside round, bottom round, steak, separable lean and fat, trimmed to 0"" fat, choice, raw",171731,"Beef, Australian, imported, Wagyu, seam fat, Aust. marble score 4/5, raw",0.09278312493993507,,,TRUE,肉類 > 牛肉 > 牛モモ
11,11079,＜畜肉類＞　うし　［輸入牛肉］　そともも　脂身つき　生,65.8,18.7,14.3,(0),0.9,197,4,170,48,320,20,1.1,2.9,0.08,Tr,-,-,9,0.3,0.7,0.06,0.16,4.3,0.37,1.3,6,0.80,"{""baseName"":""うし"",""part"":""そともも"",""formModifiers"":[""脂身つき""],""state"":""生"",""notes"":[""畜肉類"",""輸入牛肉""]}",輸入牛のそともも（脂身つき）はエネルギーとたんぱく源として犬に適している,9,1,1,(820),(1500),(1600),(470),(200),(670),(750),(640),(1400),(830),(230),(920),(730),(1200),(12.12),(0.29),(0.10),(0.19),(170),(70),(5),(0),(9),"[""牛肉"",""うし"",""ウシ"",""beef"",""そともも"",""ソトモモ"",""外もも"",""そともも肉"",""外もも肉"",""outside round""]",牛そともも肉,脂身つき・生,Beef Outside Round,"With Fat, Raw",188.05,84,23049,"Beef, round, outside round, bottom round, steak, separable lean and fat, trimmed to 0"" fat, choice, raw",171733,"Beef, Australian, imported, grass-fed, loin, top loin steak/roast, boneless, separable lean and fat, raw",0.4242283420144836,,,TRUE,肉類 > 牛肉 > 牛モモ
11,11080,＜畜肉類＞　うし　［輸入牛肉］　そともも　皮下脂肪なし　生,67.6,19.3,11.9,(0),0.9,178,4,180,49,330,20,1.0,3.0,0.08,Tr,-,-,7,0.3,0.7,0.06,0.17,4.4,0.38,1.4,6,0.82,"{""baseName"":""うし"",""part"":""そともも"",""formModifiers"":[""皮下脂肪なし""],""state"":""生"",""notes"":[""畜肉類"",""輸入牛肉""]}",牛肉は良質な動物性タンパク源で犬のレシピ素材として適している,9,1,1,(850),(1500),(1700),(490),(210),(700),(770),(660),(1400),(860),(230),(950),(760),(1300),(10.02),(0.25),(0.09),(0.16),(150),(60),(5),(0),(9),"[""牛肉"",""うし"",""ウシ"",""beef"",""そともも"",""ソトモモ"",""外もも"",""そともも肉"",""外もも肉"",""outside round""]",牛そともも肉,皮下脂肪なし・生,Beef Outside Round,"No Subcutaneous Fat, Raw",169.75,84,23049,"Beef, round, outside round, bottom round, steak, separable lean and fat, trimmed to 0"" fat, choice, raw",173970,"Beef, Australian, imported, grass-fed, loin, top loin steak/roast, boneless, separable lean only, raw",0.8677776325606721,,,TRUE,肉類 > 牛肉 > 牛モモ
11,11081,＜畜肉類＞　うし　［輸入牛肉］　そともも　赤肉　生,73.6,21.2,3.9,(0),1.0,117,4,190,53,360,22,1.9,3.3,0.09,0,-,-,3,0.2,0.7,0.07,0.19,4.9,0.42,1.5,7,0.87,"{""baseName"":""うし"",""part"":""そともも"",""formModifiers"":[""赤肉""],""state"":""生"",""notes"":[""畜肉類"",""輸入牛肉""]}",牛赤肉のそとももは良質なタンパク源で犬のレシピ素材として適する。,9,1,1,(940),(1700),(1900),(540),(230),(780),(850),(730),(1600),(950),(260),(1000),(840),(1400),3.00,0.12,0.05,0.07,57,26,6,0,10,"[""牛肉"",""うし"",""ウシ"",""beef"",""そともも"",""ソトモモ"",""外もも"",""そともも肉"",""外もも肉"",""outside round""]",牛そともも肉,赤肉・生,Beef Outside Round,"Red Meat, Raw",108.4,84,23049,"Beef, round, outside round, bottom round, steak, separable lean and fat, trimmed to 0"" fat, choice, raw",173971,"Beef, Australian, imported, grass-fed, round, bottom round steak/roast, boneless, separable lean only, raw",0.28645284165381363,,,TRUE,肉類 > 牛肉 > 牛モモ
11,11082,＜畜肉類＞　うし　［輸入牛肉］　ランプ　脂身つき　生,63.8,18.4,16.4,(0),1.0,214,3,170,45,310,20,1.3,3.4,0.10,Tr,-,-,10,0.4,0.8,0.09,0.24,4.0,0.44,1.9,7,0.91,"{""baseName"":""うし"",""part"":""ランプ"",""formModifiers"":[""脂身つき""],""state"":""生"",""notes"":[""畜肉類"",""輸入牛肉""]}",生の牛ランプは良質なタンパク質と脂肪を含み犬のレシピ素材として適している。,9,1,1,(800),(1500),(1600),(460),(200),(660),(730),(620),(1400),(810),(220),(900),(720),(1200),(14.05),(0.37),(0.13),(0.24),(220),(86),(9),(0),(14),"[""牛肉"",""うし"",""ウシ"",""beef"",""ランプ"",""らんぷ"",""ランプ肉"",""rump""]",牛ランプ肉,脂身つき・生,Beef Rump,"With Fat, Raw",205.2,87,23030,"Beef, round, knuckle, tip side, steak, separable lean and fat, trimmed to 0"" fat, choice, raw",169534,"Beef, round, top round, separable lean and fat, trimmed to 1/8 fat, prime, raw",0.8964448423009521,,92.9,TRUE,肉類 > 牛肉 > 牛肉（一般）
11,11083,＜畜肉類＞　うし　［輸入牛肉］　ランプ　皮下脂肪なし　生,67.7,19.7,11.1,(0),1.0,174,4,190,47,330,21,1.1,3.7,0.11,Tr,-,-,8,0.3,0.8,0.10,0.26,4.2,0.47,2.0,7,0.96,"{""baseName"":""うし"",""part"":""ランプ"",""formModifiers"":[""皮下脂肪なし""],""state"":""生"",""notes"":[""畜肉類"",""輸入牛肉""]}",牛ランプ（生）は良質な動物性タンパク源で、犬のレシピ素材として理想的,10,1,1,(870),(1600),(1700),(500),(210),(710),(790),(670),(1500),(880),(240),(970),(770),(1300),(9.40),(0.29),(0.10),(0.18),(160),(64),(10),(0),(16),"[""牛肉"",""うし"",""ウシ"",""beef"",""ランプ"",""らんぷ"",""ランプ肉"",""rump""]",牛ランプ肉,皮下脂肪なし・生,Beef Rump,"No Subcutaneous Fat, Raw",165.05,91,23051,"Beef, round, outside round, bottom round, steak, separable lean and fat, trimmed to 0"" fat, select, raw",169517,"Beef, round, full cut, separable lean and fat, trimmed to 1/8 fat, select, raw",0.8940899466955998,,85.9,TRUE,肉類 > 牛肉 > 牛肉（一般）
11,11084,＜畜肉類＞　うし　［輸入牛肉］　ランプ　赤肉　生,73.8,21.6,3.0,(0),1.1,112,4,210,52,360,23,2.6,4.1,0.12,0,-,-,4,0.2,0.7,0.11,0.29,4.6,0.52,2.3,8,1.03,"{""baseName"":""うし"",""part"":""ランプ"",""formModifiers"":[""赤肉""],""state"":""生"",""notes"":[""畜肉類"",""輸入牛肉""]}",牛ランプは良質な赤肉のタンパク源で理想的な素材。,10,1,1,(960),(1700),(1900),(550),(240),(790),(870),(750),(1600),(970),(270),(1100),(850),(1400),2.31,0.17,0.06,0.10,74,31,11,0,18,"[""牛肉"",""うし"",""ウシ"",""beef"",""ランプ"",""らんぷ"",""ランプ肉"",""rump""]",牛ランプ肉,赤肉・生,Beef Rump,"Red Meat, Raw",102.85,81,23045,"Beef, round, knuckle, tip center, steak, separable lean and fat, trimmed to 0"" fat, choice, raw",171734,"Beef, Australian, imported, grass-fed, loin, top sirloin cap-off steak/roast, boneless, separable lean only, raw",0.3840803995331887,,,TRUE,肉類 > 牛肉 > 牛肉（一般）
11,11085,＜畜肉類＞　うし　［輸入牛肉］　ヒレ　赤肉　生,73.3,20.5,4.8,(0),1.1,123,4,180,45,370,24,2.8,2.8,0.11,0.02,-,-,4,0.4,0.7,0.10,0.25,4.7,0.39,2.0,5,1.26,"{""baseName"":""うし"",""part"":""ヒレ"",""formModifiers"":[""赤肉""],""state"":""生"",""notes"":[""畜肉類"",""輸入牛肉""]}",牛ヒレは良質なタンパク源で犬のレシピ素材として適している,9,1,1,(1000),(1800),(2000),(570),(210),(780),(850),(800),(1700),(1000),(240),(1100),(780),(1400),3.99,0.22,0.08,0.14,110,42,12,2,21,"[""牛肉"",""うし"",""ウシ"",""beef"",""ヒレ"",""ひれ"",""ヒレ肉"",""フィレ"",""フィレ肉"",""tenderloin"",""filet""]",牛ヒレ肉,赤肉・生,Beef Tenderloin,"Red Meat, Raw",113.6,,,,173965,"Beef, Australian, imported, grass-fed, loin, tenderloin steak/roast, boneless, separable lean only, raw",0.3366885560525453,,,TRUE,肉類 > 牛肉 > 牛ヒレ
11,11086,＜畜肉類＞　うし　［子牛肉］　リブロース　皮下脂肪なし　生,76.0,21.7,0.9,(0),1.1,94,5,190,67,360,23,1.6,2.8,0.07,0,-,-,0,0,0.1,0.09,0.17,8.9,0.48,1.2,6,0.72,"{""baseName"":""うし"",""part"":""リブロース"",""formModifiers"":[""皮下脂肪なし""],""state"":""生"",""notes"":[""畜肉類"",""子牛肉""]}",子牛リブロースは良質なたんぱく源だが脂肪量に配慮して使用する。,9,1,1,(1100),(1700),(1800),(510),(250),(750),(880),(690),(1600),(950),(220),(1200),(790),(1300),0.49,0.13,0.01,0.13,84,1,1,0,32,"[""牛肉"",""うし"",""ウシ"",""beef"",""リブロース"",""リブロース肉"",""子牛"",""子牛肉"",""veal"",""rib roast""]",子牛リブロース肉,皮下脂肪なし・生,Veal Rib Roast,"No Subcutaneous Fat, Raw",84.65,,,,172478,,,,,TRUE,肉類 > 牛肉 > 牛リブロース
11,11087,＜畜肉類＞　うし　［子牛肉］　ばら　皮下脂肪なし　生,74.5,20.9,3.6,(0),1.0,113,6,160,100,320,19,1.7,3.6,0.07,0,-,-,3,0,0.2,0.10,0.18,6.2,0.26,1.6,3,0.84,"{""baseName"":""うし"",""part"":""ばら"",""formModifiers"":[""皮下脂肪なし""],""state"":""生"",""notes"":[""畜肉類"",""子牛肉""]}",子牛のばら肉は良質な動物性タンパク源でレシピ素材として適している,9,1,1,(1000),(1700),(1700),(490),(240),(720),(840),(670),(1500),(910),(210),(1200),(760),(1200),2.80,0.25,0.01,0.24,190,6,0,0,34,"[""牛肉"",""うし"",""ウシ"",""beef"",""ばら"",""バラ"",""ばら肉"",""バラ肉"",""子牛"",""子牛肉"",""veal""]",子牛ばら肉,皮下脂肪なし・生,Veal Brisket,"No Subcutaneous Fat, Raw",103.75,,,,173970,"Beef, Australian, imported, grass-fed, loin, top loin steak/roast, boneless, separable lean only, raw",0.3998638060297464,,,TRUE,肉類 > 牛肉 > 牛バラ
11,11088,＜畜肉類＞　うし　［子牛肉］　もも　皮下脂肪なし　生,74.8,21.2,2.7,(0),1.1,107,5,200,54,390,23,1.3,2.3,0.06,0,-,-,3,0,0.1,0.08,0.16,9.3,0.44,0.8,5,0.72,"{""baseName"":""うし"",""part"":""もも"",""formModifiers"":[""皮下脂肪なし""],""state"":""生"",""notes"":[""畜肉類"",""子牛肉""]}",子牛もも肉（生）は高品質な肉類で犬のレシピ素材として適している,10,1,1,(1000),(1700),(1700),(500),(240),(730),(860),(680),(1500),(930),(210),(1200),(770),(1200),2.00,0.21,0.01,0.20,150,7,0,0,30,"[""牛肉"",""うし"",""ウシ"",""beef"",""もも"",""モモ"",""もも肉"",""モモ肉"",""子牛"",""子牛肉"",""veal""]",子牛もも肉,皮下脂肪なし・生,Veal Round,"No Subcutaneous Fat, Raw",97.85,,,,175269,"Veal, leg (top round), separable lean only, raw",0.9360583125486521,,,TRUE,肉類 > 牛肉 > 牛モモ
11,11089,＜畜肉類＞　うし　［ひき肉］　生,61.4,17.1,21.1,(0),0.8,251,6,100,64,260,17,2.4,5.2,0.06,Tr,1,11,12,0.1,0.5,0.08,0.19,4.2,0.25,1.6,5,0.72,"{""baseName"":""うし"",""state"":""生"",""notes"":[""畜肉類"",""ひき肉""]}",牛ひき肉は良質な動物性タンパク源で犬のレシピ素材として適切,9,1,1,720,1300,1400,410,180,590,670,560,1200,770,190,790,610,1100,18.95,0.63,0.24,0.39,330,80,32,87,19,"[""牛肉"",""うし"",""ウシ"",""beef"",""ひき肉"",""挽肉"",""ミンチ"",""ミンチ肉"",""牛ひき肉"",""ground beef"",""minced beef""]",牛ひき肉,生,Ground Beef,Raw,239.2,47,13498,"Beef, ground, 70% lean meat/ 30% fat, raw",173068,"Beef, Australian, imported, grass-fed, ground, 85% lean / 15% fat, raw",0.29302189175879834,,,TRUE,肉類 > 牛肉 > 牛肉（一般）
11,11272,＜畜肉類＞　うし　［ひき肉］　焼き,52.2,25.9,21.3,(0),1.2,280,8,150,92,390,26,3.4,7.6,0.09,0.01,1,15,5,0.1,0.7,0.11,0.26,6.3,0.34,1.7,7,1.02,"{""baseName"":""うし"",""state"":""焼き"",""notes"":[""畜肉類"",""ひき肉""]}",焼いた牛ひき肉は良質なタンパク源で調理済みのためそのまま素材として適切。,10,1,1,1100,2100,2300,640,290,930,1100,890,2000,1200,300,1300,950,1800,17.97,0.52,0.09,0.43,380,63,0,0,31,"[""牛肉"",""うし"",""ウシ"",""beef"",""ひき肉"",""挽肉"",""ミンチ"",""ミンチ肉"",""牛ひき肉"",""ground beef"",""minced beef""]",牛ひき肉,焼き,Ground Beef,Grilled,271.7,78,13497,"Beef, ground, 70% lean meat/ 30% fat, patty, cooked, broiled",173068,"Beef, Australian, imported, grass-fed, ground, 85% lean / 15% fat, raw",0.6393496650497328,,,TRUE,肉類 > 牛肉 > 牛肉（一般）
11,11090,＜畜肉類＞　うし　［副生物］　舌　生,54.0,13.3,31.8,(0),0.7,318,3,130,60,230,15,2.0,2.8,0.09,0.01,1,10,3,0,0.9,0.10,0.23,3.8,0.14,3.8,14,0.68,"{""baseName"":""うし"",""part"":""舌"",""state"":""生"",""notes"":[""畜肉類"",""副生物""]}",牛舌は高タンパクで風味があり犬の肉素材として適切,9,1,1,630,1200,1200,350,160,510,590,500,1100,680,160,720,420,960,28.42,1.25,0.06,1.18,1000,48,0,0,70,"[""牛"",""うし"",""ウシ"",""beef"",""牛タン"",""ぎゅうたん"",""ギュウタン"",""タン"",""舌"",""した"",""牛舌"",""beef tongue""]",牛タン,生,Beef Tongue,Raw,317.55,,,,174738,"Beef, New Zealand, imported, variety meats and by-products, tongue, raw",0.7717643978369135,,,TRUE,肉類 > 牛肉 > 牛タン
11,11273,＜畜肉類＞　うし　［副生物］　舌　焼き,41.4,20.2,37.1,(0),1.0,401,4,180,78,320,22,2.9,4.6,0.12,0.01,1,16,3,0,1.2,0.11,0.36,5.2,0.16,5.4,14,0.99,"{""baseName"":""うし"",""part"":""舌"",""state"":""焼き"",""notes"":[""畜肉類"",""副生物""]}",焼いた牛舌は内臓肉としてミネラルとタンパク質が豊富で、調理済みで使いやすい。,9,1,1,900,1700,1800,510,250,750,850,720,1600,990,230,1000,590,1400,32.60,1.39,0.07,1.32,1200,53,0,0,81,"[""牛"",""うし"",""ウシ"",""beef"",""牛タン"",""ぎゅうたん"",""ギュウタン"",""タン"",""舌"",""した"",""牛舌"",""beef tongue""]",牛タン,焼き,Beef Tongue,Grilled,387.1,,,,169464,"Beef, short loin, t-bone steak, separable lean and fat, trimmed to 0 fat, all grades, cooked, broiled",0.7986644934777717,,92.1,TRUE,肉類 > 牛肉 > 牛タン
11,11091,＜畜肉類＞　うし　［副生物］　心臓　生,74.8,16.5,7.6,(0),1.0,128,5,170,70,260,23,3.3,2.1,0.42,-,-,-,9,0,0.6,0.42,0.90,5.8,0.29,12.0,16,2.16,"{""baseName"":""うし"",""part"":""心臓"",""state"":""生"",""notes"":[""畜肉類"",""副生物""]}",内臓肉で栄養密度が高く良質な素材（ビタミン・ミネラル源）である。,9,1,1,750,1400,1300,410,220,630,710,550,1300,750,210,880,440,1100,5.92,0.33,Tr,0.32,290,2,0,0,20,"[""牛"",""うし"",""ウシ"",""beef"",""ハツ"",""はつ"",""ハツ"",""牛ハツ"",""心臓"",""しんぞう"",""シンゾウ"",""heart"",""beef heart""]",牛ハツ,,Beef Heart,,122.7,,,,168625,"Beef, variety meats and by-products, heart, raw",0.9342000863396559,,,TRUE,肉類 > 牛肉 > 牛ハツ
11,11092,＜畜肉類＞　うし　［副生物］　肝臓　生,71.5,19.6,3.7,(0),1.5,119,5,330,55,300,17,4.0,3.8,5.30,-,4,50,1100,0,0.3,0.22,3.00,14.0,0.89,53.0,1000,6.40,"{""baseName"":""うし"",""part"":""肝臓"",""state"":""生"",""notes"":[""畜肉類"",""副生物""]}",牛の肝臓は高品質なタンパク質と微量栄養素を含むため犬のレシピ素材として適している。,9,1,1,920,1900,1600,480,340,820,1100,710,1800,960,290,1200,610,1200,2.05,0.64,0.07,0.57,200,6,10,9,170,"[""牛"",""うし"",""ウシ"",""beef"",""レバー"",""ればー"",""レバー"",""牛レバー"",""肝臓"",""かんぞう"",""カンゾウ"",""liver"",""beef liver""]",牛レバー,,Beef Liver,,113,330,13325,"Beef, variety meats and by-products, liver, raw",169451,"Beef, variety meats and by-products, liver, raw",0.34430925055723105,,333.3,FALSE,
11,11093,＜畜肉類＞　うし　［副生物］　じん臓　生,75.7,16.7,6.4,(0),1.0,118,6,200,80,280,12,4.5,1.5,0.28,-,6,210,4,0,0.3,0.46,0.85,5.5,0.45,22.0,250,4.08,"{""baseName"":""うし"",""part"":""じん臓"",""state"":""生"",""notes"":[""畜肉類"",""副生物""]}",牛の腎臓はタンパク質・ミネラルが豊富な臓器肉で素材として有用。,8,1,1,720,1500,1200,370,300,670,770,580,1400,750,260,980,440,1000,4.82,0.45,0.03,0.42,230,11,2,0,150,"[""牛"",""うし"",""ウシ"",""beef"",""腎臓"",""じんぞう"",""ジンゾウ"",""腎臓"",""kidney"",""beef kidney""]",牛腎臓,,Beef Kidney,,113.55,,,,168625,"Beef, variety meats and by-products, heart, raw",1.0669548500369523,,,FALSE,
11,11094,＜畜肉類＞　うし　［副生物］　第一胃　ゆで,66.6,24.5,8.4,(0),0.5,166,11,82,51,130,14,0.7,4.2,0.08,0.03,-,-,1,Tr,0.4,0.04,0.14,1.7,0.01,2.0,3,0.49,"{""baseName"":""うし"",""variety"":""第一胃"",""state"":""ゆで"",""notes"":[""畜肉類"",""副生物""]}",加熱済みの内臓で、犬に利用される良い蛋白・ミネラル源。,9,1,1,(880),(1700),(1600),(490),(370),(860),(830),(710),(1500),(960),(240),(1200),(470),(1700),6.59,0.51,0.08,0.39,240,26,0,0,120,"[""牛"",""うし"",""ウシ"",""beef"",""ミノ"",""みの"",""ミノ"",""牛ミノ"",""第一胃"",""胃"",""tripe"",""beef tripe""]",牛ミノ,,Beef Tripe,Rumen (Mino),157.15,,,,168323,"Pork, fresh, variety meats and by-products, stomach, cooked, simmered",1.1486579855288461,,,TRUE,肉類 > 牛肉 > 牛ホルモン
11,11095,＜畜肉類＞　うし　［副生物］　第二胃　ゆで,71.6,12.4,15.7,(0),0.3,186,7,55,39,64,6,0.6,1.5,0.04,0.07,-,-,3,0.1,0.3,0.02,0.10,1.0,0.01,2.0,12,0.44,"{""baseName"":""うし"",""variety"":""第二胃"",""state"":""ゆで"",""notes"":[""畜肉類"",""副生物""]}",ゆでた牛の第二胃（トライプ）は犬に好まれる副生物で栄養源として利用可能,9,1,1,(450),(860),(810),(250),(190),(430),(420),(360),(780),(480),(120),(580),(240),(860),14.05,0.53,0.05,0.40,310,34,0,0,67,"[""牛"",""うし"",""ウシ"",""beef"",""ハチノス"",""はちのす"",""ハチノス"",""牛ハチノス"",""第二胃"",""胃"",""honeycomb tripe"",""tripe""]",牛ハチノス,,Beef Tripe,Reticulum (Hachinosu / Honeycomb),176.85,,,,174433,"Veal, Australian, shank, fore, bone-in, separable lean and fat, raw",1.5303723310821853,,,TRUE,肉類 > 牛肉 > 牛ホルモン
11,11096,＜畜肉類＞　うし　［副生物］　第三胃　生,86.6,11.7,1.3,(0),0.4,57,16,80,50,83,10,6.8,2.6,0.08,0.07,-,-,4,0,0.1,0.04,0.32,1.7,0.02,4.6,33,0.64,"{""baseName"":""うし"",""variety"":""第三胃"",""state"":""生"",""notes"":[""畜肉類"",""副生物""]}",第三胃（せんまい）は内臓肉として利用でき、加熱や下処理が必要。,9,1,1,(420),(810),(760),(230),(180),(410),(400),(340),(740),(460),(110),(550),(220),(810),0.89,0.10,Tr,0.09,55,2,0,0,25,"[""牛"",""うし"",""ウシ"",""beef"",""センマイ"",""せんまい"",""センマイ"",""牛センマイ"",""第三胃"",""胃"",""omasum"",""tripe""]",牛センマイ,,Beef Tripe,Omasum (Senmai),52,,,,168629,"Beef, variety meats and by-products, lungs, cooked, braised",2.505359957580317,,,TRUE,肉類 > 牛肉 > 牛ホルモン
11,11097,＜畜肉類＞　うし　［副生物］　第四胃　ゆで,58.5,11.1,30.0,(0),0.4,308,8,86,38,51,8,1.8,1.4,0.11,0.07,-,-,5,0.2,0.5,0.05,0.14,0.6,0.01,3.6,10,0.34,"{""baseName"":""うし"",""variety"":""第四胃"",""state"":""ゆで"",""notes"":[""畜肉類"",""副生物""]}",牛の第四胃（トライプ）は加熱済みで栄養価が高く犬の素材として使える,8,1,1,(400),(770),(720),(220),(170),(390),(380),(320),(700),(430),(110),(520),(210),(770),27.40,0.89,0.08,0.67,580,65,0,0,74,"[""牛"",""うし"",""ウシ"",""beef"",""ギアラ"",""ぎあら"",""ギアラ"",""牛ギアラ"",""第四胃"",""胃"",""abomasum"",""tripe""]",牛ギアラ,,Beef Tripe,Abomasum (Gaira),293.85,,,,173850,"Veal, Australian, rib, rib roast, separable lean and fat, raw",0.9772643781541172,,,TRUE,肉類 > 牛肉 > 牛ホルモン
11,11098,＜畜肉類＞　うし　［副生物］　小腸　生,63.3,9.9,26.1,(0),0.7,268,7,140,77,180,10,1.2,1.2,0.07,0.10,-,-,2,0,0.3,0.07,0.23,3.1,0.05,21.0,15,1.21,"{""baseName"":""うし"",""variety"":""小腸"",""state"":""生"",""notes"":[""畜肉類"",""副生物""]}",牛小腸は内臓類のたんぱく源として利用可能だが、衛生管理や調理の必要性があるため取り扱いに注意,7,1,1,(360),(680),(640),(200),(150),(350),(340),(290),(620),(390),(95),(470),(190),(680),23.62,0.58,0.08,0.30,210,72,0,0,55,"[""牛"",""うし"",""ウシ"",""beef"",""小腸"",""しょうちょう"",""ショウチョウ"",""牛小腸"",""ホルモン"",""腸"",""intestine"",""small intestine""]",牛小腸,生,Beef Small Intestine,Raw,256.5,,,,173979,"Beef, Australian, imported, Wagyu, loin, top loin steak/roast, separable lean and fat, Aust. marble score 9, raw",0.8131378184276227,,,TRUE,肉類 > 牛肉 > 牛ホルモン
11,11099,＜畜肉類＞　うし　［副生物］　大腸　生,77.2,9.3,13.0,(0),0.5,150,9,77,61,120,8,0.8,1.3,0.05,0.05,-,-,2,0,0.2,0.04,0.14,2.1,0.01,1.3,8,0.66,"{""baseName"":""うし"",""variety"":""大腸"",""state"":""生"",""notes"":[""畜肉類"",""副生物""]}",牛の大腸はたんぱく質源として利用できるが内臓であるため取り扱いに注意が必要。,8,1,1,(330),(640),(600),(190),(140),(330),(320),(270),(590),(360),(89),(440),(180),(640),11.71,0.47,0.05,0.35,290,42,0,0,44,"[""牛"",""うし"",""ウシ"",""beef"",""大腸"",""だいちょう"",""ダイチョウ"",""牛大腸"",""シマチョウ"",""腸"",""large intestine"",""intestine""]",シマチョウ,生,Beef Large Intestine,Raw,143.05,,,,168266,"Pork, fresh, variety meats and by-products, chitterlings, raw",1.4894603972723082,,,TRUE,肉類 > 牛肉 > 牛ホルモン
11,11100,＜畜肉類＞　うし　［副生物］　直腸　生,80.7,11.6,7.0,(0),0.7,106,9,100,87,190,10,0.6,1.7,0.05,0.04,-,-,2,0,0.2,0.05,0.15,2.3,0.01,1.7,24,0.85,"{""baseName"":""うし"",""variety"":""直腸"",""state"":""生"",""notes"":[""畜肉類"",""副生物""]}",肉類の副生物として良質なタンパク源であるが、衛生管理と加熱に注意,9,1,1,(420),(800),(750),(230),(170),(410),(390),(340),(730),(450),(110),(550),(220),(800),6.09,0.25,0.01,0.20,150,7,0,0,40,"[""牛"",""うし"",""ウシ"",""beef"",""直腸"",""ちょくちょう"",""チョクチョウ"",""直腸"",""rectum"",""beef rectum""]",牛直腸,生,Beef Rectum,Raw,100.1,,,,167867,"Pork, fresh, variety meats and by-products, stomach, raw",1.0734467814151665,,194.8,TRUE,肉類 > 牛肉 > 牛ホルモン
11,11101,＜畜肉類＞　うし　［副生物］　腱　ゆで,65.4,31,5.1,(0),0.3,157,14,23,86,18,4,0.4,1,0.02,0.01,1,9,1,0,0.1,Tr,0.04,0.2,Tr,0.5,2,0.1,"{""baseName"":""うし"",""variety"":""腱"",""state"":""ゆで"",""notes"":[""畜肉類"",""副生物""]}",牛腱（ゆで）はコラーゲンが豊富で犬のレシピに利用可能,8,1,1,590,1200,1100,290,80,80,780,360,1100,760,36,940,310,2700,4.45,0.10,0.01,0.08,56,6,0,0,14,"[""牛"",""うし"",""ウシ"",""beef"",""腱"",""けん"",""ケン"",""牛すじ"",""牛筋"",""すじ"",""スジ"",""tendon"",""beef tendon""]",牛すじ,ゆで,Beef Tendon,Boiled,151.85,,,,174432,"Veal, Australian, shank, fore, bone-in, separable lean only, raw",1.549198872825225,,,TRUE,肉類 > 牛肉 > 牛スジ
11,11102,＜畜肉類＞　うし　［副生物］　子宮　ゆで,78.2,18.4,3.0,(0),0.4,95,8,63,79,74,7,1.2,1.7,0.06,0.02,-,-,0,0,0.2,0.01,0.10,0.5,0.01,1.7,10,0.35,"{""baseName"":""うし"",""variety"":""子宮"",""state"":""ゆで"",""notes"":[""畜肉類"",""副生物""]}",牛の子宮（ゆで）は内臓肉で栄養価があるが扱いに注意が必要,7,0,1,,,,,,,,,,,,,,,2.31,0.16,0.01,0.13,77,7,0,0,45,"[""牛"",""うし"",""ウシ"",""beef"",""子宮"",""しきゅう"",""シキュウ"",""牛子宮"",""uterus"",""beef uterus""]",牛子宮,ゆで,Beef Uterus,Boiled,89.9,,,,172478,"Veal, Australian, rib, rib roast, separable lean only, raw",0.7001103710208885,,,FALSE,
11,11103,＜畜肉類＞　うし　［副生物］　尾　生,40.7,11.6,47.1,(0),0.6,440,7,85,50,110,13,2.0,4.3,0.08,-,-,-,20,0,0.3,0.06,0.17,2.6,0.26,1.8,3,1.95,"{""baseName"":""うし"",""variety"":""尾"",""state"":""生"",""notes"":[""畜肉類"",""副生物""]}",牛の尾（テール）はタンパク質・コラーゲン源として使えるが下処理に留意,8,0,1,,,,,,,,,,,,,,,41.75,1.30,0,1.30,1200,0,0,0,35,"[""牛"",""うし"",""ウシ"",""beef"",""テール"",""てーる"",""テール"",""牛テール"",""オックステール"",""尾"",""お"",""oxtail"",""oxtail beef""]",牛テール,生,Oxtail,Raw,440.95,,,,169439,"Beef, rib, shortribs, separable lean and fat, choice, raw",0.9064794385326009,,,FALSE,
11,11274,＜畜肉類＞　うし　［副生物］　横隔膜　生,57.0,14.8,27.3,(0),0.7,288,2,140,48,250,16,3.2,3.7,0.13,0.01,1,14,4,0,0.7,0.14,0.35,4.0,0.18,3.8,6,1.06,"{""baseName"":""うし"",""variety"":""横隔膜"",""state"":""生"",""notes"":[""畜肉類"",""副生物""]}",牛の横隔膜は良質な肉質でタンパク源として適している,9,1,1,670,1300,1300,390,170,560,650,540,1200,720,180,750,510,1000,24.79,0.97,0.06,0.91,790,48,0,0,64,"[""牛"",""うし"",""ウシ"",""beef"",""横隔膜"",""おうかくまく"",""オウカクマク"",""ハラミ"",""はらみ"",""ハラミ"",""diaphragm"",""skirt steak""]",ハラミ,生,Beef Skirt (Harami),Raw,284.55,,,,171741,"Beef, Australian, imported, Wagyu, rib, small end rib steak/roast, boneless, separable lean and fat, Aust. marble score 9, raw",0.7737170616807528,,,TRUE,肉類 > 牛肉 > 牛ハラミ
11,11296,＜畜肉類＞　うし　［副生物］　横隔膜　ゆで,39.6,21.3,36.7,(0),0.5,414,3,130,25,120,14,4.2,5.6,0.19,0.01,2,20,5,(0),1.0,0.08,0.35,2.7,0.13,3.9,7,0.71,"{""baseName"":""うし"",""variety"":""横隔膜"",""state"":""ゆで"",""notes"":[""畜肉類"",""副生物""]}",牛横隔膜（ゆで）は良質な肉で加熱済みの部位は素材として適切,9,1,1,1000,2000,2100,630,260,880,1000,850,1800,1100,290,1200,700,1600,33.42,1.27,0.07,1.20,1000,65,0,0,72,"[""牛"",""うし"",""ウシ"",""beef"",""横隔膜"",""おうかくまく"",""オウカクマク"",""ハラミ"",""はらみ"",""ハラミ"",""diaphragm"",""skirt steak""]",ハラミ,ゆで,Beef Skirt (Harami),Boiled,393.15,,,,173376,,,,58.7,TRUE,肉類 > 牛肉 > 牛ハラミ
11,11297,＜畜肉類＞　うし　［副生物］　横隔膜　焼き,39.4,21.1,37.2,(0),0.8,401,3,170,49,270,19,4.1,5.3,0.19,0.01,2,19,4,(0),1.1,0.15,0.46,5.0,0.21,6.3,9,1.29,"{""baseName"":""うし"",""variety"":""横隔膜"",""state"":""焼き"",""notes"":[""畜肉類"",""副生物""]}",牛の横隔膜（はらみ）は良質なたんぱくで犬の食材として適する,9,1,1,1000,2000,2000,610,260,880,980,830,1800,1100,280,1100,730,1600,33.93,1.34,0.08,1.26,1100,69,0,0,82,"[""牛"",""うし"",""ウシ"",""beef"",""横隔膜"",""おうかくまく"",""オウカクマク"",""ハラミ"",""はらみ"",""ハラミ"",""diaphragm"",""skirt steak""]",ハラミ,焼き,Beef Skirt (Harami),Grilled,395.3,,,,173376,"Beef, plate steak, boneless, outside skirt, separable lean only, trimmed to 0 fat, all grades, raw",1.018854343535711,,58.7,TRUE,肉類 > 牛肉 > 牛ハラミ
11,11104,＜畜肉類＞　うし　［加工品］　ローストビーフ,64.0,21.7,11.7,(0),1.7,190,6,200,310,260,24,2.3,4.1,0.10,0.01,1,15,Tr,0.1,0.3,0.08,0.25,6.3,0.47,1.6,9,0.98,"{""baseName"":""うし"",""variety"":""ローストビーフ"",""notes"":[""畜肉類"",""加工品""]}",ローストビーフは良質な動物性タンパク源で犬のレシピ素材として適している,9,1,1,1000,1800,2000,540,230,780,900,800,1700,1100,270,1100,870,1400,10.19,0.40,0.06,0.34,310,38,6,0,21,"[""牛"",""うし"",""ウシ"",""beef"",""ローストビーフ"",""ろーすとびーふ"",""ローストビーフ"",""roast beef"",""ローストビーフ"",""beef roast""]",ローストビーフ,,Roast Beef,,178.55,,,,168695,"Beef, round, full cut, separable lean and fat, trimmed to 1/8 fat, choice, cooked, broiled",0.5648663209237489,,104.9,FALSE,
11,11108,＜畜肉類＞　うし　［加工品］　スモークタン,55.9,18.1,23.0,(0),2.1,273,6,150,630,190,16,2.6,4.2,0.12,0.02,3,18,18,0.3,0.6,0.08,0.27,3.4,0.13,4.7,4,1.12,"{""baseName"":""うし"",""variety"":""スモークタン"",""notes"":[""畜肉類"",""加工品""]}",牛タンは良質な動物性たんぱく源。燻製の加工があるが犬のレシピ素材として利用可能。,9,1,1,800,1500,1500,420,200,620,740,630,1400,880,210,880,480,1200,20.09,0.94,0.14,0.69,600,110,0,0,66,"[""牛"",""うし"",""ウシ"",""beef"",""スモークタン"",""すもーくたん"",""スモークタン"",""牛タン"",""ぎゅうたん"",""ギュウタン"",""smoked tongue"",""smoked beef tongue""]",スモークタン,,Smoked Beef Tongue,,262,,,,174737,"Beef, New Zealand, imported, variety meats and by-products, tongue, cooked, boiled",0.4480562903802452,,,TRUE,肉類 > 牛肉 > 牛タン
11,11109,＜畜肉類＞　うま　肉　赤肉　生,76.1,20.1,2.5,(0),1.0,102,11,170,50,300,18,4.3,2.8,0.11,-,0,17,9,-,0.9,0.10,0.24,5.8,0.02,7.1,4,1.01,"{""baseName"":""うま"",""variety"":""肉"",""formModifiers"":[""赤肉""],""state"":""生"",""notes"":[""畜肉類""]}",馬肉は良質なタンパク源で犬のレシピ素材として適している。,9,1,1,1000,1700,1900,550,220,780,850,710,1600,1000,240,1100,1000,1300,2.08,0.29,0.09,0.20,180,91,0,0,12,"[""馬"",""うま"",""ウマ"",""馬肉"",""うまにく"",""ウマニク"",""horse"",""horse meat""]",馬肉,赤肉・生,Horse Meat,"Red Meat, Raw",92.65,,,,175301,"Game meat, elk, raw",0.9110975413038598,,,TRUE,肉類 > 馬肉
11,11110,＜畜肉類＞　くじら　肉　赤肉　生,74.3,24.1,0.4,(0),1.0,100,3,210,62,260,29,2.5,1.1,0.06,0.01,2,32,7,0.1,0.6,0.06,0.23,12.0,0.46,2.0,4,0.31,"{""baseName"":""くじら"",""variety"":""肉"",""formModifiers"":[""赤肉""],""state"":""生"",""notes"":[""畜肉類""]}",赤肉の良質なたんぱく源で犬のレシピ素材として適している,9,1,1,1100,2000,2500,630,210,840,950,790,1700,1100,290,1100,890,1500,0.25,0.06,0.04,0.02,7,1,25,12,8,"[""鯨"",""くじら"",""クジラ"",""鯨肉"",""くじらにく"",""whale"",""whale meat""]",鯨肉,赤肉・生,Whale Meat,"Red Meat, Raw",88.45,130,35009,"Whale, beluga, meat, air-dried, raw (Alaska Native)",174344,"Game meat, moose, raw",2.0289483990118096,,,FALSE,
11,11111,＜畜肉類＞　くじら　うねす　生,49.0,18.8,31.4,(0),0.6,328,8,98,150,70,10,0.4,3.3,0.03,Tr,-,-,130,0.8,3.1,0.11,0.20,2.4,0.06,0.7,3,0.29,"{""baseName"":""くじら"",""variety"":""うねす"",""state"":""生"",""notes"":[""畜肉類""]}",くじら肉は動物性たんぱく源として利用できるが、一般的な肉同様に扱う必要がある。,9,0,1,,,,,,,,,,,,,,,26.82,7.21,5.80,1.21,760,170,2200,1800,210,"[""鯨"",""くじら"",""クジラ"",""うねす"",""ウネス"",""鯨肉"",""くじらにく"",""whale"",""whale meat""]",鯨肉,うねす・生,Whale Meat,"Unesu, Raw",333.4,130,35009,"Whale, beluga, meat, air-dried, raw (Alaska Native)",,,,,,FALSE,
11,11112,＜畜肉類＞　くじら　本皮　生,21.0,9.7,68.8,(0),0.3,577,6,33,59,44,3,0.2,0.2,0.02,Tr,-,-,130,0.3,4.8,0.11,0.05,0.5,0.01,0.4,1,0.11,"{""baseName"":""くじら"",""variety"":""本皮"",""state"":""生"",""notes"":[""畜肉類""]}",くじら本皮は動物性たんぱく源として利用可能だが、生食の衛生管理や入手性に注意が必要,7,0,1,,,,,,,,,,,,,,,50.11,13.74,11.20,2.18,1400,310,4300,3400,360,"[""鯨"",""くじら"",""クジラ"",""本皮"",""ほんかわ"",""ホンカワ"",""鯨肉"",""くじらにく"",""whale"",""whale meat""]",鯨肉,本皮・生,Whale Meat,"Honkawa, Raw",619.45,130,35009,"Whale, beluga, meat, air-dried, raw (Alaska Native)",,,,,,FALSE,
11,11113,＜畜肉類＞　くじら　さらしくじら,93.7,5.3,0.9,(0),0.1,28,1,13,1,Tr,Tr,0,Tr,0.01,0,-,-,8,0,0.1,0,0,0,0,0,0,0,"{""baseName"":""くじら"",""variety"":""さらしくじら"",""notes"":[""畜肉類""]}",くじら肉は動物性たんぱく源として利用できるが風味や調理法を考慮して扱う必要がある,8,0,1,,,,,,,,,,,,,,,0.77,0.14,0.11,0.03,20,5,38,35,4,"[""鯨"",""くじら"",""クジラ"",""さらしくじら"",""サラシクジラ"",""鯨肉"",""くじらにく"",""whale"",""whale meat""]",さらしくじら,,Sarashi Kujira,,26.2,130,35009,"Whale, beluga, meat, air-dried, raw (Alaska Native)",,,,,,FALSE,
11,11114,＜畜肉類＞　しか　あかしか　赤肉　生,74.6,22.3,1.5,(0),1.1,102,4,200,58,350,26,3.1,3.1,0.18,0.02,-,-,3,Tr,0.5,0.21,0.35,8.0,0.54,0.6,1,0.81,"{""baseName"":""しか"",""variety"":""あかしか"",""formModifiers"":[""赤肉""],""state"":""生"",""notes"":[""畜肉類""]}",鹿肉（赤肉）は低脂肪の良質たんぱくで犬の素材として適している。,9,1,1,(880),(1900),(1900),(550),(250),(800),(910),(790),(1700),(1000),(0),(1000),(1100),(1600),0.90,0.20,0.09,0.11,80,41,20,5,22,"[""鹿"",""しか"",""シカ"",""鹿肉"",""しかにく"",""シカニク"",""あかしか"",""アカシカ"",""赤鹿"",""deer"",""venison""]",鹿肉,赤鹿・生,Venison,"Red Deer, Raw",92.55,88,35162,"Caribou, hind quarter meat, raw (Alaska Native)",173855,"Game meat, deer, raw",0.8661542837165719,,,TRUE,肉類 > 鹿肉
11,11275,＜畜肉類＞　しか　にほんじか　赤肉　生,71.4,23.9,4.0,(0),1.2,119,4,230,55,390,27,3.9,2.9,0.15,0.02,1,7,4,0,0.8,0.20,0.35,6.9,0.60,1.3,4,0.76,"{""baseName"":""しか"",""variety"":""にほんじか"",""formModifiers"":[""赤肉""],""state"":""生"",""notes"":[""畜肉類""]}",鹿肉は低脂肪で良質なタンパク源となり犬のレシピ素材として適しています。,9,1,1,1100,1900,2300,780,260,1000,1000,900,1900,1300,300,1400,1200,1600,2.89,0.42,0.12,0.30,220,54,21,5,68,"[""鹿"",""しか"",""シカ"",""鹿肉"",""にほんじか"",""ニホンジカ"",""日本鹿"",""deer"",""venison""]",鹿肉,日本鹿・赤肉・生,Venison,"Japanese Deer, Raw",117.65,88,35162,"Caribou, hind quarter meat, raw (Alaska Native)",173855,"Game meat, deer, raw",0.7107391994733872,,,TRUE,肉類 > 鹿肉
11,11294,＜畜肉類＞　しか　にほんじか　えぞしか　赤肉　生,71.4,22.6,5.2,(0),1.1,126,4,210,52,350,26,3.4,2.8,0.14,0.01,1,6,5,0,0.6,0.21,0.32,7.9,0.55,1.3,4,0.75,"{""baseName"":""しか"",""variety"":""にほんじか えぞしか"",""formModifiers"":[""赤肉""],""state"":""生"",""notes"":[""畜肉類""]}",鹿肉は低脂肪で良質なタンパク源として犬に適している。,9,1,1,1100,1800,2100,740,250,990,980,850,1800,1200,280,1300,1100,1500,4.26,0.34,0.12,0.22,180,67,14,3,34,"[""鹿"",""しか"",""シカ"",""鹿肉"",""にほんじか"",""ニホンジカ"",""日本鹿"",""えぞしか"",""エゾシカ"",""蝦夷鹿"",""deer"",""venison""]",鹿肉,蝦夷鹿・赤肉・生,Venison,"Ezo Deer, Raw",123.3,88,35162,"Caribou, hind quarter meat, raw (Alaska Native)",175301,"Game meat, elk, raw",0.8024347024045207,,,TRUE,肉類 > 鹿肉
11,11295,＜畜肉類＞　しか　にほんじか　きゅうしゅうじか　赤肉　生,74.4,22.6,2.5,(0),1.1,107,3,220,51,380,26,3.9,2.7,0.15,0.02,Tr,6,3,0,0.8,0.18,0.34,5.2,0.58,1.1,3,0.70,"{""baseName"":""しか"",""variety"":""にほんじか きゅうしゅうじか"",""formModifiers"":[""赤肉""],""state"":""生"",""notes"":[""畜肉類""]}",鹿肉は低脂肪で良質な動物性タンパク源で犬に適している（生肉は加熱など衛生管理が望ましい）。,9,1,1,1000,1800,2000,600,240,840,910,800,1700,1100,290,1100,1000,1400,1.75,0.36,0.09,0.27,190,36,20,5,69,"[""鹿"",""しか"",""シカ"",""鹿肉"",""にほんじか"",""ニホンジカ"",""きゅうしゅうじか"",""キュウシュウジカ"",""九州鹿"",""deer"",""venison""]",鹿肉,九州鹿・赤肉・生,Venison,"Kyushu Deer, Raw",100.35,88,35162,"Caribou, hind quarter meat, raw (Alaska Native)",173855,"Game meat, deer, raw",0.8959726425938963,,,TRUE,肉類 > 鹿肉
11,11311,＜畜肉類＞　しか　にほんじか　ほんしゅうじか　赤肉　生,77.1,21.4,1,-,1.1,90,4,210,60,370,25,3.3,2.3,0.17,0.01,1,4,2,0,0.8,0.17,0.3,5.5,0.48,1.7,3,0.58,"{""baseName"":""しか"",""variety"":""にほんじか ほんしゅうじか"",""formModifiers"":[""赤肉""],""state"":""生"",""notes"":[""畜肉類""]}",しか（鹿肉）は良質な動物性たんぱく源で犬のレシピ素材として適している。,9,1,1,950,1700,1900,590,230,230,850,750,1600,1000,280,1000,960,1300,0.58,0.19,0.05,0.14,98,24,9,1,34,"[""鹿"",""しか"",""シカ"",""鹿肉"",""にほんじか"",""ニホンジカ"",""ほんしゅうじか"",""ホンシュウジカ"",""本州鹿"",""deer"",""venison""]",鹿肉,本州鹿・赤肉・生,Venison,"Honshu Deer, Raw",83.4,88,35162,"Caribou, hind quarter meat, raw (Alaska Native)",173855,"Game meat, deer, raw",1.604009564772157,,,TRUE,肉類 > 鹿肉
11,11115,＜畜肉類＞　ぶた　［大型種肉］　かた　脂身つき　生,65.7,18.5,14.6,(0),1.0,201,4,180,53,320,21,0.5,2.7,0.09,0.01,-,-,5,0.2,0.3,0.66,0.23,4.9,0.32,0.4,2,1.16,"{""baseName"":""ぶた"",""part"":""かた"",""formModifiers"":[""脂身つき""],""state"":""生"",""notes"":[""畜肉類"",""大型種肉""]}",豚肉は良質な動物性たんぱく源で犬のレシピ素材として適している（脂身は量に注意）,9,0,1,,,,,,,,,,,,,,,13.40,1.65,0.10,1.55,1400,64,0,13,59,"[""豚"",""ぶた"",""ブタ"",""豚肉"",""ぶたにく"",""ブタニク"",""pork"",""かた"",""肩"",""かたにく"",""肩肉""]",豚肩肉,脂身つき・生,Pork Shoulder,"Fat-on, Raw",189.55,79,10084,"Pork, fresh, shoulder, (Boston butt), blade (steaks), separable lean only, raw",168288,,,,,TRUE,肉類 > 豚肉 > 豚肉（一般）
11,11116,＜畜肉類＞　ぶた　［大型種肉］　かた　皮下脂肪なし　生,69.8,19.7,9.3,(0),1.0,158,4,190,55,340,22,0.4,2.9,0.09,0.01,-,-,4,0.2,0.3,0.71,0.25,5.3,0.34,0.4,2,1.23,"{""baseName"":""ぶた"",""part"":""かた"",""formModifiers"":[""皮下脂肪なし""],""state"":""生"",""notes"":[""畜肉類"",""大型種肉""]}",豚かた（皮下脂肪なし）は赤身の良いタンパク源でレシピ素材として適切,9,0,1,,,,,,,,,,,,,,,8.38,1.04,0.06,0.98,860,38,0,9,53,"[""豚"",""ぶた"",""ブタ"",""豚肉"",""ぶたにく"",""ブタニク"",""pork"",""かた"",""肩"",""かたにく"",""肩肉""]",豚肩肉,皮下脂肪なし・生,Pork Shoulder,"No Subcutaneous Fat, Raw",148.7,79,10084,"Pork, fresh, shoulder, (Boston butt), blade (steaks), separable lean only, raw",168302,"Pork, fresh, loin, center rib (chops or roasts), boneless, separable lean only, raw",1.119589465189734,,,TRUE,肉類 > 豚肉 > 豚肉（一般）
11,11117,＜畜肉類＞　ぶた　［大型種肉］　かた　赤肉　生,74.0,20.9,3.8,(0),1.1,114,4,200,58,360,24,1.1,3.1,0.10,0.01,-,-,3,0.1,0.3,0.75,0.27,5.6,0.37,0.4,2,1.29,"{""baseName"":""ぶた"",""part"":""かた"",""formModifiers"":[""赤肉""],""state"":""生"",""notes"":[""畜肉類"",""大型種肉""]}",豚肩（赤肉・生）は良質なたんぱく源で犬の素材として適している（加熱して与えるのが一般的）,8,0,1,,,,,,,,,,,,,,,3.17,0.40,0.02,0.38,300,10,0,5,46,"[""豚"",""ぶた"",""ブタ"",""豚肉"",""ぶたにく"",""ブタニク"",""pork"",""かた"",""肩"",""かたにく"",""肩肉""]",豚肩肉,赤肉・生,Pork Shoulder,"Red Meat, Raw",106.15,79,10084,"Pork, fresh, shoulder, (Boston butt), blade (steaks), separable lean only, raw",168249,"Pork, fresh, loin, tenderloin, separable lean only, raw",0.8363764493994678,,80.8,TRUE,肉類 > 豚肉 > 豚肉（一般）
11,11119,＜畜肉類＞　ぶた　［大型種肉］　かたロース　脂身つき　生,62.6,17.1,19.2,(0),1.0,237,4,160,54,300,18,0.6,2.7,0.09,0.01,-,-,6,0.3,0.4,0.63,0.23,3.6,0.28,0.5,2,1.18,"{""baseName"":""ぶた"",""part"":""かたロース"",""formModifiers"":[""脂身つき""],""state"":""生"",""notes"":[""畜肉類"",""大型種肉""]}",ぶたかたロース脂身つきはたんぱく質源だが脂肪割合が高く注意が必要,7,1,1,(760),(1400),(1500),(460),(200),(650),(680),(600),(1300),(790),(200),(830),(770),(1100),17.54,2.10,0.12,1.99,1800,83,0,11,63,"[""豚"",""ぶた"",""ブタ"",""豚肉"",""肩ロース"",""かたロース"",""カタロース"",""ロース"",""ロース肉"",""pork"",""pork loin""]",豚肩ロース,脂身つき・生,Pork Shoulder Loin,"Fat-on, Raw",223.4,79,10084,"Pork, fresh, shoulder, (Boston butt), blade (steaks), separable lean only, raw",167889,"Pork, fresh, loin, center rib (chops or roasts), boneless, separable lean and fat, raw",0.7553604254319934,,,TRUE,肉類 > 豚肉 > 豚ロース
11,11120,＜畜肉類＞　ぶた　［大型種肉］　かたロース　皮下脂肪なし　生,65.1,17.8,16.0,(0),1.0,212,4,170,56,310,19,0.5,2.9,0.09,0.01,-,-,6,0.3,0.4,0.66,0.25,3.7,0.30,0.4,2,1.23,"{""baseName"":""ぶた"",""part"":""かたロース"",""formModifiers"":[""皮下脂肪なし""],""state"":""生"",""notes"":[""畜肉類"",""大型種肉""]}",豚かたロースは良質なタンパク源で犬のレシピ素材として適切,9,1,1,(790),(1400),(1600),(480),(200),(680),(710),(630),(1300),(830),(210),(870),(800),(1200),14.53,1.70,0.09,1.61,1500,66,0,8,59,"[""豚"",""ぶた"",""ブタ"",""豚肉"",""肩ロース"",""かたロース"",""カタロース"",""ロース"",""ロース肉"",""pork"",""pork loin""]",豚肩ロース,皮下脂肪なし・生,Pork Shoulder Loin,"No Subcutaneous Fat, Raw",198.65,79,10084,"Pork, fresh, shoulder, (Boston butt), blade (steaks), separable lean only, raw",168320,"HORMEL ALWAYS TENDER, Boneless Pork Loin, Fresh Pork",0.7487361234845142,,,TRUE,肉類 > 豚肉 > 豚ロース
11,11121,＜畜肉類＞　ぶた　［大型種肉］　かたロース　赤肉　生,71.3,19.7,7.8,(0),1.1,146,4,190,61,340,21,1.1,3.2,0.10,0.01,-,-,4,0.2,0.3,0.72,0.28,4.0,0.33,0.4,2,1.34,"{""baseName"":""ぶた"",""part"":""かたロース"",""formModifiers"":[""赤肉""],""state"":""生"",""notes"":[""畜肉類"",""大型種肉""]}",豚かたロース赤肉（生）。良質なたんぱく源で調理して使用可能。,9,1,1,(890),(1600),(1700),(540),(230),(760),(790),(700),(1500),(930),(240),(960),(890),(1300),6.80,0.67,0.03,0.63,540,22,0,0,48,"[""豚"",""ぶた"",""ブタ"",""豚肉"",""肩ロース"",""かたロース"",""カタロース"",""ロース"",""ロース肉"",""pork"",""pork loin""]",豚肩ロース,赤肉・生,Pork Shoulder Loin,"Red Meat, Raw",135.6,79,10084,"Pork, fresh, shoulder, (Boston butt), blade (steaks), separable lean only, raw",168302,"Pork, fresh, loin, center rib (chops or roasts), boneless, separable lean only, raw",0.7280372746883739,,,TRUE,肉類 > 豚肉 > 豚ロース
11,11122,＜畜肉類＞　ぶた　［大型種肉］　かたロース　脂身　生,23.6,5.4,70.7,(0),0.3,644,2,56,21,110,5,0.4,0.6,0.03,0,-,-,16,0.7,0.8,0.23,0.05,1.5,0.07,0.5,2,0.48,"{""baseName"":""ぶた"",""part"":""かたロース"",""formModifiers"":[""脂身""],""state"":""生"",""notes"":[""畜肉類"",""大型種肉""]}",豚かたロース（脂身含む）は良質な動物性たんぱくと脂質の供給源として適切,9,1,1,(170),(360),(360),(97),(54),(150),(210),(140),(350),(200),(33),(270),(220),(450),66.06,8.60,0.50,8.09,7500,360,0,63,130,"[""豚"",""ぶた"",""ブタ"",""豚肉"",""肩ロース"",""かたロース"",""カタロース"",""ロース"",""ロース肉"",""pork"",""pork loin""]",豚肩ロース,脂身・生,Pork Shoulder Loin,"Fat, Raw",619.85,25,10006,"Pork, fresh, separable fat, raw",167811,"Pork, fresh, backfat, raw",1.3075374373370474,,15.4,TRUE,肉類 > 豚肉 > 豚ロース
11,11123,＜畜肉類＞　ぶた　［大型種肉］　ロース　脂身つき　生,60.4,19.3,19.2,(0),0.9,248,4,180,42,310,22,0.3,1.6,0.05,0.01,1,21,6,0.1,0.3,0.69,0.15,7.3,0.32,0.3,1,0.98,"{""baseName"":""ぶた"",""part"":""ロース"",""formModifiers"":[""脂身つき""],""state"":""生"",""notes"":[""畜肉類"",""大型種肉""]}",豚ロース（脂身つき）は良質なタンパク源だが脂肪分がやや高いため分量に注意して使用する素材である。,9,1,1,900,1600,1700,540,220,760,780,700,1500,960,230,1000,820,1300,17.73,2.21,0.11,2.10,1900,83,0,10,56,"[""豚"",""ぶた"",""ブタ"",""豚肉"",""ロース"",""ロース肉"",""pork"",""pork loin""]",豚ロース,脂身つき・生,Pork Loin,"Fat-on, Raw",231.45,60,10066,"Pork, fresh, loin, top loin (chops), boneless, separable lean only, raw",168314,"Pork, fresh, loin, top loin (roasts), boneless, separable lean and fat, raw",1.3350506850119452,,57.3,TRUE,肉類 > 豚肉 > 豚ロース
11,11125,＜畜肉類＞　ぶた　［大型種肉］　ロース　脂身つき　ゆで,51.0,23.9,24.1,(0),0.7,299,5,140,25,180,19,0.4,2.2,0.06,0.01,Tr,26,3,0.1,Tr,0.54,0.16,4.9,0.32,0.6,1,0.67,"{""baseName"":""ぶた"",""part"":""ロース"",""formModifiers"":[""脂身つき""],""state"":""ゆで"",""notes"":[""畜肉類"",""大型種肉""]}",加熱済みの豚ロースで良質なタンパク源、脂身は量に配慮して使用,9,1,1,1200,2000,2200,690,270,960,1000,920,1900,1200,310,1300,870,1700,22.41,2.78,0.14,2.64,2400,100,0,12,70,"[""豚"",""ぶた"",""ブタ"",""豚肉"",""ロース"",""ロース肉"",""pork"",""pork loin""]",豚ロース,脂身つき・ゆで,Pork Loin,"Fat-on, Boiled",289.55,78,10068,"Pork, fresh, loin, top loin (chops), boneless, separable lean only, cooked, broiled",167842,"Pork, fresh, loin, top loin (roasts), boneless, separable lean and fat, cooked, roasted",1.3383690978931038,,75.5,TRUE,肉類 > 豚肉 > 豚ロース
11,11124,＜畜肉類＞　ぶた　［大型種肉］　ロース　脂身つき　焼き,49.1,26.7,22.7,(0),1.2,310,6,250,52,400,29,0.4,2.2,0.07,0.01,2,29,2,0.1,0.1,0.90,0.21,9.2,0.33,0.5,1,1.19,"{""baseName"":""ぶた"",""part"":""ロース"",""formModifiers"":[""脂身つき""],""state"":""焼き"",""notes"":[""畜肉類"",""大型種肉""]}",焼き豚ロース（脂身つき）は調理済みの良質なたんぱく源だが脂肪が多めな点に注意。,9,1,1,1300,2100,2400,730,300,1000,1100,960,2000,1300,330,1400,1100,1800,21.16,2.54,0.12,2.42,2200,94,0,9,62,"[""豚"",""ぶた"",""ブタ"",""豚肉"",""ロース"",""ロース肉"",""pork"",""pork loin""]",豚ロース,脂身つき・焼き,Pork Loin,"Fat-on, Roasted",287.45,78,10068,"Pork, fresh, loin, top loin (chops), boneless, separable lean only, cooked, broiled",167841,"Pork, fresh, loin, top loin (chops), boneless, separable lean and fat, cooked, broiled",0.9169549432581549,,76,TRUE,肉類 > 豚肉 > 豚ロース
11,11126,＜畜肉類＞　ぶた　［大型種肉］　ロース　皮下脂肪なし　生,65.7,21.1,11.9,(0),1.0,190,5,200,45,340,24,0.3,1.8,0.06,0.01,1,23,5,0.1,0.3,0.75,0.16,8.0,0.35,0.3,1,1.05,"{""baseName"":""ぶた"",""part"":""ロース"",""formModifiers"":[""皮下脂肪なし""],""state"":""生"",""notes"":[""畜肉類"",""大型種肉""]}",豚ロースは良質なタンパク源で犬のレシピ素材として適しています。,9,1,1,(980),(1700),(1900),(580),(240),(820),(850),(780),(1600),(1100),(260),(1100),(960),(1400),10.84,1.28,0.06,1.22,1100,46,0,6,47,"[""豚ロース"",""豚ロース肉"",""ロース"",""ろーす"",""ロース肉"",""豚肉"",""ぶたにく"",""ぶた"",""ブタ"",""pork"",""pork loin"",""loin""]",豚ロース肉,皮下脂肪なし・生,Pork Loin,"Lean (no subcutaneous fat), Raw",176.05,60,10066,"Pork, fresh, loin, top loin (chops), boneless, separable lean only, raw",168251,"Pork, fresh, loin, top loin (chops), boneless, separable lean only, raw",1.049679073869915,,59.6,TRUE,肉類 > 豚肉 > 豚ロース
11,11127,＜畜肉類＞　ぶた　［大型種肉］　ロース　赤肉　生,70.3,22.7,5.6,(0),1.1,140,5,210,48,360,26,0.7,1.9,0.06,0.01,1,25,4,0.1,0.3,0.80,0.18,8.6,0.38,0.3,1,1.11,"{""baseName"":""ぶた"",""part"":""ロース"",""formModifiers"":[""赤肉""],""state"":""生"",""notes"":[""畜肉類"",""大型種肉""]}",豚ロース生は良質な動物性たんぱく源で犬のレシピ素材として適している。,9,1,1,1100,1800,2000,620,260,890,920,840,1800,1200,280,1100,1000,1500,4.90,0.48,0.02,0.45,380,14,0,3,40,"[""豚ロース"",""豚ロース肉"",""ロース"",""ろーす"",""ロース肉"",""豚肉"",""ぶたにく"",""ぶた"",""ブタ"",""pork"",""pork loin"",""loin""]",豚ロース肉,赤肉・生,Pork Loin,"Red, Raw",128.1,81,10060,"Pork, fresh, loin, tenderloin, separable lean only, raw",168251,"Pork, fresh, loin, top loin (chops), boneless, separable lean only, raw",0.5376187453544164,,59.6,TRUE,肉類 > 豚肉 > 豚ロース
11,11128,＜畜肉類＞　ぶた　［大型種肉］　ロース　脂身　生,18.3,5.1,76.3,(0),0.3,695,1,54,15,110,5,0.2,0.3,0.03,0,0,4,15,0.2,0.4,0.22,0.05,1.8,0.07,0.6,1,0.44,"{""baseName"":""ぶた"",""part"":""ロース"",""formModifiers"":[""脂身""],""state"":""生"",""notes"":[""畜肉類"",""大型種肉""]}",豚ロース脂身はたんぱく質・脂肪源として使えるが脂肪分に注意,8,1,1,170,340,340,92,52,140,200,140,340,200,31,260,210,440,71.58,9.48,0.48,9.00,8400,370,0,41,120,"[""豚ロース"",""豚ロース肉"",""ロース"",""ろーす"",""ロース肉"",""豚肉"",""ぶたにく"",""ぶた"",""ブタ"",""pork"",""pork loin"",""loin""]",豚ロース肉,脂身・生,Pork Loin,"Fatty, Raw",666.4,25,10006,"Pork, fresh, separable fat, raw",167811,"Pork, fresh, backfat, raw",1.5194985189761037,,15.4,TRUE,肉類 > 豚肉 > 豚ロース
11,11129,＜畜肉類＞　ぶた　［大型種肉］　ばら　脂身つき　生,49.4,14.4,35.4,(0),0.7,366,3,130,50,240,15,0.6,1.8,0.04,0.01,0,13,11,0.5,0.5,0.51,0.13,4.7,0.22,0.5,2,0.64,"{""baseName"":""ぶた"",""part"":""ばら"",""formModifiers"":[""脂身つき""],""state"":""生"",""notes"":[""畜肉類"",""大型種肉""]}",豚ばらはタンパク質源だが脂身が多いため与える量に注意が必要。,8,1,1,630,1100,1200,340,160,490,580,510,1100,680,160,730,520,1000,33.36,3.50,0.18,3.32,3000,160,0,0,75,"[""豚ばら"",""豚ばら肉"",""豚バラ"",""豚バラ肉"",""ばら"",""バラ"",""ばら肉"",""バラ肉"",""豚肉"",""ぶたにく"",""ぶた"",""ブタ"",""pork"",""pork belly"",""belly""]",豚ばら肉,脂身つき・生,Pork Belly,"With fat, Raw",351.65,47,10123,"Pork, cured, bacon, raw",168277,"Pork, cured, bacon, unprepared",1.319765809408727,,47.8,TRUE,肉類 > 豚肉 > 豚バラ
11,11277,＜畜肉類＞　ぶた　［大型種肉］　ばら　脂身つき　焼き,37.1,19.6,43.9,(0),0.8,444,4,140,56,270,17,0.7,2.2,0.05,0,Tr,18,11,0.6,0.6,0.57,0.14,6.5,0.27,0.7,1,0.68,"{""baseName"":""ぶた"",""part"":""ばら"",""formModifiers"":[""脂身つき""],""state"":""焼き"",""notes"":[""畜肉類"",""大型種肉""]}",焼いた豚ばら（脂身つき）。エネルギー源として使えるが脂肪が多い点に注意。,8,1,1,850,1500,1600,480,210,690,770,680,1400,900,220,970,670,1300,40.03,3.87,0.19,3.68,3400,170,0,0,65,"[""豚ばら"",""豚ばら肉"",""豚バラ"",""豚バラ肉"",""ばら"",""バラ"",""ばら肉"",""バラ肉"",""豚肉"",""ぶたにく"",""ぶた"",""ブタ"",""pork"",""pork belly"",""belly""]",豚ばら肉,脂身つき・焼き,Pork Belly,"With fat, Cooked",441.75,130,10862,"Pork, cured, bacon, cooked, pan-fried",168382,"Bacon, pre-sliced, reduced/low sodium, unprepared",0.8247062409995402,,,TRUE,肉類 > 豚肉 > 豚バラ
11,11130,＜畜肉類＞　ぶた　［大型種肉］　もも　脂身つき　生,68.1,20.5,10.2,(0),1.0,171,4,200,47,350,24,0.7,2.0,0.08,0.01,-,-,4,0.1,0.3,0.90,0.21,6.2,0.31,0.3,2,0.84,"{""baseName"":""ぶた"",""part"":""もも"",""formModifiers"":[""脂身つき""],""state"":""生"",""notes"":[""畜肉類"",""大型種肉""]}",ぶたもも（脂身つき）は良質な動物性たんぱくで利用可能だが脂肪量には注意が必要。,9,1,1,(900),(1600),(1700),(560),(240),(800),(810),(700),(1500),(910),(260),(1000),(860),(1300),9.07,1.24,0.06,1.18,1100,45,1,3,57,"[""豚もも"",""豚もも肉"",""もも"",""モモ"",""もも肉"",""モモ肉"",""腿"",""豚肉"",""ぶたにく"",""ぶた"",""ブタ"",""pork"",""pork leg"",""thigh"",""ham""]",豚もも肉,脂身つき・生,Pork Thigh,"With fat, Raw",159.15,65,10872,"Pork, cured, ham and water product, whole, boneless, separable lean only, unheated",167889,"Pork, fresh, loin, center rib (chops or roasts), boneless, separable lean and fat, raw",0.6252220360766184,,,TRUE,肉類 > 豚肉 > 豚モモ
11,11131,＜畜肉類＞　ぶた　［大型種肉］　もも　皮下脂肪なし　生,71.2,21.5,6.0,(0),1.1,138,4,210,49,360,25,0.7,2.1,0.08,0.01,0,23,3,0.1,0.3,0.94,0.22,6.5,0.32,0.3,2,0.87,"{""baseName"":""ぶた"",""part"":""もも"",""formModifiers"":[""皮下脂肪なし""],""state"":""生"",""notes"":[""畜肉類"",""大型種肉""]}",豚もも肉（皮下脂肪なし）は良質なタンパク源で犬のレシピ素材として適切,9,1,1,980,1700,1900,600,260,850,850,770,1600,1000,270,1100,910,1400,5.18,0.69,0.03,0.65,560,22,1,4,52,"[""豚もも"",""豚もも肉"",""もも"",""モモ"",""もも肉"",""モモ肉"",""腿"",""豚肉"",""ぶたにく"",""ぶた"",""ブタ"",""pork"",""pork leg"",""thigh"",""ham""]",豚もも肉,皮下脂肪なし・生,Pork Thigh,"Lean (no subcutaneous fat), Raw",126.95,65,10872,"Pork, cured, ham and water product, whole, boneless, separable lean only, unheated",168224,"Pork, fresh, leg (ham), whole, separable lean only, raw",0.7147336426013908,,72.3,TRUE,肉類 > 豚肉 > 豚モモ
11,11133,＜畜肉類＞　ぶた　［大型種肉］　もも　皮下脂肪なし　ゆで,61.8,28.9,8.1,(0),0.9,185,5,190,27,200,24,0.9,3.0,0.12,0.01,0,34,1,0.1,Tr,0.82,0.23,5.8,0.38,0.4,2,0.74,"{""baseName"":""ぶた"",""part"":""もも"",""formModifiers"":[""皮下脂肪なし""],""state"":""ゆで"",""notes"":[""畜肉類"",""大型種肉""]}",ゆで豚もも（皮下脂肪なし）は良質な加熱済みの動物性タンパク源で適している,9,1,1,1400,2400,2700,810,350,1200,1200,1100,2300,1500,400,1500,970,2000,6.82,0.86,0.04,0.82,730,28,1,5,47,"[""豚もも"",""豚もも肉"",""もも"",""モモ"",""もも肉"",""モモ肉"",""腿"",""豚肉"",""ぶたにく"",""ぶた"",""ブタ"",""pork"",""pork leg"",""thigh"",""ham""]",豚もも肉,皮下脂肪なし・ゆで,Pork Thigh,"Lean (no subcutaneous fat), Boiled",171.05,110,10873,"Pork, cured, ham with natural juices, rump, bone-in, separable lean only, heated, roasted",168224,"Pork, fresh, leg (ham), whole, separable lean only, raw",0.6034168865464679,,72.3,TRUE,肉類 > 豚肉 > 豚モモ
11,11132,＜畜肉類＞　ぶた　［大型種肉］　もも　皮下脂肪なし　焼き,60.4,30.2,7.6,(0),1.5,186,5,270,58,450,33,1.0,3.1,0.11,0.02,Tr,31,1,0.1,Tr,1.19,0.28,9.4,0.43,0.5,1,1.07,"{""baseName"":""ぶた"",""part"":""もも"",""formModifiers"":[""皮下脂肪なし""],""state"":""焼き"",""notes"":[""畜肉類"",""大型種肉""]}",豚もも（焼き、皮下脂肪なし）は良質なたんぱく源で犬のレシピ素材として適している,10,1,1,1500,2600,2800,840,370,1200,1300,1200,2400,1600,400,1600,1200,2100,6.39,0.78,0.04,0.74,660,25,1,5,44,"[""豚もも"",""豚もも肉"",""もも"",""モモ"",""もも肉"",""モモ肉"",""腿"",""豚肉"",""ぶたにく"",""ぶた"",""ブタ"",""pork"",""pork leg"",""thigh"",""ham""]",豚もも肉,皮下脂肪なし・焼き,Pork Thigh,"Lean (no subcutaneous fat), Cooked",171.35,110,10873,"Pork, cured, ham with natural juices, rump, bone-in, separable lean only, heated, roasted",168225,"Pork, fresh, leg (ham), whole, separable lean only, cooked, roasted",0.8715995107820115,,101.1,TRUE,肉類 > 豚肉 > 豚モモ
11,11134,＜畜肉類＞　ぶた　［大型種肉］　もも　赤肉　生,73.0,22.1,3.6,(0),1.1,119,4,220,50,370,26,0.9,2.2,0.08,0.01,-,-,3,0.1,0.3,0.96,0.23,6.6,0.33,0.3,2,0.88,"{""baseName"":""ぶた"",""part"":""もも"",""formModifiers"":[""赤肉""],""state"":""生"",""notes"":[""畜肉類"",""大型種肉""]}",豚ももは良質なタンパク源で犬のレシピ素材として適切。調理して脂肪を調整できる。,9,1,1,(980),(1700),(1900),(610),(260),(870),(870),(760),(1600),(980),(280),(1100),(920),(1400),2.97,0.37,0.02,0.35,270,9,1,4,49,"[""豚もも"",""豚もも肉"",""もも"",""モモ"",""もも肉"",""モモ肉"",""腿"",""豚肉"",""ぶたにく"",""ぶた"",""ブタ"",""pork"",""pork leg"",""thigh"",""ham""]",豚もも肉,赤肉・生,Pork Thigh,"Red, Raw",108.65,65,10872,"Pork, cured, ham and water product, whole, boneless, separable lean only, unheated",168224,"Pork, fresh, leg (ham), whole, separable lean only, raw",0.7561346947081278,,72.3,TRUE,肉類 > 豚肉 > 豚モモ
11,11135,＜畜肉類＞　ぶた　［大型種肉］　もも　脂身　生,25.5,6.5,67.6,(0),0.4,611,1,73,22,140,8,0.7,0.5,0.04,0.01,-,-,13,0.5,0.7,0.34,0.05,2.5,0.13,0.5,1,0.49,"{""baseName"":""ぶた"",""part"":""もも"",""formModifiers"":[""脂身""],""state"":""生"",""notes"":[""畜肉類"",""大型種肉""]}",豚もも（脂身）はたんぱく質源として使えるが脂肪分が高い点に注意,9,1,1,(210),(430),(430),(120),(65),(180),(250),(170),(420),(240),(39),(320),(260),(550),62.16,8.84,0.41,8.43,7900,360,0,0,130,"[""豚もも"",""豚もも肉"",""もも"",""モモ"",""もも肉"",""モモ肉"",""腿"",""豚肉"",""ぶたにく"",""ぶた"",""ブタ"",""pork"",""pork leg"",""thigh"",""ham""]",豚もも肉,脂身・生,Pork Thigh,"Fatty, Raw",597.35,25,10006,"Pork, fresh, separable fat, raw",167811,"Pork, fresh, backfat, raw",1.9357290853111773,,15.4,TRUE,肉類 > 豚肉 > 豚モモ
11,11136,＜畜肉類＞　ぶた　［大型種肉］　そともも　脂身つき　生,63.5,18.8,16.5,(0),1.0,221,4,190,51,320,22,0.5,1.9,0.07,0.01,-,-,5,0.2,0.4,0.79,0.18,5.1,0.36,0.3,1,0.97,"{""baseName"":""ぶた"",""part"":""そともも"",""formModifiers"":[""脂身つき""],""state"":""生"",""notes"":[""畜肉類"",""大型種肉""]}",豚肉は良質なタンパク源で犬の素材として適切。脂肪分は調整可。,9,1,1,(820),(1500),(1600),(510),(220),(730),(740),(640),(1400),(830),(230),(920),(780),(1200),15.20,2.00,0.10,1.90,1700,76,0,3,58,"[""豚そともも"",""豚外もも"",""そともも"",""ソトモモ"",""外もも"",""外モモ"",""そともも肉"",""外もも肉"",""豚肉"",""ぶたにく"",""ぶた"",""ブタ"",""pork"",""outside round"",""round""]",豚外もも肉,脂身つき・生,Pork Outside Round,"With fat, Raw",206.75,25,10006,"Pork, fresh, separable fat, raw",168222,"Pork, fresh, leg (ham), whole, separable lean and fat, raw",0.7854009301455728,,,TRUE,肉類 > 豚肉 > 豚モモ
11,11137,＜畜肉類＞　ぶた　［大型種肉］　そともも　皮下脂肪なし　生,67.9,20.2,10.7,(0),1.0,175,4,200,54,340,23,0.5,2.1,0.07,0.01,-,-,4,0.2,0.4,0.85,0.20,5.4,0.39,0.3,1,1.04,"{""baseName"":""ぶた"",""part"":""そともも"",""formModifiers"":[""皮下脂肪なし""],""state"":""生"",""notes"":[""畜肉類"",""大型種肉""]}",豚のそともも（赤身）は良質なたんぱく源で犬の素材として適している,9,1,1,(890),(1600),(1700),(550),(240),(790),(790),(690),(1500),(890),(250),(980),(840),(1300),9.69,1.20,0.06,1.15,1000,43,0,4,50,"[""豚そともも"",""豚外もも"",""そともも"",""ソトモモ"",""外もも"",""外モモ"",""そともも肉"",""外もも肉"",""豚肉"",""ぶたにく"",""ぶた"",""ブタ"",""pork"",""outside round"",""round""]",豚外もも肉,皮下脂肪なし・生,Pork Outside Round,"Lean (no subcutaneous fat), Raw",162.35,79,10084,"Pork, fresh, shoulder, (Boston butt), blade (steaks), separable lean only, raw",168224,,,,72.3,TRUE,肉類 > 豚肉 > 豚モモ
11,11138,＜畜肉類＞　ぶた　［大型種肉］　そともも　赤肉　生,71.8,21.4,5.5,(0),1.1,133,4,210,57,360,25,0.9,2.3,0.08,0.01,-,-,3,0.2,0.4,0.90,0.21,5.7,0.41,0.3,1,1.10,"{""baseName"":""ぶた"",""part"":""そともも"",""formModifiers"":[""赤肉""],""state"":""生"",""notes"":[""畜肉類"",""大型種肉""]}",豚もも赤肉は良質なたんぱく源で犬のレシピ素材として適切。,9,1,1,(950),(1700),(1800),(590),(250),(840),(840),(740),(1600),(950),(270),(1000),(890),(1300),4.75,0.49,0.02,0.47,390,14,0,4,42,"[""豚そともも"",""豚外もも"",""そともも"",""ソトモモ"",""外もも"",""外モモ"",""そともも肉"",""外もも肉"",""豚肉"",""ぶたにく"",""ぶた"",""ブタ"",""pork"",""outside round"",""round""]",豚外もも肉,赤肉・生,Pork Outside Round,"Red, Raw",122.35,79,10084,"Pork, fresh, shoulder, (Boston butt), blade (steaks), separable lean only, raw",168224,"Pork, fresh, leg (ham), whole, separable lean only, raw",0.536248279944139,,72.3,TRUE,肉類 > 豚肉 > 豚モモ
11,11139,＜畜肉類＞　ぶた　［大型種肉］　そともも　脂身　生,24.9,6.6,68.1,(0),0.4,631,1,64,22,130,7,0.5,0.4,0.03,0,-,-,16,0.4,0.5,0.27,0.05,2.2,0.11,0.4,2,0.38,"{""baseName"":""ぶた"",""part"":""そともも"",""formModifiers"":[""脂身""],""state"":""生"",""notes"":[""畜肉類"",""大型種肉""]}",豚肉は良質なたんぱく源。ただし脂身が多い部位なので脂肪量に注意して使う。,8,1,1,(210),(440),(440),(120),(66),(180),(260),(170),(430),(250),(40),(330),(270),(550),64.22,9.04,0.43,8.61,8100,370,0,0,140,"[""豚そともも"",""豚外もも"",""そともも"",""ソトモモ"",""外もも"",""外モモ"",""そともも肉"",""外もも肉"",""豚肉"",""ぶたにく"",""ぶた"",""ブタ"",""pork"",""outside round"",""round""]",豚外もも肉,脂身・生,Pork Outside Round,"Fatty, Raw",601.95,25,10006,"Pork, fresh, separable fat, raw",167811,"Pork, fresh, backfat, raw",1.8090735606401724,,15.4,TRUE,肉類 > 豚肉 > 豚モモ
11,11140,＜畜肉類＞　ぶた　［大型種肉］　ヒレ　赤肉　生,73.4,22.2,3.7,(0),1.2,118,3,230,56,430,27,0.9,2.2,0.07,0.01,1,21,3,0.3,0.3,1.32,0.25,6.9,0.54,0.5,1,0.93,"{""baseName"":""ぶた"",""part"":""ヒレ"",""formModifiers"":[""赤肉""],""state"":""生"",""notes"":[""畜肉類"",""大型種肉""]}",豚ヒレは良質な赤身肉でタンパク源として適切だが、加熱調理が望ましい,8,1,1,1000,1800,2000,590,260,850,880,810,1700,1100,290,1100,880,1400,3.13,0.45,0.03,0.43,350,13,2,5,41,"[""豚ヒレ"",""豚ヒレ肉"",""ヒレ"",""ひれ"",""ヒレ肉"",""豚肉"",""ぶたにく"",""ぶた"",""ブタ"",""pork"",""tenderloin"",""pork tenderloin"",""fillet""]",豚ヒレ肉,赤肉・生,Pork Tenderloin,"Red, Raw",109.15,81,10060,"Pork, fresh, loin, tenderloin, separable lean only, raw",168249,"Pork, fresh, loin, tenderloin, separable lean only, raw",0.920727106696592,,80.8,TRUE,肉類 > 豚肉 > 豚ヒレ
11,11278,＜畜肉類＞　ぶた　［大型種肉］　ヒレ　赤肉　焼き,53.8,39.3,5.9,(0),2.0,202,6,380,92,690,45,1.6,3.6,0.12,0.01,1,40,2,0.3,0.3,2.09,0.44,13.0,0.76,0.9,1,1.55,"{""baseName"":""ぶた"",""part"":""ヒレ"",""formModifiers"":[""赤肉""],""state"":""焼き"",""notes"":[""畜肉類"",""大型種肉""]}",焼き豚ヒレ（赤肉）は低脂肪の良質タンパク源で犬のレシピ素材として適している,9,1,1,1900,3200,3500,1100,450,1500,1600,1500,3000,1900,500,2000,1600,2500,4.71,0.53,0.03,0.50,430,15,2,3,36,"[""豚ヒレ"",""豚ヒレ肉"",""ヒレ"",""ひれ"",""ヒレ肉"",""豚肉"",""ぶたにく"",""ぶた"",""ブタ"",""pork"",""tenderloin"",""pork tenderloin"",""fillet""]",豚ヒレ肉,赤肉・焼き,Pork Tenderloin,"Red, Cooked",187.7,89,10061,"Pork, fresh, loin, tenderloin, separable lean only, cooked, roasted",168313,"Pork, fresh, loin, tenderloin, separable lean only, cooked, broiled",0.9362796554742793,,,TRUE,肉類 > 豚肉 > 豚ヒレ
11,11141,＜畜肉類＞　ぶた　［中型種肉］　かた　脂身つき　生,63.6,18.3,17.2,(0),0.9,224,4,180,53,320,20,0.5,3.0,0.08,0.02,-,-,5,Tr,0.3,0.70,0.22,4.8,0.30,0.3,1,0.92,"{""baseName"":""ぶた"",""part"":""かた"",""formModifiers"":[""脂身つき""],""state"":""生"",""notes"":[""畜肉類"",""中型種肉""]}",豚かた（脂身つき）は良質なたんぱく源で使用可能。脂肪量は調整が必要。,9,0,1,,,,,,,,,,,,,,,16.04,1.75,0.11,1.64,1500,70,1,15,72,"[""豚かた"",""豚肩"",""かた"",""カタ"",""肩"",""かた肉"",""肩肉"",""豚肉"",""ぶたにく"",""ぶた"",""ブタ"",""pork"",""pork shoulder"",""shoulder""]",豚肩肉,脂身つき・生,Pork Shoulder,"With fat, Raw",210.25,79,10084,"Pork, fresh, shoulder, (Boston butt), blade (steaks), separable lean only, raw",168381,"Pork, fresh, loin, blade (chops or roasts), boneless, separable lean and fat only, raw",1.098959455864791,,70.5,TRUE,肉類 > 豚肉 > 豚肩
11,11142,＜畜肉類＞　ぶた　［中型種肉］　かた　皮下脂肪なし　生,68.5,19.7,10.8,(0),1.0,172,5,190,57,350,22,0.5,3.3,0.08,0.02,-,-,3,Tr,0.3,0.75,0.24,5.2,0.33,0.3,1,0.99,"{""baseName"":""ぶた"",""part"":""かた"",""formModifiers"":[""皮下脂肪なし""],""state"":""生"",""notes"":[""畜肉類"",""中型種肉""]}",豚肉は良質なタンパク源で犬のレシピ素材として適する。,9,0,1,,,,,,,,,,,,,,,9.91,1.11,0.07,1.05,910,42,2,10,64,"[""豚かた"",""豚肩"",""かた"",""カタ"",""肩"",""かた肉"",""肩肉"",""豚肉"",""ぶたにく"",""ぶた"",""ブタ"",""pork"",""pork shoulder"",""shoulder""]",豚肩肉,皮下脂肪なし・生,Pork Shoulder,"Lean (no subcutaneous fat), Raw",160.75,79,10084,"Pork, fresh, shoulder, (Boston butt), blade (steaks), separable lean only, raw",168302,"Pork, fresh, loin, center rib (chops or roasts), boneless, separable lean only, raw",0.8623082350070918,,,TRUE,肉類 > 豚肉 > 豚肩
11,11143,＜畜肉類＞　ぶた　［中型種肉］　かた　赤肉　生,74.0,21.4,3.5,(0),1.1,113,5,210,61,380,24,1.2,3.6,0.09,0.02,-,-,2,0,0.3,0.82,0.27,5.6,0.36,0.3,1,1.07,"{""baseName"":""ぶた"",""part"":""かた"",""formModifiers"":[""赤肉""],""state"":""生"",""notes"":[""畜肉類"",""中型種肉""]}",豚肩肉は良質なたんぱく源で犬のレシピ素材として適している（適切な調理前提）,9,0,1,,,,,,,,,,,,,,,2.92,0.39,0.02,0.36,280,9,2,4,55,"[""豚かた"",""豚肩"",""かた"",""カタ"",""肩"",""かた肉"",""肩肉"",""豚肉"",""ぶたにく"",""ぶた"",""ブタ"",""pork"",""pork shoulder"",""shoulder""]",豚肩肉,赤肉・生,Pork Shoulder,"Red, Raw",104.65,79,10084,"Pork, fresh, shoulder, (Boston butt), blade (steaks), separable lean only, raw",169194,"Pork, fresh, loin, blade (chops or roasts), boneless, separable lean only, raw",0.7550955884578956,,73.4,TRUE,肉類 > 豚肉 > 豚肩
11,11144,＜畜肉類＞　ぶた　［中型種肉］　かた　脂身　生,19.1,4.9,75.7,(0),0.3,698,2,50,20,91,5,0.4,0.4,0.04,0,-,-,15,0.2,0.4,0.19,0.04,1.4,0.07,0.3,1,0.28,"{""baseName"":""ぶた"",""part"":""かた"",""formModifiers"":[""脂身""],""state"":""生"",""notes"":[""畜肉類"",""中型種肉""]}",生の豚肩肉は良質なタンパク源だが脂が多く、調理方法に注意が必要。,7,0,1,,,,,,,,,,,,,,,72.02,7.57,0.47,7.10,6500,330,0,67,150,"[""豚"",""ぶた"",""ブタ"",""豚肉"",""ぶたにく"",""ブタニク"",""pork"",""肩"",""かた"",""カタ"",""肩肉"",""かたにく""]",豚肩肉,脂身・生,Pork shoulder,"Fatty, Raw",660.6,79,10084,"Pork, fresh, shoulder, (Boston butt), blade (steaks), separable lean only, raw",167811,"Pork, fresh, backfat, raw",1.180336569442424,,15.4,TRUE,肉類 > 豚肉 > 豚肉（一般）
11,11145,＜畜肉類＞　ぶた　［中型種肉］　かたロース　脂身つき　生,62.0,17.7,19.3,(0),1.0,241,4,180,55,310,20,0.7,3.2,0.09,0.01,-,-,4,Tr,0.3,0.70,0.24,4.8,0.33,0.4,1,0.98,"{""baseName"":""ぶた"",""part"":""かたロース"",""formModifiers"":[""脂身つき""],""state"":""生"",""notes"":[""畜肉類"",""中型種肉""]}",豚肩ロースは良質な動物性たんぱくで犬のレシピ素材として適している,9,1,1,(790),(1400),(1500),(470),(200),(670),(710),(620),(1300),(820),(210),(860),(790),(1200),17.80,2.00,0.12,1.89,1700,80,0,13,77,"[""豚"",""ぶた"",""ブタ"",""豚肉"",""ぶたにく"",""pork"",""肩ロース"",""かたロース"",""カタロース"",""肩ロース肉"",""かたろーす"",""pork shoulder"",""pork shoulder loin""]",豚肩ロース,脂身つき・生,Pork shoulder loin,"With fat, Raw",226,79,10084,"Pork, fresh, shoulder, (Boston butt), blade (steaks), separable lean only, raw",167889,"Pork, fresh, loin, center rib (chops or roasts), boneless, separable lean and fat, raw",0.6577883974745012,,,TRUE,肉類 > 豚肉 > 豚ロース
11,11146,＜畜肉類＞　ぶた　［中型種肉］　かたロース　皮下脂肪なし　生,64.8,18.5,15.7,(0),1.0,212,4,180,57,330,21,0.6,3.4,0.09,0.01,-,-,4,Tr,0.3,0.74,0.25,5.0,0.35,0.4,1,1.01,"{""baseName"":""ぶた"",""part"":""かたロース"",""formModifiers"":[""皮下脂肪なし""],""state"":""生"",""notes"":[""畜肉類"",""中型種肉""]}",赤身の豚肉は良質なタンパク源で適しているが、生肉の取り扱いには衛生管理が必要。,9,1,1,(830),(1500),(1600),(500),(210),(710),(740),(650),(1400),(860),(220),(900),(830),(1200),14.35,1.60,0.09,1.51,1300,62,0,11,72,"[""豚"",""ぶた"",""ブタ"",""豚肉"",""ぶたにく"",""pork"",""肩ロース"",""かたロース"",""カタロース"",""肩ロース肉"",""かたろーす"",""pork shoulder"",""pork shoulder loin""]",豚肩ロース,皮下脂肪なし・生,Pork shoulder loin,"No subcutaneous fat, Raw",198.2,79,10084,"Pork, fresh, shoulder, (Boston butt), blade (steaks), separable lean only, raw",168302,"Pork, fresh, loin, center rib (chops or roasts), boneless, separable lean only, raw",0.9093944135027954,,,TRUE,肉類 > 豚肉 > 豚ロース
11,11147,＜畜肉類＞　ぶた　［中型種肉］　かたロース　赤肉　生,71.5,20.6,6.8,(0),1.1,140,4,200,63,360,23,1.3,3.8,0.10,0.01,-,-,3,0,0.3,0.82,0.29,5.4,0.39,0.4,1,1.10,"{""baseName"":""ぶた"",""part"":""かたロース"",""formModifiers"":[""赤肉""],""state"":""生"",""notes"":[""畜肉類"",""中型種肉""]}",ぶたかたロースの赤肉は良質な動物性たんぱく源で犬の素材として適する。,9,1,1,(920),(1600),(1800),(560),(240),(800),(820),(730),(1500),(960),(250),(990),(920),(1300),5.84,0.62,0.03,0.58,480,19,0,4,60,"[""豚"",""ぶた"",""ブタ"",""豚肉"",""ぶたにく"",""pork"",""肩ロース"",""かたロース"",""カタロース"",""肩ロース肉"",""かたろーす"",""pork shoulder"",""pork shoulder loin""]",豚肩ロース,赤肉・生,Pork shoulder loin,"Lean (red), Raw",129.9,79,10084,"Pork, fresh, shoulder, (Boston butt), blade (steaks), separable lean only, raw",168302,"Pork, fresh, loin, center rib (chops or roasts), boneless, separable lean only, raw",0.7469803650787736,,,TRUE,肉類 > 豚肉 > 豚ロース
11,11148,＜畜肉類＞　ぶた　［中型種肉］　かたロース　脂身　生,22.3,5.4,71.9,(0),0.4,663,2,59,22,110,6,0.5,0.7,0.03,0,-,-,11,0.2,0.6,0.21,0.04,2.2,0.09,0.3,1,0.47,"{""baseName"":""ぶた"",""part"":""かたロース"",""formModifiers"":[""脂身""],""state"":""生"",""notes"":[""畜肉類"",""中型種肉""]}",豚肩ロースは良質なたんぱく源だが脂肪が多めなので量に注意が必要。,8,1,1,(170),(360),(360),(97),(54),(150),(210),(140),(350),(200),(33),(270),(220),(450),68.14,7.84,0.47,7.37,6800,340,0,51,150,"[""豚"",""ぶた"",""ブタ"",""豚肉"",""ぶたにく"",""pork"",""肩ロース"",""かたロース"",""カタロース"",""肩ロース肉"",""かたろーす"",""pork shoulder"",""pork shoulder loin""]",豚肩ロース,脂身・生,Pork shoulder loin,"Fatty, Raw",630.05,79,10084,"Pork, fresh, shoulder, (Boston butt), blade (steaks), separable lean only, raw",167889,,,,,TRUE,肉類 > 豚肉 > 豚ロース
11,11149,＜畜肉類＞　ぶた　［中型種肉］　ロース　脂身つき　生,58.0,18.3,22.6,(0),0.9,275,3,170,39,310,20,0.3,1.6,0.05,0.01,Tr,22,6,0.1,0.3,0.77,0.13,7.1,0.35,0.3,1,0.66,"{""baseName"":""ぶた"",""part"":""ロース"",""formModifiers"":[""脂身つき""],""state"":""生"",""notes"":[""畜肉類"",""中型種肉""]}",豚ロース（脂身つき）はたんぱく源として適しているが脂肪分が高めなので量に注意が必要。,8,1,1,(870),(1500),(1600),(520),(210),(730),(730),(610),(1300),(830),(220),(960),(910),(1100),21.08,2.25,0.13,2.12,1900,97,0,12,68,"[""豚"",""ぶた"",""ブタ"",""豚肉"",""ぶたにく"",""pork"",""ロース"",""ろーす"",""ロース肉"",""ろーすにく"",""ポークロイン"",""pork loin"",""pork Loin""]",豚ロース,脂身つき・生,Pork loin,"With fat, Raw",256.85,60,10066,"Pork, fresh, loin, top loin (chops), boneless, separable lean only, raw",167839,"Pork, fresh, loin, top loin (chops), boneless, separable lean and fat, raw",1.7736741015117248,,57.8,TRUE,肉類 > 豚肉 > 豚ロース
11,11150,＜畜肉類＞　ぶた　［中型種肉］　ロース　皮下脂肪なし　生,64.6,20.6,13.6,(0),1.0,203,4,190,43,340,23,0.2,1.8,0.05,0.01,Tr,24,5,0.1,0.3,0.86,0.14,7.9,0.39,0.3,1,0.71,"{""baseName"":""ぶた"",""part"":""ロース"",""formModifiers"":[""皮下脂肪なし""],""state"":""生"",""notes"":[""畜肉類"",""中型種肉""]}",豚ロースは良質なタンパク源だが、生の状態は寄生虫や衛生リスクがあるため加熱が望ましい,8,1,1,1000,1700,1800,600,240,830,830,720,1500,1000,250,1100,1000,1300,12.50,1.32,0.08,1.24,1100,54,0,7,55,"[""豚"",""ぶた"",""ブタ"",""豚肉"",""ぶたにく"",""pork"",""ロース"",""ろーす"",""ロース肉"",""ろーすにく"",""ポークロイン"",""pork loin"",""pork Loin""]",豚ロース,皮下脂肪なし・生,Pork loin,"No subcutaneous fat, Raw",188.4,60,10066,"Pork, fresh, loin, top loin (chops), boneless, separable lean only, raw",168251,"Pork, fresh, loin, top loin (chops), boneless, separable lean only, raw",1.81601100164269,,59.6,TRUE,肉類 > 豚肉 > 豚ロース
11,11151,＜畜肉類＞　ぶた　［中型種肉］　ロース　赤肉　生,71.2,22.9,4.6,(0),1.1,131,4,210,47,380,26,0.6,2.0,0.05,0.01,Tr,27,4,0.1,0.3,0.96,0.15,8.8,0.43,0.3,1,0.77,"{""baseName"":""ぶた"",""part"":""ロース"",""formModifiers"":[""赤肉""],""state"":""生"",""notes"":[""畜肉類"",""中型種肉""]}",豚ロースは良質なたんぱく源で犬のレシピ素材として適している。,9,1,1,(1100),(1800),(2000),(660),(260),(930),(910),(770),(1700),(1100),(280),(1200),(1200),(1400),3.91,0.39,0.02,0.37,300,12,0,2,42,"[""豚"",""ぶた"",""ブタ"",""豚肉"",""ぶたにく"",""pork"",""ロース"",""ろーす"",""ロース肉"",""ろーすにく"",""ポークロイン"",""pork loin"",""pork Loin""]",豚ロース,赤肉・生,Pork loin,"Lean (red), Raw",119.95,60,10066,"Pork, fresh, loin, top loin (chops), boneless, separable lean only, raw",168263,"Pork, fresh, loin, center loin (chops), boneless, separable lean only, raw",0.833317347336455,,63.1,TRUE,肉類 > 豚肉 > 豚ロース
11,11152,＜畜肉類＞　ぶた　［中型種肉］　ロース　脂身　生,17.3,4.1,78.3,(0),0.3,716,1,45,15,82,5,0.2,0.3,0.02,0,0,7,14,0.1,0.4,0.19,0.04,2.0,0.08,0.4,1,0.31,"{""baseName"":""ぶた"",""part"":""ロース"",""formModifiers"":[""脂身""],""state"":""生"",""notes"":[""畜肉類"",""中型種肉""]}",豚ロースは良質なタンパク源で犬のレシピ素材として適切,9,1,1,(130),(270),(270),(73),(41),(110),(160),(110),(270),(150),(25),(200),(170),(340),74.23,8.02,0.48,7.54,7000,360,0,40,150,"[""豚"",""ぶた"",""ブタ"",""豚肉"",""ぶたにく"",""pork"",""ロース"",""ろーす"",""ロース肉"",""ろーすにく"",""ポークロイン"",""pork loin"",""pork Loin""]",豚ロース,脂身・生,Pork loin,"Fatty, Raw",679.9,60,10066,"Pork, fresh, loin, top loin (chops), boneless, separable lean only, raw",167811,"Pork, fresh, backfat, raw",1.4810500703401617,,15.4,TRUE,肉類 > 豚肉 > 豚ロース
11,11153,＜畜肉類＞　ぶた　［中型種肉］　ばら　脂身つき　生,45.8,13.4,40.1,(0),0.7,398,3,120,43,220,14,0.6,1.6,0.04,0.01,-,-,9,0.1,0.4,0.45,0.11,4.2,0.23,0.3,2,0.62,"{""baseName"":""ぶた"",""part"":""ばら"",""formModifiers"":[""脂身つき""],""state"":""生"",""notes"":[""畜肉類"",""中型種肉""]}",豚ばら（脂身つき）は風味が良いが脂肪が多めのため分量管理が必要となる。,8,1,1,(570),(1000),(1100),(310),(140),(460),(530),(460),(990),(580),(140),(660),(480),(920),37.32,3.51,0.19,3.31,3100,160,0,0,83,"[""豚"",""ぶた"",""ブタ"",""豚肉"",""ぶたにく"",""pork"",""ばら"",""バラ"",""腹肉"",""ばらにく"",""バラ肉"",""豚バラ"",""pork belly"",""pork belly meat""]",豚バラ肉,脂身つき・生,Pork belly,"With fat, Raw",387.75,47,10123,"Pork, cured, bacon, raw",168277,"Pork, cured, bacon, unprepared",1.2632579484080768,,47.8,TRUE,肉類 > 豚肉 > 豚バラ
11,11154,＜畜肉類＞　ぶた　［中型種肉］　もも　脂身つき　生,64.2,19.5,15.1,(0),1.0,211,4,190,48,330,22,0.5,2.0,0.07,0.01,-,-,5,0.1,0.3,0.90,0.19,7.2,0.37,0.3,1,0.92,"{""baseName"":""ぶた"",""part"":""もも"",""formModifiers"":[""脂身つき""],""state"":""生"",""notes"":[""畜肉類"",""中型種肉""]}",豚もも肉は良質なタンパク源で犬のレシピ素材として適している,9,1,1,(850),(1500),(1700),(530),(230),(760),(770),(660),(1400),(860),(240),(950),(810),(1200),13.70,1.52,0.09,1.43,1300,58,2,12,75,"[""豚"",""ぶた"",""ブタ"",""豚肉"",""ぶたにく"",""pork"",""もも"",""モモ"",""腿肉"",""もも肉"",""ももにく"",""豚もも"",""pork leg"",""pork thigh""]",豚もも肉,脂身つき・生,Pork leg,"With fat, Raw",197.3,25,10006,"Pork, fresh, separable fat, raw",168222,"Pork, fresh, leg (ham), whole, separable lean and fat, raw",0.8982392424423528,,,TRUE,肉類 > 豚肉 > 豚モモ
11,11155,＜畜肉類＞　ぶた　［中型種肉］　もも　皮下脂肪なし　生,69.6,21.3,7.8,(0),1.1,153,4,200,51,360,24,0.5,2.2,0.07,0.01,-,-,4,0.1,0.3,0.98,0.20,7.8,0.40,0.3,1,0.99,"{""baseName"":""ぶた"",""part"":""もも"",""formModifiers"":[""皮下脂肪なし""],""state"":""生"",""notes"":[""畜肉類"",""中型種肉""]}",豚もも（脂肪少なめ）は良質なたんぱく源で犬の素材として適している。,9,1,1,(940),(1700),(1800),(590),(250),(840),(840),(730),(1600),(950),(270),(1000),(890),(1300),6.81,0.75,0.04,0.70,590,23,2,7,65,"[""豚"",""ぶた"",""ブタ"",""豚肉"",""ぶたにく"",""pork"",""もも"",""モモ"",""腿肉"",""もも肉"",""ももにく"",""豚もも"",""pork leg"",""pork thigh""]",豚もも肉,皮下脂肪なし・生,Pork leg,"No subcutaneous fat, Raw",141.55,60,10066,"Pork, fresh, loin, top loin (chops), boneless, separable lean only, raw",168315,"Pork, fresh, loin, top loin (roasts), boneless, separable lean only, raw",0.8549562846613553,,59.5,TRUE,肉類 > 豚肉 > 豚モモ
11,11156,＜畜肉類＞　ぶた　［中型種肉］　もも　赤肉　生,71.5,21.9,5.3,(0),1.1,133,4,210,53,370,25,0.9,2.3,0.07,0.01,-,-,4,0.1,0.3,1.01,0.21,8.1,0.42,0.3,1,1.02,"{""baseName"":""ぶた"",""part"":""もも"",""formModifiers"":[""赤肉""],""state"":""生"",""notes"":[""畜肉類"",""中型種肉""]}",豚ももは良質なタンパク源。調理して与えるのが望ましい。,9,1,1,(970),(1700),(1900),(600),(260),(860),(860),(750),(1600),(970),(280),(1100),(920),(1400),4.45,0.48,0.03,0.46,360,11,2,5,62,"[""豚"",""ぶた"",""ブタ"",""豚肉"",""ぶたにく"",""pork"",""もも"",""モモ"",""腿肉"",""もも肉"",""ももにく"",""豚もも"",""pork leg"",""pork thigh""]",豚もも肉,赤肉・生,Pork leg,"Lean (red), Raw",122.4,60,10066,"Pork, fresh, loin, top loin (chops), boneless, separable lean only, raw",168224,"Pork, fresh, leg (ham), whole, separable lean only, raw",0.6476223955448805,,72.3,TRUE,肉類 > 豚肉 > 豚モモ
11,11157,＜畜肉類＞　ぶた　［中型種肉］　もも　脂身　生,20.7,5.2,73.8,(0),0.3,672,1,58,18,110,6,0.5,0.4,0.03,0.01,-,-,13,0.1,0.3,0.23,0.04,2.0,0.08,0.3,1,0.30,"{""baseName"":""ぶた"",""part"":""もも"",""formModifiers"":[""脂身""],""state"":""生"",""notes"":[""畜肉類"",""中型種肉""]}",豚もも（脂身部）は動物性原料として利用可能だが脂肪量に注意が必要,7,1,1,(160),(340),(340),(93),(52),(150),(200),(140),(340),(190),(31),(260),(210),(440),69.11,7.73,0.47,7.26,6700,340,0,49,150,"[""豚"",""ぶた"",""ブタ"",""豚肉"",""ぶたにく"",""pork"",""もも"",""モモ"",""腿肉"",""もも肉"",""ももにく"",""豚もも"",""pork leg"",""pork thigh""]",豚もも肉,脂身・生,Pork leg,"Fatty, Raw",645.5,25,10006,"Pork, fresh, separable fat, raw",167811,"Pork, fresh, backfat, raw",1.7168756360484048,,15.4,TRUE,肉類 > 豚肉 > 豚モモ
11,11158,＜畜肉類＞　ぶた　［中型種肉］　そともも　脂身つき　生,60.6,18.0,20.3,(0),0.9,252,4,170,49,320,21,0.6,2.2,0.08,0.02,-,-,4,Tr,0.3,0.70,0.18,5.7,0.34,0.3,1,0.76,"{""baseName"":""ぶた"",""part"":""そともも"",""formModifiers"":[""脂身つき""],""state"":""生"",""notes"":[""畜肉類"",""中型種肉""]}",豚そとももは良質なタンパク源だが脂肪量に留意して使用するのが望ましい,9,1,1,(780),(1400),(1500),(490),(210),(700),(710),(610),(1300),(790),(220),(880),(750),(1200),18.73,1.95,0.12,1.83,1600,79,0,15,79,"[""豚"",""ぶた"",""ブタ"",""豚肉"",""ぶたにく"",""pork"",""そともも"",""ソトモモ"",""外もも"",""外もも肉"",""外腿"",""外腿肉"",""pork outer thigh"",""pork round""]",豚外もも肉,脂身つき・生,Pork outer thigh,"With fat, Raw",236.25,25,10006,"Pork, fresh, separable fat, raw",168222,"Pork, fresh, leg (ham), whole, separable lean and fat, raw",0.5852522627534154,,,TRUE,肉類 > 豚肉 > 豚モモ
11,11159,＜畜肉類＞　ぶた　［中型種肉］　そともも　皮下脂肪なし　生,69.2,21.0,8.5,(0),1.1,159,4,190,55,360,25,0.5,2.6,0.09,0.02,-,-,3,Tr,0.3,0.81,0.21,6.5,0.41,0.3,1,0.86,"{""baseName"":""ぶた"",""part"":""そともも"",""formModifiers"":[""皮下脂肪なし""],""state"":""生"",""notes"":[""畜肉類"",""中型種肉""]}",豚のそとももは良質な赤身たんぱくで、適切に加熱すれば安全に使える。,9,1,1,(920),(1600),(1800),(570),(250),(820),(830),(720),(1500),(930),(260),(1000),(880),(1300),7.61,0.79,0.05,0.75,630,27,0,6,64,"[""豚"",""ぶた"",""ブタ"",""豚肉"",""ぶたにく"",""pork"",""そともも"",""ソトモモ"",""外もも"",""外もも肉"",""外腿"",""外腿肉"",""pork outer thigh"",""pork round""]",豚外もも肉,皮下脂肪なし・生,Pork outer thigh,"No subcutaneous fat, Raw",146.45,60,10066,"Pork, fresh, loin, top loin (chops), boneless, separable lean only, raw",168251,"Pork, fresh, loin, top loin (chops), boneless, separable lean only, raw",0.859760998373392,,59.6,TRUE,肉類 > 豚肉 > 豚モモ
11,11160,＜畜肉類＞　ぶた　［中型種肉］　そともも　赤肉　生,72.0,21.9,4.8,(0),1.1,129,4,200,57,380,26,1.1,2.7,0.09,0.02,-,-,3,0,0.3,0.84,0.22,6.7,0.43,0.3,1,0.89,"{""baseName"":""ぶた"",""part"":""そともも"",""formModifiers"":[""赤肉""],""state"":""生"",""notes"":[""畜肉類"",""中型種肉""]}",豚そとももは良質な赤身タンパク源で犬のレシピ素材として適している。,9,1,1,(970),(1700),(1900),(610),(260),(860),(860),(750),(1600),(970),(280),(1100),(920),(1400),4.12,0.43,0.02,0.41,320,11,0,4,59,"[""豚"",""ぶた"",""ブタ"",""豚肉"",""ぶたにく"",""pork"",""そともも"",""ソトモモ"",""外もも"",""外もも肉"",""外腿"",""外腿肉"",""pork outer thigh"",""pork round""]",豚外もも肉,赤肉・生,Pork outer thigh,"Lean (red), Raw",118.15,60,10066,"Pork, fresh, loin, top loin (chops), boneless, separable lean only, raw",168224,"Pork, fresh, leg (ham), whole, separable lean only, raw",0.6076998266262023,,72.3,TRUE,肉類 > 豚肉 > 豚モモ
11,11161,＜畜肉類＞　ぶた　［中型種肉］　そともも　脂身　生,22.2,4.9,72.5,(0),0.4,660,1,63,21,120,6,0.5,0.5,0.03,0,-,-,10,0.1,0.3,0.24,0.05,2.5,0.01,0.3,1,0.31,"{""baseName"":""ぶた"",""part"":""そともも"",""formModifiers"":[""脂身""],""state"":""生"",""notes"":[""畜肉類"",""中型種肉""]}",豚そともも（脂身）はタンパク源だが脂質が高く配慮が必要,7,1,1,(160),(320),(320),(88),(49),(140),(190),(130),(320),(180),(30),(240),(200),(410),67.94,7.05,0.44,6.61,6100,310,0,50,140,"[""豚"",""ぶた"",""ブタ"",""豚肉"",""ぶたにく"",""pork"",""そともも"",""ソトモモ"",""外もも"",""外もも肉"",""外腿"",""外腿肉"",""pork outer thigh"",""pork round""]",豚外もも肉,脂身・生,Pork outer thigh,"Fatty, Raw",633.4,25,10006,"Pork, fresh, separable fat, raw",167811,"Pork, fresh, backfat, raw",1.7556765977721118,,15.4,TRUE,肉類 > 豚肉 > 豚モモ
11,11162,＜畜肉類＞　ぶた　［中型種肉］　ヒレ　赤肉　生,74.2,22.7,1.7,(0),1.3,105,4,220,48,400,28,1.2,2.3,0.09,0.02,-,-,2,0,0.3,1.22,0.25,5.4,0.48,0.2,1,0.90,"{""baseName"":""ぶた"",""part"":""ヒレ"",""formModifiers"":[""赤肉""],""state"":""生"",""notes"":[""畜肉類"",""中型種肉""]}",豚ヒレ（赤肉、生）は脂肪が少なく良質な蛋白源で犬の素材として理想的。,10,1,1,(1000),(1800),(2000),(600),(260),(860),(890),(800),(1700),(1000),(290),(1100),(890),(1400),1.27,0.24,0.01,0.22,170,4,1,2,40,"[""豚"",""ぶた"",""ブタ"",""豚肉"",""ぶたにく"",""pork"",""ヒレ"",""ひれ"",""フィレ"",""ヒレ肉"",""ひれにく"",""豚ヒレ"",""pork fillet"",""pork tenderloin""]",豚ヒレ肉,赤肉・生,Pork tenderloin,"Lean (red), Raw",94.25,81,10060,"Pork, fresh, loin, tenderloin, separable lean only, raw",168249,"Pork, fresh, loin, tenderloin, separable lean only, raw",0.6720707716242357,,80.8,TRUE,肉類 > 豚肉 > 豚ヒレ
11,11163,＜畜肉類＞　ぶた　［ひき肉］　生,64.8,17.7,17.2,(0),0.9,209,6,120,57,290,20,1.0,2.8,0.07,0.01,1,19,9,0.4,0.5,0.69,0.22,5.5,0.36,0.6,2,1.22,"{""baseName"":""ぶた"",""state"":""生"",""notes"":[""畜肉類"",""ひき肉""]}",豚ひき肉は良質なたんぱく源だが脂肪含量や加熱状態に注意が必要,8,1,1,780,1400,1500,460,200,660,720,630,1300,860,210,880,690,1300,15.40,1.62,0.10,1.52,1400,74,0,9,55,"[""豚"",""ぶた"",""ブタ"",""豚肉"",""ぶたにく"",""pork"",""ひき肉"",""ひきにく"",""ヒキニク"",""挽肉"",""挽き肉"",""豚ひき肉"",""豚挽肉"",""ground pork"",""minced pork""]",豚ひき肉,生,Ground pork,Raw,208.15,69,10219,"Pork, fresh, ground, raw",168222,"Pork, fresh, leg (ham), whole, separable lean and fat, raw",0.7943166189414896,,,TRUE,肉類 > 豚肉 > 豚肉（一般）
11,11280,＜畜肉類＞　ぶた　［ひき肉］　焼き,51.5,25.7,21.5,(0),1.3,289,7,170,80,440,29,1.6,3.7,0.09,0.03,1,28,10,0.4,0.5,0.94,0.30,8.1,0.42,0.9,1,1.61,"{""baseName"":""ぶた"",""state"":""焼き"",""notes"":[""畜肉類"",""ひき肉""]}",焼き豚ひき肉は加熱済みの良質なタンパク源で犬のレシピ素材として適している,9,1,1,1200,2000,2200,670,290,960,1000,910,2000,1200,300,1300,1000,1700,19.06,1.82,0.08,1.74,1600,74,0,0,43,"[""ぶた"",""ブタ"",""豚"",""pork"",""ひき肉"",""挽肉"",""ミンチ"",""豚ひき肉"",""ground pork"",""minced pork""]",豚ひき肉,焼き,Ground Pork,Cooked,272.7,87,10220,"Pork, fresh, ground, cooked",,,,,,TRUE,肉類 > 豚肉 > 豚肉（一般）
11,11312,＜畜肉類＞　ぶた　［副生物］　頭部　ジョウルミート　生,59.8,17.4,22.3,-,0.9,256,3,150,64,290,17,0.5,1.8,0.04,Tr,0,23,12,0.5,0.3,0.64,0.13,6.6,0.32,0.3,2,0.72,"{""baseName"":""ぶた"",""variety"":""頭部 ジョウルミート"",""state"":""生"",""notes"":[""畜肉類"",""副生物""]}",豚の頭部肉は良質な動物性タンパク源だが生は寄生虫や細菌リスクがあるため加熱して利用するのが安全。,8,1,1,770,1400,1500,450,200,200,690,610,1300,820,190,850,660,1200,20.51,1.58,0.09,1.49,1300,63,2,10,47,"[""ぶた"",""ブタ"",""豚"",""pork"",""頭部"",""頭"",""頬肉"",""ほほ肉"",""ジョウルミート"",""jowl"",""pork jowl""]",豚ほほ肉,生,Pork Jowl,Raw,250.45,,,,168222,"Pork, fresh, leg (ham), whole, separable lean and fat, raw",1.2279436859504884,,,FALSE,
11,11313,＜畜肉類＞　ぶた　［副生物］　頭部　ジョウルミート　焼き,45.1,25,28.6,-,1.2,351,5,210,85,410,25,0.7,2.6,0.06,Tr,-,33,8,0.5,0.4,0.8,0.18,8.9,0.39,0.5,2,0.89,"{""baseName"":""ぶた"",""variety"":""頭部 ジョウルミート"",""state"":""焼き"",""notes"":[""畜肉類"",""副生物""]}",焼き豚の頭部（ジョウルミート）は動物性たんぱく・脂質の供給源として利用できる（加熱済みで扱いやすい）,9,1,1,1100,2000,2200,660,280,930,990,890,1900,1200,270,1300,930,1700,26.12,1.86,0.10,1.76,1600,73,2,11,53,"[""ぶた"",""ブタ"",""豚"",""pork"",""頭部"",""頭"",""頬肉"",""ほほ肉"",""ジョウルミート"",""jowl"",""pork jowl""]",豚ほほ肉,焼き,Pork Jowl,Cooked,330.95,,,,168222,"Pork, fresh, leg (ham), whole, separable lean and fat, raw",0.7858149972892887,,,FALSE,
11,11164,＜畜肉類＞　ぶた　［副生物］　舌　生,66.7,15.9,16.3,(0),1.0,205,8,160,80,220,15,2.3,2.0,0.20,-,-,-,7,2,0.3,0.37,0.43,4.5,0.21,2.2,4,1.49,"{""baseName"":""ぶた"",""part"":""舌"",""state"":""生"",""notes"":[""畜肉類"",""副生物""]}",豚舌は良質な動物性タンパクで素材として利用可能（調理法に注意）,8,1,1,700,1200,1200,390,210,600,600,500,1100,670,200,770,450,960,14.51,1.38,0.04,1.33,1200,45,0,0,80,"[""ぶた"",""ブタ"",""豚"",""pork"",""舌"",""した"",""タン"",""豚舌"",""pork tongue"",""tongue""]",豚タン,生,Pork Tongue,Raw,194.55,,,,,,,,,TRUE,肉類 > 豚肉 > 豚タン
11,11165,＜畜肉類＞　ぶた　［副生物］　心臓　生,75.7,16.2,7.0,(0),1.0,118,5,170,80,270,17,3.5,1.7,0.35,-,-,-,9,0.7,0.4,0.38,0.95,6.0,0.32,2.5,5,2.70,"{""baseName"":""ぶた"",""part"":""心臓"",""state"":""生"",""notes"":[""畜肉類"",""副生物""]}",豚の心臓は良質な臓器タンパク源で犬の食材として適している,9,1,1,740,1400,1300,410,260,680,690,550,1200,730,210,860,420,1100,4.82,0.98,0.03,0.95,750,29,0,0,160,"[""ぶた"",""ブタ"",""豚"",""pork"",""心臓"",""しんぞう"",""ハツ"",""豚ハツ"",""pork heart"",""heart""]",豚ハツ,生,Pork Heart,Raw,116.55,,,,,,,,,FALSE,
11,11166,＜畜肉類＞　ぶた　［副生物］　肝臓　生,72.0,20.4,3.4,(0),1.7,114,5,340,55,290,20,13.0,6.9,0.99,-,1,67,13000,1.3,0.4,0.34,3.60,14.0,0.57,25.0,810,7.19,"{""baseName"":""ぶた"",""part"":""肝臓"",""state"":""生"",""notes"":[""畜肉類"",""副生物""]}",豚の肝臓は栄養が濃く適量であれば利用できるが多量は避けるべき,8,1,1,930,1800,1500,500,360,860,1100,750,1800,990,300,1200,580,1100,1.78,0.76,0.15,0.60,270,5,13,82,300,"[""ぶた"",""ブタ"",""豚"",""pork"",""肝臓"",""肝"",""レバー"",""豚レバー"",""pork liver"",""liver""]",豚レバー,生,Pork Liver,Raw,109.05,,,,167862,"Pork, fresh, variety meats and by-products, liver, raw",1.1833253765923175,,,FALSE,
11,11167,＜畜肉類＞　ぶた　［副生物］　じん臓　生,79.0,14.1,5.8,(0),1.1,96,7,220,160,200,11,3.7,2.4,0.41,-,2,240,75,1.7,0.2,0.33,1.75,6.0,0.43,15.0,130,4.36,"{""baseName"":""ぶた"",""part"":""じん臓"",""state"":""生"",""notes"":[""畜肉類"",""副生物""]}",豚の腎臓は栄養価の高い内臓肉で蛋白源として利用できる（調理と量に注意）,8,1,1,610,1200,950,310,250,550,650,530,1200,620,220,800,380,870,3.16,1.00,0.11,0.88,460,14,26,51,370,"[""ぶた"",""ブタ"",""豚"",""pork"",""腎臓"",""じんぞう"",""キドニー"",""kidney"",""pork kidney""]",豚腎臓,生,Pork Kidney,Raw,98.65,,,,168270,"Pork, fresh, variety meats and by-products, kidneys, raw",0.9314497390030526,,,FALSE,
11,11168,＜畜肉類＞　ぶた　［副生物］　胃　ゆで,76.8,17.4,5.1,(0),0.7,111,9,140,100,150,15,1.5,2.4,0.19,0.05,-,-,4,0.5,0.4,0.10,0.23,2.9,0.04,0.9,31,0.59,"{""baseName"":""ぶた"",""variety"":""胃"",""state"":""ゆで"",""notes"":[""畜肉類"",""副生物""]}",豚の胃（ゆで）は内臓肉として栄養があり素材に使えるが脂質や食感に留意が必要,8,1,1,(700),(1300),(1300),(370),(260),(630),(700),(560),(1300),(710),(210),(890),(420),(1300),3.93,0.43,0.04,0.39,290,17,3,10,72,"[""ぶた"",""ブタ"",""豚"",""pork"",""胃"",""胃袋"",""ガツ"",""pork stomach"",""stomach""]",豚胃,ゆで,Pork Stomach,Boiled,104.25,,,,,,,,,FALSE,
11,11169,＜畜肉類＞　ぶた　［副生物］　小腸　ゆで,73.7,14.0,11.9,(0),0.4,159,21,130,13,14,13,1.4,2.0,0.08,0.04,-,-,15,0.3,0.3,0.01,0.03,0.1,0,0.4,17,0.24,"{""baseName"":""ぶた"",""variety"":""小腸"",""state"":""ゆで"",""notes"":[""畜肉類"",""副生物""]}",豚小腸のゆで物は加熱処理された副生物で利用可能だが内臓類のためやや注意が必要。,7,1,1,(560),(1100),(1000),(290),(210),(500),(560),(450),(1000),(570),(170),(710),(340),(1000),10.65,0.85,0.08,0.76,670,43,3,15,76,"[""ぶた"",""ブタ"",""豚"",""pork"",""小腸"",""こちょう"",""ホルモン"",""pork small intestine"",""small intestine""]",豚小腸,ゆで,Pork Small Intestine,Boiled,150.15,,,,,,,,,FALSE,
11,11170,＜畜肉類＞　ぶた　［副生物］　大腸　ゆで,74.1,11.7,13.8,(0),0.4,166,15,93,21,27,10,1.6,1.8,0.12,0.03,-,-,8,0.5,0.5,0.03,0.07,0.1,0,1.0,25,0.27,"{""baseName"":""ぶた"",""variety"":""大腸"",""state"":""ゆで"",""notes"":[""畜肉類"",""副生物""]}",加熱済みの豚の大腸はタンパク源となるが脂肪や消化性に留意が必要な副生物,7,1,1,(470),(890),(850),(250),(180),(420),(470),(370),(840),(480),(140),(600),(280),(840),12.32,1.22,0.12,1.10,950,69,0,29,77,"[""ぶた"",""ブタ"",""豚"",""pork"",""大腸"",""だいちょう"",""large intestine"",""pork large intestine"",""ホルモン""]",豚大腸,ゆで,Pork Large Intestine,Boiled,158.25,,,,167856,"Pork, fresh, variety meats and by-products, chitterlings, cooked, simmered",1.0921453313648601,,471,FALSE,
11,11171,＜畜肉類＞　ぶた　［副生物］　子宮　生,83.8,14.6,0.9,(0),0.7,64,7,100,130,150,8,1.9,1.3,0.11,0.01,-,-,8,0.2,0.2,0.06,0.14,2.2,0.01,3.8,8,0.38,"{""baseName"":""ぶた"",""variety"":""子宮"",""state"":""生"",""notes"":[""畜肉類"",""副生物""]}",豚の副生物はタンパク源になるが、下処理と加熱が必要。,7,1,1,(580),(1100),(1100),(310),(220),(530),(580),(470),(1100),(600),(180),(740),(350),(1100),0.43,0.11,0.01,0.09,38,1,0,5,48,"[""ぶた"",""ブタ"",""豚"",""pork"",""子宮"",""しきゅう"",""uterus"",""pork uterus""]",豚子宮,生,Pork Uterus,Raw,58.75,,,,,,,,,FALSE,
11,11172,＜畜肉類＞　ぶた　［副生物］　豚足　ゆで,62.7,20.1,16.8,(0),0.4,227,12,32,110,50,5,1.4,1.0,0.07,-,-,-,6,1,0.4,0.05,0.12,0.7,0.02,0.4,1,0.16,"{""baseName"":""ぶた"",""variety"":""豚足"",""state"":""ゆで"",""notes"":[""畜肉類"",""副生物""]}",豚足（ゆで）はコラーゲン源として利用できるが骨や脂肪の処理が必要。,7,0,1,,,,,,,,,,,,,,,15.55,1.35,0.14,1.21,1100,80,0,24,52,"[""ぶた"",""ブタ"",""豚"",""pork"",""豚足"",""とんそく"",""トンソク"",""pork trotters"",""pig feet""]",豚足,ゆで,Pork Trotters,Boiled,213.15,28,98092,Pickled pigs feet,,,,,,FALSE,
11,11173,＜畜肉類＞　ぶた　［副生物］　軟骨　ゆで,63.5,17.8,17.9,(0),0.8,229,100,120,120,110,13,1.6,1.5,0.11,0.02,-,-,7,0.5,0.1,0.08,0.15,1.7,0.05,0.6,2,0.47,"{""baseName"":""ぶた"",""variety"":""軟骨"",""state"":""ゆで"",""notes"":[""畜肉類"",""副生物""]}",加熱済みの豚軟骨はコラーゲン源として消化しやすく利用しやすい,8,1,1,(390),(930),(830),(110),(160),(260),(570),(320),(890),(500),(34),(660),(210),(1500),16.51,2.09,0.17,1.91,1700,110,0,39,84,"[""ぶた"",""ブタ"",""豚"",""pork"",""軟骨"",""なんこつ"",""cartilage"",""pork cartilage"",""豚軟骨""]",豚軟骨,ゆで,Pork Cartilage,Boiled,214.45,,,,,,,,,FALSE,
11,11197,＜畜肉類＞　ぶた　［その他］　スモークレバー,57.6,29.6,7.7,(0),2.5,182,8,380,690,280,24,20.0,8.7,0.92,0.30,4,81,17000,0.9,0.6,0.29,5.17,18.0,0.66,24.0,310,7.28,"{""baseName"":""ぶた"",""variety"":""スモークレバー"",""notes"":[""畜肉類"",""その他""]}",豚のスモークレバーは良質なタンパク源で鉄分やビタミンを含み、犬の素材として適している,9,1,1,1400,2700,2200,640,440,1100,1500,1100,2700,1400,490,1800,810,1700,4.31,1.65,0.26,1.39,660,20,27,130,670,"[""ぶた"",""ブタ"",""豚"",""pork"",""スモークレバー"",""スモークレバー"",""smoked liver"",""pork liver"",""レバー""]",スモークレバー,,Smoked Liver,,178.15,,,,167862,"Pork, fresh, variety meats and by-products, liver, raw",0.9111366253603979,,,FALSE,
11,11198,＜畜肉類＞　ぶた　［その他］　ゼラチン,11.3,87.6,0.3,(0),0.8,347,16,7,260,8,3,0.7,0.1,0.01,0.03,2,7,(0),0,0,(0),(0),(0),0,0.2,2,0.08,"{""baseName"":""ぶた"",""variety"":""ゼラチン"",""notes"":[""畜肉類"",""その他""]}",豚ゼラチンはコラーゲン源として安全だが栄養価は限定的,7,1,0,1200,2900,3600,830,17,850,2000,280,2300,2000,7.7,2700,670,8100,,,,,,,,,,"[""ぶた"",""ブタ"",""豚"",""pork"",""ゼラチン"",""gelatin"",""豚ゼラチン"",""コラーゲン""]",ゼラチン,,Gelatin,,309.15,,,,,,,,,TRUE,粉類 > ゼラチン
11,11199,＜畜肉類＞　めんよう　［マトン］　ロース　脂身つき　生,68.2,19.3,15.0,(0),0.8,192,3,180,62,330,17,2.7,2.5,0.08,0.01,1,8,12,0.7,0.7,0.16,0.21,5.9,0.32,1.3,1,0.51,"{""baseName"":""めんよう"",""part"":""ロース"",""formModifiers"":[""脂身つき""],""state"":""生"",""notes"":[""畜肉類"",""マトン""]}",マトンのロースは動物性タンパク源として適するが脂が付く点に注意。,8,1,1,920,1600,1800,500,210,710,830,730,1600,1000,240,1000,840,1400,12.81,0.50,0.16,0.34,300,120,15,0,27,"[""めんよう"",""メンヨウ"",""羊肉"",""sheep"",""マトン"",""マトン肉"",""mutton"",""ロース"",""ロース肉"",""loin""]",マトンロース,脂身つき・生,Mutton Loin,"Fat-on, Raw",195.05,100,98022,"Mutton, roasted from mutton sandwich",172659,"Lamb, Australian, imported, fresh, leg, bottom, boneless, separable lean and fat, trimmed to 1/8 fat, raw",0.9066381364301697,,,FALSE,
11,11281,＜畜肉類＞　めんよう　［マトン］　ロース　脂身つき　焼き,52.3,25.8,24.9,(0),0.9,305,4,220,69,370,20,3.6,3.9,0.11,0,1,7,14,0.7,1.0,0.16,0.26,6.2,0.37,1.5,Tr,0.66,"{""baseName"":""めんよう"",""part"":""ロース"",""formModifiers"":[""脂身つき""],""state"":""焼き"",""notes"":[""畜肉類"",""マトン""]}",マトンは良質な動物性タンパク源で、焼き済みの部位は犬の素材として適切,9,1,1,1200,2200,2400,710,310,1000,1100,970,2100,1300,330,1400,1000,1900,22.28,1.01,0.29,0.72,650,220,22,11,55,"[""めんよう"",""メンヨウ"",""羊肉"",""sheep"",""マトン"",""マトン肉"",""mutton"",""ロース"",""ロース肉"",""loin""]",マトンロース,脂身つき・焼き,Mutton Loin,"Fat-on, Cooked",301.95,100,98022,"Mutton, roasted from mutton sandwich",172642,"Lamb, New Zealand, imported, tunnel-boned leg, chump off, shank off, separable lean and fat, cooked, slow roasted",0.8625678334254809,,,FALSE,
11,11245,＜畜肉類＞　めんよう　［マトン］　ロース　皮下脂肪なし　生,72.3,22.2,7.4,0,0.9,139,3,190,61,350,23,2.8,3.1,0.10,0.01,1,10,8,0.2,0.5,0.14,0.24,7.2,0.33,1.5,2,0.75,"{""baseName"":""めんよう"",""part"":""ロース"",""formModifiers"":[""皮下脂肪なし""],""state"":""生"",""notes"":[""畜肉類"",""マトン""]}",マトン（ロース）は優れた動物性たんぱく源だが脂質や風味に注意が必要,9,1,1,870,1700,1900,580,250,830,830,770,1600,1100,260,1000,760,1400,6.05,0.32,0.13,0.19,150,88,17,6,27,"[""めんよう"",""メンヨウ"",""羊肉"",""sheep"",""マトン"",""マトン肉"",""mutton"",""ロース"",""ロース肉"",""loin""]",マトンロース,皮下脂肪なし・生,Mutton Loin,"No subcutaneous fat, Raw",140.6,100,98022,"Mutton, roasted from mutton sandwich",172660,"Lamb, Australian, imported, fresh, tenderloin, boneless, separable lean and fat, trimmed to 1/8 fat, raw",0.8117045612630598,,,FALSE,
11,11200,＜畜肉類＞　めんよう　［マトン］　もも　脂身つき　生,65.0,18.8,15.3,(0),0.8,205,4,140,37,230,21,2.5,3.4,0.13,0.01,-,-,7,0.4,1.3,0.14,0.33,4.6,0.30,1.6,1,1.12,"{""baseName"":""めんよう"",""part"":""もも"",""formModifiers"":[""脂身つき""],""state"":""生"",""notes"":[""畜肉類"",""マトン""]}",マトン（もも・脂身つき・生）は動物性たんぱくと脂質の供給源として使えるが脂肪量に注意,8,1,1,900,1600,1800,490,200,690,810,710,1500,980,230,980,820,1300,12.98,0.57,0.19,0.38,330,150,14,0,43,"[""めんよう"",""メンヨウ"",""羊肉"",""sheep"",""マトン"",""マトン肉"",""mutton"",""もも"",""もも肉"",""thigh"",""leg""]",マトンもも肉,脂身つき・生,Mutton Leg,"Fat-on, Raw",196.2,100,98022,"Mutton, roasted from mutton sandwich",174894,"Lamb, Australian, imported, fresh, leg, hindshank, heel on, bone-in, separable lean and fat, trimmed to 1/8 fat, raw",0.6525831114184453,,,FALSE,
11,11201,＜畜肉類＞　めんよう　［ラム］　かた　脂身つき　生,64.8,17.1,17.1,(0),0.9,214,4,120,70,310,23,2.2,5.0,0.13,-,-,-,8,0.9,0.5,0.13,0.26,4.2,0.12,2.0,2,0.94,"{""baseName"":""めんよう"",""part"":""かた"",""formModifiers"":[""脂身つき""],""state"":""生"",""notes"":[""畜肉類"",""ラム""]}",羊肉は良質な動物性タンパク源で犬のレシピ素材として適している,10,1,1,750,1400,1500,440,200,630,690,600,1300,830,200,860,640,1200,14.59,0.61,0.19,0.41,360,130,15,0,45,"[""めんよう"",""メンヨウ"",""羊肉"",""sheep"",""ラム"",""ラム肉"",""lamb"",""かた"",""肩"",""shoulder"",""lamb shoulder""]",ラム肩肉,脂身つき・生,Lamb Shoulder,"Fat-on, Raw",205.55,100,98022,"Mutton, roasted from mutton sandwich",174894,"Lamb, Australian, imported, fresh, leg, hindshank, heel on, bone-in, separable lean and fat, trimmed to 1/8 fat, raw",0.8384506671585242,,,TRUE,肉類 > ラム肉
11,11202,＜畜肉類＞　めんよう　［ラム］　ロース　脂身つき　生,56.5,15.6,25.9,(0),0.8,287,10,140,72,250,17,1.2,2.6,0.08,0.01,1,8,30,0,0.6,0.12,0.16,4.2,0.23,1.4,1,0.64,"{""baseName"":""めんよう"",""part"":""ロース"",""formModifiers"":[""脂身つき""],""state"":""生"",""notes"":[""畜肉類"",""ラム""]}",ラム肉は良質なタンパク源で犬のレシピ素材として適している。,9,1,1,680,1200,1300,400,180,580,630,550,1200,760,180,790,580,1100,22.12,0.87,0.32,0.55,510,250,17,13,24,"[""めんよう"",""メンヨウ"",""ひつじ"",""ヒツジ"",""羊"",""ラム"",""ラム肉"",""羊肉"",""ラムロース"",""ロース"",""lamb"",""sheep"",""mutton""]",ラムロース肉,脂身つき・生,Lamb Loin,"Fat-on, Raw",278.95,55,03011,"Babyfood, meat, lamb, junior",172517,"Lamb, New Zealand, imported, loin chop, separable lean and fat, raw",0.5265446993361749,,,TRUE,肉類 > ラム肉
11,11282,＜畜肉類＞　めんよう　［ラム］　ロース　脂身つき　焼き,43.5,21.8,31.4,(0),1.0,358,11,160,80,290,21,1.7,3.3,0.11,0,1,5,37,0,0.6,0.13,0.21,5.4,0.27,2.1,1,0.69,"{""baseName"":""めんよう"",""part"":""ロース"",""formModifiers"":[""脂身つき""],""state"":""焼き"",""notes"":[""畜肉類"",""ラム""]}",ラム肉は良質なタンパク源で、焼き済みの部位は犬のレシピ素材として適切,9,1,1,970,1800,1900,560,240,800,890,780,1700,1100,260,1100,770,1500,25.96,1.18,0.45,0.73,700,380,22,0,33,"[""めんよう"",""メンヨウ"",""ひつじ"",""ヒツジ"",""羊"",""ラム"",""ラム肉"",""羊肉"",""ラムロース"",""ロース"",""lamb"",""sheep"",""mutton""]",ラムロース肉,脂身つき・焼き,Lamb Loin,"Fat-on, Grilled",351.25,55,03011,"Babyfood, meat, lamb, junior",172551,"Lamb, loin, separable lean and fat, trimmed to 1/8 fat, choice, raw",0.5317475991193814,,,TRUE,肉類 > ラム肉
11,11246,＜畜肉類＞　めんよう　［ラム］　ロース　皮下脂肪なし　生,72.3,22.3,5.2,0,1.0,128,7,190,77,330,23,1.9,2.7,0.12,0.01,1,11,7,0,0.1,0.15,0.25,8.1,0.36,1.6,1,0.77,"{""baseName"":""めんよう"",""part"":""ロース"",""formModifiers"":[""皮下脂肪なし""],""state"":""生"",""notes"":[""畜肉類"",""ラム""]}",ラム（めんよう）ロースは良質な動物性たんぱく源で犬のレシピ素材として理想的である,10,1,1,840,1700,1900,600,250,850,860,770,1600,1100,270,1100,960,1400,4.15,0.29,0.10,0.19,150,58,14,5,35,"[""めんよう"",""メンヨウ"",""ひつじ"",""ヒツジ"",""羊"",""ラム"",""ラム肉"",""羊肉"",""ラムロース"",""ロース"",""lamb"",""sheep"",""mutton""]",ラムロース肉,皮下脂肪なし・生,Lamb Loin,"No Subcutaneous Fat, Raw",122.25,55,03011,"Babyfood, meat, lamb, junior",172625,"Lamb, New Zealand, imported, loin saddle, separable lean only, raw",0.6101377770449937,,,TRUE,肉類 > ラム肉
11,11203,＜畜肉類＞　めんよう　［ラム］　もも　脂身つき　生,69.7,20.0,12.0,(0),1.0,164,3,200,59,340,22,2.0,3.1,0.10,0.01,1,9,9,0.1,0.4,0.18,0.27,6.9,0.29,1.8,1,0.80,"{""baseName"":""めんよう"",""part"":""もも"",""formModifiers"":[""脂身つき""],""state"":""生"",""notes"":[""畜肉類"",""ラム""]}",ラム肉は良質なタンパクと脂質を供給する優れた素材,9,1,1,930,1700,1800,540,240,780,830,740,1600,1000,260,1000,810,1400,9.82,0.52,0.18,0.34,280,130,19,0,36,"[""めんよう"",""メンヨウ"",""ひつじ"",""ヒツジ"",""羊"",""ラム"",""ラム肉"",""羊肉"",""ラムもも"",""もも肉"",""もも"",""thigh"",""leg"",""lamb leg"",""lamb thigh""]",ラムもも肉,脂身つき・生,Lamb Leg,"Fat-on, Raw",172,55,03011,"Babyfood, meat, lamb, junior",172659,"Lamb, Australian, imported, fresh, leg, bottom, boneless, separable lean and fat, trimmed to 1/8 fat, raw",0.48141264900567254,,,TRUE,肉類 > ラム肉
11,11283,＜畜肉類＞　めんよう　［ラム］　もも　脂身つき　焼き,53.5,28.6,20.3,(0),1.0,267,4,220,64,370,24,2.5,4.5,0.15,0,1,13,14,0,0.5,0.19,0.32,7.4,0.29,2.1,4,0.84,"{""baseName"":""めんよう"",""part"":""もも"",""formModifiers"":[""脂身つき""],""state"":""焼き"",""notes"":[""畜肉類"",""ラム""]}",ラムももは良質な動物性タンパク源で犬のレシピ素材として適している,9,1,1,1400,2400,2600,800,350,1100,1200,1100,2300,1400,370,1500,980,2000,17.59,0.95,0.36,0.59,530,270,31,15,50,"[""めんよう"",""メンヨウ"",""ひつじ"",""ヒツジ"",""羊"",""ラム"",""ラム肉"",""羊肉"",""ラムもも"",""もも肉"",""もも"",""thigh"",""leg"",""lamb leg"",""lamb thigh""]",ラムもも肉,脂身つき・焼き,Lamb Leg,"Fat-on, Grilled",272.65,55,03011,"Babyfood, meat, lamb, junior",174895,"Lamb, Australian, imported, fresh, leg, trotter off, bone-in, separable lean and fat, trimmed to 1/8 fat, cooked, roasted",0.8322143470800125,,,TRUE,肉類 > ラム肉
11,11204,＜畜肉類＞　やぎ　肉　赤肉　生,75.4,21.9,1.5,(0),1.0,99,7,170,45,310,25,3.8,4.7,0.11,0.02,-,-,3,0,1.0,0.07,0.28,6.7,0.26,2.8,2,0.45,"{""baseName"":""やぎ"",""variety"":""肉"",""formModifiers"":[""赤肉""],""state"":""生"",""notes"":[""畜肉類""]}",やぎ肉は低脂肪で良質なたんぱく源。適切に処理すれば犬のレシピに適する。,9,1,1,1100,1800,2000,620,270,890,900,800,1700,1100,250,1100,930,1400,0.91,0.18,0.05,0.14,94,17,11,2,35,"[""やぎ"",""ヤギ"",""山羊"",""山羊肉"",""やぎ肉"",""ヤギ肉"",""goat"",""goat meat""]",山羊肉,,Goat Meat,,90.1,,,,,,,,,FALSE,
11,11207,＜鳥肉類＞　うずら　肉　皮つき　生,65.4,20.5,12.9,(0),1.1,194,15,100,35,280,27,2.9,0.8,0.11,0.02,-,-,45,0.1,0.8,0.12,0.50,5.8,0.53,0.7,11,1.85,"{""baseName"":""うずら"",""variety"":""肉"",""formModifiers"":[""皮つき""],""state"":""生"",""notes"":[""鳥肉類""]}",うずら肉は良質な鳥類タンパクで犬のレシピ素材として適している,9,1,1,(1100),(1700),(1700),(620),(360),(970),(860),(890),(1700),(990),(300),(1100),(730),(1300),11.38,4.60,0.24,4.36,4200,190,0,31,130,"[""うずら"",""ウズラ"",""鶉"",""うずら肉"",""ウズラ肉"",""quail"",""quail meat""]",うずら肉,皮つき・生,Quail,"Skin-on, Raw",181.75,,,,171112,"Duck, young duckling, domesticated, White Pekin, leg, meat and skin, bone in, cooked, roasted",0.5454922082340439,,,FALSE,
11,11208,＜鳥肉類＞　かも　まがも　肉　皮なし　生,72.1,23.6,3.0,(0),1.2,118,5,260,72,400,27,4.3,1.4,0.36,0.03,-,-,15,3.1,Tr,0.40,0.69,9.3,0.61,3.5,3,2.17,"{""baseName"":""かも"",""variety"":""まがも 肉"",""formModifiers"":[""皮なし""],""state"":""生"",""notes"":[""鳥肉類""]}",かもの皮なし肉は良質な動物性たんぱくで犬のレシピ素材として適している,9,1,1,(1100),(1900),(2100),(630),(280),(910),(970),(850),(1800),(1100),(300),(1200),(810),(1600),2.10,0.55,0.03,0.52,310,8,2,9,170,"[""かも"",""カモ"",""鴨"",""鴨肉"",""まがも"",""マガモ"",""真鴨"",""まがも肉"",""duck"",""duck meat""]",鴨肉,真鴨・皮なし・生,Duck,"Mallard (skinless), Raw",108.45,,,,171511,"Duck, young duckling, domesticated, White Pekin, breast, meat only, boneless, cooked without skin, broiled",0.8433295323134787,,,TRUE,肉類 > 鴨肉
11,11205,＜鳥肉類＞　かも　あいがも　肉　皮つき　生,56.0,14.2,29.0,(0),0.7,304,5,130,62,220,16,1.9,1.4,0.26,0.02,-,-,46,1,0.2,0.24,0.35,3.8,0.32,1.1,2,1.67,"{""baseName"":""かも"",""variety"":""あいがも 肉"",""formModifiers"":[""皮つき""],""state"":""生"",""notes"":[""鳥肉類""]}",合鴨（皮つき）は良質なたんぱく源だが脂肪が多めでエネルギーが高い。,8,1,1,(630),(1100),(1200),(360),(170),(520),(570),(480),(1100),(630),(160),(690),(460),(1000),27.00,5.66,0.32,5.35,5200,300,0,0,130,"[""かも"",""カモ"",""鴨"",""鴨肉"",""あいがも"",""アイガモ"",""合鴨"",""合鴨肉"",""duck"",""duck meat""]",鴨肉,合鴨・皮つき・生,Duck,"Aigamo (skin-on), Raw",296.55,,,,,,,,,TRUE,肉類 > 鴨肉
11,11206,＜鳥肉類＞　かも　あひる　肉　皮つき　生,62.7,14.9,19.8,(0),0.8,237,5,160,67,250,17,1.6,1.6,0.20,0.01,7,16,62,0.8,0.5,0.30,0.26,5.3,0.34,2.1,10,1.20,"{""baseName"":""かも"",""variety"":""あひる 肉"",""formModifiers"":[""皮つき""],""state"":""生"",""notes"":[""鳥肉類""]}",鴨（あひる）肉は良質なタンパク源だが脂肪が高めのため使用量に注意が必要。,8,1,1,(680),(1200),(1300),(380),(180),(560),(610),(530),(1100),(710),(170),(750),(480),(1100),17.42,4.67,0.30,4.37,4100,280,1,2,120,"[""かも"",""カモ"",""鴨"",""鴨肉"",""あひる"",""アヒル"",""家鴨"",""家鴨肉"",""duck"",""duck meat""]",鴨肉,アヒル・皮つき・生,Duck,"Domestic Duck (skin-on), Raw",226.75,,,,,,,,,TRUE,肉類 > 鴨肉
11,11247,＜鳥肉類＞　かも　あひる　肉　皮なし　生,77.2,20.1,2.2,(0),1.1,94,5,230,84,360,26,2.4,2.3,0.31,0.02,11,21,9,0.4,0.4,0.46,0.41,7.9,0.54,3.0,14,1.83,"{""baseName"":""かも"",""variety"":""あひる 肉"",""formModifiers"":[""皮なし""],""state"":""生"",""notes"":[""鳥肉類""]}",鴨（あひる）肉はタンパク源として利用可能でレシピ素材に適しています。,9,1,1,970,1700,1800,540,240,780,830,750,1600,1000,260,1000,690,1400,1.41,0.44,0.03,0.42,300,15,2,3,74,"[""かも"",""カモ"",""鴨"",""鴨肉"",""あひる"",""アヒル"",""家鴨"",""家鴨肉"",""duck"",""duck meat""]",鴨肉,アヒル・皮なし・生,Duck,"Domestic Duck (skinless), Raw",89.05,,,,174612,"Turkey, breast, smoked, lemon pepper flavor, 97% fat-free",0.6875166619997543,,,TRUE,肉類 > 鴨肉
11,11284,＜鳥肉類＞　かも　あひる　皮　生,41.3,7.3,45.8,(0),0.3,448,5,59,42,84,5,0.4,0.7,0.03,0,2,10,140,1.4,0.8,0.07,0.05,1.4,0.05,0.8,5,0.27,"{""baseName"":""かも"",""variety"":""あひる 皮"",""state"":""生"",""notes"":[""鳥肉類""]}",あひるの皮は脂肪分が高く使用量に注意が必要だが素材としては利用可能,7,1,1,260,490,490,150,84,230,280,200,480,300,43,340,170,660,41.03,10.90,0.71,10.20,9700,670,0,0,190,"[""かも"",""カモ"",""鴨"",""あひる"",""アヒル"",""家鴨"",""皮"",""かわ"",""カワ"",""鴨皮"",""あひる皮"",""duck skin""]",鴨皮,生,Duck Skin,Raw,433.4,,,,172855,"Chicken, skin (drumsticks and thighs), raw",1.3738607624256336,,28.3,TRUE,肉類 > 鴨肉
11,11209,＜鳥肉類＞　きじ　肉　皮なし　生,75.0,23.0,1.1,(0),0.8,101,8,190,38,220,27,1.0,1.0,0.10,0.03,-,-,7,0.5,0.3,0.08,0.24,8.4,0.65,1.7,12,1.07,"{""baseName"":""きじ"",""variety"":""肉"",""formModifiers"":[""皮なし""],""state"":""生"",""notes"":[""鳥肉類""]}",きじは良質な動物性たんぱく源で犬のレシピ素材として適している,9,1,1,(1300),(1900),(2100),(670),(300),(970),(900),(750),(1700),(1200),(320),(1300),(920),(1400),0.75,0.22,0.03,0.19,130,4,1,18,50,"[""きじ"",""キジ"",""雉"",""雉肉"",""きじ肉"",""pheasant"",""pheasant meat""]",キジ肉,皮なし・生,Pheasant,"Skinless, Raw",90.2,,,,174474,,,,,FALSE,
11,11210,＜鳥肉類＞　しちめんちょう　肉　皮なし　生,74.6,23.5,0.7,(0),1.1,99,8,140,37,190,29,1.1,0.8,0.05,0.02,-,-,Tr,0.1,Tr,0.07,0.24,7.0,0.72,0.6,10,1.51,"{""baseName"":""しちめんちょう"",""variety"":""肉"",""formModifiers"":[""皮なし""],""state"":""生"",""notes"":[""鳥肉類""]}",七面鳥肉（皮なし）は良質なたんぱく源で犬のレシピ素材として適切。,9,1,1,1200,1900,2100,660,260,920,930,800,1700,1100,280,1200,1200,1500,0.42,0.15,0.04,0.11,85,5,5,18,19,"[""しちめんちょう"",""シチメンチョウ"",""七面鳥"",""七面鳥肉"",""ターキー"",""ターキー肉"",""turkey""]",七面鳥肉,皮なし・生,Turkey,"Skinless, Raw",88.55,,,,174471,,,,,TRUE,肉類 > 七面鳥
11,11211,＜鳥肉類＞　すずめ　肉　骨・皮つき　生,72.2,18.1,5.9,(0),3.7,114,1100,660,80,160,42,8.0,2.7,0.41,0.12,-,-,15,0.2,0.2,0.28,0.80,2.8,0.59,5.0,16,4.56,"{""baseName"":""すずめ"",""variety"":""肉 骨・皮つき"",""state"":""生"",""notes"":[""鳥肉類""]}",鳥肉として利用可能だが、小骨の処理が必要,7,0,1,,,,,,,,,,,,,,,4.38,1.01,0.20,0.81,670,28,0,160,110,"[""すずめ"",""スズメ"",""雀"",""すずめ肉"",""スズメ肉"",""sparrow"",""sparrow meat""]",スズメ肉,骨・皮つき・生,Sparrow,"Bone & Skin-on, Raw",113.85,,,,,,,,,FALSE,
11,11212,＜鳥肉類＞　にわとり　［親・主品目］　手羽　皮つき　生,66.0,23.0,10.4,(0),0.6,182,16,100,44,120,14,1.2,1.7,0.05,0.01,-,-,60,0.1,0.1,0.04,0.11,3.3,0.20,0.7,10,1.33,"{""baseName"":""にわとり"",""part"":""手羽"",""formModifiers"":[""皮つき""],""state"":""生"",""notes"":[""鳥肉類"",""親・主品目""]}",鶏手羽は良質なタンパク源で犬のレシピ素材として適切です（骨は調理で除去が前提）。,9,1,1,(980),(1700),(1900),(600),(250),(850),(900),(750),(1600),(1000),(240),(1100),(910),(1700),9.20,2.34,0.09,2.25,2100,71,0,17,68,"[""にわとり"",""ニワトリ"",""鶏"",""鶏肉"",""手羽"",""手羽先"",""手羽元"",""鶏手羽"",""チキン"",""chicken"",""chicken wing"",""wings""]",鶏手羽,皮つき・生,Chicken Wings,"Skin-on, Raw",168.9,60,05006,"Chicken, broilers and fryers, meat and skin, raw",173631,"Chicken, broilers or fryers, wing, meat and skin, cooked, stewed",0.8231396151235996,,51.3,TRUE,肉類 > 鶏肉 > 鶏手羽
11,11213,＜鳥肉類＞　にわとり　［親・主品目］　むね　皮つき　生,62.6,19.5,17.2,(0),0.7,229,4,120,31,190,20,0.3,0.7,0.05,0.01,-,-,72,0.1,0.2,0.05,0.08,7.9,0.35,0.3,5,0.97,"{""baseName"":""にわとり"",""part"":""むね"",""formModifiers"":[""皮つき""],""state"":""生"",""notes"":[""鳥肉類"",""親・主品目""]}",鶏むね肉は良質なたんぱく源。皮は脂質が多い点に留意が必要,9,1,1,(830),(1400),(1600),(500),(210),(710),(720),(630),(1300),(820),(230),(900),(970),(1200),15.76,2.37,0.11,2.26,2100,99,0,6,67,"[""にわとり"",""ニワトリ"",""鶏"",""鶏肉"",""むね"",""胸"",""むね肉"",""胸肉"",""鶏むね"",""chicken breast"",""breast""]",鶏むね肉,皮つき・生,Chicken Breast,"Skin-on, Raw",214.45,60,05006,"Chicken, broilers and fryers, meat and skin, raw",171077,"Chicken, broiler or fryers, breast, skinless, boneless, meat only, raw",1.9777434771998565,,82.1,TRUE,肉類 > 鶏肉 > 鶏むね肉
11,11214,＜鳥肉類＞　にわとり　［親・主品目］　むね　皮なし　生,72.8,24.4,1.9,(0),0.9,113,5,150,34,210,26,0.4,0.7,0.05,0.01,-,-,50,0,0.1,0.06,0.10,8.4,0.47,0.2,5,1.13,"{""baseName"":""にわとり"",""part"":""むね"",""formModifiers"":[""皮なし""],""state"":""生"",""notes"":[""鳥肉類"",""親・主品目""]}",鶏むね肉は低脂肪で良質なタンパク源で犬のレシピに適している,10,1,1,(1100),(1900),(2100),(650),(270),(920),(920),(800),(1700),(1100),(300),(1200),(1200),(1500),1.44,0.42,0.02,0.40,340,10,0,9,49,"[""にわとり"",""ニワトリ"",""鶏"",""鶏肉"",""むね"",""胸"",""むね肉"",""胸肉"",""鶏むね"",""chicken breast"",""breast""]",鶏むね肉,皮なし・生,Chicken Breast,"Skinless, Raw",101.55,66,05011,"Chicken, broilers or fryers, meat only, raw",171077,"Chicken, broiler or fryers, breast, skinless, boneless, meat only, raw",1.128203185107571,,82.1,TRUE,肉類 > 鶏肉 > 鶏むね肉
11,11215,＜鳥肉類＞　にわとり　［親・主品目］　もも　皮つき　生,62.9,17.3,19.1,(0),0.7,234,8,110,42,160,16,0.9,1.7,0.07,0.01,-,-,47,0.1,0.1,0.07,0.23,3.8,0.17,0.5,6,1.57,"{""baseName"":""にわとり"",""part"":""もも"",""formModifiers"":[""皮つき""],""state"":""生"",""notes"":[""鳥肉類"",""親・主品目""]}",鶏もも肉は良質な動物性タンパク質と脂質の供給源で、犬のレシピ素材として適する（皮下脂肪は高め）。,9,1,1,(890),(1500),(1700),(540),(230),(760),(790),(670),(1500),(880),(230),(950),(710),(1400),17.45,2.78,0.12,2.66,2500,110,0,6,81,"[""にわとり"",""ニワトリ"",""鶏"",""鶏肉"",""もも"",""もも肉"",""鶏もも"",""鶏もも肉"",""モモ"",""モモ肉"",""chicken thigh"",""thigh""]",鶏もも肉,皮つき・生,Chicken Thigh,"Skin-on, Raw",222.9,60,05006,"Chicken, broilers and fryers, meat and skin, raw",171463,"Chicken, broilers or fryers, dark meat, meat and skin, raw",0.7315389863006323,,,TRUE,肉類 > 鶏肉 > 鶏もも肉
11,11216,＜鳥肉類＞　にわとり　［親・主品目］　もも　皮なし　生,72.3,22.0,4.8,(0),0.9,128,9,150,50,220,21,2.1,2.3,0.09,0.01,-,-,17,0,0.1,0.10,0.31,4.1,0.22,0.6,7,2.15,"{""baseName"":""にわとり"",""part"":""もも"",""formModifiers"":[""皮なし""],""state"":""生"",""notes"":[""鳥肉類"",""親・主品目""]}",鶏もも（皮なし）は低脂肪で良質なタンパク源、犬のレシピに最適,10,1,1,(1000),(1700),(1900),(600),(250),(850),(870),(750),(1600),(990),(280),(1100),(800),(1500),3.97,1.13,0.04,1.09,1000,29,0,8,68,"[""にわとり"",""ニワトリ"",""鶏"",""鶏肉"",""もも"",""もも肉"",""鶏もも"",""鶏もも肉"",""モモ"",""モモ肉"",""chicken thigh"",""thigh""]",鶏もも肉,皮なし・生,Chicken Thigh,"Skinless, Raw",117.8,66,05011,"Chicken, broilers or fryers, meat only, raw",173614,"Chicken, broilers or fryers, dark meat, drumstick, meat only, raw",0.8235782026852362,,56.7,TRUE,肉類 > 鶏肉 > 鶏もも肉
11,11217,＜鳥肉類＞　にわとり　［親・副品目］　ささみ　生,73.2,24.6,1.1,(0),1.1,107,8,200,40,280,21,0.6,2.4,0.09,-,-,-,9,0,0.1,0.09,0.12,11.0,0.66,0.1,7,1.68,"{""baseName"":""にわとり"",""part"":""ささみ"",""state"":""生"",""notes"":[""鳥肉類"",""親・副品目""]}",ささみは低脂肪で良質なタンパク源、犬に適した素材,9,1,1,(1200),(2000),(2200),(690),(280),(960),(970),(860),(1800),(1200),(300),(1200),(790),(1600),0.72,0.22,0.01,0.21,160,4,0,8,39,"[""ささみ"",""ササミ"",""笹身"",""鶏ささみ"",""鶏ササミ"",""とりささみ"",""にわとり"",""ニワトリ"",""鶏肉"",""とりにく"",""チキン"",""chicken tenderloin"",""chicken tender""]",鶏ささみ,生,Chicken Tenderloin,Raw,95.45,66,05011,"Chicken, broilers or fryers, meat only, raw",171464,"Chicken, broilers or fryers, light meat, meat only, raw",1.0519276602299756,,,TRUE,肉類 > 鶏肉 > 鶏ささみ
11,11218,＜鳥肉類＞　にわとり　［若どり・主品目］　手羽　皮つき　生,68.1,17.8,14.3,(0),0.8,189,14,150,79,220,17,0.5,1.2,0.02,0,2,14,47,0.4,0.6,0.07,0.10,6.2,0.38,0.4,10,0.87,"{""baseName"":""にわとり"",""part"":""手羽"",""formModifiers"":[""皮つき""],""state"":""生"",""notes"":[""鳥肉類"",""若どり・主品目""]}",若どりの手羽は良質な動物性タンパク源で犬の素材として適している（骨・硬い部分は調理で除去）。,9,1,1,(780),(1400),(1500),(470),(200),(670),(710),(600),(1300),(840),(190),(890),(710),(1300),13.11,1.99,0.16,1.84,1700,120,6,11,69,"[""手羽"",""てば"",""テバ"",""鶏手羽"",""鶏てば"",""手羽肉"",""にわとり"",""鶏肉"",""チキン"",""chicken wing"",""wing""]",鶏手羽,皮つき・生,Chicken Wing,"Skin-on, Raw",183.85,60,05006,"Chicken, broilers and fryers, meat and skin, raw",172390,"Chicken, broilers or fryers, wing, meat and skin, raw",0.398125554452806,,82,TRUE,肉類 > 鶏肉 > 鶏手羽
11,11285,＜鳥肉類＞　にわとり　［若どり・主品目］　手羽さき　皮つき　生,67.1,17.4,16.2,(0),0.8,207,20,140,78,210,16,0.6,1.5,0.02,0,1,14,51,0.6,0.6,0.07,0.09,5.4,0.30,0.5,8,0.84,"{""baseName"":""にわとり"",""part"":""手羽さき"",""formModifiers"":[""皮つき""],""state"":""生"",""notes"":[""鳥肉類"",""若どり・主品目""]}",鶏手羽は良質な動物性たんぱく源で、犬のレシピ素材として適している。,9,1,1,720,1300,1400,430,180,610,670,550,1200,790,170,830,630,1400,15.05,2.33,0.18,2.14,2000,150,7,10,81,"[""手羽先"",""てばさき"",""テバサキ"",""鶏手羽先"",""鶏てばさき"",""手羽先肉"",""にわとり"",""鶏肉"",""チキン"",""chicken wing tip"",""wing tip""]",鶏手羽先,皮つき・生,Chicken Wing Tip,"Skin-on, Raw",198.6,60,05006,"Chicken, broilers and fryers, meat and skin, raw",172390,"Chicken, broilers or fryers, wing, meat and skin, raw",0.6542254452835139,,82,TRUE,肉類 > 鶏肉 > 鶏手羽先
11,11286,＜鳥肉類＞　にわとり　［若どり・主品目］　手羽もと　皮つき　生,68.9,18.2,12.8,(0),0.8,175,10,150,80,230,19,0.5,1.0,0.02,0,2,14,44,0.3,0.5,0.08,0.10,6.9,0.45,0.3,12,0.89,"{""baseName"":""にわとり"",""part"":""手羽もと"",""formModifiers"":[""皮つき""],""state"":""生"",""notes"":[""鳥肉類"",""若どり・主品目""]}",鶏肉の部位で良質な動物性タンパク源。皮付きは脂肪が多い点に注意。,9,1,1,840,1400,1600,500,210,710,730,640,1400,880,210,930,770,1300,11.55,1.73,0.14,1.59,1500,100,6,11,60,"[""手羽元"",""手羽もと"",""てばもと"",""テバモト"",""鶏手羽元"",""鶏てばもと"",""にわとり"",""鶏肉"",""チキン"",""drumette"",""chicken drumette""]",鶏手羽元,皮つき・生,Chicken Drumette,"Skin-on, Raw",172.5,60,05006,"Chicken, broilers and fryers, meat and skin, raw",172390,"Chicken, broilers or fryers, wing, meat and skin, raw",0.5061266025842148,,82,TRUE,肉類 > 鶏肉 > 鶏手羽元
11,11219,＜鳥肉類＞　にわとり　［若どり・主品目］　むね　皮つき　生,72.6,21.3,5.9,(0),1.0,133,4,200,42,340,27,0.3,0.6,0.03,0.01,0,17,18,0.1,0.3,0.09,0.10,11.0,0.57,0.2,12,1.74,"{""baseName"":""にわとり"",""part"":""むね"",""formModifiers"":[""皮つき""],""state"":""生"",""notes"":[""鳥肉類"",""若どり・主品目""]}",鶏むね（皮つき）は良質なたんぱく源だが皮は脂肪が多い点に留意が必要,9,1,1,930,1600,1800,550,230,780,790,710,1500,970,250,1000,1100,1300,5.23,1.03,0.11,0.92,850,76,5,16,35,"[""むね"",""胸"",""胸肉"",""むねにく"",""鶏むね"",""鶏むね肉"",""とりむね"",""にわとり"",""鶏肉"",""チキン"",""chicken breast"",""breast""]",鶏むね肉,皮つき・生,Chicken Breast,"Skin-on, Raw",124.7,60,05006,"Chicken, broilers and fryers, meat and skin, raw",171474,,,,67.1,TRUE,肉類 > 鶏肉 > 鶏むね肉
11,11287,＜鳥肉類＞　にわとり　［若どり・主品目］　むね　皮つき　焼き,55.1,34.7,9.1,(0),1.6,215,6,300,65,510,40,0.4,1.0,0.05,0.01,0,28,27,0.1,0.5,0.12,0.17,17.0,0.60,0.4,17,2.51,"{""baseName"":""にわとり"",""part"":""むね"",""formModifiers"":[""皮つき""],""state"":""焼き"",""notes"":[""鳥肉類"",""若どり・主品目""]}",鶏むね（焼き）は良質なたんぱく源で犬のレシピ素材として非常に適している,10,1,1,1600,2700,3000,940,390,1300,1300,1200,2500,1600,420,1700,1700,2300,7.98,1.69,0.18,1.50,1400,120,10,30,69,"[""むね"",""胸"",""胸肉"",""むねにく"",""鶏むね"",""鶏むね肉"",""とりむね"",""にわとり"",""鶏肉"",""チキン"",""chicken breast"",""breast""]",鶏むね肉,皮つき・焼き,Chicken Breast,"Skin-on, Grilled",198.8,66,05009,"Chicken, broilers or fryers, meat and skin, cooked, roasted",171534,"Chicken, broiler or fryers, breast, skinless, boneless, meat only, cooked, grilled",0.831985799897166,,111.4,TRUE,肉類 > 鶏肉 > 鶏むね肉
11,11220,＜鳥肉類＞　にわとり　［若どり・主品目］　むね　皮なし　生,74.6,23.3,1.9,(0),1.1,105,4,220,45,370,29,0.3,0.7,0.02,0.02,0,17,9,0.1,0.3,0.10,0.11,12.0,0.64,0.2,13,1.92,"{""baseName"":""にわとり"",""part"":""むね"",""formModifiers"":[""皮なし""],""state"":""生"",""notes"":[""鳥肉類"",""若どり・主品目""]}",生の鶏むね（皮なし）は低脂肪で良質なタンパク源として非常に適している。,10,1,1,1100,1800,2000,630,260,890,890,800,1700,1100,290,1100,1200,1500,1.55,0.37,0.05,0.32,270,24,3,12,27,"[""むね"",""胸"",""胸肉"",""むねにく"",""鶏むね"",""鶏むね肉"",""とりむね"",""にわとり"",""鶏肉"",""チキン"",""chicken breast"",""breast""]",鶏むね肉,皮なし・生,Chicken Breast,"Skinless, Raw",97.7,66,05011,"Chicken, broilers or fryers, meat only, raw",171077,"Chicken, broiler or fryers, breast, skinless, boneless, meat only, raw",0.8242171727749881,,82.1,TRUE,肉類 > 鶏肉 > 鶏むね肉
11,11288,＜鳥肉類＞　にわとり　［若どり・主品目］　むね　皮なし　焼き,57.6,38.8,3.3,(0),1.7,177,7,340,73,570,47,0.5,1.1,0.04,0.01,0,29,14,0.1,0.5,0.14,0.18,18.0,0.66,0.3,18,2.58,"{""baseName"":""にわとり"",""part"":""むね"",""formModifiers"":[""皮なし""],""state"":""焼き"",""notes"":[""鳥肉類"",""若どり・主品目""]}",鶏むね肉（皮なし・焼き）は低脂肪で良質なたんぱく源、犬のレシピ素材として理想的,10,1,1,1800,3100,3500,1100,450,1500,1600,1400,2900,1900,490,1900,1900,2600,2.65,0.65,0.08,0.56,460,39,6,23,58,"[""むね"",""胸"",""胸肉"",""むねにく"",""鶏むね"",""鶏むね肉"",""とりむね"",""にわとり"",""鶏肉"",""チキン"",""chicken breast"",""breast""]",鶏むね肉,皮なし・焼き,Chicken Breast,"Skinless, Grilled",163.85,79,05013,"Chicken, broilers and fryers, meat only, roasted",171534,"Chicken, broiler or fryers, breast, skinless, boneless, meat only, cooked, grilled",0.7082700775478247,,111.4,TRUE,肉類 > 鶏肉 > 鶏むね肉
11,11221,＜鳥肉類＞　にわとり　［若どり・主品目］　もも　皮つき　生,68.5,16.6,14.2,(0),0.9,190,5,170,62,290,21,0.6,1.6,0.04,0.01,Tr,17,40,0.4,0.7,0.10,0.15,4.8,0.25,0.3,13,0.81,"{""baseName"":""にわとり"",""part"":""もも"",""formModifiers"":[""皮つき""],""state"":""生"",""notes"":[""鳥肉類"",""若どり・主品目""]}",鶏もも（皮つき）は良質なタンパク源でレシピ素材として適切。脂肪量には配慮が必要。,9,1,1,880,1500,1700,520,220,740,770,660,1400,920,220,940,690,1400,12.93,1.85,0.09,1.76,1600,73,1,7,79,"[""もも"",""もも肉"",""鶏もも"",""鶏もも肉"",""とりもも"",""とりももにく"",""にわとり"",""鶏肉"",""チキン"",""chicken thigh"",""thigh""]",鶏もも肉,皮つき・生,Chicken Thigh,"Skin-on, Raw",178.8,60,05006,"Chicken, broilers and fryers, meat and skin, raw",172385,"Chicken, broilers or fryers, thigh, meat and skin, raw",0.5879971137020891,,45.7,TRUE,肉類 > 鶏肉 > 鶏もも肉
11,11223,＜鳥肉類＞　にわとり　［若どり・主品目］　もも　皮つき　ゆで,62.9,22.0,15.2,(0),0.8,216,9,160,47,210,23,1.0,2.0,0.07,0.02,0,3,47,0.2,0.2,0.07,0.21,4.6,0.22,0.3,7,1.06,"{""baseName"":""にわとり"",""part"":""もも"",""formModifiers"":[""皮つき""],""state"":""ゆで"",""notes"":[""鳥肉類"",""若どり・主品目""]}",加熱済みの鶏ももは良質なたんぱく源、皮つきは脂質に配慮して使用,9,1,1,(1100),(2000),(2200),(680),(290),(970),(1000),(850),(1900),(1100),(290),(1200),(910),(1800),13.57,1.90,0.09,1.81,1700,75,2,6,73,"[""もも"",""もも肉"",""鶏もも"",""鶏もも肉"",""とりもも"",""とりももにく"",""にわとり"",""鶏肉"",""チキン"",""chicken thigh"",""thigh""]",鶏もも肉,皮つき・ゆで,Chicken Thigh,"Skin-on, Boiled",206.2,66,05009,"Chicken, broilers or fryers, meat and skin, cooked, roasted",173626,"Chicken, broilers or fryers, thigh, meat and skin, cooked, stewed",0.5480298015111748,,54.1,TRUE,肉類 > 鶏肉 > 鶏もも肉
11,11222,＜鳥肉類＞　にわとり　［若どり・主品目］　もも　皮つき　焼き,58.4,26.3,13.9,(0),1.2,220,6,230,92,390,29,0.9,2.5,0.05,0.01,Tr,29,25,0.4,0.2,0.14,0.24,6.8,0.28,0.5,8,1.20,"{""baseName"":""にわとり"",""part"":""もも"",""formModifiers"":[""皮つき""],""state"":""焼き"",""notes"":[""鳥肉類"",""若どり・主品目""]}",鶏もも（焼き）は良質なタンパク源だが皮付きの脂質に注意,9,1,1,(1300),(2400),(2600),(820),(350),(1200),(1200),(1000),(2200),(1300),(350),(1500),(1100),(2100),12.16,1.73,0.08,1.65,1500,67,2,6,75,"[""もも"",""もも肉"",""鶏もも"",""鶏もも肉"",""とりもも"",""とりももにく"",""にわとり"",""鶏肉"",""チキン"",""chicken thigh"",""thigh""]",鶏もも肉,皮つき・焼き,Chicken Thigh,"Skin-on, Grilled",210.9,66,05009,"Chicken, broilers or fryers, meat and skin, cooked, roasted",173625,"Chicken, broilers or fryers, thigh, meat and skin, cooked, roasted",0.8167352174518663,,67.6,TRUE,肉類 > 鶏肉 > 鶏もも肉
11,11224,＜鳥肉類＞　にわとり　［若どり・主品目］　もも　皮なし　生,76.1,19.0,5.0,(0),1.0,113,5,190,69,320,24,0.6,1.8,0.04,0.01,0,19,16,0.2,0.6,0.12,0.19,5.5,0.31,0.3,10,1.06,"{""baseName"":""にわとり"",""part"":""もも"",""formModifiers"":[""皮なし""],""state"":""生"",""notes"":[""鳥肉類"",""若どり・主品目""]}",鶏もも肉は良質な動物性タンパク源で犬のレシピ素材として適切,10,1,1,900,1500,1700,520,220,740,760,670,1400,920,240,950,700,1300,4.14,0.71,0.04,0.67,520,18,2,11,89,"[""もも"",""もも肉"",""鶏もも"",""鶏もも肉"",""とりもも"",""とりももにく"",""にわとり"",""鶏肉"",""チキン"",""chicken thigh"",""thigh""]",鶏もも肉,皮なし・生,Chicken Thigh,"Skinless, Raw",109,66,05011,"Chicken, broilers or fryers, meat only, raw",173627,"Chicken, broilers or fryers, dark meat, thigh, meat only, raw",0.6358186043816311,,53.6,TRUE,肉類 > 鶏肉 > 鶏もも肉
11,11226,＜鳥肉類＞　にわとり　［若どり・主品目］　もも　皮なし　ゆで,69.1,25.1,5.2,(0),0.9,141,10,190,56,260,25,0.8,2.2,0.05,0.01,-,-,14,0,0.3,0.12,0.18,5.3,0.36,0.3,8,0.99,"{""baseName"":""にわとり"",""part"":""もも"",""formModifiers"":[""皮なし""],""state"":""ゆで"",""notes"":[""鳥肉類"",""若どり・主品目""]}",茹でた皮なし鶏ももは良質なタンパク源で犬のレシピ素材として非常に適している。,10,1,1,(1200),(2000),(2200),(690),(290),(970),(1000),(850),(1800),(1100),(310),(1200),(910),(1700),4.03,0.69,0.04,0.65,520,18,2,10,78,"[""もも"",""もも肉"",""鶏もも"",""鶏もも肉"",""とりもも"",""とりももにく"",""にわとり"",""鶏肉"",""チキン"",""chicken thigh"",""thigh""]",鶏もも肉,皮なし・ゆで,Chicken Thigh,"Skinless, Boiled",132.05,79,05013,"Chicken, broilers and fryers, meat only, roasted",173627,"Chicken, broilers or fryers, dark meat, thigh, meat only, raw",0.5900366568056745,,53.6,TRUE,肉類 > 鶏肉 > 鶏もも肉
11,11225,＜鳥肉類＞　にわとり　［若どり・主品目］　もも　皮なし　焼き,68.1,25.5,5.7,(0),1.2,145,7,220,81,380,29,0.9,2.6,0.06,0.01,-,-,13,0,0.3,0.14,0.23,6.7,0.37,0.4,10,1.33,"{""baseName"":""にわとり"",""part"":""もも"",""formModifiers"":[""皮なし""],""state"":""焼き"",""notes"":[""鳥肉類"",""若どり・主品目""]}",鶏もも（皮なし・焼き）は良質なタンパクと適度な脂質で使いやすい,10,1,1,(1200),(2000),(2200),(700),(290),(990),(1000),(870),(1900),(1100),(320),(1200),(930),(1700),4.30,0.75,0.04,0.71,570,19,2,11,86,"[""もも"",""もも肉"",""鶏もも"",""鶏もも肉"",""とりもも"",""とりももにく"",""にわとり"",""鶏肉"",""チキン"",""chicken thigh"",""thigh""]",鶏もも肉,皮なし・焼き,Chicken Thigh,"Skinless, Grilled",137.7,65,98088,"Chicken, broilers or fryers, thigh, meat only, cooked, rotisserie",172388,"Chicken, broilers or fryers, thigh, meat only, cooked, roasted",0.7345866821984819,,71.8,TRUE,肉類 > 鶏肉 > 鶏もも肉
11,11227,＜鳥肉類＞　にわとり　［若どり・副品目］　ささみ　生,75.0,23.9,0.8,(0),1.2,98,4,240,40,410,32,0.3,0.6,0.03,0.01,0,22,5,0,0.7,0.09,0.11,12.0,0.62,0.2,15,2.07,"{""baseName"":""にわとり"",""part"":""ささみ"",""state"":""生"",""notes"":[""鳥肉類"",""若どり・副品目""]}",鶏ささみは低脂肪で良質なタンパク源、犬の理想的な素材,10,1,1,1200,1900,2200,670,270,930,940,840,1800,1100,290,1200,770,1600,0.52,0.13,0.02,0.11,75,4,2,6,21,"[""ささみ"",""ササミ"",""笹身"",""鶏ささみ"",""鶏ササミ"",""とりささみ"",""にわとり"",""鶏肉"",""チキン"",""chicken tenderloin"",""chicken tender""]",鶏ささみ,生,Chicken Tenderloin,Raw,90.45,66,05011,"Chicken, broilers or fryers, meat only, raw",171077,"Chicken, broiler or fryers, breast, skinless, boneless, meat only, raw",2.3989636989496965,,82.1,TRUE,肉類 > 鶏肉 > 鶏ささみ
11,11229,＜鳥肉類＞　にわとり　［若どり・副品目］　ささみ　ゆで,69.2,29.6,1.0,(0),1.2,121,5,240,38,360,34,0.3,0.8,0.03,0.01,-,-,4,0,0.1,0.09,0.13,11.0,0.63,0.2,11,1.72,"{""baseName"":""にわとり"",""part"":""ささみ"",""state"":""ゆで"",""notes"":[""鳥肉類"",""若どり・副品目""]}",低脂肪で消化が良い良質なタンパク源。犬のレシピに非常に適している。,10,1,1,1500,2500,2800,890,350,1200,1200,1100,2300,1500,380,1500,920,2000,0.57,0.12,0.01,0.10,75,4,1,4,17,"[""ささみ"",""ササミ"",""笹身"",""鶏ささみ"",""鶏ササミ"",""とりささみ"",""にわとり"",""鶏肉"",""チキン"",""chicken tenderloin"",""chicken tender""]",鶏ささみ,ゆで,Chicken Tenderloin,Boiled,112.1,79,05013,"Chicken, broilers and fryers, meat only, roasted",171077,"Chicken, broiler or fryers, breast, skinless, boneless, meat only, raw",1.7180108938170928,,82.1,TRUE,肉類 > 鶏肉 > 鶏ささみ
11,11228,＜鳥肉類＞　にわとり　［若どり・副品目］　ささみ　焼き,66.4,31.7,1.4,(0),1.4,132,5,310,53,520,41,0.4,0.8,0.04,0.02,-,-,4,0,0.1,0.11,0.16,18.0,0.59,0.2,13,2.37,"{""baseName"":""にわとり"",""part"":""ささみ"",""state"":""焼き"",""notes"":[""鳥肉類"",""若どり・副品目""]}",焼きささみは低脂肪で良質な蛋白源であり、犬のレシピ素材として非常に適している。,10,1,1,1600,2600,2900,900,360,1300,1300,1100,2400,1600,410,1700,1000,2100,0.80,0.18,0.02,0.16,110,5,2,7,27,"[""ささみ"",""ササミ"",""笹身"",""鶏ささみ"",""鶏ササミ"",""とりささみ"",""にわとり"",""鶏肉"",""チキン"",""chicken tenderloin"",""chicken tender""]",鶏ささみ,焼き,Chicken Tenderloin,Grilled,122.85,79,05013,"Chicken, broilers and fryers, meat only, roasted",171534,"Chicken, broiler or fryers, breast, skinless, boneless, meat only, cooked, grilled",1.3802189091600119,,111.4,TRUE,肉類 > 鶏肉 > 鶏ささみ
11,11298,＜鳥肉類＞　にわとり　［若どり・副品目］　ささみ　ソテー,57.3,36.1,5.4,(0),1.8,186,5,340,61,630,44,0.4,1.0,0.03,0.01,(0),33,8,(0),1.8,0.10,0.18,18.0,0.65,0.2,19,2.95,"{""baseName"":""にわとり"",""part"":""ささみ"",""state"":""ソテー"",""notes"":[""鳥肉類"",""若どり・副品目""]}",鶏ささみ（ソテー）は低脂肪で良質なたんぱく源、加熱済みで非常に適切,10,1,1,1800,3000,3300,1000,410,1400,1500,1300,2800,1800,450,1900,1200,2400,4.41,1.22,0.30,0.91,830,270,4,15,49,"[""ささみ"",""ササミ"",""笹身"",""鶏ささみ"",""鶏ササミ"",""とりささみ"",""にわとり"",""鶏肉"",""チキン"",""chicken tenderloin"",""chicken tender""]",鶏ささみ,ソテー,Chicken Tenderloin,Sautéed,172.25,79,05013,"Chicken, broilers and fryers, meat only, roasted",171534,"Chicken, broiler or fryers, breast, skinless, boneless, meat only, cooked, grilled",0.6888065059736689,,111.4,TRUE,肉類 > 鶏肉 > 鶏ささみ
11,11230,＜鳥肉類＞　にわとり　［二次品目］　ひき肉　生,70.2,17.5,12.0,(0),0.8,171,8,110,55,250,24,0.8,1.1,0.04,0.01,2,17,37,0.1,0.9,0.09,0.17,5.9,0.52,0.3,10,1.40,"{""baseName"":""にわとり"",""variety"":""ひき肉"",""state"":""生"",""notes"":[""鳥肉類"",""二次品目""]}",鶏ひき肉は消化しやすく良質なたんぱく源で犬のレシピに適した素材である,9,1,1,760,1300,1500,450,200,640,670,590,1300,800,200,830,710,1200,10.48,1.90,0.13,1.77,1600,100,0,10,81,"[""ひき肉"",""挽肉"",""ひきにく"",""ミンチ"",""鶏ひき肉"",""鶏ミンチ"",""とりひき"",""にわとり"",""鶏肉"",""チキン"",""minced chicken"",""ground chicken"",""chicken mince""]",鶏ひき肉,生,Ground Chicken,Raw,163.25,66,05011,"Chicken, broilers or fryers, meat only, raw",171116,"Chicken, ground, raw",0.9495827017667513,,58.8,TRUE,肉類 > 鶏肉 > 鶏肉（一般）
11,11291,＜鳥肉類＞　にわとり　［二次品目］　ひき肉　焼き,57.1,27.5,14.8,(0),1.3,235,19,170,85,400,37,1.4,1.8,0.05,0.02,5,27,47,0.2,1.3,0.14,0.26,9.3,0.61,0.4,13,2.00,"{""baseName"":""にわとり"",""variety"":""ひき肉"",""state"":""焼き"",""notes"":[""鳥肉類"",""二次品目""]}",焼きの鶏ひき肉は調理済みで使いやすく良質なたんぱく源として犬に適している,10,1,1,1200,2100,2300,710,300,1000,1100,940,2000,1300,320,1300,1100,1800,13.09,2.29,0.16,2.13,1900,120,5,11,97,"[""ひき肉"",""挽肉"",""ひきにく"",""ミンチ"",""鶏ひき肉"",""鶏ミンチ"",""とりひき"",""にわとり"",""鶏肉"",""チキン"",""minced chicken"",""ground chicken"",""chicken mince""]",鶏ひき肉,焼き,Ground Chicken,Grilled,222.05,79,05013,"Chicken, broilers and fryers, meat only, roasted",171117,,,,59,TRUE,肉類 > 鶏肉 > 鶏肉（一般）
11,11231,＜鳥肉類＞　にわとり　［副品目］　心臓　生,69.0,14.5,15.5,(0),1.0,186,5,170,85,240,15,5.1,2.3,0.32,-,-,-,700,0.4,1.0,0.22,1.10,6.0,0.21,1.7,43,4.41,"{""baseName"":""にわとり"",""part"":""心臓"",""state"":""生"",""notes"":[""鳥肉類"",""副品目""]}",鶏の心臓は動物性タンパクと微量栄養素が豊富で、素材として利用価値が高い部位であるため,9,1,1,680,1200,1200,370,250,610,620,530,1200,670,200,820,380,970,12.58,2.27,0.19,2.07,1900,82,39,31,150,"[""鶏心臓"",""鶏ハツ"",""鶏はつ"",""はつ"",""ハツ"",""にわとり"",""ニワトリ"",""鶏"",""chicken heart"",""chicken""]",鶏ハツ,,Chicken Heart,,182.5,,,,172527,"Lamb, variety meats and by-products, heart, raw",0.9992346053819775,,,TRUE,肉類 > 鶏肉 > 鶏ハツ
11,11232,＜鳥肉類＞　にわとり　［副品目］　肝臓　生,75.7,18.9,3.1,(0),1.7,100,5,300,85,330,19,9.0,3.3,0.32,0.33,1,60,14000,0.2,0.4,0.38,1.80,4.5,0.65,44.0,1300,10.00,"{""baseName"":""にわとり"",""part"":""肝臓"",""state"":""生"",""notes"":[""鳥肉類"",""副品目""]}",鶏肝は栄養価が高く良質な動物性素材で犬のレシピに適している。,9,1,1,880,1700,1400,470,300,770,920,740,1700,950,270,1100,540,1200,1.79,0.63,0.25,0.38,240,4,38,180,120,"[""鶏肝臓"",""鶏レバー"",""レバー"",""きも"",""キモ"",""にわとり"",""ニワトリ"",""鶏"",""chicken liver"",""chicken liver liver""]",鶏レバー,,Chicken Liver,,94.6,190,05027,"Chicken, liver, all classes, raw",,,,,,TRUE,肉類 > 鶏肉 > 鶏レバー
11,11233,＜鳥肉類＞　にわとり　［副品目］　すなぎも　生,79.0,18.3,1.8,(0),0.9,86,7,140,55,230,14,2.5,2.8,0.10,-,-,-,4,0,0.3,0.06,0.26,3.9,0.04,1.7,36,1.30,"{""baseName"":""にわとり"",""variety"":""すなぎも"",""state"":""生"",""notes"":[""鳥肉類"",""副品目""]}",砂肝は良好なタンパク・ミネラル源の内臓で、加熱して与えると良い。,9,1,1,790,1400,1200,480,240,720,680,600,1300,800,170,870,400,1400,1.13,0.24,0.04,0.20,160,5,5,18,29,"[""砂肝"",""すなぎも"",""スナギモ"",""砂ずり"",""鶏砂肝"",""にわとり"",""ニワトリ"",""鶏"",""gizzard"",""chicken gizzard""]",砂肝,,Chicken Gizzard,,79.35,,,,171456,"Chicken, gizzard, all classes, raw",0.8111010795816017,,,TRUE,肉類 > 鶏肉 > 鶏砂肝
11,11235,＜鳥肉類＞　にわとり　［副品目］　皮　もも　生,41.6,6.6,51.6,(0),0.2,474,6,34,23,33,6,0.3,0.4,0.02,0.01,1,9,120,0.3,0.2,0.01,0.05,3.0,0.04,0.3,2,0.25,"{""baseName"":""にわとり"",""variety"":""皮"",""part"":""もも"",""state"":""生"",""notes"":[""鳥肉類"",""副品目""]}",鶏もも皮は高脂肪でエネルギー源になるが脂質が多いため使用量に注意が必要,7,1,1,170,320,330,100,50,150,190,130,320,210,30,230,170,450,48.07,6.54,0.29,6.25,6000,290,0,0,110,"[""鶏皮"",""鶏の皮"",""とりかわ"",""トリカワ"",""鶏もも皮"",""もも皮"",""にわとり"",""ニワトリ"",""鶏"",""chicken skin""]",鶏皮,,Chicken Skin,,461.7,46,98087,"Chicken, broilers or fryers, skin only, cooked, rotisserie",171468,"Chicken, broilers or fryers, separable fat, raw",1.9496876297775847,,15.7,FALSE,
11,11236,＜鳥肉類＞　にわとり　［副品目］　なんこつ（胸肉）　生,85.0,12.5,0.4,(0),1.7,54,47,78,390,170,15,0.3,0.3,0.03,0.02,-,-,1,0,Tr,0.03,0.03,3.6,0.03,0.1,5,0.64,"{""baseName"":""にわとり"",""variety"":""なんこつ（胸肉）"",""state"":""生"",""notes"":[""鳥肉類"",""副品目""]}",鶏なんこつ（胸肉）は副部位だが動物性たんぱく源として利用可能,8,0,1,,,,,,,,,,,,,,,0.24,0.03,Tr,0.03,21,1,0,Tr,3,"[""鶏軟骨"",""なんこつ"",""ナンコツ"",""軟骨"",""鶏なんこつ"",""胸肉"",""むねにく"",""むね肉"",""にわとり"",""chicken cartilage"",""chicken breast""]",鶏軟骨,,Chicken Cartilage,,48.55,,,,172963,"Chicken breast, oven-roasted, fat-free, sliced",1.1227117918201284,,,TRUE,肉類 > 鶏肉 > 鶏ナンコツ
11,11293,＜鳥肉類＞　にわとり　［その他］　つくね,57.9,15.2,15.2,(1.9),2.4,235,33,170,720,260,25,1.1,1.4,0.07,0.21,38,16,38,0.4,1.0,0.11,0.18,3.8,0.16,0.3,18,0.74,"{""baseName"":""にわとり"",""variety"":""つくね"",""notes"":[""鳥肉類"",""その他""]}",つくねは鶏肉ベースの加工品でタンパク源として使えるが、調味料の有無に注意が必要である。,7,1,1,710,1200,1200,340,170,510,640,460,1100,710,170,780,550,990,14.11,3.00,0.29,2.71,2600,260,4,15,66,"[""つくね"",""ツクネ"",""鶏つくね"",""つくね串"",""つくね団子"",""鶏"",""にわとり"",""meatball"",""tsukune""]",つくね,,Tsukune,,214.95,66,05011,"Chicken, broilers or fryers, meat only, raw",171513,"Chicken patty, frozen, cooked",0.9385152475298106,,33.8,FALSE,
11,11238,＜鳥肉類＞　はと　肉　皮なし　生,71.5,21.8,5.1,(0),1.3,131,3,260,88,380,28,4.4,0.6,0.17,0.04,-,-,16,0.2,0.3,0.32,1.89,9.9,0.53,2.0,2,4.48,"{""baseName"":""はと"",""variety"":""肉"",""formModifiers"":[""皮なし""],""state"":""生"",""notes"":[""鳥肉類""]}",鳩肉は良質な動物性タンパク源で、犬のレシピ素材として適している,9,1,1,(1200),(1900),(1900),(690),(380),(1100),(950),(1000),(2000),(1100),(340),(1200),(830),(1400),4.23,1.09,0.05,1.04,800,10,4,11,180,"[""鳩肉"",""はと"",""ハト"",""はとの肉"",""鳩"",""pigeon"",""dove"",""pigeon meat""]",鳩肉,,Pigeon Meat,,120.7,,,,174474,"Pheasant, breast, meat only, raw",1.5463595383301998,,,FALSE,
11,11240,＜鳥肉類＞　ほろほろちょう　肉　皮なし　生,75.2,22.5,1.0,(0),1.1,98,6,230,67,350,27,1.1,1.2,0.10,0.02,-,-,9,0.4,0.1,0.16,0.20,8.2,0.57,0.5,2,1.13,"{""baseName"":""ほろほろちょう"",""variety"":""肉"",""formModifiers"":[""皮なし""],""state"":""生"",""notes"":[""鳥肉類""]}",ほろほろちょうの皮なし生肉は良質なたんぱく源だが生肉取扱いの衛生管理に留意する必要がある。,9,1,1,1200,1900,2100,630,250,880,920,780,1700,1100,290,1200,1200,1500,0.66,0.26,0.02,0.24,170,5,1,11,50,"[""ほろほろちょう"",""ホロホロチョウ"",""ほろほろ鳥"",""ほろほろちょう肉"",""ほろほろちょうの肉"",""guinea fowl"",""guinea fowl meat""]",ほろほろ鳥,,Guinea Fowl,,87.95,,,,172831,"Ruffed Grouse, breast meat, skinless, raw",1.2368464117341693,,,FALSE,
11,11242,＜その他＞　かえる　肉　生,76.3,22.3,0.4,(0),0.7,92,9,140,33,230,23,0.4,1.2,0.05,0.01,-,-,0,0.9,0.1,0.04,0.13,4.1,0.22,0.9,4,0.18,"{""baseName"":""かえる"",""variety"":""肉"",""state"":""生"",""notes"":[""その他""]}",かえる肉は低脂肪でたんぱく質源として利用可能な食材だが馴染みは薄い,8,0,1,,,,,,,,,,,,,,,0.22,0.09,0.06,0.03,21,1,17,37,6,"[""蛙肉"",""かえる"",""カエル"",""かえる肉"",""カエル肉"",""frog"",""frog meat"",""frog legs""]",かえる肉,,Frog Meat,,82.5,,,,,,,,,FALSE,
11,11243,＜その他＞　すっぽん　肉　生,69.1,16.4,13.4,(0),0.6,175,18,88,69,150,10,0.9,1.6,0.04,0.02,-,-,94,3.6,1.0,0.91,0.41,3.0,0.11,1.2,16,0.20,"{""baseName"":""すっぽん"",""variety"":""肉"",""state"":""生"",""notes"":[""その他""]}",すっぽん肉は良質なたんぱく源だが生は衛生面のリスクがあるため適切に処理して使用,9,0,1,,,,,,,,,,,,,,,11.44,3.36,2.32,1.02,910,550,630,860,89,"[""すっぽん"",""スッポン"",""すっぽん肉"",""スッポン肉"",""softshell turtle"",""suppon"",""soft shelled turtle""]",すっぽん肉,,Soft‑shelled Turtle Meat,,173.05,,,,,,,,,FALSE,
11,11244,＜その他＞　はち　はちの子缶詰,44.3,16.2,7.2,(0),2.1,239,11,110,680,110,24,3.0,1.7,0.36,0.76,-,-,0,0,1.0,0.17,1.22,3.8,0.04,0.1,28,0.52,"{""baseName"":""はち"",""variety"":""はちの子缶詰"",""notes"":[""その他""]}",はちの子は昆虫由来の良質なタンパク源であり、犬の素材として利用可能（ただしアレルギーに注意）。,8,0,1,,,,,,,,,,,,,,,6.45,1.39,0.51,0.88,870,500,12,0,9,"[""はちのこ"",""蜂の子"",""蜂の子缶詰"",""はちのこ缶詰"",""はち"",""bee larvae"",""bee pupae"",""canned bee larvae""]",蜂の子缶詰,,Canned Bee Larvae,,223.6,,,,,,,,,FALSE,
12,12002,うずら卵　全卵　生,72.9,12.6,13.1,(0),1.1,157,60,220,130,150,11,3.1,1.8,0.11,0.03,140,46,350,2.5,0.9,0.14,0.72,0.1,0.13,4.7,91,0.98,"{""baseName"":""うずら卵"",""formModifiers"":[""全卵""],""state"":""生""}",うずら卵は良質なタンパク源。加熱調理でより安全に利用できる,9,1,1,690,1200,970,460,350,810,670,540,1200,760,190,870,380,760,10.20,1.61,0.33,1.27,1100,31,34,240,130,"[""うずら卵"",""うずらの卵"",""うずら"",""ウズラ"",""ウズラの卵"",""quail egg"",""quail eggs""]",うずら卵,全卵・生,Quail Egg,"Whole, Raw",156.5,,,,172191,"Egg, quail, whole, fresh, raw",0.6266632922044629,,263.4,TRUE,卵 > うずら卵
12,12003,うずら卵　水煮缶詰,73.3,11.0,14.1,(0),1.0,162,47,160,210,28,8,2.8,1.8,0.13,0.02,73,42,480,2.6,1.6,0.03,0.33,0,0.05,3.3,47,0.53,"{""baseName"":""うずら卵"",""state"":""水煮缶詰""}",うずら卵（水煮）は良質なタンパク源で犬のレシピ素材として適している,8,1,1,(580),(1000),(840),(400),(300),(700),(580),(460),(1000),(620),(160),(740),(330),(650),11.39,1.79,0.35,1.45,1200,35,28,260,160,"[""うずら卵缶詰"",""うずら缶詰"",""うずら卵"",""うずら"",""ウズラ"",""quail egg canned"",""canned quail eggs""]",うずら卵缶詰,,Canned Quail Eggs,,160.45,,,,173424,"Egg, whole, cooked, hard-boiled",1.551081057158288,,293.8,FALSE,
12,12004,鶏卵　全卵　生,75.0,12.2,10.2,0,1.0,142,46,170,140,130,10,1.5,1.1,0.05,0.02,33,24,210,3.8,1.3,0.06,0.37,0.1,0.09,1.1,49,1.16,"{""baseName"":""鶏卵"",""formModifiers"":[""全卵""],""state"":""生""}",全卵は良質なタンパク源で犬のレシピ素材として適している,9,1,1,660,1100,940,410,300,710,660,590,1300,640,190,820,340,840,8.87,1.43,0.11,1.32,1100,29,1,72,170,"[""鶏卵"",""卵"",""たまご"",""玉子"",""とりたまご"",""にわとり"",""ニワトリ"",""chicken egg"",""egg""]",鶏卵,全卵・生,Chicken Egg,"Whole, Raw",135,250,01123,"Egg, whole, raw, fresh",171287,"Egg, whole, raw, fresh",0.6374527406299518,,293.8,TRUE,卵 > 卵
12,12005,鶏卵　全卵　ゆで,76.7,12.5,10.4,0,1.0,134,47,170,140,130,11,1.5,1.1,0.05,0.03,20,25,160,2.5,1.2,0.06,0.32,0.1,0.09,1.0,48,1.18,"{""baseName"":""鶏卵"",""formModifiers"":[""全卵""],""state"":""ゆで""}",ゆで全卵は良質なタンパク質と脂質を含む安全な食材,9,1,1,670,1100,920,430,280,710,670,580,1300,640,190,840,350,820,8.58,1.40,0.10,1.29,1000,29,1,68,160,"[""ゆで卵"",""ゆでたまご"",""茹で卵"",""茹でたまご"",""鶏卵"",""卵"",""boiled egg"",""hard boiled egg""]",ゆで卵,,Boiled Egg,,132.15,230,01129,"Egg, whole, cooked, hard boiled",173424,"Egg, whole, cooked, hard-boiled",0.7490412502534758,,293.8,TRUE,卵 > 卵
12,12006,鶏卵　全卵　ポーチドエッグ,74.9,12.3,11.7,(0),0.9,145,55,200,110,100,11,2.2,1.5,0.09,0.03,-,-,160,0.9,1.0,0.06,0.40,0.1,0.08,1.1,46,1.45,"{""baseName"":""鶏卵"",""variety"":""ポーチドエッグ"",""formModifiers"":[""全卵""]}",ポーチドエッグは良質なたんぱくと脂質を含む優れた素材で犬のレシピに適している,9,1,1,(610),(1000),(890),(390),(300),(690),(630),(550),(1200),(580),(180),(760),(310),(780),9.24,1.86,0.18,1.68,1500,49,0,130,170,"[""ポーチドエッグ"",""ポーチドエッグ卵"",""鶏卵"",""poached egg"",""poached eggs"",""ポーチド""]",ポーチドエッグ,,Poached Egg,,143.2,230,01129,"Egg, whole, cooked, hard boiled",172186,"Egg, whole, cooked, poached",0.6801559480098096,,234.1,TRUE,卵 > 卵
12,12021,鶏卵　全卵　目玉焼き,67.0,14.8,17.6,0,1.0,205,60,230,180,150,14,2.1,1.4,0.06,0.04,25,35,200,3.9,2.1,0.07,0.41,0.1,0.11,1.2,58,1.29,"{""baseName"":""鶏卵"",""variety"":""目玉焼き"",""formModifiers"":[""全卵""]}",加熱した卵は良質なたんぱく源で犬の素材として適している（調理油に注意）。,9,1,1,520,1300,1000,470,320,790,770,660,1400,740,220,970,390,940,14.78,3.08,0.58,2.50,2200,490,1,76,190,"[""目玉焼き"",""めだまやき"",""メダマヤキ"",""鶏卵"",""fried egg"",""sunny side up"",""目玉焼""]",目玉焼き,,Fried Egg,Sunny‑side Up,201.4,270,01128,"Egg, whole, cooked, fried",173423,"Egg, whole, cooked, fried",0.5146979738962077,,317.1,TRUE,卵 > 卵
12,12022,鶏卵　全卵　いり,70.0,13.3,16.7,0,0.9,190,58,200,160,140,13,1.8,1.4,0.05,0.03,22,31,180,4.7,2.4,0.07,0.42,0.1,0.11,1.1,48,1.16,"{""baseName"":""鶏卵"",""formModifiers"":[""全卵""],""state"":""いり""}",加熱した全卵（いり）は良質なたんぱく源で犬に適している,9,1,1,520,1200,1000,450,320,760,730,630,1400,710,210,930,360,900,13.95,2.95,0.57,2.38,2100,480,0,84,180,"[""炒り卵"",""いり卵"",""いりたまご"",""炒りたまご"",""スクランブルエッグ"",""scrambled egg"",""scrambled eggs"",""鶏卵""]",炒り卵,,Scrambled Egg,,188.5,270,01128,"Egg, whole, cooked, fried",172187,"Egg, whole, cooked, scrambled",0.8031490456774832,,221,TRUE,卵 > 卵
12,12023,鶏卵　全卵　素揚げ,54.8,14.3,31.9,0,0.9,321,58,220,180,160,13,2.0,1.4,0.06,0.04,23,38,200,4.5,5.7,0.08,0.43,0.1,0.08,1.2,54,1.09,"{""baseName"":""鶏卵"",""formModifiers"":[""全卵""],""state"":""素揚げ""}",卵は良質なタンパク質だが、素揚げは脂質が増える点に留意,8,1,1,500,1300,990,470,320,790,800,670,1500,750,210,990,410,910,28.56,6.89,1.78,5.12,4800,1700,0,77,200,"[""素揚げ卵"",""素揚げ"",""揚げ卵"",""fried egg whole"",""鶏卵"",""deep fried egg""]",素揚げ卵,,Deep‑fried Egg,,321.2,270,01128,"Egg, whole, cooked, fried",173423,"Egg, whole, cooked, fried",0.7446034037281163,,317.1,TRUE,卵 > 卵
12,12007,鶏卵　全卵　水煮缶詰,77.5,10.8,10.6,(0),1.1,131,40,150,310,25,8,1.7,1.2,0.09,0.01,-,-,85,0.7,1.1,0.02,0.31,Tr,0.03,0.9,23,0.30,"{""baseName"":""鶏卵"",""formModifiers"":[""全卵""],""state"":""水煮缶詰""}",全卵の水煮缶詰は良質なたんぱく質と脂質を含み、犬の素材として適している。,9,1,1,(530),(900),(780),(340),(260),(610),(560),(480),(1000),(510),(150),(670),(270),(680),8.70,1.68,0.18,1.50,1300,34,5,130,180,"[""鶏卵缶詰"",""卵缶詰"",""鶏卵"",""卵"",""缶詰"",""canned eggs"",""canned chicken egg""]",鶏卵缶詰,,Canned Eggs,,127.9,,,,173424,,,,293.8,TRUE,卵 > 卵
12,12008,鶏卵　全卵　加糖全卵,58.2,9.8,10.6,(0),0.7,199,44,160,100,95,10,1.5,1.0,0.04,0.02,44,18,130,0.6,0.9,0.06,0.38,0.1,0.06,0.6,61,1.33,"{""baseName"":""鶏卵"",""variety"":""加糖全卵"",""formModifiers"":[""全卵""]}",加糖全卵は卵そのものは良質なタンパク源だが糖分が加わった加工品である点を考慮する必要がある。,9,1,1,(480),(820),(710),(310),(240),(550),(500),(440),(940),(460),(140),(610),(240),(620),8.53,1.40,0.09,1.30,1100,24,Tr,61,170,"[""鶏卵"",""けいらん"",""ケイラン"",""卵"",""たまご"",""タマゴ"",""玉子"",""鶏たまご"",""egg"",""全卵"",""ぜんらん"",""加糖全卵"",""加糖卵""]",全卵,加糖,Whole Egg,Sweetened,196.85,250,01123,"Egg, whole, raw, fresh",171287,"Egg, whole, raw, fresh",0.7663066357137734,,293.8,TRUE,卵 > 卵
12,12009,鶏卵　全卵　乾燥全卵,4.5,49.1,42.0,(0),4.2,542,210,700,490,560,35,3.0,2.0,0.15,0.08,-,-,420,3.3,6.6,0.29,1.24,0.2,0.21,2.7,180,0.13,"{""baseName"":""鶏卵"",""variety"":""乾燥全卵"",""formModifiers"":[""全卵""]}",乾燥全卵は良質なタンパク源で調理素材として優れている,9,1,1,(2400),(4100),(3500),(1600),(1200),(2800),(2500),(2200),(4700),(2300),(700),(3000),(1200),(3100),(33.73),(6.12),(0.29),(5.84),(4800),(90),(0),(160),(700),"[""鶏卵"",""けいらん"",""ケイラン"",""卵"",""たまご"",""玉子"",""egg"",""全卵"",""乾燥全卵"",""乾燥卵"",""粉末卵"",""卵パウダー"",""powdered egg""]",全卵,乾燥,Whole Egg,Dried,529.55,250,01123,"Egg, whole, raw, fresh",172202,,,,268.3,TRUE,卵 > 卵
12,12010,鶏卵　卵黄　生,49.6,16.5,34.3,0,1.7,336,140,540,53,100,11,4.8,3.6,0.13,0.08,110,47,690,12.0,4.5,0.21,0.45,0,0.31,3.5,150,3.60,"{""baseName"":""鶏卵"",""formModifiers"":[""卵黄""],""state"":""生""}",栄養価の高い食材で良質な脂溶性栄養素を含むが、生は衛生面の注意が必要。,8,1,1,830,1400,1200,390,300,690,680,760,1400,850,230,950,430,1200,26.93,4.54,0.35,4.19,3400,97,3,230,520,"[""鶏卵"",""卵黄"",""らんおう"",""ランオウ"",""黄身"",""きみ"",""キミ"",""egg yolk"",""yolk""]",卵黄,生,Egg Yolk,Raw,349.3,680,01125,"Egg, yolk, raw, fresh",172184,"Egg, yolk, raw, fresh",0.8978745083889406,,820.2,TRUE,卵 > 卵黄
12,12011,鶏卵　卵黄　ゆで,50.3,16.1,34.1,0,1.7,330,140,530,58,87,12,4.7,3.3,0.14,0.07,200,36,520,7.1,3.6,0.16,0.43,0,0.29,3.1,140,2.70,"{""baseName"":""鶏卵"",""formModifiers"":[""卵黄""],""state"":""ゆで""}",ゆで卵黄は加熱済みで良質な脂質と栄養を含み素材として適切,9,1,1,810,1400,1200,380,290,670,660,730,1400,820,220,930,430,1100,26.40,4.45,0.33,4.13,3300,91,3,210,510,"[""鶏卵"",""卵黄"",""らんおう"",""ランオウ"",""黄身"",""きみ"",""egg yolk"",""yolk""]",卵黄,ゆで,Egg Yolk,Boiled,346.2,680,01125,"Egg, yolk, raw, fresh",172184,"Egg, yolk, raw, fresh",0.8916587055014369,,820.2,TRUE,卵 > 卵黄
12,12012,鶏卵　卵黄　加糖卵黄,42.0,12.1,23.9,(0),1.3,327,110,400,38,80,12,2.0,1.2,0.05,0.05,50,34,390,2,3.3,0.42,0.82,Tr,0.15,1.6,99,1.85,"{""baseName"":""鶏卵"",""variety"":""加糖卵黄"",""formModifiers"":[""卵黄""]}",卵黄は栄養価が高いため素材として適しているが、生由来の衛生リスクに留意,8,1,1,(580),(1000),(910),(290),(210),(500),(480),(540),(1000),(580),(160),(660),(310),(850),19.16,3.63,0.28,3.36,2800,63,3,190,390,"[""鶏卵"",""卵黄"",""らんおう"",""ランオウ"",""黄身"",""きみ"",""加糖卵黄"",""加糖黄身"",""sweetened egg yolk"",""egg yolk""]",卵黄,加糖,Egg Yolk,Sweetened,317.95,680,01125,"Egg, yolk, raw, fresh",172184,"Egg, yolk, raw, fresh",1.3846712914960067,,820.2,TRUE,卵 > 卵黄
12,12013,鶏卵　卵黄　乾燥卵黄,3.2,30.3,62.9,(0),3.4,638,280,1000,80,190,29,4.4,2.9,0.16,0.12,-,-,630,4.9,9.9,0.42,0.82,Tr,0.31,3.8,250,0.18,"{""baseName"":""鶏卵"",""variety"":""乾燥卵黄"",""formModifiers"":[""卵黄""]}",卵黄は良質な脂質・タンパク源で犬のレシピ素材として適している,9,1,1,(1500),(2500),(2300),(730),(530),(1300),(1200),(1400),(2600),(1500),(390),(1600),(780),(2100),50.53,9.17,0.43,8.74,7100,130,0,240,1100,"[""鶏卵"",""卵黄"",""らんおう"",""ランオウ"",""乾燥卵黄"",""乾燥黄身"",""粉末卵黄"",""powdered egg yolk"",""dried egg yolk""]",卵黄,乾燥,Egg Yolk,Dried,641.4,680,01125,"Egg, yolk, raw, fresh",173421,"Egg, yolk, raw, frozen, pasteurized",1.3823454462199616,,639.3,TRUE,卵 > 卵黄
12,12015,鶏卵　卵白　ゆで,87.9,10.5,0.1,0,0.7,46,6,12,170,140,11,Tr,0,0.02,0,4,15,0,0,0,0.02,0.26,0.1,0,0.1,0,0.33,"{""baseName"":""鶏卵"",""formModifiers"":[""卵白""],""state"":""ゆで""}",ゆで卵白。加熱済みで消化しやすく良質なたんぱく源として適している。,9,1,1,590,940,760,430,270,700,660,490,1200,530,170,770,300,640,0.04,0.01,0,0.01,5,0,0,Tr,Tr,"[""鶏卵"",""卵白"",""らんぱく"",""ランパク"",""白身"",""しろみ"",""シロミ"",""egg white"",""albumen""]",卵白,ゆで,Egg White,Boiled,40.4,1.1,01124,"Egg, white, raw, fresh",172183,"Egg, white, raw, fresh",1.3031532200336764,,1.1,TRUE,卵 > 卵白
12,12016,鶏卵　卵白　乾燥卵白,7.1,86.5,0.4,(0),5.8,350,60,110,1300,1300,48,0.1,0.2,0.14,0.01,-,-,(0),0,0.1,0.03,2.09,0.7,0.02,0.3,43,0.04,"{""baseName"":""鶏卵"",""variety"":""乾燥卵白"",""formModifiers"":[""卵白""]}",乾燥卵白は良質な蛋白源で、加工形態としてレシピ素材に適している,9,1,1,(4400),(7300),(6100),(3200),(2500),(5700),(5100),(3900),(9000),(4000),(1300),(5800),(2100),(5000),0.30,0.05,Tr,0.05,39,1,Tr,3,7,"[""鶏卵"",""卵白"",""らんぱく"",""ランパク"",""乾燥卵白"",""粉末卵白"",""卵白パウダー"",""powdered egg white"",""dried egg white""]",卵白,乾燥,Egg White,Dried,306.85,1.1,01124,"Egg, white, raw, fresh",172204,"Egg, white, dried",1.73027813434331,,8.4,TRUE,卵 > 卵白
12,12017,鶏卵　たまご豆腐,(85.2),(6.5),(5.3),0,(1.4),76,(26),(95),(390),(99),(8),(0.8),(0.6),(0.03),(0.02),(770),(15),(83),(0.6),(0.6),(0.04),(0.17),(0.5),(0.05),(0.7),(25),(0.62),"{""baseName"":""鶏卵"",""variety"":""たまご豆腐""}",卵を主体としたたまご豆腐は良質なタンパク源で犬の素材として適している,9,0,1,,,,,,,,,,,,,,,(4.34),(0.71),(0.05),(0.65),(530),(15),(Tr),(34),(82),"[""鶏卵"",""たまご豆腐"",""卵豆腐"",""たまごとうふ"",""egg tofu"",""tamago tofu""]",たまご豆腐,,Egg Tofu,,350,,,,172185,"Egg, whole, cooked, omelet",2.655145440585022,,247.6,TRUE,卵 > 卵
12,12018,鶏卵　たまご焼　厚焼きたまご,(71.9),(10.5),(9.2),0,(1.8),146,(41),(150),(450),(130),(11),(1.3),(0.9),(0.05),(0.03),(540),(22),(140),(2.1),(1.1),(0.06),(0.27),(0.4),(0.08),(1.0),(40),(0.99),"{""baseName"":""鶏卵"",""variety"":""たまご焼 厚焼きたまご""}",厚焼きたまごは卵由来の良質タンパクで利用しやすい加工卵食品。,8,0,1,,,,,,,,,,,,,,,(7.71),(1.42),(0.13),(1.29),(1100),(67),(1),(56),(130),"[""鶏卵"",""たまご焼"",""たまご焼き"",""玉子焼"",""玉子焼き"",""厚焼きたまご"",""厚焼き玉子"",""tamagoyaki"",""厚焼き""]",厚焼き玉子,,Thick Tamagoyaki,,350,270,01128,"Egg, whole, cooked, fried",172185,"Egg, whole, cooked, omelet",1.1203727994352137,,247.6,TRUE,卵 > 卵
12,12019,鶏卵　たまご焼　だし巻きたまご,(77.5),(11.0),(9.2),0,(1.8),123,(42),(160),(470),(130),(11),(1.3),(1.0),(0.05),(0.03),(450),(23),(140),(2.2),(1.1),(0.06),(0.28),(0.3),(0.09),(1.0),(42),(1.03),"{""baseName"":""鶏卵"",""variety"":""たまご焼 だし巻きたまご""}",卵は良質な蛋白源で、加熱された卵焼きは犬のレシピ素材として適している,9,0,1,,,,,,,,,,,,,,,(7.63),(1.30),(0.11),(1.20),(980),(41),(1),(59),(140),"[""鶏卵"",""だし巻きたまご"",""だしまきたまご"",""出し巻き卵"",""出し巻きたまご"",""dashimaki"",""dashimaki tamago"",""だし巻き""]",だし巻き卵,,Dashimaki Tamago,,350,270,01128,"Egg, whole, cooked, fried",172185,"Egg, whole, cooked, omelet",1.0356440416309372,,247.6,TRUE,卵 > 卵
13,13003,＜牛乳及び乳製品＞　（液状乳類）　普通牛乳,87.4,3.3,3.8,(0),0.7,61,110,93,41,150,10,0.02,0.4,0.01,Tr,16,3,38,0.3,0.1,0.04,0.15,0.1,0.03,0.3,5,0.55,"{""baseName"":""普通牛乳"",""notes"":[""牛乳及び乳製品"",""液状乳類""]}",牛乳はカルシウムなどを含む乳製品として利用可能だが乳糖に対する個体差に配慮が必要,7,1,1,170,320,270,80,26,110,160,160,320,150,46,210,93,110,3.32,0.12,0.02,0.10,88,13,1,Tr,6,"[""牛乳"",""ぎゅうにゅう"",""ギュウニュウ"",""ミルク"",""milk"",""普通牛乳""]",牛乳,普通,Milk,Regular,60.65,14,01077,"Milk, whole, 3.25% milkfat",172217,"Milk, whole, 3.25% milkfat, without added vitamin A and vitamin D",0.5812895276228658,,14.3,TRUE,乳製品・卵製品 > 牛乳
13,13009,＜牛乳及び乳製品＞　（粉乳類）　全粉乳,3.0,25.5,26.2,(0),6.0,490,890,730,430,1800,92,0.4,2.5,0.04,0.02,-,-,170,0.2,0.6,0.25,1.10,0.8,0.13,1.6,2,3.59,"{""baseName"":""全粉乳"",""notes"":[""牛乳及び乳製品"",""粉乳類""]}",全粉乳は乳製品として栄養価が高く素材として使いやすいが、乳糖不耐症の犬には注意。,8,1,1,(1300),(2500),(2100),(620),(200),(820),(1200),(1200),(2500),(1200),(350),(1600),(720),(870),24.17,0.72,0.06,0.66,600,60,-,-,35,"[""全粉乳"",""ぜんふんにゅう"",""ゼンフンニュウ"",""粉乳"",""ミルクパウダー"",""milk powder"",""whole milk powder""]",全粉乳,,Whole Milk Powder,,449.5,,,,173454,"Milk, dry, whole, without added vitamin D",0.4678640621837019,,117.4,TRUE,乳製品・卵製品 > 全粉乳
13,13011,＜牛乳及び乳製品＞　（粉乳類）　乳児用調製粉乳,2.6,12.4,26.8,(0),2.3,510,370,220,140,500,40,6.5,2.8,0.34,0.05,41,8,560,9.3,5.5,0.41,0.72,5.4,0.35,1.6,82,2.20,"{""baseName"":""乳児用調製粉乳"",""notes"":[""牛乳及び乳製品"",""粉乳類""]}",乳製品で栄養源になるが、一部の犬は乳糖不耐で消化不良を起こすことがあるため注意が必要。,7,1,1,730,1200,980,300,220,510,510,400,910,690,160,790,300,350,24.78,5.07,0.38,4.69,4700,380,-,-,0,"[""乳児用調製粉乳"",""乳児用粉ミルク"",""粉ミルク"",""粉ミルク乳児"",""infant formula"",""baby formula""]",粉ミルク,乳児用,Infant Formula,,466.85,130,98082,"Infant formula, dry powder",,,,,,TRUE,乳製品・卵製品 > 乳児用調製粉乳
13,13025,＜牛乳及び乳製品＞　（発酵乳・乳酸菌飲料）　ヨーグルト　全脂無糖,87.7,3.6,3.0,(0),0.8,56,120,100,48,170,12,Tr,0.4,0.01,Tr,17,3,33,0,0.1,0.04,0.14,0.1,0.04,0.1,11,0.49,"{""baseName"":""ヨーグルト"",""variety"":""全脂無糖"",""notes"":[""牛乳及び乳製品"",""発酵乳・乳酸菌飲料""]}",無糖の全脂ヨーグルトは乳製品で一般には利用可能だが、乳糖不耐症の個体に注意,8,1,1,200,350,300,90,36,130,170,170,340,160,48,240,100,120,2.64,0.10,0.01,0.08,75,10,1,Tr,5,"[""ヨーグルト"",""よーぐると"",""ヨーグルト無糖"",""無糖ヨーグルト"",""全脂ヨーグルト"",""plain yogurt"",""yogurt""]",ヨーグルト,全脂無糖,Yogurt,"Whole, Unsweetened",55.25,15,01117,"Yogurt, plain, low fat, 12 grams protein per 8 ounce",171284,"Yogurt, plain, whole milk",0.6121862321771219,,15.2,TRUE,乳製品・卵製品 > ヨーグルト
13,13053,＜牛乳及び乳製品＞　（発酵乳・乳酸菌飲料）　ヨーグルト　低脂肪無糖,89.2,3.7,1.0,(0),0.8,40,130,100,48,180,13,Tr,0.5,0.01,0,14,2,12,0,0,0.04,0.19,0.1,0.04,0.1,15,0.41,"{""baseName"":""ヨーグルト"",""variety"":""低脂肪無糖"",""notes"":[""牛乳及び乳製品"",""発酵乳・乳酸菌飲料""]}",低脂肪無糖ヨーグルトは乳酸菌を含み消化に好影響を与える場合がある。,9,1,1,190,360,300,90,30,120,180,190,370,180,52,240,110,130,0.83,0.03,Tr,0.02,18,4,1,0,1,"[""ヨーグルト"",""低脂肪ヨーグルト"",""低脂肪無糖ヨーグルト"",""low fat yogurt"",""無糖ヨーグルト"",""yogurt""]",ヨーグルト,低脂肪無糖,Yogurt,"Low-fat, Unsweetened",40,15,01117,"Yogurt, plain, low fat, 12 grams protein per 8 ounce",170904,"Kefir, lowfat, plain, LIFEWAY",0.6419531496671419,,15.2,TRUE,乳製品・卵製品 > ヨーグルト
13,13054,＜牛乳及び乳製品＞　（発酵乳・乳酸菌飲料）　ヨーグルト　無脂肪無糖,89.1,4.0,0.3,(0),0.8,37,140,110,54,180,13,Tr,0.4,0,0,16,3,3,0,0,0.04,0.17,0.1,0.04,0.2,16,0.35,"{""baseName"":""ヨーグルト"",""variety"":""無脂肪無糖"",""notes"":[""牛乳及び乳製品"",""発酵乳・乳酸菌飲料""]}",無脂肪無糖ヨーグルトは乳酸菌を含む発酵乳で犬に適した素材になり得る。,8,1,1,230,420,350,96,40,140,200,200,390,210,60,270,120,140,0.23,0.01,0,0.01,6,1,0,0,Tr,"[""ヨーグルト"",""無脂肪ヨーグルト"",""nonfat yogurt"",""fat free yogurt"",""yogurt""]",ヨーグルト,無脂肪無糖,Yogurt,"Nonfat, Unsweetened",36.85,15,01117,"Yogurt, plain, low fat, 12 grams protein per 8 ounce",171312,"Yogurt, Greek, nonfat, plain, CHOBANI",1.411136510051384,,,TRUE,乳製品・卵製品 > ヨーグルト
13,13026,＜牛乳及び乳製品＞　（発酵乳・乳酸菌飲料）　ヨーグルト　脱脂加糖,82.6,4.3,0.2,(0),1.0,65,120,100,60,150,22,0.1,0.4,0.01,0.01,14,3,(0),Tr,Tr,0.03,0.15,0.1,0.02,0.3,3,0.44,"{""baseName"":""ヨーグルト"",""variety"":""脱脂加糖"",""notes"":[""牛乳及び乳製品"",""発酵乳・乳酸菌飲料""]}",脱脂加糖ヨーグルトは乳酸菌供給源として有益だが、乳糖・加糖に対する個体差に注意が必要。,8,1,1,220,410,350,99,35,130,210,190,400,200,54,270,120,160,0.19,0.01,0,0.01,6,Tr,0,0,1,"[""ヨーグルト"",""脱脂加糖ヨーグルト"",""脱脂ヨーグルト"",""加糖ヨーグルト"",""sweetened yogurt"",""low fat yogurt"",""yogurt""]",ヨーグルト,脱脂加糖,Yogurt,"Skimmed, Sweetened",58.4,15,01117,"Yogurt, plain, low fat, 12 grams protein per 8 ounce",173445,"Yogurt, vanilla or lemon flavor, nonfat milk, sweetened with low-calorie sweetener",0.8786721717441673,,15.2,TRUE,乳製品・卵製品 > ヨーグルト
13,13029,＜牛乳及び乳製品＞　（発酵乳・乳酸菌飲料）　乳酸菌飲料　殺菌乳製品,45.5,1.5,0.1,(0),0.3,217,55,40,19,60,7,0.1,0.2,0.01,0.01,10,1,(0),Tr,Tr,0.02,0.08,0.1,Tr,Tr,Tr,0.09,"{""baseName"":""乳酸菌飲料"",""variety"":""殺菌乳製品"",""notes"":[""牛乳及び乳製品"",""発酵乳・乳酸菌飲料""]}",乳酸菌飲料は発酵乳で利用可能だが製品により成分が異なるため配慮が必要。,7,1,1,74,140,120,34,14,47,68,60,130,68,16,92,42,46,0.09,0.01,Tr,Tr,4,1,0,0,Tr,"[""乳酸菌飲料"",""乳酸菌ドリンク"",""lactic drink"",""lactic acid bacteria drink"",""乳酸飲料""]",乳酸菌飲料,殺菌乳製品,Lactic Drink,Sterilized,190.2,15,01117,"Yogurt, plain, low fat, 12 grams protein per 8 ounce",170885,"Whey, acid, fluid",2.2978912375757727,,16,TRUE,乳製品・卵製品 > 乳酸菌飲料
13,13032,＜牛乳及び乳製品＞　（チーズ類）　ナチュラルチーズ　エメンタール,33.5,27.3,33.6,(0),4.0,398,1200,720,500,110,32,0.3,4.3,0.76,0.01,-,-,200,0.1,1.3,0.02,0.48,0.1,0.07,1.0,10,0.72,"{""baseName"":""ナチュラルチーズ"",""variety"":""エメンタール"",""notes"":[""牛乳及び乳製品"",""チーズ類""]}",エメンタール等のナチュラルチーズは良質な脂質・タンパク源で一部の犬に利用される,8,1,1,(1600),(3000),(2600),(790),(290),(1100),(1700),(1700),(3400),(1100),(410),(2200),(1100),(940),27.98,0.87,0.35,0.52,470,260,26,5,28,"[""ナチュラルチーズ"",""ナチュラルチーズエメンタール"",""エメンタール"",""エメンタールチーズ"",""Emmental"",""エメンタール チーズ"",""スイスチーズ"",""natural cheese""]",エメンタール,,Emmental,,386.75,16,01040,"Cheese, swiss",171251,"Cheese, swiss",0.9518477026149503,,13.8,TRUE,乳製品・卵製品 > ナチュラルチーズ > エメンタール
13,13033,＜牛乳及び乳製品＞　（チーズ類）　ナチュラルチーズ　カテージ,79.0,13.3,4.5,(0),1.3,99,55,130,400,50,4,0.1,0.5,0.03,-,9,14,35,0,0.1,0.02,0.15,0.1,0.03,1.0,21,0.48,"{""baseName"":""ナチュラルチーズ"",""variety"":""カテージ"",""notes"":[""牛乳及び乳製品"",""チーズ類""]}",カッテージチーズは比較的乳糖が少なく使いやすい乳製品ですが、乳糖不耐の犬には注意が必要です。,7,1,1,730,1400,1200,370,70,440,730,790,1500,640,190,930,430,530,3.85,0.13,0.02,0.10,93,16,2,0,6,"[""ナチュラルチーズ"",""なちゅらるちーず"",""カッテージチーズ"",""カテージチーズ"",""かってーじちーず"",""かてーじちーず"",""チーズ"",""ちーず"",""cottage cheese"",""cheese""]",カッテージチーズ,,Cottage Cheese,,91.45,18,01012,"Cheese, cottage, creamed, large or small curd",173417,"Cheese, cottage, lowfat, 1% milkfat",0.9932640418821518,,17.5,TRUE,乳製品・卵製品 > カッテージチーズ
13,13034,＜牛乳及び乳製品＞　（チーズ類）　ナチュラルチーズ　カマンベール,51.8,19.1,24.7,(0),3.5,291,460,330,800,120,20,0.2,2.8,0.02,0.01,17,14,230,0.2,0.9,0.03,0.48,0.7,0.08,1.3,47,0.49,"{""baseName"":""ナチュラルチーズ"",""variety"":""カマンベール"",""notes"":[""牛乳及び乳製品"",""チーズ類""]}",カマンベールはタンパク質・カルシウム源になるが脂肪・塩分がやや高め,7,1,1,970,1800,1500,510,76,590,980,1100,2100,810,240,1300,600,690,21.28,0.70,0.16,0.54,480,120,12,0,32,"[""ナチュラルチーズ"",""なちゅらるちーず"",""カマンベールチーズ"",""カマンベール"",""かまんべーるちーず"",""かまんべーる"",""チーズ"",""ちーず"",""camembert"",""camembert cheese""]",カマンベールチーズ,,Camembert,,279.95,,,,172178,"Cheese, camembert",0.6989532051885913,,15.4,TRUE,乳製品・卵製品 > チーズ
13,13036,＜牛乳及び乳製品＞　（チーズ類）　ナチュラルチーズ　ゴーダ,40.0,25.8,29.0,(0),3.8,356,680,490,800,75,31,0.3,3.6,0.02,0.01,-,-,260,0,0.8,0.03,0.33,0.1,0.05,1.9,29,0.32,"{""baseName"":""ナチュラルチーズ"",""variety"":""ゴーダ"",""notes"":[""牛乳及び乳製品"",""チーズ類""]}",ナチュラルチーズは高たんぱく・高脂肪で犬に使えるが塩分・脂肪に注意が必要。,7,1,1,(1400),(2700),(2700),(740),(260),(1000),(1500),(1500),(3000),(960),(360),(1900),(1100),(1000),24.81,0.67,0.19,0.48,430,130,19,4,28,"[""ナチュラルチーズ"",""なちゅらるちーず"",""ゴーダチーズ"",""ゴーダ"",""ごーだちーず"",""ごーだ"",""チーズ"",""ちーず"",""gouda"",""gouda cheese""]",ゴーダチーズ,,Gouda Cheese,,341.7,,,,171241,"Cheese, gouda",0.45396562052170536,,15.4,TRUE,乳製品・卵製品 > チーズ
13,13037,＜牛乳及び乳製品＞　（チーズ類）　ナチュラルチーズ　チェダー,35.3,25.7,33.8,(0),3.8,390,740,500,800,85,24,0.3,4.0,0.07,-,20,12,310,0,1.6,0.04,0.45,0.1,0.07,1.9,32,0.43,"{""baseName"":""ナチュラルチーズ"",""variety"":""チェダー"",""notes"":[""牛乳及び乳製品"",""チーズ類""]}",チェダーチーズはタンパク・カルシウム源として使えるが脂肪・塩分が高め,7,1,1,1400,2500,2100,700,210,910,1400,1500,2900,980,320,1800,800,880,30.42,0.81,0.26,0.54,540,260,-,-,0,"[""ナチュラルチーズ"",""なちゅらるちーず"",""チェダーチーズ"",""チェダー"",""ちぇだーちーず"",""ちぇだー"",""チーズ"",""ちーず"",""cheddar"",""cheddar cheese""]",チェダーチーズ,,Cheddar Cheese,,382.15,17,01009,"Cheese, cheddar",173414,"Cheese, cheddar (Includes foods for USDA's Food Distribution Program)",0.7591863816603864,,16.5,TRUE,乳製品・卵製品 > チェダーチーズ
13,13038,＜牛乳及び乳製品＞　（チーズ類）　ナチュラルチーズ　パルメザン,15.4,44.0,30.8,(0),7.9,445,1300,850,1500,120,55,0.4,7.3,0.15,-,-,-,230,0.2,0.8,0.05,0.68,0.1,0.05,2.5,10,0.50,"{""baseName"":""ナチュラルチーズ"",""variety"":""パルメザン"",""notes"":[""牛乳及び乳製品"",""チーズ類""]}",パルメザンは風味付けに適したナチュラルチーズだが塩分が高めで使用量に注意,7,1,1,(2300),(4300),(3400),(1200),(140),(1300),(2400),(2700),(5000),(1700),(590),(2900),(1200),(1800),26.20,0.94,0.28,0.67,600,210,20,0,37,"[""ナチュラルチーズ"",""なちゅらるちーず"",""パルメザンチーズ"",""パルメザン"",""ぱるめざんちーず"",""ぱるめざん"",""パルミジャーノ"",""parmigiano"",""parmesan"",""cheese""]",パルメザンチーズ,,Parmesan,,422.45,,,,171247,"Cheese, parmesan, grated",1.0922682011170444,,14.1,TRUE,乳製品・卵製品 > パルメザンチーズ
13,13056,＜牛乳及び乳製品＞　（チーズ類）　ナチュラルチーズ　モッツァレラ,56.3,18.4,19.9,(0),1.3,269,330,260,70,20,11,0.1,2.8,0.02,0.01,-,-,280,0.2,0.6,0.01,0.19,Tr,0.02,1.6,9,0.06,"{""baseName"":""ナチュラルチーズ"",""variety"":""モッツァレラ"",""notes"":[""牛乳及び乳製品"",""チーズ類""]}",モッツァレラは良質な乳タンパクで少量なら利用可能だが脂肪や乳糖に注意。,8,0,0,,,,,,,,,,,,,,,,,,,,,,,,"[""ナチュラルチーズ"",""なちゅらるちーず"",""モッツァレラチーズ"",""モッツァレラ"",""もっつぁれらちーず"",""もっつぁれら"",""チーズ"",""mozarella"",""mozzarella"",""mozzarella cheese""]",モッツァレラチーズ,,Mozzarella Cheese,,247.9,14,01029,"Cheese, mozzarella, part skim milk, low moisture",170845,,,,15.4,TRUE,乳製品・卵製品 > モッツァレラチーズ
13,13057,＜牛乳及び乳製品＞　（チーズ類）　ナチュラルチーズ　やぎ,52.9,20.6,21.7,(0),2.2,280,130,270,480,260,20,0.1,0.5,0.07,0.03,-,-,290,0.3,0.4,0.09,0.88,1.4,0.23,0.3,100,1.16,"{""baseName"":""ナチュラルチーズ"",""variety"":""やぎ"",""notes"":[""牛乳及び乳製品"",""チーズ類""]}",ヤギのナチュラルチーズは利用可能だが脂肪や乳糖に配慮が必要,7,1,1,1000,2000,1700,470,180,650,1000,950,2000,1100,290,1400,560,600,18.99,0.74,0.14,0.60,560,130,8,0,29,"[""ナチュラルチーズ"",""なちゅらるちーず"",""ヤギチーズ"",""やぎチーズ"",""やぎちーず"",""ヤギチーズ"",""ゴートチーズ"",""goat cheese"",""チーズ"",""cheese""]",ヤギチーズ,,Goat Cheese,,265.65,,,,,,,,,TRUE,乳製品・卵製品 > チーズ
13,13058,＜牛乳及び乳製品＞　（チーズ類）　ナチュラルチーズ　リコッタ,72.9,7.1,11.5,(0),1.7,159,340,200,160,210,20,0.1,0.3,0.02,Tr,-,-,160,0,0.2,0.04,0.21,0.1,0.06,0.2,4,0.52,"{""baseName"":""ナチュラルチーズ"",""variety"":""リコッタ"",""notes"":[""牛乳及び乳製品"",""チーズ類""]}",リコッタは良質な乳たんぱく・脂質源で犬のレシピ素材として使いやすい。,8,0,0,,,,,,,,,,,,,,,,,,,,,,,,"[""ナチュラルチーズ"",""なちゅらるちーず"",""リコッタチーズ"",""リコッタ"",""りこったちーず"",""りこった"",""チーズ"",""ricotta"",""ricotta cheese""]",リコッタチーズ,,Ricotta Cheese,,146.4,,,,170851,"Cheese, ricotta, whole milk",1.2927288809433966,,17.5,TRUE,乳製品・卵製品 > チーズ
13,13040,＜牛乳及び乳製品＞　（チーズ類）　プロセスチーズ,45.0,22.7,26.0,(0),5.0,313,630,730,1100,60,19,0.3,3.2,0.08,0.02,18,13,240,Tr,1.1,0.03,0.38,0.1,0.01,3.2,27,0.14,"{""baseName"":""プロセスチーズ"",""notes"":[""牛乳及び乳製品"",""チーズ類""]}",プロセスチーズは乳製品としてタンパク質・脂質供給源となるが、乳糖不耐症の個体は注意,7,1,1,1300,2300,1900,590,120,720,1200,1400,2600,890,300,1600,720,830,23.39,0.56,0.17,0.39,390,170,-,-,0,"[""プロセスチーズ"",""ぷろせすちーず"",""プロセス"",""processed cheese"",""processed"",""チーズ"",""cheese""]",プロセスチーズ,,Processed Cheese,,305,36,01046,"Cheese food, pasteurized process, american, without sodium phosphate",171252,"Cheese food, pasteurized process, American, vitamin D fortified",0.9157876295239188,,36.2,TRUE,乳製品・卵製品 > チーズ
13,13041,＜牛乳及び乳製品＞　（チーズ類）　チーズスプレッド,53.8,15.9,25.7,(0),4.0,284,460,620,1000,50,14,0.2,1.6,0.05,0.01,-,-,180,0.3,1.1,0.02,0.35,Tr,0.03,0.5,16,0.16,"{""baseName"":""チーズスプレッド"",""notes"":[""牛乳及び乳製品"",""チーズ類""]}",チーズスプレッドは良質な乳製品由来の脂質・タンパク源で使いやすいが、脂肪や塩分があるため量に注意が必要。,7,0,1,,,,,,,,,,,,,,,21.90,0.63,0.18,0.45,390,130,16,2,27,"[""チーズスプレッド"",""ちーずすぷれっど"",""チーズスプレッド"",""チーズスプレッド"",""cheese spread"",""spread"",""チーズ"",""cheese""]",チーズスプレッド,,Cheese Spread,,276.2,36,01046,"Cheese food, pasteurized process, american, without sodium phosphate",173448,KRAFT VELVEETA Pasteurized Process Cheese Spread,0.45567913951385536,,,TRUE,乳製品・卵製品 > チーズ
13,13048,＜牛乳及び乳製品＞　（その他）　カゼイン,10.6,86.2,1.5,(0),1.7,358,26,120,10,2,3,0.8,2.6,0.09,0.02,7,40,Tr,Tr,Tr,Tr,Tr,Tr,0.01,2.3,6,0.17,"{""baseName"":""カゼイン"",""notes"":[""牛乳及び乳製品"",""その他""]}",カゼインは乳由来のたんぱく質で栄養素材として利用される安全な成分,9,1,1,5000,8500,7200,2700,440,3100,4600,5200,9700,4000,1100,6200,2700,3400,1.36,0.05,0.01,0.03,25,12,1,0,2,"[""カゼイン"",""かぜいん"",""casein"",""ミルクたんぱく"",""milk protein"",""乳製品"",""cheese ingredient""]",カゼイン,,Casein,,314.45,,,,,,,,,FALSE,
13,13050,＜牛乳及び乳製品＞　（その他）　チーズホエーパウダー,2.2,12.5,1.2,(0),7.1,339,620,690,690,1800,130,0.4,0.3,0.03,0.03,80,7,11,Tr,0,0.22,2.35,1.4,0.25,3.4,6,5.95,"{""baseName"":""チーズホエーパウダー"",""notes"":[""牛乳及び乳製品"",""その他""]}",チーズホエーパウダーは乳由来のタンパク質源として利用できる加工原料だが乳糖や塩分量に注意。,7,1,1,730,1200,1000,220,290,510,370,310,680,870,210,690,210,290,1.11,0.04,0.01,0.04,37,7,0,0,0,"[""チーズホエーパウダー"",""ちーずほえーぱうだー"",""ホエーパウダー"",""ほえーぱうだー"",""whey powder"",""whey"",""ホエイ"",""whey powder""]",チーズホエーパウダー,,Whey Powder,,323.45,,,,,,,,,FALSE,
13,13052,＜その他＞　やぎ乳,88.0,3.1,3.6,(0),0.8,57,120,90,35,220,12,0.1,0.3,Tr,Tr,-,-,36,0,0.1,0.04,0.14,0.3,0.04,0,1,0.39,"{""baseName"":""やぎ乳"",""notes"":[""その他""]}",やぎ乳は乳製品として栄養があるが、乳糖で消化不良を起こす犬もいるため注意が必要。,7,1,1,(180),(270),(250),(70),(40),(110),(130),(160),(290),(140),(38),(210),(78),(100),3.05,0.09,0.03,0.07,61,19,2,1,4,"[""やぎ乳"",""やぎにゅう"",""山羊乳"",""山羊ミルク"",""やぎミルク"",""goat milk"",""goat milk"",""goatmilk""]",やぎ乳,,Goat Milk,,57.2,,,,171278,"Milk, goat, fluid, with added vitamin D",0.6606314579497695,,16,TRUE,乳製品・卵製品 > ヤギミルク
14,14023,（植物油脂類）　あまに油,Tr,0,100,0,0,897,Tr,0,0,0,0,0,0,0,0,-,-,0,(0),0.5,0,0,0,-,-,-,-,"{""baseName"":""あまに油"",""notes"":[""植物油脂類""]}",あまに（亜麻仁）油は必須脂肪酸を含む良質な油脂で栄養的に有用。,9,0,1,,,,,,,,,,,,,,,95.13,71.13,56.63,14.50,14000,57000,0,0,0,"[""あまに油"",""亜麻仁油"",""あまにゆ"",""あまにあぶら"",""フラックスシードオイル"",""flaxseed oil"",""linseed oil"",""flax oil""]",亜麻仁油,,Flaxseed Oil,,850,,,,,,,,,TRUE,油 > 亜麻仁油
14,14024,（植物油脂類）　えごま油,Tr,0,100,0,0,897,1,1,Tr,Tr,Tr,0.1,0,0,0.01,-,-,0,(0),2.4,0,0,0,-,-,-,-,"{""baseName"":""えごま油"",""notes"":[""植物油脂類""]}",えごま油は良質な脂肪酸源で犬のレシピ素材として適切,9,0,1,,,,,,,,,,,,,,,95.17,70.60,58.31,12.29,12000,58000,0,0,0,"[""えごま油"",""荏胡麻油"",""えごまゆ"",""えごまあぶら"",""エゴマオイル"",""perilla oil"",""egoma oil"",""shiso oil""]",えごま油,,Perilla Oil,,850,,,,167702,"Oil, flaxseed, cold pressed",1.0000000199999999,,0.2,TRUE,油 > えごま油
14,14001,（植物油脂類）　オリーブ油,0,0,100,0,0,894,Tr,0,Tr,0,0,0,0,0,0,0,0,0,(0),7.4,0,0,0,(0),(0),(0),(0),"{""baseName"":""オリーブ油"",""notes"":[""植物油脂類""]}",オリーブ油は良質な脂肪源で犬のレシピ素材として適している,9,0,1,,,,,,,,,,,,,,,94.58,7.24,0.60,6.64,6600,600,0,0,0,"[""オリーブ油"",""オリーブオイル"",""おりーぶおいる"",""オリーブ"",""olive oil"",""olive"",""食用オリーブ油""]",オリーブオイル,,Olive Oil,,850,0.3,04053,"Oil, olive, salad or cooking",167737,"Oil, corn, peanut, and olive",,,0.2,TRUE,油 > オリーブオイル
14,14002,（植物油脂類）　ごま油,0,0,100,0,0,890,1,1,Tr,Tr,Tr,0.1,Tr,0.01,0,0,1,0,(0),0.4,0,0,0.1,(0),(0),(0),(0),"{""baseName"":""ごま油"",""notes"":[""植物油脂類""]}",ごま油は脂質源として風味付けに利用できる安全な植物油,7,0,1,,,,,,,,,,,,,,,93.83,41.19,0.31,40.88,41000,310,0,0,0,"[""ごま油"",""胡麻油"",""ごまあぶら"",""ゴマ油"",""sesame oil"",""sesame"",""ごまオイル""]",ごま油,,Sesame Oil,,850,,,,171016,,,,0.2,TRUE,油 > ごま油
14,14003,（植物油脂類）　米ぬか油,0,0,100,0,0,880,Tr,Tr,0,Tr,0,0,0,0,0,0,0,0,(0),26.0,0,0,0,(0),(0),(0),(0),"{""baseName"":""米ぬか油"",""notes"":[""植物油脂類""]}",米ぬか油は良質な脂質源で料理素材として適切,9,0,1,,,,,,,,,,,,,,,91.86,33.26,1.15,32.11,32000,1200,0,0,0,"[""米ぬか油"",""米糠油"",""こめぬかあぶら"",""こめぬか油"",""米ぬかオイル"",""rice bran oil"",""ricebran oil""]",米ぬか油,,Rice Bran Oil,,850,,,,171013,"Oil, rice bran",,,,TRUE,油 > 米ぬか油
14,14004,（植物油脂類）　サフラワー油　ハイオレイック,0,0,100,0,0,892,0,Tr,0,0,0,0,0,0,0,-,-,0,(0),27.0,0,0,0,(0),(0),(0),(0),"{""baseName"":""サフラワー油"",""variety"":""ハイオレイック"",""notes"":[""植物油脂類""]}",精製された植物油で良質な脂質源として利用しやすい,9,0,1,,,,,,,,,,,,,,,94.21,13.62,0.21,13.41,13000,210,0,0,0,"[""サフラワー油"",""紅花油"",""サフラワーオイル"",""safflower oil"",""サフラワー"",""ハイオレイック"",""high oleic""]",サフラワー油,ハイオレイック,Safflower Oil,High Oleic,850,,,,171027,"Oil, safflower, salad or cooking, high oleic (primary safflower oil of commerce)",,,0.2,FALSE,
14,14025,（植物油脂類）　サフラワー油　ハイリノール,0,0,100,0,0,883,0,Tr,0,0,0,0,0,0,0,-,-,0,(0),27.0,0,0,0,(0),(0),(0),(0),"{""baseName"":""サフラワー油"",""variety"":""ハイリノール"",""notes"":[""植物油脂類""]}",高リノールの精製植物油で脂質源として利用可能な素材である。,9,0,1,,,,,,,,,,,,,,,92.40,70.19,0.22,69.97,70000,220,0,0,0,"[""サフラワー油"",""紅花油"",""サフラワーオイル"",""safflower oil"",""サフラワー"",""ハイリノール"",""high linoleic""]",サフラワー油,ハイリノール,Safflower Oil,High Linoleic,850,,,,171026,"Oil, safflower, salad or cooking, linoleic, (over 70%)",,,,FALSE,
14,14005,（植物油脂類）　大豆油,0,0,100,0,0,885,0,0,0,Tr,0,0,0,0,0,0,0,0,(0),10.0,0,0,0,(0),(0),(0),(0),"{""baseName"":""大豆油"",""notes"":[""植物油脂類""]}",大豆油は脂肪酸供給源として利用可能だが高エネルギーのため量に注意が必要,7,0,1,,,,,,,,,,,,,,,92.76,55.78,6.10,49.67,50000,6100,0,0,0,"[""大豆油"",""だいずゆ"",""ダイズ油"",""soybean oil"",""soy oil"",""大豆オイル""]",大豆油,,Soybean Oil,,850,0.2,04044,"Oil, soybean, salad or cooking",171012,"Oil, soybean, salad or cooking, (partially hydrogenated)",,,0.2,TRUE,油 > サラダ油
14,14006,（植物油脂類）　調合油,0,0,100,0,0,886,Tr,Tr,0,Tr,0,0,Tr,0,0,0,0,0,(0),13.0,0,0,0,(0),(0),(0),(0),"{""baseName"":""調合油"",""notes"":[""植物油脂類""]}",調合油は料理用の植物油で脂質供給源として使用可能な素材,9,0,1,,,,,,,,,,,,,,,93.01,40.94,6.81,34.13,34000,6800,0,0,0,"[""調合油"",""ちょうごうゆ"",""ブレンド油"",""ブレンドオイル"",""blended oil"",""blend oil"",""サラダ油"",""食用油"",""cooking oil""]",調合油,,Blended Oil,,850,,,,167737,"Oil, corn, peanut, and olive",,,0.2,TRUE,油 > サラダ油
14,14007,（植物油脂類）　とうもろこし油,0,0,100,0,0,884,Tr,0,0,0,0,0,0,0,0,0,0,0,(0),17.0,0,0,0,(0),(0),(0),(0),"{""baseName"":""とうもろこし油"",""notes"":[""植物油脂類""]}",とうもろこし油は料理用の油で犬のレシピ素材として利用可能（脂質量に注意）。,8,0,1,,,,,,,,,,,,,,,92.58,51.58,0.76,50.82,51000,760,0,0,0,"[""とうもろこし油"",""とうもろこしゆ"",""トウモロコシ油"",""コーン油"",""コーンオイル"",""corn oil""]",とうもろこし油,,Corn Oil,,850,0.2,42289,"Oil, corn and canola",171029,"Oil, corn, industrial and retail, all purpose salad or cooking",,,0.2,TRUE,油 > サラダ油
14,14008,（植物油脂類）　なたね油,0,0,100,0,0,887,Tr,Tr,0,Tr,0,0,Tr,0,0,0,0,0,(0),15.0,0,0,0,(0),(0),(0),(0),"{""baseName"":""なたね油"",""notes"":[""植物油脂類""]}",なたね油は良質な脂肪酸を供給する植物油で利用しやすい,8,0,1,,,,,,,,,,,,,,,93.26,26.10,7.52,18.59,19000,7500,0,0,0,"[""なたね油"",""なたねゆ"",""菜種油"",""ナタネ油"",""キャノーラ油"",""canola oil"",""rapeseed oil""]",なたね油,,Rapeseed Oil,,850,0.2,04582,"Oil, vegetable, canola",171033,"Oil, vegetable, Natreon canola, high stability, non trans, high oleic (70%)",,,,TRUE,油 > 菜種油
14,14009,（植物油脂類）　パーム油,0,0,100,0,0,887,Tr,0,0,0,0,0,0,0,0,-,-,0,(0),8.6,0,0,0,(0),(0),(0),(0),"{""baseName"":""パーム油"",""notes"":[""植物油脂類""]}",パーム油は脂質源として使用できるが飽和脂肪が多く量に注意が必要,7,0,1,,,,,,,,,,,,,,,92.94,9.16,0.19,8.97,9000,190,0,0,0,"[""パーム油"",""パームオイル"",""palm oil""]",パーム油,,Palm Oil,,850,,,,171015,"Oil, palm",,,0.3,TRUE,油 > サラダ油
14,14011,（植物油脂類）　ひまわり油　ハイリノール,0,0,100,0,0,899,0,0,0,0,0,0,0,0,0,-,-,0,(0),39.0,0,0,0,(0),(0),(0),(0),"{""baseName"":""ひまわり油"",""variety"":""ハイリノール"",""notes"":[""植物油脂類""]}",ひまわり油は安全な脂質供給源として適切,9,0,1,,,,,,,,,,,,,,,95.53,57.94,0.43,57.51,58000,430,-,-,0,"[""ひまわり油"",""ヒマワリ油"",""ひまわりオイル"",""sunflower oil"",""ハイリノール"",""high linoleic sunflower oil""]",ひまわり油,ハイリノール,Sunflower Oil,High Linoleic,850,,,,171025,"Oil, sunflower, linoleic, (approx. 65%)",,,0.2,TRUE,油 > ひまわり油
14,14026,（植物油脂類）　ひまわり油　ミッドオレイック,0,0,100,0,0,892,0,0,0,0,0,0,0,0,0,-,-,0,(0),39.0,0,0,0,(0),(0),(0),(0),"{""baseName"":""ひまわり油"",""variety"":""ミッドオレイック"",""notes"":[""植物油脂類""]}",良質な植物性脂質で調理や風味付けに使いやすい脂源,9,0,1,,,,,,,,,,,,,,,94.17,28.09,0.22,27.88,28000,220,0,0,0,"[""ひまわり油"",""ヒマワリ油"",""ミッドオレイック"",""mid oleic sunflower oil"",""midoleic sunflower oil"",""sunflower oil""]",ひまわり油,ミッドオレイック,Sunflower Oil,Mid Oleic,850,,,,171017,"Oil, sunflower, linoleic (less than 60%)",,,,TRUE,油 > ひまわり油
14,14027,（植物油脂類）　ひまわり油　ハイオレイック,0,0,100,0,0,899,0,0,0,0,0,0,0,0,0,-,-,0,(0),39.0,0,0,0,(0),(0),(0),(0),"{""baseName"":""ひまわり油"",""variety"":""ハイオレイック"",""notes"":[""植物油脂類""]}",ハイオレイックひまわり油は安定した植物性脂質で、良質な脂肪源として利用可能,9,0,1,,,,,,,,,,,,,,,95.44,6.79,0.23,6.57,6600,230,0,0,0,"[""ひまわり油"",""ヒマワリ油"",""ハイオレイック"",""high oleic sunflower oil"",""high oleic sunflower"",""sunflower oil""]",ひまわり油,ハイオレイック,Sunflower Oil,High Oleic,850,,,,171025,"Oil, sunflower, linoleic, (approx. 65%)",,,0.2,TRUE,油 > ひまわり油
14,14028,（植物油脂類）　ぶどう油,0,0,100,0,0,882,0,0,0,0,0,0,0,0.02,0,-,-,-,0,28.0,0,0,0,(0),(0),(0),(0),"{""baseName"":""ぶどう油"",""notes"":[""植物油脂類""]}",ぶどう種子油は調理用の植物油として問題なく利用できる（ぶどう果実とは異なる）,8,0,1,,,,,,,,,,,,,,,92.28,63.55,0.45,63.10,63000,450,0,0,0,"[""ぶどう油"",""ぶどうシードオイル"",""グレープシードオイル"",""grapeseed oil"",""grape seed oil""]",ぶどう油,,Grapeseed Oil,,850,,,,171028,"Oil, grapeseed",,,,TRUE,油 > ぶどう油
14,14012,（植物油脂類）　綿実油,0,0,100,0,0,883,0,0,0,0,0,0,0,0,0,-,-,0,(0),28.0,0,0,0,(0),(0),(0),(0),"{""baseName"":""綿実油"",""notes"":[""植物油脂類""]}",綿実油は脂肪源として利用できるが量に注意が必要な油脂類。,8,0,1,,,,,,,,,,,,,,,92.35,53.85,0.34,53.51,54000,340,0,0,0,"[""綿実油"",""めんじつゆ"",""コットンシードオイル"",""cottonseed oil""]",綿実油,,Cottonseed Oil,,850,,,,171024,"Oil, cottonseed, salad or cooking",,,0.2,TRUE,油 > 綿実油
14,14013,（植物油脂類）　やし油,0,0,100,0,0,889,Tr,0,0,0,0,0,Tr,0,0,-,-,0,(0),0.3,0,0,0,(0),(0),(0),(0),"{""baseName"":""やし油"",""notes"":[""植物油脂類""]}",安全な植物性脂質でエネルギー源になる。調理素材として利用しやすい。,8,0,1,,,,,,,,,,,,,,,92.08,1.53,0,1.53,1500,0,0,0,0,"[""やし油"",""ヤシ油"",""ココナッツオイル"",""ココナッツ油"",""coconut oil""]",やし油,,Coconut Oil,,850,,,,171015,"Oil, palm",,,0.3,TRUE,油 > ココナッツオイル
14,14015,（動物油脂類）　牛脂,Tr,0.2,99.8,0,0,869,Tr,1,1,1,0,0.1,Tr,Tr,-,-,-,85,0,0.6,0,0,0,-,-,-,-,"{""baseName"":""牛脂"",""notes"":[""動物油脂類""]}",牛脂はエネルギー源として使えるが脂質が高いため適量での使用が望ましいです。,8,0,1,,,,,,,,,,,,,,,89.67,3.61,0.17,3.44,3300,170,0,0,0,"[""牛脂"",""ぎゅうし"",""牛の脂"",""beef tallow"",""tallow""]",牛脂,,Beef Tallow,,849,,,,,,,,,FALSE,
14,14032,（動物油脂類）　たらのあぶら,0.1,0.1,99.8,-,0,853,Tr,2,1,1,0,Tr,0,Tr,0,450,9,37000,8.7,14.0,0,Tr,0.1,0,-,1,0,"{""baseName"":""たらのあぶら"",""notes"":[""動物油脂類""]}",たらのあぶらはオメガ3などの有益な脂肪酸源で、魚油として有用な素材。,9,1,1,2.4,1.1,0.8,0,0.3,0.3,0.5,0.3,0.7,0.8,0,0.9,0.5,0.7,86.84,25.54,22.64,2.30,670,470,13000,6200,280,"[""たらのあぶら"",""タラのあぶら"",""たら油"",""タラ油"",""タラの脂"",""cod oil"",""cod fat""]",たらのあぶら,,Cod Oil,,848.65,,,,,,,,,FALSE,
14,14016,（動物油脂類）　ラード,0,0,100,0,0,885,0,0,0,0,0,0,Tr,Tr,0,0,0,0,0.2,0.3,0,0,0,0,0,0,0,"{""baseName"":""ラード"",""notes"":[""動物油脂類""]}",ラードは動物性脂肪で料理の脂肪源として使えるが脂質が高い点に留意。,7,0,1,,,,,,,,,,,,,,,92.66,9.81,0.46,9.35,8900,460,0,0,100,"[""ラード"",""lard"",""豚脂"",""ぶたし"",""pork fat""]",ラード,,Lard,,850,33,10007,"Pork, fresh, separable fat, cooked",,,,,,FALSE,
15,15165,＜和生菓子・和半生菓子類＞　まんじゅう　蒸しまんじゅう　つぶしあん入り,(35.0),(4.7),(0.7),(3.4),(0.5),257,20,63,95,130,16,1,0.5,0.14,0.33,0,1,0,0,0.1,0.03,0.02,0.2,0.02,0,7,0.21,"{""baseName"":""まんじゅう"",""variety"":""蒸しまんじゅう つぶしあん入り"",""notes"":[""和生菓子・和半生菓子類""]}",蒸しまんじゅう（つぶしあん）は小豆あんと生地からなり有害成分は含まず使用可能だが加工菓子である。,7,0,0,,,,,,,,,,,,,,,,,,,,,,,,"[""まんじゅう"",""饅頭"",""まんじゅう"",""manju"",""つぶあん"",""粒あん"",""つぶしあん"",""あん入りまんじゅう""]",まんじゅう,蒸しまんじゅう・つぶしあん入り,Manju,Steamed; Tsubu-an filling,350,,,,,,,,,FALSE,
15,15034,＜和生菓子・和半生菓子類＞　まんじゅう　中華まんじゅう　あんまん　こしあん入り,(36.6),(6.1),(5.6),(2.6),(0.4),273,(58),(57),(11),(65),(23),(1.1),(0.6),(0.14),(0.36),0,(7),0,0,(0.1),(0.08),(0.03),(0.5),(0.04),0,(9),(0.27),"{""baseName"":""まんじゅう"",""variety"":""中華まんじゅう あんまん こしあん入り"",""notes"":[""和生菓子・和半生菓子類""]}",小豆のこしあんと小麦の皮からなる和生菓子で、有害成分は含まれず犬の素材として使用可能だが加糖・加工度が高い。,7,1,1,(250),(470),(220),(110),(140),(250),(340),(200),(540),(210),(76),(290),(160),(330),(5.05),(1.41),(0.05),(1.37),(1400),(46),(0),(0),(3),"[""中華まん"",""中華まんじゅう"",""あんまん"",""こしあん"",""まんじゅう"",""饅頭"",""manju""]",あんまん,こしあん入り,Anman,Koshi-an filling,350,,,,167923,"Interstate Brands Corp, Wonder Hamburger Rolls",1.2074913879216593,,,FALSE,
16,16051,＜その他＞　昆布茶,1.4,5.2,0.2,2.8,51.3,173,88,14,20000,580,51,0.5,0.3,Tr,0.03,26000,2,0,0,Tr,0.01,0.02,0.1,Tr,0,11,0.01,"{""baseName"":""昆布茶"",""notes"":[""その他""]}",昆布由来のだし成分でミネラル供給源として利用でき、犬のレシピ素材として適する,8,1,0,9.8,16,11,3.9,7.8,12,11,6.8,18,13,2.9,14,3.6,10,,,,,,,,,,"[""昆布茶"",""こんぶ茶"",""kombu tea"",""kelp tea""]",昆布茶,,Kombu Tea,,156.75,,,,,,,,,TRUE,野菜 > 昆布
16,16055,＜その他＞　麦茶　浸出液,99.7,Tr,(0),-,Tr,1,2,1,1,6,Tr,Tr,0.1,Tr,Tr,0,0,(0),(0),0,0,0,0,0,-,0,0,"{""baseName"":""麦茶"",""state"":""浸出液"",""notes"":[""その他""]}",麦茶の浸出液は無害だが栄養価は低く風味付け等に適する。,7,0,0,,,,,,,,,,,,,,,,,,,,,,,,"[""麦茶"",""むぎちゃ"",""mugicha"",""barley tea""]",麦茶,浸出液,Barley Tea,Infusion,1.05,,,,,,,,,TRUE,飲料・液体 > 麦茶
17,17139,＜調味料類＞　（しょうゆ類）　うすくちしょうゆ　低塩,70.9,6.4,Tr,Tr,12.1,77,19,130,5000,330,54,1.0,0.5,0,0.70,Tr,4,(0),-,0,0.25,0.08,0.8,0.11,Tr,36,0.34,"{""baseName"":""うすくちしょうゆ"",""variety"":""低塩"",""notes"":[""調味料類"",""しょうゆ類""]}",低塩の薄口しょうゆは風味付けに使えるが調味料なので使用量に注意。,7,1,0,290,420,380,78,63,140,240,51,290,280,16,350,140,300,,,,,,,,,,"[""うすくちしょうゆ"",""薄口醤油"",""薄口しょうゆ"",""うすくち"",""usukuchi soy sauce"",""しょうゆ"",""醤油"",""soy sauce""]",うすくちしょうゆ,低塩,Usukuchi Soy Sauce,Low Salt,59.5,18,16123,Soy sauce made from soy and wheat (shoyu),,,,,,TRUE,調味料 > 醤油
17,17016,＜調味料類＞　（食酢類）　米酢,87.9,0.2,0,(0),0.1,46,2,15,12,16,6,0.1,0.2,Tr,-,0,Tr,0,(0),-,0.01,0.01,0.3,0.02,0.1,0,0.08,"{""baseName"":""米酢"",""notes"":[""調味料類"",""食酢類""]}",米酢は風味付けに使える安全な調味料（酸味が強いため適量で使用）,8,0,0,,,,,,,,,,,,,,,,,,,,,,,,"[""米酢"",""こめず"",""こめす"",""rice vinegar""]",米酢,,Rice Vinegar,,42,,,,172237,"Vinegar, distilled",3.259558593156782,,0,TRUE,調味料 > 酢
17,17019,＜調味料類＞　（だし類）　かつおだし　荒節,99.4,0.4,Tr,0,0.1,2,2,18,21,29,3,Tr,Tr,Tr,0,1,4,0,0,0,Tr,0.01,1.4,0.02,0.4,0,0.04,"{""baseName"":""かつおだし"",""variety"":""荒節"",""notes"":[""調味料類"",""だし類""]}",かつおだしは旨味のある調味料として使えるが塩分や濃度に注意が必要,7,1,0,4.4,9.0,15,2.9,1.0,4.0,4.2,3.4,7.7,5.6,0.8,6.3,95,9.0,,,,,,,,,,"[""かつおだし"",""カツオダシ"",""鰹だし"",""鰹出汁"",""かつお"",""鰹"",""かつおぶし"",""鰹節"",""荒節"",""あらぶし"",""dashi"",""bonito stock"",""katsuobushi""]",かつおだし,荒節,Katsuobushi dashi,Arabushi,1.75,,,,,,,,,TRUE,魚介類 > 鰹節
17,17131,＜調味料類＞　（だし類）　かつおだし　本枯れ節,99.4,0.5,0,0,0.1,2,Tr,18,21,32,3,Tr,Tr,0.01,0,1,3,0,0,0,0,0.01,1.4,0.01,0.2,0,Tr,"{""baseName"":""かつおだし"",""variety"":""本枯れ節"",""notes"":[""調味料類"",""だし類""]}",かつおだし（本枯れ節）は風味付けに適するが、だしの塩分に注意する必要がある。,7,1,0,4.1,8.8,14,2.5,0.8,3.3,3.9,3.2,7.1,5.3,0.8,6.0,93,8.6,,,,,,,,,,"[""かつおだし"",""カツオダシ"",""鰹だし"",""鰹出汁"",""かつお"",""鰹"",""かつおぶし"",""鰹節"",""本枯れ節"",""ほんかれぶし"",""ホンカレブシ"",""dashi"",""bonito stock"",""katsuobushi""]",かつおだし,本枯れ節,Katsuobushi dashi,Hon-karebushi,1.75,,,,172922,"Soup, beef broth or bouillon, powder, prepared with water",1.600993615088941,,1.4,TRUE,魚介類 > 鰹節
17,17020,＜調味料類＞　（だし類）　昆布だし　水出し,98.5,0.1,Tr,-,0.5,4,3,6,61,140,4,Tr,Tr,Tr,0.01,5300,0,(0),-,0,Tr,Tr,Tr,0,0,2,0,"{""baseName"":""昆布だし"",""variety"":""水出し"",""notes"":[""調味料類"",""だし類""]}",昆布だしは旨味成分として有用で、犬の料理の風味付け素材として適している。,8,1,0,(0.4),(0.6),(0.5),(0.2),(1.4),(1.6),(0.5),(0.5),(1.0),(1.3),(0),(0.8),(0.2),(0.4),,,,,,,,,,"[""昆布だし"",""こんぶだし"",""コンブダシ"",""昆布出汁"",""こんぶ"",""昆布"",""kombu dashi"",""kelp dashi"",""dashi""]",昆布だし,水出し,Kombu dashi,Cold-brew,3.5,,,,,,,,,TRUE,野菜 > 昆布
17,17132,＜調味料類＞　（だし類）　昆布だし　煮出し,98.1,0.1,0,0.1,0.5,5,5,4,73,160,8,Tr,0,0.01,0,11000,0,0,0,0,Tr,0.01,Tr,Tr,0,1,0.01,"{""baseName"":""昆布だし"",""variety"":""煮出し"",""notes"":[""調味料類"",""だし類""]}",昆布だしは旨味を与える安全なだしで、風味付け素材として使いやすい,8,1,0,0.5,0.8,0.6,0.3,1.7,1.9,0.6,0.6,1.2,1.5,0,1.0,0.3,0.5,,,,,,,,,,"[""昆布だし"",""こんぶだし"",""コンブダシ"",""昆布出汁"",""こんぶ"",""昆布"",""kombu dashi"",""kelp dashi"",""dashi""]",昆布だし,煮出し,Kombu dashi,Simmered,4.55,,,,172922,"Soup, beef broth or bouillon, powder, prepared with water",1.5378556499229699,,1.4,TRUE,野菜 > 昆布
17,17021,＜調味料類＞　（だし類）　かつお・昆布だし　荒節・昆布だし,99.2,0.3,Tr,-,0.2,2,3,13,34,63,4,Tr,Tr,Tr,Tr,1500,4,(Tr),-,0,0.01,0.01,0.9,0.01,0.3,1,0.04,"{""baseName"":""かつお・昆布だし"",""variety"":""荒節・昆布だし"",""notes"":[""調味料類"",""だし類""]}",かつお・昆布だしは風味付けに有用だが塩分や濃度に留意して使うべき,7,1,0,(2.8),(5.6),(9.0),(1.8),(1.1),(2.9),(2.7),(2.2),(4.9),(3.8),(0.5),(4.0),(57),(5.5),,,,,,,,,,"[""かつお昆布だし"",""かつおこんぶだし"",""カツオ昆布ダシ"",""鰹昆布だし"",""鰹昆布出汁"",""かつお"",""昆布"",""合わせだし"",""あわせだし"",""アワセダシ"",""dashi"",""bonito kelp dashi""]",かつお昆布だし,荒節,Katsuobushi & Kombu dashi,Arabushi,2.1,,,,174566,"Soup, chicken broth cubes, dry, prepared with water",1.584251025333998,,,TRUE,スープ・だし > だし汁
17,17148,＜調味料類＞　（だし類）　かつお・昆布だし　本枯れ節・昆布だし,99.2,0.3,0,Tr,0.2,2,1,11,30,58,3,Tr,Tr,Tr,0,2900,2,0,0,0,0,Tr,0.7,0.01,0.1,Tr,Tr,"{""baseName"":""かつお・昆布だし"",""variety"":""本枯れ節・昆布だし"",""notes"":[""調味料類"",""だし類""]}",かつお・昆布だしは魚・海藻由来の風味付けに使えるが調味料としての特徴に注意,7,0,0,,,,,,,,,,,,,,,,,,,,,,,,"[""かつお昆布だし"",""かつおこんぶだし"",""カツオ昆布ダシ"",""鰹昆布だし"",""鰹昆布出汁"",""本枯れ節"",""ほんかれぶし"",""昆布"",""合わせだし"",""dashi"",""bonito kelp dashi""]",かつお昆布だし,本枯れ節,Katsuobushi & Kombu dashi,Hon-karebushi,2.1,,,,171583,"Soup, vegetable broth, ready to serve",2.3924418963779375,,0.3,TRUE,スープ・だし > だし汁
17,17022,＜調味料類＞　（だし類）　しいたけだし,98.8,0.1,0,-,0.2,4,1,8,3,29,3,0.1,Tr,0.01,-,-,-,0,0,0,Tr,0.02,0.6,0.02,0,2,0.57,"{""baseName"":""しいたけだし"",""notes"":[""調味料類"",""だし類""]}",しいたけだしは安全な風味付けのだし素材で犬にも使いやすい,8,0,0,,,,,,,,,,,,,,,,,,,,,,,,"[""しいたけだし"",""シイタケダシ"",""椎茸だし"",""椎茸出汁"",""しいたけ"",""椎茸"",""shiitake dashi"",""shiitake stock"",""dashi""]",しいたけだし,,Shiitake dashi,,3.5,17,11260,"Mushrooms, raw",,,,,,TRUE,野菜 > しいたけ
17,17023,＜調味料類＞　（だし類）　煮干しだし,99.7,0.1,0.1,(0),0.1,1,3,7,38,25,2,Tr,Tr,Tr,Tr,-,-,-,-,0,0.01,Tr,0.3,Tr,0.2,1,0,"{""baseName"":""煮干しだし"",""notes"":[""調味料類"",""だし類""]}",煮干し由来のだしは魚由来の旨味・タンパク源として使いやすい（塩分量に注意）,9,0,0,,,,,,,,,,,,,,,,,,,,,,,,"[""煮干しだし"",""にぼしだし"",""ニボシダシ"",""煮干し"",""煮干"",""にぼし"",""niboshi dashi"",""dried sardine stock"",""dashi""]",煮干しだし,,Niboshi dashi,,1.2,,,,,,,,,TRUE,魚介類 > 煮干し
17,17024,＜調味料類＞　（だし類）　鶏がらだし,98.6,0.9,0.4,(0),0.2,7,1,15,40,60,1,0.1,Tr,0.01,0,Tr,1,1,0,Tr,0.01,0.04,1.1,0.02,0.1,2,0.31,"{""baseName"":""鶏がらだし"",""notes"":[""調味料類"",""だし類""]}",鶏がらだしは風味付けや旨味素材として使えるが成分により塩分等に注意,8,1,1,15,32,41,10,5.5,16,15,11,26,20,2.0,20,14,40,0.36,0.07,0.01,0.06,58,5,Tr,Tr,1,"[""鶏がらだし"",""とりがらだし"",""トリガラダシ"",""鶏がら"",""鶏ガラ"",""とりがら"",""chicken stock"",""chicken broth"",""チキンブロス""]",鶏がらだし,,Chicken stock,,6.55,11,06019,"Soup, chicken noodle, canned, condensed",174536,"Soup, chicken broth, ready-to-serve",3.466113088143845,,1,TRUE,スープ・だし > 鶏ガラスープ
17,17102,＜調味料類＞　（調味ソース類）　すし酢　にぎり用,(72.0),(0.2),0,0,(10.0),70,(4),(12),(3900),(23),(7),(0.1),(0.2),(Tr),0,0,0,0,0,0,(0.01),(0.01),(0.2),(0.02),(0.1),0,(0.07),"{""baseName"":""すし酢"",""variety"":""にぎり用"",""notes"":[""調味料類"",""調味ソース類""]}",酢・砂糖・食塩を主成分とした調味料で、少量の風味付けには利用可能。塩分に注意して使用。,7,0,0,,,,,,,,,,,,,,,,,,,,,,,,"[""すし酢"",""寿司酢"",""すしず"",""スシズ"",""sushi vinegar"",""sushi vinegar""]",すし酢,にぎり用,Sushi vinegar,For nigiri,350,,,,173469,"Vinegar, cider",2.5288819197764725,,0,TRUE,調味料 > 酢
17,17034,＜調味料類＞　（トマト加工品類）　トマトピューレー,86.9,1.9,0.1,1.8,1.2,44,19,37,19,490,27,0.8,0.3,0.19,0.19,0,1,0,(0),2.7,0.09,0.07,1.5,0.20,-,29,0.47,"{""baseName"":""トマトピューレー"",""notes"":[""調味料類"",""トマト加工品類""]}",食塩無添加のトマトピューレは安全で旨味・栄養源として使いやすい,8,1,1,(36),(53),(55),(10),(12),(22),(39),(24),(63),(43),(13),(38),(29),(37),(0.05),(0.03),(Tr),(0.02),(24),(3),-,(0),-,"[""トマトピューレー"",""トマトピューレ"",""トマトピューレー"",""とまとぴゅーれ"",""トマト"",""tomato puree"",""tomato""]",トマトピューレ,,Tomato puree,,35.85,9.9,11549,"Tomato products, canned, sauce",171176,"Soup, tomato, canned, prepared with equal volume water, commercial",2.3810576687818577,,6.3,TRUE,野菜 > トマトピューレ
17,17035,＜調味料類＞　（トマト加工品類）　トマトペースト,71.3,3.8,0.1,4.7,2.8,94,46,93,55,1100,64,1.6,0.6,0.31,0.38,-,-,0,(0),6.2,0.21,0.14,3.7,0.38,-,42,0.95,"{""baseName"":""トマトペースト"",""notes"":[""調味料類"",""トマト加工品類""]}",トマトペーストは果肉由来で塩無添加なら素材として使いやすく安全性が高い,8,1,1,(78),(110),(120),(24),(40),(64),(110),(58),(170),(120),(27),(77),(62),(90),(0.05),(0.03),(Tr),(0.02),(24),(3),-,(0),-,"[""トマトペースト"",""トマトペースト"",""とまとぺーすと"",""トマト"",""tomato paste"",""tomato""]",トマトペースト,,Tomato paste,,74.7,39,11546,"Tomato products, canned, paste, without salt added",171595,"Sauce, tomato chili sauce, bottled, with salt",2.6414885999200743,,13.7,TRUE,野菜 > トマトピューレ
17,17044,＜調味料類＞　（みそ類）　米みそ　甘みそ,42.6,9.7,3.0,5.6,6.8,206,80,130,2400,340,32,3.4,0.9,0.22,-,Tr,2,(0),(0),0.3,0.05,0.10,1.5,0.04,0.1,21,Tr,"{""baseName"":""米みそ"",""variety"":""甘みそ"",""notes"":[""調味料類"",""みそ類""]}",発酵大豆由来の調味料で旨味があり犬のレシピ素材として使いやすい（塩分量に配慮）,8,1,1,480,830,510,140,130,270,540,400,940,430,120,540,290,730,2.85,1.84,0.30,1.55,1500,300,-,0,-,"[""米みそ"",""こめみそ"",""コメミソ"",""米味噌"",""みそ"",""味噌"",""miso"",""甘みそ"",""甘味噌"",""あまみそ""]",米みそ,甘みそ,Rice miso,Sweet,172.5,,,,,,,,,TRUE,調味料 > 米みそ (甘みそ)
17,17119,＜調味料類＞　（みそ類）　減塩みそ,46.0,11.0,5.9,4.3,11.4,190,62,170,4200,480,71,1.7,1.4,0.29,0.73,1,5,0,0,0.6,0.10,0.11,1.1,0.16,0.1,75,0.27,"{""baseName"":""減塩みそ"",""notes"":[""調味料類"",""みそ類""]}",減塩みそは発酵大豆製品で風味付けに使えるが塩分含有に留意。,7,1,1,510,820,610,160,140,300,540,410,950,460,100,580,280,710,(5.53),(3.38),(0.46),(2.92),(2900),(450),(0),(6),(0),"[""減塩みそ"",""げんえんみそ"",""ゲンエンミソ"",""減塩味噌"",""miso"",""low salt miso"",""reduced salt miso""]",減塩みそ,,Reduced-salt miso,,163.55,,,,,,,,,TRUE,調味料 > 減塩みそ
17,17071,＜香辛料類＞　タイム　粉,9.8,6.5,5.2,-,8.7,342,1700,85,13,980,300,110.0,2.0,0.57,6.67,-,-,(0),(0),-,0.09,0.69,3.4,-,0,0,-,"{""baseName"":""タイム"",""variety"":""粉"",""notes"":[""香辛料類""]}",タイム粉は香草であり少量の使用なら犬のレシピ素材として問題ない,8,0,1,,,,,,,,,,,,,,,(3.07),(0.83),(0.48),(0.35),(350),(480),(0),(0),(0),"[""タイム"",""たいむ"",""タイム粉"",""タイムパウダー"",""THYME"",""thyme""]",タイム,粉,Thyme,Powder,311.25,,,,173470,"Thyme, fresh",1.6088915658761382,,,FALSE,
17,17077,＜香辛料類＞　バジル　粉,10.9,21.1,2.2,-,15.2,307,2800,330,59,3100,760,120.0,3.9,1.99,10.00,42,18,(0),(0),4.7,0.26,1.09,7.9,1.75,0,290,2.39,"{""baseName"":""バジル"",""variety"":""粉"",""notes"":[""香辛料類""]}",バジル粉は香草として少量で風味付けに使え、犬にも安全なハーブの一つである,8,1,1,(970),(1700),(1100),(290),(170),(470),(1100),(690),(1800),(700),(240),(1300),(410),(1100),(2.10),(0.27),(0.16),(0.11),(110),(160),(0),(0),(0),"[""バジル"",""ばじる"",""バジル粉"",""バジルパウダー"",""BASIL"",""basil""]",バジル,粉,Basil,Powder,269.65,55,02003,"Spices, basil, dried",171317,"Spices, basil, dried",1.474331024749261,,54.9,TRUE,スパイス > バジル
17,17078,＜香辛料類＞　パセリ　乾,5.0,28.7,2.2,-,12.5,341,1300,460,880,3600,380,18.0,3.6,0.97,6.63,22,7,(0),(0),7.2,0.89,2.02,12.0,1.47,0,1400,1.68,"{""baseName"":""パセリ"",""state"":""乾"",""notes"":[""香辛料類""]}",乾燥パセリは香り付けや少量の栄養補助として使用できる香草。,8,1,1,(1700),(3000),(2300),(640),(320),(960),(1800),(1200),(3100),(1300),(510),(2200),(770),(1900),(2.11),(1.25),(0.75),(0.51),(500),(750),(0),(0),(0),"[""パセリ"",""ぱせり"",""パセリ乾"",""ドライパセリ"",""乾燥パセリ"",""PARSLEY"",""parsley""]",パセリ,乾,Parsley,Dried,299.75,97,02029,"Spices, parsley, dried",170930,"Spices, parsley, dried",1.7972168265111694,,97.1,TRUE,野菜 > パセリ
17,17083,＜その他＞　酵母　パン酵母　乾燥,8.7,37.1,6.8,32.6,4.3,307,19,840,120,1600,91,13.0,3.4,0.20,0.40,1,2,0,2.8,Tr,8.81,3.72,22.0,1.28,0,3800,5.73,"{""baseName"":""酵母"",""variety"":""パン酵母"",""state"":""乾燥"",""notes"":[""その他""]}",乾燥パン酵母は一般に安全な発酵菌製品で補助的素材として利用できる,8,1,1,(1700),(2700),(3000),(540),(460),(1000),(1600),(1000),(2600),(1800),(500),(2100),(830),(1900),4.53,0.04,0.01,0.03,33,7,0,0,0,"[""酵母"",""こうぼ"",""コウボ"",""パン酵母"",""パンこうぼ"",""イースト"",""ベーキングイースト"",""yeast"",""bread yeast""]",ドライイースト,,Dry yeast,,224.4,32,18375,"Leavening agents, yeast, baker's, active dry",,,,,,TRUE,粉類 > ドライイースト
18,18051,洋風料理　ハンバーグステーキ類　チキンハンバーグ,(67.0),(12.6),(10.2),(1.0),(1.8),171,(22),(110),(460),(240),(23),(0.7),(0.8),(0.07),(0.13),(2),(10),(19),(0.1),(0.8),(0.09),(0.11),(4.1),(0.26),(0.2),(18),(0.89),"{""baseName"":""洋風料理"",""variety"":""ハンバーグステーキ類 チキンハンバーグ""}",チキンハンバーグは良質な動物性たんぱく源を含む料理で犬のレシピ素材として適している。,9,0,0,,,,,,,,,,,,,,,,,,,,,,,,"[""チキンハンバーグ"",""チキンハンバーグ"",""チキンバーグ"",""ちきんはんばーぐ"",""鶏ハンバーグ"",""鶏肉ハンバーグ"",""ハンバーグ"",""ハンバーグステーキ"",""hamburger steak"",""chicken hamburger""]",チキンハンバーグ,,Chicken hamburger,,350,79,05013,"Chicken, broilers and fryers, meat only, roasted",167659,"Restaurant, Latino, chicken and rice, entree, prepared",0.9317172915128276,,,FALSE,
