"{""type"": ""identifier"", ""name"": ""食品群"", ""description"": ""食品分類グループ番号（2桁）""}","{""type"": ""identifier"", ""name"": ""食品番号"", ""description"": ""食品固有の識別番号（5桁）""}","{""type"": ""identifier"", ""name"": ""索引番号"", ""description"": ""索引用の通し番号（4桁）""}","{""type"": ""identifier"", ""name"": ""食品名"", ""description"": ""食品の名称""}","{""type"": ""nutrient"", ""basis"": ""可食部100g当たり"", ""category"": ""基本情報"", ""name"": ""廃棄率"", ""unit"": ""%"", ""code"": ""REFUSE""}","{""type"": ""nutrient"", ""basis"": ""可食部100g当たり"", ""category"": ""エネルギー"", ""name"": ""エネルギー"", ""unit"": ""kJ"", ""code"": ""ENERC""}","{""type"": ""nutrient"", ""basis"": ""可食部100g当たり"", ""category"": ""エネルギー"", ""name"": ""エネルギー"", ""unit"": ""kcal"", ""code"": ""ENERC_KCAL""}","{""type"": ""nutrient"", ""basis"": ""可食部100g当たり"", ""category"": ""一般成分"", ""name"": ""水分"", ""unit"": ""g"", ""code"": ""WATER""}","{""type"": ""nutrient"", ""basis"": ""可食部100g当たり"", ""category"": ""一般成分"", ""subcategory"": ""たんぱく質"", ""name"": ""アミノ酸組成によるたんぱく質"", ""unit"": ""g"", ""code"": ""PROTCAA""}","{""type"": ""nutrient"", ""basis"": ""可食部100g当たり"", ""category"": ""一般成分"", ""subcategory"": ""たんぱく質"", ""name"": ""たんぱく質"", ""unit"": ""g"", ""code"": ""PROT-""}","{""type"": ""nutrient"", ""basis"": ""可食部100g当たり"", ""category"": ""一般成分"", ""subcategory"": ""脂質"", ""name"": ""脂肪酸のトリアシルグリセロール当量"", ""unit"": ""g"", ""code"": ""FATNLEA""}","{""type"": ""nutrient"", ""basis"": ""可食部100g当たり"", ""category"": ""一般成分"", ""subcategory"": ""脂質"", ""name"": ""コレステロール"", ""unit"": ""mg"", ""code"": ""CHOLE""}","{""type"": ""nutrient"", ""basis"": ""可食部100g当たり"", ""category"": ""一般成分"", ""subcategory"": ""脂質"", ""name"": ""脂質"", ""unit"": ""g"", ""code"": ""FAT-""}","{""type"": ""nutrient"", ""basis"": ""可食部100g当たり"", ""category"": ""一般成分"", ""subcategory"": ""炭水化物"", ""name"": ""利用可能炭水化物（単糖当量）"", ""detail"": ""利用可能炭水化物"", ""unit"": ""g"", ""code"": ""CHOAVLM""}","{""type"": ""annotation"", ""name"": ""利用可能炭水化物（単糖当量）注記"", ""description"": ""算出方法に関する注記"", ""related_code"": ""CHOAVLM""}","{""type"": ""nutrient"", ""basis"": ""可食部100g当たり"", ""category"": ""一般成分"", ""subcategory"": ""炭水化物"", ""name"": ""利用可能炭水化物（質量計）"", ""detail"": ""利用可能炭水化物"", ""unit"": ""g"", ""code"": ""CHOAVL""}","{""type"": ""nutrient"", ""basis"": ""可食部100g当たり"", ""category"": ""一般成分"", ""subcategory"": ""炭水化物"", ""name"": ""差引き法による利用可能炭水化物"", ""detail"": ""利用可能炭水化物"", ""unit"": ""g"", ""code"": ""CHOAVLDF-""}","{""type"": ""annotation"", ""name"": ""差引き法による利用可能炭水化物注記"", ""description"": ""算出方法に関する注記"", ""related_code"": ""CHOAVLDF-""}","{""type"": ""nutrient"", ""basis"": ""可食部100g当たり"", ""category"": ""一般成分"", ""subcategory"": ""炭水化物"", ""name"": ""食物繊維総量"", ""unit"": ""g"", ""code"": ""FIB-""}","{""type"": ""nutrient"", ""basis"": ""可食部100g当たり"", ""category"": ""一般成分"", ""subcategory"": ""炭水化物"", ""name"": ""糖アルコール"", ""unit"": ""g"", ""code"": ""POLYL""}","{""type"": ""nutrient"", ""basis"": ""可食部100g当たり"", ""category"": ""一般成分"", ""subcategory"": ""炭水化物"", ""name"": ""炭水化物"", ""unit"": ""g"", ""code"": ""CHOCDF-""}","{""type"": ""nutrient"", ""basis"": ""可食部100g当たり"", ""category"": ""一般成分"", ""name"": ""有機酸"", ""unit"": ""g"", ""code"": ""OA""}","{""type"": ""nutrient"", ""basis"": ""可食部100g当たり"", ""category"": ""一般成分"", ""name"": ""灰分"", ""unit"": ""g"", ""code"": ""ASH""}","{""type"": ""nutrient"", ""basis"": ""可食部100g当たり"", ""category"": ""無機質"", ""name"": ""ナトリウム"", ""unit"": ""mg"", ""code"": ""NA""}","{""type"": ""nutrient"", ""basis"": ""可食部100g当たり"", ""category"": ""無機質"", ""name"": ""カリウム"", ""unit"": ""mg"", ""code"": ""K""}","{""type"": ""nutrient"", ""basis"": ""可食部100g当たり"", ""category"": ""無機質"", ""name"": ""カルシウム"", ""unit"": ""mg"", ""code"": ""CA""}","{""type"": ""nutrient"", ""basis"": ""可食部100g当たり"", ""category"": ""無機質"", ""name"": ""マグネシウム"", ""unit"": ""mg"", ""code"": ""MG""}","{""type"": ""nutrient"", ""basis"": ""可食部100g当たり"", ""category"": ""無機質"", ""name"": ""リン"", ""unit"": ""mg"", ""code"": ""P""}","{""type"": ""nutrient"", ""basis"": ""可食部100g当たり"", ""category"": ""無機質"", ""name"": ""鉄"", ""unit"": ""mg"", ""code"": ""FE""}","{""type"": ""nutrient"", ""basis"": ""可食部100g当たり"", ""category"": ""無機質"", ""name"": ""亜鉛"", ""unit"": ""mg"", ""code"": ""ZN""}","{""type"": ""nutrient"", ""basis"": ""可食部100g当たり"", ""category"": ""無機質"", ""name"": ""銅"", ""unit"": ""mg"", ""code"": ""CU""}","{""type"": ""nutrient"", ""basis"": ""可食部100g当たり"", ""category"": ""無機質"", ""name"": ""マンガン"", ""unit"": ""mg"", ""code"": ""MN""}","{""type"": ""nutrient"", ""basis"": ""可食部100g当たり"", ""category"": ""無機質"", ""name"": ""ヨウ素"", ""unit"": ""μg"", ""code"": ""ID""}","{""type"": ""nutrient"", ""basis"": ""可食部100g当たり"", ""category"": ""無機質"", ""name"": ""セレン"", ""unit"": ""μg"", ""code"": ""SE""}","{""type"": ""nutrient"", ""basis"": ""可食部100g当たり"", ""category"": ""無機質"", ""name"": ""クロム"", ""unit"": ""μg"", ""code"": ""CR""}","{""type"": ""nutrient"", ""basis"": ""可食部100g当たり"", ""category"": ""無機質"", ""name"": ""モリブデン"", ""unit"": ""μg"", ""code"": ""MO""}","{""type"": ""nutrient"", ""basis"": ""可食部100g当たり"", ""category"": ""ビタミン"", ""subcategory"": ""ビタミンA"", ""name"": ""レチノール"", ""unit"": ""μg"", ""code"": ""RETOL""}","{""type"": ""nutrient"", ""basis"": ""可食部100g当たり"", ""category"": ""ビタミン"", ""subcategory"": ""ビタミンA"", ""name"": ""αカロテン"", ""unit"": ""μg"", ""code"": ""CARTA""}","{""type"": ""nutrient"", ""basis"": ""可食部100g当たり"", ""category"": ""ビタミン"", ""subcategory"": ""ビタミンA"", ""name"": ""βカロテン"", ""unit"": ""μg"", ""code"": ""CARTB""}","{""type"": ""nutrient"", ""basis"": ""可食部100g当たり"", ""category"": ""ビタミン"", ""subcategory"": ""ビタミンA"", ""name"": ""βクリプトキサンチン"", ""unit"": ""μg"", ""code"": ""CRYPXB""}","{""type"": ""nutrient"", ""basis"": ""可食部100g当たり"", ""category"": ""ビタミン"", ""subcategory"": ""ビタミンA"", ""name"": ""βカロテン当量"", ""unit"": ""μg"", ""code"": ""CARTBEQ""}","{""type"": ""nutrient"", ""basis"": ""可食部100g当たり"", ""category"": ""ビタミン"", ""subcategory"": ""ビタミンA"", ""name"": ""レチノール活性当量"", ""unit"": ""μg"", ""code"": ""VITA_RAE""}","{""type"": ""nutrient"", ""basis"": ""可食部100g当たり"", ""category"": ""ビタミン"", ""subcategory"": ""ビタミンD"", ""name"": ""ビタミンD"", ""unit"": ""μg"", ""code"": ""VITD""}","{""type"": ""nutrient"", ""basis"": ""可食部100g当たり"", ""category"": ""ビタミン"", ""subcategory"": ""ビタミンE"", ""name"": ""αトコフェロール"", ""unit"": ""mg"", ""code"": ""TOCPHA""}","{""type"": ""nutrient"", ""basis"": ""可食部100g当たり"", ""category"": ""ビタミン"", ""subcategory"": ""ビタミンE"", ""name"": ""βトコフェロール"", ""unit"": ""mg"", ""code"": ""TOCPHB""}","{""type"": ""nutrient"", ""basis"": ""可食部100g当たり"", ""category"": ""ビタミン"", ""subcategory"": ""ビタミンE"", ""name"": ""γトコフェロール"", ""unit"": ""mg"", ""code"": ""TOCPHG""}","{""type"": ""nutrient"", ""basis"": ""可食部100g当たり"", ""category"": ""ビタミン"", ""subcategory"": ""ビタミンE"", ""name"": ""δトコフェロール"", ""unit"": ""mg"", ""code"": ""TOCPHD""}","{""type"": ""nutrient"", ""basis"": ""可食部100g当たり"", ""category"": ""ビタミン"", ""subcategory"": ""ビタミンK"", ""name"": ""ビタミンK"", ""unit"": ""μg"", ""code"": ""VITK""}","{""type"": ""nutrient"", ""basis"": ""可食部100g当たり"", ""category"": ""ビタミン"", ""subcategory"": ""ビタミンＢ１"", ""name"": ""ビタミンＢ１"", ""unit"": ""mg"", ""code"": ""THIA""}","{""type"": ""nutrient"", ""basis"": ""可食部100g当たり"", ""category"": ""ビタミン"", ""subcategory"": ""ビタミンB２"", ""name"": ""ビタミンB２"", ""unit"": ""mg"", ""code"": ""RIBF""}","{""type"": ""nutrient"", ""basis"": ""可食部100g当たり"", ""category"": ""ビタミン"", ""name"": ""ナイアシン"", ""unit"": ""mg"", ""code"": ""NIA""}","{""type"": ""nutrient"", ""basis"": ""可食部100g当たり"", ""category"": ""ビタミン"", ""name"": ""ナイアシン当量"", ""unit"": ""mg"", ""code"": ""NE""}","{""type"": ""nutrient"", ""basis"": ""可食部100g当たり"", ""category"": ""ビタミン"", ""subcategory"": ""ビタミンＢ６"", ""name"": ""ビタミンＢ６"", ""unit"": ""mg"", ""code"": ""VITB6A""}","{""type"": ""nutrient"", ""basis"": ""可食部100g当たり"", ""category"": ""ビタミン"", ""subcategory"": ""ビタミンＢ１２"", ""name"": ""ビタミンＢ１２"", ""unit"": ""μg"", ""code"": ""VITB12""}","{""type"": ""nutrient"", ""basis"": ""可食部100g当たり"", ""category"": ""ビタミン"", ""name"": ""葉酸"", ""unit"": ""μg"", ""code"": ""FOL""}","{""type"": ""nutrient"", ""basis"": ""可食部100g当たり"", ""category"": ""ビタミン"", ""name"": ""パントテン酸"", ""unit"": ""mg"", ""code"": ""PANTAC""}","{""type"": ""nutrient"", ""basis"": ""可食部100g当たり"", ""category"": ""ビタミン"", ""name"": ""ビオチン"", ""unit"": ""μg"", ""code"": ""BIOT""}","{""type"": ""nutrient"", ""basis"": ""可食部100g当たり"", ""category"": ""ビタミン"", ""subcategory"": ""ビタミンC"", ""name"": ""ビタミンC"", ""unit"": ""mg"", ""code"": ""VITC""}","{""type"": ""nutrient"", ""basis"": ""可食部100g当たり"", ""category"": ""その他成分"", ""name"": ""アルコール"", ""unit"": ""g"", ""code"": ""ALC""}","{""type"": ""nutrient"", ""basis"": ""可食部100g当たり"", ""category"": ""その他成分"", ""name"": ""食塩相当量"", ""unit"": ""g"", ""code"": ""NACL_EQ""}","{""type"": ""remark"", ""name"": ""備考"", ""description"": ""補足情報・注記""}",構造化食品名,理由,スコア
01,01001,0001,アマランサス　玄穀,0,1452,343,13.5,(11.3),12.7,5.0,(0),6.0,63.5,*,57.8,59.9,,7.4,-,64.9,-,2.9,1,600,160,270,540,9.4,5.8,0.92,6.14,1,13,7,59,(0),0,2,0,2,Tr,(0),1.3,2.3,0.2,0.7,(0),0.04,0.14,1.0,(3.8),0.58,(0),130,1.69,16.0,(0),-,0,,"{""baseName"":""アマランサス"",""variety"":""玄穀""}",栄養価の高い雑穀でレシピ素材として適している,8
01,01002,0002,あわ　精白粒,0,1466,346,13.3,10.2,11.2,4.1,(0),4.4,69.6,*,63.3,67.6,,3.3,0,69.7,-,1.4,1,300,14,110,280,4.8,2.5,0.49,0.88,0,2,1,22,(0),(0),(0),(0),(0),(0),(0),0.6,0,2.2,0,(0),0.56,0.07,2.9,6.4,0.18,(0),29,1.83,14.0,0,-,0,うるち、もちを含む\n歩留り： 70～80 %,"{""baseName"":""あわ"",""variety"":""精白粒""}",あわ（精白粒）は穀類の穀物で犬の食材として利用しやすい。,8
01,01004,0004,えんばく　オートミール,0,1479,350,10.0,12.2,13.7,(5.1),(0),5.7,63.1,*,57.4,61.8,,9.4,-,69.1,-,1.5,3,260,47,100,370,3.9,2.1,0.28,-,0,18,0,110,(0),-,-,-,(0),(0),(0),0.6,0.1,0,0,(0),0.20,0.08,1.1,4.5,0.11,(0),30,1.29,22.0,(0),-,0,別名： オート、オーツ,"{""baseName"":""えんばく"",""variety"":""オートミール""}",オートミールは良質な炭水化物と食物繊維源で犬の素材として適切,9
01,01005,0005,おおむぎ　七分つき押麦,0,1454,343,14.0,(9.7),10.9,1.8,(0),2.1,(71.3),*,(64.9),63.3,,10.3,-,72.1,-,0.9,2,220,23,46,180,1.3,1.4,0.32,0.85,-,-,-,-,(0),-,-,-,(0),(0),(0),0.2,Tr,0.1,0,(0),0.22,0.07,3.2,(5.8),0.14,(0),17,0.43,-,(0),-,0,歩留り： 玄皮麦60～65 %、玄裸麦65～70 %,"{""baseName"":""おおむぎ"",""variety"":""七分つき押麦""}",大麦は良質な炭水化物と食物繊維源で犬の素材として適している,8
01,01006,0006,おおむぎ　押麦　乾,0,1395,329,12.7,5.9,6.7,1.2,(0),1.5,72.4,*,65.8,67.2,,12.2,-,78.3,-,0.7,2,210,21,40,160,1.1,1.1,0.22,0.86,0,1,0,11,(0),-,-,-,(0),(0),(0),0.1,0,0,0,(0),0.11,0.03,3.4,5.0,0.13,(0),10,0.40,2.7,(0),-,0,歩留り： 玄皮麦45～55 %、玄裸麦55～65 %\n食物繊維：AOAC2011.25法,"{""baseName"":""おおむぎ"",""variety"":""押麦"",""state"":""乾""}",大麦の押麦は消化性の良い炭水化物と食物繊維が豊富で犬のレシピ素材に適する,9
01,01170,0007,おおむぎ　押麦　めし,0,500,118,68.6,2.0,2.2,0.4,(0),0.5,24.2,,22.0,24.6,*,4.2,-,28.5,-,0.2,Tr,38,6,10,46,0.4,0.4,0.08,0.24,(0),Tr,(0),3,(0),-,-,-,(0),(0),(0),Tr,(0),(0),(0),(0),0.02,Tr,0.8,1.3,0.03,(0),3,0.13,0.8,(0),-,0,乾35 g相当量を含む\n食物繊維：AOAC2011.25法,"{""baseName"":""おおむぎ"",""variety"":""押麦 めし""}",押し麦めしは良質な炭水化物と食物繊維源で犬のレシピ素材として適している,8
01,01007,0008,おおむぎ　米粒麦,0,1407,333,14.0,(6.2),7.0,(1.8),(0),2.1,68.8,,62.5,68.6,*,8.7,-,76.2,-,0.7,2,170,17,25,140,1.2,1.2,0.37,-,Tr,1,Tr,9,(0),-,-,-,(0),(0),(0),0.1,0,0,0,(0),0.19,0.05,2.3,(4.0),0.19,(0),10,0.64,3.5,(0),-,0,別名： 切断麦\n白麦を含む\n歩留り： 玄皮麦40～50 %、玄裸麦50～60 %,"{""baseName"":""おおむぎ"",""variety"":""米粒麦""}",おおむぎ（米粒麦）は穀類で犬のレシピ素材として利用しやすく安全,9
01,01008,0009,おおむぎ　大麦めん　乾,0,1457,343,14.0,(11.7),12.9,(1.4),(0),1.7,(72.2),*,(65.7),63.2,,6.3,-,68.0,-,3.4,1100,240,27,63,200,2.1,1.5,0.33,0.90,-,-,-,-,(0),-,-,-,(0),(0),(0),Tr,Tr,0,0,(0),0.21,0.04,3.5,(6.3),0.09,(0),19,0.64,-,(0),-,2.8,原材料配合割合： 大麦粉 50、小麦粉 50,"{""baseName"":""おおむぎ"",""variety"":""大麦めん"",""state"":""乾""}",大麦めんは消化しやすい穀類の炭水化物で犬のレシピ素材として適している,8
01,01009,0010,おおむぎ　大麦めん　ゆで,0,516,121,70.0,(4.4),4.8,(0.5),(0),0.6,(25.2),*,(22.9),22.3,,2.5,-,24.3,-,0.3,64,10,12,18,61,0.9,0.6,0.13,0.27,-,-,-,-,(0),-,-,-,(0),(0),(0),Tr,Tr,0,0,(0),0.04,0.01,1.0,(2.0),0.01,(0),5,0.26,-,(0),-,0.2,原材料配合割合： 大麦粉 50、小麦粉 50,"{""baseName"":""おおむぎ"",""variety"":""大麦めん"",""state"":""ゆで""}",大麦めんのゆでは炭水化物源として使いやすく犬のレシピ素材に適する,8
01,01010,0011,おおむぎ　麦こがし,0,1553,368,3.5,(11.1),12.5,(4.2),(0),5.0,(80.1),,(72.8),63.8,*,15.5,-,77.1,-,1.9,2,490,43,130,340,3.1,3.8,0.41,1.81,-,-,-,-,(0),-,-,-,(0),(0),(0),0.5,0.1,0.2,0,(0),0.09,0.10,7.6,(11.0),0.09,(0),24,0.28,-,(0),-,0,別名： こうせん、はったい粉,"{""baseName"":""おおむぎ"",""variety"":""麦こがし""}",麦こがしは穀物として安全で利用可能（消化を考慮）,8
01,01167,0012,キヌア　玄穀,0,1455,344,12.2,9.7,13.4,2.7,0,3.2,60.7,,55.4,67.1,*,6.2,-,69.0,-,2.2,35,580,46,180,410,4.3,2.8,0.47,2.45,2,3,3,23,0,0,11,1,12,1,(0),2.6,0.1,4.0,0.1,Tr,0.45,0.24,1.2,4.0,0.39,Tr,190,0.95,23.0,0,-,0.1,,"{""baseName"":""キヌア"",""variety"":""玄穀""}",キヌア玄穀は良質の穀類で栄養価が高く素材として使用可能,8
01,01011,0013,きび　精白粒,0,1496,353,13.8,10.0,11.3,2.9,(0),3.3,71.5,,65.0,70.9,*,1.6,0.1,70.9,-,0.7,2,200,9,84,160,2.1,2.7,0.38,-,0,2,1,16,(0),(0),(0),(0),(0),(0),(0),Tr,Tr,0.5,0.3,(0),0.34,0.09,3.7,6.2,0.20,(0),13,0.95,7.9,0,-,0,うるち、もちを含む\n歩留り： 70～80 %,"{""baseName"":""きび"",""variety"":""精白粒""}",きび（精白粒）は穀類の炭水化物源として利用でき、犬のレシピ素材として適切。,8
01,01012,0014,こむぎ　［玄穀］　国産　普通,0,1391,329,12.5,9.5,10.8,2.5,(0),3.1,64.3,*,58.5,59.8,,14.0,-,72.1,-,1.6,2,440,26,82,350,3.2,2.6,0.38,3.90,1,3,1,29,(0),-,-,-,(0),(0),(0),1.2,0.6,0,0,(0),0.41,0.09,6.3,8.9,0.35,(0),38,1.03,7.5,(0),-,0,食物繊維：AOAC2011.25法,"{""baseName"":""こむぎ"",""variety"":""普通"",""origin"":""国産"",""notes"":[""玄穀""]}",こむぎ（玄穀）。全粒の穀類は食物繊維や栄養があり穀物源として利用可能。,8
01,01013,0015,こむぎ　［玄穀］　輸入　軟質,0,1457,344,10.0,-,10.1,2.7,(0),3.3,68.4,*,62.2,64.6,,11.2,-,75.2,-,1.4,2,390,36,110,290,2.9,1.7,0.32,3.79,0,5,1,19,(0),-,-,-,(0),(0),(0),1.2,0.6,0,0,(0),0.49,0.09,5.0,6.7,0.34,(0),40,1.07,9.6,(0),-,0,,"{""baseName"":""こむぎ"",""variety"":""軟質"",""origin"":""輸入"",""notes"":[""玄穀""]}",全粒の炭水化物源で栄養価が高いが、消化性に配慮が必要。,7
01,01014,0016,こむぎ　［玄穀］　輸入　硬質,0,1406,332,13.0,-,13.0,2.5,(0),3.0,62.6,*,57.0,58.5,,11.4,-,69.4,-,1.6,2,340,26,140,320,3.2,3.1,0.43,4.09,0,54,1,47,(0),-,-,-,(0),(0),(0),1.2,0.6,0,0,(0),0.35,0.09,5.8,8.0,0.34,(0),49,1.29,11.0,(0),-,0,,"{""baseName"":""こむぎ"",""variety"":""硬質"",""origin"":""輸入"",""notes"":[""玄穀""]}",硬質小麦の玄穀で炭水化物源。加熱調理してから使用する前提で適している。,8
01,01015,0017,こむぎ　［小麦粉］　薄力粉　1等,0,1485,349,14.0,7.7,8.3,1.3,(0),1.5,80.3,*,73.1,74.1,,2.5,-,75.8,-,0.4,Tr,110,20,12,60,0.5,0.3,0.08,0.43,Tr,4,2,12,0,-,-,-,(0),(0),0,0.3,0.2,0,0,(0),0.11,0.03,0.6,2.4,0.03,0,9,0.53,1.2,(0),-,0,(100 g： 182 mL、100 mL：55 g),"{""baseName"":""こむぎ"",""variety"":""薄力粉"",""grade"":""1等"",""notes"":[""小麦粉""]}",薄力粉は調理素材として幅広く使え、つなぎや加熱加工で安全に利用できる,8
01,01016,0018,こむぎ　［小麦粉］　薄力粉　2等,0,1467,345,14.0,8.3,9.3,(1.6),(0),1.9,77.7,*,70.7,72.9,,2.6,-,74.3,-,0.5,Tr,130,23,30,77,0.9,0.7,0.18,0.77,0,3,2,14,0,-,-,-,(0),(0),0,1.0,0.5,0,0,(0),0.21,0.04,1.0,2.9,0.09,0,14,0.62,2.5,(0),-,0,(100 g： 182 mL、100 mL：55 g),"{""baseName"":""こむぎ"",""variety"":""薄力粉"",""grade"":""2等"",""notes"":[""小麦粉""]}",薄力粉は炭水化物源として使いやすく一般的に素材として問題ない,8
01,01018,0019,こむぎ　［小麦粉］　中力粉　1等,0,1435,337,14.0,8.3,9.0,1.4,(0),1.6,76.4,*,69.5,73.2,,2.8,-,75.1,-,0.4,1,100,17,18,64,0.5,0.5,0.11,0.43,0,7,Tr,9,0,-,-,-,(0),(0),0,0.3,0.2,0,0,(0),0.10,0.03,0.6,2.4,0.05,0,8,0.47,1.5,(0),-,0,(100 g： 182 mL、100 mL：55 g),"{""baseName"":""こむぎ"",""variety"":""中力粉"",""grade"":""1等"",""notes"":[""小麦粉""]}",中力粉は炭水化物源として幅広く使える一般的な素材。,8
01,01019,0020,こむぎ　［小麦粉］　中力粉　2等,0,1466,346,14.0,8.9,9.7,(1.6),(0),1.8,73.1,,66.5,73.0,*,2.1,-,74.0,-,0.5,1,110,24,26,80,1.1,0.6,0.14,0.77,0,7,2,10,0,-,-,-,(0),(0),0,0.8,0.4,0,0,(0),0.22,0.04,1.2,3.1,0.07,0,12,0.66,2.6,(0),-,0,(100 g： 182 mL、100 mL：55 g),"{""baseName"":""こむぎ"",""variety"":""中力粉"",""grade"":""2等"",""notes"":[""小麦粉""]}",中力粉は調理の基材として広く使えるが、グルテン感受性には留意。,8
01,01020,0021,こむぎ　［小麦粉］　強力粉　1等,0,1432,337,14.5,11.0,11.8,1.3,(0),1.5,73.5,*,66.8,70.1,,2.7,-,71.7,-,0.4,Tr,89,17,23,64,0.9,0.8,0.15,0.32,0,39,1,26,0,-,-,-,(0),(0),0,0.3,0.2,0,0,(0),0.09,0.04,0.8,3.1,0.06,0,16,0.77,1.7,(0),-,0,(100 g： 182 mL、100 mL：55 g),"{""baseName"":""こむぎ"",""variety"":""強力粉"",""grade"":""1等"",""notes"":[""小麦粉""]}",強力粉は焼いて利用することで炭水化物源として使える。生粉の取り扱いには衛生面の注意が必要。,7
01,01021,0022,こむぎ　［小麦粉］　強力粉　2等,0,1455,343,14.5,11.9,12.6,(1.5),(0),1.7,70.0,,63.6,69.5,*,2.1,-,70.6,-,0.5,Tr,86,21,36,86,1.0,1.0,0.19,0.58,0,49,1,30,0,-,-,-,(0),(0),0,0.5,0.2,0,0,(0),0.13,0.04,1.1,3.6,0.08,0,18,0.93,2.6,(0),-,0,(100 g： 182 mL、100 mL：55 g),"{""baseName"":""こむぎ"",""variety"":""強力粉"",""grade"":""2等"",""notes"":[""小麦粉""]}",強力粉は一般的な素材でおやつや調理素材として使用可能,8
01,01023,0023,こむぎ　［小麦粉］　強力粉　全粒粉,0,1356,320,14.5,(11.7),12.8,(2.4),(0),2.9,(61.2),*,(55.6),58.6,,11.2,-,68.2,-,1.6,2,330,26,140,310,3.1,3.0,0.42,4.02,0,47,3,44,(0),-,-,-,(0),(0),(0),1.0,0.5,0,0,(0),0.34,0.09,5.7,(8.5),0.33,(0),48,1.27,11.0,(0),-,0,(100 g： 182 mL、100 mL：55 g),"{""baseName"":""こむぎ"",""variety"":""強力粉 全粒粉"",""notes"":[""小麦粉""]}",全粒粉の強力粉は炭水化物と食物繊維の供給源として素材使用に適している,7
01,01026,0030,こむぎ　［パン類］　角形食パン　食パン,0,1050,248,39.2,7.4,8.9,3.7,0,4.1,48.2,*,44.2,44.1,,4.2,0,46.4,-,1.4,470,86,22,18,67,0.5,0.5,0.09,0.25,1,22,1,15,0,0,4,0,4,0,0,0.4,0.1,0.3,0.1,0,0.07,0.05,1.1,2.6,0.03,Tr,30,0.42,2.3,0,-,1.2,食物繊維：AOAC2011.25法,"{""baseName"":""こむぎ"",""variety"":""角形食パン 食パン"",""notes"":[""パン類""]}",食パンは炭水化物源として利用可能だが、量や添加物に注意が必要。,7
01,01174,0031,こむぎ　［パン類］　角形食パン　焼き,0,1138,269,33.6,8.3,9.7,4.0,-,4.5,52.1,*,47.8,47.9,,4.6,-,50.6,-,1.6,520,93,26,20,77,0.5,0.6,0.10,0.28,1,25,1,17,-,-,-,-,-,-,-,0.4,0.1,0.3,0.1,-,0.07,0.05,1.2,2.9,0.03,-,30,0.45,2.2,0,-,1.3,食物繊維：AOAC2011.25法,"{""baseName"":""こむぎ"",""variety"":""角形食パン"",""state"":""焼き"",""notes"":[""パン類""]}",小麦由来の食パンは少量であれば与えやすい炭水化物源だが塩分や添加物に注意。,7
01,01030,0038,こむぎ　［パン類］　乾パン,0,1639,386,5.5,(8.7),9.5,(4.0),(Tr),4.4,(82.2),*,(74.9),76.8,,3.1,0,78.8,Tr,1.8,490,160,30,27,95,1.2,0.6,0.18,0.82,-,-,-,-,(0),-,-,-,(0),(0),(0),1.1,0.3,0.7,0.1,(Tr),0.14,0.06,0.9,(2.8),0.06,(0),20,0.41,-,(0),-,1.2,,"{""baseName"":""こむぎ"",""variety"":""乾パン"",""notes"":[""パン類""]}",小麦由来の炭水化物で消化可能だが栄養密度は低く補助的な素材としての適性。,7
01,01031,0039,こむぎ　［パン類］　フランスパン,0,1231,289,30.0,8.6,9.4,(1.1),(0),1.3,63.9,*,58.2,55.8,,2.7,-,57.5,-,1.8,620,110,16,22,72,0.9,0.8,0.14,0.39,Tr,29,1,20,(0),0,0,0,0,(0),(0),0.1,0.1,0.1,Tr,(0),0.08,0.05,1.1,2.9,0.04,(0),33,0.45,1.9,(0),-,1.6,,"{""baseName"":""こむぎ"",""variety"":""フランスパン"",""notes"":[""パン類""]}",焼きパンは一般に消化可能な炭水化物源だが高塩分・高脂質の添加に注意,8
01,01037,0048,こむぎ　［パン類］　ナン,0,1086,257,37.2,9.3,10.3,3.1,(0),3.4,(45.6),,(41.6),46.9,*,2.0,-,47.6,-,1.5,530,97,11,22,77,0.8,0.7,0.11,0.30,-,-,-,-,(0),0,0,0,0,(0),(0),0.6,0.1,0.7,0,(0),0.13,0.06,1.3,(3.4),0.05,(0),36,0.55,-,(0),-,1.3,,"{""baseName"":""こむぎ"",""variety"":""ナン"",""notes"":[""パン類""]}",ナン（小麦製）は消化しやすい炭水化物源として利用可能な素材。,8
01,01039,0051,こむぎ　［うどん・そうめん類］　うどん　ゆで,0,402,95,75.0,2.3,2.6,(0.3),(0),0.4,21.4,*,19.5,20.7,,1.3,0,21.6,-,0.4,120,9,6,6,18,0.2,0.1,0.04,0.12,Tr,2,1,2,(0),0,0,0,0,(0),(0),0.1,0.1,0,0,-,0.02,0.01,0.2,0.7,0.01,(0),2,0.13,0.3,(0),-,0.3,きしめん、ひもかわを含む\n食物繊維：AOAC2011.25法,"{""baseName"":""こむぎ"",""variety"":""うどん"",""state"":""ゆで"",""notes"":[""うどん・そうめん類""]}",茹でうどんは消化しやすい炭水化物源で犬のレシピ素材として利用しやすい,8
01,01186,0052,こむぎ　［うどん・そうめん類］　うどん　半生うどん,0,1257,296,23.8,(6.6),(7.8),(2.9),(0),(3.4),(63.0),*,(57.4),(60.0),,4.1,(0.1),(62.5),-,(2.5),(1200),(98),(22),(15),(64),(0.6),(0.3),(0.09),(0.45),(2),(6),(2),(8),0,0,0,0,0,(0),(0),(0.2),(0.2),0,0,-,(0.10),(0.03),(0.7),(2.1),(0.03),(0),(6),(0.41),(0.9),(0),-,(3.0),食物繊維：AOAC2011.25法,"{""baseName"":""こむぎ"",""variety"":""うどん 半生うどん"",""notes"":[""うどん・そうめん類""]}",半生うどんは炭水化物源として使えるが加工品であり塩分・調味に注意が必要,7
01,01041,0053,こむぎ　［うどん・そうめん類］　干しうどん　乾,0,1420,333,13.5,8.0,8.5,(1.0),(0),1.1,(76.8),*,(69.9),70.2,,2.4,-,71.9,-,5.0,1700,130,17,19,70,0.6,0.4,0.11,0.50,0,10,1,12,(0),0,0,0,0,(0),(0),0.3,0.2,0,0,(0),0.08,0.02,0.9,2.5,0.04,(0),9,0.45,1.3,(0),-,4.3,,"{""baseName"":""こむぎ"",""variety"":""干しうどん"",""state"":""乾"",""notes"":[""うどん・そうめん類""]}",干しうどんは消化しやすい炭水化物源として使用可能,7
01,01042,0054,こむぎ　［うどん・そうめん類］　干しうどん　ゆで,0,498,117,70.0,(2.9),3.1,(0.4),(0),0.5,(26.7),*,(24.2),25.4,,0.7,-,25.8,-,0.6,210,14,7,4,24,0.2,0.1,0.04,0.14,-,-,-,-,(0),0,0,0,0,(0),(0),0.1,0.1,0,0,(0),0.02,0.01,0.2,(0.8),0.01,(0),2,0.14,-,(0),-,0.5,,"{""baseName"":""こむぎ"",""variety"":""干しうどん"",""state"":""ゆで"",""notes"":[""うどん・そうめん類""]}",ゆでうどんは調理済みの炭水化物源で犬のレシピに使いやすい。,7
01,01043,0055,こむぎ　［うどん・そうめん類］　そうめん・ひやむぎ　乾,0,1413,333,12.5,8.8,9.5,(1.0),(0),1.1,71.5,,65.1,71.0,*,2.5,0,72.7,-,4.2,1500,120,17,22,70,0.6,0.4,0.12,0.44,0,16,1,14,(0),0,0,0,0,(0),(0),0.3,0.2,0,0,(0),0.08,0.02,0.9,2.8,0.03,(0),8,0.70,1.3,(0),-,3.8,,"{""baseName"":""こむぎ"",""variety"":""そうめん・ひやむぎ"",""state"":""乾"",""notes"":[""うどん・そうめん類""]}",乾麺のそうめん・ひやむぎは小麦由来の炭水化物源として利用可能,8
01,01044,0056,こむぎ　［うどん・そうめん類］　そうめん・ひやむぎ　ゆで,0,487,114,70.0,(3.3),3.5,(0.3),(0),0.4,25.6,*,23.3,25.1,,0.9,0,25.8,-,0.3,85,5,6,5,24,0.2,0.2,0.05,0.12,0,6,1,3,(0),0,0,0,0,(0),(0),0.1,0.1,0,0,(0),0.02,0.01,0.2,(0.9),Tr,(0),2,0.25,0.4,(0),-,0.2,,"{""baseName"":""こむぎ"",""variety"":""そうめん・ひやむぎ"",""state"":""ゆで"",""notes"":[""うどん・そうめん類""]}",ゆでた小麦麺は消化しやすい炭水化物源だが、たんぱく質等は少ないため補助的素材として適する。,7
01,01045,0057,こむぎ　［うどん・そうめん類］　手延そうめん・手延ひやむぎ　乾,0,1329,312,14.0,8.6,9.3,1.4,(0),1.5,69.7,*,63.5,67.9,,1.8,-,68.9,-,6.3,2300,110,20,23,70,0.6,0.4,0.14,0.43,1,22,1,16,(0),0,0,0,0,(0),(0),0.1,0.1,0.1,0,(0),0.06,0.02,0.9,2.7,0.03,(0),10,0.52,1.1,(0),-,5.8,,"{""baseName"":""こむぎ"",""variety"":""手延そうめん・手延ひやむぎ"",""state"":""乾"",""notes"":[""うどん・そうめん類""]}",炭水化物源として利用可能だが、小麦アレルギーの犬もいるため留意が必要。,7
01,01046,0058,こむぎ　［うどん・そうめん類］　手延そうめん・手延ひやむぎ　ゆで,0,506,119,70.0,(3.2),3.5,(0.6),(0),0.6,(24.3),,(22.2),24.8,*,1.0,-,25.5,-,0.4,130,5,6,4,23,0.2,0.1,0.05,0.12,-,-,-,-,(0),0,0,0,0,(0),(0),Tr,Tr,0,0,(0),0.03,0.01,0.2,(0.9),0,(0),2,0.16,-,(0),-,0.3,,"{""baseName"":""こむぎ"",""variety"":""手延そうめん・手延ひやむぎ"",""state"":""ゆで"",""notes"":[""うどん・そうめん類""]}",ゆでた小麦麺で炭水化物源として使用可能,7
01,01047,0059,こむぎ　［中華めん類］　中華めん　生,0,1057,249,33.0,8.5,8.6,(1.0),(0),1.2,52.2,*,47.6,50.4,,5.4,0.1,55.7,-,1.5,410,350,21,13,66,0.5,0.4,0.09,0.35,Tr,33,1,20,(0),0,0,0,0,(0),(0),0.2,0.1,0,0,-,0.02,0.02,0.6,2.3,0.02,(0),8,0.55,1.0,(0),-,1.0,食物繊維：AOAC2011.25法,"{""baseName"":""こむぎ"",""variety"":""中華めん"",""state"":""生"",""notes"":[""中華めん類""]}",小麦を主成分とする麺類で炭水化物源として使用可。調理して与えるのが一般的,7
01,01050,0064,こむぎ　［中華めん類］　干し中華めん　乾,0,1433,337,14.7,(11.5),11.7,(1.4),(0),1.6,71.4,*,65.0,64.5,,6.0,0.1,70.2,-,1.9,410,300,21,23,82,1.1,0.5,0.15,0.44,0,24,1,18,(0),0,0,0,0,(0),(0),0.2,0.1,0,0,-,0.02,0.03,0.8,(3.1),0.05,(0),11,0.76,1.4,(0),-,1.0,食物繊維：AOAC2011.25法,"{""baseName"":""こむぎ"",""variety"":""干し中華めん"",""state"":""乾"",""notes"":[""中華めん類""]}",干し中華めんは炭水化物源として利用可能な加工穀類,7
01,01051,0065,こむぎ　［中華めん類］　干し中華めん　ゆで,0,558,131,66.8,(4.8),4.9,(0.4),(0),0.5,28.0,*,25.4,25.1,,2.6,0,27.5,-,0.3,66,42,13,10,29,0.4,0.2,0.05,0.18,0,9,Tr,4,(0),0,0,0,0,(0),(0),Tr,Tr,0,0,-,0,0,0.1,(1.1),0.01,Tr,3,0.25,0.5,(0),-,0.2,食物繊維：AOAC2011.25法,"{""baseName"":""こむぎ"",""variety"":""干し中華めん"",""state"":""ゆで"",""notes"":[""中華めん類""]}",ゆで麺は原材料が小麦主体の安全な炭水化物源で、料理素材として利用可能。,7
01,01190,0077,こむぎ　［即席めん類］　即席中華めん　非油揚げ　ゆで　（添付調味料等を含まないもの）,0,588,139,63.9,3.3,3.4,0.6,1,0.8,29.2,,26.6,28.7,*,2.7,0,31.0,-,0.9,230,64,94,8,46,0.2,0.2,0.04,0.17,1,5,2,4,0,10,27,0,31,3,0,0.7,0.2,3.9,1.7,0,Tr,Tr,0.4,1.1,0.01,0,3,0.12,0.6,0,-,0.6,添付調味料等を含まない\n食物繊維：AOAC2011.25法,"{""baseName"":""こむぎ"",""variety"":""即席中華めん 非油揚げ"",""state"":""ゆで"",""notes"":[""即席めん類"",""添付調味料等を含まないもの""]}",ゆでた即席中華めんは炭水化物源として利用可能,7
01,01063,0093,こむぎ　［マカロニ・スパゲッティ類］　マカロニ・スパゲッティ　乾,0,1476,347,11.3,12.0,12.9,1.5,(0),1.8,73.4,*,66.9,68.9,,5.4,-,73.1,-,0.8,1,200,18,55,130,1.4,1.5,0.28,0.82,0,63,1,53,(0),-,-,-,9,1,(0),0.3,0.2,0,0,(0),0.19,0.06,2.3,4.9,0.11,(0),13,0.65,4.0,(0),-,0,食物繊維：AOAC2011.25法,"{""baseName"":""こむぎ"",""variety"":""マカロニ・スパゲッティ"",""state"":""乾"",""notes"":[""マカロニ・スパゲッティ類""]}",乾燥マカロニは炭水化物源として利用可能な素材,8
01,01064,0094,こむぎ　［マカロニ・スパゲッティ類］　マカロニ・スパゲッティ　ゆで,0,636,150,60.0,5.3,5.8,0.7,(0),0.9,31.3,*,28.5,29.7,,3.0,-,32.2,-,1.2,460,14,8,20,53,0.7,0.7,0.14,0.35,0,32,1,13,(0),-,-,-,(0),(0),(0),0.1,0.1,0,0,(0),0.06,0.03,0.6,1.7,0.02,(0),4,0.28,1.6,(0),-,1.2,1.5 %食塩水でゆでた場合\n食物繊維：AOAC2011.25法,"{""baseName"":""こむぎ"",""variety"":""マカロニ・スパゲッティ"",""state"":""ゆで"",""notes"":[""マカロニ・スパゲッティ類""]}",ゆでたマカロニ・スパゲッティは消化しやすい炭水化物源で犬のレシピ素材として適切。,8
01,01149,0096,こむぎ　［マカロニ・スパゲッティ類］　生パスタ　生,0,982,232,42.0,7.5,7.8,1.7,(0),1.9,46.1,,42.2,45.9,*,1.5,0,46.9,-,1.4,470,76,12,18,73,0.5,0.5,0.12,0.32,-,-,-,-,(0),(0),(0),(0),(0),(0),-,0.1,Tr,0.2,Tr,(0),0.05,0.04,1.1,2.6,0.05,(0),9,0.27,-,(0),-,1.2,デュラム小麦100 %以外のものも含む\nビタミンB2無添加のもの,"{""baseName"":""こむぎ"",""variety"":""生パスタ"",""state"":""生"",""notes"":[""マカロニ・スパゲッティ類""]}",生パスタ（小麦）は消化性のある炭水化物源として使用可能だが加工食品である,7
01,01066,0098,こむぎ　［ふ類］　焼きふ　釜焼きふ,0,1511,357,11.3,26.8,28.5,(2.3),(0),2.7,-,,-,55.2,*,3.7,-,56.9,-,0.6,6,120,33,43,130,3.3,2.2,0.32,-,-,-,-,-,(0),-,-,-,(0),(0),(0),0.5,0.4,2.6,2.3,(0),0.16,0.07,3.5,9.0,0.08,(0),16,0.58,-,(0),-,0,平釜焼きふ（小町ふ、切りふ、おつゆふ等）及び型釜焼きふ（花ふ等）,"{""baseName"":""こむぎ"",""variety"":""焼きふ 釜焼きふ"",""notes"":[""ふ類""]}",焼きふ（小麦由来のふ類）は穀物由来の素材として利用可能,7
01,01067,0099,こむぎ　［ふ類］　焼きふ　板ふ,0,1488,351,12.5,(23.6),25.6,(2.9),(0),3.3,-,,-,55.9,*,3.8,-,57.3,-,1.3,190,220,31,90,220,4.9,2.9,0.49,1.54,-,-,-,-,(0),-,-,-,(0),(0),(0),0.6,0.5,0.6,0.6,(0),0.20,0.08,3.6,(8.5),0.16,(0),22,0.79,-,(0),-,0.5,,"{""baseName"":""こむぎ"",""variety"":""焼きふ 板ふ"",""notes"":[""ふ類""]}",焼きふ（板ふ）は小麦由来の加工品でアレルギーや消化を考慮する必要があるが、素材として使える。,7
01,01068,0100,こむぎ　［ふ類］　焼きふ　車ふ,0,1528,361,11.4,(27.8),30.2,(2.9),(0),3.4,-,,-,54.4,*,2.6,-,54.2,-,0.8,110,130,25,53,130,4.2,2.7,0.42,1.23,-,-,-,-,(0),-,-,-,(0),(0),(0),0.4,0.4,0,0,(0),0.12,0.07,2.9,(8.7),0.07,(0),11,0.47,-,(0),-,0.3,,"{""baseName"":""こむぎ"",""variety"":""焼きふ 車ふ"",""notes"":[""ふ類""]}",小麦製の伝統食材（ふ類）で消化性やアレルギーに配慮すれば素材として使える。,7
01,01071,0103,こむぎ　［その他］　小麦たんぱく　粉末状,0,1682,398,6.5,71.2,72.0,(6.7),(0),9.7,-,,-,12.0,*,2.4,-,10.6,-,1.2,60,90,75,75,180,6.6,5.0,0.75,2.67,-,-,-,-,(0),-,-,-,12,1,(0),1.1,1.1,0,0,(0),0.03,0.12,3.5,17.0,0.10,(0),34,0.61,-,0,-,0.2,,"{""baseName"":""こむぎ"",""variety"":""小麦たんぱく 粉末状"",""notes"":[""その他""]}",小麦たんぱくはタンパク源として利用できるが一部で消化性に注意,7
01,01074,0107,こむぎ　［その他］　ぎょうざの皮　生,0,1172,275,32.0,(8.4),9.3,(1.2),0,1.4,(60.4),*,(54.9),55.9,,2.2,-,57.0,-,0.3,2,64,16,18,60,0.8,0.6,0.12,0.28,-,-,-,-,(0),-,-,-,(0),(0),(0),0.2,0.2,0,0,0,0.08,0.04,0.7,(2.5),0.06,(0),12,0.61,-,0,-,0,,"{""baseName"":""こむぎ"",""variety"":""ぎょうざの皮"",""state"":""生"",""notes"":[""その他""]}",小麦のぎょうざの皮は炭水化物源として利用可能で犬のレシピ素材として適切,8
01,01179,0109,こむぎ　［その他］　春巻きの皮　生,0,1218,288,26.7,-,8.3,-,Tr,1.6,-,,-,57.7,*,4.5,-,62.2,-,1.2,440,77,13,13,54,0.3,0.3,0.09,0.23,1,18,1,12,-,0,Tr,0,Tr,0,0,Tr,Tr,Tr,0,1,0.03,0.01,0.7,2.0,0.03,Tr,9,0.18,0.9,-,-,1.1,食物繊維：AOAC2011.25法,"{""baseName"":""こむぎ"",""variety"":""春巻きの皮"",""state"":""生"",""notes"":[""その他""]}",春巻きの皮（小麦由来の生地）は炭水化物源として利用できるが加工度があるため一般的な素材評価とする。,7
01,01077,0113,こむぎ　［その他］　パン粉　生,0,1173,277,35.0,(9.1),11.0,(4.6),(0),5.1,(51.5),*,(47.2),47.0,,3.0,-,47.6,-,1.3,350,110,25,29,97,1.1,0.7,0.15,0.47,-,-,-,-,(0),0,3,0,3,Tr,(0),0.3,0.2,0.4,0.3,(Tr),0.11,0.02,1.2,(3.1),0.05,(0),40,0.41,-,(0),-,0.9,(100 g：621 mL、100 mL：16.1 g),"{""baseName"":""こむぎ"",""variety"":""パン粉"",""state"":""生"",""notes"":[""その他""]}",パン粉は小麦由来の炭水化物素材として利用できるが加工品である点に留意。,7
01,01078,0114,こむぎ　［その他］　パン粉　半生,0,1336,315,26.0,(10.4),12.5,(5.2),(0),5.8,(58.6),*,(53.8),53.5,,3.5,-,54.3,-,1.4,400,130,28,34,110,1.2,0.8,0.17,0.53,-,-,-,-,(0),0,4,0,4,Tr,(0),0.4,0.2,0.4,0.3,(Tr),0.13,0.03,1.4,(3.5),0.06,(0),46,0.47,-,(0),-,1.0,,"{""baseName"":""こむぎ"",""variety"":""パン粉 半生"",""notes"":[""その他""]}",パン粉は衣付けなどに使える加工小麦製品で素材として利用可能だが加工度が高い,7
01,01150,0116,こむぎ　［その他］　冷めん　生,0,1058,249,36.4,3.4,3.9,0.6,(0),0.7,57.6,,52.4,57.1,*,1.1,Tr,57.6,-,1.4,530,59,11,12,57,0.3,0.2,0.05,0.21,-,-,-,-,(0),(0),(0),(0),(0),(0),-,0,0,Tr,0,(0),0.04,Tr,0.4,1.2,0.02,(0),4,0.11,-,(0),-,1.3,,"{""baseName"":""こむぎ"",""variety"":""冷めん"",""state"":""生"",""notes"":[""その他""]}",冷めん（小麦）は炭水化物源として使えるが加工穀類である,7
01,01080,0117,こめ　［水稲穀粒］　玄米,0,1472,346,14.9,6.0,6.8,2.5,(0),2.7,78.4,*,71.3,72.4,,3.0,-,74.3,-,1.2,1,230,9,110,290,2.1,1.8,0.27,2.06,Tr,3,0,65,(0),0,1,0,1,Tr,(0),1.2,0.1,0.1,0,(0),0.41,0.04,6.3,8.0,0.45,(0),27,1.37,6.0,(0),-,0,うるち米\n(100 g：120 mL、100 mL：83 g),"{""baseName"":""こめ"",""variety"":""玄米"",""notes"":[""水稲穀粒""]}",玄米は穀類として栄養源になり得る（炭水化物・食物繊維）ため犬の素材として適切,9
01,01081,0118,こめ　［水稲穀粒］　半つき米,0,1470,345,14.9,(5.6),6.5,(1.7),(0),1.8,81.5,*,74.1,75.7,,1.4,-,75.9,-,0.8,1,150,7,64,210,1.5,1.6,0.24,1.40,Tr,2,0,76,(0),(0),(0),(0),(0),(0),(0),0.8,Tr,0.1,0,(0),0.30,0.03,3.5,(5.1),0.28,(0),18,1.00,3.5,(0),-,0,うるち米\n歩留り： 95～96 %\n(100 g：120 mL、100 mL：83 g),"{""baseName"":""こめ"",""variety"":""半つき米"",""notes"":[""水稲穀粒""]}",半つき米は精白度の低い米で炭水化物や食物繊維の供給源として適している,9
01,01082,0119,こめ　［水稲穀粒］　七分つき米,0,1483,348,14.9,(5.4),6.3,(1.4),(0),1.5,83.3,*,75.8,76.8,,0.9,-,76.6,-,0.6,1,120,6,45,180,1.3,1.5,0.23,1.05,0,2,Tr,73,(0),(0),(0),(0),(0),(0),(0),0.4,Tr,0,0,(0),0.24,0.03,1.7,(3.2),0.20,(0),15,0.84,2.9,(0),-,0,うるち米\n歩留り： 92～94 %\n(100 g：120 mL、100 mL：83 g),"{""baseName"":""こめ"",""variety"":""七分つき米"",""notes"":[""水稲穀粒""]}",七分つき米は利用しやすい穀類で犬のレシピ素材として適している,9
01,01083,0120,こめ　［水稲穀粒］　精白米　うるち米,0,1455,342,14.9,5.3,6.1,0.8,(0),0.9,83.1,*,75.6,78.1,,0.5,-,77.6,-,0.4,1,89,5,23,95,0.8,1.4,0.22,0.81,0,2,0,69,(0),0,0,0,0,(0),(0),0.1,Tr,0,0,0,0.08,0.02,1.2,2.6,0.12,(0),12,0.66,1.4,(0),-,0,うるち米\n歩留り： 90～91 %\n(100 g：120 mL、100 mL：83 g),"{""baseName"":""こめ"",""variety"":""精白米 うるち米"",""notes"":[""水稲穀粒""]}",精白米（うるち米）は消化しやすい炭水化物で犬のレシピ素材として適している。,9
01,01151,0121,こめ　［水稲穀粒］　精白米　もち米,0,1455,343,14.9,5.8,6.4,1.0,(0),1.2,77.6,,70.5,77.4,*,(0.5),0,77.2,-,0.4,Tr,97,5,33,100,0.2,1.5,0.22,1.30,0,2,0,79,(0),(0),(0),(0),(0),(0),(0),(0.2),0,(0),(0),(0),0.12,0.02,1.6,3.1,(0.12),(0),(12),(0.67),(1.4),(0),-,0,歩留り： 90～91 %\n(100 g：120 mL、100 mL：83 g),"{""baseName"":""こめ"",""variety"":""精白米 もち米"",""notes"":[""水稲穀粒""]}",精白もち米は消化しやすい炭水化物源でレシピ素材として適する,9
01,01152,0122,こめ　［水稲穀粒］　精白米　インディカ米,0,1472,347,13.7,6.4,7.4,0.7,(0),0.9,80.3,,73.0,78.3,*,0.5,-,77.7,-,0.4,1,68,5,18,90,0.5,1.6,0.20,0.88,0,7,2,62,(0),0,0,0,0,(0),(0),Tr,0,0,0,(0),0.06,0.02,1.1,2.9,0.08,(0),16,0.61,2.0,(0),-,0,うるち米 歩留り： 90～91 %\n(100 g：120 mL、100 mL：83 g),"{""baseName"":""こめ"",""variety"":""精白米 インディカ米"",""notes"":[""水稲穀粒""]}",精白米は消化の良い炭水化物で犬のレシピ素材として適している,9
01,01084,0123,こめ　［水稲穀粒］　はいが精米,0,1460,343,14.9,-,6.5,1.9,(0),2.0,79.4,*,72.2,74.7,,1.3,-,75.8,-,0.7,1,150,7,51,150,0.9,1.6,0.22,1.54,0,2,Tr,57,(0),(0),(0),(0),(0),(0),(0),0.9,Tr,0.1,0,(0),0.23,0.03,3.1,4.2,0.22,(0),18,1.00,3.3,(0),-,0,うるち米\n歩留り： 91～93 %\n(100 g：120 mL、100 mL：83 g),"{""baseName"":""こめ"",""variety"":""はいが精米"",""notes"":[""水稲穀粒""]}",消化しやすい主食の炭水化物源で、犬のレシピ素材として適している,9
01,01153,0124,こめ　［水稲穀粒］　発芽玄米,0,1440,339,14.9,5.5,6.5,2.8,(0),3.3,76.2,*,69.3,72.6,,3.1,-,74.3,-,1.1,3,160,13,120,280,1.0,1.9,0.23,2.07,-,-,-,-,(0),(0),(0),(0),(0),(0),(0),1.2,0.1,0.2,0,0,0.35,0.02,4.9,6.4,0.34,(0),18,0.75,-,(0),-,0,うるち米\n試料： ビタミンB1強化品含む\n(100 g：120 mL、100 mL：83 g),"{""baseName"":""こめ"",""variety"":""発芽玄米"",""notes"":[""水稲穀粒""]}",発芽玄米は消化しやすい穀類で犬のレシピ素材として適している,9
01,01181,0125,こめ　［水稲穀粒］　赤米,0,1460,344,14.6,-,8.5,-,-,3.3,71.6,*,65.2,65.4,,6.5,0,71.9,-,1.4,2,290,12,130,350,1.2,2.4,0.27,2.50,Tr,3,1,55,-,0,3,0,3,0,0,1.5,0.1,0.2,Tr,-,0.38,0.05,5.5,6.9,0.50,-,30,1.17,5.6,-,-,0,ポリフェノール：0.4ｇ\n食物繊維：AOAC2011.25法,"{""baseName"":""こめ"",""variety"":""赤米"",""notes"":[""水稲穀粒""]}",赤米は栄養価のある穀類で犬の素材として利用可能。,8
01,01182,0126,こめ　［水稲穀粒］　黒米,0,1447,341,15.2,-,7.8,-,-,3.2,72.3,*,65.7,66.4,,5.6,0,72.0,-,1.4,1,270,15,110,310,0.9,1.9,0.22,4.28,0,3,3,72,-,0,31,Tr,32,3,0,1.3,0.1,0.3,Tr,-,0.39,0.10,6.9,8.2,0.49,-,49,0.83,5.8,-,-,0,ポリフェノール：0.5ｇ\n食物繊維：AOAC2011.25法,"{""baseName"":""こめ"",""variety"":""黒米"",""notes"":[""水稲穀粒""]}",黒米は穀類として栄養源となり得る良い素材（食物繊維やポリフェノールを含む）,8
01,01085,0127,こめ　［水稲めし］　玄米,0,647,152,60.0,2.4,2.8,(0.9),(0),1.0,35.1,*,32.0,34.7,,1.4,-,35.6,-,0.6,1,95,7,49,130,0.6,0.8,0.12,1.04,0,1,0,34,(0),0,0,0,0,(0),(0),0.5,Tr,0.1,0,(0),0.16,0.02,2.9,3.6,0.21,(0),10,0.65,2.5,(0),-,0,うるち米\n玄米47 g相当量を含む,"{""baseName"":""こめ"",""variety"":""玄米"",""notes"":[""水稲めし""]}",玄米は繊維や炭水化物源として良好で、炊いてから与える前提で適している。,8
01,01086,0128,こめ　［水稲めし］　半つき米,0,654,154,60.0,(2.2),2.7,(0.5),(0),0.6,36.8,*,33.5,36.1,,0.8,-,36.4,-,0.3,1,43,4,22,53,0.2,0.7,0.11,0.60,0,1,0,34,(0),(0),(0),(0),(0),(0),(0),0.2,Tr,0,0,(0),0.08,0.01,1.6,(2.2),0.07,(0),6,0.35,1.2,(0),-,0,うるち米\n半つき米47 g相当量を含む,"{""baseName"":""こめ"",""variety"":""半つき米"",""notes"":[""水稲めし""]}",半つき米は消化に良い炭水化物源で犬のレシピ素材として適切。,9
01,01087,0129,こめ　［水稲めし］　七分つき米,0,681,160,60.0,(2.1),2.6,(0.5),(0),0.5,36.8,,33.5,36.7,*,0.5,-,36.7,-,0.2,1,35,4,13,44,0.2,0.7,0.11,0.46,0,1,0,35,(0),(0),(0),(0),(0),(0),(0),0.1,0,0,0,(0),0.06,0.01,0.8,(1.4),0.03,(0),5,0.26,0.9,(0),-,0,うるち米\n七分つき米47 g相当量を含む,"{""baseName"":""こめ"",""variety"":""七分つき米"",""notes"":[""水稲めし""]}",七分つき米は良質な炭水化物源で犬のレシピ素材として適しているため,9
01,01168,0130,こめ　［水稲めし］　精白米　インディカ米,0,781,184,54.0,3.2,3.8,0.3,(0),0.4,41.0,,37.3,41.9,*,0.4,-,41.5,-,0.2,0,31,2,8,41,0.2,0.8,0.10,0.42,0,3,1,32,(0),(0),(0),(0),(0),(0),(0),0,0,0,0,(0),0.02,Tr,0.3,1.3,0.02,(0),6,0.24,0.5,(0),-,0,精白米51 g相当量を含む,"{""baseName"":""こめ"",""variety"":""精白米 インディカ米"",""notes"":[""水稲めし""]}",精白米（炊飯）は消化が良く犬のエネルギー源として適した素材。,9
01,01088,0131,こめ　［水稲めし］　精白米　うるち米,0,663,156,60.0,2.0,2.5,0.2,(0),0.3,38.1,*,34.6,36.1,,1.5,-,37.1,-,0.1,1,29,3,7,34,0.1,0.6,0.10,0.35,0,1,0,30,(0),0,0,0,0,(0),(0),Tr,Tr,0,0,(0),0.02,0.01,0.2,0.8,0.02,(0),3,0.25,0.5,(0),-,0,精白米47 g相当量を含む\n食物繊維：AOAC2011.25法,"{""baseName"":""こめ"",""variety"":""精白米 うるち米"",""notes"":[""水稲めし""]}",精白米は消化しやすい炭水化物で犬のレシピ素材として適している,9
01,01154,0132,こめ　［水稲めし］　精白米　もち米,0,801,188,52.1,3.1,3.5,0.4,(0),0.5,45.6,*,41.5,43.9,,(0.4),0,43.9,-,0.1,0,28,2,5,19,0.1,0.8,0.11,0.50,0,1,0,48,(0),(0),(0),(0),(0),(0),(0),(Tr),(0),(0),(0),(0),0.03,0.01,0.2,1.0,(0.02),(0),(4),(0.30),(0.5),(0),-,0,精白米55 g相当量を含む,"{""baseName"":""こめ"",""variety"":""精白米 もち米"",""notes"":[""水稲めし""]}",精白もち米は消化しやすい炭水化物源でレシピ素材として適切,9
01,01089,0133,こめ　［水稲めし］　はいが精米,0,679,159,60.0,-,2.7,(0.6),(0),0.6,37.9,*,34.5,35.6,,0.8,-,36.4,-,0.3,1,51,5,24,68,0.2,0.7,0.10,0.68,0,1,1,28,(0),(0),(0),(0),(0),(0),(0),0.4,Tr,Tr,0,(0),0.08,0.01,0.8,1.3,0.09,(0),6,0.44,1.0,(0),-,0,うるち米\nはいが精白米47 g相当量を含む,"{""baseName"":""こめ"",""variety"":""はいが精米"",""notes"":[""水稲めし""]}",米（はいが精米）。消化性の良い炭水化物源で犬のレシピ素材として適している。,9
01,01155,0134,こめ　［水稲めし］　発芽玄米,0,680,161,60.0,2.7,3.0,1.3,(0),1.4,33.2,,30.2,33.7,*,1.8,-,35.0,-,0.5,1,68,6,53,130,0.4,0.9,0.11,0.93,-,-,-,-,(0),(0),(0),(0),(0),(0),(0),0.3,0,0.1,0,0,0.13,0.01,2.0,2.8,0.13,(0),6,0.36,-,(0),-,0,うるち米\n発芽玄米47 g相当量を含む\n試料： ビタミンB1強化品含む,"{""baseName"":""こめ"",""variety"":""発芽玄米"",""notes"":[""水稲めし""]}",発芽玄米は栄養価の高い炭水化物源で犬のレシピ素材として適している,9
01,01183,0135,こめ　［水稲めし］　赤米,0,636,150,61.3,-,3.8,-,-,1.3,31.0,*,28.2,29.3,,3.4,0,32.7,-,0.6,1,120,5,55,150,0.5,1.0,0.12,1.00,-,1,Tr,24,-,-,1,-,1,0,-,0.6,Tr,0.1,-,-,0.15,0.02,2.8,3.4,0.19,-,9,0.47,2.8,-,-,0,ポリフェノール：（0.2）ｇ\n食物繊維：AOAC2011.25法,"{""baseName"":""こめ"",""variety"":""赤米"",""notes"":[""水稲めし""]}",赤米は全粒に近い米で炭水化物と食物繊維の供給源として適している,8
01,01184,0136,こめ　［水稲めし］　黒米,0,634,150,62.0,-,3.6,-,-,1.4,30.9,*,28.2,28.9,,3.3,-,32.2,-,0.6,Tr,130,7,55,150,0.4,0.9,0.11,1.95,-,2,1,33,-,-,8,-,8,1,-,0.3,0,0.1,-,-,0.14,0.04,3.0,3.6,0.18,-,19,0.40,2.7,-,-,0,ポリフェノール：（0.2）ｇ\n食物繊維：AOAC2011.25法,"{""baseName"":""こめ"",""variety"":""黒米"",""notes"":[""水稲めし""]}",黒米は消化しやすい炭水化物源で、穀類として犬のレシピ素材に適している,8
01,01185,0137,こめ　［水稲軟めし］　精白米,0,482,113,(71.5),-,(1.8),-,0,(0.3),(27.1),*,(24.7),(25.2),,(1.1),-,(26.4),-,(0.1),(1),(20),(3),(5),(24),(0.1),(0.4),(0.08),(0.25),0,(1),0,(21),0,0,0,0,0,0,0,(Tr),0,0,0,0,(0.02),(0.01),(0.1),(0.4),(0.01),0,(2),(0.18),(0.3),0,-,0,別名： なんはん、なんばん、やわらかめし\nうるち米\n食物繊維：AOAC2011.25法,"{""baseName"":""こめ"",""variety"":""精白米"",""notes"":[""水稲軟めし""]}",軟らかく炊いた白米は消化の良い炭水化物源で犬に適した素材。,9
01,01090,0138,こめ　［水稲全かゆ］　玄米,0,274,64,(83.0),(1.0),(1.2),(0.4),(0),(0.4),(14.9),*,(13.6),(14.8),,(0.6),-,(15.2),-,(0.2),(1),(41),(3),(21),(55),(0.2),(0.3),(0.05),(0.44),-,-,-,-,(0),0,0,0,0,(0),(0),0,0,0,0,(0),(0.07),(0.01),(1.2),(1.5),(0.09),(0),(4),(0.28),-,(0),-,0,うるち米\n5倍かゆ\n玄米20 g相当量を含む,"{""baseName"":""こめ"",""variety"":""玄米"",""notes"":[""水稲全かゆ""]}",玄米かゆは消化しやすい炭水化物源で穏やかなエネルギー供給になる。,9
01,01091,0139,こめ　［水稲全かゆ］　半つき米,0,278,65,(83.0),(0.9),(1.1),(0.3),(0),(0.3),(15.7),*,(14.2),(15.4),,(0.3),-,(15.5),-,(0.1),(Tr),(18),(2),(9),(23),(0.1),(0.3),(0.05),(0.26),-,-,-,-,(0),(0),(0),(0),(0),(0),(0),0,0,0,0,0,(0.03),(Tr),(0.7),(1.0),(0.03),(0),(2),(0.15),-,(0),-,0,うるち米\n5倍かゆ\n半つき米20 g相当量を含む,"{""baseName"":""こめ"",""variety"":""半つき米"",""notes"":[""水稲全かゆ""]}",おかゆの米は消化に良い炭水化物で犬の素材として適している,9
01,01092,0140,こめ　［水稲全かゆ］　七分つき米,0,289,68,(83.0),(0.9),(1.1),(0.2),(0),(0.2),(15.6),,(14.2),(15.6),*,(0.2),-,(15.6),-,(0.1),(Tr),(15),(2),(6),(19),(0.1),(0.3),(0.04),(0.19),-,-,-,-,(0),(0),(0),(0),(0),(0),(0),(Tr),(Tr),(Tr),0,0,(0.03),(Tr),(0.3),(0.6),(0.01),(0),(2),(0.11),-,(0),-,0,うるち米\n5倍かゆ\n七分つき米20 g相当量を含む,"{""baseName"":""こめ"",""variety"":""七分つき米"",""notes"":[""水稲全かゆ""]}",ごはんのおかゆは消化に良い炭水化物源で犬に適している,9
01,01093,0141,こめ　［水稲全かゆ］　精白米,0,278,65,(83.0),(0.9),(1.1),(0.1),(0),(0.1),(16.2),*,(14.7),(15.8),,(0.1),-,(15.7),-,(0.1),(Tr),(12),(1),(3),(14),(Tr),(0.3),(0.04),(0.15),0,0,0,13,(0),0,0,0,0,(0),(0),(Tr),(Tr),0,0,0,(0.01),(Tr),(0.1),(0.4),(0.01),(0),(1),(0.11),0.3,(0),-,0,うるち米\n5倍かゆ\n精白米20 g相当量を含む,"{""baseName"":""こめ"",""variety"":""精白米"",""notes"":[""水稲全かゆ""]}",精白米のかゆは消化しやすい炭水化物源で、犬のレシピ素材として適しているため,9
01,01094,0142,こめ　［水稲五分かゆ］　玄米,0,137,32,(91.5),(0.5),(0.6),(0.2),(0),(0.2),(7.5),*,(6.8),(7.4),,(0.3),-,(7.6),-,(0.1),(Tr),(20),(1),(10),(28),(0.1),(0.2),(0.03),(0.22),-,-,-,-,(0),0,0,0,0,(0),(0),0,0,0,0,0,(0.03),(Tr),(0.6),(0.7),(0.05),(0),(2),(0.14),-,(0),-,0,うるち米\n10倍かゆ\n玄米10 g相当量を含む,"{""baseName"":""こめ"",""variety"":""玄米"",""notes"":[""水稲五分かゆ""]}",玄米の五分がゆは消化性の良い炭水化物で犬の素材として適切（低刺激でエネルギー源になる）。,9
01,01095,0143,こめ　［水稲五分かゆ］　半つき米,0,138,32,(91.5),(0.5),(0.6),(0.1),(0),(0.1),(7.8),*,(7.1),(7.7),,(0.1),-,(7.7),-,(0.1),(Tr),(9),(1),(5),(11),(Tr),(0.2),(0.02),(0.13),-,-,-,-,(0),(0),(0),(0),(0),(0),(0),(Tr),(Tr),(Tr),0,0,(0.02),(Tr),(0.3),(0.4),(0.01),(0),(1),(0.07),-,(0),-,0,うるち米\n10倍かゆ\n半つき米10 g相当量を含む,"{""baseName"":""こめ"",""variety"":""半つき米"",""notes"":[""水稲五分かゆ""]}",半つき米のかゆは消化に良い炭水化物源で犬の素材として適している,9
01,01096,0144,こめ　［水稲五分かゆ］　七分つき米,0,138,32,(91.5),(0.5),(0.6),(0.1),(0),(0.1),(7.8),*,(7.1),(7.7),,(0.1),-,(7.7),-,(0.1),(Tr),(8),(1),(3),(9),(Tr),(0.1),(0.02),(0.10),-,-,-,-,(0),(0),(0),(0),(0),(0),(0),(Tr),(Tr),0,0,0,(0.01),(Tr),(0.2),(0.3),(0.01),(0),(1),(0.05),-,(0),-,0,うるち米\n10倍かゆ\n七分つき米10 g相当量を含む,"{""baseName"":""こめ"",""variety"":""七分つき米"",""notes"":[""水稲五分かゆ""]}",七分つき米のかゆは消化の良い炭水化物源で犬のレシピ素材として適している。,9
01,01097,0145,こめ　［水稲五分かゆ］　精白米,0,141,33,(91.5),(0.4),(0.5),(0.1),(0),(0.1),(8.1),*,(7.4),(7.9),,(0.1),-,(7.9),-,0,(Tr),(6),(1),(1),(7),(Tr),(0.1),(0.02),(0.08),0,Tr,0,7,(0),0,0,0,0,(0),(0),(Tr),0,0,0,0,(Tr),(Tr),(Tr),(0.1),(Tr),(0),(1),(0.05),0.1,(0),-,0,うるち米\n10倍かゆ\n精白米10 g相当量を含む,"{""baseName"":""こめ"",""variety"":""精白米"",""notes"":[""水稲五分かゆ""]}",消化しやすい炭水化物で、特におかゆ形態は犬にとって使いやすい素材。,9
01,01098,0146,こめ　［水稲おもゆ］　玄米,0,81,19,(95.0),(0.3),(0.4),(0.1),(0),(0.1),(4.4),*,(4.0),(4.3),,(0.2),-,(4.4),-,(0.1),(Tr),(12),(1),(6),(16),(0.1),(0.1),(0.01),(0.13),-,-,-,-,(0),0,0,0,0,(0),(0),0,0,0,0,0,(0.02),(Tr),(0.4),(0.5),(0.03),(0),(1),(0.08),-,(0),-,0,うるち米\n弱火で加熱、ガーゼでこしたもの\n玄米6 g相当量を含む,"{""baseName"":""こめ"",""variety"":""玄米"",""notes"":[""水稲おもゆ""]}",玄米のおもゆは消化しやすい炭水化物源で犬のレシピ素材として適している,9
01,01099,0147,こめ　［水稲おもゆ］　半つき米,0,82,19,(95.0),(0.2),(0.3),(0.1),(0),(0.1),(4.6),*,(4.2),(4.6),,(0.1),-,(4.6),-,0,(Tr),(5),(1),(3),(7),(Tr),(0.1),(0.01),(0.08),-,-,-,-,(0),(0),(0),(0),(0),(0),(0),(Tr),(Tr),(Tr),0,0,(0.01),(Tr),(0.2),(0.3),(0.01),(0),(1),(0.04),-,(0),-,0,うるち米\n弱火で加熱、ガーゼでこしたもの\n半つき米6 g相当量を含む,"{""baseName"":""こめ"",""variety"":""半つき米"",""notes"":[""水稲おもゆ""]}",おもゆ（米）は消化しやすく良い炭水化物源で犬に適している,9
01,01100,0148,こめ　［水稲おもゆ］　七分つき米,0,87,20,(95.0),(0.2),(0.3),(0.1),(0),(0.1),(4.6),,(4.2),(4.7),*,(Tr),-,(4.6),-,0,(Tr),(4),(1),(2),(5),(Tr),(0.1),(0.01),(0.06),-,-,-,-,(0),(0),(0),(0),(0),(0),(0),(Tr),(Tr),0,0,0,(0.01),(Tr),(0.1),(0.2),(Tr),(0),(1),(0.03),-,(0),-,0,うるち米\n弱火で加熱、ガーゼでこしたもの\n七分つき米6 g相当量を含む,"{""baseName"":""こめ"",""variety"":""七分つき米"",""notes"":[""水稲おもゆ""]}",おかゆは消化に良い炭水化物源で犬の素材として適切,9
01,01101,0149,こめ　［水稲おもゆ］　精白米,0,80,19,(95.0),(0.2),(0.3),(0),(0),0,(4.8),*,(4.3),(4.8),,(Tr),-,(4.7),-,0,(Tr),(4),(Tr),(1),(4),(Tr),(0.1),(0.01),(0.04),0,1,0,8,(0),0,0,0,0,(0),(0),(Tr),0,0,0,0,(Tr),(Tr),(Tr),(0.1),(Tr),(0),(Tr),(0.03),0.1,(0),-,0,うるち米\n弱火で加熱、ガーゼでこしたもの\n精白米6 g相当量を含む,"{""baseName"":""こめ"",""variety"":""精白米"",""notes"":[""水稲おもゆ""]}",精白米のおもゆは消化が良い炭水化物源で犬のレシピに適している。,9
01,01102,0150,こめ　［陸稲穀粒］　玄米,0,1517,357,14.9,(8.7),10.1,(2.5),(0),2.7,(78.4),*,(71.3),69.7,,3.0,-,71.1,-,1.2,1,230,9,110,290,2.1,1.8,0.27,1.53,-,-,-,-,(0),0,1,0,1,Tr,(0),1.2,0.1,0.1,0,(0),0.41,0.04,6.3,(8.8),0.45,(0),27,1.37,-,(0),-,0,うるち、もちを含む,"{""baseName"":""こめ"",""variety"":""玄米"",""notes"":[""陸稲穀粒""]}",玄米は良質な炭水化物・食物繊維源で犬のレシピ素材として適している,8
01,01103,0151,こめ　［陸稲穀粒］　半つき米,0,1514,356,14.9,(8.1),9.6,(1.7),(0),1.8,(81.5),*,(74.1),73.1,,1.4,-,72.9,-,0.8,1,150,7,64,210,1.5,1.6,0.24,1.04,-,-,-,-,(0),0,0,0,0,(0),(0),0.8,Tr,0.1,0,(0),0.30,0.03,4.9,(7.2),0.28,(0),18,1.00,-,(0),-,0,うるち、もちを含む\n歩留り： 95～96 %,"{""baseName"":""こめ"",""variety"":""半つき米"",""notes"":[""陸稲穀粒""]}",半つき米は炭水化物源として問題なく利用できる,8
01,01104,0152,こめ　［陸稲穀粒］　七分つき米,0,1528,359,14.9,(8.0),9.5,(1.4),(0),1.5,(83.3),*,(75.8),74.1,,0.9,-,73.4,-,0.7,1,120,6,45,180,1.3,1.5,0.23,0.78,-,-,-,-,(0),0,0,0,0,(0),(0),0.4,Tr,0,0,(0),0.24,0.03,3.4,(5.6),0.20,(0),15,0.84,-,(0),-,0,うるち、もちを含む\n歩留り： 93～94 %,"{""baseName"":""こめ"",""variety"":""七分つき米"",""notes"":[""陸稲穀粒""]}",七分つき米は消化に良い炭水化物源で、犬のレシピ素材として適している,9
01,01105,0153,こめ　［陸稲穀粒］　精白米,0,1409,331,14.9,(7.8),9.3,(0.8),(0),0.9,(77.6),*,(70.5),75.6,,0.5,-,74.5,-,0.4,1,89,5,23,95,0.8,1.4,0.22,0.59,-,-,-,-,(0),0,0,0,0,(0),(0),0.1,Tr,0,0,(0),0.08,0.02,1.2,(3.3),0.12,(0),12,0.66,-,(0),-,0,うるち、もちを含む\n歩留り： 90～92 %,"{""baseName"":""こめ"",""variety"":""精白米"",""notes"":[""陸稲穀粒""]}",精白米は消化しやすい炭水化物源で犬のレシピ素材として適している,9
01,01106,0154,こめ　［陸稲めし］　玄米,0,665,156,60.0,(3.5),4.1,(0.9),(0),1.0,(35.1),*,(32.0),33.6,,1.4,-,34.3,-,0.6,1,95,7,49,130,0.6,0.8,0.12,0.77,-,-,-,-,(0),0,0,0,0,(0),(0),0.5,Tr,0.1,0,(0),0.16,0.02,2.9,(3.9),0.21,(0),10,0.65,-,(0),-,0,うるち、もちを含む\n玄米47 g相当量を含む,"{""baseName"":""こめ"",""variety"":""玄米"",""notes"":[""陸稲めし""]}",玄米はエネルギー源として使用可能で犬のレシピ素材として適している,9
01,01107,0155,こめ　［陸稲めし］　半つき米,0,669,157,60.0,(3.1),3.8,(0.5),(0),0.6,(36.8),*,(33.5),35.2,,0.8,-,35.3,-,0.3,1,43,4,22,53,0.2,0.7,0.11,0.45,-,-,-,-,(0),0,0,0,0,(0),(0),0.2,Tr,0,0,(0),0.08,0.01,1.6,(2.5),0.07,(0),6,0.35,-,(0),-,0,うるち、もちを含む\n半つき米47 g相当量を含む,"{""baseName"":""こめ"",""variety"":""半つき米"",""notes"":[""陸稲めし""]}",半つき米（玄米に近い米）は炭水化物源として利用可能で犬のレシピ素材として適しています。,8
01,01108,0156,こめ　［陸稲めし］　七分つき米,0,660,155,60.0,(2.9),3.6,(0.5),(0),0.5,(36.8),*,(33.5),35.9,,0.5,-,35.7,-,0.2,1,35,4,13,44,0.2,0.7,0.11,0.34,-,-,-,-,(0),0,0,0,0,(0),(0),0.1,0,0,0,(0),0.06,0.01,0.8,(1.7),0.03,(0),5,0.26,-,(0),-,0,うるち、もちを含む\n七分つき米47 g相当量を含む,"{""baseName"":""こめ"",""variety"":""七分つき米"",""notes"":[""陸稲めし""]}",七分つき米は消化に良い炭水化物源で犬のレシピ素材として適している。,9
01,01109,0157,こめ　［陸稲めし］　精白米,0,670,157,60.0,(2.8),3.5,(0.3),(0),0.3,(38.1),*,(34.6),36.5,,0.3,-,36.1,-,0.1,1,29,3,7,34,0.1,0.6,0.10,0.26,-,-,-,-,(0),0,0,0,0,(0),(0),Tr,Tr,0,0,(0),0.02,0.01,0.2,(1.0),0.02,(0),3,0.25,-,(0),-,0,うるち、もちを含む\n精白米47 g相当量を含む,"{""baseName"":""こめ"",""variety"":""精白米"",""notes"":[""陸稲めし""]}",消化しやすい炭水化物源で犬の料理に適した素材。,9
01,01110,0158,こめ　［うるち米製品］　アルファ化米　一般用,0,1527,358,7.9,5.0,6.0,0.8,(0),1.0,87.6,*,79.6,84.7,,1.2,-,84.8,-,0.3,5,37,7,14,71,0.1,1.6,0.22,0.60,0,2,1,69,(0),0,0,0,0,(0),(0),0.1,0,0,0,0,0.04,Tr,0.5,1.9,0.04,(0),7,0.19,1.0,(0),-,0,,"{""baseName"":""こめ"",""variety"":""アルファ化米 一般用"",""notes"":[""うるち米製品""]}",調理済みの米製品で消化しやすく犬のレシピに適した炭水化物源,9
01,01156,0159,こめ　［うるち米製品］　アルファ化米　学校給食用強化品,0,1527,358,7.9,(5.0),6.0,0.8,(0),1.0,(87.6),*,(79.6),84.7,,1.2,-,84.8,-,0.3,5,37,7,14,71,0.1,1.6,0.22,0.60,0,2,1,69,(0),0,0,0,0,(0),(0),0.1,0,0,0,0,0.41,Tr,0.5,(1.9),0.04,(0),7,0.19,1.0,(0),-,0,,"{""baseName"":""こめ"",""variety"":""アルファ化米 学校給食用強化品"",""notes"":[""うるち米製品""]}",アルファ化米は消化しやすい炭水化物源で犬のレシピ素材として適している。,9
01,01214,0159-1,こめ　［うるち米製品］　水稲全かゆ　レトルト　玄米,0,190,45,88,0.7,0.9,0.3,-,0.4,10,*,9.1,9.9,,0.9,0,10.6,-,0.2,1,30,3,15,37,0.1,0.3,0.03,0.36,Tr,Tr,0,10,-,0,Tr,0,Tr,0,-,0.2,0,0,0,Tr,0.03,Tr,0.7,1,0.05,0,2,0.12,0.8,0,-,0,食塩無添加品\n食物繊維：AOAC2011.25法,"{""baseName"":""こめ"",""variety"":""水稲全かゆ レトルト 玄米"",""notes"":[""うるち米製品""]}",胃腸にやさしい粥状の穀物で消化性が高く素材として適している。,9
01,01215,0159-2,こめ　［うるち米製品］　水稲全かゆ　レトルト　精白米,0,157,37,90.7,0.5,0.6,0.1,-,0.1,9,*,8.2,8.3,,0.5,0,8.6,-,Tr,1,6,2,2,7,0.1,0.1,0.01,0.06,0,0,0,6,-,0,0,0,0,0,-,Tr,0,0,0,0,Tr,0,Tr,0.2,Tr,0,Tr,0.03,0.1,0,-,0,食塩無添加品\n食物繊維：AOAC2011.25法,"{""baseName"":""こめ"",""variety"":""水稲全かゆ レトルト 精白米"",""notes"":[""うるち米製品""]}",精白米の粥は消化に良い炭水化物源で犬のレシピ素材として適している。,9
01,01111,0160,こめ　［うるち米製品］　おにぎり,0,723,170,57.0,2.4,2.7,(0.3),(0),0.3,39.7,,36.1,39.3,*,0.4,-,39.4,-,0.6,200,31,3,7,37,0.1,0.6,0.10,0.38,-,-,-,-,(0),0,0,0,0,(0),(0),Tr,Tr,0,0,0,0.02,0.01,0.2,0.9,0.02,(0),3,0.27,-,0,-,0.5,塩むすび（のり、具材なし）\n食塩0.5 gを含む,"{""baseName"":""こめ"",""variety"":""おにぎり"",""notes"":[""うるち米製品""]}",塩むすびは主成分が米で安全だが塩分を含むため量に注意が必要。,8
01,01113,0162,こめ　［うるち米製品］　きりたんぽ,0,850,200,50.0,(2.8),3.2,(0.4),0,0.4,(46.1),,(41.9),46.2,*,0.4,-,46.2,-,0.2,1,36,4,9,43,0.1,0.7,0.12,0.40,-,-,-,-,(0),0,0,0,0,(0),(0),Tr,Tr,0,0,0,0.03,0.01,0.3,(1.1),0.02,(0),4,0.31,-,0,-,0,,"{""baseName"":""こめ"",""variety"":""きりたんぽ"",""notes"":[""うるち米製品""]}",きりたんぽは炭水化物源として利用可能だが加工食品である点は留意,7
01,01114,0163,こめ　［うるち米製品］　上新粉,0,1464,343,14.0,5.4,6.2,(0.8),(0),0.9,83.5,*,75.9,78.8,,0.6,-,78.5,-,0.4,2,89,5,23,96,0.8,1.0,0.19,0.75,1,4,1,77,(0),-,-,-,(0),(0),(0),0.2,0,0,0,(0),0.09,0.02,1.3,2.7,0.12,(0),12,0.67,1.1,(0),-,0,(100 g：154 mL、100 mL：65 g),"{""baseName"":""こめ"",""variety"":""上新粉"",""notes"":[""うるち米製品""]}",上新粉（米粉）は犬のレシピで使いやすい炭水化物原料である。,9
01,01157,0164,こめ　［うるち米製品］　玄米粉,0,1572,370,4.6,5.4,7.1,2.5,(0),2.9,84.8,*,77.1,82.6,,3.5,-,84.1,-,1.3,3,230,12,110,290,1.4,2.4,0.30,2.49,1,2,6,120,(0),(0),(0),(0),(0),(0),-,1.2,Tr,0.1,0,(0),0,0.03,4.6,6.1,0.08,(0),9,0.12,5.1,(0),-,0,焙煎あり,"{""baseName"":""こめ"",""variety"":""玄米粉"",""notes"":[""うるち米製品""]}",玄米粉は穀類として利用しやすくレシピ素材に適する。,8
01,01158,0165,こめ　［うるち米製品］　米粉,0,1512,356,11.1,5.1,6.0,0.6,(0),0.7,81.7,,74.3,82.2,*,0.6,-,81.9,-,0.3,1,45,6,11,62,0.1,1.5,0.23,0.60,-,-,-,-,(0),(0),(0),(0),(0),(0),-,0,0,0,0,(0),0.03,0.01,0.3,1.7,0.04,(0),9,0.20,-,(0),-,0,(100 g：169 mL、100 mL：59 g),"{""baseName"":""こめ"",""variety"":""米粉"",""notes"":[""うるち米製品""]}",米粉は消化性の良い炭水化物原料で犬のレシピ素材として適している。,9
01,01212,0167,こめ　［うるち米製品］　米粉パン　ロールパン,0,1081,256,(41.2),(8.2),(8.8),(6.2),(18),(6.7),(39.4),,(36.1),(41.5),*,(0.6),0,(42.0),(Tr),(1.3),(370),(66),(26),(12),(65),(0.6),(1.2),(0.16),(0.43),(3),(2),0,(1),-,0,(8),(1),-,-,(0.5),(0.8),(0.1),(1.4),(0.3),-,(0.05),(0.08),(0.7),(2.2),(0.04),(0.1),(35),(0.27),(2.8),0,-,(0.9),,"{""baseName"":""こめ"",""variety"":""米粉パン ロールパン"",""notes"":[""うるち米製品""]}",米粉を主原料としたパンで炭水化物源として使えるが加工度がある。,7
01,01160,0169,こめ　［うるち米製品］　米粉めん,0,1069,252,37.0,3.2,3.6,0.6,(0),0.7,56.6,,51.5,57.9,*,0.9,0.2,58.4,-,0.3,48,43,5,11,56,0.1,1.1,0.15,0.48,-,-,-,-,(0),(0),(0),(0),(0),(0),-,Tr,0,0,0,(0),0.03,Tr,0.5,1.4,0.05,(0),4,0.31,-,(0),-,0.1,試料： 小麦アレルギー対応食品（米粉100 %）,"{""baseName"":""こめ"",""variety"":""米粉めん"",""notes"":[""うるち米製品""]}",米粉由来の麺はグルテンフリーの炭水化物源として利用しやすい,8
01,01115,0170,こめ　［うるち米製品］　ビーフン,0,1526,360,11.1,5.8,7.0,(1.5),(0),1.6,(79.9),,(72.7),80.3,*,0.9,-,79.9,-,0.4,2,33,14,13,59,0.7,0.6,0.06,0.33,5,3,4,25,(0),-,-,-,(0),(0),(0),0,0,0,0,(0),0.06,0.02,0.6,2.4,0,(0),4,0.09,0.6,(0),-,0,,"{""baseName"":""こめ"",""variety"":""ビーフン"",""notes"":[""うるち米製品""]}",米製品のビーフンは消化しやすい炭水化物源として使用可能。,8
01,01169,0171,こめ　［うるち米製品］　ライスペーパー,0,1442,339,13.2,0.4,0.5,0.2,0,0.3,85.7,,77.9,83.7,*,0.8,-,84.3,-,1.7,670,22,21,21,12,1.2,0.1,0.03,0.14,6,Tr,18,3,0,0,0,0,0,0,0,0,0,0,0,0,0.01,0,0.1,0.2,0.01,0.3,3,0.02,0.2,0,-,1.7,別名： 生春巻きの皮,"{""baseName"":""こめ"",""variety"":""ライスペーパー"",""notes"":[""うるち米製品""]}",ライスペーパーは消化しやすい炭水化物源として犬のレシピ素材に適している。,8
01,01116,0172,こめ　［うるち米製品］　米こうじ,0,1106,260,33.0,4.6,5.8,1.4,(0),1.7,60.3,*,55.9,59.3,,1.4,-,59.2,-,0.3,3,61,5,16,83,0.3,0.9,0.16,0.74,0,2,0,48,(0),-,-,-,(0),(0),(0),0.2,0,0,0,(0),0.11,0.13,1.5,2.8,0.11,(0),71,0.42,4.2,(0),-,0,,"{""baseName"":""こめ"",""variety"":""米こうじ"",""notes"":[""うるち米製品""]}",米こうじは米由来の発酵素材として風味付けや栄養的補助に利用できる,8
01,01120,0176,こめ　［もち米製品］　白玉粉,0,1477,347,12.5,5.5,6.3,(0.8),(0),1.0,84.2,*,76.5,80.4,,0.5,-,80.0,-,0.2,2,3,5,6,45,1.1,1.2,0.17,0.55,3,3,1,56,(0),-,-,-,(0),(0),(0),0,0,0,0,(0),0.03,0.01,0.4,1.8,0.01,(0),14,0,1.0,(0),-,0,別名：寒晒し粉（かんざらし）,"{""baseName"":""こめ"",""variety"":""白玉粉"",""notes"":[""もち米製品""]}",白玉粉はもち米由来の粉で炭水化物源として素材に使いやすい,8
01,01121,0177,こめ　［もち米製品］　道明寺粉,0,1489,349,11.6,(6.1),7.1,0.5,(0),0.7,(85.1),*,(77.3),80.9,,0.7,-,80.4,-,0.2,4,45,6,9,41,0.4,1.5,0.22,0.90,-,-,-,-,(0),0,0,0,0,(0),(0),Tr,0,0,0,(0),0.04,0.01,0.4,(2.0),0.04,(0),6,0.22,-,(0),-,0,(100 g：125 mL、100 mL：80 g),"{""baseName"":""こめ"",""variety"":""道明寺粉"",""notes"":[""もち米製品""]}",道明寺粉は消化しやすい炭水化物源として利用可能な米加工品。,7
01,01122,0179,そば　そば粉　全層粉,0,1438,339,13.5,10.2,12.0,2.9,(0),3.1,70.2,*,63.9,67.3,,4.3,-,69.6,-,1.8,2,410,17,190,400,2.8,2.4,0.54,1.09,1,7,4,47,(0),-,-,-,(0),(0),(0),0.2,0,6.8,0.3,0,0.46,0.11,4.5,7.7,0.30,(0),51,1.56,17.0,(0),-,0,表層粉の一部を除いたもの\n別名： 挽きぐるみ,"{""baseName"":""そば"",""variety"":""そば粉 全層粉""}",そば粉（全層粉）は炭水化物源として利用可能で、犬のレシピ素材として使用できる,7
01,01123,0180,そば　そば粉　内層粉,0,1455,342,14.0,(5.1),6.0,(1.5),(0),1.6,81.2,*,73.8,76.8,,1.8,-,77.6,-,0.8,1,190,10,83,130,1.7,0.9,0.37,0.49,0,7,2,12,(0),-,-,-,(0),(0),(0),0.1,0,2.7,0.2,(0),0.16,0.07,2.2,(3.8),0.20,(0),30,0.72,4.7,(0),-,0,別名： さらしな粉、ごぜん粉,"{""baseName"":""そば"",""variety"":""そば粉 内層粉""}",そば粉は消化可能な炭水化物源で一般に安全。ただしまれにアレルギーに注意。,8
01,01124,0181,そば　そば粉　中層粉,0,1417,334,13.5,(8.7),10.2,(2.5),(0),2.7,71.3,*,64.9,68.9,,4.4,-,71.6,-,2.0,2,470,19,220,390,3.0,2.2,0.58,1.17,0,13,3,43,(0),-,-,-,(0),(0),(0),0.2,0,7.2,0.4,(0),0.35,0.10,4.1,(6.8),0.44,(0),44,1.54,18.0,(0),-,0,,"{""baseName"":""そば"",""variety"":""そば粉 中層粉""}",そば粉は良質な炭水化物源で犬のレシピ素材として使用可能（アレルギーに注意）,8
01,01125,0182,そば　そば粉　表層粉,0,1425,337,13.0,(12.8),15.0,(3.3),(0),3.6,45.5,,41.5,60.5,*,7.1,-,65.1,-,3.3,2,750,32,340,700,4.2,4.6,0.91,2.42,2,16,6,77,(0),-,-,-,(0),(0),(0),0.4,Tr,11.0,0.7,(0),0.50,0.14,7.1,(11.0),0.76,(0),84,2.60,38.0,(0),-,0,,"{""baseName"":""そば"",""variety"":""そば粉 表層粉""}",そば粉は穀類の一種で消化性が良く素材として使える,7
01,01126,0183,そば　そば米,0,1471,347,12.8,(8.0),9.6,(2.3),(0),2.5,(70.8),,(64.4),71.8,*,3.7,-,73.7,-,1.4,1,390,12,150,260,1.6,1.4,0.38,0.76,-,-,-,-,(0),-,-,-,(0),(0),(0),0.1,0,1.9,0.1,(0),0.42,0.10,4.3,(6.9),0.35,(0),23,1.53,-,0,-,0,別名： そばごめ、むきそば,"{""baseName"":""そば"",""variety"":""そば米""}",そば米（そばごめ）は穀類として利用可能で、犬のレシピ素材として適している。,8
01,01127,0184,そば　そば　生,0,1149,271,33.0,8.2,9.8,(1.7),(0),1.9,(56.4),*,(51.3),50.3,,6.0,-,54.5,-,0.8,1,160,18,65,170,1.4,1.0,0.21,0.86,4,24,3,25,(0),-,-,-,(0),(0),(0),0.2,0.1,1.9,0.1,-,0.19,0.09,3.4,5.4,0.15,(0),19,1.09,5.5,(0),-,0,別名： そば切り\n小麦製品を原材料に含む\n原材料配合割合： 小麦粉65、そば粉35\n食物繊維：AOAC2011.25法,"{""baseName"":""そば"",""variety"":""そば"",""state"":""生""}",生そば（そば粉含有）は犬に与えられる炭水化物源として利用可能だが小麦等の混合成分に留意。,7
01,01128,0185,そば　そば　ゆで,0,552,130,68.0,(3.9),4.8,(0.9),(0),1.0,(27.0),*,(24.5),24.1,,2.9,-,26.0,-,0.2,2,34,9,27,80,0.8,0.4,0.10,0.38,Tr,12,2,11,(0),-,-,-,(0),(0),(0),0.1,Tr,0.8,Tr,-,0.05,0.02,0.5,(1.5),0.04,(0),8,0.33,2.7,(0),-,0,別名： そば切り\n原材料配合割合： 小麦粉65、そば粉35\n食物繊維：AOAC2011.25法,"{""baseName"":""そば"",""variety"":""そば"",""state"":""ゆで""}",ゆでそばは炭水化物源として利用できる加工済み食材,7
01,01129,0187,そば　干しそば　乾,0,1463,344,14.0,11.7,14.0,(2.1),(0),2.3,(72.4),*,(65.9),65.6,,3.7,-,66.7,-,3.0,850,260,24,100,230,2.6,1.5,0.34,1.11,-,-,-,-,(0),-,-,-,(0),(0),(0),0.3,0.2,1.3,0.1,(0),0.37,0.08,3.2,6.1,0.24,(0),25,1.15,-,(0),-,2.2,原材料配合割合： 小麦粉65、そば粉35,"{""baseName"":""そば"",""variety"":""干しそば"",""state"":""乾""}",干しそばは加熱して与えれば利用可能な穀類系素材（小麦含有に注意）。,7
01,01130,0188,そば　干しそば　ゆで,0,479,113,72.0,(3.9),4.8,(0.6),(0),0.7,(23.6),*,(21.5),21.6,,1.5,-,22.1,-,0.4,50,13,12,33,72,0.9,0.4,0.10,0.33,-,-,-,-,(0),-,-,-,(0),(0),(0),0.1,0.1,0.5,0,(0),0.08,0.02,0.6,(1.6),0.05,(0),5,0.22,-,(0),-,0.1,,"{""baseName"":""そば"",""variety"":""干しそば"",""state"":""ゆで""}",ゆでそばはそば粉由来の炭水化物源で適量であれば犬のレシピに使用できるが主食に偏らないよう注意。,7
01,01131,0189,とうもろこし　玄穀　黄色種,0,1441,341,14.5,(7.4),8.6,(4.5),(0),5.0,71.2,,64.8,63.3,*,9.0,-,70.6,-,1.3,3,290,5,75,270,1.9,1.7,0.18,-,0,6,Tr,20,(0),11,99,100,150,13,(0),1.0,0.1,3.9,0.1,(0),0.30,0.10,2.0,(3.0),0.39,(0),28,0.57,8.3,(0),-,0,別名： とうきび,"{""baseName"":""とうもろこし"",""variety"":""玄穀 黄色種""}",とうもろこしは消化性の良い炭水化物源として犬のレシピ素材に適している。,8
01,01162,0190,とうもろこし　玄穀　白色種,0,1441,341,14.5,(7.4),8.6,4.5,(0),5.0,(71.2),,(64.8),63.3,*,9.0,-,70.6,-,1.3,3,290,5,75,270,1.9,1.7,0.18,-,0,6,Tr,20,(0),-,-,-,Tr,(0),(0),1.0,0.1,3.9,0.1,(0),0.30,0.10,2.0,(3.0),0.39,(0),28,0.57,8.3,(0),-,0,別名： とうきび,"{""baseName"":""とうもろこし"",""variety"":""玄穀 白色種""}",炭水化物源として利用しやすい穀類で犬向け素材として適切,8
01,01132,0191,とうもろこし　コーンミール　黄色種,0,1591,375,14.0,(7.0),8.3,(3.6),(0),4.0,(79.7),*,(72.5),66.1,,8.0,-,72.4,-,1.3,2,220,5,99,130,1.5,1.4,0.16,0.38,-,-,-,-,(0),11,100,100,160,13,(0),1.1,0.1,4.1,0.2,(0),0.15,0.08,0.9,(1.6),0.43,(0),28,0.57,-,(0),-,0,別名： とうきび\n歩留り： 75～80 %,"{""baseName"":""とうもろこし"",""variety"":""コーンミール 黄色種""}",コーンミールは穀類の炭水化物源として犬のレシピ素材に適している,9
01,01163,0192,とうもろこし　コーンミール　白色種,0,1591,375,14.0,(7.0),8.3,3.6,(0),4.0,(79.7),*,(72.5),66.1,,8.0,-,72.4,-,1.3,2,220,5,99,130,1.5,1.4,0.16,0.38,-,-,-,-,(0),-,-,-,Tr,(0),(0),1.1,0.1,4.1,0.2,(0),0.15,0.08,0.9,(1.6),0.43,(0),28,0.57,-,(0),-,0,別名： とうきび\n歩留り： 75～80 %,"{""baseName"":""とうもろこし"",""variety"":""コーンミール 白色種""}",白色種のコーンミールは穀類として利用でき、犬のレシピ素材として適している,9
01,01133,0193,とうもろこし　コーングリッツ　黄色種,0,1498,352,14.0,7.6,8.2,0.9,(0),1.0,82.3,*,74.8,74.7,,2.4,-,76.4,-,0.4,1,160,2,21,50,0.3,0.4,0.07,-,Tr,6,0,10,(0),15,110,130,180,15,(0),0.2,Tr,0.5,0,(0),0.06,0.05,0.7,1.4,0.11,(0),8,0.32,3.1,(0),-,0,別名： とうきび\n歩留り： 44～55 %,"{""baseName"":""とうもろこし"",""variety"":""コーングリッツ 黄色種""}",コーングリッツは穀類の炭水化物源としてレシピに利用しやすい。,8
01,01164,0194,とうもろこし　コーングリッツ　白色種,0,1498,352,14.0,(7.6),8.2,0.9,(0),1.0,(82.3),*,(74.8),74.7,,2.4,-,76.4,-,0.4,1,160,2,21,50,0.3,0.4,0.07,-,Tr,6,0,10,(0),-,-,-,Tr,(0),(0),0.2,Tr,0.5,0,(0),0.06,0.05,0.7,(1.4),0.11,(0),8,0.32,3.1,(0),-,0,別名： とうきび\n歩留り： 44～55 %,"{""baseName"":""とうもろこし"",""variety"":""コーングリッツ 白色種""}",コーングリッツは加熱して消化しやすい炭水化物源として使える。,8
01,01134,0195,とうもろこし　コーンフラワー　黄色種,0,1478,347,14.0,(5.7),6.6,(2.5),(0),2.8,(79.7),*,(72.5),75.6,,1.7,-,76.1,-,0.5,1,200,3,31,90,0.6,0.6,0.08,0.13,-,-,-,-,(0),14,69,100,130,11,(0),0.2,Tr,0.8,0,(0),0.14,0.06,1.3,(2.1),0.20,(0),9,0.37,-,(0),-,0,別名： とうきび\n歩留り： 4～12 %,"{""baseName"":""とうもろこし"",""variety"":""コーンフラワー 黄色種""}",消化しやすい炭水化物源で、犬のレシピに使いやすい素材。,8
01,01136,0198,とうもろこし　ポップコーン,0,1979,472,4.0,(8.7),10.2,(21.7),(0),22.8,(59.5),*,(54.1),52.8,,9.3,-,59.6,-,3.4,570,300,7,95,290,4.3,2.4,0.20,-,-,-,-,-,(0),3,91,170,180,15,(0),3.0,0.1,8.3,0.4,-,0.13,0.08,2.0,(3.2),0.27,(0),22,0.46,-,(0),-,1.4,別名： とうきび,"{""baseName"":""とうもろこし"",""variety"":""ポップコーン""}",ポップコーン用とうもろこしは原料として問題ないが、形状や調理法に注意。,7
01,01138,0200,はとむぎ　精白粒,0,1496,353,13.0,12.5,13.3,-,(0),1.3,-,,-,72.4,*,0.6,-,72.2,-,0.2,1,85,6,12,20,0.4,0.4,0.11,0.81,-,-,-,-,(0),-,-,-,0,(0),(0),0,0,0.1,0,(0),0.02,0.05,0.5,1.7,0.07,(0),16,0.16,-,(0),-,0,歩留り： 42～45 %,"{""baseName"":""はとむぎ"",""variety"":""精白粒""}",はとむぎの精白粒は穀類として利用可能で犬のレシピ素材として使用できる,7
01,01139,0201,ひえ　精白粒,0,1534,361,12.9,8.4,9.4,3.0,(0),3.3,77.9,*,70.8,70.2,,4.3,-,73.2,-,1.3,6,240,7,58,280,1.6,2.2,0.15,1.37,0,4,2,10,(0),(0),(0),(0),(0),(0),(0),0.1,0,1.2,0,(0),0.25,0.02,0.4,2.3,0.17,(0),14,1.50,3.6,0,-,0,歩留り： 55～60 %,"{""baseName"":""ひえ"",""variety"":""精白粒""}",精白したひえは穀類として使いやすく犬のレシピ素材に適している,8
01,01140,0202,もろこし　玄穀,0,1454,344,12.0,(9.0),10.3,(4.7),(0),4.7,65.6,*,59.7,62.7,,9.7,-,71.1,-,1.9,2,590,16,160,430,3.3,2.7,0.44,1.63,1,1,1,34,(0),-,-,-,(0),(0),(0),0.5,0,2.3,0,(0),0.35,0.10,6.0,(8.0),0.31,(0),54,1.42,15.0,(0),-,0,別名： こうりゃん、ソルガム、たかきび、マイロ,"{""baseName"":""もろこし"",""variety"":""玄穀""}",玄穀のもろこしは穀物として問題なく利用できる,8
01,01141,0203,もろこし　精白粒,0,1473,348,12.5,(8.0),9.5,(2.3),(0),2.6,72.0,,65.4,71.5,*,4.4,-,74.1,-,1.3,2,410,14,110,290,2.4,1.3,0.21,1.12,-,-,-,-,(0),-,-,-,(0),(0),(0),0.2,0,1.5,0,(0),0.10,0.03,3.0,(5.0),0.24,(0),29,0.66,-,(0),-,0,別名： こうりゃん、ソルガム、たかきび、マイロ\n歩留り： 70～80 %,"{""baseName"":""もろこし"",""variety"":""精白粒""}",もろこし（精白粒）は消化しやすい炭水化物源で犬に適する。,8
01,01142,0204,ライむぎ　全粒粉,0,1342,317,12.5,10.8,12.7,(2.0),(0),2.7,61.2,*,55.7,60.0,,13.3,-,70.7,-,1.4,1,400,31,100,290,3.5,3.5,0.44,2.15,0,2,1,65,(0),-,-,-,(0),(0),(0),1.0,0.3,0,0,(0),0.47,0.20,1.7,4.2,0.22,(0),65,0.87,9.5,0,-,0,別名：黒麦（くろむぎ）,"{""baseName"":""ライむぎ"",""variety"":""全粒粉""}",ライ麦全粒粉は穀物として使用可能だが主素材よりは補助的,7
02,02068,0206,＜いも類＞　アメリカほどいも　塊根　生,20,616,146,56.5,3.5,5.9,0.2,-,0.6,33.3,,30.5,26.8,*,11.1,-,35.6,0.4,1.5,5,650,73,39,120,1.1,0.6,0.13,0.26,0,Tr,0,54,-,0,3,Tr,3,0,-,0.8,0,Tr,0,3,0.12,0.03,1.4,2.9,0.16,-,47,0.69,3.1,15,-,0,別名： アピオス\n廃棄部位： 表層及び両端\n食物繊維：AOAC2011.25法,"{""baseName"":""アメリカほどいも"",""part"":""塊根"",""state"":""生"",""notes"":[""いも類""]}",アメリカほどいも（塊根）は食用の根菜でエネルギー源として利用可能,7
02,02069,0207,＜いも類＞　アメリカほどいも　塊根　ゆで,15,609,144,57.1,3.7,6.0,0.3,-,0.8,30.4,*,27.9,28.5,,8.4,-,34.5,0.4,1.5,5,650,78,42,120,1.0,0.7,0.14,0.34,0,1,0,46,-,0,3,Tr,3,0,-,0.9,0,0.1,0,-,0.15,0.03,1.6,3.1,0.15,-,49,0.75,3.2,9,-,0,別名： アピオス\n廃棄部位： 表皮、剥皮の際に表皮に付着する表層及び両端\n食物繊維：AOAC2011.25法,"{""baseName"":""アメリカほどいも"",""part"":""塊根"",""state"":""ゆで"",""notes"":[""いも類""]}",イモ類の茹で品はエネルギー源として利用可能（加熱済みで消化しやすい）,7
02,02001,0208,＜いも類＞　きくいも　塊茎　生,20,278,66,81.7,-,1.9,-,(0),0.4,(2.8),,(2.7),12.2,*,1.9,-,14.7,0.5,1.3,1,610,14,16,66,0.3,0.3,0.17,0.08,1,Tr,Tr,2,(0),0,0,0,0,0,(0),0.2,Tr,0,0,(0),0.08,0.04,1.6,1.9,0.09,(0),20,0.37,3.7,10,-,0,廃棄部位： 表層,"{""baseName"":""きくいも"",""part"":""塊茎"",""state"":""生"",""notes"":[""いも類""]}",きくいもは食物繊維やイヌリンを含むが消化でガスを生じることがある,7
02,02002,0210,＜いも類＞　こんにゃく　精粉,0,786,194,6.0,-,3.0,-,(0),0.1,-,,-,5.4,*,79.9,-,85.3,-,5.6,18,3000,57,70,160,2.1,2.2,0.27,0.41,4,1,5,44,(0),-,-,-,(0),(0),(0),0.2,0,0,0,(0),(0),(0),(0),(0.5),1.20,(0),65,1.52,4.5,(0),-,0,こんにゃく製品の原料,"{""baseName"":""こんにゃく"",""variety"":""精粉"",""notes"":[""いも類""]}",こんにゃくは低カロリーで食物繊維源として利用可能だが、飲み込みやすさに注意。,7
02,02003,0211,＜いも類＞　こんにゃく　板こんにゃく　精粉こんにゃく,0,21,5,97.3,-,0.1,-,(0),Tr,-,,-,0.1,*,2.2,-,2.3,-,0.3,10,33,43,2,5,0.4,0.1,0.02,0.02,-,-,-,-,(0),-,-,-,(0),(0),(0),0,0,0,0,(0),(0),(0),(0),(Tr),0.02,(0),1,0,-,(0),-,0,突きこんにゃく、玉こんにゃくを含む,"{""baseName"":""こんにゃく"",""variety"":""板こんにゃく 精粉こんにゃく"",""notes"":[""いも類""]}",こんにゃくは低カロリーで食物繊維が豊富だが形状による窒息リスクに注意が必要,8
02,02042,0213,＜いも類＞　こんにゃく　赤こんにゃく,0,24,6,97.1,-,0.1,-,(0),Tr,-,,-,0.2,*,2.3,-,2.5,-,0.3,11,48,46,3,5,78.0,0.1,0.03,0.02,-,-,-,-,(0),(0),(0),(0),(0),(0),(0),0,0,0,0,(0),0,(0),(0),(Tr),0.02,(0),1,0,-,(0),-,0,三酸化二鉄を加え、赤色に着色したもの,"{""baseName"":""こんにゃく"",""variety"":""赤こんにゃく"",""notes"":[""いも類""]}",赤こんにゃくは着色以外はこんにゃくと同様で、食物繊維源として利用可能。,7
02,02044,0215,＜いも類＞　こんにゃく　凍みこんにゃく　ゆで,0,169,42,80.8,-,0.7,-,(0),0.3,-,,-,1.3,*,15.5,-,16.8,-,1.4,11,210,340,23,32,2.7,1.0,0.19,0.27,-,(0),-,-,(0),0,0,0,0,(0),(0),0.1,0,0,0,(0),0,0,0.1,0.2,0.10,(0),13,0,-,0,-,0,水戻し後、ゆでたもの,"{""baseName"":""こんにゃく"",""variety"":""凍みこんにゃく"",""state"":""ゆで"",""notes"":[""いも類""]}",こんにゃくは低カロリーで食物繊維が豊富な食品で、調理して適切に扱えば利用可能,7
02,02005,0216,＜いも類＞　こんにゃく　しらたき,0,28,7,96.5,-,0.2,-,(0),Tr,-,,-,0.1,*,2.9,-,3.0,-,0.3,10,12,75,4,10,0.5,0.1,0.02,0.03,-,-,-,-,(0),-,-,-,(0),(0),(0),0,0,0,0,(0),(0),(0),(0),(Tr),0.01,(0),0,0,-,(0),-,0,別名： 糸こんにゃく,"{""baseName"":""こんにゃく"",""variety"":""しらたき"",""notes"":[""いも類""]}",しらたき（こんにゃく）は低カロリーで消化に使える素材だが栄養価は低め,7
02,02045,0217,＜いも類＞　（さつまいも類）　さつまいも　塊根　皮つき　生,2,539,127,64.6,0.8,0.9,0.1,(0),0.5,31.0,*,28.4,30.5,,2.8,-,33.1,0.4,0.9,23,380,40,24,46,0.5,0.2,0.13,0.37,1,0,0,5,(0),0,40,0,40,3,(0),1.0,0,Tr,0,(0),0.10,0.02,0.6,0.8,0.20,(0),49,0.48,4.8,25,-,0.1,別名： かんしょ（甘藷）\n廃棄部位： 両端,"{""baseName"":""さつまいも"",""part"":""塊根"",""formModifiers"":[""皮つき""],""state"":""生"",""notes"":[""いも類"",""さつまいも類""]}",消化に良いでんぷん質と食物繊維を含む安全な素材（加熱調理で与える）,9
02,02046,0218,＜いも類＞　（さつまいも類）　さつまいも　塊根　皮つき　蒸し,4,548,129,64.2,0.7,0.9,0.1,(0),0.2,31.1,*,28.9,29.7,,3.8,-,33.7,0.5,1.0,22,390,40,23,47,0.5,0.2,0.13,0.39,1,Tr,0,4,(0),0,45,0,45,4,(0),1.4,0,Tr,0,(0),0.10,0.02,0.7,0.9,0.20,(0),54,0.56,4.9,20,-,0.1,別名： かんしょ（甘藷）\n廃棄部位： 両端,"{""baseName"":""さつまいも"",""part"":""塊根"",""formModifiers"":[""皮つき""],""state"":""蒸し"",""notes"":[""いも類"",""さつまいも類""]}",蒸しさつまいもは消化のよい炭水化物と食物繊維の供給源で犬に適する。,9
02,02006,0220,＜いも類＞　（さつまいも類）　さつまいも　塊根　皮なし　生,9,536,126,65.6,1.0,1.2,0.1,(0),0.2,30.9,*,28.3,29.7,,2.2,-,31.9,0.4,1.0,11,480,36,24,47,0.6,0.2,0.17,0.41,1,0,1,4,(0),0,28,0,28,2,(0),1.5,Tr,Tr,0,(0),0.11,0.04,0.8,1.1,0.26,(0),49,0.90,4.1,29,-,0,別名： かんしょ（甘藷）\n廃棄部位： 表層及び両端（表皮の割合： 2 %）,"{""baseName"":""さつまいも"",""part"":""塊根"",""formModifiers"":[""皮なし""],""state"":""生"",""notes"":[""いも類"",""さつまいも類""]}",皮なしのさつまいもは犬に適した消化の良い炭水化物源で素材として適切。,9
02,02007,0221,＜いも類＞　（さつまいも類）　さつまいも　塊根　皮なし　蒸し,5,559,131,65.6,1.0,1.2,(0.1),(0),0.2,32.6,*,30.3,30.0,,2.3,-,31.9,-,1.0,11,480,36,24,47,0.6,0.2,0.17,0.41,1,Tr,Tr,4,(0),0,29,1,29,2,(0),1.5,Tr,Tr,0,(0),0.11,0.04,0.8,1.1,0.27,(0),50,0.90,5.0,29,-,0,別名： かんしょ（甘藷）\n廃棄部位： 表皮及び両端,"{""baseName"":""さつまいも"",""part"":""塊根"",""formModifiers"":[""皮なし""],""state"":""蒸し"",""notes"":[""いも類"",""さつまいも類""]}",蒸しさつまいもは消化性の良い炭水化物で犬に適している,8
02,02008,0222,＜いも類＞　（さつまいも類）　さつまいも　塊根　皮なし　焼き,10,642,151,58.1,1.2,1.4,(0.1),(0),0.2,36.7,*,34.4,(34.5),,4.5,-,39.0,0.4,1.3,18,500,23,21,78,0.9,0.2,0.21,0.29,1,1,Tr,5,(0),Tr,35,-,35,3,(0),1.4,Tr,0,0,(0),0.13,0.06,0.7,1,0.33,(0),52,1.4,7.2,13,-,0,別名： かんしょ（甘藷）、石焼き芋\n廃棄部位： 表層\n食物繊維：AOAC2011.25法,"{""baseName"":""さつまいも"",""part"":""塊根"",""formModifiers"":[""皮なし""],""state"":""焼き"",""notes"":[""いも類"",""さつまいも類""]}",焼きさつまいも（皮なし）は消化しやすい炭水化物と食物繊維を含み、犬に適した素材である。,9
02,02009,0223,＜いも類＞　（さつまいも類）　さつまいも　蒸し切干,0,1179,277,22.2,2.7,3.1,0.2,(0),0.6,66.5,*,62.5,63.8,,8.2,-,71.9,0.7,2.2,18,980,53,22,93,2.1,0.2,0.30,0.40,1,1,Tr,6,(0),Tr,2,-,2,Tr,(0),1.3,Tr,0,0,(0),0.19,0.08,1.6,2.4,0.41,(0),13,1.35,10.4,10,-,0,別名： かんしょ（甘藷）、乾燥いも、干しいも\n食物繊維：AOAC2011.25法,"{""baseName"":""さつまいも"",""variety"":""蒸し切干"",""notes"":[""いも類"",""さつまいも類""]}",蒸し切干しさつまいもは食物繊維と炭水化物の供給源として適しており犬にも使いやすい。,9
02,02048,0224,＜いも類＞　（さつまいも類）　むらさきいも　塊根　皮なし　生,15,522,123,66.0,0.9,1.2,0.1,(0),0.3,29.9,*,27.5,29.2,,2.5,-,31.7,0.4,0.8,30,370,24,26,56,0.6,0.2,0.21,0.50,1,0,0,2,(0),0,4,0,4,Tr,(0),1.3,0,Tr,0,(0),0.12,0.02,1.3,1.5,0.18,(0),22,0.54,6.1,29,-,0.1,別名： かんしょ（甘藷）\n廃棄部位： 表層及び両端,"{""baseName"":""むらさきいも"",""part"":""塊根"",""formModifiers"":[""皮なし""],""state"":""生"",""notes"":[""いも類"",""さつまいも類""]}",紫芋は根菜類として栄養価が高く、犬のレシピ素材として利用可能。,8
02,02049,0225,＜いも類＞　（さつまいも類）　むらさきいも　塊根　皮なし　蒸し,6,519,122,66.2,1.0,1.2,0.1,(0),0.3,29.2,*,27.2,28.3,,3.0,-,31.4,0.5,0.9,28,420,34,26,55,0.6,0.3,0.22,0.44,Tr,0,0,2,(0),0,5,0,5,Tr,(0),1.9,0,Tr,0,(0),0.13,0.03,1.5,1.8,0.16,(0),24,0.61,6.0,24,-,0.1,別名： かんしょ（甘藷）\n廃棄部位： 表皮及び両端,"{""baseName"":""むらさきいも"",""part"":""塊根"",""formModifiers"":[""皮なし""],""state"":""蒸し"",""notes"":[""いも類"",""さつまいも類""]}",蒸しむらさきいも（皮なし）は消化の良い良質な炭水化物で犬に適した素材。,9
02,02011,0227,＜いも類＞　（さといも類）　さといも　球茎　水煮,0,221,52,84.0,1.3,1.5,(0.1),(0),0.1,11.1,*,10.2,11.3,,2.4,-,13.4,-,1.0,1,560,14,17,47,0.4,0.3,0.13,0.17,0,Tr,0,7,(0),0,4,0,4,Tr,(0),0.5,0,0,0,(0),0.06,0.02,0.8,1.4,0.14,(0),28,0.42,2.8,5,-,0,,"{""baseName"":""さといも"",""part"":""球茎"",""state"":""水煮"",""notes"":[""いも類"",""さといも類""]}",ゆで里芋は消化しやすいでんぷん源で犬のレシピ素材に適している,8
02,02051,0230,＜いも類＞　（さといも類）　セレベス　球茎　水煮,0,326,77,77.5,1.7,2.1,0.2,(0),0.3,16.6,*,15.2,16.8,,2.2,-,19.1,0.6,1.0,0,510,17,24,82,0.6,0.8,0.12,0.31,Tr,0,0,20,(0),0,12,3,13,1,(0),0.6,0,0,0,(0),0.08,0.02,1.5,2.1,0.16,(0),23,0.38,2.7,4,-,0,別名： あかめいも,"{""baseName"":""セレベス"",""part"":""球茎"",""state"":""水煮"",""notes"":[""いも類"",""さといも類""]}",水煮されたセレベス（里芋類）は加熱済みででん粉質の供給源として使いやすいが生は刺激がある,7
02,02053,0232,＜いも類＞　（さといも類）　たけのこいも　球茎　水煮,0,363,86,75.4,1.3,1.6,0.2,(0),0.4,19.2,*,17.6,19.3,,2.4,-,21.8,0.5,0.8,1,410,37,28,63,0.5,1.5,0.09,0.53,Tr,Tr,0,10,(0),0,11,3,12,1,(0),0.7,0,0,0,(0),0.05,0.02,0.6,1.0,0.14,(0),39,0.23,2.8,4,-,0,別名： 京いも,"{""baseName"":""たけのこいも"",""part"":""球茎"",""state"":""水煮"",""notes"":[""いも類"",""さといも類""]}",加熱済みの里芋類で消化しやすく安全。炭水化物・食物繊維源として使える。,8
02,02014,0234,＜いも類＞　（さといも類）　みずいも　球茎　水煮,0,428,101,72.0,0.5,0.7,0.2,(0),0.4,24.1,*,22.0,23.5,,2.5,-,26.1,0.4,0.8,5,270,79,23,35,1.0,0.2,0.05,0.47,6,1,0,1,(0),-,-,-,Tr,(0),(0),0.6,0,0,0,(0),0.16,0.02,0.6,0.8,0.17,(0),27,0.14,2.1,4,-,0,別名： 田芋,"{""baseName"":""みずいも"",""part"":""球茎"",""state"":""水煮"",""notes"":[""いも類"",""さといも類""]}",加熱済みの里芋類で消化しやすく一般に安全。,8
02,02016,0236,＜いも類＞　（さといも類）　やつがしら　球茎　水煮,0,392,92,75.6,2.3,2.7,0.3,(0),0.6,19.9,*,18.2,17.9,,2.8,-,20.0,-,1.1,1,520,34,39,56,0.6,1.3,0.21,1.25,Tr,0,0,1,(0),-,-,-,Tr,(0),(0),1.1,0,0,0,(0),0.11,0.04,0.5,1.3,0.17,(0),30,0.49,2.6,5,-,0,,"{""baseName"":""やつがしら"",""part"":""球茎"",""state"":""水煮"",""notes"":[""いも類"",""さといも類""]}",水煮したやつがしら（里芋類）は加熱済みのでん粉源として利用できる。,7
02,02064,0238,＜いも類＞　じゃがいも　塊茎　皮つき　電子レンジ調理,0,331,78,77.6,1.6,2.1,Tr,(0),0.2,17.1,*,15.6,15.5,,3.9,0,19.2,0.5,0.9,Tr,430,4,23,58,0.9,0.3,0.12,0.45,1,Tr,1,3,(0),1,6,Tr,7,1,(0),0.1,0,0,0,1,0.07,0.02,1.7,2.1,0.19,(0),15,0.33,0.6,13,-,0,別名： ばれいしょ（馬鈴薯）\n損傷部及び芽を除いたもの\n食物繊維：AOAC2011.25法,"{""baseName"":""じゃがいも"",""part"":""塊茎"",""formModifiers"":[""皮つき""],""state"":""電子レンジ調理"",""notes"":[""いも類""]}",加熱したじゃがいもは消化しやすく犬に適した素材。ただし緑化部や芽は除く。,8
02,02019,0241,＜いも類＞　じゃがいも　塊茎　皮なし　水煮,0,301,71,80.6,1.4,1.7,(Tr),(0),0.1,16.0,*,14.6,13.9,,3.1,0,16.9,0.4,0.7,1,340,4,16,32,0.6,0.2,0.10,0.10,0,0,2,3,(0),Tr,2,Tr,3,0,(0),0.1,Tr,Tr,Tr,(0),0.07,0.03,1.0,1.3,0.18,(0),18,0.41,0.3,18,-,0,別名： ばれいしょ（馬鈴薯）\n表層を除いたもの\n食物繊維：AOAC2011.25法,"{""baseName"":""じゃがいも"",""part"":""塊茎"",""formModifiers"":[""皮なし""],""state"":""水煮"",""notes"":[""いも類""]}",皮なしの水煮じゃがいもは加熱され消化性が良い炭水化物源で使用可能。,8
02,02018,0242,＜いも類＞　じゃがいも　塊茎　皮なし　蒸し,5,322,76,78.8,1.5,1.9,(0.1),(0),0.3,16.6,*,15.1,14.7,,3.5,0,18.1,0.5,0.9,1,420,5,24,38,0.6,0.3,0.08,0.12,Tr,Tr,1,4,(0),1,4,1,5,Tr,(0),0.1,0,0,0,(0),0.08,0.03,1.0,1.3,0.22,(0),21,0.50,0.4,11,-,0,別名： ばれいしょ（馬鈴薯）\n廃棄部位： 表皮\n食物繊維：AOAC2011.25法,"{""baseName"":""じゃがいも"",""part"":""塊茎"",""formModifiers"":[""皮なし""],""state"":""蒸し"",""notes"":[""いも類""]}",皮なしに蒸したじゃがいもは加熱済みで消化しやすく犬にとって安全な炭水化物源である,8
02,02066,0243,＜いも類＞　じゃがいも　塊茎　皮なし　電子レンジ調理,6,329,78,78.0,1.5,1.9,Tr,(0),0.1,17.4,*,15.9,15.5,,3.5,0,19.0,0.5,1.0,1,430,4,20,47,0.4,0.3,0.10,0.40,1,0,Tr,3,(0),0,2,0,2,0,(0),Tr,0,0,0,1,0.09,0.03,1.4,1.7,0.20,(0),17,0.47,0.4,23,-,0,別名： ばれいしょ（馬鈴薯）\n廃棄部位： 表皮\n食物繊維：AOAC2011.25法,"{""baseName"":""じゃがいも"",""part"":""塊茎"",""formModifiers"":[""皮なし""],""state"":""電子レンジ調理"",""notes"":[""いも類""]}",皮なしで電子レンジ調理されたじゃがいもは消化性が良く、安全に使える。,9
02,02054,0247,＜いも類＞　ヤーコン　塊根　生,15,221,52,86.3,-,0.6,-,0,0.3,0.5,,0.5,11.3,*,1.1,-,12.4,-,0.4,0,240,11,8,31,0.2,0.1,0.07,0.07,-,-,-,-,(0),0,22,0,22,2,(0),0.2,0,0,0,(0),0.04,0.01,1.0,1.1,0.08,(0),25,0.02,-,3,-,0,廃棄部位： 表層及び両端,"{""baseName"":""ヤーコン"",""part"":""塊根"",""state"":""生"",""notes"":[""いも類""]}",ヤーコンは生の根菜で食物繊維や糖アルコールを含むが果菜として問題は少ない,8
02,02055,0248,＜いも類＞　ヤーコン　塊根　水煮,0,177,42,88.8,-,0.6,-,0,0.3,-,,-,8.7,*,1.2,-,9.9,-,0.4,0,190,11,7,26,0.2,0.1,0.06,0.07,-,-,-,-,(0),Tr,27,1,27,2,(0),0.2,0,0,0,(0),0.03,0.01,0.7,0.8,0.06,(0),28,0.01,-,2,-,0,,"{""baseName"":""ヤーコン"",""part"":""塊根"",""state"":""水煮"",""notes"":[""いも類""]}",水煮のヤーコンは食物繊維（フラクトオリゴ糖）を含み、犬にとって利用しやすい根菜。,8
02,02022,0249,＜いも類＞　（やまのいも類）　ながいも　いちょういも　塊根　生,15,458,108,71.1,3.1,4.5,0.3,(0),0.5,23.6,*,21.5,22.2,,1.4,-,22.6,0.7,1.3,5,590,12,19,65,0.6,0.4,0.20,0.05,1,1,0,3,(0),-,-,-,5,Tr,(0),0.3,0,0,0,(0),0.15,0.05,0.4,1.5,0.11,(0),13,0.85,2.6,7,-,0,別名： やまいも、手いも\n廃棄部位： 表層,"{""baseName"":""ながいも"",""variety"":""いちょういも"",""part"":""塊根"",""state"":""生"",""notes"":[""いも類"",""やまのいも類""]}",消化に良い炭水化物源で犬に与えやすい根菜類（加熱や下処理で扱いやすい）,8
02,02023,0250,＜いも類＞　（やまのいも類）　ながいも　ながいも　塊根　生,10,273,64,82.6,1.5,2.2,0.1,(0),0.3,14.1,,12.9,13.8,*,1.0,-,13.9,-,1.0,3,430,17,17,27,0.4,0.3,0.10,0.03,1,1,Tr,2,(0),-,-,-,Tr,(0),(0),0.2,0,0,0,(0),0.10,0.02,0.4,0.9,0.09,(0),8,0.61,2.2,6,-,0,別名： やまいも\n廃棄部位： 表層、ひげ根及び切り口,"{""baseName"":""ながいも"",""variety"":""ながいも"",""part"":""塊根"",""state"":""生"",""notes"":[""いも類"",""やまのいも類""]}",長芋はでん粉や栄養を含む根菜で犬にも適した素材。ただし生の粘性で刺激が出る場合がある。,8
02,02024,0251,＜いも類＞　（やまのいも類）　ながいも　ながいも　塊根　水煮,0,247,58,84.2,1.4,2.0,(0.1),(0),0.3,12.9,*,11.8,11.9,,1.4,-,12.6,-,0.9,3,430,15,16,26,0.4,0.3,0.09,0.03,1,0,0,1,(0),-,-,-,(0),(0),(0),0.2,Tr,0,0,(0),0.08,0.02,0.3,0.8,0.08,(0),6,0.50,1.6,4,-,0,別名： やまいも,"{""baseName"":""ながいも"",""variety"":""ながいも"",""part"":""塊根"",""state"":""水煮"",""notes"":[""いも類"",""やまのいも類""]}",ゆでたながいもは消化しやすく食物繊維や栄養が得られる安全な素材。,8
02,02025,0252,＜いも類＞　（やまのいも類）　ながいも　やまといも　塊根　生,10,504,119,66.7,2.9,4.5,0.1,(0),0.2,26.9,*,24.5,26.3,,2.5,-,27.1,-,1.5,12,590,16,28,72,0.5,0.6,0.16,0.27,1,1,0,4,(0),Tr,6,-,6,1,(0),0.2,0.1,Tr,Tr,(0),0.13,0.02,0.5,1.5,0.14,(0),6,0.54,4.0,5,-,0,別名： やまいも\n伊勢いも、丹波いもを含む\n廃棄部位： 表層及びひげ根,"{""baseName"":""ながいも"",""variety"":""やまといも"",""part"":""塊根"",""state"":""生"",""notes"":[""いも類"",""やまのいも類""]}",ながいも（生）は栄養源として利用されるが生食で粘性や消化性に注意が必要,7
02,02026,0253,＜いも類＞　（やまのいも類）　じねんじょ　塊根　生,20,498,118,68.8,1.8,2.8,0.3,(0),0.7,25.7,,23.4,25.7,*,2.0,-,26.7,0.4,1.0,6,550,10,21,31,0.8,0.7,0.21,0.12,Tr,Tr,0,1,(0),-,-,-,5,Tr,(0),4.1,0,0,0,(0),0.11,0.04,0.6,1.3,0.18,(0),29,0.67,2.4,15,-,0,別名： やまいも\n廃棄部位： 表層及びひげ根,"{""baseName"":""じねんじょ"",""part"":""塊根"",""state"":""生"",""notes"":[""いも類"",""やまのいも類""]}",じねんじょはでんぷん質の供給源で、加熱して与えるのが適切。,7
02,02070,0255,＜でん粉・でん粉製品＞　（でん粉類）　おおうばゆりでん粉,0,1396,327,16.2,-,0.1,-,-,0.1,88.3,*,80.2,82.8,,0.8,-,83.6,0,Tr,1,1,5,1,6,0.1,Tr,0.01,0.02,0,0,0,0,-,0,0,0,0,0,-,0,0,0,0,0,0,0,0,Tr,0,-,Tr,0.01,0,0,-,0,試料： １番粉\n食物繊維： 分析時に加熱処理有り、\nAOAC2011.25法,"{""baseName"":""おおうばゆりでん粉"",""notes"":[""でん粉・でん粉製品"",""でん粉類""]}",おおうばゆりでん粉はでん粉類の炭水化物源として利用可能な素材,7
02,02028,0256,＜でん粉・でん粉製品＞　（でん粉類）　キャッサバでん粉,0,1510,354,14.2,-,0.1,-,(0),0.2,(93.8),*,(85.3),85.3,,(0),-,85.3,-,0.2,1,48,28,5,6,0.3,Tr,0.03,0.09,-,-,-,-,0,-,-,-,0,0,(0),-,-,-,-,(0),0,0,0,Tr,(0),(0),(0),(0),-,0,-,0,別名： タピオカ,"{""baseName"":""キャッサバでん粉"",""notes"":[""でん粉・でん粉製品"",""でん粉類""]}",精製されたキャッサバでん粉（タピオカ）は炭水化物源として利用可能で、素材として使いやすい。,7
02,02029,0257,＜でん粉・でん粉製品＞　（でん粉類）　くずでん粉,0,1517,356,13.9,-,0.2,-,(0),0.2,(94.2),*,(85.6),85.6,,(0),-,85.6,-,0.1,2,2,18,3,12,2.0,Tr,0.02,0.02,-,-,-,-,(0),-,-,-,(0),(0),(0),-,-,-,-,(0),(0),(0),(0),(Tr),(0),(0),(0),(0),-,(0),-,0,別名： くず粉,"{""baseName"":""くずでん粉"",""notes"":[""でん粉・でん粉製品"",""でん粉類""]}",くずでん粉は消化しやすい炭水化物源で素材として問題ない,8
02,02030,0258,＜でん粉・でん粉製品＞　（でん粉類）　米でん粉,0,1601,375,9.7,-,0.2,-,(0),0.7,(98.2),*,(89.3),89.3,,(0),-,89.3,-,0.1,11,2,29,8,20,1.5,0.1,0.06,-,-,-,-,-,0,-,-,-,0,0,(0),-,-,-,-,(0),0,0,0,Tr,(0),(0),(0),(0),-,0,-,0,,"{""baseName"":""米でん粉"",""notes"":[""でん粉・でん粉製品"",""でん粉類""]}",米でん粉は炭水化物源として使いやすく犬のレシピ素材に適している,8
02,02031,0259,＜でん粉・でん粉製品＞　（でん粉類）　小麦でん粉,0,1536,360,13.1,-,0.2,-,(0),0.5,(94.6),*,(86.0),86.0,,(0),-,86.0,-,0.2,3,8,14,5,33,0.6,0.1,0.02,0.06,-,-,-,-,0,-,-,-,0,0,(0),-,-,-,-,(0),0,0,0,Tr,(0),(0),(0),(0),-,0,-,0,,"{""baseName"":""小麦でん粉"",""notes"":[""でん粉・でん粉製品"",""でん粉類""]}",消化しやすい炭水化物源でレシピ素材として利用可能,8
02,02032,0260,＜でん粉・でん粉製品＞　（でん粉類）　サゴでん粉,0,1524,357,13.4,-,0.1,-,(0),0.2,(94.7),*,(86.1),86.1,,(0),-,86.1,-,0.2,7,1,7,3,9,1.8,Tr,Tr,0.37,-,-,-,-,(0),-,-,-,(0),(0),(0),-,-,-,-,(0),(0),(0),(0),(Tr),(0),(0),(0),(0),-,(0),-,0,,"{""baseName"":""サゴでん粉"",""notes"":[""でん粉・でん粉製品"",""でん粉類""]}",サゴでん粉は消化しやすいでん粉類でエネルギー源として素材使用に適している,8
02,02033,0261,＜でん粉・でん粉製品＞　（でん粉類）　さつまいもでん粉,0,1452,340,17.5,-,0.1,-,(0),0.2,(90.2),*,(82.0),82.0,,(0),-,82.0,-,0.2,1,4,50,4,8,2.8,0.1,0.02,-,-,-,-,-,0,-,-,-,0,0,(0),-,-,-,-,(0),0,0,0,Tr,(0),(0),(0),(0),-,0,-,0,別名： かんしょ（甘藷）でん粉,"{""baseName"":""さつまいもでん粉"",""notes"":[""でん粉・でん粉製品"",""でん粉類""]}",さつまいもでん粉は炭水化物源として利用可能でレシピ素材に適する,7
02,02034,0262,＜でん粉・でん粉製品＞　（でん粉類）　じゃがいもでん粉,0,1442,338,18.0,-,0.1,-,(0),0.1,(89.8),*,(81.6),81.6,,(0),-,81.6,-,0.2,2,34,10,6,40,0.6,Tr,0.03,-,0,0,6,0,0,(0),(0),(0),0,0,(0),-,-,-,-,(0),0,0,0,Tr,(0),(0),(0),(0),0,0,-,0,別名： ばれいしょ（馬鈴薯）でん粉、かたくり粉\n(100 g：154 mL、100 mL：65 g),"{""baseName"":""じゃがいもでん粉"",""notes"":[""でん粉・でん粉製品"",""でん粉類""]}",じゃがいもでん粉は安全な炭水化物源・増粘剤として利用しやすい。,9
02,02035,0263,＜でん粉・でん粉製品＞　（でん粉類）　とうもろこしでん粉,0,1548,363,12.8,-,0.1,(0.7),(0),0.7,(94.9),*,(86.3),86.3,,(0),-,86.3,-,0.1,1,5,3,4,13,0.3,0.1,0.04,-,1,Tr,1,2,0,-,-,-,0,0,(0),-,-,-,-,(0),0,0,0,Tr,(0),(0),(0),(0),0.1,0,-,0,別名： コーンスターチ\n(100 g：200 mL、100 mL：50 g),"{""baseName"":""とうもろこしでん粉"",""notes"":[""でん粉・でん粉製品"",""でん粉類""]}",とうもろこしでん粉は安定したでん粉原料でつなぎやとろみ付けなどに利用しやすい,8
02,02036,0264,＜でん粉・でん粉製品＞　（でん粉製品）　くずきり　乾,0,1452,341,11.8,-,0.2,-,(0),0.2,89.6,*,81.5,86.8,,0.9,-,87.7,-,0.1,4,3,19,4,18,1.4,0.1,0.03,0.05,-,-,-,-,(0),-,-,-,(0),(0),(0),-,-,-,-,(0),(0),(0),(0),(Tr),(0),(0),(0),(0),-,(0),-,0,,"{""baseName"":""くずきり"",""state"":""乾"",""notes"":[""でん粉・でん粉製品"",""でん粉製品""]}",でん粉由来の乾燥麺で消化しやすい炭水化物源として利用可能,7
02,02037,0265,＜でん粉・でん粉製品＞　（でん粉製品）　くずきり　ゆで,0,564,133,66.5,-,0.1,-,(0),0.1,32.4,,29.4,32.5,*,0.8,-,33.3,-,Tr,2,Tr,5,1,5,0.4,Tr,0.01,0.01,-,-,-,-,(0),-,-,-,(0),(0),(0),-,-,-,-,(0),(0),(0),(0),(Tr),(0),(0),(0),(0),-,(0),-,0,,"{""baseName"":""くずきり"",""state"":""ゆで"",""notes"":[""でん粉・でん粉製品"",""でん粉製品""]}",くずきりはでん粉由来の炭水化物で消化しやすく素材として使いやすい。,8
02,02038,0267,＜でん粉・でん粉製品＞　（でん粉製品）　タピオカパール　乾,0,1494,352,11.9,-,0,-,(0),0.2,-,,-,87.4,*,0.5,-,87.8,-,0.1,5,12,24,3,8,0.5,0.1,0.01,0.13,-,-,-,-,(0),(0),(0),(0),(0),(0),(0),(0),(0),(0),(0),(0),(0),(0),(0),0,(0),(0),(0),(0),-,(0),-,0,,"{""baseName"":""タピオカパール"",""state"":""乾"",""notes"":[""でん粉・でん粉製品"",""でん粉製品""]}",タピオカパール（乾）はでん粉製品として使用可能だが調理が必要で栄養価は限定的。,7
02,02057,0268,＜でん粉・でん粉製品＞　（でん粉製品）　タピオカパール　ゆで,0,260,61,84.6,-,0,-,(0),Tr,-,,-,15.1,*,0.2,-,15.4,-,Tr,Tr,1,4,0,1,0.1,0,0,0.01,-,-,-,-,(0),(0),(0),(0),(0),(0),(0),(0),(0),(0),(0),(0),(0),(0),(0),0,(0),(0),(0),(0),-,(0),-,0,,"{""baseName"":""タピオカパール"",""state"":""ゆで"",""notes"":[""でん粉・でん粉製品"",""でん粉製品""]}",ゆでタピオカは消化しやすいでん粉源として利用できるが栄養は限定的,7
02,02059,0270,＜でん粉・でん粉製品＞　（でん粉製品）　でん粉めん　乾,0,1473,347,12.6,-,0.2,-,(0),0.3,-,,-,84.9,*,1.8,-,86.7,-,0.2,32,38,6,5,48,0.2,Tr,0,0.02,-,-,-,-,(0),(0),(0),(0),(0),(0),(0),(0),(0),(0),(0),(0),(0),(0),(0),(Tr),(0),(0),(0),(0),-,(0),-,0.1,,"{""baseName"":""でん粉めん"",""state"":""乾"",""notes"":[""でん粉・でん粉製品"",""でん粉製品""]}",乾燥のでん粉めんは穀類・でん粉源として使える安定した素材,7
02,02039,0272,＜でん粉・でん粉製品＞　（でん粉製品）　はるさめ　緑豆はるさめ　乾,0,1466,344,11.8,-,0.2,-,(0),0.4,88.5,*,80.4,83.4,,4.1,-,87.5,-,0.1,14,13,20,3,10,0.5,0.1,0.01,0.02,2,1,5,1,(0),(0),(0),(0),(0),(0),(0),(0),(0),(0),(0),(0),(0),(0),(0),(Tr),(0),(0),(0),(0),-,(0),-,0,主原料： 緑豆でん粉,"{""baseName"":""はるさめ"",""variety"":""緑豆はるさめ"",""state"":""乾"",""notes"":[""でん粉・でん粉製品"",""でん粉製品""]}",緑豆でん粉由来のはるさめは消化しやすい炭水化物源として安全,8
02,02061,0273,＜でん粉・でん粉製品＞　（でん粉製品）　はるさめ　緑豆はるさめ　ゆで,0,331,78,79.3,-,Tr,-,(0),0.1,19.8,*,18.0,19.1,,1.5,-,20.6,-,Tr,0,0,3,Tr,3,0.1,Tr,0,0,0,0,1,0,(0),(0),(0),(0),(0),(0),(0),(0),(0),(0),(0),(0),(0),(0),(0),0,(0),(0),(0),(0),-,(0),-,0,,"{""baseName"":""はるさめ"",""variety"":""緑豆はるさめ"",""state"":""ゆで"",""notes"":[""でん粉・でん粉製品"",""でん粉製品""]}",緑豆はるさめは加熱済みの消化しやすいでん粉源で犬のレシピ素材として適する,8
02,02040,0274,＜でん粉・でん粉製品＞　（でん粉製品）　はるさめ　普通はるさめ　乾,0,1468,346,12.9,-,0,-,(0),0.2,86.1,,78.2,85.4,*,1.2,-,86.6,-,0.3,7,14,41,5,46,0.4,Tr,0.01,0.05,0,0,4,0,(0),(0),(0),(0),(0),(0),(0),(0),(0),(0),(0),(0),(0),(0),(0),0,(0),(0),(0),(0),-,(0),-,0,主原料： じゃがいもでん粉、さつまいもでん粉,"{""baseName"":""はるさめ"",""variety"":""普通はるさめ"",""state"":""乾"",""notes"":[""でん粉・でん粉製品"",""でん粉製品""]}",春雨（でん粉製品）は消化可能な炭水化物源として利用できる,8
02,02062,0275,＜でん粉・でん粉製品＞　（でん粉製品）　はるさめ　普通はるさめ　ゆで,0,323,76,80.0,-,0,-,(0),Tr,19.7,*,17.9,19.1,,0.8,-,19.9,-,0.1,1,2,10,1,10,0.1,0,0,0.01,0,0,1,0,(0),(0),(0),(0),(0),(0),(0),(0),(0),(0),(0),(0),(0),(0),(0),0,(0),(0),(0),(0),-,(0),-,0,,"{""baseName"":""はるさめ"",""variety"":""普通はるさめ"",""state"":""ゆで"",""notes"":[""でん粉・でん粉製品"",""でん粉製品""]}",はるさめ（でん粉製品）は消化可能な炭水化物源でレシピ素材として使いやすい,7
03,03022,0304,（その他）　はちみつ,0,1397,329,17.6,(0.2),0.3,-,(0),Tr,75.3,,75.2,81.7,*,(0),-,81.9,0.3,0.1,2,65,4,2,5,0.2,0.1,0.04,0.21,Tr,0,1,0,(0),0,1,0,1,0,(0),0,0,0,0,0,Tr,0.01,0.3,(0.4),0.02,0,7,0.12,0.4,0,-,0,(100 g：71 mL、100 mL：140 g),"{""baseName"":""はちみつ"",""notes"":[""その他""]}",はちみつは天然の甘味で少量なら安全だが多量の摂取は避けるべき,7
03,03033,0304-1,（その他）　はちみつ　国産品　,0,1392,328,18.1,0,0.1,-,-,Tr,69.3,,69.2,81.4,*,-,-,81.7,0.3,Tr,1,23,2,1,3,0.1,Tr,0.01,0.09,0,0,0,0,-,0,Tr,0,Tr,0,-,-,-,-,-,-,Tr,Tr,0.1,0.1,0.03,-,Tr,0.04,0.2,-,-,0,,"{""baseName"":""はちみつ"",""variety"":""国産品"",""notes"":[""その他""]}",はちみつは甘味料として使用できるが糖分が高い点に注意が必要。,7
04,04002,0307,あずき　全粒　ゆで,0,523,124,63.9,7.4,8.6,(0.3),(0),0.8,18.2,,16.5,18.3,*,8.7,-,25.6,0.3,1.0,1,430,27,43,95,1.6,0.9,0.30,0.44,0,Tr,1,90,(0),Tr,4,Tr,4,Tr,(0),0.1,0.1,1.3,4.2,3,0.15,0.04,0.5,2.2,0.11,(0),23,0.43,3.3,Tr,-,0,食物繊維：AOAC2011.25法,"{""baseName"":""あずき"",""formModifiers"":[""全粒""],""state"":""ゆで""}",ゆであずきは加熱済みの豆類で食物繊維が豊富、適量で利用可能。,7
04,04008,0316,いんげんまめ　全粒　ゆで,0,535,127,63.6,(7.3),9.3,(0.7),(0),1.2,17.3,*,15.8,13.5,,13.6,-,24.5,-,1.4,Tr,410,62,46,140,2.0,1.0,0.32,0.84,0,Tr,Tr,27,(0),0,3,0,3,0,(0),0,0,1.3,0.1,3,0.22,0.07,0.6,(2.3),0.08,(0),32,0.15,3.7,Tr,-,0,金時類、白金時類、手亡類、鶉類、大福、虎豆を含む,"{""baseName"":""いんげんまめ"",""formModifiers"":[""全粒""],""state"":""ゆで""}",ゆでたいんげんまめは食物繊維とビタミンの供給源として安全に使える野菜素材,8
04,04009,0317,いんげんまめ　うずら豆,0,908,214,41.4,6.1,6.7,0.6,(0),1.3,45.9,*,43.2,45.0,,5.9,-,49.6,-,1.0,110,230,41,25,100,2.3,0.6,0.14,-,-,-,-,-,(0),-,-,-,(0),(0),(0),0,0,0.6,0,3,0.03,0.01,0.3,1.7,0.04,(0),23,0.14,-,Tr,-,0.3,試料（原材料）： 金時類 \n煮豆,"{""baseName"":""いんげんまめ"",""variety"":""うずら豆""}",加熱済みの豆類はタンパク質・食物繊維源だが、消化やガスに注意が必要。,7
04,04010,0318,いんげんまめ　こし生あん,0,568,135,62.3,(7.4),9.4,(0.5),(0),0.9,-,,-,20.9,*,8.5,-,27.0,-,0.4,9,55,60,45,75,2.7,0.8,0.09,0.73,0,5,Tr,6,(0),-,-,-,(0),(0),(0),0,0,1.5,0.1,3,0.01,0.02,0,(1.7),0,(0),14,0.07,2.8,Tr,-,0,,"{""baseName"":""いんげんまめ"",""variety"":""こし生あん""}",豆を原料とした滑らかなあんで栄養源として使えるが、豆製品は消化でガスが出ることがある,7
04,04011,0319,いんげんまめ　豆きんとん,0,1010,238,37.8,(3.8),4.9,(0.3),(0),0.5,-,,-,52.7,*,4.8,-,56.2,-,0.6,100,120,28,23,83,1.0,0.5,0.09,0.50,-,-,-,-,(0),Tr,Tr,-,Tr,(0),(0),0,Tr,1.3,0.1,1,0.01,0.01,0.1,(1.0),0.03,(0),15,0.07,-,Tr,-,0.3,,"{""baseName"":""いんげんまめ"",""variety"":""豆きんとん""}",いんげんまめは食物繊維と植物性タンパクを含み使用可能だが加工品である点に注意,7
04,04012,0320,えんどう　全粒　青えんどう　乾,0,1307,310,13.4,17.8,21.7,1.5,(0),2.3,42.7,,38.9,47.8,*,17.4,-,60.4,-,2.2,1,870,65,120,360,5.0,4.1,0.49,-,1,11,2,280,(0),0,89,6,92,8,(0),0.1,0,6.7,0.2,16,0.72,0.15,2.5,5.8,0.29,(0),24,1.74,16.0,Tr,-,0,(100 g：136mL、100 mL：74g),"{""baseName"":""えんどう"",""variety"":""青えんどう"",""formModifiers"":[""全粒""],""state"":""乾""}",乾燥した青えんどうは良い植物性タンパク・繊維源で素材として利用可能。,8
04,04013,0321,えんどう　全粒　青えんどう　ゆで,0,545,129,63.8,(7.4),9.2,(0.6),(0),1.0,18.8,,17.2,19.7,*,7.7,-,25.2,-,0.8,1,260,28,40,65,2.2,1.4,0.21,-,0,5,1,63,(0),0,43,2,44,4,(0),0,0,2.3,0.1,7,0.27,0.06,0.8,(2.2),Tr,(0),5,0.39,5.7,Tr,-,0,,"{""baseName"":""えんどう"",""variety"":""青えんどう"",""formModifiers"":[""全粒""],""state"":""ゆで""}",ゆでた青えんどうは消化に良い野菜で、タンパク質補助や食物繊維源として使いやすい,8
04,04074,0322,えんどう　全粒　赤えんどう　乾,0,1307,310,13.4,(17.8),21.7,1.5,(0),2.3,(42.7),,(38.9),47.8,*,17.4,-,60.4,-,2.2,1,870,65,120,360,5.0,4.1,0.49,-,1,11,2,280,(0),0,16,4,18,1,(0),0.1,0,6.7,0.2,16,0.72,0.15,2.5,(5.8),0.29,(0),24,1.74,16.0,Tr,-,0,(100 g：136mL、100 mL：74g),"{""baseName"":""えんどう"",""variety"":""赤えんどう"",""formModifiers"":[""全粒""],""state"":""乾""}",乾燥の赤えんどうは良い植物性たんぱく・食物繊維源で素材として適する。,8
04,04075,0323,えんどう　全粒　赤えんどう　ゆで,0,545,129,63.8,(7.4),9.2,0.6,(0),1.0,(18.8),,(17.2),19.7,*,7.7,-,25.2,-,0.8,1,260,28,40,65,2.2,1.4,0.21,-,0,5,1,63,(0),0,6,1,7,1,(0),0,0,2.3,0.1,7,0.27,0.06,0.8,(2.2),Tr,(0),5,0.39,5.7,Tr,-,0,,"{""baseName"":""えんどう"",""variety"":""赤えんどう"",""formModifiers"":[""全粒""],""state"":""ゆで""}",ゆでた赤えんどうは良質な炭水化物・植物性タンパク源で犬の素材として適切,8
04,04014,0324,えんどう　グリンピース（揚げ豆）,0,1570,375,5.6,(16.6),20.8,9.8,(0),11.6,-,,-,45.2,*,19.6,-,58.8,-,3.2,350,850,88,110,450,5.4,3.5,0.62,0.90,-,-,-,-,(0),-,-,-,26,2,(0),1.1,0.5,5.2,0.4,24,0.52,0.16,1.9,(5.1),0.17,0,8,0.44,-,Tr,-,0.9,,"{""baseName"":""えんどう"",""variety"":""グリンピース（揚げ豆）""}",グリンピースは栄養価があるが揚げ加工されているため脂質や塩分に注意が必要。,7
04,04016,0326,えんどう　うぐいす豆,0,965,228,39.7,(4.5),5.6,0.3,(0),0.7,-,,-,49.1,*,5.3,-,52.9,-,1.1,150,100,18,26,130,2.5,0.8,0.15,-,-,-,-,-,(0),-,-,-,6,Tr,(0),0,0,2.2,0.1,8,0.02,0.01,0.3,(1.2),0.04,(0),4,0.24,-,Tr,-,0.4,煮豆,"{""baseName"":""えんどう"",""variety"":""うぐいす豆""}",うぐいす豆（煮豆）は豆類の安全な素材で、調理済みのため使いやすい,8
04,04017,0327,ささげ　全粒　乾,0,1182,280,15.5,19.6,23.9,1.3,(0),2.0,40.7,*,37.1,41.5,,18.4,-,55.0,-,3.6,1,1400,75,170,400,5.6,4.9,0.71,-,0,6,6,380,(0),0,18,1,19,2,(0),Tr,0,6.2,9.7,14,0.50,0.10,2.5,7.2,0.24,(0),300,1.30,11.0,Tr,-,0,,"{""baseName"":""ささげ"",""formModifiers"":[""全粒""],""state"":""乾""}",ささげ（全粒・乾）は植物性たんぱくや食物繊維源だが調理が必要で消化性に配慮が必要,7
04,04018,0328,ささげ　全粒　ゆで,0,547,130,63.9,(8.2),10.2,(0.6),(0),0.9,18.7,*,17.0,15.4,,10.7,-,23.8,-,1.2,Tr,400,32,55,150,2.6,1.5,0.23,-,0,2,2,150,(0),0,8,0,8,1,(0),0,0,2.3,4.7,6,0.20,0.05,0.6,(2.6),0.06,(0),48,0.27,4.8,Tr,-,0,,"{""baseName"":""ささげ"",""formModifiers"":[""全粒""],""state"":""ゆで""}",加熱済みの豆類は消化しやすく栄養源として利用できる。,8
04,04019,0329,そらまめ　全粒　乾,0,1368,323,13.3,20.5,26.0,1.3,(0),2.0,37.6,,34.3,52.8,*,9.3,-,55.9,-,2.8,1,1100,100,120,440,5.7,4.6,1.20,-,0,3,1,260,(0),0,5,0,5,Tr,(0),0.7,0,5.0,0.1,13,0.50,0.20,2.5,6.2,0.41,(0),260,0.48,13.0,Tr,-,0,,"{""baseName"":""そらまめ"",""formModifiers"":[""全粒""],""state"":""乾""}",そらまめは豆類として植物性たんぱく源になり得るが消化に個体差がある。,7
04,04021,0331,そらまめ　おたふく豆,0,1002,237,37.2,(6.1),7.9,0.6,(0),1.2,-,,-,48.7,*,5.9,-,52.2,-,1.5,160,110,54,27,140,5.3,0.8,0.32,-,-,-,-,-,(0),-,-,-,Tr,(0),(0),0.2,0,1.1,0,6,0.01,0.01,0.2,(1.3),0.06,(0),30,0.14,-,Tr,-,0.4,煮豆,"{""baseName"":""そらまめ"",""variety"":""おたふく豆""}",豆類はたんぱく・繊維源として使えるが消化性に注意が必要な素材。,7
04,04104,0334,だいず　［全粒・全粒製品］　全粒　青大豆　国産　乾,0,1473,354,12.5,31.4,33.5,16.9,Tr,19.3,8.5,*,8.1,12.9,,20.1,-,30.1,1.6,4.6,3,1700,160,200,600,6.5,3.9,0.96,2.11,Tr,9,1,450,0,1,8,1,9,1,0,2.3,0.8,12.0,7.0,36,0.74,0.24,2.4,11.0,0.55,0,260,0.83,24.0,2,-,0,食物繊維：AOAC2011.25法\n(100 g：155mL、100 mL：64g),"{""baseName"":""だいず"",""variety"":""青大豆"",""formModifiers"":[""全粒""],""origin"":""国産"",""state"":""乾"",""notes"":[""全粒・全粒製品""]}",青大豆（乾）は大豆由来のたんぱく源で加熱処理により利用しやすい。,7
04,04105,0335,だいず　［全粒・全粒製品］　全粒　青大豆　国産　ゆで,0,605,145,65.5,13.8,15.0,7.5,-,8.2,1.6,*,1.5,3.5,,8.0,-,9.9,0.3,1.4,1,440,69,66,230,1.8,1.5,0.39,0.93,0,3,0,85,-,1,4,1,5,Tr,-,1.5,0.4,7.1,3.6,18,0.13,0.05,0.4,4.0,0.12,-,36,0.08,9.9,0,-,0,食物繊維：AOAC2011.25法,"{""baseName"":""だいず"",""variety"":""青大豆"",""formModifiers"":[""全粒""],""origin"":""国産"",""state"":""ゆで"",""notes"":[""全粒・全粒製品""]}",ゆでた大豆は良質な植物性たんぱく・食物繊維を含み、調理済みで消化しやすいため素材として適している,8
04,04023,0336,だいず　［全粒・全粒製品］　全粒　黄大豆　国産　乾,0,1548,372,12.4,32.9,33.8,18.6,Tr,19.7,7.0,*,6.7,8.3,,21.5,-,29.5,1.7,4.7,1,1900,180,220,490,6.8,3.1,1.07,2.27,0,5,3,350,(0),0,7,1,7,1,(0),2.3,0.9,13.0,8.6,18,0.71,0.26,2.0,10.0,0.51,(0),260,1.36,28.0,3,-,0,食物繊維：AOAC2011.25法\n(100 g：155mL、100 mL：64g),"{""baseName"":""だいず"",""variety"":""黄大豆"",""formModifiers"":[""全粒""],""origin"":""国産"",""state"":""乾"",""notes"":[""全粒・全粒製品""]}",乾燥黄大豆は良質な植物性タンパク源で調理して使用すれば素材として適切。,7
04,04024,0337,だいず　［全粒・全粒製品］　全粒　黄大豆　国産　ゆで,0,679,163,65.4,14.1,14.8,(9.2),(Tr),9.8,1.6,*,1.5,0.8,,8.5,-,8.4,0.4,1.6,1,530,79,100,190,2.2,1.9,0.23,1.01,0,2,Tr,77,(0),0,3,0,3,0,(0),1.6,0.8,4.2,3.2,7,0.17,0.08,0.4,4.0,0.10,(0),41,0.26,9.8,Tr,-,0,食物繊維：AOAC2011.25法\n,"{""baseName"":""だいず"",""variety"":""黄大豆"",""formModifiers"":[""全粒""],""origin"":""国産"",""state"":""ゆで"",""notes"":[""全粒・全粒製品""]}",加熱済みの大豆は良質な植物性たんぱく・食物繊維源として利用できるが消化に注意,8
04,04025,0338,だいず　［全粒・全粒製品］　全粒　黄大豆　米国産　乾,0,1674,402,11.7,31.0,33.0,(19.9),Tr,21.7,7.0,,6.6,16.7,*,15.9,-,28.8,-,4.8,1,1800,230,230,480,8.6,4.5,0.97,-,2,28,1,300,(0),0,7,0,7,1,(0),1.7,0.4,15.0,5.6,34,0.88,0.30,2.1,10.0,0.46,(0),220,1.49,34.0,Tr,-,0,(100 g：155mL、100 mL：64g),"{""baseName"":""だいず"",""variety"":""黄大豆"",""formModifiers"":[""全粒""],""origin"":""米国産"",""state"":""乾"",""notes"":[""全粒・全粒製品""]}",乾燥の全粒黄大豆も同様に良い植物性たんぱく源で、調理して利用する素材として適している,7
04,04026,0339,だいず　［全粒・全粒製品］　全粒　黄大豆　中国産　乾,0,1630,391,12.5,31.2,32.8,(17.9),Tr,19.5,7.7,,7.3,18.4,*,15.6,-,30.8,-,4.4,1,1800,170,220,460,8.9,3.9,1.01,-,0,2,1,41,(0),0,9,0,9,1,(0),2.1,0.7,19.0,8.1,34,0.84,0.30,2.2,10.0,0.59,(0),260,1.64,33.0,Tr,-,0,(100 g：155mL、100 mL：64g),"{""baseName"":""だいず"",""variety"":""黄大豆"",""formModifiers"":[""全粒""],""origin"":""中国産"",""state"":""乾"",""notes"":[""全粒・全粒製品""]}",乾燥黄大豆は植物性タンパク源として利用可能だが、調理が必要でやや扱いに注意が必要。,7
04,04027,0340,だいず　［全粒・全粒製品］　全粒　黄大豆　ブラジル産　乾,0,1725,414,8.3,(30.9),33.6,20.2,(Tr),22.6,5.2,,5.0,18.6,*,17.3,-,30.7,-,4.8,2,1800,250,250,580,9.0,3.5,1.11,2.54,0,1,1,660,(0),0,15,0,15,1,(0),4.8,0.7,20.0,6.4,36,0.77,0.29,2.2,(11.0),0.45,(0),220,1.68,33.0,Tr,-,0,(100 g：155mL、100 mL：64g),"{""baseName"":""だいず"",""variety"":""黄大豆"",""formModifiers"":[""全粒""],""origin"":""ブラジル産"",""state"":""乾"",""notes"":[""全粒・全粒製品""]}",大豆は良い植物性たんぱく源だが乾燥状態は調理して与える方が適切,7
04,04077,0341,だいず　［全粒・全粒製品］　全粒　黒大豆　国産　乾,0,1452,349,12.7,31.5,33.9,16.5,Tr,18.8,7.7,*,7.3,11.3,,20.6,-,28.9,1.6,4.6,1,1800,140,200,620,6.8,3.7,0.96,2.24,0,3,2,570,0,1,24,3,26,2,0,3.1,1.7,14.0,10.0,36,0.73,0.23,2.5,11.0,0.50,0,350,0.98,26.0,3,-,0,ポリフェノール1.1ｇ\n食物繊維：AOAC2011.25法\n(100 g：155mL、100 mL：64g),"{""baseName"":""だいず"",""variety"":""黒大豆"",""formModifiers"":[""全粒""],""origin"":""国産"",""state"":""乾"",""notes"":[""全粒・全粒製品""]}",乾燥の全粒黒大豆は植物性たんぱく源として利用可能だが、生のままでは調理が必要,7
04,04106,0342,だいず　［全粒・全粒製品］　全粒　黒大豆　国産　ゆで,0,642,155,65.1,13.8,14.7,8.5,-,8.6,1.7,*,1.6,2.6,,7.9,-,9.8,0.3,1.4,Tr,480,55,64,220,2.6,1.4,0.33,0.98,0,1,0,170,-,Tr,11,1,11,1,-,1.8,0.8,7.2,4.8,15,0.14,0.05,0.4,4.0,0.12,-,43,0.17,9.3,Tr,-,0,ポリフェノール0.4ｇ\n食物繊維：AOAC2011.25法,"{""baseName"":""だいず"",""variety"":""黒大豆"",""formModifiers"":[""全粒""],""origin"":""国産"",""state"":""ゆで"",""notes"":[""全粒・全粒製品""]}",ゆで大豆は植物性たんぱく・食物繊維源として利用可能（消化量に注意）,7
04,04080,0343,だいず　［全粒・全粒製品］　いり大豆　青大豆,0,1774,425,2.7,35.6,37.7,19.1,(Tr),20.7,9.5,,9.0,17.5,*,18.4,-,33.9,1.8,5.0,4,2000,160,250,650,6.7,4.2,1.29,2.90,1,5,2,800,(0),1,9,2,10,1,(0),1.3,0.5,17.0,11.0,38,0.15,0.27,2.2,11.0,0.45,(0),250,0.57,25.0,1,-,0,,"{""baseName"":""だいず"",""variety"":""いり大豆 青大豆"",""notes"":[""全粒・全粒製品""]}",良質な植物性たんぱく源で犬のレシピ素材として適している,8
04,04078,0344,だいず　［全粒・全粒製品］　いり大豆　黄大豆,0,1788,429,2.5,35.0,37.5,20.2,(Tr),21.6,7.5,,7.2,15.9,*,19.4,-,33.3,1.8,5.1,5,2000,160,240,710,7.6,4.2,1.31,3.24,1,5,5,290,(0),1,5,2,7,1,(0),2.2,1.1,14.0,9.8,38,0.14,0.26,2.7,12.0,0.39,(0),260,0.71,27.0,1,-,0,,"{""baseName"":""だいず"",""variety"":""いり大豆 黄大豆"",""notes"":[""全粒・全粒製品""]}",だいず（いり大豆）は植物性たんぱく源として利用可能だが固さにより消化に注意,7
04,04079,0345,だいず　［全粒・全粒製品］　いり大豆　黒大豆,0,1796,431,2.4,33.6,36.4,20.3,(Tr),22.0,8.8,,8.3,17.9,*,19.2,-,34.3,1.6,5.0,4,2100,120,220,640,7.2,3.7,1.06,2.37,1,3,12,240,(0),2,12,3,14,1,(0),3.1,1.3,16.0,11.0,32,0.12,0.27,2.5,11.0,0.41,(0),280,0.68,27.0,1,-,0,,"{""baseName"":""だいず"",""variety"":""いり大豆 黒大豆"",""notes"":[""全粒・全粒製品""]}",いり大豆（黒大豆）は植物性たんぱく・繊維源として利用できるが消化性やアレルギーに留意。,7
04,04028,0346,だいず　［全粒・全粒製品］　水煮缶詰　黄大豆,0,514,124,71.7,12.5,12.9,(6.3),(Tr),6.7,0.9,*,0.8,1.7,,6.8,-,7.7,-,1.0,210,250,100,55,170,1.8,1.1,0.28,0.84,-,-,-,-,(0),0,0,0,0,(0),(0),0.5,0.3,6.2,5.6,5,0.01,0.02,0.1,3.3,0.01,(0),11,0,-,Tr,-,0.5,液汁を除いたもの,"{""baseName"":""だいず"",""variety"":""黄大豆"",""state"":""水煮缶詰"",""notes"":[""全粒・全粒製品""]}",水煮大豆は植物性タンパク源として使用可能。消化性に配慮して調理する。,7
04,04081,0347,だいず　［全粒・全粒製品］　蒸し大豆　黄大豆,0,772,186,57.4,(15.8),16.6,(9.2),0,9.8,-,,-,4.5,*,10.6,-,13.8,-,2.4,230,810,75,110,290,2.8,1.8,0.51,1.33,-,-,-,-,0,0,2,1,3,0,0,0.8,0.3,8.0,5.3,11,0.15,0.10,0.9,(4.9),0.18,0,96,0.34,-,0,-,0.6,試料： レトルト製品\nAOAC2011.25法,"{""baseName"":""だいず"",""variety"":""蒸し大豆 黄大豆"",""notes"":[""全粒・全粒製品""]}",蒸し大豆は加熱済みでタンパク質・食物繊維源として利用できるが、量や調理形態に注意が必要。,8
04,04082,0348,だいず　［全粒・全粒製品］　きな粉　青大豆　全粒大豆,0,1769,424,5.9,34.9,37.0,20.9,(Tr),22.8,8.7,,8.2,14.7,*,16.9,-,29.3,1.8,5.0,1,2000,160,240,690,7.9,4.5,1.32,2.76,1,3,5,450,(0),4,50,3,53,4,(0),2.4,0.7,15.0,9.0,57,0.29,0.29,2.2,11.0,0.51,(0),250,0.91,29.0,1,-,0,(100 g：292mL、100 mL：34g),"{""baseName"":""だいず"",""variety"":""きな粉 青大豆 全粒大豆"",""notes"":[""全粒・全粒製品""]}",きな粉（大豆）は植物性タンパクと食物繊維を含み、犬のレシピ素材として利用しやすい。,8
04,04096,0349,だいず　［全粒・全粒製品］　きな粉　青大豆　脱皮大豆,0,1736,418,5.2,34.6,36.6,23.0,1,24.6,6.8,*,6.5,9.2,,20.8,-,28.3,1.9,5.3,1,2100,190,220,700,6.7,4.1,1.19,2.63,Tr,7,3,380,(0),9,66,1,71,6,(0),7.5,1.4,19.0,6.1,81,0.48,0.27,2.1,11.0,0.56,(0),210,0.93,31.0,0,-,0,別名：青大豆きな粉、うぐいす色きな粉あるいはうぐいすきな粉\n食物繊維：AOAC2011.25法\n(100 g：292mL、100 mL：34g),"{""baseName"":""だいず"",""variety"":""きな粉 青大豆 脱皮大豆"",""notes"":[""全粒・全粒製品""]}",植物性タンパクと食物繊維が豊富で利用しやすい加工大豆製品。,7
04,04029,0350,だいず　［全粒・全粒製品］　きな粉　黄大豆　全粒大豆,0,1877,451,4.0,34.3,36.7,24.7,(Tr),25.7,7.1,,6.8,13.9,*,18.1,-,28.5,-,5.1,1,2000,190,260,660,8.0,4.1,1.12,2.75,Tr,5,12,380,(0),0,3,1,4,Tr,(0),1.7,1.2,11.0,8.6,27,0.07,0.24,2.2,11.0,0.52,(0),220,1.01,31.0,1,-,0,(100 g：292mL、100 mL：34g),"{""baseName"":""だいず"",""variety"":""きな粉 黄大豆 全粒大豆"",""notes"":[""全粒・全粒製品""]}",大豆（きな粉）は植物性タンパク源として使えるが加工品のため汎用性はやや低め,7
04,04030,0351,だいず　［全粒・全粒製品］　きな粉　黄大豆　脱皮大豆,0,1901,456,2.6,34.6,37.5,23.7,(Tr),25.1,6.8,,6.5,18.4,*,15.3,-,29.5,-,5.4,2,2000,180,250,680,6.2,4.0,1.23,2.32,Tr,5,7,370,(0),0,6,1,6,1,(0),1.9,0.8,15.0,8.6,42,0.07,0.22,2.1,11.0,0.30,(0),250,0.74,33.0,0,-,0,(100 g：292mL、100 mL：34g),"{""baseName"":""だいず"",""variety"":""きな粉 黄大豆 脱皮大豆"",""notes"":[""全粒・全粒製品""]}",きな粉は大豆由来の良質な植物性たんぱくで、風味付けや栄養補助に適する。,7
04,04083,0354,だいず　［全粒・全粒製品］　大豆はいが,0,1689,404,3.9,-,37.8,-,(0),14.7,-,,-,20.7,*,18.8,-,39.5,-,4.1,0,1400,100,200,720,12.0,6.0,1.13,2.86,-,-,-,-,(0),(0),19,(0),19,2,(0),19.0,1.3,10.0,1.6,190,0.03,0.73,3.4,9.7,0.56,(0),460,0.59,-,0,-,0,,"{""baseName"":""だいず"",""variety"":""大豆はいが"",""notes"":[""全粒・全粒製品""]}",大豆（全粒）は植物性タンパク源として利用できるが消化性に差がある。,7
04,04032,0356,だいず　［豆腐・油揚げ類］　木綿豆腐,0,304,73,85.9,6.7,7.0,4.5,0,4.9,0.8,*,0.8,0.9,,1.1,-,1.5,0.2,0.7,9,110,93,57,88,1.5,0.6,0.16,0.41,6,4,4,44,(0),0,0,0,0,0,(0),0.2,Tr,2.9,1.3,6,0.09,0.04,0.2,1.9,0.05,(0),12,0.02,4.1,0,-,0,凝固剤の種類は問わないもの\n食物繊維：AOAC2011.25法,"{""baseName"":""だいず"",""variety"":""木綿豆腐"",""notes"":[""豆腐・油揚げ類""]}",木綿豆腐はたんぱく源として利用可能で、調理して与えやすい。,8
04,04097,0357,だいず　［豆腐・油揚げ類］　木綿豆腐　（凝固剤：塩化マグネシウム）,0,304,73,85.9,6.7,7.0,4.5,0,4.9,0.8,*,0.8,0.9,,1.1,-,1.5,0.2,0.7,21,110,40,76,88,1.5,0.6,0.16,0.41,6,4,4,44,(0),0,0,0,0,0,(0),0.2,Tr,2.9,1.3,6,0.09,0.04,0.2,1.9,0.05,(0),12,0.02,4.1,0,-,0.1,食物繊維：AOAC2011.25法,"{""baseName"":""だいず"",""variety"":""木綿豆腐"",""notes"":[""豆腐・油揚げ類"",""凝固剤：塩化マグネシウム""]}",木綿豆腐は植物性の良質なタンパク源で消化しやすく素材として適している,8
04,04098,0358,だいず　［豆腐・油揚げ類］　木綿豆腐　（凝固剤：硫酸カルシウム）,0,304,73,85.9,6.7,7.0,4.5,0,4.9,0.8,*,0.8,0.9,,1.1,-,1.5,0.2,0.7,3,110,150,34,88,1.5,0.6,0.16,0.41,6,4,4,44,(0),0,0,0,0,0,(0),0.2,Tr,2.9,1.3,6,0.09,0.04,0.2,1.9,0.05,(0),12,0.02,4.1,0,-,0,食物繊維：AOAC2011.25法,"{""baseName"":""だいず"",""variety"":""木綿豆腐"",""notes"":[""豆腐・油揚げ類"",""凝固剤：硫酸カルシウム""]}",木綿豆腐は消化性が良く植物性タンパク源として利用できる,8
04,04033,0359,だいず　［豆腐・油揚げ類］　絹ごし豆腐,0,235,56,88.5,5.3,5.3,(3.2),(0),3.5,1.0,*,0.9,1.1,,0.9,-,2.0,0.2,0.7,11,150,75,50,68,1.2,0.5,0.16,0.34,1,1,1,69,(0),0,0,0,0,0,(0),0.1,Tr,2.3,1.0,9,0.11,0.04,0.2,1.6,0.06,(0),12,0.09,3.5,0,-,0,凝固剤の種類は問わないもの\n食物繊維：AOAC2011.25法,"{""baseName"":""だいず"",""variety"":""絹ごし豆腐"",""notes"":[""豆腐・油揚げ類""]}",絹ごし豆腐は消化の良い植物性たんぱくで犬の食材として適している。,8
04,04099,0360,だいず　［豆腐・油揚げ類］　絹ごし豆腐　（凝固剤：塩化マグネシウム）,0,235,56,88.5,5.3,5.3,3.2,(0),3.5,1.0,*,0.9,1.1,,0.9,-,2.0,0.2,0.7,19,150,30,63,68,1.2,0.5,0.16,0.34,1,1,1,69,(0),0,0,0,0,0,(0),0.1,Tr,2.3,1.0,9,0.11,0.04,0.2,1.6,0.06,(0),12,0.09,3.5,0,-,0,食物繊維：AOAC2011.25法,"{""baseName"":""だいず"",""variety"":""絹ごし豆腐"",""notes"":[""豆腐・油揚げ類"",""凝固剤：塩化マグネシウム""]}",絹ごし豆腐は消化しやすい植物性たんぱく源として利用可能。,8
04,04100,0361,だいず　［豆腐・油揚げ類］　絹ごし豆腐　（凝固剤：硫酸カルシウム）,0,235,56,88.5,5.3,5.3,3.2,(0),3.5,1.0,*,0.9,1.1,,0.9,-,2.0,0.2,0.7,7,150,120,33,68,1.2,0.5,0.16,0.34,1,1,1,69,(0),0,0,0,0,0,(0),0.1,Tr,2.3,1.0,9,0.11,0.04,0.2,1.6,0.06,(0),12,0.09,3.5,0,-,0,食物繊維：AOAC2011.25法,"{""baseName"":""だいず"",""variety"":""絹ごし豆腐"",""notes"":[""豆腐・油揚げ類"",""凝固剤：硫酸カルシウム""]}",絹ごし豆腐は良質な植物性タンパク源で消化性も良く、犬のレシピ素材として適している。,8
04,04034,0362,だいず　［豆腐・油揚げ類］　ソフト豆腐,0,234,56,88.9,5.0,5.1,(3.0),(0),3.3,0.4,,0.3,1.9,*,0.4,-,2.0,-,0.7,7,150,91,32,82,0.7,0.5,0.16,0.33,-,-,-,-,(0),-,-,-,(0),(0),(0),0.1,0.1,2.2,1.0,10,0.07,0.03,0.1,1.4,0.07,(0),10,0.10,-,Tr,-,0,,"{""baseName"":""だいず"",""variety"":""ソフト豆腐"",""notes"":[""豆腐・油揚げ類""]}",ソフト豆腐は消化しやすい植物性たんぱくで多くの犬に適した素材,8
04,04035,0363,だいず　［豆腐・油揚げ類］　充てん豆腐,0,234,56,88.6,5.1,5.0,(2.8),(0),3.1,0.8,,0.8,2.4,*,0.3,-,2.5,-,0.8,10,200,31,68,83,0.8,0.6,0.18,0.43,-,-,-,-,(0),-,-,-,0,(0),(0),0.3,0.1,2.4,0.8,11,0.15,0.05,0.3,1.6,0.09,(0),23,0.12,-,Tr,-,0,,"{""baseName"":""だいず"",""variety"":""充てん豆腐"",""notes"":[""豆腐・油揚げ類""]}",充てん豆腐は消化しやすい植物性たんぱく源で犬の素材として適している,8
04,04036,0364,だいず　［豆腐・油揚げ類］　沖縄豆腐,0,413,99,81.8,(8.8),9.1,(6.6),(0),7.2,(1.0),*,(1.0),1.1,,0.5,-,0.7,-,1.2,170,180,120,66,130,1.7,1.0,0.19,0.93,-,-,-,-,(0),-,-,-,(0),(0),(0),0.4,0.1,4.8,1.8,16,0.10,0.04,0.2,(2.5),0.06,(0),14,Tr,-,Tr,-,0.4,別名： 島豆腐,"{""baseName"":""だいず"",""variety"":""沖縄豆腐"",""notes"":[""豆腐・油揚げ類""]}",沖縄豆腐は豆製品としてタンパク源になり、犬のレシピ素材として使える。,8
04,04037,0365,だいず　［豆腐・油揚げ類］　ゆし豆腐,0,198,47,90.0,(4.1),4.3,(2.6),(0),2.8,(0.6),,(0.5),1.8,*,0.3,-,1.7,-,1.2,240,210,36,43,71,0.7,0.5,0.14,0.30,-,-,-,-,(0),-,-,-,0,(0),(0),0.1,0.1,2.0,1.2,9,0.10,0.04,0.2,(1.3),0.07,0,13,0.20,-,Tr,-,0.6,,"{""baseName"":""だいず"",""variety"":""ゆし豆腐"",""notes"":[""豆腐・油揚げ類""]}",ゆし豆腐は良質な植物性タンパク源で犬のレシピ素材として適している。,9
04,04038,0366,だいず　［豆腐・油揚げ類］　焼き豆腐,0,341,82,84.8,7.8,7.8,(5.2),(0),5.7,0.7,*,0.6,1.0,,0.5,-,1.0,-,0.7,4,90,150,37,110,1.6,0.8,0.16,0.60,-,-,-,-,(0),-,-,-,(0),(0),(0),0.2,0.1,3.5,1.5,14,0.07,0.03,0.1,2.2,0.05,(0),12,0.06,-,Tr,-,0,,"{""baseName"":""だいず"",""variety"":""焼き豆腐"",""notes"":[""豆腐・油揚げ類""]}",焼き豆腐は良質なたんぱく源で犬に与えて問題のない素材。,8
04,04113,0367-1,だいず　［豆腐・油揚げ類］　絹生揚げ,0,429,103,80.5,7.6,7.9,7.2,-,7.7,1.2,*,1.2,1.9,,1.5,-,2.9,0.3,1.1,17,260,34,120,130,1.2,0.8,0.23,0.48,1,4,2,69,-,0,1,Tr,1,0,-,0.7,0.1,3.6,1.7,11,0.12,0.04,0.5,2.4,0.09,-,16,0.13,6.2,0,-,0,別名： 絹厚揚げ\n食物繊維：AOAC2011.25法,"{""baseName"":""だいず"",""variety"":""絹生揚げ"",""notes"":[""豆腐・油揚げ類""]}",大豆由来の良質なタンパク源。油での加工形態は脂質に注意が必要。,7
04,04040,0368,だいず　［豆腐・油揚げ類］　油揚げ　生,0,1564,377,39.9,23.0,23.4,31.2,(Tr),34.4,0.5,*,0.5,2.8,,1.3,-,0.4,-,1.9,4,86,310,150,350,3.2,2.5,0.22,1.55,1,8,5,97,(0),-,-,-,(0),(0),(0),1.3,0.2,12.0,5.6,67,0.06,0.04,0.2,6.2,0.07,(0),18,0.07,7.1,0,-,0,,"{""baseName"":""だいず"",""variety"":""油揚げ"",""state"":""生"",""notes"":[""豆腐・油揚げ類""]}",油揚げ（大豆由来）はタンパク源として使えるが油加工品のため脂質に注意。,7
04,04084,0369,だいず　［豆腐・油揚げ類］　油揚げ　油抜き　生,0,1105,266,56.9,17.9,18.2,21.3,(Tr),23.4,0.3,*,0.3,1.6,,0.9,-,Tr,-,1.4,2,51,230,110,280,2.5,2.1,0.16,1.22,Tr,6,4,68,(0),-,-,-,(0),(0),(0),0.9,0.2,9.6,4.5,48,0.04,0.02,0.1,4.8,0.04,(0),12,0.04,4.8,0,-,0,,"{""baseName"":""だいず"",""variety"":""油揚げ 油抜き"",""state"":""生"",""notes"":[""豆腐・油揚げ類""]}",油揚げは大豆由来の良質なタンパク源。油抜きで脂質控えめ。,8
04,04086,0370,だいず　［豆腐・油揚げ類］　油揚げ　油抜き　ゆで,0,680,164,72.6,12.3,12.4,12.5,(Tr),13.8,0.1,*,0.1,1.1,,0.6,-,0.3,-,0.9,Tr,12,140,59,180,1.6,1.4,0.07,0.73,0,4,3,22,(0),-,-,-,(0),(0),(0),0.5,0.1,5.0,2.4,26,0.01,0.01,0,3.2,0.01,(0),3,0.02,3.3,0,-,0,,"{""baseName"":""だいず"",""variety"":""油揚げ 油抜き"",""state"":""ゆで"",""notes"":[""豆腐・油揚げ類""]}",油揚げ（油抜き・ゆで）は大豆由来のタンパク源として使えるが脂分・塩分に注意が必要な加工食品である。,7
04,04095,0372,だいず　［豆腐・油揚げ類］　油揚げ　甘煮,0,967,231,54.9,10.4,11.2,11.8,0,13.0,17.7,,17.2,20.5,*,0.5,-,19.1,0.1,1.7,460,61,120,51,150,1.5,1.1,0.08,0.16,Tr,3,3,25,0,0,2,0,2,0,(0),0.6,0.1,5.4,2.2,22,0.01,0.02,0.1,2.6,0.02,0,3,0.03,3.7,0,-,1.2,,"{""baseName"":""だいず"",""variety"":""油揚げ 甘煮"",""notes"":[""豆腐・油揚げ類""]}",油揚げ（大豆由来）は植物性たんぱく源として利用可能だが、甘煮は糖分や調味料が含まれる点に留意。,7
04,04042,0374,だいず　［豆腐・油揚げ類］　凍り豆腐　乾,0,2064,496,7.2,49.7,50.5,32.3,(0),34.1,0.2,*,0.2,4.3,,2.5,-,4.2,-,4.0,440,34,630,140,820,7.5,5.2,0.57,4.32,1,19,5,67,(0),1,7,3,9,1,(0),1.9,0.8,20.0,11.0,60,0.02,0.02,Tr,13.0,0.02,0.1,6,0.10,21.0,0,-,1.1,別名： 高野豆腐\n試料： 炭酸水素ナトリウム処理製品,"{""baseName"":""だいず"",""variety"":""凍り豆腐"",""state"":""乾"",""notes"":[""豆腐・油揚げ類""]}",凍り豆腐は豆製品の良いタンパク源で、再調理して犬の素材として利用できる。,7
04,04087,0375,だいず　［豆腐・油揚げ類］　凍り豆腐　水煮,0,435,104,79.6,10.8,10.7,6.7,(0),7.3,0.1,*,0.1,1.1,,0.5,-,1.1,-,1.3,260,3,150,29,180,1.7,1.2,0.09,1.02,Tr,5,1,3,(0),0,1,1,2,0,(0),0.3,0.2,4.0,2.2,13,0,0,0,2.7,0,(0),0,0.02,3.1,0,-,0.7,別名： 高野豆腐\n湯戻し後、煮たもの,"{""baseName"":""だいず"",""variety"":""凍り豆腐"",""state"":""水煮"",""notes"":[""豆腐・油揚げ類""]}",凍り豆腐は大豆由来のたんぱく質が豊富で犬に利用しやすい加工品,8
04,04044,0377,だいず　［豆腐・油揚げ類］　豆腐竹輪　蒸し,0,508,121,71.6,(13.6),14.9,3.7,12,4.4,-,,-,7.9,*,0.8,-,6.7,-,2.4,740,140,70,65,150,2.0,1.0,0.13,0.58,63,14,4,43,3,-,-,-,(0),3,(0),0.4,0.1,2.8,0.5,12,0.12,0.08,0.5,(3.7),0.04,0.6,11,0.17,4.2,Tr,-,1.9,原材料配合割合： 豆腐2、すり身1,"{""baseName"":""だいず"",""variety"":""豆腐竹輪"",""state"":""蒸し"",""notes"":[""豆腐・油揚げ類""]}",豆腐竹輪（蒸し）は大豆由来のタンパクと魚すり身を含む加工品で、穏やかな素材として使える,7
04,04088,0379,だいず　［豆腐・油揚げ類］　ろくじょう豆腐,0,1384,332,26.5,(33.5),34.7,(19.6),(0),21.5,-,,-,3.7,*,3.2,-,3.8,-,13.5,4300,430,660,110,590,6.1,4.6,0.73,3.83,-,-,-,-,(0),(0),3,(0),3,0,(0),2.5,0.5,15.0,5.1,41,0.10,0.06,0.5,(9.1),0.11,(0),23,0.14,-,0,-,11.0,,"{""baseName"":""だいず"",""variety"":""ろくじょう豆腐"",""notes"":[""豆腐・油揚げ類""]}",大豆由来の豆腐は良質な植物性タンパク源で犬のレシピ素材として適する。味付けや過剰な塩分に注意。,8
04,04046,0380,だいず　［納豆類］　糸引き納豆,0,765,184,59.5,14.5,16.5,(9.7),Tr,10.0,0.3,,0.3,(4.8),*,9.5,-,12.1,-,1.9,1,690,91,100,220,3.3,1.9,0.6,1.39,Tr,16,1,290,(0),Tr,4,1,4,Tr,(0),0.5,0.2,5.9,3.3,870,0.13,0.3,0.6,4.6,0.24,Tr,130,3.63,18.2,3,-,0,ビタミンK： メナキノン-7を含む\n食物繊維：AOAC2011.25法,"{""baseName"":""だいず"",""variety"":""糸引き納豆"",""notes"":[""納豆類""]}",納豆は発酵大豆食品で植物性たんぱくやプロバイオティクスを含む素材,7
04,04047,0381,だいず　［納豆類］　挽きわり納豆,0,772,185,60.9,15.1,16.6,(9.7),(0),10.0,0.2,,0.2,6.4,*,5.9,-,10.5,-,2.0,2,700,59,88,250,2.6,1.3,0.43,1.00,-,-,-,-,(0),0,0,0,0,(0),(0),0.8,0.3,9.0,5.4,930,0.14,0.36,0.9,5.0,0.29,0,110,4.28,-,Tr,-,0,ビタミンK： メナキノン-7を含む,"{""baseName"":""だいず"",""variety"":""挽きわり納豆"",""notes"":[""納豆類""]}",大豆の発酵食品でタンパク・食物繊維源として利用可能,7
04,04048,0382,だいず　［納豆類］　五斗納豆,0,900,214,45.8,-,15.3,6.9,(0),8.1,-,,-,20.3,*,4.9,-,24.0,-,6.8,2300,430,49,61,190,2.2,1.1,0.31,0.75,1,8,2,75,(0),-,-,-,(0),(0),(0),0.6,0.2,6.2,1.7,590,0.08,0.35,1.1,3.7,0.19,-,110,2.90,15.0,Tr,-,5.8,別名： こうじ納豆\nビタミンK： メナキノン-7を含む,"{""baseName"":""だいず"",""variety"":""五斗納豆"",""notes"":[""納豆類""]}",納豆は発酵大豆でタンパク質と微生物由来成分を含み利用可能だが匂いや粘性に留意,8
04,04114,0382-1,だいず　［納豆類］　塩納豆,0,575,137,64,7.8,8.3,3.6,-,4.4,12.9,,12.6,15.3,*,6.0,-,20.2,0.2,3.2,860,410,48,61,150,1.3,1,0.25,0.72,1800,1,1,73,-,0,2,Tr,2,Tr,-,0.5,0.1,4.6,1.6,220,0.06,0.11,0.5,2.6,0.13,Tr,36,1.3,8.7,0,-,2.2,ビタミンK： メナキノン-7を含む\n食物繊維：AOAC2011.25法,"{""baseName"":""だいず"",""variety"":""塩納豆"",""notes"":[""納豆類""]}",発酵大豆でたんぱく質や有益菌を含むが塩分に注意して用いる,7
04,04049,0383,だいず　［納豆類］　寺納豆,0,1043,248,24.4,-,18.6,6.1,(0),8.1,-,,-,25.9,*,7.6,-,31.5,-,17.4,5600,1000,110,140,330,5.9,3.8,0.80,1.70,1,14,2,110,(0),-,-,-,(0),(0),(0),0.9,0.3,7.6,2.6,190,0.04,0.35,4.1,7.2,0.17,-,39,0.81,19.0,Tr,-,14.2,別名： 塩辛納豆、浜納豆\nビタミンK： メナキノン-7を含む,"{""baseName"":""だいず"",""variety"":""寺納豆"",""notes"":[""納豆類""]}",納豆（大豆の発酵食品）は良質なタンパク源で消化に比較的適し、犬の素材として問題が少ない。,8
04,04115,0383-1,だいず　［納豆類］　干し納豆,0,1491,357,12,30.2,33,15.3,-,16.8,2.3,,2.2,15.3,*,17.2,-,29.3,1.2,8.9,2000,1600,190,200,570,5.8,3.4,1.03,2.31,5,5,2,300,-,Tr,6,1,7,1,-,2.6,0.7,18.5,8.9,300,0.11,0.22,1.5,9.4,0.32,Tr,150,2.64,31.2,0,-,5.1,ビタミンK： メナキノン-7を含む\n食物繊維：AOAC2011.25法,"{""baseName"":""だいず"",""variety"":""干し納豆"",""notes"":[""納豆類""]}",大豆由来の発酵食品でタンパク質・食物繊維の供給源として利用可能,7
04,04051,0384,だいず　［その他］　おから　生,0,363,88,75.5,5.4,6.1,(3.4),(0),3.6,0.6,,0.5,3.2,*,11.5,-,13.8,-,1.0,5,350,81,40,99,1.3,0.6,0.14,0.40,1,1,1,45,(0),0,0,0,0,(0),(0),0.4,0.1,2.8,0.4,8,0.11,0.03,0.2,1.6,0.06,(0),14,0.31,4.1,Tr,-,0,,"{""baseName"":""だいず"",""variety"":""おから"",""state"":""生"",""notes"":[""その他""]}",おからは良質な食物繊維と植物性たんぱくを含み、犬のレシピ素材として適している。,8
04,04089,0385,だいず　［その他］　おから　乾燥,0,1377,333,7.1,(20.2),23.1,(12.7),(0),13.6,(2.2),,(2.1),12.6,*,43.6,-,52.3,-,3.8,19,1300,310,150,380,4.9,2.3,0.53,1.52,4,4,4,170,(0),0,0,0,0,(0),(0),1.5,0.4,11.0,1.5,30,0.42,0.11,0.8,(5.9),0.23,(0),53,1.18,16.0,Tr,-,0,,"{""baseName"":""だいず"",""variety"":""おから"",""state"":""乾燥"",""notes"":[""その他""]}",おからは植物性たんぱくと食物繊維が豊富で犬のレシピ素材として利用しやすい,7
04,04052,0386,だいず　［その他］　豆乳　豆乳,0,178,43,90.8,3.4,3.6,2.6,(0),2.8,1.0,*,0.9,1.6,,0.9,-,2.3,0.2,0.5,2,190,15,25,49,1.2,0.3,0.12,0.23,Tr,1,0,54,(0),0,1,0,1,0,(0),0.1,Tr,2.0,1.0,4,0.03,0.02,0.5,1.4,0.06,(0),28,0.28,3.8,Tr,-,0,食物繊維：AOAC2011.25法,"{""baseName"":""だいず"",""variety"":""豆乳 豆乳"",""notes"":[""その他""]}",豆乳は植物性タンパク源として利用可能だが、個体差で消化性やアレルギーに注意,7
04,04055,0389,だいず　［その他］　大豆たんぱく　粒状大豆たんぱく,0,1340,318,7.8,(44.1),46.3,1.9,(0),3.0,-,,-,22.2,*,17.8,-,36.7,-,6.2,3,2400,270,290,730,7.7,4.5,1.41,2.61,-,-,-,-,(0),0,0,0,0,(0),(0),0,0,0.5,0.3,1,0.67,0.30,2.2,(13.0),0.64,(0),370,1.89,-,Tr,-,0,,"{""baseName"":""だいず"",""variety"":""大豆たんぱく 粒状大豆たんぱく"",""notes"":[""その他""]}",粒状大豆たんぱくは植物性タンパク源として利用できるがアレルギーに注意,8
04,04056,0390,だいず　［その他］　大豆たんぱく　濃縮大豆たんぱく,0,1319,313,6.8,(55.4),58.2,0.7,(0),1.7,-,,-,10.8,*,20.9,-,27.9,-,5.4,550,1300,280,220,750,9.2,3.1,0.99,2.00,-,-,-,-,(0),0,0,0,0,(0),(0),0,0,0.1,0.1,0,0.37,0.11,0.6,(15.0),0.16,(0),210,0.40,-,Tr,-,1.4,,"{""baseName"":""だいず"",""variety"":""大豆たんぱく 濃縮大豆たんぱく"",""notes"":[""その他""]}",濃縮大豆たんぱくは植物性たんぱく源として利用できるが加工品である点に留意。,7
04,04057,0391,だいず　［その他］　大豆たんぱく　分離大豆たんぱく　塩分無調整タイプ,0,1422,335,5.9,77.1,79.1,1.6,(0),3.0,1.1,*,1.0,6.7,,4.2,-,7.5,-,4.5,1300,190,57,58,840,9.4,2.9,1.51,0.89,-,-,-,-,(0),0,0,0,0,(0),(0),0,0,0.3,0.2,Tr,0.11,0.14,0.4,20.0,0.06,(0),270,0.37,-,Tr,-,3.3,,"{""baseName"":""だいず"",""variety"":""大豆たんぱく 分離大豆たんぱく 塩分無調整タイプ"",""notes"":[""その他""]}",分離大豆たんぱくは高たんぱくな植物性素材として利用できる,8
04,04090,0392,だいず　［その他］　大豆たんぱく　分離大豆たんぱく　塩分調整タイプ,0,1422,335,5.9,(77.1),79.1,1.6,(0),3.0,(1.1),*,(1.0),6.7,,4.2,-,7.5,-,4.5,640,260,890,58,840,9.4,2.9,1.51,0.89,-,-,-,-,(0),0,0,0,0,(0),(0),0,0,0.3,0.2,Tr,0.11,0.14,0.4,(20.0),0.06,(0),270,0.37,-,Tr,-,1.6,,"{""baseName"":""だいず"",""variety"":""大豆たんぱく 分離大豆たんぱく 塩分調整タイプ"",""notes"":[""その他""]}",分離大豆たんぱくは良質なたんぱく源で素材として利用しやすい,7
04,04058,0393,だいず　［その他］　大豆たんぱく　繊維状大豆たんぱく,0,1544,365,5.8,(56.5),59.3,3.6,(0),5.0,-,,-,23.8,*,5.6,-,25.2,-,4.7,1400,270,70,55,630,8.2,2.4,1.13,1.02,-,-,-,-,(0),0,0,0,0,(0),(0),0.3,0.1,1.5,0.6,2,0.62,0.16,0.5,(15.0),0.08,(0),170,0.34,-,Tr,-,3.6,,"{""baseName"":""だいず"",""variety"":""大豆たんぱく 繊維状大豆たんぱく"",""notes"":[""その他""]}",繊維状大豆たんぱくは植物性たんぱく源として利用可能だが個体差に注意,7
04,04059,0394,だいず　［その他］　湯葉　生,0,912,218,59.1,21.4,21.8,12.3,(0),13.7,1.1,,1.0,5.1,*,0.8,-,4.1,-,1.3,4,290,90,80,250,3.6,2.2,0.70,-,1,3,1,100,(0),-,-,-,10,1,(0),0.9,0.1,4.0,0.3,22,0.17,0.09,0.3,5.4,0.13,(0),25,0.34,14.0,Tr,-,0,,"{""baseName"":""だいず"",""variety"":""湯葉"",""state"":""生"",""notes"":[""その他""]}",湯葉は大豆由来の良質な植物性タンパク源として使用可能である,7
04,04060,0395,だいず　［その他］　湯葉　干し　乾,0,2024,485,6.9,49.7,50.4,30.0,(0),32.1,2.7,*,2.6,7.0,,3.0,-,7.2,-,3.3,12,840,210,220,600,8.3,4.9,3.27,3.43,3,7,4,270,(0),1,7,2,8,1,(0),2.4,0.6,12.0,5.2,55,0.35,0.12,1.4,13.0,0.32,(0),38,0.55,37.0,0,-,0,,"{""baseName"":""だいず"",""variety"":""湯葉 干し"",""state"":""乾"",""notes"":[""その他""]}",湯葉は大豆由来のタンパク源として利用可能だが大豆アレルギーに注意,7
04,04091,0396,だいず　［その他］　湯葉　干し　湯戻し,0,631,151,72.8,15.3,15.7,9.6,(0),10.6,0.4,*,0.4,0.3,,1.2,-,0.1,-,0.9,2,140,66,60,170,2.6,1.6,0.57,1.09,0,2,1,14,(0),0,2,Tr,3,0,(0),0.7,0.2,3.7,1.6,16,0.05,0.01,0.1,3.7,0.03,(0),3,0.12,11.0,0,-,0,,"{""baseName"":""だいず"",""variety"":""湯葉 干し 湯戻し"",""notes"":[""その他""]}",大豆由来の良質な植物性タンパクで利用できるが、大豆アレルギーに注意,7
04,04063,0399,だいず　［その他］　テンペ,0,748,180,57.8,(11.9),15.8,7.8,(0),9.0,-,,-,10.2,*,10.2,-,15.4,-,2.0,2,730,70,95,250,2.4,1.7,0.52,0.80,1,3,1,76,(0),-,-,-,1,Tr,(0),0.8,0.2,8.5,4.0,11,0.07,0.09,2.4,(4.9),0.23,0,49,1.08,20.0,Tr,-,0,丸大豆製品,"{""baseName"":""だいず"",""variety"":""テンペ"",""notes"":[""その他""]}",発酵大豆製品で消化性が良く植物性タンパク源として使いやすい。,7
04,04064,0400,つるあずき　全粒　乾,0,1252,297,12.0,(17.8),20.8,1.0,(0),1.6,39.6,,36.1,43.3,*,22.0,-,61.8,-,3.9,1,1400,280,230,320,11.0,3.1,0.73,2.92,0,3,4,220,(0),1,20,3,22,2,(0),0.1,0.1,5.4,8.1,50,0.50,0.13,2.0,(5.9),0.28,(0),210,0.75,9.7,3,-,0,別名： たけあずき,"{""baseName"":""つるあずき"",""formModifiers"":[""全粒""],""state"":""乾""}",つるあずき（乾）は豆類として栄養源になり得るが調理が前提となる,7
04,04092,0401,つるあずき　全粒　ゆで,0,556,132,60.5,(8.4),9.7,(0.6),(0),1.0,(17.8),*,(16.2),15.8,,13.4,-,27.5,-,1.3,0,370,130,77,120,3.3,1.2,0.30,0.57,-,-,-,-,(0),1,9,1,10,1,(0),0.1,Tr,2.5,3.7,24,0.16,0.04,0.5,(2.3),0.06,(0),48,0.14,-,Tr,-,0,別名： たけあずき,"{""baseName"":""つるあずき"",""formModifiers"":[""全粒""],""state"":""ゆで""}",つるあずきのゆで物は加熱済みの豆類で炭水化物・たんぱく源として利用可能だが消化性に留意,7
04,04065,0402,ひよこまめ　全粒　乾,0,1413,336,10.4,(16.7),20.0,4.3,(0),5.2,41.3,,37.7,49.4,*,16.3,-,61.5,-,2.9,17,1200,100,140,270,2.6,3.2,0.84,-,1,11,1,150,(0),0,17,3,19,2,(0),2.5,0.1,7.7,0.6,9,0.37,0.15,1.5,(4.8),0.64,(0),350,1.77,21.0,Tr,-,0,別名： チックピー、ガルバンゾー,"{""baseName"":""ひよこまめ"",""formModifiers"":[""全粒""],""state"":""乾""}",ひよこまめは良好な植物性タンパク・食物繊維源で、調理して与えると適する。,7
04,04066,0403,ひよこまめ　全粒　ゆで,0,624,149,59.6,(7.9),9.5,2.1,(0),2.5,20.0,*,18.2,17.8,,11.6,-,27.4,-,1.0,5,350,45,51,120,1.2,1.8,0.29,1.10,Tr,5,1,56,(0),-,-,-,17,1,(0),1.7,0,6.5,0.2,6,0.16,0.07,0.4,(1.9),0.18,(0),110,0.48,8.9,Tr,-,0,別名： チックピー、ガルバンゾー,"{""baseName"":""ひよこまめ"",""formModifiers"":[""全粒""],""state"":""ゆで""}",ひよこまめ（ゆで）は植物性タンパクと食物繊維の供給源として使用可能だが消化に注意,7
04,04068,0405,べにばないんげん　全粒　乾,0,1146,273,15.4,(13.8),17.2,1.2,(0),1.7,36.2,,33.1,38.4,*,26.7,-,61.2,-,4.5,1,1700,78,190,430,5.4,3.4,0.74,1.50,0,1,2,41,(0),-,-,-,4,Tr,(0),0.1,0.1,3.2,0.2,8,0.67,0.15,2.5,(5.7),0.51,0,140,0.81,8.4,Tr,-,0,別名： はなまめ,"{""baseName"":""べにばないんげん"",""formModifiers"":[""全粒""],""state"":""乾""}",良質な植物性たんぱくと食物繊維を含む。乾燥しているため加熱調理が必要。,7
04,04069,0406,べにばないんげん　全粒　ゆで,0,435,103,69.7,(5.0),6.2,0.4,(0),0.6,13.3,,12.1,16.1,*,7.6,-,22.3,-,1.2,1,440,28,50,140,1.6,0.8,0.17,0.58,0,Tr,1,21,(0),-,-,-,1,Tr,(0),Tr,Tr,1.9,0.1,3,0.14,0.05,0.4,(1.6),0.11,Tr,23,0.18,3.0,Tr,-,0,別名： はなまめ,"{""baseName"":""べにばないんげん"",""formModifiers"":[""全粒""],""state"":""ゆで""}",加熱済みの豆類は植物性たんぱくと食物繊維を含み利用可能（十分に加熱されていることが前提）,8
04,04108,0407,やぶまめ　乾,0,1614,383,13.1,-,23.4,-,-,10.1,-,,-,49.5,*,-,-,49.5,-,3.9,5,1700,55,63,230,2.4,1.4,0.31,1.03,0,1,0,460,-,-,-,-,-,-,-,-,-,-,-,-,-,-,-,3.9,-,-,-,-,-,-,-,0,,"{""baseName"":""やぶまめ"",""state"":""乾""}",やぶまめは豆類でタンパク質や食物繊維の供給源になるが、乾燥品は調理処理が前提,7
04,04093,0409,らいまめ　全粒　ゆで,0,514,122,62.3,(8.3),9.6,(0.7),(0),0.9,(16.4),*,(14.9),16.7,,10.9,-,26.0,-,1.1,0,490,27,52,95,2.3,1.1,0.25,0.73,-,-,-,-,(0),0,2,1,3,0,(0),Tr,0,2.3,0.1,3,0.10,0.04,0.5,(2.2),0.08,(0),25,0.23,-,0,-,0,別名： ライマビーン、バタービーン,"{""baseName"":""らいまめ"",""formModifiers"":[""全粒""],""state"":""ゆで""}",ゆでライマ豆は調理済みの植物性たんぱく源で消化性を考慮すれば使用可能,8
04,04071,0410,りょくとう　全粒　乾,0,1346,319,10.8,20.7,25.1,1.0,(0),1.5,45.4,,41.4,49.4,*,14.6,-,59.1,-,3.5,0,1300,100,150,320,5.9,4.0,0.91,-,0,2,3,410,(0),0,150,2,150,13,(0),0.3,0,6.4,0.6,36,0.70,0.22,2.1,6.2,0.52,(0),460,1.66,11.0,Tr,-,0,別名： やえなり,"{""baseName"":""りょくとう"",""formModifiers"":[""全粒""],""state"":""乾""}",りょくとう（乾）は豆類の全粒で栄養源として利用可能だが調理で柔らかくする必要がある,8
04,04072,0411,りょくとう　全粒　ゆで,0,528,125,66.0,(8.2),10.2,(0.4),(0),0.6,17.7,,16.1,19.5,*,5.2,-,22.5,-,0.7,1,320,32,39,75,2.2,0.8,0.21,0.31,0,1,1,140,(0),-,-,-,85,7,(0),0.2,0.2,4.4,0.3,16,0.19,0.06,0.4,(2.1),0.05,(0),80,0.34,3.3,Tr,-,0,別名： やえなり,"{""baseName"":""りょくとう"",""formModifiers"":[""全粒""],""state"":""ゆで""}",ゆでたりょくとう（豆類）は加熱済みで消化しやすく素材として利用可能,8
04,04073,0412,レンズまめ　全粒　乾,0,1319,313,12.0,(19.7),23.2,1.0,(0),1.5,45.2,,41.1,47.9,*,16.7,-,60.7,-,2.7,Tr,1000,57,100,430,9.0,4.8,0.95,1.57,0,54,2,180,(0),0,29,2,30,3,(0),0.8,0.1,5.2,Tr,17,0.52,0.17,2.5,(5.3),0.55,0,77,1.58,23.0,1,-,0,別名： ひらまめ\n(100 g：126mL、100 mL：80g),"{""baseName"":""レンズまめ"",""formModifiers"":[""全粒""],""state"":""乾""}",乾燥レンズ豆は加熱して与えれば良好な植物性タンパク・繊維源となる,7
04,04094,0413,レンズまめ　全粒　ゆで,0,629,149,57.9,(9.5),11.2,(0.5),(0),0.8,(23.3),*,(21.2),21.7,,9.4,-,29.1,-,1.1,0,330,27,44,190,4.3,2.5,0.44,0.81,-,-,-,-,(0),(0),14,1,15,1,(0),0.4,0.1,2.6,0,9,0.20,0.06,0.7,(2.1),0.16,(0),22,0.57,-,0,-,0,別名： ひらまめ,"{""baseName"":""レンズまめ"",""formModifiers"":[""全粒""],""state"":""ゆで""}",ゆでレンズまめは植物性タンパク・食物繊維源として利用可能だが、消化性に留意。,8
05,05003,0417,あさ　乾,0,1867,450,4.6,25.7,29.9,27.3,(0),28.3,2.6,,2.5,14.0,*,23.0,-,31.7,-,5.5,2,340,130,400,1100,13.0,6.1,1.32,9.97,0,4,9,45,(0),1,25,0,25,2,(0),1.8,0.1,22.0,1.1,51,0.35,0.19,2.3,8.2,0.40,(0),82,0.57,28.0,Tr,-,0,,"{""baseName"":""あさ"",""state"":""乾""}",あさ（乾）は種子類で栄養価が高く素材として利用可能,7
05,05041,0418,あまに　いり,0,2230,540,0.8,20.3,21.8,41.1,2,43.3,1.2,,1.2,10.2,*,23.8,-,30.4,-,3.7,70,760,210,410,710,9.0,6.1,1.26,2.97,0,3,25,13,0,0,14,2,16,1,0,0.4,0,10.0,0.2,7,0.01,0.17,2.6,9.4,0.40,Tr,45,0.24,33.0,0,-,0.2,,"{""baseName"":""あまに"",""state"":""いり""}",炒りあまには（亜麻仁）はオメガ3や食物繊維を含み適量なら有益だが、種子なので量の管理が必要。,7
05,05004,0419,えごま　乾,0,2162,523,5.6,16.9,17.7,40.6,(0),43.4,2.5,,2.4,12.2,*,20.8,-,29.4,-,3.9,2,590,390,230,550,16.0,3.8,1.93,3.09,Tr,3,2,48,(0),Tr,23,1,24,2,(0),1.3,0.3,24.0,0.5,1,0.54,0.29,7.6,12.0,0.55,(0),59,1.65,35.0,Tr,-,0,別名： あぶらえ,"{""baseName"":""えごま"",""state"":""乾""}",えごま（乾）はオメガ3などの脂肪酸供給源として有用だが油分が比較的高い,7
05,05010,0425,（くり類）　日本ぐり　生,30,625,147,58.8,2.4,2.8,(0.4),(0),0.5,33.5,*,30.6,33.2,,4.2,-,36.9,-,1.0,1,420,23,40,70,0.8,0.5,0.32,3.27,0,3,0,2,(0),26,24,0,37,3,(0),0,0,3.0,0,1,0.21,0.07,1.0,1.6,0.27,(0),74,1.04,3.9,33,-,0,廃棄部位： 殻（鬼皮）及び渋皮（包丁むき）,"{""baseName"":""日本ぐり"",""state"":""生"",""notes"":[""くり類""]}",日本ぐり（生）は果実／種実類で毒性はなく、適切に調理すれば素材として使用可能,7
05,05011,0426,（くり類）　日本ぐり　ゆで,20,646,152,58.4,(2.9),3.5,0.5,(0),0.6,32.8,*,30.0,30.8,,6.6,-,36.7,-,0.8,1,460,23,45,72,0.7,0.6,0.37,1.07,-,-,-,-,(0),26,24,0,37,3,(0),0,0,3.3,0,0,0.17,0.08,1.0,(1.7),0.26,(0),76,1.06,-,26,-,0,廃棄部位： 殻（鬼皮）及び渋皮,"{""baseName"":""日本ぐり"",""state"":""ゆで"",""notes"":[""くり類""]}",茹で栗は炭水化物と風味の供給源として使いやすいが量に注意,7
05,05013,0428,（くり類）　中国ぐり　甘ぐり,20,875,207,44.4,(4.3),4.9,(0.9),(0),0.9,(43.9),*,(40.2),40.6,,8.5,-,48.5,-,1.3,2,560,30,71,110,2.0,0.9,0.51,1.59,0,1,0,1,(0),33,52,0,68,6,(0),0.1,Tr,12.0,0.2,0,0.20,0.18,1.3,(2.2),0.37,(0),100,0.57,6.0,2,-,0,別名： あまぐり\n廃棄部位： 殻（鬼皮）及び渋皮,"{""baseName"":""中国ぐり"",""variety"":""甘ぐり"",""notes"":[""くり類""]}",中国ぐり（栗）は調理して殻を除けば消化しやすいでん粉質の食品で素材として使用可能,7
05,05017,0432,ごま　乾,0,2494,604,4.7,19.3,19.8,53.0,(0),53.8,1.0,,0.9,7.0,*,10.8,-,16.5,-,5.2,2,400,1200,370,540,9.6,5.5,1.66,2.24,Tr,10,4,92,(0),0,8,1,9,1,(0),0.1,0.2,22.0,0.3,7,0.95,0.25,5.1,11.0,0.60,(0),93,0.56,12.0,Tr,-,0,試料： 洗いごま,"{""baseName"":""ごま"",""state"":""乾""}",ごまは少量であれば良質な脂肪や微量栄養を補える安全な素材である。,8
05,05018,0433,ごま　いり,0,2499,605,1.6,19.6,20.3,51.6,(0),54.2,0.8,,0.7,9.3,*,12.6,-,18.5,-,5.4,2,410,1200,360,560,9.9,5.9,1.68,2.52,Tr,27,4,110,(0),0,7,1,7,1,(0),0.1,0.2,23.0,0.4,12,0.49,0.23,5.3,11.0,0.64,(0),150,0.51,15.0,Tr,-,0,(100 g：154mL、100 mL：65g),"{""baseName"":""ごま"",""state"":""いり""}",ごまは安全で風味付けや栄養源として利用可能（与え過ぎに注意）,8
05,05019,0434,ごま　むき,0,2360,570,4.1,19.0,19.3,44.8,(0),54.9,0.6,,0.5,16.2,*,13.0,-,18.8,-,2.9,2,400,62,340,870,6.0,5.5,1.53,1.23,1,43,1,120,(0),Tr,2,1,2,0,(0),0.1,Tr,32.0,0.5,1,1.25,0.14,5.3,11.0,0.44,(0),83,0.39,11.0,(0),-,0,,"{""baseName"":""ごま"",""variety"":""むき""}",ごまは適度な脂質と風味を提供し、小量であれば犬の素材として使用可能,7
05,05021,0437,すいか　いり　味付け,60,2193,528,5.9,(28.7),29.6,36.9,(0),46.4,2.3,,2.2,16.7,*,7.1,-,13.4,-,4.7,580,640,70,410,620,5.3,3.9,1.49,1.43,24,11,1,90,(0),0,9,1,9,1,(0),0.6,0.1,20.0,0.6,1,0.10,0.16,0.8,(7.6),0.71,(0),120,1.04,9.1,Tr,-,1.5,廃棄部位： 種皮,"{""baseName"":""すいか"",""variety"":""味付け"",""state"":""いり""}",すいかの果肉は水分・ビタミンが豊富で安全だが、味付けがある場合は塩分や糖分に注意。,8
05,05046,0438,チアシード　乾,0,1837,446,6.5,18.0,19.4,32.7,1,33.9,0.9,*,0.9,0,,36.9,-,34.5,0.8,4.7,0,760,570,360,820,7.6,5.9,1.79,4.80,0,11,8,44,(0),0,3,0,3,0,(0),0.3,0,14.0,0.5,1,0.97,0.25,9.8,15.0,0.42,(0),84,0.53,24.0,1,-,0,ポリフェノール： 0.4 g\n食物繊維：AOAC2011.25法,"{""baseName"":""チアシード"",""state"":""乾""}",チアシードは食物繊維や不飽和脂肪酸を含む栄養価の高い素材だが使用法（吸水など）に注意,7
05,05022,0439,とち　蒸し,0,621,148,58.0,(1.5),1.7,-,(0),1.9,-,,-,27.8,*,6.6,-,34.2,-,4.2,250,1900,180,17,27,0.4,0.5,0.44,1.46,-,-,-,-,(0),0,0,0,0,(0),(0),0,0,1.5,0,1,Tr,0,0.1,(0.4),Tr,(0),1,0,-,0,-,0.6,試料： あく抜き冷凍品,"{""baseName"":""とち"",""state"":""蒸し""}",あく抜き済みの蒸しとちは炭水化物源として利用可能で犬に与えやすい,7
05,05023,0440,はす　未熟　生,55,344,81,77.5,(5.8),5.9,0.4,(0),0.5,(13.2),*,(12.0),12.5,,2.6,-,14.9,-,1.2,2,410,53,57,190,0.6,0.8,0.22,1.33,-,-,-,-,(0),0,5,0,5,Tr,(0),0.6,0,1.2,0,1,0.18,0.09,1.4,(2.8),0.16,(0),230,0.85,-,27,-,0,廃棄部位： 殻及び薄皮,"{""baseName"":""はす"",""variety"":""未熟"",""state"":""生""}",未熟なはす（蓮）は一部で渋味や消化への影響があり、扱いに注意が必要な植物性素材。,7
05,05024,0441,はす　成熟　乾,0,1383,327,11.2,(18.0),18.3,1.6,(0),2.3,52.1,,47.4,54.9,*,10.3,-,64.3,-,3.9,6,1300,110,200,690,2.9,2.8,1.12,8.25,10,8,Tr,14,(0),0,6,Tr,6,1,(0),1.0,0,2.9,0,0,0.44,0.11,4.2,(8.6),0.60,(0),200,2.58,27.0,1,-,0,殻、薄皮及び幼芽を除いたもの,"{""baseName"":""はす"",""variety"":""成熟"",""state"":""乾""}",蓮（はす）の乾燥物はでんぷん質があり適量であれば利用可能な素材,7
05,05043,0442,はす　成熟　ゆで,0,501,118,66.1,(7.2),7.3,(0.5),(0),0.8,(19.9),*,(18.1),20.3,,5.0,-,25.0,-,0.9,1,240,42,67,190,1.1,0.2,0.30,2.92,-,-,-,-,(0),(0),3,Tr,3,0,(0),0.4,0,1.3,0,0,0.08,0.02,0.7,(2.4),0.12,(0),36,0.32,-,0,-,0,幼芽を除いたもの,"{""baseName"":""はす"",""variety"":""成熟"",""state"":""ゆで""}",ゆでたはす（蓮の実・蓮根等の可食部）は消化しやすく犬の素材として問題ない。,8
05,05048,0445,（ひし類）　とうびし　ゆで,45,510,120,65.5,2.5,2.7,0.1,-,0.3,28.2,*,25.7,25.4,,5.1,-,30.5,0.4,1.0,12,410,25,45,130,0.5,0.8,0.05,0.27,Tr,1,0,1,-,-,2,1,3,0,-,1.2,Tr,8.7,0.5,-,0.19,0.03,1.9,2.7,0.12,-,71,0.37,7.3,5,-,0,廃棄部位： 皮\n食物繊維：AOAC2011.25法,"{""baseName"":""とうびし"",""state"":""ゆで"",""notes"":[""ひし類""]}",とうびしの茹では根菜類として安全で繊維も取れるため素材として適切,8
06,06001,0462,アーティチョーク　花らい　生,75,159,39,85.1,(1.9),2.3,(0.1),(0),0.2,(1.0),,(0.9),3.1,*,8.7,-,11.3,-,1.1,21,430,52,50,61,0.8,0.2,0.05,0.19,-,-,-,-,(0),0,6,0,6,1,(0),0.4,0,0,0,2,0.08,0.10,1.2,(1.9),0.08,(0),81,0.51,-,15,-,0.1,別名： ちょうせんあざみ\n廃棄部位： 花床の基部及び総包の一部\n硝酸イオン： Tr,"{""baseName"":""アーティチョーク"",""part"":""花らい"",""state"":""生""}",野菜性の素材で食物繊維や栄養素があり使用可能,7
06,06002,0463,アーティチョーク　花らい　ゆで,80,145,35,85.9,(1.7),2.1,(0.1),(0),0.1,(0.9),,(0.9),2.6,*,8.6,-,10.8,-,1.1,12,380,47,46,55,0.7,0.2,0.05,0.15,-,-,-,-,(0),0,5,0,5,Tr,(0),0.4,0,0,0,2,0.07,0.08,1.1,(1.7),0.06,(0),76,0.51,-,11,-,0,別名： ちょうせんあざみ\n廃棄部位： 花床の基部及び総包の一部\n硝酸イオン： Tr,"{""baseName"":""アーティチョーク"",""part"":""花らい"",""state"":""ゆで""}",茹でたアーティチョークは食物繊維豊富で安全な野菜素材です。,8
06,06402,0463-1,アイスプラント　生,0,22,5,96.2,0.5,0.5,Tr,-,0.3,0.1,*,0.1,0.2,,0.8,-,1.2,0.5,1.4,380,260,18,11,24,0.2,0.2,0.03,0.83,4,Tr,0,28,-,5,1200,5,1200,100,-,0.5,Tr,Tr,0,73,0.02,0.05,0.2,0.5,0.05,-,24,0.1,0.7,9,-,1,硝酸イオン： 0.4 g\n食物繊維：AOAC2011.25法,"{""baseName"":""アイスプラント"",""state"":""生""}",葉物として安全でビタミンや食物繊維の供給源。,8
06,06005,0466,あしたば　茎葉　生,2,123,30,88.6,(2.4),3.3,-,(0),0.1,-,,-,2.0,*,5.6,-,6.7,-,1.3,60,540,65,26,65,1.0,0.6,0.16,1.05,-,-,-,-,(0),0,5300,0,5300,440,(0),2.6,0.2,1.4,0.1,500,0.10,0.24,1.4,(2.2),0.16,(0),100,0.92,-,41,-,0.2,別名： あしたぐさ、はちじょうそう\n廃棄部位： 基部\n硝酸イオン： Tr,"{""baseName"":""あしたば"",""part"":""茎葉"",""state"":""生""}",食用の葉茎類で有害情報は少なく野菜素材として利用可能である,7
06,06006,0467,あしたば　茎葉　ゆで,0,118,28,89.5,(2.1),2.9,-,(0),0.1,-,,-,2.1,*,5.3,-,6.6,-,0.9,43,390,58,20,51,0.5,0.3,0.13,0.92,-,-,-,-,(0),0,5200,0,5200,440,(0),2.7,Tr,1.4,0,380,0.07,0.16,0.8,(1.5),0.10,(0),75,0.45,-,23,-,0.1,別名： あしたぐさ、はちじょうそう\n基部を除いたもの\nゆでた後水冷し、手搾りしたもの\n硝酸イオン： Tr,"{""baseName"":""あしたば"",""part"":""茎葉"",""state"":""ゆで""}",あしたばのゆでた茎葉は加熱済みの緑葉野菜で与えやすい素材。,8
06,06007,0468,アスパラガス　若茎　生,20,87,21,92.6,1.8,2.6,(0.2),Tr,0.2,2.1,*,2.1,2.7,,1.8,-,3.9,0.2,0.7,2,270,19,9,60,0.7,0.5,0.10,0.19,1,0,0,2,(0),5,370,9,380,31,(0),1.5,Tr,0.2,0,43,0.14,0.15,1.0,1.4,0.12,(0),190,0.59,1.8,15,-,0,試料： グリーンアスパラガス\n廃棄部位： 株元\n硝酸イオン： Tr,"{""baseName"":""アスパラガス"",""part"":""若茎"",""state"":""生""}",アスパラガスの若茎は低カロリーでビタミン類を含む安全な野菜素材である,8
06,06008,0469,アスパラガス　若茎　ゆで,0,107,25,92.0,(1.8),2.6,(0.1),Tr,0.1,(2.3),,(2.3),3.3,*,2.1,-,4.6,-,0.7,2,260,19,12,61,0.6,0.6,0.13,0.23,-,-,-,-,(0),2,360,8,370,30,(0),1.6,0,0.1,0,46,0.14,0.14,1.1,(1.5),0.08,(0),180,0.54,-,16,-,0,試料： グリーンアスパラガス\n株元を除いたもの\n硝酸イオン： Tr,"{""baseName"":""アスパラガス"",""part"":""若茎"",""state"":""ゆで""}",ゆでたアスパラガスは消化しやすくビタミン・食物繊維の供給源として利用しやすい,8
06,06327,0470,アスパラガス　若茎　油いため,0,225,54,88.3,(2.0),2.9,(3.7),(Tr),3.9,(2.3),*,(2.3),3.1,,2.1,-,4.1,-,0.8,3,310,21,10,66,0.7,0.5,0.11,0.22,-,-,-,-,(0),4,370,11,380,31,(0),2.0,Tr,1.3,0,48,0.15,0.17,1.2,(1.7),0.11,(0),220,0.58,-,14,-,0,試料： グリーンアスパラガス\n株元を除いたもの\n植物油（なたね油）\n調理による脂質の増減：第1章表14参照\n硝酸イオン： 0 g,"{""baseName"":""アスパラガス"",""part"":""若茎"",""state"":""油いため""}",アスパラガスはビタミン・食物繊維の供給源。油炒めは脂質に配慮が必要。,7
06,06009,0471,アスパラガス　水煮缶詰,0,102,24,91.9,(1.6),2.4,(0.1),(0),0.1,(2.3),,(2.3),3.4,*,1.7,-,4.3,-,1.3,350,170,21,7,41,0.9,0.3,0.07,0.05,-,-,-,-,(0),0,7,0,7,1,(0),0.4,0,0,0,4,0.07,0.06,1.2,(1.6),0.02,(0),15,0.12,-,11,-,0.9,試料： ホワイトアスパラガス\n液汁を除いたもの,"{""baseName"":""アスパラガス"",""state"":""水煮缶詰""}",湯煮されたアスパラガスの缶詰は加熱済みで消化しやすく、犬の素材として適している。,8
06,06010,0473,いんげんまめ　さやいんげん　若ざや　生,3,97,23,92.2,1.3,1.8,(0.1),Tr,0.1,2.2,,2.2,3.0,*,2.4,-,5.1,0.3,0.8,1,260,50,23,41,0.7,0.3,0.06,0.33,Tr,0,0,18,(0),140,520,0,590,49,(0),0.2,0,0.4,0,60,0.06,0.11,0.6,0.9,0.07,(0),50,0.17,4.5,8,-,0,別名： さいとう（菜豆）、さんどまめ\n廃棄部位： すじ及び両端\n硝酸イオン： Tr,"{""baseName"":""いんげんまめ"",""variety"":""さやいんげん"",""part"":""若ざや"",""state"":""生""}",さやいんげんは低カロリーで食物繊維・ビタミンを含み、犬の素材として適している。,9
06,06011,0474,いんげんまめ　さやいんげん　若ざや　ゆで,0,98,24,91.7,(1.2),1.8,(0.2),Tr,0.2,(2.4),*,(2.3),2,,3.9,-,5.5,0.3,0.8,1,270,53,22,43,0.7,0.3,0.06,0.34,Tr,0,0,20,(0),150,500,0,580,48,(0),0.2,0,0.4,0,51,0.06,0.10,0.5,(0.8),0.07,(0),53,0.16,4.2,6,-,0,別名： さいとう（菜豆）、さんどまめ\nすじ及び両端を除いたもの\n硝酸イオン： Tr\n食物繊維：AOAC2011.25法,"{""baseName"":""いんげんまめ"",""variety"":""さやいんげん"",""part"":""若ざや"",""state"":""ゆで""}",ゆでたいんげんは低アレルギーで繊維質もあり犬に適した野菜素材。,8
06,06012,0475,（うど類）　うど　茎　生,35,78,19,94.4,(0.8),0.8,-,(0),0.1,-,,-,2.9,*,1.4,-,4.3,-,0.4,Tr,220,7,9,25,0.2,0.1,0.05,0.04,Tr,0,0,0,(0),0,0,0,0,(0),(0),0.2,0,0,0,2,0.02,0.01,0.5,(0.7),0.04,(0),19,0.12,0.5,4,-,0,軟白栽培品\n廃棄部位： 株元、葉及び表皮\n硝酸イオン： Tr,"{""baseName"":""うど"",""part"":""茎"",""state"":""生"",""notes"":[""うど類""]}",茎菜類で食物繊維が豊富。適量であれば犬の素材として使いやすい。,7
06,06013,0476,（うど類）　うど　茎　水さらし,0,54,13,95.7,(0.6),0.6,-,(0),0,-,,-,1.8,*,1.6,-,3.4,-,0.3,Tr,200,6,8,23,0.1,0.1,0.04,0.03,-,-,-,-,(0),0,0,0,0,(0),(0),0.1,0,0,0,2,0.01,0.02,0.5,(0.6),0.03,(0),19,0.08,-,3,-,0,軟白栽培品\n株元､葉及び表皮を除いたもの\n硝酸イオン： Tr,"{""baseName"":""うど"",""variety"":""水さらし"",""part"":""茎"",""notes"":[""うど類""]}",茎の可食部で食物繊維が豊富、犬のレシピ素材として問題ない野菜素材。,8
06,06014,0477,（うど類）　やまうど　茎　生,35,79,19,93.9,(1.0),1.1,-,(0),0.1,-,,-,2.6,*,1.8,-,4.3,-,0.6,1,270,11,13,31,0.3,0.2,0.06,0.09,-,-,-,-,(0),0,2,0,2,Tr,(0),0.2,0,0,0,3,0.03,0.02,0.5,(0.8),0.05,(0),20,0.13,-,5,-,0,廃棄部位： 株元、葉及び表皮\n硝酸イオン： Tr,"{""baseName"":""やまうど"",""part"":""茎"",""state"":""生"",""notes"":[""うど類""]}",やまうどの茎は山菜として風味付けに使えるが独特の成分に注意,7
06,06363,0478,うるい　葉　生,4,78,19,92.8,1.5,1.9,0.2,(0),0.4,1.2,*,1.1,1.4,,3.3,-,4.0,-,0.9,1,390,40,14,52,0.5,0.5,0.09,0.79,1,1,0,4,(0),58,1900,13,1900,160,(0),1.3,Tr,0.4,0,160,0.09,0.12,0.5,1.0,0.10,(0),120,0.31,3.1,50,-,0,別名： ウリッパ、アマナ、ギンボ等\n廃棄部位： 株元\n硝酸イオン： 0 g,"{""baseName"":""うるい"",""part"":""葉"",""state"":""生""}",うるいの葉は一般的な食用山菜で、葉物野菜として犬に与えやすい,8
06,06015,0479,えだまめ　生,45,524,125,71.7,10.3,11.7,5.7,(0),6.2,4.7,,4.3,5.7,*,5.0,-,8.8,-,1.6,1,590,58,62,170,2.7,1.4,0.41,0.71,0,1,1,240,(0),42,240,7,260,22,(0),0.8,0.1,6.5,2.5,30,0.31,0.15,1.6,4.2,0.15,(0),320,0.53,11.0,27,-,0,廃棄部位： さや\n廃棄率： 茎つきの場合60 %\n硝酸イオン： 0 g,"{""baseName"":""えだまめ"",""state"":""生""}",枝豆は植物性タンパク源として問題ないが、生のままでは消化しにくい場合がある（さやは廃棄）。,8
06,06016,0480,えだまめ　ゆで,50,494,118,72.1,(9.8),11.5,5.8,(0),6.1,(4.6),*,(4.3),6.2,,4.6,-,8.9,-,1.4,2,490,76,72,170,2.5,1.3,0.36,0.74,-,-,-,-,(0),48,260,8,290,24,(0),0.6,0.1,5.8,2.1,33,0.24,0.13,1.0,(3.5),0.08,(0),260,0.45,-,15,-,0,廃棄部位： さや\n硝酸イオン： 0 g,"{""baseName"":""えだまめ"",""state"":""ゆで""}",えだまめ（ゆで）は大豆由来のたんぱく質源で加熱済みのため与えやすい,7
06,06017,0481,えだまめ　冷凍,50,597,143,67.1,(11.1),13.0,7.2,(0),7.6,5.3,*,4.9,5.6,,7.3,-,10.6,-,1.7,5,650,76,76,190,2.5,1.4,0.42,1.12,2,2,0,190,(0),22,170,4,180,15,(0),1.2,0.2,8.2,3.8,28,0.28,0.13,1.6,(4.5),0.14,(0),310,0.51,9.2,27,-,0,廃棄部位： さや\n硝酸イオン： 0 g,"{""baseName"":""えだまめ"",""state"":""冷凍""}",冷凍えだまめは加熱して与えれば豆類として利用可能だが、さやは除去すること,7
06,06018,0482,エンダイブ　葉　生,15,56,14,94.6,(0.9),1.2,(0.1),(0),0.2,-,,-,1.1,*,2.2,-,2.9,-,0.9,35,270,51,19,30,0.6,0.4,0.05,1.10,-,-,-,-,(0),0,1700,0,1700,140,(0),0.8,Tr,0.5,0,120,0.06,0.08,0.3,(0.4),0.08,(0),90,0.16,-,7,-,0.1,別名： きくちしゃ、にがちしゃ、シコレ\n廃棄部位： 株元\n硝酸イオン： 0.2 g,"{""baseName"":""エンダイブ"",""part"":""葉"",""state"":""生""}",エンダイブは葉野菜でビタミン・繊維があり犬のレシピ素材として適している。,9
06,06019,0483,（えんどう類）　トウミョウ　茎葉　生,0,117,28,90.9,(2.2),3.8,-,(0),0.4,-,,-,2.3,*,3.3,-,4.0,-,1.0,7,350,34,22,61,1.0,0.4,0.08,1.11,-,-,-,-,(0),0,4100,0,4100,340,(0),3.3,Tr,0.2,0,280,0.24,0.27,1.1,(1.6),0.19,(0),91,0.80,-,79,-,0,硝酸イオン： Tr,"{""baseName"":""トウミョウ"",""part"":""茎葉"",""state"":""生"",""notes"":[""えんどう類""]}",トウミョウ（豆苗）は葉茎類の野菜でビタミン・食物繊維源として犬に適している。,8
06,06329,0484,（えんどう類）　トウミョウ　芽ばえ　生,0,113,27,92.2,(2.2),3.8,-,(0),0.4,-,,-,2.6,*,2.2,-,3.2,-,0.4,1,130,7,13,47,0.8,0.5,0.10,0.23,-,-,-,-,(0),2,3000,17,3100,250,(0),1.6,0,Tr,0,210,0.17,0.21,0.8,(1.3),0.15,(0),120,0.39,-,43,-,0,硝酸イオン： 0 g,"{""baseName"":""トウミョウ"",""part"":""芽ばえ"",""state"":""生"",""notes"":[""えんどう類""]}",トウミョウ（芽苗）は若菜でビタミンや食物繊維があり犬にとって安全な素材である,8
06,06330,0485,（えんどう類）　トウミョウ　芽ばえ　ゆで,0,116,28,91.7,(2.1),3.6,-,(0),0.6,-,,-,1.8,*,3.5,-,3.8,-,0.3,1,73,8,13,41,0.9,0.3,0.09,0.25,-,-,-,-,(0),2,4800,23,4800,400,(0),3.2,0,0.1,0,300,0.10,0.08,0.3,(0.8),0.07,(0),51,0.27,-,14,-,0,ゆでた後水冷し、手搾りしたもの\n硝酸イオン： 0 g,"{""baseName"":""トウミョウ"",""part"":""芽ばえ"",""state"":""ゆで"",""notes"":[""えんどう類""]}",トウミョウ（ゆで）は軟らかい野菜素材で消化性が良く使用しやすい。,8
06,06331,0486,（えんどう類）　トウミョウ　芽ばえ　油いため,0,350,84,84.3,(2.9),5.0,-,(Tr),5.9,-,,-,3.4,*,3.0,-,4.3,-,0.5,2,170,8,17,62,1.0,0.6,0.13,0.29,-,-,-,-,(0),2,4400,23,4400,370,(0),3.7,0,2.9,0.1,300,0.21,0.26,1.1,(1.8),0.18,(0),180,0.60,-,30,-,0,植物油（なたね油）\n調理による脂質の増減：第1章表14参照\n硝酸イオン： 0 g,"{""baseName"":""トウミョウ"",""part"":""芽ばえ"",""state"":""油いため"",""notes"":[""えんどう類""]}",芽菜の加熱調理品で消化しやすく犬の素材として利用可能。,8
06,06020,0487,（えんどう類）　さやえんどう　若ざや　生,9,160,38,88.6,1.8,3.1,(0.2),0,0.2,4.2,,4.1,5.8,*,3.0,-,7.5,-,0.6,1,200,35,24,63,0.9,0.6,0.10,0.40,Tr,0,0,24,(0),0,560,4,560,47,(0),0.7,0,0.2,0,47,0.15,0.11,0.8,1.2,0.08,(0),73,0.56,5.1,60,-,0,別名： きぬさやえんどう\n廃棄部位： すじ及び両端\n硝酸イオン： Tr,"{""baseName"":""さやえんどう"",""part"":""若ざや"",""state"":""生"",""notes"":[""えんどう類""]}",さやえんどうはビタミンや食物繊維が豊富で犬のレシピ素材に適する,9
06,06021,0488,（えんどう類）　さやえんどう　若ざや　ゆで,0,152,36,89.1,(1.8),3.2,(0.2),(0),0.2,(4.0),,(3.9),5.3,*,3.1,-,7.0,-,0.5,1,160,36,23,61,0.8,0.6,0.09,0.39,-,-,-,-,(0),0,580,4,580,48,(0),0.7,0,0.2,0,40,0.14,0.10,0.6,(1.0),0.06,(0),56,0.47,-,44,-,0,別名： きぬさやえんどう\nすじ及び両端を除いたもの\n硝酸イオン： Tr,"{""baseName"":""さやえんどう"",""part"":""若ざや"",""state"":""ゆで"",""notes"":[""えんどう類""]}",ゆでたさやえんどうは低脂肪で食物繊維があり犬のレシピ素材として適している,8
06,06022,0489,（えんどう類）　スナップえんどう　若ざや　生,5,198,47,86.6,(1.6),2.9,(0.1),(0),0.1,(5.9),,(5.7),8.7,*,2.5,-,9.9,-,0.5,1,160,32,21,62,0.6,0.4,0.08,0.22,-,-,-,-,(0),2,400,4,400,34,(0),0.4,0,0.1,0,33,0.13,0.09,0.7,(1.1),0.09,(0),53,0.22,-,43,-,0,別名： スナックえんどう\n廃棄部位： すじ及び両端\n硝酸イオン： 0 g,"{""baseName"":""スナップえんどう"",""part"":""若ざや"",""state"":""生"",""notes"":[""えんどう類""]}",スナップえんどうはビタミンや食物繊維があり与えやすい野菜類,8
06,06023,0490,（えんどう類）　グリンピース　生,0,317,76,76.5,5.0,6.9,0.2,0,0.4,12.8,,11.8,9.5,*,7.7,-,15.3,0.2,0.9,1,340,23,37,120,1.7,1.2,0.19,0.48,0,1,0,65,(0),11,410,6,420,35,(0),0.1,0,2.6,0,27,0.39,0.16,2.7,3.7,0.15,(0),76,0.63,6.3,19,-,0,別名： みえんどう\nさやを除いたもの\n（さやつきの場合　廃棄率：55%）\n硝酸イオン： 0 g,"{""baseName"":""グリンピース"",""state"":""生"",""notes"":[""えんどう類""]}",ビタミンや食物繊維が豊富で犬に与えやすい野菜素材。,8
06,06024,0491,（えんどう類）　グリンピース　ゆで,0,417,99,72.2,(5.9),8.3,(0.1),0,0.2,(15.2),*,(13.9),12.2,,8.6,-,18.5,0.2,0.8,3,340,32,39,80,2.2,1.2,0.19,0.68,-,-,-,-,(0),7,430,6,440,36,(0),0.1,0,3.1,0,31,0.29,0.14,2.2,(3.3),0.09,(0),70,0.54,-,16,-,0,別名： みえんどう\nさやを除いたもの\n硝酸イオン： (0) g,"{""baseName"":""グリンピース"",""state"":""ゆで"",""notes"":[""えんどう類""]}",加熱済みのグリンピースは消化しやすくビタミン・食物繊維を含む安全な素材,9
06,06025,0492,（えんどう類）　グリンピース　冷凍,0,334,80,75.7,4.5,5.8,0.5,(0),0.7,11.4,*,10.5,9.0,,9.3,-,17.1,0.2,0.8,9,240,27,31,110,1.6,1.0,0.17,0.38,0,1,1,77,(0),18,430,1,440,36,(0),Tr,0,1.6,Tr,27,0.29,0.11,2.1,3.0,0.09,0,77,0.39,5.3,20,-,0,別名： みえんどう\n硝酸イオン： 0 g\n食物繊維：AOAC2011.25法,"{""baseName"":""グリンピース"",""state"":""冷凍"",""notes"":[""えんどう類""]}",グリンピースは安全な野菜で犬のレシピ素材として適する,8
06,06374,0493,（えんどう類）　グリンピース　冷凍　ゆで,0,344,82,74.6,4.8,6.2,0.5,(0),0.7,11.6,*,10.7,8.8,,10.3,-,17.8,0.2,0.7,8,210,29,32,110,1.7,1.0,0.16,0.39,0,1,1,60,(0),18,490,2,500,41,(0),Tr,0,1.7,0,29,0.27,0.09,2.0,2.9,0.08,0,68,0.36,5.2,13,-,0,別名： みえんどう\n硝酸イオン： 0 g\n食物繊維：AOAC2011.25法,"{""baseName"":""グリンピース"",""state"":""ゆで"",""notes"":[""えんどう類""]}",グリンピース（加熱済）は安全な野菜性素材でビタミン・食物繊維供給源として使える,8
06,06375,0494,（えんどう類）　グリンピース　冷凍　油いため,0,474,114,70.1,4.8,6.3,4.0,Tr,4.6,11.8,*,10.9,10.7,,9.3,-,18.2,0.2,0.8,10,260,28,33,110,1.7,1.0,0.18,0.41,0,1,1,74,(0),18,460,2,470,39,(0),0.8,0,3.1,Tr,34,0.31,0.12,2.1,3.1,0.09,0,81,0.48,5.8,16,-,0,別名： みえんどう\n植物油（なたね油）\n調理による脂質の増減：第1章表14参照\n硝酸イオン： 0 g\n食物繊維：AOAC2011.25法,"{""baseName"":""グリンピース"",""state"":""油いため"",""notes"":[""えんどう類""]}",グリンピースは良質な植物性タンパク・食物繊維源で、油いための調理済みでも素材として使える,8
06,06026,0495,（えんどう類）　グリンピース　水煮缶詰,0,344,82,74.9,(2.6),3.6,(0.2),(0),0.4,(11.8),,(10.9),13.8,*,6.9,-,19.7,0.2,1.4,330,37,33,18,82,1.8,0.6,0.15,0.30,-,-,-,-,(0),0,200,0,200,17,(0),0,0,2.0,0,19,0.04,0.04,1.2,(1.7),0.02,(0),10,0.69,-,0,-,0.8,別名： みえんどう\n液汁を除いたもの\n硝酸イオン： (0) g,"{""baseName"":""グリンピース"",""state"":""水煮缶詰"",""notes"":[""えんどう類""]}",水煮缶詰のグリンピースは加熱済みで繊維・炭水化物源として使用可能,8
06,06027,0496,おおさかしろな　葉　生,6,50,12,94.9,(1.1),1.4,(0.1),(0),0.2,-,,-,0.9,*,1.8,-,2.2,-,1.0,22,400,150,21,52,1.2,0.5,0.06,0.29,-,-,-,-,(0),0,1300,0,1300,110,(0),1.2,Tr,0,0,190,0.06,0.18,0.7,(0.9),0.13,(0),150,0.24,-,28,-,0.1,廃棄部位： 株元\n硝酸イオン： 0.3 g,"{""baseName"":""おおさかしろな"",""part"":""葉"",""state"":""生""}",葉物野菜でビタミン・ミネラル源として適している。,8
06,06028,0497,おおさかしろな　葉　ゆで,6,68,16,94.0,(1.2),1.6,(0.1),(0),0.3,-,,-,1.5,*,2.2,-,3.1,-,0.8,20,240,140,15,46,1.0,0.5,0.05,0.29,-,-,-,-,(0),0,1500,0,1500,130,(0),1.9,0,0.1,0,240,0.03,0.09,0.3,(0.6),0.07,(0),86,0.12,-,24,-,0.1,廃棄部位： 株元\nゆでた後水冷し、手搾りしたもの\n硝酸イオン： 0.2 g,"{""baseName"":""おおさかしろな"",""part"":""葉"",""state"":""ゆで""}",ゆでた葉物（おおさかしろな）は調理済みの野菜で犬のレシピ素材として適する。,9
06,06030,0499,おかひじき　茎葉　生,6,67,16,92.5,-,1.4,-,(0),0.2,-,,-,0.9,*,2.5,-,3.4,-,2.0,56,680,150,51,40,1.3,0.6,0.10,0.66,-,-,-,-,(0),0,3300,0,3300,280,(0),1.0,Tr,0,0,310,0.06,0.13,0.5,0.7,0.04,(0),93,0.22,-,21,-,0.1,別名： みるな\n廃棄部位： 茎基部\n硝酸イオン： 0.5 g,"{""baseName"":""おかひじき"",""part"":""茎葉"",""state"":""生""}",緑葉の野菜に相当しビタミン・ミネラルが豊富で素材として適する,8
06,06031,0500,おかひじき　茎葉　ゆで,0,64,16,92.9,-,1.2,-,(0),0.1,-,,-,1.1,*,2.7,-,3.8,-,1.6,66,510,150,48,34,0.9,0.6,0.10,0.59,-,-,-,-,(0),0,3200,0,3200,260,(0),1.0,Tr,0,0,360,0.04,0.10,0.4,0.6,0.03,(0),85,0.22,-,15,-,0.2,別名： みるな\n茎基部を除いたもの\n硝酸イオン： 0.4 g,"{""baseName"":""おかひじき"",""part"":""茎葉"",""state"":""ゆで""}",ゆでたおかひじきは海藻様の野菜で調理済みのため扱いやすく利用可能。,8
06,06032,0501,オクラ　果実　生,15,107,26,90.2,1.5,2.1,(0.1),Tr,0.2,1.9,,1.9,2.2,*,5.0,-,6.6,0.1,0.9,4,280,92,51,58,0.5,0.6,0.13,0.48,Tr,0,0,6,(0),2,520,1,520,44,(0),1.2,0,0.2,0,66,0.09,0.09,0.8,1.2,0.1,(0),110,0.42,6.6,11,-,0,廃棄部位： へた\n硝酸イオン： Tr,"{""baseName"":""オクラ"",""part"":""果実"",""state"":""生""}",オクラの果実は犬に与えて問題ない野菜でレシピ素材として適する。,8
06,06033,0502,オクラ　果実　ゆで,15,105,25,89.4,(1.5),2.1,(0.1),Tr,0.1,(2.1),*,(2.1),(2.8),,5.4,-,7.6,0.1,0.8,4,280,90,51,56,0.5,0.5,0.11,0.48,0,0,0,8,(0),0,530,0,530,44,(0),1.2,0,0.1,0,66,0.09,0.09,0.8,(1.2),0.08,(0),110,0.42,6.5,7,-,0,廃棄部位： へた\n硝酸イオン： 0 g\n食物繊維：AOAC2011.25法,"{""baseName"":""オクラ"",""part"":""果実"",""state"":""ゆで""}",ゆでオクラは消化に良い野菜で、食物繊維やビタミン源として使いやすい。,9
06,06034,0503,かぶ　葉　生,30,82,20,92.3,(2.0),2.3,(0.1),(0),0.1,-,,-,1.4,*,2.9,-,3.9,-,1.4,24,330,250,25,42,2.1,0.3,0.10,0.64,6,3,2,16,(0),0,2800,41,2800,230,(0),3.1,0.1,0.1,0,340,0.08,0.16,0.9,(1.7),0.16,(0),110,0.36,2.7,82,-,0.1,別名： かぶら、すずな\n廃棄部位： 葉柄基部\n硝酸イオン： Tr,"{""baseName"":""かぶ"",""part"":""葉"",""state"":""生""}",かぶの葉は野菜の葉部でビタミンや食物繊維を含み、犬に与えて問題のない素材である。,8
06,06035,0504,かぶ　葉　ゆで,30,83,20,92.2,(2.0),2.3,(0.1),(0),0.1,-,,-,1.1,*,3.7,-,4.4,-,0.9,18,180,190,14,47,1.5,0.2,0.08,0.41,-,-,-,-,(0),0,3200,46,3200,270,(0),3.3,0.1,0.1,0,370,0.02,0.05,0.2,(1.0),0.14,(0),66,0.24,-,47,-,0,別名： かぶら、すずな\n廃棄部位： 葉柄基部\nゆでた後水冷し、手搾りしたもの\n硝酸イオン： 0.1 g,"{""baseName"":""かぶ"",""part"":""葉"",""state"":""ゆで""}",かぶの葉は葉物野菜として利用でき、茹でて消化が良くなっている,8
06,06036,0505,かぶ　根　皮つき　生,9,74,18,93.9,0.6,0.7,(0.1),(0),0.1,3.0,*,3.0,3.1,,1.5,-,4.6,0.1,0.6,5,280,24,8,28,0.3,0.1,0.03,0.06,-,-,-,-,(0),0,0,0,0,(0),(0),0,0,0,0,0,0.03,0.03,0.6,0.8,0.08,(0),48,0.25,-,19,-,0,別名： かぶら、すずな\n廃棄部位： 根端及び葉柄基部\n廃棄率： 葉つきの場合 35%\n硝酸イオン： 0.1 g,"{""baseName"":""かぶ"",""part"":""根"",""formModifiers"":[""皮つき""],""state"":""生""}",かぶの根は根菜で消化に優れ犬のレシピ素材として適している,8
06,06037,0506,かぶ　根　皮つき　ゆで,0,77,18,93.8,(0.6),0.7,(0.1),(0),0.1,(3.1),*,(3.1),2.9,,1.8,-,4.7,0.2,0.6,6,310,28,10,32,0.3,0.1,0.03,0.07,-,-,-,-,(0),0,(0),0,(0),(0),(0),0,0,0,0,0,0.03,0.03,0.6,(0.8),0.05,(0),49,0.22,-,16,-,0,別名： かぶら、すずな\n根端及び葉柄基部を除いたもの\n硝酸イオン： 0.1 g,"{""baseName"":""かぶ"",""part"":""根"",""formModifiers"":[""皮つき""],""state"":""ゆで""}",ゆでたかぶは消化に良い根菜で犬のレシピ素材として適している,8
06,06038,0507,かぶ　根　皮なし　生,15,78,19,93.9,0.5,0.6,(0.1),(0),0.1,3.5,*,3.5,3.5,,1.4,-,4.8,0,0.5,5,250,24,8,25,0.2,0.1,0.03,0.05,0,0,0,1,(0),0,0,0,0,(0),(0),0,0,0,0,0,0.03,0.03,0.6,0.7,0.07,(0),49,0.23,1.0,18,-,0,別名： かぶら、すずな\n廃棄部位： 根端、葉柄基部及び皮 \n廃棄率： 葉つきの場合 40%\n硝酸イオン： 0.1 g,"{""baseName"":""かぶ"",""part"":""根"",""formModifiers"":[""皮なし""],""state"":""生""}",かぶ（根）は犬に与えて問題のない野菜で素材として適切。,8
06,06039,0508,かぶ　根　皮なし　ゆで,0,82,20,93.7,(0.5),0.6,(0.1),(0),0.1,(3.6),*,(3.6),3.4,,1.7,-,5.0,0,0.5,4,250,28,9,26,0.2,0.1,0.02,-,-,-,-,-,(0),0,0,0,0,(0),(0),0,0,0,0,0,0.03,0.03,0.5,(0.6),0.06,(0),56,0.21,-,16,-,0,別名： かぶら、すずな\n根端、葉柄基部及び皮を除いたもの\n硝酸イオン： 0.1 g,"{""baseName"":""かぶ"",""part"":""根"",""formModifiers"":[""皮なし""],""state"":""ゆで""}",ゆでたかぶの根は消化しやすい野菜で犬のレシピ素材に適する。,9
06,06046,0515,（かぼちゃ類）　日本かぼちゃ　果実　生,9,175,41,86.7,1.1,1.6,Tr,0,0.1,8.3,*,7.8,8.6,,2.8,-,10.9,-,0.7,1,420,20,15,55,0.5,0.3,0.08,0.08,Tr,0,0,1,0,49,1400,3,1400,120,(0),2.2,0,2.9,0.1,26,0.08,0.05,0.9,1.2,0.15,(0),80,0.5,1.9,16,-,0,別名： とうなす、ぼうぶら、なんきん\n廃棄部位： わた、種子及び両端\n硝酸イオン： Tr,"{""baseName"":""日本かぼちゃ"",""part"":""果実"",""state"":""生"",""notes"":[""かぼちゃ類""]}",かぼちゃの果肉は消化に良く、犬に適した野菜素材である。,9
06,06047,0516,（かぼちゃ類）　日本かぼちゃ　果実　ゆで,0,234,55,84,(1.3),1.9,(Tr),0,0.1,(9.9),,(9.4),(10.9),*,3.0,-,13.3,-,0.7,1,350,18,15,45,0.5,0.2,0.07,0.08,0,0,-,1,(0),45,1100,2,1100,92,(0),2.1,0,2.1,0.1,27,0.06,0.03,0.7,(1.1),0.12,(0),75,0.50,1.7,16,-,0,別名： とうなす、ぼうぶら、なんきん\nわた､種子及び両端を除いたもの\n硝酸イオン： (Tr)\n食物繊維：AOAC2011.25法,"{""baseName"":""日本かぼちゃ"",""part"":""果実"",""state"":""ゆで"",""notes"":[""かぼちゃ類""]}",日本かぼちゃは消化に良い食物繊維やビタミンがあり犬に適した素材である,9
06,06048,0517,（かぼちゃ類）　西洋かぼちゃ　果実　生,10,331,78,76.2,1.2,1.9,0.2,0,0.3,17.0,*,15.9,17.6,,3.5,-,20.6,0.4,1.0,1,430,22,25,48,0.4,0.3,0.07,0.07,Tr,0,0,5,(0),17,2500,90,2600,210,(0),3.9,0.1,1.2,0,37,0.07,0.08,1.4,1.7,0.23,(0),42,0.62,1.9,43,-,0,別名： くりかぼちゃ\n廃棄部位： わた、種子及び両端\n硝酸イオン： Tr,"{""baseName"":""西洋かぼちゃ"",""part"":""果実"",""state"":""生"",""notes"":[""かぼちゃ類""]}",西洋かぼちゃの果実は消化しやすくビタミンや食物繊維が豊富で犬に適した素材である,8
06,06049,0518,（かぼちゃ類）　西洋かぼちゃ　果実　ゆで,0,338,80,75.7,(1.0),1.6,(0.2),(0),0.3,(17.4),*,(16.2),17.6,,4.1,-,21.3,0.4,1.1,1,340,22,24,37,0.3,0.3,0.07,0.07,Tr,0,-,6,(0),18,2500,90,2500,210,(0),3.4,0.1,1.2,0,31,0.04,0.06,1.1,(1.4),0.18,(0),38,0.62,1.5,32,-,0,別名： くりかぼちゃ\nわた、種子及び両端を除いたもの \n硝酸イオン： 0 g,"{""baseName"":""西洋かぼちゃ"",""part"":""果実"",""state"":""ゆで"",""notes"":[""かぼちゃ類""]}",ゆでた西洋かぼちゃは消化が良く、ビタミンや食物繊維が豊富で犬に適した素材。,9
06,06332,0519,（かぼちゃ類）　西洋かぼちゃ　果実　焼き,0,445,105,68.2,(1.5),2.5,(0.2),(0),0.4,(22.8),*,(21.3),23.1,,5.3,-,27.7,0.5,1.2,0,570,19,31,55,0.6,0.4,0.08,0.17,-,-,-,-,(0),26,5400,130,5500,450,(0),6.9,0.1,1.8,0,0,0.09,0.12,2.1,(2.5),0.22,(0),58,0.77,-,44,-,0,別名： くりかぼちゃ\nわた、種子及び両端を除いたもの\n硝酸イオン： 0 g,"{""baseName"":""西洋かぼちゃ"",""part"":""果実"",""state"":""焼き"",""notes"":[""かぼちゃ類""]}",焼き西洋かぼちゃは消化に良くビタミン・食物繊維が豊富で犬に適した素材,9
06,06050,0520,（かぼちゃ類）　西洋かぼちゃ　果実　冷凍,0,317,75,78.1,(1.3),2.2,(0.2),(0),0.3,(15.7),*,(14.6),14.9,,4.2,-,18.5,0.4,0.9,3,430,25,26,46,0.5,0.6,0.05,0.14,-,-,-,-,(0),0,3700,57,3800,310,(0),4.2,0.1,1.1,0,17,0.06,0.09,1.3,(1.7),0.19,(0),48,0.44,-,34,-,0,別名： くりかぼちゃ\n硝酸イオン： Tr,"{""baseName"":""西洋かぼちゃ"",""part"":""果実"",""state"":""冷凍"",""notes"":[""かぼちゃ類""]}",冷凍の西洋かぼちゃ果実は犬に安全な野菜でビタミン・食物繊維源として適する。,9
06,06051,0521,（かぼちゃ類）　そうめんかぼちゃ　果実　生,30,105,25,92.4,(0.5),0.7,(0.1),(0),0.1,-,,-,4.9,*,1.5,-,6.1,-,0.6,1,260,27,16,35,0.3,0.2,0.05,0.09,-,-,-,-,(0),0,49,0,49,4,(0),0.2,0,Tr,0,Tr,0.05,0.01,0.5,(0.7),0.10,(0),25,0.36,-,11,-,0,別名： ぺぽかぼちゃ、きんしうり、そうめんうり、いとかぼちゃ\n廃棄部位： わた、種子、皮及び両端\n硝酸イオン： 0.1 g,"{""baseName"":""そうめんかぼちゃ"",""part"":""果実"",""state"":""生"",""notes"":[""かぼちゃ類""]}",そうめんかぼちゃ（果実）は野菜として利用しやすく犬のレシピ素材として適している。,8
06,06052,0522,からしな　葉　生,0,106,26,90.3,2.8,3.3,-,(0),0.1,-,,-,1.5,*,3.7,-,4.7,-,1.3,60,620,140,21,72,2.2,0.9,0.08,1.02,-,-,-,-,0,0,2800,0,2800,230,(0),3.0,0.1,0.1,0,260,0.12,0.27,1.2,2.2,0.25,(0),310,0.32,-,64,-,0.2,別名： 葉がらし、菜がらし\n株元を除いたもの\n硝酸イオン： 0.3 g,"{""baseName"":""からしな"",""part"":""葉"",""state"":""生""}",からしなは葉物野菜として使えるが辛みや独特の風味に注意,7
06,06053,0523,からしな　塩漬,0,149,36,84.5,(3.3),4.0,-,(0),0.1,-,,-,2.9,*,5.0,-,7.2,-,3.8,970,530,150,23,71,1.8,1.1,0.10,0.76,-,-,-,-,(0),0,3000,0,3000,250,(0),3.1,0.1,0.1,0,270,0.08,0.28,0.6,(1.8),0.27,(0),210,0.37,-,80,-,2.5,別名： 葉がらし、菜がらし\n株元を除いたもの\n水洗いし、手搾りしたもの\n硝酸イオン： 0.4 g,"{""baseName"":""からしな"",""state"":""塩漬""}",からしな（塩漬）は塩分が高くなりがちで、過剰摂取に注意が必要。,7
06,06054,0524,カリフラワー　花序　生,50,117,28,90.8,2.1,3.0,(0.1),0,0.1,3.2,*,3.2,2.9,,2.9,-,5.2,0.3,0.9,8,410,24,18,68,0.6,0.6,0.05,0.22,0,0,0,4,(0),0,18,0,18,2,(0),0.2,0,0.4,0,17,0.06,0.11,0.7,1.3,0.23,(0),94,1.30,8.5,81,-,0,別名： はなやさい\n廃棄部位： 茎葉\n硝酸イオン： Tr,"{""baseName"":""カリフラワー"",""part"":""花序"",""state"":""生""}",カリフラワーは消化しやすい野菜で食物繊維やビタミンを含み犬の素材として適する,8
06,06055,0525,カリフラワー　花序　ゆで,0,111,26,91.5,(1.9),2.7,(0.1),(0),0.1,(3.0),*,(2.9),2.4,,3.2,-,5.1,0.3,0.6,8,220,23,13,37,0.7,0.4,0.03,0.17,-,-,-,-,(0),0,16,0,16,1,(0),0.2,0,0.4,0,31,0.05,0.05,0.2,(0.7),0.13,(0),88,0.84,-,53,-,0,別名： はなやさい\n茎葉を除いたもの\n硝酸イオン： (Tr),"{""baseName"":""カリフラワー"",""part"":""花序"",""state"":""ゆで""}",ゆでたカリフラワーは加熱済みの野菜で犬に与えて問題ない素材である。,8
06,06056,0526,かんぴょう　乾,0,1002,239,19.8,4.4,6.3,-,(0),0.2,33.3,,33.2,40.0,*,30.1,-,68.1,-,5.0,3,1800,250,110,140,2.9,1.8,0.62,1.60,2,2,5,13,(0),0,0,0,0,(0),(0),0.4,Tr,0,0,Tr,0,0.04,2.7,3.2,0.04,(0),99,1.75,8.0,0,-,0,硝酸イオン： 0.5 g,"{""baseName"":""かんぴょう"",""state"":""乾""}",乾燥かんぴょうは低脂肪で食物繊維源となり犬のレシピ素材として利用可能,8
06,06057,0527,かんぴょう　ゆで,0,87,21,91.6,(0.5),0.7,-,(0),0,(3.5),,(3.5),2.1,*,5.3,-,7.2,-,0.4,1,100,34,10,16,0.3,0.2,0.08,0.14,-,-,-,-,(0),0,0,0,0,(0),(0),0.1,0,0,0,0,0,0,0.3,(0.4),0,(0),7,0,-,0,-,0,硝酸イオン： 0.1 g,"{""baseName"":""かんぴょう"",""state"":""ゆで""}",かんぴょうは植物性の素材で加熱済みの根菜的な利用が可能。,8
06,06058,0529,きく　花びら　生,15,104,25,91.5,(1.2),1.4,-,(0),0,-,,-,3.3,*,3.4,-,6.5,-,0.6,2,280,22,12,28,0.7,0.3,0.04,0.36,-,-,-,-,(0),0,67,0,67,6,(0),4.6,0.1,0.3,0,11,0.10,0.11,0.5,(0.9),0.08,(0),73,0.20,-,11,-,0,別名： 食用ぎく、料理ぎく\n廃棄部位： 花床\n硝酸イオン： Tr,"{""baseName"":""きく"",""variety"":""花びら"",""state"":""生""}",食用の菊の花びらは一般に食用であり、少量の利用なら問題になりにくい,7
06,06059,0530,きく　花びら　ゆで,0,88,21,92.9,(0.8),1.0,-,(0),0,-,,-,3.0,*,2.9,-,5.7,-,0.4,1,140,16,9,20,0.5,0.2,0.04,0.24,-,-,-,-,(0),0,61,0,61,5,(0),4.1,0.1,0.3,0,10,0.06,0.07,0.2,(0.5),0.04,(0),40,0.15,-,5,-,0,別名： 食用ぎく、料理ぎく\n花床を除いたもの\nゆでた後水冷し、手搾りしたもの\n硝酸イオン： Tr,"{""baseName"":""きく"",""variety"":""花びら"",""state"":""ゆで""}",食用の菊の花は調理済みであればトッピング等に使える素材,7
06,06060,0531,きく　菊のり,0,1188,283,9.5,(9.5),11.6,-,(0),0.2,-,,-,46.0,*,29.6,-,73.5,-,5.2,14,2500,160,140,250,11.0,2.2,0.62,1.34,-,-,-,-,(0),0,180,0,180,15,(0),25.0,0.5,0.6,0.1,62,0.73,0.89,3.8,(7.2),0.69,(0),370,1.50,-,10,-,0,別名： 乾燥食用ぎく\n硝酸イオン： Tr,"{""baseName"":""きく"",""variety"":""菊のり""}",食用の菊（乾燥）は犬に対して特に有害性は低く、素材として使用可能です。,7
06,06061,0532,（キャベツ類）　キャベツ　結球葉　生,15,95,23,92.9,0.8,1.2,Tr,(0),0.1,3.9,*,3.9,3.7,,1.8,-,5.2,0.1,0.5,5,190,42,14,26,0.3,0.1,0.02,0.13,0,0,0,2,0,0,24,Tr,24,2,(0),0.1,0,0,0,79,0.04,0.03,0.2,0.4,0.1,(0),66,0.19,1.5,38,-,0,別名： かんらん、たまな\n廃棄部位： しん\n硝酸イオン： 0.1 g\n食物繊維：AOAC2011.25法,"{""baseName"":""キャベツ"",""part"":""結球葉"",""state"":""生"",""notes"":[""キャベツ類""]}",生のキャベツはビタミン・食物繊維が豊富で犬のレシピ素材として適している,8
06,06062,0533,（キャベツ類）　キャベツ　結球葉　ゆで,0,79,19,93.9,(0.6),0.9,(0.1),(0),0.2,1.9,,1.9,2.9,*,2.0,-,4.6,0.1,0.3,3,92,40,9,20,0.2,0.1,0.02,0.14,0,Tr,0,3,(0),0,57,2,58,5,(0),0.1,0,0,0,76,0.02,0.01,0.1,(0.2),0.05,(0),48,0.11,1.2,17,-,0,別名： かんらん、たまな\nしんを除いたもの\n硝酸イオン： 0.1 g,"{""baseName"":""キャベツ"",""part"":""結球葉"",""state"":""ゆで"",""notes"":[""キャベツ類""]}",ゆでキャベツは消化しやすくビタミンや食物繊維があり良い素材,9
06,06333,0534,（キャベツ類）　キャベツ　結球葉　油いため,0,324,78,85.7,(1.1),1.6,(5.7),(Tr),6.0,(2.7),,(2.7),4.3,*,2.2,-,5.9,0.2,0.6,6,250,53,17,33,0.4,0.2,0.03,0.19,-,-,-,-,(0),0,77,2,78,7,(0),1.1,0,1.8,0.1,120,0.05,0.04,0.2,(0.5),0.15,(0),130,0.30,-,47,-,0,別名： かんらん、たまな\nしんを除いたもの\n植物油（なたね油）\n調理による脂質の増減：第1章表14参照\n硝酸イオン： 0.1 g ,"{""baseName"":""キャベツ"",""part"":""結球葉"",""state"":""油いため"",""notes"":[""キャベツ類""]}",油でいためたキャベツは加熱により消化しやすく野菜として適切（過度の脂は注意）,8
06,06403,0534-1,（キャベツ類）　キャベツ　結球葉　カット　常法洗浄,0,63,15,94.8,0.8,1.1,Tr,-,0.1,3.1,,3.1,1.9,*,1.9,-,3.6,0.1,0.4,10,150,35,12,22,0.3,0.1,0.02,0.09,0,0,0,3,0,0,12,0,12,1,-,0.1,0,0,0,67,0.04,0.03,0.2,0.3,0.08,-,52,0.2,1.2,29,-,0,別名： かんらん、たまな\n硝酸イオン： Tr\n食物繊維：AOAC2011.25法,"{""baseName"":""キャベツ"",""variety"":""カット 常法洗浄"",""part"":""結球葉"",""notes"":[""キャベツ類""]}",キャベツは低カロリーで食物繊維が豊富な野菜で、犬のレシピ素材として適している。,9
06,06404,0534-2,（キャベツ類）　キャベツ　結球葉　カット　次亜塩素酸洗浄,0,58,14,95.1,0.7,1,0.1,-,0.2,3.8,,3.8,1.5,*,2.0,-,3.2,0.1,0.4,8,140,38,13,21,0.3,0.1,0.02,0.09,0,0,0,2,0,0,11,0,11,1,-,0.1,0,0,0,62,0.04,0.03,0.2,0.3,0.08,-,58,0.18,1.1,28,-,0,別名： かんらん、たまな\n硝酸イオン： Tr\n食物繊維：AOAC2011.25法,"{""baseName"":""キャベツ"",""variety"":""カット 次亜塩素酸洗浄"",""part"":""結球葉"",""notes"":[""キャベツ類""]}",一般に安全でビタミン・食物繊維が豊富な野菜。犬のレシピ素材として適する,9
06,06063,0535,（キャベツ類）　グリーンボール　結球葉　生,15,83,20,93.4,(1.0),1.4,(Tr),(0),0.1,(3.2),*,(3.2),3.0,,1.6,-,4.3,0.1,0.7,4,270,58,17,41,0.4,0.2,0.03,0.18,-,-,-,-,(0),0,110,0,110,9,(0),0.2,0,0,0,79,0.05,0.04,0.4,(0.6),0.13,(0),53,0.31,-,47,-,0,廃棄部位： しん\n硝酸イオン： 0.1 g,"{""baseName"":""グリーンボール"",""part"":""結球葉"",""state"":""生"",""notes"":[""キャベツ類""]}",グリーンボール（キャベツ）は消化しやすい野菜で犬のレシピ素材として適切。,9
06,06064,0536,（キャベツ類）　レッドキャベツ　結球葉　生,10,125,30,90.4,(1.3),2.0,Tr,(0),0.1,(3.5),,(3.5),4.7,*,2.8,-,6.7,-,0.8,4,310,40,13,43,0.5,0.3,0.04,0.20,-,-,-,-,(0),0,36,0,36,3,(0),0.1,0,0,0,29,0.07,0.03,0.3,(0.6),0.19,(0),58,0.35,-,68,-,0,別名： 赤キャベツ、紫キャベツ\n廃棄部位： しん\n硝酸イオン： Tr,"{""baseName"":""レッドキャベツ"",""part"":""結球葉"",""state"":""生"",""notes"":[""キャベツ類""]}",レッドキャベツは栄養価が高く野菜素材として利用可能であるため,8
06,06065,0537,きゅうり　果実　生,2,55,13,95.4,0.7,1.0,Tr,0,0.1,2.0,*,1.9,2.0,,1.1,-,3.0,0.3,0.5,1,200,26,15,36,0.3,0.2,0.11,0.07,1,1,1,4,(0),1,330,0,330,28,(0),0.3,0,0,0,34,0.03,0.03,0.2,0.4,0.05,(0),25,0.33,1.4,14,-,0,廃棄部位： 両端\n硝酸イオン： Tr,"{""baseName"":""きゅうり"",""part"":""果実"",""state"":""生""}",きゅうりは水分豊富で低カロリー、犬にとって安全で使いやすい野菜。,9
06,06068,0540,きゅうり　漬物　ぬかみそ漬,2,120,28,85.6,-,1.5,(Tr),(0),0.1,-,,-,4.8,*,1.5,-,6.2,-,6.6,2100,610,22,48,88,0.3,0.2,0.11,0.14,1,1,1,7,(0),4,210,0,210,18,(0),0.2,Tr,0,0,110,0.26,0.05,1.6,1.9,0.20,0,22,0.93,1.2,22,-,5.3,廃棄部位： 両端\n水洗いし、水切りしたもの\n硝酸イオン： Tr,"{""baseName"":""きゅうり"",""variety"":""漬物"",""state"":""ぬかみそ漬""}",きゅうりは犬に安全な野菜。ぬか漬は加工品だが素材として使用可能,8
06,06075,0544,キンサイ　茎葉　生,8,67,16,93.5,(0.9),1.1,(0.2),(0),0.4,-,,-,1.4,*,2.5,-,3.5,-,1.2,27,360,140,26,56,0.5,0.5,0.02,0.52,-,-,-,-,(0),0,1800,23,1800,150,(0),1.2,0,0,0,180,0.05,0.11,0.6,(0.8),0.08,(0),47,0.35,-,15,-,0.1,別名： 中国セロリ、スープセロリ、リーフセロリ\n廃棄部位： 株元\n硝酸イオン： 0.3 g,"{""baseName"":""キンサイ"",""part"":""茎葉"",""state"":""生""}",キンサイ（中国セロリ）は野菜として安全に使える素材です。,7
06,06076,0545,キンサイ　茎葉　ゆで,0,63,15,93.6,(0.9),1.1,(0.2),(0),0.4,-,,-,1.0,*,2.9,-,3.5,-,1.0,27,320,140,24,56,0.5,0.5,0.02,0.42,-,-,-,-,(0),0,1500,19,1500,130,(0),1.2,0,0,0,210,0.03,0.06,0.4,(0.6),0.05,(0),31,0.34,-,7,-,0.1,別名： 中国セロリ、スープセロリ、リーフセロリ\n株元を除いたもの\n硝酸イオン： 0.4 g,"{""baseName"":""キンサイ"",""part"":""茎葉"",""state"":""ゆで""}",キンサイ（中国セロリ）は茎葉の野菜で、加熱済みなら消化しやすく利用しやすい。,8
06,06077,0546,クレソン　茎葉　生,15,56,13,94.1,(1.5),2.1,(0.1),(0),0.1,(0.5),*,(0.5),0.7,,2.5,-,2.5,-,1.1,23,330,110,13,57,1.1,0.2,0.05,-,2,2,1,20,(0),0,2700,0,2700,230,(0),1.6,0,0,0,190,0.10,0.20,0.5,(1.0),0.13,(0),150,0.30,4.0,26,-,0.1,別名： オランダがらし、オランダみずがらし\n廃棄部位： 株元\n硝酸イオン： 0.1 g,"{""baseName"":""クレソン"",""part"":""茎葉"",""state"":""生""}",クレソンは葉茎野菜でビタミン・ミネラル源として利用可能だが苦味や硝酸塩に注意して少量が望ましい。,8
06,06078,0547,くわい　塊茎　生,20,541,128,65.5,-,6.3,-,(0),0.1,-,,-,24.2,*,2.4,-,26.6,-,1.5,3,600,5,34,150,0.8,2.2,0.71,0.13,1,1,Tr,4,(0),0,0,0,0,(0),(0),3.0,Tr,0,0,1,0.12,0.07,1.9,3.0,0.34,(0),140,0.78,7.2,2,-,0,廃棄部位： 皮及び芽,"{""baseName"":""くわい"",""part"":""塊茎"",""state"":""生""}",くわいはデンプン質の野菜で加熱調理すれば犬の素材として使える,7
06,06079,0548,くわい　塊茎　ゆで,0,546,129,65.0,-,6.2,-,(0),0.1,-,,-,24.4,*,2.8,-,27.2,-,1.5,3,550,5,32,140,0.8,2.1,0.59,0.12,-,-,-,-,(0),0,0,0,0,(0),(0),3.1,Tr,0,0,1,0.10,0.06,1.6,2.6,0.30,(0),120,0.75,-,0,-,0,皮及び芽を除いたもの,"{""baseName"":""くわい"",""part"":""塊茎"",""state"":""ゆで""}",くわい（ゆで）はでんぷん質を含む野菜で加熱済みのため利用しやすい,7
06,06080,0549,ケール　葉　生,3,107,26,90.2,(1.6),2.1,0.1,(0),0.4,(1.2),,(1.2),2.7,*,3.7,-,5.6,-,1.5,9,420,220,44,45,0.8,0.3,0.05,0.55,1,4,1,38,(0),0,2900,13,2900,240,(0),2.4,Tr,0.2,0,210,0.06,0.15,0.9,(1.3),0.16,(0),120,0.31,4.0,81,-,0,別名： 葉キャベツ、はごろもかんらん\n廃棄部位： 葉柄基部\n硝酸イオン： 0.2 g,"{""baseName"":""ケール"",""part"":""葉"",""state"":""生""}",ケールは栄養価の高い葉物で犬の素材として使用可能だが与え過ぎに注意。,8
06,06081,0550,コールラビ　球茎　生,7,87,21,93.2,(0.6),1.0,-,(0),0,(2.2),,(2.2),3.6,*,1.9,-,5.1,-,0.6,7,240,29,15,29,0.2,0.1,0.02,0.07,-,-,-,-,(0),0,0,23,12,1,(0),0,0,0,0,7,0.04,0.05,0.2,(0.3),0.09,(0),73,0.20,-,45,-,0,別名： 球茎かんらん、かぶかんらん\n廃棄部位： 根元及び葉柄基部\n硝酸イオン： 0.1 g,"{""baseName"":""コールラビ"",""part"":""球茎"",""state"":""生""}",コールラビは安全な野菜で犬のレシピ素材として適している,8
06,06082,0551,コールラビ　球茎　ゆで,0,85,20,93.1,(0.6),1.0,-,(0),Tr,(2.2),,(2.2),3.3,*,2.3,-,5.2,-,0.6,7,210,27,14,28,0.2,0.1,0.02,0.07,-,-,-,-,(0),0,15,0,15,1,(0),0,0,0,0,8,0.03,0.05,0.2,(0.3),0.06,(0),71,0.20,-,37,-,0,別名： 球茎かんらん、かぶかんらん\n根元及び葉柄基部を除いたもの\n硝酸イオン： 0.1 g,"{""baseName"":""コールラビ"",""part"":""球茎"",""state"":""ゆで""}",ゆでたコールラビは根菜の一種で消化に良く犬の素材として適している。,9
06,06084,0553,（ごぼう類）　ごぼう　根　生,10,244,58,81.7,1.1,1.8,(0.1),(0),0.1,1.1,,1.0,10.4,*,5.7,-,15.4,-,0.9,18,320,46,54,62,0.7,0.8,0.21,0.18,2,1,1,1,(0),0,1,0,1,Tr,(0),0.6,0,0,0,Tr,0.05,0.04,0.4,0.6,0.10,(0),68,0.23,1.3,3,-,0,廃棄部位： 皮、葉柄基部及び先端\n硝酸イオン： 0.1 g,"{""baseName"":""ごぼう"",""part"":""根"",""state"":""生"",""notes"":[""ごぼう類""]}",食物繊維が豊富な根菜で、犬のレシピ素材として利用しやすい,8
06,06085,0554,（ごぼう類）　ごぼう　根　ゆで,0,210,50,83.9,(0.9),1.5,(0.2),(0),0.2,(0.9),,(0.9),8.2,*,6.1,-,13.7,-,0.6,11,210,48,40,46,0.7,0.7,0.16,0.16,-,-,-,-,(0),0,0,0,0,(0),(0),0.6,0,0,0,Tr,0.03,0.02,0.2,(0.4),0.09,(0),61,0.19,-,1,-,0,皮、葉柄基部及び先端を除いたもの\n硝酸イオン： 0.1 g,"{""baseName"":""ごぼう"",""part"":""根"",""state"":""ゆで"",""notes"":[""ごぼう類""]}",茹で済みの根菜で食物繊維やミネラルが豊富。犬のレシピ素材として適している。,8
06,06405,0554-1,（ごぼう類）　堀川ごぼう　根　生,10,223,55,75.7,-,3.2,-,-,0.2,-,,-,0.8,*,18.3,-,19.1,-,1.4,6,540,70,62,130,2.2,0.9,0.22,0.55,2,1,3,6,-,0,3,0,3,Tr,-,0.4,0,0,0,Tr,0.08,0.06,0.7,1.3,0.09,0.1,49,0.08,2.6,4,-,0,廃棄部位： 葉，葉柄基部，ひげ根(細い根)\n硝酸イオン： 0.4g\n食物繊維：AOAC2011.25法,"{""baseName"":""堀川ごぼう"",""part"":""根"",""state"":""生"",""notes"":[""ごぼう類""]}",ごぼうは食物繊維が豊富で犬の素材として問題ない,8
06,06086,0555,こまつな　葉　生,15,55,13,94.1,1.3,1.5,0.1,(0),0.2,0.3,,0.3,0.8,*,1.9,-,2.4,-,1.3,15,500,170,12,45,2.8,0.2,0.06,0.13,2,1,2,10,(0),0,3100,28,3100,260,(0),0.9,0,0.1,0,210,0.09,0.13,1.0,1.6,0.12,(0),110,0.32,2.9,39,-,0,廃棄部位： 株元\n硝酸イオン： 0.5 g,"{""baseName"":""こまつな"",""part"":""葉"",""state"":""生""}",小松菜は葉物野菜でミネラルや食物繊維があり犬の素材として適切,9
06,06087,0556,こまつな　葉　ゆで,9,59,14,94.0,(1.4),1.6,(0.1),(0),0.1,(0.3),,(0.3),0.9,*,2.4,-,3.0,-,1.0,14,140,150,14,46,2.1,0.3,0.07,0.17,-,-,-,-,(0),0,3100,28,3100,260,(0),1.5,Tr,0.1,0,320,0.04,0.06,0.3,(0.9),0.06,(0),86,0.23,-,21,-,0,廃棄部位： 株元\nゆでた後水冷し、手搾りしたもの\n硝酸イオン： 0.3 g,"{""baseName"":""こまつな"",""part"":""葉"",""state"":""ゆで""}",ゆでた小松菜の葉は消化に優れ、ビタミン・ミネラル源として適する。,8
06,06385,0557,コリアンダー　葉　生,10,75,18,92.4,-,1.4,-,-,0.4,-,,-,0.1,*,4.2,-,4.6,-,1.2,4,590,84,16,59,1.4,0.4,0.09,0.39,2,Tr,2,23,-,5,1700,34,1700,150,0,1.9,0,0.2,0,190,0.09,0.11,1.3,1.5,0.11,-,69,0.52,6.2,40,-,0,別名： 香菜（シャンツァイ）、パクチー\n廃棄部位： 根、食物繊維：AOAC2011.25法\n硝酸イオン：0.3ｇ,"{""baseName"":""コリアンダー"",""part"":""葉"",""state"":""生""}",コリアンダー（パクチー）は香味野菜として少量であれば安全に使える,8
06,06089,0559,さんとうさい　葉　生,6,48,12,94.7,(0.8),1.0,(0.1),(0),0.2,-,,-,0.9,*,2.2,-,2.7,-,1.1,9,360,140,14,27,0.7,0.3,0.04,0.16,-,-,-,-,(0),0,1200,0,1200,96,(0),0.8,Tr,0,0,100,0.03,0.07,0.5,(0.7),0.08,(0),130,0.17,-,35,-,0,別名： さんとうな、べが菜\n廃棄部位： 根及び株元\n硝酸イオン： 0.3 g,"{""baseName"":""さんとうさい"",""part"":""葉"",""state"":""生""}",葉物野菜で消化に良く犬のレシピ素材として適している,8
06,06090,0560,さんとうさい　葉　ゆで,5,58,14,94.3,(1.1),1.4,(0.1),(0),0.3,-,,-,0.9,*,2.5,-,2.9,-,0.9,9,240,130,13,30,0.6,0.4,0.04,0.20,-,-,-,-,(0),0,1500,0,1500,130,(0),0.9,Tr,0,0,140,0.02,0.05,0.3,(0.5),0.05,(0),74,0.12,-,22,-,0,別名： さんとうな、べが菜\n根を除いたもの\nゆでた後水冷し、手搾りしたもの\n廃棄部位： 株元\n硝酸イオン： 0.2 g,"{""baseName"":""さんとうさい"",""part"":""葉"",""state"":""ゆで""}",ゆでた葉物野菜で消化に良く栄養価があり犬に適した素材。,8
06,06092,0562,しかくまめ　若ざや　生,5,80,19,92.8,(2.0),2.4,-,(0),0.1,-,,-,1.0,*,3.2,-,3.8,-,0.8,1,270,80,38,48,0.7,0.3,0.09,0.54,-,-,-,-,(0),18,430,0,440,36,(0),0.4,0,1.6,Tr,63,0.09,0.09,0.8,(1.8),0.10,(0),29,0.36,-,16,-,0,廃棄部位： さやの両端\n硝酸イオン： 0.1 g,"{""baseName"":""しかくまめ"",""part"":""若ざや"",""state"":""生""}",若ざやの豆類は野菜として利用できるが消化や加熱を考慮して使用,8
06,06093,0563,（ししとう類）　ししとう　果実　生,10,102,24,91.4,1.3,1.9,(0.1),(0),0.3,1.2,,1.2,2.6,*,3.6,-,5.7,0.3,0.7,1,340,11,21,34,0.5,0.3,0.10,0.18,0,4,1,4,(0),0,530,0,530,44,(0),1.3,0,0,0,51,0.07,0.07,1.4,1.8,0.39,(0),33,0.35,4.2,57,-,0,別名： ししとうがらし\n廃棄部位： へた\n硝酸イオン：0g ,"{""baseName"":""ししとう"",""part"":""果実"",""state"":""生"",""notes"":[""ししとう類""]}",ししとうは辛味が強くない場合は与えやすいが、辛い個体は消化器刺激の可能性あり。,7
06,06094,0564,（ししとう類）　ししとう　果実　油いため,0,210,51,88.3,(1.3),1.9,(2.9),(0),3.2,(1.2),,(1.2),2.8,*,3.6,-,5.8,0.3,0.8,Tr,380,15,21,39,0.6,0.3,0.10,0.18,0,4,1,4,(0),0,540,0,540,45,(0),1.3,0,0,0,52,0.07,0.07,1.5,(1.9),0.40,(0),34,0.36,3.7,49,-,0,別名： ししとうがらし\nへたを除いたもの\n植物油（調合油）\n硝酸イオン： 0 g,"{""baseName"":""ししとう"",""part"":""果実"",""state"":""油いため"",""notes"":[""ししとう類""]}",ししとうの油いためは軽い香辛性があるが果実自体は使用可能（辛味に注意）,7
06,06406,0564-1,（ししとう類）　万願寺とうがらし　果実　生,6,110,26,91.6,-,1.3,-,-,0.3,-,,-,3.1,*,3.2,-,6.2,-,0.5,Tr,220,11,13,31,0.3,0.2,0.04,0.08,0,0,Tr,3,-,4,270,3,280,23,-,0.9,0,Tr,0,18,0.04,0.03,1,1.2,0.2,Tr,16,0.12,2.4,83,-,0,廃棄部位： へた\n硝酸イオン： 0g\n食物繊維：AOAC2011.25法,"{""baseName"":""万願寺とうがらし"",""part"":""果実"",""state"":""生"",""notes"":[""ししとう類""]}",辛みの少ない唐辛子系の果実でビタミンや食物繊維が豊富,8
06,06095,0565,しそ　葉　生,0,130,32,86.7,3.1,3.9,Tr,(0),0.1,-,,-,1.0,*,7.3,-,7.5,-,1.7,1,500,230,70,70,1.7,1.3,0.20,2.01,6,1,2,30,(0),0,11000,0,11000,880,(0),3.9,0,0,0,690,0.13,0.34,1.0,2.4,0.19,(0),110,1.00,5.1,26,-,0,別名 ： 大葉\n試料： 青じそ\n廃棄率： 小枝つきの場合40 %\n硝酸イオン： 0.1 g,"{""baseName"":""しそ"",""part"":""葉"",""state"":""生""}",しそ（青じそ）は香味野菜として安全で、少量なら犬の食材に適する。,8
06,06096,0566,しそ　実　生,0,132,32,85.7,(2.7),3.4,0.1,(0),0.1,-,,-,0.7,*,8.9,-,8.9,-,1.9,1,300,100,71,85,1.2,1.0,0.52,1.35,-,-,-,-,(0),44,2600,0,2600,220,(0),3.8,0.1,0.7,0.2,190,0.09,0.16,1.8,(3.0),0.12,(0),72,0.80,-,5,-,0,試料： 青じそ\n廃棄率： 穂じその場合 35 %\n硝酸イオン： Tr,"{""baseName"":""しそ"",""variety"":""実"",""state"":""生""}",しそ（実）はハーブ素材として風味付けに安全に使える。,8
06,06097,0567,じゅうろくささげ　若ざや　生,3,90,22,91.9,(1.8),2.5,-,(0),0.1,-,,-,1.3,*,4.2,-,4.8,-,0.7,1,200,31,36,54,0.5,0.7,0.12,0.66,1,1,Tr,74,(0),40,1100,0,1200,96,(0),0.5,0,1.8,0.3,120,0.08,0.09,1,(1.5),0.11,(0),150,0.43,9.7,25,-,0,別名： 長ささげ、三尺ささげ\n廃棄部位： へた　\n硝酸イオン： Tr,"{""baseName"":""じゅうろくささげ"",""part"":""若ざや"",""state"":""生""}",若ざやのささげ類は野菜として安全で犬のレシピ素材として適している,8
06,06098,0568,じゅうろくささげ　若ざや　ゆで,0,116,28,90.2,(2.0),2.8,-,(0),0.1,-,,-,2.5,*,4.5,-,6.2,-,0.7,1,180,33,32,56,0.5,0.6,0.11,0.63,Tr,1,0,67,(0),28,1100,0,1100,93,(0),0.3,0,1.3,0.1,130,0.09,0.09,0.9,(1.4),0.07,(0),150,0.39,9,16,-,0,別名： 長ささげ、三尺ささげ\nへたを除いたもの\n硝酸イオン： Tr,"{""baseName"":""じゅうろくささげ"",""part"":""若ざや"",""state"":""ゆで""}",ゆでた若ざや（ささげ）は加熱済みの野菜として安全で、レシピ素材として適切。,8
06,06099,0569,しゅんぎく　葉　生,1,84,20,91.8,1.9,2.3,0.1,(0),0.3,0.4,,0.4,1.3,*,3.2,-,3.9,-,1.4,73,460,120,26,44,1.7,0.2,0.10,0.40,5,2,2,12,(0),0,4500,0,4500,380,(0),1.7,0,0.1,0,250,0.10,0.16,0.8,1.5,0.13,(0),190,0.23,3.5,19,-,0.2,別名： きくな\n廃棄部位： 基部 \n廃棄率： 根つきの場合 15 %\n硝酸イオン： 0.3 g,"{""baseName"":""しゅんぎく"",""part"":""葉"",""state"":""生""}",春菊の葉は栄養価があり犬に与えて問題ない安全な野菜素材である。,8
06,06100,0570,しゅんぎく　葉　ゆで,0,102,25,91.1,(2.2),2.7,(0.2),(0),0.5,(0.4),,(0.4),1.6,*,3.7,-,4.5,-,1.0,42,270,120,24,44,1.2,0.2,0.12,0.49,-,-,-,-,(0),0,5300,0,5300,440,(0),2.0,0,0.1,0,460,0.05,0.08,0.4,(1.2),0.06,(0),100,0.13,-,5,-,0.1,別名： きくな\nゆでた後水冷し、手搾りしたもの\n硝酸イオン： 0.2 g,"{""baseName"":""しゅんぎく"",""part"":""葉"",""state"":""ゆで""}",ゆでた春菊は葉物野菜として栄養があり犬に適した素材。,8
06,06101,0571,じゅんさい　若葉　水煮びん詰,0,15,4,98.6,-,0.4,-,(0),0,-,,-,0,*,1.0,-,1.0,-,Tr,2,2,4,2,5,0,0.2,0.02,0.02,-,-,-,-,(0),0,29,0,29,2,(0),0.1,0,0,0,16,0,0.02,0,0.1,0,(0),3,0,-,0,-,0,液汁を除いたもの,"{""baseName"":""じゅんさい"",""variety"":""若葉 水煮びん詰""}",じゅんさいは水生植物で低脂肪・食物繊維の供給源として犬の素材に適している,7
06,06102,0572,（しょうが類）　葉しょうが　根茎　生,40,36,9,96.3,(0.4),0.5,(0.1),(0),0.2,-,,-,0.7,*,1.6,-,2.1,-,0.7,5,310,15,21,21,0.4,0.4,0.05,4.73,-,-,-,-,(0),0,4,0,4,Tr,(0),0.1,0,0.4,0,Tr,0.02,0.03,0.3,(0.4),0.08,(0),14,0.07,-,3,-,0,別名： 盆しょうが、はじかみ\n廃棄部位： 葉及び茎\n硝酸イオン： 0.2 g,"{""baseName"":""葉しょうが"",""part"":""根茎"",""state"":""生"",""notes"":[""しょうが類""]}",葉しょうが（根茎）は風味付けや消化促進に用いられ、少量であれば安全,8
06,06103,0573,（しょうが類）　しょうが　根茎　皮なし　生,20,117,28,91.4,0.7,0.9,(0.2),(0),0.3,4.2,,4.0,4.6,*,2.1,-,6.6,0.1,0.7,6,270,12,27,25,0.5,0.1,0.06,5.01,0,1,1,6,(0),1,4,0,5,Tr,(0),0.1,Tr,0.8,0,0,0.03,0.02,0.6,0.8,0.13,(0),8,0.21,0.7,2,-,0,別名：ひねしょうが\n廃棄部位： 皮\n硝酸イオン： 0.1 g,"{""baseName"":""しょうが"",""part"":""根茎"",""formModifiers"":[""皮なし""],""state"":""生"",""notes"":[""しょうが類""]}",生姜は消化促進や風味付けに使える安全な根茎類,7
06,06365,0574,（しょうが類）　しょうが　根茎　皮なし　生　おろし,0,240,58,81.6,(0.5),0.7,0.5,(0),0.8,-,,-,8.9,*,7.4,-,16.0,-,0.9,4,380,39,27,24,0.8,0.2,0.05,5.12,(0),Tr,1,12,(0),2,13,(0),14,1,(0),0.3,0,1.8,(0),(0),0.02,0.02,0.5,(0.6),0.12,(0),5,0.07,0.5,1,-,0,別名：ひねしょうが\n全体に対する割合24 %\n硝酸イオン： Tr,"{""baseName"":""しょうが"",""variety"":""おろし"",""part"":""根茎"",""formModifiers"":[""皮なし""],""state"":""生"",""notes"":[""しょうが類""]}",生のしょうがは刺激性があり犬の胃腸に負担をかけることがあるため使用に配慮が必要,7
06,06366,0575,（しょうが類）　しょうが　根茎　皮なし　生　おろし汁,0,72,17,95.1,(0.4),0.4,0.2,(0),0.3,-,,-,3.3,*,0.3,-,3.5,-,0.7,3,300,2,19,24,0.2,0.2,0.04,3.16,(0),0,Tr,6,(0),1,4,(0),5,Tr,(0),0.1,0,0.6,(0),(0),0.02,0.01,0.5,(0.6),0.12,(0),6,0.04,0.6,1,-,0,別名：ひねしょうが\n全体に対する割合76 %\n硝酸イオン： Tr,"{""baseName"":""しょうが"",""variety"":""おろし汁"",""part"":""根茎"",""formModifiers"":[""皮なし""],""state"":""生"",""notes"":[""しょうが類""]}",生のしょうが（おろし汁）は適量であれば消化を助ける成分を含み、犬のレシピ素材として使える。,8
06,06386,0578,（しょうが類）　新しょうが　根茎　生,10,42,10,96.0,(0.2),0.3,-,-,0.3,0.8,*,0.8,0.7,,1.9,-,2.7,-,0.8,3,350,11,15,23,0.5,0.4,0.04,7.65,Tr,0,1,3,-,1,6,0,6,Tr,-,0.1,0,0.7,0,Tr,0.01,0.01,0.2,(0.3),0.05,-,10,0.05,0.5,2,-,0,廃棄部位： 皮及び茎\n食物繊維：AOAC2011.25法\n硝酸イオン：0.1ｇ,"{""baseName"":""新しょうが"",""part"":""根茎"",""state"":""生"",""notes"":[""しょうが類""]}",少量であれば消化促進などの利点があるが風味が強いため控えめに。,7
06,06106,0579,しろうり　果実　生,25,63,15,95.3,(0.6),0.9,(Tr),(0),0.1,-,,-,2.5,*,1.2,-,3.3,-,0.4,1,220,35,12,20,0.2,0.2,0.03,0.05,5,0,0,2,(0),0,65,9,70,6,(0),0.2,0,0.1,0,29,0.03,0.03,0.2,(0.4),0.04,(0),39,0.30,1.3,8,-,0,別名： あさうり、つけうり\n廃棄部位： わた及び両端,"{""baseName"":""しろうり"",""part"":""果実"",""state"":""生""}",しろうりは水分が多く消化しやすい野菜で素材として適している,8
06,06110,0583,ずいき　生ずいき　ゆで,0,41,10,96.1,(0.2),0.4,-,(0),0,-,,-,1.2,*,2.1,-,3.1,-,0.4,1,76,95,7,9,0.1,0.9,0.02,1.69,-,-,-,-,(0),3,110,0,110,9,(0),0.3,0,0.1,0,14,0,0,0,(0.1),0.01,(0),10,0.10,-,1,-,0,株元及び表皮を除いたもの\nゆでた後水冷し、手搾りしたもの\n硝酸イオン： 0 g,"{""baseName"":""ずいき"",""variety"":""生ずいき"",""state"":""ゆで""}",ずいき（ゆで）は加熱済みの野菜素材で犬に対して安全に使えます。,8
06,06112,0585,ずいき　干しずいき　ゆで,0,38,9,95.5,(0.2),0.5,-,(0),0,-,,-,0.6,*,3.1,-,3.4,-,0.6,2,160,130,8,5,0.7,0.3,0.05,2.35,-,-,-,-,(0),(0),0,(0),(0),(0),(0),0.1,0,0,0,3,0,0.01,0,(0.1),0,(0),1,0.06,-,0,-,0,別名： いもがら\nゆでた後水冷し、手搾りしたもの\n硝酸イオン： Tr,"{""baseName"":""ずいき"",""variety"":""干しずいき"",""state"":""ゆで""}",ゆでた干しずいきは加熱済みの野菜性素材で食物繊維が豊富、調理済みで使用しやすい,7
06,06387,0586,すいぜんじな　葉　生,35,65,16,93.1,-,0.6,-,-,0.6,-,,-,0,*,4.0,-,3.4,-,1.4,1,530,140,42,42,0.5,0.5,0.07,2.11,3,Tr,1,8,-,11,4200,8,4300,350,-,3.8,0.3,Tr,0,270,0.06,0.12,0.5,0.6,0.08,-,66,0.03,4.7,17,-,0,別名： 金時草、式部草\n廃棄部位： 葉柄基部　\n食物繊維：AOAC2011.25法\n硝酸イオン：0.3ｇ,"{""baseName"":""すいぜんじな"",""part"":""葉"",""state"":""生""}",葉物野菜で犬に与えて問題ない食材。,8
06,06113,0587,すぐきな　葉　生,25,94,23,90.5,(1.7),1.9,(0.1),(0),0.2,-,,-,1.7,*,4.0,-,5.4,-,1.8,32,680,150,18,58,2.6,0.3,0.06,0.30,-,-,-,-,(0),0,2000,30,2000,170,(0),3.8,0.1,0.1,0,280,0.08,0.13,1.1,(1.6),0.05,(0),200,0.35,-,73,-,0.1,別名： かもな\n廃棄部位： 葉柄基部\n硝酸イオン： 0.2 g,"{""baseName"":""すぐきな"",""part"":""葉"",""state"":""生""}",葉野菜で犬に与えやすい食材。ビタミンや食物繊維の供給源として適する。,8
06,06114,0588,すぐきな　根　生,8,78,19,93.7,(0.5),0.6,(0.1),(0),0.1,-,,-,3.1,*,1.7,-,4.7,-,0.7,26,310,26,8,35,0.1,0.1,0.03,0.05,-,-,-,-,(0),0,(0),(0),(0),(0),(0),0,0,0,0,0,0.03,0.03,0.7,(0.8),0.01,(0),50,0.26,-,13,-,0.1,別名： かもな\n廃棄部位： 根端及び葉柄基部\n硝酸イオン： 0.2 g,"{""baseName"":""すぐきな"",""part"":""根"",""state"":""生""}",すぐきな根（生）は野菜根部で犬に与えても問題ない一般的な素材,8
06,06116,0590,ズッキーニ　果実　生,4,66,16,94.9,(0.9),1.3,(0.1),(0),0.1,(2.3),*,(2.3),1.9,,1.3,-,2.8,-,0.8,1,320,24,25,37,0.5,0.4,0.07,0.15,Tr,Tr,1,6,(0),0,310,10,320,27,(0),0.4,0,0.4,0,35,0.05,0.05,0.4,(0.6),0.09,(0),36,0.22,2.7,20,-,0,別名： つるなしかぼちゃ\n廃棄部位： 両端\n硝酸イオン： 0.1 g,"{""baseName"":""ズッキーニ"",""part"":""果実"",""state"":""生""}",ズッキーニは低カロリーで消化に良い野菜で、犬のレシピ素材として適している。,9
06,06117,0591,せり　茎葉　生,30,70,17,93.4,(1.9),2.0,(0.1),(0),0.1,-,,-,1.0,*,2.5,-,3.3,-,1.2,19,410,34,24,51,1.6,0.3,0.15,1.24,-,-,-,-,(0),0,1900,20,1900,160,(0),0.7,0.1,0.8,0,160,0.04,0.13,1.2,(1.7),0.11,(0),110,0.42,-,20,-,0,別名： かわな\n廃棄部位： 根及び株元\n硝酸イオン： 0 g,"{""baseName"":""せり"",""part"":""茎葉"",""state"":""生""}",せりは葉茎類の野菜で風味があり、犬のレシピ素材として使用可能。,8
06,06118,0592,せり　茎葉　ゆで,15,71,17,93.6,(1.9),2.1,(0.1),(0),0.1,-,,-,0.8,*,2.8,-,3.4,-,0.8,8,190,38,19,40,1.3,0.2,0.10,1.30,-,-,-,-,(0),0,1700,19,1700,150,(0),0.6,0.1,1.0,0,160,0.02,0.06,0.6,(1.1),0.07,(0),61,0.32,-,10,-,0,別名： かわな\n根を除いたもの\n廃棄部位： 株元\nゆでた後水冷し、手搾りしたもの\n硝酸イオン： 0 g,"{""baseName"":""せり"",""part"":""茎葉"",""state"":""ゆで""}",茹でたせりは葉茎の緑葉野菜で食物繊維やビタミンがあり犬のレシピ素材として適している,8
06,06119,0593,セロリ　葉柄　生,35,49,12,94.7,0.4,0.4,0.1,(0),0.1,1.4,*,1.3,1.1,,1.5,1.0,3.6,Tr,1.0,28,410,39,9,39,0.2,0.2,0.03,0.11,1,0,0,2,(0),0,44,0,44,4,(0),0.2,0,0,0,10,0.03,0.03,Tr,0.1,0.08,(0),29,0.26,1.2,7,-,0.1,別名： セロリー、セルリー、オランダみつば\n廃棄部位： 株元、葉身及び表皮\n硝酸イオン： 0.2 g,"{""baseName"":""セロリ"",""part"":""葉柄"",""state"":""生""}",セロリの葉柄は低カロリーで食物繊維が豊富な野菜として犬のレシピ素材に適している,7
06,06125,0599,そらまめ　未熟豆　ゆで,25,435,103,71.3,(7.8),10.5,(0.1),(0),0.2,(13.7),,(12.5),15.7,*,4.0,-,16.9,-,1.1,4,390,22,38,230,2.1,1.9,0.33,0.38,-,-,-,-,(0),0,210,0,210,18,(0),Tr,0,1.2,0,19,0.22,0.18,1.2,(2.5),0.13,(0),120,0.39,-,18,-,0,廃棄部位： 種皮\n廃棄率： さや入りの場合 80 %\n硝酸イオン： (0) g,"{""baseName"":""そらまめ"",""variety"":""未熟豆"",""state"":""ゆで""}",ゆでたそらまめは加熱済みの豆類で繊維や蛋白源として利用可能だが、さやや不溶性部位は除く必要がある。,8
06,06126,0600,タアサイ　葉　生,6,48,12,94.3,(1.1),1.3,(0.1),(0),0.2,-,,-,0.6,*,1.9,-,2.2,-,1.3,29,430,120,23,46,0.7,0.5,0.05,0.38,-,-,-,-,(0),0,2200,27,2200,180,(0),1.5,0,Tr,0,220,0.05,0.09,0.9,(1.4),0.12,(0),65,0.19,-,31,-,0.1,別名： ひさごな、ゆきな、タァサイ、ターサイ、ターツァイ、きさらぎな\n廃棄部位： 株元\n硝酸イオン： 0.7 g,"{""baseName"":""タアサイ"",""part"":""葉"",""state"":""生""}",タアサイは葉物野菜でビタミン・食物繊維の供給源として犬のレシピに使用できる。,8
06,06127,0601,タアサイ　葉　ゆで,6,44,11,95.0,(0.9),1.1,(0.1),(0),0.2,-,,-,0.5,*,2.1,-,2.3,-,0.9,23,320,110,18,43,0.6,0.4,0.04,0.32,-,-,-,-,(0),0,2400,32,2400,200,(0),1.7,Tr,Tr,0,230,0.02,0.03,0.4,(0.8),0.05,(0),42,0.09,-,14,-,0.1,別名： ひさごな、ゆきな、タァサイ、ターサイ、ターツァイ、きさらぎな\n廃棄部位： 株元\nゆでた後水冷し、手搾りしたもの\n硝酸イオン： 0.5 g,"{""baseName"":""タアサイ"",""part"":""葉"",""state"":""ゆで""}",タアサイの葉（ゆで）は安全な葉物野菜で、犬のレシピ素材として適している,9
06,06128,0602,（だいこん類）　かいわれだいこん　芽ばえ　生,0,88,21,93.4,(1.8),2.1,(0.2),(0),0.5,-,,-,2.0,*,1.9,-,3.3,-,0.6,5,99,54,33,61,0.5,0.3,0.03,0.35,12,0,0,6,(0),0,1900,0,1900,160,(0),2.1,0.1,0.5,0,200,0.08,0.13,1.3,(2.0),0.23,(0),96,0.29,5.6,47,-,0,別名： かいわれ\n茎基部約1 cmを除去したもの\n硝酸イオン： 0.1 g,"{""baseName"":""かいわれだいこん"",""part"":""芽ばえ"",""state"":""生"",""notes"":[""だいこん類""]}",かいわれ大根は野菜でビタミンや食物繊維があり犬に与えやすい素材。,8
06,06129,0603,（だいこん類）　葉だいこん　葉　生,20,71,17,92.6,(1.7),2.0,(0.1),(0),0.2,(1.1),*,(1.1),1.1,,2.6,-,3.3,-,1.5,41,340,170,25,43,1.4,0.4,0.05,0.23,-,-,-,-,(0),0,2300,15,2300,190,(0),1.5,Tr,0,0,220,0.07,0.15,0.5,(1.2),0.22,(0),130,0.39,-,49,-,0.1,試料： 水耕栽培品\n廃棄部位： 株元及び根\n硝酸イオン： 0.4 g,"{""baseName"":""葉だいこん"",""part"":""葉"",""state"":""生"",""notes"":[""だいこん類""]}",大根の葉はビタミン・ミネラル源として利用可能な葉物野菜で犬に適している,8
06,06130,0604,（だいこん類）　だいこん　葉　生,10,94,23,90.6,1.9,2.2,Tr,(0),0.1,1.4,,1.4,1.6,*,4.0,-,5.3,-,1.6,48,400,260,22,52,3.1,0.3,0.04,0.27,-,-,-,-,(0),0,3900,0,3900,330,(0),3.8,0,0.1,0,270,0.09,0.16,0.5,1.3,0.18,(0),140,0.26,-,53,-,0.1,廃棄部位： 葉柄基部\n硝酸イオン： 0.2 g,"{""baseName"":""だいこん"",""part"":""葉"",""state"":""生"",""notes"":[""だいこん類""]}",生の大根葉は葉物野菜としてビタミンや繊維が豊富で犬のレシピ素材として適している。,8
06,06131,0605,（だいこん類）　だいこん　葉　ゆで,0,99,24,91.3,(1.9),2.2,(Tr),(0),0.1,(1.3),,(1.3),2.2,*,3.6,-,5.4,-,0.9,28,180,220,22,62,2.2,0.2,0.03,0.25,-,-,-,-,(0),0,4400,0,4400,370,(0),4.9,0,0,0,340,0.01,0.06,0.1,(0.9),0.10,(0),54,0.11,-,21,-,0.1,葉柄基部を除いたもの\nゆでた後水冷し、手搾りしたもの\n硝酸イオン： 0.1 g,"{""baseName"":""だいこん"",""part"":""葉"",""state"":""ゆで"",""notes"":[""だいこん類""]}",大根の葉（ゆで）はビタミンや食物繊維の供給源で加熱済みのため安全に使える。,8
06,06132,0606,（だいこん類）　だいこん　根　皮つき　生,10,62,15,94.6,0.4,0.5,Tr,0,0.1,2.7,*,2.6,2.9,,1.4,-,4.1,-,0.6,19,230,24,10,18,0.2,0.2,0.02,0.04,3,1,0,3,(0),0,0,0,0,(0),(0),0,0,0,0,Tr,0.02,0.01,0.3,0.4,0.04,(0),34,0.12,0.3,12,-,0,廃棄部位： 根端及び葉柄基部\n硝酸イオン： 0.1 g,"{""baseName"":""だいこん"",""part"":""根"",""formModifiers"":[""皮つき""],""state"":""生"",""notes"":[""だいこん類""]}",生の大根は低カロリーで消化しやすく犬に安全な野菜素材。,8
06,06133,0607,（だいこん類）　だいこん　根　皮つき　ゆで,0,62,15,94.4,(0.3),0.4,-,(0),Tr,(2.8),*,(2.7),3.0,,1.6,-,4.5,-,0.5,14,210,24,9,18,0.2,0.2,0.02,0.05,-,-,-,-,(0),0,0,0,0,(0),(0),0,0,0,0,0,0.02,0.01,0.2,(0.3),0.03,(0),38,0.10,-,9,-,0,根端及び葉柄基部を除いたもの\n硝酸イオン： 0.2 g,"{""baseName"":""だいこん"",""part"":""根"",""formModifiers"":[""皮つき""],""state"":""ゆで"",""notes"":[""だいこん類""]}",ゆでた大根は消化に良い根菜で犬用素材として適する。,9
06,06134,0608,（だいこん類）　だいこん　根　皮なし　生,15,63,15,94.6,0.3,0.4,(Tr),0,0.1,2.9,*,2.8,3.0,,1.3,-,4.1,-,0.6,17,230,23,10,17,0.2,0.1,0.02,0.04,3,1,0,2,(0),0,0,0,0,(0),(0),0,0,0,0,Tr,0.02,0.01,0.2,0.3,0.05,(0),33,0.11,0.3,11,-,0,廃棄部位： 根端、葉柄基部及び皮\n硝酸イオン： 0.2 g,"{""baseName"":""だいこん"",""part"":""根"",""formModifiers"":[""皮なし""],""state"":""生"",""notes"":[""だいこん類""]}",生の大根は消化しやすい野菜で犬の素材として適している。,8
06,06367,0609,（だいこん類）　だいこん　根　皮なし　生　おろし,0,106,25,90.5,(0.5),0.6,-,(0),0.2,-,,-,3.0,*,5.1,-,8.0,-,0.6,30,190,63,23,19,0.3,0.3,0.02,0.06,1,Tr,(0),2,(0),(0),(0),(0),(0),(0),(0),(0),(0),(0),(0),0,0.02,0.01,0.2,(0.3),0.04,(0),23,0.07,0.4,7,-,0.1,全体に対する割合18 %\n硝酸イオン： 0.2 g,"{""baseName"":""だいこん"",""variety"":""おろし"",""part"":""根"",""formModifiers"":[""皮なし""],""state"":""生"",""notes"":[""だいこん類""]}",大根おろしは消化を助ける野菜で犬のレシピ素材として適している,8
06,06368,0610,（だいこん類）　だいこん　根　皮なし　生　おろし汁,0,51,12,96.5,(0.2),0.3,-,(0),Tr,-,,-,2.7,*,0.1,-,2.7,-,0.4,21,140,14,9,13,0.1,0.1,0.01,0.01,3,0,(0),1,(0),(0),(0),(0),(0),(0),(0),(0),(0),(0),(0),0,0.02,0.01,0.1,(0.2),0.03,(0),21,0.07,0.2,7,-,0.1,全体に対する割合82 %\n硝酸イオン： 0.2 g,"{""baseName"":""だいこん"",""variety"":""おろし汁"",""part"":""根"",""formModifiers"":[""皮なし""],""state"":""生"",""notes"":[""だいこん類""]}",大根（おろし汁）は消化に良い野菜原料で犬の素材として適切,9
06,06369,0611,（だいこん類）　だいこん　根　皮なし　生　おろし水洗い,0,94,23,91.4,(0.4),0.6,-,(0),0.1,-,,-,2.6,*,4.7,-,7.2,-,0.6,25,170,57,21,16,0.2,0.2,0.01,0.06,1,Tr,(0),2,(0),(0),(0),(0),(0),(0),(0),(0),(0),(0),(0),0,0.02,0.01,0.1,(0.2),0.03,(0),19,0.05,0.4,6,-,0.1,全体に対する割合20 %\n硝酸イオン： 0.2 g,"{""baseName"":""だいこん"",""variety"":""おろし水洗い"",""part"":""根"",""formModifiers"":[""皮なし""],""state"":""生"",""notes"":[""だいこん類""]}",大根は消化しやすい野菜でレシピ素材として適切,9
06,06135,0612,（だいこん類）　だいこん　根　皮なし　ゆで,0,62,15,94.8,(0.4),0.5,(Tr),(0),0.1,2.5,*,2.5,2.5,,1.7,-,4.0,-,0.5,12,210,25,10,14,0.2,0.1,0.01,0.05,3,1,0,2,(0),0,0,0,0,(0),(0),0,0,0,0,0,0.02,0.01,0.2,(0.3),0.04,(0),33,0.08,0.3,9,-,0,根端、葉柄基部及び皮を除いたもの\n硝酸イオン： 0.1 g,"{""baseName"":""だいこん"",""part"":""根"",""formModifiers"":[""皮なし""],""state"":""ゆで"",""notes"":[""だいこん類""]}",ゆで大根は消化しやすい野菜でレシピに使いやすい,9
06,06136,0613,（だいこん類）　切干しだいこん　乾,0,1178,280,8.4,(7.3),9.7,(0.3),(0),0.8,-,,-,51.3,*,21.3,-,69.7,-,8.5,210,3500,500,160,220,3.1,2.1,0.13,0.74,20,2,3,29,(0),0,2,0,2,0,(0),0,0,0,0,Tr,0.35,0.20,4.6,(6.1),0.29,(0),210,1.24,5.9,28,-,0.5,硝酸イオン： 2.9 g,"{""baseName"":""切干しだいこん"",""state"":""乾"",""notes"":[""だいこん類""]}",切干しだいこんは乾燥野菜で食物繊維が豊富、犬の素材として適切。,8
06,06334,0614,（だいこん類）　切干しだいこん　ゆで,0,54,13,94.6,(0.7),0.9,(Tr),(0),0.1,-,,-,0.7,*,3.7,-,4.1,-,0.3,4,62,60,14,10,0.4,0.2,0.02,0.08,-,-,-,-,(0),0,0,0,0,0,(0),0,0,0,0,0,0.01,Tr,0.1,(0.2),0.01,(0),7,0.04,-,0,-,0,水もどし後、ゆでた後湯切りしたもの\n硝酸イオン： Tr,"{""baseName"":""切干しだいこん"",""state"":""ゆで"",""notes"":[""だいこん類""]}",切干しだいこん（ゆで）は食物繊維が豊富で消化に適した野菜素材として利用可能。,8
06,06144,0624,（たいさい類）　つまみな　葉　生,0,80,19,92.3,(1.7),1.9,0.1,(0),0.3,-,,-,1.7,*,2.3,-,3.6,-,1.6,22,450,210,30,55,3.3,0.4,0.07,0.22,-,-,-,-,(0),0,1900,-,1900,160,(0),1.4,0.1,0.1,0,270,0.06,0.14,1.0,(1.7),0.10,(0),65,0.33,-,47,-,0.1,試料： 若採りせっぱくたいさい（雪白体菜）\n硝酸イオン： 0.3 g,"{""baseName"":""つまみな"",""part"":""葉"",""state"":""生"",""notes"":[""たいさい類""]}",つまみな（葉）は葉物野菜として消化に良く犬のレシピ素材として適切,8
06,06145,0625,（たいさい類）　たいさい　葉　生,0,63,15,93.7,(0.8),0.9,(Tr),(0),0.1,-,,-,2.1,*,1.6,-,3.5,-,1.2,38,340,79,22,49,1.1,0.7,0.03,0.76,-,-,-,-,(0),0,1500,17,1500,130,(0),0.9,Tr,0,0,110,0.07,0.07,0.5,(0.8),0.08,(0),120,0.14,-,45,-,0.1,別名： しゃくしな\n硝酸イオン： 0.6 g,"{""baseName"":""たいさい"",""part"":""葉"",""state"":""生"",""notes"":[""たいさい類""]}",大白菜の葉はビタミンや食物繊維が豊富で犬のレシピ素材として適している。,8
06,06147,0627,たかな　葉　生,8,87,21,92.7,(1.5),1.8,-,(0),0.2,-,,-,2.0,*,2.5,-,4.2,-,0.9,43,300,87,16,35,1.7,0.3,0.04,0.24,2,Tr,4,4,(0),0,2300,0,2300,190,(0),0.8,0,0.1,0,120,0.06,0.10,0.4,(0.9),0.16,(0),180,0.27,2.1,69,-,0.1,廃棄部位： 株元\n硝酸イオン： 0.2 g,"{""baseName"":""たかな"",""part"":""葉"",""state"":""生""}",たかなの葉は葉野菜としてビタミンや食物繊維があり素材に適する,8
06,06149,0629,たけのこ　若茎　生,50,114,27,90.8,2.5,3.6,(0.1),(0),0.2,1.4,,1.4,2.5,*,2.8,-,4.3,0.1,1.1,Tr,520,16,13,62,0.4,1.3,0.13,0.68,4,1,0,2,(0),0,11,0,11,1,(0),0.7,0,0.3,0,2,0.05,0.11,0.7,1.2,0.13,(0),63,0.63,0.8,10,-,0,廃棄部位： 竹皮及び基部\n廃棄率： はちく、まだけ等の小型の場合 60 %\n硝酸イオン： Tr,"{""baseName"":""たけのこ"",""part"":""若茎"",""state"":""生""}",たけのこは野菜として利用できるが調理して与えるのが一般的で素材として使用可能,7
06,06150,0630,たけのこ　若茎　ゆで,0,129,31,89.9,(2.4),3.5,(0.1),0,0.2,(1.6),,(1.5),3.2,*,3.3,-,5.5,0.1,0.9,1,470,17,11,60,0.4,1.2,0.13,0.55,-,-,-,-,(0),0,12,0,12,1,0,1.0,0,0.6,0,2,0.04,0.09,0.6,(1.1),0.06,(0),63,0.63,-,8,-,0,竹皮及び基部を除いたもの\n硝酸イオン： (Tr),"{""baseName"":""たけのこ"",""part"":""若茎"",""state"":""ゆで""}",ゆでたたけのこは加熱済みで与えやすく、野菜素材として利用可能,8
06,06151,0631,たけのこ　水煮缶詰,0,91,22,92.8,(1.9),2.7,(0.1),(0),0.2,(2.3),*,(2.2),2.6,,2.3,-,4.0,-,0.3,3,77,19,4,38,0.3,0.4,0.04,0.68,0,0,1,0,(0),0,0,0,0,(0),(0),1.0,0,0.8,0,1,0.01,0.04,0.1,(0.5),0.02,(0),36,0.10,0.8,0,-,0,液汁を除いたもの\n硝酸イオン： 0 g,"{""baseName"":""たけのこ"",""state"":""水煮缶詰""}",たけのこ水煮は加熱済みで消化しやすく、犬の素材として問題なく使える,8
06,06157,0640,たらのめ　若芽　生,30,114,27,90.2,-,4.2,-,(0),0.2,-,,-,0.1,*,4.2,-,4.3,-,1.1,1,460,16,33,120,0.9,0.8,0.35,0.47,0,1,0,1,(0),0,570,0,570,48,(0),2.4,0.1,1.6,0.2,99,0.15,0.20,2.5,3.2,0.22,(0),160,0.53,6.7,7,-,0,廃棄部位： 木質部及びりん片\n硝酸イオン： 0 g,"{""baseName"":""たらのめ"",""part"":""若芽"",""state"":""生""}",たらのめは山菜として風味があり利用できるが生のままは消化性に配慮が必要,7
06,06158,0641,たらのめ　若芽　ゆで,0,113,27,90.8,-,4.0,-,(0),0.2,-,,-,0.5,*,3.6,-,4.1,-,0.9,1,260,19,28,92,0.9,0.7,0.30,0.44,-,-,-,-,(0),0,600,6,600,50,(0),2.0,0.1,1.2,0.1,97,0.07,0.11,1.3,2.0,0.11,(0),83,0.23,-,3,-,0,木質部及びりん片を除いたもの\nゆでた後水冷し、手搾りしたもの\n硝酸イオン： 0 g,"{""baseName"":""たらのめ"",""part"":""若芽"",""state"":""ゆで""}",たらのめ（ゆで）は山菜の調理済み素材で風味付けや食感の要素として利用可能,7
06,06159,0642,チコリ　若芽　生,15,73,17,94.7,(0.8),1.0,-,(0),Tr,(0.8),,(0.8),3.0,*,1.1,-,3.9,-,0.4,3,170,24,9,25,0.2,0.2,0.05,0.07,1,0,1,1,(0),0,11,0,11,1,(0),0.2,0,0.1,0,8,0.06,0.02,0.2,(0.4),0.03,(0),41,0.14,1.1,2,-,0,別名： きくにがな、アンディーブ、チコリー\n廃棄部位： 株元及びしん\n硝酸イオン： Tr,"{""baseName"":""チコリ"",""part"":""若芽"",""state"":""生""}",チコリの若芽は食物繊維を含む安全な葉菜で適量であれば利用可能。,8
06,06376,0643,ちぢみゆきな　葉　生,15,147,35,88.1,(3.2),3.6,-,(0),0.6,-,,-,2.2,*,3.9,-,5.7,0,1.7,18,570,180,30,88,3.0,0.9,0.09,0.41,-,-,-,-,(0),12,4200,28,4300,350,(0),-,-,-,-,390,0.09,0.21,1.6,(2.9),-,(0),180,0.29,-,69,-,0,廃棄部位： 株元\n硝酸イオン： 0.2 g,"{""baseName"":""ちぢみゆきな"",""part"":""葉"",""state"":""生""}",葉物野菜で繊維やビタミン源。レシピ素材として適切,8
06,06377,0644,ちぢみゆきな　葉　ゆで,15,141,34,89.1,(3.3),3.8,-,(0),0.7,-,,-,1.4,*,4.3,-,5.2,0,1.0,15,320,130,21,82,1.4,0.7,0.09,0.32,-,-,-,-,(0),14,5900,40,5900,500,(0),-,-,-,-,500,0.06,0.12,0.7,(2.1),-,(0),120,0.27,-,39,-,0,廃棄部位： 株元\nゆでた後水冷し、手搾りしたもの\n硝酸イオン： 0.2 g,"{""baseName"":""ちぢみゆきな"",""part"":""葉"",""state"":""ゆで""}",ゆでた葉物野菜で消化に良く素材として適している,8
06,06160,0645,チンゲンサイ　葉　生,15,36,9,96.0,0.7,0.6,(0.1),(0),0.1,0.4,,0.4,0.7,*,1.2,-,2.0,0.1,0.8,32,260,100,16,27,1.1,0.3,0.07,0.12,Tr,1,1,7,(0),0,2000,3,2000,170,(0),0.7,0,0,0,84,0.03,0.07,0.3,0.6,0.08,(0),66,0.17,1.3,24,-,0.1,廃棄部位： しん\n硝酸イオン： 0.5 g,"{""baseName"":""チンゲンサイ"",""part"":""葉"",""state"":""生""}",チンゲンサイの葉は野菜として適し、加熱やみじん切りで与えやすい。,8
06,06161,0646,チンゲンサイ　葉　ゆで,20,45,11,95.3,(1.0),0.9,(0.1),(0),0.1,(0.5),,(0.5),0.7,*,1.5,-,2.4,0.1,0.8,28,250,120,17,27,0.7,0.2,0.06,0.17,-,-,-,-,(0),0,2600,-,2600,220,(0),0.9,0,0,0,120,0.03,0.05,0.3,(0.7),0.04,(0),53,0.12,-,15,-,0.1,廃棄部位： しん\nゆでた後水冷し、手搾りしたもの\n硝酸イオン： 0.5 g,"{""baseName"":""チンゲンサイ"",""part"":""葉"",""state"":""ゆで""}",ゆでた青菜でビタミン・葉野菜として適切（茎や硬い部分は除去前提）,9
06,06338,0647,チンゲンサイ　葉　油いため,0,149,36,92.6,(0.8),0.8,(3.1),0,3.2,(0.5),*,(0.5),0.7,,1.4,-,2.2,0.1,0.7,31,230,92,16,27,0.9,0.3,0.07,0.12,-,-,-,-,(0),0,3000,5,3000,250,(0),1.4,0,1.0,Tr,110,0.03,0.06,0.3,(0.6),0.05,(0),62,0.12,-,21,-,0.1,しんを除いたもの\n植物油（なたね油）\n調理による脂質の増減：第1章表14参照\n硝酸イオン： 0.5 g,"{""baseName"":""チンゲンサイ"",""part"":""葉"",""state"":""油いため""}",チンゲンサイの葉の油炒めは葉物野菜として使いやすく問題ないが油分に留意。,8
06,06163,0649,つくし　胞子茎　ゆで,0,115,28,88.9,-,3.4,-,(0),0.1,-,,-,0,*,6.7,-,6.7,-,0.9,4,340,58,26,82,1.1,1.0,0.16,0.18,-,-,-,-,(0),56,1100,50,1200,96,(0),3.6,0.1,0,0.1,17,Tr,0.10,1.1,1.7,0.21,(0),74,0.48,-,15,-,0,基部及びはかま（葉鞘）を除いたもの\nゆでた後水冷し、手搾りしたもの,"{""baseName"":""つくし"",""part"":""胞子茎"",""state"":""ゆで""}",茹でて調理済みの山菜系素材で消化にやさしく使用可能,7
06,06164,0650,つるな　茎葉　生,0,61,15,93.8,-,1.8,-,(0),0.1,-,,-,0.5,*,2.3,-,2.8,-,1.3,5,300,48,35,75,3.0,0.5,0.06,0.81,-,-,-,-,(0),0,2700,0,2700,230,(0),1.3,Tr,0,0,310,0.08,0.30,1.0,1.3,0.13,(0),90,0.46,-,22,-,0,別名： はまぢしゃ\n硝酸イオン： 0.2 g,"{""baseName"":""つるな"",""part"":""茎葉"",""state"":""生""}",つるな（茎葉）は野菜として安全に利用できる栄養源である,8
06,06390,0651,つるにんじん　根　生,0,225,55,77.7,-,1.0,-,-,0.7,-,,-,2.7,*,17.1,-,19.8,-,0.8,2,190,61,33,75,5.9,0.5,0.11,0.40,2,1,16,7,0,0,13,2,14,1,0,3.6,0.1,Tr,0,0,0.06,0.05,0.5,0.6,0.41,-,16,0.28,1.5,6,-,0,硝酸イオン： 0 g\n食物繊維：AOAC2011.25法,"{""baseName"":""つるにんじん"",""part"":""根"",""state"":""生""}",つるにんじんの根は野菜の根菜として安全で繊維や栄養が期待できる素材,8
06,06165,0652,つるむらさき　茎葉　生,0,44,11,95.1,(0.5),0.7,-,(0),0.2,-,,-,0.6,*,2.2,-,2.6,-,1.1,9,210,150,67,28,0.5,0.4,0.05,0.29,-,-,-,-,(0),210,2900,74,3000,250,(0),1.1,Tr,0.2,0,350,0.03,0.07,0.3,(0.5),0.09,(0),78,0.21,-,41,-,0,硝酸イオン： 0.3 g,"{""baseName"":""つるむらさき"",""part"":""茎葉"",""state"":""生""}",つるむらさきは葉茎の緑黄色野菜でビタミンやミネラルの供給源として適する。,8
06,06166,0653,つるむらさき　茎葉　ゆで,0,49,12,94.5,(0.7),0.9,-,(0),0.2,-,,-,0.3,*,3.1,-,3.2,-,0.9,7,150,180,41,24,0.4,0.4,0.07,0.32,-,-,-,-,(0),260,3200,88,3400,280,(0),1.3,0,0.2,0,350,0.02,0.05,0.2,(0.5),0.04,(0),51,0.15,-,18,-,0,ゆでた後水冷し、手搾りしたもの\n硝酸イオン： 0.3 g,"{""baseName"":""つるむらさき"",""part"":""茎葉"",""state"":""ゆで""}",茹でたつるむらさきは消化に良く栄養価もある安全な葉茎野菜です。,9
06,06173,0660,とうがん　果実　生,30,65,15,95.2,(0.3),0.5,(0.1),(0),0.1,-,,-,2.7,*,1.3,-,3.8,-,0.4,1,200,19,7,18,0.2,0.1,0.02,0.02,7,0,0,4,(0),0,(0),0,(0),(0),(0),0.1,0,0,0,1,0.01,0.01,0.4,(0.5),0.03,(0),26,0.21,0.2,39,-,0,別名： かもうり\n廃棄部位： 果皮、わた及びへた,"{""baseName"":""とうがん"",""part"":""果実"",""state"":""生""}",冬瓜は低カロリーで消化性の良い野菜で、犬のレシピ素材として適している。,8
06,06174,0661,とうがん　果実　ゆで,0,63,15,95.3,(0.4),0.6,(0.1),(0),0.1,-,,-,2.4,*,1.5,-,3.7,-,0.3,1,200,22,7,19,0.3,0.1,0.01,0.02,-,-,-,-,(0),0,(0),0,(0),(0),(0),0.1,0,0,0,Tr,0.01,0.01,0.4,(0.5),0.03,(0),25,0.20,-,27,-,0,別名： かもうり\n果皮、わた及びへたを除いたもの,"{""baseName"":""とうがん"",""part"":""果実"",""state"":""ゆで""}",とうがん（ゆで）は水分が多く低カロリーで消化しやすい野菜素材であるため,8
06,06175,0662,（とうもろこし類）　スイートコーン　未熟種子　生,50,375,89,77.1,2.7,3.6,1.3,0,1.7,12.5,,12.0,14.8,*,3.0,-,16.8,0.2,0.8,Tr,290,3,37,100,0.8,1.0,0.10,0.32,0,Tr,1,6,0,9,22,54,53,4,(0),0.3,Tr,1.0,Tr,1,0.15,0.10,2.3,2.8,0.14,(0),95,0.58,5.4,8,-,0,廃棄部位： 包葉、めしべ及び穂軸\n硝酸イオン： 0 g,"{""baseName"":""スイートコーン"",""variety"":""未熟種子"",""state"":""生"",""notes"":[""とうもろこし類""]}",生のスイートコーンは食物繊維と炭水化物の供給源として使えるが粒のままだと消化に配慮する必要がある。,8
06,06176,0663,（とうもろこし類）　スイートコーン　未熟種子　ゆで,30,402,95,75.4,(2.6),3.5,(1.3),(0),1.7,(13.5),,(12.8),16.6,*,3.1,-,18.6,0.2,0.8,Tr,290,5,38,100,0.8,1.0,0.10,0.31,-,-,-,-,0,7,20,53,49,4,(0),0.3,0,0.9,0.1,0,0.12,0.10,2.2,(2.7),0.12,(0),86,0.51,-,6,-,0,包葉及びめしべを除いたもの\n廃棄部位： 穂軸\n硝酸イオン： 0 g,"{""baseName"":""スイートコーン"",""variety"":""未熟種子"",""state"":""ゆで"",""notes"":[""とうもろこし類""]}",茹でたスイートコーンの未熟種子は消化可能な炭水化物源として犬に利用できる。,8
06,06339,0664,（とうもろこし類）　スイートコーン　未熟種子　電子レンジ調理,30,436,104,73.5,(3.1),4.2,(1.7),(0),2.2,(14.5),,(13.8),17.1,*,3.4,-,19.1,0.2,1.0,0,330,3,42,120,0.9,1.1,0.10,0.32,-,-,-,-,(0),11,23,63,59,5,(0),0.3,0,1.2,0,0,0.16,0.11,2.4,(3.0),0.14,(0),97,0.67,-,6,-,0,廃棄部位： 穂軸\n硝酸イオン： 0 g,"{""baseName"":""スイートコーン"",""variety"":""未熟種子"",""state"":""電子レンジ調理"",""notes"":[""とうもろこし類""]}",加熱したスイートコーンは消化可能な炭水化物で犬に使える,8
06,06177,0665,（とうもろこし類）　スイートコーン　未熟種子　穂軸つき　冷凍,40,404,96,75.6,(3.1),3.5,1.4,(0),1.5,(13.4),,(12.7),16.3,*,2.8,-,18.7,0.2,0.7,1,230,4,33,90,0.6,1.0,0.08,0.22,-,-,-,-,(0),31,36,60,82,7,(0),0.1,0,0.6,0,Tr,0.12,0.09,2.2,(2.6),0.10,(0),77,0.49,-,6,-,0,廃棄部位： 穂軸\n硝酸イオン： 0 g,"{""baseName"":""スイートコーン"",""variety"":""未熟種子 穂軸つき"",""state"":""冷凍"",""notes"":[""とうもろこし類""]}",スイートコーン（未熟種子）は一般に犬に安全で使いやすい穀物性素材である。,8
06,06178,0666,（とうもろこし類）　スイートコーン　未熟種子　カーネル　冷凍,0,386,91,75.5,2.4,2.9,1.1,(0),1.3,16.8,*,15.5,15.6,,4.8,-,19.8,0.1,0.6,1,230,3,23,79,0.3,0.5,0.04,0.10,0,1,Tr,5,(0),24,39,48,75,6,(0),0.1,0,0.4,0,0,0.10,0.07,1.8,2.2,0.09,0,57,0.41,3.1,4,-,0,穂軸を除いた実（尖帽を除いた種子）のみ\n硝酸イオン： 0 g\n食物繊維：AOAC2011.25法,"{""baseName"":""スイートコーン"",""variety"":""未熟種子 カーネル"",""state"":""冷凍"",""notes"":[""とうもろこし類""]}",冷凍カーネルのスイートコーンも同様に犬のレシピ素材として利用可能である。,8
06,06378,0667,（とうもろこし類）　スイートコーン　未熟種子　カーネル　冷凍　ゆで,0,387,92,76.5,2.4,2.8,1.2,(0),1.5,15.9,*,14.6,13.0,,6.2,-,18.7,0.1,0.5,1,200,3,22,72,0.2,0.4,0.03,0.10,0,1,0,4,(0),22,36,46,70,6,(0),0.1,0,0.4,0,0,0.08,0.06,1.6,2.0,0.08,0,48,0.33,2.9,2,-,0,穂軸を除いた実（尖帽を除いた種子）のみ\n硝酸イオン： 0 g\n食物繊維：AOAC2011.25法,"{""baseName"":""スイートコーン"",""variety"":""未熟種子 カーネル"",""state"":""ゆで"",""notes"":[""とうもろこし類""]}",ゆでたスイートコーンの実は安全な野菜性の炭水化物・食物繊維源で使用可能,8
06,06379,0668,（とうもろこし類）　スイートコーン　未熟種子　カーネル　冷凍　油いため,0,523,125,71.8,2.4,2.9,5.0,Tr,5.8,16.4,*,15.2,15.4,,4.7,-,18.9,0.1,0.6,1,230,3,23,78,0.3,0.5,0.04,0.10,0,1,Tr,5,(0),24,38,47,74,6,(0),0.8,Tr,1.5,Tr,6,0.10,0.07,1.9,2.3,0.09,0,56,0.37,3.3,3,-,0,穂軸を除いた実（尖帽を除いた種子）のみ\n植物油（なたね油）\n調理による脂質の増減：第1章表14参照\n硝酸イオン： 0 g\n食物繊維：AOAC2011.25法,"{""baseName"":""スイートコーン"",""variety"":""未熟種子 カーネル"",""state"":""油いため"",""notes"":[""とうもろこし類""]}",スイートコーンは犬に与えて問題の少ないでんぷん源で、加熱済みで消化しやすい。,8
06,06180,0670,（とうもろこし類）　スイートコーン　缶詰　ホールカーネルスタイル,0,330,78,78.4,(2.2),2.3,(0.5),(0),0.5,(13.9),,(13.0),14.7,*,3.3,-,17.8,-,1.0,210,130,2,13,40,0.4,0.6,0.04,0.06,-,-,-,-,(0),19,19,67,62,5,(0),0.1,0,0.2,0,Tr,0.03,0.05,0.8,(1.2),0.05,(0),18,0.19,-,2,-,0.5,液汁を除いたもの\n硝酸イオン： (0) g,"{""baseName"":""スイートコーン"",""variety"":""ホールカーネルスタイル"",""state"":""缶詰"",""notes"":[""とうもろこし類""]}",ホールカーネルのスイートコーン（缶詰）は炭水化物源として利用可能,7
06,06181,0671,（とうもろこし類）　ヤングコーン　幼雌穂　生,0,124,29,90.9,(1.7),2.3,(0.2),(0),0.2,(4.2),*,(4.1),3.9,,2.7,-,6.0,-,0.6,0,230,19,25,63,0.4,0.8,0.09,0.60,-,-,-,-,(0),0,33,4,35,3,(0),0.4,0,0.4,0,1,0.09,0.11,0.9,(1.2),0.16,(0),110,0.40,-,9,-,0,別名： ベビーコーン、ミニコーン\n穂軸基部を除いたもの\n廃棄率： 穂軸基部つきの場合10%\n硝酸イオン： 0 g,"{""baseName"":""ヤングコーン"",""variety"":""幼雌穂"",""state"":""生"",""notes"":[""とうもろこし類""]}",ヤングコーンは安全な野菜素材で犬のレシピに利用可能,8
06,06182,0672,（トマト類）　赤色トマト　果実　生,3,83,20,94.0,0.5,0.7,0.1,0,0.1,3.1,,3.1,3.5,*,1.0,0,4.7,0.4,0.5,3,210,7,9,26,0.2,0.1,0.04,0.08,Tr,1,Tr,2,(0),4,540,0,540,45,(0),0.9,Tr,0.2,0,4,0.05,0.02,0.7,0.8,0.08,(0),22,0.17,2.3,15,-,0,廃棄部位： へた\n硝酸イオン： 0 g,"{""baseName"":""赤色トマト"",""part"":""果実"",""state"":""生"",""notes"":[""トマト類""]}",完熟のトマト果実は一般に犬に与えて問題ない果物・野菜素材。,8
06,06183,0673,（トマト類）　赤色ミニトマト　果実　生,2,127,30,91.0,(0.8),1.1,(0.1),(0),0.1,4.6,,4.5,5.6,*,1.4,-,7.2,0.6,0.6,4,290,12,13,29,0.4,0.2,0.06,0.10,4,Tr,0,4,(0),4,960,0,960,80,(0),0.9,Tr,0.5,0,7,0.07,0.05,0.8,(0.9),0.11,(0),35,0.17,3.6,32,-,0,別名： プチトマト、チェリートマト\n廃棄部位： へた\n硝酸イオン： 0 g\n,"{""baseName"":""赤色ミニトマト"",""part"":""果実"",""state"":""生"",""notes"":[""トマト類""]}",赤色ミニトマトの果実は適量で安全な野菜果実だが、へた等は除去する。,8
06,06391,0674,（トマト類）　黄色トマト　果実　生,0,75,18,94.7,(0.8),1.1,-,-,0.4,-,,-,2.2,*,1.3,-,3.2,-,0.7,2,310,6,10,35,0.3,0.2,0.04,0.10,2,0,0,7,-,3,110,0,110,9,-,1.2,Tr,0.6,Tr,7,0.08,0.03,1.0,(1.1),0.07,-,29,0.14,3.1,28,-,0,廃棄部位： へた\n硝酸イオン： 0 g\n食物繊維：AOAC2011.25法,"{""baseName"":""黄色トマト"",""part"":""果実"",""state"":""生"",""notes"":[""トマト類""]}",トマト果実（黄色）は通常安全で犬のレシピ素材として適している（へた・茎は除去）。,8
06,06370,0675,（トマト類）　ドライトマト,0,1222,291,9.5,9.3,14.2,1.1,(0),2.1,29.2,,29.2,47.8,*,21.7,-,67.3,3.6,6.9,120,3200,110,180,300,4.2,1.9,0.82,1.22,4,16,11,29,(0),17,2600,0,2600,220,(0),18.0,0.4,1.8,Tr,31,0.68,0.30,13.0,14.0,0.95,(0),120,1.08,43.0,15,-,0.3,硝酸イオン： 0 g,"{""baseName"":""ドライトマト"",""notes"":[""トマト類""]}",トマトの果実は犬に問題ないが、ドライは風味や酸味が濃縮されるため少量からが望ましい,7
06,06184,0676,（トマト類）　加工品　ホール　食塩無添加,0,88,21,93.3,(0.9),0.9,(0.1),(0),0.2,(3.6),*,(3.6),3.2,,1.3,-,4.4,-,1.2,4,240,9,13,26,0.4,0.1,0.08,0.09,-,-,-,-,(0),0,570,0,570,47,(0),1.2,0,0.2,0,5,0.06,0.03,0.6,(0.8),0.10,(0),21,0.22,-,10,-,0,別名： トマト水煮缶詰\n液汁を除いたもの\n硝酸イオン： (0) g,"{""baseName"":""加工品"",""variety"":""ホール 食塩無添加"",""notes"":[""トマト類""]}",加熱済みトマトの果肉は犬に与えやすいが未熟な葉・茎は除去が必要,8
06,06185,0677,（トマト類）　加工品　トマトジュース　食塩添加,0,66,15,94.1,(0.7),0.7,(0.1),(0),0.1,(2.9),*,(2.9),3.3,,0.7,-,4.0,-,1.1,120,260,6,9,18,0.3,0.1,0.06,0.05,4,Tr,1,4,(0),0,310,0,310,26,(0),0.7,0,0.1,0,2,0.04,0.04,0.7,(0.8),0.09,(0),17,0.18,4.2,6,-,0.3,果汁100  %\n硝酸イオン： (0) g\n(100 g：97mL、100 mL：103g),"{""baseName"":""加工品"",""variety"":""トマトジュース 食塩添加"",""notes"":[""トマト類""]}",トマトジュースはトマト由来で問題なく、食塩は少量前提で使用可能,7
06,06340,0678,（トマト類）　加工品　トマトジュース　食塩無添加,0,77,18,94.1,(0.7),0.7,-,(0),0.1,-,,-,3.3,*,0.7,-,4.0,-,1.1,8,260,6,9,18,0.3,0.1,0.06,0.05,4,Tr,1,4,(0),0,310,0,310,26,(0),0.7,0,0.1,0,2,0.04,0.04,0.7,(0.8),0.09,(0),17,0.18,4.2,6,-,0,果汁100  %\n硝酸イオン： (0) g\n(100 g：97mL、100 mL：103g),"{""baseName"":""加工品"",""variety"":""トマトジュース 食塩無添加"",""notes"":[""トマト類""]}",無塩のトマトジュースはトマト果汁由来で通常安全。酸味等への配慮は必要。,7
06,06341,0680,（トマト類）　加工品　ミックスジュース　食塩無添加,0,77,18,94.2,(0.5),0.6,-,(0),0,-,,-,3.7,*,0.7,-,4.3,-,0.9,12,200,11,13,11,0.3,0.1,0.08,0.07,-,-,-,-,(0),66,350,0,390,32,(0),0.8,0,0.1,0,6,0.03,0.03,0.4,(0.5),0.06,(0),10,0.20,-,3,-,0,原材料： トマト、にんじん、セロリ等\n(100 g：97mL、100 mL：103g),"{""baseName"":""加工品"",""variety"":""ミックスジュース 食塩無添加"",""notes"":[""トマト類""]}",トマト・にんじん等の無塩ミックスジュースは野菜由来で使用可能だが濃度や酸味に配慮が必要。,7
06,06187,0681,トレビス　葉　生,20,72,17,94.1,(0.9),1.1,0.1,(0),0.2,-,,-,2.3,*,2.0,-,3.9,-,0.7,11,290,21,11,34,0.3,0.2,0.06,0.15,-,-,-,-,(0),0,14,-,14,1,(0),0.1,0.2,0.1,0,13,0.04,0.04,0.2,(0.4),0.03,(0),41,0.24,-,6,-,0,別名： トレビッツ、あかめチコリ、レッドチコリ\n廃棄部位： しん\n硝酸イオン： Tr,"{""baseName"":""トレビス"",""part"":""葉"",""state"":""生""}",トレビスの葉は葉物野菜としてビタミン・繊維源になり得る。,8
06,06188,0682,とんぶり　ゆで,0,371,89,76.7,-,6.1,2.6,(0),3.5,-,,-,6.7,*,7.1,-,12.9,-,0.8,5,190,15,74,170,2.8,1.4,0.25,0.78,-,-,-,-,(0),1,800,-,800,67,(0),4.6,0.1,1.1,0,120,0.11,0.17,0.3,1.3,0.16,(0),100,0.48,-,1,-,0,ほうきぎ（ほうきぐさ）の種子\n別名： ずぶし、ねんどう\n硝酸イオン： Tr,"{""baseName"":""とんぶり"",""state"":""ゆで""}",とんぶりは種子由来の食材で調理済みなら犬にも利用できる素材。,7
06,06189,0683,ながさきはくさい　葉　生,3,49,12,93.9,(1.0),1.3,(Tr),(0),0.1,-,,-,0.8,*,2.2,-,2.6,-,1.8,21,300,140,27,37,2.3,0.3,0.05,0.21,-,-,-,-,(0),0,1900,0,1900,160,(0),1.3,Tr,0,0,130,0.05,0.13,0.7,(0.9),0.14,(0),150,0.28,-,88,-,0.1,別名： とうな、とうじんな、ちりめんはくさい\n廃棄部位： 株元\n硝酸イオン： 0.3 g,"{""baseName"":""ながさきはくさい"",""part"":""葉"",""state"":""生""}",白菜の葉は水分と食物繊維が多く安全な野菜素材。,9
06,06190,0684,ながさきはくさい　葉　ゆで,5,76,18,93.2,(1.7),2.2,(Tr),(0),0.1,-,,-,1.6,*,2.4,-,3.4,-,0.8,12,120,120,24,48,1.6,0.2,0.04,0.20,-,-,-,-,(0),0,2600,0,2600,220,(0),1.3,Tr,0,0,150,0.02,0.07,0.3,(0.7),0.06,(0),69,0.11,-,23,-,0,別名： とうな、とうじんな、ちりめんはくさい\n廃棄部位： 株元\nゆでた後水冷し、手搾りしたもの\n硝酸イオン： 0.3 g,"{""baseName"":""ながさきはくさい"",""part"":""葉"",""state"":""ゆで""}",ゆでた白菜の葉は消化しやすくビタミン・繊維源として利用可能,9
06,06191,0685,（なす類）　なす　果実　生,10,77,18,93.2,0.7,1.1,Tr,1,0.1,2.6,*,2.6,3.0,,2.2,-,5.1,0.4,0.5,Tr,220,18,17,30,0.3,0.2,0.06,0.16,0,0,0,10,(0),0,100,1,100,8,(0),0.3,0,0,0,10,0.05,0.05,0.5,0.7,0.05,(0),32,0.33,2.3,4,-,0,廃棄部位： へた\n硝酸イオン： Tr,"{""baseName"":""なす"",""part"":""果実"",""state"":""生"",""notes"":[""なす類""]}",なすは低カロリーで調理すれば消化しやすい野菜で素材向き,8
06,06192,0686,（なす類）　なす　果実　ゆで,0,69,17,94.0,(0.7),1.0,(Tr),Tr,0.1,(2.3),*,(2.3),2.5,,2.1,-,4.5,0.3,0.4,1,180,20,16,27,0.3,0.2,0.05,0.15,-,-,-,-,(0),0,98,1,98,8,(0),0.3,0,0,0,10,0.04,0.04,0.4,(0.6),0.03,(0),22,0.29,-,1,-,0,へたを除いたもの\n硝酸イオン： Tr,"{""baseName"":""なす"",""part"":""果実"",""state"":""ゆで"",""notes"":[""なす類""]}",ゆでなすの果実部は犬に与えられる野菜で調理済みの素材として適切,8
06,06342,0687,（なす類）　なす　果実　油いため,0,300,73,85.8,(1.0),1.5,(5.5),(Tr),5.8,(3.3),*,(3.2),3.9,,2.6,-,6.3,0.5,0.6,Tr,290,22,21,40,0.4,0.2,0.07,0.20,-,-,-,-,(0),1,190,3,190,16,(0),1.4,0,1.8,0.1,11,0.06,0.07,0.7,(1.0),0.06,(0),36,0.40,-,2,-,0,へたを除いたもの\n植物油（なたね油）\n調理による脂質の増減：第1章表14参照\n硝酸イオン： Tr,"{""baseName"":""なす"",""part"":""果実"",""state"":""油いため"",""notes"":[""なす類""]}",油炒めの茄子は野菜素材として利用可能だが油分の点で配慮が必要。,7
06,06193,0689,（なす類）　べいなす　果実　生,30,83,20,93.0,(0.9),1.1,(Tr),(0),0.1,(2.7),*,(2.6),2.8,,2.4,-,5.3,0.4,0.5,1,220,10,14,26,0.4,0.2,0.08,0.13,-,-,-,-,(0),0,45,0,45,4,(0),0.3,0,0,0,9,0.04,0.04,0.6,(0.8),0.06,(0),19,0.30,-,6,-,0,別名： 洋なす\n廃棄部位： へた及び果皮\n硝酸イオン： Tr,"{""baseName"":""べいなす"",""part"":""果実"",""state"":""生"",""notes"":[""なす類""]}",べいなす（果実）は果肉が安全で、調理して与えるのが望ましい。,7
06,06194,0690,（なす類）　べいなす　果実　素揚げ,35,731,177,74.8,(0.8),1.0,(16.5),(0),17.0,(3.2),,(3.1),5.1,*,1.8,-,6.7,0.5,0.5,1,220,10,14,26,0.4,0.2,0.09,0.13,-,-,-,-,(0),0,20,0,20,2,(0),2.5,0.2,7.5,1.5,31,0.05,0.04,0.6,(0.8),0.05,(0),12,0.30,-,2,-,0,別名： 洋なす\n廃棄部位： へた及び果皮\n植物油（調合油）\n硝酸イオン： 0 g,"{""baseName"":""べいなす"",""part"":""果実"",""state"":""素揚げ"",""notes"":[""なす類""]}",素揚げしたなすは野菜として利用可能だが揚げ油の影響に注意が必要,7
06,06200,0696,なずな　葉　生,5,147,35,86.8,-,4.3,-,(0),0.1,-,,-,1.6,*,5.4,-,7.0,-,1.7,3,440,290,34,92,2.4,0.7,0.16,1.00,-,-,-,-,(0),0,5200,0,5200,430,(0),2.5,Tr,0.1,0,330,0.15,0.27,0.5,1.2,0.32,(0),180,1.10,-,110,-,0,別名： ぺんぺんぐさ、三味線草\n廃棄部位： 株元\n硝酸イオン： 0.1 g,"{""baseName"":""なずな"",""part"":""葉"",""state"":""生""}",野草の葉で一般に毒性は少なく、葉物として利用可能な素材。,7
06,06201,0697,（なばな類）　和種なばな　花らい・茎　生,0,141,34,88.4,(3.6),4.4,(0.1),(0),0.2,-,,-,2.5,*,4.2,-,5.8,-,1.2,16,390,160,29,86,2.9,0.7,0.09,0.32,1,1,1,6,(0),0,2200,21,2200,180,(0),2.9,Tr,0.6,0,250,0.16,0.28,1.3,(2.6),0.26,(0),340,0.73,12.0,130,-,0,別名： なのはな、しんつみな、かぶれな\n硝酸イオン： Tr,"{""baseName"":""和種なばな"",""variety"":""花らい・茎"",""state"":""生"",""notes"":[""なばな類""]}",和種なばなは葉茎類の野菜で犬のレシピ素材として使用可能,8
06,06202,0698,（なばな類）　和種なばな　花らい・茎　ゆで,0,117,28,90.2,(3.8),4.7,(0.1),(0),0.1,-,,-,0.9,*,4.3,-,4.3,-,0.7,7,170,140,19,86,1.7,0.4,0.07,0.25,-,-,-,-,(0),0,2400,20,2400,200,(0),2.8,Tr,0.6,0,250,0.07,0.14,0.5,(1.9),0.11,(0),190,0.30,-,44,-,0,別名： なのはな、しんつみな、かぶれな\nゆでた後水冷し、手搾りしたもの\n硝酸イオン： Tr,"{""baseName"":""和種なばな"",""variety"":""花らい・茎"",""state"":""ゆで"",""notes"":[""なばな類""]}",ゆでた菜花の茎葉で消化しやすく野菜素材として適している,8
06,06203,0699,（なばな類）　洋種なばな　茎葉　生,0,149,36,88.3,(3.3),4.1,(0.2),(0),0.4,-,,-,3.3,*,3.7,-,6.0,-,1.1,12,410,97,28,78,0.9,0.6,0.09,0.67,-,-,-,-,(0),0,2600,24,2600,220,(0),1.7,Tr,0.1,0,260,0.11,0.24,1.3,(2.5),0.22,(0),240,0.80,-,110,-,0,別名： なのはな、しんつみな、かぶれな\n硝酸イオン： 0.1 g,"{""baseName"":""洋種なばな"",""part"":""茎葉"",""state"":""生"",""notes"":[""なばな類""]}",葉茎野菜でビタミンが摂れるが消化にやや重い場合があり量に注意。,7
06,06204,0700,（なばな類）　洋種なばな　茎葉　ゆで,0,125,30,90.0,(2.9),3.6,(0.2),(0),0.4,-,,-,2.1,*,4.1,-,5.3,-,0.7,10,210,95,19,71,0.7,0.4,0.07,0.61,-,-,-,-,(0),0,2700,24,2700,230,(0),1.6,Tr,0.1,0,270,0.06,0.13,0.6,(1.7),0.11,(0),240,0.47,-,55,-,0,別名： なのはな、しんつみな、かぶれな\nゆでた後水冷し、手搾りしたもの\n硝酸イオン： Tr,"{""baseName"":""洋種なばな"",""part"":""茎葉"",""state"":""ゆで"",""notes"":[""なばな類""]}",茹でた洋種なばなは火を通した葉茎野菜で犬のレシピ素材として適しています。,8
06,06206,0702,にがうり　果実　油いため,0,193,47,90.3,(0.8),1.2,(3.2),(0),3.3,(0.4),,(0.4),2.3,*,2.8,-,4.6,Tr,0.6,1,260,14,15,33,0.5,0.2,0.05,0.11,1,Tr,1,8,0,100,180,4,230,19,(0),0.9,0.1,0.1,0,45,0.05,0.08,0.3,(0.6),0.07,(0),79,0.41,0.5,75,-,0,別名： つるれいし、ゴーヤ\n両端、わた及び種子を除いたもの\n植物油（調合油）\n調理による脂質の増減：第1章表14参照\n硝酸イオン： (Tr),"{""baseName"":""にがうり"",""part"":""果実"",""state"":""油いため""}",にがうり（ゴーヤ）は苦味成分があり消化器に刺激を与えることがあるが素材として使える,7
06,06211,0708,（にんじん類）　葉にんじん　葉　生,15,65,16,93.5,-,1.1,-,(0),0.2,-,,-,1.0,*,2.7,-,3.7,-,1.1,31,510,92,27,52,0.9,0.3,0.04,0.26,-,-,-,-,(0),780,1300,0,1700,140,(0),1.1,0,0.1,0,160,0.06,0.12,1.1,1.3,0.15,(0),73,0.43,-,22,-,0.1,試料： 水耕栽培品\n別名： にんじんな\n廃棄部位： 株元\n硝酸イオン： 0.4 g,"{""baseName"":""葉にんじん"",""part"":""葉"",""state"":""生"",""notes"":[""にんじん類""]}",ビタミン・食物繊維が豊富な葉野菜。適量であれば利用しやすい。,7
06,06212,0709,（にんじん類）　にんじん　根　皮つき　生,3,149,35,89.1,0.5,0.7,0.1,(0),0.2,5.9,,5.8,6.8,*,2.8,-,9.3,-,0.8,28,300,28,10,26,0.2,0.2,0.05,0.12,-,-,-,-,(0),3300,6900,0,8600,720,(0),0.4,Tr,0,0,17,0.07,0.06,0.8,1.0,0.10,(0),21,0.37,-,6,-,0.1,廃棄部位： 根端及び葉柄基部\n硝酸イオン： 0 g,"{""baseName"":""にんじん"",""part"":""根"",""formModifiers"":[""皮つき""],""state"":""生"",""notes"":[""にんじん類""]}",にんじんはビタミンと食物繊維が豊富で犬に適した素材です。,9
06,06213,0710,（にんじん類）　にんじん　根　皮つき　ゆで,0,120,29,90.2,(0.4),0.6,(0.1),(0),0.2,(5.3),*,(5.2),5.7,,3.0,-,8.4,-,0.6,23,270,32,12,29,0.3,0.3,0.05,0.16,-,-,-,-,(0),3200,6900,0,8500,710,(0),0.4,0,0,0,15,0.06,0.05,0.7,(0.9),0.09,(0),17,0.42,-,4,-,0.1,根端及び葉柄基部を除いたもの\n硝酸イオン： 0 g,"{""baseName"":""にんじん"",""part"":""根"",""formModifiers"":[""皮つき""],""state"":""ゆで"",""notes"":[""にんじん類""]}",加熱済みのにんじんは消化性が良くビタミンや食物繊維が豊富で犬に適する,9
06,06214,0711,（にんじん類）　にんじん　根　皮なし　生,10,134,32,89.6,0.5,0.7,0.1,(0),0.2,6,*,5.9,6,,2.8,-,8.8,0.3,0.7,24,300,24,9,28,0.2,0.2,0.04,0.11,Tr,Tr,0,Tr,0,2600,6300,0,7600,630,(0),0.5,0,0,0,4,0.04,0.03,0.7,0.8,0.09,(0),23,0.27,2.5,4,-,0.1,廃棄部位： 根端、葉柄基部及び皮\n硝酸イオン ： 0 g\n食物繊維：AOAC2011.25法\n,"{""baseName"":""にんじん"",""part"":""根"",""formModifiers"":[""皮なし""],""state"":""生"",""notes"":[""にんじん類""]}",にんじんは消化に良くビタミン・食物繊維が豊富で素材として適する。,10
06,06215,0712,（にんじん類）　にんじん　根　皮なし　ゆで,0,119,28,90.0,(0.5),0.7,(0.1),(0),0.1,5.1,*,5.0,5.6,,2.8,-,8.5,0.3,0.7,27,240,29,9,26,0.2,0.2,0.05,0.17,0,1,0,1,(0),3100,7200,0,8700,730,(0),0.4,Tr,0,0,18,0.06,0.05,0.6,(0.7),0.10,(0),19,0.25,2.5,4,-,0.1,根端、葉柄基部及び皮を除いたもの\n硝酸イオン： 0 g,"{""baseName"":""にんじん"",""part"":""根"",""formModifiers"":[""皮なし""],""state"":""ゆで"",""notes"":[""にんじん類""]}",茹でたにんじんは消化が良くビタミンや食物繊維の供給源として適している。,9
06,06345,0713,（にんじん類）　にんじん　根　皮なし　油いため,0,429,103,79.1,(0.8),1.1,(6.1),(Tr),6.4,(7.5),,(7.4),9.3,*,3.1,-,12.4,0.5,1.1,48,400,35,13,37,0.3,0.3,0.08,0.14,-,-,-,-,(0),4500,9900,0,12000,1000,(0),1.7,0,2.0,0.1,22,0.11,0.08,1.1,(1.3),0.14,(0),31,0.45,-,5,-,0.1,根端、葉柄基部及び皮を除いたもの\n植物油（なたね油）\n調理による脂質の増減：第1章表14参照\n硝酸イオン： 0 g,"{""baseName"":""にんじん"",""part"":""根"",""formModifiers"":[""皮なし""],""state"":""油いため"",""notes"":[""にんじん類""]}",にんじんの油いためは栄養価の高い根菜で調理済みのため利用しやすい,8
06,06346,0714,（にんじん類）　にんじん　根　皮なし　素揚げ,0,365,87,80.6,(0.7),1.0,3.3,0,3.5,(8.2),,(8.1),12.9,*,1.1,-,13.9,0.5,1.0,39,380,36,13,35,0.3,0.3,0.05,0.14,1,0,0,1,(0),1400,3200,0,3900,330,(0),1.6,Tr,1.1,Tr,34,0.10,0.07,0.9,(1.1),0.15,(0),28,0.50,3.7,6,-,0.1,別名： フライドキャロット\n根端、葉柄基部及び皮を除いたもの\n植物油（なたね油）\n硝酸イオン： 0 g,"{""baseName"":""にんじん"",""part"":""根"",""formModifiers"":[""皮なし""],""state"":""素揚げ"",""notes"":[""にんじん類""]}",にんじんは栄養豊富で安全だが素揚げは脂質が増えるため量に注意,8
06,06407,0714-1,（にんじん類）　にんじん　根　皮なし　カット　常法洗浄,0,115,27,91.5,0.4,0.5,0.1,-,0.2,5.1,*,5,4.6,,2.7,-,7.3,0.2,0.5,18,210,26,11,21,0.2,0.1,0.03,0.1,Tr,0,0,Tr,0,3000,6600,0,8100,680,-,0.4,0,0,0,3,0.04,0.03,0.4,0.5,0.08,-,22,0.22,2.2,3,-,0,硝酸イオン： Tr\n食物繊維：AOAC2011.25法,"{""baseName"":""にんじん"",""variety"":""カット 常法洗浄"",""part"":""根"",""formModifiers"":[""皮なし""],""notes"":[""にんじん類""]}",にんじん（皮なしカット）はビタミン・食物繊維が豊富で犬のレシピ素材として適切,9
06,06408,0714-2,（にんじん類）　にんじん　根　皮なし　カット　次亜塩素酸洗浄,0,112,27,91.5,0.5,0.6,0.1,-,0.2,5.8,,5.7,4.6,*,2.6,-,7.2,0.2,0.5,19,200,27,11,21,0.2,0.1,0.03,0.1,Tr,0,0,Tr,0,2900,6400,0,7800,650,-,0.4,0,0,0,3,0.04,0.03,0.4,0.6,0.07,-,20,0.22,1.6,3,-,0,硝酸イオン： Tr\n食物繊維：AOAC2011.25法,"{""baseName"":""にんじん"",""variety"":""カット 次亜塩素酸洗浄"",""part"":""根"",""formModifiers"":[""皮なし""],""notes"":[""にんじん類""]}",にんじんはビタミン・食物繊維が豊富で犬のレシピ素材として適している,9
06,06347,0715,（にんじん類）　にんじん　根　皮　生,0,108,26,90.4,(0.5),0.7,-,(0),0.2,-,,-,3.7,*,3.8,-,7.3,-,1.5,16,630,45,20,43,0.3,0.2,0.08,0.13,1,0,1,1,(0),3800,6700,0,8600,720,(0),0.5,0,0,0,12,0.05,0.05,1.1,(1.2),0.12,(0),46,0.31,6.4,4,-,0,硝酸イオン : 0 g,"{""baseName"":""にんじん"",""variety"":""皮"",""part"":""根"",""state"":""生"",""notes"":[""にんじん類""]}",生のにんじんは栄養価が高く噛みごたえもあり犬の素直な素材として適する。,9
06,06216,0716,（にんじん類）　にんじん　根　冷凍,0,126,30,90.2,0.7,0.8,0.1,(0),0.2,4.7,*,4.5,4.1,,4.1,-,8.2,0.3,0.6,57,200,30,9,31,0.3,0.2,0.05,0.14,Tr,0,1,1,0,3900,9100,0,11000,920,(0),0.8,Tr,0,0,6,0.04,0.02,0.5,0.6,0.09,Tr,21,0.25,2.1,4,-,0.1,硝酸イオン： Tr\n食物繊維：AOAC2011.25法,"{""baseName"":""にんじん"",""part"":""根"",""state"":""冷凍"",""notes"":[""にんじん類""]}",冷凍にんじんは栄養的に安全で食物繊維やβ-カロテンがあり犬のレシピ素材に向く,8
06,06380,0717,（にんじん類）　にんじん　根　冷凍　ゆで,0,101,24,91.7,0.6,0.7,0.1,(0),0.2,3.5,*,3.3,3.5,,3.5,-,7.0,0.2,0.4,40,130,31,8,26,0.3,0.2,0.04,0.14,0,0,Tr,1,(0),4200,10000,(0),12000,1000,(0),0.9,Tr,0,0,6,0.03,0.02,0.3,0.5,0.06,0,18,0.20,1.6,1,-,0.1,硝酸イオン： Tr\n食物繊維：AOAC2011.25法,"{""baseName"":""にんじん"",""part"":""根"",""state"":""ゆで"",""notes"":[""にんじん類""]}",にんじん（ゆで）はビタミン・食物繊維が豊富で犬に適した安全な素材である。,9
06,06381,0718,（にんじん類）　にんじん　根　冷凍　油いため,0,271,65,85.2,0.7,0.9,3.8,Tr,4.0,5.1,*,4.9,5.2,,4.2,-,9.3,0.3,0.6,60,210,33,9,33,0.3,0.2,0.06,0.17,1,0,1,1,(0),4400,11000,(0),13000,1100,(0),1.5,Tr,1.5,Tr,11,0.04,0.03,0.5,0.7,0.09,0,24,0.30,2.3,2,-,0.2,植物油（なたね油）\n調理による脂質の増減：第1章表14参照\n硝酸イオン： Tr\n食物繊維：AOAC2011.25法,"{""baseName"":""にんじん"",""part"":""根"",""state"":""油いため"",""notes"":[""にんじん類""]}",調理済みのにんじんで使いやすいが、油で炒めてあるため脂質に留意。,7
06,06348,0719,（にんじん類）　にんじん　グラッセ,0,224,53,83.8,(0.5),0.7,1.1,5,1.4,9.4,*,9.1,10.3,,2.6,0,12.7,0.2,1.4,390,240,26,10,27,0.2,0.1,0.03,0.16,1,0,0,1,25,3300,8600,0,10000,880,0,0.7,0,0,0,7,0.03,0.03,0.4,(0.6),0.09,0,17,0.14,2.6,2,-,1.0,硝酸イオン : Tr,"{""baseName"":""にんじん"",""variety"":""グラッセ"",""notes"":[""にんじん類""]}",にんじん自体は安全だが、グラッセは糖や脂質が加わっている点に注意。,7
06,06217,0720,（にんじん類）　にんじん　ジュース　缶詰,0,125,29,92.0,(0.4),0.6,(Tr),(0),0.1,(5.9),,(5.7),6.7,*,0.2,-,6.7,-,0.6,19,280,10,7,20,0.2,0.1,0.04,0.07,-,-,-,-,(0),1300,3800,0,4500,370,(0),0.2,0,0,0,2,0.03,0.04,0.6,(0.7),0.08,(0),13,0.27,-,1,-,0,硝酸イオン： (Tr),"{""baseName"":""にんじん"",""variety"":""ジュース"",""state"":""缶詰"",""notes"":[""にんじん類""]}",にんじんジュースはにんじん由来で犬に安全な野菜素材だが加工品であるためやや評価を下げる,8
06,06218,0721,（にんじん類）　きんとき　根　皮つき　生,15,163,39,87.3,(1.3),1.8,0.1,(0),0.2,-,,-,6.3,*,3.9,-,9.6,-,1.1,11,540,37,11,64,0.4,0.9,0.09,0.15,-,-,-,-,(0),250,4800,0,5000,410,(0),0.5,0,0,0,2,0.07,0.05,1.0,(1.4),0.12,(0),110,0.32,-,8,-,0,別名： きょうにんじん\n廃棄部位： 根端及び葉柄基部\n硝酸イオン： Tr,"{""baseName"":""きんとき"",""part"":""根"",""formModifiers"":[""皮つき""],""state"":""生"",""notes"":[""にんじん類""]}",きんとき（にんじん類・生）はビタミンや食物繊維が豊富で犬のレシピ素材として適している,9
06,06219,0722,（にんじん類）　きんとき　根　皮つき　ゆで,0,155,37,87.7,(1.4),1.9,0.1,(0),0.2,-,,-,5.5,*,4.3,-,9.2,-,1.0,10,470,39,10,66,0.5,1.0,0.08,0.13,-,-,-,-,(0),220,4900,0,5000,410,(0),0.5,0,0,0,2,0.07,0.05,0.9,(1.3),0.12,(0),98,0.33,-,6,-,0,別名： きょうにんじん\n根端及び葉柄基部を除いたもの\n硝酸イオン： Tr,"{""baseName"":""きんとき"",""part"":""根"",""formModifiers"":[""皮つき""],""state"":""ゆで"",""notes"":[""にんじん類""]}",ゆでたきんとき（にんじん）はビタミンと食物繊維の良い供給源で犬の素材として適している,9
06,06220,0723,（にんじん類）　きんとき　根　皮なし　生,20,170,40,87.1,(1.3),1.8,0.1,(0),0.3,-,,-,6.8,*,3.6,-,9.7,-,1.1,12,520,34,10,67,0.4,0.9,0.08,0.16,-,-,-,-,(0),250,4400,0,4500,380,(0),0.5,0,0,0,2,0.07,0.05,1.0,(1.3),0.13,(0),100,0.33,-,8,-,0,別名： きょうにんじん\n廃棄部位： 根端、葉柄基部及び皮\n硝酸イオン： Tr,"{""baseName"":""きんとき"",""part"":""根"",""formModifiers"":[""皮なし""],""state"":""生"",""notes"":[""にんじん類""]}",きんとき（にんじん類）は生でも加熱でも安全で、犬に適した野菜素材。,9
06,06221,0724,（にんじん類）　きんとき　根　皮なし　ゆで,0,168,40,87.1,(1.4),1.9,0.1,(0),0.4,-,,-,6.3,*,4.1,-,9.6,-,1.0,9,480,38,9,72,0.4,1.0,0.08,0.12,-,-,-,-,(0),230,4700,0,4800,400,(0),0.5,0,0,0,2,0.06,0.06,0.8,(1.2),0.14,(0),100,0.28,-,8,-,0,別名： きょうにんじん\n根端、葉柄基部及び皮を除いたもの\n硝酸イオン： Tr,"{""baseName"":""きんとき"",""part"":""根"",""formModifiers"":[""皮なし""],""state"":""ゆで"",""notes"":[""にんじん類""]}",ゆでにんじんは消化しやすくビタミンや食物繊維が豊富で犬に適した素材,9
06,06409,0724-1,（にんじん類）　島にんじん　根　皮なし　生,20,146,35,88.9,-,1.1,-,-,0.4,-,,-,4.9,*,3.9,-,8.8,-,0.9,22,420,34,7,44,0.5,0.3,0.07,0.09,Tr,1,1,3,-,23,250,4,270,22,-,1.2,0,Tr,0,15,0.07,0.05,0.8,1,0.09,0,29,0.16,3.6,14,-,0.1,廃棄部位： 根端、葉柄基部及び皮\n硝酸イオン： Tr\n食物繊維：AOAC2011.25法,"{""baseName"":""島にんじん"",""part"":""根"",""formModifiers"":[""皮なし""],""state"":""生"",""notes"":[""にんじん類""]}",生の島にんじんは繊維質で安全な野菜素材だが、消化性を考慮して調理が望ましい場合もある,8
06,06222,0725,（にんじん類）　ミニキャロット　根　生,1,109,26,90.9,(0.5),0.7,(0.1),(0),0.2,(4.7),*,(4.6),5.1,,2.7,-,7.5,-,0.7,15,340,30,8,22,0.3,0.2,0.05,0.12,-,-,-,-,(0),2200,4900,0,6000,500,(0),0.6,0,0,0,13,0.04,0.03,0.6,(0.7),0.10,(0),32,0.41,-,4,-,0,廃棄部位： 根端及び葉柄基部\n硝酸イオン： Tr,"{""baseName"":""ミニキャロット"",""part"":""根"",""state"":""生"",""notes"":[""にんじん類""]}",ミニキャロットはビタミンや食物繊維を含む安全な野菜素材である,9
06,06229,0736,のざわな　葉　生,3,60,14,94.0,(0.8),0.9,(0.1),(0),0.1,-,,-,1.7,*,2.0,-,3.5,-,1.1,24,390,130,19,40,0.6,0.3,0.05,0.23,1,1,2,10,(0),0,1200,0,1200,100,(0),0.5,Tr,0,0,100,0.06,0.10,0.7,(1.0),0.11,(0),110,0.17,1.4,41,-,0.1,廃棄部位： 株元\n硝酸イオン： 0.4 g,"{""baseName"":""のざわな"",""part"":""葉"",""state"":""生""}",のざわな葉は葉物野菜として栄養源になり得る安全な素材,8
06,06233,0740,はくさい　結球葉　生,6,54,13,95.2,0.6,0.8,Tr,(0),0.1,2.0,*,2.0,2.1,,1.3,-,3.2,-,0.6,6,220,43,10,33,0.3,0.2,0.03,0.11,1,Tr,0,6,(0),0,92,13,99,8,(0),0.2,0,0,0,59,0.03,0.03,0.6,0.7,0.09,(0),61,0.25,1.4,19,-,0,廃棄部位： 株元\n硝酸イオン： 0.1 g,"{""baseName"":""はくさい"",""part"":""結球葉"",""state"":""生""}",はくさいはビタミンや食物繊維が豊富で犬のレシピ素材として適する,9
06,06234,0741,はくさい　結球葉　ゆで,10,54,13,95.4,(0.7),0.9,(Tr),(0),0.1,(1.9),*,(1.9),1.8,,1.4,-,2.9,-,0.5,5,160,43,9,33,0.3,0.2,0.03,0.12,-,-,-,-,(0),0,130,0,130,11,(0),0.1,0,0,0,87,0.01,0.01,0.3,(0.5),0.04,(0),42,0.25,-,10,-,0,廃棄部位： 株元\nゆでた後水冷し、手搾りしたもの\n硝酸イオン： 0.2 g,"{""baseName"":""はくさい"",""part"":""結球葉"",""state"":""ゆで""}",ゆでた葉物野菜で消化されやすく素材として適している,8
06,06237,0744,パクチョイ　葉　生,10,63,15,94.0,-,1.6,(0.1),(0),0.2,(2.2),,(2.1),1.0,*,1.8,-,2.7,-,1.1,12,450,100,27,39,0.8,0.3,0.04,0.25,1,1,1,6,(0),0,1800,17,1800,150,(0),0.9,Tr,Tr,0,190,0.07,0.12,0.8,1.1,0.11,(0),140,0.34,2.6,45,-,0,別名： パイゲンサイ\n廃棄部位： 株元\n硝酸イオン： 0.4 g,"{""baseName"":""パクチョイ"",""part"":""葉"",""state"":""生""}",パクチョイの葉はビタミンや食物繊維を含む安全な葉物野菜で素材として適している,8
06,06238,0745,バジル　葉　生,20,86,21,91.5,(1.2),2.0,(0.5),(0),0.6,(0.3),,(0.3),0.9,*,4.0,-,4.0,-,1.5,1,420,240,69,41,1.5,0.6,0.20,1.91,-,-,-,-,(0),0,6300,0,6300,520,(0),3.5,0,0.4,0,440,0.08,0.19,0.6,(1.0),0.11,(0),69,0.29,-,16,-,0,別名： バジリコ、スイートバジル\n廃棄部位： 茎及び穂\n硝酸イオン： 0.4 g,"{""baseName"":""バジル"",""part"":""葉"",""state"":""生""}",バジルは風味付けとして少量なら使用可能だが大量使用は避けるべきであるため,7
06,06239,0746,パセリ　葉　生,10,142,34,84.7,3.2,4.0,(0.5),(0),0.7,0.9,*,0.9,1.9,,6.8,-,7.8,-,2.7,9,1000,290,42,61,7.5,1.0,0.16,1.05,7,3,4,39,(0),0,7400,83,7400,620,(0),3.3,0,0.9,0,850,0.12,0.24,1.2,2.7,0.27,(0),220,0.48,4.1,120,-,0,別名： オランダぜり\n廃棄部位： 茎\n硝酸イオン： 0.2 g,"{""baseName"":""パセリ"",""part"":""葉"",""state"":""生""}",ハーブで香り付けや微量の栄養供給に使いやすく、少量であれば安全。,7
06,06240,0747,はつかだいこん　根　生,25,56,13,95.3,0.7,0.8,(0.1),(0),0.1,(1.9),*,(1.9),1.7,,1.2,-,3.1,-,0.7,8,220,21,11,46,0.3,0.1,0.02,0.05,-,-,-,-,(0),0,(0),0,(0),(0),(0),0,0,0,0,1,0.02,0.02,0.1,0.3,0.07,(0),53,0.18,-,19,-,0,別名： ラディッシュ\n試料： 赤色球形種\n廃棄部位： 根端、葉及び葉柄基部\n硝酸イオン： 0.3 g,"{""baseName"":""はつかだいこん"",""part"":""根"",""state"":""生""}",生のはつかだいこん（ラディッシュ）は低カロリーで消化に良い野菜であり、適した素材。,8
06,06392,0748,はなっこりー　生,0,144,34,89.5,-,3.6,-,-,0.5,-,,-,2.2,*,3.1,-,5.4,-,1.0,5,380,51,22,79,0.5,0.5,0.06,0.28,Tr,1,0,3,-,4,1200,9,1200,97,-,1.3,-,0.1,-,140,0.09,0.15,1.0,1.6,0.23,-,220,0.50,8.5,90,-,0,硝酸イオン： Tr\n食物繊維：AOAC2011.25,"{""baseName"":""はなっこりー"",""state"":""生""}",はなっこりーは安全な野菜で、生でも加熱でも与えやすい。,9
06,06241,0749,はやとうり　果実　白色種　生,2,86,20,94.0,(0.4),0.6,(0.1),(0),0.1,-,,-,4.0,*,1.2,-,4.9,-,0.4,Tr,170,12,10,21,0.3,0.1,0.03,0.15,-,-,-,-,(0),(0),0,0,(0),(0),(0),0.2,0,0,0,9,0.02,0.03,0.3,(0.4),0.04,(0),44,0.46,-,11,-,0,別名： せんなりうり\n廃棄部位： 種子\n硝酸イオン： Tr,"{""baseName"":""はやとうり"",""variety"":""白色種"",""part"":""果実"",""state"":""生""}",瓜類の果実で消化に良く利用しやすい（種子は除く）,8
06,06353,0751,はやとうり　果実　緑色種　生,2,86,21,94.0,-,0.6,-,(0),0.1,-,,-,3.7,*,1.2,-,4.9,-,0.4,Tr,170,12,10,21,0.3,0.1,0.03,0.15,-,-,-,-,(0),-,-,-,27,2,(0),0.2,0,0,0,9,0.02,0.03,0.3,0.4,0.04,(0),44,0.46,-,11,-,0,別名： せんなりうり\n廃棄部位： 種子\n硝酸イオン： Tr,"{""baseName"":""はやとうり"",""variety"":""緑色種"",""part"":""果実"",""state"":""生""}",ウリ科の果実で果肉は安全だが、種子は除去する必要がある。,8
06,06243,0752,ビーツ　根　生,10,159,38,87.6,(1.0),1.6,(0.1),(0),0.1,(7.3),*,(6.9),7.2,,2.7,-,9.3,-,1.1,30,460,12,18,23,0.4,0.3,0.09,0.15,-,-,-,-,(0),(0),(0),(0),(0),(0),(0),0.1,0,0,0,0,0.05,0.05,0.3,(0.6),0.07,(0),110,0.31,-,5,-,0.1,別名： ビート、ビートルート、レッドビート、テーブルビート、かえんさい\n廃棄部位： 根端、皮及び葉柄基部\n硝酸イオン： 0.3 g,"{""baseName"":""ビーツ"",""part"":""根"",""state"":""生""}",根菜で栄養価があり犬のレシピ素材として適している,8
06,06244,0753,ビーツ　根　ゆで,3,176,42,86.9,(1.0),1.5,(0.1),(0),0.1,(10.3),,(9.8),7.8,*,2.9,-,10.2,-,1.0,38,420,15,22,29,0.4,0.3,0.09,0.17,-,-,-,-,(0),(0),(0),(0),(0),(0),(0),0.1,0,0,0,0,0.04,0.04,0.2,(0.5),0.05,(0),110,0.31,-,3,-,0.1,別名： ビート、ビートルート、レッドビート、テーブルビート、かえんさい\n根端及び葉柄基部を除いたもの\n廃棄部位： 皮\n硝酸イオン： 0.3 g,"{""baseName"":""ビーツ"",""part"":""根"",""state"":""ゆで""}",ビーツ（ゆで）は栄養価の高い根菜で犬のレシピ素材として適している,8
06,06245,0754,（ピーマン類）　青ピーマン　果実　生,15,85,20,93.4,0.7,0.9,0.1,0,0.2,2.3,,2.3,3.0,*,2.3,-,5.1,0.2,0.4,1,190,11,11,22,0.4,0.2,0.06,0.10,Tr,0,1,3,(0),6,400,3,400,33,(0),0.8,0,0,0,20,0.03,0.03,0.6,0.8,0.19,(0),26,0.30,1.6,76,-,0,廃棄部位： へた、しん及び種子\n硝酸イオン： Tr,"{""baseName"":""青ピーマン"",""part"":""果実"",""state"":""生"",""notes"":[""ピーマン類""]}",青ピーマンの果実は犬に与えて問題ない野菜で、レシピ素材として適している,8
06,06246,0755,（ピーマン類）　青ピーマン　果実　油いため,0,221,54,89.0,(0.7),0.9,(4.1),0,4.3,(2.4),*,(2.4),3.3,,2.4,-,5.4,0.2,0.4,1,200,11,11,24,0.7,0.2,0.06,0.10,Tr,0,0,4,(0),6,410,3,420,35,(0),0.9,0,0,0,21,0.03,0.03,0.6,(0.8),0.20,(0),27,0.31,1.9,79,-,0,へた、しん及び種子を除いたもの\n植物油（調合油）\n調理による脂質の増減：第1章表14参照\n硝酸イオン： (Tr),"{""baseName"":""青ピーマン"",""part"":""果実"",""state"":""油いため"",""notes"":[""ピーマン類""]}",青ピーマンは果実部は犬に安全で風味付けに使える（種やへたは除去）,8
06,06247,0756,（ピーマン類）　赤ピーマン　果実　生,10,117,28,91.1,(0.8),1.0,(0.2),(0),0.2,(5.3),*,(5.3),5.8,,1.6,-,7.2,-,0.5,Tr,210,7,10,22,0.4,0.2,0.03,0.13,-,-,-,-,(0),0,940,230,1100,88,(0),4.3,0.2,0.2,Tr,7,0.06,0.14,1.2,(1.4),0.37,(0),68,0.28,-,170,-,0,別名： パプリカ\n廃棄部位： へた、しん及び種子\n硝酸イオン： 0 g,"{""baseName"":""赤ピーマン"",""part"":""果実"",""state"":""生"",""notes"":[""ピーマン類""]}",赤ピーマンはビタミン類が豊富で犬に安全に使える野菜である。,9
06,06248,0757,（ピーマン類）　赤ピーマン　果実　油いため,0,286,69,86.6,(0.8),1.0,(4.1),(0),4.3,(4.6),,(4.5),6.4,*,1.6,-,7.6,-,0.5,Tr,220,7,10,24,0.7,0.2,0.03,0.14,-,-,-,-,(0),0,980,240,1100,92,(0),4.4,0.2,0.2,Tr,7,0.06,0.16,1.2,(1.4),0.39,(0),71,0.29,-,180,-,0,別名： パプリカ\nへた、しん及び種子を除いたもの\n植物油（調合油）\n調理による脂質の増減：第1章表14参照\n硝酸イオン： (0) g,"{""baseName"":""赤ピーマン"",""part"":""果実"",""state"":""油いため"",""notes"":[""ピーマン類""]}",加熱した赤ピーマンはビタミンを含む安全な野菜で、調理油の影響のみ注意が必要,8
06,06393,0758,（ピーマン類）　オレンジピーマン　果実　生,9,81,19,94.2,0.7,0.9,0.1,-,0.3,3.1,*,3.1,2.8,,1.8,-,4.2,-,0.4,0,230,5,10,26,0.3,0.2,0.04,0.10,Tr,0,0,6,-,150,420,290,630,53,-,3.1,0.1,Tr,0,4,0.04,0.03,1.3,1.4,0.32,-,53,0.21,2.3,150,-,0,別名： パプリカ\n廃棄部位： へた、しん及び種子\n食物繊維：AOAC2011.25法\n硝酸イオン：0ｇ,"{""baseName"":""オレンジピーマン"",""part"":""果実"",""state"":""生"",""notes"":[""ピーマン類""]}",オレンジピーマン（パプリカ）はビタミンが豊富で犬に与えやすい野菜素材,8
06,06394,0759,（ピーマン類）　オレンジピーマン　果実　油いため,0,337,81,85.8,(0.8),1.1,-,-,5.1,3.8,,3.8,7.8,*,-,-,7.6,-,0.4,Tr,270,5,11,30,0.4,0.2,0.05,0.11,0,0,0,7,-,150,480,320,720,60,-,5.2,0.1,2.5,0.1,11,0.05,0.04,1.4,(1.6),0.34,-,57,0.26,2.6,170,-,0,別名： パプリカ\nへた、しん及び種子を除いたもの\n植物油（なたね油）\n調理による脂質の増減：第1章表14参照\n硝酸イオン：0ｇ,"{""baseName"":""オレンジピーマン"",""part"":""果実"",""state"":""油いため"",""notes"":[""ピーマン類""]}",オレンジピーマンはビタミンが豊富で犬に適する。油調理の点は留意,8
06,06249,0760,（ピーマン類）　黄ピーマン　果実　生,10,119,28,92.0,(0.6),0.8,(0.1),(0),0.2,(4.9),,(4.9),5.7,*,1.3,-,6.6,-,0.4,Tr,200,8,10,21,0.3,0.2,0.04,0.15,-,-,-,-,(0),71,160,27,200,17,(0),2.4,0.1,Tr,0,3,0.04,0.03,1.0,(1.2),0.26,(0),54,0.25,-,150,-,0,別名： パプリカ、キングベル\n廃棄部位： へた、しん及び種子\n硝酸イオン： 0 g,"{""baseName"":""黄ピーマン"",""part"":""果実"",""state"":""生"",""notes"":[""ピーマン類""]}",黄ピーマンは生の果実でビタミン・食物繊維があり犬のレシピ素材として適切。,9
06,06250,0761,（ピーマン類）　黄ピーマン　果実　油いため,0,252,61,87.6,(0.6),0.8,(4.1),(0),4.3,(5.1),*,(5.1),6.1,,1.3,-,6.9,-,0.4,Tr,210,8,10,23,0.5,0.2,0.04,0.16,-,-,-,-,(0),74,160,28,210,18,(0),2.5,0.1,Tr,0,3,0.04,0.03,1.0,(1.2),0.27,(0),56,0.26,-,160,-,0,別名： パプリカ、キングベル\nへた、しん及び種子を除いたもの\n植物油（調合油）： 4.1 g\n調理による脂質の増減：第1章表14参照\n硝酸イオン： (0) g,"{""baseName"":""黄ピーマン"",""part"":""果実"",""state"":""油いため"",""notes"":[""ピーマン類""]}",ピーマンは犬に安全な野菜で、加熱された果実は消化しやすく使いやすい素材。,9
06,06251,0762,（ピーマン類）　トマピー　果実　生,15,138,33,90.9,(0.8),1.0,-,(0),0.2,-,,-,6.1,*,1.6,-,7.5,-,0.4,Tr,210,8,8,29,0.4,0.3,0.07,0.12,-,-,-,-,(0),33,1700,500,1900,160,(0),4.3,0.1,0.1,0,4,0.05,0.09,1.2,(1.4),0.56,(0),45,0.33,-,200,-,0,別名： ミニパプリカ\n廃棄部位： へた、しん及び種子\n硝酸イオン： 0 g,"{""baseName"":""トマピー"",""part"":""果実"",""state"":""生"",""notes"":[""ピーマン類""]}",ミニパプリカ（果実）はビタミンや食物繊維があり犬のレシピ素材として適する。,9
06,06252,0763,ひのな　根・茎葉　生,4,70,17,92.5,(0.8),1.0,-,(0),Tr,-,,-,1.9,*,3.0,-,4.7,-,1.3,10,480,130,21,51,0.8,0.2,0.04,0.17,-,-,-,-,(0),0,1200,11,1200,98,(0),0.7,0.1,0,0,93,0.05,0.13,0.7,(0.9),0.14,(0),92,0.18,-,52,-,0,別名： えびな\n廃棄部位： 根端\n硝酸イオン： 0.5 g,"{""baseName"":""ひのな"",""variety"":""根・茎葉"",""state"":""生""}",葉茎類の野菜でビタミンや食物繊維が豊富。犬のレシピ素材として適する。,8
06,06254,0765,ひろしまな　葉　生,4,80,19,92.7,(1.1),1.5,(0.1),(0),0.2,-,,-,2.3,*,2.4,-,4.2,-,1.1,28,550,200,32,55,0.8,0.3,0.04,0.54,1,1,3,15,(0),0,1900,0,1900,160,(0),1.3,Tr,0,0,160,0.06,0.15,0.7,(1.0),0.10,(0),120,0.47,2.2,49,-,0.1,別名： ひらぐきな、ひらぐき\n廃棄部位： 株元\n硝酸イオン： 0.3 g,"{""baseName"":""ひろしまな"",""part"":""葉"",""state"":""生""}",葉物野菜でビタミンや食物繊維が豊富で犬の素材として適している。,8
06,06255,0766,ひろしまな　塩漬,5,62,15,92.7,(0.9),1.2,(0.2),(0),0.2,-,,-,1.2,*,2.4,-,3.3,-,2.5,840,120,74,13,17,0.8,0.3,0.06,0.12,-,-,-,-,(0),0,2100,0,2100,170,(0),0.6,Tr,0,0,210,0.02,0.07,0.2,(0.4),0.04,(0),15,0.07,-,15,-,2.1,別名： ひらぐきな、ひらぐき\n廃棄部位： 株元\n市販品の液汁を除いたもの\nビタミンC： 酸化防止用として添加品あり\n硝酸イオン： 0.1 g,"{""baseName"":""ひろしまな"",""state"":""塩漬""}",葉野菜の塩漬品で栄養源として利用可能。ただし塩分含有に注意が必要。,7
06,06256,0767,（ふき類）　ふき　葉柄　生,40,44,11,95.8,-,0.3,-,(0),0,-,,-,1.7,*,1.3,-,3.0,-,0.7,35,330,40,6,18,0.1,0.2,0.05,0.36,Tr,0,0,2,0,0,49,0,49,4,(0),0.2,0,0,0,6,Tr,0.02,0.1,0.2,0.01,(0),12,0.07,0.2,2,-,0.1,廃棄部位： 葉、表皮及び葉柄基部\n硝酸イオン： 0.2 g,"{""baseName"":""ふき"",""part"":""葉柄"",""state"":""生"",""notes"":[""ふき類""]}",ふきの葉柄は食用になる部位で繊維を供給するが、下ごしらえや加熱が必要な場合がある。,7
06,06257,0768,（ふき類）　ふき　葉柄　ゆで,10,27,7,97.4,-,0.3,-,(0),0,-,,-,0.8,*,1.1,-,1.9,-,0.4,22,230,34,5,15,0.1,0.2,0.05,0.37,-,-,-,-,(0),0,60,0,60,5,(0),0.2,0,0,0,5,Tr,0.01,0.1,0.2,0.08,(0),9,0,-,0,-,0.1,葉及び葉柄基部を除いたもの\nゆでた後水冷し、水切りしたもの\n廃棄部位： 表皮\n硝酸イオン： Tr,"{""baseName"":""ふき"",""part"":""葉柄"",""state"":""ゆで"",""notes"":[""ふき類""]}",ゆでたふき葉柄は加熱済みの野菜素材として利用可能,7
06,06258,0769,（ふき類）　ふきのとう　花序　生,2,159,38,85.5,-,2.5,-,(0),0.1,-,,-,3.6,*,6.4,-,10.0,-,1.9,4,740,61,49,89,1.3,0.8,0.36,0.23,-,-,-,-,(0),0,390,7,390,33,(0),3.2,0.1,0.7,0,92,0.10,0.17,0.9,1.3,0.18,(0),160,0.45,-,14,-,0,廃棄部位： 花茎\n硝酸イオン： 0 g,"{""baseName"":""ふきのとう"",""part"":""花序"",""state"":""生"",""notes"":[""ふき類""]}",ふきのとうは野菜素材として使用可能だが苦味があるため量に注意が必要です。,7
06,06259,0770,（ふき類）　ふきのとう　花序　ゆで,0,127,31,89.2,-,2.5,-,(0),0.1,-,,-,2.8,*,4.2,-,7.0,-,1.2,3,440,46,33,54,0.7,0.5,0.20,0.17,-,-,-,-,(0),0,260,4,260,22,(0),2.4,0,0,0,69,0.06,0.08,0.5,0.9,0.07,(0),83,0.24,-,3,-,0,花茎を除いたもの\n硝酸イオン： 0 g,"{""baseName"":""ふきのとう"",""part"":""花序"",""state"":""ゆで"",""notes"":[""ふき類""]}",ふきのとう（ゆで）は野菜類として利用可能だが、香りや苦味で消化に敏感な個体は注意,7
06,06260,0771,ふじまめ　若ざや　生,6,132,32,89.2,-,2.5,(0.1),(0),0.1,-,,-,3.0,*,4.4,-,7.4,-,0.8,Tr,300,43,33,63,0.8,0.4,0.07,0.33,-,-,-,-,(0),79,200,6,240,20,(0),0.1,Tr,0.8,0,29,0.08,0.10,0.9,1.3,0.08,(0),120,0.35,-,13,-,0,別名： いんげんまめ（関西）、せんごくまめ、あじまめ\n廃棄部位： すじ及び両端\n硝酸イオン： Tr,"{""baseName"":""ふじまめ"",""part"":""若ざや"",""state"":""生""}",いんげん類（若ざや）は野菜として栄養源になり得る,8
06,06261,0772,ふだんそう　葉　生,0,70,17,92.2,-,2.0,(0.1),(0),0.1,-,,-,0.4,*,3.3,-,3.7,-,1.9,71,1200,75,74,33,3.6,0.3,0.06,3.60,-,-,-,-,(0),0,3700,0,3700,310,(0),1.7,Tr,0,0,180,0.07,0.23,0.4,0.7,0.25,(0),120,0.53,-,19,-,0.2,別名： 唐ぢしゃ\n硝酸イオン： 0.1 g,"{""baseName"":""ふだんそう"",""part"":""葉"",""state"":""生""}",葉野菜でビタミン・食物繊維の供給源として有用。生でも少量から様子を見ながら使える。,8
06,06262,0773,ふだんそう　葉　ゆで,0,108,26,90.4,-,2.8,(0.1),(0),0.1,-,,-,1.6,*,3.8,-,5.4,-,1.2,61,760,130,79,34,2.1,0.4,0.06,4.85,-,-,-,-,(0),0,3800,0,3800,320,(0),1.7,Tr,0,0,220,0.03,0.11,0.1,0.6,0.14,(0),92,0.44,-,7,-,0.2,別名： 唐ぢしゃ\nゆでた後水冷し、手搾りしたもの\n硝酸イオン： 0.1 g,"{""baseName"":""ふだんそう"",""part"":""葉"",""state"":""ゆで""}",ゆでたふだんそうは加熱済みの葉物で消化しやすく素材として適切,8
06,06263,0774,ブロッコリー　花序　生,35,156,37,86.2,3.8,5.4,0.3,0,0.6,2.4,*,2.3,3.1,,5.1,-,6.6,0.3,1.2,7,460,50,29,110,1.3,0.8,0.10,0.28,0,2,0,11,0,0,900,7,900,75,0,3.0,Tr,0.4,0,210,0.17,0.23,1.0,2.0,0.30,0,220,1.42,13.0,140,-,0,廃棄部位： 茎葉\n硝酸イオン：Ｔｒ,"{""baseName"":""ブロッコリー"",""part"":""花序"",""state"":""生""}",ブロッコリーの花序は野菜として安全で適切な素材,8
06,06264,0775,ブロッコリー　花序　ゆで,0,126,30,89.9,(2.6),3.9,(0.2),0,0.4,1.3,,1.3,2.3,*,4.3,-,5.2,-,0.6,5,210,41,17,74,0.9,0.4,0.06,0.20,-,1,0,4,0,0,830,6,830,69,0,2.7,Tr,0.4,0,190,0.06,0.09,0.4,(1.1),0.14,0,120,0.74,7.1,55,-,0,茎葉を除いたもの\n硝酸イオン：Tr,"{""baseName"":""ブロッコリー"",""part"":""花序"",""state"":""ゆで""}",ゆでたブロッコリーは消化しやすく栄養価が高い緑黄色野菜で適している。,9
06,06395,0776,ブロッコリー　花序　電子レンジ調理,0,239,56,85.3,(4.0),5.7,-,-,0.7,2.4,,2.4,8.4,*,-,-,7.0,0.4,1.3,8,500,54,32,120,1.4,0.9,0.11,0.30,-,2,Tr,13,-,0,990,9,1000,83,-,3.4,-,0.5,-,220,0.18,0.25,1.2,(2.2),0.41,-,160,1.31,14.0,140,-,0,茎葉を除いたもの\n硝酸イオン：Tr,"{""baseName"":""ブロッコリー"",""part"":""花序"",""state"":""電子レンジ調理""}",調理済みのブロッコリーは消化しやすくビタミンや食物繊維が豊富で適している。,8
06,06396,0777,ブロッコリー　花序　焼き,0,353,83,78.5,(6.9),9.9,-,-,1.2,4.3,,4.3,11.3,*,-,-,8.4,-,2.1,13,820,90,53,200,2.3,1.5,0.17,0.50,-,4,Tr,21,-,0,1700,20,1700,140,-,6.0,-,0.9,-,380,0.27,0.40,1.7,(3.5),0.67,-,450,1.99,23.0,150,-,0,茎葉を除いたもの\n硝酸イオン：Tr,"{""baseName"":""ブロッコリー"",""part"":""花序"",""state"":""焼き""}",加熱したブロッコリーは栄養価があり犬のレシピ素材として適している,8
06,06397,0778,ブロッコリー　花序　油いため,0,454,109,79.2,(4.8),6.9,-,-,6.3,3.2,,3.2,8.2,*,-,-,6.1,-,1.5,9,590,64,37,140,1.7,1.1,0.11,0.35,0,3,Tr,15,-,0,1200,13,1200,97,-,5.8,-,3.5,-,270,0.20,0.28,1.3,(2.5),0.52,-,340,1.47,17.0,130,-,0,茎葉を除いたもの\n植物油（なたね油）\n調理による脂質の増減：第1章表14参照\n硝酸イオン：Tr,"{""baseName"":""ブロッコリー"",""part"":""花序"",""state"":""油いため""}",ブロッコリーはビタミン・食物繊維が豊富で犬のレシピ素材として適している,8
06,06354,0779,ブロッコリー　芽ばえ　生,0,75,18,94.3,(1.3),1.9,(0.3),(0),0.6,(1.0),,(1.0),1.6,*,1.8,-,2.6,0.1,0.5,4,100,57,32,60,0.7,0.4,0.03,0.37,-,-,-,-,(0),3,1400,27,1400,120,(0),1.9,Tr,1.3,0,150,0.08,0.11,1.3,(1.6),0.20,(0),74,0.52,-,64,-,0,別名： ブロッコリースプラウト\n硝酸イオン： 0.1 g,"{""baseName"":""ブロッコリー"",""part"":""芽ばえ"",""state"":""生""}",ブロッコリースプラウトは栄養豊富な野菜で適した素材。,8
06,06265,0780,へちま　果実　生,20,72,17,94.9,(0.5),0.8,(0.1),(0),0.1,-,,-,3.1,*,1.0,-,3.8,-,0.4,1,150,12,12,25,0.3,0.2,0.06,0.07,-,-,-,-,(0),0,44,0,44,4,(0),0.3,Tr,0.1,0,12,0.03,0.04,0.2,(0.3),0.07,(0),92,0.30,-,5,-,0,別名： いとうり、ナーベーラー 、 ナビャーラ 、 ナベーラ、ナーベナ\n廃棄部位： 両端及び皮\n硝酸イオン： Tr,"{""baseName"":""へちま"",""part"":""果実"",""state"":""生""}",へちまの果実は水分の多い野菜で消化しやすく、犬のレシピ素材として使いやすい。,8
06,06266,0781,へちま　果実　ゆで,0,80,19,94.2,(1.1),1.6,(0.1),(0),0.1,-,,-,2.7,*,1.5,-,3.7,-,0.4,1,140,24,13,34,0.7,0.2,0.07,0.09,-,-,-,-,(0),0,35,0,35,3,(0),0.4,Tr,0.1,0,11,0.03,0.06,0.2,(0.3),0.05,(0),91,0.39,-,3,-,0,別名： いとうり、ナーベーラー 、 ナビャーラ 、 ナベーラ、ナーベナ\n両端及び皮を除いたもの\n硝酸イオン： 0 g,"{""baseName"":""へちま"",""part"":""果実"",""state"":""ゆで""}",へちま（ゆで）は消化性が良く安全な野菜で、犬の素材として適している。,8
06,06267,0782,ほうれんそう　葉　通年平均　生,10,75,18,92.4,1.7,2.2,0.2,0,0.4,0.3,*,0.3,0.1,,2.8,-,3.1,0.9,1.7,16,690,49,69,47,2.0,0.7,0.11,0.32,3,3,2,5,(0),0,4200,34,4200,350,(0),2.1,0,0.2,0,270,0.11,0.20,0.6,1.3,0.14,(0),210,0.20,2.9,35,-,0,廃棄部位： 株元\n硝酸イオン： 0.2 g,"{""baseName"":""ほうれんそう"",""variety"":""通年平均"",""part"":""葉"",""state"":""生""}",ビタミンやミネラルを含む葉物だがシュウ酸や硝酸イオンを含むため適量での使用が望ましい。,7
06,06359,0784,ほうれんそう　葉　通年平均　油いため,0,375,91,82.0,(3.0),3.8,(7.6),(Tr),8.1,(0.5),*,(0.4),1.1,,4.6,-,4.4,-,1.5,13,530,88,52,54,1.2,0.8,0.15,0.20,-,-,-,-,(0),10,7600,65,7600,630,(0),4.8,Tr,2.9,0.1,510,0.08,0.16,0.5,(1.7),0.09,(0),140,0.20,-,21,-,0,株元を除いたもの\n植物油（なたね油）\n調理による脂質の増減：第1章表14参照\n硝酸イオン： 0.2 g,"{""baseName"":""ほうれんそう"",""variety"":""通年平均"",""part"":""葉"",""state"":""油いため""}",油いためのほうれんそうは葉物野菜として栄養価があり利用できるが、鉄分やシュウ酸を考慮する必要がある,8
06,06355,0785,ほうれんそう　葉　夏採り　生,10,75,18,92.4,(1.7),2.2,0.2,0,0.4,(0.3),*,(0.3),0.1,,2.8,-,3.1,0.9,1.7,16,690,49,69,47,2.0,0.7,0.11,0.32,3,3,2,5,(0),0,4200,34,4200,350,(0),2.1,0,0.2,0,270,0.11,0.20,0.6,(1.3),0.14,(0),210,0.20,2.9,20,-,0,廃棄部位： 株元\n硝酸イオン： 0.2 g,"{""baseName"":""ほうれんそう"",""variety"":""夏採り"",""part"":""葉"",""state"":""生""}",ほうれんそうはビタミン・鉄分が豊富だがシュウ酸を含むため長期大量の利用は注意が必要。,7
06,06357,0786,ほうれんそう　葉　夏採り　ゆで,5,94,23,91.5,(2.1),2.6,0.3,0,0.5,(0.4),,(0.4),1.2,*,3.6,-,4.0,-,1.2,10,490,69,40,43,0.9,0.7,0.11,0.33,1,3,1,4,(0),0,5400,45,5400,450,(0),2.6,0.2,0.3,0,320,0.05,0.11,0.3,(1.2),0.08,(0),110,0.13,3.2,10,-,0,廃棄部位： 株元\nゆでた後水冷し、手搾りしたもの\n硝酸イオン： 0.2 g,"{""baseName"":""ほうれんそう"",""variety"":""夏採り"",""part"":""葉"",""state"":""ゆで""}",ゆでほうれんそうはビタミン・ミネラル源として利用できるがシュウ酸含有に配慮が必要,7
06,06356,0787,ほうれんそう　葉　冬採り　生,10,75,18,92.4,(1.7),2.2,0.2,0,0.4,(0.3),*,(0.3),0.1,,2.8,-,3.1,0.9,1.7,16,690,49,69,47,2.0,0.7,0.11,0.32,3,3,2,5,(0),0,4200,34,4200,350,(0),2.1,0,0.2,0,270,0.11,0.20,0.6,(1.3),0.14,(0),210,0.20,2.9,60,-,0,廃棄部位： 株元\n硝酸イオン： 0.2 g,"{""baseName"":""ほうれんそう"",""variety"":""冬採り"",""part"":""葉"",""state"":""生""}",ビタミンやミネラルが豊富だがシュウ酸を含み大量摂取は注意が必要,7
06,06358,0788,ほうれんそう　葉　冬採り　ゆで,5,94,23,91.5,(2.1),2.6,0.3,0,0.5,(0.4),,(0.4),1.2,*,3.6,-,4.0,-,1.2,10,490,69,40,43,0.9,0.7,0.11,0.33,1,3,1,4,(0),0,5400,45,5400,450,(0),2.6,0.2,0.3,0,320,0.05,0.11,0.3,(1.2),0.08,(0),110,0.13,3.2,30,-,0,廃棄部位： 株元\nゆでた後水冷し、手搾りしたもの\n硝酸イオン： 0.2 g,"{""baseName"":""ほうれんそう"",""variety"":""冬採り"",""part"":""葉"",""state"":""ゆで""}",ゆでほうれんそうは加熱済みで与えやすく、適度な量であれば素材として使える（シュウ酸を考慮）,7
06,06269,0789,ほうれんそう　葉　冷凍,0,90,22,92.2,2.4,2.9,0.2,0,0.3,0.6,*,0.6,0.3,,3.3,-,3.4,0.5,1.0,120,210,87,51,46,1.2,0.5,0.10,0.80,1,Tr,7,15,(0),6,4700,41,4700,390,(0),2,0,0.2,0,300,0.06,0.13,0.4,1.4,0.10,0,120,0.15,2.7,19,-,0.3,硝酸イオン： 0.1 g,"{""baseName"":""ほうれんそう"",""part"":""葉"",""state"":""冷凍""}",冷凍ほうれんそうは鉄やビタミンが含まれるがシュウ酸に注意して適量で使える。,7
06,06372,0790,ほうれんそう　葉　冷凍　ゆで,0,107,26,90.6,2.8,3.7,0.4,0,0.5,1.3,*,1.3,(0.4),,4.5,-,3.8,0.6,0.8,47,90,130,55,42,1.3,0.5,0.14,0.95,1,Tr,6,4,(0),9,7100,60,7100,590,(0),3.1,0,0.2,0,480,-,0.06,0.2,1.4,0.05,0,57,0.03,3.2,5,-,0.1,ゆでた後水冷し、手搾りしたもの\n硝酸イオン： Tr\n食物繊維：AOAC2011.25法,"{""baseName"":""ほうれんそう"",""part"":""葉"",""state"":""ゆで""}",栄養はあるがシュウ酸を含むため使用量に注意が必要,7
06,06271,0793,まこも　茎　生,15,82,19,93.5,(0.9),1.3,0.1,(0),0.2,-,,-,2.6,*,2.3,-,4.4,-,0.6,3,240,2,8,42,0.2,0.2,0.02,0.25,-,-,-,-,(0),0,15,-,15,1,(0),Tr,0,Tr,0,2,0.04,0.03,0.5,(0.7),0.08,(0),43,0.25,-,6,-,0,別名： まこもたけ\n廃棄部位： 葉鞘及び基部\n硝酸イオン： Tr,"{""baseName"":""まこも"",""part"":""茎"",""state"":""生""}",まこも（茎）は食物繊維を含む野菜的素材で、調理して与えれば犬のレシピ素材として適している。,7
06,06272,0794,みずかけな　葉　生,0,107,25,91.1,(2.5),2.9,(0.1),(0),0.1,-,,-,2.4,*,2.8,-,4.7,-,1.1,7,400,110,23,64,1.0,0.3,0.07,0.17,-,-,-,-,(0),0,2300,10,2300,190,(0),0.9,0,0,0,200,0.11,0.23,1.1,(2.2),0.17,(0),240,0.55,-,88,-,0,別名： とうな（薹菜）\n硝酸イオン： 0.1 g,"{""baseName"":""みずかけな"",""part"":""葉"",""state"":""生""}",みずかけなの葉は葉物野菜で犬のレシピ素材として適している,8
06,06072,0796,みずな　葉　生,15,96,23,91.4,(1.9),2.2,-,(0),0.1,-,,-,2.1,*,3.0,-,4.8,-,1.3,36,480,210,31,64,2.1,0.5,0.07,0.41,7,2,3,20,(0),0,1300,0,1300,110,(0),1.8,Tr,0.1,0,120,0.08,0.15,0.7,(1.5),0.18,(0),140,0.50,3.1,55,-,0.1,別名： きょうな、せんすじきょうな\n廃棄部位： 株元\n硝酸イオン： 0.2 g,"{""baseName"":""みずな"",""part"":""葉"",""state"":""生""}",水菜は低カロリーでビタミン・食物繊維が豊富な安全な葉物野菜で犬の素材として適している,8
06,06073,0797,みずな　葉　ゆで,0,85,21,91.8,(1.7),2.0,-,(0),0.1,-,,-,1.4,*,3.6,-,4.7,-,1.1,28,370,200,25,64,2.0,0.2,0.05,0.31,-,-,-,-,(0),0,1700,0,1700,140,(0),1.3,Tr,0.1,0,120,0.04,0.08,0.4,(1.1),0.10,(0),90,0.29,-,19,-,0.1,別名： きょうな、せんすじきょうな　\n株元を除いたもの\nゆでた後水冷し、手搾りしたもの\n硝酸イオン： 0.3 g,"{""baseName"":""みずな"",""part"":""葉"",""state"":""ゆで""}",茹でたみずなは葉物野菜として安全で犬のレシピ素材として適切,9
06,06274,0799,（みつば類）　切りみつば　葉　生,0,66,16,93.8,(0.9),1.0,-,(0),0.1,-,,-,1.6,*,2.5,-,4.0,-,1.1,8,640,25,17,50,0.3,0.1,0.07,0.14,3,1,Tr,3,(0),11,720,3,730,61,(0),0.7,Tr,Tr,0,63,0.03,0.09,0.4,(0.6),0.04,(0),44,0.29,1.9,8,-,0,軟白栽培品\n硝酸イオン： Tr,"{""baseName"":""切りみつば"",""part"":""葉"",""state"":""生"",""notes"":[""みつば類""]}",みつばは安全な香草で少量の風味付けに適している,8
06,06275,0800,（みつば類）　切りみつば　葉　ゆで,0,51,12,95.2,(0.8),0.9,-,(0),0.1,-,,-,0.7,*,2.7,-,3.3,-,0.5,4,290,24,13,31,0.2,0.1,0.05,0.15,-,-,-,-,(0),24,770,0,780,65,(0),0.9,Tr,0,0,77,0.02,0.04,0.2,(0.4),0.01,(0),14,0.15,-,1,-,0,軟白栽培品\nゆでた後水冷し、手搾りしたもの\n硝酸イオン： 0 g,"{""baseName"":""切りみつば"",""part"":""葉"",""state"":""ゆで"",""notes"":[""みつば類""]}",香り野菜で少量なら安全に使える。過剰摂取は避ける。,8
06,06276,0801,（みつば類）　根みつば　葉　生,35,80,19,92.7,(1.8),1.9,-,(0),0.1,-,,-,1.3,*,2.9,-,4.1,-,1.2,5,500,52,21,64,1.8,0.2,0.07,0.42,-,-,-,-,(0),24,1700,19,1700,140,(0),1.1,0,0,0,120,0.05,0.13,1.0,(1.4),0.06,(0),66,0.33,-,22,-,0,軟白栽培品\n廃棄部位： 根及び株元\n硝酸イオン： Tr,"{""baseName"":""根みつば"",""part"":""葉"",""state"":""生"",""notes"":[""みつば類""]}",根みつば（葉）は香味野菜で少量で風味付けに使いやすく犬に対して安全な素材である,8
06,06277,0802,（みつば類）　根みつば　葉　ゆで,0,79,19,92.9,(2.1),2.3,-,(0),0.1,-,,-,0.8,*,3.3,-,3.9,-,0.8,4,270,64,18,54,1.2,0.2,0.07,0.35,-,-,-,-,(0),23,2000,20,2100,170,(0),1.4,0,0,0,150,0.03,0.05,0.4,(0.9),0.04,(0),43,0.27,-,12,-,0,軟白栽培品\n根及び株元を除いたもの\nゆでた後水冷し、手搾りしたもの\n硝酸イオン： 0 g,"{""baseName"":""根みつば"",""part"":""葉"",""state"":""ゆで"",""notes"":[""みつば類""]}",根みつば（ゆで）は香味野菜として安全で、少量の風味付けに適する,8
06,06278,0803,（みつば類）　糸みつば　葉　生,8,48,12,94.6,(0.8),0.9,-,(0),0.1,-,,-,0.7,*,2.3,-,2.9,-,1.2,3,500,47,21,47,0.9,0.1,0.02,0.42,-,-,-,-,(0),48,3200,41,3200,270,(0),0.9,Tr,0,0,220,0.04,0.14,0.7,(0.9),0.06,(0),64,0.30,-,13,-,0,別名： あおみつば\n廃棄部位： 株元\n硝酸イオン： 0.3 g,"{""baseName"":""糸みつば"",""part"":""葉"",""state"":""生"",""notes"":[""みつば類""]}",糸みつばの葉は香味野菜として利用できる安全な素材。,8
06,06279,0804,（みつば類）　糸みつば　葉　ゆで,0,60,14,93.7,(1.0),1.1,-,(0),0,-,,-,1.1,*,3.0,-,4.0,-,0.9,3,360,56,18,39,0.6,0.1,0.02,0.48,-,-,-,-,(0),54,4000,47,4100,340,(0),1.3,0,0,0,250,0.02,0.08,0.4,(0.7),0.03,(0),23,0.22,-,4,-,0,別名： あおみつば\n株元を除いたもの\nゆでた後水冷し、手搾りしたもの\n硝酸イオン： 0.3 g,"{""baseName"":""糸みつば"",""part"":""葉"",""state"":""ゆで"",""notes"":[""みつば類""]}",糸みつば（ゆで）は香味野菜として利用でき、加熱済みで与えやすい安全な素材,8
06,06360,0805,みぶな　葉　生,10,58,14,93.9,(0.9),1.1,(0.1),(0),0.3,-,,-,1.4,*,1.8,-,2.9,-,1.3,32,490,110,30,34,0.5,0.2,0.03,0.22,-,-,-,-,(0),4,1800,28,1800,150,(0),0.9,0,0,0,160,0.04,0.07,0.7,(1.0),0.11,(0),110,0.12,-,38,-,0.1,別名： きょうな\n廃棄部位： 根\n硝酸イオン： 0.5 g,"{""baseName"":""みぶな"",""part"":""葉"",""state"":""生""}",みぶなは葉物野菜でビタミン・食物繊維が豊富で犬のレシピ素材に適している,8
06,06280,0806,（みょうが類）　みょうが　花穂　生,3,44,11,95.6,(0.7),0.9,-,(0),0.1,-,,-,0.7,*,2.1,-,2.6,-,0.8,1,210,25,30,12,0.5,0.4,0.05,1.17,1,1,0,8,(0),8,27,0,31,3,(0),0.1,0,1.2,0.1,20,0.05,0.05,0.4,(0.6),0.07,(0),25,0.20,1.1,2,-,0,別名： 花みょうが、みょうがの子\n廃棄部位： 花茎,"{""baseName"":""みょうが"",""variety"":""花穂"",""state"":""生"",""notes"":[""みょうが類""]}",みょうがは香味野菜で通常は問題ないが風味が強いため少量向け,7
06,06281,0807,（みょうが類）　みょうがたけ　茎葉　生,0,26,6,97.1,(0.3),0.4,-,(0),0.1,-,,-,0.5,*,1.1,-,1.5,-,0.8,Tr,350,11,7,18,0.3,0.3,0.03,1.44,-,-,-,-,(0),0,6,0,6,1,(0),0.1,0,0.3,0,8,0.02,0.02,0.1,(0.2),0.02,(0),13,0.07,-,1,-,0,別名： 花みょうが、みょうがの子\n硝酸イオン： 0.1 g,"{""baseName"":""みょうがたけ"",""part"":""茎葉"",""state"":""生"",""notes"":[""みょうが類""]}",みょうがたけ（茎葉）は香味野菜で有害成分はなく犬のレシピ素材として使用可能,7
06,06282,0808,むかご　肉芽　生,25,367,87,75.1,(1.8),2.9,0.1,(0),0.2,-,,-,17.5,*,4.2,-,20.6,-,1.2,3,570,5,19,64,0.6,0.4,0.15,0.05,-,-,-,-,(0),0,24,-,24,2,(0),0.4,0.2,0,0,(0),0.11,0.02,0.3,(0.8),0.07,(0),20,0.60,-,9,-,0,廃棄部位： 皮,"{""baseName"":""むかご"",""variety"":""肉芽"",""state"":""生""}",山芋類の球芽で可食部は炭水化物源として利用可能で問題は少ない,7
06,06283,0809,めキャベツ　結球葉　生,0,219,52,83.2,(3.9),5.7,(0.1),(0),0.1,(4.2),,(4.1),6.2,*,5.5,-,9.9,-,1.1,5,610,37,25,73,1.0,0.6,0.07,0.29,-,-,-,-,(0),0,710,10,710,59,(0),0.6,0,0,0,150,0.19,0.23,0.9,(1.8),0.27,(0),240,0.76,-,160,-,0,別名： こもちかんらん、姫かんらん、姫キャベツ\n硝酸イオン： Tr,"{""baseName"":""めキャベツ"",""part"":""結球葉"",""state"":""生""}",めキャベツは野菜として安全に使える。調理法で消化性が向上する。,8
06,06284,0810,めキャベツ　結球葉　ゆで,0,213,51,83.8,(3.6),5.3,(0.1),(0),0.1,(4.8),,(4.4),6.3,*,5.2,-,9.8,-,1.0,5,480,36,22,75,1.0,0.5,0.07,0.25,-,-,-,-,(0),0,680,10,690,57,(0),0.5,0,0,0,160,0.13,0.16,0.6,(1.4),0.22,(0),220,0.65,-,110,-,0,別名： こもちかんらん、姫かんらん、姫キャベツ\n硝酸イオン： Tr,"{""baseName"":""めキャベツ"",""part"":""結球葉"",""state"":""ゆで""}",めキャベツのゆでは加熱により消化しやすく、犬の食材として適している。,8
06,06285,0811,めたで　芽ばえ　生,0,162,39,87.0,-,3.0,-,(0),0.5,-,,-,2.5,*,6.3,-,8.8,-,0.7,9,140,49,70,110,2.3,0.9,0.09,7.66,-,-,-,-,(0),0,4900,0,4900,410,(0),4.8,0.1,Tr,0,360,0.15,0.21,1.1,1.6,0.27,(0),77,0.29,-,67,-,0,紅たで\n硝酸イオン： 0 g,"{""baseName"":""めたで"",""part"":""芽ばえ"",""state"":""生""}",紅たでの芽は食用の葉茎で風味付けや少量の野菜素材として利用可能。,7
06,06286,0812,（もやし類）　アルファルファもやし　生,0,47,11,96.0,-,1.6,(0.1),(0),0.1,(0.3),*,(0.3),0.6,,1.4,-,2.0,-,0.3,7,43,14,13,37,0.5,0.4,0.09,0.10,1,1,0,16,(0),0,56,0,56,5,(0),1.9,0,Tr,0,47,0.07,0.09,0.2,0.5,0.10,(0),56,0.46,4.4,5,-,0,別名： 糸もやし\n硝酸イオン： Tr,"{""baseName"":""アルファルファもやし"",""state"":""生"",""notes"":[""もやし類""]}",栄養価のあるもやし類で少量なら利用できるが生食の衛生に注意,7
06,06287,0813,（もやし類）　だいずもやし　生,7,119,29,92.0,2.8,3.6,1.2,Tr,1.4,0.6,*,0.6,1.2,,2.3,-,2.5,-,0.5,3,160,25,23,54,0.5,0.3,0.11,0.28,1,5,0,57,(0),1,21,1,22,2,(0),0.3,0.1,1,0.5,71,0.08,0.06,0.4,1.2,0.08,Tr,44,0.24,4.9,4,-,0,廃棄部位： 種皮及び損傷部\n硝酸イオン： 0 g,"{""baseName"":""だいずもやし"",""state"":""生"",""notes"":[""もやし類""]}",大豆もやしは消化しやすく野菜・たんぱく補助として利用できる,8
06,06288,0814,（もやし類）　だいずもやし　ゆで,0,112,27,93.0,(2.2),2.9,(1.3),Tr,1.6,(0.5),*,(0.5),1.0,,2.2,-,2.2,-,0.3,1,50,24,19,43,0.4,0.3,0.08,0.35,-,-,-,-,(0),(0),Tr,(0),(Tr),(0),(0),0.6,0.1,1.9,0.9,49,0.04,0.04,0.1,(0.7),0.04,(0),39,0.19,-,1,-,0,種皮及び損傷部を除いたもの\nゆでた後水冷し、水切りしたもの\n硝酸イオン： (0) g,"{""baseName"":""だいずもやし"",""state"":""ゆで"",""notes"":[""もやし類""]}",だいずもやし（ゆで）は加熱済みの豆もやしで消化しやすく利用しやすい,8
06,06412,0814-1,（もやし類）　だいずもやし　油いため,1,259,62,86.9,(3.0),3.8,(2.3),-,4.5,-,,-,(7.2),*,-,-,4.1,-,0.5,4,170,25,23,55,0.4,0.3,0.12,0.28,1,4,-,56,-,1,31,1,32,3,-,0.5,0.1,23.2,0.8,79,0.09,0.07,0.5,(1.3),0.08,Tr,37,0.22,5,2,-,0,種皮及び損傷部を除いたもの\n植物油（なたね油）\n調理による脂質の増減：第1章表14参照\n硝酸イオン： 0 g,"{""baseName"":""だいずもやし"",""state"":""油いため"",""notes"":[""もやし類""]}",だいずもやしの油いためは野菜性素材だが調理油が加わっているため脂質量に配慮が必要。,7
06,06289,0815,（もやし類）　ブラックマッペもやし　生,0,73,17,94.7,1.4,2.2,-,0,Tr,1.4,,1.4,2.1,*,1.5,-,2.8,Tr,0.3,8,65,16,12,32,0.4,0.3,0.07,0.09,1,1,Tr,37,0,0,Tr,0,Tr,0,0,Tr,0,0,0,7,0.04,0.06,0.5,0.8,0.06,0,42,0.43,2.7,10,-,0,廃棄部位： 種皮及び損傷部\n硝酸イオン：0g,"{""baseName"":""ブラックマッペもやし"",""state"":""生"",""notes"":[""もやし類""]}",もやしは低カロリーでビタミン・食物繊維があり素材として適している,8
06,06290,0816,（もやし類）　ブラックマッペもやし　ゆで,0,53,13,95.8,(0.8),1.3,-,(0),Tr,(1.1),,(1.1),1.6,*,1.6,-,2.7,Tr,0.2,2,12,24,10,17,0.4,0.3,0.05,0.09,-,-,-,-,(0),(0),Tr,(0),(Tr),(0),(0),0.1,0,0.5,Tr,6,0.02,0.02,0.1,(0.3),0.03,(0),36,0.20,-,2,-,0,種皮及び損傷部を除いたもの\nゆでた後水冷し、水切りしたもの\n硝酸イオン： (0) g,"{""baseName"":""ブラックマッペもやし"",""state"":""ゆで"",""notes"":[""もやし類""]}",ゆでたもやしは消化しやすい野菜で犬の素材として適している。,8
06,06398,0817,（もやし類）　ブラックマッペもやし　油いため,0,173,41,90.6,(1.4),2.3,-,-,0.9,1.8,,1.8,6.7,*,-,-,5.8,-,0.3,9,71,18,13,34,0.4,0.3,0.07,0.10,2,1,0,38,-,-,-,-,-,-,-,1.1,-,2.2,0.1,14,0.04,0.06,0.5,(0.9),0.05,-,53,0.50,2.6,7,-,0,種皮及び損傷部を除いたもの\n植物油（なたね油）\n調理による脂質の増減：第1章表14参照\n硝酸イオン： 0 g,"{""baseName"":""ブラックマッペもやし"",""state"":""油いため"",""notes"":[""もやし類""]}",加熱済みのもやしで使いやすいが、使用する油分に注意が必要。,7
06,06291,0818,（もやし類）　りょくとうもやし　生,2,65,15,95.4,1.3,1.8,(0.1),(0),0.1,1.3,,1.3,(1.7),*,1.3,-,2.4,Tr,0.2,3,79,9,8,27,0.2,0.2,0.08,0.06,2,Tr,Tr,44,(0),Tr,3,Tr,3,Tr,(0),0.1,0,0.1,0,2,0.04,0.05,0.3,0.6,0.05,Tr,36,0.2,1.7,7,-,0,廃棄部位： 種皮及び損傷部\n硝酸イオン： 0 g,"{""baseName"":""りょくとうもやし"",""state"":""生"",""notes"":[""もやし類""]}",りょくとうもやしは低カロリーで使いやすい野菜素材,8
06,06292,0819,（もやし類）　りょくとうもやし　ゆで,0,49,12,95.9,(1.1),1.6,-,(0),0,(1.1),*,(1.1),1.3,,1.5,-,2.3,Tr,0.2,2,24,11,7,24,0.3,0.2,0.06,0.06,-,-,-,-,(0),(0),5,(0),5,Tr,(0),0.1,0,Tr,0.1,3,0.03,0.04,0.2,(0.5),0.02,(0),33,0.14,-,2,-,0,種皮及び損傷部を除いたもの\nゆでた後水冷し、水切りしたもの\n硝酸イオン： (0) g,"{""baseName"":""りょくとうもやし"",""state"":""ゆで"",""notes"":[""もやし類""]}",ゆでた緑豆もやしは消化しやすい野菜類で素材として利用しやすい,8
06,06413,0819-1,（もやし類）　りょくとうもやし　油いため,1,169,40,91,(1.4),2,(1.0),-,2.8,-,,-,(6.3),*,-,-,4,-,0.3,3,89,10,9,29,0.2,0.2,0.08,0.07,-,Tr,-,47,-,Tr,5,Tr,5,Tr,-,1,-,-,-,8,0.05,0.05,0.3,(0.7),0.04,Tr,57,0.17,1.8,6,-,0,種皮及び損傷部を除いたもの\n植物油（なたね油）\n調理による脂質の増減：第1章表14参照\n硝酸イオン： 0 g,"{""baseName"":""りょくとうもやし"",""state"":""油いため"",""notes"":[""もやし類""]}",油いためのもやしは調理油が含まれるが野菜として利用可能な素材。,7
06,06293,0820,モロヘイヤ　茎葉　生,0,151,36,86.1,(3.6),4.8,(0.4),(0),0.5,0.1,,0.1,1.8,*,5.9,-,6.3,-,2.1,1,530,260,46,110,1.0,0.6,0.33,1.32,4,1,2,15,(0),0,10000,76,10000,840,(0),6.5,Tr,0.5,0,640,0.18,0.42,1.1,(1.6),0.35,(0),250,1.83,14.0,65,-,0,廃棄率： 木質茎つきの場合25%\n硝酸イオン： 0.2 g,"{""baseName"":""モロヘイヤ"",""part"":""茎葉"",""state"":""生""}",モロヘイヤは葉野菜として良質な緑黄色野菜で犬のレシピ素材として適切。,9
06,06294,0821,モロヘイヤ　茎葉　ゆで,0,100,24,91.3,(2.2),3.0,(0.3),(0),0.4,(0.1),,(0.1),1.4,*,3.5,-,4.0,-,1.2,Tr,160,170,26,53,0.6,0.4,0.20,1.02,-,-,-,-,(0),0,6600,39,6600,550,(0),3.4,0,0.3,0,450,0.06,0.13,0.4,(0.7),0.08,(0),67,0.70,-,11,-,0,ゆでた後水冷し、手搾りしたもの\n硝酸イオン：0.1 g,"{""baseName"":""モロヘイヤ"",""part"":""茎葉"",""state"":""ゆで""}",ゆでたモロヘイヤの茎葉は加熱済みの葉物野菜で消化しやすく栄養価もあり適している。,8
06,06297,0825,ゆりね　りん茎　ゆで,0,495,117,66.5,(2.1),3.4,-,(0),0.1,-,,-,24.0,*,6.0,-,28.7,-,1.3,1,690,10,24,65,0.9,0.7,0.14,0.75,-,-,-,-,(0),(0),(0),(0),(0),(0),(0),0.5,0,0,0,Tr,0.07,0.07,0.6,(1.2),0.12,(0),92,0,-,8,-,0,根、根盤部及び損傷部を除いたもの\n硝酸イオン： 0 g,"{""baseName"":""ゆりね"",""part"":""りん茎"",""state"":""ゆで""}",ゆりね（ユリ根）は食用の根茎で一般に犬に与えられるが、慣れない食材は少量で様子を見る必要がある。,7
06,06298,0826,ようさい　茎葉　生,0,72,17,93.0,(1.7),2.2,-,(0),0.1,(0.9),*,(0.9),0.5,,3.1,-,3.1,-,1.4,26,380,74,28,44,1.5,0.5,0.20,1.07,-,-,-,-,(0),78,4300,0,4300,360,(0),2.2,0,0.3,0,250,0.10,0.20,1.0,(1.4),0.11,(0),120,0.40,-,19,-,0.1,別名： あさがおな、えんさい、くうしんさい\n硝酸イオン： 0.2 g,"{""baseName"":""ようさい"",""part"":""茎葉"",""state"":""生""}",ようさい（茎葉）は葉菜類でビタミンや食物繊維があり素材として適する,8
06,06299,0827,ようさい　茎葉　ゆで,0,76,18,92.4,(1.7),2.2,-,(0),0.1,(1.0),*,(1.0),1.2,,3.4,-,4.1,-,1.0,16,270,90,20,40,1.0,0.3,0.15,0.77,-,-,-,-,(0),74,3800,0,3800,320,(0),0.6,0,0.1,0,260,0.06,0.10,0.6,(1.0),0.05,(0),55,0.30,-,6,-,0,別名： あさがおな、えんさい、くうしんさい\nゆでた後水冷し、手搾りしたもの\n硝酸イオン： 0.2 g,"{""baseName"":""ようさい"",""part"":""茎葉"",""state"":""ゆで""}",ようさい（茎葉・ゆで）は一般に犬に安全な緑黄色野菜類で、調理済みの葉茎として利用しやすい,8
06,06300,0828,よめな　葉　生,0,165,40,84.6,(2.7),3.4,-,(0),0.2,-,,-,2.9,*,7.8,-,10.0,-,1.8,2,800,110,42,89,3.7,0.7,0.24,0.78,-,-,-,-,(0),0,6700,0,6700,560,(0),4.1,Tr,0.1,0,440,0.23,0.32,3.2,(4.2),0.10,(0),170,0.50,-,42,-,0,若葉\n別名： おはぎ、うはぎ、はぎな\n硝酸イオン： Tr,"{""baseName"":""よめな"",""part"":""葉"",""state"":""生""}",よめなの葉は緑葉野菜でビタミン・食物繊維源として犬の素材に適している,8
06,06302,0830,よもぎ　葉　ゆで,0,155,37,85.9,(3.9),4.8,-,(0),0.1,-,,-,1.3,*,7.8,-,8.2,-,1.0,3,250,140,24,88,3.0,0.4,0.28,0.75,-,-,-,-,(0),0,6000,0,6000,500,(0),3.4,0.1,0.8,0,380,0.08,0.09,0.5,(1.9),0.04,(0),51,0.13,-,2,-,0,別名： もちぐさ、よもぎな\nゆでた後水冷し、手搾りしたもの\n硝酸イオン： Tr,"{""baseName"":""よもぎ"",""part"":""葉"",""state"":""ゆで""}",よもぎは食用の葉物で風味付けや野菜素材として利用可能,8
06,06319,0838,ルッコラ　葉　生,2,71,17,92.7,-,1.9,0.1,(0),0.4,(0),,(0),0.8,*,2.6,-,3.1,-,1.5,14,480,170,46,40,1.6,0.8,0.07,0.69,-,-,-,-,(0),0,3600,0,3600,300,(0),1.4,Tr,Tr,0,210,0.06,0.17,0.5,0.8,0.11,(0),170,0.55,-,66,-,0,別名： ロケットサラダ、エルカ、ルコラ\n廃棄部位： 株元\n硝酸イオン： 0.4 g,"{""baseName"":""ルッコラ"",""part"":""葉"",""state"":""生""}",ルッコラは葉物野菜として利用できるが刺激のある風味に注意,8
06,06312,0841,（レタス類）　レタス　土耕栽培　結球葉　生,2,46,11,95.9,0.5,0.6,Tr,(0),0.1,1.7,*,1.7,1.9,,1.1,-,2.8,-,0.5,2,200,19,8,22,0.3,0.2,0.04,0.13,1,0,0,Tr,(0),0,240,0,240,20,(0),0.3,0,0.2,0,29,0.05,0.03,0.2,0.3,0.05,(0),73,0.20,1.2,5,-,0,別名： たまちしゃ\n廃棄部位： 株元\n硝酸イオン： 0.1 g,"{""baseName"":""レタス"",""variety"":""土耕栽培"",""part"":""結球葉"",""state"":""生"",""notes"":[""レタス類""]}",水分が多く消化しやすい葉物野菜で犬のレシピ素材として適している。,9
06,06361,0842,（レタス類）　レタス　水耕栽培　結球葉　生,2,54,13,95.3,(0.6),0.8,(0.1),(0),0.2,(2.0),*,(2.0),2.1,,1.1,-,2.9,-,0.6,2,260,34,10,30,0.3,0.1,0.01,0.38,-,-,-,-,(0),2,710,2,710,59,(0),0.3,0,0.3,0,58,0.03,0.03,0.3,(0.4),0.05,(0),44,0.06,-,5,-,0,別名： たまちしゃ\n廃棄部位： 株元\n硝酸イオン： 0.2 g,"{""baseName"":""レタス"",""variety"":""水耕栽培"",""part"":""結球葉"",""state"":""生"",""notes"":[""レタス類""]}",レタスは消化にやさしい葉物で素材として問題ない（芯は除去）,8
06,06313,0843,（レタス類）　サラダな　葉　生,10,43,10,94.9,0.8,1.0,0.1,(0),0.2,0.7,*,0.7,1.1,,1.8,-,2.7,-,1.0,6,410,56,14,49,2.4,0.2,0.04,-,-,-,-,-,(0),0,2200,0,2200,180,(0),1.4,0,1.1,0,110,0.06,0.13,0.3,0.6,0.06,(0),71,0.25,-,14,-,0,廃棄部位： 株元\n硝酸イオン： 0.2 g,"{""baseName"":""サラダな"",""part"":""葉"",""state"":""生"",""notes"":[""レタス類""]}",レタス類の葉は水分・食物繊維が豊富で犬のレシピ素材として問題ない,9
06,06314,0844,（レタス類）　リーフレタス　葉　生,6,66,16,94.0,(1.0),1.4,(0.1),(0),0.1,(0.9),,(0.9),1.8,*,1.9,-,3.3,-,1.0,6,490,58,15,41,1.0,0.5,0.06,0.34,7,Tr,3,5,(0),0,2300,10,2300,200,(0),1.3,0.1,0.9,Tr,160,0.10,0.10,0.4,(0.6),0.10,(0),110,0.24,2.9,21,-,0,別名： ちりめんちしゃ、あおちりめんちしゃ\n廃棄部位： 株元\n硝酸イオン： 0.2 g,"{""baseName"":""リーフレタス"",""part"":""葉"",""state"":""生"",""notes"":[""レタス類""]}",リーフレタスは水分と食物繊維が多く消化に優れた葉物野菜で素材として適している,9
06,06315,0845,（レタス類）　サニーレタス　葉　生,6,63,15,94.1,(0.7),1.2,(0.1),(0),0.2,(0.6),,(0.6),1.7,*,2.0,-,3.2,-,1.1,4,410,66,15,31,1.8,0.4,0.05,0.43,-,-,-,-,(0),0,2000,0,2000,170,(0),1.2,Tr,0.8,0,160,0.10,0.10,0.3,(0.6),0.08,(0),120,0.14,-,17,-,0,別名： あかちりめんちしゃ\n廃棄部位： 株元\n硝酸イオン： 0.2 g,"{""baseName"":""サニーレタス"",""part"":""葉"",""state"":""生"",""notes"":[""レタス類""]}",サニーレタスは葉野菜で水分と食物繊維があり犬のレシピ素材として適している。,9
06,06362,0846,（レタス類）　サンチュ　葉　生,0,56,14,94.5,(1.0),1.2,(0.2),(0),0.4,-,,-,1.0,*,2.0,-,2.5,-,1.0,3,470,62,19,39,0.5,0.2,0.01,0.69,-,-,-,-,(0),6,3800,7,3800,320,(0),0.7,0,0.8,0,220,0.06,0.10,0.4,(0.7),0.08,(0),91,0.08,-,13,-,0,別名： かきちしゃ\n株元を除いたもの \n（株元つきの場合、廃棄率：9 %）\n硝酸イオン： 0.4 g,"{""baseName"":""サンチュ"",""part"":""葉"",""state"":""生"",""notes"":[""レタス類""]}",サンチュは低カロリーの葉物野菜で犬のレシピ素材として適している。,8
06,06316,0847,（レタス類）　コスレタス　葉　生,9,66,16,94.5,(0.8),1.2,0.1,(0),0.2,(1.2),,(1.2),2.0,*,1.9,-,3.4,-,0.6,16,250,29,12,39,0.5,0.3,0.03,0.23,-,-,-,-,(0),0,510,0,510,43,(0),0.7,0,0.5,0,54,0.06,0.06,0.3,(0.5),0.05,(0),120,0.23,-,8,-,0,別名： ロメインレタス、たちちしゃ、たちレタス\n廃棄部位： 株元\n硝酸イオン： 0.1 g,"{""baseName"":""コスレタス"",""part"":""葉"",""state"":""生"",""notes"":[""レタス類""]}",コスレタスは葉野菜で水分・食物繊維が豊富、犬のレシピ素材として適している。,9
06,06317,0848,れんこん　根茎　生,20,280,66,81.5,1.3,1.9,Tr,0,0.1,14.2,,13.0,14.1,*,2.0,-,15.5,-,1.0,24,440,20,16,74,0.5,0.3,0.09,0.78,9,1,0,1,(0),0,3,0,3,Tr,(0),0.6,Tr,0,0,0,0.10,0.01,0.4,0.7,0.09,0,14,0.89,2.9,48,-,0.1,廃棄部位： 節部及び皮\n硝酸イオン： 0 g,"{""baseName"":""れんこん"",""part"":""根茎"",""state"":""生""}",食物繊維が豊富な野菜で犬に与えて問題ない（調理して消化しやすくすると良い）,8
06,06318,0849,れんこん　根茎　ゆで,0,278,66,81.9,(0.9),1.3,(Tr),(0),0.1,(13.9),,(12.7),14.3,*,2.3,-,16.1,-,0.6,15,240,20,13,78,0.4,0.3,0.05,0.80,-,-,-,-,(0),0,3,0,3,Tr,(0),0.6,Tr,0,0,0,0.06,0,0.2,(0.4),0.07,0,8,0.49,-,18,-,0,節部及び皮を除いたもの\n硝酸イオン： 0 g,"{""baseName"":""れんこん"",""part"":""根茎"",""state"":""ゆで""}",れんこんは水分とでん粉を含む消化しやすい野菜で素材として適する,8
06,06382,0858,（その他）　ミックスベジタブル　冷凍,0,282,67,80.5,-,3.0,-,0,0.7,-,,-,9.2,*,5.9,-,15.1,-,0.6,22,220,19,21,71,0.7,0.5,0.08,0.20,0,1,1,24,0,1300,3200,18,3900,320,0,0.3,0,0.6,0,10,0.14,0.07,1.5,2.0,0.09,Tr,50,0.35,3.4,9,-,0.1,配合割合： グリンピース冷凍29、スイートコーン冷凍37、 にんじん冷凍34\n硝酸イオン： 0 g\n食物繊維：AOAC2011.25法,"{""baseName"":""ミックスベジタブル"",""state"":""冷凍"",""notes"":[""その他""]}",グリンピース・コーン・にんじんのミックスで栄養補助として使いやすい野菜素材。,8
06,06383,0859,（その他）　ミックスベジタブル　冷凍　ゆで,0,273,65,80.9,-,3.1,-,0,0.8,-,,-,8.1,*,6.5,-,14.6,-,0.5,16,180,19,20,67,0.7,0.5,0.07,0.20,0,1,Tr,19,0,1400,3500,18,4200,350,0,0.3,0,0.6,0,10,0.12,0.05,1.3,1.8,0.07,0,44,0.30,3.1,5,-,0,配合割合： グリンピース冷凍ゆで28、スイートコーン冷凍ゆで39、にんじん冷凍ゆで33\n硝酸イオン： 0 g\n食物繊維：AOAC2011.25法,"{""baseName"":""ミックスベジタブル"",""state"":""ゆで"",""notes"":[""その他""]}",グリンピース・コーン・にんじんの加熱済みミックスで、犬に与えやすい野菜素材であるため,8
06,06384,0860,（その他）　ミックスベジタブル　冷凍　油いため,0,450,108,75.5,-,3.3,-,Tr,4.9,-,,-,9.8,*,5.9,-,15.7,-,0.7,22,230,20,22,74,0.7,0.6,0.08,0.21,0,1,1,24,0,1400,3600,19,4300,360,0,1.0,Tr,2.0,Tr,16,0.14,0.07,1.5,2.1,0.09,0,53,0.38,3.7,6,-,0.1,配合割合： グリンピース冷凍油いため29、スイートコーン冷凍油いため39、にんじん冷凍油いため32\n植物油（なたね油）\n調理による脂質の増減：第1章表14参照\n硝酸イオン： 0 g\n食物繊維：AOAC2011.25法,"{""baseName"":""ミックスベジタブル"",""state"":""油いため"",""notes"":[""その他""]}",グリンピース・コーン・にんじんなどの野菜中心で犬のレシピ素材として問題なく使える,8
07,07001,0863,あけび　果肉　生,0,376,89,77.1,-,0.5,-,0,0.1,-,,-,20.9,*,1.1,-,22.0,-,0.3,Tr,95,11,14,22,0.3,0.1,0.09,0.15,-,-,-,-,(0),0,0,0,0,(0),(0),0.2,0,0,0,-,0.07,0.03,0.3,0.4,0.08,0,30,0.29,-,65,-,0,試料： みつばあけび\n全果に対する割合： 果肉 20 %、種子 7 %,"{""baseName"":""あけび"",""variety"":""果肉"",""state"":""生""}",あけびの果肉は一般に食べられる部位で素材として使用可能（種は除去）,7
07,07181,0865,アサイー　冷凍　無糖,0,255,62,87.7,-,0.9,-,-,5.3,0.2,*,0.2,0,,4.7,0,5.0,0.3,0.4,11,150,45,20,19,0.5,0.3,0.19,5.91,1,6,60,3,-,49,380,3,410,34,-,3.7,0,0.1,0,91,0.03,0.06,0.6,0.7,0.11,Tr,13,0.10,14.0,1,-,0,ポリフェノール：0.4ｇ、タンニン：0.4ｇ\n食物繊維：AOAC2011.25法,"{""baseName"":""アサイー"",""variety"":""無糖"",""state"":""冷凍""}",アサイーは抗酸化成分を含む果実で、補助的な素材として使用可能,7
07,07003,0866,アセロラ　酸味種　生,25,150,36,89.9,-,0.7,Tr,0,0.1,-,,-,7.2,*,1.9,-,9.0,-,0.3,7,130,11,10,18,0.5,0.5,0.31,-,-,-,-,-,0,0,370,-,370,31,(0),0.7,0.1,1.4,0.2,-,0.03,0.04,0.3,0.4,0,0,45,0.25,-,1700,-,0,試料： 冷凍品\n廃棄部位： 果柄及び種子,"{""baseName"":""アセロラ"",""variety"":""酸味種"",""state"":""生""}",アセロラは果実で安全に使え、風味や栄養がある,8
07,07159,0867,アセロラ　甘味種　生,25,152,36,89.9,-,0.7,-,0,0.1,-,,-,7.1,*,1.9,-,9.0,-,0.3,7,130,11,10,18,0.5,0.5,0.31,-,-,-,-,-,0,0,370,-,370,31,(0),0.7,0.1,1.4,0.2,-,0.03,0.04,0.3,0.4,0,0,45,0.25,-,800,-,0,試料： 冷凍品\n廃棄部位： 果柄及び種子,"{""baseName"":""アセロラ"",""variety"":""甘味種"",""state"":""生""}",果実でビタミン類を含み少量であれば犬に与えて問題ない,7
07,07005,0869,アテモヤ　生,35,343,81,77.7,(1.1),1.8,(0.3),0,0.4,-,,-,16.9,*,3.3,-,19.4,-,0.7,4,340,26,29,24,0.3,0.2,0.09,0.20,-,-,-,-,(0),0,0,0,0,(0),(0),0.2,0,0,0,-,0.08,0.12,0.9,(1.5),0.28,0,23,0.23,-,14,-,0,廃棄部位： 果皮及び種子,"{""baseName"":""アテモヤ"",""state"":""生""}",アテモヤは果肉が食べられる熱帯果実で、種子を除けば素材として利用可能,7
07,07007,0871,あんず　生,5,155,37,89.8,(0.8),1.0,(0.2),(0),0.3,(4.8),,(4.7),6.9,*,1.6,0.3,8.5,-,0.4,2,200,9,8,15,0.3,0.1,0.04,0.21,0,0,0,1,(0),0,1400,190,1500,120,(0),1.7,0.1,0.1,0,-,0.02,0.02,Tr,(0.2),0.05,(0),2,0.30,0.5,3,-,0,別名： アプリコット\n廃棄部位： 核及び果柄,"{""baseName"":""あんず"",""state"":""生""}",果肉は犬に与えてよい栄養価のある果物（核は除去）,8
07,07008,0872,あんず　乾,0,1253,296,16.8,(6.7),9.2,(0.1),(0),0.4,(49.9),,(49.0),60.0,*,9.8,3.4,70.4,-,3.2,15,1300,70,45,120,2.3,0.9,0.43,0.32,-,-,-,-,(0),0,4800,270,5000,410,(0),1.4,Tr,0,0,(4),0,0.03,3.5,(5.0),0.18,(0),10,0.53,-,Tr,-,0,別名： アプリコット\n果皮及び核を除いたもの,"{""baseName"":""あんず"",""state"":""乾""}",あんず（果皮・核除去済）は果肉自体は犬に与えやすい果物で素材として使える,7
07,07009,0873,あんず　缶詰,0,335,79,79.8,(0.4),0.5,(0.3),(0),0.4,-,,-,18.3,*,0.8,-,18.9,-,0.4,4,190,18,7,14,0.2,0.1,0.03,0.03,-,-,-,-,(0),0,520,55,550,46,(0),0.9,0,0,0,(3),0.01,0.01,0.1,(0.2),0.04,(0),2,0,-,Tr,-,0,別名： アプリコット\n試料: ヘビーシラップ漬\n液汁を含んだもの (液汁 40 % )\nビタミンC： 酸化防止用として添加品あり,"{""baseName"":""あんず"",""state"":""缶詰""}",果肉は与えられるが缶詰のシロップ等により糖分が多く含まれる場合があるため量に注意,7
07,07012,0876,いちご　生,2,130,31,90.0,0.7,0.9,0.1,0,0.1,(6.1),*,(5.9),6.6,,1.4,0,8.5,0.8,0.5,Tr,170,17,13,31,0.3,0.2,0.05,0.20,1,Tr,0,9,(0),0,17,1,18,1,(0),0.4,0,0.2,0,(2),0.03,0.02,0.4,0.5,0.04,(0),90,0.33,0.8,62,-,0,別名： オランダイチゴ\n廃棄部位： へた及び果梗,"{""baseName"":""いちご"",""state"":""生""}",いちごは果肉が安全でビタミンや水分の供給源として適する。,8
07,07160,0879,いちご　乾,0,1398,329,15.4,(0.4),0.5,(0.2),(0),0.2,-,,-,80.1,*,3.0,-,82.8,-,1.0,260,15,140,5,9,0.4,0.1,0.07,0.22,(5),(3),(0),(76),(0),Tr,24,7,28,2,(0),0.7,0,0.3,0,(21),0,0,0.1,(0.1),0.01,(0),4,0.02,(7.0),0,-,0.7,ドライフルーツ,"{""baseName"":""いちご"",""state"":""乾""}",乾燥いちごの果実そのものは安全だが糖分が濃縮されているため素材としては注意が必要,7
07,07037,0890,オリーブ　塩漬　グリーンオリーブ,25,611,148,75.6,(0.7),1.0,(14.6),(0),15.0,(0),,(0),1.9,*,3.3,-,4.5,-,3.9,1400,47,79,13,8,0.3,0.2,0.17,0.04,-,-,-,-,(0),0,450,0,450,38,(0),5.5,0,0.2,0,(2),0.01,0.02,Tr,(0),0.03,(0),3,0,-,12,-,3.6,緑果の塩漬\n試料: びん詰　\n液汁を除いたもの\n廃棄部位： 種子,"{""baseName"":""オリーブ"",""variety"":""グリーンオリーブ"",""state"":""塩漬""}",塩漬けオリーブは風味付けに使えるが種子は除去が必要で塩分の点に留意が必要,7
07,07049,0893,かき　甘がき　生,9,268,63,83.1,0.3,0.4,0.1,0,0.2,13.3,,13.1,14.5,*,1.6,-,15.9,-,0.4,1,170,9,6,14,0.2,0.1,0.03,0.50,0,0,1,1,(0),17,160,500,420,35,(0),0.1,0,0,0,(2),0.03,0.02,0.3,0.4,0.06,(0),18,0.28,2.0,70,-,0,廃棄部位： 果皮、種子及びへた,"{""baseName"":""かき"",""variety"":""甘がき"",""state"":""生""}",甘がき（かき）は果肉は与えられることが多く、種やヘタを除けば素材として使用可能,7
07,07050,0894,かき　渋抜きがき　生,15,250,59,82.2,(0.3),0.5,(Tr),(0),0.1,13.7,*,13.6,14.3,,2.8,-,16.9,-,0.3,1,200,7,6,16,0.1,Tr,0.02,0.60,0,0,0,Tr,(0),11,100,380,300,25,(0),0.2,0,0,0,(2),0.02,0.02,0.3,(0.4),0.05,(0),20,0.27,1.1,55,-,0,廃棄部位： 果皮、種子及びへた,"{""baseName"":""かき"",""variety"":""渋抜きがき"",""state"":""生""}",渋抜きかきは果実として与えやすく、糖分に注意すれば素材として利用可能,7
07,07051,0895,かき　干しがき,8,1156,274,24.0,(1.0),1.5,(0.8),(0),1.7,-,,-,58.7,*,14.0,-,71.3,-,1.5,4,670,27,26,62,0.6,0.2,0.08,1.48,-,-,-,-,(0),15,370,2100,1400,120,(0),0.4,Tr,0,0,(10),0.02,0,0.6,(1.0),0.13,(0),35,0.85,-,2,-,0,つるしがきを含む\n廃棄部位： 種子及びへた,"{""baseName"":""かき"",""variety"":""干しがき""}",干しがき（干し柿）は果実として可食で甘味のある素材だが糖分が高めである点に注意。,7
07,07053,0896,かりん　生,30,241,58,80.7,-,0.4,0.1,(0),0.1,-,,-,9.4,*,8.9,-,18.3,-,0.5,2,270,12,12,17,0.3,0.2,0.09,0.05,-,-,-,-,(0),0,38,200,140,11,(0),0.6,0,0,0,-,0.01,0.03,0.3,0.4,0.04,(0),12,0.31,-,25,-,0,廃棄部位： 果皮及び果しん部,"{""baseName"":""かりん"",""state"":""生""}",かりんは有毒性は報告されておらず素材として使用可能だが渋味が強い,7
07,07018,0897,（かんきつ類）　いよかん　砂じょう　生,40,210,50,86.7,(0.5),0.9,-,(0),0.1,-,,-,11.1,*,1.1,-,11.8,-,0.5,2,190,17,14,18,0.2,0.1,0.04,0.07,-,-,-,-,(0),0,21,270,160,13,(0),0.1,0,0,0,(0),0.06,0.03,0.3,(0.4),0.07,(0),19,0.36,-,35,-,0,別名： いよ\n廃棄部位： 果皮、じょうのう膜及び種子,"{""baseName"":""いよかん"",""part"":""砂じょう"",""state"":""生"",""notes"":[""かんきつ類""]}",いよかんの果肉相当部は柑橘類の果実で酸味があり、種や皮は除く必要がある。,7
07,07026,0898,（かんきつ類）　うんしゅうみかん　じょうのう　早生　生,20,207,49,87.2,(0.3),0.5,(Tr),(0),0.1,(8.9),,(8.7),11.5,*,0.7,-,11.9,-,0.3,1,130,17,11,12,0.1,0.1,0.05,0.08,0,0,0,0,(0),11,89,1900,1000,87,(0),0.4,0,0,0,(0),0.07,0.04,0.2,(0.2),0.07,(0),24,0.21,0.3,35,-,0,別名：みかん\n廃棄部位： 果皮,"{""baseName"":""うんしゅうみかん"",""variety"":""早生"",""part"":""じょうのう"",""state"":""生"",""notes"":[""かんきつ類""]}",みかんの果肉は水分・ビタミン源として与えやすく素材向き（果皮は除去）,8
07,07027,0899,（かんきつ類）　うんしゅうみかん　じょうのう　普通　生,20,209,49,86.9,0.4,0.7,Tr,0,0.1,9.2,,8.9,11.3,*,1.0,-,12.0,-,0.3,1,150,21,11,15,0.2,0.1,0.03,0.07,0,0,0,Tr,(0),0,180,1700,1000,84,(0),0.4,0,0,0,(0),0.10,0.03,0.3,0.4,0.06,(0),22,0.23,0.5,32,-,0,別名：みかん\n廃棄部位： 果皮,"{""baseName"":""うんしゅうみかん"",""variety"":""普通"",""part"":""じょうのう"",""state"":""生"",""notes"":[""かんきつ類""]}",温州みかんの果肉はビタミン源として使えるが酸味や量に注意が必要,8
07,07028,0900,（かんきつ類）　うんしゅうみかん　砂じょう　早生　生,25,200,47,87.8,(0.3),0.5,(Tr),(0),0.1,(9.5),,(9.2),11.2,*,0.4,-,11.3,-,0.3,1,130,11,10,12,0.1,0.1,0.04,0.06,-,-,-,-,(0),11,94,2000,1100,92,(0),0.4,0,0,0,(0),0.07,0.03,0.2,(0.2),0.07,(0),24,0.15,-,35,-,0,別名：みかん\n廃棄部位： 果皮及びじょうのう膜,"{""baseName"":""うんしゅうみかん"",""variety"":""早生"",""part"":""砂じょう"",""state"":""生"",""notes"":[""かんきつ類""]}",うんしゅうみかん（果肉部分）。みかん果肉は犬にも与えやすくビタミン源になる（皮は除去）。,8
07,07029,0901,（かんきつ類）　うんしゅうみかん　砂じょう　普通　生,25,206,49,87.4,(0.4),0.7,(Tr),(0),0.1,9.8,,9.5,11.4,*,0.4,-,11.5,-,0.3,1,150,15,10,15,0.1,0.1,0.03,0.05,Tr,0,0,Tr,(0),0,190,1800,1100,92,(0),0.4,0,0,0,(0),0.09,0.03,0.3,(0.4),0.05,(0),22,0.23,0.4,33,-,0,別名：みかん\n廃棄部位： 果皮及びじょうのう膜,"{""baseName"":""うんしゅうみかん"",""variety"":""普通"",""part"":""砂じょう"",""state"":""生"",""notes"":[""かんきつ類""]}",うんしゅうみかんの果肉は適量であれば安全でビタミン源になる,8
07,07031,0903,（かんきつ類）　うんしゅうみかん　果実飲料　濃縮還元ジュース,0,179,42,89.3,0.3,0.5,(Tr),(0),0.1,8.5,,8.3,10.2,*,0,-,9.9,-,0.2,1,110,6,9,9,0.1,Tr,0.02,0.03,-,-,-,-,(0),3,81,1100,610,51,(0),0.2,0,0,0,-,0.06,0.04,0.2,0.2,0.04,(0),20,0.26,-,30,-,0,別名：みかん濃縮還元ジュース\n(100 g：97mL、100 mL：103g),"{""baseName"":""うんしゅうみかん"",""variety"":""果実飲料 濃縮還元ジュース"",""notes"":[""かんきつ類""]}",うんしゅうみかんの果汁は果肉由来の成分で一般に与えられるが、酸味や糖分が強いので多量は避けるべき。,7
07,07032,0904,（かんきつ類）　うんしゅうみかん　果実飲料　果粒入りジュース,0,224,53,86.7,(0.1),0.2,(0),(0),Tr,-,,-,13.1,*,Tr,-,13.0,-,0.1,4,33,5,3,4,0.1,Tr,0.01,0.03,-,-,-,-,(0),0,34,360,220,18,(0),0.1,0,0,0,-,0.02,0.01,0.1,(0.1),0.01,(0),0,0.08,-,12,-,0,別名：みかん粒入りジュース\n果粒（砂じょう） 20 % を含む,"{""baseName"":""うんしゅうみかん"",""variety"":""果実飲料 果粒入りジュース"",""notes"":[""かんきつ類""]}",みかん果肉は犬に与えられる果実だが、果汁飲料は加工品で糖分や酸があるため注意が必要。,7
07,07035,0907,（かんきつ類）　うんしゅうみかん　缶詰　果肉,0,267,63,83.8,-,0.5,(Tr),(0),0.1,-,,-,14.9,*,0.5,-,15.3,-,0.3,4,75,8,7,8,0.4,0.1,0.02,0.03,-,-,-,-,(0),10,91,640,410,34,(0),0.5,0,0,0,(0),0.05,0.02,0.2,0.3,0.03,(0),12,0.09,-,15,-,0,別名：みかん缶詰\n試料： ライトシラップ漬\n内容総量に対する果肉分： 60 %,"{""baseName"":""うんしゅうみかん"",""variety"":""果肉"",""state"":""缶詰"",""notes"":[""かんきつ類""]}",みかんの果肉は通常安全だが、缶詰のシロップ加工により糖分や酸が高くなるため多用は避けるべき。,7
07,07040,0909,（かんきつ類）　オレンジ　ネーブル　砂じょう　生,35,204,48,86.8,0.5,0.9,(0.1),0,0.1,8.3,,8.1,10.3,*,1.0,-,11.8,0.9,0.4,1,180,24,9,22,0.2,0.1,0.06,0.06,0,0,0,0,(0),3,23,210,130,11,(0),0.3,0,0,0,(0),0.07,0.04,0.3,0.4,0.06,(0),34,0.28,0.6,60,-,0,別名： ネーブルオレンジ\n廃棄部位： 果皮、じょうのう膜及び種子,"{""baseName"":""オレンジ"",""variety"":""ネーブル"",""part"":""砂じょう"",""state"":""生"",""notes"":[""かんきつ類""]}",オレンジの果肉は犬に与えられるが、皮や種は除去する必要がある,7
07,07041,0910,（かんきつ類）　オレンジ　バレンシア　米国産　砂じょう　生,40,179,42,88.7,(0.7),1.0,(0.1),0,0.1,(7.1),,(7.0),9.4,*,0.8,-,9.8,-,0.4,1,140,21,11,24,0.3,0.2,0.06,0.05,0,0,0,1,(0),14,50,130,120,10,(0),0.3,0,0,0,(0),0.10,0.03,0.4,(0.6),0.07,(0),32,0.36,0.9,40,-,0,別名： バレンシアオレンジ\n廃棄部位： 果皮、じょうのう膜及び種子,"{""baseName"":""オレンジ"",""variety"":""バレンシア"",""part"":""砂じょう"",""origin"":""米国産"",""state"":""生"",""notes"":[""かんきつ類""]}",オレンジの果肉は少量で与えやすいが酸味が強く、皮や種は除去して扱う,7
07,07161,0917,（かんきつ類）　オレンジ　福原オレンジ　砂じょう　生,50,180,43,88.7,-,1.0,-,0,0.1,-,,-,9.0,*,0.8,-,9.8,-,0.4,1,140,21,11,24,0.3,0.2,0.06,0.05,0,0,0,1,(0),14,50,130,120,10,(0),0.3,0,0,0,-,0.10,0.03,0.4,0.6,0.07,(0),32,0.36,0.9,60,-,0,廃棄部位： 果皮、じょうのう膜及び種子,"{""baseName"":""オレンジ"",""variety"":""福原オレンジ"",""part"":""砂じょう"",""state"":""生"",""notes"":[""かんきつ類""]}",果肉はビタミンが豊富で犬に与えやすいが皮や種は必ず除く必要がある。,8
07,07162,0920,（かんきつ類）　かわちばんかん　砂じょう　生,55,162,38,90.0,(0.4),0.7,-,(0),0.2,-,,-,8.5,*,0.6,-,8.8,-,0.3,1,160,10,10,21,0.1,0.1,0.03,0.02,-,-,-,-,(0),2,38,7,43,4,(0),0.2,0,0,0,(0),0.06,0.02,0.3,(0.4),0.05,(0),13,0.13,-,36,-,0,廃棄部位： 果皮、じょうのう膜及び種子、露地栽培品,"{""baseName"":""かわちばんかん"",""part"":""砂じょう"",""state"":""生"",""notes"":[""かんきつ類""]}",柑橘類の果肉は適度に与えられる安全な果実部位であるため使用可能。,8
07,07163,0921,（かんきつ類）　きよみ　砂じょう　生,40,190,45,88.4,(0.4),0.8,-,(0),0.2,-,,-,10.1,*,0.6,-,10.3,-,0.3,1,170,11,11,21,0.1,0.1,0.04,0.05,(0),(0),(1),(0),(0),9,200,690,540,45,(0),0.3,0,0,0,(0),0.10,0.02,0.3,(0.4),0.08,(0),24,0.27,(0.3),42,-,0,廃棄部位： 果皮、じょうのう膜及び種子、露地栽培品,"{""baseName"":""きよみ"",""part"":""砂じょう"",""state"":""生"",""notes"":[""かんきつ類""]}",清見（かんきつ類）の果肉部分で、犬に与えて問題のない果物の一種。果皮や種は除去が前提。,8
07,07165,0933,（かんきつ類）　しらぬひ　砂じょう　生,30,236,56,85.8,(0.5),0.8,-,(0),0.2,-,,-,12.6,*,0.6,-,12.9,-,0.3,Tr,170,9,9,18,0.1,0.1,0.03,0.07,(0),(0),(1),(0),(0),2,48,630,360,30,(0),0.3,0,0,0,(0),0.09,0.03,0.3,(0.4),0.04,(0),17,0.25,(0.4),48,-,0,別名： デコポン（全国糖酸度統一基準を満たすもの）、しらぬい、不知火、ヒメポン\n廃棄部位： 果皮、じょうのう膜及び種子\nハウス栽培品及び露地栽培品,"{""baseName"":""しらぬひ"",""part"":""砂じょう"",""state"":""生"",""notes"":[""かんきつ類""]}",柑橘類の果肉は少量なら与えられることが多いが、皮や種は除去する必要があります。,7
07,07166,0936,（かんきつ類）　せとか　砂じょう　生,20,214,50,86.9,(0.5),0.8,-,(0),0.2,-,,-,11.3,*,0.7,-,11.7,-,0.3,1,170,11,10,17,0.1,0.1,0.03,0.09,-,-,-,-,(0),8,250,1400,930,77,(0),0.4,0,0,0,(0),0.08,0.03,0.3,(0.4),0.05,(0),29,0.13,-,57,-,0,廃棄部位： 果皮、じょうのう膜及び種子\nハウス栽培品及び露地栽培品,"{""baseName"":""せとか"",""part"":""砂じょう"",""state"":""生"",""notes"":[""かんきつ類""]}",果肉部分は柑橘類で風味が強いが栄養源として利用可能（皮・種は除去）。,8
07,07085,0937,（かんきつ類）　セミノール　砂じょう　生,40,226,53,86.0,-,1.1,-,(0),0.1,-,,-,11.6,*,0.8,-,12.4,-,0.4,2,200,24,16,18,0.2,0.1,0.04,0.10,-,-,-,-,(0),0,410,1300,1100,89,(0),0.3,0,0,0,(0),0.01,0.04,0.3,0.5,0.09,(0),27,0.45,-,41,-,0,廃棄部位： 果皮、じょうのう膜及び種子,"{""baseName"":""セミノール"",""part"":""砂じょう"",""state"":""生"",""notes"":[""かんきつ類""]}",セミノール（柑橘）の果肉部は食べられるが皮・種は除去して使う。,7
07,07093,0939,（かんきつ類）　なつみかん　砂じょう　生,45,178,42,88.6,0.5,0.9,-,0,0.1,-,,-,9.2,*,1.2,-,10.0,-,0.4,1,190,16,10,21,0.2,0.1,0.05,0.04,-,-,-,-,(0),3,22,120,85,7,(0),0.3,0,0,0,(0),0.08,0.03,0.4,0.5,0.05,(0),25,0.29,-,38,-,0,別名： なつだいだい\nなつかん、あまなつみかんを含む\n廃棄部位： 果皮、じょうのう膜及び種子,"{""baseName"":""なつみかん"",""part"":""砂じょう"",""state"":""生"",""notes"":[""かんきつ類""]}",なつみかんの果肉（砂じょう）は柑橘類の果肉として与えやすく、種・皮を除けば使用可能。,8
07,07094,0940,（かんきつ類）　なつみかん　缶詰,0,338,80,79.7,-,0.5,-,(0),0.1,-,,-,18.9,*,0.5,-,19.4,-,0.3,4,92,11,8,12,0.1,0.1,0.03,0.03,-,-,-,-,(0),0,Tr,21,11,1,(0),0.2,0,0,0,(0),0.04,Tr,0.2,0.3,0.03,(0),12,0.07,-,14,-,0,別名： なつだいだい\nなつかん、あまなつみかんを含む\n試料： ヘビーシラップ漬\n液汁を含んだもの (液汁 45 %),"{""baseName"":""なつみかん"",""state"":""缶詰"",""notes"":[""かんきつ類""]}",缶詰のなつみかん（ヘビーシロップ）は果肉自体は可食だが糖分の高いシロップ漬けである点に注意が必要,7
07,07105,0941,（かんきつ類）　はっさく　砂じょう　生,35,199,47,87.2,(0.5),0.8,-,(0),0.1,-,,-,10.3,*,1.5,-,11.5,-,0.4,1,180,13,10,17,0.1,0.1,0.04,0.03,-,-,-,-,(0),0,21,170,110,9,(0),0.3,0,0,0,(0),0.06,0.03,0.2,(0.3),0.07,(0),16,0.30,-,40,-,0,廃棄部位： 果皮、じょうのう膜及び種子,"{""baseName"":""はっさく"",""part"":""砂じょう"",""state"":""生"",""notes"":[""かんきつ類""]}",はっさくの果肉は柑橘類として利用できる（皮・種は除去）。,7
07,07167,0942,（かんきつ類）　はるみ　砂じょう　生,30,220,52,86.5,(0.5),0.9,-,(0),0.2,-,,-,11.7,*,0.8,-,12.1,-,0.3,0,170,9,10,16,0.1,0.1,0.03,0.05,-,-,-,-,(0),2,130,1100,690,57,(0),0.3,0,0,0,(0),0.11,0.02,0.2,(0.3),0.05,(0),19,0.21,-,40,-,0,廃棄部位： 果皮、じょうのう膜及び種子、露地栽培品,"{""baseName"":""はるみ"",""part"":""砂じょう"",""state"":""生"",""notes"":[""かんきつ類""]}",かんきつ類の果肉（じょうのう膜を除いた砂じょう）は一般的に犬に与えて問題ない栄養源,8
07,07113,0944,（かんきつ類）　ひゅうがなつ　砂じょう　生,55,149,35,90.7,(0.3),0.6,-,(0),0.1,-,,-,7.9,*,0.7,-,8.3,-,0.3,1,110,5,6,9,0.1,Tr,0.02,0.04,-,-,-,-,(0),0,0,19,9,1,(0),0.1,0,0,0,(0),0.06,0.03,0.2,(0.3),0.05,(0),13,0.27,-,21,-,0,別名： ニューサマーオレンジ、小夏みかん\n廃棄部位： 果皮（フラベドとアルベド）、じょうのう膜及び種子,"{""baseName"":""ひゅうがなつ"",""part"":""砂じょう"",""state"":""生"",""notes"":[""かんきつ類""]}",ひゅうがなつの果肉部分は柑橘類の果実として与えて問題ないが、皮や種は除去する必要がある。,7
07,07126,0945,（かんきつ類）　ぶんたん　砂じょう　生,50,174,41,89.0,(0.4),0.7,-,(0),0.1,-,,-,9.2,*,0.9,-,9.8,-,0.4,1,180,13,7,19,0.1,0.1,0.04,0.02,-,-,-,-,(0),0,15,0,15,1,(0),0.5,0,0,0,(0),0.03,0.04,0.3,(0.4),0,(0),16,0.32,-,45,-,0,別名： ざぼん、ぼんたん\n廃棄部位： 果皮、じょうのう膜及び種子,"{""baseName"":""ぶんたん"",""part"":""砂じょう"",""state"":""生"",""notes"":[""かんきつ類""]}",ぶんたんの果肉部分は柑橘類の果実で与えやすいが皮や種は除去する必要がある。,7
07,07127,0946,（かんきつ類）　ぶんたん　ざぼん漬,0,1436,338,14.0,(0.1),0.2,-,(0),0.1,-,,-,82.9,*,2.7,-,85.5,-,0.2,13,8,22,6,3,0.3,Tr,0.01,0.01,-,-,-,-,(0),0,4,0,4,Tr,(0),0.1,0,0,0,(0),0,0.02,Tr,(Tr),0,(0),2,0,-,Tr,-,0,別名： ざぼん、ぼんたん,"{""baseName"":""ぶんたん"",""variety"":""ざぼん漬"",""notes"":[""かんきつ類""]}",ぶんたん（ザボン）の果肉は柑橘類で風味付けや少量のトッピングとして使えるが加工品のため塩分・糖分に注意。,7
07,07129,0947,（かんきつ類）　ぽんかん　砂じょう　生,35,178,42,88.8,(0.5),0.9,-,(0),0.1,-,,-,9.3,*,1.0,-,9.9,-,0.3,1,160,16,9,16,0.1,Tr,0.02,0.09,-,-,-,-,(0),3,110,1000,620,52,(0),0.2,0,0,0,(0),0.08,0.04,0.2,(0.3),0.05,(0),13,0.24,-,40,-,0,廃棄部位： 果皮、じょうのう膜及び種子,"{""baseName"":""ぽんかん"",""part"":""砂じょう"",""state"":""生"",""notes"":[""かんきつ類""]}",ぽんかんの果肉は柑橘類で与えられるが、皮や種は除く必要がある,7
07,07054,0953,キウイフルーツ　緑肉種　生,15,217,51,84.7,0.8,1.0,0.2,0,0.2,9.6,*,9.5,9.1,,2.6,0,13.4,2.0,0.7,1,300,26,14,30,0.3,0.1,0.10,0.09,0,1,0,Tr,(0),0,53,0,53,4,(0),1.3,0,0,0,6,0.01,0.02,0.3,0.5,0.11,(0),37,0.31,1.4,71,-,0,別名： キウイ\n廃棄部位： 果皮及び両端,"{""baseName"":""キウイフルーツ"",""variety"":""緑肉種"",""state"":""生""}",キウイの果肉は与えられるが皮は消化しにくく酸味が強いので少量推奨。,7
07,07168,0954,キウイフルーツ　黄肉種　生,20,267,63,83.2,-,1.1,(0.2),(0),0.2,(11.9),,(11.9),13.6,*,1.4,-,14.9,-,0.5,2,300,17,12,25,0.2,0.1,0.07,0.04,-,-,-,-,(0),1,38,4,41,3,(0),2.5,0,0,0,(6),0.02,0.02,0.3,(0.5),0.14,(0),32,0.26,-,140,-,0,別名： ゴールデンキウイ\n廃棄部位： 果皮及び両端,"{""baseName"":""キウイフルーツ"",""variety"":""黄肉種"",""state"":""生""}",キウイフルーツ（黄肉種）は果肉部分は与えやすい果物だが、酸味や酵素で口腔に刺激を与える場合がある。,7
07,07183,0955,きはだ　実　乾,0,1593,378,13.1,-,7.3,-,-,9.8,-,,-,65.1,*,-,-,65.1,-,4.7,17,2100,230,88,240,1.7,0.6,0.36,0.69,6,1,3,110,-,3,58,2,60,5,-,1.3,Tr,0.7,0,87,0.17,0.18,1.4,2.6,0.53,-,12,1.83,23.0,0,-,0,,"{""baseName"":""きはだ"",""variety"":""実"",""state"":""乾""}",乾燥した果実類と推定され、果実部は少量であれば素材として使用可能（品目により取扱注意）。,7
07,07055,0956,キワノ　生,40,171,41,89.2,-,1.5,-,0,0.9,-,,-,5.4,*,2.6,-,8.0,-,0.4,2,170,10,34,42,0.4,0.4,0.09,0.13,-,-,-,-,(0),0,36,0,36,3,(0),0.7,0.1,1.2,0,-,0.03,0.01,0.2,0.5,0.04,0,2,0.14,-,2,-,0,別名： キワノフルーツ、ツノニガウリ\n廃棄部位： 果皮,"{""baseName"":""キワノ"",""state"":""生""}",キワノの果肉は食用で果皮は除去すれば使用可能だが流通が少ない,7
07,07057,0957,グァバ　赤肉種　生,30,136,33,88.9,(0.3),0.6,0.1,(0),0.1,(3.6),,(3.6),5.1,*,5.1,-,9.9,-,0.5,3,240,8,8,16,0.1,0.1,0.06,0.09,-,-,-,-,(0),5,580,51,600,50,(0),0.3,0,0,0,(2),0.03,0.04,0.8,(0.9),0.06,(0),41,0.32,-,220,-,0,別名： グアバ、ばんじろう、ばんざくろ\n廃棄部位： 果皮及び種子,"{""baseName"":""グァバ"",""variety"":""赤肉種"",""state"":""生""}",果実として与えやすくビタミンや水分が豊富、種と皮は除去して与える,7
07,07169,0958,グァバ　白肉種　生,30,136,33,88.9,(0.3),0.6,0.1,(0),0.1,-,,-,5.1,*,5.1,-,9.9,-,0.5,3,240,8,8,16,0.1,0.1,0.06,0.09,-,-,-,-,(0),-,-,-,0,(0),(0),0.3,0,0,0,(2),0.03,0.04,0.8,(0.9),0.06,(0),41,0.32,-,220,-,0,別名： グアバ、ばんじろう、ばんざくろ\n廃棄部位： 果皮及び種子,"{""baseName"":""グァバ"",""variety"":""白肉種"",""state"":""生""}",グァバの果肉は犬が食べられる果物で、種や皮の除去が前提であれば安全。,7
07,07061,0962,ぐみ　生,10,304,72,81.0,-,1.3,-,(0),0.2,-,,-,15.2,*,2.0,-,17.2,-,0.3,2,130,10,4,24,0.2,0.1,0.10,0.15,-,-,-,-,(0),54,330,46,380,32,(0),2.2,0.1,0.1,0,-,0.01,0.04,0.3,0.5,0.02,(0),15,0.45,-,5,-,0,廃棄部位： 種子及び果柄,"{""baseName"":""ぐみ"",""state"":""生""}",ぐみの果肉は一般に問題なく与えられる（種は除去）,7
07,07157,0963,ココナッツ　ココナッツウォーター,0,92,22,94.3,(0.2),0.2,0.1,(0),0.1,(7.9),,(7.8),5.0,*,0,-,5.0,-,0.4,11,230,11,6,11,0.1,0.1,Tr,0.16,-,-,-,-,0,-,-,-,Tr,0,(0),0,0,0,0,-,0.01,0.01,0.1,(0.1),0,(0),1,0,-,2,-,0,全果に対する割合： 20 %\n(100 g：98mL、100 mL：102g),"{""baseName"":""ココナッツ"",""variety"":""ココナッツウォーター""}",水分と電解質を含む飲料で一般に安全。糖分やカリウムを含むため量に注意。,7
07,07070,0966,さくらんぼ　国産　生,10,271,64,83.1,(0.8),1.0,(0.1),(0),0.2,-,,-,14.2,*,1.2,-,15.2,-,0.5,1,210,13,6,17,0.3,0.1,0.05,-,0,0,Tr,1,(0),13,81,21,98,8,(0),0.5,Tr,0,0,(2),0.03,0.03,0.2,(0.3),0.02,(0),38,0.24,0.7,10,-,0,別名： おうとう、スイートチェリー\n廃棄部位： 核及び果柄,"{""baseName"":""さくらんぼ"",""origin"":""国産"",""state"":""生""}",さくらんぼの果肉は与えられるが、核（種）は除去する必要がある。,7
07,07071,0967,さくらんぼ　米国産　生,9,273,64,81.1,(1.0),1.2,(0.1),(0),0.1,(13.7),*,(13.7),13.8,,1.4,2.2,17.1,-,0.5,1,260,15,12,23,0.3,0.1,0.08,0.11,-,-,-,-,(0),0,20,7,23,2,(0),0.5,Tr,0,0,(2),0.03,0.03,0.2,(0.4),0.02,(0),42,0.29,-,9,-,0,別名： おうとう、スイートチェリー\n廃棄部位： 核及び果柄,"{""baseName"":""さくらんぼ"",""origin"":""米国産"",""state"":""生""}",さくらんぼの果肉は利用可能だが核（種）は有害なので除去が必要,7
07,07072,0968,さくらんぼ　米国産　缶詰,15,298,70,81.5,-,0.6,(0.1),(0),0.1,(13.8),,(13.6),15.8,*,1.0,0.9,17.6,-,0.2,3,100,10,5,12,0.4,0.5,0.06,0.08,-,-,-,-,(0),0,41,0,41,3,(0),0.5,0,0,0,(1),0.01,0.01,0.1,0.2,0.01,(0),12,0,-,7,-,0,別名： おうとう、スイートチェリー\n試料： ヘビーシラップ漬\n液汁を除いたもの\n内容総量に対する果肉分： 50 %\n廃棄部位： 核及び果柄\nビタミンC： 酸化防止用として添加品あり,"{""baseName"":""さくらんぼ"",""origin"":""米国産"",""state"":""缶詰""}",さくらんぼ（果肉、核除去済み）は果実として与えられるが種は除去してあるため使用可能。,8
07,07077,0970,すいか　赤肉種　生,40,172,41,89.6,0.3,0.6,(0.1),0,0.1,-,,-,9.5,*,0.3,-,9.5,-,0.2,1,120,4,11,8,0.2,0.1,0.03,0.03,0,0,0,1,(0),0,830,0,830,69,(0),0.1,0,0,0,0,0.03,0.02,0.2,0.3,0.07,(0),3,0.22,0.9,10,-,0,廃棄部位： 果皮及び種子\n廃棄率： 小玉種の場合 50 %,"{""baseName"":""すいか"",""variety"":""赤肉種"",""state"":""生""}",水分が多く低カロリーで犬に与えやすい果実。果皮・種は除去して与える。,8
07,07171,0971,すいか　黄肉種　生,40,172,41,89.6,(0.3),0.6,0.1,0,0.1,-,,-,9.5,*,0.3,-,9.5,-,0.2,1,120,4,11,8,0.2,0.1,0.03,0.03,0,0,0,1,(0),-,-,-,10,1,(0),0.1,0,0,0,0,0.03,0.02,0.2,(0.3),0.07,(0),3,0.22,0.9,10,-,0,廃棄部位： 果皮及び種子\n廃棄率： 小玉種の場合 50 %,"{""baseName"":""すいか"",""variety"":""黄肉種"",""state"":""生""}",水分が多く低カロリーな果実でおやつ向き、種と皮は除去して与える,8
07,07186,0971-1,（すぐり類）　赤すぐり　冷凍,20,182,43,86,0.4,0.8,0.1,-,0.3,-,,-,7.2,*,2.8,-,12.2,2.8,0.4,1,200,21,6,17,0.4,0.1,0.08,0.11,2,0,5,1,-,1,10,Tr,10,1,-,1,0.3,0.1,0.2,13,0.03,0.01,0.4,0.5,-,-,-,-,4.3,33,-,0,別名： レッドカーランツ\n廃棄部位： 果柄及び種子\nタンニン： 0.2g、ポリフェノール： 0.2ｇ食物繊維：AOAC2011.25法,"{""baseName"":""赤すぐり"",""state"":""冷凍"",""notes"":[""すぐり類""]}",赤すぐり（冷凍）は果実で特に有害成分はなく素材として使用可能である,7
07,07182,0972,（すぐり類）　カシス　冷凍,0,257,62,79.4,1.1,1.6,1.1,-,1.6,0,,-,6.4,*,6.4,-,13.4,3.5,0.7,Tr,270,40,19,54,0.5,0.2,0.08,0.26,0,0,1,4,-,2,100,1,110,9,-,2.1,Tr,0.3,Tr,30,0.03,0.03,0.3,0.6,-,-,-,-,5.7,-,-,0,別名：くろふさすぐり、くろすぐり\nポリフェノール：0.6ｇ、タンニン：0.8ｇ\n食物繊維：AOAC2011.25法,"{""baseName"":""カシス"",""state"":""冷凍"",""notes"":[""すぐり類""]}",カシスは抗酸化物質を含む果実で、少量であれば利用可能,7
07,07060,0973,（すぐり類）　グーズベリー　生,1,215,51,85.2,-,1.0,-,0,0.1,(10.9),*,(10.9),10.7,,2.5,-,13.2,-,0.5,1,200,14,10,24,1.3,0.1,0.05,0.15,-,-,-,-,(0),2,120,2,130,10,(0),1.0,Tr,0.1,0,-,0.02,0.02,0.2,0.4,0.02,0,47,0.40,-,22,-,0,別名： グズベリー、西洋すぐり、まるすぐり、おおすぐり\n廃棄部位： 両端,"{""baseName"":""グーズベリー"",""state"":""生"",""notes"":[""すぐり類""]}",グーズベリーは果実として与えやすく、少量なら犬のレシピに取り入れやすい。,7
07,07086,0978,チェリモヤ　生,20,348,82,78.1,(0.8),1.3,(0.2),0,0.3,(13.7),,(13.7),18.2,*,2.2,-,19.8,-,0.5,8,230,9,12,20,0.2,0.1,0.08,0.07,-,-,-,-,(0),0,3,1,4,Tr,(0),0.2,0,0,0,-,0.09,0.09,0.7,(1.1),0.23,0,90,0.36,-,34,-,0,廃棄部位： 果皮、種子及びへた,"{""baseName"":""チェリモヤ"",""state"":""生""}",チェリモヤの果肉は与えられるが、種子や皮は必ず除去する。,7
07,07111,0979,ドラゴンフルーツ　生,35,218,52,85.7,-,1.4,-,0,0.3,-,,-,9.9,*,1.9,-,11.8,-,0.8,Tr,350,6,41,29,0.3,0.3,0.03,0.09,-,-,-,-,(0),0,0,0,0,(0),(0),0.4,0,0.1,0,-,0.08,0.06,0.4,0.6,0.05,0,44,0.53,-,7,-,0,別名： ピタヤ\n試料： レッドピタヤ\n廃棄部位： 果皮,"{""baseName"":""ドラゴンフルーツ"",""state"":""生""}",ドラゴンフルーツは果肉が消化に優しく犬に与えやすい果物素材である,7
07,07087,0980,ドリアン　生,15,592,140,66.4,-,2.3,2.8,0,3.3,-,,-,25.5,*,2.1,-,27.1,-,0.9,Tr,510,5,27,36,0.3,0.3,0.19,0.31,0,1,0,10,(0),0,36,1,36,3,(0),2.3,0,0.1,0,-,0.33,0.20,1.4,1.8,0.25,0,150,0.22,5.9,31,-,0,試料： 果皮を除いた冷凍品\n廃棄部位： 種子,"{""baseName"":""ドリアン"",""state"":""生""}",ドリアンの果肉に特異な強い毒性の報告はなく使用可能だが高エネルギーである点に留意,7
07,07088,0981,（なし類）　日本なし　生,15,161,38,88.0,0.2,0.3,(0.1),0,0.1,8.3,*,8.1,9.0,,0.9,1.5,11.3,-,0.3,Tr,140,2,5,11,0,0.1,0.06,0.04,0,0,0,Tr,(0),0,0,0,0,(0),(0),0.1,Tr,0,0,(5),0.02,Tr,0.2,0.2,0.02,(0),6,0.14,0.5,3,-,0,廃棄部位： 果皮及び果しん部,"{""baseName"":""日本なし"",""state"":""生"",""notes"":[""なし類""]}",日本なしの果肉は安全で水分・繊維が取れる良い素材（種・芯は除去）。,8
07,07090,0983,（なし類）　中国なし　生,15,209,49,86.8,(0.1),0.2,(0.1),(0),0.1,-,,-,11.4,*,1.4,-,12.7,-,0.2,1,140,2,5,8,0.1,Tr,0.05,0.03,-,-,-,-,0,-,-,-,0,0,(0),0.2,Tr,0,0,-,0.02,0.01,0.2,(0.2),0.02,(0),6,0.14,-,6,-,0,廃棄部位： 果皮及び果しん部,"{""baseName"":""中国なし"",""state"":""生"",""notes"":[""なし類""]}",梨の果肉は消化性が良く水分・食物繊維を含む。芯・種は除去して与える。,8
07,07091,0984,（なし類）　西洋なし　生,15,203,48,84.9,(0.2),0.3,(0.1),(0),0.1,(9.2),*,(9.2),9.6,,1.9,2.9,14.4,-,0.3,Tr,140,5,4,13,0.1,0.1,0.12,0.04,0,0,0,1,(0),0,0,0,0,(0),(0),0.3,Tr,0,0,(4),0.02,0.01,0.2,(0.2),0.02,(0),4,0.09,0.3,3,-,0,別名： 洋なし\n廃棄部位： 果皮及び果しん部,"{""baseName"":""西洋なし"",""state"":""生"",""notes"":[""なし類""]}",洋なしは犬に与えて問題ない果物で、果肉のみなら素材として適切,8
07,07095,0986,なつめ　乾,15,1242,294,21.0,-,3.9,-,0,2.0,-,,-,58.9,*,12.5,-,71.4,-,1.7,3,810,65,39,80,1.5,0.8,0.24,0.46,-,-,-,-,(0),0,7,0,7,1,(0),0.1,0,0,0,-,0.10,0.21,1.6,2.3,0.14,0,140,0.86,-,1,-,0,廃棄部位： 核,"{""baseName"":""なつめ"",""state"":""乾""}",なつめ（乾燥）は果実で消化上問題なく、乾燥品として利用できる,7
07,07096,0987,なつめやし　乾,5,1191,281,24.8,(1.2),2.2,(Tr),(0),0.2,(59.0),,(59.0),65.4,*,7.0,-,71.3,-,1.5,Tr,550,71,60,58,0.8,0.4,0.40,0.38,-,-,-,-,(0),0,160,0,160,13,(0),1.4,Tr,0.3,0,(3),0.07,0.04,1.8,(2.0),0.16,(0),19,0.94,-,0,-,0,別名： デーツ\n廃棄部位： へた及び核,"{""baseName"":""なつめやし"",""state"":""乾""}",デーツは果肉自体は有害でなくエネルギー源になるが糖分が高いので使用量に注意が必要,7
07,07097,0988,パインアップル　生,45,231,54,85.2,0.4,0.6,(0.1),0,0.1,12.6,*,12.2,11.9,,1.2,-,13.7,0.9,0.4,Tr,150,11,14,9,0.2,0.1,0.11,1.33,0,0,0,Tr,(0),Tr,37,2,38,3,(0),Tr,0,0,0,1,0.09,0.02,0.2,0.3,0.10,(0),12,0.23,0.2,35,-,0,別名： パイナップル\n廃棄部位： はく皮及び果しん部,"{""baseName"":""パインアップル"",""state"":""生""}",果肉は与えられるが酸味や酵素で消化器に刺激が出ることがあるため量に注意,7
07,07177,0989,パインアップル　焼き,0,313,74,78.2,(0.7),0.9,0.1,(0),0.2,17.1,*,16.5,17.8,,1.7,-,20.1,1.0,0.5,Tr,190,16,18,13,0.3,0.1,0.14,1.67,0,0,Tr,1,(0),Tr,44,4,46,4,(0),0.1,0,0,0,2,0.11,0.02,0.3,(0.5),0.12,(0),14,0.64,0.3,41,-,0,別名： パイナップル\nはく皮及び果しん部を除いたもの,"{""baseName"":""パインアップル"",""state"":""焼き""}",果肉は消化に適し酵素を含む食材であり適量で安全に使える,8
07,07099,0991,パインアップル　果実飲料　濃縮還元ジュース,0,193,45,88.3,-,0.1,(0.1),(0),0.1,(10.1),,(9.9),11.1,*,0,-,11.1,-,0.4,1,190,9,10,12,0.3,0.1,0.03,1.16,-,-,-,-,(0),0,11,1,12,1,(0),Tr,0,0,0,0,0.05,0.02,0.2,0.2,0.05,(0),7,0.17,-,5,-,0,別名： パイナップル\n(100 g：98mL、100 mL：103g),"{""baseName"":""パインアップル"",""variety"":""果実飲料 濃縮還元ジュース""}",濃縮還元のパイナップル果実飲料は果実由来の栄養があるが糖分が高い点に注意。,7
07,07104,0996,ハスカップ　生,0,233,55,85.5,-,0.7,-,0,0.6,-,,-,10.7,*,2.1,-,12.8,-,0.4,Tr,190,38,11,25,0.6,0.1,0.06,-,-,-,-,-,0,-,-,-,130,11,(0),1.1,0,0.3,Tr,-,0.02,0.03,0.5,0.6,0.04,0,7,0.29,-,44,-,0,別名： くろみのうぐいすかぐら\n果実全体,"{""baseName"":""ハスカップ"",""state"":""生""}",ベリー類で有害成分は特にないが酸味が強い場合があるため一般的に使用可能。,7
07,07107,0998,バナナ　生,40,392,93,75.4,0.7,1.1,(0.1),0,0.2,19.4,,18.5,21.1,*,1.1,-,22.5,0.7,0.8,Tr,360,6,32,27,0.3,0.2,0.09,0.26,0,1,0,7,(0),28,42,0,56,5,(0),0.5,0,0,0,(Tr),0.05,0.04,0.7,0.9,0.38,(0),26,0.44,1.4,16,-,0,廃棄部位： 果皮及び果柄,"{""baseName"":""バナナ"",""state"":""生""}",バナナは果肉が消化しやすく犬に与えて問題ない果物の一つ,8
07,07108,0999,バナナ　乾,0,1330,314,14.3,(2.4),3.8,(0.2),(0),0.4,(67.4),,(64.5),70.5,*,7.0,-,78.5,2.5,3.0,1,1300,26,92,84,1.1,0.6,0.25,1.31,-,-,-,-,(0),330,670,9,840,70,(0),1.4,Tr,0,0,(2),0.07,0.12,1.4,(2.0),1.04,(0),34,1.13,-,Tr,-,0,,"{""baseName"":""バナナ"",""state"":""乾""}",乾燥バナナは可食で糖分が濃縮されているため量に注意すれば素材として利用できる。,7
07,07109,1000,パパイア　完熟　生,35,141,33,89.2,(0.2),0.5,(0.2),(0),0.2,(7.1),*,(7.1),7.6,,2.2,-,9.5,-,0.6,6,210,20,26,11,0.2,0.1,0.05,0.04,0,Tr,0,1,(0),0,67,820,480,40,(0),0.3,Tr,0.3,0,(2),0.02,0.04,0.3,(0.4),0.01,(0),44,0.42,0.2,50,-,0,別名 : パパイヤ\n廃棄部位： 果皮及び種子,"{""baseName"":""パパイア"",""variety"":""完熟"",""state"":""生""}",完熟パパイアの果肉は消化に良い果物で犬のレシピ素材として利用可能です（皮・種は除去）。,8
07,07114,1002,びわ　生,30,174,41,88.6,(0.2),0.3,(0.1),(0),0.1,(5.9),,(5.9),9.1,*,1.6,-,10.6,-,0.4,1,160,13,14,9,0.1,0.2,0.04,0.27,0,0,0,0,(0),0,510,600,810,68,(0),0.1,0.1,0,0,-,0.02,0.03,0.2,(0.3),0.06,(0),9,0.22,0.1,5,-,0,廃棄部位： 果皮及び種子,"{""baseName"":""びわ"",""state"":""生""}",びわの果肉は犬に与えて問題ない果物だが種は除去する必要がある,8
07,07115,1003,びわ　缶詰,0,339,80,79.6,(0.2),0.3,(0.1),(0),0.1,-,,-,19.3,*,0.6,-,19.8,-,0.2,2,60,22,5,3,0.1,0.1,0.17,0.10,-,-,-,-,(0),0,320,310,470,39,(0),0.2,0,0,0,-,0.01,0.01,0.2,(0.3),0.02,(0),9,0,-,Tr,-,0,試料： ヘビーシラップ漬\n液汁を含んだもの （液汁 45 % ）\nビタミンC： 酸化防止用として添加品あり,"{""baseName"":""びわ"",""state"":""缶詰""}",びわの缶詰（シロップ漬）。果肉自体は利用可能だがシロップ（糖分）が多い点を考慮。,7
07,07124,1013,ブルーベリー　生,0,201,48,86.4,(0.3),0.5,(0.1),0,0.1,(8.6),,(8.6),9.8,*,3.3,-,12.9,-,0.1,1,70,8,5,9,0.2,0.1,0.04,0.26,0,0,Tr,1,(0),0,55,0,55,5,(0),1.7,Tr,0.6,Tr,(15),0.03,0.03,0.2,(0.2),0.05,0,12,0.12,1.1,9,-,0,試料： ハイブッシュブルーベリー\n果実全体,"{""baseName"":""ブルーベリー"",""state"":""生""}",ブルーベリーは抗酸化物質が豊富で犬に与えて良い果物。,9
07,07172,1015,ブルーベリー　乾,0,1181,280,21.9,(1.5),2.7,(1.5),(0),1.9,-,,-,56.4,*,17.6,-,72.5,-,1.0,4,400,43,28,63,1.2,0.4,0.23,1.94,(0),(0),(2),(4),(0),10,72,8,81,7,(0),5.1,0.1,1.9,0.1,89,0.12,0.10,1.5,(1.7),0.20,(0),13,0.26,-,Tr,-,0,ドライフルーツ\n試料： 有機栽培品含む,"{""baseName"":""ブルーベリー"",""state"":""乾""}",ブルーベリーは犬に安全で抗酸化物質を含むが、乾燥により糖分が濃縮される点に留意。,7
07,07128,1016,ホワイトサポテ　生,35,310,73,79.0,(1.2),1.5,0.1,0,0.1,(16.3),*,(15.8),16.1,,3.1,-,18.9,-,0.5,Tr,220,13,17,28,0.2,0.2,0.09,0.09,-,-,-,-,(0),0,13,0,13,1,(0),0.4,0,0,0,-,0.05,0.05,0.6,(1.4),0.06,0,36,0.22,-,18,-,0,廃棄部位： 果皮及び種子,"{""baseName"":""ホワイトサポテ"",""state"":""生""}",ホワイトサポテの果肉は食用で安全だが、果皮や種子は除去する必要がある。,7
07,07130,1017,まくわうり　黄肉種　生,40,142,34,90.8,(0.6),0.8,0.1,(0),0.1,(7.6),*,(7.4),7.0,,1.0,-,7.8,-,0.5,1,280,6,12,8,0.2,0.1,0.02,0.05,-,-,-,-,(0),68,140,4,180,15,(0),0.1,0,0.3,0,-,0.03,0.03,0.8,(0.8),0.06,(0),50,0.16,-,30,-,0,廃棄部位： 果皮及び種子,"{""baseName"":""まくわうり"",""variety"":""黄肉種"",""state"":""生""}",まくわうりの果肉は水分・繊維が豊富で安全（果皮・種子は除く）。,8
07,07173,1018,まくわうり　白肉種　生,40,142,34,90.8,(0.6),0.8,0.1,(0),0.1,(7.6),*,(7.4),7.0,,1.0,-,7.8,-,0.5,1,280,6,12,8,0.2,0.1,0.02,0.05,-,-,-,-,(0),-,-,-,0,(0),(0),0.1,0,0.3,0,-,0.03,0.03,0.8,(0.8),0.06,(0),50,0.16,-,30,-,0,廃棄部位： 果皮及び種子,"{""baseName"":""まくわうり"",""variety"":""白肉種"",""state"":""生""}",まくわうり（果肉）は水分と微量栄養素があり犬に与えて問題ない果物素材,8
07,07131,1019,マルメロ　生,25,201,48,84.2,-,0.3,(0.1),0,0.1,(9.5),*,(9.4),10.0,,5.1,0,15.1,-,0.3,1,160,11,7,14,0.1,0.2,0.05,0.02,-,-,-,-,(0),0,26,51,51,4,(0),1.0,Tr,0,0,-,0.02,0.02,0.2,0.3,0.05,0,12,0.25,-,18,-,0,廃棄部位： 果皮及び果しん,"{""baseName"":""マルメロ"",""state"":""生""}",果肉は犬に問題なく使用できる果物。果皮・芯は廃棄表記があり果肉利用に適する。,7
07,07132,1020,マンゴー　生,35,289,68,82.0,(0.5),0.6,(0.1),(0),0.1,(13.8),,(13.4),15.7,*,1.3,-,16.9,-,0.4,1,170,15,12,12,0.2,0.1,0.08,0.10,0,0,0,0,(0),0,610,9,610,51,(0),1.8,Tr,0.1,0,(3),0.04,0.06,0.7,(0.9),0.13,(0),84,0.22,0.8,20,-,0,廃棄部位： 果皮及び種子,"{""baseName"":""マンゴー"",""state"":""生""}",マンゴーの果肉はビタミンや食物繊維があり犬に与えられる（種・皮は除く）,8
07,07179,1021,マンゴー　ドライマンゴー,0,1436,339,9.3,2.3,3.1,0.3,(0),0.7,68.9,,66.8,76.6,*,6.4,-,84.9,3.0,2.1,1,1100,37,57,81,0.5,0.6,0.20,0.53,2,2,1,2,(0),15,5900,280,6100,500,(0),6.8,0.2,0.1,0,16,0.27,0.21,3.4,4.0,0.43,(0),260,0.46,5.3,69,-,0,,"{""baseName"":""マンゴー"",""variety"":""ドライマンゴー""}",マンゴーの果肉は犬に安全だがドライは糖が凝縮しているので量に注意。,7
07,07133,1022,マンゴスチン　生,70,303,71,81.5,-,0.6,-,0,0.2,-,,-,16.1,*,1.4,-,17.5,-,0.2,1,100,6,18,12,0.1,0.2,0.07,0.35,0,1,0,0,(0),0,0,0,0,(0),(0),0.6,0.1,0.1,0.1,-,0.11,0.03,0.5,0.6,0.04,0,20,0.33,0.6,3,-,0,試料： 冷凍品\n廃棄部位： 果皮及び種子,"{""baseName"":""マンゴスチン"",""state"":""生""}",マンゴスチンの果肉は一般に問題なく与えられる果物で、素材として使用可能,7
07,07134,1023,メロン　温室メロン　生,50,172,40,87.8,(0.7),1.1,(0.1),(0),0.1,(9.6),*,(9.3),10.3,,0.5,-,10.3,-,0.7,7,340,8,13,21,0.3,0.2,0.05,0.04,0,2,1,4,(0),0,32,3,33,3,(0),0.2,0,0.1,0,(3),0.06,0.02,0.5,(0.6),0.10,(0),32,0.19,0.9,18,-,0,試料： アールス系（緑肉種）\n廃棄部位： 果皮及び種子,"{""baseName"":""メロン"",""variety"":""温室メロン"",""state"":""生""}",果肉は水分・ビタミン補給に良いおやつ。種子・果皮は除去して与える。,8
07,07135,1024,メロン　露地メロン　緑肉種　生,45,193,45,87.9,0.6,1.0,(0.1),0,0.1,9.5,,9.2,10.3,*,0.5,-,10.4,-,0.6,6,350,6,12,13,0.2,0.2,0.04,0.02,0,1,0,2,(0),6,140,0,140,12,(0),0.2,0,0.1,0,(3),0.05,0.02,0.8,0.9,0.11,(0),24,0.16,0.9,25,-,0,廃棄部位： 果皮及び種子,"{""baseName"":""メロン"",""variety"":""露地メロン 緑肉種"",""state"":""生""}",メロンの果肉は水分と糖分を含む安全な果物でレシピ素材に適する,8
07,07174,1025,メロン　露地メロン　赤肉種　生,45,193,45,87.9,(0.6),1.0,0.1,0,0.1,(9.5),,(9.2),10.3,*,0.5,-,10.4,-,0.6,6,350,6,12,13,0.2,0.2,0.04,0.02,0,1,0,2,(0),16,3600,0,3600,300,(0),0.2,0,0.1,0,(3),0.05,0.02,0.8,(0.9),0.11,(0),24,0.16,0.9,25,-,0,廃棄部位： 果皮及び種子,"{""baseName"":""メロン"",""variety"":""露地メロン 赤肉種"",""state"":""生""}",果肉は犬に安全なメロン類で、種や皮を除けば素材として適している,8
07,07136,1026,（もも類）　もも　白肉種　生,15,161,38,88.7,0.4,0.6,(0.1),0,0.1,8.4,*,8.0,8.4,,1.3,0.3,10.2,0.4,0.4,1,180,4,7,18,0.1,0.1,0.05,0.04,0,0,0,1,(0),0,0,9,5,Tr,(0),0.7,0,0,0,(1),0.01,0.01,0.6,0.6,0.02,(0),5,0.13,0.3,8,-,0,別名： 毛桃\n試料： 白肉種\n廃棄部位： 果皮及び核,"{""baseName"":""白肉種"",""part"":""もも"",""state"":""生"",""notes"":[""もも類""]}",ももの果肉は犬に与えて問題ない良い果物素材（種は除去前提）,8
07,07184,1027,（もも類）　もも　黄肉種　生,15,204,48,85.4,0.4,0.5,Tr,-,0.2,11.4,,11.0,8.6,*,1.9,2.7,13.4,0.4,0.4,0,210,3,6,21,0.1,0.1,0.06,0.03,0,0,0,2,-,1,140,130,210,17,-,1.3,0,Tr,0,1,0.02,0.02,0.7,0.7,0.01,0,8,0.15,0.2,6,-,0,廃棄部位： 果皮及び核\n食物繊維：AOAC2011.25法\nタンニン：Tr ポリフェノール：0.1ｇ,"{""baseName"":""黄肉種"",""part"":""もも"",""state"":""生"",""notes"":[""もも類""]}",黄肉種のもも果肉は犬に与えやすい果物（種・皮は除去）。,8
07,07138,1029,（もも類）　もも　缶詰　白肉種　果肉,0,349,82,78.5,(0.3),0.5,(0.1),(0),0.1,(16.6),,(16.3),19.4,*,1.4,-,20.6,-,0.3,4,80,3,4,9,0.2,0.2,0.04,0.03,-,-,-,-,(0),0,Tr,0,Tr,(0),(0),1.2,0,0,0,(3),0.01,0.02,0.3,(0.3),0.01,(0),4,0.07,-,2,-,0,別名： 毛桃\n試料 ： ヘビーシラップ漬\n内容総量に対する果肉分： 60 %\nビタミンC： 酸化防止用として添加品あり,"{""baseName"":""白肉種"",""variety"":""果肉"",""part"":""もも"",""state"":""缶詰"",""notes"":[""もも類""]}",缶詰の桃果肉は種がなく与えやすい果物だがシロップの糖分を含む加工品である,7
07,07139,1031,（もも類）　もも　缶詰　液汁,0,343,81,79.5,-,0.3,-,(0),0.1,-,,-,19.5,*,0.3,-,19.8,-,0.3,4,80,2,4,7,0.2,0.1,0.04,0.03,-,-,-,-,0,-,-,-,Tr,0,(0),0,0,0,0,-,0.01,0.01,0.3,0.4,0.01,(0),3,0,-,2,-,0,別名： 毛桃\n内容総量に対する液汁分： 40 %\nビタミンC： 酸化防止用として添加品あり,"{""baseName"":""液汁"",""part"":""もも"",""state"":""缶詰"",""notes"":[""もも類""]}",缶詰ももの果肉・液汁は果実として与えられるが糖分を含む加工品である,7
07,07140,1032,（もも類）　ネクタリン　生,15,164,39,87.8,(0.4),0.7,(0.2),(0),0.3,(8.0),*,(7.7),8.7,,1.7,0.6,10.7,-,0.5,1,210,5,10,16,0.2,0.1,0.08,0.06,-,-,-,-,(0),0,150,180,240,20,(0),1.4,0,0,0,(2),0.02,0.03,0.7,(0.8),0.01,(0),12,0.20,-,10,-,0,別名： 油桃\n廃棄部位： 果皮及び核,"{""baseName"":""ネクタリン"",""state"":""生"",""notes"":[""もも類""]}",ネクタリンの果肉は安全で、種や果皮を除けば犬の果物素材として適切。,8
07,07141,1033,やまもも　生,10,198,47,87.8,-,0.5,-,0,0.2,-,,-,10.2,*,1.1,-,11.3,-,0.2,4,120,4,7,5,0.4,0.1,0.03,0.22,-,-,-,-,(0),0,18,2,19,2,(0),0.3,0,0,0,-,0.04,0.03,0.3,0.4,0.05,0,26,0.21,-,4,-,0,試料： 栽培品\n廃棄部位： 種子,"{""baseName"":""やまもも"",""state"":""生""}",やまもも（果肉）は一般に与えて問題ない果物で素材として使用可能,7
07,07146,1035,ラズベリー　生,0,150,36,88.2,-,1.1,-,0,0.1,(5.6),*,(5.6),5.4,,4.7,0.1,10.2,-,0.4,1,150,22,21,29,0.7,0.4,0.12,0.50,-,-,-,-,(0),19,10,0,19,2,(0),0.8,0.1,1.9,1.6,(6),0.02,0.04,0.6,0.8,0.07,0,38,0.43,-,22,-,0,別名： レッドラズベリー、西洋きいちご\n果実全体,"{""baseName"":""ラズベリー"",""state"":""生""}",ラズベリーは抗酸化物質を含む安全な果実で、適量であれば犬のレシピ素材として適している。,8
07,07147,1036,りゅうがん　乾,60,1314,310,19.4,(3.2),5.1,(0.3),(0),0.4,-,,-,72.1,*,2.8,-,72.9,-,2.2,2,1000,30,43,94,1.7,0.7,0.68,0.20,-,-,-,-,0,-,-,-,Tr,0,(0),0.1,Tr,0.4,0,-,0.03,0.74,2.5,(2.5),0.20,(0),20,0,-,0,-,0,廃棄部位： 果皮及び種子,"{""baseName"":""りゅうがん"",""state"":""乾""}",竜眼（乾）は果肉自体は問題ないが、乾燥品は糖分が凝縮している点に注意が必要です。,7
07,07148,1037,りんご　皮なし　生,15,225,53,84.1,0.1,0.1,Tr,(0),0.2,12.4,*,12.2,13.0,,1.4,0.7,15.5,0.5,0.2,Tr,120,3,3,12,0.1,Tr,0.05,0.02,0,0,1,0,(0),0,12,7,15,1,(0),0.1,0,0,0,Tr,0.02,Tr,0.1,0.1,0.04,(0),2,0.03,0.5,4,-,0,廃棄部位： 果皮及び果しん部,"{""baseName"":""りんご"",""formModifiers"":[""皮なし""],""state"":""生""}",りんごの果肉は犬に安全な果物で、皮・芯が除去されているため与えやすい,9
07,07176,1038,りんご　皮つき　生,8,238,56,83.1,(0.1),0.2,(0.1),(0),0.3,12.9,*,12.7,13.5,,1.9,0.5,16.2,0.4,0.2,Tr,120,4,5,12,0.1,0.1,0.05,0.04,0,0,0,1,(0),0,22,10,27,2,(0),0.4,0,0,0,2,0.02,0.01,0.1,(0.1),0.04,(0),3,0.05,0.7,6,-,0,廃棄部位： 果しん部,"{""baseName"":""りんご"",""formModifiers"":[""皮つき""],""state"":""生""}",りんごの果肉はビタミン・食物繊維が豊富で安全。芯と種は除去する必要がある,9
07,07180,1039,りんご　皮つき　焼き,0,364,86,77.2,(0.2),0.2,-,(0),0.4,17.3,,17.0,18.8,*,2.5,-,21.9,0.6,0.3,1,170,5,7,17,0.1,0.1,0.07,0.05,1,0,Tr,1,(0),0,32,14,39,3,(0),0.7,0,0,0,3,0.03,0.01,0.1,(0.2),0.06,(0),4,0.05,0.9,7,-,0,果しん部を除いたもの,"{""baseName"":""りんご"",""formModifiers"":[""皮つき""],""state"":""焼き""}",焼きりんごは消化しやすく果肉は犬に適する（芯・種は除去）,8
07,07149,1040,りんご　果実飲料　ストレートジュース,0,182,43,87.7,-,0.2,(Tr),(0),0.1,10.8,*,10.7,11.4,,Tr,0.4,11.8,-,0.2,3,77,2,3,6,0.4,Tr,0.03,0.03,0,0,1,Tr,(0),0,0,0,0,(0),(0),0.1,0,0,0,-,0.01,0.01,0.1,0.1,0.03,(0),3,0.21,0.5,3,-,0,(100 g：98mL、100 mL：103g),"{""baseName"":""りんご"",""variety"":""果実飲料 ストレートジュース""}",りんご由来のストレートジュースは果実由来で犬に与えやすく栄養源として適切（糖分は適量で）。,8
07,07153,1044,りんご　缶詰,0,346,81,79.4,(0.2),0.3,(Tr),(0),0.1,-,,-,19.9,*,0.4,-,20.1,-,0.1,2,30,4,2,4,0.2,0.1,0.02,0.01,-,-,-,-,0,-,-,-,9,1,(0),0.1,0,0,0,-,0.01,0.01,0.1,(0.2),0.01,(0),3,0,-,Tr,-,0,試料： ヘビーシラップ漬 \n液汁を含んだもの (液汁 50 % )\nビタミンC： 酸化防止用として添加品あり,"{""baseName"":""りんご"",""state"":""缶詰""}",りんごの果肉は犬に適するが缶詰は加工糖分が多い点に注意,8
08,08001,1046,えのきたけ　生,15,144,34,88.6,1.6,2.7,0.1,0,0.2,1.0,,0.9,4.8,*,3.9,0.1,7.6,-,0.9,2,340,Tr,15,110,1.1,0.6,0.10,0.07,0,1,0,Tr,0,(0),0,(0),(0),(0),0.9,0,0,0,0,0,0.24,0.17,6.8,7.4,0.12,(0),75,1.40,11.0,0,-,0,試料： 栽培品\n廃棄部位： 柄の基部（いしづき）,"{""baseName"":""えのきたけ"",""state"":""生""}",えのきは食用のきのこで一般に安全に使える,8
08,08002,1047,えのきたけ　ゆで,0,141,34,88.6,(1.6),2.8,(0.1),(0),0.1,(1.0),,(0.9),4.4,*,4.5,0.1,7.8,-,0.7,2,270,Tr,11,110,1.0,0.6,0.06,0.05,(0),2,(0),Tr,0,(0),0,(0),(0),(0),0.8,(0),(0),(0),(0),0,0.19,0.13,3.7,(4.3),0.09,(0),30,0.96,11.0,0,-,0,試料： 栽培品\n柄の基部（いしづき）を除いたもの,"{""baseName"":""えのきたけ"",""state"":""ゆで""}",ゆでえのきだけは消化しやすいきのこ類で、加熱済みで犬に与えやすい素材である。,8
08,08037,1048,えのきたけ　油いため,0,296,71,83.3,(1.7),3.0,(3.7),(0),3.9,(1.1),,(1.1),5.5,*,4.6,0.2,8.8,-,1.0,3,380,Tr,16,120,1.2,0.6,0.11,0.08,-,-,-,-,(0),(0),(0),(0),(0),(0),0.8,(0.6),(Tr),(1.2),(Tr),(4),0.26,0.18,7.2,(7.8),0.10,(0),47,1.47,-,0,-,0,試料： 栽培品\n柄の基部（いしづき）を除いたもの\n植物油（なたね油）\n調理による脂質の増減：第1章表14参照,"{""baseName"":""えのきたけ"",""state"":""油いため""}",えのきは犬が食べられるキノコであるが、油いためは脂質が増えるため調整が必要,8
08,08054,1050,（きくらげ類）　あらげきくらげ　生,4,57,14,93.6,0.5,0.7,0.1,0,0.1,0.1,*,0.1,0.1,,5.6,-,5.4,-,0.2,7,59,10,9,16,0.1,0.1,0.01,0.02,Tr,1,1,1,(0),(0),(0),(0),(0),(0),0.1,(0),(0),(0),(0),(0),-,0.05,0.4,0.6,0.01,Tr,5,0.10,1.9,0,-,0,別名： 裏白きくらげ\n試料： 栽培品\n廃棄部位： 柄の基部（いしづき）,"{""baseName"":""あらげきくらげ"",""state"":""生"",""notes"":[""きくらげ類""]}",きくらげは毒性がなく食物繊維が豊富で犬の素材として適している,8
08,08004,1051,（きくらげ類）　あらげきくらげ　乾,0,743,184,13.1,4.5,6.9,0.4,(0),0.7,0.9,*,0.9,0.2,,79.5,0,77.0,-,2.2,46,630,82,110,110,10.0,0.8,0.18,1.15,25,10,4,10,(0),(0),(0),(0),(0),(0),130.0,(0),(0),(0),(0),0,0.01,0.44,1.7,3.9,0.08,(0),15,0.61,21.0,(0),-,0.1,別名： 裏白きくらげ\n試料： 栽培品,"{""baseName"":""あらげきくらげ"",""state"":""乾"",""notes"":[""きくらげ類""]}",乾燥あらげきくらげは食物繊維が豊富な安全なきのこ類で素材として使いやすい,8
08,08005,1052,（きくらげ類）　あらげきくらげ　ゆで,0,152,38,82.3,(0.8),1.2,(0.1),(0),0.1,(0.4),*,(0.4),0.3,,16.3,-,16.1,-,0.3,10,75,35,24,11,1.7,0.1,0.04,0.20,1,2,1,1,(0),(0),(0),(0),(0),(0),25.0,(0),(0),(0),(0),0,0,0.07,0.1,(0.5),0.01,(0),1,0,1.2,(0),-,0,試料： 栽培品,"{""baseName"":""あらげきくらげ"",""state"":""ゆで"",""notes"":[""きくらげ類""]}",ゆでたきくらげは食物繊維が豊富で加熱済みのため素材として適している,8
08,08038,1053,（きくらげ類）　あらげきくらげ　油いため,0,448,110,64.2,(1.5),2.3,(5.0),(0),5.2,(0.7),*,(0.6),0.2,,28.6,-,27.8,-,0.6,11,130,29,37,18,4.3,0.3,0.06,0.33,-,-,-,-,(0),(0),(0),(0),(0),(0),38.0,(0.8),(Tr),(1.6),(Tr),(6),0,0.11,0.1,(0.9),0.02,(0),4,0.06,-,0,-,0,水戻し後、油いため\n試料： 栽培品\n植物油（なたね油）\n調理による脂質の増減：第1章表14参照,"{""baseName"":""あらげきくらげ"",""state"":""油いため"",""notes"":[""きくらげ類""]}",あらげきくらげ（油いため）は栽培されたきくらげで安全性が高く使用可能,7
08,08006,1054,（きくらげ類）　きくらげ　乾,0,888,216,14.9,5.3,7.9,1.3,0,2.1,2.7,,2.6,17.1,*,57.4,0,71.1,-,4.0,59,1000,310,210,230,35.0,2.1,0.31,6.18,7,9,27,6,(0),(0),(0),(0),(0),(0),85.0,0,0,0,0,0,0.19,0.87,3.2,5.5,0.10,(0),87,1.14,27.0,0,-,0.1,試料： 栽培品,"{""baseName"":""きくらげ"",""state"":""乾"",""notes"":[""きくらげ類""]}",きくらげ（乾）は食物繊維源として問題なく使用できます。,8
08,08007,1055,（きくらげ類）　きくらげ　ゆで,0,56,14,93.8,(0.4),0.6,(0.1),(0),0.2,(0.2),*,(0.2),0.3,,5.2,0,5.2,-,0.2,9,37,25,27,10,0.7,0.2,0.03,0.53,0,Tr,2,Tr,(0),(0),(0),(0),(0),(0),8.8,(0),(0),(0),(0),0,0.01,0.06,Tr,(0.2),0.01,(0),2,0,1.3,0,-,0,試料： 栽培品,"{""baseName"":""きくらげ"",""state"":""ゆで"",""notes"":[""きくらげ類""]}",ゆできくらげ。食物繊維が豊富で調理済みのため利用しやすい素材。,8
08,08008,1056,（きくらげ類）　しろきくらげ　乾,0,686,170,14.6,3.4,4.9,0.5,(0),0.7,3.6,*,3.4,7.2,,68.7,0.3,74.5,-,5.3,28,1400,240,67,260,4.4,3.6,0.10,0.18,0,1,7,1,0,(0),0,(0),(0),(0),15.0,(0),(0),(0),(0),0,0.12,0.70,2.2,3.7,0.10,(0),76,1.37,87.0,0,-,0.1,試料： 栽培品,"{""baseName"":""しろきくらげ"",""state"":""乾"",""notes"":[""きくらげ類""]}",しろきくらげの乾物は安全な食用キノコで食物繊維源として利用できる,8
08,08009,1057,（きくらげ類）　しろきくらげ　ゆで,0,61,15,92.6,(0.3),0.4,-,(0),Tr,(0.3),*,(0.3),0.4,,6.4,Tr,6.7,-,0.3,2,79,27,8,11,0.2,0.3,0.01,0.01,0,0,0,0,0,(0),0,(0),(0),(0),1.2,(0),(0),(0),(0),0,0,0.05,Tr,(0.1),0.01,(0),1,0,4.4,0,-,0,試料： 栽培品,"{""baseName"":""しろきくらげ"",""state"":""ゆで"",""notes"":[""きくらげ類""]}",しろきくらげ（ゆで）は食物繊維や食感の素材として利用可能で安全性が高い,8
08,08010,1058,くろあわびたけ　生,10,116,28,90.2,(2.3),3.7,(0.2),(0),0.4,1.3,,1.3,2.2,*,4.1,0.3,4.9,-,0.8,3,300,2,18,100,0.5,0.7,0.15,0.07,0,3,Tr,1,0,(0),0,(0),(0),(0),0.3,0,0,0,0,0,0.21,0.22,2.9,(3.6),0.09,(0),65,1.32,10,0,-,0,試料： 栽培品\n廃棄部位： 柄の基部（いしづき）,"{""baseName"":""くろあわびたけ"",""state"":""生""}",くろあわびたけなどの栽培食用きのこは一般に犬が摂取して問題ない素材である。,8
08,08039,1059,しいたけ　生しいたけ　菌床栽培　生,20,102,25,89.6,2.0,3.1,0.2,0,0.3,0.7,*,0.7,1.3,,4.9,1.2,6.4,0.2,0.6,1,290,1,14,87,0.4,0.9,0.10,0.21,0,5,1,4,0,0,0,0,0,0,0.3,0,0,0,0,0,0.13,0.21,3.4,4.0,0.21,0,49,1.21,7.6,0,-,0,試料：栽培品、廃棄部位： 柄全体\n廃棄率： 柄の基部\n（いしづき）のみを除いた場合5 %\n食物繊維：AOAC2011.25法,"{""baseName"":""しいたけ"",""variety"":""生しいたけ"",""productionMethod"":""菌床栽培"",""state"":""生""}",生しいたけは食用きのこで風味と食物繊維を提供する安全な素材,8
08,08040,1060,しいたけ　生しいたけ　菌床栽培　ゆで,0,89,22,91.5,(1.6),2.5,(0.3),(0),0.4,(0.6),*,(0.6),0.7,,4.4,0.9,5.1,0.2,0.5,1,200,1,11,65,0.3,0.8,0.06,0.16,-,-,-,-,(0),(0),(0),(0),(0),(0),0.5,(0),(0),(0),(0),(0),0.08,0.11,2.0,(2.5),0.12,(0),14,0.71,-,0,-,0,試料： 栽培品\n柄全体を除いた傘のみ,"{""baseName"":""しいたけ"",""variety"":""生しいたけ"",""productionMethod"":""菌床栽培"",""state"":""ゆで""}",栽培椎茸のゆで品は安全なきのこ類で犬のレシピ素材として適切,8
08,08041,1061,しいたけ　生しいたけ　菌床栽培　油いため,0,267,65,84.7,(2.0),3.3,(3.8),(0),4.1,(0.8),,(0.7),2.5,*,4.7,1.3,7.3,0.3,0.7,1,300,2,16,92,0.4,1.0,0.09,0.24,-,-,-,-,(0),(0),(0),(0),(0),(0),0.5,(0.6),(Tr),(1.2),(Tr),(4),0.16,0.18,3.3,(4.0),0.18,(0),20,1.28,-,0,-,0,試料： 栽培品\n柄全体を除いた傘のみ\n植物油（なたね油）\n調理による脂質の増減：第1章表14参照,"{""baseName"":""しいたけ"",""variety"":""生しいたけ"",""productionMethod"":""菌床栽培"",""state"":""油いため""}",しいたけ（油炒め）は栽培しいたけは一般に安全な野菜性素材だが油調理で脂質が増す,7
08,08042,1063,しいたけ　生しいたけ　原木栽培　生,20,141,34,88.3,1.9,3.1,0.2,(0),0.4,0.8,,0.7,3.2,*,5.5,-,7.6,0.2,0.7,1,270,2,16,61,0.4,0.7,0.06,0.27,0,1,Tr,1,(0),(0),(0),(0),(0),(0),0.4,(0),(0),(0),(0),(0),0.13,0.22,3.4,4.0,0.19,(0),75,0.95,7.7,0,-,0,試料： 栽培品\n廃棄部位： 柄全体\n廃棄率： 柄の基部（いしづき）のみを除いた場合5 %,"{""baseName"":""しいたけ"",""variety"":""生しいたけ"",""productionMethod"":""原木栽培"",""state"":""生""}",生しいたけは食用のキノコで、犬のレシピ素材として問題なく利用できる,8
08,08043,1064,しいたけ　生しいたけ　原木栽培　ゆで,0,111,27,90.8,(1.5),2.4,(0.3),(0),0.4,(0.6),,(0.6),2.1,*,4.8,-,5.9,0.2,0.4,Tr,170,1,10,45,0.2,0.5,0.05,0.19,-,-,-,-,(0),(0),(0),(0),(0),(0),0.4,(0),(0),(0),(0),(0),0.06,0.12,2.0,(2.5),0.10,(0),25,0.56,-,0,-,0,試料： 栽培品\n柄全体を除いた傘のみ,"{""baseName"":""しいたけ"",""variety"":""生しいたけ"",""productionMethod"":""原木栽培"",""state"":""ゆで""}",しいたけ（ゆで）は安全で風味付けや食物繊維源として適切,9
08,08044,1065,しいたけ　生しいたけ　原木栽培　油いため,0,349,84,81.3,(2.3),3.8,(5.1),(Tr),5.4,(0.9),,(0.9),3.9,*,6.4,-,8.8,0.3,0.7,1,330,2,18,75,0.4,0.7,0.08,0.32,-,-,-,-,(0),(0),(0),(0),(0),(0),0.5,(0.8),(Tr),(1.6),0.1,(6),0.14,0.26,4.4,(5.2),0.18,(0),51,1.15,-,0,-,0,試料： 栽培品\n柄全体を除いた傘のみ\n植物油（なたね油）\n調理による脂質の増減：第1章表14参照,"{""baseName"":""しいたけ"",""variety"":""生しいたけ"",""productionMethod"":""原木栽培"",""state"":""油いため""}",原木栽培の生しいたけは一般に安全な食用きのこで、油いためは風味は強くなるが素材として使える。,8
08,08013,1066,しいたけ　乾しいたけ　乾,20,1072,258,9.1,14.1,21.2,(1.7),0,2.8,11.8,,11.2,22.1,*,46.7,-,62.5,1.9,4.4,14,2200,12,100,290,3.2,2.7,0.60,0.96,4,5,5,3,0,(0),0,(0),(0),(0),17.0,0,0,0,0,0,0.48,1.74,19.0,23.0,0.49,-,270,8.77,41.0,20,-,0,どんこ、こうしんを含む\n試料： 栽培品\n廃棄部位： 柄全体,"{""baseName"":""しいたけ"",""variety"":""乾しいたけ"",""state"":""乾""}",乾しいたけは栽培されたきのこで安全に利用でき、風味付けとして有用,8
08,08014,1067,しいたけ　乾しいたけ　ゆで,0,168,40,86.2,(2.0),3.1,(0.2),-,0.3,(1.8),,(1.7),4.1,*,6.7,-,9.9,0.3,0.5,3,200,4,9,38,0.5,0.3,0.07,0.12,0,1,2,1,0,(0),0,(0),(0),(0),1.4,-,-,-,-,-,0.05,0.26,2.0,(2.6),0.07,-,35,0.86,7.0,-,-,0,どんこ、こうしんを含む\n試料： 栽培品\n柄全体を除いた傘のみ,"{""baseName"":""しいたけ"",""variety"":""乾しいたけ"",""state"":""ゆで""}",乾しいたけをゆでたものは安全なきのこ類で風味や栄養の補助素材として使える。,8
08,08053,1068,しいたけ　乾しいたけ　甘煮,0,490,116,64.7,2.4,3.3,-,0,0.4,15.8,,15.2,21.1,*,6.7,2.0,28.9,Tr,2.7,1000,90,13,14,44,0.7,0.9,0.09,0.25,2,3,4,10,0,0,0,0,0,0,0.2,0,0,0,0,0,0.01,0.06,0.6,1.1,0.04,Tr,11,0.10,5.5,4,-,2.6,,"{""baseName"":""しいたけ"",""variety"":""乾しいたけ 甘煮""}",乾しいたけの甘煮はキノコ由来で風味付けに使えるが、甘味や調味料が加わっている点に注意。,7
08,08015,1069,（しめじ類）　はたけしめじ　生,15,105,25,92.0,-,2.6,-,(0),0.3,-,,-,1.7,*,2.7,-,4.5,-,0.7,4,260,1,8,64,0.6,0.4,0.13,0.14,-,-,-,-,(0),(0),(0),(0),(0),(0),0.9,0,0,0,0,(0),0.12,0.44,5.3,5.7,0.11,(0),20,2.08,-,0,-,0,試料： 栽培品及び天然物\n廃棄部位： 柄の基部（いしづき）,"{""baseName"":""はたけしめじ"",""state"":""生"",""notes"":[""しめじ類""]}",食用のしめじ類で野菜やきのこの代替として使いやすい,8
08,08045,1070,（しめじ類）　はたけしめじ　ゆで,0,103,25,91.3,-,2.6,-,(0),0.3,-,,-,0.5,*,4.6,-,5.1,-,0.6,3,200,1,8,61,0.5,0.4,0.13,0.13,-,-,-,-,(0),(0),(0),(0),(0),(0),1.1,(0),(0),(0),(0),(0),0.08,0.28,3.6,4.0,0.07,(0),6,1.53,-,0,-,0,試料： 栽培品及び天然物\n柄の基部（いしづき）を除いたもの,"{""baseName"":""はたけしめじ"",""state"":""ゆで"",""notes"":[""しめじ類""]}",はたけしめじ（ゆで）は加熱済みのきのこで犬の素材として適している。,8
08,08016,1071,（しめじ類）　ぶなしめじ　生,10,108,26,91.1,1.6,2.7,0.2,0,0.5,1.4,,1.3,2.5,*,3.0,0.4,4.8,0.3,0.9,2,370,1,11,96,0.5,0.5,0.06,0.16,1,2,0,6,0,(0),0,(0),(0),(0),0.5,0,0,0,0,0,0.15,0.17,6.1,6.4,0.09,0.1,29,0.81,8.7,0,-,0,試料： 栽培品\n廃棄部位： 柄の基部（いしづき）\n食物繊維：AOAC2011.25法,"{""baseName"":""ぶなしめじ"",""state"":""生"",""notes"":[""しめじ類""]}",ぶなしめじは一般的に犬が食べられるきのこ類で素材として適している。,8
08,08017,1072,（しめじ類）　ぶなしめじ　ゆで,0,92,22,91.1,(1.6),2.7,(0.1),(0),0.2,(1.3),*,(1.3),1.6,,4.2,0.4,5.2,0.3,0.7,2,280,2,9,90,0.4,0.6,0.05,0.16,0,2,0,3,0,(0),0,(0),(0),(0),0.9,(0),(0),(0),(0),0,0.12,0.10,4.2,(4.6),0.06,(0),24,1.07,7.3,0,-,0,試料： 栽培品\n柄の基部（いしづき）を除いたもの\n食物繊維：AOAC2011.25法,"{""baseName"":""ぶなしめじ"",""state"":""ゆで"",""notes"":[""しめじ類""]}",ぶなしめじは栽培品のきのこで、加熱済みなら犬にとって安全な食材。,8
08,08046,1073,（しめじ類）　ぶなしめじ　油いため,0,268,65,85.9,(1.7),3.0,(4.9),(0),5.5,(1.4),*,(1.3),2.2,,3.7,0.5,4.8,0.3,0.8,2,420,1,12,110,0.6,0.6,0.06,0.18,-,-,-,-,(0),(0),(0),(0),(0),(0),0.5,(0.6),(Tr),(1.2),(Tr),(5),0.17,0.19,6.5,(6.8),0.09,(0),28,0.73,-,0,-,0,試料： 栽培品\n柄の基部（いしづき）を除いたもの\n植物油（なたね油）\n調理による脂質の増減：第1章表14参照\n食物繊維：AOAC2011.25法,"{""baseName"":""ぶなしめじ"",""state"":""油いため"",""notes"":[""しめじ類""]}",ぶなしめじの油炒めは栽培きのこで安全だが、油分の量に注意して使うべき調理済み素材。,8
08,08055,1074,（しめじ類）　ぶなしめじ　素揚げ,0,693,168,70.5,2.4,3.9,13.9,1,14.3,2.2,,2.1,4.7,*,6.2,0.7,10.1,0.4,1.2,2,570,1,15,130,1.1,0.8,0.07,0.24,0,3,Tr,9,(0),(0),(0),(0),(0),(0),0.4,2.8,Tr,6.4,0.2,28,0.20,0.26,7.0,7.8,0.11,Tr,30,1.19,11.0,(0),-,0,試料： 栽培品\n柄の基部（いしづき）を除いたもの\n植物油（なたね油）\n調理による脂質の増減：第1章表13参照\n食物繊維：AOAC2011.25法,"{""baseName"":""ぶなしめじ"",""state"":""素揚げ"",""notes"":[""しめじ類""]}",ぶなしめじ（素揚げ）は栽培品のキノコで食用可能だが揚げ調理は脂質が高め。,7
08,08018,1076,（しめじ類）　ほんしめじ　生,20,88,21,93.6,-,2.5,-,(0),0.4,-,,-,0.9,*,1.9,-,2.8,-,0.6,1,310,2,8,76,0.6,0.7,0.32,0.18,-,-,-,-,(0),(0),(0),(0),(0),(0),0.6,(0),(0),(0),(0),(0),0.07,0.28,5.1,5.5,0.19,(0),24,1.59,-,0,-,0,別名： だいこくしめじ\n試料： 栽培品及び天然物\n廃棄部位： 柄の基部（いしづき）,"{""baseName"":""ほんしめじ"",""state"":""生"",""notes"":[""しめじ類""]}",ほんしめじ（生）は一般的な食用きのこであり、調理して与えれば素材として問題ない,7
08,08047,1077,（しめじ類）　ほんしめじ　ゆで,0,109,26,92.1,-,2.8,-,(0),0.6,-,,-,0.8,*,3.3,-,4.1,-,0.5,1,210,2,8,67,0.6,0.9,0.29,0.17,-,-,-,-,(0),(0),(0),(0),(0),(0),1.2,(0),(0),(0),(0),(0),0.06,0.17,3.7,4.2,0.11,(0),11,1.11,-,0,-,0,試料： 栽培品及び天然物\n柄の基部（いしづき）を除いたもの,"{""baseName"":""ほんしめじ"",""state"":""ゆで"",""notes"":[""しめじ類""]}",ほんしめじのゆで品は栽培きのこで加熱済みのため消化しやすく与えやすい,8
08,08019,1078,たもぎたけ　生,15,97,23,91.7,(2.2),3.6,(0.1),(0),0.3,0.4,,0.4,1.6,*,3.3,0.4,3.7,-,0.7,1,190,2,11,85,0.8,0.6,0.32,0.06,1,4,0,Tr,0,(0),0,(0),(0),(0),0.8,0,0,0,0,0,0.17,0.33,12.0,(13.0),0.12,(0),80,1.32,23.0,0,-,0,別名： にれたけ、たもきのこ\n試料： 栽培品\n廃棄部位： 柄の基部（いしづき）,"{""baseName"":""たもぎたけ"",""state"":""生""}",栽培された食用きのこで、適切な種類であれば犬のレシピ素材として使える,8
08,08020,1079,なめこ　株採り　生,20,89,21,92.1,1.0,1.8,0.1,1,0.2,2.5,*,2.4,2.8,,3.4,Tr,5.4,-,0.5,3,240,4,10,68,0.7,0.5,0.11,0.06,Tr,2,Tr,1,(0),(0),(0),(0),(0),(0),0,0,0,0,0,(0),0.07,0.12,5.3,5.5,0.05,Tr,60,1.29,7.4,0,-,0,別名： なめたけ\n試料： 栽培品\n廃棄部位： 柄の基部（いしづき）\n（柄の基部を除いた市販品の場合： 0 %）,"{""baseName"":""なめこ"",""variety"":""株採り"",""state"":""生""}",なめこは可食のきのこで犬に与えやすく、レシピ素材として適している,8
08,08021,1080,なめこ　株採り　ゆで,0,92,22,92.7,(0.9),1.6,(0.1),(0),0.1,(2.3),,(2.2),3.0,*,2.8,Tr,5.1,-,0.5,3,210,4,10,56,0.6,0.5,0.12,0.06,-,-,-,-,(0),(0),(0),(0),(0),(0),0,(0),(0),(0),(0),(0),0.06,0.10,4.7,(4.8),0.04,(0),67,1.33,-,(0),-,0,別名： なめたけ\n試料： 栽培品\n柄の基部（いしづき）を除いたもの,"{""baseName"":""なめこ"",""variety"":""株採り"",""state"":""ゆで""}",なめこ（ゆで）は食用きのこで調理済みのため犬の素材として適している,8
08,08058,1081,なめこ　カットなめこ　生,0,60,14,94.9,0.7,1.1,0.1,-,0.1,1.8,*,1.8,2.0,,1.9,0.1,3.6,-,0.3,3,130,2,6,36,0.5,0.4,0.04,0.04,0,1,Tr,1,0,0,0,0,0,0,0,0,0,0,0,0,0.03,0.08,3.5,3.7,0.04,0.1,57,0.48,4.3,0,-,0,別名： なめたけ\n試料： 栽培品\n食物繊維：AOAC2011.25法,"{""baseName"":""なめこ"",""variety"":""カットなめこ"",""state"":""生""}",なめこは一般的な食用きのこで犬のレシピ素材として問題なく使える。,8
08,08022,1082,なめこ　水煮缶詰,0,55,13,95.5,(0.6),1.0,(0.1),(0),0.1,(1.4),*,(1.4),1.2,,2.5,Tr,3.2,-,0.2,8,100,3,5,39,0.8,0.5,0.04,0.08,0,2,1,1,0,(0),0,(0),(0),(0),0.1,(0),(0),(0),(0),0,0.03,0.07,2.1,(2.2),0.02,(0),13,0.52,3.3,0,-,0,試料： 栽培品\n液汁を除いたもの\nビタミンC： 酸化防止用として添加品あり,"{""baseName"":""なめこ"",""state"":""水煮缶詰""}",なめこの水煮は食用きのこで調理済みのため利用しやすい,8
08,08023,1083,ぬめりすぎたけ　生,8,97,23,92.6,(1.3),2.3,(0.2),(0),0.4,2.0,,1.9,2.7,*,2.5,Tr,4.1,-,0.6,1,260,1,9,65,0.6,0.4,0.19,0.05,1,2,0,1,0,(0),0,(0),(0),(0),0.4,0,0,0,0,0,0.16,0.34,5.9,(6.1),0.08,(0),19,1.77,9.9,1,-,0,試料： 栽培品\n廃棄部位： 柄の基部（いしづき）,"{""baseName"":""ぬめりすぎたけ"",""state"":""生""}",食用のきのこ類で、栄養価があり犬のレシピ素材として適している,8
08,08024,1084,（ひらたけ類）　うすひらたけ　生,8,156,37,88.0,(3.7),6.1,(0.1),(0),0.2,1.6,,1.5,3.5,*,3.8,0,4.8,-,0.9,1,220,2,15,110,0.6,0.9,0.15,0.11,1,7,1,2,0,(0),0,(0),(0),(0),2.4,0,0,0,0,0,0.30,0.41,6.9,(8.1),0.23,(0),100,2.44,26.0,0,-,0,試料： 栽培品\n廃棄部位： 柄の基部（いしづき）,"{""baseName"":""うすひらたけ"",""state"":""生"",""notes"":[""ひらたけ類""]}",うすひらたけ（生）は栽培された食用きのこで一般に安全に使える,7
08,08025,1085,（ひらたけ類）　エリンギ　生,6,128,31,90.2,1.7,2.8,0.2,(0),0.4,3.0,,2.9,3.7,*,3.4,-,6.0,-,0.7,2,340,Tr,12,89,0.3,0.6,0.10,0.06,1,2,0,2,(0),(0),(0),(0),(0),(0),1.2,0,0,0,0,(0),0.11,0.22,6.1,6.7,0.14,(0),65,1.16,6.9,0,-,0,試料： 栽培品\n廃棄部位： 柄の基部（いしづき）,"{""baseName"":""エリンギ"",""state"":""生"",""notes"":[""ひらたけ類""]}",エリンギ（生）は栽培されたきのこ類で、適切に調理すれば安全な素材,8
08,08048,1086,（ひらたけ類）　エリンギ　ゆで,0,134,32,89.3,(2.0),3.2,(0.3),(0),0.5,(3.3),*,(3.1),3.0,,4.8,-,6.5,-,0.5,2,260,Tr,10,88,0.3,0.7,0.09,0.06,-,-,-,-,(0),(0),(0),(0),(0),(0),2.6,(0),(0),(0),(0),(0),0.08,0.16,4.2,(5.0),0.10,(0),20,1.02,-,0,-,0,試料： 栽培品\n柄の基部（いしづき）を除いたもの,"{""baseName"":""エリンギ"",""state"":""ゆで"",""notes"":[""ひらたけ類""]}",ゆでたエリンギは一般的な食用きのこで、加熱調理されたものは犬の素材として適する。,8
08,08049,1087,（ひらたけ類）　エリンギ　焼き,0,170,41,85.3,(2.6),4.2,(0.3),(0),0.5,(4.5),*,(4.3),5.5,,5.4,-,9.1,-,1.0,3,500,Tr,17,130,0.4,0.9,0.15,0.11,-,-,-,-,(0),(0),(0),(0),(0),(0),3.1,(0),(0),(0),(0),(0),0.18,0.31,9.1,(10.0),0.17,(0),53,1.66,-,0,-,0,試料： 栽培品\n柄の基部（いしづき）を除いたもの,"{""baseName"":""エリンギ"",""state"":""焼き"",""notes"":[""ひらたけ類""]}",エリンギの加熱品は消化しやすく安全で、犬のレシピ素材として適しています。,8
08,08050,1088,（ひらたけ類）　エリンギ　油いため,0,286,69,84.2,(2.0),3.2,(3.5),(0),3.7,(3.8),,(3.7),5.3,*,4.2,-,8.1,-,0.8,3,380,Tr,13,100,0.3,0.7,0.11,0.07,-,-,-,-,(0),(0),(0),(0),(0),(0),1.4,(0.5),(0),(1.1),(Tr),(4),0.13,0.24,6.8,(7.5),0.13,(0),36,1.31,-,0,-,0,試料： 栽培品\n柄の基部（いしづき）を除いたもの\n植物油（なたね油）\n調理による脂質の増減：第1章表14参照,"{""baseName"":""エリンギ"",""state"":""油いため"",""notes"":[""ひらたけ類""]}",エリンギは安全なきのこ類で、油いためでも素材として使用できる,8
08,08026,1089,（ひらたけ類）　ひらたけ　生,8,143,34,89.4,2.1,3.3,0.1,(0),0.3,1.3,,1.3,4.8,*,2.6,0.2,6.2,-,0.8,2,340,1,15,100,0.7,1.0,0.15,0.16,0,6,1,1,0,(0),0,(0),(0),(0),0.3,(0),(0),(0),(0),0,0.40,0.40,11.0,11.0,0.10,(0),92,2.40,12.0,0,-,0,別名： かんたけ\n試料： 栽培品\n廃棄部位： 柄の基部（いしづき）,"{""baseName"":""ひらたけ"",""state"":""生"",""notes"":[""ひらたけ類""]}",栽培されたひらたけは一般に安全で、犬の素材として利用可能,8
08,08027,1090,（ひらたけ類）　ひらたけ　ゆで,0,139,33,89.1,(2.1),3.4,(0.1),(0),0.2,(1.4),,(1.3),4.1,*,3.7,0.2,6.6,-,0.7,2,260,1,10,86,0.7,1.4,0.11,0.15,(0),-,0,1,0,(0),0,(0),(0),(0),0.5,(0),(0),(0),(0),0,0.30,0.27,7.0,(7.6),0.06,(0),71,2.36,13.0,0,-,0,試料： 栽培品\n柄の基部（いしづき）を除いたもの,"{""baseName"":""ひらたけ"",""state"":""ゆで"",""notes"":[""ひらたけ類""]}",ゆでたヒラタケは栽培種の食用きのこで、加熱済みのため犬のレシピ素材として適している。,8
08,08028,1091,まいたけ　生,10,89,22,92.7,1.2,2.0,0.3,(0),0.5,0.3,,0.3,1.8,*,3.5,-,4.4,-,0.6,0,230,Tr,10,54,0.2,0.7,0.22,0.04,0,2,1,1,(0),(0),(0),(0),(0),(0),4.9,(0),(0),(0),(0),(0),0.09,0.19,5.0,5.4,0.06,(0),53,0.56,24.0,0,-,0,試料： 栽培品\n廃棄部位： 柄の基部（いしづき）,"{""baseName"":""まいたけ"",""state"":""生""}",まいたけ（生）は一般的に安全なきのこ類で、風味付けとして使用可能,8
08,08029,1092,まいたけ　ゆで,0,113,27,91.1,(0.9),1.6,(0.3),(0),0.5,(0.4),,(0.3),3.0,*,4.3,-,6.4,-,0.3,0,110,Tr,8,36,0.2,0.6,0.14,0.03,(0),3,0,Tr,(0),(0),(0),(0),(0),(0),5.9,(0),(0),(0),(0),(0),0.04,0.07,1.8,(2.1),0.03,(0),24,0.63,22.0,-,-,0,試料： 栽培品\n柄の基部（いしづき）を除いたもの,"{""baseName"":""まいたけ"",""state"":""ゆで""}",ゆでたまいたけは加熱済みの食用きのこで栄養源として利用しやすい,8
08,08051,1093,まいたけ　油いため,0,276,67,85.5,1.7,2.6,4.1,0,4.4,(0.4),,(0.4),3.3,*,4.7,-,6.8,-,0.7,0,300,Tr,13,72,0.2,0.8,0.27,0.06,-,-,-,-,(0),(0),(0),(0),(0),(0),7.7,(0.6),(Tr),(1.2),(Tr),(5),0.11,0.21,6.1,6.7,0.07,(0),57,0.80,-,0,-,0,試料： 栽培品\n柄の基部（いしづき）を除いたもの\n植物油（なたね油）\n調理による脂質の増減：第1章表14参照,"{""baseName"":""まいたけ"",""state"":""油いため""}",栽培まいたけは可食で加熱済みの調理品として安全に使える。,8
08,08030,1094,まいたけ　乾,0,1137,273,9.3,(12.8),21.9,(2.4),(0),3.9,(3.6),,(3.4),29.5,*,40.9,-,59.9,-,5.0,3,2500,2,100,700,2.6,6.9,1.78,0.47,1,14,2,9,(0),(0),(0),(0),(0),(0),20.0,(0),(0),(0),(0),0,1.24,1.92,64.0,(69.0),0.28,(0),220,3.67,240.0,(0),-,0,試料： 栽培品\n柄の基部（いしづき）を除いたもの,"{""baseName"":""まいたけ"",""state"":""乾""}",栽培まいたけは食物繊維や栄養があり犬の素材として利用可能,8
08,08031,1095,マッシュルーム　生,5,62,15,93.9,1.7,2.9,0.1,0,0.3,0.1,,0.1,0.2,*,2.0,1.3,2.1,-,0.8,6,350,3,10,100,0.3,0.4,0.32,0.04,1,14,0,2,0,(0),0,(0),(0),(0),0.3,0,0,0,0,0,0.06,0.29,3.0,3.6,0.11,(0),28,1.54,11.0,0,-,0,試料： 栽培品\n廃棄部位： 柄の基部（いしづき）,"{""baseName"":""マッシュルーム"",""state"":""生""}",栽培マッシュルームは一般に安全で、食物繊維やミネラル源として使える。,8
08,08032,1096,マッシュルーム　ゆで,0,82,20,91.5,(2.2),3.8,(0.1),(0),0.2,(0.2),*,(0.2),0.3,,3.3,1.8,3.7,-,0.8,6,310,4,11,99,0.3,0.6,0.36,0.05,0,11,(0),2,0,(0),0,(0),(0),(0),0.5,(0),(0),(0),(0),0,0.05,0.28,2.7,(3.5),0.08,(0),19,1.43,12.0,0,-,0,試料： 栽培品\n柄の基部（いしづき）を除いたもの,"{""baseName"":""マッシュルーム"",""state"":""ゆで""}",栽培マッシュルームのゆでは犬でも問題なく利用できる安全な野菜素材,8
08,08052,1097,マッシュルーム　油いため,0,236,57,86.4,(2.1),3.6,(4.2),(0),4.5,(0.2),*,(0.2),0.9,,3.4,2.0,4.5,-,1.0,8,450,4,12,120,0.4,0.5,0.40,0.05,-,-,-,-,(0),(0),(0),(0),(0),(0),0.8,(0.6),(Tr),(1.3),(Tr),(5),0.08,0.38,3.8,(4.5),0.12,(0),23,1.67,-,0,-,0,試料： 栽培品\n柄の基部（いしづき）を除いたもの\n植物油（なたね油）\n調理による脂質の増減：第1章表14参照,"{""baseName"":""マッシュルーム"",""state"":""油いため""}",栽培マッシュルームは一般に安全だが、油で炒めてあるため脂質量に注意。,8
08,08059,1097-1,マッシュルーム　ブラウン種　生,15,73,18,92.7,1.9,3.2,0.2,-,0.4,0.3,*,0.3,0.7,,2.5,1.2,2.9,-,0.9,6,390,4,10,100,0.2,0.5,0.33,0.05,0,16,Tr,2,-,-,-,-,-,0,0,-,-,-,-,-,0.12,0.47,4.2,4.8,0.15,-,38,1.17,12,-,-,0,試料： 栽培品\n廃棄部位： 柄の基部（いしづき）\n食物繊維：AOAC2011.25法,"{""baseName"":""マッシュルーム"",""variety"":""ブラウン種"",""state"":""生""}",栽培マッシュルームは一般に安全でビタミン・繊維源として使いやすい,8
08,08033,1098,マッシュルーム　水煮缶詰,0,76,18,92.0,(1.9),3.4,(0.1),(0),0.2,(0.2),*,(0.2),0,,3.2,1.7,3.3,-,1.1,350,85,8,5,55,0.8,1.0,0.19,0.04,1,5,(0),2,0,(0),0,(0),(0),(0),0.4,(0),(0),(0),(0),0,0.03,0.24,1.0,(1.7),0.01,(0),2,0.11,10.0,0,-,0.9,試料： 栽培品\n液汁を除いたもの\nビタミンC： 酸化防止用として添加品あり,"{""baseName"":""マッシュルーム"",""state"":""水煮缶詰""}",マッシュルーム（水煮缶）は栽培種のきのこで加熱処理済み、犬の素材として使いやすい。,8
08,08034,1099,まつたけ　生,3,132,32,88.3,1.2,2.0,0.2,(0),0.6,1.6,,1.5,3.4,*,4.7,1.4,8.2,-,0.9,2,410,6,8,40,1.3,0.8,0.24,0.12,3,82,14,1,0,(0),0,(0),(0),(0),0.6,(0),(0),(0),(0),0,0.10,0.10,8.0,8.3,0.15,(0),63,1.91,18.0,0,-,0,試料： 天然物\n廃棄部位： 柄の基部（いしづき）,"{""baseName"":""まつたけ"",""state"":""生""}",まつたけは食用のキノコで安全な素材。香り付けや少量の使用に向く。,8
08,08036,1100,やなぎまつたけ　生,10,84,20,92.8,-,2.4,(Tr),(0),0.1,0.7,,0.7,1.1,*,3.0,0,4.0,-,0.7,1,360,Tr,13,110,0.5,0.6,0.20,0.08,1,2,0,2,0,(0),0,(0),(0),(0),0.4,0,0,0,0,0,0.27,0.34,6.1,6.5,0.11,(0),33,2.61,11.0,0,-,0,試料： 栽培品\n廃棄部位： 柄の基部（いしづき）,"{""baseName"":""やなぎまつたけ"",""state"":""生""}",栽培されたやなぎまつたけは食用のきのこで犬のレシピ素材として問題ない。,8
09,09001,1101,あおさ　素干し,0,840,201,16.9,16.9,22.1,0.4,1,0.6,-,,-,18.0,*,29.1,-,41.7,-,18.7,3900,3200,490,3200,160,5.3,1.2,0.80,17.00,2200,8,160,23,(0),300,2500,27,2700,220,(0),1.1,0,0,0,5,0.07,0.48,10.0,16.0,0.09,37.2,180,0.44,31.0,25,-,9.9,,"{""baseName"":""あおさ"",""state"":""素干し""}",あおさは海藻類でミネラルや食物繊維が豊富だが与え方に注意が必要,7
09,09002,1102,あおのり　素干し,0,1035,249,6.5,21.4,29.4,3.3,Tr,5.2,0.2,,0.2,15.7,*,35.2,0,41.0,-,17.8,3200,2500,750,1400,390,77.0,1.6,0.58,13.00,2700,7,39,18,(0),2200,20000,81,21000,1700,(0),2.5,0,0,0,3,0.92,1.66,6.3,14.0,0.50,41.6,270,0.57,71.0,62,-,8.1,,"{""baseName"":""あおのり"",""state"":""素干し""}",あおのりはミネラルや風味付けに適するがヨウ素や塩分に注意し、少量で使うのが望ましい。,7
09,09003,1103,あまのり　ほしのり,0,1154,276,8.4,30.7,39.4,2.2,21,3.7,0.5,,0.4,17.7,*,31.2,0,38.7,-,9.8,610,3100,140,340,690,11.0,3.7,0.62,2.51,1400,7,5,93,(0),8800,38000,1900,43000,3600,(0),4.3,0,0,0,2600,1.21,2.68,12.0,20.0,0.61,39.6,1200,0.93,41.0,160,-,1.5,すき干ししたもの\n別名： のり,"{""baseName"":""あまのり"",""variety"":""ほしのり""}",あまのり（ほしのり）は海藻類で一般に安全な素材だがヨウ素量に留意,8
09,09004,1104,あまのり　焼きのり,0,1240,297,2.3,32.0,41.4,2.2,22,3.7,1.9,,1.7,19.2,*,36.0,Tr,44.3,-,8.3,530,2400,280,300,700,11.0,3.6,0.55,3.72,2100,9,6,220,(0),4100,25000,980,27000,2300,(0),4.6,0,0,0,390,0.69,2.33,12.0,20.0,0.59,56.7,1900,1.18,47.0,210,-,1.3,別名： のり,"{""baseName"":""あまのり"",""variety"":""焼きのり""}",焼きのりは微量栄養素や風味付けに使いやすい海藻素材,8
09,09005,1105,あまのり　味付けのり,0,1271,303,3.4,31.5,40.0,2.5,21,3.5,14.3,,13.5,25.6,*,25.2,0.1,41.8,0.4,11.3,1700,2700,170,290,710,8.2,3.7,0.59,2.35,-,-,-,-,(0),5600,29000,1200,32000,2700,(0),3.7,0,0,0,650,0.61,2.31,12.0,20.0,0.51,67.9,1600,1.28,-,200,-,4.3,別名： のり,"{""baseName"":""あまのり"",""variety"":""味付けのり""}",味付けのりは海苔自体は利用可能だが、味付けの調味に注意が必要。,7
09,09006,1106,あらめ　蒸し干し,0,757,184,16.7,9.8,12.4,0.5,0,0.7,-,,-,10.9,*,48.0,-,56.2,-,14.0,2300,3200,790,530,250,3.5,1.1,0.17,0.23,-,-,-,-,0,0,2700,33,2700,220,(0),0.6,0,0,0,260,0.10,0.26,2.3,4.9,0.02,0.1,110,0.28,-,(0),-,5.8,,"{""baseName"":""あらめ"",""variety"":""蒸し干し""}",あらめ（海藻類）はミネラル源として利用できるがヨウ素など含有に注意,7
09,09007,1107,いわのり　素干し,0,952,228,8.4,26.8,34.8,0.6,30,0.7,(0.5),,(0.4),10.8,*,36.4,0,39.1,-,17.0,2100,4500,86,340,530,48.0,2.3,0.39,1.58,-,-,-,-,(0),3600,25000,1900,28000,2300,(0),4.2,0,0,0,1700,0.57,2.07,5.4,(13.0),0.38,69.4,1500,0.71,-,3,-,5.3,すき干ししたもの,"{""baseName"":""いわのり"",""state"":""素干し""}",いわのり（素干し海苔）はミネラル供給源として利用できるが、ヨウ素や塩分に注意が必要,7
09,09012,1108,うみぶどう　生,0,24,6,97.0,-,0.5,Tr,0,0.1,-,,-,0.5,*,0.8,-,1.2,-,1.2,330,39,34,51,10,0.8,Tr,0.01,0.08,80,0,Tr,Tr,(0),98,74,-,120,10,(0),0.2,0,0,0,35,Tr,0.01,Tr,(0.1),0,0,4,0,0.1,Tr,-,0.8,別名： くびれずた（和名）、くびれづた,"{""baseName"":""うみぶどう"",""state"":""生""}",うみぶどうは海藻類で栄養源になり得るが塩分・ヨウ素含有に留意,7
09,09008,1109,えごのり　素干し,0,734,179,15.2,-,9.0,-,14,0.1,-,,-,8.9,*,53.3,-,62.2,-,13.5,2400,2300,210,570,110,6.8,2.0,0.31,5.73,-,-,-,-,(0),2,7,0,8,1,(0),0.4,0,0,0,230,0.04,0.29,0.7,2.2,0.03,6.2,44,0.38,-,0,-,6.1,,"{""baseName"":""えごのり"",""state"":""素干し""}",海藻でミネラル供給に有用。ただしヨウ素量に注意して用いるべき。,7
09,09009,1110,えごのり　おきうと,0,29,7,96.9,-,0.3,-,1,0.1,-,,-,0,*,2.5,-,2.5,-,0.2,20,22,19,16,3,0.6,0.1,0.01,0.34,-,-,-,-,(0),0,0,0,0,(0),(0),Tr,0,0,0,1,0,0.01,0,Tr,0,1.3,7,0,-,0,-,0.1,別名： おきゅうと,"{""baseName"":""えごのり"",""variety"":""おきうと""}",えごのりなどの海藻類はミネラル供給源として利用できるがヨウ素など含有量に注意する必要がある。,7
09,09010,1111,おごのり　塩蔵　塩抜き,0,108,26,89.0,-,1.3,-,11,0.1,-,,-,1.3,*,7.5,-,8.8,-,0.8,130,1,54,110,14,4.2,0.2,0.03,1.63,-,-,-,-,(0),0,760,54,780,65,(0),0.1,0,0,0,160,0.02,0.18,0.1,0.3,0,0,3,0,-,0,-,0.3,,"{""baseName"":""おごのり"",""variety"":""塩蔵"",""state"":""塩抜き""}",海藻でミネラル源になりやすく、塩抜きされているため素材として使いやすいが摂取量に注意が必要,8
09,09011,1112,かわのり　素干し,0,1028,247,13.7,(29.7),38.1,(1.0),1,1.6,(0.4),,(0.4),9.1,*,41.7,0,41.7,-,4.9,85,500,450,250,730,61.0,5.5,0.60,2.07,-,-,-,-,(0),2700,5600,92,6900,580,(0),3.2,0,0,0,4,0.38,2.10,3.0,(11.0),0.36,4.2,1200,1.20,-,0,-,0.2,すき干ししたもの,"{""baseName"":""かわのり"",""state"":""素干し""}",かわのりはミネラル源として使えるがヨウ素含有量に注意。,7
09,09013,1113,（こんぶ類）　えながおにこんぶ　素干し,0,940,224,10.4,(8.8),11.0,0.7,Tr,1.0,-,,-,33.3,*,24.9,-,55.7,-,21.9,2400,7300,650,490,340,2.5,1.0,0.07,0.20,-,-,-,-,0,0,1400,31,1400,120,(0),0.7,0,0,0,110,0.10,0.25,1.5,(3.6),0.03,0.1,190,0.27,-,3,-,6.1,別名： らうすこんぶ、おにこんぶ（和名）,"{""baseName"":""えながおにこんぶ"",""state"":""素干し"",""notes"":[""こんぶ類""]}",えながおにこんぶも昆布類でミネラル源として利用可能だが濃度に留意。,7
09,09014,1114,（こんぶ類）　がごめこんぶ　素干し,0,898,216,8.3,(6.3),7.9,(0.4),0,0.5,-,,-,29.6,*,34.2,-,62.1,-,21.2,3000,5700,750,660,320,3.3,0.8,0.03,0.22,-,-,-,-,(0),0,1200,29,1200,98,(0),0.6,0,0,0,170,0.21,0.32,1.5,(3.0),0.03,0,42,0.13,-,0,-,7.6,別名： がごめ（和名）,"{""baseName"":""がごめこんぶ"",""state"":""素干し"",""notes"":[""こんぶ類""]}",がごめこんぶはミネラルや食物繊維を含むがヨウ素含有量が高めのため適量管理が必要,8
09,09015,1115,（こんぶ類）　ながこんぶ　素干し,0,853,205,10.0,(6.7),8.3,(1.1),0,1.5,-,,-,23.7,*,36.8,-,58.5,-,21.7,3000,5200,430,700,320,3.0,0.9,0.19,0.41,210000,2,5,15,(0),0,780,0,780,65,(0),0.3,0,0,0,240,0.19,0.41,2.1,(3.7),0.02,0.1,38,0.20,16.0,20,-,7.6,,"{""baseName"":""ながこんぶ"",""state"":""素干し"",""notes"":[""こんぶ類""]}",ながこんぶはミネラル供給源として利用できるが、ミネラル濃度に注意が必要。,7
09,09016,1116,（こんぶ類）　ほそめこんぶ　素干し,0,945,227,11.3,(5.5),6.9,(1.3),0,1.7,-,,-,31.8,*,32.9,-,62.9,-,17.2,2400,4000,900,590,140,9.6,1.1,0.06,0.61,-,-,-,-,(0),0,1800,22,1800,150,(0),1.5,0,0,0,96,0.06,0.28,1.6,(2.9),0.03,0,310,0.24,-,25,-,6.1,,"{""baseName"":""ほそめこんぶ"",""state"":""素干し"",""notes"":[""こんぶ類""]}",素干しこんぶはミネラル供給源として有用だがヨウ素含量に留意,7
09,09017,1117,（こんぶ類）　まこんぶ　素干し　乾,0,703,170,9.5,5.1,5.8,1.0,0,1.3,0.1,,0.1,9.7,*,32.1,23.4,64.3,0.1,19.1,2600,6100,780,530,180,3.2,0.9,0.11,0.21,200000,2,14,11,(0),0,1600,43,1600,130,(0),2.6,0,0,0,110,0.26,0.31,1.3,2.3,0.03,(0),240,0.35,9.7,29,-,6.6,食物繊維：AOAC2011.25法,"{""baseName"":""まこんぶ"",""state"":""乾"",""notes"":[""こんぶ類""]}",まこんぶはミネラル（ヨウ素等）を多く含む海藻で、適量であれば利用可能だが量に注意が必要。,7
09,09056,1118,（こんぶ類）　まこんぶ　素干し　水煮,0,114,28,83.9,1.0,1.1,0.2,(0),0.3,Tr,*,Tr,0.3,,8.7,2.8,11.6,0,3.1,370,890,200,120,24,0.7,0.3,0.03,0.05,19000,Tr,2,1,(0),(0),360,5,360,30,(0),0.6,(0),(0),(0),32,0.03,0.03,0.2,0.4,Tr,0,16,0.04,1.8,1,-,0.9,食物繊維：AOAC2011.25法,"{""baseName"":""まこんぶ"",""state"":""水煮"",""notes"":[""こんぶ類""]}",昆布はミネラル源として利用できるがヨウ素などが多くなることがあるため少量で使用するのが望ましい。,7
09,09018,1119,（こんぶ類）　みついしこんぶ　素干し,0,979,235,9.2,(6.2),7.7,(1.5),0,1.9,-,,-,31.9,*,34.8,-,64.7,-,16.5,3000,3200,560,670,230,5.1,1.3,0.07,0.21,-,-,-,-,(0),0,2700,89,2700,230,(0),1.3,0,0,0,270,0.40,0.60,2.5,(4.0),0.03,0,310,0.28,-,10,-,7.6,別名： 日高こんぶ,"{""baseName"":""みついしこんぶ"",""state"":""素干し"",""notes"":[""こんぶ類""]}",昆布はミネラルが豊富な海藻で少量の利用は可能だが、ヨウ素含量が高めなため多量使用は避ける。,7
09,09019,1120,（こんぶ類）　りしりこんぶ　素干し,0,878,211,13.2,(6.4),8.0,(1.5),0,2.0,-,,-,27.2,*,31.4,-,56.5,-,20.3,2700,5300,760,540,240,2.4,1.0,0.05,0.22,-,-,-,-,(0),0,850,0,850,71,(0),1.0,0,0,0,110,0.80,0.35,2.0,(3.5),0.02,0,170,0.24,-,15,-,6.9,,"{""baseName"":""りしりこんぶ"",""state"":""素干し"",""notes"":[""こんぶ類""]}",ミネラル豊富な海藻で少量なら利用しやすい素材,8
09,09020,1121,（こんぶ類）　刻み昆布,0,486,119,15.5,(4.3),5.4,0.2,0,0.5,0.4,*,0.4,0,,39.1,12.4,50.2,-,28.4,4300,8200,940,720,300,8.6,1.1,0.07,0.34,230000,2,33,14,(0),0,61,0,61,5,(0),0.3,0,0,0,91,0.15,0.33,1.2,(2.2),0.01,0,17,0.09,12.0,0,-,10.9,,"{""baseName"":""刻み昆布"",""notes"":[""こんぶ類""]}",刻み昆布は海藻類でミネラル源になり得るが、ヨウ素過多に注意しつつ適量であれば利用可能。,8
09,09021,1122,（こんぶ類）　削り昆布,0,738,177,24.4,(5.2),6.5,0.6,0,0.9,-,,-,23.6,*,28.2,-,50.2,-,18.0,2100,4800,650,520,190,3.6,1.1,0.08,0.19,-,-,-,-,(0),0,760,19,760,64,(0),0.8,0,0,0,150,0.33,0.28,1.0,(2.2),0.02,0,32,0.14,-,19,-,5.3,別名： おぼろこんぶ、とろろこんぶ,"{""baseName"":""削り昆布"",""notes"":[""こんぶ類""]}",昆布はミネラルと旨味を与える良い素材だがヨウ素含有量が高めで使用量に配慮が必要。,7
09,09024,1125,すいぜんじのり　素干し　水戻し,0,42,10,96.1,-,1.5,-,Tr,Tr,-,,-,0,*,2.1,-,2.1,-,0.3,5,12,63,18,7,2.5,0.1,0.02,1.57,-,-,-,-,(0),0,100,18,110,9,(0),0.1,0,0,0,320,0.02,0.01,Tr,0.3,0.01,0.4,2,0.07,-,0,-,0,,"{""baseName"":""すいぜんじのり"",""state"":""水戻し""}",海藻類はミネラル源として有用だがヨウ素過剰に留意しつつ少量で利用可能。,8
09,09025,1126,てんぐさ　素干し,0,800,194,15.2,-,16.1,-,51,1.0,-,,-,6.5,*,47.3,-,53.8,-,13.9,1900,3100,230,1100,180,6.0,3.0,0.24,0.63,-,-,-,-,(0),130,130,13,200,17,(0),0.2,0,0,0,730,0.08,0.83,2.2,4.9,0.08,0.5,93,0.29,-,Tr,-,4.8,別名： まくさ（和名）,"{""baseName"":""てんぐさ"",""state"":""素干し""}",てんぐさ（寒天原料）は食物繊維源で犬に使用可能な海藻性素材,8
09,09026,1127,てんぐさ　ところてん,0,8,2,99.1,(0.1),0.2,-,Tr,0,-,,-,0.1,*,0.6,-,0.6,-,0.1,3,2,4,4,1,0.1,Tr,0.01,0.01,240,Tr,Tr,1,(0),0,0,0,0,(0),(0),0,0,0,0,0,0,0,0,0,0,0,0,0,Tr,Tr,-,0,別名： まくさ（和名）,"{""baseName"":""てんぐさ"",""variety"":""ところてん""}",てんぐさ由来の寒天は食物繊維的に安全で水分保持やとろみ付けに使える,8
09,09027,1128,てんぐさ　角寒天,0,640,159,20.5,(1.0),2.4,(0.1),Tr,0.2,-,,-,1.4,*,74.1,-,74.1,-,2.8,130,52,660,100,34,4.5,1.5,0.02,3.19,-,-,-,-,(0),-,-,-,(0),(0),(0),0,0,0,0,0,0.01,0,0.1,(0.2),Tr,0,0,0.46,-,0,-,0.3,別名： まくさ（和名）、棒寒天\n細寒天（糸寒天）を含む,"{""baseName"":""てんぐさ"",""variety"":""角寒天""}",角寒天（てんぐさ由来の寒天）は植物性の増粘材で犬に安全な素材,8
09,09028,1129,てんぐさ　寒天,0,12,3,98.5,-,Tr,-,0,Tr,-,,-,0,*,1.5,-,1.5,-,Tr,2,1,10,2,1,0.2,Tr,Tr,0.04,21,0,1,0,(0),0,0,0,0,(0),(0),0,0,0,0,0,Tr,0,0,0,0,0,0,0,0,0,-,0,別名： まくさ（和名）\n角寒天をゼリー状にしたもの\n角寒天2.2 g使用,"{""baseName"":""てんぐさ"",""variety"":""寒天""}",てんぐさ（寒天）は消化に良い食物繊維で増粘剤や嗜好性向上に適する安全な素材,9
09,09049,1130,てんぐさ　粉寒天,0,641,160,16.7,0.1,0.2,(0.2),0,0.3,0.1,*,0.1,2.9,,79.0,0,81.7,-,1.2,170,30,120,39,39,7.3,0.3,0.04,1.01,81,0,39,5,(0),0,0,0,0,0,(0),0,0,0,0,Tr,0,Tr,0.1,0.1,0,0.2,1,0,0.1,0,-,0.4,別名： まくさ（和名）\n試料： てんぐさ以外の粉寒天も含む,"{""baseName"":""てんぐさ"",""variety"":""粉寒天""}",粉寒天（てんぐさ由来のアガー）は増粘・ゲル化材として安全に使用できる素材。,9
09,09029,1131,とさかのり　赤とさか　塩蔵　塩抜き,0,80,19,92.1,-,1.5,-,9,0.1,-,,-,1.1,*,4.0,-,5.1,-,1.2,270,37,70,31,11,1.2,0.2,0.02,0.10,630,0,Tr,1,(0),-,-,-,15,1,(0),0,0,0,0,17,0,0.04,0,0.3,Tr,0.1,0,0.08,0.6,0,-,0.7,,"{""baseName"":""とさかのり"",""variety"":""赤とさか 塩蔵"",""state"":""塩抜き""}",とさかのりはミネラルを含む海藻で少量なら安全。ヨウ素や塩分量には注意。,8
09,09030,1132,とさかのり　青とさか　塩蔵　塩抜き,0,69,17,92.2,-,0.9,-,9,0.2,-,,-,0.8,*,4.1,-,4.9,-,1.8,320,40,160,220,12,0.8,0.6,0.02,1.47,-,-,-,-,(0),130,200,35,280,24,(0),0,0,0,0,26,0,0.02,0,0.2,Tr,0,7,0.05,-,0,-,0.8,石灰処理したもの,"{""baseName"":""とさかのり"",""variety"":""青とさか 塩蔵"",""state"":""塩抜き""}",とさかのりなどの海藻はミネラル源として有用だがヨウ素過多に注意,7
09,09032,1139,ひとえぐさ　素干し,0,709,172,16.0,-,16.6,-,Tr,1.0,-,,-,2.1,*,44.2,-,46.3,-,20.1,4500,810,920,880,280,3.4,0.6,0.86,1.32,-,-,-,-,(0),140,8500,0,8600,710,(0),2.5,0,0,0,14,0.30,0.92,2.4,5.2,0.03,0.3,280,0.88,-,38,-,11.4,すき干ししたもの,"{""baseName"":""ひとえぐさ"",""state"":""素干し""}",海藻類でミネラル源となり、犬のレシピ素材として利用可能,8
09,09033,1140,ひとえぐさ　つくだ煮,0,626,148,56.5,11.2,14.4,0.5,1,1.3,23.8,*,22.9,20.7,,4.1,0,21.1,0.3,6.7,2300,160,28,94,63,3.6,0.9,0.15,-,-,-,-,-,(0),33,260,0,270,23,(0),0.1,0,0,0,12,0.06,0.26,0.4,1.3,0.03,0,23,0.19,-,0,-,5.8,別名： のりのつくだ煮,"{""baseName"":""ひとえぐさ"",""variety"":""つくだ煮""}",海藻の佃煮で海藻自体は犬に安全な素材。ただし調味済みの加工食品である点は留意。,8
09,09034,1141,ふのり　素干し,0,858,207,14.7,(10.7),13.8,(0.6),24,1.0,-,,-,18.2,*,43.1,-,57.8,-,12.7,2700,600,330,730,130,4.8,1.8,0.38,0.65,-,-,-,-,(0),38,670,34,700,59,(0),0.7,0,0,0,430,0.16,0.61,1.7,(4.6),0.13,0,68,0.94,-,1,-,6.9,別名： のげのり,"{""baseName"":""ふのり"",""state"":""素干し""}",ふのりは海藻でミネラルと繊維が得られるが摂取量は管理が必要,7
09,09035,1142,まつも　素干し,0,1054,252,12.6,(23.5),27.9,(2.9),1,4.9,-,,-,18.6,*,28.5,-,40.8,-,13.8,1300,3800,920,700,530,11.0,5.2,0.26,1.25,-,-,-,-,(0),0,30000,110,30000,2500,(0),13.0,0.2,0.2,3.1,1100,0.48,1.61,5.0,(14.0),0.06,0,720,1.24,-,5,-,3.3,すき干ししたもの,"{""baseName"":""まつも"",""state"":""素干し""}",まつもは海藻類でミネラルや食物繊維を供給できるため素材として利用可能（ヨウ素量に注意）,7
09,09036,1143,むかでのり　塩蔵　塩抜き,0,47,12,93.7,-,0.6,0.1,2,0.1,-,,-,Tr,*,4.2,-,4.2,-,1.4,220,6,85,120,9,0.8,0.1,0.01,0.41,-,-,-,-,(0),13,23,-,30,2,(0),0,0,0,0,16,0,Tr,16.0,16.0,0,0,0,0,-,0,-,0.6,石灰処理したもの,"{""baseName"":""むかでのり"",""variety"":""塩蔵"",""state"":""塩抜き""}",海藻はミネラル源になるがヨウ素過剰や塩分に注意が必要,7
09,09037,1144,（もずく類）　おきなわもずく　塩蔵　塩抜き,0,27,7,96.7,0.2,0.3,0.1,Tr,0.2,0,,0,0.1,*,2.0,0,2.0,-,0.8,240,7,22,21,2,0.2,Tr,0.01,0.01,140,1,0,0,(0),0,220,4,220,18,(0),0.1,0,0,0,18,Tr,0.09,0,0.1,0,0,2,0,0.4,0,-,0.6,,"{""baseName"":""おきなわもずく"",""variety"":""塩蔵"",""state"":""塩抜き"",""notes"":[""もずく類""]}",おきなわもずく（塩蔵・塩抜き）は海藻由来の食物繊維やミネラルを含み、適切に処理されたものは利用可能,8
09,09038,1145,（もずく類）　もずく　塩蔵　塩抜き,0,18,4,97.7,0.2,0.2,(0.1),0,0.1,-,,-,0.1,*,1.4,-,1.4,-,0.6,90,2,22,12,2,0.7,0.3,0.01,0.03,-,-,-,-,(0),0,180,0,180,15,(0),0.1,0,0,0,14,Tr,0.01,Tr,0.1,Tr,0.1,2,0,-,0,-,0.2,,"{""baseName"":""もずく"",""variety"":""塩蔵"",""state"":""塩抜き"",""notes"":[""もずく類""]}",塩抜きしたもずくはミネラルや食物繊維を含む海藻で、適量であれば犬の素材として利用可能。,7
09,09039,1146,わかめ　原藻　生,35,100,24,89.0,(1.4),1.9,(0.1),0,0.2,-,,-,2.6,*,3.6,-,5.6,-,3.3,610,730,100,110,36,0.7,0.3,0.02,0.05,1600,1,1,3,(0),0,930,26,940,79,(0),0.1,0,0,0,140,0.07,0.18,0.9,(1.5),0.03,0.3,29,0.19,4.2,15,-,1.5,基部を除いたもの\n廃棄部位： 茎、中肋及びめかぶ,"{""baseName"":""わかめ"",""variety"":""原藻"",""state"":""生""}",わかめはミネラルや食物繊維が豊富だが、与え方によっては注意が必要,7
09,09040,1147,わかめ　乾燥わかめ　素干し,0,716,172,11.3,(11.2),14.4,(1.1),0,2.6,-,,-,(14.4),*,29.8,-,39.6,-,32.2,6400,6000,830,1000,350,5.8,1,0.06,0.38,10000,6,5,20,(0),Tr,4400,64,4400,370,(0),1.2,0,0,0,890,0.36,1.01,9.1,(13.4),0.11,0.2,320,0.47,23.3,19,-,16.2,食物繊維：AOAC2011.25法,"{""baseName"":""わかめ"",""variety"":""乾燥わかめ"",""state"":""素干し""}",わかめはミネラルと食物繊維が豊富で安全に使える海藻類の素材。,8
09,09041,1148,わかめ　乾燥わかめ　素干し　水戻し,0,81,20,91.7,(1.3),1.6,(0.1),0,0.3,-,,-,(1.2),*,4.3,-,4.9,-,1.4,260,440,100,96,35,0.4,0.1,0.04,0.05,1300,1,Tr,2,(0),0,880,5,880,74,(0),0.2,0,0,0,110,0.05,0.07,0.4,(0.8),0.01,Tr,33,0.02,2.9,2,-,0.7,食物繊維：AOAC2011.25法,"{""baseName"":""わかめ"",""variety"":""乾燥わかめ"",""state"":""水戻し""}",わかめはミネラル（ヨウ素）や食物繊維が豊富だが過剰摂取に注意が必要。,7
09,09060,1148-1,わかめ　乾燥わかめ　素干し　水戻し　水煮,0,43,10,95.3,(0.8),1,(0.1),-,0.3,-,,-,(0.1),*,2.9,-,2.6,-,0.8,150,240,69,66,21,0.2,0.1,0.05,0.03,730,Tr,-,1,-,-,590,3,590,49,-,0.1,-,-,-,73,0.02,0.03,0.2,(0.5),0.01,0.1,9,0.02,1.8,Tr,-,0.4,沸騰水で短時間加熱したもの\n食物繊維：AOAC2011.25法,"{""baseName"":""わかめ"",""variety"":""乾燥わかめ"",""state"":""水煮""}",わかめ（水煮）はミネラルや食物繊維を含む海藻で少量なら素材として適している,7
09,09042,1149,わかめ　乾燥わかめ　板わかめ,0,835,200,7.2,(13.0),16.7,(0.5),1,1.2,-,,-,20.0,*,31.7,-,47.4,-,27.5,3900,7400,960,620,330,6.4,5.2,0.13,1.59,-,-,-,-,(0),0,8400,97,8500,710,(0),2.6,0,0,0,1800,0.62,1.50,9.5,(14.0),0.23,0.2,510,0.48,-,20,-,9.9,,"{""baseName"":""わかめ"",""variety"":""乾燥わかめ 板わかめ""}",ミネラルを含む海藻で少量の風味付けや栄養源として使いやすい,8
09,09043,1150,わかめ　乾燥わかめ　灰干し　水戻し,0,39,9,96.0,(0.9),1.1,(Tr),1,0.1,-,,-,0.3,*,2.2,-,2.2,-,0.6,48,60,140,55,16,0.7,0.3,0.08,-,-,-,-,-,0,0,37,0,37,3,(0),0,0,0,0,70,0,0.03,0,(0.3),0,0.2,1,0.05,-,0,-,0.1,,"{""baseName"":""わかめ"",""variety"":""乾燥わかめ 灰干し"",""state"":""水戻し""}",水戻ししたわかめはヨウ素を多く含むが少量であれば問題なく犬のレシピに使える海藻類である。,7
09,09044,1151,わかめ　カットわかめ　乾,0,770,186,9.2,14.0,17.9,1.7,0,4.0,0,,0,9.1,*,39.2,0,42.1,-,26.8,9300,430,870,460,300,6.5,2.8,0.13,0.46,10000,9,19,10,0,0,2200,0,2200,190,0,0.5,0,0,0,1600,0.07,0.08,0.3,5.6,0.01,2.0,18,0.06,25.0,0,-,23.5,食物繊維：AOAC2011.25法,"{""baseName"":""わかめ"",""variety"":""カットわかめ"",""state"":""乾""}",乾燥わかめはミネラル（ヨウ素）を多く含むため少量であれば利用可能,7
09,09058,1152,わかめ　カットわかめ　水煮　（沸騰水で短時間加熱したもの）,0,69,17,93.6,(1.0),1.3,(0.4),-,0.8,-,,-,0.8,*,3.2,-,3.8,-,1.0,310,15,76,37,22,0.6,0.3,0.01,0.04,720,1,1,0,-,-,180,-,180,15,-,Tr,-,-,-,-,Tr,0,0,(0.4),0,0.1,1,0,2.6,0,-,0.8,食物繊維：AOAC2011.25法,"{""baseName"":""わかめ"",""variety"":""カットわかめ"",""state"":""水煮"",""notes"":[""沸騰水で短時間加熱したもの""]}",わかめは海藻類でミネラルや食物繊維が豊富で犬のレシピ素材として適している,8
09,09059,1153,わかめ　カットわかめ　水煮の汁,0,1,0,99.8,-,-,-,-,-,-,,-,0.1,*,0,-,0.1,-,0.1,68,3,1,1,Tr,0,0,0,0,36,0,0,0,-,-,0,-,-,-,-,0,-,-,-,-,Tr,0,0,0,0,0,0,0,0,0,-,0.2,食物繊維：AOAC2011.25法,"{""baseName"":""わかめ"",""variety"":""カットわかめ 水煮の汁""}",わかめの水煮の汁はミネラルを含むが、成分により塩分・ヨウ素に注意が必要な液体成分,7
09,09045,1154,わかめ　湯通し塩蔵わかめ　塩抜き　生,0,68,16,93.3,1.3,1.5,0.2,0,0.3,0,,0,0.9,*,2.9,0,3.4,0,1.4,530,10,50,16,30,0.5,0.2,0.04,0.03,810,Tr,1,Tr,(0),0,210,0,210,17,(0),0.1,0,0,0,110,0.01,0.01,0,0.5,Tr,0,6,0.07,1.9,0,-,1.4,別名： 生わかめ\n食物繊維：AOAC2011.25法,"{""baseName"":""わかめ"",""variety"":""湯通し塩蔵わかめ"",""state"":""生""}",わかめはミネラル・食物繊維が豊富だがヨウ素や塩分に注意。,7
09,09057,1155,わかめ　湯通し塩蔵わかめ　塩抜き　ゆで,0,29,7,97.5,0.5,0.6,0.1,(0),0.1,0,,0,0.5,*,1.1,0,1.4,0,0.3,130,2,19,5,10,0.3,0.1,0.02,0.01,200,0,1,0,(0),(0),63,(0),63,5,(0),Tr,(0),(0),(0),50,0.01,0,0,0.2,0,(0),0,0,0.6,(0),-,0.3,食物繊維：AOAC2011.25法,"{""baseName"":""わかめ"",""variety"":""湯通し塩蔵わかめ"",""state"":""ゆで""}",湯通しして塩抜きしたわかめは海藻類として利用できるがミネラル量に留意が必要。,7
09,09046,1157,わかめ　くきわかめ　湯通し塩蔵　塩抜き,0,74,18,84.9,(0.8),1.1,(0.1),0,0.3,-,,-,0.9,*,5.1,-,5.5,-,8.2,3100,88,86,70,34,0.4,0.1,0.02,0.04,-,-,-,-,(0),0,56,0,56,5,(0),0,0,0,0,33,0.02,0.02,0.1,(0.9),Tr,0,2,0.07,-,0,-,7.9,,"{""baseName"":""わかめ"",""variety"":""くきわかめ 湯通し塩蔵"",""state"":""塩抜き""}",塩抜きしたくきわかめは海藻として利用可能だがミネラル量に注意が必要,7
09,09047,1158,わかめ　めかぶわかめ　生,0,59,14,94.2,0.7,0.9,0.5,0,0.6,0,*,0,0.1,,3.4,0.2,3.4,-,0.9,170,88,77,61,26,0.3,0.2,0.02,0.03,390,Tr,1,2,(0),0,240,2,240,20,(0),0.1,0,0,0,40,0.02,0.03,0.2,0.4,0.01,0,36,0.05,2.2,2,-,0.4,試料： 冷凍品\n別名： めかぶ,"{""baseName"":""わかめ"",""variety"":""めかぶわかめ"",""state"":""生""}",わかめ（めかぶ）はミネラルや食物繊維を含むがヨウ素量に注意が必要な海藻類,7
10,10001,1159,＜魚類＞　あいなめ　生,50,443,105,76.0,(15.8),19.1,2.9,76,3.4,(0.1),,(0.1),3.8,*,(0),-,0.1,-,1.4,150,370,55,39,220,0.4,0.5,0.06,-,-,-,-,-,6,0,(0),(0),(0),6,9,1.7,0,0,0,(0),0.24,0.26,2.6,(6.1),0.18,2.2,8,0.98,-,2,-,0.4,別名： あぶらめ、あぶらこ\n廃棄部位： 頭部、内臓、骨、ひれ等（三枚下ろし）,"{""baseName"":""あいなめ"",""state"":""生"",""notes"":[""魚類""]}",あいなめなどの魚は良質な動物性蛋白で犬のレシピ素材として適している,9
10,10002,1160,＜魚類＞　あこうだい　生,0,362,86,79.8,14.6,16.8,1.8,56,2.3,(0.1),,(0.1),2.8,*,(0),-,0.1,-,1.0,75,310,15,24,170,0.3,0.4,0.02,Tr,-,-,-,-,26,0,0,(0),(0),26,1,3.4,0,0,0,(0),0.11,0.04,1.1,4.1,0.05,0.7,3,0.35,-,Tr,-,0.2,切り身\n（魚体全体から調理する場合、廃棄率： 60%、廃棄部位： 頭部、内臓、骨、ひれ等）,"{""baseName"":""あこうだい"",""state"":""生"",""notes"":[""魚類""]}",あこうだい（白身魚）は良質な魚肉で犬のレシピ素材として適している。,9
10,10003,1161,＜魚類＞　（あじ類）　まあじ　皮つき　生,55,471,112,75.1,16.8,19.7,3.5,68,4.5,(0.1),,(0.1),3.3,*,(0),-,0.1,-,1.3,130,360,66,34,230,0.6,1.1,0.07,0.01,20,46,1,0,7,0,0,0,0,7,8.9,0.6,0,0,0,Tr,0.13,0.13,5.5,9.2,0.30,7.1,5,0.41,3.3,Tr,-,0.3,別名： あじ\n廃棄部位： 頭部、内臓、骨、ひれ等（三枚下ろし）,"{""baseName"":""まあじ"",""formModifiers"":[""皮つき""],""state"":""生"",""notes"":[""魚類"",""あじ類""]}",あじは良質な魚のタンパク源だが骨の除去と加熱が望ましい,8
10,10389,1162,＜魚類＞　（あじ類）　まあじ　皮なし　生,0,454,108,75.6,16.5,19.7,3.0,56,4.1,(0.2),,(0.2),3.7,*,(0),-,0.2,-,1.2,110,360,12,31,220,0.9,0.6,0.09,0.01,20,42,0,(0),7,(0),(0),(0),(0),7,7.9,0.9,0,0,0,(Tr),0.14,0.20,6.4,10.0,0.41,9.8,9,0.53,4.7,Tr,-,0.3,別名： あじ,"{""baseName"":""まあじ"",""formModifiers"":[""皮なし""],""state"":""生"",""notes"":[""魚類"",""あじ類""]}",まあじ（あじ）は良質な魚類のタンパク源で、魚として素材に適する,9
10,10004,1163,＜魚類＞　（あじ類）　まあじ　皮つき　水煮,40,574,136,70.3,(19.1),22.4,4.6,81,5.9,(0.1),,(0.1),4.6,*,(0),-,0.1,-,1.3,130,350,80,36,250,0.7,1.3,0.07,0.01,14,64,Tr,0,8,0,0,0,0,8,11.0,0.3,0,0,0,Tr,0.13,0.12,5.3,(9.5),0.25,5.9,5,0.38,5.2,0,-,0.3,別名： あじ\n内臓等を除き水煮したもの\n廃棄部位： 頭部、骨、ひれ等,"{""baseName"":""まあじ"",""formModifiers"":[""皮つき""],""state"":""水煮"",""notes"":[""魚類"",""あじ類""]}",加熱済みの魚で良質なたんぱく質と脂肪酸の供給源として適している,9
10,10005,1164,＜魚類＞　（あじ類）　まあじ　皮つき　焼き,35,661,157,65.3,(22.0),25.9,5.1,94,6.4,(0.1),,(0.1),5.8,*,(0),-,0.1,-,1.8,180,470,100,44,320,0.8,1.5,0.08,0.01,27,78,2,0,8,0,0,0,0,8,12.0,0.7,0,0,0,Tr,0.15,0.15,6.8,(12.0),0.27,7.1,5,0.47,5.3,0,-,0.4,別名： あじ\n内臓等を除き焼いたもの\n廃棄部位： 頭部、骨、ひれ等,"{""baseName"":""まあじ"",""formModifiers"":[""皮つき""],""state"":""焼き"",""notes"":[""魚類"",""あじ類""]}",加熱された青魚で良質なタンパク源。骨は除去して使う前提で適している。,9
10,10006,1166,＜魚類＞　（あじ類）　まあじ　開き干し　生,35,628,150,68.4,(17.2),20.2,6.7,73,8.8,(0.1),,(0.1),5.3,*,(0),-,0.1,-,2.5,670,310,36,27,220,0.8,0.7,0.09,0.01,24,50,0,0,Tr,(0),Tr,(0),(Tr),(Tr),3,0.7,0,Tr,0,(0),0.10,0.15,3.7,(7.6),0.31,6.3,6,0.81,4.5,(0),-,1.7,別名： あじ\n廃棄部位： 頭部、骨、ひれ等,"{""baseName"":""まあじ"",""variety"":""開き干し"",""state"":""生"",""notes"":[""魚類"",""あじ類""]}",まあじは良質なたんぱく源の魚類。骨は除去して使用することが前提,9
10,10007,1167,＜魚類＞　（あじ類）　まあじ　開き干し　焼き,30,813,194,60.0,(20.9),24.6,9.2,96,12.3,(0.1),,(0.1),6.9,*,(0),-,0.1,-,3.0,770,350,57,38,270,0.9,0.9,0.10,0.01,-,-,-,-,Tr,(0),Tr,(0),(Tr),(Tr),2.6,1.0,0,Tr,0,(0),0.12,0.14,4.7,(9.4),0.32,8.5,6,0.75,-,(0),-,2.0,別名： あじ\n廃棄部位： 頭部、骨、ひれ等,"{""baseName"":""まあじ"",""variety"":""開き干し"",""state"":""焼き"",""notes"":[""魚類"",""あじ類""]}",開き干しのまあじ（焼き）は良質な魚由来のタンパク質で利用可能だが塩分が含まれる場合があるため注意。,9
10,10391,1168,＜魚類＞　（あじ類）　まあじ　小型　骨付き　生,10,479,114,73.4,15.1,17.8,3.7,130,5.0,(0.1),,(0.1),5.0,*,(0),-,0.1,-,2.9,120,330,780,43,570,1.1,1.2,0.07,0.05,41,52,2,(0),33,(0),(0),(0),(0),33,5.1,0.9,0,0,0,-,0.19,0.17,4.6,7.9,0.26,5.6,11,0.47,4.4,1,-,0.3,別名： あじ\n廃棄部位： 内臓、うろこ等,"{""baseName"":""まあじ"",""variety"":""小型 骨付き"",""state"":""生"",""notes"":[""魚類"",""あじ類""]}",良質な魚のタンパク源。骨は除去し、鮮度管理や加熱に注意して使用。,9
10,10393,1170,＜魚類＞　（あじ類）　まるあじ　生,50,559,133,71.2,18.1,22.1,4.6,66,5.6,(0.2),,(0.1),4.8,*,(0),-,0.2,-,1.3,59,410,53,33,260,1.2,1.3,0.09,0.01,-,-,-,-,11,0,0,0,0,11,19.0,1.2,0,0,0,1,0.10,0.19,7.4,12.0,0.47,9.9,8,0.59,-,Tr,-,0.2,廃棄部位： 頭部、内臓、骨、ひれ等（三枚おろし）,"{""baseName"":""まるあじ"",""state"":""生"",""notes"":[""魚類"",""あじ類""]}",まるあじ（生）は良質なタンパク源だが、生魚は寄生虫や食品衛生上のリスクがあるため注意が必要,8
10,10394,1171,＜魚類＞　（あじ類）　まるあじ　焼き,25,734,175,62.4,23.7,28.7,6.2,88,7.7,(0.2),,(0.1),6.0,*,(0),-,0.2,-,1.7,93,540,94,41,330,1.5,1.5,0.09,0.02,-,-,-,-,15,0,0,0,0,15,15.0,1.3,0,0,0,1,0.09,0.18,8.2,14.0,0.24,9.4,8,0.53,-,0,-,0.2,内臓等を除き焼いたもの\n廃棄部位： 頭部、骨、ひれ等,"{""baseName"":""まるあじ"",""state"":""焼き"",""notes"":[""魚類"",""あじ類""]}",まるあじ（焼き）は加熱済みの魚でタンパク源として適切だが骨の除去は必要,8
10,10008,1172,＜魚類＞　（あじ類）　にしまあじ　生,0,651,156,69.9,17.5,19.6,8.1,78,9.1,(0.1),,(0.1),3.2,*,(0),-,0.1,-,1.3,160,360,26,37,230,1.0,0.9,0.08,0.01,41,47,0,0,16,Tr,Tr,(0),(Tr),16,8,0.3,Tr,Tr,Tr,(0),0.10,0.21,6.1,9.8,0.29,8.1,11,0.59,4.0,Tr,-,0.4,三枚におろしたもの\n（魚体全体から調理する場合、廃棄率： 50 %、廃棄部位： 頭部、内臓、骨、ひれ等）,"{""baseName"":""にしまあじ"",""state"":""生"",""notes"":[""魚類"",""あじ類""]}",生のニシマアジは良質なたんぱく源だが生食特有の寄生虫・リスクに注意が必要,8
10,10009,1173,＜魚類＞　（あじ類）　にしまあじ　水煮,40,672,160,68.0,18.4,21.7,7.6,94,8.8,(0.1),,(0.1),4.7,*,(0),-,0.1,-,1.4,180,350,30,40,230,1.1,0.9,0.08,0.01,41,55,0,0,12,Tr,Tr,(0),(Tr),12,9.6,0.3,Tr,Tr,Tr,(0),0.11,0.18,4.8,9.0,0.24,7.0,11,0.50,4.1,Tr,-,0.5,廃棄部位： 頭部、骨、ひれ等\n内臓等を除き水煮したもの,"{""baseName"":""にしまあじ"",""state"":""水煮"",""notes"":[""魚類"",""あじ類""]}",骨等が除かれた加熱済み魚で良質なタンパク質と不飽和脂肪酸を供給する安全な素材。,9
10,10010,1174,＜魚類＞　（あじ類）　にしまあじ　焼き,35,781,186,63.0,21.3,24.7,9.1,100,10.4,(0.1),,(0.1),4.8,*,(0),-,0.1,-,1.8,220,440,58,44,300,1.2,1.2,0.10,0.02,49,65,0,Tr,13,Tr,Tr,(0),(Tr),13,7.2,0.4,Tr,Tr,Tr,(0),0.12,0.21,6.2,11.0,0.34,6.3,13,0.59,4.8,Tr,-,0.6,廃棄部位： 頭部、骨、ひれ等\n内臓等を除き焼いたもの,"{""baseName"":""にしまあじ"",""state"":""焼き"",""notes"":[""魚類"",""あじ類""]}",焼きあじは調理済みの魚で良質なたんぱく源、骨を除けば素材として適している,9
10,10457,1174-1,＜魚類＞　（あじ類）　にしまあじ　開き干し　生,35,681,163,68,17.7,20,8.8,83,10.2,(Tr),,(Tr),3.1,*,-,-,Tr,-,2.3,560,360,68,40,210,0.7,0.7,0.06,0.01,33,47,Tr,0,8,0,Tr,0,Tr,8,49.8,1.1,0,0,0,1,0.08,0.13,5.4,9.3,0.21,5,7,0.37,3,7,-,1.4,廃棄部位： 頭部、骨、ひれ等,"{""baseName"":""にしまあじ"",""variety"":""開き干し"",""state"":""生"",""notes"":[""魚類"",""あじ類""]}",開き干しの魚はタンパク源として使えるが塩分や乾燥処理に注意,8
10,10458,1174-2,＜魚類＞　（あじ類）　にしまあじ　開き干し　焼き,30,849,203,60.1,22.2,25.2,11.1,110,12.3,(0.1),,(Tr),3.6,*,-,-,0.1,-,3.1,760,450,75,47,250,0.9,0.8,0.08,0.01,47,62,Tr,Tr,15,-,1,-,1,15,51.6,0.9,-,0,-,1,0.11,0.18,6.5,11.5,0.16,7.1,7,0.45,4.3,3,-,1.9,廃棄部位： 頭部、骨、ひれ等,"{""baseName"":""にしまあじ"",""variety"":""開き干し"",""state"":""焼き"",""notes"":[""魚類"",""あじ類""]}",開き干し焼きのにしまあじは調理済み魚で利用可能だが、骨や塩分に注意。,8
10,10011,1175,＜魚類＞　（あじ類）　むろあじ　生,45,621,147,67.7,(19.7),23.6,4.8,64,6.9,(0.4),,(0.4),6.5,*,(0),-,0.4,-,1.4,56,420,19,35,280,1.6,1.0,0.13,0.02,-,-,-,-,4,0,0,(0),(0),4,6,0.6,0,0,0,(0),0.18,0.32,15.0,(20.0),0.57,13.0,5,0.74,-,Tr,-,0.1,廃棄部位： 頭部、内臓、骨、ひれ等（三枚下ろし）,"{""baseName"":""むろあじ"",""state"":""生"",""notes"":[""魚類"",""あじ類""]}",むろあじ（生）は良質な魚だが生魚の取り扱いを考慮する必要があるため,8
10,10012,1176,＜魚類＞　（あじ類）　むろあじ　焼き,25,703,167,61.9,(24.7),29.7,4.1,86,6.2,(0.6),,(0.5),7.6,*,(0),-,0.6,-,1.6,74,480,28,40,330,1.8,1.2,0.15,0.03,-,-,-,-,5,0,0,(0),(0),5,7,0.8,0,0,0,(0),0.28,0.30,16.0,(22.0),0.52,13.0,6,0.76,-,Tr,-,0.2,内臓等を除き焼いたもの\n廃棄部位： 頭部、骨、ひれ等,"{""baseName"":""むろあじ"",""state"":""焼き"",""notes"":[""魚類"",""あじ類""]}",焼いたむろあじは良質な動物性タンパク源で、骨を除けば犬の素材として適する。,9
10,10013,1177,＜魚類＞　（あじ類）　むろあじ　開き干し,35,590,140,67.9,(19.1),22.9,4.7,66,6.2,(0.1),,(0.1),5.4,*,(0),-,0.1,-,2.9,830,320,43,35,260,1.4,0.8,0.14,0.02,-,-,-,-,Tr,Tr,Tr,(0),(Tr),(Tr),7,0.4,Tr,0.1,Tr,(0),0.17,0.30,14.0,(18.0),0.59,9.4,5,0.62,-,Tr,-,2.1,廃棄部位： 頭部、骨、ひれ等,"{""baseName"":""むろあじ"",""variety"":""開き干し"",""notes"":[""魚類"",""あじ類""]}",開き干しのむろあじは魚として利用可能だが乾燥・塩分があるため使用量に注意,7
10,10015,1179,＜魚類＞　あなご　生,35,611,146,72.2,14.4,17.3,8.0,140,9.3,(Tr),,(Tr),4.2,*,(0),-,Tr,-,1.2,150,370,75,23,210,0.8,0.7,0.04,0.20,15,39,0,0,500,(0),(0),(0),(0),500,0.4,2.3,0,0,0,Tr,0.05,0.14,3.2,6.2,0.10,2.3,9,0.86,3.3,2,-,0.4,試料： まあなご\n廃棄部位： 頭部、内臓、骨、ひれ等,"{""baseName"":""あなご"",""state"":""生"",""notes"":[""魚類""]}",生のあなごは魚類のたんぱく源として利用可能だが生扱いのため鮮度管理や処理に注意,8
10,10016,1180,＜魚類＞　あなご　蒸し,0,723,173,68.5,(14.7),17.6,10.4,180,12.7,(Tr),,(Tr),5.3,*,(0),-,Tr,-,1.2,120,280,64,26,180,0.9,0.8,0.04,0.22,-,-,-,-,890,(0),(0),(0),(0),890,0.8,2.9,0,0,0,Tr,0.04,0.11,2.7,(5.8),0.10,2.5,15,0.79,-,1,-,0.3,試料： まあなご\n切り身,"{""baseName"":""あなご"",""state"":""蒸し"",""notes"":[""魚類""]}",蒸しあなごは加熱済みの良い魚タンパクで犬向きの素材,9
10,10017,1181,＜魚類＞　あまご　養殖　生,50,429,102,76.8,(15.0),18.3,2.8,66,3.6,(0.1),,(0.1),4.2,*,(0),-,0.1,-,1.2,49,380,27,27,250,0.4,0.8,0.04,0.01,-,-,-,-,7,0,0,(0),(0),7,9,1.5,0,0,0,(0),0.15,0.16,3.9,(7.0),0.24,5.5,6,0.51,-,1,-,0.1,廃棄部位： 頭部、内臓、骨、ひれ等（三枚下ろし）,"{""baseName"":""あまご"",""productionMethod"":""養殖"",""state"":""生"",""notes"":[""魚類""]}",あまご（生）は良質な魚類タンパク源で犬の素材として適切（骨・内臓は除去）。,9
10,10018,1182,＜魚類＞　あまだい　生,50,432,102,76.5,16.0,18.8,2.5,52,3.6,(Tr),,(Tr),3.9,*,(0),-,Tr,-,1.1,73,360,58,29,190,0.3,0.3,0.02,Tr,41,75,1,0,27,(0),(0),(0),(0),27,1,1.3,0,Tr,Tr,(0),0.04,0.06,1.5,4.9,0.08,2.1,6,0.43,1.7,1,-,0.2,試料： あかあまだい\n廃棄部位： 頭部、内臓、骨、ひれ等（三枚下ろし）,"{""baseName"":""あまだい"",""state"":""生"",""notes"":[""魚類""]}",あまだいは良質な魚介タンパクで犬に適した素材である,9
10,10019,1183,＜魚類＞　あまだい　水煮,0,476,113,74.2,(17.6),20.7,2.8,71,4.0,(Tr),,(Tr),4.3,*,(0),-,Tr,-,1.1,91,350,34,30,160,0.4,0.4,0.03,Tr,-,-,-,-,11,(0),(0),(0),(0),11,0.3,1.1,0,Tr,0,(0),0.04,0.06,1.3,(5.1),0.08,2.1,5,0.39,-,1,-,0.2,試料： あかあまだい\n切り身,"{""baseName"":""あまだい"",""state"":""水煮"",""notes"":[""魚類""]}",水煮の切り身の魚は骨と内臓を除けば良質な素材で犬に適している。,9
10,10020,1184,＜魚類＞　あまだい　焼き,0,464,110,73.6,(19.1),22.5,1.9,89,2.6,(Tr),,(Tr),4.1,*,(0),-,Tr,-,1.3,110,410,54,33,220,0.5,0.5,0.04,Tr,-,-,-,-,26,(0),(0),(0),(0),26,1,1.1,0,Tr,0,(0),0.04,0.06,1.7,(5.8),0.08,3.5,5,0.46,-,Tr,-,0.3,試料： あかあまだい\n切り身,"{""baseName"":""あまだい"",""state"":""焼き"",""notes"":[""魚類""]}",焼きあまだいは加熱済みの白身魚で良質なタンパク源。骨が除かれていれば安全。,9
10,10021,1185,＜魚類＞　あゆ　天然　生,45,391,93,77.7,15.0,18.3,1.9,83,2.4,(0.1),,(0.1),3.9,*,(0),-,0.1,-,1.5,70,370,270,24,310,0.9,0.8,0.06,0.16,13,14,1,0,35,(0),(0),(0),(0),35,1,1.2,0,0,0,(0),0.13,0.15,3.1,(6.5),0.17,10.0,27,0.67,5.6,2,-,0.2,廃棄部位： 頭部、内臓、骨、ひれ等（三枚下ろし）,"{""baseName"":""あゆ"",""productionMethod"":""天然"",""state"":""生"",""notes"":[""魚類""]}",天然の魚で良質なタンパク源、魚の切り身は素材として適切,9
10,10022,1186,＜魚類＞　あゆ　天然　焼き,55,629,149,64.0,(21.8),26.6,3.0,140,6.8,(0.1),,(0.1),8.7,*,(0),-,0.1,-,2.5,110,510,480,35,460,5.5,1.2,0.06,0.41,-,-,-,-,120,(0),(0),(0),(0),120,1.5,1.7,0,0,0,(0),0.23,0.24,3.9,(8.8),0.16,12.0,33,1.34,-,2,-,0.3,廃棄部位： 頭部、内臓、骨、ひれ等,"{""baseName"":""あゆ"",""productionMethod"":""天然"",""state"":""焼き"",""notes"":[""魚類""]}",鮎の焼き身は良質な魚たんぱくで犬の素材として適切（骨は除去）,9
10,10023,1187,＜魚類＞　あゆ　天然　内臓　生,0,747,180,68.6,-,9.5,14.2,200,17.5,(0.3),,(0.3),3.6,*,(0),-,0.3,-,4.1,90,210,43,44,180,24.0,2.0,0.34,3.03,-,-,-,-,1700,(0),Tr,(0),(Tr),1700,5,1.9,0,0,0,40,0.12,0.55,3.8,5.4,0.16,60.0,220,1.56,-,5,-,0.2,,"{""baseName"":""あゆ"",""variety"":""内臓"",""productionMethod"":""天然"",""state"":""生"",""notes"":[""魚類""]}",天然あゆの内臓（生）は栄養価が高いが内臓や生食の取り扱いに注意が必要である。,7
10,10025,1189,＜魚類＞　あゆ　養殖　生,50,579,138,72.0,14.6,17.8,6.6,110,7.9,(0.6),,(0.5),5.1,*,(0),-,0.6,-,1.7,55,360,250,24,320,0.8,0.9,0.05,Tr,-,-,-,-,55,(0),(0),(0),(0),55,8,5.0,0.1,0.1,0,(0),0.15,0.14,3.5,6.8,0.28,2.6,28,1.22,-,2,-,0.1,廃棄部位： 頭部、内臓、骨、ひれ等（三枚下ろし）,"{""baseName"":""あゆ"",""productionMethod"":""養殖"",""state"":""生"",""notes"":[""魚類""]}",養殖あゆは良質な魚肉で犬のレシピ素材として適している（骨・内臓は除去）,9
10,10026,1190,＜魚類＞　あゆ　養殖　焼き,55,847,202,59.3,(18.6),22.6,9.6,170,15.1,(0.8),,(0.7),10.3,*,(0),-,0.8,-,2.2,79,430,450,31,430,2.0,1.3,0.07,Tr,-,-,-,-,480,(0),(0),(0),(0),480,17.0,8.2,0.2,0.2,0,(0),0.20,0.18,4.0,(8.2),0.24,6.0,38,1.67,-,2,-,0.2,廃棄部位： 頭部、内臓、骨、ひれ等,"{""baseName"":""あゆ"",""productionMethod"":""養殖"",""state"":""焼き"",""notes"":[""魚類""]}",養殖あゆの焼き物は良質な魚タンパク源。与える前に骨を処理して使う,9
10,10027,1191,＜魚類＞　あゆ　養殖　内臓　生,0,2002,485,36.6,-,7.4,46.8,220,55.0,(0.3),,(0.3),8.5,*,(0),-,0.3,-,0.7,75,160,55,11,120,8.0,1.3,0.14,0.13,-,-,-,-,4400,(0),Tr,(0),(Tr),4400,8,7.4,0.1,0.1,0,11,0.16,0.44,2.6,3.8,0.11,9.6,260,1.46,-,2,-,0.2,,"{""baseName"":""あゆ"",""variety"":""内臓"",""productionMethod"":""養殖"",""state"":""生"",""notes"":[""魚類""]}",あゆの内臓は栄養価が高い臓器類であるが取り扱いと量の管理が必要,7
10,10028,1192,＜魚類＞　あゆ　養殖　内臓　焼き,0,2067,500,31.5,-,15.2,45.6,260,52.3,(0.4),,(0.4),7.1,*,(0),-,0.4,-,0.6,100,270,130,9,190,19.0,1.8,0.15,0.31,-,-,-,-,6000,(0),Tr,(0),(Tr),6000,8.6,24.0,0.4,0.4,0,16,0.34,0.68,4.1,6.6,0.15,7.8,280,1.33,-,1,-,0.3,魚体全体を焼いた後、取り出したもの,"{""baseName"":""あゆ"",""variety"":""内臓"",""productionMethod"":""養殖"",""state"":""焼き"",""notes"":[""魚類""]}",鮎の内臓は栄養価が高いものの一部成分が濃縮している場合があるため分量に注意が必要。,7
10,10030,1194,＜魚類＞　アラスカめぬけ　生,0,405,96,78.4,(14.3),17.2,2.6,52,3.4,(0.1),,(0.1),3.8,*,(0),-,0.1,-,0.9,81,290,22,26,170,0.2,0.4,0.02,0.01,-,-,-,-,20,0,0,-,0,20,3,1.0,0,0,0,(0),0.04,0.05,1.1,(4.2),0.07,1.6,2,0.24,-,Tr,-,0.2,別名： あかうお\n切り身,"{""baseName"":""アラスカめぬけ"",""state"":""生"",""notes"":[""魚類""]}",アラスカめぬけは良質な魚の切り身で犬のレシピ素材として適している,9
10,10031,1195,＜魚類＞　あんこう　生,0,231,54,85.4,(10.8),13.0,0.1,78,0.2,(0.3),,(0.3),2.6,*,(0),-,0.3,-,1.1,130,210,8,19,140,0.2,0.6,0.04,Tr,-,-,-,-,13,0,0,0,0,13,1,0.7,0,0,0,(0),0.04,0.16,1.7,(4.1),0.11,1.2,5,0.21,-,1,-,0.3,試料： きあんこう\n切り身\n（魚体全体から調理する場合、廃棄率：  65 %、廃棄部位： 頭部、内臓、骨、ひれ等）,"{""baseName"":""あんこう"",""state"":""生"",""notes"":[""魚類""]}",あんこうの切り身は魚類の良質なタンパク源で犬のレシピ素材として適している,9
10,10033,1197,＜魚類＞　いかなご　生,0,466,111,74.2,14.1,17.2,3.9,200,5.5,(0.1),,(0.1),4.8,*,(0),-,0.1,-,3.0,190,390,500,39,530,2.5,3.9,0.08,0.49,-,-,-,-,200,0,1,(0),1,200,21.0,0.8,0,Tr,0,(0),0.19,0.81,4.6,7.9,0.15,11.0,29,0.77,-,1,-,0.5,別名： こうなご\n小型魚全体,"{""baseName"":""いかなご"",""state"":""生"",""notes"":[""魚類""]}",小型魚で良質な動物性タンパク源。骨は調理で除去すればレシピ素材として適する。,9
10,10034,1198,＜魚類＞　いかなご　煮干し,0,924,218,38.0,(35.3),43.1,3.1,510,6.1,(1.5),,(1.4),12.3,*,(0),-,1.5,-,11.3,2800,810,740,130,1200,6.6,5.9,0.13,0.37,-,-,-,-,10,(0),(0),(0),(0),10,54.0,0.8,0,Tr,0,(0),0.27,0.18,3.3,(12.0),0.06,4.6,50,1.15,-,0,-,7.1,別名： こうなご,"{""baseName"":""いかなご"",""state"":""煮干し"",""notes"":[""魚類""]}",煮干しの小魚は良質な魚由来のタンパク源で犬のレシピ素材として適している。,9
10,10035,1199,＜魚類＞　いかなご　つくだ煮,0,1149,271,26.9,(24.1),29.4,2.4,280,4.6,-,,-,38.2,*,(0),-,30.7,-,8.4,2200,670,470,80,820,2.3,3.6,0.09,0.45,-,-,-,-,Tr,(0),Tr,(0),(Tr),(Tr),23.0,0.8,0,0,0,(0),0.02,0.27,10.0,(16.0),0.09,7.8,85,0.76,-,(0),-,5.6,別名： こうなご,"{""baseName"":""いかなご"",""variety"":""つくだ煮"",""notes"":[""魚類""]}",小魚の佃煮で魚由来の良質な素材だが調味済みの加工食品であるため素材評価はやや控えめ。,7
10,10037,1201,＜魚類＞　いさき　生,45,487,116,75.8,(14.3),17.2,4.8,71,5.7,(0.1),,(0.1),4.0,*,(0),-,0.1,-,1.2,160,300,22,32,220,0.4,0.6,0.04,0.01,-,-,-,-,41,0,0,(0),(0),41,15.0,0.9,0,0,0,(0),0.06,0.12,4.0,(7.1),0.31,5.8,12,0.77,-,Tr,-,0.4,廃棄部位： 頭部、内臓、骨、ひれ等（三枚下ろし）,"{""baseName"":""いさき"",""state"":""生"",""notes"":[""魚類""]}",いさきは魚類で良質なタンパク源。適切に処理すれば素材として適する。,9
10,10038,1202,＜魚類＞　いしだい　生,55,578,138,71.6,(16.2),19.5,5.7,56,7.8,(Tr),,(Tr),5.4,*,(0),-,Tr,-,1.1,54,390,20,26,240,0.3,0.6,0.03,0.01,-,-,-,-,39,0,0,(0),(0),39,3,2.1,0,0,0,(0),0.15,0.15,4.9,(8.4),0.34,1.3,2,0.31,-,Tr,-,0.1,別名： くちぐろ\n廃棄部位： 頭部、内臓、骨、ひれ等（三枚下ろし）,"{""baseName"":""いしだい"",""state"":""生"",""notes"":[""魚類""]}",いしだいは魚類として良質なタンパク源だが生食の衛生リスクに注意,8
10,10039,1203,＜魚類＞　いとよりだい　生,0,359,85,78.8,15.6,18.1,1.0,70,1.7,(0.1),,(0.1),3.3,*,(0),-,0.1,-,1.3,85,390,46,26,200,0.5,0.4,0.05,0.02,84,33,Tr,0,28,(0),(0),(0),(0),28,11.0,0.6,0,0,0,Tr,0.04,0.08,2.3,5.7,0.27,3.0,5,0.50,3.7,2,-,0.2,別名： いとより\n三枚におろしたもの\n（魚体全体から調理する場合、廃棄率： 50 %、廃棄部位： 頭部、内臓、骨、ひれ等）,"{""baseName"":""いとよりだい"",""state"":""生"",""notes"":[""魚類""]}",いとよりだいは良質な魚のたんぱく源で犬のレシピ素材として適している。,9
10,10040,1204,＜魚類＞　いとよりだい　すり身,0,383,90,76.9,(14.4),16.7,0.3,38,0.4,(5.1),,(4.6),7.5,*,(0),-,5.1,-,0.9,290,17,26,12,110,0.1,0.3,0.01,0.01,-,-,-,-,2,0,0,(0),(0),2,3,0.2,0,0,0,(0),Tr,0.02,0.1,(3.3),0.01,0.3,1,0.31,-,0,-,0.7,別名： いとより,"{""baseName"":""いとよりだい"",""variety"":""すり身"",""notes"":[""魚類""]}",いとよりだいのすり身は良質な魚たんぱく源で犬のレシピ素材として適切。,8
10,10041,1205,＜魚類＞　いぼだい　生,45,552,132,74.0,(13.6),16.4,6.4,57,8.5,(Tr),,(Tr),4.9,*,(0),-,Tr,-,1.1,190,280,41,30,160,0.5,0.8,0.03,0.01,-,-,-,-,95,(0),(0),(0),(0),95,2,0.7,0,0,0,(0),0.04,0.19,4.7,(7.7),0.29,2.7,7,0.57,-,1,-,0.5,別名： えぼだい\n廃棄部位： 頭部、内臓、骨、ひれ等（三枚下ろし）,"{""baseName"":""いぼだい"",""state"":""生"",""notes"":[""魚類""]}",いぼだい（生）は魚類の良質なタンパク源でレシピ素材として適切。,9
10,10042,1206,＜魚類＞　（いわし類）　うるめいわし　生,35,521,124,71.7,18.4,21.3,3.6,60,4.8,(0.3),,(0.3),4.4,*,(0),-,0.3,-,1.9,95,440,85,37,290,2.3,1.3,0.16,-,-,-,-,-,130,(0),(0),(0),(0),130,9,1.6,0,0,0,(0),0.08,0.36,8.0,12.0,0.55,14.0,16,1.25,-,1,-,0.2,廃棄部位： 頭部、内臓、骨、ひれ等（三枚下ろし）,"{""baseName"":""うるめいわし"",""state"":""生"",""notes"":[""魚類"",""いわし類""]}",うるめいわしは良質な魚たんぱく源だが生品は下処理・加熱などの配慮が必要,9
10,10043,1207,＜魚類＞　（いわし類）　うるめいわし　丸干し,15,928,219,40.1,(38.8),45.0,3.6,220,5.1,(0.3),,(0.3),8.0,*,(0),-,0.3,-,9.5,2300,820,570,110,910,4.5,2.7,0.23,0.12,-,-,-,-,0,(0),(0),(0),(0),(0),8,0.1,0,0,0,Tr,0.25,0.43,16.0,(25.0),0.69,25.0,44,0.92,-,Tr,-,5.8,廃棄部位： 頭部、ひれ等,"{""baseName"":""うるめいわし"",""state"":""丸干し"",""notes"":[""魚類"",""いわし類""]}",丸干しうるめいわしは良い魚の供給源だが骨や塩分に注意。,7
10,10044,1208,＜魚類＞　（いわし類）　かたくちいわし　生,45,713,171,68.2,15.3,18.2,9.7,70,12.1,(0.3),,(0.3),5.7,*,(0),-,0.3,-,1.2,85,300,60,32,240,0.9,1.0,0.17,0.13,38,40,0,0,11,0,0,(0),(0),11,4,0.4,0,0,0,(0),0.03,0.16,9.7,13.0,0.58,14.0,19,1.07,18.0,1,-,0.2,別名： しこいわし、ひしこ、せぐろ \n廃棄部位： 頭部、内臓、骨、ひれ等（三枚下ろし）,"{""baseName"":""かたくちいわし"",""state"":""生"",""notes"":[""魚類"",""いわし類""]}",いわし類は良質なたんぱく質と脂肪酸源で犬の素材として適切,9
10,10045,1209,＜魚類＞　（いわし類）　かたくちいわし　煮干し,0,1264,298,15.7,(54.1),64.5,2.8,550,6.2,(0.3),,(0.3),14.0,*,(0),-,0.3,-,13.3,1700,1200,2200,230,1500,18.0,7.2,0.39,-,-,-,-,-,Tr,(0),(0),(0),(0),(Tr),18.0,0.9,0,0.1,0.1,(0),0.10,0.10,17.0,(28.0),0.28,41.0,74,1.81,-,(0),-,4.3,別名： しこいわし、ひしこ、せぐろ、いりこ、ちりめん\n魚体全体,"{""baseName"":""かたくちいわし"",""state"":""煮干し"",""notes"":[""魚類"",""いわし類""]}",煮干しはいわし類の良質な魚たんぱく・カルシウム源で素材向き,9
10,10046,1210,＜魚類＞　（いわし類）　かたくちいわし　田作り,0,1290,304,14.9,(55.9),66.6,2.8,720,5.7,(0.3),,(0.3),14.0,*,(0),-,0.3,-,12.5,710,1600,2500,190,2300,3.0,7.9,0.39,0.79,-,-,-,-,Tr,(0),(0),(0),(0),(Tr),30.0,0.8,0,0,0,(0),0.10,0.11,17.0,(29.0),0.37,65.0,230,3.74,-,(0),-,1.8,別名： しこいわし、ひしこ、せぐろ、ごまめ\n幼魚の乾燥品（調理前）,"{""baseName"":""かたくちいわし"",""variety"":""田作り"",""notes"":[""魚類"",""いわし類""]}",かたくちいわし（乾燥）は良いカルシウム・タンパク源だが塩分等に注意,8
10,10047,1211,＜魚類＞　（いわし類）　まいわし　生,60,653,156,68.9,16.4,19.2,7.3,67,9.2,(0.2),,(0.2),6.3,*,(0),-,0.2,-,1.2,81,270,74,30,230,2.1,1.6,0.20,0.04,24,48,Tr,Tr,8,0,0,0,0,8,32.0,2.5,0,0,0,1,0.03,0.39,7.2,11.0,0.49,16.0,10,1.14,15.0,0,-,0.2,廃棄部位： 頭部、内臓、骨、ひれ等（三枚下ろし）,"{""baseName"":""まいわし"",""state"":""生"",""notes"":[""魚類"",""いわし類""]}",まいわしは良質な魚たんぱくと脂肪酸が豊富で犬の素材として適している,9
10,10048,1212,＜魚類＞　（いわし類）　まいわし　水煮,20,766,182,61.7,(19.1),22.4,6.8,68,8.7,(0.2),,(0.2),11.1,*,(0),-,0.2,-,1.3,80,280,82,32,250,2.3,1.7,0.23,0.06,-,-,-,-,5,0,0,0,0,5,13.0,1.3,0,0,0,Tr,0.05,0.29,6.3,(10.0),0.35,18.0,7,0.87,-,0,-,0.2,頭部、内臓等を除き水煮したもの\n廃棄部位： 骨、ひれ等,"{""baseName"":""まいわし"",""state"":""水煮"",""notes"":[""魚類"",""いわし類""]}",骨等を除いた水煮のまいわしは良質なたんぱく源で犬に適した素材。,9
10,10049,1213,＜魚類＞　（いわし類）　まいわし　焼き,35,837,199,57.8,(21.5),25.3,7.3,80,9.4,(0.2),,(0.2),11.7,*,(0),-,0.2,-,1.6,100,350,98,36,300,2.5,2.3,0.23,0.08,-,-,-,-,8,0,0,0,0,8,14.0,1.9,0,0,0,Tr,0.12,0.43,9.1,(14.0),0.39,22.0,12,1.33,-,0,-,0.3,内臓等を除き焼いたもの\n廃棄部位： 頭部、骨、ひれ等,"{""baseName"":""まいわし"",""state"":""焼き"",""notes"":[""魚類"",""いわし類""]}",焼きまいわしは良質なたんぱく質と脂肪酸を含み適した素材（骨類は除去済み）,9
10,10050,1215,＜魚類＞　（いわし類）　まいわし　塩いわし,45,599,143,66.3,(14.3),16.8,7.2,74,9.6,(0.4),,(0.4),5.3,*,(0),-,0.4,-,6.9,2400,300,70,43,210,1.7,1.4,0.20,0.05,-,-,-,-,Tr,(0),(0),(0),(0),(Tr),10.0,0.3,0,0,0,(0),0.03,0.35,8.0,(11.0),0.54,17.0,22,1.46,-,(0),-,6.1,廃棄部位： 頭部、内臓、骨、ひれ等,"{""baseName"":""まいわし"",""variety"":""塩いわし"",""notes"":[""魚類"",""いわし類""]}",塩いわしは良質な魚だが塩分が高めな点に注意,7
10,10051,1216,＜魚類＞　（いわし類）　まいわし　生干し,40,904,217,59.6,(17.5),20.6,13.2,68,16.0,(1.1),,(1.0),7.0,*,(0),-,1.1,-,2.7,690,340,65,34,270,1.6,0.9,0.12,0.13,-,-,-,-,0,-,-,-,(0),(0),11.0,0.2,0,0,0,Tr,Tr,0.22,12.0,(16.0),0.48,16.0,11,1.21,-,Tr,-,1.8,廃棄部位： 頭部、内臓、骨、ひれ等,"{""baseName"":""まいわし"",""variety"":""生干し"",""notes"":[""魚類"",""いわし類""]}",良質な魚タンパク源。調理時に骨を除去して使用すれば適切,9
10,10052,1217,＜魚類＞　（いわし類）　まいわし　丸干し,15,749,177,54.6,(27.9),32.8,4.3,110,5.5,(0.7),,(0.6),6.8,*,(0),-,0.7,-,6.4,1500,470,440,100,570,4.4,1.8,0.21,0.10,-,-,-,-,40,(0),(0),(0),(0),40,50.0,0.7,0,0,0,1,0.01,0.41,16.0,(22.0),0.68,29.0,31,1.00,-,Tr,-,3.8,廃棄部位： 頭部、ひれ等,"{""baseName"":""まいわし"",""state"":""丸干し"",""notes"":[""魚類"",""いわし類""]}",丸干しいわしは魚の良いたんぱく源だが塩分や小骨に注意が必要,7
10,10053,1218,＜魚類＞　（いわし類）　めざし　生,15,860,206,59.0,(15.2),18.2,11.0,100,18.9,(0.5),,(0.5),11.4,*,(0),-,0.5,-,3.4,1100,170,180,31,190,2.6,1.2,0.10,1.04,-,-,-,-,77,(0),(0),(0),(0),77,11.0,0.3,0,0,0,(0),0.01,0.21,10.0,(14.0),0.37,15.0,34,1.27,-,Tr,-,2.8,原材料： かたくちいわし、まいわし等\n廃棄部位： 頭部、ひれ等,"{""baseName"":""めざし"",""state"":""生"",""notes"":[""魚類"",""いわし類""]}",めざし（小魚）は良い動物性たんぱく・脂肪源だが生のままだと寄生虫や細菌のリスクがあるため加熱推奨,7
10,10054,1219,＜魚類＞　（いわし類）　めざし　焼き,15,838,200,56.2,(19.7),23.7,8.4,120,15.0,(0.7),,(0.6),11.2,*,(0),-,0.7,-,4.4,1400,220,320,50,290,4.2,1.5,0.13,1.26,-,-,-,-,95,(0),(0),(0),(0),95,11.0,0.4,0,0,0,(0),0.01,0.26,12.0,(17.0),0.38,13.0,36,1.71,-,Tr,-,3.6,原材料： かたくちいわし、まいわし等\n廃棄部位： 頭部、ひれ等,"{""baseName"":""めざし"",""state"":""焼き"",""notes"":[""魚類"",""いわし類""]}",めざしの焼き物は小魚としてタンパク源になるが骨や塩分に注意,8
10,10396,1220,＜魚類＞　（いわし類）　しらす　生,0,285,67,81.8,11.6,15.0,0.8,140,1.3,(0.1),,(0.1),3.3,*,(0),-,0.1,-,2.4,380,340,210,67,340,0.4,1.1,0.02,0.07,-,-,-,-,110,0,Tr,0,Tr,110,6.7,0.9,0,0,0,Tr,0.02,0.07,3.7,6.4,0.17,4.2,56,0.51,-,5,-,1.0,かたくちいわし、まいわし等の幼魚,"{""baseName"":""しらす"",""state"":""生"",""notes"":[""魚類"",""いわし類""]}",しらすは良質なたんぱく源だが生の場合は小骨や寄生虫に注意が必要,8
10,10445,1221,＜魚類＞　（いわし類）　しらす　釜揚げしらす,0,356,84,77.4,(13.6),17.6,(1.1),170,1.7,(Tr),,(Tr),5.1,*,0,-,Tr,-,2.9,840,120,190,48,320,0.3,1.1,0.03,0.09,13,39,3,1,140,-,-,-,-,140,4.2,0.8,0,Tr,-,-,0.07,0.04,2.1,(5.3),0.05,1.5,26,0.30,9.9,Tr,-,2.1,原材料： かたくちいわし、まいわし等の稚魚,"{""baseName"":""しらす"",""variety"":""釜揚げしらす"",""notes"":[""魚類"",""いわし類""]}",釜揚げしらすは小魚の良いタンパク・カルシウム源で犬に適した素材,9
10,10055,1222,＜魚類＞　（いわし類）　しらす干し　微乾燥品,0,480,113,67.5,19.8,24.5,1.1,250,2.1,(0.1),,(0.1),6.0,*,0,-,0.1,-,5.6,1700,170,280,80,480,0.6,1.7,0.06,0.10,27,61,3,1,190,0,0,0,0,190,12.0,1.1,0,Tr,0,0,0.11,0.03,2.6,7.5,0.05,3.2,27,0.50,12.0,0,-,4.2,原材料： かたくちいわし、まいわし等の稚魚\n主として関東向け　 ,"{""baseName"":""しらす干し"",""variety"":""微乾燥品"",""notes"":[""魚類"",""いわし類""]}",しらす干しは小魚でカルシウムやタンパク質が豊富だが塩分に注意が必要,8
10,10056,1223,＜魚類＞　（いわし類）　しらす干し　半乾燥品,0,792,187,46.0,33.1,40.5,1.8,390,3.5,(0.5),,(0.5),9.6,*,(0),-,0.5,-,9.5,2600,490,520,130,860,0.8,3.0,0.07,0.17,-,-,-,-,240,0,0,(0),(0),240,61.0,1.5,0,Tr,0,(0),0.22,0.06,7.4,15.0,0.04,6.3,58,0.72,-,Tr,-,6.6,原材料： かたくちいわし、まいわし等の幼魚\n主として関西向け,"{""baseName"":""しらす干し"",""variety"":""半乾燥品"",""notes"":[""魚類"",""いわし類""]}",しらす干し（半乾燥）はカルシウムなどを補える魚原料だが塩分に注意が必要。,8
10,10057,1224,＜魚類＞　（いわし類）　たたみいわし,0,1473,348,10.7,(61.4),75.1,4.5,710,5.6,(0.7),,(0.6),15.5,*,(0),-,0.7,-,7.9,850,790,970,190,1400,2.6,6.6,0.13,-,-,-,-,-,410,(0),(0),(0),(0),410,50.0,2.7,Tr,0.2,Tr,(0),0.15,0.33,8.2,(23.0),0.27,16.0,300,2.95,-,(0),-,2.2,原材料： かたくちいわし、まいわし等の幼魚\nビタミンC： 酸化防止用として添加品あり,"{""baseName"":""たたみいわし"",""notes"":[""魚類"",""いわし類""]}",たたみいわしは魚由来のたんぱく源として使えるが乾燥加工品である点に注意。,8
10,10060,1227,＜魚類＞　（いわし類）　缶詰　水煮,0,703,168,66.3,(17.2),20.7,8.5,80,10.6,(0.1),,(0.1),5.7,*,(0),-,0.1,-,2.3,330,250,320,44,360,2.6,1.4,0.19,0.13,-,-,-,-,9,(0),(0),(0),(0),9,6,2.6,0,0,0,(0),0.03,0.30,8.5,(12.0),0.16,16.0,7,0.63,-,(0),-,0.8,まいわし製品\n液汁を除いたもの,"{""baseName"":"""",""state"":""水煮"",""notes"":[""魚類"",""いわし類""]}",良質な魚タンパクと脂肪酸を含み、犬の素材として適している,10
10,10062,1229,＜魚類＞　（いわし類）　缶詰　トマト漬,0,696,167,68.1,(14.6),17.5,9.6,85,10.8,-,,-,5.4,*,(0),-,1.3,-,2.3,280,310,360,35,320,1.9,1.7,0.19,0.18,-,-,-,-,12,(0),Tr,(0),(Tr),12,20.0,2.4,0,0,0,(0),0.01,0.25,6.3,(9.6),0.27,10.0,14,0.68,-,0,-,0.7,まいわし製品\n液汁を除いたもの,"{""baseName"":""トマト漬"",""state"":""缶詰"",""notes"":[""魚類"",""いわし類""]}",小魚は良質な脂質と蛋白を含むが缶詰の調味（塩分・ソース）に注意が必要,8
10,10065,1233,＜魚類＞　いわな　養殖　生,50,427,101,76.1,-,19.0,2.8,80,3.6,(0.1),*,(0.1),0.9,,(0),-,0.1,-,1.2,49,380,39,29,260,0.3,0.8,0.04,0.02,-,-,-,-,5,0,2,(0),2,5,5,1.6,0,0,0,(0),0.09,0.12,3.4,6.6,0.21,4.2,5,0.68,-,1,-,0.1,廃棄部位： 頭部、内臓、骨、ひれ等（三枚下ろし）,"{""baseName"":""いわな"",""productionMethod"":""養殖"",""state"":""生"",""notes"":[""魚類""]}",いわなは良質な魚のタンパク源で犬のレシピ素材として適している,9
10,10066,1234,＜魚類＞　うぐい　生,50,394,93,77.0,(16.7),20.1,1.2,93,1.5,(0.2),,(0.2),4.0,*,(0),-,0.2,-,1.2,83,340,69,27,240,0.7,3.4,0.05,0.04,-,-,-,-,41,0,0,(0),(0),41,19.0,0.8,0,0,0,(0),0.03,0.11,3.5,(7.2),0.16,8.5,8,1.11,-,Tr,-,0.2,廃棄部位： 頭部、内臓、骨、ひれ等（三枚下ろし）,"{""baseName"":""うぐい"",""state"":""生"",""notes"":[""魚類""]}",うぐいは魚類として使えるたんぱく源。骨や内臓の除去が前提。,8
10,10067,1235,＜魚類＞　うなぎ　養殖　生,25,947,228,62.1,14.4,17.1,16.1,230,19.3,(0.3),,(0.3),6.2,*,(0),-,0.3,-,1.2,74,230,130,20,260,0.5,1.4,0.04,0.04,17,50,0,5,2400,0,1,0,1,2400,18.0,7.4,0,0.1,0,(0),0.37,0.48,3.0,5.3,0.13,3.5,14,2.17,6.1,2,-,0.2,廃棄部位： 頭部、内臓、骨、ひれ等,"{""baseName"":""うなぎ"",""productionMethod"":""養殖"",""state"":""生"",""notes"":[""魚類""]}",うなぎは良質な動物性タンパク源で犬のレシピ素材として適している,9
10,10069,1237,＜魚類＞　うなぎ　白焼き,0,1245,300,52.1,(17.4),20.7,22.6,220,25.8,(0.1),,(0.1),6.6,*,(0),-,0.1,-,1.3,100,300,140,18,280,1.0,1.9,0.04,0.04,-,-,-,-,1500,(0),(0),(0),(0),1500,17.0,5.3,0,0.1,0,(0),0.55,0.45,3.5,(6.2),0.09,2.7,16,1.16,-,Tr,-,0.3,,"{""baseName"":""うなぎ"",""variety"":""白焼き"",""notes"":[""魚類""]}",白焼きのうなぎは良質なタンパク・脂質源で犬のレシピに適している。,9
10,10070,1238,＜魚類＞　うなぎ　かば焼,0,1189,285,50.5,(19.3),23.0,19.4,230,21.0,-,,-,8.4,*,(0),-,3.1,-,2.4,510,300,150,15,300,0.8,2.7,0.07,-,77,42,2,2,1500,(0),(0),(0),(0),1500,19.0,4.9,0,0.1,0,(0),0.75,0.74,4.1,(7.1),0.09,2.2,13,1.29,10.0,Tr,-,1.3,,"{""baseName"":""うなぎ"",""variety"":""かば焼"",""notes"":[""魚類""]}",うなぎのかば焼は良質なタンパク源だが濃い味付け（塩分・糖分）に注意,7
10,10071,1239,＜魚類＞　うまづらはぎ　生,65,318,75,80.2,15.1,18.2,0.2,47,0.3,(Tr),,(Tr),3.2,*,(0),-,Tr,-,1.3,210,320,50,87,160,0.4,0.5,0.05,0.02,-,-,-,-,0,(0),(0),(0),(0),(0),8,1.1,0,0,0,(0),0.01,0.13,3.7,7.3,0.40,1.4,4,0.50,-,Tr,-,0.5,廃棄部位： 頭部、内臓、骨、皮、ひれ等（三枚下ろし）,"{""baseName"":""うまづらはぎ"",""state"":""生"",""notes"":[""魚類""]}",うまづらはぎは良質な魚類のたんぱく源で犬の素材として適切（加熱推奨）,9
10,10073,1241,＜魚類＞　えい　生,0,334,79,79.3,(9.5),19.1,0.1,80,0.3,(0.1),,(0.1),9.9,*,(0),-,0.1,-,1.2,270,110,4,18,170,0.9,0.5,0.04,0.01,-,-,-,-,2,0,0,(0),(0),2,3,0.7,0,0,0,(0),0.05,0.12,2.5,(4.8),0.25,3.7,3,0.55,-,1,-,0.7,別名： かすべ\n切り身\n（魚体全体から調理する場合、廃棄率： 60%、廃棄部位： 頭部、内臓、骨、ひれ等）,"{""baseName"":""えい"",""state"":""生"",""notes"":[""魚類""]}",えいは魚類で良質なタンパク源。適切に処理すれば犬の素材として使える。,9
10,10074,1242,＜魚類＞　えそ　生,0,368,87,77.6,17.6,20.1,0.6,74,0.8,(0.1),,(0.1),2.8,*,(0),-,0.1,-,1.4,120,380,80,36,260,0.3,0.4,0.02,0.17,17,27,0,0,0,(0),(0),(0),(0),(0),1,0.1,0,0,0,(0),0.07,0.10,3.3,7.2,0.24,1.7,13,0.51,1.7,2,-,0.3,試料： わにえそ、とかげえそ、まえそ等\n三枚におろしたもの\n（魚体全体から調理する場合、廃棄率： 45 %、廃棄部位： 頭部、内臓、骨、ひれ等）,"{""baseName"":""えそ"",""state"":""生"",""notes"":[""魚類""]}",えそ（生）は魚類としてタンパク源に適しているが下処理に注意が必要,8
10,10075,1243,＜魚類＞　おいかわ　生,55,521,124,73.8,(15.9),19.2,4.7,91,5.8,(0.1),,(0.1),4.5,*,(0),-,0.1,-,1.1,48,240,45,23,210,0.6,2.5,0.06,0.04,-,-,-,-,10,0,0,(0),(0),10,10.0,0.9,0,0,0,(0),0.01,0.16,4.0,(7.5),0.21,11.0,21,1.02,-,2,-,0.1,別名： はや、やまべ\n廃棄部位： 頭部、内臓、骨、ひれ等（三枚下ろし）,"{""baseName"":""おいかわ"",""state"":""生"",""notes"":[""魚類""]}",おいかわ（淡水魚）の魚肉は動物性たんぱく源として利用できる素材である,8
10,10076,1244,＜魚類＞　おおさが　生,0,547,131,74.7,(13.5),16.3,6.6,55,8.0,(0.1),,(0.1),4.3,*,(0),-,0.1,-,0.9,71,310,16,22,160,0.2,0.4,0.02,0.01,-,-,-,-,85,0,0,-,0,85,3,4.9,0,0,0,(0),0.01,0.03,1.0,(4.0),0.05,3.3,1,0.21,-,1,-,0.2,別名： こうじんめぬけ\n切り身\n（魚体全体から調理する場合、廃棄率： 60%、廃棄部位： 頭部、内臓、骨、ひれ等）,"{""baseName"":""おおさが"",""state"":""生"",""notes"":[""魚類""]}",生のおおさがは魚類としてたんぱく源に適するが、生食によるリスクに留意する必要がある。,8
10,10077,1245,＜魚類＞　おこぜ　生,60,342,81,78.8,(16.2),19.6,0.1,75,0.2,(0.2),,(0.2),3.7,*,(0),-,0.2,-,1.2,85,360,31,26,200,0.4,0.7,0.03,0.21,-,-,-,-,2,0,0,(0),(0),2,1,0.4,0,0,0,(0),0.01,0.12,2.4,(6.0),0.08,0.6,3,0.51,-,0,-,0.2,試料： おにおこぜ\n廃棄部位： 頭部、内臓、骨、ひれ等（三枚下ろし）,"{""baseName"":""おこぜ"",""state"":""生"",""notes"":[""魚類""]}",おこぜは魚類としてタンパク源に適するが生魚由来のリスクに注意,8
10,10078,1246,＜魚類＞　おひょう　生,0,394,93,77.0,(16.5),19.9,1.2,49,1.7,(0.1),,(0.1),4.0,*,(0),-,0.1,-,1.3,72,400,7,28,260,0.1,0.5,0.02,0.01,-,-,-,-,13,0,0,(0),(0),13,3,0.8,0,0,0,(0),0.09,0.07,7.1,(11.0),0.41,2.1,12,0.47,-,Tr,-,0.2,別名： おおひらめ\n切り身,"{""baseName"":""おひょう"",""state"":""生"",""notes"":[""魚類""]}",おひょう（生切り身）は低脂肪の良質な魚類で、加熱して与えれば素材として適している,8
10,10079,1247,＜魚類＞　かさご　生,0,353,83,79.1,16.7,19.3,0.9,45,1.1,(0.1),,(0.1),2.1,*,(0),-,0.1,-,1.2,120,310,57,27,180,0.3,0.5,0.01,0.01,48,50,1,0,3,0,0,(0),(0),3,2,0.3,0,0,0,(0),0.03,0.06,1.8,5.1,0.06,1.2,3,0.47,0.8,1,-,0.3,三枚におろしたもの\n（魚体全体から調理する場合、廃棄率： 65 %、廃棄部位： 頭部、内臓、骨、ひれ等）,"{""baseName"":""かさご"",""state"":""生"",""notes"":[""魚類""]}",かさごは魚類で良質なタンパク源になり得る素材である,9
10,10080,1248,＜魚類＞　かじか　生,0,412,98,76.4,(12.4),15.0,3.4,220,5.0,(0.2),,(0.2),4.3,*,(0),-,0.2,-,3.4,110,260,520,31,400,2.8,1.7,0.15,0.31,-,-,-,-,180,(0),(0),(0),(0),180,3,1.3,0,0,0,1,0.07,0.38,1.5,(4.2),0.08,28.0,15,0.54,-,1,-,0.3,別名： ごり\n魚体全体,"{""baseName"":""かじか"",""state"":""生"",""notes"":[""魚類""]}",かじかは魚類で良質なたんぱく源。魚体全体だが素材として使用可能。,9
10,10081,1249,＜魚類＞　かじか　水煮,0,452,108,73.5,(13.1),15.8,4.1,250,5.8,(0.2),,(0.2),4.6,*,(0),-,0.2,-,4.7,90,210,630,40,440,2.6,2.3,0.24,0.37,-,-,-,-,290,(0),(0),(0),(0),290,4.9,2.5,0,0,0,1,0.06,0.30,1.1,(4.0),0.07,28.0,21,0.42,-,Tr,-,0.2,魚体全体を水煮したもの,"{""baseName"":""かじか"",""state"":""水煮"",""notes"":[""魚類""]}",水煮のかじかは良質な魚類たんぱくで犬の素材として適切,9
10,10083,1251,＜魚類＞　（かじき類）　くろかじき　生,0,397,93,75.6,18.6,22.9,0.1,48,0.2,(0.1),,(0.1),4.5,*,(0),-,0.1,-,1.2,70,390,5,34,260,0.5,0.7,0.03,0.01,-,-,-,-,2,0,0,(0),(0),2,38.0,0.9,0,0,0,(0),0.05,0.06,14.0,18.0,0.44,1.5,6,0.29,-,1,-,0.2,別名： くろかわ\n切り身（皮なし）,"{""baseName"":""くろかじき"",""state"":""生"",""notes"":[""魚類"",""かじき類""]}",くろかじきは良質な魚のたんぱく源で犬に適している,9
10,10084,1252,＜魚類＞　（かじき類）　まかじき　生,0,453,107,73.8,(18.7),23.1,1.4,46,1.8,(0.1),,(0.1),4.9,*,(0),-,0.1,-,1.2,65,380,5,35,270,0.6,0.6,0.04,0.01,11,55,0,0,8,0,0,(0),(0),8,12.0,1.2,0,0,0,(0),0.09,0.07,10.0,(15.0),0.44,4.3,5,1.25,13.0,2,-,0.2,切り身（皮なし）,"{""baseName"":""まかじき"",""state"":""生"",""notes"":[""魚類"",""かじき類""]}",まかじきは良質なたんぱく源の魚で犬のレシピ素材として適切。,9
10,10398,1254,＜魚類＞　（かじき類）　めかじき　焼き,0,845,202,59.9,22.4,27.5,9.8,99,11.1,0,,0,6.0,*,(0),-,0,-,1.9,110,630,5,41,370,0.6,0.9,0.05,0,-,-,-,-,85,0,0,0,0,85,10.0,6.1,0,0,0,1,0.07,0.11,10.0,15.0,0.35,2.4,8,0.46,-,0,-,0.3,切り身（皮なし）,"{""baseName"":""めかじき"",""state"":""焼き"",""notes"":[""魚類"",""かじき類""]}",めかじきの焼き切り身は良質な魚由来たんぱくと脂肪酸を供給する良い素材。,9
10,10086,1255,＜魚類＞　（かつお類）　かつお　春獲り　生,0,457,108,72.2,20.6,25.8,0.4,60,0.5,(0.1),,(0.1),5.4,*,(0),-,0.1,-,1.4,43,430,11,42,280,1.9,0.8,0.11,0.01,11,43,0,0,5,0,0,0,0,5,4,0.3,0,0,0,(0),0.13,0.17,19.0,24.0,0.76,8.4,6,0.70,2.6,Tr,-,0.1,別名： ほんがつお、まがつお、初がつお \n三枚におろしたもの\n（魚体全体から調理する場合、廃棄率： 35 %、廃棄部位： 頭部、内臓、骨、ひれ等）\n試料： 第3章参照,"{""baseName"":""かつお"",""variety"":""春獲り"",""state"":""生"",""notes"":[""魚類"",""かつお類""]}",かつおは良質な魚由来タンパク源で犬のレシピ素材として適している,9
10,10087,1256,＜魚類＞　（かつお類）　かつお　秋獲り　生,35,631,150,67.3,20.5,25.0,4.9,58,6.2,(0.2),,(0.2),6.0,*,(0),-,0.2,-,1.3,38,380,8,38,260,1.9,0.9,0.10,0.01,25,100,Tr,Tr,20,0,0,0,0,20,9,0.1,0,0,0,(0),0.10,0.16,18.0,23.0,0.76,8.6,4,0.61,5.7,Tr,-,0.1,別名： ほんがつお、まがつお、 戻りがつお\n廃棄部位： 頭部、内臓、骨、ひれ等（三枚下ろし）,"{""baseName"":""かつお"",""variety"":""秋獲り"",""state"":""生"",""notes"":[""魚類"",""かつお類""]}",かつおは高品質なたんぱく源で犬のレシピ素材として適切。,9
10,10088,1257,＜魚類＞　（かつお類）　そうだがつお　生,40,533,126,69.9,(20.9),25.7,2.1,75,2.8,(0.3),,(0.3),5.7,*,(0),-,0.3,-,1.3,81,350,23,33,230,2.6,1.2,0.15,0.02,-,-,-,-,9,0,0,-,0,9,22.0,1.2,0,0,0,(0),0.17,0.29,16.0,(21.0),0.54,12.0,14,1.29,-,Tr,-,0.2,試料： まるそうだ、ひらそうだ\n廃棄部位： 頭部、内臓、骨、ひれ等（三枚下ろし）,"{""baseName"":""そうだがつお"",""state"":""生"",""notes"":[""魚類"",""かつお類""]}",そうだがつお（生）は良質な魚たんぱくで犬のレシピ素材として適している,9
10,10089,1258,＜魚類＞　（かつお類）　加工品　なまり,0,534,126,66.9,(24.3),29.8,0.4,80,0.7,(0.4),,(0.4),6.2,*,(0),-,0.4,-,2.2,110,300,11,32,300,3.7,0.9,0.17,0.02,-,-,-,-,Tr,-,-,-,(0),(Tr),4,0.2,0,0,0,(0),0.19,0.18,16.0,(22.0),0.46,21.0,16,0.58,-,(0),-,0.3,,"{""baseName"":""加工品"",""variety"":""なまり"",""notes"":[""魚類"",""かつお類""]}",なまり（かつお類の加工品）は魚由来の良質なタンパク質源だが加工品で風味や塩分があるためやや注意が必要。,7
10,10446,1260,＜魚類＞　（かつお類）　加工品　裸節,0,1310,309,22.6,(59.6),71.6,(2.1),160,3.3,(0.2),,(0.2),13.0,*,0,-,0.2,-,2.8,310,780,15,76,570,6.5,1.9,0.29,0.03,60,240,3,2,10,-,-,-,-,10,6.7,1.5,0,0,0,1,0.01,0.35,45.0,(60.0),0.65,16.0,14,0.86,15.0,-,-,0.8,,"{""baseName"":""加工品"",""variety"":""裸節"",""notes"":[""魚類"",""かつお類""]}",かつお加工品は高たんぱくで旨味があり、犬の料理素材として適切。,9
10,10091,1261,＜魚類＞　（かつお類）　加工品　かつお節,0,1410,332,15.2,64.2,77.1,1.8,180,2.9,(0.8),,(0.7),14.8,*,(0),-,0.8,-,4.0,130,940,28,70,790,5.5,2.8,0.27,-,45,320,1,1,Tr,-,-,-,(0),(Tr),6,1.2,0.3,0.1,0.2,(0),0.55,0.35,45.0,61.0,0.53,15.0,11,0.82,15.0,(0),-,0.3,,"{""baseName"":""加工品"",""variety"":""かつお節"",""notes"":[""魚類"",""かつお類""]}",かつお節は乾燥した魚資源で旨味と良質なタンパク質を提供する安全な素材である。,8
10,10092,1262,＜魚類＞　（かつお類）　加工品　削り節,0,1387,327,17.2,64.0,75.7,1.9,190,3.2,(0.4),,(0.4),13.4,*,(0),-,0.4,-,3.5,480,810,46,91,680,9.0,2.5,0.43,0.05,-,-,-,-,24,0,0,-,0,24,4,1.1,0,0,0,(0),0.38,0.57,37.0,54.0,0.53,22.0,15,0.97,-,Tr,-,1.2,試料： 包装品,"{""baseName"":""加工品"",""variety"":""削り節"",""notes"":[""魚類"",""かつお類""]}",削り節は良質な魚たんぱくと旨味があり風味付けや栄養補助に適する,9
10,10097,1267,＜魚類＞　（かつお類）　缶詰　油漬　フレーク,0,1200,289,55.5,(15.3),18.8,23.4,41,24.2,(0.1),,(0.1),4.5,*,(0),-,0.1,-,1.4,350,230,5,23,160,0.9,0.5,0.07,0.02,-,-,-,-,Tr,(0),(0),(0),(0),(Tr),4,2.6,0.4,15.0,6.0,(0),0.12,0.11,15.0,(19.0),0.40,2.8,7,0.24,-,(0),-,0.9,別名： ツナ缶\n液汁を含んだもの,"{""baseName"":""油漬"",""variety"":""フレーク"",""state"":""缶詰"",""notes"":[""魚類"",""かつお類""]}",かつおの缶詰油漬フレークは魚由来の良質タンパクだが油や塩分を含む加工品,8
10,10098,1268,＜魚類＞　かます　生,40,573,137,72.7,15.5,18.9,6.4,58,7.2,(0.1),,(0.1),4.3,*,(0),-,0.1,-,1.1,120,320,41,34,140,0.3,0.5,0.04,0.01,-,-,-,-,12,(0),(0),(0),(0),12,11.0,0.9,0,0,0,(0),0.03,0.14,4.5,8.0,0.31,2.3,8,0.47,-,Tr,-,0.3,試料： あかかます\n廃棄部位： 頭部、内臓、骨、ひれ等（三枚下ろし）,"{""baseName"":""かます"",""state"":""生"",""notes"":[""魚類""]}",かます（生）は魚類として利用可能だが加熱や下処理を行ってから与えるのが望ましい,7
10,10099,1269,＜魚類＞　かます　焼き,40,563,134,70.3,(19.1),23.3,4.1,83,4.9,(0.1),,(0.1),5.1,*,(0),-,0.1,-,1.4,150,360,59,42,190,0.5,0.6,0.05,0.01,-,-,-,-,13,(0),(0),(0),(0),13,10.0,0.9,0,0,0,(0),0.03,0.14,4.2,(8.5),0.31,3.3,13,0.52,-,Tr,-,0.4,試料： あかかます\n内臓等を除き焼いたもの\n廃棄部位： 頭部、骨、ひれ等,"{""baseName"":""かます"",""state"":""焼き"",""notes"":[""魚類""]}",焼きかますは魚由来のたんぱく源で料理素材として適切。,8
10,10100,1270,＜魚類＞　（かれい類）　まがれい　生,0,377,89,77.8,17.8,19.6,1.0,71,1.3,(0.1),,(0.1),2.2,*,(0),-,0.1,-,1.2,110,330,43,28,200,0.2,0.8,0.03,0.01,21,110,0,0,5,0,0,(0),(0),5,13.0,1.5,0,0,0,(0),0.03,0.35,2.5,6.3,0.15,3.1,4,0.66,22.0,1,-,0.3,五枚におろしたもの\n（魚体全体から調理する場合、廃棄率： 50 %、廃棄部位： 頭部、内臓、骨、ひれ等） ,"{""baseName"":""まがれい"",""state"":""生"",""notes"":[""魚類"",""かれい類""]}",まがれい（生）は良質な魚類タンパク源で犬の素材として適している（骨除去）。,9
10,10101,1271,＜魚類＞　（かれい類）　まがれい　水煮,35,412,97,75.6,(19.5),21.4,0.9,87,1.1,(0.1),,(0.1),2.9,*,(0),-,0.1,-,1.2,100,320,56,29,200,0.3,0.9,0.03,0.02,15,77,0,0,5,0,0,(0),(0),5,17.0,2.0,0,0,0,(0),0.03,0.27,2.6,(6.8),0.14,3.3,4,0.73,15.0,Tr,-,0.3,廃棄部位： 頭部、骨、ひれ等\n内臓等を除き水煮したもの,"{""baseName"":""まがれい"",""state"":""水煮"",""notes"":[""魚類"",""かれい類""]}",まがれい水煮は加熱済みの魚で良質なタンパク源、犬のレシピ素材として適している,9
10,10102,1272,＜魚類＞　（かれい類）　まがれい　焼き,35,440,104,73.9,(21.3),23.4,1.0,100,1.3,(0.1),,(0.1),2.4,*,(0),-,0.1,-,1.4,130,370,70,32,240,0.3,1.0,0.04,0.02,22,97,Tr,0,7,0,0,(0),(0),7,18.0,2.5,0,0,0,(0),0.03,0.41,3.1,(7.6),0.13,4.1,6,0.75,27.0,1,-,0.3,廃棄部位： 頭部、骨、ひれ等\n内臓等を除き焼いたもの,"{""baseName"":""まがれい"",""state"":""焼き"",""notes"":[""魚類"",""かれい類""]}",まがれいの焼き身は調理済み魚としてたんぱく源に適し骨の除去が前提,9
10,10103,1273,＜魚類＞　（かれい類）　まこがれい　生,55,363,86,79.0,15.6,18.0,1.3,66,1.8,(0.1),,(0.1),2.9,*,(0),-,0.1,-,1.2,120,320,46,24,190,0.4,0.8,0.02,0.03,-,-,-,-,5,0,1,5,4,6,6.7,1.5,0,0,0,0,0.12,0.32,3.1,6.1,0.21,1.8,8,0.67,-,1,-,0.3,廃棄部位： 頭部、内臓、骨、ひれ等（五枚下ろし）,"{""baseName"":""まこがれい"",""state"":""生"",""notes"":[""魚類"",""かれい類""]}",まこがれい（生）はたんぱく源として良いが生魚は寄生虫や安全性の懸念があるため加熱が望ましい,7
10,10399,1274,＜魚類＞　（かれい類）　まこがれい　焼き,0,585,138,66.2,23.7,28.5,2.0,110,2.8,(0.2),,(0.1),6.3,*,(0),-,0.2,-,1.8,180,490,75,39,300,0.8,1.2,0.03,0.06,-,-,-,-,6,0,1,2,2,6,9.2,2.1,0,0,0,1,0.17,0.44,5.0,9.7,0.15,3.0,14,1.25,-,1,-,0.5,五枚におろしたもの,"{""baseName"":""まこがれい"",""state"":""焼き"",""notes"":[""魚類"",""かれい類""]}",焼きのまこがれいは良質な魚肉で犬のレシピ素材として適している（骨除去済）,9
10,10104,1275,＜魚類＞　（かれい類）　子持ちがれい　生,40,516,123,72.7,-,19.9,4.8,120,6.2,(0.1),*,(0.1),1.5,,(0),-,0.1,-,1.1,77,290,20,27,200,0.2,0.8,0.03,0.04,-,-,-,-,12,0,0,0,0,12,4,2.9,0,0,0,Tr,0.19,0.20,2.4,5.7,0.15,4.3,20,2.41,-,4,-,0.2,試料： あかがれい及びばばがれい\n廃棄部位： 頭部、内臓、骨、ひれ等,"{""baseName"":""子持ちがれい"",""state"":""生"",""notes"":[""魚類"",""かれい類""]}",魚および魚卵は良質なタンパク源で素材として適している,8
10,10105,1276,＜魚類＞　（かれい類）　子持ちがれい　水煮,15,575,137,69.3,-,22.3,5.3,140,7.2,(0.1),*,(0.1),2.0,,(0),-,0.1,-,1.1,83,270,40,28,210,0.3,1.0,0.04,0.04,-,-,-,-,11,0,0,0,0,11,4.7,4.2,0,0,0,Tr,0.25,0.22,2.7,6.4,0.15,4.9,23,2.58,-,3,-,0.2,試料： あかがれい及びばばがれい\n頭部、内臓等を除き水煮したもの\n廃棄部位： 骨、ひれ等,"{""baseName"":""子持ちがれい"",""state"":""水煮"",""notes"":[""魚類"",""かれい類""]}",子持ちがれいの水煮は加熱済みの魚で良質なたんぱく源として適する,9
10,10106,1277,＜魚類＞　（かれい類）　干しかれい,40,437,104,74.6,-,20.2,2.5,87,3.4,(Tr),*,(Tr),0.9,,(0),-,Tr,-,1.8,430,280,40,29,170,0.1,0.4,0.01,0.02,-,-,-,-,2,0,0,0,0,2,1,2.3,0,0,0,(0),0.25,0.10,5.1,8.5,0.11,1.6,11,0.71,-,1,-,1.1,試料（原材料）： やなぎむしがれい及びむしがれい（生干しひと塩品）\n廃棄部位： 頭部、骨、ひれ等,"{""baseName"":""干しかれい"",""notes"":[""魚類"",""かれい類""]}",干しかれいは良質な魚由来たんぱくだが乾燥や塩分が含まれる点に注意が必要,8
10,10107,1278,＜魚類＞　かわはぎ　生,0,327,77,79.9,16.3,18.8,0.3,47,0.4,(Tr),,(Tr),2.3,*,(0),-,Tr,-,1.2,110,380,13,28,240,0.2,0.4,0.03,0.02,33,35,0,0,2,0,0,(0),(0),2,43.0,0.6,0,0,0,(0),0.02,0.07,3.0,6.6,0.45,1.3,6,0.17,0.9,Tr,-,0.3,別名：はげ\n三枚におろしたもの\n（魚体全体から調理する場合、廃棄率： 65 %、廃棄部位： 頭部、内臓、骨、皮、ひれ等） ,"{""baseName"":""かわはぎ"",""state"":""生"",""notes"":[""魚類""]}",かわはぎは良質な魚で犬に適したタンパク源（加熱と骨除去が前提）,9
10,10108,1279,＜魚類＞　かんぱち　三枚おろし　生,0,501,119,73.3,(17.4),21.0,3.5,62,4.2,(0.1),,(0.1),4.4,*,(0),-,0.1,-,1.4,65,490,15,34,270,0.6,0.7,0.05,0.01,11,29,0,0,4,(0),(0),(0),(0),4,4,0.9,0,0,0,(0),0.15,0.16,8.0,(12.0),0.32,5.3,10,0.52,2.4,Tr,-,0.2,三枚におろしたもの\n（魚体全体から調理する場合、廃棄率： 40 %、廃棄部位： 頭部、内臓、骨、ひれ等）,"{""baseName"":""かんぱち"",""variety"":""三枚おろし"",""state"":""生"",""notes"":[""魚類""]}",かんぱちは良質な魚のたんぱく質で犬のレシピ素材として適する,9
10,10424,1280,＜魚類＞　かんぱち　背側　生,0,402,95,76.1,18.8,22.2,0.9,48,1.2,(0.1),,(0.1),2.9,*,(0),-,0.1,-,1.3,54,470,6,29,250,0.4,0.4,0.04,Tr,53,63,0,0,4,0,0,0,0,4,1.4,1.1,0,0,0,0,0.15,0.08,10,14.0,0.56,1.0,4,0.28,1.6,1,-,0.1,三枚におろした後、腹側を除いたもの\n（魚体全体から調理する場合、廃棄率： 80 %、廃棄部位： 頭部、内臓、骨、ひれ等）,"{""baseName"":""かんぱち"",""variety"":""背側"",""state"":""生"",""notes"":[""魚類""]}",白身の生魚で良質なタンパク源。生食の取り扱いに注意しつつ素材として適している。,9
10,10109,1281,＜魚類＞　きす　生,55,308,73,80.8,16.1,18.5,0.1,88,0.2,0,,0,1.7,*,(0),-,0,-,1.2,100,340,27,29,180,0.1,0.4,0.02,0.01,21,37,1,-,1,0,0,(0),(0),1,0.7,0.4,0,0,0,-,0.09,0.03,2.7,6.1,0.22,2.2,11,0.18,2.3,1,-,0.3,試料： しろぎす \n廃棄部位： 頭部、内臓、骨、ひれ等（三枚下ろし）,"{""baseName"":""きす"",""state"":""生"",""notes"":[""魚類""]}",きすは良質なタンパク源。頭部・内臓等を除いた身は犬の素材として適切。,9
10,10110,1283,＜魚類＞　きちじ　生,0,989,238,63.9,12.2,13.6,19.4,74,21.7,(Tr),,(Tr),3.6,*,(0),-,Tr,-,0.8,75,250,32,32,130,0.3,0.4,0.11,-,84,58,0,0,65,(0),0,(0),(0),65,4,2.4,0,0,0,(0),0.03,0.07,0.8,3.1,0.04,1.0,2,0.20,0.8,2,-,0.2,別名： きんきん、きんき\n三枚におろしたもの\n（魚体全体から調理する場合、廃棄率： 60 %、廃棄部位： 頭部、内臓、骨、ひれ等）,"{""baseName"":""きちじ"",""state"":""生"",""notes"":[""魚類""]}",魚類は良質なタンパク質と不飽和脂肪酸が得られる素材で適している,9
10,10111,1284,＜魚類＞　きびなご　生,35,361,85,78.2,(15.6),18.8,0.8,75,1.4,(0.1),,(0.1),3.9,*,(0),-,0.1,-,1.5,150,330,100,34,240,1.1,1.9,0.10,0.03,-,-,-,-,0,(0),(0),(0),(0),(0),10.0,0.3,0,0,0,Tr,0.02,0.25,6.2,(9.6),0.44,8.3,8,0.87,-,3,-,0.4,廃棄部位： 頭部、内臓、骨、ひれ等（三枚下ろし）,"{""baseName"":""きびなご"",""state"":""生"",""notes"":[""魚類""]}",きびなごは良質な魚でタンパク源になるが生食は寄生虫や消化面の懸念があるため調理して使う方が望ましい。,8
10,10114,1287,＜魚類＞　キングクリップ　生,0,312,73,80.5,(15.1),18.2,0.1,56,0.1,(Tr),,(Tr),3.2,*,(0),-,Tr,-,1.2,140,340,47,28,170,0.3,0.5,0.02,0.01,-,-,-,-,5,(0),(0),(0),(0),5,Tr,0.2,0,0,0,(0),0.03,0.07,1.5,(4.8),0.09,1.3,4,0.42,-,1,-,0.4,切り身,"{""baseName"":""キングクリップ"",""state"":""生"",""notes"":[""魚類""]}",良質な魚の生切り身で犬に適したタンパク源（加熱や骨除去が望ましい）,9
10,10115,1288,＜魚類＞　ぎんだら　生,0,874,210,67.4,12.1,13.6,16.7,50,18.6,(Tr),,(Tr),3.0,*,(0),-,Tr,-,0.9,74,340,15,26,180,0.3,0.3,0.02,0,-,-,-,-,1500,0,0,0,0,1500,3.5,4.6,0,0,0,1,0.05,0.10,1.7,4.1,0.09,2.8,1,0.21,-,0,-,0.2,切り身,"{""baseName"":""ぎんだら"",""state"":""生"",""notes"":[""魚類""]}",銀鱈は良質な魚のたんぱく源で犬のレシピ素材として適している。,9
10,10401,1289,＜魚類＞　ぎんだら　水煮,0,1048,253,61.2,14.6,14.9,21.6,59,23.8,0,*,0,1.8,,(0),-,0,-,0.8,63,280,15,25,150,0.3,0.3,0.03,0,-,-,-,-,1800,0,0,0,0,1800,4.2,5.4,0,0,0,1,0.04,0.08,1.6,4.6,0.09,2.6,1,0.13,-,0,-,0.2,切り身,"{""baseName"":""ぎんだら"",""state"":""水煮"",""notes"":[""魚類""]}",ぎんだらの水煮は調理済みの魚で良質なタンパク質・脂質源として適切,9
10,10116,1290,＜魚類＞　きんめだい　生,60,615,147,72.1,14.6,17.8,7.9,60,9.0,(0.1),,(0.1),4.5,*,(0),-,0.1,-,1.0,59,330,31,73,490,0.3,0.3,0.02,0.01,-,-,-,-,63,0,0,(0),(0),63,2,1.7,0,0,0,(0),0.03,0.05,2.7,5.8,0.28,1.1,9,0.23,-,1,-,0.1,別名：きんめ\n廃棄部位： 頭部、内臓、骨、ひれ等（三枚下ろし）,"{""baseName"":""きんめだい"",""state"":""生"",""notes"":[""魚類""]}",きんめだいは良質な魚のタンパク源。骨や内臓は除去して調理すれば適切。,9
10,10117,1291,＜魚類＞　ぐち　生,60,331,78,80.1,15.3,18.0,0.6,66,0.8,(Tr),,(Tr),2.9,*,(0),-,Tr,-,1.1,95,260,37,28,140,0.4,0.6,0.03,0.01,-,-,-,-,5,(0),(0),(0),(0),5,2.9,0.5,0,0,0,(0),0.04,0.28,2.8,6.2,0.18,2.5,6,0.46,-,Tr,-,0.2,別名： いしもち\n試料： しろぐち\n廃棄部位： 頭部、内臓、骨、ひれ等（三枚下ろし）,"{""baseName"":""ぐち"",""state"":""生"",""notes"":[""魚類""]}",生のぐちは魚類として良質なタンパク源だが、生食では寄生虫や酵素のリスクがあるため加熱が望ましい。,8
10,10118,1292,＜魚類＞　ぐち　焼き,45,423,100,74.3,(19.9),23.4,0.6,85,0.8,(Tr),,(Tr),3.7,*,(0),-,Tr,-,1.5,140,330,51,34,180,0.6,0.8,0.03,0.01,-,-,-,-,7,(0),(0),(0),(0),7,3.3,0.7,0,0,0,(0),0.05,0.25,3.0,(7.5),0.11,2.8,9,0.45,-,Tr,-,0.4,別名：いしもち、にべ\n試料： しろぐち\n内臓等を除き焼いたもの\n廃棄部位： 頭部、骨、ひれ等,"{""baseName"":""ぐち"",""state"":""焼き"",""notes"":[""魚類""]}",焼きぐちは調理済みの魚で良質なたんぱく源として犬のレシピに適している。,9
10,10119,1293,＜魚類＞　こい　養殖　生,50,657,157,71.0,14.8,17.7,8.9,86,10.2,(0.2),,(0.2),4.4,*,(0),-,0.2,-,0.9,49,340,9,22,180,0.5,1.2,0.05,0.01,-,-,-,-,4,0,0,(0),(0),4,14.0,2.0,Tr,Tr,0,(0),0.46,0.18,3.3,6.3,0.13,10.0,10,1.48,-,Tr,-,0.1,廃棄部位： 頭部、内臓、骨、ひれ等（三枚下ろし）,"{""baseName"":""こい"",""productionMethod"":""養殖"",""state"":""生"",""notes"":[""魚類""]}",養殖の鯉は魚由来のタンパク源として利用可能だが生食による寄生虫や衛生に注意,8
10,10120,1294,＜魚類＞　こい　養殖　水煮,15,793,190,66.3,(16.0),19.2,11.8,100,13.4,(0.2),,(0.2),5.0,*,(0),-,0.2,-,0.9,47,330,13,22,180,0.6,1.8,0.06,0.01,-,-,-,-,3,0,0,(0),(0),3,12.0,2.0,Tr,Tr,0,(0),0.37,0.17,3.1,(6.4),0.11,7.5,9,1.51,-,1,-,0.1,頭部、尾及び内臓等を除き水煮したもの\n廃棄部位： 骨、ひれ等,"{""baseName"":""こい"",""productionMethod"":""養殖"",""state"":""水煮"",""notes"":[""魚類""]}",水煮の鯉は良質なタンパク源で加工済みの魚として犬のレシピ素材に適する。,9
10,10121,1295,＜魚類＞　こい　養殖　内臓　生,0,1067,258,62.6,-,9.0,22.6,260,25.9,(1.3),,(1.2),4.6,*,(0),-,1.3,-,1.2,95,240,9,19,130,3.1,7.0,0.31,0.10,-,-,-,-,500,(0),Tr,(0),(Tr),500,9,3.8,Tr,0.1,0,1,0.07,0.54,5.3,6.8,0.05,16.0,110,2.53,-,2,-,0.2,胆のうを除いたもの,"{""baseName"":""こい"",""variety"":""内臓"",""productionMethod"":""養殖"",""state"":""生"",""notes"":[""魚類""]}",こいの内臓は栄養が濃縮した部位で利用可能だが、扱いに注意が必要。,7
10,10122,1296,＜魚類＞　（こち類）　まごち　生,55,401,94,75.4,(18.6),22.5,0.3,57,0.5,(0.2),,(0.2),4.2,*,(0),-,0.2,-,1.4,110,450,51,33,260,0.2,0.6,0.02,0.01,-,-,-,-,1,0,0,(0),(0),1,1,0.1,0,0,0,(0),0.07,0.17,4.5,(8.6),0.34,1.7,4,0.38,-,1,-,0.3,別名： こち、がらごち、ぜにごち、ほんごち\n廃棄部位： 頭部、内臓、骨、ひれ等（三枚下ろし）,"{""baseName"":""まごち"",""state"":""生"",""notes"":[""魚類"",""こち類""]}",生のまごちは良質な魚類だが生食は寄生虫や微生物のリスクがあるため調理の有無を確認して使用する。,8
10,10123,1297,＜魚類＞　（こち類）　めごち　生,0,310,73,81.1,17.3,17.1,0.4,52,0.6,(0.1),*,(0.1),0,,(0),-,0.1,-,1.2,160,280,40,30,160,0.2,0.6,0.01,0.04,26,44,Tr,0,2,0,3,(0),3,2,11.0,0,0,0,0,(0),0.02,0.08,2.4,5.8,0.14,3.0,6,0.16,1.1,Tr,-,0.4,関東で流通するめごち（ネズミゴチ）とは別種\n三枚におろしたもの\n（魚体全体から調理する場合、廃棄率： 60 %、廃棄部位： 頭部、内臓、骨、ひれ等）,"{""baseName"":""めごち"",""state"":""生"",""notes"":[""魚類"",""こち類""]}",めごち（魚）は魚類として良質なタンパク源でレシピ素材に適している。,9
10,10124,1298,＜魚類＞　このしろ　生,50,612,146,70.6,15.6,19.0,7.1,68,8.3,(0.4),,(0.4),5.0,*,(0),-,0.4,-,1.7,160,370,190,27,230,1.3,0.7,0.16,-,35,31,1,0,Tr,(0),(0),(0),(0),(Tr),9,2.5,0,0,0,(0),Tr,0.17,2.1,5.6,0.33,10.0,8,1.13,7.4,0,-,0.4,別名： こはだ（小型魚）、つなし\n廃棄部位： 頭部、内臓、骨、ひれ等（三枚下ろし）,"{""baseName"":""このしろ"",""state"":""生"",""notes"":[""魚類""]}",良質な小型魚のタンパク源。骨の除去や適切な加熱で安全に使える。,9
10,10126,1300,＜魚類＞　（さけ・ます類）　からふとます　生,0,586,139,70.1,(18.0),21.7,5.1,58,6.6,(0.1),,(0.1),5.3,*,(0),-,0.1,-,1.5,64,400,13,29,260,0.4,0.6,0.07,0.01,-,-,-,-,13,0,0,(0),(0),13,22.0,0.7,0,0,0,(0),0.25,0.18,8.0,(12.0),0.49,4.6,16,1.30,-,1,-,0.2,別名： あおます\n切り身,"{""baseName"":""からふとます"",""state"":""生"",""notes"":[""魚類"",""さけ・ます類""]}",サケ・マス類は良質な蛋白と必須脂肪酸を含み犬のレシピに適している,9
10,10127,1301,＜魚類＞　（さけ・ます類）　からふとます　焼き,0,735,175,62.1,(23.3),28.1,6.2,88,7.7,(0.1),,(0.1),6.4,*,(0),-,0.1,-,2.0,85,520,20,41,370,0.6,0.7,0.09,0.01,-,-,-,-,15,0,0,(0),(0),15,31.0,0.9,0,0,0,(0),0.24,0.27,10.0,(15.0),0.36,7.9,19,1.60,-,1,-,0.2,別名： あおます\n切り身,"{""baseName"":""からふとます"",""state"":""焼き"",""notes"":[""魚類"",""さけ・ます類""]}",からふとます（焼き）は加熱された良質な魚タンパクで適している,9
10,10128,1302,＜魚類＞　（さけ・ます類）　からふとます　塩ます,30,614,146,64.6,(17.3),20.9,6.1,62,7.4,(0.6),,(0.5),5.5,*,(0),-,0.6,-,6.5,2300,310,27,34,250,0.4,0.5,0.06,0.01,-,-,-,-,19,0,0,0,0,19,20.0,0.4,0,0,0,(0),0.21,0.17,6.8,(11.0),0.48,2.1,10,1.07,-,1,-,5.8,別名： あおます\n廃棄部位： 頭部、骨、ひれ等,"{""baseName"":""からふとます"",""variety"":""塩ます"",""notes"":[""魚類"",""さけ・ます類""]}",塩漬けまたは塩処理されたます類は良質なたんぱく源で素材として適している。,9
10,10129,1303,＜魚類＞　（さけ・ます類）　からふとます　水煮缶詰,0,607,145,69.7,(17.2),20.7,6.5,89,7.2,(0.1),,(0.1),4.3,*,(0),-,0.1,-,2.3,360,300,110,36,320,1.5,0.9,0.10,0.08,-,-,-,-,Tr,(0),(0),(0),(0),(Tr),7,0.7,0,0,0,(0),0.15,0.13,6.0,(9.8),0.25,3.4,15,0.66,-,(0),-,0.9,別名： あおます\n液汁を除いたもの,"{""baseName"":""からふとます"",""state"":""水煮缶詰"",""notes"":[""魚類"",""さけ・ます類""]}",ます類の水煮缶は良質なタンパク質と脂肪酸を供給する安全な素材,9
10,10130,1304,＜魚類＞　（さけ・ます類）　ぎんざけ　養殖　生,0,784,188,66.0,16.8,19.6,11.4,60,12.8,(0.3),,(0.3),4.5,*,(0),-,0.3,-,1.3,48,350,12,25,290,0.3,0.6,0.05,0.01,9,29,1,0,36,-,-,-,Tr,36,15.0,1.8,Tr,Tr,Tr,(0),0.15,0.14,5.3,9.0,0.32,5.2,9,1.37,4.5,1,-,0.1,別名： ぎんます\n切り身\n（魚体全体から調理する場合、廃棄率： 35 %、廃棄部位： 頭部、内臓、骨、ひれ等）,"{""baseName"":""ぎんざけ"",""productionMethod"":""養殖"",""state"":""生"",""notes"":[""魚類"",""さけ・ます類""]}",良質な脂質（オメガ3）とたんぱくが豊富な魚で犬に適している,9
10,10131,1305,＜魚類＞　（さけ・ます類）　ぎんざけ　養殖　焼き,0,987,236,56.7,21.0,25.2,14.1,88,15.8,(0.4),,(0.4),6.2,*,(0),-,0.4,-,1.9,61,460,16,34,320,0.4,0.8,0.07,0.01,10,37,Tr,0,37,-,-,-,Tr,37,21.0,2.7,Tr,Tr,Tr,(0),0.13,0.19,7.4,12.0,0.31,7.5,10,1.65,6.1,1,-,0.2,別名： ぎんます\n切り身,"{""baseName"":""ぎんざけ"",""productionMethod"":""養殖"",""state"":""焼き"",""notes"":[""魚類"",""さけ・ます類""]}",良質なタンパク源でオメガ-3を含む。調理済みの魚は犬の素材として適している。,9
10,10132,1306,＜魚類＞　（さけ・ます類）　さくらます　生,0,611,146,69.8,(17.3),20.9,6.2,54,7.7,(0.1),,(0.1),5.2,*,(0),-,0.1,-,1.5,53,390,15,28,260,0.4,0.5,0.06,0.01,-,-,-,-,63,0,0,(0),(0),63,10.0,2.3,0,0,0,(0),0.11,0.14,8.8,(13.0),0.52,7.6,21,0.97,-,1,-,0.1,別名： ます\n切り身\n（魚体全体から調理する場合、廃棄率： 30 %、廃棄部位： 頭部、内臓、骨、ひれ等）,"{""baseName"":""さくらます"",""state"":""生"",""notes"":[""魚類"",""さけ・ます類""]}",さくらます（ます類）は良質な動物性タンパクで犬の素材として適切。,9
10,10133,1307,＜魚類＞　（さけ・ます類）　さくらます　焼き,0,871,208,57.4,(23.5),28.4,9.1,77,12.0,(0.1),,(0.1),7.9,*,(0),-,0.1,-,2.1,71,520,26,38,370,0.5,0.7,0.08,0.01,-,-,-,-,55,0,0,(0),(0),55,15.0,3.3,0,0,0,(0),0.12,0.23,10.0,(15.0),0.32,9.2,26,1.28,-,1,-,0.2,別名： ます\n切り身,"{""baseName"":""さくらます"",""state"":""焼き"",""notes"":[""魚類"",""さけ・ます類""]}",焼きさくらますは調理済みの魚で良質なたんぱく源、素材として適切,9
10,10134,1308,＜魚類＞　（さけ・ます類）　しろさけ　生,0,524,124,72.3,18.9,22.3,3.7,59,4.1,(0.1),,(0.1),3.9,*,(0),-,0.1,-,1.2,66,350,14,28,240,0.5,0.5,0.07,0.01,5,31,1,0,11,0,0,(0),(0),11,32.0,1.2,0,Tr,0,(0),0.15,0.21,6.7,11.0,0.64,5.9,20,1.27,9.0,1,-,0.2,別名： さけ（標準和名）、あきさけ、あきあじ\n切り身\n（魚体全体から調理する場合、廃棄率： 40 %、廃棄部位： 頭部、内臓、骨、ひれ等）,"{""baseName"":""しろさけ"",""state"":""生"",""notes"":[""魚類"",""さけ・ます類""]}",しろさけは良質なたんぱく源だが生の状態では寄生虫等のリスクがあるため加熱が望ましい。,8
10,10135,1309,＜魚類＞　（さけ・ます類）　しろさけ　水煮,0,597,142,68.5,21.0,25.5,4.1,78,4.7,(0.1),,(0.1),5.2,*,(0),-,0.1,-,1.2,63,340,19,29,250,0.6,0.6,0.08,0.01,6,34,2,0,13,0,0,(0),(0),13,34.0,1.1,0,Tr,0,(0),0.15,0.23,6.6,12.0,0.51,5.3,21,1.21,10.0,Tr,-,0.2,別名： さけ（標準和名）、あきさけ、あきあじ\n切り身,"{""baseName"":""しろさけ"",""state"":""水煮"",""notes"":[""魚類"",""さけ・ます類""]}",しろさけの水煮は良質な脂肪とタンパク源で、犬のレシピ素材として適しているため,9
10,10136,1310,＜魚類＞　（さけ・ます類）　しろさけ　焼き,0,675,160,64.2,23.7,29.1,4.6,85,5.1,(0.1),,(0.1),6.0,*,(0),-,0.1,-,1.5,82,440,19,35,310,0.6,0.7,0.08,0.01,5,41,3,0,14,0,0,(0),(0),14,39.0,1.4,0,Tr,0,(0),0.17,0.26,8.7,14.0,0.57,6.0,24,1.67,12.0,1,-,0.2,別名： さけ（標準和名）、あきさけ、あきあじ\n切り身,"{""baseName"":""しろさけ"",""state"":""焼き"",""notes"":[""魚類"",""さけ・ます類""]}",しろさけ（焼き）は良質なたんぱく質と脂肪を含む安全な素材である,9
10,10137,1311,＜魚類＞　（さけ・ます類）　しろさけ　新巻き　生,0,581,138,67.0,(19.3),22.8,4.4,70,6.1,(0.1),,(0.1),5.2,*,(0),-,0.1,-,4.0,1200,380,28,29,230,1.0,0.4,0.07,0.02,-,-,-,-,Tr,(0),0,(0),(0),(Tr),21.0,0.7,0,0,0,(0),0.18,0.20,6.2,(11.0),0.56,6.0,24,1.45,-,1,-,3.0,別名： さけ（標準和名）、あきさけ、あきあじ\n切り身\n（魚体全体から調理する場合、廃棄率： 30 %、廃棄部位： 頭部、骨、ひれ等）,"{""baseName"":""しろさけ"",""variety"":""新巻き"",""state"":""生"",""notes"":[""魚類"",""さけ・ます類""]}",鮭は良質な動物性たんぱく源で犬のレシピ素材として適切,9
10,10138,1312,＜魚類＞　（さけ・ます類）　しろさけ　新巻き　焼き,0,744,177,59.5,(24.9),29.3,5.5,95,7.9,(0.1),,(0.1),6.9,*,(0),-,0.1,-,3.2,830,480,44,36,300,1.7,0.6,0.08,0.03,-,-,-,-,Tr,(0),0,(0),(0),(Tr),25.0,1.0,0,0,0,(0),0.22,0.24,7.7,(13.0),0.52,6.3,40,1.80,-,1,-,2.1,別名： さけ（標準和名）、あきさけ、あきあじ\n切り身,"{""baseName"":""しろさけ"",""variety"":""新巻き"",""state"":""焼き"",""notes"":[""魚類"",""さけ・ます類""]}",しろさけ（焼き）は良質なたんぱく源の魚類で、調理済み切り身として使いやすい,9
10,10139,1313,＜魚類＞　（さけ・ます類）　しろさけ　塩ざけ,0,766,183,63.6,19.4,22.4,9.7,64,11.1,(0.1),,(0.1),4.4,*,(0),-,0.1,-,2.8,720,320,16,30,270,0.3,0.4,0.05,0.01,18,43,0,0,24,0,0,(0),(0),24,23.0,0.4,0,0,0,(0),0.14,0.15,7.1,12.0,0.58,6.9,11,0.95,11.0,1,-,1.8,別名： さけ（標準和名）、あきさけ、あきあじ\n切り身\n（魚体全体から調理する場合、廃棄率： 20 %、廃棄部位： 頭部、骨、ひれ等),"{""baseName"":""しろさけ"",""variety"":""塩ざけ"",""notes"":[""魚類"",""さけ・ます類""]}",鮭は良質な魚タンパク。塩ざけは塩分に注意して使用,9
10,10143,1317,＜魚類＞　（さけ・ます類）　しろさけ　水煮缶詰,0,656,156,68.2,(18.0),21.2,7.5,66,8.5,(0.1),,(0.1),4.4,*,(0),-,0.1,-,2.0,230,290,190,34,310,0.4,0.8,0.07,0.03,-,-,-,-,Tr,(0),(0),(0),(0),(Tr),8,0.6,0,0,0,(0),0.15,0.12,7.0,(11.0),0.10,6.0,10,0.41,-,(0),-,0.6,別名： さけ（標準和名）、あきさけ、あきあじ\n液汁を除いたもの,"{""baseName"":""しろさけ"",""state"":""水煮缶詰"",""notes"":[""魚類"",""さけ・ます類""]}",さけ（缶詰・水煮）は良質なたんぱくとオメガ-3を含み、犬に適した素材である。,9
10,10447,1318,＜魚類＞　（さけ・ます類）　しろさけ　サケ節　削り節,0,1469,346,14.3,(65.7),77.4,(3.0),290,3.4,(0.2),,(0.2),14.1,*,0,-,0.2,-,2.9,300,840,51,81,620,2.0,1.8,0.24,0.05,31,120,1,1,3,-,-,-,-,3,33.0,2.0,0,0,0,0,0.04,0.52,12.0,(27.0),0.46,22.0,27,1.95,33.0,-,-,0.8,別名： さけ（標準和名）、あきさけ、あきあじ\n試料： 包装品,"{""baseName"":""しろさけ"",""variety"":""サケ節 削り節"",""notes"":[""魚類"",""さけ・ます類""]}",サケ節（削り節）は魚由来の旨味とたんぱく質があり犬のレシピ素材に適する,8
10,10144,1319,＜魚類＞　（さけ・ます類）　たいせいようさけ　養殖　皮つき　生,0,908,218,62.1,17.3,20.1,14.4,72,16.5,(0.1),,(0.1),4.9,*,(0),-,0.1,-,1.4,43,370,9,27,240,0.3,0.5,0.05,0.01,5,19,0,0,14,0,0,0,0,14,8.3,3.8,0,0.1,0,6,0.23,0.10,7.4,11.0,0.45,7.2,27,1.31,6.3,2,-,0.1,別名： アトランティックサーモン\n切り身,"{""baseName"":""たいせいようさけ"",""formModifiers"":[""皮つき""],""productionMethod"":""養殖"",""state"":""生"",""notes"":[""魚類"",""さけ・ます類""]}",養殖サーモンは良質だが生は寄生虫や酵素の影響に注意して加熱推奨,7
10,10433,1320,＜魚類＞　（さけ・ます類）　たいせいようさけ　養殖　皮つき　水煮,0,980,236,58.6,19.8,22.5,17.4,82,18.4,(0.1),*,(0.1),2.8,,(0),-,0.1,-,1.4,40,330,12,27,230,0.3,0.4,0.05,0.01,5,20,0,Tr,15,(0),(0),(0),(0),15,7.5,4.9,(0),(0),(0),8,0.26,0.10,6.2,11.0,0.50,7.3,17,1.16,5.7,1,-,0.1,別名： アトランティックサーモン\n切り身,"{""baseName"":""たいせいようさけ"",""formModifiers"":[""皮つき""],""productionMethod"":""養殖"",""state"":""水煮"",""notes"":[""魚類"",""さけ・ます類""]}",養殖サーモンの水煮は良質な魚類で、調理済みとして利用しやすい良い素材,10
10,10434,1321,＜魚類＞　（さけ・ます類）　たいせいようさけ　養殖　皮つき　蒸し,0,958,230,60.2,20.0,23.8,15.3,79,15.8,(0.1),,(0.1),3.1,*,(0),-,0.1,-,1.4,49,360,10,28,250,0.3,0.3,0.06,0.01,8,24,0,Tr,16,(0),(0),(0),(0),16,7.5,3.4,(0),(0),(0),6,0.25,0.11,7.0,12.0,0.52,8.4,18,1.11,7.1,2,-,0.1,別名： アトランティックサーモン\n切り身,"{""baseName"":""たいせいようさけ"",""formModifiers"":[""皮つき""],""productionMethod"":""養殖"",""state"":""蒸し"",""notes"":[""魚類"",""さけ・ます類""]}",蒸しサーモンは良質な動物性タンパクと必須脂肪酸を含み犬のレシピ素材として適している。,9
10,10435,1322,＜魚類＞　（さけ・ます類）　たいせいようさけ　養殖　皮つき　電子レンジ調理,0,930,223,61.2,19.0,22.9,14.8,72,15.4,(0.1),,(0.1),3.5,*,(0),-,0.1,-,1.5,47,380,8,29,260,0.3,0.3,0.06,0.01,7,23,Tr,Tr,18,(0),(0),(0),(0),18,6.1,2.9,(0),(0),(0),6,0.29,0.11,7.5,12.0,0.61,8.9,17,1.24,6.5,2,-,0.1,別名： アトランティックサーモン\n切り身,"{""baseName"":""たいせいようさけ"",""formModifiers"":[""皮つき""],""productionMethod"":""養殖"",""state"":""電子レンジ調理"",""notes"":[""魚類"",""さけ・ます類""]}",皮つきのサーモンの電子レンジ調理品は良質なたんぱく・脂肪源で犬向き（骨・皮の処理に注意）,9
10,10145,1323,＜魚類＞　（さけ・ます類）　たいせいようさけ　養殖　皮つき　焼き,0,1125,270,54.6,19.8,24.5,19.1,93,19.7,(0.3),,(0.3),4.9,*,(0),-,0.3,-,1.7,55,460,17,34,310,0.3,0.5,0.05,0.01,8,26,0,Tr,17,0,0,0,0,17,11.0,4.4,0,0.2,0,8,0.24,0.13,8.2,13.0,0.43,5.6,28,1.69,8.8,3,-,0.1,別名： アトランティックサーモン\n切り身,"{""baseName"":""たいせいようさけ"",""formModifiers"":[""皮つき""],""productionMethod"":""養殖"",""state"":""焼き"",""notes"":[""魚類"",""さけ・ます類""]}",加熱された鮭は良質なタンパクと脂肪酸が得られ犬に適した食材である,9
10,10436,1324,＜魚類＞　（さけ・ます類）　たいせいようさけ　養殖　皮つき　ソテー,0,1104,266,54.6,22.3,25.2,19.6,79,20.4,(0.1),*,(0.1),1.9,,(0),-,0.1,-,1.7,55,450,10,33,300,0.3,0.3,0.06,0.01,8,23,0,Tr,22,(0),(0),(0),(0),22,6.9,5.8,Tr,2.5,0.1,9,0.31,0.13,8.8,14.0,0.51,7.9,23,1.61,7.6,2,-,0.1,別名： アトランティックサーモン\n切り身\n植物油（なたね油）\n調理による脂質の増減：第1章表14参照,"{""baseName"":""たいせいようさけ"",""formModifiers"":[""皮つき""],""productionMethod"":""養殖"",""state"":""ソテー"",""notes"":[""魚類"",""さけ・ます類""]}",ソテーした養殖サーモンは良質な脂質とタンパク源で犬の素材として適している,9
10,10438,1326,＜魚類＞　（さけ・ます類）　たいせいようさけ　養殖　皮なし　生,0,928,223,62.5,16.7,19.6,15.7,64,17.0,(0.1),,(0.1),3.6,*,(0),-,0.1,-,1.4,43,380,5,28,250,0.3,0.4,0.05,0.01,6,17,0,0,14,(0),(0),(0),(0),14,7.3,3.6,-,-,-,6,0.24,0.08,7.7,12.0,0.49,8.0,25,1.30,6.1,2,-,0.1,別名： アトランティックサーモン\n切り身。刺身と同等,"{""baseName"":""たいせいようさけ"",""formModifiers"":[""皮なし""],""productionMethod"":""養殖"",""state"":""生"",""notes"":[""魚類"",""さけ・ます類""]}",養殖サーモン（生）は良質な魚だが生状態はリスクがあるため加熱前提で注意が必要,7
10,10439,1327,＜魚類＞　（さけ・ます類）　たいせいようさけ　養殖　皮なし　水煮,10,1016,244,58.7,19.1,22.7,16.8,75,17.9,(0.1),,(0.1),4.0,*,(0),-,0.1,-,1.4,39,350,5,28,240,0.3,0.3,0.05,0.01,5,21,0,0,16,(0),(0),(0),(0),16,7,4.7,(0),(0),(0),8,0.27,0.10,6.5,11.0,0.55,7.5,17,1.25,5.9,2,-,0.1,別名： アトランティックサーモン\n切り身\n廃棄部位： 皮、小骨,"{""baseName"":""たいせいようさけ"",""formModifiers"":[""皮なし""],""productionMethod"":""養殖"",""state"":""水煮"",""notes"":[""魚類"",""さけ・ます類""]}",加熱されたサーモンは良質なタンパク質と脂肪酸を含み、素材として適している,9
10,10440,1328,＜魚類＞　（さけ・ます類）　たいせいようさけ　養殖　皮なし　蒸し,8,951,228,60.3,19.4,23.2,15.1,70,15.8,(0.1),,(0.1),3.8,*,(0),-,0.1,-,1.4,49,360,13,29,250,0.3,0.3,0.06,0.01,7,24,0,Tr,17,(0),(0),(0),(0),17,7.3,3.4,(0),(0),(0),6,0.25,0.10,6.9,12.0,0.57,9.3,18,1.09,7.7,2,-,0.1,別名： アトランティックサーモン\n切り身\n廃棄部位： 皮、小骨,"{""baseName"":""たいせいようさけ"",""formModifiers"":[""皮なし""],""productionMethod"":""養殖"",""state"":""蒸し"",""notes"":[""魚類"",""さけ・ます類""]}",蒸しの養殖サーモンは加熱済みの良質な魚類で、犬の素材として非常に適している,10
10,10441,1329,＜魚類＞　（さけ・ます類）　たいせいようさけ　養殖　皮なし　電子レンジ調理,8,963,231,60.2,18.5,22.7,15.7,70,16.5,(0.1),,(0.1),3.9,*,(0),-,0.1,-,1.6,47,400,6,30,270,0.3,0.3,0.07,0.01,7,24,0,Tr,22,(0),(0),(0),(0),22,6.4,3.1,(0),(0),(0),7,0.29,0.11,7.2,12.0,0.58,9.7,21,1.12,6.8,2,-,0.1,別名： アトランティックサーモン\n切り身\n廃棄部位： 皮、小骨,"{""baseName"":""たいせいようさけ"",""formModifiers"":[""皮なし""],""productionMethod"":""養殖"",""state"":""電子レンジ調理"",""notes"":[""魚類"",""さけ・ます類""]}",加熱されたサーモンは良質な動物性タンパク源で犬に適した素材,10
10,10442,1330,＜魚類＞　（さけ・ます類）　たいせいようさけ　養殖　皮なし　焼き,10,953,229,59.8,19.2,23.9,15.0,72,15.7,(0.1),,(0.1),4.2,*,(0),-,0.1,-,1.7,52,440,5,31,280,0.3,0.3,0.07,0.01,7,24,0,Tr,21,(0),(0),(0),(0),21,7.7,3.7,(0),(0),(0),7,0.25,0.11,8.3,13.0,0.52,9.4,17,1.22,8.7,1,-,0.1,別名： アトランティックサーモン\n切り身\n廃棄部位： 皮、小骨,"{""baseName"":""たいせいようさけ"",""formModifiers"":[""皮なし""],""productionMethod"":""養殖"",""state"":""焼き"",""notes"":[""魚類"",""さけ・ます類""]}",焼きサーモンはタンパク質とオメガ3が豊富で、骨除去の条件で犬に適した優れた素材。,10
10,10443,1331,＜魚類＞　（さけ・ます類）　たいせいようさけ　養殖　皮なし　ソテー,10,1119,269,53.2,22.3,25.8,20.0,78,21.0,(0.1),*,(0.1),2.8,,(0),-,0.1,-,1.7,54,450,7,34,300,0.3,0.3,0.06,0.01,7,23,0,Tr,22,(0),(0),(0),(0),22,6.6,6.0,Tr,2.8,0.1,10,0.31,0.13,9.1,15.0,0.50,7.9,24,1.56,7.8,2,-,0.1,別名： アトランティックサーモン\n切り身\n廃棄部位： 皮、小骨\n植物油（なたね油）\n調理による脂質の増減：第1章表14参照,"{""baseName"":""たいせいようさけ"",""formModifiers"":[""皮なし""],""productionMethod"":""養殖"",""state"":""ソテー"",""notes"":[""魚類"",""さけ・ます類""]}",養殖サーモンのソテーは良質なタンパク・脂肪源で犬のレシピ素材として適切,9
10,10146,1333,＜魚類＞　（さけ・ます類）　にじます　海面養殖　皮つき　生,0,841,201,63.0,18.7,21.4,11.7,69,14.2,(0.1),,(0.1),5.2,*,(0),-,0.1,-,1.3,64,390,13,28,250,0.3,0.5,0.04,0.01,4,22,0,(0),57,(0),0,(0),(0),57,11.0,5.5,0,1.1,0,-,0.17,0.10,6.8,11.0,0.45,5.2,12,1.78,5.4,2,-,0.2,別名： スチールヘッドトラウト、サーモントラウト\n切り身,"{""baseName"":""にじます"",""variety"":""海面養殖"",""formModifiers"":[""皮つき""],""state"":""生"",""notes"":[""魚類"",""さけ・ます類""]}",にじますはオメガ3等を含む良質な魚で、皮付きでも適切に処理すれば利用可能。,9
10,10402,1334,＜魚類＞　（さけ・ます類）　にじます　海面養殖　皮なし　生,0,734,176,67.5,17.8,20.5,10.1,52,10.8,(0.2),,(0.2),3.5,*,(0),-,0.2,-,1.2,50,420,8,29,250,0.3,0.4,0.04,0.01,3,21,0,(0),27,(0),(0),(0),(0),27,7,3.8,0,0.9,0,-,0.21,0.12,6.7,11.0,0.59,3.8,9,1.74,5.5,3,-,0.1,別名： スチールヘッドトラウト、サーモントラウト,"{""baseName"":""にじます"",""variety"":""海面養殖"",""formModifiers"":[""皮なし""],""state"":""生"",""notes"":[""魚類"",""さけ・ます類""]}",にじますは良質な魚類で犬のレシピ素材として適切（皮なし・生でも素材として扱える）。,9
10,10147,1335,＜魚類＞　（さけ・ます類）　にじます　海面養殖　皮つき　焼き,0,994,238,55.3,(23.9),27.2,13.3,98,15.8,(0.4),,(0.4),5.7,*,(0),-,0.4,-,1.8,68,490,22,55,350,0.3,0.6,0.05,0.01,-,-,-,(0),74,(0),0,(0),(0),74,12.0,5.9,0,-,0,-,0.20,0.15,7.0,(12.0),0.30,2.8,15,2.68,-,5,-,0.2,別名： スチールヘッドトラウト、サーモントラウト\n切り身,"{""baseName"":""にじます"",""variety"":""海面養殖"",""formModifiers"":[""皮つき""],""state"":""焼き"",""notes"":[""魚類"",""さけ・ます類""]}",焼きにじますは加熱済みで良質なタンパク源、扱いやすい,9
10,10148,1336,＜魚類＞　（さけ・ます類）　にじます　淡水養殖　皮つき　生,45,489,116,74.5,16.2,19.7,3.7,72,4.6,(0.1),,(0.1),4.5,*,(0),-,0.1,-,1.1,50,370,24,28,240,0.2,0.6,0.04,0.01,-,-,-,-,17,0,0,0,0,17,12.0,1.2,Tr,0,0,(0),0.21,0.10,4.0,7.3,0.36,6.0,13,1.63,-,2,-,0.1,廃棄部位： 頭部、内臓、骨、ひれ等（三枚下ろし）,"{""baseName"":""にじます"",""variety"":""淡水養殖"",""formModifiers"":[""皮つき""],""state"":""生"",""notes"":[""魚類"",""さけ・ます類""]}",良質な魚（にじます）でタンパク源として適するが加熱推奨,8
10,10149,1337,＜魚類＞　（さけ・ます類）　べにざけ　生,0,536,127,71.4,(18.6),22.5,3.7,51,4.5,(0.1),,(0.1),4.7,*,(0),-,0.1,-,1.5,57,380,10,31,260,0.4,0.5,0.07,0.01,-,-,-,-,27,0,0,(0),(0),27,33.0,1.3,0,0,0,(0),0.26,0.15,6.0,(10.0),0.41,9.4,13,1.23,-,Tr,-,0.1,切り身,"{""baseName"":""べにざけ"",""state"":""生"",""notes"":[""魚類"",""さけ・ます類""]}",紅鮭は良質なタンパクとオメガ-3脂肪酸が豊富で犬に適した魚類,10
10,10150,1338,＜魚類＞　（さけ・ます類）　べにざけ　焼き,0,685,163,63.4,(23.6),28.5,4.9,76,6.0,(0.1),,(0.1),6.1,*,(0),-,0.1,-,2.0,72,490,16,39,340,0.5,0.7,0.08,0.01,-,-,-,-,35,0,0,(0),(0),35,38.0,1.8,0,0,0,(0),0.27,0.22,7.2,(12.0),0.39,3.8,15,1.49,-,2,-,0.2,切り身,"{""baseName"":""べにざけ"",""state"":""焼き"",""notes"":[""魚類"",""さけ・ます類""]}",焼き鮭は加熱済みの良質なたんぱく源で犬のレシピに適している,9
10,10152,1340,＜魚類＞　（さけ・ます類）　ますのすけ　生,0,737,176,66.5,(16.2),19.5,9.7,54,12.5,(Tr),,(Tr),6.2,*,(0),-,Tr,-,1.5,38,380,18,28,250,0.3,0.4,0.06,0.01,-,-,-,-,160,0,0,-,0,160,16.0,3.3,0,0,0,(0),0.13,0.12,7.7,(11.0),0.43,3.4,12,1.38,-,1,-,0.1,別名： キングサーモン\n切り身,"{""baseName"":""ますのすけ"",""state"":""生"",""notes"":[""魚類"",""さけ・ます類""]}",ますのすけ（キングサーモン）は良質な魚由来タンパク源で犬に適している,9
10,10153,1341,＜魚類＞　（さけ・ます類）　ますのすけ　焼き,0,995,238,54.9,(21.9),26.4,13.1,79,16.7,(Tr),,(Tr),8.1,*,(0),-,Tr,-,2.0,48,520,30,33,330,0.4,0.6,0.05,0.01,-,-,-,-,200,0,0,-,0,200,17.0,3.8,0,0,0,(0),0.14,0.20,8.1,(13.0),0.36,4.1,15,1.77,-,Tr,-,0.1,別名： キングサーモン\n切り身,"{""baseName"":""ますのすけ"",""state"":""焼き"",""notes"":[""魚類"",""さけ・ます類""]}",焼き鮭（キングサーモン）は良質なタンパク源で犬のレシピ素材として適切。,9
10,10154,1342,＜魚類＞　（さば類）　まさば　生,50,883,211,62.1,17.8,20.6,12.8,61,16.8,(0.3),,(0.3),6.2,*,(0),-,0.3,-,1.1,110,330,6,30,220,1.2,1.1,0.12,0.01,21,70,2,0,37,0,1,0,1,37,5.1,1.3,0,0,0,2,0.21,0.31,12.0,16.0,0.59,13.0,11,0.66,4.9,1,-,0.3,別名： さば\n廃棄部位： 頭部、内臓、骨、ひれ等（三枚下ろし）,"{""baseName"":""まさば"",""state"":""生"",""notes"":[""魚類"",""さば類""]}",青魚の一種で良質なタンパク源だが脂が多めなため適度に使用するのが望ましい。,8
10,10155,1343,＜魚類＞　（さば類）　まさば　水煮,0,1054,253,57.4,(19.6),22.6,17.3,80,22.6,(0.3),,(0.3),4.8,*,(0),-,0.3,-,1.0,94,280,7,29,210,1.3,1.1,0.14,0.01,23,66,6,0,31,0,0,0,0,31,4.3,2.0,0,0,0,-,0.25,0.30,11.0,(15.0),0.48,19.0,13,0.75,8.5,0,-,0.2,別名： さば\n切り身,"{""baseName"":""まさば"",""state"":""水煮"",""notes"":[""魚類"",""さば類""]}",水煮の真鯖は調理済みの良質な魚でタンパク源として適切。,9
10,10156,1344,＜魚類＞　（さば類）　まさば　焼き,0,1100,264,54.1,(21.8),25.2,17.1,79,22.4,(0.4),,(0.3),5.6,*,(0),-,0.4,-,1.3,120,370,10,34,280,1.6,1.4,0.16,0.01,24,21,6,1,34,0,0,0,0,34,4.9,2.1,0,0,0,4,0.30,0.37,13.0,(18.0),0.54,22.0,13,0.79,8.2,0,-,0.3,別名： さば\n切り身,"{""baseName"":""まさば"",""state"":""焼き"",""notes"":[""魚類"",""さば類""]}",焼きまさばは良質な魚類でたんぱく・脂肪源として犬の素材に適している,9
10,10403,1345,＜魚類＞　（さば類）　まさば　フライ,0,1317,316,47.2,16.7,20.0,21.9,70,25.1,6.8,,6.2,13.1,*,-,-,6.5,-,1.1,130,310,14,30,210,1.3,1.1,0.13,0.08,-,-,-,-,42,0,1,1,1,42,3.5,3.2,0,3.7,0.1,19,0.20,0.30,9.9,14.0,0.33,11.0,16,0.70,-,0,-,0.3,別名： さば\n切り身\n調理による脂質の増減：第1章表13参照,"{""baseName"":""まさば"",""state"":""フライ"",""notes"":[""魚類"",""さば類""]}",フライのまさばは魚として良質だが揚げ油や衣の分で加工度・脂質が高い。,7
10,10404,1346,＜魚類＞　（さば類）　ごまさば　生,50,551,131,70.7,19.9,23.0,3.7,59,5.1,(0.3),,(0.2),4.5,*,(0),-,0.3,-,1.3,66,420,12,33,260,1.6,1.1,0.13,0.01,-,-,-,-,8,0,0,0,0,8,4.3,1.2,0,0,0,4,0.17,0.28,15.0,20.0,0.65,13.0,10,0.72,-,Tr,-,0.2,廃棄部位： 頭部、内臓、骨、ひれ等（三枚おろし）,"{""baseName"":""ごまさば"",""state"":""生"",""notes"":[""魚類"",""さば類""]}",ごまさばは魚由来の良質なたんぱくと脂肪酸源で、骨等を除去して利用可能。,8
10,10405,1347,＜魚類＞　（さば類）　ごまさば　水煮,0,585,139,68.8,20.9,24.8,3.8,62,5.2,(0.2),,(0.2),5.4,*,(0),-,0.2,-,1.2,56,350,13,31,240,1.8,1.2,0.15,0.01,-,-,-,-,8,0,0,0,0,8,4.9,1.1,0,0,0,4,0.15,0.28,13.0,18.0,0.51,14.0,12,0.76,-,0,-,0.1,切り身,"{""baseName"":""ごまさば"",""state"":""水煮"",""notes"":[""魚類"",""さば類""]}",サバの水煮は良質な魚由来タンパクで加熱済みの安全な素材,9
10,10406,1348,＜魚類＞　（さば類）　ごまさば　焼き,0,734,174,60.8,25.5,31.1,4.7,74,6.6,(0.3),,(0.3),7.4,*,(0),-,0.3,-,1.6,88,540,19,46,350,2.2,1.4,0.14,0.01,-,-,-,-,11,0,0,0,0,11,5.7,1.7,0,0,0,5,0.21,0.36,19.0,24.0,0.55,17.0,18,1.01,-,0,-,0.2,切り身,"{""baseName"":""ごまさば"",""state"":""焼き"",""notes"":[""魚類"",""さば類""]}",焼きごまさばは加熱済みの魚で、良質なタンパク・脂肪源として利用可能,9
10,10157,1349,＜魚類＞　（さば類）　ごまさば　さば節,0,1399,330,14.6,(64.0),73.9,2.8,300,5.1,(Tr),,(Tr),12.1,*,(0),-,Tr,-,6.4,370,1100,860,140,1200,7.2,8.4,0.43,0.05,-,-,-,-,Tr,(0),(0),(0),(0),(Tr),12.0,0.9,0,0,0,(0),0.25,0.85,15.0,(29.0),0.68,6.0,30,1.55,-,(0),-,0.9,,"{""baseName"":""ごまさば"",""variety"":""さば節"",""notes"":[""魚類"",""さば類""]}",さば節は魚由来の旨味とたんぱくを提供する素材で、少量使いの風味付けに適する,8
10,10158,1350,＜魚類＞　（さば類）　たいせいようさば　生,0,1223,295,54.5,15.3,17.2,23.4,68,26.8,(0.4),,(0.4),5.6,*,(0),-,0.4,-,1.1,99,320,7,28,210,0.9,0.9,0.06,0.01,69,45,0,0,44,0,0,0,0,44,10.0,0.7,0,0,0,(0),0.14,0.35,6.5,10.0,0.35,8.1,12,0.72,6.6,1,-,0.3,別名： ノルウェーさば\n三枚におろしたもの\n（魚体全体から調理する場合、廃棄率： 35 %、廃棄部位： 頭部、内臓、骨、ひれ等）,"{""baseName"":""たいせいようさば"",""state"":""生"",""notes"":[""魚類"",""さば類""]}",たいせいようさばは良質な魚タンパクと脂肪酸源で素材向き,9
10,10159,1351,＜魚類＞　（さば類）　たいせいようさば　水煮,0,1287,310,51.4,16.3,18.6,24.0,78,28.5,(0.4),,(0.4),7.3,*,(0),-,0.4,-,1.1,96,280,9,27,210,1.0,1.0,0.07,0.01,67,45,0,0,42,0,0,0,0,42,6.6,0.6,0,0,0,(0),0.19,0.34,5.3,9.1,0.28,12.0,13,0.72,8.2,Tr,-,0.2,別名： ノルウェーさば\n切り身,"{""baseName"":""たいせいようさば"",""state"":""水煮"",""notes"":[""魚類"",""さば類""]}",水煮のさばは良質なたんぱく源で犬の素材として適している,9
10,10160,1352,＜魚類＞　（さば類）　たいせいようさば　焼き,0,1354,326,47.0,18.2,21.8,23.8,80,29.3,(0.5),,(0.5),9.6,*,(0),-,0.5,-,1.4,120,390,12,33,260,1.2,1.1,0.09,0.01,89,59,0,0,63,0,0,0,0,63,11.0,0.8,0,0,0,(0),0.22,0.38,7.6,12.0,0.33,8.8,16,0.93,10,Tr,-,0.3,別名： ノルウェーさば\n切り身,"{""baseName"":""たいせいようさば"",""state"":""焼き"",""notes"":[""魚類"",""さば類""]}",焼きさばは良質な魚由来のたんぱくと脂肪酸を含み素材として適切,9
10,10161,1353,＜魚類＞　（さば類）　加工品　塩さば,0,1099,263,52.1,22.8,26.2,16.3,59,19.1,(0.1),,(0.1),6.3,*,(0),-,0.1,-,2.5,720,300,27,35,200,2.0,0.6,0.07,0.02,110,78,1,0,9,(0),(0),(0),(0),9,11.0,0.5,0,0,0,(0),0.16,0.59,12.0,17.0,0.41,7.1,10,0.59,5.9,(0),-,1.8,切り身,"{""baseName"":""加工品"",""variety"":""塩さば"",""notes"":[""魚類"",""さば類""]}",塩さばは良質な魚タンパク源だが塩分や加工の影響を考慮する必要がある,7
10,10162,1354,＜魚類＞　（さば類）　加工品　開き干し,25,1260,303,50.1,16.4,18.7,22.7,65,28.5,(0.2),,(0.2),8.3,*,(0),-,0.2,-,2.5,680,300,25,25,200,2.0,1.0,0.09,-,110,110,0,0,9,(0),(0),(0),(0),9,12.0,2.4,0,0,0,(0),0.13,0.59,8.5,12.0,0.42,11.0,11,0.63,8.9,0,-,1.7,廃棄部位： 頭部、骨、ひれ等,"{""baseName"":""加工品"",""variety"":""開き干し"",""notes"":[""魚類"",""さば類""]}",魚類は良質なたんぱく源だが開き干しは塩分や骨に注意して使う必要がある,8
10,10164,1356,＜魚類＞　（さば類）　缶詰　水煮,0,727,174,66.0,(17.4),20.9,9.3,84,10.7,(0.2),,(0.2),5.1,*,(0),-,0.2,-,2.2,340,260,260,31,190,1.6,1.7,0.14,0.02,-,-,-,-,Tr,(0),(0),(0),(0),(Tr),11.0,3.2,0,0,0,(0),0.15,0.40,8.0,(12.0),0.36,12.0,12,0.55,-,(0),-,0.9,液汁を除いたもの,"{""baseName"":"""",""state"":""水煮"",""notes"":[""魚類"",""さば類""]}",水煮のさば缶は魚由来のたんぱく・脂肪源として有用（塩分の有無に注意）,9
10,10167,1359,＜魚類＞　（さめ類）　あぶらつのざめ　生,0,578,138,72.4,(8.3),16.8,6.6,50,9.4,(Tr),,(Tr),11.2,*,(0),-,Tr,-,1.4,100,450,6,19,200,1.0,0.3,0.04,0.01,-,-,-,-,210,-,-,-,(0),210,1,2.2,0,0,0,(0),0.04,0.08,1.0,(3.0),0.33,1.7,2,0.73,-,Tr,-,0.3,別名： ふか、あぶらざめ\n切り身,"{""baseName"":""あぶらつのざめ"",""state"":""生"",""notes"":[""魚類"",""さめ類""]}",サメの切り身は良質な動物性たんぱく源で犬のレシピ素材として適する。,9
10,10168,1360,＜魚類＞　（さめ類）　よしきりざめ　生,0,336,79,79.2,9.4,18.9,0.2,54,0.6,(Tr),,(Tr),9.9,*,(0),-,Tr,-,1.3,210,290,5,19,150,0.4,0.5,0.06,-,-,-,-,-,9,-,-,-,(0),9,0,0.9,0,0,0,(0),0.11,0.11,0.9,3.2,0.24,0.3,4,0.49,-,Tr,-,0.5,別名： ふか\n切り身,"{""baseName"":""よしきりざめ"",""state"":""生"",""notes"":[""魚類"",""さめ類""]}",生のよしきりざめは魚類としての栄養価は高いが、種によっては汚染物質の懸念や生食リスクがあるため慎重さが必要,7
10,10169,1361,＜魚類＞　（さめ類）　ふかひれ,0,1463,344,13.0,(41.7),83.9,0.5,250,1.6,(Tr),,(Tr),43.4,*,(0),-,Tr,-,1.5,180,3,65,94,36,1.2,3.1,0.06,0.09,-,-,-,-,(0),(0),(0),(0),(0),(0),1,0.4,0,0,0,(0),Tr,Tr,0.5,(11.0),0.02,0.9,23,0.24,-,(0),-,0.5,別名： さめひれ、きんし,"{""baseName"":""ふかひれ"",""notes"":[""魚類"",""さめ類""]}",ふかひれはコラーゲンを含む魚由来の素材で消化性が良く、料理素材として使用可能。,7
10,10170,1362,＜魚類＞　さより　生,40,374,88,77.9,(16.2),19.6,0.9,100,1.3,(Tr),,(Tr),3.7,*,(0),-,Tr,-,1.2,190,290,41,37,190,0.3,1.9,0.03,0.02,-,-,-,-,Tr,(0),(0),(0),(0),(Tr),3,0.9,0,0,0,(0),Tr,0.12,5.2,(8.8),0.33,5.5,10,0.44,-,2,-,0.5,廃棄部位： 頭部、内臓、骨、ひれ等（三枚下ろし）,"{""baseName"":""さより"",""state"":""生"",""notes"":[""魚類""]}",さよりは良質なたんぱく源だが、生魚は寄生虫リスクがあるため加熱が望ましい。,8
10,10171,1363,＜魚類＞　さわら　生,0,676,161,68.6,18.0,20.1,8.4,60,9.7,(0.1),,(0.1),3.5,*,(0),-,0.1,-,1.5,65,490,13,32,220,0.8,1.0,0.03,0.01,-,-,-,-,12,(0),(0),(0),(0),12,7,0.3,0,0,0,(0),0.09,0.35,9.5,13.0,0.40,5.3,8,1.16,-,Tr,-,0.2,切り身\n（魚体全体から調理する場合、廃棄率： 30 %、廃棄部位： 頭部、内臓、骨、ひれ等）,"{""baseName"":""さわら"",""state"":""生"",""notes"":[""魚類""]}",さわらの切り身は良質な魚たんぱくで犬のレシピ素材として適切,9
10,10172,1364,＜魚類＞　さわら　焼き,0,771,184,63.8,(21.1),23.6,9.2,87,10.8,(0.1),,(0.1),4.1,*,(0),-,0.1,-,1.7,90,610,22,36,310,0.9,1.1,0.05,0.01,-,-,-,-,16,(0),(0),(0),(0),16,12.0,1.1,0,0,0,(0),0.09,0.34,12.0,(16.0),0.29,5.3,8,1.12,-,Tr,-,0.2,切り身,"{""baseName"":""さわら"",""state"":""焼き"",""notes"":[""魚類""]}",焼きさわらは加熱済みの良質な魚タンパクで適切,9
10,10173,1365,＜魚類＞　さんま　皮つき　生,0,1193,287,55.6,16.3,18.1,22.7,68,25.6,(0.1),,(0.1),4.4,*,(0),-,0.1,-,1.0,140,200,28,28,180,1.4,0.8,0.12,0.02,22,32,2,1,16,0,0,0,0,16,16.0,1.7,0,0,0,1,0.01,0.28,7.4,11.0,0.54,16.0,15,0.74,7.4,0,-,0.4,別名： さいら\n三枚におろしたもの\n（魚体全体から調理する場合、廃棄率： 35 %、廃棄部位： 頭部、内臓、骨、ひれ等）,"{""baseName"":""さんま"",""formModifiers"":[""皮つき""],""state"":""生"",""notes"":[""魚類""]}",さんまは良質な魚類のタンパク源でオメガ-3も含む。骨は除去して使用。,9
10,10407,1366,＜魚類＞　さんま　皮なし　生,0,1151,277,57.0,15.7,17.8,21.7,54,25.0,(0.2),,(0.1),4.7,*,(0),-,0.2,-,0.8,120,200,15,25,160,1.3,0.6,0.13,0.01,30,25,Tr,-,26,(0),(0),(0),(0),26,11.0,2.6,0,Tr,0,-,0,0.32,7.9,11.0,0.58,15.0,12,0.57,8.4,1,-,0.3,別名： さいら,"{""baseName"":""さんま"",""formModifiers"":[""皮なし""],""state"":""生"",""notes"":[""魚類""]}",さんま（皮なし）は魚類の良質なたんぱく源でオメガ-3脂肪酸も期待でき犬のレシピ素材として適している,9
10,10174,1367,＜魚類＞　さんま　皮つき　焼き,35,1171,281,53.2,19.3,23.3,19.8,72,22.8,(0.2),,(0.2),6.5,*,(0),-,0.2,-,1.2,130,260,37,30,220,1.7,0.9,0.15,0.03,25,45,1,1,11,0,0,0,0,11,13.0,1.0,0,0,0,Tr,Tr,0.30,9.8,14.0,0.42,16.0,17,0.93,9.4,0,-,0.3,別名： さいら\n廃棄部位： 頭部、内臓、骨、ひれ等\n魚体全体を焼いたもの,"{""baseName"":""さんま"",""formModifiers"":[""皮つき""],""state"":""焼き"",""notes"":[""魚類""]}",焼きさんまは魚由来の良質なたんぱく・脂肪源で犬の素材として適している,9
10,10179,1372,＜魚類＞　しいら　生,0,423,100,75.5,(17.7),21.3,1.4,55,1.9,(Tr),,(Tr),4.1,*,(0),-,Tr,-,1.3,50,480,13,31,250,0.7,0.5,0.05,0.01,-,-,-,-,8,(0),(0),(0),(0),8,5,0.5,0,0,0,(0),0.20,0.15,9.0,(13.0),0.46,2.6,3,0.36,-,1,-,0.1,別名： まんびき\n切り身\n(魚体全体から調理する場合、廃棄率： 55%、廃棄部位： 頭部、内臓、骨、ひれ等),"{""baseName"":""しいら"",""state"":""生"",""notes"":[""魚類""]}",しいらは魚類のたんぱく源で犬の素材として適切,9
10,10181,1374,＜魚類＞　（ししゃも類）　ししゃも　生干し　焼き,10,680,162,64.1,(20.1),24.3,6.6,300,7.8,(0.2),,(0.2),5.6,*,(0),-,0.2,-,3.6,640,400,360,57,540,1.7,2.1,0.11,0.18,-,-,-,-,75,0,11,0,11,76,0.6,1.1,0,Tr,0,1,0.04,0.29,0.9,(5.3),0.07,8.7,36,1.93,-,1,-,1.6,試料： ひと塩品\n廃棄部位： 頭部及び尾,"{""baseName"":""ししゃも"",""variety"":""生干し"",""state"":""焼き"",""notes"":[""魚類"",""ししゃも類""]}",ししゃも焼きは魚類として使いやすいが小骨や塩分に注意が必要。,8
10,10182,1375,＜魚類＞　（ししゃも類）　からふとししゃも　生干し　生,0,669,160,69.3,12.6,15.6,9.9,290,11.6,(0.5),,(0.5),5.2,*,(0),-,0.5,-,3.0,590,200,350,55,360,1.4,2.0,0.06,0.04,27,41,1,1,120,0,0,0,0,120,0.4,1.6,0,0.1,0,Tr,Tr,0.31,1.5,4.8,0.08,8.7,21,1.20,17.0,1,-,1.5,別名： カペリン\n試料： ひと塩品\n魚体全体,"{""baseName"":""からふとししゃも"",""variety"":""生干し"",""state"":""生"",""notes"":[""魚類"",""ししゃも類""]}",生干しししゃもは魚として利用できるが塩分や骨への配慮が必要,7
10,10183,1376,＜魚類＞　（ししゃも類）　からふとししゃも　生干し　焼き,0,710,170,66.4,(14.7),18.2,9.9,370,11.3,(0.6),,(0.5),5.5,*,(0),-,0.6,-,3.5,770,210,380,65,450,1.6,2.4,0.07,0.06,-,-,-,-,90,0,0,0,0,90,0.5,2.1,0,0.1,0,Tr,0.01,0.37,0.8,(4.6),0.08,10.0,20,1.19,-,1,-,2.0,別名： カペリン\n試料： ひと塩品\n魚体全体,"{""baseName"":""からふとししゃも"",""variety"":""生干し"",""state"":""焼き"",""notes"":[""魚類"",""ししゃも類""]}",焼きししゃもは良質な魚タンパク源。与える際は骨を除去して使用する,9
10,10184,1377,＜魚類＞　したびらめ　生,45,377,89,78.0,(15.9),19.2,1.2,75,1.6,(Tr),,(Tr),3.7,*,(0),-,Tr,-,1.2,140,310,36,31,160,0.3,0.5,0.02,0.02,-,-,-,-,30,0,0,0,0,30,2,0.6,0,0,0,(0),0.06,0.14,3.3,(6.8),0.20,2.6,12,0.26,-,1,-,0.4,試料： くろうしのした、あかしたびらめ\n廃棄部位： 頭部、内臓、骨、ひれ等（五枚下ろし）,"{""baseName"":""したびらめ"",""state"":""生"",""notes"":[""魚類""]}",したびらめは魚類で良質なたんぱく源。骨と内臓を除いて素材として適切。,9
10,10185,1378,＜魚類＞　しまあじ　養殖　生,55,641,153,68.9,(18.2),21.9,6.6,71,8.0,(0.1),,(0.1),5.2,*,(0),-,0.1,-,1.1,53,390,16,29,250,0.7,1.1,0.04,0.01,-,-,-,-,10,0,0,-,0,10,18.0,1.6,0,0,0,(0),0.25,0.15,8.3,(12.0),0.52,3.2,2,0.88,-,Tr,-,0.1,廃棄部位： 頭部、内臓、骨、ひれ等（三枚下ろし）,"{""baseName"":""しまあじ"",""productionMethod"":""養殖"",""state"":""生"",""notes"":[""魚類""]}",しまあじ（養殖・生）は良質な魚類で犬のレシピ素材になり得るが生食のリスクを考慮する。,8
10,10186,1379,＜魚類＞　しらうお　生,0,295,70,82.6,(11.3),13.6,1.4,220,2.0,(0.1),,(0.1),3.0,*,(0),-,0.1,-,1.7,170,250,150,39,270,0.4,1.2,0.03,0.09,-,-,-,-,50,(0),(0),(0),(0),50,1,1.8,0,Tr,0,(0),0.08,0.10,1.8,(4.3),0.12,3.3,58,0.94,-,4,-,0.4,,"{""baseName"":""しらうお"",""state"":""生"",""notes"":[""魚類""]}",小型の魚で良質なたんぱく源。犬のレシピ素材として適している。,9
10,10187,1380,＜魚類＞　シルバー　生,0,580,138,72.4,(15.4),18.6,6.5,46,7.9,(Tr),,(Tr),4.6,*,(0),-,Tr,-,1.1,85,440,11,31,220,0.6,0.5,0.06,0.01,-,-,-,-,100,(0),(0),(0),(0),100,3,3.1,0,0,0,(0),0.08,0.18,7.6,(11.0),0.50,1.8,4,0.48,-,0,-,0.2,別名： 銀ひらす、銀ワレフー\n切り身,"{""baseName"":""シルバー"",""state"":""生"",""notes"":[""魚類""]}",一般的な食用魚（シルバー）は良質なたんぱく源で素材として適切,9
10,10188,1381,＜魚類＞　すずき　生,0,477,113,74.8,(16.4),19.8,3.5,67,4.2,(Tr),,(Tr),4.1,*,(0),-,Tr,-,1.2,81,370,12,29,210,0.2,0.5,0.02,0.01,-,-,-,-,180,0,0,0,0,180,10.0,1.2,0,0,0,(0),0.02,0.20,3.9,(7.5),0.27,2.0,8,0.93,-,3,-,0.2,切り身\n(魚体全体から調理する場合、廃棄率： 55 %、廃棄部位： 頭部、内臓、骨、ひれ等),"{""baseName"":""すずき"",""state"":""生"",""notes"":[""魚類""]}",すずきは白身の良質な魚で犬のレシピ素材として適切,9
10,10189,1382,＜魚類＞　（たい類）　きだい　生,60,422,100,76.9,(15.4),18.6,2.5,67,3.1,(0.2),,(0.2),4.0,*,(0),-,0.2,-,1.2,73,390,23,30,210,0.2,0.4,0.02,0.01,-,-,-,-,50,0,0,0,0,50,4,1.5,0,0,0,(0),0.03,0.04,2.8,(6.2),0.20,3.2,8,0.38,-,1,-,0.2,別名： れんこだい\n廃棄部位： 頭部、内臓、骨、ひれ等（三枚下ろし）,"{""baseName"":""きだい"",""state"":""生"",""notes"":[""魚類"",""たい類""]}",きだい（たい類）は魚由来の良質なたんぱくで、骨等を取り除いて利用できる。,8
10,10190,1383,＜魚類＞　（たい類）　くろだい　生,55,574,137,71.4,(16.9),20.4,5.4,78,6.7,(0.3),,(0.3),5.1,*,(0),-,0.3,-,1.2,59,400,13,36,250,0.3,0.8,0.03,0.01,-,-,-,-,12,0,0,0,0,12,4,1.4,0,0,0,(0),0.12,0.30,5.5,(9.2),0.42,3.7,14,0.62,-,3,-,0.1,別名： ちぬ\n廃棄部位： 頭部、内臓、骨、ひれ等（三枚下ろし）,"{""baseName"":""くろだい"",""state"":""生"",""notes"":[""魚類"",""たい類""]}",魚類として良質なたんぱく源、与える際は骨の除去が必要,9
10,10191,1384,＜魚類＞　（たい類）　ちだい　生,0,411,97,76.8,16.6,19.4,1.9,74,2.4,(0.1),,(0.1),3.3,*,(0),-,0.1,-,1.3,75,390,33,32,230,0.6,0.4,0.03,0.01,24,43,Tr,0,21,(0),0,(0),(0),21,2,1.3,0,0,0,(0),0.03,0.10,4.7,8.6,0.33,3.0,3,0.49,4.3,2,-,0.2,別名： はなだい\n三枚におろしたもの\n（魚体全体から調理する場合、廃棄率： 55 %、廃棄部位： 頭部、内臓、骨、ひれ等）,"{""baseName"":""ちだい"",""state"":""生"",""notes"":[""魚類"",""たい類""]}",ちだい（生）は良質な魚肉で犬のレシピ素材として適している,9
10,10192,1385,＜魚類＞　（たい類）　まだい　天然　生,50,543,129,72.2,17.8,20.6,4.6,65,5.8,(0.1),,(0.1),4.1,*,(0),-,0.1,-,1.3,55,440,11,31,220,0.2,0.4,0.02,0.01,-,-,-,-,8,0,0,0,0,8,5,1.0,0,0,0,(0),0.09,0.05,6.0,9.8,0.31,1.2,5,0.64,-,1,-,0.1,廃棄部位： 頭部、内臓、骨、ひれ等（三枚下ろし）,"{""baseName"":""まだい"",""productionMethod"":""天然"",""state"":""生"",""notes"":[""魚類"",""たい類""]}",高品質なたんぱく源で犬のレシピ素材として適している魚類である,9
10,10193,1386,＜魚類＞　（たい類）　まだい　養殖　皮つき　生,55,669,160,68.5,18.1,20.9,7.8,69,9.4,(0.1),,(0.1),4.4,*,(0),-,0.1,-,1.3,52,450,12,32,240,0.2,0.5,0.02,0,6,36,1,0,11,0,0,0,0,11,7,2.4,0,0,0,-,0.32,0.08,5.6,9.6,0.40,1.5,4,1.34,7.7,3,-,0.1,廃棄部位： 頭部、内臓、骨、ひれ等（三枚下ろし）,"{""baseName"":""まだい"",""formModifiers"":[""皮つき""],""productionMethod"":""養殖"",""state"":""生"",""notes"":[""魚類"",""たい類""]}",まだいは良質なたんぱく源の魚類。骨や内臓の除去を前提に使用可,9
10,10194,1387,＜魚類＞　（たい類）　まだい　養殖　皮つき　水煮,20,761,182,65.0,(19.1),22.2,9.3,90,11.9,(0.1),,(0.1),5.3,*,(0),-,0.1,-,1.2,50,440,20,29,220,0.2,0.5,0.03,0,11,44,Tr,1,10,0,0,0,0,10,4.7,3.4,0,0,0,-,0.16,0.07,5.7,(10),0.35,2.6,3,1.23,8.2,2,-,0.1,頭部、内臓等を除き水煮したもの\n廃棄部位： 骨、ひれ等,"{""baseName"":""まだい"",""formModifiers"":[""皮つき""],""productionMethod"":""養殖"",""state"":""水煮"",""notes"":[""魚類"",""たい類""]}",まだいの水煮は調理済みの魚で良質なタンパク源として適切,9
10,10195,1388,＜魚類＞　（たい類）　まだい　養殖　皮つき　焼き,35,779,186,63.8,(19.6),22.7,9.4,91,12.0,(0.1),,(0.1),5.7,*,(0),-,0.1,-,1.4,55,500,24,32,260,0.2,0.5,0.02,0.01,8,46,Tr,Tr,17,0,0,0,0,17,5.6,4.6,0,0,0,-,0.14,0.09,6.3,(11.0),0.32,2.6,3,1.25,9.4,3,-,0.1,内臓等を除き焼いたもの\n廃棄部位： 頭部､骨、ひれ等,"{""baseName"":""まだい"",""formModifiers"":[""皮つき""],""productionMethod"":""養殖"",""state"":""焼き"",""notes"":[""魚類"",""たい類""]}",まだいの焼き身は良質な魚たんぱくで犬の素材として適している。,9
10,10408,1389,＜魚類＞　（たい類）　まだい　養殖　皮なし　生,0,551,131,71.9,18.5,21.2,4.8,60,5.9,(0.2),,(0.1),3.5,*,(0),-,0.2,-,1.3,43,490,7,33,260,0.2,0.4,0.02,0,9,32,Tr,-,10,(0),(0),(0),(0),10,4.5,2.6,0,0,0,-,0.31,0.08,7.2,12.0,0.56,1.8,4,1.40,9.0,3,-,0.1,,"{""baseName"":""まだい"",""formModifiers"":[""皮なし""],""productionMethod"":""養殖"",""state"":""生"",""notes"":[""魚類"",""たい類""]}",まだい（皮なし）は良質な魚タンパク源。生は寄生虫に注意し調理して使うと良い,9
10,10196,1390,＜魚類＞　たかさご　生,40,392,93,76.7,(16.7),20.2,1.1,50,1.5,(0.1),,(0.1),4.0,*,(0),-,0.1,-,1.5,48,510,51,36,290,0.5,0.7,0.04,0.01,-,-,-,-,7,0,0,-,0,7,2,0.1,0,0,0,(0),0.03,0.07,4.3,(8.0),0.20,4.4,3,0.46,-,Tr,-,0.1,別名： ぐるくん\n廃棄部位： 頭部、内臓、骨、ひれ等（三枚下ろし）,"{""baseName"":""たかさご"",""state"":""生"",""notes"":[""魚類""]}",小型魚は良いタンパク源だが生の場合は骨や寄生虫の注意が必要,8
10,10197,1391,＜魚類＞　たかべ　生,40,618,148,71.0,(15.5),18.7,7.4,70,9.0,(Tr),,(Tr),4.8,*,(0),-,Tr,-,1.3,120,380,41,34,210,0.6,1.3,0.04,0.01,-,-,-,-,16,-,-,-,(0),16,4,1.4,0,0,0,(0),0.06,0.18,3.7,(7.1),0.23,2.0,3,0.48,-,1,-,0.3,廃棄部位： 頭部、内臓、骨、ひれ等（三枚下ろし）,"{""baseName"":""たかべ"",""state"":""生"",""notes"":[""魚類""]}",たかべは良質な魚肉タンパク源。骨や内臓を除去して調理するのが望ましい。,9
10,10198,1392,＜魚類＞　たちうお　生,35,991,238,61.6,14.6,16.5,17.7,72,20.9,(Tr),,(Tr),5.1,*,(0),-,Tr,-,1.0,88,290,12,29,180,0.2,0.5,0.02,0.02,-,-,-,-,52,0,0,0,0,52,14.0,1.2,0,0,0,(0),0.01,0.07,3.9,6.9,0.20,0.9,2,0.56,-,1,-,0.2,廃棄部位： 頭部、内臓、骨、ひれ等（三枚下ろし）,"{""baseName"":""たちうお"",""state"":""生"",""notes"":[""魚類""]}",魚は良質な蛋白源だが、生の魚は寄生虫や生食リスクがあるため加熱が望ましい。,7
10,10199,1393,＜魚類＞　（たら類）　すけとうだら　生,0,304,72,81.6,14.2,17.4,0.5,76,1.0,(0.1),,(Tr),2.6,*,(0),-,0.1,-,1.1,100,350,13,24,180,0.2,0.5,0.03,0,160,25,0,0,10,0,0,0,0,10,0.5,0.9,0,0,0,0,0.05,0.11,1.4,4.4,0.09,2.9,12,0.20,2.5,1,-,0.3,別名： すけそう、すけそうだら、すけとう\n三枚におろしたもの\n（魚体全体から調理する場合、廃棄率： 65 %、廃棄部位： 頭部、内臓、骨、ひれ等）,"{""baseName"":""すけとうだら"",""state"":""生"",""notes"":[""魚類"",""たら類""]}",白身魚の良質なタンパク源。骨や内臓は除去すれば素材として適切。,9
10,10200,1395,＜魚類＞　（たら類）　すけとうだら　すり身,0,416,98,75.1,(14.3),17.5,0.1,27,0.2,-,,-,9.9,*,(0),-,6.6,-,0.6,120,130,7,21,130,0.1,0.3,0.03,0.01,-,-,-,-,5,0,0,-,0,5,1,0.6,0,0,0,(0),0.03,0.05,0.4,(3.4),0.01,0.6,4,0.19,-,0,-,0.3,,"{""baseName"":""すけとうだら"",""variety"":""すり身"",""notes"":[""魚類"",""たら類""]}",すけとうだらのすり身は良質なたんぱく源で加工済みの魚素材として扱いやすい。,9
10,10201,1396,＜魚類＞　（たら類）　すけとうだら　すきみだら,0,700,165,38.2,(33.0),40.5,0.2,140,0.3,(0.1),,(0.1),7.7,*,(0),-,0.1,-,20.9,7400,540,130,54,340,1.9,0.1,0.09,0.02,-,-,-,-,Tr,-,-,-,(0),(Tr),1,1.1,0,0,0,(0),0.13,0.18,2.2,(9.2),0.10,2.5,7,0.43,-,0,-,18.8,,"{""baseName"":""すけとうだら"",""variety"":""すきみだら"",""notes"":[""魚類"",""たら類""]}",すけとうだら（たら類）は犬に適した魚のたんぱく源である。,9
10,10202,1397,＜魚類＞　（たら類）　すけとうだら　たらこ　生,0,553,131,65.2,21.0,24.0,2.9,350,4.7,(0.4),,(0.4),5.2,*,(0),-,0.4,-,5.7,1800,300,24,13,390,0.6,3.1,0.08,0.04,130,130,1,Tr,24,0,0,0,0,24,1.7,7.1,0,Tr,0,Tr,0.71,0.43,50.0,54.0,0.25,18.0,52,3.68,18.0,33,-,4.6,別名： もみじこ,"{""baseName"":""すけとうだら"",""variety"":""たらこ"",""state"":""生"",""notes"":[""魚類"",""たら類""]}",すけとうだらの卵（たらこ）は良質な動物性タンパク源で犬のレシピ素材として適切。,9
10,10205,1400,＜魚類＞　（たら類）　まだら　生,0,307,72,80.9,14.2,17.6,0.1,58,0.2,(0.1),,(0.1),3.5,*,(0),-,0.1,-,1.2,110,350,32,24,230,0.2,0.5,0.04,0.01,350,31,0,0,10,0,0,-,0,10,1,0.8,0,0,0,(0),0.10,0.10,1.4,4.4,0.07,1.3,5,0.44,2.5,Tr,-,0.3,別名： たら\n切り身\n(魚体全体から調理する場合、廃棄率： 65 %、廃棄部位： 頭部、内臓、骨、ひれ等),"{""baseName"":""まだら"",""state"":""生"",""notes"":[""魚類"",""たら類""]}",まだら（タラ）は低脂肪で良質な魚たんぱくを含み、犬のレシピ素材として適している,9
10,10206,1401,＜魚類＞　（たら類）　まだら　焼き,0,439,103,72.8,(20.4),25.2,0.2,100,0.2,(0.2),,(0.2),5.0,*,(0),-,0.2,-,1.6,140,480,48,33,280,0.4,0.9,0.05,0.02,-,-,-,-,9,0,0,-,0,9,0.7,1.3,0,0,0,(0),0.09,0.12,1.4,(5.6),0.09,3.9,7,0.53,-,Tr,-,0.4,別名： たら\n切り身,"{""baseName"":""まだら"",""state"":""焼き"",""notes"":[""魚類"",""たら類""]}",焼きたらは調理済みの白身魚で犬のレシピ素材として適切,9
10,10207,1402,＜魚類＞　（たら類）　まだら　しらこ　生,0,253,60,83.8,(7.3),13.4,0.4,360,0.8,(0.2),,(0.2),6.6,*,(0),-,0.2,-,1.8,110,390,6,23,430,0.2,0.7,0.03,0.01,-,-,-,-,8,0,0,-,0,8,2,1.8,0,0,0,(0),0.24,0.13,1.5,(2.2),0.01,3.1,11,0.68,-,2,-,0.3,別名： たら,"{""baseName"":""まだら"",""variety"":""しらこ"",""state"":""生"",""notes"":[""魚類"",""たら類""]}",まだらのしらこ（生）は魚類の良質な部位だが生食は寄生虫等のリスクがあるため扱いに注意が必要。,7
10,10209,1404,＜魚類＞　（たら類）　まだら　干しだら,45,1271,299,18.5,(59.1),73.2,0.6,240,0.8,(0.1),,(0.1),14.4,*,(0),-,0.1,-,7.4,1500,1600,80,89,840,0.1,1.8,0.16,0.03,-,-,-,-,Tr,-,-,-,(0),(Tr),6,0.3,0,0,0,(0),0.20,0.30,4.0,(16.0),0.34,8.6,22,1.37,-,(0),-,3.8,別名： たら\n試料： 無頭開き干し品\n廃棄部位： 骨、皮等,"{""baseName"":""まだら"",""variety"":""干しだら"",""notes"":[""魚類"",""たら類""]}",干しだらは良質な魚タンパク源で素材として適している（干物のため加工点あり）,8
10,10211,1407,＜魚類＞　ちか　生,45,349,82,78.3,(16.2),19.5,0.4,89,0.6,(Tr),,(Tr),3.6,*,(0),-,Tr,-,1.6,250,340,35,41,240,0.3,1.3,0.08,0.03,-,-,-,-,4,0,0,(0),(0),4,1,0.9,0,0,0,(0),0,0.14,2.7,(6.2),0.19,5.4,7,0.71,-,Tr,-,0.6,廃棄部位： 頭部、内臓、骨、ひれ等（三枚下ろし）,"{""baseName"":""ちか"",""state"":""生"",""notes"":[""魚類""]}",ちかは魚類で良質なタンパク源。犬の素材として適切。,9
10,10213,1408,＜魚類＞　どじょう　生,0,306,72,79.1,13.5,16.1,0.6,210,1.2,(Tr),,(Tr),3.2,*,(0),-,Tr,-,3.6,96,290,1100,42,690,5.6,2.9,0.08,0.38,-,-,-,-,13,0,25,0,25,15,4,0.6,0,0,0,1,0.09,1.09,4.0,6.7,0.10,8.5,16,0.66,-,1,-,0.2,魚体全体,"{""baseName"":""どじょう"",""state"":""生"",""notes"":[""魚類""]}",どじょうなどの魚類は良質なたんぱく源で、魚特有の栄養（脂肪酸等）を期待できる,9
10,10214,1409,＜魚類＞　どじょう　水煮,0,322,76,77.9,(14.3),17.1,0.5,220,1.2,(Tr),,(Tr),3.4,*,(0),-,Tr,-,3.8,100,330,1200,47,750,6.4,3.1,0.06,0.43,-,-,-,-,13,0,23,0,23,15,5.5,0.4,0,0,0,1,0.08,1.00,4.2,(7.1),0.08,6.3,11,0.43,-,Tr,-,0.3,魚体全体,"{""baseName"":""どじょう"",""state"":""水煮"",""notes"":[""魚類""]}",どじょうの水煮は加熱済みの魚類で良質なタンパク源として利用できる,9
10,10215,1410,＜魚類＞　とびうお　生,40,380,89,76.9,18.0,21.0,0.5,59,0.7,(0.1),,(0.1),3.3,*,(0),-,0.1,-,1.3,64,320,13,37,340,0.5,0.8,0.06,0.01,-,-,-,-,3,0,0,0,0,3,2,2.3,0,0,0,(0),0.01,0.10,7.1,11.0,0.47,3.3,8,0.42,-,1,-,0.2,廃棄部位： 頭部、内臓、骨、ひれ等（三枚下ろし）,"{""baseName"":""とびうお"",""state"":""生"",""notes"":[""魚類""]}",とびうおは良質の動物性タンパク源で、骨や内臓を除けば素材として適切。,9
10,10421,1411,＜魚類＞　とびうお　煮干し,0,1382,325,12.5,68.0,80.0,1.1,280,2.2,(0.1),,(0.1),10.9,*,(0),-,0.1,-,7.5,610,1200,1200,170,1300,2.2,3.3,0.20,0.10,42,120,1,2,9,0,0,0,0,9,3.9,4.0,0,0,0,1,0,0.32,17.0,32.0,0.24,13.0,22,0.62,14.0,0,-,1.5,別名： あご\n頭部等を除いたもの,"{""baseName"":""とびうお"",""state"":""煮干し"",""notes"":[""魚類""]}",煮干しのとびうおは乾燥・加工された魚で旨味とカルシウム源になり得る安全な素材。,8
10,10422,1412,＜魚類＞　とびうお　焼き干し,0,1312,309,11.8,61.5,73.4,1.5,300,3.3,(0.1),,(0.1),12.5,*,(0),-,0.1,-,12.7,690,1100,3200,200,2300,2.7,5.4,0.23,0.26,62,140,4,4,17,0,0,0,0,17,3.3,2.4,0,0,0,1,Tr,0.32,16.0,29.0,0.21,15.0,40,0.82,14.0,0,-,1.8,別名： あご、焼きあご\n頭部等を除いたもの,"{""baseName"":""とびうお"",""variety"":""焼き干し"",""notes"":[""魚類""]}",焼き干しのとびうおは出汁や風味付けに使える安全な魚類加工品,8
10,10212,1413,＜魚類＞　ナイルティラピア　生,0,521,124,73.5,17.0,19.8,4.6,59,5.3,(0.2),,(0.2),3.7,*,(0),-,0.2,-,1.2,60,370,29,24,180,0.5,0.4,0.02,0.01,-,-,-,-,3,-,-,-,0,3,11.0,1.9,0.1,0.1,0,(0),0.04,0.20,3.1,6.8,0.67,2.3,5,1.08,-,1,-,0.2,別名： いずみだい、ちかだい､テラピア\n切り身\n（魚体全体から調理する場合、廃棄率： 55 %、廃棄部位： 頭部、内臓、骨、ひれ等）,"{""baseName"":""ナイルティラピア"",""state"":""生"",""notes"":[""魚類""]}",ナイルティラピアは淡白な良質タンパクで犬のレシピ素材として適している,9
10,10216,1414,＜魚類＞　なまず　生,55,605,145,72.0,(15.5),18.4,7.3,73,8.6,(Tr),,(Tr),4.2,*,(0),-,Tr,-,1.0,46,320,18,23,170,0.4,0.6,0.03,0.02,-,-,-,-,70,-,-,-,7,71,4,6.3,Tr,0.1,0,(0),0.33,0.10,1.8,(4.2),0.16,2.3,10,0.81,-,0,-,0.1,試料： なまず（国産）、アメリカなまず\n廃棄部位： 頭部、内臓、骨、ひれ等（三枚下ろし）,"{""baseName"":""なまず"",""state"":""生"",""notes"":[""魚類""]}",生のなまずは良質な魚のたんぱく源で、適切に処理・加熱すれば使用可能。,9
10,10217,1415,＜魚類＞　にぎす　生,45,358,84,78.5,(15.5),18.7,0.9,120,1.2,(0.1),,(0.1),3.6,*,(0),-,0.1,-,1.5,190,320,70,27,220,0.4,0.4,0.03,0.01,-,-,-,-,75,-,-,-,(0),75,Tr,0.5,0,0,0,(0),0.12,0.26,3.5,(6.9),0.15,3.4,8,0.77,-,1,-,0.5,廃棄部位： 頭部、内臓、骨、ひれ等（三枚下ろし）,"{""baseName"":""にぎす"",""state"":""生"",""notes"":[""魚類""]}",にぎす（生）は魚類として良質なたんぱく源で犬のレシピ素材に適している,9
10,10218,1416,＜魚類＞　にしん　生,45,816,196,66.1,14.8,17.4,13.1,68,15.1,(0.1),,(0.1),4.7,*,(0),-,0.1,-,1.3,110,350,27,33,240,1.0,1.1,0.09,0.02,-,-,-,-,18,0,0,0,0,18,22.0,3.1,0,0,0,(0),0.01,0.23,4.0,7.3,0.42,17.0,13,1.06,-,Tr,-,0.3,別名： かどいわし\n廃棄部位： 頭部、内臓、骨、ひれ等（三枚下ろし）,"{""baseName"":""にしん"",""state"":""生"",""notes"":[""魚類""]}",にしんは栄養価の高い魚だが、適切に調理して使用するのが望ましい。,8
10,10220,1418,＜魚類＞　にしん　開き干し,25,996,239,59.8,(15.7),18.5,17.1,85,19.7,(0.2),,(0.2),5.5,*,(0),-,0.2,-,1.8,360,350,25,33,260,1.9,1.0,0.11,0.02,-,-,-,-,Tr,-,-,-,(0),(Tr),36.0,2.1,0,0,0,(0),0.01,0.03,4.7,(8.2),0.25,9.0,7,1.28,-,(0),-,0.9,別名： かどいわし\n廃棄部位： 頭部、骨、ひれ等,"{""baseName"":""にしん"",""variety"":""開き干し"",""notes"":[""魚類""]}",にしんは良質な魚類たんぱくで利用可能だが、開き干しは塩分がある点に注意。,8
10,10221,1419,＜魚類＞　にしん　くん製,45,1167,280,43.9,(19.6),23.1,19.9,86,22.1,(Tr),,(Tr),5.6,*,(0),-,Tr,-,10.9,3900,280,150,36,400,3.5,1.1,0.16,0.03,-,-,-,-,Tr,-,-,-,(0),(Tr),48.0,0.5,0,0,0,(0),0.01,0.35,5.0,(9.3),0.10,15.0,16,1.74,-,(0),-,9.9,別名： かどいわし\n廃棄部位： 頭部、骨、ひれ等,"{""baseName"":""にしん"",""state"":""くん製"",""notes"":[""魚類""]}",燻製ニシンは良質な魚たんぱくだが燻製・塩分の影響を考慮する必要がある,7
10,10222,1420,＜魚類＞　にしん　かずのこ　生,0,588,139,66.1,(27.1),25.2,3.4,370,6.7,(0.2),*,(0.2),1.7,,(0),-,0.2,-,1.8,320,210,50,34,140,1.2,2.3,0.07,0.06,-,-,-,-,15,-,-,-,(0),15,13.0,5.1,0,0,0,Tr,0.15,0.22,1.4,(10.0),0.26,11.0,120,1.37,-,Tr,-,0.8,別名： かどいわし,"{""baseName"":""にしん"",""variety"":""かずのこ"",""state"":""生"",""notes"":[""魚類""]}",にしん（かずのこ）は魚類のタンパク源として使用可能だが加工部位により塩分などに注意,8
10,10225,1423,＜魚類＞　はぜ　生,60,332,78,79.4,16.1,19.1,0.1,92,0.2,(0.1),,(0.1),3.2,*,(0),-,0.1,-,1.2,93,350,42,27,190,0.2,0.6,0.02,0.10,-,-,-,-,6,0,7,4,9,7,3,1.0,0,0,0,(0),0.04,0.04,1.4,4.8,0.07,2.7,8,0.42,-,1,-,0.2,廃棄部位： 頭部、内臓、骨、ひれ等（三枚下ろし）,"{""baseName"":""はぜ"",""state"":""生"",""notes"":[""魚類""]}",はぜは一般的な魚類で良質なたんぱく源。下処理を行えば適する,8
10,10228,1426,＜魚類＞　はたはた　生,0,425,101,78.8,12.8,14.1,4.4,100,5.7,(Tr),,(Tr),2.6,*,(0),-,Tr,-,1.4,180,250,60,18,120,0.5,0.6,0.06,-,32,37,Tr,0,20,-,-,-,(0),20,2,2.2,0,0,0,(0),0.02,0.14,3.0,5.6,0.08,1.7,7,0.50,3.3,0,-,0.5,三枚におろしたもの\n（魚体全体から調理する場合、廃棄率： 60 %、廃棄部位： 頭部、内臓、骨、ひれ等）,"{""baseName"":""はたはた"",""state"":""生"",""notes"":[""魚類""]}",はたはたは良質な魚でたんぱく源として適した素材である。,9
10,10229,1427,＜魚類＞　はたはた　生干し,50,644,154,71.1,14.8,16.7,9.2,130,10.3,(Tr),,(Tr),3.0,*,(0),-,Tr,-,1.9,510,240,17,23,180,0.3,0.8,0.04,0.01,37,37,1,0,22,0,0,0,0,22,1,2.8,0,0,0,(0),0.05,0.05,0.9,3.7,0.08,3.5,11,0.50,3.6,3,-,1.3,廃棄部位： 頭部、骨、ひれ等,"{""baseName"":""はたはた"",""variety"":""生干し"",""notes"":[""魚類""]}",生干しのはたはた（魚）は魚類として利用可能だが塩分や骨の除去に注意。,8
10,10230,1428,＜魚類＞　はまふえふき　生,55,359,85,77.7,(17.0),20.5,0.2,47,0.3,(0.1),,(0.1),3.7,*,(0),-,0.1,-,1.4,80,450,43,29,250,0.3,0.5,0.03,0,-,-,-,-,8,0,0,-,0,8,11.0,0.6,0,0,0,(0),0.15,0.07,6.4,(10.0),0.30,3.7,3,0.40,-,Tr,-,0.2,別名： たまみ\n廃棄部位： 頭部、内臓、骨、ひれ等（三枚下ろし）,"{""baseName"":""はまふえふき"",""state"":""生"",""notes"":[""魚類""]}",はまふえふき（魚）は良質な動物性タンパク源で犬の素材として適している,9
10,10231,1429,＜魚類＞　はも　生,0,555,132,71.0,18.9,22.3,4.3,75,5.3,(Tr),,(Tr),4.4,*,(0),-,Tr,-,1.4,66,450,79,29,280,0.2,0.6,0.03,0.07,-,-,-,-,59,0,0,0,0,59,5,1.1,0,0,0,(0),0.04,0.18,3.8,7.8,0.23,1.9,21,0.46,-,1,-,0.2,切り身\n（魚体全体から調理する場合、廃棄率： 40 %、廃棄部位： 頭部、内臓、骨、ひれ等）,"{""baseName"":""はも"",""state"":""生"",""notes"":[""魚類""]}",白身魚で良質なタンパク源、加熱して与えるのが望ましい,8
10,10233,1430,＜魚類＞　ひらまさ　生,0,541,128,71.1,(18.8),22.6,3.6,68,4.9,(0.1),,(0.1),5.2,*,(0),-,0.1,-,1.3,47,450,12,36,300,0.4,0.7,0.04,0.01,-,-,-,-,19,0,0,-,0,19,5,1.4,0,0,0,(0),0.20,0.14,7.6,(12.0),0.52,2.1,8,0.26,-,3,-,0.1,切り身\n（魚体全体から調理する場合、廃棄率： 40 %、廃棄部位： 頭部、内臓、骨、ひれ等）,"{""baseName"":""ひらまさ"",""state"":""生"",""notes"":[""魚類""]}",生のひらまさは良質なたんぱく源で犬の素材として適する,9
10,10234,1431,＜魚類＞　ひらめ　天然　生,40,406,96,76.8,(17.6),20.0,1.6,55,2.0,(Tr),,(Tr),2.8,*,(0),-,Tr,-,1.2,46,440,22,26,240,0.1,0.4,0.03,0.01,-,-,-,-,12,0,0,0,0,12,3,0.6,0,0,0,(0),0.04,0.11,5.0,(8.6),0.33,1.0,16,0.82,-,3,-,0.1,廃棄部位： 頭部、内臓、骨、ひれ等（五枚下ろし）,"{""baseName"":""ひらめ"",""productionMethod"":""天然"",""state"":""生"",""notes"":[""魚類""]}",天然のひらめは良質な魚蛋白で犬のレシピ素材として適している（調理方法に注意）,8
10,10235,1432,＜魚類＞　ひらめ　養殖　皮つき　生,40,486,115,73.7,19.0,21.6,3.1,62,3.7,(Tr),,(Tr),3.0,*,(0),-,Tr,-,1.3,43,440,30,30,240,0.1,0.5,0.02,0.03,8,47,Tr,0,19,0,0,0,0,19,1.9,1.6,0,0,0,-,0.12,0.34,6.2,10.0,0.44,1.5,13,0.89,10.0,5,-,0.1,廃棄部位： 頭部、内臓、骨、ひれ等（五枚下ろし）,"{""baseName"":""ひらめ"",""formModifiers"":[""皮つき""],""productionMethod"":""養殖"",""state"":""生"",""notes"":[""魚類""]}",ひらめは白身魚の良いタンパク源で素材として適切（下処理に注意）,9
10,10410,1433,＜魚類＞　ひらめ　養殖　皮なし　生,0,424,100,76.0,17.5,21.2,1.9,53,2.5,(0.1),,(0.1),3.4,*,(0),-,0.1,-,1.2,41,470,8,31,230,0.1,0.3,0.02,0.01,11,41,0,(0),9,(0),(0),(0),(0),9,2.3,1.6,0,0,0,-,0.22,0.07,6.7,11.0,0.48,1.1,12,0.86,8.4,10,-,0.1,,"{""baseName"":""ひらめ"",""formModifiers"":[""皮なし""],""productionMethod"":""養殖"",""state"":""生"",""notes"":[""魚類""]}",養殖ひらめの生切り身は良質なたんぱく源として利用できる。,9
10,10238,1436,＜魚類＞　ふな　生,50,394,93,78.0,15.3,18.2,2.0,64,2.5,(0.1),,(0.1),3.4,*,(0),-,0.1,-,1.2,30,340,100,23,160,1.5,1.9,0.04,0.02,-,-,-,-,12,-,-,-,(0),12,4,1.5,0,0,0,(0),0.55,0.14,2.3,5.3,0.11,5.5,14,0.69,-,1,-,0.1,廃棄部位： 頭部、内臓、骨、ひれ等（三枚下ろし）,"{""baseName"":""ふな"",""state"":""生"",""notes"":[""魚類""]}",ふな（生）は淡水魚としてたんぱく源になるが骨除去などの処理が前提,8
10,10239,1437,＜魚類＞　ふな　水煮,35,439,104,75.6,(17.1),20.3,2.3,84,2.8,(0.1),,(0.1),3.8,*,(0),-,0.1,-,1.2,46,310,140,24,230,1.5,2.1,0.04,0.02,-,-,-,-,15,-,-,-,(0),15,3.8,1.5,0,0,0,(0),0.49,0.12,1.6,(5.0),0.10,4.4,8,0.71,-,Tr,-,0.1,内臓等を除去後水煮したもの\n廃棄部位： 頭部､骨、ひれ等,"{""baseName"":""ふな"",""state"":""水煮"",""notes"":[""魚類""]}",水煮された魚でタンパク源として利用できるが骨の除去に注意。,8
10,10241,1440,＜魚類＞　ぶり　成魚　生,0,929,222,59.6,18.6,21.4,13.1,72,17.6,(0.3),,(0.3),7.7,*,(0),-,0.3,-,1.1,32,380,5,26,130,1.3,0.7,0.08,0.01,24,57,Tr,0,50,-,-,-,(0),50,8,2.0,0,0,0,(0),0.23,0.36,9.5,14.0,0.42,3.8,7,1.01,7.7,2,-,0.1,切り身\n(魚体全体から調理する場合、廃棄率： 40 %、廃棄部位： 頭部、内臓、骨、ひれ等),"{""baseName"":""ぶり"",""variety"":""成魚"",""state"":""生"",""notes"":[""魚類""]}",良質なたんぱく質と健康的な脂質を含む魚類で素材として適する（骨除去が前提）,9
10,10242,1441,＜魚類＞　ぶり　成魚　焼き,0,1087,260,51.8,(22.7),26.2,14.5,89,20.4,(0.3),,(0.3),9.7,*,(0),-,0.3,-,1.3,40,440,6,28,170,2.3,0.9,0.10,0.01,-,-,-,-,42,-,-,-,(0),42,5.4,2.1,0,0,0,(0),0.24,0.39,10.0,(15.0),0.38,3.8,6,1.38,-,2,-,0.1,切り身,"{""baseName"":""ぶり"",""variety"":""成魚"",""state"":""焼き"",""notes"":[""魚類""]}",ぶりは良質なタンパク質と脂肪を含む魚で、加熱済みの切り身は犬の素材として適しているため,9
10,10243,1442,＜魚類＞　ぶり　はまち　養殖　皮つき　生,0,904,217,61.5,17.8,20.7,13.4,77,17.2,(0.3),,(0.3),6.2,*,(0),-,0.3,-,1.1,38,340,19,29,210,1.0,0.8,0.09,0.01,14,32,Tr,0,32,0,0,0,0,32,4,4.6,0,0.1,0,-,0.16,0.21,9.0,13.0,0.45,4.6,9,0.99,6.4,2,-,0.1,切り身\n(魚体全体から調理する場合、廃棄率： 40 %、廃棄部位： 頭部、内臓、骨、ひれ等),"{""baseName"":""ぶり"",""variety"":""はまち"",""formModifiers"":[""皮つき""],""productionMethod"":""養殖"",""state"":""生"",""notes"":[""魚類""]}",ぶり（はまち）は良質な魚のタンパク源で犬に適した素材,9
10,10411,1443,＜魚類＞　ぶり　はまち　養殖　皮なし　生,0,751,180,66.4,17.6,21.0,9.9,78,12.0,(0.3),,(0.3),5.0,*,(0),-,0.3,-,1.1,36,390,5,29,220,1.1,0.5,0.10,0.01,14,35,0,(0),41,(0),(0),(0),(0),41,4.4,5.5,0,0.2,0,-,0.17,0.23,7.9,12.0,0.53,6.6,9,0.99,6.4,3,-,0.1,,"{""baseName"":""ぶり"",""variety"":""はまち"",""formModifiers"":[""皮なし""],""productionMethod"":""養殖"",""state"":""生"",""notes"":[""魚類""]}",良質な動物性たんぱく源で犬に適した魚類である,9
10,10244,1444,＜魚類＞　ほうぼう　生,50,464,110,74.9,(16.2),19.6,3.0,55,4.2,(Tr),,(Tr),4.6,*,(0),-,Tr,-,1.3,110,380,42,34,200,0.4,0.5,0.04,0.05,-,-,-,-,9,-,-,-,(0),9,3,0.5,0,0,0,(0),0.09,0.15,5.0,(8.6),0.44,2.2,5,0.82,-,3,-,0.3,廃棄部位： 頭部、内臓、骨、ひれ等（三枚下ろし）,"{""baseName"":""ほうぼう"",""state"":""生"",""notes"":[""魚類""]}",ほうぼう（魚）は良質な魚のたんぱく源で犬の食材として適している。,9
10,10245,1445,＜魚類＞　ホキ　生,0,331,78,80.4,(14.1),17.0,1.0,49,1.3,(Tr),,(Tr),3.2,*,(0),-,Tr,-,1.3,160,330,20,24,160,0.3,0.4,0.02,0.01,-,-,-,-,43,-,-,-,(0),43,1,0.9,0,0,0,(0),0.03,0.16,1.3,(4.4),0.07,0.7,13,0.42,-,0,-,0.4,切り身,"{""baseName"":""ホキ"",""state"":""生"",""notes"":[""魚類""]}",ホキは白身の良質なたんぱく源。骨は除去して調理すれば適切。,9
10,10246,1446,＜魚類＞　ほっけ　生,50,435,103,77.1,15.4,17.3,3.2,73,4.4,(0.1),,(0.1),3.1,*,(0),-,0.1,-,1.1,81,360,22,33,220,0.4,1.1,0.10,0.01,-,-,-,-,25,0,0,0,0,25,3,1.7,0,0,0,(0),0.09,0.17,2.5,5.5,0.17,11.0,9,1.16,-,1,-,0.2,廃棄部位： 頭部、内臓、骨、ひれ等（三枚下ろし）,"{""baseName"":""ほっけ"",""state"":""生"",""notes"":[""魚類""]}",ほっけは良質な魚タンパク源（調理と骨・内臓の除去が前提）,9
10,10248,1448,＜魚類＞　ほっけ　開き干し　生,35,676,161,67.0,18.0,20.6,8.3,86,9.4,(0.1),,(0.1),3.7,*,(0),-,0.1,-,3.0,690,390,170,37,330,0.5,0.9,0.05,0.03,15,31,1,0,30,0,0,0,0,30,4.6,1.3,0,0,0,-,0.10,0.24,3.5,7.1,0.21,5.3,7,0.65,3.7,4,-,1.8,廃棄部位： 頭部、骨、ひれ等,"{""baseName"":""ほっけ"",""variety"":""開き干し"",""state"":""生"",""notes"":[""魚類""]}",ほっけの開き干しは魚類として素材になるが加工で塩分が含まれる可能性がある,8
10,10412,1449,＜魚類＞　ほっけ　開き干し　焼き,25,749,179,63.7,19.6,23.1,9.4,100,10.9,(0.2),,(0.2),4.0,*,(0),-,0.2,-,3.3,770,410,180,41,360,0.6,1.0,0.06,0.03,17,34,1,(0),39,(0),(0),(0),(0),39,3.5,1.6,0,0,0,-,0.14,0.26,3.7,7.7,0.17,5.3,11,0.65,4.5,2,-,2.0,廃棄部位： 頭部、骨、ひれ等,"{""baseName"":""ほっけ"",""variety"":""開き干し"",""state"":""焼き"",""notes"":[""魚類""]}",焼きほっけは良質な魚類の一つでたんぱく源として利用可能。,8
10,10249,1450,＜魚類＞　ぼら　生,50,500,119,74.7,15.5,19.2,4.3,65,5.0,(0.1),,(0.1),4.5,*,(0),-,0.1,-,1.0,87,330,17,24,170,0.7,0.5,0.06,0.01,-,-,-,-,8,0,0,0,0,8,10.0,1.6,0,0,0,(0),0.16,0.26,4.5,8.1,0.43,4.7,4,0.66,-,1,-,0.2,廃棄部位： 頭部、内臓、骨、ひれ等（三枚下ろし）,"{""baseName"":""ぼら"",""state"":""生"",""notes"":[""魚類""]}",魚類は良質なたんぱく源でレシピ素材として適切（調理時に骨を除く必要あり）,9
10,10251,1452,＜魚類＞　ほんもろこ　生,0,434,103,75.1,(14.8),17.5,3.2,210,4.1,(0.1),,(0.1),3.7,*,(0),-,0.1,-,3.2,86,320,850,39,640,1.3,3.4,0.07,0.21,-,-,-,-,250,0,0,-,0,250,5,2.9,0,0,0,(0),0.03,0.20,2.5,(5.4),0.13,9.0,37,0.73,-,2,-,0.2,別名： もろこ\n魚体全体,"{""baseName"":""ほんもろこ"",""state"":""生"",""notes"":[""魚類""]}",小型の魚で良質な動物性タンパク源だが、骨や寄生虫に注意して調理する必要がある,8
10,10252,1453,＜魚類＞　（まぐろ類）　きはだ　生,0,432,102,74.0,20.6,24.3,0.6,37,1.0,(Tr),,(Tr),3.4,*,(0),-,Tr,-,1.3,43,450,5,37,290,2.0,0.5,0.06,0.01,14,74,1,0,2,Tr,Tr,-,Tr,2,6,0.4,0,0,0,(0),0.15,0.09,18.0,22.0,0.64,5.8,5,0.36,1.4,0,-,0.1,別名： きはだまぐろ、きわだ\n切り身（皮なし）,"{""baseName"":""きはだ"",""state"":""生"",""notes"":[""魚類"",""まぐろ類""]}",生のまぐろは良質な動物性タンパク源で犬の素材として適切,9
10,10253,1454,＜魚類＞　（まぐろ類）　くろまぐろ　天然　赤身　生,0,490,115,70.4,22.3,26.4,0.8,50,1.4,(0.1),,(0.1),4.9,*,(0),-,0.1,-,1.7,49,380,5,45,270,1.1,0.4,0.04,0.01,14,110,0,0,83,0,0,0,0,83,5,0.8,0,0,0,Tr,0.10,0.05,14.0,19.0,0.85,1.3,8,0.41,1.9,2,-,0.1,別名： まぐろ、ほんまぐろ、しび \n切り身（皮なし）,"{""baseName"":""くろまぐろ"",""variety"":""赤身"",""productionMethod"":""天然"",""state"":""生"",""notes"":[""魚類"",""まぐろ類""]}",本鮪赤身は高品質なたんぱく源で犬のレシピ素材として適切,9
10,10254,1455,＜魚類＞　（まぐろ類）　くろまぐろ　天然　脂身　生,0,1281,308,51.4,16.7,20.1,23.5,55,27.5,(0.1),,(0.1),7.5,*,(0),-,0.1,-,0.9,71,230,7,35,180,1.6,0.5,0.04,Tr,-,-,-,-,270,0,0,0,0,270,18.0,1.5,0,0,0,(0),0.04,0.07,9.8,14.0,0.82,1.0,8,0.47,-,4,-,0.2,別名： まぐろ、ほんまぐろ、しび、とろ\n切り身（皮なし）,"{""baseName"":""くろまぐろ"",""formModifiers"":[""脂身""],""productionMethod"":""天然"",""state"":""生"",""notes"":[""魚類"",""まぐろ類""]}",天然の脂身を含む本マグロは高品質なタンパク質と脂質を供給する優れた素材である。,9
10,10450,1456,＜魚類＞　（まぐろ類）　くろまぐろ　養殖　赤身　生,0,643,153,68.8,20.5,24.8,6.7,53,7.6,(0.3),,(0.3),2.8,*,0,-,0.3,-,1.3,28,430,3,38,270,0.8,0.5,0.02,Tr,31,79,0,0,840,-,-,-,-,840,4,1.5,-,-,-,-,0.16,0.05,15.0,20.0,0.51,2.5,10,0.27,1.1,2,-,0.1,別名： まぐろ、ほんまぐろ、しび\n蓄養を含む\n切り身,"{""baseName"":""くろまぐろ"",""variety"":""赤身"",""productionMethod"":""養殖"",""state"":""生"",""notes"":[""魚類"",""まぐろ類""]}",良質な赤身の魚で良好なタンパク源。犬のレシピ素材として適している。,9
10,10451,1457,＜魚類＞　（まぐろ類）　くろまぐろ　養殖　赤身　水煮,0,727,173,64.1,22.5,27.2,6.8,59,8.3,(0.3),,(0.2),5.4,*,0,-,0.3,-,1.2,25,400,3,38,270,1.0,0.6,0.02,Tr,34,88,0,0,900,-,-,-,-,900,4.1,1.8,-,-,-,-,0.16,0.04,14.0,20.0,0.40,3.2,12,0.28,1.3,2,-,0.1,別名： まぐろ、ほんまぐろ、しび\n蓄養を含む\n切り身,"{""baseName"":""くろまぐろ"",""variety"":""赤身"",""productionMethod"":""養殖"",""state"":""水煮"",""notes"":[""魚類"",""まぐろ類""]}",水煮のまぐろ赤身は良質なタンパク源で保存性も高く使いやすい,9
10,10452,1458,＜魚類＞　（まぐろ類）　くろまぐろ　養殖　赤身　蒸し,0,786,187,62.0,22.9,28.0,8.1,62,9.9,(0.2),,(0.2),5.8,*,0,-,0.2,-,1.2,26,410,3,39,270,0.9,0.6,0.02,0.01,38,91,0,0,990,-,-,-,-,990,4.3,1.9,-,-,-,-,0.17,0.04,15.0,20.0,0.31,3.4,11,0.27,1.3,2,-,0.1,別名： まぐろ、ほんまぐろ、しび\n蓄養を含む\n切り身,"{""baseName"":""くろまぐろ"",""variety"":""赤身"",""productionMethod"":""養殖"",""state"":""蒸し"",""notes"":[""魚類"",""まぐろ類""]}",蒸したまぐろは良質な動物性タンパクで犬のレシピ素材として適切,9
10,10453,1459,＜魚類＞　（まぐろ類）　くろまぐろ　養殖　赤身　電子レンジ調理,0,802,191,60.0,24.9,30.4,7.2,65,8.7,(0.3),,(0.3),6.6,*,0,-,0.3,-,1.4,33,490,4,44,310,1.1,0.6,0.02,0.01,39,94,0,0,970,-,-,-,-,970,4.3,1.8,-,-,-,-,0.19,0.05,18.0,24.0,0.29,3.4,9,0.25,1.4,2,-,0.1,別名： まぐろ、ほんまぐろ、しび\n蓄養を含む\n切り身,"{""baseName"":""くろまぐろ"",""variety"":""赤身"",""productionMethod"":""養殖"",""state"":""電子レンジ調理"",""notes"":[""魚類"",""まぐろ類""]}",くろまぐろ（赤身・電子レンジ調理済）は加熱された魚で良質なたんぱく源、犬の素材として非常に適している。,10
10,10454,1460,＜魚類＞　（まぐろ類）　くろまぐろ　養殖　赤身　焼き,0,848,202,59.6,24.0,29.0,9.2,66,10.6,(0.3),,(0.2),5.8,*,0,-,0.3,-,1.4,33,500,3,42,290,0.9,0.6,0.02,0.01,42,94,Tr,0,1100,-,-,-,-,1100,5,2.0,-,-,-,-,0.19,0.04,19.0,24.0,0.33,3.3,11,0.33,1.5,2,-,0.1,別名： まぐろ、ほんまぐろ、しび\n蓄養を含む\n切り身,"{""baseName"":""くろまぐろ"",""variety"":""赤身"",""productionMethod"":""養殖"",""state"":""焼き"",""notes"":[""魚類"",""まぐろ類""]}",焼きの赤身まぐろは良質なタンパク源で犬のレシピ素材として適している。,9
10,10455,1461,＜魚類＞　（まぐろ類）　くろまぐろ　養殖　赤身　ソテー,0,812,194,61.6,23.1,28.0,9.2,61,10.2,(0.3),,(0.3),4.7,*,0,-,0.3,-,1.4,29,470,3,43,300,0.9,0.6,0.02,0.01,36,90,Tr,0,910,-,-,-,-,910,4.4,1.9,-,-,-,-,0.18,0.05,17.0,23.0,0.42,3.2,10,0.25,1.4,2,-,0.1,別名： まぐろ、ほんまぐろ、しび\n蓄養を含む、切り身\n植物油（なたね油）\n調理による脂質の増減：第1章表14参照,"{""baseName"":""くろまぐろ"",""variety"":""赤身"",""productionMethod"":""養殖"",""state"":""ソテー"",""notes"":[""魚類"",""まぐろ類""]}",赤身のまぐろ（ソテー）は良質なタンパク質で犬のレシピ素材として適している,9
10,10459,1462-1,＜魚類＞　（まぐろ類）　くろまぐろ　養殖　脂身　生,0,1330,321,52.6,16.0,18.6,27.0,73,28.9,(0.3),,(0.2),3.4,*,-,-,0.3,-,0.9,41,330,4,26,190,0.6,0.6,0.01,0.01,73,73,0,0,580,0,0,0,0,580,20.8,7.2,0,0,0,5,0.14,0.05,11.4,14.8,0.43,1.9,9,0.47,1,3,-,0.1,別名： まぐろ、ほんまぐろ、しび\n蓄養を含む\n切り身,"{""baseName"":""くろまぐろ"",""formModifiers"":[""脂身""],""productionMethod"":""養殖"",""state"":""生"",""notes"":[""魚類"",""まぐろ類""]}",良質な魚のタンパク・脂肪源だが大型魚は重金属蓄積の懸念があるため注意,8
10,10460,1462-2,＜魚類＞　（まぐろ類）　くろまぐろ　養殖　脂身　水煮,0,1370,330,47.8,18.2,21.4,24.9,110,27.1,(0.3),,(0.2),8.3,*,-,-,0.3,-,0.9,33,290,3,26,190,0.7,0.6,0.02,0.01,93,78,Tr,-,15,-,1,-,1,15,51.6,0.9,-,0,-,1,0.11,0.18,6.5,10.6,0.16,7.1,7,0.45,4.3,3,-,0.1,別名： まぐろ、ほんまぐろ、しび\n蓄養を含む\n切り身,"{""baseName"":""くろまぐろ"",""formModifiers"":[""脂身""],""productionMethod"":""養殖"",""state"":""水煮"",""notes"":[""魚類"",""まぐろ類""]}",脂身の多いまぐろの水煮は良質なたんぱく・脂質源で素材として適している,9
10,10461,1462-3,＜魚類＞　（まぐろ類）　くろまぐろ　養殖　脂身　蒸し,0,1299,313,50.2,17.4,21.8,25.3,81,27.3,(0.1),,(Tr),4.1,*,-,-,0.1,-,3.1,760,450,75,47,250,0.9,0.8,0.08,0.01,47,62,Tr,Tr,15,-,1,-,1,15,18.9,7.1,-,-,-,4,0.16,0.05,11.6,15.4,0.27,2.1,5,0.46,1.4,2,-,1.9,別名： まぐろ、ほんまぐろ、しび\n蓄養を含む\n切り身,"{""baseName"":""くろまぐろ"",""formModifiers"":[""脂身""],""productionMethod"":""養殖"",""state"":""蒸し"",""notes"":[""魚類"",""まぐろ類""]}",蒸しマグロは良質な魚由来のたんぱく・脂肪源で、犬に適した素材。,9
10,10462,1462-4,＜魚類＞　（まぐろ類）　くろまぐろ　養殖　脂身　電子レンジ調理,0,1278,307,48.1,19.6,23.1,20.7,78,22.7,(0.2),,(0.2),10.6,*,-,-,0.2,-,1.1,40,350,4,31,220,0.8,0.6,0.02,0.01,87,89,Tr,-,750,-,-,-,-,750,21.2,5.6,-,-,-,4,0.15,0.05,12.9,17.2,0.3,2,4,0.62,1.3,2,-,0.1,別名： まぐろ、ほんまぐろ、しび\n蓄養を含む\n切り身,"{""baseName"":""くろまぐろ"",""formModifiers"":[""脂身""],""productionMethod"":""養殖"",""state"":""電子レンジ調理"",""notes"":[""魚類"",""まぐろ類""]}",くろまぐろの脂身は良質なたんぱく質と脂肪酸を含むが大型魚のため使用量に配慮が必要。,9
10,10463,1462-5,＜魚類＞　（まぐろ類）　くろまぐろ　養殖　脂身　焼き,0,1422,342,46.4,18.8,23,26.5,83,28.4,(0.2),,(0.2),7.2,*,-,-,0.2,-,1.1,39,360,4,31,230,0.7,0.7,0.02,0.01,100,83,-,-,800,-,-,-,-,800,20.7,7,-,-,-,6,0.16,0.05,12.9,17.1,0.32,2.2,5,0.48,1.5,3,-,0.1,別名： まぐろ、ほんまぐろ、しび\n蓄養を含む\n切り身,"{""baseName"":""くろまぐろ"",""formModifiers"":[""脂身""],""productionMethod"":""養殖"",""state"":""焼き"",""notes"":[""魚類"",""まぐろ類""]}",焼きまぐろは良質な魚由来のたんぱく質・脂肪酸源で利用しやすい,9
10,10464,1462-6,＜魚類＞　（まぐろ類）　くろまぐろ　養殖　脂身　ソテー,0,1410,339,45.7,20.3,24.3,25.4,83,27.8,(0.2),,(0.2),7.4,*,-,-,0.2,-,1.2,43,380,4,33,240,0.7,0.8,0.02,0.01,89,89,-,-,710,-,-,-,-,710,20.4,6.6,-,0.3,-,6,0.15,0.05,13,17.5,0.31,2.2,6,0.45,1.3,3,-,0.1,別名： まぐろ、ほんまぐろ、しび\n蓄養を含む\n切り身\n植物油（なたね油）\n調理による脂質の増減：第1章表14参照,"{""baseName"":""くろまぐろ"",""formModifiers"":[""脂身""],""productionMethod"":""養殖"",""state"":""ソテー"",""notes"":[""魚類"",""まぐろ類""]}",養殖の脂身をソテーしたまぐろは良質な動物性タンパクで犬のレシピに適している,9
10,10255,1463,＜魚類＞　（まぐろ類）　びんなが　生,0,469,111,71.8,21.6,26.0,0.6,49,0.7,(0.2),,(0.2),4.7,*,(0),-,0.2,-,1.3,38,440,9,41,310,0.9,0.5,0.05,0.01,12,71,1,0,4,0,0,-,0,4,7,0.7,0,0,0,(0),0.13,0.10,21.0,26.0,0.94,2.8,4,0.31,1.2,1,-,0.1,別名： びんちょう、とんぼ、びんながまぐろ\n切り身（皮なし）,"{""baseName"":""びんなが"",""state"":""生"",""notes"":[""魚類"",""まぐろ類""]}",びんなが（まぐろ類）は良質な魚性タンパク源で使用可能,9
10,10256,1464,＜魚類＞　（まぐろ類）　みなみまぐろ　赤身　生,0,375,88,77.0,16.9,21.6,0.2,52,0.4,(0.1),,(0.1),4.7,*,(0),-,0.1,-,1.2,43,400,5,27,240,1.8,0.4,0.04,0.01,5,73,0,0,6,0,0,0,0,6,4,1.0,0,0,0,(0),0.03,0.05,11.0,15.0,1.08,2.2,5,0.30,2.2,Tr,-,0.1,別名： インドまぐろ\n切り身（皮なし）,"{""baseName"":""みなみまぐろ"",""variety"":""赤身"",""state"":""生"",""notes"":[""魚類"",""まぐろ類""]}",みなみまぐろ（赤身）は良質な動物性タンパク源で適切,9
10,10257,1465,＜魚類＞　（まぐろ類）　みなみまぐろ　脂身　生,0,1337,322,50.3,16.6,20.3,25.4,59,28.3,(0.1),,(0.1),6.6,*,(0),-,0.1,-,1.0,44,280,9,29,210,0.6,0.4,0.05,0.01,38,120,1,0,34,0,0,0,0,34,5,1.5,0,0,0,(0),0.10,0.06,11.0,15.0,1.00,1.5,4,0.29,4.4,5,-,0.1,別名： インドまぐろ、とろ\n切り身（皮なし）,"{""baseName"":""みなみまぐろ"",""formModifiers"":[""脂身""],""state"":""生"",""notes"":[""魚類"",""まぐろ類""]}",脂のあるまぐろは良質なタンパクと脂質源で使用可能だが、与え方は調整が望ましい,9
10,10258,1466,＜魚類＞　（まぐろ類）　めじまぐろ　生,0,587,139,68.7,(20.4),25.2,3.8,58,4.8,(0.1),,(0.1),5.9,*,(0),-,0.1,-,1.2,42,410,9,40,290,1.8,0.5,0.09,0.01,-,-,-,-,61,0,0,-,0,61,12.0,1.2,0,0,0,(0),0.19,0.19,19.0,(24.0),0.73,6.9,6,0.59,-,1,-,0.1,くろまぐろの幼魚\n別名： まめじ \n切り身（皮なし）,"{""baseName"":""めじまぐろ"",""state"":""生"",""notes"":[""魚類"",""まぐろ類""]}",良質な動物性たんぱく源。生魚のため寄生虫や鮮度管理に注意が必要。,9
10,10425,1467,＜魚類＞　（まぐろ類） めばち　赤身　生,0,485,115,72.2,21.9,25.4,1.7,41,2.3,(0.3),,(0.3),3.0,*,(0),-,0.3,-,1.3,39,440,3,35,270,0.9,0.4,0.03,Tr,18,75,Tr,0,17,0,0,0,0,17,3.6,0.9,0,0,0,Tr,0.09,0.05,15.0,20.0,0.76,1.4,5,0.15,1.5,1,-,0.1,別名： ばちまぐろ、めばちまぐろ\n切り身（皮なし）,"{""baseName"":""（まぐろ類） めばち"",""variety"":""赤身"",""state"":""生"",""notes"":[""魚類""]}",赤身のまぐろは良質なたんぱく源。ただし生は寄生虫などのリスクがあるため加熱が望ましい,8
10,10426,1468,＜魚類＞　（まぐろ類） めばち　脂身　生,0,662,158,67.8,20.0,23.9,6.8,52,7.5,(0.4),,(0.3),4.2,*,(0),-,0.4,-,1.2,100,400,4,31,240,0.7,0.4,0.03,Tr,42,74,Tr,0,37,0,Tr,0,Tr,37,8.1,2.0,0,Tr,0,1,0.07,0.05,13.0,18.0,0.80,1.0,5,0.17,1.5,1,-,0.3,別名： ばちまぐろ、めばちまぐろ、とろ\n切り身（皮なし）,"{""baseName"":""（まぐろ類） めばち"",""formModifiers"":[""脂身""],""state"":""生"",""notes"":[""魚類""]}",めばちまぐろの脂身は良質な脂肪酸とたんぱくを含む優れた魚素材,9
10,10260,1469,＜魚類＞　（まぐろ類）　缶詰　水煮　フレーク　ライト,0,297,70,82.0,(13.0),16.0,0.5,35,0.7,(0.2),,(0.2),3.4,*,(0),-,0.2,-,1.1,210,230,5,26,160,0.6,0.7,0.05,0.01,-,-,-,-,10,0,0,-,0,10,3,0.4,0,0,0,(0),0.01,0.04,9.5,(13.0),0.26,1.1,4,0.13,-,0,-,0.5,別名： ツナ缶\n原材料： きはだ\n液汁を含んだもの,"{""baseName"":""フレーク"",""variety"":""ライト"",""state"":""水煮"",""notes"":[""魚類"",""まぐろ類""]}",水煮のツナ（きはだ）は加熱済みの良質な魚タンパク源で利用しやすいため,9
10,10261,1470,＜魚類＞　（まぐろ類）　缶詰　水煮　フレーク　ホワイト,0,404,96,77.6,(14.8),18.3,2.2,34,2.5,(0.4),,(0.4),4.2,*,(0),-,0.4,-,1.2,260,280,6,34,200,1.0,0.7,0.04,0.02,-,-,-,-,Tr,-,-,-,(0),(Tr),2,0.4,0,0,0,(0),0.07,0.03,11.0,(15.0),0.15,1.4,7,0.13,-,(0),-,0.7,別名： ツナ缶\n原材料： びんなが\n液汁を含んだもの,"{""baseName"":""フレーク"",""variety"":""ホワイト"",""state"":""水煮"",""notes"":[""魚類"",""まぐろ類""]}",ツナ缶（水煮・フレーク）は魚由来の良質なたんぱく源で料理素材として使いやすい,9
10,10263,1472,＜魚類＞　（まぐろ類）　缶詰　油漬　フレーク　ライト,0,1098,265,59.1,(14.4),17.7,21.3,32,21.7,(0.1),,(0.1),3.8,*,(0),-,0.1,-,1.4,340,230,4,25,160,0.5,0.3,0.04,0.01,-,-,-,-,8,0,0,-,0,8,2,2.8,0.4,17.0,6.1,44,0.01,0.03,8.8,(12.0),0.26,1.1,3,0.09,-,0,-,0.9,別名： ツナ缶\n原材料： きはだ\n液汁を含んだもの,"{""baseName"":""油漬"",""variety"":""フレーク ライト"",""state"":""缶詰"",""notes"":[""魚類"",""まぐろ類""]}",ツナ缶（油漬）は良質なタンパク源だが塩分や油分に留意すべき加工魚類,8
10,10264,1473,＜魚類＞　（まぐろ類）　缶詰　油漬　フレーク　ホワイト,0,1158,279,56.0,(15.3),18.8,21.8,38,23.6,(0.1),,(0.1),5.5,*,(0),-,0.1,-,1.5,370,190,2,27,270,1.8,0.4,0.03,0.02,-,-,-,-,Tr,-,-,-,(0),(Tr),4,8.3,0.1,7.6,0.1,-,0.05,0.13,12.0,(16.0),0.15,2.0,2,0.12,-,(0),-,0.9,別名： ツナ缶\n原材料： びんなが\n液汁を含んだもの,"{""baseName"":""油漬"",""variety"":""フレーク ホワイト"",""state"":""缶詰"",""notes"":[""魚類"",""まぐろ類""]}",魚由来の良質なタンパク源だが油漬けの加工品であるためやや加工度が高い。,7
10,10265,1474,＜魚類＞　マジェランあいなめ　生,0,1010,243,62.8,(11.0),13.3,19.6,59,22.9,(0.1),,(0.1),5.6,*,(0),-,0.1,-,0.9,65,300,10,18,210,0.1,0.3,0.01,0.01,-,-,-,-,1800,0,0,-,0,1800,17.0,2.2,0,0,0,(0),0.02,0.08,0.9,(3.3),0.04,0.6,5,0.29,-,Tr,-,0.2,別名： メロ、おおくち、マゼランあいなめ\n切り身,"{""baseName"":""マジェランあいなめ"",""state"":""生"",""notes"":[""魚類""]}",白身魚（あいなめ）は良質なタンパク源だが生は寄生虫等のリスクに注意が必要です。,9
10,10266,1475,＜魚類＞　まながつお　生,40,671,161,70.8,(13.9),17.1,9.7,70,10.9,(Tr),,(Tr),4.4,*,(0),-,Tr,-,1.2,160,370,21,25,190,0.3,0.5,0.02,0.01,-,-,-,-,90,-,-,-,(0),90,5,1.4,0,0,0,(0),0.22,0.13,3.6,(6.9),0.30,1.4,7,1.37,-,1,-,0.4,廃棄部位： 頭部、内臓、骨、ひれ等（三枚下ろし）,"{""baseName"":""まながつお"",""state"":""生"",""notes"":[""魚類""]}",まながつおは良質な魚タンパク源。生魚は寄生虫等に注意し適切に扱えば素材として適切,9
10,10232,1476,＜魚類＞　みなみくろたち　生,0,473,112,73.8,(18.0),21.7,2.6,63,3.0,(0.1),,(0.1),4.2,*,(0),-,0.1,-,1.4,120,460,22,34,240,0.6,0.5,0.05,0.03,-,-,-,-,55,-,-,-,(0),55,2,1.9,0,0,0,(0),0.06,0.20,7.5,(11.0),0.50,6.5,4,0.85,-,1,-,0.3,別名： バラクータ、みなみおおすみやき、おおしびかます\n切り身,"{""baseName"":""みなみくろたち"",""state"":""生"",""notes"":[""魚類""]}",みなみくろたちは魚類として利用可能だが、大型魚特有の留意点がありやや控えめ。,7
10,10267,1477,＜魚類＞　みなみだら　生,0,288,68,81.9,(13.6),16.4,0.2,65,0.3,(Tr),,(Tr),2.9,*,(0),-,Tr,-,1.4,220,320,23,41,160,0.3,0.3,0.04,0.02,-,-,-,-,6,-,-,-,(0),6,7,0.8,0,0,0,(0),0.03,0.27,1.7,(4.7),0.09,1.6,11,0.44,-,0,-,0.6,切り身,"{""baseName"":""みなみだら"",""state"":""生"",""notes"":[""魚類""]}",白身魚で良質なタンパク源。犬のレシピ素材として適切,9
10,10268,1478,＜魚類＞　むつ　生,0,729,175,69.7,14.5,16.7,11.6,59,12.6,(Tr),,(Tr),3.2,*,(0),-,Tr,-,1.0,85,390,25,20,180,0.5,0.4,0.03,0.01,-,-,-,-,8,-,-,-,(0),8,4,0.9,0,0,0,(0),0.03,0.16,2.4,5.5,0.10,1.9,6,0.31,-,Tr,-,0.2,切り身\n(魚体全体から調理する場合、廃棄率： 50 %、廃棄部位： 頭部、内臓、骨、ひれ等),"{""baseName"":""むつ"",""state"":""生"",""notes"":[""魚類""]}",むつは良質な魚たんぱくで犬に適するが、骨と生食の衛生に注意が必要,8
10,10269,1479,＜魚類＞　むつ　水煮,0,673,161,68.3,(19.3),22.2,7.7,70,8.4,(Tr),,(Tr),3.6,*,(0),-,Tr,-,1.1,80,410,49,23,230,0.6,0.4,0.03,0.01,-,-,-,-,11,-,-,-,(0),11,3.6,0.6,0,0,0,(0),0.04,0.16,2.8,(6.9),0.13,2.5,4,0.25,-,Tr,-,0.2,切り身,"{""baseName"":""むつ"",""state"":""水煮"",""notes"":[""魚類""]}",水煮のムツ切り身は加熱済みで良質な魚たんぱく源として適している,9
10,10270,1480,＜魚類＞　めじな　生,0,476,113,74.7,(16.1),19.4,3.4,56,4.5,(0.1),,(0.1),4.5,*,(0),-,0.1,-,1.3,91,380,27,30,240,0.3,0.9,0.03,0.01,-,-,-,-,55,0,0,-,0,55,1,0.8,0,0,0,(0),0.05,0.38,2.7,(6.2),0.16,1.8,2,0.44,-,0,-,0.2,別名： ぐれ\n切り身\n(魚体全体から調理する場合、廃棄率： 55 %、廃棄部位： 頭部、内臓、骨、ひれ等),"{""baseName"":""めじな"",""state"":""生"",""notes"":[""魚類""]}",めじな（生）は魚類として良質なタンパク源だが生食の取扱いに注意が必要,8
10,10271,1481,＜魚類＞　めばる　生,55,423,100,77.2,15.6,18.1,2.8,75,3.5,(Tr),,(Tr),3.2,*,(0),-,Tr,-,1.2,75,350,80,27,200,0.4,0.4,0.05,-,-,-,-,-,11,-,-,-,(0),11,1,1.5,0,0,0,(0),0.07,0.17,1.6,5.0,0.11,1.5,5,0.37,-,2,-,0.2,廃棄部位： 頭部、内臓、骨、ひれ等（三枚下ろし）,"{""baseName"":""めばる"",""state"":""生"",""notes"":[""魚類""]}",めばるは良質な魚類で骨・内臓を除去すれば犬のレシピ素材に適している。,9
10,10272,1482,＜魚類＞　メルルーサ　生,5,309,73,81.1,14.6,17.0,0.5,45,0.6,(Tr),,(Tr),2.5,*,(0),-,Tr,-,1.3,140,320,12,38,150,0.2,0.4,0.02,0.01,-,-,-,-,5,-,-,-,(0),5,1,1.3,0,0,0,(0),0.09,0.04,1.0,4.1,0.07,0.8,5,0.32,-,Tr,-,0.4,別名： ヘイク\n切り身\n廃棄部位： 皮,"{""baseName"":""メルルーサ"",""state"":""生"",""notes"":[""魚類""]}",メルルーサ（ヘイク）は良質な白身魚で犬のレシピ素材として適している,9
10,10273,1483,＜魚類＞　やつめうなぎ　生,55,1018,245,61.5,-,15.8,18.8,150,21.8,(0.2),,(0.2),3.2,*,(0),-,0.2,-,0.7,49,150,7,15,180,2.0,1.6,0.15,0.03,-,-,-,-,8200,0,0,0,0,8200,3,3.8,0,0,0,(0),0.25,0.85,3.0,5.6,0.20,4.9,19,1.18,-,2,-,0.1,試料： かわやつめ\n廃棄部位： 頭部、内臓、骨、ひれ等,"{""baseName"":""やつめうなぎ"",""state"":""生"",""notes"":[""魚類""]}",やつめうなぎは魚類の良質なタンパク源だが下処理が必要な点に留意,8
10,10274,1484,＜魚類＞　やつめうなぎ　干しやつめ,20,1880,449,14.3,-,50.3,24.3,480,31.2,(0.5),,(0.5),7.4,*,(0),-,0.5,-,3.7,130,650,16,49,240,32.0,5.9,1.80,0.10,-,-,-,-,1900,0,0,0,0,1900,12.0,2.4,0,0,0,(0),0.33,1.69,7.0,15.0,0.14,55.0,100,5.76,-,(0),-,0.3,試料： かわやつめ\n内臓を含んだもの\n廃棄部位： 頭部、皮等,"{""baseName"":""やつめうなぎ"",""variety"":""干しやつめ"",""notes"":[""魚類""]}",やつめうなぎは魚類で良質なタンパク源。干しでも素材として利用しやすい,9
10,10275,1485,＜魚類＞　やまめ　養殖　生,45,464,110,75.6,(15.1),18.4,3.7,65,4.3,(0.3),,(0.3),4.2,*,(0),-,0.3,-,1.4,50,420,85,28,280,0.5,0.8,0.04,0.01,-,-,-,-,15,-,-,-,Tr,15,8,2.2,0,0,0,(0),0.15,0.16,3.8,(6.9),0.22,6.6,13,1.48,-,3,-,0.1,別名： やまべ\n廃棄部位： 頭部、内臓、骨、ひれ等（三枚下ろし）,"{""baseName"":""やまめ"",""productionMethod"":""養殖"",""state"":""生"",""notes"":[""魚類""]}",やまめ（養殖）は良質な魚たんぱく・脂肪源で犬のレシピ素材として適している。,9
10,10276,1486,＜魚類＞　わかさぎ　生,0,300,71,81.8,11.8,14.4,1.2,210,1.7,(0.1),,(0.1),3.1,*,(0),-,0.1,-,2.0,200,120,450,25,350,0.9,2.0,0.19,0.13,29,22,1,1,99,0,2,-,2,99,2,0.7,0,Tr,0,Tr,0.01,0.14,1.6,4.0,0.17,7.9,21,0.51,4.0,1,-,0.5,,"{""baseName"":""わかさぎ"",""state"":""生"",""notes"":[""魚類""]}",魚類として良いタンパク源だが生では寄生虫リスクがあるため取り扱いに注意。,8
10,10278,1488,＜魚類＞　わかさぎ　あめ煮,0,1276,301,21.0,(21.6),26.3,2.8,400,5.1,-,,-,47.4,*,(0),-,40.4,-,7.2,1600,410,960,66,740,2.1,5.2,0.08,2.29,-,-,-,-,420,0,16,75,53,420,9,3.6,0,0,0,(0),0.28,0.35,3.6,(8.1),0.06,11.0,52,0,-,0,-,4.1,,"{""baseName"":""わかさぎ"",""variety"":""あめ煮"",""notes"":[""魚類""]}",わかさぎのあめ煮は魚類としての栄養価は高いが加工品である点を踏まえ使用に注意が必要。,8
10,10279,1489,＜貝類＞　あかがい　生,75,296,70,80.4,10.6,13.5,0.1,46,0.3,(3.5),,(3.2),6.6,*,(0),-,3.5,-,2.3,300,290,40,55,140,5.0,1.5,0.06,-,-,-,-,-,30,-,-,-,60,35,(0),0.9,0,0,0,1,0.20,0.20,2.5,4.6,0.10,59.0,20,1.02,-,2,-,0.8,廃棄部位： 貝殻及び内臓,"{""baseName"":""あかがい"",""state"":""生"",""notes"":[""貝類""]}",あかがいなどの貝類は良質なたんぱく源だが殻や内臓は除去して調理する必要がある,7
10,10280,1490,＜貝類＞　あげまき　生,35,189,44,87.1,(5.9),8.1,0.3,38,0.6,(2.0),,(1.8),4.5,*,(0),-,2.0,-,2.2,600,120,66,49,120,4.1,1.5,0.40,0.20,-,-,-,-,20,0,85,-,85,27,1,0.8,0,0,0,(0),0.30,0.14,1.3,(2.5),0.04,59.0,11,0.37,-,1,-,1.5,廃棄部位： 貝殻,"{""baseName"":""あげまき"",""state"":""生"",""notes"":[""貝類""]}",あげまき等の貝類はたんぱく源として利用可能（殻は除去）,7
10,10281,1491,＜貝類＞　あさり　生,70,123,29,90.3,4.4,5.7,0.2,33,0.7,(0.4),,(0.3),2.3,*,(0),-,0.4,-,2.7,800,140,66,92,82,2.2,0.9,0.05,0.07,56,35,3,8,2,2,14,Tr,15,4,0.1,0.4,0,0,0,1,0.01,0.16,1.3,2.2,0.03,44.8,11,0.37,21.6,1,-,2,廃棄部位： 貝殻,"{""baseName"":""あさり"",""state"":""生"",""notes"":[""貝類""]}",あさりの身は良質なたんぱく源だが殻は除去する必要がある。,7
10,10466,1491-1,＜貝類＞　あさり　蒸し,60,137,32,89.5,(3.8),4.9,0.3,25,0.8,(0.6),,(0.5),(3.7),*,-,-,0.4,-,2.8,790,130,64,94,79,2.1,0.9,0.05,0.1,59,35,3,8,3,2,20,1,21,5,0.1,0.4,-,-,-,1,0.01,0.15,1.2,2,0.02,45.2,8,0.21,20.9,Tr,-,2,廃棄部位： 貝殻,"{""baseName"":""あさり"",""state"":""蒸し"",""notes"":[""貝類""]}",あさり（蒸し）は加熱済みの貝類でタンパク源として利用可能だが、殻や内臓は除く必要がある。,8
10,10283,1493,＜貝類＞　あさり　缶詰　水煮,0,433,102,73.2,(15.7),20.3,0.9,89,2.2,(1.9),,(1.7),7.8,*,(0),-,1.9,-,2.4,390,9,110,46,260,30.0,3.4,0.29,1.24,-,-,-,-,3,-,-,-,35,6,(0),2.7,0.1,0,0,3,Tr,0.09,0.8,(4.0),0.01,64.0,10,0,-,(0),-,1.0,液汁を除いたもの,"{""baseName"":""あさり"",""state"":""水煮"",""notes"":[""貝類""]}",加熱済みの貝類で良質なタンパク源。缶詰の加工形態に留意,8
10,10427,1495,＜貝類＞　あわび　くろあわび　生,55,324,76,79.5,11.2,14.3,0.3,110,0.8,3.7,,3.3,7.2,*,(0),-,3.6,0.1,1.7,430,160,25,69,82,2.2,-,-,0.01,200,8,6,15,0,0,17,-,17,1,(0),0.3,0,0,0,-,0.15,0.09,0.8,2.6,0.02,0.4,20,2.44,1.2,1,-,1.1,廃棄部位： 貝殻及び内蔵,"{""baseName"":""あわび"",""variety"":""くろあわび"",""state"":""生"",""notes"":[""貝類""]}",生のくろあわびは良質な海産タンパクで、貝殻や内臓を除けば素材として適する,8
10,10428,1496,＜貝類＞　あわび　まだかあわび　生,55,316,74,80.0,(11.5),14.6,0.1,100,0.4,(3.3),,(2.9),6.8,*,(0),-,3.3,-,1.5,330,250,21,58,130,1.8,-,-,0.01,190,8,5,14,0,0,28,-,28,2,(0),1.1,0,0,0,-,0.02,0.10,1.5,(3.4),0.02,0.4,22,2.05,1.1,2,-,0.8,廃棄部位： 貝殻及び内蔵,"{""baseName"":""あわび"",""variety"":""まだかあわび"",""state"":""生"",""notes"":[""貝類""]}",あわびは良質な魚介たんぱく源で犬のレシピ素材として利用可能,8
10,10429,1497,＜貝類＞　あわび　めがいあわび　生,55,315,74,80.1,8.8,12.2,0.1,110,0.3,(6.8),,(6.1),9.4,*,(0),-,6.8,-,1.4,320,230,19,50,110,0.7,-,-,0.01,190,8,5,14,0,0,9,-,9,1,(0),0.3,0,0,0,-,0.16,0.09,1.1,2.5,0.02,0.4,29,1.71,1.1,1,-,0.8,廃棄部位： 貝殻及び内蔵,"{""baseName"":""あわび"",""variety"":""めがいあわび"",""state"":""生"",""notes"":[""貝類""]}",あわびは低脂肪で良質な海産物ですが、殻や内臓は除去して用いる必要があります。,8
10,10286,1498,＜貝類＞　あわび　干し,0,1090,257,27.9,(29.7),38.0,0.6,390,1.6,(23.8),,(21.4),33.0,*,(0),-,23.8,-,8.7,2900,490,39,110,300,2.0,1.6,0.74,0.05,-,-,-,-,0,0,45,2,47,4,(0),1.2,0,0,0,3,0.36,0.11,3.3,(8.2),0.05,2.4,87,0.71,-,Tr,-,7.4,,"{""baseName"":""あわび"",""variety"":""干し"",""notes"":[""貝類""]}",干しあわびは海産の良質なたんぱく源であり、干し加工があっても素材として使用可能,7
10,10288,1500,＜貝類＞　あわび　水煮缶詰,0,359,85,77.2,(15.2),19.4,0.3,140,0.4,(1.0),,(0.9),5.3,*,(0),-,1.0,-,2.0,570,130,20,58,230,1.8,0.6,0.42,0.02,-,-,-,-,Tr,-,-,-,Tr,Tr,(0),1.5,0,0,0,0,0.04,0.04,1.0,(3.5),0.02,0.7,3,0.23,-,(0),-,1.4,液汁を除いたもの,"{""baseName"":""あわび"",""state"":""水煮缶詰"",""notes"":[""貝類""]}",あわび（水煮缶）は良質な魚介のたんぱく源で調理済みのため扱いやすい,8
10,10289,1501,＜貝類＞　いがい　生,60,269,63,82.9,7.5,10.3,0.8,47,1.6,3.1,,2.8,6.6,*,(0),-,3.2,Tr,2.2,540,230,43,73,160,3.5,1.0,0.05,0.86,65,37,5,9,34,-,-,-,Tr,34,(0),1.1,0,0,0,Tr,0.01,0.37,1.4,3.7,0.02,10.0,42,0.63,6.4,5,-,1.4,別名： ムール貝\n廃棄部位： 貝殻、足糸等,"{""baseName"":""いがい"",""state"":""生"",""notes"":[""貝類""]}",ムール貝などの貝類はたんぱく源として使えるが、殻除去やアレルギーに注意,7
10,10290,1502,＜貝類＞　いたやがい　養殖　生,65,231,55,84.9,(7.8),10.8,0.4,33,0.8,(1.5),,(1.4),4.8,*,(0),-,1.5,-,2.0,450,260,48,74,170,2.0,6.1,0.10,4.90,-,-,-,-,5,0,9,-,9,6,(0),0.4,0,0,0,(0),0,0.20,1.4,(2.9),0.07,13.0,14,0.24,-,Tr,-,1.1,別名： しゃくしがい\n廃棄部位： 貝殻,"{""baseName"":""いたやがい"",""productionMethod"":""養殖"",""state"":""生"",""notes"":[""貝類""]}",良質な魚介のタンパク源。貝殻や不純物を取り除き、加熱して安全に使える。,8
10,10291,1503,＜貝類＞　エスカルゴ　水煮缶詰,0,318,75,79.9,(12.0),16.5,0.4,240,1.0,(0.8),,(0.7),6.0,*,(0),-,0.8,-,1.8,260,5,400,37,130,3.9,1.5,3.07,0.38,-,-,-,-,0,-,-,-,-,(0),0,0.6,0,0,0,5,0,0.09,0,(2.3),0,0.6,1,0,-,0,-,0.7,液汁を除いたもの,"{""baseName"":""エスカルゴ"",""state"":""水煮缶詰"",""notes"":[""貝類""]}",エスカルゴ（加熱済み缶詰）は除菌・加熱されておりタンパク源として使用可能である。,8
10,10293,1505,＜貝類＞　かき　養殖　水煮,0,378,90,78.7,7.3,9.9,2.2,60,3.6,7.1,,6.5,10.1,*,(0),-,7.1,0.1,1.7,350,180,59,42,140,2.9,18.0,1.44,0.37,71,62,4,5,42,1,10,0,11,43,0.1,2.9,0,Tr,0,Tr,0.07,0.15,1.6,3.3,0.07,24.0,31,0.41,7.4,3,-,0.9,試料： まがき\nむき身,"{""baseName"":""かき"",""productionMethod"":""養殖"",""state"":""水煮"",""notes"":[""貝類""]}",水煮の養殖かきは加熱済みの貝類で良質なタンパク源。殻を除けば素材として適切。,8
10,10295,1508,＜貝類＞　さざえ　生,85,353,83,78.0,14.2,19.4,0.1,140,0.4,(0.8),,(0.7),6.3,*,(0),-,0.8,-,1.4,240,250,22,54,140,0.8,2.2,0.39,0.02,97,19,6,5,Tr,44,340,11,360,31,(0),2.3,0,0,0,3,0.04,0.09,1.7,4.1,0.05,1.3,16,0.24,1.9,1,-,0.6,廃棄部位： 貝殻及び内臓,"{""baseName"":""さざえ"",""state"":""生"",""notes"":[""貝類""]}",貝の身は蛋白源になるが殻や内臓は除去し加熱して使うのが安全,7
10,10296,1509,＜貝類＞　さざえ　焼き,85,387,91,75.6,(15.6),21.3,0.1,170,0.4,(0.9),,(0.8),6.9,*,(0),-,0.9,-,1.8,280,220,29,67,120,0.9,2.5,0.73,0.03,-,-,-,-,Tr,64,490,16,530,44,(0),2.8,0,0,0,2,0.04,0.10,1.5,(4.1),0.06,1.1,22,0.30,-,1,-,0.7,廃棄部位： 貝殻及び内臓,"{""baseName"":""さざえ"",""state"":""焼き"",""notes"":[""貝類""]}",さざえは加熱済みの貝類で良い動物性タンパク源。殻と内臓は除去前提。,8
10,10297,1511,＜貝類＞　しじみ　生,75,230,54,86.0,5.8,7.5,0.6,62,1.4,(4.5),,(4.1),6.4,*,(0),-,4.5,-,1.2,180,83,240,10,120,8.3,2.3,0.41,2.78,-,-,-,-,25,13,97,1,100,33,0.2,1.7,0,0,0,2,0.02,0.44,1.5,3.1,0.10,68.0,26,0.53,-,2,-,0.4,廃棄部位： 貝殻,"{""baseName"":""しじみ"",""state"":""生"",""notes"":[""貝類""]}",生しじみは貝類のたんぱく源として利用可能。殻は除去して使う,7
10,10413,1512,＜貝類＞　しじみ　水煮,80,403,95,76.0,12.3,15.4,1.2,130,2.7,(5.5),,(5.0),8.7,*,(0),-,5.5,-,1.8,100,66,250,11,200,15.0,4.0,0.61,7.30,-,-,-,-,57,29,220,1,230,76,0.6,3.9,0,0,0,5,0.02,0.57,1.5,5.0,0.04,82.0,37,0.35,-,1,-,0.3,廃棄部位： 貝殻,"{""baseName"":""しじみ"",""state"":""水煮"",""notes"":[""貝類""]}",水煮のしじみは加熱済みの水産物で良質なタンパク源・ミネラル源として適する。,8
10,10298,1513,＜貝類＞　たいらがい　貝柱　生,0,401,94,75.2,(15.8),21.8,0.1,23,0.2,(1.5),,(1.4),7.6,*,(0),-,1.5,-,1.3,260,260,16,36,150,0.6,4.3,0.01,0.03,-,-,-,-,Tr,-,-,-,Tr,Tr,(0),0.8,0,0,0,(0),0.01,0.09,1.5,(4.6),0.06,-,25,0.51,-,2,-,0.7,別名： たいらぎ（標準和名）,"{""baseName"":""たいらがい"",""part"":""貝柱"",""state"":""生"",""notes"":[""貝類""]}",たいらがい貝柱は良質な魚介たんぱく源で、適切に調理すれば利用可能。,8
10,10299,1514,＜貝類＞　たにし　生,30,308,73,78.8,(9.4),13.0,0.3,72,1.1,(3.6),,(3.2),7.9,*,(0),-,3.6,-,3.5,23,70,1300,77,140,19.0,6.2,1.90,2.10,-,-,-,-,15,-,-,-,960,95,(0),0.5,0,0,0,1,0.11,0.32,2.0,(3.8),0.05,18.0,28,0.52,-,Tr,-,0.1,試料： まるたにし、ひめたにし\n廃棄部位： 貝殻,"{""baseName"":""たにし"",""state"":""生"",""notes"":[""貝類""]}",良質な動物性タンパク源。加熱してから使うと安全性が高まる,7
10,10300,1515,＜貝類＞　つぶ　生,0,347,82,78.2,13.6,17.8,0.1,110,0.2,(2.3),,(2.1),6.6,*,(0),-,2.3,-,1.5,380,160,60,92,120,1.3,1.2,0.06,0.04,-,-,-,-,0,-,-,-,19,2,(0),1.8,0,0,0,(0),Tr,0.12,0.9,3.4,0.11,6.5,15,0.59,-,Tr,-,1.0,別名： ばい\n試料： えぞぼら、ひめえぞぼら、えぞばい\nむき身\n（貝全体の場合、廃棄率： 70 %、廃棄部位： 貝殻及び内臓）,"{""baseName"":""つぶ"",""state"":""生"",""notes"":[""貝類""]}",生のつぶ（貝）は蛋白源として有用だが生食は病原性やアレルギーのリスクがあるため加熱が望ましい。,7
10,10301,1516,＜貝類＞　とこぶし　生,60,332,78,78.9,(11.6),16.0,0.1,150,0.4,(3.0),,(2.7),7.7,*,(0),-,3.0,-,1.7,260,250,24,55,160,1.8,1.4,0.30,0.06,-,-,-,-,0,7,54,0,58,5,(0),1.3,0,0,0,(0),0.15,0.14,1.7,(4.0),0.07,3.2,24,1.57,-,1,-,0.7,廃棄部位： 貝殻及び内臓,"{""baseName"":""とこぶし"",""state"":""生"",""notes"":[""貝類""]}",とこぶしは貝類の良質なたんぱく源だが殻や内臓の除去と加熱に注意が必要,7
10,10303,1517,＜貝類＞　とりがい　斧足　生,0,343,81,78.6,10.1,12.9,0.1,22,0.3,(6.9),,(6.2),9.9,*,(0),-,6.9,-,1.3,100,150,19,43,120,2.9,1.6,0.05,0.11,-,-,-,-,Tr,-,-,-,Tr,Tr,(0),1.2,0,0,0,(0),0.16,0.06,1.7,3.7,0.04,10.0,18,1.10,-,1,-,0.3,,"{""baseName"":""とりがい"",""variety"":""斧足"",""state"":""生"",""notes"":[""貝類""]}",貝類は良質なたんぱく源だが加熱と殻・内臓の除去が必要,7
10,10304,1518,＜貝類＞　ばい　生,55,345,81,78.5,(11.8),16.3,0.3,110,0.6,(3.1),,(2.8),7.9,*,(0),-,3.1,-,1.5,220,320,44,84,160,0.7,1.3,0.09,0.04,-,-,-,-,0,-,-,-,10,1,(0),2.2,0,0,0,0,0.03,0.14,1.3,(3.6),0.11,4.3,14,1.02,-,2,-,0.6,別名： つぶ\n試料： ちじみえぞぼら、おおえっちゅうばい等\n廃棄部位： 貝殻及び内臓,"{""baseName"":""ばい"",""state"":""生"",""notes"":[""貝類""]}",ばい（生の巻貝）は殻・内臓の除去と加熱が前提であれば素材として使えるが、生は注意が必要。,7
10,10306,1520,＜貝類＞　（はまぐり類）　はまぐり　生,60,149,35,88.8,4.5,6.1,0.3,25,0.6,(1.8),,(1.6),3.7,*,(0),-,1.8,-,2.8,780,160,130,81,96,2.1,1.7,0.10,0.14,-,-,-,-,7,0,25,-,25,9,(0),0.6,0,0,0,Tr,0.08,0.16,1.1,2.1,0.08,28.0,20,0.37,-,1,-,2.0,廃棄部位： 貝殻,"{""baseName"":""はまぐり"",""state"":""生"",""notes"":[""貝類"",""はまぐり類""]}",生のはまぐりは加熱すれば安全な貝類のたんぱく源だが、生は衛生リスクがあるためやや控えめ。,7
10,10307,1521,＜貝類＞　（はまぐり類）　はまぐり　水煮,75,337,79,78.6,(10.9),14.9,0.6,79,1.5,(2.9),,(2.6),7.6,*,(0),-,2.9,-,2.3,490,180,130,69,190,3.9,2.5,0.23,0.30,-,-,-,-,12,0,50,-,50,16,(0),2.8,0,0,0,1,0.15,0.27,1.6,(4.1),0.05,20.0,23,0.45,-,1,-,1.2,廃棄部位： 貝殻,"{""baseName"":""はまぐり"",""state"":""水煮"",""notes"":[""貝類"",""はまぐり類""]}",加熱された貝類でたんぱく源として利用可能（殻は除去）,8
10,10308,1522,＜貝類＞　（はまぐり類）　はまぐり　焼き,70,299,70,79.8,(9.7),13.3,0.4,65,1.0,(2.8),,(2.5),7.0,*,(0),-,2.8,-,3.1,770,230,140,87,140,3.3,2.4,0.20,0.30,-,-,-,-,12,0,48,-,48,16,(0),2.3,0,0,0,Tr,0.13,0.29,1.9,(4.1),0.12,33.0,27,0.57,-,2,-,2.0,液汁を含んだもの\n廃棄部位： 貝殻,"{""baseName"":""はまぐり"",""state"":""焼き"",""notes"":[""貝類"",""はまぐり類""]}",焼きはまぐりは貝類としてたんぱく源になり得るが、殻を除去して使用する必要がある。,8
10,10311,1525,＜貝類＞　ほたてがい　生,50,279,66,82.3,10.0,13.5,0.4,33,0.9,(1.5),,(1.4),5.5,*,(0),-,1.5,-,1.8,320,310,22,59,210,2.2,2.7,0.13,0.12,-,-,-,-,10,1,150,0,150,23,(0),0.9,0,0,0,1,0.05,0.29,1.7,3.4,0.07,11.0,87,0.66,-,3,-,0.8,廃棄部位： 貝殻,"{""baseName"":""ほたてがい"",""state"":""生"",""notes"":[""貝類""]}",ホタテは良質な魚介タンパクで犬のレシピ素材として適している。,9
10,10312,1526,＜貝類＞　ほたてがい　水煮,60,379,89,76.8,(13.0),17.6,0.8,52,1.9,(1.9),,(1.7),7.6,*,(0),-,1.9,-,1.8,250,330,24,57,250,2.8,3.1,0.17,0.12,-,-,-,-,15,2,230,0,230,34,(0),1.7,0,0,0,2,0.04,0.29,1.9,(4.1),0.06,18.0,83,0.64,-,2,-,0.6,廃棄部位： 貝殻,"{""baseName"":""ほたてがい"",""state"":""水煮"",""notes"":[""貝類""]}",加熱済みのほたては良質なタンパク源で犬の素材として適している。,9
10,10313,1527,＜貝類＞　ほたてがい　貝柱　生,0,347,82,78.4,12.3,16.9,0.1,35,0.3,(3.5),,(3.1),7.9,*,(0),-,3.5,-,1.3,120,380,7,41,230,0.2,1.5,0.03,0.02,2,18,3,1,1,0,0,0,0,1,0,0.8,0,0,0,0,0.01,0.06,1.9,4.1,0.11,1.7,61,0.28,1.7,2,-,0.3,,"{""baseName"":""ほたてがい"",""part"":""貝柱"",""state"":""生"",""notes"":[""貝類""]}",ほたて貝柱は良質な魚介類タンパクで犬のレシピ素材として適している,9
10,10414,1528,＜貝類＞　ほたてがい　貝柱　焼き,0,521,123,67.8,18.0,23.8,0.1,52,0.3,(4.6),,(4.2),12.4,*,(0),-,4.6,-,1.7,150,480,13,56,320,0.3,2.2,0.04,0.03,-,-,-,-,1,0,0,0,0,1,0,1.1,0,0,0,Tr,0.01,0.08,2.7,5.9,0.14,2.1,41,0.34,-,1,-,0.4,,"{""baseName"":""ほたてがい"",""part"":""貝柱"",""state"":""焼き"",""notes"":[""貝類""]}",焼きほたて貝柱は良質な低脂肪タンパク源で犬のレシピに適している。,9
10,10314,1529,＜貝類＞　ほたてがい　貝柱　煮干し,0,1279,301,17.1,(49.9),65.7,0.5,150,1.4,(7.6),,(6.8),24.3,*,(0),-,7.6,-,8.2,2500,810,34,120,610,1.2,6.1,0.08,0.10,-,-,-,-,Tr,-,-,-,Tr,Tr,(0),2.5,0,0,0,(0),0.12,0.30,4.6,(14.0),0.12,5.2,22,0.75,-,(0),-,6.4,,"{""baseName"":""ほたてがい"",""part"":""貝柱"",""state"":""煮干し"",""notes"":[""貝類""]}",ほたて貝柱の煮干しは良質な魚介由来のタンパク源で犬の素材として適切。,9
10,10315,1530,＜貝類＞　ほたてがい　貝柱　水煮缶詰,0,371,87,76.4,(14.8),19.5,0.2,62,0.6,(1.5),,(1.4),6.6,*,(0),-,1.5,-,2.0,390,250,50,37,170,0.7,2.7,0.03,0.07,-,-,-,-,Tr,-,-,-,Tr,Tr,(0),1.1,0,0,0,(0),Tr,0.05,1.0,(3.7),0.09,2.6,7,0,-,(0),-,1.0,液汁を除いたもの,"{""baseName"":""ほたてがい"",""part"":""貝柱"",""state"":""水煮缶詰"",""notes"":[""貝類""]}",ほたて貝柱は低脂肪で良質なたんぱく源だが、甲殻類や貝類アレルギーの個体には注意が必要。,8
10,10316,1531,＜貝類＞　ほっきがい　生,65,278,66,82.1,(8.1),11.1,0.3,51,1.1,(3.8),,(3.4),7.6,*,(0),-,3.8,-,1.9,250,260,62,75,160,4.4,1.8,0.15,0.11,-,-,-,-,6,-,-,-,10,7,(0),1.4,0,0,0,(0),0.01,0.16,1.9,(3.5),0.12,48.0,45,0.20,-,2,-,0.6,別名： うばがい（標準和名）\n廃棄部位： 貝殻,"{""baseName"":""ほっきがい"",""state"":""生"",""notes"":[""貝類""]}",ほっきがい（貝類）は魚介由来のタンパク源として利用可能だがアレルギーや貝の鮮度に注意が必要である。,8
10,10317,1532,＜貝類＞　みるがい　水管　生,80,325,77,78.9,(13.3),18.3,0.1,36,0.4,(0.3),,(0.3),5.6,*,(0),-,0.3,-,2.1,330,420,55,75,160,3.3,1.0,0.04,0.16,-,-,-,-,Tr,-,-,-,Tr,Tr,(0),0.6,0,0,0,(0),Tr,0.14,2.0,(4.6),0.05,9.1,13,0.64,-,1,-,0.8,別名： みるくい（標準和名）\n廃棄部位： 貝殻及び内臓,"{""baseName"":""みるがい"",""variety"":""水管"",""state"":""生"",""notes"":[""貝類""]}",貝類はタンパク源として利用可能だが、アレルギーや生食によるリスクに注意して加熱・処理が必要,7
10,10319,1533,＜えび・かに類＞　（えび類）　あまえび　生,65,358,85,78.2,15.2,19.8,0.7,130,1.5,(0.1),,(0.1),4.2,*,(0),-,0.1,-,1.6,300,310,50,42,240,0.1,1.0,0.44,0.02,18,33,Tr,1,3,0,0,0,0,3,(0),3.4,0,0,0,(0),0.02,0.03,1.1,4.4,0.04,2.4,25,0.21,2.1,Tr,-,0.8,別名： ほっこくあかえび（標準和名）\n廃棄部位： 頭部、殻、内臓、尾部等,"{""baseName"":""あまえび"",""state"":""生"",""notes"":[""えび・かに類"",""えび類""]}",あまえび（生）は良質なたんぱく源だが殻や内臓の除去と鮮度管理が必要,8
10,10467,1533-1,＜えび・かに類＞　（えび類）　アルゼンチンあかえび　生,60,312,73,80.1,13.9,19.1,0.4,160,0.7,(Tr),,(Tr),3.7,*,-,-,Tr,-,2,330,390,41,47,300,0.3,1.3,0.37,0.03,26,66,1,2,0,Tr,4,0,5,Tr,-,1.4,0,0,0,-,0.04,0.04,2,4.6,0.05,3.3,61,0.76,3.4,1,-,0.8,廃棄部位： 頭部、殻、内臓、尾部等,"{""baseName"":""アルゼンチンあかえび"",""state"":""生"",""notes"":[""えび・かに類"",""えび類""]}",アルゼンチンあかえびは良質な魚介のタンパク源だが殻除去や調理が前提,8
10,10468,1533-2,＜えび・かに類＞　（えび類）　アルゼンチンあかえび　ゆで,60,403,95,75.4,17.1,22.5,0.9,210,1.8,(Tr),,(Tr),4.7,*,-,-,Tr,-,1.9,310,350,56,55,300,0.7,1.8,0.58,0.05,44,79,1,4,0,1,9,-,10,1,-,2.1,-,0,-,-,0.04,0.06,1.8,5.4,0.05,5.4,39,0.55,4.7,Tr,-,0.8,廃棄部位： 頭部、殻、内臓、尾部等,"{""baseName"":""アルゼンチンあかえび"",""state"":""ゆで"",""notes"":[""えび・かに類"",""えび類""]}",アルゼンチンあかえび（ゆで）は加熱済みの甲殻類で良質なタンパク源だが殻の除去が必要。,8
10,10469,1533-3,＜えび・かに類＞　（えび類）　アルゼンチンあかえび　焼き,60,346,82,78.3,15.7,21,0.6,170,1.4,(0.1),,(0.1),3.3,*,-,-,0.1,-,2.1,360,400,47,49,300,0.7,1.5,0.63,0.03,49,79,1,4,0,1,7,-,7,1,-,1.6,-,-,-,-,0.03,0.06,2,5.1,0.06,5,35,0.62,3.9,1,-,0.9,廃棄部位： 頭部、殻、内臓、尾部等,"{""baseName"":""アルゼンチンあかえび"",""state"":""焼き"",""notes"":[""えび・かに類"",""えび類""]}",加熱されたえび類は良質なたんぱく源で適した素材（殻や内臓は除去された状態）。,9
10,10320,1534,＜えび・かに類＞　（えび類）　いせえび　生,70,365,86,76.6,17.4,20.9,0.1,93,0.4,(Tr),,(Tr),3.7,*,(0),-,Tr,-,2.1,350,400,37,39,330,0.1,1.8,0.65,0.02,-,-,-,-,0,0,0,0,0,0,(0),3.8,0,0,0,(0),0.01,0.03,2.1,5.2,0.14,0.3,15,0.41,-,1,-,0.9,廃棄部位： 頭部、殻、内臓、尾部等,"{""baseName"":""いせえび"",""state"":""生"",""notes"":[""えび・かに類"",""えび類""]}",良質な動物性タンパク源。殻や内臓は除去し、加熱して使用する。,9
10,10321,1535,＜えび・かに類＞　（えび類）　くるまえび　養殖　生,55,383,90,76.1,18.2,21.6,0.3,170,0.6,(Tr),,(Tr),3.7,*,(0),-,Tr,-,1.7,170,430,41,46,310,0.7,1.4,0.42,0.02,4,35,0,1,0,0,49,0,49,4,(0),1.6,0,0,0,(0),0.11,0.06,3.8,7.0,0.12,1.9,23,1.11,2.6,Tr,-,0.4,廃棄部位： 頭部、殻、内臓、尾部等,"{""baseName"":""くるまえび"",""productionMethod"":""養殖"",""state"":""生"",""notes"":[""えび・かに類"",""えび類""]}",養殖くるまえびは良質なたんぱく源だが殻や内臓は除去する必要がある。,9
10,10322,1536,＜えび・かに類＞　（えび類）　くるまえび　養殖　ゆで,55,492,116,69.3,(23.8),28.2,0.2,240,0.5,(Tr),,(Tr),4.7,*,(0),-,Tr,-,2.0,200,500,61,57,390,1.0,1.8,0.62,0.03,-,-,-,-,0,0,56,0,56,5,(0),2.3,0,0,0,(0),0.09,0.05,4.5,(8.6),0.08,2.0,17,1.07,-,Tr,-,0.5,廃棄部位： 頭部、殻、内臓、尾部等,"{""baseName"":""くるまえび"",""productionMethod"":""養殖"",""state"":""ゆで"",""notes"":[""えび・かに類"",""えび類""]}",加熱済みのえびは良質なたんぱく源、殻は除去して使用する前提,9
10,10323,1537,＜えび・かに類＞　（えび類）　くるまえび　養殖　焼き,55,410,97,74.4,(19.9),23.5,0.2,200,0.4,(Tr),,(Tr),3.9,*,(0),-,Tr,-,1.7,180,400,55,49,330,1.4,1.6,0.58,0.02,-,-,-,-,0,0,53,0,53,4,(0),2.7,0,0,0,(0),0.11,0.05,3.6,(7.0),0.08,2.3,15,1.06,-,1,-,0.5,廃棄部位： 頭部、殻、内臓、尾部等,"{""baseName"":""くるまえび"",""productionMethod"":""養殖"",""state"":""焼き"",""notes"":[""えび・かに類"",""えび類""]}",養殖くるまえび焼きは加熱された良質なタンパク源。殻や尾は除去して使うとよい。,8
10,10431,1538,＜えび・かに類＞　（えび類）　さくらえび　生,0,331,78,78.9,12.0,16.6,1.2,200,2.0,(0.1),,(0.1),4.9,*,-,-,0.1,-,3.1,270,310,630,69,330,0.3,1.3,0.90,0.05,110,64,1,3,1,Tr,6,0,6,2,0.1,2.3,0,Tr,0,0,0.10,0.08,2.3,5.1,0.10,4.5,94,0.29,5.2,1,-,0.7,殻付き,"{""baseName"":""さくらえび"",""state"":""生"",""notes"":[""えび・かに類"",""えび類""]}",さくらえび（生・殻付き）は動物性タンパク源だが殻の有無に注意して利用する,8
10,10324,1539,＜えび・かに類＞　（えび類）　さくらえび　ゆで,0,349,82,75.6,(13.2),18.2,0.7,230,1.5,(Tr),,(Tr),5.8,*,-,-,Tr,-,4.7,830,250,690,92,360,0.5,1.4,2.05,0.09,-,-,-,-,6,0,3,0,3,7,(0),2.8,0,0,0,0,0.10,0.08,1.1,(4.2),0.09,4.3,41,0.37,-,0,-,2.1,殻つき,"{""baseName"":""さくらえび"",""state"":""ゆで"",""notes"":[""えび・かに類"",""えび類""]}",さくらえびは良質なたんぱく源だが甲殻類アレルギーがある犬がいる点に注意,8
10,10326,1541,＜えび・かに類＞　（えび類）　さくらえび　煮干し,0,1071,252,23.2,(42.8),59.1,1.1,700,2.5,(0.1),,(0.1),17.8,*,-,-,0.1,-,15.1,3400,680,1500,260,860,3.0,4.1,2.61,0.20,-,-,-,-,Tr,-,-,-,(0),(Tr),(0),(3.4),0,(0.1),0,(0),0.16,0.11,3.5,(14.0),0.05,3.5,82,0.51,-,0,-,8.6,殻つき,"{""baseName"":""さくらえび"",""state"":""煮干し"",""notes"":[""えび・かに類"",""えび類""]}",桜えびは魚介類で風味付けやたんぱく源に使える（殻の取り扱いに注意）,8
10,10327,1542,＜えび・かに類＞　（えび類）　大正えび　生,55,379,89,76.3,(17.9),21.7,0.1,160,0.3,(0.1),,(0.1),4.1,*,(0),-,0.1,-,1.6,200,360,34,45,300,0.1,1.4,0.61,0.02,-,-,-,-,6,0,4,0,4,6,(0),1.8,0,0,0,(0),0.03,0.04,2.4,(5.8),0.07,2.1,45,0.61,-,1,-,0.5,別名： こうらいえび（標準和名）\n廃棄部位： 頭部、殻、内臓、尾部等,"{""baseName"":""大正えび"",""state"":""生"",""notes"":[""えび・かに類"",""えび類""]}",大正えびは良質なたんぱくだが殻や内臓の除去と加熱が前提で利用する。,7
10,10328,1543,＜えび・かに類＞　（えび類）　しばえび　生,50,330,78,79.3,15.7,18.7,0.2,170,0.4,(0.1),,(0.1),3.3,*,(0),-,0.1,-,1.5,250,260,56,30,270,1.0,1.0,0.35,0.11,-,-,-,-,3,0,20,0,20,4,(0),1.7,0,0,0,(0),0.02,0.06,2.2,5.5,0.10,1.1,57,0.38,-,2,-,0.6,廃棄部位： 頭部、殻、内臓、尾部等,"{""baseName"":""しばえび"",""state"":""生"",""notes"":[""えび・かに類"",""えび類""]}",生のえびは良いタンパク源だがアレルギーや殻・内臓の除去に注意,7
10,10415,1544,＜えび・かに類＞　（えび類）　バナメイえび　養殖　生,20,348,82,78.6,16.5,19.6,0.3,160,0.6,(0.7),,(0.6),3.3,*,(0),-,0.7,-,1.3,140,270,68,37,220,1.4,1.2,0.33,0.10,10,27,2,-,0,(0),(0),(0),(0),0,0,1.7,0,0.3,0,(0),0.03,0.04,3.6,6.8,0.14,1.2,38,0.23,1.9,1,-,0.3,廃棄部位： 殻及び尾部,"{""baseName"":""バナメイえび"",""productionMethod"":""養殖"",""state"":""生"",""notes"":[""えび・かに類"",""えび類""]}",低脂肪の良質なたんぱく源で犬に適した魚介類（殻は除く）である,9
10,10329,1546,＜えび・かに類＞　（えび類）　ブラックタイガー　養殖　生,15,326,77,79.9,(15.2),18.4,0.1,150,0.3,(0.3),,(0.3),3.7,*,(0),-,0.3,-,1.1,150,230,67,36,210,0.2,1.4,0.39,0.02,4,26,2,1,1,0,0,-,0,1,(0),1.4,0,0.1,0,(0),0.07,0.03,2.6,(5.5),0.07,0.9,15,0.59,1.9,Tr,-,0.4,別名： うしえび（標準和名）\n無頭、殻つき\n廃棄部位： 殻及び尾部,"{""baseName"":""ブラックタイガー"",""productionMethod"":""養殖"",""state"":""生"",""notes"":[""えび・かに類"",""えび類""]}",エビ類は良質なタンパク源だが殻は除去してから使用するべき,9
10,10330,1547,＜えび・かに類＞　（えび類）　加工品　干しえび,0,903,213,24.2,(40.0),48.6,1.2,510,2.8,(0.3),,(0.3),10.4,*,-,75,0.3,-,24.1,1500,740,7100,520,990,15.0,3.9,5.17,3.93,-,-,-,-,14,0,5,0,5,14,(0),2.5,0,0,0,(0),0.10,0.19,4.3,(12.0),0.19,11.0,46,0.72,-,0,-,3.8,試料（原材料）： さるえび,"{""baseName"":""加工品"",""variety"":""干しえび"",""notes"":[""えび・かに類"",""えび類""]}",干しえびは甲殻類のたんぱく源として使えるが、アレルギーや殻の除去に注意,7
10,10332,1549,＜えび・かに類＞　（かに類）　がざみ　生,65,258,61,83.1,(10.8),14.4,0.1,79,0.3,(0.3),,(0.3),4.1,*,(0),-,0.3,-,1.9,360,300,110,60,200,0.3,3.7,1.10,0.06,-,-,-,-,0,0,7,0,7,1,(0),1.8,0,0,0,(0),0.02,0.15,4.2,(6.3),0.18,4.7,22,0.78,-,Tr,-,0.9,別名： わたりがに\n廃棄部位： 殻、内臓等,"{""baseName"":""がざみ"",""state"":""生"",""notes"":[""えび・かに類"",""かに類""]}",がざみ（わたりがに）は良質なたんぱく源だが殻や内臓を適切に除去して使うべき。,8
10,10333,1550,＜えび・かに類＞　（かに類）　毛がに　生,70,286,67,81.9,12.1,15.8,0.3,47,0.5,(0.2),,(0.2),4.1,*,(0),-,0.2,-,1.6,220,340,61,38,260,0.5,3.3,0.47,0.03,-,-,-,-,Tr,-,-,-,(0),(Tr),(0),2.2,0,0,0,(0),0.07,0.23,2.3,4.5,0.16,1.9,13,0.41,-,Tr,-,0.6,廃棄部位： 殻、内臓等,"{""baseName"":""毛がに"",""state"":""生"",""notes"":[""えび・かに類"",""かに類""]}",毛がにの身は良質な動物性たんぱくで利用可能（殻・内臓は除去）。,8
10,10334,1551,＜えび・かに類＞　（かに類）　毛がに　ゆで,60,330,78,79.2,(13.8),18.4,0.3,53,0.5,(0.2),,(0.2),5.1,*,(0),-,0.2,-,1.7,240,280,66,39,200,0.6,3.8,0.46,0.02,-,-,-,-,Tr,-,-,-,(0),(Tr),(0),3.7,0,0,0,(0),0.07,0.23,2.4,(5.1),0.13,2.5,10,0.40,-,Tr,-,0.6,殻つきでゆでたもの\n廃棄部位： 殻、内臓等,"{""baseName"":""毛がに"",""state"":""ゆで"",""notes"":[""えび・かに類"",""かに類""]}",ゆで毛がには良質なたんぱく源。殻は除去して与える必要がある,8
10,10335,1552,＜えび・かに類＞　（かに類）　ずわいがに　生,70,249,59,84.0,10.6,13.9,0.2,44,0.4,(0.1),,(0.1),3.6,*,(0),-,0.1,-,1.6,310,310,90,42,170,0.5,2.6,0.35,0.02,58,97,1,2,Tr,-,-,-,(0),(Tr),(0),2.1,0,0,0,(0),0.24,0.60,8.0,10.0,0.13,4.3,15,0.48,3.0,Tr,-,0.8,別名： まつばがに\n廃棄部位： 殻、内臓等,"{""baseName"":""ずわいがに"",""state"":""生"",""notes"":[""えび・かに類"",""かに類""]}",ずわいがには甲殻類の良質なタンパク源（殻や内臓は除去前提）,8
10,10336,1553,＜えび・かに類＞　（かに類）　ずわいがに　ゆで,55,274,65,82.5,(11.2),15.0,0.3,61,0.6,(0.1),,(0.1),4.1,*,(0),-,0.1,-,1.8,240,240,120,55,150,0.7,3.1,0.56,0.02,-,-,-,-,Tr,-,-,-,(0),(Tr),(0),2.6,0,0,0,(0),0.21,0.57,6.1,(8.3),0.11,7.2,9,0.54,-,Tr,-,0.6,別名： まつばがに\n殻つきでゆでたもの\n廃棄部位： 殻、内臓等,"{""baseName"":""ずわいがに"",""state"":""ゆで"",""notes"":[""えび・かに類"",""かに類""]}",加熱済みの蟹肉はタンパク源として利用できるが殻の除去とアレルギーに注意,8
10,10337,1554,＜えび・かに類＞　（かに類）　ずわいがに　水煮缶詰,0,291,69,81.1,(12.2),16.3,0.2,70,0.4,(0.2),,(0.2),4.5,*,(0),-,0.2,-,2.0,670,21,68,29,120,0.5,4.7,0.35,0.10,-,-,-,-,0,-,-,-,(0),(0),(0),2.0,0,0,0,(0),0,0.03,0.1,(2.5),Tr,0.2,1,0,-,0,-,1.7,別名： まつばがに\n液汁を除いたもの,"{""baseName"":""ずわいがに"",""state"":""水煮缶詰"",""notes"":[""えび・かに類"",""かに類""]}",水煮のズワイガニ缶は魚介たんぱくだが塩分や殻片に注意が必要,8
10,10338,1555,＜えび・かに類＞　（かに類）　たらばがに　生,70,239,56,84.7,10.1,13.0,0.5,34,0.9,(0.2),,(0.2),2.9,*,(0),-,0.2,-,1.8,340,280,51,41,220,0.3,3.2,0.43,0.03,43,25,1,1,0,0,7,0,7,1,(0),1.9,0,0,0,(0),0.05,0.07,2.1,4.3,0.14,5.8,21,0.65,4.9,1,-,0.9,廃棄部位： 殻、内臓等,"{""baseName"":""たらばがに"",""state"":""生"",""notes"":[""えび・かに類"",""かに類""]}",蟹は良質な甲殻類タンパク。殻や内臓を除いて使用すれば適切,9
10,10339,1556,＜えび・かに類＞　（かに類）　たらばがに　ゆで,60,328,77,80.0,14.3,17.5,0.8,53,1.5,(0.3),,(0.3),3.2,*,(0),-,0.3,-,1.7,310,230,48,51,190,0.2,4.2,0.41,0.04,62,35,1,2,0,0,8,0,8,1,(0),3.0,0,0,0,(0),0.07,0.06,1.8,5.1,0.13,9.9,15,0.48,5.4,Tr,-,0.8,廃棄部位： 殻、内臓等\n殻つきでゆでたもの,"{""baseName"":""たらばがに"",""state"":""ゆで"",""notes"":[""えび・かに類"",""かに類""]}",茹でたたらばがには良質な魚介類だが殻や硬い部位は除去し骨片に注意する必要がある。,8
10,10340,1557,＜えび・かに類＞　（かに類）　たらばがに　水煮缶詰,0,360,85,77.0,(15.4),20.6,0.1,60,0.3,(0.1),,(0.1),5.5,*,(0),-,0.1,-,2.0,580,90,52,34,220,0.2,6.3,0.58,0.06,-,-,-,-,Tr,-,-,-,(0),(Tr),(0),2.9,0,0,0,(0),0.02,0.10,0.2,(3.3),0.04,6.1,4,0.26,-,(0),-,1.5,液汁を除いたもの,"{""baseName"":""たらばがに"",""state"":""水煮缶詰"",""notes"":[""えび・かに類"",""かに類""]}",たらばがにの缶詰は良質な魚介たんぱくで使用可能（殻や液汁を除く前提）。,8
10,10342,1559,＜いか・たこ類＞　（いか類）　あかいか　生,25,343,81,79.3,13.4,17.9,0.8,280,1.5,(Tr),,(Tr),5.1,*,(0),-,Tr,-,1.4,200,330,12,46,280,0.1,1.2,0.21,0.02,5,28,1,1,4,0,0,0,0,4,(0),2.2,0,0,0,(0),0.01,0.02,2.1,4.7,0.10,2.3,2,0.31,4.0,1,-,0.5,別名： ばかいか、むらさきいか\n廃棄部位： 内臓等,"{""baseName"":""あかいか"",""state"":""生"",""notes"":[""いか・たこ類"",""いか類""]}",生のあかいかは良質なたんぱく源だが、生食由来のリスクに留意して調理すれば素材として適する。,7
10,10343,1560,＜いか・たこ類＞　（いか類）　けんさきいか　生,20,325,77,80.0,(12.7),17.5,0.4,350,1.0,(0.1),,(0.1),5.5,*,(0),-,0.1,-,1.4,210,330,12,46,260,0.1,1.3,0.16,0.02,-,-,-,-,7,0,0,0,0,7,(0),1.6,0,0,0,(0),0.01,0.02,2.5,(5.0),0.11,2.5,4,0.28,-,2,-,0.5,廃棄部位： 内臓等,"{""baseName"":""けんさきいか"",""state"":""生"",""notes"":[""いか・たこ類"",""いか類""]}",けんさきいかはたんぱく質源として利用可能だが、生の魚介は消化性やアレルギーに注意,8
10,10344,1561,＜いか・たこ類＞　（いか類）　こういか　生,35,272,64,83.4,10.6,14.9,0.6,210,1.3,(0.1),,(0.1),4.1,*,(0),-,0.1,-,1.3,280,220,17,48,170,0.1,1.5,0.45,0.02,4,23,0,0,5,Tr,Tr,-,Tr,5,(0),2.2,Tr,Tr,Tr,(0),0.03,0.05,1.3,3.3,0.06,1.4,3,0.52,1.6,1,-,0.7,別名： すみいか\n廃棄部位： 内臓等,"{""baseName"":""こういか"",""state"":""生"",""notes"":[""いか・たこ類"",""いか類""]}",いか類は良質なたんぱく源だが加熱と内臓除去が必要,7
10,10345,1562,＜いか・たこ類＞　（いか類）　するめいか　生,30,321,76,80.2,(13.4),17.9,0.3,250,0.8,(0.1),,(0.1),4.7,*,(0),-,0.1,-,1.3,210,300,11,46,250,0.1,1.5,0.29,Tr,7,41,Tr,1,13,0,0,0,0,13,0.3,2.1,0,Tr,0,-,0.07,0.05,4.0,(6.5),0.21,4.9,5,0.34,4.9,1,-,0.5,廃棄部位： 内臓等\n胴 55.9 %、足・耳 44.1 %,"{""baseName"":""するめいか"",""state"":""生"",""notes"":[""いか・たこ類"",""いか類""]}",するめいか（生）は良質な魚介類だが生のままは処理や加熱が望ましいためやや減点,8
10,10346,1563,＜いか・たこ類＞　（いか類）　するめいか　水煮,0,415,98,74.6,(16.4),21.9,0.4,310,0.9,(0.1),,(0.1),7.1,*,(0),-,0.1,-,1.4,230,310,14,52,280,0.1,1.8,0.40,0.01,10,42,0,0,16,0,0,0,0,16,0,2.5,0,Tr,0,-,0.05,0.06,4.9,(8.0),0.23,5.3,5,0.42,5.4,1,-,0.6,内臓等を除き水煮したもの,"{""baseName"":""するめいか"",""state"":""水煮"",""notes"":[""いか・たこ類"",""いか類""]}",水煮されたするめいかは良質な海洋性タンパク源で、調味が強くなければ犬の素材として適切。,9
10,10347,1564,＜いか・たこ類＞　（いか類）　するめいか　焼き,0,460,108,71.8,(17.7),23.6,0.4,350,1.0,(0.1),,(0.1),8.5,*,(0),-,0.1,-,1.6,330,360,14,57,300,0.2,1.9,0.41,Tr,10,46,0,Tr,22,0,0,0,0,22,0,2.5,0,Tr,0,-,0.09,0.07,5.8,(9.1),0.26,5.4,7,0.44,6.3,1,-,0.8,内臓等を除き焼いたもの,"{""baseName"":""するめいか"",""state"":""焼き"",""notes"":[""いか・たこ類"",""いか類""]}",焼きするめいかは良質な魚介のたんぱく源で犬のレシピ素材として適している。,9
10,10417,1565,＜いか・たこ類＞　（いか類）　するめいか　胴　皮つき　生,0,329,78,79.8,13.8,18.6,0.4,210,0.7,(0.1),,(0.1),4.7,*,(0),-,0.1,-,1.4,200,330,10,48,280,0.1,1.4,0.27,0.01,6,40,Tr,-,12,(0),(0),(0),(0),12,0.3,1.9,0,Tr,0,-,0.06,0.04,5.1,7.8,0.27,4.4,6,0.36,5.3,2,-,0.5,,"{""baseName"":""するめいか"",""part"":""胴"",""formModifiers"":[""皮つき""],""state"":""生"",""notes"":[""いか・たこ類"",""いか類""]}",するめいかは良質な魚介で加熱調理して使える,8
10,10418,1566,＜いか・たこ類＞　（いか類）　するめいか　胴　皮なし　生,0,339,80,79.1,13.8,18.6,0.3,180,0.6,(0.1),,(0.1),5.4,*,(0),-,0.1,-,1.4,200,340,10,48,270,0.1,1.5,0.27,0.01,6,38,1,-,11,(0),(0),(0),(0),11,0.2,1.5,0,Tr,0,-,0.06,0.04,4.7,7.4,0.29,4.3,2,0.31,5.3,2,-,0.5,,"{""baseName"":""するめいか"",""part"":""胴"",""formModifiers"":[""皮なし""],""state"":""生"",""notes"":[""いか・たこ類"",""いか類""]}",するめいか（胴、生）は高品質なタンパク源で利用可能だが、生の魚介特有の取り扱いに注意が必要。,8
10,10420,1568,＜いか・たこ類＞　（いか類）　するめいか　耳・足　生,0,317,75,80.8,13.0,16.9,0.6,290,0.9,0,,0,4.4,*,(0),-,0,-,1.3,230,270,13,45,210,0.1,1.6,0.31,0,8,42,Tr,-,15,(0),(0),(0),(0),15,0.4,2.4,0,Tr,0,-,0.09,0.06,2.6,5.0,0.14,5.6,4,0.32,4.4,1,-,0.6,,"{""baseName"":""するめいか"",""variety"":""耳・足"",""state"":""生"",""notes"":[""いか・たこ類"",""いか類""]}",するめいかの耳・足（生）は魚介類として良いタンパク源だが、生のままは扱いに注意が必要です。,8
10,10348,1569,＜いか・たこ類＞　（いか類）　ほたるいか　生,0,310,74,83.0,7.8,11.8,2.3,240,3.5,(0.2),,(0.2),5.4,*,(0),-,0.2,-,1.5,270,290,14,39,170,0.8,1.3,3.42,0.05,-,-,-,-,1500,-,-,-,Tr,1500,(0),4.3,0,0.1,0,Tr,0.19,0.27,2.6,4.6,0.15,14.0,34,1.09,-,5,-,0.7,内臓等を含んだもの,"{""baseName"":""ほたるいか"",""state"":""生"",""notes"":[""いか・たこ類"",""いか類""]}",ほたるいかは魚介類として利用可能だが内臓を含む場合は鮮度や処理状態に注意,7
10,10349,1570,＜いか・たこ類＞　（いか類）　ほたるいか　ゆで,0,386,91,78.1,(11.7),17.7,1.5,380,2.9,(0.4),,(0.4),7.8,*,(0),-,0.4,-,0.9,240,240,22,32,200,1.1,1.9,2.97,0.08,-,-,-,-,1900,-,-,-,Tr,1900,(0),4.5,0,0.1,0,1,0.20,0.30,2.3,(5.3),0.09,14.0,29,0.64,-,Tr,-,0.6,内臓等を含んだもの,"{""baseName"":""ほたるいか"",""state"":""ゆで"",""notes"":[""いか・たこ類"",""いか類""]}",ゆでほたるいかは良質な魚介タンパクだが、風味が強くアレルギーや消化を考慮して量に注意。,8
10,10350,1571,＜いか・たこ類＞　（いか類）　ほたるいか　くん製,0,1291,305,23.0,(28.6),43.1,3.4,930,7.5,-,,-,39.9,*,(0),-,21.3,-,5.1,1500,240,55,56,650,10.0,5.2,12.00,0.34,-,-,-,-,150,-,-,-,Tr,150,(0),2.3,0,0.1,0,1,0.40,0.50,4.5,(12.0),0.04,27.0,25,1.28,-,0,-,3.8,,"{""baseName"":""ほたるいか"",""state"":""くん製"",""notes"":[""いか・たこ類"",""いか類""]}",くん製のほたるいかはたんぱく源として利用可能だが燻製処理により塩分等に注意。,7
10,10352,1573,＜いか・たこ類＞　（いか類）　やりいか　生,25,333,79,79.7,13.1,17.6,0.5,320,1.0,(0.4),,(0.4),5.3,*,(0),-,0.4,-,1.3,170,300,10,42,280,0.1,1.2,0.25,0.02,-,-,-,-,8,0,0,0,0,8,(0),1.4,0,0,0,(0),0.04,0.03,3.5,5.9,0.10,1.1,5,0.27,-,2,-,0.4,廃棄部位： 内臓等,"{""baseName"":""やりいか"",""state"":""生"",""notes"":[""いか・たこ類"",""いか類""]}",やりいかは良質な海洋性たんぱく源で犬の素材として適切（加熱で安全性向上）,9
10,10353,1574,＜いか・たこ類＞　（いか類）　加工品　するめ,0,1290,304,20.2,(50.2),69.2,1.7,980,4.3,(0.4),,(0.4),22.0,*,(0),-,0.4,-,5.9,890,1100,43,170,1100,0.8,5.4,0.99,0.06,-,-,-,-,22,0,0,0,0,22,(0),4.4,0,Tr,0,(0),0.10,0.10,14.0,(24.0),0.34,12.0,11,1.57,-,0,-,2.3,,"{""baseName"":""加工品"",""variety"":""するめ"",""notes"":[""いか・たこ類"",""いか類""]}",するめは良質な海産タンパクだが乾燥により硬さや塩分が高い場合があり注意が必要です。,7
10,10360,1581,＜いか・たこ類＞　（たこ類）　いいだこ　生,0,271,64,83.2,(10.6),14.6,0.4,150,0.8,(0.1),,(0.1),4.5,*,(0),-,0.1,-,1.3,250,200,20,43,190,2.2,3.1,2.96,0.06,-,-,-,-,35,0,9,0,9,36,(0),2.7,0,0,0,(0),0.01,0.08,3.2,(5.3),0.11,2.0,37,0.70,-,1,-,0.6,内臓等を含んだもの,"{""baseName"":""いいだこ"",""state"":""生"",""notes"":[""いか・たこ類"",""たこ類""]}",いいだこ（生）は良質な魚介たんぱくだが生の状態は寄生虫や微生物の懸念があるため加熱が望ましい,7
10,10361,1582,＜いか・たこ類＞　（たこ類）　まだこ　皮つき　生,15,297,70,81.1,11.4,16.1,0.3,110,0.9,(0.2),,(0.2),5.5,*,(0),-,0.2,-,1.7,390,300,15,55,160,0.6,1.6,0.38,0.03,6,22,0,1,1,0,0,0,0,1,0,0.8,0,0,0,0,0.03,0.08,2.1,4.1,0.08,1.3,3,0.23,8.8,1,-,1,廃棄部位： 内臓等,"{""baseName"":""まだこ"",""formModifiers"":[""皮つき""],""state"":""生"",""notes"":[""いか・たこ類"",""たこ類""]}",まだこは良質な魚介たんぱくだが調理や咀嚼しやすさに配慮が必要。,7
10,10471,1582-1,＜いか・たこ類＞　（たこ類）　まだこ　皮なし　生,40,372,88,76.1,13.7,19,0.4,100,1,(0.4),,(0.3),7.2,*,-,-,0.4,-,2.5,700,340,15,54,210,0.1,1.8,0.17,0.02,6,24,0,Tr,1,0,0,0,0,1,0,0.9,0,0,0,Tr,0.04,0.04,2.9,6,0.12,1.4,4,0.15,6.1,2,-,1.8,廃棄部位： 頭部、内臓等,"{""baseName"":""まだこ"",""formModifiers"":[""皮なし""],""state"":""生"",""notes"":[""いか・たこ類"",""たこ類""]}",たこは低脂肪で高タンパクの食材。鮮度管理を前提に素材として適している。,9
10,10362,1583,＜いか・たこ類＞　（たこ類）　まだこ　ゆで,0,387,91,76.2,(15.4),21.7,0.2,150,0.7,(0.1),,(0.1),6.9,*,(0),-,0.1,-,1.3,230,240,19,52,120,0.2,1.8,0.43,0.04,8,28,1,1,5,0,0,0,0,5,(0),1.9,0,0,0,(0),0.03,0.05,1.9,(4.6),0.07,1.2,2,0.17,5.6,Tr,-,0.6,内臓等を除きゆでたもの,"{""baseName"":""まだこ"",""state"":""ゆで"",""notes"":[""いか・たこ類"",""たこ類""]}",茹でたまだこは魚介の良質なタンパク源で犬のレシピ素材として適している。,9
10,10472,1583-1,＜いか・たこ類＞　（たこ類）　まだこ　蒸しだこ,20,317,75,80.3,12.1,16.8,0.5,130,1.2,(0.2),,(0.1),5.5,*,-,-,0.2,-,1.6,460,160,15,42,160,0.1,1.8,0.28,0.03,8,26,1,1,2,0,0,0,0,2,0,1.2,0,0,0,1,0.03,0.04,1.5,4.2,0.07,1.5,2,0.11,6.9,1,-,1.2,廃棄部位： 頭部等,"{""baseName"":""まだこ"",""variety"":""蒸しだこ"",""notes"":[""いか・たこ類"",""たこ類""]}",蒸しダコは加熱済みの良質な魚介たんぱくで犬の素材として適している,9
10,10473,1583-2,＜いか・たこ類＞　（たこ類）　まだこ　蒸しだこ　油いため,0,473,112,72.7,16.6,22.4,1.9,190,3,(0.2),,(0.1),7,*,-,-,0.2,-,1.8,480,170,18,47,180,0.1,2.6,0.4,0.04,10,32,1,1,4,-,-,-,-,4,-,2.1,-,0.5,0,2,0.03,0.04,1.6,5.3,0.08,1.8,1,0.12,7.7,1,-,1.2,廃棄部位： 頭部等\n植物油（なたね油）\n調理による脂質の増減：第1章表14参照,"{""baseName"":""まだこ"",""variety"":""蒸しだこ"",""state"":""油いため"",""notes"":[""いか・たこ類"",""たこ類""]}",蒸しだこは低脂肪・高たんぱくで使用しやすいが油いための加工がある点は考慮要。,8
10,10474,1583-3,＜いか・たこ類＞　（たこ類）　まだこ　蒸しだこ　素揚げ,0,553,131,68.6,19.3,26,2.7,220,4,(0.2),,(0.1),7.4,*,-,-,0.2,-,2.1,560,200,22,58,210,0.1,2.9,0.41,0.04,10,35,1,1,4,-,-,-,-,4,-,2.5,-,1,Tr,4,0.04,0.05,1.9,6.2,0.08,1.9,1,0.16,9.1,1,-,1.4,廃棄部位： 頭部等\n植物油（なたね油）\n調理による脂質の増減：第1章表13参照,"{""baseName"":""まだこ"",""variety"":""蒸しだこ"",""state"":""素揚げ"",""notes"":[""いか・たこ類"",""たこ類""]}",蒸したたこを素揚げしたものは良質な魚介たんぱくだが、揚げ油による脂質に注意。,8
10,10432,1584,＜いか・たこ類＞　（たこ類）　みずだこ　生,20,258,61,83.5,9.4,13.4,0.4,100,0.9,(0.1),,(0.1),5.0,*,(0),-,0.1,-,1.8,430,270,19,60,150,0.1,1.6,0.64,0.04,8,46,0,1,4,0,0,0,0,4,0.1,1.1,0,0,0,0,0.04,0.05,1.9,3.7,0.05,0.8,6,0.43,2.4,1,-,1.1,廃棄部位： 頭部、内臓,"{""baseName"":""みずだこ"",""state"":""生"",""notes"":[""いか・たこ類"",""たこ類""]}",みずだこは低脂肪で良質な魚介たんぱくで犬の素材として適している。,9
10,10367,1589,＜その他＞　うに　練りうに,0,701,166,53.1,(9.9),13.5,2.1,250,2.9,-,,-,26.8,*,(0),-,22.4,-,8.1,2800,230,38,41,220,1.8,1.3,0.06,0.05,-,-,-,-,Tr,-,-,-,300,25,(0),4.4,0.3,7.7,3.8,15,Tr,0.30,0.7,(3.5),0.06,4.8,87,1.22,-,0,-,7.1,,"{""baseName"":""うに"",""variety"":""練りうに"",""notes"":[""その他""]}",海産の練り物でたんぱく源となるが風味や塩分が強いことがあるため注意が必要,7
10,10369,1591,＜その他＞　おきあみ　ゆで,0,327,78,79.8,(9.4),13.8,2.1,62,3.0,(Tr),,(Tr),5.4,*,-,-,Tr,-,3.4,620,200,350,110,310,0.6,0.9,1.83,0.11,-,-,-,-,150,-,-,-,13,150,(0),2.2,0,0,0,(0),0.21,0.25,1.4,(3.5),0.07,4.0,36,0.30,-,1,-,1.6,試料： なんきょくおきあみ\n海水でゆでた後冷凍したもの,"{""baseName"":""おきあみ"",""state"":""ゆで"",""notes"":[""その他""]}",茹でたおきあみは海産の良いタンパク源だが塩分・加工度に注意,8
10,10370,1592,＜その他＞　くらげ　塩蔵　塩抜き,0,90,21,94.2,-,5.2,Tr,31,0.1,(Tr),*,(Tr),0.1,,(0),-,Tr,-,0.5,110,1,2,4,26,0.3,Tr,0.06,Tr,-,-,-,-,0,0,0,0,0,0,(0),0,0,0,0,(0),Tr,0.01,0,0.9,0,0.2,3,0,-,0,-,0.3,,"{""baseName"":""くらげ"",""variety"":""塩蔵"",""state"":""塩抜き"",""notes"":[""その他""]}",塩抜き済みのくらげは低脂肪で問題なく、食感や栄養面は限定的だが使用可能,7
10,10371,1593,＜その他＞　しゃこ　ゆで,0,375,89,77.2,15.3,19.2,0.8,150,1.7,(0.2),,(0.2),5.0,*,(0),-,0.2,-,1.7,310,230,88,40,250,0.8,3.3,3.46,0.13,-,-,-,-,180,0,15,0,15,180,(0),2.8,0,0,0,(0),0.26,0.13,1.2,4.8,0.06,13.0,15,0.30,-,0,-,0.8,ゆでしゃこ（むきみ）,"{""baseName"":""しゃこ"",""state"":""ゆで"",""notes"":[""その他""]}",ゆでしゃこ（むきみ）は加熱済みのえび類で動物性タンパク源として利用できる,8
10,10372,1594,＜その他＞　なまこ　生,20,94,22,92.2,3.6,4.6,0.1,1,0.3,(0.5),,(0.5),1.7,*,(0),-,0.5,-,2.4,680,54,72,160,25,0.1,0.2,0.04,0.03,78,37,2,3,0,0,5,0,5,Tr,(0),0.4,0,0,0,(0),0.05,0.02,0.1,0.7,0.04,2.3,4,0.71,2.6,0,-,1.7,廃棄部位： 内臓等,"{""baseName"":""なまこ"",""state"":""生"",""notes"":[""その他""]}",なまこは海産の良質タンパク源で、内臓等を除去すれば利用可能です。,8
10,10378,1601,＜水産練り製品＞　す巻きかまぼこ,0,378,89,75.8,(11.2),12.0,0.6,19,0.8,-,,-,9.7,*,(0),-,8.7,-,2.7,870,85,25,13,60,0.2,0.2,0.03,0.03,-,-,-,-,Tr,-,-,-,(0),(Tr),1,0.3,0,0.3,0.1,(0),Tr,0.01,0.5,(2.8),0.01,0.5,2,0.06,-,(0),-,2.2,,"{""baseName"":""す巻きかまぼこ"",""notes"":[""水産練り製品""]}",魚のすり身を原料とする練り製品で良質なたんぱく源だが加工品のためやや加工度が高い。,7
10,10380,1603,＜水産練り製品＞　焼き抜きかまぼこ,0,434,102,72.8,(15.1),16.2,0.8,27,1.0,-,,-,8.7,*,(0),-,7.4,-,2.6,930,100,25,16,60,0.2,0.2,0.02,0.05,-,-,-,-,Tr,-,-,-,(0),(Tr),2,0.3,0,0,0,(0),0.05,0.08,0.7,(3.8),0.02,0.1,2,0.04,-,(0),-,2.4,,"{""baseName"":""焼き抜きかまぼこ"",""notes"":[""水産練り製品""]}",かまぼこは魚由来の加工品で使用可能だが、加工調味や塩分に注意が必要。,7
11,11001,1612,＜畜肉類＞　いのしし　肉　脂身つき　生,0,1036,249,60.1,(16.7),18.8,18.6,86,19.8,(0.5),,(0.5),3.8,*,(0),-,0.5,-,0.8,45,270,4,20,170,2.5,3.2,0.12,0.01,0,11,Tr,1,4,-,-,-,Tr,4,0.4,0.5,0,0.1,0,1,0.24,0.29,5.2,(9.0),0.35,1.7,1,1.02,5.0,1,-,0.1,別名： ぼたん肉,"{""baseName"":""いのしし"",""variety"":""肉"",""formModifiers"":[""脂身つき""],""state"":""生"",""notes"":[""畜肉類""]}",良質な肉類でタンパク源として適するが加熱と寄生虫対策が必要。,9
11,11002,1613,＜畜肉類＞　いのぶた　肉　脂身つき　生,0,1138,275,56.7,(16.1),18.1,23.2,66,24.1,(0.3),*,(0.3),3.2,,(0),-,0.3,-,0.8,50,280,4,19,150,0.8,1.8,0.06,0.01,-,-,-,-,11,-,-,-,(0),11,1.1,0.4,0,Tr,0,3,0.62,0.16,6.2,(9.9),0.48,0.7,Tr,1.23,-,1,-,0.1,,"{""baseName"":""いのぶた"",""variety"":""肉"",""formModifiers"":[""脂身つき""],""state"":""生"",""notes"":[""畜肉類""]}",猪豚（いのぶた）肉は良質な動物性タンパク源でレシピ素材として適している。,9
11,11003,1614,＜畜肉類＞　うさぎ　肉　赤肉　生,0,550,131,72.2,18.0,20.5,4.7,63,6.3,(Tr),,(Tr),4.1,*,(0),-,Tr,-,1.0,35,400,5,27,300,1.3,1.0,0.05,0.01,-,-,-,-,3,-,-,-,Tr,3,0,0.5,0,0,0,1,0.10,0.19,8.5,12.0,0.53,5.6,7,0.74,-,1,-,0.1,試料： 家うさぎ,"{""baseName"":""うさぎ"",""variety"":""肉"",""formModifiers"":[""赤肉""],""state"":""生"",""notes"":[""畜肉類""]}",ウサギ肉（赤肉）は低脂肪で良質なたんぱく源として犬に適している,9
11,11004,1615,＜畜肉類＞　うし　［和牛肉］　かた　脂身つき　生,0,1069,258,58.8,-,17.7,20.6,72,22.3,(0.3),*,(0.3),2.0,,(0),-,0.3,-,0.9,47,280,4,19,150,0.9,4.9,0.07,0,-,-,-,-,Tr,-,-,-,Tr,Tr,0,0.4,0,Tr,0,7,0.08,0.21,4.3,7.3,0.32,1.5,6,1.00,-,1,-,0.1,試料： 黒毛和種（去勢）\n皮下脂肪： 4.3 %、筋間脂肪： 11.0 %,"{""baseName"":""うし"",""part"":""かた"",""formModifiers"":[""脂身つき""],""state"":""生"",""notes"":[""畜肉類"",""和牛肉""]}",和牛のかた（生）は良質なたんぱく源で犬のレシピ素材として非常に適している。,9
11,11005,1616,＜畜肉類＞　うし　［和牛肉］　かた　皮下脂肪なし　生,0,993,239,60.7,-,18.3,18.3,71,19.8,(0.3),*,(0.3),1.8,,(0),-,0.3,-,0.9,48,290,4,19,160,0.8,5.1,0.08,0,-,-,-,-,Tr,-,-,-,Tr,Tr,0,0.4,0,Tr,0,6,0.08,0.22,4.5,7.6,0.33,1.6,6,1.04,-,1,-,0.1,試料： 黒毛和種（去勢）\n筋間脂肪： 11.5 %,"{""baseName"":""うし"",""part"":""かた"",""formModifiers"":[""皮下脂肪なし""],""state"":""生"",""notes"":[""畜肉類"",""和牛肉""]}",牛肉は良質なタンパク源で犬のレシピ素材として適する,9
11,11006,1617,＜畜肉類＞　うし　［和牛肉］　かた　赤肉　生,0,762,183,66.3,-,20.2,11.2,66,12.2,(0.3),*,(0.3),1.3,,(0),-,0.3,-,1.0,52,320,4,21,170,2.7,5.7,0.09,0,-,-,-,-,0,-,-,-,Tr,0,0,0.3,0,0,0,4,0.09,0.24,4.9,8.3,0.37,1.7,7,1.14,-,1,-,0.1,試料： 黒毛和種（去勢）\n皮下脂肪及び筋間脂肪を除いたもの,"{""baseName"":""うし"",""part"":""かた"",""formModifiers"":[""赤肉""],""state"":""生"",""notes"":[""畜肉類"",""和牛肉""]}",和牛の赤肉は良質なタンパク源で犬の素材として適している,9
11,11008,1619,＜畜肉類＞　うし　［和牛肉］　かたロース　脂身つき　生,0,1573,380,47.9,(11.8),13.8,(35.0),89,37.4,(0.2),,(0.2),4.6,*,(0),-,0.2,-,0.7,42,210,3,14,120,0.7,4.6,0.06,0.01,-,-,-,-,3,-,-,-,1,3,0,0.5,0,Tr,0,8,0.06,0.17,3.2,(5.9),0.18,1.1,6,0.90,-,1,-,0.1,試料： 黒毛和種（去勢）\n皮下脂肪： 1.8 %、筋間脂肪： 17.0 %,"{""baseName"":""うし"",""part"":""かたロース"",""formModifiers"":[""脂身つき""],""state"":""生"",""notes"":[""畜肉類"",""和牛肉""]}",和牛のかたロースは良質なタンパク源・脂質源で犬の素材として非常に適している。,10
11,11009,1620,＜畜肉類＞　うし　［和牛肉］　かたロース　皮下脂肪なし　生,0,1544,373,48.6,(11.9),14.0,(34.1),88,36.5,(0.2),,(0.2),4.6,*,(0),-,0.2,-,0.7,42,210,3,14,120,0.7,4.6,0.06,0.01,-,-,-,-,3,-,-,-,1,3,0,0.5,0,Tr,0,8,0.06,0.17,3.3,(6.1),0.18,1.1,6,0.91,-,1,-,0.1,試料： 黒毛和種（去勢）\n筋間脂肪： 17.4 %,"{""baseName"":""うし"",""part"":""かたロース"",""formModifiers"":[""皮下脂肪なし""],""state"":""生"",""notes"":[""畜肉類"",""和牛肉""]}",和牛かたロースは良質なタンパク源だが脂肪が多めで調整が必要,8
11,11010,1621,＜畜肉類＞　うし　［和牛肉］　かたロース　赤肉　生,0,1215,293,56.4,(13.9),16.5,24.4,84,26.1,(0.2),,(0.2),4.5,*,(0),-,0.2,-,0.8,49,240,3,16,140,2.4,5.6,0.07,0.01,-,-,-,-,3,-,-,-,Tr,3,0,0.4,0,Tr,0,7,0.07,0.21,3.8,(7.1),0.21,1.2,7,1.07,-,1,-,0.1,試料： 黒毛和種（去勢）\n皮下脂肪及び筋間脂肪を除いたもの,"{""baseName"":""うし"",""part"":""かたロース"",""formModifiers"":[""赤肉""],""state"":""生"",""notes"":[""畜肉類"",""和牛肉""]}",牛肉は良質な動物性たんぱく源で犬のレシピ素材として適している,9
11,11011,1622,＜畜肉類＞　うし　［和牛肉］　リブロース　脂身つき　生,0,2119,514,34.5,8.4,9.7,53.4,86,56.5,(0.1),*,(0.1),3.4,,(0),-,0.1,-,0.4,39,150,2,10,84,1.2,2.6,0.03,0,1,8,0,1,10,0,3,-,3,11,0,0.6,0,0.1,0,8,0.04,0.09,2.4,4.2,0.15,1.1,3,0.35,1.1,1,-,0.1,試料： 黒毛和種（去勢）\n皮下脂肪： 8.8 %、筋間脂肪： 34.6 %,"{""baseName"":""うし"",""part"":""リブロース"",""formModifiers"":[""脂身つき""],""state"":""生"",""notes"":[""畜肉類"",""和牛肉""]}",和牛リブロースは良質なたんぱく源で犬の素材として適切だが脂肪が多めである。,9
11,11249,1623,＜畜肉類＞　うし　［和牛肉］　リブロース　脂身つき　ゆで,0,2223,539,29.2,11.3,12.6,54.8,92,58.2,(0.1),*,(0.1),4.4,,(0),-,0.1,-,0.3,20,75,2,8,62,1.4,3.2,0.03,0,1,9,0,Tr,8,0,3,-,3,8,0,0.7,0,0.1,0,8,0.03,0.08,1.6,3.9,0.13,1.2,3,0.20,1.2,0,-,0.1,試料： 黒毛和種（去勢）,"{""baseName"":""うし"",""part"":""リブロース"",""formModifiers"":[""脂身つき""],""state"":""ゆで"",""notes"":[""畜肉類"",""和牛肉""]}",ゆでリブロースは良質な牛肉たんぱくだが脂身が多い点に配慮が必要,9
11,11248,1624,＜畜肉類＞　うし　［和牛肉］　リブロース　脂身つき　焼き,0,2232,541,27.7,12.9,14.6,54.3,95,56.8,(0.2),*,(0.2),4.5,,(0),-,0.2,-,0.6,50,200,3,13,110,1.6,3.6,0.04,0,1,11,Tr,1,7,0,3,-,3,8,0,0.7,0,0.1,0,9,0.05,0.12,3.2,5.6,0.19,1.7,5,0.49,1.5,1,-,0.1,試料： 黒毛和種（去勢）,"{""baseName"":""うし"",""part"":""リブロース"",""formModifiers"":[""脂身つき""],""state"":""焼き"",""notes"":[""畜肉類"",""和牛肉""]}",焼いた和牛リブロースは良質なタンパク源で犬のレシピ素材として適している,9
11,11012,1625,＜畜肉類＞　うし　［和牛肉］　リブロース　皮下脂肪なし　生,0,2069,502,36.1,9.4,10.3,51.5,85,54.4,(0.1),*,(0.1),2.5,,(0),-,0.1,-,0.5,41,160,3,10,88,1.3,2.8,0.03,0,1,8,0,1,10,0,3,-,3,10,0,0.6,0,0.1,0,8,0.04,0.09,2.6,4.5,0.16,1.2,4,0.37,1.1,1,-,0.1,試料： 黒毛和種（去勢）\n筋間脂肪： 37.9 %,"{""baseName"":""うし"",""part"":""リブロース"",""formModifiers"":[""皮下脂肪なし""],""state"":""生"",""notes"":[""畜肉類"",""和牛肉""]}",和牛リブロースは良質なタンパク源で犬のレシピ素材として非常に適している。,10
11,11013,1626,＜畜肉類＞　うし　［和牛肉］　リブロース　赤肉　生,0,1632,395,47.2,12.1,14.0,38.5,76,40.0,(0.2),*,(0.2),1.6,,(0),-,0.2,-,0.6,53,210,3,14,120,1.7,3.9,0.04,0,1,11,0,1,6,0,2,-,2,7,0,0.4,0,Tr,0,7,0.05,0.13,3.5,6.3,0.23,1.5,5,0.50,1.4,1,-,0.1,試料： 黒毛和種（去勢）\n皮下脂肪及び筋間脂肪を除いたもの,"{""baseName"":""うし"",""part"":""リブロース"",""formModifiers"":[""赤肉""],""state"":""生"",""notes"":[""畜肉類"",""和牛肉""]}",牛リブロースは良質なタンパク源で犬の素材として適切,9
11,11014,1627,＜畜肉類＞　うし　［和牛肉］　リブロース　脂身　生,0,2775,674,17.7,4.6,4.2,72.9,100,78.0,0,*,0,4.6,,(0),-,0,-,0.2,20,69,2,4,39,0.6,0.9,0.01,0,Tr,4,1,Tr,15,0,4,-,4,16,0,0.9,0,0.1,0,10,0.02,0.03,1.0,1.6,0.05,0.7,2,0.15,0.7,Tr,-,0.1,試料： 黒毛和種（去勢）\n皮下脂肪及び筋間脂肪,"{""baseName"":""うし"",""part"":""リブロース"",""formModifiers"":[""脂身""],""state"":""生"",""notes"":[""畜肉類"",""和牛肉""]}",和牛リブロース脂身はエネルギー源になるが脂質が高い点に注意が必要,8
11,11015,1628,＜畜肉類＞　うし　［和牛肉］　サーロイン　脂身つき　生,0,1900,460,40.0,(10.2),11.7,(44.4),86,47.5,(0.3),,(0.3),4.9,*,(0),-,0.3,-,0.5,32,180,3,12,100,0.9,2.8,0.05,0,-,-,-,-,3,-,-,-,1,3,0,0.6,0,0.1,0,10,0.05,0.12,3.6,(5.8),0.23,1.1,5,0.66,-,1,-,0.1,試料： 黒毛和種（去勢）\n皮下脂肪： 11.5 %、筋間脂肪： 24.5 %,"{""baseName"":""うし"",""part"":""サーロイン"",""formModifiers"":[""脂身つき""],""state"":""生"",""notes"":[""畜肉類"",""和牛肉""]}",牛サーロインは良質なたんぱく源だが脂肪分が高い点に注意が必要,8
11,11016,1629,＜畜肉類＞　うし　［和牛肉］　サーロイン　皮下脂肪なし　生,0,1742,422,43.7,11.4,12.9,(39.8),83,42.5,(0.3),,(0.3),4.6,*,(0),-,0.3,-,0.6,34,200,3,13,110,0.8,3.1,0.05,0,-,-,-,-,3,-,-,-,1,3,0,0.5,0,0.1,0,9,0.05,0.13,4.0,6.5,0.26,1.1,6,0.72,-,1,-,0.1,試料： 黒毛和種（去勢）\n筋間脂肪： 27.7 %,"{""baseName"":""うし"",""part"":""サーロイン"",""formModifiers"":[""皮下脂肪なし""],""state"":""生"",""notes"":[""畜肉類"",""和牛肉""]}",和牛サーロイン（生）は良質なたんぱく・脂質源で犬のレシピ素材として理想的,10
11,11017,1630,＜畜肉類＞　うし　［和牛肉］　サーロイン　赤肉　生,0,1219,294,55.9,(14.5),17.1,24.1,72,25.8,(0.4),,(0.4),4.7,*,(0),-,0.4,-,0.8,42,260,4,18,150,2.0,4.2,0.07,0,-,-,-,-,2,-,-,-,Tr,2,0,0.4,0,0.1,0,7,0.07,0.17,5.3,(8.7),0.35,1.4,8,0.93,-,1,-,0.1,試料： 黒毛和種（去勢）\n皮下脂肪及び筋間脂肪を除いたもの,"{""baseName"":""うし"",""part"":""サーロイン"",""formModifiers"":[""赤肉""],""state"":""生"",""notes"":[""畜肉類"",""和牛肉""]}",赤身肉は良質なタンパク源で使用可能だが、脂肪量や調理状態に留意,9
11,11018,1631,＜畜肉類＞　うし　［和牛肉］　ばら　脂身つき　生,0,1950,472,38.4,(9.6),11.0,45.6,98,50.0,(0.1),,(0.1),6.0,*,(0),-,0.1,-,0.5,44,160,4,10,87,1.4,3.0,0.09,0,-,-,-,-,3,-,-,-,Tr,3,0,0.6,0,0.1,0,16,0.04,0.11,3.1,(5.2),0.16,1.2,2,0.74,-,1,-,0.1,別名： カルビ\n試料： 黒毛和種（去勢）,"{""baseName"":""うし"",""part"":""ばら"",""formModifiers"":[""脂身つき""],""state"":""生"",""notes"":[""畜肉類"",""和牛肉""]}",和牛ばら（脂身つき）は風味は良いが脂肪が多く、高脂肪食に注意が必要。,8
11,11019,1632,＜畜肉類＞　うし　［和牛肉］　もも　脂身つき　生,0,979,235,61.2,(16.2),19.2,16.8,75,18.7,(0.5),,(0.5),4.8,*,(0),-,0.5,-,1.0,45,320,4,22,160,2.5,4.0,0.07,0.01,-,-,-,-,Tr,0,0,0,0,Tr,0,0.3,0,Tr,0,6,0.09,0.20,5.6,(9.6),0.34,1.2,8,1.09,-,1,-,0.1,試料： 黒毛和種（去勢）\n皮下脂肪： 5.6 %、筋間脂肪： 6.8 %,"{""baseName"":""うし"",""part"":""もも"",""formModifiers"":[""脂身つき""],""state"":""生"",""notes"":[""畜肉類"",""和牛肉""]}",和牛のもも（脂身つき）は良質な動物性タンパクと脂質を含み、犬の素材として理想的。,10
11,11020,1633,＜畜肉類＞　うし　［和牛肉］　もも　皮下脂肪なし　生,0,882,212,63.4,17.4,20.2,13.9,73,15.5,(0.6),,(0.5),4.3,*,(0),-,0.6,-,1.0,47,330,4,23,170,2.7,4.3,0.08,0.01,1,14,Tr,Tr,0,0,0,0,0,0,0,0.2,0,0,0,5,0.09,0.21,5.9,10.0,0.36,1.2,9,1.14,2.1,1,-,0.1,試料： 黒毛和種（去勢）\n筋間脂肪： 7.2 %,"{""baseName"":""うし"",""part"":""もも"",""formModifiers"":[""皮下脂肪なし""],""state"":""生"",""notes"":[""畜肉類"",""和牛肉""]}",牛もも（皮下脂肪なし・生）は高品質のタンパク・脂質源で理想的な素材。,10
11,11251,1634,＜畜肉類＞　うし　［和牛肉］　もも　皮下脂肪なし　ゆで,0,1257,302,50.1,23.1,25.7,20.9,110,23.3,(0.2),,(0.2),5.4,*,(0),-,0.2,-,0.6,23,120,4,15,120,3.4,6.4,0.10,0,Tr,19,1,1,0,0,0,0,0,0,0,0.4,0,0,0,11,0.05,0.19,3.3,9.0,0.23,1.3,6,0.89,2.5,0,-,0.1,試料： 黒毛和種（去勢）,"{""baseName"":""うし"",""part"":""もも"",""formModifiers"":[""皮下脂肪なし""],""state"":""ゆで"",""notes"":[""畜肉類"",""和牛肉""]}",ゆでた和牛もも（皮下脂肪なし）は良質な赤身たんぱくで犬の理想的な素材,10
11,11250,1635,＜畜肉類＞　うし　［和牛肉］　もも　皮下脂肪なし　焼き,0,1249,300,49.5,23.9,27.7,20.5,100,22.7,(0.5),,(0.5),4.9,*,(0),-,0.5,-,1.1,50,350,5,25,190,3.8,6.3,0.10,0,Tr,19,1,1,0,0,0,0,0,0,0,0.4,0,0,0,10,0.09,0.24,6.6,12.0,0.35,1.9,7,1.18,2.9,1,-,0.1,試料： 黒毛和種（去勢）,"{""baseName"":""うし"",""part"":""もも"",""formModifiers"":[""皮下脂肪なし""],""state"":""焼き"",""notes"":[""畜肉類"",""和牛肉""]}",焼き調理された牛ももは調理済みの良質なタンパク源で使いやすい,9
11,11021,1636,＜畜肉類＞　うし　［和牛肉］　もも　赤肉　生,0,736,176,67.0,(17.9),21.3,9.7,70,10.7,(0.6),,(0.5),4.4,*,(0),-,0.6,-,1.0,48,350,4,24,180,2.8,4.5,0.08,0.01,-,-,-,-,0,0,0,0,0,0,0,0.2,0,0,0,4,0.10,0.22,6.2,(11.0),0.38,1.3,9,1.19,-,1,-,0.1,試料： 黒毛和種（去勢）\n皮下脂肪及び筋間脂肪を除いたもの,"{""baseName"":""うし"",""part"":""もも"",""formModifiers"":[""赤肉""],""state"":""生"",""notes"":[""畜肉類"",""和牛肉""]}",和牛の赤肉は高品質なタンパク源で犬のレシピ素材として適切である。,9
11,11022,1637,＜畜肉類＞　うし　［和牛肉］　もも　脂身　生,0,2735,664,20.3,(4.1),4.4,69.2,110,75.4,0,,0,6.1,*,(0),-,0,-,0.3,24,99,2,5,44,0.8,0.6,0.02,0,-,-,-,-,3,0,0,0,0,3,0,0.7,0,0.1,0,24,0.02,0.02,1.3,(1.7),0.07,0.4,1,0.35,-,1,-,0.1,試料： 黒毛和種（去勢）\n皮下脂肪及び筋間脂肪,"{""baseName"":""うし"",""part"":""もも"",""formModifiers"":[""脂身""],""state"":""生"",""notes"":[""畜肉類"",""和牛肉""]}",牛もも（脂身部）は良質な動物性原料だが脂肪が多めで量に注意が必要,7
11,11023,1638,＜畜肉類＞　うし　［和牛肉］　そともも　脂身つき　生,0,1015,244,60.8,(15.5),17.8,(18.2),68,20.0,(0.5),,(0.5),4.6,*,(0),-,0.5,-,0.9,46,310,3,20,170,1.1,3.7,0.07,0,-,-,-,-,1,-,-,-,0,1,0,0.3,0,Tr,0,8,0.08,0.18,5.7,(9.4),0.39,1.1,5,0.89,-,1,-,0.1,試料： 黒毛和種（去勢）\n皮下脂肪： 6.0 %、筋間脂肪： 11.4 %,"{""baseName"":""うし"",""part"":""そともも"",""formModifiers"":[""脂身つき""],""state"":""生"",""notes"":[""畜肉類"",""和牛肉""]}",和牛そとももは良質な動物性タンパク・脂肪源で犬のレシピ素材として適切,9
11,11024,1639,＜畜肉類＞　うし　［和牛肉］　そともも　皮下脂肪なし　生,0,910,219,63.3,(16.2),18.7,(15.1),66,16.6,(0.5),,(0.5),4.5,*,(0),-,0.5,-,0.9,47,320,3,21,180,1.0,3.9,0.08,0,-,-,-,-,Tr,-,-,-,0,Tr,0,0.2,0,Tr,0,7,0.08,0.19,6.0,(9.9),0.41,1.1,5,0.92,-,1,-,0.1,試料： 黒毛和種（去勢）\n筋間脂肪： 12.2 %,"{""baseName"":""うし"",""part"":""そともも"",""formModifiers"":[""皮下脂肪なし""],""state"":""生"",""notes"":[""畜肉類"",""和牛肉""]}",良質な動物性タンパク源で犬のレシピ素材として適している。,10
11,11025,1640,＜畜肉類＞　うし　［和牛肉］　そともも　赤肉　生,0,666,159,69.0,(17.9),20.7,7.8,59,8.7,(0.6),,(0.5),4.3,*,(0),-,0.6,-,1.0,50,360,3,23,200,2.4,4.3,0.09,0,-,-,-,-,0,-,-,-,Tr,0,0,0.2,0,0,0,5,0.09,0.22,6.6,(11.0),0.46,1.2,6,1.00,-,1,-,0.1,試料： 黒毛和種（去勢）\n皮下脂肪及び筋間脂肪を除いたもの,"{""baseName"":""うし"",""part"":""そともも"",""formModifiers"":[""赤肉""],""state"":""生"",""notes"":[""畜肉類"",""和牛肉""]}",和牛の赤肉は良質なタンパク源で犬のレシピ素材として適している,9
11,11026,1641,＜畜肉類＞　うし　［和牛肉］　ランプ　脂身つき　生,0,1321,319,53.8,(13.2),15.1,(27.5),81,29.9,(0.4),,(0.4),4.7,*,(0),-,0.4,-,0.8,40,260,3,17,150,1.4,3.8,0.08,0,-,-,-,-,2,-,-,-,0,2,0,0.5,0,Tr,0,10,0.08,0.19,4.3,(7.3),0.33,1.2,7,1.22,-,1,-,0.1,試料： 黒毛和種（去勢）\n皮下脂肪： 7.4 %、筋間脂肪： 19.8 %,"{""baseName"":""うし"",""part"":""ランプ"",""formModifiers"":[""脂身つき""],""state"":""生"",""notes"":[""畜肉類"",""和牛肉""]}",和牛ランプは高品質なタンパク質・脂肪源で犬のレシピ素材として適している。,10
11,11027,1642,＜畜肉類＞　うし　［和牛肉］　ランプ　皮下脂肪なし　生,0,1213,293,56.3,(14.0),16.0,(24.3),78,26.4,(0.4),,(0.4),4.6,*,(0),-,0.4,-,0.9,42,270,3,18,150,1.3,4.0,0.08,0,-,-,-,-,2,-,-,-,0,2,0,0.4,0,Tr,0,9,0.09,0.20,4.5,(7.7),0.35,1.3,8,1.29,-,1,-,0.1,試料： 黒毛和種（去勢）\n筋間脂肪： 21.4 %,"{""baseName"":""うし"",""part"":""ランプ"",""formModifiers"":[""皮下脂肪なし""],""state"":""生"",""notes"":[""畜肉類"",""和牛肉""]}",和牛ランプは良質な赤身たんぱくで犬のレシピ素材に適する。,9
11,11028,1643,＜畜肉類＞　うし　［和牛肉］　ランプ　赤肉　生,0,817,196,65.7,(16.6),19.2,12.5,69,13.6,(0.5),,(0.5),4.1,*,(0),-,0.5,-,1.0,47,320,3,22,180,2.9,4.9,0.10,0,-,-,-,-,1,-,-,-,Tr,1,0,0.4,0,0,0,5,0.10,0.25,5.4,(9.5),0.42,1.6,9,1.54,-,1,-,0.1,試料： 黒毛和種（去勢）\n皮下脂肪及び筋間脂肪を除いたもの,"{""baseName"":""うし"",""part"":""ランプ"",""formModifiers"":[""赤肉""],""state"":""生"",""notes"":[""畜肉類"",""和牛肉""]}",牛ランプは良質なタンパク源で犬のレシピ素材として適している,9
11,11029,1644,＜畜肉類＞　うし　［和牛肉］　ヒレ　赤肉　生,0,861,207,64.6,(16.6),19.1,13.8,66,15.0,(0.3),,(0.3),4.0,*,(0),-,0.3,-,1.0,40,340,3,22,180,2.5,4.2,0.09,0.01,-,-,-,-,1,-,-,-,Tr,1,0,0.4,0,0,0,4,0.09,0.24,4.3,(8.4),0.37,1.6,8,1.28,-,1,-,0.1,試料： 黒毛和種（去勢）,"{""baseName"":""うし"",""part"":""ヒレ"",""formModifiers"":[""赤肉""],""state"":""生"",""notes"":[""畜肉類"",""和牛肉""]}",和牛ヒレは高品質なタンパク源で犬のレシピ素材に適している,9
11,11030,1645,＜畜肉類＞　うし　［乳用肥育牛肉］　かた　脂身つき　生,0,961,231,62.0,-,17.1,18.0,66,19.8,(0.3),*,(0.3),2.1,,0,-,0.3,-,0.9,59,290,4,18,160,2.1,4.5,0.07,0.01,Tr,14,0,1,5,0,1,0,1,5,0,0.4,0,Tr,0,9,0.08,0.20,3.9,6.7,0.33,2.8,6,1.00,1.7,1,-,0.2,試料： ホルスタイン種（去勢、肥育牛）\n皮下脂肪： 7.9 ％、筋間脂肪： 12.2 ％,"{""baseName"":""うし"",""part"":""かた"",""formModifiers"":[""脂身つき""],""state"":""生"",""notes"":[""畜肉類"",""乳用肥育牛肉""]}",牛肩肉は良質な蛋白源だが脂身つきは脂肪量が高く消化負担に注意が必要。,8
11,11309,1646,＜畜肉類＞　うし　［乳用肥育牛肉］　かた　脂身つき　ゆで,0,1236,298,54.9,-,20.8,-,75,23.8,(0.1),*,(0.1),0.1,,0,-,0.1,-,0.4,22,88,3,12,89,2.3,5.5,0.08,0,0,15,0,0,Tr,0,Tr,0,1,1,0,0.5,0,Tr,0,12,0.05,0.16,1.7,5.2,0.22,3.1,3,0.56,2.1,0,-,0.1,,"{""baseName"":""うし"",""part"":""かた"",""formModifiers"":[""脂身つき""],""state"":""ゆで"",""notes"":[""畜肉類"",""乳用肥育牛肉""]}",ゆでた牛かた肉は良質なタンパク源で、調理済みのため犬の素材として適切,9
11,11310,1647,＜畜肉類＞　うし　［乳用肥育牛肉］　かた　脂身つき　焼き,0,1337,322,50.3,-,23.0,-,77,25.5,(0.1),*,(0.1),0.3,,0,-,0.2,-,1.0,67,290,4,20,170,2.8,5.8,0.10,0,1,15,0,0,0,0,1,0,1,0,0,0.5,0,Tr,0,13,Tr,0.01,6.1,9.9,0.05,4.0,50,0.40,2.6,0,-,0.1,,"{""baseName"":""うし"",""part"":""かた"",""formModifiers"":[""脂身つき""],""state"":""焼き"",""notes"":[""畜肉類"",""乳用肥育牛肉""]}",赤身と脂肪を含む良質な肉類で犬のレシピ素材として適切,9
11,11031,1648,＜畜肉類＞　うし　［乳用肥育牛肉］　かた　皮下脂肪なし　生,0,805,193,65.9,-,17.9,13.4,60,14.9,(0.2),*,(0.2),1.9,,(0),-,0.4,-,0.9,59,310,4,20,170,0.9,4.5,0.09,Tr,-,-,-,-,4,-,-,-,0,4,0,0.4,0,Tr,0,6,0.09,0.21,4.3,7.3,0.34,2.3,7,1.15,-,1,-,0.1,試料： ホルスタイン種（去勢、肥育牛）\n筋間脂肪： 13.1 %,"{""baseName"":""うし"",""part"":""かた"",""formModifiers"":[""皮下脂肪なし""],""state"":""生"",""notes"":[""畜肉類"",""乳用肥育牛肉""]}",牛かた（生）は良質な赤身肉で犬のレシピ素材として理想的,10
11,11032,1649,＜畜肉類＞　うし　［乳用肥育牛肉］　かた　赤肉　生,0,577,138,71.7,17.4,20.4,5.7,57,6.7,(0.2),,(0.1),3.4,*,0,-,0.2,0.6,1.0,69,340,4,22,190,2.5,5.5,0.08,0.01,1,17,0,1,3,0,1,0,1,3,0,0.3,0,0,0,5,0.10,0.24,4.6,8.9,0.40,3.4,8,1.16,2.2,1,-,0.2,試料： ホルスタイン種（去勢、肥育牛）\n皮下脂肪及び筋間脂肪を除いたもの,"{""baseName"":""うし"",""part"":""かた"",""formModifiers"":[""赤肉""],""state"":""生"",""notes"":[""畜肉類"",""乳用肥育牛肉""]}",牛かた肉は赤身の良質なたんぱく源で犬の素材として適切,9
11,11301,1650,＜畜肉類＞　うし　［乳用肥育牛肉］　かた　赤肉　ゆで,0,733,174,63.2,24.5,27.9,6.0,77,7.1,(1.0),,(0.9),5.6,*,0,-,1.0,-,0.7,43,220,4,19,160,3.4,7.2,0.12,0.01,1,25,0,Tr,1,-,-,-,-,1,0.1,0.5,0,Tr,0,8,0.08,0.26,4.2,11.0,0.34,2.9,9,0.82,2.9,1,-,0.1,試料： ホルスタイン種（去勢、肥育牛）\n皮下脂肪及び筋間脂肪を除いたもの,"{""baseName"":""うし"",""part"":""かた"",""formModifiers"":[""赤肉""],""state"":""ゆで"",""notes"":[""畜肉類"",""乳用肥育牛肉""]}",牛かた肉のゆでは良質な動物性タンパク質で、犬のレシピ素材として適している。,9
11,11302,1651,＜畜肉類＞　うし　［乳用肥育牛肉］　かた　赤肉　焼き,0,737,175,63.4,23.6,26.9,6.7,71,7.7,(0.8),,(0.7),5.2,*,0,-,0.8,-,1.1,71,380,4,25,220,3.1,6.3,0.10,0.01,1,23,0,1,1,-,-,-,-,1,0.1,0.5,0,Tr,0,8,0.12,0.30,6.2,12.0,0.48,3.3,11,1.27,2.8,1,-,0.2,試料： ホルスタイン種（去勢、肥育牛）\n皮下脂肪及び筋間脂肪を除いたもの,"{""baseName"":""うし"",""part"":""かた"",""formModifiers"":[""赤肉""],""state"":""焼き"",""notes"":[""畜肉類"",""乳用肥育牛肉""]}",焼きの牛かた赤肉は良質なたんぱく源で犬のレシピ素材として非常に適している,10
11,11033,1652,＜畜肉類＞　うし　［乳用肥育牛肉］　かた　脂身　生,0,2676,650,21.9,-,4.5,67.7,110,73.3,0,,0,5.6,*,(0),-,0,-,0.3,21,84,2,5,44,0.7,0.5,0.02,0.01,-,-,-,-,17,-,-,-,(0),17,0,0.8,0,0.2,0,23,0.02,0.03,1.3,2.1,0.08,0.5,1,0.42,-,1,-,0.1,試料： ホルスタイン種（去勢、肥育牛）\n皮下脂肪及び筋間脂肪,"{""baseName"":""うし"",""part"":""かた"",""formModifiers"":[""脂身""],""state"":""生"",""notes"":[""畜肉類"",""乳用肥育牛肉""]}",牛かた肉（脂身）は良質なタンパク・脂質源だが脂肪が多めで量に注意が必要,9
11,11034,1653,＜畜肉類＞　うし　［乳用肥育牛肉］　かたロース　脂身つき　生,0,1222,295,56.4,(13.7),16.2,(24.7),71,26.4,(0.2),,(0.2),4.4,*,(0),-,0.2,-,0.8,50,260,4,16,140,0.9,4.7,0.06,0.01,-,-,-,-,7,-,-,-,3,7,0.1,0.5,0,Tr,0,8,0.06,0.17,3.6,(6.7),0.21,1.7,7,0.84,-,1,-,0.1,試料： ホルスタイン種（去勢、肥育牛）\n皮下脂肪： 2.2 %、筋間脂肪： 16.6 %,"{""baseName"":""うし"",""part"":""かたロース"",""formModifiers"":[""脂身つき""],""state"":""生"",""notes"":[""畜肉類"",""乳用肥育牛肉""]}",牛かたロースは良質な赤身タンパク源だが脂肪分が高めなので量に注意,9
11,11035,1654,＜畜肉類＞　うし　［乳用肥育牛肉］　かたロース　皮下脂肪なし　生,0,1183,285,57.3,(13.9),16.5,(23.5),70,25.2,(0.2),,(0.2),4.4,*,(0),-,0.2,-,0.8,51,270,4,17,140,0.9,4.8,0.07,0.01,-,-,-,-,7,-,-,-,3,7,0.1,0.5,0,Tr,0,8,0.06,0.17,3.7,(6.9),0.22,1.7,7,0.85,-,1,-,0.1,試料： ホルスタイン種（去勢、肥育牛）\n筋間脂肪： 16.9 %,"{""baseName"":""うし"",""part"":""かたロース"",""formModifiers"":[""皮下脂肪なし""],""state"":""生"",""notes"":[""畜肉類"",""乳用肥育牛肉""]}",牛かたロース（皮下脂肪なし）は良質なタンパク源で犬のレシピ素材として適切,10
11,11036,1655,＜畜肉類＞　うし　［乳用肥育牛肉］　かたロース　赤肉　生,0,818,196,65.9,(16.1),19.1,12.7,67,13.9,(0.2),,(0.2),4.4,*,(0),-,0.2,-,0.9,57,310,4,19,160,2.4,5.7,0.08,0.01,-,-,-,-,5,-,-,-,Tr,5,0.1,0.5,0,Tr,0,6,0.07,0.20,4.1,(7.9),0.25,2.0,8,0.97,-,1,-,0.1,試料： ホルスタイン種（去勢、肥育牛）\n皮下脂肪及び筋間脂肪を除いたもの,"{""baseName"":""うし"",""part"":""かたロース"",""formModifiers"":[""赤肉""],""state"":""生"",""notes"":[""畜肉類"",""乳用肥育牛肉""]}",生の牛かたロースは良質なタンパク源で素材として利用可能,9
11,11037,1656,＜畜肉類＞　うし　［乳用肥育牛肉］　リブロース　脂身つき　生,0,1573,380,47.9,12.5,14.1,35.0,81,37.1,(0.2),,(0.2),3.9,*,(0),-,0.2,-,0.7,40,230,4,14,120,1.0,3.7,0.05,0.01,Tr,10,2,Tr,12,0,8,0,8,13,0.1,0.5,0,0.1,0,10,0.05,0.12,4.0,6.6,0.22,1.0,6,0.64,1.1,1,-,0.1,試料： ホルスタイン種（去勢、肥育牛）\n皮下脂肪： 7.7 %、筋間脂肪： 23.1 %,"{""baseName"":""うし"",""part"":""リブロース"",""formModifiers"":[""脂身つき""],""state"":""生"",""notes"":[""畜肉類"",""乳用肥育牛肉""]}",良質なタンパク源だが脂肪分が高く過剰摂取で消化不良や膵炎のリスクがある,9
11,11039,1657,＜畜肉類＞　うし　［乳用肥育牛肉］　リブロース　脂身つき　ゆで,0,1771,428,39.1,16.8,17.2,40.0,100,43.0,(0.3),*,(0.3),3.7,,(0),-,0.3,-,0.4,26,130,5,12,96,1.2,4.9,0.04,0,Tr,13,2,Tr,13,0,9,0,9,14,0.1,0.4,0,0,0,12,0.04,0.11,3.2,6.9,0.17,1.0,7,0.38,1.3,0,-,0.1,試料： ホルスタイン種（去勢、肥育牛）,"{""baseName"":""うし"",""part"":""リブロース"",""formModifiers"":[""脂身つき""],""state"":""ゆで"",""notes"":[""畜肉類"",""乳用肥育牛肉""]}",牛リブロース（ゆで）は良質なたんぱく質と脂質を含む肉類で犬の素材として適している。,9
11,11038,1658,＜畜肉類＞　うし　［乳用肥育牛肉］　リブロース　脂身つき　焼き,0,1891,457,33.4,18.9,20.4,42.3,110,45.0,(0.3),*,(0.3),4.5,,(0),-,0.3,-,0.9,53,290,4,18,160,1.4,5.3,0.06,0.01,1,15,4,Tr,13,0,10,0,10,14,0.1,0.6,0,0,0,12,0.07,0.17,5.1,9.3,0.25,1.4,10,0.58,1.7,1,-,0.1,試料： ホルスタイン種（去勢、肥育牛）,"{""baseName"":""うし"",""part"":""リブロース"",""formModifiers"":[""脂身つき""],""state"":""焼き"",""notes"":[""畜肉類"",""乳用肥育牛肉""]}",焼きリブロース（脂身つき）は良質な動物性タンパク質・脂質源で犬のレシピ素材として非常に適している。,10
11,11040,1659,＜畜肉類＞　うし　［乳用肥育牛肉］　リブロース　皮下脂肪なし　生,0,1454,351,50.7,(13.0),15.0,31.4,81,33.4,(0.2),,(0.2),4.2,*,(0),-,0.2,-,0.7,42,240,4,15,130,0.9,4.0,0.05,0.01,Tr,11,2,0,12,0,7,0,7,12,0.1,0.4,0,0.1,0,9,0.05,0.13,4.2,(7.1),0.23,1.1,6,0.67,1.1,1,-,0.1,試料： ホルスタイン種（去勢、肥育牛）\n筋間脂肪： 24.9 %,"{""baseName"":""うし"",""part"":""リブロース"",""formModifiers"":[""皮下脂肪なし""],""state"":""生"",""notes"":[""畜肉類"",""乳用肥育牛肉""]}",豊富なタンパク質と脂質を含む良質な肉類だが脂肪分は高めで留意が必要。,9
11,11041,1660,＜畜肉類＞　うし　［乳用肥育牛肉］　リブロース　赤肉　生,0,955,230,62.2,16.2,18.8,16.4,78,17.8,(0.3),,(0.3),4.3,*,(0),-,0.3,-,0.9,51,300,4,19,160,2.1,5.2,0.06,0.01,Tr,14,2,Tr,10,0,4,0,4,10,0.2,0.3,0,0,0,7,0.06,0.17,5.2,9.0,0.29,1.3,8,0.81,1.1,2,-,0.1,試料： ホルスタイン種（去勢、肥育牛）\n皮下脂肪及び筋間脂肪を除いたもの,"{""baseName"":""うし"",""part"":""リブロース"",""formModifiers"":[""赤肉""],""state"":""生"",""notes"":[""畜肉類"",""乳用肥育牛肉""]}",牛肉は良質なタンパク源で、犬のレシピ素材として適している,9
11,11042,1661,＜畜肉類＞　うし　［乳用肥育牛肉］　リブロース　脂身　生,0,2893,703,15.6,3.2,3.7,76.7,89,80.5,0,*,0,4.3,,(0),-,0,-,0.2,18,72,3,4,37,0.6,0.5,0.02,0.01,0,2,1,0,17,0,15,0,15,18,0,0.8,Tr,0.2,0,17,0.02,0.02,1.3,1.6,0.05,0.4,1,0.26,0.9,1,-,0,試料： ホルスタイン種（去勢、肥育牛）\n皮下脂肪及び筋間脂肪,"{""baseName"":""うし"",""part"":""リブロース"",""formModifiers"":[""脂身""],""state"":""生"",""notes"":[""畜肉類"",""乳用肥育牛肉""]}",牛の脂身は動物性のエネルギー源だが脂肪分が高いため使用量に注意が必要。,8
11,11043,1662,＜畜肉類＞　うし　［乳用肥育牛肉］　サーロイン　脂身つき　生,0,1295,313,54.4,(14.0),16.5,(26.7),69,27.9,(0.4),,(0.4),4.1,*,(0),-,0.4,-,0.8,48,270,4,16,150,1.0,2.9,0.06,Tr,-,-,-,-,8,-,-,-,4,8,0,0.4,0,0.1,0,7,0.06,0.10,5.3,(8.4),0.38,0.8,6,0.66,-,1,-,0.1,試料： ホルスタイン種（去勢、肥育牛）\n皮下脂肪： 12.7 %、筋間脂肪： 13.7 %,"{""baseName"":""うし"",""part"":""サーロイン"",""formModifiers"":[""脂身つき""],""state"":""生"",""notes"":[""畜肉類"",""乳用肥育牛肉""]}",牛サーロインは高品質なたんぱく源だが脂肪分が高め,9
11,11044,1663,＜畜肉類＞　うし　［乳用肥育牛肉］　サーロイン　皮下脂肪なし　生,0,1051,253,60.0,16.0,18.4,(19.3),66,20.2,(0.5),,(0.5),3.8,*,(0),-,0.5,-,0.9,53,300,4,17,170,0.8,3.3,0.06,Tr,-,-,-,-,7,-,-,-,2,7,0,0.4,0,Tr,0,6,0.06,0.11,5.9,9.5,0.43,0.8,7,0.72,-,1,-,0.1,試料： ホルスタイン種（去勢、肥育牛）\n筋間脂肪： 15.6 %,"{""baseName"":""うし"",""part"":""サーロイン"",""formModifiers"":[""皮下脂肪なし""],""state"":""生"",""notes"":[""畜肉類"",""乳用肥育牛肉""]}",良質なタンパク源で犬のレシピ素材として適している,9
11,11045,1664,＜畜肉類＞　うし　［乳用肥育牛肉］　サーロイン　赤肉　生,0,699,167,68.2,(18.0),21.1,8.8,62,9.1,(0.6),,(0.5),4.1,*,(0),-,0.6,-,1.0,60,340,4,20,190,2.1,3.8,0.07,0,-,-,-,-,5,-,-,-,Tr,5,0,0.3,0,0,0,4,0.07,0.12,6.7,(11.0),0.50,0.9,8,0.80,-,2,-,0.2,試料： ホルスタイン種（去勢、肥育牛）\n皮下脂肪及び筋間脂肪を除いたもの,"{""baseName"":""うし"",""part"":""サーロイン"",""formModifiers"":[""赤肉""],""state"":""生"",""notes"":[""畜肉類"",""乳用肥育牛肉""]}",牛サーロインは良質な動物性たんぱく源で犬のレシピ素材として適している。,10
11,11046,1665,＜畜肉類＞　うし　［乳用肥育牛肉］　ばら　脂身つき　生,0,1574,381,47.4,11.1,12.8,37.3,79,39.4,(0.3),*,(0.2),3.5,,(0),-,0.3,-,0.6,56,190,3,12,110,1.4,2.8,0.04,0,Tr,10,1,Tr,13,0,1,1,2,13,0,0.6,0,0.1,0,11,0.05,0.12,3.2,5.4,0.21,1.9,3,0.60,1.5,1,-,0.1,別名： カルビ\n試料： ホルスタイン種（去勢、肥育牛）,"{""baseName"":""うし"",""part"":""ばら"",""formModifiers"":[""脂身つき""],""state"":""生"",""notes"":[""畜肉類"",""乳用肥育牛肉""]}",牛ばら（生）は良質な動物性タンパク源で犬のレシピ素材として適している,9
11,11252,1666,＜畜肉類＞　うし　［乳用肥育牛肉］　ばら　脂身つき　焼き,0,1865,451,38.7,13.8,15.9,41.7,88,44.2,(0.3),,(0.2),5.0,*,(0),-,0.3,-,0.7,60,220,3,14,120,1.8,3.6,0.05,0,1,13,1,1,12,0,1,1,2,12,0,0.8,0,0.1,0,13,0.06,0.14,4.0,6.9,0.26,2.1,5,0.60,1.9,Tr,-,0.2,別名： カルビ\n試料： ホルスタイン種（去勢、肥育牛）,"{""baseName"":""うし"",""part"":""ばら"",""formModifiers"":[""脂身つき""],""state"":""焼き"",""notes"":[""畜肉類"",""乳用肥育牛肉""]}",焼き牛ばらは良質な動物性タンパクと脂肪を含みレシピ素材として適する。,9
11,11047,1667,＜畜肉類＞　うし　［乳用肥育牛肉］　もも　脂身つき　生,0,817,196,65.8,(16.0),19.5,12.6,69,13.3,(0.4),,(0.4),4.6,*,(0),-,0.4,-,1.0,49,330,4,22,180,1.4,4.5,0.08,0.01,-,-,-,-,3,0,0,0,0,3,0,0.6,0,Tr,0,5,0.08,0.20,4.9,(8.9),0.32,1.2,9,1.02,-,1,-,0.1,試料： ホルスタイン種（去勢、肥育牛）\n皮下脂肪： 6.2 %、筋間脂肪： 8.0 %,"{""baseName"":""うし"",""part"":""もも"",""formModifiers"":[""脂身つき""],""state"":""生"",""notes"":[""畜肉類"",""乳用肥育牛肉""]}",牛もも（脂身つき）は良質なタンパク質とエネルギー源として適切,9
11,11048,1668,＜畜肉類＞　うし　［乳用肥育牛肉］　もも　皮下脂肪なし　生,0,708,169,68.2,17.1,20.5,9.2,67,9.9,(0.4),,(0.4),4.4,*,(0),-,0.4,-,1.0,50,340,4,23,190,1.3,4.7,0.08,0.01,Tr,20,1,Tr,2,0,0,0,0,2,0,0.5,0,Tr,0,4,0.08,0.21,5.1,9.4,0.33,1.2,9,1.06,2.1,1,-,0.1,試料： ホルスタイン種（去勢、肥育牛）\n筋間脂肪： 8.5 %,"{""baseName"":""うし"",""part"":""もも"",""formModifiers"":[""皮下脂肪なし""],""state"":""生"",""notes"":[""畜肉類"",""乳用肥育牛肉""]}",牛もも（皮下脂肪なし）は低脂肪の良質なタンパク源で犬のレシピ素材として適している,10
11,11050,1669,＜畜肉類＞　うし　［乳用肥育牛肉］　もも　皮下脂肪なし　ゆで,0,983,235,56.4,25.0,28.4,12.8,94,13.8,(0.6),,(0.5),5.0,*,(0),-,0.6,-,0.8,35,220,5,20,160,1.7,6.6,0.11,0.01,Tr,25,0,0,0,0,0,0,0,0,0,0.1,0,0,0,7,0.07,0.23,4.1,10.0,0.40,1.5,11,0.78,2.5,0,-,0.1,試料： ホルスタイン種（去勢、肥育牛）,"{""baseName"":""うし"",""part"":""もも"",""formModifiers"":[""皮下脂肪なし""],""state"":""ゆで"",""notes"":[""畜肉類"",""乳用肥育牛肉""]}",加熱された牛もも肉で良質なタンパク源。犬のレシピ素材として適している。,9
11,11049,1670,＜畜肉類＞　うし　［乳用肥育牛肉］　もも　皮下脂肪なし　焼き,0,951,227,56.9,23.4,28.0,12.0,87,13.2,(0.6),,(0.5),6.4,*,(0),-,0.6,-,1.3,65,430,5,28,230,1.7,6.4,0.11,0.02,1,24,Tr,1,0,0,0,0,0,0,0,0.2,0,0,0,6,0.10,0.27,7.6,13.0,0.39,1.9,12,1.08,2.5,1,-,0.2,試料： ホルスタイン種（去勢、肥育牛）,"{""baseName"":""うし"",""part"":""もも"",""formModifiers"":[""皮下脂肪なし""],""state"":""焼き"",""notes"":[""畜肉類"",""乳用肥育牛肉""]}",焼いた牛もも肉は良質なタンパク源で犬のレシピ素材として適切,9
11,11051,1671,＜畜肉類＞　うし　［乳用肥育牛肉］　もも　赤肉　生,0,546,130,71.7,(17.9),21.9,4.2,65,4.9,(0.4),,(0.4),5.2,*,(0),-,0.4,-,1.1,52,360,4,24,200,2.7,5.1,0.09,0.01,-,-,-,-,1,0,0,0,0,1,0,0.4,0,0,0,2,0.09,0.22,5.4,(10),0.35,1.3,10,1.12,-,1,-,0.1,試料： ホルスタイン種（去勢、肥育牛）\n皮下脂肪及び筋間脂肪を除いたもの,"{""baseName"":""うし"",""part"":""もも"",""formModifiers"":[""赤肉""],""state"":""生"",""notes"":[""畜肉類"",""乳用肥育牛肉""]}",牛もも肉は良質な動物性たんぱく源で犬のレシピ素材として適する。,9
11,11052,1672,＜畜肉類＞　うし　［乳用肥育牛肉］　もも　脂身　生,0,2446,594,30.2,(4.8),5.1,63.8,92,64.1,(0.2),*,(0.2),0.8,,(0),-,0.2,-,0.4,30,140,2,7,56,1.1,0.7,0.02,0.01,-,-,-,-,17,0,0,0,0,17,0,1.9,Tr,0.1,0,23,0.03,0.03,1.9,(2.4),0.11,0.4,2,0.43,-,1,-,0.1,試料： ホルスタイン種（去勢、肥育牛）\n皮下脂肪及び筋間脂肪,"{""baseName"":""うし"",""part"":""もも"",""formModifiers"":[""脂身""],""state"":""生"",""notes"":[""畜肉類"",""乳用肥育牛肉""]}",牛もも肉（脂身）は良質なタンパク・脂質源で犬のレシピに適している,10
11,11053,1673,＜畜肉類＞　うし　［乳用肥育牛肉］　そともも　脂身つき　生,0,915,220,64.0,(15.0),18.2,(15.9),68,16.3,(0.6),,(0.5),4.2,*,(0),-,0.6,-,0.9,55,310,4,20,150,1.4,3.2,0.06,Tr,-,-,-,-,5,-,-,-,0,5,0,0.5,0,Tr,0,8,0.08,0.17,4.4,(8.1),0.34,1.6,6,0.91,-,1,-,0.1,試料： ホルスタイン種（去勢、肥育牛）\n皮下脂肪： 9.9 %、筋間脂肪： 9.3 %,"{""baseName"":""うし"",""part"":""そともも"",""formModifiers"":[""脂身つき""],""state"":""生"",""notes"":[""畜肉類"",""乳用肥育牛肉""]}",そとももは赤身主体のたんぱく源だが脂肪がやや多めで量に配慮が必要,8
11,11054,1674,＜畜肉類＞　うし　［乳用肥育牛肉］　そともも　皮下脂肪なし　生,0,747,179,67.8,(16.0),19.6,(10.7),66,11.1,(0.6),,(0.5),4.5,*,(0),-,0.6,-,0.9,57,330,4,21,160,1.3,3.5,0.07,Tr,-,-,-,-,4,-,-,-,0,4,0,0.4,0,Tr,0,6,0.09,0.19,4.6,(8.7),0.37,1.7,6,0.96,-,1,-,0.1,試料： ホルスタイン種（去勢、肥育牛）\n筋間脂肪： 10.4 %,"{""baseName"":""うし"",""part"":""そともも"",""formModifiers"":[""皮下脂肪なし""],""state"":""生"",""notes"":[""畜肉類"",""乳用肥育牛肉""]}",牛そともも（生）は良質な赤身肉で犬のレシピ素材として適している,9
11,11055,1675,＜畜肉類＞　うし　［乳用肥育牛肉］　そともも　赤肉　生,0,551,131,72.0,(17.4),21.3,4.6,63,5.0,(0.7),,(0.6),5.0,*,(0),-,0.7,-,1.0,61,360,4,23,170,2.4,3.8,0.07,0,-,-,-,-,2,-,-,-,Tr,2,0,0.2,0,0,0,5,0.09,0.21,5.0,(9.5),0.40,1.9,7,1.02,-,1,-,0.2,試料： ホルスタイン種（去勢、肥育牛）\n皮下脂肪及び筋間脂肪を除いたもの,"{""baseName"":""うし"",""part"":""そともも"",""formModifiers"":[""赤肉""],""state"":""生"",""notes"":[""畜肉類"",""乳用肥育牛肉""]}",良質な動物性たんぱく質で犬のレシピ素材として理想的,10
11,11056,1676,＜畜肉類＞　うし　［乳用肥育牛肉］　ランプ　脂身つき　生,0,971,234,62.1,(15.3),18.6,(17.1),65,17.8,(0.6),,(0.5),4.6,*,(0),-,0.6,-,0.9,54,300,4,20,150,1.4,3.7,0.08,Tr,-,-,-,-,6,-,-,-,0,6,0,0.7,0,0.1,0,8,0.08,0.19,3.7,(7.5),0.30,1.6,6,0.93,-,1,-,0.1,試料： ホルスタイン種（去勢、肥育牛）\n皮下脂肪： 7.7 %、筋間脂肪： 12.4 %,"{""baseName"":""うし"",""part"":""ランプ"",""formModifiers"":[""脂身つき""],""state"":""生"",""notes"":[""畜肉類"",""乳用肥育牛肉""]}",牛ランプ肉（脂身つき）は良質な赤身肉で犬のレシピ素材として適している。,9
11,11057,1677,＜畜肉類＞　うし　［乳用肥育牛肉］　ランプ　皮下脂肪なし　生,0,845,203,64.9,(16.1),19.7,(13.2),63,13.9,(0.6),,(0.5),4.9,*,(0),-,0.6,-,0.9,56,310,4,21,160,1.3,3.9,0.09,Tr,-,-,-,-,5,-,-,-,0,5,0,0.6,0,0.1,0,6,0.09,0.20,3.9,(8.0),0.31,1.7,6,0.98,-,1,-,0.1,試料： ホルスタイン種（去勢、肥育牛）\n筋間脂肪： 13.4 %,"{""baseName"":""うし"",""part"":""ランプ"",""formModifiers"":[""皮下脂肪なし""],""state"":""生"",""notes"":[""畜肉類"",""乳用肥育牛肉""]}",生の牛ランプ肉は良質なたんぱく源で犬の素材として非常に適している。,9
11,11058,1678,＜畜肉類＞　うし　［乳用肥育牛肉］　ランプ　赤肉　生,0,596,142,70.2,(17.9),22.0,5.3,59,6.1,(0.7),,(0.6),5.5,*,(0),-,0.7,-,1.0,60,340,4,23,180,2.7,4.4,0.10,0,-,-,-,-,3,-,-,-,Tr,3,0,0.4,0,0.1,0,4,0.10,0.23,4.2,(8.8),0.34,1.9,7,1.06,-,2,-,0.2,試料： ホルスタイン種（去勢、肥育牛）\n皮下脂肪及び筋間脂肪を除いたもの,"{""baseName"":""うし"",""part"":""ランプ"",""formModifiers"":[""赤肉""],""state"":""生"",""notes"":[""畜肉類"",""乳用肥育牛肉""]}",牛ランプは良質な赤身肉で犬のレシピ素材として非常に適している,10
11,11059,1679,＜畜肉類＞　うし　［乳用肥育牛肉］　ヒレ　赤肉　生,0,740,177,67.3,17.7,20.8,10.1,60,11.2,(0.5),,(0.4),3.8,*,(0),-,0.5,-,1.0,56,380,4,23,200,2.4,3.4,0.08,0.01,1,15,0,1,4,0,1,Tr,2,4,0,0.5,0,0,0,4,0.12,0.26,4.7,9.2,0.43,3.0,11,0.90,2.1,1,-,0.1,試料： ホルスタイン種（去勢、肥育牛）,"{""baseName"":""うし"",""part"":""ヒレ"",""formModifiers"":[""赤肉""],""state"":""生"",""notes"":[""畜肉類"",""乳用肥育牛肉""]}",牛ヒレ赤肉（生）は良質なタンパク源で犬のレシピ素材として理想的,10
11,11253,1680,＜畜肉類＞　うし　［乳用肥育牛肉］　ヒレ　赤肉　焼き,0,993,238,56.3,24.8,27.2,13.6,74,15.2,(0.4),,(0.4),4.0,*,(0),-,0.4,-,1.3,74,440,5,28,230,3.5,6.0,0.12,0.01,1,19,1,1,3,0,1,0,1,3,0,0.3,0,0,0,6,0.16,0.35,6.2,12.0,0.45,4.9,10,1.16,3.9,Tr,-,0.2,試料： ホルスタイン種（去勢、肥育牛）,"{""baseName"":""うし"",""part"":""ヒレ"",""formModifiers"":[""赤肉""],""state"":""焼き"",""notes"":[""畜肉類"",""乳用肥育牛肉""]}",牛ヒレの焼き肉は良質な赤身タンパクで犬のレシピ素材として適している,10
11,11254,1681,＜畜肉類＞　うし　［交雑牛肉］　リブロース　脂身つき　生,0,2016,489,36.2,10.3,12.0,49.6,88,51.8,(0.3),*,(0.2),3.3,,(0),-,0.3,-,0.6,42,190,3,11,99,1.2,3.0,0.03,0,1,10,1,1,3,0,2,1,2,3,0,0.6,0,0.1,0,7,0.05,0.10,3.2,5.4,0.21,1.1,6,0.45,1.4,1,-,0.1,皮下脂肪： 15.8 %、筋間脂肪： 20.0 %,"{""baseName"":""うし"",""part"":""リブロース"",""formModifiers"":[""脂身つき""],""state"":""生"",""notes"":[""畜肉類"",""交雑牛肉""]}",牛肉は良質なタンパク源で犬のレシピ素材として適している（脂肪量には注意）,9
11,11256,1682,＜畜肉類＞　うし　［交雑牛肉］　リブロース　脂身つき　ゆで,0,2228,540,29.1,12.4,13.2,54.5,100,56.5,(0.1),*,(0.1),3.8,,(0),-,0.1,-,0.2,16,58,2,7,56,1.3,3.7,0.03,0,Tr,11,1,Tr,0,0,2,1,2,Tr,0,0.7,0,0.1,0,9,0.03,0.08,1.4,4.1,0.14,1.3,3,0.25,1.6,0,-,0,,"{""baseName"":""うし"",""part"":""リブロース"",""formModifiers"":[""脂身つき""],""state"":""ゆで"",""notes"":[""畜肉類"",""交雑牛肉""]}",ゆでたリブロースは良質なたんぱく源だが脂身が多いため与え方に配慮が必要。,9
11,11255,1683,＜畜肉類＞　うし　［交雑牛肉］　リブロース　脂身つき　焼き,0,2371,575,26.4,12.6,14.5,58.2,100,60.1,(0.2),*,(0.2),2.2,,(0),-,0.2,-,0.6,47,190,3,12,100,1.5,3.8,0.04,0,1,11,1,1,0,0,2,1,2,0,0,0.7,0,0.1,0,10,0.06,0.11,3.3,5.8,0.20,1.8,14,0.50,1.8,Tr,-,0.1,,"{""baseName"":""うし"",""part"":""リブロース"",""formModifiers"":[""脂身つき""],""state"":""焼き"",""notes"":[""畜肉類"",""交雑牛肉""]}",焼きリブロースは加熱済みの良質なたんぱく源で犬のレシピに適している,9
11,11257,1684,＜畜肉類＞　うし　［交雑牛肉］　リブロース　皮下脂肪なし　生,0,1808,438,41.0,11.7,13.6,43.3,84,45.2,(0.3),*,(0.3),3.3,,(0),-,0.3,-,0.6,48,220,3,13,110,1.3,3.5,0.04,0,1,11,1,1,3,0,1,1,2,3,0,0.5,0,0.1,0,6,0.05,0.11,3.6,6.2,0.24,1.2,6,0.50,1.5,1,-,0.1,筋間脂肪： 23.7 %,"{""baseName"":""うし"",""part"":""リブロース"",""formModifiers"":[""皮下脂肪なし""],""state"":""生"",""notes"":[""畜肉類"",""交雑牛肉""]}",脂肪を取り除いた牛リブロースは良質なたんぱく源で素材として適切,9
11,11258,1685,＜畜肉類＞　うし　［交雑牛肉］　リブロース　赤肉　生,0,1400,338,50.5,14.5,16.7,31.0,75,32.3,(0.4),*,(0.4),3.2,,(0),-,0.4,-,0.8,59,270,3,16,140,1.7,4.5,0.04,0,1,14,1,2,2,0,1,Tr,1,2,0,0.4,0,0.1,0,4,0.07,0.14,4.6,7.9,0.31,1.4,7,0.61,1.6,1,-,0.1,皮下脂肪及び筋間脂肪を除いたもの,"{""baseName"":""うし"",""part"":""リブロース"",""formModifiers"":[""赤肉""],""state"":""生"",""notes"":[""畜肉類"",""交雑牛肉""]}",理想的な動物性たんぱく源で犬のレシピ素材として優れている,10
11,11259,1686,＜畜肉類＞　うし　［交雑牛肉］　リブロース　脂身　生,0,3121,759,10.6,2.9,3.6,83.0,110,86.7,0,*,0,3.3,,(0),-,0,-,0.2,13,39,2,2,25,0.3,0.3,0.01,0,1,2,1,Tr,4,0,3,1,4,5,0,0.9,0,0.1,0,11,0.01,0.02,0.6,0.9,0.02,0.7,5,0.16,0.9,Tr,-,0,皮下脂肪及び筋間脂肪,"{""baseName"":""うし"",""part"":""リブロース"",""formModifiers"":[""脂身""],""state"":""生"",""notes"":[""畜肉類"",""交雑牛肉""]}",牛リブロースの脂身はエネルギー源になるが脂肪が多く膵炎リスクに注意,8
11,11260,1687,＜畜肉類＞　うし　［交雑牛肉］　ばら　脂身つき　生,0,1839,445,41.4,10.8,12.2,42.6,98,44.4,(0.3),,(0.3),4.6,*,(0),-,0.3,-,0.5,59,200,3,12,110,1.4,3.0,0.03,0,1,10,1,Tr,3,0,2,1,2,3,0,0.5,0,Tr,0,10,0.05,0.10,3.2,5.5,0.23,1.7,6,0.40,1.6,1,-,0.2,,"{""baseName"":""うし"",""part"":""ばら"",""formModifiers"":[""脂身つき""],""state"":""生"",""notes"":[""畜肉類"",""交雑牛肉""]}",牛ばら（脂身つき）は良質な動物性タンパクと脂肪を含み、犬のレシピ素材として適切。,9
11,11261,1688,＜畜肉類＞　うし　［交雑牛肉］　もも　脂身つき　生,0,1291,312,53.9,14.6,16.4,28.0,85,28.9,(0.4),*,(0.3),2.7,,(0),-,0.4,-,0.8,63,270,3,17,140,2.1,3.9,0.06,0,1,14,1,1,2,0,1,0,1,2,0,0.3,0,Tr,0,8,0.08,0.16,3.9,7.3,0.31,2.1,12,0.62,2.0,1,-,0.2,皮下脂肪： 13.5 %、筋間脂肪： 6.0 %,"{""baseName"":""うし"",""part"":""もも"",""formModifiers"":[""脂身つき""],""state"":""生"",""notes"":[""畜肉類"",""交雑牛肉""]}",牛もも肉は良質なたんぱく源で犬のレシピ素材として非常に適切。,9
11,11262,1689,＜畜肉類＞　うし　［交雑牛肉］　もも　皮下脂肪なし　生,0,1037,250,59.5,16.2,18.3,20.4,76,21.6,(0.4),*,(0.4),3.0,,(0),-,0.4,-,0.9,68,300,3,19,160,2.3,4.5,0.07,0,1,16,1,1,1,0,1,0,1,1,0,0.2,0,0,0,6,0.09,0.18,4.3,8.2,0.35,2.3,14,0.69,2.2,1,-,0.2,筋間脂肪： 7.0 %,"{""baseName"":""うし"",""part"":""もも"",""formModifiers"":[""皮下脂肪なし""],""state"":""生"",""notes"":[""畜肉類"",""交雑牛肉""]}",良質な動物性タンパク源で犬のレシピ素材として適している。,9
11,11264,1690,＜畜肉類＞　うし　［交雑牛肉］　もも　皮下脂肪なし　ゆで,0,1374,331,49.8,22.7,25.7,26.6,98,28.2,(0.2),*,(0.2),0.5,,(0),-,0.2,-,0.4,29,130,3,15,120,2.8,5.8,0.08,0,1,27,1,Tr,0,0,1,0,1,0,0,0.6,0,0.1,0,7,0.05,0.15,3.3,8.8,0.32,1.6,12,0.38,2.6,0,-,0.1,,"{""baseName"":""うし"",""part"":""もも"",""formModifiers"":[""皮下脂肪なし""],""state"":""ゆで"",""notes"":[""畜肉類"",""交雑牛肉""]}",低脂肪の茹でた牛ももは良質なタンパク源で犬の素材として適している。,9
11,11263,1691,＜畜肉類＞　うし　［交雑牛肉］　もも　皮下脂肪なし　焼き,0,1298,313,49.7,21.4,25.0,25.0,93,27.6,(0.5),*,(0.4),2.8,,(0),-,0.5,-,1.0,63,320,4,21,190,2.9,5.6,0.08,0,1,23,1,1,1,0,1,0,1,1,0,0.5,0,0.1,0,6,0.09,0.18,5.1,10.0,0.40,2.1,15,0.77,2.7,1,-,0.2,,"{""baseName"":""うし"",""part"":""もも"",""formModifiers"":[""皮下脂肪なし""],""state"":""焼き"",""notes"":[""畜肉類"",""交雑牛肉""]}",牛もも（皮下脂肪なし）焼きは良質な赤身たんぱく源で犬のレシピ素材として適切。,9
11,11265,1692,＜畜肉類＞　うし　［交雑牛肉］　もも　赤肉　生,0,922,222,62.7,17.1,19.3,16.9,71,17.5,(0.5),*,(0.4),2.4,,(0),-,0.5,-,0.9,71,320,4,20,170,2.4,4.8,0.07,0,1,17,1,1,1,0,1,0,1,1,0,0.2,0,0,0,5,0.10,0.19,4.5,8.7,0.38,2.4,15,0.73,2.3,1,-,0.2,皮下脂肪及び筋間脂肪を除いたもの,"{""baseName"":""うし"",""part"":""もも"",""formModifiers"":[""赤肉""],""state"":""生"",""notes"":[""畜肉類"",""交雑牛肉""]}",牛もも肉は赤身の良質なたんぱく源で犬の素材として適切,9
11,11266,1693,＜畜肉類＞　うし　［交雑牛肉］　もも　脂身　生,0,2807,682,17.6,4.6,4.8,73.7,140,75.8,(0.1),*,(0.1),3.9,,(0),-,0.1,-,0.2,29,81,2,4,37,0.5,0.4,0.01,0,1,3,2,1,4,0,4,1,4,5,0,0.8,0,0.1,0,19,0.02,0.02,1.1,1.6,0.04,0.8,3,0.17,1.1,Tr,-,0.1,皮下脂肪及び筋間脂肪,"{""baseName"":""うし"",""part"":""もも"",""formModifiers"":[""脂身""],""state"":""生"",""notes"":[""畜肉類"",""交雑牛肉""]}",牛もも（脂身）は良質な動物性タンパク・脂質源で、犬の素材として適しています。,9
11,11267,1694,＜畜肉類＞　うし　［交雑牛肉］　ヒレ　赤肉　生,0,954,229,62.3,16.8,19.0,16.4,60,18.0,(0.4),,(0.4),3.6,*,(0),-,0.4,-,0.9,56,330,4,21,180,2.7,3.8,0.07,0,Tr,15,0,1,2,0,1,0,1,2,0,0.1,0,0,0,2,0.11,0.23,4.4,8.6,0.39,2.0,9,0.85,1.8,1,-,0.1,,"{""baseName"":""うし"",""part"":""ヒレ"",""formModifiers"":[""赤肉""],""state"":""生"",""notes"":[""畜肉類"",""交雑牛肉""]}",良質なタンパク源で犬のレシピ素材として理想的。,10
11,11060,1695,＜畜肉類＞　うし　［輸入牛肉］　かた　脂身つき　生,0,667,160,69.4,-,19.0,9.3,59,10.6,(0.1),*,(0.1),1.4,,(0),-,0.1,-,0.9,54,320,4,20,170,1.1,5.0,0.08,Tr,-,-,-,-,7,-,-,-,0,7,0.3,0.6,0,0,0,3,0.08,0.22,3.0,6.2,0.26,2.2,5,0.89,-,1,-,0.1,皮下脂肪： 5.3 %、筋間脂肪： 5.4 %,"{""baseName"":""うし"",""part"":""かた"",""formModifiers"":[""脂身つき""],""state"":""生"",""notes"":[""畜肉類"",""輸入牛肉""]}",輸入牛のかた（生）。良質な動物性たんぱく源で犬のレシピ素材として適している。,9
11,11061,1696,＜畜肉類＞　うし　［輸入牛肉］　かた　皮下脂肪なし　生,0,580,138,71.5,-,19.6,6.6,59,7.8,(0.1),*,(0.1),1.3,,(0),-,0.1,-,1.0,56,330,4,21,180,1.0,5.3,0.09,Tr,-,-,-,-,5,-,-,-,0,5,0.3,0.6,0,0,0,2,0.08,0.23,3.1,6.4,0.27,2.3,6,0.92,-,1,-,0.1,筋間脂肪： 5.7 %,"{""baseName"":""うし"",""part"":""かた"",""formModifiers"":[""皮下脂肪なし""],""state"":""生"",""notes"":[""畜肉類"",""輸入牛肉""]}",牛肉は良質なタンパク源で犬のレシピ素材として適切。,9
11,11062,1697,＜畜肉類＞　うし　［輸入牛肉］　かた　赤肉　生,0,481,114,73.9,-,20.4,3.6,59,4.6,(0.1),*,(0.1),1.1,,(0),-,0.1,-,1.0,58,340,4,22,180,2.4,5.5,0.09,0,-,-,-,-,4,-,-,-,Tr,4,0.2,0.6,0,0,0,1,0.09,0.25,3.2,6.6,0.27,2.4,6,0.95,-,1,-,0.1,皮下脂肪及び筋間脂肪を除いたもの,"{""baseName"":""うし"",""part"":""かた"",""formModifiers"":[""赤肉""],""state"":""生"",""notes"":[""畜肉類"",""輸入牛肉""]}",良質な赤身肉で犬のレシピ素材として適している,9
11,11063,1698,＜畜肉類＞　うし　［輸入牛肉］　かた　脂身　生,0,2210,537,32.0,-,7.1,56.5,65,60.5,0,*,0,4.0,,(0),-,0,-,0.4,24,140,6,7,65,0.9,1.1,0.03,0.01,-,-,-,-,30,-,-,-,(0),30,1.2,1.2,0,0,0,15,0.03,0.04,1.6,2.8,0.14,0.5,3,0.36,-,1,-,0.1,皮下脂肪及び筋間脂肪,"{""baseName"":""うし"",""part"":""かた"",""formModifiers"":[""脂身""],""state"":""生"",""notes"":[""畜肉類"",""輸入牛肉""]}",輸入牛のかた（脂身）は良質なたんぱく質・脂質源で犬のレシピ素材として適している。,10
11,11064,1699,＜畜肉類＞　うし　［輸入牛肉］　かたロース　脂身つき　生,0,918,221,63.8,(15.1),17.9,(15.8),69,17.4,(0.1),,(0.1),4.5,*,(0),-,0.1,-,0.8,49,300,4,18,150,1.2,5.8,0.07,0.01,-,-,-,-,10,-,-,-,2,10,0.4,0.7,0,0,0,5,0.07,0.20,3.5,(7.1),0.25,1.8,7,1.00,-,1,-,0.1,皮下脂肪： 0.5 %、筋間脂肪： 12.1 %,"{""baseName"":""うし"",""part"":""かたロース"",""formModifiers"":[""脂身つき""],""state"":""生"",""notes"":[""畜肉類"",""輸入牛肉""]}",輸入牛のかたロースも良質なタンパク源で犬の素材として適切,9
11,11065,1700,＜畜肉類＞　うし　［輸入牛肉］　かたロース　皮下脂肪なし　生,0,909,219,64.0,(15.2),18.0,(15.5),69,17.1,(0.1),,(0.1),4.5,*,(0),-,0.1,-,0.8,49,300,4,18,150,1.2,5.8,0.07,0.01,-,-,-,-,10,-,-,-,2,10,0.4,0.7,0,0,0,5,0.07,0.20,3.5,(7.2),0.25,1.8,8,1.00,-,1,-,0.1,筋間脂肪：12.1 %,"{""baseName"":""うし"",""part"":""かたロース"",""formModifiers"":[""皮下脂肪なし""],""state"":""生"",""notes"":[""畜肉類"",""輸入牛肉""]}",牛かたロースは良質なたんぱく源で犬の素材として適している,10
11,11066,1701,＜畜肉類＞　うし　［輸入牛肉］　かたロース　赤肉　生,0,670,160,69.8,(16.6),19.7,8.6,69,9.5,(0.1),,(0.1),4.1,*,(0),-,0.1,-,0.9,54,320,4,20,170,2.4,6.4,0.08,0.01,-,-,-,-,7,-,-,-,Tr,7,0.2,0.5,0,Tr,0,3,0.07,0.23,3.8,(7.9),0.27,2.1,8,1.11,-,2,-,0.1,皮下脂肪及び筋間脂肪を除いたもの,"{""baseName"":""うし"",""part"":""かたロース"",""formModifiers"":[""赤肉""],""state"":""生"",""notes"":[""畜肉類"",""輸入牛肉""]}",牛肉は良質なタンパク源で犬のレシピ素材として理想的,10
11,11067,1702,＜畜肉類＞　うし　［輸入牛肉］　リブロース　脂身つき　生,0,883,212,63.8,17.3,20.1,14.2,66,15.4,(0.4),,(0.3),3.8,*,(0),-,0.4,-,0.9,44,330,4,20,170,2.2,4.7,0.07,0.01,1,20,0,1,9,0,2,0,2,9,0.4,0.7,0,0,0,4,0.08,0.16,5.0,9.1,0.37,1.3,7,0.85,1.4,2,-,0.1,皮下脂肪： 1.8 %、筋間脂肪： 8.2 %,"{""baseName"":""うし"",""part"":""リブロース"",""formModifiers"":[""脂身つき""],""state"":""生"",""notes"":[""畜肉類"",""輸入牛肉""]}",牛のリブロース（脂身つき）はエネルギー源として有用な肉類素材である。,9
11,11269,1703,＜畜肉類＞　うし　［輸入牛肉］　リブロース　脂身つき　ゆで,0,1276,307,50.2,23.0,25.8,21.9,94,23.9,(0.1),,(0.1),4.4,*,(0),-,0.1,-,0.5,18,130,2,14,110,2.7,6.5,0.08,0,1,24,Tr,1,14,0,2,0,2,14,0.5,1.0,0,-,0,5,0.04,0.14,2.7,8.2,0.26,1.3,6,0.50,1.7,0,-,0,,"{""baseName"":""うし"",""part"":""リブロース"",""formModifiers"":[""脂身つき""],""state"":""ゆで"",""notes"":[""畜肉類"",""輸入牛肉""]}",ゆでた牛リブロースは良質なたんぱく質と脂質の供給源で料理素材として適切。,9
11,11268,1704,＜畜肉類＞　うし　［輸入牛肉］　リブロース　脂身つき　焼き,0,1275,306,49.8,21.6,25.0,21.9,89,23.9,(0.3),,(0.3),5.7,*,(0),-,0.3,-,1.0,41,320,3,21,180,2.9,6.3,0.08,Tr,1,23,Tr,1,12,0,2,0,2,12,0.5,1.1,0,0,0,5,0.08,0.18,5.0,10.0,0.40,1.6,7,1.07,1.9,1,-,0.1,,"{""baseName"":""うし"",""part"":""リブロース"",""formModifiers"":[""脂身つき""],""state"":""焼き"",""notes"":[""畜肉類"",""輸入牛肉""]}",輸入牛のリブロース焼きは良質なタンパク源であるが脂身が多い点に配慮が必要。,9
11,11068,1705,＜畜肉類＞　うし　［輸入牛肉］　リブロース　皮下脂肪なし　生,0,848,203,64.5,(17.1),20.3,13.1,66,14.4,(0.4),,(0.3),4.3,*,(0),-,0.4,-,0.9,45,330,4,20,170,2.2,4.8,0.07,0.01,1,21,0,1,9,0,1,0,1,9,0.4,0.7,0,0,0,4,0.08,0.16,5.1,(9.2),0.38,1.4,7,0.87,1.4,2,-,0.1,筋間脂肪： 8.3 %,"{""baseName"":""うし"",""part"":""リブロース"",""formModifiers"":[""皮下脂肪なし""],""state"":""生"",""notes"":[""畜肉類"",""輸入牛肉""]}",牛リブロースは良質なタンパク質と脂肪源で犬のレシピ素材として非常に適している。,10
11,11069,1706,＜畜肉類＞　うし　［輸入牛肉］　リブロース　赤肉　生,0,681,163,68.6,(18.3),21.7,8.2,65,9.1,(0.4),,(0.4),3.9,*,(0),-,0.4,-,1.0,47,350,4,21,180,2.3,5.2,0.07,0.01,1,22,0,1,7,0,0,0,0,7,0.2,0.6,0,0,0,3,0.09,0.17,5.4,(9.9),0.40,1.5,7,0.93,1.5,2,-,0.1,皮下脂肪及び筋間脂肪を除いたもの,"{""baseName"":""うし"",""part"":""リブロース"",""formModifiers"":[""赤肉""],""state"":""生"",""notes"":[""畜肉類"",""輸入牛肉""]}",牛リブロースは良質なタンパク質と脂肪を供給する優れた素材である,10
11,11070,1707,＜畜肉類＞　うし　［輸入牛肉］　リブロース　脂身　生,0,2690,653,19.9,(4.7),5.7,66.7,71,73.1,(0.1),,(0.1),8.3,*,(0),-,0.1,-,0.3,17,130,1,6,53,1.1,1.1,0.02,0,Tr,4,Tr,0,28,0,17,0,17,29,2.2,1.6,0,0,0,16,0.01,0.02,1.6,(2.0),0.11,0.3,2,0.21,0.5,0,-,0,皮下脂肪及び筋間脂肪,"{""baseName"":""うし"",""part"":""リブロース"",""formModifiers"":[""脂身""],""state"":""生"",""notes"":[""畜肉類"",""輸入牛肉""]}",輸入牛リブロースは良質なたんぱく源だが脂肪分が高い点に注意,8
11,11071,1708,＜畜肉類＞　うし　［輸入牛肉］　サーロイン　脂身つき　生,0,1135,273,57.7,(14.7),17.4,(21.5),59,23.7,(0.4),,(0.4),5.4,*,(0),-,0.4,-,0.8,39,290,3,18,150,1.4,3.1,0.06,0,-,-,-,-,10,-,-,-,5,11,0.6,0.7,0,0,0,5,0.05,0.12,4.9,(8.4),0.42,0.6,5,0.52,-,1,-,0.1,皮下脂肪： 12.8 %、筋間脂肪： 15.5 %,"{""baseName"":""うし"",""part"":""サーロイン"",""formModifiers"":[""脂身つき""],""state"":""生"",""notes"":[""畜肉類"",""輸入牛肉""]}",牛サーロインは良質なたんぱく源で犬のレシピ素材として非常に適している,10
11,11072,1709,＜畜肉類＞　うし　［輸入牛肉］　サーロイン　皮下脂肪なし　生,0,910,218,63.1,(16.1),19.1,(14.9),57,16.5,(0.4),,(0.4),5.0,*,(0),-,0.4,-,0.9,42,320,4,20,170,1.3,3.4,0.07,0,-,-,-,-,8,-,-,-,3,8,0.4,0.6,0,0,0,4,0.06,0.13,5.4,(9.3),0.46,0.7,5,0.57,-,1,-,0.1,筋間脂肪： 17.8 %,"{""baseName"":""うし"",""part"":""サーロイン"",""formModifiers"":[""皮下脂肪なし""],""state"":""生"",""notes"":[""畜肉類"",""輸入牛肉""]}",サーロインの赤身は良質なたんぱく源で扱いやすい部位。,9
11,11073,1710,＜畜肉類＞　うし　［輸入牛肉］　サーロイン　赤肉　生,0,534,127,72.1,(18.5),22.0,3.8,55,4.4,(0.5),,(0.5),4.5,*,(0),-,0.5,-,1.0,48,360,4,23,190,2.2,3.9,0.08,0,-,-,-,-,4,-,-,-,Tr,4,0,0.4,0,0,0,1,0.06,0.16,6.2,(11.0),0.54,0.8,6,0.65,-,2,-,0.1,皮下脂肪及び筋間脂肪を除いたもの,"{""baseName"":""うし"",""part"":""サーロイン"",""formModifiers"":[""赤肉""],""state"":""生"",""notes"":[""畜肉類"",""輸入牛肉""]}",赤身の牛肉は良質なタンパク源で犬のレシピ素材として優れている。,9
11,11074,1711,＜畜肉類＞　うし　［輸入牛肉］　ばら　脂身つき　生,0,1396,338,51.8,-,14.4,31.0,67,32.9,(0.2),*,(0.2),2.1,,(0),-,0.2,-,0.7,52,230,4,14,130,1.5,3.0,0.05,0,-,-,-,-,24,-,-,-,Tr,24,0.4,1.1,0,0,0,13,0.05,0.12,3.9,6.3,0.28,1.3,5,0.50,-,1,-,0.1,別名： カルビ,"{""baseName"":""うし"",""part"":""ばら"",""formModifiers"":[""脂身つき""],""state"":""生"",""notes"":[""畜肉類"",""輸入牛肉""]}",牛ばら（脂身つき）は良質な動物性タンパクだが脂肪が多く過剰摂取で膵炎リスクがあるため分量に注意。,8
11,11075,1712,＜畜肉類＞　うし　［輸入牛肉］　もも　脂身つき　生,0,620,148,71.4,(16.5),19.6,7.5,61,8.6,(0.4),,(0.4),3.6,*,(0),-,0.4,-,1.0,41,310,3,21,170,2.4,3.8,0.08,0.01,-,-,-,-,5,0,2,0,2,5,0.2,0.5,0,0,0,4,0.08,0.19,5.0,(9.0),0.44,1.5,8,0.78,-,1,-,0.1,皮下脂肪： 3.4 %、筋間脂肪： 4.0 %,"{""baseName"":""うし"",""part"":""もも"",""formModifiers"":[""脂身つき""],""state"":""生"",""notes"":[""畜肉類"",""輸入牛肉""]}",牛ももは良質な赤身肉で犬のレシピ素材として非常に適している。,9
11,11076,1713,＜畜肉類＞　うし　［輸入牛肉］　もも　皮下脂肪なし　生,0,558,133,73.0,17.2,20.0,5.7,61,6.7,(0.4),,(0.4),3.1,*,(0),-,0.4,-,1.0,42,320,3,22,170,2.5,3.9,0.08,0.01,1,12,0,1,4,0,1,0,1,4,0.1,0.4,0,0,0,4,0.09,0.20,5.1,9.2,0.45,1.5,8,0.78,1.9,1,-,0.1,筋間脂肪： 4.2 %,"{""baseName"":""うし"",""part"":""もも"",""formModifiers"":[""皮下脂肪なし""],""state"":""生"",""notes"":[""畜肉類"",""輸入牛肉""]}",牛もも（脂肪少）は良質なたんぱく源で犬のレシピ素材として適切,10
11,11271,1714,＜畜肉類＞　うし　［輸入牛肉］　もも　皮下脂肪なし　ゆで,0,854,204,60.0,27.1,30.0,9.2,96,11.0,(0.2),,(0.2),3.1,*,(0),-,0.2,-,0.6,19,130,3,16,130,3.5,7.5,0.10,0.01,1,19,1,Tr,8,0,2,0,2,8,0,0.7,0,0,0,5,0.05,0.18,3.2,9.7,0.35,1.2,7,0.62,2.5,Tr,-,0,,"{""baseName"":""うし"",""part"":""もも"",""formModifiers"":[""皮下脂肪なし""],""state"":""ゆで"",""notes"":[""畜肉類"",""輸入牛肉""]}",加熱済みの赤身牛ももで良質なタンパク源、扱いやすい,10
11,11270,1715,＜畜肉類＞　うし　［輸入牛肉］　もも　皮下脂肪なし　焼き,0,858,205,60.4,24.1,28.0,11.9,89,14.1,(0.4),*,(0.4),2.5,,(0),-,0.4,-,1.1,41,320,4,23,190,3.3,6.6,0.09,0.02,1,17,1,1,8,0,1,0,1,8,0,0.6,0,0,0,8,0.08,0.22,5.6,11.0,0.53,1.7,10,0.88,2.6,1,-,0.1,,"{""baseName"":""うし"",""part"":""もも"",""formModifiers"":[""皮下脂肪なし""],""state"":""焼き"",""notes"":[""畜肉類"",""輸入牛肉""]}",焼き牛もも（脂肪少なめ）は良質な蛋白源で犬の素材として非常に適している。,10
11,11077,1716,＜畜肉類＞　うし　［輸入牛肉］　もも　赤肉　生,0,493,117,74.2,(17.8),21.2,3.6,62,4.3,(0.4),,(0.4),3.4,*,(0),-,0.4,-,1.0,44,340,4,23,180,2.6,4.1,0.08,0.01,-,-,-,-,3,0,0,0,0,3,0.1,0.4,0,0,0,3,0.09,0.21,5.4,(9.7),0.48,1.6,8,0.82,-,1,-,0.1,皮下脂肪及び筋間脂肪を除いたもの,"{""baseName"":""うし"",""part"":""もも"",""formModifiers"":[""赤肉""],""state"":""生"",""notes"":[""畜肉類"",""輸入牛肉""]}",牛もも赤肉は良質な動物性たんぱく源で犬のレシピ素材として理想的,10
11,11078,1717,＜畜肉類＞　うし　［輸入牛肉］　もも　脂身　生,0,2391,580,28.1,(6.0),6.3,58.7,77,64.4,(0.2),,(0.1),6.9,*,(0),-,0.2,-,0.4,19,120,2,7,61,0.9,0.8,0.02,0.01,-,-,-,-,35,0,31,0,31,38,0.9,1.2,0,0,0,19,0.02,0.03,1.6,(2.2),0.13,0.4,2,0.46,-,1,-,0,皮下脂肪及び筋間脂肪,"{""baseName"":""うし"",""part"":""もも"",""formModifiers"":[""脂身""],""state"":""生"",""notes"":[""畜肉類"",""輸入牛肉""]}",牛もも（脂身）は良質なタンパク源で犬のレシピ素材として適しています。,9
11,11079,1718,＜畜肉類＞　うし　［輸入牛肉］　そともも　脂身つき　生,0,820,197,65.8,(15.8),18.7,(12.7),65,14.3,(0.3),,(0.3),4.8,*,(0),-,0.3,-,0.9,48,320,4,20,170,1.1,2.9,0.08,Tr,-,-,-,-,9,-,-,-,6,9,0.3,0.7,0,0,0,6,0.06,0.16,4.3,(8.1),0.37,1.3,6,0.80,-,1,-,0.1,皮下脂肪： 4.5 %、筋間脂肪： 12.2 %,"{""baseName"":""うし"",""part"":""そともも"",""formModifiers"":[""脂身つき""],""state"":""生"",""notes"":[""畜肉類"",""輸入牛肉""]}",輸入牛のそともも（脂身つき）はエネルギーとたんぱく源として犬に適している,9
11,11080,1719,＜畜肉類＞　うし　［輸入牛肉］　そともも　皮下脂肪なし　生,0,745,178,67.6,(16.3),19.3,(10.5),64,11.9,(0.3),,(0.3),4.7,*,(0),-,0.3,-,0.9,49,330,4,20,180,1.0,3.0,0.08,Tr,-,-,-,-,7,-,-,-,4,8,0.3,0.7,0,0,0,5,0.06,0.17,4.4,(8.3),0.38,1.4,6,0.82,-,1,-,0.1,筋間脂肪： 12.8 %,"{""baseName"":""うし"",""part"":""そともも"",""formModifiers"":[""皮下脂肪なし""],""state"":""生"",""notes"":[""畜肉類"",""輸入牛肉""]}",牛肉は良質な動物性タンパク源で犬のレシピ素材として適している,9
11,11081,1720,＜畜肉類＞　うし　［輸入牛肉］　そともも　赤肉　生,0,494,117,73.6,(17.8),21.2,3.1,62,3.9,(0.3),,(0.3),4.4,*,(0),-,0.3,-,1.0,53,360,4,22,190,1.9,3.3,0.09,0,-,-,-,-,3,-,-,-,Tr,3,0.2,0.7,0,0,0,3,0.07,0.19,4.9,(9.3),0.42,1.5,7,0.87,-,1,-,0.1,皮下脂肪及び筋間脂肪を除いたもの,"{""baseName"":""うし"",""part"":""そともも"",""formModifiers"":[""赤肉""],""state"":""生"",""notes"":[""畜肉類"",""輸入牛肉""]}",牛赤肉のそとももは良質なタンパク源で犬のレシピ素材として適する。,9
11,11082,1721,＜畜肉類＞　うし　［輸入牛肉］　ランプ　脂身つき　生,0,892,214,63.8,(15.6),18.4,(14.7),64,16.4,(0.4),,(0.4),4.9,*,(0),-,0.4,-,1.0,45,310,3,20,170,1.3,3.4,0.10,Tr,-,-,-,-,10,-,-,-,7,11,0.4,0.8,0,0,0,5,0.09,0.24,4.0,(7.7),0.44,1.9,7,0.91,-,1,-,0.1,皮下脂肪： 9.7 %、筋間脂肪： 11.5 %,"{""baseName"":""うし"",""part"":""ランプ"",""formModifiers"":[""脂身つき""],""state"":""生"",""notes"":[""畜肉類"",""輸入牛肉""]}",生の牛ランプは良質なタンパク質と脂肪を含み犬のレシピ素材として適している。,9
11,11083,1722,＜畜肉類＞　うし　［輸入牛肉］　ランプ　皮下脂肪なし　生,0,729,174,67.7,(16.6),19.7,(9.8),62,11.1,(0.5),,(0.5),4.8,*,(0),-,0.5,-,1.0,47,330,4,21,190,1.1,3.7,0.11,Tr,-,-,-,-,8,-,-,-,4,8,0.3,0.8,0,0,0,4,0.10,0.26,4.2,(8.2),0.47,2.0,7,0.96,-,1,-,0.1,筋間脂肪： 12.8 %,"{""baseName"":""うし"",""part"":""ランプ"",""formModifiers"":[""皮下脂肪なし""],""state"":""生"",""notes"":[""畜肉類"",""輸入牛肉""]}",牛ランプ（生）は良質な動物性タンパク源で、犬のレシピ素材として理想的,10
11,11084,1723,＜畜肉類＞　うし　［輸入牛肉］　ランプ　赤肉　生,0,475,112,73.8,(18.2),21.6,2.4,60,3.0,(0.5),,(0.5),4.5,*,(0),-,0.5,-,1.1,52,360,4,23,210,2.6,4.1,0.12,0,-,-,-,-,4,-,-,-,Tr,4,0.2,0.7,0,0,0,1,0.11,0.29,4.6,(9.0),0.52,2.3,8,1.03,-,1,-,0.1,皮下脂肪及び筋間脂肪を除いたもの,"{""baseName"":""うし"",""part"":""ランプ"",""formModifiers"":[""赤肉""],""state"":""生"",""notes"":[""畜肉類"",""輸入牛肉""]}",牛ランプは良質な赤肉のタンパク源で理想的な素材。,10
11,11085,1724,＜畜肉類＞　うし　［輸入牛肉］　ヒレ　赤肉　生,0,519,123,73.3,(18.5),20.5,4.2,62,4.8,(0.3),,(0.3),2.9,*,(0),-,0.3,-,1.1,45,370,4,24,180,2.8,2.8,0.11,0.02,-,-,-,-,4,-,-,-,Tr,4,0.4,0.7,0,0,0,2,0.10,0.25,4.7,(8.7),0.39,2.0,5,1.26,-,1,-,0.1,,"{""baseName"":""うし"",""part"":""ヒレ"",""formModifiers"":[""赤肉""],""state"":""生"",""notes"":[""畜肉類"",""輸入牛肉""]}",牛ヒレは良質なタンパク源で犬のレシピ素材として適している,9
11,11086,1725,＜畜肉類＞　うし　［子牛肉］　リブロース　皮下脂肪なし　生,0,399,94,76.0,(17.9),21.7,0.5,64,0.9,(0.3),,(0.3),4.5,*,(0),-,0.3,-,1.1,67,360,5,23,190,1.6,2.8,0.07,0,-,-,-,-,0,-,-,-,Tr,0,0,0.1,0,0,0,Tr,0.09,0.17,8.9,(13.0),0.48,1.2,6,0.72,-,1,-,0.2,,"{""baseName"":""うし"",""part"":""リブロース"",""formModifiers"":[""皮下脂肪なし""],""state"":""生"",""notes"":[""畜肉類"",""子牛肉""]}",子牛リブロースは良質なたんぱく源だが脂肪量に配慮して使用する。,9
11,11087,1726,＜畜肉類＞　うし　［子牛肉］　ばら　皮下脂肪なし　生,0,475,113,74.5,(17.2),20.9,2.9,71,3.6,0,,0,4.4,*,(0),-,0,-,1.0,100,320,6,19,160,1.7,3.6,0.07,0,-,-,-,-,3,-,-,-,Tr,3,0,0.2,0,0,0,3,0.10,0.18,6.2,(9.7),0.26,1.6,3,0.84,-,1,-,0.3,,"{""baseName"":""うし"",""part"":""ばら"",""formModifiers"":[""皮下脂肪なし""],""state"":""生"",""notes"":[""畜肉類"",""子牛肉""]}",子牛のばら肉は良質な動物性タンパク源でレシピ素材として適している,9
11,11088,1727,＜畜肉類＞　うし　［子牛肉］　もも　皮下脂肪なし　生,0,452,107,74.8,(17.4),21.2,2.1,71,2.7,(0.2),,(0.2),4.6,*,(0),-,0.2,-,1.1,54,390,5,23,200,1.3,2.3,0.06,0,-,-,-,-,3,-,-,-,Tr,3,0,0.1,0,0,0,1,0.08,0.16,9.3,(13.0),0.44,0.8,5,0.72,-,1,-,0.1,,"{""baseName"":""うし"",""part"":""もも"",""formModifiers"":[""皮下脂肪なし""],""state"":""生"",""notes"":[""畜肉類"",""子牛肉""]}",子牛もも肉（生）は高品質な肉類で犬のレシピ素材として適している,10
11,11089,1728,＜畜肉類＞　うし　［ひき肉］　生,0,1040,251,61.4,14.4,17.1,19.8,64,21.1,(0.3),,(0.3),3.6,*,(0),-,0.3,-,0.8,64,260,6,17,100,2.4,5.2,0.06,Tr,1,11,2,1,12,0,11,0,11,13,0.1,0.5,0,0,0,9,0.08,0.19,4.2,7.5,0.25,1.6,5,0.72,1.8,1,-,0.2,,"{""baseName"":""うし"",""state"":""生"",""notes"":[""畜肉類"",""ひき肉""]}",牛ひき肉は良質な動物性タンパク源で犬のレシピ素材として適切,9
11,11272,1729,＜畜肉類＞　うし　［ひき肉］　焼き,0,1168,280,52.2,22.7,25.9,18.8,83,21.3,(0.4),,(0.3),5.1,*,(0),-,0.4,-,1.2,92,390,8,26,150,3.4,7.6,0.09,0.01,1,15,3,2,5,0,13,0,13,6,0.1,0.7,0,0,0,9,0.11,0.26,6.3,11.0,0.34,1.7,7,1.02,2.9,Tr,-,0.2,,"{""baseName"":""うし"",""state"":""焼き"",""notes"":[""畜肉類"",""ひき肉""]}",焼いた牛ひき肉は良質なタンパク源で調理済みのためそのまま素材として適切。,10
11,11090,1730,＜畜肉類＞　うし　［副生物］　舌　生,0,1313,318,54.0,12.3,13.3,29.7,97,31.8,(0.2),*,(0.2),3.2,,(0),-,0.2,-,0.7,60,230,3,15,130,2.0,2.8,0.09,0.01,1,10,0,2,3,0,4,1,5,3,0,0.9,0,0,0,9,0.10,0.23,3.8,6.4,0.14,3.8,14,0.68,1.9,1,-,0.2,別名： たん,"{""baseName"":""うし"",""part"":""舌"",""state"":""生"",""notes"":[""畜肉類"",""副生物""]}",牛舌は高タンパクで風味があり犬の肉素材として適切,9
11,11273,1731,＜畜肉類＞　うし　［副生物］　舌　焼き,0,1662,401,41.4,17.9,20.2,34.1,120,37.1,(0.2),,(0.2),5.7,*,(0),-,0.2,-,1.0,78,320,4,22,180,2.9,4.6,0.12,0.01,1,16,0,2,3,0,6,1,6,3,0,1.2,0,0.1,0,11,0.11,0.36,5.2,9.1,0.16,5.4,14,0.99,3.1,1,-,0.2,別名： たん焼き,"{""baseName"":""うし"",""part"":""舌"",""state"":""焼き"",""notes"":[""畜肉類"",""副生物""]}",焼いた牛舌は内臓肉としてミネラルとタンパク質が豊富で、調理済みで使いやすい。,9
11,11091,1732,＜畜肉類＞　うし　［副生物］　心臓　生,0,535,128,74.8,13.7,16.5,6.2,110,7.6,(0.1),,(0.1),4.3,*,(0),-,0.1,-,1.0,70,260,5,23,170,3.3,2.1,0.42,-,-,-,-,-,9,-,-,-,Tr,9,0,0.6,0,0.1,0,5,0.42,0.90,5.8,9.4,0.29,12.0,16,2.16,-,4,-,0.2,別名： はつ,"{""baseName"":""うし"",""part"":""心臓"",""state"":""生"",""notes"":[""畜肉類"",""副生物""]}",内臓肉で栄養密度が高く良質な素材（ビタミン・ミネラル源）である。,9
11,11092,1733,＜畜肉類＞　うし　［副生物］　肝臓　生,0,502,119,71.5,17.4,19.6,2.1,240,3.7,(3.7),,(3.3),7.4,*,(0),-,3.7,-,1.5,55,300,5,17,330,4.0,3.8,5.30,-,4,50,Tr,94,1100,-,-,-,40,1100,0,0.3,0,0,0,1,0.22,3.00,14.0,18.0,0.89,53.0,1000,6.40,76.0,30,-,0.1,別名： レバー\n試料： 和牛,"{""baseName"":""うし"",""part"":""肝臓"",""state"":""生"",""notes"":[""畜肉類"",""副生物""]}",牛の肝臓は高品質なタンパク質と微量栄養素を含むため犬のレシピ素材として適している。,9
11,11093,1734,＜畜肉類＞　うし　［副生物］　じん臓　生,0,497,118,75.7,13.6,16.7,5.0,310,6.4,(0.2),,(0.2),4.6,*,(0),-,0.2,-,1.0,80,280,6,12,200,4.5,1.5,0.28,-,6,210,0,43,4,-,-,-,14,5,0,0.3,0,0,0,6,0.46,0.85,5.5,9.8,0.45,22.0,250,4.08,90.0,3,-,0.2,別名： まめ,"{""baseName"":""うし"",""part"":""じん臓"",""state"":""生"",""notes"":[""畜肉類"",""副生物""]}",牛の腎臓はタンパク質・ミネラルが豊富な臓器肉で素材として有用。,8
11,11094,1735,＜畜肉類＞　うし　［副生物］　第一胃　ゆで,0,697,166,66.6,(19.2),24.5,6.9,240,8.4,0,,0,6.8,*,(0),-,0,-,0.5,51,130,11,14,82,0.7,4.2,0.08,0.03,-,-,-,-,1,-,-,-,(Tr),1,Tr,0.4,0,0,0,6,0.04,0.14,1.7,(5.6),0.01,2.0,3,0.49,-,2,-,0.1,別名： みの、がつ,"{""baseName"":""うし"",""variety"":""第一胃"",""state"":""ゆで"",""notes"":[""畜肉類"",""副生物""]}",加熱済みの内臓で、犬に利用される良い蛋白・ミネラル源。,9
11,11095,1736,＜畜肉類＞　うし　［副生物］　第二胃　ゆで,0,772,186,71.6,(9.7),12.4,14.7,130,15.7,0,,0,3.7,*,(0),-,0,-,0.3,39,64,7,6,55,0.6,1.5,0.04,0.07,-,-,-,-,3,-,-,-,(Tr),3,0.1,0.3,0,0,0,16,0.02,0.10,1.0,(3.0),0.01,2.0,12,0.44,-,0,-,0.1,別名： はちのす,"{""baseName"":""うし"",""variety"":""第二胃"",""state"":""ゆで"",""notes"":[""畜肉類"",""副生物""]}",ゆでた牛の第二胃（トライプ）は犬に好まれる副生物で栄養源として利用可能,9
11,11096,1737,＜畜肉類＞　うし　［副生物］　第三胃　生,0,240,57,86.6,(9.2),11.7,0.9,120,1.3,0,,0,2.9,*,(0),-,0,-,0.4,50,83,16,10,80,6.8,2.6,0.08,0.07,-,-,-,-,4,-,-,-,(Tr),4,0,0.1,0,0,0,4,0.04,0.32,1.7,(3.6),0.02,4.6,33,0.64,-,4,-,0.1,別名： せんまい,"{""baseName"":""うし"",""variety"":""第三胃"",""state"":""生"",""notes"":[""畜肉類"",""副生物""]}",第三胃（せんまい）は内臓肉として利用でき、加熱や下処理が必要。,9
11,11097,1738,＜畜肉類＞　うし　［副生物］　第四胃　ゆで,0,1272,308,58.5,(8.7),11.1,28.7,190,30.0,0,,0,3.7,*,(0),-,0,-,0.4,38,51,8,8,86,1.8,1.4,0.11,0.07,-,-,-,-,5,-,-,-,(Tr),5,0.2,0.5,0,0,0,35,0.05,0.14,0.6,(2.4),0.01,3.6,10,0.34,-,0,-,0.1,別名： あかせんまい、ギアラ、あぼみ,"{""baseName"":""うし"",""variety"":""第四胃"",""state"":""ゆで"",""notes"":[""畜肉類"",""副生物""]}",牛の第四胃（トライプ）は加熱済みで栄養価が高く犬の素材として使える,8
11,11098,1739,＜畜肉類＞　うし　［副生物］　小腸　生,0,1106,268,63.3,(7.8),9.9,24.7,210,26.1,0,,0,3.5,*,(0),-,0,-,0.7,77,180,7,10,140,1.2,1.2,0.07,0.10,-,-,-,-,2,-,-,-,(Tr),2,0,0.3,0,0,0,9,0.07,0.23,3.1,(4.7),0.05,21.0,15,1.21,-,15,-,0.2,別名： ひも,"{""baseName"":""うし"",""variety"":""小腸"",""state"":""生"",""notes"":[""畜肉類"",""副生物""]}",牛小腸は内臓類のたんぱく源として利用可能だが、衛生管理や調理の必要性があるため取り扱いに注意,7
11,11099,1740,＜畜肉類＞　うし　［副生物］　大腸　生,0,624,150,77.2,(7.3),9.3,12.2,150,13.0,0,,0,2.8,*,(0),-,0,-,0.5,61,120,9,8,77,0.8,1.3,0.05,0.05,-,-,-,-,2,-,-,-,(Tr),2,0,0.2,0,0,0,15,0.04,0.14,2.1,(3.6),0.01,1.3,8,0.66,-,6,-,0.2,別名： しまちょう、てっちゃん,"{""baseName"":""うし"",""variety"":""大腸"",""state"":""生"",""notes"":[""畜肉類"",""副生物""]}",牛の大腸はたんぱく質源として利用できるが内臓であるため取り扱いに注意が必要。,8
11,11100,1741,＜畜肉類＞　うし　［副生物］　直腸　生,0,444,106,80.7,(9.1),11.6,6.4,160,7.0,0,,0,3.1,*,(0),-,0,-,0.7,87,190,9,10,100,0.6,1.7,0.05,0.04,-,-,-,-,2,-,-,-,(Tr),2,0,0.2,0,0,0,12,0.05,0.15,2.3,(4.2),0.01,1.7,24,0.85,-,6,-,0.2,別名： てっぽう,"{""baseName"":""うし"",""variety"":""直腸"",""state"":""生"",""notes"":[""畜肉類"",""副生物""]}",肉類の副生物として良質なタンパク源であるが、衛生管理と加熱に注意,9
11,11101,1742,＜畜肉類＞　うし　［副生物］　腱　ゆで,0,662,157,65.4,28.8,31,4.7,69,5.1,(Tr),*,(Tr),0.8,,(0),-,Tr,Tr,0.3,86,18,14,4,23,0.4,1,0.02,0.01,1,9,1,1,1,0,1,0,1,1,0,0.1,0,0,0,9,Tr,0.04,0.2,0.8,Tr,0.5,2,0.1,0.4,0,-,0.2,別名： すじ,"{""baseName"":""うし"",""variety"":""腱"",""state"":""ゆで"",""notes"":[""畜肉類"",""副生物""]}",牛腱（ゆで）はコラーゲンが豊富で犬のレシピに利用可能,8
11,11102,1743,＜畜肉類＞　うし　［副生物］　子宮　ゆで,0,402,95,78.2,-,18.4,2.4,150,3.0,0,*,0,0.6,,(0),-,0,-,0.4,79,74,8,7,63,1.2,1.7,0.06,0.02,-,-,-,-,0,-,-,-,(Tr),(0),0,0.2,0,0,0,5,0.01,0.10,0.5,3.6,0.01,1.7,10,0.35,-,0,-,0.2,別名： こぶくろ,"{""baseName"":""うし"",""variety"":""子宮"",""state"":""ゆで"",""notes"":[""畜肉類"",""副生物""]}",牛の子宮（ゆで）は内臓肉で栄養価があるが扱いに注意が必要,7
11,11103,1744,＜畜肉類＞　うし　［副生物］　尾　生,40,1814,440,40.7,-,11.6,43.7,76,47.1,(Tr),*,(Tr),3.4,,(0),-,Tr,-,0.6,50,110,7,13,85,2.0,4.3,0.08,-,-,-,-,-,20,-,-,-,Tr,20,0,0.3,0,0.1,0,Tr,0.06,0.17,2.6,4.5,0.26,1.8,3,1.95,-,1,-,0.1,別名： テール\n皮を除いたもの\n廃棄部位： 骨,"{""baseName"":""うし"",""variety"":""尾"",""state"":""生"",""notes"":[""畜肉類"",""副生物""]}",牛の尾（テール）はタンパク質・コラーゲン源として使えるが下処理に留意,8
11,11274,1745,＜畜肉類＞　うし　［副生物］　横隔膜　生,0,1194,288,57.0,13.1,14.8,25.9,70,27.3,(0.3),*,(0.3),2.8,,(0),-,0.3,0.4,0.7,48,250,2,16,140,3.2,3.7,0.13,0.01,1,14,0,1,4,0,3,1,3,4,0,0.7,0,0.1,0,5,0.14,0.35,4.0,7.1,0.18,3.8,6,1.06,2.9,1,-,0.1,別名： はらみ、さがり,"{""baseName"":""うし"",""variety"":""横隔膜"",""state"":""生"",""notes"":[""畜肉類"",""副生物""]}",牛の横隔膜は良質な肉質でタンパク源として適している,9
11,11296,1746,＜畜肉類＞　うし　［副生物］　横隔膜　ゆで,0,1717,414,39.6,20.2,21.3,35.0,100,36.7,(0.2),,(0.2),4.5,*,(0),-,0.2,0.2,0.5,25,120,3,14,130,4.2,5.6,0.19,0.01,2,20,(0),1,5,(0),2,1,2,5,(0),1.0,(0),0.1,(0),7,0.08,0.35,2.7,7.4,0.13,3.9,7,0.71,-,Tr,-,0.1,別名： はらみ、さがり,"{""baseName"":""うし"",""variety"":""横隔膜"",""state"":""ゆで"",""notes"":[""畜肉類"",""副生物""]}",牛横隔膜（ゆで）は良質な肉で加熱済みの部位は素材として適切,9
11,11297,1747,＜畜肉類＞　うし　［副生物］　横隔膜　焼き,0,1661,401,39.4,19.8,21.1,35.5,100,37.2,(0.3),*,(0.2),4.0,,(0),-,0.3,0.4,0.8,49,270,3,19,170,4.1,5.3,0.19,0.01,2,19,(0),1,4,(0),3,1,3,5,(0),1.1,(0),0.1,(0),7,0.15,0.46,5.0,9.6,0.21,6.3,9,1.29,-,1,-,0.1,別名： はらみ、さがり,"{""baseName"":""うし"",""variety"":""横隔膜"",""state"":""焼き"",""notes"":[""畜肉類"",""副生物""]}",牛の横隔膜（はらみ）は良質なたんぱくで犬の食材として適する,9
11,11104,1748,＜畜肉類＞　うし　［加工品］　ローストビーフ,0,795,190,64.0,18.9,21.7,10.7,70,11.7,1.4,,1.4,4.1,*,(0),0,0.9,0.7,1.7,310,260,6,24,200,2.3,4.1,0.10,0.01,1,15,1,1,Tr,-,-,-,Tr,Tr,0.1,0.3,0,0,0,4,0.08,0.25,6.3,11.0,0.47,1.6,9,0.98,2.1,0,-,0.8,ビタミンC： 酸化防止用として添加された食品を含む,"{""baseName"":""うし"",""variety"":""ローストビーフ"",""notes"":[""畜肉類"",""加工品""]}",ローストビーフは良質な動物性タンパク源で犬のレシピ素材として適している,9
11,11108,1752,＜畜肉類＞　うし　［加工品］　スモークタン,0,1134,273,55.9,16.0,18.1,21.0,120,23.0,1.2,,1.2,4.5,*,(0),0,0.9,0.5,2.1,630,190,6,16,150,2.6,4.2,0.12,0.02,3,18,2,3,18,-,-,-,(0),18,0.3,0.6,0,0.1,0,16,0.08,0.27,3.4,6.9,0.13,4.7,4,1.12,4.5,1,-,1.6,ビタミンE及びビタミンC： 酸化防止用として添加された食品を含む,"{""baseName"":""うし"",""variety"":""スモークタン"",""notes"":[""畜肉類"",""加工品""]}",牛タンは良質な動物性たんぱく源。燻製の加工があるが犬のレシピ素材として利用可能。,9
11,11109,1753,＜畜肉類＞　うま　肉　赤肉　生,0,433,102,76.1,17.6,20.1,2.2,65,2.5,(0.3),,(0.3),3.1,*,(0),-,0.3,-,1.0,50,300,11,18,170,4.3,2.8,0.11,-,0,17,0,1,9,-,-,-,Tr,9,-,0.9,0,0,0,2,0.10,0.24,5.8,9.9,0.02,7.1,4,1.01,1.1,1,-,0.1,別名： さくら肉\n皮下脂肪及び筋間脂肪を除いたもの,"{""baseName"":""うま"",""variety"":""肉"",""formModifiers"":[""赤肉""],""state"":""生"",""notes"":[""畜肉類""]}",馬肉は良質なタンパク源で犬のレシピ素材として適している。,9
11,11110,1754,＜畜肉類＞　くじら　肉　赤肉　生,0,425,100,74.3,19.9,24.1,0.3,38,0.4,(0.2),,(0.2),4.5,*,(0),-,0.2,-,1.0,62,260,3,29,210,2.5,1.1,0.06,0.01,2,32,Tr,0,7,-,-,-,(0),7,0.1,0.6,Tr,Tr,Tr,Tr,0.06,0.23,12.0,17.0,0.46,2.0,4,0.31,1.6,1,-,0.2,試料： ミンクくじら\n皮下脂肪及び筋間脂肪を除いたもの,"{""baseName"":""くじら"",""variety"":""肉"",""formModifiers"":[""赤肉""],""state"":""生"",""notes"":[""畜肉類""]}",赤肉の良質なたんぱく源で犬のレシピ素材として適している,9
11,11111,1755,＜畜肉類＞　くじら　うねす　生,0,1361,328,49.0,-,18.8,28.1,190,31.4,(0.2),*,(0.2),3.5,,(0),-,0.2,-,0.6,150,70,8,10,98,0.4,3.3,0.03,Tr,-,-,-,-,130,-,-,-,(0),130,0.8,3.1,Tr,Tr,Tr,2,0.11,0.20,2.4,5.5,0.06,0.7,3,0.29,-,6,-,0.4,試料： ミンクくじら,"{""baseName"":""くじら"",""variety"":""うねす"",""state"":""生"",""notes"":[""畜肉類""]}",くじら肉は動物性たんぱく源として利用できるが、一般的な肉同様に扱う必要がある。,9
11,11112,1756,＜畜肉類＞　くじら　本皮　生,0,2386,577,21.0,-,9.7,52.4,120,68.8,(0.2),,(0.2),16.6,*,(0),-,0.2,-,0.3,59,44,6,3,33,0.2,0.2,0.02,Tr,-,-,-,-,130,-,-,-,(0),130,0.3,4.8,Tr,Tr,Tr,3,0.11,0.05,0.5,2.1,0.01,0.4,1,0.11,-,5,-,0.1,試料： ミンクくじら,"{""baseName"":""くじら"",""variety"":""本皮"",""state"":""生"",""notes"":[""畜肉類""]}",くじら本皮は動物性たんぱく源として利用可能だが、生食の衛生管理や入手性に注意が必要,7
11,11113,1757,＜畜肉類＞　くじら　さらしくじら,0,120,28,93.7,-,5.3,0.8,16,0.9,0,*,0,0.1,,(0),-,0,-,0.1,1,Tr,1,Tr,13,0,Tr,0.01,0,-,-,-,-,8,-,-,-,Tr,8,0,0.1,0,0,0,Tr,0,0,0,0.9,0,0,0,0,-,0,-,0,試料： ミンクくじら,"{""baseName"":""くじら"",""variety"":""さらしくじら"",""notes"":[""畜肉類""]}",くじら肉は動物性たんぱく源として利用できるが風味や調理法を考慮して扱う必要がある,8
11,11114,1758,＜畜肉類＞　しか　あかしか　赤肉　生,0,432,102,74.6,(18.9),22.3,0.9,69,1.5,(0.5),,(0.5),4.5,*,(0),-,0.5,-,1.1,58,350,4,26,200,3.1,3.1,0.18,0.02,-,-,-,-,3,-,-,-,(0),3,Tr,0.5,0,0,0,4,0.21,0.35,8.0,(8.0),0.54,0.6,1,0.81,-,1,-,0.1,試料： 冷凍品、ニュージーランド産,"{""baseName"":""しか"",""variety"":""あかしか"",""formModifiers"":[""赤肉""],""state"":""生"",""notes"":[""畜肉類""]}",鹿肉（赤肉）は低脂肪の良質たんぱくで犬の素材として適している。,9
11,11275,1759,＜畜肉類＞　しか　にほんじか　赤肉　生,0,501,119,71.4,22.0,23.9,3.0,59,4.0,(0.3),*,(0.3),1.8,,(0),-,0.3,0.5,1.2,55,390,4,27,230,3.9,2.9,0.15,0.02,1,7,0,0,4,0,0,0,0,4,0,0.8,0,0,0,1,0.20,0.35,6.9,12.0,0.60,1.3,4,0.76,2.2,1,-,0.1,試料： えぞしか、ほんしゅうじか・きゅうしゅうじか ,"{""baseName"":""しか"",""variety"":""にほんじか"",""formModifiers"":[""赤肉""],""state"":""生"",""notes"":[""畜肉類""]}",鹿肉は低脂肪で良質なタンパク源となり犬のレシピ素材として適しています。,9
11,11294,1760,＜畜肉類＞　しか　にほんじか　えぞしか　赤肉　生,0,528,126,71.4,20.8,22.6,4.5,59,5.2,(0.6),*,(0.6),2.3,,(0),-,0.6,-,1.1,52,350,4,26,210,3.4,2.8,0.14,0.01,1,6,0,0,5,0,0,0,0,5,0,0.6,0,0,0,0,0.21,0.32,7.9,13.0,0.55,1.3,4,0.75,2.1,1,-,0.1,試料： えぞしか,"{""baseName"":""しか"",""variety"":""にほんじか えぞしか"",""formModifiers"":[""赤肉""],""state"":""生"",""notes"":[""畜肉類""]}",鹿肉は低脂肪で良質なタンパク源として犬に適している。,9
11,11295,1761,＜畜肉類＞　しか　にほんじか　きゅうしゅうじか　赤肉　生,0,452,107,74.4,18.5,22.6,1.8,52,2.5,(0.1),,(0.1),3.6,*,(0),-,0.1,0.5,1.1,51,380,3,26,220,3.9,2.7,0.15,0.02,Tr,6,Tr,0,3,0,0,0,0,3,0,0.8,0,0,0,2,0.18,0.34,5.2,10.0,0.58,1.1,3,0.70,2.0,1,-,0.1,試料： きゅうしゅうじか,"{""baseName"":""しか"",""variety"":""にほんじか きゅうしゅうじか"",""formModifiers"":[""赤肉""],""state"":""生"",""notes"":[""畜肉類""]}",鹿肉は低脂肪で良質な動物性タンパク源で犬に適している（生肉は加熱など衛生管理が望ましい）。,9
11,11311,1761-1,＜畜肉類＞　しか　にほんじか　ほんしゅうじか　赤肉　生,0,382,90,77.1,17.6,21.4,0.6,60,1,(0.1),,(0.1),3,*,-,-,0.1,0.6,1.1,60,370,4,25,210,3.3,2.3,0.17,0.01,1,4,0,Tr,2,-,-,-,-,2,0,0.8,0,Tr,0,1,0.17,0.3,5.5,10.2,0.48,1.7,3,0.58,1.5,1,-,0.2,試料： ほんしゅうじか,"{""baseName"":""しか"",""variety"":""にほんじか ほんしゅうじか"",""formModifiers"":[""赤肉""],""state"":""生"",""notes"":[""畜肉類""]}",しか（鹿肉）は良質な動物性たんぱく源で犬のレシピ素材として適している。,9
11,11115,1762,＜畜肉類＞　ぶた　［大型種肉］　かた　脂身つき　生,0,836,201,65.7,-,18.5,14.0,65,14.6,(0.2),*,(0.2),0.8,,(0),-,0.2,-,1.0,53,320,4,21,180,0.5,2.7,0.09,0.01,-,-,-,-,5,-,-,-,0,5,0.2,0.3,0,Tr,0,1,0.66,0.23,4.9,8.0,0.32,0.4,2,1.16,-,2,-,0.1,皮下脂肪： 8.2 %、筋間脂肪： 7.5 %,"{""baseName"":""ぶた"",""part"":""かた"",""formModifiers"":[""脂身つき""],""state"":""生"",""notes"":[""畜肉類"",""大型種肉""]}",豚肉は良質な動物性たんぱく源で犬のレシピ素材として適している（脂身は量に注意）,9
11,11116,1763,＜畜肉類＞　ぶた　［大型種肉］　かた　皮下脂肪なし　生,0,663,158,69.8,-,19.7,8.8,64,9.3,(0.2),*,(0.2),0.7,,(0),-,0.2,-,1.0,55,340,4,22,190,0.4,2.9,0.09,0.01,-,-,-,-,4,-,-,-,0,4,0.2,0.3,0,Tr,0,1,0.71,0.25,5.3,8.6,0.34,0.4,2,1.23,-,2,-,0.1,筋間脂肪： 8.0 %,"{""baseName"":""ぶた"",""part"":""かた"",""formModifiers"":[""皮下脂肪なし""],""state"":""生"",""notes"":[""畜肉類"",""大型種肉""]}",豚かた（皮下脂肪なし）は赤身の良いタンパク源でレシピ素材として適切,9
11,11117,1764,＜畜肉類＞　ぶた　［大型種肉］　かた　赤肉　生,0,481,114,74.0,-,20.9,3.3,64,3.8,(0.2),*,(0.2),0.7,,(0),-,0.2,-,1.1,58,360,4,24,200,1.1,3.1,0.10,0.01,-,-,-,-,3,-,-,-,Tr,3,0.1,0.3,0,0,0,1,0.75,0.27,5.6,9.1,0.37,0.4,2,1.29,-,2,-,0.1,皮下脂肪及び筋間脂肪を除いたもの,"{""baseName"":""ぶた"",""part"":""かた"",""formModifiers"":[""赤肉""],""state"":""生"",""notes"":[""畜肉類"",""大型種肉""]}",豚肩（赤肉・生）は良質なたんぱく源で犬の素材として適している（加熱して与えるのが一般的）,8
11,11119,1766,＜畜肉類＞　ぶた　［大型種肉］　かたロース　脂身つき　生,0,986,237,62.6,(14.7),17.1,18.4,69,19.2,(0.1),,(0.1),3.4,*,(0),-,0.1,-,1.0,54,300,4,18,160,0.6,2.7,0.09,0.01,-,-,-,-,6,-,-,-,0,6,0.3,0.4,0,Tr,0,2,0.63,0.23,3.6,(7.0),0.28,0.5,2,1.18,-,2,-,0.1,皮下脂肪： 5.7 %、筋間脂肪： 12.4 %,"{""baseName"":""ぶた"",""part"":""かたロース"",""formModifiers"":[""脂身つき""],""state"":""生"",""notes"":[""畜肉類"",""大型種肉""]}",ぶたかたロース脂身つきはたんぱく質源だが脂肪割合が高く注意が必要,7
11,11120,1767,＜畜肉類＞　ぶた　［大型種肉］　かたロース　皮下脂肪なし　生,0,880,212,65.1,(15.2),17.8,15.2,69,16.0,(0.1),,(0.1),3.5,*,(0),-,0.1,-,1.0,56,310,4,19,170,0.5,2.9,0.09,0.01,-,-,-,-,6,-,-,-,0,6,0.3,0.4,0,Tr,0,2,0.66,0.25,3.7,(7.2),0.30,0.4,2,1.23,-,2,-,0.1,筋間脂肪： 13.1 %,"{""baseName"":""ぶた"",""part"":""かたロース"",""formModifiers"":[""皮下脂肪なし""],""state"":""生"",""notes"":[""畜肉類"",""大型種肉""]}",豚かたロースは良質なタンパク源で犬のレシピ素材として適切,9
11,11121,1768,＜畜肉類＞　ぶた　［大型種肉］　かたロース　赤肉　生,0,611,146,71.3,(16.7),19.7,7.1,68,7.8,(0.1),,(0.1),3.8,*,(0),-,0.1,-,1.1,61,340,4,21,190,1.1,3.2,0.10,0.01,-,-,-,-,4,-,-,-,Tr,4,0.2,0.3,0,0,0,1,0.72,0.28,4.0,(8.0),0.33,0.4,2,1.34,-,2,-,0.2,皮下脂肪及び筋間脂肪を除いたもの,"{""baseName"":""ぶた"",""part"":""かたロース"",""formModifiers"":[""赤肉""],""state"":""生"",""notes"":[""畜肉類"",""大型種肉""]}",豚かたロース赤肉（生）。良質なたんぱく源で調理して使用可能。,9
11,11122,1769,＜畜肉類＞　ぶた　［大型種肉］　かたロース　脂身　生,0,2650,644,23.6,(5.4),5.4,69.1,73,70.7,0,*,0,1.5,,(0),-,0,-,0.3,21,110,2,5,56,0.4,0.6,0.03,0,-,-,-,-,16,-,-,-,(0),16,0.7,0.8,0,0.1,0,4,0.23,0.05,1.5,(2.0),0.07,0.5,2,0.48,-,1,-,0.1,皮下脂肪及び筋間脂肪,"{""baseName"":""ぶた"",""part"":""かたロース"",""formModifiers"":[""脂身""],""state"":""生"",""notes"":[""畜肉類"",""大型種肉""]}",豚かたロース（脂身含む）は良質な動物性たんぱくと脂質の供給源として適切,9
11,11123,1770,＜畜肉類＞　ぶた　［大型種肉］　ロース　脂身つき　生,0,1029,248,60.4,17.2,19.3,18.5,61,19.2,(0.2),,(0.2),3.0,*,(0),-,0.2,-,0.9,42,310,4,22,180,0.3,1.6,0.05,0.01,1,21,3,Tr,6,-,-,-,0,6,0.1,0.3,0,Tr,0,3,0.69,0.15,7.3,11.0,0.32,0.3,1,0.98,3.7,1,-,0.1,皮下脂肪： 11.4 %、筋間脂肪： 7.9 %,"{""baseName"":""ぶた"",""part"":""ロース"",""formModifiers"":[""脂身つき""],""state"":""生"",""notes"":[""畜肉類"",""大型種肉""]}",豚ロース（脂身つき）は良質なタンパク源だが脂肪分がやや高いため分量に注意して使用する素材である。,9
11,11125,1771,＜畜肉類＞　ぶた　［大型種肉］　ロース　脂身つき　ゆで,0,1241,299,51.0,21.7,23.9,23.4,77,24.1,(0.3),*,(0.3),3.1,,(0),-,0.3,-,0.7,25,180,5,19,140,0.4,2.2,0.06,0.01,Tr,26,3,Tr,3,-,-,-,0,3,0.1,Tr,0,0,0,3,0.54,0.16,4.9,10.0,0.32,0.6,1,0.67,4.3,Tr,-,0.1,,"{""baseName"":""ぶた"",""part"":""ロース"",""formModifiers"":[""脂身つき""],""state"":""ゆで"",""notes"":[""畜肉類"",""大型種肉""]}",加熱済みの豚ロースで良質なタンパク源、脂身は量に配慮して使用,9
11,11124,1772,＜畜肉類＞　ぶた　［大型種肉］　ロース　脂身つき　焼き,0,1288,310,49.1,23.2,26.7,22.1,76,22.7,(0.3),,(0.3),4.4,*,(0),-,0.3,-,1.2,52,400,6,29,250,0.4,2.2,0.07,0.01,2,29,2,1,2,-,-,-,0,2,0.1,0.1,0,0,0,3,0.90,0.21,9.2,15.0,0.33,0.5,1,1.19,5.2,1,-,0.1,,"{""baseName"":""ぶた"",""part"":""ロース"",""formModifiers"":[""脂身つき""],""state"":""焼き"",""notes"":[""畜肉類"",""大型種肉""]}",焼き豚ロース（脂身つき）は調理済みの良質なたんぱく源だが脂肪が多めな点に注意。,9
11,11126,1774,＜畜肉類＞　ぶた　［大型種肉］　ロース　皮下脂肪なし　生,0,793,190,65.7,(18.4),21.1,11.3,61,11.9,(0.3),,(0.3),3.6,*,(0),-,0.3,-,1.0,45,340,5,24,200,0.3,1.8,0.06,0.01,1,23,3,Tr,5,-,-,-,0,5,0.1,0.3,0,Tr,0,2,0.75,0.16,8.0,(12.0),0.35,0.3,1,1.05,3.3,1,-,0.1,筋間脂肪： 8.9 %,"{""baseName"":""ぶた"",""part"":""ロース"",""formModifiers"":[""皮下脂肪なし""],""state"":""生"",""notes"":[""畜肉類"",""大型種肉""]}",豚ロースは良質なタンパク源で犬のレシピ素材として適しています。,9
11,11127,1775,＜畜肉類＞　ぶた　［大型種肉］　ロース　赤肉　生,0,589,140,70.3,19.7,22.7,5.1,61,5.6,(0.3),,(0.3),3.8,*,(0),-,0.3,-,1.1,48,360,5,26,210,0.7,1.9,0.06,0.01,1,25,3,1,4,-,-,-,Tr,4,0.1,0.3,0,0,0,2,0.80,0.18,8.6,13.0,0.38,0.3,1,1.11,3.0,1,-,0.1,皮下脂肪及び筋間脂肪を除いたもの,"{""baseName"":""ぶた"",""part"":""ロース"",""formModifiers"":[""赤肉""],""state"":""生"",""notes"":[""畜肉類"",""大型種肉""]}",豚ロース生は良質な動物性たんぱく源で犬のレシピ素材として適している。,9
11,11128,1776,＜畜肉類＞　ぶた　［大型種肉］　ロース　脂身　生,0,2860,695,18.3,5.3,5.1,74.9,62,76.3,0,*,0,1.3,,(0),-,0,-,0.3,15,110,1,5,54,0.2,0.3,0.03,0,0,4,1,0,15,-,-,-,(0),15,0.2,0.4,0,0.1,0,4,0.22,0.05,1.8,2.3,0.07,0.6,1,0.44,6.9,1,-,0,皮下脂肪及び筋間脂肪,"{""baseName"":""ぶた"",""part"":""ロース"",""formModifiers"":[""脂身""],""state"":""生"",""notes"":[""畜肉類"",""大型種肉""]}",豚ロース脂身はたんぱく質・脂肪源として使えるが脂肪分に注意,8
11,11129,1777,＜畜肉類＞　ぶた　［大型種肉］　ばら　脂身つき　生,0,1511,366,49.4,12.8,14.4,34.9,70,35.4,(0.1),*,(0.1),2.2,,(0),-,0.1,-,0.7,50,240,3,15,130,0.6,1.8,0.04,0.01,0,13,0,Tr,11,0,0,0,0,11,0.5,0.5,0,0.1,0,6,0.51,0.13,4.7,7.3,0.22,0.5,2,0.64,3.7,1,-,0.1,,"{""baseName"":""ぶた"",""part"":""ばら"",""formModifiers"":[""脂身つき""],""state"":""生"",""notes"":[""畜肉類"",""大型種肉""]}",豚ばらはタンパク質源だが脂身が多いため与える量に注意が必要。,8
11,11277,1778,＜畜肉類＞　ぶた　［大型種肉］　ばら　脂身つき　焼き,0,1833,444,37.1,16.5,19.6,41.9,81,43.9,(0.1),*,(0.1),3.6,,(0),-,0.1,-,0.8,56,270,4,17,140,0.7,2.2,0.05,0,Tr,18,1,1,11,0,0,0,0,11,0.6,0.6,0,0.1,0,8,0.57,0.14,6.5,10.0,0.27,0.7,1,0.68,4.7,Tr,-,0.1,,"{""baseName"":""ぶた"",""part"":""ばら"",""formModifiers"":[""脂身つき""],""state"":""焼き"",""notes"":[""畜肉類"",""大型種肉""]}",焼いた豚ばら（脂身つき）。エネルギー源として使えるが脂肪が多い点に注意。,8
11,11130,1779,＜畜肉類＞　ぶた　［大型種肉］　もも　脂身つき　生,0,715,171,68.1,(16.9),20.5,9.5,67,10.2,(0.2),,(0.2),4.6,*,(0),-,0.2,-,1.0,47,350,4,24,200,0.7,2.0,0.08,0.01,-,-,-,-,4,-,-,-,0,4,0.1,0.3,0,Tr,0,2,0.90,0.21,6.2,(10.0),0.31,0.3,2,0.84,-,1,-,0.1,皮下脂肪： 6.9 %、筋間脂肪： 3.4 %,"{""baseName"":""ぶた"",""part"":""もも"",""formModifiers"":[""脂身つき""],""state"":""生"",""notes"":[""畜肉類"",""大型種肉""]}",ぶたもも（脂身つき）は良質な動物性たんぱくで利用可能だが脂肪量には注意が必要。,9
11,11131,1780,＜畜肉類＞　ぶた　［大型種肉］　もも　皮下脂肪なし　生,0,579,138,71.2,18.0,21.5,5.4,66,6.0,(0.2),,(0.2),4.3,*,(0),-,0.2,-,1.1,49,360,4,25,210,0.7,2.1,0.08,0.01,0,23,0,1,3,-,-,-,0,3,0.1,0.3,0,Tr,0,2,0.94,0.22,6.5,11.0,0.32,0.3,2,0.87,2.7,1,-,0.1,筋間脂肪： 3.7 %,"{""baseName"":""ぶた"",""part"":""もも"",""formModifiers"":[""皮下脂肪なし""],""state"":""生"",""notes"":[""畜肉類"",""大型種肉""]}",豚もも肉（皮下脂肪なし）は良質なタンパク源で犬のレシピ素材として適切,9
11,11133,1781,＜畜肉類＞　ぶた　［大型種肉］　もも　皮下脂肪なし　ゆで,0,777,185,61.8,25.2,28.9,7.1,91,8.1,(0.3),,(0.3),4.9,*,(0),-,0.3,-,0.9,27,200,5,24,190,0.9,3.0,0.12,0.01,0,34,Tr,1,1,-,-,-,0,1,0.1,Tr,0,0,0,3,0.82,0.23,5.8,12.0,0.38,0.4,2,0.74,3.4,1,-,0.1,,"{""baseName"":""ぶた"",""part"":""もも"",""formModifiers"":[""皮下脂肪なし""],""state"":""ゆで"",""notes"":[""畜肉類"",""大型種肉""]}",ゆで豚もも（皮下脂肪なし）は良質な加熱済みの動物性タンパク源で適している,9
11,11132,1782,＜畜肉類＞　ぶた　［大型種肉］　もも　皮下脂肪なし　焼き,0,781,186,60.4,26.8,30.2,6.7,88,7.6,(0.3),,(0.3),4.6,*,(0),-,0.3,-,1.5,58,450,5,33,270,1.0,3.1,0.11,0.02,Tr,31,1,1,1,-,-,-,0,1,0.1,Tr,0,0,0,3,1.19,0.28,9.4,16.0,0.43,0.5,1,1.07,3.8,1,-,0.1,,"{""baseName"":""ぶた"",""part"":""もも"",""formModifiers"":[""皮下脂肪なし""],""state"":""焼き"",""notes"":[""畜肉類"",""大型種肉""]}",豚もも（焼き、皮下脂肪なし）は良質なたんぱく源で犬のレシピ素材として適している,10
11,11134,1783,＜畜肉類＞　ぶた　［大型種肉］　もも　赤肉　生,0,502,119,73.0,(18.0),22.1,3.1,66,3.6,(0.2),,(0.2),4.8,*,(0),-,0.2,-,1.1,50,370,4,26,220,0.9,2.2,0.08,0.01,-,-,-,-,3,-,-,-,Tr,3,0.1,0.3,0,0,0,2,0.96,0.23,6.6,(11.0),0.33,0.3,2,0.88,-,1,-,0.1,皮下脂肪及び筋間脂肪を除いたもの,"{""baseName"":""ぶた"",""part"":""もも"",""formModifiers"":[""赤肉""],""state"":""生"",""notes"":[""畜肉類"",""大型種肉""]}",豚ももは良質なタンパク源で犬のレシピ素材として適切。調理して脂肪を調整できる。,9
11,11135,1784,＜畜肉類＞　ぶた　［大型種肉］　もも　脂身　生,0,2517,611,25.5,(6.5),6.5,65.0,79,67.6,0,*,0,2.5,,(0),-,0,-,0.4,22,140,1,8,73,0.7,0.5,0.04,0.01,-,-,-,-,13,-,-,-,(0),13,0.5,0.7,Tr,0.1,0,6,0.34,0.05,2.5,(3.2),0.13,0.5,1,0.49,-,1,-,0.1,皮下脂肪及び筋間脂肪,"{""baseName"":""ぶた"",""part"":""もも"",""formModifiers"":[""脂身""],""state"":""生"",""notes"":[""畜肉類"",""大型種肉""]}",豚もも（脂身）はたんぱく質源として使えるが脂肪分が高い点に注意,9
11,11136,1785,＜畜肉類＞　ぶた　［大型種肉］　そともも　脂身つき　生,0,921,221,63.5,(15.6),18.8,15.9,69,16.5,(0.2),,(0.2),4.0,*,(0),-,0.2,-,1.0,51,320,4,22,190,0.5,1.9,0.07,0.01,-,-,-,-,5,-,-,-,0,5,0.2,0.4,0,Tr,0,2,0.79,0.18,5.1,(9.0),0.36,0.3,1,0.97,-,1,-,0.1,皮下脂肪： 10.2 %、筋間脂肪： 7.4 %,"{""baseName"":""ぶた"",""part"":""そともも"",""formModifiers"":[""脂身つき""],""state"":""生"",""notes"":[""畜肉類"",""大型種肉""]}",豚肉は良質なタンパク源で犬の素材として適切。脂肪分は調整可。,9
11,11137,1786,＜畜肉類＞　ぶた　［大型種肉］　そともも　皮下脂肪なし　生,0,731,175,67.9,(16.6),20.2,10.1,69,10.7,(0.2),,(0.2),4.4,*,(0),-,0.2,-,1.0,54,340,4,23,200,0.5,2.1,0.07,0.01,-,-,-,-,4,-,-,-,0,4,0.2,0.4,0,Tr,0,2,0.85,0.20,5.4,(9.6),0.39,0.3,1,1.04,-,2,-,0.1,筋間脂肪： 8.3 %,"{""baseName"":""ぶた"",""part"":""そともも"",""formModifiers"":[""皮下脂肪なし""],""state"":""生"",""notes"":[""畜肉類"",""大型種肉""]}",豚のそともも（赤身）は良質なたんぱく源で犬の素材として適している,9
11,11138,1787,＜畜肉類＞　ぶた　［大型種肉］　そともも　赤肉　生,0,560,133,71.8,(17.5),21.4,5.0,68,5.5,(0.2),,(0.2),4.7,*,(0),-,0.2,-,1.1,57,360,4,25,210,0.9,2.3,0.08,0.01,-,-,-,-,3,-,-,-,Tr,3,0.2,0.4,0,0,0,2,0.90,0.21,5.7,(10.0),0.41,0.3,1,1.10,-,2,-,0.1,皮下脂肪及び筋間脂肪を除いたもの,"{""baseName"":""ぶた"",""part"":""そともも"",""formModifiers"":[""赤肉""],""state"":""生"",""notes"":[""畜肉類"",""大型種肉""]}",豚もも赤肉は良質なたんぱく源で犬のレシピ素材として適切。,9
11,11139,1788,＜畜肉類＞　ぶた　［大型種肉］　そともも　脂身　生,0,2599,631,24.9,(6.6),6.6,67.2,76,68.1,0,*,0,0.9,,(0),-,0,-,0.4,22,130,1,7,64,0.5,0.4,0.03,0,-,-,-,-,16,-,-,-,(0),16,0.4,0.5,Tr,0.1,0,5,0.27,0.05,2.2,(2.9),0.11,0.4,2,0.38,-,1,-,0.1,皮下脂肪及び筋間脂肪,"{""baseName"":""ぶた"",""part"":""そともも"",""formModifiers"":[""脂身""],""state"":""生"",""notes"":[""畜肉類"",""大型種肉""]}",豚肉は良質なたんぱく源。ただし脂身が多い部位なので脂肪量に注意して使う。,8
11,11140,1789,＜畜肉類＞　ぶた　［大型種肉］　ヒレ　赤肉　生,0,498,118,73.4,18.5,22.2,3.3,59,3.7,(0.3),,(0.3),3.7,*,(0),-,0.3,-,1.2,56,430,3,27,230,0.9,2.2,0.07,0.01,1,21,1,1,3,(0),0,(0),(0),3,0.3,0.3,0,0,0,3,1.32,0.25,6.9,12.0,0.54,0.5,1,0.93,3.0,1,-,0.1,,"{""baseName"":""ぶた"",""part"":""ヒレ"",""formModifiers"":[""赤肉""],""state"":""生"",""notes"":[""畜肉類"",""大型種肉""]}",豚ヒレは良質な赤身肉でタンパク源として適切だが、加熱調理が望ましい,8
11,11278,1790,＜畜肉類＞　ぶた　［大型種肉］　ヒレ　赤肉　焼き,0,851,202,53.8,33.2,39.3,4.9,100,5.9,(0.4),,(0.4),6.1,*,(0),-,0.4,-,2.0,92,690,6,45,380,1.6,3.6,0.12,0.01,1,40,0,1,2,0,0,0,0,2,0.3,0.3,0,Tr,0,6,2.09,0.44,13.0,21.0,0.76,0.9,1,1.55,6.4,1,-,0.2,,"{""baseName"":""ぶた"",""part"":""ヒレ"",""formModifiers"":[""赤肉""],""state"":""焼き"",""notes"":[""畜肉類"",""大型種肉""]}",焼き豚ヒレ（赤肉）は低脂肪の良質タンパク源で犬のレシピ素材として適している,9
11,11141,1792,＜畜肉類＞　ぶた　［中型種肉］　かた　脂身つき　生,0,932,224,63.6,-,18.3,16.8,69,17.2,0,*,0,0.4,,(0),-,0,-,0.9,53,320,4,20,180,0.5,3.0,0.08,0.02,-,-,-,-,5,-,-,-,0,5,Tr,0.3,0,Tr,0,Tr,0.70,0.22,4.8,7.9,0.30,0.3,1,0.92,-,1,-,0.1,別名：黒豚\n試料： バークシャー種\n皮下脂肪： 9.9 %、筋間脂肪： 9.1 %,"{""baseName"":""ぶた"",""part"":""かた"",""formModifiers"":[""脂身つき""],""state"":""生"",""notes"":[""畜肉類"",""中型種肉""]}",豚かた（脂身つき）は良質なたんぱく源で使用可能。脂肪量は調整が必要。,9
11,11142,1793,＜畜肉類＞　ぶた　［中型種肉］　かた　皮下脂肪なし　生,0,719,172,68.5,-,19.7,10.4,67,10.8,0,*,0,0.4,,(0),-,0,-,1.0,57,350,5,22,190,0.5,3.3,0.08,0.02,-,-,-,-,3,-,-,-,0,3,Tr,0.3,0,Tr,0,Tr,0.75,0.24,5.2,8.5,0.33,0.3,1,0.99,-,1,-,0.1,別名：黒豚\n試料： バークシャー種\n筋間脂肪： 10.1 %,"{""baseName"":""ぶた"",""part"":""かた"",""formModifiers"":[""皮下脂肪なし""],""state"":""生"",""notes"":[""畜肉類"",""中型種肉""]}",豚肉は良質なタンパク源で犬のレシピ素材として適する。,9
11,11143,1794,＜畜肉類＞　ぶた　［中型種肉］　かた　赤肉　生,0,477,113,74.0,-,21.4,3.1,66,3.5,0,*,0,0.4,,(0),-,0,-,1.1,61,380,5,24,210,1.2,3.6,0.09,0.02,-,-,-,-,2,-,-,-,Tr,2,0,0.3,0,0,0,0,0.82,0.27,5.6,9.2,0.36,0.3,1,1.07,-,2,-,0.2,別名：黒豚\n試料： バークシャー種\n皮下脂肪及び筋間脂肪を除いたもの,"{""baseName"":""ぶた"",""part"":""かた"",""formModifiers"":[""赤肉""],""state"":""生"",""notes"":[""畜肉類"",""中型種肉""]}",豚肩肉は良質なたんぱく源で犬のレシピ素材として適している（適切な調理前提）,9
11,11144,1795,＜畜肉類＞　ぶた　［中型種肉］　かた　脂身　生,0,2872,698,19.1,-,4.9,75.4,80,75.7,0,*,0,0.3,,(0),-,0,-,0.3,20,91,2,5,50,0.4,0.4,0.04,0,-,-,-,-,15,-,-,-,(0),15,0.2,0.4,0,0.1,0,1,0.19,0.04,1.4,2.2,0.07,0.3,1,0.28,-,1,-,0.1,別名：黒豚\n試料： バークシャー種\n皮下脂肪及び筋間脂肪,"{""baseName"":""ぶた"",""part"":""かた"",""formModifiers"":[""脂身""],""state"":""生"",""notes"":[""畜肉類"",""中型種肉""]}",生の豚肩肉は良質なタンパク源だが脂が多く、調理方法に注意が必要。,7
11,11145,1796,＜畜肉類＞　ぶた　［中型種肉］　かたロース　脂身つき　生,0,1002,241,62.0,(15.2),17.7,18.6,76,19.3,0,,0,3.2,*,(0),-,0,-,1.0,55,310,4,20,180,0.7,3.2,0.09,0.01,-,-,-,-,4,-,-,-,0,4,Tr,0.3,0,Tr,0,Tr,0.70,0.24,4.8,(8.3),0.33,0.4,1,0.98,-,1,-,0.1,別名：黒豚\n試料： バークシャー種\n皮下脂肪： 6.6 %、筋間脂肪： 12.6 %,"{""baseName"":""ぶた"",""part"":""かたロース"",""formModifiers"":[""脂身つき""],""state"":""生"",""notes"":[""畜肉類"",""中型種肉""]}",豚肩ロースは良質な動物性たんぱくで犬のレシピ素材として適している,9
11,11146,1797,＜畜肉類＞　ぶた　［中型種肉］　かたロース　皮下脂肪なし　生,0,882,212,64.8,(15.8),18.5,15.0,75,15.7,0,,0,3.4,*,(0),-,0,-,1.0,57,330,4,21,180,0.6,3.4,0.09,0.01,-,-,-,-,4,-,-,-,0,4,Tr,0.3,0,Tr,0,Tr,0.74,0.25,5.0,(8.7),0.35,0.4,1,1.01,-,1,-,0.1,別名：黒豚\n試料： バークシャー種\n筋間脂肪： 13.6 %,"{""baseName"":""ぶた"",""part"":""かたロース"",""formModifiers"":[""皮下脂肪なし""],""state"":""生"",""notes"":[""畜肉類"",""中型種肉""]}",赤身の豚肉は良質なタンパク源で適しているが、生肉の取り扱いには衛生管理が必要。,9
11,11147,1798,＜畜肉類＞　ぶた　［中型種肉］　かたロース　赤肉　生,0,588,140,71.5,(17.4),20.6,6.1,73,6.8,0,,0,3.9,*,(0),-,0,-,1.1,63,360,4,23,200,1.3,3.8,0.10,0.01,-,-,-,-,3,-,-,-,Tr,3,0,0.3,0,0,0,Tr,0.82,0.29,5.4,(9.6),0.39,0.4,1,1.10,-,2,-,0.2,別名：黒豚\n試料： バークシャー種\n皮下脂肪及び筋間脂肪を除いたもの,"{""baseName"":""ぶた"",""part"":""かたロース"",""formModifiers"":[""赤肉""],""state"":""生"",""notes"":[""畜肉類"",""中型種肉""]}",ぶたかたロースの赤肉は良質な動物性たんぱく源で犬の素材として適する。,9
11,11148,1799,＜畜肉類＞　ぶた　［中型種肉］　かたロース　脂身　生,0,2730,663,22.3,(5.4),5.4,71.3,88,71.9,0,*,0,0.6,,(0),-,0,-,0.4,22,110,2,6,59,0.5,0.7,0.03,0,-,-,-,-,11,-,-,-,(0),11,0.2,0.6,0,0.1,0,1,0.21,0.04,2.2,(2.7),0.09,0.3,1,0.47,-,0,-,0.1,別名：黒豚\n試料： バークシャー種\n皮下脂肪及び筋間脂肪,"{""baseName"":""ぶた"",""part"":""かたロース"",""formModifiers"":[""脂身""],""state"":""生"",""notes"":[""畜肉類"",""中型種肉""]}",豚肩ロースは良質なたんぱく源だが脂肪が多めなので量に注意が必要。,8
11,11149,1800,＜畜肉類＞　ぶた　［中型種肉］　ロース　脂身つき　生,0,1140,275,58.0,(15.6),18.3,22.1,62,22.6,(0.2),,(0.2),3.5,*,(0),-,0.2,-,0.9,39,310,3,20,170,0.3,1.6,0.05,0.01,Tr,22,0,1,6,-,-,-,0,6,0.1,0.3,0,Tr,0,2,0.77,0.13,7.1,(11.0),0.35,0.3,1,0.66,4.4,1,-,0.1,別名：黒豚\n試料： バークシャー種\n皮下脂肪： 13.8 %、筋間脂肪： 10.6 %,"{""baseName"":""ぶた"",""part"":""ロース"",""formModifiers"":[""脂身つき""],""state"":""生"",""notes"":[""畜肉類"",""中型種肉""]}",豚ロース（脂身つき）はたんぱく源として適しているが脂肪分が高めなので量に注意が必要。,8
11,11150,1801,＜畜肉類＞　ぶた　［中型種肉］　ロース　皮下脂肪なし　生,0,846,203,64.6,17.8,20.6,13.1,62,13.6,(0.2),,(0.2),3.5,*,(0),-,0.2,-,1.0,43,340,4,23,190,0.2,1.8,0.05,0.01,Tr,24,0,1,5,-,-,-,0,5,0.1,0.3,0,Tr,0,3,0.86,0.14,7.9,12.0,0.39,0.3,1,0.71,4.0,1,-,0.1,別名：黒豚\n試料： バークシャー種\n筋間脂肪： 12.2 %,"{""baseName"":""ぶた"",""part"":""ロース"",""formModifiers"":[""皮下脂肪なし""],""state"":""生"",""notes"":[""畜肉類"",""中型種肉""]}",豚ロースは良質なタンパク源だが、生の状態は寄生虫や衛生リスクがあるため加熱が望ましい,8
11,11151,1802,＜畜肉類＞　ぶた　［中型種肉］　ロース　赤肉　生,0,553,131,71.2,(19.3),22.9,4.1,61,4.6,(0.2),,(0.2),4.3,*,(0),-,0.2,-,1.1,47,380,4,26,210,0.6,2.0,0.05,0.01,Tr,27,0,1,4,-,-,-,Tr,4,0.1,0.3,0,0,0,3,0.96,0.15,8.8,(13.0),0.43,0.3,1,0.77,3.6,1,-,0.1,別名：黒豚\n試料： バークシャー種\n皮下脂肪及び筋間脂肪を除いたもの,"{""baseName"":""ぶた"",""part"":""ロース"",""formModifiers"":[""赤肉""],""state"":""生"",""notes"":[""畜肉類"",""中型種肉""]}",豚ロースは良質なたんぱく源で犬のレシピ素材として適している。,9
11,11152,1803,＜畜肉類＞　ぶた　［中型種肉］　ロース　脂身　生,0,2944,716,17.3,(4.1),4.1,77.7,66,78.3,0,*,0,0.6,,(0),-,0,-,0.3,15,82,1,5,45,0.2,0.3,0.02,0,0,7,0,1,14,-,-,-,(0),14,0.1,0.4,0,0.1,0,1,0.19,0.04,2.0,(2.4),0.08,0.4,1,0.31,7.1,1,-,0,別名：黒豚\n試料： バークシャー種\n皮下脂肪及び筋間脂肪,"{""baseName"":""ぶた"",""part"":""ロース"",""formModifiers"":[""脂身""],""state"":""生"",""notes"":[""畜肉類"",""中型種肉""]}",豚ロースは良質なタンパク源で犬のレシピ素材として適切,9
11,11153,1804,＜畜肉類＞　ぶた　［中型種肉］　ばら　脂身つき　生,0,1643,398,45.8,(11.6),13.4,39.0,70,40.1,0,*,0,2.8,,(0),-,0,-,0.7,43,220,3,14,120,0.6,1.6,0.04,0.01,-,-,-,-,9,-,-,-,Tr,9,0.1,0.4,0,0.1,0,1,0.45,0.11,4.2,(6.6),0.23,0.3,2,0.62,-,1,-,0.1,別名：黒豚\n試料： バークシャー種,"{""baseName"":""ぶた"",""part"":""ばら"",""formModifiers"":[""脂身つき""],""state"":""生"",""notes"":[""畜肉類"",""中型種肉""]}",豚ばら（脂身つき）は風味が良いが脂肪が多めのため分量管理が必要となる。,8
11,11154,1805,＜畜肉類＞　ぶた　［中型種肉］　もも　脂身つき　生,0,878,211,64.2,(16.1),19.5,14.3,71,15.1,(0.2),,(0.2),4.4,*,(0),-,0.2,-,1.0,48,330,4,22,190,0.5,2.0,0.07,0.01,-,-,-,-,5,-,-,-,0,5,0.1,0.3,0,Tr,0,3,0.90,0.19,7.2,(11.0),0.37,0.3,1,0.92,-,1,-,0.1,別名：黒豚\n試料： バークシャー種\n皮下脂肪： 11.1 %、筋間脂肪： 3.2 %,"{""baseName"":""ぶた"",""part"":""もも"",""formModifiers"":[""脂身つき""],""state"":""生"",""notes"":[""畜肉類"",""中型種肉""]}",豚もも肉は良質なタンパク源で犬のレシピ素材として適している,9
11,11155,1806,＜畜肉類＞　ぶた　［中型種肉］　もも　皮下脂肪なし　生,0,641,153,69.6,(17.4),21.3,7.1,70,7.8,(0.2),,(0.2),4.8,*,(0),-,0.2,-,1.1,51,360,4,24,200,0.5,2.2,0.07,0.01,-,-,-,-,4,-,-,-,0,4,0.1,0.3,0,Tr,0,4,0.98,0.20,7.8,(12.0),0.40,0.3,1,0.99,-,1,-,0.1,別名：黒豚\n試料： バークシャー種\n筋間脂肪： 3.6 %,"{""baseName"":""ぶた"",""part"":""もも"",""formModifiers"":[""皮下脂肪なし""],""state"":""生"",""notes"":[""畜肉類"",""中型種肉""]}",豚もも（脂肪少なめ）は良質なたんぱく源で犬の素材として適している。,9
11,11156,1807,＜畜肉類＞　ぶた　［中型種肉］　もも　赤肉　生,0,559,133,71.5,(17.9),21.9,4.7,70,5.3,(0.2),,(0.2),4.9,*,(0),-,0.2,-,1.1,53,370,4,25,210,0.9,2.3,0.07,0.01,-,-,-,-,4,-,-,-,Tr,4,0.1,0.3,0,Tr,0,4,1.01,0.21,8.1,(13.0),0.42,0.3,1,1.02,-,1,-,0.1,別名：黒豚\n試料： バークシャー種\n皮下脂肪及び筋間脂肪を除いたもの,"{""baseName"":""ぶた"",""part"":""もも"",""formModifiers"":[""赤肉""],""state"":""生"",""notes"":[""畜肉類"",""中型種肉""]}",豚ももは良質なタンパク源。調理して与えるのが望ましい。,9
11,11157,1808,＜畜肉類＞　ぶた　［中型種肉］　もも　脂身　生,0,2765,672,20.7,(5.2),5.2,72.3,81,73.8,0,*,0,1.5,,(0),-,0,-,0.3,18,110,1,6,58,0.5,0.4,0.03,0.01,-,-,-,-,13,-,-,-,(0),13,0.1,0.3,0,0.1,0,1,0.23,0.04,2.0,(2.5),0.08,0.3,1,0.30,-,0,-,0,別名：黒豚\n試料： バークシャー種\n皮下脂肪及び筋間脂肪,"{""baseName"":""ぶた"",""part"":""もも"",""formModifiers"":[""脂身""],""state"":""生"",""notes"":[""畜肉類"",""中型種肉""]}",豚もも（脂身部）は動物性原料として利用可能だが脂肪量に注意が必要,7
11,11158,1809,＜畜肉類＞　ぶた　［中型種肉］　そともも　脂身つき　生,0,1047,252,60.6,(14.9),18.0,19.6,70,20.3,(0.2),,(0.2),4.0,*,(0),-,0.2,-,0.9,49,320,4,21,170,0.6,2.2,0.08,0.02,-,-,-,-,4,-,-,-,0,4,Tr,0.3,0,Tr,0,Tr,0.70,0.18,5.7,(9.4),0.34,0.3,1,0.76,-,1,-,0.1,別名：黒豚\n試料： バークシャー種\n皮下脂肪： 18.4 %、筋間脂肪： 4.5 %,"{""baseName"":""ぶた"",""part"":""そともも"",""formModifiers"":[""脂身つき""],""state"":""生"",""notes"":[""畜肉類"",""中型種肉""]}",豚そとももは良質なタンパク源だが脂肪量に留意して使用するのが望ましい,9
11,11159,1810,＜畜肉類＞　ぶた　［中型種肉］　そともも　皮下脂肪なし　生,0,664,159,69.2,(17.2),21.0,8.0,68,8.5,(0.2),,(0.2),4.5,*,(0),-,0.2,-,1.1,55,360,4,25,190,0.5,2.6,0.09,0.02,-,-,-,-,3,-,-,-,0,3,Tr,0.3,0,Tr,0,Tr,0.81,0.21,6.5,(11.0),0.41,0.3,1,0.86,-,1,-,0.1,別名：黒豚\n試料： バークシャー種\n筋間脂肪： 5.5 %,"{""baseName"":""ぶた"",""part"":""そともも"",""formModifiers"":[""皮下脂肪なし""],""state"":""生"",""notes"":[""畜肉類"",""中型種肉""]}",豚のそとももは良質な赤身たんぱくで、適切に加熱すれば安全に使える。,9
11,11160,1811,＜畜肉類＞　ぶた　［中型種肉］　そともも　赤肉　生,0,544,129,72.0,(17.9),21.9,4.3,68,4.8,(0.2),,(0.2),4.7,*,(0),-,0.2,-,1.1,57,380,4,26,200,1.1,2.7,0.09,0.02,-,-,-,-,3,-,-,-,Tr,3,0,0.3,0,0,0,0,0.84,0.22,6.7,(11.0),0.43,0.3,1,0.89,-,1,-,0.1,別名：黒豚\n試料： バークシャー種\n皮下脂肪及び筋間脂肪を除いたもの,"{""baseName"":""ぶた"",""part"":""そともも"",""formModifiers"":[""赤肉""],""state"":""生"",""notes"":[""畜肉類"",""中型種肉""]}",豚そとももは良質な赤身タンパク源で犬のレシピ素材として適している。,9
11,11161,1812,＜畜肉類＞　ぶた　［中型種肉］　そともも　脂身　生,0,2714,660,22.2,(4.9),4.9,71.1,79,72.5,0,*,0,1.4,,(0),-,0,-,0.4,21,120,1,6,63,0.5,0.5,0.03,0,-,-,-,-,10,-,-,-,(0),10,0.1,0.3,0,0.1,0,1,0.24,0.05,2.5,(3.0),0.01,0.3,1,0.31,-,0,-,0.1,別名：黒豚\n試料： バークシャー種\n皮下脂肪及び筋間脂肪,"{""baseName"":""ぶた"",""part"":""そともも"",""formModifiers"":[""脂身""],""state"":""生"",""notes"":[""畜肉類"",""中型種肉""]}",豚そともも（脂身）はタンパク源だが脂質が高く配慮が必要,7
11,11162,1813,＜畜肉類＞　ぶた　［中型種肉］　ヒレ　赤肉　生,0,443,105,74.2,(18.5),22.7,1.3,65,1.7,(0.1),,(0.1),4.7,*,(0),-,0.1,-,1.3,48,400,4,28,220,1.2,2.3,0.09,0.02,-,-,-,-,2,-,-,-,Tr,2,0,0.3,0,0,0,0,1.22,0.25,5.4,(10.0),0.48,0.2,1,0.90,-,1,-,0.1,別名：黒豚\n試料： バークシャー種,"{""baseName"":""ぶた"",""part"":""ヒレ"",""formModifiers"":[""赤肉""],""state"":""生"",""notes"":[""畜肉類"",""中型種肉""]}",豚ヒレ（赤肉、生）は脂肪が少なく良質な蛋白源で犬の素材として理想的。,10
11,11163,1814,＜畜肉類＞　ぶた　［ひき肉］　生,0,868,209,64.8,15.9,17.7,16.1,74,17.2,(0.1),*,(0.1),2.3,,(0),-,0.1,-,0.9,57,290,6,20,120,1.0,2.8,0.07,0.01,1,19,2,1,9,0,0,0,0,9,0.4,0.5,0,0,0,5,0.69,0.22,5.5,8.9,0.36,0.6,2,1.22,3.3,1,-,0.1,,"{""baseName"":""ぶた"",""state"":""生"",""notes"":[""畜肉類"",""ひき肉""]}",豚ひき肉は良質なたんぱく源だが脂肪含量や加熱状態に注意が必要,8
11,11280,1815,＜畜肉類＞　ぶた　［ひき肉］　焼き,0,1202,289,51.5,22.3,25.7,19.9,94,21.5,(0.1),,(0.1),5.0,*,(0),-,0.1,-,1.3,80,440,7,29,170,1.6,3.7,0.09,0.03,1,28,2,1,10,0,0,0,0,10,0.4,0.5,0,Tr,0,5,0.94,0.30,8.1,13.0,0.42,0.9,1,1.61,5.0,1,-,0.2,,"{""baseName"":""ぶた"",""state"":""焼き"",""notes"":[""畜肉類"",""ひき肉""]}",焼き豚ひき肉は加熱済みの良質なタンパク源で犬のレシピ素材として適している,9
11,11312,1815-1,＜畜肉類＞　ぶた　［副生物］　頭部　ジョウルミート　生,0,1060,256,59.8,15.1,17.4,21.5,61,22.3,(0.1),*,(0.1),2.2,,-,-,0.1,0.5,0.9,64,290,3,17,150,0.5,1.8,0.04,Tr,0,23,2,1,12,0,0,0,0,12,0.5,0.3,0,Tr,0,5,0.64,0.13,6.6,9.8,0.32,0.3,2,0.72,4,1,-,0.2,別名： カシラニク、豚トロ,"{""baseName"":""ぶた"",""variety"":""頭部 ジョウルミート"",""state"":""生"",""notes"":[""畜肉類"",""副生物""]}",豚の頭部肉は良質な動物性タンパク源だが生は寄生虫や細菌リスクがあるため加熱して利用するのが安全。,8
11,11313,1815-2,＜畜肉類＞　ぶた　［副生物］　頭部　ジョウルミート　焼き,0,1459,351,45.1,21.9,25,27.3,85,28.6,(0.1),,(0.1),3.8,*,-,-,0.1,0.7,1.2,85,410,5,25,210,0.7,2.6,0.06,Tr,-,33,1,1,8,-,-,-,-,8,0.5,0.4,-,Tr,-,9,0.8,0.18,8.9,13.5,0.39,0.5,2,0.89,5.9,1,-,0.2,別名： カシラニク、豚トロ,"{""baseName"":""ぶた"",""variety"":""頭部 ジョウルミート"",""state"":""焼き"",""notes"":[""畜肉類"",""副生物""]}",焼き豚の頭部（ジョウルミート）は動物性たんぱく・脂質の供給源として利用できる（加熱済みで扱いやすい）,9
11,11164,1816,＜畜肉類＞　ぶた　［副生物］　舌　生,0,853,205,66.7,12.6,15.9,15.2,110,16.3,(0.1),,(0.1),4.6,*,(0),-,0.1,-,1.0,80,220,8,15,160,2.3,2.0,0.20,-,-,-,-,-,7,-,-,-,Tr,7,2,0.3,0,0,0,Tr,0.37,0.43,4.5,7.8,0.21,2.2,4,1.49,-,3,-,0.2,別名： たん,"{""baseName"":""ぶた"",""part"":""舌"",""state"":""生"",""notes"":[""畜肉類"",""副生物""]}",豚舌は良質な動物性タンパクで素材として利用可能（調理法に注意）,8
11,11165,1817,＜畜肉類＞　ぶた　［副生物］　心臓　生,0,497,118,75.7,13.4,16.2,5.0,110,7.0,(0.1),,(0.1),4.8,*,(0),-,0.1,-,1.0,80,270,5,17,170,3.5,1.7,0.35,-,-,-,-,-,9,-,-,-,Tr,9,0.7,0.4,0,0,0,1,0.38,0.95,6.0,9.5,0.32,2.5,5,2.70,-,4,-,0.2,別名： はつ,"{""baseName"":""ぶた"",""part"":""心臓"",""state"":""生"",""notes"":[""畜肉類"",""副生物""]}",豚の心臓は良質な臓器タンパク源で犬の食材として適している,9
11,11166,1818,＜畜肉類＞　ぶた　［副生物］　肝臓　生,0,484,114,72.0,17.3,20.4,1.9,250,3.4,(2.5),,(2.3),7.1,*,(0),-,2.5,-,1.7,55,290,5,20,340,13.0,6.9,0.99,-,1,67,0,120,13000,-,-,-,Tr,13000,1.3,0.4,0,0,0,Tr,0.34,3.60,14.0,19.0,0.57,25.0,810,7.19,80.0,20,-,0.1,別名： レバー,"{""baseName"":""ぶた"",""part"":""肝臓"",""state"":""生"",""notes"":[""畜肉類"",""副生物""]}",豚の肝臓は栄養が濃く適量であれば利用できるが多量は避けるべき,8
11,11167,1819,＜畜肉類＞　ぶた　［副生物］　じん臓　生,0,404,96,79.0,11.4,14.1,3.3,370,5.8,(Tr),,(Tr),5.2,*,(0),-,Tr,-,1.1,160,200,7,11,220,3.7,2.4,0.41,-,2,240,0,72,75,-,-,-,Tr,75,1.7,0.2,0,0,0,8,0.33,1.75,6.0,9.7,0.43,15.0,130,4.36,100.0,15,-,0.4,別名： まめ,"{""baseName"":""ぶた"",""part"":""じん臓"",""state"":""生"",""notes"":[""畜肉類"",""副生物""]}",豚の腎臓は栄養価の高い内臓肉で蛋白源として利用できる（調理と量に注意）,8
11,11168,1820,＜畜肉類＞　ぶた　［副生物］　胃　ゆで,0,465,111,76.8,(13.9),17.4,4.1,250,5.1,0,,0,4.4,*,(0),-,0,-,0.7,100,150,9,15,140,1.5,2.4,0.19,0.05,-,-,-,-,4,-,-,-,(0),4,0.5,0.4,0,0,0,14,0.10,0.23,2.9,(6.4),0.04,0.9,31,0.59,-,5,-,0.3,別名： がつ、ぶたみの,"{""baseName"":""ぶた"",""variety"":""胃"",""state"":""ゆで"",""notes"":[""畜肉類"",""副生物""]}",豚の胃（ゆで）は内臓肉として栄養があり素材に使えるが脂質や食感に留意が必要,8
11,11169,1821,＜畜肉類＞　ぶた　［副生物］　小腸　ゆで,0,663,159,73.7,(11.2),14.0,11.1,240,11.9,0,,0,3.5,*,(0),-,0,-,0.4,13,14,21,13,130,1.4,2.0,0.08,0.04,-,-,-,-,15,-,-,-,(0),15,0.3,0.3,0,0,0,5,0.01,0.03,0.1,(2.9),0,0.4,17,0.24,-,0,-,0,別名： ひも,"{""baseName"":""ぶた"",""variety"":""小腸"",""state"":""ゆで"",""notes"":[""畜肉類"",""副生物""]}",豚小腸のゆで物は加熱処理された副生物で利用可能だが内臓類のためやや注意が必要。,7
11,11170,1822,＜畜肉類＞　ぶた　［副生物］　大腸　ゆで,0,691,166,74.1,(9.4),11.7,12.9,210,13.8,0,,0,3.2,*,(0),-,0,-,0.4,21,27,15,10,93,1.6,1.8,0.12,0.03,-,-,-,-,8,-,-,-,(0),8,0.5,0.5,0,0,0,26,0.03,0.07,0.1,(2.4),0,1.0,25,0.27,-,0,-,0.1,別名：しろ、しろころ,"{""baseName"":""ぶた"",""variety"":""大腸"",""state"":""ゆで"",""notes"":[""畜肉類"",""副生物""]}",加熱済みの豚の大腸はタンパク源となるが脂肪や消化性に留意が必要な副生物,7
11,11171,1823,＜畜肉類＞　ぶた　［副生物］　子宮　生,0,273,64,83.8,(11.7),14.6,0.5,170,0.9,0,,0,3.3,*,(0),-,0,-,0.7,130,150,7,8,100,1.9,1.3,0.11,0.01,-,-,-,-,8,-,-,-,(0),8,0.2,0.2,0,0,0,5,0.06,0.14,2.2,(5.1),0.01,3.8,8,0.38,-,11,-,0.3,別名： こぶくろ,"{""baseName"":""ぶた"",""variety"":""子宮"",""state"":""生"",""notes"":[""畜肉類"",""副生物""]}",豚の副生物はタンパク源になるが、下処理と加熱が必要。,7
11,11172,1824,＜畜肉類＞　ぶた　［副生物］　豚足　ゆで,40,944,227,62.7,-,20.1,16.3,110,16.8,(Tr),*,(Tr),0.5,,(0),-,Tr,-,0.4,110,50,12,5,32,1.4,1.0,0.07,-,-,-,-,-,6,-,-,-,(0),6,1,0.4,0,0,0,1,0.05,0.12,0.7,4.1,0.02,0.4,1,0.16,-,0,-,0.3,皮付きのもの\n廃棄部位： 骨,"{""baseName"":""ぶた"",""variety"":""豚足"",""state"":""ゆで"",""notes"":[""畜肉類"",""副生物""]}",豚足（ゆで）はコラーゲン源として利用できるが骨や脂肪の処理が必要。,7
11,11173,1825,＜畜肉類＞　ぶた　［副生物］　軟骨　ゆで,0,952,229,63.5,(15.1),17.8,17.3,140,17.9,0,,0,3.3,*,(0),-,0,-,0.8,120,110,100,13,120,1.6,1.5,0.11,0.02,-,-,-,-,7,-,-,-,(0),7,0.5,0.1,0,0,0,13,0.08,0.15,1.7,(2.3),0.05,0.6,2,0.47,-,2,-,0.3,別名： ふえがらみ,"{""baseName"":""ぶた"",""variety"":""軟骨"",""state"":""ゆで"",""notes"":[""畜肉類"",""副生物""]}",加熱済みの豚軟骨はコラーゲン源として消化しやすく利用しやすい,8
11,11197,1854,＜畜肉類＞　ぶた　［その他］　スモークレバー,0,768,182,57.6,24.9,29.6,4.5,480,7.7,2.9,,2.9,10.3,*,(0),0,2.6,0.1,2.5,690,280,8,24,380,20.0,8.7,0.92,0.30,4,81,1,190,17000,-,-,-,(0),17000,0.9,0.6,0,0,0,1,0.29,5.17,18.0,26.0,0.66,24.0,310,7.28,130.0,10,-,1.8,,"{""baseName"":""ぶた"",""variety"":""スモークレバー"",""notes"":[""畜肉類"",""その他""]}",豚のスモークレバーは良質なタンパク源で鉄分やビタミンを含み、犬の素材として適している,9
11,11198,1855,＜畜肉類＞　ぶた　［その他］　ゼラチン,0,1474,347,11.3,86.0,87.6,-,2,0.3,0,*,0,1.6,,(0),-,0,-,0.8,260,8,16,3,7,0.7,0.1,0.01,0.03,2,7,6,2,(0),-,-,-,(0),(0),0,0,0,0,0,0,(0),(0),(0),(0.1),0,0.2,2,0.08,0.4,(0),-,0.7,試料： 家庭用\n(100 g：154mL、100 mL：65g),"{""baseName"":""ぶた"",""variety"":""ゼラチン"",""notes"":[""畜肉類"",""その他""]}",豚ゼラチンはコラーゲン源として安全だが栄養価は限定的,7
11,11199,1856,＜畜肉類＞　めんよう　［マトン］　ロース　脂身つき　生,0,800,192,68.2,17.7,19.3,13.4,65,15.0,(0.2),*,(0.2),0,,(0),-,0.2,-,0.8,62,330,3,17,180,2.7,2.5,0.08,0.01,1,8,1,1,12,0,0,0,0,12,0.7,0.7,0,0,0,19,0.16,0.21,5.9,9.8,0.32,1.3,1,0.51,1.4,1,-,0.2,別名： ひつじ \n試料： ニュージーランド及びオーストラリア産,"{""baseName"":""めんよう"",""part"":""ロース"",""formModifiers"":[""脂身つき""],""state"":""生"",""notes"":[""畜肉類"",""マトン""]}",マトンのロースは動物性タンパク源として適するが脂が付く点に注意。,8
11,11281,1857,＜畜肉類＞　めんよう　［マトン］　ロース　脂身つき　焼き,0,1269,305,52.3,23.7,25.8,23.3,97,24.9,(0.2),*,(0.2),0,,(0),-,0.2,-,0.9,69,370,4,20,220,3.6,3.9,0.11,0,1,7,1,1,14,0,0,0,0,14,0.7,1.0,0,0,0,22,0.16,0.26,6.2,12.0,0.37,1.5,Tr,0.66,1.9,Tr,-,0.2,別名： ひつじ \n試料： ニュージーランド及びオーストラリア産,"{""baseName"":""めんよう"",""part"":""ロース"",""formModifiers"":[""脂身つき""],""state"":""焼き"",""notes"":[""畜肉類"",""マトン""]}",マトンは良質な動物性タンパク源で、焼き済みの部位は犬の素材として適切,9
11,11245,1858,＜畜肉類＞　めんよう　［マトン］　ロース　皮下脂肪なし　生,0,581,139,72.3,17.6,22.2,6.3,66,7.4,0.1,,0.1,2.3,*,0,-,0,0.6,0.9,61,350,3,23,190,2.8,3.1,0.10,0.01,1,10,0,1,8,-,-,-,-,8,0.2,0.5,0,0,0,14,0.14,0.24,7.2,12.0,0.33,1.5,2,0.75,1.5,1,-,0.2,別名： ひつじ\n試料： オーストラリア産,"{""baseName"":""めんよう"",""part"":""ロース"",""formModifiers"":[""皮下脂肪なし""],""state"":""生"",""notes"":[""畜肉類"",""マトン""]}",マトン（ロース）は優れた動物性たんぱく源だが脂質や風味に注意が必要,9
11,11200,1859,＜畜肉類＞　めんよう　［マトン］　もも　脂身つき　生,0,853,205,65.0,17.2,18.8,13.6,78,15.3,(0.1),,(0.1),3.4,*,(0),-,0.1,-,0.8,37,230,4,21,140,2.5,3.4,0.13,0.01,-,-,-,-,7,-,-,-,(0),7,0.4,1.3,0,0,0,18,0.14,0.33,4.6,8.5,0.30,1.6,1,1.12,-,1,-,0.1,別名： ひつじ \n試料： ニュージーランド及びオーストラリア産,"{""baseName"":""めんよう"",""part"":""もも"",""formModifiers"":[""脂身つき""],""state"":""生"",""notes"":[""畜肉類"",""マトン""]}",マトン（もも・脂身つき・生）は動物性たんぱくと脂質の供給源として使えるが脂肪量に注意,8
11,11201,1860,＜畜肉類＞　めんよう　［ラム］　かた　脂身つき　生,0,888,214,64.8,14.9,17.1,15.3,80,17.1,(0.1),,(0.1),4.1,*,(0),-,0.1,-,0.9,70,310,4,23,120,2.2,5.0,0.13,-,-,-,-,-,8,-,-,-,(0),8,0.9,0.5,0,0,0,23,0.13,0.26,4.2,7.5,0.12,2.0,2,0.94,-,1,-,0.2,別名： ひつじ \n試料： ニュージーランド及びオーストラリア産,"{""baseName"":""めんよう"",""part"":""かた"",""formModifiers"":[""脂身つき""],""state"":""生"",""notes"":[""畜肉類"",""ラム""]}",羊肉は良質な動物性タンパク源で犬のレシピ素材として適している,10
11,11202,1861,＜畜肉類＞　めんよう　［ラム］　ロース　脂身つき　生,0,1189,287,56.5,13.6,15.6,23.2,66,25.9,(0.2),,(0.2),5.9,*,(0),-,0.2,-,0.8,72,250,10,17,140,1.2,2.6,0.08,0.01,1,8,1,Tr,30,0,0,0,0,30,0,0.6,0,0,0,22,0.12,0.16,4.2,7.3,0.23,1.4,1,0.64,2.0,1,-,0.2,別名： ひつじ \n試料： ニュージーランド及びオーストラリア産,"{""baseName"":""めんよう"",""part"":""ロース"",""formModifiers"":[""脂身つき""],""state"":""生"",""notes"":[""畜肉類"",""ラム""]}",ラム肉は良質なタンパク源で犬のレシピ素材として適している。,9
11,11282,1862,＜畜肉類＞　めんよう　［ラム］　ロース　脂身つき　焼き,0,1488,358,43.5,19.0,21.8,27.2,88,31.4,(0.2),,(0.1),9.4,*,(0),-,0.2,-,1.0,80,290,11,21,160,1.7,3.3,0.11,0,1,5,1,1,37,0,Tr,0,Tr,37,0,0.6,0,0,0,29,0.13,0.21,5.4,9.8,0.27,2.1,1,0.69,2.7,1,-,0.2,別名： ひつじ \n試料： ニュージーランド及びオーストラリア産,"{""baseName"":""めんよう"",""part"":""ロース"",""formModifiers"":[""脂身つき""],""state"":""焼き"",""notes"":[""畜肉類"",""ラム""]}",ラム肉は良質なタンパク源で、焼き済みの部位は犬のレシピ素材として適切,9
11,11246,1863,＜畜肉類＞　めんよう　［ラム］　ロース　皮下脂肪なし　生,0,539,128,72.3,18.0,22.3,4.3,67,5.2,0,,0,3.7,*,0,-,0,0.7,1.0,77,330,7,23,190,1.9,2.7,0.12,0.01,1,11,0,Tr,7,-,-,-,-,7,0,0.1,0,0,0,11,0.15,0.25,8.1,13.0,0.36,1.6,1,0.77,1.8,1,-,0.2,別名： ひつじ\n試料： ニュージーランド及びオーストラリア産\n筋間脂肪： 6.4 ％,"{""baseName"":""めんよう"",""part"":""ロース"",""formModifiers"":[""皮下脂肪なし""],""state"":""生"",""notes"":[""畜肉類"",""ラム""]}",ラム（めんよう）ロースは良質な動物性たんぱく源で犬のレシピ素材として理想的である,10
11,11203,1864,＜畜肉類＞　めんよう　［ラム］　もも　脂身つき　生,0,684,164,69.7,17.6,20.0,10.3,64,12.0,(0.3),*,(0.3),1.4,,(0),-,0.3,-,1.0,59,340,3,22,200,2.0,3.1,0.10,0.01,1,9,Tr,1,9,0,0,0,0,9,0.1,0.4,0,0,0,15,0.18,0.27,6.9,11.0,0.29,1.8,1,0.80,2.0,1,-,0.2,別名： ひつじ \n試料： ニュージーランド及びオーストラリア産,"{""baseName"":""めんよう"",""part"":""もも"",""formModifiers"":[""脂身つき""],""state"":""生"",""notes"":[""畜肉類"",""ラム""]}",ラム肉は良質なタンパクと脂質を供給する優れた素材,9
11,11283,1865,＜畜肉類＞　めんよう　［ラム］　もも　脂身つき　焼き,0,1111,267,53.5,25.0,28.6,18.4,99,20.3,(0.3),*,(0.2),2.1,,(0),-,0.3,-,1.0,64,370,4,24,220,2.5,4.5,0.15,0,1,13,1,1,14,0,0,0,0,14,0,0.5,0,0.1,0,23,0.19,0.32,7.4,14.0,0.29,2.1,4,0.84,2.5,Tr,-,0.2,別名： ひつじ \n試料： ニュージーランド及びオーストラリア産,"{""baseName"":""めんよう"",""part"":""もも"",""formModifiers"":[""脂身つき""],""state"":""焼き"",""notes"":[""畜肉類"",""ラム""]}",ラムももは良質な動物性タンパク源で犬のレシピ素材として適している,9
11,11204,1867,＜畜肉類＞　やぎ　肉　赤肉　生,0,420,99,75.4,18.9,21.9,1.0,70,1.5,(0.2),,(0.2),3.8,*,(0),-,0.2,-,1.0,45,310,7,25,170,3.8,4.7,0.11,0.02,-,-,-,-,3,-,-,-,0,3,0,1.0,0,0,0,2,0.07,0.28,6.7,11.0,0.26,2.8,2,0.45,-,1,-,0.1,,"{""baseName"":""やぎ"",""variety"":""肉"",""formModifiers"":[""赤肉""],""state"":""生"",""notes"":[""畜肉類""]}",やぎ肉は低脂肪で良質なたんぱく源。適切に処理すれば犬のレシピに適する。,9
11,11207,1868,＜鳥肉類＞　うずら　肉　皮つき　生,0,808,194,65.4,(17.8),20.5,11.9,120,12.9,(0.1),,(0.1),3.8,*,(0),-,0.1,-,1.1,35,280,15,27,100,2.9,0.8,0.11,0.02,-,-,-,-,45,-,-,-,Tr,45,0.1,0.8,Tr,0.2,0,53,0.12,0.50,5.8,(11.0),0.53,0.7,11,1.85,-,Tr,-,0.1,,"{""baseName"":""うずら"",""variety"":""肉"",""formModifiers"":[""皮つき""],""state"":""生"",""notes"":[""鳥肉類""]}",うずら肉は良質な鳥類タンパクで犬のレシピ素材として適している,9
11,11208,1870,＜鳥肉類＞　かも　まがも　肉　皮なし　生,0,498,118,72.1,(19.8),23.6,2.2,86,3.0,(0.1),,(0.1),4.7,*,(0),-,0.1,-,1.2,72,400,5,27,260,4.3,1.4,0.36,0.03,-,-,-,-,15,-,-,-,Tr,15,3.1,Tr,0,0,0,14,0.40,0.69,9.3,(14.0),0.61,3.5,3,2.17,-,1,-,0.2,試料： 冷凍品\n皮下脂肪を除いたもの,"{""baseName"":""かも"",""variety"":""まがも 肉"",""formModifiers"":[""皮なし""],""state"":""生"",""notes"":[""鳥肉類""]}",かもの皮なし肉は良質な動物性たんぱくで犬のレシピ素材として適している,9
11,11205,1871,＜鳥肉類＞　かも　あいがも　肉　皮つき　生,0,1257,304,56.0,(12.4),14.2,28.2,86,29.0,(0.1),*,(0.1),2.7,,(0),-,0.1,-,0.7,62,220,5,16,130,1.9,1.4,0.26,0.02,-,-,-,-,46,-,-,-,(0),46,1,0.2,0,0.2,0,21,0.24,0.35,3.8,(6.5),0.32,1.1,2,1.67,-,1,-,0.2,試料： 冷凍品,"{""baseName"":""かも"",""variety"":""あいがも 肉"",""formModifiers"":[""皮つき""],""state"":""生"",""notes"":[""鳥肉類""]}",合鴨（皮つき）は良質なたんぱく源だが脂肪が多めでエネルギーが高い。,8
11,11206,1872,＜鳥肉類＞　かも　あひる　肉　皮つき　生,0,985,237,62.7,(13.3),14.9,18.2,85,19.8,(0.1),,(0.1),5.0,*,(0),-,0.1,-,0.8,67,250,5,17,160,1.6,1.6,0.20,0.01,7,16,Tr,2,62,0,0,-,0,62,0.8,0.5,0,0.1,0,41,0.30,0.26,5.3,(8.2),0.34,2.1,10,1.20,4.0,2,-,0.2,皮及び皮下脂肪： 40.4 %,"{""baseName"":""かも"",""variety"":""あひる 肉"",""formModifiers"":[""皮つき""],""state"":""生"",""notes"":[""鳥肉類""]}",鴨（あひる）肉は良質なタンパク源だが脂肪が高めのため使用量に注意が必要。,8
11,11247,1873,＜鳥肉類＞　かも　あひる　肉　皮なし　生,0,398,94,77.2,17.2,20.1,1.5,88,2.2,(0.2),,(0.2),3.0,*,(0),-,0.2,-,1.1,84,360,5,26,230,2.4,2.3,0.31,0.02,11,21,0,2,9,0,0,-,0,9,0.4,0.4,0,0.1,0,22,0.46,0.41,7.9,12.0,0.54,3.0,14,1.83,5.6,3,-,0.2,皮下脂肪を除いたもの,"{""baseName"":""かも"",""variety"":""あひる 肉"",""formModifiers"":[""皮なし""],""state"":""生"",""notes"":[""鳥肉類""]}",鴨（あひる）肉はタンパク源として利用可能でレシピ素材に適しています。,9
11,11284,1874,＜鳥肉類＞　かも　あひる　皮　生,0,1852,448,41.3,7.6,7.3,42.9,79,45.8,0,,0,7.9,*,(0),-,0,-,0.3,42,84,5,5,59,0.4,0.7,0.03,0,2,10,1,1,140,0,0,-,0,140,1.4,0.8,0,0.2,0,70,0.07,0.05,1.4,2.1,0.05,0.8,5,0.27,1.5,2,-,0.1,皮下脂肪を含んだもの,"{""baseName"":""かも"",""variety"":""あひる 皮"",""state"":""生"",""notes"":[""鳥肉類""]}",あひるの皮は脂肪分が高く使用量に注意が必要だが素材としては利用可能,7
11,11209,1875,＜鳥肉類＞　きじ　肉　皮なし　生,0,427,101,75.0,(19.7),23.0,0.8,73,1.1,(0.1),,(0.1),3.7,*,(0),-,0.1,-,0.8,38,220,8,27,190,1.0,1.0,0.10,0.03,-,-,-,-,7,-,-,-,Tr,7,0.5,0.3,0,0,0,19,0.08,0.24,8.4,(14.0),0.65,1.7,12,1.07,-,1,-,0.1,試料： 冷凍品\n皮下脂肪を除いたもの,"{""baseName"":""きじ"",""variety"":""肉"",""formModifiers"":[""皮なし""],""state"":""生"",""notes"":[""鳥肉類""]}",きじは良質な動物性たんぱく源で犬のレシピ素材として適している,9
11,11210,1876,＜鳥肉類＞　しちめんちょう　肉　皮なし　生,0,422,99,74.6,19.8,23.5,0.4,62,0.7,(0.1),,(0.1),4.0,*,(0),-,0.1,-,1.1,37,190,8,29,140,1.1,0.8,0.05,0.02,-,-,-,-,Tr,-,-,-,Tr,Tr,0.1,Tr,0,0,0,18,0.07,0.24,7.0,12.0,0.72,0.6,10,1.51,-,2,-,0.1,皮下脂肪を除いたもの,"{""baseName"":""しちめんちょう"",""variety"":""肉"",""formModifiers"":[""皮なし""],""state"":""生"",""notes"":[""鳥肉類""]}",七面鳥肉（皮なし）は良質なたんぱく源で犬のレシピ素材として適切。,9
11,11211,1877,＜鳥肉類＞　すずめ　肉　骨・皮つき　生,0,479,114,72.2,-,18.1,4.6,230,5.9,(0.1),*,(0.1),1.4,,(0),-,0.1,-,3.7,80,160,1100,42,660,8.0,2.7,0.41,0.12,-,-,-,-,15,-,-,-,Tr,15,0.2,0.2,0,0.1,0,4,0.28,0.80,2.8,5.8,0.59,5.0,16,4.56,-,Tr,-,0.2,試料： 冷凍品\nくちばし、内臓及び足先を除いたもの,"{""baseName"":""すずめ"",""variety"":""肉 骨・皮つき"",""state"":""生"",""notes"":[""鳥肉類""]}",鳥肉として利用可能だが、小骨の処理が必要,7
11,11212,1878,＜鳥肉類＞　にわとり　［親・主品目］　手羽　皮つき　生,40,760,182,66.0,(20.8),23.0,9.6,140,10.4,0,,0,3.0,*,(0),-,0,-,0.6,44,120,16,14,100,1.2,1.7,0.05,0.01,-,-,-,-,60,-,-,-,Tr,60,0.1,0.1,0,0.1,0,70,0.04,0.11,3.3,(7.3),0.20,0.7,10,1.33,-,1,-,0.1,廃棄部位： 骨,"{""baseName"":""にわとり"",""part"":""手羽"",""formModifiers"":[""皮つき""],""state"":""生"",""notes"":[""鳥肉類"",""親・主品目""]}",鶏手羽は良質なタンパク源で犬のレシピ素材として適切です（骨は調理で除去が前提）。,9
11,11213,1879,＜鳥肉類＞　にわとり　［親・主品目］　むね　皮つき　生,0,954,229,62.6,(15.5),19.5,16.5,86,17.2,0,,0,4.7,*,(0),-,0,-,0.7,31,190,4,20,120,0.3,0.7,0.05,0.01,-,-,-,-,72,-,-,-,Tr,72,0.1,0.2,0,0.1,0,50,0.05,0.08,7.9,(12.0),0.35,0.3,5,0.97,-,1,-,0.1,皮及び皮下脂肪： 32.8 %,"{""baseName"":""にわとり"",""part"":""むね"",""formModifiers"":[""皮つき""],""state"":""生"",""notes"":[""鳥肉類"",""親・主品目""]}",鶏むね肉は良質なたんぱく源。皮は脂質が多い点に留意が必要,9
11,11214,1880,＜鳥肉類＞　にわとり　［親・主品目］　むね　皮なし　生,0,477,113,72.8,(19.7),24.4,1.5,73,1.9,0,,0,5.1,*,(0),-,0,-,0.9,34,210,5,26,150,0.4,0.7,0.05,0.01,-,-,-,-,50,-,-,-,Tr,50,0,0.1,0,0,0,20,0.06,0.10,8.4,(13.0),0.47,0.2,5,1.13,-,1,-,0.1,皮下脂肪を除いたもの,"{""baseName"":""にわとり"",""part"":""むね"",""formModifiers"":[""皮なし""],""state"":""生"",""notes"":[""鳥肉類"",""親・主品目""]}",鶏むね肉は低脂肪で良質なタンパク源で犬のレシピに適している,10
11,11215,1881,＜鳥肉類＞　にわとり　［親・主品目］　もも　皮つき　生,0,971,234,62.9,(17.4),17.3,18.3,90,19.1,0,*,0,0.8,,(0),-,0,-,0.7,42,160,8,16,110,0.9,1.7,0.07,0.01,-,-,-,-,47,-,-,-,Tr,47,0.1,0.1,0,0.1,0,62,0.07,0.23,3.8,(7.6),0.17,0.5,6,1.57,-,1,-,0.1,皮及び皮下脂肪： 30.6 %,"{""baseName"":""にわとり"",""part"":""もも"",""formModifiers"":[""皮つき""],""state"":""生"",""notes"":[""鳥肉類"",""親・主品目""]}",鶏もも肉は良質な動物性タンパク質と脂質の供給源で、犬のレシピ素材として適する（皮下脂肪は高め）。,9
11,11216,1882,＜鳥肉類＞　にわとり　［親・主品目］　もも　皮なし　生,0,539,128,72.3,(18.5),22.0,4.2,77,4.8,0,,0,4.1,*,(0),-,0,-,0.9,50,220,9,21,150,2.1,2.3,0.09,0.01,-,-,-,-,17,-,-,-,Tr,17,0,0.1,0,0.1,0,38,0.10,0.31,4.1,(8.7),0.22,0.6,7,2.15,-,1,-,0.1,皮下脂肪を除いたもの,"{""baseName"":""にわとり"",""part"":""もも"",""formModifiers"":[""皮なし""],""state"":""生"",""notes"":[""鳥肉類"",""親・主品目""]}",鶏もも（皮なし）は低脂肪で良質なタンパク源、犬のレシピに最適,10
11,11217,1883,＜鳥肉類＞　にわとり　［親・副品目］　ささみ　生,5,452,107,73.2,(20.3),24.6,0.8,52,1.1,0,,0,4.6,*,(0),-,0,-,1.1,40,280,8,21,200,0.6,2.4,0.09,-,-,-,-,-,9,-,-,-,Tr,9,0,0.1,0,0,0,18,0.09,0.12,11.0,(16.0),0.66,0.1,7,1.68,-,Tr,-,0.1,廃棄部位： すじ,"{""baseName"":""にわとり"",""part"":""ささみ"",""state"":""生"",""notes"":[""鳥肉類"",""親・副品目""]}",ささみは低脂肪で良質なタンパク源、犬に適した素材,9
11,11218,1884,＜鳥肉類＞　にわとり　［若どり・主品目］　手羽　皮つき　生,35,788,189,68.1,(16.5),17.8,13.7,110,14.3,0,*,0,0.9,,(0),-,0,-,0.8,79,220,14,17,150,0.5,1.2,0.02,0,2,14,1,4,47,0,0,0,0,47,0.4,0.6,0,0.1,0,42,0.07,0.10,6.2,(9.4),0.38,0.4,10,0.87,3.1,2,-,0.2,別名：ブロイラー\n廃棄部位： 骨\n手羽先： 44.5 %、手羽元： 55.5 %,"{""baseName"":""にわとり"",""part"":""手羽"",""formModifiers"":[""皮つき""],""state"":""生"",""notes"":[""鳥肉類"",""若どり・主品目""]}",若どりの手羽は良質な動物性タンパク源で犬の素材として適している（骨・硬い部分は調理で除去）。,9
11,11285,1885,＜鳥肉類＞　にわとり　［若どり・主品目］　手羽さき　皮つき　生,40,859,207,67.1,16.3,17.4,15.7,120,16.2,0,*,0,0.1,,(0),-,0,-,0.8,78,210,20,16,140,0.6,1.5,0.02,0,1,14,2,4,51,0,0,0,0,51,0.6,0.6,0,0.1,0,45,0.07,0.09,5.4,8.2,0.30,0.5,8,0.84,3.0,2,-,0.2,別名：ブロイラー\n廃棄部位： 骨,"{""baseName"":""にわとり"",""part"":""手羽さき"",""formModifiers"":[""皮つき""],""state"":""生"",""notes"":[""鳥肉類"",""若どり・主品目""]}",鶏手羽は良質な動物性たんぱく源で、犬のレシピ素材として適している。,9
11,11286,1886,＜鳥肉類＞　にわとり　［若どり・主品目］　手羽もと　皮つき　生,30,730,175,68.9,16.7,18.2,12.1,100,12.8,0,*,0,1.6,,(0),-,0,-,0.8,80,230,10,19,150,0.5,1.0,0.02,0,2,14,1,4,44,0,0,0,0,44,0.3,0.5,0,0.1,0,39,0.08,0.10,6.9,10.0,0.45,0.3,12,0.89,3.1,2,-,0.2,別名：ブロイラー\n廃棄部位： 骨,"{""baseName"":""にわとり"",""part"":""手羽もと"",""formModifiers"":[""皮つき""],""state"":""生"",""notes"":[""鳥肉類"",""若どり・主品目""]}",鶏肉の部位で良質な動物性タンパク源。皮付きは脂肪が多い点に注意。,9
11,11219,1887,＜鳥肉類＞　にわとり　［若どり・主品目］　むね　皮つき　生,0,558,133,72.6,17.3,21.3,5.5,73,5.9,(0.1),,(Tr),3.6,*,(0),-,0.1,-,1.0,42,340,4,27,200,0.3,0.6,0.03,0.01,0,17,1,2,18,0,0,0,0,18,0.1,0.3,0,Tr,0,23,0.09,0.10,11.0,15.0,0.57,0.2,12,1.74,2.9,3,-,0.1,別名：ブロイラー\n皮及び皮下脂肪： 9.0 %,"{""baseName"":""にわとり"",""part"":""むね"",""formModifiers"":[""皮つき""],""state"":""生"",""notes"":[""鳥肉類"",""若どり・主品目""]}",鶏むね（皮つき）は良質なたんぱく源だが皮は脂肪が多い点に留意が必要,9
11,11287,1888,＜鳥肉類＞　にわとり　［若どり・主品目］　むね　皮つき　焼き,0,904,215,55.1,29.2,34.7,8.4,120,9.1,(0.1),,(0.1),5.8,*,(0),-,0.1,-,1.6,65,510,6,40,300,0.4,1.0,0.05,0.01,0,28,1,3,27,0,0,Tr,0,27,0.1,0.5,0,0.1,0,44,0.12,0.17,17.0,24.0,0.60,0.4,17,2.51,5.4,3,-,0.2,別名：ブロイラー,"{""baseName"":""にわとり"",""part"":""むね"",""formModifiers"":[""皮つき""],""state"":""焼き"",""notes"":[""鳥肉類"",""若どり・主品目""]}",鶏むね（焼き）は良質なたんぱく源で犬のレシピ素材として非常に適している,10
11,11220,1889,＜鳥肉類＞　にわとり　［若どり・主品目］　むね　皮なし　生,0,445,105,74.6,19.2,23.3,1.6,72,1.9,(0.1),,(0.1),3.4,*,(0),-,0.1,-,1.1,45,370,4,29,220,0.3,0.7,0.02,0.02,0,17,Tr,2,9,0,0,0,0,9,0.1,0.3,0,Tr,0,16,0.10,0.11,12.0,17.0,0.64,0.2,13,1.92,3.2,3,-,0.1,別名：ブロイラー\n皮下脂肪を除いたもの,"{""baseName"":""にわとり"",""part"":""むね"",""formModifiers"":[""皮なし""],""state"":""生"",""notes"":[""鳥肉類"",""若どり・主品目""]}",生の鶏むね（皮なし）は低脂肪で良質なタンパク源として非常に適している。,10
11,11288,1890,＜鳥肉類＞　にわとり　［若どり・主品目］　むね　皮なし　焼き,0,747,177,57.6,33.2,38.8,2.8,120,3.3,(0.1),,(0.1),4.7,*,(0),-,0.1,-,1.7,73,570,7,47,340,0.5,1.1,0.04,0.01,0,29,1,4,14,0,0,0,0,14,0.1,0.5,0,0.1,0,29,0.14,0.18,18.0,27.0,0.66,0.3,18,2.58,5.3,4,-,0.2,別名：ブロイラー\n皮下脂肪を除いたもの,"{""baseName"":""にわとり"",""part"":""むね"",""formModifiers"":[""皮なし""],""state"":""焼き"",""notes"":[""鳥肉類"",""若どり・主品目""]}",鶏むね肉（皮なし・焼き）は低脂肪で良質なたんぱく源、犬のレシピ素材として理想的,10
11,11221,1891,＜鳥肉類＞　にわとり　［若どり・主品目］　もも　皮つき　生,0,790,190,68.5,17.0,16.6,13.5,89,14.2,0,*,0,0.1,,(0),-,0,-,0.9,62,290,5,21,170,0.6,1.6,0.04,0.01,Tr,17,0,2,40,-,0,-,-,40,0.4,0.7,0,0.1,0,29,0.10,0.15,4.8,8.5,0.25,0.3,13,0.81,3.5,3,-,0.2,別名：ブロイラー\n皮及び皮下脂肪： 21.2 %,"{""baseName"":""にわとり"",""part"":""もも"",""formModifiers"":[""皮つき""],""state"":""生"",""notes"":[""鳥肉類"",""若どり・主品目""]}",鶏もも（皮つき）は良質なタンパク源でレシピ素材として適切。脂肪量には配慮が必要。,9
11,11223,1892,＜鳥肉類＞　にわとり　［若どり・主品目］　もも　皮つき　ゆで,1,902,216,62.9,(22.1),22.0,14.2,130,15.2,0,*,0,0,,(0),-,0,-,0.8,47,210,9,23,160,1.0,2.0,0.07,0.02,0,3,0,0,47,-,-,-,-,47,0.2,0.2,0,0.1,0,47,0.07,0.21,4.6,(9.4),0.22,0.3,7,1.06,0.2,2,-,0.1,別名：ブロイラー,"{""baseName"":""にわとり"",""part"":""もも"",""formModifiers"":[""皮つき""],""state"":""ゆで"",""notes"":[""鳥肉類"",""若どり・主品目""]}",加熱済みの鶏ももは良質なたんぱく源、皮つきは脂質に配慮して使用,9
11,11222,1893,＜鳥肉類＞　にわとり　［若どり・主品目］　もも　皮つき　焼き,1,920,220,58.4,(26.4),26.3,12.7,130,13.9,0,*,0,1.3,,(0),-,0,-,1.2,92,390,6,29,230,0.9,2.5,0.05,0.01,Tr,29,0,3,25,-,-,-,-,25,0.4,0.2,0,0.1,0,34,0.14,0.24,6.8,(13.0),0.28,0.5,8,1.20,5.6,2,-,0.2,別名：ブロイラー,"{""baseName"":""にわとり"",""part"":""もも"",""formModifiers"":[""皮つき""],""state"":""焼き"",""notes"":[""鳥肉類"",""若どり・主品目""]}",鶏もも（焼き）は良質なタンパク源だが皮付きの脂質に注意,9
11,11224,1895,＜鳥肉類＞　にわとり　［若どり・主品目］　もも　皮なし　生,0,477,113,76.1,16.3,19.0,4.3,87,5.0,0,,0,2.3,*,(0),-,0,-,1.0,69,320,5,24,190,0.6,1.8,0.04,0.01,0,19,0,2,16,-,0,-,-,16,0.2,0.6,0,0.1,0,23,0.12,0.19,5.5,9.5,0.31,0.3,10,1.06,3.6,3,-,0.2,別名：ブロイラー\n皮下脂肪を除いたもの,"{""baseName"":""にわとり"",""part"":""もも"",""formModifiers"":[""皮なし""],""state"":""生"",""notes"":[""鳥肉類"",""若どり・主品目""]}",鶏もも肉は良質な動物性タンパク源で犬のレシピ素材として適切,10
11,11226,1896,＜鳥肉類＞　にわとり　［若どり・主品目］　もも　皮なし　ゆで,0,593,141,69.1,(21.1),25.1,4.2,120,5.2,0,,0,4.6,*,(0),-,0,-,0.9,56,260,10,25,190,0.8,2.2,0.05,0.01,-,-,-,-,14,-,-,-,-,14,0,0.3,0,Tr,0,25,0.12,0.18,5.3,(11.0),0.36,0.3,8,0.99,-,2,-,0.1,別名：ブロイラー\n皮下脂肪を除いたもの,"{""baseName"":""にわとり"",""part"":""もも"",""formModifiers"":[""皮なし""],""state"":""ゆで"",""notes"":[""鳥肉類"",""若どり・主品目""]}",茹でた皮なし鶏ももは良質なタンパク源で犬のレシピ素材として非常に適している。,10
11,11225,1897,＜鳥肉類＞　にわとり　［若どり・主品目］　もも　皮なし　焼き,0,612,145,68.1,(21.5),25.5,4.5,120,5.7,0,,0,4.7,*,(0),-,0,-,1.2,81,380,7,29,220,0.9,2.6,0.06,0.01,-,-,-,-,13,-,-,-,-,13,0,0.3,0,Tr,0,29,0.14,0.23,6.7,(12.0),0.37,0.4,10,1.33,-,3,-,0.2,別名：ブロイラー\n皮下脂肪を除いたもの,"{""baseName"":""にわとり"",""part"":""もも"",""formModifiers"":[""皮なし""],""state"":""焼き"",""notes"":[""鳥肉類"",""若どり・主品目""]}",鶏もも（皮なし・焼き）は良質なタンパクと適度な脂質で使いやすい,10
11,11227,1899,＜鳥肉類＞　にわとり　［若どり・副品目］　ささみ　生,5,414,98,75.0,19.7,23.9,0.5,66,0.8,(0.1),,(Tr),2.8,*,(0),-,0.1,0.7,1.2,40,410,4,32,240,0.3,0.6,0.03,0.01,0,22,0,4,5,-,-,-,Tr,5,0,0.7,0,Tr,0,12,0.09,0.11,12.0,17.0,0.62,0.2,15,2.07,2.8,3,-,0.1,別名：ブロイラー\n廃棄部位： すじ,"{""baseName"":""にわとり"",""part"":""ささみ"",""state"":""生"",""notes"":[""鳥肉類"",""若どり・副品目""]}",鶏ささみは低脂肪で良質なタンパク源、犬の理想的な素材,10
11,11229,1900,＜鳥肉類＞　にわとり　［若どり・副品目］　ささみ　ゆで,0,515,121,69.2,25.4,29.6,0.6,77,1.0,0,,0,3.1,*,(0),-,0,0.6,1.2,38,360,5,34,240,0.3,0.8,0.03,0.01,-,-,-,-,4,-,-,-,Tr,4,0,0.1,0,0,0,8,0.09,0.13,11.0,18.0,0.63,0.2,11,1.72,-,2,-,0.1,別名：ブロイラー\nすじを除いたもの,"{""baseName"":""にわとり"",""part"":""ささみ"",""state"":""ゆで"",""notes"":[""鳥肉類"",""若どり・副品目""]}",低脂肪で消化が良い良質なタンパク源。犬のレシピに非常に適している。,10
11,11228,1901,＜鳥肉類＞　にわとり　［若どり・副品目］　ささみ　焼き,0,562,132,66.4,26.9,31.7,0.8,84,1.4,0,,0,3.5,*,(0),-,0,0.8,1.4,53,520,5,41,310,0.4,0.8,0.04,0.02,-,-,-,-,4,-,-,-,Tr,4,0,0.1,0,0,0,11,0.11,0.16,18.0,25.0,0.59,0.2,13,2.37,-,2,-,0.1,別名：ブロイラー\nすじを除いたもの,"{""baseName"":""にわとり"",""part"":""ささみ"",""state"":""焼き"",""notes"":[""鳥肉類"",""若どり・副品目""]}",焼きささみは低脂肪で良質な蛋白源であり、犬のレシピ素材として非常に適している。,10
11,11298,1902,＜鳥肉類＞　にわとり　［若どり・副品目］　ささみ　ソテー,0,786,186,57.3,30.6,36.1,4.6,100,5.4,(0.1),,(0.1),4.7,*,(0),-,0.1,1.0,1.8,61,630,5,44,340,0.4,1.0,0.03,0.01,(0),33,(0),6,8,-,-,-,-,8,(0),1.8,0,2.4,Tr,26,0.10,0.18,18.0,26.0,0.65,0.2,19,2.95,5.5,4,-,0.2,別名：ブロイラー\nすじを除いたもの\n植物油（なたね油）\n調理による脂質の増減：第1章表14参照,"{""baseName"":""にわとり"",""part"":""ささみ"",""state"":""ソテー"",""notes"":[""鳥肉類"",""若どり・副品目""]}",鶏ささみ（ソテー）は低脂肪で良質なたんぱく源、加熱済みで非常に適切,10
11,11230,1905,＜鳥肉類＞　にわとり　［二次品目］　ひき肉　生,0,712,171,70.2,14.6,17.5,11.0,80,12.0,0,,0,3.4,*,(0),-,0,-,0.8,55,250,8,24,110,0.8,1.1,0.04,0.01,2,17,1,2,37,0,0,0,0,37,0.1,0.9,0,0.1,0,26,0.09,0.17,5.9,9.3,0.52,0.3,10,1.40,3.3,1,-,0.1,,"{""baseName"":""にわとり"",""variety"":""ひき肉"",""state"":""生"",""notes"":[""鳥肉類"",""二次品目""]}",鶏ひき肉は消化しやすく良質なたんぱく源で犬のレシピに適した素材である,9
11,11291,1906,＜鳥肉類＞　にわとり　［二次品目］　ひき肉　焼き,0,981,235,57.1,23.1,27.5,13.7,120,14.8,0,,0,4.8,*,(0),-,0,-,1.3,85,400,19,37,170,1.4,1.8,0.05,0.02,5,27,2,4,47,0,0,0,0,47,0.2,1.3,0,0.1,0,41,0.14,0.26,9.3,15.0,0.61,0.4,13,2.00,5.5,1,-,0.2,,"{""baseName"":""にわとり"",""variety"":""ひき肉"",""state"":""焼き"",""notes"":[""鳥肉類"",""二次品目""]}",焼きの鶏ひき肉は調理済みで使いやすく良質なたんぱく源として犬に適している,10
11,11231,1907,＜鳥肉類＞　にわとり　［副品目］　心臓　生,0,773,186,69.0,12.2,14.5,13.2,160,15.5,(Tr),,(Tr),4.6,*,(0),-,Tr,-,1.0,85,240,5,15,170,5.1,2.3,0.32,-,-,-,-,-,700,-,-,-,Tr,700,0.4,1.0,0,0.3,0,51,0.22,1.10,6.0,9.4,0.21,1.7,43,4.41,-,5,-,0.2,別名： はつ,"{""baseName"":""にわとり"",""part"":""心臓"",""state"":""生"",""notes"":[""鳥肉類"",""副品目""]}",鶏の心臓は動物性タンパクと微量栄養素が豊富で、素材として利用価値が高い部位であるため,9
11,11232,1908,＜鳥肉類＞　にわとり　［副品目］　肝臓　生,0,422,100,75.7,16.1,18.9,1.9,370,3.1,(0.6),,(0.5),4.7,*,(0),-,0.6,-,1.7,85,330,5,19,300,9.0,3.3,0.32,0.33,1,60,1,82,14000,-,-,-,30,14000,0.2,0.4,0,0.1,0,14,0.38,1.80,4.5,9.0,0.65,44.0,1300,10.00,230.0,20,-,0.2,別名： レバー,"{""baseName"":""にわとり"",""part"":""肝臓"",""state"":""生"",""notes"":[""鳥肉類"",""副品目""]}",鶏肝は栄養価が高く良質な動物性素材で犬のレシピに適している。,9
11,11233,1909,＜鳥肉類＞　にわとり　［副品目］　すなぎも　生,0,365,86,79.0,15.5,18.3,1.2,200,1.8,(Tr),,(Tr),3.5,*,(0),-,Tr,-,0.9,55,230,7,14,140,2.5,2.8,0.10,-,-,-,-,-,4,-,-,-,Tr,4,0,0.3,0,0,0,28,0.06,0.26,3.9,6.7,0.04,1.7,36,1.30,-,5,-,0.1,別名： 砂ぎも,"{""baseName"":""にわとり"",""variety"":""すなぎも"",""state"":""生"",""notes"":[""鳥肉類"",""副品目""]}",砂肝は良好なタンパク・ミネラル源の内臓で、加熱して与えると良い。,9
11,11235,1911,＜鳥肉類＞　にわとり　［副品目］　皮　もも　生,0,1951,474,41.6,5.3,6.6,50.3,120,51.6,0,*,0,2.6,,(0),-,0,-,0.2,23,33,6,6,34,0.3,0.4,0.02,0.01,1,9,3,1,120,-,-,-,Tr,120,0.3,0.2,0,0.1,0,120,0.01,0.05,3.0,3.5,0.04,0.3,2,0.25,2.9,1,-,0.1,皮下脂肪を含んだもの,"{""baseName"":""にわとり"",""variety"":""皮"",""part"":""もも"",""state"":""生"",""notes"":[""鳥肉類"",""副品目""]}",鶏もも皮は高脂肪でエネルギー源になるが脂質が多いため使用量に注意が必要,7
11,11236,1912,＜鳥肉類＞　にわとり　［副品目］　なんこつ（胸肉）　生,0,228,54,85.0,-,12.5,0.3,29,0.4,(0.4),*,(0.4),0.5,,(0),-,0.4,-,1.7,390,170,47,15,78,0.3,0.3,0.03,0.02,-,-,-,-,1,-,-,-,(0),1,0,Tr,0,0,0,5,0.03,0.03,3.6,5.7,0.03,0.1,5,0.64,-,3,-,1.0,別名： やげん,"{""baseName"":""にわとり"",""variety"":""なんこつ（胸肉）"",""state"":""生"",""notes"":[""鳥肉類"",""副品目""]}",鶏なんこつ（胸肉）は副部位だが動物性たんぱく源として利用可能,8
11,11293,1915,＜鳥肉類＞　にわとり　［その他］　つくね,0,979,235,57.9,13.5,15.2,14.8,85,15.2,11.5,*,10.8,9.1,,(1.9),0.4,9.3,-,2.4,720,260,33,25,170,1.1,1.4,0.07,0.21,38,16,4,12,38,0,5,2,6,38,0.4,1.0,0,0.5,0.1,47,0.11,0.18,3.8,6.7,0.16,0.3,18,0.74,5.5,0,-,1.8,,"{""baseName"":""にわとり"",""variety"":""つくね"",""notes"":[""鳥肉類"",""その他""]}",つくねは鶏肉ベースの加工品でタンパク源として使えるが、調味料の有無に注意が必要である。,7
11,11238,1916,＜鳥肉類＞　はと　肉　皮なし　生,0,551,131,71.5,(19.0),21.8,4.4,160,5.1,(0.3),,(0.3),3.8,*,(0),-,0.3,-,1.3,88,380,3,28,260,4.4,0.6,0.17,0.04,-,-,-,-,16,-,-,-,Tr,16,0.2,0.3,0,0.1,0,5,0.32,1.89,9.9,(16.0),0.53,2.0,2,4.48,-,3,-,0.2,試料： 冷凍品,"{""baseName"":""はと"",""variety"":""肉"",""formModifiers"":[""皮なし""],""state"":""生"",""notes"":[""鳥肉類""]}",鳩肉は良質な動物性タンパク源で、犬のレシピ素材として適している,9
11,11240,1917,＜鳥肉類＞　ほろほろちょう　肉　皮なし　生,0,417,98,75.2,19.4,22.5,0.7,75,1.0,(0.2),,(0.2),3.6,*,(0),-,0.2,-,1.1,67,350,6,27,230,1.1,1.2,0.10,0.02,-,-,-,-,9,-,-,-,0,9,0.4,0.1,0,0.1,0,32,0.16,0.20,8.2,(13.0),0.57,0.5,2,1.13,-,3,-,0.2,試料： 冷凍品\n皮下脂肪を除いたもの,"{""baseName"":""ほろほろちょう"",""variety"":""肉"",""formModifiers"":[""皮なし""],""state"":""生"",""notes"":[""鳥肉類""]}",ほろほろちょうの皮なし生肉は良質なたんぱく源だが生肉取扱いの衛生管理に留意する必要がある。,9
11,11242,1919,＜その他＞　かえる　肉　生,0,392,92,76.3,-,22.3,0.2,43,0.4,(0.3),*,(0.3),0.5,,(0),-,0.3,-,0.7,33,230,9,23,140,0.4,1.2,0.05,0.01,-,-,-,-,0,-,-,-,(0),(0),0.9,0.1,0,0,0,1,0.04,0.13,4.1,7.8,0.22,0.9,4,0.18,-,0,-,0.1,試料： うしがえる､冷凍品,"{""baseName"":""かえる"",""variety"":""肉"",""state"":""生"",""notes"":[""その他""]}",かえる肉は低脂肪でたんぱく質源として利用可能な食材だが馴染みは薄い,8
11,11243,1920,＜その他＞　すっぽん　肉　生,0,729,175,69.1,-,16.4,12.0,95,13.4,(0.5),*,(0.5),1.9,,(0),-,0.5,-,0.6,69,150,18,10,88,0.9,1.6,0.04,0.02,-,-,-,-,94,-,-,-,Tr,94,3.6,1.0,0,0.2,0,5,0.91,0.41,3.0,5.7,0.11,1.2,16,0.20,-,1,-,0.2,甲殻、頭部、脚、内臓、皮等を除いたもの,"{""baseName"":""すっぽん"",""variety"":""肉"",""state"":""生"",""notes"":[""その他""]}",すっぽん肉は良質なたんぱく源だが生は衛生面のリスクがあるため適切に処理して使用,9
11,11244,1921,＜その他＞　はち　はちの子缶詰,0,1008,239,44.3,-,16.2,6.8,55,7.2,(30.2),*,(27.2),30.6,,(0),-,30.2,-,2.1,680,110,11,24,110,3.0,1.7,0.36,0.76,-,-,-,-,0,-,-,-,500,42,0,1.0,0,0.8,0.2,4,0.17,1.22,3.8,6.5,0.04,0.1,28,0.52,-,(0),-,1.7,原材料： 主として地ばち （くろすずめばち）の幼虫,"{""baseName"":""はち"",""variety"":""はちの子缶詰"",""notes"":[""その他""]}",はちの子は昆虫由来の良質なタンパク源であり、犬の素材として利用可能（ただしアレルギーに注意）。,8
12,12002,1924,うずら卵　全卵　生,15,655,157,72.9,11.4,12.6,10.7,470,13.1,(0.3),,(0.3),3.9,*,(0),-,0.3,-,1.1,130,150,60,11,220,3.1,1.8,0.11,0.03,140,46,0,8,350,0,9,14,16,350,2.5,0.9,0,0.4,0,15,0.14,0.72,0.1,3.2,0.13,4.7,91,0.98,19.0,(0),-,0.3,廃棄部位： 付着卵白を含む卵殻（卵殻： 12 %）\n卵黄：卵白＝ 38：62,"{""baseName"":""うずら卵"",""formModifiers"":[""全卵""],""state"":""生""}",うずら卵は良質なタンパク源。加熱調理でより安全に利用できる,9
12,12003,1925,うずら卵　水煮缶詰,0,675,162,73.3,(9.7),11.0,11.9,490,14.1,(0.3),,(0.3),4.1,*,(0),-,0.6,-,1.0,210,28,47,8,160,2.8,1.8,0.13,0.02,73,42,0,9,480,-,-,-,7,480,2.6,1.6,0,0.4,0,21,0.03,0.33,0,(2.7),0.05,3.3,47,0.53,8.4,(0),-,0.5,液汁を除いたもの,"{""baseName"":""うずら卵"",""state"":""水煮缶詰""}",うずら卵（水煮）は良質なタンパク源で犬のレシピ素材として適している,8
12,12004,1926,鶏卵　全卵　生,14,594,142,75.0,11.3,12.2,9.3,370,10.2,0.3,,0.3,3.4,*,0,-,0.4,-,1.0,140,130,46,10,170,1.5,1.1,0.05,0.02,33,24,0,4,210,Tr,1,12,7,210,3.8,1.3,0,0.5,0,12,0.06,0.37,0.1,(3.2),0.09,1.1,49,1.16,24.0,0,-,0.4,廃棄部位： 卵殻（付着卵白を含む）\n付着卵白を含まない卵殻：13％\n卵黄：卵白＝32：68\nビタミンD： ビタミンD活性代謝物を含む（ビタミンD活性代謝物を含まない場合： 1.3 µg)\n試料：通常の鶏卵（栄養成分が増減されていないもの）,"{""baseName"":""鶏卵"",""formModifiers"":[""全卵""],""state"":""生""}",全卵は良質なタンパク源で犬のレシピ素材として適している,9
12,12005,1927,鶏卵　全卵　ゆで,11,559,134,76.7,11.2,12.5,9.0,380,10.4,0.3,,0.3,2.1,*,0,-,0.3,-,1.0,140,130,47,11,170,1.5,1.1,0.05,0.03,20,25,0,2,160,1,Tr,7,4,170,2.5,1.2,0,0.4,0,11,0.06,0.32,0.1,(3.3),0.09,1.0,48,1.18,25.0,0,-,0.3,廃棄部位：卵殻\n卵黄：卵白＝31：69\nビタミンD： ビタミンD活性代謝物を含む（ビタミンD活性代謝物を含まない場合： 0.8 µg）\n試料：通常の鶏卵（栄養成分が増減されていないもの）,"{""baseName"":""鶏卵"",""formModifiers"":[""全卵""],""state"":""ゆで""}",ゆで全卵は良質なタンパク質と脂質を含む安全な食材,9
12,12006,1928,鶏卵　全卵　ポーチドエッグ,0,605,145,74.9,(10.6),12.3,9.7,420,11.7,(0.3),,(0.3),3.9,*,(0),-,0.2,-,0.9,110,100,55,11,200,2.2,1.5,0.09,0.03,-,-,-,-,160,0,3,35,21,160,0.9,1.0,Tr,0.6,0,13,0.06,0.40,0.1,(3.0),0.08,1.1,46,1.45,-,(0),-,0.3,,"{""baseName"":""鶏卵"",""variety"":""ポーチドエッグ"",""formModifiers"":[""全卵""]}",ポーチドエッグは良質なたんぱくと脂質を含む優れた素材で犬のレシピに適している,9
12,12021,1929,鶏卵　全卵　目玉焼き,0,853,205,67.0,12.7,14.8,15.5,470,17.6,(0.3),,(0.3),3.9,*,0,-,0.3,-,1.0,180,150,60,14,230,2.1,1.4,0.06,0.04,25,35,0,6,200,-,-,-,-,200,3.9,2.1,Tr,2.1,Tr,19,0.07,0.41,0.1,3.7,0.11,1.2,58,1.29,27.0,0,-,0.5,植物油（なたね油）\n調理による脂質の増減：第1章表14参照\nビタミンD： ビタミンD活性代謝物を含む（ビタミンD活性代謝物を含まない場合： 1.7 µg）\n試料：通常の鶏卵（栄養成分が増減されていないもの）、栄養強化卵,"{""baseName"":""鶏卵"",""variety"":""目玉焼き"",""formModifiers"":[""全卵""]}",加熱した卵は良質なたんぱく源で犬の素材として適している（調理油に注意）。,9
12,12022,1930,鶏卵　全卵　いり,0,787,190,70.0,12.1,13.3,14.6,400,16.7,(0.3),,(0.3),2.5,*,0,-,0.3,-,0.9,160,140,58,13,200,1.8,1.4,0.05,0.03,22,31,0,5,180,-,-,-,-,180,4.7,2.4,Tr,2.7,0.1,21,0.07,0.42,0.1,3.5,0.11,1.1,48,1.16,26.0,0,-,0.4,別名：スクランブルエッグ\n植物油（なたね油）\n調理による脂質の増減：第1章表14参照\nビタミンD： ビタミンD活性代謝物を含む（ビタミンD活性代謝物を含まない場合： 2.0 µg）\n試料：通常の鶏卵（栄養成分が増減されていないもの）、栄養強化卵,"{""baseName"":""鶏卵"",""formModifiers"":[""全卵""],""state"":""いり""}",加熱した全卵（いり）は良質なたんぱく源で犬に適している,9
12,12023,1931,鶏卵　全卵　素揚げ,0,1326,321,54.8,12.8,14.3,29.9,460,31.9,(0.3),*,(0.2),1.7,,0,-,0.3,-,0.9,180,160,58,13,220,2.0,1.4,0.06,0.04,23,38,0,5,200,-,-,-,-,200,4.5,5.7,Tr,7.5,0.1,35,0.08,0.43,0.1,3.6,0.08,1.2,54,1.09,27.0,0,-,0.5,植物油（なたね油）\n調理による脂質の増減：第1章表13参照\nビタミンD： ビタミンD活性代謝物を含む（ビタミンD活性代謝物を含まない場合： 1.9 µg）　　　　　　　　　　　　　　　　　　　　　　　　　　　　　　　試料：通常の鶏卵（栄養成分が増減されていないもの）、栄養強化卵,"{""baseName"":""鶏卵"",""formModifiers"":[""全卵""],""state"":""素揚げ""}",卵は良質なタンパク質だが、素揚げは脂質が増える点に留意,8
12,12007,1932,鶏卵　全卵　水煮缶詰,0,546,131,77.5,(9.3),10.8,9.1,400,10.6,(0.3),,(0.3),3.0,*,(0),-,Tr,-,1.1,310,25,40,8,150,1.7,1.2,0.09,0.01,-,-,-,-,85,0,0,-,0,85,0.7,1.1,0,0.9,0,16,0.02,0.31,Tr,(2.6),0.03,0.9,23,0.30,-,(0),-,0.8,液汁を除いたもの,"{""baseName"":""鶏卵"",""formModifiers"":[""全卵""],""state"":""水煮缶詰""}",全卵の水煮缶詰は良質なたんぱく質と脂質を含み、犬の素材として適している。,9
12,12008,1933,鶏卵　全卵　加糖全卵,0,838,199,58.2,(8.4),9.8,8.9,330,10.6,22.8,*,21.7,23.7,,(0),-,20.7,-,0.7,100,95,44,10,160,1.5,1.0,0.04,0.02,44,18,0,7,130,0,3,27,17,130,0.6,0.9,0,0.5,0,8,0.06,0.38,0.1,(2.4),0.06,0.6,61,1.33,19.0,(0),-,0.3,試料： 冷凍品\nしょ糖： 21.4 g,"{""baseName"":""鶏卵"",""variety"":""加糖全卵"",""formModifiers"":[""全卵""]}",加糖全卵は卵そのものは良質なタンパク源だが糖分が加わった加工品である点を考慮する必要がある。,9
12,12009,1934,鶏卵　全卵　乾燥全卵,0,2258,542,4.5,(42.3),49.1,(35.3),1500,42.0,(0.6),,(0.6),13.7,*,(0),-,0.2,-,4.2,490,560,210,35,700,3.0,2.0,0.15,0.08,-,-,-,-,420,0,4,52,30,420,3.3,6.6,0,2.4,Tr,56,0.29,1.24,0.2,(12.0),0.21,2.7,180,0.13,-,0,-,1.2,,"{""baseName"":""鶏卵"",""variety"":""乾燥全卵"",""formModifiers"":[""全卵""]}",乾燥全卵は良質なタンパク源で調理素材として優れている,9
12,12010,1935,鶏卵　卵黄　生,0,1392,336,49.6,13.8,16.5,28.2,1200,34.3,0.2,,0.2,6.7,*,0,-,0.2,-,1.7,53,100,140,11,540,4.8,3.6,0.13,0.08,110,47,0,12,690,2,2,41,24,690,12.0,4.5,Tr,1.6,Tr,39,0.21,0.45,0,3.8,0.31,3.5,150,3.60,65.0,0,-,0.1,ビタミンD： ビタミンD活性代謝物を含む（ビタミンD活性代謝物を含まない場合： 4.5 µg）\n試料：通常の鶏卵（栄養成分が増減されていないもの）,"{""baseName"":""鶏卵"",""formModifiers"":[""卵黄""],""state"":""生""}",栄養価の高い食材で良質な脂溶性栄養素を含むが、生は衛生面の注意が必要。,8
12,12011,1936,鶏卵　卵黄　ゆで,0,1367,330,50.3,13.5,16.1,27.6,1200,34.1,0.2,,0.2,6.9,*,0,-,0.2,-,1.7,58,87,140,12,530,4.7,3.3,0.14,0.07,200,36,0,13,520,2,7,66,41,520,7.1,3.6,Tr,1.5,Tr,37,0.16,0.43,0,3.7,0.29,3.1,140,2.70,54.0,0,-,0.1,ビタミンD： ビタミンD活性代謝物を含む（ビタミンD活性代謝物を含まない場合： 2.9 µg）\n試料：通常の鶏卵（栄養成分が増減されていないもの）,"{""baseName"":""鶏卵"",""formModifiers"":[""卵黄""],""state"":""ゆで""}",ゆで卵黄は加熱済みで良質な脂質と栄養を含み素材として適切,9
12,12012,1937,鶏卵　卵黄　加糖卵黄,0,1365,327,42.0,(9.9),12.1,20.0,820,23.9,22.1,,21.1,26.7,*,(0),-,20.7,-,1.3,38,80,110,12,400,2.0,1.2,0.05,0.05,50,34,1,19,390,0,3,55,31,400,2,3.3,Tr,1.6,0,16,0.42,0.82,Tr,(2.6),0.15,1.6,99,1.85,36.0,(0),-,0.1,試料： 冷凍品\nしょ糖： 20.9 g,"{""baseName"":""鶏卵"",""variety"":""加糖卵黄"",""formModifiers"":[""卵黄""]}",卵黄は栄養価が高いため素材として適しているが、生由来の衛生リスクに留意,8
12,12013,1938,鶏卵　卵黄　乾燥卵黄,0,2645,638,3.2,(24.8),30.3,52.9,2300,62.9,(0.2),,(0.2),15.7,*,(0),-,0.2,-,3.4,80,190,280,29,1000,4.4,2.9,0.16,0.12,-,-,-,-,630,0,6,79,45,630,4.9,9.9,0,3.7,0.1,83,0.42,0.82,Tr,(6.5),0.31,3.8,250,0.18,-,(0),-,0.2,,"{""baseName"":""鶏卵"",""variety"":""乾燥卵黄"",""formModifiers"":[""卵黄""]}",卵黄は良質な脂質・タンパク源で犬のレシピ素材として適している,9
12,12015,1940,鶏卵　卵白　ゆで,0,195,46,87.9,9.9,10.5,Tr,2,0.1,0.4,,0.4,1.5,*,0,-,0.4,-,0.7,170,140,6,11,12,Tr,0,0.02,0,4,15,0,2,0,0,0,0,0,0,0,0,0,0,0,1,0.02,0.26,0.1,3.0,0,0.1,0,0.33,11.0,0,-,0.4,試料：通常の鶏卵（栄養成分が増減されていないもの）,"{""baseName"":""鶏卵"",""formModifiers"":[""卵白""],""state"":""ゆで""}",ゆで卵白。加熱済みで消化しやすく良質なたんぱく源として適している。,9
12,12016,1941,鶏卵　卵白　乾燥卵白,0,1487,350,7.1,(77.0),86.5,0.3,25,0.4,(3.0),,(3.0),9.8,*,(0),-,0.2,-,5.8,1300,1300,60,48,110,0.1,0.2,0.14,0.01,-,-,-,-,(0),-,-,-,(0),(0),0,0.1,0,0,0,2,0.03,2.09,0.7,(23.0),0.02,0.3,43,0.04,-,(0),-,3.3,,"{""baseName"":""鶏卵"",""variety"":""乾燥卵白"",""formModifiers"":[""卵白""]}",乾燥卵白は良質な蛋白源で、加工形態としてレシピ素材に適している,9
12,12017,1942,鶏卵　たまご豆腐,0,318,76,(85.2),(5.8),(6.5),(4.5),(190),(5.3),(0.1),,(0.1),(3.1),*,0,-,(0.9),0,(1.4),(390),(99),(26),(8),(95),(0.8),(0.6),(0.03),(0.02),(770),(15),0,(1),(83),0,0,(4),(2),(83),(0.6),(0.6),0,(0.2),0,-,(0.04),(0.17),(0.5),(1.6),(0.05),(0.7),(25),(0.62),(13.0),0,-,(1.0),,"{""baseName"":""鶏卵"",""variety"":""たまご豆腐""}",卵を主体としたたまご豆腐は良質なタンパク源で犬の素材として適している,9
12,12018,1943,鶏卵　たまご焼　厚焼きたまご,0,609,146,(71.9),(9.4),(10.5),(8.1),(320),(9.2),(6.7),,(6.4),(8.9),*,0,-,(6.5),0,(1.8),(450),(130),(41),(11),(150),(1.3),(0.9),(0.05),(0.03),(540),(22),0,(2),(140),(Tr),(Tr),(6),(4),(140),(2.1),(1.1),(Tr),(0.7),(0.1),(11),(0.06),(0.27),(0.4),(2.1),(0.08),(1.0),(40),(0.99),(21.0),0,-,(1.2),,"{""baseName"":""鶏卵"",""variety"":""たまご焼 厚焼きたまご""}",厚焼きたまごは卵由来の良質タンパクで利用しやすい加工卵食品。,8
12,12019,1944,鶏卵　たまご焼　だし巻きたまご,0,511,123,(77.5),(9.8),(11.0),(8.0),(330),(9.2),(0.3),,(0.3),(2.9),*,0,-,(0.5),0,(1.8),(470),(130),(42),(11),(160),(1.3),(1.0),(0.05),(0.03),(450),(23),0,(3),(140),(Tr),(Tr),(6),(4),(140),(2.2),(1.1),(Tr),(0.5),(Tr),(10),(0.06),(0.28),(0.3),(2.2),(0.09),(1.0),(42),(1.03),(22.0),0,-,(1.2),,"{""baseName"":""鶏卵"",""variety"":""たまご焼 だし巻きたまご""}",卵は良質な蛋白源で、加熱された卵焼きは犬のレシピ素材として適している,9
13,13003,1947,＜牛乳及び乳製品＞　（液状乳類）　普通牛乳,0,256,61,87.4,3.0,3.3,3.5,12,3.8,4.7,*,4.4,5.3,,(0),-,4.8,0.2,0.7,41,150,110,10,93,0.02,0.4,0.01,Tr,16,3,0,4,38,0,6,0,6,38,0.3,0.1,0,0,0,2,0.04,0.15,0.1,0.9,0.03,0.3,5,0.55,1.8,1,-,0.1,鉄： Trであるが、利用上の便宜のため小数第2位まで記載\nビタミンD： ビタミンD活性代謝物を含む（ビタミンD活性代謝物を含まない場合： Tr）\n(100 g： 96.9 mL、100 mL： 103.2 g),"{""baseName"":""普通牛乳"",""notes"":[""牛乳及び乳製品"",""液状乳類""]}",牛乳はカルシウムなどを含む乳製品として利用可能だが乳糖に対する個体差に配慮が必要,7
13,13009,1954,＜牛乳及び乳製品＞　（粉乳類）　全粉乳,0,2049,490,3.0,(22.9),25.5,25.5,93,26.2,(35.9),,(34.2),41.5,*,(0),-,39.3,1.2,6.0,430,1800,890,92,730,0.4,2.5,0.04,0.02,-,-,-,-,170,-,-,-,70,180,0.2,0.6,0,0,0,8,0.25,1.10,0.8,(6.7),0.13,1.6,2,3.59,-,5,-,1.1,(100 g：222mL、100 mL：45g),"{""baseName"":""全粉乳"",""notes"":[""牛乳及び乳製品"",""粉乳類""]}",全粉乳は乳製品として栄養価が高く素材として使いやすいが、乳糖不耐症の犬には注意。,8
13,13011,1956,＜牛乳及び乳製品＞　（粉乳類）　乳児用調製粉乳,0,2135,510,2.6,10.8,12.4,26.0,63,26.8,53.9,,51.3,57.9,*,(0),-,55.9,0.4,2.3,140,500,370,40,220,6.5,2.8,0.34,0.05,41,8,4,16,560,-,-,-,85,560,9.3,5.5,0,0,0,24,0.41,0.72,5.4,8.1,0.35,1.6,82,2.20,4.4,53,-,0.4,別名： 育児用粉ミルク\n育児用栄養強化品\n(100 g：222mL、100 mL：45g),"{""baseName"":""乳児用調製粉乳"",""notes"":[""牛乳及び乳製品"",""粉乳類""]}",乳製品で栄養源になるが、一部の犬は乳糖不耐で消化不良を起こすことがあるため注意が必要。,7
13,13025,1970,＜牛乳及び乳製品＞　（発酵乳・乳酸菌飲料）　ヨーグルト　全脂無糖,0,233,56,87.7,3.3,3.6,2.8,12,3.0,3.9,*,3.8,4.6,,(0),-,4.9,0.9,0.8,48,170,120,12,100,Tr,0.4,0.01,Tr,17,3,0,4,33,0,3,0,3,33,0,0.1,0,0,0,1,0.04,0.14,0.1,0.9,0.04,0.1,11,0.49,2.5,1,-,0.1,別名： プレーンヨーグルト,"{""baseName"":""ヨーグルト"",""variety"":""全脂無糖"",""notes"":[""牛乳及び乳製品"",""発酵乳・乳酸菌飲料""]}",無糖の全脂ヨーグルトは乳製品で一般には利用可能だが、乳糖不耐症の個体に注意,8
13,13053,1971,＜牛乳及び乳製品＞　（発酵乳・乳酸菌飲料）　ヨーグルト　低脂肪無糖,0,168,40,89.2,3.4,3.7,0.9,5,1.0,4.1,*,3.9,4.8,,(0),-,5.2,0.8,0.8,48,180,130,13,100,Tr,0.5,0.01,0,14,2,0,4,12,0,4,-,4,12,0,0,0,0,0,0,0.04,0.19,0.1,1.0,0.04,0.1,15,0.41,1.6,2,-,0.1,,"{""baseName"":""ヨーグルト"",""variety"":""低脂肪無糖"",""notes"":[""牛乳及び乳製品"",""発酵乳・乳酸菌飲料""]}",低脂肪無糖ヨーグルトは乳酸菌を含み消化に好影響を与える場合がある。,9
13,13054,1972,＜牛乳及び乳製品＞　（発酵乳・乳酸菌飲料）　ヨーグルト　無脂肪無糖,0,158,37,89.1,3.8,4.0,0.2,4,0.3,4.3,*,4.1,4.9,,(0),-,5.7,1.1,0.8,54,180,140,13,110,Tr,0.4,0,0,16,3,0,4,3,0,2,-,2,3,0,0,0,0,0,0,0.04,0.17,0.1,1.1,0.04,0.2,16,0.35,2.1,1,-,0.1,,"{""baseName"":""ヨーグルト"",""variety"":""無脂肪無糖"",""notes"":[""牛乳及び乳製品"",""発酵乳・乳酸菌飲料""]}",無脂肪無糖ヨーグルトは乳酸菌を含む発酵乳で犬に適した素材になり得る。,8
13,13026,1973,＜牛乳及び乳製品＞　（発酵乳・乳酸菌飲料）　ヨーグルト　脱脂加糖,0,275,65,82.6,4.0,4.3,0.2,4,0.2,11.7,*,11.2,11.3,,(0),-,11.9,0.9,1.0,60,150,120,22,100,0.1,0.4,0.01,0.01,14,3,0,4,(0),-,-,-,(0),(0),Tr,Tr,0,0,0,Tr,0.03,0.15,0.1,1.0,0.02,0.3,3,0.44,2.0,Tr,-,0.2,別名： 普通ヨーグルト,"{""baseName"":""ヨーグルト"",""variety"":""脱脂加糖"",""notes"":[""牛乳及び乳製品"",""発酵乳・乳酸菌飲料""]}",脱脂加糖ヨーグルトは乳酸菌供給源として有益だが、乳糖・加糖に対する個体差に注意が必要。,8
13,13029,1976,＜牛乳及び乳製品＞　（発酵乳・乳酸菌飲料）　乳酸菌飲料　殺菌乳製品,0,921,217,45.5,1.3,1.5,0.1,2,0.1,-,,-,51.6,*,(0),-,52.6,1.2,0.3,19,60,55,7,40,0.1,0.2,0.01,0.01,10,1,0,2,(0),-,-,-,(0),(0),Tr,Tr,Tr,Tr,Tr,Tr,0.02,0.08,0.1,0.4,Tr,Tr,Tr,0.09,0.6,0,-,0,無脂乳固形分3.0 %以上\n希釈後飲用\n(100 g： 81.0 mL、100 mL： 123.5 g),"{""baseName"":""乳酸菌飲料"",""variety"":""殺菌乳製品"",""notes"":[""牛乳及び乳製品"",""発酵乳・乳酸菌飲料""]}",乳酸菌飲料は発酵乳で利用可能だが製品により成分が異なるため配慮が必要。,7
13,13032,1979,＜牛乳及び乳製品＞　（チーズ類）　ナチュラルチーズ　エメンタール,0,1653,398,33.5,(27.2),27.3,29.5,85,33.6,(0),,(0),5.8,*,(0),-,1.6,-,4.0,500,110,1200,32,720,0.3,4.3,0.76,0.01,-,-,-,-,200,-,-,-,180,220,0.1,1.3,0,0,0,8,0.02,0.48,0.1,(6.9),0.07,1.0,10,0.72,-,(0),-,1.3,,"{""baseName"":""ナチュラルチーズ"",""variety"":""エメンタール"",""notes"":[""牛乳及び乳製品"",""チーズ類""]}",エメンタール等のナチュラルチーズは良質な脂質・タンパク源で一部の犬に利用される,8
13,13033,1980,＜牛乳及び乳製品＞　（チーズ類）　ナチュラルチーズ　カテージ,0,416,99,79.0,13.2,13.3,4.1,20,4.5,0.5,,0.5,2.2,*,(0),-,1.9,0.2,1.3,400,50,55,4,130,0.1,0.5,0.03,-,9,14,0,4,35,-,-,-,20,37,0,0.1,0,0,0,2,0.02,0.15,0.1,3.2,0.03,1.0,21,0.48,2.2,(0),-,1.0,クリーム入りを含む,"{""baseName"":""ナチュラルチーズ"",""variety"":""カテージ"",""notes"":[""牛乳及び乳製品"",""チーズ類""]}",カッテージチーズは比較的乳糖が少なく使いやすい乳製品ですが、乳糖不耐の犬には注意が必要です。,7
13,13034,1981,＜牛乳及び乳製品＞　（チーズ類）　ナチュラルチーズ　カマンベール,0,1208,291,51.8,17.7,19.1,22.5,87,24.7,0,,0,4.2,*,(0),-,0.9,0.3,3.5,800,120,460,20,330,0.2,2.8,0.02,0.01,17,14,1,8,230,-,-,-,140,240,0.2,0.9,0,0,0,1,0.03,0.48,0.7,4.7,0.08,1.3,47,0.49,6.3,(0),-,2.0,,"{""baseName"":""ナチュラルチーズ"",""variety"":""カマンベール"",""notes"":[""牛乳及び乳製品"",""チーズ類""]}",カマンベールはタンパク質・カルシウム源になるが脂肪・塩分がやや高め,7
13,13036,1983,＜牛乳及び乳製品＞　（チーズ類）　ナチュラルチーズ　ゴーダ,0,1479,356,40.0,(26.3),25.8,26.2,83,29.0,-,,-,3.7,*,(0),-,1.4,-,3.8,800,75,680,31,490,0.3,3.6,0.02,0.01,-,-,-,-,260,-,-,-,170,270,0,0.8,0,0,0,12,0.03,0.33,0.1,(6.2),0.05,1.9,29,0.32,-,(0),-,2.0,,"{""baseName"":""ナチュラルチーズ"",""variety"":""ゴーダ"",""notes"":[""牛乳及び乳製品"",""チーズ類""]}",ナチュラルチーズは高たんぱく・高脂肪で犬に使えるが塩分・脂肪に注意が必要。,7
13,13037,1984,＜牛乳及び乳製品＞　（チーズ類）　ナチュラルチーズ　チェダー,0,1618,390,35.3,23.9,25.7,32.1,100,33.8,(0.4),*,(0.4),3.7,,(0),-,1.4,1.3,3.8,800,85,740,24,500,0.3,4.0,0.07,-,20,12,0,7,310,-,-,-,210,330,0,1.6,0,0,0,12,0.04,0.45,0.1,5.5,0.07,1.9,32,0.43,2.7,(0),-,2.0,,"{""baseName"":""ナチュラルチーズ"",""variety"":""チェダー"",""notes"":[""牛乳及び乳製品"",""チーズ類""]}",チェダーチーズはタンパク・カルシウム源として使えるが脂肪・塩分が高め,7
13,13038,1985,＜牛乳及び乳製品＞　（チーズ類）　ナチュラルチーズ　パルメザン,0,1856,445,15.4,(41.1),44.0,27.6,96,30.8,(0),,(0),8.0,*,(0),-,1.9,-,7.9,1500,120,1300,55,850,0.4,7.3,0.15,-,-,-,-,-,230,-,-,-,120,240,0.2,0.8,0,0,0,15,0.05,0.68,0.1,(10),0.05,2.5,10,0.50,-,(0),-,3.8,粉末状,"{""baseName"":""ナチュラルチーズ"",""variety"":""パルメザン"",""notes"":[""牛乳及び乳製品"",""チーズ類""]}",パルメザンは風味付けに適したナチュラルチーズだが塩分が高めで使用量に注意,7
13,13056,1988,＜牛乳及び乳製品＞　（チーズ類）　ナチュラルチーズ　モッツァレラ,0,1119,269,56.3,-,18.4,-,62,19.9,(0),,(0),4.2,*,(0),-,4.2,-,1.3,70,20,330,11,260,0.1,2.8,0.02,0.01,-,-,-,-,280,-,-,-,-,280,0.2,0.6,0,0,0,6,0.01,0.19,Tr,3.1,0.02,1.6,9,0.06,-,-,-,0.2,,"{""baseName"":""ナチュラルチーズ"",""variety"":""モッツァレラ"",""notes"":[""牛乳及び乳製品"",""チーズ類""]}",モッツァレラは良質な乳タンパクで少量なら利用可能だが脂肪や乳糖に注意。,8
13,13057,1989,＜牛乳及び乳製品＞　（チーズ類）　ナチュラルチーズ　やぎ,0,1165,280,52.9,18.5,20.6,20.1,88,21.7,1.0,,1.0,5.9,*,(0),-,2.7,0.5,2.2,480,260,130,20,270,0.1,0.5,0.07,0.03,-,-,-,-,290,0,0,0,0,290,0.3,0.4,0,Tr,0,10,0.09,0.88,1.4,6.3,0.23,0.3,100,1.16,-,-,-,1.2,別名： シェーブルチーズ,"{""baseName"":""ナチュラルチーズ"",""variety"":""やぎ"",""notes"":[""牛乳及び乳製品"",""チーズ類""]}",ヤギのナチュラルチーズは利用可能だが脂肪や乳糖に配慮が必要,7
13,13058,1990,＜牛乳及び乳製品＞　（チーズ類）　ナチュラルチーズ　リコッタ,0,662,159,72.9,-,7.1,-,57,11.5,-,,-,6.7,*,(0),-,6.7,-,1.7,160,210,340,20,200,0.1,0.3,0.02,Tr,-,-,-,-,160,-,-,-,-,160,0,0.2,0,0,0,3,0.04,0.21,0.1,1.3,0.06,0.2,4,0.52,-,-,-,0.4,,"{""baseName"":""ナチュラルチーズ"",""variety"":""リコッタ"",""notes"":[""牛乳及び乳製品"",""チーズ類""]}",リコッタは良質な乳たんぱく・脂質源で犬のレシピ素材として使いやすい。,8
13,13040,1991,＜牛乳及び乳製品＞　（チーズ類）　プロセスチーズ,0,1300,313,45.0,21.6,22.7,24.7,78,26.0,0.1,*,0.1,2.4,,(0),-,1.3,1.3,5.0,1100,60,630,19,730,0.3,3.2,0.08,0.02,18,13,2,9,240,1,130,2,130,250,Tr,1.1,0,0,0,2,0.03,0.38,0.1,5.0,0.01,3.2,27,0.14,2,0,-,2.8,,"{""baseName"":""プロセスチーズ"",""notes"":[""牛乳及び乳製品"",""チーズ類""]}",プロセスチーズは乳製品としてタンパク質・脂質供給源となるが、乳糖不耐症の個体は注意,7
13,13041,1992,＜牛乳及び乳製品＞　（チーズ類）　チーズスプレッド,0,1180,284,53.8,-,15.9,23.1,87,25.7,-,,-,3.2,*,(0),-,0.6,-,4.0,1000,50,460,14,620,0.2,1.6,0.05,0.01,-,-,-,-,180,-,-,-,150,190,0.3,1.1,0,0,0,6,0.02,0.35,Tr,2.7,0.03,0.5,16,0.16,-,(0),-,2.5,,"{""baseName"":""チーズスプレッド"",""notes"":[""牛乳及び乳製品"",""チーズ類""]}",チーズスプレッドは良質な乳製品由来の脂質・タンパク源で使いやすいが、脂肪や塩分があるため量に注意が必要。,7
13,13048,1999,＜牛乳及び乳製品＞　（その他）　カゼイン,0,1520,358,10.6,83.4,86.2,1.4,26,1.5,-,,-,2.8,*,(0),-,0,-,1.7,10,2,26,3,120,0.8,2.6,0.09,0.02,7,40,1,14,Tr,-,-,-,(0),(Tr),Tr,Tr,0,Tr,0,Tr,Tr,Tr,Tr,19.0,0.01,2.3,6,0.17,2.4,(0),-,0,試料： 酸カゼイン,"{""baseName"":""カゼイン"",""notes"":[""牛乳及び乳製品"",""その他""]}",カゼインは乳由来のたんぱく質で栄養素材として利用される安全な成分,9
13,13050,2001,＜牛乳及び乳製品＞　（その他）　チーズホエーパウダー,0,1444,339,2.2,10.3,12.5,1.2,28,1.2,74.7,*,71.2,76.5,,(0),-,77.0,2.7,7.1,690,1800,620,130,690,0.4,0.3,0.03,0.03,80,7,1,47,11,-,-,-,10,12,Tr,0,0,0,0,Tr,0.22,2.35,1.4,4.8,0.25,3.4,6,5.95,23.0,3,-,1.8,,"{""baseName"":""チーズホエーパウダー"",""notes"":[""牛乳及び乳製品"",""その他""]}",チーズホエーパウダーは乳由来のタンパク質源として利用できる加工原料だが乳糖や塩分量に注意。,7
13,13052,2003,＜その他＞　やぎ乳,0,240,57,88.0,(2.6),3.1,3.2,13,3.6,(4.8),*,(4.5),5.4,,(0),-,4.5,-,0.8,35,220,120,12,90,0.1,0.3,Tr,Tr,-,-,-,-,36,-,-,-,(0),36,0,0.1,0,0,0,2,0.04,0.14,0.3,(0.9),0.04,0,1,0.39,-,1,-,0.1,,"{""baseName"":""やぎ乳"",""notes"":[""その他""]}",やぎ乳は乳製品として栄養があるが、乳糖で消化不良を起こす犬もいるため注意が必要。,7
14,14023,2004,（植物油脂類）　あまに油,0,3688,897,Tr,-,0,99.5,2,100,-,,-,0.5,*,0,-,0,-,0,0,0,Tr,0,0,0,0,0,0,-,-,-,-,0,0,10,3,11,1,(0),0.5,0,39.0,0.6,11,0,0,0,0,-,-,-,-,-,(0),-,0,試料： 食用油,"{""baseName"":""あまに油"",""notes"":[""植物油脂類""]}",あまに（亜麻仁）油は必須脂肪酸を含む良質な油脂で栄養的に有用。,9
14,14024,2005,（植物油脂類）　えごま油,0,3690,897,Tr,-,0,99.5,0,100,-,,-,0.5,*,0,-,0,-,0,Tr,Tr,1,Tr,1,0.1,0,0,0.01,-,-,-,-,0,Tr,22,2,23,2,(0),2.4,0.6,59.0,4.6,5,0,0,0,0,-,-,-,-,-,(0),-,0,試料： 食用油,"{""baseName"":""えごま油"",""notes"":[""植物油脂類""]}",えごま油は良質な脂肪酸源で犬のレシピ素材として適切,9
14,14001,2006,（植物油脂類）　オリーブ油,0,3677,894,0,-,0,98.9,0,100,-,,-,1.1,*,0,-,0,-,0,Tr,0,Tr,0,0,0,0,0,0,0,0,Tr,0,0,0,180,5,180,15,(0),7.4,0.2,1.2,0.1,42,0,0,0,0,(0),(0),(0),(0),0,(0),-,0,別名： オリーブオイル\n試料： エキストラバージンオイル\n(100 g：200mL、100 mL：91g),"{""baseName"":""オリーブ油"",""notes"":[""植物油脂類""]}",オリーブ油は良質な脂肪源で犬のレシピ素材として適している,9
14,14002,2007,（植物油脂類）　ごま油,0,3662,890,0,-,0,98.1,0,100,-,,-,1.9,*,0,-,0,-,0,Tr,Tr,1,Tr,1,0.1,Tr,0.01,0,0,1,1,0,0,0,Tr,0,Tr,0,(0),0.4,Tr,44.0,0.7,5,0,0,0.1,0.1,(0),(0),(0),(0),0,(0),-,0,試料： 精製油\n(100 g：109mL、100 mL：92g),"{""baseName"":""ごま油"",""notes"":[""植物油脂類""]}",ごま油は脂質源として風味付けに利用できる安全な植物油,7
14,14003,2008,（植物油脂類）　米ぬか油,0,3621,880,0,-,0,96.1,0,100,-,,-,3.9,*,0,-,0,-,0,0,Tr,Tr,0,Tr,0,0,0,0,0,0,1,0,0,0,0,0,0,0,(0),26.0,1.5,3.4,0.4,36,0,0,0,0,(0),(0),(0),(0),0,(0),-,0,別名： 米油\n試料： 精製油\n(100 g：109mL、100 mL：92g),"{""baseName"":""米ぬか油"",""notes"":[""植物油脂類""]}",米ぬか油は良質な脂質源で料理素材として適切,9
14,14004,2009,（植物油脂類）　サフラワー油　ハイオレイック,0,3669,892,0,-,0,98.5,0,100,-,,-,1.5,*,0,-,0,-,0,0,0,0,0,Tr,0,0,0,0,-,-,-,-,0,0,0,0,0,0,(0),27.0,0.6,2.3,0.3,10,0,0,0,0,(0),(0),(0),(0),-,(0),-,0,別名： べにばな油、サフラワーオイル、試料： 精製油\n(100 g：200mL、100 mL：91g),"{""baseName"":""サフラワー油"",""variety"":""ハイオレイック"",""notes"":[""植物油脂類""]}",精製された植物油で良質な脂質源として利用しやすい,9
14,14025,2010,（植物油脂類）　サフラワー油　ハイリノール,0,3632,883,0,-,0,96.6,0,100,-,,-,3.4,*,0,-,0,-,0,0,0,0,0,Tr,0,0,0,0,-,-,-,-,0,0,0,0,0,0,(0),27.0,0.6,2.3,0.3,10,0,0,0,0,(0),(0),(0),(0),-,(0),-,0,別名： べにばな油、サフラワーオイル\n試料： 精製油\n(100 g：200mL、100 mL：91g),"{""baseName"":""サフラワー油"",""variety"":""ハイリノール"",""notes"":[""植物油脂類""]}",高リノールの精製植物油で脂質源として利用可能な素材である。,9
14,14005,2011,（植物油脂類）　大豆油,0,3640,885,0,-,0,97.0,1,100,-,,-,3.0,*,0,-,0,-,0,0,Tr,0,0,0,0,0,0,0,0,0,0,0,0,0,0,0,0,0,(0),10.0,2.0,81.0,21.0,210,0,0,0,0,(0),(0),(0),(0),0,(0),-,0,試料： 精製油及びサラダ油\n(100 g：109mL、100 mL：92g),"{""baseName"":""大豆油"",""notes"":[""植物油脂類""]}",大豆油は脂肪酸供給源として利用可能だが高エネルギーのため量に注意が必要,7
14,14006,2012,（植物油脂類）　調合油,0,3644,886,0,-,0,97.2,2,100,-,,-,2.8,*,0,-,0,-,0,0,Tr,Tr,0,Tr,0,Tr,0,0,0,0,0,0,0,0,0,0,0,0,(0),13.0,1.2,56.0,11.0,170,0,0,0,0,(0),(0),(0),(0),0,(0),-,0,試料： 精製油及びサラダ油\n配合割合： なたね油1、大豆油1\n(100 g：111mL、100 mL：90g),"{""baseName"":""調合油"",""notes"":[""植物油脂類""]}",調合油は料理用の植物油で脂質供給源として使用可能な素材,9
14,14007,2013,（植物油脂類）　とうもろこし油,0,3636,884,0,-,0,96.8,0,100,-,,-,3.2,*,0,-,0,-,0,0,0,Tr,0,0,0,0,0,0,0,0,Tr,0,0,0,0,0,0,0,(0),17.0,0.3,70.0,3.4,5,0,0,0,0,(0),(0),(0),(0),0,(0),-,0,別名： コーンオイル、コーン油\n試料： 精製油\n(100 g：109mL、100 mL：92g),"{""baseName"":""とうもろこし油"",""notes"":[""植物油脂類""]}",とうもろこし油は料理用の油で犬のレシピ素材として利用可能（脂質量に注意）。,8
14,14008,2014,（植物油脂類）　なたね油,0,3649,887,0,-,0,97.5,2,100,-,,-,2.5,*,0,-,0,-,0,0,Tr,Tr,0,Tr,0,Tr,0,0,0,0,0,0,0,0,0,0,0,0,(0),15.0,0.3,32.0,1.0,120,0,0,0,0,(0),(0),(0),(0),0,(0),-,0,試料： 低エルカ酸の精製油及びサラダ油\n別名： キャノーラ油、カノーラ油\n(100 g：200mL、100 mL：91g),"{""baseName"":""なたね油"",""notes"":[""植物油脂類""]}",なたね油は良質な脂肪酸を供給する植物油で利用しやすい,8
14,14009,2015,（植物油脂類）　パーム油,0,3646,887,0,-,0,97.3,1,100,-,,-,2.7,*,0,-,0,-,0,0,0,Tr,0,0,0,0,0,0,-,-,-,-,0,0,0,0,0,0,(0),8.6,0.4,1.3,0.2,4,0,0,0,0,(0),(0),(0),(0),-,(0),-,0,試料： 精製油\n(100 g：111mL、100 mL：90g),"{""baseName"":""パーム油"",""notes"":[""植物油脂類""]}",パーム油は脂質源として使用できるが飽和脂肪が多く量に注意が必要,7
14,14011,2017,（植物油脂類）　ひまわり油　ハイリノール,0,3697,899,0,-,0,99.9,0,100,-,,-,0.1,*,0,-,0,-,0,0,0,0,0,0,0,0,0,0,-,-,-,-,0,0,0,0,0,0,(0),39.0,0.8,2.0,0.4,11,0,0,0,0,(0),(0),(0),(0),-,(0),-,0,試料： 精製油\n(100 g：109mL、100 mL：92g),"{""baseName"":""ひまわり油"",""variety"":""ハイリノール"",""notes"":[""植物油脂類""]}",ひまわり油は安全な脂質供給源として適切,9
14,14026,2018,（植物油脂類）　ひまわり油　ミッドオレイック,0,3668,892,0,-,0,98.4,0,100,-,,-,1.6,*,0,-,0,-,0,0,0,0,0,0,0,0,0,0,-,-,-,-,0,0,0,0,0,0,(0),39.0,0.8,2.0,0.4,11,0,0,0,0,(0),(0),(0),(0),-,(0),-,0,試料： 精製油,"{""baseName"":""ひまわり油"",""variety"":""ミッドオレイック"",""notes"":[""植物油脂類""]}",良質な植物性脂質で調理や風味付けに使いやすい脂源,9
14,14027,2019,（植物油脂類）　ひまわり油　ハイオレイック,0,3695,899,0,-,0,99.7,0,100,-,,-,0.3,*,0,-,0,-,0,0,0,0,0,0,0,0,0,0,-,-,-,-,0,0,0,0,0,0,(0),39.0,0.8,2.0,0.4,11,0,0,0,0,(0),(0),(0),(0),-,(0),-,0,試料： 精製油\n(100 g：200mL、100 mL：91g),"{""baseName"":""ひまわり油"",""variety"":""ハイオレイック"",""notes"":[""植物油脂類""]}",ハイオレイックひまわり油は安定した植物性脂質で、良質な脂肪源として利用可能,9
14,14028,2020,（植物油脂類）　ぶどう油,0,3629,882,0,-,0,96.5,0,100,-,,-,3.5,*,0,-,0,-,0,0,0,0,0,0,0,0,0.02,0,-,-,-,-,-,0,6,0,6,Tr,0,28.0,0.7,5.8,1.2,190,0,0,0,0,(0),(0),(0),(0),(0),(0),-,0,別名： グレープシードオイル、ぶどう種子油,"{""baseName"":""ぶどう油"",""notes"":[""植物油脂類""]}",ぶどう種子油は調理用の植物油として問題なく利用できる（ぶどう果実とは異なる）,8
14,14012,2021,（植物油脂類）　綿実油,0,3632,883,0,-,0,96.6,0,100,-,,-,3.4,*,0,-,0,-,0,0,0,0,0,0,0,0,0,0,-,-,-,-,0,0,0,0,0,0,(0),28.0,0.3,27.0,0.4,29,0,0,0,0,(0),(0),(0),(0),-,(0),-,0,試料： 精製油\n(100 g：109mL、100 mL：92g),"{""baseName"":""綿実油"",""notes"":[""植物油脂類""]}",綿実油は脂肪源として利用できるが量に注意が必要な油脂類。,8
14,14013,2022,（植物油脂類）　やし油,0,3655,889,0,-,0,97.7,1,100,-,,-,2.3,*,0,-,0,-,0,0,0,Tr,0,0,0,Tr,0,0,-,-,-,-,0,0,0,0,0,0,(0),0.3,0,0.2,Tr,Tr,0,0,0,0,(0),(0),(0),(0),-,(0),-,0,別名： ココナッツオイル\n試料： 精製油\n(100 g：200mL、100 mL：91g),"{""baseName"":""やし油"",""notes"":[""植物油脂類""]}",安全な植物性脂質でエネルギー源になる。調理素材として利用しやすい。,8
14,14015,2024,（動物油脂類）　牛脂,0,3577,869,Tr,-,0.2,93.8,100,99.8,-,,-,6.0,*,0,-,0,-,0,1,1,Tr,0,1,0.1,Tr,Tr,-,-,-,-,-,85,-,-,-,0,85,0,0.6,Tr,0.1,0.6,26,0,0,0,Tr,-,-,-,-,-,0,-,0,別名： ヘット\n試料： いり取りしたもの,"{""baseName"":""牛脂"",""notes"":[""動物油脂類""]}",牛脂はエネルギー源として使えるが脂質が高いため適量での使用が望ましいです。,8
14,14032,2025,（動物油脂類）　たらのあぶら,0,3511,853,0.1,Tr,0.1,90.6,310,99.8,-,,-,9.2,*,-,-,0,-,0,1,1,Tr,0,2,Tr,0,Tr,0,450,9,Tr,0,37000,0,0,0,0,37000,8.7,14.0,0,0.1,0,5,0,Tr,0.1,0.1,0,-,1,0,Tr,0,-,0,,"{""baseName"":""たらのあぶら"",""notes"":[""動物油脂類""]}",たらのあぶらはオメガ3などの有益な脂肪酸源で、魚油として有用な素材。,9
14,14016,2026,（動物油脂類）　ラード,0,3639,885,0,-,0,97.0,100,100,-,,-,3.0,*,0,-,0,-,0,0,0,0,0,0,0,Tr,Tr,0,0,0,0,0,0,0,0,0,0,0,0.2,0.3,Tr,0.1,Tr,7,0,0,0,0,0,0,0,0,0,0,-,0,別名： 豚脂\n試料： 精製品\n(100 g：118mL、100 mL：85g),"{""baseName"":""ラード"",""notes"":[""動物油脂類""]}",ラードは動物性脂肪で料理の脂肪源として使えるが脂質が高い点に留意。,7
15,15165,2097,＜和生菓子・和半生菓子類＞　まんじゅう　蒸しまんじゅう　つぶしあん入り,0,1096,257,(35.0),(4.2),(4.7),(0.4),0,(0.7),(61.3),*,(57.2),(56.4),,(3.4),0,(59.1),-,(0.5),95,130,20,16,63,1,0.5,0.14,0.33,0,1,1,32,0,0,0,0,0,0,0,0.1,(Tr),0.5,1.2,4,0.03,0.02,0.2,1.1,0.02,0,7,0.21,1.3,0,-,0.2,小豆つぶしあん入り\n部分割合： 皮 1、あん 2,"{""baseName"":""まんじゅう"",""variety"":""蒸しまんじゅう つぶしあん入り"",""notes"":[""和生菓子・和半生菓子類""]}",蒸しまんじゅう（つぶしあん）は小豆あんと生地からなり有害成分は含まず使用可能だが加工菓子である。,7
15,15034,2098,＜和生菓子・和半生菓子類＞　まんじゅう　中華まんじゅう　あんまん　こしあん入り,0,1158,273,(36.6),(5.6),(6.1),(5.3),(3),(5.6),(52.9),*,(48.8),(49.5),,(2.6),-,(51.3),-,(0.4),(11),(65),(58),(23),(57),(1.1),(0.6),(0.14),(0.36),0,(7),(1),(20),0,0,0,0,0,0,0,(0.1),(0.1),(1.0),(0.7),(2),(0.08),(0.03),(0.5),(1.7),(0.04),0,(9),(0.27),(1.4),0,-,0,小豆こしあん入り\n部分割合： 皮 10、あん 7,"{""baseName"":""まんじゅう"",""variety"":""中華まんじゅう あんまん こしあん入り"",""notes"":[""和生菓子・和半生菓子類""]}",小豆のこしあんと小麦の皮からなる和生菓子で、有害成分は含まれず犬の素材として使用可能だが加糖・加工度が高い。,7
16,16051,2276,＜その他＞　昆布茶,0,734,173,1.4,7.5,5.2,-,0,0.2,35.1,*,33.4,34.5,,2.8,2.3,42.0,-,51.3,20000,580,88,51,14,0.5,0.3,Tr,0.03,26000,2,13,1,0,0,30,1,31,3,0,Tr,0,0,0,13,0.01,0.02,0.1,0.1,Tr,0,11,0.01,0.5,6,-,51.3,粉末製品\n(100 g：198mL、100 mL：51g),"{""baseName"":""昆布茶"",""notes"":[""その他""]}",昆布由来のだし成分でミネラル供給源として利用でき、犬のレシピ素材として適する,8
16,16055,2283,＜その他＞　麦茶　浸出液,0,5,1,99.7,-,Tr,-,(0),(0),-,,-,0.3,*,-,-,0.3,-,Tr,1,6,2,Tr,1,Tr,0.1,Tr,Tr,0,0,0,0,(0),-,-,-,(0),(0),(0),0,0,0,0,0,0,0,0,0,0,-,0,0,0.1,(0),-,0,浸出法： 麦茶 50 g/ 湯 1500 mL、沸騰後 5 分放置,"{""baseName"":""麦茶"",""state"":""浸出液"",""notes"":[""その他""]}",麦茶の浸出液は無害だが栄養価は低く風味付け等に適する。,7
17,17139,2294,＜調味料類＞　（しょうゆ類）　うすくちしょうゆ　低塩,0,323,77,70.9,5.5,6.4,-,(0),Tr,2.5,,2.5,7.8,*,Tr,-,7.6,0.8,12.1,5000,330,19,54,130,1.0,0.5,0,0.70,Tr,4,4,26,(0),(0),(0),(0),0,0,-,0,0,0,0,0,0.25,0.08,0.8,1.1,0.11,Tr,36,0.34,6.0,4,2.9,12.8,食物繊維：AOAC2011.25法\n(100 g： 87.8 mL、100 mL： 113.9 g),"{""baseName"":""うすくちしょうゆ"",""variety"":""低塩"",""notes"":[""調味料類"",""しょうゆ類""]}",低塩の薄口しょうゆは風味付けに使えるが調味料なので使用量に注意。,7
17,17016,2308,＜調味料類＞　（食酢類）　米酢,0,193,46,87.9,-,0.2,-,(0),0,-,,-,7.4,*,(0),-,7.4,4.4,0.1,12,16,2,6,15,0.1,0.2,Tr,-,0,Tr,1,4,0,-,-,-,0,0,(0),-,-,-,-,(0),0.01,0.01,0.3,0.3,0.02,0.1,0,0.08,0.4,0,-,0,(100 g：100mL、100 mL：100g),"{""baseName"":""米酢"",""notes"":[""調味料類"",""食酢類""]}",米酢は風味付けに使える安全な調味料（酸味が強いため適量で使用）,8
17,17019,2313,＜調味料類＞　（だし類）　かつおだし　荒節,0,8,2,99.4,0.2,0.4,-,0,Tr,-,,-,0.2,*,0,-,0,-,0.1,21,29,2,3,18,Tr,Tr,Tr,0,1,4,0,0,0,0,0,0,0,0,0,0,0,0,0,0,Tr,0.01,1.4,1.4,0.02,0.4,0,0.04,0.1,0,-,0.1,液状だし\n3％の荒節でとっただし,"{""baseName"":""かつおだし"",""variety"":""荒節"",""notes"":[""調味料類"",""だし類""]}",かつおだしは旨味のある調味料として使えるが塩分や濃度に注意が必要,7
17,17131,2314,＜調味料類＞　（だし類）　かつおだし　本枯れ節,0,9,2,99.4,0.2,0.5,-,0,0,-,,-,0.3,*,0,-,Tr,-,0.1,21,32,Tr,3,18,Tr,Tr,0.01,0,1,3,0,0,0,0,0,0,0,0,0,0,0,0,0,0,0,0.01,1.4,1.4,0.01,0.2,0,Tr,0,0,-,0.1,液状だし\n3％の本枯れ節でとっただし,"{""baseName"":""かつおだし"",""variety"":""本枯れ節"",""notes"":[""調味料類"",""だし類""]}",かつおだし（本枯れ節）は風味付けに適するが、だしの塩分に注意する必要がある。,7
17,17020,2315,＜調味料類＞　（だし類）　昆布だし　水出し,0,17,4,98.5,(0.1),0.1,-,-,Tr,-,,-,0.9,*,-,-,0.9,-,0.5,61,140,3,4,6,Tr,Tr,Tr,0.01,5300,0,0,0,(0),0,0,0,0,(0),-,0,0,0,0,0,Tr,Tr,Tr,(0),0,0,2,0,0.1,Tr,-,0.2,液状だし\n3％の真昆布でとっただし,"{""baseName"":""昆布だし"",""variety"":""水出し"",""notes"":[""調味料類"",""だし類""]}",昆布だしは旨味成分として有用で、犬の料理の風味付け素材として適している。,8
17,17132,2316,＜調味料類＞　（だし類）　昆布だし　煮出し,0,23,5,98.1,0.2,0.1,-,0,0,-,,-,1.1,*,0.1,-,1.3,-,0.5,73,160,5,8,4,Tr,0,0.01,0,11000,0,0,0,0,0,0,0,0,0,0,0,0,0,0,0,Tr,0.01,Tr,Tr,Tr,0,1,0.01,0.1,0,-,0.2,液状だし\n3％の真昆布でとっただし,"{""baseName"":""昆布だし"",""variety"":""煮出し"",""notes"":[""調味料類"",""だし類""]}",昆布だしは旨味を与える安全なだしで、風味付け素材として使いやすい,8
17,17021,2317,＜調味料類＞　（だし類）　かつお・昆布だし　荒節・昆布だし,0,10,2,99.2,(0.2),0.3,-,-,Tr,-,,-,0.4,*,-,-,0.3,-,0.2,34,63,3,4,13,Tr,Tr,Tr,Tr,1500,4,0,0,(Tr),0,0,0,0,(Tr),-,0,0,0,0,0,0.01,0.01,0.9,(0.9),0.01,0.3,1,0.04,0.1,Tr,-,0.1,液状だし\n2％の荒節と1％の真昆布でとっただし,"{""baseName"":""かつお・昆布だし"",""variety"":""荒節・昆布だし"",""notes"":[""調味料類"",""だし類""]}",かつお・昆布だしは風味付けに有用だが塩分や濃度に留意して使うべき,7
17,17148,2318,＜調味料類＞　（だし類）　かつお・昆布だし　本枯れ節・昆布だし,0,10,2,99.2,0.1,0.3,-,-,0,-,,-,0.5,*,Tr,-,0.4,-,0.2,30,58,1,3,11,Tr,Tr,Tr,0,2900,2,0,0,0,0,0,0,0,0,0,0,0,0,0,0,0,Tr,0.7,0.8,0.01,0.1,Tr,Tr,0,0,-,0.1,液状だし\n2％の本枯れ節と1％の真昆布でとっただし,"{""baseName"":""かつお・昆布だし"",""variety"":""本枯れ節・昆布だし"",""notes"":[""調味料類"",""だし類""]}",かつお・昆布だしは魚・海藻由来の風味付けに使えるが調味料としての特徴に注意,7
17,17022,2319,＜調味料類＞　（だし類）　しいたけだし,0,17,4,98.8,-,0.1,-,-,0,-,,-,0.9,*,-,-,0.9,-,0.2,3,29,1,3,8,0.1,Tr,0.01,-,-,-,-,-,0,0,0,0,0,0,0,0,0,0,0,0,Tr,0.02,0.6,0.6,0.02,0,2,0.57,-,0,-,0,液状だし\n７％のしいたけでとっただし,"{""baseName"":""しいたけだし"",""notes"":[""調味料類"",""だし類""]}",しいたけだしは安全な風味付けのだし素材で犬にも使いやすい,8
17,17023,2320,＜調味料類＞　（だし類）　煮干しだし,0,5,1,99.7,-,0.1,-,-,0.1,-,,-,0,*,(0),-,Tr,-,0.1,38,25,3,2,7,Tr,Tr,Tr,Tr,-,-,-,-,-,0,0,0,0,-,-,0,0,0,0,0,0.01,Tr,0.3,0.3,Tr,0.2,1,0,-,0,-,0.1,液状だし\n3％の煮干しでとっただし,"{""baseName"":""煮干しだし"",""notes"":[""調味料類"",""だし類""]}",煮干し由来のだしは魚由来の旨味・タンパク源として使いやすい（塩分量に注意）,9
17,17024,2321,＜調味料類＞　（だし類）　鶏がらだし,0,28,7,98.6,0.5,0.9,0.4,1,0.4,-,,-,0.3,*,(0),-,Tr,-,0.2,40,60,1,1,15,0.1,Tr,0.01,0,Tr,1,0,1,1,0,0,0,0,1,0,Tr,0,Tr,0,2,0.01,0.04,1.1,1.1,0.02,0.1,2,0.31,0.5,0,-,0.1,別名： 鶏ガラスープ\n試料： 調理した液状だし\n鶏がらからとっただし　,"{""baseName"":""鶏がらだし"",""notes"":[""調味料類"",""だし類""]}",鶏がらだしは風味付けや旨味素材として使えるが成分により塩分等に注意,8
17,17102,2347,＜調味料類＞　（調味ソース類）　すし酢　にぎり用,0,299,70,(72.0),-,(0.2),-,0,0,(8.6),,(8.2),(14.3),*,0,-,(14.3),(3.6),(10.0),(3900),(23),(4),(7),(12),(0.1),(0.2),(Tr),0,0,0,(1),(3),0,-,-,-,0,0,0,0,0,0,0,0,(0.01),(0.01),(0.2),(0.3),(0.02),(0.1),0,(0.07),(0.3),0,-,(9.8),材料割合：米酢10 、上白糖1、食塩1.2,"{""baseName"":""すし酢"",""variety"":""にぎり用"",""notes"":[""調味料類"",""調味ソース類""]}",酢・砂糖・食塩を主成分とした調味料で、少量の風味付けには利用可能。塩分に注意して使用。,7
17,17034,2364,＜調味料類＞　（トマト加工品類）　トマトピューレー,0,187,44,86.9,(1.4),1.9,(0.1),(0),0.1,(5.2),,(5.2),8.7,*,1.8,-,9.9,-,1.2,19,490,19,27,37,0.8,0.3,0.19,0.19,0,1,2,9,0,0,630,0,630,52,(0),2.7,0.1,0.3,0,10,0.09,0.07,1.5,(1.7),0.20,-,29,0.47,8.9,10,-,0,別名： トマトピューレ\n食塩無添加品\n(100 g：95mL、100 mL：105g),"{""baseName"":""トマトピューレー"",""notes"":[""調味料類"",""トマト加工品類""]}",食塩無添加のトマトピューレは安全で旨味・栄養源として使いやすい,8
17,17035,2365,＜調味料類＞　（トマト加工品類）　トマトペースト,0,399,94,71.3,(3.2),3.8,(0.1),(0),0.1,(13.5),,(13.4),17.9,*,4.7,-,22.0,-,2.8,55,1100,46,64,93,1.6,0.6,0.31,0.38,-,-,-,-,0,0,1000,0,1000,85,(0),6.2,0.2,0.6,0,18,0.21,0.14,3.7,(4.2),0.38,-,42,0.95,-,15,-,0.1,食塩無添加品,"{""baseName"":""トマトペースト"",""notes"":[""調味料類"",""トマト加工品類""]}",トマトペーストは果肉由来で塩無添加なら素材として使いやすく安全性が高い,8
17,17044,2378,＜調味料類＞　（みそ類）　米みそ　甘みそ,0,869,206,42.6,8.7,9.7,3.0,(0),3.0,-,,-,33.3,*,5.6,-,37.9,-,6.8,2400,340,80,32,130,3.4,0.9,0.22,-,Tr,2,2,33,(0),-,-,-,(0),(0),(0),0.3,0.1,3.0,1.6,8,0.05,0.10,1.5,3.5,0.04,0.1,21,Tr,5.4,(0),-,6.1,別名： 西京みそ、関西白みそ等\n(100 g：87mL、100 mL：115g),"{""baseName"":""米みそ"",""variety"":""甘みそ"",""notes"":[""調味料類"",""みそ類""]}",発酵大豆由来の調味料で旨味があり犬のレシピ素材として使いやすい（塩分量に配慮）,8
17,17119,2385,＜調味料類＞　（みそ類）　減塩みそ,0,800,190,46.0,9.1,11.0,(5.8),(0),5.9,12.9,,12.5,23.2,*,4.3,0,25.7,0.2,11.4,4200,480,62,71,170,1.7,1.4,0.29,0.73,1,5,5,150,0,0,3,1,3,0,0,0.6,0.1,5.3,2.3,-,0.10,0.11,1.1,2.7,0.16,0.1,75,0.27,11.0,0,-,10.7,(100 g：87mL、100 mL：115g),"{""baseName"":""減塩みそ"",""notes"":[""調味料類"",""みそ類""]}",減塩みそは発酵大豆製品で風味付けに使えるが塩分含有に留意。,7
17,17071,2417,＜香辛料類＞　タイム　粉,0,1450,342,9.8,-,6.5,(3.2),(0),5.2,-,,-,71.8,*,-,-,69.8,-,8.7,13,980,1700,300,85,110.0,2.0,0.57,6.67,-,-,-,-,(0),0,980,0,980,82,(0),-,-,-,-,-,0.09,0.69,3.4,4.5,-,0,0,-,-,0,-,0,,"{""baseName"":""タイム"",""variety"":""粉"",""notes"":[""香辛料類""]}",タイム粉は香草であり少量の使用なら犬のレシピ素材として問題ない,8
17,17077,2424,＜香辛料類＞　バジル　粉,0,1300,307,10.9,(17.3),21.1,(2.2),(0),2.2,-,,-,54.4,*,-,-,50.6,-,15.2,59,3100,2800,760,330,120.0,3.9,1.99,10.00,42,18,47,200,(0),0,2400,61,2500,210,(0),4.7,0.2,0.7,0,820,0.26,1.09,7.9,(12.0),1.75,0,290,2.39,62.0,1,-,0.1,別名： めぼうき、 バジリコ,"{""baseName"":""バジル"",""variety"":""粉"",""notes"":[""香辛料類""]}",バジル粉は香草として少量で風味付けに使え、犬にも安全なハーブの一つである,8
17,17078,2425,＜香辛料類＞　パセリ　乾,0,1447,341,5.0,(27.7),28.7,(2.2),(0),2.2,(5.5),,(5.4),52.6,*,-,-,51.6,-,12.5,880,3600,1300,380,460,18.0,3.6,0.97,6.63,22,7,38,110,(0),0,28000,0,28000,2300,(0),7.2,0,1.6,0,1300,0.89,2.02,12.0,(20.0),1.47,0,1400,1.68,24.0,820,-,2.2,,"{""baseName"":""パセリ"",""state"":""乾"",""notes"":[""香辛料類""]}",乾燥パセリは香り付けや少量の栄養補助として使用できる香草。,8
17,17083,2430,＜その他＞　酵母　パン酵母　乾燥,0,1281,307,8.7,30.2,37.1,4.7,0,6.8,1.5,,1.4,19.5,*,32.6,0,43.1,-,4.3,120,1600,19,91,840,13.0,3.4,0.20,0.40,1,2,2,1,0,0,0,0,0,0,2.8,Tr,0,0,0,0,8.81,3.72,22.0,(28.0),1.28,0,3800,5.73,310.0,1,-,0.3,別名： ドライイースト,"{""baseName"":""酵母"",""variety"":""パン酵母"",""state"":""乾燥"",""notes"":[""その他""]}",乾燥パン酵母は一般に安全な発酵菌製品で補助的素材として利用できる,8
18,18051,2461,洋風料理　ハンバーグステーキ類　チキンハンバーグ,0,712,171,(67.0),(10.7),(12.6),(9.6),(54),(10.2),(7.5),,(7.0),(9.9),*,(1.0),0,(8.5),-,(1.8),(460),(240),(22),(23),(110),(0.7),(0.8),(0.07),(0.13),(2),(10),(1),(2),(19),(43),(100),0,(130),(29),(0.1),(0.8),(Tr),(1.6),(0.3),(18),(0.09),(0.11),(4.1),(6.2),(0.26),(0.2),(18),(0.89),(2.9),(2),0,(1.2),,"{""baseName"":""洋風料理"",""variety"":""ハンバーグステーキ類 チキンハンバーグ""}",チキンハンバーグは良質な動物性たんぱく源を含む料理で犬のレシピ素材として適している。,9